[INFO] Enabling strict checksum verification on all artifact downloads.
[INFO] Processing build on daemon 3647774e
[INFO] Scanning for projects...
[INFO] Loaded 0 groupId for remote repository maven-central
[INFO] Loaded 0 groupId for remote repository google-maven-central-copy
[INFO] Njord 0.9.9 session created
[INFO] BuildTimeEventSpy is registered.
[INFO] 
[INFO] Using the SmartBuilder implementation with a thread count of 5
[INFO] 
[INFO] ------------------------< io.trino:trino-tests >------------------------
[INFO] Building trino-tests 484-SNAPSHOT
[INFO]   from pom.xml
[INFO] --------------------------------[ jar ]---------------------------------
[INFO] Loaded 0 groupId for remote repository ossrh
[INFO] Loaded 0 groupId for remote repository repo.gradle.org
[INFO] Loaded 0 groupId for remote repository central.maven.org
[INFO] 
[INFO] --- enforcer:3.6.3:enforce (default) @ trino-tests ---
[INFO] Rule 0: org.apache.maven.enforcer.rules.dependency.BannedDependencies passed
[INFO] Rule 1: org.apache.maven.plugins.enforcer.RestrictImports passed
[INFO] Rule 2: org.apache.maven.plugins.enforcer.RestrictImports passed
[INFO] Rule 3: org.apache.maven.plugins.enforcer.RestrictImports passed
[INFO] Rule 4: org.apache.maven.plugins.enforcer.RestrictImports passed
[INFO] Rule 5: org.apache.maven.enforcer.rules.RequireProfileIdsExist passed
[INFO] Rule 6: org.codehaus.mojo.extraenforcer.model.RequirePropertyDiverges passed
[INFO] Rule 7: org.apache.maven.enforcer.rules.property.RequireProperty passed
[INFO] Rule 8: org.apache.maven.enforcer.rules.RequireJavaVendor passed
[INFO] Rule 9: org.apache.maven.enforcer.rules.BanDuplicatePomDependencyVersions passed
[INFO] Rule 10: org.apache.maven.enforcer.rules.dependency.RequireUpperBoundDeps passed
[INFO] Rule 11: org.apache.maven.enforcer.rules.version.RequireMavenVersion passed
[INFO] Rule 12: org.apache.maven.enforcer.rules.version.RequireJavaVersion passed
[INFO] Rule 13: org.codehaus.mojo.extraenforcer.dependencies.EnforceBytecodeVersion passed
[INFO] Rule 14: org.apache.maven.enforcer.rules.RequirePluginVersions passed
[INFO] 
[INFO] --- sortpom:4.0.0:verify (default) @ trino-tests ---
[INFO] Verifying file /root/notes/trino.nitro/testing/trino-tests/pom.xml
[INFO] 
[INFO] --- license:5.0.0:check (default) @ trino-tests ---
[INFO] Checking licenses...
[INFO] 
[INFO] --- airstyle:9:check (airstyle) @ trino-tests ---
[INFO] All 145 files are already formatted
[INFO] 
[INFO] --- checkstyle:3.6.0:check (checkstyle) @ trino-tests ---
[INFO] You have 0 Checkstyle violations.
[INFO] 
[INFO] --- git-commit-id:10.0.0:revision (default) @ trino-tests ---
[INFO] 
[INFO] --- build-helper:3.6.1:bsh-property (surefire-enable-preview) @ trino-tests ---
[INFO] 
[INFO] --- jacoco:0.8.15:prepare-agent (default) @ trino-tests ---
[INFO] Skipping JaCoCo execution because property jacoco.skip is set.
[INFO] 
[INFO] --- resources:3.5.0:resources (default-resources) @ trino-tests ---
[INFO] skip non existing resourceDirectory /root/notes/trino.nitro/testing/trino-tests/src/main/resources
[INFO] 
[INFO] --- compiler:3.15.0:compile (default-compile) @ trino-tests ---
[INFO] Nothing to compile - all classes are up to date.
[INFO] 
[INFO] --- resources:3.5.0:testResources (default-testResources) @ trino-tests ---
[INFO] Copying 267 resources from src/test/resources to target/test-classes
[INFO] 
[INFO] --- compiler:3.15.0:testCompile (default-testCompile) @ trino-tests ---
[INFO] Nothing to compile - all classes are up to date.
[INFO] 
[INFO] --- dependency:3.11.0:analyze-only (default) @ trino-tests ---
[INFO] No dependency problems found
[INFO] 
[INFO] --- dependency:3.11.0:analyze-duplicate (default) @ trino-tests ---
[INFO] No duplicate dependencies found in <dependencies/> or in <dependencyManagement/>
[INFO] 
[INFO] --- duplicate-finder:2.0.1:check (default) @ trino-tests ---
[INFO] Checking compile classpath
[INFO] Checking runtime classpath
[INFO] Checking test classpath
[INFO] 
[INFO] --- modernizer:3.4.0:modernizer (modernizer) @ trino-tests ---
[INFO] 
[INFO] --- modernizer:3.4.0:modernizer (modernizer-production-code) @ trino-tests ---
[INFO] 
[INFO] --- surefire:3.5.6:test (default-test) @ trino-tests ---
[INFO] Tests will run in random order. To reproduce ordering use flag -Dsurefire.runOrder.random.seed=5184478049442670
[INFO] Using auto detected provider org.apache.maven.surefire.junitplatform.JUnitPlatformProvider
[WARNING] The system property trino.test.nitro-task-concurrency is configured twice! The property appears in <argLine/> and any of <systemPropertyVariables/>, <systemProperties/> or user property.
[INFO] 
[INFO] -------------------------------------------------------
[INFO]  T E S T S
[INFO] -------------------------------------------------------
[WARNING] [stderr] WARNING: Using incubator modules: jdk.incubator.vector
[WARNING] [stderr] 2026-08-15T18:53:17.947-0600	INFO	ForkJoinPool-1-worker-1	io.airlift.log.Logging	Logging to stderr
[INFO] Running io.trino.tests.nitro.TestNitroTpcdsParquetPerformance
[WARNING] [stderr] 2026-08-15T18:53:18.029-0600	INFO	ForkJoinPool-1-worker-1	stdout	benchmark_environment,max_heap_bytes,12884901888
[WARNING] [stderr] 2026-08-15T18:53:18.029-0600	INFO	ForkJoinPool-1-worker-1	stdout	benchmark_environment,query_max_memory,9GB
[WARNING] [stderr] 2026-08-15T18:53:18.029-0600	INFO	ForkJoinPool-1-worker-1	stdout	benchmark_environment,query_max_memory_per_node,9GB
[WARNING] [stderr] 2026-08-15T18:53:18.029-0600	INFO	ForkJoinPool-1-worker-1	stdout	benchmark_environment,heap_headroom_per_node,20%
[WARNING] [stderr] 2026-08-15T18:53:18.029-0600	INFO	ForkJoinPool-1-worker-1	stdout	benchmark_environment,task_concurrency,4
[WARNING] [stderr] 2026-08-15T18:53:18.846-0600	INFO	ForkJoinPool-1-worker-1	io.trino.simd.BlockEncodingSimdSupport	Detected SIMD Support for architecture=amd64, vectorBitWidth=512: SimdSupport[capabilities=[COMPRESS_BYTE, EXPAND_BYTE, COMPRESS_SHORT, EXPAND_SHORT, COMPRESS_INT, EXPAND_INT, COMPRESS_LONG, EXPAND_LONG]]
[WARNING] [stderr] WARNING: A restricted method in java.lang.System has been called
[WARNING] [stderr] WARNING: java.lang.System::loadLibrary has been called by com.aayushatharva.brotli4j.Brotli4jLoader in an unnamed module (file:/root/.m2/repository/com/aayushatharva/brotli4j/brotli4j/1.23.0/brotli4j-1.23.0.jar)
[WARNING] [stderr] WARNING: Use --enable-native-access=ALL-UNNAMED to avoid a warning for callers in this module
[WARNING] [stderr] WARNING: Restricted methods will be blocked in a future release unless native access is enabled
[WARNING] [stderr] 
[WARNING] [stderr] 2026-08-15T18:53:20.167-0600	INFO	ForkJoinPool-1-worker-1	io.trino.testing.DistributedQueryRunner	Created DistributedQueryRunner in 1.89s (unclosed instances = 1)
[WARNING] [stderr] 2026-08-15T18:53:20.654-0600	INFO	ForkJoinPool-1-worker-1	stdout	engine,suite,query,measurements,min_ms,p50_ms,p95_ms,mean_ms,cpu_p50_ms,cpu_mean_ms,native_sources
[WARNING] [stderr] 2026-08-15T18:53:34.087-0600	INFO	Notification Thread	io.airlift.stats.JmxGcMonitor	Major GC: application 0.00s, stopped 265.00ms: 12.19GB -> 6.00GB
[WARNING] [stderr] 2026-08-15T18:53:34.088-0600	INFO	Notification Thread	io.airlift.stats.JmxGcMonitor	Major GC: application 0.00s, stopped 265.00ms: 12.19GB -> 6.00GB
[WARNING] [stderr] 2026-08-15T18:53:36.681-0600	INFO	ForkJoinPool-1-worker-1	stdout	input,nitro,tpcds-parquet-sf10,q23a,0,995552959,191804218
[WARNING] [stderr] 2026-08-15T18:53:36.683-0600	INFO	ForkJoinPool-1-worker-1	stdout	operator_cpu,nitro,tpcds-parquet-sf10,q23a,0,0/ExchangeOperator@6061,4,0.000,0.222,0.000,0,16,16,59510.000,0.000,0.000
[WARNING] [stderr] 2026-08-15T18:53:36.684-0600	INFO	ForkJoinPool-1-worker-1	stdout	operator_cpu,nitro,tpcds-parquet-sf10,q23a,0,0/LocalExchangeSourceOperator@6053,1,0.000,0.024,0.000,0,16,16,14920.000,0.000,0.000
[WARNING] [stderr] 2026-08-15T18:53:36.684-0600	INFO	ForkJoinPool-1-worker-1	stdout	operator_cpu,nitro,tpcds-parquet-sf10,q23a,0,0/TaskOutputOperator@180,1,0.056,0.000,0.001,0,1,1,0.000,0.000,0.000
[WARNING] [stderr] 2026-08-15T18:53:36.684-0600	INFO	ForkJoinPool-1-worker-1	stdout	operator_cpu,nitro,tpcds-parquet-sf10,q23a,0,0/LocalExchangeSinkOperator@6053,4,0.085,0.000,0.023,0,16,16,0.000,0.000,0.000
[WARNING] [stderr] 2026-08-15T18:53:36.684-0600	INFO	ForkJoinPool-1-worker-1	stdout	operator_cpu,nitro,tpcds-parquet-sf10,q23a,0,0/TrinoNitroAggregationOperator@174,1,0.450,0.248,0.001,0,16,1,0.000,0.000,0.000
[WARNING] [stderr] 2026-08-15T18:53:36.684-0600	INFO	ForkJoinPool-1-worker-1	stdout	operator_cpu,nitro,tpcds-parquet-sf10,q23a,0,1/ExchangeOperator@4458,8,0.000,0.708,0.000,0,500000,500000,1040.320,1.908,0.000
[WARNING] [stderr] 2026-08-15T18:53:36.684-0600	INFO	ForkJoinPool-1-worker-1	stdout	operator_cpu,nitro,tpcds-parquet-sf10,q23a,0,1/ExchangeOperator@4457,8,0.000,53.340,0.000,0,28800991,28800991,2121.020,18.184,0.000
[WARNING] [stderr] 2026-08-15T18:53:36.684-0600	INFO	ForkJoinPool-1-worker-1	stdout	operator_cpu,nitro,tpcds-parquet-sf10,q23a,0,1/LocalExchangeSourceOperator@5728,2,0.000,0.015,0.000,0,2,2,19960.000,0.000,0.000
[WARNING] [stderr] 2026-08-15T18:53:36.684-0600	INFO	ForkJoinPool-1-worker-1	stdout	operator_cpu,nitro,tpcds-parquet-sf10,q23a,0,1/TrinoNitroHashBuildOperator@64,2,0.035,0.000,0.144,0,2,0,481.900,0.000,0.000
[WARNING] [stderr] 2026-08-15T18:53:36.684-0600	INFO	ForkJoinPool-1-worker-1	stdout	operator_cpu,nitro,tpcds-parquet-sf10,q23a,0,1/TaskOutputOperator@6057,8,0.170,0.000,0.011,0,8,8,0.000,0.000,0.000
[WARNING] [stderr] 2026-08-15T18:53:36.684-0600	INFO	ForkJoinPool-1-worker-1	stdout	operator_cpu,nitro,tpcds-parquet-sf10,q23a,0,1/TrinoNitroPageProcessor@5068,8,0.212,0.438,0.076,0,2,2,0.000,0.000,0.000
[WARNING] [stderr] 2026-08-15T18:53:36.684-0600	INFO	ForkJoinPool-1-worker-1	stdout	operator_cpu,nitro,tpcds-parquet-sf10,q23a,0,1/TrinoNitroHashJoinOperator@30,8,10.570,1028.250,0.146,0,28800991,27504738,8440.000,3.176,0.000
[WARNING] [stderr] 2026-08-15T18:53:36.684-0600	INFO	ForkJoinPool-1-worker-1	stdout	operator_cpu,nitro,tpcds-parquet-sf10,q23a,0,1/TrinoNitroPageProcessor@74,8,2.550,29.270,0.202,0,495848,61,0.000,1.266,0.000
[WARNING] [stderr] 2026-08-15T18:53:36.684-0600	INFO	ForkJoinPool-1-worker-1	stdout	operator_cpu,nitro,tpcds-parquet-sf10,q23a,0,1/TrinoNitroAggregationOperator@6057,8,0.000,0.387,0.187,0,0,8,0.000,0.000,0.000
[WARNING] [stderr] 2026-08-15T18:53:36.684-0600	INFO	ForkJoinPool-1-worker-1	stdout	operator_cpu,nitro,tpcds-parquet-sf10,q23a,0,1/TrinoNitroAggregationOperator@2036,8,0.587,0.539,0.004,0,61,61,0.000,0.000,0.000
[WARNING] [stderr] 2026-08-15T18:53:36.684-0600	INFO	ForkJoinPool-1-worker-1	stdout	operator_cpu,nitro,tpcds-parquet-sf10,q23a,0,1/TrinoNitroAggregationOperator@6093,8,8.120,864.280,0.961,0,27504738,1269334,0.000,21.192,0.000
[WARNING] [stderr] 2026-08-15T18:53:36.684-0600	INFO	ForkJoinPool-1-worker-1	stdout	operator_cpu,nitro,tpcds-parquet-sf10,q23a,0,1/ExchangeOperator@4465,8,0.000,0.057,0.000,0,2,2,81330.000,0.000,0.000
[WARNING] [stderr] 2026-08-15T18:53:36.684-0600	INFO	ForkJoinPool-1-worker-1	stdout	operator_cpu,nitro,tpcds-parquet-sf10,q23a,0,1/LocalExchangeSourceOperator@5722,8,0.000,0.220,0.000,0,500000,500000,14390.000,0.000,0.000
[WARNING] [stderr] 2026-08-15T18:53:36.684-0600	INFO	ForkJoinPool-1-worker-1	stdout	operator_cpu,nitro,tpcds-parquet-sf10,q23a,0,1/TrinoNitroHashJoinOperator@1580,8,0.045,0.912,0.035,0,6941,0,79770.000,0.610,0.000
[WARNING] [stderr] 2026-08-15T18:53:36.685-0600	INFO	ForkJoinPool-1-worker-1	stdout	operator_cpu,nitro,tpcds-parquet-sf10,q23a,0,1/LocalExchangeSourceOperator@6095,8,0.000,0.657,0.000,0,1269334,1269334,48490.000,0.000,0.000
[WARNING] [stderr] 2026-08-15T18:53:36.685-0600	INFO	ForkJoinPool-1-worker-1	stdout	operator_cpu,nitro,tpcds-parquet-sf10,q23a,0,1/TrinoNitroDynamicFilterSourceOperator@1580,8,0.261,0.220,0.855,0,61,61,0.000,0.001,0.000
[WARNING] [stderr] 2026-08-15T18:53:36.685-0600	INFO	ForkJoinPool-1-worker-1	stdout	operator_cpu,nitro,tpcds-parquet-sf10,q23a,0,1/TrinoNitroAggregationOperator@35,8,45.560,15.930,0.329,0,1269334,495848,0.000,4.470,0.000
[WARNING] [stderr] 2026-08-15T18:53:36.685-0600	INFO	ForkJoinPool-1-worker-1	stdout	operator_cpu,nitro,tpcds-parquet-sf10,q23a,0,1/LocalExchangeSinkOperator@5722,8,6.730,0.000,0.111,0,500000,500000,0.000,0.000,0.000
[WARNING] [stderr] 2026-08-15T18:53:36.686-0600	INFO	ForkJoinPool-1-worker-1	stdout	operator_cpu,nitro,tpcds-parquet-sf10,q23a,0,1/TrinoNitroDynamicFilterSourceOperator@30,8,9.170,0.138,0.031,0,500000,500000,0.000,0.141,0.000
[WARNING] [stderr] 2026-08-15T18:53:36.686-0600	INFO	ForkJoinPool-1-worker-1	stdout	operator_cpu,nitro,tpcds-parquet-sf10,q23a,0,1/LocalExchangeSinkOperator@6095,8,22.730,0.000,0.110,0,1269334,1269334,0.000,0.000,0.000
[WARNING] [stderr] 2026-08-15T18:53:36.686-0600	INFO	ForkJoinPool-1-worker-1	stdout	operator_cpu,nitro,tpcds-parquet-sf10,q23a,0,1/TrinoNitroHashJoinOperator@64,8,0.440,6.080,1.166,0,495848,495848,70930.000,1.622,0.000
[WARNING] [stderr] 2026-08-15T18:53:36.686-0600	INFO	ForkJoinPool-1-worker-1	stdout	operator_cpu,nitro,tpcds-parquet-sf10,q23a,0,1/ExchangeOperator@4466,8,0.000,0.111,0.000,0,6941,6941,91610.000,0.035,0.000
[WARNING] [stderr] 2026-08-15T18:53:36.686-0600	INFO	ForkJoinPool-1-worker-1	stdout	operator_cpu,nitro,tpcds-parquet-sf10,q23a,0,1/TrinoNitroHashBuildOperator@1580,8,0.094,0.000,0.740,0,61,0,14890.000,0.612,0.000
[WARNING] [stderr] 2026-08-15T18:53:36.686-0600	INFO	ForkJoinPool-1-worker-1	stdout	operator_cpu,nitro,tpcds-parquet-sf10,q23a,0,1/LocalExchangeSinkOperator@5728,8,0.032,0.000,0.092,0,2,2,0.000,0.000,0.000
[WARNING] [stderr] 2026-08-15T18:53:36.686-0600	INFO	ForkJoinPool-1-worker-1	stdout	operator_cpu,nitro,tpcds-parquet-sf10,q23a,0,1/TrinoNitroHashBuildOperator@30,8,0.422,0.000,29.380,0,500000,0,49340.000,13.710,0.000
[WARNING] [stderr] 2026-08-15T18:53:36.686-0600	INFO	ForkJoinPool-1-worker-1	stdout	operator_cpu,nitro,tpcds-parquet-sf10,q23a,0,19/ExchangeOperator@4475,8,0.000,1.116,0.000,0,500000,500000,1465.050,1.908,0.000
[WARNING] [stderr] 2026-08-15T18:53:36.686-0600	INFO	ForkJoinPool-1-worker-1	stdout	operator_cpu,nitro,tpcds-parquet-sf10,q23a,0,19/ExchangeOperator@4474,8,0.000,49.590,0.000,0,28800991,28800991,9770.000,19.287,0.000
[WARNING] [stderr] 2026-08-15T18:53:36.686-0600	INFO	ForkJoinPool-1-worker-1	stdout	operator_cpu,nitro,tpcds-parquet-sf10,q23a,0,19/LocalExchangeSourceOperator@5740,2,0.000,0.017,0.000,0,2,2,17850.000,0.000,0.000
[WARNING] [stderr] 2026-08-15T18:53:36.686-0600	INFO	ForkJoinPool-1-worker-1	stdout	operator_cpu,nitro,tpcds-parquet-sf10,q23a,0,19/TrinoNitroHashBuildOperator@148,2,0.069,0.000,0.192,0,2,0,832.280,0.000,0.000
[WARNING] [stderr] 2026-08-15T18:53:36.686-0600	INFO	ForkJoinPool-1-worker-1	stdout	operator_cpu,nitro,tpcds-parquet-sf10,q23a,0,19/TaskOutputOperator@6059,8,0.205,0.000,0.011,0,8,8,0.000,0.000,0.000
[WARNING] [stderr] 2026-08-15T18:53:36.686-0600	INFO	ForkJoinPool-1-worker-1	stdout	operator_cpu,nitro,tpcds-parquet-sf10,q23a,0,19/TrinoNitroPageProcessor@5111,8,0.921,2.478,0.122,0,2,2,0.000,0.000,0.000
[WARNING] [stderr] 2026-08-15T18:53:36.686-0600	INFO	ForkJoinPool-1-worker-1	stdout	operator_cpu,nitro,tpcds-parquet-sf10,q23a,0,19/TrinoNitroHashJoinOperator@114,8,7.150,954.200,0.104,0,28800991,27504738,10130.000,4.209,0.000
[WARNING] [stderr] 2026-08-15T18:53:36.686-0600	INFO	ForkJoinPool-1-worker-1	stdout	operator_cpu,nitro,tpcds-parquet-sf10,q23a,0,19/TrinoNitroPageProcessor@158,8,3.430,193.880,0.274,0,495848,61,0.000,1.266,0.000
[WARNING] [stderr] 2026-08-15T18:53:36.686-0600	INFO	ForkJoinPool-1-worker-1	stdout	operator_cpu,nitro,tpcds-parquet-sf10,q23a,0,19/TrinoNitroAggregationOperator@6059,8,0.000,0.470,0.171,0,0,8,0.000,0.000,0.000
[WARNING] [stderr] 2026-08-15T18:53:36.686-0600	INFO	ForkJoinPool-1-worker-1	stdout	operator_cpu,nitro,tpcds-parquet-sf10,q23a,0,19/TrinoNitroAggregationOperator@2048,8,3.672,1.052,0.004,0,61,61,0.000,0.000,0.000
[WARNING] [stderr] 2026-08-15T18:53:36.686-0600	INFO	ForkJoinPool-1-worker-1	stdout	operator_cpu,nitro,tpcds-parquet-sf10,q23a,0,19/TrinoNitroAggregationOperator@6160,8,5.330,791.130,0.813,0,27504738,923274,0.000,21.928,0.000
[WARNING] [stderr] 2026-08-15T18:53:36.686-0600	INFO	ForkJoinPool-1-worker-1	stdout	operator_cpu,nitro,tpcds-parquet-sf10,q23a,0,19/ExchangeOperator@4482,8,0.000,0.069,0.000,0,2,2,67890.000,0.000,0.000
[WARNING] [stderr] 2026-08-15T18:53:36.686-0600	INFO	ForkJoinPool-1-worker-1	stdout	operator_cpu,nitro,tpcds-parquet-sf10,q23a,0,19/LocalExchangeSourceOperator@5734,8,0.000,0.350,0.000,0,500000,500000,28320.000,0.000,0.000
[WARNING] [stderr] 2026-08-15T18:53:36.686-0600	INFO	ForkJoinPool-1-worker-1	stdout	operator_cpu,nitro,tpcds-parquet-sf10,q23a,0,19/TrinoNitroHashJoinOperator@1588,8,0.031,1.094,0.022,0,3317,0,74300.000,0.610,0.000
[WARNING] [stderr] 2026-08-15T18:53:36.686-0600	INFO	ForkJoinPool-1-worker-1	stdout	operator_cpu,nitro,tpcds-parquet-sf10,q23a,0,19/LocalExchangeSourceOperator@6162,8,0.000,0.483,0.000,0,923274,923274,71090.000,0.000,0.000
[WARNING] [stderr] 2026-08-15T18:53:36.686-0600	INFO	ForkJoinPool-1-worker-1	stdout	operator_cpu,nitro,tpcds-parquet-sf10,q23a,0,19/TrinoNitroDynamicFilterSourceOperator@1588,8,0.409,0.210,1.108,0,61,61,0.000,0.001,0.000
[WARNING] [stderr] 2026-08-15T18:53:36.687-0600	INFO	ForkJoinPool-1-worker-1	stdout	operator_cpu,nitro,tpcds-parquet-sf10,q23a,0,19/TrinoNitroAggregationOperator@119,8,29.200,14.730,0.355,0,923274,495848,0.000,4.479,0.000
[WARNING] [stderr] 2026-08-15T18:53:36.687-0600	INFO	ForkJoinPool-1-worker-1	stdout	operator_cpu,nitro,tpcds-parquet-sf10,q23a,0,19/LocalExchangeSinkOperator@5734,8,12.680,0.000,0.161,0,500000,500000,0.000,0.000,0.000
[WARNING] [stderr] 2026-08-15T18:53:36.687-0600	INFO	ForkJoinPool-1-worker-1	stdout	operator_cpu,nitro,tpcds-parquet-sf10,q23a,0,19/TrinoNitroDynamicFilterSourceOperator@114,8,10.820,0.202,0.056,0,500000,500000,0.000,0.141,0.000
[WARNING] [stderr] 2026-08-15T18:53:36.687-0600	INFO	ForkJoinPool-1-worker-1	stdout	operator_cpu,nitro,tpcds-parquet-sf10,q23a,0,19/LocalExchangeSinkOperator@6162,8,14.440,0.000,0.084,0,923274,923274,0.000,0.000,0.000
[WARNING] [stderr] 2026-08-15T18:53:36.687-0600	INFO	ForkJoinPool-1-worker-1	stdout	operator_cpu,nitro,tpcds-parquet-sf10,q23a,0,19/TrinoNitroHashJoinOperator@148,8,0.168,12.310,1.052,0,495848,495848,70450.000,1.622,0.000
[WARNING] [stderr] 2026-08-15T18:53:36.687-0600	INFO	ForkJoinPool-1-worker-1	stdout	operator_cpu,nitro,tpcds-parquet-sf10,q23a,0,19/ExchangeOperator@4483,8,0.000,0.061,0.000,0,3317,3317,105560.000,0.017,0.000
[WARNING] [stderr] 2026-08-15T18:53:36.687-0600	INFO	ForkJoinPool-1-worker-1	stdout	operator_cpu,nitro,tpcds-parquet-sf10,q23a,0,19/TrinoNitroHashBuildOperator@1588,8,0.122,0.000,0.787,0,61,0,32490.000,0.612,0.000
[WARNING] [stderr] 2026-08-15T18:53:36.687-0600	INFO	ForkJoinPool-1-worker-1	stdout	operator_cpu,nitro,tpcds-parquet-sf10,q23a,0,19/LocalExchangeSinkOperator@5740,8,0.053,0.000,0.116,0,2,2,0.000,0.000,0.000
[WARNING] [stderr] 2026-08-15T18:53:36.687-0600	INFO	ForkJoinPool-1-worker-1	stdout	operator_cpu,nitro,tpcds-parquet-sf10,q23a,0,19/TrinoNitroHashBuildOperator@114,8,0.759,0.000,34.930,0,500000,0,41040.000,13.716,0.000
[WARNING] [stderr] 2026-08-15T18:53:36.687-0600	INFO	ForkJoinPool-1-worker-1	stdout	operator_cpu,nitro,tpcds-parquet-sf10,q23a,0,2/ExchangeOperator@4455,8,0.000,3.770,0.000,0,102000,102000,1477.570,5.466,0.000
[WARNING] [stderr] 2026-08-15T18:53:36.687-0600	INFO	ForkJoinPool-1-worker-1	stdout	operator_cpu,nitro,tpcds-parquet-sf10,q23a,0,2/LocalExchangeSourceOperator@5719,8,0.000,0.231,0.000,0,102000,102000,16680.000,0.000,0.000
[WARNING] [stderr] 2026-08-15T18:53:36.687-0600	INFO	ForkJoinPool-1-worker-1	stdout	operator_cpu,nitro,tpcds-parquet-sf10,q23a,0,2/ExchangeOperator@4454,8,0.000,43.960,0.000,0,16554780,16554780,185.840,17.582,0.000
[WARNING] [stderr] 2026-08-15T18:53:36.687-0600	INFO	ForkJoinPool-1-worker-1	stdout	operator_cpu,nitro,tpcds-parquet-sf10,q23a,0,2/LocalExchangeSourceOperator@6075,8,0.000,0.095,0.000,0,4193,4193,92800.000,0.000,0.000
[WARNING] [stderr] 2026-08-15T18:53:36.687-0600	INFO	ForkJoinPool-1-worker-1	stdout	operator_cpu,nitro,tpcds-parquet-sf10,q23a,0,2/TrinoNitroHashJoinOperator@1583,8,0.160,2.490,0.061,0,131247,6941,68840.000,0.663,0.000
[WARNING] [stderr] 2026-08-15T18:53:36.687-0600	INFO	ForkJoinPool-1-worker-1	stdout	operator_cpu,nitro,tpcds-parquet-sf10,q23a,0,2/TrinoNitroHashBuildOperator@1583,8,0.119,0.000,1.192,0,4109,0,18.500,0.727,0.000
[WARNING] [stderr] 2026-08-15T18:53:36.687-0600	INFO	ForkJoinPool-1-worker-1	stdout	operator_cpu,nitro,tpcds-parquet-sf10,q23a,0,2/TrinoNitroAggregationOperator@2042,8,1.450,0.450,0.046,0,4193,4109,0.000,0.010,0.000
[WARNING] [stderr] 2026-08-15T18:53:36.687-0600	INFO	ForkJoinPool-1-worker-1	stdout	operator_cpu,nitro,tpcds-parquet-sf10,q23a,0,2/TrinoNitroAggregationOperator@12,8,2610.000,48.420,0.424,0,16554666,4221,0.000,40.783,0.000
[WARNING] [stderr] 2026-08-15T18:53:36.687-0600	INFO	ForkJoinPool-1-worker-1	stdout	operator_cpu,nitro,tpcds-parquet-sf10,q23a,0,2/TrinoNitroHashJoinOperator@7,8,27.530,1712.070,0.131,0,16554780,16554780,4806.550,21.836,0.000
[WARNING] [stderr] 2026-08-15T18:53:36.687-0600	INFO	ForkJoinPool-1-worker-1	stdout	operator_cpu,nitro,tpcds-parquet-sf10,q23a,0,2/LocalExchangeSinkOperator@5719,8,10.780,0.000,0.141,0,102000,102000,0.000,0.000,0.000
[WARNING] [stderr] 2026-08-15T18:53:36.687-0600	INFO	ForkJoinPool-1-worker-1	stdout	operator_cpu,nitro,tpcds-parquet-sf10,q23a,0,2/TrinoNitroDynamicFilterSourceOperator@7,8,4.110,0.122,58.860,0,102000,102000,0.000,0.141,0.000
[WARNING] [stderr] 2026-08-15T18:53:36.687-0600	INFO	ForkJoinPool-1-worker-1	stdout	operator_cpu,nitro,tpcds-parquet-sf10,q23a,0,2/LocalExchangeSinkOperator@6075,8,0.300,0.000,0.056,0,4193,4193,0.000,0.000,0.000
[WARNING] [stderr] 2026-08-15T18:53:36.687-0600	INFO	ForkJoinPool-1-worker-1	stdout	operator_cpu,nitro,tpcds-parquet-sf10,q23a,0,2/LocalExchangeSinkOperator@6084,8,4960.000,0.000,0.060,0,16554666,16554666,143.280,0.000,0.000
[WARNING] [stderr] 2026-08-15T18:53:36.687-0600	INFO	ForkJoinPool-1-worker-1	stdout	operator_cpu,nitro,tpcds-parquet-sf10,q23a,0,2/PartitionedOutputOperator@1583,8,0.172,0.000,0.597,0,6941,6941,0.000,0.000,0.000
[WARNING] [stderr] 2026-08-15T18:53:36.687-0600	INFO	ForkJoinPool-1-worker-1	stdout	operator_cpu,nitro,tpcds-parquet-sf10,q23a,0,2/ExchangeOperator@4456,8,0.000,0.312,0.000,0,131247,131247,25730.000,1.776,0.000
[WARNING] [stderr] 2026-08-15T18:53:36.687-0600	INFO	ForkJoinPool-1-worker-1	stdout	operator_cpu,nitro,tpcds-parquet-sf10,q23a,0,2/TrinoNitroDynamicFilterSourceOperator@1583,8,0.482,0.057,1.533,0,4109,4109,0.000,0.009,0.000
[WARNING] [stderr] 2026-08-15T18:53:36.688-0600	INFO	ForkJoinPool-1-worker-1	stdout	operator_cpu,nitro,tpcds-parquet-sf10,q23a,0,2/TrinoNitroAggregationOperator@6073,8,1.750,6.840,0.002,0,4221,4193,0.000,0.265,0.000
[WARNING] [stderr] 2026-08-15T18:53:36.688-0600	INFO	ForkJoinPool-1-worker-1	stdout	operator_cpu,nitro,tpcds-parquet-sf10,q23a,0,2/LocalExchangeSourceOperator@6084,8,0.000,26.660,0.000,0,16554666,16554666,28790.000,0.000,0.000
[WARNING] [stderr] 2026-08-15T18:53:36.688-0600	INFO	ForkJoinPool-1-worker-1	stdout	operator_cpu,nitro,tpcds-parquet-sf10,q23a,0,2/TrinoNitroAggregationOperator@6082,8,9.560,2860.000,4.870,0,16554780,16554666,0.000,85.657,0.000
[WARNING] [stderr] 2026-08-15T18:53:36.688-0600	INFO	ForkJoinPool-1-worker-1	stdout	operator_cpu,nitro,tpcds-parquet-sf10,q23a,0,2/TrinoNitroHashBuildOperator@7,8,1.519,0.000,28.640,0,102000,0,88930.000,14.154,0.000
[WARNING] [stderr] 2026-08-15T18:53:36.688-0600	INFO	ForkJoinPool-1-worker-1	stdout	operator_cpu,nitro,tpcds-parquet-sf10,q23a,0,10/TrinoNitroPipelineSourceOperator@5052,12,0.000,460.560,0.000,28800991,28800991,28800991,2570.000,0.219,0.000
[WARNING] [stderr] 2026-08-15T18:53:36.688-0600	INFO	ForkJoinPool-1-worker-1	stdout	operator_cpu,nitro,tpcds-parquet-sf10,q23a,0,10/PartitionedOutputOperator@5052,12,637.810,0.000,1.153,0,28800991,28800991,11600.000,0.000,0.000
[WARNING] [stderr] 2026-08-15T18:53:36.688-0600	INFO	ForkJoinPool-1-worker-1	stdout	operator_cpu,nitro,tpcds-parquet-sf10,q23a,0,11/TrinoNitroPipelineSourceOperator@29,1,0.000,21.500,0.000,500000,500000,500000,0.000,0.086,0.000
[WARNING] [stderr] 2026-08-15T18:53:36.688-0600	INFO	ForkJoinPool-1-worker-1	stdout	operator_cpu,nitro,tpcds-parquet-sf10,q23a,0,11/PartitionedOutputOperator@29,1,57.610,0.000,0.037,0,500000,500000,0.000,0.000,0.000
[WARNING] [stderr] 2026-08-15T18:53:36.688-0600	INFO	ForkJoinPool-1-worker-1	stdout	operator_cpu,nitro,tpcds-parquet-sf10,q23a,0,12/ExchangeOperator@6112,4,0.000,0.138,0.000,0,8,8,45930.000,0.000,0.000
[WARNING] [stderr] 2026-08-15T18:53:36.688-0600	INFO	ForkJoinPool-1-worker-1	stdout	operator_cpu,nitro,tpcds-parquet-sf10,q23a,0,12/LocalExchangeSourceOperator@6106,1,0.000,0.028,0.000,0,8,8,12270.000,0.000,0.000
[WARNING] [stderr] 2026-08-15T18:53:36.688-0600	INFO	ForkJoinPool-1-worker-1	stdout	operator_cpu,nitro,tpcds-parquet-sf10,q23a,0,12/TaskOutputOperator@53,1,0.240,0.000,0.002,0,1,1,0.000,0.000,0.000
[WARNING] [stderr] 2026-08-15T18:53:36.688-0600	INFO	ForkJoinPool-1-worker-1	stdout	operator_cpu,nitro,tpcds-parquet-sf10,q23a,0,12/LocalExchangeSinkOperator@6106,4,0.086,0.000,0.083,0,8,8,0.000,0.000,0.000
[WARNING] [stderr] 2026-08-15T18:53:36.688-0600	INFO	ForkJoinPool-1-worker-1	stdout	operator_cpu,nitro,tpcds-parquet-sf10,q23a,0,12/TrinoNitroAggregationOperator@53,1,0.172,0.111,0.004,0,8,1,0.000,0.000,0.000
[WARNING] [stderr] 2026-08-15T18:53:36.688-0600	INFO	ForkJoinPool-1-worker-1	stdout	operator_cpu,nitro,tpcds-parquet-sf10,q23a,0,20/ExchangeOperator@4472,8,0.000,3.890,0.000,0,102000,102000,2614.170,5.361,0.000
[WARNING] [stderr] 2026-08-15T18:53:36.688-0600	INFO	ForkJoinPool-1-worker-1	stdout	operator_cpu,nitro,tpcds-parquet-sf10,q23a,0,20/LocalExchangeSourceOperator@5731,8,0.000,0.273,0.000,0,102000,102000,8678.160,0.000,0.000
[WARNING] [stderr] 2026-08-15T18:53:36.688-0600	INFO	ForkJoinPool-1-worker-1	stdout	operator_cpu,nitro,tpcds-parquet-sf10,q23a,0,20/ExchangeOperator@4471,8,0.000,43.940,0.000,0,16554780,16554780,7230.000,17.237,0.000
[WARNING] [stderr] 2026-08-15T18:53:36.688-0600	INFO	ForkJoinPool-1-worker-1	stdout	operator_cpu,nitro,tpcds-parquet-sf10,q23a,0,20/LocalExchangeSourceOperator@6142,8,0.000,0.095,0.000,0,4193,4193,92810.000,0.000,0.000
[WARNING] [stderr] 2026-08-15T18:53:36.688-0600	INFO	ForkJoinPool-1-worker-1	stdout	operator_cpu,nitro,tpcds-parquet-sf10,q23a,0,20/TrinoNitroHashJoinOperator@1591,8,0.177,1.483,0.065,0,64097,3317,76810.000,0.630,0.000
[WARNING] [stderr] 2026-08-15T18:53:36.688-0600	INFO	ForkJoinPool-1-worker-1	stdout	operator_cpu,nitro,tpcds-parquet-sf10,q23a,0,20/TrinoNitroHashBuildOperator@1591,8,0.120,0.000,1.049,0,4109,0,44.220,0.714,0.000
[WARNING] [stderr] 2026-08-15T18:53:36.688-0600	INFO	ForkJoinPool-1-worker-1	stdout	operator_cpu,nitro,tpcds-parquet-sf10,q23a,0,20/TrinoNitroAggregationOperator@2054,8,1.503,0.459,0.076,0,4193,4109,0.000,0.011,0.000
[WARNING] [stderr] 2026-08-15T18:53:36.688-0600	INFO	ForkJoinPool-1-worker-1	stdout	operator_cpu,nitro,tpcds-parquet-sf10,q23a,0,20/TrinoNitroAggregationOperator@96,8,2670.000,47.400,0.411,0,16554692,4221,0.000,40.784,0.000
[WARNING] [stderr] 2026-08-15T18:53:36.688-0600	INFO	ForkJoinPool-1-worker-1	stdout	operator_cpu,nitro,tpcds-parquet-sf10,q23a,0,20/TrinoNitroHashJoinOperator@91,8,29.550,1753.910,0.109,0,16554780,16554780,11020.000,21.517,0.000
[WARNING] [stderr] 2026-08-15T18:53:36.688-0600	INFO	ForkJoinPool-1-worker-1	stdout	operator_cpu,nitro,tpcds-parquet-sf10,q23a,0,20/LocalExchangeSinkOperator@5731,8,7.360,0.000,0.107,0,102000,102000,0.000,0.000,0.000
[WARNING] [stderr] 2026-08-15T18:53:36.688-0600	INFO	ForkJoinPool-1-worker-1	stdout	operator_cpu,nitro,tpcds-parquet-sf10,q23a,0,20/TrinoNitroDynamicFilterSourceOperator@91,8,6.750,0.131,69.700,0,102000,102000,0.000,0.141,0.000
[WARNING] [stderr] 2026-08-15T18:53:36.688-0600	INFO	ForkJoinPool-1-worker-1	stdout	operator_cpu,nitro,tpcds-parquet-sf10,q23a,0,20/LocalExchangeSinkOperator@6142,8,0.285,0.000,0.043,0,4193,4193,0.000,0.000,0.000
[WARNING] [stderr] 2026-08-15T18:53:36.688-0600	INFO	ForkJoinPool-1-worker-1	stdout	operator_cpu,nitro,tpcds-parquet-sf10,q23a,0,20/LocalExchangeSinkOperator@6151,8,4790.000,0.000,0.063,0,16554692,16554692,1483.110,0.000,0.000
[WARNING] [stderr] 2026-08-15T18:53:36.688-0600	INFO	ForkJoinPool-1-worker-1	stdout	operator_cpu,nitro,tpcds-parquet-sf10,q23a,0,20/PartitionedOutputOperator@1591,8,0.170,0.000,0.754,0,3317,3317,0.000,0.000,0.000
[WARNING] [stderr] 2026-08-15T18:53:36.689-0600	INFO	ForkJoinPool-1-worker-1	stdout	operator_cpu,nitro,tpcds-parquet-sf10,q23a,0,20/ExchangeOperator@4473,8,0.000,0.216,0.000,0,64097,64097,3651.720,0.870,0.000
[WARNING] [stderr] 2026-08-15T18:53:36.689-0600	INFO	ForkJoinPool-1-worker-1	stdout	operator_cpu,nitro,tpcds-parquet-sf10,q23a,0,20/TrinoNitroDynamicFilterSourceOperator@1591,8,0.515,0.062,1.672,0,4109,4109,0.000,0.009,0.000
[WARNING] [stderr] 2026-08-15T18:53:36.689-0600	INFO	ForkJoinPool-1-worker-1	stdout	operator_cpu,nitro,tpcds-parquet-sf10,q23a,0,20/TrinoNitroAggregationOperator@6140,8,2.112,7.400,0.003,0,4221,4193,0.000,0.260,0.000
[WARNING] [stderr] 2026-08-15T18:53:36.689-0600	INFO	ForkJoinPool-1-worker-1	stdout	operator_cpu,nitro,tpcds-parquet-sf10,q23a,0,20/LocalExchangeSourceOperator@6151,8,0.000,28.460,0.000,0,16554692,16554692,24340.000,0.000,0.000
[WARNING] [stderr] 2026-08-15T18:53:36.689-0600	INFO	ForkJoinPool-1-worker-1	stdout	operator_cpu,nitro,tpcds-parquet-sf10,q23a,0,20/TrinoNitroAggregationOperator@6149,8,10.630,2690.000,4.840,0,16554780,16554692,0.000,85.406,0.000
[WARNING] [stderr] 2026-08-15T18:53:36.689-0600	INFO	ForkJoinPool-1-worker-1	stdout	operator_cpu,nitro,tpcds-parquet-sf10,q23a,0,20/TrinoNitroHashBuildOperator@91,8,1.293,0.000,17.880,0,102000,0,88700.000,14.027,0.000
[WARNING] [stderr] 2026-08-15T18:53:36.689-0600	INFO	ForkJoinPool-1-worker-1	stdout	operator_cpu,nitro,tpcds-parquet-sf10,q23a,0,28/TrinoNitroPipelineSourceOperator@5095,12,0.000,656.050,0.000,28800991,28800991,28800991,3020.000,0.219,0.000
[WARNING] [stderr] 2026-08-15T18:53:36.689-0600	INFO	ForkJoinPool-1-worker-1	stdout	operator_cpu,nitro,tpcds-parquet-sf10,q23a,0,28/PartitionedOutputOperator@5095,12,896.390,0.000,1.350,0,28800991,28800991,44800.000,0.000,0.000
[WARNING] [stderr] 2026-08-15T18:53:36.689-0600	INFO	ForkJoinPool-1-worker-1	stdout	operator_cpu,nitro,tpcds-parquet-sf10,q23a,0,29/TrinoNitroPipelineSourceOperator@113,1,0.000,14.230,0.000,500000,500000,500000,0.000,0.086,0.000
[WARNING] [stderr] 2026-08-15T18:53:36.689-0600	INFO	ForkJoinPool-1-worker-1	stdout	operator_cpu,nitro,tpcds-parquet-sf10,q23a,0,29/PartitionedOutputOperator@113,1,51.450,0.000,0.125,0,500000,500000,0.000,0.000,0.000
[WARNING] [stderr] 2026-08-15T18:53:36.689-0600	INFO	ForkJoinPool-1-worker-1	stdout	operator_cpu,nitro,tpcds-parquet-sf10,q23a,0,30/ExchangeOperator@6179,4,0.000,0.175,0.000,0,8,8,35510.000,0.001,0.000
[WARNING] [stderr] 2026-08-15T18:53:36.689-0600	INFO	ForkJoinPool-1-worker-1	stdout	operator_cpu,nitro,tpcds-parquet-sf10,q23a,0,30/LocalExchangeSourceOperator@6173,1,0.000,0.010,0.000,0,8,8,9420.000,0.000,0.000
[WARNING] [stderr] 2026-08-15T18:53:36.689-0600	INFO	ForkJoinPool-1-worker-1	stdout	operator_cpu,nitro,tpcds-parquet-sf10,q23a,0,30/TaskOutputOperator@137,1,0.290,0.000,0.002,0,1,1,0.000,0.000,0.000
[WARNING] [stderr] 2026-08-15T18:53:36.689-0600	INFO	ForkJoinPool-1-worker-1	stdout	operator_cpu,nitro,tpcds-parquet-sf10,q23a,0,30/LocalExchangeSinkOperator@6173,4,0.061,0.000,0.074,0,8,8,0.000,0.000,0.000
[WARNING] [stderr] 2026-08-15T18:53:36.689-0600	INFO	ForkJoinPool-1-worker-1	stdout	operator_cpu,nitro,tpcds-parquet-sf10,q23a,0,30/TrinoNitroAggregationOperator@137,1,0.373,0.114,0.004,0,8,1,0.000,0.000,0.000
[WARNING] [stderr] 2026-08-15T18:53:36.689-0600	INFO	ForkJoinPool-1-worker-1	stdout	operator_cpu,nitro,tpcds-parquet-sf10,q23a,0,3/ExchangeOperator@4451,8,0.000,0.078,0.000,0,29,29,3276.620,0.000,0.000
[WARNING] [stderr] 2026-08-15T18:53:36.689-0600	INFO	ForkJoinPool-1-worker-1	stdout	operator_cpu,nitro,tpcds-parquet-sf10,q23a,0,3/LocalExchangeSourceOperator@5717,8,0.000,0.098,0.000,0,29,29,19860.000,0.000,0.000
[WARNING] [stderr] 2026-08-15T18:53:36.689-0600	INFO	ForkJoinPool-1-worker-1	stdout	operator_cpu,nitro,tpcds-parquet-sf10,q23a,0,3/ExchangeOperator@4450,8,0.000,31.380,0.000,0,9158412,9158412,9320.000,17.312,0.000
[WARNING] [stderr] 2026-08-15T18:53:36.689-0600	INFO	ForkJoinPool-1-worker-1	stdout	operator_cpu,nitro,tpcds-parquet-sf10,q23a,0,3/PartitionedOutputOperator@2,8,2.396,0.000,1.363,0,131247,131247,0.000,0.000,0.000
[WARNING] [stderr] 2026-08-15T18:53:36.689-0600	INFO	ForkJoinPool-1-worker-1	stdout	operator_cpu,nitro,tpcds-parquet-sf10,q23a,0,3/TrinoNitroHashJoinOperator@2,8,4.470,70.730,0.064,0,9158412,131247,9935.520,1.044,0.000
[WARNING] [stderr] 2026-08-15T18:53:36.689-0600	INFO	ForkJoinPool-1-worker-1	stdout	operator_cpu,nitro,tpcds-parquet-sf10,q23a,0,3/TrinoNitroHashBuildOperator@2,8,0.263,0.000,0.961,0,29,0,38680.000,0.611,0.000
[WARNING] [stderr] 2026-08-15T18:53:36.689-0600	INFO	ForkJoinPool-1-worker-1	stdout	operator_cpu,nitro,tpcds-parquet-sf10,q23a,0,3/LocalExchangeSinkOperator@5717,8,0.108,0.000,0.161,0,29,29,0.000,0.000,0.000
[WARNING] [stderr] 2026-08-15T18:53:36.689-0600	INFO	ForkJoinPool-1-worker-1	stdout	operator_cpu,nitro,tpcds-parquet-sf10,q23a,0,3/TrinoNitroDynamicFilterSourceOperator@2,8,0.100,0.135,1.144,0,29,29,0.000,0.001,0.000
[WARNING] [stderr] 2026-08-15T18:53:36.689-0600	INFO	ForkJoinPool-1-worker-1	stdout	operator_cpu,nitro,tpcds-parquet-sf10,q23a,0,6/ExchangeOperator@4453,8,0.000,1.357,0.000,0,1461,1461,1582.880,0.009,0.000
[WARNING] [stderr] 2026-08-15T18:53:36.689-0600	INFO	ForkJoinPool-1-worker-1	stdout	operator_cpu,nitro,tpcds-parquet-sf10,q23a,0,6/LocalExchangeSourceOperator@5718,8,0.000,0.103,0.000,0,1461,1461,4890.000,0.000,0.000
[WARNING] [stderr] 2026-08-15T18:53:36.689-0600	INFO	ForkJoinPool-1-worker-1	stdout	operator_cpu,nitro,tpcds-parquet-sf10,q23a,0,6/ExchangeOperator@4452,8,0.000,28.410,0.000,0,21880103,21880103,5767.930,19.137,0.000
[WARNING] [stderr] 2026-08-15T18:53:36.689-0600	INFO	ForkJoinPool-1-worker-1	stdout	operator_cpu,nitro,tpcds-parquet-sf10,q23a,0,6/PartitionedOutputOperator@5,8,213.040,0.000,1.699,0,16554780,16554780,41070.000,0.000,0.000
[WARNING] [stderr] 2026-08-15T18:53:36.689-0600	INFO	ForkJoinPool-1-worker-1	stdout	operator_cpu,nitro,tpcds-parquet-sf10,q23a,0,6/TrinoNitroHashJoinOperator@5,8,6.570,400.210,0.196,0,21880103,16554780,3490.000,20.157,0.000
[WARNING] [stderr] 2026-08-15T18:53:36.689-0600	INFO	ForkJoinPool-1-worker-1	stdout	operator_cpu,nitro,tpcds-parquet-sf10,q23a,0,6/TrinoNitroHashBuildOperator@5,8,0.727,0.000,12.920,0,1461,0,90150.000,0.651,0.000
[WARNING] [stderr] 2026-08-15T18:53:36.689-0600	INFO	ForkJoinPool-1-worker-1	stdout	operator_cpu,nitro,tpcds-parquet-sf10,q23a,0,6/LocalExchangeSinkOperator@5718,8,0.393,0.000,0.156,0,1461,1461,0.000,0.000,0.000
[WARNING] [stderr] 2026-08-15T18:53:36.689-0600	INFO	ForkJoinPool-1-worker-1	stdout	operator_cpu,nitro,tpcds-parquet-sf10,q23a,0,6/TrinoNitroDynamicFilterSourceOperator@5,8,1.932,0.156,4.440,0,1461,1461,0.000,0.002,0.000
[WARNING] [stderr] 2026-08-15T18:53:36.689-0600	INFO	ForkJoinPool-1-worker-1	stdout	operator_cpu,nitro,tpcds-parquet-sf10,q23a,0,9/TrinoNitroPipelineSourceOperator@6,1,0.000,42.880,0.000,102000,102000,102000,0.000,3.150,0.000
[WARNING] [stderr] 2026-08-15T18:53:36.689-0600	INFO	ForkJoinPool-1-worker-1	stdout	operator_cpu,nitro,tpcds-parquet-sf10,q23a,0,9/PartitionedOutputOperator@6,1,28.150,0.000,0.034,0,102000,102000,0.000,0.000,0.000
[WARNING] [stderr] 2026-08-15T18:53:36.690-0600	INFO	ForkJoinPool-1-worker-1	stdout	operator_cpu,nitro,tpcds-parquet-sf10,q23a,0,13/ExchangeOperator@6127,8,0.000,1.398,0.000,0,989550,989550,82720.000,5.200,0.000
[WARNING] [stderr] 2026-08-15T18:53:36.690-0600	INFO	ForkJoinPool-1-worker-1	stdout	operator_cpu,nitro,tpcds-parquet-sf10,q23a,0,13/LocalExchangeSourceOperator@6121,8,0.000,0.225,0.000,0,989550,989550,90850.000,0.000,0.000
[WARNING] [stderr] 2026-08-15T18:53:36.690-0600	INFO	ForkJoinPool-1-worker-1	stdout	operator_cpu,nitro,tpcds-parquet-sf10,q23a,0,13/TaskOutputOperator@6110,8,0.763,0.000,0.012,0,8,8,0.000,0.000,0.000
[WARNING] [stderr] 2026-08-15T18:53:36.690-0600	INFO	ForkJoinPool-1-worker-1	stdout	operator_cpu,nitro,tpcds-parquet-sf10,q23a,0,13/TrinoNitroAggregationOperator@6110,8,0.051,3.782,0.004,0,472250,8,0.000,0.000,0.000
[WARNING] [stderr] 2026-08-15T18:53:36.690-0600	INFO	ForkJoinPool-1-worker-1	stdout	operator_cpu,nitro,tpcds-parquet-sf10,q23a,0,13/LocalExchangeSinkOperator@6121,8,10.530,0.000,0.268,0,989550,989550,0.000,0.000,0.000
[WARNING] [stderr] 2026-08-15T18:53:36.690-0600	INFO	ForkJoinPool-1-worker-1	stdout	operator_cpu,nitro,tpcds-parquet-sf10,q23a,0,13/TrinoNitroAggregationOperator@45,8,36.850,13.570,0.231,0,989550,472250,0.000,4.629,0.000
[WARNING] [stderr] 2026-08-15T18:53:36.690-0600	INFO	ForkJoinPool-1-worker-1	stdout	operator_cpu,nitro,tpcds-parquet-sf10,q23a,0,21/ExchangeOperator@4468,8,0.000,0.098,0.000,0,29,29,3780.000,0.000,0.000
[WARNING] [stderr] 2026-08-15T18:53:36.690-0600	INFO	ForkJoinPool-1-worker-1	stdout	operator_cpu,nitro,tpcds-parquet-sf10,q23a,0,21/LocalExchangeSourceOperator@5729,8,0.000,0.185,0.000,0,29,29,18440.000,0.000,0.000
[WARNING] [stderr] 2026-08-15T18:53:36.690-0600	INFO	ForkJoinPool-1-worker-1	stdout	operator_cpu,nitro,tpcds-parquet-sf10,q23a,0,21/ExchangeOperator@4467,8,0.000,12.440,0.000,0,3767034,3767034,6490.000,16.360,0.000
[WARNING] [stderr] 2026-08-15T18:53:36.690-0600	INFO	ForkJoinPool-1-worker-1	stdout	operator_cpu,nitro,tpcds-parquet-sf10,q23a,0,21/PartitionedOutputOperator@86,8,3.790,0.000,1.542,0,64097,64097,0.000,0.000,0.000
[WARNING] [stderr] 2026-08-15T18:53:36.690-0600	INFO	ForkJoinPool-1-worker-1	stdout	operator_cpu,nitro,tpcds-parquet-sf10,q23a,0,21/TrinoNitroHashJoinOperator@86,8,2.630,72.910,0.103,0,3767034,64097,9180.000,0.903,0.000
[WARNING] [stderr] 2026-08-15T18:53:36.690-0600	INFO	ForkJoinPool-1-worker-1	stdout	operator_cpu,nitro,tpcds-parquet-sf10,q23a,0,21/TrinoNitroHashBuildOperator@86,8,0.225,0.000,0.816,0,29,0,10630.000,0.611,0.000
[WARNING] [stderr] 2026-08-15T18:53:36.690-0600	INFO	ForkJoinPool-1-worker-1	stdout	operator_cpu,nitro,tpcds-parquet-sf10,q23a,0,21/LocalExchangeSinkOperator@5729,8,0.115,0.000,0.113,0,29,29,0.000,0.000,0.000
[WARNING] [stderr] 2026-08-15T18:53:36.690-0600	INFO	ForkJoinPool-1-worker-1	stdout	operator_cpu,nitro,tpcds-parquet-sf10,q23a,0,21/TrinoNitroDynamicFilterSourceOperator@86,8,0.113,0.101,0.938,0,29,29,0.000,0.001,0.000
[WARNING] [stderr] 2026-08-15T18:53:36.690-0600	INFO	ForkJoinPool-1-worker-1	stdout	operator_cpu,nitro,tpcds-parquet-sf10,q23a,0,24/ExchangeOperator@4470,8,0.000,0.074,0.000,0,1461,1461,4240.000,0.009,0.000
[WARNING] [stderr] 2026-08-15T18:53:36.690-0600	INFO	ForkJoinPool-1-worker-1	stdout	operator_cpu,nitro,tpcds-parquet-sf10,q23a,0,24/LocalExchangeSourceOperator@5730,8,0.000,0.100,0.000,0,1461,1461,18160.000,0.000,0.000
[WARNING] [stderr] 2026-08-15T18:53:36.690-0600	INFO	ForkJoinPool-1-worker-1	stdout	operator_cpu,nitro,tpcds-parquet-sf10,q23a,0,24/ExchangeOperator@4469,8,0.000,27.560,0.000,0,23034974,23034974,8880.000,17.214,0.000
[WARNING] [stderr] 2026-08-15T18:53:36.690-0600	INFO	ForkJoinPool-1-worker-1	stdout	operator_cpu,nitro,tpcds-parquet-sf10,q23a,0,24/PartitionedOutputOperator@89,8,159.900,0.000,1.508,0,16554780,16554780,23830.000,0.000,0.000
[WARNING] [stderr] 2026-08-15T18:53:36.690-0600	INFO	ForkJoinPool-1-worker-1	stdout	operator_cpu,nitro,tpcds-parquet-sf10,q23a,0,24/TrinoNitroHashJoinOperator@89,8,6.300,398.830,0.228,0,23034974,16554780,11600.000,24.170,0.000
[WARNING] [stderr] 2026-08-15T18:53:36.690-0600	INFO	ForkJoinPool-1-worker-1	stdout	operator_cpu,nitro,tpcds-parquet-sf10,q23a,0,24/TrinoNitroHashBuildOperator@89,8,0.199,0.000,1.390,0,1461,0,68560.000,0.650,0.000
[WARNING] [stderr] 2026-08-15T18:53:36.690-0600	INFO	ForkJoinPool-1-worker-1	stdout	operator_cpu,nitro,tpcds-parquet-sf10,q23a,0,24/LocalExchangeSinkOperator@5730,8,0.114,0.000,0.121,0,1461,1461,0.000,0.000,0.000
[WARNING] [stderr] 2026-08-15T18:53:36.690-0600	INFO	ForkJoinPool-1-worker-1	stdout	operator_cpu,nitro,tpcds-parquet-sf10,q23a,0,24/TrinoNitroDynamicFilterSourceOperator@89,8,0.312,0.103,1.638,0,1461,1461,0.000,0.002,0.000
[WARNING] [stderr] 2026-08-15T18:53:36.690-0600	INFO	ForkJoinPool-1-worker-1	stdout	operator_cpu,nitro,tpcds-parquet-sf10,q23a,0,27/TrinoNitroPipelineSourceOperator@90,1,0.000,63.810,0.000,102000,102000,102000,0.000,3.150,0.000
[WARNING] [stderr] 2026-08-15T18:53:36.690-0600	INFO	ForkJoinPool-1-worker-1	stdout	operator_cpu,nitro,tpcds-parquet-sf10,q23a,0,27/PartitionedOutputOperator@90,1,30.150,0.000,0.039,0,102000,102000,0.000,0.000,0.000
[WARNING] [stderr] 2026-08-15T18:53:36.690-0600	INFO	ForkJoinPool-1-worker-1	stdout	operator_cpu,nitro,tpcds-parquet-sf10,q23a,0,31/ExchangeOperator@6194,8,0.000,2.540,0.000,0,1100549,1100549,38440.000,4.705,0.000
[WARNING] [stderr] 2026-08-15T18:53:36.690-0600	INFO	ForkJoinPool-1-worker-1	stdout	operator_cpu,nitro,tpcds-parquet-sf10,q23a,0,31/LocalExchangeSourceOperator@6188,8,0.000,0.370,0.000,0,1100549,1100549,56910.000,0.000,0.000
[WARNING] [stderr] 2026-08-15T18:53:36.690-0600	INFO	ForkJoinPool-1-worker-1	stdout	operator_cpu,nitro,tpcds-parquet-sf10,q23a,0,31/TaskOutputOperator@6177,8,0.737,0.000,0.018,0,8,8,0.000,0.000,0.000
[WARNING] [stderr] 2026-08-15T18:53:36.690-0600	INFO	ForkJoinPool-1-worker-1	stdout	operator_cpu,nitro,tpcds-parquet-sf10,q23a,0,31/TrinoNitroAggregationOperator@6177,8,0.093,18.020,0.006,0,472250,8,0.000,0.000,0.000
[WARNING] [stderr] 2026-08-15T18:53:36.690-0600	INFO	ForkJoinPool-1-worker-1	stdout	operator_cpu,nitro,tpcds-parquet-sf10,q23a,0,31/LocalExchangeSinkOperator@6188,8,20.750,0.000,0.184,0,1100549,1100549,0.000,0.000,0.000
[WARNING] [stderr] 2026-08-15T18:53:36.690-0600	INFO	ForkJoinPool-1-worker-1	stdout	operator_cpu,nitro,tpcds-parquet-sf10,q23a,0,31/TrinoNitroAggregationOperator@129,8,67.470,30.920,0.288,0,1100549,472250,0.000,5.944,0.000
[WARNING] [stderr] 2026-08-15T18:53:36.690-0600	INFO	ForkJoinPool-1-worker-1	stdout	operator_cpu,nitro,tpcds-parquet-sf10,q23a,0,4/TrinoNitroPipelineSourceOperator@5032,10,0.000,233.230,0.000,9158412,9158412,9158412,2860.000,0.391,0.000
[WARNING] [stderr] 2026-08-15T18:53:36.690-0600	INFO	ForkJoinPool-1-worker-1	stdout	operator_cpu,nitro,tpcds-parquet-sf10,q23a,0,4/PartitionedOutputOperator@5032,10,223.390,0.000,0.709,0,9158412,9158412,13260.000,0.000,0.000
[WARNING] [stderr] 2026-08-15T18:53:36.690-0600	INFO	ForkJoinPool-1-worker-1	stdout	operator_cpu,nitro,tpcds-parquet-sf10,q23a,0,5/TrinoNitroPipelineSourceOperator@2226,1,0.000,5.100,0.000,73049,29,29,0.000,0.725,0.000
[WARNING] [stderr] 2026-08-15T18:53:36.690-0600	INFO	ForkJoinPool-1-worker-1	stdout	operator_cpu,nitro,tpcds-parquet-sf10,q23a,0,5/PartitionedOutputOperator@2226,1,0.073,0.000,0.035,0,29,29,0.000,0.000,0.000
[WARNING] [stderr] 2026-08-15T18:53:36.690-0600	INFO	ForkJoinPool-1-worker-1	stdout	operator_cpu,nitro,tpcds-parquet-sf10,q23a,0,7/TrinoNitroPipelineSourceOperator@5039,12,0.000,905.160,0.000,28800991,21880103,21880103,2830.000,0.687,0.000
[WARNING] [stderr] 2026-08-15T18:53:36.690-0600	INFO	ForkJoinPool-1-worker-1	stdout	operator_cpu,nitro,tpcds-parquet-sf10,q23a,0,7/PartitionedOutputOperator@5039,12,270.010,0.000,0.636,0,21880103,21880103,21840.000,0.000,0.000
[WARNING] [stderr] 2026-08-15T18:53:36.690-0600	INFO	ForkJoinPool-1-worker-1	stdout	operator_cpu,nitro,tpcds-parquet-sf10,q23a,0,8/TrinoNitroPipelineSourceOperator@2260,1,0.000,1.870,0.000,73049,1461,1461,0.000,0.725,0.000
[WARNING] [stderr] 2026-08-15T18:53:36.690-0600	INFO	ForkJoinPool-1-worker-1	stdout	operator_cpu,nitro,tpcds-parquet-sf10,q23a,0,8/PartitionedOutputOperator@2260,1,0.518,0.000,0.276,0,1461,1461,0.000,0.000,0.000
[WARNING] [stderr] 2026-08-15T18:53:36.690-0600	INFO	ForkJoinPool-1-worker-1	stdout	operator_cpu,nitro,tpcds-parquet-sf10,q23a,0,14/ExchangeOperator@4462,8,0.000,0.087,0.000,0,1461,1461,867.590,0.006,0.000
[WARNING] [stderr] 2026-08-15T18:53:36.690-0600	INFO	ForkJoinPool-1-worker-1	stdout	operator_cpu,nitro,tpcds-parquet-sf10,q23a,0,14/LocalExchangeSourceOperator@5725,8,0.000,0.157,0.000,0,1461,1461,15640.000,0.000,0.000
[WARNING] [stderr] 2026-08-15T18:53:36.691-0600	INFO	ForkJoinPool-1-worker-1	stdout	operator_cpu,nitro,tpcds-parquet-sf10,q23a,0,14/ExchangeOperator@4461,8,0.000,52.160,0.000,0,22165755,22165755,10570.000,19.023,0.000
[WARNING] [stderr] 2026-08-15T18:53:36.691-0600	INFO	ForkJoinPool-1-worker-1	stdout	operator_cpu,nitro,tpcds-parquet-sf10,q23a,0,14/PartitionedOutputOperator@6125,8,17.220,0.000,0.686,0,989550,989550,0.000,0.000,0.000
[WARNING] [stderr] 2026-08-15T18:53:36.691-0600	INFO	ForkJoinPool-1-worker-1	stdout	operator_cpu,nitro,tpcds-parquet-sf10,q23a,0,14/TrinoNitroAggregationOperator@6125,8,4.410,639.040,0.830,0,16164994,989550,0.000,29.130,0.000
[WARNING] [stderr] 2026-08-15T18:53:36.691-0600	INFO	ForkJoinPool-1-worker-1	stdout	operator_cpu,nitro,tpcds-parquet-sf10,q23a,0,14/TrinoNitroHashJoinOperator@40,8,7.810,479.230,0.054,0,22165755,16164994,9790.000,5.219,0.000
[WARNING] [stderr] 2026-08-15T18:53:36.691-0600	INFO	ForkJoinPool-1-worker-1	stdout	operator_cpu,nitro,tpcds-parquet-sf10,q23a,0,14/TrinoNitroHashBuildOperator@40,8,0.243,0.000,1.007,0,1461,0,56730.000,0.644,0.000
[WARNING] [stderr] 2026-08-15T18:53:36.691-0600	INFO	ForkJoinPool-1-worker-1	stdout	operator_cpu,nitro,tpcds-parquet-sf10,q23a,0,14/LocalExchangeSinkOperator@5725,8,0.090,0.000,0.160,0,1461,1461,0.000,0.000,0.000
[WARNING] [stderr] 2026-08-15T18:53:36.691-0600	INFO	ForkJoinPool-1-worker-1	stdout	operator_cpu,nitro,tpcds-parquet-sf10,q23a,0,14/TrinoNitroDynamicFilterSourceOperator@40,8,0.235,0.097,1.786,0,1461,1461,0.000,0.002,0.000
[WARNING] [stderr] 2026-08-15T18:53:36.691-0600	INFO	ForkJoinPool-1-worker-1	stdout	operator_cpu,nitro,tpcds-parquet-sf10,q23a,0,22/TrinoNitroPipelineSourceOperator@5075,5,0.000,290.790,0.000,7197566,3767034,3767034,2379.560,1.564,0.000
[WARNING] [stderr] 2026-08-15T18:53:36.691-0600	INFO	ForkJoinPool-1-worker-1	stdout	operator_cpu,nitro,tpcds-parquet-sf10,q23a,0,22/PartitionedOutputOperator@5075,5,206.560,0.000,0.510,0,3767034,3767034,6250.000,0.000,0.000
[WARNING] [stderr] 2026-08-15T18:53:36.691-0600	INFO	ForkJoinPool-1-worker-1	stdout	operator_cpu,nitro,tpcds-parquet-sf10,q23a,0,23/TrinoNitroPipelineSourceOperator@2331,1,0.000,2.010,0.000,73049,29,29,0.000,0.725,0.000
[WARNING] [stderr] 2026-08-15T18:53:36.691-0600	INFO	ForkJoinPool-1-worker-1	stdout	operator_cpu,nitro,tpcds-parquet-sf10,q23a,0,23/PartitionedOutputOperator@2331,1,0.096,0.000,0.195,0,29,29,0.000,0.000,0.000
[WARNING] [stderr] 2026-08-15T18:53:36.691-0600	INFO	ForkJoinPool-1-worker-1	stdout	operator_cpu,nitro,tpcds-parquet-sf10,q23a,0,25/TrinoNitroPipelineSourceOperator@5082,12,0.000,717.700,0.000,28800991,23034974,23034974,2590.000,0.687,0.000
[WARNING] [stderr] 2026-08-15T18:53:36.691-0600	INFO	ForkJoinPool-1-worker-1	stdout	operator_cpu,nitro,tpcds-parquet-sf10,q23a,0,25/PartitionedOutputOperator@5082,12,255.650,0.000,0.547,0,23034974,23034974,17120.000,0.000,0.000
[WARNING] [stderr] 2026-08-15T18:53:36.691-0600	INFO	ForkJoinPool-1-worker-1	stdout	operator_cpu,nitro,tpcds-parquet-sf10,q23a,0,26/TrinoNitroPipelineSourceOperator@2365,1,0.000,1.660,0.000,73049,1461,1461,0.000,0.725,0.000
[WARNING] [stderr] 2026-08-15T18:53:36.691-0600	INFO	ForkJoinPool-1-worker-1	stdout	operator_cpu,nitro,tpcds-parquet-sf10,q23a,0,26/PartitionedOutputOperator@2365,1,0.125,0.000,0.209,0,1461,1461,0.000,0.000,0.000
[WARNING] [stderr] 2026-08-15T18:53:36.691-0600	INFO	ForkJoinPool-1-worker-1	stdout	operator_cpu,nitro,tpcds-parquet-sf10,q23a,0,32/ExchangeOperator@4479,8,0.000,0.094,0.000,0,1461,1461,891.370,0.006,0.000
[WARNING] [stderr] 2026-08-15T18:53:36.691-0600	INFO	ForkJoinPool-1-worker-1	stdout	operator_cpu,nitro,tpcds-parquet-sf10,q23a,0,32/LocalExchangeSourceOperator@5737,8,0.000,0.071,0.000,0,1461,1461,1951.630,0.000,0.000
[WARNING] [stderr] 2026-08-15T18:53:36.691-0600	INFO	ForkJoinPool-1-worker-1	stdout	operator_cpu,nitro,tpcds-parquet-sf10,q23a,0,32/ExchangeOperator@4478,8,0.000,140.980,0.000,0,16164994,16164994,8070.000,19.294,0.000
[WARNING] [stderr] 2026-08-15T18:53:36.691-0600	INFO	ForkJoinPool-1-worker-1	stdout	operator_cpu,nitro,tpcds-parquet-sf10,q23a,0,32/PartitionedOutputOperator@6192,8,29.860,0.000,1.399,0,1100549,1100549,0.000,0.000,0.000
[WARNING] [stderr] 2026-08-15T18:53:36.691-0600	INFO	ForkJoinPool-1-worker-1	stdout	operator_cpu,nitro,tpcds-parquet-sf10,q23a,0,32/TrinoNitroAggregationOperator@6192,8,6.420,1277.480,1.096,0,16164994,1100549,0.000,25.693,0.000
[WARNING] [stderr] 2026-08-15T18:53:36.691-0600	INFO	ForkJoinPool-1-worker-1	stdout	operator_cpu,nitro,tpcds-parquet-sf10,q23a,0,32/TrinoNitroHashJoinOperator@124,8,10.150,392.370,0.058,0,16164994,16164994,2470.810,3.056,0.000
[WARNING] [stderr] 2026-08-15T18:53:36.691-0600	INFO	ForkJoinPool-1-worker-1	stdout	operator_cpu,nitro,tpcds-parquet-sf10,q23a,0,32/TrinoNitroHashBuildOperator@124,8,0.166,0.000,33.150,0,1461,0,40030.000,0.643,0.000
[WARNING] [stderr] 2026-08-15T18:53:36.691-0600	INFO	ForkJoinPool-1-worker-1	stdout	operator_cpu,nitro,tpcds-parquet-sf10,q23a,0,32/LocalExchangeSinkOperator@5737,8,0.231,0.000,0.311,0,1461,1461,0.000,0.000,0.000
[WARNING] [stderr] 2026-08-15T18:53:36.691-0600	INFO	ForkJoinPool-1-worker-1	stdout	operator_cpu,nitro,tpcds-parquet-sf10,q23a,0,32/TrinoNitroDynamicFilterSourceOperator@124,8,0.696,0.292,8.220,0,1461,1461,0.000,0.002,0.000
[WARNING] [stderr] 2026-08-15T18:53:36.691-0600	INFO	ForkJoinPool-1-worker-1	stdout	operator_cpu,nitro,tpcds-parquet-sf10,q23a,0,15/ExchangeOperator@4460,8,0.000,1.164,0.000,0,500000,500000,830.300,1.908,0.000
[WARNING] [stderr] 2026-08-15T18:53:36.691-0600	INFO	ForkJoinPool-1-worker-1	stdout	operator_cpu,nitro,tpcds-parquet-sf10,q23a,0,15/LocalExchangeSourceOperator@5724,8,0.000,0.404,0.000,0,500000,500000,4233.000,0.000,0.000
[WARNING] [stderr] 2026-08-15T18:53:36.691-0600	INFO	ForkJoinPool-1-worker-1	stdout	operator_cpu,nitro,tpcds-parquet-sf10,q23a,0,15/ExchangeOperator@4459,8,0.000,140.520,0.000,0,23034974,23034974,8940.000,17.538,0.000
[WARNING] [stderr] 2026-08-15T18:53:36.691-0600	INFO	ForkJoinPool-1-worker-1	stdout	operator_cpu,nitro,tpcds-parquet-sf10,q23a,0,15/PartitionedOutputOperator@38,8,330.710,0.000,1.697,0,22165755,22165755,4961.910,0.000,0.000
[WARNING] [stderr] 2026-08-15T18:53:36.691-0600	INFO	ForkJoinPool-1-worker-1	stdout	operator_cpu,nitro,tpcds-parquet-sf10,q23a,0,15/TrinoNitroHashJoinOperator@38,8,9.430,970.210,0.173,0,23034974,22165755,5250.000,5.523,0.000
[WARNING] [stderr] 2026-08-15T18:53:36.691-0600	INFO	ForkJoinPool-1-worker-1	stdout	operator_cpu,nitro,tpcds-parquet-sf10,q23a,0,15/TrinoNitroHashBuildOperator@38,8,0.868,0.000,50.210,0,500000,0,63200.000,13.747,0.000
[WARNING] [stderr] 2026-08-15T18:53:36.691-0600	INFO	ForkJoinPool-1-worker-1	stdout	operator_cpu,nitro,tpcds-parquet-sf10,q23a,0,15/LocalExchangeSinkOperator@5724,8,30.810,0.000,0.110,0,500000,500000,0.000,0.000,0.000
[WARNING] [stderr] 2026-08-15T18:53:36.691-0600	INFO	ForkJoinPool-1-worker-1	stdout	operator_cpu,nitro,tpcds-parquet-sf10,q23a,0,15/TrinoNitroDynamicFilterSourceOperator@38,8,90.140,0.251,0.029,0,500000,500000,0.000,0.141,0.000
[WARNING] [stderr] 2026-08-15T18:53:36.691-0600	INFO	ForkJoinPool-1-worker-1	stdout	operator_cpu,nitro,tpcds-parquet-sf10,q23a,0,18/TrinoNitroPipelineSourceOperator@2281,1,0.000,36.290,0.000,73049,1461,1461,0.000,0.534,0.000
[WARNING] [stderr] 2026-08-15T18:53:36.691-0600	INFO	ForkJoinPool-1-worker-1	stdout	operator_cpu,nitro,tpcds-parquet-sf10,q23a,0,18/PartitionedOutputOperator@2281,1,2.690,0.000,0.062,0,1461,1461,0.000,0.000,0.000
[WARNING] [stderr] 2026-08-15T18:53:36.691-0600	INFO	ForkJoinPool-1-worker-1	stdout	operator_cpu,nitro,tpcds-parquet-sf10,q23a,0,33/ExchangeOperator@4477,8,0.000,1.532,0.000,0,500000,500000,1137.140,1.107,0.000
[WARNING] [stderr] 2026-08-15T18:53:36.691-0600	INFO	ForkJoinPool-1-worker-1	stdout	operator_cpu,nitro,tpcds-parquet-sf10,q23a,0,33/LocalExchangeSourceOperator@5736,8,0.000,0.519,0.000,0,500000,500000,1057.020,0.000,0.000
[WARNING] [stderr] 2026-08-15T18:53:36.691-0600	INFO	ForkJoinPool-1-worker-1	stdout	operator_cpu,nitro,tpcds-parquet-sf10,q23a,0,33/ExchangeOperator@4476,8,0.000,305.190,0.000,0,16554780,16554780,5290.000,18.429,0.000
[WARNING] [stderr] 2026-08-15T18:53:36.691-0600	INFO	ForkJoinPool-1-worker-1	stdout	operator_cpu,nitro,tpcds-parquet-sf10,q23a,0,33/PartitionedOutputOperator@122,8,303.030,0.000,2.145,0,16164994,16164994,57.170,0.000,0.000
[WARNING] [stderr] 2026-08-15T18:53:36.691-0600	INFO	ForkJoinPool-1-worker-1	stdout	operator_cpu,nitro,tpcds-parquet-sf10,q23a,0,33/TrinoNitroHashJoinOperator@122,8,13.490,811.190,0.195,0,16554780,16164994,3890.000,4.247,0.000
[WARNING] [stderr] 2026-08-15T18:53:36.691-0600	INFO	ForkJoinPool-1-worker-1	stdout	operator_cpu,nitro,tpcds-parquet-sf10,q23a,0,33/TrinoNitroHashBuildOperator@122,8,1.144,0.000,347.210,0,500000,0,25110.000,13.747,0.000
[WARNING] [stderr] 2026-08-15T18:53:36.691-0600	INFO	ForkJoinPool-1-worker-1	stdout	operator_cpu,nitro,tpcds-parquet-sf10,q23a,0,33/LocalExchangeSinkOperator@5736,8,52.430,0.000,0.067,0,500000,500000,0.000,0.000,0.000
[WARNING] [stderr] 2026-08-15T18:53:36.691-0600	INFO	ForkJoinPool-1-worker-1	stdout	operator_cpu,nitro,tpcds-parquet-sf10,q23a,0,33/TrinoNitroDynamicFilterSourceOperator@122,8,103.580,0.377,0.014,0,500000,500000,0.000,0.141,0.000
[WARNING] [stderr] 2026-08-15T18:53:36.691-0600	INFO	ForkJoinPool-1-worker-1	stdout	operator_cpu,nitro,tpcds-parquet-sf10,q23a,0,36/TrinoNitroPipelineSourceOperator@2386,1,0.000,2.190,0.000,73049,1461,1461,0.000,0.534,0.000
[WARNING] [stderr] 2026-08-15T18:53:36.691-0600	INFO	ForkJoinPool-1-worker-1	stdout	operator_cpu,nitro,tpcds-parquet-sf10,q23a,0,36/PartitionedOutputOperator@2386,1,0.095,0.000,0.273,0,1461,1461,0.000,0.000,0.000
[WARNING] [stderr] 2026-08-15T18:53:36.691-0600	INFO	ForkJoinPool-1-worker-1	stdout	operator_cpu,nitro,tpcds-parquet-sf10,q23a,0,16/TrinoNitroPipelineSourceOperator@5059,12,0.000,611.160,0.000,28800991,23034974,23034974,1760.070,1.221,0.000
[WARNING] [stderr] 2026-08-15T18:53:36.691-0600	INFO	ForkJoinPool-1-worker-1	stdout	operator_cpu,nitro,tpcds-parquet-sf10,q23a,0,16/PartitionedOutputOperator@5059,12,750.840,0.000,1.336,0,23034974,23034974,10070.000,0.000,0.000
[WARNING] [stderr] 2026-08-15T18:53:36.691-0600	INFO	ForkJoinPool-1-worker-1	stdout	operator_cpu,nitro,tpcds-parquet-sf10,q23a,0,17/TrinoNitroPipelineSourceOperator@37,1,0.000,18.640,0.000,500000,500000,500000,0.000,0.086,0.000
[WARNING] [stderr] 2026-08-15T18:53:36.691-0600	INFO	ForkJoinPool-1-worker-1	stdout	operator_cpu,nitro,tpcds-parquet-sf10,q23a,0,17/PartitionedOutputOperator@37,1,53.720,0.000,0.090,0,500000,500000,0.000,0.000,0.000
[WARNING] [stderr] 2026-08-15T18:53:36.691-0600	INFO	ForkJoinPool-1-worker-1	stdout	operator_cpu,nitro,tpcds-parquet-sf10,q23a,0,34/TrinoNitroPipelineSourceOperator@5102,12,0.000,1197.080,0.000,28800991,16554780,16554780,1243.160,1.221,0.000
[WARNING] [stderr] 2026-08-15T18:53:36.692-0600	INFO	ForkJoinPool-1-worker-1	stdout	operator_cpu,nitro,tpcds-parquet-sf10,q23a,0,34/PartitionedOutputOperator@5102,12,632.230,0.000,0.938,0,16554780,16554780,804.510,0.000,0.000
[WARNING] [stderr] 2026-08-15T18:53:36.692-0600	INFO	ForkJoinPool-1-worker-1	stdout	operator_cpu,nitro,tpcds-parquet-sf10,q23a,0,35/TrinoNitroPipelineSourceOperator@121,1,0.000,13.710,0.000,500000,500000,500000,0.000,0.086,0.000
[WARNING] [stderr] 2026-08-15T18:53:36.692-0600	INFO	ForkJoinPool-1-worker-1	stdout	operator_cpu,nitro,tpcds-parquet-sf10,q23a,0,35/PartitionedOutputOperator@121,1,45.070,0.000,0.088,0,500000,500000,0.000,0.000,0.000
[WARNING] [stderr] 2026-08-15T18:53:36.692-0600	INFO	ForkJoinPool-1-worker-1	stdout	operator_metric,nitro,tpcds-parquet-sf10,q23a,0,0/TrinoNitroAggregationOperator@174,nitroBoundaryPageIngressFlatChannelPositions,16
[WARNING] [stderr] 2026-08-15T18:53:36.692-0600	INFO	ForkJoinPool-1-worker-1	stdout	operator_metric,nitro,tpcds-parquet-sf10,q23a,0,0/TrinoNitroAggregationOperator@174,nitroBoundaryPageEgressFlatChannelPositions,1
[WARNING] [stderr] 2026-08-15T18:53:36.692-0600	INFO	ForkJoinPool-1-worker-1	stdout	operator_metric,nitro,tpcds-parquet-sf10,q23a,0,0/TrinoNitroAggregationOperator@174,nitroBoundaryPageEgressPages,1
[WARNING] [stderr] 2026-08-15T18:53:36.692-0600	INFO	ForkJoinPool-1-worker-1	stdout	operator_metric,nitro,tpcds-parquet-sf10,q23a,0,0/TrinoNitroAggregationOperator@174,nitroBoundaryPageIngressPages,16
[WARNING] [stderr] 2026-08-15T18:53:36.692-0600	INFO	ForkJoinPool-1-worker-1	stdout	operator_metric,nitro,tpcds-parquet-sf10,q23a,0,0/TrinoNitroAggregationOperator@174,nitroAggregationInitialKeyNanos,0
[WARNING] [stderr] 2026-08-15T18:53:36.692-0600	INFO	ForkJoinPool-1-worker-1	stdout	operator_metric,nitro,tpcds-parquet-sf10,q23a,0,0/TrinoNitroAggregationOperator@174,nitroAggregationInitialEncodedKeyNanos,0
[WARNING] [stderr] 2026-08-15T18:53:36.692-0600	INFO	ForkJoinPool-1-worker-1	stdout	operator_metric,nitro,tpcds-parquet-sf10,q23a,0,0/TrinoNitroAggregationOperator@174,nitroAggregationOutputNanos,183307
[WARNING] [stderr] 2026-08-15T18:53:36.692-0600	INFO	ForkJoinPool-1-worker-1	stdout	operator_metric,nitro,tpcds-parquet-sf10,q23a,0,0/TrinoNitroAggregationOperator@174,nitroAggregationPipelineNanos,0
[WARNING] [stderr] 2026-08-15T18:53:36.692-0600	INFO	ForkJoinPool-1-worker-1	stdout	operator_metric,nitro,tpcds-parquet-sf10,q23a,0,0/TrinoNitroAggregationOperator@174,nitroAggregationGroupingNanos,0
[WARNING] [stderr] 2026-08-15T18:53:36.692-0600	INFO	ForkJoinPool-1-worker-1	stdout	operator_metric,nitro,tpcds-parquet-sf10,q23a,0,0/TrinoNitroAggregationOperator@174,nitroAggregationAccumulationNanos,0
[WARNING] [stderr] 2026-08-15T18:53:36.692-0600	INFO	ForkJoinPool-1-worker-1	stdout	operator_metric,nitro,tpcds-parquet-sf10,q23a,0,0/TrinoNitroAggregationOperator@174,nitroBoundaryPageEgressBytes,17
[WARNING] [stderr] 2026-08-15T18:53:36.692-0600	INFO	ForkJoinPool-1-worker-1	stdout	operator_metric,nitro,tpcds-parquet-sf10,q23a,0,0/TrinoNitroAggregationOperator@174,nitroBoundaryNativeEgressDictionaryChannelPositions,0
[WARNING] [stderr] 2026-08-15T18:53:36.692-0600	INFO	ForkJoinPool-1-worker-1	stdout	operator_metric,nitro,tpcds-parquet-sf10,q23a,0,0/TrinoNitroAggregationOperator@174,nitroAggregationFusedNanos,0
[WARNING] [stderr] 2026-08-15T18:53:36.692-0600	INFO	ForkJoinPool-1-worker-1	stdout	operator_metric,nitro,tpcds-parquet-sf10,q23a,0,0/TrinoNitroAggregationOperator@174,nitroAggregationFlushNanos,0
[WARNING] [stderr] 2026-08-15T18:53:36.692-0600	INFO	ForkJoinPool-1-worker-1	stdout	operator_metric,nitro,tpcds-parquet-sf10,q23a,0,0/TrinoNitroAggregationOperator@174,nitroBoundaryPageEgressPositions,1
[WARNING] [stderr] 2026-08-15T18:53:36.692-0600	INFO	ForkJoinPool-1-worker-1	stdout	operator_metric,nitro,tpcds-parquet-sf10,q23a,0,0/TrinoNitroAggregationOperator@174,nitroBoundaryPageIngressBytes,80
[WARNING] [stderr] 2026-08-15T18:53:36.696-0600	INFO	ForkJoinPool-1-worker-1	stdout	operator_metric,nitro,tpcds-parquet-sf10,q23a,0,0/TrinoNitroAggregationOperator@174,nitroBoundaryPageIngressPositions,16
[WARNING] [stderr] 2026-08-15T18:53:36.696-0600	INFO	ForkJoinPool-1-worker-1	stdout	operator_metric,nitro,tpcds-parquet-sf10,q23a,0,0/TrinoNitroAggregationOperator@174,nitroBoundaryPageIngressDictionaryChannelPositions,0
[WARNING] [stderr] 2026-08-15T18:53:36.696-0600	INFO	ForkJoinPool-1-worker-1	stdout	operator_metric,nitro,tpcds-parquet-sf10,q23a,0,0/TrinoNitroAggregationOperator@174,nitroBoundaryPageEgressDictionaryChannelPositions,0
[WARNING] [stderr] 2026-08-15T18:53:36.696-0600	INFO	ForkJoinPool-1-worker-1	stdout	operator_metric,nitro,tpcds-parquet-sf10,q23a,0,0/TrinoNitroAggregationOperator@174,nitroAggregationInputNanos,361765
[WARNING] [stderr] 2026-08-15T18:53:36.696-0600	INFO	ForkJoinPool-1-worker-1	stdout	operator_metric,nitro,tpcds-parquet-sf10,q23a,0,0/TrinoNitroAggregationOperator@174,nitroAggregationInitialAggregationNanos,0
[WARNING] [stderr] 2026-08-15T18:53:36.696-0600	INFO	ForkJoinPool-1-worker-1	stdout	operator_metric,nitro,tpcds-parquet-sf10,q23a,0,0/TrinoNitroAggregationOperator@174,nitroBoundaryPageEgressRunLengthChannelPositions,0
[WARNING] [stderr] 2026-08-15T18:53:36.696-0600	INFO	ForkJoinPool-1-worker-1	stdout	operator_metric,nitro,tpcds-parquet-sf10,q23a,0,0/TrinoNitroAggregationOperator@174,nitroBoundaryPageIngressRunLengthChannelPositions,0
[WARNING] [stderr] 2026-08-15T18:53:36.696-0600	INFO	ForkJoinPool-1-worker-1	stdout	operator_metric,nitro,tpcds-parquet-sf10,q23a,0,0/TrinoNitroAggregationOperator@174,nitroAggregationInitialFlatKeyNanos,0
[WARNING] [stderr] 2026-08-15T18:53:36.696-0600	INFO	ForkJoinPool-1-worker-1	stdout	operator_metric,nitro,tpcds-parquet-sf10,q23a,0,0/TrinoNitroAggregationOperator@174,nitroBoundaryNativeEgressRunLengthChannelPositions,0
[WARNING] [stderr] 2026-08-15T18:53:36.697-0600	INFO	ForkJoinPool-1-worker-1	stdout	operator_metric,nitro,tpcds-parquet-sf10,q23a,0,0/TrinoNitroAggregationOperator@174,nitroAggregationStatePreparationNanos,0
[WARNING] [stderr] 2026-08-15T18:53:36.697-0600	INFO	ForkJoinPool-1-worker-1	stdout	operator_metric,nitro,tpcds-parquet-sf10,q23a,0,0/TrinoNitroAggregationOperator@174,nitroBoundaryNativeEgressFlatChannelPositions,1
[WARNING] [stderr] 2026-08-15T18:53:36.697-0600	INFO	ForkJoinPool-1-worker-1	stdout	operator_metric,nitro,tpcds-parquet-sf10,q23a,0,1/TrinoNitroPageProcessor@5068,nitroProjectionGeneratedKernels,0
[WARNING] [stderr] 2026-08-15T18:53:36.697-0600	INFO	ForkJoinPool-1-worker-1	stdout	operator_metric,nitro,tpcds-parquet-sf10,q23a,0,1/TrinoNitroPageProcessor@5068,nitroBoundaryPageIngressFlatChannelPositions,2
[WARNING] [stderr] 2026-08-15T18:53:36.697-0600	INFO	ForkJoinPool-1-worker-1	stdout	operator_metric,nitro,tpcds-parquet-sf10,q23a,0,1/TrinoNitroPageProcessor@5068,nitroProjectionGeneratedAttempts,0
[WARNING] [stderr] 2026-08-15T18:53:36.697-0600	INFO	ForkJoinPool-1-worker-1	stdout	operator_metric,nitro,tpcds-parquet-sf10,q23a,0,1/TrinoNitroPageProcessor@5068,nitroProjectionGeneratedOutputs,0
[WARNING] [stderr] 2026-08-15T18:53:36.697-0600	INFO	ForkJoinPool-1-worker-1	stdout	operator_metric,nitro,tpcds-parquet-sf10,q23a,0,1/TrinoNitroPageProcessor@5068,nitroProjectionPlannedComputedOutputs,2
[WARNING] [stderr] 2026-08-15T18:53:36.697-0600	INFO	ForkJoinPool-1-worker-1	stdout	operator_metric,nitro,tpcds-parquet-sf10,q23a,0,1/TrinoNitroPageProcessor@5068,nitroBoundaryPageIngressDictionaryChannelPositions,0
[WARNING] [stderr] 2026-08-15T18:53:36.697-0600	INFO	ForkJoinPool-1-worker-1	stdout	operator_metric,nitro,tpcds-parquet-sf10,q23a,0,1/TrinoNitroPageProcessor@5068,nitroBoundaryPageIngressPages,2
[WARNING] [stderr] 2026-08-15T18:53:36.697-0600	INFO	ForkJoinPool-1-worker-1	stdout	operator_metric,nitro,tpcds-parquet-sf10,q23a,0,1/TrinoNitroPageProcessor@5068,nitroProjectionIntegerWideningPositions,0
[WARNING] [stderr] 2026-08-15T18:53:36.697-0600	INFO	ForkJoinPool-1-worker-1	stdout	operator_metric,nitro,tpcds-parquet-sf10,q23a,0,1/TrinoNitroPageProcessor@5068,nitroBoundaryNativeExchangeBatches,2
[WARNING] [stderr] 2026-08-15T18:53:36.697-0600	INFO	ForkJoinPool-1-worker-1	stdout	operator_metric,nitro,tpcds-parquet-sf10,q23a,0,1/TrinoNitroPageProcessor@5068,nitroProjectionOtherNullExpansionPositions,0
[WARNING] [stderr] 2026-08-15T18:53:36.697-0600	INFO	ForkJoinPool-1-worker-1	stdout	operator_metric,nitro,tpcds-parquet-sf10,q23a,0,1/TrinoNitroPageProcessor@5068,nitroProjectionPlannedAssignments,4
[WARNING] [stderr] 2026-08-15T18:53:36.697-0600	INFO	ForkJoinPool-1-worker-1	stdout	operator_metric,nitro,tpcds-parquet-sf10,q23a,0,1/TrinoNitroPageProcessor@5068,nitroProjectionFlatInputPositions,0
[WARNING] [stderr] 2026-08-15T18:53:36.697-0600	INFO	ForkJoinPool-1-worker-1	stdout	operator_metric,nitro,tpcds-parquet-sf10,q23a,0,1/TrinoNitroPageProcessor@5068,nitroProjectionDictionaryInputPositions,0
[WARNING] [stderr] 2026-08-15T18:53:36.697-0600	INFO	ForkJoinPool-1-worker-1	stdout	operator_metric,nitro,tpcds-parquet-sf10,q23a,0,1/TrinoNitroPageProcessor@5068,nitroBoundaryNativeExchangePositions,2
[WARNING] [stderr] 2026-08-15T18:53:36.697-0600	INFO	ForkJoinPool-1-worker-1	stdout	operator_metric,nitro,tpcds-parquet-sf10,q23a,0,1/TrinoNitroPageProcessor@5068,nitroProjectionDictionaryNullExpansionPositions,0
[WARNING] [stderr] 2026-08-15T18:53:36.697-0600	INFO	ForkJoinPool-1-worker-1	stdout	operator_metric,nitro,tpcds-parquet-sf10,q23a,0,1/TrinoNitroPageProcessor@5068,nitroBoundaryPageIngressRunLengthChannelPositions,0
[WARNING] [stderr] 2026-08-15T18:53:36.697-0600	INFO	ForkJoinPool-1-worker-1	stdout	operator_metric,nitro,tpcds-parquet-sf10,q23a,0,1/TrinoNitroPageProcessor@5068,nitroProjectionDictionaryFlatteningPositions,0
[WARNING] [stderr] 2026-08-15T18:53:36.697-0600	INFO	ForkJoinPool-1-worker-1	stdout	operator_metric,nitro,tpcds-parquet-sf10,q23a,0,1/TrinoNitroPageProcessor@5068,nitroProjectionGeneratedSelectedPositions,0
[WARNING] [stderr] 2026-08-15T18:53:36.697-0600	INFO	ForkJoinPool-1-worker-1	stdout	operator_metric,nitro,tpcds-parquet-sf10,q23a,0,1/TrinoNitroPageProcessor@5068,nitroBoundaryPageIngressBytes,34
[WARNING] [stderr] 2026-08-15T18:53:36.697-0600	INFO	ForkJoinPool-1-worker-1	stdout	operator_metric,nitro,tpcds-parquet-sf10,q23a,0,1/TrinoNitroPageProcessor@5068,nitroBoundaryNativeExchangeBytes,52
[WARNING] [stderr] 2026-08-15T18:53:36.697-0600	INFO	ForkJoinPool-1-worker-1	stdout	operator_metric,nitro,tpcds-parquet-sf10,q23a,0,1/TrinoNitroPageProcessor@5068,nitroProjectionGeneratedLayoutFallbacks,0
[WARNING] [stderr] 2026-08-15T18:53:36.697-0600	INFO	ForkJoinPool-1-worker-1	stdout	operator_metric,nitro,tpcds-parquet-sf10,q23a,0,1/TrinoNitroPageProcessor@5068,nitroProjectionGeneratedErrorFallbacks,0
[WARNING] [stderr] 2026-08-15T18:53:36.697-0600	INFO	ForkJoinPool-1-worker-1	stdout	operator_metric,nitro,tpcds-parquet-sf10,q23a,0,1/TrinoNitroPageProcessor@5068,nitroProjectionRunLengthInputPositions,0
[WARNING] [stderr] 2026-08-15T18:53:36.697-0600	INFO	ForkJoinPool-1-worker-1	stdout	operator_metric,nitro,tpcds-parquet-sf10,q23a,0,1/TrinoNitroPageProcessor@5068,nitroProjectionGeneratedSuccesses,0
[WARNING] [stderr] 2026-08-15T18:53:36.697-0600	INFO	ForkJoinPool-1-worker-1	stdout	operator_metric,nitro,tpcds-parquet-sf10,q23a,0,1/TrinoNitroPageProcessor@5068,nitroBoundaryPageIngressPositions,2
[WARNING] [stderr] 2026-08-15T18:53:36.697-0600	INFO	ForkJoinPool-1-worker-1	stdout	operator_metric,nitro,tpcds-parquet-sf10,q23a,0,1/TrinoNitroPageProcessor@5068,nitroProjectionOtherInputPositions,0
[WARNING] [stderr] 2026-08-15T18:53:36.697-0600	INFO	ForkJoinPool-1-worker-1	stdout	operator_metric,nitro,tpcds-parquet-sf10,q23a,0,1/TrinoNitroHashJoinOperator@30,nitroBoundaryPageIngressBytes,662422793
[WARNING] [stderr] 2026-08-15T18:53:36.697-0600	INFO	ForkJoinPool-1-worker-1	stdout	operator_metric,nitro,tpcds-parquet-sf10,q23a,0,1/TrinoNitroHashJoinOperator@30,nitroBoundaryPageIngressDictionaryChannelPositions,0
[WARNING] [stderr] 2026-08-15T18:53:36.697-0600	INFO	ForkJoinPool-1-worker-1	stdout	operator_metric,nitro,tpcds-parquet-sf10,q23a,0,1/TrinoNitroHashJoinOperator@30,nitroBoundaryPageIngressRunLengthChannelPositions,0
[WARNING] [stderr] 2026-08-15T18:53:36.697-0600	INFO	ForkJoinPool-1-worker-1	stdout	operator_metric,nitro,tpcds-parquet-sf10,q23a,0,1/TrinoNitroHashJoinOperator@30,nitroBoundaryNativeExchangePositions,27504738
[WARNING] [stderr] 2026-08-15T18:53:36.697-0600	INFO	ForkJoinPool-1-worker-1	stdout	operator_metric,nitro,tpcds-parquet-sf10,q23a,0,1/TrinoNitroHashJoinOperator@30,nitroBoundaryNativeExchangeBytes,605120626
[WARNING] [stderr] 2026-08-15T18:53:36.697-0600	INFO	ForkJoinPool-1-worker-1	stdout	operator_metric,nitro,tpcds-parquet-sf10,q23a,0,1/TrinoNitroHashJoinOperator@30,nitroBoundaryNativeExchangeBatches,3278
[WARNING] [stderr] 2026-08-15T18:53:36.697-0600	INFO	ForkJoinPool-1-worker-1	stdout	operator_metric,nitro,tpcds-parquet-sf10,q23a,0,1/TrinoNitroHashJoinOperator@30,nitroBoundaryPageIngressFlatChannelPositions,86402973
[WARNING] [stderr] 2026-08-15T18:53:36.697-0600	INFO	ForkJoinPool-1-worker-1	stdout	operator_metric,nitro,tpcds-parquet-sf10,q23a,0,1/TrinoNitroHashJoinOperator@30,nitroBoundaryNativeExchangeMaximumBatchBytes,1540035
[WARNING] [stderr] 2026-08-15T18:53:36.697-0600	INFO	ForkJoinPool-1-worker-1	stdout	operator_metric,nitro,tpcds-parquet-sf10,q23a,0,1/TrinoNitroHashJoinOperator@30,nitroBoundaryPageIngressPositions,28800991
[WARNING] [stderr] 2026-08-15T18:53:36.697-0600	INFO	ForkJoinPool-1-worker-1	stdout	operator_metric,nitro,tpcds-parquet-sf10,q23a,0,1/TrinoNitroHashJoinOperator@30,nitroBoundaryPageIngressPages,824
[WARNING] [stderr] 2026-08-15T18:53:36.697-0600	INFO	ForkJoinPool-1-worker-1	stdout	operator_metric,nitro,tpcds-parquet-sf10,q23a,0,1/TrinoNitroPageProcessor@74,nitroFilterDirectPreboundMaskSuccesses,0
[WARNING] [stderr] 2026-08-15T18:53:36.697-0600	INFO	ForkJoinPool-1-worker-1	stdout	operator_metric,nitro,tpcds-parquet-sf10,q23a,0,1/TrinoNitroPageProcessor@74,nitroBoundaryNativeExchangePositions,61
[WARNING] [stderr] 2026-08-15T18:53:36.697-0600	INFO	ForkJoinPool-1-worker-1	stdout	operator_metric,nitro,tpcds-parquet-sf10,q23a,0,1/TrinoNitroPageProcessor@74,nitroFilterMaterializedMaskFallbacks,64
[WARNING] [stderr] 2026-08-15T18:53:36.697-0600	INFO	ForkJoinPool-1-worker-1	stdout	operator_metric,nitro,tpcds-parquet-sf10,q23a,0,1/TrinoNitroPageProcessor@74,nitroProjectionRunLengthInputPositions,0
[WARNING] [stderr] 2026-08-15T18:53:36.697-0600	INFO	ForkJoinPool-1-worker-1	stdout	operator_metric,nitro,tpcds-parquet-sf10,q23a,0,1/TrinoNitroPageProcessor@74,nitroFilterPrimitiveMaskSuccesses,0
[WARNING] [stderr] 2026-08-15T18:53:36.697-0600	INFO	ForkJoinPool-1-worker-1	stdout	operator_metric,nitro,tpcds-parquet-sf10,q23a,0,1/TrinoNitroPageProcessor@74,nitroFilterPlannedSourceMaskOptimizations,0
[WARNING] [stderr] 2026-08-15T18:53:36.697-0600	INFO	ForkJoinPool-1-worker-1	stdout	operator_metric,nitro,tpcds-parquet-sf10,q23a,0,1/TrinoNitroPageProcessor@74,nitroProjectionGeneratedOutputs,0
[WARNING] [stderr] 2026-08-15T18:53:36.697-0600	INFO	ForkJoinPool-1-worker-1	stdout	operator_metric,nitro,tpcds-parquet-sf10,q23a,0,1/TrinoNitroPageProcessor@74,nitroProjectionGeneratedErrorFallbacks,0
[WARNING] [stderr] 2026-08-15T18:53:36.697-0600	INFO	ForkJoinPool-1-worker-1	stdout	operator_metric,nitro,tpcds-parquet-sf10,q23a,0,1/TrinoNitroPageProcessor@74,nitroFilterCompiledMaskAttempts,0
[WARNING] [stderr] 2026-08-15T18:53:36.697-0600	INFO	ForkJoinPool-1-worker-1	stdout	operator_metric,nitro,tpcds-parquet-sf10,q23a,0,1/TrinoNitroPageProcessor@74,nitroProjectionDictionaryFlatteningPositions,0
[WARNING] [stderr] 2026-08-15T18:53:36.697-0600	INFO	ForkJoinPool-1-worker-1	stdout	operator_metric,nitro,tpcds-parquet-sf10,q23a,0,1/TrinoNitroPageProcessor@74,nitroProjectionGeneratedAttempts,0
[WARNING] [stderr] 2026-08-15T18:53:36.697-0600	INFO	ForkJoinPool-1-worker-1	stdout	operator_metric,nitro,tpcds-parquet-sf10,q23a,0,1/TrinoNitroPageProcessor@74,nitroProjectionGeneratedKernels,0
[WARNING] [stderr] 2026-08-15T18:53:36.697-0600	INFO	ForkJoinPool-1-worker-1	stdout	operator_metric,nitro,tpcds-parquet-sf10,q23a,0,1/TrinoNitroPageProcessor@74,nitroFilterPrimitiveMaskAttempts,0
[WARNING] [stderr] 2026-08-15T18:53:36.697-0600	INFO	ForkJoinPool-1-worker-1	stdout	operator_metric,nitro,tpcds-parquet-sf10,q23a,0,1/TrinoNitroPageProcessor@74,nitroProjectionIntegerWideningPositions,0
[WARNING] [stderr] 2026-08-15T18:53:36.697-0600	INFO	ForkJoinPool-1-worker-1	stdout	operator_metric,nitro,tpcds-parquet-sf10,q23a,0,1/TrinoNitroPageProcessor@74,nitroFilterCompiledMaskFallbacks,0
[WARNING] [stderr] 2026-08-15T18:53:36.697-0600	INFO	ForkJoinPool-1-worker-1	stdout	operator_metric,nitro,tpcds-parquet-sf10,q23a,0,1/TrinoNitroPageProcessor@74,nitroProjectionGeneratedSuccesses,0
[WARNING] [stderr] 2026-08-15T18:53:36.697-0600	INFO	ForkJoinPool-1-worker-1	stdout	operator_metric,nitro,tpcds-parquet-sf10,q23a,0,1/TrinoNitroPageProcessor@74,nitroFilterPlannedPreboundMasks,0
[WARNING] [stderr] 2026-08-15T18:53:36.697-0600	INFO	ForkJoinPool-1-worker-1	stdout	operator_metric,nitro,tpcds-parquet-sf10,q23a,0,1/TrinoNitroPageProcessor@74,nitroProjectionOtherInputPositions,0
[WARNING] [stderr] 2026-08-15T18:53:36.697-0600	INFO	ForkJoinPool-1-worker-1	stdout	operator_metric,nitro,tpcds-parquet-sf10,q23a,0,1/TrinoNitroPageProcessor@74,nitroFilterInputPositions,495848
[WARNING] [stderr] 2026-08-15T18:53:36.697-0600	INFO	ForkJoinPool-1-worker-1	stdout	operator_metric,nitro,tpcds-parquet-sf10,q23a,0,1/TrinoNitroPageProcessor@74,nitroProjectionDictionaryInputPositions,0
[WARNING] [stderr] 2026-08-15T18:53:36.697-0600	INFO	ForkJoinPool-1-worker-1	stdout	operator_metric,nitro,tpcds-parquet-sf10,q23a,0,1/TrinoNitroPageProcessor@74,nitroBoundaryNativeExchangeBatches,18
[WARNING] [stderr] 2026-08-15T18:53:36.697-0600	INFO	ForkJoinPool-1-worker-1	stdout	operator_metric,nitro,tpcds-parquet-sf10,q23a,0,1/TrinoNitroPageProcessor@74,nitroProjectionOtherNullExpansionPositions,0
[WARNING] [stderr] 2026-08-15T18:53:36.697-0600	INFO	ForkJoinPool-1-worker-1	stdout	operator_metric,nitro,tpcds-parquet-sf10,q23a,0,1/TrinoNitroPageProcessor@74,nitroFilterSourceMaskSuccesses,0
[WARNING] [stderr] 2026-08-15T18:53:36.697-0600	INFO	ForkJoinPool-1-worker-1	stdout	operator_metric,nitro,tpcds-parquet-sf10,q23a,0,1/TrinoNitroPageProcessor@74,nitroFilterOutputPositions,61
[WARNING] [stderr] 2026-08-15T18:53:36.697-0600	INFO	ForkJoinPool-1-worker-1	stdout	operator_metric,nitro,tpcds-parquet-sf10,q23a,0,1/TrinoNitroPageProcessor@74,nitroProjectionPlannedComputedOutputs,0
[WARNING] [stderr] 2026-08-15T18:53:36.697-0600	INFO	ForkJoinPool-1-worker-1	stdout	operator_metric,nitro,tpcds-parquet-sf10,q23a,0,1/TrinoNitroPageProcessor@74,nitroFilterCompiledMaskSuccesses,0
[WARNING] [stderr] 2026-08-15T18:53:36.697-0600	INFO	ForkJoinPool-1-worker-1	stdout	operator_metric,nitro,tpcds-parquet-sf10,q23a,0,1/TrinoNitroPageProcessor@74,nitroFilterPlannedAssignments,64
[WARNING] [stderr] 2026-08-15T18:53:36.697-0600	INFO	ForkJoinPool-1-worker-1	stdout	operator_metric,nitro,tpcds-parquet-sf10,q23a,0,1/TrinoNitroPageProcessor@74,nitroProjectionFlatInputPositions,0
[WARNING] [stderr] 2026-08-15T18:53:36.697-0600	INFO	ForkJoinPool-1-worker-1	stdout	operator_metric,nitro,tpcds-parquet-sf10,q23a,0,1/TrinoNitroPageProcessor@74,nitroProjectionDictionaryNullExpansionPositions,0
[WARNING] [stderr] 2026-08-15T18:53:36.697-0600	INFO	ForkJoinPool-1-worker-1	stdout	operator_metric,nitro,tpcds-parquet-sf10,q23a,0,1/TrinoNitroPageProcessor@74,nitroFilterPrimitiveMaskFallbacks,0
[WARNING] [stderr] 2026-08-15T18:53:36.697-0600	INFO	ForkJoinPool-1-worker-1	stdout	operator_metric,nitro,tpcds-parquet-sf10,q23a,0,1/TrinoNitroPageProcessor@74,nitroProjectionPlannedAssignments,0
[WARNING] [stderr] 2026-08-15T18:53:36.697-0600	INFO	ForkJoinPool-1-worker-1	stdout	operator_metric,nitro,tpcds-parquet-sf10,q23a,0,1/TrinoNitroPageProcessor@74,nitroProjectionGeneratedSelectedPositions,0
[WARNING] [stderr] 2026-08-15T18:53:36.697-0600	INFO	ForkJoinPool-1-worker-1	stdout	operator_metric,nitro,tpcds-parquet-sf10,q23a,0,1/TrinoNitroPageProcessor@74,nitroBoundaryNativeExchangeBytes,549
[WARNING] [stderr] 2026-08-15T18:53:36.697-0600	INFO	ForkJoinPool-1-worker-1	stdout	operator_metric,nitro,tpcds-parquet-sf10,q23a,0,1/TrinoNitroPageProcessor@74,nitroFilterPlannedCompiledMasks,0
[WARNING] [stderr] 2026-08-15T18:53:36.697-0600	INFO	ForkJoinPool-1-worker-1	stdout	operator_metric,nitro,tpcds-parquet-sf10,q23a,0,1/TrinoNitroPageProcessor@74,nitroProjectionGeneratedLayoutFallbacks,0
[WARNING] [stderr] 2026-08-15T18:53:36.697-0600	INFO	ForkJoinPool-1-worker-1	stdout	operator_metric,nitro,tpcds-parquet-sf10,q23a,0,1/TrinoNitroAggregationOperator@6057,nitroBoundaryPageEgressPositions,8
[WARNING] [stderr] 2026-08-15T18:53:36.697-0600	INFO	ForkJoinPool-1-worker-1	stdout	operator_metric,nitro,tpcds-parquet-sf10,q23a,0,1/TrinoNitroAggregationOperator@6057,nitroProjectionRunLengthInputPositions,0
[WARNING] [stderr] 2026-08-15T18:53:36.697-0600	INFO	ForkJoinPool-1-worker-1	stdout	operator_metric,nitro,tpcds-parquet-sf10,q23a,0,1/TrinoNitroAggregationOperator@6057,nitroProjectionDictionaryNullExpansionPositions,0
[WARNING] [stderr] 2026-08-15T18:53:36.697-0600	INFO	ForkJoinPool-1-worker-1	stdout	operator_metric,nitro,tpcds-parquet-sf10,q23a,0,1/TrinoNitroAggregationOperator@6057,nitroProjectionIntegerWideningPositions,0
[WARNING] [stderr] 2026-08-15T18:53:36.697-0600	INFO	ForkJoinPool-1-worker-1	stdout	operator_metric,nitro,tpcds-parquet-sf10,q23a,0,1/TrinoNitroAggregationOperator@6057,nitroAggregationOutputNanos,127681
[WARNING] [stderr] 2026-08-15T18:53:36.697-0600	INFO	ForkJoinPool-1-worker-1	stdout	operator_metric,nitro,tpcds-parquet-sf10,q23a,0,1/TrinoNitroAggregationOperator@6057,nitroProjectionGeneratedLayoutFallbacks,0
[WARNING] [stderr] 2026-08-15T18:53:36.697-0600	INFO	ForkJoinPool-1-worker-1	stdout	operator_metric,nitro,tpcds-parquet-sf10,q23a,0,1/TrinoNitroAggregationOperator@6057,nitroProjectionDictionaryInputPositions,0
[WARNING] [stderr] 2026-08-15T18:53:36.697-0600	INFO	ForkJoinPool-1-worker-1	stdout	operator_metric,nitro,tpcds-parquet-sf10,q23a,0,1/TrinoNitroAggregationOperator@6057,nitroProjectionPlannedAssignments,16
[WARNING] [stderr] 2026-08-15T18:53:36.697-0600	INFO	ForkJoinPool-1-worker-1	stdout	operator_metric,nitro,tpcds-parquet-sf10,q23a,0,1/TrinoNitroAggregationOperator@6057,nitroAggregationAccumulationNanos,0
[WARNING] [stderr] 2026-08-15T18:53:36.697-0600	INFO	ForkJoinPool-1-worker-1	stdout	operator_metric,nitro,tpcds-parquet-sf10,q23a,0,1/TrinoNitroAggregationOperator@6057,nitroBoundaryPageEgressFlatChannelPositions,8
[WARNING] [stderr] 2026-08-15T18:53:36.697-0600	INFO	ForkJoinPool-1-worker-1	stdout	operator_metric,nitro,tpcds-parquet-sf10,q23a,0,1/TrinoNitroAggregationOperator@6057,nitroProjectionGeneratedKernels,0
[WARNING] [stderr] 2026-08-15T18:53:36.697-0600	INFO	ForkJoinPool-1-worker-1	stdout	operator_metric,nitro,tpcds-parquet-sf10,q23a,0,1/TrinoNitroAggregationOperator@6057,nitroAggregationInitialEncodedKeyNanos,0
[WARNING] [stderr] 2026-08-15T18:53:36.697-0600	INFO	ForkJoinPool-1-worker-1	stdout	operator_metric,nitro,tpcds-parquet-sf10,q23a,0,1/TrinoNitroAggregationOperator@6057,nitroAggregationInputNanos,0
[WARNING] [stderr] 2026-08-15T18:53:36.697-0600	INFO	ForkJoinPool-1-worker-1	stdout	operator_metric,nitro,tpcds-parquet-sf10,q23a,0,1/TrinoNitroAggregationOperator@6057,nitroProjectionOtherInputPositions,0
[WARNING] [stderr] 2026-08-15T18:53:36.697-0600	INFO	ForkJoinPool-1-worker-1	stdout	operator_metric,nitro,tpcds-parquet-sf10,q23a,0,1/TrinoNitroAggregationOperator@6057,nitroAggregationFlushNanos,0
[WARNING] [stderr] 2026-08-15T18:53:36.697-0600	INFO	ForkJoinPool-1-worker-1	stdout	operator_metric,nitro,tpcds-parquet-sf10,q23a,0,1/TrinoNitroAggregationOperator@6057,nitroProjectionGeneratedSelectedPositions,0
[WARNING] [stderr] 2026-08-15T18:53:36.697-0600	INFO	ForkJoinPool-1-worker-1	stdout	operator_metric,nitro,tpcds-parquet-sf10,q23a,0,1/TrinoNitroAggregationOperator@6057,nitroBoundaryPageEgressPages,8
[WARNING] [stderr] 2026-08-15T18:53:36.698-0600	INFO	ForkJoinPool-1-worker-1	stdout	operator_metric,nitro,tpcds-parquet-sf10,q23a,0,1/TrinoNitroAggregationOperator@6057,nitroBoundaryNativeEgressRunLengthChannelPositions,0
[WARNING] [stderr] 2026-08-15T18:53:36.698-0600	INFO	ForkJoinPool-1-worker-1	stdout	operator_metric,nitro,tpcds-parquet-sf10,q23a,0,1/TrinoNitroAggregationOperator@6057,nitroProjectionGeneratedSuccesses,0
[WARNING] [stderr] 2026-08-15T18:53:36.698-0600	INFO	ForkJoinPool-1-worker-1	stdout	operator_metric,nitro,tpcds-parquet-sf10,q23a,0,1/TrinoNitroAggregationOperator@6057,nitroAggregationPipelineNanos,0
[WARNING] [stderr] 2026-08-15T18:53:36.698-0600	INFO	ForkJoinPool-1-worker-1	stdout	operator_metric,nitro,tpcds-parquet-sf10,q23a,0,1/TrinoNitroAggregationOperator@6057,nitroProjectionFlatInputPositions,0
[WARNING] [stderr] 2026-08-15T18:53:36.698-0600	INFO	ForkJoinPool-1-worker-1	stdout	operator_metric,nitro,tpcds-parquet-sf10,q23a,0,1/TrinoNitroAggregationOperator@6057,nitroBoundaryPageEgressRunLengthChannelPositions,0
[WARNING] [stderr] 2026-08-15T18:53:36.698-0600	INFO	ForkJoinPool-1-worker-1	stdout	operator_metric,nitro,tpcds-parquet-sf10,q23a,0,1/TrinoNitroAggregationOperator@6057,nitroAggregationStatePreparationNanos,0
[WARNING] [stderr] 2026-08-15T18:53:36.698-0600	INFO	ForkJoinPool-1-worker-1	stdout	operator_metric,nitro,tpcds-parquet-sf10,q23a,0,1/TrinoNitroAggregationOperator@6057,nitroAggregationInitialAggregationNanos,0
[WARNING] [stderr] 2026-08-15T18:53:36.698-0600	INFO	ForkJoinPool-1-worker-1	stdout	operator_metric,nitro,tpcds-parquet-sf10,q23a,0,1/TrinoNitroAggregationOperator@6057,nitroProjectionPlannedComputedOutputs,8
[WARNING] [stderr] 2026-08-15T18:53:36.698-0600	INFO	ForkJoinPool-1-worker-1	stdout	operator_metric,nitro,tpcds-parquet-sf10,q23a,0,1/TrinoNitroAggregationOperator@6057,nitroAggregationInitialFlatKeyNanos,0
[WARNING] [stderr] 2026-08-15T18:53:36.698-0600	INFO	ForkJoinPool-1-worker-1	stdout	operator_metric,nitro,tpcds-parquet-sf10,q23a,0,1/TrinoNitroAggregationOperator@6057,nitroProjectionDictionaryFlatteningPositions,0
[WARNING] [stderr] 2026-08-15T18:53:36.698-0600	INFO	ForkJoinPool-1-worker-1	stdout	operator_metric,nitro,tpcds-parquet-sf10,q23a,0,1/TrinoNitroAggregationOperator@6057,nitroAggregationInitialKeyNanos,0
[WARNING] [stderr] 2026-08-15T18:53:36.698-0600	INFO	ForkJoinPool-1-worker-1	stdout	operator_metric,nitro,tpcds-parquet-sf10,q23a,0,1/TrinoNitroAggregationOperator@6057,nitroProjectionGeneratedAttempts,0
[WARNING] [stderr] 2026-08-15T18:53:36.698-0600	INFO	ForkJoinPool-1-worker-1	stdout	operator_metric,nitro,tpcds-parquet-sf10,q23a,0,1/TrinoNitroAggregationOperator@6057,nitroAggregationFusedNanos,0
[WARNING] [stderr] 2026-08-15T18:53:36.698-0600	INFO	ForkJoinPool-1-worker-1	stdout	operator_metric,nitro,tpcds-parquet-sf10,q23a,0,1/TrinoNitroAggregationOperator@6057,nitroBoundaryNativeEgressDictionaryChannelPositions,0
[WARNING] [stderr] 2026-08-15T18:53:36.698-0600	INFO	ForkJoinPool-1-worker-1	stdout	operator_metric,nitro,tpcds-parquet-sf10,q23a,0,1/TrinoNitroAggregationOperator@6057,nitroAggregationGroupingNanos,0
[WARNING] [stderr] 2026-08-15T18:53:36.698-0600	INFO	ForkJoinPool-1-worker-1	stdout	operator_metric,nitro,tpcds-parquet-sf10,q23a,0,1/TrinoNitroAggregationOperator@6057,nitroBoundaryNativeEgressFlatChannelPositions,8
[WARNING] [stderr] 2026-08-15T18:53:36.698-0600	INFO	ForkJoinPool-1-worker-1	stdout	operator_metric,nitro,tpcds-parquet-sf10,q23a,0,1/TrinoNitroAggregationOperator@6057,nitroBoundaryPageEgressDictionaryChannelPositions,0
[WARNING] [stderr] 2026-08-15T18:53:36.698-0600	INFO	ForkJoinPool-1-worker-1	stdout	operator_metric,nitro,tpcds-parquet-sf10,q23a,0,1/TrinoNitroAggregationOperator@6057,nitroProjectionGeneratedErrorFallbacks,0
[WARNING] [stderr] 2026-08-15T18:53:36.698-0600	INFO	ForkJoinPool-1-worker-1	stdout	operator_metric,nitro,tpcds-parquet-sf10,q23a,0,1/TrinoNitroAggregationOperator@6057,nitroBoundaryPageEgressBytes,40
[WARNING] [stderr] 2026-08-15T18:53:36.698-0600	INFO	ForkJoinPool-1-worker-1	stdout	operator_metric,nitro,tpcds-parquet-sf10,q23a,0,1/TrinoNitroAggregationOperator@6057,nitroProjectionOtherNullExpansionPositions,0
[WARNING] [stderr] 2026-08-15T18:53:36.698-0600	INFO	ForkJoinPool-1-worker-1	stdout	operator_metric,nitro,tpcds-parquet-sf10,q23a,0,1/TrinoNitroAggregationOperator@6057,nitroProjectionGeneratedOutputs,0
[WARNING] [stderr] 2026-08-15T18:53:36.698-0600	INFO	ForkJoinPool-1-worker-1	stdout	operator_metric,nitro,tpcds-parquet-sf10,q23a,0,1/TrinoNitroAggregationOperator@2036,nitroAggregationInputNanos,551476
[WARNING] [stderr] 2026-08-15T18:53:36.698-0600	INFO	ForkJoinPool-1-worker-1	stdout	operator_metric,nitro,tpcds-parquet-sf10,q23a,0,1/TrinoNitroAggregationOperator@2036,nitroBoundaryNativeExchangeBatches,18
[WARNING] [stderr] 2026-08-15T18:53:36.698-0600	INFO	ForkJoinPool-1-worker-1	stdout	operator_metric,nitro,tpcds-parquet-sf10,q23a,0,1/TrinoNitroAggregationOperator@2036,nitroBoundaryNativeExchangeMaximumChannel0Bytes,333
[WARNING] [stderr] 2026-08-15T18:53:36.698-0600	INFO	ForkJoinPool-1-worker-1	stdout	operator_metric,nitro,tpcds-parquet-sf10,q23a,0,1/TrinoNitroAggregationOperator@2036,nitroAggregationStatePreparationNanos,0
[WARNING] [stderr] 2026-08-15T18:53:36.698-0600	INFO	ForkJoinPool-1-worker-1	stdout	operator_metric,nitro,tpcds-parquet-sf10,q23a,0,1/TrinoNitroAggregationOperator@2036,nitroBoundaryNativeExchangeBytes,549
[WARNING] [stderr] 2026-08-15T18:53:36.698-0600	INFO	ForkJoinPool-1-worker-1	stdout	operator_metric,nitro,tpcds-parquet-sf10,q23a,0,1/TrinoNitroAggregationOperator@2036,nitroAggregationOutputNanos,118144
[WARNING] [stderr] 2026-08-15T18:53:36.698-0600	INFO	ForkJoinPool-1-worker-1	stdout	operator_metric,nitro,tpcds-parquet-sf10,q23a,0,1/TrinoNitroAggregationOperator@2036,nitroAggregationAccumulationNanos,0
[WARNING] [stderr] 2026-08-15T18:53:36.698-0600	INFO	ForkJoinPool-1-worker-1	stdout	operator_metric,nitro,tpcds-parquet-sf10,q23a,0,1/TrinoNitroAggregationOperator@2036,nitroAggregationInitialFlatKeyNanos,0
[WARNING] [stderr] 2026-08-15T18:53:36.698-0600	INFO	ForkJoinPool-1-worker-1	stdout	operator_metric,nitro,tpcds-parquet-sf10,q23a,0,1/TrinoNitroAggregationOperator@2036,nitroAggregationFusedNanos,0
[WARNING] [stderr] 2026-08-15T18:53:36.698-0600	INFO	ForkJoinPool-1-worker-1	stdout	operator_metric,nitro,tpcds-parquet-sf10,q23a,0,1/TrinoNitroAggregationOperator@2036,nitroBoundaryNativeExchangePositions,61
[WARNING] [stderr] 2026-08-15T18:53:36.698-0600	INFO	ForkJoinPool-1-worker-1	stdout	operator_metric,nitro,tpcds-parquet-sf10,q23a,0,1/TrinoNitroAggregationOperator@2036,nitroAggregationInitialAggregationNanos,0
[WARNING] [stderr] 2026-08-15T18:53:36.698-0600	INFO	ForkJoinPool-1-worker-1	stdout	operator_metric,nitro,tpcds-parquet-sf10,q23a,0,1/TrinoNitroAggregationOperator@2036,nitroAggregationGroupingNanos,0
[WARNING] [stderr] 2026-08-15T18:53:36.698-0600	INFO	ForkJoinPool-1-worker-1	stdout	operator_metric,nitro,tpcds-parquet-sf10,q23a,0,1/TrinoNitroAggregationOperator@2036,nitroBoundaryNativeExchangeMaximumBatchBytes,333
[WARNING] [stderr] 2026-08-15T18:53:36.698-0600	INFO	ForkJoinPool-1-worker-1	stdout	operator_metric,nitro,tpcds-parquet-sf10,q23a,0,1/TrinoNitroAggregationOperator@2036,nitroAggregationPipelineNanos,0
[WARNING] [stderr] 2026-08-15T18:53:36.698-0600	INFO	ForkJoinPool-1-worker-1	stdout	operator_metric,nitro,tpcds-parquet-sf10,q23a,0,1/TrinoNitroAggregationOperator@2036,nitroAggregationFlushNanos,0
[WARNING] [stderr] 2026-08-15T18:53:36.698-0600	INFO	ForkJoinPool-1-worker-1	stdout	operator_metric,nitro,tpcds-parquet-sf10,q23a,0,1/TrinoNitroAggregationOperator@2036,nitroAggregationInitialKeyNanos,0
[WARNING] [stderr] 2026-08-15T18:53:36.698-0600	INFO	ForkJoinPool-1-worker-1	stdout	operator_metric,nitro,tpcds-parquet-sf10,q23a,0,1/TrinoNitroAggregationOperator@2036,nitroAggregationInitialEncodedKeyNanos,0
[WARNING] [stderr] 2026-08-15T18:53:36.698-0600	INFO	ForkJoinPool-1-worker-1	stdout	operator_metric,nitro,tpcds-parquet-sf10,q23a,0,1/TrinoNitroAggregationOperator@6093,nitroPartialAggregationCardinalityObservations,18
[WARNING] [stderr] 2026-08-15T18:53:36.698-0600	INFO	ForkJoinPool-1-worker-1	stdout	operator_metric,nitro,tpcds-parquet-sf10,q23a,0,1/TrinoNitroAggregationOperator@6093,nitroProjectionIntegerWideningPositions,0
[WARNING] [stderr] 2026-08-15T18:53:36.698-0600	INFO	ForkJoinPool-1-worker-1	stdout	operator_metric,nitro,tpcds-parquet-sf10,q23a,0,1/TrinoNitroAggregationOperator@6093,nitroBoundaryNativeExchangeMaximumBatchBytes,2653511
[WARNING] [stderr] 2026-08-15T18:53:36.698-0600	INFO	ForkJoinPool-1-worker-1	stdout	operator_metric,nitro,tpcds-parquet-sf10,q23a,0,1/TrinoNitroAggregationOperator@6093,nitroPartialAggregationCardinalityReconsideredDecisions,0
[WARNING] [stderr] 2026-08-15T18:53:36.698-0600	INFO	ForkJoinPool-1-worker-1	stdout	operator_metric,nitro,tpcds-parquet-sf10,q23a,0,1/TrinoNitroAggregationOperator@6093,nitroAggregationPipelineNanos,8959733
[WARNING] [stderr] 2026-08-15T18:53:36.698-0600	INFO	ForkJoinPool-1-worker-1	stdout	operator_metric,nitro,tpcds-parquet-sf10,q23a,0,1/TrinoNitroAggregationOperator@6093,nitroProjectionPlannedAssignments,16
[WARNING] [stderr] 2026-08-15T18:53:36.698-0600	INFO	ForkJoinPool-1-worker-1	stdout	operator_metric,nitro,tpcds-parquet-sf10,q23a,0,1/TrinoNitroAggregationOperator@6093,nitroPartialAggregationPassthroughToAggregationTransitions,0
[WARNING] [stderr] 2026-08-15T18:53:36.698-0600	INFO	ForkJoinPool-1-worker-1	stdout	operator_metric,nitro,tpcds-parquet-sf10,q23a,0,1/TrinoNitroAggregationOperator@6093,nitroPartialAggregationAggregatedOutputRows,1269334
[WARNING] [stderr] 2026-08-15T18:53:36.698-0600	INFO	ForkJoinPool-1-worker-1	stdout	operator_metric,nitro,tpcds-parquet-sf10,q23a,0,1/TrinoNitroAggregationOperator@6093,nitroProjectionDictionaryInputPositions,0
[WARNING] [stderr] 2026-08-15T18:53:36.698-0600	INFO	ForkJoinPool-1-worker-1	stdout	operator_metric,nitro,tpcds-parquet-sf10,q23a,0,1/TrinoNitroAggregationOperator@6093,nitroAggregationAccumulationNanos,878296788
[WARNING] [stderr] 2026-08-15T18:53:36.698-0600	INFO	ForkJoinPool-1-worker-1	stdout	operator_metric,nitro,tpcds-parquet-sf10,q23a,0,1/TrinoNitroAggregationOperator@6093,nitroProjectionGeneratedErrorFallbacks,0
[WARNING] [stderr] 2026-08-15T18:53:36.698-0600	INFO	ForkJoinPool-1-worker-1	stdout	operator_metric,nitro,tpcds-parquet-sf10,q23a,0,1/TrinoNitroAggregationOperator@6093,nitroProjectionGeneratedOutputs,0
[WARNING] [stderr] 2026-08-15T18:53:36.698-0600	INFO	ForkJoinPool-1-worker-1	stdout	operator_metric,nitro,tpcds-parquet-sf10,q23a,0,1/TrinoNitroAggregationOperator@6093,nitroProjectionFlatInputPositions,0
[WARNING] [stderr] 2026-08-15T18:53:36.698-0600	INFO	ForkJoinPool-1-worker-1	stdout	operator_metric,nitro,tpcds-parquet-sf10,q23a,0,1/TrinoNitroAggregationOperator@6093,nitroAggregationInitialEncodedKeyNanos,0
[WARNING] [stderr] 2026-08-15T18:53:36.698-0600	INFO	ForkJoinPool-1-worker-1	stdout	operator_metric,nitro,tpcds-parquet-sf10,q23a,0,1/TrinoNitroAggregationOperator@6093,nitroProjectionGeneratedLayoutFallbacks,0
[WARNING] [stderr] 2026-08-15T18:53:36.698-0600	INFO	ForkJoinPool-1-worker-1	stdout	operator_metric,nitro,tpcds-parquet-sf10,q23a,0,1/TrinoNitroAggregationOperator@6093,nitroProjectionGeneratedSuccesses,0
[WARNING] [stderr] 2026-08-15T18:53:36.698-0600	INFO	ForkJoinPool-1-worker-1	stdout	operator_metric,nitro,tpcds-parquet-sf10,q23a,0,1/TrinoNitroAggregationOperator@6093,nitroPartialAggregationAggregatedInputRows,27504738
[WARNING] [stderr] 2026-08-15T18:53:36.698-0600	INFO	ForkJoinPool-1-worker-1	stdout	operator_metric,nitro,tpcds-parquet-sf10,q23a,0,1/TrinoNitroAggregationOperator@6093,nitroAggregationFlushNanos,0
[WARNING] [stderr] 2026-08-15T18:53:36.698-0600	INFO	ForkJoinPool-1-worker-1	stdout	operator_metric,nitro,tpcds-parquet-sf10,q23a,0,1/TrinoNitroAggregationOperator@6093,nitroBoundaryNativeExchangeMaximumChannel1Bytes,1621319
[WARNING] [stderr] 2026-08-15T18:53:36.698-0600	INFO	ForkJoinPool-1-worker-1	stdout	operator_metric,nitro,tpcds-parquet-sf10,q23a,0,1/TrinoNitroAggregationOperator@6093,nitroAggregationFusedNanos,0
[WARNING] [stderr] 2026-08-15T18:53:36.698-0600	INFO	ForkJoinPool-1-worker-1	stdout	operator_metric,nitro,tpcds-parquet-sf10,q23a,0,1/TrinoNitroAggregationOperator@6093,nitroProjectionGeneratedKernels,0
[WARNING] [stderr] 2026-08-15T18:53:36.698-0600	INFO	ForkJoinPool-1-worker-1	stdout	operator_metric,nitro,tpcds-parquet-sf10,q23a,0,1/TrinoNitroAggregationOperator@6093,nitroAggregationInitialAggregationNanos,0
[WARNING] [stderr] 2026-08-15T18:53:36.698-0600	INFO	ForkJoinPool-1-worker-1	stdout	operator_metric,nitro,tpcds-parquet-sf10,q23a,0,1/TrinoNitroAggregationOperator@6093,nitroProjectionOtherNullExpansionPositions,0
[WARNING] [stderr] 2026-08-15T18:53:36.698-0600	INFO	ForkJoinPool-1-worker-1	stdout	operator_metric,nitro,tpcds-parquet-sf10,q23a,0,1/TrinoNitroAggregationOperator@6093,nitroProjectionGeneratedAttempts,0
[WARNING] [stderr] 2026-08-15T18:53:36.698-0600	INFO	ForkJoinPool-1-worker-1	stdout	operator_metric,nitro,tpcds-parquet-sf10,q23a,0,1/TrinoNitroAggregationOperator@6093,nitroPartialAggregationPassthroughFlushes,0
[WARNING] [stderr] 2026-08-15T18:53:36.698-0600	INFO	ForkJoinPool-1-worker-1	stdout	operator_metric,nitro,tpcds-parquet-sf10,q23a,0,1/TrinoNitroAggregationOperator@6093,nitroProjectionOtherInputPositions,0
[WARNING] [stderr] 2026-08-15T18:53:36.698-0600	INFO	ForkJoinPool-1-worker-1	stdout	operator_metric,nitro,tpcds-parquet-sf10,q23a,0,1/TrinoNitroAggregationOperator@6093,nitroProjectionDictionaryFlatteningPositions,0
[WARNING] [stderr] 2026-08-15T18:53:36.698-0600	INFO	ForkJoinPool-1-worker-1	stdout	operator_metric,nitro,tpcds-parquet-sf10,q23a,0,1/TrinoNitroAggregationOperator@6093,nitroBoundaryNativeExchangeBytes,29525455
[WARNING] [stderr] 2026-08-15T18:53:36.698-0600	INFO	ForkJoinPool-1-worker-1	stdout	operator_metric,nitro,tpcds-parquet-sf10,q23a,0,1/TrinoNitroAggregationOperator@6093,nitroProjectionRunLengthInputPositions,0
[WARNING] [stderr] 2026-08-15T18:53:36.698-0600	INFO	ForkJoinPool-1-worker-1	stdout	operator_metric,nitro,tpcds-parquet-sf10,q23a,0,1/TrinoNitroAggregationOperator@6093,nitroProjectionGeneratedSelectedPositions,0
[WARNING] [stderr] 2026-08-15T18:53:36.698-0600	INFO	ForkJoinPool-1-worker-1	stdout	operator_metric,nitro,tpcds-parquet-sf10,q23a,0,1/TrinoNitroAggregationOperator@6093,nitroPartialAggregationAggregationToPassthroughTransitions,0
[WARNING] [stderr] 2026-08-15T18:53:36.698-0600	INFO	ForkJoinPool-1-worker-1	stdout	operator_metric,nitro,tpcds-parquet-sf10,q23a,0,1/TrinoNitroAggregationOperator@6093,nitroBoundaryNativeExchangePositions,1269334
[WARNING] [stderr] 2026-08-15T18:53:36.698-0600	INFO	ForkJoinPool-1-worker-1	stdout	operator_metric,nitro,tpcds-parquet-sf10,q23a,0,1/TrinoNitroAggregationOperator@6093,nitroAggregationStatePreparationNanos,12318051
[WARNING] [stderr] 2026-08-15T18:53:36.698-0600	INFO	ForkJoinPool-1-worker-1	stdout	operator_metric,nitro,tpcds-parquet-sf10,q23a,0,1/TrinoNitroAggregationOperator@6093,nitroAggregationInitialKeyNanos,0
[WARNING] [stderr] 2026-08-15T18:53:36.698-0600	INFO	ForkJoinPool-1-worker-1	stdout	operator_metric,nitro,tpcds-parquet-sf10,q23a,0,1/TrinoNitroAggregationOperator@6093,nitroPartialAggregationCardinalityBypassDecisions,0
[WARNING] [stderr] 2026-08-15T18:53:36.698-0600	INFO	ForkJoinPool-1-worker-1	stdout	operator_metric,nitro,tpcds-parquet-sf10,q23a,0,1/TrinoNitroAggregationOperator@6093,nitroBoundaryNativeExchangeMaximumChannel0Bytes,1032192
[WARNING] [stderr] 2026-08-15T18:53:36.698-0600	INFO	ForkJoinPool-1-worker-1	stdout	operator_metric,nitro,tpcds-parquet-sf10,q23a,0,1/TrinoNitroAggregationOperator@6093,nitroProjectionDictionaryNullExpansionPositions,0
[WARNING] [stderr] 2026-08-15T18:53:36.698-0600	INFO	ForkJoinPool-1-worker-1	stdout	operator_metric,nitro,tpcds-parquet-sf10,q23a,0,1/TrinoNitroAggregationOperator@6093,nitroPartialAggregationAggregatedFlushes,7
[WARNING] [stderr] 2026-08-15T18:53:36.698-0600	INFO	ForkJoinPool-1-worker-1	stdout	operator_metric,nitro,tpcds-parquet-sf10,q23a,0,1/TrinoNitroAggregationOperator@6093,nitroAggregationInputNanos,1335386182
[WARNING] [stderr] 2026-08-15T18:53:36.698-0600	INFO	ForkJoinPool-1-worker-1	stdout	operator_metric,nitro,tpcds-parquet-sf10,q23a,0,1/TrinoNitroAggregationOperator@6093,nitroAggregationInitialFlatKeyNanos,0
[WARNING] [stderr] 2026-08-15T18:53:36.698-0600	INFO	ForkJoinPool-1-worker-1	stdout	operator_metric,nitro,tpcds-parquet-sf10,q23a,0,1/TrinoNitroAggregationOperator@6093,nitroPartialAggregationCardinalityAggregateDecisions,2
[WARNING] [stderr] 2026-08-15T18:53:36.698-0600	INFO	ForkJoinPool-1-worker-1	stdout	operator_metric,nitro,tpcds-parquet-sf10,q23a,0,1/TrinoNitroAggregationOperator@6093,nitroPartialAggregationPassthroughInputRows,0
[WARNING] [stderr] 2026-08-15T18:53:36.698-0600	INFO	ForkJoinPool-1-worker-1	stdout	operator_metric,nitro,tpcds-parquet-sf10,q23a,0,1/TrinoNitroAggregationOperator@6093,nitroPartialAggregationAggregatedInputBytes,605120626
[WARNING] [stderr] 2026-08-15T18:53:36.698-0600	INFO	ForkJoinPool-1-worker-1	stdout	operator_metric,nitro,tpcds-parquet-sf10,q23a,0,1/TrinoNitroAggregationOperator@6093,nitroAggregationGroupingNanos,426826156
[WARNING] [stderr] 2026-08-15T18:53:36.698-0600	INFO	ForkJoinPool-1-worker-1	stdout	operator_metric,nitro,tpcds-parquet-sf10,q23a,0,1/TrinoNitroAggregationOperator@6093,nitroBoundaryNativeExchangeBatches,82
[WARNING] [stderr] 2026-08-15T18:53:36.698-0600	INFO	ForkJoinPool-1-worker-1	stdout	operator_metric,nitro,tpcds-parquet-sf10,q23a,0,1/TrinoNitroAggregationOperator@6093,nitroPartialAggregationPassthroughInputBytes,0
[WARNING] [stderr] 2026-08-15T18:53:36.698-0600	INFO	ForkJoinPool-1-worker-1	stdout	operator_metric,nitro,tpcds-parquet-sf10,q23a,0,1/TrinoNitroAggregationOperator@6093,nitroAggregationOutputNanos,3342940
[WARNING] [stderr] 2026-08-15T18:53:36.698-0600	INFO	ForkJoinPool-1-worker-1	stdout	operator_metric,nitro,tpcds-parquet-sf10,q23a,0,1/TrinoNitroAggregationOperator@6093,nitroProjectionPlannedComputedOutputs,8
[WARNING] [stderr] 2026-08-15T18:53:36.698-0600	INFO	ForkJoinPool-1-worker-1	stdout	operator_metric,nitro,tpcds-parquet-sf10,q23a,0,1/TrinoNitroHashJoinOperator@1580,nitroBoundaryPageIngressRunLengthChannelPositions,0
[WARNING] [stderr] 2026-08-15T18:53:36.698-0600	INFO	ForkJoinPool-1-worker-1	stdout	operator_metric,nitro,tpcds-parquet-sf10,q23a,0,1/TrinoNitroHashJoinOperator@1580,nitroBoundaryPageIngressFlatChannelPositions,20823
[WARNING] [stderr] 2026-08-15T18:53:36.698-0600	INFO	ForkJoinPool-1-worker-1	stdout	operator_metric,nitro,tpcds-parquet-sf10,q23a,0,1/TrinoNitroHashJoinOperator@1580,nitroBoundaryPageIngressPages,6
[WARNING] [stderr] 2026-08-15T18:53:36.698-0600	INFO	ForkJoinPool-1-worker-1	stdout	operator_metric,nitro,tpcds-parquet-sf10,q23a,0,1/TrinoNitroHashJoinOperator@1580,nitroBoundaryPageIngressBytes,159643
[WARNING] [stderr] 2026-08-15T18:53:36.698-0600	INFO	ForkJoinPool-1-worker-1	stdout	operator_metric,nitro,tpcds-parquet-sf10,q23a,0,1/TrinoNitroHashJoinOperator@1580,nitroBoundaryPageIngressPositions,6941
[WARNING] [stderr] 2026-08-15T18:53:36.698-0600	INFO	ForkJoinPool-1-worker-1	stdout	operator_metric,nitro,tpcds-parquet-sf10,q23a,0,1/TrinoNitroHashJoinOperator@1580,nitroBoundaryPageIngressDictionaryChannelPositions,0
[WARNING] [stderr] 2026-08-15T18:53:36.698-0600	INFO	ForkJoinPool-1-worker-1	stdout	operator_metric,nitro,tpcds-parquet-sf10,q23a,0,1/TrinoNitroAggregationOperator@35,nitroAggregationPipelineNanos,0
[WARNING] [stderr] 2026-08-15T18:53:36.698-0600	INFO	ForkJoinPool-1-worker-1	stdout	operator_metric,nitro,tpcds-parquet-sf10,q23a,0,1/TrinoNitroAggregationOperator@35,nitroBoundaryNativeExchangePositions,495848
[WARNING] [stderr] 2026-08-15T18:53:36.698-0600	INFO	ForkJoinPool-1-worker-1	stdout	operator_metric,nitro,tpcds-parquet-sf10,q23a,0,1/TrinoNitroAggregationOperator@35,nitroAggregationAccumulationNanos,12784342
[WARNING] [stderr] 2026-08-15T18:53:36.698-0600	INFO	ForkJoinPool-1-worker-1	stdout	operator_metric,nitro,tpcds-parquet-sf10,q23a,0,1/TrinoNitroAggregationOperator@35,nitroAggregationGroupingNanos,43730602
[WARNING] [stderr] 2026-08-15T18:53:36.698-0600	INFO	ForkJoinPool-1-worker-1	stdout	operator_metric,nitro,tpcds-parquet-sf10,q23a,0,1/TrinoNitroAggregationOperator@35,nitroBoundaryNativeExchangeBatches,32
[WARNING] [stderr] 2026-08-15T18:53:36.698-0600	INFO	ForkJoinPool-1-worker-1	stdout	operator_metric,nitro,tpcds-parquet-sf10,q23a,0,1/TrinoNitroAggregationOperator@35,nitroAggregationFlushNanos,0
[WARNING] [stderr] 2026-08-15T18:53:36.698-0600	INFO	ForkJoinPool-1-worker-1	stdout	operator_metric,nitro,tpcds-parquet-sf10,q23a,0,1/TrinoNitroAggregationOperator@35,nitroBoundaryNativeExchangeBytes,12892048
[WARNING] [stderr] 2026-08-15T18:53:36.698-0600	INFO	ForkJoinPool-1-worker-1	stdout	operator_metric,nitro,tpcds-parquet-sf10,q23a,0,1/TrinoNitroAggregationOperator@35,nitroAggregationInitialEncodedKeyNanos,0
[WARNING] [stderr] 2026-08-15T18:53:36.698-0600	INFO	ForkJoinPool-1-worker-1	stdout	operator_metric,nitro,tpcds-parquet-sf10,q23a,0,1/TrinoNitroAggregationOperator@35,nitroAggregationInitialKeyNanos,0
[WARNING] [stderr] 2026-08-15T18:53:36.698-0600	INFO	ForkJoinPool-1-worker-1	stdout	operator_metric,nitro,tpcds-parquet-sf10,q23a,0,1/TrinoNitroAggregationOperator@35,nitroBoundaryNativeExchangeMaximumBatchBytes,3407872
[WARNING] [stderr] 2026-08-15T18:53:36.698-0600	INFO	ForkJoinPool-1-worker-1	stdout	operator_metric,nitro,tpcds-parquet-sf10,q23a,0,1/TrinoNitroAggregationOperator@35,nitroAggregationInputNanos,58985490
[WARNING] [stderr] 2026-08-15T18:53:36.698-0600	INFO	ForkJoinPool-1-worker-1	stdout	operator_metric,nitro,tpcds-parquet-sf10,q23a,0,1/TrinoNitroAggregationOperator@35,nitroAggregationInitialAggregationNanos,0
[WARNING] [stderr] 2026-08-15T18:53:36.698-0600	INFO	ForkJoinPool-1-worker-1	stdout	operator_metric,nitro,tpcds-parquet-sf10,q23a,0,1/TrinoNitroAggregationOperator@35,nitroBoundaryNativeExchangeMaximumChannel0Bytes,1179648
[WARNING] [stderr] 2026-08-15T18:53:36.698-0600	INFO	ForkJoinPool-1-worker-1	stdout	operator_metric,nitro,tpcds-parquet-sf10,q23a,0,1/TrinoNitroAggregationOperator@35,nitroAggregationOutputNanos,116366
[WARNING] [stderr] 2026-08-15T18:53:36.698-0600	INFO	ForkJoinPool-1-worker-1	stdout	operator_metric,nitro,tpcds-parquet-sf10,q23a,0,1/TrinoNitroAggregationOperator@35,nitroBoundaryNativeExchangeMaximumChannel1Bytes,2228224
[WARNING] [stderr] 2026-08-15T18:53:36.698-0600	INFO	ForkJoinPool-1-worker-1	stdout	operator_metric,nitro,tpcds-parquet-sf10,q23a,0,1/TrinoNitroAggregationOperator@35,nitroAggregationFusedNanos,0
[WARNING] [stderr] 2026-08-15T18:53:36.698-0600	INFO	ForkJoinPool-1-worker-1	stdout	operator_metric,nitro,tpcds-parquet-sf10,q23a,0,1/TrinoNitroAggregationOperator@35,nitroAggregationStatePreparationNanos,1460939
[WARNING] [stderr] 2026-08-15T18:53:36.698-0600	INFO	ForkJoinPool-1-worker-1	stdout	operator_metric,nitro,tpcds-parquet-sf10,q23a,0,1/TrinoNitroAggregationOperator@35,nitroAggregationInitialFlatKeyNanos,0
[WARNING] [stderr] 2026-08-15T18:53:36.698-0600	INFO	ForkJoinPool-1-worker-1	stdout	operator_metric,nitro,tpcds-parquet-sf10,q23a,0,1/TrinoNitroHashJoinOperator@64,nitroBoundaryNativeExchangeBytes,20825936
[WARNING] [stderr] 2026-08-15T18:53:36.698-0600	INFO	ForkJoinPool-1-worker-1	stdout	operator_metric,nitro,tpcds-parquet-sf10,q23a,0,1/TrinoNitroHashJoinOperator@64,nitroBoundaryNativeExchangeBatches,32
[WARNING] [stderr] 2026-08-15T18:53:36.698-0600	INFO	ForkJoinPool-1-worker-1	stdout	operator_metric,nitro,tpcds-parquet-sf10,q23a,0,1/TrinoNitroHashJoinOperator@64,nitroBoundaryNativeExchangeMaximumBatchBytes,5505104
[WARNING] [stderr] 2026-08-15T18:53:36.698-0600	INFO	ForkJoinPool-1-worker-1	stdout	operator_metric,nitro,tpcds-parquet-sf10,q23a,0,1/TrinoNitroHashJoinOperator@64,nitroBoundaryNativeExchangePositions,495848
[WARNING] [stderr] 2026-08-15T18:53:36.698-0600	INFO	ForkJoinPool-1-worker-1	stdout	operator_metric,nitro,tpcds-parquet-sf10,q23a,0,19/TrinoNitroPageProcessor@5111,nitroProjectionGeneratedKernels,0
[WARNING] [stderr] 2026-08-15T18:53:36.698-0600	INFO	ForkJoinPool-1-worker-1	stdout	operator_metric,nitro,tpcds-parquet-sf10,q23a,0,19/TrinoNitroPageProcessor@5111,nitroBoundaryPageIngressFlatChannelPositions,2
[WARNING] [stderr] 2026-08-15T18:53:36.698-0600	INFO	ForkJoinPool-1-worker-1	stdout	operator_metric,nitro,tpcds-parquet-sf10,q23a,0,19/TrinoNitroPageProcessor@5111,nitroProjectionGeneratedAttempts,0
[WARNING] [stderr] 2026-08-15T18:53:36.699-0600	INFO	ForkJoinPool-1-worker-1	stdout	operator_metric,nitro,tpcds-parquet-sf10,q23a,0,19/TrinoNitroPageProcessor@5111,nitroProjectionGeneratedOutputs,0
[WARNING] [stderr] 2026-08-15T18:53:36.699-0600	INFO	ForkJoinPool-1-worker-1	stdout	operator_metric,nitro,tpcds-parquet-sf10,q23a,0,19/TrinoNitroPageProcessor@5111,nitroProjectionPlannedComputedOutputs,2
[WARNING] [stderr] 2026-08-15T18:53:36.699-0600	INFO	ForkJoinPool-1-worker-1	stdout	operator_metric,nitro,tpcds-parquet-sf10,q23a,0,19/TrinoNitroPageProcessor@5111,nitroBoundaryPageIngressDictionaryChannelPositions,0
[WARNING] [stderr] 2026-08-15T18:53:36.699-0600	INFO	ForkJoinPool-1-worker-1	stdout	operator_metric,nitro,tpcds-parquet-sf10,q23a,0,19/TrinoNitroPageProcessor@5111,nitroBoundaryPageIngressPages,2
[WARNING] [stderr] 2026-08-15T18:53:36.699-0600	INFO	ForkJoinPool-1-worker-1	stdout	operator_metric,nitro,tpcds-parquet-sf10,q23a,0,19/TrinoNitroPageProcessor@5111,nitroProjectionIntegerWideningPositions,0
[WARNING] [stderr] 2026-08-15T18:53:36.699-0600	INFO	ForkJoinPool-1-worker-1	stdout	operator_metric,nitro,tpcds-parquet-sf10,q23a,0,19/TrinoNitroPageProcessor@5111,nitroBoundaryNativeExchangeBatches,2
[WARNING] [stderr] 2026-08-15T18:53:36.699-0600	INFO	ForkJoinPool-1-worker-1	stdout	operator_metric,nitro,tpcds-parquet-sf10,q23a,0,19/TrinoNitroPageProcessor@5111,nitroProjectionOtherNullExpansionPositions,0
[WARNING] [stderr] 2026-08-15T18:53:36.699-0600	INFO	ForkJoinPool-1-worker-1	stdout	operator_metric,nitro,tpcds-parquet-sf10,q23a,0,19/TrinoNitroPageProcessor@5111,nitroProjectionPlannedAssignments,4
[WARNING] [stderr] 2026-08-15T18:53:36.699-0600	INFO	ForkJoinPool-1-worker-1	stdout	operator_metric,nitro,tpcds-parquet-sf10,q23a,0,19/TrinoNitroPageProcessor@5111,nitroProjectionFlatInputPositions,0
[WARNING] [stderr] 2026-08-15T18:53:36.699-0600	INFO	ForkJoinPool-1-worker-1	stdout	operator_metric,nitro,tpcds-parquet-sf10,q23a,0,19/TrinoNitroPageProcessor@5111,nitroProjectionDictionaryInputPositions,0
[WARNING] [stderr] 2026-08-15T18:53:36.699-0600	INFO	ForkJoinPool-1-worker-1	stdout	operator_metric,nitro,tpcds-parquet-sf10,q23a,0,19/TrinoNitroPageProcessor@5111,nitroBoundaryNativeExchangePositions,2
[WARNING] [stderr] 2026-08-15T18:53:36.699-0600	INFO	ForkJoinPool-1-worker-1	stdout	operator_metric,nitro,tpcds-parquet-sf10,q23a,0,19/TrinoNitroPageProcessor@5111,nitroProjectionDictionaryNullExpansionPositions,0
[WARNING] [stderr] 2026-08-15T18:53:36.699-0600	INFO	ForkJoinPool-1-worker-1	stdout	operator_metric,nitro,tpcds-parquet-sf10,q23a,0,19/TrinoNitroPageProcessor@5111,nitroBoundaryPageIngressRunLengthChannelPositions,0
[WARNING] [stderr] 2026-08-15T18:53:36.699-0600	INFO	ForkJoinPool-1-worker-1	stdout	operator_metric,nitro,tpcds-parquet-sf10,q23a,0,19/TrinoNitroPageProcessor@5111,nitroProjectionDictionaryFlatteningPositions,0
[WARNING] [stderr] 2026-08-15T18:53:36.699-0600	INFO	ForkJoinPool-1-worker-1	stdout	operator_metric,nitro,tpcds-parquet-sf10,q23a,0,19/TrinoNitroPageProcessor@5111,nitroProjectionGeneratedSelectedPositions,0
[WARNING] [stderr] 2026-08-15T18:53:36.699-0600	INFO	ForkJoinPool-1-worker-1	stdout	operator_metric,nitro,tpcds-parquet-sf10,q23a,0,19/TrinoNitroPageProcessor@5111,nitroBoundaryPageIngressBytes,34
[WARNING] [stderr] 2026-08-15T18:53:36.699-0600	INFO	ForkJoinPool-1-worker-1	stdout	operator_metric,nitro,tpcds-parquet-sf10,q23a,0,19/TrinoNitroPageProcessor@5111,nitroBoundaryNativeExchangeBytes,52
[WARNING] [stderr] 2026-08-15T18:53:36.699-0600	INFO	ForkJoinPool-1-worker-1	stdout	operator_metric,nitro,tpcds-parquet-sf10,q23a,0,19/TrinoNitroPageProcessor@5111,nitroProjectionGeneratedLayoutFallbacks,0
[WARNING] [stderr] 2026-08-15T18:53:36.699-0600	INFO	ForkJoinPool-1-worker-1	stdout	operator_metric,nitro,tpcds-parquet-sf10,q23a,0,19/TrinoNitroPageProcessor@5111,nitroProjectionGeneratedErrorFallbacks,0
[WARNING] [stderr] 2026-08-15T18:53:36.699-0600	INFO	ForkJoinPool-1-worker-1	stdout	operator_metric,nitro,tpcds-parquet-sf10,q23a,0,19/TrinoNitroPageProcessor@5111,nitroProjectionRunLengthInputPositions,0
[WARNING] [stderr] 2026-08-15T18:53:36.699-0600	INFO	ForkJoinPool-1-worker-1	stdout	operator_metric,nitro,tpcds-parquet-sf10,q23a,0,19/TrinoNitroPageProcessor@5111,nitroProjectionGeneratedSuccesses,0
[WARNING] [stderr] 2026-08-15T18:53:36.699-0600	INFO	ForkJoinPool-1-worker-1	stdout	operator_metric,nitro,tpcds-parquet-sf10,q23a,0,19/TrinoNitroPageProcessor@5111,nitroBoundaryPageIngressPositions,2
[WARNING] [stderr] 2026-08-15T18:53:36.700-0600	INFO	ForkJoinPool-1-worker-1	stdout	operator_metric,nitro,tpcds-parquet-sf10,q23a,0,19/TrinoNitroPageProcessor@5111,nitroProjectionOtherInputPositions,0
[WARNING] [stderr] 2026-08-15T18:53:36.700-0600	INFO	ForkJoinPool-1-worker-1	stdout	operator_metric,nitro,tpcds-parquet-sf10,q23a,0,19/TrinoNitroHashJoinOperator@114,nitroBoundaryPageIngressBytes,662422793
[WARNING] [stderr] 2026-08-15T18:53:36.700-0600	INFO	ForkJoinPool-1-worker-1	stdout	operator_metric,nitro,tpcds-parquet-sf10,q23a,0,19/TrinoNitroHashJoinOperator@114,nitroBoundaryPageIngressDictionaryChannelPositions,0
[WARNING] [stderr] 2026-08-15T18:53:36.700-0600	INFO	ForkJoinPool-1-worker-1	stdout	operator_metric,nitro,tpcds-parquet-sf10,q23a,0,19/TrinoNitroHashJoinOperator@114,nitroBoundaryPageIngressRunLengthChannelPositions,0
[WARNING] [stderr] 2026-08-15T18:53:36.700-0600	INFO	ForkJoinPool-1-worker-1	stdout	operator_metric,nitro,tpcds-parquet-sf10,q23a,0,19/TrinoNitroHashJoinOperator@114,nitroBoundaryNativeExchangePositions,27504738
[WARNING] [stderr] 2026-08-15T18:53:36.700-0600	INFO	ForkJoinPool-1-worker-1	stdout	operator_metric,nitro,tpcds-parquet-sf10,q23a,0,19/TrinoNitroHashJoinOperator@114,nitroBoundaryNativeExchangeBytes,605120626
[WARNING] [stderr] 2026-08-15T18:53:36.700-0600	INFO	ForkJoinPool-1-worker-1	stdout	operator_metric,nitro,tpcds-parquet-sf10,q23a,0,19/TrinoNitroHashJoinOperator@114,nitroBoundaryNativeExchangeBatches,3278
[WARNING] [stderr] 2026-08-15T18:53:36.700-0600	INFO	ForkJoinPool-1-worker-1	stdout	operator_metric,nitro,tpcds-parquet-sf10,q23a,0,19/TrinoNitroHashJoinOperator@114,nitroBoundaryPageIngressFlatChannelPositions,86402973
[WARNING] [stderr] 2026-08-15T18:53:36.700-0600	INFO	ForkJoinPool-1-worker-1	stdout	operator_metric,nitro,tpcds-parquet-sf10,q23a,0,19/TrinoNitroHashJoinOperator@114,nitroBoundaryNativeExchangeMaximumBatchBytes,1320030
[WARNING] [stderr] 2026-08-15T18:53:36.700-0600	INFO	ForkJoinPool-1-worker-1	stdout	operator_metric,nitro,tpcds-parquet-sf10,q23a,0,19/TrinoNitroHashJoinOperator@114,nitroBoundaryPageIngressPositions,28800991
[WARNING] [stderr] 2026-08-15T18:53:36.700-0600	INFO	ForkJoinPool-1-worker-1	stdout	operator_metric,nitro,tpcds-parquet-sf10,q23a,0,19/TrinoNitroHashJoinOperator@114,nitroBoundaryPageIngressPages,827
[WARNING] [stderr] 2026-08-15T18:53:36.700-0600	INFO	ForkJoinPool-1-worker-1	stdout	operator_metric,nitro,tpcds-parquet-sf10,q23a,0,19/TrinoNitroPageProcessor@158,nitroFilterDirectPreboundMaskSuccesses,0
[WARNING] [stderr] 2026-08-15T18:53:36.700-0600	INFO	ForkJoinPool-1-worker-1	stdout	operator_metric,nitro,tpcds-parquet-sf10,q23a,0,19/TrinoNitroPageProcessor@158,nitroBoundaryNativeExchangePositions,61
[WARNING] [stderr] 2026-08-15T18:53:36.700-0600	INFO	ForkJoinPool-1-worker-1	stdout	operator_metric,nitro,tpcds-parquet-sf10,q23a,0,19/TrinoNitroPageProcessor@158,nitroFilterMaterializedMaskFallbacks,64
[WARNING] [stderr] 2026-08-15T18:53:36.700-0600	INFO	ForkJoinPool-1-worker-1	stdout	operator_metric,nitro,tpcds-parquet-sf10,q23a,0,19/TrinoNitroPageProcessor@158,nitroProjectionRunLengthInputPositions,0
[WARNING] [stderr] 2026-08-15T18:53:36.700-0600	INFO	ForkJoinPool-1-worker-1	stdout	operator_metric,nitro,tpcds-parquet-sf10,q23a,0,19/TrinoNitroPageProcessor@158,nitroFilterPrimitiveMaskSuccesses,0
[WARNING] [stderr] 2026-08-15T18:53:36.700-0600	INFO	ForkJoinPool-1-worker-1	stdout	operator_metric,nitro,tpcds-parquet-sf10,q23a,0,19/TrinoNitroPageProcessor@158,nitroFilterPlannedSourceMaskOptimizations,0
[WARNING] [stderr] 2026-08-15T18:53:36.700-0600	INFO	ForkJoinPool-1-worker-1	stdout	operator_metric,nitro,tpcds-parquet-sf10,q23a,0,19/TrinoNitroPageProcessor@158,nitroProjectionGeneratedOutputs,0
[WARNING] [stderr] 2026-08-15T18:53:36.700-0600	INFO	ForkJoinPool-1-worker-1	stdout	operator_metric,nitro,tpcds-parquet-sf10,q23a,0,19/TrinoNitroPageProcessor@158,nitroProjectionGeneratedErrorFallbacks,0
[WARNING] [stderr] 2026-08-15T18:53:36.700-0600	INFO	ForkJoinPool-1-worker-1	stdout	operator_metric,nitro,tpcds-parquet-sf10,q23a,0,19/TrinoNitroPageProcessor@158,nitroFilterCompiledMaskAttempts,0
[WARNING] [stderr] 2026-08-15T18:53:36.700-0600	INFO	ForkJoinPool-1-worker-1	stdout	operator_metric,nitro,tpcds-parquet-sf10,q23a,0,19/TrinoNitroPageProcessor@158,nitroProjectionDictionaryFlatteningPositions,0
[WARNING] [stderr] 2026-08-15T18:53:36.700-0600	INFO	ForkJoinPool-1-worker-1	stdout	operator_metric,nitro,tpcds-parquet-sf10,q23a,0,19/TrinoNitroPageProcessor@158,nitroProjectionGeneratedAttempts,0
[WARNING] [stderr] 2026-08-15T18:53:36.700-0600	INFO	ForkJoinPool-1-worker-1	stdout	operator_metric,nitro,tpcds-parquet-sf10,q23a,0,19/TrinoNitroPageProcessor@158,nitroProjectionGeneratedKernels,0
[WARNING] [stderr] 2026-08-15T18:53:36.700-0600	INFO	ForkJoinPool-1-worker-1	stdout	operator_metric,nitro,tpcds-parquet-sf10,q23a,0,19/TrinoNitroPageProcessor@158,nitroFilterPrimitiveMaskAttempts,0
[WARNING] [stderr] 2026-08-15T18:53:36.700-0600	INFO	ForkJoinPool-1-worker-1	stdout	operator_metric,nitro,tpcds-parquet-sf10,q23a,0,19/TrinoNitroPageProcessor@158,nitroProjectionIntegerWideningPositions,0
[WARNING] [stderr] 2026-08-15T18:53:36.700-0600	INFO	ForkJoinPool-1-worker-1	stdout	operator_metric,nitro,tpcds-parquet-sf10,q23a,0,19/TrinoNitroPageProcessor@158,nitroFilterCompiledMaskFallbacks,0
[WARNING] [stderr] 2026-08-15T18:53:36.700-0600	INFO	ForkJoinPool-1-worker-1	stdout	operator_metric,nitro,tpcds-parquet-sf10,q23a,0,19/TrinoNitroPageProcessor@158,nitroProjectionGeneratedSuccesses,0
[WARNING] [stderr] 2026-08-15T18:53:36.700-0600	INFO	ForkJoinPool-1-worker-1	stdout	operator_metric,nitro,tpcds-parquet-sf10,q23a,0,19/TrinoNitroPageProcessor@158,nitroFilterPlannedPreboundMasks,0
[WARNING] [stderr] 2026-08-15T18:53:36.700-0600	INFO	ForkJoinPool-1-worker-1	stdout	operator_metric,nitro,tpcds-parquet-sf10,q23a,0,19/TrinoNitroPageProcessor@158,nitroProjectionOtherInputPositions,0
[WARNING] [stderr] 2026-08-15T18:53:36.700-0600	INFO	ForkJoinPool-1-worker-1	stdout	operator_metric,nitro,tpcds-parquet-sf10,q23a,0,19/TrinoNitroPageProcessor@158,nitroFilterInputPositions,495848
[WARNING] [stderr] 2026-08-15T18:53:36.700-0600	INFO	ForkJoinPool-1-worker-1	stdout	operator_metric,nitro,tpcds-parquet-sf10,q23a,0,19/TrinoNitroPageProcessor@158,nitroProjectionDictionaryInputPositions,0
[WARNING] [stderr] 2026-08-15T18:53:36.700-0600	INFO	ForkJoinPool-1-worker-1	stdout	operator_metric,nitro,tpcds-parquet-sf10,q23a,0,19/TrinoNitroPageProcessor@158,nitroBoundaryNativeExchangeBatches,18
[WARNING] [stderr] 2026-08-15T18:53:36.700-0600	INFO	ForkJoinPool-1-worker-1	stdout	operator_metric,nitro,tpcds-parquet-sf10,q23a,0,19/TrinoNitroPageProcessor@158,nitroProjectionOtherNullExpansionPositions,0
[WARNING] [stderr] 2026-08-15T18:53:36.700-0600	INFO	ForkJoinPool-1-worker-1	stdout	operator_metric,nitro,tpcds-parquet-sf10,q23a,0,19/TrinoNitroPageProcessor@158,nitroFilterSourceMaskSuccesses,0
[WARNING] [stderr] 2026-08-15T18:53:36.700-0600	INFO	ForkJoinPool-1-worker-1	stdout	operator_metric,nitro,tpcds-parquet-sf10,q23a,0,19/TrinoNitroPageProcessor@158,nitroFilterOutputPositions,61
[WARNING] [stderr] 2026-08-15T18:53:36.700-0600	INFO	ForkJoinPool-1-worker-1	stdout	operator_metric,nitro,tpcds-parquet-sf10,q23a,0,19/TrinoNitroPageProcessor@158,nitroProjectionPlannedComputedOutputs,0
[WARNING] [stderr] 2026-08-15T18:53:36.700-0600	INFO	ForkJoinPool-1-worker-1	stdout	operator_metric,nitro,tpcds-parquet-sf10,q23a,0,19/TrinoNitroPageProcessor@158,nitroFilterCompiledMaskSuccesses,0
[WARNING] [stderr] 2026-08-15T18:53:36.700-0600	INFO	ForkJoinPool-1-worker-1	stdout	operator_metric,nitro,tpcds-parquet-sf10,q23a,0,19/TrinoNitroPageProcessor@158,nitroFilterPlannedAssignments,64
[WARNING] [stderr] 2026-08-15T18:53:36.700-0600	INFO	ForkJoinPool-1-worker-1	stdout	operator_metric,nitro,tpcds-parquet-sf10,q23a,0,19/TrinoNitroPageProcessor@158,nitroProjectionFlatInputPositions,0
[WARNING] [stderr] 2026-08-15T18:53:36.700-0600	INFO	ForkJoinPool-1-worker-1	stdout	operator_metric,nitro,tpcds-parquet-sf10,q23a,0,19/TrinoNitroPageProcessor@158,nitroProjectionDictionaryNullExpansionPositions,0
[WARNING] [stderr] 2026-08-15T18:53:36.700-0600	INFO	ForkJoinPool-1-worker-1	stdout	operator_metric,nitro,tpcds-parquet-sf10,q23a,0,19/TrinoNitroPageProcessor@158,nitroFilterPrimitiveMaskFallbacks,0
[WARNING] [stderr] 2026-08-15T18:53:36.700-0600	INFO	ForkJoinPool-1-worker-1	stdout	operator_metric,nitro,tpcds-parquet-sf10,q23a,0,19/TrinoNitroPageProcessor@158,nitroProjectionPlannedAssignments,0
[WARNING] [stderr] 2026-08-15T18:53:36.700-0600	INFO	ForkJoinPool-1-worker-1	stdout	operator_metric,nitro,tpcds-parquet-sf10,q23a,0,19/TrinoNitroPageProcessor@158,nitroProjectionGeneratedSelectedPositions,0
[WARNING] [stderr] 2026-08-15T18:53:36.700-0600	INFO	ForkJoinPool-1-worker-1	stdout	operator_metric,nitro,tpcds-parquet-sf10,q23a,0,19/TrinoNitroPageProcessor@158,nitroBoundaryNativeExchangeBytes,549
[WARNING] [stderr] 2026-08-15T18:53:36.700-0600	INFO	ForkJoinPool-1-worker-1	stdout	operator_metric,nitro,tpcds-parquet-sf10,q23a,0,19/TrinoNitroPageProcessor@158,nitroFilterPlannedCompiledMasks,0
[WARNING] [stderr] 2026-08-15T18:53:36.700-0600	INFO	ForkJoinPool-1-worker-1	stdout	operator_metric,nitro,tpcds-parquet-sf10,q23a,0,19/TrinoNitroPageProcessor@158,nitroProjectionGeneratedLayoutFallbacks,0
[WARNING] [stderr] 2026-08-15T18:53:36.700-0600	INFO	ForkJoinPool-1-worker-1	stdout	operator_metric,nitro,tpcds-parquet-sf10,q23a,0,19/TrinoNitroAggregationOperator@6059,nitroBoundaryPageEgressPositions,8
[WARNING] [stderr] 2026-08-15T18:53:36.700-0600	INFO	ForkJoinPool-1-worker-1	stdout	operator_metric,nitro,tpcds-parquet-sf10,q23a,0,19/TrinoNitroAggregationOperator@6059,nitroProjectionRunLengthInputPositions,0
[WARNING] [stderr] 2026-08-15T18:53:36.700-0600	INFO	ForkJoinPool-1-worker-1	stdout	operator_metric,nitro,tpcds-parquet-sf10,q23a,0,19/TrinoNitroAggregationOperator@6059,nitroProjectionDictionaryNullExpansionPositions,0
[WARNING] [stderr] 2026-08-15T18:53:36.700-0600	INFO	ForkJoinPool-1-worker-1	stdout	operator_metric,nitro,tpcds-parquet-sf10,q23a,0,19/TrinoNitroAggregationOperator@6059,nitroProjectionIntegerWideningPositions,0
[WARNING] [stderr] 2026-08-15T18:53:36.700-0600	INFO	ForkJoinPool-1-worker-1	stdout	operator_metric,nitro,tpcds-parquet-sf10,q23a,0,19/TrinoNitroAggregationOperator@6059,nitroAggregationOutputNanos,459839
[WARNING] [stderr] 2026-08-15T18:53:36.700-0600	INFO	ForkJoinPool-1-worker-1	stdout	operator_metric,nitro,tpcds-parquet-sf10,q23a,0,19/TrinoNitroAggregationOperator@6059,nitroProjectionGeneratedLayoutFallbacks,0
[WARNING] [stderr] 2026-08-15T18:53:36.700-0600	INFO	ForkJoinPool-1-worker-1	stdout	operator_metric,nitro,tpcds-parquet-sf10,q23a,0,19/TrinoNitroAggregationOperator@6059,nitroProjectionDictionaryInputPositions,0
[WARNING] [stderr] 2026-08-15T18:53:36.700-0600	INFO	ForkJoinPool-1-worker-1	stdout	operator_metric,nitro,tpcds-parquet-sf10,q23a,0,19/TrinoNitroAggregationOperator@6059,nitroProjectionPlannedAssignments,16
[WARNING] [stderr] 2026-08-15T18:53:36.700-0600	INFO	ForkJoinPool-1-worker-1	stdout	operator_metric,nitro,tpcds-parquet-sf10,q23a,0,19/TrinoNitroAggregationOperator@6059,nitroAggregationAccumulationNanos,0
[WARNING] [stderr] 2026-08-15T18:53:36.700-0600	INFO	ForkJoinPool-1-worker-1	stdout	operator_metric,nitro,tpcds-parquet-sf10,q23a,0,19/TrinoNitroAggregationOperator@6059,nitroBoundaryPageEgressFlatChannelPositions,8
[WARNING] [stderr] 2026-08-15T18:53:36.700-0600	INFO	ForkJoinPool-1-worker-1	stdout	operator_metric,nitro,tpcds-parquet-sf10,q23a,0,19/TrinoNitroAggregationOperator@6059,nitroProjectionGeneratedKernels,0
[WARNING] [stderr] 2026-08-15T18:53:36.700-0600	INFO	ForkJoinPool-1-worker-1	stdout	operator_metric,nitro,tpcds-parquet-sf10,q23a,0,19/TrinoNitroAggregationOperator@6059,nitroAggregationInitialEncodedKeyNanos,0
[WARNING] [stderr] 2026-08-15T18:53:36.700-0600	INFO	ForkJoinPool-1-worker-1	stdout	operator_metric,nitro,tpcds-parquet-sf10,q23a,0,19/TrinoNitroAggregationOperator@6059,nitroAggregationInputNanos,0
[WARNING] [stderr] 2026-08-15T18:53:36.700-0600	INFO	ForkJoinPool-1-worker-1	stdout	operator_metric,nitro,tpcds-parquet-sf10,q23a,0,19/TrinoNitroAggregationOperator@6059,nitroProjectionOtherInputPositions,0
[WARNING] [stderr] 2026-08-15T18:53:36.700-0600	INFO	ForkJoinPool-1-worker-1	stdout	operator_metric,nitro,tpcds-parquet-sf10,q23a,0,19/TrinoNitroAggregationOperator@6059,nitroAggregationFlushNanos,0
[WARNING] [stderr] 2026-08-15T18:53:36.700-0600	INFO	ForkJoinPool-1-worker-1	stdout	operator_metric,nitro,tpcds-parquet-sf10,q23a,0,19/TrinoNitroAggregationOperator@6059,nitroProjectionGeneratedSelectedPositions,0
[WARNING] [stderr] 2026-08-15T18:53:36.700-0600	INFO	ForkJoinPool-1-worker-1	stdout	operator_metric,nitro,tpcds-parquet-sf10,q23a,0,19/TrinoNitroAggregationOperator@6059,nitroBoundaryPageEgressPages,8
[WARNING] [stderr] 2026-08-15T18:53:36.700-0600	INFO	ForkJoinPool-1-worker-1	stdout	operator_metric,nitro,tpcds-parquet-sf10,q23a,0,19/TrinoNitroAggregationOperator@6059,nitroBoundaryNativeEgressRunLengthChannelPositions,0
[WARNING] [stderr] 2026-08-15T18:53:36.700-0600	INFO	ForkJoinPool-1-worker-1	stdout	operator_metric,nitro,tpcds-parquet-sf10,q23a,0,19/TrinoNitroAggregationOperator@6059,nitroProjectionGeneratedSuccesses,0
[WARNING] [stderr] 2026-08-15T18:53:36.700-0600	INFO	ForkJoinPool-1-worker-1	stdout	operator_metric,nitro,tpcds-parquet-sf10,q23a,0,19/TrinoNitroAggregationOperator@6059,nitroAggregationPipelineNanos,0
[WARNING] [stderr] 2026-08-15T18:53:36.700-0600	INFO	ForkJoinPool-1-worker-1	stdout	operator_metric,nitro,tpcds-parquet-sf10,q23a,0,19/TrinoNitroAggregationOperator@6059,nitroProjectionFlatInputPositions,0
[WARNING] [stderr] 2026-08-15T18:53:36.700-0600	INFO	ForkJoinPool-1-worker-1	stdout	operator_metric,nitro,tpcds-parquet-sf10,q23a,0,19/TrinoNitroAggregationOperator@6059,nitroBoundaryPageEgressRunLengthChannelPositions,0
[WARNING] [stderr] 2026-08-15T18:53:36.700-0600	INFO	ForkJoinPool-1-worker-1	stdout	operator_metric,nitro,tpcds-parquet-sf10,q23a,0,19/TrinoNitroAggregationOperator@6059,nitroAggregationStatePreparationNanos,0
[WARNING] [stderr] 2026-08-15T18:53:36.700-0600	INFO	ForkJoinPool-1-worker-1	stdout	operator_metric,nitro,tpcds-parquet-sf10,q23a,0,19/TrinoNitroAggregationOperator@6059,nitroAggregationInitialAggregationNanos,0
[WARNING] [stderr] 2026-08-15T18:53:36.700-0600	INFO	ForkJoinPool-1-worker-1	stdout	operator_metric,nitro,tpcds-parquet-sf10,q23a,0,19/TrinoNitroAggregationOperator@6059,nitroProjectionPlannedComputedOutputs,8
[WARNING] [stderr] 2026-08-15T18:53:36.700-0600	INFO	ForkJoinPool-1-worker-1	stdout	operator_metric,nitro,tpcds-parquet-sf10,q23a,0,19/TrinoNitroAggregationOperator@6059,nitroAggregationInitialFlatKeyNanos,0
[WARNING] [stderr] 2026-08-15T18:53:36.700-0600	INFO	ForkJoinPool-1-worker-1	stdout	operator_metric,nitro,tpcds-parquet-sf10,q23a,0,19/TrinoNitroAggregationOperator@6059,nitroProjectionDictionaryFlatteningPositions,0
[WARNING] [stderr] 2026-08-15T18:53:36.700-0600	INFO	ForkJoinPool-1-worker-1	stdout	operator_metric,nitro,tpcds-parquet-sf10,q23a,0,19/TrinoNitroAggregationOperator@6059,nitroAggregationInitialKeyNanos,0
[WARNING] [stderr] 2026-08-15T18:53:36.700-0600	INFO	ForkJoinPool-1-worker-1	stdout	operator_metric,nitro,tpcds-parquet-sf10,q23a,0,19/TrinoNitroAggregationOperator@6059,nitroProjectionGeneratedAttempts,0
[WARNING] [stderr] 2026-08-15T18:53:36.700-0600	INFO	ForkJoinPool-1-worker-1	stdout	operator_metric,nitro,tpcds-parquet-sf10,q23a,0,19/TrinoNitroAggregationOperator@6059,nitroAggregationFusedNanos,0
[WARNING] [stderr] 2026-08-15T18:53:36.700-0600	INFO	ForkJoinPool-1-worker-1	stdout	operator_metric,nitro,tpcds-parquet-sf10,q23a,0,19/TrinoNitroAggregationOperator@6059,nitroBoundaryNativeEgressDictionaryChannelPositions,0
[WARNING] [stderr] 2026-08-15T18:53:36.700-0600	INFO	ForkJoinPool-1-worker-1	stdout	operator_metric,nitro,tpcds-parquet-sf10,q23a,0,19/TrinoNitroAggregationOperator@6059,nitroAggregationGroupingNanos,0
[WARNING] [stderr] 2026-08-15T18:53:36.700-0600	INFO	ForkJoinPool-1-worker-1	stdout	operator_metric,nitro,tpcds-parquet-sf10,q23a,0,19/TrinoNitroAggregationOperator@6059,nitroBoundaryNativeEgressFlatChannelPositions,8
[WARNING] [stderr] 2026-08-15T18:53:36.700-0600	INFO	ForkJoinPool-1-worker-1	stdout	operator_metric,nitro,tpcds-parquet-sf10,q23a,0,19/TrinoNitroAggregationOperator@6059,nitroBoundaryPageEgressDictionaryChannelPositions,0
[WARNING] [stderr] 2026-08-15T18:53:36.700-0600	INFO	ForkJoinPool-1-worker-1	stdout	operator_metric,nitro,tpcds-parquet-sf10,q23a,0,19/TrinoNitroAggregationOperator@6059,nitroProjectionGeneratedErrorFallbacks,0
[WARNING] [stderr] 2026-08-15T18:53:36.700-0600	INFO	ForkJoinPool-1-worker-1	stdout	operator_metric,nitro,tpcds-parquet-sf10,q23a,0,19/TrinoNitroAggregationOperator@6059,nitroBoundaryPageEgressBytes,40
[WARNING] [stderr] 2026-08-15T18:53:36.700-0600	INFO	ForkJoinPool-1-worker-1	stdout	operator_metric,nitro,tpcds-parquet-sf10,q23a,0,19/TrinoNitroAggregationOperator@6059,nitroProjectionOtherNullExpansionPositions,0
[WARNING] [stderr] 2026-08-15T18:53:36.700-0600	INFO	ForkJoinPool-1-worker-1	stdout	operator_metric,nitro,tpcds-parquet-sf10,q23a,0,19/TrinoNitroAggregationOperator@6059,nitroProjectionGeneratedOutputs,0
[WARNING] [stderr] 2026-08-15T18:53:36.700-0600	INFO	ForkJoinPool-1-worker-1	stdout	operator_metric,nitro,tpcds-parquet-sf10,q23a,0,19/TrinoNitroAggregationOperator@2048,nitroAggregationInputNanos,7824645
[WARNING] [stderr] 2026-08-15T18:53:36.700-0600	INFO	ForkJoinPool-1-worker-1	stdout	operator_metric,nitro,tpcds-parquet-sf10,q23a,0,19/TrinoNitroAggregationOperator@2048,nitroBoundaryNativeExchangeBatches,18
[WARNING] [stderr] 2026-08-15T18:53:36.700-0600	INFO	ForkJoinPool-1-worker-1	stdout	operator_metric,nitro,tpcds-parquet-sf10,q23a,0,19/TrinoNitroAggregationOperator@2048,nitroBoundaryNativeExchangeMaximumChannel0Bytes,369
[WARNING] [stderr] 2026-08-15T18:53:36.700-0600	INFO	ForkJoinPool-1-worker-1	stdout	operator_metric,nitro,tpcds-parquet-sf10,q23a,0,19/TrinoNitroAggregationOperator@2048,nitroAggregationStatePreparationNanos,0
[WARNING] [stderr] 2026-08-15T18:53:36.700-0600	INFO	ForkJoinPool-1-worker-1	stdout	operator_metric,nitro,tpcds-parquet-sf10,q23a,0,19/TrinoNitroAggregationOperator@2048,nitroBoundaryNativeExchangeBytes,549
[WARNING] [stderr] 2026-08-15T18:53:36.700-0600	INFO	ForkJoinPool-1-worker-1	stdout	operator_metric,nitro,tpcds-parquet-sf10,q23a,0,19/TrinoNitroAggregationOperator@2048,nitroAggregationOutputNanos,585347
[WARNING] [stderr] 2026-08-15T18:53:36.700-0600	INFO	ForkJoinPool-1-worker-1	stdout	operator_metric,nitro,tpcds-parquet-sf10,q23a,0,19/TrinoNitroAggregationOperator@2048,nitroAggregationAccumulationNanos,0
[WARNING] [stderr] 2026-08-15T18:53:36.700-0600	INFO	ForkJoinPool-1-worker-1	stdout	operator_metric,nitro,tpcds-parquet-sf10,q23a,0,19/TrinoNitroAggregationOperator@2048,nitroAggregationInitialFlatKeyNanos,0
[WARNING] [stderr] 2026-08-15T18:53:36.700-0600	INFO	ForkJoinPool-1-worker-1	stdout	operator_metric,nitro,tpcds-parquet-sf10,q23a,0,19/TrinoNitroAggregationOperator@2048,nitroAggregationFusedNanos,0
[WARNING] [stderr] 2026-08-15T18:53:36.700-0600	INFO	ForkJoinPool-1-worker-1	stdout	operator_metric,nitro,tpcds-parquet-sf10,q23a,0,19/TrinoNitroAggregationOperator@2048,nitroBoundaryNativeExchangePositions,61
[WARNING] [stderr] 2026-08-15T18:53:36.700-0600	INFO	ForkJoinPool-1-worker-1	stdout	operator_metric,nitro,tpcds-parquet-sf10,q23a,0,19/TrinoNitroAggregationOperator@2048,nitroAggregationInitialAggregationNanos,0
[WARNING] [stderr] 2026-08-15T18:53:36.700-0600	INFO	ForkJoinPool-1-worker-1	stdout	operator_metric,nitro,tpcds-parquet-sf10,q23a,0,19/TrinoNitroAggregationOperator@2048,nitroAggregationGroupingNanos,0
[WARNING] [stderr] 2026-08-15T18:53:36.700-0600	INFO	ForkJoinPool-1-worker-1	stdout	operator_metric,nitro,tpcds-parquet-sf10,q23a,0,19/TrinoNitroAggregationOperator@2048,nitroBoundaryNativeExchangeMaximumBatchBytes,369
[WARNING] [stderr] 2026-08-15T18:53:36.700-0600	INFO	ForkJoinPool-1-worker-1	stdout	operator_metric,nitro,tpcds-parquet-sf10,q23a,0,19/TrinoNitroAggregationOperator@2048,nitroAggregationPipelineNanos,0
[WARNING] [stderr] 2026-08-15T18:53:36.700-0600	INFO	ForkJoinPool-1-worker-1	stdout	operator_metric,nitro,tpcds-parquet-sf10,q23a,0,19/TrinoNitroAggregationOperator@2048,nitroAggregationFlushNanos,0
[WARNING] [stderr] 2026-08-15T18:53:36.700-0600	INFO	ForkJoinPool-1-worker-1	stdout	operator_metric,nitro,tpcds-parquet-sf10,q23a,0,19/TrinoNitroAggregationOperator@2048,nitroAggregationInitialKeyNanos,0
[WARNING] [stderr] 2026-08-15T18:53:36.700-0600	INFO	ForkJoinPool-1-worker-1	stdout	operator_metric,nitro,tpcds-parquet-sf10,q23a,0,19/TrinoNitroAggregationOperator@2048,nitroAggregationInitialEncodedKeyNanos,0
[WARNING] [stderr] 2026-08-15T18:53:36.700-0600	INFO	ForkJoinPool-1-worker-1	stdout	operator_metric,nitro,tpcds-parquet-sf10,q23a,0,19/TrinoNitroAggregationOperator@6160,nitroPartialAggregationCardinalityObservations,18
[WARNING] [stderr] 2026-08-15T18:53:36.700-0600	INFO	ForkJoinPool-1-worker-1	stdout	operator_metric,nitro,tpcds-parquet-sf10,q23a,0,19/TrinoNitroAggregationOperator@6160,nitroProjectionIntegerWideningPositions,0
[WARNING] [stderr] 2026-08-15T18:53:36.700-0600	INFO	ForkJoinPool-1-worker-1	stdout	operator_metric,nitro,tpcds-parquet-sf10,q23a,0,19/TrinoNitroAggregationOperator@6160,nitroBoundaryNativeExchangeMaximumBatchBytes,2205110
[WARNING] [stderr] 2026-08-15T18:53:36.700-0600	INFO	ForkJoinPool-1-worker-1	stdout	operator_metric,nitro,tpcds-parquet-sf10,q23a,0,19/TrinoNitroAggregationOperator@6160,nitroPartialAggregationCardinalityReconsideredDecisions,0
[WARNING] [stderr] 2026-08-15T18:53:36.700-0600	INFO	ForkJoinPool-1-worker-1	stdout	operator_metric,nitro,tpcds-parquet-sf10,q23a,0,19/TrinoNitroAggregationOperator@6160,nitroAggregationPipelineNanos,3996536
[WARNING] [stderr] 2026-08-15T18:53:36.700-0600	INFO	ForkJoinPool-1-worker-1	stdout	operator_metric,nitro,tpcds-parquet-sf10,q23a,0,19/TrinoNitroAggregationOperator@6160,nitroProjectionPlannedAssignments,16
[WARNING] [stderr] 2026-08-15T18:53:36.700-0600	INFO	ForkJoinPool-1-worker-1	stdout	operator_metric,nitro,tpcds-parquet-sf10,q23a,0,19/TrinoNitroAggregationOperator@6160,nitroPartialAggregationPassthroughToAggregationTransitions,0
[WARNING] [stderr] 2026-08-15T18:53:36.700-0600	INFO	ForkJoinPool-1-worker-1	stdout	operator_metric,nitro,tpcds-parquet-sf10,q23a,0,19/TrinoNitroAggregationOperator@6160,nitroPartialAggregationAggregatedOutputRows,923274
[WARNING] [stderr] 2026-08-15T18:53:36.700-0600	INFO	ForkJoinPool-1-worker-1	stdout	operator_metric,nitro,tpcds-parquet-sf10,q23a,0,19/TrinoNitroAggregationOperator@6160,nitroProjectionDictionaryInputPositions,0
[WARNING] [stderr] 2026-08-15T18:53:36.700-0600	INFO	ForkJoinPool-1-worker-1	stdout	operator_metric,nitro,tpcds-parquet-sf10,q23a,0,19/TrinoNitroAggregationOperator@6160,nitroAggregationAccumulationNanos,591304239
[WARNING] [stderr] 2026-08-15T18:53:36.700-0600	INFO	ForkJoinPool-1-worker-1	stdout	operator_metric,nitro,tpcds-parquet-sf10,q23a,0,19/TrinoNitroAggregationOperator@6160,nitroProjectionGeneratedErrorFallbacks,0
[WARNING] [stderr] 2026-08-15T18:53:36.700-0600	INFO	ForkJoinPool-1-worker-1	stdout	operator_metric,nitro,tpcds-parquet-sf10,q23a,0,19/TrinoNitroAggregationOperator@6160,nitroProjectionGeneratedOutputs,0
[WARNING] [stderr] 2026-08-15T18:53:36.700-0600	INFO	ForkJoinPool-1-worker-1	stdout	operator_metric,nitro,tpcds-parquet-sf10,q23a,0,19/TrinoNitroAggregationOperator@6160,nitroProjectionFlatInputPositions,0
[WARNING] [stderr] 2026-08-15T18:53:36.700-0600	INFO	ForkJoinPool-1-worker-1	stdout	operator_metric,nitro,tpcds-parquet-sf10,q23a,0,19/TrinoNitroAggregationOperator@6160,nitroAggregationInitialEncodedKeyNanos,0
[WARNING] [stderr] 2026-08-15T18:53:36.700-0600	INFO	ForkJoinPool-1-worker-1	stdout	operator_metric,nitro,tpcds-parquet-sf10,q23a,0,19/TrinoNitroAggregationOperator@6160,nitroProjectionGeneratedLayoutFallbacks,0
[WARNING] [stderr] 2026-08-15T18:53:36.700-0600	INFO	ForkJoinPool-1-worker-1	stdout	operator_metric,nitro,tpcds-parquet-sf10,q23a,0,19/TrinoNitroAggregationOperator@6160,nitroProjectionGeneratedSuccesses,0
[WARNING] [stderr] 2026-08-15T18:53:36.700-0600	INFO	ForkJoinPool-1-worker-1	stdout	operator_metric,nitro,tpcds-parquet-sf10,q23a,0,19/TrinoNitroAggregationOperator@6160,nitroPartialAggregationAggregatedInputRows,27504738
[WARNING] [stderr] 2026-08-15T18:53:36.700-0600	INFO	ForkJoinPool-1-worker-1	stdout	operator_metric,nitro,tpcds-parquet-sf10,q23a,0,19/TrinoNitroAggregationOperator@6160,nitroAggregationFlushNanos,0
[WARNING] [stderr] 2026-08-15T18:53:36.700-0600	INFO	ForkJoinPool-1-worker-1	stdout	operator_metric,nitro,tpcds-parquet-sf10,q23a,0,19/TrinoNitroAggregationOperator@6160,nitroBoundaryNativeExchangeMaximumChannel1Bytes,1364942
[WARNING] [stderr] 2026-08-15T18:53:36.700-0600	INFO	ForkJoinPool-1-worker-1	stdout	operator_metric,nitro,tpcds-parquet-sf10,q23a,0,19/TrinoNitroAggregationOperator@6160,nitroAggregationFusedNanos,0
[WARNING] [stderr] 2026-08-15T18:53:36.700-0600	INFO	ForkJoinPool-1-worker-1	stdout	operator_metric,nitro,tpcds-parquet-sf10,q23a,0,19/TrinoNitroAggregationOperator@6160,nitroProjectionGeneratedKernels,0
[WARNING] [stderr] 2026-08-15T18:53:36.700-0600	INFO	ForkJoinPool-1-worker-1	stdout	operator_metric,nitro,tpcds-parquet-sf10,q23a,0,19/TrinoNitroAggregationOperator@6160,nitroAggregationInitialAggregationNanos,0
[WARNING] [stderr] 2026-08-15T18:53:36.700-0600	INFO	ForkJoinPool-1-worker-1	stdout	operator_metric,nitro,tpcds-parquet-sf10,q23a,0,19/TrinoNitroAggregationOperator@6160,nitroProjectionOtherNullExpansionPositions,0
[WARNING] [stderr] 2026-08-15T18:53:36.700-0600	INFO	ForkJoinPool-1-worker-1	stdout	operator_metric,nitro,tpcds-parquet-sf10,q23a,0,19/TrinoNitroAggregationOperator@6160,nitroProjectionGeneratedAttempts,0
[WARNING] [stderr] 2026-08-15T18:53:36.700-0600	INFO	ForkJoinPool-1-worker-1	stdout	operator_metric,nitro,tpcds-parquet-sf10,q23a,0,19/TrinoNitroAggregationOperator@6160,nitroPartialAggregationPassthroughFlushes,0
[WARNING] [stderr] 2026-08-15T18:53:36.700-0600	INFO	ForkJoinPool-1-worker-1	stdout	operator_metric,nitro,tpcds-parquet-sf10,q23a,0,19/TrinoNitroAggregationOperator@6160,nitroProjectionOtherInputPositions,0
[WARNING] [stderr] 2026-08-15T18:53:36.700-0600	INFO	ForkJoinPool-1-worker-1	stdout	operator_metric,nitro,tpcds-parquet-sf10,q23a,0,19/TrinoNitroAggregationOperator@6160,nitroProjectionDictionaryFlatteningPositions,0
[WARNING] [stderr] 2026-08-15T18:53:36.700-0600	INFO	ForkJoinPool-1-worker-1	stdout	operator_metric,nitro,tpcds-parquet-sf10,q23a,0,19/TrinoNitroAggregationOperator@6160,nitroBoundaryNativeExchangeBytes,21506410
[WARNING] [stderr] 2026-08-15T18:53:36.700-0600	INFO	ForkJoinPool-1-worker-1	stdout	operator_metric,nitro,tpcds-parquet-sf10,q23a,0,19/TrinoNitroAggregationOperator@6160,nitroProjectionRunLengthInputPositions,0
[WARNING] [stderr] 2026-08-15T18:53:36.700-0600	INFO	ForkJoinPool-1-worker-1	stdout	operator_metric,nitro,tpcds-parquet-sf10,q23a,0,19/TrinoNitroAggregationOperator@6160,nitroProjectionGeneratedSelectedPositions,0
[WARNING] [stderr] 2026-08-15T18:53:36.700-0600	INFO	ForkJoinPool-1-worker-1	stdout	operator_metric,nitro,tpcds-parquet-sf10,q23a,0,19/TrinoNitroAggregationOperator@6160,nitroPartialAggregationAggregationToPassthroughTransitions,0
[WARNING] [stderr] 2026-08-15T18:53:36.700-0600	INFO	ForkJoinPool-1-worker-1	stdout	operator_metric,nitro,tpcds-parquet-sf10,q23a,0,19/TrinoNitroAggregationOperator@6160,nitroBoundaryNativeExchangePositions,923274
[WARNING] [stderr] 2026-08-15T18:53:36.700-0600	INFO	ForkJoinPool-1-worker-1	stdout	operator_metric,nitro,tpcds-parquet-sf10,q23a,0,19/TrinoNitroAggregationOperator@6160,nitroAggregationStatePreparationNanos,7044451
[WARNING] [stderr] 2026-08-15T18:53:36.701-0600	INFO	ForkJoinPool-1-worker-1	stdout	operator_metric,nitro,tpcds-parquet-sf10,q23a,0,19/TrinoNitroAggregationOperator@6160,nitroAggregationInitialKeyNanos,0
[WARNING] [stderr] 2026-08-15T18:53:36.701-0600	INFO	ForkJoinPool-1-worker-1	stdout	operator_metric,nitro,tpcds-parquet-sf10,q23a,0,19/TrinoNitroAggregationOperator@6160,nitroPartialAggregationCardinalityBypassDecisions,0
[WARNING] [stderr] 2026-08-15T18:53:36.701-0600	INFO	ForkJoinPool-1-worker-1	stdout	operator_metric,nitro,tpcds-parquet-sf10,q23a,0,19/TrinoNitroAggregationOperator@6160,nitroBoundaryNativeExchangeMaximumChannel0Bytes,840168
[WARNING] [stderr] 2026-08-15T18:53:36.701-0600	INFO	ForkJoinPool-1-worker-1	stdout	operator_metric,nitro,tpcds-parquet-sf10,q23a,0,19/TrinoNitroAggregationOperator@6160,nitroProjectionDictionaryNullExpansionPositions,0
[WARNING] [stderr] 2026-08-15T18:53:36.701-0600	INFO	ForkJoinPool-1-worker-1	stdout	operator_metric,nitro,tpcds-parquet-sf10,q23a,0,19/TrinoNitroAggregationOperator@6160,nitroPartialAggregationAggregatedFlushes,6
[WARNING] [stderr] 2026-08-15T18:53:36.701-0600	INFO	ForkJoinPool-1-worker-1	stdout	operator_metric,nitro,tpcds-parquet-sf10,q23a,0,19/TrinoNitroAggregationOperator@6160,nitroAggregationInputNanos,1135816689
[WARNING] [stderr] 2026-08-15T18:53:36.701-0600	INFO	ForkJoinPool-1-worker-1	stdout	operator_metric,nitro,tpcds-parquet-sf10,q23a,0,19/TrinoNitroAggregationOperator@6160,nitroAggregationInitialFlatKeyNanos,0
[WARNING] [stderr] 2026-08-15T18:53:36.701-0600	INFO	ForkJoinPool-1-worker-1	stdout	operator_metric,nitro,tpcds-parquet-sf10,q23a,0,19/TrinoNitroAggregationOperator@6160,nitroPartialAggregationCardinalityAggregateDecisions,2
[WARNING] [stderr] 2026-08-15T18:53:36.701-0600	INFO	ForkJoinPool-1-worker-1	stdout	operator_metric,nitro,tpcds-parquet-sf10,q23a,0,19/TrinoNitroAggregationOperator@6160,nitroPartialAggregationPassthroughInputRows,0
[WARNING] [stderr] 2026-08-15T18:53:36.701-0600	INFO	ForkJoinPool-1-worker-1	stdout	operator_metric,nitro,tpcds-parquet-sf10,q23a,0,19/TrinoNitroAggregationOperator@6160,nitroPartialAggregationAggregatedInputBytes,605120626
[WARNING] [stderr] 2026-08-15T18:53:36.701-0600	INFO	ForkJoinPool-1-worker-1	stdout	operator_metric,nitro,tpcds-parquet-sf10,q23a,0,19/TrinoNitroAggregationOperator@6160,nitroAggregationGroupingNanos,532523782
[WARNING] [stderr] 2026-08-15T18:53:36.701-0600	INFO	ForkJoinPool-1-worker-1	stdout	operator_metric,nitro,tpcds-parquet-sf10,q23a,0,19/TrinoNitroAggregationOperator@6160,nitroBoundaryNativeExchangeBatches,60
[WARNING] [stderr] 2026-08-15T18:53:36.701-0600	INFO	ForkJoinPool-1-worker-1	stdout	operator_metric,nitro,tpcds-parquet-sf10,q23a,0,19/TrinoNitroAggregationOperator@6160,nitroPartialAggregationPassthroughInputBytes,0
[WARNING] [stderr] 2026-08-15T18:53:36.701-0600	INFO	ForkJoinPool-1-worker-1	stdout	operator_metric,nitro,tpcds-parquet-sf10,q23a,0,19/TrinoNitroAggregationOperator@6160,nitroAggregationOutputNanos,361139
[WARNING] [stderr] 2026-08-15T18:53:36.701-0600	INFO	ForkJoinPool-1-worker-1	stdout	operator_metric,nitro,tpcds-parquet-sf10,q23a,0,19/TrinoNitroAggregationOperator@6160,nitroProjectionPlannedComputedOutputs,8
[WARNING] [stderr] 2026-08-15T18:53:36.701-0600	INFO	ForkJoinPool-1-worker-1	stdout	operator_metric,nitro,tpcds-parquet-sf10,q23a,0,19/TrinoNitroHashJoinOperator@1588,nitroBoundaryPageIngressRunLengthChannelPositions,0
[WARNING] [stderr] 2026-08-15T18:53:36.701-0600	INFO	ForkJoinPool-1-worker-1	stdout	operator_metric,nitro,tpcds-parquet-sf10,q23a,0,19/TrinoNitroHashJoinOperator@1588,nitroBoundaryPageIngressFlatChannelPositions,9951
[WARNING] [stderr] 2026-08-15T18:53:36.701-0600	INFO	ForkJoinPool-1-worker-1	stdout	operator_metric,nitro,tpcds-parquet-sf10,q23a,0,19/TrinoNitroHashJoinOperator@1588,nitroBoundaryPageIngressPages,4
[WARNING] [stderr] 2026-08-15T18:53:36.701-0600	INFO	ForkJoinPool-1-worker-1	stdout	operator_metric,nitro,tpcds-parquet-sf10,q23a,0,19/TrinoNitroHashJoinOperator@1588,nitroBoundaryPageIngressBytes,76291
[WARNING] [stderr] 2026-08-15T18:53:36.701-0600	INFO	ForkJoinPool-1-worker-1	stdout	operator_metric,nitro,tpcds-parquet-sf10,q23a,0,19/TrinoNitroHashJoinOperator@1588,nitroBoundaryPageIngressPositions,3317
[WARNING] [stderr] 2026-08-15T18:53:36.701-0600	INFO	ForkJoinPool-1-worker-1	stdout	operator_metric,nitro,tpcds-parquet-sf10,q23a,0,19/TrinoNitroHashJoinOperator@1588,nitroBoundaryPageIngressDictionaryChannelPositions,0
[WARNING] [stderr] 2026-08-15T18:53:36.701-0600	INFO	ForkJoinPool-1-worker-1	stdout	operator_metric,nitro,tpcds-parquet-sf10,q23a,0,19/TrinoNitroAggregationOperator@119,nitroAggregationPipelineNanos,0
[WARNING] [stderr] 2026-08-15T18:53:36.701-0600	INFO	ForkJoinPool-1-worker-1	stdout	operator_metric,nitro,tpcds-parquet-sf10,q23a,0,19/TrinoNitroAggregationOperator@119,nitroBoundaryNativeExchangePositions,495848
[WARNING] [stderr] 2026-08-15T18:53:36.701-0600	INFO	ForkJoinPool-1-worker-1	stdout	operator_metric,nitro,tpcds-parquet-sf10,q23a,0,19/TrinoNitroAggregationOperator@119,nitroAggregationAccumulationNanos,5109669
[WARNING] [stderr] 2026-08-15T18:53:36.701-0600	INFO	ForkJoinPool-1-worker-1	stdout	operator_metric,nitro,tpcds-parquet-sf10,q23a,0,19/TrinoNitroAggregationOperator@119,nitroAggregationGroupingNanos,22351656
[WARNING] [stderr] 2026-08-15T18:53:36.701-0600	INFO	ForkJoinPool-1-worker-1	stdout	operator_metric,nitro,tpcds-parquet-sf10,q23a,0,19/TrinoNitroAggregationOperator@119,nitroBoundaryNativeExchangeBatches,32
[WARNING] [stderr] 2026-08-15T18:53:36.701-0600	INFO	ForkJoinPool-1-worker-1	stdout	operator_metric,nitro,tpcds-parquet-sf10,q23a,0,19/TrinoNitroAggregationOperator@119,nitroAggregationFlushNanos,0
[WARNING] [stderr] 2026-08-15T18:53:36.701-0600	INFO	ForkJoinPool-1-worker-1	stdout	operator_metric,nitro,tpcds-parquet-sf10,q23a,0,19/TrinoNitroAggregationOperator@119,nitroBoundaryNativeExchangeBytes,12892048
[WARNING] [stderr] 2026-08-15T18:53:36.701-0600	INFO	ForkJoinPool-1-worker-1	stdout	operator_metric,nitro,tpcds-parquet-sf10,q23a,0,19/TrinoNitroAggregationOperator@119,nitroAggregationInitialEncodedKeyNanos,0
[WARNING] [stderr] 2026-08-15T18:53:36.701-0600	INFO	ForkJoinPool-1-worker-1	stdout	operator_metric,nitro,tpcds-parquet-sf10,q23a,0,19/TrinoNitroAggregationOperator@119,nitroAggregationInitialKeyNanos,0
[WARNING] [stderr] 2026-08-15T18:53:36.701-0600	INFO	ForkJoinPool-1-worker-1	stdout	operator_metric,nitro,tpcds-parquet-sf10,q23a,0,19/TrinoNitroAggregationOperator@119,nitroBoundaryNativeExchangeMaximumBatchBytes,3407872
[WARNING] [stderr] 2026-08-15T18:53:36.701-0600	INFO	ForkJoinPool-1-worker-1	stdout	operator_metric,nitro,tpcds-parquet-sf10,q23a,0,19/TrinoNitroAggregationOperator@119,nitroAggregationInputNanos,29038178
[WARNING] [stderr] 2026-08-15T18:53:36.701-0600	INFO	ForkJoinPool-1-worker-1	stdout	operator_metric,nitro,tpcds-parquet-sf10,q23a,0,19/TrinoNitroAggregationOperator@119,nitroAggregationInitialAggregationNanos,0
[WARNING] [stderr] 2026-08-15T18:53:36.701-0600	INFO	ForkJoinPool-1-worker-1	stdout	operator_metric,nitro,tpcds-parquet-sf10,q23a,0,19/TrinoNitroAggregationOperator@119,nitroBoundaryNativeExchangeMaximumChannel0Bytes,1179648
[WARNING] [stderr] 2026-08-15T18:53:36.701-0600	INFO	ForkJoinPool-1-worker-1	stdout	operator_metric,nitro,tpcds-parquet-sf10,q23a,0,19/TrinoNitroAggregationOperator@119,nitroAggregationOutputNanos,136979
[WARNING] [stderr] 2026-08-15T18:53:36.701-0600	INFO	ForkJoinPool-1-worker-1	stdout	operator_metric,nitro,tpcds-parquet-sf10,q23a,0,19/TrinoNitroAggregationOperator@119,nitroBoundaryNativeExchangeMaximumChannel1Bytes,2228224
[WARNING] [stderr] 2026-08-15T18:53:36.701-0600	INFO	ForkJoinPool-1-worker-1	stdout	operator_metric,nitro,tpcds-parquet-sf10,q23a,0,19/TrinoNitroAggregationOperator@119,nitroAggregationFusedNanos,0
[WARNING] [stderr] 2026-08-15T18:53:36.701-0600	INFO	ForkJoinPool-1-worker-1	stdout	operator_metric,nitro,tpcds-parquet-sf10,q23a,0,19/TrinoNitroAggregationOperator@119,nitroAggregationStatePreparationNanos,1007183
[WARNING] [stderr] 2026-08-15T18:53:36.701-0600	INFO	ForkJoinPool-1-worker-1	stdout	operator_metric,nitro,tpcds-parquet-sf10,q23a,0,19/TrinoNitroAggregationOperator@119,nitroAggregationInitialFlatKeyNanos,0
[WARNING] [stderr] 2026-08-15T18:53:36.701-0600	INFO	ForkJoinPool-1-worker-1	stdout	operator_metric,nitro,tpcds-parquet-sf10,q23a,0,19/TrinoNitroHashJoinOperator@148,nitroBoundaryNativeExchangeBytes,20825936
[WARNING] [stderr] 2026-08-15T18:53:36.701-0600	INFO	ForkJoinPool-1-worker-1	stdout	operator_metric,nitro,tpcds-parquet-sf10,q23a,0,19/TrinoNitroHashJoinOperator@148,nitroBoundaryNativeExchangeBatches,32
[WARNING] [stderr] 2026-08-15T18:53:36.701-0600	INFO	ForkJoinPool-1-worker-1	stdout	operator_metric,nitro,tpcds-parquet-sf10,q23a,0,19/TrinoNitroHashJoinOperator@148,nitroBoundaryNativeExchangeMaximumBatchBytes,5505104
[WARNING] [stderr] 2026-08-15T18:53:36.701-0600	INFO	ForkJoinPool-1-worker-1	stdout	operator_metric,nitro,tpcds-parquet-sf10,q23a,0,19/TrinoNitroHashJoinOperator@148,nitroBoundaryNativeExchangePositions,495848
[WARNING] [stderr] 2026-08-15T18:53:36.701-0600	INFO	ForkJoinPool-1-worker-1	stdout	operator_metric,nitro,tpcds-parquet-sf10,q23a,0,2/TrinoNitroHashJoinOperator@1583,nitroBoundaryPageIngressBytes,4199904
[WARNING] [stderr] 2026-08-15T18:53:36.701-0600	INFO	ForkJoinPool-1-worker-1	stdout	operator_metric,nitro,tpcds-parquet-sf10,q23a,0,2/TrinoNitroHashJoinOperator@1583,nitroBoundaryPageIngressDictionaryChannelPositions,0
[WARNING] [stderr] 2026-08-15T18:53:36.701-0600	INFO	ForkJoinPool-1-worker-1	stdout	operator_metric,nitro,tpcds-parquet-sf10,q23a,0,2/TrinoNitroHashJoinOperator@1583,nitroBoundaryPageIngressRunLengthChannelPositions,0
[WARNING] [stderr] 2026-08-15T18:53:36.701-0600	INFO	ForkJoinPool-1-worker-1	stdout	operator_metric,nitro,tpcds-parquet-sf10,q23a,0,2/TrinoNitroHashJoinOperator@1583,nitroBoundaryNativeExchangePositions,6941
[WARNING] [stderr] 2026-08-15T18:53:36.701-0600	INFO	ForkJoinPool-1-worker-1	stdout	operator_metric,nitro,tpcds-parquet-sf10,q23a,0,2/TrinoNitroHashJoinOperator@1583,nitroBoundaryNativeExchangeBytes,157593
[WARNING] [stderr] 2026-08-15T18:53:36.701-0600	INFO	ForkJoinPool-1-worker-1	stdout	operator_metric,nitro,tpcds-parquet-sf10,q23a,0,2/TrinoNitroHashJoinOperator@1583,nitroBoundaryNativeExchangeBatches,6
[WARNING] [stderr] 2026-08-15T18:53:36.701-0600	INFO	ForkJoinPool-1-worker-1	stdout	operator_metric,nitro,tpcds-parquet-sf10,q23a,0,2/TrinoNitroHashJoinOperator@1583,nitroBoundaryPageIngressFlatChannelPositions,524988
[WARNING] [stderr] 2026-08-15T18:53:36.701-0600	INFO	ForkJoinPool-1-worker-1	stdout	operator_metric,nitro,tpcds-parquet-sf10,q23a,0,2/TrinoNitroHashJoinOperator@1583,nitroBoundaryNativeExchangeMaximumBatchBytes,121084
[WARNING] [stderr] 2026-08-15T18:53:36.701-0600	INFO	ForkJoinPool-1-worker-1	stdout	operator_metric,nitro,tpcds-parquet-sf10,q23a,0,2/TrinoNitroHashJoinOperator@1583,nitroBoundaryPageIngressPositions,131247
[WARNING] [stderr] 2026-08-15T18:53:36.701-0600	INFO	ForkJoinPool-1-worker-1	stdout	operator_metric,nitro,tpcds-parquet-sf10,q23a,0,2/TrinoNitroHashJoinOperator@1583,nitroBoundaryPageIngressPages,6
[WARNING] [stderr] 2026-08-15T18:53:36.701-0600	INFO	ForkJoinPool-1-worker-1	stdout	operator_metric,nitro,tpcds-parquet-sf10,q23a,0,2/TrinoNitroAggregationOperator@2042,nitroAggregationInputNanos,2078977
[WARNING] [stderr] 2026-08-15T18:53:36.701-0600	INFO	ForkJoinPool-1-worker-1	stdout	operator_metric,nitro,tpcds-parquet-sf10,q23a,0,2/TrinoNitroAggregationOperator@2042,nitroBoundaryNativeExchangeBatches,32
[WARNING] [stderr] 2026-08-15T18:53:36.701-0600	INFO	ForkJoinPool-1-worker-1	stdout	operator_metric,nitro,tpcds-parquet-sf10,q23a,0,2/TrinoNitroAggregationOperator@2042,nitroBoundaryNativeExchangeMaximumChannel0Bytes,10143
[WARNING] [stderr] 2026-08-15T18:53:36.701-0600	INFO	ForkJoinPool-1-worker-1	stdout	operator_metric,nitro,tpcds-parquet-sf10,q23a,0,2/TrinoNitroAggregationOperator@2042,nitroAggregationStatePreparationNanos,0
[WARNING] [stderr] 2026-08-15T18:53:36.701-0600	INFO	ForkJoinPool-1-worker-1	stdout	operator_metric,nitro,tpcds-parquet-sf10,q23a,0,2/TrinoNitroAggregationOperator@2042,nitroBoundaryNativeExchangeBytes,36981
[WARNING] [stderr] 2026-08-15T18:53:36.701-0600	INFO	ForkJoinPool-1-worker-1	stdout	operator_metric,nitro,tpcds-parquet-sf10,q23a,0,2/TrinoNitroAggregationOperator@2042,nitroAggregationOutputNanos,66937
[WARNING] [stderr] 2026-08-15T18:53:36.701-0600	INFO	ForkJoinPool-1-worker-1	stdout	operator_metric,nitro,tpcds-parquet-sf10,q23a,0,2/TrinoNitroAggregationOperator@2042,nitroAggregationAccumulationNanos,0
[WARNING] [stderr] 2026-08-15T18:53:36.701-0600	INFO	ForkJoinPool-1-worker-1	stdout	operator_metric,nitro,tpcds-parquet-sf10,q23a,0,2/TrinoNitroAggregationOperator@2042,nitroAggregationInitialFlatKeyNanos,0
[WARNING] [stderr] 2026-08-15T18:53:36.701-0600	INFO	ForkJoinPool-1-worker-1	stdout	operator_metric,nitro,tpcds-parquet-sf10,q23a,0,2/TrinoNitroAggregationOperator@2042,nitroAggregationFusedNanos,0
[WARNING] [stderr] 2026-08-15T18:53:36.701-0600	INFO	ForkJoinPool-1-worker-1	stdout	operator_metric,nitro,tpcds-parquet-sf10,q23a,0,2/TrinoNitroAggregationOperator@2042,nitroBoundaryNativeExchangePositions,4109
[WARNING] [stderr] 2026-08-15T18:53:36.701-0600	INFO	ForkJoinPool-1-worker-1	stdout	operator_metric,nitro,tpcds-parquet-sf10,q23a,0,2/TrinoNitroAggregationOperator@2042,nitroAggregationInitialAggregationNanos,0
[WARNING] [stderr] 2026-08-15T18:53:36.701-0600	INFO	ForkJoinPool-1-worker-1	stdout	operator_metric,nitro,tpcds-parquet-sf10,q23a,0,2/TrinoNitroAggregationOperator@2042,nitroAggregationGroupingNanos,0
[WARNING] [stderr] 2026-08-15T18:53:36.701-0600	INFO	ForkJoinPool-1-worker-1	stdout	operator_metric,nitro,tpcds-parquet-sf10,q23a,0,2/TrinoNitroAggregationOperator@2042,nitroBoundaryNativeExchangeMaximumBatchBytes,10143
[WARNING] [stderr] 2026-08-15T18:53:36.701-0600	INFO	ForkJoinPool-1-worker-1	stdout	operator_metric,nitro,tpcds-parquet-sf10,q23a,0,2/TrinoNitroAggregationOperator@2042,nitroAggregationPipelineNanos,0
[WARNING] [stderr] 2026-08-15T18:53:36.701-0600	INFO	ForkJoinPool-1-worker-1	stdout	operator_metric,nitro,tpcds-parquet-sf10,q23a,0,2/TrinoNitroAggregationOperator@2042,nitroAggregationFlushNanos,0
[WARNING] [stderr] 2026-08-15T18:53:36.701-0600	INFO	ForkJoinPool-1-worker-1	stdout	operator_metric,nitro,tpcds-parquet-sf10,q23a,0,2/TrinoNitroAggregationOperator@2042,nitroAggregationInitialKeyNanos,0
[WARNING] [stderr] 2026-08-15T18:53:36.701-0600	INFO	ForkJoinPool-1-worker-1	stdout	operator_metric,nitro,tpcds-parquet-sf10,q23a,0,2/TrinoNitroAggregationOperator@2042,nitroAggregationInitialEncodedKeyNanos,0
[WARNING] [stderr] 2026-08-15T18:53:36.701-0600	INFO	ForkJoinPool-1-worker-1	stdout	operator_metric,nitro,tpcds-parquet-sf10,q23a,0,2/TrinoNitroAggregationOperator@12,nitroProjectionPlannedComputedOutputs,0
[WARNING] [stderr] 2026-08-15T18:53:36.701-0600	INFO	ForkJoinPool-1-worker-1	stdout	operator_metric,nitro,tpcds-parquet-sf10,q23a,0,2/TrinoNitroAggregationOperator@12,nitroProjectionOtherNullExpansionPositions,0
[WARNING] [stderr] 2026-08-15T18:53:36.701-0600	INFO	ForkJoinPool-1-worker-1	stdout	operator_metric,nitro,tpcds-parquet-sf10,q23a,0,2/TrinoNitroAggregationOperator@12,nitroProjectionGeneratedAttempts,0
[WARNING] [stderr] 2026-08-15T18:53:36.701-0600	INFO	ForkJoinPool-1-worker-1	stdout	operator_metric,nitro,tpcds-parquet-sf10,q23a,0,2/TrinoNitroAggregationOperator@12,nitroProjectionGeneratedSelectedPositions,0
[WARNING] [stderr] 2026-08-15T18:53:36.701-0600	INFO	ForkJoinPool-1-worker-1	stdout	operator_metric,nitro,tpcds-parquet-sf10,q23a,0,2/TrinoNitroAggregationOperator@12,nitroProjectionGeneratedLayoutFallbacks,0
[WARNING] [stderr] 2026-08-15T18:53:36.701-0600	INFO	ForkJoinPool-1-worker-1	stdout	operator_metric,nitro,tpcds-parquet-sf10,q23a,0,2/TrinoNitroAggregationOperator@12,nitroFilterInputPositions,13814437
[WARNING] [stderr] 2026-08-15T18:53:36.701-0600	INFO	ForkJoinPool-1-worker-1	stdout	operator_metric,nitro,tpcds-parquet-sf10,q23a,0,2/TrinoNitroAggregationOperator@12,nitroFilterPlannedPreboundMasks,8
[WARNING] [stderr] 2026-08-15T18:53:36.701-0600	INFO	ForkJoinPool-1-worker-1	stdout	operator_metric,nitro,tpcds-parquet-sf10,q23a,0,2/TrinoNitroAggregationOperator@12,nitroFilterPlannedSourceMaskOptimizations,0
[WARNING] [stderr] 2026-08-15T18:53:36.701-0600	INFO	ForkJoinPool-1-worker-1	stdout	operator_metric,nitro,tpcds-parquet-sf10,q23a,0,2/TrinoNitroAggregationOperator@12,nitroFilterPlannedCompiledMasks,8
[WARNING] [stderr] 2026-08-15T18:53:36.701-0600	INFO	ForkJoinPool-1-worker-1	stdout	operator_metric,nitro,tpcds-parquet-sf10,q23a,0,2/TrinoNitroAggregationOperator@12,nitroAggregationInitialFlatKeyNanos,0
[WARNING] [stderr] 2026-08-15T18:53:36.701-0600	INFO	ForkJoinPool-1-worker-1	stdout	operator_metric,nitro,tpcds-parquet-sf10,q23a,0,2/TrinoNitroAggregationOperator@12,nitroProjectionGeneratedErrorFallbacks,0
[WARNING] [stderr] 2026-08-15T18:53:36.701-0600	INFO	ForkJoinPool-1-worker-1	stdout	operator_metric,nitro,tpcds-parquet-sf10,q23a,0,2/TrinoNitroAggregationOperator@12,nitroAggregationInitialKeyNanos,0
[WARNING] [stderr] 2026-08-15T18:53:36.701-0600	INFO	ForkJoinPool-1-worker-1	stdout	operator_metric,nitro,tpcds-parquet-sf10,q23a,0,2/TrinoNitroAggregationOperator@12,nitroFilterDirectPreboundMaskSuccesses,0
[WARNING] [stderr] 2026-08-15T18:53:36.701-0600	INFO	ForkJoinPool-1-worker-1	stdout	operator_metric,nitro,tpcds-parquet-sf10,q23a,0,2/TrinoNitroAggregationOperator@12,nitroAggregationInitialAggregationNanos,0
[WARNING] [stderr] 2026-08-15T18:53:36.701-0600	INFO	ForkJoinPool-1-worker-1	stdout	operator_metric,nitro,tpcds-parquet-sf10,q23a,0,2/TrinoNitroAggregationOperator@12,nitroFilterPlannedAssignments,16
[WARNING] [stderr] 2026-08-15T18:53:36.701-0600	INFO	ForkJoinPool-1-worker-1	stdout	operator_metric,nitro,tpcds-parquet-sf10,q23a,0,2/TrinoNitroAggregationOperator@12,nitroFilterCompiledMaskFallbacks,0
[WARNING] [stderr] 2026-08-15T18:53:36.701-0600	INFO	ForkJoinPool-1-worker-1	stdout	operator_metric,nitro,tpcds-parquet-sf10,q23a,0,2/TrinoNitroAggregationOperator@12,nitroFilterCompiledMaskSuccesses,848
[WARNING] [stderr] 2026-08-15T18:53:36.701-0600	INFO	ForkJoinPool-1-worker-1	stdout	operator_metric,nitro,tpcds-parquet-sf10,q23a,0,2/TrinoNitroAggregationOperator@12,nitroProjectionGeneratedOutputs,0
[WARNING] [stderr] 2026-08-15T18:53:36.701-0600	INFO	ForkJoinPool-1-worker-1	stdout	operator_metric,nitro,tpcds-parquet-sf10,q23a,0,2/TrinoNitroAggregationOperator@12,nitroAggregationInitialEncodedKeyNanos,0
[WARNING] [stderr] 2026-08-15T18:53:36.701-0600	INFO	ForkJoinPool-1-worker-1	stdout	operator_metric,nitro,tpcds-parquet-sf10,q23a,0,2/TrinoNitroAggregationOperator@12,nitroAggregationFusedNanos,0
[WARNING] [stderr] 2026-08-15T18:53:36.701-0600	INFO	ForkJoinPool-1-worker-1	stdout	operator_metric,nitro,tpcds-parquet-sf10,q23a,0,2/TrinoNitroAggregationOperator@12,nitroProjectionIntegerWideningPositions,0
[WARNING] [stderr] 2026-08-15T18:53:36.701-0600	INFO	ForkJoinPool-1-worker-1	stdout	operator_metric,nitro,tpcds-parquet-sf10,q23a,0,2/TrinoNitroAggregationOperator@12,nitroFilterSourceMaskSuccesses,0
[WARNING] [stderr] 2026-08-15T18:53:36.701-0600	INFO	ForkJoinPool-1-worker-1	stdout	operator_metric,nitro,tpcds-parquet-sf10,q23a,0,2/TrinoNitroAggregationOperator@12,nitroFilterOutputPositions,4221
[WARNING] [stderr] 2026-08-15T18:53:36.701-0600	INFO	ForkJoinPool-1-worker-1	stdout	operator_metric,nitro,tpcds-parquet-sf10,q23a,0,2/TrinoNitroAggregationOperator@12,nitroProjectionGeneratedSuccesses,0
[WARNING] [stderr] 2026-08-15T18:53:36.701-0600	INFO	ForkJoinPool-1-worker-1	stdout	operator_metric,nitro,tpcds-parquet-sf10,q23a,0,2/TrinoNitroAggregationOperator@12,nitroBoundaryNativeExchangeMaximumChannel0Bytes,1179648
[WARNING] [stderr] 2026-08-15T18:53:36.701-0600	INFO	ForkJoinPool-1-worker-1	stdout	operator_metric,nitro,tpcds-parquet-sf10,q23a,0,2/TrinoNitroAggregationOperator@12,nitroAggregationStatePreparationNanos,57831462
[WARNING] [stderr] 2026-08-15T18:53:36.701-0600	INFO	ForkJoinPool-1-worker-1	stdout	operator_metric,nitro,tpcds-parquet-sf10,q23a,0,2/TrinoNitroAggregationOperator@12,nitroProjectionFlatInputPositions,0
[WARNING] [stderr] 2026-08-15T18:53:36.701-0600	INFO	ForkJoinPool-1-worker-1	stdout	operator_metric,nitro,tpcds-parquet-sf10,q23a,0,2/TrinoNitroAggregationOperator@12,nitroProjectionDictionaryFlatteningPositions,0
[WARNING] [stderr] 2026-08-15T18:53:36.701-0600	INFO	ForkJoinPool-1-worker-1	stdout	operator_metric,nitro,tpcds-parquet-sf10,q23a,0,2/TrinoNitroAggregationOperator@12,nitroFilterCompiledMaskAttempts,848
[WARNING] [stderr] 2026-08-15T18:53:36.701-0600	INFO	ForkJoinPool-1-worker-1	stdout	operator_metric,nitro,tpcds-parquet-sf10,q23a,0,2/TrinoNitroAggregationOperator@12,nitroProjectionOtherInputPositions,0
[WARNING] [stderr] 2026-08-15T18:53:36.701-0600	INFO	ForkJoinPool-1-worker-1	stdout	operator_metric,nitro,tpcds-parquet-sf10,q23a,0,2/TrinoNitroAggregationOperator@12,nitroProjectionPlannedAssignments,0
[WARNING] [stderr] 2026-08-15T18:53:36.701-0600	INFO	ForkJoinPool-1-worker-1	stdout	operator_metric,nitro,tpcds-parquet-sf10,q23a,0,2/TrinoNitroAggregationOperator@12,nitroAggregationPipelineNanos,0
[WARNING] [stderr] 2026-08-15T18:53:36.701-0600	INFO	ForkJoinPool-1-worker-1	stdout	operator_metric,nitro,tpcds-parquet-sf10,q23a,0,2/TrinoNitroAggregationOperator@12,nitroProjectionRunLengthInputPositions,0
[WARNING] [stderr] 2026-08-15T18:53:36.701-0600	INFO	ForkJoinPool-1-worker-1	stdout	operator_metric,nitro,tpcds-parquet-sf10,q23a,0,2/TrinoNitroAggregationOperator@12,nitroFilterPrimitiveMaskAttempts,0
[WARNING] [stderr] 2026-08-15T18:53:36.701-0600	INFO	ForkJoinPool-1-worker-1	stdout	operator_metric,nitro,tpcds-parquet-sf10,q23a,0,2/TrinoNitroAggregationOperator@12,nitroAggregationOutputNanos,739160
[WARNING] [stderr] 2026-08-15T18:53:36.701-0600	INFO	ForkJoinPool-1-worker-1	stdout	operator_metric,nitro,tpcds-parquet-sf10,q23a,0,2/TrinoNitroAggregationOperator@12,nitroProjectionGeneratedKernels,0
[WARNING] [stderr] 2026-08-15T18:53:36.701-0600	INFO	ForkJoinPool-1-worker-1	stdout	operator_metric,nitro,tpcds-parquet-sf10,q23a,0,2/TrinoNitroAggregationOperator@12,nitroBoundaryNativeExchangeMaximumBatchBytes,1179648
[WARNING] [stderr] 2026-08-15T18:53:36.701-0600	INFO	ForkJoinPool-1-worker-1	stdout	operator_metric,nitro,tpcds-parquet-sf10,q23a,0,2/TrinoNitroAggregationOperator@12,nitroBoundaryNativeExchangeBytes,79626240
[WARNING] [stderr] 2026-08-15T18:53:36.701-0600	INFO	ForkJoinPool-1-worker-1	stdout	operator_metric,nitro,tpcds-parquet-sf10,q23a,0,2/TrinoNitroAggregationOperator@12,nitroFilterPrimitiveMaskSuccesses,0
[WARNING] [stderr] 2026-08-15T18:53:36.701-0600	INFO	ForkJoinPool-1-worker-1	stdout	operator_metric,nitro,tpcds-parquet-sf10,q23a,0,2/TrinoNitroAggregationOperator@12,nitroProjectionDictionaryInputPositions,0
[WARNING] [stderr] 2026-08-15T18:53:36.701-0600	INFO	ForkJoinPool-1-worker-1	stdout	operator_metric,nitro,tpcds-parquet-sf10,q23a,0,2/TrinoNitroAggregationOperator@12,nitroAggregationAccumulationNanos,146989625
[WARNING] [stderr] 2026-08-15T18:53:36.701-0600	INFO	ForkJoinPool-1-worker-1	stdout	operator_metric,nitro,tpcds-parquet-sf10,q23a,0,2/TrinoNitroAggregationOperator@12,nitroAggregationInputNanos,3981172498
[WARNING] [stderr] 2026-08-15T18:53:36.701-0600	INFO	ForkJoinPool-1-worker-1	stdout	operator_metric,nitro,tpcds-parquet-sf10,q23a,0,2/TrinoNitroAggregationOperator@12,nitroProjectionDictionaryNullExpansionPositions,0
[WARNING] [stderr] 2026-08-15T18:53:36.701-0600	INFO	ForkJoinPool-1-worker-1	stdout	operator_metric,nitro,tpcds-parquet-sf10,q23a,0,2/TrinoNitroAggregationOperator@12,nitroAggregationGroupingNanos,3768164591
[WARNING] [stderr] 2026-08-15T18:53:36.701-0600	INFO	ForkJoinPool-1-worker-1	stdout	operator_metric,nitro,tpcds-parquet-sf10,q23a,0,2/TrinoNitroAggregationOperator@12,nitroBoundaryNativeExchangeBatches,540
[WARNING] [stderr] 2026-08-15T18:53:36.701-0600	INFO	ForkJoinPool-1-worker-1	stdout	operator_metric,nitro,tpcds-parquet-sf10,q23a,0,2/TrinoNitroAggregationOperator@12,nitroAggregationFlushNanos,0
[WARNING] [stderr] 2026-08-15T18:53:36.701-0600	INFO	ForkJoinPool-1-worker-1	stdout	operator_metric,nitro,tpcds-parquet-sf10,q23a,0,2/TrinoNitroAggregationOperator@12,nitroBoundaryNativeExchangePositions,4221
[WARNING] [stderr] 2026-08-15T18:53:36.701-0600	INFO	ForkJoinPool-1-worker-1	stdout	operator_metric,nitro,tpcds-parquet-sf10,q23a,0,2/TrinoNitroAggregationOperator@12,nitroFilterPrimitiveMaskFallbacks,0
[WARNING] [stderr] 2026-08-15T18:53:36.701-0600	INFO	ForkJoinPool-1-worker-1	stdout	operator_metric,nitro,tpcds-parquet-sf10,q23a,0,2/TrinoNitroAggregationOperator@12,nitroFilterMaterializedMaskFallbacks,0
[WARNING] [stderr] 2026-08-15T18:53:36.701-0600	INFO	ForkJoinPool-1-worker-1	stdout	operator_metric,nitro,tpcds-parquet-sf10,q23a,0,2/TrinoNitroHashJoinOperator@7,nitroBoundaryNativeExchangeBytes,1961324360
[WARNING] [stderr] 2026-08-15T18:53:36.701-0600	INFO	ForkJoinPool-1-worker-1	stdout	operator_metric,nitro,tpcds-parquet-sf10,q23a,0,2/TrinoNitroHashJoinOperator@7,nitroBoundaryNativeEgressFlatChannelPositions,25410
[WARNING] [stderr] 2026-08-15T18:53:36.701-0600	INFO	ForkJoinPool-1-worker-1	stdout	operator_metric,nitro,tpcds-parquet-sf10,q23a,0,2/TrinoNitroHashJoinOperator@7,nitroBoundaryNativeEgressDictionaryChannelPositions,12705
[WARNING] [stderr] 2026-08-15T18:53:36.701-0600	INFO	ForkJoinPool-1-worker-1	stdout	operator_metric,nitro,tpcds-parquet-sf10,q23a,0,2/TrinoNitroHashJoinOperator@7,nitroBoundaryNativeExchangeCaptureFallbackBatches,146
[WARNING] [stderr] 2026-08-15T18:53:36.701-0600	INFO	ForkJoinPool-1-worker-1	stdout	operator_metric,nitro,tpcds-parquet-sf10,q23a,0,2/TrinoNitroHashJoinOperator@7,nitroBoundaryPageEgressRunLengthChannelPositions,0
[WARNING] [stderr] 2026-08-15T18:53:36.701-0600	INFO	ForkJoinPool-1-worker-1	stdout	operator_metric,nitro,tpcds-parquet-sf10,q23a,0,2/TrinoNitroHashJoinOperator@7,nitroBoundaryPageIngressRunLengthChannelPositions,0
[WARNING] [stderr] 2026-08-15T18:53:36.701-0600	INFO	ForkJoinPool-1-worker-1	stdout	operator_metric,nitro,tpcds-parquet-sf10,q23a,0,2/TrinoNitroHashJoinOperator@7,nitroBoundaryPageIngressBytes,297289300
[WARNING] [stderr] 2026-08-15T18:53:36.701-0600	INFO	ForkJoinPool-1-worker-1	stdout	operator_metric,nitro,tpcds-parquet-sf10,q23a,0,2/TrinoNitroHashJoinOperator@7,nitroBoundaryPageEgressBytes,1565839
[WARNING] [stderr] 2026-08-15T18:53:36.701-0600	INFO	ForkJoinPool-1-worker-1	stdout	operator_metric,nitro,tpcds-parquet-sf10,q23a,0,2/TrinoNitroHashJoinOperator@7,nitroBoundaryPageIngressDictionaryChannelPositions,16380595
[WARNING] [stderr] 2026-08-15T18:53:36.701-0600	INFO	ForkJoinPool-1-worker-1	stdout	operator_metric,nitro,tpcds-parquet-sf10,q23a,0,2/TrinoNitroHashJoinOperator@7,nitroBoundaryPageEgressFlatChannelPositions,25413
[WARNING] [stderr] 2026-08-15T18:53:36.701-0600	INFO	ForkJoinPool-1-worker-1	stdout	operator_metric,nitro,tpcds-parquet-sf10,q23a,0,2/TrinoNitroHashJoinOperator@7,nitroBoundaryPageIngressPositions,16554780
[WARNING] [stderr] 2026-08-15T18:53:36.701-0600	INFO	ForkJoinPool-1-worker-1	stdout	operator_metric,nitro,tpcds-parquet-sf10,q23a,0,2/TrinoNitroHashJoinOperator@7,nitroBoundaryPageEgressDictionaryChannelPositions,12702
[WARNING] [stderr] 2026-08-15T18:53:36.701-0600	INFO	ForkJoinPool-1-worker-1	stdout	operator_metric,nitro,tpcds-parquet-sf10,q23a,0,2/TrinoNitroHashJoinOperator@7,nitroBoundaryNativeExchangeMaximumBatchBytes,4907889
[WARNING] [stderr] 2026-08-15T18:53:36.701-0600	INFO	ForkJoinPool-1-worker-1	stdout	operator_metric,nitro,tpcds-parquet-sf10,q23a,0,2/TrinoNitroHashJoinOperator@7,nitroBoundaryNativeExchangePositions,16542075
[WARNING] [stderr] 2026-08-15T18:53:36.701-0600	INFO	ForkJoinPool-1-worker-1	stdout	operator_metric,nitro,tpcds-parquet-sf10,q23a,0,2/TrinoNitroHashJoinOperator@7,nitroBoundaryNativeExchangeCaptureFallbackPositions,12705
[WARNING] [stderr] 2026-08-15T18:53:36.701-0600	INFO	ForkJoinPool-1-worker-1	stdout	operator_metric,nitro,tpcds-parquet-sf10,q23a,0,2/TrinoNitroHashJoinOperator@7,nitroBoundaryNativeEgressRunLengthChannelPositions,0
[WARNING] [stderr] 2026-08-15T18:53:36.701-0600	INFO	ForkJoinPool-1-worker-1	stdout	operator_metric,nitro,tpcds-parquet-sf10,q23a,0,2/TrinoNitroHashJoinOperator@7,nitroBoundaryPageEgressPositions,12705
[WARNING] [stderr] 2026-08-15T18:53:36.701-0600	INFO	ForkJoinPool-1-worker-1	stdout	operator_metric,nitro,tpcds-parquet-sf10,q23a,0,2/TrinoNitroHashJoinOperator@7,nitroBoundaryPageIngressFlatChannelPositions,16728965
[WARNING] [stderr] 2026-08-15T18:53:36.701-0600	INFO	ForkJoinPool-1-worker-1	stdout	operator_metric,nitro,tpcds-parquet-sf10,q23a,0,2/TrinoNitroHashJoinOperator@7,nitroBoundaryNativeExchangeBatches,3919
[WARNING] [stderr] 2026-08-15T18:53:36.701-0600	INFO	ForkJoinPool-1-worker-1	stdout	operator_metric,nitro,tpcds-parquet-sf10,q23a,0,2/TrinoNitroHashJoinOperator@7,nitroBoundaryPageIngressPages,4065
[WARNING] [stderr] 2026-08-15T18:53:36.701-0600	INFO	ForkJoinPool-1-worker-1	stdout	operator_metric,nitro,tpcds-parquet-sf10,q23a,0,2/TrinoNitroHashJoinOperator@7,nitroBoundaryPageEgressPages,146
[WARNING] [stderr] 2026-08-15T18:53:36.701-0600	INFO	ForkJoinPool-1-worker-1	stdout	operator_metric,nitro,tpcds-parquet-sf10,q23a,0,2/PartitionedOutputOperator@1583,nitroExchangePreservedPositions,0
[WARNING] [stderr] 2026-08-15T18:53:36.701-0600	INFO	ForkJoinPool-1-worker-1	stdout	operator_metric,nitro,tpcds-parquet-sf10,q23a,0,2/PartitionedOutputOperator@1583,nitroRemoteOutputPartitionAssignmentNanos,0
[WARNING] [stderr] 2026-08-15T18:53:36.701-0600	INFO	ForkJoinPool-1-worker-1	stdout	operator_metric,nitro,tpcds-parquet-sf10,q23a,0,2/PartitionedOutputOperator@1583,nitroRemoteOutputBufferedConversionNanos,23515
[WARNING] [stderr] 2026-08-15T18:53:36.701-0600	INFO	ForkJoinPool-1-worker-1	stdout	operator_metric,nitro,tpcds-parquet-sf10,q23a,0,2/PartitionedOutputOperator@1583,nitroRemoteOutputNativePartitionAppendNanos,0
[WARNING] [stderr] 2026-08-15T18:53:36.701-0600	INFO	ForkJoinPool-1-worker-1	stdout	operator_metric,nitro,tpcds-parquet-sf10,q23a,0,2/PartitionedOutputOperator@1583,nitroRemoteOutputNativePartitionConversionNanos,0
[WARNING] [stderr] 2026-08-15T18:53:36.701-0600	INFO	ForkJoinPool-1-worker-1	stdout	operator_metric,nitro,tpcds-parquet-sf10,q23a,0,2/PartitionedOutputOperator@1583,nitroExchangeInputPages,6
[WARNING] [stderr] 2026-08-15T18:53:36.701-0600	INFO	ForkJoinPool-1-worker-1	stdout	operator_metric,nitro,tpcds-parquet-sf10,q23a,0,2/PartitionedOutputOperator@1583,nitroExchangeSmallPagePositions,0
[WARNING] [stderr] 2026-08-15T18:53:36.701-0600	INFO	ForkJoinPool-1-worker-1	stdout	operator_metric,nitro,tpcds-parquet-sf10,q23a,0,2/PartitionedOutputOperator@1583,nitroExchangeInputFlatChannelPositions,20823
[WARNING] [stderr] 2026-08-15T18:53:36.701-0600	INFO	ForkJoinPool-1-worker-1	stdout	operator_metric,nitro,tpcds-parquet-sf10,q23a,0,2/PartitionedOutputOperator@1583,nitroExchangeDictionaryUnsupportedPositions,0
[WARNING] [stderr] 2026-08-15T18:53:36.701-0600	INFO	ForkJoinPool-1-worker-1	stdout	operator_metric,nitro,tpcds-parquet-sf10,q23a,0,2/PartitionedOutputOperator@1583,nitroRemoteOutputNativeBatches,0
[WARNING] [stderr] 2026-08-15T18:53:36.701-0600	INFO	ForkJoinPool-1-worker-1	stdout	operator_metric,nitro,tpcds-parquet-sf10,q23a,0,2/PartitionedOutputOperator@1583,nitroRemoteOutputNativePartitionCopyNanos,0
[WARNING] [stderr] 2026-08-15T18:53:36.701-0600	INFO	ForkJoinPool-1-worker-1	stdout	operator_metric,nitro,tpcds-parquet-sf10,q23a,0,2/PartitionedOutputOperator@1583,nitroExchangeInputDictionaryChannelPositions,0
[WARNING] [stderr] 2026-08-15T18:53:36.701-0600	INFO	ForkJoinPool-1-worker-1	stdout	operator_metric,nitro,tpcds-parquet-sf10,q23a,0,2/PartitionedOutputOperator@1583,nitroRemoteOutputNativePartitions,0
[WARNING] [stderr] 2026-08-15T18:53:36.701-0600	INFO	ForkJoinPool-1-worker-1	stdout	operator_metric,nitro,tpcds-parquet-sf10,q23a,0,2/PartitionedOutputOperator@1583,nitroRemoteOutputBufferedBatches,6
[WARNING] [stderr] 2026-08-15T18:53:36.702-0600	INFO	ForkJoinPool-1-worker-1	stdout	operator_metric,nitro,tpcds-parquet-sf10,q23a,0,2/PartitionedOutputOperator@1583,nitroRemoteOutputPartitionKeyConversionNanos,0
[WARNING] [stderr] 2026-08-15T18:53:36.702-0600	INFO	ForkJoinPool-1-worker-1	stdout	operator_metric,nitro,tpcds-parquet-sf10,q23a,0,2/PartitionedOutputOperator@1583,nitroExchangeRunLengthUnsupportedPositions,0
[WARNING] [stderr] 2026-08-15T18:53:36.702-0600	INFO	ForkJoinPool-1-worker-1	stdout	operator_metric,nitro,tpcds-parquet-sf10,q23a,0,2/PartitionedOutputOperator@1583,nitroRemoteOutputBufferedAppendNanos,95411
[WARNING] [stderr] 2026-08-15T18:53:36.702-0600	INFO	ForkJoinPool-1-worker-1	stdout	operator_metric,nitro,tpcds-parquet-sf10,q23a,0,2/PartitionedOutputOperator@1583,nitroRemoteOutputTotalNanos,124355
[WARNING] [stderr] 2026-08-15T18:53:36.702-0600	INFO	ForkJoinPool-1-worker-1	stdout	operator_metric,nitro,tpcds-parquet-sf10,q23a,0,2/PartitionedOutputOperator@1583,nitroRemoteOutputInputPositions,6941
[WARNING] [stderr] 2026-08-15T18:53:36.702-0600	INFO	ForkJoinPool-1-worker-1	stdout	operator_metric,nitro,tpcds-parquet-sf10,q23a,0,2/PartitionedOutputOperator@1583,nitroExchangeInputRunLengthChannelPositions,0
[WARNING] [stderr] 2026-08-15T18:53:36.702-0600	INFO	ForkJoinPool-1-worker-1	stdout	operator_metric,nitro,tpcds-parquet-sf10,q23a,0,2/PartitionedOutputOperator@1583,nitroExchangeNoDictionaryPositions,6941
[WARNING] [stderr] 2026-08-15T18:53:36.702-0600	INFO	ForkJoinPool-1-worker-1	stdout	operator_metric,nitro,tpcds-parquet-sf10,q23a,0,2/PartitionedOutputOperator@1583,nitroExchangeInputPositions,6941
[WARNING] [stderr] 2026-08-15T18:53:36.702-0600	INFO	ForkJoinPool-1-worker-1	stdout	operator_metric,nitro,tpcds-parquet-sf10,q23a,0,2/PartitionedOutputOperator@1583,nitroExchangeLowDictionaryReusePositions,0
[WARNING] [stderr] 2026-08-15T18:53:36.702-0600	INFO	ForkJoinPool-1-worker-1	stdout	operator_metric,nitro,tpcds-parquet-sf10,q23a,0,2/TrinoNitroAggregationOperator@6073,nitroPartialAggregationAggregatedInputRows,4221
[WARNING] [stderr] 2026-08-15T18:53:36.702-0600	INFO	ForkJoinPool-1-worker-1	stdout	operator_metric,nitro,tpcds-parquet-sf10,q23a,0,2/TrinoNitroAggregationOperator@6073,nitroAggregationGroupingNanos,595420
[WARNING] [stderr] 2026-08-15T18:53:36.702-0600	INFO	ForkJoinPool-1-worker-1	stdout	operator_metric,nitro,tpcds-parquet-sf10,q23a,0,2/TrinoNitroAggregationOperator@6073,nitroBoundaryNativeExchangeBatches,8
[WARNING] [stderr] 2026-08-15T18:53:36.702-0600	INFO	ForkJoinPool-1-worker-1	stdout	operator_metric,nitro,tpcds-parquet-sf10,q23a,0,2/TrinoNitroAggregationOperator@6073,nitroPartialAggregationCardinalityObservations,185
[WARNING] [stderr] 2026-08-15T18:53:36.702-0600	INFO	ForkJoinPool-1-worker-1	stdout	operator_metric,nitro,tpcds-parquet-sf10,q23a,0,2/TrinoNitroAggregationOperator@6073,nitroPartialAggregationPassthroughToAggregationTransitions,0
[WARNING] [stderr] 2026-08-15T18:53:36.702-0600	INFO	ForkJoinPool-1-worker-1	stdout	operator_metric,nitro,tpcds-parquet-sf10,q23a,0,2/TrinoNitroAggregationOperator@6073,nitroPartialAggregationAggregatedFlushes,8
[WARNING] [stderr] 2026-08-15T18:53:36.702-0600	INFO	ForkJoinPool-1-worker-1	stdout	operator_metric,nitro,tpcds-parquet-sf10,q23a,0,2/TrinoNitroAggregationOperator@6073,nitroAggregationFusedNanos,0
[WARNING] [stderr] 2026-08-15T18:53:36.702-0600	INFO	ForkJoinPool-1-worker-1	stdout	operator_metric,nitro,tpcds-parquet-sf10,q23a,0,2/TrinoNitroAggregationOperator@6073,nitroBoundaryNativeExchangeMaximumChannel0Bytes,37737
[WARNING] [stderr] 2026-08-15T18:53:36.702-0600	INFO	ForkJoinPool-1-worker-1	stdout	operator_metric,nitro,tpcds-parquet-sf10,q23a,0,2/TrinoNitroAggregationOperator@6073,nitroBoundaryNativeExchangeBytes,37737
[WARNING] [stderr] 2026-08-15T18:53:36.704-0600	INFO	ForkJoinPool-1-worker-1	stdout	operator_metric,nitro,tpcds-parquet-sf10,q23a,0,2/TrinoNitroAggregationOperator@6073,nitroAggregationFlushNanos,0
[WARNING] [stderr] 2026-08-15T18:53:36.704-0600	INFO	ForkJoinPool-1-worker-1	stdout	operator_metric,nitro,tpcds-parquet-sf10,q23a,0,2/TrinoNitroAggregationOperator@6073,nitroAggregationOutputNanos,47661
[WARNING] [stderr] 2026-08-15T18:53:36.704-0600	INFO	ForkJoinPool-1-worker-1	stdout	operator_metric,nitro,tpcds-parquet-sf10,q23a,0,2/TrinoNitroAggregationOperator@6073,nitroAggregationStatePreparationNanos,10811
[WARNING] [stderr] 2026-08-15T18:53:36.704-0600	INFO	ForkJoinPool-1-worker-1	stdout	operator_metric,nitro,tpcds-parquet-sf10,q23a,0,2/TrinoNitroAggregationOperator@6073,nitroPartialAggregationPassthroughInputRows,0
[WARNING] [stderr] 2026-08-15T18:53:36.704-0600	INFO	ForkJoinPool-1-worker-1	stdout	operator_metric,nitro,tpcds-parquet-sf10,q23a,0,2/TrinoNitroAggregationOperator@6073,nitroPartialAggregationCardinalityReconsideredDecisions,0
[WARNING] [stderr] 2026-08-15T18:53:36.704-0600	INFO	ForkJoinPool-1-worker-1	stdout	operator_metric,nitro,tpcds-parquet-sf10,q23a,0,2/TrinoNitroAggregationOperator@6073,nitroPartialAggregationCardinalityAggregateDecisions,0
[WARNING] [stderr] 2026-08-15T18:53:36.704-0600	INFO	ForkJoinPool-1-worker-1	stdout	operator_metric,nitro,tpcds-parquet-sf10,q23a,0,2/TrinoNitroAggregationOperator@6073,nitroAggregationInitialFlatKeyNanos,0
[WARNING] [stderr] 2026-08-15T18:53:36.704-0600	INFO	ForkJoinPool-1-worker-1	stdout	operator_metric,nitro,tpcds-parquet-sf10,q23a,0,2/TrinoNitroAggregationOperator@6073,nitroPartialAggregationPassthroughInputBytes,0
[WARNING] [stderr] 2026-08-15T18:53:36.704-0600	INFO	ForkJoinPool-1-worker-1	stdout	operator_metric,nitro,tpcds-parquet-sf10,q23a,0,2/TrinoNitroAggregationOperator@6073,nitroPartialAggregationAggregationToPassthroughTransitions,0
[WARNING] [stderr] 2026-08-15T18:53:36.704-0600	INFO	ForkJoinPool-1-worker-1	stdout	operator_metric,nitro,tpcds-parquet-sf10,q23a,0,2/TrinoNitroAggregationOperator@6073,nitroPartialAggregationAggregatedOutputRows,4193
[WARNING] [stderr] 2026-08-15T18:53:36.704-0600	INFO	ForkJoinPool-1-worker-1	stdout	operator_metric,nitro,tpcds-parquet-sf10,q23a,0,2/TrinoNitroAggregationOperator@6073,nitroAggregationInitialKeyNanos,0
[WARNING] [stderr] 2026-08-15T18:53:36.704-0600	INFO	ForkJoinPool-1-worker-1	stdout	operator_metric,nitro,tpcds-parquet-sf10,q23a,0,2/TrinoNitroAggregationOperator@6073,nitroAggregationInitialAggregationNanos,0
[WARNING] [stderr] 2026-08-15T18:53:36.704-0600	INFO	ForkJoinPool-1-worker-1	stdout	operator_metric,nitro,tpcds-parquet-sf10,q23a,0,2/TrinoNitroAggregationOperator@6073,nitroPartialAggregationPassthroughFlushes,0
[WARNING] [stderr] 2026-08-15T18:53:36.704-0600	INFO	ForkJoinPool-1-worker-1	stdout	operator_metric,nitro,tpcds-parquet-sf10,q23a,0,2/TrinoNitroAggregationOperator@6073,nitroAggregationPipelineNanos,0
[WARNING] [stderr] 2026-08-15T18:53:36.704-0600	INFO	ForkJoinPool-1-worker-1	stdout	operator_metric,nitro,tpcds-parquet-sf10,q23a,0,2/TrinoNitroAggregationOperator@6073,nitroAggregationInitialEncodedKeyNanos,0
[WARNING] [stderr] 2026-08-15T18:53:36.704-0600	INFO	ForkJoinPool-1-worker-1	stdout	operator_metric,nitro,tpcds-parquet-sf10,q23a,0,2/TrinoNitroAggregationOperator@6073,nitroAggregationInputNanos,2707145
[WARNING] [stderr] 2026-08-15T18:53:36.704-0600	INFO	ForkJoinPool-1-worker-1	stdout	operator_metric,nitro,tpcds-parquet-sf10,q23a,0,2/TrinoNitroAggregationOperator@6073,nitroPartialAggregationCardinalityBypassDecisions,0
[WARNING] [stderr] 2026-08-15T18:53:36.704-0600	INFO	ForkJoinPool-1-worker-1	stdout	operator_metric,nitro,tpcds-parquet-sf10,q23a,0,2/TrinoNitroAggregationOperator@6073,nitroAggregationAccumulationNanos,11893
[WARNING] [stderr] 2026-08-15T18:53:36.704-0600	INFO	ForkJoinPool-1-worker-1	stdout	operator_metric,nitro,tpcds-parquet-sf10,q23a,0,2/TrinoNitroAggregationOperator@6073,nitroPartialAggregationAggregatedInputBytes,79626240
[WARNING] [stderr] 2026-08-15T18:53:36.704-0600	INFO	ForkJoinPool-1-worker-1	stdout	operator_metric,nitro,tpcds-parquet-sf10,q23a,0,2/TrinoNitroAggregationOperator@6073,nitroBoundaryNativeExchangePositions,4193
[WARNING] [stderr] 2026-08-15T18:53:36.704-0600	INFO	ForkJoinPool-1-worker-1	stdout	operator_metric,nitro,tpcds-parquet-sf10,q23a,0,2/TrinoNitroAggregationOperator@6073,nitroBoundaryNativeExchangeMaximumBatchBytes,37737
[WARNING] [stderr] 2026-08-15T18:53:36.704-0600	INFO	ForkJoinPool-1-worker-1	stdout	operator_metric,nitro,tpcds-parquet-sf10,q23a,0,2/TrinoNitroAggregationOperator@6082,nitroPartialAggregationPassthroughFlushes,4047
[WARNING] [stderr] 2026-08-15T18:53:36.704-0600	INFO	ForkJoinPool-1-worker-1	stdout	operator_metric,nitro,tpcds-parquet-sf10,q23a,0,2/TrinoNitroAggregationOperator@6082,nitroPartialAggregationAggregatedOutputRows,72559
[WARNING] [stderr] 2026-08-15T18:53:36.705-0600	INFO	ForkJoinPool-1-worker-1	stdout	operator_metric,nitro,tpcds-parquet-sf10,q23a,0,2/TrinoNitroAggregationOperator@6082,nitroBoundaryNativeExchangeBytes,876052969
[WARNING] [stderr] 2026-08-15T18:53:36.705-0600	INFO	ForkJoinPool-1-worker-1	stdout	operator_metric,nitro,tpcds-parquet-sf10,q23a,0,2/TrinoNitroAggregationOperator@6082,nitroPartialAggregationAggregationToPassthroughTransitions,0
[WARNING] [stderr] 2026-08-15T18:53:36.705-0600	INFO	ForkJoinPool-1-worker-1	stdout	operator_metric,nitro,tpcds-parquet-sf10,q23a,0,2/TrinoNitroAggregationOperator@6082,nitroAggregationFlushNanos,0
[WARNING] [stderr] 2026-08-15T18:53:36.705-0600	INFO	ForkJoinPool-1-worker-1	stdout	operator_metric,nitro,tpcds-parquet-sf10,q23a,0,2/TrinoNitroAggregationOperator@6082,nitroBoundaryPageIngressFlatChannelPositions,25413
[WARNING] [stderr] 2026-08-15T18:53:36.705-0600	INFO	ForkJoinPool-1-worker-1	stdout	operator_metric,nitro,tpcds-parquet-sf10,q23a,0,2/TrinoNitroAggregationOperator@6082,nitroBoundaryNativeExchangeMaximumChannel1Bytes,452967
[WARNING] [stderr] 2026-08-15T18:53:36.705-0600	INFO	ForkJoinPool-1-worker-1	stdout	operator_metric,nitro,tpcds-parquet-sf10,q23a,0,2/TrinoNitroAggregationOperator@6082,nitroBoundaryNativeExchangeMaximumBatchBytes,4919493
[WARNING] [stderr] 2026-08-15T18:53:36.705-0600	INFO	ForkJoinPool-1-worker-1	stdout	operator_metric,nitro,tpcds-parquet-sf10,q23a,0,2/TrinoNitroAggregationOperator@6082,nitroProjectionOtherInputPositions,0
[WARNING] [stderr] 2026-08-15T18:53:36.705-0600	INFO	ForkJoinPool-1-worker-1	stdout	operator_metric,nitro,tpcds-parquet-sf10,q23a,0,2/TrinoNitroAggregationOperator@6082,nitroAggregationInitialKeyNanos,0
[WARNING] [stderr] 2026-08-15T18:53:36.705-0600	INFO	ForkJoinPool-1-worker-1	stdout	operator_metric,nitro,tpcds-parquet-sf10,q23a,0,2/TrinoNitroAggregationOperator@6082,nitroProjectionRunLengthInputPositions,0
[WARNING] [stderr] 2026-08-15T18:53:36.705-0600	INFO	ForkJoinPool-1-worker-1	stdout	operator_metric,nitro,tpcds-parquet-sf10,q23a,0,2/TrinoNitroAggregationOperator@6082,nitroBoundaryNativeExchangeBatches,4053
[WARNING] [stderr] 2026-08-15T18:53:36.705-0600	INFO	ForkJoinPool-1-worker-1	stdout	operator_metric,nitro,tpcds-parquet-sf10,q23a,0,2/TrinoNitroAggregationOperator@6082,nitroPartialAggregationCardinalityObservations,4065
[WARNING] [stderr] 2026-08-15T18:53:36.705-0600	INFO	ForkJoinPool-1-worker-1	stdout	operator_metric,nitro,tpcds-parquet-sf10,q23a,0,2/TrinoNitroAggregationOperator@6082,nitroProjectionDictionaryFlatteningPositions,0
[WARNING] [stderr] 2026-08-15T18:53:36.705-0600	INFO	ForkJoinPool-1-worker-1	stdout	operator_metric,nitro,tpcds-parquet-sf10,q23a,0,2/TrinoNitroAggregationOperator@6082,nitroProjectionFlatInputPositions,0
[WARNING] [stderr] 2026-08-15T18:53:36.705-0600	INFO	ForkJoinPool-1-worker-1	stdout	operator_metric,nitro,tpcds-parquet-sf10,q23a,0,2/TrinoNitroAggregationOperator@6082,nitroProjectionPlannedComputedOutputs,8
[WARNING] [stderr] 2026-08-15T18:53:36.705-0600	INFO	ForkJoinPool-1-worker-1	stdout	operator_metric,nitro,tpcds-parquet-sf10,q23a,0,2/TrinoNitroAggregationOperator@6082,nitroProjectionGeneratedSuccesses,0
[WARNING] [stderr] 2026-08-15T18:53:36.705-0600	INFO	ForkJoinPool-1-worker-1	stdout	operator_metric,nitro,tpcds-parquet-sf10,q23a,0,2/TrinoNitroAggregationOperator@6082,nitroBoundaryNativeExchangeMaximumChannel0Bytes,555971
[WARNING] [stderr] 2026-08-15T18:53:36.705-0600	INFO	ForkJoinPool-1-worker-1	stdout	operator_metric,nitro,tpcds-parquet-sf10,q23a,0,2/TrinoNitroAggregationOperator@6082,nitroBoundaryPageIngressDictionaryChannelPositions,12702
[WARNING] [stderr] 2026-08-15T18:53:36.705-0600	INFO	ForkJoinPool-1-worker-1	stdout	operator_metric,nitro,tpcds-parquet-sf10,q23a,0,2/TrinoNitroAggregationOperator@6082,nitroBoundaryNativeExchangePositions,16554666
[WARNING] [stderr] 2026-08-15T18:53:36.705-0600	INFO	ForkJoinPool-1-worker-1	stdout	operator_metric,nitro,tpcds-parquet-sf10,q23a,0,2/TrinoNitroAggregationOperator@6082,nitroPartialAggregationAggregatedInputRows,72673
[WARNING] [stderr] 2026-08-15T18:53:36.705-0600	INFO	ForkJoinPool-1-worker-1	stdout	operator_metric,nitro,tpcds-parquet-sf10,q23a,0,2/TrinoNitroAggregationOperator@6082,nitroBoundaryPageIngressPositions,12705
[WARNING] [stderr] 2026-08-15T18:53:36.705-0600	INFO	ForkJoinPool-1-worker-1	stdout	operator_metric,nitro,tpcds-parquet-sf10,q23a,0,2/TrinoNitroAggregationOperator@6082,nitroPartialAggregationCardinalityAggregateDecisions,0
[WARNING] [stderr] 2026-08-15T18:53:36.705-0600	INFO	ForkJoinPool-1-worker-1	stdout	operator_metric,nitro,tpcds-parquet-sf10,q23a,0,2/TrinoNitroAggregationOperator@6082,nitroProjectionGeneratedErrorFallbacks,0
[WARNING] [stderr] 2026-08-15T18:53:36.705-0600	INFO	ForkJoinPool-1-worker-1	stdout	operator_metric,nitro,tpcds-parquet-sf10,q23a,0,2/TrinoNitroAggregationOperator@6082,nitroAggregationStatePreparationNanos,642626
[WARNING] [stderr] 2026-08-15T18:53:36.705-0600	INFO	ForkJoinPool-1-worker-1	stdout	operator_metric,nitro,tpcds-parquet-sf10,q23a,0,2/TrinoNitroAggregationOperator@6082,nitroAggregationPipelineNanos,11607365
[WARNING] [stderr] 2026-08-15T18:53:36.705-0600	INFO	ForkJoinPool-1-worker-1	stdout	operator_metric,nitro,tpcds-parquet-sf10,q23a,0,2/TrinoNitroAggregationOperator@6082,nitroBoundaryPageIngressRunLengthChannelPositions,0
[WARNING] [stderr] 2026-08-15T18:53:36.705-0600	INFO	ForkJoinPool-1-worker-1	stdout	operator_metric,nitro,tpcds-parquet-sf10,q23a,0,2/TrinoNitroAggregationOperator@6082,nitroProjectionOtherNullExpansionPositions,0
[WARNING] [stderr] 2026-08-15T18:53:36.705-0600	INFO	ForkJoinPool-1-worker-1	stdout	operator_metric,nitro,tpcds-parquet-sf10,q23a,0,2/TrinoNitroAggregationOperator@6082,nitroAggregationInitialAggregationNanos,50102766
[WARNING] [stderr] 2026-08-15T18:53:36.705-0600	INFO	ForkJoinPool-1-worker-1	stdout	operator_metric,nitro,tpcds-parquet-sf10,q23a,0,2/TrinoNitroAggregationOperator@6082,nitroAggregationInitialFlatKeyNanos,0
[WARNING] [stderr] 2026-08-15T18:53:36.705-0600	INFO	ForkJoinPool-1-worker-1	stdout	operator_metric,nitro,tpcds-parquet-sf10,q23a,0,2/TrinoNitroAggregationOperator@6082,nitroProjectionDictionaryInputPositions,0
[WARNING] [stderr] 2026-08-15T18:53:36.705-0600	INFO	ForkJoinPool-1-worker-1	stdout	operator_metric,nitro,tpcds-parquet-sf10,q23a,0,2/TrinoNitroAggregationOperator@6082,nitroProjectionGeneratedAttempts,0
[WARNING] [stderr] 2026-08-15T18:53:36.705-0600	INFO	ForkJoinPool-1-worker-1	stdout	operator_metric,nitro,tpcds-parquet-sf10,q23a,0,2/TrinoNitroAggregationOperator@6082,nitroProjectionGeneratedOutputs,0
[WARNING] [stderr] 2026-08-15T18:53:36.705-0600	INFO	ForkJoinPool-1-worker-1	stdout	operator_metric,nitro,tpcds-parquet-sf10,q23a,0,2/TrinoNitroAggregationOperator@6082,nitroAggregationOutputNanos,556575
[WARNING] [stderr] 2026-08-15T18:53:36.705-0600	INFO	ForkJoinPool-1-worker-1	stdout	operator_metric,nitro,tpcds-parquet-sf10,q23a,0,2/TrinoNitroAggregationOperator@6082,nitroAggregationFusedNanos,0
[WARNING] [stderr] 2026-08-15T18:53:36.705-0600	INFO	ForkJoinPool-1-worker-1	stdout	operator_metric,nitro,tpcds-parquet-sf10,q23a,0,2/TrinoNitroAggregationOperator@6082,nitroProjectionGeneratedSelectedPositions,0
[WARNING] [stderr] 2026-08-15T18:53:36.705-0600	INFO	ForkJoinPool-1-worker-1	stdout	operator_metric,nitro,tpcds-parquet-sf10,q23a,0,2/TrinoNitroAggregationOperator@6082,nitroAggregationAccumulationNanos,11248207
[WARNING] [stderr] 2026-08-15T18:53:36.705-0600	INFO	ForkJoinPool-1-worker-1	stdout	operator_metric,nitro,tpcds-parquet-sf10,q23a,0,2/TrinoNitroAggregationOperator@6082,nitroAggregationInitialEncodedKeyNanos,0
[WARNING] [stderr] 2026-08-15T18:53:36.705-0600	INFO	ForkJoinPool-1-worker-1	stdout	operator_metric,nitro,tpcds-parquet-sf10,q23a,0,2/TrinoNitroAggregationOperator@6082,nitroPartialAggregationAggregatedFlushes,3
[WARNING] [stderr] 2026-08-15T18:53:36.705-0600	INFO	ForkJoinPool-1-worker-1	stdout	operator_metric,nitro,tpcds-parquet-sf10,q23a,0,2/TrinoNitroAggregationOperator@6082,nitroBoundaryNativeExchangeMaximumChannel3Bytes,375749
[WARNING] [stderr] 2026-08-15T18:53:36.705-0600	INFO	ForkJoinPool-1-worker-1	stdout	operator_metric,nitro,tpcds-parquet-sf10,q23a,0,2/TrinoNitroAggregationOperator@6082,nitroProjectionPlannedAssignments,24
[WARNING] [stderr] 2026-08-15T18:53:36.705-0600	INFO	ForkJoinPool-1-worker-1	stdout	operator_metric,nitro,tpcds-parquet-sf10,q23a,0,2/TrinoNitroAggregationOperator@6082,nitroPartialAggregationAggregatedInputBytes,8646650
[WARNING] [stderr] 2026-08-15T18:53:36.705-0600	INFO	ForkJoinPool-1-worker-1	stdout	operator_metric,nitro,tpcds-parquet-sf10,q23a,0,2/TrinoNitroAggregationOperator@6082,nitroPartialAggregationPassthroughInputRows,16482107
[WARNING] [stderr] 2026-08-15T18:53:36.705-0600	INFO	ForkJoinPool-1-worker-1	stdout	operator_metric,nitro,tpcds-parquet-sf10,q23a,0,2/TrinoNitroAggregationOperator@6082,nitroProjectionGeneratedKernels,0
[WARNING] [stderr] 2026-08-15T18:53:36.705-0600	INFO	ForkJoinPool-1-worker-1	stdout	operator_metric,nitro,tpcds-parquet-sf10,q23a,0,2/TrinoNitroAggregationOperator@6082,nitroPartialAggregationPassthroughInputBytes,1954243549
[WARNING] [stderr] 2026-08-15T18:53:36.705-0600	INFO	ForkJoinPool-1-worker-1	stdout	operator_metric,nitro,tpcds-parquet-sf10,q23a,0,2/TrinoNitroAggregationOperator@6082,nitroAggregationInputNanos,2926573855
[WARNING] [stderr] 2026-08-15T18:53:36.705-0600	INFO	ForkJoinPool-1-worker-1	stdout	operator_metric,nitro,tpcds-parquet-sf10,q23a,0,2/TrinoNitroAggregationOperator@6082,nitroBoundaryPageIngressBytes,1565839
[WARNING] [stderr] 2026-08-15T18:53:36.705-0600	INFO	ForkJoinPool-1-worker-1	stdout	operator_metric,nitro,tpcds-parquet-sf10,q23a,0,2/TrinoNitroAggregationOperator@6082,nitroProjectionDictionaryNullExpansionPositions,0
[WARNING] [stderr] 2026-08-15T18:53:36.705-0600	INFO	ForkJoinPool-1-worker-1	stdout	operator_metric,nitro,tpcds-parquet-sf10,q23a,0,2/TrinoNitroAggregationOperator@6082,nitroPartialAggregationPassthroughToAggregationTransitions,0
[WARNING] [stderr] 2026-08-15T18:53:36.705-0600	INFO	ForkJoinPool-1-worker-1	stdout	operator_metric,nitro,tpcds-parquet-sf10,q23a,0,2/TrinoNitroAggregationOperator@6082,nitroBoundaryNativeExchangeMaximumChannel2Bytes,4321123
[WARNING] [stderr] 2026-08-15T18:53:36.705-0600	INFO	ForkJoinPool-1-worker-1	stdout	operator_metric,nitro,tpcds-parquet-sf10,q23a,0,2/TrinoNitroAggregationOperator@6082,nitroPartialAggregationCardinalityReconsideredDecisions,0
[WARNING] [stderr] 2026-08-15T18:53:36.705-0600	INFO	ForkJoinPool-1-worker-1	stdout	operator_metric,nitro,tpcds-parquet-sf10,q23a,0,2/TrinoNitroAggregationOperator@6082,nitroAggregationGroupingNanos,144962550
[WARNING] [stderr] 2026-08-15T18:53:36.705-0600	INFO	ForkJoinPool-1-worker-1	stdout	operator_metric,nitro,tpcds-parquet-sf10,q23a,0,2/TrinoNitroAggregationOperator@6082,nitroPartialAggregationCardinalityBypassDecisions,2
[WARNING] [stderr] 2026-08-15T18:53:36.705-0600	INFO	ForkJoinPool-1-worker-1	stdout	operator_metric,nitro,tpcds-parquet-sf10,q23a,0,2/TrinoNitroAggregationOperator@6082,nitroProjectionGeneratedLayoutFallbacks,0
[WARNING] [stderr] 2026-08-15T18:53:36.705-0600	INFO	ForkJoinPool-1-worker-1	stdout	operator_metric,nitro,tpcds-parquet-sf10,q23a,0,2/TrinoNitroAggregationOperator@6082,nitroProjectionIntegerWideningPositions,0
[WARNING] [stderr] 2026-08-15T18:53:36.705-0600	INFO	ForkJoinPool-1-worker-1	stdout	operator_metric,nitro,tpcds-parquet-sf10,q23a,0,2/TrinoNitroAggregationOperator@6082,nitroBoundaryPageIngressPages,146
[WARNING] [stderr] 2026-08-15T18:53:36.705-0600	INFO	ForkJoinPool-1-worker-1	stdout	operator_metric,nitro,tpcds-parquet-sf10,q23a,0,10/TrinoNitroPipelineSourceOperator@5052,nitroNativeSourceCreationNanos,2661355
[WARNING] [stderr] 2026-08-15T18:53:36.705-0600	INFO	ForkJoinPool-1-worker-1	stdout	operator_metric,nitro,tpcds-parquet-sf10,q23a,0,10/TrinoNitroPipelineSourceOperator@5052,nitroAllocatorAllocatedVectorBytes.BooleanVector,86402973
[WARNING] [stderr] 2026-08-15T18:53:36.705-0600	INFO	ForkJoinPool-1-worker-1	stdout	operator_metric,nitro,tpcds-parquet-sf10,q23a,0,10/TrinoNitroPipelineSourceOperator@5052,nitroBoundaryNativeExchangeBatches,2888
[WARNING] [stderr] 2026-08-15T18:53:36.705-0600	INFO	ForkJoinPool-1-worker-1	stdout	operator_metric,nitro,tpcds-parquet-sf10,q23a,0,10/TrinoNitroPipelineSourceOperator@5052,nitroAllocatorAllocatedBytes.trino-native-source-ingress,0
[WARNING] [stderr] 2026-08-15T18:53:36.705-0600	INFO	ForkJoinPool-1-worker-1	stdout	operator_metric,nitro,tpcds-parquet-sf10,q23a,0,10/TrinoNitroPipelineSourceOperator@5052,nitroAllocatorAllocatedVectorBytes,662422793
[WARNING] [stderr] 2026-08-15T18:53:36.705-0600	INFO	ForkJoinPool-1-worker-1	stdout	operator_metric,nitro,tpcds-parquet-sf10,q23a,0,10/TrinoNitroPipelineSourceOperator@5052,nitroAllocatorAllocatedVectorBytes.I32Vector,115203964
[WARNING] [stderr] 2026-08-15T18:53:36.705-0600	INFO	ForkJoinPool-1-worker-1	stdout	operator_metric,nitro,tpcds-parquet-sf10,q23a,0,10/TrinoNitroPipelineSourceOperator@5052,nitroAllocatorAllocatedBytes.NitroParquetBatchSource,662422793
[WARNING] [stderr] 2026-08-15T18:53:36.705-0600	INFO	ForkJoinPool-1-worker-1	stdout	operator_metric,nitro,tpcds-parquet-sf10,q23a,0,10/TrinoNitroPipelineSourceOperator@5052,nitroBoundaryNativeExchangePositions,28800991
[WARNING] [stderr] 2026-08-15T18:53:36.705-0600	INFO	ForkJoinPool-1-worker-1	stdout	operator_metric,nitro,tpcds-parquet-sf10,q23a,0,10/TrinoNitroPipelineSourceOperator@5052,nitroBoundaryNativeExchangeBytes,662422793
[WARNING] [stderr] 2026-08-15T18:53:36.705-0600	INFO	ForkJoinPool-1-worker-1	stdout	operator_metric,nitro,tpcds-parquet-sf10,q23a,0,10/TrinoNitroPipelineSourceOperator@5052,nitroOperatorConstructionNanos,385569
[WARNING] [stderr] 2026-08-15T18:53:36.705-0600	INFO	ForkJoinPool-1-worker-1	stdout	operator_metric,nitro,tpcds-parquet-sf10,q23a,0,10/TrinoNitroPipelineSourceOperator@5052,nitroBoundaryNativeExchangeMaximumBatchBytes,2743026
[WARNING] [stderr] 2026-08-15T18:53:36.705-0600	INFO	ForkJoinPool-1-worker-1	stdout	operator_metric,nitro,tpcds-parquet-sf10,q23a,0,10/TrinoNitroPipelineSourceOperator@5052,nitroAllocatorAllocatedBytes,662422793
[WARNING] [stderr] 2026-08-15T18:53:36.705-0600	INFO	ForkJoinPool-1-worker-1	stdout	operator_metric,nitro,tpcds-parquet-sf10,q23a,0,10/TrinoNitroPipelineSourceOperator@5052,nitroAllocatorAllocatedVectorBytes.I64Vector,460815856
[WARNING] [stderr] 2026-08-15T18:53:36.705-0600	INFO	ForkJoinPool-1-worker-1	stdout	operator_metric,nitro,tpcds-parquet-sf10,q23a,0,10/PartitionedOutputOperator@5052,nitroExchangePreservedPositions,0
[WARNING] [stderr] 2026-08-15T18:53:36.705-0600	INFO	ForkJoinPool-1-worker-1	stdout	operator_metric,nitro,tpcds-parquet-sf10,q23a,0,10/PartitionedOutputOperator@5052,nitroRemoteOutputPartitionAssignmentNanos,0
[WARNING] [stderr] 2026-08-15T18:53:36.705-0600	INFO	ForkJoinPool-1-worker-1	stdout	operator_metric,nitro,tpcds-parquet-sf10,q23a,0,10/PartitionedOutputOperator@5052,nitroRemoteOutputBufferedConversionNanos,136056898
[WARNING] [stderr] 2026-08-15T18:53:36.705-0600	INFO	ForkJoinPool-1-worker-1	stdout	operator_metric,nitro,tpcds-parquet-sf10,q23a,0,10/PartitionedOutputOperator@5052,nitroRemoteOutputNativePartitionAppendNanos,0
[WARNING] [stderr] 2026-08-15T18:53:36.705-0600	INFO	ForkJoinPool-1-worker-1	stdout	operator_metric,nitro,tpcds-parquet-sf10,q23a,0,10/PartitionedOutputOperator@5052,nitroRemoteOutputNativePartitionConversionNanos,0
[WARNING] [stderr] 2026-08-15T18:53:36.705-0600	INFO	ForkJoinPool-1-worker-1	stdout	operator_metric,nitro,tpcds-parquet-sf10,q23a,0,10/PartitionedOutputOperator@5052,nitroExchangeInputPages,2888
[WARNING] [stderr] 2026-08-15T18:53:36.705-0600	INFO	ForkJoinPool-1-worker-1	stdout	operator_metric,nitro,tpcds-parquet-sf10,q23a,0,10/PartitionedOutputOperator@5052,nitroExchangeSmallPagePositions,0
[WARNING] [stderr] 2026-08-15T18:53:36.705-0600	INFO	ForkJoinPool-1-worker-1	stdout	operator_metric,nitro,tpcds-parquet-sf10,q23a,0,10/PartitionedOutputOperator@5052,nitroExchangeInputFlatChannelPositions,86402973
[WARNING] [stderr] 2026-08-15T18:53:36.705-0600	INFO	ForkJoinPool-1-worker-1	stdout	operator_metric,nitro,tpcds-parquet-sf10,q23a,0,10/PartitionedOutputOperator@5052,nitroExchangeDictionaryUnsupportedPositions,0
[WARNING] [stderr] 2026-08-15T18:53:36.705-0600	INFO	ForkJoinPool-1-worker-1	stdout	operator_metric,nitro,tpcds-parquet-sf10,q23a,0,10/PartitionedOutputOperator@5052,nitroRemoteOutputNativeBatches,0
[WARNING] [stderr] 2026-08-15T18:53:36.705-0600	INFO	ForkJoinPool-1-worker-1	stdout	operator_metric,nitro,tpcds-parquet-sf10,q23a,0,10/PartitionedOutputOperator@5052,nitroRemoteOutputNativePartitionCopyNanos,0
[WARNING] [stderr] 2026-08-15T18:53:36.705-0600	INFO	ForkJoinPool-1-worker-1	stdout	operator_metric,nitro,tpcds-parquet-sf10,q23a,0,10/PartitionedOutputOperator@5052,nitroExchangeInputDictionaryChannelPositions,0
[WARNING] [stderr] 2026-08-15T18:53:36.705-0600	INFO	ForkJoinPool-1-worker-1	stdout	operator_metric,nitro,tpcds-parquet-sf10,q23a,0,10/PartitionedOutputOperator@5052,nitroRemoteOutputNativePartitions,0
[WARNING] [stderr] 2026-08-15T18:53:36.705-0600	INFO	ForkJoinPool-1-worker-1	stdout	operator_metric,nitro,tpcds-parquet-sf10,q23a,0,10/PartitionedOutputOperator@5052,nitroRemoteOutputBufferedBatches,2888
[WARNING] [stderr] 2026-08-15T18:53:36.705-0600	INFO	ForkJoinPool-1-worker-1	stdout	operator_metric,nitro,tpcds-parquet-sf10,q23a,0,10/PartitionedOutputOperator@5052,nitroRemoteOutputPartitionKeyConversionNanos,0
[WARNING] [stderr] 2026-08-15T18:53:36.705-0600	INFO	ForkJoinPool-1-worker-1	stdout	operator_metric,nitro,tpcds-parquet-sf10,q23a,0,10/PartitionedOutputOperator@5052,nitroExchangeRunLengthUnsupportedPositions,0
[WARNING] [stderr] 2026-08-15T18:53:36.705-0600	INFO	ForkJoinPool-1-worker-1	stdout	operator_metric,nitro,tpcds-parquet-sf10,q23a,0,10/PartitionedOutputOperator@5052,nitroRemoteOutputBufferedAppendNanos,1137320637
[WARNING] [stderr] 2026-08-15T18:53:36.705-0600	INFO	ForkJoinPool-1-worker-1	stdout	operator_metric,nitro,tpcds-parquet-sf10,q23a,0,10/PartitionedOutputOperator@5052,nitroRemoteOutputTotalNanos,1283416962
[WARNING] [stderr] 2026-08-15T18:53:36.705-0600	INFO	ForkJoinPool-1-worker-1	stdout	operator_metric,nitro,tpcds-parquet-sf10,q23a,0,10/PartitionedOutputOperator@5052,nitroRemoteOutputInputPositions,28800991
[WARNING] [stderr] 2026-08-15T18:53:36.705-0600	INFO	ForkJoinPool-1-worker-1	stdout	operator_metric,nitro,tpcds-parquet-sf10,q23a,0,10/PartitionedOutputOperator@5052,nitroExchangeInputRunLengthChannelPositions,0
[WARNING] [stderr] 2026-08-15T18:53:36.705-0600	INFO	ForkJoinPool-1-worker-1	stdout	operator_metric,nitro,tpcds-parquet-sf10,q23a,0,10/PartitionedOutputOperator@5052,nitroExchangeNoDictionaryPositions,28800991
[WARNING] [stderr] 2026-08-15T18:53:36.705-0600	INFO	ForkJoinPool-1-worker-1	stdout	operator_metric,nitro,tpcds-parquet-sf10,q23a,0,10/PartitionedOutputOperator@5052,nitroExchangeInputPositions,28800991
[WARNING] [stderr] 2026-08-15T18:53:36.705-0600	INFO	ForkJoinPool-1-worker-1	stdout	operator_metric,nitro,tpcds-parquet-sf10,q23a,0,10/PartitionedOutputOperator@5052,nitroExchangeLowDictionaryReusePositions,0
[WARNING] [stderr] 2026-08-15T18:53:36.705-0600	INFO	ForkJoinPool-1-worker-1	stdout	operator_metric,nitro,tpcds-parquet-sf10,q23a,0,11/TrinoNitroPipelineSourceOperator@29,nitroOperatorConstructionNanos,19327
[WARNING] [stderr] 2026-08-15T18:53:36.705-0600	INFO	ForkJoinPool-1-worker-1	stdout	operator_metric,nitro,tpcds-parquet-sf10,q23a,0,11/TrinoNitroPipelineSourceOperator@29,nitroBoundaryNativeExchangeBytes,4500000
[WARNING] [stderr] 2026-08-15T18:53:36.705-0600	INFO	ForkJoinPool-1-worker-1	stdout	operator_metric,nitro,tpcds-parquet-sf10,q23a,0,11/TrinoNitroPipelineSourceOperator@29,nitroBoundaryNativeExchangeMaximumBatchBytes,90000
[WARNING] [stderr] 2026-08-15T18:53:36.705-0600	INFO	ForkJoinPool-1-worker-1	stdout	operator_metric,nitro,tpcds-parquet-sf10,q23a,0,11/TrinoNitroPipelineSourceOperator@29,nitroAllocatorAllocatedVectorBytes,4500000
[WARNING] [stderr] 2026-08-15T18:53:36.705-0600	INFO	ForkJoinPool-1-worker-1	stdout	operator_metric,nitro,tpcds-parquet-sf10,q23a,0,11/TrinoNitroPipelineSourceOperator@29,nitroAllocatorAllocatedBytes.NitroParquetBatchSource,4500000
[WARNING] [stderr] 2026-08-15T18:53:36.705-0600	INFO	ForkJoinPool-1-worker-1	stdout	operator_metric,nitro,tpcds-parquet-sf10,q23a,0,11/TrinoNitroPipelineSourceOperator@29,nitroAllocatorAllocatedVectorBytes.BooleanVector,500000
[WARNING] [stderr] 2026-08-15T18:53:36.705-0600	INFO	ForkJoinPool-1-worker-1	stdout	operator_metric,nitro,tpcds-parquet-sf10,q23a,0,11/TrinoNitroPipelineSourceOperator@29,nitroNativeSourceCreationNanos,24344477
[WARNING] [stderr] 2026-08-15T18:53:36.705-0600	INFO	ForkJoinPool-1-worker-1	stdout	operator_metric,nitro,tpcds-parquet-sf10,q23a,0,11/TrinoNitroPipelineSourceOperator@29,nitroAllocatorAllocatedBytes,4500000
[WARNING] [stderr] 2026-08-15T18:53:36.705-0600	INFO	ForkJoinPool-1-worker-1	stdout	operator_metric,nitro,tpcds-parquet-sf10,q23a,0,11/TrinoNitroPipelineSourceOperator@29,nitroBoundaryNativeExchangePositions,500000
[WARNING] [stderr] 2026-08-15T18:53:36.705-0600	INFO	ForkJoinPool-1-worker-1	stdout	operator_metric,nitro,tpcds-parquet-sf10,q23a,0,11/TrinoNitroPipelineSourceOperator@29,nitroAllocatorAllocatedVectorBytes.I64Vector,4000000
[WARNING] [stderr] 2026-08-15T18:53:36.705-0600	INFO	ForkJoinPool-1-worker-1	stdout	operator_metric,nitro,tpcds-parquet-sf10,q23a,0,11/TrinoNitroPipelineSourceOperator@29,nitroAllocatorAllocatedBytes.trino-native-source-ingress,0
[WARNING] [stderr] 2026-08-15T18:53:36.705-0600	INFO	ForkJoinPool-1-worker-1	stdout	operator_metric,nitro,tpcds-parquet-sf10,q23a,0,11/TrinoNitroPipelineSourceOperator@29,nitroBoundaryNativeExchangeBatches,50
[WARNING] [stderr] 2026-08-15T18:53:36.705-0600	INFO	ForkJoinPool-1-worker-1	stdout	operator_metric,nitro,tpcds-parquet-sf10,q23a,0,11/PartitionedOutputOperator@29,nitroExchangePreservedPositions,0
[WARNING] [stderr] 2026-08-15T18:53:36.705-0600	INFO	ForkJoinPool-1-worker-1	stdout	operator_metric,nitro,tpcds-parquet-sf10,q23a,0,11/PartitionedOutputOperator@29,nitroRemoteOutputBufferedConversionNanos,9648551
[WARNING] [stderr] 2026-08-15T18:53:36.705-0600	INFO	ForkJoinPool-1-worker-1	stdout	operator_metric,nitro,tpcds-parquet-sf10,q23a,0,11/PartitionedOutputOperator@29,nitroRemoteOutputPartitionAssignmentNanos,0
[WARNING] [stderr] 2026-08-15T18:53:36.705-0600	INFO	ForkJoinPool-1-worker-1	stdout	operator_metric,nitro,tpcds-parquet-sf10,q23a,0,11/PartitionedOutputOperator@29,nitroRemoteOutputNativePartitionAppendNanos,0
[WARNING] [stderr] 2026-08-15T18:53:36.705-0600	INFO	ForkJoinPool-1-worker-1	stdout	operator_metric,nitro,tpcds-parquet-sf10,q23a,0,11/PartitionedOutputOperator@29,nitroExchangeInputPages,50
[WARNING] [stderr] 2026-08-15T18:53:36.705-0600	INFO	ForkJoinPool-1-worker-1	stdout	operator_metric,nitro,tpcds-parquet-sf10,q23a,0,11/PartitionedOutputOperator@29,nitroRemoteOutputNativePartitionConversionNanos,0
[WARNING] [stderr] 2026-08-15T18:53:36.705-0600	INFO	ForkJoinPool-1-worker-1	stdout	operator_metric,nitro,tpcds-parquet-sf10,q23a,0,11/PartitionedOutputOperator@29,nitroExchangeSmallPagePositions,0
[WARNING] [stderr] 2026-08-15T18:53:36.705-0600	INFO	ForkJoinPool-1-worker-1	stdout	operator_metric,nitro,tpcds-parquet-sf10,q23a,0,11/PartitionedOutputOperator@29,nitroRemoteOutputNativePartitionCopyNanos,0
[WARNING] [stderr] 2026-08-15T18:53:36.705-0600	INFO	ForkJoinPool-1-worker-1	stdout	operator_metric,nitro,tpcds-parquet-sf10,q23a,0,11/PartitionedOutputOperator@29,nitroRemoteOutputNativeBatches,0
[WARNING] [stderr] 2026-08-15T18:53:36.705-0600	INFO	ForkJoinPool-1-worker-1	stdout	operator_metric,nitro,tpcds-parquet-sf10,q23a,0,11/PartitionedOutputOperator@29,nitroExchangeInputFlatChannelPositions,500000
[WARNING] [stderr] 2026-08-15T18:53:36.705-0600	INFO	ForkJoinPool-1-worker-1	stdout	operator_metric,nitro,tpcds-parquet-sf10,q23a,0,11/PartitionedOutputOperator@29,nitroExchangeDictionaryUnsupportedPositions,0
[WARNING] [stderr] 2026-08-15T18:53:36.705-0600	INFO	ForkJoinPool-1-worker-1	stdout	operator_metric,nitro,tpcds-parquet-sf10,q23a,0,11/PartitionedOutputOperator@29,nitroExchangeInputDictionaryChannelPositions,0
[WARNING] [stderr] 2026-08-15T18:53:36.705-0600	INFO	ForkJoinPool-1-worker-1	stdout	operator_metric,nitro,tpcds-parquet-sf10,q23a,0,11/PartitionedOutputOperator@29,nitroRemoteOutputNativePartitions,0
[WARNING] [stderr] 2026-08-15T18:53:36.705-0600	INFO	ForkJoinPool-1-worker-1	stdout	operator_metric,nitro,tpcds-parquet-sf10,q23a,0,11/PartitionedOutputOperator@29,nitroRemoteOutputBufferedBatches,50
[WARNING] [stderr] 2026-08-15T18:53:36.705-0600	INFO	ForkJoinPool-1-worker-1	stdout	operator_metric,nitro,tpcds-parquet-sf10,q23a,0,11/PartitionedOutputOperator@29,nitroRemoteOutputPartitionKeyConversionNanos,0
[WARNING] [stderr] 2026-08-15T18:53:36.705-0600	INFO	ForkJoinPool-1-worker-1	stdout	operator_metric,nitro,tpcds-parquet-sf10,q23a,0,11/PartitionedOutputOperator@29,nitroExchangeRunLengthUnsupportedPositions,0
[WARNING] [stderr] 2026-08-15T18:53:36.705-0600	INFO	ForkJoinPool-1-worker-1	stdout	operator_metric,nitro,tpcds-parquet-sf10,q23a,0,11/PartitionedOutputOperator@29,nitroRemoteOutputBufferedAppendNanos,61199215
[WARNING] [stderr] 2026-08-15T18:53:36.705-0600	INFO	ForkJoinPool-1-worker-1	stdout	operator_metric,nitro,tpcds-parquet-sf10,q23a,0,11/PartitionedOutputOperator@29,nitroExchangeNoDictionaryPositions,500000
[WARNING] [stderr] 2026-08-15T18:53:36.705-0600	INFO	ForkJoinPool-1-worker-1	stdout	operator_metric,nitro,tpcds-parquet-sf10,q23a,0,11/PartitionedOutputOperator@29,nitroRemoteOutputInputPositions,500000
[WARNING] [stderr] 2026-08-15T18:53:36.705-0600	INFO	ForkJoinPool-1-worker-1	stdout	operator_metric,nitro,tpcds-parquet-sf10,q23a,0,11/PartitionedOutputOperator@29,nitroRemoteOutputTotalNanos,71158421
[WARNING] [stderr] 2026-08-15T18:53:36.705-0600	INFO	ForkJoinPool-1-worker-1	stdout	operator_metric,nitro,tpcds-parquet-sf10,q23a,0,11/PartitionedOutputOperator@29,nitroExchangeInputRunLengthChannelPositions,0
[WARNING] [stderr] 2026-08-15T18:53:36.705-0600	INFO	ForkJoinPool-1-worker-1	stdout	operator_metric,nitro,tpcds-parquet-sf10,q23a,0,11/PartitionedOutputOperator@29,nitroExchangeInputPositions,500000
[WARNING] [stderr] 2026-08-15T18:53:36.705-0600	INFO	ForkJoinPool-1-worker-1	stdout	operator_metric,nitro,tpcds-parquet-sf10,q23a,0,11/PartitionedOutputOperator@29,nitroExchangeLowDictionaryReusePositions,0
[WARNING] [stderr] 2026-08-15T18:53:36.705-0600	INFO	ForkJoinPool-1-worker-1	stdout	operator_metric,nitro,tpcds-parquet-sf10,q23a,0,12/TrinoNitroAggregationOperator@53,nitroBoundaryPageIngressFlatChannelPositions,8
[WARNING] [stderr] 2026-08-15T18:53:36.705-0600	INFO	ForkJoinPool-1-worker-1	stdout	operator_metric,nitro,tpcds-parquet-sf10,q23a,0,12/TrinoNitroAggregationOperator@53,nitroBoundaryPageEgressFlatChannelPositions,1
[WARNING] [stderr] 2026-08-15T18:53:36.705-0600	INFO	ForkJoinPool-1-worker-1	stdout	operator_metric,nitro,tpcds-parquet-sf10,q23a,0,12/TrinoNitroAggregationOperator@53,nitroBoundaryPageEgressPages,1
[WARNING] [stderr] 2026-08-15T18:53:36.705-0600	INFO	ForkJoinPool-1-worker-1	stdout	operator_metric,nitro,tpcds-parquet-sf10,q23a,0,12/TrinoNitroAggregationOperator@53,nitroBoundaryPageIngressPages,8
[WARNING] [stderr] 2026-08-15T18:53:36.705-0600	INFO	ForkJoinPool-1-worker-1	stdout	operator_metric,nitro,tpcds-parquet-sf10,q23a,0,12/TrinoNitroAggregationOperator@53,nitroAggregationInitialKeyNanos,0
[WARNING] [stderr] 2026-08-15T18:53:36.705-0600	INFO	ForkJoinPool-1-worker-1	stdout	operator_metric,nitro,tpcds-parquet-sf10,q23a,0,12/TrinoNitroAggregationOperator@53,nitroAggregationInitialEncodedKeyNanos,0
[WARNING] [stderr] 2026-08-15T18:53:36.705-0600	INFO	ForkJoinPool-1-worker-1	stdout	operator_metric,nitro,tpcds-parquet-sf10,q23a,0,12/TrinoNitroAggregationOperator@53,nitroAggregationOutputNanos,31920
[WARNING] [stderr] 2026-08-15T18:53:36.705-0600	INFO	ForkJoinPool-1-worker-1	stdout	operator_metric,nitro,tpcds-parquet-sf10,q23a,0,12/TrinoNitroAggregationOperator@53,nitroAggregationPipelineNanos,0
[WARNING] [stderr] 2026-08-15T18:53:36.705-0600	INFO	ForkJoinPool-1-worker-1	stdout	operator_metric,nitro,tpcds-parquet-sf10,q23a,0,12/TrinoNitroAggregationOperator@53,nitroAggregationGroupingNanos,0
[WARNING] [stderr] 2026-08-15T18:53:36.705-0600	INFO	ForkJoinPool-1-worker-1	stdout	operator_metric,nitro,tpcds-parquet-sf10,q23a,0,12/TrinoNitroAggregationOperator@53,nitroAggregationAccumulationNanos,0
[WARNING] [stderr] 2026-08-15T18:53:36.705-0600	INFO	ForkJoinPool-1-worker-1	stdout	operator_metric,nitro,tpcds-parquet-sf10,q23a,0,12/TrinoNitroAggregationOperator@53,nitroBoundaryPageEgressBytes,17
[WARNING] [stderr] 2026-08-15T18:53:36.705-0600	INFO	ForkJoinPool-1-worker-1	stdout	operator_metric,nitro,tpcds-parquet-sf10,q23a,0,12/TrinoNitroAggregationOperator@53,nitroBoundaryNativeEgressDictionaryChannelPositions,0
[WARNING] [stderr] 2026-08-15T18:53:36.705-0600	INFO	ForkJoinPool-1-worker-1	stdout	operator_metric,nitro,tpcds-parquet-sf10,q23a,0,12/TrinoNitroAggregationOperator@53,nitroAggregationFusedNanos,0
[WARNING] [stderr] 2026-08-15T18:53:36.705-0600	INFO	ForkJoinPool-1-worker-1	stdout	operator_metric,nitro,tpcds-parquet-sf10,q23a,0,12/TrinoNitroAggregationOperator@53,nitroAggregationFlushNanos,0
[WARNING] [stderr] 2026-08-15T18:53:36.705-0600	INFO	ForkJoinPool-1-worker-1	stdout	operator_metric,nitro,tpcds-parquet-sf10,q23a,0,12/TrinoNitroAggregationOperator@53,nitroBoundaryPageEgressPositions,1
[WARNING] [stderr] 2026-08-15T18:53:36.705-0600	INFO	ForkJoinPool-1-worker-1	stdout	operator_metric,nitro,tpcds-parquet-sf10,q23a,0,12/TrinoNitroAggregationOperator@53,nitroBoundaryPageIngressBytes,136
[WARNING] [stderr] 2026-08-15T18:53:36.705-0600	INFO	ForkJoinPool-1-worker-1	stdout	operator_metric,nitro,tpcds-parquet-sf10,q23a,0,12/TrinoNitroAggregationOperator@53,nitroBoundaryPageIngressPositions,8
[WARNING] [stderr] 2026-08-15T18:53:36.705-0600	INFO	ForkJoinPool-1-worker-1	stdout	operator_metric,nitro,tpcds-parquet-sf10,q23a,0,12/TrinoNitroAggregationOperator@53,nitroBoundaryPageIngressDictionaryChannelPositions,0
[WARNING] [stderr] 2026-08-15T18:53:36.705-0600	INFO	ForkJoinPool-1-worker-1	stdout	operator_metric,nitro,tpcds-parquet-sf10,q23a,0,12/TrinoNitroAggregationOperator@53,nitroBoundaryPageEgressDictionaryChannelPositions,0
[WARNING] [stderr] 2026-08-15T18:53:36.705-0600	INFO	ForkJoinPool-1-worker-1	stdout	operator_metric,nitro,tpcds-parquet-sf10,q23a,0,12/TrinoNitroAggregationOperator@53,nitroAggregationInputNanos,118173
[WARNING] [stderr] 2026-08-15T18:53:36.705-0600	INFO	ForkJoinPool-1-worker-1	stdout	operator_metric,nitro,tpcds-parquet-sf10,q23a,0,12/TrinoNitroAggregationOperator@53,nitroAggregationInitialAggregationNanos,0
[WARNING] [stderr] 2026-08-15T18:53:36.705-0600	INFO	ForkJoinPool-1-worker-1	stdout	operator_metric,nitro,tpcds-parquet-sf10,q23a,0,12/TrinoNitroAggregationOperator@53,nitroBoundaryPageEgressRunLengthChannelPositions,0
[WARNING] [stderr] 2026-08-15T18:53:36.705-0600	INFO	ForkJoinPool-1-worker-1	stdout	operator_metric,nitro,tpcds-parquet-sf10,q23a,0,12/TrinoNitroAggregationOperator@53,nitroBoundaryPageIngressRunLengthChannelPositions,0
[WARNING] [stderr] 2026-08-15T18:53:36.705-0600	INFO	ForkJoinPool-1-worker-1	stdout	operator_metric,nitro,tpcds-parquet-sf10,q23a,0,12/TrinoNitroAggregationOperator@53,nitroAggregationInitialFlatKeyNanos,0
[WARNING] [stderr] 2026-08-15T18:53:36.705-0600	INFO	ForkJoinPool-1-worker-1	stdout	operator_metric,nitro,tpcds-parquet-sf10,q23a,0,12/TrinoNitroAggregationOperator@53,nitroBoundaryNativeEgressRunLengthChannelPositions,0
[WARNING] [stderr] 2026-08-15T18:53:36.705-0600	INFO	ForkJoinPool-1-worker-1	stdout	operator_metric,nitro,tpcds-parquet-sf10,q23a,0,12/TrinoNitroAggregationOperator@53,nitroAggregationStatePreparationNanos,0
[WARNING] [stderr] 2026-08-15T18:53:36.705-0600	INFO	ForkJoinPool-1-worker-1	stdout	operator_metric,nitro,tpcds-parquet-sf10,q23a,0,12/TrinoNitroAggregationOperator@53,nitroBoundaryNativeEgressFlatChannelPositions,1
[WARNING] [stderr] 2026-08-15T18:53:36.705-0600	INFO	ForkJoinPool-1-worker-1	stdout	operator_metric,nitro,tpcds-parquet-sf10,q23a,0,20/TrinoNitroHashJoinOperator@1591,nitroBoundaryPageIngressBytes,2051104
[WARNING] [stderr] 2026-08-15T18:53:36.705-0600	INFO	ForkJoinPool-1-worker-1	stdout	operator_metric,nitro,tpcds-parquet-sf10,q23a,0,20/TrinoNitroHashJoinOperator@1591,nitroBoundaryPageIngressDictionaryChannelPositions,0
[WARNING] [stderr] 2026-08-15T18:53:36.705-0600	INFO	ForkJoinPool-1-worker-1	stdout	operator_metric,nitro,tpcds-parquet-sf10,q23a,0,20/TrinoNitroHashJoinOperator@1591,nitroBoundaryPageIngressRunLengthChannelPositions,0
[WARNING] [stderr] 2026-08-15T18:53:36.705-0600	INFO	ForkJoinPool-1-worker-1	stdout	operator_metric,nitro,tpcds-parquet-sf10,q23a,0,20/TrinoNitroHashJoinOperator@1591,nitroBoundaryNativeExchangePositions,3317
[WARNING] [stderr] 2026-08-15T18:53:36.705-0600	INFO	ForkJoinPool-1-worker-1	stdout	operator_metric,nitro,tpcds-parquet-sf10,q23a,0,20/TrinoNitroHashJoinOperator@1591,nitroBoundaryNativeExchangeBytes,67952
[WARNING] [stderr] 2026-08-15T18:53:36.705-0600	INFO	ForkJoinPool-1-worker-1	stdout	operator_metric,nitro,tpcds-parquet-sf10,q23a,0,20/TrinoNitroHashJoinOperator@1591,nitroBoundaryNativeExchangeBatches,12
[WARNING] [stderr] 2026-08-15T18:53:36.705-0600	INFO	ForkJoinPool-1-worker-1	stdout	operator_metric,nitro,tpcds-parquet-sf10,q23a,0,20/TrinoNitroHashJoinOperator@1591,nitroBoundaryPageIngressFlatChannelPositions,256388
[WARNING] [stderr] 2026-08-15T18:53:36.705-0600	INFO	ForkJoinPool-1-worker-1	stdout	operator_metric,nitro,tpcds-parquet-sf10,q23a,0,20/TrinoNitroHashJoinOperator@1591,nitroBoundaryNativeExchangeMaximumBatchBytes,27786
[WARNING] [stderr] 2026-08-15T18:53:36.705-0600	INFO	ForkJoinPool-1-worker-1	stdout	operator_metric,nitro,tpcds-parquet-sf10,q23a,0,20/TrinoNitroHashJoinOperator@1591,nitroBoundaryPageIngressPositions,64097
[WARNING] [stderr] 2026-08-15T18:53:36.705-0600	INFO	ForkJoinPool-1-worker-1	stdout	operator_metric,nitro,tpcds-parquet-sf10,q23a,0,20/TrinoNitroHashJoinOperator@1591,nitroBoundaryPageIngressPages,12
[WARNING] [stderr] 2026-08-15T18:53:36.705-0600	INFO	ForkJoinPool-1-worker-1	stdout	operator_metric,nitro,tpcds-parquet-sf10,q23a,0,20/TrinoNitroAggregationOperator@2054,nitroAggregationInputNanos,1523052
[WARNING] [stderr] 2026-08-15T18:53:36.705-0600	INFO	ForkJoinPool-1-worker-1	stdout	operator_metric,nitro,tpcds-parquet-sf10,q23a,0,20/TrinoNitroAggregationOperator@2054,nitroBoundaryNativeExchangeBatches,32
[WARNING] [stderr] 2026-08-15T18:53:36.705-0600	INFO	ForkJoinPool-1-worker-1	stdout	operator_metric,nitro,tpcds-parquet-sf10,q23a,0,20/TrinoNitroAggregationOperator@2054,nitroBoundaryNativeExchangeMaximumChannel0Bytes,10134
[WARNING] [stderr] 2026-08-15T18:53:36.705-0600	INFO	ForkJoinPool-1-worker-1	stdout	operator_metric,nitro,tpcds-parquet-sf10,q23a,0,20/TrinoNitroAggregationOperator@2054,nitroAggregationStatePreparationNanos,0
[WARNING] [stderr] 2026-08-15T18:53:36.705-0600	INFO	ForkJoinPool-1-worker-1	stdout	operator_metric,nitro,tpcds-parquet-sf10,q23a,0,20/TrinoNitroAggregationOperator@2054,nitroBoundaryNativeExchangeBytes,36981
[WARNING] [stderr] 2026-08-15T18:53:36.705-0600	INFO	ForkJoinPool-1-worker-1	stdout	operator_metric,nitro,tpcds-parquet-sf10,q23a,0,20/TrinoNitroAggregationOperator@2054,nitroAggregationOutputNanos,65683
[WARNING] [stderr] 2026-08-15T18:53:36.705-0600	INFO	ForkJoinPool-1-worker-1	stdout	operator_metric,nitro,tpcds-parquet-sf10,q23a,0,20/TrinoNitroAggregationOperator@2054,nitroAggregationAccumulationNanos,0
[WARNING] [stderr] 2026-08-15T18:53:36.705-0600	INFO	ForkJoinPool-1-worker-1	stdout	operator_metric,nitro,tpcds-parquet-sf10,q23a,0,20/TrinoNitroAggregationOperator@2054,nitroAggregationInitialFlatKeyNanos,0
[WARNING] [stderr] 2026-08-15T18:53:36.705-0600	INFO	ForkJoinPool-1-worker-1	stdout	operator_metric,nitro,tpcds-parquet-sf10,q23a,0,20/TrinoNitroAggregationOperator@2054,nitroAggregationFusedNanos,0
[WARNING] [stderr] 2026-08-15T18:53:36.705-0600	INFO	ForkJoinPool-1-worker-1	stdout	operator_metric,nitro,tpcds-parquet-sf10,q23a,0,20/TrinoNitroAggregationOperator@2054,nitroBoundaryNativeExchangePositions,4109
[WARNING] [stderr] 2026-08-15T18:53:36.705-0600	INFO	ForkJoinPool-1-worker-1	stdout	operator_metric,nitro,tpcds-parquet-sf10,q23a,0,20/TrinoNitroAggregationOperator@2054,nitroAggregationInitialAggregationNanos,0
[WARNING] [stderr] 2026-08-15T18:53:36.705-0600	INFO	ForkJoinPool-1-worker-1	stdout	operator_metric,nitro,tpcds-parquet-sf10,q23a,0,20/TrinoNitroAggregationOperator@2054,nitroAggregationGroupingNanos,0
[WARNING] [stderr] 2026-08-15T18:53:36.705-0600	INFO	ForkJoinPool-1-worker-1	stdout	operator_metric,nitro,tpcds-parquet-sf10,q23a,0,20/TrinoNitroAggregationOperator@2054,nitroBoundaryNativeExchangeMaximumBatchBytes,10134
[WARNING] [stderr] 2026-08-15T18:53:36.705-0600	INFO	ForkJoinPool-1-worker-1	stdout	operator_metric,nitro,tpcds-parquet-sf10,q23a,0,20/TrinoNitroAggregationOperator@2054,nitroAggregationPipelineNanos,0
[WARNING] [stderr] 2026-08-15T18:53:36.705-0600	INFO	ForkJoinPool-1-worker-1	stdout	operator_metric,nitro,tpcds-parquet-sf10,q23a,0,20/TrinoNitroAggregationOperator@2054,nitroAggregationFlushNanos,0
[WARNING] [stderr] 2026-08-15T18:53:36.705-0600	INFO	ForkJoinPool-1-worker-1	stdout	operator_metric,nitro,tpcds-parquet-sf10,q23a,0,20/TrinoNitroAggregationOperator@2054,nitroAggregationInitialKeyNanos,0
[WARNING] [stderr] 2026-08-15T18:53:36.705-0600	INFO	ForkJoinPool-1-worker-1	stdout	operator_metric,nitro,tpcds-parquet-sf10,q23a,0,20/TrinoNitroAggregationOperator@2054,nitroAggregationInitialEncodedKeyNanos,0
[WARNING] [stderr] 2026-08-15T18:53:36.705-0600	INFO	ForkJoinPool-1-worker-1	stdout	operator_metric,nitro,tpcds-parquet-sf10,q23a,0,20/TrinoNitroAggregationOperator@96,nitroProjectionPlannedComputedOutputs,0
[WARNING] [stderr] 2026-08-15T18:53:36.705-0600	INFO	ForkJoinPool-1-worker-1	stdout	operator_metric,nitro,tpcds-parquet-sf10,q23a,0,20/TrinoNitroAggregationOperator@96,nitroProjectionOtherNullExpansionPositions,0
[WARNING] [stderr] 2026-08-15T18:53:36.705-0600	INFO	ForkJoinPool-1-worker-1	stdout	operator_metric,nitro,tpcds-parquet-sf10,q23a,0,20/TrinoNitroAggregationOperator@96,nitroProjectionGeneratedAttempts,0
[WARNING] [stderr] 2026-08-15T18:53:36.705-0600	INFO	ForkJoinPool-1-worker-1	stdout	operator_metric,nitro,tpcds-parquet-sf10,q23a,0,20/TrinoNitroAggregationOperator@96,nitroProjectionGeneratedSelectedPositions,0
[WARNING] [stderr] 2026-08-15T18:53:36.705-0600	INFO	ForkJoinPool-1-worker-1	stdout	operator_metric,nitro,tpcds-parquet-sf10,q23a,0,20/TrinoNitroAggregationOperator@96,nitroProjectionGeneratedLayoutFallbacks,0
[WARNING] [stderr] 2026-08-15T18:53:36.705-0600	INFO	ForkJoinPool-1-worker-1	stdout	operator_metric,nitro,tpcds-parquet-sf10,q23a,0,20/TrinoNitroAggregationOperator@96,nitroFilterInputPositions,13814437
[WARNING] [stderr] 2026-08-15T18:53:36.705-0600	INFO	ForkJoinPool-1-worker-1	stdout	operator_metric,nitro,tpcds-parquet-sf10,q23a,0,20/TrinoNitroAggregationOperator@96,nitroFilterPlannedPreboundMasks,8
[WARNING] [stderr] 2026-08-15T18:53:36.705-0600	INFO	ForkJoinPool-1-worker-1	stdout	operator_metric,nitro,tpcds-parquet-sf10,q23a,0,20/TrinoNitroAggregationOperator@96,nitroFilterPlannedSourceMaskOptimizations,0
[WARNING] [stderr] 2026-08-15T18:53:36.705-0600	INFO	ForkJoinPool-1-worker-1	stdout	operator_metric,nitro,tpcds-parquet-sf10,q23a,0,20/TrinoNitroAggregationOperator@96,nitroFilterPlannedCompiledMasks,8
[WARNING] [stderr] 2026-08-15T18:53:36.705-0600	INFO	ForkJoinPool-1-worker-1	stdout	operator_metric,nitro,tpcds-parquet-sf10,q23a,0,20/TrinoNitroAggregationOperator@96,nitroAggregationInitialFlatKeyNanos,0
[WARNING] [stderr] 2026-08-15T18:53:36.705-0600	INFO	ForkJoinPool-1-worker-1	stdout	operator_metric,nitro,tpcds-parquet-sf10,q23a,0,20/TrinoNitroAggregationOperator@96,nitroProjectionGeneratedErrorFallbacks,0
[WARNING] [stderr] 2026-08-15T18:53:36.705-0600	INFO	ForkJoinPool-1-worker-1	stdout	operator_metric,nitro,tpcds-parquet-sf10,q23a,0,20/TrinoNitroAggregationOperator@96,nitroAggregationInitialKeyNanos,0
[WARNING] [stderr] 2026-08-15T18:53:36.705-0600	INFO	ForkJoinPool-1-worker-1	stdout	operator_metric,nitro,tpcds-parquet-sf10,q23a,0,20/TrinoNitroAggregationOperator@96,nitroFilterDirectPreboundMaskSuccesses,0
[WARNING] [stderr] 2026-08-15T18:53:36.705-0600	INFO	ForkJoinPool-1-worker-1	stdout	operator_metric,nitro,tpcds-parquet-sf10,q23a,0,20/TrinoNitroAggregationOperator@96,nitroAggregationInitialAggregationNanos,0
[WARNING] [stderr] 2026-08-15T18:53:36.705-0600	INFO	ForkJoinPool-1-worker-1	stdout	operator_metric,nitro,tpcds-parquet-sf10,q23a,0,20/TrinoNitroAggregationOperator@96,nitroFilterPlannedAssignments,16
[WARNING] [stderr] 2026-08-15T18:53:36.705-0600	INFO	ForkJoinPool-1-worker-1	stdout	operator_metric,nitro,tpcds-parquet-sf10,q23a,0,20/TrinoNitroAggregationOperator@96,nitroFilterCompiledMaskFallbacks,0
[WARNING] [stderr] 2026-08-15T18:53:36.705-0600	INFO	ForkJoinPool-1-worker-1	stdout	operator_metric,nitro,tpcds-parquet-sf10,q23a,0,20/TrinoNitroAggregationOperator@96,nitroFilterCompiledMaskSuccesses,848
[WARNING] [stderr] 2026-08-15T18:53:36.705-0600	INFO	ForkJoinPool-1-worker-1	stdout	operator_metric,nitro,tpcds-parquet-sf10,q23a,0,20/TrinoNitroAggregationOperator@96,nitroProjectionGeneratedOutputs,0
[WARNING] [stderr] 2026-08-15T18:53:36.705-0600	INFO	ForkJoinPool-1-worker-1	stdout	operator_metric,nitro,tpcds-parquet-sf10,q23a,0,20/TrinoNitroAggregationOperator@96,nitroAggregationInitialEncodedKeyNanos,0
[WARNING] [stderr] 2026-08-15T18:53:36.705-0600	INFO	ForkJoinPool-1-worker-1	stdout	operator_metric,nitro,tpcds-parquet-sf10,q23a,0,20/TrinoNitroAggregationOperator@96,nitroAggregationFusedNanos,0
[WARNING] [stderr] 2026-08-15T18:53:36.705-0600	INFO	ForkJoinPool-1-worker-1	stdout	operator_metric,nitro,tpcds-parquet-sf10,q23a,0,20/TrinoNitroAggregationOperator@96,nitroProjectionIntegerWideningPositions,0
[WARNING] [stderr] 2026-08-15T18:53:36.705-0600	INFO	ForkJoinPool-1-worker-1	stdout	operator_metric,nitro,tpcds-parquet-sf10,q23a,0,20/TrinoNitroAggregationOperator@96,nitroFilterSourceMaskSuccesses,0
[WARNING] [stderr] 2026-08-15T18:53:36.705-0600	INFO	ForkJoinPool-1-worker-1	stdout	operator_metric,nitro,tpcds-parquet-sf10,q23a,0,20/TrinoNitroAggregationOperator@96,nitroFilterOutputPositions,4221
[WARNING] [stderr] 2026-08-15T18:53:36.705-0600	INFO	ForkJoinPool-1-worker-1	stdout	operator_metric,nitro,tpcds-parquet-sf10,q23a,0,20/TrinoNitroAggregationOperator@96,nitroProjectionGeneratedSuccesses,0
[WARNING] [stderr] 2026-08-15T18:53:36.705-0600	INFO	ForkJoinPool-1-worker-1	stdout	operator_metric,nitro,tpcds-parquet-sf10,q23a,0,20/TrinoNitroAggregationOperator@96,nitroBoundaryNativeExchangeMaximumChannel0Bytes,1179648
[WARNING] [stderr] 2026-08-15T18:53:36.705-0600	INFO	ForkJoinPool-1-worker-1	stdout	operator_metric,nitro,tpcds-parquet-sf10,q23a,0,20/TrinoNitroAggregationOperator@96,nitroAggregationStatePreparationNanos,41842345
[WARNING] [stderr] 2026-08-15T18:53:36.705-0600	INFO	ForkJoinPool-1-worker-1	stdout	operator_metric,nitro,tpcds-parquet-sf10,q23a,0,20/TrinoNitroAggregationOperator@96,nitroProjectionFlatInputPositions,0
[WARNING] [stderr] 2026-08-15T18:53:36.705-0600	INFO	ForkJoinPool-1-worker-1	stdout	operator_metric,nitro,tpcds-parquet-sf10,q23a,0,20/TrinoNitroAggregationOperator@96,nitroProjectionDictionaryFlatteningPositions,0
[WARNING] [stderr] 2026-08-15T18:53:36.705-0600	INFO	ForkJoinPool-1-worker-1	stdout	operator_metric,nitro,tpcds-parquet-sf10,q23a,0,20/TrinoNitroAggregationOperator@96,nitroFilterCompiledMaskAttempts,848
[WARNING] [stderr] 2026-08-15T18:53:36.705-0600	INFO	ForkJoinPool-1-worker-1	stdout	operator_metric,nitro,tpcds-parquet-sf10,q23a,0,20/TrinoNitroAggregationOperator@96,nitroProjectionOtherInputPositions,0
[WARNING] [stderr] 2026-08-15T18:53:36.705-0600	INFO	ForkJoinPool-1-worker-1	stdout	operator_metric,nitro,tpcds-parquet-sf10,q23a,0,20/TrinoNitroAggregationOperator@96,nitroProjectionPlannedAssignments,0
[WARNING] [stderr] 2026-08-15T18:53:36.705-0600	INFO	ForkJoinPool-1-worker-1	stdout	operator_metric,nitro,tpcds-parquet-sf10,q23a,0,20/TrinoNitroAggregationOperator@96,nitroAggregationPipelineNanos,0
[WARNING] [stderr] 2026-08-15T18:53:36.705-0600	INFO	ForkJoinPool-1-worker-1	stdout	operator_metric,nitro,tpcds-parquet-sf10,q23a,0,20/TrinoNitroAggregationOperator@96,nitroProjectionRunLengthInputPositions,0
[WARNING] [stderr] 2026-08-15T18:53:36.705-0600	INFO	ForkJoinPool-1-worker-1	stdout	operator_metric,nitro,tpcds-parquet-sf10,q23a,0,20/TrinoNitroAggregationOperator@96,nitroFilterPrimitiveMaskAttempts,0
[WARNING] [stderr] 2026-08-15T18:53:36.705-0600	INFO	ForkJoinPool-1-worker-1	stdout	operator_metric,nitro,tpcds-parquet-sf10,q23a,0,20/TrinoNitroAggregationOperator@96,nitroAggregationOutputNanos,700561
[WARNING] [stderr] 2026-08-15T18:53:36.705-0600	INFO	ForkJoinPool-1-worker-1	stdout	operator_metric,nitro,tpcds-parquet-sf10,q23a,0,20/TrinoNitroAggregationOperator@96,nitroProjectionGeneratedKernels,0
[WARNING] [stderr] 2026-08-15T18:53:36.705-0600	INFO	ForkJoinPool-1-worker-1	stdout	operator_metric,nitro,tpcds-parquet-sf10,q23a,0,20/TrinoNitroAggregationOperator@96,nitroBoundaryNativeExchangeMaximumBatchBytes,1179648
[WARNING] [stderr] 2026-08-15T18:53:36.705-0600	INFO	ForkJoinPool-1-worker-1	stdout	operator_metric,nitro,tpcds-parquet-sf10,q23a,0,20/TrinoNitroAggregationOperator@96,nitroBoundaryNativeExchangeBytes,79331328
[WARNING] [stderr] 2026-08-15T18:53:36.705-0600	INFO	ForkJoinPool-1-worker-1	stdout	operator_metric,nitro,tpcds-parquet-sf10,q23a,0,20/TrinoNitroAggregationOperator@96,nitroFilterPrimitiveMaskSuccesses,0
[WARNING] [stderr] 2026-08-15T18:53:36.705-0600	INFO	ForkJoinPool-1-worker-1	stdout	operator_metric,nitro,tpcds-parquet-sf10,q23a,0,20/TrinoNitroAggregationOperator@96,nitroProjectionDictionaryInputPositions,0
[WARNING] [stderr] 2026-08-15T18:53:36.705-0600	INFO	ForkJoinPool-1-worker-1	stdout	operator_metric,nitro,tpcds-parquet-sf10,q23a,0,20/TrinoNitroAggregationOperator@96,nitroAggregationAccumulationNanos,103369526
[WARNING] [stderr] 2026-08-15T18:53:36.705-0600	INFO	ForkJoinPool-1-worker-1	stdout	operator_metric,nitro,tpcds-parquet-sf10,q23a,0,20/TrinoNitroAggregationOperator@96,nitroAggregationInputNanos,4074348180
[WARNING] [stderr] 2026-08-15T18:53:36.705-0600	INFO	ForkJoinPool-1-worker-1	stdout	operator_metric,nitro,tpcds-parquet-sf10,q23a,0,20/TrinoNitroAggregationOperator@96,nitroProjectionDictionaryNullExpansionPositions,0
[WARNING] [stderr] 2026-08-15T18:53:36.705-0600	INFO	ForkJoinPool-1-worker-1	stdout	operator_metric,nitro,tpcds-parquet-sf10,q23a,0,20/TrinoNitroAggregationOperator@96,nitroAggregationGroupingNanos,3922569788
[WARNING] [stderr] 2026-08-15T18:53:36.705-0600	INFO	ForkJoinPool-1-worker-1	stdout	operator_metric,nitro,tpcds-parquet-sf10,q23a,0,20/TrinoNitroAggregationOperator@96,nitroBoundaryNativeExchangeBatches,538
[WARNING] [stderr] 2026-08-15T18:53:36.705-0600	INFO	ForkJoinPool-1-worker-1	stdout	operator_metric,nitro,tpcds-parquet-sf10,q23a,0,20/TrinoNitroAggregationOperator@96,nitroAggregationFlushNanos,0
[WARNING] [stderr] 2026-08-15T18:53:36.705-0600	INFO	ForkJoinPool-1-worker-1	stdout	operator_metric,nitro,tpcds-parquet-sf10,q23a,0,20/TrinoNitroAggregationOperator@96,nitroBoundaryNativeExchangePositions,4221
[WARNING] [stderr] 2026-08-15T18:53:36.705-0600	INFO	ForkJoinPool-1-worker-1	stdout	operator_metric,nitro,tpcds-parquet-sf10,q23a,0,20/TrinoNitroAggregationOperator@96,nitroFilterPrimitiveMaskFallbacks,0
[WARNING] [stderr] 2026-08-15T18:53:36.705-0600	INFO	ForkJoinPool-1-worker-1	stdout	operator_metric,nitro,tpcds-parquet-sf10,q23a,0,20/TrinoNitroAggregationOperator@96,nitroFilterMaterializedMaskFallbacks,0
[WARNING] [stderr] 2026-08-15T18:53:36.705-0600	INFO	ForkJoinPool-1-worker-1	stdout	operator_metric,nitro,tpcds-parquet-sf10,q23a,0,20/TrinoNitroHashJoinOperator@91,nitroBoundaryNativeExchangeBytes,1960890666
[WARNING] [stderr] 2026-08-15T18:53:36.705-0600	INFO	ForkJoinPool-1-worker-1	stdout	operator_metric,nitro,tpcds-parquet-sf10,q23a,0,20/TrinoNitroHashJoinOperator@91,nitroBoundaryNativeEgressFlatChannelPositions,30478
[WARNING] [stderr] 2026-08-15T18:53:36.705-0600	INFO	ForkJoinPool-1-worker-1	stdout	operator_metric,nitro,tpcds-parquet-sf10,q23a,0,20/TrinoNitroHashJoinOperator@91,nitroBoundaryNativeEgressDictionaryChannelPositions,15239
[WARNING] [stderr] 2026-08-15T18:53:36.705-0600	INFO	ForkJoinPool-1-worker-1	stdout	operator_metric,nitro,tpcds-parquet-sf10,q23a,0,20/TrinoNitroHashJoinOperator@91,nitroBoundaryNativeExchangeCaptureFallbackBatches,191
[WARNING] [stderr] 2026-08-15T18:53:36.705-0600	INFO	ForkJoinPool-1-worker-1	stdout	operator_metric,nitro,tpcds-parquet-sf10,q23a,0,20/TrinoNitroHashJoinOperator@91,nitroBoundaryPageEgressRunLengthChannelPositions,0
[WARNING] [stderr] 2026-08-15T18:53:36.705-0600	INFO	ForkJoinPool-1-worker-1	stdout	operator_metric,nitro,tpcds-parquet-sf10,q23a,0,20/TrinoNitroHashJoinOperator@91,nitroBoundaryPageIngressRunLengthChannelPositions,0
[WARNING] [stderr] 2026-08-15T18:53:36.705-0600	INFO	ForkJoinPool-1-worker-1	stdout	operator_metric,nitro,tpcds-parquet-sf10,q23a,0,20/TrinoNitroHashJoinOperator@91,nitroBoundaryPageIngressBytes,297142148
[WARNING] [stderr] 2026-08-15T18:53:36.705-0600	INFO	ForkJoinPool-1-worker-1	stdout	operator_metric,nitro,tpcds-parquet-sf10,q23a,0,20/TrinoNitroHashJoinOperator@91,nitroBoundaryPageEgressBytes,1886224
[WARNING] [stderr] 2026-08-15T18:53:36.705-0600	INFO	ForkJoinPool-1-worker-1	stdout	operator_metric,nitro,tpcds-parquet-sf10,q23a,0,20/TrinoNitroHashJoinOperator@91,nitroBoundaryPageIngressDictionaryChannelPositions,16343807
[WARNING] [stderr] 2026-08-15T18:53:36.705-0600	INFO	ForkJoinPool-1-worker-1	stdout	operator_metric,nitro,tpcds-parquet-sf10,q23a,0,20/TrinoNitroHashJoinOperator@91,nitroBoundaryPageEgressFlatChannelPositions,30481
[WARNING] [stderr] 2026-08-15T18:53:36.705-0600	INFO	ForkJoinPool-1-worker-1	stdout	operator_metric,nitro,tpcds-parquet-sf10,q23a,0,20/TrinoNitroHashJoinOperator@91,nitroBoundaryPageIngressPositions,16554780
[WARNING] [stderr] 2026-08-15T18:53:36.705-0600	INFO	ForkJoinPool-1-worker-1	stdout	operator_metric,nitro,tpcds-parquet-sf10,q23a,0,20/TrinoNitroHashJoinOperator@91,nitroBoundaryPageEgressDictionaryChannelPositions,15236
[WARNING] [stderr] 2026-08-15T18:53:36.705-0600	INFO	ForkJoinPool-1-worker-1	stdout	operator_metric,nitro,tpcds-parquet-sf10,q23a,0,20/TrinoNitroHashJoinOperator@91,nitroBoundaryNativeExchangeMaximumBatchBytes,4908456
[WARNING] [stderr] 2026-08-15T18:53:36.705-0600	INFO	ForkJoinPool-1-worker-1	stdout	operator_metric,nitro,tpcds-parquet-sf10,q23a,0,20/TrinoNitroHashJoinOperator@91,nitroBoundaryNativeExchangePositions,16539541
[WARNING] [stderr] 2026-08-15T18:53:36.705-0600	INFO	ForkJoinPool-1-worker-1	stdout	operator_metric,nitro,tpcds-parquet-sf10,q23a,0,20/TrinoNitroHashJoinOperator@91,nitroBoundaryNativeExchangeCaptureFallbackPositions,15239
[WARNING] [stderr] 2026-08-15T18:53:36.705-0600	INFO	ForkJoinPool-1-worker-1	stdout	operator_metric,nitro,tpcds-parquet-sf10,q23a,0,20/TrinoNitroHashJoinOperator@91,nitroBoundaryNativeEgressRunLengthChannelPositions,0
[WARNING] [stderr] 2026-08-15T18:53:36.705-0600	INFO	ForkJoinPool-1-worker-1	stdout	operator_metric,nitro,tpcds-parquet-sf10,q23a,0,20/TrinoNitroHashJoinOperator@91,nitroBoundaryPageEgressPositions,15239
[WARNING] [stderr] 2026-08-15T18:53:36.705-0600	INFO	ForkJoinPool-1-worker-1	stdout	operator_metric,nitro,tpcds-parquet-sf10,q23a,0,20/TrinoNitroHashJoinOperator@91,nitroBoundaryPageIngressFlatChannelPositions,16765753
[WARNING] [stderr] 2026-08-15T18:53:36.705-0600	INFO	ForkJoinPool-1-worker-1	stdout	operator_metric,nitro,tpcds-parquet-sf10,q23a,0,20/TrinoNitroHashJoinOperator@91,nitroBoundaryNativeExchangeBatches,3936
[WARNING] [stderr] 2026-08-15T18:53:36.705-0600	INFO	ForkJoinPool-1-worker-1	stdout	operator_metric,nitro,tpcds-parquet-sf10,q23a,0,20/TrinoNitroHashJoinOperator@91,nitroBoundaryPageIngressPages,4127
[WARNING] [stderr] 2026-08-15T18:53:36.705-0600	INFO	ForkJoinPool-1-worker-1	stdout	operator_metric,nitro,tpcds-parquet-sf10,q23a,0,20/TrinoNitroHashJoinOperator@91,nitroBoundaryPageEgressPages,191
[WARNING] [stderr] 2026-08-15T18:53:36.705-0600	INFO	ForkJoinPool-1-worker-1	stdout	operator_metric,nitro,tpcds-parquet-sf10,q23a,0,20/PartitionedOutputOperator@1591,nitroExchangePreservedPositions,0
[WARNING] [stderr] 2026-08-15T18:53:36.705-0600	INFO	ForkJoinPool-1-worker-1	stdout	operator_metric,nitro,tpcds-parquet-sf10,q23a,0,20/PartitionedOutputOperator@1591,nitroRemoteOutputPartitionAssignmentNanos,0
[WARNING] [stderr] 2026-08-15T18:53:36.705-0600	INFO	ForkJoinPool-1-worker-1	stdout	operator_metric,nitro,tpcds-parquet-sf10,q23a,0,20/PartitionedOutputOperator@1591,nitroRemoteOutputBufferedConversionNanos,20195
[WARNING] [stderr] 2026-08-15T18:53:36.705-0600	INFO	ForkJoinPool-1-worker-1	stdout	operator_metric,nitro,tpcds-parquet-sf10,q23a,0,20/PartitionedOutputOperator@1591,nitroRemoteOutputNativePartitionAppendNanos,0
[WARNING] [stderr] 2026-08-15T18:53:36.705-0600	INFO	ForkJoinPool-1-worker-1	stdout	operator_metric,nitro,tpcds-parquet-sf10,q23a,0,20/PartitionedOutputOperator@1591,nitroRemoteOutputNativePartitionConversionNanos,0
[WARNING] [stderr] 2026-08-15T18:53:36.705-0600	INFO	ForkJoinPool-1-worker-1	stdout	operator_metric,nitro,tpcds-parquet-sf10,q23a,0,20/PartitionedOutputOperator@1591,nitroExchangeInputPages,12
[WARNING] [stderr] 2026-08-15T18:53:36.705-0600	INFO	ForkJoinPool-1-worker-1	stdout	operator_metric,nitro,tpcds-parquet-sf10,q23a,0,20/PartitionedOutputOperator@1591,nitroExchangeSmallPagePositions,0
[WARNING] [stderr] 2026-08-15T18:53:36.705-0600	INFO	ForkJoinPool-1-worker-1	stdout	operator_metric,nitro,tpcds-parquet-sf10,q23a,0,20/PartitionedOutputOperator@1591,nitroExchangeInputFlatChannelPositions,9951
[WARNING] [stderr] 2026-08-15T18:53:36.705-0600	INFO	ForkJoinPool-1-worker-1	stdout	operator_metric,nitro,tpcds-parquet-sf10,q23a,0,20/PartitionedOutputOperator@1591,nitroExchangeDictionaryUnsupportedPositions,0
[WARNING] [stderr] 2026-08-15T18:53:36.705-0600	INFO	ForkJoinPool-1-worker-1	stdout	operator_metric,nitro,tpcds-parquet-sf10,q23a,0,20/PartitionedOutputOperator@1591,nitroRemoteOutputNativeBatches,0
[WARNING] [stderr] 2026-08-15T18:53:36.705-0600	INFO	ForkJoinPool-1-worker-1	stdout	operator_metric,nitro,tpcds-parquet-sf10,q23a,0,20/PartitionedOutputOperator@1591,nitroRemoteOutputNativePartitionCopyNanos,0
[WARNING] [stderr] 2026-08-15T18:53:36.705-0600	INFO	ForkJoinPool-1-worker-1	stdout	operator_metric,nitro,tpcds-parquet-sf10,q23a,0,20/PartitionedOutputOperator@1591,nitroExchangeInputDictionaryChannelPositions,0
[WARNING] [stderr] 2026-08-15T18:53:36.705-0600	INFO	ForkJoinPool-1-worker-1	stdout	operator_metric,nitro,tpcds-parquet-sf10,q23a,0,20/PartitionedOutputOperator@1591,nitroRemoteOutputNativePartitions,0
[WARNING] [stderr] 2026-08-15T18:53:36.705-0600	INFO	ForkJoinPool-1-worker-1	stdout	operator_metric,nitro,tpcds-parquet-sf10,q23a,0,20/PartitionedOutputOperator@1591,nitroRemoteOutputBufferedBatches,12
[WARNING] [stderr] 2026-08-15T18:53:36.705-0600	INFO	ForkJoinPool-1-worker-1	stdout	operator_metric,nitro,tpcds-parquet-sf10,q23a,0,20/PartitionedOutputOperator@1591,nitroRemoteOutputPartitionKeyConversionNanos,0
[WARNING] [stderr] 2026-08-15T18:53:36.705-0600	INFO	ForkJoinPool-1-worker-1	stdout	operator_metric,nitro,tpcds-parquet-sf10,q23a,0,20/PartitionedOutputOperator@1591,nitroExchangeRunLengthUnsupportedPositions,0
[WARNING] [stderr] 2026-08-15T18:53:36.705-0600	INFO	ForkJoinPool-1-worker-1	stdout	operator_metric,nitro,tpcds-parquet-sf10,q23a,0,20/PartitionedOutputOperator@1591,nitroRemoteOutputBufferedAppendNanos,69373
[WARNING] [stderr] 2026-08-15T18:53:36.705-0600	INFO	ForkJoinPool-1-worker-1	stdout	operator_metric,nitro,tpcds-parquet-sf10,q23a,0,20/PartitionedOutputOperator@1591,nitroRemoteOutputTotalNanos,98506
[WARNING] [stderr] 2026-08-15T18:53:36.705-0600	INFO	ForkJoinPool-1-worker-1	stdout	operator_metric,nitro,tpcds-parquet-sf10,q23a,0,20/PartitionedOutputOperator@1591,nitroRemoteOutputInputPositions,3317
[WARNING] [stderr] 2026-08-15T18:53:36.705-0600	INFO	ForkJoinPool-1-worker-1	stdout	operator_metric,nitro,tpcds-parquet-sf10,q23a,0,20/PartitionedOutputOperator@1591,nitroExchangeInputRunLengthChannelPositions,0
[WARNING] [stderr] 2026-08-15T18:53:36.705-0600	INFO	ForkJoinPool-1-worker-1	stdout	operator_metric,nitro,tpcds-parquet-sf10,q23a,0,20/PartitionedOutputOperator@1591,nitroExchangeNoDictionaryPositions,3317
[WARNING] [stderr] 2026-08-15T18:53:36.705-0600	INFO	ForkJoinPool-1-worker-1	stdout	operator_metric,nitro,tpcds-parquet-sf10,q23a,0,20/PartitionedOutputOperator@1591,nitroExchangeInputPositions,3317
[WARNING] [stderr] 2026-08-15T18:53:36.705-0600	INFO	ForkJoinPool-1-worker-1	stdout	operator_metric,nitro,tpcds-parquet-sf10,q23a,0,20/PartitionedOutputOperator@1591,nitroExchangeLowDictionaryReusePositions,0
[WARNING] [stderr] 2026-08-15T18:53:36.705-0600	INFO	ForkJoinPool-1-worker-1	stdout	operator_metric,nitro,tpcds-parquet-sf10,q23a,0,20/TrinoNitroAggregationOperator@6140,nitroPartialAggregationAggregatedInputRows,4221
[WARNING] [stderr] 2026-08-15T18:53:36.706-0600	INFO	ForkJoinPool-1-worker-1	stdout	operator_metric,nitro,tpcds-parquet-sf10,q23a,0,20/TrinoNitroAggregationOperator@6140,nitroAggregationGroupingNanos,881686
[WARNING] [stderr] 2026-08-15T18:53:36.706-0600	INFO	ForkJoinPool-1-worker-1	stdout	operator_metric,nitro,tpcds-parquet-sf10,q23a,0,20/TrinoNitroAggregationOperator@6140,nitroBoundaryNativeExchangeBatches,8
[WARNING] [stderr] 2026-08-15T18:53:36.706-0600	INFO	ForkJoinPool-1-worker-1	stdout	operator_metric,nitro,tpcds-parquet-sf10,q23a,0,20/TrinoNitroAggregationOperator@6140,nitroPartialAggregationCardinalityObservations,233
[WARNING] [stderr] 2026-08-15T18:53:36.706-0600	INFO	ForkJoinPool-1-worker-1	stdout	operator_metric,nitro,tpcds-parquet-sf10,q23a,0,20/TrinoNitroAggregationOperator@6140,nitroPartialAggregationPassthroughToAggregationTransitions,0
[WARNING] [stderr] 2026-08-15T18:53:36.706-0600	INFO	ForkJoinPool-1-worker-1	stdout	operator_metric,nitro,tpcds-parquet-sf10,q23a,0,20/TrinoNitroAggregationOperator@6140,nitroPartialAggregationAggregatedFlushes,8
[WARNING] [stderr] 2026-08-15T18:53:36.706-0600	INFO	ForkJoinPool-1-worker-1	stdout	operator_metric,nitro,tpcds-parquet-sf10,q23a,0,20/TrinoNitroAggregationOperator@6140,nitroAggregationFusedNanos,0
[WARNING] [stderr] 2026-08-15T18:53:36.706-0600	INFO	ForkJoinPool-1-worker-1	stdout	operator_metric,nitro,tpcds-parquet-sf10,q23a,0,20/TrinoNitroAggregationOperator@6140,nitroBoundaryNativeExchangeMaximumChannel0Bytes,37737
[WARNING] [stderr] 2026-08-15T18:53:36.706-0600	INFO	ForkJoinPool-1-worker-1	stdout	operator_metric,nitro,tpcds-parquet-sf10,q23a,0,20/TrinoNitroAggregationOperator@6140,nitroBoundaryNativeExchangeBytes,37737
[WARNING] [stderr] 2026-08-15T18:53:36.706-0600	INFO	ForkJoinPool-1-worker-1	stdout	operator_metric,nitro,tpcds-parquet-sf10,q23a,0,20/TrinoNitroAggregationOperator@6140,nitroAggregationFlushNanos,0
[WARNING] [stderr] 2026-08-15T18:53:36.706-0600	INFO	ForkJoinPool-1-worker-1	stdout	operator_metric,nitro,tpcds-parquet-sf10,q23a,0,20/TrinoNitroAggregationOperator@6140,nitroAggregationOutputNanos,45105
[WARNING] [stderr] 2026-08-15T18:53:36.706-0600	INFO	ForkJoinPool-1-worker-1	stdout	operator_metric,nitro,tpcds-parquet-sf10,q23a,0,20/TrinoNitroAggregationOperator@6140,nitroAggregationStatePreparationNanos,13434
[WARNING] [stderr] 2026-08-15T18:53:36.706-0600	INFO	ForkJoinPool-1-worker-1	stdout	operator_metric,nitro,tpcds-parquet-sf10,q23a,0,20/TrinoNitroAggregationOperator@6140,nitroPartialAggregationPassthroughInputRows,0
[WARNING] [stderr] 2026-08-15T18:53:36.706-0600	INFO	ForkJoinPool-1-worker-1	stdout	operator_metric,nitro,tpcds-parquet-sf10,q23a,0,20/TrinoNitroAggregationOperator@6140,nitroPartialAggregationCardinalityReconsideredDecisions,0
[WARNING] [stderr] 2026-08-15T18:53:36.706-0600	INFO	ForkJoinPool-1-worker-1	stdout	operator_metric,nitro,tpcds-parquet-sf10,q23a,0,20/TrinoNitroAggregationOperator@6140,nitroPartialAggregationCardinalityAggregateDecisions,0
[WARNING] [stderr] 2026-08-15T18:53:36.706-0600	INFO	ForkJoinPool-1-worker-1	stdout	operator_metric,nitro,tpcds-parquet-sf10,q23a,0,20/TrinoNitroAggregationOperator@6140,nitroAggregationInitialFlatKeyNanos,0
[WARNING] [stderr] 2026-08-15T18:53:36.706-0600	INFO	ForkJoinPool-1-worker-1	stdout	operator_metric,nitro,tpcds-parquet-sf10,q23a,0,20/TrinoNitroAggregationOperator@6140,nitroPartialAggregationPassthroughInputBytes,0
[WARNING] [stderr] 2026-08-15T18:53:36.706-0600	INFO	ForkJoinPool-1-worker-1	stdout	operator_metric,nitro,tpcds-parquet-sf10,q23a,0,20/TrinoNitroAggregationOperator@6140,nitroPartialAggregationAggregationToPassthroughTransitions,0
[WARNING] [stderr] 2026-08-15T18:53:36.706-0600	INFO	ForkJoinPool-1-worker-1	stdout	operator_metric,nitro,tpcds-parquet-sf10,q23a,0,20/TrinoNitroAggregationOperator@6140,nitroPartialAggregationAggregatedOutputRows,4193
[WARNING] [stderr] 2026-08-15T18:53:36.706-0600	INFO	ForkJoinPool-1-worker-1	stdout	operator_metric,nitro,tpcds-parquet-sf10,q23a,0,20/TrinoNitroAggregationOperator@6140,nitroAggregationInitialKeyNanos,0
[WARNING] [stderr] 2026-08-15T18:53:36.706-0600	INFO	ForkJoinPool-1-worker-1	stdout	operator_metric,nitro,tpcds-parquet-sf10,q23a,0,20/TrinoNitroAggregationOperator@6140,nitroAggregationInitialAggregationNanos,0
[WARNING] [stderr] 2026-08-15T18:53:36.706-0600	INFO	ForkJoinPool-1-worker-1	stdout	operator_metric,nitro,tpcds-parquet-sf10,q23a,0,20/TrinoNitroAggregationOperator@6140,nitroPartialAggregationPassthroughFlushes,0
[WARNING] [stderr] 2026-08-15T18:53:36.706-0600	INFO	ForkJoinPool-1-worker-1	stdout	operator_metric,nitro,tpcds-parquet-sf10,q23a,0,20/TrinoNitroAggregationOperator@6140,nitroAggregationPipelineNanos,0
[WARNING] [stderr] 2026-08-15T18:53:36.706-0600	INFO	ForkJoinPool-1-worker-1	stdout	operator_metric,nitro,tpcds-parquet-sf10,q23a,0,20/TrinoNitroAggregationOperator@6140,nitroAggregationInitialEncodedKeyNanos,0
[WARNING] [stderr] 2026-08-15T18:53:36.706-0600	INFO	ForkJoinPool-1-worker-1	stdout	operator_metric,nitro,tpcds-parquet-sf10,q23a,0,20/TrinoNitroAggregationOperator@6140,nitroAggregationInputNanos,1688529
[WARNING] [stderr] 2026-08-15T18:53:36.706-0600	INFO	ForkJoinPool-1-worker-1	stdout	operator_metric,nitro,tpcds-parquet-sf10,q23a,0,20/TrinoNitroAggregationOperator@6140,nitroPartialAggregationCardinalityBypassDecisions,0
[WARNING] [stderr] 2026-08-15T18:53:36.706-0600	INFO	ForkJoinPool-1-worker-1	stdout	operator_metric,nitro,tpcds-parquet-sf10,q23a,0,20/TrinoNitroAggregationOperator@6140,nitroAggregationAccumulationNanos,15096
[WARNING] [stderr] 2026-08-15T18:53:36.706-0600	INFO	ForkJoinPool-1-worker-1	stdout	operator_metric,nitro,tpcds-parquet-sf10,q23a,0,20/TrinoNitroAggregationOperator@6140,nitroPartialAggregationAggregatedInputBytes,79331328
[WARNING] [stderr] 2026-08-15T18:53:36.706-0600	INFO	ForkJoinPool-1-worker-1	stdout	operator_metric,nitro,tpcds-parquet-sf10,q23a,0,20/TrinoNitroAggregationOperator@6140,nitroBoundaryNativeExchangePositions,4193
[WARNING] [stderr] 2026-08-15T18:53:36.706-0600	INFO	ForkJoinPool-1-worker-1	stdout	operator_metric,nitro,tpcds-parquet-sf10,q23a,0,20/TrinoNitroAggregationOperator@6140,nitroBoundaryNativeExchangeMaximumBatchBytes,37737
[WARNING] [stderr] 2026-08-15T18:53:36.706-0600	INFO	ForkJoinPool-1-worker-1	stdout	operator_metric,nitro,tpcds-parquet-sf10,q23a,0,20/TrinoNitroAggregationOperator@6149,nitroPartialAggregationPassthroughFlushes,4109
[WARNING] [stderr] 2026-08-15T18:53:36.706-0600	INFO	ForkJoinPool-1-worker-1	stdout	operator_metric,nitro,tpcds-parquet-sf10,q23a,0,20/TrinoNitroAggregationOperator@6149,nitroPartialAggregationAggregatedOutputRows,70604
[WARNING] [stderr] 2026-08-15T18:53:36.706-0600	INFO	ForkJoinPool-1-worker-1	stdout	operator_metric,nitro,tpcds-parquet-sf10,q23a,0,20/TrinoNitroAggregationOperator@6149,nitroBoundaryNativeExchangeBytes,875938237
[WARNING] [stderr] 2026-08-15T18:53:36.706-0600	INFO	ForkJoinPool-1-worker-1	stdout	operator_metric,nitro,tpcds-parquet-sf10,q23a,0,20/TrinoNitroAggregationOperator@6149,nitroPartialAggregationAggregationToPassthroughTransitions,0
[WARNING] [stderr] 2026-08-15T18:53:36.706-0600	INFO	ForkJoinPool-1-worker-1	stdout	operator_metric,nitro,tpcds-parquet-sf10,q23a,0,20/TrinoNitroAggregationOperator@6149,nitroAggregationFlushNanos,0
[WARNING] [stderr] 2026-08-15T18:53:36.706-0600	INFO	ForkJoinPool-1-worker-1	stdout	operator_metric,nitro,tpcds-parquet-sf10,q23a,0,20/TrinoNitroAggregationOperator@6149,nitroBoundaryPageIngressFlatChannelPositions,30481
[WARNING] [stderr] 2026-08-15T18:53:36.706-0600	INFO	ForkJoinPool-1-worker-1	stdout	operator_metric,nitro,tpcds-parquet-sf10,q23a,0,20/TrinoNitroAggregationOperator@6149,nitroBoundaryNativeExchangeMaximumChannel1Bytes,418794
[WARNING] [stderr] 2026-08-15T18:53:36.706-0600	INFO	ForkJoinPool-1-worker-1	stdout	operator_metric,nitro,tpcds-parquet-sf10,q23a,0,20/TrinoNitroAggregationOperator@6149,nitroBoundaryNativeExchangeMaximumBatchBytes,4632903
[WARNING] [stderr] 2026-08-15T18:53:36.706-0600	INFO	ForkJoinPool-1-worker-1	stdout	operator_metric,nitro,tpcds-parquet-sf10,q23a,0,20/TrinoNitroAggregationOperator@6149,nitroProjectionOtherInputPositions,0
[WARNING] [stderr] 2026-08-15T18:53:36.706-0600	INFO	ForkJoinPool-1-worker-1	stdout	operator_metric,nitro,tpcds-parquet-sf10,q23a,0,20/TrinoNitroAggregationOperator@6149,nitroAggregationInitialKeyNanos,0
[WARNING] [stderr] 2026-08-15T18:53:36.706-0600	INFO	ForkJoinPool-1-worker-1	stdout	operator_metric,nitro,tpcds-parquet-sf10,q23a,0,20/TrinoNitroAggregationOperator@6149,nitroProjectionRunLengthInputPositions,0
[WARNING] [stderr] 2026-08-15T18:53:36.706-0600	INFO	ForkJoinPool-1-worker-1	stdout	operator_metric,nitro,tpcds-parquet-sf10,q23a,0,20/TrinoNitroAggregationOperator@6149,nitroBoundaryNativeExchangeBatches,4115
[WARNING] [stderr] 2026-08-15T18:53:36.706-0600	INFO	ForkJoinPool-1-worker-1	stdout	operator_metric,nitro,tpcds-parquet-sf10,q23a,0,20/TrinoNitroAggregationOperator@6149,nitroPartialAggregationCardinalityObservations,4127
[WARNING] [stderr] 2026-08-15T18:53:36.706-0600	INFO	ForkJoinPool-1-worker-1	stdout	operator_metric,nitro,tpcds-parquet-sf10,q23a,0,20/TrinoNitroAggregationOperator@6149,nitroProjectionDictionaryFlatteningPositions,0
[WARNING] [stderr] 2026-08-15T18:53:36.706-0600	INFO	ForkJoinPool-1-worker-1	stdout	operator_metric,nitro,tpcds-parquet-sf10,q23a,0,20/TrinoNitroAggregationOperator@6149,nitroProjectionFlatInputPositions,0
[WARNING] [stderr] 2026-08-15T18:53:36.706-0600	INFO	ForkJoinPool-1-worker-1	stdout	operator_metric,nitro,tpcds-parquet-sf10,q23a,0,20/TrinoNitroAggregationOperator@6149,nitroProjectionPlannedComputedOutputs,8
[WARNING] [stderr] 2026-08-15T18:53:36.706-0600	INFO	ForkJoinPool-1-worker-1	stdout	operator_metric,nitro,tpcds-parquet-sf10,q23a,0,20/TrinoNitroAggregationOperator@6149,nitroProjectionGeneratedSuccesses,0
[WARNING] [stderr] 2026-08-15T18:53:36.706-0600	INFO	ForkJoinPool-1-worker-1	stdout	operator_metric,nitro,tpcds-parquet-sf10,q23a,0,20/TrinoNitroAggregationOperator@6149,nitroBoundaryNativeExchangeMaximumChannel0Bytes,542646
[WARNING] [stderr] 2026-08-15T18:53:36.706-0600	INFO	ForkJoinPool-1-worker-1	stdout	operator_metric,nitro,tpcds-parquet-sf10,q23a,0,20/TrinoNitroAggregationOperator@6149,nitroBoundaryPageIngressDictionaryChannelPositions,15236
[WARNING] [stderr] 2026-08-15T18:53:36.706-0600	INFO	ForkJoinPool-1-worker-1	stdout	operator_metric,nitro,tpcds-parquet-sf10,q23a,0,20/TrinoNitroAggregationOperator@6149,nitroBoundaryNativeExchangePositions,16554692
[WARNING] [stderr] 2026-08-15T18:53:36.706-0600	INFO	ForkJoinPool-1-worker-1	stdout	operator_metric,nitro,tpcds-parquet-sf10,q23a,0,20/TrinoNitroAggregationOperator@6149,nitroPartialAggregationAggregatedInputRows,70692
[WARNING] [stderr] 2026-08-15T18:53:36.706-0600	INFO	ForkJoinPool-1-worker-1	stdout	operator_metric,nitro,tpcds-parquet-sf10,q23a,0,20/TrinoNitroAggregationOperator@6149,nitroBoundaryPageIngressPositions,15239
[WARNING] [stderr] 2026-08-15T18:53:36.706-0600	INFO	ForkJoinPool-1-worker-1	stdout	operator_metric,nitro,tpcds-parquet-sf10,q23a,0,20/TrinoNitroAggregationOperator@6149,nitroPartialAggregationCardinalityAggregateDecisions,0
[WARNING] [stderr] 2026-08-15T18:53:36.706-0600	INFO	ForkJoinPool-1-worker-1	stdout	operator_metric,nitro,tpcds-parquet-sf10,q23a,0,20/TrinoNitroAggregationOperator@6149,nitroProjectionGeneratedErrorFallbacks,0
[WARNING] [stderr] 2026-08-15T18:53:36.706-0600	INFO	ForkJoinPool-1-worker-1	stdout	operator_metric,nitro,tpcds-parquet-sf10,q23a,0,20/TrinoNitroAggregationOperator@6149,nitroAggregationStatePreparationNanos,110079
[WARNING] [stderr] 2026-08-15T18:53:36.706-0600	INFO	ForkJoinPool-1-worker-1	stdout	operator_metric,nitro,tpcds-parquet-sf10,q23a,0,20/TrinoNitroAggregationOperator@6149,nitroAggregationPipelineNanos,14168232
[WARNING] [stderr] 2026-08-15T18:53:36.706-0600	INFO	ForkJoinPool-1-worker-1	stdout	operator_metric,nitro,tpcds-parquet-sf10,q23a,0,20/TrinoNitroAggregationOperator@6149,nitroBoundaryPageIngressRunLengthChannelPositions,0
[WARNING] [stderr] 2026-08-15T18:53:36.706-0600	INFO	ForkJoinPool-1-worker-1	stdout	operator_metric,nitro,tpcds-parquet-sf10,q23a,0,20/TrinoNitroAggregationOperator@6149,nitroProjectionOtherNullExpansionPositions,0
[WARNING] [stderr] 2026-08-15T18:53:36.706-0600	INFO	ForkJoinPool-1-worker-1	stdout	operator_metric,nitro,tpcds-parquet-sf10,q23a,0,20/TrinoNitroAggregationOperator@6149,nitroAggregationInitialAggregationNanos,42729498
[WARNING] [stderr] 2026-08-15T18:53:36.706-0600	INFO	ForkJoinPool-1-worker-1	stdout	operator_metric,nitro,tpcds-parquet-sf10,q23a,0,20/TrinoNitroAggregationOperator@6149,nitroAggregationInitialFlatKeyNanos,0
[WARNING] [stderr] 2026-08-15T18:53:36.706-0600	INFO	ForkJoinPool-1-worker-1	stdout	operator_metric,nitro,tpcds-parquet-sf10,q23a,0,20/TrinoNitroAggregationOperator@6149,nitroProjectionDictionaryInputPositions,0
[WARNING] [stderr] 2026-08-15T18:53:36.706-0600	INFO	ForkJoinPool-1-worker-1	stdout	operator_metric,nitro,tpcds-parquet-sf10,q23a,0,20/TrinoNitroAggregationOperator@6149,nitroProjectionGeneratedAttempts,0
[WARNING] [stderr] 2026-08-15T18:53:36.706-0600	INFO	ForkJoinPool-1-worker-1	stdout	operator_metric,nitro,tpcds-parquet-sf10,q23a,0,20/TrinoNitroAggregationOperator@6149,nitroProjectionGeneratedOutputs,0
[WARNING] [stderr] 2026-08-15T18:53:36.706-0600	INFO	ForkJoinPool-1-worker-1	stdout	operator_metric,nitro,tpcds-parquet-sf10,q23a,0,20/TrinoNitroAggregationOperator@6149,nitroAggregationOutputNanos,2190788
[WARNING] [stderr] 2026-08-15T18:53:36.706-0600	INFO	ForkJoinPool-1-worker-1	stdout	operator_metric,nitro,tpcds-parquet-sf10,q23a,0,20/TrinoNitroAggregationOperator@6149,nitroAggregationFusedNanos,0
[WARNING] [stderr] 2026-08-15T18:53:36.706-0600	INFO	ForkJoinPool-1-worker-1	stdout	operator_metric,nitro,tpcds-parquet-sf10,q23a,0,20/TrinoNitroAggregationOperator@6149,nitroProjectionGeneratedSelectedPositions,0
[WARNING] [stderr] 2026-08-15T18:53:36.706-0600	INFO	ForkJoinPool-1-worker-1	stdout	operator_metric,nitro,tpcds-parquet-sf10,q23a,0,20/TrinoNitroAggregationOperator@6149,nitroAggregationAccumulationNanos,4065684
[WARNING] [stderr] 2026-08-15T18:53:36.706-0600	INFO	ForkJoinPool-1-worker-1	stdout	operator_metric,nitro,tpcds-parquet-sf10,q23a,0,20/TrinoNitroAggregationOperator@6149,nitroAggregationInitialEncodedKeyNanos,0
[WARNING] [stderr] 2026-08-15T18:53:36.706-0600	INFO	ForkJoinPool-1-worker-1	stdout	operator_metric,nitro,tpcds-parquet-sf10,q23a,0,20/TrinoNitroAggregationOperator@6149,nitroPartialAggregationAggregatedFlushes,2
[WARNING] [stderr] 2026-08-15T18:53:36.706-0600	INFO	ForkJoinPool-1-worker-1	stdout	operator_metric,nitro,tpcds-parquet-sf10,q23a,0,20/TrinoNitroAggregationOperator@6149,nitroBoundaryNativeExchangeMaximumChannel3Bytes,325947
[WARNING] [stderr] 2026-08-15T18:53:36.706-0600	INFO	ForkJoinPool-1-worker-1	stdout	operator_metric,nitro,tpcds-parquet-sf10,q23a,0,20/TrinoNitroAggregationOperator@6149,nitroProjectionPlannedAssignments,24
[WARNING] [stderr] 2026-08-15T18:53:36.706-0600	INFO	ForkJoinPool-1-worker-1	stdout	operator_metric,nitro,tpcds-parquet-sf10,q23a,0,20/TrinoNitroAggregationOperator@6149,nitroPartialAggregationAggregatedInputBytes,8396991
[WARNING] [stderr] 2026-08-15T18:53:36.706-0600	INFO	ForkJoinPool-1-worker-1	stdout	operator_metric,nitro,tpcds-parquet-sf10,q23a,0,20/TrinoNitroAggregationOperator@6149,nitroPartialAggregationPassthroughInputRows,16484088
[WARNING] [stderr] 2026-08-15T18:53:36.706-0600	INFO	ForkJoinPool-1-worker-1	stdout	operator_metric,nitro,tpcds-parquet-sf10,q23a,0,20/TrinoNitroAggregationOperator@6149,nitroProjectionGeneratedKernels,0
[WARNING] [stderr] 2026-08-15T18:53:36.706-0600	INFO	ForkJoinPool-1-worker-1	stdout	operator_metric,nitro,tpcds-parquet-sf10,q23a,0,20/TrinoNitroAggregationOperator@6149,nitroPartialAggregationPassthroughInputBytes,1954379899
[WARNING] [stderr] 2026-08-15T18:53:36.706-0600	INFO	ForkJoinPool-1-worker-1	stdout	operator_metric,nitro,tpcds-parquet-sf10,q23a,0,20/TrinoNitroAggregationOperator@6149,nitroAggregationInputNanos,2968517327
[WARNING] [stderr] 2026-08-15T18:53:36.706-0600	INFO	ForkJoinPool-1-worker-1	stdout	operator_metric,nitro,tpcds-parquet-sf10,q23a,0,20/TrinoNitroAggregationOperator@6149,nitroBoundaryPageIngressBytes,1886224
[WARNING] [stderr] 2026-08-15T18:53:36.706-0600	INFO	ForkJoinPool-1-worker-1	stdout	operator_metric,nitro,tpcds-parquet-sf10,q23a,0,20/TrinoNitroAggregationOperator@6149,nitroProjectionDictionaryNullExpansionPositions,0
[WARNING] [stderr] 2026-08-15T18:53:36.706-0600	INFO	ForkJoinPool-1-worker-1	stdout	operator_metric,nitro,tpcds-parquet-sf10,q23a,0,20/TrinoNitroAggregationOperator@6149,nitroPartialAggregationPassthroughToAggregationTransitions,0
[WARNING] [stderr] 2026-08-15T18:53:36.706-0600	INFO	ForkJoinPool-1-worker-1	stdout	operator_metric,nitro,tpcds-parquet-sf10,q23a,0,20/TrinoNitroAggregationOperator@6149,nitroBoundaryNativeExchangeMaximumChannel2Bytes,4293302
[WARNING] [stderr] 2026-08-15T18:53:36.706-0600	INFO	ForkJoinPool-1-worker-1	stdout	operator_metric,nitro,tpcds-parquet-sf10,q23a,0,20/TrinoNitroAggregationOperator@6149,nitroPartialAggregationCardinalityReconsideredDecisions,0
[WARNING] [stderr] 2026-08-15T18:53:36.706-0600	INFO	ForkJoinPool-1-worker-1	stdout	operator_metric,nitro,tpcds-parquet-sf10,q23a,0,20/TrinoNitroAggregationOperator@6149,nitroAggregationGroupingNanos,42176529
[WARNING] [stderr] 2026-08-15T18:53:36.706-0600	INFO	ForkJoinPool-1-worker-1	stdout	operator_metric,nitro,tpcds-parquet-sf10,q23a,0,20/TrinoNitroAggregationOperator@6149,nitroPartialAggregationCardinalityBypassDecisions,2
[WARNING] [stderr] 2026-08-15T18:53:36.706-0600	INFO	ForkJoinPool-1-worker-1	stdout	operator_metric,nitro,tpcds-parquet-sf10,q23a,0,20/TrinoNitroAggregationOperator@6149,nitroProjectionGeneratedLayoutFallbacks,0
[WARNING] [stderr] 2026-08-15T18:53:36.706-0600	INFO	ForkJoinPool-1-worker-1	stdout	operator_metric,nitro,tpcds-parquet-sf10,q23a,0,20/TrinoNitroAggregationOperator@6149,nitroProjectionIntegerWideningPositions,0
[WARNING] [stderr] 2026-08-15T18:53:36.706-0600	INFO	ForkJoinPool-1-worker-1	stdout	operator_metric,nitro,tpcds-parquet-sf10,q23a,0,20/TrinoNitroAggregationOperator@6149,nitroBoundaryPageIngressPages,191
[WARNING] [stderr] 2026-08-15T18:53:36.706-0600	INFO	ForkJoinPool-1-worker-1	stdout	operator_metric,nitro,tpcds-parquet-sf10,q23a,0,28/TrinoNitroPipelineSourceOperator@5095,nitroNativeSourceCreationNanos,94456751
[WARNING] [stderr] 2026-08-15T18:53:36.706-0600	INFO	ForkJoinPool-1-worker-1	stdout	operator_metric,nitro,tpcds-parquet-sf10,q23a,0,28/TrinoNitroPipelineSourceOperator@5095,nitroAllocatorAllocatedVectorBytes.BooleanVector,86402973
[WARNING] [stderr] 2026-08-15T18:53:36.706-0600	INFO	ForkJoinPool-1-worker-1	stdout	operator_metric,nitro,tpcds-parquet-sf10,q23a,0,28/TrinoNitroPipelineSourceOperator@5095,nitroBoundaryNativeExchangeBatches,2888
[WARNING] [stderr] 2026-08-15T18:53:36.706-0600	INFO	ForkJoinPool-1-worker-1	stdout	operator_metric,nitro,tpcds-parquet-sf10,q23a,0,28/TrinoNitroPipelineSourceOperator@5095,nitroAllocatorAllocatedBytes.trino-native-source-ingress,0
[WARNING] [stderr] 2026-08-15T18:53:36.706-0600	INFO	ForkJoinPool-1-worker-1	stdout	operator_metric,nitro,tpcds-parquet-sf10,q23a,0,28/TrinoNitroPipelineSourceOperator@5095,nitroAllocatorAllocatedVectorBytes,662422793
[WARNING] [stderr] 2026-08-15T18:53:36.706-0600	INFO	ForkJoinPool-1-worker-1	stdout	operator_metric,nitro,tpcds-parquet-sf10,q23a,0,28/TrinoNitroPipelineSourceOperator@5095,nitroAllocatorAllocatedVectorBytes.I32Vector,115203964
[WARNING] [stderr] 2026-08-15T18:53:36.706-0600	INFO	ForkJoinPool-1-worker-1	stdout	operator_metric,nitro,tpcds-parquet-sf10,q23a,0,28/TrinoNitroPipelineSourceOperator@5095,nitroAllocatorAllocatedBytes.NitroParquetBatchSource,662422793
[WARNING] [stderr] 2026-08-15T18:53:36.706-0600	INFO	ForkJoinPool-1-worker-1	stdout	operator_metric,nitro,tpcds-parquet-sf10,q23a,0,28/TrinoNitroPipelineSourceOperator@5095,nitroBoundaryNativeExchangePositions,28800991
[WARNING] [stderr] 2026-08-15T18:53:36.706-0600	INFO	ForkJoinPool-1-worker-1	stdout	operator_metric,nitro,tpcds-parquet-sf10,q23a,0,28/TrinoNitroPipelineSourceOperator@5095,nitroBoundaryNativeExchangeBytes,662422793
[WARNING] [stderr] 2026-08-15T18:53:36.706-0600	INFO	ForkJoinPool-1-worker-1	stdout	operator_metric,nitro,tpcds-parquet-sf10,q23a,0,28/TrinoNitroPipelineSourceOperator@5095,nitroOperatorConstructionNanos,312082
[WARNING] [stderr] 2026-08-15T18:53:36.706-0600	INFO	ForkJoinPool-1-worker-1	stdout	operator_metric,nitro,tpcds-parquet-sf10,q23a,0,28/TrinoNitroPipelineSourceOperator@5095,nitroBoundaryNativeExchangeMaximumBatchBytes,2743026
[WARNING] [stderr] 2026-08-15T18:53:36.706-0600	INFO	ForkJoinPool-1-worker-1	stdout	operator_metric,nitro,tpcds-parquet-sf10,q23a,0,28/TrinoNitroPipelineSourceOperator@5095,nitroAllocatorAllocatedBytes,662422793
[WARNING] [stderr] 2026-08-15T18:53:36.706-0600	INFO	ForkJoinPool-1-worker-1	stdout	operator_metric,nitro,tpcds-parquet-sf10,q23a,0,28/TrinoNitroPipelineSourceOperator@5095,nitroAllocatorAllocatedVectorBytes.I64Vector,460815856
[WARNING] [stderr] 2026-08-15T18:53:36.706-0600	INFO	ForkJoinPool-1-worker-1	stdout	operator_metric,nitro,tpcds-parquet-sf10,q23a,0,28/PartitionedOutputOperator@5095,nitroExchangePreservedPositions,0
[WARNING] [stderr] 2026-08-15T18:53:36.706-0600	INFO	ForkJoinPool-1-worker-1	stdout	operator_metric,nitro,tpcds-parquet-sf10,q23a,0,28/PartitionedOutputOperator@5095,nitroRemoteOutputPartitionAssignmentNanos,0
[WARNING] [stderr] 2026-08-15T18:53:36.706-0600	INFO	ForkJoinPool-1-worker-1	stdout	operator_metric,nitro,tpcds-parquet-sf10,q23a,0,28/PartitionedOutputOperator@5095,nitroRemoteOutputBufferedConversionNanos,211142453
[WARNING] [stderr] 2026-08-15T18:53:36.706-0600	INFO	ForkJoinPool-1-worker-1	stdout	operator_metric,nitro,tpcds-parquet-sf10,q23a,0,28/PartitionedOutputOperator@5095,nitroRemoteOutputNativePartitionAppendNanos,0
[WARNING] [stderr] 2026-08-15T18:53:36.706-0600	INFO	ForkJoinPool-1-worker-1	stdout	operator_metric,nitro,tpcds-parquet-sf10,q23a,0,28/PartitionedOutputOperator@5095,nitroRemoteOutputNativePartitionConversionNanos,0
[WARNING] [stderr] 2026-08-15T18:53:36.706-0600	INFO	ForkJoinPool-1-worker-1	stdout	operator_metric,nitro,tpcds-parquet-sf10,q23a,0,28/PartitionedOutputOperator@5095,nitroExchangeInputPages,2888
[WARNING] [stderr] 2026-08-15T18:53:36.706-0600	INFO	ForkJoinPool-1-worker-1	stdout	operator_metric,nitro,tpcds-parquet-sf10,q23a,0,28/PartitionedOutputOperator@5095,nitroExchangeSmallPagePositions,0
[WARNING] [stderr] 2026-08-15T18:53:36.706-0600	INFO	ForkJoinPool-1-worker-1	stdout	operator_metric,nitro,tpcds-parquet-sf10,q23a,0,28/PartitionedOutputOperator@5095,nitroExchangeInputFlatChannelPositions,86402973
[WARNING] [stderr] 2026-08-15T18:53:36.706-0600	INFO	ForkJoinPool-1-worker-1	stdout	operator_metric,nitro,tpcds-parquet-sf10,q23a,0,28/PartitionedOutputOperator@5095,nitroExchangeDictionaryUnsupportedPositions,0
[WARNING] [stderr] 2026-08-15T18:53:36.706-0600	INFO	ForkJoinPool-1-worker-1	stdout	operator_metric,nitro,tpcds-parquet-sf10,q23a,0,28/PartitionedOutputOperator@5095,nitroRemoteOutputNativeBatches,0
[WARNING] [stderr] 2026-08-15T18:53:36.706-0600	INFO	ForkJoinPool-1-worker-1	stdout	operator_metric,nitro,tpcds-parquet-sf10,q23a,0,28/PartitionedOutputOperator@5095,nitroRemoteOutputNativePartitionCopyNanos,0
[WARNING] [stderr] 2026-08-15T18:53:36.706-0600	INFO	ForkJoinPool-1-worker-1	stdout	operator_metric,nitro,tpcds-parquet-sf10,q23a,0,28/PartitionedOutputOperator@5095,nitroExchangeInputDictionaryChannelPositions,0
[WARNING] [stderr] 2026-08-15T18:53:36.706-0600	INFO	ForkJoinPool-1-worker-1	stdout	operator_metric,nitro,tpcds-parquet-sf10,q23a,0,28/PartitionedOutputOperator@5095,nitroRemoteOutputNativePartitions,0
[WARNING] [stderr] 2026-08-15T18:53:36.706-0600	INFO	ForkJoinPool-1-worker-1	stdout	operator_metric,nitro,tpcds-parquet-sf10,q23a,0,28/PartitionedOutputOperator@5095,nitroRemoteOutputBufferedBatches,2888
[WARNING] [stderr] 2026-08-15T18:53:36.706-0600	INFO	ForkJoinPool-1-worker-1	stdout	operator_metric,nitro,tpcds-parquet-sf10,q23a,0,28/PartitionedOutputOperator@5095,nitroRemoteOutputPartitionKeyConversionNanos,0
[WARNING] [stderr] 2026-08-15T18:53:36.706-0600	INFO	ForkJoinPool-1-worker-1	stdout	operator_metric,nitro,tpcds-parquet-sf10,q23a,0,28/PartitionedOutputOperator@5095,nitroExchangeRunLengthUnsupportedPositions,0
[WARNING] [stderr] 2026-08-15T18:53:36.706-0600	INFO	ForkJoinPool-1-worker-1	stdout	operator_metric,nitro,tpcds-parquet-sf10,q23a,0,28/PartitionedOutputOperator@5095,nitroRemoteOutputBufferedAppendNanos,1515238679
[WARNING] [stderr] 2026-08-15T18:53:36.706-0600	INFO	ForkJoinPool-1-worker-1	stdout	operator_metric,nitro,tpcds-parquet-sf10,q23a,0,28/PartitionedOutputOperator@5095,nitroRemoteOutputTotalNanos,1730057981
[WARNING] [stderr] 2026-08-15T18:53:36.706-0600	INFO	ForkJoinPool-1-worker-1	stdout	operator_metric,nitro,tpcds-parquet-sf10,q23a,0,28/PartitionedOutputOperator@5095,nitroRemoteOutputInputPositions,28800991
[WARNING] [stderr] 2026-08-15T18:53:36.706-0600	INFO	ForkJoinPool-1-worker-1	stdout	operator_metric,nitro,tpcds-parquet-sf10,q23a,0,28/PartitionedOutputOperator@5095,nitroExchangeInputRunLengthChannelPositions,0
[WARNING] [stderr] 2026-08-15T18:53:36.706-0600	INFO	ForkJoinPool-1-worker-1	stdout	operator_metric,nitro,tpcds-parquet-sf10,q23a,0,28/PartitionedOutputOperator@5095,nitroExchangeNoDictionaryPositions,28800991
[WARNING] [stderr] 2026-08-15T18:53:36.706-0600	INFO	ForkJoinPool-1-worker-1	stdout	operator_metric,nitro,tpcds-parquet-sf10,q23a,0,28/PartitionedOutputOperator@5095,nitroExchangeInputPositions,28800991
[WARNING] [stderr] 2026-08-15T18:53:36.706-0600	INFO	ForkJoinPool-1-worker-1	stdout	operator_metric,nitro,tpcds-parquet-sf10,q23a,0,28/PartitionedOutputOperator@5095,nitroExchangeLowDictionaryReusePositions,0
[WARNING] [stderr] 2026-08-15T18:53:36.706-0600	INFO	ForkJoinPool-1-worker-1	stdout	operator_metric,nitro,tpcds-parquet-sf10,q23a,0,29/TrinoNitroPipelineSourceOperator@113,nitroOperatorConstructionNanos,20269
[WARNING] [stderr] 2026-08-15T18:53:36.706-0600	INFO	ForkJoinPool-1-worker-1	stdout	operator_metric,nitro,tpcds-parquet-sf10,q23a,0,29/TrinoNitroPipelineSourceOperator@113,nitroBoundaryNativeExchangeBytes,4500000
[WARNING] [stderr] 2026-08-15T18:53:36.706-0600	INFO	ForkJoinPool-1-worker-1	stdout	operator_metric,nitro,tpcds-parquet-sf10,q23a,0,29/TrinoNitroPipelineSourceOperator@113,nitroBoundaryNativeExchangeMaximumBatchBytes,90000
[WARNING] [stderr] 2026-08-15T18:53:36.706-0600	INFO	ForkJoinPool-1-worker-1	stdout	operator_metric,nitro,tpcds-parquet-sf10,q23a,0,29/TrinoNitroPipelineSourceOperator@113,nitroAllocatorAllocatedVectorBytes,4500000
[WARNING] [stderr] 2026-08-15T18:53:36.706-0600	INFO	ForkJoinPool-1-worker-1	stdout	operator_metric,nitro,tpcds-parquet-sf10,q23a,0,29/TrinoNitroPipelineSourceOperator@113,nitroAllocatorAllocatedBytes.NitroParquetBatchSource,4500000
[WARNING] [stderr] 2026-08-15T18:53:36.706-0600	INFO	ForkJoinPool-1-worker-1	stdout	operator_metric,nitro,tpcds-parquet-sf10,q23a,0,29/TrinoNitroPipelineSourceOperator@113,nitroAllocatorAllocatedVectorBytes.BooleanVector,500000
[WARNING] [stderr] 2026-08-15T18:53:36.706-0600	INFO	ForkJoinPool-1-worker-1	stdout	operator_metric,nitro,tpcds-parquet-sf10,q23a,0,29/TrinoNitroPipelineSourceOperator@113,nitroNativeSourceCreationNanos,106712
[WARNING] [stderr] 2026-08-15T18:53:36.706-0600	INFO	ForkJoinPool-1-worker-1	stdout	operator_metric,nitro,tpcds-parquet-sf10,q23a,0,29/TrinoNitroPipelineSourceOperator@113,nitroAllocatorAllocatedBytes,4500000
[WARNING] [stderr] 2026-08-15T18:53:36.706-0600	INFO	ForkJoinPool-1-worker-1	stdout	operator_metric,nitro,tpcds-parquet-sf10,q23a,0,29/TrinoNitroPipelineSourceOperator@113,nitroBoundaryNativeExchangePositions,500000
[WARNING] [stderr] 2026-08-15T18:53:36.706-0600	INFO	ForkJoinPool-1-worker-1	stdout	operator_metric,nitro,tpcds-parquet-sf10,q23a,0,29/TrinoNitroPipelineSourceOperator@113,nitroAllocatorAllocatedVectorBytes.I64Vector,4000000
[WARNING] [stderr] 2026-08-15T18:53:36.706-0600	INFO	ForkJoinPool-1-worker-1	stdout	operator_metric,nitro,tpcds-parquet-sf10,q23a,0,29/TrinoNitroPipelineSourceOperator@113,nitroAllocatorAllocatedBytes.trino-native-source-ingress,0
[WARNING] [stderr] 2026-08-15T18:53:36.706-0600	INFO	ForkJoinPool-1-worker-1	stdout	operator_metric,nitro,tpcds-parquet-sf10,q23a,0,29/TrinoNitroPipelineSourceOperator@113,nitroBoundaryNativeExchangeBatches,50
[WARNING] [stderr] 2026-08-15T18:53:36.706-0600	INFO	ForkJoinPool-1-worker-1	stdout	operator_metric,nitro,tpcds-parquet-sf10,q23a,0,29/PartitionedOutputOperator@113,nitroExchangePreservedPositions,0
[WARNING] [stderr] 2026-08-15T18:53:36.706-0600	INFO	ForkJoinPool-1-worker-1	stdout	operator_metric,nitro,tpcds-parquet-sf10,q23a,0,29/PartitionedOutputOperator@113,nitroRemoteOutputBufferedConversionNanos,7216797
[WARNING] [stderr] 2026-08-15T18:53:36.706-0600	INFO	ForkJoinPool-1-worker-1	stdout	operator_metric,nitro,tpcds-parquet-sf10,q23a,0,29/PartitionedOutputOperator@113,nitroRemoteOutputPartitionAssignmentNanos,0
[WARNING] [stderr] 2026-08-15T18:53:36.706-0600	INFO	ForkJoinPool-1-worker-1	stdout	operator_metric,nitro,tpcds-parquet-sf10,q23a,0,29/PartitionedOutputOperator@113,nitroRemoteOutputNativePartitionAppendNanos,0
[WARNING] [stderr] 2026-08-15T18:53:36.706-0600	INFO	ForkJoinPool-1-worker-1	stdout	operator_metric,nitro,tpcds-parquet-sf10,q23a,0,29/PartitionedOutputOperator@113,nitroExchangeInputPages,50
[WARNING] [stderr] 2026-08-15T18:53:36.706-0600	INFO	ForkJoinPool-1-worker-1	stdout	operator_metric,nitro,tpcds-parquet-sf10,q23a,0,29/PartitionedOutputOperator@113,nitroRemoteOutputNativePartitionConversionNanos,0
[WARNING] [stderr] 2026-08-15T18:53:36.706-0600	INFO	ForkJoinPool-1-worker-1	stdout	operator_metric,nitro,tpcds-parquet-sf10,q23a,0,29/PartitionedOutputOperator@113,nitroExchangeSmallPagePositions,0
[WARNING] [stderr] 2026-08-15T18:53:36.706-0600	INFO	ForkJoinPool-1-worker-1	stdout	operator_metric,nitro,tpcds-parquet-sf10,q23a,0,29/PartitionedOutputOperator@113,nitroRemoteOutputNativePartitionCopyNanos,0
[WARNING] [stderr] 2026-08-15T18:53:36.706-0600	INFO	ForkJoinPool-1-worker-1	stdout	operator_metric,nitro,tpcds-parquet-sf10,q23a,0,29/PartitionedOutputOperator@113,nitroRemoteOutputNativeBatches,0
[WARNING] [stderr] 2026-08-15T18:53:36.706-0600	INFO	ForkJoinPool-1-worker-1	stdout	operator_metric,nitro,tpcds-parquet-sf10,q23a,0,29/PartitionedOutputOperator@113,nitroExchangeInputFlatChannelPositions,500000
[WARNING] [stderr] 2026-08-15T18:53:36.707-0600	INFO	ForkJoinPool-1-worker-1	stdout	operator_metric,nitro,tpcds-parquet-sf10,q23a,0,29/PartitionedOutputOperator@113,nitroExchangeDictionaryUnsupportedPositions,0
[WARNING] [stderr] 2026-08-15T18:53:36.707-0600	INFO	ForkJoinPool-1-worker-1	stdout	operator_metric,nitro,tpcds-parquet-sf10,q23a,0,29/PartitionedOutputOperator@113,nitroExchangeInputDictionaryChannelPositions,0
[WARNING] [stderr] 2026-08-15T18:53:36.707-0600	INFO	ForkJoinPool-1-worker-1	stdout	operator_metric,nitro,tpcds-parquet-sf10,q23a,0,29/PartitionedOutputOperator@113,nitroRemoteOutputNativePartitions,0
[WARNING] [stderr] 2026-08-15T18:53:36.707-0600	INFO	ForkJoinPool-1-worker-1	stdout	operator_metric,nitro,tpcds-parquet-sf10,q23a,0,29/PartitionedOutputOperator@113,nitroRemoteOutputBufferedBatches,50
[WARNING] [stderr] 2026-08-15T18:53:36.707-0600	INFO	ForkJoinPool-1-worker-1	stdout	operator_metric,nitro,tpcds-parquet-sf10,q23a,0,29/PartitionedOutputOperator@113,nitroRemoteOutputPartitionKeyConversionNanos,0
[WARNING] [stderr] 2026-08-15T18:53:36.707-0600	INFO	ForkJoinPool-1-worker-1	stdout	operator_metric,nitro,tpcds-parquet-sf10,q23a,0,29/PartitionedOutputOperator@113,nitroExchangeRunLengthUnsupportedPositions,0
[WARNING] [stderr] 2026-08-15T18:53:36.707-0600	INFO	ForkJoinPool-1-worker-1	stdout	operator_metric,nitro,tpcds-parquet-sf10,q23a,0,29/PartitionedOutputOperator@113,nitroRemoteOutputBufferedAppendNanos,97825607
[WARNING] [stderr] 2026-08-15T18:53:36.707-0600	INFO	ForkJoinPool-1-worker-1	stdout	operator_metric,nitro,tpcds-parquet-sf10,q23a,0,29/PartitionedOutputOperator@113,nitroExchangeNoDictionaryPositions,500000
[WARNING] [stderr] 2026-08-15T18:53:36.707-0600	INFO	ForkJoinPool-1-worker-1	stdout	operator_metric,nitro,tpcds-parquet-sf10,q23a,0,29/PartitionedOutputOperator@113,nitroRemoteOutputInputPositions,500000
[WARNING] [stderr] 2026-08-15T18:53:36.707-0600	INFO	ForkJoinPool-1-worker-1	stdout	operator_metric,nitro,tpcds-parquet-sf10,q23a,0,29/PartitionedOutputOperator@113,nitroRemoteOutputTotalNanos,105324816
[WARNING] [stderr] 2026-08-15T18:53:36.707-0600	INFO	ForkJoinPool-1-worker-1	stdout	operator_metric,nitro,tpcds-parquet-sf10,q23a,0,29/PartitionedOutputOperator@113,nitroExchangeInputRunLengthChannelPositions,0
[WARNING] [stderr] 2026-08-15T18:53:36.707-0600	INFO	ForkJoinPool-1-worker-1	stdout	operator_metric,nitro,tpcds-parquet-sf10,q23a,0,29/PartitionedOutputOperator@113,nitroExchangeInputPositions,500000
[WARNING] [stderr] 2026-08-15T18:53:36.707-0600	INFO	ForkJoinPool-1-worker-1	stdout	operator_metric,nitro,tpcds-parquet-sf10,q23a,0,29/PartitionedOutputOperator@113,nitroExchangeLowDictionaryReusePositions,0
[WARNING] [stderr] 2026-08-15T18:53:36.707-0600	INFO	ForkJoinPool-1-worker-1	stdout	operator_metric,nitro,tpcds-parquet-sf10,q23a,0,30/TrinoNitroAggregationOperator@137,nitroBoundaryPageIngressFlatChannelPositions,8
[WARNING] [stderr] 2026-08-15T18:53:36.707-0600	INFO	ForkJoinPool-1-worker-1	stdout	operator_metric,nitro,tpcds-parquet-sf10,q23a,0,30/TrinoNitroAggregationOperator@137,nitroBoundaryPageEgressFlatChannelPositions,1
[WARNING] [stderr] 2026-08-15T18:53:36.707-0600	INFO	ForkJoinPool-1-worker-1	stdout	operator_metric,nitro,tpcds-parquet-sf10,q23a,0,30/TrinoNitroAggregationOperator@137,nitroBoundaryPageEgressPages,1
[WARNING] [stderr] 2026-08-15T18:53:36.707-0600	INFO	ForkJoinPool-1-worker-1	stdout	operator_metric,nitro,tpcds-parquet-sf10,q23a,0,30/TrinoNitroAggregationOperator@137,nitroBoundaryPageIngressPages,8
[WARNING] [stderr] 2026-08-15T18:53:36.707-0600	INFO	ForkJoinPool-1-worker-1	stdout	operator_metric,nitro,tpcds-parquet-sf10,q23a,0,30/TrinoNitroAggregationOperator@137,nitroAggregationInitialKeyNanos,0
[WARNING] [stderr] 2026-08-15T18:53:36.707-0600	INFO	ForkJoinPool-1-worker-1	stdout	operator_metric,nitro,tpcds-parquet-sf10,q23a,0,30/TrinoNitroAggregationOperator@137,nitroAggregationInitialEncodedKeyNanos,0
[WARNING] [stderr] 2026-08-15T18:53:36.707-0600	INFO	ForkJoinPool-1-worker-1	stdout	operator_metric,nitro,tpcds-parquet-sf10,q23a,0,30/TrinoNitroAggregationOperator@137,nitroAggregationOutputNanos,27172
[WARNING] [stderr] 2026-08-15T18:53:36.707-0600	INFO	ForkJoinPool-1-worker-1	stdout	operator_metric,nitro,tpcds-parquet-sf10,q23a,0,30/TrinoNitroAggregationOperator@137,nitroAggregationPipelineNanos,0
[WARNING] [stderr] 2026-08-15T18:53:36.707-0600	INFO	ForkJoinPool-1-worker-1	stdout	operator_metric,nitro,tpcds-parquet-sf10,q23a,0,30/TrinoNitroAggregationOperator@137,nitroAggregationGroupingNanos,0
[WARNING] [stderr] 2026-08-15T18:53:36.707-0600	INFO	ForkJoinPool-1-worker-1	stdout	operator_metric,nitro,tpcds-parquet-sf10,q23a,0,30/TrinoNitroAggregationOperator@137,nitroAggregationAccumulationNanos,0
[WARNING] [stderr] 2026-08-15T18:53:36.707-0600	INFO	ForkJoinPool-1-worker-1	stdout	operator_metric,nitro,tpcds-parquet-sf10,q23a,0,30/TrinoNitroAggregationOperator@137,nitroBoundaryPageEgressBytes,17
[WARNING] [stderr] 2026-08-15T18:53:36.707-0600	INFO	ForkJoinPool-1-worker-1	stdout	operator_metric,nitro,tpcds-parquet-sf10,q23a,0,30/TrinoNitroAggregationOperator@137,nitroBoundaryNativeEgressDictionaryChannelPositions,0
[WARNING] [stderr] 2026-08-15T18:53:36.707-0600	INFO	ForkJoinPool-1-worker-1	stdout	operator_metric,nitro,tpcds-parquet-sf10,q23a,0,30/TrinoNitroAggregationOperator@137,nitroAggregationFusedNanos,0
[WARNING] [stderr] 2026-08-15T18:53:36.707-0600	INFO	ForkJoinPool-1-worker-1	stdout	operator_metric,nitro,tpcds-parquet-sf10,q23a,0,30/TrinoNitroAggregationOperator@137,nitroAggregationFlushNanos,0
[WARNING] [stderr] 2026-08-15T18:53:36.707-0600	INFO	ForkJoinPool-1-worker-1	stdout	operator_metric,nitro,tpcds-parquet-sf10,q23a,0,30/TrinoNitroAggregationOperator@137,nitroBoundaryPageEgressPositions,1
[WARNING] [stderr] 2026-08-15T18:53:36.707-0600	INFO	ForkJoinPool-1-worker-1	stdout	operator_metric,nitro,tpcds-parquet-sf10,q23a,0,30/TrinoNitroAggregationOperator@137,nitroBoundaryPageIngressBytes,136
[WARNING] [stderr] 2026-08-15T18:53:36.707-0600	INFO	ForkJoinPool-1-worker-1	stdout	operator_metric,nitro,tpcds-parquet-sf10,q23a,0,30/TrinoNitroAggregationOperator@137,nitroBoundaryPageIngressPositions,8
[WARNING] [stderr] 2026-08-15T18:53:36.707-0600	INFO	ForkJoinPool-1-worker-1	stdout	operator_metric,nitro,tpcds-parquet-sf10,q23a,0,30/TrinoNitroAggregationOperator@137,nitroBoundaryPageIngressDictionaryChannelPositions,0
[WARNING] [stderr] 2026-08-15T18:53:36.707-0600	INFO	ForkJoinPool-1-worker-1	stdout	operator_metric,nitro,tpcds-parquet-sf10,q23a,0,30/TrinoNitroAggregationOperator@137,nitroBoundaryPageEgressDictionaryChannelPositions,0
[WARNING] [stderr] 2026-08-15T18:53:36.707-0600	INFO	ForkJoinPool-1-worker-1	stdout	operator_metric,nitro,tpcds-parquet-sf10,q23a,0,30/TrinoNitroAggregationOperator@137,nitroAggregationInputNanos,205480
[WARNING] [stderr] 2026-08-15T18:53:36.707-0600	INFO	ForkJoinPool-1-worker-1	stdout	operator_metric,nitro,tpcds-parquet-sf10,q23a,0,30/TrinoNitroAggregationOperator@137,nitroAggregationInitialAggregationNanos,0
[WARNING] [stderr] 2026-08-15T18:53:36.707-0600	INFO	ForkJoinPool-1-worker-1	stdout	operator_metric,nitro,tpcds-parquet-sf10,q23a,0,30/TrinoNitroAggregationOperator@137,nitroBoundaryPageEgressRunLengthChannelPositions,0
[WARNING] [stderr] 2026-08-15T18:53:36.707-0600	INFO	ForkJoinPool-1-worker-1	stdout	operator_metric,nitro,tpcds-parquet-sf10,q23a,0,30/TrinoNitroAggregationOperator@137,nitroBoundaryPageIngressRunLengthChannelPositions,0
[WARNING] [stderr] 2026-08-15T18:53:36.707-0600	INFO	ForkJoinPool-1-worker-1	stdout	operator_metric,nitro,tpcds-parquet-sf10,q23a,0,30/TrinoNitroAggregationOperator@137,nitroAggregationInitialFlatKeyNanos,0
[WARNING] [stderr] 2026-08-15T18:53:36.707-0600	INFO	ForkJoinPool-1-worker-1	stdout	operator_metric,nitro,tpcds-parquet-sf10,q23a,0,30/TrinoNitroAggregationOperator@137,nitroBoundaryNativeEgressRunLengthChannelPositions,0
[WARNING] [stderr] 2026-08-15T18:53:36.708-0600	INFO	ForkJoinPool-1-worker-1	stdout	operator_metric,nitro,tpcds-parquet-sf10,q23a,0,30/TrinoNitroAggregationOperator@137,nitroAggregationStatePreparationNanos,0
[WARNING] [stderr] 2026-08-15T18:53:36.708-0600	INFO	ForkJoinPool-1-worker-1	stdout	operator_metric,nitro,tpcds-parquet-sf10,q23a,0,30/TrinoNitroAggregationOperator@137,nitroBoundaryNativeEgressFlatChannelPositions,1
[WARNING] [stderr] 2026-08-15T18:53:36.708-0600	INFO	ForkJoinPool-1-worker-1	stdout	operator_metric,nitro,tpcds-parquet-sf10,q23a,0,3/PartitionedOutputOperator@2,nitroExchangePreservedPositions,0
[WARNING] [stderr] 2026-08-15T18:53:36.708-0600	INFO	ForkJoinPool-1-worker-1	stdout	operator_metric,nitro,tpcds-parquet-sf10,q23a,0,3/PartitionedOutputOperator@2,nitroRemoteOutputPartitionAssignmentNanos,0
[WARNING] [stderr] 2026-08-15T18:53:36.708-0600	INFO	ForkJoinPool-1-worker-1	stdout	operator_metric,nitro,tpcds-parquet-sf10,q23a,0,3/PartitionedOutputOperator@2,nitroRemoteOutputBufferedConversionNanos,385368
[WARNING] [stderr] 2026-08-15T18:53:36.708-0600	INFO	ForkJoinPool-1-worker-1	stdout	operator_metric,nitro,tpcds-parquet-sf10,q23a,0,3/PartitionedOutputOperator@2,nitroRemoteOutputNativePartitionAppendNanos,0
[WARNING] [stderr] 2026-08-15T18:53:36.708-0600	INFO	ForkJoinPool-1-worker-1	stdout	operator_metric,nitro,tpcds-parquet-sf10,q23a,0,3/PartitionedOutputOperator@2,nitroRemoteOutputNativePartitionConversionNanos,0
[WARNING] [stderr] 2026-08-15T18:53:36.708-0600	INFO	ForkJoinPool-1-worker-1	stdout	operator_metric,nitro,tpcds-parquet-sf10,q23a,0,3/PartitionedOutputOperator@2,nitroExchangeInputPages,21
[WARNING] [stderr] 2026-08-15T18:53:36.708-0600	INFO	ForkJoinPool-1-worker-1	stdout	operator_metric,nitro,tpcds-parquet-sf10,q23a,0,3/PartitionedOutputOperator@2,nitroExchangeSmallPagePositions,0
[WARNING] [stderr] 2026-08-15T18:53:36.708-0600	INFO	ForkJoinPool-1-worker-1	stdout	operator_metric,nitro,tpcds-parquet-sf10,q23a,0,3/PartitionedOutputOperator@2,nitroExchangeInputFlatChannelPositions,524988
[WARNING] [stderr] 2026-08-15T18:53:36.708-0600	INFO	ForkJoinPool-1-worker-1	stdout	operator_metric,nitro,tpcds-parquet-sf10,q23a,0,3/PartitionedOutputOperator@2,nitroExchangeDictionaryUnsupportedPositions,0
[WARNING] [stderr] 2026-08-15T18:53:36.708-0600	INFO	ForkJoinPool-1-worker-1	stdout	operator_metric,nitro,tpcds-parquet-sf10,q23a,0,3/PartitionedOutputOperator@2,nitroRemoteOutputNativeBatches,0
[WARNING] [stderr] 2026-08-15T18:53:36.708-0600	INFO	ForkJoinPool-1-worker-1	stdout	operator_metric,nitro,tpcds-parquet-sf10,q23a,0,3/PartitionedOutputOperator@2,nitroRemoteOutputNativePartitionCopyNanos,0
[WARNING] [stderr] 2026-08-15T18:53:36.708-0600	INFO	ForkJoinPool-1-worker-1	stdout	operator_metric,nitro,tpcds-parquet-sf10,q23a,0,3/PartitionedOutputOperator@2,nitroExchangeInputDictionaryChannelPositions,0
[WARNING] [stderr] 2026-08-15T18:53:36.708-0600	INFO	ForkJoinPool-1-worker-1	stdout	operator_metric,nitro,tpcds-parquet-sf10,q23a,0,3/PartitionedOutputOperator@2,nitroRemoteOutputNativePartitions,0
[WARNING] [stderr] 2026-08-15T18:53:36.708-0600	INFO	ForkJoinPool-1-worker-1	stdout	operator_metric,nitro,tpcds-parquet-sf10,q23a,0,3/PartitionedOutputOperator@2,nitroRemoteOutputBufferedBatches,21
[WARNING] [stderr] 2026-08-15T18:53:36.708-0600	INFO	ForkJoinPool-1-worker-1	stdout	operator_metric,nitro,tpcds-parquet-sf10,q23a,0,3/PartitionedOutputOperator@2,nitroRemoteOutputPartitionKeyConversionNanos,0
[WARNING] [stderr] 2026-08-15T18:53:36.708-0600	INFO	ForkJoinPool-1-worker-1	stdout	operator_metric,nitro,tpcds-parquet-sf10,q23a,0,3/PartitionedOutputOperator@2,nitroExchangeRunLengthUnsupportedPositions,0
[WARNING] [stderr] 2026-08-15T18:53:36.708-0600	INFO	ForkJoinPool-1-worker-1	stdout	operator_metric,nitro,tpcds-parquet-sf10,q23a,0,3/PartitionedOutputOperator@2,nitroRemoteOutputBufferedAppendNanos,3030153
[WARNING] [stderr] 2026-08-15T18:53:36.708-0600	INFO	ForkJoinPool-1-worker-1	stdout	operator_metric,nitro,tpcds-parquet-sf10,q23a,0,3/PartitionedOutputOperator@2,nitroRemoteOutputTotalNanos,3459225
[WARNING] [stderr] 2026-08-15T18:53:36.708-0600	INFO	ForkJoinPool-1-worker-1	stdout	operator_metric,nitro,tpcds-parquet-sf10,q23a,0,3/PartitionedOutputOperator@2,nitroRemoteOutputInputPositions,131247
[WARNING] [stderr] 2026-08-15T18:53:36.708-0600	INFO	ForkJoinPool-1-worker-1	stdout	operator_metric,nitro,tpcds-parquet-sf10,q23a,0,3/PartitionedOutputOperator@2,nitroExchangeInputRunLengthChannelPositions,0
[WARNING] [stderr] 2026-08-15T18:53:36.708-0600	INFO	ForkJoinPool-1-worker-1	stdout	operator_metric,nitro,tpcds-parquet-sf10,q23a,0,3/PartitionedOutputOperator@2,nitroExchangeNoDictionaryPositions,131247
[WARNING] [stderr] 2026-08-15T18:53:36.708-0600	INFO	ForkJoinPool-1-worker-1	stdout	operator_metric,nitro,tpcds-parquet-sf10,q23a,0,3/PartitionedOutputOperator@2,nitroExchangeInputPositions,131247
[WARNING] [stderr] 2026-08-15T18:53:36.708-0600	INFO	ForkJoinPool-1-worker-1	stdout	operator_metric,nitro,tpcds-parquet-sf10,q23a,0,3/PartitionedOutputOperator@2,nitroExchangeLowDictionaryReusePositions,0
[WARNING] [stderr] 2026-08-15T18:53:36.708-0600	INFO	ForkJoinPool-1-worker-1	stdout	operator_metric,nitro,tpcds-parquet-sf10,q23a,0,3/TrinoNitroHashJoinOperator@2,nitroBoundaryPageIngressBytes,375494892
[WARNING] [stderr] 2026-08-15T18:53:36.708-0600	INFO	ForkJoinPool-1-worker-1	stdout	operator_metric,nitro,tpcds-parquet-sf10,q23a,0,3/TrinoNitroHashJoinOperator@2,nitroBoundaryPageIngressDictionaryChannelPositions,0
[WARNING] [stderr] 2026-08-15T18:53:36.708-0600	INFO	ForkJoinPool-1-worker-1	stdout	operator_metric,nitro,tpcds-parquet-sf10,q23a,0,3/TrinoNitroHashJoinOperator@2,nitroBoundaryPageIngressRunLengthChannelPositions,0
[WARNING] [stderr] 2026-08-15T18:53:36.708-0600	INFO	ForkJoinPool-1-worker-1	stdout	operator_metric,nitro,tpcds-parquet-sf10,q23a,0,3/TrinoNitroHashJoinOperator@2,nitroBoundaryNativeExchangePositions,131247
[WARNING] [stderr] 2026-08-15T18:53:36.708-0600	INFO	ForkJoinPool-1-worker-1	stdout	operator_metric,nitro,tpcds-parquet-sf10,q23a,0,3/TrinoNitroHashJoinOperator@2,nitroBoundaryNativeExchangeBytes,4068088
[WARNING] [stderr] 2026-08-15T18:53:36.708-0600	INFO	ForkJoinPool-1-worker-1	stdout	operator_metric,nitro,tpcds-parquet-sf10,q23a,0,3/TrinoNitroHashJoinOperator@2,nitroBoundaryNativeExchangeBatches,21
[WARNING] [stderr] 2026-08-15T18:53:36.708-0600	INFO	ForkJoinPool-1-worker-1	stdout	operator_metric,nitro,tpcds-parquet-sf10,q23a,0,3/TrinoNitroHashJoinOperator@2,nitroBoundaryPageIngressFlatChannelPositions,45792060
[WARNING] [stderr] 2026-08-15T18:53:36.708-0600	INFO	ForkJoinPool-1-worker-1	stdout	operator_metric,nitro,tpcds-parquet-sf10,q23a,0,3/TrinoNitroHashJoinOperator@2,nitroBoundaryNativeExchangeMaximumBatchBytes,747208
[WARNING] [stderr] 2026-08-15T18:53:36.708-0600	INFO	ForkJoinPool-1-worker-1	stdout	operator_metric,nitro,tpcds-parquet-sf10,q23a,0,3/TrinoNitroHashJoinOperator@2,nitroBoundaryPageIngressPositions,9158412
[WARNING] [stderr] 2026-08-15T18:53:36.708-0600	INFO	ForkJoinPool-1-worker-1	stdout	operator_metric,nitro,tpcds-parquet-sf10,q23a,0,3/TrinoNitroHashJoinOperator@2,nitroBoundaryPageIngressPages,325
[WARNING] [stderr] 2026-08-15T18:53:36.708-0600	INFO	ForkJoinPool-1-worker-1	stdout	operator_metric,nitro,tpcds-parquet-sf10,q23a,0,6/PartitionedOutputOperator@5,nitroExchangePreservedPositions,16380595
[WARNING] [stderr] 2026-08-15T18:53:36.708-0600	INFO	ForkJoinPool-1-worker-1	stdout	operator_metric,nitro,tpcds-parquet-sf10,q23a,0,6/PartitionedOutputOperator@5,nitroRemoteOutputPartitionAssignmentNanos,0
[WARNING] [stderr] 2026-08-15T18:53:36.708-0600	INFO	ForkJoinPool-1-worker-1	stdout	operator_metric,nitro,tpcds-parquet-sf10,q23a,0,6/PartitionedOutputOperator@5,nitroRemoteOutputBufferedConversionNanos,61816900
[WARNING] [stderr] 2026-08-15T18:53:36.708-0600	INFO	ForkJoinPool-1-worker-1	stdout	operator_metric,nitro,tpcds-parquet-sf10,q23a,0,6/PartitionedOutputOperator@5,nitroRemoteOutputNativePartitionAppendNanos,0
[WARNING] [stderr] 2026-08-15T18:53:36.708-0600	INFO	ForkJoinPool-1-worker-1	stdout	operator_metric,nitro,tpcds-parquet-sf10,q23a,0,6/PartitionedOutputOperator@5,nitroRemoteOutputNativePartitionConversionNanos,0
[WARNING] [stderr] 2026-08-15T18:53:36.708-0600	INFO	ForkJoinPool-1-worker-1	stdout	operator_metric,nitro,tpcds-parquet-sf10,q23a,0,6/PartitionedOutputOperator@5,nitroExchangeInputPages,2033
[WARNING] [stderr] 2026-08-15T18:53:36.708-0600	INFO	ForkJoinPool-1-worker-1	stdout	operator_metric,nitro,tpcds-parquet-sf10,q23a,0,6/PartitionedOutputOperator@5,nitroExchangeSmallPagePositions,0
[WARNING] [stderr] 2026-08-15T18:53:36.708-0600	INFO	ForkJoinPool-1-worker-1	stdout	operator_metric,nitro,tpcds-parquet-sf10,q23a,0,6/PartitionedOutputOperator@5,nitroExchangeInputFlatChannelPositions,16728965
[WARNING] [stderr] 2026-08-15T18:53:36.708-0600	INFO	ForkJoinPool-1-worker-1	stdout	operator_metric,nitro,tpcds-parquet-sf10,q23a,0,6/PartitionedOutputOperator@5,nitroExchangeDictionaryUnsupportedPositions,0
[WARNING] [stderr] 2026-08-15T18:53:36.708-0600	INFO	ForkJoinPool-1-worker-1	stdout	operator_metric,nitro,tpcds-parquet-sf10,q23a,0,6/PartitionedOutputOperator@5,nitroRemoteOutputNativeBatches,0
[WARNING] [stderr] 2026-08-15T18:53:36.708-0600	INFO	ForkJoinPool-1-worker-1	stdout	operator_metric,nitro,tpcds-parquet-sf10,q23a,0,6/PartitionedOutputOperator@5,nitroRemoteOutputNativePartitionCopyNanos,0
[WARNING] [stderr] 2026-08-15T18:53:36.708-0600	INFO	ForkJoinPool-1-worker-1	stdout	operator_metric,nitro,tpcds-parquet-sf10,q23a,0,6/PartitionedOutputOperator@5,nitroExchangeInputDictionaryChannelPositions,16380595
[WARNING] [stderr] 2026-08-15T18:53:36.708-0600	INFO	ForkJoinPool-1-worker-1	stdout	operator_metric,nitro,tpcds-parquet-sf10,q23a,0,6/PartitionedOutputOperator@5,nitroRemoteOutputNativePartitions,0
[WARNING] [stderr] 2026-08-15T18:53:36.708-0600	INFO	ForkJoinPool-1-worker-1	stdout	operator_metric,nitro,tpcds-parquet-sf10,q23a,0,6/PartitionedOutputOperator@5,nitroRemoteOutputBufferedBatches,2033
[WARNING] [stderr] 2026-08-15T18:53:36.708-0600	INFO	ForkJoinPool-1-worker-1	stdout	operator_metric,nitro,tpcds-parquet-sf10,q23a,0,6/PartitionedOutputOperator@5,nitroRemoteOutputPartitionKeyConversionNanos,0
[WARNING] [stderr] 2026-08-15T18:53:36.708-0600	INFO	ForkJoinPool-1-worker-1	stdout	operator_metric,nitro,tpcds-parquet-sf10,q23a,0,6/PartitionedOutputOperator@5,nitroExchangeRunLengthUnsupportedPositions,0
[WARNING] [stderr] 2026-08-15T18:53:36.708-0600	INFO	ForkJoinPool-1-worker-1	stdout	operator_metric,nitro,tpcds-parquet-sf10,q23a,0,6/PartitionedOutputOperator@5,nitroRemoteOutputBufferedAppendNanos,339590108
[WARNING] [stderr] 2026-08-15T18:53:36.708-0600	INFO	ForkJoinPool-1-worker-1	stdout	operator_metric,nitro,tpcds-parquet-sf10,q23a,0,6/PartitionedOutputOperator@5,nitroRemoteOutputTotalNanos,407847716
[WARNING] [stderr] 2026-08-15T18:53:36.708-0600	INFO	ForkJoinPool-1-worker-1	stdout	operator_metric,nitro,tpcds-parquet-sf10,q23a,0,6/PartitionedOutputOperator@5,nitroRemoteOutputInputPositions,16554780
[WARNING] [stderr] 2026-08-15T18:53:36.708-0600	INFO	ForkJoinPool-1-worker-1	stdout	operator_metric,nitro,tpcds-parquet-sf10,q23a,0,6/PartitionedOutputOperator@5,nitroExchangeInputRunLengthChannelPositions,0
[WARNING] [stderr] 2026-08-15T18:53:36.708-0600	INFO	ForkJoinPool-1-worker-1	stdout	operator_metric,nitro,tpcds-parquet-sf10,q23a,0,6/PartitionedOutputOperator@5,nitroExchangeNoDictionaryPositions,174185
[WARNING] [stderr] 2026-08-15T18:53:36.708-0600	INFO	ForkJoinPool-1-worker-1	stdout	operator_metric,nitro,tpcds-parquet-sf10,q23a,0,6/PartitionedOutputOperator@5,nitroExchangeInputPositions,16554780
[WARNING] [stderr] 2026-08-15T18:53:36.708-0600	INFO	ForkJoinPool-1-worker-1	stdout	operator_metric,nitro,tpcds-parquet-sf10,q23a,0,6/PartitionedOutputOperator@5,nitroExchangeLowDictionaryReusePositions,0
[WARNING] [stderr] 2026-08-15T18:53:36.708-0600	INFO	ForkJoinPool-1-worker-1	stdout	operator_metric,nitro,tpcds-parquet-sf10,q23a,0,6/TrinoNitroHashJoinOperator@5,nitroBoundaryPageIngressBytes,393841854
[WARNING] [stderr] 2026-08-15T18:53:36.708-0600	INFO	ForkJoinPool-1-worker-1	stdout	operator_metric,nitro,tpcds-parquet-sf10,q23a,0,6/TrinoNitroHashJoinOperator@5,nitroBoundaryPageIngressDictionaryChannelPositions,0
[WARNING] [stderr] 2026-08-15T18:53:36.708-0600	INFO	ForkJoinPool-1-worker-1	stdout	operator_metric,nitro,tpcds-parquet-sf10,q23a,0,6/TrinoNitroHashJoinOperator@5,nitroBoundaryPageIngressRunLengthChannelPositions,0
[WARNING] [stderr] 2026-08-15T18:53:36.708-0600	INFO	ForkJoinPool-1-worker-1	stdout	operator_metric,nitro,tpcds-parquet-sf10,q23a,0,6/TrinoNitroHashJoinOperator@5,nitroBoundaryNativeExchangePositions,16554780
[WARNING] [stderr] 2026-08-15T18:53:36.708-0600	INFO	ForkJoinPool-1-worker-1	stdout	operator_metric,nitro,tpcds-parquet-sf10,q23a,0,6/TrinoNitroHashJoinOperator@5,nitroBoundaryNativeExchangeBytes,204613730
[WARNING] [stderr] 2026-08-15T18:53:36.708-0600	INFO	ForkJoinPool-1-worker-1	stdout	operator_metric,nitro,tpcds-parquet-sf10,q23a,0,6/TrinoNitroHashJoinOperator@5,nitroBoundaryNativeExchangeBatches,2033
[WARNING] [stderr] 2026-08-15T18:53:36.708-0600	INFO	ForkJoinPool-1-worker-1	stdout	operator_metric,nitro,tpcds-parquet-sf10,q23a,0,6/TrinoNitroHashJoinOperator@5,nitroBoundaryPageIngressFlatChannelPositions,43760206
[WARNING] [stderr] 2026-08-15T18:53:36.708-0600	INFO	ForkJoinPool-1-worker-1	stdout	operator_metric,nitro,tpcds-parquet-sf10,q23a,0,6/TrinoNitroHashJoinOperator@5,nitroBoundaryNativeExchangeMaximumBatchBytes,983456
[WARNING] [stderr] 2026-08-15T18:53:36.708-0600	INFO	ForkJoinPool-1-worker-1	stdout	operator_metric,nitro,tpcds-parquet-sf10,q23a,0,6/TrinoNitroHashJoinOperator@5,nitroBoundaryPageIngressPositions,21880103
[WARNING] [stderr] 2026-08-15T18:53:36.708-0600	INFO	ForkJoinPool-1-worker-1	stdout	operator_metric,nitro,tpcds-parquet-sf10,q23a,0,6/TrinoNitroHashJoinOperator@5,nitroBoundaryPageIngressPages,622
[WARNING] [stderr] 2026-08-15T18:53:36.708-0600	INFO	ForkJoinPool-1-worker-1	stdout	operator_metric,nitro,tpcds-parquet-sf10,q23a,0,9/TrinoNitroPipelineSourceOperator@6,nitroAllocatorAllocatedBytes.trino-native-exchange-boundary,1117873
[WARNING] [stderr] 2026-08-15T18:53:36.708-0600	INFO	ForkJoinPool-1-worker-1	stdout	operator_metric,nitro,tpcds-parquet-sf10,q23a,0,9/TrinoNitroPipelineSourceOperator@6,nitroAllocatorAllocatedBytes.trino-native-source-ingress,0
[WARNING] [stderr] 2026-08-15T18:53:36.708-0600	INFO	ForkJoinPool-1-worker-1	stdout	operator_metric,nitro,tpcds-parquet-sf10,q23a,0,9/TrinoNitroPipelineSourceOperator@6,nitroOperatorConstructionNanos,26511
[WARNING] [stderr] 2026-08-15T18:53:36.708-0600	INFO	ForkJoinPool-1-worker-1	stdout	operator_metric,nitro,tpcds-parquet-sf10,q23a,0,9/TrinoNitroPipelineSourceOperator@6,nitroAllocatorAllocatedVectorBytes.I32Vector,40000
[WARNING] [stderr] 2026-08-15T18:53:36.708-0600	INFO	ForkJoinPool-1-worker-1	stdout	operator_metric,nitro,tpcds-parquet-sf10,q23a,0,9/TrinoNitroPipelineSourceOperator@6,nitroAllocatorAllocatedBytes.NitroParquetBatchSource,21766515
[WARNING] [stderr] 2026-08-15T18:53:36.708-0600	INFO	ForkJoinPool-1-worker-1	stdout	operator_metric,nitro,tpcds-parquet-sf10,q23a,0,9/TrinoNitroPipelineSourceOperator@6,nitroBoundaryNativeExchangePositions,102000
[WARNING] [stderr] 2026-08-15T18:53:36.708-0600	INFO	ForkJoinPool-1-worker-1	stdout	operator_metric,nitro,tpcds-parquet-sf10,q23a,0,9/TrinoNitroPipelineSourceOperator@6,nitroAllocatorAllocatedBytes,22884388
[WARNING] [stderr] 2026-08-15T18:53:36.708-0600	INFO	ForkJoinPool-1-worker-1	stdout	operator_metric,nitro,tpcds-parquet-sf10,q23a,0,9/TrinoNitroPipelineSourceOperator@6,nitroAllocatorAllocatedVectorBytes.BinaryVector,21784388
[WARNING] [stderr] 2026-08-15T18:53:36.708-0600	INFO	ForkJoinPool-1-worker-1	stdout	operator_metric,nitro,tpcds-parquet-sf10,q23a,0,9/TrinoNitroPipelineSourceOperator@6,nitroBoundaryNativeExchangeBatches,11
[WARNING] [stderr] 2026-08-15T18:53:36.708-0600	INFO	ForkJoinPool-1-worker-1	stdout	operator_metric,nitro,tpcds-parquet-sf10,q23a,0,9/TrinoNitroPipelineSourceOperator@6,nitroAllocatorAllocatedVectorBytes.I64Vector,816000
[WARNING] [stderr] 2026-08-15T18:53:36.708-0600	INFO	ForkJoinPool-1-worker-1	stdout	operator_metric,nitro,tpcds-parquet-sf10,q23a,0,9/TrinoNitroPipelineSourceOperator@6,nitroNativeSourceCreationNanos,612038
[WARNING] [stderr] 2026-08-15T18:53:36.708-0600	INFO	ForkJoinPool-1-worker-1	stdout	operator_metric,nitro,tpcds-parquet-sf10,q23a,0,9/TrinoNitroPipelineSourceOperator@6,nitroAllocatorAllocatedVectorBytes.BooleanVector,204000
[WARNING] [stderr] 2026-08-15T18:53:36.708-0600	INFO	ForkJoinPool-1-worker-1	stdout	operator_metric,nitro,tpcds-parquet-sf10,q23a,0,9/TrinoNitroPipelineSourceOperator@6,nitroAllocatorAllocatedVectorBytes,22884388
[WARNING] [stderr] 2026-08-15T18:53:36.708-0600	INFO	ForkJoinPool-1-worker-1	stdout	operator_metric,nitro,tpcds-parquet-sf10,q23a,0,9/TrinoNitroPipelineSourceOperator@6,nitroBoundaryNativeExchangeBytes,19224979
[WARNING] [stderr] 2026-08-15T18:53:36.708-0600	INFO	ForkJoinPool-1-worker-1	stdout	operator_metric,nitro,tpcds-parquet-sf10,q23a,0,9/TrinoNitroPipelineSourceOperator@6,nitroAllocatorAllocatedVectorBytes.DictionaryVector,40000
[WARNING] [stderr] 2026-08-15T18:53:36.708-0600	INFO	ForkJoinPool-1-worker-1	stdout	operator_metric,nitro,tpcds-parquet-sf10,q23a,0,9/TrinoNitroPipelineSourceOperator@6,nitroBoundaryNativeExchangeMaximumBatchBytes,2293814
[WARNING] [stderr] 2026-08-15T18:53:36.708-0600	INFO	ForkJoinPool-1-worker-1	stdout	operator_metric,nitro,tpcds-parquet-sf10,q23a,0,9/PartitionedOutputOperator@6,nitroExchangePreservedPositions,0
[WARNING] [stderr] 2026-08-15T18:53:36.708-0600	INFO	ForkJoinPool-1-worker-1	stdout	operator_metric,nitro,tpcds-parquet-sf10,q23a,0,9/PartitionedOutputOperator@6,nitroRemoteOutputBufferedConversionNanos,7315132
[WARNING] [stderr] 2026-08-15T18:53:36.708-0600	INFO	ForkJoinPool-1-worker-1	stdout	operator_metric,nitro,tpcds-parquet-sf10,q23a,0,9/PartitionedOutputOperator@6,nitroRemoteOutputPartitionAssignmentNanos,0
[WARNING] [stderr] 2026-08-15T18:53:36.708-0600	INFO	ForkJoinPool-1-worker-1	stdout	operator_metric,nitro,tpcds-parquet-sf10,q23a,0,9/PartitionedOutputOperator@6,nitroRemoteOutputNativePartitionAppendNanos,0
[WARNING] [stderr] 2026-08-15T18:53:36.708-0600	INFO	ForkJoinPool-1-worker-1	stdout	operator_metric,nitro,tpcds-parquet-sf10,q23a,0,9/PartitionedOutputOperator@6,nitroExchangeInputPages,11
[WARNING] [stderr] 2026-08-15T18:53:36.708-0600	INFO	ForkJoinPool-1-worker-1	stdout	operator_metric,nitro,tpcds-parquet-sf10,q23a,0,9/PartitionedOutputOperator@6,nitroRemoteOutputNativePartitionConversionNanos,0
[WARNING] [stderr] 2026-08-15T18:53:36.708-0600	INFO	ForkJoinPool-1-worker-1	stdout	operator_metric,nitro,tpcds-parquet-sf10,q23a,0,9/PartitionedOutputOperator@6,nitroExchangeSmallPagePositions,0
[WARNING] [stderr] 2026-08-15T18:53:36.708-0600	INFO	ForkJoinPool-1-worker-1	stdout	operator_metric,nitro,tpcds-parquet-sf10,q23a,0,9/PartitionedOutputOperator@6,nitroRemoteOutputNativePartitionCopyNanos,0
[WARNING] [stderr] 2026-08-15T18:53:36.708-0600	INFO	ForkJoinPool-1-worker-1	stdout	operator_metric,nitro,tpcds-parquet-sf10,q23a,0,9/PartitionedOutputOperator@6,nitroRemoteOutputNativeBatches,0
[WARNING] [stderr] 2026-08-15T18:53:36.708-0600	INFO	ForkJoinPool-1-worker-1	stdout	operator_metric,nitro,tpcds-parquet-sf10,q23a,0,9/PartitionedOutputOperator@6,nitroExchangeInputFlatChannelPositions,204000
[WARNING] [stderr] 2026-08-15T18:53:36.708-0600	INFO	ForkJoinPool-1-worker-1	stdout	operator_metric,nitro,tpcds-parquet-sf10,q23a,0,9/PartitionedOutputOperator@6,nitroExchangeDictionaryUnsupportedPositions,0
[WARNING] [stderr] 2026-08-15T18:53:36.708-0600	INFO	ForkJoinPool-1-worker-1	stdout	operator_metric,nitro,tpcds-parquet-sf10,q23a,0,9/PartitionedOutputOperator@6,nitroExchangeInputDictionaryChannelPositions,0
[WARNING] [stderr] 2026-08-15T18:53:36.708-0600	INFO	ForkJoinPool-1-worker-1	stdout	operator_metric,nitro,tpcds-parquet-sf10,q23a,0,9/PartitionedOutputOperator@6,nitroRemoteOutputNativePartitions,0
[WARNING] [stderr] 2026-08-15T18:53:36.708-0600	INFO	ForkJoinPool-1-worker-1	stdout	operator_metric,nitro,tpcds-parquet-sf10,q23a,0,9/PartitionedOutputOperator@6,nitroRemoteOutputBufferedBatches,11
[WARNING] [stderr] 2026-08-15T18:53:36.708-0600	INFO	ForkJoinPool-1-worker-1	stdout	operator_metric,nitro,tpcds-parquet-sf10,q23a,0,9/PartitionedOutputOperator@6,nitroRemoteOutputPartitionKeyConversionNanos,0
[WARNING] [stderr] 2026-08-15T18:53:36.708-0600	INFO	ForkJoinPool-1-worker-1	stdout	operator_metric,nitro,tpcds-parquet-sf10,q23a,0,9/PartitionedOutputOperator@6,nitroExchangeRunLengthUnsupportedPositions,0
[WARNING] [stderr] 2026-08-15T18:53:36.708-0600	INFO	ForkJoinPool-1-worker-1	stdout	operator_metric,nitro,tpcds-parquet-sf10,q23a,0,9/PartitionedOutputOperator@6,nitroRemoteOutputBufferedAppendNanos,23865852
[WARNING] [stderr] 2026-08-15T18:53:36.708-0600	INFO	ForkJoinPool-1-worker-1	stdout	operator_metric,nitro,tpcds-parquet-sf10,q23a,0,9/PartitionedOutputOperator@6,nitroExchangeNoDictionaryPositions,102000
[WARNING] [stderr] 2026-08-15T18:53:36.708-0600	INFO	ForkJoinPool-1-worker-1	stdout	operator_metric,nitro,tpcds-parquet-sf10,q23a,0,9/PartitionedOutputOperator@6,nitroRemoteOutputInputPositions,102000
[WARNING] [stderr] 2026-08-15T18:53:36.708-0600	INFO	ForkJoinPool-1-worker-1	stdout	operator_metric,nitro,tpcds-parquet-sf10,q23a,0,9/PartitionedOutputOperator@6,nitroRemoteOutputTotalNanos,31265032
[WARNING] [stderr] 2026-08-15T18:53:36.708-0600	INFO	ForkJoinPool-1-worker-1	stdout	operator_metric,nitro,tpcds-parquet-sf10,q23a,0,9/PartitionedOutputOperator@6,nitroExchangeInputRunLengthChannelPositions,0
[WARNING] [stderr] 2026-08-15T18:53:36.708-0600	INFO	ForkJoinPool-1-worker-1	stdout	operator_metric,nitro,tpcds-parquet-sf10,q23a,0,9/PartitionedOutputOperator@6,nitroExchangeInputPositions,102000
[WARNING] [stderr] 2026-08-15T18:53:36.708-0600	INFO	ForkJoinPool-1-worker-1	stdout	operator_metric,nitro,tpcds-parquet-sf10,q23a,0,9/PartitionedOutputOperator@6,nitroExchangeLowDictionaryReusePositions,0
[WARNING] [stderr] 2026-08-15T18:53:36.708-0600	INFO	ForkJoinPool-1-worker-1	stdout	operator_metric,nitro,tpcds-parquet-sf10,q23a,0,13/TrinoNitroAggregationOperator@6110,nitroBoundaryPageEgressPositions,8
[WARNING] [stderr] 2026-08-15T18:53:36.708-0600	INFO	ForkJoinPool-1-worker-1	stdout	operator_metric,nitro,tpcds-parquet-sf10,q23a,0,13/TrinoNitroAggregationOperator@6110,nitroProjectionRunLengthInputPositions,0
[WARNING] [stderr] 2026-08-15T18:53:36.708-0600	INFO	ForkJoinPool-1-worker-1	stdout	operator_metric,nitro,tpcds-parquet-sf10,q23a,0,13/TrinoNitroAggregationOperator@6110,nitroProjectionDictionaryNullExpansionPositions,0
[WARNING] [stderr] 2026-08-15T18:53:36.708-0600	INFO	ForkJoinPool-1-worker-1	stdout	operator_metric,nitro,tpcds-parquet-sf10,q23a,0,13/TrinoNitroAggregationOperator@6110,nitroProjectionIntegerWideningPositions,0
[WARNING] [stderr] 2026-08-15T18:53:36.708-0600	INFO	ForkJoinPool-1-worker-1	stdout	operator_metric,nitro,tpcds-parquet-sf10,q23a,0,13/TrinoNitroAggregationOperator@6110,nitroAggregationOutputNanos,147940
[WARNING] [stderr] 2026-08-15T18:53:36.708-0600	INFO	ForkJoinPool-1-worker-1	stdout	operator_metric,nitro,tpcds-parquet-sf10,q23a,0,13/TrinoNitroAggregationOperator@6110,nitroProjectionGeneratedLayoutFallbacks,0
[WARNING] [stderr] 2026-08-15T18:53:36.708-0600	INFO	ForkJoinPool-1-worker-1	stdout	operator_metric,nitro,tpcds-parquet-sf10,q23a,0,13/TrinoNitroAggregationOperator@6110,nitroProjectionDictionaryInputPositions,0
[WARNING] [stderr] 2026-08-15T18:53:36.708-0600	INFO	ForkJoinPool-1-worker-1	stdout	operator_metric,nitro,tpcds-parquet-sf10,q23a,0,13/TrinoNitroAggregationOperator@6110,nitroProjectionPlannedAssignments,0
[WARNING] [stderr] 2026-08-15T18:53:36.708-0600	INFO	ForkJoinPool-1-worker-1	stdout	operator_metric,nitro,tpcds-parquet-sf10,q23a,0,13/TrinoNitroAggregationOperator@6110,nitroAggregationAccumulationNanos,0
[WARNING] [stderr] 2026-08-15T18:53:36.708-0600	INFO	ForkJoinPool-1-worker-1	stdout	operator_metric,nitro,tpcds-parquet-sf10,q23a,0,13/TrinoNitroAggregationOperator@6110,nitroBoundaryPageEgressFlatChannelPositions,8
[WARNING] [stderr] 2026-08-15T18:53:36.708-0600	INFO	ForkJoinPool-1-worker-1	stdout	operator_metric,nitro,tpcds-parquet-sf10,q23a,0,13/TrinoNitroAggregationOperator@6110,nitroProjectionGeneratedKernels,0
[WARNING] [stderr] 2026-08-15T18:53:36.708-0600	INFO	ForkJoinPool-1-worker-1	stdout	operator_metric,nitro,tpcds-parquet-sf10,q23a,0,13/TrinoNitroAggregationOperator@6110,nitroAggregationInitialEncodedKeyNanos,0
[WARNING] [stderr] 2026-08-15T18:53:36.708-0600	INFO	ForkJoinPool-1-worker-1	stdout	operator_metric,nitro,tpcds-parquet-sf10,q23a,0,13/TrinoNitroAggregationOperator@6110,nitroAggregationInputNanos,3118439
[WARNING] [stderr] 2026-08-15T18:53:36.708-0600	INFO	ForkJoinPool-1-worker-1	stdout	operator_metric,nitro,tpcds-parquet-sf10,q23a,0,13/TrinoNitroAggregationOperator@6110,nitroProjectionOtherInputPositions,0
[WARNING] [stderr] 2026-08-15T18:53:36.708-0600	INFO	ForkJoinPool-1-worker-1	stdout	operator_metric,nitro,tpcds-parquet-sf10,q23a,0,13/TrinoNitroAggregationOperator@6110,nitroAggregationFlushNanos,0
[WARNING] [stderr] 2026-08-15T18:53:36.708-0600	INFO	ForkJoinPool-1-worker-1	stdout	operator_metric,nitro,tpcds-parquet-sf10,q23a,0,13/TrinoNitroAggregationOperator@6110,nitroProjectionGeneratedSelectedPositions,0
[WARNING] [stderr] 2026-08-15T18:53:36.708-0600	INFO	ForkJoinPool-1-worker-1	stdout	operator_metric,nitro,tpcds-parquet-sf10,q23a,0,13/TrinoNitroAggregationOperator@6110,nitroBoundaryPageEgressPages,8
[WARNING] [stderr] 2026-08-15T18:53:36.708-0600	INFO	ForkJoinPool-1-worker-1	stdout	operator_metric,nitro,tpcds-parquet-sf10,q23a,0,13/TrinoNitroAggregationOperator@6110,nitroBoundaryNativeEgressRunLengthChannelPositions,0
[WARNING] [stderr] 2026-08-15T18:53:36.708-0600	INFO	ForkJoinPool-1-worker-1	stdout	operator_metric,nitro,tpcds-parquet-sf10,q23a,0,13/TrinoNitroAggregationOperator@6110,nitroProjectionGeneratedSuccesses,0
[WARNING] [stderr] 2026-08-15T18:53:36.708-0600	INFO	ForkJoinPool-1-worker-1	stdout	operator_metric,nitro,tpcds-parquet-sf10,q23a,0,13/TrinoNitroAggregationOperator@6110,nitroAggregationPipelineNanos,25217
[WARNING] [stderr] 2026-08-15T18:53:36.708-0600	INFO	ForkJoinPool-1-worker-1	stdout	operator_metric,nitro,tpcds-parquet-sf10,q23a,0,13/TrinoNitroAggregationOperator@6110,nitroProjectionFlatInputPositions,0
[WARNING] [stderr] 2026-08-15T18:53:36.708-0600	INFO	ForkJoinPool-1-worker-1	stdout	operator_metric,nitro,tpcds-parquet-sf10,q23a,0,13/TrinoNitroAggregationOperator@6110,nitroBoundaryPageEgressRunLengthChannelPositions,0
[WARNING] [stderr] 2026-08-15T18:53:36.708-0600	INFO	ForkJoinPool-1-worker-1	stdout	operator_metric,nitro,tpcds-parquet-sf10,q23a,0,13/TrinoNitroAggregationOperator@6110,nitroAggregationStatePreparationNanos,0
[WARNING] [stderr] 2026-08-15T18:53:36.708-0600	INFO	ForkJoinPool-1-worker-1	stdout	operator_metric,nitro,tpcds-parquet-sf10,q23a,0,13/TrinoNitroAggregationOperator@6110,nitroAggregationInitialAggregationNanos,0
[WARNING] [stderr] 2026-08-15T18:53:36.708-0600	INFO	ForkJoinPool-1-worker-1	stdout	operator_metric,nitro,tpcds-parquet-sf10,q23a,0,13/TrinoNitroAggregationOperator@6110,nitroProjectionPlannedComputedOutputs,0
[WARNING] [stderr] 2026-08-15T18:53:36.708-0600	INFO	ForkJoinPool-1-worker-1	stdout	operator_metric,nitro,tpcds-parquet-sf10,q23a,0,13/TrinoNitroAggregationOperator@6110,nitroAggregationInitialFlatKeyNanos,0
[WARNING] [stderr] 2026-08-15T18:53:36.708-0600	INFO	ForkJoinPool-1-worker-1	stdout	operator_metric,nitro,tpcds-parquet-sf10,q23a,0,13/TrinoNitroAggregationOperator@6110,nitroProjectionDictionaryFlatteningPositions,0
[WARNING] [stderr] 2026-08-15T18:53:36.708-0600	INFO	ForkJoinPool-1-worker-1	stdout	operator_metric,nitro,tpcds-parquet-sf10,q23a,0,13/TrinoNitroAggregationOperator@6110,nitroAggregationInitialKeyNanos,0
[WARNING] [stderr] 2026-08-15T18:53:36.708-0600	INFO	ForkJoinPool-1-worker-1	stdout	operator_metric,nitro,tpcds-parquet-sf10,q23a,0,13/TrinoNitroAggregationOperator@6110,nitroProjectionGeneratedAttempts,0
[WARNING] [stderr] 2026-08-15T18:53:36.708-0600	INFO	ForkJoinPool-1-worker-1	stdout	operator_metric,nitro,tpcds-parquet-sf10,q23a,0,13/TrinoNitroAggregationOperator@6110,nitroAggregationFusedNanos,0
[WARNING] [stderr] 2026-08-15T18:53:36.708-0600	INFO	ForkJoinPool-1-worker-1	stdout	operator_metric,nitro,tpcds-parquet-sf10,q23a,0,13/TrinoNitroAggregationOperator@6110,nitroBoundaryNativeEgressDictionaryChannelPositions,0
[WARNING] [stderr] 2026-08-15T18:53:36.708-0600	INFO	ForkJoinPool-1-worker-1	stdout	operator_metric,nitro,tpcds-parquet-sf10,q23a,0,13/TrinoNitroAggregationOperator@6110,nitroAggregationGroupingNanos,0
[WARNING] [stderr] 2026-08-15T18:53:36.708-0600	INFO	ForkJoinPool-1-worker-1	stdout	operator_metric,nitro,tpcds-parquet-sf10,q23a,0,13/TrinoNitroAggregationOperator@6110,nitroBoundaryNativeEgressFlatChannelPositions,8
[WARNING] [stderr] 2026-08-15T18:53:36.708-0600	INFO	ForkJoinPool-1-worker-1	stdout	operator_metric,nitro,tpcds-parquet-sf10,q23a,0,13/TrinoNitroAggregationOperator@6110,nitroBoundaryPageEgressDictionaryChannelPositions,0
[WARNING] [stderr] 2026-08-15T18:53:36.708-0600	INFO	ForkJoinPool-1-worker-1	stdout	operator_metric,nitro,tpcds-parquet-sf10,q23a,0,13/TrinoNitroAggregationOperator@6110,nitroProjectionGeneratedErrorFallbacks,0
[WARNING] [stderr] 2026-08-15T18:53:36.708-0600	INFO	ForkJoinPool-1-worker-1	stdout	operator_metric,nitro,tpcds-parquet-sf10,q23a,0,13/TrinoNitroAggregationOperator@6110,nitroBoundaryPageEgressBytes,136
[WARNING] [stderr] 2026-08-15T18:53:36.708-0600	INFO	ForkJoinPool-1-worker-1	stdout	operator_metric,nitro,tpcds-parquet-sf10,q23a,0,13/TrinoNitroAggregationOperator@6110,nitroProjectionOtherNullExpansionPositions,0
[WARNING] [stderr] 2026-08-15T18:53:36.708-0600	INFO	ForkJoinPool-1-worker-1	stdout	operator_metric,nitro,tpcds-parquet-sf10,q23a,0,13/TrinoNitroAggregationOperator@6110,nitroProjectionGeneratedOutputs,0
[WARNING] [stderr] 2026-08-15T18:53:36.708-0600	INFO	ForkJoinPool-1-worker-1	stdout	operator_metric,nitro,tpcds-parquet-sf10,q23a,0,13/TrinoNitroAggregationOperator@45,nitroAggregationFusedNanos,0
[WARNING] [stderr] 2026-08-15T18:53:36.708-0600	INFO	ForkJoinPool-1-worker-1	stdout	operator_metric,nitro,tpcds-parquet-sf10,q23a,0,13/TrinoNitroAggregationOperator@45,nitroBoundaryPageIngressPositions,989550
[WARNING] [stderr] 2026-08-15T18:53:36.708-0600	INFO	ForkJoinPool-1-worker-1	stdout	operator_metric,nitro,tpcds-parquet-sf10,q23a,0,13/TrinoNitroAggregationOperator@45,nitroBoundaryNativeExchangeMaximumChannel1Bytes,2228224
[WARNING] [stderr] 2026-08-15T18:53:36.708-0600	INFO	ForkJoinPool-1-worker-1	stdout	operator_metric,nitro,tpcds-parquet-sf10,q23a,0,13/TrinoNitroAggregationOperator@45,nitroAggregationStatePreparationNanos,824329
[WARNING] [stderr] 2026-08-15T18:53:36.708-0600	INFO	ForkJoinPool-1-worker-1	stdout	operator_metric,nitro,tpcds-parquet-sf10,q23a,0,13/TrinoNitroAggregationOperator@45,nitroBoundaryNativeExchangeMaximumChannel0Bytes,1179648
[WARNING] [stderr] 2026-08-15T18:53:36.708-0600	INFO	ForkJoinPool-1-worker-1	stdout	operator_metric,nitro,tpcds-parquet-sf10,q23a,0,13/TrinoNitroAggregationOperator@45,nitroAggregationAccumulationNanos,9848526
[WARNING] [stderr] 2026-08-15T18:53:36.708-0600	INFO	ForkJoinPool-1-worker-1	stdout	operator_metric,nitro,tpcds-parquet-sf10,q23a,0,13/TrinoNitroAggregationOperator@45,nitroBoundaryNativeExchangeMaximumBatchBytes,3407872
[WARNING] [stderr] 2026-08-15T18:53:36.708-0600	INFO	ForkJoinPool-1-worker-1	stdout	operator_metric,nitro,tpcds-parquet-sf10,q23a,0,13/TrinoNitroAggregationOperator@45,nitroAggregationInitialEncodedKeyNanos,0
[WARNING] [stderr] 2026-08-15T18:53:36.708-0600	INFO	ForkJoinPool-1-worker-1	stdout	operator_metric,nitro,tpcds-parquet-sf10,q23a,0,13/TrinoNitroAggregationOperator@45,nitroBoundaryPageIngressRunLengthChannelPositions,0
[WARNING] [stderr] 2026-08-15T18:53:36.708-0600	INFO	ForkJoinPool-1-worker-1	stdout	operator_metric,nitro,tpcds-parquet-sf10,q23a,0,13/TrinoNitroAggregationOperator@45,nitroBoundaryNativeExchangePositions,472250
[WARNING] [stderr] 2026-08-15T18:53:36.708-0600	INFO	ForkJoinPool-1-worker-1	stdout	operator_metric,nitro,tpcds-parquet-sf10,q23a,0,13/TrinoNitroAggregationOperator@45,nitroBoundaryNativeExchangeBatches,32
[WARNING] [stderr] 2026-08-15T18:53:36.708-0600	INFO	ForkJoinPool-1-worker-1	stdout	operator_metric,nitro,tpcds-parquet-sf10,q23a,0,13/TrinoNitroAggregationOperator@45,nitroBoundaryPageIngressPages,132
[WARNING] [stderr] 2026-08-15T18:53:36.708-0600	INFO	ForkJoinPool-1-worker-1	stdout	operator_metric,nitro,tpcds-parquet-sf10,q23a,0,13/TrinoNitroAggregationOperator@45,nitroAggregationInitialFlatKeyNanos,0
[WARNING] [stderr] 2026-08-15T18:53:36.708-0600	INFO	ForkJoinPool-1-worker-1	stdout	operator_metric,nitro,tpcds-parquet-sf10,q23a,0,13/TrinoNitroAggregationOperator@45,nitroAggregationGroupingNanos,31585176
[WARNING] [stderr] 2026-08-15T18:53:36.708-0600	INFO	ForkJoinPool-1-worker-1	stdout	operator_metric,nitro,tpcds-parquet-sf10,q23a,0,13/TrinoNitroAggregationOperator@45,nitroAggregationFlushNanos,0
[WARNING] [stderr] 2026-08-15T18:53:36.708-0600	INFO	ForkJoinPool-1-worker-1	stdout	operator_metric,nitro,tpcds-parquet-sf10,q23a,0,13/TrinoNitroAggregationOperator@45,nitroBoundaryPageIngressBytes,21770100
[WARNING] [stderr] 2026-08-15T18:53:36.708-0600	INFO	ForkJoinPool-1-worker-1	stdout	operator_metric,nitro,tpcds-parquet-sf10,q23a,0,13/TrinoNitroAggregationOperator@45,nitroBoundaryPageIngressFlatChannelPositions,1979100
[WARNING] [stderr] 2026-08-15T18:53:36.708-0600	INFO	ForkJoinPool-1-worker-1	stdout	operator_metric,nitro,tpcds-parquet-sf10,q23a,0,13/TrinoNitroAggregationOperator@45,nitroAggregationOutputNanos,98264
[WARNING] [stderr] 2026-08-15T18:53:36.708-0600	INFO	ForkJoinPool-1-worker-1	stdout	operator_metric,nitro,tpcds-parquet-sf10,q23a,0,13/TrinoNitroAggregationOperator@45,nitroAggregationInputNanos,42774286
[WARNING] [stderr] 2026-08-15T18:53:36.708-0600	INFO	ForkJoinPool-1-worker-1	stdout	operator_metric,nitro,tpcds-parquet-sf10,q23a,0,13/TrinoNitroAggregationOperator@45,nitroBoundaryPageIngressDictionaryChannelPositions,0
[WARNING] [stderr] 2026-08-15T18:53:36.708-0600	INFO	ForkJoinPool-1-worker-1	stdout	operator_metric,nitro,tpcds-parquet-sf10,q23a,0,13/TrinoNitroAggregationOperator@45,nitroAggregationPipelineNanos,0
[WARNING] [stderr] 2026-08-15T18:53:36.708-0600	INFO	ForkJoinPool-1-worker-1	stdout	operator_metric,nitro,tpcds-parquet-sf10,q23a,0,13/TrinoNitroAggregationOperator@45,nitroBoundaryNativeExchangeBytes,12278500
[WARNING] [stderr] 2026-08-15T18:53:36.708-0600	INFO	ForkJoinPool-1-worker-1	stdout	operator_metric,nitro,tpcds-parquet-sf10,q23a,0,13/TrinoNitroAggregationOperator@45,nitroAggregationInitialAggregationNanos,0
[WARNING] [stderr] 2026-08-15T18:53:36.708-0600	INFO	ForkJoinPool-1-worker-1	stdout	operator_metric,nitro,tpcds-parquet-sf10,q23a,0,13/TrinoNitroAggregationOperator@45,nitroAggregationInitialKeyNanos,0
[WARNING] [stderr] 2026-08-15T18:53:36.708-0600	INFO	ForkJoinPool-1-worker-1	stdout	operator_metric,nitro,tpcds-parquet-sf10,q23a,0,21/PartitionedOutputOperator@86,nitroExchangePreservedPositions,0
[WARNING] [stderr] 2026-08-15T18:53:36.708-0600	INFO	ForkJoinPool-1-worker-1	stdout	operator_metric,nitro,tpcds-parquet-sf10,q23a,0,21/PartitionedOutputOperator@86,nitroRemoteOutputPartitionAssignmentNanos,0
[WARNING] [stderr] 2026-08-15T18:53:36.708-0600	INFO	ForkJoinPool-1-worker-1	stdout	operator_metric,nitro,tpcds-parquet-sf10,q23a,0,21/PartitionedOutputOperator@86,nitroRemoteOutputBufferedConversionNanos,852105
[WARNING] [stderr] 2026-08-15T18:53:36.708-0600	INFO	ForkJoinPool-1-worker-1	stdout	operator_metric,nitro,tpcds-parquet-sf10,q23a,0,21/PartitionedOutputOperator@86,nitroRemoteOutputNativePartitionAppendNanos,0
[WARNING] [stderr] 2026-08-15T18:53:36.708-0600	INFO	ForkJoinPool-1-worker-1	stdout	operator_metric,nitro,tpcds-parquet-sf10,q23a,0,21/PartitionedOutputOperator@86,nitroRemoteOutputNativePartitionConversionNanos,0
[WARNING] [stderr] 2026-08-15T18:53:36.708-0600	INFO	ForkJoinPool-1-worker-1	stdout	operator_metric,nitro,tpcds-parquet-sf10,q23a,0,21/PartitionedOutputOperator@86,nitroExchangeInputPages,134
[WARNING] [stderr] 2026-08-15T18:53:36.708-0600	INFO	ForkJoinPool-1-worker-1	stdout	operator_metric,nitro,tpcds-parquet-sf10,q23a,0,21/PartitionedOutputOperator@86,nitroExchangeSmallPagePositions,0
[WARNING] [stderr] 2026-08-15T18:53:36.708-0600	INFO	ForkJoinPool-1-worker-1	stdout	operator_metric,nitro,tpcds-parquet-sf10,q23a,0,21/PartitionedOutputOperator@86,nitroExchangeInputFlatChannelPositions,256388
[WARNING] [stderr] 2026-08-15T18:53:36.708-0600	INFO	ForkJoinPool-1-worker-1	stdout	operator_metric,nitro,tpcds-parquet-sf10,q23a,0,21/PartitionedOutputOperator@86,nitroExchangeDictionaryUnsupportedPositions,0
[WARNING] [stderr] 2026-08-15T18:53:36.708-0600	INFO	ForkJoinPool-1-worker-1	stdout	operator_metric,nitro,tpcds-parquet-sf10,q23a,0,21/PartitionedOutputOperator@86,nitroRemoteOutputNativeBatches,0
[WARNING] [stderr] 2026-08-15T18:53:36.708-0600	INFO	ForkJoinPool-1-worker-1	stdout	operator_metric,nitro,tpcds-parquet-sf10,q23a,0,21/PartitionedOutputOperator@86,nitroRemoteOutputNativePartitionCopyNanos,0
[WARNING] [stderr] 2026-08-15T18:53:36.708-0600	INFO	ForkJoinPool-1-worker-1	stdout	operator_metric,nitro,tpcds-parquet-sf10,q23a,0,21/PartitionedOutputOperator@86,nitroExchangeInputDictionaryChannelPositions,0
[WARNING] [stderr] 2026-08-15T18:53:36.708-0600	INFO	ForkJoinPool-1-worker-1	stdout	operator_metric,nitro,tpcds-parquet-sf10,q23a,0,21/PartitionedOutputOperator@86,nitroRemoteOutputNativePartitions,0
[WARNING] [stderr] 2026-08-15T18:53:36.708-0600	INFO	ForkJoinPool-1-worker-1	stdout	operator_metric,nitro,tpcds-parquet-sf10,q23a,0,21/PartitionedOutputOperator@86,nitroRemoteOutputBufferedBatches,134
[WARNING] [stderr] 2026-08-15T18:53:36.708-0600	INFO	ForkJoinPool-1-worker-1	stdout	operator_metric,nitro,tpcds-parquet-sf10,q23a,0,21/PartitionedOutputOperator@86,nitroRemoteOutputPartitionKeyConversionNanos,0
[WARNING] [stderr] 2026-08-15T18:53:36.708-0600	INFO	ForkJoinPool-1-worker-1	stdout	operator_metric,nitro,tpcds-parquet-sf10,q23a,0,21/PartitionedOutputOperator@86,nitroExchangeRunLengthUnsupportedPositions,0
[WARNING] [stderr] 2026-08-15T18:53:36.708-0600	INFO	ForkJoinPool-1-worker-1	stdout	operator_metric,nitro,tpcds-parquet-sf10,q23a,0,21/PartitionedOutputOperator@86,nitroRemoteOutputBufferedAppendNanos,6527052
[WARNING] [stderr] 2026-08-15T18:53:36.708-0600	INFO	ForkJoinPool-1-worker-1	stdout	operator_metric,nitro,tpcds-parquet-sf10,q23a,0,21/PartitionedOutputOperator@86,nitroRemoteOutputTotalNanos,8717460
[WARNING] [stderr] 2026-08-15T18:53:36.708-0600	INFO	ForkJoinPool-1-worker-1	stdout	operator_metric,nitro,tpcds-parquet-sf10,q23a,0,21/PartitionedOutputOperator@86,nitroRemoteOutputInputPositions,64097
[WARNING] [stderr] 2026-08-15T18:53:36.708-0600	INFO	ForkJoinPool-1-worker-1	stdout	operator_metric,nitro,tpcds-parquet-sf10,q23a,0,21/PartitionedOutputOperator@86,nitroExchangeInputRunLengthChannelPositions,0
[WARNING] [stderr] 2026-08-15T18:53:36.708-0600	INFO	ForkJoinPool-1-worker-1	stdout	operator_metric,nitro,tpcds-parquet-sf10,q23a,0,21/PartitionedOutputOperator@86,nitroExchangeNoDictionaryPositions,64097
[WARNING] [stderr] 2026-08-15T18:53:36.708-0600	INFO	ForkJoinPool-1-worker-1	stdout	operator_metric,nitro,tpcds-parquet-sf10,q23a,0,21/PartitionedOutputOperator@86,nitroExchangeInputPositions,64097
[WARNING] [stderr] 2026-08-15T18:53:36.708-0600	INFO	ForkJoinPool-1-worker-1	stdout	operator_metric,nitro,tpcds-parquet-sf10,q23a,0,21/PartitionedOutputOperator@86,nitroExchangeLowDictionaryReusePositions,0
[WARNING] [stderr] 2026-08-15T18:53:36.708-0600	INFO	ForkJoinPool-1-worker-1	stdout	operator_metric,nitro,tpcds-parquet-sf10,q23a,0,21/TrinoNitroHashJoinOperator@86,nitroBoundaryPageIngressBytes,154448394
[WARNING] [stderr] 2026-08-15T18:53:36.708-0600	INFO	ForkJoinPool-1-worker-1	stdout	operator_metric,nitro,tpcds-parquet-sf10,q23a,0,21/TrinoNitroHashJoinOperator@86,nitroBoundaryPageIngressDictionaryChannelPositions,0
[WARNING] [stderr] 2026-08-15T18:53:36.708-0600	INFO	ForkJoinPool-1-worker-1	stdout	operator_metric,nitro,tpcds-parquet-sf10,q23a,0,21/TrinoNitroHashJoinOperator@86,nitroBoundaryPageIngressRunLengthChannelPositions,0
[WARNING] [stderr] 2026-08-15T18:53:36.708-0600	INFO	ForkJoinPool-1-worker-1	stdout	operator_metric,nitro,tpcds-parquet-sf10,q23a,0,21/TrinoNitroHashJoinOperator@86,nitroBoundaryNativeExchangePositions,64097
[WARNING] [stderr] 2026-08-15T18:53:36.708-0600	INFO	ForkJoinPool-1-worker-1	stdout	operator_metric,nitro,tpcds-parquet-sf10,q23a,0,21/TrinoNitroHashJoinOperator@86,nitroBoundaryNativeExchangeBytes,1856248
[WARNING] [stderr] 2026-08-15T18:53:36.708-0600	INFO	ForkJoinPool-1-worker-1	stdout	operator_metric,nitro,tpcds-parquet-sf10,q23a,0,21/TrinoNitroHashJoinOperator@86,nitroBoundaryNativeExchangeBatches,134
[WARNING] [stderr] 2026-08-15T18:53:36.708-0600	INFO	ForkJoinPool-1-worker-1	stdout	operator_metric,nitro,tpcds-parquet-sf10,q23a,0,21/TrinoNitroHashJoinOperator@86,nitroBoundaryPageIngressFlatChannelPositions,18835170
[WARNING] [stderr] 2026-08-15T18:53:36.708-0600	INFO	ForkJoinPool-1-worker-1	stdout	operator_metric,nitro,tpcds-parquet-sf10,q23a,0,21/TrinoNitroHashJoinOperator@86,nitroBoundaryNativeExchangeMaximumBatchBytes,529992
[WARNING] [stderr] 2026-08-15T18:53:36.708-0600	INFO	ForkJoinPool-1-worker-1	stdout	operator_metric,nitro,tpcds-parquet-sf10,q23a,0,21/TrinoNitroHashJoinOperator@86,nitroBoundaryPageIngressPositions,3767034
[WARNING] [stderr] 2026-08-15T18:53:36.708-0600	INFO	ForkJoinPool-1-worker-1	stdout	operator_metric,nitro,tpcds-parquet-sf10,q23a,0,21/TrinoNitroHashJoinOperator@86,nitroBoundaryPageIngressPages,134
[WARNING] [stderr] 2026-08-15T18:53:36.708-0600	INFO	ForkJoinPool-1-worker-1	stdout	operator_metric,nitro,tpcds-parquet-sf10,q23a,0,24/PartitionedOutputOperator@89,nitroExchangePreservedPositions,16343807
[WARNING] [stderr] 2026-08-15T18:53:36.708-0600	INFO	ForkJoinPool-1-worker-1	stdout	operator_metric,nitro,tpcds-parquet-sf10,q23a,0,24/PartitionedOutputOperator@89,nitroRemoteOutputPartitionAssignmentNanos,0
[WARNING] [stderr] 2026-08-15T18:53:36.708-0600	INFO	ForkJoinPool-1-worker-1	stdout	operator_metric,nitro,tpcds-parquet-sf10,q23a,0,24/PartitionedOutputOperator@89,nitroRemoteOutputBufferedConversionNanos,27137638
[WARNING] [stderr] 2026-08-15T18:53:36.708-0600	INFO	ForkJoinPool-1-worker-1	stdout	operator_metric,nitro,tpcds-parquet-sf10,q23a,0,24/PartitionedOutputOperator@89,nitroRemoteOutputNativePartitionAppendNanos,0
[WARNING] [stderr] 2026-08-15T18:53:36.708-0600	INFO	ForkJoinPool-1-worker-1	stdout	operator_metric,nitro,tpcds-parquet-sf10,q23a,0,24/PartitionedOutputOperator@89,nitroRemoteOutputNativePartitionConversionNanos,0
[WARNING] [stderr] 2026-08-15T18:53:36.708-0600	INFO	ForkJoinPool-1-worker-1	stdout	operator_metric,nitro,tpcds-parquet-sf10,q23a,0,24/PartitionedOutputOperator@89,nitroExchangeInputPages,2064
[WARNING] [stderr] 2026-08-15T18:53:36.708-0600	INFO	ForkJoinPool-1-worker-1	stdout	operator_metric,nitro,tpcds-parquet-sf10,q23a,0,24/PartitionedOutputOperator@89,nitroExchangeSmallPagePositions,0
[WARNING] [stderr] 2026-08-15T18:53:36.708-0600	INFO	ForkJoinPool-1-worker-1	stdout	operator_metric,nitro,tpcds-parquet-sf10,q23a,0,24/PartitionedOutputOperator@89,nitroExchangeInputFlatChannelPositions,16765753
[WARNING] [stderr] 2026-08-15T18:53:36.708-0600	INFO	ForkJoinPool-1-worker-1	stdout	operator_metric,nitro,tpcds-parquet-sf10,q23a,0,24/PartitionedOutputOperator@89,nitroExchangeDictionaryUnsupportedPositions,0
[WARNING] [stderr] 2026-08-15T18:53:36.708-0600	INFO	ForkJoinPool-1-worker-1	stdout	operator_metric,nitro,tpcds-parquet-sf10,q23a,0,24/PartitionedOutputOperator@89,nitroRemoteOutputNativeBatches,0
[WARNING] [stderr] 2026-08-15T18:53:36.708-0600	INFO	ForkJoinPool-1-worker-1	stdout	operator_metric,nitro,tpcds-parquet-sf10,q23a,0,24/PartitionedOutputOperator@89,nitroRemoteOutputNativePartitionCopyNanos,0
[WARNING] [stderr] 2026-08-15T18:53:36.708-0600	INFO	ForkJoinPool-1-worker-1	stdout	operator_metric,nitro,tpcds-parquet-sf10,q23a,0,24/PartitionedOutputOperator@89,nitroExchangeInputDictionaryChannelPositions,16343807
[WARNING] [stderr] 2026-08-15T18:53:36.708-0600	INFO	ForkJoinPool-1-worker-1	stdout	operator_metric,nitro,tpcds-parquet-sf10,q23a,0,24/PartitionedOutputOperator@89,nitroRemoteOutputNativePartitions,0
[WARNING] [stderr] 2026-08-15T18:53:36.708-0600	INFO	ForkJoinPool-1-worker-1	stdout	operator_metric,nitro,tpcds-parquet-sf10,q23a,0,24/PartitionedOutputOperator@89,nitroRemoteOutputBufferedBatches,2064
[WARNING] [stderr] 2026-08-15T18:53:36.708-0600	INFO	ForkJoinPool-1-worker-1	stdout	operator_metric,nitro,tpcds-parquet-sf10,q23a,0,24/PartitionedOutputOperator@89,nitroRemoteOutputPartitionKeyConversionNanos,0
[WARNING] [stderr] 2026-08-15T18:53:36.708-0600	INFO	ForkJoinPool-1-worker-1	stdout	operator_metric,nitro,tpcds-parquet-sf10,q23a,0,24/PartitionedOutputOperator@89,nitroExchangeRunLengthUnsupportedPositions,0
[WARNING] [stderr] 2026-08-15T18:53:36.708-0600	INFO	ForkJoinPool-1-worker-1	stdout	operator_metric,nitro,tpcds-parquet-sf10,q23a,0,24/PartitionedOutputOperator@89,nitroRemoteOutputBufferedAppendNanos,210285244
[WARNING] [stderr] 2026-08-15T18:53:36.708-0600	INFO	ForkJoinPool-1-worker-1	stdout	operator_metric,nitro,tpcds-parquet-sf10,q23a,0,24/PartitionedOutputOperator@89,nitroRemoteOutputTotalNanos,246579440
[WARNING] [stderr] 2026-08-15T18:53:36.708-0600	INFO	ForkJoinPool-1-worker-1	stdout	operator_metric,nitro,tpcds-parquet-sf10,q23a,0,24/PartitionedOutputOperator@89,nitroRemoteOutputInputPositions,16554780
[WARNING] [stderr] 2026-08-15T18:53:36.708-0600	INFO	ForkJoinPool-1-worker-1	stdout	operator_metric,nitro,tpcds-parquet-sf10,q23a,0,24/PartitionedOutputOperator@89,nitroExchangeInputRunLengthChannelPositions,0
[WARNING] [stderr] 2026-08-15T18:53:36.708-0600	INFO	ForkJoinPool-1-worker-1	stdout	operator_metric,nitro,tpcds-parquet-sf10,q23a,0,24/PartitionedOutputOperator@89,nitroExchangeNoDictionaryPositions,210973
[WARNING] [stderr] 2026-08-15T18:53:36.708-0600	INFO	ForkJoinPool-1-worker-1	stdout	operator_metric,nitro,tpcds-parquet-sf10,q23a,0,24/PartitionedOutputOperator@89,nitroExchangeInputPositions,16554780
[WARNING] [stderr] 2026-08-15T18:53:36.708-0600	INFO	ForkJoinPool-1-worker-1	stdout	operator_metric,nitro,tpcds-parquet-sf10,q23a,0,24/PartitionedOutputOperator@89,nitroExchangeLowDictionaryReusePositions,0
[WARNING] [stderr] 2026-08-15T18:53:36.708-0600	INFO	ForkJoinPool-1-worker-1	stdout	operator_metric,nitro,tpcds-parquet-sf10,q23a,0,24/TrinoNitroHashJoinOperator@89,nitroBoundaryPageIngressBytes,414629532
[WARNING] [stderr] 2026-08-15T18:53:36.708-0600	INFO	ForkJoinPool-1-worker-1	stdout	operator_metric,nitro,tpcds-parquet-sf10,q23a,0,24/TrinoNitroHashJoinOperator@89,nitroBoundaryPageIngressDictionaryChannelPositions,0
[WARNING] [stderr] 2026-08-15T18:53:36.708-0600	INFO	ForkJoinPool-1-worker-1	stdout	operator_metric,nitro,tpcds-parquet-sf10,q23a,0,24/TrinoNitroHashJoinOperator@89,nitroBoundaryPageIngressRunLengthChannelPositions,0
[WARNING] [stderr] 2026-08-15T18:53:36.708-0600	INFO	ForkJoinPool-1-worker-1	stdout	operator_metric,nitro,tpcds-parquet-sf10,q23a,0,24/TrinoNitroHashJoinOperator@89,nitroBoundaryNativeExchangePositions,16554780
[WARNING] [stderr] 2026-08-15T18:53:36.708-0600	INFO	ForkJoinPool-1-worker-1	stdout	operator_metric,nitro,tpcds-parquet-sf10,q23a,0,24/TrinoNitroHashJoinOperator@89,nitroBoundaryNativeExchangeBytes,204705012
[WARNING] [stderr] 2026-08-15T18:53:36.708-0600	INFO	ForkJoinPool-1-worker-1	stdout	operator_metric,nitro,tpcds-parquet-sf10,q23a,0,24/TrinoNitroHashJoinOperator@89,nitroBoundaryNativeExchangeBatches,2064
[WARNING] [stderr] 2026-08-15T18:53:36.708-0600	INFO	ForkJoinPool-1-worker-1	stdout	operator_metric,nitro,tpcds-parquet-sf10,q23a,0,24/TrinoNitroHashJoinOperator@89,nitroBoundaryPageIngressFlatChannelPositions,46069948
[WARNING] [stderr] 2026-08-15T18:53:36.708-0600	INFO	ForkJoinPool-1-worker-1	stdout	operator_metric,nitro,tpcds-parquet-sf10,q23a,0,24/TrinoNitroHashJoinOperator@89,nitroBoundaryNativeExchangeMaximumBatchBytes,983456
[WARNING] [stderr] 2026-08-15T18:53:36.708-0600	INFO	ForkJoinPool-1-worker-1	stdout	operator_metric,nitro,tpcds-parquet-sf10,q23a,0,24/TrinoNitroHashJoinOperator@89,nitroBoundaryPageIngressPositions,23034974
[WARNING] [stderr] 2026-08-15T18:53:36.708-0600	INFO	ForkJoinPool-1-worker-1	stdout	operator_metric,nitro,tpcds-parquet-sf10,q23a,0,24/TrinoNitroHashJoinOperator@89,nitroBoundaryPageIngressPages,653
[WARNING] [stderr] 2026-08-15T18:53:36.708-0600	INFO	ForkJoinPool-1-worker-1	stdout	operator_metric,nitro,tpcds-parquet-sf10,q23a,0,27/TrinoNitroPipelineSourceOperator@90,nitroAllocatorAllocatedBytes.trino-native-exchange-boundary,1117873
[WARNING] [stderr] 2026-08-15T18:53:36.708-0600	INFO	ForkJoinPool-1-worker-1	stdout	operator_metric,nitro,tpcds-parquet-sf10,q23a,0,27/TrinoNitroPipelineSourceOperator@90,nitroAllocatorAllocatedBytes.trino-native-source-ingress,0
[WARNING] [stderr] 2026-08-15T18:53:36.708-0600	INFO	ForkJoinPool-1-worker-1	stdout	operator_metric,nitro,tpcds-parquet-sf10,q23a,0,27/TrinoNitroPipelineSourceOperator@90,nitroOperatorConstructionNanos,25759
[WARNING] [stderr] 2026-08-15T18:53:36.708-0600	INFO	ForkJoinPool-1-worker-1	stdout	operator_metric,nitro,tpcds-parquet-sf10,q23a,0,27/TrinoNitroPipelineSourceOperator@90,nitroAllocatorAllocatedVectorBytes.I32Vector,40000
[WARNING] [stderr] 2026-08-15T18:53:36.708-0600	INFO	ForkJoinPool-1-worker-1	stdout	operator_metric,nitro,tpcds-parquet-sf10,q23a,0,27/TrinoNitroPipelineSourceOperator@90,nitroAllocatorAllocatedBytes.NitroParquetBatchSource,21766515
[WARNING] [stderr] 2026-08-15T18:53:36.708-0600	INFO	ForkJoinPool-1-worker-1	stdout	operator_metric,nitro,tpcds-parquet-sf10,q23a,0,27/TrinoNitroPipelineSourceOperator@90,nitroBoundaryNativeExchangePositions,102000
[WARNING] [stderr] 2026-08-15T18:53:36.708-0600	INFO	ForkJoinPool-1-worker-1	stdout	operator_metric,nitro,tpcds-parquet-sf10,q23a,0,27/TrinoNitroPipelineSourceOperator@90,nitroAllocatorAllocatedBytes,22884388
[WARNING] [stderr] 2026-08-15T18:53:36.708-0600	INFO	ForkJoinPool-1-worker-1	stdout	operator_metric,nitro,tpcds-parquet-sf10,q23a,0,27/TrinoNitroPipelineSourceOperator@90,nitroAllocatorAllocatedVectorBytes.BinaryVector,21784388
[WARNING] [stderr] 2026-08-15T18:53:36.708-0600	INFO	ForkJoinPool-1-worker-1	stdout	operator_metric,nitro,tpcds-parquet-sf10,q23a,0,27/TrinoNitroPipelineSourceOperator@90,nitroBoundaryNativeExchangeBatches,11
[WARNING] [stderr] 2026-08-15T18:53:36.708-0600	INFO	ForkJoinPool-1-worker-1	stdout	operator_metric,nitro,tpcds-parquet-sf10,q23a,0,27/TrinoNitroPipelineSourceOperator@90,nitroAllocatorAllocatedVectorBytes.I64Vector,816000
[WARNING] [stderr] 2026-08-15T18:53:36.708-0600	INFO	ForkJoinPool-1-worker-1	stdout	operator_metric,nitro,tpcds-parquet-sf10,q23a,0,27/TrinoNitroPipelineSourceOperator@90,nitroNativeSourceCreationNanos,551333
[WARNING] [stderr] 2026-08-15T18:53:36.708-0600	INFO	ForkJoinPool-1-worker-1	stdout	operator_metric,nitro,tpcds-parquet-sf10,q23a,0,27/TrinoNitroPipelineSourceOperator@90,nitroAllocatorAllocatedVectorBytes.BooleanVector,204000
[WARNING] [stderr] 2026-08-15T18:53:36.708-0600	INFO	ForkJoinPool-1-worker-1	stdout	operator_metric,nitro,tpcds-parquet-sf10,q23a,0,27/TrinoNitroPipelineSourceOperator@90,nitroAllocatorAllocatedVectorBytes,22884388
[WARNING] [stderr] 2026-08-15T18:53:36.708-0600	INFO	ForkJoinPool-1-worker-1	stdout	operator_metric,nitro,tpcds-parquet-sf10,q23a,0,27/TrinoNitroPipelineSourceOperator@90,nitroBoundaryNativeExchangeBytes,19224979
[WARNING] [stderr] 2026-08-15T18:53:36.708-0600	INFO	ForkJoinPool-1-worker-1	stdout	operator_metric,nitro,tpcds-parquet-sf10,q23a,0,27/TrinoNitroPipelineSourceOperator@90,nitroAllocatorAllocatedVectorBytes.DictionaryVector,40000
[WARNING] [stderr] 2026-08-15T18:53:36.708-0600	INFO	ForkJoinPool-1-worker-1	stdout	operator_metric,nitro,tpcds-parquet-sf10,q23a,0,27/TrinoNitroPipelineSourceOperator@90,nitroBoundaryNativeExchangeMaximumBatchBytes,2293814
[WARNING] [stderr] 2026-08-15T18:53:36.708-0600	INFO	ForkJoinPool-1-worker-1	stdout	operator_metric,nitro,tpcds-parquet-sf10,q23a,0,27/PartitionedOutputOperator@90,nitroExchangePreservedPositions,0
[WARNING] [stderr] 2026-08-15T18:53:36.708-0600	INFO	ForkJoinPool-1-worker-1	stdout	operator_metric,nitro,tpcds-parquet-sf10,q23a,0,27/PartitionedOutputOperator@90,nitroRemoteOutputBufferedConversionNanos,14278149
[WARNING] [stderr] 2026-08-15T18:53:36.708-0600	INFO	ForkJoinPool-1-worker-1	stdout	operator_metric,nitro,tpcds-parquet-sf10,q23a,0,27/PartitionedOutputOperator@90,nitroRemoteOutputPartitionAssignmentNanos,0
[WARNING] [stderr] 2026-08-15T18:53:36.708-0600	INFO	ForkJoinPool-1-worker-1	stdout	operator_metric,nitro,tpcds-parquet-sf10,q23a,0,27/PartitionedOutputOperator@90,nitroRemoteOutputNativePartitionAppendNanos,0
[WARNING] [stderr] 2026-08-15T18:53:36.708-0600	INFO	ForkJoinPool-1-worker-1	stdout	operator_metric,nitro,tpcds-parquet-sf10,q23a,0,27/PartitionedOutputOperator@90,nitroExchangeInputPages,11
[WARNING] [stderr] 2026-08-15T18:53:36.708-0600	INFO	ForkJoinPool-1-worker-1	stdout	operator_metric,nitro,tpcds-parquet-sf10,q23a,0,27/PartitionedOutputOperator@90,nitroRemoteOutputNativePartitionConversionNanos,0
[WARNING] [stderr] 2026-08-15T18:53:36.708-0600	INFO	ForkJoinPool-1-worker-1	stdout	operator_metric,nitro,tpcds-parquet-sf10,q23a,0,27/PartitionedOutputOperator@90,nitroExchangeSmallPagePositions,0
[WARNING] [stderr] 2026-08-15T18:53:36.708-0600	INFO	ForkJoinPool-1-worker-1	stdout	operator_metric,nitro,tpcds-parquet-sf10,q23a,0,27/PartitionedOutputOperator@90,nitroRemoteOutputNativePartitionCopyNanos,0
[WARNING] [stderr] 2026-08-15T18:53:36.708-0600	INFO	ForkJoinPool-1-worker-1	stdout	operator_metric,nitro,tpcds-parquet-sf10,q23a,0,27/PartitionedOutputOperator@90,nitroRemoteOutputNativeBatches,0
[WARNING] [stderr] 2026-08-15T18:53:36.708-0600	INFO	ForkJoinPool-1-worker-1	stdout	operator_metric,nitro,tpcds-parquet-sf10,q23a,0,27/PartitionedOutputOperator@90,nitroExchangeInputFlatChannelPositions,204000
[WARNING] [stderr] 2026-08-15T18:53:36.708-0600	INFO	ForkJoinPool-1-worker-1	stdout	operator_metric,nitro,tpcds-parquet-sf10,q23a,0,27/PartitionedOutputOperator@90,nitroExchangeDictionaryUnsupportedPositions,0
[WARNING] [stderr] 2026-08-15T18:53:36.708-0600	INFO	ForkJoinPool-1-worker-1	stdout	operator_metric,nitro,tpcds-parquet-sf10,q23a,0,27/PartitionedOutputOperator@90,nitroExchangeInputDictionaryChannelPositions,0
[WARNING] [stderr] 2026-08-15T18:53:36.708-0600	INFO	ForkJoinPool-1-worker-1	stdout	operator_metric,nitro,tpcds-parquet-sf10,q23a,0,27/PartitionedOutputOperator@90,nitroRemoteOutputNativePartitions,0
[WARNING] [stderr] 2026-08-15T18:53:36.708-0600	INFO	ForkJoinPool-1-worker-1	stdout	operator_metric,nitro,tpcds-parquet-sf10,q23a,0,27/PartitionedOutputOperator@90,nitroRemoteOutputBufferedBatches,11
[WARNING] [stderr] 2026-08-15T18:53:36.708-0600	INFO	ForkJoinPool-1-worker-1	stdout	operator_metric,nitro,tpcds-parquet-sf10,q23a,0,27/PartitionedOutputOperator@90,nitroRemoteOutputPartitionKeyConversionNanos,0
[WARNING] [stderr] 2026-08-15T18:53:36.708-0600	INFO	ForkJoinPool-1-worker-1	stdout	operator_metric,nitro,tpcds-parquet-sf10,q23a,0,27/PartitionedOutputOperator@90,nitroExchangeRunLengthUnsupportedPositions,0
[WARNING] [stderr] 2026-08-15T18:53:36.708-0600	INFO	ForkJoinPool-1-worker-1	stdout	operator_metric,nitro,tpcds-parquet-sf10,q23a,0,27/PartitionedOutputOperator@90,nitroRemoteOutputBufferedAppendNanos,43649178
[WARNING] [stderr] 2026-08-15T18:53:36.708-0600	INFO	ForkJoinPool-1-worker-1	stdout	operator_metric,nitro,tpcds-parquet-sf10,q23a,0,27/PartitionedOutputOperator@90,nitroExchangeNoDictionaryPositions,102000
[WARNING] [stderr] 2026-08-15T18:53:36.708-0600	INFO	ForkJoinPool-1-worker-1	stdout	operator_metric,nitro,tpcds-parquet-sf10,q23a,0,27/PartitionedOutputOperator@90,nitroRemoteOutputInputPositions,102000
[WARNING] [stderr] 2026-08-15T18:53:36.708-0600	INFO	ForkJoinPool-1-worker-1	stdout	operator_metric,nitro,tpcds-parquet-sf10,q23a,0,27/PartitionedOutputOperator@90,nitroRemoteOutputTotalNanos,58017167
[WARNING] [stderr] 2026-08-15T18:53:36.708-0600	INFO	ForkJoinPool-1-worker-1	stdout	operator_metric,nitro,tpcds-parquet-sf10,q23a,0,27/PartitionedOutputOperator@90,nitroExchangeInputRunLengthChannelPositions,0
[WARNING] [stderr] 2026-08-15T18:53:36.708-0600	INFO	ForkJoinPool-1-worker-1	stdout	operator_metric,nitro,tpcds-parquet-sf10,q23a,0,27/PartitionedOutputOperator@90,nitroExchangeInputPositions,102000
[WARNING] [stderr] 2026-08-15T18:53:36.708-0600	INFO	ForkJoinPool-1-worker-1	stdout	operator_metric,nitro,tpcds-parquet-sf10,q23a,0,27/PartitionedOutputOperator@90,nitroExchangeLowDictionaryReusePositions,0
[WARNING] [stderr] 2026-08-15T18:53:36.708-0600	INFO	ForkJoinPool-1-worker-1	stdout	operator_metric,nitro,tpcds-parquet-sf10,q23a,0,31/TrinoNitroAggregationOperator@6177,nitroBoundaryPageEgressPositions,8
[WARNING] [stderr] 2026-08-15T18:53:36.708-0600	INFO	ForkJoinPool-1-worker-1	stdout	operator_metric,nitro,tpcds-parquet-sf10,q23a,0,31/TrinoNitroAggregationOperator@6177,nitroProjectionRunLengthInputPositions,0
[WARNING] [stderr] 2026-08-15T18:53:36.709-0600	INFO	ForkJoinPool-1-worker-1	stdout	operator_metric,nitro,tpcds-parquet-sf10,q23a,0,31/TrinoNitroAggregationOperator@6177,nitroProjectionDictionaryNullExpansionPositions,0
[WARNING] [stderr] 2026-08-15T18:53:36.709-0600	INFO	ForkJoinPool-1-worker-1	stdout	operator_metric,nitro,tpcds-parquet-sf10,q23a,0,31/TrinoNitroAggregationOperator@6177,nitroProjectionIntegerWideningPositions,0
[WARNING] [stderr] 2026-08-15T18:53:36.709-0600	INFO	ForkJoinPool-1-worker-1	stdout	operator_metric,nitro,tpcds-parquet-sf10,q23a,0,31/TrinoNitroAggregationOperator@6177,nitroAggregationOutputNanos,5943828
[WARNING] [stderr] 2026-08-15T18:53:36.709-0600	INFO	ForkJoinPool-1-worker-1	stdout	operator_metric,nitro,tpcds-parquet-sf10,q23a,0,31/TrinoNitroAggregationOperator@6177,nitroProjectionGeneratedLayoutFallbacks,0
[WARNING] [stderr] 2026-08-15T18:53:36.709-0600	INFO	ForkJoinPool-1-worker-1	stdout	operator_metric,nitro,tpcds-parquet-sf10,q23a,0,31/TrinoNitroAggregationOperator@6177,nitroProjectionDictionaryInputPositions,0
[WARNING] [stderr] 2026-08-15T18:53:36.709-0600	INFO	ForkJoinPool-1-worker-1	stdout	operator_metric,nitro,tpcds-parquet-sf10,q23a,0,31/TrinoNitroAggregationOperator@6177,nitroProjectionPlannedAssignments,0
[WARNING] [stderr] 2026-08-15T18:53:36.709-0600	INFO	ForkJoinPool-1-worker-1	stdout	operator_metric,nitro,tpcds-parquet-sf10,q23a,0,31/TrinoNitroAggregationOperator@6177,nitroAggregationAccumulationNanos,0
[WARNING] [stderr] 2026-08-15T18:53:36.709-0600	INFO	ForkJoinPool-1-worker-1	stdout	operator_metric,nitro,tpcds-parquet-sf10,q23a,0,31/TrinoNitroAggregationOperator@6177,nitroBoundaryPageEgressFlatChannelPositions,8
[WARNING] [stderr] 2026-08-15T18:53:36.709-0600	INFO	ForkJoinPool-1-worker-1	stdout	operator_metric,nitro,tpcds-parquet-sf10,q23a,0,31/TrinoNitroAggregationOperator@6177,nitroProjectionGeneratedKernels,0
[WARNING] [stderr] 2026-08-15T18:53:36.709-0600	INFO	ForkJoinPool-1-worker-1	stdout	operator_metric,nitro,tpcds-parquet-sf10,q23a,0,31/TrinoNitroAggregationOperator@6177,nitroAggregationInitialEncodedKeyNanos,0
[WARNING] [stderr] 2026-08-15T18:53:36.709-0600	INFO	ForkJoinPool-1-worker-1	stdout	operator_metric,nitro,tpcds-parquet-sf10,q23a,0,31/TrinoNitroAggregationOperator@6177,nitroAggregationInputNanos,29704206
[WARNING] [stderr] 2026-08-15T18:53:36.709-0600	INFO	ForkJoinPool-1-worker-1	stdout	operator_metric,nitro,tpcds-parquet-sf10,q23a,0,31/TrinoNitroAggregationOperator@6177,nitroProjectionOtherInputPositions,0
[WARNING] [stderr] 2026-08-15T18:53:36.709-0600	INFO	ForkJoinPool-1-worker-1	stdout	operator_metric,nitro,tpcds-parquet-sf10,q23a,0,31/TrinoNitroAggregationOperator@6177,nitroAggregationFlushNanos,0
[WARNING] [stderr] 2026-08-15T18:53:36.709-0600	INFO	ForkJoinPool-1-worker-1	stdout	operator_metric,nitro,tpcds-parquet-sf10,q23a,0,31/TrinoNitroAggregationOperator@6177,nitroProjectionGeneratedSelectedPositions,0
[WARNING] [stderr] 2026-08-15T18:53:36.709-0600	INFO	ForkJoinPool-1-worker-1	stdout	operator_metric,nitro,tpcds-parquet-sf10,q23a,0,31/TrinoNitroAggregationOperator@6177,nitroBoundaryPageEgressPages,8
[WARNING] [stderr] 2026-08-15T18:53:36.709-0600	INFO	ForkJoinPool-1-worker-1	stdout	operator_metric,nitro,tpcds-parquet-sf10,q23a,0,31/TrinoNitroAggregationOperator@6177,nitroBoundaryNativeEgressRunLengthChannelPositions,0
[WARNING] [stderr] 2026-08-15T18:53:36.709-0600	INFO	ForkJoinPool-1-worker-1	stdout	operator_metric,nitro,tpcds-parquet-sf10,q23a,0,31/TrinoNitroAggregationOperator@6177,nitroProjectionGeneratedSuccesses,0
[WARNING] [stderr] 2026-08-15T18:53:36.709-0600	INFO	ForkJoinPool-1-worker-1	stdout	operator_metric,nitro,tpcds-parquet-sf10,q23a,0,31/TrinoNitroAggregationOperator@6177,nitroAggregationPipelineNanos,54116
[WARNING] [stderr] 2026-08-15T18:53:36.709-0600	INFO	ForkJoinPool-1-worker-1	stdout	operator_metric,nitro,tpcds-parquet-sf10,q23a,0,31/TrinoNitroAggregationOperator@6177,nitroProjectionFlatInputPositions,0
[WARNING] [stderr] 2026-08-15T18:53:36.709-0600	INFO	ForkJoinPool-1-worker-1	stdout	operator_metric,nitro,tpcds-parquet-sf10,q23a,0,31/TrinoNitroAggregationOperator@6177,nitroBoundaryPageEgressRunLengthChannelPositions,0
[WARNING] [stderr] 2026-08-15T18:53:36.709-0600	INFO	ForkJoinPool-1-worker-1	stdout	operator_metric,nitro,tpcds-parquet-sf10,q23a,0,31/TrinoNitroAggregationOperator@6177,nitroAggregationStatePreparationNanos,0
[WARNING] [stderr] 2026-08-15T18:53:36.709-0600	INFO	ForkJoinPool-1-worker-1	stdout	operator_metric,nitro,tpcds-parquet-sf10,q23a,0,31/TrinoNitroAggregationOperator@6177,nitroAggregationInitialAggregationNanos,0
[WARNING] [stderr] 2026-08-15T18:53:36.709-0600	INFO	ForkJoinPool-1-worker-1	stdout	operator_metric,nitro,tpcds-parquet-sf10,q23a,0,31/TrinoNitroAggregationOperator@6177,nitroProjectionPlannedComputedOutputs,0
[WARNING] [stderr] 2026-08-15T18:53:36.709-0600	INFO	ForkJoinPool-1-worker-1	stdout	operator_metric,nitro,tpcds-parquet-sf10,q23a,0,31/TrinoNitroAggregationOperator@6177,nitroAggregationInitialFlatKeyNanos,0
[WARNING] [stderr] 2026-08-15T18:53:36.709-0600	INFO	ForkJoinPool-1-worker-1	stdout	operator_metric,nitro,tpcds-parquet-sf10,q23a,0,31/TrinoNitroAggregationOperator@6177,nitroProjectionDictionaryFlatteningPositions,0
[WARNING] [stderr] 2026-08-15T18:53:36.709-0600	INFO	ForkJoinPool-1-worker-1	stdout	operator_metric,nitro,tpcds-parquet-sf10,q23a,0,31/TrinoNitroAggregationOperator@6177,nitroAggregationInitialKeyNanos,0
[WARNING] [stderr] 2026-08-15T18:53:36.709-0600	INFO	ForkJoinPool-1-worker-1	stdout	operator_metric,nitro,tpcds-parquet-sf10,q23a,0,31/TrinoNitroAggregationOperator@6177,nitroProjectionGeneratedAttempts,0
[WARNING] [stderr] 2026-08-15T18:53:36.709-0600	INFO	ForkJoinPool-1-worker-1	stdout	operator_metric,nitro,tpcds-parquet-sf10,q23a,0,31/TrinoNitroAggregationOperator@6177,nitroAggregationFusedNanos,0
[WARNING] [stderr] 2026-08-15T18:53:36.709-0600	INFO	ForkJoinPool-1-worker-1	stdout	operator_metric,nitro,tpcds-parquet-sf10,q23a,0,31/TrinoNitroAggregationOperator@6177,nitroBoundaryNativeEgressDictionaryChannelPositions,0
[WARNING] [stderr] 2026-08-15T18:53:36.709-0600	INFO	ForkJoinPool-1-worker-1	stdout	operator_metric,nitro,tpcds-parquet-sf10,q23a,0,31/TrinoNitroAggregationOperator@6177,nitroAggregationGroupingNanos,0
[WARNING] [stderr] 2026-08-15T18:53:36.709-0600	INFO	ForkJoinPool-1-worker-1	stdout	operator_metric,nitro,tpcds-parquet-sf10,q23a,0,31/TrinoNitroAggregationOperator@6177,nitroBoundaryNativeEgressFlatChannelPositions,8
[WARNING] [stderr] 2026-08-15T18:53:36.709-0600	INFO	ForkJoinPool-1-worker-1	stdout	operator_metric,nitro,tpcds-parquet-sf10,q23a,0,31/TrinoNitroAggregationOperator@6177,nitroBoundaryPageEgressDictionaryChannelPositions,0
[WARNING] [stderr] 2026-08-15T18:53:36.709-0600	INFO	ForkJoinPool-1-worker-1	stdout	operator_metric,nitro,tpcds-parquet-sf10,q23a,0,31/TrinoNitroAggregationOperator@6177,nitroProjectionGeneratedErrorFallbacks,0
[WARNING] [stderr] 2026-08-15T18:53:36.709-0600	INFO	ForkJoinPool-1-worker-1	stdout	operator_metric,nitro,tpcds-parquet-sf10,q23a,0,31/TrinoNitroAggregationOperator@6177,nitroBoundaryPageEgressBytes,136
[WARNING] [stderr] 2026-08-15T18:53:36.709-0600	INFO	ForkJoinPool-1-worker-1	stdout	operator_metric,nitro,tpcds-parquet-sf10,q23a,0,31/TrinoNitroAggregationOperator@6177,nitroProjectionOtherNullExpansionPositions,0
[WARNING] [stderr] 2026-08-15T18:53:36.709-0600	INFO	ForkJoinPool-1-worker-1	stdout	operator_metric,nitro,tpcds-parquet-sf10,q23a,0,31/TrinoNitroAggregationOperator@6177,nitroProjectionGeneratedOutputs,0
[WARNING] [stderr] 2026-08-15T18:53:36.709-0600	INFO	ForkJoinPool-1-worker-1	stdout	operator_metric,nitro,tpcds-parquet-sf10,q23a,0,31/TrinoNitroAggregationOperator@129,nitroAggregationFusedNanos,0
[WARNING] [stderr] 2026-08-15T18:53:36.709-0600	INFO	ForkJoinPool-1-worker-1	stdout	operator_metric,nitro,tpcds-parquet-sf10,q23a,0,31/TrinoNitroAggregationOperator@129,nitroBoundaryPageIngressPositions,1100549
[WARNING] [stderr] 2026-08-15T18:53:36.709-0600	INFO	ForkJoinPool-1-worker-1	stdout	operator_metric,nitro,tpcds-parquet-sf10,q23a,0,31/TrinoNitroAggregationOperator@129,nitroBoundaryNativeExchangeMaximumChannel1Bytes,2228224
[WARNING] [stderr] 2026-08-15T18:53:36.709-0600	INFO	ForkJoinPool-1-worker-1	stdout	operator_metric,nitro,tpcds-parquet-sf10,q23a,0,31/TrinoNitroAggregationOperator@129,nitroAggregationStatePreparationNanos,3851781
[WARNING] [stderr] 2026-08-15T18:53:36.709-0600	INFO	ForkJoinPool-1-worker-1	stdout	operator_metric,nitro,tpcds-parquet-sf10,q23a,0,31/TrinoNitroAggregationOperator@129,nitroBoundaryNativeExchangeMaximumChannel0Bytes,1179648
[WARNING] [stderr] 2026-08-15T18:53:36.709-0600	INFO	ForkJoinPool-1-worker-1	stdout	operator_metric,nitro,tpcds-parquet-sf10,q23a,0,31/TrinoNitroAggregationOperator@129,nitroAggregationAccumulationNanos,74229080
[WARNING] [stderr] 2026-08-15T18:53:36.709-0600	INFO	ForkJoinPool-1-worker-1	stdout	operator_metric,nitro,tpcds-parquet-sf10,q23a,0,31/TrinoNitroAggregationOperator@129,nitroBoundaryNativeExchangeMaximumBatchBytes,3407872
[WARNING] [stderr] 2026-08-15T18:53:36.709-0600	INFO	ForkJoinPool-1-worker-1	stdout	operator_metric,nitro,tpcds-parquet-sf10,q23a,0,31/TrinoNitroAggregationOperator@129,nitroAggregationInitialEncodedKeyNanos,0
[WARNING] [stderr] 2026-08-15T18:53:36.709-0600	INFO	ForkJoinPool-1-worker-1	stdout	operator_metric,nitro,tpcds-parquet-sf10,q23a,0,31/TrinoNitroAggregationOperator@129,nitroBoundaryPageIngressRunLengthChannelPositions,0
[WARNING] [stderr] 2026-08-15T18:53:36.709-0600	INFO	ForkJoinPool-1-worker-1	stdout	operator_metric,nitro,tpcds-parquet-sf10,q23a,0,31/TrinoNitroAggregationOperator@129,nitroBoundaryNativeExchangePositions,472250
[WARNING] [stderr] 2026-08-15T18:53:36.709-0600	INFO	ForkJoinPool-1-worker-1	stdout	operator_metric,nitro,tpcds-parquet-sf10,q23a,0,31/TrinoNitroAggregationOperator@129,nitroBoundaryNativeExchangeBatches,32
[WARNING] [stderr] 2026-08-15T18:53:36.709-0600	INFO	ForkJoinPool-1-worker-1	stdout	operator_metric,nitro,tpcds-parquet-sf10,q23a,0,31/TrinoNitroAggregationOperator@129,nitroBoundaryPageIngressPages,148
[WARNING] [stderr] 2026-08-15T18:53:36.709-0600	INFO	ForkJoinPool-1-worker-1	stdout	operator_metric,nitro,tpcds-parquet-sf10,q23a,0,31/TrinoNitroAggregationOperator@129,nitroAggregationInitialFlatKeyNanos,0
[WARNING] [stderr] 2026-08-15T18:53:36.709-0600	INFO	ForkJoinPool-1-worker-1	stdout	operator_metric,nitro,tpcds-parquet-sf10,q23a,0,31/TrinoNitroAggregationOperator@129,nitroAggregationGroupingNanos,44644743
[WARNING] [stderr] 2026-08-15T18:53:36.709-0600	INFO	ForkJoinPool-1-worker-1	stdout	operator_metric,nitro,tpcds-parquet-sf10,q23a,0,31/TrinoNitroAggregationOperator@129,nitroAggregationFlushNanos,0
[WARNING] [stderr] 2026-08-15T18:53:36.709-0600	INFO	ForkJoinPool-1-worker-1	stdout	operator_metric,nitro,tpcds-parquet-sf10,q23a,0,31/TrinoNitroAggregationOperator@129,nitroBoundaryPageIngressBytes,24212062
[WARNING] [stderr] 2026-08-15T18:53:36.709-0600	INFO	ForkJoinPool-1-worker-1	stdout	operator_metric,nitro,tpcds-parquet-sf10,q23a,0,31/TrinoNitroAggregationOperator@129,nitroBoundaryPageIngressFlatChannelPositions,2201098
[WARNING] [stderr] 2026-08-15T18:53:36.709-0600	INFO	ForkJoinPool-1-worker-1	stdout	operator_metric,nitro,tpcds-parquet-sf10,q23a,0,31/TrinoNitroAggregationOperator@129,nitroAggregationOutputNanos,3111599
[WARNING] [stderr] 2026-08-15T18:53:36.709-0600	INFO	ForkJoinPool-1-worker-1	stdout	operator_metric,nitro,tpcds-parquet-sf10,q23a,0,31/TrinoNitroAggregationOperator@129,nitroAggregationInputNanos,123609910
[WARNING] [stderr] 2026-08-15T18:53:36.709-0600	INFO	ForkJoinPool-1-worker-1	stdout	operator_metric,nitro,tpcds-parquet-sf10,q23a,0,31/TrinoNitroAggregationOperator@129,nitroBoundaryPageIngressDictionaryChannelPositions,0
[WARNING] [stderr] 2026-08-15T18:53:36.709-0600	INFO	ForkJoinPool-1-worker-1	stdout	operator_metric,nitro,tpcds-parquet-sf10,q23a,0,31/TrinoNitroAggregationOperator@129,nitroAggregationPipelineNanos,0
[WARNING] [stderr] 2026-08-15T18:53:36.709-0600	INFO	ForkJoinPool-1-worker-1	stdout	operator_metric,nitro,tpcds-parquet-sf10,q23a,0,31/TrinoNitroAggregationOperator@129,nitroBoundaryNativeExchangeBytes,12278500
[WARNING] [stderr] 2026-08-15T18:53:36.709-0600	INFO	ForkJoinPool-1-worker-1	stdout	operator_metric,nitro,tpcds-parquet-sf10,q23a,0,31/TrinoNitroAggregationOperator@129,nitroAggregationInitialAggregationNanos,0
[WARNING] [stderr] 2026-08-15T18:53:36.709-0600	INFO	ForkJoinPool-1-worker-1	stdout	operator_metric,nitro,tpcds-parquet-sf10,q23a,0,31/TrinoNitroAggregationOperator@129,nitroAggregationInitialKeyNanos,0
[WARNING] [stderr] 2026-08-15T18:53:36.709-0600	INFO	ForkJoinPool-1-worker-1	stdout	operator_metric,nitro,tpcds-parquet-sf10,q23a,0,4/TrinoNitroPipelineSourceOperator@5032,nitroNativeSourceCreationNanos,19906335
[WARNING] [stderr] 2026-08-15T18:53:36.709-0600	INFO	ForkJoinPool-1-worker-1	stdout	operator_metric,nitro,tpcds-parquet-sf10,q23a,0,4/TrinoNitroPipelineSourceOperator@5032,nitroAllocatorAllocatedVectorBytes.BooleanVector,45792060
[WARNING] [stderr] 2026-08-15T18:53:36.709-0600	INFO	ForkJoinPool-1-worker-1	stdout	operator_metric,nitro,tpcds-parquet-sf10,q23a,0,4/TrinoNitroPipelineSourceOperator@5032,nitroBoundaryNativeExchangeBatches,918
[WARNING] [stderr] 2026-08-15T18:53:36.709-0600	INFO	ForkJoinPool-1-worker-1	stdout	operator_metric,nitro,tpcds-parquet-sf10,q23a,0,4/TrinoNitroPipelineSourceOperator@5032,nitroAllocatorAllocatedBytes.trino-native-source-ingress,0
[WARNING] [stderr] 2026-08-15T18:53:36.709-0600	INFO	ForkJoinPool-1-worker-1	stdout	operator_metric,nitro,tpcds-parquet-sf10,q23a,0,4/TrinoNitroPipelineSourceOperator@5032,nitroAllocatorAllocatedVectorBytes,375494892
[WARNING] [stderr] 2026-08-15T18:53:36.709-0600	INFO	ForkJoinPool-1-worker-1	stdout	operator_metric,nitro,tpcds-parquet-sf10,q23a,0,4/TrinoNitroPipelineSourceOperator@5032,nitroAllocatorAllocatedVectorBytes.I32Vector,36633648
[WARNING] [stderr] 2026-08-15T18:53:36.709-0600	INFO	ForkJoinPool-1-worker-1	stdout	operator_metric,nitro,tpcds-parquet-sf10,q23a,0,4/TrinoNitroPipelineSourceOperator@5032,nitroAllocatorAllocatedBytes.NitroParquetBatchSource,375494892
[WARNING] [stderr] 2026-08-15T18:53:36.709-0600	INFO	ForkJoinPool-1-worker-1	stdout	operator_metric,nitro,tpcds-parquet-sf10,q23a,0,4/TrinoNitroPipelineSourceOperator@5032,nitroBoundaryNativeExchangePositions,9158412
[WARNING] [stderr] 2026-08-15T18:53:36.709-0600	INFO	ForkJoinPool-1-worker-1	stdout	operator_metric,nitro,tpcds-parquet-sf10,q23a,0,4/TrinoNitroPipelineSourceOperator@5032,nitroBoundaryNativeExchangeBytes,375494892
[WARNING] [stderr] 2026-08-15T18:53:36.709-0600	INFO	ForkJoinPool-1-worker-1	stdout	operator_metric,nitro,tpcds-parquet-sf10,q23a,0,4/TrinoNitroPipelineSourceOperator@5032,nitroOperatorConstructionNanos,329374
[WARNING] [stderr] 2026-08-15T18:53:36.709-0600	INFO	ForkJoinPool-1-worker-1	stdout	operator_metric,nitro,tpcds-parquet-sf10,q23a,0,4/TrinoNitroPipelineSourceOperator@5032,nitroBoundaryNativeExchangeMaximumBatchBytes,2460000
[WARNING] [stderr] 2026-08-15T18:53:36.709-0600	INFO	ForkJoinPool-1-worker-1	stdout	operator_metric,nitro,tpcds-parquet-sf10,q23a,0,4/TrinoNitroPipelineSourceOperator@5032,nitroAllocatorAllocatedBytes,375494892
[WARNING] [stderr] 2026-08-15T18:53:36.709-0600	INFO	ForkJoinPool-1-worker-1	stdout	operator_metric,nitro,tpcds-parquet-sf10,q23a,0,4/TrinoNitroPipelineSourceOperator@5032,nitroAllocatorAllocatedVectorBytes.I64Vector,293069184
[WARNING] [stderr] 2026-08-15T18:53:36.709-0600	INFO	ForkJoinPool-1-worker-1	stdout	operator_metric,nitro,tpcds-parquet-sf10,q23a,0,4/PartitionedOutputOperator@5032,nitroExchangePreservedPositions,0
[WARNING] [stderr] 2026-08-15T18:53:36.709-0600	INFO	ForkJoinPool-1-worker-1	stdout	operator_metric,nitro,tpcds-parquet-sf10,q23a,0,4/PartitionedOutputOperator@5032,nitroRemoteOutputPartitionAssignmentNanos,0
[WARNING] [stderr] 2026-08-15T18:53:36.709-0600	INFO	ForkJoinPool-1-worker-1	stdout	operator_metric,nitro,tpcds-parquet-sf10,q23a,0,4/PartitionedOutputOperator@5032,nitroRemoteOutputBufferedConversionNanos,36454149
[WARNING] [stderr] 2026-08-15T18:53:36.709-0600	INFO	ForkJoinPool-1-worker-1	stdout	operator_metric,nitro,tpcds-parquet-sf10,q23a,0,4/PartitionedOutputOperator@5032,nitroRemoteOutputNativePartitionAppendNanos,0
[WARNING] [stderr] 2026-08-15T18:53:36.709-0600	INFO	ForkJoinPool-1-worker-1	stdout	operator_metric,nitro,tpcds-parquet-sf10,q23a,0,4/PartitionedOutputOperator@5032,nitroRemoteOutputNativePartitionConversionNanos,0
[WARNING] [stderr] 2026-08-15T18:53:36.709-0600	INFO	ForkJoinPool-1-worker-1	stdout	operator_metric,nitro,tpcds-parquet-sf10,q23a,0,4/PartitionedOutputOperator@5032,nitroExchangeInputPages,918
[WARNING] [stderr] 2026-08-15T18:53:36.709-0600	INFO	ForkJoinPool-1-worker-1	stdout	operator_metric,nitro,tpcds-parquet-sf10,q23a,0,4/PartitionedOutputOperator@5032,nitroExchangeSmallPagePositions,0
[WARNING] [stderr] 2026-08-15T18:53:36.709-0600	INFO	ForkJoinPool-1-worker-1	stdout	operator_metric,nitro,tpcds-parquet-sf10,q23a,0,4/PartitionedOutputOperator@5032,nitroExchangeInputFlatChannelPositions,45792060
[WARNING] [stderr] 2026-08-15T18:53:36.709-0600	INFO	ForkJoinPool-1-worker-1	stdout	operator_metric,nitro,tpcds-parquet-sf10,q23a,0,4/PartitionedOutputOperator@5032,nitroExchangeDictionaryUnsupportedPositions,0
[WARNING] [stderr] 2026-08-15T18:53:36.709-0600	INFO	ForkJoinPool-1-worker-1	stdout	operator_metric,nitro,tpcds-parquet-sf10,q23a,0,4/PartitionedOutputOperator@5032,nitroRemoteOutputNativeBatches,0
[WARNING] [stderr] 2026-08-15T18:53:36.709-0600	INFO	ForkJoinPool-1-worker-1	stdout	operator_metric,nitro,tpcds-parquet-sf10,q23a,0,4/PartitionedOutputOperator@5032,nitroRemoteOutputNativePartitionCopyNanos,0
[WARNING] [stderr] 2026-08-15T18:53:36.709-0600	INFO	ForkJoinPool-1-worker-1	stdout	operator_metric,nitro,tpcds-parquet-sf10,q23a,0,4/PartitionedOutputOperator@5032,nitroExchangeInputDictionaryChannelPositions,0
[WARNING] [stderr] 2026-08-15T18:53:36.709-0600	INFO	ForkJoinPool-1-worker-1	stdout	operator_metric,nitro,tpcds-parquet-sf10,q23a,0,4/PartitionedOutputOperator@5032,nitroRemoteOutputNativePartitions,0
[WARNING] [stderr] 2026-08-15T18:53:36.709-0600	INFO	ForkJoinPool-1-worker-1	stdout	operator_metric,nitro,tpcds-parquet-sf10,q23a,0,4/PartitionedOutputOperator@5032,nitroRemoteOutputBufferedBatches,918
[WARNING] [stderr] 2026-08-15T18:53:36.709-0600	INFO	ForkJoinPool-1-worker-1	stdout	operator_metric,nitro,tpcds-parquet-sf10,q23a,0,4/PartitionedOutputOperator@5032,nitroRemoteOutputPartitionKeyConversionNanos,0
[WARNING] [stderr] 2026-08-15T18:53:36.709-0600	INFO	ForkJoinPool-1-worker-1	stdout	operator_metric,nitro,tpcds-parquet-sf10,q23a,0,4/PartitionedOutputOperator@5032,nitroExchangeRunLengthUnsupportedPositions,0
[WARNING] [stderr] 2026-08-15T18:53:36.709-0600	INFO	ForkJoinPool-1-worker-1	stdout	operator_metric,nitro,tpcds-parquet-sf10,q23a,0,4/PartitionedOutputOperator@5032,nitroRemoteOutputBufferedAppendNanos,252205941
[WARNING] [stderr] 2026-08-15T18:53:36.709-0600	INFO	ForkJoinPool-1-worker-1	stdout	operator_metric,nitro,tpcds-parquet-sf10,q23a,0,4/PartitionedOutputOperator@5032,nitroRemoteOutputTotalNanos,290485567
[WARNING] [stderr] 2026-08-15T18:53:36.709-0600	INFO	ForkJoinPool-1-worker-1	stdout	operator_metric,nitro,tpcds-parquet-sf10,q23a,0,4/PartitionedOutputOperator@5032,nitroRemoteOutputInputPositions,9158412
[WARNING] [stderr] 2026-08-15T18:53:36.709-0600	INFO	ForkJoinPool-1-worker-1	stdout	operator_metric,nitro,tpcds-parquet-sf10,q23a,0,4/PartitionedOutputOperator@5032,nitroExchangeInputRunLengthChannelPositions,0
[WARNING] [stderr] 2026-08-15T18:53:36.709-0600	INFO	ForkJoinPool-1-worker-1	stdout	operator_metric,nitro,tpcds-parquet-sf10,q23a,0,4/PartitionedOutputOperator@5032,nitroExchangeNoDictionaryPositions,9158412
[WARNING] [stderr] 2026-08-15T18:53:36.709-0600	INFO	ForkJoinPool-1-worker-1	stdout	operator_metric,nitro,tpcds-parquet-sf10,q23a,0,4/PartitionedOutputOperator@5032,nitroExchangeInputPositions,9158412
[WARNING] [stderr] 2026-08-15T18:53:36.709-0600	INFO	ForkJoinPool-1-worker-1	stdout	operator_metric,nitro,tpcds-parquet-sf10,q23a,0,4/PartitionedOutputOperator@5032,nitroExchangeLowDictionaryReusePositions,0
[WARNING] [stderr] 2026-08-15T18:53:36.709-0600	INFO	ForkJoinPool-1-worker-1	stdout	operator_metric,nitro,tpcds-parquet-sf10,q23a,0,5/TrinoNitroPipelineSourceOperator@2226,nitroBoundaryNativeExchangeBatches,1
[WARNING] [stderr] 2026-08-15T18:53:36.709-0600	INFO	ForkJoinPool-1-worker-1	stdout	operator_metric,nitro,tpcds-parquet-sf10,q23a,0,5/TrinoNitroPipelineSourceOperator@2226,nitroFilterPlannedPreboundMasks,2
[WARNING] [stderr] 2026-08-15T18:53:36.709-0600	INFO	ForkJoinPool-1-worker-1	stdout	operator_metric,nitro,tpcds-parquet-sf10,q23a,0,5/TrinoNitroPipelineSourceOperator@2226,nitroNativeSourceCreationNanos,221619
[WARNING] [stderr] 2026-08-15T18:53:36.709-0600	INFO	ForkJoinPool-1-worker-1	stdout	operator_metric,nitro,tpcds-parquet-sf10,q23a,0,5/TrinoNitroPipelineSourceOperator@2226,nitroProjectionOtherNullExpansionPositions,0
[WARNING] [stderr] 2026-08-15T18:53:36.709-0600	INFO	ForkJoinPool-1-worker-1	stdout	operator_metric,nitro,tpcds-parquet-sf10,q23a,0,5/TrinoNitroPipelineSourceOperator@2226,nitroFilterDirectPreboundMaskSuccesses,0
[WARNING] [stderr] 2026-08-15T18:53:36.709-0600	INFO	ForkJoinPool-1-worker-1	stdout	operator_metric,nitro,tpcds-parquet-sf10,q23a,0,5/TrinoNitroPipelineSourceOperator@2226,nitroAllocatorAllocatedBytes.NitroParquetBatchSource,760000
[WARNING] [stderr] 2026-08-15T18:53:36.709-0600	INFO	ForkJoinPool-1-worker-1	stdout	operator_metric,nitro,tpcds-parquet-sf10,q23a,0,5/TrinoNitroPipelineSourceOperator@2226,nitroProjectionGeneratedSuccesses,0
[WARNING] [stderr] 2026-08-15T18:53:36.709-0600	INFO	ForkJoinPool-1-worker-1	stdout	operator_metric,nitro,tpcds-parquet-sf10,q23a,0,5/TrinoNitroPipelineSourceOperator@2226,nitroProjectionRunLengthInputPositions,0
[WARNING] [stderr] 2026-08-15T18:53:36.709-0600	INFO	ForkJoinPool-1-worker-1	stdout	operator_metric,nitro,tpcds-parquet-sf10,q23a,0,5/TrinoNitroPipelineSourceOperator@2226,nitroFilterOutputPositions,29
[WARNING] [stderr] 2026-08-15T18:53:36.709-0600	INFO	ForkJoinPool-1-worker-1	stdout	operator_metric,nitro,tpcds-parquet-sf10,q23a,0,5/TrinoNitroPipelineSourceOperator@2226,nitroFilterPlannedCompiledMasks,2
[WARNING] [stderr] 2026-08-15T18:53:36.709-0600	INFO	ForkJoinPool-1-worker-1	stdout	operator_metric,nitro,tpcds-parquet-sf10,q23a,0,5/TrinoNitroPipelineSourceOperator@2226,nitroFilterSourceMaskSuccesses,0
[WARNING] [stderr] 2026-08-15T18:53:36.709-0600	INFO	ForkJoinPool-1-worker-1	stdout	operator_metric,nitro,tpcds-parquet-sf10,q23a,0,5/TrinoNitroPipelineSourceOperator@2226,nitroProjectionDictionaryInputPositions,0
[WARNING] [stderr] 2026-08-15T18:53:36.709-0600	INFO	ForkJoinPool-1-worker-1	stdout	operator_metric,nitro,tpcds-parquet-sf10,q23a,0,5/TrinoNitroPipelineSourceOperator@2226,nitroAllocatorAllocatedVectorBytes.I64Vector,320000
[WARNING] [stderr] 2026-08-15T18:53:36.709-0600	INFO	ForkJoinPool-1-worker-1	stdout	operator_metric,nitro,tpcds-parquet-sf10,q23a,0,5/TrinoNitroPipelineSourceOperator@2226,nitroFilterCompiledMaskAttempts,0
[WARNING] [stderr] 2026-08-15T18:53:36.709-0600	INFO	ForkJoinPool-1-worker-1	stdout	operator_metric,nitro,tpcds-parquet-sf10,q23a,0,5/TrinoNitroPipelineSourceOperator@2226,nitroFilterPlannedAssignments,5
[WARNING] [stderr] 2026-08-15T18:53:36.709-0600	INFO	ForkJoinPool-1-worker-1	stdout	operator_metric,nitro,tpcds-parquet-sf10,q23a,0,5/TrinoNitroPipelineSourceOperator@2226,nitroOperatorConstructionNanos,6042785
[WARNING] [stderr] 2026-08-15T18:53:36.709-0600	INFO	ForkJoinPool-1-worker-1	stdout	operator_metric,nitro,tpcds-parquet-sf10,q23a,0,5/TrinoNitroPipelineSourceOperator@2226,nitroProjectionPlannedComputedOutputs,0
[WARNING] [stderr] 2026-08-15T18:53:36.709-0600	INFO	ForkJoinPool-1-worker-1	stdout	operator_metric,nitro,tpcds-parquet-sf10,q23a,0,5/TrinoNitroPipelineSourceOperator@2226,nitroProjectionGeneratedLayoutFallbacks,0
[WARNING] [stderr] 2026-08-15T18:53:36.709-0600	INFO	ForkJoinPool-1-worker-1	stdout	operator_metric,nitro,tpcds-parquet-sf10,q23a,0,5/TrinoNitroPipelineSourceOperator@2226,nitroProjectionGeneratedKernels,0
[WARNING] [stderr] 2026-08-15T18:53:36.709-0600	INFO	ForkJoinPool-1-worker-1	stdout	operator_metric,nitro,tpcds-parquet-sf10,q23a,0,5/TrinoNitroPipelineSourceOperator@2226,nitroAllocatorAllocatedVectorBytes.I32Vector,320000
[WARNING] [stderr] 2026-08-15T18:53:36.709-0600	INFO	ForkJoinPool-1-worker-1	stdout	operator_metric,nitro,tpcds-parquet-sf10,q23a,0,5/TrinoNitroPipelineSourceOperator@2226,nitroBoundaryNativeExchangeMaximumBatchBytes,360000
[WARNING] [stderr] 2026-08-15T18:53:36.709-0600	INFO	ForkJoinPool-1-worker-1	stdout	operator_metric,nitro,tpcds-parquet-sf10,q23a,0,5/TrinoNitroPipelineSourceOperator@2226,nitroFilterInputPositions,29
[WARNING] [stderr] 2026-08-15T18:53:36.709-0600	INFO	ForkJoinPool-1-worker-1	stdout	operator_metric,nitro,tpcds-parquet-sf10,q23a,0,5/TrinoNitroPipelineSourceOperator@2226,nitroAllocatorAllocatedVectorBytes.BooleanVector,120000
[WARNING] [stderr] 2026-08-15T18:53:36.709-0600	INFO	ForkJoinPool-1-worker-1	stdout	operator_metric,nitro,tpcds-parquet-sf10,q23a,0,5/TrinoNitroPipelineSourceOperator@2226,nitroBoundaryNativeExchangePositions,29
[WARNING] [stderr] 2026-08-15T18:53:36.709-0600	INFO	ForkJoinPool-1-worker-1	stdout	operator_metric,nitro,tpcds-parquet-sf10,q23a,0,5/TrinoNitroPipelineSourceOperator@2226,nitroAllocatorAllocatedBytes.FilterOperator,0
[WARNING] [stderr] 2026-08-15T18:53:36.709-0600	INFO	ForkJoinPool-1-worker-1	stdout	operator_metric,nitro,tpcds-parquet-sf10,q23a,0,5/TrinoNitroPipelineSourceOperator@2226,nitroAllocatorAllocatedBytes.ProjectOperator,0
[WARNING] [stderr] 2026-08-15T18:53:36.709-0600	INFO	ForkJoinPool-1-worker-1	stdout	operator_metric,nitro,tpcds-parquet-sf10,q23a,0,5/TrinoNitroPipelineSourceOperator@2226,nitroFilterCompiledMaskSuccesses,0
[WARNING] [stderr] 2026-08-15T18:53:36.709-0600	INFO	ForkJoinPool-1-worker-1	stdout	operator_metric,nitro,tpcds-parquet-sf10,q23a,0,5/TrinoNitroPipelineSourceOperator@2226,nitroFilterPrimitiveMaskFallbacks,0
[WARNING] [stderr] 2026-08-15T18:53:36.709-0600	INFO	ForkJoinPool-1-worker-1	stdout	operator_metric,nitro,tpcds-parquet-sf10,q23a,0,5/TrinoNitroPipelineSourceOperator@2226,nitroProjectionIntegerWideningPositions,0
[WARNING] [stderr] 2026-08-15T18:53:36.709-0600	INFO	ForkJoinPool-1-worker-1	stdout	operator_metric,nitro,tpcds-parquet-sf10,q23a,0,5/TrinoNitroPipelineSourceOperator@2226,nitroBoundaryNativeExchangeBytes,360000
[WARNING] [stderr] 2026-08-15T18:53:36.709-0600	INFO	ForkJoinPool-1-worker-1	stdout	operator_metric,nitro,tpcds-parquet-sf10,q23a,0,5/TrinoNitroPipelineSourceOperator@2226,nitroFilterMaterializedMaskFallbacks,0
[WARNING] [stderr] 2026-08-15T18:53:36.709-0600	INFO	ForkJoinPool-1-worker-1	stdout	operator_metric,nitro,tpcds-parquet-sf10,q23a,0,5/TrinoNitroPipelineSourceOperator@2226,nitroFilterCompiledMaskFallbacks,0
[WARNING] [stderr] 2026-08-15T18:53:36.709-0600	INFO	ForkJoinPool-1-worker-1	stdout	operator_metric,nitro,tpcds-parquet-sf10,q23a,0,5/TrinoNitroPipelineSourceOperator@2226,nitroProjectionGeneratedErrorFallbacks,0
[WARNING] [stderr] 2026-08-15T18:53:36.709-0600	INFO	ForkJoinPool-1-worker-1	stdout	operator_metric,nitro,tpcds-parquet-sf10,q23a,0,5/TrinoNitroPipelineSourceOperator@2226,nitroFilterPlannedSourceMaskOptimizations,0
[WARNING] [stderr] 2026-08-15T18:53:36.709-0600	INFO	ForkJoinPool-1-worker-1	stdout	operator_metric,nitro,tpcds-parquet-sf10,q23a,0,5/TrinoNitroPipelineSourceOperator@2226,nitroAllocatorAllocatedBytes,760000
[WARNING] [stderr] 2026-08-15T18:53:36.709-0600	INFO	ForkJoinPool-1-worker-1	stdout	operator_metric,nitro,tpcds-parquet-sf10,q23a,0,5/TrinoNitroPipelineSourceOperator@2226,nitroProjectionFlatInputPositions,0
[WARNING] [stderr] 2026-08-15T18:53:36.709-0600	INFO	ForkJoinPool-1-worker-1	stdout	operator_metric,nitro,tpcds-parquet-sf10,q23a,0,5/TrinoNitroPipelineSourceOperator@2226,nitroFilterPrimitiveMaskAttempts,0
[WARNING] [stderr] 2026-08-15T18:53:36.709-0600	INFO	ForkJoinPool-1-worker-1	stdout	operator_metric,nitro,tpcds-parquet-sf10,q23a,0,5/TrinoNitroPipelineSourceOperator@2226,nitroProjectionGeneratedAttempts,0
[WARNING] [stderr] 2026-08-15T18:53:36.709-0600	INFO	ForkJoinPool-1-worker-1	stdout	operator_metric,nitro,tpcds-parquet-sf10,q23a,0,5/TrinoNitroPipelineSourceOperator@2226,nitroProjectionPlannedAssignments,0
[WARNING] [stderr] 2026-08-15T18:53:36.709-0600	INFO	ForkJoinPool-1-worker-1	stdout	operator_metric,nitro,tpcds-parquet-sf10,q23a,0,5/TrinoNitroPipelineSourceOperator@2226,nitroProjectionGeneratedSelectedPositions,0
[WARNING] [stderr] 2026-08-15T18:53:36.709-0600	INFO	ForkJoinPool-1-worker-1	stdout	operator_metric,nitro,tpcds-parquet-sf10,q23a,0,5/TrinoNitroPipelineSourceOperator@2226,nitroFilterPrimitiveMaskSuccesses,0
[WARNING] [stderr] 2026-08-15T18:53:36.709-0600	INFO	ForkJoinPool-1-worker-1	stdout	operator_metric,nitro,tpcds-parquet-sf10,q23a,0,5/TrinoNitroPipelineSourceOperator@2226,nitroProjectionOtherInputPositions,0
[WARNING] [stderr] 2026-08-15T18:53:36.709-0600	INFO	ForkJoinPool-1-worker-1	stdout	operator_metric,nitro,tpcds-parquet-sf10,q23a,0,5/TrinoNitroPipelineSourceOperator@2226,nitroProjectionDictionaryFlatteningPositions,0
[WARNING] [stderr] 2026-08-15T18:53:36.709-0600	INFO	ForkJoinPool-1-worker-1	stdout	operator_metric,nitro,tpcds-parquet-sf10,q23a,0,5/TrinoNitroPipelineSourceOperator@2226,nitroProjectionGeneratedOutputs,0
[WARNING] [stderr] 2026-08-15T18:53:36.709-0600	INFO	ForkJoinPool-1-worker-1	stdout	operator_metric,nitro,tpcds-parquet-sf10,q23a,0,5/TrinoNitroPipelineSourceOperator@2226,nitroAllocatorAllocatedVectorBytes,760000
[WARNING] [stderr] 2026-08-15T18:53:36.709-0600	INFO	ForkJoinPool-1-worker-1	stdout	operator_metric,nitro,tpcds-parquet-sf10,q23a,0,5/TrinoNitroPipelineSourceOperator@2226,nitroProjectionDictionaryNullExpansionPositions,0
[WARNING] [stderr] 2026-08-15T18:53:36.709-0600	INFO	ForkJoinPool-1-worker-1	stdout	operator_metric,nitro,tpcds-parquet-sf10,q23a,0,5/TrinoNitroPipelineSourceOperator@2226,nitroAllocatorAllocatedBytes.trino-native-source-ingress,0
[WARNING] [stderr] 2026-08-15T18:53:36.709-0600	INFO	ForkJoinPool-1-worker-1	stdout	operator_metric,nitro,tpcds-parquet-sf10,q23a,0,5/PartitionedOutputOperator@2226,nitroExchangePreservedPositions,0
[WARNING] [stderr] 2026-08-15T18:53:36.709-0600	INFO	ForkJoinPool-1-worker-1	stdout	operator_metric,nitro,tpcds-parquet-sf10,q23a,0,5/PartitionedOutputOperator@2226,nitroRemoteOutputBufferedConversionNanos,13265
[WARNING] [stderr] 2026-08-15T18:53:36.709-0600	INFO	ForkJoinPool-1-worker-1	stdout	operator_metric,nitro,tpcds-parquet-sf10,q23a,0,5/PartitionedOutputOperator@2226,nitroRemoteOutputPartitionAssignmentNanos,0
[WARNING] [stderr] 2026-08-15T18:53:36.709-0600	INFO	ForkJoinPool-1-worker-1	stdout	operator_metric,nitro,tpcds-parquet-sf10,q23a,0,5/PartitionedOutputOperator@2226,nitroRemoteOutputNativePartitionAppendNanos,0
[WARNING] [stderr] 2026-08-15T18:53:36.709-0600	INFO	ForkJoinPool-1-worker-1	stdout	operator_metric,nitro,tpcds-parquet-sf10,q23a,0,5/PartitionedOutputOperator@2226,nitroExchangeInputPages,1
[WARNING] [stderr] 2026-08-15T18:53:36.709-0600	INFO	ForkJoinPool-1-worker-1	stdout	operator_metric,nitro,tpcds-parquet-sf10,q23a,0,5/PartitionedOutputOperator@2226,nitroRemoteOutputNativePartitionConversionNanos,0
[WARNING] [stderr] 2026-08-15T18:53:36.709-0600	INFO	ForkJoinPool-1-worker-1	stdout	operator_metric,nitro,tpcds-parquet-sf10,q23a,0,5/PartitionedOutputOperator@2226,nitroExchangeSmallPagePositions,0
[WARNING] [stderr] 2026-08-15T18:53:36.709-0600	INFO	ForkJoinPool-1-worker-1	stdout	operator_metric,nitro,tpcds-parquet-sf10,q23a,0,5/PartitionedOutputOperator@2226,nitroRemoteOutputNativePartitionCopyNanos,0
[WARNING] [stderr] 2026-08-15T18:53:36.709-0600	INFO	ForkJoinPool-1-worker-1	stdout	operator_metric,nitro,tpcds-parquet-sf10,q23a,0,5/PartitionedOutputOperator@2226,nitroRemoteOutputNativeBatches,0
[WARNING] [stderr] 2026-08-15T18:53:36.709-0600	INFO	ForkJoinPool-1-worker-1	stdout	operator_metric,nitro,tpcds-parquet-sf10,q23a,0,5/PartitionedOutputOperator@2226,nitroExchangeInputFlatChannelPositions,29
[WARNING] [stderr] 2026-08-15T18:53:36.709-0600	INFO	ForkJoinPool-1-worker-1	stdout	operator_metric,nitro,tpcds-parquet-sf10,q23a,0,5/PartitionedOutputOperator@2226,nitroExchangeDictionaryUnsupportedPositions,0
[WARNING] [stderr] 2026-08-15T18:53:36.709-0600	INFO	ForkJoinPool-1-worker-1	stdout	operator_metric,nitro,tpcds-parquet-sf10,q23a,0,5/PartitionedOutputOperator@2226,nitroExchangeInputDictionaryChannelPositions,0
[WARNING] [stderr] 2026-08-15T18:53:36.709-0600	INFO	ForkJoinPool-1-worker-1	stdout	operator_metric,nitro,tpcds-parquet-sf10,q23a,0,5/PartitionedOutputOperator@2226,nitroRemoteOutputNativePartitions,0
[WARNING] [stderr] 2026-08-15T18:53:36.709-0600	INFO	ForkJoinPool-1-worker-1	stdout	operator_metric,nitro,tpcds-parquet-sf10,q23a,0,5/PartitionedOutputOperator@2226,nitroRemoteOutputBufferedBatches,1
[WARNING] [stderr] 2026-08-15T18:53:36.709-0600	INFO	ForkJoinPool-1-worker-1	stdout	operator_metric,nitro,tpcds-parquet-sf10,q23a,0,5/PartitionedOutputOperator@2226,nitroRemoteOutputPartitionKeyConversionNanos,0
[WARNING] [stderr] 2026-08-15T18:53:36.709-0600	INFO	ForkJoinPool-1-worker-1	stdout	operator_metric,nitro,tpcds-parquet-sf10,q23a,0,5/PartitionedOutputOperator@2226,nitroExchangeRunLengthUnsupportedPositions,0
[WARNING] [stderr] 2026-08-15T18:53:36.709-0600	INFO	ForkJoinPool-1-worker-1	stdout	operator_metric,nitro,tpcds-parquet-sf10,q23a,0,5/PartitionedOutputOperator@2226,nitroRemoteOutputBufferedAppendNanos,24296
[WARNING] [stderr] 2026-08-15T18:53:36.709-0600	INFO	ForkJoinPool-1-worker-1	stdout	operator_metric,nitro,tpcds-parquet-sf10,q23a,0,5/PartitionedOutputOperator@2226,nitroExchangeNoDictionaryPositions,29
[WARNING] [stderr] 2026-08-15T18:53:36.709-0600	INFO	ForkJoinPool-1-worker-1	stdout	operator_metric,nitro,tpcds-parquet-sf10,q23a,0,5/PartitionedOutputOperator@2226,nitroRemoteOutputInputPositions,29
[WARNING] [stderr] 2026-08-15T18:53:36.709-0600	INFO	ForkJoinPool-1-worker-1	stdout	operator_metric,nitro,tpcds-parquet-sf10,q23a,0,5/PartitionedOutputOperator@2226,nitroRemoteOutputTotalNanos,43222
[WARNING] [stderr] 2026-08-15T18:53:36.709-0600	INFO	ForkJoinPool-1-worker-1	stdout	operator_metric,nitro,tpcds-parquet-sf10,q23a,0,5/PartitionedOutputOperator@2226,nitroExchangeInputRunLengthChannelPositions,0
[WARNING] [stderr] 2026-08-15T18:53:36.709-0600	INFO	ForkJoinPool-1-worker-1	stdout	operator_metric,nitro,tpcds-parquet-sf10,q23a,0,5/PartitionedOutputOperator@2226,nitroExchangeInputPositions,29
[WARNING] [stderr] 2026-08-15T18:53:36.709-0600	INFO	ForkJoinPool-1-worker-1	stdout	operator_metric,nitro,tpcds-parquet-sf10,q23a,0,5/PartitionedOutputOperator@2226,nitroExchangeLowDictionaryReusePositions,0
[WARNING] [stderr] 2026-08-15T18:53:36.709-0600	INFO	ForkJoinPool-1-worker-1	stdout	operator_metric,nitro,tpcds-parquet-sf10,q23a,0,7/TrinoNitroPipelineSourceOperator@5039,nitroOperatorConstructionNanos,304028
[WARNING] [stderr] 2026-08-15T18:53:36.709-0600	INFO	ForkJoinPool-1-worker-1	stdout	operator_metric,nitro,tpcds-parquet-sf10,q23a,0,7/TrinoNitroPipelineSourceOperator@5039,nitroBoundaryNativeExchangeMaximumBatchBytes,5940000
[WARNING] [stderr] 2026-08-15T18:53:36.709-0600	INFO	ForkJoinPool-1-worker-1	stdout	operator_metric,nitro,tpcds-parquet-sf10,q23a,0,7/TrinoNitroPipelineSourceOperator@5039,nitroBoundaryNativeExchangeBytes,901492650
[WARNING] [stderr] 2026-08-15T18:53:36.709-0600	INFO	ForkJoinPool-1-worker-1	stdout	operator_metric,nitro,tpcds-parquet-sf10,q23a,0,7/TrinoNitroPipelineSourceOperator@5039,nitroAllocatorAllocatedVectorBytes,901492650
[WARNING] [stderr] 2026-08-15T18:53:36.709-0600	INFO	ForkJoinPool-1-worker-1	stdout	operator_metric,nitro,tpcds-parquet-sf10,q23a,0,7/TrinoNitroPipelineSourceOperator@5039,nitroNativeSourceCreationNanos,10858569
[WARNING] [stderr] 2026-08-15T18:53:36.709-0600	INFO	ForkJoinPool-1-worker-1	stdout	operator_metric,nitro,tpcds-parquet-sf10,q23a,0,7/TrinoNitroPipelineSourceOperator@5039,nitroAllocatorAllocatedVectorBytes.BooleanVector,100165850
[WARNING] [stderr] 2026-08-15T18:53:36.709-0600	INFO	ForkJoinPool-1-worker-1	stdout	operator_metric,nitro,tpcds-parquet-sf10,q23a,0,7/TrinoNitroPipelineSourceOperator@5039,nitroAllocatorAllocatedBytes.NitroParquetBatchSource,901492650
[WARNING] [stderr] 2026-08-15T18:53:36.709-0600	INFO	ForkJoinPool-1-worker-1	stdout	operator_metric,nitro,tpcds-parquet-sf10,q23a,0,7/TrinoNitroPipelineSourceOperator@5039,nitroAllocatorAllocatedBytes,901492650
[WARNING] [stderr] 2026-08-15T18:53:36.709-0600	INFO	ForkJoinPool-1-worker-1	stdout	operator_metric,nitro,tpcds-parquet-sf10,q23a,0,7/TrinoNitroPipelineSourceOperator@5039,nitroBoundaryNativeExchangePositions,21880103
[WARNING] [stderr] 2026-08-15T18:53:36.709-0600	INFO	ForkJoinPool-1-worker-1	stdout	operator_metric,nitro,tpcds-parquet-sf10,q23a,0,7/TrinoNitroPipelineSourceOperator@5039,nitroAllocatorAllocatedVectorBytes.I64Vector,801326800
[WARNING] [stderr] 2026-08-15T18:53:36.709-0600	INFO	ForkJoinPool-1-worker-1	stdout	operator_metric,nitro,tpcds-parquet-sf10,q23a,0,7/TrinoNitroPipelineSourceOperator@5039,nitroBoundaryNativeExchangeBatches,2195
[WARNING] [stderr] 2026-08-15T18:53:36.712-0600	INFO	ForkJoinPool-1-worker-1	stdout	operator_metric,nitro,tpcds-parquet-sf10,q23a,0,7/TrinoNitroPipelineSourceOperator@5039,nitroAllocatorAllocatedBytes.trino-native-source-ingress,0
[WARNING] [stderr] 2026-08-15T18:53:36.712-0600	INFO	ForkJoinPool-1-worker-1	stdout	operator_metric,nitro,tpcds-parquet-sf10,q23a,0,7/PartitionedOutputOperator@5039,nitroExchangePreservedPositions,0
[WARNING] [stderr] 2026-08-15T18:53:36.712-0600	INFO	ForkJoinPool-1-worker-1	stdout	operator_metric,nitro,tpcds-parquet-sf10,q23a,0,7/PartitionedOutputOperator@5039,nitroRemoteOutputPartitionAssignmentNanos,0
[WARNING] [stderr] 2026-08-15T18:53:36.712-0600	INFO	ForkJoinPool-1-worker-1	stdout	operator_metric,nitro,tpcds-parquet-sf10,q23a,0,7/PartitionedOutputOperator@5039,nitroRemoteOutputBufferedConversionNanos,133662423
[WARNING] [stderr] 2026-08-15T18:53:36.712-0600	INFO	ForkJoinPool-1-worker-1	stdout	operator_metric,nitro,tpcds-parquet-sf10,q23a,0,7/PartitionedOutputOperator@5039,nitroRemoteOutputNativePartitionAppendNanos,0
[WARNING] [stderr] 2026-08-15T18:53:36.712-0600	INFO	ForkJoinPool-1-worker-1	stdout	operator_metric,nitro,tpcds-parquet-sf10,q23a,0,7/PartitionedOutputOperator@5039,nitroRemoteOutputNativePartitionConversionNanos,0
[WARNING] [stderr] 2026-08-15T18:53:36.712-0600	INFO	ForkJoinPool-1-worker-1	stdout	operator_metric,nitro,tpcds-parquet-sf10,q23a,0,7/PartitionedOutputOperator@5039,nitroExchangeInputPages,2195
[WARNING] [stderr] 2026-08-15T18:53:36.712-0600	INFO	ForkJoinPool-1-worker-1	stdout	operator_metric,nitro,tpcds-parquet-sf10,q23a,0,7/PartitionedOutputOperator@5039,nitroExchangeSmallPagePositions,0
[WARNING] [stderr] 2026-08-15T18:53:36.712-0600	INFO	ForkJoinPool-1-worker-1	stdout	operator_metric,nitro,tpcds-parquet-sf10,q23a,0,7/PartitionedOutputOperator@5039,nitroExchangeInputFlatChannelPositions,43760206
[WARNING] [stderr] 2026-08-15T18:53:36.712-0600	INFO	ForkJoinPool-1-worker-1	stdout	operator_metric,nitro,tpcds-parquet-sf10,q23a,0,7/PartitionedOutputOperator@5039,nitroExchangeDictionaryUnsupportedPositions,0
[WARNING] [stderr] 2026-08-15T18:53:36.712-0600	INFO	ForkJoinPool-1-worker-1	stdout	operator_metric,nitro,tpcds-parquet-sf10,q23a,0,7/PartitionedOutputOperator@5039,nitroRemoteOutputNativeBatches,0
[WARNING] [stderr] 2026-08-15T18:53:36.712-0600	INFO	ForkJoinPool-1-worker-1	stdout	operator_metric,nitro,tpcds-parquet-sf10,q23a,0,7/PartitionedOutputOperator@5039,nitroRemoteOutputNativePartitionCopyNanos,0
[WARNING] [stderr] 2026-08-15T18:53:36.712-0600	INFO	ForkJoinPool-1-worker-1	stdout	operator_metric,nitro,tpcds-parquet-sf10,q23a,0,7/PartitionedOutputOperator@5039,nitroExchangeInputDictionaryChannelPositions,0
[WARNING] [stderr] 2026-08-15T18:53:36.712-0600	INFO	ForkJoinPool-1-worker-1	stdout	operator_metric,nitro,tpcds-parquet-sf10,q23a,0,7/PartitionedOutputOperator@5039,nitroRemoteOutputNativePartitions,0
[WARNING] [stderr] 2026-08-15T18:53:36.712-0600	INFO	ForkJoinPool-1-worker-1	stdout	operator_metric,nitro,tpcds-parquet-sf10,q23a,0,7/PartitionedOutputOperator@5039,nitroRemoteOutputBufferedBatches,2195
[WARNING] [stderr] 2026-08-15T18:53:36.712-0600	INFO	ForkJoinPool-1-worker-1	stdout	operator_metric,nitro,tpcds-parquet-sf10,q23a,0,7/PartitionedOutputOperator@5039,nitroRemoteOutputPartitionKeyConversionNanos,0
[WARNING] [stderr] 2026-08-15T18:53:36.712-0600	INFO	ForkJoinPool-1-worker-1	stdout	operator_metric,nitro,tpcds-parquet-sf10,q23a,0,7/PartitionedOutputOperator@5039,nitroExchangeRunLengthUnsupportedPositions,0
[WARNING] [stderr] 2026-08-15T18:53:36.712-0600	INFO	ForkJoinPool-1-worker-1	stdout	operator_metric,nitro,tpcds-parquet-sf10,q23a,0,7/PartitionedOutputOperator@5039,nitroRemoteOutputBufferedAppendNanos,305662709
[WARNING] [stderr] 2026-08-15T18:53:36.712-0600	INFO	ForkJoinPool-1-worker-1	stdout	operator_metric,nitro,tpcds-parquet-sf10,q23a,0,7/PartitionedOutputOperator@5039,nitroRemoteOutputTotalNanos,443407202
[WARNING] [stderr] 2026-08-15T18:53:36.712-0600	INFO	ForkJoinPool-1-worker-1	stdout	operator_metric,nitro,tpcds-parquet-sf10,q23a,0,7/PartitionedOutputOperator@5039,nitroRemoteOutputInputPositions,21880103
[WARNING] [stderr] 2026-08-15T18:53:36.712-0600	INFO	ForkJoinPool-1-worker-1	stdout	operator_metric,nitro,tpcds-parquet-sf10,q23a,0,7/PartitionedOutputOperator@5039,nitroExchangeInputRunLengthChannelPositions,0
[WARNING] [stderr] 2026-08-15T18:53:36.712-0600	INFO	ForkJoinPool-1-worker-1	stdout	operator_metric,nitro,tpcds-parquet-sf10,q23a,0,7/PartitionedOutputOperator@5039,nitroExchangeNoDictionaryPositions,21880103
[WARNING] [stderr] 2026-08-15T18:53:36.712-0600	INFO	ForkJoinPool-1-worker-1	stdout	operator_metric,nitro,tpcds-parquet-sf10,q23a,0,7/PartitionedOutputOperator@5039,nitroExchangeInputPositions,21880103
[WARNING] [stderr] 2026-08-15T18:53:36.712-0600	INFO	ForkJoinPool-1-worker-1	stdout	operator_metric,nitro,tpcds-parquet-sf10,q23a,0,7/PartitionedOutputOperator@5039,nitroExchangeLowDictionaryReusePositions,0
[WARNING] [stderr] 2026-08-15T18:53:36.712-0600	INFO	ForkJoinPool-1-worker-1	stdout	operator_metric,nitro,tpcds-parquet-sf10,q23a,0,8/TrinoNitroPipelineSourceOperator@2260,nitroBoundaryNativeExchangeBatches,1
[WARNING] [stderr] 2026-08-15T18:53:36.712-0600	INFO	ForkJoinPool-1-worker-1	stdout	operator_metric,nitro,tpcds-parquet-sf10,q23a,0,8/TrinoNitroPipelineSourceOperator@2260,nitroFilterPlannedPreboundMasks,0
[WARNING] [stderr] 2026-08-15T18:53:36.712-0600	INFO	ForkJoinPool-1-worker-1	stdout	operator_metric,nitro,tpcds-parquet-sf10,q23a,0,8/TrinoNitroPipelineSourceOperator@2260,nitroNativeSourceCreationNanos,206150
[WARNING] [stderr] 2026-08-15T18:53:36.712-0600	INFO	ForkJoinPool-1-worker-1	stdout	operator_metric,nitro,tpcds-parquet-sf10,q23a,0,8/TrinoNitroPipelineSourceOperator@2260,nitroProjectionOtherNullExpansionPositions,0
[WARNING] [stderr] 2026-08-15T18:53:36.712-0600	INFO	ForkJoinPool-1-worker-1	stdout	operator_metric,nitro,tpcds-parquet-sf10,q23a,0,8/TrinoNitroPipelineSourceOperator@2260,nitroFilterDirectPreboundMaskSuccesses,0
[WARNING] [stderr] 2026-08-15T18:53:36.712-0600	INFO	ForkJoinPool-1-worker-1	stdout	operator_metric,nitro,tpcds-parquet-sf10,q23a,0,8/TrinoNitroPipelineSourceOperator@2260,nitroAllocatorAllocatedBytes.NitroParquetBatchSource,760000
[WARNING] [stderr] 2026-08-15T18:53:36.712-0600	INFO	ForkJoinPool-1-worker-1	stdout	operator_metric,nitro,tpcds-parquet-sf10,q23a,0,8/TrinoNitroPipelineSourceOperator@2260,nitroProjectionGeneratedSuccesses,0
[WARNING] [stderr] 2026-08-15T18:53:36.712-0600	INFO	ForkJoinPool-1-worker-1	stdout	operator_metric,nitro,tpcds-parquet-sf10,q23a,0,8/TrinoNitroPipelineSourceOperator@2260,nitroProjectionRunLengthInputPositions,0
[WARNING] [stderr] 2026-08-15T18:53:36.712-0600	INFO	ForkJoinPool-1-worker-1	stdout	operator_metric,nitro,tpcds-parquet-sf10,q23a,0,8/TrinoNitroPipelineSourceOperator@2260,nitroFilterOutputPositions,1461
[WARNING] [stderr] 2026-08-15T18:53:36.712-0600	INFO	ForkJoinPool-1-worker-1	stdout	operator_metric,nitro,tpcds-parquet-sf10,q23a,0,8/TrinoNitroPipelineSourceOperator@2260,nitroFilterPlannedCompiledMasks,0
[WARNING] [stderr] 2026-08-15T18:53:36.712-0600	INFO	ForkJoinPool-1-worker-1	stdout	operator_metric,nitro,tpcds-parquet-sf10,q23a,0,8/TrinoNitroPipelineSourceOperator@2260,nitroFilterSourceMaskSuccesses,0
[WARNING] [stderr] 2026-08-15T18:53:36.712-0600	INFO	ForkJoinPool-1-worker-1	stdout	operator_metric,nitro,tpcds-parquet-sf10,q23a,0,8/TrinoNitroPipelineSourceOperator@2260,nitroProjectionDictionaryInputPositions,0
[WARNING] [stderr] 2026-08-15T18:53:36.712-0600	INFO	ForkJoinPool-1-worker-1	stdout	operator_metric,nitro,tpcds-parquet-sf10,q23a,0,8/TrinoNitroPipelineSourceOperator@2260,nitroAllocatorAllocatedVectorBytes.I64Vector,320000
[WARNING] [stderr] 2026-08-15T18:53:36.712-0600	INFO	ForkJoinPool-1-worker-1	stdout	operator_metric,nitro,tpcds-parquet-sf10,q23a,0,8/TrinoNitroPipelineSourceOperator@2260,nitroFilterCompiledMaskAttempts,0
[WARNING] [stderr] 2026-08-15T18:53:36.712-0600	INFO	ForkJoinPool-1-worker-1	stdout	operator_metric,nitro,tpcds-parquet-sf10,q23a,0,8/TrinoNitroPipelineSourceOperator@2260,nitroFilterPlannedAssignments,5
[WARNING] [stderr] 2026-08-15T18:53:36.712-0600	INFO	ForkJoinPool-1-worker-1	stdout	operator_metric,nitro,tpcds-parquet-sf10,q23a,0,8/TrinoNitroPipelineSourceOperator@2260,nitroOperatorConstructionNanos,190140
[WARNING] [stderr] 2026-08-15T18:53:36.712-0600	INFO	ForkJoinPool-1-worker-1	stdout	operator_metric,nitro,tpcds-parquet-sf10,q23a,0,8/TrinoNitroPipelineSourceOperator@2260,nitroProjectionPlannedComputedOutputs,0
[WARNING] [stderr] 2026-08-15T18:53:36.712-0600	INFO	ForkJoinPool-1-worker-1	stdout	operator_metric,nitro,tpcds-parquet-sf10,q23a,0,8/TrinoNitroPipelineSourceOperator@2260,nitroProjectionGeneratedLayoutFallbacks,0
[WARNING] [stderr] 2026-08-15T18:53:36.712-0600	INFO	ForkJoinPool-1-worker-1	stdout	operator_metric,nitro,tpcds-parquet-sf10,q23a,0,8/TrinoNitroPipelineSourceOperator@2260,nitroProjectionGeneratedKernels,0
[WARNING] [stderr] 2026-08-15T18:53:36.712-0600	INFO	ForkJoinPool-1-worker-1	stdout	operator_metric,nitro,tpcds-parquet-sf10,q23a,0,8/TrinoNitroPipelineSourceOperator@2260,nitroAllocatorAllocatedVectorBytes.I32Vector,320000
[WARNING] [stderr] 2026-08-15T18:53:36.712-0600	INFO	ForkJoinPool-1-worker-1	stdout	operator_metric,nitro,tpcds-parquet-sf10,q23a,0,8/TrinoNitroPipelineSourceOperator@2260,nitroBoundaryNativeExchangeMaximumBatchBytes,560000
[WARNING] [stderr] 2026-08-15T18:53:36.712-0600	INFO	ForkJoinPool-1-worker-1	stdout	operator_metric,nitro,tpcds-parquet-sf10,q23a,0,8/TrinoNitroPipelineSourceOperator@2260,nitroFilterInputPositions,1461
[WARNING] [stderr] 2026-08-15T18:53:36.712-0600	INFO	ForkJoinPool-1-worker-1	stdout	operator_metric,nitro,tpcds-parquet-sf10,q23a,0,8/TrinoNitroPipelineSourceOperator@2260,nitroAllocatorAllocatedVectorBytes.BooleanVector,120000
[WARNING] [stderr] 2026-08-15T18:53:36.712-0600	INFO	ForkJoinPool-1-worker-1	stdout	operator_metric,nitro,tpcds-parquet-sf10,q23a,0,8/TrinoNitroPipelineSourceOperator@2260,nitroBoundaryNativeExchangePositions,1461
[WARNING] [stderr] 2026-08-15T18:53:36.712-0600	INFO	ForkJoinPool-1-worker-1	stdout	operator_metric,nitro,tpcds-parquet-sf10,q23a,0,8/TrinoNitroPipelineSourceOperator@2260,nitroAllocatorAllocatedBytes.FilterOperator,0
[WARNING] [stderr] 2026-08-15T18:53:36.713-0600	INFO	ForkJoinPool-1-worker-1	stdout	operator_metric,nitro,tpcds-parquet-sf10,q23a,0,8/TrinoNitroPipelineSourceOperator@2260,nitroAllocatorAllocatedBytes.ProjectOperator,0
[WARNING] [stderr] 2026-08-15T18:53:36.713-0600	INFO	ForkJoinPool-1-worker-1	stdout	operator_metric,nitro,tpcds-parquet-sf10,q23a,0,8/TrinoNitroPipelineSourceOperator@2260,nitroFilterCompiledMaskSuccesses,0
[WARNING] [stderr] 2026-08-15T18:53:36.713-0600	INFO	ForkJoinPool-1-worker-1	stdout	operator_metric,nitro,tpcds-parquet-sf10,q23a,0,8/TrinoNitroPipelineSourceOperator@2260,nitroFilterPrimitiveMaskFallbacks,0
[WARNING] [stderr] 2026-08-15T18:53:36.713-0600	INFO	ForkJoinPool-1-worker-1	stdout	operator_metric,nitro,tpcds-parquet-sf10,q23a,0,8/TrinoNitroPipelineSourceOperator@2260,nitroProjectionIntegerWideningPositions,0
[WARNING] [stderr] 2026-08-15T18:53:36.713-0600	INFO	ForkJoinPool-1-worker-1	stdout	operator_metric,nitro,tpcds-parquet-sf10,q23a,0,8/TrinoNitroPipelineSourceOperator@2260,nitroBoundaryNativeExchangeBytes,560000
[WARNING] [stderr] 2026-08-15T18:53:36.713-0600	INFO	ForkJoinPool-1-worker-1	stdout	operator_metric,nitro,tpcds-parquet-sf10,q23a,0,8/TrinoNitroPipelineSourceOperator@2260,nitroFilterMaterializedMaskFallbacks,0
[WARNING] [stderr] 2026-08-15T18:53:36.713-0600	INFO	ForkJoinPool-1-worker-1	stdout	operator_metric,nitro,tpcds-parquet-sf10,q23a,0,8/TrinoNitroPipelineSourceOperator@2260,nitroFilterCompiledMaskFallbacks,0
[WARNING] [stderr] 2026-08-15T18:53:36.713-0600	INFO	ForkJoinPool-1-worker-1	stdout	operator_metric,nitro,tpcds-parquet-sf10,q23a,0,8/TrinoNitroPipelineSourceOperator@2260,nitroProjectionGeneratedErrorFallbacks,0
[WARNING] [stderr] 2026-08-15T18:53:36.713-0600	INFO	ForkJoinPool-1-worker-1	stdout	operator_metric,nitro,tpcds-parquet-sf10,q23a,0,8/TrinoNitroPipelineSourceOperator@2260,nitroFilterPlannedSourceMaskOptimizations,0
[WARNING] [stderr] 2026-08-15T18:53:36.713-0600	INFO	ForkJoinPool-1-worker-1	stdout	operator_metric,nitro,tpcds-parquet-sf10,q23a,0,8/TrinoNitroPipelineSourceOperator@2260,nitroAllocatorAllocatedBytes,760000
[WARNING] [stderr] 2026-08-15T18:53:36.713-0600	INFO	ForkJoinPool-1-worker-1	stdout	operator_metric,nitro,tpcds-parquet-sf10,q23a,0,8/TrinoNitroPipelineSourceOperator@2260,nitroProjectionFlatInputPositions,0
[WARNING] [stderr] 2026-08-15T18:53:36.713-0600	INFO	ForkJoinPool-1-worker-1	stdout	operator_metric,nitro,tpcds-parquet-sf10,q23a,0,8/TrinoNitroPipelineSourceOperator@2260,nitroFilterPrimitiveMaskAttempts,0
[WARNING] [stderr] 2026-08-15T18:53:36.713-0600	INFO	ForkJoinPool-1-worker-1	stdout	operator_metric,nitro,tpcds-parquet-sf10,q23a,0,8/TrinoNitroPipelineSourceOperator@2260,nitroProjectionGeneratedAttempts,0
[WARNING] [stderr] 2026-08-15T18:53:36.713-0600	INFO	ForkJoinPool-1-worker-1	stdout	operator_metric,nitro,tpcds-parquet-sf10,q23a,0,8/TrinoNitroPipelineSourceOperator@2260,nitroProjectionPlannedAssignments,0
[WARNING] [stderr] 2026-08-15T18:53:36.713-0600	INFO	ForkJoinPool-1-worker-1	stdout	operator_metric,nitro,tpcds-parquet-sf10,q23a,0,8/TrinoNitroPipelineSourceOperator@2260,nitroProjectionGeneratedSelectedPositions,0
[WARNING] [stderr] 2026-08-15T18:53:36.713-0600	INFO	ForkJoinPool-1-worker-1	stdout	operator_metric,nitro,tpcds-parquet-sf10,q23a,0,8/TrinoNitroPipelineSourceOperator@2260,nitroFilterPrimitiveMaskSuccesses,0
[WARNING] [stderr] 2026-08-15T18:53:36.713-0600	INFO	ForkJoinPool-1-worker-1	stdout	operator_metric,nitro,tpcds-parquet-sf10,q23a,0,8/TrinoNitroPipelineSourceOperator@2260,nitroProjectionOtherInputPositions,0
[WARNING] [stderr] 2026-08-15T18:53:36.713-0600	INFO	ForkJoinPool-1-worker-1	stdout	operator_metric,nitro,tpcds-parquet-sf10,q23a,0,8/TrinoNitroPipelineSourceOperator@2260,nitroProjectionDictionaryFlatteningPositions,0
[WARNING] [stderr] 2026-08-15T18:53:36.713-0600	INFO	ForkJoinPool-1-worker-1	stdout	operator_metric,nitro,tpcds-parquet-sf10,q23a,0,8/TrinoNitroPipelineSourceOperator@2260,nitroProjectionGeneratedOutputs,0
[WARNING] [stderr] 2026-08-15T18:53:36.713-0600	INFO	ForkJoinPool-1-worker-1	stdout	operator_metric,nitro,tpcds-parquet-sf10,q23a,0,8/TrinoNitroPipelineSourceOperator@2260,nitroAllocatorAllocatedVectorBytes,760000
[WARNING] [stderr] 2026-08-15T18:53:36.713-0600	INFO	ForkJoinPool-1-worker-1	stdout	operator_metric,nitro,tpcds-parquet-sf10,q23a,0,8/TrinoNitroPipelineSourceOperator@2260,nitroProjectionDictionaryNullExpansionPositions,0
[WARNING] [stderr] 2026-08-15T18:53:36.713-0600	INFO	ForkJoinPool-1-worker-1	stdout	operator_metric,nitro,tpcds-parquet-sf10,q23a,0,8/TrinoNitroPipelineSourceOperator@2260,nitroAllocatorAllocatedBytes.trino-native-source-ingress,0
[WARNING] [stderr] 2026-08-15T18:53:36.713-0600	INFO	ForkJoinPool-1-worker-1	stdout	operator_metric,nitro,tpcds-parquet-sf10,q23a,0,8/PartitionedOutputOperator@2260,nitroExchangePreservedPositions,0
[WARNING] [stderr] 2026-08-15T18:53:36.713-0600	INFO	ForkJoinPool-1-worker-1	stdout	operator_metric,nitro,tpcds-parquet-sf10,q23a,0,8/PartitionedOutputOperator@2260,nitroRemoteOutputBufferedConversionNanos,112924
[WARNING] [stderr] 2026-08-15T18:53:36.713-0600	INFO	ForkJoinPool-1-worker-1	stdout	operator_metric,nitro,tpcds-parquet-sf10,q23a,0,8/PartitionedOutputOperator@2260,nitroRemoteOutputPartitionAssignmentNanos,0
[WARNING] [stderr] 2026-08-15T18:53:36.713-0600	INFO	ForkJoinPool-1-worker-1	stdout	operator_metric,nitro,tpcds-parquet-sf10,q23a,0,8/PartitionedOutputOperator@2260,nitroRemoteOutputNativePartitionAppendNanos,0
[WARNING] [stderr] 2026-08-15T18:53:36.713-0600	INFO	ForkJoinPool-1-worker-1	stdout	operator_metric,nitro,tpcds-parquet-sf10,q23a,0,8/PartitionedOutputOperator@2260,nitroExchangeInputPages,1
[WARNING] [stderr] 2026-08-15T18:53:36.713-0600	INFO	ForkJoinPool-1-worker-1	stdout	operator_metric,nitro,tpcds-parquet-sf10,q23a,0,8/PartitionedOutputOperator@2260,nitroRemoteOutputNativePartitionConversionNanos,0
[WARNING] [stderr] 2026-08-15T18:53:36.713-0600	INFO	ForkJoinPool-1-worker-1	stdout	operator_metric,nitro,tpcds-parquet-sf10,q23a,0,8/PartitionedOutputOperator@2260,nitroExchangeSmallPagePositions,0
[WARNING] [stderr] 2026-08-15T18:53:36.713-0600	INFO	ForkJoinPool-1-worker-1	stdout	operator_metric,nitro,tpcds-parquet-sf10,q23a,0,8/PartitionedOutputOperator@2260,nitroRemoteOutputNativePartitionCopyNanos,0
[WARNING] [stderr] 2026-08-15T18:53:36.713-0600	INFO	ForkJoinPool-1-worker-1	stdout	operator_metric,nitro,tpcds-parquet-sf10,q23a,0,8/PartitionedOutputOperator@2260,nitroRemoteOutputNativeBatches,0
[WARNING] [stderr] 2026-08-15T18:53:36.713-0600	INFO	ForkJoinPool-1-worker-1	stdout	operator_metric,nitro,tpcds-parquet-sf10,q23a,0,8/PartitionedOutputOperator@2260,nitroExchangeInputFlatChannelPositions,2922
[WARNING] [stderr] 2026-08-15T18:53:36.713-0600	INFO	ForkJoinPool-1-worker-1	stdout	operator_metric,nitro,tpcds-parquet-sf10,q23a,0,8/PartitionedOutputOperator@2260,nitroExchangeDictionaryUnsupportedPositions,0
[WARNING] [stderr] 2026-08-15T18:53:36.713-0600	INFO	ForkJoinPool-1-worker-1	stdout	operator_metric,nitro,tpcds-parquet-sf10,q23a,0,8/PartitionedOutputOperator@2260,nitroExchangeInputDictionaryChannelPositions,0
[WARNING] [stderr] 2026-08-15T18:53:36.713-0600	INFO	ForkJoinPool-1-worker-1	stdout	operator_metric,nitro,tpcds-parquet-sf10,q23a,0,8/PartitionedOutputOperator@2260,nitroRemoteOutputNativePartitions,0
[WARNING] [stderr] 2026-08-15T18:53:36.713-0600	INFO	ForkJoinPool-1-worker-1	stdout	operator_metric,nitro,tpcds-parquet-sf10,q23a,0,8/PartitionedOutputOperator@2260,nitroRemoteOutputBufferedBatches,1
[WARNING] [stderr] 2026-08-15T18:53:36.713-0600	INFO	ForkJoinPool-1-worker-1	stdout	operator_metric,nitro,tpcds-parquet-sf10,q23a,0,8/PartitionedOutputOperator@2260,nitroRemoteOutputPartitionKeyConversionNanos,0
[WARNING] [stderr] 2026-08-15T18:53:36.713-0600	INFO	ForkJoinPool-1-worker-1	stdout	operator_metric,nitro,tpcds-parquet-sf10,q23a,0,8/PartitionedOutputOperator@2260,nitroExchangeRunLengthUnsupportedPositions,0
[WARNING] [stderr] 2026-08-15T18:53:36.713-0600	INFO	ForkJoinPool-1-worker-1	stdout	operator_metric,nitro,tpcds-parquet-sf10,q23a,0,8/PartitionedOutputOperator@2260,nitroRemoteOutputBufferedAppendNanos,369229
[WARNING] [stderr] 2026-08-15T18:53:36.713-0600	INFO	ForkJoinPool-1-worker-1	stdout	operator_metric,nitro,tpcds-parquet-sf10,q23a,0,8/PartitionedOutputOperator@2260,nitroExchangeNoDictionaryPositions,1461
[WARNING] [stderr] 2026-08-15T18:53:36.713-0600	INFO	ForkJoinPool-1-worker-1	stdout	operator_metric,nitro,tpcds-parquet-sf10,q23a,0,8/PartitionedOutputOperator@2260,nitroRemoteOutputInputPositions,1461
[WARNING] [stderr] 2026-08-15T18:53:36.713-0600	INFO	ForkJoinPool-1-worker-1	stdout	operator_metric,nitro,tpcds-parquet-sf10,q23a,0,8/PartitionedOutputOperator@2260,nitroRemoteOutputTotalNanos,489937
[WARNING] [stderr] 2026-08-15T18:53:36.713-0600	INFO	ForkJoinPool-1-worker-1	stdout	operator_metric,nitro,tpcds-parquet-sf10,q23a,0,8/PartitionedOutputOperator@2260,nitroExchangeInputRunLengthChannelPositions,0
[WARNING] [stderr] 2026-08-15T18:53:36.713-0600	INFO	ForkJoinPool-1-worker-1	stdout	operator_metric,nitro,tpcds-parquet-sf10,q23a,0,8/PartitionedOutputOperator@2260,nitroExchangeInputPositions,1461
[WARNING] [stderr] 2026-08-15T18:53:36.713-0600	INFO	ForkJoinPool-1-worker-1	stdout	operator_metric,nitro,tpcds-parquet-sf10,q23a,0,8/PartitionedOutputOperator@2260,nitroExchangeLowDictionaryReusePositions,0
[WARNING] [stderr] 2026-08-15T18:53:36.713-0600	INFO	ForkJoinPool-1-worker-1	stdout	operator_metric,nitro,tpcds-parquet-sf10,q23a,0,14/PartitionedOutputOperator@6125,nitroExchangePreservedPositions,0
[WARNING] [stderr] 2026-08-15T18:53:36.713-0600	INFO	ForkJoinPool-1-worker-1	stdout	operator_metric,nitro,tpcds-parquet-sf10,q23a,0,14/PartitionedOutputOperator@6125,nitroRemoteOutputPartitionAssignmentNanos,0
[WARNING] [stderr] 2026-08-15T18:53:36.713-0600	INFO	ForkJoinPool-1-worker-1	stdout	operator_metric,nitro,tpcds-parquet-sf10,q23a,0,14/PartitionedOutputOperator@6125,nitroRemoteOutputBufferedConversionNanos,5476646
[WARNING] [stderr] 2026-08-15T18:53:36.713-0600	INFO	ForkJoinPool-1-worker-1	stdout	operator_metric,nitro,tpcds-parquet-sf10,q23a,0,14/PartitionedOutputOperator@6125,nitroRemoteOutputNativePartitionAppendNanos,0
[WARNING] [stderr] 2026-08-15T18:53:36.713-0600	INFO	ForkJoinPool-1-worker-1	stdout	operator_metric,nitro,tpcds-parquet-sf10,q23a,0,14/PartitionedOutputOperator@6125,nitroRemoteOutputNativePartitionConversionNanos,0
[WARNING] [stderr] 2026-08-15T18:53:36.713-0600	INFO	ForkJoinPool-1-worker-1	stdout	operator_metric,nitro,tpcds-parquet-sf10,q23a,0,14/PartitionedOutputOperator@6125,nitroExchangeInputPages,64
[WARNING] [stderr] 2026-08-15T18:53:36.713-0600	INFO	ForkJoinPool-1-worker-1	stdout	operator_metric,nitro,tpcds-parquet-sf10,q23a,0,14/PartitionedOutputOperator@6125,nitroExchangeSmallPagePositions,0
[WARNING] [stderr] 2026-08-15T18:53:36.713-0600	INFO	ForkJoinPool-1-worker-1	stdout	operator_metric,nitro,tpcds-parquet-sf10,q23a,0,14/PartitionedOutputOperator@6125,nitroExchangeInputFlatChannelPositions,1979100
[WARNING] [stderr] 2026-08-15T18:53:36.713-0600	INFO	ForkJoinPool-1-worker-1	stdout	operator_metric,nitro,tpcds-parquet-sf10,q23a,0,14/PartitionedOutputOperator@6125,nitroExchangeDictionaryUnsupportedPositions,0
[WARNING] [stderr] 2026-08-15T18:53:36.713-0600	INFO	ForkJoinPool-1-worker-1	stdout	operator_metric,nitro,tpcds-parquet-sf10,q23a,0,14/PartitionedOutputOperator@6125,nitroRemoteOutputNativeBatches,0
[WARNING] [stderr] 2026-08-15T18:53:36.713-0600	INFO	ForkJoinPool-1-worker-1	stdout	operator_metric,nitro,tpcds-parquet-sf10,q23a,0,14/PartitionedOutputOperator@6125,nitroRemoteOutputNativePartitionCopyNanos,0
[WARNING] [stderr] 2026-08-15T18:53:36.713-0600	INFO	ForkJoinPool-1-worker-1	stdout	operator_metric,nitro,tpcds-parquet-sf10,q23a,0,14/PartitionedOutputOperator@6125,nitroExchangeInputDictionaryChannelPositions,0
[WARNING] [stderr] 2026-08-15T18:53:36.713-0600	INFO	ForkJoinPool-1-worker-1	stdout	operator_metric,nitro,tpcds-parquet-sf10,q23a,0,14/PartitionedOutputOperator@6125,nitroRemoteOutputNativePartitions,0
[WARNING] [stderr] 2026-08-15T18:53:36.713-0600	INFO	ForkJoinPool-1-worker-1	stdout	operator_metric,nitro,tpcds-parquet-sf10,q23a,0,14/PartitionedOutputOperator@6125,nitroRemoteOutputBufferedBatches,64
[WARNING] [stderr] 2026-08-15T18:53:36.713-0600	INFO	ForkJoinPool-1-worker-1	stdout	operator_metric,nitro,tpcds-parquet-sf10,q23a,0,14/PartitionedOutputOperator@6125,nitroRemoteOutputPartitionKeyConversionNanos,0
[WARNING] [stderr] 2026-08-15T18:53:36.713-0600	INFO	ForkJoinPool-1-worker-1	stdout	operator_metric,nitro,tpcds-parquet-sf10,q23a,0,14/PartitionedOutputOperator@6125,nitroExchangeRunLengthUnsupportedPositions,0
[WARNING] [stderr] 2026-08-15T18:53:36.713-0600	INFO	ForkJoinPool-1-worker-1	stdout	operator_metric,nitro,tpcds-parquet-sf10,q23a,0,14/PartitionedOutputOperator@6125,nitroRemoteOutputBufferedAppendNanos,23602390
[WARNING] [stderr] 2026-08-15T18:53:36.713-0600	INFO	ForkJoinPool-1-worker-1	stdout	operator_metric,nitro,tpcds-parquet-sf10,q23a,0,14/PartitionedOutputOperator@6125,nitroRemoteOutputTotalNanos,29162932
[WARNING] [stderr] 2026-08-15T18:53:36.713-0600	INFO	ForkJoinPool-1-worker-1	stdout	operator_metric,nitro,tpcds-parquet-sf10,q23a,0,14/PartitionedOutputOperator@6125,nitroRemoteOutputInputPositions,989550
[WARNING] [stderr] 2026-08-15T18:53:36.713-0600	INFO	ForkJoinPool-1-worker-1	stdout	operator_metric,nitro,tpcds-parquet-sf10,q23a,0,14/PartitionedOutputOperator@6125,nitroExchangeInputRunLengthChannelPositions,0
[WARNING] [stderr] 2026-08-15T18:53:36.713-0600	INFO	ForkJoinPool-1-worker-1	stdout	operator_metric,nitro,tpcds-parquet-sf10,q23a,0,14/PartitionedOutputOperator@6125,nitroExchangeNoDictionaryPositions,989550
[WARNING] [stderr] 2026-08-15T18:53:36.713-0600	INFO	ForkJoinPool-1-worker-1	stdout	operator_metric,nitro,tpcds-parquet-sf10,q23a,0,14/PartitionedOutputOperator@6125,nitroExchangeInputPositions,989550
[WARNING] [stderr] 2026-08-15T18:53:36.713-0600	INFO	ForkJoinPool-1-worker-1	stdout	operator_metric,nitro,tpcds-parquet-sf10,q23a,0,14/PartitionedOutputOperator@6125,nitroExchangeLowDictionaryReusePositions,0
[WARNING] [stderr] 2026-08-15T18:53:36.713-0600	INFO	ForkJoinPool-1-worker-1	stdout	operator_metric,nitro,tpcds-parquet-sf10,q23a,0,14/TrinoNitroAggregationOperator@6125,nitroPartialAggregationCardinalityObservations,18
[WARNING] [stderr] 2026-08-15T18:53:36.713-0600	INFO	ForkJoinPool-1-worker-1	stdout	operator_metric,nitro,tpcds-parquet-sf10,q23a,0,14/TrinoNitroAggregationOperator@6125,nitroProjectionIntegerWideningPositions,0
[WARNING] [stderr] 2026-08-15T18:53:36.713-0600	INFO	ForkJoinPool-1-worker-1	stdout	operator_metric,nitro,tpcds-parquet-sf10,q23a,0,14/TrinoNitroAggregationOperator@6125,nitroBoundaryNativeExchangeMaximumBatchBytes,2653511
[WARNING] [stderr] 2026-08-15T18:53:36.713-0600	INFO	ForkJoinPool-1-worker-1	stdout	operator_metric,nitro,tpcds-parquet-sf10,q23a,0,14/TrinoNitroAggregationOperator@6125,nitroPartialAggregationCardinalityReconsideredDecisions,0
[WARNING] [stderr] 2026-08-15T18:53:36.713-0600	INFO	ForkJoinPool-1-worker-1	stdout	operator_metric,nitro,tpcds-parquet-sf10,q23a,0,14/TrinoNitroAggregationOperator@6125,nitroAggregationPipelineNanos,4369950
[WARNING] [stderr] 2026-08-15T18:53:36.713-0600	INFO	ForkJoinPool-1-worker-1	stdout	operator_metric,nitro,tpcds-parquet-sf10,q23a,0,14/TrinoNitroAggregationOperator@6125,nitroProjectionPlannedAssignments,16
[WARNING] [stderr] 2026-08-15T18:53:36.713-0600	INFO	ForkJoinPool-1-worker-1	stdout	operator_metric,nitro,tpcds-parquet-sf10,q23a,0,14/TrinoNitroAggregationOperator@6125,nitroPartialAggregationPassthroughToAggregationTransitions,0
[WARNING] [stderr] 2026-08-15T18:53:36.713-0600	INFO	ForkJoinPool-1-worker-1	stdout	operator_metric,nitro,tpcds-parquet-sf10,q23a,0,14/TrinoNitroAggregationOperator@6125,nitroPartialAggregationAggregatedOutputRows,989550
[WARNING] [stderr] 2026-08-15T18:53:36.713-0600	INFO	ForkJoinPool-1-worker-1	stdout	operator_metric,nitro,tpcds-parquet-sf10,q23a,0,14/TrinoNitroAggregationOperator@6125,nitroProjectionDictionaryInputPositions,0
[WARNING] [stderr] 2026-08-15T18:53:36.713-0600	INFO	ForkJoinPool-1-worker-1	stdout	operator_metric,nitro,tpcds-parquet-sf10,q23a,0,14/TrinoNitroAggregationOperator@6125,nitroAggregationAccumulationNanos,667588978
[WARNING] [stderr] 2026-08-15T18:53:36.713-0600	INFO	ForkJoinPool-1-worker-1	stdout	operator_metric,nitro,tpcds-parquet-sf10,q23a,0,14/TrinoNitroAggregationOperator@6125,nitroProjectionGeneratedErrorFallbacks,0
[WARNING] [stderr] 2026-08-15T18:53:36.713-0600	INFO	ForkJoinPool-1-worker-1	stdout	operator_metric,nitro,tpcds-parquet-sf10,q23a,0,14/TrinoNitroAggregationOperator@6125,nitroProjectionGeneratedOutputs,0
[WARNING] [stderr] 2026-08-15T18:53:36.713-0600	INFO	ForkJoinPool-1-worker-1	stdout	operator_metric,nitro,tpcds-parquet-sf10,q23a,0,14/TrinoNitroAggregationOperator@6125,nitroProjectionFlatInputPositions,0
[WARNING] [stderr] 2026-08-15T18:53:36.713-0600	INFO	ForkJoinPool-1-worker-1	stdout	operator_metric,nitro,tpcds-parquet-sf10,q23a,0,14/TrinoNitroAggregationOperator@6125,nitroAggregationInitialEncodedKeyNanos,0
[WARNING] [stderr] 2026-08-15T18:53:36.713-0600	INFO	ForkJoinPool-1-worker-1	stdout	operator_metric,nitro,tpcds-parquet-sf10,q23a,0,14/TrinoNitroAggregationOperator@6125,nitroProjectionGeneratedLayoutFallbacks,0
[WARNING] [stderr] 2026-08-15T18:53:36.713-0600	INFO	ForkJoinPool-1-worker-1	stdout	operator_metric,nitro,tpcds-parquet-sf10,q23a,0,14/TrinoNitroAggregationOperator@6125,nitroProjectionGeneratedSuccesses,0
[WARNING] [stderr] 2026-08-15T18:53:36.713-0600	INFO	ForkJoinPool-1-worker-1	stdout	operator_metric,nitro,tpcds-parquet-sf10,q23a,0,14/TrinoNitroAggregationOperator@6125,nitroPartialAggregationAggregatedInputRows,16164994
[WARNING] [stderr] 2026-08-15T18:53:36.713-0600	INFO	ForkJoinPool-1-worker-1	stdout	operator_metric,nitro,tpcds-parquet-sf10,q23a,0,14/TrinoNitroAggregationOperator@6125,nitroAggregationFlushNanos,0
[WARNING] [stderr] 2026-08-15T18:53:36.713-0600	INFO	ForkJoinPool-1-worker-1	stdout	operator_metric,nitro,tpcds-parquet-sf10,q23a,0,14/TrinoNitroAggregationOperator@6125,nitroBoundaryNativeExchangeMaximumChannel1Bytes,1621319
[WARNING] [stderr] 2026-08-15T18:53:36.713-0600	INFO	ForkJoinPool-1-worker-1	stdout	operator_metric,nitro,tpcds-parquet-sf10,q23a,0,14/TrinoNitroAggregationOperator@6125,nitroAggregationFusedNanos,0
[WARNING] [stderr] 2026-08-15T18:53:36.713-0600	INFO	ForkJoinPool-1-worker-1	stdout	operator_metric,nitro,tpcds-parquet-sf10,q23a,0,14/TrinoNitroAggregationOperator@6125,nitroProjectionGeneratedKernels,0
[WARNING] [stderr] 2026-08-15T18:53:36.713-0600	INFO	ForkJoinPool-1-worker-1	stdout	operator_metric,nitro,tpcds-parquet-sf10,q23a,0,14/TrinoNitroAggregationOperator@6125,nitroAggregationInitialAggregationNanos,0
[WARNING] [stderr] 2026-08-15T18:53:36.713-0600	INFO	ForkJoinPool-1-worker-1	stdout	operator_metric,nitro,tpcds-parquet-sf10,q23a,0,14/TrinoNitroAggregationOperator@6125,nitroProjectionOtherNullExpansionPositions,0
[WARNING] [stderr] 2026-08-15T18:53:36.713-0600	INFO	ForkJoinPool-1-worker-1	stdout	operator_metric,nitro,tpcds-parquet-sf10,q23a,0,14/TrinoNitroAggregationOperator@6125,nitroProjectionGeneratedAttempts,0
[WARNING] [stderr] 2026-08-15T18:53:36.713-0600	INFO	ForkJoinPool-1-worker-1	stdout	operator_metric,nitro,tpcds-parquet-sf10,q23a,0,14/TrinoNitroAggregationOperator@6125,nitroPartialAggregationPassthroughFlushes,0
[WARNING] [stderr] 2026-08-15T18:53:36.713-0600	INFO	ForkJoinPool-1-worker-1	stdout	operator_metric,nitro,tpcds-parquet-sf10,q23a,0,14/TrinoNitroAggregationOperator@6125,nitroProjectionOtherInputPositions,0
[WARNING] [stderr] 2026-08-15T18:53:36.713-0600	INFO	ForkJoinPool-1-worker-1	stdout	operator_metric,nitro,tpcds-parquet-sf10,q23a,0,14/TrinoNitroAggregationOperator@6125,nitroProjectionDictionaryFlatteningPositions,0
[WARNING] [stderr] 2026-08-15T18:53:36.713-0600	INFO	ForkJoinPool-1-worker-1	stdout	operator_metric,nitro,tpcds-parquet-sf10,q23a,0,14/TrinoNitroAggregationOperator@6125,nitroBoundaryNativeExchangeBytes,23070697
[WARNING] [stderr] 2026-08-15T18:53:36.713-0600	INFO	ForkJoinPool-1-worker-1	stdout	operator_metric,nitro,tpcds-parquet-sf10,q23a,0,14/TrinoNitroAggregationOperator@6125,nitroProjectionRunLengthInputPositions,0
[WARNING] [stderr] 2026-08-15T18:53:36.713-0600	INFO	ForkJoinPool-1-worker-1	stdout	operator_metric,nitro,tpcds-parquet-sf10,q23a,0,14/TrinoNitroAggregationOperator@6125,nitroProjectionGeneratedSelectedPositions,0
[WARNING] [stderr] 2026-08-15T18:53:36.713-0600	INFO	ForkJoinPool-1-worker-1	stdout	operator_metric,nitro,tpcds-parquet-sf10,q23a,0,14/TrinoNitroAggregationOperator@6125,nitroPartialAggregationAggregationToPassthroughTransitions,0
[WARNING] [stderr] 2026-08-15T18:53:36.713-0600	INFO	ForkJoinPool-1-worker-1	stdout	operator_metric,nitro,tpcds-parquet-sf10,q23a,0,14/TrinoNitroAggregationOperator@6125,nitroBoundaryNativeExchangePositions,989550
[WARNING] [stderr] 2026-08-15T18:53:36.713-0600	INFO	ForkJoinPool-1-worker-1	stdout	operator_metric,nitro,tpcds-parquet-sf10,q23a,0,14/TrinoNitroAggregationOperator@6125,nitroAggregationStatePreparationNanos,13260278
[WARNING] [stderr] 2026-08-15T18:53:36.713-0600	INFO	ForkJoinPool-1-worker-1	stdout	operator_metric,nitro,tpcds-parquet-sf10,q23a,0,14/TrinoNitroAggregationOperator@6125,nitroAggregationInitialKeyNanos,0
[WARNING] [stderr] 2026-08-15T18:53:36.713-0600	INFO	ForkJoinPool-1-worker-1	stdout	operator_metric,nitro,tpcds-parquet-sf10,q23a,0,14/TrinoNitroAggregationOperator@6125,nitroPartialAggregationCardinalityBypassDecisions,0
[WARNING] [stderr] 2026-08-15T18:53:36.713-0600	INFO	ForkJoinPool-1-worker-1	stdout	operator_metric,nitro,tpcds-parquet-sf10,q23a,0,14/TrinoNitroAggregationOperator@6125,nitroBoundaryNativeExchangeMaximumChannel0Bytes,1032192
[WARNING] [stderr] 2026-08-15T18:53:36.713-0600	INFO	ForkJoinPool-1-worker-1	stdout	operator_metric,nitro,tpcds-parquet-sf10,q23a,0,14/TrinoNitroAggregationOperator@6125,nitroProjectionDictionaryNullExpansionPositions,0
[WARNING] [stderr] 2026-08-15T18:53:36.713-0600	INFO	ForkJoinPool-1-worker-1	stdout	operator_metric,nitro,tpcds-parquet-sf10,q23a,0,14/TrinoNitroAggregationOperator@6125,nitroPartialAggregationAggregatedFlushes,7
[WARNING] [stderr] 2026-08-15T18:53:36.713-0600	INFO	ForkJoinPool-1-worker-1	stdout	operator_metric,nitro,tpcds-parquet-sf10,q23a,0,14/TrinoNitroAggregationOperator@6125,nitroAggregationInputNanos,1074082272
[WARNING] [stderr] 2026-08-15T18:53:36.713-0600	INFO	ForkJoinPool-1-worker-1	stdout	operator_metric,nitro,tpcds-parquet-sf10,q23a,0,14/TrinoNitroAggregationOperator@6125,nitroAggregationInitialFlatKeyNanos,0
[WARNING] [stderr] 2026-08-15T18:53:36.713-0600	INFO	ForkJoinPool-1-worker-1	stdout	operator_metric,nitro,tpcds-parquet-sf10,q23a,0,14/TrinoNitroAggregationOperator@6125,nitroPartialAggregationCardinalityAggregateDecisions,2
[WARNING] [stderr] 2026-08-15T18:53:36.713-0600	INFO	ForkJoinPool-1-worker-1	stdout	operator_metric,nitro,tpcds-parquet-sf10,q23a,0,14/TrinoNitroAggregationOperator@6125,nitroPartialAggregationPassthroughInputRows,0
[WARNING] [stderr] 2026-08-15T18:53:36.713-0600	INFO	ForkJoinPool-1-worker-1	stdout	operator_metric,nitro,tpcds-parquet-sf10,q23a,0,14/TrinoNitroAggregationOperator@6125,nitroPartialAggregationAggregatedInputBytes,355637868
[WARNING] [stderr] 2026-08-15T18:53:36.713-0600	INFO	ForkJoinPool-1-worker-1	stdout	operator_metric,nitro,tpcds-parquet-sf10,q23a,0,14/TrinoNitroAggregationOperator@6125,nitroAggregationGroupingNanos,372295653
[WARNING] [stderr] 2026-08-15T18:53:36.713-0600	INFO	ForkJoinPool-1-worker-1	stdout	operator_metric,nitro,tpcds-parquet-sf10,q23a,0,14/TrinoNitroAggregationOperator@6125,nitroBoundaryNativeExchangeBatches,64
[WARNING] [stderr] 2026-08-15T18:53:36.713-0600	INFO	ForkJoinPool-1-worker-1	stdout	operator_metric,nitro,tpcds-parquet-sf10,q23a,0,14/TrinoNitroAggregationOperator@6125,nitroPartialAggregationPassthroughInputBytes,0
[WARNING] [stderr] 2026-08-15T18:53:36.713-0600	INFO	ForkJoinPool-1-worker-1	stdout	operator_metric,nitro,tpcds-parquet-sf10,q23a,0,14/TrinoNitroAggregationOperator@6125,nitroAggregationOutputNanos,1406717
[WARNING] [stderr] 2026-08-15T18:53:36.713-0600	INFO	ForkJoinPool-1-worker-1	stdout	operator_metric,nitro,tpcds-parquet-sf10,q23a,0,14/TrinoNitroAggregationOperator@6125,nitroProjectionPlannedComputedOutputs,8
[WARNING] [stderr] 2026-08-15T18:53:36.713-0600	INFO	ForkJoinPool-1-worker-1	stdout	operator_metric,nitro,tpcds-parquet-sf10,q23a,0,14/TrinoNitroHashJoinOperator@40,nitroBoundaryPageIngressBytes,709304160
[WARNING] [stderr] 2026-08-15T18:53:36.713-0600	INFO	ForkJoinPool-1-worker-1	stdout	operator_metric,nitro,tpcds-parquet-sf10,q23a,0,14/TrinoNitroHashJoinOperator@40,nitroBoundaryPageIngressDictionaryChannelPositions,0
[WARNING] [stderr] 2026-08-15T18:53:36.713-0600	INFO	ForkJoinPool-1-worker-1	stdout	operator_metric,nitro,tpcds-parquet-sf10,q23a,0,14/TrinoNitroHashJoinOperator@40,nitroBoundaryPageIngressRunLengthChannelPositions,0
[WARNING] [stderr] 2026-08-15T18:53:36.713-0600	INFO	ForkJoinPool-1-worker-1	stdout	operator_metric,nitro,tpcds-parquet-sf10,q23a,0,14/TrinoNitroHashJoinOperator@40,nitroBoundaryNativeExchangePositions,16164994
[WARNING] [stderr] 2026-08-15T18:53:36.713-0600	INFO	ForkJoinPool-1-worker-1	stdout	operator_metric,nitro,tpcds-parquet-sf10,q23a,0,14/TrinoNitroHashJoinOperator@40,nitroBoundaryNativeExchangeBytes,355637868
[WARNING] [stderr] 2026-08-15T18:53:36.713-0600	INFO	ForkJoinPool-1-worker-1	stdout	operator_metric,nitro,tpcds-parquet-sf10,q23a,0,14/TrinoNitroHashJoinOperator@40,nitroBoundaryNativeExchangeBatches,1992
[WARNING] [stderr] 2026-08-15T18:53:36.713-0600	INFO	ForkJoinPool-1-worker-1	stdout	operator_metric,nitro,tpcds-parquet-sf10,q23a,0,14/TrinoNitroHashJoinOperator@40,nitroBoundaryPageIngressFlatChannelPositions,88663020
[WARNING] [stderr] 2026-08-15T18:53:36.713-0600	INFO	ForkJoinPool-1-worker-1	stdout	operator_metric,nitro,tpcds-parquet-sf10,q23a,0,14/TrinoNitroHashJoinOperator@40,nitroBoundaryNativeExchangeMaximumBatchBytes,1540035
[WARNING] [stderr] 2026-08-15T18:53:36.713-0600	INFO	ForkJoinPool-1-worker-1	stdout	operator_metric,nitro,tpcds-parquet-sf10,q23a,0,14/TrinoNitroHashJoinOperator@40,nitroBoundaryPageIngressPositions,22165755
[WARNING] [stderr] 2026-08-15T18:53:36.713-0600	INFO	ForkJoinPool-1-worker-1	stdout	operator_metric,nitro,tpcds-parquet-sf10,q23a,0,14/TrinoNitroHashJoinOperator@40,nitroBoundaryPageIngressPages,644
[WARNING] [stderr] 2026-08-15T18:53:36.713-0600	INFO	ForkJoinPool-1-worker-1	stdout	operator_metric,nitro,tpcds-parquet-sf10,q23a,0,22/TrinoNitroPipelineSourceOperator@5075,nitroNativeSourceCreationNanos,10318366
[WARNING] [stderr] 2026-08-15T18:53:36.713-0600	INFO	ForkJoinPool-1-worker-1	stdout	operator_metric,nitro,tpcds-parquet-sf10,q23a,0,22/TrinoNitroPipelineSourceOperator@5075,nitroAllocatorAllocatedVectorBytes.BooleanVector,20284740
[WARNING] [stderr] 2026-08-15T18:53:36.713-0600	INFO	ForkJoinPool-1-worker-1	stdout	operator_metric,nitro,tpcds-parquet-sf10,q23a,0,22/TrinoNitroPipelineSourceOperator@5075,nitroBoundaryNativeExchangeBatches,382
[WARNING] [stderr] 2026-08-15T18:53:36.713-0600	INFO	ForkJoinPool-1-worker-1	stdout	operator_metric,nitro,tpcds-parquet-sf10,q23a,0,22/TrinoNitroPipelineSourceOperator@5075,nitroAllocatorAllocatedBytes.trino-native-source-ingress,0
[WARNING] [stderr] 2026-08-15T18:53:36.713-0600	INFO	ForkJoinPool-1-worker-1	stdout	operator_metric,nitro,tpcds-parquet-sf10,q23a,0,22/TrinoNitroPipelineSourceOperator@5075,nitroAllocatorAllocatedVectorBytes,166334868
[WARNING] [stderr] 2026-08-15T18:53:36.713-0600	INFO	ForkJoinPool-1-worker-1	stdout	operator_metric,nitro,tpcds-parquet-sf10,q23a,0,22/TrinoNitroPipelineSourceOperator@5075,nitroAllocatorAllocatedVectorBytes.I32Vector,16227792
[WARNING] [stderr] 2026-08-15T18:53:36.713-0600	INFO	ForkJoinPool-1-worker-1	stdout	operator_metric,nitro,tpcds-parquet-sf10,q23a,0,22/TrinoNitroPipelineSourceOperator@5075,nitroAllocatorAllocatedBytes.NitroParquetBatchSource,166334868
[WARNING] [stderr] 2026-08-15T18:53:36.713-0600	INFO	ForkJoinPool-1-worker-1	stdout	operator_metric,nitro,tpcds-parquet-sf10,q23a,0,22/TrinoNitroPipelineSourceOperator@5075,nitroBoundaryNativeExchangePositions,3767034
[WARNING] [stderr] 2026-08-15T18:53:36.713-0600	INFO	ForkJoinPool-1-worker-1	stdout	operator_metric,nitro,tpcds-parquet-sf10,q23a,0,22/TrinoNitroPipelineSourceOperator@5075,nitroBoundaryNativeExchangeBytes,166334868
[WARNING] [stderr] 2026-08-15T18:53:36.713-0600	INFO	ForkJoinPool-1-worker-1	stdout	operator_metric,nitro,tpcds-parquet-sf10,q23a,0,22/TrinoNitroPipelineSourceOperator@5075,nitroOperatorConstructionNanos,172677
[WARNING] [stderr] 2026-08-15T18:53:36.713-0600	INFO	ForkJoinPool-1-worker-1	stdout	operator_metric,nitro,tpcds-parquet-sf10,q23a,0,22/TrinoNitroPipelineSourceOperator@5075,nitroBoundaryNativeExchangeMaximumBatchBytes,4100000
[WARNING] [stderr] 2026-08-15T18:53:36.713-0600	INFO	ForkJoinPool-1-worker-1	stdout	operator_metric,nitro,tpcds-parquet-sf10,q23a,0,22/TrinoNitroPipelineSourceOperator@5075,nitroAllocatorAllocatedBytes,166334868
[WARNING] [stderr] 2026-08-15T18:53:36.713-0600	INFO	ForkJoinPool-1-worker-1	stdout	operator_metric,nitro,tpcds-parquet-sf10,q23a,0,22/TrinoNitroPipelineSourceOperator@5075,nitroAllocatorAllocatedVectorBytes.I64Vector,129822336
[WARNING] [stderr] 2026-08-15T18:53:36.713-0600	INFO	ForkJoinPool-1-worker-1	stdout	operator_metric,nitro,tpcds-parquet-sf10,q23a,0,22/PartitionedOutputOperator@5075,nitroExchangePreservedPositions,0
[WARNING] [stderr] 2026-08-15T18:53:36.713-0600	INFO	ForkJoinPool-1-worker-1	stdout	operator_metric,nitro,tpcds-parquet-sf10,q23a,0,22/PartitionedOutputOperator@5075,nitroRemoteOutputPartitionAssignmentNanos,0
[WARNING] [stderr] 2026-08-15T18:53:36.713-0600	INFO	ForkJoinPool-1-worker-1	stdout	operator_metric,nitro,tpcds-parquet-sf10,q23a,0,22/PartitionedOutputOperator@5075,nitroRemoteOutputBufferedConversionNanos,20859763
[WARNING] [stderr] 2026-08-15T18:53:36.713-0600	INFO	ForkJoinPool-1-worker-1	stdout	operator_metric,nitro,tpcds-parquet-sf10,q23a,0,22/PartitionedOutputOperator@5075,nitroRemoteOutputNativePartitionAppendNanos,0
[WARNING] [stderr] 2026-08-15T18:53:36.713-0600	INFO	ForkJoinPool-1-worker-1	stdout	operator_metric,nitro,tpcds-parquet-sf10,q23a,0,22/PartitionedOutputOperator@5075,nitroRemoteOutputNativePartitionConversionNanos,0
[WARNING] [stderr] 2026-08-15T18:53:36.713-0600	INFO	ForkJoinPool-1-worker-1	stdout	operator_metric,nitro,tpcds-parquet-sf10,q23a,0,22/PartitionedOutputOperator@5075,nitroExchangeInputPages,382
[WARNING] [stderr] 2026-08-15T18:53:36.713-0600	INFO	ForkJoinPool-1-worker-1	stdout	operator_metric,nitro,tpcds-parquet-sf10,q23a,0,22/PartitionedOutputOperator@5075,nitroExchangeSmallPagePositions,0
[WARNING] [stderr] 2026-08-15T18:53:36.713-0600	INFO	ForkJoinPool-1-worker-1	stdout	operator_metric,nitro,tpcds-parquet-sf10,q23a,0,22/PartitionedOutputOperator@5075,nitroExchangeInputFlatChannelPositions,18835170
[WARNING] [stderr] 2026-08-15T18:53:36.713-0600	INFO	ForkJoinPool-1-worker-1	stdout	operator_metric,nitro,tpcds-parquet-sf10,q23a,0,22/PartitionedOutputOperator@5075,nitroExchangeDictionaryUnsupportedPositions,0
[WARNING] [stderr] 2026-08-15T18:53:36.713-0600	INFO	ForkJoinPool-1-worker-1	stdout	operator_metric,nitro,tpcds-parquet-sf10,q23a,0,22/PartitionedOutputOperator@5075,nitroRemoteOutputNativeBatches,0
[WARNING] [stderr] 2026-08-15T18:53:36.713-0600	INFO	ForkJoinPool-1-worker-1	stdout	operator_metric,nitro,tpcds-parquet-sf10,q23a,0,22/PartitionedOutputOperator@5075,nitroRemoteOutputNativePartitionCopyNanos,0
[WARNING] [stderr] 2026-08-15T18:53:36.713-0600	INFO	ForkJoinPool-1-worker-1	stdout	operator_metric,nitro,tpcds-parquet-sf10,q23a,0,22/PartitionedOutputOperator@5075,nitroExchangeInputDictionaryChannelPositions,0
[WARNING] [stderr] 2026-08-15T18:53:36.713-0600	INFO	ForkJoinPool-1-worker-1	stdout	operator_metric,nitro,tpcds-parquet-sf10,q23a,0,22/PartitionedOutputOperator@5075,nitroRemoteOutputNativePartitions,0
[WARNING] [stderr] 2026-08-15T18:53:36.713-0600	INFO	ForkJoinPool-1-worker-1	stdout	operator_metric,nitro,tpcds-parquet-sf10,q23a,0,22/PartitionedOutputOperator@5075,nitroRemoteOutputBufferedBatches,382
[WARNING] [stderr] 2026-08-15T18:53:36.713-0600	INFO	ForkJoinPool-1-worker-1	stdout	operator_metric,nitro,tpcds-parquet-sf10,q23a,0,22/PartitionedOutputOperator@5075,nitroRemoteOutputPartitionKeyConversionNanos,0
[WARNING] [stderr] 2026-08-15T18:53:36.713-0600	INFO	ForkJoinPool-1-worker-1	stdout	operator_metric,nitro,tpcds-parquet-sf10,q23a,0,22/PartitionedOutputOperator@5075,nitroExchangeRunLengthUnsupportedPositions,0
[WARNING] [stderr] 2026-08-15T18:53:36.713-0600	INFO	ForkJoinPool-1-worker-1	stdout	operator_metric,nitro,tpcds-parquet-sf10,q23a,0,22/PartitionedOutputOperator@5075,nitroRemoteOutputBufferedAppendNanos,261044166
[WARNING] [stderr] 2026-08-15T18:53:36.713-0600	INFO	ForkJoinPool-1-worker-1	stdout	operator_metric,nitro,tpcds-parquet-sf10,q23a,0,22/PartitionedOutputOperator@5075,nitroRemoteOutputTotalNanos,283051212
[WARNING] [stderr] 2026-08-15T18:53:36.713-0600	INFO	ForkJoinPool-1-worker-1	stdout	operator_metric,nitro,tpcds-parquet-sf10,q23a,0,22/PartitionedOutputOperator@5075,nitroRemoteOutputInputPositions,3767034
[WARNING] [stderr] 2026-08-15T18:53:36.713-0600	INFO	ForkJoinPool-1-worker-1	stdout	operator_metric,nitro,tpcds-parquet-sf10,q23a,0,22/PartitionedOutputOperator@5075,nitroExchangeInputRunLengthChannelPositions,0
[WARNING] [stderr] 2026-08-15T18:53:36.713-0600	INFO	ForkJoinPool-1-worker-1	stdout	operator_metric,nitro,tpcds-parquet-sf10,q23a,0,22/PartitionedOutputOperator@5075,nitroExchangeNoDictionaryPositions,3767034
[WARNING] [stderr] 2026-08-15T18:53:36.713-0600	INFO	ForkJoinPool-1-worker-1	stdout	operator_metric,nitro,tpcds-parquet-sf10,q23a,0,22/PartitionedOutputOperator@5075,nitroExchangeInputPositions,3767034
[WARNING] [stderr] 2026-08-15T18:53:36.713-0600	INFO	ForkJoinPool-1-worker-1	stdout	operator_metric,nitro,tpcds-parquet-sf10,q23a,0,22/PartitionedOutputOperator@5075,nitroExchangeLowDictionaryReusePositions,0
[WARNING] [stderr] 2026-08-15T18:53:36.713-0600	INFO	ForkJoinPool-1-worker-1	stdout	operator_metric,nitro,tpcds-parquet-sf10,q23a,0,23/TrinoNitroPipelineSourceOperator@2331,nitroBoundaryNativeExchangeBatches,1
[WARNING] [stderr] 2026-08-15T18:53:36.713-0600	INFO	ForkJoinPool-1-worker-1	stdout	operator_metric,nitro,tpcds-parquet-sf10,q23a,0,23/TrinoNitroPipelineSourceOperator@2331,nitroFilterPlannedPreboundMasks,2
[WARNING] [stderr] 2026-08-15T18:53:36.713-0600	INFO	ForkJoinPool-1-worker-1	stdout	operator_metric,nitro,tpcds-parquet-sf10,q23a,0,23/TrinoNitroPipelineSourceOperator@2331,nitroNativeSourceCreationNanos,187424
[WARNING] [stderr] 2026-08-15T18:53:36.713-0600	INFO	ForkJoinPool-1-worker-1	stdout	operator_metric,nitro,tpcds-parquet-sf10,q23a,0,23/TrinoNitroPipelineSourceOperator@2331,nitroProjectionOtherNullExpansionPositions,0
[WARNING] [stderr] 2026-08-15T18:53:36.713-0600	INFO	ForkJoinPool-1-worker-1	stdout	operator_metric,nitro,tpcds-parquet-sf10,q23a,0,23/TrinoNitroPipelineSourceOperator@2331,nitroFilterDirectPreboundMaskSuccesses,0
[WARNING] [stderr] 2026-08-15T18:53:36.713-0600	INFO	ForkJoinPool-1-worker-1	stdout	operator_metric,nitro,tpcds-parquet-sf10,q23a,0,23/TrinoNitroPipelineSourceOperator@2331,nitroAllocatorAllocatedBytes.NitroParquetBatchSource,760000
[WARNING] [stderr] 2026-08-15T18:53:36.713-0600	INFO	ForkJoinPool-1-worker-1	stdout	operator_metric,nitro,tpcds-parquet-sf10,q23a,0,23/TrinoNitroPipelineSourceOperator@2331,nitroProjectionGeneratedSuccesses,0
[WARNING] [stderr] 2026-08-15T18:53:36.713-0600	INFO	ForkJoinPool-1-worker-1	stdout	operator_metric,nitro,tpcds-parquet-sf10,q23a,0,23/TrinoNitroPipelineSourceOperator@2331,nitroProjectionRunLengthInputPositions,0
[WARNING] [stderr] 2026-08-15T18:53:36.713-0600	INFO	ForkJoinPool-1-worker-1	stdout	operator_metric,nitro,tpcds-parquet-sf10,q23a,0,23/TrinoNitroPipelineSourceOperator@2331,nitroFilterOutputPositions,29
[WARNING] [stderr] 2026-08-15T18:53:36.713-0600	INFO	ForkJoinPool-1-worker-1	stdout	operator_metric,nitro,tpcds-parquet-sf10,q23a,0,23/TrinoNitroPipelineSourceOperator@2331,nitroFilterPlannedCompiledMasks,2
[WARNING] [stderr] 2026-08-15T18:53:36.713-0600	INFO	ForkJoinPool-1-worker-1	stdout	operator_metric,nitro,tpcds-parquet-sf10,q23a,0,23/TrinoNitroPipelineSourceOperator@2331,nitroFilterSourceMaskSuccesses,0
[WARNING] [stderr] 2026-08-15T18:53:36.713-0600	INFO	ForkJoinPool-1-worker-1	stdout	operator_metric,nitro,tpcds-parquet-sf10,q23a,0,23/TrinoNitroPipelineSourceOperator@2331,nitroProjectionDictionaryInputPositions,0
[WARNING] [stderr] 2026-08-15T18:53:36.713-0600	INFO	ForkJoinPool-1-worker-1	stdout	operator_metric,nitro,tpcds-parquet-sf10,q23a,0,23/TrinoNitroPipelineSourceOperator@2331,nitroAllocatorAllocatedVectorBytes.I64Vector,320000
[WARNING] [stderr] 2026-08-15T18:53:36.713-0600	INFO	ForkJoinPool-1-worker-1	stdout	operator_metric,nitro,tpcds-parquet-sf10,q23a,0,23/TrinoNitroPipelineSourceOperator@2331,nitroFilterCompiledMaskAttempts,0
[WARNING] [stderr] 2026-08-15T18:53:36.713-0600	INFO	ForkJoinPool-1-worker-1	stdout	operator_metric,nitro,tpcds-parquet-sf10,q23a,0,23/TrinoNitroPipelineSourceOperator@2331,nitroFilterPlannedAssignments,5
[WARNING] [stderr] 2026-08-15T18:53:36.713-0600	INFO	ForkJoinPool-1-worker-1	stdout	operator_metric,nitro,tpcds-parquet-sf10,q23a,0,23/TrinoNitroPipelineSourceOperator@2331,nitroOperatorConstructionNanos,216329
[WARNING] [stderr] 2026-08-15T18:53:36.713-0600	INFO	ForkJoinPool-1-worker-1	stdout	operator_metric,nitro,tpcds-parquet-sf10,q23a,0,23/TrinoNitroPipelineSourceOperator@2331,nitroProjectionPlannedComputedOutputs,0
[WARNING] [stderr] 2026-08-15T18:53:36.713-0600	INFO	ForkJoinPool-1-worker-1	stdout	operator_metric,nitro,tpcds-parquet-sf10,q23a,0,23/TrinoNitroPipelineSourceOperator@2331,nitroProjectionGeneratedLayoutFallbacks,0
[WARNING] [stderr] 2026-08-15T18:53:36.713-0600	INFO	ForkJoinPool-1-worker-1	stdout	operator_metric,nitro,tpcds-parquet-sf10,q23a,0,23/TrinoNitroPipelineSourceOperator@2331,nitroProjectionGeneratedKernels,0
[WARNING] [stderr] 2026-08-15T18:53:36.713-0600	INFO	ForkJoinPool-1-worker-1	stdout	operator_metric,nitro,tpcds-parquet-sf10,q23a,0,23/TrinoNitroPipelineSourceOperator@2331,nitroAllocatorAllocatedVectorBytes.I32Vector,320000
[WARNING] [stderr] 2026-08-15T18:53:36.713-0600	INFO	ForkJoinPool-1-worker-1	stdout	operator_metric,nitro,tpcds-parquet-sf10,q23a,0,23/TrinoNitroPipelineSourceOperator@2331,nitroBoundaryNativeExchangeMaximumBatchBytes,360000
[WARNING] [stderr] 2026-08-15T18:53:36.713-0600	INFO	ForkJoinPool-1-worker-1	stdout	operator_metric,nitro,tpcds-parquet-sf10,q23a,0,23/TrinoNitroPipelineSourceOperator@2331,nitroFilterInputPositions,29
[WARNING] [stderr] 2026-08-15T18:53:36.713-0600	INFO	ForkJoinPool-1-worker-1	stdout	operator_metric,nitro,tpcds-parquet-sf10,q23a,0,23/TrinoNitroPipelineSourceOperator@2331,nitroAllocatorAllocatedVectorBytes.BooleanVector,120000
[WARNING] [stderr] 2026-08-15T18:53:36.713-0600	INFO	ForkJoinPool-1-worker-1	stdout	operator_metric,nitro,tpcds-parquet-sf10,q23a,0,23/TrinoNitroPipelineSourceOperator@2331,nitroBoundaryNativeExchangePositions,29
[WARNING] [stderr] 2026-08-15T18:53:36.713-0600	INFO	ForkJoinPool-1-worker-1	stdout	operator_metric,nitro,tpcds-parquet-sf10,q23a,0,23/TrinoNitroPipelineSourceOperator@2331,nitroAllocatorAllocatedBytes.FilterOperator,0
[WARNING] [stderr] 2026-08-15T18:53:36.713-0600	INFO	ForkJoinPool-1-worker-1	stdout	operator_metric,nitro,tpcds-parquet-sf10,q23a,0,23/TrinoNitroPipelineSourceOperator@2331,nitroAllocatorAllocatedBytes.ProjectOperator,0
[WARNING] [stderr] 2026-08-15T18:53:36.713-0600	INFO	ForkJoinPool-1-worker-1	stdout	operator_metric,nitro,tpcds-parquet-sf10,q23a,0,23/TrinoNitroPipelineSourceOperator@2331,nitroFilterCompiledMaskSuccesses,0
[WARNING] [stderr] 2026-08-15T18:53:36.713-0600	INFO	ForkJoinPool-1-worker-1	stdout	operator_metric,nitro,tpcds-parquet-sf10,q23a,0,23/TrinoNitroPipelineSourceOperator@2331,nitroFilterPrimitiveMaskFallbacks,0
[WARNING] [stderr] 2026-08-15T18:53:36.713-0600	INFO	ForkJoinPool-1-worker-1	stdout	operator_metric,nitro,tpcds-parquet-sf10,q23a,0,23/TrinoNitroPipelineSourceOperator@2331,nitroProjectionIntegerWideningPositions,0
[WARNING] [stderr] 2026-08-15T18:53:36.713-0600	INFO	ForkJoinPool-1-worker-1	stdout	operator_metric,nitro,tpcds-parquet-sf10,q23a,0,23/TrinoNitroPipelineSourceOperator@2331,nitroBoundaryNativeExchangeBytes,360000
[WARNING] [stderr] 2026-08-15T18:53:36.713-0600	INFO	ForkJoinPool-1-worker-1	stdout	operator_metric,nitro,tpcds-parquet-sf10,q23a,0,23/TrinoNitroPipelineSourceOperator@2331,nitroFilterMaterializedMaskFallbacks,0
[WARNING] [stderr] 2026-08-15T18:53:36.713-0600	INFO	ForkJoinPool-1-worker-1	stdout	operator_metric,nitro,tpcds-parquet-sf10,q23a,0,23/TrinoNitroPipelineSourceOperator@2331,nitroFilterCompiledMaskFallbacks,0
[WARNING] [stderr] 2026-08-15T18:53:36.713-0600	INFO	ForkJoinPool-1-worker-1	stdout	operator_metric,nitro,tpcds-parquet-sf10,q23a,0,23/TrinoNitroPipelineSourceOperator@2331,nitroProjectionGeneratedErrorFallbacks,0
[WARNING] [stderr] 2026-08-15T18:53:36.714-0600	INFO	ForkJoinPool-1-worker-1	stdout	operator_metric,nitro,tpcds-parquet-sf10,q23a,0,23/TrinoNitroPipelineSourceOperator@2331,nitroFilterPlannedSourceMaskOptimizations,0
[WARNING] [stderr] 2026-08-15T18:53:36.714-0600	INFO	ForkJoinPool-1-worker-1	stdout	operator_metric,nitro,tpcds-parquet-sf10,q23a,0,23/TrinoNitroPipelineSourceOperator@2331,nitroAllocatorAllocatedBytes,760000
[WARNING] [stderr] 2026-08-15T18:53:36.714-0600	INFO	ForkJoinPool-1-worker-1	stdout	operator_metric,nitro,tpcds-parquet-sf10,q23a,0,23/TrinoNitroPipelineSourceOperator@2331,nitroProjectionFlatInputPositions,0
[WARNING] [stderr] 2026-08-15T18:53:36.714-0600	INFO	ForkJoinPool-1-worker-1	stdout	operator_metric,nitro,tpcds-parquet-sf10,q23a,0,23/TrinoNitroPipelineSourceOperator@2331,nitroFilterPrimitiveMaskAttempts,0
[WARNING] [stderr] 2026-08-15T18:53:36.714-0600	INFO	ForkJoinPool-1-worker-1	stdout	operator_metric,nitro,tpcds-parquet-sf10,q23a,0,23/TrinoNitroPipelineSourceOperator@2331,nitroProjectionGeneratedAttempts,0
[WARNING] [stderr] 2026-08-15T18:53:36.714-0600	INFO	ForkJoinPool-1-worker-1	stdout	operator_metric,nitro,tpcds-parquet-sf10,q23a,0,23/TrinoNitroPipelineSourceOperator@2331,nitroProjectionPlannedAssignments,0
[WARNING] [stderr] 2026-08-15T18:53:36.714-0600	INFO	ForkJoinPool-1-worker-1	stdout	operator_metric,nitro,tpcds-parquet-sf10,q23a,0,23/TrinoNitroPipelineSourceOperator@2331,nitroProjectionGeneratedSelectedPositions,0
[WARNING] [stderr] 2026-08-15T18:53:36.714-0600	INFO	ForkJoinPool-1-worker-1	stdout	operator_metric,nitro,tpcds-parquet-sf10,q23a,0,23/TrinoNitroPipelineSourceOperator@2331,nitroFilterPrimitiveMaskSuccesses,0
[WARNING] [stderr] 2026-08-15T18:53:36.714-0600	INFO	ForkJoinPool-1-worker-1	stdout	operator_metric,nitro,tpcds-parquet-sf10,q23a,0,23/TrinoNitroPipelineSourceOperator@2331,nitroProjectionOtherInputPositions,0
[WARNING] [stderr] 2026-08-15T18:53:36.714-0600	INFO	ForkJoinPool-1-worker-1	stdout	operator_metric,nitro,tpcds-parquet-sf10,q23a,0,23/TrinoNitroPipelineSourceOperator@2331,nitroProjectionDictionaryFlatteningPositions,0
[WARNING] [stderr] 2026-08-15T18:53:36.714-0600	INFO	ForkJoinPool-1-worker-1	stdout	operator_metric,nitro,tpcds-parquet-sf10,q23a,0,23/TrinoNitroPipelineSourceOperator@2331,nitroProjectionGeneratedOutputs,0
[WARNING] [stderr] 2026-08-15T18:53:36.714-0600	INFO	ForkJoinPool-1-worker-1	stdout	operator_metric,nitro,tpcds-parquet-sf10,q23a,0,23/TrinoNitroPipelineSourceOperator@2331,nitroAllocatorAllocatedVectorBytes,760000
[WARNING] [stderr] 2026-08-15T18:53:36.714-0600	INFO	ForkJoinPool-1-worker-1	stdout	operator_metric,nitro,tpcds-parquet-sf10,q23a,0,23/TrinoNitroPipelineSourceOperator@2331,nitroProjectionDictionaryNullExpansionPositions,0
[WARNING] [stderr] 2026-08-15T18:53:36.714-0600	INFO	ForkJoinPool-1-worker-1	stdout	operator_metric,nitro,tpcds-parquet-sf10,q23a,0,23/TrinoNitroPipelineSourceOperator@2331,nitroAllocatorAllocatedBytes.trino-native-source-ingress,0
[WARNING] [stderr] 2026-08-15T18:53:36.714-0600	INFO	ForkJoinPool-1-worker-1	stdout	operator_metric,nitro,tpcds-parquet-sf10,q23a,0,23/PartitionedOutputOperator@2331,nitroExchangePreservedPositions,0
[WARNING] [stderr] 2026-08-15T18:53:36.714-0600	INFO	ForkJoinPool-1-worker-1	stdout	operator_metric,nitro,tpcds-parquet-sf10,q23a,0,23/PartitionedOutputOperator@2331,nitroRemoteOutputBufferedConversionNanos,41248
[WARNING] [stderr] 2026-08-15T18:53:36.714-0600	INFO	ForkJoinPool-1-worker-1	stdout	operator_metric,nitro,tpcds-parquet-sf10,q23a,0,23/PartitionedOutputOperator@2331,nitroRemoteOutputPartitionAssignmentNanos,0
[WARNING] [stderr] 2026-08-15T18:53:36.714-0600	INFO	ForkJoinPool-1-worker-1	stdout	operator_metric,nitro,tpcds-parquet-sf10,q23a,0,23/PartitionedOutputOperator@2331,nitroRemoteOutputNativePartitionAppendNanos,0
[WARNING] [stderr] 2026-08-15T18:53:36.714-0600	INFO	ForkJoinPool-1-worker-1	stdout	operator_metric,nitro,tpcds-parquet-sf10,q23a,0,23/PartitionedOutputOperator@2331,nitroExchangeInputPages,1
[WARNING] [stderr] 2026-08-15T18:53:36.714-0600	INFO	ForkJoinPool-1-worker-1	stdout	operator_metric,nitro,tpcds-parquet-sf10,q23a,0,23/PartitionedOutputOperator@2331,nitroRemoteOutputNativePartitionConversionNanos,0
[WARNING] [stderr] 2026-08-15T18:53:36.714-0600	INFO	ForkJoinPool-1-worker-1	stdout	operator_metric,nitro,tpcds-parquet-sf10,q23a,0,23/PartitionedOutputOperator@2331,nitroExchangeSmallPagePositions,0
[WARNING] [stderr] 2026-08-15T18:53:36.714-0600	INFO	ForkJoinPool-1-worker-1	stdout	operator_metric,nitro,tpcds-parquet-sf10,q23a,0,23/PartitionedOutputOperator@2331,nitroRemoteOutputNativePartitionCopyNanos,0
[WARNING] [stderr] 2026-08-15T18:53:36.714-0600	INFO	ForkJoinPool-1-worker-1	stdout	operator_metric,nitro,tpcds-parquet-sf10,q23a,0,23/PartitionedOutputOperator@2331,nitroRemoteOutputNativeBatches,0
[WARNING] [stderr] 2026-08-15T18:53:36.714-0600	INFO	ForkJoinPool-1-worker-1	stdout	operator_metric,nitro,tpcds-parquet-sf10,q23a,0,23/PartitionedOutputOperator@2331,nitroExchangeInputFlatChannelPositions,29
[WARNING] [stderr] 2026-08-15T18:53:36.714-0600	INFO	ForkJoinPool-1-worker-1	stdout	operator_metric,nitro,tpcds-parquet-sf10,q23a,0,23/PartitionedOutputOperator@2331,nitroExchangeDictionaryUnsupportedPositions,0
[WARNING] [stderr] 2026-08-15T18:53:36.714-0600	INFO	ForkJoinPool-1-worker-1	stdout	operator_metric,nitro,tpcds-parquet-sf10,q23a,0,23/PartitionedOutputOperator@2331,nitroExchangeInputDictionaryChannelPositions,0
[WARNING] [stderr] 2026-08-15T18:53:36.714-0600	INFO	ForkJoinPool-1-worker-1	stdout	operator_metric,nitro,tpcds-parquet-sf10,q23a,0,23/PartitionedOutputOperator@2331,nitroRemoteOutputNativePartitions,0
[WARNING] [stderr] 2026-08-15T18:53:36.714-0600	INFO	ForkJoinPool-1-worker-1	stdout	operator_metric,nitro,tpcds-parquet-sf10,q23a,0,23/PartitionedOutputOperator@2331,nitroRemoteOutputBufferedBatches,1
[WARNING] [stderr] 2026-08-15T18:53:36.714-0600	INFO	ForkJoinPool-1-worker-1	stdout	operator_metric,nitro,tpcds-parquet-sf10,q23a,0,23/PartitionedOutputOperator@2331,nitroRemoteOutputPartitionKeyConversionNanos,0
[WARNING] [stderr] 2026-08-15T18:53:36.714-0600	INFO	ForkJoinPool-1-worker-1	stdout	operator_metric,nitro,tpcds-parquet-sf10,q23a,0,23/PartitionedOutputOperator@2331,nitroExchangeRunLengthUnsupportedPositions,0
[WARNING] [stderr] 2026-08-15T18:53:36.714-0600	INFO	ForkJoinPool-1-worker-1	stdout	operator_metric,nitro,tpcds-parquet-sf10,q23a,0,23/PartitionedOutputOperator@2331,nitroRemoteOutputBufferedAppendNanos,18716
[WARNING] [stderr] 2026-08-15T18:53:36.714-0600	INFO	ForkJoinPool-1-worker-1	stdout	operator_metric,nitro,tpcds-parquet-sf10,q23a,0,23/PartitionedOutputOperator@2331,nitroExchangeNoDictionaryPositions,29
[WARNING] [stderr] 2026-08-15T18:53:36.714-0600	INFO	ForkJoinPool-1-worker-1	stdout	operator_metric,nitro,tpcds-parquet-sf10,q23a,0,23/PartitionedOutputOperator@2331,nitroRemoteOutputInputPositions,29
[WARNING] [stderr] 2026-08-15T18:53:36.714-0600	INFO	ForkJoinPool-1-worker-1	stdout	operator_metric,nitro,tpcds-parquet-sf10,q23a,0,23/PartitionedOutputOperator@2331,nitroRemoteOutputTotalNanos,64823
[WARNING] [stderr] 2026-08-15T18:53:36.714-0600	INFO	ForkJoinPool-1-worker-1	stdout	operator_metric,nitro,tpcds-parquet-sf10,q23a,0,23/PartitionedOutputOperator@2331,nitroExchangeInputRunLengthChannelPositions,0
[WARNING] [stderr] 2026-08-15T18:53:36.714-0600	INFO	ForkJoinPool-1-worker-1	stdout	operator_metric,nitro,tpcds-parquet-sf10,q23a,0,23/PartitionedOutputOperator@2331,nitroExchangeInputPositions,29
[WARNING] [stderr] 2026-08-15T18:53:36.714-0600	INFO	ForkJoinPool-1-worker-1	stdout	operator_metric,nitro,tpcds-parquet-sf10,q23a,0,23/PartitionedOutputOperator@2331,nitroExchangeLowDictionaryReusePositions,0
[WARNING] [stderr] 2026-08-15T18:53:36.714-0600	INFO	ForkJoinPool-1-worker-1	stdout	operator_metric,nitro,tpcds-parquet-sf10,q23a,0,25/TrinoNitroPipelineSourceOperator@5082,nitroOperatorConstructionNanos,397390
[WARNING] [stderr] 2026-08-15T18:53:36.714-0600	INFO	ForkJoinPool-1-worker-1	stdout	operator_metric,nitro,tpcds-parquet-sf10,q23a,0,25/TrinoNitroPipelineSourceOperator@5082,nitroBoundaryNativeExchangeMaximumBatchBytes,5400000
[WARNING] [stderr] 2026-08-15T18:53:36.714-0600	INFO	ForkJoinPool-1-worker-1	stdout	operator_metric,nitro,tpcds-parquet-sf10,q23a,0,25/TrinoNitroPipelineSourceOperator@5082,nitroBoundaryNativeExchangeBytes,837991350
[WARNING] [stderr] 2026-08-15T18:53:36.714-0600	INFO	ForkJoinPool-1-worker-1	stdout	operator_metric,nitro,tpcds-parquet-sf10,q23a,0,25/TrinoNitroPipelineSourceOperator@5082,nitroAllocatorAllocatedVectorBytes,837991350
[WARNING] [stderr] 2026-08-15T18:53:36.714-0600	INFO	ForkJoinPool-1-worker-1	stdout	operator_metric,nitro,tpcds-parquet-sf10,q23a,0,25/TrinoNitroPipelineSourceOperator@5082,nitroNativeSourceCreationNanos,2636158
[WARNING] [stderr] 2026-08-15T18:53:36.714-0600	INFO	ForkJoinPool-1-worker-1	stdout	operator_metric,nitro,tpcds-parquet-sf10,q23a,0,25/TrinoNitroPipelineSourceOperator@5082,nitroAllocatorAllocatedVectorBytes.BooleanVector,93110150
[WARNING] [stderr] 2026-08-15T18:53:36.714-0600	INFO	ForkJoinPool-1-worker-1	stdout	operator_metric,nitro,tpcds-parquet-sf10,q23a,0,25/TrinoNitroPipelineSourceOperator@5082,nitroAllocatorAllocatedBytes.NitroParquetBatchSource,837991350
[WARNING] [stderr] 2026-08-15T18:53:36.714-0600	INFO	ForkJoinPool-1-worker-1	stdout	operator_metric,nitro,tpcds-parquet-sf10,q23a,0,25/TrinoNitroPipelineSourceOperator@5082,nitroAllocatorAllocatedBytes,837991350
[WARNING] [stderr] 2026-08-15T18:53:36.714-0600	INFO	ForkJoinPool-1-worker-1	stdout	operator_metric,nitro,tpcds-parquet-sf10,q23a,0,25/TrinoNitroPipelineSourceOperator@5082,nitroBoundaryNativeExchangePositions,23034974
[WARNING] [stderr] 2026-08-15T18:53:36.714-0600	INFO	ForkJoinPool-1-worker-1	stdout	operator_metric,nitro,tpcds-parquet-sf10,q23a,0,25/TrinoNitroPipelineSourceOperator@5082,nitroAllocatorAllocatedVectorBytes.I64Vector,744881200
[WARNING] [stderr] 2026-08-15T18:53:36.714-0600	INFO	ForkJoinPool-1-worker-1	stdout	operator_metric,nitro,tpcds-parquet-sf10,q23a,0,25/TrinoNitroPipelineSourceOperator@5082,nitroBoundaryNativeExchangeBatches,2311
[WARNING] [stderr] 2026-08-15T18:53:36.714-0600	INFO	ForkJoinPool-1-worker-1	stdout	operator_metric,nitro,tpcds-parquet-sf10,q23a,0,25/TrinoNitroPipelineSourceOperator@5082,nitroAllocatorAllocatedBytes.trino-native-source-ingress,0
[WARNING] [stderr] 2026-08-15T18:53:36.714-0600	INFO	ForkJoinPool-1-worker-1	stdout	operator_metric,nitro,tpcds-parquet-sf10,q23a,0,25/PartitionedOutputOperator@5082,nitroExchangePreservedPositions,0
[WARNING] [stderr] 2026-08-15T18:53:36.714-0600	INFO	ForkJoinPool-1-worker-1	stdout	operator_metric,nitro,tpcds-parquet-sf10,q23a,0,25/PartitionedOutputOperator@5082,nitroRemoteOutputPartitionAssignmentNanos,0
[WARNING] [stderr] 2026-08-15T18:53:36.714-0600	INFO	ForkJoinPool-1-worker-1	stdout	operator_metric,nitro,tpcds-parquet-sf10,q23a,0,25/PartitionedOutputOperator@5082,nitroRemoteOutputBufferedConversionNanos,55076329
[WARNING] [stderr] 2026-08-15T18:53:36.714-0600	INFO	ForkJoinPool-1-worker-1	stdout	operator_metric,nitro,tpcds-parquet-sf10,q23a,0,25/PartitionedOutputOperator@5082,nitroRemoteOutputNativePartitionAppendNanos,0
[WARNING] [stderr] 2026-08-15T18:53:36.714-0600	INFO	ForkJoinPool-1-worker-1	stdout	operator_metric,nitro,tpcds-parquet-sf10,q23a,0,25/PartitionedOutputOperator@5082,nitroRemoteOutputNativePartitionConversionNanos,0
[WARNING] [stderr] 2026-08-15T18:53:36.714-0600	INFO	ForkJoinPool-1-worker-1	stdout	operator_metric,nitro,tpcds-parquet-sf10,q23a,0,25/PartitionedOutputOperator@5082,nitroExchangeInputPages,2311
[WARNING] [stderr] 2026-08-15T18:53:36.714-0600	INFO	ForkJoinPool-1-worker-1	stdout	operator_metric,nitro,tpcds-parquet-sf10,q23a,0,25/PartitionedOutputOperator@5082,nitroExchangeSmallPagePositions,0
[WARNING] [stderr] 2026-08-15T18:53:36.714-0600	INFO	ForkJoinPool-1-worker-1	stdout	operator_metric,nitro,tpcds-parquet-sf10,q23a,0,25/PartitionedOutputOperator@5082,nitroExchangeInputFlatChannelPositions,46069948
[WARNING] [stderr] 2026-08-15T18:53:36.714-0600	INFO	ForkJoinPool-1-worker-1	stdout	operator_metric,nitro,tpcds-parquet-sf10,q23a,0,25/PartitionedOutputOperator@5082,nitroExchangeDictionaryUnsupportedPositions,0
[WARNING] [stderr] 2026-08-15T18:53:36.714-0600	INFO	ForkJoinPool-1-worker-1	stdout	operator_metric,nitro,tpcds-parquet-sf10,q23a,0,25/PartitionedOutputOperator@5082,nitroRemoteOutputNativeBatches,0
[WARNING] [stderr] 2026-08-15T18:53:36.714-0600	INFO	ForkJoinPool-1-worker-1	stdout	operator_metric,nitro,tpcds-parquet-sf10,q23a,0,25/PartitionedOutputOperator@5082,nitroRemoteOutputNativePartitionCopyNanos,0
[WARNING] [stderr] 2026-08-15T18:53:36.714-0600	INFO	ForkJoinPool-1-worker-1	stdout	operator_metric,nitro,tpcds-parquet-sf10,q23a,0,25/PartitionedOutputOperator@5082,nitroExchangeInputDictionaryChannelPositions,0
[WARNING] [stderr] 2026-08-15T18:53:36.714-0600	INFO	ForkJoinPool-1-worker-1	stdout	operator_metric,nitro,tpcds-parquet-sf10,q23a,0,25/PartitionedOutputOperator@5082,nitroRemoteOutputNativePartitions,0
[WARNING] [stderr] 2026-08-15T18:53:36.714-0600	INFO	ForkJoinPool-1-worker-1	stdout	operator_metric,nitro,tpcds-parquet-sf10,q23a,0,25/PartitionedOutputOperator@5082,nitroRemoteOutputBufferedBatches,2311
[WARNING] [stderr] 2026-08-15T18:53:36.715-0600	INFO	ForkJoinPool-1-worker-1	stdout	operator_metric,nitro,tpcds-parquet-sf10,q23a,0,25/PartitionedOutputOperator@5082,nitroRemoteOutputPartitionKeyConversionNanos,0
[WARNING] [stderr] 2026-08-15T18:53:36.715-0600	INFO	ForkJoinPool-1-worker-1	stdout	operator_metric,nitro,tpcds-parquet-sf10,q23a,0,25/PartitionedOutputOperator@5082,nitroExchangeRunLengthUnsupportedPositions,0
[WARNING] [stderr] 2026-08-15T18:53:36.715-0600	INFO	ForkJoinPool-1-worker-1	stdout	operator_metric,nitro,tpcds-parquet-sf10,q23a,0,25/PartitionedOutputOperator@5082,nitroRemoteOutputBufferedAppendNanos,438134744
[WARNING] [stderr] 2026-08-15T18:53:36.715-0600	INFO	ForkJoinPool-1-worker-1	stdout	operator_metric,nitro,tpcds-parquet-sf10,q23a,0,25/PartitionedOutputOperator@5082,nitroRemoteOutputTotalNanos,495385589
[WARNING] [stderr] 2026-08-15T18:53:36.715-0600	INFO	ForkJoinPool-1-worker-1	stdout	operator_metric,nitro,tpcds-parquet-sf10,q23a,0,25/PartitionedOutputOperator@5082,nitroRemoteOutputInputPositions,23034974
[WARNING] [stderr] 2026-08-15T18:53:36.715-0600	INFO	ForkJoinPool-1-worker-1	stdout	operator_metric,nitro,tpcds-parquet-sf10,q23a,0,25/PartitionedOutputOperator@5082,nitroExchangeInputRunLengthChannelPositions,0
[WARNING] [stderr] 2026-08-15T18:53:36.715-0600	INFO	ForkJoinPool-1-worker-1	stdout	operator_metric,nitro,tpcds-parquet-sf10,q23a,0,25/PartitionedOutputOperator@5082,nitroExchangeNoDictionaryPositions,23034974
[WARNING] [stderr] 2026-08-15T18:53:36.715-0600	INFO	ForkJoinPool-1-worker-1	stdout	operator_metric,nitro,tpcds-parquet-sf10,q23a,0,25/PartitionedOutputOperator@5082,nitroExchangeInputPositions,23034974
[WARNING] [stderr] 2026-08-15T18:53:36.715-0600	INFO	ForkJoinPool-1-worker-1	stdout	operator_metric,nitro,tpcds-parquet-sf10,q23a,0,25/PartitionedOutputOperator@5082,nitroExchangeLowDictionaryReusePositions,0
[WARNING] [stderr] 2026-08-15T18:53:36.715-0600	INFO	ForkJoinPool-1-worker-1	stdout	operator_metric,nitro,tpcds-parquet-sf10,q23a,0,26/TrinoNitroPipelineSourceOperator@2365,nitroBoundaryNativeExchangeBatches,1
[WARNING] [stderr] 2026-08-15T18:53:36.715-0600	INFO	ForkJoinPool-1-worker-1	stdout	operator_metric,nitro,tpcds-parquet-sf10,q23a,0,26/TrinoNitroPipelineSourceOperator@2365,nitroFilterPlannedPreboundMasks,0
[WARNING] [stderr] 2026-08-15T18:53:36.715-0600	INFO	ForkJoinPool-1-worker-1	stdout	operator_metric,nitro,tpcds-parquet-sf10,q23a,0,26/TrinoNitroPipelineSourceOperator@2365,nitroNativeSourceCreationNanos,315557
[WARNING] [stderr] 2026-08-15T18:53:36.715-0600	INFO	ForkJoinPool-1-worker-1	stdout	operator_metric,nitro,tpcds-parquet-sf10,q23a,0,26/TrinoNitroPipelineSourceOperator@2365,nitroProjectionOtherNullExpansionPositions,0
[WARNING] [stderr] 2026-08-15T18:53:36.715-0600	INFO	ForkJoinPool-1-worker-1	stdout	operator_metric,nitro,tpcds-parquet-sf10,q23a,0,26/TrinoNitroPipelineSourceOperator@2365,nitroFilterDirectPreboundMaskSuccesses,0
[WARNING] [stderr] 2026-08-15T18:53:36.715-0600	INFO	ForkJoinPool-1-worker-1	stdout	operator_metric,nitro,tpcds-parquet-sf10,q23a,0,26/TrinoNitroPipelineSourceOperator@2365,nitroAllocatorAllocatedBytes.NitroParquetBatchSource,760000
[WARNING] [stderr] 2026-08-15T18:53:36.715-0600	INFO	ForkJoinPool-1-worker-1	stdout	operator_metric,nitro,tpcds-parquet-sf10,q23a,0,26/TrinoNitroPipelineSourceOperator@2365,nitroProjectionGeneratedSuccesses,0
[WARNING] [stderr] 2026-08-15T18:53:36.715-0600	INFO	ForkJoinPool-1-worker-1	stdout	operator_metric,nitro,tpcds-parquet-sf10,q23a,0,26/TrinoNitroPipelineSourceOperator@2365,nitroProjectionRunLengthInputPositions,0
[WARNING] [stderr] 2026-08-15T18:53:36.715-0600	INFO	ForkJoinPool-1-worker-1	stdout	operator_metric,nitro,tpcds-parquet-sf10,q23a,0,26/TrinoNitroPipelineSourceOperator@2365,nitroFilterOutputPositions,1461
[WARNING] [stderr] 2026-08-15T18:53:36.715-0600	INFO	ForkJoinPool-1-worker-1	stdout	operator_metric,nitro,tpcds-parquet-sf10,q23a,0,26/TrinoNitroPipelineSourceOperator@2365,nitroFilterPlannedCompiledMasks,0
[WARNING] [stderr] 2026-08-15T18:53:36.715-0600	INFO	ForkJoinPool-1-worker-1	stdout	operator_metric,nitro,tpcds-parquet-sf10,q23a,0,26/TrinoNitroPipelineSourceOperator@2365,nitroFilterSourceMaskSuccesses,0
[WARNING] [stderr] 2026-08-15T18:53:36.715-0600	INFO	ForkJoinPool-1-worker-1	stdout	operator_metric,nitro,tpcds-parquet-sf10,q23a,0,26/TrinoNitroPipelineSourceOperator@2365,nitroProjectionDictionaryInputPositions,0
[WARNING] [stderr] 2026-08-15T18:53:36.715-0600	INFO	ForkJoinPool-1-worker-1	stdout	operator_metric,nitro,tpcds-parquet-sf10,q23a,0,26/TrinoNitroPipelineSourceOperator@2365,nitroAllocatorAllocatedVectorBytes.I64Vector,320000
[WARNING] [stderr] 2026-08-15T18:53:36.715-0600	INFO	ForkJoinPool-1-worker-1	stdout	operator_metric,nitro,tpcds-parquet-sf10,q23a,0,26/TrinoNitroPipelineSourceOperator@2365,nitroFilterCompiledMaskAttempts,0
[WARNING] [stderr] 2026-08-15T18:53:36.715-0600	INFO	ForkJoinPool-1-worker-1	stdout	operator_metric,nitro,tpcds-parquet-sf10,q23a,0,26/TrinoNitroPipelineSourceOperator@2365,nitroFilterPlannedAssignments,5
[WARNING] [stderr] 2026-08-15T18:53:36.715-0600	INFO	ForkJoinPool-1-worker-1	stdout	operator_metric,nitro,tpcds-parquet-sf10,q23a,0,26/TrinoNitroPipelineSourceOperator@2365,nitroOperatorConstructionNanos,224715
[WARNING] [stderr] 2026-08-15T18:53:36.715-0600	INFO	ForkJoinPool-1-worker-1	stdout	operator_metric,nitro,tpcds-parquet-sf10,q23a,0,26/TrinoNitroPipelineSourceOperator@2365,nitroProjectionPlannedComputedOutputs,0
[WARNING] [stderr] 2026-08-15T18:53:36.715-0600	INFO	ForkJoinPool-1-worker-1	stdout	operator_metric,nitro,tpcds-parquet-sf10,q23a,0,26/TrinoNitroPipelineSourceOperator@2365,nitroProjectionGeneratedLayoutFallbacks,0
[WARNING] [stderr] 2026-08-15T18:53:36.715-0600	INFO	ForkJoinPool-1-worker-1	stdout	operator_metric,nitro,tpcds-parquet-sf10,q23a,0,26/TrinoNitroPipelineSourceOperator@2365,nitroProjectionGeneratedKernels,0
[WARNING] [stderr] 2026-08-15T18:53:36.715-0600	INFO	ForkJoinPool-1-worker-1	stdout	operator_metric,nitro,tpcds-parquet-sf10,q23a,0,26/TrinoNitroPipelineSourceOperator@2365,nitroAllocatorAllocatedVectorBytes.I32Vector,320000
[WARNING] [stderr] 2026-08-15T18:53:36.715-0600	INFO	ForkJoinPool-1-worker-1	stdout	operator_metric,nitro,tpcds-parquet-sf10,q23a,0,26/TrinoNitroPipelineSourceOperator@2365,nitroBoundaryNativeExchangeMaximumBatchBytes,560000
[WARNING] [stderr] 2026-08-15T18:53:36.715-0600	INFO	ForkJoinPool-1-worker-1	stdout	operator_metric,nitro,tpcds-parquet-sf10,q23a,0,26/TrinoNitroPipelineSourceOperator@2365,nitroFilterInputPositions,1461
[WARNING] [stderr] 2026-08-15T18:53:36.715-0600	INFO	ForkJoinPool-1-worker-1	stdout	operator_metric,nitro,tpcds-parquet-sf10,q23a,0,26/TrinoNitroPipelineSourceOperator@2365,nitroAllocatorAllocatedVectorBytes.BooleanVector,120000
[WARNING] [stderr] 2026-08-15T18:53:36.715-0600	INFO	ForkJoinPool-1-worker-1	stdout	operator_metric,nitro,tpcds-parquet-sf10,q23a,0,26/TrinoNitroPipelineSourceOperator@2365,nitroBoundaryNativeExchangePositions,1461
[WARNING] [stderr] 2026-08-15T18:53:36.715-0600	INFO	ForkJoinPool-1-worker-1	stdout	operator_metric,nitro,tpcds-parquet-sf10,q23a,0,26/TrinoNitroPipelineSourceOperator@2365,nitroAllocatorAllocatedBytes.FilterOperator,0
[WARNING] [stderr] 2026-08-15T18:53:36.715-0600	INFO	ForkJoinPool-1-worker-1	stdout	operator_metric,nitro,tpcds-parquet-sf10,q23a,0,26/TrinoNitroPipelineSourceOperator@2365,nitroAllocatorAllocatedBytes.ProjectOperator,0
[WARNING] [stderr] 2026-08-15T18:53:36.715-0600	INFO	ForkJoinPool-1-worker-1	stdout	operator_metric,nitro,tpcds-parquet-sf10,q23a,0,26/TrinoNitroPipelineSourceOperator@2365,nitroFilterCompiledMaskSuccesses,0
[WARNING] [stderr] 2026-08-15T18:53:36.715-0600	INFO	ForkJoinPool-1-worker-1	stdout	operator_metric,nitro,tpcds-parquet-sf10,q23a,0,26/TrinoNitroPipelineSourceOperator@2365,nitroFilterPrimitiveMaskFallbacks,0
[WARNING] [stderr] 2026-08-15T18:53:36.715-0600	INFO	ForkJoinPool-1-worker-1	stdout	operator_metric,nitro,tpcds-parquet-sf10,q23a,0,26/TrinoNitroPipelineSourceOperator@2365,nitroProjectionIntegerWideningPositions,0
[WARNING] [stderr] 2026-08-15T18:53:36.715-0600	INFO	ForkJoinPool-1-worker-1	stdout	operator_metric,nitro,tpcds-parquet-sf10,q23a,0,26/TrinoNitroPipelineSourceOperator@2365,nitroBoundaryNativeExchangeBytes,560000
[WARNING] [stderr] 2026-08-15T18:53:36.715-0600	INFO	ForkJoinPool-1-worker-1	stdout	operator_metric,nitro,tpcds-parquet-sf10,q23a,0,26/TrinoNitroPipelineSourceOperator@2365,nitroFilterMaterializedMaskFallbacks,0
[WARNING] [stderr] 2026-08-15T18:53:36.715-0600	INFO	ForkJoinPool-1-worker-1	stdout	operator_metric,nitro,tpcds-parquet-sf10,q23a,0,26/TrinoNitroPipelineSourceOperator@2365,nitroFilterCompiledMaskFallbacks,0
[WARNING] [stderr] 2026-08-15T18:53:36.715-0600	INFO	ForkJoinPool-1-worker-1	stdout	operator_metric,nitro,tpcds-parquet-sf10,q23a,0,26/TrinoNitroPipelineSourceOperator@2365,nitroProjectionGeneratedErrorFallbacks,0
[WARNING] [stderr] 2026-08-15T18:53:36.715-0600	INFO	ForkJoinPool-1-worker-1	stdout	operator_metric,nitro,tpcds-parquet-sf10,q23a,0,26/TrinoNitroPipelineSourceOperator@2365,nitroFilterPlannedSourceMaskOptimizations,0
[WARNING] [stderr] 2026-08-15T18:53:36.715-0600	INFO	ForkJoinPool-1-worker-1	stdout	operator_metric,nitro,tpcds-parquet-sf10,q23a,0,26/TrinoNitroPipelineSourceOperator@2365,nitroAllocatorAllocatedBytes,760000
[WARNING] [stderr] 2026-08-15T18:53:36.715-0600	INFO	ForkJoinPool-1-worker-1	stdout	operator_metric,nitro,tpcds-parquet-sf10,q23a,0,26/TrinoNitroPipelineSourceOperator@2365,nitroProjectionFlatInputPositions,0
[WARNING] [stderr] 2026-08-15T18:53:36.715-0600	INFO	ForkJoinPool-1-worker-1	stdout	operator_metric,nitro,tpcds-parquet-sf10,q23a,0,26/TrinoNitroPipelineSourceOperator@2365,nitroFilterPrimitiveMaskAttempts,0
[WARNING] [stderr] 2026-08-15T18:53:36.715-0600	INFO	ForkJoinPool-1-worker-1	stdout	operator_metric,nitro,tpcds-parquet-sf10,q23a,0,26/TrinoNitroPipelineSourceOperator@2365,nitroProjectionGeneratedAttempts,0
[WARNING] [stderr] 2026-08-15T18:53:36.715-0600	INFO	ForkJoinPool-1-worker-1	stdout	operator_metric,nitro,tpcds-parquet-sf10,q23a,0,26/TrinoNitroPipelineSourceOperator@2365,nitroProjectionPlannedAssignments,0
[WARNING] [stderr] 2026-08-15T18:53:36.715-0600	INFO	ForkJoinPool-1-worker-1	stdout	operator_metric,nitro,tpcds-parquet-sf10,q23a,0,26/TrinoNitroPipelineSourceOperator@2365,nitroProjectionGeneratedSelectedPositions,0
[WARNING] [stderr] 2026-08-15T18:53:36.715-0600	INFO	ForkJoinPool-1-worker-1	stdout	operator_metric,nitro,tpcds-parquet-sf10,q23a,0,26/TrinoNitroPipelineSourceOperator@2365,nitroFilterPrimitiveMaskSuccesses,0
[WARNING] [stderr] 2026-08-15T18:53:36.715-0600	INFO	ForkJoinPool-1-worker-1	stdout	operator_metric,nitro,tpcds-parquet-sf10,q23a,0,26/TrinoNitroPipelineSourceOperator@2365,nitroProjectionOtherInputPositions,0
[WARNING] [stderr] 2026-08-15T18:53:36.715-0600	INFO	ForkJoinPool-1-worker-1	stdout	operator_metric,nitro,tpcds-parquet-sf10,q23a,0,26/TrinoNitroPipelineSourceOperator@2365,nitroProjectionDictionaryFlatteningPositions,0
[WARNING] [stderr] 2026-08-15T18:53:36.715-0600	INFO	ForkJoinPool-1-worker-1	stdout	operator_metric,nitro,tpcds-parquet-sf10,q23a,0,26/TrinoNitroPipelineSourceOperator@2365,nitroProjectionGeneratedOutputs,0
[WARNING] [stderr] 2026-08-15T18:53:36.715-0600	INFO	ForkJoinPool-1-worker-1	stdout	operator_metric,nitro,tpcds-parquet-sf10,q23a,0,26/TrinoNitroPipelineSourceOperator@2365,nitroAllocatorAllocatedVectorBytes,760000
[WARNING] [stderr] 2026-08-15T18:53:36.715-0600	INFO	ForkJoinPool-1-worker-1	stdout	operator_metric,nitro,tpcds-parquet-sf10,q23a,0,26/TrinoNitroPipelineSourceOperator@2365,nitroProjectionDictionaryNullExpansionPositions,0
[WARNING] [stderr] 2026-08-15T18:53:36.715-0600	INFO	ForkJoinPool-1-worker-1	stdout	operator_metric,nitro,tpcds-parquet-sf10,q23a,0,26/TrinoNitroPipelineSourceOperator@2365,nitroAllocatorAllocatedBytes.trino-native-source-ingress,0
[WARNING] [stderr] 2026-08-15T18:53:36.715-0600	INFO	ForkJoinPool-1-worker-1	stdout	operator_metric,nitro,tpcds-parquet-sf10,q23a,0,26/PartitionedOutputOperator@2365,nitroExchangePreservedPositions,0
[WARNING] [stderr] 2026-08-15T18:53:36.715-0600	INFO	ForkJoinPool-1-worker-1	stdout	operator_metric,nitro,tpcds-parquet-sf10,q23a,0,26/PartitionedOutputOperator@2365,nitroRemoteOutputBufferedConversionNanos,71455
[WARNING] [stderr] 2026-08-15T18:53:36.715-0600	INFO	ForkJoinPool-1-worker-1	stdout	operator_metric,nitro,tpcds-parquet-sf10,q23a,0,26/PartitionedOutputOperator@2365,nitroRemoteOutputPartitionAssignmentNanos,0
[WARNING] [stderr] 2026-08-15T18:53:36.715-0600	INFO	ForkJoinPool-1-worker-1	stdout	operator_metric,nitro,tpcds-parquet-sf10,q23a,0,26/PartitionedOutputOperator@2365,nitroRemoteOutputNativePartitionAppendNanos,0
[WARNING] [stderr] 2026-08-15T18:53:36.715-0600	INFO	ForkJoinPool-1-worker-1	stdout	operator_metric,nitro,tpcds-parquet-sf10,q23a,0,26/PartitionedOutputOperator@2365,nitroExchangeInputPages,1
[WARNING] [stderr] 2026-08-15T18:53:36.715-0600	INFO	ForkJoinPool-1-worker-1	stdout	operator_metric,nitro,tpcds-parquet-sf10,q23a,0,26/PartitionedOutputOperator@2365,nitroRemoteOutputNativePartitionConversionNanos,0
[WARNING] [stderr] 2026-08-15T18:53:36.715-0600	INFO	ForkJoinPool-1-worker-1	stdout	operator_metric,nitro,tpcds-parquet-sf10,q23a,0,26/PartitionedOutputOperator@2365,nitroExchangeSmallPagePositions,0
[WARNING] [stderr] 2026-08-15T18:53:36.715-0600	INFO	ForkJoinPool-1-worker-1	stdout	operator_metric,nitro,tpcds-parquet-sf10,q23a,0,26/PartitionedOutputOperator@2365,nitroRemoteOutputNativePartitionCopyNanos,0
[WARNING] [stderr] 2026-08-15T18:53:36.715-0600	INFO	ForkJoinPool-1-worker-1	stdout	operator_metric,nitro,tpcds-parquet-sf10,q23a,0,26/PartitionedOutputOperator@2365,nitroRemoteOutputNativeBatches,0
[WARNING] [stderr] 2026-08-15T18:53:36.715-0600	INFO	ForkJoinPool-1-worker-1	stdout	operator_metric,nitro,tpcds-parquet-sf10,q23a,0,26/PartitionedOutputOperator@2365,nitroExchangeInputFlatChannelPositions,2922
[WARNING] [stderr] 2026-08-15T18:53:36.715-0600	INFO	ForkJoinPool-1-worker-1	stdout	operator_metric,nitro,tpcds-parquet-sf10,q23a,0,26/PartitionedOutputOperator@2365,nitroExchangeDictionaryUnsupportedPositions,0
[WARNING] [stderr] 2026-08-15T18:53:36.715-0600	INFO	ForkJoinPool-1-worker-1	stdout	operator_metric,nitro,tpcds-parquet-sf10,q23a,0,26/PartitionedOutputOperator@2365,nitroExchangeInputDictionaryChannelPositions,0
[WARNING] [stderr] 2026-08-15T18:53:36.715-0600	INFO	ForkJoinPool-1-worker-1	stdout	operator_metric,nitro,tpcds-parquet-sf10,q23a,0,26/PartitionedOutputOperator@2365,nitroRemoteOutputNativePartitions,0
[WARNING] [stderr] 2026-08-15T18:53:36.715-0600	INFO	ForkJoinPool-1-worker-1	stdout	operator_metric,nitro,tpcds-parquet-sf10,q23a,0,26/PartitionedOutputOperator@2365,nitroRemoteOutputBufferedBatches,1
[WARNING] [stderr] 2026-08-15T18:53:36.715-0600	INFO	ForkJoinPool-1-worker-1	stdout	operator_metric,nitro,tpcds-parquet-sf10,q23a,0,26/PartitionedOutputOperator@2365,nitroRemoteOutputPartitionKeyConversionNanos,0
[WARNING] [stderr] 2026-08-15T18:53:36.715-0600	INFO	ForkJoinPool-1-worker-1	stdout	operator_metric,nitro,tpcds-parquet-sf10,q23a,0,26/PartitionedOutputOperator@2365,nitroExchangeRunLengthUnsupportedPositions,0
[WARNING] [stderr] 2026-08-15T18:53:36.715-0600	INFO	ForkJoinPool-1-worker-1	stdout	operator_metric,nitro,tpcds-parquet-sf10,q23a,0,26/PartitionedOutputOperator@2365,nitroRemoteOutputBufferedAppendNanos,24667
[WARNING] [stderr] 2026-08-15T18:53:36.715-0600	INFO	ForkJoinPool-1-worker-1	stdout	operator_metric,nitro,tpcds-parquet-sf10,q23a,0,26/PartitionedOutputOperator@2365,nitroExchangeNoDictionaryPositions,1461
[WARNING] [stderr] 2026-08-15T18:53:36.715-0600	INFO	ForkJoinPool-1-worker-1	stdout	operator_metric,nitro,tpcds-parquet-sf10,q23a,0,26/PartitionedOutputOperator@2365,nitroRemoteOutputInputPositions,1461
[WARNING] [stderr] 2026-08-15T18:53:36.715-0600	INFO	ForkJoinPool-1-worker-1	stdout	operator_metric,nitro,tpcds-parquet-sf10,q23a,0,26/PartitionedOutputOperator@2365,nitroRemoteOutputTotalNanos,100941
[WARNING] [stderr] 2026-08-15T18:53:36.715-0600	INFO	ForkJoinPool-1-worker-1	stdout	operator_metric,nitro,tpcds-parquet-sf10,q23a,0,26/PartitionedOutputOperator@2365,nitroExchangeInputRunLengthChannelPositions,0
[WARNING] [stderr] 2026-08-15T18:53:36.715-0600	INFO	ForkJoinPool-1-worker-1	stdout	operator_metric,nitro,tpcds-parquet-sf10,q23a,0,26/PartitionedOutputOperator@2365,nitroExchangeInputPositions,1461
[WARNING] [stderr] 2026-08-15T18:53:36.715-0600	INFO	ForkJoinPool-1-worker-1	stdout	operator_metric,nitro,tpcds-parquet-sf10,q23a,0,26/PartitionedOutputOperator@2365,nitroExchangeLowDictionaryReusePositions,0
[WARNING] [stderr] 2026-08-15T18:53:36.715-0600	INFO	ForkJoinPool-1-worker-1	stdout	operator_metric,nitro,tpcds-parquet-sf10,q23a,0,32/PartitionedOutputOperator@6192,nitroExchangePreservedPositions,0
[WARNING] [stderr] 2026-08-15T18:53:36.715-0600	INFO	ForkJoinPool-1-worker-1	stdout	operator_metric,nitro,tpcds-parquet-sf10,q23a,0,32/PartitionedOutputOperator@6192,nitroRemoteOutputPartitionAssignmentNanos,0
[WARNING] [stderr] 2026-08-15T18:53:36.715-0600	INFO	ForkJoinPool-1-worker-1	stdout	operator_metric,nitro,tpcds-parquet-sf10,q23a,0,32/PartitionedOutputOperator@6192,nitroRemoteOutputBufferedConversionNanos,24824046
[WARNING] [stderr] 2026-08-15T18:53:36.715-0600	INFO	ForkJoinPool-1-worker-1	stdout	operator_metric,nitro,tpcds-parquet-sf10,q23a,0,32/PartitionedOutputOperator@6192,nitroRemoteOutputNativePartitionAppendNanos,0
[WARNING] [stderr] 2026-08-15T18:53:36.715-0600	INFO	ForkJoinPool-1-worker-1	stdout	operator_metric,nitro,tpcds-parquet-sf10,q23a,0,32/PartitionedOutputOperator@6192,nitroRemoteOutputNativePartitionConversionNanos,0
[WARNING] [stderr] 2026-08-15T18:53:36.715-0600	INFO	ForkJoinPool-1-worker-1	stdout	operator_metric,nitro,tpcds-parquet-sf10,q23a,0,32/PartitionedOutputOperator@6192,nitroExchangeInputPages,71
[WARNING] [stderr] 2026-08-15T18:53:36.715-0600	INFO	ForkJoinPool-1-worker-1	stdout	operator_metric,nitro,tpcds-parquet-sf10,q23a,0,32/PartitionedOutputOperator@6192,nitroExchangeSmallPagePositions,0
[WARNING] [stderr] 2026-08-15T18:53:36.715-0600	INFO	ForkJoinPool-1-worker-1	stdout	operator_metric,nitro,tpcds-parquet-sf10,q23a,0,32/PartitionedOutputOperator@6192,nitroExchangeInputFlatChannelPositions,2201098
[WARNING] [stderr] 2026-08-15T18:53:36.715-0600	INFO	ForkJoinPool-1-worker-1	stdout	operator_metric,nitro,tpcds-parquet-sf10,q23a,0,32/PartitionedOutputOperator@6192,nitroExchangeDictionaryUnsupportedPositions,0
[WARNING] [stderr] 2026-08-15T18:53:36.715-0600	INFO	ForkJoinPool-1-worker-1	stdout	operator_metric,nitro,tpcds-parquet-sf10,q23a,0,32/PartitionedOutputOperator@6192,nitroRemoteOutputNativeBatches,0
[WARNING] [stderr] 2026-08-15T18:53:36.715-0600	INFO	ForkJoinPool-1-worker-1	stdout	operator_metric,nitro,tpcds-parquet-sf10,q23a,0,32/PartitionedOutputOperator@6192,nitroRemoteOutputNativePartitionCopyNanos,0
[WARNING] [stderr] 2026-08-15T18:53:36.715-0600	INFO	ForkJoinPool-1-worker-1	stdout	operator_metric,nitro,tpcds-parquet-sf10,q23a,0,32/PartitionedOutputOperator@6192,nitroExchangeInputDictionaryChannelPositions,0
[WARNING] [stderr] 2026-08-15T18:53:36.715-0600	INFO	ForkJoinPool-1-worker-1	stdout	operator_metric,nitro,tpcds-parquet-sf10,q23a,0,32/PartitionedOutputOperator@6192,nitroRemoteOutputNativePartitions,0
[WARNING] [stderr] 2026-08-15T18:53:36.715-0600	INFO	ForkJoinPool-1-worker-1	stdout	operator_metric,nitro,tpcds-parquet-sf10,q23a,0,32/PartitionedOutputOperator@6192,nitroRemoteOutputBufferedBatches,71
[WARNING] [stderr] 2026-08-15T18:53:36.715-0600	INFO	ForkJoinPool-1-worker-1	stdout	operator_metric,nitro,tpcds-parquet-sf10,q23a,0,32/PartitionedOutputOperator@6192,nitroRemoteOutputPartitionKeyConversionNanos,0
[WARNING] [stderr] 2026-08-15T18:53:36.715-0600	INFO	ForkJoinPool-1-worker-1	stdout	operator_metric,nitro,tpcds-parquet-sf10,q23a,0,32/PartitionedOutputOperator@6192,nitroExchangeRunLengthUnsupportedPositions,0
[WARNING] [stderr] 2026-08-15T18:53:36.715-0600	INFO	ForkJoinPool-1-worker-1	stdout	operator_metric,nitro,tpcds-parquet-sf10,q23a,0,32/PartitionedOutputOperator@6192,nitroRemoteOutputBufferedAppendNanos,38324186
[WARNING] [stderr] 2026-08-15T18:53:36.715-0600	INFO	ForkJoinPool-1-worker-1	stdout	operator_metric,nitro,tpcds-parquet-sf10,q23a,0,32/PartitionedOutputOperator@6192,nitroRemoteOutputTotalNanos,63334664
[WARNING] [stderr] 2026-08-15T18:53:36.715-0600	INFO	ForkJoinPool-1-worker-1	stdout	operator_metric,nitro,tpcds-parquet-sf10,q23a,0,32/PartitionedOutputOperator@6192,nitroRemoteOutputInputPositions,1100549
[WARNING] [stderr] 2026-08-15T18:53:36.715-0600	INFO	ForkJoinPool-1-worker-1	stdout	operator_metric,nitro,tpcds-parquet-sf10,q23a,0,32/PartitionedOutputOperator@6192,nitroExchangeInputRunLengthChannelPositions,0
[WARNING] [stderr] 2026-08-15T18:53:36.715-0600	INFO	ForkJoinPool-1-worker-1	stdout	operator_metric,nitro,tpcds-parquet-sf10,q23a,0,32/PartitionedOutputOperator@6192,nitroExchangeNoDictionaryPositions,1100549
[WARNING] [stderr] 2026-08-15T18:53:36.715-0600	INFO	ForkJoinPool-1-worker-1	stdout	operator_metric,nitro,tpcds-parquet-sf10,q23a,0,32/PartitionedOutputOperator@6192,nitroExchangeInputPositions,1100549
[WARNING] [stderr] 2026-08-15T18:53:36.715-0600	INFO	ForkJoinPool-1-worker-1	stdout	operator_metric,nitro,tpcds-parquet-sf10,q23a,0,32/PartitionedOutputOperator@6192,nitroExchangeLowDictionaryReusePositions,0
[WARNING] [stderr] 2026-08-15T18:53:36.715-0600	INFO	ForkJoinPool-1-worker-1	stdout	operator_metric,nitro,tpcds-parquet-sf10,q23a,0,32/TrinoNitroAggregationOperator@6192,nitroPartialAggregationCardinalityObservations,18
[WARNING] [stderr] 2026-08-15T18:53:36.715-0600	INFO	ForkJoinPool-1-worker-1	stdout	operator_metric,nitro,tpcds-parquet-sf10,q23a,0,32/TrinoNitroAggregationOperator@6192,nitroProjectionIntegerWideningPositions,0
[WARNING] [stderr] 2026-08-15T18:53:36.715-0600	INFO	ForkJoinPool-1-worker-1	stdout	operator_metric,nitro,tpcds-parquet-sf10,q23a,0,32/TrinoNitroAggregationOperator@6192,nitroBoundaryNativeExchangeMaximumBatchBytes,2951566
[WARNING] [stderr] 2026-08-15T18:53:36.715-0600	INFO	ForkJoinPool-1-worker-1	stdout	operator_metric,nitro,tpcds-parquet-sf10,q23a,0,32/TrinoNitroAggregationOperator@6192,nitroPartialAggregationCardinalityReconsideredDecisions,0
[WARNING] [stderr] 2026-08-15T18:53:36.715-0600	INFO	ForkJoinPool-1-worker-1	stdout	operator_metric,nitro,tpcds-parquet-sf10,q23a,0,32/TrinoNitroAggregationOperator@6192,nitroAggregationPipelineNanos,20481476
[WARNING] [stderr] 2026-08-15T18:53:36.715-0600	INFO	ForkJoinPool-1-worker-1	stdout	operator_metric,nitro,tpcds-parquet-sf10,q23a,0,32/TrinoNitroAggregationOperator@6192,nitroProjectionPlannedAssignments,16
[WARNING] [stderr] 2026-08-15T18:53:36.715-0600	INFO	ForkJoinPool-1-worker-1	stdout	operator_metric,nitro,tpcds-parquet-sf10,q23a,0,32/TrinoNitroAggregationOperator@6192,nitroPartialAggregationPassthroughToAggregationTransitions,0
[WARNING] [stderr] 2026-08-15T18:53:36.715-0600	INFO	ForkJoinPool-1-worker-1	stdout	operator_metric,nitro,tpcds-parquet-sf10,q23a,0,32/TrinoNitroAggregationOperator@6192,nitroPartialAggregationAggregatedOutputRows,1100549
[WARNING] [stderr] 2026-08-15T18:53:36.715-0600	INFO	ForkJoinPool-1-worker-1	stdout	operator_metric,nitro,tpcds-parquet-sf10,q23a,0,32/TrinoNitroAggregationOperator@6192,nitroProjectionDictionaryInputPositions,0
[WARNING] [stderr] 2026-08-15T18:53:36.715-0600	INFO	ForkJoinPool-1-worker-1	stdout	operator_metric,nitro,tpcds-parquet-sf10,q23a,0,32/TrinoNitroAggregationOperator@6192,nitroAggregationAccumulationNanos,1514855573
[WARNING] [stderr] 2026-08-15T18:53:36.715-0600	INFO	ForkJoinPool-1-worker-1	stdout	operator_metric,nitro,tpcds-parquet-sf10,q23a,0,32/TrinoNitroAggregationOperator@6192,nitroProjectionGeneratedErrorFallbacks,0
[WARNING] [stderr] 2026-08-15T18:53:36.715-0600	INFO	ForkJoinPool-1-worker-1	stdout	operator_metric,nitro,tpcds-parquet-sf10,q23a,0,32/TrinoNitroAggregationOperator@6192,nitroProjectionGeneratedOutputs,0
[WARNING] [stderr] 2026-08-15T18:53:36.715-0600	INFO	ForkJoinPool-1-worker-1	stdout	operator_metric,nitro,tpcds-parquet-sf10,q23a,0,32/TrinoNitroAggregationOperator@6192,nitroProjectionFlatInputPositions,0
[WARNING] [stderr] 2026-08-15T18:53:36.715-0600	INFO	ForkJoinPool-1-worker-1	stdout	operator_metric,nitro,tpcds-parquet-sf10,q23a,0,32/TrinoNitroAggregationOperator@6192,nitroAggregationInitialEncodedKeyNanos,0
[WARNING] [stderr] 2026-08-15T18:53:36.715-0600	INFO	ForkJoinPool-1-worker-1	stdout	operator_metric,nitro,tpcds-parquet-sf10,q23a,0,32/TrinoNitroAggregationOperator@6192,nitroProjectionGeneratedLayoutFallbacks,0
[WARNING] [stderr] 2026-08-15T18:53:36.715-0600	INFO	ForkJoinPool-1-worker-1	stdout	operator_metric,nitro,tpcds-parquet-sf10,q23a,0,32/TrinoNitroAggregationOperator@6192,nitroProjectionGeneratedSuccesses,0
[WARNING] [stderr] 2026-08-15T18:53:36.715-0600	INFO	ForkJoinPool-1-worker-1	stdout	operator_metric,nitro,tpcds-parquet-sf10,q23a,0,32/TrinoNitroAggregationOperator@6192,nitroPartialAggregationAggregatedInputRows,16164994
[WARNING] [stderr] 2026-08-15T18:53:36.715-0600	INFO	ForkJoinPool-1-worker-1	stdout	operator_metric,nitro,tpcds-parquet-sf10,q23a,0,32/TrinoNitroAggregationOperator@6192,nitroAggregationFlushNanos,0
[WARNING] [stderr] 2026-08-15T18:53:36.715-0600	INFO	ForkJoinPool-1-worker-1	stdout	operator_metric,nitro,tpcds-parquet-sf10,q23a,0,32/TrinoNitroAggregationOperator@6192,nitroBoundaryNativeExchangeMaximumChannel1Bytes,1824001
[WARNING] [stderr] 2026-08-15T18:53:36.715-0600	INFO	ForkJoinPool-1-worker-1	stdout	operator_metric,nitro,tpcds-parquet-sf10,q23a,0,32/TrinoNitroAggregationOperator@6192,nitroAggregationFusedNanos,0
[WARNING] [stderr] 2026-08-15T18:53:36.715-0600	INFO	ForkJoinPool-1-worker-1	stdout	operator_metric,nitro,tpcds-parquet-sf10,q23a,0,32/TrinoNitroAggregationOperator@6192,nitroProjectionGeneratedKernels,0
[WARNING] [stderr] 2026-08-15T18:53:36.715-0600	INFO	ForkJoinPool-1-worker-1	stdout	operator_metric,nitro,tpcds-parquet-sf10,q23a,0,32/TrinoNitroAggregationOperator@6192,nitroAggregationInitialAggregationNanos,0
[WARNING] [stderr] 2026-08-15T18:53:36.715-0600	INFO	ForkJoinPool-1-worker-1	stdout	operator_metric,nitro,tpcds-parquet-sf10,q23a,0,32/TrinoNitroAggregationOperator@6192,nitroProjectionOtherNullExpansionPositions,0
[WARNING] [stderr] 2026-08-15T18:53:36.715-0600	INFO	ForkJoinPool-1-worker-1	stdout	operator_metric,nitro,tpcds-parquet-sf10,q23a,0,32/TrinoNitroAggregationOperator@6192,nitroProjectionGeneratedAttempts,0
[WARNING] [stderr] 2026-08-15T18:53:36.715-0600	INFO	ForkJoinPool-1-worker-1	stdout	operator_metric,nitro,tpcds-parquet-sf10,q23a,0,32/TrinoNitroAggregationOperator@6192,nitroPartialAggregationPassthroughFlushes,0
[WARNING] [stderr] 2026-08-15T18:53:36.715-0600	INFO	ForkJoinPool-1-worker-1	stdout	operator_metric,nitro,tpcds-parquet-sf10,q23a,0,32/TrinoNitroAggregationOperator@6192,nitroProjectionOtherInputPositions,0
[WARNING] [stderr] 2026-08-15T18:53:36.715-0600	INFO	ForkJoinPool-1-worker-1	stdout	operator_metric,nitro,tpcds-parquet-sf10,q23a,0,32/TrinoNitroAggregationOperator@6192,nitroProjectionDictionaryFlatteningPositions,0
[WARNING] [stderr] 2026-08-15T18:53:36.715-0600	INFO	ForkJoinPool-1-worker-1	stdout	operator_metric,nitro,tpcds-parquet-sf10,q23a,0,32/TrinoNitroAggregationOperator@6192,nitroBoundaryNativeExchangeBytes,25634927
[WARNING] [stderr] 2026-08-15T18:53:36.715-0600	INFO	ForkJoinPool-1-worker-1	stdout	operator_metric,nitro,tpcds-parquet-sf10,q23a,0,32/TrinoNitroAggregationOperator@6192,nitroProjectionRunLengthInputPositions,0
[WARNING] [stderr] 2026-08-15T18:53:36.715-0600	INFO	ForkJoinPool-1-worker-1	stdout	operator_metric,nitro,tpcds-parquet-sf10,q23a,0,32/TrinoNitroAggregationOperator@6192,nitroProjectionGeneratedSelectedPositions,0
[WARNING] [stderr] 2026-08-15T18:53:36.715-0600	INFO	ForkJoinPool-1-worker-1	stdout	operator_metric,nitro,tpcds-parquet-sf10,q23a,0,32/TrinoNitroAggregationOperator@6192,nitroPartialAggregationAggregationToPassthroughTransitions,0
[WARNING] [stderr] 2026-08-15T18:53:36.715-0600	INFO	ForkJoinPool-1-worker-1	stdout	operator_metric,nitro,tpcds-parquet-sf10,q23a,0,32/TrinoNitroAggregationOperator@6192,nitroBoundaryNativeExchangePositions,1100549
[WARNING] [stderr] 2026-08-15T18:53:36.715-0600	INFO	ForkJoinPool-1-worker-1	stdout	operator_metric,nitro,tpcds-parquet-sf10,q23a,0,32/TrinoNitroAggregationOperator@6192,nitroAggregationStatePreparationNanos,9731262
[WARNING] [stderr] 2026-08-15T18:53:36.715-0600	INFO	ForkJoinPool-1-worker-1	stdout	operator_metric,nitro,tpcds-parquet-sf10,q23a,0,32/TrinoNitroAggregationOperator@6192,nitroAggregationInitialKeyNanos,0
[WARNING] [stderr] 2026-08-15T18:53:36.715-0600	INFO	ForkJoinPool-1-worker-1	stdout	operator_metric,nitro,tpcds-parquet-sf10,q23a,0,32/TrinoNitroAggregationOperator@6192,nitroPartialAggregationCardinalityBypassDecisions,0
[WARNING] [stderr] 2026-08-15T18:53:36.715-0600	INFO	ForkJoinPool-1-worker-1	stdout	operator_metric,nitro,tpcds-parquet-sf10,q23a,0,32/TrinoNitroAggregationOperator@6192,nitroBoundaryNativeExchangeMaximumChannel0Bytes,1127565
[WARNING] [stderr] 2026-08-15T18:53:36.715-0600	INFO	ForkJoinPool-1-worker-1	stdout	operator_metric,nitro,tpcds-parquet-sf10,q23a,0,32/TrinoNitroAggregationOperator@6192,nitroProjectionDictionaryNullExpansionPositions,0
[WARNING] [stderr] 2026-08-15T18:53:36.715-0600	INFO	ForkJoinPool-1-worker-1	stdout	operator_metric,nitro,tpcds-parquet-sf10,q23a,0,32/TrinoNitroAggregationOperator@6192,nitroPartialAggregationAggregatedFlushes,8
[WARNING] [stderr] 2026-08-15T18:53:36.715-0600	INFO	ForkJoinPool-1-worker-1	stdout	operator_metric,nitro,tpcds-parquet-sf10,q23a,0,32/TrinoNitroAggregationOperator@6192,nitroAggregationInputNanos,2117155479
[WARNING] [stderr] 2026-08-15T18:53:36.715-0600	INFO	ForkJoinPool-1-worker-1	stdout	operator_metric,nitro,tpcds-parquet-sf10,q23a,0,32/TrinoNitroAggregationOperator@6192,nitroAggregationInitialFlatKeyNanos,0
[WARNING] [stderr] 2026-08-15T18:53:36.715-0600	INFO	ForkJoinPool-1-worker-1	stdout	operator_metric,nitro,tpcds-parquet-sf10,q23a,0,32/TrinoNitroAggregationOperator@6192,nitroPartialAggregationCardinalityAggregateDecisions,2
[WARNING] [stderr] 2026-08-15T18:53:36.715-0600	INFO	ForkJoinPool-1-worker-1	stdout	operator_metric,nitro,tpcds-parquet-sf10,q23a,0,32/TrinoNitroAggregationOperator@6192,nitroPartialAggregationPassthroughInputRows,0
[WARNING] [stderr] 2026-08-15T18:53:36.715-0600	INFO	ForkJoinPool-1-worker-1	stdout	operator_metric,nitro,tpcds-parquet-sf10,q23a,0,32/TrinoNitroAggregationOperator@6192,nitroPartialAggregationAggregatedInputBytes,355639273
[WARNING] [stderr] 2026-08-15T18:53:36.715-0600	INFO	ForkJoinPool-1-worker-1	stdout	operator_metric,nitro,tpcds-parquet-sf10,q23a,0,32/TrinoNitroAggregationOperator@6192,nitroAggregationGroupingNanos,520717522
[WARNING] [stderr] 2026-08-15T18:53:36.715-0600	INFO	ForkJoinPool-1-worker-1	stdout	operator_metric,nitro,tpcds-parquet-sf10,q23a,0,32/TrinoNitroAggregationOperator@6192,nitroBoundaryNativeExchangeBatches,71
[WARNING] [stderr] 2026-08-15T18:53:36.715-0600	INFO	ForkJoinPool-1-worker-1	stdout	operator_metric,nitro,tpcds-parquet-sf10,q23a,0,32/TrinoNitroAggregationOperator@6192,nitroPartialAggregationPassthroughInputBytes,0
[WARNING] [stderr] 2026-08-15T18:53:36.715-0600	INFO	ForkJoinPool-1-worker-1	stdout	operator_metric,nitro,tpcds-parquet-sf10,q23a,0,32/TrinoNitroAggregationOperator@6192,nitroAggregationOutputNanos,2671209
[WARNING] [stderr] 2026-08-15T18:53:36.715-0600	INFO	ForkJoinPool-1-worker-1	stdout	operator_metric,nitro,tpcds-parquet-sf10,q23a,0,32/TrinoNitroAggregationOperator@6192,nitroProjectionPlannedComputedOutputs,8
[WARNING] [stderr] 2026-08-15T18:53:36.715-0600	INFO	ForkJoinPool-1-worker-1	stdout	operator_metric,nitro,tpcds-parquet-sf10,q23a,0,32/TrinoNitroHashJoinOperator@124,nitroBoundaryPageIngressBytes,517279808
[WARNING] [stderr] 2026-08-15T18:53:36.715-0600	INFO	ForkJoinPool-1-worker-1	stdout	operator_metric,nitro,tpcds-parquet-sf10,q23a,0,32/TrinoNitroHashJoinOperator@124,nitroBoundaryPageIngressDictionaryChannelPositions,0
[WARNING] [stderr] 2026-08-15T18:53:36.715-0600	INFO	ForkJoinPool-1-worker-1	stdout	operator_metric,nitro,tpcds-parquet-sf10,q23a,0,32/TrinoNitroHashJoinOperator@124,nitroBoundaryPageIngressRunLengthChannelPositions,0
[WARNING] [stderr] 2026-08-15T18:53:36.715-0600	INFO	ForkJoinPool-1-worker-1	stdout	operator_metric,nitro,tpcds-parquet-sf10,q23a,0,32/TrinoNitroHashJoinOperator@124,nitroBoundaryNativeExchangePositions,16164994
[WARNING] [stderr] 2026-08-15T18:53:36.715-0600	INFO	ForkJoinPool-1-worker-1	stdout	operator_metric,nitro,tpcds-parquet-sf10,q23a,0,32/TrinoNitroHashJoinOperator@124,nitroBoundaryNativeExchangeBytes,355639273
[WARNING] [stderr] 2026-08-15T18:53:36.715-0600	INFO	ForkJoinPool-1-worker-1	stdout	operator_metric,nitro,tpcds-parquet-sf10,q23a,0,32/TrinoNitroHashJoinOperator@124,nitroBoundaryNativeExchangeBatches,1881
[WARNING] [stderr] 2026-08-15T18:53:36.715-0600	INFO	ForkJoinPool-1-worker-1	stdout	operator_metric,nitro,tpcds-parquet-sf10,q23a,0,32/TrinoNitroHashJoinOperator@124,nitroBoundaryPageIngressFlatChannelPositions,64659976
[WARNING] [stderr] 2026-08-15T18:53:36.715-0600	INFO	ForkJoinPool-1-worker-1	stdout	operator_metric,nitro,tpcds-parquet-sf10,q23a,0,32/TrinoNitroHashJoinOperator@124,nitroBoundaryNativeExchangeMaximumBatchBytes,1760040
[WARNING] [stderr] 2026-08-15T18:53:36.715-0600	INFO	ForkJoinPool-1-worker-1	stdout	operator_metric,nitro,tpcds-parquet-sf10,q23a,0,32/TrinoNitroHashJoinOperator@124,nitroBoundaryPageIngressPositions,16164994
[WARNING] [stderr] 2026-08-15T18:53:36.715-0600	INFO	ForkJoinPool-1-worker-1	stdout	operator_metric,nitro,tpcds-parquet-sf10,q23a,0,32/TrinoNitroHashJoinOperator@124,nitroBoundaryPageIngressPages,478
[WARNING] [stderr] 2026-08-15T18:53:36.715-0600	INFO	ForkJoinPool-1-worker-1	stdout	operator_metric,nitro,tpcds-parquet-sf10,q23a,0,15/PartitionedOutputOperator@38,nitroExchangePreservedPositions,0
[WARNING] [stderr] 2026-08-15T18:53:36.715-0600	INFO	ForkJoinPool-1-worker-1	stdout	operator_metric,nitro,tpcds-parquet-sf10,q23a,0,15/PartitionedOutputOperator@38,nitroExchangeRunLengthUnsupportedPositions,0
[WARNING] [stderr] 2026-08-15T18:53:36.715-0600	INFO	ForkJoinPool-1-worker-1	stdout	operator_metric,nitro,tpcds-parquet-sf10,q23a,0,15/PartitionedOutputOperator@38,nitroExchangeInputFlatChannelPositions,88663020
[WARNING] [stderr] 2026-08-15T18:53:36.715-0600	INFO	ForkJoinPool-1-worker-1	stdout	operator_metric,nitro,tpcds-parquet-sf10,q23a,0,15/PartitionedOutputOperator@38,nitroExchangeInputDictionaryChannelPositions,0
[WARNING] [stderr] 2026-08-15T18:53:36.715-0600	INFO	ForkJoinPool-1-worker-1	stdout	operator_metric,nitro,tpcds-parquet-sf10,q23a,0,15/PartitionedOutputOperator@38,nitroExchangeInputPages,2624
[WARNING] [stderr] 2026-08-15T18:53:36.715-0600	INFO	ForkJoinPool-1-worker-1	stdout	operator_metric,nitro,tpcds-parquet-sf10,q23a,0,15/PartitionedOutputOperator@38,nitroExchangeInputRunLengthChannelPositions,0
[WARNING] [stderr] 2026-08-15T18:53:36.715-0600	INFO	ForkJoinPool-1-worker-1	stdout	operator_metric,nitro,tpcds-parquet-sf10,q23a,0,15/PartitionedOutputOperator@38,nitroExchangeInputPositions,22165755
[WARNING] [stderr] 2026-08-15T18:53:36.715-0600	INFO	ForkJoinPool-1-worker-1	stdout	operator_metric,nitro,tpcds-parquet-sf10,q23a,0,15/PartitionedOutputOperator@38,nitroExchangeDictionaryUnsupportedPositions,0
[WARNING] [stderr] 2026-08-15T18:53:36.715-0600	INFO	ForkJoinPool-1-worker-1	stdout	operator_metric,nitro,tpcds-parquet-sf10,q23a,0,15/PartitionedOutputOperator@38,nitroExchangeLowDictionaryReusePositions,0
[WARNING] [stderr] 2026-08-15T18:53:36.715-0600	INFO	ForkJoinPool-1-worker-1	stdout	operator_metric,nitro,tpcds-parquet-sf10,q23a,0,15/PartitionedOutputOperator@38,nitroExchangeSmallPagePositions,0
[WARNING] [stderr] 2026-08-15T18:53:36.715-0600	INFO	ForkJoinPool-1-worker-1	stdout	operator_metric,nitro,tpcds-parquet-sf10,q23a,0,15/PartitionedOutputOperator@38,nitroExchangeNoDictionaryPositions,22165755
[WARNING] [stderr] 2026-08-15T18:53:36.715-0600	INFO	ForkJoinPool-1-worker-1	stdout	operator_metric,nitro,tpcds-parquet-sf10,q23a,0,15/TrinoNitroHashJoinOperator@38,nitroBoundaryPageIngressPositions,23034974
[WARNING] [stderr] 2026-08-15T18:53:36.715-0600	INFO	ForkJoinPool-1-worker-1	stdout	operator_metric,nitro,tpcds-parquet-sf10,q23a,0,15/TrinoNitroHashJoinOperator@38,nitroBoundaryPageIngressRunLengthChannelPositions,0
[WARNING] [stderr] 2026-08-15T18:53:36.715-0600	INFO	ForkJoinPool-1-worker-1	stdout	operator_metric,nitro,tpcds-parquet-sf10,q23a,0,15/TrinoNitroHashJoinOperator@38,nitroBoundaryNativeEgressDictionaryChannelPositions,0
[WARNING] [stderr] 2026-08-15T18:53:36.715-0600	INFO	ForkJoinPool-1-worker-1	stdout	operator_metric,nitro,tpcds-parquet-sf10,q23a,0,15/TrinoNitroHashJoinOperator@38,nitroBoundaryPageEgressFlatChannelPositions,88663020
[WARNING] [stderr] 2026-08-15T18:53:36.715-0600	INFO	ForkJoinPool-1-worker-1	stdout	operator_metric,nitro,tpcds-parquet-sf10,q23a,0,15/TrinoNitroHashJoinOperator@38,nitroBoundaryPageEgressPositions,22165755
[WARNING] [stderr] 2026-08-15T18:53:36.715-0600	INFO	ForkJoinPool-1-worker-1	stdout	operator_metric,nitro,tpcds-parquet-sf10,q23a,0,15/TrinoNitroHashJoinOperator@38,nitroBoundaryPageIngressBytes,737119168
[WARNING] [stderr] 2026-08-15T18:53:36.715-0600	INFO	ForkJoinPool-1-worker-1	stdout	operator_metric,nitro,tpcds-parquet-sf10,q23a,0,15/TrinoNitroHashJoinOperator@38,nitroBoundaryPageIngressDictionaryChannelPositions,0
[WARNING] [stderr] 2026-08-15T18:53:36.715-0600	INFO	ForkJoinPool-1-worker-1	stdout	operator_metric,nitro,tpcds-parquet-sf10,q23a,0,15/TrinoNitroHashJoinOperator@38,nitroBoundaryPageEgressPages,2624
[WARNING] [stderr] 2026-08-15T18:53:36.715-0600	INFO	ForkJoinPool-1-worker-1	stdout	operator_metric,nitro,tpcds-parquet-sf10,q23a,0,15/TrinoNitroHashJoinOperator@38,nitroBoundaryPageIngressFlatChannelPositions,92139896
[WARNING] [stderr] 2026-08-15T18:53:36.715-0600	INFO	ForkJoinPool-1-worker-1	stdout	operator_metric,nitro,tpcds-parquet-sf10,q23a,0,15/TrinoNitroHashJoinOperator@38,nitroBoundaryPageEgressRunLengthChannelPositions,0
[WARNING] [stderr] 2026-08-15T18:53:36.717-0600	INFO	ForkJoinPool-1-worker-1	stdout	operator_metric,nitro,tpcds-parquet-sf10,q23a,0,15/TrinoNitroHashJoinOperator@38,nitroBoundaryNativeEgressFlatChannelPositions,88663020
[WARNING] [stderr] 2026-08-15T18:53:36.717-0600	INFO	ForkJoinPool-1-worker-1	stdout	operator_metric,nitro,tpcds-parquet-sf10,q23a,0,15/TrinoNitroHashJoinOperator@38,nitroBoundaryNativeEgressRunLengthChannelPositions,0
[WARNING] [stderr] 2026-08-15T18:53:36.717-0600	INFO	ForkJoinPool-1-worker-1	stdout	operator_metric,nitro,tpcds-parquet-sf10,q23a,0,15/TrinoNitroHashJoinOperator@38,nitroBoundaryPageEgressDictionaryChannelPositions,0
[WARNING] [stderr] 2026-08-15T18:53:36.717-0600	INFO	ForkJoinPool-1-worker-1	stdout	operator_metric,nitro,tpcds-parquet-sf10,q23a,0,15/TrinoNitroHashJoinOperator@38,nitroBoundaryPageEgressBytes,709304160
[WARNING] [stderr] 2026-08-15T18:53:36.717-0600	INFO	ForkJoinPool-1-worker-1	stdout	operator_metric,nitro,tpcds-parquet-sf10,q23a,0,15/TrinoNitroHashJoinOperator@38,nitroBoundaryPageIngressPages,660
[WARNING] [stderr] 2026-08-15T18:53:36.717-0600	INFO	ForkJoinPool-1-worker-1	stdout	operator_metric,nitro,tpcds-parquet-sf10,q23a,0,18/TrinoNitroPipelineSourceOperator@2281,nitroBoundaryNativeExchangeBatches,1
[WARNING] [stderr] 2026-08-15T18:53:36.717-0600	INFO	ForkJoinPool-1-worker-1	stdout	operator_metric,nitro,tpcds-parquet-sf10,q23a,0,18/TrinoNitroPipelineSourceOperator@2281,nitroFilterPlannedPreboundMasks,0
[WARNING] [stderr] 2026-08-15T18:53:36.717-0600	INFO	ForkJoinPool-1-worker-1	stdout	operator_metric,nitro,tpcds-parquet-sf10,q23a,0,18/TrinoNitroPipelineSourceOperator@2281,nitroNativeSourceCreationNanos,62762466
[WARNING] [stderr] 2026-08-15T18:53:36.717-0600	INFO	ForkJoinPool-1-worker-1	stdout	operator_metric,nitro,tpcds-parquet-sf10,q23a,0,18/TrinoNitroPipelineSourceOperator@2281,nitroProjectionOtherNullExpansionPositions,0
[WARNING] [stderr] 2026-08-15T18:53:36.717-0600	INFO	ForkJoinPool-1-worker-1	stdout	operator_metric,nitro,tpcds-parquet-sf10,q23a,0,18/TrinoNitroPipelineSourceOperator@2281,nitroFilterDirectPreboundMaskSuccesses,0
[WARNING] [stderr] 2026-08-15T18:53:36.717-0600	INFO	ForkJoinPool-1-worker-1	stdout	operator_metric,nitro,tpcds-parquet-sf10,q23a,0,18/TrinoNitroPipelineSourceOperator@2281,nitroAllocatorAllocatedBytes.NitroParquetBatchSource,560000
[WARNING] [stderr] 2026-08-15T18:53:36.717-0600	INFO	ForkJoinPool-1-worker-1	stdout	operator_metric,nitro,tpcds-parquet-sf10,q23a,0,18/TrinoNitroPipelineSourceOperator@2281,nitroProjectionGeneratedSuccesses,0
[WARNING] [stderr] 2026-08-15T18:53:36.717-0600	INFO	ForkJoinPool-1-worker-1	stdout	operator_metric,nitro,tpcds-parquet-sf10,q23a,0,18/TrinoNitroPipelineSourceOperator@2281,nitroProjectionRunLengthInputPositions,0
[WARNING] [stderr] 2026-08-15T18:53:36.717-0600	INFO	ForkJoinPool-1-worker-1	stdout	operator_metric,nitro,tpcds-parquet-sf10,q23a,0,18/TrinoNitroPipelineSourceOperator@2281,nitroFilterOutputPositions,1461
[WARNING] [stderr] 2026-08-15T18:53:36.717-0600	INFO	ForkJoinPool-1-worker-1	stdout	operator_metric,nitro,tpcds-parquet-sf10,q23a,0,18/TrinoNitroPipelineSourceOperator@2281,nitroFilterPlannedCompiledMasks,0
[WARNING] [stderr] 2026-08-15T18:53:36.717-0600	INFO	ForkJoinPool-1-worker-1	stdout	operator_metric,nitro,tpcds-parquet-sf10,q23a,0,18/TrinoNitroPipelineSourceOperator@2281,nitroFilterSourceMaskSuccesses,0
[WARNING] [stderr] 2026-08-15T18:53:36.717-0600	INFO	ForkJoinPool-1-worker-1	stdout	operator_metric,nitro,tpcds-parquet-sf10,q23a,0,18/TrinoNitroPipelineSourceOperator@2281,nitroProjectionDictionaryInputPositions,0
[WARNING] [stderr] 2026-08-15T18:53:36.717-0600	INFO	ForkJoinPool-1-worker-1	stdout	operator_metric,nitro,tpcds-parquet-sf10,q23a,0,18/TrinoNitroPipelineSourceOperator@2281,nitroAllocatorAllocatedVectorBytes.I64Vector,320000
[WARNING] [stderr] 2026-08-15T18:53:36.717-0600	INFO	ForkJoinPool-1-worker-1	stdout	operator_metric,nitro,tpcds-parquet-sf10,q23a,0,18/TrinoNitroPipelineSourceOperator@2281,nitroFilterCompiledMaskAttempts,0
[WARNING] [stderr] 2026-08-15T18:53:36.717-0600	INFO	ForkJoinPool-1-worker-1	stdout	operator_metric,nitro,tpcds-parquet-sf10,q23a,0,18/TrinoNitroPipelineSourceOperator@2281,nitroFilterPlannedAssignments,5
[WARNING] [stderr] 2026-08-15T18:53:36.717-0600	INFO	ForkJoinPool-1-worker-1	stdout	operator_metric,nitro,tpcds-parquet-sf10,q23a,0,18/TrinoNitroPipelineSourceOperator@2281,nitroOperatorConstructionNanos,12070051
[WARNING] [stderr] 2026-08-15T18:53:36.718-0600	INFO	ForkJoinPool-1-worker-1	stdout	operator_metric,nitro,tpcds-parquet-sf10,q23a,0,18/TrinoNitroPipelineSourceOperator@2281,nitroProjectionPlannedComputedOutputs,0
[WARNING] [stderr] 2026-08-15T18:53:36.718-0600	INFO	ForkJoinPool-1-worker-1	stdout	operator_metric,nitro,tpcds-parquet-sf10,q23a,0,18/TrinoNitroPipelineSourceOperator@2281,nitroProjectionGeneratedLayoutFallbacks,0
[WARNING] [stderr] 2026-08-15T18:53:36.718-0600	INFO	ForkJoinPool-1-worker-1	stdout	operator_metric,nitro,tpcds-parquet-sf10,q23a,0,18/TrinoNitroPipelineSourceOperator@2281,nitroProjectionGeneratedKernels,0
[WARNING] [stderr] 2026-08-15T18:53:36.718-0600	INFO	ForkJoinPool-1-worker-1	stdout	operator_metric,nitro,tpcds-parquet-sf10,q23a,0,18/TrinoNitroPipelineSourceOperator@2281,nitroAllocatorAllocatedVectorBytes.I32Vector,160000
[WARNING] [stderr] 2026-08-15T18:53:36.718-0600	INFO	ForkJoinPool-1-worker-1	stdout	operator_metric,nitro,tpcds-parquet-sf10,q23a,0,18/TrinoNitroPipelineSourceOperator@2281,nitroBoundaryNativeExchangeMaximumBatchBytes,360000
[WARNING] [stderr] 2026-08-15T18:53:36.718-0600	INFO	ForkJoinPool-1-worker-1	stdout	operator_metric,nitro,tpcds-parquet-sf10,q23a,0,18/TrinoNitroPipelineSourceOperator@2281,nitroFilterInputPositions,1461
[WARNING] [stderr] 2026-08-15T18:53:36.718-0600	INFO	ForkJoinPool-1-worker-1	stdout	operator_metric,nitro,tpcds-parquet-sf10,q23a,0,18/TrinoNitroPipelineSourceOperator@2281,nitroAllocatorAllocatedVectorBytes.BooleanVector,80000
[WARNING] [stderr] 2026-08-15T18:53:36.718-0600	INFO	ForkJoinPool-1-worker-1	stdout	operator_metric,nitro,tpcds-parquet-sf10,q23a,0,18/TrinoNitroPipelineSourceOperator@2281,nitroBoundaryNativeExchangePositions,1461
[WARNING] [stderr] 2026-08-15T18:53:36.718-0600	INFO	ForkJoinPool-1-worker-1	stdout	operator_metric,nitro,tpcds-parquet-sf10,q23a,0,18/TrinoNitroPipelineSourceOperator@2281,nitroAllocatorAllocatedBytes.FilterOperator,0
[WARNING] [stderr] 2026-08-15T18:53:36.718-0600	INFO	ForkJoinPool-1-worker-1	stdout	operator_metric,nitro,tpcds-parquet-sf10,q23a,0,18/TrinoNitroPipelineSourceOperator@2281,nitroAllocatorAllocatedBytes.ProjectOperator,0
[WARNING] [stderr] 2026-08-15T18:53:36.718-0600	INFO	ForkJoinPool-1-worker-1	stdout	operator_metric,nitro,tpcds-parquet-sf10,q23a,0,18/TrinoNitroPipelineSourceOperator@2281,nitroFilterCompiledMaskSuccesses,0
[WARNING] [stderr] 2026-08-15T18:53:36.718-0600	INFO	ForkJoinPool-1-worker-1	stdout	operator_metric,nitro,tpcds-parquet-sf10,q23a,0,18/TrinoNitroPipelineSourceOperator@2281,nitroFilterPrimitiveMaskFallbacks,0
[WARNING] [stderr] 2026-08-15T18:53:36.718-0600	INFO	ForkJoinPool-1-worker-1	stdout	operator_metric,nitro,tpcds-parquet-sf10,q23a,0,18/TrinoNitroPipelineSourceOperator@2281,nitroProjectionIntegerWideningPositions,0
[WARNING] [stderr] 2026-08-15T18:53:36.718-0600	INFO	ForkJoinPool-1-worker-1	stdout	operator_metric,nitro,tpcds-parquet-sf10,q23a,0,18/TrinoNitroPipelineSourceOperator@2281,nitroBoundaryNativeExchangeBytes,360000
[WARNING] [stderr] 2026-08-15T18:53:36.718-0600	INFO	ForkJoinPool-1-worker-1	stdout	operator_metric,nitro,tpcds-parquet-sf10,q23a,0,18/TrinoNitroPipelineSourceOperator@2281,nitroFilterMaterializedMaskFallbacks,0
[WARNING] [stderr] 2026-08-15T18:53:36.718-0600	INFO	ForkJoinPool-1-worker-1	stdout	operator_metric,nitro,tpcds-parquet-sf10,q23a,0,18/TrinoNitroPipelineSourceOperator@2281,nitroFilterCompiledMaskFallbacks,0
[WARNING] [stderr] 2026-08-15T18:53:36.718-0600	INFO	ForkJoinPool-1-worker-1	stdout	operator_metric,nitro,tpcds-parquet-sf10,q23a,0,18/TrinoNitroPipelineSourceOperator@2281,nitroProjectionGeneratedErrorFallbacks,0
[WARNING] [stderr] 2026-08-15T18:53:36.718-0600	INFO	ForkJoinPool-1-worker-1	stdout	operator_metric,nitro,tpcds-parquet-sf10,q23a,0,18/TrinoNitroPipelineSourceOperator@2281,nitroFilterPlannedSourceMaskOptimizations,0
[WARNING] [stderr] 2026-08-15T18:53:36.718-0600	INFO	ForkJoinPool-1-worker-1	stdout	operator_metric,nitro,tpcds-parquet-sf10,q23a,0,18/TrinoNitroPipelineSourceOperator@2281,nitroAllocatorAllocatedBytes,560000
[WARNING] [stderr] 2026-08-15T18:53:36.718-0600	INFO	ForkJoinPool-1-worker-1	stdout	operator_metric,nitro,tpcds-parquet-sf10,q23a,0,18/TrinoNitroPipelineSourceOperator@2281,nitroProjectionFlatInputPositions,0
[WARNING] [stderr] 2026-08-15T18:53:36.718-0600	INFO	ForkJoinPool-1-worker-1	stdout	operator_metric,nitro,tpcds-parquet-sf10,q23a,0,18/TrinoNitroPipelineSourceOperator@2281,nitroFilterPrimitiveMaskAttempts,0
[WARNING] [stderr] 2026-08-15T18:53:36.718-0600	INFO	ForkJoinPool-1-worker-1	stdout	operator_metric,nitro,tpcds-parquet-sf10,q23a,0,18/TrinoNitroPipelineSourceOperator@2281,nitroProjectionGeneratedAttempts,0
[WARNING] [stderr] 2026-08-15T18:53:36.718-0600	INFO	ForkJoinPool-1-worker-1	stdout	operator_metric,nitro,tpcds-parquet-sf10,q23a,0,18/TrinoNitroPipelineSourceOperator@2281,nitroProjectionPlannedAssignments,0
[WARNING] [stderr] 2026-08-15T18:53:36.718-0600	INFO	ForkJoinPool-1-worker-1	stdout	operator_metric,nitro,tpcds-parquet-sf10,q23a,0,18/TrinoNitroPipelineSourceOperator@2281,nitroProjectionGeneratedSelectedPositions,0
[WARNING] [stderr] 2026-08-15T18:53:36.718-0600	INFO	ForkJoinPool-1-worker-1	stdout	operator_metric,nitro,tpcds-parquet-sf10,q23a,0,18/TrinoNitroPipelineSourceOperator@2281,nitroFilterPrimitiveMaskSuccesses,0
[WARNING] [stderr] 2026-08-15T18:53:36.718-0600	INFO	ForkJoinPool-1-worker-1	stdout	operator_metric,nitro,tpcds-parquet-sf10,q23a,0,18/TrinoNitroPipelineSourceOperator@2281,nitroProjectionOtherInputPositions,0
[WARNING] [stderr] 2026-08-15T18:53:36.718-0600	INFO	ForkJoinPool-1-worker-1	stdout	operator_metric,nitro,tpcds-parquet-sf10,q23a,0,18/TrinoNitroPipelineSourceOperator@2281,nitroProjectionDictionaryFlatteningPositions,0
[WARNING] [stderr] 2026-08-15T18:53:36.718-0600	INFO	ForkJoinPool-1-worker-1	stdout	operator_metric,nitro,tpcds-parquet-sf10,q23a,0,18/TrinoNitroPipelineSourceOperator@2281,nitroProjectionGeneratedOutputs,0
[WARNING] [stderr] 2026-08-15T18:53:36.718-0600	INFO	ForkJoinPool-1-worker-1	stdout	operator_metric,nitro,tpcds-parquet-sf10,q23a,0,18/TrinoNitroPipelineSourceOperator@2281,nitroAllocatorAllocatedVectorBytes,560000
[WARNING] [stderr] 2026-08-15T18:53:36.718-0600	INFO	ForkJoinPool-1-worker-1	stdout	operator_metric,nitro,tpcds-parquet-sf10,q23a,0,18/TrinoNitroPipelineSourceOperator@2281,nitroProjectionDictionaryNullExpansionPositions,0
[WARNING] [stderr] 2026-08-15T18:53:36.718-0600	INFO	ForkJoinPool-1-worker-1	stdout	operator_metric,nitro,tpcds-parquet-sf10,q23a,0,18/TrinoNitroPipelineSourceOperator@2281,nitroAllocatorAllocatedBytes.trino-native-source-ingress,0
[WARNING] [stderr] 2026-08-15T18:53:36.718-0600	INFO	ForkJoinPool-1-worker-1	stdout	operator_metric,nitro,tpcds-parquet-sf10,q23a,0,18/PartitionedOutputOperator@2281,nitroExchangePreservedPositions,0
[WARNING] [stderr] 2026-08-15T18:53:36.718-0600	INFO	ForkJoinPool-1-worker-1	stdout	operator_metric,nitro,tpcds-parquet-sf10,q23a,0,18/PartitionedOutputOperator@2281,nitroRemoteOutputBufferedConversionNanos,1368339
[WARNING] [stderr] 2026-08-15T18:53:36.718-0600	INFO	ForkJoinPool-1-worker-1	stdout	operator_metric,nitro,tpcds-parquet-sf10,q23a,0,18/PartitionedOutputOperator@2281,nitroRemoteOutputPartitionAssignmentNanos,0
[WARNING] [stderr] 2026-08-15T18:53:36.718-0600	INFO	ForkJoinPool-1-worker-1	stdout	operator_metric,nitro,tpcds-parquet-sf10,q23a,0,18/PartitionedOutputOperator@2281,nitroRemoteOutputNativePartitionAppendNanos,0
[WARNING] [stderr] 2026-08-15T18:53:36.718-0600	INFO	ForkJoinPool-1-worker-1	stdout	operator_metric,nitro,tpcds-parquet-sf10,q23a,0,18/PartitionedOutputOperator@2281,nitroExchangeInputPages,1
[WARNING] [stderr] 2026-08-15T18:53:36.718-0600	INFO	ForkJoinPool-1-worker-1	stdout	operator_metric,nitro,tpcds-parquet-sf10,q23a,0,18/PartitionedOutputOperator@2281,nitroRemoteOutputNativePartitionConversionNanos,0
[WARNING] [stderr] 2026-08-15T18:53:36.718-0600	INFO	ForkJoinPool-1-worker-1	stdout	operator_metric,nitro,tpcds-parquet-sf10,q23a,0,18/PartitionedOutputOperator@2281,nitroExchangeSmallPagePositions,0
[WARNING] [stderr] 2026-08-15T18:53:36.718-0600	INFO	ForkJoinPool-1-worker-1	stdout	operator_metric,nitro,tpcds-parquet-sf10,q23a,0,18/PartitionedOutputOperator@2281,nitroRemoteOutputNativePartitionCopyNanos,0
[WARNING] [stderr] 2026-08-15T18:53:36.718-0600	INFO	ForkJoinPool-1-worker-1	stdout	operator_metric,nitro,tpcds-parquet-sf10,q23a,0,18/PartitionedOutputOperator@2281,nitroRemoteOutputNativeBatches,0
[WARNING] [stderr] 2026-08-15T18:53:36.718-0600	INFO	ForkJoinPool-1-worker-1	stdout	operator_metric,nitro,tpcds-parquet-sf10,q23a,0,18/PartitionedOutputOperator@2281,nitroExchangeInputFlatChannelPositions,1461
[WARNING] [stderr] 2026-08-15T18:53:36.718-0600	INFO	ForkJoinPool-1-worker-1	stdout	operator_metric,nitro,tpcds-parquet-sf10,q23a,0,18/PartitionedOutputOperator@2281,nitroExchangeDictionaryUnsupportedPositions,0
[WARNING] [stderr] 2026-08-15T18:53:36.718-0600	INFO	ForkJoinPool-1-worker-1	stdout	operator_metric,nitro,tpcds-parquet-sf10,q23a,0,18/PartitionedOutputOperator@2281,nitroExchangeInputDictionaryChannelPositions,0
[WARNING] [stderr] 2026-08-15T18:53:36.718-0600	INFO	ForkJoinPool-1-worker-1	stdout	operator_metric,nitro,tpcds-parquet-sf10,q23a,0,18/PartitionedOutputOperator@2281,nitroRemoteOutputNativePartitions,0
[WARNING] [stderr] 2026-08-15T18:53:36.718-0600	INFO	ForkJoinPool-1-worker-1	stdout	operator_metric,nitro,tpcds-parquet-sf10,q23a,0,18/PartitionedOutputOperator@2281,nitroRemoteOutputBufferedBatches,1
[WARNING] [stderr] 2026-08-15T18:53:36.718-0600	INFO	ForkJoinPool-1-worker-1	stdout	operator_metric,nitro,tpcds-parquet-sf10,q23a,0,18/PartitionedOutputOperator@2281,nitroRemoteOutputPartitionKeyConversionNanos,0
[WARNING] [stderr] 2026-08-15T18:53:36.718-0600	INFO	ForkJoinPool-1-worker-1	stdout	operator_metric,nitro,tpcds-parquet-sf10,q23a,0,18/PartitionedOutputOperator@2281,nitroExchangeRunLengthUnsupportedPositions,0
[WARNING] [stderr] 2026-08-15T18:53:36.718-0600	INFO	ForkJoinPool-1-worker-1	stdout	operator_metric,nitro,tpcds-parquet-sf10,q23a,0,18/PartitionedOutputOperator@2281,nitroRemoteOutputBufferedAppendNanos,818008
[WARNING] [stderr] 2026-08-15T18:53:36.718-0600	INFO	ForkJoinPool-1-worker-1	stdout	operator_metric,nitro,tpcds-parquet-sf10,q23a,0,18/PartitionedOutputOperator@2281,nitroExchangeNoDictionaryPositions,1461
[WARNING] [stderr] 2026-08-15T18:53:36.718-0600	INFO	ForkJoinPool-1-worker-1	stdout	operator_metric,nitro,tpcds-parquet-sf10,q23a,0,18/PartitionedOutputOperator@2281,nitroRemoteOutputInputPositions,1461
[WARNING] [stderr] 2026-08-15T18:53:36.718-0600	INFO	ForkJoinPool-1-worker-1	stdout	operator_metric,nitro,tpcds-parquet-sf10,q23a,0,18/PartitionedOutputOperator@2281,nitroRemoteOutputTotalNanos,2318507
[WARNING] [stderr] 2026-08-15T18:53:36.718-0600	INFO	ForkJoinPool-1-worker-1	stdout	operator_metric,nitro,tpcds-parquet-sf10,q23a,0,18/PartitionedOutputOperator@2281,nitroExchangeInputRunLengthChannelPositions,0
[WARNING] [stderr] 2026-08-15T18:53:36.718-0600	INFO	ForkJoinPool-1-worker-1	stdout	operator_metric,nitro,tpcds-parquet-sf10,q23a,0,18/PartitionedOutputOperator@2281,nitroExchangeInputPositions,1461
[WARNING] [stderr] 2026-08-15T18:53:36.718-0600	INFO	ForkJoinPool-1-worker-1	stdout	operator_metric,nitro,tpcds-parquet-sf10,q23a,0,18/PartitionedOutputOperator@2281,nitroExchangeLowDictionaryReusePositions,0
[WARNING] [stderr] 2026-08-15T18:53:36.718-0600	INFO	ForkJoinPool-1-worker-1	stdout	operator_metric,nitro,tpcds-parquet-sf10,q23a,0,33/PartitionedOutputOperator@122,nitroExchangePreservedPositions,0
[WARNING] [stderr] 2026-08-15T18:53:36.718-0600	INFO	ForkJoinPool-1-worker-1	stdout	operator_metric,nitro,tpcds-parquet-sf10,q23a,0,33/PartitionedOutputOperator@122,nitroExchangeRunLengthUnsupportedPositions,0
[WARNING] [stderr] 2026-08-15T18:53:36.718-0600	INFO	ForkJoinPool-1-worker-1	stdout	operator_metric,nitro,tpcds-parquet-sf10,q23a,0,33/PartitionedOutputOperator@122,nitroExchangeInputFlatChannelPositions,64659976
[WARNING] [stderr] 2026-08-15T18:53:36.718-0600	INFO	ForkJoinPool-1-worker-1	stdout	operator_metric,nitro,tpcds-parquet-sf10,q23a,0,33/PartitionedOutputOperator@122,nitroExchangeInputDictionaryChannelPositions,0
[WARNING] [stderr] 2026-08-15T18:53:36.718-0600	INFO	ForkJoinPool-1-worker-1	stdout	operator_metric,nitro,tpcds-parquet-sf10,q23a,0,33/PartitionedOutputOperator@122,nitroExchangeInputPages,1889
[WARNING] [stderr] 2026-08-15T18:53:36.718-0600	INFO	ForkJoinPool-1-worker-1	stdout	operator_metric,nitro,tpcds-parquet-sf10,q23a,0,33/PartitionedOutputOperator@122,nitroExchangeInputRunLengthChannelPositions,0
[WARNING] [stderr] 2026-08-15T18:53:36.718-0600	INFO	ForkJoinPool-1-worker-1	stdout	operator_metric,nitro,tpcds-parquet-sf10,q23a,0,33/PartitionedOutputOperator@122,nitroExchangeInputPositions,16164994
[WARNING] [stderr] 2026-08-15T18:53:36.718-0600	INFO	ForkJoinPool-1-worker-1	stdout	operator_metric,nitro,tpcds-parquet-sf10,q23a,0,33/PartitionedOutputOperator@122,nitroExchangeDictionaryUnsupportedPositions,0
[WARNING] [stderr] 2026-08-15T18:53:36.718-0600	INFO	ForkJoinPool-1-worker-1	stdout	operator_metric,nitro,tpcds-parquet-sf10,q23a,0,33/PartitionedOutputOperator@122,nitroExchangeLowDictionaryReusePositions,0
[WARNING] [stderr] 2026-08-15T18:53:36.718-0600	INFO	ForkJoinPool-1-worker-1	stdout	operator_metric,nitro,tpcds-parquet-sf10,q23a,0,33/PartitionedOutputOperator@122,nitroExchangeSmallPagePositions,0
[WARNING] [stderr] 2026-08-15T18:53:36.718-0600	INFO	ForkJoinPool-1-worker-1	stdout	operator_metric,nitro,tpcds-parquet-sf10,q23a,0,33/PartitionedOutputOperator@122,nitroExchangeNoDictionaryPositions,16164994
[WARNING] [stderr] 2026-08-15T18:53:36.718-0600	INFO	ForkJoinPool-1-worker-1	stdout	operator_metric,nitro,tpcds-parquet-sf10,q23a,0,33/TrinoNitroHashJoinOperator@122,nitroBoundaryPageIngressPositions,16554780
[WARNING] [stderr] 2026-08-15T18:53:36.718-0600	INFO	ForkJoinPool-1-worker-1	stdout	operator_metric,nitro,tpcds-parquet-sf10,q23a,0,33/TrinoNitroHashJoinOperator@122,nitroBoundaryPageIngressRunLengthChannelPositions,0
[WARNING] [stderr] 2026-08-15T18:53:36.718-0600	INFO	ForkJoinPool-1-worker-1	stdout	operator_metric,nitro,tpcds-parquet-sf10,q23a,0,33/TrinoNitroHashJoinOperator@122,nitroBoundaryNativeEgressDictionaryChannelPositions,0
[WARNING] [stderr] 2026-08-15T18:53:36.718-0600	INFO	ForkJoinPool-1-worker-1	stdout	operator_metric,nitro,tpcds-parquet-sf10,q23a,0,33/TrinoNitroHashJoinOperator@122,nitroBoundaryPageEgressFlatChannelPositions,64659976
[WARNING] [stderr] 2026-08-15T18:53:36.718-0600	INFO	ForkJoinPool-1-worker-1	stdout	operator_metric,nitro,tpcds-parquet-sf10,q23a,0,33/TrinoNitroHashJoinOperator@122,nitroBoundaryPageEgressPositions,16164994
[WARNING] [stderr] 2026-08-15T18:53:36.718-0600	INFO	ForkJoinPool-1-worker-1	stdout	operator_metric,nitro,tpcds-parquet-sf10,q23a,0,33/TrinoNitroHashJoinOperator@122,nitroBoundaryPageIngressBytes,529752960
[WARNING] [stderr] 2026-08-15T18:53:36.718-0600	INFO	ForkJoinPool-1-worker-1	stdout	operator_metric,nitro,tpcds-parquet-sf10,q23a,0,33/TrinoNitroHashJoinOperator@122,nitroBoundaryPageIngressDictionaryChannelPositions,0
[WARNING] [stderr] 2026-08-15T18:53:36.718-0600	INFO	ForkJoinPool-1-worker-1	stdout	operator_metric,nitro,tpcds-parquet-sf10,q23a,0,33/TrinoNitroHashJoinOperator@122,nitroBoundaryPageEgressPages,1889
[WARNING] [stderr] 2026-08-15T18:53:36.718-0600	INFO	ForkJoinPool-1-worker-1	stdout	operator_metric,nitro,tpcds-parquet-sf10,q23a,0,33/TrinoNitroHashJoinOperator@122,nitroBoundaryPageIngressFlatChannelPositions,66219120
[WARNING] [stderr] 2026-08-15T18:53:36.718-0600	INFO	ForkJoinPool-1-worker-1	stdout	operator_metric,nitro,tpcds-parquet-sf10,q23a,0,33/TrinoNitroHashJoinOperator@122,nitroBoundaryPageEgressRunLengthChannelPositions,0
[WARNING] [stderr] 2026-08-15T18:53:36.718-0600	INFO	ForkJoinPool-1-worker-1	stdout	operator_metric,nitro,tpcds-parquet-sf10,q23a,0,33/TrinoNitroHashJoinOperator@122,nitroBoundaryNativeEgressFlatChannelPositions,64659976
[WARNING] [stderr] 2026-08-15T18:53:36.718-0600	INFO	ForkJoinPool-1-worker-1	stdout	operator_metric,nitro,tpcds-parquet-sf10,q23a,0,33/TrinoNitroHashJoinOperator@122,nitroBoundaryNativeEgressRunLengthChannelPositions,0
[WARNING] [stderr] 2026-08-15T18:53:36.718-0600	INFO	ForkJoinPool-1-worker-1	stdout	operator_metric,nitro,tpcds-parquet-sf10,q23a,0,33/TrinoNitroHashJoinOperator@122,nitroBoundaryPageEgressDictionaryChannelPositions,0
[WARNING] [stderr] 2026-08-15T18:53:36.718-0600	INFO	ForkJoinPool-1-worker-1	stdout	operator_metric,nitro,tpcds-parquet-sf10,q23a,0,33/TrinoNitroHashJoinOperator@122,nitroBoundaryPageEgressBytes,517279808
[WARNING] [stderr] 2026-08-15T18:53:36.718-0600	INFO	ForkJoinPool-1-worker-1	stdout	operator_metric,nitro,tpcds-parquet-sf10,q23a,0,33/TrinoNitroHashJoinOperator@122,nitroBoundaryPageIngressPages,478
[WARNING] [stderr] 2026-08-15T18:53:36.718-0600	INFO	ForkJoinPool-1-worker-1	stdout	operator_metric,nitro,tpcds-parquet-sf10,q23a,0,36/TrinoNitroPipelineSourceOperator@2386,nitroBoundaryNativeExchangeBatches,1
[WARNING] [stderr] 2026-08-15T18:53:36.718-0600	INFO	ForkJoinPool-1-worker-1	stdout	operator_metric,nitro,tpcds-parquet-sf10,q23a,0,36/TrinoNitroPipelineSourceOperator@2386,nitroFilterPlannedPreboundMasks,0
[WARNING] [stderr] 2026-08-15T18:53:36.718-0600	INFO	ForkJoinPool-1-worker-1	stdout	operator_metric,nitro,tpcds-parquet-sf10,q23a,0,36/TrinoNitroPipelineSourceOperator@2386,nitroNativeSourceCreationNanos,785537
[WARNING] [stderr] 2026-08-15T18:53:36.718-0600	INFO	ForkJoinPool-1-worker-1	stdout	operator_metric,nitro,tpcds-parquet-sf10,q23a,0,36/TrinoNitroPipelineSourceOperator@2386,nitroProjectionOtherNullExpansionPositions,0
[WARNING] [stderr] 2026-08-15T18:53:36.718-0600	INFO	ForkJoinPool-1-worker-1	stdout	operator_metric,nitro,tpcds-parquet-sf10,q23a,0,36/TrinoNitroPipelineSourceOperator@2386,nitroFilterDirectPreboundMaskSuccesses,0
[WARNING] [stderr] 2026-08-15T18:53:36.718-0600	INFO	ForkJoinPool-1-worker-1	stdout	operator_metric,nitro,tpcds-parquet-sf10,q23a,0,36/TrinoNitroPipelineSourceOperator@2386,nitroAllocatorAllocatedBytes.NitroParquetBatchSource,560000
[WARNING] [stderr] 2026-08-15T18:53:36.718-0600	INFO	ForkJoinPool-1-worker-1	stdout	operator_metric,nitro,tpcds-parquet-sf10,q23a,0,36/TrinoNitroPipelineSourceOperator@2386,nitroProjectionGeneratedSuccesses,0
[WARNING] [stderr] 2026-08-15T18:53:36.718-0600	INFO	ForkJoinPool-1-worker-1	stdout	operator_metric,nitro,tpcds-parquet-sf10,q23a,0,36/TrinoNitroPipelineSourceOperator@2386,nitroProjectionRunLengthInputPositions,0
[WARNING] [stderr] 2026-08-15T18:53:36.718-0600	INFO	ForkJoinPool-1-worker-1	stdout	operator_metric,nitro,tpcds-parquet-sf10,q23a,0,36/TrinoNitroPipelineSourceOperator@2386,nitroFilterOutputPositions,1461
[WARNING] [stderr] 2026-08-15T18:53:36.718-0600	INFO	ForkJoinPool-1-worker-1	stdout	operator_metric,nitro,tpcds-parquet-sf10,q23a,0,36/TrinoNitroPipelineSourceOperator@2386,nitroFilterPlannedCompiledMasks,0
[WARNING] [stderr] 2026-08-15T18:53:36.718-0600	INFO	ForkJoinPool-1-worker-1	stdout	operator_metric,nitro,tpcds-parquet-sf10,q23a,0,36/TrinoNitroPipelineSourceOperator@2386,nitroFilterSourceMaskSuccesses,0
[WARNING] [stderr] 2026-08-15T18:53:36.718-0600	INFO	ForkJoinPool-1-worker-1	stdout	operator_metric,nitro,tpcds-parquet-sf10,q23a,0,36/TrinoNitroPipelineSourceOperator@2386,nitroProjectionDictionaryInputPositions,0
[WARNING] [stderr] 2026-08-15T18:53:36.718-0600	INFO	ForkJoinPool-1-worker-1	stdout	operator_metric,nitro,tpcds-parquet-sf10,q23a,0,36/TrinoNitroPipelineSourceOperator@2386,nitroAllocatorAllocatedVectorBytes.I64Vector,320000
[WARNING] [stderr] 2026-08-15T18:53:36.718-0600	INFO	ForkJoinPool-1-worker-1	stdout	operator_metric,nitro,tpcds-parquet-sf10,q23a,0,36/TrinoNitroPipelineSourceOperator@2386,nitroFilterCompiledMaskAttempts,0
[WARNING] [stderr] 2026-08-15T18:53:36.718-0600	INFO	ForkJoinPool-1-worker-1	stdout	operator_metric,nitro,tpcds-parquet-sf10,q23a,0,36/TrinoNitroPipelineSourceOperator@2386,nitroFilterPlannedAssignments,5
[WARNING] [stderr] 2026-08-15T18:53:36.718-0600	INFO	ForkJoinPool-1-worker-1	stdout	operator_metric,nitro,tpcds-parquet-sf10,q23a,0,36/TrinoNitroPipelineSourceOperator@2386,nitroOperatorConstructionNanos,202774
[WARNING] [stderr] 2026-08-15T18:53:36.718-0600	INFO	ForkJoinPool-1-worker-1	stdout	operator_metric,nitro,tpcds-parquet-sf10,q23a,0,36/TrinoNitroPipelineSourceOperator@2386,nitroProjectionPlannedComputedOutputs,0
[WARNING] [stderr] 2026-08-15T18:53:36.718-0600	INFO	ForkJoinPool-1-worker-1	stdout	operator_metric,nitro,tpcds-parquet-sf10,q23a,0,36/TrinoNitroPipelineSourceOperator@2386,nitroProjectionGeneratedLayoutFallbacks,0
[WARNING] [stderr] 2026-08-15T18:53:36.718-0600	INFO	ForkJoinPool-1-worker-1	stdout	operator_metric,nitro,tpcds-parquet-sf10,q23a,0,36/TrinoNitroPipelineSourceOperator@2386,nitroProjectionGeneratedKernels,0
[WARNING] [stderr] 2026-08-15T18:53:36.718-0600	INFO	ForkJoinPool-1-worker-1	stdout	operator_metric,nitro,tpcds-parquet-sf10,q23a,0,36/TrinoNitroPipelineSourceOperator@2386,nitroAllocatorAllocatedVectorBytes.I32Vector,160000
[WARNING] [stderr] 2026-08-15T18:53:36.718-0600	INFO	ForkJoinPool-1-worker-1	stdout	operator_metric,nitro,tpcds-parquet-sf10,q23a,0,36/TrinoNitroPipelineSourceOperator@2386,nitroBoundaryNativeExchangeMaximumBatchBytes,360000
[WARNING] [stderr] 2026-08-15T18:53:36.718-0600	INFO	ForkJoinPool-1-worker-1	stdout	operator_metric,nitro,tpcds-parquet-sf10,q23a,0,36/TrinoNitroPipelineSourceOperator@2386,nitroFilterInputPositions,1461
[WARNING] [stderr] 2026-08-15T18:53:36.718-0600	INFO	ForkJoinPool-1-worker-1	stdout	operator_metric,nitro,tpcds-parquet-sf10,q23a,0,36/TrinoNitroPipelineSourceOperator@2386,nitroAllocatorAllocatedVectorBytes.BooleanVector,80000
[WARNING] [stderr] 2026-08-15T18:53:36.718-0600	INFO	ForkJoinPool-1-worker-1	stdout	operator_metric,nitro,tpcds-parquet-sf10,q23a,0,36/TrinoNitroPipelineSourceOperator@2386,nitroBoundaryNativeExchangePositions,1461
[WARNING] [stderr] 2026-08-15T18:53:36.718-0600	INFO	ForkJoinPool-1-worker-1	stdout	operator_metric,nitro,tpcds-parquet-sf10,q23a,0,36/TrinoNitroPipelineSourceOperator@2386,nitroAllocatorAllocatedBytes.FilterOperator,0
[WARNING] [stderr] 2026-08-15T18:53:36.718-0600	INFO	ForkJoinPool-1-worker-1	stdout	operator_metric,nitro,tpcds-parquet-sf10,q23a,0,36/TrinoNitroPipelineSourceOperator@2386,nitroAllocatorAllocatedBytes.ProjectOperator,0
[WARNING] [stderr] 2026-08-15T18:53:36.718-0600	INFO	ForkJoinPool-1-worker-1	stdout	operator_metric,nitro,tpcds-parquet-sf10,q23a,0,36/TrinoNitroPipelineSourceOperator@2386,nitroFilterCompiledMaskSuccesses,0
[WARNING] [stderr] 2026-08-15T18:53:36.718-0600	INFO	ForkJoinPool-1-worker-1	stdout	operator_metric,nitro,tpcds-parquet-sf10,q23a,0,36/TrinoNitroPipelineSourceOperator@2386,nitroFilterPrimitiveMaskFallbacks,0
[WARNING] [stderr] 2026-08-15T18:53:36.718-0600	INFO	ForkJoinPool-1-worker-1	stdout	operator_metric,nitro,tpcds-parquet-sf10,q23a,0,36/TrinoNitroPipelineSourceOperator@2386,nitroProjectionIntegerWideningPositions,0
[WARNING] [stderr] 2026-08-15T18:53:36.718-0600	INFO	ForkJoinPool-1-worker-1	stdout	operator_metric,nitro,tpcds-parquet-sf10,q23a,0,36/TrinoNitroPipelineSourceOperator@2386,nitroBoundaryNativeExchangeBytes,360000
[WARNING] [stderr] 2026-08-15T18:53:36.718-0600	INFO	ForkJoinPool-1-worker-1	stdout	operator_metric,nitro,tpcds-parquet-sf10,q23a,0,36/TrinoNitroPipelineSourceOperator@2386,nitroFilterMaterializedMaskFallbacks,0
[WARNING] [stderr] 2026-08-15T18:53:36.718-0600	INFO	ForkJoinPool-1-worker-1	stdout	operator_metric,nitro,tpcds-parquet-sf10,q23a,0,36/TrinoNitroPipelineSourceOperator@2386,nitroFilterCompiledMaskFallbacks,0
[WARNING] [stderr] 2026-08-15T18:53:36.718-0600	INFO	ForkJoinPool-1-worker-1	stdout	operator_metric,nitro,tpcds-parquet-sf10,q23a,0,36/TrinoNitroPipelineSourceOperator@2386,nitroProjectionGeneratedErrorFallbacks,0
[WARNING] [stderr] 2026-08-15T18:53:36.718-0600	INFO	ForkJoinPool-1-worker-1	stdout	operator_metric,nitro,tpcds-parquet-sf10,q23a,0,36/TrinoNitroPipelineSourceOperator@2386,nitroFilterPlannedSourceMaskOptimizations,0
[WARNING] [stderr] 2026-08-15T18:53:36.718-0600	INFO	ForkJoinPool-1-worker-1	stdout	operator_metric,nitro,tpcds-parquet-sf10,q23a,0,36/TrinoNitroPipelineSourceOperator@2386,nitroAllocatorAllocatedBytes,560000
[WARNING] [stderr] 2026-08-15T18:53:36.718-0600	INFO	ForkJoinPool-1-worker-1	stdout	operator_metric,nitro,tpcds-parquet-sf10,q23a,0,36/TrinoNitroPipelineSourceOperator@2386,nitroProjectionFlatInputPositions,0
[WARNING] [stderr] 2026-08-15T18:53:36.718-0600	INFO	ForkJoinPool-1-worker-1	stdout	operator_metric,nitro,tpcds-parquet-sf10,q23a,0,36/TrinoNitroPipelineSourceOperator@2386,nitroFilterPrimitiveMaskAttempts,0
[WARNING] [stderr] 2026-08-15T18:53:36.718-0600	INFO	ForkJoinPool-1-worker-1	stdout	operator_metric,nitro,tpcds-parquet-sf10,q23a,0,36/TrinoNitroPipelineSourceOperator@2386,nitroProjectionGeneratedAttempts,0
[WARNING] [stderr] 2026-08-15T18:53:36.718-0600	INFO	ForkJoinPool-1-worker-1	stdout	operator_metric,nitro,tpcds-parquet-sf10,q23a,0,36/TrinoNitroPipelineSourceOperator@2386,nitroProjectionPlannedAssignments,0
[WARNING] [stderr] 2026-08-15T18:53:36.718-0600	INFO	ForkJoinPool-1-worker-1	stdout	operator_metric,nitro,tpcds-parquet-sf10,q23a,0,36/TrinoNitroPipelineSourceOperator@2386,nitroProjectionGeneratedSelectedPositions,0
[WARNING] [stderr] 2026-08-15T18:53:36.718-0600	INFO	ForkJoinPool-1-worker-1	stdout	operator_metric,nitro,tpcds-parquet-sf10,q23a,0,36/TrinoNitroPipelineSourceOperator@2386,nitroFilterPrimitiveMaskSuccesses,0
[WARNING] [stderr] 2026-08-15T18:53:36.718-0600	INFO	ForkJoinPool-1-worker-1	stdout	operator_metric,nitro,tpcds-parquet-sf10,q23a,0,36/TrinoNitroPipelineSourceOperator@2386,nitroProjectionOtherInputPositions,0
[WARNING] [stderr] 2026-08-15T18:53:36.718-0600	INFO	ForkJoinPool-1-worker-1	stdout	operator_metric,nitro,tpcds-parquet-sf10,q23a,0,36/TrinoNitroPipelineSourceOperator@2386,nitroProjectionDictionaryFlatteningPositions,0
[WARNING] [stderr] 2026-08-15T18:53:36.718-0600	INFO	ForkJoinPool-1-worker-1	stdout	operator_metric,nitro,tpcds-parquet-sf10,q23a,0,36/TrinoNitroPipelineSourceOperator@2386,nitroProjectionGeneratedOutputs,0
[WARNING] [stderr] 2026-08-15T18:53:36.718-0600	INFO	ForkJoinPool-1-worker-1	stdout	operator_metric,nitro,tpcds-parquet-sf10,q23a,0,36/TrinoNitroPipelineSourceOperator@2386,nitroAllocatorAllocatedVectorBytes,560000
[WARNING] [stderr] 2026-08-15T18:53:36.718-0600	INFO	ForkJoinPool-1-worker-1	stdout	operator_metric,nitro,tpcds-parquet-sf10,q23a,0,36/TrinoNitroPipelineSourceOperator@2386,nitroProjectionDictionaryNullExpansionPositions,0
[WARNING] [stderr] 2026-08-15T18:53:36.718-0600	INFO	ForkJoinPool-1-worker-1	stdout	operator_metric,nitro,tpcds-parquet-sf10,q23a,0,36/TrinoNitroPipelineSourceOperator@2386,nitroAllocatorAllocatedBytes.trino-native-source-ingress,0
[WARNING] [stderr] 2026-08-15T18:53:36.718-0600	INFO	ForkJoinPool-1-worker-1	stdout	operator_metric,nitro,tpcds-parquet-sf10,q23a,0,36/PartitionedOutputOperator@2386,nitroExchangePreservedPositions,0
[WARNING] [stderr] 2026-08-15T18:53:36.718-0600	INFO	ForkJoinPool-1-worker-1	stdout	operator_metric,nitro,tpcds-parquet-sf10,q23a,0,36/PartitionedOutputOperator@2386,nitroRemoteOutputBufferedConversionNanos,12624
[WARNING] [stderr] 2026-08-15T18:53:36.718-0600	INFO	ForkJoinPool-1-worker-1	stdout	operator_metric,nitro,tpcds-parquet-sf10,q23a,0,36/PartitionedOutputOperator@2386,nitroRemoteOutputPartitionAssignmentNanos,0
[WARNING] [stderr] 2026-08-15T18:53:36.718-0600	INFO	ForkJoinPool-1-worker-1	stdout	operator_metric,nitro,tpcds-parquet-sf10,q23a,0,36/PartitionedOutputOperator@2386,nitroRemoteOutputNativePartitionAppendNanos,0
[WARNING] [stderr] 2026-08-15T18:53:36.718-0600	INFO	ForkJoinPool-1-worker-1	stdout	operator_metric,nitro,tpcds-parquet-sf10,q23a,0,36/PartitionedOutputOperator@2386,nitroExchangeInputPages,1
[WARNING] [stderr] 2026-08-15T18:53:36.718-0600	INFO	ForkJoinPool-1-worker-1	stdout	operator_metric,nitro,tpcds-parquet-sf10,q23a,0,36/PartitionedOutputOperator@2386,nitroRemoteOutputNativePartitionConversionNanos,0
[WARNING] [stderr] 2026-08-15T18:53:36.718-0600	INFO	ForkJoinPool-1-worker-1	stdout	operator_metric,nitro,tpcds-parquet-sf10,q23a,0,36/PartitionedOutputOperator@2386,nitroExchangeSmallPagePositions,0
[WARNING] [stderr] 2026-08-15T18:53:36.718-0600	INFO	ForkJoinPool-1-worker-1	stdout	operator_metric,nitro,tpcds-parquet-sf10,q23a,0,36/PartitionedOutputOperator@2386,nitroRemoteOutputNativePartitionCopyNanos,0
[WARNING] [stderr] 2026-08-15T18:53:36.718-0600	INFO	ForkJoinPool-1-worker-1	stdout	operator_metric,nitro,tpcds-parquet-sf10,q23a,0,36/PartitionedOutputOperator@2386,nitroRemoteOutputNativeBatches,0
[WARNING] [stderr] 2026-08-15T18:53:36.718-0600	INFO	ForkJoinPool-1-worker-1	stdout	operator_metric,nitro,tpcds-parquet-sf10,q23a,0,36/PartitionedOutputOperator@2386,nitroExchangeInputFlatChannelPositions,1461
[WARNING] [stderr] 2026-08-15T18:53:36.718-0600	INFO	ForkJoinPool-1-worker-1	stdout	operator_metric,nitro,tpcds-parquet-sf10,q23a,0,36/PartitionedOutputOperator@2386,nitroExchangeDictionaryUnsupportedPositions,0
[WARNING] [stderr] 2026-08-15T18:53:36.718-0600	INFO	ForkJoinPool-1-worker-1	stdout	operator_metric,nitro,tpcds-parquet-sf10,q23a,0,36/PartitionedOutputOperator@2386,nitroExchangeInputDictionaryChannelPositions,0
[WARNING] [stderr] 2026-08-15T18:53:36.718-0600	INFO	ForkJoinPool-1-worker-1	stdout	operator_metric,nitro,tpcds-parquet-sf10,q23a,0,36/PartitionedOutputOperator@2386,nitroRemoteOutputNativePartitions,0
[WARNING] [stderr] 2026-08-15T18:53:36.718-0600	INFO	ForkJoinPool-1-worker-1	stdout	operator_metric,nitro,tpcds-parquet-sf10,q23a,0,36/PartitionedOutputOperator@2386,nitroRemoteOutputBufferedBatches,1
[WARNING] [stderr] 2026-08-15T18:53:36.718-0600	INFO	ForkJoinPool-1-worker-1	stdout	operator_metric,nitro,tpcds-parquet-sf10,q23a,0,36/PartitionedOutputOperator@2386,nitroRemoteOutputPartitionKeyConversionNanos,0
[WARNING] [stderr] 2026-08-15T18:53:36.718-0600	INFO	ForkJoinPool-1-worker-1	stdout	operator_metric,nitro,tpcds-parquet-sf10,q23a,0,36/PartitionedOutputOperator@2386,nitroExchangeRunLengthUnsupportedPositions,0
[WARNING] [stderr] 2026-08-15T18:53:36.718-0600	INFO	ForkJoinPool-1-worker-1	stdout	operator_metric,nitro,tpcds-parquet-sf10,q23a,0,36/PartitionedOutputOperator@2386,nitroRemoteOutputBufferedAppendNanos,50255
[WARNING] [stderr] 2026-08-15T18:53:36.718-0600	INFO	ForkJoinPool-1-worker-1	stdout	operator_metric,nitro,tpcds-parquet-sf10,q23a,0,36/PartitionedOutputOperator@2386,nitroExchangeNoDictionaryPositions,1461
[WARNING] [stderr] 2026-08-15T18:53:36.718-0600	INFO	ForkJoinPool-1-worker-1	stdout	operator_metric,nitro,tpcds-parquet-sf10,q23a,0,36/PartitionedOutputOperator@2386,nitroRemoteOutputInputPositions,1461
[WARNING] [stderr] 2026-08-15T18:53:36.718-0600	INFO	ForkJoinPool-1-worker-1	stdout	operator_metric,nitro,tpcds-parquet-sf10,q23a,0,36/PartitionedOutputOperator@2386,nitroRemoteOutputTotalNanos,68189
[WARNING] [stderr] 2026-08-15T18:53:36.718-0600	INFO	ForkJoinPool-1-worker-1	stdout	operator_metric,nitro,tpcds-parquet-sf10,q23a,0,36/PartitionedOutputOperator@2386,nitroExchangeInputRunLengthChannelPositions,0
[WARNING] [stderr] 2026-08-15T18:53:36.718-0600	INFO	ForkJoinPool-1-worker-1	stdout	operator_metric,nitro,tpcds-parquet-sf10,q23a,0,36/PartitionedOutputOperator@2386,nitroExchangeInputPositions,1461
[WARNING] [stderr] 2026-08-15T18:53:36.718-0600	INFO	ForkJoinPool-1-worker-1	stdout	operator_metric,nitro,tpcds-parquet-sf10,q23a,0,36/PartitionedOutputOperator@2386,nitroExchangeLowDictionaryReusePositions,0
[WARNING] [stderr] 2026-08-15T18:53:36.718-0600	INFO	ForkJoinPool-1-worker-1	stdout	operator_metric,nitro,tpcds-parquet-sf10,q23a,0,16/TrinoNitroPipelineSourceOperator@5059,nitroNativeSourceCreationNanos,5795075
[WARNING] [stderr] 2026-08-15T18:53:36.718-0600	INFO	ForkJoinPool-1-worker-1	stdout	operator_metric,nitro,tpcds-parquet-sf10,q23a,0,16/TrinoNitroPipelineSourceOperator@5059,nitroAllocatorAllocatedVectorBytes.BooleanVector,189100300
[WARNING] [stderr] 2026-08-15T18:53:36.718-0600	INFO	ForkJoinPool-1-worker-1	stdout	operator_metric,nitro,tpcds-parquet-sf10,q23a,0,16/TrinoNitroPipelineSourceOperator@5059,nitroBoundaryNativeExchangeBatches,2329
[WARNING] [stderr] 2026-08-15T18:53:36.718-0600	INFO	ForkJoinPool-1-worker-1	stdout	operator_metric,nitro,tpcds-parquet-sf10,q23a,0,16/TrinoNitroPipelineSourceOperator@5059,nitroAllocatorAllocatedBytes.trino-native-source-ingress,0
[WARNING] [stderr] 2026-08-15T18:53:36.718-0600	INFO	ForkJoinPool-1-worker-1	stdout	operator_metric,nitro,tpcds-parquet-sf10,q23a,0,16/TrinoNitroPipelineSourceOperator@5059,nitroAllocatorAllocatedVectorBytes,1512802400
[WARNING] [stderr] 2026-08-15T18:53:36.718-0600	INFO	ForkJoinPool-1-worker-1	stdout	operator_metric,nitro,tpcds-parquet-sf10,q23a,0,16/TrinoNitroPipelineSourceOperator@5059,nitroAllocatorAllocatedVectorBytes.I32Vector,189100300
[WARNING] [stderr] 2026-08-15T18:53:36.718-0600	INFO	ForkJoinPool-1-worker-1	stdout	operator_metric,nitro,tpcds-parquet-sf10,q23a,0,16/TrinoNitroPipelineSourceOperator@5059,nitroAllocatorAllocatedBytes.NitroParquetBatchSource,1512802400
[WARNING] [stderr] 2026-08-15T18:53:36.718-0600	INFO	ForkJoinPool-1-worker-1	stdout	operator_metric,nitro,tpcds-parquet-sf10,q23a,0,16/TrinoNitroPipelineSourceOperator@5059,nitroBoundaryNativeExchangePositions,23034974
[WARNING] [stderr] 2026-08-15T18:53:36.718-0600	INFO	ForkJoinPool-1-worker-1	stdout	operator_metric,nitro,tpcds-parquet-sf10,q23a,0,16/TrinoNitroPipelineSourceOperator@5059,nitroBoundaryNativeExchangeBytes,1512802400
[WARNING] [stderr] 2026-08-15T18:53:36.718-0600	INFO	ForkJoinPool-1-worker-1	stdout	operator_metric,nitro,tpcds-parquet-sf10,q23a,0,16/TrinoNitroPipelineSourceOperator@5059,nitroOperatorConstructionNanos,414332
[WARNING] [stderr] 2026-08-15T18:53:36.718-0600	INFO	ForkJoinPool-1-worker-1	stdout	operator_metric,nitro,tpcds-parquet-sf10,q23a,0,16/TrinoNitroPipelineSourceOperator@5059,nitroBoundaryNativeExchangeMaximumBatchBytes,9600000
[WARNING] [stderr] 2026-08-15T18:53:36.718-0600	INFO	ForkJoinPool-1-worker-1	stdout	operator_metric,nitro,tpcds-parquet-sf10,q23a,0,16/TrinoNitroPipelineSourceOperator@5059,nitroAllocatorAllocatedBytes,1512802400
[WARNING] [stderr] 2026-08-15T18:53:36.718-0600	INFO	ForkJoinPool-1-worker-1	stdout	operator_metric,nitro,tpcds-parquet-sf10,q23a,0,16/TrinoNitroPipelineSourceOperator@5059,nitroAllocatorAllocatedVectorBytes.I64Vector,1134601800
[WARNING] [stderr] 2026-08-15T18:53:36.718-0600	INFO	ForkJoinPool-1-worker-1	stdout	operator_metric,nitro,tpcds-parquet-sf10,q23a,0,16/PartitionedOutputOperator@5059,nitroExchangePreservedPositions,0
[WARNING] [stderr] 2026-08-15T18:53:36.718-0600	INFO	ForkJoinPool-1-worker-1	stdout	operator_metric,nitro,tpcds-parquet-sf10,q23a,0,16/PartitionedOutputOperator@5059,nitroRemoteOutputPartitionAssignmentNanos,0
[WARNING] [stderr] 2026-08-15T18:53:36.718-0600	INFO	ForkJoinPool-1-worker-1	stdout	operator_metric,nitro,tpcds-parquet-sf10,q23a,0,16/PartitionedOutputOperator@5059,nitroRemoteOutputBufferedConversionNanos,172469535
[WARNING] [stderr] 2026-08-15T18:53:36.718-0600	INFO	ForkJoinPool-1-worker-1	stdout	operator_metric,nitro,tpcds-parquet-sf10,q23a,0,16/PartitionedOutputOperator@5059,nitroRemoteOutputNativePartitionAppendNanos,0
[WARNING] [stderr] 2026-08-15T18:53:36.718-0600	INFO	ForkJoinPool-1-worker-1	stdout	operator_metric,nitro,tpcds-parquet-sf10,q23a,0,16/PartitionedOutputOperator@5059,nitroRemoteOutputNativePartitionConversionNanos,0
[WARNING] [stderr] 2026-08-15T18:53:36.718-0600	INFO	ForkJoinPool-1-worker-1	stdout	operator_metric,nitro,tpcds-parquet-sf10,q23a,0,16/PartitionedOutputOperator@5059,nitroExchangeInputPages,2329
[WARNING] [stderr] 2026-08-15T18:53:36.718-0600	INFO	ForkJoinPool-1-worker-1	stdout	operator_metric,nitro,tpcds-parquet-sf10,q23a,0,16/PartitionedOutputOperator@5059,nitroExchangeSmallPagePositions,0
[WARNING] [stderr] 2026-08-15T18:53:36.718-0600	INFO	ForkJoinPool-1-worker-1	stdout	operator_metric,nitro,tpcds-parquet-sf10,q23a,0,16/PartitionedOutputOperator@5059,nitroExchangeInputFlatChannelPositions,92139896
[WARNING] [stderr] 2026-08-15T18:53:36.718-0600	INFO	ForkJoinPool-1-worker-1	stdout	operator_metric,nitro,tpcds-parquet-sf10,q23a,0,16/PartitionedOutputOperator@5059,nitroExchangeDictionaryUnsupportedPositions,0
[WARNING] [stderr] 2026-08-15T18:53:36.718-0600	INFO	ForkJoinPool-1-worker-1	stdout	operator_metric,nitro,tpcds-parquet-sf10,q23a,0,16/PartitionedOutputOperator@5059,nitroRemoteOutputNativeBatches,0
[WARNING] [stderr] 2026-08-15T18:53:36.718-0600	INFO	ForkJoinPool-1-worker-1	stdout	operator_metric,nitro,tpcds-parquet-sf10,q23a,0,16/PartitionedOutputOperator@5059,nitroRemoteOutputNativePartitionCopyNanos,0
[WARNING] [stderr] 2026-08-15T18:53:36.718-0600	INFO	ForkJoinPool-1-worker-1	stdout	operator_metric,nitro,tpcds-parquet-sf10,q23a,0,16/PartitionedOutputOperator@5059,nitroExchangeInputDictionaryChannelPositions,0
[WARNING] [stderr] 2026-08-15T18:53:36.718-0600	INFO	ForkJoinPool-1-worker-1	stdout	operator_metric,nitro,tpcds-parquet-sf10,q23a,0,16/PartitionedOutputOperator@5059,nitroRemoteOutputNativePartitions,0
[WARNING] [stderr] 2026-08-15T18:53:36.718-0600	INFO	ForkJoinPool-1-worker-1	stdout	operator_metric,nitro,tpcds-parquet-sf10,q23a,0,16/PartitionedOutputOperator@5059,nitroRemoteOutputBufferedBatches,2329
[WARNING] [stderr] 2026-08-15T18:53:36.718-0600	INFO	ForkJoinPool-1-worker-1	stdout	operator_metric,nitro,tpcds-parquet-sf10,q23a,0,16/PartitionedOutputOperator@5059,nitroRemoteOutputPartitionKeyConversionNanos,0
[WARNING] [stderr] 2026-08-15T18:53:36.718-0600	INFO	ForkJoinPool-1-worker-1	stdout	operator_metric,nitro,tpcds-parquet-sf10,q23a,0,16/PartitionedOutputOperator@5059,nitroExchangeRunLengthUnsupportedPositions,0
[WARNING] [stderr] 2026-08-15T18:53:36.718-0600	INFO	ForkJoinPool-1-worker-1	stdout	operator_metric,nitro,tpcds-parquet-sf10,q23a,0,16/PartitionedOutputOperator@5059,nitroRemoteOutputBufferedAppendNanos,1203733495
[WARNING] [stderr] 2026-08-15T18:53:36.718-0600	INFO	ForkJoinPool-1-worker-1	stdout	operator_metric,nitro,tpcds-parquet-sf10,q23a,0,16/PartitionedOutputOperator@5059,nitroRemoteOutputTotalNanos,1381448191
[WARNING] [stderr] 2026-08-15T18:53:36.718-0600	INFO	ForkJoinPool-1-worker-1	stdout	operator_metric,nitro,tpcds-parquet-sf10,q23a,0,16/PartitionedOutputOperator@5059,nitroRemoteOutputInputPositions,23034974
[WARNING] [stderr] 2026-08-15T18:53:36.718-0600	INFO	ForkJoinPool-1-worker-1	stdout	operator_metric,nitro,tpcds-parquet-sf10,q23a,0,16/PartitionedOutputOperator@5059,nitroExchangeInputRunLengthChannelPositions,0
[WARNING] [stderr] 2026-08-15T18:53:36.718-0600	INFO	ForkJoinPool-1-worker-1	stdout	operator_metric,nitro,tpcds-parquet-sf10,q23a,0,16/PartitionedOutputOperator@5059,nitroExchangeNoDictionaryPositions,23034974
[WARNING] [stderr] 2026-08-15T18:53:36.718-0600	INFO	ForkJoinPool-1-worker-1	stdout	operator_metric,nitro,tpcds-parquet-sf10,q23a,0,16/PartitionedOutputOperator@5059,nitroExchangeInputPositions,23034974
[WARNING] [stderr] 2026-08-15T18:53:36.718-0600	INFO	ForkJoinPool-1-worker-1	stdout	operator_metric,nitro,tpcds-parquet-sf10,q23a,0,16/PartitionedOutputOperator@5059,nitroExchangeLowDictionaryReusePositions,0
[WARNING] [stderr] 2026-08-15T18:53:36.718-0600	INFO	ForkJoinPool-1-worker-1	stdout	operator_metric,nitro,tpcds-parquet-sf10,q23a,0,17/TrinoNitroPipelineSourceOperator@37,nitroOperatorConstructionNanos,26911
[WARNING] [stderr] 2026-08-15T18:53:36.718-0600	INFO	ForkJoinPool-1-worker-1	stdout	operator_metric,nitro,tpcds-parquet-sf10,q23a,0,17/TrinoNitroPipelineSourceOperator@37,nitroBoundaryNativeExchangeBytes,4500000
[WARNING] [stderr] 2026-08-15T18:53:36.718-0600	INFO	ForkJoinPool-1-worker-1	stdout	operator_metric,nitro,tpcds-parquet-sf10,q23a,0,17/TrinoNitroPipelineSourceOperator@37,nitroBoundaryNativeExchangeMaximumBatchBytes,90000
[WARNING] [stderr] 2026-08-15T18:53:36.718-0600	INFO	ForkJoinPool-1-worker-1	stdout	operator_metric,nitro,tpcds-parquet-sf10,q23a,0,17/TrinoNitroPipelineSourceOperator@37,nitroAllocatorAllocatedVectorBytes,4500000
[WARNING] [stderr] 2026-08-15T18:53:36.718-0600	INFO	ForkJoinPool-1-worker-1	stdout	operator_metric,nitro,tpcds-parquet-sf10,q23a,0,17/TrinoNitroPipelineSourceOperator@37,nitroAllocatorAllocatedBytes.NitroParquetBatchSource,4500000
[WARNING] [stderr] 2026-08-15T18:53:36.718-0600	INFO	ForkJoinPool-1-worker-1	stdout	operator_metric,nitro,tpcds-parquet-sf10,q23a,0,17/TrinoNitroPipelineSourceOperator@37,nitroAllocatorAllocatedVectorBytes.BooleanVector,500000
[WARNING] [stderr] 2026-08-15T18:53:36.718-0600	INFO	ForkJoinPool-1-worker-1	stdout	operator_metric,nitro,tpcds-parquet-sf10,q23a,0,17/TrinoNitroPipelineSourceOperator@37,nitroNativeSourceCreationNanos,60794261
[WARNING] [stderr] 2026-08-15T18:53:36.718-0600	INFO	ForkJoinPool-1-worker-1	stdout	operator_metric,nitro,tpcds-parquet-sf10,q23a,0,17/TrinoNitroPipelineSourceOperator@37,nitroAllocatorAllocatedBytes,4500000
[WARNING] [stderr] 2026-08-15T18:53:36.718-0600	INFO	ForkJoinPool-1-worker-1	stdout	operator_metric,nitro,tpcds-parquet-sf10,q23a,0,17/TrinoNitroPipelineSourceOperator@37,nitroBoundaryNativeExchangePositions,500000
[WARNING] [stderr] 2026-08-15T18:53:36.718-0600	INFO	ForkJoinPool-1-worker-1	stdout	operator_metric,nitro,tpcds-parquet-sf10,q23a,0,17/TrinoNitroPipelineSourceOperator@37,nitroAllocatorAllocatedVectorBytes.I64Vector,4000000
[WARNING] [stderr] 2026-08-15T18:53:36.718-0600	INFO	ForkJoinPool-1-worker-1	stdout	operator_metric,nitro,tpcds-parquet-sf10,q23a,0,17/TrinoNitroPipelineSourceOperator@37,nitroAllocatorAllocatedBytes.trino-native-source-ingress,0
[WARNING] [stderr] 2026-08-15T18:53:36.718-0600	INFO	ForkJoinPool-1-worker-1	stdout	operator_metric,nitro,tpcds-parquet-sf10,q23a,0,17/TrinoNitroPipelineSourceOperator@37,nitroBoundaryNativeExchangeBatches,50
[WARNING] [stderr] 2026-08-15T18:53:36.718-0600	INFO	ForkJoinPool-1-worker-1	stdout	operator_metric,nitro,tpcds-parquet-sf10,q23a,0,17/PartitionedOutputOperator@37,nitroExchangePreservedPositions,0
[WARNING] [stderr] 2026-08-15T18:53:36.718-0600	INFO	ForkJoinPool-1-worker-1	stdout	operator_metric,nitro,tpcds-parquet-sf10,q23a,0,17/PartitionedOutputOperator@37,nitroRemoteOutputBufferedConversionNanos,4656723
[WARNING] [stderr] 2026-08-15T18:53:36.718-0600	INFO	ForkJoinPool-1-worker-1	stdout	operator_metric,nitro,tpcds-parquet-sf10,q23a,0,17/PartitionedOutputOperator@37,nitroRemoteOutputPartitionAssignmentNanos,0
[WARNING] [stderr] 2026-08-15T18:53:36.718-0600	INFO	ForkJoinPool-1-worker-1	stdout	operator_metric,nitro,tpcds-parquet-sf10,q23a,0,17/PartitionedOutputOperator@37,nitroRemoteOutputNativePartitionAppendNanos,0
[WARNING] [stderr] 2026-08-15T18:53:36.718-0600	INFO	ForkJoinPool-1-worker-1	stdout	operator_metric,nitro,tpcds-parquet-sf10,q23a,0,17/PartitionedOutputOperator@37,nitroExchangeInputPages,50
[WARNING] [stderr] 2026-08-15T18:53:36.718-0600	INFO	ForkJoinPool-1-worker-1	stdout	operator_metric,nitro,tpcds-parquet-sf10,q23a,0,17/PartitionedOutputOperator@37,nitroRemoteOutputNativePartitionConversionNanos,0
[WARNING] [stderr] 2026-08-15T18:53:36.718-0600	INFO	ForkJoinPool-1-worker-1	stdout	operator_metric,nitro,tpcds-parquet-sf10,q23a,0,17/PartitionedOutputOperator@37,nitroExchangeSmallPagePositions,0
[WARNING] [stderr] 2026-08-15T18:53:36.718-0600	INFO	ForkJoinPool-1-worker-1	stdout	operator_metric,nitro,tpcds-parquet-sf10,q23a,0,17/PartitionedOutputOperator@37,nitroRemoteOutputNativePartitionCopyNanos,0
[WARNING] [stderr] 2026-08-15T18:53:36.718-0600	INFO	ForkJoinPool-1-worker-1	stdout	operator_metric,nitro,tpcds-parquet-sf10,q23a,0,17/PartitionedOutputOperator@37,nitroRemoteOutputNativeBatches,0
[WARNING] [stderr] 2026-08-15T18:53:36.718-0600	INFO	ForkJoinPool-1-worker-1	stdout	operator_metric,nitro,tpcds-parquet-sf10,q23a,0,17/PartitionedOutputOperator@37,nitroExchangeInputFlatChannelPositions,500000
[WARNING] [stderr] 2026-08-15T18:53:36.718-0600	INFO	ForkJoinPool-1-worker-1	stdout	operator_metric,nitro,tpcds-parquet-sf10,q23a,0,17/PartitionedOutputOperator@37,nitroExchangeDictionaryUnsupportedPositions,0
[WARNING] [stderr] 2026-08-15T18:53:36.718-0600	INFO	ForkJoinPool-1-worker-1	stdout	operator_metric,nitro,tpcds-parquet-sf10,q23a,0,17/PartitionedOutputOperator@37,nitroExchangeInputDictionaryChannelPositions,0
[WARNING] [stderr] 2026-08-15T18:53:36.718-0600	INFO	ForkJoinPool-1-worker-1	stdout	operator_metric,nitro,tpcds-parquet-sf10,q23a,0,17/PartitionedOutputOperator@37,nitroRemoteOutputNativePartitions,0
[WARNING] [stderr] 2026-08-15T18:53:36.718-0600	INFO	ForkJoinPool-1-worker-1	stdout	operator_metric,nitro,tpcds-parquet-sf10,q23a,0,17/PartitionedOutputOperator@37,nitroRemoteOutputBufferedBatches,50
[WARNING] [stderr] 2026-08-15T18:53:36.718-0600	INFO	ForkJoinPool-1-worker-1	stdout	operator_metric,nitro,tpcds-parquet-sf10,q23a,0,17/PartitionedOutputOperator@37,nitroRemoteOutputPartitionKeyConversionNanos,0
[WARNING] [stderr] 2026-08-15T18:53:36.718-0600	INFO	ForkJoinPool-1-worker-1	stdout	operator_metric,nitro,tpcds-parquet-sf10,q23a,0,17/PartitionedOutputOperator@37,nitroExchangeRunLengthUnsupportedPositions,0
[WARNING] [stderr] 2026-08-15T18:53:36.718-0600	INFO	ForkJoinPool-1-worker-1	stdout	operator_metric,nitro,tpcds-parquet-sf10,q23a,0,17/PartitionedOutputOperator@37,nitroRemoteOutputBufferedAppendNanos,82890281
[WARNING] [stderr] 2026-08-15T18:53:36.718-0600	INFO	ForkJoinPool-1-worker-1	stdout	operator_metric,nitro,tpcds-parquet-sf10,q23a,0,17/PartitionedOutputOperator@37,nitroExchangeNoDictionaryPositions,500000
[WARNING] [stderr] 2026-08-15T18:53:36.718-0600	INFO	ForkJoinPool-1-worker-1	stdout	operator_metric,nitro,tpcds-parquet-sf10,q23a,0,17/PartitionedOutputOperator@37,nitroRemoteOutputInputPositions,500000
[WARNING] [stderr] 2026-08-15T18:53:36.718-0600	INFO	ForkJoinPool-1-worker-1	stdout	operator_metric,nitro,tpcds-parquet-sf10,q23a,0,17/PartitionedOutputOperator@37,nitroRemoteOutputTotalNanos,87844971
[WARNING] [stderr] 2026-08-15T18:53:36.718-0600	INFO	ForkJoinPool-1-worker-1	stdout	operator_metric,nitro,tpcds-parquet-sf10,q23a,0,17/PartitionedOutputOperator@37,nitroExchangeInputRunLengthChannelPositions,0
[WARNING] [stderr] 2026-08-15T18:53:36.718-0600	INFO	ForkJoinPool-1-worker-1	stdout	operator_metric,nitro,tpcds-parquet-sf10,q23a,0,17/PartitionedOutputOperator@37,nitroExchangeInputPositions,500000
[WARNING] [stderr] 2026-08-15T18:53:36.718-0600	INFO	ForkJoinPool-1-worker-1	stdout	operator_metric,nitro,tpcds-parquet-sf10,q23a,0,17/PartitionedOutputOperator@37,nitroExchangeLowDictionaryReusePositions,0
[WARNING] [stderr] 2026-08-15T18:53:36.718-0600	INFO	ForkJoinPool-1-worker-1	stdout	operator_metric,nitro,tpcds-parquet-sf10,q23a,0,34/TrinoNitroPipelineSourceOperator@5102,nitroBoundaryNativeExchangeCaptureFallbackPositions,15
[WARNING] [stderr] 2026-08-15T18:53:36.718-0600	INFO	ForkJoinPool-1-worker-1	stdout	operator_metric,nitro,tpcds-parquet-sf10,q23a,0,34/TrinoNitroPipelineSourceOperator@5102,nitroBoundaryPageEgressPages,1
[WARNING] [stderr] 2026-08-15T18:53:36.718-0600	INFO	ForkJoinPool-1-worker-1	stdout	operator_metric,nitro,tpcds-parquet-sf10,q23a,0,34/TrinoNitroPipelineSourceOperator@5102,nitroAllocatorAllocatedBytes,2177280000
[WARNING] [stderr] 2026-08-15T18:53:36.718-0600	INFO	ForkJoinPool-1-worker-1	stdout	operator_metric,nitro,tpcds-parquet-sf10,q23a,0,34/TrinoNitroPipelineSourceOperator@5102,nitroBoundaryPageEgressRunLengthChannelPositions,0
[WARNING] [stderr] 2026-08-15T18:53:36.718-0600	INFO	ForkJoinPool-1-worker-1	stdout	operator_metric,nitro,tpcds-parquet-sf10,q23a,0,34/TrinoNitroPipelineSourceOperator@5102,nitroAllocatorAllocatedBytes.NitroParquetBatchSource,2177280000
[WARNING] [stderr] 2026-08-15T18:53:36.718-0600	INFO	ForkJoinPool-1-worker-1	stdout	operator_metric,nitro,tpcds-parquet-sf10,q23a,0,34/TrinoNitroPipelineSourceOperator@5102,nitroBoundaryPageEgressBytes,480
[WARNING] [stderr] 2026-08-15T18:53:36.718-0600	INFO	ForkJoinPool-1-worker-1	stdout	operator_metric,nitro,tpcds-parquet-sf10,q23a,0,34/TrinoNitroPipelineSourceOperator@5102,nitroAllocatorAllocatedVectorBytes.I32Vector,272160000
[WARNING] [stderr] 2026-08-15T18:53:36.718-0600	INFO	ForkJoinPool-1-worker-1	stdout	operator_metric,nitro,tpcds-parquet-sf10,q23a,0,34/TrinoNitroPipelineSourceOperator@5102,nitroBoundaryNativeExchangeMaximumBatchBytes,15360000
[WARNING] [stderr] 2026-08-15T18:53:36.718-0600	INFO	ForkJoinPool-1-worker-1	stdout	operator_metric,nitro,tpcds-parquet-sf10,q23a,0,34/TrinoNitroPipelineSourceOperator@5102,nitroBoundaryPageEgressPositions,15
[WARNING] [stderr] 2026-08-15T18:53:36.718-0600	INFO	ForkJoinPool-1-worker-1	stdout	operator_metric,nitro,tpcds-parquet-sf10,q23a,0,34/TrinoNitroPipelineSourceOperator@5102,nitroBoundaryNativeExchangePositions,16554765
[WARNING] [stderr] 2026-08-15T18:53:36.718-0600	INFO	ForkJoinPool-1-worker-1	stdout	operator_metric,nitro,tpcds-parquet-sf10,q23a,0,34/TrinoNitroPipelineSourceOperator@5102,nitroBoundaryNativeEgressDictionaryChannelPositions,0
[WARNING] [stderr] 2026-08-15T18:53:36.718-0600	INFO	ForkJoinPool-1-worker-1	stdout	operator_metric,nitro,tpcds-parquet-sf10,q23a,0,34/TrinoNitroPipelineSourceOperator@5102,nitroAllocatorAllocatedVectorBytes.I64Vector,1632960000
[WARNING] [stderr] 2026-08-15T18:53:36.718-0600	INFO	ForkJoinPool-1-worker-1	stdout	operator_metric,nitro,tpcds-parquet-sf10,q23a,0,34/TrinoNitroPipelineSourceOperator@5102,nitroAllocatorAllocatedVectorBytes,2177280000
[WARNING] [stderr] 2026-08-15T18:53:36.718-0600	INFO	ForkJoinPool-1-worker-1	stdout	operator_metric,nitro,tpcds-parquet-sf10,q23a,0,34/TrinoNitroPipelineSourceOperator@5102,nitroBoundaryNativeExchangeBatches,1701
[WARNING] [stderr] 2026-08-15T18:53:36.718-0600	INFO	ForkJoinPool-1-worker-1	stdout	operator_metric,nitro,tpcds-parquet-sf10,q23a,0,34/TrinoNitroPipelineSourceOperator@5102,nitroBoundaryNativeExchangeCaptureFallbackBatches,1
[WARNING] [stderr] 2026-08-15T18:53:36.718-0600	INFO	ForkJoinPool-1-worker-1	stdout	operator_metric,nitro,tpcds-parquet-sf10,q23a,0,34/TrinoNitroPipelineSourceOperator@5102,nitroBoundaryPageEgressDictionaryChannelPositions,0
[WARNING] [stderr] 2026-08-15T18:53:36.718-0600	INFO	ForkJoinPool-1-worker-1	stdout	operator_metric,nitro,tpcds-parquet-sf10,q23a,0,34/TrinoNitroPipelineSourceOperator@5102,nitroBoundaryNativeEgressRunLengthChannelPositions,0
[WARNING] [stderr] 2026-08-15T18:53:36.718-0600	INFO	ForkJoinPool-1-worker-1	stdout	operator_metric,nitro,tpcds-parquet-sf10,q23a,0,34/TrinoNitroPipelineSourceOperator@5102,nitroBoundaryNativeEgressFlatChannelPositions,60
[WARNING] [stderr] 2026-08-15T18:53:36.718-0600	INFO	ForkJoinPool-1-worker-1	stdout	operator_metric,nitro,tpcds-parquet-sf10,q23a,0,34/TrinoNitroPipelineSourceOperator@5102,nitroAllocatorAllocatedVectorBytes.BooleanVector,272160000
[WARNING] [stderr] 2026-08-15T18:53:36.718-0600	INFO	ForkJoinPool-1-worker-1	stdout	operator_metric,nitro,tpcds-parquet-sf10,q23a,0,34/TrinoNitroPipelineSourceOperator@5102,nitroOperatorConstructionNanos,381183
[WARNING] [stderr] 2026-08-15T18:53:36.718-0600	INFO	ForkJoinPool-1-worker-1	stdout	operator_metric,nitro,tpcds-parquet-sf10,q23a,0,34/TrinoNitroPipelineSourceOperator@5102,nitroNativeSourceCreationNanos,2644802
[WARNING] [stderr] 2026-08-15T18:53:36.718-0600	INFO	ForkJoinPool-1-worker-1	stdout	operator_metric,nitro,tpcds-parquet-sf10,q23a,0,34/TrinoNitroPipelineSourceOperator@5102,nitroBoundaryNativeExchangeBytes,2177280000
[WARNING] [stderr] 2026-08-15T18:53:36.718-0600	INFO	ForkJoinPool-1-worker-1	stdout	operator_metric,nitro,tpcds-parquet-sf10,q23a,0,34/TrinoNitroPipelineSourceOperator@5102,nitroAllocatorAllocatedBytes.trino-native-source-ingress,0
[WARNING] [stderr] 2026-08-15T18:53:36.718-0600	INFO	ForkJoinPool-1-worker-1	stdout	operator_metric,nitro,tpcds-parquet-sf10,q23a,0,34/TrinoNitroPipelineSourceOperator@5102,nitroBoundaryPageEgressFlatChannelPositions,60
[WARNING] [stderr] 2026-08-15T18:53:36.718-0600	INFO	ForkJoinPool-1-worker-1	stdout	operator_metric,nitro,tpcds-parquet-sf10,q23a,0,34/PartitionedOutputOperator@5102,nitroExchangePreservedPositions,0
[WARNING] [stderr] 2026-08-15T18:53:36.718-0600	INFO	ForkJoinPool-1-worker-1	stdout	operator_metric,nitro,tpcds-parquet-sf10,q23a,0,34/PartitionedOutputOperator@5102,nitroRemoteOutputPartitionAssignmentNanos,0
[WARNING] [stderr] 2026-08-15T18:53:36.718-0600	INFO	ForkJoinPool-1-worker-1	stdout	operator_metric,nitro,tpcds-parquet-sf10,q23a,0,34/PartitionedOutputOperator@5102,nitroRemoteOutputBufferedConversionNanos,122586810
[WARNING] [stderr] 2026-08-15T18:53:36.718-0600	INFO	ForkJoinPool-1-worker-1	stdout	operator_metric,nitro,tpcds-parquet-sf10,q23a,0,34/PartitionedOutputOperator@5102,nitroRemoteOutputNativePartitionAppendNanos,0
[WARNING] [stderr] 2026-08-15T18:53:36.718-0600	INFO	ForkJoinPool-1-worker-1	stdout	operator_metric,nitro,tpcds-parquet-sf10,q23a,0,34/PartitionedOutputOperator@5102,nitroRemoteOutputNativePartitionConversionNanos,0
[WARNING] [stderr] 2026-08-15T18:53:36.718-0600	INFO	ForkJoinPool-1-worker-1	stdout	operator_metric,nitro,tpcds-parquet-sf10,q23a,0,34/PartitionedOutputOperator@5102,nitroExchangeInputPages,1702
[WARNING] [stderr] 2026-08-15T18:53:36.718-0600	INFO	ForkJoinPool-1-worker-1	stdout	operator_metric,nitro,tpcds-parquet-sf10,q23a,0,34/PartitionedOutputOperator@5102,nitroExchangeSmallPagePositions,0
[WARNING] [stderr] 2026-08-15T18:53:36.718-0600	INFO	ForkJoinPool-1-worker-1	stdout	operator_metric,nitro,tpcds-parquet-sf10,q23a,0,34/PartitionedOutputOperator@5102,nitroExchangeInputFlatChannelPositions,66219120
[WARNING] [stderr] 2026-08-15T18:53:36.718-0600	INFO	ForkJoinPool-1-worker-1	stdout	operator_metric,nitro,tpcds-parquet-sf10,q23a,0,34/PartitionedOutputOperator@5102,nitroExchangeDictionaryUnsupportedPositions,0
[WARNING] [stderr] 2026-08-15T18:53:36.718-0600	INFO	ForkJoinPool-1-worker-1	stdout	operator_metric,nitro,tpcds-parquet-sf10,q23a,0,34/PartitionedOutputOperator@5102,nitroRemoteOutputNativeBatches,0
[WARNING] [stderr] 2026-08-15T18:53:36.718-0600	INFO	ForkJoinPool-1-worker-1	stdout	operator_metric,nitro,tpcds-parquet-sf10,q23a,0,34/PartitionedOutputOperator@5102,nitroRemoteOutputNativePartitionCopyNanos,0
[WARNING] [stderr] 2026-08-15T18:53:36.718-0600	INFO	ForkJoinPool-1-worker-1	stdout	operator_metric,nitro,tpcds-parquet-sf10,q23a,0,34/PartitionedOutputOperator@5102,nitroExchangeInputDictionaryChannelPositions,0
[WARNING] [stderr] 2026-08-15T18:53:36.718-0600	INFO	ForkJoinPool-1-worker-1	stdout	operator_metric,nitro,tpcds-parquet-sf10,q23a,0,34/PartitionedOutputOperator@5102,nitroRemoteOutputNativePartitions,0
[WARNING] [stderr] 2026-08-15T18:53:36.718-0600	INFO	ForkJoinPool-1-worker-1	stdout	operator_metric,nitro,tpcds-parquet-sf10,q23a,0,34/PartitionedOutputOperator@5102,nitroRemoteOutputBufferedBatches,1701
[WARNING] [stderr] 2026-08-15T18:53:36.718-0600	INFO	ForkJoinPool-1-worker-1	stdout	operator_metric,nitro,tpcds-parquet-sf10,q23a,0,34/PartitionedOutputOperator@5102,nitroRemoteOutputPartitionKeyConversionNanos,0
[WARNING] [stderr] 2026-08-15T18:53:36.718-0600	INFO	ForkJoinPool-1-worker-1	stdout	operator_metric,nitro,tpcds-parquet-sf10,q23a,0,34/PartitionedOutputOperator@5102,nitroExchangeRunLengthUnsupportedPositions,0
[WARNING] [stderr] 2026-08-15T18:53:36.718-0600	INFO	ForkJoinPool-1-worker-1	stdout	operator_metric,nitro,tpcds-parquet-sf10,q23a,0,34/PartitionedOutputOperator@5102,nitroRemoteOutputBufferedAppendNanos,1056293301
[WARNING] [stderr] 2026-08-15T18:53:36.718-0600	INFO	ForkJoinPool-1-worker-1	stdout	operator_metric,nitro,tpcds-parquet-sf10,q23a,0,34/PartitionedOutputOperator@5102,nitroRemoteOutputTotalNanos,1187445538
[WARNING] [stderr] 2026-08-15T18:53:36.718-0600	INFO	ForkJoinPool-1-worker-1	stdout	operator_metric,nitro,tpcds-parquet-sf10,q23a,0,34/PartitionedOutputOperator@5102,nitroRemoteOutputInputPositions,16554765
[WARNING] [stderr] 2026-08-15T18:53:36.718-0600	INFO	ForkJoinPool-1-worker-1	stdout	operator_metric,nitro,tpcds-parquet-sf10,q23a,0,34/PartitionedOutputOperator@5102,nitroExchangeInputRunLengthChannelPositions,0
[WARNING] [stderr] 2026-08-15T18:53:36.718-0600	INFO	ForkJoinPool-1-worker-1	stdout	operator_metric,nitro,tpcds-parquet-sf10,q23a,0,34/PartitionedOutputOperator@5102,nitroExchangeNoDictionaryPositions,16554780
[WARNING] [stderr] 2026-08-15T18:53:36.718-0600	INFO	ForkJoinPool-1-worker-1	stdout	operator_metric,nitro,tpcds-parquet-sf10,q23a,0,34/PartitionedOutputOperator@5102,nitroExchangeInputPositions,16554780
[WARNING] [stderr] 2026-08-15T18:53:36.718-0600	INFO	ForkJoinPool-1-worker-1	stdout	operator_metric,nitro,tpcds-parquet-sf10,q23a,0,34/PartitionedOutputOperator@5102,nitroExchangeLowDictionaryReusePositions,0
[WARNING] [stderr] 2026-08-15T18:53:36.719-0600	INFO	ForkJoinPool-1-worker-1	stdout	operator_metric,nitro,tpcds-parquet-sf10,q23a,0,35/TrinoNitroPipelineSourceOperator@121,nitroOperatorConstructionNanos,19166
[WARNING] [stderr] 2026-08-15T18:53:36.719-0600	INFO	ForkJoinPool-1-worker-1	stdout	operator_metric,nitro,tpcds-parquet-sf10,q23a,0,35/TrinoNitroPipelineSourceOperator@121,nitroBoundaryNativeExchangeBytes,4500000
[WARNING] [stderr] 2026-08-15T18:53:36.719-0600	INFO	ForkJoinPool-1-worker-1	stdout	operator_metric,nitro,tpcds-parquet-sf10,q23a,0,35/TrinoNitroPipelineSourceOperator@121,nitroBoundaryNativeExchangeMaximumBatchBytes,90000
[WARNING] [stderr] 2026-08-15T18:53:36.719-0600	INFO	ForkJoinPool-1-worker-1	stdout	operator_metric,nitro,tpcds-parquet-sf10,q23a,0,35/TrinoNitroPipelineSourceOperator@121,nitroAllocatorAllocatedVectorBytes,4500000
[WARNING] [stderr] 2026-08-15T18:53:36.719-0600	INFO	ForkJoinPool-1-worker-1	stdout	operator_metric,nitro,tpcds-parquet-sf10,q23a,0,35/TrinoNitroPipelineSourceOperator@121,nitroAllocatorAllocatedBytes.NitroParquetBatchSource,4500000
[WARNING] [stderr] 2026-08-15T18:53:36.719-0600	INFO	ForkJoinPool-1-worker-1	stdout	operator_metric,nitro,tpcds-parquet-sf10,q23a,0,35/TrinoNitroPipelineSourceOperator@121,nitroAllocatorAllocatedVectorBytes.BooleanVector,500000
[WARNING] [stderr] 2026-08-15T18:53:36.719-0600	INFO	ForkJoinPool-1-worker-1	stdout	operator_metric,nitro,tpcds-parquet-sf10,q23a,0,35/TrinoNitroPipelineSourceOperator@121,nitroNativeSourceCreationNanos,27207155
[WARNING] [stderr] 2026-08-15T18:53:36.719-0600	INFO	ForkJoinPool-1-worker-1	stdout	operator_metric,nitro,tpcds-parquet-sf10,q23a,0,35/TrinoNitroPipelineSourceOperator@121,nitroAllocatorAllocatedBytes,4500000
[WARNING] [stderr] 2026-08-15T18:53:36.719-0600	INFO	ForkJoinPool-1-worker-1	stdout	operator_metric,nitro,tpcds-parquet-sf10,q23a,0,35/TrinoNitroPipelineSourceOperator@121,nitroBoundaryNativeExchangePositions,500000
[WARNING] [stderr] 2026-08-15T18:53:36.719-0600	INFO	ForkJoinPool-1-worker-1	stdout	operator_metric,nitro,tpcds-parquet-sf10,q23a,0,35/TrinoNitroPipelineSourceOperator@121,nitroAllocatorAllocatedVectorBytes.I64Vector,4000000
[WARNING] [stderr] 2026-08-15T18:53:36.719-0600	INFO	ForkJoinPool-1-worker-1	stdout	operator_metric,nitro,tpcds-parquet-sf10,q23a,0,35/TrinoNitroPipelineSourceOperator@121,nitroAllocatorAllocatedBytes.trino-native-source-ingress,0
[WARNING] [stderr] 2026-08-15T18:53:36.719-0600	INFO	ForkJoinPool-1-worker-1	stdout	operator_metric,nitro,tpcds-parquet-sf10,q23a,0,35/TrinoNitroPipelineSourceOperator@121,nitroBoundaryNativeExchangeBatches,50
[WARNING] [stderr] 2026-08-15T18:53:36.719-0600	INFO	ForkJoinPool-1-worker-1	stdout	operator_metric,nitro,tpcds-parquet-sf10,q23a,0,35/PartitionedOutputOperator@121,nitroExchangePreservedPositions,0
[WARNING] [stderr] 2026-08-15T18:53:36.719-0600	INFO	ForkJoinPool-1-worker-1	stdout	operator_metric,nitro,tpcds-parquet-sf10,q23a,0,35/PartitionedOutputOperator@121,nitroRemoteOutputBufferedConversionNanos,2755734
[WARNING] [stderr] 2026-08-15T18:53:36.719-0600	INFO	ForkJoinPool-1-worker-1	stdout	operator_metric,nitro,tpcds-parquet-sf10,q23a,0,35/PartitionedOutputOperator@121,nitroRemoteOutputPartitionAssignmentNanos,0
[WARNING] [stderr] 2026-08-15T18:53:36.719-0600	INFO	ForkJoinPool-1-worker-1	stdout	operator_metric,nitro,tpcds-parquet-sf10,q23a,0,35/PartitionedOutputOperator@121,nitroRemoteOutputNativePartitionAppendNanos,0
[WARNING] [stderr] 2026-08-15T18:53:36.719-0600	INFO	ForkJoinPool-1-worker-1	stdout	operator_metric,nitro,tpcds-parquet-sf10,q23a,0,35/PartitionedOutputOperator@121,nitroExchangeInputPages,50
[WARNING] [stderr] 2026-08-15T18:53:36.719-0600	INFO	ForkJoinPool-1-worker-1	stdout	operator_metric,nitro,tpcds-parquet-sf10,q23a,0,35/PartitionedOutputOperator@121,nitroRemoteOutputNativePartitionConversionNanos,0
[WARNING] [stderr] 2026-08-15T18:53:36.719-0600	INFO	ForkJoinPool-1-worker-1	stdout	operator_metric,nitro,tpcds-parquet-sf10,q23a,0,35/PartitionedOutputOperator@121,nitroExchangeSmallPagePositions,0
[WARNING] [stderr] 2026-08-15T18:53:36.719-0600	INFO	ForkJoinPool-1-worker-1	stdout	operator_metric,nitro,tpcds-parquet-sf10,q23a,0,35/PartitionedOutputOperator@121,nitroRemoteOutputNativePartitionCopyNanos,0
[WARNING] [stderr] 2026-08-15T18:53:36.719-0600	INFO	ForkJoinPool-1-worker-1	stdout	operator_metric,nitro,tpcds-parquet-sf10,q23a,0,35/PartitionedOutputOperator@121,nitroRemoteOutputNativeBatches,0
[WARNING] [stderr] 2026-08-15T18:53:36.719-0600	INFO	ForkJoinPool-1-worker-1	stdout	operator_metric,nitro,tpcds-parquet-sf10,q23a,0,35/PartitionedOutputOperator@121,nitroExchangeInputFlatChannelPositions,500000
[WARNING] [stderr] 2026-08-15T18:53:36.719-0600	INFO	ForkJoinPool-1-worker-1	stdout	operator_metric,nitro,tpcds-parquet-sf10,q23a,0,35/PartitionedOutputOperator@121,nitroExchangeDictionaryUnsupportedPositions,0
[WARNING] [stderr] 2026-08-15T18:53:36.719-0600	INFO	ForkJoinPool-1-worker-1	stdout	operator_metric,nitro,tpcds-parquet-sf10,q23a,0,35/PartitionedOutputOperator@121,nitroExchangeInputDictionaryChannelPositions,0
[WARNING] [stderr] 2026-08-15T18:53:36.719-0600	INFO	ForkJoinPool-1-worker-1	stdout	operator_metric,nitro,tpcds-parquet-sf10,q23a,0,35/PartitionedOutputOperator@121,nitroRemoteOutputNativePartitions,0
[WARNING] [stderr] 2026-08-15T18:53:36.719-0600	INFO	ForkJoinPool-1-worker-1	stdout	operator_metric,nitro,tpcds-parquet-sf10,q23a,0,35/PartitionedOutputOperator@121,nitroRemoteOutputBufferedBatches,50
[WARNING] [stderr] 2026-08-15T18:53:36.719-0600	INFO	ForkJoinPool-1-worker-1	stdout	operator_metric,nitro,tpcds-parquet-sf10,q23a,0,35/PartitionedOutputOperator@121,nitroRemoteOutputPartitionKeyConversionNanos,0
[WARNING] [stderr] 2026-08-15T18:53:36.719-0600	INFO	ForkJoinPool-1-worker-1	stdout	operator_metric,nitro,tpcds-parquet-sf10,q23a,0,35/PartitionedOutputOperator@121,nitroExchangeRunLengthUnsupportedPositions,0
[WARNING] [stderr] 2026-08-15T18:53:36.719-0600	INFO	ForkJoinPool-1-worker-1	stdout	operator_metric,nitro,tpcds-parquet-sf10,q23a,0,35/PartitionedOutputOperator@121,nitroRemoteOutputBufferedAppendNanos,95426440
[WARNING] [stderr] 2026-08-15T18:53:36.719-0600	INFO	ForkJoinPool-1-worker-1	stdout	operator_metric,nitro,tpcds-parquet-sf10,q23a,0,35/PartitionedOutputOperator@121,nitroExchangeNoDictionaryPositions,500000
[WARNING] [stderr] 2026-08-15T18:53:36.719-0600	INFO	ForkJoinPool-1-worker-1	stdout	operator_metric,nitro,tpcds-parquet-sf10,q23a,0,35/PartitionedOutputOperator@121,nitroRemoteOutputInputPositions,500000
[WARNING] [stderr] 2026-08-15T18:53:36.719-0600	INFO	ForkJoinPool-1-worker-1	stdout	operator_metric,nitro,tpcds-parquet-sf10,q23a,0,35/PartitionedOutputOperator@121,nitroRemoteOutputTotalNanos,98476636
[WARNING] [stderr] 2026-08-15T18:53:36.719-0600	INFO	ForkJoinPool-1-worker-1	stdout	operator_metric,nitro,tpcds-parquet-sf10,q23a,0,35/PartitionedOutputOperator@121,nitroExchangeInputRunLengthChannelPositions,0
[WARNING] [stderr] 2026-08-15T18:53:36.719-0600	INFO	ForkJoinPool-1-worker-1	stdout	operator_metric,nitro,tpcds-parquet-sf10,q23a,0,35/PartitionedOutputOperator@121,nitroExchangeInputPositions,500000
[WARNING] [stderr] 2026-08-15T18:53:36.719-0600	INFO	ForkJoinPool-1-worker-1	stdout	operator_metric,nitro,tpcds-parquet-sf10,q23a,0,35/PartitionedOutputOperator@121,nitroExchangeLowDictionaryReusePositions,0
[WARNING] [stderr] 2026-08-15T18:53:36.725-0600	INFO	ForkJoinPool-1-worker-1	stdout	nitro,tpcds-parquet-sf10,q23a,1,16025.653,16025.653,16025.653,16025.653,46824.000,46824.000,99
[WARNING] [stderr] 2026-08-15T18:53:36.725-0600	INFO	ForkJoinPool-1-worker-1	stdout	peak_memory,nitro,tpcds-parquet-sf10,q23a,1,2379.655,2379.655,12256.000,12256.000
[WARNING] [stderr] 2026-08-15T18:53:36.725-0600	INFO	ForkJoinPool-1-worker-1	stdout	boundary,nitro,tpcds-parquet-sf10,q23a,1,14518,228796249,5807069389,32752340,677488338,0,4886,38358743,1230036914,27938,153378985,0,32724402,679849267,0,48265,351323639,15717284713
[INFO] Tests run: 1, Failures: 0, Errors: 0, Skipped: 0, Time elapsed: 18.81 s -- in io.trino.tests.nitro.TestNitroTpcdsParquetPerformance
[WARNING] [stderr] 2026-08-15T18:53:36.778-0600	INFO	main	io.trino.testing.containers.junit.ReportLeakedContainers	DockerClientFactory not initialized, so there should be no leaked containers, skipping the check
[INFO] 
[INFO] Results:
[INFO] 
[INFO] Tests run: 1, Failures: 0, Errors: 0, Skipped: 0
[INFO] 
[INFO] ------------------------------------------------------------------------
[INFO] BUILD SUCCESS
[INFO] ------------------------------------------------------------------------
[INFO] Total time:  27.605 s (Wall Clock)
[INFO] Finished at: 2026-08-16T00:53:37Z
[INFO] ------------------------------------------------------------------------
[INFO] Njord session closed
