Script started on 2026-08-13 05:21:08+00:00 [COMMAND="env JAVA_HOME=/opt/java/openjdk PATH=/opt/java/openjdk/bin:/opt/mvnd/bin:$PATH /opt/mvnd/bin/mvnd -pl testing/trino-tests -Dair.check.skip-all=true -Dmaven.gitcommitid.skip=true -Djacoco.skip=true -DskipTests=false -Dtest=TestNitroParquetCountPerformance#testCountPerformance -Dair.test.jvmsize=12g '-Dair.test.jvm.additional-arguments=-XX:G1HeapRegionSize=32M --add-modules=jdk.incubator.vector --sun-misc-unsafe-memory-access=allow -Dairlift.quiet=true -XX:-HeapDumpOnOutOfMemoryError' -Dtrino.test.nitro-parquet-data=/root/data/tpch-parquet-sf10/sf10 -Dtrino.test.nitro-tpch-performance-sweep=true -Dtrino.test.nitro-count-engine=nitro -Dtrino.test.nitro-tpch-first-query=q05 -Dtrino.test.nitro-tpch-last-query=q10 -Dtrino.test.nitro-count-warmups=5 -Dtrino.test.nitro-count-measurements=1 -Dtrino.test.nitro-query-max-memory=8GB -Dtrino.test.nitro-print-operator-cpu=true test" <not executed on terminal>]
[INFO] Enabling strict checksum verification on all artifact downloads.
[INFO] Processing build on daemon 0e8f222a
[INFO] Scanning for projects...
[INFO] Loaded 0 groupId for remote repository maven-central
[INFO] Loaded 0 groupId for remote repository google-maven-central-copy
[INFO] Njord 0.9.9 session created
[INFO] BuildTimeEventSpy is registered.
[INFO] 
[INFO] Using the SmartBuilder implementation with a thread count of 7
[INFO] 
[INFO] ------------------------< io.trino:trino-tests >------------------------
[INFO] Building trino-tests 484-SNAPSHOT
[INFO]   from pom.xml
[INFO] --------------------------------[ jar ]---------------------------------
[INFO] Loaded 0 groupId for remote repository ossrh
[INFO] Loaded 0 groupId for remote repository repo.gradle.org
[INFO] Loaded 0 groupId for remote repository central.maven.org
[INFO] 
[INFO] --- git-commit-id:10.0.0:revision (default) @ trino-tests ---
[INFO] 
[INFO] --- build-helper:3.6.1:bsh-property (surefire-enable-preview) @ trino-tests ---
[INFO] 
[INFO] --- resources:3.5.0:resources (default-resources) @ trino-tests ---
[INFO] skip non existing resourceDirectory /root/notes/trino.nitro/testing/trino-tests/src/main/resources
[INFO] 
[INFO] --- compiler:3.15.0:compile (default-compile) @ trino-tests ---
[INFO] Nothing to compile - all classes are up to date.
[INFO] 
[INFO] --- resources:3.5.0:testResources (default-testResources) @ trino-tests ---
[INFO] Copying 266 resources from src/test/resources to target/test-classes
[INFO] 
[INFO] --- compiler:3.15.0:testCompile (default-testCompile) @ trino-tests ---
[INFO] Nothing to compile - all classes are up to date.
[INFO] 
[INFO] --- modernizer:3.4.0:modernizer (modernizer) @ trino-tests ---
[INFO] Skipping modernizer execution!
[INFO] 
[INFO] --- modernizer:3.4.0:modernizer (modernizer-production-code) @ trino-tests ---
[INFO] Skipping modernizer execution!
[INFO] 
[INFO] --- dependency:3.11.0:analyze-only (default) @ trino-tests ---
[INFO] Skipping plugin execution
[INFO] 
[INFO] --- dependency:3.11.0:analyze-duplicate (default) @ trino-tests ---
[INFO] Skipping plugin execution
[INFO] 
[INFO] --- duplicate-finder:2.0.1:check (default) @ trino-tests ---
[INFO] Skipping duplicate-finder execution!
[INFO] 
[INFO] --- surefire:3.5.6:test (default-test) @ trino-tests ---
[INFO] Tests will run in random order. To reproduce ordering use flag -Dsurefire.runOrder.random.seed=4941351270731367
[INFO] Using auto detected provider org.apache.maven.surefire.junitplatform.JUnitPlatformProvider
[INFO] 
[INFO] -------------------------------------------------------
[INFO]  T E S T S
[INFO] -------------------------------------------------------
[WARNING] [stderr] WARNING: Using incubator modules: jdk.incubator.vector
[WARNING] [stderr] 2026-08-12T23:21:11.186-0600	INFO	ForkJoinPool-1-worker-1	io.airlift.log.Logging	Logging to stderr
[INFO] Running io.trino.tests.nitro.TestNitroParquetCountPerformance
[WARNING] [stderr] 2026-08-12T23:21:12.085-0600	INFO	ForkJoinPool-1-worker-1	io.trino.simd.BlockEncodingSimdSupport	Detected SIMD Support for architecture=amd64, vectorBitWidth=512: SimdSupport[capabilities=[COMPRESS_BYTE, EXPAND_BYTE, COMPRESS_SHORT, EXPAND_SHORT, COMPRESS_INT, EXPAND_INT, COMPRESS_LONG, EXPAND_LONG]]
[WARNING] [stderr] WARNING: A restricted method in java.lang.System has been called
[WARNING] [stderr] WARNING: java.lang.System::loadLibrary has been called by com.aayushatharva.brotli4j.Brotli4jLoader in an unnamed module (file:/root/.m2/repository/com/aayushatharva/brotli4j/brotli4j/1.23.0/brotli4j-1.23.0.jar)
[WARNING] [stderr] WARNING: Use --enable-native-access=ALL-UNNAMED to avoid a warning for callers in this module
[WARNING] [stderr] WARNING: Restricted methods will be blocked in a future release unless native access is enabled
[WARNING] [stderr] 
[WARNING] [stderr] 2026-08-12T23:21:13.464-0600	INFO	ForkJoinPool-1-worker-1	io.trino.testing.DistributedQueryRunner	Created DistributedQueryRunner in 1.96s (unclosed instances = 1)
[WARNING] [stderr] 2026-08-12T23:21:20.772-0600	INFO	ForkJoinPool-1-worker-1	stdout	engine,suite,query,measurements,min_ms,p50_ms,p95_ms,mean_ms,cpu_p50_ms,cpu_mean_ms,cpu_over_wall,input_mib,input_positions,nitro_source_drivers,native_sources
[WARNING] [stderr] 2026-08-12T23:21:25.642-0600	INFO	ForkJoinPool-1-worker-1	stdout	operator_cpu,nitro,tpch-parquet-sf10,q05,0,MergeOperator,1,0.000,0.119,0.000,0,5,5,518.730,0.001,0.000
[WARNING] [stderr] 2026-08-12T23:21:25.642-0600	INFO	ForkJoinPool-1-worker-1	stdout	operator_cpu,nitro,tpch-parquet-sf10,q05,0,TaskOutputOperator,17,3.518,0.000,0.048,0,857062,857062,0.000,0.000,0.000
[WARNING] [stderr] 2026-08-12T23:21:25.642-0600	INFO	ForkJoinPool-1-worker-1	stdout	operator_cpu,nitro,tpch-parquet-sf10,q05,0,ExchangeOperator,14,0.000,5.469,0.000,0,1714189,1714189,2317.510,1.822,0.000
[WARNING] [stderr] 2026-08-12T23:21:25.642-0600	INFO	ForkJoinPool-1-worker-1	stdout	operator_cpu,nitro,tpch-parquet-sf10,q05,0,LocalMergeSourceOperator,2,0.000,0.106,0.000,0,5,5,1047.220,0.001,0.000
[WARNING] [stderr] 2026-08-12T23:21:25.642-0600	INFO	ForkJoinPool-1-worker-1	stdout	operator_cpu,nitro,tpch-parquet-sf10,q05,0,LocalExchangeSinkOperator,14,1.025,0.000,0.273,0,1714189,1714189,0.000,0.000,0.000
[WARNING] [stderr] 2026-08-12T23:21:25.642-0600	INFO	ForkJoinPool-1-worker-1	stdout	operator_cpu,nitro,tpch-parquet-sf10,q05,0,TrinoNitroSortOperator,2,0.090,0.132,0.008,0,5,5,0.000,6.441,0.000
[WARNING] [stderr] 2026-08-12T23:21:25.642-0600	INFO	ForkJoinPool-1-worker-1	stdout	operator_cpu,nitro,tpch-parquet-sf10,q05,0,LocalExchangeSourceOperator,12,0.000,0.486,0.000,0,1714184,1714184,1429.830,0.000,0.000
[WARNING] [stderr] 2026-08-12T23:21:25.642-0600	INFO	ForkJoinPool-1-worker-1	stdout	operator_cpu,nitro,tpch-parquet-sf10,q05,0,TrinoNitroAggregationOperator,21,2.315,22.906,2.993,0,73075,95,0.000,2.313,0.000
[WARNING] [stderr] 2026-08-12T23:21:25.642-0600	INFO	ForkJoinPool-1-worker-1	stdout	operator_cpu,nitro,tpch-parquet-sf10,q05,0,TrinoNitroPipelineSourceOperator,31,0.000,1718.343,0.000,76586082,62662271,2682903,1570.630,8.212,0.000
[WARNING] [stderr] 2026-08-12T23:21:25.642-0600	INFO	ForkJoinPool-1-worker-1	stdout	operator_cpu,nitro,tpch-parquet-sf10,q05,0,DynamicFilterSourceOperator,10,10.868,0.335,0.592,0,1714094,1714094,0.000,0.563,0.000
[WARNING] [stderr] 2026-08-12T23:21:25.642-0600	INFO	ForkJoinPool-1-worker-1	stdout	operator_cpu,nitro,tpch-parquet-sf10,q05,0,PartitionedOutputOperator,19,1.574,0.000,1.378,0,90,90,0.000,0.000,0.000
[WARNING] [stderr] 2026-08-12T23:21:25.642-0600	INFO	ForkJoinPool-1-worker-1	stdout	operator_cpu,nitro,tpch-parquet-sf10,q05,0,TrinoNitroHashJoinOperator,19,1.891,261.450,0.036,0,1825856,72985,68.870,3.475,0.000
[WARNING] [stderr] 2026-08-12T23:21:25.642-0600	INFO	ForkJoinPool-1-worker-1	stdout	operator_cpu,nitro,tpch-parquet-sf10,q05,0,TrinoNitroHashBuildOperator,10,1.110,0.000,60.527,0,1714094,0,1713.790,56.872,0.000
[WARNING] [stderr] 2026-08-12T23:21:25.643-0600	INFO	ForkJoinPool-1-worker-1	stdout	operator_metric,nitro,tpch-parquet-sf10,q05,0,TrinoNitroAggregationOperator,nitroBoundaryPageEgressPages,2
[WARNING] [stderr] 2026-08-12T23:21:25.643-0600	INFO	ForkJoinPool-1-worker-1	stdout	operator_metric,nitro,tpch-parquet-sf10,q05,0,TrinoNitroAggregationOperator,nitroBoundaryPageIngressPages,28
[WARNING] [stderr] 2026-08-12T23:21:25.643-0600	INFO	ForkJoinPool-1-worker-1	stdout	operator_metric,nitro,tpch-parquet-sf10,q05,0,TrinoNitroAggregationOperator,nitroAggregationInitialKeyNanos,0
[WARNING] [stderr] 2026-08-12T23:21:25.643-0600	INFO	ForkJoinPool-1-worker-1	stdout	operator_metric,nitro,tpch-parquet-sf10,q05,0,TrinoNitroAggregationOperator,nitroAggregationInitialEncodedKeyNanos,0
[WARNING] [stderr] 2026-08-12T23:21:25.643-0600	INFO	ForkJoinPool-1-worker-1	stdout	operator_metric,nitro,tpch-parquet-sf10,q05,0,TrinoNitroAggregationOperator,nitroAggregationOutputNanos,426425
[WARNING] [stderr] 2026-08-12T23:21:25.643-0600	INFO	ForkJoinPool-1-worker-1	stdout	operator_metric,nitro,tpch-parquet-sf10,q05,0,TrinoNitroAggregationOperator,nitroAggregationPipelineNanos,779456
[WARNING] [stderr] 2026-08-12T23:21:25.643-0600	INFO	ForkJoinPool-1-worker-1	stdout	operator_metric,nitro,tpch-parquet-sf10,q05,0,TrinoNitroAggregationOperator,nitroAggregationGroupingNanos,6215266
[WARNING] [stderr] 2026-08-12T23:21:25.643-0600	INFO	ForkJoinPool-1-worker-1	stdout	operator_metric,nitro,tpch-parquet-sf10,q05,0,TrinoNitroAggregationOperator,nitroAggregationAccumulationNanos,5610721
[WARNING] [stderr] 2026-08-12T23:21:25.643-0600	INFO	ForkJoinPool-1-worker-1	stdout	operator_metric,nitro,tpch-parquet-sf10,q05,0,TrinoNitroAggregationOperator,nitroBoundaryNativeEgressDictionaryChannelPositions,0
[WARNING] [stderr] 2026-08-12T23:21:25.643-0600	INFO	ForkJoinPool-1-worker-1	stdout	operator_metric,nitro,tpch-parquet-sf10,q05,0,TrinoNitroAggregationOperator,nitroAggregationFusedNanos,0
[WARNING] [stderr] 2026-08-12T23:21:25.643-0600	INFO	ForkJoinPool-1-worker-1	stdout	operator_metric,nitro,tpch-parquet-sf10,q05,0,TrinoNitroAggregationOperator,nitroBoundaryPageEgressBytes,101
[WARNING] [stderr] 2026-08-12T23:21:25.643-0600	INFO	ForkJoinPool-1-worker-1	stdout	operator_metric,nitro,tpch-parquet-sf10,q05,0,TrinoNitroAggregationOperator,nitroAggregationFlushNanos,0
[WARNING] [stderr] 2026-08-12T23:21:25.643-0600	INFO	ForkJoinPool-1-worker-1	stdout	operator_metric,nitro,tpch-parquet-sf10,q05,0,TrinoNitroAggregationOperator,nitroBoundaryPageEgressPositions,5
[WARNING] [stderr] 2026-08-12T23:21:25.643-0600	INFO	ForkJoinPool-1-worker-1	stdout	operator_metric,nitro,tpch-parquet-sf10,q05,0,TrinoNitroAggregationOperator,nitroBoundaryPageIngressBytes,1818
[WARNING] [stderr] 2026-08-12T23:21:25.643-0600	INFO	ForkJoinPool-1-worker-1	stdout	operator_metric,nitro,tpch-parquet-sf10,q05,0,TrinoNitroAggregationOperator,nitroBoundaryPageIngressPositions,90
[WARNING] [stderr] 2026-08-12T23:21:25.643-0600	INFO	ForkJoinPool-1-worker-1	stdout	operator_metric,nitro,tpch-parquet-sf10,q05,0,TrinoNitroAggregationOperator,nitroBoundaryPageIngressDictionaryChannelPositions,0
[WARNING] [stderr] 2026-08-12T23:21:25.643-0600	INFO	ForkJoinPool-1-worker-1	stdout	operator_metric,nitro,tpch-parquet-sf10,q05,0,TrinoNitroAggregationOperator,nitroAggregationInputNanos,16522845
[WARNING] [stderr] 2026-08-12T23:21:25.643-0600	INFO	ForkJoinPool-1-worker-1	stdout	operator_metric,nitro,tpch-parquet-sf10,q05,0,TrinoNitroAggregationOperator,nitroBoundaryPageEgressDictionaryChannelPositions,0
[WARNING] [stderr] 2026-08-12T23:21:25.643-0600	INFO	ForkJoinPool-1-worker-1	stdout	operator_metric,nitro,tpch-parquet-sf10,q05,0,TrinoNitroAggregationOperator,nitroAggregationInitialAggregationNanos,0
[WARNING] [stderr] 2026-08-12T23:21:25.643-0600	INFO	ForkJoinPool-1-worker-1	stdout	operator_metric,nitro,tpch-parquet-sf10,q05,0,TrinoNitroAggregationOperator,nitroBoundaryPageEgressRunLengthChannelPositions,0
[WARNING] [stderr] 2026-08-12T23:21:25.643-0600	INFO	ForkJoinPool-1-worker-1	stdout	operator_metric,nitro,tpch-parquet-sf10,q05,0,TrinoNitroAggregationOperator,nitroBoundaryPageIngressRunLengthChannelPositions,0
[WARNING] [stderr] 2026-08-12T23:21:25.643-0600	INFO	ForkJoinPool-1-worker-1	stdout	operator_metric,nitro,tpch-parquet-sf10,q05,0,TrinoNitroAggregationOperator,nitroAggregationInitialFlatKeyNanos,0
[WARNING] [stderr] 2026-08-12T23:21:25.643-0600	INFO	ForkJoinPool-1-worker-1	stdout	operator_metric,nitro,tpch-parquet-sf10,q05,0,TrinoNitroAggregationOperator,nitroBoundaryNativeEgressFlatChannelPositions,10
[WARNING] [stderr] 2026-08-12T23:21:25.643-0600	INFO	ForkJoinPool-1-worker-1	stdout	operator_metric,nitro,tpch-parquet-sf10,q05,0,TrinoNitroAggregationOperator,nitroAggregationStatePreparationNanos,487999
[WARNING] [stderr] 2026-08-12T23:21:25.643-0600	INFO	ForkJoinPool-1-worker-1	stdout	operator_metric,nitro,tpch-parquet-sf10,q05,0,TrinoNitroAggregationOperator,nitroBoundaryNativeEgressRunLengthChannelPositions,0
[WARNING] [stderr] 2026-08-12T23:21:25.643-0600	INFO	ForkJoinPool-1-worker-1	stdout	operator_metric,nitro,tpch-parquet-sf10,q05,0,TrinoNitroAggregationOperator,nitroBoundaryPageIngressFlatChannelPositions,180
[WARNING] [stderr] 2026-08-12T23:21:25.643-0600	INFO	ForkJoinPool-1-worker-1	stdout	operator_metric,nitro,tpch-parquet-sf10,q05,0,TrinoNitroAggregationOperator,nitroBoundaryPageEgressFlatChannelPositions,10
[WARNING] [stderr] 2026-08-12T23:21:25.643-0600	INFO	ForkJoinPool-1-worker-1	stdout	operator_metric,nitro,tpch-parquet-sf10,q05,0,TrinoNitroAggregationOperator,nitroBoundaryNativeExchangePositions,90
[WARNING] [stderr] 2026-08-12T23:21:25.643-0600	INFO	ForkJoinPool-1-worker-1	stdout	operator_metric,nitro,tpch-parquet-sf10,q05,0,TrinoNitroAggregationOperator,nitroProjectionRunLengthInputPositions,0
[WARNING] [stderr] 2026-08-12T23:21:25.643-0600	INFO	ForkJoinPool-1-worker-1	stdout	operator_metric,nitro,tpch-parquet-sf10,q05,0,TrinoNitroAggregationOperator,nitroProjectionGeneratedOutputs,19
[WARNING] [stderr] 2026-08-12T23:21:25.643-0600	INFO	ForkJoinPool-1-worker-1	stdout	operator_metric,nitro,tpch-parquet-sf10,q05,0,TrinoNitroAggregationOperator,nitroProjectionGeneratedErrorFallbacks,0
[WARNING] [stderr] 2026-08-12T23:21:25.643-0600	INFO	ForkJoinPool-1-worker-1	stdout	operator_metric,nitro,tpch-parquet-sf10,q05,0,TrinoNitroAggregationOperator,nitroProjectionDictionaryFlatteningPositions,0
[WARNING] [stderr] 2026-08-12T23:21:25.643-0600	INFO	ForkJoinPool-1-worker-1	stdout	operator_metric,nitro,tpch-parquet-sf10,q05,0,TrinoNitroAggregationOperator,nitroProjectionGeneratedAttempts,1538
[WARNING] [stderr] 2026-08-12T23:21:25.643-0600	INFO	ForkJoinPool-1-worker-1	stdout	operator_metric,nitro,tpch-parquet-sf10,q05,0,TrinoNitroAggregationOperator,nitroProjectionGeneratedKernels,19
[WARNING] [stderr] 2026-08-12T23:21:25.643-0600	INFO	ForkJoinPool-1-worker-1	stdout	operator_metric,nitro,tpch-parquet-sf10,q05,0,TrinoNitroAggregationOperator,nitroProjectionIntegerWideningPositions,0
[WARNING] [stderr] 2026-08-12T23:21:25.643-0600	INFO	ForkJoinPool-1-worker-1	stdout	operator_metric,nitro,tpch-parquet-sf10,q05,0,TrinoNitroAggregationOperator,nitroProjectionGeneratedSuccesses,1538
[WARNING] [stderr] 2026-08-12T23:21:25.643-0600	INFO	ForkJoinPool-1-worker-1	stdout	operator_metric,nitro,tpch-parquet-sf10,q05,0,TrinoNitroAggregationOperator,nitroBoundaryNativeExchangeBatches,18
[WARNING] [stderr] 2026-08-12T23:21:25.643-0600	INFO	ForkJoinPool-1-worker-1	stdout	operator_metric,nitro,tpch-parquet-sf10,q05,0,TrinoNitroAggregationOperator,nitroProjectionOtherNullExpansionPositions,0
[WARNING] [stderr] 2026-08-12T23:21:25.643-0600	INFO	ForkJoinPool-1-worker-1	stdout	operator_metric,nitro,tpch-parquet-sf10,q05,0,TrinoNitroAggregationOperator,nitroProjectionOtherInputPositions,0
[WARNING] [stderr] 2026-08-12T23:21:25.643-0600	INFO	ForkJoinPool-1-worker-1	stdout	operator_metric,nitro,tpch-parquet-sf10,q05,0,TrinoNitroAggregationOperator,nitroProjectionDictionaryInputPositions,0
[WARNING] [stderr] 2026-08-12T23:21:25.643-0600	INFO	ForkJoinPool-1-worker-1	stdout	operator_metric,nitro,tpch-parquet-sf10,q05,0,TrinoNitroAggregationOperator,nitroBoundaryNativeExchangeMaximumBatchBytes,526404
[WARNING] [stderr] 2026-08-12T23:21:25.643-0600	INFO	ForkJoinPool-1-worker-1	stdout	operator_metric,nitro,tpch-parquet-sf10,q05,0,TrinoNitroAggregationOperator,nitroBoundaryNativeExchangeMaximumChannel1Bytes,810
[WARNING] [stderr] 2026-08-12T23:21:25.643-0600	INFO	ForkJoinPool-1-worker-1	stdout	operator_metric,nitro,tpch-parquet-sf10,q05,0,TrinoNitroAggregationOperator,nitroProjectionPlannedComputedOutputs,19
[WARNING] [stderr] 2026-08-12T23:21:25.643-0600	INFO	ForkJoinPool-1-worker-1	stdout	operator_metric,nitro,tpch-parquet-sf10,q05,0,TrinoNitroAggregationOperator,nitroProjectionFlatInputPositions,145970
[WARNING] [stderr] 2026-08-12T23:21:25.644-0600	INFO	ForkJoinPool-1-worker-1	stdout	operator_metric,nitro,tpch-parquet-sf10,q05,0,TrinoNitroAggregationOperator,nitroProjectionDictionaryNullExpansionPositions,0
[WARNING] [stderr] 2026-08-12T23:21:25.644-0600	INFO	ForkJoinPool-1-worker-1	stdout	operator_metric,nitro,tpch-parquet-sf10,q05,0,TrinoNitroAggregationOperator,nitroProjectionPlannedAssignments,57
[WARNING] [stderr] 2026-08-12T23:21:25.644-0600	INFO	ForkJoinPool-1-worker-1	stdout	operator_metric,nitro,tpch-parquet-sf10,q05,0,TrinoNitroAggregationOperator,nitroProjectionGeneratedSelectedPositions,72985
[WARNING] [stderr] 2026-08-12T23:21:25.644-0600	INFO	ForkJoinPool-1-worker-1	stdout	operator_metric,nitro,tpch-parquet-sf10,q05,0,TrinoNitroAggregationOperator,nitroBoundaryNativeExchangeBytes,526404
[WARNING] [stderr] 2026-08-12T23:21:25.644-0600	INFO	ForkJoinPool-1-worker-1	stdout	operator_metric,nitro,tpch-parquet-sf10,q05,0,TrinoNitroAggregationOperator,nitroProjectionGeneratedLayoutFallbacks,0
[WARNING] [stderr] 2026-08-12T23:21:25.644-0600	INFO	ForkJoinPool-1-worker-1	stdout	operator_metric,nitro,tpch-parquet-sf10,q05,0,TrinoNitroAggregationOperator,nitroBoundaryNativeExchangeMaximumChannel0Bytes,525594
[WARNING] [stderr] 2026-08-12T23:21:25.644-0600	INFO	ForkJoinPool-1-worker-1	stdout	operator_metric,nitro,tpch-parquet-sf10,q05,0,TrinoNitroPipelineSourceOperator,nitroBoundaryNativeEgressFlatChannelPositions,1257445
[WARNING] [stderr] 2026-08-12T23:21:25.644-0600	INFO	ForkJoinPool-1-worker-1	stdout	operator_metric,nitro,tpch-parquet-sf10,q05,0,TrinoNitroPipelineSourceOperator,nitroAllocatorAllocatedBytes.HashJoinOperatorIndex,4224
[WARNING] [stderr] 2026-08-12T23:21:25.644-0600	INFO	ForkJoinPool-1-worker-1	stdout	operator_metric,nitro,tpch-parquet-sf10,q05,0,TrinoNitroPipelineSourceOperator,nitroAllocatorAllocatedBytes.NitroParquetBatchSource,63340397
[WARNING] [stderr] 2026-08-12T23:21:25.644-0600	INFO	ForkJoinPool-1-worker-1	stdout	operator_metric,nitro,tpch-parquet-sf10,q05,0,TrinoNitroPipelineSourceOperator,nitroBoundaryNativeExchangeBytes,18859343609
[WARNING] [stderr] 2026-08-12T23:21:25.644-0600	INFO	ForkJoinPool-1-worker-1	stdout	operator_metric,nitro,tpch-parquet-sf10,q05,0,TrinoNitroPipelineSourceOperator,nitroBoundaryPageEgressFlatChannelPositions,1257445
[WARNING] [stderr] 2026-08-12T23:21:25.644-0600	INFO	ForkJoinPool-1-worker-1	stdout	operator_metric,nitro,tpch-parquet-sf10,q05,0,TrinoNitroPipelineSourceOperator,nitroBoundaryNativeExchangeCaptureFallbackPositions,41
[WARNING] [stderr] 2026-08-12T23:21:25.644-0600	INFO	ForkJoinPool-1-worker-1	stdout	operator_metric,nitro,tpch-parquet-sf10,q05,0,TrinoNitroPipelineSourceOperator,nitroAllocatorAllocatedVectorBytes.DictionaryVector,20663176
[WARNING] [stderr] 2026-08-12T23:21:25.644-0600	INFO	ForkJoinPool-1-worker-1	stdout	operator_metric,nitro,tpch-parquet-sf10,q05,0,TrinoNitroPipelineSourceOperator,nitroAllocatorAllocatedBytes,182132402
[WARNING] [stderr] 2026-08-12T23:21:25.644-0600	INFO	ForkJoinPool-1-worker-1	stdout	operator_metric,nitro,tpch-parquet-sf10,q05,0,TrinoNitroPipelineSourceOperator,nitroBoundaryNativeEgressRunLengthChannelPositions,0
[WARNING] [stderr] 2026-08-12T23:21:25.644-0600	INFO	ForkJoinPool-1-worker-1	stdout	operator_metric,nitro,tpch-parquet-sf10,q05,0,TrinoNitroPipelineSourceOperator,nitroBoundaryPageEgressBytes,28764304
[WARNING] [stderr] 2026-08-12T23:21:25.644-0600	INFO	ForkJoinPool-1-worker-1	stdout	operator_metric,nitro,tpch-parquet-sf10,q05,0,TrinoNitroPipelineSourceOperator,nitroBoundaryPageEgressDictionaryChannelPositions,1213894
[WARNING] [stderr] 2026-08-12T23:21:25.644-0600	INFO	ForkJoinPool-1-worker-1	stdout	operator_metric,nitro,tpch-parquet-sf10,q05,0,TrinoNitroPipelineSourceOperator,nitroAllocatorAllocatedVectorBytes.RleVector,31844
[WARNING] [stderr] 2026-08-12T23:21:25.644-0600	INFO	ForkJoinPool-1-worker-1	stdout	operator_metric,nitro,tpch-parquet-sf10,q05,0,TrinoNitroPipelineSourceOperator,nitroAllocatorAllocatedVectorBytes.BooleanVector,5652009
[WARNING] [stderr] 2026-08-12T23:21:25.644-0600	INFO	ForkJoinPool-1-worker-1	stdout	operator_metric,nitro,tpch-parquet-sf10,q05,0,TrinoNitroPipelineSourceOperator,nitroAllocatorAllocatedBytes.HashJoinOperatorBuild,0
[WARNING] [stderr] 2026-08-12T23:21:25.644-0600	INFO	ForkJoinPool-1-worker-1	stdout	operator_metric,nitro,tpch-parquet-sf10,q05,0,TrinoNitroPipelineSourceOperator,nitroAllocatorAllocatedBytes.HashJoinOperator,118787777
[WARNING] [stderr] 2026-08-12T23:21:25.644-0600	INFO	ForkJoinPool-1-worker-1	stdout	operator_metric,nitro,tpch-parquet-sf10,q05,0,TrinoNitroPipelineSourceOperator,nitroBoundaryPageEgressRunLengthChannelPositions,0
[WARNING] [stderr] 2026-08-12T23:21:25.644-0600	INFO	ForkJoinPool-1-worker-1	stdout	operator_metric,nitro,tpch-parquet-sf10,q05,0,TrinoNitroPipelineSourceOperator,nitroBoundaryPageEgressPages,113
[WARNING] [stderr] 2026-08-12T23:21:25.644-0600	INFO	ForkJoinPool-1-worker-1	stdout	operator_metric,nitro,tpch-parquet-sf10,q05,0,TrinoNitroPipelineSourceOperator,nitroAllocatorAllocatedVectorBytes.I64Vector,43578544
[WARNING] [stderr] 2026-08-12T23:21:25.644-0600	INFO	ForkJoinPool-1-worker-1	stdout	operator_metric,nitro,tpch-parquet-sf10,q05,0,TrinoNitroPipelineSourceOperator,nitroBoundaryNativeExchangeCaptureFallbackBatches,1
[WARNING] [stderr] 2026-08-12T23:21:25.644-0600	INFO	ForkJoinPool-1-worker-1	stdout	operator_metric,nitro,tpch-parquet-sf10,q05,0,TrinoNitroPipelineSourceOperator,nitroAllocatorAllocatedVectorBytes,152517646
[WARNING] [stderr] 2026-08-12T23:21:25.644-0600	INFO	ForkJoinPool-1-worker-1	stdout	operator_metric,nitro,tpch-parquet-sf10,q05,0,TrinoNitroPipelineSourceOperator,nitroBoundaryNativeExchangePositions,1825815
[WARNING] [stderr] 2026-08-12T23:21:25.644-0600	INFO	ForkJoinPool-1-worker-1	stdout	operator_metric,nitro,tpch-parquet-sf10,q05,0,TrinoNitroPipelineSourceOperator,nitroOperatorConstructionNanos,1847635
[WARNING] [stderr] 2026-08-12T23:21:25.644-0600	INFO	ForkJoinPool-1-worker-1	stdout	operator_metric,nitro,tpch-parquet-sf10,q05,0,TrinoNitroPipelineSourceOperator,nitroBoundaryNativeEgressDictionaryChannelPositions,1213894
[WARNING] [stderr] 2026-08-12T23:21:25.644-0600	INFO	ForkJoinPool-1-worker-1	stdout	operator_metric,nitro,tpch-parquet-sf10,q05,0,TrinoNitroPipelineSourceOperator,nitroBoundaryNativeExchangeMaximumBatchBytes,220992034
[WARNING] [stderr] 2026-08-12T23:21:25.644-0600	INFO	ForkJoinPool-1-worker-1	stdout	operator_metric,nitro,tpch-parquet-sf10,q05,0,TrinoNitroPipelineSourceOperator,nitroBoundaryPageEgressPositions,857088
[WARNING] [stderr] 2026-08-12T23:21:25.644-0600	INFO	ForkJoinPool-1-worker-1	stdout	operator_metric,nitro,tpch-parquet-sf10,q05,0,TrinoNitroPipelineSourceOperator,nitroAllocatorAllocatedVectorBytes.BinaryVector,33761545
[WARNING] [stderr] 2026-08-12T23:21:25.644-0600	INFO	ForkJoinPool-1-worker-1	stdout	operator_metric,nitro,tpch-parquet-sf10,q05,0,TrinoNitroPipelineSourceOperator,nitroBoundaryNativeExchangeBatches,1537
[WARNING] [stderr] 2026-08-12T23:21:25.644-0600	INFO	ForkJoinPool-1-worker-1	stdout	operator_metric,nitro,tpch-parquet-sf10,q05,0,TrinoNitroPipelineSourceOperator,nitroAllocatorAllocatedVectorBytes.F64Vector,47870528
[WARNING] [stderr] 2026-08-12T23:21:25.644-0600	INFO	ForkJoinPool-1-worker-1	stdout	operator_metric,nitro,tpch-parquet-sf10,q05,0,TrinoNitroPipelineSourceOperator,nitroNativeSourceCreationNanos,8159823
[WARNING] [stderr] 2026-08-12T23:21:25.644-0600	INFO	ForkJoinPool-1-worker-1	stdout	operator_metric,nitro,tpch-parquet-sf10,q05,0,TrinoNitroPipelineSourceOperator,nitroAllocatorAllocatedBytes.trino-native-source-ingress,0
[WARNING] [stderr] 2026-08-12T23:21:25.644-0600	INFO	ForkJoinPool-1-worker-1	stdout	operator_metric,nitro,tpch-parquet-sf10,q05,0,TrinoNitroPipelineSourceOperator,nitroProjectionDictionaryFlatteningPositions,0
[WARNING] [stderr] 2026-08-12T23:21:25.644-0600	INFO	ForkJoinPool-1-worker-1	stdout	operator_metric,nitro,tpch-parquet-sf10,q05,0,TrinoNitroPipelineSourceOperator,nitroProjectionGeneratedOutputs,0
[WARNING] [stderr] 2026-08-12T23:21:25.644-0600	INFO	ForkJoinPool-1-worker-1	stdout	operator_metric,nitro,tpch-parquet-sf10,q05,0,TrinoNitroPipelineSourceOperator,nitroProjectionGeneratedLayoutFallbacks,0
[WARNING] [stderr] 2026-08-12T23:21:25.644-0600	INFO	ForkJoinPool-1-worker-1	stdout	operator_metric,nitro,tpch-parquet-sf10,q05,0,TrinoNitroPipelineSourceOperator,nitroFilterPrimitiveMaskFallbacks,0
[WARNING] [stderr] 2026-08-12T23:21:25.644-0600	INFO	ForkJoinPool-1-worker-1	stdout	operator_metric,nitro,tpch-parquet-sf10,q05,0,TrinoNitroPipelineSourceOperator,nitroFilterCompiledMaskAttempts,1
[WARNING] [stderr] 2026-08-12T23:21:25.644-0600	INFO	ForkJoinPool-1-worker-1	stdout	operator_metric,nitro,tpch-parquet-sf10,q05,0,TrinoNitroPipelineSourceOperator,nitroFilterPlannedSourceMaskOptimizations,0
[WARNING] [stderr] 2026-08-12T23:21:25.644-0600	INFO	ForkJoinPool-1-worker-1	stdout	operator_metric,nitro,tpch-parquet-sf10,q05,0,TrinoNitroPipelineSourceOperator,nitroProjectionGeneratedAttempts,0
[WARNING] [stderr] 2026-08-12T23:21:25.644-0600	INFO	ForkJoinPool-1-worker-1	stdout	operator_metric,nitro,tpch-parquet-sf10,q05,0,TrinoNitroPipelineSourceOperator,nitroProjectionGeneratedSelectedPositions,0
[WARNING] [stderr] 2026-08-12T23:21:25.644-0600	INFO	ForkJoinPool-1-worker-1	stdout	operator_metric,nitro,tpch-parquet-sf10,q05,0,TrinoNitroPipelineSourceOperator,nitroAllocatorAllocatedBytes.ProjectOperator,4
[WARNING] [stderr] 2026-08-12T23:21:25.644-0600	INFO	ForkJoinPool-1-worker-1	stdout	operator_metric,nitro,tpch-parquet-sf10,q05,0,TrinoNitroPipelineSourceOperator,nitroAllocatorAllocatedBytes.FilterOperator,0
[WARNING] [stderr] 2026-08-12T23:21:25.644-0600	INFO	ForkJoinPool-1-worker-1	stdout	operator_metric,nitro,tpch-parquet-sf10,q05,0,TrinoNitroPipelineSourceOperator,nitroFilterPlannedAssignments,32
[WARNING] [stderr] 2026-08-12T23:21:25.644-0600	INFO	ForkJoinPool-1-worker-1	stdout	operator_metric,nitro,tpch-parquet-sf10,q05,0,TrinoNitroPipelineSourceOperator,nitroProjectionDictionaryNullExpansionPositions,0
[WARNING] [stderr] 2026-08-12T23:21:25.644-0600	INFO	ForkJoinPool-1-worker-1	stdout	operator_metric,nitro,tpch-parquet-sf10,q05,0,TrinoNitroPipelineSourceOperator,nitroFilterPrimitiveMaskSuccesses,0
[WARNING] [stderr] 2026-08-12T23:21:25.644-0600	INFO	ForkJoinPool-1-worker-1	stdout	operator_metric,nitro,tpch-parquet-sf10,q05,0,TrinoNitroPipelineSourceOperator,nitroProjectionPlannedComputedOutputs,0
[WARNING] [stderr] 2026-08-12T23:21:25.644-0600	INFO	ForkJoinPool-1-worker-1	stdout	operator_metric,nitro,tpch-parquet-sf10,q05,0,TrinoNitroPipelineSourceOperator,nitroProjectionOtherInputPositions,0
[WARNING] [stderr] 2026-08-12T23:21:25.644-0600	INFO	ForkJoinPool-1-worker-1	stdout	operator_metric,nitro,tpch-parquet-sf10,q05,0,TrinoNitroPipelineSourceOperator,nitroProjectionGeneratedErrorFallbacks,0
[WARNING] [stderr] 2026-08-12T23:21:25.644-0600	INFO	ForkJoinPool-1-worker-1	stdout	operator_metric,nitro,tpch-parquet-sf10,q05,0,TrinoNitroPipelineSourceOperator,nitroProjectionPlannedAssignments,0
[WARNING] [stderr] 2026-08-12T23:21:25.644-0600	INFO	ForkJoinPool-1-worker-1	stdout	operator_metric,nitro,tpch-parquet-sf10,q05,0,TrinoNitroPipelineSourceOperator,nitroProjectionRunLengthInputPositions,0
[WARNING] [stderr] 2026-08-12T23:21:25.644-0600	INFO	ForkJoinPool-1-worker-1	stdout	operator_metric,nitro,tpch-parquet-sf10,q05,0,TrinoNitroPipelineSourceOperator,nitroProjectionFlatInputPositions,0
[WARNING] [stderr] 2026-08-12T23:21:25.644-0600	INFO	ForkJoinPool-1-worker-1	stdout	operator_metric,nitro,tpch-parquet-sf10,q05,0,TrinoNitroPipelineSourceOperator,nitroFilterCompiledMaskFallbacks,0
[WARNING] [stderr] 2026-08-12T23:21:25.645-0600	INFO	ForkJoinPool-1-worker-1	stdout	operator_metric,nitro,tpch-parquet-sf10,q05,0,TrinoNitroPipelineSourceOperator,nitroFilterMaterializedMaskFallbacks,0
[WARNING] [stderr] 2026-08-12T23:21:25.645-0600	INFO	ForkJoinPool-1-worker-1	stdout	operator_metric,nitro,tpch-parquet-sf10,q05,0,TrinoNitroPipelineSourceOperator,nitroProjectionGeneratedKernels,0
[WARNING] [stderr] 2026-08-12T23:21:25.645-0600	INFO	ForkJoinPool-1-worker-1	stdout	operator_metric,nitro,tpch-parquet-sf10,q05,0,TrinoNitroPipelineSourceOperator,nitroAllocatorAllocatedVectorBytes.I32Vector,960000
[WARNING] [stderr] 2026-08-12T23:21:25.645-0600	INFO	ForkJoinPool-1-worker-1	stdout	operator_metric,nitro,tpch-parquet-sf10,q05,0,TrinoNitroPipelineSourceOperator,nitroFilterPlannedPreboundMasks,7
[WARNING] [stderr] 2026-08-12T23:21:25.645-0600	INFO	ForkJoinPool-1-worker-1	stdout	operator_metric,nitro,tpch-parquet-sf10,q05,0,TrinoNitroPipelineSourceOperator,nitroProjectionOtherNullExpansionPositions,0
[WARNING] [stderr] 2026-08-12T23:21:25.645-0600	INFO	ForkJoinPool-1-worker-1	stdout	operator_metric,nitro,tpch-parquet-sf10,q05,0,TrinoNitroPipelineSourceOperator,nitroFilterSourceMaskSuccesses,0
[WARNING] [stderr] 2026-08-12T23:21:25.645-0600	INFO	ForkJoinPool-1-worker-1	stdout	operator_metric,nitro,tpch-parquet-sf10,q05,0,TrinoNitroPipelineSourceOperator,nitroFilterOutputPositions,2275920
[WARNING] [stderr] 2026-08-12T23:21:25.645-0600	INFO	ForkJoinPool-1-worker-1	stdout	operator_metric,nitro,tpch-parquet-sf10,q05,0,TrinoNitroPipelineSourceOperator,nitroFilterPrimitiveMaskAttempts,0
[WARNING] [stderr] 2026-08-12T23:21:25.645-0600	INFO	ForkJoinPool-1-worker-1	stdout	operator_metric,nitro,tpch-parquet-sf10,q05,0,TrinoNitroPipelineSourceOperator,nitroFilterInputPositions,2275924
[WARNING] [stderr] 2026-08-12T23:21:25.645-0600	INFO	ForkJoinPool-1-worker-1	stdout	operator_metric,nitro,tpch-parquet-sf10,q05,0,TrinoNitroPipelineSourceOperator,nitroFilterCompiledMaskSuccesses,1
[WARNING] [stderr] 2026-08-12T23:21:25.645-0600	INFO	ForkJoinPool-1-worker-1	stdout	operator_metric,nitro,tpch-parquet-sf10,q05,0,TrinoNitroPipelineSourceOperator,nitroFilterPlannedCompiledMasks,7
[WARNING] [stderr] 2026-08-12T23:21:25.645-0600	INFO	ForkJoinPool-1-worker-1	stdout	operator_metric,nitro,tpch-parquet-sf10,q05,0,TrinoNitroPipelineSourceOperator,nitroProjectionDictionaryInputPositions,0
[WARNING] [stderr] 2026-08-12T23:21:25.645-0600	INFO	ForkJoinPool-1-worker-1	stdout	operator_metric,nitro,tpch-parquet-sf10,q05,0,TrinoNitroPipelineSourceOperator,nitroProjectionIntegerWideningPositions,0
[WARNING] [stderr] 2026-08-12T23:21:25.645-0600	INFO	ForkJoinPool-1-worker-1	stdout	operator_metric,nitro,tpch-parquet-sf10,q05,0,TrinoNitroPipelineSourceOperator,nitroFilterDirectPreboundMaskSuccesses,0
[WARNING] [stderr] 2026-08-12T23:21:25.645-0600	INFO	ForkJoinPool-1-worker-1	stdout	operator_metric,nitro,tpch-parquet-sf10,q05,0,TrinoNitroPipelineSourceOperator,nitroProjectionGeneratedSuccesses,0
[WARNING] [stderr] 2026-08-12T23:21:25.645-0600	INFO	ForkJoinPool-1-worker-1	stdout	operator_metric,nitro,tpch-parquet-sf10,q05,0,PartitionedOutputOperator,nitroExchangeInputFlatChannelPositions,180
[WARNING] [stderr] 2026-08-12T23:21:25.645-0600	INFO	ForkJoinPool-1-worker-1	stdout	operator_metric,nitro,tpch-parquet-sf10,q05,0,PartitionedOutputOperator,nitroExchangeInputDictionaryChannelPositions,0
[WARNING] [stderr] 2026-08-12T23:21:25.645-0600	INFO	ForkJoinPool-1-worker-1	stdout	operator_metric,nitro,tpch-parquet-sf10,q05,0,PartitionedOutputOperator,nitroExchangeInputPages,18
[WARNING] [stderr] 2026-08-12T23:21:25.645-0600	INFO	ForkJoinPool-1-worker-1	stdout	operator_metric,nitro,tpch-parquet-sf10,q05,0,PartitionedOutputOperator,nitroExchangeInputRunLengthChannelPositions,0
[WARNING] [stderr] 2026-08-12T23:21:25.645-0600	INFO	ForkJoinPool-1-worker-1	stdout	operator_metric,nitro,tpch-parquet-sf10,q05,0,PartitionedOutputOperator,nitroExchangeInputPositions,90
[WARNING] [stderr] 2026-08-12T23:21:25.645-0600	INFO	ForkJoinPool-1-worker-1	stdout	operator_metric,nitro,tpch-parquet-sf10,q05,0,PartitionedOutputOperator,nitroExchangeDictionaryUnsupportedPositions,0
[WARNING] [stderr] 2026-08-12T23:21:25.645-0600	INFO	ForkJoinPool-1-worker-1	stdout	operator_metric,nitro,tpch-parquet-sf10,q05,0,PartitionedOutputOperator,nitroExchangeLowDictionaryReusePositions,0
[WARNING] [stderr] 2026-08-12T23:21:25.645-0600	INFO	ForkJoinPool-1-worker-1	stdout	operator_metric,nitro,tpch-parquet-sf10,q05,0,PartitionedOutputOperator,nitroExchangeSmallPagePositions,0
[WARNING] [stderr] 2026-08-12T23:21:25.645-0600	INFO	ForkJoinPool-1-worker-1	stdout	operator_metric,nitro,tpch-parquet-sf10,q05,0,PartitionedOutputOperator,nitroExchangeNoDictionaryPositions,90
[WARNING] [stderr] 2026-08-12T23:21:25.645-0600	INFO	ForkJoinPool-1-worker-1	stdout	operator_metric,nitro,tpch-parquet-sf10,q05,0,PartitionedOutputOperator,nitroExchangePreservedPositions,0
[WARNING] [stderr] 2026-08-12T23:21:25.645-0600	INFO	ForkJoinPool-1-worker-1	stdout	operator_metric,nitro,tpch-parquet-sf10,q05,0,PartitionedOutputOperator,nitroExchangeRunLengthUnsupportedPositions,0
[WARNING] [stderr] 2026-08-12T23:21:25.645-0600	INFO	ForkJoinPool-1-worker-1	stdout	operator_metric,nitro,tpch-parquet-sf10,q05,0,TrinoNitroHashJoinOperator,nitroBoundaryPageIngressBytes,2266
[WARNING] [stderr] 2026-08-12T23:21:25.645-0600	INFO	ForkJoinPool-1-worker-1	stdout	operator_metric,nitro,tpch-parquet-sf10,q05,0,TrinoNitroHashJoinOperator,nitroBoundaryPageIngressDictionaryChannelPositions,82
[WARNING] [stderr] 2026-08-12T23:21:25.645-0600	INFO	ForkJoinPool-1-worker-1	stdout	operator_metric,nitro,tpch-parquet-sf10,q05,0,TrinoNitroHashJoinOperator,nitroBoundaryPageIngressRunLengthChannelPositions,0
[WARNING] [stderr] 2026-08-12T23:21:25.645-0600	INFO	ForkJoinPool-1-worker-1	stdout	operator_metric,nitro,tpch-parquet-sf10,q05,0,TrinoNitroHashJoinOperator,nitroBoundaryNativeExchangePositions,72985
[WARNING] [stderr] 2026-08-12T23:21:25.645-0600	INFO	ForkJoinPool-1-worker-1	stdout	operator_metric,nitro,tpch-parquet-sf10,q05,0,TrinoNitroHashJoinOperator,nitroBoundaryNativeExchangeBytes,3723612
[WARNING] [stderr] 2026-08-12T23:21:25.645-0600	INFO	ForkJoinPool-1-worker-1	stdout	operator_metric,nitro,tpch-parquet-sf10,q05,0,TrinoNitroHashJoinOperator,nitroBoundaryNativeExchangeBatches,1538
[WARNING] [stderr] 2026-08-12T23:21:25.645-0600	INFO	ForkJoinPool-1-worker-1	stdout	operator_metric,nitro,tpch-parquet-sf10,q05,0,TrinoNitroHashJoinOperator,nitroBoundaryPageIngressFlatChannelPositions,123
[WARNING] [stderr] 2026-08-12T23:21:25.645-0600	INFO	ForkJoinPool-1-worker-1	stdout	operator_metric,nitro,tpch-parquet-sf10,q05,0,TrinoNitroHashJoinOperator,nitroBoundaryNativeExchangeMaximumBatchBytes,1633171
[WARNING] [stderr] 2026-08-12T23:21:25.645-0600	INFO	ForkJoinPool-1-worker-1	stdout	operator_metric,nitro,tpch-parquet-sf10,q05,0,TrinoNitroHashJoinOperator,nitroBoundaryPageIngressPositions,41
[WARNING] [stderr] 2026-08-12T23:21:25.645-0600	INFO	ForkJoinPool-1-worker-1	stdout	operator_metric,nitro,tpch-parquet-sf10,q05,0,TrinoNitroHashJoinOperator,nitroBoundaryPageIngressPages,1
[WARNING] [stderr] 2026-08-12T23:21:25.645-0600	INFO	ForkJoinPool-1-worker-1	stdout	nitro,tpch-parquet-sf10,q05,1,593.016,593.016,593.016,593.016,2102.000,2102.000,3.5446,742.208,76586082,0,31
[WARNING] [stderr] 2026-08-12T23:21:25.646-0600	INFO	ForkJoinPool-1-worker-1	stdout	peak_memory,nitro,tpch-parquet-sf10,q05,1,12.658,12.658,8378.241,8378.241
[WARNING] [stderr] 2026-08-12T23:21:26.904-0600	INFO	ForkJoinPool-1-worker-1	stdout	operator_cpu,nitro,tpch-parquet-sf10,q06,0,ExchangeOperator,1,0.000,0.253,0.000,0,19,19,73.980,0.000,0.000
[WARNING] [stderr] 2026-08-12T23:21:26.904-0600	INFO	ForkJoinPool-1-worker-1	stdout	operator_cpu,nitro,tpch-parquet-sf10,q06,0,LocalExchangeSourceOperator,1,0.000,0.055,0.000,0,19,19,124.850,0.000,0.000
[WARNING] [stderr] 2026-08-12T23:21:26.904-0600	INFO	ForkJoinPool-1-worker-1	stdout	operator_cpu,nitro,tpch-parquet-sf10,q06,0,TaskOutputOperator,20,1.145,0.000,0.045,0,20,20,0.000,0.000,0.000
[WARNING] [stderr] 2026-08-12T23:21:26.904-0600	INFO	ForkJoinPool-1-worker-1	stdout	operator_cpu,nitro,tpch-parquet-sf10,q06,0,LocalExchangeSinkOperator,1,0.092,0.000,0.025,0,19,19,0.000,0.000,0.000
[WARNING] [stderr] 2026-08-12T23:21:26.904-0600	INFO	ForkJoinPool-1-worker-1	stdout	operator_cpu,nitro,tpch-parquet-sf10,q06,0,TrinoNitroAggregationOperator,1,0.232,0.060,0.003,0,19,1,0.000,0.000,0.000
[WARNING] [stderr] 2026-08-12T23:21:26.904-0600	INFO	ForkJoinPool-1-worker-1	stdout	operator_cpu,nitro,tpch-parquet-sf10,q06,0,TrinoNitroAggregationSourceOperator,19,0.000,735.600,0.000,59986052,9099165,19,0.000,9.162,0.000
[WARNING] [stderr] 2026-08-12T23:21:26.904-0600	INFO	ForkJoinPool-1-worker-1	stdout	operator_metric,nitro,tpch-parquet-sf10,q06,0,TrinoNitroAggregationOperator,nitroBoundaryPageEgressPages,1
[WARNING] [stderr] 2026-08-12T23:21:26.904-0600	INFO	ForkJoinPool-1-worker-1	stdout	operator_metric,nitro,tpch-parquet-sf10,q06,0,TrinoNitroAggregationOperator,nitroBoundaryPageIngressPages,19
[WARNING] [stderr] 2026-08-12T23:21:26.904-0600	INFO	ForkJoinPool-1-worker-1	stdout	operator_metric,nitro,tpch-parquet-sf10,q06,0,TrinoNitroAggregationOperator,nitroAggregationInitialKeyNanos,0
[WARNING] [stderr] 2026-08-12T23:21:26.904-0600	INFO	ForkJoinPool-1-worker-1	stdout	operator_metric,nitro,tpch-parquet-sf10,q06,0,TrinoNitroAggregationOperator,nitroAggregationInitialEncodedKeyNanos,0
[WARNING] [stderr] 2026-08-12T23:21:26.904-0600	INFO	ForkJoinPool-1-worker-1	stdout	operator_metric,nitro,tpch-parquet-sf10,q06,0,TrinoNitroAggregationOperator,nitroAggregationOutputNanos,13676
[WARNING] [stderr] 2026-08-12T23:21:26.904-0600	INFO	ForkJoinPool-1-worker-1	stdout	operator_metric,nitro,tpch-parquet-sf10,q06,0,TrinoNitroAggregationOperator,nitroAggregationPipelineNanos,0
[WARNING] [stderr] 2026-08-12T23:21:26.904-0600	INFO	ForkJoinPool-1-worker-1	stdout	operator_metric,nitro,tpch-parquet-sf10,q06,0,TrinoNitroAggregationOperator,nitroAggregationGroupingNanos,0
[WARNING] [stderr] 2026-08-12T23:21:26.904-0600	INFO	ForkJoinPool-1-worker-1	stdout	operator_metric,nitro,tpch-parquet-sf10,q06,0,TrinoNitroAggregationOperator,nitroAggregationAccumulationNanos,0
[WARNING] [stderr] 2026-08-12T23:21:26.904-0600	INFO	ForkJoinPool-1-worker-1	stdout	operator_metric,nitro,tpch-parquet-sf10,q06,0,TrinoNitroAggregationOperator,nitroBoundaryPageEgressBytes,9
[WARNING] [stderr] 2026-08-12T23:21:26.904-0600	INFO	ForkJoinPool-1-worker-1	stdout	operator_metric,nitro,tpch-parquet-sf10,q06,0,TrinoNitroAggregationOperator,nitroBoundaryNativeEgressDictionaryChannelPositions,0
[WARNING] [stderr] 2026-08-12T23:21:26.904-0600	INFO	ForkJoinPool-1-worker-1	stdout	operator_metric,nitro,tpch-parquet-sf10,q06,0,TrinoNitroAggregationOperator,nitroAggregationFusedNanos,0
[WARNING] [stderr] 2026-08-12T23:21:26.904-0600	INFO	ForkJoinPool-1-worker-1	stdout	operator_metric,nitro,tpch-parquet-sf10,q06,0,TrinoNitroAggregationOperator,nitroAggregationFlushNanos,0
[WARNING] [stderr] 2026-08-12T23:21:26.904-0600	INFO	ForkJoinPool-1-worker-1	stdout	operator_metric,nitro,tpch-parquet-sf10,q06,0,TrinoNitroAggregationOperator,nitroBoundaryPageEgressPositions,1
[WARNING] [stderr] 2026-08-12T23:21:26.904-0600	INFO	ForkJoinPool-1-worker-1	stdout	operator_metric,nitro,tpch-parquet-sf10,q06,0,TrinoNitroAggregationOperator,nitroBoundaryPageIngressBytes,171
[WARNING] [stderr] 2026-08-12T23:21:26.904-0600	INFO	ForkJoinPool-1-worker-1	stdout	operator_metric,nitro,tpch-parquet-sf10,q06,0,TrinoNitroAggregationOperator,nitroBoundaryPageIngressPositions,19
[WARNING] [stderr] 2026-08-12T23:21:26.904-0600	INFO	ForkJoinPool-1-worker-1	stdout	operator_metric,nitro,tpch-parquet-sf10,q06,0,TrinoNitroAggregationOperator,nitroBoundaryPageIngressDictionaryChannelPositions,0
[WARNING] [stderr] 2026-08-12T23:21:26.904-0600	INFO	ForkJoinPool-1-worker-1	stdout	operator_metric,nitro,tpch-parquet-sf10,q06,0,TrinoNitroAggregationOperator,nitroBoundaryPageEgressDictionaryChannelPositions,0
[WARNING] [stderr] 2026-08-12T23:21:26.904-0600	INFO	ForkJoinPool-1-worker-1	stdout	operator_metric,nitro,tpch-parquet-sf10,q06,0,TrinoNitroAggregationOperator,nitroAggregationInputNanos,67095
[WARNING] [stderr] 2026-08-12T23:21:26.904-0600	INFO	ForkJoinPool-1-worker-1	stdout	operator_metric,nitro,tpch-parquet-sf10,q06,0,TrinoNitroAggregationOperator,nitroAggregationInitialAggregationNanos,0
[WARNING] [stderr] 2026-08-12T23:21:26.904-0600	INFO	ForkJoinPool-1-worker-1	stdout	operator_metric,nitro,tpch-parquet-sf10,q06,0,TrinoNitroAggregationOperator,nitroBoundaryPageEgressRunLengthChannelPositions,0
[WARNING] [stderr] 2026-08-12T23:21:26.904-0600	INFO	ForkJoinPool-1-worker-1	stdout	operator_metric,nitro,tpch-parquet-sf10,q06,0,TrinoNitroAggregationOperator,nitroBoundaryPageIngressRunLengthChannelPositions,0
[WARNING] [stderr] 2026-08-12T23:21:26.904-0600	INFO	ForkJoinPool-1-worker-1	stdout	operator_metric,nitro,tpch-parquet-sf10,q06,0,TrinoNitroAggregationOperator,nitroAggregationInitialFlatKeyNanos,0
[WARNING] [stderr] 2026-08-12T23:21:26.904-0600	INFO	ForkJoinPool-1-worker-1	stdout	operator_metric,nitro,tpch-parquet-sf10,q06,0,TrinoNitroAggregationOperator,nitroBoundaryNativeEgressRunLengthChannelPositions,0
[WARNING] [stderr] 2026-08-12T23:21:26.904-0600	INFO	ForkJoinPool-1-worker-1	stdout	operator_metric,nitro,tpch-parquet-sf10,q06,0,TrinoNitroAggregationOperator,nitroAggregationStatePreparationNanos,0
[WARNING] [stderr] 2026-08-12T23:21:26.904-0600	INFO	ForkJoinPool-1-worker-1	stdout	operator_metric,nitro,tpch-parquet-sf10,q06,0,TrinoNitroAggregationOperator,nitroBoundaryNativeEgressFlatChannelPositions,1
[WARNING] [stderr] 2026-08-12T23:21:26.904-0600	INFO	ForkJoinPool-1-worker-1	stdout	operator_metric,nitro,tpch-parquet-sf10,q06,0,TrinoNitroAggregationOperator,nitroBoundaryPageIngressFlatChannelPositions,19
[WARNING] [stderr] 2026-08-12T23:21:26.904-0600	INFO	ForkJoinPool-1-worker-1	stdout	operator_metric,nitro,tpch-parquet-sf10,q06,0,TrinoNitroAggregationOperator,nitroBoundaryPageEgressFlatChannelPositions,1
[WARNING] [stderr] 2026-08-12T23:21:26.904-0600	INFO	ForkJoinPool-1-worker-1	stdout	operator_metric,nitro,tpch-parquet-sf10,q06,0,TrinoNitroAggregationSourceOperator,nitroProjectionDictionaryInputPositions,0
[WARNING] [stderr] 2026-08-12T23:21:26.904-0600	INFO	ForkJoinPool-1-worker-1	stdout	operator_metric,nitro,tpch-parquet-sf10,q06,0,TrinoNitroAggregationSourceOperator,nitroFilterDirectPreboundMaskSuccesses,0
[WARNING] [stderr] 2026-08-12T23:21:26.904-0600	INFO	ForkJoinPool-1-worker-1	stdout	operator_metric,nitro,tpch-parquet-sf10,q06,0,TrinoNitroAggregationSourceOperator,nitroAggregationFusedNanos,0
[WARNING] [stderr] 2026-08-12T23:21:26.904-0600	INFO	ForkJoinPool-1-worker-1	stdout	operator_metric,nitro,tpch-parquet-sf10,q06,0,TrinoNitroAggregationSourceOperator,nitroBoundaryPageEgressFlatChannelPositions,19
[WARNING] [stderr] 2026-08-12T23:21:26.904-0600	INFO	ForkJoinPool-1-worker-1	stdout	operator_metric,nitro,tpch-parquet-sf10,q06,0,TrinoNitroAggregationSourceOperator,nitroNativeSourceCreationNanos,2396759
[WARNING] [stderr] 2026-08-12T23:21:26.904-0600	INFO	ForkJoinPool-1-worker-1	stdout	operator_metric,nitro,tpch-parquet-sf10,q06,0,TrinoNitroAggregationSourceOperator,nitroProjectionGeneratedOutputs,0
[WARNING] [stderr] 2026-08-12T23:21:26.904-0600	INFO	ForkJoinPool-1-worker-1	stdout	operator_metric,nitro,tpch-parquet-sf10,q06,0,TrinoNitroAggregationSourceOperator,nitroProjectionFlatInputPositions,0
[WARNING] [stderr] 2026-08-12T23:21:26.904-0600	INFO	ForkJoinPool-1-worker-1	stdout	operator_metric,nitro,tpch-parquet-sf10,q06,0,TrinoNitroAggregationSourceOperator,nitroBoundaryPageEgressRunLengthChannelPositions,0
[WARNING] [stderr] 2026-08-12T23:21:26.904-0600	INFO	ForkJoinPool-1-worker-1	stdout	operator_metric,nitro,tpch-parquet-sf10,q06,0,TrinoNitroAggregationSourceOperator,nitroAggregationOutputNanos,295250
[WARNING] [stderr] 2026-08-12T23:21:26.905-0600	INFO	ForkJoinPool-1-worker-1	stdout	operator_metric,nitro,tpch-parquet-sf10,q06,0,TrinoNitroAggregationSourceOperator,nitroAggregationPipelineNanos,72860651
[WARNING] [stderr] 2026-08-12T23:21:26.905-0600	INFO	ForkJoinPool-1-worker-1	stdout	operator_metric,nitro,tpch-parquet-sf10,q06,0,TrinoNitroAggregationSourceOperator,nitroAggregationGroupingNanos,0
[WARNING] [stderr] 2026-08-12T23:21:26.905-0600	INFO	ForkJoinPool-1-worker-1	stdout	operator_metric,nitro,tpch-parquet-sf10,q06,0,TrinoNitroAggregationSourceOperator,nitroFilterPlannedCompiledMasks,76
[WARNING] [stderr] 2026-08-12T23:21:26.905-0600	INFO	ForkJoinPool-1-worker-1	stdout	operator_metric,nitro,tpch-parquet-sf10,q06,0,TrinoNitroAggregationSourceOperator,nitroBoundaryPageEgressBytes,171
[WARNING] [stderr] 2026-08-12T23:21:26.905-0600	INFO	ForkJoinPool-1-worker-1	stdout	operator_metric,nitro,tpch-parquet-sf10,q06,0,TrinoNitroAggregationSourceOperator,nitroAggregationAccumulationNanos,0
[WARNING] [stderr] 2026-08-12T23:21:26.905-0600	INFO	ForkJoinPool-1-worker-1	stdout	operator_metric,nitro,tpch-parquet-sf10,q06,0,TrinoNitroAggregationSourceOperator,nitroAggregationStatePreparationNanos,0
[WARNING] [stderr] 2026-08-12T23:21:26.905-0600	INFO	ForkJoinPool-1-worker-1	stdout	operator_metric,nitro,tpch-parquet-sf10,q06,0,TrinoNitroAggregationSourceOperator,nitroFilterInputPositions,9099165
[WARNING] [stderr] 2026-08-12T23:21:26.905-0600	INFO	ForkJoinPool-1-worker-1	stdout	operator_metric,nitro,tpch-parquet-sf10,q06,0,TrinoNitroAggregationSourceOperator,nitroAggregationInitialFlatKeyNanos,0
[WARNING] [stderr] 2026-08-12T23:21:26.905-0600	INFO	ForkJoinPool-1-worker-1	stdout	operator_metric,nitro,tpch-parquet-sf10,q06,0,TrinoNitroAggregationSourceOperator,nitroAggregationInitialKeyNanos,0
[WARNING] [stderr] 2026-08-12T23:21:26.905-0600	INFO	ForkJoinPool-1-worker-1	stdout	operator_metric,nitro,tpch-parquet-sf10,q06,0,TrinoNitroAggregationSourceOperator,nitroAggregationFlushNanos,0
[WARNING] [stderr] 2026-08-12T23:21:26.905-0600	INFO	ForkJoinPool-1-worker-1	stdout	operator_metric,nitro,tpch-parquet-sf10,q06,0,TrinoNitroAggregationSourceOperator,nitroAggregationInitialEncodedKeyNanos,0
[WARNING] [stderr] 2026-08-12T23:21:26.905-0600	INFO	ForkJoinPool-1-worker-1	stdout	operator_metric,nitro,tpch-parquet-sf10,q06,0,TrinoNitroAggregationSourceOperator,nitroProjectionOtherNullExpansionPositions,0
[WARNING] [stderr] 2026-08-12T23:21:26.905-0600	INFO	ForkJoinPool-1-worker-1	stdout	operator_metric,nitro,tpch-parquet-sf10,q06,0,TrinoNitroAggregationSourceOperator,nitroBoundaryNativeEgressDictionaryChannelPositions,0
[WARNING] [stderr] 2026-08-12T23:21:26.905-0600	INFO	ForkJoinPool-1-worker-1	stdout	operator_metric,nitro,tpch-parquet-sf10,q06,0,TrinoNitroAggregationSourceOperator,nitroFilterCompiledMaskSuccesses,882
[WARNING] [stderr] 2026-08-12T23:21:26.905-0600	INFO	ForkJoinPool-1-worker-1	stdout	operator_metric,nitro,tpch-parquet-sf10,q06,0,TrinoNitroAggregationSourceOperator,nitroBoundaryPageEgressPositions,19
[WARNING] [stderr] 2026-08-12T23:21:26.905-0600	INFO	ForkJoinPool-1-worker-1	stdout	operator_metric,nitro,tpch-parquet-sf10,q06,0,TrinoNitroAggregationSourceOperator,nitroFilterPrimitiveMaskSuccesses,0
[WARNING] [stderr] 2026-08-12T23:21:26.905-0600	INFO	ForkJoinPool-1-worker-1	stdout	operator_metric,nitro,tpch-parquet-sf10,q06,0,TrinoNitroAggregationSourceOperator,nitroBoundaryPageEgressPages,19
[WARNING] [stderr] 2026-08-12T23:21:26.905-0600	INFO	ForkJoinPool-1-worker-1	stdout	operator_metric,nitro,tpch-parquet-sf10,q06,0,TrinoNitroAggregationSourceOperator,nitroFilterPlannedSourceMaskOptimizations,0
[WARNING] [stderr] 2026-08-12T23:21:26.905-0600	INFO	ForkJoinPool-1-worker-1	stdout	operator_metric,nitro,tpch-parquet-sf10,q06,0,TrinoNitroAggregationSourceOperator,nitroFilterPlannedAssignments,266
[WARNING] [stderr] 2026-08-12T23:21:26.905-0600	INFO	ForkJoinPool-1-worker-1	stdout	operator_metric,nitro,tpch-parquet-sf10,q06,0,TrinoNitroAggregationSourceOperator,nitroFilterPrimitiveMaskFallbacks,0
[WARNING] [stderr] 2026-08-12T23:21:26.905-0600	INFO	ForkJoinPool-1-worker-1	stdout	operator_metric,nitro,tpch-parquet-sf10,q06,0,TrinoNitroAggregationSourceOperator,nitroFilterCompiledMaskAttempts,882
[WARNING] [stderr] 2026-08-12T23:21:26.905-0600	INFO	ForkJoinPool-1-worker-1	stdout	operator_metric,nitro,tpch-parquet-sf10,q06,0,TrinoNitroAggregationSourceOperator,nitroProjectionPlannedAssignments,19
[WARNING] [stderr] 2026-08-12T23:21:26.905-0600	INFO	ForkJoinPool-1-worker-1	stdout	operator_metric,nitro,tpch-parquet-sf10,q06,0,TrinoNitroAggregationSourceOperator,nitroBoundaryNativeEgressFlatChannelPositions,19
[WARNING] [stderr] 2026-08-12T23:21:26.905-0600	INFO	ForkJoinPool-1-worker-1	stdout	operator_metric,nitro,tpch-parquet-sf10,q06,0,TrinoNitroAggregationSourceOperator,nitroBoundaryNativeEgressRunLengthChannelPositions,0
[WARNING] [stderr] 2026-08-12T23:21:26.905-0600	INFO	ForkJoinPool-1-worker-1	stdout	operator_metric,nitro,tpch-parquet-sf10,q06,0,TrinoNitroAggregationSourceOperator,nitroFilterPrimitiveMaskAttempts,0
[WARNING] [stderr] 2026-08-12T23:21:26.905-0600	INFO	ForkJoinPool-1-worker-1	stdout	operator_metric,nitro,tpch-parquet-sf10,q06,0,TrinoNitroAggregationSourceOperator,nitroProjectionIntegerWideningPositions,0
[WARNING] [stderr] 2026-08-12T23:21:26.905-0600	INFO	ForkJoinPool-1-worker-1	stdout	operator_metric,nitro,tpch-parquet-sf10,q06,0,TrinoNitroAggregationSourceOperator,nitroBoundaryPageEgressDictionaryChannelPositions,0
[WARNING] [stderr] 2026-08-12T23:21:26.905-0600	INFO	ForkJoinPool-1-worker-1	stdout	operator_metric,nitro,tpch-parquet-sf10,q06,0,TrinoNitroAggregationSourceOperator,nitroProjectionGeneratedSuccesses,0
[WARNING] [stderr] 2026-08-12T23:21:26.905-0600	INFO	ForkJoinPool-1-worker-1	stdout	operator_metric,nitro,tpch-parquet-sf10,q06,0,TrinoNitroAggregationSourceOperator,nitroFilterCompiledMaskFallbacks,0
[WARNING] [stderr] 2026-08-12T23:21:26.905-0600	INFO	ForkJoinPool-1-worker-1	stdout	operator_metric,nitro,tpch-parquet-sf10,q06,0,TrinoNitroAggregationSourceOperator,nitroProjectionGeneratedLayoutFallbacks,0
[WARNING] [stderr] 2026-08-12T23:21:26.905-0600	INFO	ForkJoinPool-1-worker-1	stdout	operator_metric,nitro,tpch-parquet-sf10,q06,0,TrinoNitroAggregationSourceOperator,nitroOperatorConstructionNanos,7334945
[WARNING] [stderr] 2026-08-12T23:21:26.905-0600	INFO	ForkJoinPool-1-worker-1	stdout	operator_metric,nitro,tpch-parquet-sf10,q06,0,TrinoNitroAggregationSourceOperator,nitroFilterSourceMaskSuccesses,0
[WARNING] [stderr] 2026-08-12T23:21:26.905-0600	INFO	ForkJoinPool-1-worker-1	stdout	operator_metric,nitro,tpch-parquet-sf10,q06,0,TrinoNitroAggregationSourceOperator,nitroFilterOutputPositions,1139264
[WARNING] [stderr] 2026-08-12T23:21:26.905-0600	INFO	ForkJoinPool-1-worker-1	stdout	operator_metric,nitro,tpch-parquet-sf10,q06,0,TrinoNitroAggregationSourceOperator,nitroFilterMaterializedMaskFallbacks,0
[WARNING] [stderr] 2026-08-12T23:21:26.905-0600	INFO	ForkJoinPool-1-worker-1	stdout	operator_metric,nitro,tpch-parquet-sf10,q06,0,TrinoNitroAggregationSourceOperator,nitroProjectionPlannedComputedOutputs,19
[WARNING] [stderr] 2026-08-12T23:21:26.905-0600	INFO	ForkJoinPool-1-worker-1	stdout	operator_metric,nitro,tpch-parquet-sf10,q06,0,TrinoNitroAggregationSourceOperator,nitroProjectionRunLengthInputPositions,0
[WARNING] [stderr] 2026-08-12T23:21:26.905-0600	INFO	ForkJoinPool-1-worker-1	stdout	operator_metric,nitro,tpch-parquet-sf10,q06,0,TrinoNitroAggregationSourceOperator,nitroAggregationInputNanos,9559646
[WARNING] [stderr] 2026-08-12T23:21:26.905-0600	INFO	ForkJoinPool-1-worker-1	stdout	operator_metric,nitro,tpch-parquet-sf10,q06,0,TrinoNitroAggregationSourceOperator,nitroProjectionDictionaryNullExpansionPositions,0
[WARNING] [stderr] 2026-08-12T23:21:26.905-0600	INFO	ForkJoinPool-1-worker-1	stdout	operator_metric,nitro,tpch-parquet-sf10,q06,0,TrinoNitroAggregationSourceOperator,nitroProjectionGeneratedErrorFallbacks,0
[WARNING] [stderr] 2026-08-12T23:21:26.905-0600	INFO	ForkJoinPool-1-worker-1	stdout	operator_metric,nitro,tpch-parquet-sf10,q06,0,TrinoNitroAggregationSourceOperator,nitroProjectionDictionaryFlatteningPositions,0
[WARNING] [stderr] 2026-08-12T23:21:26.905-0600	INFO	ForkJoinPool-1-worker-1	stdout	operator_metric,nitro,tpch-parquet-sf10,q06,0,TrinoNitroAggregationSourceOperator,nitroProjectionGeneratedAttempts,0
[WARNING] [stderr] 2026-08-12T23:21:26.905-0600	INFO	ForkJoinPool-1-worker-1	stdout	operator_metric,nitro,tpch-parquet-sf10,q06,0,TrinoNitroAggregationSourceOperator,nitroProjectionGeneratedSelectedPositions,0
[WARNING] [stderr] 2026-08-12T23:21:26.905-0600	INFO	ForkJoinPool-1-worker-1	stdout	operator_metric,nitro,tpch-parquet-sf10,q06,0,TrinoNitroAggregationSourceOperator,nitroProjectionGeneratedKernels,0
[WARNING] [stderr] 2026-08-12T23:21:26.905-0600	INFO	ForkJoinPool-1-worker-1	stdout	operator_metric,nitro,tpch-parquet-sf10,q06,0,TrinoNitroAggregationSourceOperator,nitroFilterPlannedPreboundMasks,76
[WARNING] [stderr] 2026-08-12T23:21:26.905-0600	INFO	ForkJoinPool-1-worker-1	stdout	operator_metric,nitro,tpch-parquet-sf10,q06,0,TrinoNitroAggregationSourceOperator,nitroAggregationInitialAggregationNanos,0
[WARNING] [stderr] 2026-08-12T23:21:26.905-0600	INFO	ForkJoinPool-1-worker-1	stdout	operator_metric,nitro,tpch-parquet-sf10,q06,0,TrinoNitroAggregationSourceOperator,nitroProjectionOtherInputPositions,0
[WARNING] [stderr] 2026-08-12T23:21:26.905-0600	INFO	ForkJoinPool-1-worker-1	stdout	nitro,tpch-parquet-sf10,q06,1,175.640,175.640,175.640,175.640,739.000,739.000,4.2075,487.245,59986052,19,19
[WARNING] [stderr] 2026-08-12T23:21:26.905-0600	INFO	ForkJoinPool-1-worker-1	stdout	peak_memory,nitro,tpch-parquet-sf10,q06,1,0.000,0.000,1993.229,1993.229
[WARNING] [stderr] 2026-08-12T23:21:30.544-0600	INFO	ForkJoinPool-1-worker-1	stdout	operator_cpu,nitro,tpch-parquet-sf10,q07,0,MergeOperator,1,0.000,0.074,0.000,0,4,4,437.010,0.002,0.000
[WARNING] [stderr] 2026-08-12T23:21:30.544-0600	INFO	ForkJoinPool-1-worker-1	stdout	operator_cpu,nitro,tpch-parquet-sf10,q07,0,TaskOutputOperator,17,7.609,0.000,0.033,0,1334303,1334303,0.000,0.000,0.000
[WARNING] [stderr] 2026-08-12T23:21:30.544-0600	INFO	ForkJoinPool-1-worker-1	stdout	operator_cpu,nitro,tpch-parquet-sf10,q07,0,ExchangeOperator,13,0.000,7.079,0.000,0,2668656,2668656,1982.542,1.092,0.000
[WARNING] [stderr] 2026-08-12T23:21:30.544-0600	INFO	ForkJoinPool-1-worker-1	stdout	operator_cpu,nitro,tpch-parquet-sf10,q07,0,LocalMergeSourceOperator,2,0.000,0.085,0.000,0,4,4,865.130,0.001,0.000
[WARNING] [stderr] 2026-08-12T23:21:30.544-0600	INFO	ForkJoinPool-1-worker-1	stdout	operator_cpu,nitro,tpch-parquet-sf10,q07,0,LocalExchangeSinkOperator,13,2.364,0.000,0.215,0,2668656,2668656,0.000,0.000,0.000
[WARNING] [stderr] 2026-08-12T23:21:30.544-0600	INFO	ForkJoinPool-1-worker-1	stdout	operator_cpu,nitro,tpch-parquet-sf10,q07,0,TrinoNitroSortOperator,2,0.094,0.085,0.005,0,4,4,0.000,0.015,0.000
[WARNING] [stderr] 2026-08-12T23:21:30.544-0600	INFO	ForkJoinPool-1-worker-1	stdout	operator_cpu,nitro,tpch-parquet-sf10,q07,0,LocalExchangeSourceOperator,11,0.000,1.018,0.000,0,2668652,2668652,1224.880,0.000,0.000
[WARNING] [stderr] 2026-08-12T23:21:30.544-0600	INFO	ForkJoinPool-1-worker-1	stdout	operator_cpu,nitro,tpch-parquet-sf10,q07,0,TrinoNitroAggregationOperator,21,0.934,13.438,1.609,0,58437,76,0.000,1.600,0.000
[WARNING] [stderr] 2026-08-12T23:21:30.544-0600	INFO	ForkJoinPool-1-worker-1	stdout	operator_cpu,nitro,tpch-parquet-sf10,q07,0,TrinoNitroPipelineSourceOperator,31,0.000,1439.768,0.000,76586102,16588786,2794548,166.893,3.425,0.000
[WARNING] [stderr] 2026-08-12T23:21:30.544-0600	INFO	ForkJoinPool-1-worker-1	stdout	operator_cpu,nitro,tpch-parquet-sf10,q07,0,DynamicFilterSourceOperator,9,7.860,0.758,3.183,0,2668580,2668580,0.000,0.563,0.000
[WARNING] [stderr] 2026-08-12T23:21:30.544-0600	INFO	ForkJoinPool-1-worker-1	stdout	operator_cpu,nitro,tpch-parquet-sf10,q07,0,PartitionedOutputOperator,19,1.014,0.000,0.587,0,72,72,0.000,0.000,0.000
[WARNING] [stderr] 2026-08-12T23:21:30.544-0600	INFO	ForkJoinPool-1-worker-1	stdout	operator_cpu,nitro,tpch-parquet-sf10,q07,0,TrinoNitroHashJoinOperator,19,5.050,50.990,0.027,0,1460257,58365,1537.510,2.497,0.000
[WARNING] [stderr] 2026-08-12T23:21:30.544-0600	INFO	ForkJoinPool-1-worker-1	stdout	operator_cpu,nitro,tpch-parquet-sf10,q07,0,TrinoNitroHashBuildOperator,9,2.296,0.000,85.987,0,2668580,0,1501.700,80.269,0.000
[WARNING] [stderr] 2026-08-12T23:21:30.544-0600	INFO	ForkJoinPool-1-worker-1	stdout	operator_metric,nitro,tpch-parquet-sf10,q07,0,TrinoNitroAggregationOperator,nitroBoundaryPageEgressPages,2
[WARNING] [stderr] 2026-08-12T23:21:30.544-0600	INFO	ForkJoinPool-1-worker-1	stdout	operator_metric,nitro,tpch-parquet-sf10,q07,0,TrinoNitroAggregationOperator,nitroBoundaryPageIngressPages,22
[WARNING] [stderr] 2026-08-12T23:21:30.544-0600	INFO	ForkJoinPool-1-worker-1	stdout	operator_metric,nitro,tpch-parquet-sf10,q07,0,TrinoNitroAggregationOperator,nitroAggregationInitialKeyNanos,0
[WARNING] [stderr] 2026-08-12T23:21:30.544-0600	INFO	ForkJoinPool-1-worker-1	stdout	operator_metric,nitro,tpch-parquet-sf10,q07,0,TrinoNitroAggregationOperator,nitroAggregationInitialEncodedKeyNanos,0
[WARNING] [stderr] 2026-08-12T23:21:30.544-0600	INFO	ForkJoinPool-1-worker-1	stdout	operator_metric,nitro,tpch-parquet-sf10,q07,0,TrinoNitroAggregationOperator,nitroAggregationOutputNanos,1145925
[WARNING] [stderr] 2026-08-12T23:21:30.544-0600	INFO	ForkJoinPool-1-worker-1	stdout	operator_metric,nitro,tpch-parquet-sf10,q07,0,TrinoNitroAggregationOperator,nitroAggregationPipelineNanos,184271
[WARNING] [stderr] 2026-08-12T23:21:30.544-0600	INFO	ForkJoinPool-1-worker-1	stdout	operator_metric,nitro,tpch-parquet-sf10,q07,0,TrinoNitroAggregationOperator,nitroAggregationGroupingNanos,5686693
[WARNING] [stderr] 2026-08-12T23:21:30.544-0600	INFO	ForkJoinPool-1-worker-1	stdout	operator_metric,nitro,tpch-parquet-sf10,q07,0,TrinoNitroAggregationOperator,nitroAggregationAccumulationNanos,1538416
[WARNING] [stderr] 2026-08-12T23:21:30.544-0600	INFO	ForkJoinPool-1-worker-1	stdout	operator_metric,nitro,tpch-parquet-sf10,q07,0,TrinoNitroAggregationOperator,nitroBoundaryNativeEgressDictionaryChannelPositions,0
[WARNING] [stderr] 2026-08-12T23:21:30.544-0600	INFO	ForkJoinPool-1-worker-1	stdout	operator_metric,nitro,tpch-parquet-sf10,q07,0,TrinoNitroAggregationOperator,nitroAggregationFusedNanos,0
[WARNING] [stderr] 2026-08-12T23:21:30.544-0600	INFO	ForkJoinPool-1-worker-1	stdout	operator_metric,nitro,tpch-parquet-sf10,q07,0,TrinoNitroAggregationOperator,nitroBoundaryPageEgressBytes,164
[WARNING] [stderr] 2026-08-12T23:21:30.544-0600	INFO	ForkJoinPool-1-worker-1	stdout	operator_metric,nitro,tpch-parquet-sf10,q07,0,TrinoNitroAggregationOperator,nitroAggregationFlushNanos,0
[WARNING] [stderr] 2026-08-12T23:21:30.544-0600	INFO	ForkJoinPool-1-worker-1	stdout	operator_metric,nitro,tpch-parquet-sf10,q07,0,TrinoNitroAggregationOperator,nitroBoundaryPageEgressPositions,4
[WARNING] [stderr] 2026-08-12T23:21:30.544-0600	INFO	ForkJoinPool-1-worker-1	stdout	operator_metric,nitro,tpch-parquet-sf10,q07,0,TrinoNitroAggregationOperator,nitroBoundaryPageIngressBytes,2952
[WARNING] [stderr] 2026-08-12T23:21:30.544-0600	INFO	ForkJoinPool-1-worker-1	stdout	operator_metric,nitro,tpch-parquet-sf10,q07,0,TrinoNitroAggregationOperator,nitroBoundaryPageIngressPositions,72
[WARNING] [stderr] 2026-08-12T23:21:30.544-0600	INFO	ForkJoinPool-1-worker-1	stdout	operator_metric,nitro,tpch-parquet-sf10,q07,0,TrinoNitroAggregationOperator,nitroBoundaryPageIngressDictionaryChannelPositions,0
[WARNING] [stderr] 2026-08-12T23:21:30.544-0600	INFO	ForkJoinPool-1-worker-1	stdout	operator_metric,nitro,tpch-parquet-sf10,q07,0,TrinoNitroAggregationOperator,nitroAggregationInputNanos,12296616
[WARNING] [stderr] 2026-08-12T23:21:30.544-0600	INFO	ForkJoinPool-1-worker-1	stdout	operator_metric,nitro,tpch-parquet-sf10,q07,0,TrinoNitroAggregationOperator,nitroBoundaryPageEgressDictionaryChannelPositions,0
[WARNING] [stderr] 2026-08-12T23:21:30.544-0600	INFO	ForkJoinPool-1-worker-1	stdout	operator_metric,nitro,tpch-parquet-sf10,q07,0,TrinoNitroAggregationOperator,nitroAggregationInitialAggregationNanos,0
[WARNING] [stderr] 2026-08-12T23:21:30.544-0600	INFO	ForkJoinPool-1-worker-1	stdout	operator_metric,nitro,tpch-parquet-sf10,q07,0,TrinoNitroAggregationOperator,nitroBoundaryPageEgressRunLengthChannelPositions,0
[WARNING] [stderr] 2026-08-12T23:21:30.544-0600	INFO	ForkJoinPool-1-worker-1	stdout	operator_metric,nitro,tpch-parquet-sf10,q07,0,TrinoNitroAggregationOperator,nitroBoundaryPageIngressRunLengthChannelPositions,0
[WARNING] [stderr] 2026-08-12T23:21:30.544-0600	INFO	ForkJoinPool-1-worker-1	stdout	operator_metric,nitro,tpch-parquet-sf10,q07,0,TrinoNitroAggregationOperator,nitroAggregationInitialFlatKeyNanos,0
[WARNING] [stderr] 2026-08-12T23:21:30.544-0600	INFO	ForkJoinPool-1-worker-1	stdout	operator_metric,nitro,tpch-parquet-sf10,q07,0,TrinoNitroAggregationOperator,nitroBoundaryNativeEgressFlatChannelPositions,16
[WARNING] [stderr] 2026-08-12T23:21:30.544-0600	INFO	ForkJoinPool-1-worker-1	stdout	operator_metric,nitro,tpch-parquet-sf10,q07,0,TrinoNitroAggregationOperator,nitroAggregationStatePreparationNanos,129932
[WARNING] [stderr] 2026-08-12T23:21:30.544-0600	INFO	ForkJoinPool-1-worker-1	stdout	operator_metric,nitro,tpch-parquet-sf10,q07,0,TrinoNitroAggregationOperator,nitroBoundaryNativeEgressRunLengthChannelPositions,0
[WARNING] [stderr] 2026-08-12T23:21:30.545-0600	INFO	ForkJoinPool-1-worker-1	stdout	operator_metric,nitro,tpch-parquet-sf10,q07,0,TrinoNitroAggregationOperator,nitroBoundaryPageIngressFlatChannelPositions,288
[WARNING] [stderr] 2026-08-12T23:21:30.545-0600	INFO	ForkJoinPool-1-worker-1	stdout	operator_metric,nitro,tpch-parquet-sf10,q07,0,TrinoNitroAggregationOperator,nitroBoundaryPageEgressFlatChannelPositions,16
[WARNING] [stderr] 2026-08-12T23:21:30.545-0600	INFO	ForkJoinPool-1-worker-1	stdout	operator_metric,nitro,tpch-parquet-sf10,q07,0,TrinoNitroAggregationOperator,nitroProjectionDictionaryFlatteningPositions,0
[WARNING] [stderr] 2026-08-12T23:21:30.545-0600	INFO	ForkJoinPool-1-worker-1	stdout	operator_metric,nitro,tpch-parquet-sf10,q07,0,TrinoNitroAggregationOperator,nitroProjectionGeneratedKernels,19
[WARNING] [stderr] 2026-08-12T23:21:30.545-0600	INFO	ForkJoinPool-1-worker-1	stdout	operator_metric,nitro,tpch-parquet-sf10,q07,0,TrinoNitroAggregationOperator,nitroProjectionGeneratedSelectedPositions,58365
[WARNING] [stderr] 2026-08-12T23:21:30.545-0600	INFO	ForkJoinPool-1-worker-1	stdout	operator_metric,nitro,tpch-parquet-sf10,q07,0,TrinoNitroAggregationOperator,nitroBoundaryNativeExchangeMaximumChannel2Bytes,648
[WARNING] [stderr] 2026-08-12T23:21:30.545-0600	INFO	ForkJoinPool-1-worker-1	stdout	operator_metric,nitro,tpch-parquet-sf10,q07,0,TrinoNitroAggregationOperator,nitroBoundaryNativeExchangePositions,72
[WARNING] [stderr] 2026-08-12T23:21:30.545-0600	INFO	ForkJoinPool-1-worker-1	stdout	operator_metric,nitro,tpch-parquet-sf10,q07,0,TrinoNitroAggregationOperator,nitroProjectionDictionaryNullExpansionPositions,0
[WARNING] [stderr] 2026-08-12T23:21:30.545-0600	INFO	ForkJoinPool-1-worker-1	stdout	operator_metric,nitro,tpch-parquet-sf10,q07,0,TrinoNitroAggregationOperator,nitroProjectionOtherNullExpansionPositions,0
[WARNING] [stderr] 2026-08-12T23:21:30.545-0600	INFO	ForkJoinPool-1-worker-1	stdout	operator_metric,nitro,tpch-parquet-sf10,q07,0,TrinoNitroAggregationOperator,nitroProjectionOtherInputPositions,0
[WARNING] [stderr] 2026-08-12T23:21:30.545-0600	INFO	ForkJoinPool-1-worker-1	stdout	operator_metric,nitro,tpch-parquet-sf10,q07,0,TrinoNitroAggregationOperator,nitroProjectionGeneratedErrorFallbacks,0
[WARNING] [stderr] 2026-08-12T23:21:30.545-0600	INFO	ForkJoinPool-1-worker-1	stdout	operator_metric,nitro,tpch-parquet-sf10,q07,0,TrinoNitroAggregationOperator,nitroProjectionPlannedAssignments,76
[WARNING] [stderr] 2026-08-12T23:21:30.545-0600	INFO	ForkJoinPool-1-worker-1	stdout	operator_metric,nitro,tpch-parquet-sf10,q07,0,TrinoNitroAggregationOperator,nitroProjectionRunLengthInputPositions,0
[WARNING] [stderr] 2026-08-12T23:21:30.545-0600	INFO	ForkJoinPool-1-worker-1	stdout	operator_metric,nitro,tpch-parquet-sf10,q07,0,TrinoNitroAggregationOperator,nitroBoundaryNativeExchangeMaximumChannel1Bytes,810
[WARNING] [stderr] 2026-08-12T23:21:30.545-0600	INFO	ForkJoinPool-1-worker-1	stdout	operator_metric,nitro,tpch-parquet-sf10,q07,0,TrinoNitroAggregationOperator,nitroBoundaryNativeExchangeBytes,527178
[WARNING] [stderr] 2026-08-12T23:21:30.545-0600	INFO	ForkJoinPool-1-worker-1	stdout	operator_metric,nitro,tpch-parquet-sf10,q07,0,TrinoNitroAggregationOperator,nitroBoundaryNativeExchangeMaximumBatchBytes,527178
[WARNING] [stderr] 2026-08-12T23:21:30.545-0600	INFO	ForkJoinPool-1-worker-1	stdout	operator_metric,nitro,tpch-parquet-sf10,q07,0,TrinoNitroAggregationOperator,nitroProjectionGeneratedOutputs,19
[WARNING] [stderr] 2026-08-12T23:21:30.545-0600	INFO	ForkJoinPool-1-worker-1	stdout	operator_metric,nitro,tpch-parquet-sf10,q07,0,TrinoNitroAggregationOperator,nitroBoundaryNativeExchangeMaximumChannel0Bytes,525072
[WARNING] [stderr] 2026-08-12T23:21:30.545-0600	INFO	ForkJoinPool-1-worker-1	stdout	operator_metric,nitro,tpch-parquet-sf10,q07,0,TrinoNitroAggregationOperator,nitroBoundaryNativeExchangeBatches,18
[WARNING] [stderr] 2026-08-12T23:21:30.545-0600	INFO	ForkJoinPool-1-worker-1	stdout	operator_metric,nitro,tpch-parquet-sf10,q07,0,TrinoNitroAggregationOperator,nitroProjectionGeneratedLayoutFallbacks,0
[WARNING] [stderr] 2026-08-12T23:21:30.545-0600	INFO	ForkJoinPool-1-worker-1	stdout	operator_metric,nitro,tpch-parquet-sf10,q07,0,TrinoNitroAggregationOperator,nitroProjectionPlannedComputedOutputs,38
[WARNING] [stderr] 2026-08-12T23:21:30.545-0600	INFO	ForkJoinPool-1-worker-1	stdout	operator_metric,nitro,tpch-parquet-sf10,q07,0,TrinoNitroAggregationOperator,nitroProjectionDictionaryInputPositions,0
[WARNING] [stderr] 2026-08-12T23:21:30.545-0600	INFO	ForkJoinPool-1-worker-1	stdout	operator_metric,nitro,tpch-parquet-sf10,q07,0,TrinoNitroAggregationOperator,nitroProjectionFlatInputPositions,234028
[WARNING] [stderr] 2026-08-12T23:21:30.545-0600	INFO	ForkJoinPool-1-worker-1	stdout	operator_metric,nitro,tpch-parquet-sf10,q07,0,TrinoNitroAggregationOperator,nitroBoundaryNativeExchangeMaximumChannel3Bytes,648
[WARNING] [stderr] 2026-08-12T23:21:30.545-0600	INFO	ForkJoinPool-1-worker-1	stdout	operator_metric,nitro,tpch-parquet-sf10,q07,0,TrinoNitroAggregationOperator,nitroProjectionIntegerWideningPositions,0
[WARNING] [stderr] 2026-08-12T23:21:30.545-0600	INFO	ForkJoinPool-1-worker-1	stdout	operator_metric,nitro,tpch-parquet-sf10,q07,0,TrinoNitroAggregationOperator,nitroProjectionGeneratedSuccesses,239
[WARNING] [stderr] 2026-08-12T23:21:30.545-0600	INFO	ForkJoinPool-1-worker-1	stdout	operator_metric,nitro,tpch-parquet-sf10,q07,0,TrinoNitroAggregationOperator,nitroProjectionGeneratedAttempts,239
[WARNING] [stderr] 2026-08-12T23:21:30.545-0600	INFO	ForkJoinPool-1-worker-1	stdout	operator_metric,nitro,tpch-parquet-sf10,q07,0,TrinoNitroPipelineSourceOperator,nitroFilterPrimitiveMaskFallbacks,4
[WARNING] [stderr] 2026-08-12T23:21:30.545-0600	INFO	ForkJoinPool-1-worker-1	stdout	operator_metric,nitro,tpch-parquet-sf10,q07,0,TrinoNitroPipelineSourceOperator,nitroFilterDirectPreboundMaskSuccesses,0
[WARNING] [stderr] 2026-08-12T23:21:30.545-0600	INFO	ForkJoinPool-1-worker-1	stdout	operator_metric,nitro,tpch-parquet-sf10,q07,0,TrinoNitroPipelineSourceOperator,nitroAllocatorAllocatedVectorBytes.BinaryVector,4197824
[WARNING] [stderr] 2026-08-12T23:21:30.545-0600	INFO	ForkJoinPool-1-worker-1	stdout	operator_metric,nitro,tpch-parquet-sf10,q07,0,TrinoNitroPipelineSourceOperator,nitroFilterPlannedAssignments,101
[WARNING] [stderr] 2026-08-12T23:21:30.545-0600	INFO	ForkJoinPool-1-worker-1	stdout	operator_metric,nitro,tpch-parquet-sf10,q07,0,TrinoNitroPipelineSourceOperator,nitroFilterInputPositions,1460307
[WARNING] [stderr] 2026-08-12T23:21:30.545-0600	INFO	ForkJoinPool-1-worker-1	stdout	operator_metric,nitro,tpch-parquet-sf10,q07,0,TrinoNitroPipelineSourceOperator,nitroAllocatorAllocatedBytes.HashJoinOperatorIndex,0
[WARNING] [stderr] 2026-08-12T23:21:30.545-0600	INFO	ForkJoinPool-1-worker-1	stdout	operator_metric,nitro,tpch-parquet-sf10,q07,0,TrinoNitroPipelineSourceOperator,nitroAllocatorAllocatedBytes.HashJoinOperatorBuild,0
[WARNING] [stderr] 2026-08-12T23:21:30.545-0600	INFO	ForkJoinPool-1-worker-1	stdout	operator_metric,nitro,tpch-parquet-sf10,q07,0,TrinoNitroPipelineSourceOperator,nitroAllocatorAllocatedVectorBytes.I64Vector,41872552
[WARNING] [stderr] 2026-08-12T23:21:30.545-0600	INFO	ForkJoinPool-1-worker-1	stdout	operator_metric,nitro,tpch-parquet-sf10,q07,0,TrinoNitroPipelineSourceOperator,nitroAllocatorAllocatedVectorBytes.I32Vector,8721028
[WARNING] [stderr] 2026-08-12T23:21:30.545-0600	INFO	ForkJoinPool-1-worker-1	stdout	operator_metric,nitro,tpch-parquet-sf10,q07,0,TrinoNitroPipelineSourceOperator,nitroFilterOutputPositions,1460261
[WARNING] [stderr] 2026-08-12T23:21:30.545-0600	INFO	ForkJoinPool-1-worker-1	stdout	operator_metric,nitro,tpch-parquet-sf10,q07,0,TrinoNitroPipelineSourceOperator,nitroAllocatorAllocatedVectorBytes.BooleanVector,4761122
[WARNING] [stderr] 2026-08-12T23:21:30.545-0600	INFO	ForkJoinPool-1-worker-1	stdout	operator_metric,nitro,tpch-parquet-sf10,q07,0,TrinoNitroPipelineSourceOperator,nitroAllocatorAllocatedVectorBytes.F64Vector,31688224
[WARNING] [stderr] 2026-08-12T23:21:30.545-0600	INFO	ForkJoinPool-1-worker-1	stdout	operator_metric,nitro,tpch-parquet-sf10,q07,0,TrinoNitroPipelineSourceOperator,nitroAllocatorAllocatedBytes.HashJoinOperator,98616436
[WARNING] [stderr] 2026-08-12T23:21:30.545-0600	INFO	ForkJoinPool-1-worker-1	stdout	operator_metric,nitro,tpch-parquet-sf10,q07,0,TrinoNitroPipelineSourceOperator,nitroFilterSourceMaskSuccesses,0
[WARNING] [stderr] 2026-08-12T23:21:30.545-0600	INFO	ForkJoinPool-1-worker-1	stdout	operator_metric,nitro,tpch-parquet-sf10,q07,0,TrinoNitroPipelineSourceOperator,nitroAllocatorAllocatedBytes.FilterOperator,0
[WARNING] [stderr] 2026-08-12T23:21:30.545-0600	INFO	ForkJoinPool-1-worker-1	stdout	operator_metric,nitro,tpch-parquet-sf10,q07,0,TrinoNitroPipelineSourceOperator,nitroFilterPlannedPreboundMasks,0
[WARNING] [stderr] 2026-08-12T23:21:30.545-0600	INFO	ForkJoinPool-1-worker-1	stdout	operator_metric,nitro,tpch-parquet-sf10,q07,0,TrinoNitroPipelineSourceOperator,nitroFilterPlannedCompiledMasks,0
[WARNING] [stderr] 2026-08-12T23:21:30.545-0600	INFO	ForkJoinPool-1-worker-1	stdout	operator_metric,nitro,tpch-parquet-sf10,q07,0,TrinoNitroPipelineSourceOperator,nitroFilterCompiledMaskAttempts,0
[WARNING] [stderr] 2026-08-12T23:21:30.545-0600	INFO	ForkJoinPool-1-worker-1	stdout	operator_metric,nitro,tpch-parquet-sf10,q07,0,TrinoNitroPipelineSourceOperator,nitroBoundaryNativeExchangePositions,1460257
[WARNING] [stderr] 2026-08-12T23:21:30.545-0600	INFO	ForkJoinPool-1-worker-1	stdout	operator_metric,nitro,tpch-parquet-sf10,q07,0,TrinoNitroPipelineSourceOperator,nitroAllocatorAllocatedVectorBytes,108780914
[WARNING] [stderr] 2026-08-12T23:21:30.545-0600	INFO	ForkJoinPool-1-worker-1	stdout	operator_metric,nitro,tpch-parquet-sf10,q07,0,TrinoNitroPipelineSourceOperator,nitroFilterMaterializedMaskFallbacks,4
[WARNING] [stderr] 2026-08-12T23:21:30.545-0600	INFO	ForkJoinPool-1-worker-1	stdout	operator_metric,nitro,tpch-parquet-sf10,q07,0,TrinoNitroPipelineSourceOperator,nitroFilterCompiledMaskSuccesses,0
[WARNING] [stderr] 2026-08-12T23:21:30.545-0600	INFO	ForkJoinPool-1-worker-1	stdout	operator_metric,nitro,tpch-parquet-sf10,q07,0,TrinoNitroPipelineSourceOperator,nitroFilterPrimitiveMaskSuccesses,0
[WARNING] [stderr] 2026-08-12T23:21:30.545-0600	INFO	ForkJoinPool-1-worker-1	stdout	operator_metric,nitro,tpch-parquet-sf10,q07,0,TrinoNitroPipelineSourceOperator,nitroAllocatorAllocatedBytes.NitroParquetBatchSource,37027364
[WARNING] [stderr] 2026-08-12T23:21:30.545-0600	INFO	ForkJoinPool-1-worker-1	stdout	operator_metric,nitro,tpch-parquet-sf10,q07,0,TrinoNitroPipelineSourceOperator,nitroFilterPlannedSourceMaskOptimizations,0
[WARNING] [stderr] 2026-08-12T23:21:30.545-0600	INFO	ForkJoinPool-1-worker-1	stdout	operator_metric,nitro,tpch-parquet-sf10,q07,0,TrinoNitroPipelineSourceOperator,nitroAllocatorAllocatedBytes,135644146
[WARNING] [stderr] 2026-08-12T23:21:30.545-0600	INFO	ForkJoinPool-1-worker-1	stdout	operator_metric,nitro,tpch-parquet-sf10,q07,0,TrinoNitroPipelineSourceOperator,nitroAllocatorAllocatedVectorBytes.DictionaryVector,17533120
[WARNING] [stderr] 2026-08-12T23:21:30.545-0600	INFO	ForkJoinPool-1-worker-1	stdout	operator_metric,nitro,tpch-parquet-sf10,q07,0,TrinoNitroPipelineSourceOperator,nitroBoundaryNativeExchangeBytes,52580246
[WARNING] [stderr] 2026-08-12T23:21:30.545-0600	INFO	ForkJoinPool-1-worker-1	stdout	operator_metric,nitro,tpch-parquet-sf10,q07,0,TrinoNitroPipelineSourceOperator,nitroAllocatorAllocatedBytes.trino-native-source-ingress,0
[WARNING] [stderr] 2026-08-12T23:21:30.545-0600	INFO	ForkJoinPool-1-worker-1	stdout	operator_metric,nitro,tpch-parquet-sf10,q07,0,TrinoNitroPipelineSourceOperator,nitroBoundaryNativeExchangeBatches,239
[WARNING] [stderr] 2026-08-12T23:21:30.545-0600	INFO	ForkJoinPool-1-worker-1	stdout	operator_metric,nitro,tpch-parquet-sf10,q07,0,TrinoNitroPipelineSourceOperator,nitroBoundaryNativeExchangeMaximumBatchBytes,6173496
[WARNING] [stderr] 2026-08-12T23:21:30.545-0600	INFO	ForkJoinPool-1-worker-1	stdout	operator_metric,nitro,tpch-parquet-sf10,q07,0,TrinoNitroPipelineSourceOperator,nitroAllocatorAllocatedVectorBytes.RleVector,7044
[WARNING] [stderr] 2026-08-12T23:21:30.545-0600	INFO	ForkJoinPool-1-worker-1	stdout	operator_metric,nitro,tpch-parquet-sf10,q07,0,TrinoNitroPipelineSourceOperator,nitroNativeSourceCreationNanos,5022565
[WARNING] [stderr] 2026-08-12T23:21:30.545-0600	INFO	ForkJoinPool-1-worker-1	stdout	operator_metric,nitro,tpch-parquet-sf10,q07,0,TrinoNitroPipelineSourceOperator,nitroOperatorConstructionNanos,2222482
[WARNING] [stderr] 2026-08-12T23:21:30.545-0600	INFO	ForkJoinPool-1-worker-1	stdout	operator_metric,nitro,tpch-parquet-sf10,q07,0,TrinoNitroPipelineSourceOperator,nitroFilterCompiledMaskFallbacks,0
[WARNING] [stderr] 2026-08-12T23:21:30.545-0600	INFO	ForkJoinPool-1-worker-1	stdout	operator_metric,nitro,tpch-parquet-sf10,q07,0,TrinoNitroPipelineSourceOperator,nitroFilterPrimitiveMaskAttempts,4
[WARNING] [stderr] 2026-08-12T23:21:30.545-0600	INFO	ForkJoinPool-1-worker-1	stdout	operator_metric,nitro,tpch-parquet-sf10,q07,0,TrinoNitroPipelineSourceOperator,nitroBoundaryPageEgressFlatChannelPositions,1334295
[WARNING] [stderr] 2026-08-12T23:21:30.545-0600	INFO	ForkJoinPool-1-worker-1	stdout	operator_metric,nitro,tpch-parquet-sf10,q07,0,TrinoNitroPipelineSourceOperator,nitroBoundaryNativeEgressRunLengthChannelPositions,0
[WARNING] [stderr] 2026-08-12T23:21:30.545-0600	INFO	ForkJoinPool-1-worker-1	stdout	operator_metric,nitro,tpch-parquet-sf10,q07,0,TrinoNitroPipelineSourceOperator,nitroBoundaryPageEgressBytes,32688595
[WARNING] [stderr] 2026-08-12T23:21:30.545-0600	INFO	ForkJoinPool-1-worker-1	stdout	operator_metric,nitro,tpch-parquet-sf10,q07,0,TrinoNitroPipelineSourceOperator,nitroBoundaryPageEgressRunLengthChannelPositions,0
[WARNING] [stderr] 2026-08-12T23:21:30.545-0600	INFO	ForkJoinPool-1-worker-1	stdout	operator_metric,nitro,tpch-parquet-sf10,q07,0,TrinoNitroPipelineSourceOperator,nitroBoundaryNativeEgressFlatChannelPositions,1334295
[WARNING] [stderr] 2026-08-12T23:21:30.545-0600	INFO	ForkJoinPool-1-worker-1	stdout	operator_metric,nitro,tpch-parquet-sf10,q07,0,TrinoNitroPipelineSourceOperator,nitroBoundaryNativeEgressDictionaryChannelPositions,1334287
[WARNING] [stderr] 2026-08-12T23:21:30.545-0600	INFO	ForkJoinPool-1-worker-1	stdout	operator_metric,nitro,tpch-parquet-sf10,q07,0,TrinoNitroPipelineSourceOperator,nitroBoundaryPageEgressPositions,1334291
[WARNING] [stderr] 2026-08-12T23:21:30.545-0600	INFO	ForkJoinPool-1-worker-1	stdout	operator_metric,nitro,tpch-parquet-sf10,q07,0,TrinoNitroPipelineSourceOperator,nitroBoundaryPageEgressDictionaryChannelPositions,1334287
[WARNING] [stderr] 2026-08-12T23:21:30.545-0600	INFO	ForkJoinPool-1-worker-1	stdout	operator_metric,nitro,tpch-parquet-sf10,q07,0,TrinoNitroPipelineSourceOperator,nitroBoundaryPageEgressPages,404
[WARNING] [stderr] 2026-08-12T23:21:30.545-0600	INFO	ForkJoinPool-1-worker-1	stdout	operator_metric,nitro,tpch-parquet-sf10,q07,0,TrinoNitroPipelineSourceOperator,nitroAllocatorAllocatedBytes.InUtf8,50
[WARNING] [stderr] 2026-08-12T23:21:30.545-0600	INFO	ForkJoinPool-1-worker-1	stdout	operator_metric,nitro,tpch-parquet-sf10,q07,0,TrinoNitroPipelineSourceOperator,nitroAllocatorAllocatedBytes.PlanEvaluator,296
[WARNING] [stderr] 2026-08-12T23:21:30.545-0600	INFO	ForkJoinPool-1-worker-1	stdout	operator_metric,nitro,tpch-parquet-sf10,q07,0,PartitionedOutputOperator,nitroExchangeInputFlatChannelPositions,288
[WARNING] [stderr] 2026-08-12T23:21:30.545-0600	INFO	ForkJoinPool-1-worker-1	stdout	operator_metric,nitro,tpch-parquet-sf10,q07,0,PartitionedOutputOperator,nitroExchangeInputDictionaryChannelPositions,0
[WARNING] [stderr] 2026-08-12T23:21:30.545-0600	INFO	ForkJoinPool-1-worker-1	stdout	operator_metric,nitro,tpch-parquet-sf10,q07,0,PartitionedOutputOperator,nitroExchangeInputPages,18
[WARNING] [stderr] 2026-08-12T23:21:30.545-0600	INFO	ForkJoinPool-1-worker-1	stdout	operator_metric,nitro,tpch-parquet-sf10,q07,0,PartitionedOutputOperator,nitroExchangeInputRunLengthChannelPositions,0
[WARNING] [stderr] 2026-08-12T23:21:30.545-0600	INFO	ForkJoinPool-1-worker-1	stdout	operator_metric,nitro,tpch-parquet-sf10,q07,0,PartitionedOutputOperator,nitroExchangeInputPositions,72
[WARNING] [stderr] 2026-08-12T23:21:30.545-0600	INFO	ForkJoinPool-1-worker-1	stdout	operator_metric,nitro,tpch-parquet-sf10,q07,0,PartitionedOutputOperator,nitroExchangeDictionaryUnsupportedPositions,0
[WARNING] [stderr] 2026-08-12T23:21:30.545-0600	INFO	ForkJoinPool-1-worker-1	stdout	operator_metric,nitro,tpch-parquet-sf10,q07,0,PartitionedOutputOperator,nitroExchangeLowDictionaryReusePositions,0
[WARNING] [stderr] 2026-08-12T23:21:30.545-0600	INFO	ForkJoinPool-1-worker-1	stdout	operator_metric,nitro,tpch-parquet-sf10,q07,0,PartitionedOutputOperator,nitroExchangeSmallPagePositions,0
[WARNING] [stderr] 2026-08-12T23:21:30.545-0600	INFO	ForkJoinPool-1-worker-1	stdout	operator_metric,nitro,tpch-parquet-sf10,q07,0,PartitionedOutputOperator,nitroExchangeNoDictionaryPositions,72
[WARNING] [stderr] 2026-08-12T23:21:30.545-0600	INFO	ForkJoinPool-1-worker-1	stdout	operator_metric,nitro,tpch-parquet-sf10,q07,0,PartitionedOutputOperator,nitroExchangePreservedPositions,0
[WARNING] [stderr] 2026-08-12T23:21:30.545-0600	INFO	ForkJoinPool-1-worker-1	stdout	operator_metric,nitro,tpch-parquet-sf10,q07,0,PartitionedOutputOperator,nitroExchangeRunLengthUnsupportedPositions,0
[WARNING] [stderr] 2026-08-12T23:21:30.545-0600	INFO	ForkJoinPool-1-worker-1	stdout	operator_metric,nitro,tpch-parquet-sf10,q07,0,TrinoNitroHashJoinOperator,nitroFilterPrimitiveMaskFallbacks,0
[WARNING] [stderr] 2026-08-12T23:21:30.545-0600	INFO	ForkJoinPool-1-worker-1	stdout	operator_metric,nitro,tpch-parquet-sf10,q07,0,TrinoNitroHashJoinOperator,nitroProjectionOtherInputPositions,0
[WARNING] [stderr] 2026-08-12T23:21:30.545-0600	INFO	ForkJoinPool-1-worker-1	stdout	operator_metric,nitro,tpch-parquet-sf10,q07,0,TrinoNitroHashJoinOperator,nitroProjectionGeneratedErrorFallbacks,0
[WARNING] [stderr] 2026-08-12T23:21:30.545-0600	INFO	ForkJoinPool-1-worker-1	stdout	operator_metric,nitro,tpch-parquet-sf10,q07,0,TrinoNitroHashJoinOperator,nitroProjectionFlatInputPositions,0
[WARNING] [stderr] 2026-08-12T23:21:30.545-0600	INFO	ForkJoinPool-1-worker-1	stdout	operator_metric,nitro,tpch-parquet-sf10,q07,0,TrinoNitroHashJoinOperator,nitroFilterDirectPreboundMaskSuccesses,0
[WARNING] [stderr] 2026-08-12T23:21:30.545-0600	INFO	ForkJoinPool-1-worker-1	stdout	operator_metric,nitro,tpch-parquet-sf10,q07,0,TrinoNitroHashJoinOperator,nitroProjectionIntegerWideningPositions,0
[WARNING] [stderr] 2026-08-12T23:21:30.545-0600	INFO	ForkJoinPool-1-worker-1	stdout	operator_metric,nitro,tpch-parquet-sf10,q07,0,TrinoNitroHashJoinOperator,nitroProjectionGeneratedSelectedPositions,0
[WARNING] [stderr] 2026-08-12T23:21:30.545-0600	INFO	ForkJoinPool-1-worker-1	stdout	operator_metric,nitro,tpch-parquet-sf10,q07,0,TrinoNitroHashJoinOperator,nitroFilterPlannedAssignments,171
[WARNING] [stderr] 2026-08-12T23:21:30.545-0600	INFO	ForkJoinPool-1-worker-1	stdout	operator_metric,nitro,tpch-parquet-sf10,q07,0,TrinoNitroHashJoinOperator,nitroFilterInputPositions,117014
[WARNING] [stderr] 2026-08-12T23:21:30.545-0600	INFO	ForkJoinPool-1-worker-1	stdout	operator_metric,nitro,tpch-parquet-sf10,q07,0,TrinoNitroHashJoinOperator,nitroProjectionRunLengthInputPositions,0
[WARNING] [stderr] 2026-08-12T23:21:30.545-0600	INFO	ForkJoinPool-1-worker-1	stdout	operator_metric,nitro,tpch-parquet-sf10,q07,0,TrinoNitroHashJoinOperator,nitroProjectionPlannedAssignments,0
[WARNING] [stderr] 2026-08-12T23:21:30.545-0600	INFO	ForkJoinPool-1-worker-1	stdout	operator_metric,nitro,tpch-parquet-sf10,q07,0,TrinoNitroHashJoinOperator,nitroProjectionGeneratedKernels,0
[WARNING] [stderr] 2026-08-12T23:21:30.545-0600	INFO	ForkJoinPool-1-worker-1	stdout	operator_metric,nitro,tpch-parquet-sf10,q07,0,TrinoNitroHashJoinOperator,nitroFilterOutputPositions,58365
[WARNING] [stderr] 2026-08-12T23:21:30.545-0600	INFO	ForkJoinPool-1-worker-1	stdout	operator_metric,nitro,tpch-parquet-sf10,q07,0,TrinoNitroHashJoinOperator,nitroProjectionGeneratedAttempts,0
[WARNING] [stderr] 2026-08-12T23:21:30.545-0600	INFO	ForkJoinPool-1-worker-1	stdout	operator_metric,nitro,tpch-parquet-sf10,q07,0,TrinoNitroHashJoinOperator,nitroFilterSourceMaskSuccesses,0
[WARNING] [stderr] 2026-08-12T23:21:30.545-0600	INFO	ForkJoinPool-1-worker-1	stdout	operator_metric,nitro,tpch-parquet-sf10,q07,0,TrinoNitroHashJoinOperator,nitroFilterPlannedPreboundMasks,76
[WARNING] [stderr] 2026-08-12T23:21:30.545-0600	INFO	ForkJoinPool-1-worker-1	stdout	operator_metric,nitro,tpch-parquet-sf10,q07,0,TrinoNitroHashJoinOperator,nitroFilterPlannedCompiledMasks,76
[WARNING] [stderr] 2026-08-12T23:21:30.545-0600	INFO	ForkJoinPool-1-worker-1	stdout	operator_metric,nitro,tpch-parquet-sf10,q07,0,TrinoNitroHashJoinOperator,nitroFilterCompiledMaskAttempts,956
[WARNING] [stderr] 2026-08-12T23:21:30.545-0600	INFO	ForkJoinPool-1-worker-1	stdout	operator_metric,nitro,tpch-parquet-sf10,q07,0,TrinoNitroHashJoinOperator,nitroBoundaryNativeExchangePositions,58365
[WARNING] [stderr] 2026-08-12T23:21:30.545-0600	INFO	ForkJoinPool-1-worker-1	stdout	operator_metric,nitro,tpch-parquet-sf10,q07,0,TrinoNitroHashJoinOperator,nitroProjectionOtherNullExpansionPositions,0
[WARNING] [stderr] 2026-08-12T23:21:30.545-0600	INFO	ForkJoinPool-1-worker-1	stdout	operator_metric,nitro,tpch-parquet-sf10,q07,0,TrinoNitroHashJoinOperator,nitroProjectionPlannedComputedOutputs,0
[WARNING] [stderr] 2026-08-12T23:21:30.545-0600	INFO	ForkJoinPool-1-worker-1	stdout	operator_metric,nitro,tpch-parquet-sf10,q07,0,TrinoNitroHashJoinOperator,nitroFilterMaterializedMaskFallbacks,0
[WARNING] [stderr] 2026-08-12T23:21:30.546-0600	INFO	ForkJoinPool-1-worker-1	stdout	operator_metric,nitro,tpch-parquet-sf10,q07,0,TrinoNitroHashJoinOperator,nitroFilterCompiledMaskSuccesses,956
[WARNING] [stderr] 2026-08-12T23:21:30.546-0600	INFO	ForkJoinPool-1-worker-1	stdout	operator_metric,nitro,tpch-parquet-sf10,q07,0,TrinoNitroHashJoinOperator,nitroProjectionGeneratedSuccesses,0
[WARNING] [stderr] 2026-08-12T23:21:30.546-0600	INFO	ForkJoinPool-1-worker-1	stdout	operator_metric,nitro,tpch-parquet-sf10,q07,0,TrinoNitroHashJoinOperator,nitroFilterPrimitiveMaskSuccesses,0
[WARNING] [stderr] 2026-08-12T23:21:30.546-0600	INFO	ForkJoinPool-1-worker-1	stdout	operator_metric,nitro,tpch-parquet-sf10,q07,0,TrinoNitroHashJoinOperator,nitroFilterPlannedSourceMaskOptimizations,0
[WARNING] [stderr] 2026-08-12T23:21:30.546-0600	INFO	ForkJoinPool-1-worker-1	stdout	operator_metric,nitro,tpch-parquet-sf10,q07,0,TrinoNitroHashJoinOperator,nitroProjectionDictionaryInputPositions,0
[WARNING] [stderr] 2026-08-12T23:21:30.546-0600	INFO	ForkJoinPool-1-worker-1	stdout	operator_metric,nitro,tpch-parquet-sf10,q07,0,TrinoNitroHashJoinOperator,nitroProjectionGeneratedLayoutFallbacks,0
[WARNING] [stderr] 2026-08-12T23:21:30.546-0600	INFO	ForkJoinPool-1-worker-1	stdout	operator_metric,nitro,tpch-parquet-sf10,q07,0,TrinoNitroHashJoinOperator,nitroBoundaryNativeExchangeBytes,13038713
[WARNING] [stderr] 2026-08-12T23:21:30.546-0600	INFO	ForkJoinPool-1-worker-1	stdout	operator_metric,nitro,tpch-parquet-sf10,q07,0,TrinoNitroHashJoinOperator,nitroBoundaryNativeExchangeBatches,239
[WARNING] [stderr] 2026-08-12T23:21:30.546-0600	INFO	ForkJoinPool-1-worker-1	stdout	operator_metric,nitro,tpch-parquet-sf10,q07,0,TrinoNitroHashJoinOperator,nitroBoundaryNativeExchangeMaximumBatchBytes,6344995
[WARNING] [stderr] 2026-08-12T23:21:30.546-0600	INFO	ForkJoinPool-1-worker-1	stdout	operator_metric,nitro,tpch-parquet-sf10,q07,0,TrinoNitroHashJoinOperator,nitroProjectionDictionaryFlatteningPositions,0
[WARNING] [stderr] 2026-08-12T23:21:30.546-0600	INFO	ForkJoinPool-1-worker-1	stdout	operator_metric,nitro,tpch-parquet-sf10,q07,0,TrinoNitroHashJoinOperator,nitroProjectionGeneratedOutputs,0
[WARNING] [stderr] 2026-08-12T23:21:30.546-0600	INFO	ForkJoinPool-1-worker-1	stdout	operator_metric,nitro,tpch-parquet-sf10,q07,0,TrinoNitroHashJoinOperator,nitroFilterCompiledMaskFallbacks,0
[WARNING] [stderr] 2026-08-12T23:21:30.546-0600	INFO	ForkJoinPool-1-worker-1	stdout	operator_metric,nitro,tpch-parquet-sf10,q07,0,TrinoNitroHashJoinOperator,nitroProjectionDictionaryNullExpansionPositions,0
[WARNING] [stderr] 2026-08-12T23:21:30.546-0600	INFO	ForkJoinPool-1-worker-1	stdout	operator_metric,nitro,tpch-parquet-sf10,q07,0,TrinoNitroHashJoinOperator,nitroFilterPrimitiveMaskAttempts,0
[WARNING] [stderr] 2026-08-12T23:21:30.546-0600	INFO	ForkJoinPool-1-worker-1	stdout	nitro,tpch-parquet-sf10,q07,1,488.315,488.315,488.315,488.315,1635.000,1635.000,3.3482,806.798,76586102,0,31
[WARNING] [stderr] 2026-08-12T23:21:30.546-0600	INFO	ForkJoinPool-1-worker-1	stdout	peak_memory,nitro,tpch-parquet-sf10,q07,1,4.763,4.763,6857.229,6857.229
[WARNING] [stderr] 2026-08-12T23:21:34.677-0600	INFO	ForkJoinPool-1-worker-1	stdout	operator_cpu,nitro,tpch-parquet-sf10,q08,0,MergeOperator,1,0.000,0.071,0.000,0,2,2,522.410,0.000,0.000
[WARNING] [stderr] 2026-08-12T23:21:34.677-0600	INFO	ForkJoinPool-1-worker-1	stdout	operator_cpu,nitro,tpch-parquet-sf10,q08,0,TaskOutputOperator,34,4.477,0.000,0.073,0,816412,816412,0.000,0.000,0.000
[WARNING] [stderr] 2026-08-12T23:21:34.677-0600	INFO	ForkJoinPool-1-worker-1	stdout	operator_cpu,nitro,tpch-parquet-sf10,q08,0,ExchangeOperator,17,0.000,3.899,0.000,0,1632825,1632825,2949.501,1.649,0.000
[WARNING] [stderr] 2026-08-12T23:21:34.677-0600	INFO	ForkJoinPool-1-worker-1	stdout	operator_cpu,nitro,tpch-parquet-sf10,q08,0,LocalMergeSourceOperator,2,0.000,0.071,0.000,0,2,2,1041.360,0.000,0.000
[WARNING] [stderr] 2026-08-12T23:21:34.677-0600	INFO	ForkJoinPool-1-worker-1	stdout	operator_cpu,nitro,tpch-parquet-sf10,q08,0,LocalExchangeSinkOperator,17,1.195,0.000,0.204,0,1632825,1632825,0.000,0.000,0.000
[WARNING] [stderr] 2026-08-12T23:21:34.677-0600	INFO	ForkJoinPool-1-worker-1	stdout	operator_cpu,nitro,tpch-parquet-sf10,q08,0,TrinoNitroSortOperator,2,0.051,0.095,0.005,0,2,2,0.000,0.004,0.000
[WARNING] [stderr] 2026-08-12T23:21:34.677-0600	INFO	ForkJoinPool-1-worker-1	stdout	operator_cpu,nitro,tpch-parquet-sf10,q08,0,LocalExchangeSourceOperator,15,0.000,0.598,0.000,0,1632823,1632823,1936.310,0.000,0.000
[WARNING] [stderr] 2026-08-12T23:21:34.677-0600	INFO	ForkJoinPool-1-worker-1	stdout	operator_cpu,nitro,tpch-parquet-sf10,q08,0,TrinoNitroAggregationOperator,8,0.348,4.802,0.220,0,24266,14,0.000,0.071,0.000
[WARNING] [stderr] 2026-08-12T23:21:34.677-0600	INFO	ForkJoinPool-1-worker-1	stdout	operator_cpu,nitro,tpch-parquet-sf10,q08,0,DynamicFilterSourceOperator,12,9.394,0.523,4.740,0,1532811,1532811,0.000,0.563,0.000
[WARNING] [stderr] 2026-08-12T23:21:34.677-0600	INFO	ForkJoinPool-1-worker-1	stdout	operator_cpu,nitro,tpch-parquet-sf10,q08,0,PartitionedOutputOperator,6,0.347,0.000,0.403,0,12,12,0.000,0.000,0.000
[WARNING] [stderr] 2026-08-12T23:21:34.677-0600	INFO	ForkJoinPool-1-worker-1	stdout	operator_cpu,nitro,tpch-parquet-sf10,q08,0,TrinoNitroHashJoinOperator,12,0.185,24.470,0.114,0,146658,48508,228.590,11.193,0.000
[WARNING] [stderr] 2026-08-12T23:21:34.677-0600	INFO	ForkJoinPool-1-worker-1	stdout	operator_cpu,nitro,tpch-parquet-sf10,q08,0,TrinoNitroHashBuildOperator,13,4.172,0.000,41.525,0,1632811,0,2841.310,51.005,0.000
[WARNING] [stderr] 2026-08-12T23:21:34.677-0600	INFO	ForkJoinPool-1-worker-1	stdout	operator_cpu,nitro,tpch-parquet-sf10,q08,0,TrinoNitroPipelineSourceOperator,35,0.000,2234.563,0.000,78586107,7360471,938810,2567.090,11.123,0.000
[WARNING] [stderr] 2026-08-12T23:21:34.677-0600	INFO	ForkJoinPool-1-worker-1	stdout	operator_metric,nitro,tpch-parquet-sf10,q08,0,TrinoNitroAggregationOperator,nitroBoundaryPageEgressBytes,36
[WARNING] [stderr] 2026-08-12T23:21:34.677-0600	INFO	ForkJoinPool-1-worker-1	stdout	operator_metric,nitro,tpch-parquet-sf10,q08,0,TrinoNitroAggregationOperator,nitroProjectionDictionaryInputPositions,24254
[WARNING] [stderr] 2026-08-12T23:21:34.677-0600	INFO	ForkJoinPool-1-worker-1	stdout	operator_metric,nitro,tpch-parquet-sf10,q08,0,TrinoNitroAggregationOperator,nitroBoundaryPageEgressRunLengthChannelPositions,0
[WARNING] [stderr] 2026-08-12T23:21:34.677-0600	INFO	ForkJoinPool-1-worker-1	stdout	operator_metric,nitro,tpch-parquet-sf10,q08,0,TrinoNitroAggregationOperator,nitroProjectionGeneratedSelectedPositions,24254
[WARNING] [stderr] 2026-08-12T23:21:34.677-0600	INFO	ForkJoinPool-1-worker-1	stdout	operator_metric,nitro,tpch-parquet-sf10,q08,0,TrinoNitroAggregationOperator,nitroBoundaryPageIngressBytes,324
[WARNING] [stderr] 2026-08-12T23:21:34.677-0600	INFO	ForkJoinPool-1-worker-1	stdout	operator_metric,nitro,tpch-parquet-sf10,q08,0,TrinoNitroAggregationOperator,nitroBoundaryPageIngressDictionaryChannelPositions,0
[WARNING] [stderr] 2026-08-12T23:21:34.677-0600	INFO	ForkJoinPool-1-worker-1	stdout	operator_metric,nitro,tpch-parquet-sf10,q08,0,TrinoNitroAggregationOperator,nitroProjectionOtherNullExpansionPositions,0
[WARNING] [stderr] 2026-08-12T23:21:34.677-0600	INFO	ForkJoinPool-1-worker-1	stdout	operator_metric,nitro,tpch-parquet-sf10,q08,0,TrinoNitroAggregationOperator,nitroProjectionOtherInputPositions,0
[WARNING] [stderr] 2026-08-12T23:21:34.677-0600	INFO	ForkJoinPool-1-worker-1	stdout	operator_metric,nitro,tpch-parquet-sf10,q08,0,TrinoNitroAggregationOperator,nitroBoundaryPageEgressFlatChannelPositions,4
[WARNING] [stderr] 2026-08-12T23:21:34.677-0600	INFO	ForkJoinPool-1-worker-1	stdout	operator_metric,nitro,tpch-parquet-sf10,q08,0,TrinoNitroAggregationOperator,nitroProjectionDictionaryNullExpansionPositions,0
[WARNING] [stderr] 2026-08-12T23:21:34.677-0600	INFO	ForkJoinPool-1-worker-1	stdout	operator_metric,nitro,tpch-parquet-sf10,q08,0,TrinoNitroAggregationOperator,nitroBoundaryNativeEgressRunLengthChannelPositions,0
[WARNING] [stderr] 2026-08-12T23:21:34.677-0600	INFO	ForkJoinPool-1-worker-1	stdout	operator_metric,nitro,tpch-parquet-sf10,q08,0,TrinoNitroAggregationOperator,nitroBoundaryPageIngressRunLengthChannelPositions,0
[WARNING] [stderr] 2026-08-12T23:21:34.677-0600	INFO	ForkJoinPool-1-worker-1	stdout	operator_metric,nitro,tpch-parquet-sf10,q08,0,TrinoNitroAggregationOperator,nitroAggregationGroupingNanos,667689
[WARNING] [stderr] 2026-08-12T23:21:34.677-0600	INFO	ForkJoinPool-1-worker-1	stdout	operator_metric,nitro,tpch-parquet-sf10,q08,0,TrinoNitroAggregationOperator,nitroProjectionRunLengthInputPositions,0
[WARNING] [stderr] 2026-08-12T23:21:34.677-0600	INFO	ForkJoinPool-1-worker-1	stdout	operator_metric,nitro,tpch-parquet-sf10,q08,0,TrinoNitroAggregationOperator,nitroAggregationStatePreparationNanos,50709
[WARNING] [stderr] 2026-08-12T23:21:34.677-0600	INFO	ForkJoinPool-1-worker-1	stdout	operator_metric,nitro,tpch-parquet-sf10,q08,0,TrinoNitroAggregationOperator,nitroAggregationPipelineNanos,48434
[WARNING] [stderr] 2026-08-12T23:21:34.677-0600	INFO	ForkJoinPool-1-worker-1	stdout	operator_metric,nitro,tpch-parquet-sf10,q08,0,TrinoNitroAggregationOperator,nitroProjectionPlannedComputedOutputs,14
[WARNING] [stderr] 2026-08-12T23:21:34.677-0600	INFO	ForkJoinPool-1-worker-1	stdout	operator_metric,nitro,tpch-parquet-sf10,q08,0,TrinoNitroAggregationOperator,nitroBoundaryPageIngressFlatChannelPositions,36
[WARNING] [stderr] 2026-08-12T23:21:34.677-0600	INFO	ForkJoinPool-1-worker-1	stdout	operator_metric,nitro,tpch-parquet-sf10,q08,0,TrinoNitroAggregationOperator,nitroBoundaryNativeEgressDictionaryChannelPositions,0
[WARNING] [stderr] 2026-08-12T23:21:34.677-0600	INFO	ForkJoinPool-1-worker-1	stdout	operator_metric,nitro,tpch-parquet-sf10,q08,0,TrinoNitroAggregationOperator,nitroAggregationInitialFlatKeyNanos,0
[WARNING] [stderr] 2026-08-12T23:21:34.677-0600	INFO	ForkJoinPool-1-worker-1	stdout	operator_metric,nitro,tpch-parquet-sf10,q08,0,TrinoNitroAggregationOperator,nitroProjectionGeneratedSuccesses,125
[WARNING] [stderr] 2026-08-12T23:21:34.677-0600	INFO	ForkJoinPool-1-worker-1	stdout	operator_metric,nitro,tpch-parquet-sf10,q08,0,TrinoNitroAggregationOperator,nitroProjectionGeneratedAttempts,125
[WARNING] [stderr] 2026-08-12T23:21:34.677-0600	INFO	ForkJoinPool-1-worker-1	stdout	operator_metric,nitro,tpch-parquet-sf10,q08,0,TrinoNitroAggregationOperator,nitroAggregationAccumulationNanos,1885494
[WARNING] [stderr] 2026-08-12T23:21:34.677-0600	INFO	ForkJoinPool-1-worker-1	stdout	operator_metric,nitro,tpch-parquet-sf10,q08,0,TrinoNitroAggregationOperator,nitroAggregationFusedNanos,0
[WARNING] [stderr] 2026-08-12T23:21:34.677-0600	INFO	ForkJoinPool-1-worker-1	stdout	operator_metric,nitro,tpch-parquet-sf10,q08,0,TrinoNitroAggregationOperator,nitroBoundaryPageEgressPositions,2
[WARNING] [stderr] 2026-08-12T23:21:34.677-0600	INFO	ForkJoinPool-1-worker-1	stdout	operator_metric,nitro,tpch-parquet-sf10,q08,0,TrinoNitroAggregationOperator,nitroProjectionDictionaryFlatteningPositions,0
[WARNING] [stderr] 2026-08-12T23:21:34.677-0600	INFO	ForkJoinPool-1-worker-1	stdout	operator_metric,nitro,tpch-parquet-sf10,q08,0,TrinoNitroAggregationOperator,nitroAggregationOutputNanos,71414
[WARNING] [stderr] 2026-08-12T23:21:34.677-0600	INFO	ForkJoinPool-1-worker-1	stdout	operator_metric,nitro,tpch-parquet-sf10,q08,0,TrinoNitroAggregationOperator,nitroAggregationInitialEncodedKeyNanos,0
[WARNING] [stderr] 2026-08-12T23:21:34.677-0600	INFO	ForkJoinPool-1-worker-1	stdout	operator_metric,nitro,tpch-parquet-sf10,q08,0,TrinoNitroAggregationOperator,nitroBoundaryPageEgressPages,2
[WARNING] [stderr] 2026-08-12T23:21:34.677-0600	INFO	ForkJoinPool-1-worker-1	stdout	operator_metric,nitro,tpch-parquet-sf10,q08,0,TrinoNitroAggregationOperator,nitroProjectionPlannedAssignments,32
[WARNING] [stderr] 2026-08-12T23:21:34.677-0600	INFO	ForkJoinPool-1-worker-1	stdout	operator_metric,nitro,tpch-parquet-sf10,q08,0,TrinoNitroAggregationOperator,nitroBoundaryPageIngressPages,12
[WARNING] [stderr] 2026-08-12T23:21:34.677-0600	INFO	ForkJoinPool-1-worker-1	stdout	operator_metric,nitro,tpch-parquet-sf10,q08,0,TrinoNitroAggregationOperator,nitroProjectionGeneratedLayoutFallbacks,0
[WARNING] [stderr] 2026-08-12T23:21:34.677-0600	INFO	ForkJoinPool-1-worker-1	stdout	operator_metric,nitro,tpch-parquet-sf10,q08,0,TrinoNitroAggregationOperator,nitroAggregationInputNanos,3815123
[WARNING] [stderr] 2026-08-12T23:21:34.677-0600	INFO	ForkJoinPool-1-worker-1	stdout	operator_metric,nitro,tpch-parquet-sf10,q08,0,TrinoNitroAggregationOperator,nitroProjectionIntegerWideningPositions,0
[WARNING] [stderr] 2026-08-12T23:21:34.677-0600	INFO	ForkJoinPool-1-worker-1	stdout	operator_metric,nitro,tpch-parquet-sf10,q08,0,TrinoNitroAggregationOperator,nitroBoundaryPageEgressDictionaryChannelPositions,0
[WARNING] [stderr] 2026-08-12T23:21:34.677-0600	INFO	ForkJoinPool-1-worker-1	stdout	operator_metric,nitro,tpch-parquet-sf10,q08,0,TrinoNitroAggregationOperator,nitroProjectionGeneratedErrorFallbacks,0
[WARNING] [stderr] 2026-08-12T23:21:34.678-0600	INFO	ForkJoinPool-1-worker-1	stdout	operator_metric,nitro,tpch-parquet-sf10,q08,0,TrinoNitroAggregationOperator,nitroAggregationInitialAggregationNanos,0
[WARNING] [stderr] 2026-08-12T23:21:34.678-0600	INFO	ForkJoinPool-1-worker-1	stdout	operator_metric,nitro,tpch-parquet-sf10,q08,0,TrinoNitroAggregationOperator,nitroBoundaryNativeEgressFlatChannelPositions,4
[WARNING] [stderr] 2026-08-12T23:21:34.678-0600	INFO	ForkJoinPool-1-worker-1	stdout	operator_metric,nitro,tpch-parquet-sf10,q08,0,TrinoNitroAggregationOperator,nitroAggregationFlushNanos,0
[WARNING] [stderr] 2026-08-12T23:21:34.678-0600	INFO	ForkJoinPool-1-worker-1	stdout	operator_metric,nitro,tpch-parquet-sf10,q08,0,TrinoNitroAggregationOperator,nitroProjectionFlatInputPositions,24254
[WARNING] [stderr] 2026-08-12T23:21:34.678-0600	INFO	ForkJoinPool-1-worker-1	stdout	operator_metric,nitro,tpch-parquet-sf10,q08,0,TrinoNitroAggregationOperator,nitroBoundaryPageIngressPositions,12
[WARNING] [stderr] 2026-08-12T23:21:34.678-0600	INFO	ForkJoinPool-1-worker-1	stdout	operator_metric,nitro,tpch-parquet-sf10,q08,0,TrinoNitroAggregationOperator,nitroProjectionGeneratedOutputs,6
[WARNING] [stderr] 2026-08-12T23:21:34.678-0600	INFO	ForkJoinPool-1-worker-1	stdout	operator_metric,nitro,tpch-parquet-sf10,q08,0,TrinoNitroAggregationOperator,nitroProjectionGeneratedKernels,6
[WARNING] [stderr] 2026-08-12T23:21:34.678-0600	INFO	ForkJoinPool-1-worker-1	stdout	operator_metric,nitro,tpch-parquet-sf10,q08,0,TrinoNitroAggregationOperator,nitroAggregationInitialKeyNanos,0
[WARNING] [stderr] 2026-08-12T23:21:34.678-0600	INFO	ForkJoinPool-1-worker-1	stdout	operator_metric,nitro,tpch-parquet-sf10,q08,0,TrinoNitroAggregationOperator,nitroBoundaryNativeExchangeMaximumChannel0Bytes,108
[WARNING] [stderr] 2026-08-12T23:21:34.678-0600	INFO	ForkJoinPool-1-worker-1	stdout	operator_metric,nitro,tpch-parquet-sf10,q08,0,TrinoNitroAggregationOperator,nitroBoundaryNativeExchangeMaximumChannel1Bytes,108
[WARNING] [stderr] 2026-08-12T23:21:34.678-0600	INFO	ForkJoinPool-1-worker-1	stdout	operator_metric,nitro,tpch-parquet-sf10,q08,0,TrinoNitroAggregationOperator,nitroBoundaryNativeExchangeMaximumChannel2Bytes,108
[WARNING] [stderr] 2026-08-12T23:21:34.678-0600	INFO	ForkJoinPool-1-worker-1	stdout	operator_metric,nitro,tpch-parquet-sf10,q08,0,TrinoNitroAggregationOperator,nitroBoundaryNativeExchangePositions,12
[WARNING] [stderr] 2026-08-12T23:21:34.678-0600	INFO	ForkJoinPool-1-worker-1	stdout	operator_metric,nitro,tpch-parquet-sf10,q08,0,TrinoNitroAggregationOperator,nitroBoundaryNativeExchangeBytes,324
[WARNING] [stderr] 2026-08-12T23:21:34.678-0600	INFO	ForkJoinPool-1-worker-1	stdout	operator_metric,nitro,tpch-parquet-sf10,q08,0,TrinoNitroAggregationOperator,nitroBoundaryNativeExchangeBatches,6
[WARNING] [stderr] 2026-08-12T23:21:34.678-0600	INFO	ForkJoinPool-1-worker-1	stdout	operator_metric,nitro,tpch-parquet-sf10,q08,0,TrinoNitroAggregationOperator,nitroBoundaryNativeExchangeMaximumBatchBytes,324
[WARNING] [stderr] 2026-08-12T23:21:34.678-0600	INFO	ForkJoinPool-1-worker-1	stdout	operator_metric,nitro,tpch-parquet-sf10,q08,0,PartitionedOutputOperator,nitroExchangeInputFlatChannelPositions,36
[WARNING] [stderr] 2026-08-12T23:21:34.678-0600	INFO	ForkJoinPool-1-worker-1	stdout	operator_metric,nitro,tpch-parquet-sf10,q08,0,PartitionedOutputOperator,nitroExchangeInputDictionaryChannelPositions,0
[WARNING] [stderr] 2026-08-12T23:21:34.678-0600	INFO	ForkJoinPool-1-worker-1	stdout	operator_metric,nitro,tpch-parquet-sf10,q08,0,PartitionedOutputOperator,nitroExchangeInputPages,6
[WARNING] [stderr] 2026-08-12T23:21:34.678-0600	INFO	ForkJoinPool-1-worker-1	stdout	operator_metric,nitro,tpch-parquet-sf10,q08,0,PartitionedOutputOperator,nitroExchangeInputRunLengthChannelPositions,0
[WARNING] [stderr] 2026-08-12T23:21:34.678-0600	INFO	ForkJoinPool-1-worker-1	stdout	operator_metric,nitro,tpch-parquet-sf10,q08,0,PartitionedOutputOperator,nitroExchangeInputPositions,12
[WARNING] [stderr] 2026-08-12T23:21:34.678-0600	INFO	ForkJoinPool-1-worker-1	stdout	operator_metric,nitro,tpch-parquet-sf10,q08,0,PartitionedOutputOperator,nitroExchangeDictionaryUnsupportedPositions,0
[WARNING] [stderr] 2026-08-12T23:21:34.678-0600	INFO	ForkJoinPool-1-worker-1	stdout	operator_metric,nitro,tpch-parquet-sf10,q08,0,PartitionedOutputOperator,nitroExchangeLowDictionaryReusePositions,0
[WARNING] [stderr] 2026-08-12T23:21:34.678-0600	INFO	ForkJoinPool-1-worker-1	stdout	operator_metric,nitro,tpch-parquet-sf10,q08,0,PartitionedOutputOperator,nitroExchangeSmallPagePositions,0
[WARNING] [stderr] 2026-08-12T23:21:34.678-0600	INFO	ForkJoinPool-1-worker-1	stdout	operator_metric,nitro,tpch-parquet-sf10,q08,0,PartitionedOutputOperator,nitroExchangeNoDictionaryPositions,12
[WARNING] [stderr] 2026-08-12T23:21:34.678-0600	INFO	ForkJoinPool-1-worker-1	stdout	operator_metric,nitro,tpch-parquet-sf10,q08,0,PartitionedOutputOperator,nitroExchangePreservedPositions,0
[WARNING] [stderr] 2026-08-12T23:21:34.678-0600	INFO	ForkJoinPool-1-worker-1	stdout	operator_metric,nitro,tpch-parquet-sf10,q08,0,PartitionedOutputOperator,nitroExchangeRunLengthUnsupportedPositions,0
[WARNING] [stderr] 2026-08-12T23:21:34.678-0600	INFO	ForkJoinPool-1-worker-1	stdout	operator_metric,nitro,tpch-parquet-sf10,q08,0,TrinoNitroHashJoinOperator,nitroProjectionGeneratedSuccesses,125
[WARNING] [stderr] 2026-08-12T23:21:34.678-0600	INFO	ForkJoinPool-1-worker-1	stdout	operator_metric,nitro,tpch-parquet-sf10,q08,0,TrinoNitroHashJoinOperator,nitroProjectionRunLengthInputPositions,0
[WARNING] [stderr] 2026-08-12T23:21:34.678-0600	INFO	ForkJoinPool-1-worker-1	stdout	operator_metric,nitro,tpch-parquet-sf10,q08,0,TrinoNitroHashJoinOperator,nitroProjectionGeneratedErrorFallbacks,0
[WARNING] [stderr] 2026-08-12T23:21:34.678-0600	INFO	ForkJoinPool-1-worker-1	stdout	operator_metric,nitro,tpch-parquet-sf10,q08,0,TrinoNitroHashJoinOperator,nitroProjectionDictionaryInputPositions,0
[WARNING] [stderr] 2026-08-12T23:21:34.678-0600	INFO	ForkJoinPool-1-worker-1	stdout	operator_metric,nitro,tpch-parquet-sf10,q08,0,TrinoNitroHashJoinOperator,nitroProjectionFlatInputPositions,48508
[WARNING] [stderr] 2026-08-12T23:21:34.678-0600	INFO	ForkJoinPool-1-worker-1	stdout	operator_metric,nitro,tpch-parquet-sf10,q08,0,TrinoNitroHashJoinOperator,nitroProjectionGeneratedKernels,6
[WARNING] [stderr] 2026-08-12T23:21:34.678-0600	INFO	ForkJoinPool-1-worker-1	stdout	operator_metric,nitro,tpch-parquet-sf10,q08,0,TrinoNitroHashJoinOperator,nitroProjectionPlannedComputedOutputs,6
[WARNING] [stderr] 2026-08-12T23:21:34.678-0600	INFO	ForkJoinPool-1-worker-1	stdout	operator_metric,nitro,tpch-parquet-sf10,q08,0,TrinoNitroHashJoinOperator,nitroProjectionGeneratedLayoutFallbacks,0
[WARNING] [stderr] 2026-08-12T23:21:34.678-0600	INFO	ForkJoinPool-1-worker-1	stdout	operator_metric,nitro,tpch-parquet-sf10,q08,0,TrinoNitroHashJoinOperator,nitroProjectionGeneratedAttempts,125
[WARNING] [stderr] 2026-08-12T23:21:34.678-0600	INFO	ForkJoinPool-1-worker-1	stdout	operator_metric,nitro,tpch-parquet-sf10,q08,0,TrinoNitroHashJoinOperator,nitroProjectionPlannedAssignments,18
[WARNING] [stderr] 2026-08-12T23:21:34.678-0600	INFO	ForkJoinPool-1-worker-1	stdout	operator_metric,nitro,tpch-parquet-sf10,q08,0,TrinoNitroHashJoinOperator,nitroProjectionGeneratedSelectedPositions,24254
[WARNING] [stderr] 2026-08-12T23:21:34.678-0600	INFO	ForkJoinPool-1-worker-1	stdout	operator_metric,nitro,tpch-parquet-sf10,q08,0,TrinoNitroHashJoinOperator,nitroBoundaryNativeExchangeMaximumBatchBytes,12698284
[WARNING] [stderr] 2026-08-12T23:21:34.678-0600	INFO	ForkJoinPool-1-worker-1	stdout	operator_metric,nitro,tpch-parquet-sf10,q08,0,TrinoNitroHashJoinOperator,nitroProjectionOtherInputPositions,0
[WARNING] [stderr] 2026-08-12T23:21:34.678-0600	INFO	ForkJoinPool-1-worker-1	stdout	operator_metric,nitro,tpch-parquet-sf10,q08,0,TrinoNitroHashJoinOperator,nitroProjectionDictionaryFlatteningPositions,0
[WARNING] [stderr] 2026-08-12T23:21:34.678-0600	INFO	ForkJoinPool-1-worker-1	stdout	operator_metric,nitro,tpch-parquet-sf10,q08,0,TrinoNitroHashJoinOperator,nitroProjectionGeneratedOutputs,6
[WARNING] [stderr] 2026-08-12T23:21:34.678-0600	INFO	ForkJoinPool-1-worker-1	stdout	operator_metric,nitro,tpch-parquet-sf10,q08,0,TrinoNitroHashJoinOperator,nitroProjectionDictionaryNullExpansionPositions,0
[WARNING] [stderr] 2026-08-12T23:21:34.678-0600	INFO	ForkJoinPool-1-worker-1	stdout	operator_metric,nitro,tpch-parquet-sf10,q08,0,TrinoNitroHashJoinOperator,nitroBoundaryNativeExchangePositions,48508
[WARNING] [stderr] 2026-08-12T23:21:34.678-0600	INFO	ForkJoinPool-1-worker-1	stdout	operator_metric,nitro,tpch-parquet-sf10,q08,0,TrinoNitroHashJoinOperator,nitroBoundaryNativeExchangeBatches,250
[WARNING] [stderr] 2026-08-12T23:21:34.678-0600	INFO	ForkJoinPool-1-worker-1	stdout	operator_metric,nitro,tpch-parquet-sf10,q08,0,TrinoNitroHashJoinOperator,nitroProjectionIntegerWideningPositions,0
[WARNING] [stderr] 2026-08-12T23:21:34.678-0600	INFO	ForkJoinPool-1-worker-1	stdout	operator_metric,nitro,tpch-parquet-sf10,q08,0,TrinoNitroHashJoinOperator,nitroProjectionOtherNullExpansionPositions,0
[WARNING] [stderr] 2026-08-12T23:21:34.678-0600	INFO	ForkJoinPool-1-worker-1	stdout	operator_metric,nitro,tpch-parquet-sf10,q08,0,TrinoNitroHashJoinOperator,nitroBoundaryNativeExchangeBytes,264290934
[WARNING] [stderr] 2026-08-12T23:21:34.678-0600	INFO	ForkJoinPool-1-worker-1	stdout	operator_metric,nitro,tpch-parquet-sf10,q08,0,TrinoNitroPipelineSourceOperator,nitroAllocatorAllocatedVectorBytes.BooleanVector,5080762
[WARNING] [stderr] 2026-08-12T23:21:34.678-0600	INFO	ForkJoinPool-1-worker-1	stdout	operator_metric,nitro,tpch-parquet-sf10,q08,0,TrinoNitroPipelineSourceOperator,nitroAllocatorAllocatedVectorBytes,67582758
[WARNING] [stderr] 2026-08-12T23:21:34.678-0600	INFO	ForkJoinPool-1-worker-1	stdout	operator_metric,nitro,tpch-parquet-sf10,q08,0,TrinoNitroPipelineSourceOperator,nitroFilterOutputPositions,4570966
[WARNING] [stderr] 2026-08-12T23:21:34.678-0600	INFO	ForkJoinPool-1-worker-1	stdout	operator_metric,nitro,tpch-parquet-sf10,q08,0,TrinoNitroPipelineSourceOperator,nitroFilterCompiledMaskFallbacks,0
[WARNING] [stderr] 2026-08-12T23:21:34.678-0600	INFO	ForkJoinPool-1-worker-1	stdout	operator_metric,nitro,tpch-parquet-sf10,q08,0,TrinoNitroPipelineSourceOperator,nitroAllocatorAllocatedBytes,252172146
[WARNING] [stderr] 2026-08-12T23:21:34.678-0600	INFO	ForkJoinPool-1-worker-1	stdout	operator_metric,nitro,tpch-parquet-sf10,q08,0,TrinoNitroPipelineSourceOperator,nitroFilterPlannedSourceMaskOptimizations,0
[WARNING] [stderr] 2026-08-12T23:21:34.678-0600	INFO	ForkJoinPool-1-worker-1	stdout	operator_metric,nitro,tpch-parquet-sf10,q08,0,TrinoNitroPipelineSourceOperator,nitroAllocatorAllocatedVectorBytes.RleVector,4716
[WARNING] [stderr] 2026-08-12T23:21:34.678-0600	INFO	ForkJoinPool-1-worker-1	stdout	operator_metric,nitro,tpch-parquet-sf10,q08,0,TrinoNitroPipelineSourceOperator,nitroOperatorConstructionNanos,1917718
[WARNING] [stderr] 2026-08-12T23:21:34.678-0600	INFO	ForkJoinPool-1-worker-1	stdout	operator_metric,nitro,tpch-parquet-sf10,q08,0,TrinoNitroPipelineSourceOperator,nitroAllocatorAllocatedBytes.HashJoinOperatorBuild,0
[WARNING] [stderr] 2026-08-12T23:21:34.678-0600	INFO	ForkJoinPool-1-worker-1	stdout	operator_metric,nitro,tpch-parquet-sf10,q08,0,TrinoNitroPipelineSourceOperator,nitroAllocatorAllocatedBytes.HashJoinOperator,41621850
[WARNING] [stderr] 2026-08-12T23:21:34.678-0600	INFO	ForkJoinPool-1-worker-1	stdout	operator_metric,nitro,tpch-parquet-sf10,q08,0,TrinoNitroPipelineSourceOperator,nitroAllocatorAllocatedBytes.trino-native-source-ingress,0
[WARNING] [stderr] 2026-08-12T23:21:34.678-0600	INFO	ForkJoinPool-1-worker-1	stdout	operator_metric,nitro,tpch-parquet-sf10,q08,0,TrinoNitroPipelineSourceOperator,nitroBoundaryNativeExchangeBatches,125
[WARNING] [stderr] 2026-08-12T23:21:34.678-0600	INFO	ForkJoinPool-1-worker-1	stdout	operator_metric,nitro,tpch-parquet-sf10,q08,0,TrinoNitroPipelineSourceOperator,nitroFilterPlannedAssignments,38
[WARNING] [stderr] 2026-08-12T23:21:34.678-0600	INFO	ForkJoinPool-1-worker-1	stdout	operator_metric,nitro,tpch-parquet-sf10,q08,0,TrinoNitroPipelineSourceOperator,nitroFilterCompiledMaskSuccesses,57
[WARNING] [stderr] 2026-08-12T23:21:34.678-0600	INFO	ForkJoinPool-1-worker-1	stdout	operator_metric,nitro,tpch-parquet-sf10,q08,0,TrinoNitroPipelineSourceOperator,nitroAllocatorAllocatedVectorBytes.DictionaryVector,2268848
[WARNING] [stderr] 2026-08-12T23:21:34.678-0600	INFO	ForkJoinPool-1-worker-1	stdout	operator_metric,nitro,tpch-parquet-sf10,q08,0,TrinoNitroPipelineSourceOperator,nitroFilterPlannedCompiledMasks,4
[WARNING] [stderr] 2026-08-12T23:21:34.678-0600	INFO	ForkJoinPool-1-worker-1	stdout	operator_metric,nitro,tpch-parquet-sf10,q08,0,TrinoNitroPipelineSourceOperator,nitroFilterPrimitiveMaskAttempts,0
[WARNING] [stderr] 2026-08-12T23:21:34.678-0600	INFO	ForkJoinPool-1-worker-1	stdout	operator_metric,nitro,tpch-parquet-sf10,q08,0,TrinoNitroPipelineSourceOperator,nitroNativeSourceCreationNanos,2507499
[WARNING] [stderr] 2026-08-12T23:21:34.678-0600	INFO	ForkJoinPool-1-worker-1	stdout	operator_metric,nitro,tpch-parquet-sf10,q08,0,TrinoNitroPipelineSourceOperator,nitroAllocatorAllocatedBytes.NitroParquetBatchSource,48763912
[WARNING] [stderr] 2026-08-12T23:21:34.678-0600	INFO	ForkJoinPool-1-worker-1	stdout	operator_metric,nitro,tpch-parquet-sf10,q08,0,TrinoNitroPipelineSourceOperator,nitroFilterPrimitiveMaskSuccesses,0
[WARNING] [stderr] 2026-08-12T23:21:34.678-0600	INFO	ForkJoinPool-1-worker-1	stdout	operator_metric,nitro,tpch-parquet-sf10,q08,0,TrinoNitroPipelineSourceOperator,nitroBoundaryNativeExchangeMaximumBatchBytes,58265094
[WARNING] [stderr] 2026-08-12T23:21:34.678-0600	INFO	ForkJoinPool-1-worker-1	stdout	operator_metric,nitro,tpch-parquet-sf10,q08,0,TrinoNitroPipelineSourceOperator,nitroFilterInputPositions,6557518
[WARNING] [stderr] 2026-08-12T23:21:34.678-0600	INFO	ForkJoinPool-1-worker-1	stdout	operator_metric,nitro,tpch-parquet-sf10,q08,0,TrinoNitroPipelineSourceOperator,nitroBoundaryNativeExchangePositions,122404
[WARNING] [stderr] 2026-08-12T23:21:34.678-0600	INFO	ForkJoinPool-1-worker-1	stdout	operator_metric,nitro,tpch-parquet-sf10,q08,0,TrinoNitroPipelineSourceOperator,nitroFilterPlannedPreboundMasks,4
[WARNING] [stderr] 2026-08-12T23:21:34.678-0600	INFO	ForkJoinPool-1-worker-1	stdout	operator_metric,nitro,tpch-parquet-sf10,q08,0,TrinoNitroPipelineSourceOperator,nitroFilterSourceMaskSuccesses,0
[WARNING] [stderr] 2026-08-12T23:21:34.678-0600	INFO	ForkJoinPool-1-worker-1	stdout	operator_metric,nitro,tpch-parquet-sf10,q08,0,TrinoNitroPipelineSourceOperator,nitroAllocatorAllocatedBytes.FilterOperator,0
[WARNING] [stderr] 2026-08-12T23:21:34.678-0600	INFO	ForkJoinPool-1-worker-1	stdout	operator_metric,nitro,tpch-parquet-sf10,q08,0,TrinoNitroPipelineSourceOperator,nitroAllocatorAllocatedVectorBytes.I64Vector,33430792
[WARNING] [stderr] 2026-08-12T23:21:34.678-0600	INFO	ForkJoinPool-1-worker-1	stdout	operator_metric,nitro,tpch-parquet-sf10,q08,0,TrinoNitroPipelineSourceOperator,nitroFilterCompiledMaskAttempts,57
[WARNING] [stderr] 2026-08-12T23:21:34.678-0600	INFO	ForkJoinPool-1-worker-1	stdout	operator_metric,nitro,tpch-parquet-sf10,q08,0,TrinoNitroPipelineSourceOperator,nitroAllocatorAllocatedBytes.HashJoinOperatorIndex,161786368
[WARNING] [stderr] 2026-08-12T23:21:34.678-0600	INFO	ForkJoinPool-1-worker-1	stdout	operator_metric,nitro,tpch-parquet-sf10,q08,0,TrinoNitroPipelineSourceOperator,nitroFilterPrimitiveMaskFallbacks,0
[WARNING] [stderr] 2026-08-12T23:21:34.678-0600	INFO	ForkJoinPool-1-worker-1	stdout	operator_metric,nitro,tpch-parquet-sf10,q08,0,TrinoNitroPipelineSourceOperator,nitroAllocatorAllocatedVectorBytes.I32Vector,2289616
[WARNING] [stderr] 2026-08-12T23:21:34.678-0600	INFO	ForkJoinPool-1-worker-1	stdout	operator_metric,nitro,tpch-parquet-sf10,q08,0,TrinoNitroPipelineSourceOperator,nitroFilterMaterializedMaskFallbacks,0
[WARNING] [stderr] 2026-08-12T23:21:34.678-0600	INFO	ForkJoinPool-1-worker-1	stdout	operator_metric,nitro,tpch-parquet-sf10,q08,0,TrinoNitroPipelineSourceOperator,nitroBoundaryNativeExchangeBytes,1213401821
[WARNING] [stderr] 2026-08-12T23:21:34.678-0600	INFO	ForkJoinPool-1-worker-1	stdout	operator_metric,nitro,tpch-parquet-sf10,q08,0,TrinoNitroPipelineSourceOperator,nitroFilterDirectPreboundMaskSuccesses,0
[WARNING] [stderr] 2026-08-12T23:21:34.678-0600	INFO	ForkJoinPool-1-worker-1	stdout	operator_metric,nitro,tpch-parquet-sf10,q08,0,TrinoNitroPipelineSourceOperator,nitroBoundaryPageEgressPages,228
[WARNING] [stderr] 2026-08-12T23:21:34.678-0600	INFO	ForkJoinPool-1-worker-1	stdout	operator_metric,nitro,tpch-parquet-sf10,q08,0,TrinoNitroPipelineSourceOperator,nitroBoundaryNativeEgressFlatChannelPositions,2026892
[WARNING] [stderr] 2026-08-12T23:21:34.678-0600	INFO	ForkJoinPool-1-worker-1	stdout	operator_metric,nitro,tpch-parquet-sf10,q08,0,TrinoNitroPipelineSourceOperator,nitroAllocatorAllocatedVectorBytes.F64Vector,12911584
[WARNING] [stderr] 2026-08-12T23:21:34.678-0600	INFO	ForkJoinPool-1-worker-1	stdout	operator_metric,nitro,tpch-parquet-sf10,q08,0,TrinoNitroPipelineSourceOperator,nitroBoundaryNativeEgressDictionaryChannelPositions,100000
[WARNING] [stderr] 2026-08-12T23:21:34.678-0600	INFO	ForkJoinPool-1-worker-1	stdout	operator_metric,nitro,tpch-parquet-sf10,q08,0,TrinoNitroPipelineSourceOperator,nitroBoundaryPageEgressPositions,816406
[WARNING] [stderr] 2026-08-12T23:21:34.678-0600	INFO	ForkJoinPool-1-worker-1	stdout	operator_metric,nitro,tpch-parquet-sf10,q08,0,TrinoNitroPipelineSourceOperator,nitroBoundaryPageEgressBytes,19850105
[WARNING] [stderr] 2026-08-12T23:21:34.678-0600	INFO	ForkJoinPool-1-worker-1	stdout	operator_metric,nitro,tpch-parquet-sf10,q08,0,TrinoNitroPipelineSourceOperator,nitroBoundaryPageEgressDictionaryChannelPositions,100000
[WARNING] [stderr] 2026-08-12T23:21:34.678-0600	INFO	ForkJoinPool-1-worker-1	stdout	operator_metric,nitro,tpch-parquet-sf10,q08,0,TrinoNitroPipelineSourceOperator,nitroBoundaryNativeEgressRunLengthChannelPositions,0
[WARNING] [stderr] 2026-08-12T23:21:34.678-0600	INFO	ForkJoinPool-1-worker-1	stdout	operator_metric,nitro,tpch-parquet-sf10,q08,0,TrinoNitroPipelineSourceOperator,nitroBoundaryPageEgressFlatChannelPositions,2026892
[WARNING] [stderr] 2026-08-12T23:21:34.678-0600	INFO	ForkJoinPool-1-worker-1	stdout	operator_metric,nitro,tpch-parquet-sf10,q08,0,TrinoNitroPipelineSourceOperator,nitroBoundaryPageEgressRunLengthChannelPositions,0
[WARNING] [stderr] 2026-08-12T23:21:34.678-0600	INFO	ForkJoinPool-1-worker-1	stdout	operator_metric,nitro,tpch-parquet-sf10,q08,0,TrinoNitroPipelineSourceOperator,nitroAllocatorAllocatedVectorBytes.BinaryVector,11596440
[WARNING] [stderr] 2026-08-12T23:21:34.678-0600	INFO	ForkJoinPool-1-worker-1	stdout	operator_metric,nitro,tpch-parquet-sf10,q08,0,TrinoNitroPipelineSourceOperator,nitroProjectionPlannedComputedOutputs,0
[WARNING] [stderr] 2026-08-12T23:21:34.678-0600	INFO	ForkJoinPool-1-worker-1	stdout	operator_metric,nitro,tpch-parquet-sf10,q08,0,TrinoNitroPipelineSourceOperator,nitroProjectionOtherInputPositions,0
[WARNING] [stderr] 2026-08-12T23:21:34.678-0600	INFO	ForkJoinPool-1-worker-1	stdout	operator_metric,nitro,tpch-parquet-sf10,q08,0,TrinoNitroPipelineSourceOperator,nitroProjectionDictionaryNullExpansionPositions,0
[WARNING] [stderr] 2026-08-12T23:21:34.678-0600	INFO	ForkJoinPool-1-worker-1	stdout	operator_metric,nitro,tpch-parquet-sf10,q08,0,TrinoNitroPipelineSourceOperator,nitroProjectionGeneratedOutputs,0
[WARNING] [stderr] 2026-08-12T23:21:34.678-0600	INFO	ForkJoinPool-1-worker-1	stdout	operator_metric,nitro,tpch-parquet-sf10,q08,0,TrinoNitroPipelineSourceOperator,nitroProjectionRunLengthInputPositions,0
[WARNING] [stderr] 2026-08-12T23:21:34.678-0600	INFO	ForkJoinPool-1-worker-1	stdout	operator_metric,nitro,tpch-parquet-sf10,q08,0,TrinoNitroPipelineSourceOperator,nitroProjectionGeneratedSelectedPositions,0
[WARNING] [stderr] 2026-08-12T23:21:34.678-0600	INFO	ForkJoinPool-1-worker-1	stdout	operator_metric,nitro,tpch-parquet-sf10,q08,0,TrinoNitroPipelineSourceOperator,nitroProjectionIntegerWideningPositions,0
[WARNING] [stderr] 2026-08-12T23:21:34.678-0600	INFO	ForkJoinPool-1-worker-1	stdout	operator_metric,nitro,tpch-parquet-sf10,q08,0,TrinoNitroPipelineSourceOperator,nitroProjectionFlatInputPositions,0
[WARNING] [stderr] 2026-08-12T23:21:34.678-0600	INFO	ForkJoinPool-1-worker-1	stdout	operator_metric,nitro,tpch-parquet-sf10,q08,0,TrinoNitroPipelineSourceOperator,nitroProjectionDictionaryFlatteningPositions,0
[WARNING] [stderr] 2026-08-12T23:21:34.678-0600	INFO	ForkJoinPool-1-worker-1	stdout	operator_metric,nitro,tpch-parquet-sf10,q08,0,TrinoNitroPipelineSourceOperator,nitroAllocatorAllocatedBytes.ProjectOperator,16
[WARNING] [stderr] 2026-08-12T23:21:34.678-0600	INFO	ForkJoinPool-1-worker-1	stdout	operator_metric,nitro,tpch-parquet-sf10,q08,0,TrinoNitroPipelineSourceOperator,nitroProjectionPlannedAssignments,0
[WARNING] [stderr] 2026-08-12T23:21:34.678-0600	INFO	ForkJoinPool-1-worker-1	stdout	operator_metric,nitro,tpch-parquet-sf10,q08,0,TrinoNitroPipelineSourceOperator,nitroProjectionGeneratedLayoutFallbacks,0
[WARNING] [stderr] 2026-08-12T23:21:34.678-0600	INFO	ForkJoinPool-1-worker-1	stdout	operator_metric,nitro,tpch-parquet-sf10,q08,0,TrinoNitroPipelineSourceOperator,nitroProjectionGeneratedAttempts,0
[WARNING] [stderr] 2026-08-12T23:21:34.678-0600	INFO	ForkJoinPool-1-worker-1	stdout	operator_metric,nitro,tpch-parquet-sf10,q08,0,TrinoNitroPipelineSourceOperator,nitroProjectionDictionaryInputPositions,0
[WARNING] [stderr] 2026-08-12T23:21:34.678-0600	INFO	ForkJoinPool-1-worker-1	stdout	operator_metric,nitro,tpch-parquet-sf10,q08,0,TrinoNitroPipelineSourceOperator,nitroProjectionOtherNullExpansionPositions,0
[WARNING] [stderr] 2026-08-12T23:21:34.678-0600	INFO	ForkJoinPool-1-worker-1	stdout	operator_metric,nitro,tpch-parquet-sf10,q08,0,TrinoNitroPipelineSourceOperator,nitroProjectionGeneratedSuccesses,0
[WARNING] [stderr] 2026-08-12T23:21:34.678-0600	INFO	ForkJoinPool-1-worker-1	stdout	operator_metric,nitro,tpch-parquet-sf10,q08,0,TrinoNitroPipelineSourceOperator,nitroProjectionGeneratedKernels,0
[WARNING] [stderr] 2026-08-12T23:21:34.678-0600	INFO	ForkJoinPool-1-worker-1	stdout	operator_metric,nitro,tpch-parquet-sf10,q08,0,TrinoNitroPipelineSourceOperator,nitroProjectionGeneratedErrorFallbacks,0
[WARNING] [stderr] 2026-08-12T23:21:34.679-0600	INFO	ForkJoinPool-1-worker-1	stdout	nitro,tpch-parquet-sf10,q08,1,638.014,638.014,638.014,638.014,2339.000,2339.000,3.6661,1036.205,78586107,0,35
[WARNING] [stderr] 2026-08-12T23:21:34.679-0600	INFO	ForkJoinPool-1-worker-1	stdout	peak_memory,nitro,tpch-parquet-sf10,q08,1,37.594,37.594,8328.456,8328.456
[WARNING] [stderr] 2026-08-12T23:21:41.503-0600	INFO	ForkJoinPool-1-worker-1	stdout	operator_cpu,nitro,tpch-parquet-sf10,q09,0,MergeOperator,1,0.000,0.117,0.000,0,175,175,988.820,0.006,0.000
[WARNING] [stderr] 2026-08-12T23:21:41.503-0600	INFO	ForkJoinPool-1-worker-1	stdout	operator_cpu,nitro,tpch-parquet-sf10,q09,0,TaskOutputOperator,10,1.153,0.000,0.015,0,209332,209332,0.000,0.000,0.000
[WARNING] [stderr] 2026-08-12T23:21:41.503-0600	INFO	ForkJoinPool-1-worker-1	stdout	operator_cpu,nitro,tpch-parquet-sf10,q09,0,ExchangeOperator,18,0.000,68.877,0.000,0,29941365,29941365,6755.310,18.478,0.000
[WARNING] [stderr] 2026-08-12T23:21:41.503-0600	INFO	ForkJoinPool-1-worker-1	stdout	operator_cpu,nitro,tpch-parquet-sf10,q09,0,LocalMergeSourceOperator,2,0.000,0.153,0.000,0,175,175,1974.880,0.007,0.000
[WARNING] [stderr] 2026-08-12T23:21:41.503-0600	INFO	ForkJoinPool-1-worker-1	stdout	operator_cpu,nitro,tpch-parquet-sf10,q09,0,LocalExchangeSinkOperator,14,1.786,0.000,0.191,0,23418139,23418139,0.000,0.000,0.000
[WARNING] [stderr] 2026-08-12T23:21:41.503-0600	INFO	ForkJoinPool-1-worker-1	stdout	operator_cpu,nitro,tpch-parquet-sf10,q09,0,TrinoNitroSortOperator,2,0.083,0.224,0.005,0,175,175,0.000,2.259,0.000
[WARNING] [stderr] 2026-08-12T23:21:41.503-0600	INFO	ForkJoinPool-1-worker-1	stdout	operator_cpu,nitro,tpch-parquet-sf10,q09,0,LocalExchangeSourceOperator,12,0.000,0.989,0.000,0,23417964,23417964,3474.490,0.000,0.000
[WARNING] [stderr] 2026-08-12T23:21:41.503-0600	INFO	ForkJoinPool-1-worker-1	stdout	operator_cpu,nitro,tpch-parquet-sf10,q09,0,TrinoNitroAggregationOperator,4,0.675,124.231,0.178,0,3261963,525,0.000,3.086,0.000
[WARNING] [stderr] 2026-08-12T23:21:41.503-0600	INFO	ForkJoinPool-1-worker-1	stdout	operator_cpu,nitro,tpch-parquet-sf10,q09,0,TrinoNitroHashJoinOperator,25,4.607,1140.960,0.210,0,13046452,13046452,2249.930,30.733,0.000
[WARNING] [stderr] 2026-08-12T23:21:41.503-0600	INFO	ForkJoinPool-1-worker-1	stdout	operator_cpu,nitro,tpch-parquet-sf10,q09,0,DynamicFilterSourceOperator,9,11.821,0.695,0.605,0,23417589,23417589,0.000,0.563,0.000
[WARNING] [stderr] 2026-08-12T23:21:41.503-0600	INFO	ForkJoinPool-1-worker-1	stdout	operator_cpu,nitro,tpch-parquet-sf10,q09,0,PartitionedOutputOperator,35,337.493,0.000,3.487,0,29523576,29523576,427.980,0.000,0.000
[WARNING] [stderr] 2026-08-12T23:21:41.503-0600	INFO	ForkJoinPool-1-worker-1	stdout	operator_cpu,nitro,tpch-parquet-sf10,q09,0,TrinoNitroHashBuildOperator,10,12.752,0.000,453.271,0,23417614,0,6041.130,399.813,0.000
[WARNING] [stderr] 2026-08-12T23:21:41.503-0600	INFO	ForkJoinPool-1-worker-1	stdout	operator_cpu,nitro,tpch-parquet-sf10,q09,0,TrinoNitroPipelineSourceOperator,36,0.000,3138.471,0.000,85086077,85086077,26470420,2157.970,14.578,0.000
[WARNING] [stderr] 2026-08-12T23:21:41.503-0600	INFO	ForkJoinPool-1-worker-1	stdout	operator_metric,nitro,tpch-parquet-sf10,q09,0,TrinoNitroAggregationOperator,nitroBoundaryPageEgressPages,2
[WARNING] [stderr] 2026-08-12T23:21:41.503-0600	INFO	ForkJoinPool-1-worker-1	stdout	operator_metric,nitro,tpch-parquet-sf10,q09,0,TrinoNitroAggregationOperator,nitroBoundaryPageIngressPages,4
[WARNING] [stderr] 2026-08-12T23:21:41.503-0600	INFO	ForkJoinPool-1-worker-1	stdout	operator_metric,nitro,tpch-parquet-sf10,q09,0,TrinoNitroAggregationOperator,nitroAggregationInitialKeyNanos,0
[WARNING] [stderr] 2026-08-12T23:21:41.503-0600	INFO	ForkJoinPool-1-worker-1	stdout	operator_metric,nitro,tpch-parquet-sf10,q09,0,TrinoNitroAggregationOperator,nitroAggregationInitialEncodedKeyNanos,0
[WARNING] [stderr] 2026-08-12T23:21:41.503-0600	INFO	ForkJoinPool-1-worker-1	stdout	operator_metric,nitro,tpch-parquet-sf10,q09,0,TrinoNitroAggregationOperator,nitroAggregationOutputNanos,31239
[WARNING] [stderr] 2026-08-12T23:21:41.503-0600	INFO	ForkJoinPool-1-worker-1	stdout	operator_metric,nitro,tpch-parquet-sf10,q09,0,TrinoNitroAggregationOperator,nitroAggregationPipelineNanos,221438
[WARNING] [stderr] 2026-08-12T23:21:41.503-0600	INFO	ForkJoinPool-1-worker-1	stdout	operator_metric,nitro,tpch-parquet-sf10,q09,0,TrinoNitroAggregationOperator,nitroAggregationGroupingNanos,112825008
[WARNING] [stderr] 2026-08-12T23:21:41.503-0600	INFO	ForkJoinPool-1-worker-1	stdout	operator_metric,nitro,tpch-parquet-sf10,q09,0,TrinoNitroAggregationOperator,nitroAggregationAccumulationNanos,15995137
[WARNING] [stderr] 2026-08-12T23:21:41.503-0600	INFO	ForkJoinPool-1-worker-1	stdout	operator_metric,nitro,tpch-parquet-sf10,q09,0,TrinoNitroAggregationOperator,nitroBoundaryNativeEgressDictionaryChannelPositions,0
[WARNING] [stderr] 2026-08-12T23:21:41.503-0600	INFO	ForkJoinPool-1-worker-1	stdout	operator_metric,nitro,tpch-parquet-sf10,q09,0,TrinoNitroAggregationOperator,nitroAggregationFusedNanos,0
[WARNING] [stderr] 2026-08-12T23:21:41.503-0600	INFO	ForkJoinPool-1-worker-1	stdout	operator_metric,nitro,tpch-parquet-sf10,q09,0,TrinoNitroAggregationOperator,nitroBoundaryPageEgressBytes,5264
[WARNING] [stderr] 2026-08-12T23:21:41.503-0600	INFO	ForkJoinPool-1-worker-1	stdout	operator_metric,nitro,tpch-parquet-sf10,q09,0,TrinoNitroAggregationOperator,nitroAggregationFlushNanos,0
[WARNING] [stderr] 2026-08-12T23:21:41.503-0600	INFO	ForkJoinPool-1-worker-1	stdout	operator_metric,nitro,tpch-parquet-sf10,q09,0,TrinoNitroAggregationOperator,nitroBoundaryPageEgressPositions,175
[WARNING] [stderr] 2026-08-12T23:21:41.503-0600	INFO	ForkJoinPool-1-worker-1	stdout	operator_metric,nitro,tpch-parquet-sf10,q09,0,TrinoNitroAggregationOperator,nitroBoundaryPageIngressBytes,10528
[WARNING] [stderr] 2026-08-12T23:21:41.503-0600	INFO	ForkJoinPool-1-worker-1	stdout	operator_metric,nitro,tpch-parquet-sf10,q09,0,TrinoNitroAggregationOperator,nitroBoundaryPageIngressPositions,350
[WARNING] [stderr] 2026-08-12T23:21:41.503-0600	INFO	ForkJoinPool-1-worker-1	stdout	operator_metric,nitro,tpch-parquet-sf10,q09,0,TrinoNitroAggregationOperator,nitroBoundaryPageIngressDictionaryChannelPositions,0
[WARNING] [stderr] 2026-08-12T23:21:41.503-0600	INFO	ForkJoinPool-1-worker-1	stdout	operator_metric,nitro,tpch-parquet-sf10,q09,0,TrinoNitroAggregationOperator,nitroAggregationInputNanos,133635900
[WARNING] [stderr] 2026-08-12T23:21:41.503-0600	INFO	ForkJoinPool-1-worker-1	stdout	operator_metric,nitro,tpch-parquet-sf10,q09,0,TrinoNitroAggregationOperator,nitroBoundaryPageEgressDictionaryChannelPositions,0
[WARNING] [stderr] 2026-08-12T23:21:41.503-0600	INFO	ForkJoinPool-1-worker-1	stdout	operator_metric,nitro,tpch-parquet-sf10,q09,0,TrinoNitroAggregationOperator,nitroAggregationInitialAggregationNanos,0
[WARNING] [stderr] 2026-08-12T23:21:41.503-0600	INFO	ForkJoinPool-1-worker-1	stdout	operator_metric,nitro,tpch-parquet-sf10,q09,0,TrinoNitroAggregationOperator,nitroBoundaryPageEgressRunLengthChannelPositions,0
[WARNING] [stderr] 2026-08-12T23:21:41.503-0600	INFO	ForkJoinPool-1-worker-1	stdout	operator_metric,nitro,tpch-parquet-sf10,q09,0,TrinoNitroAggregationOperator,nitroBoundaryPageIngressRunLengthChannelPositions,0
[WARNING] [stderr] 2026-08-12T23:21:41.503-0600	INFO	ForkJoinPool-1-worker-1	stdout	operator_metric,nitro,tpch-parquet-sf10,q09,0,TrinoNitroAggregationOperator,nitroAggregationInitialFlatKeyNanos,0
[WARNING] [stderr] 2026-08-12T23:21:41.503-0600	INFO	ForkJoinPool-1-worker-1	stdout	operator_metric,nitro,tpch-parquet-sf10,q09,0,TrinoNitroAggregationOperator,nitroBoundaryNativeEgressFlatChannelPositions,525
[WARNING] [stderr] 2026-08-12T23:21:41.503-0600	INFO	ForkJoinPool-1-worker-1	stdout	operator_metric,nitro,tpch-parquet-sf10,q09,0,TrinoNitroAggregationOperator,nitroAggregationStatePreparationNanos,59829
[WARNING] [stderr] 2026-08-12T23:21:41.503-0600	INFO	ForkJoinPool-1-worker-1	stdout	operator_metric,nitro,tpch-parquet-sf10,q09,0,TrinoNitroAggregationOperator,nitroBoundaryNativeEgressRunLengthChannelPositions,0
[WARNING] [stderr] 2026-08-12T23:21:41.503-0600	INFO	ForkJoinPool-1-worker-1	stdout	operator_metric,nitro,tpch-parquet-sf10,q09,0,TrinoNitroAggregationOperator,nitroBoundaryPageIngressFlatChannelPositions,1050
[WARNING] [stderr] 2026-08-12T23:21:41.504-0600	INFO	ForkJoinPool-1-worker-1	stdout	operator_metric,nitro,tpch-parquet-sf10,q09,0,TrinoNitroAggregationOperator,nitroBoundaryPageEgressFlatChannelPositions,525
[WARNING] [stderr] 2026-08-12T23:21:41.504-0600	INFO	ForkJoinPool-1-worker-1	stdout	operator_metric,nitro,tpch-parquet-sf10,q09,0,TrinoNitroAggregationOperator,nitroProjectionOtherInputPositions,0
[WARNING] [stderr] 2026-08-12T23:21:41.504-0600	INFO	ForkJoinPool-1-worker-1	stdout	operator_metric,nitro,tpch-parquet-sf10,q09,0,TrinoNitroAggregationOperator,nitroBoundaryNativeExchangeMaximumChannel0Bytes,2366031
[WARNING] [stderr] 2026-08-12T23:21:41.504-0600	INFO	ForkJoinPool-1-worker-1	stdout	operator_metric,nitro,tpch-parquet-sf10,q09,0,TrinoNitroAggregationOperator,nitroProjectionGeneratedErrorFallbacks,0
[WARNING] [stderr] 2026-08-12T23:21:41.504-0600	INFO	ForkJoinPool-1-worker-1	stdout	operator_metric,nitro,tpch-parquet-sf10,q09,0,TrinoNitroAggregationOperator,nitroProjectionFlatInputPositions,13046452
[WARNING] [stderr] 2026-08-12T23:21:41.504-0600	INFO	ForkJoinPool-1-worker-1	stdout	operator_metric,nitro,tpch-parquet-sf10,q09,0,TrinoNitroAggregationOperator,nitroBoundaryNativeExchangeMaximumChannel1Bytes,3150
[WARNING] [stderr] 2026-08-12T23:21:41.504-0600	INFO	ForkJoinPool-1-worker-1	stdout	operator_metric,nitro,tpch-parquet-sf10,q09,0,TrinoNitroAggregationOperator,nitroBoundaryNativeExchangeMaximumChannel2Bytes,3150
[WARNING] [stderr] 2026-08-12T23:21:41.504-0600	INFO	ForkJoinPool-1-worker-1	stdout	operator_metric,nitro,tpch-parquet-sf10,q09,0,TrinoNitroAggregationOperator,nitroProjectionIntegerWideningPositions,0
[WARNING] [stderr] 2026-08-12T23:21:41.504-0600	INFO	ForkJoinPool-1-worker-1	stdout	operator_metric,nitro,tpch-parquet-sf10,q09,0,TrinoNitroAggregationOperator,nitroProjectionGeneratedSelectedPositions,3261613
[WARNING] [stderr] 2026-08-12T23:21:41.504-0600	INFO	ForkJoinPool-1-worker-1	stdout	operator_metric,nitro,tpch-parquet-sf10,q09,0,TrinoNitroAggregationOperator,nitroProjectionRunLengthInputPositions,0
[WARNING] [stderr] 2026-08-12T23:21:41.504-0600	INFO	ForkJoinPool-1-worker-1	stdout	operator_metric,nitro,tpch-parquet-sf10,q09,0,TrinoNitroAggregationOperator,nitroProjectionPlannedAssignments,12
[WARNING] [stderr] 2026-08-12T23:21:41.504-0600	INFO	ForkJoinPool-1-worker-1	stdout	operator_metric,nitro,tpch-parquet-sf10,q09,0,TrinoNitroAggregationOperator,nitroProjectionGeneratedKernels,2
[WARNING] [stderr] 2026-08-12T23:21:41.504-0600	INFO	ForkJoinPool-1-worker-1	stdout	operator_metric,nitro,tpch-parquet-sf10,q09,0,TrinoNitroAggregationOperator,nitroProjectionGeneratedAttempts,448
[WARNING] [stderr] 2026-08-12T23:21:41.504-0600	INFO	ForkJoinPool-1-worker-1	stdout	operator_metric,nitro,tpch-parquet-sf10,q09,0,TrinoNitroAggregationOperator,nitroBoundaryNativeExchangePositions,350
[WARNING] [stderr] 2026-08-12T23:21:41.504-0600	INFO	ForkJoinPool-1-worker-1	stdout	operator_metric,nitro,tpch-parquet-sf10,q09,0,TrinoNitroAggregationOperator,nitroProjectionOtherNullExpansionPositions,0
[WARNING] [stderr] 2026-08-12T23:21:41.504-0600	INFO	ForkJoinPool-1-worker-1	stdout	operator_metric,nitro,tpch-parquet-sf10,q09,0,TrinoNitroAggregationOperator,nitroProjectionPlannedComputedOutputs,4
[WARNING] [stderr] 2026-08-12T23:21:41.504-0600	INFO	ForkJoinPool-1-worker-1	stdout	operator_metric,nitro,tpch-parquet-sf10,q09,0,TrinoNitroAggregationOperator,nitroProjectionGeneratedSuccesses,448
[WARNING] [stderr] 2026-08-12T23:21:41.504-0600	INFO	ForkJoinPool-1-worker-1	stdout	operator_metric,nitro,tpch-parquet-sf10,q09,0,TrinoNitroAggregationOperator,nitroProjectionDictionaryInputPositions,0
[WARNING] [stderr] 2026-08-12T23:21:41.504-0600	INFO	ForkJoinPool-1-worker-1	stdout	operator_metric,nitro,tpch-parquet-sf10,q09,0,TrinoNitroAggregationOperator,nitroProjectionGeneratedLayoutFallbacks,0
[WARNING] [stderr] 2026-08-12T23:21:41.504-0600	INFO	ForkJoinPool-1-worker-1	stdout	operator_metric,nitro,tpch-parquet-sf10,q09,0,TrinoNitroAggregationOperator,nitroBoundaryNativeExchangeBytes,2372331
[WARNING] [stderr] 2026-08-12T23:21:41.504-0600	INFO	ForkJoinPool-1-worker-1	stdout	operator_metric,nitro,tpch-parquet-sf10,q09,0,TrinoNitroAggregationOperator,nitroBoundaryNativeExchangeBatches,2
[WARNING] [stderr] 2026-08-12T23:21:41.504-0600	INFO	ForkJoinPool-1-worker-1	stdout	operator_metric,nitro,tpch-parquet-sf10,q09,0,TrinoNitroAggregationOperator,nitroBoundaryNativeExchangeMaximumBatchBytes,2372331
[WARNING] [stderr] 2026-08-12T23:21:41.504-0600	INFO	ForkJoinPool-1-worker-1	stdout	operator_metric,nitro,tpch-parquet-sf10,q09,0,TrinoNitroAggregationOperator,nitroProjectionDictionaryFlatteningPositions,0
[WARNING] [stderr] 2026-08-12T23:21:41.504-0600	INFO	ForkJoinPool-1-worker-1	stdout	operator_metric,nitro,tpch-parquet-sf10,q09,0,TrinoNitroAggregationOperator,nitroProjectionGeneratedOutputs,2
[WARNING] [stderr] 2026-08-12T23:21:41.504-0600	INFO	ForkJoinPool-1-worker-1	stdout	operator_metric,nitro,tpch-parquet-sf10,q09,0,TrinoNitroAggregationOperator,nitroProjectionDictionaryNullExpansionPositions,0
[WARNING] [stderr] 2026-08-12T23:21:41.504-0600	INFO	ForkJoinPool-1-worker-1	stdout	operator_metric,nitro,tpch-parquet-sf10,q09,0,TrinoNitroHashJoinOperator,nitroBoundaryPageIngressBytes,381608721
[WARNING] [stderr] 2026-08-12T23:21:41.504-0600	INFO	ForkJoinPool-1-worker-1	stdout	operator_metric,nitro,tpch-parquet-sf10,q09,0,TrinoNitroHashJoinOperator,nitroBoundaryPageIngressDictionaryChannelPositions,0
[WARNING] [stderr] 2026-08-12T23:21:41.504-0600	INFO	ForkJoinPool-1-worker-1	stdout	operator_metric,nitro,tpch-parquet-sf10,q09,0,TrinoNitroHashJoinOperator,nitroBoundaryPageIngressRunLengthChannelPositions,0
[WARNING] [stderr] 2026-08-12T23:21:41.504-0600	INFO	ForkJoinPool-1-worker-1	stdout	operator_metric,nitro,tpch-parquet-sf10,q09,0,TrinoNitroHashJoinOperator,nitroBoundaryNativeExchangePositions,13046452
[WARNING] [stderr] 2026-08-12T23:21:41.504-0600	INFO	ForkJoinPool-1-worker-1	stdout	operator_metric,nitro,tpch-parquet-sf10,q09,0,TrinoNitroHashJoinOperator,nitroBoundaryNativeExchangeBytes,1850318636
[WARNING] [stderr] 2026-08-12T23:21:41.504-0600	INFO	ForkJoinPool-1-worker-1	stdout	operator_metric,nitro,tpch-parquet-sf10,q09,0,TrinoNitroHashJoinOperator,nitroBoundaryNativeExchangeBatches,2818
[WARNING] [stderr] 2026-08-12T23:21:41.504-0600	INFO	ForkJoinPool-1-worker-1	stdout	operator_metric,nitro,tpch-parquet-sf10,q09,0,TrinoNitroHashJoinOperator,nitroBoundaryPageIngressFlatChannelPositions,42400969
[WARNING] [stderr] 2026-08-12T23:21:41.504-0600	INFO	ForkJoinPool-1-worker-1	stdout	operator_metric,nitro,tpch-parquet-sf10,q09,0,TrinoNitroHashJoinOperator,nitroBoundaryNativeExchangeMaximumBatchBytes,19295164
[WARNING] [stderr] 2026-08-12T23:21:41.504-0600	INFO	ForkJoinPool-1-worker-1	stdout	operator_metric,nitro,tpch-parquet-sf10,q09,0,TrinoNitroHashJoinOperator,nitroBoundaryPageIngressPositions,6523226
[WARNING] [stderr] 2026-08-12T23:21:41.504-0600	INFO	ForkJoinPool-1-worker-1	stdout	operator_metric,nitro,tpch-parquet-sf10,q09,0,TrinoNitroHashJoinOperator,nitroBoundaryPageIngressPages,346
[WARNING] [stderr] 2026-08-12T23:21:41.504-0600	INFO	ForkJoinPool-1-worker-1	stdout	operator_metric,nitro,tpch-parquet-sf10,q09,0,PartitionedOutputOperator,nitroExchangeInputFlatChannelPositions,96402019
[WARNING] [stderr] 2026-08-12T23:21:41.504-0600	INFO	ForkJoinPool-1-worker-1	stdout	operator_metric,nitro,tpch-parquet-sf10,q09,0,PartitionedOutputOperator,nitroExchangeInputDictionaryChannelPositions,0
[WARNING] [stderr] 2026-08-12T23:21:41.504-0600	INFO	ForkJoinPool-1-worker-1	stdout	operator_metric,nitro,tpch-parquet-sf10,q09,0,PartitionedOutputOperator,nitroExchangeInputPages,4229
[WARNING] [stderr] 2026-08-12T23:21:41.504-0600	INFO	ForkJoinPool-1-worker-1	stdout	operator_metric,nitro,tpch-parquet-sf10,q09,0,PartitionedOutputOperator,nitroExchangeInputRunLengthChannelPositions,0
[WARNING] [stderr] 2026-08-12T23:21:41.504-0600	INFO	ForkJoinPool-1-worker-1	stdout	operator_metric,nitro,tpch-parquet-sf10,q09,0,PartitionedOutputOperator,nitroExchangeInputPositions,29523576
[WARNING] [stderr] 2026-08-12T23:21:41.504-0600	INFO	ForkJoinPool-1-worker-1	stdout	operator_metric,nitro,tpch-parquet-sf10,q09,0,PartitionedOutputOperator,nitroExchangeDictionaryUnsupportedPositions,0
[WARNING] [stderr] 2026-08-12T23:21:41.504-0600	INFO	ForkJoinPool-1-worker-1	stdout	operator_metric,nitro,tpch-parquet-sf10,q09,0,PartitionedOutputOperator,nitroExchangeLowDictionaryReusePositions,0
[WARNING] [stderr] 2026-08-12T23:21:41.504-0600	INFO	ForkJoinPool-1-worker-1	stdout	operator_metric,nitro,tpch-parquet-sf10,q09,0,PartitionedOutputOperator,nitroExchangeSmallPagePositions,0
[WARNING] [stderr] 2026-08-12T23:21:41.504-0600	INFO	ForkJoinPool-1-worker-1	stdout	operator_metric,nitro,tpch-parquet-sf10,q09,0,PartitionedOutputOperator,nitroExchangeNoDictionaryPositions,29523576
[WARNING] [stderr] 2026-08-12T23:21:41.504-0600	INFO	ForkJoinPool-1-worker-1	stdout	operator_metric,nitro,tpch-parquet-sf10,q09,0,PartitionedOutputOperator,nitroExchangePreservedPositions,0
[WARNING] [stderr] 2026-08-12T23:21:41.504-0600	INFO	ForkJoinPool-1-worker-1	stdout	operator_metric,nitro,tpch-parquet-sf10,q09,0,PartitionedOutputOperator,nitroExchangeRunLengthUnsupportedPositions,0
[WARNING] [stderr] 2026-08-12T23:21:41.504-0600	INFO	ForkJoinPool-1-worker-1	stdout	operator_metric,nitro,tpch-parquet-sf10,q09,0,TrinoNitroPipelineSourceOperator,nitroBoundaryNativeExchangeBatches,3843
[WARNING] [stderr] 2026-08-12T23:21:41.504-0600	INFO	ForkJoinPool-1-worker-1	stdout	operator_metric,nitro,tpch-parquet-sf10,q09,0,TrinoNitroPipelineSourceOperator,nitroAllocatorAllocatedBytes.trino-native-source-ingress,0
[WARNING] [stderr] 2026-08-12T23:21:41.504-0600	INFO	ForkJoinPool-1-worker-1	stdout	operator_metric,nitro,tpch-parquet-sf10,q09,0,TrinoNitroPipelineSourceOperator,nitroAllocatorAllocatedVectorBytes,668962738
[WARNING] [stderr] 2026-08-12T23:21:41.504-0600	INFO	ForkJoinPool-1-worker-1	stdout	operator_metric,nitro,tpch-parquet-sf10,q09,0,TrinoNitroPipelineSourceOperator,nitroAllocatorAllocatedVectorBytes.I32Vector,60000000
[WARNING] [stderr] 2026-08-12T23:21:41.504-0600	INFO	ForkJoinPool-1-worker-1	stdout	operator_metric,nitro,tpch-parquet-sf10,q09,0,TrinoNitroPipelineSourceOperator,nitroAllocatorAllocatedBytes.NitroParquetBatchSource,511939174
[WARNING] [stderr] 2026-08-12T23:21:41.504-0600	INFO	ForkJoinPool-1-worker-1	stdout	operator_metric,nitro,tpch-parquet-sf10,q09,0,TrinoNitroPipelineSourceOperator,nitroBoundaryNativeExchangePositions,26261613
[WARNING] [stderr] 2026-08-12T23:21:41.504-0600	INFO	ForkJoinPool-1-worker-1	stdout	operator_metric,nitro,tpch-parquet-sf10,q09,0,TrinoNitroPipelineSourceOperator,nitroBoundaryNativeExchangeBytes,582603564
[WARNING] [stderr] 2026-08-12T23:21:41.504-0600	INFO	ForkJoinPool-1-worker-1	stdout	operator_metric,nitro,tpch-parquet-sf10,q09,0,TrinoNitroPipelineSourceOperator,nitroOperatorConstructionNanos,1066419
[WARNING] [stderr] 2026-08-12T23:21:41.504-0600	INFO	ForkJoinPool-1-worker-1	stdout	operator_metric,nitro,tpch-parquet-sf10,q09,0,TrinoNitroPipelineSourceOperator,nitroBoundaryNativeExchangeMaximumBatchBytes,4160220
[WARNING] [stderr] 2026-08-12T23:21:41.504-0600	INFO	ForkJoinPool-1-worker-1	stdout	operator_metric,nitro,tpch-parquet-sf10,q09,0,TrinoNitroPipelineSourceOperator,nitroAllocatorAllocatedBytes,875557874
[WARNING] [stderr] 2026-08-12T23:21:41.504-0600	INFO	ForkJoinPool-1-worker-1	stdout	operator_metric,nitro,tpch-parquet-sf10,q09,0,TrinoNitroPipelineSourceOperator,nitroAllocatorAllocatedVectorBytes.I64Vector,356104160
[WARNING] [stderr] 2026-08-12T23:21:41.504-0600	INFO	ForkJoinPool-1-worker-1	stdout	operator_metric,nitro,tpch-parquet-sf10,q09,0,TrinoNitroPipelineSourceOperator,nitroNativeSourceCreationNanos,6629001
[WARNING] [stderr] 2026-08-12T23:21:41.504-0600	INFO	ForkJoinPool-1-worker-1	stdout	operator_metric,nitro,tpch-parquet-sf10,q09,0,TrinoNitroPipelineSourceOperator,nitroAllocatorAllocatedVectorBytes.BooleanVector,61865590
[WARNING] [stderr] 2026-08-12T23:21:41.504-0600	INFO	ForkJoinPool-1-worker-1	stdout	operator_metric,nitro,tpch-parquet-sf10,q09,0,TrinoNitroPipelineSourceOperator,nitroBoundaryPageEgressDictionaryChannelPositions,0
[WARNING] [stderr] 2026-08-12T23:21:41.504-0600	INFO	ForkJoinPool-1-worker-1	stdout	operator_metric,nitro,tpch-parquet-sf10,q09,0,TrinoNitroPipelineSourceOperator,nitroBoundaryPageEgressPositions,208807
[WARNING] [stderr] 2026-08-12T23:21:41.504-0600	INFO	ForkJoinPool-1-worker-1	stdout	operator_metric,nitro,tpch-parquet-sf10,q09,0,TrinoNitroPipelineSourceOperator,nitroBoundaryPageEgressFlatChannelPositions,308832
[WARNING] [stderr] 2026-08-12T23:21:41.504-0600	INFO	ForkJoinPool-1-worker-1	stdout	operator_metric,nitro,tpch-parquet-sf10,q09,0,TrinoNitroPipelineSourceOperator,nitroBoundaryNativeEgressFlatChannelPositions,308832
[WARNING] [stderr] 2026-08-12T23:21:41.504-0600	INFO	ForkJoinPool-1-worker-1	stdout	operator_metric,nitro,tpch-parquet-sf10,q09,0,TrinoNitroPipelineSourceOperator,nitroBoundaryNativeEgressDictionaryChannelPositions,0
[WARNING] [stderr] 2026-08-12T23:21:41.504-0600	INFO	ForkJoinPool-1-worker-1	stdout	operator_metric,nitro,tpch-parquet-sf10,q09,0,TrinoNitroPipelineSourceOperator,nitroBoundaryPageEgressRunLengthChannelPositions,0
[WARNING] [stderr] 2026-08-12T23:21:41.504-0600	INFO	ForkJoinPool-1-worker-1	stdout	operator_metric,nitro,tpch-parquet-sf10,q09,0,TrinoNitroPipelineSourceOperator,nitroAllocatorAllocatedVectorBytes.BinaryVector,20692116
[WARNING] [stderr] 2026-08-12T23:21:41.504-0600	INFO	ForkJoinPool-1-worker-1	stdout	operator_metric,nitro,tpch-parquet-sf10,q09,0,TrinoNitroPipelineSourceOperator,nitroBoundaryNativeEgressRunLengthChannelPositions,0
[WARNING] [stderr] 2026-08-12T23:21:41.504-0600	INFO	ForkJoinPool-1-worker-1	stdout	operator_metric,nitro,tpch-parquet-sf10,q09,0,TrinoNitroPipelineSourceOperator,nitroBoundaryPageEgressBytes,2779565
[WARNING] [stderr] 2026-08-12T23:21:41.504-0600	INFO	ForkJoinPool-1-worker-1	stdout	operator_metric,nitro,tpch-parquet-sf10,q09,0,TrinoNitroPipelineSourceOperator,nitroBoundaryPageEgressPages,67
[WARNING] [stderr] 2026-08-12T23:21:41.504-0600	INFO	ForkJoinPool-1-worker-1	stdout	operator_metric,nitro,tpch-parquet-sf10,q09,0,TrinoNitroPipelineSourceOperator,nitroAllocatorAllocatedVectorBytes.RleVector,36912
[WARNING] [stderr] 2026-08-12T23:21:41.504-0600	INFO	ForkJoinPool-1-worker-1	stdout	operator_metric,nitro,tpch-parquet-sf10,q09,0,TrinoNitroPipelineSourceOperator,nitroAllocatorAllocatedBytes.HashJoinOperatorBuild,0
[WARNING] [stderr] 2026-08-12T23:21:41.504-0600	INFO	ForkJoinPool-1-worker-1	stdout	operator_metric,nitro,tpch-parquet-sf10,q09,0,TrinoNitroPipelineSourceOperator,nitroAllocatorAllocatedVectorBytes.F64Vector,170263960
[WARNING] [stderr] 2026-08-12T23:21:41.504-0600	INFO	ForkJoinPool-1-worker-1	stdout	operator_metric,nitro,tpch-parquet-sf10,q09,0,TrinoNitroPipelineSourceOperator,nitroAllocatorAllocatedBytes.HashJoinOperator,183970016
[WARNING] [stderr] 2026-08-12T23:21:41.504-0600	INFO	ForkJoinPool-1-worker-1	stdout	operator_metric,nitro,tpch-parquet-sf10,q09,0,TrinoNitroPipelineSourceOperator,nitroAllocatorAllocatedBytes.HashJoinOperatorIndex,179228672
[WARNING] [stderr] 2026-08-12T23:21:41.504-0600	INFO	ForkJoinPool-1-worker-1	stdout	operator_metric,nitro,tpch-parquet-sf10,q09,0,TrinoNitroPipelineSourceOperator,nitroFilterOutputPositions,108782
[WARNING] [stderr] 2026-08-12T23:21:41.504-0600	INFO	ForkJoinPool-1-worker-1	stdout	operator_metric,nitro,tpch-parquet-sf10,q09,0,TrinoNitroPipelineSourceOperator,nitroFilterMaterializedMaskFallbacks,112
[WARNING] [stderr] 2026-08-12T23:21:41.504-0600	INFO	ForkJoinPool-1-worker-1	stdout	operator_metric,nitro,tpch-parquet-sf10,q09,0,TrinoNitroPipelineSourceOperator,nitroFilterInputPositions,2000000
[WARNING] [stderr] 2026-08-12T23:21:41.504-0600	INFO	ForkJoinPool-1-worker-1	stdout	operator_metric,nitro,tpch-parquet-sf10,q09,0,TrinoNitroPipelineSourceOperator,nitroProjectionPlannedComputedOutputs,0
[WARNING] [stderr] 2026-08-12T23:21:41.504-0600	INFO	ForkJoinPool-1-worker-1	stdout	operator_metric,nitro,tpch-parquet-sf10,q09,0,TrinoNitroPipelineSourceOperator,nitroProjectionOtherInputPositions,0
[WARNING] [stderr] 2026-08-12T23:21:41.504-0600	INFO	ForkJoinPool-1-worker-1	stdout	operator_metric,nitro,tpch-parquet-sf10,q09,0,TrinoNitroPipelineSourceOperator,nitroProjectionDictionaryNullExpansionPositions,0
[WARNING] [stderr] 2026-08-12T23:21:41.504-0600	INFO	ForkJoinPool-1-worker-1	stdout	operator_metric,nitro,tpch-parquet-sf10,q09,0,TrinoNitroPipelineSourceOperator,nitroFilterPlannedCompiledMasks,0
[WARNING] [stderr] 2026-08-12T23:21:41.504-0600	INFO	ForkJoinPool-1-worker-1	stdout	operator_metric,nitro,tpch-parquet-sf10,q09,0,TrinoNitroPipelineSourceOperator,nitroAllocatorAllocatedBytes.FilterOperator,0
[WARNING] [stderr] 2026-08-12T23:21:41.504-0600	INFO	ForkJoinPool-1-worker-1	stdout	operator_metric,nitro,tpch-parquet-sf10,q09,0,TrinoNitroPipelineSourceOperator,nitroFilterSourceMaskSuccesses,0
[WARNING] [stderr] 2026-08-12T23:21:41.504-0600	INFO	ForkJoinPool-1-worker-1	stdout	operator_metric,nitro,tpch-parquet-sf10,q09,0,TrinoNitroPipelineSourceOperator,nitroProjectionGeneratedOutputs,0
[WARNING] [stderr] 2026-08-12T23:21:41.504-0600	INFO	ForkJoinPool-1-worker-1	stdout	operator_metric,nitro,tpch-parquet-sf10,q09,0,TrinoNitroPipelineSourceOperator,nitroFilterDirectPreboundMaskSuccesses,0
[WARNING] [stderr] 2026-08-12T23:21:41.504-0600	INFO	ForkJoinPool-1-worker-1	stdout	operator_metric,nitro,tpch-parquet-sf10,q09,0,TrinoNitroPipelineSourceOperator,nitroProjectionRunLengthInputPositions,0
[WARNING] [stderr] 2026-08-12T23:21:41.504-0600	INFO	ForkJoinPool-1-worker-1	stdout	operator_metric,nitro,tpch-parquet-sf10,q09,0,TrinoNitroPipelineSourceOperator,nitroFilterCompiledMaskSuccesses,0
[WARNING] [stderr] 2026-08-12T23:21:41.504-0600	INFO	ForkJoinPool-1-worker-1	stdout	operator_metric,nitro,tpch-parquet-sf10,q09,0,TrinoNitroPipelineSourceOperator,nitroProjectionGeneratedSelectedPositions,0
[WARNING] [stderr] 2026-08-12T23:21:41.504-0600	INFO	ForkJoinPool-1-worker-1	stdout	operator_metric,nitro,tpch-parquet-sf10,q09,0,TrinoNitroPipelineSourceOperator,nitroFilterPrimitiveMaskFallbacks,0
[WARNING] [stderr] 2026-08-12T23:21:41.504-0600	INFO	ForkJoinPool-1-worker-1	stdout	operator_metric,nitro,tpch-parquet-sf10,q09,0,TrinoNitroPipelineSourceOperator,nitroFilterCompiledMaskFallbacks,0
[WARNING] [stderr] 2026-08-12T23:21:41.504-0600	INFO	ForkJoinPool-1-worker-1	stdout	operator_metric,nitro,tpch-parquet-sf10,q09,0,TrinoNitroPipelineSourceOperator,nitroFilterCompiledMaskAttempts,0
[WARNING] [stderr] 2026-08-12T23:21:41.504-0600	INFO	ForkJoinPool-1-worker-1	stdout	operator_metric,nitro,tpch-parquet-sf10,q09,0,TrinoNitroPipelineSourceOperator,nitroProjectionIntegerWideningPositions,0
[WARNING] [stderr] 2026-08-12T23:21:41.504-0600	INFO	ForkJoinPool-1-worker-1	stdout	operator_metric,nitro,tpch-parquet-sf10,q09,0,TrinoNitroPipelineSourceOperator,nitroFilterPlannedSourceMaskOptimizations,0
[WARNING] [stderr] 2026-08-12T23:21:41.504-0600	INFO	ForkJoinPool-1-worker-1	stdout	operator_metric,nitro,tpch-parquet-sf10,q09,0,TrinoNitroPipelineSourceOperator,nitroFilterPrimitiveMaskSuccesses,0
[WARNING] [stderr] 2026-08-12T23:21:41.504-0600	INFO	ForkJoinPool-1-worker-1	stdout	operator_metric,nitro,tpch-parquet-sf10,q09,0,TrinoNitroPipelineSourceOperator,nitroProjectionFlatInputPositions,0
[WARNING] [stderr] 2026-08-12T23:21:41.504-0600	INFO	ForkJoinPool-1-worker-1	stdout	operator_metric,nitro,tpch-parquet-sf10,q09,0,TrinoNitroPipelineSourceOperator,nitroProjectionDictionaryFlatteningPositions,0
[WARNING] [stderr] 2026-08-12T23:21:41.504-0600	INFO	ForkJoinPool-1-worker-1	stdout	operator_metric,nitro,tpch-parquet-sf10,q09,0,TrinoNitroPipelineSourceOperator,nitroAllocatorAllocatedBytes.ProjectOperator,12
[WARNING] [stderr] 2026-08-12T23:21:41.504-0600	INFO	ForkJoinPool-1-worker-1	stdout	operator_metric,nitro,tpch-parquet-sf10,q09,0,TrinoNitroPipelineSourceOperator,nitroFilterPrimitiveMaskAttempts,0
[WARNING] [stderr] 2026-08-12T23:21:41.504-0600	INFO	ForkJoinPool-1-worker-1	stdout	operator_metric,nitro,tpch-parquet-sf10,q09,0,TrinoNitroPipelineSourceOperator,nitroProjectionPlannedAssignments,0
[WARNING] [stderr] 2026-08-12T23:21:41.504-0600	INFO	ForkJoinPool-1-worker-1	stdout	operator_metric,nitro,tpch-parquet-sf10,q09,0,TrinoNitroPipelineSourceOperator,nitroFilterPlannedPreboundMasks,0
[WARNING] [stderr] 2026-08-12T23:21:41.504-0600	INFO	ForkJoinPool-1-worker-1	stdout	operator_metric,nitro,tpch-parquet-sf10,q09,0,TrinoNitroPipelineSourceOperator,nitroProjectionGeneratedLayoutFallbacks,0
[WARNING] [stderr] 2026-08-12T23:21:41.504-0600	INFO	ForkJoinPool-1-worker-1	stdout	operator_metric,nitro,tpch-parquet-sf10,q09,0,TrinoNitroPipelineSourceOperator,nitroAllocatorAllocatedBytes.BoundLikeUtf8,420000
[WARNING] [stderr] 2026-08-12T23:21:41.504-0600	INFO	ForkJoinPool-1-worker-1	stdout	operator_metric,nitro,tpch-parquet-sf10,q09,0,TrinoNitroPipelineSourceOperator,nitroProjectionGeneratedAttempts,0
[WARNING] [stderr] 2026-08-12T23:21:41.504-0600	INFO	ForkJoinPool-1-worker-1	stdout	operator_metric,nitro,tpch-parquet-sf10,q09,0,TrinoNitroPipelineSourceOperator,nitroProjectionDictionaryInputPositions,0
[WARNING] [stderr] 2026-08-12T23:21:41.504-0600	INFO	ForkJoinPool-1-worker-1	stdout	operator_metric,nitro,tpch-parquet-sf10,q09,0,TrinoNitroPipelineSourceOperator,nitroFilterPlannedAssignments,3
[WARNING] [stderr] 2026-08-12T23:21:41.504-0600	INFO	ForkJoinPool-1-worker-1	stdout	operator_metric,nitro,tpch-parquet-sf10,q09,0,TrinoNitroPipelineSourceOperator,nitroProjectionOtherNullExpansionPositions,0
[WARNING] [stderr] 2026-08-12T23:21:41.504-0600	INFO	ForkJoinPool-1-worker-1	stdout	operator_metric,nitro,tpch-parquet-sf10,q09,0,TrinoNitroPipelineSourceOperator,nitroProjectionGeneratedSuccesses,0
[WARNING] [stderr] 2026-08-12T23:21:41.504-0600	INFO	ForkJoinPool-1-worker-1	stdout	operator_metric,nitro,tpch-parquet-sf10,q09,0,TrinoNitroPipelineSourceOperator,nitroProjectionGeneratedKernels,0
[WARNING] [stderr] 2026-08-12T23:21:41.504-0600	INFO	ForkJoinPool-1-worker-1	stdout	operator_metric,nitro,tpch-parquet-sf10,q09,0,TrinoNitroPipelineSourceOperator,nitroProjectionGeneratedErrorFallbacks,0
[WARNING] [stderr] 2026-08-12T23:21:41.504-0600	INFO	ForkJoinPool-1-worker-1	stdout	nitro,tpch-parquet-sf10,q09,1,1025.610,1025.610,1025.610,1025.610,5306.000,5306.000,5.1735,1084.016,85086077,0,36
[WARNING] [stderr] 2026-08-12T23:21:41.504-0600	INFO	ForkJoinPool-1-worker-1	stdout	peak_memory,nitro,tpch-parquet-sf10,q09,1,728.988,728.988,10703.255,10703.255
[WARNING] [stderr] 2026-08-12T23:21:46.442-0600	INFO	ForkJoinPool-1-worker-1	stdout	operator_cpu,nitro,tpch-parquet-sf10,q10,0,ExchangeOperator,9,0.000,20.829,0.000,0,4587656,4587656,2823.340,7.593,0.000
[WARNING] [stderr] 2026-08-12T23:21:46.443-0600	INFO	ForkJoinPool-1-worker-1	stdout	operator_cpu,nitro,tpch-parquet-sf10,q10,0,LocalExchangeSourceOperator,13,0.000,3.191,0.000,0,4587736,4587736,5856.490,0.000,0.000
[WARNING] [stderr] 2026-08-12T23:21:46.443-0600	INFO	ForkJoinPool-1-worker-1	stdout	operator_cpu,nitro,tpch-parquet-sf10,q10,0,TaskOutputOperator,29,9.859,0.000,0.059,0,1720326,1720326,0.000,0.000,0.000
[WARNING] [stderr] 2026-08-12T23:21:46.443-0600	INFO	ForkJoinPool-1-worker-1	stdout	operator_cpu,nitro,tpch-parquet-sf10,q10,0,LocalExchangeSinkOperator,13,4.527,0.000,0.266,0,4587736,4587736,0.000,0.000,0.000
[WARNING] [stderr] 2026-08-12T23:21:46.443-0600	INFO	ForkJoinPool-1-worker-1	stdout	operator_cpu,nitro,tpch-parquet-sf10,q10,0,TopNOperator,5,0.008,0.708,0.039,0,120,100,0.000,0.089,0.000
[WARNING] [stderr] 2026-08-12T23:21:46.443-0600	INFO	ForkJoinPool-1-worker-1	stdout	operator_cpu,nitro,tpch-parquet-sf10,q10,0,TrinoNitroAggregationOperator,2,193.250,8.650,0.003,0,1147084,40,0.000,58.965,0.000
[WARNING] [stderr] 2026-08-12T23:21:46.443-0600	INFO	ForkJoinPool-1-worker-1	stdout	operator_cpu,nitro,tpch-parquet-sf10,q10,0,PartitionedOutputOperator,3,129.790,0.000,0.479,0,1147084,1147084,0.000,0.000,0.000
[WARNING] [stderr] 2026-08-12T23:21:46.443-0600	INFO	ForkJoinPool-1-worker-1	stdout	operator_cpu,nitro,tpch-parquet-sf10,q10,0,TrinoNitroPipelineSourceOperator,29,0.000,1782.913,0.000,76486077,62059234,2867350,1471.630,18.807,0.000
[WARNING] [stderr] 2026-08-12T23:21:46.443-0600	INFO	ForkJoinPool-1-worker-1	stdout	operator_cpu,nitro,tpch-parquet-sf10,q10,0,DynamicFilterSourceOperator,6,9.216,1.960,0.237,0,3440532,3440532,0.000,0.563,0.000
[WARNING] [stderr] 2026-08-12T23:21:46.443-0600	INFO	ForkJoinPool-1-worker-1	stdout	operator_cpu,nitro,tpch-parquet-sf10,q10,0,TrinoNitroHashJoinOperator,3,0.159,77.090,0.007,0,1147084,1147084,1.670,5.048,0.000
[WARNING] [stderr] 2026-08-12T23:21:46.443-0600	INFO	ForkJoinPool-1-worker-1	stdout	operator_cpu,nitro,tpch-parquet-sf10,q10,0,TrinoNitroHashBuildOperator,6,9.160,0.000,73.296,0,3440532,0,2232.940,64.004,0.000
[WARNING] [stderr] 2026-08-12T23:21:46.443-0600	INFO	ForkJoinPool-1-worker-1	stdout	operator_metric,nitro,tpch-parquet-sf10,q10,0,TrinoNitroAggregationOperator,nitroBoundaryPageEgressPages,2
[WARNING] [stderr] 2026-08-12T23:21:46.443-0600	INFO	ForkJoinPool-1-worker-1	stdout	operator_metric,nitro,tpch-parquet-sf10,q10,0,TrinoNitroAggregationOperator,nitroBoundaryPageIngressPages,154
[WARNING] [stderr] 2026-08-12T23:21:46.443-0600	INFO	ForkJoinPool-1-worker-1	stdout	operator_metric,nitro,tpch-parquet-sf10,q10,0,TrinoNitroAggregationOperator,nitroAggregationInitialKeyNanos,0
[WARNING] [stderr] 2026-08-12T23:21:46.443-0600	INFO	ForkJoinPool-1-worker-1	stdout	operator_metric,nitro,tpch-parquet-sf10,q10,0,TrinoNitroAggregationOperator,nitroAggregationInitialEncodedKeyNanos,0
[WARNING] [stderr] 2026-08-12T23:21:46.443-0600	INFO	ForkJoinPool-1-worker-1	stdout	operator_metric,nitro,tpch-parquet-sf10,q10,0,TrinoNitroAggregationOperator,nitroAggregationOutputNanos,56076
[WARNING] [stderr] 2026-08-12T23:21:46.443-0600	INFO	ForkJoinPool-1-worker-1	stdout	operator_metric,nitro,tpch-parquet-sf10,q10,0,TrinoNitroAggregationOperator,nitroAggregationPipelineNanos,0
[WARNING] [stderr] 2026-08-12T23:21:46.443-0600	INFO	ForkJoinPool-1-worker-1	stdout	operator_metric,nitro,tpch-parquet-sf10,q10,0,TrinoNitroAggregationOperator,nitroAggregationGroupingNanos,179814947
[WARNING] [stderr] 2026-08-12T23:21:46.443-0600	INFO	ForkJoinPool-1-worker-1	stdout	operator_metric,nitro,tpch-parquet-sf10,q10,0,TrinoNitroAggregationOperator,nitroAggregationAccumulationNanos,11042920
[WARNING] [stderr] 2026-08-12T23:21:46.443-0600	INFO	ForkJoinPool-1-worker-1	stdout	operator_metric,nitro,tpch-parquet-sf10,q10,0,TrinoNitroAggregationOperator,nitroBoundaryNativeEgressDictionaryChannelPositions,0
[WARNING] [stderr] 2026-08-12T23:21:46.443-0600	INFO	ForkJoinPool-1-worker-1	stdout	operator_metric,nitro,tpch-parquet-sf10,q10,0,TrinoNitroAggregationOperator,nitroAggregationFusedNanos,0
[WARNING] [stderr] 2026-08-12T23:21:46.443-0600	INFO	ForkJoinPool-1-worker-1	stdout	operator_metric,nitro,tpch-parquet-sf10,q10,0,TrinoNitroAggregationOperator,nitroBoundaryPageEgressBytes,7472
[WARNING] [stderr] 2026-08-12T23:21:46.443-0600	INFO	ForkJoinPool-1-worker-1	stdout	operator_metric,nitro,tpch-parquet-sf10,q10,0,TrinoNitroAggregationOperator,nitroAggregationFlushNanos,0
[WARNING] [stderr] 2026-08-12T23:21:46.443-0600	INFO	ForkJoinPool-1-worker-1	stdout	operator_metric,nitro,tpch-parquet-sf10,q10,0,TrinoNitroAggregationOperator,nitroBoundaryPageEgressPositions,40
[WARNING] [stderr] 2026-08-12T23:21:46.443-0600	INFO	ForkJoinPool-1-worker-1	stdout	operator_metric,nitro,tpch-parquet-sf10,q10,0,TrinoNitroAggregationOperator,nitroBoundaryPageIngressBytes,217417108
[WARNING] [stderr] 2026-08-12T23:21:46.443-0600	INFO	ForkJoinPool-1-worker-1	stdout	operator_metric,nitro,tpch-parquet-sf10,q10,0,TrinoNitroAggregationOperator,nitroBoundaryPageIngressPositions,1147084
[WARNING] [stderr] 2026-08-12T23:21:46.443-0600	INFO	ForkJoinPool-1-worker-1	stdout	operator_metric,nitro,tpch-parquet-sf10,q10,0,TrinoNitroAggregationOperator,nitroBoundaryPageIngressDictionaryChannelPositions,0
[WARNING] [stderr] 2026-08-12T23:21:46.443-0600	INFO	ForkJoinPool-1-worker-1	stdout	operator_metric,nitro,tpch-parquet-sf10,q10,0,TrinoNitroAggregationOperator,nitroAggregationInputNanos,192708379
[WARNING] [stderr] 2026-08-12T23:21:46.443-0600	INFO	ForkJoinPool-1-worker-1	stdout	operator_metric,nitro,tpch-parquet-sf10,q10,0,TrinoNitroAggregationOperator,nitroBoundaryPageEgressDictionaryChannelPositions,0
[WARNING] [stderr] 2026-08-12T23:21:46.443-0600	INFO	ForkJoinPool-1-worker-1	stdout	operator_metric,nitro,tpch-parquet-sf10,q10,0,TrinoNitroAggregationOperator,nitroAggregationInitialAggregationNanos,0
[WARNING] [stderr] 2026-08-12T23:21:46.443-0600	INFO	ForkJoinPool-1-worker-1	stdout	operator_metric,nitro,tpch-parquet-sf10,q10,0,TrinoNitroAggregationOperator,nitroBoundaryPageEgressRunLengthChannelPositions,0
[WARNING] [stderr] 2026-08-12T23:21:46.443-0600	INFO	ForkJoinPool-1-worker-1	stdout	operator_metric,nitro,tpch-parquet-sf10,q10,0,TrinoNitroAggregationOperator,nitroBoundaryPageIngressRunLengthChannelPositions,0
[WARNING] [stderr] 2026-08-12T23:21:46.443-0600	INFO	ForkJoinPool-1-worker-1	stdout	operator_metric,nitro,tpch-parquet-sf10,q10,0,TrinoNitroAggregationOperator,nitroAggregationInitialFlatKeyNanos,0
[WARNING] [stderr] 2026-08-12T23:21:46.443-0600	INFO	ForkJoinPool-1-worker-1	stdout	operator_metric,nitro,tpch-parquet-sf10,q10,0,TrinoNitroAggregationOperator,nitroBoundaryNativeEgressFlatChannelPositions,320
[WARNING] [stderr] 2026-08-12T23:21:46.443-0600	INFO	ForkJoinPool-1-worker-1	stdout	operator_metric,nitro,tpch-parquet-sf10,q10,0,TrinoNitroAggregationOperator,nitroAggregationStatePreparationNanos,1096061
[WARNING] [stderr] 2026-08-12T23:21:46.443-0600	INFO	ForkJoinPool-1-worker-1	stdout	operator_metric,nitro,tpch-parquet-sf10,q10,0,TrinoNitroAggregationOperator,nitroBoundaryNativeEgressRunLengthChannelPositions,0
[WARNING] [stderr] 2026-08-12T23:21:46.443-0600	INFO	ForkJoinPool-1-worker-1	stdout	operator_metric,nitro,tpch-parquet-sf10,q10,0,TrinoNitroAggregationOperator,nitroBoundaryPageIngressFlatChannelPositions,9176672
[WARNING] [stderr] 2026-08-12T23:21:46.443-0600	INFO	ForkJoinPool-1-worker-1	stdout	operator_metric,nitro,tpch-parquet-sf10,q10,0,TrinoNitroAggregationOperator,nitroBoundaryPageEgressFlatChannelPositions,320
[WARNING] [stderr] 2026-08-12T23:21:46.443-0600	INFO	ForkJoinPool-1-worker-1	stdout	operator_metric,nitro,tpch-parquet-sf10,q10,0,PartitionedOutputOperator,nitroExchangeInputFlatChannelPositions,9176672
[WARNING] [stderr] 2026-08-12T23:21:46.443-0600	INFO	ForkJoinPool-1-worker-1	stdout	operator_metric,nitro,tpch-parquet-sf10,q10,0,PartitionedOutputOperator,nitroExchangeInputDictionaryChannelPositions,0
[WARNING] [stderr] 2026-08-12T23:21:46.443-0600	INFO	ForkJoinPool-1-worker-1	stdout	operator_metric,nitro,tpch-parquet-sf10,q10,0,PartitionedOutputOperator,nitroExchangeInputPages,151
[WARNING] [stderr] 2026-08-12T23:21:46.443-0600	INFO	ForkJoinPool-1-worker-1	stdout	operator_metric,nitro,tpch-parquet-sf10,q10,0,PartitionedOutputOperator,nitroExchangeInputRunLengthChannelPositions,0
[WARNING] [stderr] 2026-08-12T23:21:46.443-0600	INFO	ForkJoinPool-1-worker-1	stdout	operator_metric,nitro,tpch-parquet-sf10,q10,0,PartitionedOutputOperator,nitroExchangeInputPositions,1147084
[WARNING] [stderr] 2026-08-12T23:21:46.443-0600	INFO	ForkJoinPool-1-worker-1	stdout	operator_metric,nitro,tpch-parquet-sf10,q10,0,PartitionedOutputOperator,nitroExchangeDictionaryUnsupportedPositions,0
[WARNING] [stderr] 2026-08-12T23:21:46.443-0600	INFO	ForkJoinPool-1-worker-1	stdout	operator_metric,nitro,tpch-parquet-sf10,q10,0,PartitionedOutputOperator,nitroExchangeLowDictionaryReusePositions,0
[WARNING] [stderr] 2026-08-12T23:21:46.443-0600	INFO	ForkJoinPool-1-worker-1	stdout	operator_metric,nitro,tpch-parquet-sf10,q10,0,PartitionedOutputOperator,nitroExchangeSmallPagePositions,0
[WARNING] [stderr] 2026-08-12T23:21:46.443-0600	INFO	ForkJoinPool-1-worker-1	stdout	operator_metric,nitro,tpch-parquet-sf10,q10,0,PartitionedOutputOperator,nitroExchangeNoDictionaryPositions,1147084
[WARNING] [stderr] 2026-08-12T23:21:46.443-0600	INFO	ForkJoinPool-1-worker-1	stdout	operator_metric,nitro,tpch-parquet-sf10,q10,0,PartitionedOutputOperator,nitroExchangePreservedPositions,0
[WARNING] [stderr] 2026-08-12T23:21:46.443-0600	INFO	ForkJoinPool-1-worker-1	stdout	operator_metric,nitro,tpch-parquet-sf10,q10,0,PartitionedOutputOperator,nitroExchangeRunLengthUnsupportedPositions,0
[WARNING] [stderr] 2026-08-12T23:21:46.443-0600	INFO	ForkJoinPool-1-worker-1	stdout	operator_metric,nitro,tpch-parquet-sf10,q10,0,TrinoNitroPipelineSourceOperator,nitroAllocatorAllocatedBytes.HashJoinOperatorBuild,0
[WARNING] [stderr] 2026-08-12T23:21:46.443-0600	INFO	ForkJoinPool-1-worker-1	stdout	operator_metric,nitro,tpch-parquet-sf10,q10,0,TrinoNitroPipelineSourceOperator,nitroBoundaryNativeExchangeBatches,151
[WARNING] [stderr] 2026-08-12T23:21:46.443-0600	INFO	ForkJoinPool-1-worker-1	stdout	operator_metric,nitro,tpch-parquet-sf10,q10,0,TrinoNitroPipelineSourceOperator,nitroAllocatorAllocatedBytes,532155727
[WARNING] [stderr] 2026-08-12T23:21:46.443-0600	INFO	ForkJoinPool-1-worker-1	stdout	operator_metric,nitro,tpch-parquet-sf10,q10,0,TrinoNitroPipelineSourceOperator,nitroOperatorConstructionNanos,5308246
[WARNING] [stderr] 2026-08-12T23:21:46.443-0600	INFO	ForkJoinPool-1-worker-1	stdout	operator_metric,nitro,tpch-parquet-sf10,q10,0,TrinoNitroPipelineSourceOperator,nitroBoundaryNativeExchangeBytes,398961024
[WARNING] [stderr] 2026-08-12T23:21:46.443-0600	INFO	ForkJoinPool-1-worker-1	stdout	operator_metric,nitro,tpch-parquet-sf10,q10,0,TrinoNitroPipelineSourceOperator,nitroAllocatorAllocatedVectorBytes.F64Vector,63875840
[WARNING] [stderr] 2026-08-12T23:21:46.443-0600	INFO	ForkJoinPool-1-worker-1	stdout	operator_metric,nitro,tpch-parquet-sf10,q10,0,TrinoNitroPipelineSourceOperator,nitroBoundaryNativeExchangeMaximumBatchBytes,13078364
[WARNING] [stderr] 2026-08-12T23:21:46.443-0600	INFO	ForkJoinPool-1-worker-1	stdout	operator_metric,nitro,tpch-parquet-sf10,q10,0,TrinoNitroPipelineSourceOperator,nitroAllocatorAllocatedBytes.HashJoinOperatorIndex,0
[WARNING] [stderr] 2026-08-12T23:21:46.443-0600	INFO	ForkJoinPool-1-worker-1	stdout	operator_metric,nitro,tpch-parquet-sf10,q10,0,TrinoNitroPipelineSourceOperator,nitroAllocatorAllocatedVectorBytes,509322899
[WARNING] [stderr] 2026-08-12T23:21:46.443-0600	INFO	ForkJoinPool-1-worker-1	stdout	operator_metric,nitro,tpch-parquet-sf10,q10,0,TrinoNitroPipelineSourceOperator,nitroAllocatorAllocatedBytes.trino-native-source-ingress,0
[WARNING] [stderr] 2026-08-12T23:21:46.443-0600	INFO	ForkJoinPool-1-worker-1	stdout	operator_metric,nitro,tpch-parquet-sf10,q10,0,TrinoNitroPipelineSourceOperator,nitroAllocatorAllocatedVectorBytes.I64Vector,32321960
[WARNING] [stderr] 2026-08-12T23:21:46.443-0600	INFO	ForkJoinPool-1-worker-1	stdout	operator_metric,nitro,tpch-parquet-sf10,q10,0,TrinoNitroPipelineSourceOperator,nitroAllocatorAllocatedVectorBytes.BinaryVector,392566166
[WARNING] [stderr] 2026-08-12T23:21:46.443-0600	INFO	ForkJoinPool-1-worker-1	stdout	operator_metric,nitro,tpch-parquet-sf10,q10,0,TrinoNitroPipelineSourceOperator,nitroAllocatorAllocatedBytes.HashJoinOperator,445983786
[WARNING] [stderr] 2026-08-12T23:21:46.443-0600	INFO	ForkJoinPool-1-worker-1	stdout	operator_metric,nitro,tpch-parquet-sf10,q10,0,TrinoNitroPipelineSourceOperator,nitroNativeSourceCreationNanos,3301411
[WARNING] [stderr] 2026-08-12T23:21:46.443-0600	INFO	ForkJoinPool-1-worker-1	stdout	operator_metric,nitro,tpch-parquet-sf10,q10,0,TrinoNitroPipelineSourceOperator,nitroAllocatorAllocatedVectorBytes.RleVector,22684
[WARNING] [stderr] 2026-08-12T23:21:46.443-0600	INFO	ForkJoinPool-1-worker-1	stdout	operator_metric,nitro,tpch-parquet-sf10,q10,0,TrinoNitroPipelineSourceOperator,nitroBoundaryNativeExchangePositions,1147084
[WARNING] [stderr] 2026-08-12T23:21:46.443-0600	INFO	ForkJoinPool-1-worker-1	stdout	operator_metric,nitro,tpch-parquet-sf10,q10,0,TrinoNitroPipelineSourceOperator,nitroAllocatorAllocatedVectorBytes.BooleanVector,10323705
[WARNING] [stderr] 2026-08-12T23:21:46.443-0600	INFO	ForkJoinPool-1-worker-1	stdout	operator_metric,nitro,tpch-parquet-sf10,q10,0,TrinoNitroPipelineSourceOperator,nitroAllocatorAllocatedBytes.NitroParquetBatchSource,86171869
[WARNING] [stderr] 2026-08-12T23:21:46.443-0600	INFO	ForkJoinPool-1-worker-1	stdout	operator_metric,nitro,tpch-parquet-sf10,q10,0,TrinoNitroPipelineSourceOperator,nitroProjectionFlatInputPositions,0
[WARNING] [stderr] 2026-08-12T23:21:46.443-0600	INFO	ForkJoinPool-1-worker-1	stdout	operator_metric,nitro,tpch-parquet-sf10,q10,0,TrinoNitroPipelineSourceOperator,nitroFilterSourceMaskSuccesses,0
[WARNING] [stderr] 2026-08-12T23:21:46.443-0600	INFO	ForkJoinPool-1-worker-1	stdout	operator_metric,nitro,tpch-parquet-sf10,q10,0,TrinoNitroPipelineSourceOperator,nitroFilterPlannedPreboundMasks,25
[WARNING] [stderr] 2026-08-12T23:21:46.443-0600	INFO	ForkJoinPool-1-worker-1	stdout	operator_metric,nitro,tpch-parquet-sf10,q10,0,TrinoNitroPipelineSourceOperator,nitroFilterDirectPreboundMaskSuccesses,0
[WARNING] [stderr] 2026-08-12T23:21:46.443-0600	INFO	ForkJoinPool-1-worker-1	stdout	operator_metric,nitro,tpch-parquet-sf10,q10,0,TrinoNitroPipelineSourceOperator,nitroProjectionGeneratedAttempts,0
[WARNING] [stderr] 2026-08-12T23:21:46.443-0600	INFO	ForkJoinPool-1-worker-1	stdout	operator_metric,nitro,tpch-parquet-sf10,q10,0,TrinoNitroPipelineSourceOperator,nitroProjectionGeneratedKernels,0
[WARNING] [stderr] 2026-08-12T23:21:46.443-0600	INFO	ForkJoinPool-1-worker-1	stdout	operator_metric,nitro,tpch-parquet-sf10,q10,0,TrinoNitroPipelineSourceOperator,nitroFilterPrimitiveMaskFallbacks,0
[WARNING] [stderr] 2026-08-12T23:21:46.443-0600	INFO	ForkJoinPool-1-worker-1	stdout	operator_metric,nitro,tpch-parquet-sf10,q10,0,TrinoNitroPipelineSourceOperator,nitroBoundaryNativeEgressDictionaryChannelPositions,1147084
[WARNING] [stderr] 2026-08-12T23:21:46.443-0600	INFO	ForkJoinPool-1-worker-1	stdout	operator_metric,nitro,tpch-parquet-sf10,q10,0,TrinoNitroPipelineSourceOperator,nitroBoundaryPageEgressBytes,45876957
[WARNING] [stderr] 2026-08-12T23:21:46.443-0600	INFO	ForkJoinPool-1-worker-1	stdout	operator_metric,nitro,tpch-parquet-sf10,q10,0,TrinoNitroPipelineSourceOperator,nitroBoundaryPageEgressPositions,1720266
[WARNING] [stderr] 2026-08-12T23:21:46.443-0600	INFO	ForkJoinPool-1-worker-1	stdout	operator_metric,nitro,tpch-parquet-sf10,q10,0,TrinoNitroPipelineSourceOperator,nitroBoundaryPageEgressDictionaryChannelPositions,1147084
[WARNING] [stderr] 2026-08-12T23:21:46.443-0600	INFO	ForkJoinPool-1-worker-1	stdout	operator_metric,nitro,tpch-parquet-sf10,q10,0,TrinoNitroPipelineSourceOperator,nitroFilterPlannedCompiledMasks,25
[WARNING] [stderr] 2026-08-12T23:21:46.443-0600	INFO	ForkJoinPool-1-worker-1	stdout	operator_metric,nitro,tpch-parquet-sf10,q10,0,TrinoNitroPipelineSourceOperator,nitroProjectionGeneratedLayoutFallbacks,0
[WARNING] [stderr] 2026-08-12T23:21:46.443-0600	INFO	ForkJoinPool-1-worker-1	stdout	operator_metric,nitro,tpch-parquet-sf10,q10,0,TrinoNitroPipelineSourceOperator,nitroFilterOutputPositions,15381340
[WARNING] [stderr] 2026-08-12T23:21:46.443-0600	INFO	ForkJoinPool-1-worker-1	stdout	operator_metric,nitro,tpch-parquet-sf10,q10,0,TrinoNitroPipelineSourceOperator,nitroProjectionGeneratedErrorFallbacks,0
[WARNING] [stderr] 2026-08-12T23:21:46.443-0600	INFO	ForkJoinPool-1-worker-1	stdout	operator_metric,nitro,tpch-parquet-sf10,q10,0,TrinoNitroPipelineSourceOperator,nitroFilterCompiledMaskAttempts,1538
[WARNING] [stderr] 2026-08-12T23:21:46.443-0600	INFO	ForkJoinPool-1-worker-1	stdout	operator_metric,nitro,tpch-parquet-sf10,q10,0,TrinoNitroPipelineSourceOperator,nitroBoundaryNativeEgressFlatChannelPositions,3440532
[WARNING] [stderr] 2026-08-12T23:21:46.443-0600	INFO	ForkJoinPool-1-worker-1	stdout	operator_metric,nitro,tpch-parquet-sf10,q10,0,TrinoNitroPipelineSourceOperator,nitroFilterPrimitiveMaskAttempts,0
[WARNING] [stderr] 2026-08-12T23:21:46.443-0600	INFO	ForkJoinPool-1-worker-1	stdout	operator_metric,nitro,tpch-parquet-sf10,q10,0,TrinoNitroPipelineSourceOperator,nitroFilterCompiledMaskSuccesses,1538
[WARNING] [stderr] 2026-08-12T23:21:46.443-0600	INFO	ForkJoinPool-1-worker-1	stdout	operator_metric,nitro,tpch-parquet-sf10,q10,0,TrinoNitroPipelineSourceOperator,nitroProjectionPlannedAssignments,0
[WARNING] [stderr] 2026-08-12T23:21:46.443-0600	INFO	ForkJoinPool-1-worker-1	stdout	operator_metric,nitro,tpch-parquet-sf10,q10,0,TrinoNitroPipelineSourceOperator,nitroProjectionPlannedComputedOutputs,0
[WARNING] [stderr] 2026-08-12T23:21:46.443-0600	INFO	ForkJoinPool-1-worker-1	stdout	operator_metric,nitro,tpch-parquet-sf10,q10,0,TrinoNitroPipelineSourceOperator,nitroBoundaryPageEgressFlatChannelPositions,3440532
[WARNING] [stderr] 2026-08-12T23:21:46.443-0600	INFO	ForkJoinPool-1-worker-1	stdout	operator_metric,nitro,tpch-parquet-sf10,q10,0,TrinoNitroPipelineSourceOperator,nitroFilterMaterializedMaskFallbacks,0
[WARNING] [stderr] 2026-08-12T23:21:46.443-0600	INFO	ForkJoinPool-1-worker-1	stdout	operator_metric,nitro,tpch-parquet-sf10,q10,0,TrinoNitroPipelineSourceOperator,nitroBoundaryPageEgressPages,1600
[WARNING] [stderr] 2026-08-12T23:21:46.443-0600	INFO	ForkJoinPool-1-worker-1	stdout	operator_metric,nitro,tpch-parquet-sf10,q10,0,TrinoNitroPipelineSourceOperator,nitroProjectionOtherNullExpansionPositions,0
[WARNING] [stderr] 2026-08-12T23:21:46.443-0600	INFO	ForkJoinPool-1-worker-1	stdout	operator_metric,nitro,tpch-parquet-sf10,q10,0,TrinoNitroPipelineSourceOperator,nitroAllocatorAllocatedVectorBytes.I32Vector,5624208
[WARNING] [stderr] 2026-08-12T23:21:46.443-0600	INFO	ForkJoinPool-1-worker-1	stdout	operator_metric,nitro,tpch-parquet-sf10,q10,0,TrinoNitroPipelineSourceOperator,nitroAllocatorAllocatedVectorBytes.DictionaryVector,4588336
[WARNING] [stderr] 2026-08-12T23:21:46.443-0600	INFO	ForkJoinPool-1-worker-1	stdout	operator_metric,nitro,tpch-parquet-sf10,q10,0,TrinoNitroPipelineSourceOperator,nitroProjectionDictionaryFlatteningPositions,0
[WARNING] [stderr] 2026-08-12T23:21:46.443-0600	INFO	ForkJoinPool-1-worker-1	stdout	operator_metric,nitro,tpch-parquet-sf10,q10,0,TrinoNitroPipelineSourceOperator,nitroFilterPlannedAssignments,68
[WARNING] [stderr] 2026-08-12T23:21:46.443-0600	INFO	ForkJoinPool-1-worker-1	stdout	operator_metric,nitro,tpch-parquet-sf10,q10,0,TrinoNitroPipelineSourceOperator,nitroProjectionOtherInputPositions,0
[WARNING] [stderr] 2026-08-12T23:21:46.443-0600	INFO	ForkJoinPool-1-worker-1	stdout	operator_metric,nitro,tpch-parquet-sf10,q10,0,TrinoNitroPipelineSourceOperator,nitroProjectionDictionaryNullExpansionPositions,0
[WARNING] [stderr] 2026-08-12T23:21:46.443-0600	INFO	ForkJoinPool-1-worker-1	stdout	operator_metric,nitro,tpch-parquet-sf10,q10,0,TrinoNitroPipelineSourceOperator,nitroProjectionRunLengthInputPositions,0
[WARNING] [stderr] 2026-08-12T23:21:46.443-0600	INFO	ForkJoinPool-1-worker-1	stdout	operator_metric,nitro,tpch-parquet-sf10,q10,0,TrinoNitroPipelineSourceOperator,nitroAllocatorAllocatedBytes.ProjectOperator,72
[WARNING] [stderr] 2026-08-12T23:21:46.443-0600	INFO	ForkJoinPool-1-worker-1	stdout	operator_metric,nitro,tpch-parquet-sf10,q10,0,TrinoNitroPipelineSourceOperator,nitroProjectionIntegerWideningPositions,0
[WARNING] [stderr] 2026-08-12T23:21:46.443-0600	INFO	ForkJoinPool-1-worker-1	stdout	operator_metric,nitro,tpch-parquet-sf10,q10,0,TrinoNitroPipelineSourceOperator,nitroFilterPlannedSourceMaskOptimizations,0
[WARNING] [stderr] 2026-08-12T23:21:46.443-0600	INFO	ForkJoinPool-1-worker-1	stdout	operator_metric,nitro,tpch-parquet-sf10,q10,0,TrinoNitroPipelineSourceOperator,nitroProjectionGeneratedOutputs,0
[WARNING] [stderr] 2026-08-12T23:21:46.443-0600	INFO	ForkJoinPool-1-worker-1	stdout	operator_metric,nitro,tpch-parquet-sf10,q10,0,TrinoNitroPipelineSourceOperator,nitroFilterCompiledMaskFallbacks,0
[WARNING] [stderr] 2026-08-12T23:21:46.443-0600	INFO	ForkJoinPool-1-worker-1	stdout	operator_metric,nitro,tpch-parquet-sf10,q10,0,TrinoNitroPipelineSourceOperator,nitroProjectionGeneratedSelectedPositions,0
[WARNING] [stderr] 2026-08-12T23:21:46.443-0600	INFO	ForkJoinPool-1-worker-1	stdout	operator_metric,nitro,tpch-parquet-sf10,q10,0,TrinoNitroPipelineSourceOperator,nitroProjectionDictionaryInputPositions,0
[WARNING] [stderr] 2026-08-12T23:21:46.443-0600	INFO	ForkJoinPool-1-worker-1	stdout	operator_metric,nitro,tpch-parquet-sf10,q10,0,TrinoNitroPipelineSourceOperator,nitroBoundaryPageEgressRunLengthChannelPositions,0
[WARNING] [stderr] 2026-08-12T23:21:46.443-0600	INFO	ForkJoinPool-1-worker-1	stdout	operator_metric,nitro,tpch-parquet-sf10,q10,0,TrinoNitroPipelineSourceOperator,nitroAllocatorAllocatedBytes.FilterOperator,0
[WARNING] [stderr] 2026-08-12T23:21:46.443-0600	INFO	ForkJoinPool-1-worker-1	stdout	operator_metric,nitro,tpch-parquet-sf10,q10,0,TrinoNitroPipelineSourceOperator,nitroFilterInputPositions,60559209
[WARNING] [stderr] 2026-08-12T23:21:46.443-0600	INFO	ForkJoinPool-1-worker-1	stdout	operator_metric,nitro,tpch-parquet-sf10,q10,0,TrinoNitroPipelineSourceOperator,nitroBoundaryNativeEgressRunLengthChannelPositions,0
[WARNING] [stderr] 2026-08-12T23:21:46.443-0600	INFO	ForkJoinPool-1-worker-1	stdout	operator_metric,nitro,tpch-parquet-sf10,q10,0,TrinoNitroPipelineSourceOperator,nitroFilterPrimitiveMaskSuccesses,0
[WARNING] [stderr] 2026-08-12T23:21:46.443-0600	INFO	ForkJoinPool-1-worker-1	stdout	operator_metric,nitro,tpch-parquet-sf10,q10,0,TrinoNitroPipelineSourceOperator,nitroProjectionGeneratedSuccesses,0
[WARNING] [stderr] 2026-08-12T23:21:46.443-0600	INFO	ForkJoinPool-1-worker-1	stdout	operator_metric,nitro,tpch-parquet-sf10,q10,0,TrinoNitroHashJoinOperator,nitroProjectionGeneratedSuccesses,151
[WARNING] [stderr] 2026-08-12T23:21:46.443-0600	INFO	ForkJoinPool-1-worker-1	stdout	operator_metric,nitro,tpch-parquet-sf10,q10,0,TrinoNitroHashJoinOperator,nitroProjectionRunLengthInputPositions,0
[WARNING] [stderr] 2026-08-12T23:21:46.443-0600	INFO	ForkJoinPool-1-worker-1	stdout	operator_metric,nitro,tpch-parquet-sf10,q10,0,TrinoNitroHashJoinOperator,nitroProjectionGeneratedErrorFallbacks,0
[WARNING] [stderr] 2026-08-12T23:21:46.443-0600	INFO	ForkJoinPool-1-worker-1	stdout	operator_metric,nitro,tpch-parquet-sf10,q10,0,TrinoNitroHashJoinOperator,nitroProjectionDictionaryInputPositions,0
[WARNING] [stderr] 2026-08-12T23:21:46.443-0600	INFO	ForkJoinPool-1-worker-1	stdout	operator_metric,nitro,tpch-parquet-sf10,q10,0,TrinoNitroHashJoinOperator,nitroProjectionFlatInputPositions,2294168
[WARNING] [stderr] 2026-08-12T23:21:46.443-0600	INFO	ForkJoinPool-1-worker-1	stdout	operator_metric,nitro,tpch-parquet-sf10,q10,0,TrinoNitroHashJoinOperator,nitroProjectionGeneratedKernels,3
[WARNING] [stderr] 2026-08-12T23:21:46.443-0600	INFO	ForkJoinPool-1-worker-1	stdout	operator_metric,nitro,tpch-parquet-sf10,q10,0,TrinoNitroHashJoinOperator,nitroProjectionPlannedComputedOutputs,3
[WARNING] [stderr] 2026-08-12T23:21:46.443-0600	INFO	ForkJoinPool-1-worker-1	stdout	operator_metric,nitro,tpch-parquet-sf10,q10,0,TrinoNitroHashJoinOperator,nitroProjectionGeneratedLayoutFallbacks,0
[WARNING] [stderr] 2026-08-12T23:21:46.443-0600	INFO	ForkJoinPool-1-worker-1	stdout	operator_metric,nitro,tpch-parquet-sf10,q10,0,TrinoNitroHashJoinOperator,nitroProjectionGeneratedAttempts,151
[WARNING] [stderr] 2026-08-12T23:21:46.443-0600	INFO	ForkJoinPool-1-worker-1	stdout	operator_metric,nitro,tpch-parquet-sf10,q10,0,TrinoNitroHashJoinOperator,nitroProjectionPlannedAssignments,9
[WARNING] [stderr] 2026-08-12T23:21:46.443-0600	INFO	ForkJoinPool-1-worker-1	stdout	operator_metric,nitro,tpch-parquet-sf10,q10,0,TrinoNitroHashJoinOperator,nitroProjectionGeneratedSelectedPositions,1147084
[WARNING] [stderr] 2026-08-12T23:21:46.443-0600	INFO	ForkJoinPool-1-worker-1	stdout	operator_metric,nitro,tpch-parquet-sf10,q10,0,TrinoNitroHashJoinOperator,nitroBoundaryNativeExchangeMaximumBatchBytes,11163148
[WARNING] [stderr] 2026-08-12T23:21:46.443-0600	INFO	ForkJoinPool-1-worker-1	stdout	operator_metric,nitro,tpch-parquet-sf10,q10,0,TrinoNitroHashJoinOperator,nitroProjectionOtherInputPositions,0
[WARNING] [stderr] 2026-08-12T23:21:46.443-0600	INFO	ForkJoinPool-1-worker-1	stdout	operator_metric,nitro,tpch-parquet-sf10,q10,0,TrinoNitroHashJoinOperator,nitroProjectionDictionaryFlatteningPositions,0
[WARNING] [stderr] 2026-08-12T23:21:46.443-0600	INFO	ForkJoinPool-1-worker-1	stdout	operator_metric,nitro,tpch-parquet-sf10,q10,0,TrinoNitroHashJoinOperator,nitroProjectionGeneratedOutputs,3
[WARNING] [stderr] 2026-08-12T23:21:46.443-0600	INFO	ForkJoinPool-1-worker-1	stdout	operator_metric,nitro,tpch-parquet-sf10,q10,0,TrinoNitroHashJoinOperator,nitroProjectionDictionaryNullExpansionPositions,0
[WARNING] [stderr] 2026-08-12T23:21:46.443-0600	INFO	ForkJoinPool-1-worker-1	stdout	operator_metric,nitro,tpch-parquet-sf10,q10,0,TrinoNitroHashJoinOperator,nitroBoundaryNativeExchangePositions,1147084
[WARNING] [stderr] 2026-08-12T23:21:46.443-0600	INFO	ForkJoinPool-1-worker-1	stdout	operator_metric,nitro,tpch-parquet-sf10,q10,0,TrinoNitroHashJoinOperator,nitroBoundaryNativeExchangeBatches,151
[WARNING] [stderr] 2026-08-12T23:21:46.443-0600	INFO	ForkJoinPool-1-worker-1	stdout	operator_metric,nitro,tpch-parquet-sf10,q10,0,TrinoNitroHashJoinOperator,nitroProjectionIntegerWideningPositions,0
[WARNING] [stderr] 2026-08-12T23:21:46.443-0600	INFO	ForkJoinPool-1-worker-1	stdout	operator_metric,nitro,tpch-parquet-sf10,q10,0,TrinoNitroHashJoinOperator,nitroProjectionOtherNullExpansionPositions,0
[WARNING] [stderr] 2026-08-12T23:21:46.443-0600	INFO	ForkJoinPool-1-worker-1	stdout	operator_metric,nitro,tpch-parquet-sf10,q10,0,TrinoNitroHashJoinOperator,nitroBoundaryNativeExchangeBytes,383895408
[WARNING] [stderr] 2026-08-12T23:21:46.444-0600	INFO	ForkJoinPool-1-worker-1	stdout	nitro,tpch-parquet-sf10,q10,1,793.708,793.708,793.708,793.708,2331.000,2331.000,2.9368,737.678,76486077,0,29
[WARNING] [stderr] 2026-08-12T23:21:46.444-0600	INFO	ForkJoinPool-1-worker-1	stdout	peak_memory,nitro,tpch-parquet-sf10,q10,1,29.971,29.971,10247.739,10247.739
[INFO] Tests run: 1, Failures: 0, Errors: 0, Skipped: 0, Time elapsed: 35.27 s -- in io.trino.tests.nitro.TestNitroParquetCountPerformance
[WARNING] [stderr] 2026-08-12T23:21:46.472-0600	INFO	main	io.trino.testing.containers.junit.ReportLeakedContainers	DockerClientFactory not initialized, so there should be no leaked containers, skipping the check
[INFO] 
[INFO] Results:
[INFO] 
[INFO] Tests run: 1, Failures: 0, Errors: 0, Skipped: 0
[INFO] 
[INFO] ------------------------------------------------------------------------
[INFO] BUILD SUCCESS
[INFO] ------------------------------------------------------------------------
[INFO] Total time:  37.452 s (Wall Clock)
[INFO] Finished at: 2026-08-13T05:21:46Z
[INFO] ------------------------------------------------------------------------
[INFO] Njord session closed

Script done on 2026-08-13 05:21:46+00:00 [COMMAND_EXIT_CODE="0"]
