java/lang/Thread.run;java/lang/Thread.runWith;java/util/concurrent/ThreadPoolExecutor$Worker.run;java/util/concurrent/ThreadPoolExecutor.runWorker;java/util/concurrent/FutureTask.run;java/util/concurrent/Executors$RunnableAdapter.call;java/util/concurrent/FutureTask.run;org/openjdk/jmh/runner/BenchmarkHandler$BenchmarkTask.call;org/openjdk/jmh/runner/BenchmarkHandler$BenchmarkTask.call;java/lang/reflect/Method.invoke;jdk/internal/reflect/DirectMethodHandleAccessor.invoke;jdk/internal/reflect/DirectMethodHandleAccessor.invokeImpl;java/lang/invoke/LambdaForm$MH.0x0000000020061400.invokeExact_MT;java/lang/invoke/LambdaForm$MH.0x0000000020061000.invoke;java/lang/invoke/DirectMethodHandle$Holder.invokeSpecial;org/weakref/nitro/tpch/jmh_generated/BenchmarkQueries_query17_jmhTest.query17_AverageTime;org/weakref/nitro/tpch/jmh_generated/BenchmarkQueries_query17_jmhTest.query17_avgt_jmhStub;org/weakref/nitro/tpch/BenchmarkQueries.query17;org/weakref/nitro/tpch/BenchmarkQueries.consume;org/weakref/nitro/operator/Output.borrow;org/weakref/nitro/operator/ProjectOperator$$Lambda.0x00000000201188c8.apply;org/weakref/nitro/operator/ProjectOperator.lambda$next$4;org/weakref/nitro/operator/ProjectOperator.evaluateOutput;java/util/HashMap.computeIfAbsent;org/weakref/nitro/operator/ProjectOperator$$Lambda.0x0000000020119aa0.apply;org/weakref/nitro/operator/ProjectOperator.lambda$evaluateOutput$0;org/weakref/nitro/operator/ProjectOperator.evaluateBundle;org/weakref/nitro/operator/evaluator/PlanEvaluator.evaluate;org/weakref/nitro/operator/evaluator/PlanEvaluator.evaluateUnmemoized;org/weakref/nitro/operator/evaluator/PlanEvaluator.evaluateVariable;org/weakref/nitro/operator/evaluator/PlanEvaluator.evaluateCall;org/weakref/nitro/operator/evaluator/PlanEvaluator.evaluateArgument;org/weakref/nitro/operator/evaluator/PlanEvaluator.evaluate;org/weakref/nitro/operator/evaluator/PlanEvaluator.evaluateUnmemoized;org/weakref/nitro/operator/evaluator/PlanEvaluator.evaluateInput;org/weakref/nitro/operator/ProjectOperator$$Lambda.0x00000000200bf8a0.resolve;org/weakref/nitro/operator/ProjectOperator.resolveEvaluatorInput;org/weakref/nitro/operator/Output.borrowOrNull;org/weakref/nitro/operator/Output.borrow;org/weakref/nitro/operator/AggregationOperator$$Lambda.0x0000000020111000.apply;org/weakref/nitro/operator/AggregationOperator.lambda$resultOutput$0;org/weakref/nitro/operator/AggregationOperator.doAggregationIfNeeded;org/weakref/nitro/operator/ProjectOperator.next;org/weakref/nitro/operator/FilterOperator.next;org/weakref/nitro/operator/HashJoinOperator.next;org/weakref/nitro/operator/HashJoinOperator.produceBatch;org/weakref/nitro/operator/HashJoinOperator.loadInnerIfNecessary;org/weakref/nitro/operator/BufferedJoinInput.loadAll;org/weakref/nitro/operator/ProjectOperator.next;org/weakref/nitro/operator/GroupedAggregationOperator.next;org/weakref/nitro/operator/GroupedAggregationOperator.computeResults;org/weakref/nitro/operator/GroupedAggregationOperator.computeInlineGroupedResults;org/weakref/nitro/operator/GroupedAggregationOperator.prepareAggregationStates;org/weakref/nitro/operator/aggregation/AvgF64.allocate;org/weakref/nitro/data/Allocator.allocate;org/weakref/nitro/data/Allocator.allocatePooled;org/weakref/nitro/data/Allocator$$Lambda.0x000000002011ba48.get;org/weakref/nitro/data/Allocator.lambda$allocate$0;org/weakref/nitro/operator/aggregation/AvgF64$$Lambda.0x00000000201225e8.apply;org/weakref/nitro/data/AvgStateVector.<init>;long[]_[i] 1
java/lang/Thread.run;java/lang/Thread.runWith;java/util/concurrent/ThreadPoolExecutor$Worker.run;java/util/concurrent/ThreadPoolExecutor.runWorker;java/util/concurrent/FutureTask.run;java/util/concurrent/Executors$RunnableAdapter.call;java/util/concurrent/FutureTask.run;org/openjdk/jmh/runner/BenchmarkHandler$BenchmarkTask.call;org/openjdk/jmh/runner/BenchmarkHandler$BenchmarkTask.call;java/lang/reflect/Method.invoke;jdk/internal/reflect/DirectMethodHandleAccessor.invoke;jdk/internal/reflect/DirectMethodHandleAccessor.invokeImpl;java/lang/invoke/LambdaForm$MH.0x0000000020061400.invokeExact_MT;java/lang/invoke/LambdaForm$MH.0x0000000020061000.invoke;java/lang/invoke/DirectMethodHandle$Holder.invokeSpecial;org/weakref/nitro/tpch/jmh_generated/BenchmarkQueries_query17_jmhTest.query17_AverageTime;org/weakref/nitro/tpch/jmh_generated/BenchmarkQueries_query17_jmhTest.query17_avgt_jmhStub;org/weakref/nitro/tpch/BenchmarkQueries.query17;org/weakref/nitro/tpch/BenchmarkQueries.consume;org/weakref/nitro/operator/Output.borrow;org/weakref/nitro/operator/ProjectOperator$$Lambda.0x00000000201188c8.apply;org/weakref/nitro/operator/ProjectOperator.lambda$next$4;org/weakref/nitro/operator/ProjectOperator.evaluateOutput;java/util/HashMap.computeIfAbsent;org/weakref/nitro/operator/ProjectOperator$$Lambda.0x0000000020119aa0.apply;org/weakref/nitro/operator/ProjectOperator.lambda$evaluateOutput$0;org/weakref/nitro/operator/ProjectOperator.evaluateBundle;org/weakref/nitro/operator/evaluator/PlanEvaluator.evaluate;org/weakref/nitro/operator/evaluator/PlanEvaluator.evaluateUnmemoized;org/weakref/nitro/operator/evaluator/PlanEvaluator.evaluateVariable;org/weakref/nitro/operator/evaluator/PlanEvaluator.evaluateCall;org/weakref/nitro/operator/evaluator/PlanEvaluator.evaluateArgument;org/weakref/nitro/operator/evaluator/PlanEvaluator.evaluate;org/weakref/nitro/operator/evaluator/PlanEvaluator.evaluateUnmemoized;org/weakref/nitro/operator/evaluator/PlanEvaluator.evaluateInput;org/weakref/nitro/operator/ProjectOperator$$Lambda.0x00000000200bf8a0.resolve;org/weakref/nitro/operator/ProjectOperator.resolveEvaluatorInput;org/weakref/nitro/operator/Output.borrowOrNull;org/weakref/nitro/operator/Output.borrow;org/weakref/nitro/operator/AggregationOperator$$Lambda.0x0000000020111000.apply;org/weakref/nitro/operator/AggregationOperator.lambda$resultOutput$0;org/weakref/nitro/operator/AggregationOperator.doAggregationIfNeeded;org/weakref/nitro/operator/ProjectOperator.next;org/weakref/nitro/operator/FilterOperator.next;org/weakref/nitro/operator/HashJoinOperator.next;org/weakref/nitro/operator/HashJoinOperator.produceBatch;org/weakref/nitro/operator/HashJoinOperator.loadInnerIfNecessary;org/weakref/nitro/operator/BufferedJoinInput.loadAll;org/weakref/nitro/operator/ProjectOperator.next;org/weakref/nitro/operator/GroupedAggregationOperator.next;org/weakref/nitro/operator/GroupedAggregationOperator.computeResults;org/weakref/nitro/operator/GroupedAggregationOperator.computeInlineGroupedResults;org/weakref/nitro/operator/GroupedAggregationOperator.accumulateGroupedRows;org/weakref/nitro/operator/aggregation/AvgF64.accumulate;org/weakref/nitro/function/scalar/builtin/VectorAccess.doubleValues;java/lang/invoke/Invokers$Holder.linkToTargetMethod;java/lang/invoke/DirectMethodHandle$Holder.newInvokeSpecial;java/lang/invoke/DirectMethodHandle.allocateInstance;org.weakref.nitro.function.scalar.builtin.VectorAccess$$Lambda.0x0000000020123478_[i] 1
java/lang/Thread.run;java/lang/Thread.runWith;java/util/concurrent/ThreadPoolExecutor$Worker.run;java/util/concurrent/ThreadPoolExecutor.runWorker;java/util/concurrent/FutureTask.run;java/util/concurrent/Executors$RunnableAdapter.call;java/util/concurrent/FutureTask.run;org/openjdk/jmh/runner/BenchmarkHandler$BenchmarkTask.call;org/openjdk/jmh/runner/BenchmarkHandler$BenchmarkTask.call;java/lang/reflect/Method.invoke;jdk/internal/reflect/DirectMethodHandleAccessor.invoke;jdk/internal/reflect/DirectMethodHandleAccessor.invokeImpl;java/lang/invoke/LambdaForm$MH.0x0000000020061400.invokeExact_MT;java/lang/invoke/LambdaForm$MH.0x0000000020061000.invoke;java/lang/invoke/DirectMethodHandle$Holder.invokeSpecial;org/weakref/nitro/tpch/jmh_generated/BenchmarkQueries_query17_jmhTest.query17_AverageTime;org/weakref/nitro/tpch/jmh_generated/BenchmarkQueries_query17_jmhTest.query17_avgt_jmhStub;org/weakref/nitro/tpch/BenchmarkQueries.query17;org/weakref/nitro/tpch/BenchmarkQueries.consume;org/weakref/nitro/operator/Output.borrow;org/weakref/nitro/operator/ProjectOperator$$Lambda.0x00000000201188c8.apply;org/weakref/nitro/operator/ProjectOperator.lambda$next$4;org/weakref/nitro/operator/ProjectOperator.evaluateOutput;java/util/HashMap.computeIfAbsent;org/weakref/nitro/operator/ProjectOperator$$Lambda.0x0000000020119aa0.apply;org/weakref/nitro/operator/ProjectOperator.lambda$evaluateOutput$0;org/weakref/nitro/operator/ProjectOperator.evaluateBundle;org/weakref/nitro/operator/evaluator/PlanEvaluator.evaluate;org/weakref/nitro/operator/evaluator/PlanEvaluator.evaluateUnmemoized;org/weakref/nitro/operator/evaluator/PlanEvaluator.evaluateVariable;org/weakref/nitro/operator/evaluator/PlanEvaluator.evaluateCall;org/weakref/nitro/operator/evaluator/PlanEvaluator.evaluateArgument;org/weakref/nitro/operator/evaluator/PlanEvaluator.evaluate;org/weakref/nitro/operator/evaluator/PlanEvaluator.evaluateUnmemoized;org/weakref/nitro/operator/evaluator/PlanEvaluator.evaluateInput;org/weakref/nitro/operator/ProjectOperator$$Lambda.0x00000000200bf8a0.resolve;org/weakref/nitro/operator/ProjectOperator.resolveEvaluatorInput;org/weakref/nitro/operator/Output.borrowOrNull;org/weakref/nitro/operator/Output.borrow;org/weakref/nitro/operator/AggregationOperator$$Lambda.0x0000000020111000.apply;org/weakref/nitro/operator/AggregationOperator.lambda$resultOutput$0;org/weakref/nitro/operator/AggregationOperator.doAggregationIfNeeded;org/weakref/nitro/operator/ProjectOperator.next;org/weakref/nitro/operator/FilterOperator.next;org/weakref/nitro/operator/evaluator/PlanEvaluator.evaluateInPlace;org/weakref/nitro/operator/evaluator/PlanEvaluator.evaluateTrueMaskInPlace;org/weakref/nitro/operator/evaluator/PlanEvaluator.tryEvaluatePrimitiveTrueMaskInPlace;org/weakref/nitro/operator/evaluator/PlanEvaluator.tryEvaluatePrimitiveMaskInPlace;org/weakref/nitro/operator/evaluator/PlanEvaluator.resolveMaskPrimitiveInvocation;org/weakref/nitro/operator/evaluator/PlanEvaluator.evaluateArgument;org/weakref/nitro/operator/FilterOperator$1.resolve;org/weakref/nitro/operator/Output.borrowOrNull;org/weakref/nitro/operator/Output.borrow;org/weakref/nitro/operator/Output.borrow;org/weakref/nitro/operator/HashJoinOperator$$Lambda.0x000000002013ba68.apply;org/weakref/nitro/operator/HashJoinOperator.lambda$resultOutput$3;org/weakref/nitro/operator/HashJoinOperator.materializeOutput;org/weakref/nitro/operator/HashJoinOperator.materializeInnerOutput;org/weakref/nitro/operator/HashJoinOperator.copyInnerPositions;org/weakref/nitro/operator/JoinBufferSupport.copyPositionsFresh;org/weakref/nitro/operator/JoinBufferSupport.copyPositions;org/weakref/nitro/operator/Output.borrow;org/weakref/nitro/operator/ProjectOperator$$Lambda.0x00000000201188c8.apply;org/weakref/nitro/operator/ProjectOperator.lambda$next$4;org/weakref/nitro/operator/ProjectOperator.evaluateOutput;java/util/HashMap.computeIfAbsent;org/weakref/nitro/operator/ProjectOperator$$Lambda.0x0000000020119aa0.apply;org/weakref/nitro/operator/ProjectOperator.lambda$evaluateOutput$0;org/weakref/nitro/operator/ProjectOperator.evaluateBundle;org/weakref/nitro/operator/evaluator/PlanEvaluator.evaluate;org/weakref/nitro/operator/evaluator/PlanEvaluator.evaluateUnmemoized;org/weakref/nitro/operator/evaluator/PlanEvaluator.evaluateVariable;org/weakref/nitro/operator/evaluator/PlanEvaluator.evaluateCall;org/weakref/nitro/operator/evaluator/PlanEvaluator.evaluateArgument;org/weakref/nitro/operator/evaluator/PlanEvaluator.evaluate;org/weakref/nitro/operator/evaluator/PlanEvaluator.evaluateUnmemoized;org/weakref/nitro/operator/evaluator/PlanEvaluator.evaluateInput;org/weakref/nitro/operator/ProjectOperator$$Lambda.0x00000000200bf8a0.resolve;org/weakref/nitro/operator/ProjectOperator.resolveEvaluatorInput;org/weakref/nitro/operator/Output.borrowOrNull;org/weakref/nitro/operator/Output.borrow;org/weakref/nitro/operator/GroupedAggregationOperator$$Lambda.0x000000002012dc00.apply;org/weakref/nitro/operator/GroupedAggregationOperator.lambda$resultOutput$4;org/weakref/nitro/operator/GroupedAggregationOperator.aggregationOutput;org/weakref/nitro/operator/aggregation/AvgF64.copyResultPosition;org/weakref/nitro/function/scalar/builtin/VectorAccess.writableBooleanVector;org/weakref/nitro/data/Allocator.allocate;org/weakref/nitro/data/Allocator.allocatePooled;org/weakref/nitro/data/Allocator$$Lambda.0x000000002011ba48.get;org/weakref/nitro/data/Allocator.lambda$allocate$0;org/weakref/nitro/function/scalar/builtin/VectorAccess$$Lambda.0x0000000020131aa8.apply;org/weakref/nitro/data/BooleanVector.<init>;boolean[]_[i] 9
java/lang/Thread.run;java/lang/Thread.runWith;java/util/concurrent/ThreadPoolExecutor$Worker.run;java/util/concurrent/ThreadPoolExecutor.runWorker;java/util/concurrent/FutureTask.run;java/util/concurrent/Executors$RunnableAdapter.call;java/util/concurrent/FutureTask.run;org/openjdk/jmh/runner/BenchmarkHandler$BenchmarkTask.call;org/openjdk/jmh/runner/BenchmarkHandler$BenchmarkTask.call;java/lang/reflect/Method.invoke;jdk/internal/reflect/DirectMethodHandleAccessor.invoke;jdk/internal/reflect/DirectMethodHandleAccessor.invokeImpl;java/lang/invoke/LambdaForm$MH.0x0000000020061400.invokeExact_MT;java/lang/invoke/LambdaForm$MH.0x0000000020061000.invoke;java/lang/invoke/DirectMethodHandle$Holder.invokeSpecial;org/weakref/nitro/tpch/jmh_generated/BenchmarkQueries_query17_jmhTest.query17_AverageTime;org/weakref/nitro/tpch/jmh_generated/BenchmarkQueries_query17_jmhTest.query17_avgt_jmhStub;org/weakref/nitro/tpch/BenchmarkQueries.query17;org/weakref/nitro/tpch/TpchParquetSupport.query17;org/weakref/nitro/tpch/TpchParquetSupport.scannedTable;org/weakref/nitro/operator/NitroParquetScanOperator.<init>;java/util/stream/ReferencePipeline.toArray;java/util/stream/AbstractPipeline.evaluateToArrayNode;java/util/stream/AbstractPipeline.evaluate;java/util/stream/AbstractPipeline.wrapAndCopyInto;java/util/stream/AbstractPipeline.copyInto;java/util/AbstractList$RandomAccessSpliterator.forEachRemaining;java/util/stream/ReferencePipeline$3$1.accept;org/weakref/nitro/operator/NitroParquetScanOperator$$Lambda.0x0000000020082cb8.apply;org/weakref/nitro/parquet/ParquetFile.open;org/weakref/nitro/parquet/ParquetFile.<init>;org/apache/parquet/format/Util.readFileMetaData;org/apache/parquet/format/Util.readFileMetaData;org/apache/parquet/format/Util.read;org/apache/parquet/format/FileMetaData.read;org/apache/parquet/format/FileMetaData$FileMetaDataStandardScheme.read;org/apache/parquet/format/FileMetaData$FileMetaDataStandardScheme.read;org/apache/parquet/format/RowGroup.read;org/apache/parquet/format/RowGroup$RowGroupStandardScheme.read;org/apache/parquet/format/RowGroup$RowGroupStandardScheme.read;org/apache/parquet/format/ColumnChunk.read;org/apache/parquet/format/ColumnChunk$ColumnChunkStandardScheme.read;org/apache/parquet/format/ColumnChunk$ColumnChunkStandardScheme.read;org/apache/parquet/format/ColumnMetaData.read;org/apache/parquet/format/ColumnMetaData$ColumnMetaDataStandardScheme.read;org/apache/parquet/format/ColumnMetaData$ColumnMetaDataStandardScheme.read;org/apache/parquet/format/Statistics.read;org/apache/parquet/format/Statistics$StatisticsStandardScheme.read;org/apache/parquet/format/Statistics$StatisticsStandardScheme.read;org/apache/parquet/format/InterningProtocol.readBinary;shaded/parquet/org/apache/thrift/protocol/TCompactProtocol.readBinary;java/nio/ByteBuffer.wrap;java/nio/ByteBuffer.wrap;java.nio.HeapByteBuffer_[i] 1
java/lang/Thread.run;java/lang/Thread.runWith;java/util/concurrent/ThreadPoolExecutor$Worker.run;java/util/concurrent/ThreadPoolExecutor.runWorker;java/util/concurrent/FutureTask.run;java/util/concurrent/Executors$RunnableAdapter.call;java/util/concurrent/FutureTask.run;org/openjdk/jmh/runner/BenchmarkHandler$BenchmarkTask.call;org/openjdk/jmh/runner/BenchmarkHandler$BenchmarkTask.call;java/lang/reflect/Method.invoke;jdk/internal/reflect/DirectMethodHandleAccessor.invoke;jdk/internal/reflect/DirectMethodHandleAccessor.invokeImpl;java/lang/invoke/LambdaForm$MH.0x0000000020061400.invokeExact_MT;java/lang/invoke/LambdaForm$MH.0x0000000020061000.invoke;java/lang/invoke/DirectMethodHandle$Holder.invokeSpecial;org/weakref/nitro/tpch/jmh_generated/BenchmarkQueries_query17_jmhTest.query17_AverageTime;org/weakref/nitro/tpch/jmh_generated/BenchmarkQueries_query17_jmhTest.query17_avgt_jmhStub;org/weakref/nitro/tpch/BenchmarkQueries.query17;org/weakref/nitro/tpch/BenchmarkQueries.consume;org/weakref/nitro/operator/Output.borrow;org/weakref/nitro/operator/ProjectOperator$$Lambda.0x00000000201188c8.apply;org/weakref/nitro/operator/ProjectOperator.lambda$next$4;org/weakref/nitro/operator/ProjectOperator.evaluateOutput;java/util/HashMap.computeIfAbsent;org/weakref/nitro/operator/ProjectOperator$$Lambda.0x0000000020119aa0.apply;org/weakref/nitro/operator/ProjectOperator.lambda$evaluateOutput$0;org/weakref/nitro/operator/ProjectOperator.evaluateBundle;org/weakref/nitro/operator/evaluator/PlanEvaluator.evaluate;org/weakref/nitro/operator/evaluator/PlanEvaluator.evaluateUnmemoized;org/weakref/nitro/operator/evaluator/PlanEvaluator.evaluateVariable;org/weakref/nitro/operator/evaluator/PlanEvaluator.evaluateCall;org/weakref/nitro/operator/evaluator/PlanEvaluator.evaluateArgument;org/weakref/nitro/operator/evaluator/PlanEvaluator.evaluate;org/weakref/nitro/operator/evaluator/PlanEvaluator.evaluateUnmemoized;org/weakref/nitro/operator/evaluator/PlanEvaluator.evaluateInput;org/weakref/nitro/operator/ProjectOperator$$Lambda.0x00000000200bf8a0.resolve;org/weakref/nitro/operator/ProjectOperator.resolveEvaluatorInput;org/weakref/nitro/operator/Output.borrowOrNull;org/weakref/nitro/operator/Output.borrow;org/weakref/nitro/operator/AggregationOperator$$Lambda.0x0000000020111000.apply;org/weakref/nitro/operator/AggregationOperator.lambda$resultOutput$0;org/weakref/nitro/operator/AggregationOperator.doAggregationIfNeeded;org/weakref/nitro/operator/ProjectOperator.next;org/weakref/nitro/operator/FilterOperator.next;org/weakref/nitro/operator/HashJoinOperator.next;org/weakref/nitro/operator/HashJoinOperator.produceBatch;org/weakref/nitro/operator/HashJoinOperator.loadInnerIfNecessary;org/weakref/nitro/operator/BufferedJoinInput.loadAll;org/weakref/nitro/operator/ProjectOperator.next;org/weakref/nitro/operator/GroupedAggregationOperator.next;org/weakref/nitro/operator/GroupedAggregationOperator.computeResults;org/weakref/nitro/operator/GroupedAggregationOperator.computeInlineGroupedResults;org/weakref/nitro/operator/GroupedAggregationOperator.assignInlineGroups;org/weakref/nitro/operator/GroupingState.assignGroups;org/weakref/nitro/operator/GroupingState.assignGroups;org/weakref/nitro/operator/GroupingState.assignLongGroups;org/weakref/nitro/data/Mask.iterator;org.weakref.nitro.data.Mask$1_[i] 1
java/lang/Thread.run;java/lang/Thread.runWith;java/util/concurrent/ThreadPoolExecutor$Worker.run;java/util/concurrent/ThreadPoolExecutor.runWorker;java/util/concurrent/FutureTask.run;java/util/concurrent/Executors$RunnableAdapter.call;java/util/concurrent/FutureTask.run;org/openjdk/jmh/runner/BenchmarkHandler$BenchmarkTask.call;org/openjdk/jmh/runner/BenchmarkHandler$BenchmarkTask.call;java/lang/reflect/Method.invoke;jdk/internal/reflect/DirectMethodHandleAccessor.invoke;jdk/internal/reflect/DirectMethodHandleAccessor.invokeImpl;java/lang/invoke/LambdaForm$MH.0x0000000020061400.invokeExact_MT;java/lang/invoke/LambdaForm$MH.0x0000000020061000.invoke;java/lang/invoke/DirectMethodHandle$Holder.invokeSpecial;org/weakref/nitro/tpch/jmh_generated/BenchmarkQueries_query17_jmhTest.query17_AverageTime;org/weakref/nitro/tpch/jmh_generated/BenchmarkQueries_query17_jmhTest.query17_avgt_jmhStub;org/weakref/nitro/tpch/BenchmarkQueries.query17;org/weakref/nitro/tpch/BenchmarkQueries.consume;org/weakref/nitro/operator/Output.borrow;org/weakref/nitro/operator/ProjectOperator$$Lambda.0x00000000201188c8.apply;org/weakref/nitro/operator/ProjectOperator.lambda$next$4;org/weakref/nitro/operator/ProjectOperator.evaluateOutput;java/util/HashMap.computeIfAbsent;org/weakref/nitro/operator/ProjectOperator$$Lambda.0x0000000020119aa0.apply;org/weakref/nitro/operator/ProjectOperator.lambda$evaluateOutput$0;org/weakref/nitro/operator/ProjectOperator.evaluateBundle;org/weakref/nitro/operator/evaluator/PlanEvaluator.evaluate;org/weakref/nitro/operator/evaluator/PlanEvaluator.evaluateUnmemoized;org/weakref/nitro/operator/evaluator/PlanEvaluator.evaluateVariable;org/weakref/nitro/operator/evaluator/PlanEvaluator.evaluateCall;org/weakref/nitro/operator/evaluator/PlanEvaluator.evaluateArgument;org/weakref/nitro/operator/evaluator/PlanEvaluator.evaluate;org/weakref/nitro/operator/evaluator/PlanEvaluator.evaluateUnmemoized;org/weakref/nitro/operator/evaluator/PlanEvaluator.evaluateInput;org/weakref/nitro/operator/ProjectOperator$$Lambda.0x00000000200bf8a0.resolve;org/weakref/nitro/operator/ProjectOperator.resolveEvaluatorInput;org/weakref/nitro/operator/Output.borrowOrNull;org/weakref/nitro/operator/Output.borrow;org/weakref/nitro/operator/AggregationOperator$$Lambda.0x0000000020111000.apply;org/weakref/nitro/operator/AggregationOperator.lambda$resultOutput$0;org/weakref/nitro/operator/AggregationOperator.doAggregationIfNeeded;org/weakref/nitro/operator/ProjectOperator.next;org/weakref/nitro/operator/FilterOperator.next;org/weakref/nitro/operator/HashJoinOperator.next;org/weakref/nitro/operator/HashJoinOperator.produceBatch;org/weakref/nitro/operator/HashJoinOperator.loadInnerIfNecessary;org/weakref/nitro/operator/BufferedJoinInput.loadAll;org/weakref/nitro/operator/ProjectOperator.next;org/weakref/nitro/operator/GroupedAggregationOperator.next;org/weakref/nitro/operator/GroupedAggregationOperator.computeResults;org/weakref/nitro/operator/GroupedAggregationOperator.computeInlineGroupedResults;org/weakref/nitro/operator/GroupedAggregationOperator.assignInlineGroups;org/weakref/nitro/operator/GroupingState.assignGroups;org/weakref/nitro/operator/GroupingState.assignGroups;org/weakref/nitro/operator/GroupingState.assignLongGroups;org/weakref/nitro/function/scalar/builtin/VectorAccess.longValues;java/lang/invoke/Invokers$Holder.linkToTargetMethod;java/lang/invoke/DirectMethodHandle$Holder.newInvokeSpecial;java/lang/invoke/DirectMethodHandle.allocateInstance;org.weakref.nitro.function.scalar.builtin.VectorAccess$$Lambda.0x0000000020126f08_[i] 1
java/lang/Thread.run;java/lang/Thread.runWith;java/util/concurrent/ThreadPoolExecutor$Worker.run;java/util/concurrent/ThreadPoolExecutor.runWorker;java/util/concurrent/FutureTask.run;java/util/concurrent/Executors$RunnableAdapter.call;java/util/concurrent/FutureTask.run;org/openjdk/jmh/runner/BenchmarkHandler$BenchmarkTask.call;org/openjdk/jmh/runner/BenchmarkHandler$BenchmarkTask.call;java/lang/reflect/Method.invoke;jdk/internal/reflect/DirectMethodHandleAccessor.invoke;jdk/internal/reflect/DirectMethodHandleAccessor.invokeImpl;java/lang/invoke/LambdaForm$MH.0x0000000020061400.invokeExact_MT;java/lang/invoke/LambdaForm$MH.0x0000000020061000.invoke;java/lang/invoke/DirectMethodHandle$Holder.invokeSpecial;org/weakref/nitro/tpch/jmh_generated/BenchmarkQueries_query17_jmhTest.query17_AverageTime;org/weakref/nitro/tpch/jmh_generated/BenchmarkQueries_query17_jmhTest.query17_avgt_jmhStub;org/weakref/nitro/tpch/BenchmarkQueries.query17;org/weakref/nitro/tpch/BenchmarkQueries.consume;org/weakref/nitro/operator/Output.borrow;org/weakref/nitro/operator/ProjectOperator$$Lambda.0x00000000201188c8.apply;org/weakref/nitro/operator/ProjectOperator.lambda$next$4;org/weakref/nitro/operator/ProjectOperator.evaluateOutput;java/util/HashMap.computeIfAbsent;org/weakref/nitro/operator/ProjectOperator$$Lambda.0x0000000020119aa0.apply;org/weakref/nitro/operator/ProjectOperator.lambda$evaluateOutput$0;org/weakref/nitro/operator/ProjectOperator.evaluateBundle;org/weakref/nitro/operator/evaluator/PlanEvaluator.evaluate;org/weakref/nitro/operator/evaluator/PlanEvaluator.evaluateUnmemoized;org/weakref/nitro/operator/evaluator/PlanEvaluator.evaluateVariable;org/weakref/nitro/operator/evaluator/PlanEvaluator.evaluateCall;org/weakref/nitro/operator/evaluator/PlanEvaluator.evaluateArgument;org/weakref/nitro/operator/evaluator/PlanEvaluator.evaluate;org/weakref/nitro/operator/evaluator/PlanEvaluator.evaluateUnmemoized;org/weakref/nitro/operator/evaluator/PlanEvaluator.evaluateInput;org/weakref/nitro/operator/ProjectOperator$$Lambda.0x00000000200bf8a0.resolve;org/weakref/nitro/operator/ProjectOperator.resolveEvaluatorInput;org/weakref/nitro/operator/Output.borrowOrNull;org/weakref/nitro/operator/Output.borrow;org/weakref/nitro/operator/AggregationOperator$$Lambda.0x0000000020111000.apply;org/weakref/nitro/operator/AggregationOperator.lambda$resultOutput$0;org/weakref/nitro/operator/AggregationOperator.doAggregationIfNeeded;org/weakref/nitro/operator/ProjectOperator.next;org/weakref/nitro/operator/FilterOperator.next;org/weakref/nitro/operator/HashJoinOperator.next;org/weakref/nitro/operator/HashJoinOperator.produceBatch;org/weakref/nitro/operator/HashJoinOperator.loadInnerIfNecessary;org/weakref/nitro/operator/BufferedJoinInput.loadAll;org/weakref/nitro/operator/ProjectOperator.next;org/weakref/nitro/operator/GroupedAggregationOperator.next;org/weakref/nitro/operator/GroupedAggregationOperator.computeResults;org/weakref/nitro/operator/GroupedAggregationOperator.computeInlineGroupedResults;org/weakref/nitro/operator/Batch.close;org/weakref/nitro/operator/Output.close;org/weakref/nitro/operator/Output.release;org/weakref/nitro/operator/BatchBufferOwner.accept;org/weakref/nitro/operator/BatchBufferOwner.accept;org/weakref/nitro/operator/NitroParquetScanOperator$ScanOutputResolver.release;org/weakref/nitro/operator/BatchBufferScope.release;org/weakref/nitro/data/Allocator.release;org/weakref/nitro/data/Allocator.releaseVectorTree;org/weakref/nitro/data/Allocator.releaseVector;org/weakref/nitro/data/Allocator$ContextState.releaseVector;org/weakref/nitro/data/Allocator$ContextState.addVectorToPool;java/util/HashMap.computeIfAbsent;org/weakref/nitro/data/Allocator$ContextState$$Lambda.0x00000000201238e8.apply;org/weakref/nitro/data/Allocator$ContextState.lambda$addVectorToPool$0;java.util.TreeMap_[i] 3
java/lang/Thread.run;java/lang/Thread.runWith;java/util/concurrent/ThreadPoolExecutor$Worker.run;java/util/concurrent/ThreadPoolExecutor.runWorker;java/util/concurrent/FutureTask.run;java/util/concurrent/Executors$RunnableAdapter.call;java/util/concurrent/FutureTask.run;org/openjdk/jmh/runner/BenchmarkHandler$BenchmarkTask.call;org/openjdk/jmh/runner/BenchmarkHandler$BenchmarkTask.call;java/lang/reflect/Method.invoke;jdk/internal/reflect/DirectMethodHandleAccessor.invoke;jdk/internal/reflect/DirectMethodHandleAccessor.invokeImpl;java/lang/invoke/LambdaForm$MH.0x0000000020061400.invokeExact_MT;java/lang/invoke/LambdaForm$MH.0x0000000020061000.invoke;java/lang/invoke/DirectMethodHandle$Holder.invokeSpecial;org/weakref/nitro/tpch/jmh_generated/BenchmarkQueries_query17_jmhTest.query17_AverageTime;org/weakref/nitro/tpch/jmh_generated/BenchmarkQueries_query17_jmhTest.query17_avgt_jmhStub;org/weakref/nitro/tpch/BenchmarkQueries.query17;org/weakref/nitro/tpch/BenchmarkQueries.consume;org/weakref/nitro/operator/Output.borrow;org/weakref/nitro/operator/ProjectOperator$$Lambda.0x00000000201188c8.apply;org/weakref/nitro/operator/ProjectOperator.lambda$next$4;org/weakref/nitro/operator/ProjectOperator.evaluateOutput;java/util/HashMap.computeIfAbsent;org/weakref/nitro/operator/ProjectOperator$$Lambda.0x0000000020119aa0.apply;org/weakref/nitro/operator/ProjectOperator.lambda$evaluateOutput$0;org/weakref/nitro/operator/ProjectOperator.evaluateBundle;org/weakref/nitro/operator/evaluator/PlanEvaluator.evaluate;org/weakref/nitro/operator/evaluator/PlanEvaluator.evaluateUnmemoized;org/weakref/nitro/operator/evaluator/PlanEvaluator.evaluateVariable;org/weakref/nitro/operator/evaluator/PlanEvaluator.evaluateCall;org/weakref/nitro/operator/evaluator/PlanEvaluator.evaluateArgument;org/weakref/nitro/operator/evaluator/PlanEvaluator.evaluate;org/weakref/nitro/operator/evaluator/PlanEvaluator.evaluateUnmemoized;org/weakref/nitro/operator/evaluator/PlanEvaluator.evaluateInput;org/weakref/nitro/operator/ProjectOperator$$Lambda.0x00000000200bf8a0.resolve;org/weakref/nitro/operator/ProjectOperator.resolveEvaluatorInput;org/weakref/nitro/operator/Output.borrowOrNull;org/weakref/nitro/operator/Output.borrow;org/weakref/nitro/operator/AggregationOperator$$Lambda.0x0000000020111000.apply;org/weakref/nitro/operator/AggregationOperator.lambda$resultOutput$0;org/weakref/nitro/operator/AggregationOperator.doAggregationIfNeeded;org/weakref/nitro/operator/ProjectOperator.next;org/weakref/nitro/operator/FilterOperator.next;org/weakref/nitro/operator/HashJoinOperator.next;org/weakref/nitro/operator/HashJoinOperator.produceBatch;org/weakref/nitro/operator/HashJoinOperator.loadInnerIfNecessary;org/weakref/nitro/operator/BufferedJoinInput.loadAll;org/weakref/nitro/operator/ProjectOperator.next;org/weakref/nitro/operator/GroupedAggregationOperator.next;org/weakref/nitro/operator/GroupedAggregationOperator.computeResults;org/weakref/nitro/operator/GroupedAggregationOperator.computeInlineGroupedResults;org/weakref/nitro/operator/GroupedAggregationOperator.initializeInlineGroupingSchema;org/weakref/nitro/operator/Output.borrowOrNull;org/weakref/nitro/operator/Output.borrow;org/weakref/nitro/operator/NitroParquetScanOperator$ScanOutputResolver$$Lambda.0x00000000200aa768.apply;org/weakref/nitro/operator/NitroParquetScanOperator$ScanOutputResolver.resolve;org/weakref/nitro/operator/NitroParquetScanOperator.resolveLazyColumn;org/weakref/nitro/operator/NitroParquetScanOperator.decodeFullColumn;org/weakref/nitro/parquet/ColumnReader.readLongs;org/weakref/nitro/parquet/ColumnReader.decodeNextDataPage;org/weakref/nitro/parquet/ColumnReader.decodeDataPageV1;org/weakref/nitro/parquet/ColumnReader.ensurePageCapacity;org/weakref/nitro/parquet/ColumnReader.ensurePageNullCapacity;org/weakref/nitro/parquet/ColumnReader.replaceBooleans;org/weakref/nitro/data/PrimitiveArrayPool.borrowBooleans;boolean[]_[i] 2
java/lang/Thread.run;java/lang/Thread.runWith;java/util/concurrent/ThreadPoolExecutor$Worker.run;java/util/concurrent/ThreadPoolExecutor.runWorker;java/util/concurrent/FutureTask.run;java/util/concurrent/Executors$RunnableAdapter.call;java/util/concurrent/FutureTask.run;org/openjdk/jmh/runner/BenchmarkHandler$BenchmarkTask.call;org/openjdk/jmh/runner/BenchmarkHandler$BenchmarkTask.call;java/lang/reflect/Method.invoke;jdk/internal/reflect/DirectMethodHandleAccessor.invoke;jdk/internal/reflect/DirectMethodHandleAccessor.invokeImpl;java/lang/invoke/LambdaForm$MH.0x0000000020061400.invokeExact_MT;java/lang/invoke/LambdaForm$MH.0x0000000020061000.invoke;java/lang/invoke/DirectMethodHandle$Holder.invokeSpecial;org/weakref/nitro/tpch/jmh_generated/BenchmarkQueries_query17_jmhTest.query17_AverageTime;org/weakref/nitro/tpch/jmh_generated/BenchmarkQueries_query17_jmhTest.query17_avgt_jmhStub;org/weakref/nitro/tpch/BenchmarkQueries.query17;org/weakref/nitro/tpch/BenchmarkQueries.consume;org/weakref/nitro/operator/Output.borrow;org/weakref/nitro/operator/ProjectOperator$$Lambda.0x00000000201188c8.apply;org/weakref/nitro/operator/ProjectOperator.lambda$next$4;org/weakref/nitro/operator/ProjectOperator.evaluateOutput;java/util/HashMap.computeIfAbsent;org/weakref/nitro/operator/ProjectOperator$$Lambda.0x0000000020119aa0.apply;org/weakref/nitro/operator/ProjectOperator.lambda$evaluateOutput$0;org/weakref/nitro/operator/ProjectOperator.evaluateBundle;org/weakref/nitro/operator/evaluator/PlanEvaluator.evaluate;org/weakref/nitro/operator/evaluator/PlanEvaluator.evaluateUnmemoized;org/weakref/nitro/operator/evaluator/PlanEvaluator.evaluateVariable;org/weakref/nitro/operator/evaluator/PlanEvaluator.evaluateCall;org/weakref/nitro/operator/evaluator/PlanEvaluator.evaluateArgument;org/weakref/nitro/operator/evaluator/PlanEvaluator.evaluate;org/weakref/nitro/operator/evaluator/PlanEvaluator.evaluateUnmemoized;org/weakref/nitro/operator/evaluator/PlanEvaluator.evaluateInput;org/weakref/nitro/operator/ProjectOperator$$Lambda.0x00000000200bf8a0.resolve;org/weakref/nitro/operator/ProjectOperator.resolveEvaluatorInput;org/weakref/nitro/operator/Output.borrowOrNull;org/weakref/nitro/operator/Output.borrow;org/weakref/nitro/operator/AggregationOperator$$Lambda.0x0000000020111000.apply;org/weakref/nitro/operator/AggregationOperator.lambda$resultOutput$0;org/weakref/nitro/operator/AggregationOperator.doAggregationIfNeeded;org/weakref/nitro/operator/ProjectOperator.next;org/weakref/nitro/operator/FilterOperator.next;org/weakref/nitro/operator/HashJoinOperator.next;org/weakref/nitro/operator/HashJoinOperator.produceBatch;org/weakref/nitro/operator/HashJoinOperator.loadInnerIfNecessary;org/weakref/nitro/operator/BufferedJoinInput.loadAll;org/weakref/nitro/operator/ProjectOperator.next;org/weakref/nitro/operator/GroupedAggregationOperator.next;org/weakref/nitro/operator/GroupedAggregationOperator.computeResults;org/weakref/nitro/operator/GroupedAggregationOperator.computeInlineGroupedResults;org/weakref/nitro/operator/GroupedAggregationOperator.initializeInlineGroupingSchema;org/weakref/nitro/operator/GroupingState.initializeSchema;org/weakref/nitro/operator/GroupingState.initializeIfNecessary;org/weakref/nitro/operator/GroupingState.initLongGroupTable;org/weakref/nitro/data/PrimitiveArrayPool.borrowLongs;long[]_[i] 1
java/lang/Thread.run;java/lang/Thread.runWith;java/util/concurrent/ThreadPoolExecutor$Worker.run;java/util/concurrent/ThreadPoolExecutor.runWorker;java/util/concurrent/FutureTask.run;java/util/concurrent/Executors$RunnableAdapter.call;java/util/concurrent/FutureTask.run;org/openjdk/jmh/runner/BenchmarkHandler$BenchmarkTask.call;org/openjdk/jmh/runner/BenchmarkHandler$BenchmarkTask.call;java/lang/reflect/Method.invoke;jdk/internal/reflect/DirectMethodHandleAccessor.invoke;jdk/internal/reflect/DirectMethodHandleAccessor.invokeImpl;java/lang/invoke/LambdaForm$MH.0x0000000020061400.invokeExact_MT;java/lang/invoke/LambdaForm$MH.0x0000000020061000.invoke;java/lang/invoke/DirectMethodHandle$Holder.invokeSpecial;org/weakref/nitro/tpch/jmh_generated/BenchmarkQueries_query17_jmhTest.query17_AverageTime;org/weakref/nitro/tpch/jmh_generated/BenchmarkQueries_query17_jmhTest.query17_avgt_jmhStub;org/weakref/nitro/tpch/BenchmarkQueries.query17;org/weakref/nitro/tpch/BenchmarkQueries.consume;org/weakref/nitro/operator/Output.borrow;org/weakref/nitro/operator/ProjectOperator$$Lambda.0x00000000201188c8.apply;org/weakref/nitro/operator/ProjectOperator.lambda$next$4;org/weakref/nitro/operator/ProjectOperator.evaluateOutput;java/util/HashMap.computeIfAbsent;org/weakref/nitro/operator/ProjectOperator$$Lambda.0x0000000020119aa0.apply;org/weakref/nitro/operator/ProjectOperator.lambda$evaluateOutput$0;org/weakref/nitro/operator/ProjectOperator.evaluateBundle;org/weakref/nitro/operator/evaluator/PlanEvaluator.evaluate;org/weakref/nitro/operator/evaluator/PlanEvaluator.evaluateUnmemoized;org/weakref/nitro/operator/evaluator/PlanEvaluator.evaluateVariable;org/weakref/nitro/operator/evaluator/PlanEvaluator.evaluateCall;org/weakref/nitro/operator/evaluator/PlanEvaluator.evaluateArgument;org/weakref/nitro/operator/evaluator/PlanEvaluator.evaluate;org/weakref/nitro/operator/evaluator/PlanEvaluator.evaluateUnmemoized;org/weakref/nitro/operator/evaluator/PlanEvaluator.evaluateInput;org/weakref/nitro/operator/ProjectOperator$$Lambda.0x00000000200bf8a0.resolve;org/weakref/nitro/operator/ProjectOperator.resolveEvaluatorInput;org/weakref/nitro/operator/Output.borrowOrNull;org/weakref/nitro/operator/Output.borrow;org/weakref/nitro/operator/AggregationOperator$$Lambda.0x0000000020111000.apply;org/weakref/nitro/operator/AggregationOperator.lambda$resultOutput$0;org/weakref/nitro/operator/AggregationOperator.doAggregationIfNeeded;org/weakref/nitro/operator/ProjectOperator.next;org/weakref/nitro/operator/FilterOperator.next;org/weakref/nitro/operator/HashJoinOperator.next;org/weakref/nitro/operator/HashJoinOperator.produceBatch;org/weakref/nitro/operator/HashJoinOperator.loadInnerIfNecessary;org/weakref/nitro/operator/BufferedJoinInput.loadAll;org/weakref/nitro/operator/ProjectOperator.next;org/weakref/nitro/operator/GroupedAggregationOperator.next;org/weakref/nitro/operator/GroupedAggregationOperator.computeResults;org/weakref/nitro/operator/GroupedAggregationOperator.computeInlineGroupedResults;org/weakref/nitro/operator/GroupedAggregationOperator.accumulateGroupedRows;org/weakref/nitro/operator/aggregation/AvgF64.accumulate;org/weakref/nitro/operator/aggregation/StreamAccessors$$Lambda.0x0000000020122000.stream;org/weakref/nitro/operator/aggregation/StreamAccessors.lambda$forBatch$0;org/weakref/nitro/operator/aggregation/StreamAccessors.read;org/weakref/nitro/operator/Output.borrowOrNull;org/weakref/nitro/operator/Output.borrow;org/weakref/nitro/operator/NitroParquetScanOperator$ScanOutputResolver$$Lambda.0x00000000200aa768.apply;org/weakref/nitro/operator/NitroParquetScanOperator$ScanOutputResolver.resolve;org/weakref/nitro/operator/NitroParquetScanOperator.resolveLazyColumn;org/weakref/nitro/operator/NitroParquetScanOperator.decodeFullColumn;org/weakref/nitro/operator/NitroParquetScanOperator.longBitsToDoubles;org/weakref/nitro/data/Allocator.allocate;org/weakref/nitro/data/Allocator.allocatePooled;org/weakref/nitro/data/Allocator$ContextState.trackVector;java/util/HashMap.merge;java/util/HashMap.newNode;java.util.HashMap$Node_[i] 1
java/lang/Thread.run;java/lang/Thread.runWith;java/util/concurrent/ThreadPoolExecutor$Worker.run;java/util/concurrent/ThreadPoolExecutor.runWorker;java/util/concurrent/FutureTask.run;java/util/concurrent/Executors$RunnableAdapter.call;java/util/concurrent/FutureTask.run;org/openjdk/jmh/runner/BenchmarkHandler$BenchmarkTask.call;org/openjdk/jmh/runner/BenchmarkHandler$BenchmarkTask.call;java/lang/reflect/Method.invoke;jdk/internal/reflect/DirectMethodHandleAccessor.invoke;jdk/internal/reflect/DirectMethodHandleAccessor.invokeImpl;java/lang/invoke/LambdaForm$MH.0x0000000020061400.invokeExact_MT;java/lang/invoke/LambdaForm$MH.0x0000000020061000.invoke;java/lang/invoke/DirectMethodHandle$Holder.invokeSpecial;org/weakref/nitro/tpch/jmh_generated/BenchmarkQueries_query17_jmhTest.query17_AverageTime;org/weakref/nitro/tpch/jmh_generated/BenchmarkQueries_query17_jmhTest.query17_avgt_jmhStub;org/weakref/nitro/tpch/BenchmarkQueries.query17;org/weakref/nitro/tpch/BenchmarkQueries.consume;org/weakref/nitro/operator/Output.borrow;org/weakref/nitro/operator/ProjectOperator$$Lambda.0x00000000201188c8.apply;org/weakref/nitro/operator/ProjectOperator.lambda$next$4;org/weakref/nitro/operator/ProjectOperator.evaluateOutput;java/util/HashMap.computeIfAbsent;org/weakref/nitro/operator/ProjectOperator$$Lambda.0x0000000020119aa0.apply;org/weakref/nitro/operator/ProjectOperator.lambda$evaluateOutput$0;org/weakref/nitro/operator/ProjectOperator.evaluateBundle;org/weakref/nitro/operator/evaluator/PlanEvaluator.evaluate;org/weakref/nitro/operator/evaluator/PlanEvaluator.evaluateUnmemoized;org/weakref/nitro/operator/evaluator/PlanEvaluator.evaluateVariable;org/weakref/nitro/operator/evaluator/PlanEvaluator.evaluateCall;org/weakref/nitro/operator/evaluator/PlanEvaluator.evaluateArgument;org/weakref/nitro/operator/evaluator/PlanEvaluator.evaluate;org/weakref/nitro/operator/evaluator/PlanEvaluator.evaluateUnmemoized;org/weakref/nitro/operator/evaluator/PlanEvaluator.evaluateInput;org/weakref/nitro/operator/ProjectOperator$$Lambda.0x00000000200bf8a0.resolve;org/weakref/nitro/operator/ProjectOperator.resolveEvaluatorInput;org/weakref/nitro/operator/Output.borrowOrNull;org/weakref/nitro/operator/Output.borrow;org/weakref/nitro/operator/AggregationOperator$$Lambda.0x0000000020111000.apply;org/weakref/nitro/operator/AggregationOperator.lambda$resultOutput$0;org/weakref/nitro/operator/AggregationOperator.doAggregationIfNeeded;org/weakref/nitro/operator/ProjectOperator.next;org/weakref/nitro/operator/FilterOperator.next;org/weakref/nitro/operator/evaluator/PlanEvaluator.evaluateInPlace;org/weakref/nitro/operator/evaluator/PlanEvaluator.evaluateTrueMaskInPlace;org/weakref/nitro/operator/evaluator/PlanEvaluator.tryEvaluatePrimitiveTrueMaskInPlace;org/weakref/nitro/operator/evaluator/PlanEvaluator.tryEvaluatePrimitiveMaskInPlace;org/weakref/nitro/operator/evaluator/PlanEvaluator.resolveMaskPrimitiveInvocation;org/weakref/nitro/operator/evaluator/PlanEvaluator.evaluateArgument;org/weakref/nitro/operator/FilterOperator$1.resolve;org/weakref/nitro/operator/Output.borrowOrNull;org/weakref/nitro/operator/Output.borrow;org/weakref/nitro/operator/Output.borrow;org/weakref/nitro/operator/HashJoinOperator$$Lambda.0x000000002013ba68.apply;org/weakref/nitro/operator/HashJoinOperator.lambda$resultOutput$3;org/weakref/nitro/operator/HashJoinOperator.materializeOutput;org/weakref/nitro/operator/HashJoinOperator.materializeInnerOutput;org/weakref/nitro/operator/HashJoinOperator.copyInnerPositions;org/weakref/nitro/operator/JoinBufferSupport.copyPositionsFresh;org/weakref/nitro/operator/JoinBufferSupport.copyPositions;org/weakref/nitro/operator/Output.borrow;org/weakref/nitro/operator/ProjectOperator$$Lambda.0x00000000201188c8.apply;org/weakref/nitro/operator/ProjectOperator.lambda$next$4;org/weakref/nitro/operator/ProjectOperator.evaluateOutput;java/util/HashMap.computeIfAbsent;org/weakref/nitro/operator/ProjectOperator$$Lambda.0x0000000020119aa0.apply;org/weakref/nitro/operator/ProjectOperator.lambda$evaluateOutput$0;org/weakref/nitro/operator/ProjectOperator.evaluateBundle;org/weakref/nitro/operator/evaluator/PlanEvaluator.evaluate;org/weakref/nitro/operator/evaluator/PlanEvaluator.evaluateUnmemoized;org/weakref/nitro/operator/evaluator/PlanEvaluator.evaluateVariable;org/weakref/nitro/operator/evaluator/PlanEvaluator.evaluateCall;org/weakref/nitro/operator/evaluator/PlanEvaluator.evaluateArgument;org/weakref/nitro/operator/evaluator/PlanEvaluator.evaluate;org/weakref/nitro/operator/evaluator/PlanEvaluator.evaluateUnmemoized;org/weakref/nitro/operator/evaluator/PlanEvaluator.evaluateVariable;org/weakref/nitro/operator/evaluator/PlanEvaluator.evaluateLiteral;org/weakref/nitro/operator/evaluator/PlanEvaluator.completeRequestedStreams;org/weakref/nitro/data/Allocator.borrowAllFalseBoolean;java/util/HashMap.computeIfAbsent;org/weakref/nitro/data/Allocator$$Lambda.0x0000000020180d00.apply;org/weakref/nitro/data/Allocator.lambda$borrowAllFalseBoolean$0;org/weakref/nitro/data/BooleanVector.<init>;boolean[]_[i] 9
java/lang/Thread.run;java/lang/Thread.runWith;java/util/concurrent/ThreadPoolExecutor$Worker.run;java/util/concurrent/ThreadPoolExecutor.runWorker;java/util/concurrent/FutureTask.run;java/util/concurrent/Executors$RunnableAdapter.call;java/util/concurrent/FutureTask.run;org/openjdk/jmh/runner/BenchmarkHandler$BenchmarkTask.call;org/openjdk/jmh/runner/BenchmarkHandler$BenchmarkTask.call;java/lang/reflect/Method.invoke;jdk/internal/reflect/DirectMethodHandleAccessor.invoke;jdk/internal/reflect/DirectMethodHandleAccessor.invokeImpl;java/lang/invoke/LambdaForm$MH.0x0000000020061400.invokeExact_MT;java/lang/invoke/LambdaForm$MH.0x0000000020061000.invoke;java/lang/invoke/DirectMethodHandle$Holder.invokeSpecial;org/weakref/nitro/tpch/jmh_generated/BenchmarkQueries_query17_jmhTest.query17_AverageTime;org/weakref/nitro/tpch/jmh_generated/BenchmarkQueries_query17_jmhTest.query17_avgt_jmhStub;org/weakref/nitro/tpch/BenchmarkQueries.query17;org/weakref/nitro/tpch/BenchmarkQueries.consume;org/weakref/nitro/operator/Output.borrow;org/weakref/nitro/operator/ProjectOperator$$Lambda.0x00000000201188c8.apply;org/weakref/nitro/operator/ProjectOperator.lambda$next$4;org/weakref/nitro/operator/ProjectOperator.evaluateOutput;java/util/HashMap.computeIfAbsent;org/weakref/nitro/operator/ProjectOperator$$Lambda.0x0000000020119aa0.apply;org/weakref/nitro/operator/ProjectOperator.lambda$evaluateOutput$0;org/weakref/nitro/operator/ProjectOperator.evaluateBundle;org/weakref/nitro/operator/evaluator/PlanEvaluator.evaluate;org/weakref/nitro/operator/evaluator/PlanEvaluator.evaluateUnmemoized;org/weakref/nitro/operator/evaluator/PlanEvaluator.evaluateVariable;org/weakref/nitro/operator/evaluator/PlanEvaluator.evaluateCall;org/weakref/nitro/operator/evaluator/PlanEvaluator.evaluateArgument;org/weakref/nitro/operator/evaluator/PlanEvaluator.evaluate;org/weakref/nitro/operator/evaluator/PlanEvaluator.evaluateUnmemoized;org/weakref/nitro/operator/evaluator/PlanEvaluator.evaluateInput;org/weakref/nitro/operator/ProjectOperator$$Lambda.0x00000000200bf8a0.resolve;org/weakref/nitro/operator/ProjectOperator.resolveEvaluatorInput;org/weakref/nitro/operator/Output.borrowOrNull;org/weakref/nitro/operator/Output.borrow;org/weakref/nitro/operator/AggregationOperator$$Lambda.0x0000000020111000.apply;org/weakref/nitro/operator/AggregationOperator.lambda$resultOutput$0;org/weakref/nitro/operator/AggregationOperator.doAggregationIfNeeded;org/weakref/nitro/operator/ProjectOperator.next;org/weakref/nitro/operator/FilterOperator.next;org/weakref/nitro/operator/HashJoinOperator.next;org/weakref/nitro/operator/HashJoinOperator.produceBatch;org/weakref/nitro/operator/HashJoinOperator.produceOrdinaryBatch;org/weakref/nitro/operator/HashJoinOperator.loadNextOuterBatch;org/weakref/nitro/operator/HashJoinOperator.next;org/weakref/nitro/operator/HashJoinOperator.produceBatch;org/weakref/nitro/operator/HashJoinOperator.loadInnerIfNecessary;org/weakref/nitro/operator/BufferedJoinInput.loadAll;org/weakref/nitro/operator/ProjectOperator.next;org/weakref/nitro/operator/FilterOperator.next;org/weakref/nitro/operator/evaluator/PlanEvaluator.evaluateInPlace;org/weakref/nitro/operator/evaluator/PlanEvaluator.evaluateTrueMaskInPlace;org/weakref/nitro/operator/evaluator/PlanEvaluator.evaluateTrueMaskInPlace;org/weakref/nitro/operator/evaluator/PlanEvaluator.evaluateAdaptiveAndTrueMaskInPlace;org/weakref/nitro/operator/evaluator/PlanEvaluator.evaluateMeasuredTrueMaskInPlace;org/weakref/nitro/operator/evaluator/PlanEvaluator.evaluateTrueMaskInPlace;org/weakref/nitro/operator/evaluator/PlanEvaluator.tryEvaluatePrimitiveTrueMaskInPlace;org/weakref/nitro/operator/evaluator/PlanEvaluator.tryEvaluatePrimitiveMaskInPlace;org/weakref/nitro/operator/evaluator/PlanEvaluator.resolveMaskPrimitiveInvocation;org/weakref/nitro/operator/evaluator/PlanEvaluator.evaluateArgument;org/weakref/nitro/operator/FilterOperator$1.resolve;org/weakref/nitro/operator/Output.borrowOrNull;org/weakref/nitro/operator/Output.borrow;org/weakref/nitro/operator/Output.borrow;org/weakref/nitro/operator/NitroParquetScanOperator$ScanOutputResolver$$Lambda.0x00000000200aa768.apply;org/weakref/nitro/operator/NitroParquetScanOperator$ScanOutputResolver.resolve;org/weakref/nitro/operator/NitroParquetScanOperator.resolveLazyColumn;org/weakref/nitro/operator/NitroParquetScanOperator.decodeFullColumn;org/weakref/nitro/parquet/ColumnReader.readBinary;org/weakref/nitro/parquet/ColumnReader.readBinaryDirect;org/weakref/nitro/data/Allocator.allocate;org/weakref/nitro/data/Allocator.allocatePooled;org/weakref/nitro/data/Allocator$$Lambda.0x000000002011ba48.get;org/weakref/nitro/data/Allocator.lambda$allocate$0;org/weakref/nitro/parquet/ColumnReader$$Lambda.0x000000002013c650.apply;org/weakref/nitro/data/I32Vector.<init>;int[]_[i] 1
java/lang/Thread.run;java/lang/Thread.runWith;java/util/concurrent/ThreadPoolExecutor$Worker.run;java/util/concurrent/ThreadPoolExecutor.runWorker;java/util/concurrent/FutureTask.run;java/util/concurrent/Executors$RunnableAdapter.call;java/util/concurrent/FutureTask.run;org/openjdk/jmh/runner/BenchmarkHandler$BenchmarkTask.call;org/openjdk/jmh/runner/BenchmarkHandler$BenchmarkTask.call;java/lang/reflect/Method.invoke;jdk/internal/reflect/DirectMethodHandleAccessor.invoke;jdk/internal/reflect/DirectMethodHandleAccessor.invokeImpl;java/lang/invoke/LambdaForm$MH.0x0000000020061400.invokeExact_MT;java/lang/invoke/LambdaForm$MH.0x0000000020061000.invoke;java/lang/invoke/DirectMethodHandle$Holder.invokeSpecial;org/weakref/nitro/tpch/jmh_generated/BenchmarkQueries_query17_jmhTest.query17_AverageTime;org/weakref/nitro/tpch/jmh_generated/BenchmarkQueries_query17_jmhTest.query17_avgt_jmhStub;org/weakref/nitro/tpch/BenchmarkQueries.query17;org/weakref/nitro/tpch/BenchmarkQueries.consume;org/weakref/nitro/operator/Output.borrow;org/weakref/nitro/operator/ProjectOperator$$Lambda.0x00000000201188c8.apply;org/weakref/nitro/operator/ProjectOperator.lambda$next$4;org/weakref/nitro/operator/ProjectOperator.evaluateOutput;java/util/HashMap.computeIfAbsent;org/weakref/nitro/operator/ProjectOperator$$Lambda.0x0000000020119aa0.apply;org/weakref/nitro/operator/ProjectOperator.lambda$evaluateOutput$0;org/weakref/nitro/operator/ProjectOperator.evaluateBundle;org/weakref/nitro/operator/evaluator/PlanEvaluator.evaluate;org/weakref/nitro/operator/evaluator/PlanEvaluator.evaluateUnmemoized;org/weakref/nitro/operator/evaluator/PlanEvaluator.evaluateVariable;org/weakref/nitro/operator/evaluator/PlanEvaluator.evaluateCall;org/weakref/nitro/operator/evaluator/PlanEvaluator.evaluateArgument;org/weakref/nitro/operator/evaluator/PlanEvaluator.evaluate;org/weakref/nitro/operator/evaluator/PlanEvaluator.evaluateUnmemoized;org/weakref/nitro/operator/evaluator/PlanEvaluator.evaluateInput;org/weakref/nitro/operator/ProjectOperator$$Lambda.0x00000000200bf8a0.resolve;org/weakref/nitro/operator/ProjectOperator.resolveEvaluatorInput;org/weakref/nitro/operator/Output.borrowOrNull;org/weakref/nitro/operator/Output.borrow;org/weakref/nitro/operator/AggregationOperator$$Lambda.0x0000000020111000.apply;org/weakref/nitro/operator/AggregationOperator.lambda$resultOutput$0;org/weakref/nitro/operator/AggregationOperator.doAggregationIfNeeded;org/weakref/nitro/operator/ProjectOperator.next;org/weakref/nitro/operator/FilterOperator.next;org/weakref/nitro/operator/HashJoinOperator.next;org/weakref/nitro/operator/HashJoinOperator.produceBatch;org/weakref/nitro/operator/HashJoinOperator.loadInnerIfNecessary;org/weakref/nitro/operator/BufferedJoinInput.loadAll;org/weakref/nitro/operator/ProjectOperator.next;org/weakref/nitro/operator/GroupedAggregationOperator.next;org/weakref/nitro/operator/GroupedAggregationOperator.computeResults;org/weakref/nitro/operator/GroupedAggregationOperator.computeInlineGroupedResults;org/weakref/nitro/operator/Batch.close;org/weakref/nitro/operator/Output.close;org/weakref/nitro/operator/Output.release;org/weakref/nitro/operator/BatchBufferOwner.accept;org/weakref/nitro/operator/BatchBufferOwner.accept;org/weakref/nitro/operator/NitroParquetScanOperator$ScanOutputResolver.release;org/weakref/nitro/operator/BatchBufferScope.release;org/weakref/nitro/data/Allocator.release;org/weakref/nitro/data/Allocator.releaseVectorTree;org/weakref/nitro/data/Allocator.releaseVector;org/weakref/nitro/data/Allocator$ContextState.releaseVector;org/weakref/nitro/data/Allocator$ContextState.addVectorToPool;java/util/HashMap.computeIfAbsent;org/weakref/nitro/data/Allocator$ContextState$$Lambda.0x0000000020123d78.apply;org/weakref/nitro/data/Allocator$ContextState.lambda$addVectorToPool$2;java.util.ArrayDeque_[i] 3
java/lang/Thread.run;java/lang/Thread.runWith;java/util/concurrent/ThreadPoolExecutor$Worker.run;java/util/concurrent/ThreadPoolExecutor.runWorker;java/util/concurrent/FutureTask.run;java/util/concurrent/Executors$RunnableAdapter.call;java/util/concurrent/FutureTask.run;org/openjdk/jmh/runner/BenchmarkHandler$BenchmarkTask.call;org/openjdk/jmh/runner/BenchmarkHandler$BenchmarkTask.call;java/lang/reflect/Method.invoke;jdk/internal/reflect/DirectMethodHandleAccessor.invoke;jdk/internal/reflect/DirectMethodHandleAccessor.invokeImpl;java/lang/invoke/LambdaForm$MH.0x0000000020061400.invokeExact_MT;java/lang/invoke/LambdaForm$MH.0x0000000020061000.invoke;java/lang/invoke/DirectMethodHandle$Holder.invokeSpecial;org/weakref/nitro/tpch/jmh_generated/BenchmarkQueries_query17_jmhTest.query17_AverageTime;org/weakref/nitro/tpch/jmh_generated/BenchmarkQueries_query17_jmhTest.query17_avgt_jmhStub;org/weakref/nitro/tpch/BenchmarkQueries.query17;org/weakref/nitro/tpch/BenchmarkQueries.consume;org/weakref/nitro/operator/Output.borrow;org/weakref/nitro/operator/ProjectOperator$$Lambda.0x00000000201188c8.apply;org/weakref/nitro/operator/ProjectOperator.lambda$next$4;org/weakref/nitro/operator/ProjectOperator.evaluateOutput;java/util/HashMap.computeIfAbsent;org/weakref/nitro/operator/ProjectOperator$$Lambda.0x0000000020119aa0.apply;org/weakref/nitro/operator/ProjectOperator.lambda$evaluateOutput$0;org/weakref/nitro/operator/ProjectOperator.evaluateBundle;org/weakref/nitro/operator/evaluator/PlanEvaluator.evaluate;org/weakref/nitro/operator/evaluator/PlanEvaluator.evaluateUnmemoized;org/weakref/nitro/operator/evaluator/PlanEvaluator.evaluateVariable;org/weakref/nitro/operator/evaluator/PlanEvaluator.evaluateCall;org/weakref/nitro/operator/evaluator/PlanEvaluator.evaluateArgument;org/weakref/nitro/operator/evaluator/PlanEvaluator.evaluate;org/weakref/nitro/operator/evaluator/PlanEvaluator.evaluateUnmemoized;org/weakref/nitro/operator/evaluator/PlanEvaluator.evaluateInput;org/weakref/nitro/operator/ProjectOperator$$Lambda.0x00000000200bf8a0.resolve;org/weakref/nitro/operator/ProjectOperator.resolveEvaluatorInput;org/weakref/nitro/operator/Output.borrowOrNull;org/weakref/nitro/operator/Output.borrow;org/weakref/nitro/operator/AggregationOperator$$Lambda.0x0000000020111000.apply;org/weakref/nitro/operator/AggregationOperator.lambda$resultOutput$0;org/weakref/nitro/operator/AggregationOperator.doAggregationIfNeeded;org/weakref/nitro/operator/ProjectOperator.next;org/weakref/nitro/operator/FilterOperator.next;org/weakref/nitro/operator/HashJoinOperator.next;org/weakref/nitro/operator/HashJoinOperator.produceBatch;org/weakref/nitro/operator/HashJoinOperator.produceOrdinaryBatch;org/weakref/nitro/operator/HashJoinOperator.loadNextOuterBatch;org/weakref/nitro/operator/HashJoinOperator.next;org/weakref/nitro/operator/HashJoinOperator.produceBatch;org/weakref/nitro/operator/HashJoinOperator.loadInnerIfNecessary;org/weakref/nitro/operator/BufferedJoinInput.loadAll;org/weakref/nitro/operator/ProjectOperator.next;org/weakref/nitro/operator/FilterOperator.next;org/weakref/nitro/operator/evaluator/PlanEvaluator.evaluateInPlace;org/weakref/nitro/operator/evaluator/PlanEvaluator.evaluateTrueMaskInPlace;org/weakref/nitro/operator/evaluator/PlanEvaluator.evaluateTrueMaskInPlace;org/weakref/nitro/operator/evaluator/PlanEvaluator.evaluateAdaptiveAndTrueMaskInPlace;org/weakref/nitro/operator/evaluator/PlanEvaluator.evaluateMeasuredTrueMaskInPlace;org/weakref/nitro/operator/evaluator/PlanEvaluator.evaluateTrueMaskInPlace;org/weakref/nitro/operator/evaluator/PlanEvaluator.tryEvaluatePrimitiveTrueMaskInPlace;org/weakref/nitro/operator/evaluator/PlanEvaluator.tryEvaluatePrimitiveMaskInPlace;org/weakref/nitro/operator/evaluator/PlanEvaluator.resolveMaskPrimitiveInvocation;org/weakref/nitro/operator/evaluator/PlanEvaluator.evaluateArgument;org/weakref/nitro/operator/evaluator/PlanEvaluator.evaluateAvailableReference;org/weakref/nitro/operator/evaluator/PlanEvaluator.evaluate;org/weakref/nitro/operator/evaluator/PlanEvaluator.evaluateUnmemoized;org/weakref/nitro/operator/evaluator/PlanEvaluator.evaluateVariable;org/weakref/nitro/operator/evaluator/PlanEvaluator.evaluateLiteral;org/weakref/nitro/operator/evaluator/PlanEvaluator.fillUtf8;org/weakref/nitro/data/BinaryVector.addTrait;java/util/LinkedHashSet.<init>;java/util/AbstractCollection.addAll;java/util/HashSet.add;java/util/HashMap.put;java/util/HashMap.putVal;java/util/HashMap.resize;java.util.HashMap$Node[]_[i] 2
java/lang/Thread.run;java/lang/Thread.runWith;java/util/concurrent/ThreadPoolExecutor$Worker.run;java/util/concurrent/ThreadPoolExecutor.runWorker;java/util/concurrent/FutureTask.run;java/util/concurrent/Executors$RunnableAdapter.call;java/util/concurrent/FutureTask.run;org/openjdk/jmh/runner/BenchmarkHandler$BenchmarkTask.call;org/openjdk/jmh/runner/BenchmarkHandler$BenchmarkTask.call;java/lang/reflect/Method.invoke;jdk/internal/reflect/DirectMethodHandleAccessor.invoke;jdk/internal/reflect/DirectMethodHandleAccessor.invokeImpl;java/lang/invoke/LambdaForm$MH.0x0000000020061400.invokeExact_MT;java/lang/invoke/LambdaForm$MH.0x0000000020061000.invoke;java/lang/invoke/DirectMethodHandle$Holder.invokeSpecial;org/weakref/nitro/tpch/jmh_generated/BenchmarkQueries_query17_jmhTest.query17_AverageTime;org/weakref/nitro/tpch/jmh_generated/BenchmarkQueries_query17_jmhTest.query17_avgt_jmhStub;org/weakref/nitro/tpch/BenchmarkQueries.query17;org/weakref/nitro/tpch/BenchmarkQueries.consume;org/weakref/nitro/operator/Output.borrow;org/weakref/nitro/operator/ProjectOperator$$Lambda.0x00000000201188c8.apply;org/weakref/nitro/operator/ProjectOperator.lambda$next$4;org/weakref/nitro/operator/ProjectOperator.evaluateOutput;java/util/HashMap.computeIfAbsent;org/weakref/nitro/operator/ProjectOperator$$Lambda.0x0000000020119aa0.apply;org/weakref/nitro/operator/ProjectOperator.lambda$evaluateOutput$0;org/weakref/nitro/operator/ProjectOperator.evaluateBundle;org/weakref/nitro/operator/evaluator/PlanEvaluator.evaluate;org/weakref/nitro/operator/evaluator/PlanEvaluator.evaluateUnmemoized;org/weakref/nitro/operator/evaluator/PlanEvaluator.evaluateVariable;org/weakref/nitro/operator/evaluator/PlanEvaluator.evaluateCall;org/weakref/nitro/operator/evaluator/PlanEvaluator.evaluateArgument;org/weakref/nitro/operator/evaluator/PlanEvaluator.evaluate;org/weakref/nitro/operator/evaluator/PlanEvaluator.evaluateUnmemoized;org/weakref/nitro/operator/evaluator/PlanEvaluator.evaluateInput;org/weakref/nitro/operator/ProjectOperator$$Lambda.0x00000000200bf8a0.resolve;org/weakref/nitro/operator/ProjectOperator.resolveEvaluatorInput;org/weakref/nitro/operator/Output.borrowOrNull;org/weakref/nitro/operator/Output.borrow;org/weakref/nitro/operator/AggregationOperator$$Lambda.0x0000000020111000.apply;org/weakref/nitro/operator/AggregationOperator.lambda$resultOutput$0;org/weakref/nitro/operator/AggregationOperator.doAggregationIfNeeded;org/weakref/nitro/operator/ProjectOperator.next;org/weakref/nitro/operator/FilterOperator.next;org/weakref/nitro/operator/HashJoinOperator.next;org/weakref/nitro/operator/HashJoinOperator.produceBatch;org/weakref/nitro/operator/HashJoinOperator.produceOrdinaryBatch;org/weakref/nitro/operator/HashJoinOperator.loadNextOuterBatch;org/weakref/nitro/operator/HashJoinOperator.next;org/weakref/nitro/operator/HashJoinOperator.produceBatch;org/weakref/nitro/operator/HashJoinOperator.loadInnerIfNecessary;org/weakref/nitro/operator/BufferedJoinInput.loadAll;org/weakref/nitro/operator/ProjectOperator.next;org/weakref/nitro/operator/FilterOperator.next;org/weakref/nitro/operator/evaluator/PlanEvaluator.evaluateInPlace;org/weakref/nitro/operator/evaluator/PlanEvaluator.evaluateTrueMaskInPlace;org/weakref/nitro/operator/evaluator/PlanEvaluator.evaluateTrueMaskInPlace;org/weakref/nitro/operator/evaluator/PlanEvaluator.evaluateAdaptiveAndTrueMaskInPlace;org/weakref/nitro/operator/evaluator/PlanEvaluator.evaluateMeasuredTrueMaskInPlace;org/weakref/nitro/operator/evaluator/PlanEvaluator.evaluateTrueMaskInPlace;org/weakref/nitro/operator/evaluator/PlanEvaluator.tryEvaluatePrimitiveTrueMaskInPlace;org/weakref/nitro/operator/evaluator/PlanEvaluator.tryEvaluatePrimitiveMaskInPlace;org/weakref/nitro/operator/evaluator/PlanEvaluator.resolveMaskPrimitiveInvocation;org/weakref/nitro/operator/evaluator/PlanEvaluator.evaluateArgument;org/weakref/nitro/operator/evaluator/PlanEvaluator.evaluateAvailableReference;org/weakref/nitro/operator/evaluator/PlanEvaluator.evaluate;org/weakref/nitro/operator/evaluator/PlanEvaluator.evaluateUnmemoized;org/weakref/nitro/operator/evaluator/PlanEvaluator.evaluateVariable;org/weakref/nitro/operator/evaluator/PlanEvaluator.evaluateLiteral;org/weakref/nitro/operator/evaluator/PlanEvaluator.fillUtf8;org/weakref/nitro/data/Allocator.allocateSingleRunRle;org/weakref/nitro/data/RleVector.<init>;java/util/Arrays.stream;java/util/Arrays.stream;java/util/Arrays.spliterator;java/util/Spliterators.spliterator;java.util.Spliterators$IntArraySpliterator_[i] 1
java/lang/Thread.run;java/lang/Thread.runWith;java/util/concurrent/ThreadPoolExecutor$Worker.run;java/util/concurrent/ThreadPoolExecutor.runWorker;java/util/concurrent/FutureTask.run;java/util/concurrent/Executors$RunnableAdapter.call;java/util/concurrent/FutureTask.run;org/openjdk/jmh/runner/BenchmarkHandler$BenchmarkTask.call;org/openjdk/jmh/runner/BenchmarkHandler$BenchmarkTask.call;java/lang/reflect/Method.invoke;jdk/internal/reflect/DirectMethodHandleAccessor.invoke;jdk/internal/reflect/DirectMethodHandleAccessor.invokeImpl;java/lang/invoke/LambdaForm$MH.0x0000000020061400.invokeExact_MT;java/lang/invoke/LambdaForm$MH.0x0000000020061000.invoke;java/lang/invoke/DirectMethodHandle$Holder.invokeSpecial;org/weakref/nitro/tpch/jmh_generated/BenchmarkQueries_query17_jmhTest.query17_AverageTime;org/weakref/nitro/tpch/jmh_generated/BenchmarkQueries_query17_jmhTest.query17_avgt_jmhStub;org/weakref/nitro/tpch/BenchmarkQueries.query17;org/weakref/nitro/tpch/BenchmarkQueries.consume;org/weakref/nitro/operator/Output.borrow;org/weakref/nitro/operator/ProjectOperator$$Lambda.0x00000000201188c8.apply;org/weakref/nitro/operator/ProjectOperator.lambda$next$4;org/weakref/nitro/operator/ProjectOperator.evaluateOutput;java/util/HashMap.computeIfAbsent;org/weakref/nitro/operator/ProjectOperator$$Lambda.0x0000000020119aa0.apply;org/weakref/nitro/operator/ProjectOperator.lambda$evaluateOutput$0;org/weakref/nitro/operator/ProjectOperator.evaluateBundle;org/weakref/nitro/operator/evaluator/PlanEvaluator.evaluate;org/weakref/nitro/operator/evaluator/PlanEvaluator.evaluateUnmemoized;org/weakref/nitro/operator/evaluator/PlanEvaluator.evaluateVariable;org/weakref/nitro/operator/evaluator/PlanEvaluator.evaluateCall;org/weakref/nitro/operator/evaluator/PlanEvaluator.evaluateArgument;org/weakref/nitro/operator/evaluator/PlanEvaluator.evaluate;org/weakref/nitro/operator/evaluator/PlanEvaluator.evaluateUnmemoized;org/weakref/nitro/operator/evaluator/PlanEvaluator.evaluateInput;org/weakref/nitro/operator/ProjectOperator$$Lambda.0x00000000200bf8a0.resolve;org/weakref/nitro/operator/ProjectOperator.resolveEvaluatorInput;org/weakref/nitro/operator/Output.borrowOrNull;org/weakref/nitro/operator/Output.borrow;org/weakref/nitro/operator/AggregationOperator$$Lambda.0x0000000020111000.apply;org/weakref/nitro/operator/AggregationOperator.lambda$resultOutput$0;org/weakref/nitro/operator/AggregationOperator.doAggregationIfNeeded;org/weakref/nitro/operator/ProjectOperator.next;org/weakref/nitro/operator/FilterOperator.next;org/weakref/nitro/operator/evaluator/PlanEvaluator.evaluateInPlace;org/weakref/nitro/operator/evaluator/PlanEvaluator.evaluateTrueMaskInPlace;org/weakref/nitro/operator/evaluator/PlanEvaluator.tryEvaluatePrimitiveTrueMaskInPlace;org/weakref/nitro/operator/evaluator/PlanEvaluator.tryEvaluatePrimitiveMaskInPlace;org/weakref/nitro/operator/evaluator/PlanEvaluator.resolveMaskPrimitiveInvocation;org/weakref/nitro/operator/evaluator/PlanEvaluator.evaluateArgument;org/weakref/nitro/operator/FilterOperator$1.resolve;org/weakref/nitro/operator/Output.borrowOrNull;org/weakref/nitro/operator/Output.borrow;org/weakref/nitro/operator/Output.borrow;org/weakref/nitro/operator/HashJoinOperator$$Lambda.0x000000002013ba68.apply;org/weakref/nitro/operator/HashJoinOperator.lambda$resultOutput$3;org/weakref/nitro/operator/HashJoinOperator.materializeOutput;org/weakref/nitro/operator/HashJoinOperator.materializeInnerOutput;org/weakref/nitro/operator/HashJoinOperator.copyInnerPositions;org/weakref/nitro/operator/JoinBufferSupport.copyPositionsFresh;org/weakref/nitro/operator/JoinBufferSupport.copyPositions;org/weakref/nitro/operator/Output.borrow;org/weakref/nitro/operator/ProjectOperator$$Lambda.0x00000000201188c8.apply;org/weakref/nitro/operator/ProjectOperator.lambda$next$4;org/weakref/nitro/operator/ProjectOperator.evaluateOutput;java/util/HashMap.computeIfAbsent;org/weakref/nitro/operator/ProjectOperator$$Lambda.0x0000000020119aa0.apply;org/weakref/nitro/operator/ProjectOperator.lambda$evaluateOutput$0;org/weakref/nitro/operator/ProjectOperator.evaluateBundle;org/weakref/nitro/operator/evaluator/PlanEvaluator.evaluate;org/weakref/nitro/operator/evaluator/PlanEvaluator.evaluateUnmemoized;org/weakref/nitro/operator/evaluator/PlanEvaluator.evaluateVariable;org/weakref/nitro/operator/evaluator/PlanEvaluator.evaluateCall;org/weakref/nitro/function/scalar/builtin/MultiplyF64.apply;org/weakref/nitro/function/scalar/builtin/VectorAccess.writableBooleanVector;org/weakref/nitro/data/Allocator.allocate;org/weakref/nitro/data/Allocator.allocatePooled;org/weakref/nitro/data/Allocator$$Lambda.0x000000002011ba48.get;org/weakref/nitro/data/Allocator.lambda$allocate$0;org/weakref/nitro/function/scalar/builtin/VectorAccess$$Lambda.0x0000000020131aa8.apply;org/weakref/nitro/data/BooleanVector.<init>;boolean[]_[i] 9
java/lang/Thread.run;java/lang/Thread.runWith;java/util/concurrent/ThreadPoolExecutor$Worker.run;java/util/concurrent/ThreadPoolExecutor.runWorker;java/util/concurrent/FutureTask.run;java/util/concurrent/Executors$RunnableAdapter.call;java/util/concurrent/FutureTask.run;org/openjdk/jmh/runner/BenchmarkHandler$BenchmarkTask.call;org/openjdk/jmh/runner/BenchmarkHandler$BenchmarkTask.call;java/lang/reflect/Method.invoke;jdk/internal/reflect/DirectMethodHandleAccessor.invoke;jdk/internal/reflect/DirectMethodHandleAccessor.invokeImpl;java/lang/invoke/LambdaForm$MH.0x0000000020061400.invokeExact_MT;java/lang/invoke/LambdaForm$MH.0x0000000020061000.invoke;java/lang/invoke/DirectMethodHandle$Holder.invokeSpecial;org/weakref/nitro/tpch/jmh_generated/BenchmarkQueries_query17_jmhTest.query17_AverageTime;org/weakref/nitro/tpch/jmh_generated/BenchmarkQueries_query17_jmhTest.query17_avgt_jmhStub;org/weakref/nitro/tpch/BenchmarkQueries.query17;org/weakref/nitro/tpch/BenchmarkQueries.consume;org/weakref/nitro/operator/Output.borrow;org/weakref/nitro/operator/ProjectOperator$$Lambda.0x00000000201188c8.apply;org/weakref/nitro/operator/ProjectOperator.lambda$next$4;org/weakref/nitro/operator/ProjectOperator.evaluateOutput;java/util/HashMap.computeIfAbsent;org/weakref/nitro/operator/ProjectOperator$$Lambda.0x0000000020119aa0.apply;org/weakref/nitro/operator/ProjectOperator.lambda$evaluateOutput$0;org/weakref/nitro/operator/ProjectOperator.evaluateBundle;org/weakref/nitro/operator/evaluator/PlanEvaluator.evaluate;org/weakref/nitro/operator/evaluator/PlanEvaluator.evaluateUnmemoized;org/weakref/nitro/operator/evaluator/PlanEvaluator.evaluateVariable;org/weakref/nitro/operator/evaluator/PlanEvaluator.evaluateCall;org/weakref/nitro/operator/evaluator/PlanEvaluator.evaluateArgument;org/weakref/nitro/operator/evaluator/PlanEvaluator.evaluate;org/weakref/nitro/operator/evaluator/PlanEvaluator.evaluateUnmemoized;org/weakref/nitro/operator/evaluator/PlanEvaluator.evaluateInput;org/weakref/nitro/operator/ProjectOperator$$Lambda.0x00000000200bf8a0.resolve;org/weakref/nitro/operator/ProjectOperator.resolveEvaluatorInput;org/weakref/nitro/operator/Output.borrowOrNull;org/weakref/nitro/operator/Output.borrow;org/weakref/nitro/operator/AggregationOperator$$Lambda.0x0000000020111000.apply;org/weakref/nitro/operator/AggregationOperator.lambda$resultOutput$0;org/weakref/nitro/operator/AggregationOperator.doAggregationIfNeeded;org/weakref/nitro/operator/ProjectOperator.next;org/weakref/nitro/operator/FilterOperator.next;org/weakref/nitro/operator/HashJoinOperator.next;org/weakref/nitro/operator/HashJoinOperator.produceBatch;org/weakref/nitro/operator/HashJoinOperator.loadInnerIfNecessary;org/weakref/nitro/operator/BufferedJoinInput.loadAll;org/weakref/nitro/operator/ProjectOperator.next;org/weakref/nitro/operator/GroupedAggregationOperator.next;org/weakref/nitro/operator/GroupedAggregationOperator.computeResults;org/weakref/nitro/operator/GroupedAggregationOperator.computeInlineGroupedResults;org/weakref/nitro/operator/GroupedAggregationOperator.assignInlineGroups;org/weakref/nitro/operator/GroupingState.assignGroups;org/weakref/nitro/operator/GroupingState.assignGroups;org/weakref/nitro/operator/GroupingState.assignLongGroups;org/weakref/nitro/operator/GroupingState.rehashLongGroupTable;org/weakref/nitro/data/PrimitiveArrayPool.borrowInts;int[]_[i] 1
java/lang/Thread.run;java/lang/Thread.runWith;java/util/concurrent/ThreadPoolExecutor$Worker.run;java/util/concurrent/ThreadPoolExecutor.runWorker;java/util/concurrent/FutureTask.run;java/util/concurrent/Executors$RunnableAdapter.call;java/util/concurrent/FutureTask.run;org/openjdk/jmh/runner/BenchmarkHandler$BenchmarkTask.call;org/openjdk/jmh/runner/BenchmarkHandler$BenchmarkTask.call;java/lang/reflect/Method.invoke;jdk/internal/reflect/DirectMethodHandleAccessor.invoke;jdk/internal/reflect/DirectMethodHandleAccessor.invokeImpl;java/lang/invoke/LambdaForm$MH.0x0000000020061400.invokeExact_MT;java/lang/invoke/LambdaForm$MH.0x0000000020061000.invoke;java/lang/invoke/DirectMethodHandle$Holder.invokeSpecial;org/weakref/nitro/tpch/jmh_generated/BenchmarkQueries_query17_jmhTest.query17_AverageTime;org/weakref/nitro/tpch/jmh_generated/BenchmarkQueries_query17_jmhTest.query17_avgt_jmhStub;org/weakref/nitro/tpch/BenchmarkQueries.query17;org/weakref/nitro/tpch/BenchmarkQueries.consume;org/weakref/nitro/operator/Output.borrow;org/weakref/nitro/operator/ProjectOperator$$Lambda.0x00000000201188c8.apply;org/weakref/nitro/operator/ProjectOperator.lambda$next$4;org/weakref/nitro/operator/ProjectOperator.evaluateOutput;java/util/HashMap.computeIfAbsent;org/weakref/nitro/operator/ProjectOperator$$Lambda.0x0000000020119aa0.apply;org/weakref/nitro/operator/ProjectOperator.lambda$evaluateOutput$0;org/weakref/nitro/operator/ProjectOperator.evaluateBundle;org/weakref/nitro/operator/evaluator/PlanEvaluator.evaluate;org/weakref/nitro/operator/evaluator/PlanEvaluator.evaluateUnmemoized;org/weakref/nitro/operator/evaluator/PlanEvaluator.evaluateVariable;org/weakref/nitro/operator/evaluator/PlanEvaluator.evaluateCall;org/weakref/nitro/operator/evaluator/PlanEvaluator.evaluateArgument;org/weakref/nitro/operator/evaluator/PlanEvaluator.evaluate;org/weakref/nitro/operator/evaluator/PlanEvaluator.evaluateUnmemoized;org/weakref/nitro/operator/evaluator/PlanEvaluator.evaluateInput;org/weakref/nitro/operator/ProjectOperator$$Lambda.0x00000000200bf8a0.resolve;org/weakref/nitro/operator/ProjectOperator.resolveEvaluatorInput;org/weakref/nitro/operator/Output.borrowOrNull;org/weakref/nitro/operator/Output.borrow;org/weakref/nitro/operator/AggregationOperator$$Lambda.0x0000000020111000.apply;org/weakref/nitro/operator/AggregationOperator.lambda$resultOutput$0;org/weakref/nitro/operator/AggregationOperator.doAggregationIfNeeded;org/weakref/nitro/operator/ProjectOperator.next;org/weakref/nitro/operator/FilterOperator.next;org/weakref/nitro/operator/HashJoinOperator.next;org/weakref/nitro/operator/HashJoinOperator.produceBatch;org/weakref/nitro/operator/HashJoinOperator.loadInnerIfNecessary;org/weakref/nitro/operator/BufferedJoinInput.loadAll;org/weakref/nitro/operator/ProjectOperator.next;org/weakref/nitro/operator/GroupedAggregationOperator.next;org/weakref/nitro/operator/GroupedAggregationOperator.computeResults;org/weakref/nitro/operator/GroupedAggregationOperator.computeInlineGroupedResults;org/weakref/nitro/operator/GroupedAggregationOperator.accumulateGroupedRows;org/weakref/nitro/operator/aggregation/AvgF64.accumulate;org/weakref/nitro/operator/aggregation/StreamAccessors$$Lambda.0x0000000020122000.stream;org/weakref/nitro/operator/aggregation/StreamAccessors.lambda$forBatch$0;org/weakref/nitro/operator/aggregation/StreamAccessors.read;org/weakref/nitro/operator/Output.borrowOrNull;org/weakref/nitro/operator/Output.borrow;org/weakref/nitro/operator/NitroParquetScanOperator$ScanOutputResolver$$Lambda.0x00000000200aa768.apply;org/weakref/nitro/operator/NitroParquetScanOperator$ScanOutputResolver.resolve;org/weakref/nitro/operator/NitroParquetScanOperator.resolveLazyColumn;org/weakref/nitro/operator/NitroParquetScanOperator.decodeFullColumn;org/weakref/nitro/operator/NitroParquetScanOperator.longBitsToDoubles;org/weakref/nitro/data/Allocator.allocate;java/lang/invoke/Invokers$Holder.linkToTargetMethod;java/lang/invoke/LambdaForm$DMH.0x000000002011d800.newInvokeSpecial;java/lang/invoke/DirectMethodHandle.allocateInstance;org.weakref.nitro.data.Allocator$$Lambda.0x000000002011ba48_[i] 1
java/lang/Thread.run;java/lang/Thread.runWith;java/util/concurrent/ThreadPoolExecutor$Worker.run;java/util/concurrent/ThreadPoolExecutor.runWorker;java/util/concurrent/FutureTask.run;java/util/concurrent/Executors$RunnableAdapter.call;java/util/concurrent/FutureTask.run;org/openjdk/jmh/runner/BenchmarkHandler$BenchmarkTask.call;org/openjdk/jmh/runner/BenchmarkHandler$BenchmarkTask.call;java/lang/reflect/Method.invoke;jdk/internal/reflect/DirectMethodHandleAccessor.invoke;jdk/internal/reflect/DirectMethodHandleAccessor.invokeImpl;java/lang/invoke/LambdaForm$MH.0x0000000020061400.invokeExact_MT;java/lang/invoke/LambdaForm$MH.0x0000000020061000.invoke;java/lang/invoke/DirectMethodHandle$Holder.invokeSpecial;org/weakref/nitro/tpch/jmh_generated/BenchmarkQueries_query17_jmhTest.query17_AverageTime;org/weakref/nitro/tpch/jmh_generated/BenchmarkQueries_query17_jmhTest.query17_avgt_jmhStub;org/weakref/nitro/tpch/BenchmarkQueries.query17;org/weakref/nitro/tpch/BenchmarkQueries.consume;org/weakref/nitro/operator/Output.borrow;org/weakref/nitro/operator/ProjectOperator$$Lambda.0x00000000201188c8.apply;org/weakref/nitro/operator/ProjectOperator.lambda$next$4;org/weakref/nitro/operator/ProjectOperator.evaluateOutput;java/util/HashMap.computeIfAbsent;org/weakref/nitro/operator/ProjectOperator$$Lambda.0x0000000020119aa0.apply;org/weakref/nitro/operator/ProjectOperator.lambda$evaluateOutput$0;org/weakref/nitro/operator/ProjectOperator.evaluateBundle;org/weakref/nitro/operator/evaluator/PlanEvaluator.evaluate;org/weakref/nitro/operator/evaluator/PlanEvaluator.evaluateUnmemoized;org/weakref/nitro/operator/evaluator/PlanEvaluator.evaluateVariable;org/weakref/nitro/operator/evaluator/PlanEvaluator.evaluateCall;org/weakref/nitro/operator/evaluator/PlanEvaluator.evaluateArgument;org/weakref/nitro/operator/evaluator/PlanEvaluator.evaluate;org/weakref/nitro/operator/evaluator/PlanEvaluator.evaluateUnmemoized;org/weakref/nitro/operator/evaluator/PlanEvaluator.evaluateInput;org/weakref/nitro/operator/ProjectOperator$$Lambda.0x00000000200bf8a0.resolve;org/weakref/nitro/operator/ProjectOperator.resolveEvaluatorInput;org/weakref/nitro/operator/Output.borrowOrNull;org/weakref/nitro/operator/Output.borrow;org/weakref/nitro/operator/AggregationOperator$$Lambda.0x0000000020111000.apply;org/weakref/nitro/operator/AggregationOperator.lambda$resultOutput$0;org/weakref/nitro/operator/AggregationOperator.doAggregationIfNeeded;org/weakref/nitro/operator/ProjectOperator.next;org/weakref/nitro/operator/FilterOperator.next;org/weakref/nitro/operator/HashJoinOperator.next;org/weakref/nitro/operator/HashJoinOperator.produceBatch;org/weakref/nitro/operator/HashJoinOperator.produceOrdinaryBatch;org/weakref/nitro/operator/HashJoinOperator.loadNextOuterBatch;org/weakref/nitro/operator/HashJoinOperator.next;org/weakref/nitro/operator/HashJoinOperator.produceBatch;org/weakref/nitro/operator/HashJoinOperator.loadInnerIfNecessary;org/weakref/nitro/operator/BufferedJoinInput.loadAll;org/weakref/nitro/operator/Batch.close;org/weakref/nitro/operator/ProjectOperator$$Lambda.0x0000000020119660.run;org/weakref/nitro/operator/ProjectOperator.lambda$next$11;org/weakref/nitro/operator/ProjectOperator$BatchState.close;org/weakref/nitro/operator/Batch.close;org/weakref/nitro/operator/FilterOperator$BatchState.close;org/weakref/nitro/operator/Batch.close;org/weakref/nitro/operator/Output.close;org/weakref/nitro/operator/Output.release;org/weakref/nitro/operator/BatchBufferOwner.accept;org/weakref/nitro/operator/BatchBufferOwner.accept;org/weakref/nitro/operator/NitroParquetScanOperator$ScanOutputResolver.release;org/weakref/nitro/operator/BatchBufferScope.release;org/weakref/nitro/data/Allocator.release;org/weakref/nitro/data/Allocator.releaseVectorTree;java/lang/invoke/Invokers$Holder.linkToTargetMethod;java/lang/invoke/DirectMethodHandle$Holder.newInvokeSpecial;java/lang/invoke/DirectMethodHandle.allocateInstance;org.weakref.nitro.data.Allocator$$Lambda.0x00000000201236a8_[i] 1
java/lang/Thread.run;java/lang/Thread.runWith;java/util/concurrent/ThreadPoolExecutor$Worker.run;java/util/concurrent/ThreadPoolExecutor.runWorker;java/util/concurrent/FutureTask.run;java/util/concurrent/Executors$RunnableAdapter.call;java/util/concurrent/FutureTask.run;org/openjdk/jmh/runner/BenchmarkHandler$BenchmarkTask.call;org/openjdk/jmh/runner/BenchmarkHandler$BenchmarkTask.call;java/lang/reflect/Method.invoke;jdk/internal/reflect/DirectMethodHandleAccessor.invoke;jdk/internal/reflect/DirectMethodHandleAccessor.invokeImpl;java/lang/invoke/LambdaForm$MH.0x0000000020061400.invokeExact_MT;java/lang/invoke/LambdaForm$MH.0x0000000020061000.invoke;java/lang/invoke/DirectMethodHandle$Holder.invokeSpecial;org/weakref/nitro/tpch/jmh_generated/BenchmarkQueries_query17_jmhTest.query17_AverageTime;org/weakref/nitro/tpch/jmh_generated/BenchmarkQueries_query17_jmhTest.query17_avgt_jmhStub;org/weakref/nitro/tpch/BenchmarkQueries.query17;org/weakref/nitro/tpch/BenchmarkQueries.consume;org/weakref/nitro/operator/Output.borrow;org/weakref/nitro/operator/ProjectOperator$$Lambda.0x00000000201188c8.apply;org/weakref/nitro/operator/ProjectOperator.lambda$next$4;org/weakref/nitro/operator/ProjectOperator.evaluateOutput;java/util/HashMap.computeIfAbsent;org/weakref/nitro/operator/ProjectOperator$$Lambda.0x0000000020119aa0.apply;org/weakref/nitro/operator/ProjectOperator.lambda$evaluateOutput$0;org/weakref/nitro/operator/ProjectOperator.evaluateBundle;org/weakref/nitro/operator/evaluator/PlanEvaluator.evaluate;org/weakref/nitro/operator/evaluator/PlanEvaluator.evaluateUnmemoized;org/weakref/nitro/operator/evaluator/PlanEvaluator.evaluateVariable;org/weakref/nitro/operator/evaluator/PlanEvaluator.evaluateCall;org/weakref/nitro/operator/evaluator/PlanEvaluator.evaluateArgument;org/weakref/nitro/operator/evaluator/PlanEvaluator.evaluate;org/weakref/nitro/operator/evaluator/PlanEvaluator.evaluateUnmemoized;org/weakref/nitro/operator/evaluator/PlanEvaluator.evaluateInput;org/weakref/nitro/operator/ProjectOperator$$Lambda.0x00000000200bf8a0.resolve;org/weakref/nitro/operator/ProjectOperator.resolveEvaluatorInput;org/weakref/nitro/operator/Output.borrowOrNull;org/weakref/nitro/operator/Output.borrow;org/weakref/nitro/operator/AggregationOperator$$Lambda.0x0000000020111000.apply;org/weakref/nitro/operator/AggregationOperator.lambda$resultOutput$0;org/weakref/nitro/operator/AggregationOperator.doAggregationIfNeeded;org/weakref/nitro/operator/ProjectOperator.next;org/weakref/nitro/operator/FilterOperator.next;org/weakref/nitro/operator/HashJoinOperator.next;org/weakref/nitro/operator/HashJoinOperator.produceBatch;org/weakref/nitro/operator/HashJoinOperator.produceOrdinaryBatch;org/weakref/nitro/operator/HashJoinOperator.loadNextOuterBatch;org/weakref/nitro/operator/HashJoinOperator.next;org/weakref/nitro/operator/HashJoinOperator.produceBatch;org/weakref/nitro/operator/HashJoinOperator.loadInnerIfNecessary;org/weakref/nitro/operator/BufferedJoinInput.loadAll;org/weakref/nitro/operator/Batch.close;org/weakref/nitro/operator/ProjectOperator$$Lambda.0x0000000020119660.run;org/weakref/nitro/operator/ProjectOperator.lambda$next$11;org/weakref/nitro/operator/ProjectOperator$BatchState.close;org/weakref/nitro/operator/Batch.close;org/weakref/nitro/operator/FilterOperator$BatchState.releaseMask;org/weakref/nitro/data/Allocator.release;org/weakref/nitro/data/Allocator$ContextState.releaseMask;java/util/TreeMap.computeIfAbsent;java/util/TreeMap.callMappingFunctionWithCheck;org/weakref/nitro/data/Allocator$ContextState$$Lambda.0x000000002012e000.apply;org/weakref/nitro/data/Allocator$ContextState.lambda$releaseMask$0;java/util/ArrayDeque.<init>;java.lang.Object[]_[i] 1
java/lang/Thread.run;java/lang/Thread.runWith;java/util/concurrent/ThreadPoolExecutor$Worker.run;java/util/concurrent/ThreadPoolExecutor.runWorker;java/util/concurrent/FutureTask.run;java/util/concurrent/Executors$RunnableAdapter.call;java/util/concurrent/FutureTask.run;org/openjdk/jmh/runner/BenchmarkHandler$BenchmarkTask.call;org/openjdk/jmh/runner/BenchmarkHandler$BenchmarkTask.call;java/lang/reflect/Method.invoke;jdk/internal/reflect/DirectMethodHandleAccessor.invoke;jdk/internal/reflect/DirectMethodHandleAccessor.invokeImpl;java/lang/invoke/LambdaForm$MH.0x0000000020061400.invokeExact_MT;java/lang/invoke/LambdaForm$MH.0x0000000020061000.invoke;java/lang/invoke/DirectMethodHandle$Holder.invokeSpecial;org/weakref/nitro/tpch/jmh_generated/BenchmarkQueries_query17_jmhTest.query17_AverageTime;org/weakref/nitro/tpch/jmh_generated/BenchmarkQueries_query17_jmhTest.query17_avgt_jmhStub;org/weakref/nitro/tpch/BenchmarkQueries.query17;org/weakref/nitro/tpch/BenchmarkQueries.consume;org/weakref/nitro/operator/Output.borrow;org/weakref/nitro/operator/ProjectOperator$$Lambda.0x00000000201188c8.apply;org/weakref/nitro/operator/ProjectOperator.lambda$next$4;org/weakref/nitro/operator/ProjectOperator.evaluateOutput;java/util/HashMap.computeIfAbsent;org/weakref/nitro/operator/ProjectOperator$$Lambda.0x0000000020119aa0.apply;org/weakref/nitro/operator/ProjectOperator.lambda$evaluateOutput$0;org/weakref/nitro/operator/ProjectOperator.evaluateBundle;org/weakref/nitro/operator/evaluator/PlanEvaluator.evaluate;org/weakref/nitro/operator/evaluator/PlanEvaluator.evaluateUnmemoized;org/weakref/nitro/operator/evaluator/PlanEvaluator.evaluateVariable;org/weakref/nitro/operator/evaluator/PlanEvaluator.evaluateCall;org/weakref/nitro/operator/evaluator/PlanEvaluator.evaluateArgument;org/weakref/nitro/operator/evaluator/PlanEvaluator.evaluate;org/weakref/nitro/operator/evaluator/PlanEvaluator.evaluateUnmemoized;org/weakref/nitro/operator/evaluator/PlanEvaluator.evaluateInput;org/weakref/nitro/operator/ProjectOperator$$Lambda.0x00000000200bf8a0.resolve;org/weakref/nitro/operator/ProjectOperator.resolveEvaluatorInput;org/weakref/nitro/operator/Output.borrowOrNull;org/weakref/nitro/operator/Output.borrow;org/weakref/nitro/operator/AggregationOperator$$Lambda.0x0000000020111000.apply;org/weakref/nitro/operator/AggregationOperator.lambda$resultOutput$0;org/weakref/nitro/operator/AggregationOperator.doAggregationIfNeeded;org/weakref/nitro/operator/ProjectOperator.next;org/weakref/nitro/operator/FilterOperator.next;org/weakref/nitro/operator/HashJoinOperator.next;org/weakref/nitro/operator/HashJoinOperator.produceBatch;org/weakref/nitro/operator/HashJoinOperator.loadInnerIfNecessary;org/weakref/nitro/operator/BufferedJoinInput.loadAll;org/weakref/nitro/operator/ProjectOperator.next;org/weakref/nitro/operator/GroupedAggregationOperator.next;org/weakref/nitro/operator/GroupedAggregationOperator.computeResults;org/weakref/nitro/operator/GroupedAggregationOperator.computeInlineGroupedResults;org/weakref/nitro/operator/GroupedAggregationOperator.assignInlineGroups;org/weakref/nitro/operator/GroupingState.assignGroups;org/weakref/nitro/operator/GroupingState.assignGroups;org/weakref/nitro/operator/GroupingState.assignLongGroups;org/weakref/nitro/operator/GroupingState.ensureLongGroupingCapacity;org/weakref/nitro/data/PrimitiveArrayPool.borrowLongs;long[]_[i] 2
java/lang/Thread.run;java/lang/Thread.runWith;java/util/concurrent/ThreadPoolExecutor$Worker.run;java/util/concurrent/ThreadPoolExecutor.runWorker;java/util/concurrent/FutureTask.run;java/util/concurrent/Executors$RunnableAdapter.call;java/util/concurrent/FutureTask.run;org/openjdk/jmh/runner/BenchmarkHandler$BenchmarkTask.call;org/openjdk/jmh/runner/BenchmarkHandler$BenchmarkTask.call;java/lang/reflect/Method.invoke;jdk/internal/reflect/DirectMethodHandleAccessor.invoke;jdk/internal/reflect/DirectMethodHandleAccessor.invokeImpl;java/lang/invoke/LambdaForm$MH.0x0000000020061400.invokeExact_MT;java/lang/invoke/LambdaForm$MH.0x0000000020061000.invoke;java/lang/invoke/DirectMethodHandle$Holder.invokeSpecial;org/weakref/nitro/tpch/jmh_generated/BenchmarkQueries_query17_jmhTest.query17_AverageTime;org/weakref/nitro/tpch/jmh_generated/BenchmarkQueries_query17_jmhTest.query17_avgt_jmhStub;org/weakref/nitro/tpch/BenchmarkQueries.query17;org/weakref/nitro/tpch/BenchmarkQueries.consume;org/weakref/nitro/operator/Output.borrow;org/weakref/nitro/operator/ProjectOperator$$Lambda.0x00000000201188c8.apply;org/weakref/nitro/operator/ProjectOperator.lambda$next$4;org/weakref/nitro/operator/ProjectOperator.evaluateOutput;java/util/HashMap.computeIfAbsent;org/weakref/nitro/operator/ProjectOperator$$Lambda.0x0000000020119aa0.apply;org/weakref/nitro/operator/ProjectOperator.lambda$evaluateOutput$0;org/weakref/nitro/operator/ProjectOperator.evaluateBundle;org/weakref/nitro/operator/evaluator/PlanEvaluator.evaluate;org/weakref/nitro/operator/evaluator/PlanEvaluator.evaluateUnmemoized;org/weakref/nitro/operator/evaluator/PlanEvaluator.evaluateVariable;org/weakref/nitro/operator/evaluator/PlanEvaluator.evaluateCall;org/weakref/nitro/operator/evaluator/PlanEvaluator.evaluateArgument;org/weakref/nitro/operator/evaluator/PlanEvaluator.evaluate;org/weakref/nitro/operator/evaluator/PlanEvaluator.evaluateUnmemoized;org/weakref/nitro/operator/evaluator/PlanEvaluator.evaluateInput;org/weakref/nitro/operator/ProjectOperator$$Lambda.0x00000000200bf8a0.resolve;org/weakref/nitro/operator/ProjectOperator.resolveEvaluatorInput;org/weakref/nitro/operator/Output.borrowOrNull;org/weakref/nitro/operator/Output.borrow;org/weakref/nitro/operator/AggregationOperator$$Lambda.0x0000000020111000.apply;org/weakref/nitro/operator/AggregationOperator.lambda$resultOutput$0;org/weakref/nitro/operator/AggregationOperator.doAggregationIfNeeded;org/weakref/nitro/operator/ProjectOperator.next;org/weakref/nitro/operator/FilterOperator.next;org/weakref/nitro/operator/HashJoinOperator.next;org/weakref/nitro/operator/HashJoinOperator.produceBatch;org/weakref/nitro/operator/HashJoinOperator.produceOrdinaryBatch;org/weakref/nitro/operator/HashJoinOperator.loadNextOuterBatch;org/weakref/nitro/operator/HashJoinOperator.next;org/weakref/nitro/operator/HashJoinOperator.produceBatch;org/weakref/nitro/operator/HashJoinOperator.loadInnerIfNecessary;org/weakref/nitro/operator/BufferedJoinInput.loadAll;org/weakref/nitro/operator/JoinBufferSupport.copyAndCompact;org/weakref/nitro/operator/Output.borrow;org/weakref/nitro/operator/Output.resolveMasked;org/weakref/nitro/operator/Output$$Lambda.0x0000000020131208.resolve;org/weakref/nitro/operator/Output.borrowMaybeMasked;org/weakref/nitro/operator/Output.borrow;org/weakref/nitro/operator/NitroParquetScanOperator$ScanOutputResolver$$Lambda.0x00000000200aa768.apply;org/weakref/nitro/operator/NitroParquetScanOperator$ScanOutputResolver.resolve;org/weakref/nitro/operator/NitroParquetScanOperator.resolveLazyColumn;org/weakref/nitro/operator/NitroParquetScanOperator.decodeFullColumn;org/weakref/nitro/parquet/ColumnReader.readLongs;org/weakref/nitro/parquet/ColumnReader.decodeNextDataPage;org/weakref/nitro/parquet/ColumnReader.decodeDataPageV1;org/weakref/nitro/parquet/ColumnReader.ensurePageCapacity;org/weakref/nitro/parquet/ColumnReader.ensurePageNullCapacity;org/weakref/nitro/parquet/ColumnReader.replaceBooleans;org/weakref/nitro/data/PrimitiveArrayPool.borrowBooleans;boolean[]_[i] 2
java/lang/Thread.run;java/lang/Thread.runWith;java/util/concurrent/ThreadPoolExecutor$Worker.run;java/util/concurrent/ThreadPoolExecutor.runWorker;java/util/concurrent/FutureTask.run;java/util/concurrent/Executors$RunnableAdapter.call;java/util/concurrent/FutureTask.run;org/openjdk/jmh/runner/BenchmarkHandler$BenchmarkTask.call;org/openjdk/jmh/runner/BenchmarkHandler$BenchmarkTask.call;java/lang/reflect/Method.invoke;jdk/internal/reflect/DirectMethodHandleAccessor.invoke;jdk/internal/reflect/DirectMethodHandleAccessor.invokeImpl;java/lang/invoke/LambdaForm$MH.0x0000000020061400.invokeExact_MT;java/lang/invoke/LambdaForm$MH.0x0000000020061000.invoke;java/lang/invoke/DirectMethodHandle$Holder.invokeSpecial;org/weakref/nitro/tpch/jmh_generated/BenchmarkQueries_query17_jmhTest.query17_AverageTime;org/weakref/nitro/tpch/jmh_generated/BenchmarkQueries_query17_jmhTest.query17_avgt_jmhStub;org/weakref/nitro/tpch/BenchmarkQueries.query17;org/weakref/nitro/tpch/BenchmarkQueries.consume;org/weakref/nitro/operator/Output.borrow;org/weakref/nitro/operator/ProjectOperator$$Lambda.0x00000000201188c8.apply;org/weakref/nitro/operator/ProjectOperator.lambda$next$4;org/weakref/nitro/operator/ProjectOperator.evaluateOutput;java/util/HashMap.computeIfAbsent;org/weakref/nitro/operator/ProjectOperator$$Lambda.0x0000000020119aa0.apply;org/weakref/nitro/operator/ProjectOperator.lambda$evaluateOutput$0;org/weakref/nitro/operator/ProjectOperator.evaluateBundle;org/weakref/nitro/operator/evaluator/PlanEvaluator.evaluate;org/weakref/nitro/operator/evaluator/PlanEvaluator.evaluateUnmemoized;org/weakref/nitro/operator/evaluator/PlanEvaluator.evaluateVariable;org/weakref/nitro/operator/evaluator/PlanEvaluator.evaluateCall;org/weakref/nitro/operator/evaluator/PlanEvaluator.evaluateArgument;org/weakref/nitro/operator/evaluator/PlanEvaluator.evaluate;org/weakref/nitro/operator/evaluator/PlanEvaluator.evaluateUnmemoized;org/weakref/nitro/operator/evaluator/PlanEvaluator.evaluateInput;org/weakref/nitro/operator/ProjectOperator$$Lambda.0x00000000200bf8a0.resolve;org/weakref/nitro/operator/ProjectOperator.resolveEvaluatorInput;org/weakref/nitro/operator/Output.borrowOrNull;org/weakref/nitro/operator/Output.borrow;org/weakref/nitro/operator/AggregationOperator$$Lambda.0x0000000020111000.apply;org/weakref/nitro/operator/AggregationOperator.lambda$resultOutput$0;org/weakref/nitro/operator/AggregationOperator.doAggregationIfNeeded;org/weakref/nitro/operator/ProjectOperator.next;org/weakref/nitro/operator/FilterOperator.next;org/weakref/nitro/operator/HashJoinOperator.next;org/weakref/nitro/operator/HashJoinOperator.produceBatch;org/weakref/nitro/operator/HashJoinOperator.produceOrdinaryBatch;org/weakref/nitro/operator/HashJoinOperator.loadNextOuterBatch;org/weakref/nitro/operator/HashJoinOperator.next;org/weakref/nitro/operator/HashJoinOperator.produceBatch;org/weakref/nitro/operator/HashJoinOperator.loadInnerIfNecessary;org/weakref/nitro/operator/BufferedJoinInput.loadAll;org/weakref/nitro/operator/ProjectOperator.next;org.weakref.nitro.operator.Batch_[i] 1
java/lang/Thread.run;java/lang/Thread.runWith;java/util/concurrent/ThreadPoolExecutor$Worker.run;java/util/concurrent/ThreadPoolExecutor.runWorker;java/util/concurrent/FutureTask.run;java/util/concurrent/Executors$RunnableAdapter.call;java/util/concurrent/FutureTask.run;org/openjdk/jmh/runner/BenchmarkHandler$BenchmarkTask.call;org/openjdk/jmh/runner/BenchmarkHandler$BenchmarkTask.call;java/lang/reflect/Method.invoke;jdk/internal/reflect/DirectMethodHandleAccessor.invoke;jdk/internal/reflect/DirectMethodHandleAccessor.invokeImpl;java/lang/invoke/LambdaForm$MH.0x0000000020061400.invokeExact_MT;java/lang/invoke/LambdaForm$MH.0x0000000020061000.invoke;java/lang/invoke/DirectMethodHandle$Holder.invokeSpecial;org/weakref/nitro/tpch/jmh_generated/BenchmarkQueries_query17_jmhTest.query17_AverageTime;org/weakref/nitro/tpch/jmh_generated/BenchmarkQueries_query17_jmhTest.query17_avgt_jmhStub;org/weakref/nitro/tpch/BenchmarkQueries.query17;org/weakref/nitro/tpch/BenchmarkQueries.consume;org/weakref/nitro/operator/Output.borrow;org/weakref/nitro/operator/ProjectOperator$$Lambda.0x00000000201188c8.apply;org/weakref/nitro/operator/ProjectOperator.lambda$next$4;org/weakref/nitro/operator/ProjectOperator.evaluateOutput;java/util/HashMap.computeIfAbsent;org/weakref/nitro/operator/ProjectOperator$$Lambda.0x0000000020119aa0.apply;org/weakref/nitro/operator/ProjectOperator.lambda$evaluateOutput$0;org/weakref/nitro/operator/ProjectOperator.evaluateBundle;org/weakref/nitro/operator/evaluator/PlanEvaluator.evaluate;org/weakref/nitro/operator/evaluator/PlanEvaluator.evaluateUnmemoized;org/weakref/nitro/operator/evaluator/PlanEvaluator.evaluateVariable;org/weakref/nitro/operator/evaluator/PlanEvaluator.evaluateCall;org/weakref/nitro/operator/evaluator/PlanEvaluator.evaluateArgument;org/weakref/nitro/operator/evaluator/PlanEvaluator.evaluate;org/weakref/nitro/operator/evaluator/PlanEvaluator.evaluateUnmemoized;org/weakref/nitro/operator/evaluator/PlanEvaluator.evaluateInput;org/weakref/nitro/operator/ProjectOperator$$Lambda.0x00000000200bf8a0.resolve;org/weakref/nitro/operator/ProjectOperator.resolveEvaluatorInput;org/weakref/nitro/operator/Output.borrowOrNull;org/weakref/nitro/operator/Output.borrow;org/weakref/nitro/operator/AggregationOperator$$Lambda.0x0000000020111000.apply;org/weakref/nitro/operator/AggregationOperator.lambda$resultOutput$0;org/weakref/nitro/operator/AggregationOperator.doAggregationIfNeeded;org/weakref/nitro/operator/ProjectOperator.next;org/weakref/nitro/operator/FilterOperator.next;org/weakref/nitro/operator/HashJoinOperator.next;org/weakref/nitro/operator/HashJoinOperator.produceBatch;org/weakref/nitro/operator/HashJoinOperator.loadInnerIfNecessary;org/weakref/nitro/operator/BufferedJoinInput.loadAll;org/weakref/nitro/operator/ProjectOperator.next;org/weakref/nitro/operator/GroupedAggregationOperator.next;org/weakref/nitro/operator/GroupedAggregationOperator.computeResults;org/weakref/nitro/operator/GroupedAggregationOperator.computeInlineGroupedResults;org/weakref/nitro/operator/Batch.close;org/weakref/nitro/operator/BatchBufferScope.release;org/weakref/nitro/data/Allocator.release;org/weakref/nitro/data/Allocator$ContextState.releaseMask;java/util/TreeMap.computeIfAbsent;java/util/TreeMap.callMappingFunctionWithCheck;org/weakref/nitro/data/Allocator$ContextState$$Lambda.0x000000002012e000.apply;org/weakref/nitro/data/Allocator$ContextState.lambda$releaseMask$0;java/util/ArrayDeque.<init>;java.lang.Object[]_[i] 2
java/lang/Thread.run;java/lang/Thread.runWith;java/util/concurrent/ThreadPoolExecutor$Worker.run;java/util/concurrent/ThreadPoolExecutor.runWorker;java/util/concurrent/FutureTask.run;java/util/concurrent/Executors$RunnableAdapter.call;java/util/concurrent/FutureTask.run;org/openjdk/jmh/runner/BenchmarkHandler$BenchmarkTask.call;org/openjdk/jmh/runner/BenchmarkHandler$BenchmarkTask.call;java/lang/reflect/Method.invoke;jdk/internal/reflect/DirectMethodHandleAccessor.invoke;jdk/internal/reflect/DirectMethodHandleAccessor.invokeImpl;java/lang/invoke/LambdaForm$MH.0x0000000020061400.invokeExact_MT;java/lang/invoke/LambdaForm$MH.0x0000000020061000.invoke;java/lang/invoke/DirectMethodHandle$Holder.invokeSpecial;org/weakref/nitro/tpch/jmh_generated/BenchmarkQueries_query17_jmhTest.query17_AverageTime;org/weakref/nitro/tpch/jmh_generated/BenchmarkQueries_query17_jmhTest.query17_avgt_jmhStub;org/weakref/nitro/tpch/BenchmarkQueries.query17;org/weakref/nitro/tpch/BenchmarkQueries.consume;org/weakref/nitro/operator/Output.borrow;org/weakref/nitro/operator/ProjectOperator$$Lambda.0x00000000201188c8.apply;org/weakref/nitro/operator/ProjectOperator.lambda$next$4;org/weakref/nitro/operator/ProjectOperator.evaluateOutput;java/util/HashMap.computeIfAbsent;org/weakref/nitro/operator/ProjectOperator$$Lambda.0x0000000020119aa0.apply;org/weakref/nitro/operator/ProjectOperator.lambda$evaluateOutput$0;org/weakref/nitro/operator/ProjectOperator.evaluateBundle;org/weakref/nitro/operator/evaluator/PlanEvaluator.evaluate;org/weakref/nitro/operator/evaluator/PlanEvaluator.evaluateUnmemoized;org/weakref/nitro/operator/evaluator/PlanEvaluator.evaluateVariable;org/weakref/nitro/operator/evaluator/PlanEvaluator.evaluateCall;org/weakref/nitro/operator/evaluator/PlanEvaluator.evaluateArgument;org/weakref/nitro/operator/evaluator/PlanEvaluator.evaluate;org/weakref/nitro/operator/evaluator/PlanEvaluator.evaluateUnmemoized;org/weakref/nitro/operator/evaluator/PlanEvaluator.evaluateInput;org/weakref/nitro/operator/ProjectOperator$$Lambda.0x00000000200bf8a0.resolve;org/weakref/nitro/operator/ProjectOperator.resolveEvaluatorInput;org/weakref/nitro/operator/Output.borrowOrNull;org/weakref/nitro/operator/Output.borrow;org/weakref/nitro/operator/AggregationOperator$$Lambda.0x0000000020111000.apply;org/weakref/nitro/operator/AggregationOperator.lambda$resultOutput$0;org/weakref/nitro/operator/AggregationOperator.doAggregationIfNeeded;org/weakref/nitro/operator/ProjectOperator.next;org/weakref/nitro/operator/FilterOperator.next;org/weakref/nitro/operator/HashJoinOperator.next;org/weakref/nitro/operator/HashJoinOperator.produceBatch;org/weakref/nitro/operator/HashJoinOperator.loadInnerIfNecessary;org/weakref/nitro/operator/BufferedJoinInput.loadAll;org/weakref/nitro/operator/ProjectOperator.next;org/weakref/nitro/operator/GroupedAggregationOperator.next;org/weakref/nitro/operator/GroupedAggregationOperator.computeResults;org/weakref/nitro/operator/GroupedAggregationOperator.computeInlineGroupedResults;org/weakref/nitro/operator/GroupedAggregationOperator.assignInlineGroups;org/weakref/nitro/operator/Output.borrow;org/weakref/nitro/operator/NitroParquetScanOperator$ScanOutputResolver$$Lambda.0x00000000200aa768.apply;org/weakref/nitro/operator/NitroParquetScanOperator$ScanOutputResolver.resolve;org/weakref/nitro/operator/NitroParquetScanOperator.resolveLazyColumn;org/weakref/nitro/operator/NitroParquetScanOperator.decodeFullColumn;org/weakref/nitro/parquet/ColumnReader.readLongs;org/weakref/nitro/parquet/ColumnReader.decodeNextDataPage;org/weakref/nitro/parquet/ColumnReader.decodeDataPageV1;org/weakref/nitro/parquet/ColumnReader.ensurePageCapacity;org/weakref/nitro/parquet/ColumnReader.ensurePageNullCapacity;org/weakref/nitro/parquet/ColumnReader.replaceBooleans;org/weakref/nitro/data/PrimitiveArrayPool.borrowBooleans;boolean[]_[i] 4
java/lang/Thread.run;java/lang/Thread.runWith;java/util/concurrent/ThreadPoolExecutor$Worker.run;java/util/concurrent/ThreadPoolExecutor.runWorker;java/util/concurrent/FutureTask.run;java/util/concurrent/Executors$RunnableAdapter.call;java/util/concurrent/FutureTask.run;org/openjdk/jmh/runner/BenchmarkHandler$BenchmarkTask.call;org/openjdk/jmh/runner/BenchmarkHandler$BenchmarkTask.call;java/lang/reflect/Method.invoke;jdk/internal/reflect/DirectMethodHandleAccessor.invoke;jdk/internal/reflect/DirectMethodHandleAccessor.invokeImpl;java/lang/invoke/LambdaForm$MH.0x0000000020061400.invokeExact_MT;java/lang/invoke/LambdaForm$MH.0x0000000020061000.invoke;java/lang/invoke/DirectMethodHandle$Holder.invokeSpecial;org/weakref/nitro/tpch/jmh_generated/BenchmarkQueries_query17_jmhTest.query17_AverageTime;org/weakref/nitro/tpch/jmh_generated/BenchmarkQueries_query17_jmhTest.query17_avgt_jmhStub;org/weakref/nitro/tpch/BenchmarkQueries.query17;org/weakref/nitro/tpch/BenchmarkQueries.consume;org/weakref/nitro/operator/Output.borrow;org/weakref/nitro/operator/ProjectOperator$$Lambda.0x00000000201188c8.apply;org/weakref/nitro/operator/ProjectOperator.lambda$next$4;org/weakref/nitro/operator/ProjectOperator.evaluateOutput;java/util/HashMap.computeIfAbsent;org/weakref/nitro/operator/ProjectOperator$$Lambda.0x0000000020119aa0.apply;org/weakref/nitro/operator/ProjectOperator.lambda$evaluateOutput$0;org/weakref/nitro/operator/ProjectOperator.evaluateBundle;org/weakref/nitro/operator/evaluator/PlanEvaluator.evaluate;org/weakref/nitro/operator/evaluator/PlanEvaluator.evaluateUnmemoized;org/weakref/nitro/operator/evaluator/PlanEvaluator.evaluateVariable;org/weakref/nitro/operator/evaluator/PlanEvaluator.evaluateCall;org/weakref/nitro/operator/evaluator/PlanEvaluator.evaluateArgument;org/weakref/nitro/operator/evaluator/PlanEvaluator.evaluate;org/weakref/nitro/operator/evaluator/PlanEvaluator.evaluateUnmemoized;org/weakref/nitro/operator/evaluator/PlanEvaluator.evaluateInput;org/weakref/nitro/operator/ProjectOperator$$Lambda.0x00000000200bf8a0.resolve;org/weakref/nitro/operator/ProjectOperator.resolveEvaluatorInput;org/weakref/nitro/operator/Output.borrowOrNull;org/weakref/nitro/operator/Output.borrow;org/weakref/nitro/operator/AggregationOperator$$Lambda.0x0000000020111000.apply;org/weakref/nitro/operator/AggregationOperator.lambda$resultOutput$0;org/weakref/nitro/operator/AggregationOperator.doAggregationIfNeeded;org/weakref/nitro/operator/ProjectOperator.next;org/weakref/nitro/operator/FilterOperator.next;org/weakref/nitro/operator/HashJoinOperator.next;org/weakref/nitro/operator/HashJoinOperator.produceBatch;org/weakref/nitro/operator/HashJoinOperator.loadInnerIfNecessary;org/weakref/nitro/operator/BufferedJoinInput.loadAll;org/weakref/nitro/operator/ProjectOperator.next;org/weakref/nitro/operator/GroupedAggregationOperator.next;org/weakref/nitro/operator/GroupedAggregationOperator.computeResults;org/weakref/nitro/operator/GroupedAggregationOperator.computeInlineGroupedResults;org/weakref/nitro/operator/Batch.close;org/weakref/nitro/operator/Output.close;org/weakref/nitro/operator/Output.release;org/weakref/nitro/operator/BatchBufferOwner.accept;org/weakref/nitro/operator/BatchBufferOwner.accept;org/weakref/nitro/operator/NitroParquetScanOperator$ScanOutputResolver.release;org/weakref/nitro/operator/BatchBufferScope.release;org/weakref/nitro/data/Allocator.release;org/weakref/nitro/data/Allocator.releaseVectorTree;org/weakref/nitro/data/Allocator.releaseVector;org/weakref/nitro/data/Allocator$ContextState.releaseVector;org/weakref/nitro/data/Allocator$ContextState.addVectorToPool;java/util/HashMap.computeIfAbsent;org/weakref/nitro/data/Allocator$ContextState$$Lambda.0x0000000020123d78.apply;org/weakref/nitro/data/Allocator$ContextState.lambda$addVectorToPool$2;java/util/ArrayDeque.<init>;java.lang.Object[]_[i] 6
java/lang/Thread.run;java/lang/Thread.runWith;java/util/concurrent/ThreadPoolExecutor$Worker.run;java/util/concurrent/ThreadPoolExecutor.runWorker;java/util/concurrent/FutureTask.run;java/util/concurrent/Executors$RunnableAdapter.call;java/util/concurrent/FutureTask.run;org/openjdk/jmh/runner/BenchmarkHandler$BenchmarkTask.call;org/openjdk/jmh/runner/BenchmarkHandler$BenchmarkTask.call;java/lang/reflect/Method.invoke;jdk/internal/reflect/DirectMethodHandleAccessor.invoke;jdk/internal/reflect/DirectMethodHandleAccessor.invokeImpl;java/lang/invoke/LambdaForm$MH.0x0000000020061400.invokeExact_MT;java/lang/invoke/LambdaForm$MH.0x0000000020061000.invoke;java/lang/invoke/DirectMethodHandle$Holder.invokeSpecial;org/weakref/nitro/tpch/jmh_generated/BenchmarkQueries_query17_jmhTest.query17_AverageTime;org/weakref/nitro/tpch/jmh_generated/BenchmarkQueries_query17_jmhTest.query17_avgt_jmhStub;org/weakref/nitro/tpch/BenchmarkQueries.query17;org/weakref/nitro/tpch/BenchmarkQueries.consume;org/weakref/nitro/operator/Output.borrow;org/weakref/nitro/operator/ProjectOperator$$Lambda.0x00000000201188c8.apply;org/weakref/nitro/operator/ProjectOperator.lambda$next$4;org/weakref/nitro/operator/ProjectOperator.evaluateOutput;java/util/HashMap.computeIfAbsent;org/weakref/nitro/operator/ProjectOperator$$Lambda.0x0000000020119aa0.apply;org/weakref/nitro/operator/ProjectOperator.lambda$evaluateOutput$0;org/weakref/nitro/operator/ProjectOperator.evaluateBundle;org/weakref/nitro/operator/evaluator/PlanEvaluator.evaluate;org/weakref/nitro/operator/evaluator/PlanEvaluator.evaluateUnmemoized;org/weakref/nitro/operator/evaluator/PlanEvaluator.evaluateVariable;org/weakref/nitro/operator/evaluator/PlanEvaluator.evaluateCall;org/weakref/nitro/operator/evaluator/PlanEvaluator.evaluateArgument;org/weakref/nitro/operator/evaluator/PlanEvaluator.evaluate;org/weakref/nitro/operator/evaluator/PlanEvaluator.evaluateUnmemoized;org/weakref/nitro/operator/evaluator/PlanEvaluator.evaluateInput;org/weakref/nitro/operator/ProjectOperator$$Lambda.0x00000000200bf8a0.resolve;org/weakref/nitro/operator/ProjectOperator.resolveEvaluatorInput;org/weakref/nitro/operator/Output.borrowOrNull;org/weakref/nitro/operator/Output.borrow;org/weakref/nitro/operator/AggregationOperator$$Lambda.0x0000000020111000.apply;org/weakref/nitro/operator/AggregationOperator.lambda$resultOutput$0;org/weakref/nitro/operator/AggregationOperator.doAggregationIfNeeded;org/weakref/nitro/operator/ProjectOperator.next;org/weakref/nitro/operator/FilterOperator.next;org/weakref/nitro/operator/evaluator/PlanEvaluator.evaluateInPlace;org/weakref/nitro/operator/evaluator/PlanEvaluator.evaluateTrueMaskInPlace;org/weakref/nitro/operator/evaluator/PlanEvaluator.tryEvaluatePrimitiveTrueMaskInPlace;org/weakref/nitro/operator/evaluator/PlanEvaluator.tryEvaluatePrimitiveMaskInPlace;org/weakref/nitro/operator/evaluator/PlanEvaluator.resolveMaskPrimitiveInvocation;org/weakref/nitro/operator/evaluator/PlanEvaluator.evaluateArgument;org/weakref/nitro/operator/FilterOperator$1.resolve;org/weakref/nitro/operator/Output.borrowOrNull;org/weakref/nitro/operator/Output.borrow;org/weakref/nitro/operator/Output.borrow;org/weakref/nitro/operator/HashJoinOperator$$Lambda.0x000000002013ba68.apply;org/weakref/nitro/operator/HashJoinOperator.lambda$resultOutput$3;org/weakref/nitro/operator/HashJoinOperator.materializeOutput;org/weakref/nitro/operator/HashJoinOperator.materializeInnerOutput;org/weakref/nitro/operator/HashJoinOperator.copyInnerPositions;org/weakref/nitro/operator/JoinBufferSupport.copyPositionsFresh;org/weakref/nitro/operator/JoinBufferSupport.copyPositions;org/weakref/nitro/operator/Output.borrow;org/weakref/nitro/operator/ProjectOperator$$Lambda.0x00000000201188c8.apply;org/weakref/nitro/operator/ProjectOperator.lambda$next$4;org/weakref/nitro/operator/ProjectOperator.evaluateOutput;java/util/HashMap.computeIfAbsent;org/weakref/nitro/operator/ProjectOperator$$Lambda.0x0000000020119aa0.apply;org/weakref/nitro/operator/ProjectOperator.lambda$evaluateOutput$0;org/weakref/nitro/operator/ProjectOperator.evaluateBundle;org/weakref/nitro/operator/evaluator/PlanEvaluator.evaluate;org/weakref/nitro/operator/evaluator/PlanEvaluator.evaluateUnmemoized;org/weakref/nitro/operator/evaluator/PlanEvaluator.evaluateVariable;org/weakref/nitro/operator/evaluator/PlanEvaluator.evaluateCall;org/weakref/nitro/operator/evaluator/PlanEvaluator.evaluateArgument;org/weakref/nitro/operator/evaluator/PlanEvaluator.evaluate;org/weakref/nitro/operator/evaluator/PlanEvaluator.evaluateUnmemoized;org/weakref/nitro/operator/evaluator/PlanEvaluator.evaluateInput;org/weakref/nitro/operator/ProjectOperator$$Lambda.0x00000000200bf8a0.resolve;org/weakref/nitro/operator/ProjectOperator.resolveEvaluatorInput;org/weakref/nitro/operator/Output.borrowOrNull;org/weakref/nitro/operator/Output.borrow;org/weakref/nitro/operator/GroupedAggregationOperator$$Lambda.0x000000002012dc00.apply;org/weakref/nitro/operator/GroupedAggregationOperator.lambda$resultOutput$4;org/weakref/nitro/operator/GroupedAggregationOperator.aggregationOutput;org/weakref/nitro/operator/aggregation/AvgF64.copyResultPosition;org/weakref/nitro/data/Allocator.allocateOrGrow;org/weakref/nitro/data/Allocator.allocate;org/weakref/nitro/data/Allocator.allocatePooled;org/weakref/nitro/data/Allocator$$Lambda.0x000000002011ba48.get;org/weakref/nitro/data/Allocator.lambda$allocate$0;org/weakref/nitro/operator/aggregation/AvgF64$$Lambda.0x0000000020181170.apply;org/weakref/nitro/data/F64Vector.<init>;double[]_[i] 9
java/lang/Thread.run;java/lang/Thread.runWith;java/util/concurrent/ThreadPoolExecutor$Worker.run;java/util/concurrent/ThreadPoolExecutor.runWorker;java/util/concurrent/FutureTask.run;java/util/concurrent/Executors$RunnableAdapter.call;java/util/concurrent/FutureTask.run;org/openjdk/jmh/runner/BenchmarkHandler$BenchmarkTask.call;org/openjdk/jmh/runner/BenchmarkHandler$BenchmarkTask.call;java/lang/reflect/Method.invoke;jdk/internal/reflect/DirectMethodHandleAccessor.invoke;jdk/internal/reflect/DirectMethodHandleAccessor.invokeImpl;java/lang/invoke/LambdaForm$MH.0x0000000020061400.invokeExact_MT;java/lang/invoke/LambdaForm$MH.0x0000000020061000.invoke;java/lang/invoke/DirectMethodHandle$Holder.invokeSpecial;org/weakref/nitro/tpch/jmh_generated/BenchmarkQueries_query17_jmhTest.query17_AverageTime;org/weakref/nitro/tpch/jmh_generated/BenchmarkQueries_query17_jmhTest.query17_avgt_jmhStub;org/weakref/nitro/tpch/BenchmarkQueries.query17;org/weakref/nitro/tpch/TpchParquetSupport.query17;org/weakref/nitro/tpch/TpchParquetSupport.scannedTable;org/weakref/nitro/tpch/TpchParquetTables.tableFiles;java/util/stream/ReferencePipeline.toList;java/util/stream/ReferencePipeline.toArray;java/util/stream/ReferencePipeline.toArray;java/util/stream/AbstractPipeline.evaluateToArrayNode;java/util/stream/AbstractPipeline.evaluate;java/util/stream/AbstractPipeline.wrapAndCopyInto;java/util/stream/AbstractPipeline.wrapSink;java/util/stream/SortedOps$OfRef.opWrapSink;java.util.stream.SortedOps$RefSortingSink_[i] 1
java/lang/Thread.run;java/lang/Thread.runWith;java/util/concurrent/ThreadPoolExecutor$Worker.run;java/util/concurrent/ThreadPoolExecutor.runWorker;java/util/concurrent/FutureTask.run;java/util/concurrent/Executors$RunnableAdapter.call;java/util/concurrent/FutureTask.run;org/openjdk/jmh/runner/BenchmarkHandler$BenchmarkTask.call;org/openjdk/jmh/runner/BenchmarkHandler$BenchmarkTask.call;java/lang/reflect/Method.invoke;jdk/internal/reflect/DirectMethodHandleAccessor.invoke;jdk/internal/reflect/DirectMethodHandleAccessor.invokeImpl;java/lang/invoke/LambdaForm$MH.0x0000000020061400.invokeExact_MT;java/lang/invoke/LambdaForm$MH.0x0000000020061000.invoke;java/lang/invoke/DirectMethodHandle$Holder.invokeSpecial;org/weakref/nitro/tpch/jmh_generated/BenchmarkQueries_query17_jmhTest.query17_AverageTime;org/weakref/nitro/tpch/jmh_generated/BenchmarkQueries_query17_jmhTest.query17_avgt_jmhStub;org/weakref/nitro/tpch/BenchmarkQueries.query17;org/weakref/nitro/tpch/BenchmarkQueries.consume;org/weakref/nitro/operator/Output.borrow;org/weakref/nitro/operator/ProjectOperator$$Lambda.0x00000000201188c8.apply;org/weakref/nitro/operator/ProjectOperator.lambda$next$4;org/weakref/nitro/operator/ProjectOperator.evaluateOutput;java/util/HashMap.computeIfAbsent;org/weakref/nitro/operator/ProjectOperator$$Lambda.0x0000000020119aa0.apply;org/weakref/nitro/operator/ProjectOperator.lambda$evaluateOutput$0;org/weakref/nitro/operator/ProjectOperator.evaluateBundle;org/weakref/nitro/operator/evaluator/PlanEvaluator.evaluate;org/weakref/nitro/operator/evaluator/PlanEvaluator.evaluateUnmemoized;org/weakref/nitro/operator/evaluator/PlanEvaluator.evaluateVariable;org/weakref/nitro/operator/evaluator/PlanEvaluator.evaluateCall;org/weakref/nitro/operator/evaluator/PlanEvaluator.evaluateArgument;org/weakref/nitro/operator/evaluator/PlanEvaluator.evaluate;org/weakref/nitro/operator/evaluator/PlanEvaluator.evaluateUnmemoized;org/weakref/nitro/operator/evaluator/PlanEvaluator.evaluateInput;org/weakref/nitro/operator/ProjectOperator$$Lambda.0x00000000200bf8a0.resolve;org/weakref/nitro/operator/ProjectOperator.resolveEvaluatorInput;org/weakref/nitro/operator/Output.borrowOrNull;org/weakref/nitro/operator/Output.borrow;org/weakref/nitro/operator/AggregationOperator$$Lambda.0x0000000020111000.apply;org/weakref/nitro/operator/AggregationOperator.lambda$resultOutput$0;org/weakref/nitro/operator/AggregationOperator.doAggregationIfNeeded;org/weakref/nitro/operator/ProjectOperator.next;org/weakref/nitro/operator/FilterOperator.next;org/weakref/nitro/operator/HashJoinOperator.next;org/weakref/nitro/operator/HashJoinOperator.produceBatch;org/weakref/nitro/operator/HashJoinOperator.loadInnerIfNecessary;org/weakref/nitro/operator/HashJoinOperator.indexInnerRows;org/weakref/nitro/operator/Output.borrow;org/weakref/nitro/operator/Output.resolveMasked;org/weakref/nitro/operator/Output$$Lambda.0x0000000020131208.resolve;org/weakref/nitro/operator/Output.borrowMaybeMasked;org/weakref/nitro/operator/Output.borrow;org/weakref/nitro/operator/GroupedAggregationOperator$$Lambda.0x000000002012f500.apply;org/weakref/nitro/operator/GroupedAggregationOperator.lambda$resultOutput$0;org/weakref/nitro/operator/GroupedAggregationOperator.groupedKeyOutput;org/weakref/nitro/operator/GroupingState.groupedValues;org/weakref/nitro/operator/GroupingState.materializeLongNulls;org/weakref/nitro/function/scalar/builtin/VectorAccess.writableBooleanVector;org/weakref/nitro/data/Allocator.allocate;org/weakref/nitro/data/Allocator.allocatePooled;org/weakref/nitro/data/Allocator$$Lambda.0x000000002011ba48.get;org/weakref/nitro/data/Allocator.lambda$allocate$0;org/weakref/nitro/function/scalar/builtin/VectorAccess$$Lambda.0x0000000020131aa8.apply;org/weakref/nitro/data/BooleanVector.<init>;boolean[]_[i] 3
java/lang/Thread.run;java/lang/Thread.runWith;java/util/concurrent/ThreadPoolExecutor$Worker.run;java/util/concurrent/ThreadPoolExecutor.runWorker;java/util/concurrent/FutureTask.run;java/util/concurrent/Executors$RunnableAdapter.call;java/util/concurrent/FutureTask.run;org/openjdk/jmh/runner/BenchmarkHandler$BenchmarkTask.call;org/openjdk/jmh/runner/BenchmarkHandler$BenchmarkTask.call;java/lang/reflect/Method.invoke;jdk/internal/reflect/DirectMethodHandleAccessor.invoke;jdk/internal/reflect/DirectMethodHandleAccessor.invokeImpl;java/lang/invoke/LambdaForm$MH.0x0000000020061400.invokeExact_MT;java/lang/invoke/LambdaForm$MH.0x0000000020061000.invoke;java/lang/invoke/DirectMethodHandle$Holder.invokeSpecial;org/weakref/nitro/tpch/jmh_generated/BenchmarkQueries_query17_jmhTest.query17_AverageTime;org/weakref/nitro/tpch/jmh_generated/BenchmarkQueries_query17_jmhTest.query17_avgt_jmhStub;org/weakref/nitro/tpch/BenchmarkQueries.query17;org/weakref/nitro/tpch/BenchmarkQueries.consume;org/weakref/nitro/operator/Output.borrow;org/weakref/nitro/operator/ProjectOperator$$Lambda.0x00000000201188c8.apply;org/weakref/nitro/operator/ProjectOperator.lambda$next$4;org/weakref/nitro/operator/ProjectOperator.evaluateOutput;java/util/HashMap.computeIfAbsent;org/weakref/nitro/operator/ProjectOperator$$Lambda.0x0000000020119aa0.apply;org/weakref/nitro/operator/ProjectOperator.lambda$evaluateOutput$0;org/weakref/nitro/operator/ProjectOperator.evaluateBundle;org/weakref/nitro/operator/evaluator/PlanEvaluator.evaluate;org/weakref/nitro/operator/evaluator/PlanEvaluator.evaluateUnmemoized;org/weakref/nitro/operator/evaluator/PlanEvaluator.evaluateVariable;org/weakref/nitro/operator/evaluator/PlanEvaluator.evaluateCall;org/weakref/nitro/operator/evaluator/PlanEvaluator.evaluateArgument;org/weakref/nitro/operator/evaluator/PlanEvaluator.evaluate;org/weakref/nitro/operator/evaluator/PlanEvaluator.evaluateUnmemoized;org/weakref/nitro/operator/evaluator/PlanEvaluator.evaluateInput;org/weakref/nitro/operator/ProjectOperator$$Lambda.0x00000000200bf8a0.resolve;org/weakref/nitro/operator/ProjectOperator.resolveEvaluatorInput;org/weakref/nitro/operator/Output.borrowOrNull;org/weakref/nitro/operator/Output.borrow;org/weakref/nitro/operator/AggregationOperator$$Lambda.0x0000000020111000.apply;org/weakref/nitro/operator/AggregationOperator.lambda$resultOutput$0;org/weakref/nitro/operator/AggregationOperator.doAggregationIfNeeded;org/weakref/nitro/operator/ProjectOperator.next;org/weakref/nitro/operator/FilterOperator.next;org/weakref/nitro/operator/HashJoinOperator.next;org/weakref/nitro/operator/HashJoinOperator.produceBatch;org/weakref/nitro/operator/HashJoinOperator.loadInnerIfNecessary;org/weakref/nitro/operator/BufferedJoinInput.loadAll;org/weakref/nitro/operator/ProjectOperator.next;org/weakref/nitro/operator/GroupedAggregationOperator.next;org/weakref/nitro/operator/GroupedAggregationOperator.computeResults;org/weakref/nitro/operator/GroupedAggregationOperator.computeInlineGroupedResults;org/weakref/nitro/operator/GroupedAggregationOperator.assignInlineGroups;org/weakref/nitro/operator/GroupingState.assignGroups;org/weakref/nitro/operator/GroupingState.assignGroups;org/weakref/nitro/operator/GroupingState.assignLongGroups;org/weakref/nitro/data/Mask$1.next;org/weakref/nitro/data/Mask$1.next;java/lang/Integer.valueOf;java.lang.Integer_[i] 5524
java/lang/Thread.run;java/lang/Thread.runWith;java/util/concurrent/ThreadPoolExecutor$Worker.run;java/util/concurrent/ThreadPoolExecutor.runWorker;java/util/concurrent/FutureTask.run;java/util/concurrent/Executors$RunnableAdapter.call;java/util/concurrent/FutureTask.run;org/openjdk/jmh/runner/BenchmarkHandler$BenchmarkTask.call;org/openjdk/jmh/runner/BenchmarkHandler$BenchmarkTask.call;java/lang/reflect/Method.invoke;jdk/internal/reflect/DirectMethodHandleAccessor.invoke;jdk/internal/reflect/DirectMethodHandleAccessor.invokeImpl;java/lang/invoke/LambdaForm$MH.0x0000000020061400.invokeExact_MT;java/lang/invoke/LambdaForm$MH.0x0000000020061000.invoke;java/lang/invoke/DirectMethodHandle$Holder.invokeSpecial;org/weakref/nitro/tpch/jmh_generated/BenchmarkQueries_query17_jmhTest.query17_AverageTime;org/weakref/nitro/tpch/jmh_generated/BenchmarkQueries_query17_jmhTest.query17_avgt_jmhStub;org/weakref/nitro/tpch/BenchmarkQueries.query17;org/weakref/nitro/tpch/BenchmarkQueries.consume;org/weakref/nitro/operator/Output.borrow;org/weakref/nitro/operator/ProjectOperator$$Lambda.0x00000000201188c8.apply;org/weakref/nitro/operator/ProjectOperator.lambda$next$4;org/weakref/nitro/operator/ProjectOperator.evaluateOutput;java/util/HashMap.computeIfAbsent;org/weakref/nitro/operator/ProjectOperator$$Lambda.0x0000000020119aa0.apply;org/weakref/nitro/operator/ProjectOperator.lambda$evaluateOutput$0;org/weakref/nitro/operator/ProjectOperator.evaluateBundle;org/weakref/nitro/operator/evaluator/PlanEvaluator.evaluate;org/weakref/nitro/operator/evaluator/PlanEvaluator.evaluateUnmemoized;org/weakref/nitro/operator/evaluator/PlanEvaluator.evaluateVariable;org/weakref/nitro/operator/evaluator/PlanEvaluator.evaluateCall;org/weakref/nitro/operator/evaluator/PlanEvaluator.evaluateArgument;org/weakref/nitro/operator/evaluator/PlanEvaluator.evaluate;org/weakref/nitro/operator/evaluator/PlanEvaluator.evaluateUnmemoized;org/weakref/nitro/operator/evaluator/PlanEvaluator.evaluateInput;org/weakref/nitro/operator/ProjectOperator$$Lambda.0x00000000200bf8a0.resolve;org/weakref/nitro/operator/ProjectOperator.resolveEvaluatorInput;org/weakref/nitro/operator/Output.borrowOrNull;org/weakref/nitro/operator/Output.borrow;org/weakref/nitro/operator/AggregationOperator$$Lambda.0x0000000020111000.apply;org/weakref/nitro/operator/AggregationOperator.lambda$resultOutput$0;org/weakref/nitro/operator/AggregationOperator.doAggregationIfNeeded;org/weakref/nitro/operator/ProjectOperator.next;org/weakref/nitro/operator/FilterOperator.next;org/weakref/nitro/operator/HashJoinOperator.next;org/weakref/nitro/operator/HashJoinOperator.produceBatch;org/weakref/nitro/operator/HashJoinOperator.produceOrdinaryBatch;org/weakref/nitro/operator/HashJoinOperator.loadNextOuterBatch;org/weakref/nitro/operator/HashJoinOperator.next;org/weakref/nitro/operator/HashJoinOperator.produceBatch;org/weakref/nitro/operator/HashJoinOperator.loadInnerIfNecessary;org/weakref/nitro/operator/BufferedJoinInput.loadAll;org/weakref/nitro/operator/ProjectOperator.next;org/weakref/nitro/operator/FilterOperator.next;org/weakref/nitro/operator/evaluator/PlanEvaluator.evaluateInPlace;org/weakref/nitro/operator/evaluator/PlanEvaluator.evaluateTrueMaskInPlace;org/weakref/nitro/operator/evaluator/PlanEvaluator.evaluateTrueMaskInPlace;org/weakref/nitro/operator/evaluator/PlanEvaluator.evaluateAdaptiveAndTrueMaskInPlace;org/weakref/nitro/operator/evaluator/PlanEvaluator.evaluateMeasuredTrueMaskInPlace;org/weakref/nitro/operator/evaluator/PlanEvaluator.evaluateTrueMaskInPlace;org/weakref/nitro/operator/evaluator/PlanEvaluator.tryEvaluatePrimitiveTrueMaskInPlace;org/weakref/nitro/operator/evaluator/PlanEvaluator.tryEvaluatePrimitiveMaskInPlace;org/weakref/nitro/operator/evaluator/PlanEvaluator.resolveMaskPrimitiveInvocation;org/weakref/nitro/operator/evaluator/PlanEvaluator.evaluateArgument;java/util/ImmutableCollections$Set12.iterator;java.util.ImmutableCollections$Set12$1_[i] 1
java/lang/Thread.run;java/lang/Thread.runWith;java/util/concurrent/ThreadPoolExecutor$Worker.run;java/util/concurrent/ThreadPoolExecutor.runWorker;java/util/concurrent/FutureTask.run;java/util/concurrent/Executors$RunnableAdapter.call;java/util/concurrent/FutureTask.run;org/openjdk/jmh/runner/BenchmarkHandler$BenchmarkTask.call;org/openjdk/jmh/runner/BenchmarkHandler$BenchmarkTask.call;java/lang/reflect/Method.invoke;jdk/internal/reflect/DirectMethodHandleAccessor.invoke;jdk/internal/reflect/DirectMethodHandleAccessor.invokeImpl;java/lang/invoke/LambdaForm$MH.0x0000000020061400.invokeExact_MT;java/lang/invoke/LambdaForm$MH.0x0000000020061000.invoke;java/lang/invoke/DirectMethodHandle$Holder.invokeSpecial;org/weakref/nitro/tpch/jmh_generated/BenchmarkQueries_query17_jmhTest.query17_AverageTime;org/weakref/nitro/tpch/jmh_generated/BenchmarkQueries_query17_jmhTest.query17_avgt_jmhStub;org/weakref/nitro/tpch/BenchmarkQueries.query17;org/weakref/nitro/tpch/TpchParquetSupport.query17;org/weakref/nitro/tpch/TpchParquetSupport.scannedTable;org/weakref/nitro/operator/NitroParquetScanOperator.<init>;java/util/stream/ReferencePipeline.toArray;java/util/stream/AbstractPipeline.evaluateToArrayNode;java/util/stream/AbstractPipeline.evaluate;java/util/stream/AbstractPipeline.wrapAndCopyInto;java/util/stream/AbstractPipeline.copyInto;java/util/AbstractList$RandomAccessSpliterator.forEachRemaining;java/util/stream/ReferencePipeline$3$1.accept;org/weakref/nitro/operator/NitroParquetScanOperator$$Lambda.0x0000000020082cb8.apply;org/weakref/nitro/parquet/ParquetFile.open;org/weakref/nitro/parquet/ParquetFile.<init>;org/apache/parquet/format/Util.readFileMetaData;org/apache/parquet/format/Util.readFileMetaData;org/apache/parquet/format/Util.read;org/apache/parquet/format/FileMetaData.read;org/apache/parquet/format/FileMetaData$FileMetaDataStandardScheme.read;org/apache/parquet/format/FileMetaData$FileMetaDataStandardScheme.read;org/apache/parquet/format/RowGroup.read;org/apache/parquet/format/RowGroup$RowGroupStandardScheme.read;org/apache/parquet/format/RowGroup$RowGroupStandardScheme.read;org/apache/parquet/format/ColumnChunk.read;org/apache/parquet/format/ColumnChunk$ColumnChunkStandardScheme.read;org/apache/parquet/format/ColumnChunk$ColumnChunkStandardScheme.read;org/apache/parquet/format/ColumnMetaData.read;org/apache/parquet/format/ColumnMetaData$ColumnMetaDataStandardScheme.read;org/apache/parquet/format/ColumnMetaData$ColumnMetaDataStandardScheme.read;org/apache/parquet/format/PageEncodingStats.read;org/apache/parquet/format/PageEncodingStats$PageEncodingStatsStandardScheme.read;org/apache/parquet/format/PageEncodingStats$PageEncodingStatsStandardScheme.read;org/apache/parquet/format/InterningProtocol.readFieldBegin;shaded/parquet/org/apache/thrift/protocol/TCompactProtocol.readFieldBegin;shaded.parquet.org.apache.thrift.protocol.TField_[i] 2
java/lang/Thread.run;java/lang/Thread.runWith;java/util/concurrent/ThreadPoolExecutor$Worker.run;java/util/concurrent/ThreadPoolExecutor.runWorker;java/util/concurrent/FutureTask.run;java/util/concurrent/Executors$RunnableAdapter.call;java/util/concurrent/FutureTask.run;org/openjdk/jmh/runner/BenchmarkHandler$BenchmarkTask.call;org/openjdk/jmh/runner/BenchmarkHandler$BenchmarkTask.call;java/lang/reflect/Method.invoke;jdk/internal/reflect/DirectMethodHandleAccessor.invoke;jdk/internal/reflect/DirectMethodHandleAccessor.invokeImpl;java/lang/invoke/LambdaForm$MH.0x0000000020061400.invokeExact_MT;java/lang/invoke/LambdaForm$MH.0x0000000020061000.invoke;java/lang/invoke/DirectMethodHandle$Holder.invokeSpecial;org/weakref/nitro/tpch/jmh_generated/BenchmarkQueries_query17_jmhTest.query17_AverageTime;org/weakref/nitro/tpch/jmh_generated/BenchmarkQueries_query17_jmhTest.query17_avgt_jmhStub;org/weakref/nitro/tpch/BenchmarkQueries.query17;org/weakref/nitro/tpch/BenchmarkQueries.consume;org/weakref/nitro/operator/Output.borrow;org/weakref/nitro/operator/ProjectOperator$$Lambda.0x00000000201188c8.apply;org/weakref/nitro/operator/ProjectOperator.lambda$next$4;org/weakref/nitro/operator/ProjectOperator.evaluateOutput;java/util/HashMap.computeIfAbsent;org/weakref/nitro/operator/ProjectOperator$$Lambda.0x0000000020119aa0.apply;org/weakref/nitro/operator/ProjectOperator.lambda$evaluateOutput$0;org/weakref/nitro/operator/ProjectOperator.evaluateBundle;org/weakref/nitro/operator/evaluator/PlanEvaluator.evaluate;org/weakref/nitro/operator/evaluator/PlanEvaluator.evaluateUnmemoized;org/weakref/nitro/operator/evaluator/PlanEvaluator.evaluateVariable;org/weakref/nitro/operator/evaluator/PlanEvaluator.evaluateCall;org/weakref/nitro/operator/evaluator/PlanEvaluator.evaluateArgument;org/weakref/nitro/operator/evaluator/PlanEvaluator.evaluate;org/weakref/nitro/operator/evaluator/PlanEvaluator.evaluateUnmemoized;org/weakref/nitro/operator/evaluator/PlanEvaluator.evaluateInput;org/weakref/nitro/operator/ProjectOperator$$Lambda.0x00000000200bf8a0.resolve;org/weakref/nitro/operator/ProjectOperator.resolveEvaluatorInput;org/weakref/nitro/operator/Output.borrowOrNull;org/weakref/nitro/operator/Output.borrow;org/weakref/nitro/operator/AggregationOperator$$Lambda.0x0000000020111000.apply;org/weakref/nitro/operator/AggregationOperator.lambda$resultOutput$0;org/weakref/nitro/operator/AggregationOperator.doAggregationIfNeeded;org/weakref/nitro/operator/ProjectOperator.next;org/weakref/nitro/operator/FilterOperator.next;org/weakref/nitro/operator/HashJoinOperator.next;org/weakref/nitro/operator/HashJoinOperator.produceBatch;org/weakref/nitro/operator/HashJoinOperator.produceOrdinaryBatch;org/weakref/nitro/operator/HashJoinOperator.loadNextOuterBatch;org/weakref/nitro/operator/HashJoinOperator.next;org/weakref/nitro/operator/HashJoinOperator.produceBatch;org/weakref/nitro/operator/HashJoinOperator.loadInnerIfNecessary;org/weakref/nitro/operator/BufferedJoinInput.loadAll;org/weakref/nitro/operator/ProjectOperator.next;org/weakref/nitro/operator/FilterOperator.next;org/weakref/nitro/operator/evaluator/PlanEvaluator.evaluateInPlace;org/weakref/nitro/operator/evaluator/PlanEvaluator.evaluateTrueMaskInPlace;org/weakref/nitro/operator/evaluator/PlanEvaluator.evaluateTrueMaskInPlace;org/weakref/nitro/operator/evaluator/PlanEvaluator.evaluateAdaptiveAndTrueMaskInPlace;org/weakref/nitro/operator/evaluator/PlanEvaluator.evaluateMeasuredTrueMaskInPlace;org/weakref/nitro/operator/evaluator/PlanEvaluator.evaluateTrueMaskInPlace;org/weakref/nitro/operator/evaluator/PlanEvaluator.tryEvaluatePrimitiveTrueMaskInPlace;org/weakref/nitro/operator/evaluator/PlanEvaluator.tryEvaluatePrimitiveMaskInPlace;org/weakref/nitro/operator/evaluator/PlanEvaluator.resolveMaskPrimitiveInvocation;org/weakref/nitro/operator/evaluator/PlanEvaluator.evaluateArgument;org/weakref/nitro/operator/evaluator/PlanEvaluator.evaluateAvailableReference;org/weakref/nitro/operator/evaluator/PlanEvaluator.evaluate;org/weakref/nitro/operator/evaluator/PlanEvaluator.evaluateUnmemoized;org/weakref/nitro/operator/evaluator/PlanEvaluator.evaluateVariable;org/weakref/nitro/operator/evaluator/PlanEvaluator.evaluateLiteral;org/weakref/nitro/operator/evaluator/PlanEvaluator.fillUtf8;java/lang/String.getBytes;java/lang/String.encode;java/lang/String.encodeUTF8;java/lang/String.encodeUTF8;byte[]_[i] 1
java/lang/Thread.run;java/lang/Thread.runWith;java/util/concurrent/ThreadPoolExecutor$Worker.run;java/util/concurrent/ThreadPoolExecutor.runWorker;java/util/concurrent/FutureTask.run;java/util/concurrent/Executors$RunnableAdapter.call;java/util/concurrent/FutureTask.run;org/openjdk/jmh/runner/BenchmarkHandler$BenchmarkTask.call;org/openjdk/jmh/runner/BenchmarkHandler$BenchmarkTask.call;java/lang/reflect/Method.invoke;jdk/internal/reflect/DirectMethodHandleAccessor.invoke;jdk/internal/reflect/DirectMethodHandleAccessor.invokeImpl;java/lang/invoke/LambdaForm$MH.0x0000000020061400.invokeExact_MT;java/lang/invoke/LambdaForm$MH.0x0000000020061000.invoke;java/lang/invoke/DirectMethodHandle$Holder.invokeSpecial;org/weakref/nitro/tpch/jmh_generated/BenchmarkQueries_query17_jmhTest.query17_AverageTime;org/weakref/nitro/tpch/jmh_generated/BenchmarkQueries_query17_jmhTest.query17_avgt_jmhStub;org/weakref/nitro/tpch/BenchmarkQueries.query17;org/weakref/nitro/tpch/BenchmarkQueries.consume;org/weakref/nitro/operator/Output.borrow;org/weakref/nitro/operator/ProjectOperator$$Lambda.0x00000000201188c8.apply;org/weakref/nitro/operator/ProjectOperator.lambda$next$4;org/weakref/nitro/operator/ProjectOperator.evaluateOutput;java/util/HashMap.computeIfAbsent;org/weakref/nitro/operator/ProjectOperator$$Lambda.0x0000000020119aa0.apply;org/weakref/nitro/operator/ProjectOperator.lambda$evaluateOutput$0;org/weakref/nitro/operator/ProjectOperator.evaluateBundle;org/weakref/nitro/operator/evaluator/PlanEvaluator.evaluate;org/weakref/nitro/operator/evaluator/PlanEvaluator.evaluateUnmemoized;org/weakref/nitro/operator/evaluator/PlanEvaluator.evaluateVariable;org/weakref/nitro/operator/evaluator/PlanEvaluator.evaluateCall;org/weakref/nitro/operator/evaluator/PlanEvaluator.evaluateArgument;org/weakref/nitro/operator/evaluator/PlanEvaluator.evaluate;org/weakref/nitro/operator/evaluator/PlanEvaluator.evaluateUnmemoized;org/weakref/nitro/operator/evaluator/PlanEvaluator.evaluateInput;org/weakref/nitro/operator/ProjectOperator$$Lambda.0x00000000200bf8a0.resolve;org/weakref/nitro/operator/ProjectOperator.resolveEvaluatorInput;org/weakref/nitro/operator/Output.borrowOrNull;org/weakref/nitro/operator/Output.borrow;org/weakref/nitro/operator/AggregationOperator$$Lambda.0x0000000020111000.apply;org/weakref/nitro/operator/AggregationOperator.lambda$resultOutput$0;org/weakref/nitro/operator/AggregationOperator.doAggregationIfNeeded;org/weakref/nitro/operator/ProjectOperator.next;org/weakref/nitro/operator/FilterOperator.next;org/weakref/nitro/operator/HashJoinOperator.next;org/weakref/nitro/operator/HashJoinOperator.produceBatch;org/weakref/nitro/operator/HashJoinOperator.loadInnerIfNecessary;org/weakref/nitro/operator/BufferedJoinInput.loadAll;org/weakref/nitro/operator/ProjectOperator.next;org/weakref/nitro/operator/GroupedAggregationOperator.next;org/weakref/nitro/operator/GroupedAggregationOperator.computeResults;org/weakref/nitro/operator/GroupedAggregationOperator.computeInlineGroupedResults;org/weakref/nitro/operator/Batch.close;org/weakref/nitro/operator/Output.close;org/weakref/nitro/operator/Output.release;org/weakref/nitro/operator/BatchBufferOwner.accept;org/weakref/nitro/operator/BatchBufferOwner.accept;org/weakref/nitro/operator/NitroParquetScanOperator$ScanOutputResolver.release;org/weakref/nitro/operator/BatchBufferScope.release;org/weakref/nitro/data/Allocator.release;org/weakref/nitro/data/Allocator.releaseVectorTree;org/weakref/nitro/data/Allocator.releaseVector;org/weakref/nitro/data/Allocator$ContextState.releaseVector;org/weakref/nitro/data/Allocator$ContextState.addVectorToPool;java/util/HashMap.computeIfAbsent;java/util/HashMap.newNode;java.util.HashMap$Node_[i] 7
java/lang/Thread.run;java/lang/Thread.runWith;java/util/concurrent/ThreadPoolExecutor$Worker.run;java/util/concurrent/ThreadPoolExecutor.runWorker;java/util/concurrent/FutureTask.run;java/util/concurrent/Executors$RunnableAdapter.call;java/util/concurrent/FutureTask.run;org/openjdk/jmh/runner/BenchmarkHandler$BenchmarkTask.call;org/openjdk/jmh/runner/BenchmarkHandler$BenchmarkTask.call;java/lang/reflect/Method.invoke;jdk/internal/reflect/DirectMethodHandleAccessor.invoke;jdk/internal/reflect/DirectMethodHandleAccessor.invokeImpl;java/lang/invoke/LambdaForm$MH.0x0000000020061400.invokeExact_MT;java/lang/invoke/LambdaForm$MH.0x0000000020061000.invoke;java/lang/invoke/DirectMethodHandle$Holder.invokeSpecial;org/weakref/nitro/tpch/jmh_generated/BenchmarkQueries_query17_jmhTest.query17_AverageTime;org/weakref/nitro/tpch/jmh_generated/BenchmarkQueries_query17_jmhTest.query17_avgt_jmhStub;org/weakref/nitro/tpch/BenchmarkQueries.query17;org/weakref/nitro/tpch/BenchmarkQueries.consume;org/weakref/nitro/operator/Output.borrow;org/weakref/nitro/operator/ProjectOperator$$Lambda.0x00000000201188c8.apply;org/weakref/nitro/operator/ProjectOperator.lambda$next$4;org/weakref/nitro/operator/ProjectOperator.evaluateOutput;java/util/HashMap.computeIfAbsent;org/weakref/nitro/operator/ProjectOperator$$Lambda.0x0000000020119aa0.apply;org/weakref/nitro/operator/ProjectOperator.lambda$evaluateOutput$0;org/weakref/nitro/operator/ProjectOperator.evaluateBundle;org/weakref/nitro/operator/evaluator/PlanEvaluator.evaluate;org/weakref/nitro/operator/evaluator/PlanEvaluator.evaluateUnmemoized;org/weakref/nitro/operator/evaluator/PlanEvaluator.evaluateVariable;org/weakref/nitro/operator/evaluator/PlanEvaluator.evaluateCall;org/weakref/nitro/operator/evaluator/PlanEvaluator.evaluateArgument;org/weakref/nitro/operator/evaluator/PlanEvaluator.evaluate;org/weakref/nitro/operator/evaluator/PlanEvaluator.evaluateUnmemoized;org/weakref/nitro/operator/evaluator/PlanEvaluator.evaluateInput;org/weakref/nitro/operator/ProjectOperator$$Lambda.0x00000000200bf8a0.resolve;org/weakref/nitro/operator/ProjectOperator.resolveEvaluatorInput;org/weakref/nitro/operator/Output.borrowOrNull;org/weakref/nitro/operator/Output.borrow;org/weakref/nitro/operator/AggregationOperator$$Lambda.0x0000000020111000.apply;org/weakref/nitro/operator/AggregationOperator.lambda$resultOutput$0;org/weakref/nitro/operator/AggregationOperator.doAggregationIfNeeded;org/weakref/nitro/operator/ProjectOperator.next;org/weakref/nitro/operator/FilterOperator.next;org/weakref/nitro/operator/HashJoinOperator.next;org/weakref/nitro/operator/HashJoinOperator.produceBatch;org/weakref/nitro/operator/HashJoinOperator.loadInnerIfNecessary;org/weakref/nitro/operator/BufferedJoinInput.loadAll;org/weakref/nitro/operator/ProjectOperator.next;org/weakref/nitro/operator/GroupedAggregationOperator.next;org/weakref/nitro/operator/GroupedAggregationOperator.computeResults;org/weakref/nitro/operator/GroupedAggregationOperator.computeInlineGroupedResults;org/weakref/nitro/operator/NitroParquetScanOperator.next;org/weakref/nitro/operator/NitroParquetScanOperator.lazyBatch;org.weakref.nitro.operator.Output_[i] 5
java/lang/Thread.run;java/lang/Thread.runWith;java/util/concurrent/ThreadPoolExecutor$Worker.run;java/util/concurrent/ThreadPoolExecutor.runWorker;java/util/concurrent/FutureTask.run;java/util/concurrent/Executors$RunnableAdapter.call;java/util/concurrent/FutureTask.run;org/openjdk/jmh/runner/BenchmarkHandler$BenchmarkTask.call;org/openjdk/jmh/runner/BenchmarkHandler$BenchmarkTask.call;java/lang/reflect/Method.invoke;jdk/internal/reflect/DirectMethodHandleAccessor.invoke;jdk/internal/reflect/DirectMethodHandleAccessor.invokeImpl;java/lang/invoke/LambdaForm$MH.0x0000000020061400.invokeExact_MT;java/lang/invoke/LambdaForm$MH.0x0000000020061000.invoke;java/lang/invoke/DirectMethodHandle$Holder.invokeSpecial;org/weakref/nitro/tpch/jmh_generated/BenchmarkQueries_query17_jmhTest.query17_AverageTime;org/weakref/nitro/tpch/jmh_generated/BenchmarkQueries_query17_jmhTest.query17_avgt_jmhStub;org/weakref/nitro/tpch/BenchmarkQueries.query17;org/weakref/nitro/tpch/TpchParquetSupport.query17;org/weakref/nitro/tpch/TpchParquetSupport.scannedTable;org/weakref/nitro/operator/NitroParquetScanOperator.<init>;java/util/stream/ReferencePipeline.toArray;java/util/stream/AbstractPipeline.evaluateToArrayNode;java/util/stream/AbstractPipeline.evaluate;java/util/stream/AbstractPipeline.wrapAndCopyInto;java/util/stream/AbstractPipeline.copyInto;java/util/AbstractList$RandomAccessSpliterator.forEachRemaining;java/util/stream/ReferencePipeline$3$1.accept;org/weakref/nitro/operator/NitroParquetScanOperator$$Lambda.0x0000000020082cb8.apply;org/weakref/nitro/parquet/ParquetFile.open;org/weakref/nitro/parquet/ParquetFile.<init>;org/apache/parquet/format/Util.readFileMetaData;org/apache/parquet/format/Util.readFileMetaData;org/apache/parquet/format/Util.read;org/apache/parquet/format/FileMetaData.read;org/apache/parquet/format/FileMetaData$FileMetaDataStandardScheme.read;org/apache/parquet/format/FileMetaData$FileMetaDataStandardScheme.read;org/apache/parquet/format/RowGroup.read;org/apache/parquet/format/RowGroup$RowGroupStandardScheme.read;org/apache/parquet/format/RowGroup$RowGroupStandardScheme.read;org/apache/parquet/format/ColumnChunk.read;org/apache/parquet/format/ColumnChunk$ColumnChunkStandardScheme.read;org/apache/parquet/format/ColumnChunk$ColumnChunkStandardScheme.read;org/apache/parquet/format/ColumnMetaData.read;org/apache/parquet/format/ColumnMetaData$ColumnMetaDataStandardScheme.read;org/apache/parquet/format/ColumnMetaData$ColumnMetaDataStandardScheme.read;java/util/ArrayList.<init>;java.lang.Object[]_[i] 1
java/lang/Thread.run;java/lang/Thread.runWith;java/util/concurrent/ThreadPoolExecutor$Worker.run;java/util/concurrent/ThreadPoolExecutor.runWorker;java/util/concurrent/FutureTask.run;java/util/concurrent/Executors$RunnableAdapter.call;java/util/concurrent/FutureTask.run;org/openjdk/jmh/runner/BenchmarkHandler$BenchmarkTask.call;org/openjdk/jmh/runner/BenchmarkHandler$BenchmarkTask.call;java/lang/reflect/Method.invoke;jdk/internal/reflect/DirectMethodHandleAccessor.invoke;jdk/internal/reflect/DirectMethodHandleAccessor.invokeImpl;java/lang/invoke/LambdaForm$MH.0x0000000020061400.invokeExact_MT;java/lang/invoke/LambdaForm$MH.0x0000000020061000.invoke;java/lang/invoke/DirectMethodHandle$Holder.invokeSpecial;org/weakref/nitro/tpch/jmh_generated/BenchmarkQueries_query17_jmhTest.query17_AverageTime;org/weakref/nitro/tpch/jmh_generated/BenchmarkQueries_query17_jmhTest.query17_avgt_jmhStub;org/weakref/nitro/tpch/BenchmarkQueries.query17;org/weakref/nitro/tpch/BenchmarkQueries.consume;org/weakref/nitro/operator/Output.borrow;org/weakref/nitro/operator/ProjectOperator$$Lambda.0x00000000201188c8.apply;org/weakref/nitro/operator/ProjectOperator.lambda$next$4;org/weakref/nitro/operator/ProjectOperator.evaluateOutput;java/util/HashMap.computeIfAbsent;org/weakref/nitro/operator/ProjectOperator$$Lambda.0x0000000020119aa0.apply;org/weakref/nitro/operator/ProjectOperator.lambda$evaluateOutput$0;org/weakref/nitro/operator/ProjectOperator.evaluateBundle;org/weakref/nitro/operator/evaluator/PlanEvaluator.evaluate;org/weakref/nitro/operator/evaluator/PlanEvaluator.evaluateUnmemoized;org/weakref/nitro/operator/evaluator/PlanEvaluator.evaluateVariable;org/weakref/nitro/operator/evaluator/PlanEvaluator.evaluateCall;org/weakref/nitro/operator/evaluator/PlanEvaluator.evaluateArgument;org/weakref/nitro/operator/evaluator/PlanEvaluator.evaluate;org/weakref/nitro/operator/evaluator/PlanEvaluator.evaluateUnmemoized;org/weakref/nitro/operator/evaluator/PlanEvaluator.evaluateInput;org/weakref/nitro/operator/ProjectOperator$$Lambda.0x00000000200bf8a0.resolve;org/weakref/nitro/operator/ProjectOperator.resolveEvaluatorInput;org/weakref/nitro/operator/Output.borrowOrNull;org/weakref/nitro/operator/Output.borrow;org/weakref/nitro/operator/AggregationOperator$$Lambda.0x0000000020111000.apply;org/weakref/nitro/operator/AggregationOperator.lambda$resultOutput$0;org/weakref/nitro/operator/AggregationOperator.doAggregationIfNeeded;org/weakref/nitro/operator/ProjectOperator.next;org/weakref/nitro/operator/FilterOperator.next;org/weakref/nitro/operator/HashJoinOperator.next;org/weakref/nitro/operator/HashJoinOperator.produceBatch;org/weakref/nitro/operator/HashJoinOperator.loadInnerIfNecessary;org/weakref/nitro/operator/BufferedJoinInput.loadAll;org/weakref/nitro/operator/ProjectOperator.next;org/weakref/nitro/operator/GroupedAggregationOperator.next;org/weakref/nitro/operator/GroupedAggregationOperator.computeResults;org/weakref/nitro/operator/GroupedAggregationOperator.computeInlineGroupedResults;org/weakref/nitro/operator/GroupedAggregationOperator.accumulateGroupedRows;org/weakref/nitro/operator/aggregation/AvgF64.accumulate;org/weakref/nitro/operator/aggregation/StreamAccessors$$Lambda.0x0000000020122000.stream;org/weakref/nitro/operator/aggregation/StreamAccessors.lambda$forBatch$0;org/weakref/nitro/operator/aggregation/StreamAccessors.read;org/weakref/nitro/operator/Output.borrowOrNull;org/weakref/nitro/operator/Output.borrow;org/weakref/nitro/operator/NitroParquetScanOperator$ScanOutputResolver$$Lambda.0x00000000200aa768.apply;org/weakref/nitro/operator/NitroParquetScanOperator$ScanOutputResolver.resolve;org/weakref/nitro/operator/NitroParquetScanOperator.resolveLazyColumn;org/weakref/nitro/operator/NitroParquetScanOperator.decodeFullColumn;org/weakref/nitro/parquet/ColumnReader.readLongs;org/weakref/nitro/parquet/ColumnReader.decodeNextDataPage;org/weakref/nitro/parquet/ColumnReader.decodeDataPageV1;org/weakref/nitro/parquet/ColumnReader.ensureIdCapacity;org/weakref/nitro/parquet/ColumnReader.replaceInts;org/weakref/nitro/data/PrimitiveArrayPool.borrowInts;int[]_[i] 8
java/lang/Thread.run;java/lang/Thread.runWith;java/util/concurrent/ThreadPoolExecutor$Worker.run;java/util/concurrent/ThreadPoolExecutor.runWorker;java/util/concurrent/FutureTask.run;java/util/concurrent/Executors$RunnableAdapter.call;java/util/concurrent/FutureTask.run;org/openjdk/jmh/runner/BenchmarkHandler$BenchmarkTask.call;org/openjdk/jmh/runner/BenchmarkHandler$BenchmarkTask.call;java/lang/reflect/Method.invoke;jdk/internal/reflect/DirectMethodHandleAccessor.invoke;jdk/internal/reflect/DirectMethodHandleAccessor.invokeImpl;java/lang/invoke/LambdaForm$MH.0x0000000020061400.invokeExact_MT;java/lang/invoke/LambdaForm$MH.0x0000000020061000.invoke;java/lang/invoke/DirectMethodHandle$Holder.invokeSpecial;org/weakref/nitro/tpch/jmh_generated/BenchmarkQueries_query17_jmhTest.query17_AverageTime;org/weakref/nitro/tpch/jmh_generated/BenchmarkQueries_query17_jmhTest.query17_avgt_jmhStub;org/weakref/nitro/tpch/BenchmarkQueries.query17;org/weakref/nitro/tpch/BenchmarkQueries.consume;org/weakref/nitro/operator/Output.borrow;org/weakref/nitro/operator/ProjectOperator$$Lambda.0x00000000201188c8.apply;org/weakref/nitro/operator/ProjectOperator.lambda$next$4;org/weakref/nitro/operator/ProjectOperator.evaluateOutput;java/util/HashMap.computeIfAbsent;org/weakref/nitro/operator/ProjectOperator$$Lambda.0x0000000020119aa0.apply;org/weakref/nitro/operator/ProjectOperator.lambda$evaluateOutput$0;org/weakref/nitro/operator/ProjectOperator.evaluateBundle;org/weakref/nitro/operator/evaluator/PlanEvaluator.evaluate;org/weakref/nitro/operator/evaluator/PlanEvaluator.evaluateUnmemoized;org/weakref/nitro/operator/evaluator/PlanEvaluator.evaluateVariable;org/weakref/nitro/operator/evaluator/PlanEvaluator.evaluateCall;org/weakref/nitro/operator/evaluator/PlanEvaluator.evaluateArgument;org/weakref/nitro/operator/evaluator/PlanEvaluator.evaluate;org/weakref/nitro/operator/evaluator/PlanEvaluator.evaluateUnmemoized;org/weakref/nitro/operator/evaluator/PlanEvaluator.evaluateInput;org/weakref/nitro/operator/ProjectOperator$$Lambda.0x00000000200bf8a0.resolve;org/weakref/nitro/operator/ProjectOperator.resolveEvaluatorInput;org/weakref/nitro/operator/Output.borrowOrNull;org/weakref/nitro/operator/Output.borrow;org/weakref/nitro/operator/AggregationOperator$$Lambda.0x0000000020111000.apply;org/weakref/nitro/operator/AggregationOperator.lambda$resultOutput$0;org/weakref/nitro/operator/AggregationOperator.doAggregationIfNeeded;org/weakref/nitro/operator/ProjectOperator.next;org/weakref/nitro/operator/FilterOperator.next;org/weakref/nitro/operator/evaluator/PlanEvaluator.evaluateInPlace;org/weakref/nitro/operator/evaluator/PlanEvaluator.evaluateTrueMaskInPlace;org/weakref/nitro/operator/evaluator/PlanEvaluator.tryEvaluatePrimitiveTrueMaskInPlace;org/weakref/nitro/operator/evaluator/PlanEvaluator.tryEvaluatePrimitiveMaskInPlace;org/weakref/nitro/operator/evaluator/PlanEvaluator.resolveMaskPrimitiveInvocation;org/weakref/nitro/operator/evaluator/PlanEvaluator.evaluateArgument;org/weakref/nitro/operator/FilterOperator$1.resolve;org/weakref/nitro/operator/Output.borrowOrNull;org/weakref/nitro/operator/Output.borrow;org/weakref/nitro/operator/Output.borrow;org/weakref/nitro/operator/HashJoinOperator$$Lambda.0x000000002013ba68.apply;org/weakref/nitro/operator/HashJoinOperator.lambda$resultOutput$3;org/weakref/nitro/operator/HashJoinOperator.materializeOutput;org/weakref/nitro/operator/HashJoinOperator.materializeInnerOutput;org/weakref/nitro/operator/HashJoinOperator.copyInnerPositions;org/weakref/nitro/operator/JoinBufferSupport.copyPositionsFresh;org/weakref/nitro/operator/JoinBufferSupport.copyPositions;org/weakref/nitro/operator/Output.borrow;org/weakref/nitro/operator/ProjectOperator$$Lambda.0x00000000201188c8.apply;org/weakref/nitro/operator/ProjectOperator.lambda$next$4;org/weakref/nitro/operator/ProjectOperator.evaluateOutput;java/util/HashMap.computeIfAbsent;org/weakref/nitro/operator/ProjectOperator$$Lambda.0x0000000020119aa0.apply;org/weakref/nitro/operator/ProjectOperator.lambda$evaluateOutput$0;org/weakref/nitro/operator/ProjectOperator.evaluateBundle;org/weakref/nitro/operator/evaluator/PlanEvaluator.evaluate;org/weakref/nitro/operator/evaluator/PlanEvaluator.evaluateUnmemoized;org/weakref/nitro/operator/evaluator/PlanEvaluator.evaluateVariable;org/weakref/nitro/operator/evaluator/PlanEvaluator.evaluateCall;org/weakref/nitro/operator/evaluator/PlanEvaluator.evaluateArgument;org/weakref/nitro/operator/evaluator/PlanEvaluator.evaluate;org/weakref/nitro/operator/evaluator/PlanEvaluator.evaluateUnmemoized;org/weakref/nitro/operator/evaluator/PlanEvaluator.evaluateInput;org/weakref/nitro/operator/ProjectOperator$$Lambda.0x00000000200bf8a0.resolve;org/weakref/nitro/operator/ProjectOperator.resolveEvaluatorInput;org/weakref/nitro/operator/Output.borrowOrNull;org/weakref/nitro/operator/Output.borrow;org/weakref/nitro/operator/GroupedAggregationOperator$$Lambda.0x000000002012dc00.apply;org/weakref/nitro/operator/GroupedAggregationOperator.lambda$resultOutput$4;org/weakref/nitro/operator/GroupedAggregationOperator.aggregationOutput;org/weakref/nitro/data/Mask$1.next;org/weakref/nitro/data/Mask$1.next;java/lang/Integer.valueOf;java.lang.Integer_[i] 4
java/lang/Thread.run;java/lang/Thread.runWith;java/util/concurrent/ThreadPoolExecutor$Worker.run;java/util/concurrent/ThreadPoolExecutor.runWorker;java/util/concurrent/FutureTask.run;java/util/concurrent/Executors$RunnableAdapter.call;java/util/concurrent/FutureTask.run;org/openjdk/jmh/runner/BenchmarkHandler$BenchmarkTask.call;org/openjdk/jmh/runner/BenchmarkHandler$BenchmarkTask.call;java/lang/reflect/Method.invoke;jdk/internal/reflect/DirectMethodHandleAccessor.invoke;jdk/internal/reflect/DirectMethodHandleAccessor.invokeImpl;java/lang/invoke/LambdaForm$MH.0x0000000020061400.invokeExact_MT;java/lang/invoke/LambdaForm$MH.0x0000000020061000.invoke;java/lang/invoke/DirectMethodHandle$Holder.invokeSpecial;org/weakref/nitro/tpch/jmh_generated/BenchmarkQueries_query17_jmhTest.query17_AverageTime;org/weakref/nitro/tpch/jmh_generated/BenchmarkQueries_query17_jmhTest.query17_avgt_jmhStub;org/weakref/nitro/tpch/BenchmarkQueries.query17;org/weakref/nitro/tpch/BenchmarkQueries.consume;org/weakref/nitro/operator/Output.borrow;org/weakref/nitro/operator/ProjectOperator$$Lambda.0x00000000201188c8.apply;org/weakref/nitro/operator/ProjectOperator.lambda$next$4;org/weakref/nitro/operator/ProjectOperator.evaluateOutput;java/util/HashMap.computeIfAbsent;org/weakref/nitro/operator/ProjectOperator$$Lambda.0x0000000020119aa0.apply;org/weakref/nitro/operator/ProjectOperator.lambda$evaluateOutput$0;org/weakref/nitro/operator/ProjectOperator.evaluateBundle;org/weakref/nitro/operator/evaluator/PlanEvaluator.evaluate;org/weakref/nitro/operator/evaluator/PlanEvaluator.evaluateUnmemoized;org/weakref/nitro/operator/evaluator/PlanEvaluator.evaluateVariable;org/weakref/nitro/operator/evaluator/PlanEvaluator.evaluateCall;org/weakref/nitro/operator/evaluator/PlanEvaluator.evaluateArgument;org/weakref/nitro/operator/evaluator/PlanEvaluator.evaluate;org/weakref/nitro/operator/evaluator/PlanEvaluator.evaluateUnmemoized;org/weakref/nitro/operator/evaluator/PlanEvaluator.evaluateInput;org/weakref/nitro/operator/ProjectOperator$$Lambda.0x00000000200bf8a0.resolve;org/weakref/nitro/operator/ProjectOperator.resolveEvaluatorInput;org/weakref/nitro/operator/Output.borrowOrNull;org/weakref/nitro/operator/Output.borrow;org/weakref/nitro/operator/AggregationOperator$$Lambda.0x0000000020111000.apply;org/weakref/nitro/operator/AggregationOperator.lambda$resultOutput$0;org/weakref/nitro/operator/AggregationOperator.doAggregationIfNeeded;org/weakref/nitro/operator/ProjectOperator.next;org/weakref/nitro/operator/FilterOperator.next;org/weakref/nitro/operator/HashJoinOperator.next;org/weakref/nitro/operator/HashJoinOperator.produceBatch;org/weakref/nitro/operator/HashJoinOperator.loadInnerIfNecessary;org/weakref/nitro/operator/BufferedJoinInput.loadAll;org/weakref/nitro/operator/ProjectOperator.next;org/weakref/nitro/operator/GroupedAggregationOperator.next;org/weakref/nitro/operator/GroupedAggregationOperator.computeResults;org/weakref/nitro/operator/GroupedAggregationOperator.computeInlineGroupedResults;org/weakref/nitro/operator/Batch.close;org/weakref/nitro/operator/BatchBufferScope.release;org/weakref/nitro/data/Allocator.release;org/weakref/nitro/data/Allocator$ContextState.releaseMask;java/util/TreeMap.computeIfAbsent;java/util/TreeMap.addEntryToEmptyMap;java.util.TreeMap$Entry_[i] 1
java/lang/Thread.run;java/lang/Thread.runWith;java/util/concurrent/ThreadPoolExecutor$Worker.run;java/util/concurrent/ThreadPoolExecutor.runWorker;java/util/concurrent/FutureTask.run;java/util/concurrent/Executors$RunnableAdapter.call;java/util/concurrent/FutureTask.run;org/openjdk/jmh/runner/BenchmarkHandler$BenchmarkTask.call;org/openjdk/jmh/runner/BenchmarkHandler$BenchmarkTask.call;java/lang/reflect/Method.invoke;jdk/internal/reflect/DirectMethodHandleAccessor.invoke;jdk/internal/reflect/DirectMethodHandleAccessor.invokeImpl;java/lang/invoke/LambdaForm$MH.0x0000000020061400.invokeExact_MT;java/lang/invoke/LambdaForm$MH.0x0000000020061000.invoke;java/lang/invoke/DirectMethodHandle$Holder.invokeSpecial;org/weakref/nitro/tpch/jmh_generated/BenchmarkQueries_query17_jmhTest.query17_AverageTime;org/weakref/nitro/tpch/jmh_generated/BenchmarkQueries_query17_jmhTest.query17_avgt_jmhStub;org/weakref/nitro/tpch/BenchmarkQueries.query17;org/weakref/nitro/tpch/BenchmarkQueries.consume;org/weakref/nitro/operator/Output.borrow;org/weakref/nitro/operator/ProjectOperator$$Lambda.0x00000000201188c8.apply;org/weakref/nitro/operator/ProjectOperator.lambda$next$4;org/weakref/nitro/operator/ProjectOperator.evaluateOutput;java/util/HashMap.computeIfAbsent;org/weakref/nitro/operator/ProjectOperator$$Lambda.0x0000000020119aa0.apply;org/weakref/nitro/operator/ProjectOperator.lambda$evaluateOutput$0;org/weakref/nitro/operator/ProjectOperator.evaluateBundle;org/weakref/nitro/operator/evaluator/PlanEvaluator.evaluate;org/weakref/nitro/operator/evaluator/PlanEvaluator.evaluateUnmemoized;org/weakref/nitro/operator/evaluator/PlanEvaluator.evaluateVariable;org/weakref/nitro/operator/evaluator/PlanEvaluator.evaluateCall;org/weakref/nitro/operator/evaluator/PlanEvaluator.evaluateArgument;org/weakref/nitro/operator/evaluator/PlanEvaluator.evaluate;org/weakref/nitro/operator/evaluator/PlanEvaluator.evaluateUnmemoized;org/weakref/nitro/operator/evaluator/PlanEvaluator.evaluateInput;org/weakref/nitro/operator/ProjectOperator$$Lambda.0x00000000200bf8a0.resolve;org/weakref/nitro/operator/ProjectOperator.resolveEvaluatorInput;org/weakref/nitro/operator/Output.borrowOrNull;org/weakref/nitro/operator/Output.borrow;org/weakref/nitro/operator/AggregationOperator$$Lambda.0x0000000020111000.apply;org/weakref/nitro/operator/AggregationOperator.lambda$resultOutput$0;org/weakref/nitro/operator/AggregationOperator.doAggregationIfNeeded;org/weakref/nitro/operator/ProjectOperator.next;org/weakref/nitro/operator/FilterOperator.next;org/weakref/nitro/operator/HashJoinOperator.next;org/weakref/nitro/operator/HashJoinOperator.produceBatch;org/weakref/nitro/operator/HashJoinOperator.loadInnerIfNecessary;org/weakref/nitro/operator/BufferedJoinInput.loadAll;org/weakref/nitro/operator/ProjectOperator.next;org/weakref/nitro/operator/GroupedAggregationOperator.next;org/weakref/nitro/operator/GroupedAggregationOperator.computeResults;org/weakref/nitro/operator/GroupedAggregationOperator.computeInlineGroupedResults;org/weakref/nitro/operator/GroupedAggregationOperator.assignInlineGroups;org/weakref/nitro/operator/GroupingState.assignGroups;org.weakref.nitro.data.Vector[]_[i] 1
java/lang/Thread.run;java/lang/Thread.runWith;java/util/concurrent/ThreadPoolExecutor$Worker.run;java/util/concurrent/ThreadPoolExecutor.runWorker;java/util/concurrent/FutureTask.run;java/util/concurrent/Executors$RunnableAdapter.call;java/util/concurrent/FutureTask.run;org/openjdk/jmh/runner/BenchmarkHandler$BenchmarkTask.call;org/openjdk/jmh/runner/BenchmarkHandler$BenchmarkTask.call;java/lang/reflect/Method.invoke;jdk/internal/reflect/DirectMethodHandleAccessor.invoke;jdk/internal/reflect/DirectMethodHandleAccessor.invokeImpl;java/lang/invoke/LambdaForm$MH.0x0000000020061400.invokeExact_MT;java/lang/invoke/LambdaForm$MH.0x0000000020061000.invoke;java/lang/invoke/DirectMethodHandle$Holder.invokeSpecial;org/weakref/nitro/tpch/jmh_generated/BenchmarkQueries_query17_jmhTest.query17_AverageTime;org/weakref/nitro/tpch/jmh_generated/BenchmarkQueries_query17_jmhTest.query17_avgt_jmhStub;org/weakref/nitro/tpch/BenchmarkQueries.query17;org/weakref/nitro/tpch/BenchmarkQueries.consume;org/weakref/nitro/operator/Output.borrow;org/weakref/nitro/operator/ProjectOperator$$Lambda.0x00000000201188c8.apply;org/weakref/nitro/operator/ProjectOperator.lambda$next$4;org/weakref/nitro/operator/ProjectOperator.evaluateOutput;java/util/HashMap.computeIfAbsent;org/weakref/nitro/operator/ProjectOperator$$Lambda.0x0000000020119aa0.apply;org/weakref/nitro/operator/ProjectOperator.lambda$evaluateOutput$0;org/weakref/nitro/operator/ProjectOperator.evaluateBundle;org/weakref/nitro/operator/evaluator/PlanEvaluator.evaluate;org/weakref/nitro/operator/evaluator/PlanEvaluator.evaluateUnmemoized;org/weakref/nitro/operator/evaluator/PlanEvaluator.evaluateVariable;org/weakref/nitro/operator/evaluator/PlanEvaluator.evaluateCall;org/weakref/nitro/operator/evaluator/PlanEvaluator.evaluateArgument;org/weakref/nitro/operator/evaluator/PlanEvaluator.evaluate;org/weakref/nitro/operator/evaluator/PlanEvaluator.evaluateUnmemoized;org/weakref/nitro/operator/evaluator/PlanEvaluator.evaluateInput;org/weakref/nitro/operator/ProjectOperator$$Lambda.0x00000000200bf8a0.resolve;org/weakref/nitro/operator/ProjectOperator.resolveEvaluatorInput;org/weakref/nitro/operator/Output.borrowOrNull;org/weakref/nitro/operator/Output.borrow;org/weakref/nitro/operator/AggregationOperator$$Lambda.0x0000000020111000.apply;org/weakref/nitro/operator/AggregationOperator.lambda$resultOutput$0;org/weakref/nitro/operator/AggregationOperator.doAggregationIfNeeded;org/weakref/nitro/operator/ProjectOperator.next;org/weakref/nitro/operator/FilterOperator.next;org/weakref/nitro/operator/evaluator/PlanEvaluator.evaluateInPlace;org/weakref/nitro/operator/evaluator/PlanEvaluator.evaluateTrueMaskInPlace;org/weakref/nitro/operator/evaluator/PlanEvaluator.tryEvaluatePrimitiveTrueMaskInPlace;org/weakref/nitro/operator/evaluator/PlanEvaluator.tryEvaluatePrimitiveMaskInPlace;org/weakref/nitro/operator/evaluator/PlanEvaluator.resolveMaskPrimitiveInvocation;org/weakref/nitro/operator/evaluator/PlanEvaluator.evaluateArgument;org/weakref/nitro/operator/FilterOperator$1.resolve;org/weakref/nitro/operator/Output.borrowOrNull;org/weakref/nitro/operator/Output.borrow;org/weakref/nitro/operator/Output.borrow;org/weakref/nitro/operator/HashJoinOperator$$Lambda.0x000000002013ba68.apply;org/weakref/nitro/operator/HashJoinOperator.lambda$resultOutput$3;org/weakref/nitro/operator/HashJoinOperator.materializeOutput;org/weakref/nitro/operator/HashJoinOperator.materializeInnerOutput;org/weakref/nitro/operator/HashJoinOperator.prepareInnerOutputRuns;org/weakref/nitro/operator/HashJoinOperator.copySortedUniquePositions;java/util/Arrays.sort;java/util/DualPivotQuicksort.sort;java/util/DualPivotQuicksort.sort;java/util/DualPivotQuicksort.sort;java/util/DualPivotQuicksort.sort;java/util/DualPivotQuicksort.sort;java/util/DualPivotQuicksort.sort;java/util/DualPivotQuicksort.sort;int[]_[i] 1
java/lang/Thread.run;java/lang/Thread.runWith;java/util/concurrent/ThreadPoolExecutor$Worker.run;java/util/concurrent/ThreadPoolExecutor.runWorker;java/util/concurrent/FutureTask.run;java/util/concurrent/Executors$RunnableAdapter.call;java/util/concurrent/FutureTask.run;org/openjdk/jmh/runner/BenchmarkHandler$BenchmarkTask.call;org/openjdk/jmh/runner/BenchmarkHandler$BenchmarkTask.call;java/lang/reflect/Method.invoke;jdk/internal/reflect/DirectMethodHandleAccessor.invoke;jdk/internal/reflect/DirectMethodHandleAccessor.invokeImpl;java/lang/invoke/LambdaForm$MH.0x0000000020061400.invokeExact_MT;java/lang/invoke/LambdaForm$MH.0x0000000020061000.invoke;java/lang/invoke/DirectMethodHandle$Holder.invokeSpecial;org/weakref/nitro/tpch/jmh_generated/BenchmarkQueries_query17_jmhTest.query17_AverageTime;org/weakref/nitro/tpch/jmh_generated/BenchmarkQueries_query17_jmhTest.query17_avgt_jmhStub;org/weakref/nitro/tpch/BenchmarkQueries.query17;org/weakref/nitro/tpch/BenchmarkQueries.consume;org/weakref/nitro/operator/Output.borrow;org/weakref/nitro/operator/ProjectOperator$$Lambda.0x00000000201188c8.apply;org/weakref/nitro/operator/ProjectOperator.lambda$next$4;org/weakref/nitro/operator/ProjectOperator.evaluateOutput;java/util/HashMap.computeIfAbsent;org/weakref/nitro/operator/ProjectOperator$$Lambda.0x0000000020119aa0.apply;org/weakref/nitro/operator/ProjectOperator.lambda$evaluateOutput$0;org/weakref/nitro/operator/ProjectOperator.evaluateBundle;org/weakref/nitro/operator/evaluator/PlanEvaluator.evaluate;org/weakref/nitro/operator/evaluator/PlanEvaluator.evaluateUnmemoized;org/weakref/nitro/operator/evaluator/PlanEvaluator.evaluateVariable;org/weakref/nitro/operator/evaluator/PlanEvaluator.evaluateCall;org/weakref/nitro/operator/evaluator/PlanEvaluator.evaluateArgument;org/weakref/nitro/operator/evaluator/PlanEvaluator.evaluate;org/weakref/nitro/operator/evaluator/PlanEvaluator.evaluateUnmemoized;org/weakref/nitro/operator/evaluator/PlanEvaluator.evaluateInput;org/weakref/nitro/operator/ProjectOperator$$Lambda.0x00000000200bf8a0.resolve;org/weakref/nitro/operator/ProjectOperator.resolveEvaluatorInput;org/weakref/nitro/operator/Output.borrowOrNull;org/weakref/nitro/operator/Output.borrow;org/weakref/nitro/operator/AggregationOperator$$Lambda.0x0000000020111000.apply;org/weakref/nitro/operator/AggregationOperator.lambda$resultOutput$0;org/weakref/nitro/operator/AggregationOperator.doAggregationIfNeeded;org/weakref/nitro/operator/ProjectOperator.next;org/weakref/nitro/operator/FilterOperator.next;org/weakref/nitro/operator/HashJoinOperator.next;org/weakref/nitro/operator/HashJoinOperator.produceBatch;org/weakref/nitro/operator/HashJoinOperator.loadInnerIfNecessary;org/weakref/nitro/operator/BufferedJoinInput.loadAll;org/weakref/nitro/operator/ProjectOperator.next;org/weakref/nitro/operator/GroupedAggregationOperator.next;org/weakref/nitro/operator/GroupedAggregationOperator.computeResults;org/weakref/nitro/operator/GroupedAggregationOperator.computeInlineGroupedResults;org/weakref/nitro/operator/Batch.close;org/weakref/nitro/operator/Output.close;org/weakref/nitro/operator/Output.release;org/weakref/nitro/operator/BatchBufferOwner.accept;org/weakref/nitro/operator/BatchBufferOwner.accept;org/weakref/nitro/operator/NitroParquetScanOperator$ScanOutputResolver.release;org/weakref/nitro/operator/BatchBufferScope.release;org/weakref/nitro/data/Allocator.release;org/weakref/nitro/data/Allocator.releaseVectorTree;org/weakref/nitro/data/Allocator.releaseVector;org/weakref/nitro/data/Allocator$ContextState.releaseVector;org/weakref/nitro/data/Allocator$ContextState.addVectorToPool;java/lang/Integer.valueOf;java.lang.Integer_[i] 2
java/lang/Thread.run;java/lang/Thread.runWith;java/util/concurrent/ThreadPoolExecutor$Worker.run;java/util/concurrent/ThreadPoolExecutor.runWorker;java/util/concurrent/FutureTask.run;java/util/concurrent/Executors$RunnableAdapter.call;java/util/concurrent/FutureTask.run;org/openjdk/jmh/runner/BenchmarkHandler$BenchmarkTask.call;org/openjdk/jmh/runner/BenchmarkHandler$BenchmarkTask.call;java/lang/reflect/Method.invoke;jdk/internal/reflect/DirectMethodHandleAccessor.invoke;jdk/internal/reflect/DirectMethodHandleAccessor.invokeImpl;java/lang/invoke/LambdaForm$MH.0x0000000020061400.invokeExact_MT;java/lang/invoke/LambdaForm$MH.0x0000000020061000.invoke;java/lang/invoke/DirectMethodHandle$Holder.invokeSpecial;org/weakref/nitro/tpch/jmh_generated/BenchmarkQueries_query17_jmhTest.query17_AverageTime;org/weakref/nitro/tpch/jmh_generated/BenchmarkQueries_query17_jmhTest.query17_avgt_jmhStub;org/weakref/nitro/tpch/BenchmarkQueries.query17;org/weakref/nitro/tpch/BenchmarkQueries.consume;org/weakref/nitro/operator/Output.borrow;org/weakref/nitro/operator/ProjectOperator$$Lambda.0x00000000201188c8.apply;org/weakref/nitro/operator/ProjectOperator.lambda$next$4;org/weakref/nitro/operator/ProjectOperator.evaluateOutput;java/util/HashMap.computeIfAbsent;org/weakref/nitro/operator/ProjectOperator$$Lambda.0x0000000020119aa0.apply;org/weakref/nitro/operator/ProjectOperator.lambda$evaluateOutput$0;org/weakref/nitro/operator/ProjectOperator.evaluateBundle;org/weakref/nitro/operator/evaluator/PlanEvaluator.evaluate;org/weakref/nitro/operator/evaluator/PlanEvaluator.evaluateUnmemoized;org/weakref/nitro/operator/evaluator/PlanEvaluator.evaluateVariable;org/weakref/nitro/operator/evaluator/PlanEvaluator.evaluateCall;org/weakref/nitro/operator/evaluator/PlanEvaluator.evaluateArgument;org/weakref/nitro/operator/evaluator/PlanEvaluator.evaluate;org/weakref/nitro/operator/evaluator/PlanEvaluator.evaluateUnmemoized;org/weakref/nitro/operator/evaluator/PlanEvaluator.evaluateInput;org/weakref/nitro/operator/ProjectOperator$$Lambda.0x00000000200bf8a0.resolve;org/weakref/nitro/operator/ProjectOperator.resolveEvaluatorInput;org/weakref/nitro/operator/Output.borrowOrNull;org/weakref/nitro/operator/Output.borrow;org/weakref/nitro/operator/AggregationOperator$$Lambda.0x0000000020111000.apply;org/weakref/nitro/operator/AggregationOperator.lambda$resultOutput$0;org/weakref/nitro/operator/AggregationOperator.doAggregationIfNeeded;org/weakref/nitro/operator/ProjectOperator.next;org/weakref/nitro/operator/FilterOperator.next;org/weakref/nitro/operator/HashJoinOperator.next;org/weakref/nitro/operator/HashJoinOperator.produceBatch;org/weakref/nitro/operator/HashJoinOperator.loadInnerIfNecessary;org/weakref/nitro/operator/BufferedJoinInput.loadAll;org/weakref/nitro/operator/ProjectOperator.next;org/weakref/nitro/operator/GroupedAggregationOperator.next;org/weakref/nitro/operator/GroupedAggregationOperator.computeResults;org/weakref/nitro/operator/GroupedAggregationOperator.computeInlineGroupedResults;org/weakref/nitro/operator/GroupedAggregationOperator.accumulateGroupedRows;org/weakref/nitro/operator/aggregation/AvgF64.accumulate;org/weakref/nitro/operator/aggregation/StreamAccessors$$Lambda.0x0000000020122000.stream;org/weakref/nitro/operator/aggregation/StreamAccessors.lambda$forBatch$0;org/weakref/nitro/operator/aggregation/StreamAccessors.read;org/weakref/nitro/operator/Output.borrowOrNull;org/weakref/nitro/operator/Output.borrow;org/weakref/nitro/operator/NitroParquetScanOperator$ScanOutputResolver$$Lambda.0x00000000200aa768.apply;org/weakref/nitro/operator/NitroParquetScanOperator$ScanOutputResolver.resolve;org/weakref/nitro/operator/NitroParquetScanOperator.resolveLazyColumn;org/weakref/nitro/operator/NitroParquetScanOperator.decodeFullColumn;org/weakref/nitro/parquet/ColumnReader.readLongs;org/weakref/nitro/parquet/ColumnReader.decodeNextDataPage;org/weakref/nitro/parquet/ColumnReader.decompress;jdk/internal/foreign/AbstractMemorySegmentImpl.asSlice;jdk/internal/foreign/AbstractMemorySegmentImpl.asSlice;jdk/internal/foreign/AbstractMemorySegmentImpl.asSliceNoCheck;jdk/internal/foreign/NativeMemorySegmentImpl.dup;jdk/internal/foreign/NativeMemorySegmentImpl.dup;jdk.internal.foreign.NativeMemorySegmentImpl_[i] 1
java/lang/Thread.run;java/lang/Thread.runWith;java/util/concurrent/ThreadPoolExecutor$Worker.run;java/util/concurrent/ThreadPoolExecutor.runWorker;java/util/concurrent/FutureTask.run;java/util/concurrent/Executors$RunnableAdapter.call;java/util/concurrent/FutureTask.run;org/openjdk/jmh/runner/BenchmarkHandler$BenchmarkTask.call;org/openjdk/jmh/runner/BenchmarkHandler$BenchmarkTask.call;java/lang/reflect/Method.invoke;jdk/internal/reflect/DirectMethodHandleAccessor.invoke;jdk/internal/reflect/DirectMethodHandleAccessor.invokeImpl;java/lang/invoke/LambdaForm$MH.0x0000000020061400.invokeExact_MT;java/lang/invoke/LambdaForm$MH.0x0000000020061000.invoke;java/lang/invoke/DirectMethodHandle$Holder.invokeSpecial;org/weakref/nitro/tpch/jmh_generated/BenchmarkQueries_query17_jmhTest.query17_AverageTime;org/weakref/nitro/tpch/jmh_generated/BenchmarkQueries_query17_jmhTest.query17_avgt_jmhStub;org/weakref/nitro/tpch/BenchmarkQueries.query17;org/weakref/nitro/tpch/BenchmarkQueries.consume;org/weakref/nitro/operator/Output.borrow;org/weakref/nitro/operator/ProjectOperator$$Lambda.0x00000000201188c8.apply;org/weakref/nitro/operator/ProjectOperator.lambda$next$4;org/weakref/nitro/operator/ProjectOperator.evaluateOutput;java/util/HashMap.computeIfAbsent;org/weakref/nitro/operator/ProjectOperator$$Lambda.0x0000000020119aa0.apply;org/weakref/nitro/operator/ProjectOperator.lambda$evaluateOutput$0;org/weakref/nitro/operator/ProjectOperator.evaluateBundle;org/weakref/nitro/operator/evaluator/PlanEvaluator.evaluate;org/weakref/nitro/operator/evaluator/PlanEvaluator.evaluateUnmemoized;org/weakref/nitro/operator/evaluator/PlanEvaluator.evaluateVariable;org/weakref/nitro/operator/evaluator/PlanEvaluator.evaluateCall;org/weakref/nitro/operator/evaluator/PlanEvaluator.evaluateArgument;org/weakref/nitro/operator/evaluator/PlanEvaluator.evaluate;org/weakref/nitro/operator/evaluator/PlanEvaluator.evaluateUnmemoized;org/weakref/nitro/operator/evaluator/PlanEvaluator.evaluateInput;org/weakref/nitro/operator/ProjectOperator$$Lambda.0x00000000200bf8a0.resolve;org/weakref/nitro/operator/ProjectOperator.resolveEvaluatorInput;org/weakref/nitro/operator/Output.borrowOrNull;org/weakref/nitro/operator/Output.borrow;org/weakref/nitro/operator/AggregationOperator$$Lambda.0x0000000020111000.apply;org/weakref/nitro/operator/AggregationOperator.lambda$resultOutput$0;org/weakref/nitro/operator/AggregationOperator.doAggregationIfNeeded;org/weakref/nitro/operator/ProjectOperator.next;org/weakref/nitro/operator/FilterOperator.next;org/weakref/nitro/operator/HashJoinOperator.next;org/weakref/nitro/operator/HashJoinOperator.produceBatch;org/weakref/nitro/operator/HashJoinOperator.produceOrdinaryBatch;org/weakref/nitro/operator/HashJoinOperator.loadNextOuterBatch;org/weakref/nitro/operator/HashJoinOperator.next;org/weakref/nitro/operator/HashJoinOperator.produceBatch;org/weakref/nitro/operator/HashJoinOperator.produceOrdinaryBatch;org/weakref/nitro/operator/HashJoinOperator.tryEmitDirectSingleMatchPositionRange;org/weakref/nitro/operator/HashJoinOperator$LongJoinIndex.supportsSingleMatchPositions;org/weakref/nitro/operator/HashJoinOperator$LongJoinIndex.finalizeForProbe;org/weakref/nitro/operator/HashJoinOperator$LongJoinIndex.buildSparseRangeMembership;org/weakref/nitro/data/PrimitiveArrayPool.borrowLongs;long[]_[i] 1
java/lang/Thread.run;java/lang/Thread.runWith;java/util/concurrent/ThreadPoolExecutor$Worker.run;java/util/concurrent/ThreadPoolExecutor.runWorker;java/util/concurrent/FutureTask.run;java/util/concurrent/Executors$RunnableAdapter.call;java/util/concurrent/FutureTask.run;org/openjdk/jmh/runner/BenchmarkHandler$BenchmarkTask.call;org/openjdk/jmh/runner/BenchmarkHandler$BenchmarkTask.call;java/lang/reflect/Method.invoke;jdk/internal/reflect/DirectMethodHandleAccessor.invoke;jdk/internal/reflect/DirectMethodHandleAccessor.invokeImpl;java/lang/invoke/LambdaForm$MH.0x0000000020061400.invokeExact_MT;java/lang/invoke/LambdaForm$MH.0x0000000020061000.invoke;java/lang/invoke/DirectMethodHandle$Holder.invokeSpecial;org/weakref/nitro/tpch/jmh_generated/BenchmarkQueries_query17_jmhTest.query17_AverageTime;org/weakref/nitro/tpch/jmh_generated/BenchmarkQueries_query17_jmhTest.query17_avgt_jmhStub;org/weakref/nitro/tpch/BenchmarkQueries.query17;org/weakref/nitro/tpch/BenchmarkQueries.consume;org/weakref/nitro/operator/Output.borrow;org/weakref/nitro/operator/ProjectOperator$$Lambda.0x00000000201188c8.apply;org/weakref/nitro/operator/ProjectOperator.lambda$next$4;org/weakref/nitro/operator/ProjectOperator.evaluateOutput;java/util/HashMap.computeIfAbsent;org/weakref/nitro/operator/ProjectOperator$$Lambda.0x0000000020119aa0.apply;org/weakref/nitro/operator/ProjectOperator.lambda$evaluateOutput$0;org/weakref/nitro/operator/ProjectOperator.evaluateBundle;org/weakref/nitro/operator/evaluator/PlanEvaluator.evaluate;org/weakref/nitro/operator/evaluator/PlanEvaluator.evaluateUnmemoized;org/weakref/nitro/operator/evaluator/PlanEvaluator.evaluateVariable;org/weakref/nitro/operator/evaluator/PlanEvaluator.evaluateCall;org/weakref/nitro/operator/evaluator/PlanEvaluator.evaluateArgument;org/weakref/nitro/operator/evaluator/PlanEvaluator.evaluate;org/weakref/nitro/operator/evaluator/PlanEvaluator.evaluateUnmemoized;org/weakref/nitro/operator/evaluator/PlanEvaluator.evaluateInput;org/weakref/nitro/operator/ProjectOperator$$Lambda.0x00000000200bf8a0.resolve;org/weakref/nitro/operator/ProjectOperator.resolveEvaluatorInput;org/weakref/nitro/operator/Output.borrowOrNull;org/weakref/nitro/operator/Output.borrow;org/weakref/nitro/operator/AggregationOperator$$Lambda.0x0000000020111000.apply;org/weakref/nitro/operator/AggregationOperator.lambda$resultOutput$0;org/weakref/nitro/operator/AggregationOperator.doAggregationIfNeeded;org/weakref/nitro/operator/ProjectOperator.next;org/weakref/nitro/operator/FilterOperator.next;org/weakref/nitro/operator/HashJoinOperator.next;org/weakref/nitro/operator/HashJoinOperator.produceBatch;org/weakref/nitro/operator/HashJoinOperator.loadInnerIfNecessary;org/weakref/nitro/operator/BufferedJoinInput.loadAll;org/weakref/nitro/operator/ProjectOperator.next;org/weakref/nitro/operator/GroupedAggregationOperator.next;org/weakref/nitro/operator/GroupedAggregationOperator.computeResults;org/weakref/nitro/operator/GroupedAggregationOperator.computeInlineGroupedResults;org/weakref/nitro/operator/Batch.close;org/weakref/nitro/operator/Output.close;org/weakref/nitro/operator/Output.release;org/weakref/nitro/operator/BatchBufferOwner.accept;org/weakref/nitro/operator/BatchBufferOwner.accept;org/weakref/nitro/operator/NitroParquetScanOperator$ScanOutputResolver.release;org/weakref/nitro/operator/BatchBufferScope.release;org/weakref/nitro/data/Allocator.release;org/weakref/nitro/data/Allocator.releaseVectorTree;org/weakref/nitro/data/Allocator.releaseVector;org/weakref/nitro/data/Allocator$ContextState.releaseVector;org/weakref/nitro/data/Allocator$ContextState.addVectorToPool;java/util/HashMap.computeIfAbsent;java/util/HashMap.newNode;java.util.HashMap$Node_[i] 2
java/lang/Thread.run;java/lang/Thread.runWith;java/util/concurrent/ThreadPoolExecutor$Worker.run;java/util/concurrent/ThreadPoolExecutor.runWorker;java/util/concurrent/FutureTask.run;java/util/concurrent/Executors$RunnableAdapter.call;java/util/concurrent/FutureTask.run;org/openjdk/jmh/runner/BenchmarkHandler$BenchmarkTask.call;org/openjdk/jmh/runner/BenchmarkHandler$BenchmarkTask.call;java/lang/reflect/Method.invoke;jdk/internal/reflect/DirectMethodHandleAccessor.invoke;jdk/internal/reflect/DirectMethodHandleAccessor.invokeImpl;java/lang/invoke/LambdaForm$MH.0x0000000020061400.invokeExact_MT;java/lang/invoke/LambdaForm$MH.0x0000000020061000.invoke;java/lang/invoke/DirectMethodHandle$Holder.invokeSpecial;org/weakref/nitro/tpch/jmh_generated/BenchmarkQueries_query17_jmhTest.query17_AverageTime;org/weakref/nitro/tpch/jmh_generated/BenchmarkQueries_query17_jmhTest.query17_avgt_jmhStub;org/weakref/nitro/tpch/BenchmarkQueries.query17;org/weakref/nitro/tpch/BenchmarkQueries.consume;org/weakref/nitro/operator/Output.borrow;org/weakref/nitro/operator/ProjectOperator$$Lambda.0x00000000201188c8.apply;org/weakref/nitro/operator/ProjectOperator.lambda$next$4;org/weakref/nitro/operator/ProjectOperator.evaluateOutput;java/util/HashMap.computeIfAbsent;org/weakref/nitro/operator/ProjectOperator$$Lambda.0x0000000020119aa0.apply;org/weakref/nitro/operator/ProjectOperator.lambda$evaluateOutput$0;org/weakref/nitro/operator/ProjectOperator.evaluateBundle;org/weakref/nitro/operator/evaluator/PlanEvaluator.evaluate;org/weakref/nitro/operator/evaluator/PlanEvaluator.evaluateUnmemoized;org/weakref/nitro/operator/evaluator/PlanEvaluator.evaluateVariable;org/weakref/nitro/operator/evaluator/PlanEvaluator.evaluateCall;org/weakref/nitro/operator/evaluator/PlanEvaluator.evaluateArgument;org/weakref/nitro/operator/evaluator/PlanEvaluator.evaluate;org/weakref/nitro/operator/evaluator/PlanEvaluator.evaluateUnmemoized;org/weakref/nitro/operator/evaluator/PlanEvaluator.evaluateInput;org/weakref/nitro/operator/ProjectOperator$$Lambda.0x00000000200bf8a0.resolve;org/weakref/nitro/operator/ProjectOperator.resolveEvaluatorInput;org/weakref/nitro/operator/Output.borrowOrNull;org/weakref/nitro/operator/Output.borrow;org/weakref/nitro/operator/AggregationOperator$$Lambda.0x0000000020111000.apply;org/weakref/nitro/operator/AggregationOperator.lambda$resultOutput$0;org/weakref/nitro/operator/AggregationOperator.doAggregationIfNeeded;org/weakref/nitro/operator/ProjectOperator.next;org/weakref/nitro/operator/FilterOperator.next;org/weakref/nitro/operator/HashJoinOperator.next;org/weakref/nitro/operator/HashJoinOperator.produceBatch;org/weakref/nitro/operator/HashJoinOperator.produceOrdinaryBatch;org/weakref/nitro/operator/HashJoinOperator.loadNextOuterBatch;org/weakref/nitro/operator/HashJoinOperator.next;org/weakref/nitro/operator/HashJoinOperator.produceBatch;org/weakref/nitro/operator/HashJoinOperator.loadInnerIfNecessary;org/weakref/nitro/operator/BufferedJoinInput.loadAll;org/weakref/nitro/operator/ProjectOperator.next;org/weakref/nitro/operator/FilterOperator.next;org/weakref/nitro/operator/evaluator/PlanEvaluator.evaluateInPlace;org/weakref/nitro/operator/evaluator/PlanEvaluator.evaluateTrueMaskInPlace;org/weakref/nitro/operator/evaluator/PlanEvaluator.evaluateTrueMaskInPlace;org/weakref/nitro/operator/evaluator/PlanEvaluator.evaluateAdaptiveAndTrueMaskInPlace;org/weakref/nitro/operator/evaluator/PlanEvaluator.evaluateMeasuredTrueMaskInPlace;org/weakref/nitro/operator/evaluator/PlanEvaluator.evaluateTrueMaskInPlace;org/weakref/nitro/operator/evaluator/PlanEvaluator.tryEvaluatePrimitiveTrueMaskInPlace;org/weakref/nitro/operator/evaluator/PlanEvaluator.tryEvaluatePrimitiveMaskInPlace;org/weakref/nitro/operator/evaluator/PlanEvaluator.resolveMaskPrimitiveInvocation;org/weakref/nitro/operator/evaluator/PlanEvaluator.evaluateArgument;org/weakref/nitro/operator/FilterOperator$1.resolve;org/weakref/nitro/operator/Output.borrowOrNull;org/weakref/nitro/operator/Output.borrow;org/weakref/nitro/operator/Output.borrow;org/weakref/nitro/operator/NitroParquetScanOperator$ScanOutputResolver$$Lambda.0x00000000200aa768.apply;org/weakref/nitro/operator/NitroParquetScanOperator$ScanOutputResolver.resolve;org/weakref/nitro/operator/NitroParquetScanOperator.resolveLazyColumn;org/weakref/nitro/operator/NitroParquetScanOperator.decodeFullColumn;org/weakref/nitro/parquet/ColumnReader.readBinary;org/weakref/nitro/parquet/ColumnReader.readBinaryDirect;org/weakref/nitro/parquet/ColumnReader.decodeNextDataPage;org/weakref/nitro/parquet/ColumnReader.decodeDataPageV1;org/weakref/nitro/parquet/ColumnReader.scatterDictionaryBinaryIds;org/weakref/nitro/parquet/ColumnReader.replaceInts;org/weakref/nitro/data/PrimitiveArrayPool.borrowInts;int[]_[i] 12
java/lang/Thread.run;java/lang/Thread.runWith;java/util/concurrent/ThreadPoolExecutor$Worker.run;java/util/concurrent/ThreadPoolExecutor.runWorker;java/util/concurrent/FutureTask.run;java/util/concurrent/Executors$RunnableAdapter.call;java/util/concurrent/FutureTask.run;org/openjdk/jmh/runner/BenchmarkHandler$BenchmarkTask.call;org/openjdk/jmh/runner/BenchmarkHandler$BenchmarkTask.call;java/lang/reflect/Method.invoke;jdk/internal/reflect/DirectMethodHandleAccessor.invoke;jdk/internal/reflect/DirectMethodHandleAccessor.invokeImpl;java/lang/invoke/LambdaForm$MH.0x0000000020061400.invokeExact_MT;java/lang/invoke/LambdaForm$MH.0x0000000020061000.invoke;java/lang/invoke/DirectMethodHandle$Holder.invokeSpecial;org/weakref/nitro/tpch/jmh_generated/BenchmarkQueries_query17_jmhTest.query17_AverageTime;org/weakref/nitro/tpch/jmh_generated/BenchmarkQueries_query17_jmhTest.query17_avgt_jmhStub;org/weakref/nitro/tpch/BenchmarkQueries.query17;org/weakref/nitro/tpch/BenchmarkQueries.consume;org/weakref/nitro/operator/Output.borrow;org/weakref/nitro/operator/ProjectOperator$$Lambda.0x00000000201188c8.apply;org/weakref/nitro/operator/ProjectOperator.lambda$next$4;org/weakref/nitro/operator/ProjectOperator.evaluateOutput;java/util/HashMap.computeIfAbsent;org/weakref/nitro/operator/ProjectOperator$$Lambda.0x0000000020119aa0.apply;org/weakref/nitro/operator/ProjectOperator.lambda$evaluateOutput$0;org/weakref/nitro/operator/ProjectOperator.evaluateBundle;org/weakref/nitro/operator/evaluator/PlanEvaluator.evaluate;org/weakref/nitro/operator/evaluator/PlanEvaluator.evaluateUnmemoized;org/weakref/nitro/operator/evaluator/PlanEvaluator.evaluateVariable;org/weakref/nitro/operator/evaluator/PlanEvaluator.evaluateCall;org/weakref/nitro/operator/evaluator/PlanEvaluator.evaluateArgument;org/weakref/nitro/operator/evaluator/PlanEvaluator.evaluate;org/weakref/nitro/operator/evaluator/PlanEvaluator.evaluateUnmemoized;org/weakref/nitro/operator/evaluator/PlanEvaluator.evaluateInput;org/weakref/nitro/operator/ProjectOperator$$Lambda.0x00000000200bf8a0.resolve;org/weakref/nitro/operator/ProjectOperator.resolveEvaluatorInput;org/weakref/nitro/operator/Output.borrowOrNull;org/weakref/nitro/operator/Output.borrow;org/weakref/nitro/operator/AggregationOperator$$Lambda.0x0000000020111000.apply;org/weakref/nitro/operator/AggregationOperator.lambda$resultOutput$0;org/weakref/nitro/operator/AggregationOperator.doAggregationIfNeeded;org/weakref/nitro/operator/ProjectOperator.next;org/weakref/nitro/operator/FilterOperator.next;org/weakref/nitro/operator/HashJoinOperator.next;org/weakref/nitro/operator/HashJoinOperator.produceBatch;org/weakref/nitro/operator/HashJoinOperator.produceOrdinaryBatch;org/weakref/nitro/operator/HashJoinOperator.loadNextOuterBatch;org/weakref/nitro/operator/HashJoinOperator.next;org/weakref/nitro/operator/HashJoinOperator.produceBatch;org/weakref/nitro/operator/HashJoinOperator.pushDynamicFilterIfReady;org/weakref/nitro/operator/DynamicFilter.fromValues;boolean[]_[i] 3
java/lang/Thread.run;java/lang/Thread.runWith;java/util/concurrent/ThreadPoolExecutor$Worker.run;java/util/concurrent/ThreadPoolExecutor.runWorker;java/util/concurrent/FutureTask.run;java/util/concurrent/Executors$RunnableAdapter.call;java/util/concurrent/FutureTask.run;org/openjdk/jmh/runner/BenchmarkHandler$BenchmarkTask.call;org/openjdk/jmh/runner/BenchmarkHandler$BenchmarkTask.call;java/lang/reflect/Method.invoke;jdk/internal/reflect/DirectMethodHandleAccessor.invoke;jdk/internal/reflect/DirectMethodHandleAccessor.invokeImpl;java/lang/invoke/LambdaForm$MH.0x0000000020061400.invokeExact_MT;java/lang/invoke/LambdaForm$MH.0x0000000020061000.invoke;java/lang/invoke/DirectMethodHandle$Holder.invokeSpecial;org/weakref/nitro/tpch/jmh_generated/BenchmarkQueries_query17_jmhTest.query17_AverageTime;org/weakref/nitro/tpch/jmh_generated/BenchmarkQueries_query17_jmhTest.query17_avgt_jmhStub;org/weakref/nitro/tpch/BenchmarkQueries.query17;org/weakref/nitro/tpch/BenchmarkQueries.consume;org/weakref/nitro/operator/Output.borrow;org/weakref/nitro/operator/ProjectOperator$$Lambda.0x00000000201188c8.apply;org/weakref/nitro/operator/ProjectOperator.lambda$next$4;org/weakref/nitro/operator/ProjectOperator.evaluateOutput;java/util/HashMap.computeIfAbsent;org/weakref/nitro/operator/ProjectOperator$$Lambda.0x0000000020119aa0.apply;org/weakref/nitro/operator/ProjectOperator.lambda$evaluateOutput$0;org/weakref/nitro/operator/ProjectOperator.evaluateBundle;org/weakref/nitro/operator/evaluator/PlanEvaluator.evaluate;org/weakref/nitro/operator/evaluator/PlanEvaluator.evaluateUnmemoized;org/weakref/nitro/operator/evaluator/PlanEvaluator.evaluateVariable;org/weakref/nitro/operator/evaluator/PlanEvaluator.evaluateCall;org/weakref/nitro/operator/evaluator/PlanEvaluator.evaluateArgument;org/weakref/nitro/operator/evaluator/PlanEvaluator.evaluate;org/weakref/nitro/operator/evaluator/PlanEvaluator.evaluateUnmemoized;org/weakref/nitro/operator/evaluator/PlanEvaluator.evaluateInput;org/weakref/nitro/operator/ProjectOperator$$Lambda.0x00000000200bf8a0.resolve;org/weakref/nitro/operator/ProjectOperator.resolveEvaluatorInput;org/weakref/nitro/operator/Output.borrowOrNull;org/weakref/nitro/operator/Output.borrow;org/weakref/nitro/operator/AggregationOperator$$Lambda.0x0000000020111000.apply;org/weakref/nitro/operator/AggregationOperator.lambda$resultOutput$0;org/weakref/nitro/operator/AggregationOperator.doAggregationIfNeeded;org/weakref/nitro/operator/ProjectOperator.next;org/weakref/nitro/operator/FilterOperator.next;org/weakref/nitro/operator/HashJoinOperator.next;org/weakref/nitro/operator/HashJoinOperator.produceBatch;org/weakref/nitro/operator/HashJoinOperator.produceOrdinaryBatch;org/weakref/nitro/operator/HashJoinOperator.loadNextOuterBatch;org/weakref/nitro/operator/HashJoinOperator.next;org/weakref/nitro/operator/HashJoinOperator.produceBatch;org/weakref/nitro/operator/HashJoinOperator.produceOrdinaryBatch;org/weakref/nitro/operator/HashJoinOperator.loadNextOuterBatch;org/weakref/nitro/operator/NitroParquetScanOperator.hasNext;org/weakref/nitro/operator/NitroParquetScanOperator.ensureWindow;org/weakref/nitro/operator/NitroParquetScanOperator.decodeFilterWindow;org/weakref/nitro/parquet/ColumnReader.filterDictLongs;org/weakref/nitro/parquet/ColumnReader.decodeNextDataPage;org/weakref/nitro/parquet/ColumnReader.decodeDataPageV1;org/weakref/nitro/parquet/ColumnReader.ensurePageCapacity;org/weakref/nitro/parquet/ColumnReader.ensurePageNullCapacity;org/weakref/nitro/parquet/ColumnReader.replaceBooleans;org/weakref/nitro/data/PrimitiveArrayPool.borrowBooleans;boolean[]_[i] 2
java/lang/Thread.run;java/lang/Thread.runWith;java/util/concurrent/ThreadPoolExecutor$Worker.run;java/util/concurrent/ThreadPoolExecutor.runWorker;java/util/concurrent/FutureTask.run;java/util/concurrent/Executors$RunnableAdapter.call;java/util/concurrent/FutureTask.run;org/openjdk/jmh/runner/BenchmarkHandler$BenchmarkTask.call;org/openjdk/jmh/runner/BenchmarkHandler$BenchmarkTask.call;java/lang/reflect/Method.invoke;jdk/internal/reflect/DirectMethodHandleAccessor.invoke;jdk/internal/reflect/DirectMethodHandleAccessor.invokeImpl;java/lang/invoke/LambdaForm$MH.0x0000000020061400.invokeExact_MT;java/lang/invoke/LambdaForm$MH.0x0000000020061000.invoke;java/lang/invoke/DirectMethodHandle$Holder.invokeSpecial;org/weakref/nitro/tpch/jmh_generated/BenchmarkQueries_query17_jmhTest.query17_AverageTime;org/weakref/nitro/tpch/jmh_generated/BenchmarkQueries_query17_jmhTest.query17_avgt_jmhStub;org/weakref/nitro/tpch/BenchmarkQueries.query17;org/weakref/nitro/tpch/BenchmarkQueries.consume;org/weakref/nitro/operator/Output.borrow;org/weakref/nitro/operator/ProjectOperator$$Lambda.0x00000000201188c8.apply;org/weakref/nitro/operator/ProjectOperator.lambda$next$4;org/weakref/nitro/operator/ProjectOperator.evaluateOutput;java/util/HashMap.computeIfAbsent;org/weakref/nitro/operator/ProjectOperator$$Lambda.0x0000000020119aa0.apply;org/weakref/nitro/operator/ProjectOperator.lambda$evaluateOutput$0;org/weakref/nitro/operator/ProjectOperator.evaluateBundle;org/weakref/nitro/operator/evaluator/PlanEvaluator.evaluate;org/weakref/nitro/operator/evaluator/PlanEvaluator.evaluateUnmemoized;org/weakref/nitro/operator/evaluator/PlanEvaluator.evaluateVariable;org/weakref/nitro/operator/evaluator/PlanEvaluator.evaluateCall;org/weakref/nitro/operator/evaluator/PlanEvaluator.evaluateArgument;org/weakref/nitro/operator/evaluator/PlanEvaluator.evaluate;org/weakref/nitro/operator/evaluator/PlanEvaluator.evaluateUnmemoized;org/weakref/nitro/operator/evaluator/PlanEvaluator.evaluateInput;org/weakref/nitro/operator/ProjectOperator$$Lambda.0x00000000200bf8a0.resolve;org/weakref/nitro/operator/ProjectOperator.resolveEvaluatorInput;org/weakref/nitro/operator/Output.borrowOrNull;org/weakref/nitro/operator/Output.borrow;org/weakref/nitro/operator/AggregationOperator$$Lambda.0x0000000020111000.apply;org/weakref/nitro/operator/AggregationOperator.lambda$resultOutput$0;org/weakref/nitro/operator/AggregationOperator.doAggregationIfNeeded;org/weakref/nitro/operator/ProjectOperator.next;org/weakref/nitro/operator/FilterOperator.next;org/weakref/nitro/operator/HashJoinOperator.next;org/weakref/nitro/operator/HashJoinOperator.produceBatch;org/weakref/nitro/operator/HashJoinOperator.loadInnerIfNecessary;org/weakref/nitro/operator/BufferedJoinInput.loadAll;org/weakref/nitro/operator/ProjectOperator.next;org/weakref/nitro/operator/GroupedAggregationOperator.next;org/weakref/nitro/operator/GroupedAggregationOperator.computeResults;org/weakref/nitro/operator/GroupedAggregationOperator.computeInlineGroupedResults;org/weakref/nitro/operator/Batch.close;org/weakref/nitro/operator/Output.close;org/weakref/nitro/operator/Output.release;org/weakref/nitro/operator/BatchBufferOwner.accept;org/weakref/nitro/operator/BatchBufferOwner.accept;org/weakref/nitro/operator/NitroParquetScanOperator$ScanOutputResolver.release;org/weakref/nitro/operator/BatchBufferScope.release;org/weakref/nitro/data/Allocator.release;org/weakref/nitro/data/Allocator.releaseVectorTree;org/weakref/nitro/data/Allocator.releaseVector;org/weakref/nitro/data/Allocator$ContextState.releaseVector;org/weakref/nitro/data/Allocator$ContextState.addVectorToPool;java/util/TreeMap.computeIfAbsent;java/util/TreeMap.addEntryToEmptyMap;java.util.TreeMap$Entry_[i] 3
java/lang/Thread.run;java/lang/Thread.runWith;java/util/concurrent/ThreadPoolExecutor$Worker.run;java/util/concurrent/ThreadPoolExecutor.runWorker;java/util/concurrent/FutureTask.run;java/util/concurrent/Executors$RunnableAdapter.call;java/util/concurrent/FutureTask.run;org/openjdk/jmh/runner/BenchmarkHandler$BenchmarkTask.call;org/openjdk/jmh/runner/BenchmarkHandler$BenchmarkTask.call;java/lang/reflect/Method.invoke;jdk/internal/reflect/DirectMethodHandleAccessor.invoke;jdk/internal/reflect/DirectMethodHandleAccessor.invokeImpl;java/lang/invoke/LambdaForm$MH.0x0000000020061400.invokeExact_MT;java/lang/invoke/LambdaForm$MH.0x0000000020061000.invoke;java/lang/invoke/DirectMethodHandle$Holder.invokeSpecial;org/weakref/nitro/tpch/jmh_generated/BenchmarkQueries_query17_jmhTest.query17_AverageTime;org/weakref/nitro/tpch/jmh_generated/BenchmarkQueries_query17_jmhTest.query17_avgt_jmhStub;org/weakref/nitro/tpch/BenchmarkQueries.query17;org/weakref/nitro/tpch/BenchmarkQueries.consume;org/weakref/nitro/operator/Output.borrow;org/weakref/nitro/operator/ProjectOperator$$Lambda.0x00000000201188c8.apply;org/weakref/nitro/operator/ProjectOperator.lambda$next$4;org/weakref/nitro/operator/ProjectOperator.evaluateOutput;java/util/HashMap.computeIfAbsent;org/weakref/nitro/operator/ProjectOperator$$Lambda.0x0000000020119aa0.apply;org/weakref/nitro/operator/ProjectOperator.lambda$evaluateOutput$0;org/weakref/nitro/operator/ProjectOperator.evaluateBundle;org/weakref/nitro/operator/evaluator/PlanEvaluator.evaluate;org/weakref/nitro/operator/evaluator/PlanEvaluator.evaluateUnmemoized;org/weakref/nitro/operator/evaluator/PlanEvaluator.evaluateVariable;org/weakref/nitro/operator/evaluator/PlanEvaluator.evaluateCall;org/weakref/nitro/operator/evaluator/PlanEvaluator.evaluateArgument;org/weakref/nitro/operator/evaluator/PlanEvaluator.evaluate;org/weakref/nitro/operator/evaluator/PlanEvaluator.evaluateUnmemoized;org/weakref/nitro/operator/evaluator/PlanEvaluator.evaluateInput;org/weakref/nitro/operator/ProjectOperator$$Lambda.0x00000000200bf8a0.resolve;org/weakref/nitro/operator/ProjectOperator.resolveEvaluatorInput;org/weakref/nitro/operator/Output.borrowOrNull;org/weakref/nitro/operator/Output.borrow;org/weakref/nitro/operator/AggregationOperator$$Lambda.0x0000000020111000.apply;org/weakref/nitro/operator/AggregationOperator.lambda$resultOutput$0;org/weakref/nitro/operator/AggregationOperator.doAggregationIfNeeded;org/weakref/nitro/operator/ProjectOperator.next;org/weakref/nitro/operator/FilterOperator.next;org/weakref/nitro/operator/HashJoinOperator.next;org/weakref/nitro/operator/HashJoinOperator.produceBatch;org/weakref/nitro/operator/HashJoinOperator.loadInnerIfNecessary;org/weakref/nitro/operator/BufferedJoinInput.loadAll;org/weakref/nitro/operator/ProjectOperator.next;org/weakref/nitro/operator/GroupedAggregationOperator.next;org/weakref/nitro/operator/GroupedAggregationOperator.computeResults;org/weakref/nitro/operator/GroupedAggregationOperator.computeInlineGroupedResults;org/weakref/nitro/operator/GroupedAggregationOperator.prepareAggregationStates;org/weakref/nitro/operator/aggregation/AvgF64.grow;org/weakref/nitro/data/AvgStateVector.grow;long[]_[i] 117
java/lang/Thread.run;java/lang/Thread.runWith;java/util/concurrent/ThreadPoolExecutor$Worker.run;java/util/concurrent/ThreadPoolExecutor.runWorker;java/util/concurrent/FutureTask.run;java/util/concurrent/Executors$RunnableAdapter.call;java/util/concurrent/FutureTask.run;org/openjdk/jmh/runner/BenchmarkHandler$BenchmarkTask.call;org/openjdk/jmh/runner/BenchmarkHandler$BenchmarkTask.call;java/lang/reflect/Method.invoke;jdk/internal/reflect/DirectMethodHandleAccessor.invoke;jdk/internal/reflect/DirectMethodHandleAccessor.invokeImpl;java/lang/invoke/LambdaForm$MH.0x0000000020061400.invokeExact_MT;java/lang/invoke/LambdaForm$MH.0x0000000020061000.invoke;java/lang/invoke/DirectMethodHandle$Holder.invokeSpecial;org/weakref/nitro/tpch/jmh_generated/BenchmarkQueries_query17_jmhTest.query17_AverageTime;org/weakref/nitro/tpch/jmh_generated/BenchmarkQueries_query17_jmhTest.query17_avgt_jmhStub;org/weakref/nitro/tpch/BenchmarkQueries.query17;org/weakref/nitro/tpch/BenchmarkQueries.consume;org/weakref/nitro/operator/Output.borrow;org/weakref/nitro/operator/ProjectOperator$$Lambda.0x00000000201188c8.apply;org/weakref/nitro/operator/ProjectOperator.lambda$next$4;org/weakref/nitro/operator/ProjectOperator.evaluateOutput;java/util/HashMap.computeIfAbsent;org/weakref/nitro/operator/ProjectOperator$$Lambda.0x0000000020119aa0.apply;org/weakref/nitro/operator/ProjectOperator.lambda$evaluateOutput$0;org/weakref/nitro/operator/ProjectOperator.evaluateBundle;org/weakref/nitro/operator/evaluator/PlanEvaluator.evaluate;org/weakref/nitro/operator/evaluator/PlanEvaluator.evaluateUnmemoized;org/weakref/nitro/operator/evaluator/PlanEvaluator.evaluateVariable;org/weakref/nitro/operator/evaluator/PlanEvaluator.evaluateCall;org/weakref/nitro/operator/evaluator/PlanEvaluator.evaluateArgument;org/weakref/nitro/operator/evaluator/PlanEvaluator.evaluate;org/weakref/nitro/operator/evaluator/PlanEvaluator.evaluateUnmemoized;org/weakref/nitro/operator/evaluator/PlanEvaluator.evaluateInput;org/weakref/nitro/operator/ProjectOperator$$Lambda.0x00000000200bf8a0.resolve;org/weakref/nitro/operator/ProjectOperator.resolveEvaluatorInput;org/weakref/nitro/operator/Output.borrowOrNull;org/weakref/nitro/operator/Output.borrow;org/weakref/nitro/operator/AggregationOperator$$Lambda.0x0000000020111000.apply;org/weakref/nitro/operator/AggregationOperator.lambda$resultOutput$0;org/weakref/nitro/operator/AggregationOperator.doAggregationIfNeeded;org/weakref/nitro/operator/ProjectOperator.next;org/weakref/nitro/operator/FilterOperator.next;org/weakref/nitro/operator/HashJoinOperator.next;org/weakref/nitro/operator/HashJoinOperator.produceBatch;org/weakref/nitro/operator/HashJoinOperator.produceOrdinaryBatch;org/weakref/nitro/operator/HashJoinOperator.loadNextOuterBatch;org/weakref/nitro/operator/HashJoinOperator.next;org/weakref/nitro/operator/HashJoinOperator.produceBatch;org/weakref/nitro/operator/HashJoinOperator.loadInnerIfNecessary;org/weakref/nitro/operator/BufferedJoinInput.loadAll;org/weakref/nitro/operator/ProjectOperator.next;org/weakref/nitro/operator/FilterOperator.next;org/weakref/nitro/operator/evaluator/PlanEvaluator.evaluateInPlace;org/weakref/nitro/operator/evaluator/PlanEvaluator.evaluateTrueMaskInPlace;org/weakref/nitro/operator/evaluator/PlanEvaluator.evaluateTrueMaskInPlace;org/weakref/nitro/operator/evaluator/PlanEvaluator.evaluateAdaptiveAndTrueMaskInPlace;org/weakref/nitro/operator/evaluator/PlanEvaluator.evaluateMeasuredTrueMaskInPlace;org/weakref/nitro/operator/evaluator/PlanEvaluator.evaluateTrueMaskInPlace;org/weakref/nitro/operator/evaluator/PlanEvaluator.tryEvaluatePrimitiveTrueMaskInPlace;org/weakref/nitro/operator/evaluator/PlanEvaluator.tryEvaluatePrimitiveMaskInPlace;org/weakref/nitro/operator/evaluator/PlanEvaluator.resolveMaskPrimitiveInvocation;org/weakref/nitro/operator/evaluator/PlanEvaluator.evaluateArgument;org/weakref/nitro/operator/FilterOperator$1.resolve;org/weakref/nitro/operator/Output.borrowOrNull;org/weakref/nitro/operator/Output.borrow;org/weakref/nitro/operator/Output.borrow;org/weakref/nitro/operator/NitroParquetScanOperator$ScanOutputResolver$$Lambda.0x00000000200aa768.apply;org/weakref/nitro/operator/NitroParquetScanOperator$ScanOutputResolver.resolve;org/weakref/nitro/operator/NitroParquetScanOperator.resolveLazyColumn;org/weakref/nitro/operator/NitroParquetScanOperator.decodeFullColumn;org/weakref/nitro/parquet/ColumnReader.readBinary;org/weakref/nitro/parquet/ColumnReader.readBinaryDirect;org/weakref/nitro/parquet/ColumnReader.decodeNextDataPage;org/weakref/nitro/parquet/ColumnReader.decodeDataPageV1;org/weakref/nitro/parquet/ColumnReader.scatterDictionaryBinaryIds;org/weakref/nitro/parquet/ColumnReader.ensurePageNullCapacity;org/weakref/nitro/parquet/ColumnReader.replaceBooleans;org/weakref/nitro/data/PrimitiveArrayPool.borrowBooleans;boolean[]_[i] 4
java/lang/Thread.run;java/lang/Thread.runWith;java/util/concurrent/ThreadPoolExecutor$Worker.run;java/util/concurrent/ThreadPoolExecutor.runWorker;java/util/concurrent/FutureTask.run;java/util/concurrent/Executors$RunnableAdapter.call;java/util/concurrent/FutureTask.run;org/openjdk/jmh/runner/BenchmarkHandler$BenchmarkTask.call;org/openjdk/jmh/runner/BenchmarkHandler$BenchmarkTask.call;java/lang/reflect/Method.invoke;jdk/internal/reflect/DirectMethodHandleAccessor.invoke;jdk/internal/reflect/DirectMethodHandleAccessor.invokeImpl;java/lang/invoke/LambdaForm$MH.0x0000000020061400.invokeExact_MT;java/lang/invoke/LambdaForm$MH.0x0000000020061000.invoke;java/lang/invoke/DirectMethodHandle$Holder.invokeSpecial;org/weakref/nitro/tpch/jmh_generated/BenchmarkQueries_query17_jmhTest.query17_AverageTime;org/weakref/nitro/tpch/jmh_generated/BenchmarkQueries_query17_jmhTest.query17_avgt_jmhStub;org/weakref/nitro/tpch/BenchmarkQueries.query17;org/weakref/nitro/tpch/BenchmarkQueries.consume;org/weakref/nitro/operator/Output.borrow;org/weakref/nitro/operator/ProjectOperator$$Lambda.0x00000000201188c8.apply;org/weakref/nitro/operator/ProjectOperator.lambda$next$4;org/weakref/nitro/operator/ProjectOperator.evaluateOutput;java/util/HashMap.computeIfAbsent;org/weakref/nitro/operator/ProjectOperator$$Lambda.0x0000000020119aa0.apply;org/weakref/nitro/operator/ProjectOperator.lambda$evaluateOutput$0;org/weakref/nitro/operator/ProjectOperator.evaluateBundle;org/weakref/nitro/operator/evaluator/PlanEvaluator.evaluate;org/weakref/nitro/operator/evaluator/PlanEvaluator.evaluateUnmemoized;org/weakref/nitro/operator/evaluator/PlanEvaluator.evaluateVariable;org/weakref/nitro/operator/evaluator/PlanEvaluator.evaluateCall;org/weakref/nitro/operator/evaluator/PlanEvaluator.evaluateArgument;org/weakref/nitro/operator/evaluator/PlanEvaluator.evaluate;org/weakref/nitro/operator/evaluator/PlanEvaluator.evaluateUnmemoized;org/weakref/nitro/operator/evaluator/PlanEvaluator.evaluateInput;org/weakref/nitro/operator/ProjectOperator$$Lambda.0x00000000200bf8a0.resolve;org/weakref/nitro/operator/ProjectOperator.resolveEvaluatorInput;org/weakref/nitro/operator/Output.borrowOrNull;org/weakref/nitro/operator/Output.borrow;org/weakref/nitro/operator/AggregationOperator$$Lambda.0x0000000020111000.apply;org/weakref/nitro/operator/AggregationOperator.lambda$resultOutput$0;org/weakref/nitro/operator/AggregationOperator.doAggregationIfNeeded;org/weakref/nitro/operator/ProjectOperator.next;org/weakref/nitro/operator/FilterOperator.next;org/weakref/nitro/operator/HashJoinOperator.next;org/weakref/nitro/operator/HashJoinOperator.produceBatch;org/weakref/nitro/operator/HashJoinOperator.loadInnerIfNecessary;org/weakref/nitro/operator/BufferedJoinInput.loadAll;org/weakref/nitro/operator/ProjectOperator.next;org/weakref/nitro/operator/GroupedAggregationOperator.next;org/weakref/nitro/operator/GroupedAggregationOperator.computeResults;org/weakref/nitro/operator/GroupedAggregationOperator.computeInlineGroupedResults;org/weakref/nitro/operator/Batch.close;org/weakref/nitro/operator/Output.close;org/weakref/nitro/operator/Output.release;org/weakref/nitro/operator/BatchBufferOwner.accept;org/weakref/nitro/operator/BatchBufferOwner.accept;org/weakref/nitro/operator/NitroParquetScanOperator$ScanOutputResolver.release;org/weakref/nitro/operator/BatchBufferScope.release;org/weakref/nitro/data/Allocator.release;org/weakref/nitro/data/Allocator.releaseVectorTree;java/lang/invoke/Invokers$Holder.linkToTargetMethod;java/lang/invoke/DirectMethodHandle$Holder.newInvokeSpecial;java/lang/invoke/DirectMethodHandle.allocateInstance;org.weakref.nitro.data.Allocator$$Lambda.0x00000000201236a8_[i] 3
java/lang/Thread.run;java/lang/Thread.runWith;java/util/concurrent/ThreadPoolExecutor$Worker.run;java/util/concurrent/ThreadPoolExecutor.runWorker;java/util/concurrent/FutureTask.run;java/util/concurrent/Executors$RunnableAdapter.call;java/util/concurrent/FutureTask.run;org/openjdk/jmh/runner/BenchmarkHandler$BenchmarkTask.call;org/openjdk/jmh/runner/BenchmarkHandler$BenchmarkTask.call;java/lang/reflect/Method.invoke;jdk/internal/reflect/DirectMethodHandleAccessor.invoke;jdk/internal/reflect/DirectMethodHandleAccessor.invokeImpl;java/lang/invoke/LambdaForm$MH.0x0000000020061400.invokeExact_MT;java/lang/invoke/LambdaForm$MH.0x0000000020061000.invoke;java/lang/invoke/DirectMethodHandle$Holder.invokeSpecial;org/weakref/nitro/tpch/jmh_generated/BenchmarkQueries_query17_jmhTest.query17_AverageTime;org/weakref/nitro/tpch/jmh_generated/BenchmarkQueries_query17_jmhTest.query17_avgt_jmhStub;org/weakref/nitro/tpch/BenchmarkQueries.query17;org/weakref/nitro/tpch/BenchmarkQueries.consume;org/weakref/nitro/operator/Output.borrow;org/weakref/nitro/operator/ProjectOperator$$Lambda.0x00000000201188c8.apply;org/weakref/nitro/operator/ProjectOperator.lambda$next$4;org/weakref/nitro/operator/ProjectOperator.evaluateOutput;java/util/HashMap.computeIfAbsent;org/weakref/nitro/operator/ProjectOperator$$Lambda.0x0000000020119aa0.apply;org/weakref/nitro/operator/ProjectOperator.lambda$evaluateOutput$0;org/weakref/nitro/operator/ProjectOperator.evaluateBundle;org/weakref/nitro/operator/evaluator/PlanEvaluator.evaluate;org/weakref/nitro/operator/evaluator/PlanEvaluator.evaluateUnmemoized;org/weakref/nitro/operator/evaluator/PlanEvaluator.evaluateVariable;org/weakref/nitro/operator/evaluator/PlanEvaluator.evaluateCall;org/weakref/nitro/operator/evaluator/PlanEvaluator.evaluateArgument;org/weakref/nitro/operator/evaluator/PlanEvaluator.evaluate;org/weakref/nitro/operator/evaluator/PlanEvaluator.evaluateUnmemoized;org/weakref/nitro/operator/evaluator/PlanEvaluator.evaluateInput;org/weakref/nitro/operator/ProjectOperator$$Lambda.0x00000000200bf8a0.resolve;org/weakref/nitro/operator/ProjectOperator.resolveEvaluatorInput;org/weakref/nitro/operator/Output.borrowOrNull;org/weakref/nitro/operator/Output.borrow;org/weakref/nitro/operator/AggregationOperator$$Lambda.0x0000000020111000.apply;org/weakref/nitro/operator/AggregationOperator.lambda$resultOutput$0;org/weakref/nitro/operator/AggregationOperator.doAggregationIfNeeded;org/weakref/nitro/operator/ProjectOperator.next;org/weakref/nitro/operator/FilterOperator.next;org/weakref/nitro/operator/HashJoinOperator.next;org/weakref/nitro/operator/HashJoinOperator.produceBatch;org/weakref/nitro/operator/HashJoinOperator.produceOrdinaryBatch;org/weakref/nitro/operator/HashJoinOperator.loadNextOuterBatch;org/weakref/nitro/operator/HashJoinOperator.next;org/weakref/nitro/operator/HashJoinOperator.produceBatch;org/weakref/nitro/operator/HashJoinOperator.loadInnerIfNecessary;org/weakref/nitro/operator/BufferedJoinInput.loadAll;org/weakref/nitro/operator/ProjectOperator.next;org/weakref/nitro/operator/FilterOperator.next;org/weakref/nitro/operator/evaluator/PlanEvaluator.evaluateInPlace;org/weakref/nitro/operator/evaluator/PlanEvaluator.evaluateTrueMaskInPlace;org/weakref/nitro/operator/evaluator/PlanEvaluator.evaluateTrueMaskInPlace;org/weakref/nitro/operator/evaluator/PlanEvaluator.evaluateAdaptiveAndTrueMaskInPlace;org/weakref/nitro/operator/evaluator/PlanEvaluator.evaluateMeasuredTrueMaskInPlace;org/weakref/nitro/operator/evaluator/PlanEvaluator.evaluateTrueMaskInPlace;org/weakref/nitro/operator/evaluator/PlanEvaluator.tryEvaluatePrimitiveTrueMaskInPlace;org/weakref/nitro/operator/evaluator/PlanEvaluator.tryEvaluatePrimitiveMaskInPlace;org/weakref/nitro/operator/evaluator/PlanEvaluator.resolveMaskPrimitiveInvocation;org/weakref/nitro/operator/evaluator/PlanEvaluator.evaluateArgument;org/weakref/nitro/operator/Streams.of;org.weakref.nitro.operator.Streams_[i] 1
java/lang/Thread.run;java/lang/Thread.runWith;java/util/concurrent/ThreadPoolExecutor$Worker.run;java/util/concurrent/ThreadPoolExecutor.runWorker;java/util/concurrent/FutureTask.run;java/util/concurrent/Executors$RunnableAdapter.call;java/util/concurrent/FutureTask.run;org/openjdk/jmh/runner/BenchmarkHandler$BenchmarkTask.call;org/openjdk/jmh/runner/BenchmarkHandler$BenchmarkTask.call;java/lang/reflect/Method.invoke;jdk/internal/reflect/DirectMethodHandleAccessor.invoke;jdk/internal/reflect/DirectMethodHandleAccessor.invokeImpl;java/lang/invoke/LambdaForm$MH.0x0000000020061400.invokeExact_MT;java/lang/invoke/LambdaForm$MH.0x0000000020061000.invoke;java/lang/invoke/DirectMethodHandle$Holder.invokeSpecial;org/weakref/nitro/tpch/jmh_generated/BenchmarkQueries_query17_jmhTest.query17_AverageTime;org/weakref/nitro/tpch/jmh_generated/BenchmarkQueries_query17_jmhTest.query17_avgt_jmhStub;org/weakref/nitro/tpch/BenchmarkQueries.query17;org/weakref/nitro/tpch/BenchmarkQueries.consume;org/weakref/nitro/operator/Output.borrow;org/weakref/nitro/operator/ProjectOperator$$Lambda.0x00000000201188c8.apply;org/weakref/nitro/operator/ProjectOperator.lambda$next$4;org/weakref/nitro/operator/ProjectOperator.evaluateOutput;java/util/HashMap.computeIfAbsent;org/weakref/nitro/operator/ProjectOperator$$Lambda.0x0000000020119aa0.apply;org/weakref/nitro/operator/ProjectOperator.lambda$evaluateOutput$0;org/weakref/nitro/operator/ProjectOperator.evaluateBundle;org/weakref/nitro/operator/evaluator/PlanEvaluator.evaluate;org/weakref/nitro/operator/evaluator/PlanEvaluator.evaluateUnmemoized;org/weakref/nitro/operator/evaluator/PlanEvaluator.evaluateVariable;org/weakref/nitro/operator/evaluator/PlanEvaluator.evaluateCall;org/weakref/nitro/operator/evaluator/PlanEvaluator.evaluateArgument;org/weakref/nitro/operator/evaluator/PlanEvaluator.evaluate;org/weakref/nitro/operator/evaluator/PlanEvaluator.evaluateUnmemoized;org/weakref/nitro/operator/evaluator/PlanEvaluator.evaluateInput;org/weakref/nitro/operator/ProjectOperator$$Lambda.0x00000000200bf8a0.resolve;org/weakref/nitro/operator/ProjectOperator.resolveEvaluatorInput;org/weakref/nitro/operator/Output.borrowOrNull;org/weakref/nitro/operator/Output.borrow;org/weakref/nitro/operator/AggregationOperator$$Lambda.0x0000000020111000.apply;org/weakref/nitro/operator/AggregationOperator.lambda$resultOutput$0;org/weakref/nitro/operator/AggregationOperator.doAggregationIfNeeded;org/weakref/nitro/operator/ProjectOperator.next;org/weakref/nitro/operator/FilterOperator.next;org/weakref/nitro/operator/HashJoinOperator.next;org/weakref/nitro/operator/HashJoinOperator.produceBatch;org/weakref/nitro/operator/HashJoinOperator.loadInnerIfNecessary;org/weakref/nitro/operator/BufferedJoinInput.loadAll;org/weakref/nitro/operator/ProjectOperator.next;org/weakref/nitro/operator/GroupedAggregationOperator.next;org/weakref/nitro/operator/GroupedAggregationOperator.computeResults;org/weakref/nitro/operator/GroupedAggregationOperator.computeInlineGroupedResults;org/weakref/nitro/operator/GroupedAggregationOperator.assignInlineGroups;org/weakref/nitro/operator/Output.borrow;org/weakref/nitro/operator/NitroParquetScanOperator$ScanOutputResolver$$Lambda.0x00000000200aa768.apply;org/weakref/nitro/operator/NitroParquetScanOperator$ScanOutputResolver.resolve;org/weakref/nitro/operator/NitroParquetScanOperator.resolveLazyColumn;org/weakref/nitro/operator/NitroParquetScanOperator.decodeFullColumn;org/weakref/nitro/data/Allocator.allocate;org/weakref/nitro/data/Allocator.allocatePooled;org/weakref/nitro/data/Allocator$ContextState.trackVector;java/util/HashMap.merge;java/util/HashMap.newNode;java.util.HashMap$Node_[i] 1
java/lang/Thread.run;java/lang/Thread.runWith;java/util/concurrent/ThreadPoolExecutor$Worker.run;java/util/concurrent/ThreadPoolExecutor.runWorker;java/util/concurrent/FutureTask.run;java/util/concurrent/Executors$RunnableAdapter.call;java/util/concurrent/FutureTask.run;org/openjdk/jmh/runner/BenchmarkHandler$BenchmarkTask.call;org/openjdk/jmh/runner/BenchmarkHandler$BenchmarkTask.call;java/lang/reflect/Method.invoke;jdk/internal/reflect/DirectMethodHandleAccessor.invoke;jdk/internal/reflect/DirectMethodHandleAccessor.invokeImpl;java/lang/invoke/LambdaForm$MH.0x0000000020061400.invokeExact_MT;java/lang/invoke/LambdaForm$MH.0x0000000020061000.invoke;java/lang/invoke/DirectMethodHandle$Holder.invokeSpecial;org/weakref/nitro/tpch/jmh_generated/BenchmarkQueries_query17_jmhTest.query17_AverageTime;org/weakref/nitro/tpch/jmh_generated/BenchmarkQueries_query17_jmhTest.query17_avgt_jmhStub;org/weakref/nitro/tpch/BenchmarkQueries.query17;org/weakref/nitro/tpch/TpchParquetSupport.query17;org/weakref/nitro/operator/ProjectOperator.<init>;java/util/Collection.stream;java/util/stream/StreamSupport.stream;java.util.stream.ReferencePipeline$Head_[i] 1
java/lang/Thread.run;java/lang/Thread.runWith;java/util/concurrent/ThreadPoolExecutor$Worker.run;java/util/concurrent/ThreadPoolExecutor.runWorker;java/util/concurrent/FutureTask.run;java/util/concurrent/Executors$RunnableAdapter.call;java/util/concurrent/FutureTask.run;org/openjdk/jmh/runner/BenchmarkHandler$BenchmarkTask.call;org/openjdk/jmh/runner/BenchmarkHandler$BenchmarkTask.call;java/lang/reflect/Method.invoke;jdk/internal/reflect/DirectMethodHandleAccessor.invoke;jdk/internal/reflect/DirectMethodHandleAccessor.invokeImpl;java/lang/invoke/LambdaForm$MH.0x0000000020061400.invokeExact_MT;java/lang/invoke/LambdaForm$MH.0x0000000020061000.invoke;java/lang/invoke/DirectMethodHandle$Holder.invokeSpecial;org/weakref/nitro/tpch/jmh_generated/BenchmarkQueries_query17_jmhTest.query17_AverageTime;org/weakref/nitro/tpch/jmh_generated/BenchmarkQueries_query17_jmhTest.query17_avgt_jmhStub;org/weakref/nitro/tpch/BenchmarkQueries.query17;org/weakref/nitro/tpch/BenchmarkQueries.consume;org/weakref/nitro/operator/Output.borrow;org/weakref/nitro/operator/ProjectOperator$$Lambda.0x00000000201188c8.apply;org/weakref/nitro/operator/ProjectOperator.lambda$next$4;org/weakref/nitro/operator/ProjectOperator.evaluateOutput;java/util/HashMap.computeIfAbsent;org/weakref/nitro/operator/ProjectOperator$$Lambda.0x0000000020119aa0.apply;org/weakref/nitro/operator/ProjectOperator.lambda$evaluateOutput$0;org/weakref/nitro/operator/ProjectOperator.evaluateBundle;org/weakref/nitro/operator/evaluator/PlanEvaluator.evaluate;org/weakref/nitro/operator/evaluator/PlanEvaluator.evaluateUnmemoized;org/weakref/nitro/operator/evaluator/PlanEvaluator.evaluateVariable;org/weakref/nitro/operator/evaluator/PlanEvaluator.evaluateCall;org/weakref/nitro/operator/evaluator/PlanEvaluator.evaluateArgument;org/weakref/nitro/operator/evaluator/PlanEvaluator.evaluate;org/weakref/nitro/operator/evaluator/PlanEvaluator.evaluateUnmemoized;org/weakref/nitro/operator/evaluator/PlanEvaluator.evaluateInput;org/weakref/nitro/operator/ProjectOperator$$Lambda.0x00000000200bf8a0.resolve;org/weakref/nitro/operator/ProjectOperator.resolveEvaluatorInput;org/weakref/nitro/operator/Output.borrowOrNull;org/weakref/nitro/operator/Output.borrow;org/weakref/nitro/operator/AggregationOperator$$Lambda.0x0000000020111000.apply;org/weakref/nitro/operator/AggregationOperator.lambda$resultOutput$0;org/weakref/nitro/operator/AggregationOperator.doAggregationIfNeeded;org/weakref/nitro/operator/ProjectOperator.next;org/weakref/nitro/operator/FilterOperator.next;org/weakref/nitro/operator/HashJoinOperator.next;org/weakref/nitro/operator/HashJoinOperator.produceBatch;org/weakref/nitro/operator/HashJoinOperator.loadInnerIfNecessary;org/weakref/nitro/operator/BufferedJoinInput.loadAll;org/weakref/nitro/operator/ProjectOperator.next;org/weakref/nitro/operator/GroupedAggregationOperator.next;org/weakref/nitro/operator/GroupedAggregationOperator.computeResults;org/weakref/nitro/operator/GroupedAggregationOperator.computeInlineGroupedResults;org/weakref/nitro/operator/GroupedAggregationOperator.prepareAggregationStates;org/weakref/nitro/operator/aggregation/AvgF64.allocate;org/weakref/nitro/data/Allocator.allocate;org/weakref/nitro/data/Allocator.allocatePooled;org/weakref/nitro/data/Allocator$$Lambda.0x000000002011ba48.get;org/weakref/nitro/data/Allocator.lambda$allocate$0;org/weakref/nitro/operator/aggregation/AvgF64$$Lambda.0x00000000201225e8.apply;org/weakref/nitro/data/AvgStateVector.<init>;long[]_[i] 2
java/lang/Thread.run;java/lang/Thread.runWith;java/util/concurrent/ThreadPoolExecutor$Worker.run;java/util/concurrent/ThreadPoolExecutor.runWorker;java/util/concurrent/FutureTask.run;java/util/concurrent/Executors$RunnableAdapter.call;java/util/concurrent/FutureTask.run;org/openjdk/jmh/runner/BenchmarkHandler$BenchmarkTask.call;org/openjdk/jmh/runner/BenchmarkHandler$BenchmarkTask.call;java/lang/reflect/Method.invoke;jdk/internal/reflect/DirectMethodHandleAccessor.invoke;jdk/internal/reflect/DirectMethodHandleAccessor.invokeImpl;java/lang/invoke/LambdaForm$MH.0x0000000020061400.invokeExact_MT;java/lang/invoke/LambdaForm$MH.0x0000000020061000.invoke;java/lang/invoke/DirectMethodHandle$Holder.invokeSpecial;org/weakref/nitro/tpch/jmh_generated/BenchmarkQueries_query17_jmhTest.query17_AverageTime;org/weakref/nitro/tpch/jmh_generated/BenchmarkQueries_query17_jmhTest.query17_avgt_jmhStub;org/weakref/nitro/tpch/BenchmarkQueries.query17;org/weakref/nitro/tpch/BenchmarkQueries.consume;org/weakref/nitro/operator/Output.borrow;org/weakref/nitro/operator/ProjectOperator$$Lambda.0x00000000201188c8.apply;org/weakref/nitro/operator/ProjectOperator.lambda$next$4;org/weakref/nitro/operator/ProjectOperator.evaluateOutput;java/util/HashMap.computeIfAbsent;org/weakref/nitro/operator/ProjectOperator$$Lambda.0x0000000020119aa0.apply;org/weakref/nitro/operator/ProjectOperator.lambda$evaluateOutput$0;org/weakref/nitro/operator/ProjectOperator.evaluateBundle;org/weakref/nitro/operator/evaluator/PlanEvaluator.evaluate;org/weakref/nitro/operator/evaluator/PlanEvaluator.evaluateUnmemoized;org/weakref/nitro/operator/evaluator/PlanEvaluator.evaluateVariable;org/weakref/nitro/operator/evaluator/PlanEvaluator.evaluateCall;org/weakref/nitro/operator/evaluator/PlanEvaluator.evaluateArgument;org/weakref/nitro/operator/evaluator/PlanEvaluator.evaluate;org/weakref/nitro/operator/evaluator/PlanEvaluator.evaluateUnmemoized;org/weakref/nitro/operator/evaluator/PlanEvaluator.evaluateInput;org/weakref/nitro/operator/ProjectOperator$$Lambda.0x00000000200bf8a0.resolve;org/weakref/nitro/operator/ProjectOperator.resolveEvaluatorInput;org/weakref/nitro/operator/Output.borrowOrNull;org/weakref/nitro/operator/Output.borrow;org/weakref/nitro/operator/AggregationOperator$$Lambda.0x0000000020111000.apply;org/weakref/nitro/operator/AggregationOperator.lambda$resultOutput$0;org/weakref/nitro/operator/AggregationOperator.doAggregationIfNeeded;org/weakref/nitro/operator/ProjectOperator.next;org/weakref/nitro/operator/FilterOperator.next;org/weakref/nitro/operator/HashJoinOperator.next;org/weakref/nitro/operator/HashJoinOperator.produceBatch;org/weakref/nitro/operator/HashJoinOperator.produceOrdinaryBatch;org/weakref/nitro/operator/HashJoinOperator.loadNextOuterBatch;org/weakref/nitro/operator/HashJoinOperator.next;org/weakref/nitro/operator/HashJoinOperator.produceBatch;org/weakref/nitro/operator/HashJoinOperator.produceOrdinaryBatch;org/weakref/nitro/operator/HashJoinOperator.loadNextOuterBatch;org/weakref/nitro/operator/NitroParquetScanOperator.next;org/weakref/nitro/operator/NitroParquetScanOperator.emitSlice;org/weakref/nitro/operator/NitroParquetScanOperator.longBitsToDoubles;org/weakref/nitro/data/Allocator.allocate;org/weakref/nitro/data/Allocator.allocatePooled;org/weakref/nitro/data/Allocator$$Lambda.0x000000002011ba48.get;org/weakref/nitro/data/Allocator.lambda$allocate$0;org/weakref/nitro/operator/NitroParquetScanOperator$$Lambda.0x0000000020122e38.apply;org/weakref/nitro/data/F64Vector.<init>;double[]_[i] 4
java/lang/Thread.run;java/lang/Thread.runWith;java/util/concurrent/ThreadPoolExecutor$Worker.run;java/util/concurrent/ThreadPoolExecutor.runWorker;java/util/concurrent/FutureTask.run;java/util/concurrent/Executors$RunnableAdapter.call;java/util/concurrent/FutureTask.run;org/openjdk/jmh/runner/BenchmarkHandler$BenchmarkTask.call;org/openjdk/jmh/runner/BenchmarkHandler$BenchmarkTask.call;java/lang/reflect/Method.invoke;jdk/internal/reflect/DirectMethodHandleAccessor.invoke;jdk/internal/reflect/DirectMethodHandleAccessor.invokeImpl;java/lang/invoke/LambdaForm$MH.0x0000000020061400.invokeExact_MT;java/lang/invoke/LambdaForm$MH.0x0000000020061000.invoke;java/lang/invoke/DirectMethodHandle$Holder.invokeSpecial;org/weakref/nitro/tpch/jmh_generated/BenchmarkQueries_query17_jmhTest.query17_AverageTime;org/weakref/nitro/tpch/jmh_generated/BenchmarkQueries_query17_jmhTest.query17_avgt_jmhStub;org/weakref/nitro/tpch/BenchmarkQueries.query17;org/weakref/nitro/tpch/BenchmarkQueries.consume;org/weakref/nitro/operator/Output.borrow;org/weakref/nitro/operator/ProjectOperator$$Lambda.0x00000000201188c8.apply;org/weakref/nitro/operator/ProjectOperator.lambda$next$4;org/weakref/nitro/operator/ProjectOperator.evaluateOutput;java/util/HashMap.computeIfAbsent;org/weakref/nitro/operator/ProjectOperator$$Lambda.0x0000000020119aa0.apply;org/weakref/nitro/operator/ProjectOperator.lambda$evaluateOutput$0;org/weakref/nitro/operator/ProjectOperator.evaluateBundle;org/weakref/nitro/operator/evaluator/PlanEvaluator.evaluate;org/weakref/nitro/operator/evaluator/PlanEvaluator.evaluateUnmemoized;org/weakref/nitro/operator/evaluator/PlanEvaluator.evaluateVariable;org/weakref/nitro/operator/evaluator/PlanEvaluator.evaluateCall;org/weakref/nitro/operator/evaluator/PlanEvaluator.evaluateArgument;org/weakref/nitro/operator/evaluator/PlanEvaluator.evaluate;org/weakref/nitro/operator/evaluator/PlanEvaluator.evaluateUnmemoized;org/weakref/nitro/operator/evaluator/PlanEvaluator.evaluateInput;org/weakref/nitro/operator/ProjectOperator$$Lambda.0x00000000200bf8a0.resolve;org/weakref/nitro/operator/ProjectOperator.resolveEvaluatorInput;org/weakref/nitro/operator/Output.borrowOrNull;org/weakref/nitro/operator/Output.borrow;org/weakref/nitro/operator/AggregationOperator$$Lambda.0x0000000020111000.apply;org/weakref/nitro/operator/AggregationOperator.lambda$resultOutput$0;org/weakref/nitro/operator/AggregationOperator.doAggregationIfNeeded;org/weakref/nitro/operator/ProjectOperator.next;org/weakref/nitro/operator/FilterOperator.next;org/weakref/nitro/operator/HashJoinOperator.next;org/weakref/nitro/operator/HashJoinOperator.produceBatch;org/weakref/nitro/operator/HashJoinOperator.loadInnerIfNecessary;org/weakref/nitro/operator/BufferedJoinInput.loadAll;org/weakref/nitro/operator/ProjectOperator.next;org/weakref/nitro/operator/GroupedAggregationOperator.next;org/weakref/nitro/operator/GroupedAggregationOperator.computeResults;org/weakref/nitro/operator/GroupedAggregationOperator.computeInlineGroupedResults;org/weakref/nitro/operator/GroupedAggregationOperator.accumulateGroupedRows;org/weakref/nitro/operator/aggregation/AvgF64.accumulate;org/weakref/nitro/operator/aggregation/StreamAccessors$$Lambda.0x0000000020122000.stream;org/weakref/nitro/operator/aggregation/StreamAccessors.lambda$forBatch$0;org/weakref/nitro/operator/aggregation/StreamAccessors.read;org/weakref/nitro/operator/Output.borrowOrNull;org/weakref/nitro/operator/Output.borrow;org/weakref/nitro/operator/NitroParquetScanOperator$ScanOutputResolver$$Lambda.0x00000000200aa768.apply;org/weakref/nitro/operator/NitroParquetScanOperator$ScanOutputResolver.resolve;org/weakref/nitro/operator/NitroParquetScanOperator.resolveLazyColumn;org/weakref/nitro/operator/NitroParquetScanOperator.decodeFullColumn;org/weakref/nitro/parquet/ColumnReader.readLongs;org/weakref/nitro/parquet/ColumnReader.decodeNextDataPage;org/weakref/nitro/parquet/ColumnReader.decodeDataPageV1;org/weakref/nitro/parquet/ColumnReader.ensurePageCapacity;org/weakref/nitro/parquet/ColumnReader.ensurePageNullCapacity;org/weakref/nitro/parquet/ColumnReader.replaceBooleans;org/weakref/nitro/data/PrimitiveArrayPool.borrowBooleans;boolean[]_[i] 5
java/lang/Thread.run;java/lang/Thread.runWith;java/util/concurrent/ThreadPoolExecutor$Worker.run;java/util/concurrent/ThreadPoolExecutor.runWorker;java/util/concurrent/FutureTask.run;java/util/concurrent/Executors$RunnableAdapter.call;java/util/concurrent/FutureTask.run;org/openjdk/jmh/runner/BenchmarkHandler$BenchmarkTask.call;org/openjdk/jmh/runner/BenchmarkHandler$BenchmarkTask.call;java/lang/reflect/Method.invoke;jdk/internal/reflect/DirectMethodHandleAccessor.invoke;jdk/internal/reflect/DirectMethodHandleAccessor.invokeImpl;java/lang/invoke/LambdaForm$MH.0x0000000020061400.invokeExact_MT;java/lang/invoke/LambdaForm$MH.0x0000000020061000.invoke;java/lang/invoke/DirectMethodHandle$Holder.invokeSpecial;org/weakref/nitro/tpch/jmh_generated/BenchmarkQueries_query17_jmhTest.query17_AverageTime;org/weakref/nitro/tpch/jmh_generated/BenchmarkQueries_query17_jmhTest.query17_avgt_jmhStub;org/weakref/nitro/tpch/BenchmarkQueries.query17;org/weakref/nitro/tpch/BenchmarkQueries.consume;org/weakref/nitro/operator/Output.borrow;org/weakref/nitro/operator/ProjectOperator$$Lambda.0x00000000201188c8.apply;org/weakref/nitro/operator/ProjectOperator.lambda$next$4;org/weakref/nitro/operator/ProjectOperator.evaluateOutput;java/util/HashMap.computeIfAbsent;org/weakref/nitro/operator/ProjectOperator$$Lambda.0x0000000020119aa0.apply;org/weakref/nitro/operator/ProjectOperator.lambda$evaluateOutput$0;org/weakref/nitro/operator/ProjectOperator.evaluateBundle;org/weakref/nitro/operator/evaluator/PlanEvaluator.evaluate;org/weakref/nitro/operator/evaluator/PlanEvaluator.evaluateUnmemoized;org/weakref/nitro/operator/evaluator/PlanEvaluator.evaluateVariable;org/weakref/nitro/operator/evaluator/PlanEvaluator.evaluateCall;org/weakref/nitro/operator/evaluator/PlanEvaluator.evaluateArgument;org/weakref/nitro/operator/evaluator/PlanEvaluator.evaluate;org/weakref/nitro/operator/evaluator/PlanEvaluator.evaluateUnmemoized;org/weakref/nitro/operator/evaluator/PlanEvaluator.evaluateInput;org/weakref/nitro/operator/ProjectOperator$$Lambda.0x00000000200bf8a0.resolve;org/weakref/nitro/operator/ProjectOperator.resolveEvaluatorInput;org/weakref/nitro/operator/Output.borrowOrNull;org/weakref/nitro/operator/Output.borrow;org/weakref/nitro/operator/AggregationOperator$$Lambda.0x0000000020111000.apply;org/weakref/nitro/operator/AggregationOperator.lambda$resultOutput$0;org/weakref/nitro/operator/AggregationOperator.doAggregationIfNeeded;org/weakref/nitro/operator/ProjectOperator.next;org/weakref/nitro/operator/FilterOperator.next;org/weakref/nitro/operator/evaluator/PlanEvaluator.evaluateInPlace;org/weakref/nitro/operator/evaluator/PlanEvaluator.evaluateTrueMaskInPlace;org/weakref/nitro/operator/evaluator/PlanEvaluator.tryEvaluatePrimitiveTrueMaskInPlace;org/weakref/nitro/operator/evaluator/PlanEvaluator.tryEvaluatePrimitiveMaskInPlace;org/weakref/nitro/operator/evaluator/PlanEvaluator.resolveMaskPrimitiveInvocation;org/weakref/nitro/operator/evaluator/PlanEvaluator.evaluateArgument;org/weakref/nitro/operator/FilterOperator$1.resolve;org/weakref/nitro/operator/Output.borrowOrNull;org/weakref/nitro/operator/Output.borrow;org/weakref/nitro/operator/Output.borrow;org/weakref/nitro/operator/HashJoinOperator$$Lambda.0x000000002013ba68.apply;org/weakref/nitro/operator/HashJoinOperator.lambda$resultOutput$3;org/weakref/nitro/operator/HashJoinOperator.materializeOutput;org/weakref/nitro/operator/HashJoinOperator.materializeInnerOutput;org/weakref/nitro/operator/HashJoinOperator.copyInnerPositions;org/weakref/nitro/operator/JoinBufferSupport.copyPositionsFresh;org/weakref/nitro/operator/JoinBufferSupport.copyPositions;org/weakref/nitro/operator/Output.borrow;org/weakref/nitro/operator/ProjectOperator$$Lambda.0x00000000201188c8.apply;org/weakref/nitro/operator/ProjectOperator.lambda$next$4;org/weakref/nitro/operator/ProjectOperator.evaluateOutput;java/util/HashMap.computeIfAbsent;org/weakref/nitro/operator/ProjectOperator$$Lambda.0x0000000020119aa0.apply;org/weakref/nitro/operator/ProjectOperator.lambda$evaluateOutput$0;org/weakref/nitro/operator/ProjectOperator.evaluateBundle;org/weakref/nitro/operator/evaluator/PlanEvaluator.evaluate;org/weakref/nitro/operator/evaluator/PlanEvaluator.evaluateUnmemoized;org/weakref/nitro/operator/evaluator/PlanEvaluator.evaluateVariable;org/weakref/nitro/operator/evaluator/PlanEvaluator.evaluateCall;org/weakref/nitro/function/scalar/builtin/MultiplyF64.apply;org/weakref/nitro/data/Allocator.allocateOrGrow;org/weakref/nitro/data/Allocator.allocate;org/weakref/nitro/data/Allocator.allocatePooled;org/weakref/nitro/data/Allocator$$Lambda.0x000000002011ba48.get;org/weakref/nitro/data/Allocator.lambda$allocate$0;org/weakref/nitro/function/scalar/builtin/MultiplyF64$$Lambda.0x0000000020181a18.apply;org/weakref/nitro/data/F64Vector.<init>;double[]_[i] 9
java/lang/Thread.run;java/lang/Thread.runWith;java/util/concurrent/ThreadPoolExecutor$Worker.run;java/util/concurrent/ThreadPoolExecutor.runWorker;java/util/concurrent/FutureTask.run;java/util/concurrent/Executors$RunnableAdapter.call;java/util/concurrent/FutureTask.run;org/openjdk/jmh/runner/BenchmarkHandler$BenchmarkTask.call;org/openjdk/jmh/runner/BenchmarkHandler$BenchmarkTask.call;java/lang/reflect/Method.invoke;jdk/internal/reflect/DirectMethodHandleAccessor.invoke;jdk/internal/reflect/DirectMethodHandleAccessor.invokeImpl;java/lang/invoke/LambdaForm$MH.0x0000000020061400.invokeExact_MT;java/lang/invoke/LambdaForm$MH.0x0000000020061000.invoke;java/lang/invoke/DirectMethodHandle$Holder.invokeSpecial;org/weakref/nitro/tpch/jmh_generated/BenchmarkQueries_query17_jmhTest.query17_AverageTime;org/weakref/nitro/tpch/jmh_generated/BenchmarkQueries_query17_jmhTest.query17_avgt_jmhStub;org/weakref/nitro/tpch/BenchmarkQueries.query17;org/weakref/nitro/tpch/BenchmarkQueries.consume;org/weakref/nitro/operator/Output.borrow;org/weakref/nitro/operator/ProjectOperator$$Lambda.0x00000000201188c8.apply;org/weakref/nitro/operator/ProjectOperator.lambda$next$4;org/weakref/nitro/operator/ProjectOperator.evaluateOutput;java/util/HashMap.computeIfAbsent;org/weakref/nitro/operator/ProjectOperator$$Lambda.0x0000000020119aa0.apply;org/weakref/nitro/operator/ProjectOperator.lambda$evaluateOutput$0;org/weakref/nitro/operator/ProjectOperator.evaluateBundle;org/weakref/nitro/operator/evaluator/PlanEvaluator.evaluate;org/weakref/nitro/operator/evaluator/PlanEvaluator.evaluateUnmemoized;org/weakref/nitro/operator/evaluator/PlanEvaluator.evaluateVariable;org/weakref/nitro/operator/evaluator/PlanEvaluator.evaluateCall;org/weakref/nitro/operator/evaluator/PlanEvaluator.evaluateArgument;org/weakref/nitro/operator/evaluator/PlanEvaluator.evaluate;org/weakref/nitro/operator/evaluator/PlanEvaluator.evaluateUnmemoized;org/weakref/nitro/operator/evaluator/PlanEvaluator.evaluateInput;org/weakref/nitro/operator/ProjectOperator$$Lambda.0x00000000200bf8a0.resolve;org/weakref/nitro/operator/ProjectOperator.resolveEvaluatorInput;org/weakref/nitro/operator/Output.borrowOrNull;org/weakref/nitro/operator/Output.borrow;org/weakref/nitro/operator/AggregationOperator$$Lambda.0x0000000020111000.apply;org/weakref/nitro/operator/AggregationOperator.lambda$resultOutput$0;org/weakref/nitro/operator/AggregationOperator.doAggregationIfNeeded;org/weakref/nitro/operator/ProjectOperator.next;org/weakref/nitro/operator/FilterOperator.next;org/weakref/nitro/operator/HashJoinOperator.next;org/weakref/nitro/operator/HashJoinOperator.produceBatch;org/weakref/nitro/operator/HashJoinOperator.produceOrdinaryBatch;org/weakref/nitro/operator/HashJoinOperator.loadNextOuterBatch;org/weakref/nitro/operator/HashJoinOperator.next;org/weakref/nitro/operator/HashJoinOperator.produceBatch;org/weakref/nitro/operator/HashJoinOperator.loadInnerIfNecessary;org/weakref/nitro/operator/BufferedJoinInput.loadAll;org/weakref/nitro/operator/ProjectOperator.next;org/weakref/nitro/operator/FilterOperator.next;org/weakref/nitro/operator/evaluator/PlanEvaluator.evaluateInPlace;org/weakref/nitro/operator/evaluator/PlanEvaluator.evaluateTrueMaskInPlace;org/weakref/nitro/operator/evaluator/PlanEvaluator.evaluateTrueMaskInPlace;org/weakref/nitro/operator/evaluator/PlanEvaluator.evaluateAdaptiveAndTrueMaskInPlace;org/weakref/nitro/operator/evaluator/PlanEvaluator.evaluateMeasuredTrueMaskInPlace;org/weakref/nitro/operator/evaluator/PlanEvaluator.evaluateTrueMaskInPlace;org/weakref/nitro/operator/evaluator/PlanEvaluator.tryEvaluatePrimitiveTrueMaskInPlace;org/weakref/nitro/operator/evaluator/PlanEvaluator.tryEvaluatePrimitiveMaskInPlace;org/weakref/nitro/operator/evaluator/PlanEvaluator.resolveMaskPrimitiveInvocation;org/weakref/nitro/operator/evaluator/PlanEvaluator.evaluateArgument;org/weakref/nitro/operator/FilterOperator$1.resolve;org/weakref/nitro/operator/Output.borrowOrNull;org/weakref/nitro/operator/Output.borrow;org/weakref/nitro/operator/Output.borrow;org/weakref/nitro/operator/NitroParquetScanOperator$ScanOutputResolver$$Lambda.0x00000000200aa768.apply;org/weakref/nitro/operator/NitroParquetScanOperator$ScanOutputResolver.resolve;org/weakref/nitro/operator/NitroParquetScanOperator.resolveLazyColumn;org/weakref/nitro/operator/NitroParquetScanOperator.decodeFullColumn;org/weakref/nitro/parquet/ColumnReader.readBinary;org/weakref/nitro/parquet/ColumnReader.readBinaryDirect;org/weakref/nitro/parquet/ColumnReader.decodeNextDataPage;org/weakref/nitro/parquet/ColumnReader.decodeDataPageV1;org/weakref/nitro/parquet/ColumnReader.ensureIdCapacity;org/weakref/nitro/parquet/ColumnReader.replaceInts;org/weakref/nitro/data/PrimitiveArrayPool.borrowInts;int[]_[i] 7
java/lang/Thread.run;java/lang/Thread.runWith;java/util/concurrent/ThreadPoolExecutor$Worker.run;java/util/concurrent/ThreadPoolExecutor.runWorker;java/util/concurrent/FutureTask.run;java/util/concurrent/Executors$RunnableAdapter.call;java/util/concurrent/FutureTask.run;org/openjdk/jmh/runner/BenchmarkHandler$BenchmarkTask.call;org/openjdk/jmh/runner/BenchmarkHandler$BenchmarkTask.call;java/lang/reflect/Method.invoke;jdk/internal/reflect/DirectMethodHandleAccessor.invoke;jdk/internal/reflect/DirectMethodHandleAccessor.invokeImpl;java/lang/invoke/LambdaForm$MH.0x0000000020061400.invokeExact_MT;java/lang/invoke/LambdaForm$MH.0x0000000020061000.invoke;java/lang/invoke/DirectMethodHandle$Holder.invokeSpecial;org/weakref/nitro/tpch/jmh_generated/BenchmarkQueries_query17_jmhTest.query17_AverageTime;org/weakref/nitro/tpch/jmh_generated/BenchmarkQueries_query17_jmhTest.query17_avgt_jmhStub;org/weakref/nitro/tpch/BenchmarkQueries.query17;org/weakref/nitro/tpch/BenchmarkQueries.consume;org/weakref/nitro/operator/Output.borrow;org/weakref/nitro/operator/ProjectOperator$$Lambda.0x00000000201188c8.apply;org/weakref/nitro/operator/ProjectOperator.lambda$next$4;org/weakref/nitro/operator/ProjectOperator.evaluateOutput;java/util/HashMap.computeIfAbsent;org/weakref/nitro/operator/ProjectOperator$$Lambda.0x0000000020119aa0.apply;org/weakref/nitro/operator/ProjectOperator.lambda$evaluateOutput$0;org/weakref/nitro/operator/ProjectOperator.evaluateBundle;org/weakref/nitro/operator/evaluator/PlanEvaluator.evaluate;org/weakref/nitro/operator/evaluator/PlanEvaluator.evaluateUnmemoized;org/weakref/nitro/operator/evaluator/PlanEvaluator.evaluateVariable;org/weakref/nitro/operator/evaluator/PlanEvaluator.evaluateCall;org/weakref/nitro/operator/evaluator/PlanEvaluator.evaluateArgument;org/weakref/nitro/operator/evaluator/PlanEvaluator.evaluate;org/weakref/nitro/operator/evaluator/PlanEvaluator.evaluateUnmemoized;org/weakref/nitro/operator/evaluator/PlanEvaluator.evaluateInput;org/weakref/nitro/operator/ProjectOperator$$Lambda.0x00000000200bf8a0.resolve;org/weakref/nitro/operator/ProjectOperator.resolveEvaluatorInput;org/weakref/nitro/operator/Output.borrowOrNull;org/weakref/nitro/operator/Output.borrow;org/weakref/nitro/operator/AggregationOperator$$Lambda.0x0000000020111000.apply;org/weakref/nitro/operator/AggregationOperator.lambda$resultOutput$0;org/weakref/nitro/operator/AggregationOperator.doAggregationIfNeeded;org/weakref/nitro/operator/ProjectOperator.next;org/weakref/nitro/operator/FilterOperator.next;org/weakref/nitro/operator/HashJoinOperator.next;org/weakref/nitro/operator/HashJoinOperator.produceBatch;org/weakref/nitro/operator/HashJoinOperator.loadInnerIfNecessary;org/weakref/nitro/operator/BufferedJoinInput.loadAll;org/weakref/nitro/operator/ProjectOperator.next;org/weakref/nitro/operator/GroupedAggregationOperator.next;org/weakref/nitro/operator/GroupedAggregationOperator.computeResults;org/weakref/nitro/operator/GroupedAggregationOperator.computeInlineGroupedResults;org/weakref/nitro/operator/GroupedAggregationOperator.accumulateGroupedRows;org/weakref/nitro/operator/aggregation/AvgF64.accumulate;org/weakref/nitro/operator/aggregation/StreamAccessors$$Lambda.0x0000000020122000.stream;org/weakref/nitro/operator/aggregation/StreamAccessors.lambda$forBatch$0;org/weakref/nitro/operator/aggregation/StreamAccessors.read;org/weakref/nitro/operator/Output.borrowOrNull;org/weakref/nitro/operator/Output.borrow;org/weakref/nitro/operator/NitroParquetScanOperator$ScanOutputResolver$$Lambda.0x00000000200aa768.apply;org/weakref/nitro/operator/NitroParquetScanOperator$ScanOutputResolver.resolve;org/weakref/nitro/operator/NitroParquetScanOperator.resolveLazyColumn;org/weakref/nitro/data/Allocator.allocate;java/lang/invoke/Invokers$Holder.linkToTargetMethod;java/lang/invoke/LambdaForm$DMH.0x000000002011d800.newInvokeSpecial;java/lang/invoke/DirectMethodHandle.allocateInstance;org.weakref.nitro.data.Allocator$$Lambda.0x000000002011ba48_[i] 3
java/lang/Thread.run;java/lang/Thread.runWith;java/util/concurrent/ThreadPoolExecutor$Worker.run;java/util/concurrent/ThreadPoolExecutor.runWorker;java/util/concurrent/FutureTask.run;java/util/concurrent/Executors$RunnableAdapter.call;java/util/concurrent/FutureTask.run;org/openjdk/jmh/runner/BenchmarkHandler$BenchmarkTask.call;org/openjdk/jmh/runner/BenchmarkHandler$BenchmarkTask.call;java/lang/reflect/Method.invoke;jdk/internal/reflect/DirectMethodHandleAccessor.invoke;jdk/internal/reflect/DirectMethodHandleAccessor.invokeImpl;java/lang/invoke/LambdaForm$MH.0x0000000020061400.invokeExact_MT;java/lang/invoke/LambdaForm$MH.0x0000000020061000.invoke;java/lang/invoke/DirectMethodHandle$Holder.invokeSpecial;org/weakref/nitro/tpch/jmh_generated/BenchmarkQueries_query17_jmhTest.query17_AverageTime;org/weakref/nitro/tpch/jmh_generated/BenchmarkQueries_query17_jmhTest.query17_avgt_jmhStub;org/weakref/nitro/tpch/BenchmarkQueries.query17;org/weakref/nitro/tpch/TpchParquetSupport.query17;org/weakref/nitro/tpch/TpchParquetSupport.scannedTable;org/weakref/nitro/operator/NitroParquetScanOperator.<init>;java/util/stream/ReferencePipeline.toArray;java/util/stream/AbstractPipeline.evaluateToArrayNode;java/util/stream/AbstractPipeline.evaluate;java/util/stream/AbstractPipeline.wrapAndCopyInto;java/util/stream/AbstractPipeline.copyInto;java/util/AbstractList$RandomAccessSpliterator.forEachRemaining;java/util/stream/ReferencePipeline$3$1.accept;org/weakref/nitro/operator/NitroParquetScanOperator$$Lambda.0x0000000020082cb8.apply;org/weakref/nitro/parquet/ParquetFile.open;org/weakref/nitro/parquet/ParquetFile.<init>;org/apache/parquet/format/Util.readFileMetaData;org/apache/parquet/format/Util.readFileMetaData;org/apache/parquet/format/Util.read;org/apache/parquet/format/FileMetaData.read;org/apache/parquet/format/FileMetaData$FileMetaDataStandardScheme.read;org/apache/parquet/format/FileMetaData$FileMetaDataStandardScheme.read;org/apache/parquet/format/RowGroup.read;org/apache/parquet/format/RowGroup$RowGroupStandardScheme.read;org/apache/parquet/format/RowGroup$RowGroupStandardScheme.read;org/apache/parquet/format/ColumnChunk.read;org/apache/parquet/format/ColumnChunk$ColumnChunkStandardScheme.read;org/apache/parquet/format/ColumnChunk$ColumnChunkStandardScheme.read;org/apache/parquet/format/ColumnMetaData.read;org/apache/parquet/format/ColumnMetaData$ColumnMetaDataStandardScheme.read;org/apache/parquet/format/ColumnMetaData$ColumnMetaDataStandardScheme.read;org/apache/parquet/format/PageEncodingStats.read;org/apache/parquet/format/PageEncodingStats$PageEncodingStatsStandardScheme.read;org/apache/parquet/format/PageEncodingStats$PageEncodingStatsStandardScheme.read;org/apache/parquet/format/InterningProtocol.readFieldBegin;shaded/parquet/org/apache/thrift/protocol/TCompactProtocol.readFieldBegin;shaded.parquet.org.apache.thrift.protocol.TField_[i] 1
java/lang/Thread.run;java/lang/Thread.runWith;java/util/concurrent/ThreadPoolExecutor$Worker.run;java/util/concurrent/ThreadPoolExecutor.runWorker;java/util/concurrent/FutureTask.run;java/util/concurrent/Executors$RunnableAdapter.call;java/util/concurrent/FutureTask.run;org/openjdk/jmh/runner/BenchmarkHandler$BenchmarkTask.call;org/openjdk/jmh/runner/BenchmarkHandler$BenchmarkTask.call;java/lang/reflect/Method.invoke;jdk/internal/reflect/DirectMethodHandleAccessor.invoke;jdk/internal/reflect/DirectMethodHandleAccessor.invokeImpl;java/lang/invoke/LambdaForm$MH.0x0000000020061400.invokeExact_MT;java/lang/invoke/LambdaForm$MH.0x0000000020061000.invoke;java/lang/invoke/DirectMethodHandle$Holder.invokeSpecial;org/weakref/nitro/tpch/jmh_generated/BenchmarkQueries_query17_jmhTest.query17_AverageTime;org/weakref/nitro/tpch/jmh_generated/BenchmarkQueries_query17_jmhTest.query17_avgt_jmhStub;org/weakref/nitro/tpch/BenchmarkQueries.query17;org/weakref/nitro/tpch/BenchmarkQueries.consume;org/weakref/nitro/operator/Output.borrow;org/weakref/nitro/operator/ProjectOperator$$Lambda.0x00000000201188c8.apply;org/weakref/nitro/operator/ProjectOperator.lambda$next$4;org/weakref/nitro/operator/ProjectOperator.evaluateOutput;java/util/HashMap.computeIfAbsent;org/weakref/nitro/operator/ProjectOperator$$Lambda.0x0000000020119aa0.apply;org/weakref/nitro/operator/ProjectOperator.lambda$evaluateOutput$0;org/weakref/nitro/operator/ProjectOperator.evaluateBundle;org/weakref/nitro/operator/evaluator/PlanEvaluator.evaluate;org/weakref/nitro/operator/evaluator/PlanEvaluator.evaluateUnmemoized;org/weakref/nitro/operator/evaluator/PlanEvaluator.evaluateVariable;org/weakref/nitro/operator/evaluator/PlanEvaluator.evaluateCall;org/weakref/nitro/operator/evaluator/PlanEvaluator.evaluateArgument;org/weakref/nitro/operator/evaluator/PlanEvaluator.evaluate;org/weakref/nitro/operator/evaluator/PlanEvaluator.evaluateUnmemoized;org/weakref/nitro/operator/evaluator/PlanEvaluator.evaluateInput;org/weakref/nitro/operator/ProjectOperator$$Lambda.0x00000000200bf8a0.resolve;org/weakref/nitro/operator/ProjectOperator.resolveEvaluatorInput;org/weakref/nitro/operator/Output.borrowOrNull;org/weakref/nitro/operator/Output.borrow;org/weakref/nitro/operator/AggregationOperator$$Lambda.0x0000000020111000.apply;org/weakref/nitro/operator/AggregationOperator.lambda$resultOutput$0;org/weakref/nitro/operator/AggregationOperator.doAggregationIfNeeded;org/weakref/nitro/operator/ProjectOperator.next;org/weakref/nitro/operator/FilterOperator.next;org/weakref/nitro/operator/HashJoinOperator.next;org/weakref/nitro/operator/HashJoinOperator.produceBatch;org/weakref/nitro/operator/HashJoinOperator.produceOrdinaryBatch;org/weakref/nitro/operator/HashJoinOperator.loadNextOuterBatch;org/weakref/nitro/operator/HashJoinOperator.next;org/weakref/nitro/operator/HashJoinOperator.produceBatch;org/weakref/nitro/operator/HashJoinOperator.loadInnerIfNecessary;org/weakref/nitro/operator/BufferedJoinInput.loadAll;org/weakref/nitro/operator/ProjectOperator.next;org/weakref/nitro/operator/FilterOperator.next;org/weakref/nitro/operator/evaluator/PlanEvaluator.evaluateInPlace;org/weakref/nitro/operator/evaluator/PlanEvaluator.evaluateTrueMaskInPlace;org/weakref/nitro/operator/evaluator/PlanEvaluator.evaluateTrueMaskInPlace;org/weakref/nitro/operator/evaluator/PlanEvaluator.evaluateAdaptiveAndTrueMaskInPlace;org/weakref/nitro/operator/evaluator/PlanEvaluator.evaluateMeasuredTrueMaskInPlace;org/weakref/nitro/operator/evaluator/PlanEvaluator.evaluateTrueMaskInPlace;org/weakref/nitro/operator/evaluator/PlanEvaluator.tryEvaluatePrimitiveTrueMaskInPlace;org/weakref/nitro/operator/evaluator/PlanEvaluator.tryEvaluatePrimitiveMaskInPlace;org/weakref/nitro/operator/evaluator/PlanEvaluator.resolveMaskPrimitiveInvocation;org/weakref/nitro/operator/evaluator/PlanEvaluator.evaluateArgument;org/weakref/nitro/operator/evaluator/PlanEvaluator.evaluateAvailableReference;org/weakref/nitro/operator/evaluator/PlanEvaluator.evaluate;org/weakref/nitro/operator/evaluator/PlanEvaluator.evaluateUnmemoized;org/weakref/nitro/operator/evaluator/PlanEvaluator.evaluateVariable;org/weakref/nitro/operator/evaluator/PlanEvaluator.evaluateLiteral;org/weakref/nitro/operator/Streams.of;org/weakref/nitro/operator/Streams$Builder.build;org.weakref.nitro.operator.Streams_[i] 1
java/lang/Thread.run;java/lang/Thread.runWith;java/util/concurrent/ThreadPoolExecutor$Worker.run;java/util/concurrent/ThreadPoolExecutor.runWorker;java/util/concurrent/FutureTask.run;java/util/concurrent/Executors$RunnableAdapter.call;java/util/concurrent/FutureTask.run;org/openjdk/jmh/runner/BenchmarkHandler$BenchmarkTask.call;org/openjdk/jmh/runner/BenchmarkHandler$BenchmarkTask.call;java/lang/reflect/Method.invoke;jdk/internal/reflect/DirectMethodHandleAccessor.invoke;jdk/internal/reflect/DirectMethodHandleAccessor.invokeImpl;java/lang/invoke/LambdaForm$MH.0x0000000020061400.invokeExact_MT;java/lang/invoke/LambdaForm$MH.0x0000000020061000.invoke;java/lang/invoke/DirectMethodHandle$Holder.invokeSpecial;org/weakref/nitro/tpch/jmh_generated/BenchmarkQueries_query17_jmhTest.query17_AverageTime;org/weakref/nitro/tpch/jmh_generated/BenchmarkQueries_query17_jmhTest.query17_avgt_jmhStub;org/weakref/nitro/tpch/BenchmarkQueries.query17;org/weakref/nitro/tpch/BenchmarkQueries.consume;org/weakref/nitro/operator/Output.borrow;org/weakref/nitro/operator/ProjectOperator$$Lambda.0x00000000201188c8.apply;org/weakref/nitro/operator/ProjectOperator.lambda$next$4;org/weakref/nitro/operator/ProjectOperator.evaluateOutput;java/util/HashMap.computeIfAbsent;org/weakref/nitro/operator/ProjectOperator$$Lambda.0x0000000020119aa0.apply;org/weakref/nitro/operator/ProjectOperator.lambda$evaluateOutput$0;org/weakref/nitro/operator/ProjectOperator.evaluateBundle;org/weakref/nitro/operator/evaluator/PlanEvaluator.evaluate;org/weakref/nitro/operator/evaluator/PlanEvaluator.evaluateUnmemoized;org/weakref/nitro/operator/evaluator/PlanEvaluator.evaluateVariable;org/weakref/nitro/operator/evaluator/PlanEvaluator.evaluateCall;org/weakref/nitro/operator/evaluator/PlanEvaluator.evaluateArgument;org/weakref/nitro/operator/evaluator/PlanEvaluator.evaluate;org/weakref/nitro/operator/evaluator/PlanEvaluator.evaluateUnmemoized;org/weakref/nitro/operator/evaluator/PlanEvaluator.evaluateInput;org/weakref/nitro/operator/ProjectOperator$$Lambda.0x00000000200bf8a0.resolve;org/weakref/nitro/operator/ProjectOperator.resolveEvaluatorInput;org/weakref/nitro/operator/Output.borrowOrNull;org/weakref/nitro/operator/Output.borrow;org/weakref/nitro/operator/AggregationOperator$$Lambda.0x0000000020111000.apply;org/weakref/nitro/operator/AggregationOperator.lambda$resultOutput$0;org/weakref/nitro/operator/AggregationOperator.doAggregationIfNeeded;org/weakref/nitro/operator/ProjectOperator.next;org/weakref/nitro/operator/FilterOperator.next;org/weakref/nitro/operator/HashJoinOperator.next;org/weakref/nitro/operator/HashJoinOperator.produceBatch;org/weakref/nitro/operator/HashJoinOperator.loadInnerIfNecessary;org/weakref/nitro/operator/BufferedJoinInput.loadAll;org/weakref/nitro/operator/ProjectOperator.next;org/weakref/nitro/operator/GroupedAggregationOperator.next;org/weakref/nitro/operator/GroupedAggregationOperator.computeResults;org/weakref/nitro/operator/GroupedAggregationOperator.computeInlineGroupedResults;org/weakref/nitro/operator/GroupedAggregationOperator.prepareAggregationStates;org/weakref/nitro/operator/aggregation/AvgF64.grow;org/weakref/nitro/data/AvgStateVector.grow;long[]_[i] 150
java/lang/Thread.run;java/lang/Thread.runWith;java/util/concurrent/ThreadPoolExecutor$Worker.run;java/util/concurrent/ThreadPoolExecutor.runWorker;java/util/concurrent/FutureTask.run;java/util/concurrent/Executors$RunnableAdapter.call;java/util/concurrent/FutureTask.run;org/openjdk/jmh/runner/BenchmarkHandler$BenchmarkTask.call;org/openjdk/jmh/runner/BenchmarkHandler$BenchmarkTask.call;java/lang/reflect/Method.invoke;jdk/internal/reflect/DirectMethodHandleAccessor.invoke;jdk/internal/reflect/DirectMethodHandleAccessor.invokeImpl;java/lang/invoke/LambdaForm$MH.0x0000000020061400.invokeExact_MT;java/lang/invoke/LambdaForm$MH.0x0000000020061000.invoke;java/lang/invoke/DirectMethodHandle$Holder.invokeSpecial;org/weakref/nitro/tpch/jmh_generated/BenchmarkQueries_query17_jmhTest.query17_AverageTime;org/weakref/nitro/tpch/jmh_generated/BenchmarkQueries_query17_jmhTest.query17_avgt_jmhStub;org/weakref/nitro/tpch/BenchmarkQueries.query17;org/weakref/nitro/tpch/BenchmarkQueries.consume;org/weakref/nitro/operator/Output.borrow;org/weakref/nitro/operator/ProjectOperator$$Lambda.0x00000000201188c8.apply;org/weakref/nitro/operator/ProjectOperator.lambda$next$4;org/weakref/nitro/operator/ProjectOperator.evaluateOutput;java/util/HashMap.computeIfAbsent;org/weakref/nitro/operator/ProjectOperator$$Lambda.0x0000000020119aa0.apply;org/weakref/nitro/operator/ProjectOperator.lambda$evaluateOutput$0;org/weakref/nitro/operator/ProjectOperator.evaluateBundle;org/weakref/nitro/operator/evaluator/PlanEvaluator.evaluate;org/weakref/nitro/operator/evaluator/PlanEvaluator.evaluateUnmemoized;org/weakref/nitro/operator/evaluator/PlanEvaluator.evaluateVariable;org/weakref/nitro/operator/evaluator/PlanEvaluator.evaluateCall;org/weakref/nitro/operator/evaluator/PlanEvaluator.evaluateArgument;org/weakref/nitro/operator/evaluator/PlanEvaluator.evaluate;org/weakref/nitro/operator/evaluator/PlanEvaluator.evaluateUnmemoized;org/weakref/nitro/operator/evaluator/PlanEvaluator.evaluateInput;org/weakref/nitro/operator/ProjectOperator$$Lambda.0x00000000200bf8a0.resolve;org/weakref/nitro/operator/ProjectOperator.resolveEvaluatorInput;org/weakref/nitro/operator/Output.borrowOrNull;org/weakref/nitro/operator/Output.borrow;org/weakref/nitro/operator/AggregationOperator$$Lambda.0x0000000020111000.apply;org/weakref/nitro/operator/AggregationOperator.lambda$resultOutput$0;org/weakref/nitro/operator/AggregationOperator.doAggregationIfNeeded;org/weakref/nitro/operator/ProjectOperator.next;org/weakref/nitro/operator/FilterOperator.next;org/weakref/nitro/operator/HashJoinOperator.next;org/weakref/nitro/operator/HashJoinOperator.produceBatch;org/weakref/nitro/operator/HashJoinOperator.loadInnerIfNecessary;org/weakref/nitro/operator/BufferedJoinInput.loadAll;org/weakref/nitro/operator/ProjectOperator.next;org/weakref/nitro/operator/GroupedAggregationOperator.next;org/weakref/nitro/operator/GroupedAggregationOperator.computeResults;org/weakref/nitro/operator/GroupedAggregationOperator.computeInlineGroupedResults;org/weakref/nitro/operator/Batch.close;org/weakref/nitro/operator/Output.close;org/weakref/nitro/operator/Output.release;org/weakref/nitro/operator/BatchBufferOwner.accept;org/weakref/nitro/operator/BatchBufferOwner.accept;org/weakref/nitro/operator/NitroParquetScanOperator$ScanOutputResolver.release;org/weakref/nitro/operator/BatchBufferScope.release;org/weakref/nitro/data/Allocator.release;org/weakref/nitro/data/Allocator.releaseVectorTree;org/weakref/nitro/data/Allocator.releaseVector;org/weakref/nitro/data/Allocator$ContextState.releaseVector;org/weakref/nitro/data/Allocator$ContextState.addVectorToPool;java/util/TreeMap.computeIfAbsent;java/util/TreeMap.callMappingFunctionWithCheck;org/weakref/nitro/data/Allocator$ContextState$$Lambda.0x0000000020123b30.apply;org/weakref/nitro/data/Allocator$ContextState.lambda$addVectorToPool$1;java/util/ArrayDeque.<init>;java.lang.Object[]_[i] 9
java/lang/Thread.run;java/lang/Thread.runWith;java/util/concurrent/ThreadPoolExecutor$Worker.run;java/util/concurrent/ThreadPoolExecutor.runWorker;java/util/concurrent/FutureTask.run;java/util/concurrent/Executors$RunnableAdapter.call;java/util/concurrent/FutureTask.run;org/openjdk/jmh/runner/BenchmarkHandler$BenchmarkTask.call;org/openjdk/jmh/runner/BenchmarkHandler$BenchmarkTask.call;java/lang/reflect/Method.invoke;jdk/internal/reflect/DirectMethodHandleAccessor.invoke;jdk/internal/reflect/DirectMethodHandleAccessor.invokeImpl;java/lang/invoke/LambdaForm$MH.0x0000000020061400.invokeExact_MT;java/lang/invoke/LambdaForm$MH.0x0000000020061000.invoke;java/lang/invoke/DirectMethodHandle$Holder.invokeSpecial;org/weakref/nitro/tpch/jmh_generated/BenchmarkQueries_query17_jmhTest.query17_AverageTime;org/weakref/nitro/tpch/jmh_generated/BenchmarkQueries_query17_jmhTest.query17_avgt_jmhStub;org/weakref/nitro/tpch/BenchmarkQueries.query17;org/weakref/nitro/tpch/BenchmarkQueries.consume;org/weakref/nitro/operator/Output.borrow;org/weakref/nitro/operator/ProjectOperator$$Lambda.0x00000000201188c8.apply;org/weakref/nitro/operator/ProjectOperator.lambda$next$4;org/weakref/nitro/operator/ProjectOperator.evaluateOutput;java/util/HashMap.computeIfAbsent;org/weakref/nitro/operator/ProjectOperator$$Lambda.0x0000000020119aa0.apply;org/weakref/nitro/operator/ProjectOperator.lambda$evaluateOutput$0;org/weakref/nitro/operator/ProjectOperator.evaluateBundle;org/weakref/nitro/operator/evaluator/PlanEvaluator.evaluate;org/weakref/nitro/operator/evaluator/PlanEvaluator.evaluateUnmemoized;org/weakref/nitro/operator/evaluator/PlanEvaluator.evaluateVariable;org/weakref/nitro/operator/evaluator/PlanEvaluator.evaluateCall;org/weakref/nitro/operator/evaluator/PlanEvaluator.evaluateArgument;org/weakref/nitro/operator/evaluator/PlanEvaluator.evaluate;org/weakref/nitro/operator/evaluator/PlanEvaluator.evaluateUnmemoized;org/weakref/nitro/operator/evaluator/PlanEvaluator.evaluateInput;org/weakref/nitro/operator/ProjectOperator$$Lambda.0x00000000200bf8a0.resolve;org/weakref/nitro/operator/ProjectOperator.resolveEvaluatorInput;org/weakref/nitro/operator/Output.borrowOrNull;org/weakref/nitro/operator/Output.borrow;org/weakref/nitro/operator/AggregationOperator$$Lambda.0x0000000020111000.apply;org/weakref/nitro/operator/AggregationOperator.lambda$resultOutput$0;org/weakref/nitro/operator/AggregationOperator.doAggregationIfNeeded;org/weakref/nitro/operator/ProjectOperator.next;org/weakref/nitro/operator/FilterOperator.next;org/weakref/nitro/operator/evaluator/PlanEvaluator.evaluateInPlace;org/weakref/nitro/operator/evaluator/PlanEvaluator.evaluateTrueMaskInPlace;org/weakref/nitro/operator/evaluator/PlanEvaluator.tryEvaluatePrimitiveTrueMaskInPlace;org/weakref/nitro/operator/evaluator/PlanEvaluator.tryEvaluatePrimitiveMaskInPlace;org/weakref/nitro/operator/evaluator/PlanEvaluator.resolveMaskPrimitiveInvocation;org/weakref/nitro/operator/evaluator/PlanEvaluator.evaluateArgument;org/weakref/nitro/operator/FilterOperator$1.resolve;org/weakref/nitro/operator/Output.borrowOrNull;org/weakref/nitro/operator/Output.borrow;org/weakref/nitro/operator/Output.borrow;org/weakref/nitro/operator/HashJoinOperator$$Lambda.0x000000002013ba68.apply;org/weakref/nitro/operator/HashJoinOperator.lambda$resultOutput$3;org/weakref/nitro/operator/HashJoinOperator.materializeOutput;org/weakref/nitro/operator/HashJoinOperator.materializeInnerOutput;org/weakref/nitro/operator/HashJoinOperator.copyInnerPositions;org/weakref/nitro/operator/JoinBufferSupport.copyPositionsFresh;org/weakref/nitro/operator/JoinBufferSupport.copyPositions;org/weakref/nitro/operator/JoinBufferSupport.copyVectorPositions;org/weakref/nitro/operator/JoinBufferSupport.copyDoublePositions;org/weakref/nitro/operator/JoinBufferSupport.ensureDoubleCapacity;org/weakref/nitro/data/Allocator.allocate;org/weakref/nitro/data/Allocator.allocatePooled;org/weakref/nitro/data/Allocator$$Lambda.0x000000002011ba48.get;org/weakref/nitro/data/Allocator.lambda$allocate$0;org/weakref/nitro/operator/JoinBufferSupport$$Lambda.0x0000000020181c40.apply;org/weakref/nitro/data/F64Vector.<init>;double[]_[i] 2
java/lang/Thread.run;java/lang/Thread.runWith;java/util/concurrent/ThreadPoolExecutor$Worker.run;java/util/concurrent/ThreadPoolExecutor.runWorker;java/util/concurrent/FutureTask.run;java/util/concurrent/Executors$RunnableAdapter.call;java/util/concurrent/FutureTask.run;org/openjdk/jmh/runner/BenchmarkHandler$BenchmarkTask.call;org/openjdk/jmh/runner/BenchmarkHandler$BenchmarkTask.call;java/lang/reflect/Method.invoke;jdk/internal/reflect/DirectMethodHandleAccessor.invoke;jdk/internal/reflect/DirectMethodHandleAccessor.invokeImpl;java/lang/invoke/LambdaForm$MH.0x0000000020061400.invokeExact_MT;java/lang/invoke/LambdaForm$MH.0x0000000020061000.invoke;java/lang/invoke/DirectMethodHandle$Holder.invokeSpecial;org/weakref/nitro/tpch/jmh_generated/BenchmarkQueries_query17_jmhTest.query17_AverageTime;org/weakref/nitro/tpch/jmh_generated/BenchmarkQueries_query17_jmhTest.query17_avgt_jmhStub;org/weakref/nitro/tpch/BenchmarkQueries.query17;org/weakref/nitro/tpch/TpchParquetSupport.query17;org/weakref/nitro/tpch/TpchParquetSupport.scannedTable;org/weakref/nitro/operator/NitroParquetScanOperator.<init>;java/util/stream/ReferencePipeline.toArray;java/util/stream/AbstractPipeline.evaluateToArrayNode;java/util/stream/AbstractPipeline.evaluate;java/util/stream/AbstractPipeline.wrapAndCopyInto;java/util/stream/AbstractPipeline.copyInto;java/util/AbstractList$RandomAccessSpliterator.forEachRemaining;java/util/stream/ReferencePipeline$3$1.accept;org/weakref/nitro/operator/NitroParquetScanOperator$$Lambda.0x0000000020082cb8.apply;org/weakref/nitro/parquet/ParquetFile.open;org/weakref/nitro/parquet/ParquetFile.<init>;org/apache/parquet/format/Util.readFileMetaData;org/apache/parquet/format/Util.readFileMetaData;org/apache/parquet/format/Util.read;org/apache/parquet/format/FileMetaData.read;org/apache/parquet/format/FileMetaData$FileMetaDataStandardScheme.read;org/apache/parquet/format/FileMetaData$FileMetaDataStandardScheme.read;org/apache/parquet/format/RowGroup.read;org/apache/parquet/format/RowGroup$RowGroupStandardScheme.read;org/apache/parquet/format/RowGroup$RowGroupStandardScheme.read;org/apache/parquet/format/ColumnChunk.read;org/apache/parquet/format/ColumnChunk$ColumnChunkStandardScheme.read;org/apache/parquet/format/ColumnChunk$ColumnChunkStandardScheme.read;org/apache/parquet/format/ColumnMetaData.read;org/apache/parquet/format/ColumnMetaData$ColumnMetaDataStandardScheme.read;org/apache/parquet/format/ColumnMetaData$ColumnMetaDataStandardScheme.read;org/apache/parquet/format/InterningProtocol.readString;shaded/parquet/org/apache/thrift/protocol/TCompactProtocol.readString;java/lang/String.<init>;java/lang/String.<init>;java/lang/String.utf8;java/util/Arrays.copyOfRange;byte[]_[i] 1
java/lang/Thread.run;java/lang/Thread.runWith;java/util/concurrent/ThreadPoolExecutor$Worker.run;java/util/concurrent/ThreadPoolExecutor.runWorker;java/util/concurrent/FutureTask.run;java/util/concurrent/Executors$RunnableAdapter.call;java/util/concurrent/FutureTask.run;org/openjdk/jmh/runner/BenchmarkHandler$BenchmarkTask.call;org/openjdk/jmh/runner/BenchmarkHandler$BenchmarkTask.call;java/lang/reflect/Method.invoke;jdk/internal/reflect/DirectMethodHandleAccessor.invoke;jdk/internal/reflect/DirectMethodHandleAccessor.invokeImpl;java/lang/invoke/LambdaForm$MH.0x0000000020061400.invokeExact_MT;java/lang/invoke/LambdaForm$MH.0x0000000020061000.invoke;java/lang/invoke/DirectMethodHandle$Holder.invokeSpecial;org/weakref/nitro/tpch/jmh_generated/BenchmarkQueries_query17_jmhTest.query17_AverageTime;org/weakref/nitro/tpch/jmh_generated/BenchmarkQueries_query17_jmhTest.query17_avgt_jmhStub;org/weakref/nitro/tpch/BenchmarkQueries.query17;org/weakref/nitro/tpch/BenchmarkQueries.consume;org/weakref/nitro/operator/Output.borrow;org/weakref/nitro/operator/ProjectOperator$$Lambda.0x00000000201188c8.apply;org/weakref/nitro/operator/ProjectOperator.lambda$next$4;org/weakref/nitro/operator/ProjectOperator.evaluateOutput;java/util/HashMap.computeIfAbsent;org/weakref/nitro/operator/ProjectOperator$$Lambda.0x0000000020119aa0.apply;org/weakref/nitro/operator/ProjectOperator.lambda$evaluateOutput$0;org/weakref/nitro/operator/ProjectOperator.evaluateBundle;org/weakref/nitro/operator/evaluator/PlanEvaluator.evaluate;org/weakref/nitro/operator/evaluator/PlanEvaluator.evaluateUnmemoized;org/weakref/nitro/operator/evaluator/PlanEvaluator.evaluateVariable;org/weakref/nitro/operator/evaluator/PlanEvaluator.evaluateCall;org/weakref/nitro/operator/evaluator/PlanEvaluator.evaluateArgument;org/weakref/nitro/operator/evaluator/PlanEvaluator.evaluate;org/weakref/nitro/operator/evaluator/PlanEvaluator.evaluateUnmemoized;org/weakref/nitro/operator/evaluator/PlanEvaluator.evaluateInput;org/weakref/nitro/operator/ProjectOperator$$Lambda.0x00000000200bf8a0.resolve;org/weakref/nitro/operator/ProjectOperator.resolveEvaluatorInput;org/weakref/nitro/operator/Output.borrowOrNull;org/weakref/nitro/operator/Output.borrow;org/weakref/nitro/operator/AggregationOperator$$Lambda.0x0000000020111000.apply;org/weakref/nitro/operator/AggregationOperator.lambda$resultOutput$0;org/weakref/nitro/operator/AggregationOperator.doAggregationIfNeeded;org/weakref/nitro/operator/ProjectOperator.next;org/weakref/nitro/operator/FilterOperator.next;org/weakref/nitro/operator/HashJoinOperator.next;org/weakref/nitro/operator/HashJoinOperator.produceBatch;org/weakref/nitro/operator/HashJoinOperator.produceOrdinaryBatch;org/weakref/nitro/operator/HashJoinOperator.loadNextOuterBatch;org/weakref/nitro/operator/HashJoinOperator.next;org/weakref/nitro/operator/HashJoinOperator.produceBatch;org/weakref/nitro/operator/HashJoinOperator.loadInnerIfNecessary;org/weakref/nitro/operator/BufferedJoinInput.loadAll;org/weakref/nitro/operator/ProjectOperator.next;org/weakref/nitro/operator/FilterOperator.next;org/weakref/nitro/operator/evaluator/PlanEvaluator.evaluateInPlace;org/weakref/nitro/operator/evaluator/PlanEvaluator.evaluateTrueMaskInPlace;org/weakref/nitro/operator/evaluator/PlanEvaluator.evaluateTrueMaskInPlace;org/weakref/nitro/operator/evaluator/PlanEvaluator.evaluateAdaptiveAndTrueMaskInPlace;org/weakref/nitro/operator/evaluator/PlanEvaluator.evaluateMeasuredTrueMaskInPlace;org/weakref/nitro/operator/evaluator/PlanEvaluator.evaluateTrueMaskInPlace;org/weakref/nitro/operator/evaluator/PlanEvaluator.tryEvaluatePrimitiveTrueMaskInPlace;org/weakref/nitro/operator/evaluator/PlanEvaluator.tryEvaluatePrimitiveMaskInPlace;org/weakref/nitro/operator/evaluator/PlanEvaluator.resolveMaskPrimitiveInvocation;org/weakref/nitro/operator/evaluator/PlanEvaluator.evaluateArgument;java/util/ImmutableCollections$Set12.iterator;java.util.ImmutableCollections$Set12$1_[i] 1
java/lang/Thread.run;java/lang/Thread.runWith;java/util/concurrent/ThreadPoolExecutor$Worker.run;java/util/concurrent/ThreadPoolExecutor.runWorker;java/util/concurrent/FutureTask.run;java/util/concurrent/Executors$RunnableAdapter.call;java/util/concurrent/FutureTask.run;org/openjdk/jmh/runner/BenchmarkHandler$BenchmarkTask.call;org/openjdk/jmh/runner/BenchmarkHandler$BenchmarkTask.call;java/lang/reflect/Method.invoke;jdk/internal/reflect/DirectMethodHandleAccessor.invoke;jdk/internal/reflect/DirectMethodHandleAccessor.invokeImpl;java/lang/invoke/LambdaForm$MH.0x0000000020061400.invokeExact_MT;java/lang/invoke/LambdaForm$MH.0x0000000020061000.invoke;java/lang/invoke/DirectMethodHandle$Holder.invokeSpecial;org/weakref/nitro/tpch/jmh_generated/BenchmarkQueries_query17_jmhTest.query17_AverageTime;org/weakref/nitro/tpch/jmh_generated/BenchmarkQueries_query17_jmhTest.query17_avgt_jmhStub;org/weakref/nitro/tpch/BenchmarkQueries.query17;org/weakref/nitro/tpch/BenchmarkQueries.consume;org/weakref/nitro/operator/Output.borrow;org/weakref/nitro/operator/ProjectOperator$$Lambda.0x00000000201188c8.apply;org/weakref/nitro/operator/ProjectOperator.lambda$next$4;org/weakref/nitro/operator/ProjectOperator.evaluateOutput;java/util/HashMap.computeIfAbsent;org/weakref/nitro/operator/ProjectOperator$$Lambda.0x0000000020119aa0.apply;org/weakref/nitro/operator/ProjectOperator.lambda$evaluateOutput$0;org/weakref/nitro/operator/ProjectOperator.evaluateBundle;org/weakref/nitro/operator/evaluator/PlanEvaluator.evaluate;org/weakref/nitro/operator/evaluator/PlanEvaluator.evaluateUnmemoized;org/weakref/nitro/operator/evaluator/PlanEvaluator.evaluateVariable;org/weakref/nitro/operator/evaluator/PlanEvaluator.evaluateCall;org/weakref/nitro/operator/evaluator/PlanEvaluator.evaluateArgument;org/weakref/nitro/operator/evaluator/PlanEvaluator.evaluate;org/weakref/nitro/operator/evaluator/PlanEvaluator.evaluateUnmemoized;org/weakref/nitro/operator/evaluator/PlanEvaluator.evaluateInput;org/weakref/nitro/operator/ProjectOperator$$Lambda.0x00000000200bf8a0.resolve;org/weakref/nitro/operator/ProjectOperator.resolveEvaluatorInput;org/weakref/nitro/operator/Output.borrowOrNull;org/weakref/nitro/operator/Output.borrow;org/weakref/nitro/operator/AggregationOperator$$Lambda.0x0000000020111000.apply;org/weakref/nitro/operator/AggregationOperator.lambda$resultOutput$0;org/weakref/nitro/operator/AggregationOperator.doAggregationIfNeeded;org/weakref/nitro/operator/ProjectOperator.next;org/weakref/nitro/operator/FilterOperator.next;org/weakref/nitro/operator/HashJoinOperator.next;org/weakref/nitro/operator/HashJoinOperator.produceBatch;org/weakref/nitro/operator/HashJoinOperator.loadInnerIfNecessary;org/weakref/nitro/operator/BufferedJoinInput.loadAll;org/weakref/nitro/operator/ProjectOperator.next;org/weakref/nitro/operator/GroupedAggregationOperator.next;org/weakref/nitro/operator/GroupedAggregationOperator.computeResults;org/weakref/nitro/operator/GroupedAggregationOperator.computeInlineGroupedResults;org/weakref/nitro/operator/Batch.close;org/weakref/nitro/operator/Output.close;org/weakref/nitro/operator/Output.release;org/weakref/nitro/operator/BatchBufferOwner.accept;org/weakref/nitro/operator/BatchBufferOwner.accept;org/weakref/nitro/operator/NitroParquetScanOperator$ScanOutputResolver.release;org/weakref/nitro/operator/BatchBufferScope.release;org/weakref/nitro/data/Allocator.release;org/weakref/nitro/data/Allocator.releaseVectorTree;org/weakref/nitro/data/Allocator.releaseVector;org/weakref/nitro/data/Allocator$ContextState.releaseVector;org/weakref/nitro/data/Allocator$ContextState.addVectorToPool;java/util/TreeMap.computeIfAbsent;java/util/TreeMap.callMappingFunctionWithCheck;org/weakref/nitro/data/Allocator$ContextState$$Lambda.0x0000000020123b30.apply;org/weakref/nitro/data/Allocator$ContextState.lambda$addVectorToPool$1;java.util.ArrayDeque_[i] 1
java/lang/Thread.run;java/lang/Thread.runWith;java/util/concurrent/ThreadPoolExecutor$Worker.run;java/util/concurrent/ThreadPoolExecutor.runWorker;java/util/concurrent/FutureTask.run;java/util/concurrent/Executors$RunnableAdapter.call;java/util/concurrent/FutureTask.run;org/openjdk/jmh/runner/BenchmarkHandler$BenchmarkTask.call;org/openjdk/jmh/runner/BenchmarkHandler$BenchmarkTask.call;java/lang/reflect/Method.invoke;jdk/internal/reflect/DirectMethodHandleAccessor.invoke;jdk/internal/reflect/DirectMethodHandleAccessor.invokeImpl;java/lang/invoke/LambdaForm$MH.0x0000000020061400.invokeExact_MT;java/lang/invoke/LambdaForm$MH.0x0000000020061000.invoke;java/lang/invoke/DirectMethodHandle$Holder.invokeSpecial;org/weakref/nitro/tpch/jmh_generated/BenchmarkQueries_query17_jmhTest.query17_AverageTime;org/weakref/nitro/tpch/jmh_generated/BenchmarkQueries_query17_jmhTest.query17_avgt_jmhStub;org/weakref/nitro/tpch/BenchmarkQueries.query17;org/weakref/nitro/tpch/TpchParquetSupport.query17;org/weakref/nitro/tpch/TpchParquetSupport.scannedTable;org/weakref/nitro/operator/NitroParquetScanOperator.<init>;java/util/stream/ReferencePipeline.toArray;java/util/stream/AbstractPipeline.evaluateToArrayNode;java/util/stream/AbstractPipeline.evaluate;java/util/stream/AbstractPipeline.wrapAndCopyInto;java/util/stream/AbstractPipeline.copyInto;java/util/AbstractList$RandomAccessSpliterator.forEachRemaining;java/util/stream/ReferencePipeline$3$1.accept;org/weakref/nitro/operator/NitroParquetScanOperator$$Lambda.0x0000000020082cb8.apply;org/weakref/nitro/parquet/ParquetFile.open;org/weakref/nitro/parquet/ParquetFile.<init>;org/apache/parquet/format/Util.readFileMetaData;org/apache/parquet/format/Util.readFileMetaData;org/apache/parquet/format/Util.read;org/apache/parquet/format/FileMetaData.read;org/apache/parquet/format/FileMetaData$FileMetaDataStandardScheme.read;org/apache/parquet/format/FileMetaData$FileMetaDataStandardScheme.read;org/apache/parquet/format/RowGroup.read;org/apache/parquet/format/RowGroup$RowGroupStandardScheme.read;org/apache/parquet/format/RowGroup$RowGroupStandardScheme.read;org/apache/parquet/format/ColumnChunk.read;org/apache/parquet/format/ColumnChunk$ColumnChunkStandardScheme.read;org/apache/parquet/format/ColumnChunk$ColumnChunkStandardScheme.read;org/apache/parquet/format/ColumnMetaData.read;org/apache/parquet/format/ColumnMetaData$ColumnMetaDataStandardScheme.read;org/apache/parquet/format/ColumnMetaData$ColumnMetaDataStandardScheme.read;org/apache/parquet/format/Statistics.read;org/apache/parquet/format/Statistics$StatisticsStandardScheme.read;org/apache/parquet/format/Statistics$StatisticsStandardScheme.read;org/apache/parquet/format/InterningProtocol.readBinary;shaded/parquet/org/apache/thrift/protocol/TCompactProtocol.readBinary;byte[]_[i] 1
java/lang/Thread.run;java/lang/Thread.runWith;java/util/concurrent/ThreadPoolExecutor$Worker.run;java/util/concurrent/ThreadPoolExecutor.runWorker;java/util/concurrent/FutureTask.run;java/util/concurrent/Executors$RunnableAdapter.call;java/util/concurrent/FutureTask.run;org/openjdk/jmh/runner/BenchmarkHandler$BenchmarkTask.call;org/openjdk/jmh/runner/BenchmarkHandler$BenchmarkTask.call;java/lang/reflect/Method.invoke;jdk/internal/reflect/DirectMethodHandleAccessor.invoke;jdk/internal/reflect/DirectMethodHandleAccessor.invokeImpl;java/lang/invoke/LambdaForm$MH.0x0000000020061400.invokeExact_MT;java/lang/invoke/LambdaForm$MH.0x0000000020061000.invoke;java/lang/invoke/DirectMethodHandle$Holder.invokeSpecial;org/weakref/nitro/tpch/jmh_generated/BenchmarkQueries_query17_jmhTest.query17_AverageTime;org/weakref/nitro/tpch/jmh_generated/BenchmarkQueries_query17_jmhTest.query17_avgt_jmhStub;org/weakref/nitro/tpch/BenchmarkQueries.query17;org/weakref/nitro/tpch/BenchmarkQueries.consume;org/weakref/nitro/operator/Output.borrow;org/weakref/nitro/operator/ProjectOperator$$Lambda.0x00000000201188c8.apply;org/weakref/nitro/operator/ProjectOperator.lambda$next$4;org/weakref/nitro/operator/ProjectOperator.evaluateOutput;java/util/HashMap.computeIfAbsent;org/weakref/nitro/operator/ProjectOperator$$Lambda.0x0000000020119aa0.apply;org/weakref/nitro/operator/ProjectOperator.lambda$evaluateOutput$0;org/weakref/nitro/operator/ProjectOperator.evaluateBundle;org/weakref/nitro/operator/evaluator/PlanEvaluator.evaluate;org/weakref/nitro/operator/evaluator/PlanEvaluator.evaluateUnmemoized;org/weakref/nitro/operator/evaluator/PlanEvaluator.evaluateVariable;org/weakref/nitro/operator/evaluator/PlanEvaluator.evaluateCall;org/weakref/nitro/operator/evaluator/PlanEvaluator.evaluateArgument;org/weakref/nitro/operator/evaluator/PlanEvaluator.evaluate;org/weakref/nitro/operator/evaluator/PlanEvaluator.evaluateUnmemoized;org/weakref/nitro/operator/evaluator/PlanEvaluator.evaluateInput;org/weakref/nitro/operator/ProjectOperator$$Lambda.0x00000000200bf8a0.resolve;org/weakref/nitro/operator/ProjectOperator.resolveEvaluatorInput;org/weakref/nitro/operator/Output.borrowOrNull;org/weakref/nitro/operator/Output.borrow;org/weakref/nitro/operator/AggregationOperator$$Lambda.0x0000000020111000.apply;org/weakref/nitro/operator/AggregationOperator.lambda$resultOutput$0;org/weakref/nitro/operator/AggregationOperator.doAggregationIfNeeded;org/weakref/nitro/operator/ProjectOperator.next;org/weakref/nitro/operator/FilterOperator.next;org/weakref/nitro/operator/HashJoinOperator.next;org/weakref/nitro/operator/HashJoinOperator.produceBatch;org/weakref/nitro/operator/HashJoinOperator.produceOrdinaryBatch;org/weakref/nitro/operator/HashJoinOperator.loadNextOuterBatch;org/weakref/nitro/operator/HashJoinOperator.next;org/weakref/nitro/operator/HashJoinOperator.produceBatch;org/weakref/nitro/operator/HashJoinOperator.loadInnerIfNecessary;org/weakref/nitro/operator/BufferedJoinInput.loadAll;org/weakref/nitro/operator/ProjectOperator.next;org/weakref/nitro/operator/FilterOperator.next;org/weakref/nitro/operator/evaluator/PlanEvaluator.evaluateInPlace;org/weakref/nitro/operator/evaluator/PlanEvaluator.evaluateTrueMaskInPlace;org/weakref/nitro/operator/evaluator/PlanEvaluator.evaluateTrueMaskInPlace;org/weakref/nitro/operator/evaluator/PlanEvaluator.evaluateAdaptiveAndTrueMaskInPlace;org/weakref/nitro/operator/evaluator/PlanEvaluator.evaluateMeasuredTrueMaskInPlace;org/weakref/nitro/operator/evaluator/PlanEvaluator.evaluateTrueMaskInPlace;org/weakref/nitro/operator/evaluator/PlanEvaluator.tryEvaluatePrimitiveTrueMaskInPlace;org/weakref/nitro/operator/evaluator/PlanEvaluator.tryEvaluatePrimitiveMaskInPlace;org/weakref/nitro/operator/evaluator/PlanEvaluator.resolveMaskPrimitiveInvocation;org/weakref/nitro/operator/evaluator/PlanEvaluator.evaluateArgument;org/weakref/nitro/operator/evaluator/PlanEvaluator.evaluateAvailableReference;org/weakref/nitro/operator/evaluator/PlanEvaluator.evaluate;org/weakref/nitro/operator/evaluator/PlanEvaluator.evaluateUnmemoized;org/weakref/nitro/operator/evaluator/PlanEvaluator.evaluateVariable;org/weakref/nitro/operator/evaluator/PlanEvaluator.evaluateLiteral;org/weakref/nitro/operator/evaluator/PlanEvaluator.fillUtf8;org/weakref/nitro/data/BinaryVector.addTrait;java/util/Set.copyOf;java/util/HashSet.<init>;java/util/HashMap.newHashMap;java.util.HashMap_[i] 1
java/lang/Thread.run;java/lang/Thread.runWith;java/util/concurrent/ThreadPoolExecutor$Worker.run;java/util/concurrent/ThreadPoolExecutor.runWorker;java/util/concurrent/FutureTask.run;java/util/concurrent/Executors$RunnableAdapter.call;java/util/concurrent/FutureTask.run;org/openjdk/jmh/runner/BenchmarkHandler$BenchmarkTask.call;org/openjdk/jmh/runner/BenchmarkHandler$BenchmarkTask.call;java/lang/reflect/Method.invoke;jdk/internal/reflect/DirectMethodHandleAccessor.invoke;jdk/internal/reflect/DirectMethodHandleAccessor.invokeImpl;java/lang/invoke/LambdaForm$MH.0x0000000020061400.invokeExact_MT;java/lang/invoke/LambdaForm$MH.0x0000000020061000.invoke;java/lang/invoke/DirectMethodHandle$Holder.invokeSpecial;org/weakref/nitro/tpch/jmh_generated/BenchmarkQueries_query17_jmhTest.query17_AverageTime;org/weakref/nitro/tpch/jmh_generated/BenchmarkQueries_query17_jmhTest.query17_avgt_jmhStub;org/weakref/nitro/tpch/BenchmarkQueries.query17;org/weakref/nitro/tpch/BenchmarkQueries.consume;org/weakref/nitro/operator/Output.borrow;org/weakref/nitro/operator/ProjectOperator$$Lambda.0x00000000201188c8.apply;org/weakref/nitro/operator/ProjectOperator.lambda$next$4;org/weakref/nitro/operator/ProjectOperator.evaluateOutput;java/util/HashMap.computeIfAbsent;org/weakref/nitro/operator/ProjectOperator$$Lambda.0x0000000020119aa0.apply;org/weakref/nitro/operator/ProjectOperator.lambda$evaluateOutput$0;org/weakref/nitro/operator/ProjectOperator.evaluateBundle;org/weakref/nitro/operator/evaluator/PlanEvaluator.evaluate;org/weakref/nitro/operator/evaluator/PlanEvaluator.evaluateUnmemoized;org/weakref/nitro/operator/evaluator/PlanEvaluator.evaluateVariable;org/weakref/nitro/operator/evaluator/PlanEvaluator.evaluateCall;org/weakref/nitro/operator/evaluator/PlanEvaluator.evaluateArgument;org/weakref/nitro/operator/evaluator/PlanEvaluator.evaluate;org/weakref/nitro/operator/evaluator/PlanEvaluator.evaluateUnmemoized;org/weakref/nitro/operator/evaluator/PlanEvaluator.evaluateInput;org/weakref/nitro/operator/ProjectOperator$$Lambda.0x00000000200bf8a0.resolve;org/weakref/nitro/operator/ProjectOperator.resolveEvaluatorInput;org/weakref/nitro/operator/Output.borrowOrNull;org/weakref/nitro/operator/Output.borrow;org/weakref/nitro/operator/AggregationOperator$$Lambda.0x0000000020111000.apply;org/weakref/nitro/operator/AggregationOperator.lambda$resultOutput$0;org/weakref/nitro/operator/AggregationOperator.doAggregationIfNeeded;org/weakref/nitro/operator/ProjectOperator.next;org/weakref/nitro/operator/FilterOperator.next;org/weakref/nitro/operator/HashJoinOperator.next;org/weakref/nitro/operator/HashJoinOperator.produceBatch;org/weakref/nitro/operator/HashJoinOperator.produceOrdinaryBatch;org/weakref/nitro/operator/HashJoinOperator.loadNextOuterBatch;org/weakref/nitro/operator/HashJoinOperator.next;org/weakref/nitro/operator/HashJoinOperator.produceBatch;org/weakref/nitro/operator/HashJoinOperator.loadInnerIfNecessary;org/weakref/nitro/operator/BufferedJoinInput.loadAll;org/weakref/nitro/operator/ProjectOperator.next;org/weakref/nitro/operator/FilterOperator.next;org/weakref/nitro/operator/evaluator/PlanEvaluator.evaluateInPlace;org/weakref/nitro/operator/evaluator/PlanEvaluator.evaluateTrueMaskInPlace;org/weakref/nitro/operator/evaluator/PlanEvaluator.evaluateTrueMaskInPlace;org/weakref/nitro/operator/evaluator/PlanEvaluator.evaluateAdaptiveAndTrueMaskInPlace;org/weakref/nitro/operator/evaluator/PlanEvaluator.evaluateMeasuredTrueMaskInPlace;org/weakref/nitro/operator/evaluator/PlanEvaluator.evaluateTrueMaskInPlace;org/weakref/nitro/operator/evaluator/PlanEvaluator.tryEvaluatePrimitiveTrueMaskInPlace;org/weakref/nitro/operator/evaluator/PlanEvaluator.tryEvaluatePrimitiveMaskInPlace;org/weakref/nitro/operator/evaluator/PlanEvaluator.resolveMaskPrimitiveInvocation;org/weakref/nitro/operator/evaluator/PlanEvaluator.evaluateArgument;org/weakref/nitro/operator/FilterOperator$1.resolve;org/weakref/nitro/operator/Output.borrowOrNull;org/weakref/nitro/operator/Output.borrow;org/weakref/nitro/operator/Output.borrow;org/weakref/nitro/operator/NitroParquetScanOperator$ScanOutputResolver$$Lambda.0x00000000200aa768.apply;org/weakref/nitro/operator/NitroParquetScanOperator$ScanOutputResolver.resolve;org/weakref/nitro/operator/NitroParquetScanOperator.resolveLazyColumn;org/weakref/nitro/operator/NitroParquetScanOperator.decodeFullColumn;org/weakref/nitro/parquet/ColumnReader.readBinary;org/weakref/nitro/parquet/ColumnReader.readBinaryDirect;org/weakref/nitro/data/BinaryVector.allocate;org/weakref/nitro/data/Allocator.allocatePooled;org/weakref/nitro/data/BinaryVector$$Lambda.0x000000002013c000.get;org/weakref/nitro/data/BinaryVector.lambda$allocate$0;org/weakref/nitro/data/BinaryVector.<init>;byte[]_[i] 1
java/lang/Thread.run;java/lang/Thread.runWith;java/util/concurrent/ThreadPoolExecutor$Worker.run;java/util/concurrent/ThreadPoolExecutor.runWorker;java/util/concurrent/FutureTask.run;java/util/concurrent/Executors$RunnableAdapter.call;java/util/concurrent/FutureTask.run;org/openjdk/jmh/runner/BenchmarkHandler$BenchmarkTask.call;org/openjdk/jmh/runner/BenchmarkHandler$BenchmarkTask.call;java/lang/reflect/Method.invoke;jdk/internal/reflect/DirectMethodHandleAccessor.invoke;jdk/internal/reflect/DirectMethodHandleAccessor.invokeImpl;java/lang/invoke/LambdaForm$MH.0x0000000020061400.invokeExact_MT;java/lang/invoke/LambdaForm$MH.0x0000000020061000.invoke;java/lang/invoke/DirectMethodHandle$Holder.invokeSpecial;org/weakref/nitro/tpch/jmh_generated/BenchmarkQueries_query17_jmhTest.query17_AverageTime;org/weakref/nitro/tpch/jmh_generated/BenchmarkQueries_query17_jmhTest.query17_avgt_jmhStub;org/weakref/nitro/tpch/BenchmarkQueries.query17;org/weakref/nitro/tpch/BenchmarkQueries.consume;org/weakref/nitro/operator/Output.borrow;org/weakref/nitro/operator/ProjectOperator$$Lambda.0x00000000201188c8.apply;org/weakref/nitro/operator/ProjectOperator.lambda$next$4;org/weakref/nitro/operator/ProjectOperator.evaluateOutput;java/util/HashMap.computeIfAbsent;org/weakref/nitro/operator/ProjectOperator$$Lambda.0x0000000020119aa0.apply;org/weakref/nitro/operator/ProjectOperator.lambda$evaluateOutput$0;org/weakref/nitro/operator/ProjectOperator.evaluateBundle;org/weakref/nitro/operator/evaluator/PlanEvaluator.evaluate;org/weakref/nitro/operator/evaluator/PlanEvaluator.evaluateUnmemoized;org/weakref/nitro/operator/evaluator/PlanEvaluator.evaluateVariable;org/weakref/nitro/operator/evaluator/PlanEvaluator.evaluateCall;org/weakref/nitro/operator/evaluator/PlanEvaluator.evaluateArgument;org/weakref/nitro/operator/evaluator/PlanEvaluator.evaluate;org/weakref/nitro/operator/evaluator/PlanEvaluator.evaluateUnmemoized;org/weakref/nitro/operator/evaluator/PlanEvaluator.evaluateInput;org/weakref/nitro/operator/ProjectOperator$$Lambda.0x00000000200bf8a0.resolve;org/weakref/nitro/operator/ProjectOperator.resolveEvaluatorInput;org/weakref/nitro/operator/Output.borrowOrNull;org/weakref/nitro/operator/Output.borrow;org/weakref/nitro/operator/AggregationOperator$$Lambda.0x0000000020111000.apply;org/weakref/nitro/operator/AggregationOperator.lambda$resultOutput$0;org/weakref/nitro/operator/AggregationOperator.doAggregationIfNeeded;org/weakref/nitro/operator/ProjectOperator.next;org/weakref/nitro/operator/FilterOperator.next;org/weakref/nitro/operator/HashJoinOperator.next;org/weakref/nitro/operator/HashJoinOperator.produceBatch;org/weakref/nitro/operator/HashJoinOperator.produceOrdinaryBatch;org/weakref/nitro/operator/HashJoinOperator.loadNextOuterBatch;org/weakref/nitro/operator/HashJoinOperator.next;org/weakref/nitro/operator/HashJoinOperator.produceBatch;org/weakref/nitro/operator/HashJoinOperator.loadInnerIfNecessary;org/weakref/nitro/operator/BufferedJoinInput.loadAll;org/weakref/nitro/operator/ProjectOperator.next;org/weakref/nitro/operator/FilterOperator.next;org/weakref/nitro/operator/evaluator/PlanEvaluator.resetForReuse;java/util/HashMap$Values.iterator;java.util.HashMap$ValueIterator_[i] 1
