java/lang/Thread.run;java/lang/Thread.runWith;java/util/concurrent/ThreadPoolExecutor$Worker.run;java/util/concurrent/ThreadPoolExecutor.runWorker;java/util/concurrent/FutureTask.run;java/util/concurrent/Executors$RunnableAdapter.call;java/util/concurrent/FutureTask.run;org/openjdk/jmh/runner/BenchmarkHandler$BenchmarkTask.call;org/openjdk/jmh/runner/BenchmarkHandler$BenchmarkTask.call;java/lang/reflect/Method.invoke;jdk/internal/reflect/DirectMethodHandleAccessor.invoke;jdk/internal/reflect/DirectMethodHandleAccessor.invokeImpl;java/lang/invoke/LambdaForm$MH.0x0000000061061400.invokeExact_MT;java/lang/invoke/LambdaForm$MH.0x0000000061061000.invoke;java/lang/invoke/DirectMethodHandle$Holder.invokeSpecial;org/weakref/nitro/clickbench/jmh_generated/BenchmarkQueries_query06_jmhTest.query06_AverageTime;org/weakref/nitro/clickbench/jmh_generated/BenchmarkQueries_query06_jmhTest.query06_avgt_jmhStub;org/weakref/nitro/clickbench/BenchmarkQueries.query06;org/weakref/nitro/clickbench/BenchmarkQueries.consume;org/weakref/nitro/operator/Output.borrow;org/weakref/nitro/operator/AggregationOperator$$Lambda.0x00000000610be3b8.apply;org/weakref/nitro/operator/AggregationOperator.lambda$resultOutput$0;org/weakref/nitro/operator/AggregationOperator.doAggregationIfNeeded;org/weakref/nitro/operator/MarkDistinctOperator.next;org/weakref/nitro/operator/MarkDistinctOperator.computeDistinctMask;org/weakref/nitro/operator/DistinctKeySet.addBatch;org/weakref/nitro/operator/DistinctKeySet$FlatDistinctIndex.addBatch;org/weakref/nitro/operator/DistinctKeySet$FlatDistinctIndex.addFlatBinaryBatch;org/weakref/nitro/operator/FlatGroupingTable.prepareBatchHashes;org/weakref/nitro/operator/FlatGroupingTable.prepareBatchHash;org/weakref/nitro/operator/FlatKeyLayout.hash;org/weakref/nitro/operator/OperatorVectorSupport.binaryHash 2
java/lang/Thread.run;java/lang/Thread.runWith;java/util/concurrent/ThreadPoolExecutor$Worker.run;java/util/concurrent/ThreadPoolExecutor.runWorker;java/util/concurrent/FutureTask.run;java/util/concurrent/Executors$RunnableAdapter.call;java/util/concurrent/FutureTask.run;org/openjdk/jmh/runner/BenchmarkHandler$BenchmarkTask.call;org/openjdk/jmh/runner/BenchmarkHandler$BenchmarkTask.call;java/lang/reflect/Method.invoke;jdk/internal/reflect/DirectMethodHandleAccessor.invoke;jdk/internal/reflect/DirectMethodHandleAccessor.invokeImpl;java/lang/invoke/LambdaForm$MH.0x0000000061061400.invokeExact_MT;java/lang/invoke/LambdaForm$MH.0x0000000061061000.invoke;java/lang/invoke/DirectMethodHandle$Holder.invokeSpecial;org/weakref/nitro/clickbench/jmh_generated/BenchmarkQueries_query06_jmhTest.query06_AverageTime;org/weakref/nitro/clickbench/jmh_generated/BenchmarkQueries_query06_jmhTest.query06_avgt_jmhStub;org/weakref/nitro/clickbench/BenchmarkQueries.query06;org/weakref/nitro/clickbench/BenchmarkQueries.consume;org/weakref/nitro/operator/Output.borrow;org/weakref/nitro/operator/AggregationOperator$$Lambda.0x00000000610be3b8.apply;org/weakref/nitro/operator/AggregationOperator.lambda$resultOutput$0;org/weakref/nitro/operator/AggregationOperator.doAggregationIfNeeded;org/weakref/nitro/operator/MarkDistinctOperator.next;org/weakref/nitro/operator/MarkDistinctOperator.computeDistinctMask;org/weakref/nitro/operator/DistinctKeySet.addBatch;org/weakref/nitro/operator/DistinctKeySet$FlatDistinctIndex.addBatch;org/weakref/nitro/operator/FlatGroupingTable.assignGroup;org/weakref/nitro/operator/FlatGroupingTable.assignGroupHashed;org/weakref/nitro/operator/FlatGroupingTable.assignGroupHashedInternal;org/weakref/nitro/operator/FlatGroupingTable.getIndex;org/weakref/nitro/operator/FlatGroupingTable.identical;org/weakref/nitro/operator/FlatKeyLayout.identicalRecordToInput;org/weakref/nitro/operator/FlatTypeHandlers$4.identicalFlatToInput;org/weakref/nitro/operator/OperatorVectorSupport.binaryEquals;java/util/Arrays.mismatch;jdk/internal/util/ArraysSupport.mismatch 4
java/lang/Thread.run;java/lang/Thread.runWith;java/util/concurrent/ThreadPoolExecutor$Worker.run;java/util/concurrent/ThreadPoolExecutor.runWorker;java/util/concurrent/FutureTask.run;java/util/concurrent/Executors$RunnableAdapter.call;java/util/concurrent/FutureTask.run;org/openjdk/jmh/runner/BenchmarkHandler$BenchmarkTask.call;org/openjdk/jmh/runner/BenchmarkHandler$BenchmarkTask.call;java/lang/reflect/Method.invoke;jdk/internal/reflect/DirectMethodHandleAccessor.invoke;jdk/internal/reflect/DirectMethodHandleAccessor.invokeImpl;java/lang/invoke/LambdaForm$MH.0x0000000061061400.invokeExact_MT;java/lang/invoke/LambdaForm$MH.0x0000000061061000.invoke;java/lang/invoke/DirectMethodHandle$Holder.invokeSpecial;org/weakref/nitro/clickbench/jmh_generated/BenchmarkQueries_query06_jmhTest.query06_AverageTime;org/weakref/nitro/clickbench/jmh_generated/BenchmarkQueries_query06_jmhTest.query06_avgt_jmhStub;org/weakref/nitro/clickbench/BenchmarkQueries.query06;org/weakref/nitro/clickbench/BenchmarkQueries.consume;org/weakref/nitro/operator/Output.borrow;org/weakref/nitro/operator/AggregationOperator$$Lambda.0x00000000610be3b8.apply;org/weakref/nitro/operator/AggregationOperator.lambda$resultOutput$0;org/weakref/nitro/operator/AggregationOperator.doAggregationIfNeeded;org/weakref/nitro/operator/MarkDistinctOperator.next;org/weakref/nitro/operator/MarkDistinctOperator.computeDistinctMask;org/weakref/nitro/operator/DistinctKeySet.addBatch;org/weakref/nitro/operator/DistinctKeySet$FlatDistinctIndex.addBatch;org/weakref/nitro/operator/FlatGroupingTable.prepareBatchHashes;org/weakref/nitro/operator/FlatGroupingTable.prepareBatchHash;org/weakref/nitro/operator/FlatKeyLayout.hash;org/weakref/nitro/operator/FlatKeyLayout.fieldHash;org/weakref/nitro/operator/FlatKeyLayout.binaryFieldHash;org/weakref/nitro/operator/OperatorVectorSupport.binaryHash;java/lang/invoke/VarHandleGuards.guard_LI_J;java/lang/invoke/VarHandleByteArrayAsLongs$ArrayHandle.get;java/lang/invoke/VarHandleByteArrayAsLongs$ArrayHandle.index 1
java/lang/Thread.run;java/lang/Thread.runWith;java/util/concurrent/ThreadPoolExecutor$Worker.run;java/util/concurrent/ThreadPoolExecutor.runWorker;java/util/concurrent/FutureTask.run;java/util/concurrent/Executors$RunnableAdapter.call;java/util/concurrent/FutureTask.run;org/openjdk/jmh/runner/BenchmarkHandler$BenchmarkTask.call;org/openjdk/jmh/runner/BenchmarkHandler$BenchmarkTask.call;java/lang/reflect/Method.invoke;jdk/internal/reflect/DirectMethodHandleAccessor.invoke;jdk/internal/reflect/DirectMethodHandleAccessor.invokeImpl;java/lang/invoke/LambdaForm$MH.0x0000000061061400.invokeExact_MT;java/lang/invoke/LambdaForm$MH.0x0000000061061000.invoke;java/lang/invoke/DirectMethodHandle$Holder.invokeSpecial;org/weakref/nitro/clickbench/jmh_generated/BenchmarkQueries_query06_jmhTest.query06_AverageTime;org/weakref/nitro/clickbench/jmh_generated/BenchmarkQueries_query06_jmhTest.query06_avgt_jmhStub;org/weakref/nitro/clickbench/BenchmarkQueries.query06;org/weakref/nitro/clickbench/BenchmarkQueries.consume;org/weakref/nitro/operator/Output.borrow;org/weakref/nitro/operator/AggregationOperator$$Lambda.0x00000000610be3b8.apply;org/weakref/nitro/operator/AggregationOperator.lambda$resultOutput$0;org/weakref/nitro/operator/AggregationOperator.doAggregationIfNeeded;org/weakref/nitro/operator/MarkDistinctOperator.next;org/weakref/nitro/operator/MarkDistinctOperator.computeDistinctMask;org/weakref/nitro/operator/DistinctKeySet.addBatch;org/weakref/nitro/operator/DistinctKeySet$FlatDistinctIndex.addBatch;org/weakref/nitro/function/scalar/builtin/VectorAccess.isAllFalseNulls;org/weakref/nitro/data/BooleanVector.isAllFalse 1
java/lang/Thread.run;java/lang/Thread.runWith;java/util/concurrent/ThreadPoolExecutor$Worker.run;java/util/concurrent/ThreadPoolExecutor.runWorker;java/util/concurrent/FutureTask.run;java/util/concurrent/Executors$RunnableAdapter.call;java/util/concurrent/FutureTask.run;org/openjdk/jmh/runner/BenchmarkHandler$BenchmarkTask.call;org/openjdk/jmh/runner/BenchmarkHandler$BenchmarkTask.call;java/lang/reflect/Method.invoke;jdk/internal/reflect/DirectMethodHandleAccessor.invoke;jdk/internal/reflect/DirectMethodHandleAccessor.invokeImpl;java/lang/invoke/LambdaForm$MH.0x0000000061061400.invokeExact_MT;java/lang/invoke/LambdaForm$MH.0x0000000061061000.invoke;java/lang/invoke/DirectMethodHandle$Holder.invokeSpecial;org/weakref/nitro/clickbench/jmh_generated/BenchmarkQueries_query06_jmhTest.query06_AverageTime;org/weakref/nitro/clickbench/jmh_generated/BenchmarkQueries_query06_jmhTest.query06_avgt_jmhStub;org/weakref/nitro/clickbench/BenchmarkQueries.query06;org/weakref/nitro/clickbench/BenchmarkQueries.consume;org/weakref/nitro/operator/Output.borrow;org/weakref/nitro/operator/AggregationOperator$$Lambda.0x00000000610be3b8.apply;org/weakref/nitro/operator/AggregationOperator.lambda$resultOutput$0;org/weakref/nitro/operator/AggregationOperator.doAggregationIfNeeded;org/weakref/nitro/operator/MarkDistinctOperator.next;org/weakref/nitro/operator/MarkDistinctOperator.computeDistinctMask;org/weakref/nitro/operator/DistinctKeySet.addBatch;org/weakref/nitro/operator/DistinctKeySet$FlatDistinctIndex.addBatch;org/weakref/nitro/operator/DistinctKeySet$FlatDistinctIndex.isTrackedSentinel;org/weakref/nitro/operator/FlatKeyLayout.isTrackedSentinel;org/weakref/nitro/operator/FlatKeyLayout.hasTrackedSentinel 1
java/lang/Thread.run;java/lang/Thread.runWith;java/util/concurrent/ThreadPoolExecutor$Worker.run;java/util/concurrent/ThreadPoolExecutor.runWorker;java/util/concurrent/FutureTask.run;java/util/concurrent/Executors$RunnableAdapter.call;java/util/concurrent/FutureTask.run;org/openjdk/jmh/runner/BenchmarkHandler$BenchmarkTask.call;org/openjdk/jmh/runner/BenchmarkHandler$BenchmarkTask.call;java/lang/reflect/Method.invoke;jdk/internal/reflect/DirectMethodHandleAccessor.invoke;jdk/internal/reflect/DirectMethodHandleAccessor.invokeImpl;java/lang/invoke/LambdaForm$MH.0x0000000061061400.invokeExact_MT;java/lang/invoke/LambdaForm$MH.0x0000000061061000.invoke;java/lang/invoke/DirectMethodHandle$Holder.invokeSpecial;org/weakref/nitro/clickbench/jmh_generated/BenchmarkQueries_query06_jmhTest.query06_AverageTime;org/weakref/nitro/clickbench/jmh_generated/BenchmarkQueries_query06_jmhTest.query06_avgt_jmhStub;org/weakref/nitro/clickbench/BenchmarkQueries.query06;org/weakref/nitro/clickbench/BenchmarkQueries.consume;org/weakref/nitro/operator/Output.borrow;org/weakref/nitro/operator/AggregationOperator$$Lambda.0x00000000610be3b8.apply;org/weakref/nitro/operator/AggregationOperator.lambda$resultOutput$0;org/weakref/nitro/operator/AggregationOperator.doAggregationIfNeeded;org/weakref/nitro/operator/MarkDistinctOperator.next;org/weakref/nitro/operator/MarkDistinctOperator.computeDistinctMask;org/weakref/nitro/operator/DistinctKeySet.addBatch;org/weakref/nitro/operator/DistinctKeySet$FlatDistinctIndex.addBatch;org/weakref/nitro/operator/DistinctKeySet$FlatDistinctIndex.addFlatBinaryBatch;org/weakref/nitro/operator/FlatGroupingTable.assignGroup;org/weakref/nitro/operator/FlatGroupingTable.assignGroupHashed;org/weakref/nitro/operator/FlatGroupingTable.assignGroupHashedInternal;org/weakref/nitro/operator/FlatGroupingTable.getIndex;java/lang/invoke/VarHandleGuards.guard_LI_J;java/lang/invoke/VarHandleByteArrayAsLongs$ArrayHandle.get;java/lang/invoke/VarHandleByteArrayAsLongs$ArrayHandle.index 1
java/lang/Thread.run;java/lang/Thread.runWith;java/util/concurrent/ThreadPoolExecutor$Worker.run;java/util/concurrent/ThreadPoolExecutor.runWorker;java/util/concurrent/FutureTask.run;java/util/concurrent/Executors$RunnableAdapter.call;java/util/concurrent/FutureTask.run;org/openjdk/jmh/runner/BenchmarkHandler$BenchmarkTask.call;org/openjdk/jmh/runner/BenchmarkHandler$BenchmarkTask.call;java/lang/reflect/Method.invoke;jdk/internal/reflect/DirectMethodHandleAccessor.invoke;jdk/internal/reflect/DirectMethodHandleAccessor.invokeImpl;java/lang/invoke/LambdaForm$MH.0x0000000061061400.invokeExact_MT;java/lang/invoke/LambdaForm$MH.0x0000000061061000.invoke;java/lang/invoke/DirectMethodHandle$Holder.invokeSpecial;org/weakref/nitro/clickbench/jmh_generated/BenchmarkQueries_query06_jmhTest.query06_AverageTime;org/weakref/nitro/clickbench/jmh_generated/BenchmarkQueries_query06_jmhTest.query06_avgt_jmhStub;org/weakref/nitro/clickbench/BenchmarkQueries.query06;org/weakref/nitro/clickbench/BenchmarkQueries.consume;org/weakref/nitro/operator/Output.borrow;org/weakref/nitro/operator/AggregationOperator$$Lambda.0x00000000610be3b8.apply;org/weakref/nitro/operator/AggregationOperator.lambda$resultOutput$0;org/weakref/nitro/operator/AggregationOperator.doAggregationIfNeeded;org/weakref/nitro/operator/MarkDistinctOperator.next;org/weakref/nitro/operator/MarkDistinctOperator.computeDistinctMask;org/weakref/nitro/operator/DistinctKeySet.addBatch;org/weakref/nitro/operator/DistinctKeySet$FlatDistinctIndex.addBatch;org/weakref/nitro/operator/DistinctKeySet$FlatDistinctIndex.addFlatBinaryBatch;org/weakref/nitro/operator/FlatGroupingTable.prepareBatchHashes;org/weakref/nitro/operator/FlatGroupingTable.prepareBatchHash;org/weakref/nitro/operator/FlatKeyLayout.hash 1
java/lang/Thread.run;java/lang/Thread.runWith;java/util/concurrent/ThreadPoolExecutor$Worker.run;java/util/concurrent/ThreadPoolExecutor.runWorker;java/util/concurrent/FutureTask.run;java/util/concurrent/Executors$RunnableAdapter.call;java/util/concurrent/FutureTask.run;org/openjdk/jmh/runner/BenchmarkHandler$BenchmarkTask.call;org/openjdk/jmh/runner/BenchmarkHandler$BenchmarkTask.call;java/lang/reflect/Method.invoke;jdk/internal/reflect/DirectMethodHandleAccessor.invoke;jdk/internal/reflect/DirectMethodHandleAccessor.invokeImpl;java/lang/invoke/LambdaForm$MH.0x0000000061061400.invokeExact_MT;java/lang/invoke/LambdaForm$MH.0x0000000061061000.invoke;java/lang/invoke/DirectMethodHandle$Holder.invokeSpecial;org/weakref/nitro/clickbench/jmh_generated/BenchmarkQueries_query06_jmhTest.query06_AverageTime;org/weakref/nitro/clickbench/jmh_generated/BenchmarkQueries_query06_jmhTest.query06_avgt_jmhStub;org/weakref/nitro/clickbench/BenchmarkQueries.query06;org/weakref/nitro/clickbench/BenchmarkQueries.consume;org/weakref/nitro/operator/Output.borrow;org/weakref/nitro/operator/AggregationOperator$$Lambda.0x00000000610be3b8.apply;org/weakref/nitro/operator/AggregationOperator.lambda$resultOutput$0;org/weakref/nitro/operator/AggregationOperator.doAggregationIfNeeded;org/weakref/nitro/operator/MarkDistinctOperator.next;org/weakref/nitro/operator/MarkDistinctOperator.computeDistinctMask;org/weakref/nitro/operator/DistinctKeySet.addBatch;org/weakref/nitro/operator/DistinctKeySet$FlatDistinctIndex.addBatch;org/weakref/nitro/operator/FlatGroupingTable.assignGroup;org/weakref/nitro/operator/FlatGroupingTable.assignGroupHashed;org/weakref/nitro/operator/FlatGroupingTable.assignGroupHashedInternal;org/weakref/nitro/operator/FlatGroupingTable.getIndex;org/weakref/nitro/operator/FlatGroupingTable.identical;org/weakref/nitro/operator/FlatKeyLayout.identicalRecordToInput 1
/usr/lib/x86_64-linux-gnu/libc.so.6;/usr/lib/x86_64-linux-gnu/libc.so.6;thread_native_entry;Thread::call_run;WorkerThread::run;G1RebuildRSAndScrubTask::work;G1HeapRegionManager::par_iterate;G1RebuildRSAndScrubTask::G1RebuildRSAndScrubRegionClosure::do_heap_region;void OopOopIterateDispatch<G1RebuildRemSetClosure>::Table::oop_oop_iterate<InstanceKlass, narrowOop> 1
java/lang/Thread.run;java/lang/Thread.runWith;java/util/concurrent/ThreadPoolExecutor$Worker.run;java/util/concurrent/ThreadPoolExecutor.runWorker;java/util/concurrent/FutureTask.run;java/util/concurrent/Executors$RunnableAdapter.call;java/util/concurrent/FutureTask.run;org/openjdk/jmh/runner/BenchmarkHandler$BenchmarkTask.call;org/openjdk/jmh/runner/BenchmarkHandler$BenchmarkTask.call;java/lang/reflect/Method.invoke;jdk/internal/reflect/DirectMethodHandleAccessor.invoke;jdk/internal/reflect/DirectMethodHandleAccessor.invokeImpl;java/lang/invoke/LambdaForm$MH.0x0000000061061400.invokeExact_MT;java/lang/invoke/LambdaForm$MH.0x0000000061061000.invoke;java/lang/invoke/DirectMethodHandle$Holder.invokeSpecial;org/weakref/nitro/clickbench/jmh_generated/BenchmarkQueries_query06_jmhTest.query06_AverageTime;org/weakref/nitro/clickbench/jmh_generated/BenchmarkQueries_query06_jmhTest.query06_avgt_jmhStub;org/weakref/nitro/clickbench/BenchmarkQueries.query06;org/weakref/nitro/clickbench/BenchmarkQueries.consume;org/weakref/nitro/operator/Output.borrow;org/weakref/nitro/operator/AggregationOperator$$Lambda.0x00000000610be3b8.apply;org/weakref/nitro/operator/AggregationOperator.lambda$resultOutput$0;org/weakref/nitro/operator/AggregationOperator.doAggregationIfNeeded;org/weakref/nitro/operator/MarkDistinctOperator.next;org/weakref/nitro/operator/MarkDistinctOperator.computeDistinctMask;org/weakref/nitro/operator/DistinctKeySet.addBatch;org/weakref/nitro/operator/DistinctKeySet$FlatDistinctIndex.addBatch 1
java/lang/Thread.run;java/lang/Thread.runWith;java/util/concurrent/ThreadPoolExecutor$Worker.run;java/util/concurrent/ThreadPoolExecutor.runWorker;java/util/concurrent/FutureTask.run;java/util/concurrent/Executors$RunnableAdapter.call;java/util/concurrent/FutureTask.run;org/openjdk/jmh/runner/BenchmarkHandler$BenchmarkTask.call;org/openjdk/jmh/runner/BenchmarkHandler$BenchmarkTask.call;java/lang/reflect/Method.invoke;jdk/internal/reflect/DirectMethodHandleAccessor.invoke;jdk/internal/reflect/DirectMethodHandleAccessor.invokeImpl;java/lang/invoke/LambdaForm$MH.0x0000000061061400.invokeExact_MT;java/lang/invoke/LambdaForm$MH.0x0000000061061000.invoke;java/lang/invoke/DirectMethodHandle$Holder.invokeSpecial;org/weakref/nitro/clickbench/jmh_generated/BenchmarkQueries_query06_jmhTest.query06_AverageTime;org/weakref/nitro/clickbench/jmh_generated/BenchmarkQueries_query06_jmhTest.query06_avgt_jmhStub;org/weakref/nitro/clickbench/BenchmarkQueries.query06;org/weakref/nitro/clickbench/BenchmarkQueries.consume;org/weakref/nitro/operator/Output.borrow;org/weakref/nitro/operator/AggregationOperator$$Lambda.0x00000000610be3b8.apply;org/weakref/nitro/operator/AggregationOperator.lambda$resultOutput$0;org/weakref/nitro/operator/AggregationOperator.doAggregationIfNeeded;org/weakref/nitro/operator/MarkDistinctOperator.next;org/weakref/nitro/operator/MarkDistinctOperator.computeDistinctMask;org/weakref/nitro/operator/DistinctKeySet.addBatch;org/weakref/nitro/operator/DistinctKeySet$FlatDistinctIndex.addBatch;org/weakref/nitro/operator/FlatGroupingTable.prepareBatchHashes;org/weakref/nitro/operator/FlatGroupingTable.prepareBatchHash;org/weakref/nitro/operator/FlatKeyLayout.hash;org/weakref/nitro/operator/FlatKeyLayout.fieldHash 2
java/lang/Thread.run;java/lang/Thread.runWith;java/util/concurrent/ThreadPoolExecutor$Worker.run;java/util/concurrent/ThreadPoolExecutor.runWorker;java/util/concurrent/FutureTask.run;java/util/concurrent/Executors$RunnableAdapter.call;java/util/concurrent/FutureTask.run;org/openjdk/jmh/runner/BenchmarkHandler$BenchmarkTask.call;org/openjdk/jmh/runner/BenchmarkHandler$BenchmarkTask.call;java/lang/reflect/Method.invoke;jdk/internal/reflect/DirectMethodHandleAccessor.invoke;jdk/internal/reflect/DirectMethodHandleAccessor.invokeImpl;java/lang/invoke/LambdaForm$MH.0x0000000061061400.invokeExact_MT;java/lang/invoke/LambdaForm$MH.0x0000000061061000.invoke;java/lang/invoke/DirectMethodHandle$Holder.invokeSpecial;org/weakref/nitro/clickbench/jmh_generated/BenchmarkQueries_query06_jmhTest.query06_AverageTime;org/weakref/nitro/clickbench/jmh_generated/BenchmarkQueries_query06_jmhTest.query06_avgt_jmhStub;org/weakref/nitro/clickbench/BenchmarkQueries.query06;org/weakref/nitro/clickbench/BenchmarkQueries.consume;org/weakref/nitro/operator/Output.borrow;org/weakref/nitro/operator/AggregationOperator$$Lambda.0x00000000610be3b8.apply;org/weakref/nitro/operator/AggregationOperator.lambda$resultOutput$0;org/weakref/nitro/operator/AggregationOperator.doAggregationIfNeeded;org/weakref/nitro/operator/MarkDistinctOperator.next;org/weakref/nitro/operator/MarkDistinctOperator.computeDistinctMask;org/weakref/nitro/operator/DistinctKeySet.addBatch;org/weakref/nitro/operator/DistinctKeySet$FlatDistinctIndex.addBatch;org/weakref/nitro/operator/FlatGroupingTable.assignGroup;org/weakref/nitro/operator/FlatKeyLayout.compositeValueId 2
/usr/lib/x86_64-linux-gnu/libc.so.6;/usr/lib/x86_64-linux-gnu/libc.so.6;thread_native_entry;Thread::call_run;JavaThread::thread_main_inner;CompileBroker::compiler_thread_loop;CompileBroker::invoke_compiler_on_method;C2Compiler::compile_method;Compile::Compile;Compile::Optimize;Compile::optimize_loops;PhaseIdealLoop::build_and_optimize;GrowableArrayWithAllocator<long, GrowableArray<long> >::expand_to 1
java/lang/Thread.run;java/lang/Thread.runWith;java/util/concurrent/ThreadPoolExecutor$Worker.run;java/util/concurrent/ThreadPoolExecutor.runWorker;java/util/concurrent/FutureTask.run;java/util/concurrent/Executors$RunnableAdapter.call;java/util/concurrent/FutureTask.run;org/openjdk/jmh/runner/BenchmarkHandler$BenchmarkTask.call;org/openjdk/jmh/runner/BenchmarkHandler$BenchmarkTask.call;java/lang/reflect/Method.invoke;jdk/internal/reflect/DirectMethodHandleAccessor.invoke;jdk/internal/reflect/DirectMethodHandleAccessor.invokeImpl;java/lang/invoke/LambdaForm$MH.0x0000000061061400.invokeExact_MT;java/lang/invoke/LambdaForm$MH.0x0000000061061000.invoke;java/lang/invoke/DirectMethodHandle$Holder.invokeSpecial;org/weakref/nitro/clickbench/jmh_generated/BenchmarkQueries_query06_jmhTest.query06_AverageTime;org/weakref/nitro/clickbench/jmh_generated/BenchmarkQueries_query06_jmhTest.query06_avgt_jmhStub;org/weakref/nitro/clickbench/BenchmarkQueries.query06;org/weakref/nitro/clickbench/BenchmarkQueries.consume;org/weakref/nitro/operator/Output.borrow;org/weakref/nitro/operator/AggregationOperator$$Lambda.0x00000000610be3b8.apply;org/weakref/nitro/operator/AggregationOperator.lambda$resultOutput$0;org/weakref/nitro/operator/AggregationOperator.doAggregationIfNeeded;org/weakref/nitro/operator/MarkDistinctOperator.next;org/weakref/nitro/operator/MarkDistinctOperator.computeDistinctMask;org/weakref/nitro/operator/DistinctKeySet.addBatch;org/weakref/nitro/operator/DistinctKeySet$FlatDistinctIndex.addBatch;org/weakref/nitro/operator/FlatGroupingTable.assignGroup;org/weakref/nitro/operator/FlatGroupingTable.assignGroupHashed;org/weakref/nitro/operator/FlatGroupingTable.assignGroupHashedInternal;org/weakref/nitro/operator/FlatGroupingTable.getIndex;org/weakref/nitro/operator/FlatGroupingTable.identical;org/weakref/nitro/operator/FlatKeyLayout.identicalRecordToInput 1
java/lang/Thread.run;java/lang/Thread.runWith;java/util/concurrent/ThreadPoolExecutor$Worker.run;java/util/concurrent/ThreadPoolExecutor.runWorker;java/util/concurrent/FutureTask.run;java/util/concurrent/Executors$RunnableAdapter.call;java/util/concurrent/FutureTask.run;org/openjdk/jmh/runner/BenchmarkHandler$BenchmarkTask.call;org/openjdk/jmh/runner/BenchmarkHandler$BenchmarkTask.call;java/lang/reflect/Method.invoke;jdk/internal/reflect/DirectMethodHandleAccessor.invoke;jdk/internal/reflect/DirectMethodHandleAccessor.invokeImpl;java/lang/invoke/LambdaForm$MH.0x0000000061061400.invokeExact_MT;java/lang/invoke/LambdaForm$MH.0x0000000061061000.invoke;java/lang/invoke/DirectMethodHandle$Holder.invokeSpecial;org/weakref/nitro/clickbench/jmh_generated/BenchmarkQueries_query06_jmhTest.query06_AverageTime;org/weakref/nitro/clickbench/jmh_generated/BenchmarkQueries_query06_jmhTest.query06_avgt_jmhStub;org/weakref/nitro/clickbench/BenchmarkQueries.query06;org/weakref/nitro/clickbench/BenchmarkQueries.consume;org/weakref/nitro/operator/Output.borrow;org/weakref/nitro/operator/AggregationOperator$$Lambda.0x00000000610be3b8.apply;org/weakref/nitro/operator/AggregationOperator.lambda$resultOutput$0;org/weakref/nitro/operator/AggregationOperator.doAggregationIfNeeded;org/weakref/nitro/operator/MarkDistinctOperator.next;org/weakref/nitro/operator/MarkDistinctOperator.computeDistinctMask;org/weakref/nitro/operator/DistinctKeySet.addBatch;org/weakref/nitro/operator/DistinctKeySet$FlatDistinctIndex.addBatch;org/weakref/nitro/operator/FlatGroupingTable.prepareBatchHashes;org/weakref/nitro/operator/FlatGroupingTable.prepareBatchHash;org/weakref/nitro/operator/FlatKeyLayout.hash;org/weakref/nitro/operator/FlatKeyLayout.fieldHash;org/weakref/nitro/operator/FlatKeyLayout.binaryFieldHash;org/weakref/nitro/operator/OperatorVectorSupport.binaryHash;org/weakref/nitro/operator/OperatorVectorSupport.fmix64 1
java/lang/Thread.run;java/lang/Thread.runWith;java/util/concurrent/ThreadPoolExecutor$Worker.run;java/util/concurrent/ThreadPoolExecutor.runWorker;java/util/concurrent/FutureTask.run;java/util/concurrent/Executors$RunnableAdapter.call;java/util/concurrent/FutureTask.run;org/openjdk/jmh/runner/BenchmarkHandler$BenchmarkTask.call;org/openjdk/jmh/runner/BenchmarkHandler$BenchmarkTask.call;java/lang/reflect/Method.invoke;jdk/internal/reflect/DirectMethodHandleAccessor.invoke;jdk/internal/reflect/DirectMethodHandleAccessor.invokeImpl;java/lang/invoke/LambdaForm$MH.0x0000000061061400.invokeExact_MT;java/lang/invoke/LambdaForm$MH.0x0000000061061000.invoke;java/lang/invoke/DirectMethodHandle$Holder.invokeSpecial;org/weakref/nitro/clickbench/jmh_generated/BenchmarkQueries_query06_jmhTest.query06_AverageTime;org/weakref/nitro/clickbench/jmh_generated/BenchmarkQueries_query06_jmhTest.query06_avgt_jmhStub;org/weakref/nitro/clickbench/BenchmarkQueries.query06;org/weakref/nitro/clickbench/BenchmarkQueries.consume;org/weakref/nitro/operator/Output.borrow;org/weakref/nitro/operator/AggregationOperator$$Lambda.0x00000000610be3b8.apply;org/weakref/nitro/operator/AggregationOperator.lambda$resultOutput$0;org/weakref/nitro/operator/AggregationOperator.doAggregationIfNeeded;org/weakref/nitro/operator/MarkDistinctOperator.next;org/weakref/nitro/operator/MarkDistinctOperator.computeDistinctMask;org/weakref/nitro/operator/Output.borrow;org/weakref/nitro/operator/NitroParquetScanOperator$ScanOutputResolver$$Lambda.0x00000000610aab88.apply;org/weakref/nitro/operator/NitroParquetScanOperator$ScanOutputResolver.resolve;org/weakref/nitro/operator/NitroParquetScanOperator.resolveLazyColumn;org/weakref/nitro/operator/NitroParquetScanOperator.decodeFullColumn;org/weakref/nitro/parquet/ColumnReader.readBinary;org/weakref/nitro/parquet/ColumnReader.readBinaryDirect;org/weakref/nitro/parquet/ColumnReader.decodeNextDataPage;org/weakref/nitro/parquet/ColumnReader.decompress;io/airlift/compress/v3/snappy/SnappyNativeDecompressor.decompress;io/airlift/compress/v3/snappy/SnappyNative.decompress;io/airlift/compress/v3/snappy/SnappyNative.decompressInternal;java/lang/invoke/LambdaForm$MH.0x0000000061108c00.invokeExact_MT;java/lang/invoke/LambdaForm$MH.0x0000000061119400.invoke;java/lang/invoke/LambdaForm$DMH.0x00000000610b1400.invokeStatic;jdk/internal/foreign/abi/DowncallStub.0x00000000610b1000.invoke;java/lang/invoke/LambdaForm$MH.0x0000000061109800.invokeExact_MT;java/lang/invoke/LambdaForm$MH.0x0000000061119800.invoke;nep_invoker_blob;snappy_uncompress;snappy::RawUncompress;snappy::RawUncompress;void snappy::SnappyDecompressor::DecompressAllTags<snappy::SnappyArrayWriter>;std::pair<unsigned char const*, long> snappy::DecompressBranchless<char*>;snappy::MemCopy64;/usr/lib/x86_64-linux-gnu/libc.so.6 3
java/lang/Thread.run;java/lang/Thread.runWith;java/util/concurrent/ThreadPoolExecutor$Worker.run;java/util/concurrent/ThreadPoolExecutor.runWorker;java/util/concurrent/FutureTask.run;java/util/concurrent/Executors$RunnableAdapter.call;java/util/concurrent/FutureTask.run;org/openjdk/jmh/runner/BenchmarkHandler$BenchmarkTask.call;org/openjdk/jmh/runner/BenchmarkHandler$BenchmarkTask.call;java/lang/reflect/Method.invoke;jdk/internal/reflect/DirectMethodHandleAccessor.invoke;jdk/internal/reflect/DirectMethodHandleAccessor.invokeImpl;java/lang/invoke/LambdaForm$MH.0x0000000061061400.invokeExact_MT;java/lang/invoke/LambdaForm$MH.0x0000000061061000.invoke;java/lang/invoke/DirectMethodHandle$Holder.invokeSpecial;org/weakref/nitro/clickbench/jmh_generated/BenchmarkQueries_query06_jmhTest.query06_AverageTime;org/weakref/nitro/clickbench/jmh_generated/BenchmarkQueries_query06_jmhTest.query06_avgt_jmhStub;org/weakref/nitro/clickbench/BenchmarkQueries.query06;org/weakref/nitro/clickbench/BenchmarkQueries.consume;org/weakref/nitro/operator/Output.borrow;org/weakref/nitro/operator/AggregationOperator$$Lambda.0x00000000610be3b8.apply;org/weakref/nitro/operator/AggregationOperator.lambda$resultOutput$0;org/weakref/nitro/operator/AggregationOperator.doAggregationIfNeeded;org/weakref/nitro/operator/MarkDistinctOperator.next;org/weakref/nitro/operator/MarkDistinctOperator.computeDistinctMask;org/weakref/nitro/operator/DistinctKeySet.addBatch;org/weakref/nitro/operator/DistinctKeySet$FlatDistinctIndex.addBatch;org/weakref/nitro/operator/DistinctKeySet$FlatDistinctIndex.addFlatBinaryBatch;org/weakref/nitro/operator/FlatGroupingTable.prepareBatchHashes;org/weakref/nitro/operator/FlatGroupingTable.prepareBatchHash;org/weakref/nitro/operator/FlatKeyLayout.hash;org/weakref/nitro/data/BinaryVector.startOffset 1
java/lang/Thread.run;java/lang/Thread.runWith;java/util/concurrent/ThreadPoolExecutor$Worker.run;java/util/concurrent/ThreadPoolExecutor.runWorker;java/util/concurrent/FutureTask.run;java/util/concurrent/Executors$RunnableAdapter.call;java/util/concurrent/FutureTask.run;org/openjdk/jmh/runner/BenchmarkHandler$BenchmarkTask.call;org/openjdk/jmh/runner/BenchmarkHandler$BenchmarkTask.call;java/lang/reflect/Method.invoke;jdk/internal/reflect/DirectMethodHandleAccessor.invoke;jdk/internal/reflect/DirectMethodHandleAccessor.invokeImpl;java/lang/invoke/LambdaForm$MH.0x0000000061061400.invokeExact_MT;java/lang/invoke/LambdaForm$MH.0x0000000061061000.invoke;java/lang/invoke/DirectMethodHandle$Holder.invokeSpecial;org/weakref/nitro/clickbench/jmh_generated/BenchmarkQueries_query06_jmhTest.query06_AverageTime;org/weakref/nitro/clickbench/jmh_generated/BenchmarkQueries_query06_jmhTest.query06_avgt_jmhStub;org/weakref/nitro/clickbench/BenchmarkQueries.query06;org/weakref/nitro/clickbench/BenchmarkQueries.consume;org/weakref/nitro/operator/Output.borrow;org/weakref/nitro/operator/AggregationOperator$$Lambda.0x00000000610be3b8.apply;org/weakref/nitro/operator/AggregationOperator.lambda$resultOutput$0;org/weakref/nitro/operator/AggregationOperator.doAggregationIfNeeded;org/weakref/nitro/operator/MarkDistinctOperator.next;org/weakref/nitro/operator/MarkDistinctOperator.computeDistinctMask;org/weakref/nitro/operator/DistinctKeySet.addBatch;org/weakref/nitro/operator/DistinctKeySet$FlatDistinctIndex.addBatch;org/weakref/nitro/operator/FlatGroupingTable.prepareBatchHashes;org/weakref/nitro/operator/FlatGroupingTable.prepareBatchHash;org/weakref/nitro/operator/FlatKeyLayout.hash;org/weakref/nitro/operator/FlatKeyLayout.fieldHash;org/weakref/nitro/operator/FlatKeyLayout.binaryFieldHash 1
java/lang/Thread.run;java/lang/Thread.runWith;java/util/concurrent/ThreadPoolExecutor$Worker.run;java/util/concurrent/ThreadPoolExecutor.runWorker;java/util/concurrent/FutureTask.run;java/util/concurrent/Executors$RunnableAdapter.call;java/util/concurrent/FutureTask.run;org/openjdk/jmh/runner/BenchmarkHandler$BenchmarkTask.call;org/openjdk/jmh/runner/BenchmarkHandler$BenchmarkTask.call;java/lang/reflect/Method.invoke;jdk/internal/reflect/DirectMethodHandleAccessor.invoke;jdk/internal/reflect/DirectMethodHandleAccessor.invokeImpl;java/lang/invoke/LambdaForm$MH.0x0000000061061400.invokeExact_MT;java/lang/invoke/LambdaForm$MH.0x0000000061061000.invoke;java/lang/invoke/DirectMethodHandle$Holder.invokeSpecial;org/weakref/nitro/clickbench/jmh_generated/BenchmarkQueries_query06_jmhTest.query06_AverageTime;org/weakref/nitro/clickbench/jmh_generated/BenchmarkQueries_query06_jmhTest.query06_avgt_jmhStub;org/weakref/nitro/clickbench/BenchmarkQueries.query06;org/weakref/nitro/clickbench/BenchmarkQueries.consume;org/weakref/nitro/operator/Output.borrow;org/weakref/nitro/operator/AggregationOperator$$Lambda.0x00000000610be3b8.apply;org/weakref/nitro/operator/AggregationOperator.lambda$resultOutput$0;org/weakref/nitro/operator/AggregationOperator.doAggregationIfNeeded;org/weakref/nitro/operator/MarkDistinctOperator.next;org/weakref/nitro/operator/MarkDistinctOperator.computeDistinctMask;org/weakref/nitro/operator/Output.borrow;org/weakref/nitro/operator/NitroParquetScanOperator$ScanOutputResolver$$Lambda.0x00000000610aab88.apply;org/weakref/nitro/operator/NitroParquetScanOperator$ScanOutputResolver.resolve;org/weakref/nitro/operator/NitroParquetScanOperator.resolveLazyColumn;org/weakref/nitro/operator/NitroParquetScanOperator.decodeFullColumn;org/weakref/nitro/parquet/ColumnReader.readBinary;org/weakref/nitro/parquet/ColumnReader.readBinaryDirect;jint_disjoint_arraycopy_stub 1
/usr/lib/x86_64-linux-gnu/libc.so.6;/usr/lib/x86_64-linux-gnu/libc.so.6;thread_native_entry;Thread::call_run;JavaThread::thread_main_inner;CompileBroker::compiler_thread_loop;CompileBroker::invoke_compiler_on_method;C2Compiler::compile_method;Compile::Compile;Compile::Code_Gen;PhaseCFG::do_global_code_motion;PhaseCFG::global_code_motion;PhaseCFG::schedule_late;PhaseCFG::hoist_to_cheaper_block;TypeInt::make 1
java/lang/Thread.run;java/lang/Thread.runWith;java/util/concurrent/ThreadPoolExecutor$Worker.run;java/util/concurrent/ThreadPoolExecutor.runWorker;java/util/concurrent/FutureTask.run;java/util/concurrent/Executors$RunnableAdapter.call;java/util/concurrent/FutureTask.run;org/openjdk/jmh/runner/BenchmarkHandler$BenchmarkTask.call;org/openjdk/jmh/runner/BenchmarkHandler$BenchmarkTask.call;java/lang/reflect/Method.invoke;jdk/internal/reflect/DirectMethodHandleAccessor.invoke;jdk/internal/reflect/DirectMethodHandleAccessor.invokeImpl;java/lang/invoke/LambdaForm$MH.0x0000000061061400.invokeExact_MT;java/lang/invoke/LambdaForm$MH.0x0000000061061000.invoke;java/lang/invoke/DirectMethodHandle$Holder.invokeSpecial;org/weakref/nitro/clickbench/jmh_generated/BenchmarkQueries_query06_jmhTest.query06_AverageTime;org/weakref/nitro/clickbench/jmh_generated/BenchmarkQueries_query06_jmhTest.query06_avgt_jmhStub;org/weakref/nitro/clickbench/BenchmarkQueries.query06;org/weakref/nitro/clickbench/BenchmarkQueries.consume;org/weakref/nitro/operator/Output.borrow;org/weakref/nitro/operator/AggregationOperator$$Lambda.0x00000000610be3b8.apply;org/weakref/nitro/operator/AggregationOperator.lambda$resultOutput$0;org/weakref/nitro/operator/AggregationOperator.doAggregationIfNeeded;org/weakref/nitro/operator/MarkDistinctOperator.next;org/weakref/nitro/operator/MarkDistinctOperator.computeDistinctMask;org/weakref/nitro/operator/Output.borrow;org/weakref/nitro/operator/NitroParquetScanOperator$ScanOutputResolver$$Lambda.0x00000000610aab88.apply;org/weakref/nitro/operator/NitroParquetScanOperator$ScanOutputResolver.resolve;org/weakref/nitro/operator/NitroParquetScanOperator.resolveLazyColumn;org/weakref/nitro/operator/NitroParquetScanOperator.decodeFullColumn;org/weakref/nitro/parquet/ColumnReader.readBinary;org/weakref/nitro/parquet/ColumnReader.readBinaryDirect;org/weakref/nitro/parquet/ColumnReader.decodeNextDataPage;org/weakref/nitro/parquet/ColumnReader.decodeDataPageV1;org/weakref/nitro/parquet/ColumnReader.decodePlainBinary;org/weakref/nitro/parquet/ColumnReader.decodePlainBinaryPresized;org/weakref/nitro/parquet/ColumnReader.appendPlainEntryPresized;java/lang/foreign/MemorySegment.copy;jdk/internal/foreign/AbstractMemorySegmentImpl.copy;java/util/Objects.checkFromIndexSize;jdk/internal/util/Preconditions.checkFromIndexSize 1
java/lang/Thread.run;java/lang/Thread.runWith;java/util/concurrent/ThreadPoolExecutor$Worker.run;java/util/concurrent/ThreadPoolExecutor.runWorker;java/util/concurrent/FutureTask.run;java/util/concurrent/Executors$RunnableAdapter.call;java/util/concurrent/FutureTask.run;org/openjdk/jmh/runner/BenchmarkHandler$BenchmarkTask.call;org/openjdk/jmh/runner/BenchmarkHandler$BenchmarkTask.call;java/lang/reflect/Method.invoke;jdk/internal/reflect/DirectMethodHandleAccessor.invoke;jdk/internal/reflect/DirectMethodHandleAccessor.invokeImpl;java/lang/invoke/LambdaForm$MH.0x0000000061061400.invokeExact_MT;java/lang/invoke/LambdaForm$MH.0x0000000061061000.invoke;java/lang/invoke/DirectMethodHandle$Holder.invokeSpecial;org/weakref/nitro/clickbench/jmh_generated/BenchmarkQueries_query06_jmhTest.query06_AverageTime;org/weakref/nitro/clickbench/jmh_generated/BenchmarkQueries_query06_jmhTest.query06_avgt_jmhStub;org/weakref/nitro/clickbench/BenchmarkQueries.query06;org/weakref/nitro/clickbench/BenchmarkQueries.consume;org/weakref/nitro/operator/Output.borrow;org/weakref/nitro/operator/AggregationOperator$$Lambda.0x00000000610be3b8.apply;org/weakref/nitro/operator/AggregationOperator.lambda$resultOutput$0;org/weakref/nitro/operator/AggregationOperator.doAggregationIfNeeded;org/weakref/nitro/operator/MarkDistinctOperator.next;org/weakref/nitro/operator/MarkDistinctOperator.computeDistinctMask;org/weakref/nitro/operator/DistinctKeySet.addBatch;org/weakref/nitro/operator/DistinctKeySet$FlatDistinctIndex.addBatch;org/weakref/nitro/operator/DistinctKeySet$FlatDistinctIndex.isTrackedSentinel;org/weakref/nitro/operator/FlatKeyLayout.isTrackedSentinel;org/weakref/nitro/operator/FlatKeyLayout.hasTrackedSentinel 2
java/lang/Thread.run;java/lang/Thread.runWith;java/util/concurrent/ThreadPoolExecutor$Worker.run;java/util/concurrent/ThreadPoolExecutor.runWorker;java/util/concurrent/FutureTask.run;java/util/concurrent/Executors$RunnableAdapter.call;java/util/concurrent/FutureTask.run;org/openjdk/jmh/runner/BenchmarkHandler$BenchmarkTask.call;org/openjdk/jmh/runner/BenchmarkHandler$BenchmarkTask.call;java/lang/reflect/Method.invoke;jdk/internal/reflect/DirectMethodHandleAccessor.invoke;jdk/internal/reflect/DirectMethodHandleAccessor.invokeImpl;java/lang/invoke/LambdaForm$MH.0x0000000061061400.invokeExact_MT;java/lang/invoke/LambdaForm$MH.0x0000000061061000.invoke;java/lang/invoke/DirectMethodHandle$Holder.invokeSpecial;org/weakref/nitro/clickbench/jmh_generated/BenchmarkQueries_query06_jmhTest.query06_AverageTime;org/weakref/nitro/clickbench/jmh_generated/BenchmarkQueries_query06_jmhTest.query06_avgt_jmhStub;org/weakref/nitro/clickbench/BenchmarkQueries.query06;org/weakref/nitro/clickbench/BenchmarkQueries.consume;org/weakref/nitro/operator/Output.borrow;org/weakref/nitro/operator/AggregationOperator$$Lambda.0x00000000610be3b8.apply;org/weakref/nitro/operator/AggregationOperator.lambda$resultOutput$0;org/weakref/nitro/operator/AggregationOperator.doAggregationIfNeeded;org/weakref/nitro/operator/MarkDistinctOperator.next;org/weakref/nitro/operator/MarkDistinctOperator.computeDistinctMask;org/weakref/nitro/operator/DistinctKeySet.addBatch;org/weakref/nitro/operator/DistinctKeySet$FlatDistinctIndex.addBatch;org/weakref/nitro/operator/FlatGroupingTable.assignGroup;org/weakref/nitro/operator/FlatGroupingTable.assignGroupHashed;org/weakref/nitro/operator/FlatGroupingTable.assignGroupHashedInternal;org/weakref/nitro/operator/FlatGroupingTable.getIndex;org/weakref/nitro/operator/FlatGroupingTable.identical;org/weakref/nitro/operator/FlatKeyLayout.identicalRecordToInput;org/weakref/nitro/operator/FlatKeyLayout.recordDictionaryId 3
java/lang/Thread.run;java/lang/Thread.runWith;java/util/concurrent/ThreadPoolExecutor$Worker.run;java/util/concurrent/ThreadPoolExecutor.runWorker;java/util/concurrent/FutureTask.run;java/util/concurrent/Executors$RunnableAdapter.call;java/util/concurrent/FutureTask.run;org/openjdk/jmh/runner/BenchmarkHandler$BenchmarkTask.call;org/openjdk/jmh/runner/BenchmarkHandler$BenchmarkTask.call;java/lang/reflect/Method.invoke;jdk/internal/reflect/DirectMethodHandleAccessor.invoke;jdk/internal/reflect/DirectMethodHandleAccessor.invokeImpl;java/lang/invoke/LambdaForm$MH.0x0000000061061400.invokeExact_MT;java/lang/invoke/LambdaForm$MH.0x0000000061061000.invoke;java/lang/invoke/DirectMethodHandle$Holder.invokeSpecial;org/weakref/nitro/clickbench/jmh_generated/BenchmarkQueries_query06_jmhTest.query06_AverageTime;org/weakref/nitro/clickbench/jmh_generated/BenchmarkQueries_query06_jmhTest.query06_avgt_jmhStub;org/weakref/nitro/clickbench/BenchmarkQueries.query06;org/weakref/nitro/clickbench/BenchmarkQueries.consume;org/weakref/nitro/operator/Output.borrow;org/weakref/nitro/operator/AggregationOperator$$Lambda.0x00000000610be3b8.apply;org/weakref/nitro/operator/AggregationOperator.lambda$resultOutput$0;org/weakref/nitro/operator/AggregationOperator.doAggregationIfNeeded;org/weakref/nitro/operator/MarkDistinctOperator.next;org/weakref/nitro/operator/MarkDistinctOperator.computeDistinctMask;org/weakref/nitro/operator/DistinctKeySet.addBatch;org/weakref/nitro/operator/DistinctKeySet$FlatDistinctIndex.addBatch;org/weakref/nitro/operator/FlatGroupingTable.assignGroup;org/weakref/nitro/operator/FlatGroupingTable.assignGroupHashed;org/weakref/nitro/operator/FlatGroupingTable.assignGroupHashedInternal;org/weakref/nitro/operator/FlatGroupingTable.addNewGroup;org/weakref/nitro/operator/FlatKeyLayout.writeRecord;org/weakref/nitro/operator/FlatTypeHandlers$4.writeFlat;org/weakref/nitro/data/BinaryVector.startOffset 1
java/lang/Thread.run;java/lang/Thread.runWith;java/util/concurrent/ThreadPoolExecutor$Worker.run;java/util/concurrent/ThreadPoolExecutor.runWorker;java/util/concurrent/FutureTask.run;java/util/concurrent/Executors$RunnableAdapter.call;java/util/concurrent/FutureTask.run;org/openjdk/jmh/runner/BenchmarkHandler$BenchmarkTask.call;org/openjdk/jmh/runner/BenchmarkHandler$BenchmarkTask.call;java/lang/reflect/Method.invoke;jdk/internal/reflect/DirectMethodHandleAccessor.invoke;jdk/internal/reflect/DirectMethodHandleAccessor.invokeImpl;java/lang/invoke/LambdaForm$MH.0x0000000061061400.invokeExact_MT;java/lang/invoke/LambdaForm$MH.0x0000000061061000.invoke;java/lang/invoke/DirectMethodHandle$Holder.invokeSpecial;org/weakref/nitro/clickbench/jmh_generated/BenchmarkQueries_query06_jmhTest.query06_AverageTime;org/weakref/nitro/clickbench/jmh_generated/BenchmarkQueries_query06_jmhTest.query06_avgt_jmhStub;org/weakref/nitro/clickbench/BenchmarkQueries.query06;org/weakref/nitro/clickbench/BenchmarkQueries.consume;org/weakref/nitro/operator/Output.borrow;org/weakref/nitro/operator/AggregationOperator$$Lambda.0x00000000610be3b8.apply;org/weakref/nitro/operator/AggregationOperator.lambda$resultOutput$0;org/weakref/nitro/operator/AggregationOperator.doAggregationIfNeeded;org/weakref/nitro/operator/MarkDistinctOperator.next;org/weakref/nitro/operator/MarkDistinctOperator.computeDistinctMask;org/weakref/nitro/operator/Output.borrow;org/weakref/nitro/operator/NitroParquetScanOperator$ScanOutputResolver$$Lambda.0x00000000610aab88.apply;org/weakref/nitro/operator/NitroParquetScanOperator$ScanOutputResolver.resolve;org/weakref/nitro/operator/NitroParquetScanOperator.resolveLazyColumn;org/weakref/nitro/operator/NitroParquetScanOperator.decodeFullColumn;org/weakref/nitro/parquet/ColumnReader.readBinary;org/weakref/nitro/parquet/ColumnReader.readBinaryDirect;org/weakref/nitro/parquet/ColumnReader.decodeNextDataPage;org/weakref/nitro/parquet/ColumnReader.decodeDataPageV1;org/weakref/nitro/parquet/ColumnReader.decodePlainBinary;org/weakref/nitro/parquet/ColumnReader.decodePlainBinaryPresized;org/weakref/nitro/parquet/ColumnReader.appendPlainEntryPresized;java/lang/foreign/MemorySegment.copy;jdk/internal/foreign/AbstractMemorySegmentImpl.copy;jdk/internal/foreign/Utils.checkNonNegativeIndex 1
/usr/lib/x86_64-linux-gnu/libc.so.6;/usr/lib/x86_64-linux-gnu/libc.so.6;thread_native_entry;Thread::call_run;WorkerThread::run;G1EvacuateRegionsBaseTask::work;G1EvacuateRegionsTask::evacuate_live_objects;G1ParEvacuateFollowersClosure::do_void;G1ParScanThreadState::steal_and_trim_queue;/usr/lib/x86_64-linux-gnu/libc.so.6 1
java/lang/Thread.run;java/lang/Thread.runWith;java/util/concurrent/ThreadPoolExecutor$Worker.run;java/util/concurrent/ThreadPoolExecutor.runWorker;java/util/concurrent/FutureTask.run;java/util/concurrent/Executors$RunnableAdapter.call;java/util/concurrent/FutureTask.run;org/openjdk/jmh/runner/BenchmarkHandler$BenchmarkTask.call;org/openjdk/jmh/runner/BenchmarkHandler$BenchmarkTask.call;java/lang/reflect/Method.invoke;jdk/internal/reflect/DirectMethodHandleAccessor.invoke;jdk/internal/reflect/DirectMethodHandleAccessor.invokeImpl;java/lang/invoke/LambdaForm$MH.0x0000000061061400.invokeExact_MT;java/lang/invoke/LambdaForm$MH.0x0000000061061000.invoke;java/lang/invoke/DirectMethodHandle$Holder.invokeSpecial;org/weakref/nitro/clickbench/jmh_generated/BenchmarkQueries_query06_jmhTest.query06_AverageTime;org/weakref/nitro/clickbench/jmh_generated/BenchmarkQueries_query06_jmhTest.query06_avgt_jmhStub;org/weakref/nitro/clickbench/BenchmarkQueries.query06;org/weakref/nitro/clickbench/BenchmarkQueries.consume;org/weakref/nitro/operator/Output.borrow;org/weakref/nitro/operator/AggregationOperator$$Lambda.0x00000000610be3b8.apply;org/weakref/nitro/operator/AggregationOperator.lambda$resultOutput$0;org/weakref/nitro/operator/AggregationOperator.doAggregationIfNeeded;org/weakref/nitro/operator/MarkDistinctOperator.next;org/weakref/nitro/operator/MarkDistinctOperator.computeDistinctMask;org/weakref/nitro/operator/DistinctKeySet.addBatch;org/weakref/nitro/operator/DistinctKeySet$FlatDistinctIndex.addBatch;org/weakref/nitro/operator/FlatGroupingTable.assignGroup;org/weakref/nitro/operator/FlatGroupingTable.assignGroupHashed;org/weakref/nitro/operator/FlatGroupingTable.assignGroupHashedInternal 1
java/lang/Thread.run;java/lang/Thread.runWith;java/util/concurrent/ThreadPoolExecutor$Worker.run;java/util/concurrent/ThreadPoolExecutor.runWorker;java/util/concurrent/FutureTask.run;java/util/concurrent/Executors$RunnableAdapter.call;java/util/concurrent/FutureTask.run;org/openjdk/jmh/runner/BenchmarkHandler$BenchmarkTask.call;org/openjdk/jmh/runner/BenchmarkHandler$BenchmarkTask.call;java/lang/reflect/Method.invoke;jdk/internal/reflect/DirectMethodHandleAccessor.invoke;jdk/internal/reflect/DirectMethodHandleAccessor.invokeImpl;java/lang/invoke/LambdaForm$MH.0x0000000061061400.invokeExact_MT;java/lang/invoke/LambdaForm$MH.0x0000000061061000.invoke;java/lang/invoke/DirectMethodHandle$Holder.invokeSpecial;org/weakref/nitro/clickbench/jmh_generated/BenchmarkQueries_query06_jmhTest.query06_AverageTime;org/weakref/nitro/clickbench/jmh_generated/BenchmarkQueries_query06_jmhTest.query06_avgt_jmhStub;org/weakref/nitro/clickbench/BenchmarkQueries.query06;org/weakref/nitro/clickbench/BenchmarkQueries.consume;org/weakref/nitro/operator/Output.borrow;org/weakref/nitro/operator/AggregationOperator$$Lambda.0x00000000610be3b8.apply;org/weakref/nitro/operator/AggregationOperator.lambda$resultOutput$0;org/weakref/nitro/operator/AggregationOperator.doAggregationIfNeeded;org/weakref/nitro/operator/MarkDistinctOperator.next;org/weakref/nitro/operator/MarkDistinctOperator.computeDistinctMask;org/weakref/nitro/operator/DistinctKeySet.addBatch;org/weakref/nitro/operator/DistinctKeySet$FlatDistinctIndex.addBatch;org/weakref/nitro/operator/DistinctKeySet$FlatDistinctIndex.addFlatBinaryBatch;org/weakref/nitro/operator/FlatGroupingTable.assignGroup;org/weakref/nitro/operator/FlatGroupingTable.assignGroupHashed;org/weakref/nitro/operator/FlatGroupingTable.assignGroupHashedInternal;org/weakref/nitro/operator/FlatGroupingTable.addNewGroup 1
java/lang/Thread.run;java/lang/Thread.runWith;java/util/concurrent/ThreadPoolExecutor$Worker.run;java/util/concurrent/ThreadPoolExecutor.runWorker;java/util/concurrent/FutureTask.run;java/util/concurrent/Executors$RunnableAdapter.call;java/util/concurrent/FutureTask.run;org/openjdk/jmh/runner/BenchmarkHandler$BenchmarkTask.call;org/openjdk/jmh/runner/BenchmarkHandler$BenchmarkTask.call;java/lang/reflect/Method.invoke;jdk/internal/reflect/DirectMethodHandleAccessor.invoke;jdk/internal/reflect/DirectMethodHandleAccessor.invokeImpl;java/lang/invoke/LambdaForm$MH.0x0000000061061400.invokeExact_MT;java/lang/invoke/LambdaForm$MH.0x0000000061061000.invoke;java/lang/invoke/DirectMethodHandle$Holder.invokeSpecial;org/weakref/nitro/clickbench/jmh_generated/BenchmarkQueries_query06_jmhTest.query06_AverageTime;org/weakref/nitro/clickbench/jmh_generated/BenchmarkQueries_query06_jmhTest.query06_avgt_jmhStub;org/weakref/nitro/clickbench/BenchmarkQueries.query06;org/weakref/nitro/clickbench/BenchmarkQueries.consume;org/weakref/nitro/operator/Output.borrow;org/weakref/nitro/operator/AggregationOperator$$Lambda.0x00000000610be3b8.apply;org/weakref/nitro/operator/AggregationOperator.lambda$resultOutput$0;org/weakref/nitro/operator/AggregationOperator.doAggregationIfNeeded;org/weakref/nitro/operator/MarkDistinctOperator.next;org/weakref/nitro/operator/MarkDistinctOperator.computeDistinctMask;org/weakref/nitro/operator/DistinctKeySet.addBatch;org/weakref/nitro/operator/DistinctKeySet$FlatDistinctIndex.addBatch;org/weakref/nitro/operator/FlatGroupingTable.assignGroup;org/weakref/nitro/operator/FlatGroupingTable.assignGroupHashed;org/weakref/nitro/operator/FlatGroupingTable.assignGroupHashedInternal;org/weakref/nitro/operator/FlatGroupingTable.getIndex;org/weakref/nitro/operator/FlatGroupingTable.identical;java/lang/invoke/VarHandleGuards.guard_LI_J;java/lang/invoke/VarHandleByteArrayAsLongs$ArrayHandle.get;java/lang/invoke/VarHandleByteArrayAsLongs$ArrayHandle.index 3
java/lang/Thread.run;java/lang/Thread.runWith;java/util/concurrent/ThreadPoolExecutor$Worker.run;java/util/concurrent/ThreadPoolExecutor.runWorker;java/util/concurrent/FutureTask.run;java/util/concurrent/Executors$RunnableAdapter.call;java/util/concurrent/FutureTask.run;org/openjdk/jmh/runner/BenchmarkHandler$BenchmarkTask.call;org/openjdk/jmh/runner/BenchmarkHandler$BenchmarkTask.call;java/lang/reflect/Method.invoke;jdk/internal/reflect/DirectMethodHandleAccessor.invoke;jdk/internal/reflect/DirectMethodHandleAccessor.invokeImpl;java/lang/invoke/LambdaForm$MH.0x0000000061061400.invokeExact_MT;java/lang/invoke/LambdaForm$MH.0x0000000061061000.invoke;java/lang/invoke/DirectMethodHandle$Holder.invokeSpecial;org/weakref/nitro/clickbench/jmh_generated/BenchmarkQueries_query06_jmhTest.query06_AverageTime;org/weakref/nitro/clickbench/jmh_generated/BenchmarkQueries_query06_jmhTest.query06_avgt_jmhStub;org/weakref/nitro/clickbench/BenchmarkQueries.query06;org/weakref/nitro/clickbench/BenchmarkQueries.consume;org/weakref/nitro/operator/Output.borrow;org/weakref/nitro/operator/AggregationOperator$$Lambda.0x00000000610be3b8.apply;org/weakref/nitro/operator/AggregationOperator.lambda$resultOutput$0;org/weakref/nitro/operator/AggregationOperator.doAggregationIfNeeded;org/weakref/nitro/operator/MarkDistinctOperator.next;org/weakref/nitro/operator/MarkDistinctOperator.computeDistinctMask;org/weakref/nitro/operator/DistinctKeySet.addBatch;org/weakref/nitro/operator/DistinctKeySet$FlatDistinctIndex.addBatch;org/weakref/nitro/operator/FlatGroupingTable.assignGroup;org/weakref/nitro/operator/FlatGroupingTable.assignGroupHashed;org/weakref/nitro/operator/FlatGroupingTable.assignGroupHashedInternal;org/weakref/nitro/operator/FlatGroupingTable.getIndex;java/lang/invoke/VarHandleGuards.guard_LI_J;java/lang/invoke/VarHandleByteArrayAsLongs$ArrayHandle.get;java/lang/invoke/VarHandleByteArrayAsLongs$ArrayHandle.index 1
java/lang/Thread.run;java/lang/Thread.runWith;java/util/concurrent/ThreadPoolExecutor$Worker.run;java/util/concurrent/ThreadPoolExecutor.runWorker;java/util/concurrent/FutureTask.run;java/util/concurrent/Executors$RunnableAdapter.call;java/util/concurrent/FutureTask.run;org/openjdk/jmh/runner/BenchmarkHandler$BenchmarkTask.call;org/openjdk/jmh/runner/BenchmarkHandler$BenchmarkTask.call;java/lang/reflect/Method.invoke;jdk/internal/reflect/DirectMethodHandleAccessor.invoke;jdk/internal/reflect/DirectMethodHandleAccessor.invokeImpl;java/lang/invoke/LambdaForm$MH.0x0000000061061400.invokeExact_MT;java/lang/invoke/LambdaForm$MH.0x0000000061061000.invoke;java/lang/invoke/DirectMethodHandle$Holder.invokeSpecial;org/weakref/nitro/clickbench/jmh_generated/BenchmarkQueries_query06_jmhTest.query06_AverageTime;org/weakref/nitro/clickbench/jmh_generated/BenchmarkQueries_query06_jmhTest.query06_avgt_jmhStub;org/weakref/nitro/clickbench/BenchmarkQueries.query06;org/weakref/nitro/clickbench/BenchmarkQueries.consume;org/weakref/nitro/operator/Output.borrow;org/weakref/nitro/operator/AggregationOperator$$Lambda.0x00000000610be3b8.apply;org/weakref/nitro/operator/AggregationOperator.lambda$resultOutput$0;org/weakref/nitro/operator/AggregationOperator.doAggregationIfNeeded;org/weakref/nitro/operator/MarkDistinctOperator.next;org/weakref/nitro/operator/MarkDistinctOperator.computeDistinctMask;org/weakref/nitro/operator/DistinctKeySet.addBatch;org/weakref/nitro/operator/DistinctKeySet$FlatDistinctIndex.addBatch;org/weakref/nitro/operator/FlatGroupingTable.assignGroup;org/weakref/nitro/operator/FlatGroupingTable.assignGroupHashed;org/weakref/nitro/operator/FlatGroupingTable.assignGroupHashedInternal 1
java/lang/Thread.run;java/lang/Thread.runWith;java/util/concurrent/ThreadPoolExecutor$Worker.run;java/util/concurrent/ThreadPoolExecutor.runWorker;java/util/concurrent/FutureTask.run;java/util/concurrent/Executors$RunnableAdapter.call;java/util/concurrent/FutureTask.run;org/openjdk/jmh/runner/BenchmarkHandler$BenchmarkTask.call;org/openjdk/jmh/runner/BenchmarkHandler$BenchmarkTask.call;java/lang/reflect/Method.invoke;jdk/internal/reflect/DirectMethodHandleAccessor.invoke;jdk/internal/reflect/DirectMethodHandleAccessor.invokeImpl;java/lang/invoke/LambdaForm$MH.0x0000000061061400.invokeExact_MT;java/lang/invoke/LambdaForm$MH.0x0000000061061000.invoke;java/lang/invoke/DirectMethodHandle$Holder.invokeSpecial;org/weakref/nitro/clickbench/jmh_generated/BenchmarkQueries_query06_jmhTest.query06_AverageTime;org/weakref/nitro/clickbench/jmh_generated/BenchmarkQueries_query06_jmhTest.query06_avgt_jmhStub;org/weakref/nitro/clickbench/BenchmarkQueries.query06;org/weakref/nitro/clickbench/BenchmarkQueries.consume;org/weakref/nitro/operator/Output.borrow;org/weakref/nitro/operator/AggregationOperator$$Lambda.0x00000000610be3b8.apply;org/weakref/nitro/operator/AggregationOperator.lambda$resultOutput$0;org/weakref/nitro/operator/AggregationOperator.doAggregationIfNeeded;org/weakref/nitro/operator/MarkDistinctOperator.next;org/weakref/nitro/operator/MarkDistinctOperator.computeDistinctMask;org/weakref/nitro/operator/DistinctKeySet.addBatch;org/weakref/nitro/operator/DistinctKeySet$FlatDistinctIndex.addBatch;org/weakref/nitro/operator/FlatGroupingTable.prepareBatchHashes;org/weakref/nitro/operator/FlatGroupingTable.prepareBatchHash;org/weakref/nitro/operator/FlatKeyLayout.hash;org/weakref/nitro/operator/FlatKeyLayout.fieldHash;org/weakref/nitro/operator/FlatKeyLayout.binaryFieldHash 1
java/lang/Thread.run;java/lang/Thread.runWith;java/util/concurrent/ThreadPoolExecutor$Worker.run;java/util/concurrent/ThreadPoolExecutor.runWorker;java/util/concurrent/FutureTask.run;java/util/concurrent/Executors$RunnableAdapter.call;java/util/concurrent/FutureTask.run;org/openjdk/jmh/runner/BenchmarkHandler$BenchmarkTask.call;org/openjdk/jmh/runner/BenchmarkHandler$BenchmarkTask.call;java/lang/reflect/Method.invoke;jdk/internal/reflect/DirectMethodHandleAccessor.invoke;jdk/internal/reflect/DirectMethodHandleAccessor.invokeImpl;java/lang/invoke/LambdaForm$MH.0x0000000061061400.invokeExact_MT;java/lang/invoke/LambdaForm$MH.0x0000000061061000.invoke;java/lang/invoke/DirectMethodHandle$Holder.invokeSpecial;org/weakref/nitro/clickbench/jmh_generated/BenchmarkQueries_query06_jmhTest.query06_AverageTime;org/weakref/nitro/clickbench/jmh_generated/BenchmarkQueries_query06_jmhTest.query06_avgt_jmhStub;org/weakref/nitro/clickbench/BenchmarkQueries.query06;org/weakref/nitro/clickbench/BenchmarkQueries.consume;org/weakref/nitro/operator/Output.borrow;org/weakref/nitro/operator/AggregationOperator$$Lambda.0x00000000610be3b8.apply;org/weakref/nitro/operator/AggregationOperator.lambda$resultOutput$0;org/weakref/nitro/operator/AggregationOperator.doAggregationIfNeeded;org/weakref/nitro/operator/MarkDistinctOperator.next;org/weakref/nitro/operator/MarkDistinctOperator.computeDistinctMask;org/weakref/nitro/operator/DistinctKeySet.addBatch;org/weakref/nitro/operator/DistinctKeySet$FlatDistinctIndex.addBatch;org/weakref/nitro/operator/DistinctKeySet$FlatDistinctIndex.addFlatBinaryBatch;org/weakref/nitro/operator/FlatGroupingTable.assignGroup;org/weakref/nitro/operator/FlatGroupingTable.assignGroupHashed;org/weakref/nitro/operator/FlatGroupingTable.assignGroupHashedInternal;org/weakref/nitro/operator/FlatGroupingTable.addNewGroup;org/weakref/nitro/operator/FlatKeyLayout.writeRecord;org/weakref/nitro/operator/FlatKeyLayout.writeBinaryField;org/weakref/nitro/data/BinaryVector.length;org/weakref/nitro/data/BinaryVector.endOffset 1
java/lang/Thread.run;java/lang/Thread.runWith;java/util/concurrent/ThreadPoolExecutor$Worker.run;java/util/concurrent/ThreadPoolExecutor.runWorker;java/util/concurrent/FutureTask.run;java/util/concurrent/Executors$RunnableAdapter.call;java/util/concurrent/FutureTask.run;org/openjdk/jmh/runner/BenchmarkHandler$BenchmarkTask.call;org/openjdk/jmh/runner/BenchmarkHandler$BenchmarkTask.call;java/lang/reflect/Method.invoke;jdk/internal/reflect/DirectMethodHandleAccessor.invoke;jdk/internal/reflect/DirectMethodHandleAccessor.invokeImpl;java/lang/invoke/LambdaForm$MH.0x0000000061061400.invokeExact_MT;java/lang/invoke/LambdaForm$MH.0x0000000061061000.invoke;java/lang/invoke/DirectMethodHandle$Holder.invokeSpecial;org/weakref/nitro/clickbench/jmh_generated/BenchmarkQueries_query06_jmhTest.query06_AverageTime;org/weakref/nitro/clickbench/jmh_generated/BenchmarkQueries_query06_jmhTest.query06_avgt_jmhStub;org/weakref/nitro/clickbench/BenchmarkQueries.query06;org/weakref/nitro/clickbench/BenchmarkQueries.consume;org/weakref/nitro/operator/Output.borrow;org/weakref/nitro/operator/AggregationOperator$$Lambda.0x00000000610be3b8.apply;org/weakref/nitro/operator/AggregationOperator.lambda$resultOutput$0;org/weakref/nitro/operator/AggregationOperator.doAggregationIfNeeded;org/weakref/nitro/operator/MarkDistinctOperator.next;org/weakref/nitro/operator/MarkDistinctOperator.computeDistinctMask;org/weakref/nitro/operator/DistinctKeySet.addBatch;org/weakref/nitro/operator/DistinctKeySet$FlatDistinctIndex.addBatch;org/weakref/nitro/operator/FlatGroupingTable.beginBatch;org/weakref/nitro/operator/FlatKeyLayout.beginBatch 1
java/lang/Thread.run;java/lang/Thread.runWith;java/util/concurrent/ThreadPoolExecutor$Worker.run;java/util/concurrent/ThreadPoolExecutor.runWorker;java/util/concurrent/FutureTask.run;java/util/concurrent/Executors$RunnableAdapter.call;java/util/concurrent/FutureTask.run;org/openjdk/jmh/runner/BenchmarkHandler$BenchmarkTask.call;org/openjdk/jmh/runner/BenchmarkHandler$BenchmarkTask.call;java/lang/reflect/Method.invoke;jdk/internal/reflect/DirectMethodHandleAccessor.invoke;jdk/internal/reflect/DirectMethodHandleAccessor.invokeImpl;java/lang/invoke/LambdaForm$MH.0x0000000061061400.invokeExact_MT;java/lang/invoke/LambdaForm$MH.0x0000000061061000.invoke;java/lang/invoke/DirectMethodHandle$Holder.invokeSpecial;org/weakref/nitro/clickbench/jmh_generated/BenchmarkQueries_query06_jmhTest.query06_AverageTime;org/weakref/nitro/clickbench/jmh_generated/BenchmarkQueries_query06_jmhTest.query06_avgt_jmhStub;org/weakref/nitro/clickbench/BenchmarkQueries.query06;org/weakref/nitro/clickbench/BenchmarkQueries.consume;org/weakref/nitro/operator/Output.borrow;org/weakref/nitro/operator/AggregationOperator$$Lambda.0x00000000610be3b8.apply;org/weakref/nitro/operator/AggregationOperator.lambda$resultOutput$0;org/weakref/nitro/operator/AggregationOperator.doAggregationIfNeeded;org/weakref/nitro/operator/MarkDistinctOperator.next;org/weakref/nitro/operator/MarkDistinctOperator.computeDistinctMask;org/weakref/nitro/operator/Output.borrow;org/weakref/nitro/operator/NitroParquetScanOperator$ScanOutputResolver$$Lambda.0x00000000610aab88.apply;org/weakref/nitro/operator/NitroParquetScanOperator$ScanOutputResolver.resolve;org/weakref/nitro/operator/NitroParquetScanOperator.resolveLazyColumn;org/weakref/nitro/operator/NitroParquetScanOperator.decodeFullColumn;org/weakref/nitro/parquet/ColumnReader.readBinary;org/weakref/nitro/parquet/ColumnReader.readBinaryDirect;org/weakref/nitro/parquet/ColumnReader.decodeNextDataPage;org/weakref/nitro/parquet/ColumnReader.decodeDataPageV1;org/weakref/nitro/parquet/ColumnReader.decodePlainBinary;org/weakref/nitro/parquet/ColumnReader.decodePlainBinaryPresized;org/weakref/nitro/parquet/ColumnReader.appendPlainEntryPresized 1
java/lang/Thread.run;java/lang/Thread.runWith;java/util/concurrent/ThreadPoolExecutor$Worker.run;java/util/concurrent/ThreadPoolExecutor.runWorker;java/util/concurrent/FutureTask.run;java/util/concurrent/Executors$RunnableAdapter.call;java/util/concurrent/FutureTask.run;org/openjdk/jmh/runner/BenchmarkHandler$BenchmarkTask.call;org/openjdk/jmh/runner/BenchmarkHandler$BenchmarkTask.call;java/lang/reflect/Method.invoke;jdk/internal/reflect/DirectMethodHandleAccessor.invoke;jdk/internal/reflect/DirectMethodHandleAccessor.invokeImpl;java/lang/invoke/LambdaForm$MH.0x0000000061061400.invokeExact_MT;java/lang/invoke/LambdaForm$MH.0x0000000061061000.invoke;java/lang/invoke/DirectMethodHandle$Holder.invokeSpecial;org/weakref/nitro/clickbench/jmh_generated/BenchmarkQueries_query06_jmhTest.query06_AverageTime;org/weakref/nitro/clickbench/jmh_generated/BenchmarkQueries_query06_jmhTest.query06_avgt_jmhStub;org/weakref/nitro/clickbench/BenchmarkQueries.query06;org/weakref/nitro/clickbench/BenchmarkQueries.consume;org/weakref/nitro/operator/Output.borrow;org/weakref/nitro/operator/AggregationOperator$$Lambda.0x00000000610be3b8.apply;org/weakref/nitro/operator/AggregationOperator.lambda$resultOutput$0;org/weakref/nitro/operator/AggregationOperator.doAggregationIfNeeded;org/weakref/nitro/operator/MarkDistinctOperator.next;org/weakref/nitro/operator/MarkDistinctOperator.computeDistinctMask;org/weakref/nitro/operator/DistinctKeySet.addBatch;org/weakref/nitro/operator/DistinctKeySet$FlatDistinctIndex.addBatch;org/weakref/nitro/operator/FlatGroupingTable.assignGroup;org/weakref/nitro/operator/FlatGroupingTable.assignGroupHashed;org/weakref/nitro/operator/FlatGroupingTable.assignGroupHashedInternal;org/weakref/nitro/operator/FlatGroupingTable.getIndex;org/weakref/nitro/operator/FlatGroupingTable.identical 2
java/lang/Thread.run;java/lang/Thread.runWith;java/util/concurrent/ThreadPoolExecutor$Worker.run;java/util/concurrent/ThreadPoolExecutor.runWorker;java/util/concurrent/FutureTask.run;java/util/concurrent/Executors$RunnableAdapter.call;java/util/concurrent/FutureTask.run;org/openjdk/jmh/runner/BenchmarkHandler$BenchmarkTask.call;org/openjdk/jmh/runner/BenchmarkHandler$BenchmarkTask.call;java/lang/reflect/Method.invoke;jdk/internal/reflect/DirectMethodHandleAccessor.invoke;jdk/internal/reflect/DirectMethodHandleAccessor.invokeImpl;java/lang/invoke/LambdaForm$MH.0x0000000061061400.invokeExact_MT;java/lang/invoke/LambdaForm$MH.0x0000000061061000.invoke;java/lang/invoke/DirectMethodHandle$Holder.invokeSpecial;org/weakref/nitro/clickbench/jmh_generated/BenchmarkQueries_query06_jmhTest.query06_AverageTime;org/weakref/nitro/clickbench/jmh_generated/BenchmarkQueries_query06_jmhTest.query06_avgt_jmhStub;org/weakref/nitro/clickbench/BenchmarkQueries.query06;org/weakref/nitro/clickbench/BenchmarkQueries.consume;org/weakref/nitro/operator/Output.borrow;org/weakref/nitro/operator/AggregationOperator$$Lambda.0x00000000610be3b8.apply;org/weakref/nitro/operator/AggregationOperator.lambda$resultOutput$0;org/weakref/nitro/operator/AggregationOperator.doAggregationIfNeeded;org/weakref/nitro/operator/MarkDistinctOperator.next;org/weakref/nitro/operator/MarkDistinctOperator.computeDistinctMask;org/weakref/nitro/operator/DistinctKeySet.addBatch;org/weakref/nitro/operator/DistinctKeySet$FlatDistinctIndex.addBatch;org/weakref/nitro/operator/DistinctKeySet$FlatDistinctIndex.addFlatBinaryBatch;org/weakref/nitro/operator/FlatGroupingTable.assignGroup;org/weakref/nitro/operator/FlatGroupingTable.assignGroupHashed;org/weakref/nitro/operator/FlatGroupingTable.assignGroupHashedInternal;org/weakref/nitro/operator/FlatGroupingTable.getIndex;org/weakref/nitro/operator/FlatGroupingTable.match 1
java/lang/Thread.run;java/lang/Thread.runWith;java/util/concurrent/ThreadPoolExecutor$Worker.run;java/util/concurrent/ThreadPoolExecutor.runWorker;java/util/concurrent/FutureTask.run;java/util/concurrent/Executors$RunnableAdapter.call;java/util/concurrent/FutureTask.run;org/openjdk/jmh/runner/BenchmarkHandler$BenchmarkTask.call;org/openjdk/jmh/runner/BenchmarkHandler$BenchmarkTask.call;java/lang/reflect/Method.invoke;jdk/internal/reflect/DirectMethodHandleAccessor.invoke;jdk/internal/reflect/DirectMethodHandleAccessor.invokeImpl;java/lang/invoke/LambdaForm$MH.0x0000000061061400.invokeExact_MT;java/lang/invoke/LambdaForm$MH.0x0000000061061000.invoke;java/lang/invoke/DirectMethodHandle$Holder.invokeSpecial;org/weakref/nitro/clickbench/jmh_generated/BenchmarkQueries_query06_jmhTest.query06_AverageTime;org/weakref/nitro/clickbench/jmh_generated/BenchmarkQueries_query06_jmhTest.query06_avgt_jmhStub;org/weakref/nitro/clickbench/BenchmarkQueries.query06;org/weakref/nitro/clickbench/BenchmarkQueries.consume;org/weakref/nitro/operator/Output.borrow;org/weakref/nitro/operator/AggregationOperator$$Lambda.0x00000000610be3b8.apply;org/weakref/nitro/operator/AggregationOperator.lambda$resultOutput$0;org/weakref/nitro/operator/AggregationOperator.doAggregationIfNeeded;org/weakref/nitro/operator/MarkDistinctOperator.next;org/weakref/nitro/operator/MarkDistinctOperator.computeDistinctMask;org/weakref/nitro/operator/DistinctKeySet.addBatch;org/weakref/nitro/operator/DistinctKeySet$FlatDistinctIndex.addBatch;org/weakref/nitro/operator/DistinctKeySet$FlatDistinctIndex.addFlatBinaryBatch;org/weakref/nitro/operator/FlatGroupingTable.prepareBatchHashes;org/weakref/nitro/operator/FlatGroupingTable.prepareBatchHash;org/weakref/nitro/operator/FlatKeyLayout.hash;org/weakref/nitro/data/BinaryVector.data 1
java/lang/Thread.run;java/lang/Thread.runWith;java/util/concurrent/ThreadPoolExecutor$Worker.run;java/util/concurrent/ThreadPoolExecutor.runWorker;java/util/concurrent/FutureTask.run;java/util/concurrent/Executors$RunnableAdapter.call;java/util/concurrent/FutureTask.run;org/openjdk/jmh/runner/BenchmarkHandler$BenchmarkTask.call;org/openjdk/jmh/runner/BenchmarkHandler$BenchmarkTask.call;java/lang/reflect/Method.invoke;jdk/internal/reflect/DirectMethodHandleAccessor.invoke;jdk/internal/reflect/DirectMethodHandleAccessor.invokeImpl;java/lang/invoke/LambdaForm$MH.0x0000000061061400.invokeExact_MT;java/lang/invoke/LambdaForm$MH.0x0000000061061000.invoke;java/lang/invoke/DirectMethodHandle$Holder.invokeSpecial;org/weakref/nitro/clickbench/jmh_generated/BenchmarkQueries_query06_jmhTest.query06_AverageTime;org/weakref/nitro/clickbench/jmh_generated/BenchmarkQueries_query06_jmhTest.query06_avgt_jmhStub;org/weakref/nitro/clickbench/BenchmarkQueries.query06;org/weakref/nitro/clickbench/BenchmarkQueries.consume;org/weakref/nitro/operator/Output.borrow;org/weakref/nitro/operator/AggregationOperator$$Lambda.0x00000000610be3b8.apply;org/weakref/nitro/operator/AggregationOperator.lambda$resultOutput$0;org/weakref/nitro/operator/AggregationOperator.doAggregationIfNeeded;org/weakref/nitro/operator/MarkDistinctOperator.next;org/weakref/nitro/operator/MarkDistinctOperator.computeDistinctMask;org/weakref/nitro/operator/DistinctKeySet.addBatch;org/weakref/nitro/operator/DistinctKeySet$FlatDistinctIndex.addBatch;org/weakref/nitro/operator/FlatGroupingTable.assignGroup;org/weakref/nitro/operator/FlatGroupingTable.assignGroupHashed;org/weakref/nitro/operator/FlatGroupingTable.assignGroupHashedInternal;org/weakref/nitro/operator/FlatGroupingTable.addNewGroup;org/weakref/nitro/operator/FlatKeyLayout.writeRecord;org/weakref/nitro/operator/FlatKeyLayout.inputFieldNull 1
java/lang/Thread.run;java/lang/Thread.runWith;java/util/concurrent/ThreadPoolExecutor$Worker.run;java/util/concurrent/ThreadPoolExecutor.runWorker;java/util/concurrent/FutureTask.run;java/util/concurrent/Executors$RunnableAdapter.call;java/util/concurrent/FutureTask.run;org/openjdk/jmh/runner/BenchmarkHandler$BenchmarkTask.call;org/openjdk/jmh/runner/BenchmarkHandler$BenchmarkTask.call;java/lang/reflect/Method.invoke;jdk/internal/reflect/DirectMethodHandleAccessor.invoke;jdk/internal/reflect/DirectMethodHandleAccessor.invokeImpl;java/lang/invoke/LambdaForm$MH.0x0000000061061400.invokeExact_MT;java/lang/invoke/LambdaForm$MH.0x0000000061061000.invoke;java/lang/invoke/DirectMethodHandle$Holder.invokeSpecial;org/weakref/nitro/clickbench/jmh_generated/BenchmarkQueries_query06_jmhTest.query06_AverageTime;org/weakref/nitro/clickbench/jmh_generated/BenchmarkQueries_query06_jmhTest.query06_avgt_jmhStub;org/weakref/nitro/clickbench/BenchmarkQueries.query06;org/weakref/nitro/clickbench/BenchmarkQueries.consume;org/weakref/nitro/operator/Output.borrow;org/weakref/nitro/operator/AggregationOperator$$Lambda.0x00000000610be3b8.apply;org/weakref/nitro/operator/AggregationOperator.lambda$resultOutput$0;org/weakref/nitro/operator/AggregationOperator.doAggregationIfNeeded;org/weakref/nitro/operator/MarkDistinctOperator.next;org/weakref/nitro/operator/MarkDistinctOperator.computeDistinctMask;org/weakref/nitro/operator/DistinctKeySet.addBatch;org/weakref/nitro/operator/DistinctKeySet$FlatDistinctIndex.addBatch;org/weakref/nitro/operator/DistinctKeySet$FlatDistinctIndex.addFlatBinaryBatch;org/weakref/nitro/operator/FlatGroupingTable.prepareBatchHashes;org/weakref/nitro/operator/FlatGroupingTable.prepareBatchHash 2
/usr/lib/x86_64-linux-gnu/libc.so.6;/usr/lib/x86_64-linux-gnu/libc.so.6;thread_native_entry;Thread::call_run;JavaThread::thread_main_inner;CompileBroker::compiler_thread_loop;CompileBroker::invoke_compiler_on_method;C2Compiler::compile_method;Compile::Compile;Compile::Code_Gen;PhaseChaitin::Register_Allocate;PhaseChaitin::Simplify;PhaseIFG::remove_node 1
java/lang/Thread.run;java/lang/Thread.runWith;java/util/concurrent/ThreadPoolExecutor$Worker.run;java/util/concurrent/ThreadPoolExecutor.runWorker;java/util/concurrent/FutureTask.run;java/util/concurrent/Executors$RunnableAdapter.call;java/util/concurrent/FutureTask.run;org/openjdk/jmh/runner/BenchmarkHandler$BenchmarkTask.call;org/openjdk/jmh/runner/BenchmarkHandler$BenchmarkTask.call;java/lang/reflect/Method.invoke;jdk/internal/reflect/DirectMethodHandleAccessor.invoke;jdk/internal/reflect/DirectMethodHandleAccessor.invokeImpl;java/lang/invoke/LambdaForm$MH.0x0000000061061400.invokeExact_MT;java/lang/invoke/LambdaForm$MH.0x0000000061061000.invoke;java/lang/invoke/DirectMethodHandle$Holder.invokeSpecial;org/weakref/nitro/clickbench/jmh_generated/BenchmarkQueries_query06_jmhTest.query06_AverageTime;org/weakref/nitro/clickbench/jmh_generated/BenchmarkQueries_query06_jmhTest.query06_avgt_jmhStub;org/weakref/nitro/clickbench/BenchmarkQueries.query06;org/weakref/nitro/clickbench/BenchmarkQueries.consume;org/weakref/nitro/operator/Output.borrow;org/weakref/nitro/operator/AggregationOperator$$Lambda.0x00000000610be3b8.apply;org/weakref/nitro/operator/AggregationOperator.lambda$resultOutput$0;org/weakref/nitro/operator/AggregationOperator.doAggregationIfNeeded;org/weakref/nitro/operator/MarkDistinctOperator.next;org/weakref/nitro/operator/MarkDistinctOperator.computeDistinctMask;org/weakref/nitro/operator/DistinctKeySet.addBatch;org/weakref/nitro/operator/DistinctKeySet$FlatDistinctIndex.addBatch;org/weakref/nitro/operator/FlatGroupingTable.prepareBatchHashes;org/weakref/nitro/operator/FlatGroupingTable.prepareBatchHash;org/weakref/nitro/operator/FlatKeyLayout.hash;org/weakref/nitro/operator/FlatKeyLayout.fieldHash;org/weakref/nitro/operator/FlatKeyLayout.binaryFieldHash 1
java/lang/Thread.run;java/lang/Thread.runWith;java/util/concurrent/ThreadPoolExecutor$Worker.run;java/util/concurrent/ThreadPoolExecutor.runWorker;java/util/concurrent/FutureTask.run;java/util/concurrent/Executors$RunnableAdapter.call;java/util/concurrent/FutureTask.run;org/openjdk/jmh/runner/BenchmarkHandler$BenchmarkTask.call;org/openjdk/jmh/runner/BenchmarkHandler$BenchmarkTask.call;java/lang/reflect/Method.invoke;jdk/internal/reflect/DirectMethodHandleAccessor.invoke;jdk/internal/reflect/DirectMethodHandleAccessor.invokeImpl;java/lang/invoke/LambdaForm$MH.0x0000000061061400.invokeExact_MT;java/lang/invoke/LambdaForm$MH.0x0000000061061000.invoke;java/lang/invoke/DirectMethodHandle$Holder.invokeSpecial;org/weakref/nitro/clickbench/jmh_generated/BenchmarkQueries_query06_jmhTest.query06_AverageTime;org/weakref/nitro/clickbench/jmh_generated/BenchmarkQueries_query06_jmhTest.query06_avgt_jmhStub;org/weakref/nitro/clickbench/BenchmarkQueries.query06;org/weakref/nitro/clickbench/BenchmarkQueries.consume;org/weakref/nitro/operator/Output.borrow;org/weakref/nitro/operator/AggregationOperator$$Lambda.0x00000000610be3b8.apply;org/weakref/nitro/operator/AggregationOperator.lambda$resultOutput$0;org/weakref/nitro/operator/AggregationOperator.doAggregationIfNeeded;org/weakref/nitro/operator/MarkDistinctOperator.next;org/weakref/nitro/operator/MarkDistinctOperator.computeDistinctMask;org/weakref/nitro/operator/DistinctKeySet.addBatch;org/weakref/nitro/operator/DistinctKeySet$FlatDistinctIndex.addBatch;org/weakref/nitro/operator/FlatGroupingTable.assignGroup;org/weakref/nitro/operator/FlatGroupingTable.assignGroupHashed;org/weakref/nitro/operator/FlatGroupingTable.assignGroupHashedInternal;org/weakref/nitro/operator/FlatGroupingTable.getIndex;org/weakref/nitro/operator/FlatGroupingTable.identical;java/lang/invoke/VarHandleGuards.guard_LI_J;java/lang/invoke/VarHandleByteArrayAsLongs$ArrayHandle.get;java/lang/invoke/VarHandleByteArrayAsLongs$ArrayHandle.index 8
java/lang/Thread.run;java/lang/Thread.runWith;java/util/concurrent/ThreadPoolExecutor$Worker.run;java/util/concurrent/ThreadPoolExecutor.runWorker;java/util/concurrent/FutureTask.run;java/util/concurrent/Executors$RunnableAdapter.call;java/util/concurrent/FutureTask.run;org/openjdk/jmh/runner/BenchmarkHandler$BenchmarkTask.call;org/openjdk/jmh/runner/BenchmarkHandler$BenchmarkTask.call;java/lang/reflect/Method.invoke;jdk/internal/reflect/DirectMethodHandleAccessor.invoke;jdk/internal/reflect/DirectMethodHandleAccessor.invokeImpl;java/lang/invoke/LambdaForm$MH.0x0000000061061400.invokeExact_MT;java/lang/invoke/LambdaForm$MH.0x0000000061061000.invoke;java/lang/invoke/DirectMethodHandle$Holder.invokeSpecial;org/weakref/nitro/clickbench/jmh_generated/BenchmarkQueries_query06_jmhTest.query06_AverageTime;org/weakref/nitro/clickbench/jmh_generated/BenchmarkQueries_query06_jmhTest.query06_avgt_jmhStub;org/weakref/nitro/clickbench/BenchmarkQueries.query06;org/weakref/nitro/clickbench/BenchmarkQueries.consume;org/weakref/nitro/operator/Output.borrow;org/weakref/nitro/operator/AggregationOperator$$Lambda.0x00000000610be3b8.apply;org/weakref/nitro/operator/AggregationOperator.lambda$resultOutput$0;org/weakref/nitro/operator/AggregationOperator.doAggregationIfNeeded;org/weakref/nitro/operator/MarkDistinctOperator.next;org/weakref/nitro/operator/MarkDistinctOperator.computeDistinctMask;org/weakref/nitro/operator/DistinctKeySet.addBatch;org/weakref/nitro/operator/DistinctKeySet$FlatDistinctIndex.addBatch;org/weakref/nitro/operator/FlatGroupingTable.assignGroup;org/weakref/nitro/operator/FlatGroupingTable.assignGroupHashed;org/weakref/nitro/operator/FlatGroupingTable.assignGroupHashedInternal;org/weakref/nitro/operator/FlatGroupingTable.getIndex;org/weakref/nitro/operator/FlatGroupingTable.identical;org/weakref/nitro/operator/FlatKeyLayout.identicalRecordToInput;org/weakref/nitro/operator/FlatKeyLayout.idComparable 1
java/lang/Thread.run;java/lang/Thread.runWith;java/util/concurrent/ThreadPoolExecutor$Worker.run;java/util/concurrent/ThreadPoolExecutor.runWorker;java/util/concurrent/FutureTask.run;java/util/concurrent/Executors$RunnableAdapter.call;java/util/concurrent/FutureTask.run;org/openjdk/jmh/runner/BenchmarkHandler$BenchmarkTask.call;org/openjdk/jmh/runner/BenchmarkHandler$BenchmarkTask.call;java/lang/reflect/Method.invoke;jdk/internal/reflect/DirectMethodHandleAccessor.invoke;jdk/internal/reflect/DirectMethodHandleAccessor.invokeImpl;java/lang/invoke/LambdaForm$MH.0x0000000061061400.invokeExact_MT;java/lang/invoke/LambdaForm$MH.0x0000000061061000.invoke;java/lang/invoke/DirectMethodHandle$Holder.invokeSpecial;org/weakref/nitro/clickbench/jmh_generated/BenchmarkQueries_query06_jmhTest.query06_AverageTime;org/weakref/nitro/clickbench/jmh_generated/BenchmarkQueries_query06_jmhTest.query06_avgt_jmhStub;org/weakref/nitro/clickbench/BenchmarkQueries.query06;org/weakref/nitro/clickbench/BenchmarkQueries.consume;org/weakref/nitro/operator/Output.borrow;org/weakref/nitro/operator/AggregationOperator$$Lambda.0x00000000610be3b8.apply;org/weakref/nitro/operator/AggregationOperator.lambda$resultOutput$0;org/weakref/nitro/operator/AggregationOperator.doAggregationIfNeeded;org/weakref/nitro/operator/MarkDistinctOperator.next;org/weakref/nitro/operator/MarkDistinctOperator.computeDistinctMask;org/weakref/nitro/operator/Output.borrow;org/weakref/nitro/operator/NitroParquetScanOperator$ScanOutputResolver$$Lambda.0x00000000610aab88.apply;org/weakref/nitro/operator/NitroParquetScanOperator$ScanOutputResolver.resolve;org/weakref/nitro/operator/NitroParquetScanOperator.resolveLazyColumn;org/weakref/nitro/operator/NitroParquetScanOperator.decodeFullColumn;org/weakref/nitro/parquet/ColumnReader.readBinary;org/weakref/nitro/parquet/ColumnReader.readBinaryDirect;org/weakref/nitro/parquet/ColumnReader.decodeNextDataPage;org/weakref/nitro/parquet/ColumnReader.decodeDictionary 1
java/lang/Thread.run;java/lang/Thread.runWith;java/util/concurrent/ThreadPoolExecutor$Worker.run;java/util/concurrent/ThreadPoolExecutor.runWorker;java/util/concurrent/FutureTask.run;java/util/concurrent/Executors$RunnableAdapter.call;java/util/concurrent/FutureTask.run;org/openjdk/jmh/runner/BenchmarkHandler$BenchmarkTask.call;org/openjdk/jmh/runner/BenchmarkHandler$BenchmarkTask.call;java/lang/reflect/Method.invoke;jdk/internal/reflect/DirectMethodHandleAccessor.invoke;jdk/internal/reflect/DirectMethodHandleAccessor.invokeImpl;java/lang/invoke/LambdaForm$MH.0x0000000061061400.invokeExact_MT;java/lang/invoke/LambdaForm$MH.0x0000000061061000.invoke;java/lang/invoke/DirectMethodHandle$Holder.invokeSpecial;org/weakref/nitro/clickbench/jmh_generated/BenchmarkQueries_query06_jmhTest.query06_AverageTime;org/weakref/nitro/clickbench/jmh_generated/BenchmarkQueries_query06_jmhTest.query06_avgt_jmhStub;org/weakref/nitro/clickbench/BenchmarkQueries.query06;org/weakref/nitro/clickbench/BenchmarkQueries.consume;org/weakref/nitro/operator/Output.borrow;org/weakref/nitro/operator/AggregationOperator$$Lambda.0x00000000610be3b8.apply;org/weakref/nitro/operator/AggregationOperator.lambda$resultOutput$0;org/weakref/nitro/operator/AggregationOperator.doAggregationIfNeeded;org/weakref/nitro/operator/MarkDistinctOperator.next;org/weakref/nitro/operator/MarkDistinctOperator.computeDistinctMask;org/weakref/nitro/operator/DistinctKeySet.addBatch;org/weakref/nitro/operator/DistinctKeySet$FlatDistinctIndex.addBatch;org/weakref/nitro/operator/FlatGroupingTable.assignGroup;org/weakref/nitro/operator/FlatGroupingTable.assignGroupHashed;org/weakref/nitro/operator/FlatGroupingTable.assignGroupHashedInternal 1
java/lang/Thread.run;java/lang/Thread.runWith;java/util/concurrent/ThreadPoolExecutor$Worker.run;java/util/concurrent/ThreadPoolExecutor.runWorker;java/util/concurrent/FutureTask.run;java/util/concurrent/Executors$RunnableAdapter.call;java/util/concurrent/FutureTask.run;org/openjdk/jmh/runner/BenchmarkHandler$BenchmarkTask.call;org/openjdk/jmh/runner/BenchmarkHandler$BenchmarkTask.call;java/lang/reflect/Method.invoke;jdk/internal/reflect/DirectMethodHandleAccessor.invoke;jdk/internal/reflect/DirectMethodHandleAccessor.invokeImpl;java/lang/invoke/LambdaForm$MH.0x0000000061061400.invokeExact_MT;java/lang/invoke/LambdaForm$MH.0x0000000061061000.invoke;java/lang/invoke/DirectMethodHandle$Holder.invokeSpecial;org/weakref/nitro/clickbench/jmh_generated/BenchmarkQueries_query06_jmhTest.query06_AverageTime;org/weakref/nitro/clickbench/jmh_generated/BenchmarkQueries_query06_jmhTest.query06_avgt_jmhStub;org/weakref/nitro/clickbench/BenchmarkQueries.query06;org/weakref/nitro/clickbench/BenchmarkQueries.consume;org/weakref/nitro/operator/Output.borrow;org/weakref/nitro/operator/AggregationOperator$$Lambda.0x00000000610be3b8.apply;org/weakref/nitro/operator/AggregationOperator.lambda$resultOutput$0;org/weakref/nitro/operator/AggregationOperator.doAggregationIfNeeded;org/weakref/nitro/operator/MarkDistinctOperator.next;org/weakref/nitro/operator/MarkDistinctOperator.computeDistinctMask;org/weakref/nitro/operator/DistinctKeySet.addBatch;org/weakref/nitro/operator/DistinctKeySet$FlatDistinctIndex.addBatch;org/weakref/nitro/operator/FlatGroupingTable.assignGroup;org/weakref/nitro/operator/FlatGroupingTable.assignGroupHashed;org/weakref/nitro/operator/FlatGroupingTable.assignGroupHashedInternal;org/weakref/nitro/operator/FlatGroupingTable.addNewGroup;org/weakref/nitro/operator/FlatKeyLayout.writeRecord;org/weakref/nitro/operator/FlatTypeHandlers$4.writeFlat;org/weakref/nitro/operator/FlatTypeHandlers$4.writeFlat;org/weakref/nitro/operator/FlatGroupingTable$FlatVariableWidthArena.append 1
java/lang/Thread.run;java/lang/Thread.runWith;java/util/concurrent/ThreadPoolExecutor$Worker.run;java/util/concurrent/ThreadPoolExecutor.runWorker;java/util/concurrent/FutureTask.run;java/util/concurrent/Executors$RunnableAdapter.call;java/util/concurrent/FutureTask.run;org/openjdk/jmh/runner/BenchmarkHandler$BenchmarkTask.call;org/openjdk/jmh/runner/BenchmarkHandler$BenchmarkTask.call;java/lang/reflect/Method.invoke;jdk/internal/reflect/DirectMethodHandleAccessor.invoke;jdk/internal/reflect/DirectMethodHandleAccessor.invokeImpl;java/lang/invoke/LambdaForm$MH.0x0000000061061400.invokeExact_MT;java/lang/invoke/LambdaForm$MH.0x0000000061061000.invoke;java/lang/invoke/DirectMethodHandle$Holder.invokeSpecial;org/weakref/nitro/clickbench/jmh_generated/BenchmarkQueries_query06_jmhTest.query06_AverageTime;org/weakref/nitro/clickbench/jmh_generated/BenchmarkQueries_query06_jmhTest.query06_avgt_jmhStub;org/weakref/nitro/clickbench/BenchmarkQueries.query06;org/weakref/nitro/clickbench/BenchmarkQueries.consume;org/weakref/nitro/operator/Output.borrow;org/weakref/nitro/operator/AggregationOperator$$Lambda.0x00000000610be3b8.apply;org/weakref/nitro/operator/AggregationOperator.lambda$resultOutput$0;org/weakref/nitro/operator/AggregationOperator.doAggregationIfNeeded;org/weakref/nitro/operator/MarkDistinctOperator.next;org/weakref/nitro/operator/MarkDistinctOperator.computeDistinctMask;org/weakref/nitro/operator/DistinctKeySet.addBatch;org/weakref/nitro/operator/DistinctKeySet$FlatDistinctIndex.addBatch;org/weakref/nitro/operator/FlatGroupingTable.assignGroup;org/weakref/nitro/operator/FlatGroupingTable.assignGroupHashed;org/weakref/nitro/operator/FlatGroupingTable.assignGroupHashedInternal;org/weakref/nitro/operator/FlatGroupingTable.getIndex;org/weakref/nitro/operator/FlatGroupingTable.identical;org/weakref/nitro/operator/FlatKeyLayout.identicalRecordToInput;org/weakref/nitro/operator/FlatKeyLayout.idComparable 3
java/lang/Thread.run;java/lang/Thread.runWith;java/util/concurrent/ThreadPoolExecutor$Worker.run;java/util/concurrent/ThreadPoolExecutor.runWorker;java/util/concurrent/FutureTask.run;java/util/concurrent/Executors$RunnableAdapter.call;java/util/concurrent/FutureTask.run;org/openjdk/jmh/runner/BenchmarkHandler$BenchmarkTask.call;org/openjdk/jmh/runner/BenchmarkHandler$BenchmarkTask.call;java/lang/reflect/Method.invoke;jdk/internal/reflect/DirectMethodHandleAccessor.invoke;jdk/internal/reflect/DirectMethodHandleAccessor.invokeImpl;java/lang/invoke/LambdaForm$MH.0x0000000061061400.invokeExact_MT;java/lang/invoke/LambdaForm$MH.0x0000000061061000.invoke;java/lang/invoke/DirectMethodHandle$Holder.invokeSpecial;org/weakref/nitro/clickbench/jmh_generated/BenchmarkQueries_query06_jmhTest.query06_AverageTime;org/weakref/nitro/clickbench/jmh_generated/BenchmarkQueries_query06_jmhTest.query06_avgt_jmhStub;org/weakref/nitro/clickbench/BenchmarkQueries.query06;org/weakref/nitro/clickbench/BenchmarkQueries.consume;org/weakref/nitro/operator/Output.borrow;org/weakref/nitro/operator/AggregationOperator$$Lambda.0x00000000610be3b8.apply;org/weakref/nitro/operator/AggregationOperator.lambda$resultOutput$0;org/weakref/nitro/operator/AggregationOperator.doAggregationIfNeeded;org/weakref/nitro/operator/MarkDistinctOperator.next;org/weakref/nitro/operator/MarkDistinctOperator.computeDistinctMask;org/weakref/nitro/operator/DistinctKeySet.addBatch;org/weakref/nitro/operator/DistinctKeySet$FlatDistinctIndex.addBatch;org/weakref/nitro/operator/FlatGroupingTable.prepareBatchHashes;org/weakref/nitro/operator/FlatGroupingTable.prepareBatchHash;org/weakref/nitro/operator/FlatKeyLayout.hash;org/weakref/nitro/operator/FlatKeyLayout.fieldHash;org/weakref/nitro/operator/FlatKeyLayout.binaryFieldHash 1
java/lang/Thread.run;java/lang/Thread.runWith;java/util/concurrent/ThreadPoolExecutor$Worker.run;java/util/concurrent/ThreadPoolExecutor.runWorker;java/util/concurrent/FutureTask.run;java/util/concurrent/Executors$RunnableAdapter.call;java/util/concurrent/FutureTask.run;org/openjdk/jmh/runner/BenchmarkHandler$BenchmarkTask.call;org/openjdk/jmh/runner/BenchmarkHandler$BenchmarkTask.call;java/lang/reflect/Method.invoke;jdk/internal/reflect/DirectMethodHandleAccessor.invoke;jdk/internal/reflect/DirectMethodHandleAccessor.invokeImpl;java/lang/invoke/LambdaForm$MH.0x0000000061061400.invokeExact_MT;java/lang/invoke/LambdaForm$MH.0x0000000061061000.invoke;java/lang/invoke/DirectMethodHandle$Holder.invokeSpecial;org/weakref/nitro/clickbench/jmh_generated/BenchmarkQueries_query06_jmhTest.query06_AverageTime;org/weakref/nitro/clickbench/jmh_generated/BenchmarkQueries_query06_jmhTest.query06_avgt_jmhStub;org/weakref/nitro/clickbench/BenchmarkQueries.query06;org/weakref/nitro/clickbench/BenchmarkQueries.consume;org/weakref/nitro/operator/Output.borrow;org/weakref/nitro/operator/AggregationOperator$$Lambda.0x00000000610be3b8.apply;org/weakref/nitro/operator/AggregationOperator.lambda$resultOutput$0;org/weakref/nitro/operator/AggregationOperator.doAggregationIfNeeded;org/weakref/nitro/operator/MarkDistinctOperator.next;org/weakref/nitro/operator/MarkDistinctOperator.computeDistinctMask;org/weakref/nitro/operator/DistinctKeySet.addBatch;org/weakref/nitro/operator/DistinctKeySet$FlatDistinctIndex.addBatch;org/weakref/nitro/operator/FlatGroupingTable.assignGroup;org/weakref/nitro/operator/FlatKeyLayout.compositeValueId 4
java/lang/Thread.run;java/lang/Thread.runWith;java/util/concurrent/ThreadPoolExecutor$Worker.run;java/util/concurrent/ThreadPoolExecutor.runWorker;java/util/concurrent/FutureTask.run;java/util/concurrent/Executors$RunnableAdapter.call;java/util/concurrent/FutureTask.run;org/openjdk/jmh/runner/BenchmarkHandler$BenchmarkTask.call;org/openjdk/jmh/runner/BenchmarkHandler$BenchmarkTask.call;java/lang/reflect/Method.invoke;jdk/internal/reflect/DirectMethodHandleAccessor.invoke;jdk/internal/reflect/DirectMethodHandleAccessor.invokeImpl;java/lang/invoke/LambdaForm$MH.0x0000000061061400.invokeExact_MT;java/lang/invoke/LambdaForm$MH.0x0000000061061000.invoke;java/lang/invoke/DirectMethodHandle$Holder.invokeSpecial;org/weakref/nitro/clickbench/jmh_generated/BenchmarkQueries_query06_jmhTest.query06_AverageTime;org/weakref/nitro/clickbench/jmh_generated/BenchmarkQueries_query06_jmhTest.query06_avgt_jmhStub;org/weakref/nitro/clickbench/BenchmarkQueries.query06;org/weakref/nitro/clickbench/BenchmarkQueries.consume;org/weakref/nitro/operator/Output.borrow;org/weakref/nitro/operator/AggregationOperator$$Lambda.0x00000000610be3b8.apply;org/weakref/nitro/operator/AggregationOperator.lambda$resultOutput$0;org/weakref/nitro/operator/AggregationOperator.doAggregationIfNeeded;org/weakref/nitro/operator/MarkDistinctOperator.next;org/weakref/nitro/operator/MarkDistinctOperator.computeDistinctMask;org/weakref/nitro/operator/DistinctKeySet.addBatch;org/weakref/nitro/operator/DistinctKeySet$FlatDistinctIndex.addBatch;org/weakref/nitro/operator/FlatGroupingTable.assignGroup;org/weakref/nitro/operator/FlatGroupingTable.assignGroupHashed;org/weakref/nitro/operator/FlatGroupingTable.assignGroupHashedInternal;org/weakref/nitro/operator/FlatGroupingTable.getIndex;org/weakref/nitro/operator/FlatGroupingTable.identical;org/weakref/nitro/operator/FlatKeyLayout.identicalRecordToInput;org/weakref/nitro/operator/FlatKeyLayout.recordDictionaryId 3
java/lang/Thread.run;java/lang/Thread.runWith;java/util/concurrent/ThreadPoolExecutor$Worker.run;java/util/concurrent/ThreadPoolExecutor.runWorker;java/util/concurrent/FutureTask.run;java/util/concurrent/Executors$RunnableAdapter.call;java/util/concurrent/FutureTask.run;org/openjdk/jmh/runner/BenchmarkHandler$BenchmarkTask.call;org/openjdk/jmh/runner/BenchmarkHandler$BenchmarkTask.call;java/lang/reflect/Method.invoke;jdk/internal/reflect/DirectMethodHandleAccessor.invoke;jdk/internal/reflect/DirectMethodHandleAccessor.invokeImpl;java/lang/invoke/LambdaForm$MH.0x0000000061061400.invokeExact_MT;java/lang/invoke/LambdaForm$MH.0x0000000061061000.invoke;java/lang/invoke/DirectMethodHandle$Holder.invokeSpecial;org/weakref/nitro/clickbench/jmh_generated/BenchmarkQueries_query06_jmhTest.query06_AverageTime;org/weakref/nitro/clickbench/jmh_generated/BenchmarkQueries_query06_jmhTest.query06_avgt_jmhStub;org/weakref/nitro/clickbench/BenchmarkQueries.query06;org/weakref/nitro/clickbench/BenchmarkQueries.consume;org/weakref/nitro/operator/Output.borrow;org/weakref/nitro/operator/AggregationOperator$$Lambda.0x00000000610be3b8.apply;org/weakref/nitro/operator/AggregationOperator.lambda$resultOutput$0;org/weakref/nitro/operator/AggregationOperator.doAggregationIfNeeded;org/weakref/nitro/operator/MarkDistinctOperator.next;org/weakref/nitro/operator/MarkDistinctOperator.computeDistinctMask;org/weakref/nitro/operator/DistinctKeySet.addBatch;org/weakref/nitro/operator/DistinctKeySet$FlatDistinctIndex.addBatch;org/weakref/nitro/operator/FlatGroupingTable.beginBatch;org/weakref/nitro/operator/FlatKeyLayout.beginBatch;org/weakref/nitro/operator/FlatKeyLayout.hashByKind;org/weakref/nitro/operator/FlatTypeHandlers$4.hashInput;org/weakref/nitro/operator/OperatorVectorSupport.binaryHash;org/weakref/nitro/operator/OperatorVectorSupport.fmix64 2
java/lang/Thread.run;java/lang/Thread.runWith;java/util/concurrent/ThreadPoolExecutor$Worker.run;java/util/concurrent/ThreadPoolExecutor.runWorker;java/util/concurrent/FutureTask.run;java/util/concurrent/Executors$RunnableAdapter.call;java/util/concurrent/FutureTask.run;org/openjdk/jmh/runner/BenchmarkHandler$BenchmarkTask.call;org/openjdk/jmh/runner/BenchmarkHandler$BenchmarkTask.call;java/lang/reflect/Method.invoke;jdk/internal/reflect/DirectMethodHandleAccessor.invoke;jdk/internal/reflect/DirectMethodHandleAccessor.invokeImpl;java/lang/invoke/LambdaForm$MH.0x0000000061061400.invokeExact_MT;java/lang/invoke/LambdaForm$MH.0x0000000061061000.invoke;java/lang/invoke/DirectMethodHandle$Holder.invokeSpecial;org/weakref/nitro/clickbench/jmh_generated/BenchmarkQueries_query06_jmhTest.query06_AverageTime;org/weakref/nitro/clickbench/jmh_generated/BenchmarkQueries_query06_jmhTest.query06_avgt_jmhStub;org/weakref/nitro/clickbench/BenchmarkQueries.query06;org/weakref/nitro/clickbench/BenchmarkQueries.consume;org/weakref/nitro/operator/Output.borrow;org/weakref/nitro/operator/AggregationOperator$$Lambda.0x00000000610be3b8.apply;org/weakref/nitro/operator/AggregationOperator.lambda$resultOutput$0;org/weakref/nitro/operator/AggregationOperator.doAggregationIfNeeded;org/weakref/nitro/operator/MarkDistinctOperator.next;org/weakref/nitro/operator/MarkDistinctOperator.computeDistinctMask;org/weakref/nitro/operator/DistinctKeySet.addBatch;org/weakref/nitro/operator/DistinctKeySet$FlatDistinctIndex.addBatch;org/weakref/nitro/operator/FlatGroupingTable.assignGroup;org/weakref/nitro/operator/FlatGroupingTable.assignGroupHashed;org/weakref/nitro/operator/FlatGroupingTable.assignGroupHashedInternal;org/weakref/nitro/operator/FlatGroupingTable.addNewGroup 1
java/lang/Thread.run;java/lang/Thread.runWith;java/util/concurrent/ThreadPoolExecutor$Worker.run;java/util/concurrent/ThreadPoolExecutor.runWorker;java/util/concurrent/FutureTask.run;java/util/concurrent/Executors$RunnableAdapter.call;java/util/concurrent/FutureTask.run;org/openjdk/jmh/runner/BenchmarkHandler$BenchmarkTask.call;org/openjdk/jmh/runner/BenchmarkHandler$BenchmarkTask.call;java/lang/reflect/Method.invoke;jdk/internal/reflect/DirectMethodHandleAccessor.invoke;jdk/internal/reflect/DirectMethodHandleAccessor.invokeImpl;java/lang/invoke/LambdaForm$MH.0x0000000061061400.invokeExact_MT;java/lang/invoke/LambdaForm$MH.0x0000000061061000.invoke;java/lang/invoke/DirectMethodHandle$Holder.invokeSpecial;org/weakref/nitro/clickbench/jmh_generated/BenchmarkQueries_query06_jmhTest.query06_AverageTime;org/weakref/nitro/clickbench/jmh_generated/BenchmarkQueries_query06_jmhTest.query06_avgt_jmhStub;org/weakref/nitro/clickbench/BenchmarkQueries.query06;org/weakref/nitro/clickbench/BenchmarkQueries.consume;org/weakref/nitro/operator/Output.borrow;org/weakref/nitro/operator/AggregationOperator$$Lambda.0x00000000610be3b8.apply;org/weakref/nitro/operator/AggregationOperator.lambda$resultOutput$0;org/weakref/nitro/operator/AggregationOperator.doAggregationIfNeeded;org/weakref/nitro/operator/MarkDistinctOperator.next;org/weakref/nitro/operator/MarkDistinctOperator.computeDistinctMask;org/weakref/nitro/operator/DistinctKeySet.addBatch;org/weakref/nitro/operator/DistinctKeySet$FlatDistinctIndex.addBatch;org/weakref/nitro/operator/FlatGroupingTable.prepareBatchHashes;org/weakref/nitro/operator/FlatGroupingTable.prepareBatchHash;org/weakref/nitro/operator/FlatKeyLayout.hash;org/weakref/nitro/operator/FlatKeyLayout.fieldHash;org/weakref/nitro/operator/FlatKeyLayout.binaryFieldHash;org/weakref/nitro/operator/OperatorVectorSupport.binaryHash;org/weakref/nitro/operator/OperatorVectorSupport.fmix64 2
java/lang/Thread.run;java/lang/Thread.runWith;java/util/concurrent/ThreadPoolExecutor$Worker.run;java/util/concurrent/ThreadPoolExecutor.runWorker;java/util/concurrent/FutureTask.run;java/util/concurrent/Executors$RunnableAdapter.call;java/util/concurrent/FutureTask.run;org/openjdk/jmh/runner/BenchmarkHandler$BenchmarkTask.call;org/openjdk/jmh/runner/BenchmarkHandler$BenchmarkTask.call;java/lang/reflect/Method.invoke;jdk/internal/reflect/DirectMethodHandleAccessor.invoke;jdk/internal/reflect/DirectMethodHandleAccessor.invokeImpl;java/lang/invoke/LambdaForm$MH.0x0000000061061400.invokeExact_MT;java/lang/invoke/LambdaForm$MH.0x0000000061061000.invoke;java/lang/invoke/DirectMethodHandle$Holder.invokeSpecial;org/weakref/nitro/clickbench/jmh_generated/BenchmarkQueries_query06_jmhTest.query06_AverageTime;org/weakref/nitro/clickbench/jmh_generated/BenchmarkQueries_query06_jmhTest.query06_avgt_jmhStub;org/weakref/nitro/clickbench/BenchmarkQueries.query06;org/weakref/nitro/clickbench/BenchmarkQueries.consume;org/weakref/nitro/operator/Output.borrow;org/weakref/nitro/operator/AggregationOperator$$Lambda.0x00000000610be3b8.apply;org/weakref/nitro/operator/AggregationOperator.lambda$resultOutput$0;org/weakref/nitro/operator/AggregationOperator.doAggregationIfNeeded;org/weakref/nitro/operator/MarkDistinctOperator.next;org/weakref/nitro/operator/MarkDistinctOperator.computeDistinctMask;org/weakref/nitro/operator/DistinctKeySet.addBatch;org/weakref/nitro/operator/DistinctKeySet$FlatDistinctIndex.addBatch;org/weakref/nitro/operator/FlatGroupingTable.prepareBatchHashes 1
java/lang/Thread.run;java/lang/Thread.runWith;java/util/concurrent/ThreadPoolExecutor$Worker.run;java/util/concurrent/ThreadPoolExecutor.runWorker;java/util/concurrent/FutureTask.run;java/util/concurrent/Executors$RunnableAdapter.call;java/util/concurrent/FutureTask.run;org/openjdk/jmh/runner/BenchmarkHandler$BenchmarkTask.call;org/openjdk/jmh/runner/BenchmarkHandler$BenchmarkTask.call;java/lang/reflect/Method.invoke;jdk/internal/reflect/DirectMethodHandleAccessor.invoke;jdk/internal/reflect/DirectMethodHandleAccessor.invokeImpl;java/lang/invoke/LambdaForm$MH.0x0000000061061400.invokeExact_MT;java/lang/invoke/LambdaForm$MH.0x0000000061061000.invoke;java/lang/invoke/DirectMethodHandle$Holder.invokeSpecial;org/weakref/nitro/clickbench/jmh_generated/BenchmarkQueries_query06_jmhTest.query06_AverageTime;org/weakref/nitro/clickbench/jmh_generated/BenchmarkQueries_query06_jmhTest.query06_avgt_jmhStub;org/weakref/nitro/clickbench/BenchmarkQueries.query06;org/weakref/nitro/clickbench/BenchmarkQueries.consume;org/weakref/nitro/operator/Output.borrow;org/weakref/nitro/operator/AggregationOperator$$Lambda.0x00000000610be3b8.apply;org/weakref/nitro/operator/AggregationOperator.lambda$resultOutput$0;org/weakref/nitro/operator/AggregationOperator.doAggregationIfNeeded;org/weakref/nitro/operator/MarkDistinctOperator.next;org/weakref/nitro/operator/MarkDistinctOperator.computeDistinctMask;org/weakref/nitro/operator/DistinctKeySet.addBatch;org/weakref/nitro/operator/DistinctKeySet$FlatDistinctIndex.addBatch;org/weakref/nitro/operator/DistinctKeySet$FlatDistinctIndex.addFlatBinaryBatch;org/weakref/nitro/operator/FlatGroupingTable.prepareBatchHashes;org/weakref/nitro/operator/FlatGroupingTable.prepareBatchHash;org/weakref/nitro/operator/FlatKeyLayout.hash;org/weakref/nitro/operator/OperatorVectorSupport.binaryHash;org/weakref/nitro/operator/OperatorVectorSupport.mix64 1
/usr/lib/x86_64-linux-gnu/libc.so.6;/usr/lib/x86_64-linux-gnu/libc.so.6;thread_native_entry;Thread::call_run;JavaThread::thread_main_inner;CompileBroker::compiler_thread_loop;CompileBroker::invoke_compiler_on_method;C2Compiler::compile_method;Compile::Compile;ParseGenerator::generate;Parse::Parse;Parse::do_all_blocks;Parse::do_one_block;Parse::do_call;PredictedCallGenerator::generate;PredictedCallGenerator::generate;ParseGenerator::generate;Parse::Parse;Parse::do_all_blocks;Parse::do_one_block;Parse::do_call;PredictedCallGenerator::generate;PredictedCallGenerator::generate;ParseGenerator::generate;Parse::Parse;Parse::do_all_blocks;Parse::do_one_block;Parse::do_call;PredictedCallGenerator::generate;ParseGenerator::generate;Parse::Parse;Parse::do_all_blocks;Parse::do_one_block;Parse::do_if;PhaseGVN::transform;BoolNode::Ideal 1
java/lang/Thread.run;java/lang/Thread.runWith;java/util/concurrent/ThreadPoolExecutor$Worker.run;java/util/concurrent/ThreadPoolExecutor.runWorker;java/util/concurrent/FutureTask.run;java/util/concurrent/Executors$RunnableAdapter.call;java/util/concurrent/FutureTask.run;org/openjdk/jmh/runner/BenchmarkHandler$BenchmarkTask.call;org/openjdk/jmh/runner/BenchmarkHandler$BenchmarkTask.call;java/lang/reflect/Method.invoke;jdk/internal/reflect/DirectMethodHandleAccessor.invoke;jdk/internal/reflect/DirectMethodHandleAccessor.invokeImpl;java/lang/invoke/LambdaForm$MH.0x0000000061061400.invokeExact_MT;java/lang/invoke/LambdaForm$MH.0x0000000061061000.invoke;java/lang/invoke/DirectMethodHandle$Holder.invokeSpecial;org/weakref/nitro/clickbench/jmh_generated/BenchmarkQueries_query06_jmhTest.query06_AverageTime;org/weakref/nitro/clickbench/jmh_generated/BenchmarkQueries_query06_jmhTest.query06_avgt_jmhStub;org/weakref/nitro/clickbench/BenchmarkQueries.query06;org/weakref/nitro/clickbench/BenchmarkQueries.consume;org/weakref/nitro/operator/Output.borrow;org/weakref/nitro/operator/AggregationOperator$$Lambda.0x00000000610be3b8.apply;org/weakref/nitro/operator/AggregationOperator.lambda$resultOutput$0;org/weakref/nitro/operator/AggregationOperator.doAggregationIfNeeded;org/weakref/nitro/operator/MarkDistinctOperator.next;org/weakref/nitro/operator/MarkDistinctOperator.computeDistinctMask;org/weakref/nitro/operator/DistinctKeySet.addBatch;org/weakref/nitro/operator/DistinctKeySet$FlatDistinctIndex.addBatch;org/weakref/nitro/operator/FlatGroupingTable.assignGroup;org/weakref/nitro/operator/FlatGroupingTable.assignGroupHashed;org/weakref/nitro/operator/FlatGroupingTable.assignGroupHashedInternal;org/weakref/nitro/operator/FlatGroupingTable.getIndex;org/weakref/nitro/operator/FlatGroupingTable.identical;org/weakref/nitro/operator/FlatGroupingTable.fixedChunk 7
java/lang/Thread.run;java/lang/Thread.runWith;java/util/concurrent/ThreadPoolExecutor$Worker.run;java/util/concurrent/ThreadPoolExecutor.runWorker;java/util/concurrent/FutureTask.run;java/util/concurrent/Executors$RunnableAdapter.call;java/util/concurrent/FutureTask.run;org/openjdk/jmh/runner/BenchmarkHandler$BenchmarkTask.call;org/openjdk/jmh/runner/BenchmarkHandler$BenchmarkTask.call;java/lang/reflect/Method.invoke;jdk/internal/reflect/DirectMethodHandleAccessor.invoke;jdk/internal/reflect/DirectMethodHandleAccessor.invokeImpl;java/lang/invoke/LambdaForm$MH.0x0000000061061400.invokeExact_MT;java/lang/invoke/LambdaForm$MH.0x0000000061061000.invoke;java/lang/invoke/DirectMethodHandle$Holder.invokeSpecial;org/weakref/nitro/clickbench/jmh_generated/BenchmarkQueries_query06_jmhTest.query06_AverageTime;org/weakref/nitro/clickbench/jmh_generated/BenchmarkQueries_query06_jmhTest.query06_avgt_jmhStub;org/weakref/nitro/clickbench/BenchmarkQueries.query06;org/weakref/nitro/clickbench/BenchmarkQueries.consume;org/weakref/nitro/operator/Output.borrow;org/weakref/nitro/operator/AggregationOperator$$Lambda.0x00000000610be3b8.apply;org/weakref/nitro/operator/AggregationOperator.lambda$resultOutput$0;org/weakref/nitro/operator/AggregationOperator.doAggregationIfNeeded;org/weakref/nitro/operator/MarkDistinctOperator.next;org/weakref/nitro/operator/MarkDistinctOperator.computeDistinctMask;org/weakref/nitro/operator/DistinctKeySet.addBatch;org/weakref/nitro/operator/DistinctKeySet$FlatDistinctIndex.addBatch;org/weakref/nitro/operator/FlatGroupingTable.prepareBatchHashes;org/weakref/nitro/operator/FlatGroupingTable.prepareBatchHash;org/weakref/nitro/operator/FlatKeyLayout.hash 1
java/lang/Thread.run;java/lang/Thread.runWith;java/util/concurrent/ThreadPoolExecutor$Worker.run;java/util/concurrent/ThreadPoolExecutor.runWorker;java/util/concurrent/FutureTask.run;java/util/concurrent/Executors$RunnableAdapter.call;java/util/concurrent/FutureTask.run;org/openjdk/jmh/runner/BenchmarkHandler$BenchmarkTask.call;org/openjdk/jmh/runner/BenchmarkHandler$BenchmarkTask.call;java/lang/reflect/Method.invoke;jdk/internal/reflect/DirectMethodHandleAccessor.invoke;jdk/internal/reflect/DirectMethodHandleAccessor.invokeImpl;java/lang/invoke/LambdaForm$MH.0x0000000061061400.invokeExact_MT;java/lang/invoke/LambdaForm$MH.0x0000000061061000.invoke;java/lang/invoke/DirectMethodHandle$Holder.invokeSpecial;org/weakref/nitro/clickbench/jmh_generated/BenchmarkQueries_query06_jmhTest.query06_AverageTime;org/weakref/nitro/clickbench/jmh_generated/BenchmarkQueries_query06_jmhTest.query06_avgt_jmhStub;org/weakref/nitro/clickbench/BenchmarkQueries.query06;org/weakref/nitro/clickbench/BenchmarkQueries.consume;org/weakref/nitro/operator/Output.borrow;org/weakref/nitro/operator/AggregationOperator$$Lambda.0x00000000610be3b8.apply;org/weakref/nitro/operator/AggregationOperator.lambda$resultOutput$0;org/weakref/nitro/operator/AggregationOperator.doAggregationIfNeeded;org/weakref/nitro/operator/MarkDistinctOperator.next;org/weakref/nitro/operator/MarkDistinctOperator.computeDistinctMask;org/weakref/nitro/operator/DistinctKeySet.addBatch;org/weakref/nitro/operator/DistinctKeySet$FlatDistinctIndex.addBatch;org/weakref/nitro/operator/DistinctKeySet$FlatDistinctIndex.addFlatBinaryBatch;org/weakref/nitro/operator/FlatGroupingTable.prepareBatchHashes;org/weakref/nitro/operator/FlatGroupingTable.prepareBatchHash;org/weakref/nitro/operator/FlatKeyLayout.hash;org/weakref/nitro/operator/OperatorVectorSupport.binaryHash;org/weakref/nitro/operator/OperatorVectorSupport.fmix64 1
java/lang/Thread.run;java/lang/Thread.runWith;java/util/concurrent/ThreadPoolExecutor$Worker.run;java/util/concurrent/ThreadPoolExecutor.runWorker;java/util/concurrent/FutureTask.run;java/util/concurrent/Executors$RunnableAdapter.call;java/util/concurrent/FutureTask.run;org/openjdk/jmh/runner/BenchmarkHandler$BenchmarkTask.call;org/openjdk/jmh/runner/BenchmarkHandler$BenchmarkTask.call;java/lang/reflect/Method.invoke;jdk/internal/reflect/DirectMethodHandleAccessor.invoke;jdk/internal/reflect/DirectMethodHandleAccessor.invokeImpl;java/lang/invoke/LambdaForm$MH.0x0000000061061400.invokeExact_MT;java/lang/invoke/LambdaForm$MH.0x0000000061061000.invoke;java/lang/invoke/DirectMethodHandle$Holder.invokeSpecial;org/weakref/nitro/clickbench/jmh_generated/BenchmarkQueries_query06_jmhTest.query06_AverageTime;org/weakref/nitro/clickbench/jmh_generated/BenchmarkQueries_query06_jmhTest.query06_avgt_jmhStub;org/weakref/nitro/clickbench/BenchmarkQueries.query06;org/weakref/nitro/clickbench/BenchmarkQueries.consume;org/weakref/nitro/operator/Output.borrow;org/weakref/nitro/operator/AggregationOperator$$Lambda.0x00000000610be3b8.apply;org/weakref/nitro/operator/AggregationOperator.lambda$resultOutput$0;org/weakref/nitro/operator/AggregationOperator.doAggregationIfNeeded;org/weakref/nitro/operator/MarkDistinctOperator.next;org/weakref/nitro/operator/MarkDistinctOperator.computeDistinctMask;org/weakref/nitro/operator/Output.borrow;org/weakref/nitro/operator/NitroParquetScanOperator$ScanOutputResolver$$Lambda.0x00000000610aab88.apply;org/weakref/nitro/operator/NitroParquetScanOperator$ScanOutputResolver.resolve;org/weakref/nitro/operator/NitroParquetScanOperator.resolveLazyColumn;org/weakref/nitro/operator/NitroParquetScanOperator.decodeFullColumn;org/weakref/nitro/parquet/ColumnReader.readBinary;org/weakref/nitro/parquet/ColumnReader.readBinaryDirect;org/weakref/nitro/parquet/ColumnReader.decodeNextDataPage;org/weakref/nitro/parquet/ColumnReader.decodeDataPageV1;org/weakref/nitro/parquet/RleReader.read;org/weakref/nitro/parquet/RleReader.readBitPacked;org/weakref/nitro/parquet/VectorBitUnpacker.unpack8;jdk/incubator/vector/ByteVector.reinterpretAsInts;jdk/incubator/vector/AbstractVector.reinterpretAsInts;jdk/incubator/vector/Byte256Vector.asVectorRaw;jdk/incubator/vector/AbstractVector.asVectorRawTemplate;jdk/incubator/vector/AbstractVector.convert0 1
java/lang/Thread.run;java/lang/Thread.runWith;java/util/concurrent/ThreadPoolExecutor$Worker.run;java/util/concurrent/ThreadPoolExecutor.runWorker;java/util/concurrent/FutureTask.run;java/util/concurrent/Executors$RunnableAdapter.call;java/util/concurrent/FutureTask.run;org/openjdk/jmh/runner/BenchmarkHandler$BenchmarkTask.call;org/openjdk/jmh/runner/BenchmarkHandler$BenchmarkTask.call;java/lang/reflect/Method.invoke;jdk/internal/reflect/DirectMethodHandleAccessor.invoke;jdk/internal/reflect/DirectMethodHandleAccessor.invokeImpl;java/lang/invoke/LambdaForm$MH.0x0000000061061400.invokeExact_MT;java/lang/invoke/LambdaForm$MH.0x0000000061061000.invoke;java/lang/invoke/DirectMethodHandle$Holder.invokeSpecial;org/weakref/nitro/clickbench/jmh_generated/BenchmarkQueries_query06_jmhTest.query06_AverageTime;org/weakref/nitro/clickbench/jmh_generated/BenchmarkQueries_query06_jmhTest.query06_avgt_jmhStub;org/weakref/nitro/clickbench/BenchmarkQueries.query06;org/weakref/nitro/clickbench/BenchmarkQueries.consume;org/weakref/nitro/operator/Output.borrow;org/weakref/nitro/operator/AggregationOperator$$Lambda.0x00000000610be3b8.apply;org/weakref/nitro/operator/AggregationOperator.lambda$resultOutput$0;org/weakref/nitro/operator/AggregationOperator.doAggregationIfNeeded;org/weakref/nitro/operator/MarkDistinctOperator.next;org/weakref/nitro/operator/MarkDistinctOperator.computeDistinctMask;org/weakref/nitro/operator/Output.borrow;org/weakref/nitro/operator/NitroParquetScanOperator$ScanOutputResolver$$Lambda.0x00000000610aab88.apply;org/weakref/nitro/operator/NitroParquetScanOperator$ScanOutputResolver.resolve;org/weakref/nitro/operator/NitroParquetScanOperator.resolveLazyColumn;org/weakref/nitro/operator/NitroParquetScanOperator.decodeFullColumn;org/weakref/nitro/parquet/ColumnReader.readBinary;org/weakref/nitro/parquet/ColumnReader.readBinaryDirect;org/weakref/nitro/parquet/ColumnReader.decodeNextDataPage;org/weakref/nitro/parquet/ColumnReader.decodeDataPageV1;org/weakref/nitro/parquet/RleReader.read;org/weakref/nitro/parquet/RleReader.readBitPacked;org/weakref/nitro/parquet/VectorBitUnpacker.unpack8;jdk/incubator/vector/ByteVector.fromMemorySegment 1
/usr/lib/x86_64-linux-gnu/libc.so.6;/usr/lib/x86_64-linux-gnu/libc.so.6;thread_native_entry;Thread::call_run;JavaThread::thread_main_inner;CompileBroker::compiler_thread_loop;CompileBroker::invoke_compiler_on_method;C2Compiler::compile_method;Compile::Compile;ParseGenerator::generate;Parse::Parse;Parse::do_all_blocks;Parse::do_one_block;Parse::do_call;PredictedCallGenerator::generate;ParseGenerator::generate;Parse::Parse;Parse::do_all_blocks;Parse::do_one_block;Parse::do_call;PredictedCallGenerator::generate;PredictedCallGenerator::generate;ParseGenerator::generate;Parse::Parse;Parse::do_all_blocks;Parse::do_one_block;Parse::do_call;PredictedCallGenerator::generate;ParseGenerator::generate;Parse::Parse;Parse::do_all_blocks;Parse::do_one_block;Parse::do_call;PredictedCallGenerator::generate;ParseGenerator::generate;Parse::Parse;Parse::do_all_blocks;Parse::do_one_block;Parse::do_call;PredictedCallGenerator::generate;ParseGenerator::generate;Parse::Parse;Parse::do_all_blocks;Parse::do_one_block;Parse::do_call;PredictedCallGenerator::generate;PredictedCallGenerator::generate;ParseGenerator::generate;Parse::Parse;Parse::do_all_blocks;Parse::do_one_block;Parse::do_call;ParseGenerator::generate;Parse::Parse;Parse::do_all_blocks;Parse::do_one_block;Parse::do_call;ParseGenerator::generate;Parse::Parse;Parse::do_all_blocks;Parse::do_one_block;Parse::do_call;ParseGenerator::generate;Parse::Parse;Parse::do_all_blocks;Parse::do_one_block;Parse::do_call;ParseGenerator::generate;Parse::Parse;Parse::do_all_blocks;Parse::do_one_block;Parse::do_call;ParseGenerator::generate;Parse::Parse;Parse::do_exits;PhaseGVN::transform;PhiNode::Value 1
java/lang/Thread.run;java/lang/Thread.runWith;java/util/concurrent/ThreadPoolExecutor$Worker.run;java/util/concurrent/ThreadPoolExecutor.runWorker;java/util/concurrent/FutureTask.run;java/util/concurrent/Executors$RunnableAdapter.call;java/util/concurrent/FutureTask.run;org/openjdk/jmh/runner/BenchmarkHandler$BenchmarkTask.call;org/openjdk/jmh/runner/BenchmarkHandler$BenchmarkTask.call;java/lang/reflect/Method.invoke;jdk/internal/reflect/DirectMethodHandleAccessor.invoke;jdk/internal/reflect/DirectMethodHandleAccessor.invokeImpl;java/lang/invoke/LambdaForm$MH.0x0000000061061400.invokeExact_MT;java/lang/invoke/LambdaForm$MH.0x0000000061061000.invoke;java/lang/invoke/DirectMethodHandle$Holder.invokeSpecial;org/weakref/nitro/clickbench/jmh_generated/BenchmarkQueries_query06_jmhTest.query06_AverageTime;org/weakref/nitro/clickbench/jmh_generated/BenchmarkQueries_query06_jmhTest.query06_avgt_jmhStub;org/weakref/nitro/clickbench/BenchmarkQueries.query06;org/weakref/nitro/clickbench/BenchmarkQueries.consume;org/weakref/nitro/operator/Output.borrow;org/weakref/nitro/operator/AggregationOperator$$Lambda.0x00000000610be3b8.apply;org/weakref/nitro/operator/AggregationOperator.lambda$resultOutput$0;org/weakref/nitro/operator/AggregationOperator.doAggregationIfNeeded;org/weakref/nitro/operator/MarkDistinctOperator.next;org/weakref/nitro/operator/MarkDistinctOperator.computeDistinctMask;org/weakref/nitro/operator/Output.borrow;org/weakref/nitro/operator/NitroParquetScanOperator$ScanOutputResolver$$Lambda.0x00000000610aab88.apply;org/weakref/nitro/operator/NitroParquetScanOperator$ScanOutputResolver.resolve;org/weakref/nitro/operator/NitroParquetScanOperator.resolveLazyColumn;org/weakref/nitro/operator/NitroParquetScanOperator.decodeFullColumn;org/weakref/nitro/parquet/ColumnReader.readBinary;org/weakref/nitro/parquet/ColumnReader.readBinaryDirect;jint_disjoint_arraycopy_stub 1
java/lang/Thread.run;java/lang/Thread.runWith;java/util/concurrent/ThreadPoolExecutor$Worker.run;java/util/concurrent/ThreadPoolExecutor.runWorker;java/util/concurrent/FutureTask.run;java/util/concurrent/Executors$RunnableAdapter.call;java/util/concurrent/FutureTask.run;org/openjdk/jmh/runner/BenchmarkHandler$BenchmarkTask.call;org/openjdk/jmh/runner/BenchmarkHandler$BenchmarkTask.call;java/lang/reflect/Method.invoke;jdk/internal/reflect/DirectMethodHandleAccessor.invoke;jdk/internal/reflect/DirectMethodHandleAccessor.invokeImpl;java/lang/invoke/LambdaForm$MH.0x0000000061061400.invokeExact_MT;java/lang/invoke/LambdaForm$MH.0x0000000061061000.invoke;java/lang/invoke/DirectMethodHandle$Holder.invokeSpecial;org/weakref/nitro/clickbench/jmh_generated/BenchmarkQueries_query06_jmhTest.query06_AverageTime;org/weakref/nitro/clickbench/jmh_generated/BenchmarkQueries_query06_jmhTest.query06_avgt_jmhStub;org/weakref/nitro/clickbench/BenchmarkQueries.query06;org/weakref/nitro/clickbench/BenchmarkQueries.consume;org/weakref/nitro/operator/Output.borrow;org/weakref/nitro/operator/AggregationOperator$$Lambda.0x00000000610be3b8.apply;org/weakref/nitro/operator/AggregationOperator.lambda$resultOutput$0;org/weakref/nitro/operator/AggregationOperator.doAggregationIfNeeded;org/weakref/nitro/operator/MarkDistinctOperator.next;org/weakref/nitro/operator/MarkDistinctOperator.computeDistinctMask;org/weakref/nitro/operator/DistinctKeySet.addBatch;org/weakref/nitro/operator/DistinctKeySet$FlatDistinctIndex.addBatch;org/weakref/nitro/operator/FlatGroupingTable.assignGroup;org/weakref/nitro/operator/FlatGroupingTable.assignGroupHashed;org/weakref/nitro/operator/FlatGroupingTable.assignGroupHashedInternal;org/weakref/nitro/operator/FlatGroupingTable.getIndex 3
java/lang/Thread.run;java/lang/Thread.runWith;java/util/concurrent/ThreadPoolExecutor$Worker.run;java/util/concurrent/ThreadPoolExecutor.runWorker;java/util/concurrent/FutureTask.run;java/util/concurrent/Executors$RunnableAdapter.call;java/util/concurrent/FutureTask.run;org/openjdk/jmh/runner/BenchmarkHandler$BenchmarkTask.call;org/openjdk/jmh/runner/BenchmarkHandler$BenchmarkTask.call;java/lang/reflect/Method.invoke;jdk/internal/reflect/DirectMethodHandleAccessor.invoke;jdk/internal/reflect/DirectMethodHandleAccessor.invokeImpl;java/lang/invoke/LambdaForm$MH.0x0000000061061400.invokeExact_MT;java/lang/invoke/LambdaForm$MH.0x0000000061061000.invoke;java/lang/invoke/DirectMethodHandle$Holder.invokeSpecial;org/weakref/nitro/clickbench/jmh_generated/BenchmarkQueries_query06_jmhTest.query06_AverageTime;org/weakref/nitro/clickbench/jmh_generated/BenchmarkQueries_query06_jmhTest.query06_avgt_jmhStub;org/weakref/nitro/clickbench/BenchmarkQueries.query06;org/weakref/nitro/clickbench/BenchmarkQueries.consume;org/weakref/nitro/operator/Output.borrow;org/weakref/nitro/operator/AggregationOperator$$Lambda.0x00000000610be3b8.apply;org/weakref/nitro/operator/AggregationOperator.lambda$resultOutput$0;org/weakref/nitro/operator/AggregationOperator.doAggregationIfNeeded;org/weakref/nitro/operator/MarkDistinctOperator.next;org/weakref/nitro/operator/MarkDistinctOperator.computeDistinctMask;org/weakref/nitro/operator/DistinctKeySet.addBatch;org/weakref/nitro/operator/DistinctKeySet$FlatDistinctIndex.addBatch;org/weakref/nitro/operator/DistinctKeySet$FlatDistinctIndex.addFlatBinaryBatch;org/weakref/nitro/operator/FlatGroupingTable.assignGroup;org/weakref/nitro/operator/FlatGroupingTable.assignGroupHashed;org/weakref/nitro/operator/FlatGroupingTable.assignGroupHashedInternal;org/weakref/nitro/operator/FlatGroupingTable.addNewGroup;org/weakref/nitro/operator/FlatKeyLayout.writeRecord;org/weakref/nitro/operator/FlatKeyLayout.writeBinaryField;org/weakref/nitro/operator/FlatGroupingTable$FlatVariableWidthArena.append;jbyte_disjoint_arraycopy_stub 4
java/lang/Thread.run;java/lang/Thread.runWith;java/util/concurrent/ThreadPoolExecutor$Worker.run;java/util/concurrent/ThreadPoolExecutor.runWorker;java/util/concurrent/FutureTask.run;java/util/concurrent/Executors$RunnableAdapter.call;java/util/concurrent/FutureTask.run;org/openjdk/jmh/runner/BenchmarkHandler$BenchmarkTask.call;org/openjdk/jmh/runner/BenchmarkHandler$BenchmarkTask.call;java/lang/reflect/Method.invoke;jdk/internal/reflect/DirectMethodHandleAccessor.invoke;jdk/internal/reflect/DirectMethodHandleAccessor.invokeImpl;java/lang/invoke/LambdaForm$MH.0x0000000061061400.invokeExact_MT;java/lang/invoke/LambdaForm$MH.0x0000000061061000.invoke;java/lang/invoke/DirectMethodHandle$Holder.invokeSpecial;org/weakref/nitro/clickbench/jmh_generated/BenchmarkQueries_query06_jmhTest.query06_AverageTime;org/weakref/nitro/clickbench/jmh_generated/BenchmarkQueries_query06_jmhTest.query06_avgt_jmhStub;org/weakref/nitro/clickbench/BenchmarkQueries.query06;org/weakref/nitro/clickbench/BenchmarkQueries.consume;org/weakref/nitro/operator/Output.borrow;org/weakref/nitro/operator/AggregationOperator$$Lambda.0x00000000610be3b8.apply;org/weakref/nitro/operator/AggregationOperator.lambda$resultOutput$0;org/weakref/nitro/operator/AggregationOperator.doAggregationIfNeeded;org/weakref/nitro/operator/MarkDistinctOperator.next;org/weakref/nitro/operator/MarkDistinctOperator.computeDistinctMask;org/weakref/nitro/operator/DistinctKeySet.addBatch;org/weakref/nitro/operator/DistinctKeySet$FlatDistinctIndex.addBatch;org/weakref/nitro/operator/FlatGroupingTable.prepareBatchHashes;org/weakref/nitro/operator/FlatGroupingTable.prepareBatchHash;org/weakref/nitro/operator/FlatKeyLayout.hash;org/weakref/nitro/operator/FlatKeyLayout.fieldHash;org/weakref/nitro/operator/FlatKeyLayout.binaryFieldHash;org/weakref/nitro/operator/OperatorVectorSupport.binaryHash;org/weakref/nitro/operator/OperatorVectorSupport.mix64 1
java/lang/Thread.run;java/lang/Thread.runWith;java/util/concurrent/ThreadPoolExecutor$Worker.run;java/util/concurrent/ThreadPoolExecutor.runWorker;java/util/concurrent/FutureTask.run;java/util/concurrent/Executors$RunnableAdapter.call;java/util/concurrent/FutureTask.run;org/openjdk/jmh/runner/BenchmarkHandler$BenchmarkTask.call;org/openjdk/jmh/runner/BenchmarkHandler$BenchmarkTask.call;java/lang/reflect/Method.invoke;jdk/internal/reflect/DirectMethodHandleAccessor.invoke;jdk/internal/reflect/DirectMethodHandleAccessor.invokeImpl;java/lang/invoke/LambdaForm$MH.0x0000000061061400.invokeExact_MT;java/lang/invoke/LambdaForm$MH.0x0000000061061000.invoke;java/lang/invoke/DirectMethodHandle$Holder.invokeSpecial;org/weakref/nitro/clickbench/jmh_generated/BenchmarkQueries_query06_jmhTest.query06_AverageTime;org/weakref/nitro/clickbench/jmh_generated/BenchmarkQueries_query06_jmhTest.query06_avgt_jmhStub;org/weakref/nitro/clickbench/BenchmarkQueries.query06;org/weakref/nitro/clickbench/BenchmarkQueries.consume;org/weakref/nitro/operator/Output.borrow;org/weakref/nitro/operator/AggregationOperator$$Lambda.0x00000000610be3b8.apply;org/weakref/nitro/operator/AggregationOperator.lambda$resultOutput$0;org/weakref/nitro/operator/AggregationOperator.doAggregationIfNeeded;org/weakref/nitro/operator/MarkDistinctOperator.next;org/weakref/nitro/operator/MarkDistinctOperator.computeDistinctMask;org/weakref/nitro/operator/DistinctKeySet.addBatch;org/weakref/nitro/operator/DistinctKeySet$FlatDistinctIndex.addBatch;org/weakref/nitro/operator/DistinctKeySet$FlatDistinctIndex.isTrackedSentinel;org/weakref/nitro/operator/FlatKeyLayout.isTrackedSentinel;org/weakref/nitro/operator/FlatKeyLayout.hasTrackedSentinel 1
java/lang/Thread.run;java/lang/Thread.runWith;java/util/concurrent/ThreadPoolExecutor$Worker.run;java/util/concurrent/ThreadPoolExecutor.runWorker;java/util/concurrent/FutureTask.run;java/util/concurrent/Executors$RunnableAdapter.call;java/util/concurrent/FutureTask.run;org/openjdk/jmh/runner/BenchmarkHandler$BenchmarkTask.call;org/openjdk/jmh/runner/BenchmarkHandler$BenchmarkTask.call;java/lang/reflect/Method.invoke;jdk/internal/reflect/DirectMethodHandleAccessor.invoke;jdk/internal/reflect/DirectMethodHandleAccessor.invokeImpl;java/lang/invoke/LambdaForm$MH.0x0000000061061400.invokeExact_MT;java/lang/invoke/LambdaForm$MH.0x0000000061061000.invoke;java/lang/invoke/DirectMethodHandle$Holder.invokeSpecial;org/weakref/nitro/clickbench/jmh_generated/BenchmarkQueries_query06_jmhTest.query06_AverageTime;org/weakref/nitro/clickbench/jmh_generated/BenchmarkQueries_query06_jmhTest.query06_avgt_jmhStub;org/weakref/nitro/clickbench/BenchmarkQueries.query06;org/weakref/nitro/clickbench/BenchmarkQueries.consume;org/weakref/nitro/operator/Output.borrow;org/weakref/nitro/operator/AggregationOperator$$Lambda.0x00000000610be3b8.apply;org/weakref/nitro/operator/AggregationOperator.lambda$resultOutput$0;org/weakref/nitro/operator/AggregationOperator.doAggregationIfNeeded;org/weakref/nitro/operator/MarkDistinctOperator.next;org/weakref/nitro/operator/MarkDistinctOperator.computeDistinctMask;org/weakref/nitro/operator/DistinctKeySet.addBatch;org/weakref/nitro/operator/DistinctKeySet$FlatDistinctIndex.addBatch;org/weakref/nitro/operator/FlatGroupingTable.prepareBatchHashes;org/weakref/nitro/operator/FlatGroupingTable.prepareBatchHash;org/weakref/nitro/operator/FlatKeyLayout.hash;org/weakref/nitro/operator/FlatKeyLayout.fieldHash;org/weakref/nitro/operator/FlatKeyLayout.binaryFieldHash;org/weakref/nitro/operator/OperatorVectorSupport.binaryHash 1
java/lang/Thread.run;java/lang/Thread.runWith;java/util/concurrent/ThreadPoolExecutor$Worker.run;java/util/concurrent/ThreadPoolExecutor.runWorker;java/util/concurrent/FutureTask.run;java/util/concurrent/Executors$RunnableAdapter.call;java/util/concurrent/FutureTask.run;org/openjdk/jmh/runner/BenchmarkHandler$BenchmarkTask.call;org/openjdk/jmh/runner/BenchmarkHandler$BenchmarkTask.call;java/lang/reflect/Method.invoke;jdk/internal/reflect/DirectMethodHandleAccessor.invoke;jdk/internal/reflect/DirectMethodHandleAccessor.invokeImpl;java/lang/invoke/LambdaForm$MH.0x0000000061061400.invokeExact_MT;java/lang/invoke/LambdaForm$MH.0x0000000061061000.invoke;java/lang/invoke/DirectMethodHandle$Holder.invokeSpecial;org/weakref/nitro/clickbench/jmh_generated/BenchmarkQueries_query06_jmhTest.query06_AverageTime;org/weakref/nitro/clickbench/jmh_generated/BenchmarkQueries_query06_jmhTest.query06_avgt_jmhStub;org/weakref/nitro/clickbench/BenchmarkQueries.query06;org/weakref/nitro/clickbench/BenchmarkQueries.consume;org/weakref/nitro/operator/Output.borrow;org/weakref/nitro/operator/AggregationOperator$$Lambda.0x00000000610be3b8.apply;org/weakref/nitro/operator/AggregationOperator.lambda$resultOutput$0;org/weakref/nitro/operator/AggregationOperator.doAggregationIfNeeded;org/weakref/nitro/operator/MarkDistinctOperator.next;org/weakref/nitro/operator/MarkDistinctOperator.computeDistinctMask;org/weakref/nitro/operator/DistinctKeySet.addBatch;org/weakref/nitro/operator/DistinctKeySet$FlatDistinctIndex.addBatch;org/weakref/nitro/operator/FlatGroupingTable.assignGroup;org/weakref/nitro/operator/FlatGroupingTable.assignGroupHashed;org/weakref/nitro/operator/FlatGroupingTable.assignGroupHashedInternal;org/weakref/nitro/operator/FlatGroupingTable.getIndex;org/weakref/nitro/operator/FlatGroupingTable.match 2
java/lang/Thread.run;java/lang/Thread.runWith;java/util/concurrent/ThreadPoolExecutor$Worker.run;java/util/concurrent/ThreadPoolExecutor.runWorker;java/util/concurrent/FutureTask.run;java/util/concurrent/Executors$RunnableAdapter.call;java/util/concurrent/FutureTask.run;org/openjdk/jmh/runner/BenchmarkHandler$BenchmarkTask.call;org/openjdk/jmh/runner/BenchmarkHandler$BenchmarkTask.call;java/lang/reflect/Method.invoke;jdk/internal/reflect/DirectMethodHandleAccessor.invoke;jdk/internal/reflect/DirectMethodHandleAccessor.invokeImpl;java/lang/invoke/LambdaForm$MH.0x0000000061061400.invokeExact_MT;java/lang/invoke/LambdaForm$MH.0x0000000061061000.invoke;java/lang/invoke/DirectMethodHandle$Holder.invokeSpecial;org/weakref/nitro/clickbench/jmh_generated/BenchmarkQueries_query06_jmhTest.query06_AverageTime;org/weakref/nitro/clickbench/jmh_generated/BenchmarkQueries_query06_jmhTest.query06_avgt_jmhStub;org/weakref/nitro/clickbench/BenchmarkQueries.query06;org/weakref/nitro/clickbench/BenchmarkQueries.consume;org/weakref/nitro/operator/Output.borrow;org/weakref/nitro/operator/AggregationOperator$$Lambda.0x00000000610be3b8.apply;org/weakref/nitro/operator/AggregationOperator.lambda$resultOutput$0;org/weakref/nitro/operator/AggregationOperator.doAggregationIfNeeded;org/weakref/nitro/operator/MarkDistinctOperator.next;org/weakref/nitro/operator/MarkDistinctOperator.computeDistinctMask;org/weakref/nitro/operator/DistinctKeySet.addBatch;org/weakref/nitro/operator/DistinctKeySet$FlatDistinctIndex.addBatch;org/weakref/nitro/operator/FlatGroupingTable.assignGroup;org/weakref/nitro/operator/FlatGroupingTable.assignGroupHashed;org/weakref/nitro/operator/FlatGroupingTable.assignGroupHashedInternal;org/weakref/nitro/operator/FlatGroupingTable.getIndex;org/weakref/nitro/operator/FlatGroupingTable.repeat 1
java/lang/Thread.run;java/lang/Thread.runWith;java/util/concurrent/ThreadPoolExecutor$Worker.run;java/util/concurrent/ThreadPoolExecutor.runWorker;java/util/concurrent/FutureTask.run;java/util/concurrent/Executors$RunnableAdapter.call;java/util/concurrent/FutureTask.run;org/openjdk/jmh/runner/BenchmarkHandler$BenchmarkTask.call;org/openjdk/jmh/runner/BenchmarkHandler$BenchmarkTask.call;java/lang/reflect/Method.invoke;jdk/internal/reflect/DirectMethodHandleAccessor.invoke;jdk/internal/reflect/DirectMethodHandleAccessor.invokeImpl;java/lang/invoke/LambdaForm$MH.0x0000000061061400.invokeExact_MT;java/lang/invoke/LambdaForm$MH.0x0000000061061000.invoke;java/lang/invoke/DirectMethodHandle$Holder.invokeSpecial;org/weakref/nitro/clickbench/jmh_generated/BenchmarkQueries_query06_jmhTest.query06_AverageTime;org/weakref/nitro/clickbench/jmh_generated/BenchmarkQueries_query06_jmhTest.query06_avgt_jmhStub;org/weakref/nitro/clickbench/BenchmarkQueries.query06;org/weakref/nitro/clickbench/BenchmarkQueries.consume;org/weakref/nitro/operator/Output.borrow;org/weakref/nitro/operator/AggregationOperator$$Lambda.0x00000000610be3b8.apply;org/weakref/nitro/operator/AggregationOperator.lambda$resultOutput$0;org/weakref/nitro/operator/AggregationOperator.doAggregationIfNeeded;org/weakref/nitro/operator/MarkDistinctOperator.next;org/weakref/nitro/operator/MarkDistinctOperator.computeDistinctMask;org/weakref/nitro/operator/DistinctKeySet.addBatch;org/weakref/nitro/operator/DistinctKeySet$FlatDistinctIndex.addBatch;org/weakref/nitro/operator/FlatGroupingTable.prepareBatchHashes;org/weakref/nitro/operator/FlatGroupingTable.prepareBatchHash;org/weakref/nitro/operator/FlatKeyLayout.hash;org/weakref/nitro/operator/FlatKeyLayout.fieldHash 1
java/lang/Thread.run;java/lang/Thread.runWith;java/util/concurrent/ThreadPoolExecutor$Worker.run;java/util/concurrent/ThreadPoolExecutor.runWorker;java/util/concurrent/FutureTask.run;java/util/concurrent/Executors$RunnableAdapter.call;java/util/concurrent/FutureTask.run;org/openjdk/jmh/runner/BenchmarkHandler$BenchmarkTask.call;org/openjdk/jmh/runner/BenchmarkHandler$BenchmarkTask.call;java/lang/reflect/Method.invoke;jdk/internal/reflect/DirectMethodHandleAccessor.invoke;jdk/internal/reflect/DirectMethodHandleAccessor.invokeImpl;java/lang/invoke/LambdaForm$MH.0x0000000061061400.invokeExact_MT;java/lang/invoke/LambdaForm$MH.0x0000000061061000.invoke;java/lang/invoke/DirectMethodHandle$Holder.invokeSpecial;org/weakref/nitro/clickbench/jmh_generated/BenchmarkQueries_query06_jmhTest.query06_AverageTime;org/weakref/nitro/clickbench/jmh_generated/BenchmarkQueries_query06_jmhTest.query06_avgt_jmhStub;org/weakref/nitro/clickbench/BenchmarkQueries.query06;org/weakref/nitro/clickbench/BenchmarkQueries.consume;org/weakref/nitro/operator/Output.borrow;org/weakref/nitro/operator/AggregationOperator$$Lambda.0x00000000610be3b8.apply;org/weakref/nitro/operator/AggregationOperator.lambda$resultOutput$0;org/weakref/nitro/operator/AggregationOperator.doAggregationIfNeeded;org/weakref/nitro/operator/MarkDistinctOperator.next;org/weakref/nitro/operator/MarkDistinctOperator.computeDistinctMask;org/weakref/nitro/operator/DistinctKeySet.addBatch;org/weakref/nitro/operator/DistinctKeySet$FlatDistinctIndex.addBatch;org/weakref/nitro/operator/DistinctKeySet$FlatDistinctIndex.addFlatBinaryBatch;org/weakref/nitro/operator/FlatGroupingTable.assignGroup;org/weakref/nitro/operator/FlatGroupingTable.assignGroupHashed;org/weakref/nitro/operator/FlatGroupingTable.assignGroupHashedInternal;org/weakref/nitro/operator/FlatGroupingTable.addNewGroup;org/weakref/nitro/operator/FlatGroupingTable.setControl 1
java/lang/Thread.run;java/lang/Thread.runWith;java/util/concurrent/ThreadPoolExecutor$Worker.run;java/util/concurrent/ThreadPoolExecutor.runWorker;java/util/concurrent/FutureTask.run;java/util/concurrent/Executors$RunnableAdapter.call;java/util/concurrent/FutureTask.run;org/openjdk/jmh/runner/BenchmarkHandler$BenchmarkTask.call;org/openjdk/jmh/runner/BenchmarkHandler$BenchmarkTask.call;java/lang/reflect/Method.invoke;jdk/internal/reflect/DirectMethodHandleAccessor.invoke;jdk/internal/reflect/DirectMethodHandleAccessor.invokeImpl;java/lang/invoke/LambdaForm$MH.0x0000000061061400.invokeExact_MT;java/lang/invoke/LambdaForm$MH.0x0000000061061000.invoke;java/lang/invoke/DirectMethodHandle$Holder.invokeSpecial;org/weakref/nitro/clickbench/jmh_generated/BenchmarkQueries_query06_jmhTest.query06_AverageTime;org/weakref/nitro/clickbench/jmh_generated/BenchmarkQueries_query06_jmhTest.query06_avgt_jmhStub;org/weakref/nitro/clickbench/BenchmarkQueries.query06;org/weakref/nitro/clickbench/BenchmarkQueries.consume;org/weakref/nitro/operator/Output.borrow;org/weakref/nitro/operator/AggregationOperator$$Lambda.0x00000000610be3b8.apply;org/weakref/nitro/operator/AggregationOperator.lambda$resultOutput$0;org/weakref/nitro/operator/AggregationOperator.doAggregationIfNeeded;org/weakref/nitro/operator/MarkDistinctOperator.next;org/weakref/nitro/operator/MarkDistinctOperator.computeDistinctMask;org/weakref/nitro/operator/DistinctKeySet.addBatch;org/weakref/nitro/operator/DistinctKeySet$FlatDistinctIndex.addBatch;org/weakref/nitro/operator/FlatGroupingTable.assignGroup;org/weakref/nitro/operator/FlatGroupingTable.assignGroupHashed;org/weakref/nitro/operator/FlatGroupingTable.assignGroupHashedInternal;org/weakref/nitro/operator/FlatGroupingTable.getIndex;org/weakref/nitro/operator/FlatGroupingTable.identical;org/weakref/nitro/operator/FlatGroupingTable.fixedChunk 8
java/lang/Thread.run;java/lang/Thread.runWith;java/util/concurrent/ThreadPoolExecutor$Worker.run;java/util/concurrent/ThreadPoolExecutor.runWorker;java/util/concurrent/FutureTask.run;java/util/concurrent/Executors$RunnableAdapter.call;java/util/concurrent/FutureTask.run;org/openjdk/jmh/runner/BenchmarkHandler$BenchmarkTask.call;org/openjdk/jmh/runner/BenchmarkHandler$BenchmarkTask.call;java/lang/reflect/Method.invoke;jdk/internal/reflect/DirectMethodHandleAccessor.invoke;jdk/internal/reflect/DirectMethodHandleAccessor.invokeImpl;java/lang/invoke/LambdaForm$MH.0x0000000061061400.invokeExact_MT;java/lang/invoke/LambdaForm$MH.0x0000000061061000.invoke;java/lang/invoke/DirectMethodHandle$Holder.invokeSpecial;org/weakref/nitro/clickbench/jmh_generated/BenchmarkQueries_query06_jmhTest.query06_AverageTime;org/weakref/nitro/clickbench/jmh_generated/BenchmarkQueries_query06_jmhTest.query06_avgt_jmhStub;org/weakref/nitro/clickbench/BenchmarkQueries.query06;org/weakref/nitro/clickbench/BenchmarkQueries.consume;org/weakref/nitro/operator/Output.borrow;org/weakref/nitro/operator/AggregationOperator$$Lambda.0x00000000610be3b8.apply;org/weakref/nitro/operator/AggregationOperator.lambda$resultOutput$0;org/weakref/nitro/operator/AggregationOperator.doAggregationIfNeeded;org/weakref/nitro/operator/MarkDistinctOperator.next;org/weakref/nitro/operator/MarkDistinctOperator.computeDistinctMask;org/weakref/nitro/operator/DistinctKeySet.addBatch;org/weakref/nitro/operator/DistinctKeySet$FlatDistinctIndex.addBatch;org/weakref/nitro/operator/FlatGroupingTable.prepareBatchHashes;org/weakref/nitro/operator/FlatGroupingTable.prepareBatchHash;org/weakref/nitro/operator/FlatKeyLayout.hash;org/weakref/nitro/operator/FlatKeyLayout.fieldHash;org/weakref/nitro/operator/FlatKeyLayout.binaryFieldHash;org/weakref/nitro/operator/OperatorVectorSupport.binaryHash 2
java/lang/Thread.run;java/lang/Thread.runWith;java/util/concurrent/ThreadPoolExecutor$Worker.run;java/util/concurrent/ThreadPoolExecutor.runWorker;java/util/concurrent/FutureTask.run;java/util/concurrent/Executors$RunnableAdapter.call;java/util/concurrent/FutureTask.run;org/openjdk/jmh/runner/BenchmarkHandler$BenchmarkTask.call;org/openjdk/jmh/runner/BenchmarkHandler$BenchmarkTask.call;java/lang/reflect/Method.invoke;jdk/internal/reflect/DirectMethodHandleAccessor.invoke;jdk/internal/reflect/DirectMethodHandleAccessor.invokeImpl;java/lang/invoke/LambdaForm$MH.0x0000000061061400.invokeExact_MT;java/lang/invoke/LambdaForm$MH.0x0000000061061000.invoke;java/lang/invoke/DirectMethodHandle$Holder.invokeSpecial;org/weakref/nitro/clickbench/jmh_generated/BenchmarkQueries_query06_jmhTest.query06_AverageTime;org/weakref/nitro/clickbench/jmh_generated/BenchmarkQueries_query06_jmhTest.query06_avgt_jmhStub;org/weakref/nitro/clickbench/BenchmarkQueries.query06;org/weakref/nitro/clickbench/BenchmarkQueries.consume;org/weakref/nitro/operator/Output.borrow;org/weakref/nitro/operator/AggregationOperator$$Lambda.0x00000000610be3b8.apply;org/weakref/nitro/operator/AggregationOperator.lambda$resultOutput$0;org/weakref/nitro/operator/AggregationOperator.doAggregationIfNeeded;org/weakref/nitro/operator/MarkDistinctOperator.next;org/weakref/nitro/operator/MarkDistinctOperator.computeDistinctMask;org/weakref/nitro/operator/DistinctKeySet.addBatch;org/weakref/nitro/operator/DistinctKeySet$FlatDistinctIndex.addBatch;org/weakref/nitro/operator/FlatGroupingTable.prepareBatchHashes;org/weakref/nitro/operator/FlatGroupingTable.prepareBatchHash;org/weakref/nitro/operator/FlatKeyLayout.hash;org/weakref/nitro/operator/FlatKeyLayout.fieldHash 1
java/lang/Thread.run;java/lang/Thread.runWith;java/util/concurrent/ThreadPoolExecutor$Worker.run;java/util/concurrent/ThreadPoolExecutor.runWorker;java/util/concurrent/FutureTask.run;java/util/concurrent/Executors$RunnableAdapter.call;java/util/concurrent/FutureTask.run;org/openjdk/jmh/runner/BenchmarkHandler$BenchmarkTask.call;org/openjdk/jmh/runner/BenchmarkHandler$BenchmarkTask.call;java/lang/reflect/Method.invoke;jdk/internal/reflect/DirectMethodHandleAccessor.invoke;jdk/internal/reflect/DirectMethodHandleAccessor.invokeImpl;java/lang/invoke/LambdaForm$MH.0x0000000061061400.invokeExact_MT;java/lang/invoke/LambdaForm$MH.0x0000000061061000.invoke;java/lang/invoke/DirectMethodHandle$Holder.invokeSpecial;org/weakref/nitro/clickbench/jmh_generated/BenchmarkQueries_query06_jmhTest.query06_AverageTime;org/weakref/nitro/clickbench/jmh_generated/BenchmarkQueries_query06_jmhTest.query06_avgt_jmhStub;org/weakref/nitro/clickbench/BenchmarkQueries.query06;org/weakref/nitro/clickbench/BenchmarkQueries.consume;org/weakref/nitro/operator/Output.borrow;org/weakref/nitro/operator/AggregationOperator$$Lambda.0x00000000610be3b8.apply;org/weakref/nitro/operator/AggregationOperator.lambda$resultOutput$0;org/weakref/nitro/operator/AggregationOperator.doAggregationIfNeeded;org/weakref/nitro/operator/MarkDistinctOperator.next;org/weakref/nitro/operator/MarkDistinctOperator.computeDistinctMask;org/weakref/nitro/operator/Output.borrow;org/weakref/nitro/operator/NitroParquetScanOperator$ScanOutputResolver$$Lambda.0x00000000610aab88.apply;org/weakref/nitro/operator/NitroParquetScanOperator$ScanOutputResolver.resolve;org/weakref/nitro/operator/NitroParquetScanOperator.resolveLazyColumn;org/weakref/nitro/operator/NitroParquetScanOperator.decodeFullColumn;org/weakref/nitro/parquet/ColumnReader.readBinary;org/weakref/nitro/parquet/ColumnReader.readBinaryDirect;org/weakref/nitro/parquet/ColumnReader.decodeNextDataPage;org/weakref/nitro/parquet/ColumnReader.decompress;io/airlift/compress/v3/snappy/SnappyNativeDecompressor.decompress;io/airlift/compress/v3/snappy/SnappyNative.decompress;io/airlift/compress/v3/snappy/SnappyNative.decompressInternal;java/lang/invoke/LambdaForm$MH.0x0000000061108c00.invokeExact_MT;java/lang/invoke/LambdaForm$MH.0x0000000061119400.invoke;java/lang/invoke/LambdaForm$DMH.0x00000000610b1400.invokeStatic;jdk/internal/foreign/abi/DowncallStub.0x00000000610b1000.invoke;java/lang/invoke/LambdaForm$MH.0x0000000061109800.invokeExact_MT;java/lang/invoke/LambdaForm$MH.0x0000000061119800.invoke;nep_invoker_blob;snappy_uncompress;snappy::RawUncompress;snappy::RawUncompress;void snappy::SnappyDecompressor::DecompressAllTags<snappy::SnappyArrayWriter>;std::pair<unsigned char const*, long> snappy::DecompressBranchless<char*> 12
java/lang/Thread.run;java/lang/Thread.runWith;java/util/concurrent/ThreadPoolExecutor$Worker.run;java/util/concurrent/ThreadPoolExecutor.runWorker;java/util/concurrent/FutureTask.run;java/util/concurrent/Executors$RunnableAdapter.call;java/util/concurrent/FutureTask.run;org/openjdk/jmh/runner/BenchmarkHandler$BenchmarkTask.call;org/openjdk/jmh/runner/BenchmarkHandler$BenchmarkTask.call;java/lang/reflect/Method.invoke;jdk/internal/reflect/DirectMethodHandleAccessor.invoke;jdk/internal/reflect/DirectMethodHandleAccessor.invokeImpl;java/lang/invoke/LambdaForm$MH.0x0000000061061400.invokeExact_MT;java/lang/invoke/LambdaForm$MH.0x0000000061061000.invoke;java/lang/invoke/DirectMethodHandle$Holder.invokeSpecial;org/weakref/nitro/clickbench/jmh_generated/BenchmarkQueries_query06_jmhTest.query06_AverageTime;org/weakref/nitro/clickbench/jmh_generated/BenchmarkQueries_query06_jmhTest.query06_avgt_jmhStub;org/weakref/nitro/clickbench/BenchmarkQueries.query06;org/weakref/nitro/clickbench/BenchmarkQueries.consume;org/weakref/nitro/operator/Output.borrow;org/weakref/nitro/operator/AggregationOperator$$Lambda.0x00000000610be3b8.apply;org/weakref/nitro/operator/AggregationOperator.lambda$resultOutput$0;org/weakref/nitro/operator/AggregationOperator.doAggregationIfNeeded;org/weakref/nitro/operator/MarkDistinctOperator.next;org/weakref/nitro/operator/MarkDistinctOperator.computeDistinctMask;org/weakref/nitro/operator/DistinctKeySet.addBatch;org/weakref/nitro/operator/DistinctKeySet$FlatDistinctIndex.addBatch;org/weakref/nitro/operator/FlatGroupingTable.assignGroup;org/weakref/nitro/operator/FlatGroupingTable.assignGroupHashed;org/weakref/nitro/operator/FlatGroupingTable.assignGroupHashedInternal;org/weakref/nitro/operator/FlatGroupingTable.getIndex;org/weakref/nitro/operator/FlatGroupingTable.identical;org/weakref/nitro/operator/FlatKeyLayout.identicalRecordToInput;org/weakref/nitro/operator/FlatTypeHandlers$4.identicalFlatToInput;org/weakref/nitro/operator/OperatorVectorSupport.binaryEquals;java/util/Arrays.mismatch;jdk/internal/util/ArraysSupport.mismatch;vectorizedMismatch_stub 2
java/lang/Thread.run;java/lang/Thread.runWith;java/util/concurrent/ThreadPoolExecutor$Worker.run;java/util/concurrent/ThreadPoolExecutor.runWorker;java/util/concurrent/FutureTask.run;java/util/concurrent/Executors$RunnableAdapter.call;java/util/concurrent/FutureTask.run;org/openjdk/jmh/runner/BenchmarkHandler$BenchmarkTask.call;org/openjdk/jmh/runner/BenchmarkHandler$BenchmarkTask.call;java/lang/reflect/Method.invoke;jdk/internal/reflect/DirectMethodHandleAccessor.invoke;jdk/internal/reflect/DirectMethodHandleAccessor.invokeImpl;java/lang/invoke/LambdaForm$MH.0x0000000061061400.invokeExact_MT;java/lang/invoke/LambdaForm$MH.0x0000000061061000.invoke;java/lang/invoke/DirectMethodHandle$Holder.invokeSpecial;org/weakref/nitro/clickbench/jmh_generated/BenchmarkQueries_query06_jmhTest.query06_AverageTime;org/weakref/nitro/clickbench/jmh_generated/BenchmarkQueries_query06_jmhTest.query06_avgt_jmhStub;org/weakref/nitro/clickbench/BenchmarkQueries.query06;org/weakref/nitro/clickbench/BenchmarkQueries.consume;org/weakref/nitro/operator/Output.borrow;org/weakref/nitro/operator/AggregationOperator$$Lambda.0x00000000610be3b8.apply;org/weakref/nitro/operator/AggregationOperator.lambda$resultOutput$0;org/weakref/nitro/operator/AggregationOperator.doAggregationIfNeeded;org/weakref/nitro/operator/MarkDistinctOperator.next;org/weakref/nitro/operator/MarkDistinctOperator.computeDistinctMask;org/weakref/nitro/operator/DistinctKeySet.addBatch;org/weakref/nitro/operator/DistinctKeySet$FlatDistinctIndex.addBatch;org/weakref/nitro/operator/FlatGroupingTable.assignGroup;org/weakref/nitro/operator/FlatGroupingTable.assignGroupHashed;org/weakref/nitro/operator/FlatGroupingTable.assignGroupHashedInternal;org/weakref/nitro/operator/FlatGroupingTable.getIndex;org/weakref/nitro/operator/FlatGroupingTable.identical;org/weakref/nitro/operator/FlatKeyLayout.identicalRecordToInput;org/weakref/nitro/operator/FlatKeyLayout.idComparable 1
java/lang/Thread.run;java/lang/Thread.runWith;java/util/concurrent/ThreadPoolExecutor$Worker.run;java/util/concurrent/ThreadPoolExecutor.runWorker;java/util/concurrent/FutureTask.run;java/util/concurrent/Executors$RunnableAdapter.call;java/util/concurrent/FutureTask.run;org/openjdk/jmh/runner/BenchmarkHandler$BenchmarkTask.call;org/openjdk/jmh/runner/BenchmarkHandler$BenchmarkTask.call;java/lang/reflect/Method.invoke;jdk/internal/reflect/DirectMethodHandleAccessor.invoke;jdk/internal/reflect/DirectMethodHandleAccessor.invokeImpl;java/lang/invoke/LambdaForm$MH.0x0000000061061400.invokeExact_MT;java/lang/invoke/LambdaForm$MH.0x0000000061061000.invoke;java/lang/invoke/DirectMethodHandle$Holder.invokeSpecial;org/weakref/nitro/clickbench/jmh_generated/BenchmarkQueries_query06_jmhTest.query06_AverageTime;org/weakref/nitro/clickbench/jmh_generated/BenchmarkQueries_query06_jmhTest.query06_avgt_jmhStub;org/weakref/nitro/clickbench/BenchmarkQueries.query06;org/weakref/nitro/clickbench/ClickBenchHitsSupport.query06;org/weakref/nitro/clickbench/ClickBenchHitsSupport.clickBenchScan;org/weakref/nitro/operator/NitroParquetScanOperator.<init>;java/util/stream/ReferencePipeline.toArray;java/util/stream/AbstractPipeline.evaluateToArrayNode;java/util/stream/AbstractPipeline.evaluate;java/util/stream/AbstractPipeline.wrapAndCopyInto;java/util/stream/AbstractPipeline.copyInto;java/util/AbstractList$RandomAccessSpliterator.forEachRemaining;java/util/stream/ReferencePipeline$3$1.accept;org/weakref/nitro/operator/NitroParquetScanOperator$$Lambda.0x00000000610837a8.apply;org/weakref/nitro/parquet/ParquetFile.open;org/weakref/nitro/parquet/ParquetFile.<init>;org/apache/parquet/format/Util.readFileMetaData;org/apache/parquet/format/Util.readFileMetaData;org/apache/parquet/format/Util.read;org/apache/parquet/format/FileMetaData.read;org/apache/parquet/format/FileMetaData$FileMetaDataStandardScheme.read;org/apache/parquet/format/FileMetaData$FileMetaDataStandardScheme.read;org/apache/parquet/format/RowGroup.read;org/apache/parquet/format/RowGroup$RowGroupStandardScheme.read;org/apache/parquet/format/RowGroup$RowGroupStandardScheme.read;org/apache/parquet/format/ColumnChunk.read;org/apache/parquet/format/ColumnChunk$ColumnChunkStandardScheme.read;org/apache/parquet/format/ColumnChunk$ColumnChunkStandardScheme.read;org/apache/parquet/format/ColumnMetaData.read;org/apache/parquet/format/ColumnMetaData$ColumnMetaDataStandardScheme.read;org/apache/parquet/format/ColumnMetaData$ColumnMetaDataStandardScheme.read;org/apache/parquet/format/PageEncodingStats.read;org/apache/parquet/format/PageEncodingStats$PageEncodingStatsStandardScheme.read;org/apache/parquet/format/PageEncodingStats$PageEncodingStatsStandardScheme.read;org/apache/parquet/format/InterningProtocol.readFieldBegin;shaded/parquet/org/apache/thrift/protocol/TCompactProtocol.readFieldBegin;shaded/parquet/org/apache/thrift/protocol/TCompactProtocol.readByte 1
java/lang/Thread.run;java/lang/Thread.runWith;java/util/concurrent/ThreadPoolExecutor$Worker.run;java/util/concurrent/ThreadPoolExecutor.runWorker;java/util/concurrent/FutureTask.run;java/util/concurrent/Executors$RunnableAdapter.call;java/util/concurrent/FutureTask.run;org/openjdk/jmh/runner/BenchmarkHandler$BenchmarkTask.call;org/openjdk/jmh/runner/BenchmarkHandler$BenchmarkTask.call;java/lang/reflect/Method.invoke;jdk/internal/reflect/DirectMethodHandleAccessor.invoke;jdk/internal/reflect/DirectMethodHandleAccessor.invokeImpl;java/lang/invoke/LambdaForm$MH.0x0000000061061400.invokeExact_MT;java/lang/invoke/LambdaForm$MH.0x0000000061061000.invoke;java/lang/invoke/DirectMethodHandle$Holder.invokeSpecial;org/weakref/nitro/clickbench/jmh_generated/BenchmarkQueries_query06_jmhTest.query06_AverageTime;org/weakref/nitro/clickbench/jmh_generated/BenchmarkQueries_query06_jmhTest.query06_avgt_jmhStub;org/weakref/nitro/clickbench/BenchmarkQueries.query06;org/weakref/nitro/clickbench/BenchmarkQueries.consume;org/weakref/nitro/operator/Output.borrow;org/weakref/nitro/operator/AggregationOperator$$Lambda.0x00000000610be3b8.apply;org/weakref/nitro/operator/AggregationOperator.lambda$resultOutput$0;org/weakref/nitro/operator/AggregationOperator.doAggregationIfNeeded;org/weakref/nitro/operator/MarkDistinctOperator.next;org/weakref/nitro/operator/MarkDistinctOperator.computeDistinctMask;org/weakref/nitro/operator/Output.borrow;org/weakref/nitro/operator/NitroParquetScanOperator$ScanOutputResolver$$Lambda.0x00000000610aab88.apply;org/weakref/nitro/operator/NitroParquetScanOperator$ScanOutputResolver.resolve;org/weakref/nitro/operator/NitroParquetScanOperator.resolveLazyColumn;org/weakref/nitro/operator/NitroParquetScanOperator.decodeFullColumn;org/weakref/nitro/parquet/ColumnReader.readBinary;org/weakref/nitro/parquet/ColumnReader.readBinaryDirect;org/weakref/nitro/parquet/ColumnReader.decodeNextDataPage;org/weakref/nitro/parquet/ColumnReader.decodeDataPageV1;org/weakref/nitro/parquet/ColumnReader.decodePlainBinary;org/weakref/nitro/parquet/ColumnReader.decodePlainBinaryPresized;jbyte_disjoint_arraycopy_stub 2
java/lang/Thread.run;java/lang/Thread.runWith;java/util/concurrent/ThreadPoolExecutor$Worker.run;java/util/concurrent/ThreadPoolExecutor.runWorker;java/util/concurrent/FutureTask.run;java/util/concurrent/Executors$RunnableAdapter.call;java/util/concurrent/FutureTask.run;org/openjdk/jmh/runner/BenchmarkHandler$BenchmarkTask.call;org/openjdk/jmh/runner/BenchmarkHandler$BenchmarkTask.call;java/lang/reflect/Method.invoke;jdk/internal/reflect/DirectMethodHandleAccessor.invoke;jdk/internal/reflect/DirectMethodHandleAccessor.invokeImpl;java/lang/invoke/LambdaForm$MH.0x0000000061061400.invokeExact_MT;java/lang/invoke/LambdaForm$MH.0x0000000061061000.invoke;java/lang/invoke/DirectMethodHandle$Holder.invokeSpecial;org/weakref/nitro/clickbench/jmh_generated/BenchmarkQueries_query06_jmhTest.query06_AverageTime;org/weakref/nitro/clickbench/jmh_generated/BenchmarkQueries_query06_jmhTest.query06_avgt_jmhStub;org/weakref/nitro/clickbench/BenchmarkQueries.query06;org/weakref/nitro/clickbench/BenchmarkQueries.consume;org/weakref/nitro/operator/Output.borrow;org/weakref/nitro/operator/AggregationOperator$$Lambda.0x00000000610be3b8.apply;org/weakref/nitro/operator/AggregationOperator.lambda$resultOutput$0;org/weakref/nitro/operator/AggregationOperator.doAggregationIfNeeded;org/weakref/nitro/operator/MarkDistinctOperator.next;org/weakref/nitro/operator/MarkDistinctOperator.computeDistinctMask;org/weakref/nitro/operator/Output.borrow;org/weakref/nitro/operator/NitroParquetScanOperator$ScanOutputResolver$$Lambda.0x00000000610aab88.apply;org/weakref/nitro/operator/NitroParquetScanOperator$ScanOutputResolver.resolve;org/weakref/nitro/operator/NitroParquetScanOperator.resolveLazyColumn;org/weakref/nitro/operator/NitroParquetScanOperator.decodeFullColumn;org/weakref/nitro/parquet/ColumnReader.readBinary;org/weakref/nitro/parquet/ColumnReader.readBinaryDirect;org/weakref/nitro/parquet/ColumnReader.decodeNextDataPage;org/weakref/nitro/parquet/ColumnReader.decodeDataPageV1;org/weakref/nitro/parquet/ColumnReader.decodePlainBinary;org/weakref/nitro/parquet/ColumnReader.decodePlainBinaryPresized;jbyte_disjoint_arraycopy_stub 5
java/lang/Thread.run;java/lang/Thread.runWith;java/util/concurrent/ThreadPoolExecutor$Worker.run;java/util/concurrent/ThreadPoolExecutor.runWorker;java/util/concurrent/FutureTask.run;java/util/concurrent/Executors$RunnableAdapter.call;java/util/concurrent/FutureTask.run;org/openjdk/jmh/runner/BenchmarkHandler$BenchmarkTask.call;org/openjdk/jmh/runner/BenchmarkHandler$BenchmarkTask.call;java/lang/reflect/Method.invoke;jdk/internal/reflect/DirectMethodHandleAccessor.invoke;jdk/internal/reflect/DirectMethodHandleAccessor.invokeImpl;java/lang/invoke/LambdaForm$MH.0x0000000061061400.invokeExact_MT;java/lang/invoke/LambdaForm$MH.0x0000000061061000.invoke;java/lang/invoke/DirectMethodHandle$Holder.invokeSpecial;org/weakref/nitro/clickbench/jmh_generated/BenchmarkQueries_query06_jmhTest.query06_AverageTime;org/weakref/nitro/clickbench/jmh_generated/BenchmarkQueries_query06_jmhTest.query06_avgt_jmhStub;org/weakref/nitro/clickbench/BenchmarkQueries.query06;org/weakref/nitro/clickbench/BenchmarkQueries.consume;org/weakref/nitro/operator/Output.borrow;org/weakref/nitro/operator/AggregationOperator$$Lambda.0x00000000610be3b8.apply;org/weakref/nitro/operator/AggregationOperator.lambda$resultOutput$0;org/weakref/nitro/operator/AggregationOperator.doAggregationIfNeeded;org/weakref/nitro/operator/MarkDistinctOperator.next;org/weakref/nitro/operator/MarkDistinctOperator.computeDistinctMask;org/weakref/nitro/operator/DistinctKeySet.addBatch;org/weakref/nitro/operator/DistinctKeySet$FlatDistinctIndex.addBatch;org/weakref/nitro/operator/DistinctKeySet$FlatDistinctIndex.addFlatBinaryBatch;org/weakref/nitro/operator/FlatGroupingTable.assignGroup;org/weakref/nitro/operator/FlatGroupingTable.assignGroupHashed;org/weakref/nitro/operator/FlatGroupingTable.assignGroupHashedInternal;org/weakref/nitro/operator/FlatGroupingTable.getIndex;java/lang/invoke/VarHandleGuards.guard_LI_J;java/lang/invoke/VarHandleByteArrayAsLongs$ArrayHandle.get;jdk/internal/misc/Unsafe.getLongUnaligned 5
java/lang/Thread.run;java/lang/Thread.runWith;java/util/concurrent/ThreadPoolExecutor$Worker.run;java/util/concurrent/ThreadPoolExecutor.runWorker;java/util/concurrent/FutureTask.run;java/util/concurrent/Executors$RunnableAdapter.call;java/util/concurrent/FutureTask.run;org/openjdk/jmh/runner/BenchmarkHandler$BenchmarkTask.call;org/openjdk/jmh/runner/BenchmarkHandler$BenchmarkTask.call;java/lang/reflect/Method.invoke;jdk/internal/reflect/DirectMethodHandleAccessor.invoke;jdk/internal/reflect/DirectMethodHandleAccessor.invokeImpl;java/lang/invoke/LambdaForm$MH.0x0000000061061400.invokeExact_MT;java/lang/invoke/LambdaForm$MH.0x0000000061061000.invoke;java/lang/invoke/DirectMethodHandle$Holder.invokeSpecial;org/weakref/nitro/clickbench/jmh_generated/BenchmarkQueries_query06_jmhTest.query06_AverageTime;org/weakref/nitro/clickbench/jmh_generated/BenchmarkQueries_query06_jmhTest.query06_avgt_jmhStub;org/weakref/nitro/clickbench/BenchmarkQueries.query06;org/weakref/nitro/clickbench/BenchmarkQueries.consume;org/weakref/nitro/operator/Output.borrow;org/weakref/nitro/operator/AggregationOperator$$Lambda.0x00000000610be3b8.apply;org/weakref/nitro/operator/AggregationOperator.lambda$resultOutput$0;org/weakref/nitro/operator/AggregationOperator.doAggregationIfNeeded;org/weakref/nitro/operator/MarkDistinctOperator.next;org/weakref/nitro/operator/MarkDistinctOperator.computeDistinctMask;org/weakref/nitro/operator/DistinctKeySet.addBatch;org/weakref/nitro/operator/DistinctKeySet$FlatDistinctIndex.addBatch;org/weakref/nitro/operator/FlatGroupingTable.beginBatch;org/weakref/nitro/operator/FlatKeyLayout.beginBatch;org/weakref/nitro/operator/FlatKeyLayout.hashByKind;org/weakref/nitro/operator/FlatTypeHandlers$4.hashInput;org/weakref/nitro/operator/OperatorVectorSupport.binaryHash;org/weakref/nitro/operator/OperatorVectorSupport.mix64 2
java/lang/Thread.run;java/lang/Thread.runWith;java/util/concurrent/ThreadPoolExecutor$Worker.run;java/util/concurrent/ThreadPoolExecutor.runWorker;java/util/concurrent/FutureTask.run;java/util/concurrent/Executors$RunnableAdapter.call;java/util/concurrent/FutureTask.run;org/openjdk/jmh/runner/BenchmarkHandler$BenchmarkTask.call;org/openjdk/jmh/runner/BenchmarkHandler$BenchmarkTask.call;java/lang/reflect/Method.invoke;jdk/internal/reflect/DirectMethodHandleAccessor.invoke;jdk/internal/reflect/DirectMethodHandleAccessor.invokeImpl;java/lang/invoke/LambdaForm$MH.0x0000000061061400.invokeExact_MT;java/lang/invoke/LambdaForm$MH.0x0000000061061000.invoke;java/lang/invoke/DirectMethodHandle$Holder.invokeSpecial;org/weakref/nitro/clickbench/jmh_generated/BenchmarkQueries_query06_jmhTest.query06_AverageTime;org/weakref/nitro/clickbench/jmh_generated/BenchmarkQueries_query06_jmhTest.query06_avgt_jmhStub;org/weakref/nitro/clickbench/BenchmarkQueries.query06;org/weakref/nitro/clickbench/BenchmarkQueries.consume;org/weakref/nitro/operator/Output.borrow;org/weakref/nitro/operator/AggregationOperator$$Lambda.0x00000000610be3b8.apply;org/weakref/nitro/operator/AggregationOperator.lambda$resultOutput$0;org/weakref/nitro/operator/AggregationOperator.doAggregationIfNeeded;org/weakref/nitro/operator/MarkDistinctOperator.next;org/weakref/nitro/operator/MarkDistinctOperator.computeDistinctMask;org/weakref/nitro/operator/DistinctKeySet.addBatch;org/weakref/nitro/operator/DistinctKeySet$FlatDistinctIndex.addBatch;org/weakref/nitro/operator/FlatGroupingTable.prepareBatchHashes;org/weakref/nitro/operator/FlatGroupingTable.prepareBatchHash;org/weakref/nitro/operator/FlatKeyLayout.hash;org/weakref/nitro/operator/FlatKeyLayout.fieldHash 1
java/lang/Thread.run;java/lang/Thread.runWith;java/util/concurrent/ThreadPoolExecutor$Worker.run;java/util/concurrent/ThreadPoolExecutor.runWorker;java/util/concurrent/FutureTask.run;java/util/concurrent/Executors$RunnableAdapter.call;java/util/concurrent/FutureTask.run;org/openjdk/jmh/runner/BenchmarkHandler$BenchmarkTask.call;org/openjdk/jmh/runner/BenchmarkHandler$BenchmarkTask.call;java/lang/reflect/Method.invoke;jdk/internal/reflect/DirectMethodHandleAccessor.invoke;jdk/internal/reflect/DirectMethodHandleAccessor.invokeImpl;java/lang/invoke/LambdaForm$MH.0x0000000061061400.invokeExact_MT;java/lang/invoke/LambdaForm$MH.0x0000000061061000.invoke;java/lang/invoke/DirectMethodHandle$Holder.invokeSpecial;org/weakref/nitro/clickbench/jmh_generated/BenchmarkQueries_query06_jmhTest.query06_AverageTime;org/weakref/nitro/clickbench/jmh_generated/BenchmarkQueries_query06_jmhTest.query06_avgt_jmhStub;org/weakref/nitro/clickbench/BenchmarkQueries.query06;org/weakref/nitro/clickbench/BenchmarkQueries.consume;org/weakref/nitro/operator/Output.borrow;org/weakref/nitro/operator/AggregationOperator$$Lambda.0x00000000610be3b8.apply;org/weakref/nitro/operator/AggregationOperator.lambda$resultOutput$0;org/weakref/nitro/operator/AggregationOperator.doAggregationIfNeeded;org/weakref/nitro/operator/MarkDistinctOperator.next;org/weakref/nitro/operator/MarkDistinctOperator.computeDistinctMask;org/weakref/nitro/operator/DistinctKeySet.addBatch;org/weakref/nitro/operator/DistinctKeySet$FlatDistinctIndex.addBatch;org/weakref/nitro/operator/FlatGroupingTable.prepareBatchHashes 2
java/lang/Thread.run;java/lang/Thread.runWith;java/util/concurrent/ThreadPoolExecutor$Worker.run;java/util/concurrent/ThreadPoolExecutor.runWorker;java/util/concurrent/FutureTask.run;java/util/concurrent/Executors$RunnableAdapter.call;java/util/concurrent/FutureTask.run;org/openjdk/jmh/runner/BenchmarkHandler$BenchmarkTask.call;org/openjdk/jmh/runner/BenchmarkHandler$BenchmarkTask.call;java/lang/reflect/Method.invoke;jdk/internal/reflect/DirectMethodHandleAccessor.invoke;jdk/internal/reflect/DirectMethodHandleAccessor.invokeImpl;java/lang/invoke/LambdaForm$MH.0x0000000061061400.invokeExact_MT;java/lang/invoke/LambdaForm$MH.0x0000000061061000.invoke;java/lang/invoke/DirectMethodHandle$Holder.invokeSpecial;org/weakref/nitro/clickbench/jmh_generated/BenchmarkQueries_query06_jmhTest.query06_AverageTime;org/weakref/nitro/clickbench/jmh_generated/BenchmarkQueries_query06_jmhTest.query06_avgt_jmhStub;org/weakref/nitro/clickbench/BenchmarkQueries.query06;org/weakref/nitro/clickbench/BenchmarkQueries.consume;org/weakref/nitro/operator/Output.borrow;org/weakref/nitro/operator/AggregationOperator$$Lambda.0x00000000610be3b8.apply;org/weakref/nitro/operator/AggregationOperator.lambda$resultOutput$0;org/weakref/nitro/operator/AggregationOperator.doAggregationIfNeeded;org/weakref/nitro/operator/MarkDistinctOperator.next;org/weakref/nitro/operator/MarkDistinctOperator.computeDistinctMask;org/weakref/nitro/operator/DistinctKeySet.addBatch;org/weakref/nitro/operator/DistinctKeySet$FlatDistinctIndex.addBatch;org/weakref/nitro/operator/DistinctKeySet$FlatDistinctIndex.addFlatBinaryBatch;org/weakref/nitro/operator/FlatGroupingTable.assignGroup;org/weakref/nitro/operator/FlatGroupingTable.assignGroupHashed;org/weakref/nitro/operator/FlatGroupingTable.assignGroupHashedInternal;org/weakref/nitro/operator/FlatGroupingTable.getIndex;org/weakref/nitro/operator/FlatGroupingTable.identical;org/weakref/nitro/operator/FlatKeyLayout.identicalRecordToInput;org/weakref/nitro/operator/FlatKeyLayout.identicalBinaryField;org/weakref/nitro/operator/OperatorVectorSupport.binaryEquals;java/util/Arrays.mismatch;jdk/internal/util/ArraysSupport.mismatch;vectorizedMismatch_stub 5
java/lang/Thread.run;java/lang/Thread.runWith;java/util/concurrent/ThreadPoolExecutor$Worker.run;java/util/concurrent/ThreadPoolExecutor.runWorker;java/util/concurrent/FutureTask.run;java/util/concurrent/Executors$RunnableAdapter.call;java/util/concurrent/FutureTask.run;org/openjdk/jmh/runner/BenchmarkHandler$BenchmarkTask.call;org/openjdk/jmh/runner/BenchmarkHandler$BenchmarkTask.call;java/lang/reflect/Method.invoke;jdk/internal/reflect/DirectMethodHandleAccessor.invoke;jdk/internal/reflect/DirectMethodHandleAccessor.invokeImpl;java/lang/invoke/LambdaForm$MH.0x0000000061061400.invokeExact_MT;java/lang/invoke/LambdaForm$MH.0x0000000061061000.invoke;java/lang/invoke/DirectMethodHandle$Holder.invokeSpecial;org/weakref/nitro/clickbench/jmh_generated/BenchmarkQueries_query06_jmhTest.query06_AverageTime;org/weakref/nitro/clickbench/jmh_generated/BenchmarkQueries_query06_jmhTest.query06_avgt_jmhStub;org/weakref/nitro/clickbench/BenchmarkQueries.query06;org/weakref/nitro/clickbench/BenchmarkQueries.consume;org/weakref/nitro/operator/Output.borrow;org/weakref/nitro/operator/AggregationOperator$$Lambda.0x00000000610be3b8.apply;org/weakref/nitro/operator/AggregationOperator.lambda$resultOutput$0;org/weakref/nitro/operator/AggregationOperator.doAggregationIfNeeded;org/weakref/nitro/operator/MarkDistinctOperator.next;org/weakref/nitro/operator/MarkDistinctOperator.computeDistinctMask;org/weakref/nitro/operator/DistinctKeySet.addBatch;org/weakref/nitro/operator/DistinctKeySet$FlatDistinctIndex.addBatch 2
java/lang/Thread.run;java/lang/Thread.runWith;java/util/concurrent/ThreadPoolExecutor$Worker.run;java/util/concurrent/ThreadPoolExecutor.runWorker;java/util/concurrent/FutureTask.run;java/util/concurrent/Executors$RunnableAdapter.call;java/util/concurrent/FutureTask.run;org/openjdk/jmh/runner/BenchmarkHandler$BenchmarkTask.call;org/openjdk/jmh/runner/BenchmarkHandler$BenchmarkTask.call;java/lang/reflect/Method.invoke;jdk/internal/reflect/DirectMethodHandleAccessor.invoke;jdk/internal/reflect/DirectMethodHandleAccessor.invokeImpl;java/lang/invoke/LambdaForm$MH.0x0000000061061400.invokeExact_MT;java/lang/invoke/LambdaForm$MH.0x0000000061061000.invoke;java/lang/invoke/DirectMethodHandle$Holder.invokeSpecial;org/weakref/nitro/clickbench/jmh_generated/BenchmarkQueries_query06_jmhTest.query06_AverageTime;org/weakref/nitro/clickbench/jmh_generated/BenchmarkQueries_query06_jmhTest.query06_avgt_jmhStub;org/weakref/nitro/clickbench/BenchmarkQueries.query06;org/weakref/nitro/clickbench/BenchmarkQueries.consume;org/weakref/nitro/operator/Output.borrow;org/weakref/nitro/operator/AggregationOperator$$Lambda.0x00000000610be3b8.apply;org/weakref/nitro/operator/AggregationOperator.lambda$resultOutput$0;org/weakref/nitro/operator/AggregationOperator.doAggregationIfNeeded;org/weakref/nitro/operator/MarkDistinctOperator.next;org/weakref/nitro/operator/MarkDistinctOperator.computeDistinctMask;org/weakref/nitro/operator/DistinctKeySet.addBatch;org/weakref/nitro/operator/DistinctKeySet$FlatDistinctIndex.addBatch;org/weakref/nitro/operator/FlatGroupingTable.assignGroup;org/weakref/nitro/operator/FlatGroupingTable.assignGroupHashed;org/weakref/nitro/operator/FlatGroupingTable.assignGroupHashedInternal;org/weakref/nitro/operator/FlatGroupingTable.addNewGroup;java/lang/invoke/VarHandleGuards.guard_LIJ_V;java/lang/invoke/VarHandleByteArrayAsLongs$ArrayHandle.set;java/lang/invoke/VarHandleByteArrayAsLongs$ArrayHandle.index 1
java/lang/Thread.run;java/lang/Thread.runWith;java/util/concurrent/ThreadPoolExecutor$Worker.run;java/util/concurrent/ThreadPoolExecutor.runWorker;java/util/concurrent/FutureTask.run;java/util/concurrent/Executors$RunnableAdapter.call;java/util/concurrent/FutureTask.run;org/openjdk/jmh/runner/BenchmarkHandler$BenchmarkTask.call;org/openjdk/jmh/runner/BenchmarkHandler$BenchmarkTask.call;java/lang/reflect/Method.invoke;jdk/internal/reflect/DirectMethodHandleAccessor.invoke;jdk/internal/reflect/DirectMethodHandleAccessor.invokeImpl;java/lang/invoke/LambdaForm$MH.0x0000000061061400.invokeExact_MT;java/lang/invoke/LambdaForm$MH.0x0000000061061000.invoke;java/lang/invoke/DirectMethodHandle$Holder.invokeSpecial;org/weakref/nitro/clickbench/jmh_generated/BenchmarkQueries_query06_jmhTest.query06_AverageTime;org/weakref/nitro/clickbench/jmh_generated/BenchmarkQueries_query06_jmhTest.query06_avgt_jmhStub;org/weakref/nitro/clickbench/BenchmarkQueries.query06;org/weakref/nitro/clickbench/BenchmarkQueries.consume;org/weakref/nitro/operator/Output.borrow;org/weakref/nitro/operator/AggregationOperator$$Lambda.0x00000000610be3b8.apply;org/weakref/nitro/operator/AggregationOperator.lambda$resultOutput$0;org/weakref/nitro/operator/AggregationOperator.doAggregationIfNeeded;org/weakref/nitro/operator/MarkDistinctOperator.next;org/weakref/nitro/operator/MarkDistinctOperator.computeDistinctMask;org/weakref/nitro/operator/DistinctKeySet.addBatch;org/weakref/nitro/operator/DistinctKeySet$FlatDistinctIndex.addBatch;org/weakref/nitro/operator/FlatGroupingTable.assignGroup;org/weakref/nitro/operator/FlatGroupingTable.assignGroupHashed;org/weakref/nitro/operator/FlatGroupingTable.assignGroupHashedInternal;org/weakref/nitro/operator/FlatGroupingTable.getIndex;org/weakref/nitro/operator/FlatGroupingTable.identical;org/weakref/nitro/operator/FlatKeyLayout.identicalRecordToInput;org/weakref/nitro/operator/FlatKeyLayout.idComparable 1
java/lang/Thread.run;java/lang/Thread.runWith;java/util/concurrent/ThreadPoolExecutor$Worker.run;java/util/concurrent/ThreadPoolExecutor.runWorker;java/util/concurrent/FutureTask.run;java/util/concurrent/Executors$RunnableAdapter.call;java/util/concurrent/FutureTask.run;org/openjdk/jmh/runner/BenchmarkHandler$BenchmarkTask.call;org/openjdk/jmh/runner/BenchmarkHandler$BenchmarkTask.call;java/lang/reflect/Method.invoke;jdk/internal/reflect/DirectMethodHandleAccessor.invoke;jdk/internal/reflect/DirectMethodHandleAccessor.invokeImpl;java/lang/invoke/LambdaForm$MH.0x0000000061061400.invokeExact_MT;java/lang/invoke/LambdaForm$MH.0x0000000061061000.invoke;java/lang/invoke/DirectMethodHandle$Holder.invokeSpecial;org/weakref/nitro/clickbench/jmh_generated/BenchmarkQueries_query06_jmhTest.query06_AverageTime;org/weakref/nitro/clickbench/jmh_generated/BenchmarkQueries_query06_jmhTest.query06_avgt_jmhStub;org/weakref/nitro/clickbench/BenchmarkQueries.query06;org/weakref/nitro/clickbench/BenchmarkQueries.consume;org/weakref/nitro/operator/Output.borrow;org/weakref/nitro/operator/AggregationOperator$$Lambda.0x00000000610be3b8.apply;org/weakref/nitro/operator/AggregationOperator.lambda$resultOutput$0;org/weakref/nitro/operator/AggregationOperator.doAggregationIfNeeded;org/weakref/nitro/operator/MarkDistinctOperator.next;org/weakref/nitro/operator/MarkDistinctOperator.computeDistinctMask;org/weakref/nitro/operator/Output.borrow;org/weakref/nitro/operator/NitroParquetScanOperator$ScanOutputResolver$$Lambda.0x00000000610aab88.apply;org/weakref/nitro/operator/NitroParquetScanOperator$ScanOutputResolver.resolve;org/weakref/nitro/operator/NitroParquetScanOperator.resolveLazyColumn;org/weakref/nitro/operator/NitroParquetScanOperator.decodeFullColumn;org/weakref/nitro/parquet/ColumnReader.readBinary;org/weakref/nitro/parquet/ColumnReader.readBinaryDirect;org/weakref/nitro/parquet/ColumnReader.decodeNextDataPage;org/weakref/nitro/parquet/ColumnReader.decodeDataPageV1;org/weakref/nitro/parquet/ColumnReader.decodePlainBinary;org/weakref/nitro/parquet/ColumnReader.decodePlainBinaryPresized;org/weakref/nitro/parquet/ColumnReader.appendPlainEntryPresized;jdk/internal/foreign/AbstractMemorySegmentImpl.get;java/lang/invoke/VarHandleGuards.guard_LJ_I;java/lang/invoke/VarHandleSegmentAsInts.get;java/lang/invoke/VarHandleSegmentAsInts.get;jdk/internal/misc/ScopedMemoryAccess.getIntUnaligned;jdk/internal/misc/ScopedMemoryAccess.getIntUnalignedInternal;jdk/internal/misc/Unsafe.getIntUnaligned 2
/usr/lib/x86_64-linux-gnu/libc.so.6;/usr/lib/x86_64-linux-gnu/libc.so.6;thread_native_entry;Thread::call_run;WorkerThread::run;G1EvacuateRegionsBaseTask::work;G1EvacuateRegionsTask::evacuate_live_objects;G1ParEvacuateFollowersClosure::do_void;G1ParScanThreadState::trim_queue_to_threshold 1
java/lang/Thread.run;java/lang/Thread.runWith;java/util/concurrent/ThreadPoolExecutor$Worker.run;java/util/concurrent/ThreadPoolExecutor.runWorker;java/util/concurrent/FutureTask.run;java/util/concurrent/Executors$RunnableAdapter.call;java/util/concurrent/FutureTask.run;org/openjdk/jmh/runner/BenchmarkHandler$BenchmarkTask.call;org/openjdk/jmh/runner/BenchmarkHandler$BenchmarkTask.call;java/lang/reflect/Method.invoke;jdk/internal/reflect/DirectMethodHandleAccessor.invoke;jdk/internal/reflect/DirectMethodHandleAccessor.invokeImpl;java/lang/invoke/LambdaForm$MH.0x0000000061061400.invokeExact_MT;java/lang/invoke/LambdaForm$MH.0x0000000061061000.invoke;java/lang/invoke/DirectMethodHandle$Holder.invokeSpecial;org/weakref/nitro/clickbench/jmh_generated/BenchmarkQueries_query06_jmhTest.query06_AverageTime;org/weakref/nitro/clickbench/jmh_generated/BenchmarkQueries_query06_jmhTest.query06_avgt_jmhStub;org/weakref/nitro/clickbench/BenchmarkQueries.query06;org/weakref/nitro/clickbench/BenchmarkQueries.consume;org/weakref/nitro/operator/Output.borrow;org/weakref/nitro/operator/AggregationOperator$$Lambda.0x00000000610be3b8.apply;org/weakref/nitro/operator/AggregationOperator.lambda$resultOutput$0;org/weakref/nitro/operator/AggregationOperator.doAggregationIfNeeded;org/weakref/nitro/operator/MarkDistinctOperator.next;org/weakref/nitro/operator/MarkDistinctOperator.computeDistinctMask;org/weakref/nitro/operator/DistinctKeySet.addBatch;org/weakref/nitro/operator/DistinctKeySet$FlatDistinctIndex.addBatch;org/weakref/nitro/operator/FlatGroupingTable.assignGroup;org/weakref/nitro/operator/FlatGroupingTable.assignGroupHashed;org/weakref/nitro/operator/FlatGroupingTable.assignGroupHashedInternal;org/weakref/nitro/operator/FlatGroupingTable.getIndex 6
java/lang/Thread.run;java/lang/Thread.runWith;java/util/concurrent/ThreadPoolExecutor$Worker.run;java/util/concurrent/ThreadPoolExecutor.runWorker;java/util/concurrent/FutureTask.run;java/util/concurrent/Executors$RunnableAdapter.call;java/util/concurrent/FutureTask.run;org/openjdk/jmh/runner/BenchmarkHandler$BenchmarkTask.call;org/openjdk/jmh/runner/BenchmarkHandler$BenchmarkTask.call;java/lang/reflect/Method.invoke;jdk/internal/reflect/DirectMethodHandleAccessor.invoke;jdk/internal/reflect/DirectMethodHandleAccessor.invokeImpl;java/lang/invoke/LambdaForm$MH.0x0000000061061400.invokeExact_MT;java/lang/invoke/LambdaForm$MH.0x0000000061061000.invoke;java/lang/invoke/DirectMethodHandle$Holder.invokeSpecial;org/weakref/nitro/clickbench/jmh_generated/BenchmarkQueries_query06_jmhTest.query06_AverageTime;org/weakref/nitro/clickbench/jmh_generated/BenchmarkQueries_query06_jmhTest.query06_avgt_jmhStub;org/weakref/nitro/clickbench/BenchmarkQueries.query06;org/weakref/nitro/clickbench/BenchmarkQueries.consume;org/weakref/nitro/operator/Output.borrow;org/weakref/nitro/operator/AggregationOperator$$Lambda.0x00000000610be3b8.apply;org/weakref/nitro/operator/AggregationOperator.lambda$resultOutput$0;org/weakref/nitro/operator/AggregationOperator.doAggregationIfNeeded;org/weakref/nitro/operator/MarkDistinctOperator.next;org/weakref/nitro/operator/MarkDistinctOperator.computeDistinctMask;org/weakref/nitro/operator/DistinctKeySet.addBatch;org/weakref/nitro/operator/DistinctKeySet$FlatDistinctIndex.addBatch;org/weakref/nitro/operator/FlatGroupingTable.assignGroup;org/weakref/nitro/operator/FlatGroupingTable.assignGroupHashed;org/weakref/nitro/operator/FlatGroupingTable.assignGroupHashedInternal;org/weakref/nitro/operator/FlatGroupingTable.getIndex;java/lang/invoke/VarHandleGuards.guard_LI_J;java/lang/invoke/VarHandleByteArrayAsLongs$ArrayHandle.get;jdk/internal/misc/Unsafe.getLongUnaligned 1
java/lang/Thread.run;java/lang/Thread.runWith;java/util/concurrent/ThreadPoolExecutor$Worker.run;java/util/concurrent/ThreadPoolExecutor.runWorker;java/util/concurrent/FutureTask.run;java/util/concurrent/Executors$RunnableAdapter.call;java/util/concurrent/FutureTask.run;org/openjdk/jmh/runner/BenchmarkHandler$BenchmarkTask.call;org/openjdk/jmh/runner/BenchmarkHandler$BenchmarkTask.call;java/lang/reflect/Method.invoke;jdk/internal/reflect/DirectMethodHandleAccessor.invoke;jdk/internal/reflect/DirectMethodHandleAccessor.invokeImpl;java/lang/invoke/LambdaForm$MH.0x0000000061061400.invokeExact_MT;java/lang/invoke/LambdaForm$MH.0x0000000061061000.invoke;java/lang/invoke/DirectMethodHandle$Holder.invokeSpecial;org/weakref/nitro/clickbench/jmh_generated/BenchmarkQueries_query06_jmhTest.query06_AverageTime;org/weakref/nitro/clickbench/jmh_generated/BenchmarkQueries_query06_jmhTest.query06_avgt_jmhStub;org/weakref/nitro/clickbench/BenchmarkQueries.query06;org/weakref/nitro/clickbench/BenchmarkQueries.consume;org/weakref/nitro/operator/Output.borrow;org/weakref/nitro/operator/AggregationOperator$$Lambda.0x00000000610be3b8.apply;org/weakref/nitro/operator/AggregationOperator.lambda$resultOutput$0;org/weakref/nitro/operator/AggregationOperator.doAggregationIfNeeded;org/weakref/nitro/operator/MarkDistinctOperator.next;org/weakref/nitro/operator/MarkDistinctOperator.computeDistinctMask;org/weakref/nitro/operator/Output.borrow;org/weakref/nitro/operator/NitroParquetScanOperator$ScanOutputResolver$$Lambda.0x00000000610aab88.apply;org/weakref/nitro/operator/NitroParquetScanOperator$ScanOutputResolver.resolve;org/weakref/nitro/operator/NitroParquetScanOperator.resolveLazyColumn;org/weakref/nitro/operator/NitroParquetScanOperator.decodeFullColumn;org/weakref/nitro/parquet/ColumnReader.readBinary;org/weakref/nitro/parquet/ColumnReader.readBinaryDirect;org/weakref/nitro/parquet/ColumnReader.decodeNextDataPage;org/weakref/nitro/parquet/ColumnReader.decodeDataPageV1;org/weakref/nitro/parquet/RleReader.read;org/weakref/nitro/parquet/RleReader.readBitPacked;org/weakref/nitro/parquet/VectorBitUnpacker.unpack8;org/weakref/nitro/parquet/VectorBitUnpacker$Tables.shiftRight 1
java/lang/Thread.run;java/lang/Thread.runWith;java/util/concurrent/ThreadPoolExecutor$Worker.run;java/util/concurrent/ThreadPoolExecutor.runWorker;java/util/concurrent/FutureTask.run;java/util/concurrent/Executors$RunnableAdapter.call;java/util/concurrent/FutureTask.run;org/openjdk/jmh/runner/BenchmarkHandler$BenchmarkTask.call;org/openjdk/jmh/runner/BenchmarkHandler$BenchmarkTask.call;java/lang/reflect/Method.invoke;jdk/internal/reflect/DirectMethodHandleAccessor.invoke;jdk/internal/reflect/DirectMethodHandleAccessor.invokeImpl;java/lang/invoke/LambdaForm$MH.0x0000000061061400.invokeExact_MT;java/lang/invoke/LambdaForm$MH.0x0000000061061000.invoke;java/lang/invoke/DirectMethodHandle$Holder.invokeSpecial;org/weakref/nitro/clickbench/jmh_generated/BenchmarkQueries_query06_jmhTest.query06_AverageTime;org/weakref/nitro/clickbench/jmh_generated/BenchmarkQueries_query06_jmhTest.query06_avgt_jmhStub;org/weakref/nitro/clickbench/BenchmarkQueries.query06;org/weakref/nitro/clickbench/BenchmarkQueries.consume;org/weakref/nitro/operator/Output.borrow;org/weakref/nitro/operator/AggregationOperator$$Lambda.0x00000000610be3b8.apply;org/weakref/nitro/operator/AggregationOperator.lambda$resultOutput$0;org/weakref/nitro/operator/AggregationOperator.doAggregationIfNeeded;org/weakref/nitro/operator/MarkDistinctOperator.next;org/weakref/nitro/operator/MarkDistinctOperator.computeDistinctMask;org/weakref/nitro/operator/DistinctKeySet.addBatch;org/weakref/nitro/operator/DistinctKeySet$FlatDistinctIndex.addBatch;org/weakref/nitro/operator/DistinctKeySet$FlatDistinctIndex.addFlatBinaryBatch;org/weakref/nitro/operator/FlatGroupingTable.prepareBatchHashes;org/weakref/nitro/operator/FlatGroupingTable.prepareBatchHash;org/weakref/nitro/operator/FlatKeyLayout.hash;org/weakref/nitro/operator/OperatorVectorSupport.binaryHash;org/weakref/nitro/operator/OperatorVectorSupport.mix64 1
java/lang/Thread.run;java/lang/Thread.runWith;java/util/concurrent/ThreadPoolExecutor$Worker.run;java/util/concurrent/ThreadPoolExecutor.runWorker;java/util/concurrent/FutureTask.run;java/util/concurrent/Executors$RunnableAdapter.call;java/util/concurrent/FutureTask.run;org/openjdk/jmh/runner/BenchmarkHandler$BenchmarkTask.call;org/openjdk/jmh/runner/BenchmarkHandler$BenchmarkTask.call;java/lang/reflect/Method.invoke;jdk/internal/reflect/DirectMethodHandleAccessor.invoke;jdk/internal/reflect/DirectMethodHandleAccessor.invokeImpl;java/lang/invoke/LambdaForm$MH.0x0000000061061400.invokeExact_MT;java/lang/invoke/LambdaForm$MH.0x0000000061061000.invoke;java/lang/invoke/DirectMethodHandle$Holder.invokeSpecial;org/weakref/nitro/clickbench/jmh_generated/BenchmarkQueries_query06_jmhTest.query06_AverageTime;org/weakref/nitro/clickbench/jmh_generated/BenchmarkQueries_query06_jmhTest.query06_avgt_jmhStub;org/weakref/nitro/clickbench/BenchmarkQueries.query06;org/weakref/nitro/clickbench/BenchmarkQueries.consume;org/weakref/nitro/operator/Output.borrow;org/weakref/nitro/operator/AggregationOperator$$Lambda.0x00000000610be3b8.apply;org/weakref/nitro/operator/AggregationOperator.lambda$resultOutput$0;org/weakref/nitro/operator/AggregationOperator.doAggregationIfNeeded;org/weakref/nitro/operator/MarkDistinctOperator.next;org/weakref/nitro/operator/MarkDistinctOperator.computeDistinctMask;org/weakref/nitro/operator/DistinctKeySet.addBatch;org/weakref/nitro/operator/DistinctKeySet$FlatDistinctIndex.addBatch;org/weakref/nitro/operator/DistinctKeySet$FlatDistinctIndex.addFlatBinaryBatch;org/weakref/nitro/operator/FlatGroupingTable.assignGroup;org/weakref/nitro/operator/FlatGroupingTable.assignGroupHashed;org/weakref/nitro/operator/FlatGroupingTable.assignGroupHashedInternal;org/weakref/nitro/operator/FlatGroupingTable.getIndex;org/weakref/nitro/operator/FlatGroupingTable.match 2
java/lang/Thread.run;java/lang/Thread.runWith;java/util/concurrent/ThreadPoolExecutor$Worker.run;java/util/concurrent/ThreadPoolExecutor.runWorker;java/util/concurrent/FutureTask.run;java/util/concurrent/Executors$RunnableAdapter.call;java/util/concurrent/FutureTask.run;org/openjdk/jmh/runner/BenchmarkHandler$BenchmarkTask.call;org/openjdk/jmh/runner/BenchmarkHandler$BenchmarkTask.call;java/lang/reflect/Method.invoke;jdk/internal/reflect/DirectMethodHandleAccessor.invoke;jdk/internal/reflect/DirectMethodHandleAccessor.invokeImpl;java/lang/invoke/LambdaForm$MH.0x0000000061061400.invokeExact_MT;java/lang/invoke/LambdaForm$MH.0x0000000061061000.invoke;java/lang/invoke/DirectMethodHandle$Holder.invokeSpecial;org/weakref/nitro/clickbench/jmh_generated/BenchmarkQueries_query06_jmhTest.query06_AverageTime;org/weakref/nitro/clickbench/jmh_generated/BenchmarkQueries_query06_jmhTest.query06_avgt_jmhStub;org/weakref/nitro/clickbench/BenchmarkQueries.query06;org/weakref/nitro/clickbench/BenchmarkQueries.consume;org/weakref/nitro/operator/Output.borrow;org/weakref/nitro/operator/AggregationOperator$$Lambda.0x00000000610be3b8.apply;org/weakref/nitro/operator/AggregationOperator.lambda$resultOutput$0;org/weakref/nitro/operator/AggregationOperator.doAggregationIfNeeded;org/weakref/nitro/operator/MarkDistinctOperator.next;org/weakref/nitro/operator/MarkDistinctOperator.computeDistinctMask;org/weakref/nitro/operator/DistinctKeySet.addBatch;org/weakref/nitro/operator/DistinctKeySet$FlatDistinctIndex.addBatch;org/weakref/nitro/operator/DistinctKeySet$FlatDistinctIndex.addFlatBinaryBatch;org/weakref/nitro/operator/FlatGroupingTable.assignGroup;org/weakref/nitro/operator/FlatGroupingTable.assignGroupHashed;org/weakref/nitro/operator/FlatGroupingTable.assignGroupHashedInternal;org/weakref/nitro/operator/FlatGroupingTable.addNewGroup 1
java/lang/Thread.run;java/lang/Thread.runWith;java/util/concurrent/ThreadPoolExecutor$Worker.run;java/util/concurrent/ThreadPoolExecutor.runWorker;java/util/concurrent/FutureTask.run;java/util/concurrent/Executors$RunnableAdapter.call;java/util/concurrent/FutureTask.run;org/openjdk/jmh/runner/BenchmarkHandler$BenchmarkTask.call;org/openjdk/jmh/runner/BenchmarkHandler$BenchmarkTask.call;java/lang/reflect/Method.invoke;jdk/internal/reflect/DirectMethodHandleAccessor.invoke;jdk/internal/reflect/DirectMethodHandleAccessor.invokeImpl;java/lang/invoke/LambdaForm$MH.0x0000000061061400.invokeExact_MT;java/lang/invoke/LambdaForm$MH.0x0000000061061000.invoke;java/lang/invoke/DirectMethodHandle$Holder.invokeSpecial;org/weakref/nitro/clickbench/jmh_generated/BenchmarkQueries_query06_jmhTest.query06_AverageTime;org/weakref/nitro/clickbench/jmh_generated/BenchmarkQueries_query06_jmhTest.query06_avgt_jmhStub;org/weakref/nitro/clickbench/BenchmarkQueries.query06;org/weakref/nitro/clickbench/BenchmarkQueries.consume;org/weakref/nitro/operator/Output.borrow;org/weakref/nitro/operator/AggregationOperator$$Lambda.0x00000000610be3b8.apply;org/weakref/nitro/operator/AggregationOperator.lambda$resultOutput$0;org/weakref/nitro/operator/AggregationOperator.doAggregationIfNeeded;org/weakref/nitro/operator/MarkDistinctOperator.next;org/weakref/nitro/operator/MarkDistinctOperator.computeDistinctMask;org/weakref/nitro/operator/DistinctKeySet.addBatch;org/weakref/nitro/operator/DistinctKeySet$FlatDistinctIndex.addBatch;org/weakref/nitro/operator/DistinctKeySet$FlatDistinctIndex.isTrackedSentinel;org/weakref/nitro/operator/FlatKeyLayout.isTrackedSentinel;org/weakref/nitro/operator/FlatKeyLayout.hasTrackedSentinel 1
java/lang/Thread.run;java/lang/Thread.runWith;java/util/concurrent/ThreadPoolExecutor$Worker.run;java/util/concurrent/ThreadPoolExecutor.runWorker;java/util/concurrent/FutureTask.run;java/util/concurrent/Executors$RunnableAdapter.call;java/util/concurrent/FutureTask.run;org/openjdk/jmh/runner/BenchmarkHandler$BenchmarkTask.call;org/openjdk/jmh/runner/BenchmarkHandler$BenchmarkTask.call;java/lang/reflect/Method.invoke;jdk/internal/reflect/DirectMethodHandleAccessor.invoke;jdk/internal/reflect/DirectMethodHandleAccessor.invokeImpl;java/lang/invoke/LambdaForm$MH.0x0000000061061400.invokeExact_MT;java/lang/invoke/LambdaForm$MH.0x0000000061061000.invoke;java/lang/invoke/DirectMethodHandle$Holder.invokeSpecial;org/weakref/nitro/clickbench/jmh_generated/BenchmarkQueries_query06_jmhTest.query06_AverageTime;org/weakref/nitro/clickbench/jmh_generated/BenchmarkQueries_query06_jmhTest.query06_avgt_jmhStub;org/weakref/nitro/clickbench/BenchmarkQueries.query06;org/weakref/nitro/clickbench/BenchmarkQueries.consume;org/weakref/nitro/operator/Output.borrow;org/weakref/nitro/operator/AggregationOperator$$Lambda.0x00000000610be3b8.apply;org/weakref/nitro/operator/AggregationOperator.lambda$resultOutput$0;org/weakref/nitro/operator/AggregationOperator.doAggregationIfNeeded;org/weakref/nitro/operator/MarkDistinctOperator.next;org/weakref/nitro/operator/MarkDistinctOperator.computeDistinctMask;org/weakref/nitro/operator/DistinctKeySet.addBatch;org/weakref/nitro/operator/DistinctKeySet$FlatDistinctIndex.addBatch;org/weakref/nitro/operator/FlatGroupingTable.assignGroup;org/weakref/nitro/operator/FlatGroupingTable.assignGroupHashed;org/weakref/nitro/operator/FlatGroupingTable.assignGroupHashedInternal;org/weakref/nitro/operator/FlatGroupingTable.getIndex;org/weakref/nitro/operator/FlatGroupingTable.identical 1
java/lang/Thread.run;java/lang/Thread.runWith;java/util/concurrent/ThreadPoolExecutor$Worker.run;java/util/concurrent/ThreadPoolExecutor.runWorker;java/util/concurrent/FutureTask.run;java/util/concurrent/Executors$RunnableAdapter.call;java/util/concurrent/FutureTask.run;org/openjdk/jmh/runner/BenchmarkHandler$BenchmarkTask.call;org/openjdk/jmh/runner/BenchmarkHandler$BenchmarkTask.call;java/lang/reflect/Method.invoke;jdk/internal/reflect/DirectMethodHandleAccessor.invoke;jdk/internal/reflect/DirectMethodHandleAccessor.invokeImpl;java/lang/invoke/LambdaForm$MH.0x0000000061061400.invokeExact_MT;java/lang/invoke/LambdaForm$MH.0x0000000061061000.invoke;java/lang/invoke/DirectMethodHandle$Holder.invokeSpecial;org/weakref/nitro/clickbench/jmh_generated/BenchmarkQueries_query06_jmhTest.query06_AverageTime;org/weakref/nitro/clickbench/jmh_generated/BenchmarkQueries_query06_jmhTest.query06_avgt_jmhStub;org/weakref/nitro/clickbench/BenchmarkQueries.query06;org/weakref/nitro/clickbench/BenchmarkQueries.consume;org/weakref/nitro/operator/Output.borrow;org/weakref/nitro/operator/AggregationOperator$$Lambda.0x00000000610be3b8.apply;org/weakref/nitro/operator/AggregationOperator.lambda$resultOutput$0;org/weakref/nitro/operator/AggregationOperator.doAggregationIfNeeded;org/weakref/nitro/operator/MarkDistinctOperator.next;org/weakref/nitro/operator/MarkDistinctOperator.computeDistinctMask;org/weakref/nitro/operator/DistinctKeySet.addBatch;org/weakref/nitro/operator/DistinctKeySet$FlatDistinctIndex.addBatch;org/weakref/nitro/operator/DistinctKeySet$FlatDistinctIndex.addFlatBinaryBatch;org/weakref/nitro/operator/FlatGroupingTable.assignGroup;org/weakref/nitro/operator/FlatGroupingTable.assignGroupHashed;org/weakref/nitro/operator/FlatGroupingTable.assignGroupHashedInternal;org/weakref/nitro/operator/FlatGroupingTable.getIndex;org/weakref/nitro/operator/FlatGroupingTable.identical;org/weakref/nitro/operator/FlatKeyLayout.identicalRecordToInput;org/weakref/nitro/operator/FlatKeyLayout.identicalBinaryField;org/weakref/nitro/operator/OperatorVectorSupport.binaryEquals;java/util/Arrays.mismatch 2
/usr/lib/x86_64-linux-gnu/libc.so.6;/usr/lib/x86_64-linux-gnu/libc.so.6;thread_native_entry;Thread::call_run;JavaThread::thread_main_inner;CompileBroker::compiler_thread_loop;CompileBroker::invoke_compiler_on_method;Compiler::compile_method;Compilation::Compilation;Compilation::compile_method;Compilation::compile_java_method;Compilation::build_hir;GlobalValueNumbering::GlobalValueNumbering 1
java/lang/Thread.run;java/lang/Thread.runWith;java/util/concurrent/ThreadPoolExecutor$Worker.run;java/util/concurrent/ThreadPoolExecutor.runWorker;java/util/concurrent/FutureTask.run;java/util/concurrent/Executors$RunnableAdapter.call;java/util/concurrent/FutureTask.run;org/openjdk/jmh/runner/BenchmarkHandler$BenchmarkTask.call;org/openjdk/jmh/runner/BenchmarkHandler$BenchmarkTask.call;java/lang/reflect/Method.invoke;jdk/internal/reflect/DirectMethodHandleAccessor.invoke;jdk/internal/reflect/DirectMethodHandleAccessor.invokeImpl;java/lang/invoke/LambdaForm$MH.0x0000000061061400.invokeExact_MT;java/lang/invoke/LambdaForm$MH.0x0000000061061000.invoke;java/lang/invoke/DirectMethodHandle$Holder.invokeSpecial;org/weakref/nitro/clickbench/jmh_generated/BenchmarkQueries_query06_jmhTest.query06_AverageTime;org/weakref/nitro/clickbench/jmh_generated/BenchmarkQueries_query06_jmhTest.query06_avgt_jmhStub;org/weakref/nitro/clickbench/BenchmarkQueries.query06;org/weakref/nitro/clickbench/BenchmarkQueries.consume;org/weakref/nitro/operator/Output.borrow;org/weakref/nitro/operator/AggregationOperator$$Lambda.0x00000000610be3b8.apply;org/weakref/nitro/operator/AggregationOperator.lambda$resultOutput$0;org/weakref/nitro/operator/AggregationOperator.doAggregationIfNeeded;org/weakref/nitro/operator/MarkDistinctOperator.next;org/weakref/nitro/operator/MarkDistinctOperator.computeDistinctMask;org/weakref/nitro/operator/DistinctKeySet.addBatch;org/weakref/nitro/operator/DistinctKeySet$FlatDistinctIndex.addBatch;org/weakref/nitro/operator/FlatGroupingTable.assignGroup;org/weakref/nitro/operator/FlatGroupingTable.assignGroupHashed;org/weakref/nitro/operator/FlatGroupingTable.assignGroupHashedInternal;org/weakref/nitro/operator/FlatGroupingTable.getIndex;org/weakref/nitro/operator/FlatGroupingTable.identical;org/weakref/nitro/operator/FlatKeyLayout.identicalRecordToInput 1
java/lang/Thread.run;java/lang/Thread.runWith;java/util/concurrent/ThreadPoolExecutor$Worker.run;java/util/concurrent/ThreadPoolExecutor.runWorker;java/util/concurrent/FutureTask.run;java/util/concurrent/Executors$RunnableAdapter.call;java/util/concurrent/FutureTask.run;org/openjdk/jmh/runner/BenchmarkHandler$BenchmarkTask.call;org/openjdk/jmh/runner/BenchmarkHandler$BenchmarkTask.call;java/lang/reflect/Method.invoke;jdk/internal/reflect/DirectMethodHandleAccessor.invoke;jdk/internal/reflect/DirectMethodHandleAccessor.invokeImpl;java/lang/invoke/LambdaForm$MH.0x0000000061061400.invokeExact_MT;java/lang/invoke/LambdaForm$MH.0x0000000061061000.invoke;java/lang/invoke/DirectMethodHandle$Holder.invokeSpecial;org/weakref/nitro/clickbench/jmh_generated/BenchmarkQueries_query06_jmhTest.query06_AverageTime;org/weakref/nitro/clickbench/jmh_generated/BenchmarkQueries_query06_jmhTest.query06_avgt_jmhStub;org/weakref/nitro/clickbench/BenchmarkQueries.query06;org/weakref/nitro/clickbench/BenchmarkQueries.consume;org/weakref/nitro/operator/Output.borrow;org/weakref/nitro/operator/AggregationOperator$$Lambda.0x00000000610be3b8.apply;org/weakref/nitro/operator/AggregationOperator.lambda$resultOutput$0;org/weakref/nitro/operator/AggregationOperator.doAggregationIfNeeded;org/weakref/nitro/operator/MarkDistinctOperator.next;org/weakref/nitro/operator/MarkDistinctOperator.computeDistinctMask;org/weakref/nitro/operator/Output.borrow;org/weakref/nitro/operator/NitroParquetScanOperator$ScanOutputResolver$$Lambda.0x00000000610aab88.apply;org/weakref/nitro/operator/NitroParquetScanOperator$ScanOutputResolver.resolve;org/weakref/nitro/operator/NitroParquetScanOperator.resolveLazyColumn;org/weakref/nitro/operator/NitroParquetScanOperator.decodeFullColumn;org/weakref/nitro/parquet/ColumnReader.readBinary;org/weakref/nitro/parquet/ColumnReader.readBinaryDirect;org/weakref/nitro/parquet/ColumnReader.decodeNextDataPage;org/weakref/nitro/parquet/ColumnReader.decompress;io/airlift/compress/v3/snappy/SnappyNativeDecompressor.decompress;io/airlift/compress/v3/snappy/SnappyNative.decompress;io/airlift/compress/v3/snappy/SnappyNative.decompressInternal;java/lang/invoke/LambdaForm$MH.0x0000000061108c00.invokeExact_MT;java/lang/invoke/LambdaForm$MH.0x0000000061119400.invoke;java/lang/invoke/LambdaForm$DMH.0x00000000610b1400.invokeStatic;jdk/internal/foreign/abi/DowncallStub.0x00000000610b1000.invoke;java/lang/invoke/LambdaForm$MH.0x0000000061109800.invokeExact_MT;java/lang/invoke/LambdaForm$MH.0x0000000061119800.invoke;nep_invoker_blob;snappy_uncompress;snappy::RawUncompress;snappy::RawUncompress;void snappy::SnappyDecompressor::DecompressAllTags<snappy::SnappyArrayWriter>;std::pair<unsigned char const*, long> snappy::DecompressBranchless<char*>;snappy::MemCopy64;/usr/lib/x86_64-linux-gnu/libc.so.6 4
java/lang/Thread.run;java/lang/Thread.runWith;java/util/concurrent/ThreadPoolExecutor$Worker.run;java/util/concurrent/ThreadPoolExecutor.runWorker;java/util/concurrent/FutureTask.run;java/util/concurrent/Executors$RunnableAdapter.call;java/util/concurrent/FutureTask.run;org/openjdk/jmh/runner/BenchmarkHandler$BenchmarkTask.call;org/openjdk/jmh/runner/BenchmarkHandler$BenchmarkTask.call;java/lang/reflect/Method.invoke;jdk/internal/reflect/DirectMethodHandleAccessor.invoke;jdk/internal/reflect/DirectMethodHandleAccessor.invokeImpl;java/lang/invoke/LambdaForm$MH.0x0000000061061400.invokeExact_MT;java/lang/invoke/LambdaForm$MH.0x0000000061061000.invoke;java/lang/invoke/DirectMethodHandle$Holder.invokeSpecial;org/weakref/nitro/clickbench/jmh_generated/BenchmarkQueries_query06_jmhTest.query06_AverageTime;org/weakref/nitro/clickbench/jmh_generated/BenchmarkQueries_query06_jmhTest.query06_avgt_jmhStub;org/weakref/nitro/clickbench/BenchmarkQueries.query06;org/weakref/nitro/clickbench/BenchmarkQueries.consume;org/weakref/nitro/operator/Output.borrow;org/weakref/nitro/operator/AggregationOperator$$Lambda.0x00000000610be3b8.apply;org/weakref/nitro/operator/AggregationOperator.lambda$resultOutput$0;org/weakref/nitro/operator/AggregationOperator.doAggregationIfNeeded;org/weakref/nitro/operator/MarkDistinctOperator.next;org/weakref/nitro/operator/MarkDistinctOperator.computeDistinctMask;org/weakref/nitro/operator/Output.borrow;org/weakref/nitro/operator/NitroParquetScanOperator$ScanOutputResolver$$Lambda.0x00000000610aab88.apply;org/weakref/nitro/operator/NitroParquetScanOperator$ScanOutputResolver.resolve;org/weakref/nitro/operator/NitroParquetScanOperator.resolveLazyColumn;org/weakref/nitro/operator/NitroParquetScanOperator.decodeFullColumn;org/weakref/nitro/parquet/ColumnReader.readBinary;org/weakref/nitro/parquet/ColumnReader.readBinaryDirect;org/weakref/nitro/parquet/ColumnReader.decodeNextDataPage;org/weakref/nitro/parquet/ColumnReader.decompress;io/airlift/compress/v3/snappy/SnappyNativeDecompressor.decompress;io/airlift/compress/v3/snappy/SnappyNative.decompress;io/airlift/compress/v3/snappy/SnappyNative.decompressInternal;java/lang/invoke/LambdaForm$MH.0x0000000061108c00.invokeExact_MT;java/lang/invoke/LambdaForm$MH.0x0000000061119400.invoke;java/lang/invoke/LambdaForm$DMH.0x00000000610b1400.invokeStatic;jdk/internal/foreign/abi/DowncallStub.0x00000000610b1000.invoke;java/lang/invoke/LambdaForm$MH.0x0000000061109800.invokeExact_MT;java/lang/invoke/LambdaForm$MH.0x0000000061119800.invoke;nep_invoker_blob;snappy_uncompress;snappy::RawUncompress;snappy::RawUncompress;void snappy::SnappyDecompressor::DecompressAllTags<snappy::SnappyArrayWriter>;std::pair<unsigned char const*, long> snappy::DecompressBranchless<char*>;snappy::MemCopy64;memmove@plt 1
java/lang/Thread.run;java/lang/Thread.runWith;java/util/concurrent/ThreadPoolExecutor$Worker.run;java/util/concurrent/ThreadPoolExecutor.runWorker;java/util/concurrent/FutureTask.run;java/util/concurrent/Executors$RunnableAdapter.call;java/util/concurrent/FutureTask.run;org/openjdk/jmh/runner/BenchmarkHandler$BenchmarkTask.call;org/openjdk/jmh/runner/BenchmarkHandler$BenchmarkTask.call;java/lang/reflect/Method.invoke;jdk/internal/reflect/DirectMethodHandleAccessor.invoke;jdk/internal/reflect/DirectMethodHandleAccessor.invokeImpl;java/lang/invoke/LambdaForm$MH.0x0000000061061400.invokeExact_MT;java/lang/invoke/LambdaForm$MH.0x0000000061061000.invoke;java/lang/invoke/DirectMethodHandle$Holder.invokeSpecial;org/weakref/nitro/clickbench/jmh_generated/BenchmarkQueries_query06_jmhTest.query06_AverageTime;org/weakref/nitro/clickbench/jmh_generated/BenchmarkQueries_query06_jmhTest.query06_avgt_jmhStub;org/weakref/nitro/clickbench/BenchmarkQueries.query06;org/weakref/nitro/clickbench/BenchmarkQueries.consume;org/weakref/nitro/operator/Output.borrow;org/weakref/nitro/operator/AggregationOperator$$Lambda.0x00000000610be3b8.apply;org/weakref/nitro/operator/AggregationOperator.lambda$resultOutput$0;org/weakref/nitro/operator/AggregationOperator.doAggregationIfNeeded;org/weakref/nitro/operator/MarkDistinctOperator.next;org/weakref/nitro/operator/MarkDistinctOperator.computeDistinctMask;org/weakref/nitro/operator/DistinctKeySet.addBatch;org/weakref/nitro/operator/DistinctKeySet$FlatDistinctIndex.addBatch;org/weakref/nitro/operator/DistinctKeySet$FlatDistinctIndex.addFlatBinaryBatch;org/weakref/nitro/operator/FlatGroupingTable.assignGroup;org/weakref/nitro/operator/FlatGroupingTable.assignGroupHashed;org/weakref/nitro/operator/FlatGroupingTable.assignGroupHashedInternal 1
java/lang/Thread.run;java/lang/Thread.runWith;java/util/concurrent/ThreadPoolExecutor$Worker.run;java/util/concurrent/ThreadPoolExecutor.runWorker;java/util/concurrent/FutureTask.run;java/util/concurrent/Executors$RunnableAdapter.call;java/util/concurrent/FutureTask.run;org/openjdk/jmh/runner/BenchmarkHandler$BenchmarkTask.call;org/openjdk/jmh/runner/BenchmarkHandler$BenchmarkTask.call;java/lang/reflect/Method.invoke;jdk/internal/reflect/DirectMethodHandleAccessor.invoke;jdk/internal/reflect/DirectMethodHandleAccessor.invokeImpl;java/lang/invoke/LambdaForm$MH.0x0000000061061400.invokeExact_MT;java/lang/invoke/LambdaForm$MH.0x0000000061061000.invoke;java/lang/invoke/DirectMethodHandle$Holder.invokeSpecial;org/weakref/nitro/clickbench/jmh_generated/BenchmarkQueries_query06_jmhTest.query06_AverageTime;org/weakref/nitro/clickbench/jmh_generated/BenchmarkQueries_query06_jmhTest.query06_avgt_jmhStub;org/weakref/nitro/clickbench/BenchmarkQueries.query06;org/weakref/nitro/clickbench/BenchmarkQueries.consume;org/weakref/nitro/operator/Output.borrow;org/weakref/nitro/operator/AggregationOperator$$Lambda.0x00000000610be3b8.apply;org/weakref/nitro/operator/AggregationOperator.lambda$resultOutput$0;org/weakref/nitro/operator/AggregationOperator.doAggregationIfNeeded;org/weakref/nitro/operator/MarkDistinctOperator.next;org/weakref/nitro/operator/MarkDistinctOperator.computeDistinctMask;org/weakref/nitro/operator/DistinctKeySet.addBatch;org/weakref/nitro/operator/DistinctKeySet$FlatDistinctIndex.addBatch;org/weakref/nitro/operator/FlatGroupingTable.assignGroup;org/weakref/nitro/operator/FlatGroupingTable.assignGroupHashed;org/weakref/nitro/operator/FlatGroupingTable.assignGroupHashedInternal;org/weakref/nitro/operator/FlatGroupingTable.getIndex;org/weakref/nitro/operator/FlatGroupingTable.identical;java/lang/invoke/VarHandleGuards.guard_LI_J;java/lang/invoke/VarHandleByteArrayAsLongs$ArrayHandle.get;java/lang/invoke/VarHandleByteArrayAsLongs$ArrayHandle.index 1
java/lang/Thread.run;java/lang/Thread.runWith;java/util/concurrent/ThreadPoolExecutor$Worker.run;java/util/concurrent/ThreadPoolExecutor.runWorker;java/util/concurrent/FutureTask.run;java/util/concurrent/Executors$RunnableAdapter.call;java/util/concurrent/FutureTask.run;org/openjdk/jmh/runner/BenchmarkHandler$BenchmarkTask.call;org/openjdk/jmh/runner/BenchmarkHandler$BenchmarkTask.call;java/lang/reflect/Method.invoke;jdk/internal/reflect/DirectMethodHandleAccessor.invoke;jdk/internal/reflect/DirectMethodHandleAccessor.invokeImpl;java/lang/invoke/LambdaForm$MH.0x0000000061061400.invokeExact_MT;java/lang/invoke/LambdaForm$MH.0x0000000061061000.invoke;java/lang/invoke/DirectMethodHandle$Holder.invokeSpecial;org/weakref/nitro/clickbench/jmh_generated/BenchmarkQueries_query06_jmhTest.query06_AverageTime;org/weakref/nitro/clickbench/jmh_generated/BenchmarkQueries_query06_jmhTest.query06_avgt_jmhStub;org/weakref/nitro/clickbench/BenchmarkQueries.query06;org/weakref/nitro/clickbench/BenchmarkQueries.consume;org/weakref/nitro/operator/Output.borrow;org/weakref/nitro/operator/AggregationOperator$$Lambda.0x00000000610be3b8.apply;org/weakref/nitro/operator/AggregationOperator.lambda$resultOutput$0;org/weakref/nitro/operator/AggregationOperator.doAggregationIfNeeded;org/weakref/nitro/operator/MarkDistinctOperator.next;org/weakref/nitro/operator/MarkDistinctOperator.computeDistinctMask;org/weakref/nitro/operator/Output.borrow;org/weakref/nitro/operator/NitroParquetScanOperator$ScanOutputResolver$$Lambda.0x00000000610aab88.apply;org/weakref/nitro/operator/NitroParquetScanOperator$ScanOutputResolver.resolve;org/weakref/nitro/operator/NitroParquetScanOperator.resolveLazyColumn;org/weakref/nitro/operator/NitroParquetScanOperator.decodeFullColumn;org/weakref/nitro/parquet/ColumnReader.readBinary;org/weakref/nitro/parquet/ColumnReader.readBinaryDirect;org/weakref/nitro/parquet/ColumnReader.decodeNextDataPage;org/weakref/nitro/parquet/ColumnReader.decompress;io/airlift/compress/v3/snappy/SnappyNativeDecompressor.decompress;io/airlift/compress/v3/snappy/SnappyNative.decompress;io/airlift/compress/v3/snappy/SnappyNative.decompressInternal;java/lang/invoke/LambdaForm$MH.0x0000000061108c00.invokeExact_MT;java/lang/invoke/LambdaForm$MH.0x0000000061119400.invoke;java/lang/invoke/LambdaForm$DMH.0x00000000610b1400.invokeStatic;jdk/internal/foreign/abi/DowncallStub.0x00000000610b1000.invoke;java/lang/invoke/LambdaForm$MH.0x0000000061109800.invokeExact_MT;java/lang/invoke/LambdaForm$MH.0x0000000061119800.invoke;nep_invoker_blob;snappy_uncompress;snappy::RawUncompress;snappy::RawUncompress;void snappy::SnappyDecompressor::DecompressAllTags<snappy::SnappyArrayWriter>;std::pair<unsigned char const*, long> snappy::DecompressBranchless<char*> 34
java/lang/Thread.run;java/lang/Thread.runWith;java/util/concurrent/ThreadPoolExecutor$Worker.run;java/util/concurrent/ThreadPoolExecutor.runWorker;java/util/concurrent/FutureTask.run;java/util/concurrent/Executors$RunnableAdapter.call;java/util/concurrent/FutureTask.run;org/openjdk/jmh/runner/BenchmarkHandler$BenchmarkTask.call;org/openjdk/jmh/runner/BenchmarkHandler$BenchmarkTask.call;java/lang/reflect/Method.invoke;jdk/internal/reflect/DirectMethodHandleAccessor.invoke;jdk/internal/reflect/DirectMethodHandleAccessor.invokeImpl;java/lang/invoke/LambdaForm$MH.0x0000000061061400.invokeExact_MT;java/lang/invoke/LambdaForm$MH.0x0000000061061000.invoke;java/lang/invoke/DirectMethodHandle$Holder.invokeSpecial;org/weakref/nitro/clickbench/jmh_generated/BenchmarkQueries_query06_jmhTest.query06_AverageTime;org/weakref/nitro/clickbench/jmh_generated/BenchmarkQueries_query06_jmhTest.query06_avgt_jmhStub;org/weakref/nitro/clickbench/BenchmarkQueries.query06;org/weakref/nitro/clickbench/BenchmarkQueries.consume;org/weakref/nitro/operator/Output.borrow;org/weakref/nitro/operator/AggregationOperator$$Lambda.0x00000000610be3b8.apply;org/weakref/nitro/operator/AggregationOperator.lambda$resultOutput$0;org/weakref/nitro/operator/AggregationOperator.doAggregationIfNeeded;org/weakref/nitro/operator/MarkDistinctOperator.next;org/weakref/nitro/operator/MarkDistinctOperator.computeDistinctMask;org/weakref/nitro/operator/Output.borrow;org/weakref/nitro/operator/NitroParquetScanOperator$ScanOutputResolver$$Lambda.0x00000000610aab88.apply;org/weakref/nitro/operator/NitroParquetScanOperator$ScanOutputResolver.resolve;org/weakref/nitro/operator/NitroParquetScanOperator.resolveLazyColumn;org/weakref/nitro/operator/NitroParquetScanOperator.decodeFullColumn;org/weakref/nitro/parquet/ColumnReader.readBinary;org/weakref/nitro/parquet/ColumnReader.readBinaryDirect 1
java/lang/Thread.run;java/lang/Thread.runWith;java/util/concurrent/ThreadPoolExecutor$Worker.run;java/util/concurrent/ThreadPoolExecutor.runWorker;java/util/concurrent/FutureTask.run;java/util/concurrent/Executors$RunnableAdapter.call;java/util/concurrent/FutureTask.run;org/openjdk/jmh/runner/BenchmarkHandler$BenchmarkTask.call;org/openjdk/jmh/runner/BenchmarkHandler$BenchmarkTask.call;java/lang/reflect/Method.invoke;jdk/internal/reflect/DirectMethodHandleAccessor.invoke;jdk/internal/reflect/DirectMethodHandleAccessor.invokeImpl;java/lang/invoke/LambdaForm$MH.0x0000000061061400.invokeExact_MT;java/lang/invoke/LambdaForm$MH.0x0000000061061000.invoke;java/lang/invoke/DirectMethodHandle$Holder.invokeSpecial;org/weakref/nitro/clickbench/jmh_generated/BenchmarkQueries_query06_jmhTest.query06_AverageTime;org/weakref/nitro/clickbench/jmh_generated/BenchmarkQueries_query06_jmhTest.query06_avgt_jmhStub;org/weakref/nitro/clickbench/BenchmarkQueries.query06;org/weakref/nitro/clickbench/BenchmarkQueries.consume;org/weakref/nitro/operator/Output.borrow;org/weakref/nitro/operator/AggregationOperator$$Lambda.0x00000000610be3b8.apply;org/weakref/nitro/operator/AggregationOperator.lambda$resultOutput$0;org/weakref/nitro/operator/AggregationOperator.doAggregationIfNeeded;org/weakref/nitro/operator/MarkDistinctOperator.next;org/weakref/nitro/operator/MarkDistinctOperator.computeDistinctMask;org/weakref/nitro/operator/Output.borrow;org/weakref/nitro/operator/NitroParquetScanOperator$ScanOutputResolver$$Lambda.0x00000000610aab88.apply;org/weakref/nitro/operator/NitroParquetScanOperator$ScanOutputResolver.resolve;org/weakref/nitro/operator/NitroParquetScanOperator.resolveLazyColumn;org/weakref/nitro/operator/NitroParquetScanOperator.decodeFullColumn;org/weakref/nitro/parquet/ColumnReader.readBinary;org/weakref/nitro/parquet/ColumnReader.readBinaryDirect;jint_disjoint_arraycopy_stub 1
java/lang/Thread.run;java/lang/Thread.runWith;java/util/concurrent/ThreadPoolExecutor$Worker.run;java/util/concurrent/ThreadPoolExecutor.runWorker;java/util/concurrent/FutureTask.run;java/util/concurrent/Executors$RunnableAdapter.call;java/util/concurrent/FutureTask.run;org/openjdk/jmh/runner/BenchmarkHandler$BenchmarkTask.call;org/openjdk/jmh/runner/BenchmarkHandler$BenchmarkTask.call;java/lang/reflect/Method.invoke;jdk/internal/reflect/DirectMethodHandleAccessor.invoke;jdk/internal/reflect/DirectMethodHandleAccessor.invokeImpl;java/lang/invoke/LambdaForm$MH.0x0000000061061400.invokeExact_MT;java/lang/invoke/LambdaForm$MH.0x0000000061061000.invoke;java/lang/invoke/DirectMethodHandle$Holder.invokeSpecial;org/weakref/nitro/clickbench/jmh_generated/BenchmarkQueries_query06_jmhTest.query06_AverageTime;org/weakref/nitro/clickbench/jmh_generated/BenchmarkQueries_query06_jmhTest.query06_avgt_jmhStub;org/weakref/nitro/clickbench/BenchmarkQueries.query06;org/weakref/nitro/clickbench/BenchmarkQueries.consume;org/weakref/nitro/operator/Output.borrow;org/weakref/nitro/operator/AggregationOperator$$Lambda.0x00000000610be3b8.apply;org/weakref/nitro/operator/AggregationOperator.lambda$resultOutput$0;org/weakref/nitro/operator/AggregationOperator.doAggregationIfNeeded;org/weakref/nitro/operator/MarkDistinctOperator.next;org/weakref/nitro/operator/MarkDistinctOperator.computeDistinctMask;org/weakref/nitro/operator/DistinctKeySet.addBatch;org/weakref/nitro/operator/DistinctKeySet$FlatDistinctIndex.addBatch;org/weakref/nitro/operator/FlatGroupingTable.prepareBatchHashes;org/weakref/nitro/operator/FlatGroupingTable.prepareBatchHash;org/weakref/nitro/operator/FlatKeyLayout.hash;org/weakref/nitro/operator/FlatKeyLayout.fieldHash 1
java/lang/Thread.run;java/lang/Thread.runWith;java/util/concurrent/ThreadPoolExecutor$Worker.run;java/util/concurrent/ThreadPoolExecutor.runWorker;java/util/concurrent/FutureTask.run;java/util/concurrent/Executors$RunnableAdapter.call;java/util/concurrent/FutureTask.run;org/openjdk/jmh/runner/BenchmarkHandler$BenchmarkTask.call;org/openjdk/jmh/runner/BenchmarkHandler$BenchmarkTask.call;java/lang/reflect/Method.invoke;jdk/internal/reflect/DirectMethodHandleAccessor.invoke;jdk/internal/reflect/DirectMethodHandleAccessor.invokeImpl;java/lang/invoke/LambdaForm$MH.0x0000000061061400.invokeExact_MT;java/lang/invoke/LambdaForm$MH.0x0000000061061000.invoke;java/lang/invoke/DirectMethodHandle$Holder.invokeSpecial;org/weakref/nitro/clickbench/jmh_generated/BenchmarkQueries_query06_jmhTest.query06_AverageTime;org/weakref/nitro/clickbench/jmh_generated/BenchmarkQueries_query06_jmhTest.query06_avgt_jmhStub;org/weakref/nitro/clickbench/BenchmarkQueries.query06;org/weakref/nitro/clickbench/BenchmarkQueries.consume;org/weakref/nitro/operator/Output.borrow;org/weakref/nitro/operator/AggregationOperator$$Lambda.0x00000000610be3b8.apply;org/weakref/nitro/operator/AggregationOperator.lambda$resultOutput$0;org/weakref/nitro/operator/AggregationOperator.doAggregationIfNeeded;org/weakref/nitro/operator/MarkDistinctOperator.next;org/weakref/nitro/operator/MarkDistinctOperator.computeDistinctMask;org/weakref/nitro/operator/DistinctKeySet.addBatch;org/weakref/nitro/operator/DistinctKeySet$FlatDistinctIndex.addBatch;org/weakref/nitro/operator/FlatGroupingTable.assignGroup;org/weakref/nitro/operator/FlatGroupingTable.assignGroupHashed;org/weakref/nitro/operator/FlatGroupingTable.assignGroupHashedInternal;org/weakref/nitro/operator/FlatGroupingTable.getIndex;org/weakref/nitro/operator/FlatGroupingTable.bucket 2
java/lang/Thread.run;java/lang/Thread.runWith;java/util/concurrent/ThreadPoolExecutor$Worker.run;java/util/concurrent/ThreadPoolExecutor.runWorker;java/util/concurrent/FutureTask.run;java/util/concurrent/Executors$RunnableAdapter.call;java/util/concurrent/FutureTask.run;org/openjdk/jmh/runner/BenchmarkHandler$BenchmarkTask.call;org/openjdk/jmh/runner/BenchmarkHandler$BenchmarkTask.call;java/lang/reflect/Method.invoke;jdk/internal/reflect/DirectMethodHandleAccessor.invoke;jdk/internal/reflect/DirectMethodHandleAccessor.invokeImpl;java/lang/invoke/LambdaForm$MH.0x0000000061061400.invokeExact_MT;java/lang/invoke/LambdaForm$MH.0x0000000061061000.invoke;java/lang/invoke/DirectMethodHandle$Holder.invokeSpecial;org/weakref/nitro/clickbench/jmh_generated/BenchmarkQueries_query06_jmhTest.query06_AverageTime;org/weakref/nitro/clickbench/jmh_generated/BenchmarkQueries_query06_jmhTest.query06_avgt_jmhStub;org/weakref/nitro/clickbench/BenchmarkQueries.query06;org/weakref/nitro/clickbench/BenchmarkQueries.consume;org/weakref/nitro/operator/Output.borrow;org/weakref/nitro/operator/AggregationOperator$$Lambda.0x00000000610be3b8.apply;org/weakref/nitro/operator/AggregationOperator.lambda$resultOutput$0;org/weakref/nitro/operator/AggregationOperator.doAggregationIfNeeded;org/weakref/nitro/operator/MarkDistinctOperator.next;org/weakref/nitro/operator/MarkDistinctOperator.computeDistinctMask;org/weakref/nitro/operator/Output.borrow;org/weakref/nitro/operator/NitroParquetScanOperator$ScanOutputResolver$$Lambda.0x00000000610aab88.apply;org/weakref/nitro/operator/NitroParquetScanOperator$ScanOutputResolver.resolve;org/weakref/nitro/operator/NitroParquetScanOperator.resolveLazyColumn;org/weakref/nitro/operator/NitroParquetScanOperator.decodeFullColumn;org/weakref/nitro/parquet/ColumnReader.readBinary;org/weakref/nitro/parquet/ColumnReader.readBinaryDirect;org/weakref/nitro/parquet/ColumnReader.decodeNextDataPage;org/weakref/nitro/parquet/ColumnReader.decompress;io/airlift/compress/v3/snappy/SnappyNativeDecompressor.decompress;io/airlift/compress/v3/snappy/SnappyNative.decompress;io/airlift/compress/v3/snappy/SnappyNative.decompressInternal;java/lang/invoke/LambdaForm$MH.0x0000000061108c00.invokeExact_MT;java/lang/invoke/LambdaForm$MH.0x0000000061119400.invoke;java/lang/invoke/LambdaForm$DMH.0x00000000610b1400.invokeStatic;jdk/internal/foreign/abi/DowncallStub.0x00000000610b1000.invoke;java/lang/invoke/LambdaForm$MH.0x0000000061109800.invokeExact_MT;java/lang/invoke/LambdaForm$MH.0x0000000061119800.invoke;nep_invoker_blob;snappy_uncompress;snappy::RawUncompress;snappy::RawUncompress;void snappy::SnappyDecompressor::DecompressAllTags<snappy::SnappyArrayWriter>;std::pair<unsigned char const*, long> snappy::DecompressBranchless<char*>;snappy::DeferMemCopy 1
java/lang/Thread.run;java/lang/Thread.runWith;java/util/concurrent/ThreadPoolExecutor$Worker.run;java/util/concurrent/ThreadPoolExecutor.runWorker;java/util/concurrent/FutureTask.run;java/util/concurrent/Executors$RunnableAdapter.call;java/util/concurrent/FutureTask.run;org/openjdk/jmh/runner/BenchmarkHandler$BenchmarkTask.call;org/openjdk/jmh/runner/BenchmarkHandler$BenchmarkTask.call;java/lang/reflect/Method.invoke;jdk/internal/reflect/DirectMethodHandleAccessor.invoke;jdk/internal/reflect/DirectMethodHandleAccessor.invokeImpl;java/lang/invoke/LambdaForm$MH.0x0000000061061400.invokeExact_MT;java/lang/invoke/LambdaForm$MH.0x0000000061061000.invoke;java/lang/invoke/DirectMethodHandle$Holder.invokeSpecial;org/weakref/nitro/clickbench/jmh_generated/BenchmarkQueries_query06_jmhTest.query06_AverageTime;org/weakref/nitro/clickbench/jmh_generated/BenchmarkQueries_query06_jmhTest.query06_avgt_jmhStub;org/weakref/nitro/clickbench/BenchmarkQueries.query06;org/weakref/nitro/clickbench/BenchmarkQueries.consume;org/weakref/nitro/operator/Output.borrow;org/weakref/nitro/operator/AggregationOperator$$Lambda.0x00000000610be3b8.apply;org/weakref/nitro/operator/AggregationOperator.lambda$resultOutput$0;org/weakref/nitro/operator/AggregationOperator.doAggregationIfNeeded;org/weakref/nitro/operator/MarkDistinctOperator.next;org/weakref/nitro/operator/MarkDistinctOperator.computeDistinctMask;org/weakref/nitro/operator/DistinctKeySet.addBatch;org/weakref/nitro/operator/DistinctKeySet$FlatDistinctIndex.addBatch;org/weakref/nitro/operator/FlatGroupingTable.prepareBatchHashes;org/weakref/nitro/data/Mask$1.next;org/weakref/nitro/data/Mask$1.next 1
java/lang/Thread.run;java/lang/Thread.runWith;java/util/concurrent/ThreadPoolExecutor$Worker.run;java/util/concurrent/ThreadPoolExecutor.runWorker;java/util/concurrent/FutureTask.run;java/util/concurrent/Executors$RunnableAdapter.call;java/util/concurrent/FutureTask.run;org/openjdk/jmh/runner/BenchmarkHandler$BenchmarkTask.call;org/openjdk/jmh/runner/BenchmarkHandler$BenchmarkTask.call;java/lang/reflect/Method.invoke;jdk/internal/reflect/DirectMethodHandleAccessor.invoke;jdk/internal/reflect/DirectMethodHandleAccessor.invokeImpl;java/lang/invoke/LambdaForm$MH.0x0000000061061400.invokeExact_MT;java/lang/invoke/LambdaForm$MH.0x0000000061061000.invoke;java/lang/invoke/DirectMethodHandle$Holder.invokeSpecial;org/weakref/nitro/clickbench/jmh_generated/BenchmarkQueries_query06_jmhTest.query06_AverageTime;org/weakref/nitro/clickbench/jmh_generated/BenchmarkQueries_query06_jmhTest.query06_avgt_jmhStub;org/weakref/nitro/clickbench/BenchmarkQueries.query06;org/weakref/nitro/clickbench/BenchmarkQueries.consume;org/weakref/nitro/operator/Output.borrow;org/weakref/nitro/operator/AggregationOperator$$Lambda.0x00000000610be3b8.apply;org/weakref/nitro/operator/AggregationOperator.lambda$resultOutput$0;org/weakref/nitro/operator/AggregationOperator.doAggregationIfNeeded;org/weakref/nitro/operator/MarkDistinctOperator.next;org/weakref/nitro/operator/MarkDistinctOperator.computeDistinctMask;org/weakref/nitro/operator/DistinctKeySet.addBatch;org/weakref/nitro/operator/DistinctKeySet$FlatDistinctIndex.addBatch;org/weakref/nitro/operator/FlatGroupingTable.beginBatch;org/weakref/nitro/operator/FlatKeyLayout.beginBatch;org/weakref/nitro/operator/FlatKeyLayout.hashByKind;org/weakref/nitro/operator/FlatTypeHandlers$4.hashInput;org/weakref/nitro/operator/OperatorVectorSupport.binaryHash 3
java/lang/Thread.run;java/lang/Thread.runWith;java/util/concurrent/ThreadPoolExecutor$Worker.run;java/util/concurrent/ThreadPoolExecutor.runWorker;java/util/concurrent/FutureTask.run;java/util/concurrent/Executors$RunnableAdapter.call;java/util/concurrent/FutureTask.run;org/openjdk/jmh/runner/BenchmarkHandler$BenchmarkTask.call;org/openjdk/jmh/runner/BenchmarkHandler$BenchmarkTask.call;java/lang/reflect/Method.invoke;jdk/internal/reflect/DirectMethodHandleAccessor.invoke;jdk/internal/reflect/DirectMethodHandleAccessor.invokeImpl;java/lang/invoke/LambdaForm$MH.0x0000000061061400.invokeExact_MT;java/lang/invoke/LambdaForm$MH.0x0000000061061000.invoke;java/lang/invoke/DirectMethodHandle$Holder.invokeSpecial;org/weakref/nitro/clickbench/jmh_generated/BenchmarkQueries_query06_jmhTest.query06_AverageTime;org/weakref/nitro/clickbench/jmh_generated/BenchmarkQueries_query06_jmhTest.query06_avgt_jmhStub;org/weakref/nitro/clickbench/BenchmarkQueries.query06;org/weakref/nitro/clickbench/BenchmarkQueries.consume;org/weakref/nitro/operator/Output.borrow;org/weakref/nitro/operator/AggregationOperator$$Lambda.0x00000000610be3b8.apply;org/weakref/nitro/operator/AggregationOperator.lambda$resultOutput$0;org/weakref/nitro/operator/AggregationOperator.doAggregationIfNeeded;org/weakref/nitro/operator/MarkDistinctOperator.next;org/weakref/nitro/operator/MarkDistinctOperator.computeDistinctMask;org/weakref/nitro/operator/Output.borrow;org/weakref/nitro/operator/NitroParquetScanOperator$ScanOutputResolver$$Lambda.0x00000000610aab88.apply;org/weakref/nitro/operator/NitroParquetScanOperator$ScanOutputResolver.resolve;org/weakref/nitro/operator/NitroParquetScanOperator.resolveLazyColumn;org/weakref/nitro/operator/NitroParquetScanOperator.decodeFullColumn;org/weakref/nitro/parquet/ColumnReader.readBinary;org/weakref/nitro/parquet/ColumnReader.readBinaryDirect;org/weakref/nitro/parquet/ColumnReader.decodeNextDataPage;org/weakref/nitro/parquet/ColumnReader.readPageHeader;org/apache/parquet/format/Util.readPageHeader;org/apache/parquet/format/Util.readPageHeader;org/apache/parquet/format/Util.read;org/apache/parquet/format/PageHeader.read;org/apache/parquet/format/PageHeader$PageHeaderStandardScheme.read;org/apache/parquet/format/PageHeader$PageHeaderStandardScheme.read;org/apache/parquet/format/InterningProtocol.readFieldBegin;shaded/parquet/org/apache/thrift/protocol/TCompactProtocol.readFieldBegin;shaded/parquet/org/apache/thrift/protocol/TCompactProtocol.readByte;shaded/parquet/org/apache/thrift/transport/TTransport.readAll;shaded/parquet/org/apache/thrift/transport/TIOStreamTransport.read;org/weakref/nitro/parquet/ParquetFile$SegmentInputStream.read;java/lang/foreign/MemorySegment.copy;jdk/internal/foreign/AbstractMemorySegmentImpl.copy;jdk/internal/misc/ScopedMemoryAccess.copyMemory;jdk/internal/misc/ScopedMemoryAccess.copyMemoryInternal;jdk/internal/foreign/MemorySessionImpl.checkValidStateRaw;jbyte_disjoint_arraycopy_stub;asm_exc_page_fault_[k];exc_page_fault_[k];do_user_addr_fault_[k];handle_mm_fault_[k];__handle_mm_fault_[k];handle_pte_fault_[k];do_fault_[k];do_read_fault_[k];pte_alloc_one_[k];alloc_pages_noprof_[k];alloc_pages_mpol_[k];__alloc_frozen_pages_noprof_[k];__memcg_kmem_charge_page_[k];try_charge_memcg_[k] 1
java/lang/Thread.run;java/lang/Thread.runWith;java/util/concurrent/ThreadPoolExecutor$Worker.run;java/util/concurrent/ThreadPoolExecutor.runWorker;java/util/concurrent/FutureTask.run;java/util/concurrent/Executors$RunnableAdapter.call;java/util/concurrent/FutureTask.run;org/openjdk/jmh/runner/BenchmarkHandler$BenchmarkTask.call;org/openjdk/jmh/runner/BenchmarkHandler$BenchmarkTask.call;java/lang/reflect/Method.invoke;jdk/internal/reflect/DirectMethodHandleAccessor.invoke;jdk/internal/reflect/DirectMethodHandleAccessor.invokeImpl;java/lang/invoke/LambdaForm$MH.0x0000000061061400.invokeExact_MT;java/lang/invoke/LambdaForm$MH.0x0000000061061000.invoke;java/lang/invoke/DirectMethodHandle$Holder.invokeSpecial;org/weakref/nitro/clickbench/jmh_generated/BenchmarkQueries_query06_jmhTest.query06_AverageTime;org/weakref/nitro/clickbench/jmh_generated/BenchmarkQueries_query06_jmhTest.query06_avgt_jmhStub;org/weakref/nitro/clickbench/BenchmarkQueries.query06;org/weakref/nitro/clickbench/BenchmarkQueries.consume;org/weakref/nitro/operator/Output.borrow;org/weakref/nitro/operator/AggregationOperator$$Lambda.0x00000000610be3b8.apply;org/weakref/nitro/operator/AggregationOperator.lambda$resultOutput$0;org/weakref/nitro/operator/AggregationOperator.doAggregationIfNeeded;org/weakref/nitro/operator/MarkDistinctOperator.next;org/weakref/nitro/operator/MarkDistinctOperator.computeDistinctMask;org/weakref/nitro/operator/DistinctKeySet.addBatch;org/weakref/nitro/operator/DistinctKeySet$FlatDistinctIndex.addBatch;org/weakref/nitro/operator/FlatGroupingTable.assignGroup;org/weakref/nitro/operator/FlatGroupingTable.assignGroupHashed;org/weakref/nitro/operator/FlatGroupingTable.assignGroupHashedInternal;org/weakref/nitro/operator/FlatGroupingTable.getIndex;org/weakref/nitro/operator/FlatGroupingTable.identical;org/weakref/nitro/operator/FlatKeyLayout.identicalRecordToInput;org/weakref/nitro/operator/FlatKeyLayout.idComparable 1
/usr/lib/x86_64-linux-gnu/libc.so.6;/usr/lib/x86_64-linux-gnu/libc.so.6;thread_native_entry;Thread::call_run;WorkerThread::run;G1EvacuateRegionsBaseTask::work;G1EvacuateRegionsTask::evacuate_live_objects;G1ParEvacuateFollowersClosure::do_void;G1ParScanThreadState::steal_and_trim_queue;G1ParScanThreadState::trim_queue_to_threshold 2
java/lang/Thread.run;java/lang/Thread.runWith;java/util/concurrent/ThreadPoolExecutor$Worker.run;java/util/concurrent/ThreadPoolExecutor.runWorker;java/util/concurrent/FutureTask.run;java/util/concurrent/Executors$RunnableAdapter.call;java/util/concurrent/FutureTask.run;org/openjdk/jmh/runner/BenchmarkHandler$BenchmarkTask.call;org/openjdk/jmh/runner/BenchmarkHandler$BenchmarkTask.call;java/lang/reflect/Method.invoke;jdk/internal/reflect/DirectMethodHandleAccessor.invoke;jdk/internal/reflect/DirectMethodHandleAccessor.invokeImpl;java/lang/invoke/LambdaForm$MH.0x0000000061061400.invokeExact_MT;java/lang/invoke/LambdaForm$MH.0x0000000061061000.invoke;java/lang/invoke/DirectMethodHandle$Holder.invokeSpecial;org/weakref/nitro/clickbench/jmh_generated/BenchmarkQueries_query06_jmhTest.query06_AverageTime;org/weakref/nitro/clickbench/jmh_generated/BenchmarkQueries_query06_jmhTest.query06_avgt_jmhStub;org/weakref/nitro/clickbench/BenchmarkQueries.query06;org/weakref/nitro/clickbench/BenchmarkQueries.consume;org/weakref/nitro/operator/Output.borrow;org/weakref/nitro/operator/AggregationOperator$$Lambda.0x00000000610be3b8.apply;org/weakref/nitro/operator/AggregationOperator.lambda$resultOutput$0;org/weakref/nitro/operator/AggregationOperator.doAggregationIfNeeded;org/weakref/nitro/operator/MarkDistinctOperator.next;org/weakref/nitro/operator/MarkDistinctOperator.computeDistinctMask;org/weakref/nitro/operator/DistinctKeySet.addBatch;org/weakref/nitro/operator/DistinctKeySet$FlatDistinctIndex.addBatch;org/weakref/nitro/operator/FlatGroupingTable.assignGroup;org/weakref/nitro/operator/FlatGroupingTable.assignGroupHashed;org/weakref/nitro/operator/FlatGroupingTable.assignGroupHashedInternal;org/weakref/nitro/operator/FlatGroupingTable.getIndex;org/weakref/nitro/operator/FlatGroupingTable.match 1
java/lang/Thread.run;java/lang/Thread.runWith;java/util/concurrent/ThreadPoolExecutor$Worker.run;java/util/concurrent/ThreadPoolExecutor.runWorker;java/util/concurrent/FutureTask.run;java/util/concurrent/Executors$RunnableAdapter.call;java/util/concurrent/FutureTask.run;org/openjdk/jmh/runner/BenchmarkHandler$BenchmarkTask.call;org/openjdk/jmh/runner/BenchmarkHandler$BenchmarkTask.call;java/lang/reflect/Method.invoke;jdk/internal/reflect/DirectMethodHandleAccessor.invoke;jdk/internal/reflect/DirectMethodHandleAccessor.invokeImpl;java/lang/invoke/LambdaForm$MH.0x0000000061061400.invokeExact_MT;java/lang/invoke/LambdaForm$MH.0x0000000061061000.invoke;java/lang/invoke/DirectMethodHandle$Holder.invokeSpecial;org/weakref/nitro/clickbench/jmh_generated/BenchmarkQueries_query06_jmhTest.query06_AverageTime;org/weakref/nitro/clickbench/jmh_generated/BenchmarkQueries_query06_jmhTest.query06_avgt_jmhStub;org/weakref/nitro/clickbench/BenchmarkQueries.query06;org/weakref/nitro/clickbench/BenchmarkQueries.consume;org/weakref/nitro/operator/Output.borrow;org/weakref/nitro/operator/AggregationOperator$$Lambda.0x00000000610be3b8.apply;org/weakref/nitro/operator/AggregationOperator.lambda$resultOutput$0;org/weakref/nitro/operator/AggregationOperator.doAggregationIfNeeded;org/weakref/nitro/operator/MarkDistinctOperator.next;org/weakref/nitro/operator/MarkDistinctOperator.computeDistinctMask;org/weakref/nitro/operator/DistinctKeySet.addBatch;org/weakref/nitro/operator/DistinctKeySet$FlatDistinctIndex.addBatch;org/weakref/nitro/operator/DistinctKeySet$FlatDistinctIndex.addFlatBinaryBatch;org/weakref/nitro/operator/FlatGroupingTable.assignGroup;org/weakref/nitro/operator/FlatGroupingTable.assignGroupHashed;org/weakref/nitro/operator/FlatGroupingTable.assignGroupHashedInternal;org/weakref/nitro/operator/FlatGroupingTable.getIndex;java/lang/invoke/VarHandleGuards.guard_LI_J;java/lang/invoke/VarHandleByteArrayAsLongs$ArrayHandle.get;jdk/internal/misc/Unsafe.getLongUnaligned 3
java/lang/Thread.run;java/lang/Thread.runWith;java/util/concurrent/ThreadPoolExecutor$Worker.run;java/util/concurrent/ThreadPoolExecutor.runWorker;java/util/concurrent/FutureTask.run;java/util/concurrent/Executors$RunnableAdapter.call;java/util/concurrent/FutureTask.run;org/openjdk/jmh/runner/BenchmarkHandler$BenchmarkTask.call;org/openjdk/jmh/runner/BenchmarkHandler$BenchmarkTask.call;java/lang/reflect/Method.invoke;jdk/internal/reflect/DirectMethodHandleAccessor.invoke;jdk/internal/reflect/DirectMethodHandleAccessor.invokeImpl;java/lang/invoke/LambdaForm$MH.0x0000000061061400.invokeExact_MT;java/lang/invoke/LambdaForm$MH.0x0000000061061000.invoke;java/lang/invoke/DirectMethodHandle$Holder.invokeSpecial;org/weakref/nitro/clickbench/jmh_generated/BenchmarkQueries_query06_jmhTest.query06_AverageTime;org/weakref/nitro/clickbench/jmh_generated/BenchmarkQueries_query06_jmhTest.query06_avgt_jmhStub;org/weakref/nitro/clickbench/BenchmarkQueries.query06;org/weakref/nitro/clickbench/BenchmarkQueries.consume;org/weakref/nitro/operator/Output.borrow;org/weakref/nitro/operator/AggregationOperator$$Lambda.0x00000000610be3b8.apply;org/weakref/nitro/operator/AggregationOperator.lambda$resultOutput$0;org/weakref/nitro/operator/AggregationOperator.doAggregationIfNeeded;org/weakref/nitro/operator/MarkDistinctOperator.next;org/weakref/nitro/operator/MarkDistinctOperator.computeDistinctMask;org/weakref/nitro/operator/Output.borrow;org/weakref/nitro/operator/NitroParquetScanOperator$ScanOutputResolver$$Lambda.0x00000000610aab88.apply;org/weakref/nitro/operator/NitroParquetScanOperator$ScanOutputResolver.resolve;org/weakref/nitro/operator/NitroParquetScanOperator.resolveLazyColumn;org/weakref/nitro/operator/NitroParquetScanOperator.decodeFullColumn;org/weakref/nitro/parquet/ColumnReader.readBinary;org/weakref/nitro/parquet/ColumnReader.readBinaryDirect;org/weakref/nitro/parquet/ColumnReader.decodeNextDataPage;org/weakref/nitro/parquet/ColumnReader.decompress;io/airlift/compress/v3/snappy/SnappyNativeDecompressor.decompress;io/airlift/compress/v3/snappy/SnappyNative.decompress;io/airlift/compress/v3/snappy/SnappyNative.decompressInternal;java/lang/invoke/LambdaForm$MH.0x0000000061108c00.invokeExact_MT;java/lang/invoke/LambdaForm$MH.0x0000000061119400.invoke;java/lang/invoke/LambdaForm$DMH.0x00000000610b1400.invokeStatic;jdk/internal/foreign/abi/DowncallStub.0x00000000610b1000.invoke;java/lang/invoke/LambdaForm$MH.0x0000000061109800.invokeExact_MT;java/lang/invoke/LambdaForm$MH.0x0000000061119800.invoke;nep_invoker_blob;snappy_uncompress;snappy::RawUncompress;snappy::RawUncompress;void snappy::SnappyDecompressor::DecompressAllTags<snappy::SnappyArrayWriter>;std::pair<unsigned char const*, long> snappy::DecompressBranchless<char*> 14
java/lang/Thread.run;java/lang/Thread.runWith;java/util/concurrent/ThreadPoolExecutor$Worker.run;java/util/concurrent/ThreadPoolExecutor.runWorker;java/util/concurrent/FutureTask.run;java/util/concurrent/Executors$RunnableAdapter.call;java/util/concurrent/FutureTask.run;org/openjdk/jmh/runner/BenchmarkHandler$BenchmarkTask.call;org/openjdk/jmh/runner/BenchmarkHandler$BenchmarkTask.call;java/lang/reflect/Method.invoke;jdk/internal/reflect/DirectMethodHandleAccessor.invoke;jdk/internal/reflect/DirectMethodHandleAccessor.invokeImpl;java/lang/invoke/LambdaForm$MH.0x0000000061061400.invokeExact_MT;java/lang/invoke/LambdaForm$MH.0x0000000061061000.invoke;java/lang/invoke/DirectMethodHandle$Holder.invokeSpecial;org/weakref/nitro/clickbench/jmh_generated/BenchmarkQueries_query06_jmhTest.query06_AverageTime;org/weakref/nitro/clickbench/jmh_generated/BenchmarkQueries_query06_jmhTest.query06_avgt_jmhStub;org/weakref/nitro/clickbench/BenchmarkQueries.query06;org/weakref/nitro/clickbench/BenchmarkQueries.consume;org/weakref/nitro/operator/Output.borrow;org/weakref/nitro/operator/AggregationOperator$$Lambda.0x00000000610be3b8.apply;org/weakref/nitro/operator/AggregationOperator.lambda$resultOutput$0;org/weakref/nitro/operator/AggregationOperator.doAggregationIfNeeded;org/weakref/nitro/operator/MarkDistinctOperator.next;org/weakref/nitro/operator/MarkDistinctOperator.computeDistinctMask;org/weakref/nitro/operator/DistinctKeySet.addBatch;org/weakref/nitro/operator/DistinctKeySet$FlatDistinctIndex.addBatch;org/weakref/nitro/operator/DistinctKeySet$FlatDistinctIndex.addFlatBinaryBatch;org/weakref/nitro/operator/FlatGroupingTable.assignGroup;org/weakref/nitro/operator/FlatGroupingTable.assignGroupHashed;org/weakref/nitro/operator/FlatGroupingTable.assignGroupHashedInternal;org/weakref/nitro/operator/FlatGroupingTable.getIndex;org/weakref/nitro/operator/FlatGroupingTable.identical;org/weakref/nitro/operator/FlatKeyLayout.identicalRecordToInput;org/weakref/nitro/operator/FlatKeyLayout.identicalBinaryField;org/weakref/nitro/data/BinaryVector.length;org/weakref/nitro/data/BinaryVector.endOffset 1
java/lang/Thread.run;java/lang/Thread.runWith;java/util/concurrent/ThreadPoolExecutor$Worker.run;java/util/concurrent/ThreadPoolExecutor.runWorker;java/util/concurrent/FutureTask.run;java/util/concurrent/Executors$RunnableAdapter.call;java/util/concurrent/FutureTask.run;org/openjdk/jmh/runner/BenchmarkHandler$BenchmarkTask.call;org/openjdk/jmh/runner/BenchmarkHandler$BenchmarkTask.call;java/lang/reflect/Method.invoke;jdk/internal/reflect/DirectMethodHandleAccessor.invoke;jdk/internal/reflect/DirectMethodHandleAccessor.invokeImpl;java/lang/invoke/LambdaForm$MH.0x0000000061061400.invokeExact_MT;java/lang/invoke/LambdaForm$MH.0x0000000061061000.invoke;java/lang/invoke/DirectMethodHandle$Holder.invokeSpecial;org/weakref/nitro/clickbench/jmh_generated/BenchmarkQueries_query06_jmhTest.query06_AverageTime;org/weakref/nitro/clickbench/jmh_generated/BenchmarkQueries_query06_jmhTest.query06_avgt_jmhStub;org/weakref/nitro/clickbench/BenchmarkQueries.query06;org/weakref/nitro/clickbench/BenchmarkQueries.consume;org/weakref/nitro/operator/Output.borrow;org/weakref/nitro/operator/AggregationOperator$$Lambda.0x00000000610be3b8.apply;org/weakref/nitro/operator/AggregationOperator.lambda$resultOutput$0;org/weakref/nitro/operator/AggregationOperator.doAggregationIfNeeded;org/weakref/nitro/operator/MarkDistinctOperator.next;org/weakref/nitro/operator/MarkDistinctOperator.computeDistinctMask;org/weakref/nitro/operator/DistinctKeySet.addBatch;org/weakref/nitro/operator/DistinctKeySet$FlatDistinctIndex.addBatch;org/weakref/nitro/operator/FlatGroupingTable.prepareBatchHashes;org/weakref/nitro/operator/FlatGroupingTable.prepareBatchHash;org/weakref/nitro/operator/FlatKeyLayout.hash;org/weakref/nitro/operator/FlatKeyLayout.fieldHash;org/weakref/nitro/operator/FlatKeyLayout.binaryFieldHash;org/weakref/nitro/operator/FlatKeyLayout.globalIdFor 1
java/lang/Thread.run;java/lang/Thread.runWith;java/util/concurrent/ThreadPoolExecutor$Worker.run;java/util/concurrent/ThreadPoolExecutor.runWorker;java/util/concurrent/FutureTask.run;java/util/concurrent/Executors$RunnableAdapter.call;java/util/concurrent/FutureTask.run;org/openjdk/jmh/runner/BenchmarkHandler$BenchmarkTask.call;org/openjdk/jmh/runner/BenchmarkHandler$BenchmarkTask.call;java/lang/reflect/Method.invoke;jdk/internal/reflect/DirectMethodHandleAccessor.invoke;jdk/internal/reflect/DirectMethodHandleAccessor.invokeImpl;java/lang/invoke/LambdaForm$MH.0x0000000061061400.invokeExact_MT;java/lang/invoke/LambdaForm$MH.0x0000000061061000.invoke;java/lang/invoke/DirectMethodHandle$Holder.invokeSpecial;org/weakref/nitro/clickbench/jmh_generated/BenchmarkQueries_query06_jmhTest.query06_AverageTime;org/weakref/nitro/clickbench/jmh_generated/BenchmarkQueries_query06_jmhTest.query06_avgt_jmhStub;org/weakref/nitro/clickbench/BenchmarkQueries.query06;org/weakref/nitro/clickbench/BenchmarkQueries.consume;org/weakref/nitro/operator/Output.borrow;org/weakref/nitro/operator/AggregationOperator$$Lambda.0x00000000610be3b8.apply;org/weakref/nitro/operator/AggregationOperator.lambda$resultOutput$0;org/weakref/nitro/operator/AggregationOperator.doAggregationIfNeeded;org/weakref/nitro/operator/MarkDistinctOperator.next;org/weakref/nitro/operator/MarkDistinctOperator.computeDistinctMask;org/weakref/nitro/operator/DistinctKeySet.addBatch;org/weakref/nitro/operator/DistinctKeySet$FlatDistinctIndex.addBatch;org/weakref/nitro/operator/DistinctKeySet$FlatDistinctIndex.addFlatBinaryBatch;org/weakref/nitro/operator/FlatGroupingTable.assignGroup;org/weakref/nitro/operator/FlatGroupingTable.assignGroupHashed;org/weakref/nitro/operator/FlatGroupingTable.assignGroupHashedInternal;org/weakref/nitro/operator/FlatGroupingTable.rehash;org/weakref/nitro/operator/FlatGroupingTable.setControl 1
java/lang/Thread.run;java/lang/Thread.runWith;java/util/concurrent/ThreadPoolExecutor$Worker.run;java/util/concurrent/ThreadPoolExecutor.runWorker;java/util/concurrent/FutureTask.run;java/util/concurrent/Executors$RunnableAdapter.call;java/util/concurrent/FutureTask.run;org/openjdk/jmh/runner/BenchmarkHandler$BenchmarkTask.call;org/openjdk/jmh/runner/BenchmarkHandler$BenchmarkTask.call;java/lang/reflect/Method.invoke;jdk/internal/reflect/DirectMethodHandleAccessor.invoke;jdk/internal/reflect/DirectMethodHandleAccessor.invokeImpl;java/lang/invoke/LambdaForm$MH.0x0000000061061400.invokeExact_MT;java/lang/invoke/LambdaForm$MH.0x0000000061061000.invoke;java/lang/invoke/DirectMethodHandle$Holder.invokeSpecial;org/weakref/nitro/clickbench/jmh_generated/BenchmarkQueries_query06_jmhTest.query06_AverageTime;org/weakref/nitro/clickbench/jmh_generated/BenchmarkQueries_query06_jmhTest.query06_avgt_jmhStub;org/weakref/nitro/clickbench/BenchmarkQueries.query06;org/weakref/nitro/clickbench/BenchmarkQueries.consume;org/weakref/nitro/operator/Output.borrow;org/weakref/nitro/operator/AggregationOperator$$Lambda.0x00000000610be3b8.apply;org/weakref/nitro/operator/AggregationOperator.lambda$resultOutput$0;org/weakref/nitro/operator/AggregationOperator.doAggregationIfNeeded;org/weakref/nitro/operator/MarkDistinctOperator.next;org/weakref/nitro/operator/MarkDistinctOperator.computeDistinctMask;org/weakref/nitro/operator/DistinctKeySet.addBatch;org/weakref/nitro/operator/DistinctKeySet$FlatDistinctIndex.addBatch;org/weakref/nitro/operator/FlatGroupingTable.assignGroup;org/weakref/nitro/operator/FlatGroupingTable.assignGroupHashed;org/weakref/nitro/operator/FlatGroupingTable.assignGroupHashedInternal;org/weakref/nitro/operator/FlatGroupingTable.getIndex 2
java/lang/Thread.run;java/lang/Thread.runWith;java/util/concurrent/ThreadPoolExecutor$Worker.run;java/util/concurrent/ThreadPoolExecutor.runWorker;java/util/concurrent/FutureTask.run;java/util/concurrent/Executors$RunnableAdapter.call;java/util/concurrent/FutureTask.run;org/openjdk/jmh/runner/BenchmarkHandler$BenchmarkTask.call;org/openjdk/jmh/runner/BenchmarkHandler$BenchmarkTask.call;java/lang/reflect/Method.invoke;jdk/internal/reflect/DirectMethodHandleAccessor.invoke;jdk/internal/reflect/DirectMethodHandleAccessor.invokeImpl;java/lang/invoke/LambdaForm$MH.0x0000000061061400.invokeExact_MT;java/lang/invoke/LambdaForm$MH.0x0000000061061000.invoke;java/lang/invoke/DirectMethodHandle$Holder.invokeSpecial;org/weakref/nitro/clickbench/jmh_generated/BenchmarkQueries_query06_jmhTest.query06_AverageTime;org/weakref/nitro/clickbench/jmh_generated/BenchmarkQueries_query06_jmhTest.query06_avgt_jmhStub;org/weakref/nitro/clickbench/BenchmarkQueries.query06;org/weakref/nitro/clickbench/BenchmarkQueries.consume;org/weakref/nitro/operator/Output.borrow;org/weakref/nitro/operator/AggregationOperator$$Lambda.0x00000000610be3b8.apply;org/weakref/nitro/operator/AggregationOperator.lambda$resultOutput$0;org/weakref/nitro/operator/AggregationOperator.doAggregationIfNeeded;org/weakref/nitro/operator/MarkDistinctOperator.next;org/weakref/nitro/operator/MarkDistinctOperator.computeDistinctMask;org/weakref/nitro/operator/DistinctKeySet.addBatch;org/weakref/nitro/operator/DistinctKeySet$FlatDistinctIndex.addBatch;org/weakref/nitro/operator/FlatGroupingTable.prepareBatchHashes;org/weakref/nitro/operator/FlatGroupingTable.prepareBatchHash;org/weakref/nitro/operator/FlatKeyLayout.hash;org/weakref/nitro/operator/FlatKeyLayout.fieldHash 2
java/lang/Thread.run;java/lang/Thread.runWith;java/util/concurrent/ThreadPoolExecutor$Worker.run;java/util/concurrent/ThreadPoolExecutor.runWorker;java/util/concurrent/FutureTask.run;java/util/concurrent/Executors$RunnableAdapter.call;java/util/concurrent/FutureTask.run;org/openjdk/jmh/runner/BenchmarkHandler$BenchmarkTask.call;org/openjdk/jmh/runner/BenchmarkHandler$BenchmarkTask.call;java/lang/reflect/Method.invoke;jdk/internal/reflect/DirectMethodHandleAccessor.invoke;jdk/internal/reflect/DirectMethodHandleAccessor.invokeImpl;java/lang/invoke/LambdaForm$MH.0x0000000061061400.invokeExact_MT;java/lang/invoke/LambdaForm$MH.0x0000000061061000.invoke;java/lang/invoke/DirectMethodHandle$Holder.invokeSpecial;org/weakref/nitro/clickbench/jmh_generated/BenchmarkQueries_query06_jmhTest.query06_AverageTime;org/weakref/nitro/clickbench/jmh_generated/BenchmarkQueries_query06_jmhTest.query06_avgt_jmhStub;org/weakref/nitro/clickbench/BenchmarkQueries.query06;org/weakref/nitro/clickbench/BenchmarkQueries.consume;org/weakref/nitro/operator/Output.borrow;org/weakref/nitro/operator/AggregationOperator$$Lambda.0x00000000610be3b8.apply;org/weakref/nitro/operator/AggregationOperator.lambda$resultOutput$0;org/weakref/nitro/operator/AggregationOperator.doAggregationIfNeeded;org/weakref/nitro/operator/MarkDistinctOperator.next;org/weakref/nitro/operator/MarkDistinctOperator.computeDistinctMask;org/weakref/nitro/operator/DistinctKeySet.addBatch;org/weakref/nitro/operator/DistinctKeySet$FlatDistinctIndex.addBatch;org/weakref/nitro/operator/FlatGroupingTable.assignGroup;org/weakref/nitro/operator/FlatGroupingTable.assignGroupHashed;org/weakref/nitro/operator/FlatGroupingTable.assignGroupHashedInternal;org/weakref/nitro/operator/FlatGroupingTable.getIndex;org/weakref/nitro/operator/FlatGroupingTable.identical;org/weakref/nitro/operator/FlatKeyLayout.identicalRecordToInput 2
java/lang/Thread.run;java/lang/Thread.runWith;java/util/concurrent/ThreadPoolExecutor$Worker.run;java/util/concurrent/ThreadPoolExecutor.runWorker;java/util/concurrent/FutureTask.run;java/util/concurrent/Executors$RunnableAdapter.call;java/util/concurrent/FutureTask.run;org/openjdk/jmh/runner/BenchmarkHandler$BenchmarkTask.call;org/openjdk/jmh/runner/BenchmarkHandler$BenchmarkTask.call;java/lang/reflect/Method.invoke;jdk/internal/reflect/DirectMethodHandleAccessor.invoke;jdk/internal/reflect/DirectMethodHandleAccessor.invokeImpl;java/lang/invoke/LambdaForm$MH.0x0000000061061400.invokeExact_MT;java/lang/invoke/LambdaForm$MH.0x0000000061061000.invoke;java/lang/invoke/DirectMethodHandle$Holder.invokeSpecial;org/weakref/nitro/clickbench/jmh_generated/BenchmarkQueries_query06_jmhTest.query06_AverageTime;org/weakref/nitro/clickbench/jmh_generated/BenchmarkQueries_query06_jmhTest.query06_avgt_jmhStub;org/weakref/nitro/clickbench/BenchmarkQueries.query06;org/weakref/nitro/clickbench/BenchmarkQueries.consume;org/weakref/nitro/operator/Output.borrow;org/weakref/nitro/operator/AggregationOperator$$Lambda.0x00000000610be3b8.apply;org/weakref/nitro/operator/AggregationOperator.lambda$resultOutput$0;org/weakref/nitro/operator/AggregationOperator.doAggregationIfNeeded;org/weakref/nitro/operator/MarkDistinctOperator.next;org/weakref/nitro/operator/MarkDistinctOperator.computeDistinctMask;org/weakref/nitro/operator/Output.borrow;org/weakref/nitro/operator/NitroParquetScanOperator$ScanOutputResolver$$Lambda.0x00000000610aab88.apply;org/weakref/nitro/operator/NitroParquetScanOperator$ScanOutputResolver.resolve;org/weakref/nitro/operator/NitroParquetScanOperator.resolveLazyColumn;org/weakref/nitro/operator/NitroParquetScanOperator.decodeFullColumn;org/weakref/nitro/parquet/ColumnReader.readBinary;org/weakref/nitro/parquet/ColumnReader.readBinaryDirect 1
java/lang/Thread.run;java/lang/Thread.runWith;java/util/concurrent/ThreadPoolExecutor$Worker.run;java/util/concurrent/ThreadPoolExecutor.runWorker;java/util/concurrent/FutureTask.run;java/util/concurrent/Executors$RunnableAdapter.call;java/util/concurrent/FutureTask.run;org/openjdk/jmh/runner/BenchmarkHandler$BenchmarkTask.call;org/openjdk/jmh/runner/BenchmarkHandler$BenchmarkTask.call;java/lang/reflect/Method.invoke;jdk/internal/reflect/DirectMethodHandleAccessor.invoke;jdk/internal/reflect/DirectMethodHandleAccessor.invokeImpl;java/lang/invoke/LambdaForm$MH.0x0000000061061400.invokeExact_MT;java/lang/invoke/LambdaForm$MH.0x0000000061061000.invoke;java/lang/invoke/DirectMethodHandle$Holder.invokeSpecial;org/weakref/nitro/clickbench/jmh_generated/BenchmarkQueries_query06_jmhTest.query06_AverageTime;org/weakref/nitro/clickbench/jmh_generated/BenchmarkQueries_query06_jmhTest.query06_avgt_jmhStub;org/weakref/nitro/clickbench/BenchmarkQueries.query06;org/weakref/nitro/clickbench/BenchmarkQueries.consume;org/weakref/nitro/operator/Output.borrow;org/weakref/nitro/operator/AggregationOperator$$Lambda.0x00000000610be3b8.apply;org/weakref/nitro/operator/AggregationOperator.lambda$resultOutput$0;org/weakref/nitro/operator/AggregationOperator.doAggregationIfNeeded;org/weakref/nitro/operator/MarkDistinctOperator.next;org/weakref/nitro/operator/MarkDistinctOperator.computeDistinctMask;org/weakref/nitro/operator/DistinctKeySet.addBatch;org/weakref/nitro/operator/DistinctKeySet$FlatDistinctIndex.addBatch;org/weakref/nitro/operator/FlatGroupingTable.prepareBatchHashes;org/weakref/nitro/operator/FlatGroupingTable.prepareBatchHash;org/weakref/nitro/operator/FlatKeyLayout.hash;org/weakref/nitro/operator/FlatKeyLayout.inputFieldNull 2
java/lang/Thread.run;java/lang/Thread.runWith;java/util/concurrent/ThreadPoolExecutor$Worker.run;java/util/concurrent/ThreadPoolExecutor.runWorker;java/util/concurrent/FutureTask.run;java/util/concurrent/Executors$RunnableAdapter.call;java/util/concurrent/FutureTask.run;org/openjdk/jmh/runner/BenchmarkHandler$BenchmarkTask.call;org/openjdk/jmh/runner/BenchmarkHandler$BenchmarkTask.call;java/lang/reflect/Method.invoke;jdk/internal/reflect/DirectMethodHandleAccessor.invoke;jdk/internal/reflect/DirectMethodHandleAccessor.invokeImpl;java/lang/invoke/LambdaForm$MH.0x0000000061061400.invokeExact_MT;java/lang/invoke/LambdaForm$MH.0x0000000061061000.invoke;java/lang/invoke/DirectMethodHandle$Holder.invokeSpecial;org/weakref/nitro/clickbench/jmh_generated/BenchmarkQueries_query06_jmhTest.query06_AverageTime;org/weakref/nitro/clickbench/jmh_generated/BenchmarkQueries_query06_jmhTest.query06_avgt_jmhStub;org/weakref/nitro/clickbench/BenchmarkQueries.query06;org/weakref/nitro/clickbench/BenchmarkQueries.consume;org/weakref/nitro/operator/Output.borrow;org/weakref/nitro/operator/AggregationOperator$$Lambda.0x00000000610be3b8.apply;org/weakref/nitro/operator/AggregationOperator.lambda$resultOutput$0;org/weakref/nitro/operator/AggregationOperator.doAggregationIfNeeded;org/weakref/nitro/operator/MarkDistinctOperator.next;org/weakref/nitro/operator/MarkDistinctOperator.computeDistinctMask;org/weakref/nitro/operator/DistinctKeySet.addBatch;org/weakref/nitro/operator/DistinctKeySet$FlatDistinctIndex.addBatch;org/weakref/nitro/operator/DistinctKeySet$FlatDistinctIndex.addFlatBinaryBatch;org/weakref/nitro/operator/FlatGroupingTable.assignGroup;org/weakref/nitro/operator/FlatGroupingTable.assignGroupHashed;org/weakref/nitro/operator/FlatGroupingTable.assignGroupHashedInternal;org/weakref/nitro/operator/FlatGroupingTable.getIndex;org/weakref/nitro/operator/FlatGroupingTable.identical 6
java/lang/Thread.run;java/lang/Thread.runWith;java/util/concurrent/ThreadPoolExecutor$Worker.run;java/util/concurrent/ThreadPoolExecutor.runWorker;java/util/concurrent/FutureTask.run;java/util/concurrent/Executors$RunnableAdapter.call;java/util/concurrent/FutureTask.run;org/openjdk/jmh/runner/BenchmarkHandler$BenchmarkTask.call;org/openjdk/jmh/runner/BenchmarkHandler$BenchmarkTask.call;java/lang/reflect/Method.invoke;jdk/internal/reflect/DirectMethodHandleAccessor.invoke;jdk/internal/reflect/DirectMethodHandleAccessor.invokeImpl;java/lang/invoke/LambdaForm$MH.0x0000000061061400.invokeExact_MT;java/lang/invoke/LambdaForm$MH.0x0000000061061000.invoke;java/lang/invoke/DirectMethodHandle$Holder.invokeSpecial;org/weakref/nitro/clickbench/jmh_generated/BenchmarkQueries_query06_jmhTest.query06_AverageTime;org/weakref/nitro/clickbench/jmh_generated/BenchmarkQueries_query06_jmhTest.query06_avgt_jmhStub;org/weakref/nitro/clickbench/BenchmarkQueries.query06;org/weakref/nitro/clickbench/BenchmarkQueries.consume;org/weakref/nitro/operator/Output.borrow;org/weakref/nitro/operator/AggregationOperator$$Lambda.0x00000000610be3b8.apply;org/weakref/nitro/operator/AggregationOperator.lambda$resultOutput$0;org/weakref/nitro/operator/AggregationOperator.doAggregationIfNeeded;org/weakref/nitro/operator/MarkDistinctOperator.next;org/weakref/nitro/operator/MarkDistinctOperator.computeDistinctMask;org/weakref/nitro/operator/DistinctKeySet.addBatch;org/weakref/nitro/operator/DistinctKeySet$FlatDistinctIndex.addBatch;org/weakref/nitro/operator/FlatGroupingTable.prepareBatchHashes 2
java/lang/Thread.run;java/lang/Thread.runWith;java/util/concurrent/ThreadPoolExecutor$Worker.run;java/util/concurrent/ThreadPoolExecutor.runWorker;java/util/concurrent/FutureTask.run;java/util/concurrent/Executors$RunnableAdapter.call;java/util/concurrent/FutureTask.run;org/openjdk/jmh/runner/BenchmarkHandler$BenchmarkTask.call;org/openjdk/jmh/runner/BenchmarkHandler$BenchmarkTask.call;java/lang/reflect/Method.invoke;jdk/internal/reflect/DirectMethodHandleAccessor.invoke;jdk/internal/reflect/DirectMethodHandleAccessor.invokeImpl;java/lang/invoke/LambdaForm$MH.0x0000000061061400.invokeExact_MT;java/lang/invoke/LambdaForm$MH.0x0000000061061000.invoke;java/lang/invoke/DirectMethodHandle$Holder.invokeSpecial;org/weakref/nitro/clickbench/jmh_generated/BenchmarkQueries_query06_jmhTest.query06_AverageTime;org/weakref/nitro/clickbench/jmh_generated/BenchmarkQueries_query06_jmhTest.query06_avgt_jmhStub;org/weakref/nitro/clickbench/BenchmarkQueries.query06;org/weakref/nitro/clickbench/BenchmarkQueries.consume;org/weakref/nitro/operator/Output.borrow;org/weakref/nitro/operator/AggregationOperator$$Lambda.0x00000000610be3b8.apply;org/weakref/nitro/operator/AggregationOperator.lambda$resultOutput$0;org/weakref/nitro/operator/AggregationOperator.doAggregationIfNeeded;org/weakref/nitro/operator/MarkDistinctOperator.next;org/weakref/nitro/operator/MarkDistinctOperator.computeDistinctMask;org/weakref/nitro/operator/DistinctKeySet.addBatch;org/weakref/nitro/operator/DistinctKeySet$FlatDistinctIndex.addBatch;org/weakref/nitro/operator/DistinctKeySet$FlatDistinctIndex.addFlatBinaryBatch;org/weakref/nitro/operator/FlatGroupingTable.assignGroup;org/weakref/nitro/operator/FlatGroupingTable.assignGroupHashed;org/weakref/nitro/operator/FlatGroupingTable.assignGroupHashedInternal;org/weakref/nitro/operator/FlatGroupingTable.getIndex 5
java/lang/Thread.run;java/lang/Thread.runWith;java/util/concurrent/ThreadPoolExecutor$Worker.run;java/util/concurrent/ThreadPoolExecutor.runWorker;java/util/concurrent/FutureTask.run;java/util/concurrent/Executors$RunnableAdapter.call;java/util/concurrent/FutureTask.run;org/openjdk/jmh/runner/BenchmarkHandler$BenchmarkTask.call;org/openjdk/jmh/runner/BenchmarkHandler$BenchmarkTask.call;java/lang/reflect/Method.invoke;jdk/internal/reflect/DirectMethodHandleAccessor.invoke;jdk/internal/reflect/DirectMethodHandleAccessor.invokeImpl;java/lang/invoke/LambdaForm$MH.0x0000000061061400.invokeExact_MT;java/lang/invoke/LambdaForm$MH.0x0000000061061000.invoke;java/lang/invoke/DirectMethodHandle$Holder.invokeSpecial;org/weakref/nitro/clickbench/jmh_generated/BenchmarkQueries_query06_jmhTest.query06_AverageTime;org/weakref/nitro/clickbench/jmh_generated/BenchmarkQueries_query06_jmhTest.query06_avgt_jmhStub;org/weakref/nitro/clickbench/BenchmarkQueries.query06;org/weakref/nitro/clickbench/BenchmarkQueries.consume;org/weakref/nitro/operator/Output.borrow;org/weakref/nitro/operator/AggregationOperator$$Lambda.0x00000000610be3b8.apply;org/weakref/nitro/operator/AggregationOperator.lambda$resultOutput$0;org/weakref/nitro/operator/AggregationOperator.doAggregationIfNeeded;org/weakref/nitro/operator/MarkDistinctOperator.next;org/weakref/nitro/operator/MarkDistinctOperator.computeDistinctMask;org/weakref/nitro/operator/Output.borrow;org/weakref/nitro/operator/NitroParquetScanOperator$ScanOutputResolver$$Lambda.0x00000000610aab88.apply;org/weakref/nitro/operator/NitroParquetScanOperator$ScanOutputResolver.resolve;org/weakref/nitro/operator/NitroParquetScanOperator.resolveLazyColumn;org/weakref/nitro/operator/NitroParquetScanOperator.decodeFullColumn;org/weakref/nitro/parquet/ColumnReader.readBinary;org/weakref/nitro/parquet/ColumnReader.readBinaryDirect;org/weakref/nitro/parquet/ColumnReader.decodeNextDataPage;org/weakref/nitro/parquet/ColumnReader.decodeDictionary 1
java/lang/Thread.run;java/lang/Thread.runWith;java/util/concurrent/ThreadPoolExecutor$Worker.run;java/util/concurrent/ThreadPoolExecutor.runWorker;java/util/concurrent/FutureTask.run;java/util/concurrent/Executors$RunnableAdapter.call;java/util/concurrent/FutureTask.run;org/openjdk/jmh/runner/BenchmarkHandler$BenchmarkTask.call;org/openjdk/jmh/runner/BenchmarkHandler$BenchmarkTask.call;java/lang/reflect/Method.invoke;jdk/internal/reflect/DirectMethodHandleAccessor.invoke;jdk/internal/reflect/DirectMethodHandleAccessor.invokeImpl;java/lang/invoke/LambdaForm$MH.0x0000000061061400.invokeExact_MT;java/lang/invoke/LambdaForm$MH.0x0000000061061000.invoke;java/lang/invoke/DirectMethodHandle$Holder.invokeSpecial;org/weakref/nitro/clickbench/jmh_generated/BenchmarkQueries_query06_jmhTest.query06_AverageTime;org/weakref/nitro/clickbench/jmh_generated/BenchmarkQueries_query06_jmhTest.query06_avgt_jmhStub;org/weakref/nitro/clickbench/BenchmarkQueries.query06;org/weakref/nitro/clickbench/BenchmarkQueries.consume;org/weakref/nitro/operator/Output.borrow;org/weakref/nitro/operator/AggregationOperator$$Lambda.0x00000000610be3b8.apply;org/weakref/nitro/operator/AggregationOperator.lambda$resultOutput$0;org/weakref/nitro/operator/AggregationOperator.doAggregationIfNeeded;org/weakref/nitro/operator/MarkDistinctOperator.next;org/weakref/nitro/operator/MarkDistinctOperator.computeDistinctMask;org/weakref/nitro/operator/DistinctKeySet.addBatch;org/weakref/nitro/operator/DistinctKeySet$FlatDistinctIndex.addBatch;org/weakref/nitro/operator/FlatGroupingTable.prepareBatchHashes;org/weakref/nitro/operator/FlatGroupingTable.prepareBatchHash;org/weakref/nitro/operator/FlatKeyLayout.hash;org/weakref/nitro/operator/FlatKeyLayout.fieldHash 1
java/lang/Thread.run;java/lang/Thread.runWith;java/util/concurrent/ThreadPoolExecutor$Worker.run;java/util/concurrent/ThreadPoolExecutor.runWorker;java/util/concurrent/FutureTask.run;java/util/concurrent/Executors$RunnableAdapter.call;java/util/concurrent/FutureTask.run;org/openjdk/jmh/runner/BenchmarkHandler$BenchmarkTask.call;org/openjdk/jmh/runner/BenchmarkHandler$BenchmarkTask.call;java/lang/reflect/Method.invoke;jdk/internal/reflect/DirectMethodHandleAccessor.invoke;jdk/internal/reflect/DirectMethodHandleAccessor.invokeImpl;java/lang/invoke/LambdaForm$MH.0x0000000061061400.invokeExact_MT;java/lang/invoke/LambdaForm$MH.0x0000000061061000.invoke;java/lang/invoke/DirectMethodHandle$Holder.invokeSpecial;org/weakref/nitro/clickbench/jmh_generated/BenchmarkQueries_query06_jmhTest.query06_AverageTime;org/weakref/nitro/clickbench/jmh_generated/BenchmarkQueries_query06_jmhTest.query06_avgt_jmhStub;org/weakref/nitro/clickbench/BenchmarkQueries.query06;org/weakref/nitro/clickbench/BenchmarkQueries.consume;org/weakref/nitro/operator/Output.borrow;org/weakref/nitro/operator/AggregationOperator$$Lambda.0x00000000610be3b8.apply;org/weakref/nitro/operator/AggregationOperator.lambda$resultOutput$0;org/weakref/nitro/operator/AggregationOperator.doAggregationIfNeeded;org/weakref/nitro/operator/MarkDistinctOperator.next;org/weakref/nitro/operator/MarkDistinctOperator.computeDistinctMask;org/weakref/nitro/operator/Output.borrow;org/weakref/nitro/operator/NitroParquetScanOperator$ScanOutputResolver$$Lambda.0x00000000610aab88.apply;org/weakref/nitro/operator/NitroParquetScanOperator$ScanOutputResolver.resolve;org/weakref/nitro/operator/NitroParquetScanOperator.resolveLazyColumn;org/weakref/nitro/operator/NitroParquetScanOperator.decodeFullColumn;org/weakref/nitro/parquet/ColumnReader.readBinary;org/weakref/nitro/parquet/ColumnReader.readBinaryDirect;org/weakref/nitro/parquet/ColumnReader.decodeNextDataPage;org/weakref/nitro/parquet/ColumnReader.decodeDataPageV1;org/weakref/nitro/parquet/ColumnReader.decodePlainBinary;org/weakref/nitro/parquet/ColumnReader.decodePlainBinaryPresized;jshort_disjoint_arraycopy_stub 1
java/lang/Thread.run;java/lang/Thread.runWith;java/util/concurrent/ThreadPoolExecutor$Worker.run;java/util/concurrent/ThreadPoolExecutor.runWorker;java/util/concurrent/FutureTask.run;java/util/concurrent/Executors$RunnableAdapter.call;java/util/concurrent/FutureTask.run;org/openjdk/jmh/runner/BenchmarkHandler$BenchmarkTask.call;org/openjdk/jmh/runner/BenchmarkHandler$BenchmarkTask.call;java/lang/reflect/Method.invoke;jdk/internal/reflect/DirectMethodHandleAccessor.invoke;jdk/internal/reflect/DirectMethodHandleAccessor.invokeImpl;java/lang/invoke/LambdaForm$MH.0x0000000061061400.invokeExact_MT;java/lang/invoke/LambdaForm$MH.0x0000000061061000.invoke;java/lang/invoke/DirectMethodHandle$Holder.invokeSpecial;org/weakref/nitro/clickbench/jmh_generated/BenchmarkQueries_query06_jmhTest.query06_AverageTime;org/weakref/nitro/clickbench/jmh_generated/BenchmarkQueries_query06_jmhTest.query06_avgt_jmhStub;org/weakref/nitro/clickbench/BenchmarkQueries.query06;org/weakref/nitro/clickbench/BenchmarkQueries.consume;org/weakref/nitro/operator/Output.borrow;org/weakref/nitro/operator/AggregationOperator$$Lambda.0x00000000610be3b8.apply;org/weakref/nitro/operator/AggregationOperator.lambda$resultOutput$0;org/weakref/nitro/operator/AggregationOperator.doAggregationIfNeeded;org/weakref/nitro/operator/MarkDistinctOperator.next;org/weakref/nitro/operator/MarkDistinctOperator.computeDistinctMask;org/weakref/nitro/operator/DistinctKeySet.addBatch;org/weakref/nitro/operator/DistinctKeySet$FlatDistinctIndex.addBatch;org/weakref/nitro/operator/DistinctKeySet$FlatDistinctIndex.addFlatBinaryBatch;org/weakref/nitro/operator/FlatGroupingTable.prepareBatchHashes;org/weakref/nitro/operator/FlatGroupingTable.prepareBatchHash;org/weakref/nitro/operator/FlatKeyLayout.hash;org/weakref/nitro/operator/OperatorVectorSupport.binaryHash 2
java/lang/Thread.run;java/lang/Thread.runWith;java/util/concurrent/ThreadPoolExecutor$Worker.run;java/util/concurrent/ThreadPoolExecutor.runWorker;java/util/concurrent/FutureTask.run;java/util/concurrent/Executors$RunnableAdapter.call;java/util/concurrent/FutureTask.run;org/openjdk/jmh/runner/BenchmarkHandler$BenchmarkTask.call;org/openjdk/jmh/runner/BenchmarkHandler$BenchmarkTask.call;java/lang/reflect/Method.invoke;jdk/internal/reflect/DirectMethodHandleAccessor.invoke;jdk/internal/reflect/DirectMethodHandleAccessor.invokeImpl;java/lang/invoke/LambdaForm$MH.0x0000000061061400.invokeExact_MT;java/lang/invoke/LambdaForm$MH.0x0000000061061000.invoke;java/lang/invoke/DirectMethodHandle$Holder.invokeSpecial;org/weakref/nitro/clickbench/jmh_generated/BenchmarkQueries_query06_jmhTest.query06_AverageTime;org/weakref/nitro/clickbench/jmh_generated/BenchmarkQueries_query06_jmhTest.query06_avgt_jmhStub;org/weakref/nitro/clickbench/BenchmarkQueries.query06;org/weakref/nitro/clickbench/BenchmarkQueries.consume;org/weakref/nitro/operator/Output.borrow;org/weakref/nitro/operator/AggregationOperator$$Lambda.0x00000000610be3b8.apply;org/weakref/nitro/operator/AggregationOperator.lambda$resultOutput$0;org/weakref/nitro/operator/AggregationOperator.doAggregationIfNeeded;org/weakref/nitro/operator/MarkDistinctOperator.next;org/weakref/nitro/operator/MarkDistinctOperator.computeDistinctMask;org/weakref/nitro/operator/DistinctKeySet.addBatch;org/weakref/nitro/operator/DistinctKeySet$FlatDistinctIndex.addBatch;org/weakref/nitro/operator/FlatGroupingTable.assignGroup;org/weakref/nitro/operator/FlatGroupingTable.assignGroupHashed;org/weakref/nitro/operator/FlatGroupingTable.assignGroupHashedInternal;org/weakref/nitro/operator/FlatGroupingTable.getIndex;org/weakref/nitro/operator/FlatGroupingTable.identical;org/weakref/nitro/operator/FlatKeyLayout.identicalRecordToInput;org/weakref/nitro/operator/FlatTypeHandlers$4.identicalFlatToInput;org/weakref/nitro/operator/OperatorVectorSupport.binaryEquals;java/util/Arrays.mismatch;jdk/internal/util/ArraysSupport.mismatch;vectorizedMismatch_stub 4
java/lang/Thread.run;java/lang/Thread.runWith;java/util/concurrent/ThreadPoolExecutor$Worker.run;java/util/concurrent/ThreadPoolExecutor.runWorker;java/util/concurrent/FutureTask.run;java/util/concurrent/Executors$RunnableAdapter.call;java/util/concurrent/FutureTask.run;org/openjdk/jmh/runner/BenchmarkHandler$BenchmarkTask.call;org/openjdk/jmh/runner/BenchmarkHandler$BenchmarkTask.call;java/lang/reflect/Method.invoke;jdk/internal/reflect/DirectMethodHandleAccessor.invoke;jdk/internal/reflect/DirectMethodHandleAccessor.invokeImpl;java/lang/invoke/LambdaForm$MH.0x0000000061061400.invokeExact_MT;java/lang/invoke/LambdaForm$MH.0x0000000061061000.invoke;java/lang/invoke/DirectMethodHandle$Holder.invokeSpecial;org/weakref/nitro/clickbench/jmh_generated/BenchmarkQueries_query06_jmhTest.query06_AverageTime;org/weakref/nitro/clickbench/jmh_generated/BenchmarkQueries_query06_jmhTest.query06_avgt_jmhStub;org/weakref/nitro/clickbench/BenchmarkQueries.query06;org/weakref/nitro/clickbench/BenchmarkQueries.consume;org/weakref/nitro/operator/Output.borrow;org/weakref/nitro/operator/AggregationOperator$$Lambda.0x00000000610be3b8.apply;org/weakref/nitro/operator/AggregationOperator.lambda$resultOutput$0;org/weakref/nitro/operator/AggregationOperator.doAggregationIfNeeded;org/weakref/nitro/operator/MarkDistinctOperator.next;org/weakref/nitro/operator/MarkDistinctOperator.computeDistinctMask;org/weakref/nitro/operator/DistinctKeySet.addBatch;org/weakref/nitro/operator/DistinctKeySet$FlatDistinctIndex.addBatch;org/weakref/nitro/operator/DistinctKeySet$FlatDistinctIndex.addFlatBinaryBatch;org/weakref/nitro/operator/FlatGroupingTable.prepareBatchHashes;org/weakref/nitro/operator/FlatGroupingTable.prepareBatchHash;org/weakref/nitro/operator/FlatKeyLayout.hash;org/weakref/nitro/operator/OperatorVectorSupport.binaryHash;org/weakref/nitro/operator/OperatorVectorSupport.fmix64 1
java/lang/Thread.run;java/lang/Thread.runWith;java/util/concurrent/ThreadPoolExecutor$Worker.run;java/util/concurrent/ThreadPoolExecutor.runWorker;java/util/concurrent/FutureTask.run;java/util/concurrent/Executors$RunnableAdapter.call;java/util/concurrent/FutureTask.run;org/openjdk/jmh/runner/BenchmarkHandler$BenchmarkTask.call;org/openjdk/jmh/runner/BenchmarkHandler$BenchmarkTask.call;java/lang/reflect/Method.invoke;jdk/internal/reflect/DirectMethodHandleAccessor.invoke;jdk/internal/reflect/DirectMethodHandleAccessor.invokeImpl;java/lang/invoke/LambdaForm$MH.0x0000000061061400.invokeExact_MT;java/lang/invoke/LambdaForm$MH.0x0000000061061000.invoke;java/lang/invoke/DirectMethodHandle$Holder.invokeSpecial;org/weakref/nitro/clickbench/jmh_generated/BenchmarkQueries_query06_jmhTest.query06_AverageTime;org/weakref/nitro/clickbench/jmh_generated/BenchmarkQueries_query06_jmhTest.query06_avgt_jmhStub;org/weakref/nitro/clickbench/BenchmarkQueries.query06;org/weakref/nitro/clickbench/ClickBenchHitsSupport.query06;org/weakref/nitro/clickbench/ClickBenchHitsSupport.clickBenchScan;org/weakref/nitro/operator/NitroParquetScanOperator.<init>;java/util/stream/ReferencePipeline.toArray;java/util/stream/AbstractPipeline.evaluateToArrayNode;java/util/stream/AbstractPipeline.evaluate;java/util/stream/AbstractPipeline.wrapAndCopyInto;java/util/stream/AbstractPipeline.copyInto;java/util/AbstractList$RandomAccessSpliterator.forEachRemaining;java/util/stream/ReferencePipeline$3$1.accept;org/weakref/nitro/operator/NitroParquetScanOperator$$Lambda.0x00000000610837a8.apply;org/weakref/nitro/parquet/ParquetFile.open;org/weakref/nitro/parquet/ParquetFile.<init>;org/apache/parquet/format/Util.readFileMetaData;org/apache/parquet/format/Util.readFileMetaData;org/apache/parquet/format/Util.read;org/apache/parquet/format/FileMetaData.read;org/apache/parquet/format/FileMetaData$FileMetaDataStandardScheme.read;org/apache/parquet/format/FileMetaData$FileMetaDataStandardScheme.read;org/apache/parquet/format/SchemaElement.read;org/apache/parquet/format/SchemaElement$SchemaElementStandardScheme.read;org/apache/parquet/format/SchemaElement$SchemaElementStandardScheme.read;org/apache/parquet/format/InterningProtocol.readI32;shaded/parquet/org/apache/thrift/protocol/TCompactProtocol.readI32;shaded/parquet/org/apache/thrift/protocol/TCompactProtocol.readVarint32;shaded/parquet/org/apache/thrift/protocol/TCompactProtocol.readByte;shaded/parquet/org/apache/thrift/transport/TTransport.readAll;shaded/parquet/org/apache/thrift/transport/TIOStreamTransport.read;org/weakref/nitro/parquet/ParquetFile$SegmentInputStream.read;java/lang/foreign/MemorySegment.copy;jdk/internal/foreign/AbstractMemorySegmentImpl.copy 1
java/lang/Thread.run;java/lang/Thread.runWith;java/util/concurrent/ThreadPoolExecutor$Worker.run;java/util/concurrent/ThreadPoolExecutor.runWorker;java/util/concurrent/FutureTask.run;java/util/concurrent/Executors$RunnableAdapter.call;java/util/concurrent/FutureTask.run;org/openjdk/jmh/runner/BenchmarkHandler$BenchmarkTask.call;org/openjdk/jmh/runner/BenchmarkHandler$BenchmarkTask.call;java/lang/reflect/Method.invoke;jdk/internal/reflect/DirectMethodHandleAccessor.invoke;jdk/internal/reflect/DirectMethodHandleAccessor.invokeImpl;java/lang/invoke/LambdaForm$MH.0x0000000061061400.invokeExact_MT;java/lang/invoke/LambdaForm$MH.0x0000000061061000.invoke;java/lang/invoke/DirectMethodHandle$Holder.invokeSpecial;org/weakref/nitro/clickbench/jmh_generated/BenchmarkQueries_query06_jmhTest.query06_AverageTime;org/weakref/nitro/clickbench/jmh_generated/BenchmarkQueries_query06_jmhTest.query06_avgt_jmhStub;org/weakref/nitro/clickbench/BenchmarkQueries.query06;org/weakref/nitro/clickbench/BenchmarkQueries.consume;org/weakref/nitro/operator/Output.borrow;org/weakref/nitro/operator/AggregationOperator$$Lambda.0x00000000610be3b8.apply;org/weakref/nitro/operator/AggregationOperator.lambda$resultOutput$0;org/weakref/nitro/operator/AggregationOperator.doAggregationIfNeeded;org/weakref/nitro/operator/MarkDistinctOperator.next;org/weakref/nitro/operator/MarkDistinctOperator.computeDistinctMask;org/weakref/nitro/operator/Output.borrow;org/weakref/nitro/operator/NitroParquetScanOperator$ScanOutputResolver$$Lambda.0x00000000610aab88.apply;org/weakref/nitro/operator/NitroParquetScanOperator$ScanOutputResolver.resolve;org/weakref/nitro/operator/NitroParquetScanOperator.resolveLazyColumn;org/weakref/nitro/operator/NitroParquetScanOperator.decodeFullColumn;org/weakref/nitro/parquet/ColumnReader.readBinary;org/weakref/nitro/parquet/ColumnReader.readBinaryDirect;org/weakref/nitro/parquet/ColumnReader.decodeNextDataPage;org/weakref/nitro/parquet/ColumnReader.decodeDataPageV1;org/weakref/nitro/parquet/ColumnReader.decodePlainBinary;org/weakref/nitro/parquet/ColumnReader.decodePlainBinaryPresized;org/weakref/nitro/parquet/ColumnReader.appendPlainEntryPresized;java/lang/foreign/MemorySegment.copy;jdk/internal/foreign/AbstractMemorySegmentImpl.copy;jdk/internal/foreign/AbstractMemorySegmentImpl.checkAccess;jdk/internal/foreign/AbstractMemorySegmentImpl.checkAccessBounds;jdk/internal/foreign/AbstractMemorySegmentImpl.checkBounds 3
java/lang/Thread.run;java/lang/Thread.runWith;java/util/concurrent/ThreadPoolExecutor$Worker.run;java/util/concurrent/ThreadPoolExecutor.runWorker;java/util/concurrent/FutureTask.run;java/util/concurrent/Executors$RunnableAdapter.call;java/util/concurrent/FutureTask.run;org/openjdk/jmh/runner/BenchmarkHandler$BenchmarkTask.call;org/openjdk/jmh/runner/BenchmarkHandler$BenchmarkTask.call;java/lang/reflect/Method.invoke;jdk/internal/reflect/DirectMethodHandleAccessor.invoke;jdk/internal/reflect/DirectMethodHandleAccessor.invokeImpl;java/lang/invoke/LambdaForm$MH.0x0000000061061400.invokeExact_MT;java/lang/invoke/LambdaForm$MH.0x0000000061061000.invoke;java/lang/invoke/DirectMethodHandle$Holder.invokeSpecial;org/weakref/nitro/clickbench/jmh_generated/BenchmarkQueries_query06_jmhTest.query06_AverageTime;org/weakref/nitro/clickbench/jmh_generated/BenchmarkQueries_query06_jmhTest.query06_avgt_jmhStub;org/weakref/nitro/clickbench/BenchmarkQueries.query06;org/weakref/nitro/clickbench/BenchmarkQueries.consume;org/weakref/nitro/operator/Output.borrow;org/weakref/nitro/operator/AggregationOperator$$Lambda.0x00000000610be3b8.apply;org/weakref/nitro/operator/AggregationOperator.lambda$resultOutput$0;org/weakref/nitro/operator/AggregationOperator.doAggregationIfNeeded;org/weakref/nitro/operator/MarkDistinctOperator.next;org/weakref/nitro/operator/MarkDistinctOperator.computeDistinctMask;org/weakref/nitro/operator/DistinctKeySet.addBatch;org/weakref/nitro/operator/DistinctKeySet$FlatDistinctIndex.addBatch;org/weakref/nitro/operator/DistinctKeySet$FlatDistinctIndex.addFlatBinaryBatch;org/weakref/nitro/operator/FlatGroupingTable.assignGroup;org/weakref/nitro/operator/FlatGroupingTable.assignGroupHashed;org/weakref/nitro/operator/FlatGroupingTable.assignGroupHashedInternal;org/weakref/nitro/operator/FlatGroupingTable.addNewGroup;org/weakref/nitro/operator/FlatKeyLayout.writeRecord;org/weakref/nitro/operator/FlatKeyLayout.writeBinaryField;org/weakref/nitro/operator/FlatGroupingTable$FlatVariableWidthArena.append;jbyte_disjoint_arraycopy_stub 1
java/lang/Thread.run;java/lang/Thread.runWith;java/util/concurrent/ThreadPoolExecutor$Worker.run;java/util/concurrent/ThreadPoolExecutor.runWorker;java/util/concurrent/FutureTask.run;java/util/concurrent/Executors$RunnableAdapter.call;java/util/concurrent/FutureTask.run;org/openjdk/jmh/runner/BenchmarkHandler$BenchmarkTask.call;org/openjdk/jmh/runner/BenchmarkHandler$BenchmarkTask.call;java/lang/reflect/Method.invoke;jdk/internal/reflect/DirectMethodHandleAccessor.invoke;jdk/internal/reflect/DirectMethodHandleAccessor.invokeImpl;java/lang/invoke/LambdaForm$MH.0x0000000061061400.invokeExact_MT;java/lang/invoke/LambdaForm$MH.0x0000000061061000.invoke;java/lang/invoke/DirectMethodHandle$Holder.invokeSpecial;org/weakref/nitro/clickbench/jmh_generated/BenchmarkQueries_query06_jmhTest.query06_AverageTime;org/weakref/nitro/clickbench/jmh_generated/BenchmarkQueries_query06_jmhTest.query06_avgt_jmhStub;org/weakref/nitro/clickbench/BenchmarkQueries.query06;org/weakref/nitro/clickbench/BenchmarkQueries.consume;org/weakref/nitro/operator/Output.borrow;org/weakref/nitro/operator/AggregationOperator$$Lambda.0x00000000610be3b8.apply;org/weakref/nitro/operator/AggregationOperator.lambda$resultOutput$0;org/weakref/nitro/operator/AggregationOperator.doAggregationIfNeeded;org/weakref/nitro/operator/MarkDistinctOperator.next;org/weakref/nitro/operator/MarkDistinctOperator.computeDistinctMask;org/weakref/nitro/operator/DistinctKeySet.addBatch;org/weakref/nitro/operator/DistinctKeySet$FlatDistinctIndex.addBatch;org/weakref/nitro/operator/FlatGroupingTable.beginBatch;org/weakref/nitro/operator/FlatKeyLayout.beginBatch;org/weakref/nitro/operator/FlatKeyLayout.hasLongField 2
java/lang/Thread.run;java/lang/Thread.runWith;java/util/concurrent/ThreadPoolExecutor$Worker.run;java/util/concurrent/ThreadPoolExecutor.runWorker;java/util/concurrent/FutureTask.run;java/util/concurrent/Executors$RunnableAdapter.call;java/util/concurrent/FutureTask.run;org/openjdk/jmh/runner/BenchmarkHandler$BenchmarkTask.call;org/openjdk/jmh/runner/BenchmarkHandler$BenchmarkTask.call;java/lang/reflect/Method.invoke;jdk/internal/reflect/DirectMethodHandleAccessor.invoke;jdk/internal/reflect/DirectMethodHandleAccessor.invokeImpl;java/lang/invoke/LambdaForm$MH.0x0000000061061400.invokeExact_MT;java/lang/invoke/LambdaForm$MH.0x0000000061061000.invoke;java/lang/invoke/DirectMethodHandle$Holder.invokeSpecial;org/weakref/nitro/clickbench/jmh_generated/BenchmarkQueries_query06_jmhTest.query06_AverageTime;org/weakref/nitro/clickbench/jmh_generated/BenchmarkQueries_query06_jmhTest.query06_avgt_jmhStub;org/weakref/nitro/clickbench/BenchmarkQueries.query06;org/weakref/nitro/clickbench/BenchmarkQueries.consume;org/weakref/nitro/operator/Output.borrow;org/weakref/nitro/operator/AggregationOperator$$Lambda.0x00000000610be3b8.apply;org/weakref/nitro/operator/AggregationOperator.lambda$resultOutput$0;org/weakref/nitro/operator/AggregationOperator.doAggregationIfNeeded;org/weakref/nitro/operator/MarkDistinctOperator.next;org/weakref/nitro/operator/MarkDistinctOperator.computeDistinctMask;org/weakref/nitro/operator/DistinctKeySet.addBatch;org/weakref/nitro/operator/DistinctKeySet$FlatDistinctIndex.addBatch;org/weakref/nitro/operator/FlatGroupingTable.assignGroup;org/weakref/nitro/operator/FlatGroupingTable.assignGroupHashed;org/weakref/nitro/operator/FlatGroupingTable.assignGroupHashedInternal;org/weakref/nitro/operator/FlatGroupingTable.rehash;java/lang/invoke/VarHandleGuards.guard_LI_J;java/lang/invoke/VarHandleByteArrayAsLongs$ArrayHandle.get;java/lang/invoke/VarHandleByteArrayAsLongs$ArrayHandle.index 1
java/lang/Thread.run;java/lang/Thread.runWith;java/util/concurrent/ThreadPoolExecutor$Worker.run;java/util/concurrent/ThreadPoolExecutor.runWorker;java/util/concurrent/FutureTask.run;java/util/concurrent/Executors$RunnableAdapter.call;java/util/concurrent/FutureTask.run;org/openjdk/jmh/runner/BenchmarkHandler$BenchmarkTask.call;org/openjdk/jmh/runner/BenchmarkHandler$BenchmarkTask.call;java/lang/reflect/Method.invoke;jdk/internal/reflect/DirectMethodHandleAccessor.invoke;jdk/internal/reflect/DirectMethodHandleAccessor.invokeImpl;java/lang/invoke/LambdaForm$MH.0x0000000061061400.invokeExact_MT;java/lang/invoke/LambdaForm$MH.0x0000000061061000.invoke;java/lang/invoke/DirectMethodHandle$Holder.invokeSpecial;org/weakref/nitro/clickbench/jmh_generated/BenchmarkQueries_query06_jmhTest.query06_AverageTime;org/weakref/nitro/clickbench/jmh_generated/BenchmarkQueries_query06_jmhTest.query06_avgt_jmhStub;org/weakref/nitro/clickbench/BenchmarkQueries.query06;org/weakref/nitro/clickbench/BenchmarkQueries.consume;org/weakref/nitro/operator/Output.borrow;org/weakref/nitro/operator/AggregationOperator$$Lambda.0x00000000610be3b8.apply;org/weakref/nitro/operator/AggregationOperator.lambda$resultOutput$0;org/weakref/nitro/operator/AggregationOperator.doAggregationIfNeeded;org/weakref/nitro/operator/MarkDistinctOperator.next;org/weakref/nitro/operator/MarkDistinctOperator.computeDistinctMask;org/weakref/nitro/operator/DistinctKeySet.addBatch;org/weakref/nitro/operator/DistinctKeySet$FlatDistinctIndex.addBatch;org/weakref/nitro/operator/FlatGroupingTable.beginBatch;org/weakref/nitro/operator/FlatKeyLayout.beginBatch;org/weakref/nitro/operator/FlatKeyLayout.hasLongField 2
java/lang/Thread.run;java/lang/Thread.runWith;java/util/concurrent/ThreadPoolExecutor$Worker.run;java/util/concurrent/ThreadPoolExecutor.runWorker;java/util/concurrent/FutureTask.run;java/util/concurrent/Executors$RunnableAdapter.call;java/util/concurrent/FutureTask.run;org/openjdk/jmh/runner/BenchmarkHandler$BenchmarkTask.call;org/openjdk/jmh/runner/BenchmarkHandler$BenchmarkTask.call;java/lang/reflect/Method.invoke;jdk/internal/reflect/DirectMethodHandleAccessor.invoke;jdk/internal/reflect/DirectMethodHandleAccessor.invokeImpl;java/lang/invoke/LambdaForm$MH.0x0000000061061400.invokeExact_MT;java/lang/invoke/LambdaForm$MH.0x0000000061061000.invoke;java/lang/invoke/DirectMethodHandle$Holder.invokeSpecial;org/weakref/nitro/clickbench/jmh_generated/BenchmarkQueries_query06_jmhTest.query06_AverageTime;org/weakref/nitro/clickbench/jmh_generated/BenchmarkQueries_query06_jmhTest.query06_avgt_jmhStub;org/weakref/nitro/clickbench/BenchmarkQueries.query06;org/weakref/nitro/clickbench/BenchmarkQueries.consume;org/weakref/nitro/operator/Output.borrow;org/weakref/nitro/operator/AggregationOperator$$Lambda.0x00000000610be3b8.apply;org/weakref/nitro/operator/AggregationOperator.lambda$resultOutput$0;org/weakref/nitro/operator/AggregationOperator.doAggregationIfNeeded;org/weakref/nitro/operator/MarkDistinctOperator.next;org/weakref/nitro/operator/MarkDistinctOperator.computeDistinctMask;org/weakref/nitro/operator/DistinctKeySet.addBatch;org/weakref/nitro/operator/DistinctKeySet$FlatDistinctIndex.addBatch 1
java/lang/Thread.run;java/lang/Thread.runWith;java/util/concurrent/ThreadPoolExecutor$Worker.run;java/util/concurrent/ThreadPoolExecutor.runWorker;java/util/concurrent/FutureTask.run;java/util/concurrent/Executors$RunnableAdapter.call;java/util/concurrent/FutureTask.run;org/openjdk/jmh/runner/BenchmarkHandler$BenchmarkTask.call;org/openjdk/jmh/runner/BenchmarkHandler$BenchmarkTask.call;java/lang/reflect/Method.invoke;jdk/internal/reflect/DirectMethodHandleAccessor.invoke;jdk/internal/reflect/DirectMethodHandleAccessor.invokeImpl;java/lang/invoke/LambdaForm$MH.0x0000000061061400.invokeExact_MT;java/lang/invoke/LambdaForm$MH.0x0000000061061000.invoke;java/lang/invoke/DirectMethodHandle$Holder.invokeSpecial;org/weakref/nitro/clickbench/jmh_generated/BenchmarkQueries_query06_jmhTest.query06_AverageTime;org/weakref/nitro/clickbench/jmh_generated/BenchmarkQueries_query06_jmhTest.query06_avgt_jmhStub;org/weakref/nitro/clickbench/BenchmarkQueries.query06;org/weakref/nitro/clickbench/BenchmarkQueries.consume;org/weakref/nitro/operator/Output.borrow;org/weakref/nitro/operator/AggregationOperator$$Lambda.0x00000000610be3b8.apply;org/weakref/nitro/operator/AggregationOperator.lambda$resultOutput$0;org/weakref/nitro/operator/AggregationOperator.doAggregationIfNeeded;org/weakref/nitro/operator/MarkDistinctOperator.next;org/weakref/nitro/operator/MarkDistinctOperator.computeDistinctMask;org/weakref/nitro/operator/DistinctKeySet.addBatch;org/weakref/nitro/operator/DistinctKeySet$FlatDistinctIndex.addBatch;org/weakref/nitro/operator/FlatGroupingTable.prepareBatchHashes;org/weakref/nitro/operator/FlatGroupingTable.prepareBatchHash;org/weakref/nitro/operator/FlatKeyLayout.hash;org/weakref/nitro/operator/FlatKeyLayout.fieldHash;org/weakref/nitro/operator/FlatKeyLayout.binaryFieldHash;org/weakref/nitro/operator/ValueIdInterner.groupingHash 1
java/lang/Thread.run;java/lang/Thread.runWith;java/util/concurrent/ThreadPoolExecutor$Worker.run;java/util/concurrent/ThreadPoolExecutor.runWorker;java/util/concurrent/FutureTask.run;java/util/concurrent/Executors$RunnableAdapter.call;java/util/concurrent/FutureTask.run;org/openjdk/jmh/runner/BenchmarkHandler$BenchmarkTask.call;org/openjdk/jmh/runner/BenchmarkHandler$BenchmarkTask.call;java/lang/reflect/Method.invoke;jdk/internal/reflect/DirectMethodHandleAccessor.invoke;jdk/internal/reflect/DirectMethodHandleAccessor.invokeImpl;java/lang/invoke/LambdaForm$MH.0x0000000061061400.invokeExact_MT;java/lang/invoke/LambdaForm$MH.0x0000000061061000.invoke;java/lang/invoke/DirectMethodHandle$Holder.invokeSpecial;org/weakref/nitro/clickbench/jmh_generated/BenchmarkQueries_query06_jmhTest.query06_AverageTime;org/weakref/nitro/clickbench/jmh_generated/BenchmarkQueries_query06_jmhTest.query06_avgt_jmhStub;org/weakref/nitro/clickbench/BenchmarkQueries.query06;org/weakref/nitro/clickbench/BenchmarkQueries.consume;org/weakref/nitro/operator/Output.borrow;org/weakref/nitro/operator/AggregationOperator$$Lambda.0x00000000610be3b8.apply;org/weakref/nitro/operator/AggregationOperator.lambda$resultOutput$0;org/weakref/nitro/operator/AggregationOperator.doAggregationIfNeeded;org/weakref/nitro/operator/MarkDistinctOperator.next;org/weakref/nitro/operator/MarkDistinctOperator.computeDistinctMask;org/weakref/nitro/operator/Output.borrow;org/weakref/nitro/operator/NitroParquetScanOperator$ScanOutputResolver$$Lambda.0x00000000610aab88.apply;org/weakref/nitro/operator/NitroParquetScanOperator$ScanOutputResolver.resolve;org/weakref/nitro/operator/NitroParquetScanOperator.resolveLazyColumn;org/weakref/nitro/operator/NitroParquetScanOperator.decodeFullColumn;org/weakref/nitro/parquet/ColumnReader.readBinary;org/weakref/nitro/parquet/ColumnReader.readBinaryDirect;org/weakref/nitro/parquet/ColumnReader.decodeNextDataPage;org/weakref/nitro/parquet/ColumnReader.decompress;io/airlift/compress/v3/snappy/SnappyNativeDecompressor.decompress;io/airlift/compress/v3/snappy/SnappyNative.decompress;io/airlift/compress/v3/snappy/SnappyNative.decompressInternal;java/lang/invoke/LambdaForm$MH.0x0000000061108c00.invokeExact_MT;java/lang/invoke/LambdaForm$MH.0x0000000061119400.invoke;java/lang/invoke/LambdaForm$DMH.0x00000000610b1400.invokeStatic;jdk/internal/foreign/abi/DowncallStub.0x00000000610b1000.invoke;java/lang/invoke/LambdaForm$MH.0x0000000061109800.invokeExact_MT;java/lang/invoke/LambdaForm$MH.0x0000000061119800.invoke;nep_invoker_blob;snappy_uncompress;snappy::RawUncompress;snappy::RawUncompress;void snappy::SnappyDecompressor::DecompressAllTags<snappy::SnappyArrayWriter>;std::pair<unsigned char const*, long> snappy::DecompressBranchless<char*>;snappy::MemCopy64 1
java/lang/Thread.run;java/lang/Thread.runWith;java/util/concurrent/ThreadPoolExecutor$Worker.run;java/util/concurrent/ThreadPoolExecutor.runWorker;java/util/concurrent/FutureTask.run;java/util/concurrent/Executors$RunnableAdapter.call;java/util/concurrent/FutureTask.run;org/openjdk/jmh/runner/BenchmarkHandler$BenchmarkTask.call;org/openjdk/jmh/runner/BenchmarkHandler$BenchmarkTask.call;java/lang/reflect/Method.invoke;jdk/internal/reflect/DirectMethodHandleAccessor.invoke;jdk/internal/reflect/DirectMethodHandleAccessor.invokeImpl;java/lang/invoke/LambdaForm$MH.0x0000000061061400.invokeExact_MT;java/lang/invoke/LambdaForm$MH.0x0000000061061000.invoke;java/lang/invoke/DirectMethodHandle$Holder.invokeSpecial;org/weakref/nitro/clickbench/jmh_generated/BenchmarkQueries_query06_jmhTest.query06_AverageTime;org/weakref/nitro/clickbench/jmh_generated/BenchmarkQueries_query06_jmhTest.query06_avgt_jmhStub;org/weakref/nitro/clickbench/BenchmarkQueries.query06;org/weakref/nitro/clickbench/ClickBenchHitsSupport.query06;org/weakref/nitro/clickbench/ClickBenchHitsSupport.clickBenchScan;org/weakref/nitro/operator/NitroParquetScanOperator.<init>;java/util/stream/ReferencePipeline.toArray;java/util/stream/AbstractPipeline.evaluateToArrayNode;java/util/stream/AbstractPipeline.evaluate;java/util/stream/AbstractPipeline.wrapAndCopyInto;java/util/stream/AbstractPipeline.copyInto;java/util/AbstractList$RandomAccessSpliterator.forEachRemaining;java/util/stream/ReferencePipeline$3$1.accept;org/weakref/nitro/operator/NitroParquetScanOperator$$Lambda.0x00000000610837a8.apply;org/weakref/nitro/parquet/ParquetFile.open;org/weakref/nitro/parquet/ParquetFile.<init>;org/apache/parquet/format/Util.readFileMetaData;org/apache/parquet/format/Util.readFileMetaData;org/apache/parquet/format/Util.read;org/apache/parquet/format/FileMetaData.read;org/apache/parquet/format/FileMetaData$FileMetaDataStandardScheme.read;org/apache/parquet/format/FileMetaData$FileMetaDataStandardScheme.read;org/apache/parquet/format/RowGroup.read;org/apache/parquet/format/RowGroup$RowGroupStandardScheme.read;org/apache/parquet/format/RowGroup$RowGroupStandardScheme.read;org/apache/parquet/format/ColumnChunk.read;org/apache/parquet/format/ColumnChunk$ColumnChunkStandardScheme.read;org/apache/parquet/format/ColumnChunk$ColumnChunkStandardScheme.read;org/apache/parquet/format/ColumnMetaData.read;org/apache/parquet/format/ColumnMetaData$ColumnMetaDataStandardScheme.read;org/apache/parquet/format/ColumnMetaData$ColumnMetaDataStandardScheme.read;C2 Runtime new_instance_blob;OptoRuntime::new_instance_C 1
java/lang/Thread.run;java/lang/Thread.runWith;java/util/concurrent/ThreadPoolExecutor$Worker.run;java/util/concurrent/ThreadPoolExecutor.runWorker;java/util/concurrent/FutureTask.run;java/util/concurrent/Executors$RunnableAdapter.call;java/util/concurrent/FutureTask.run;org/openjdk/jmh/runner/BenchmarkHandler$BenchmarkTask.call;org/openjdk/jmh/runner/BenchmarkHandler$BenchmarkTask.call;java/lang/reflect/Method.invoke;jdk/internal/reflect/DirectMethodHandleAccessor.invoke;jdk/internal/reflect/DirectMethodHandleAccessor.invokeImpl;java/lang/invoke/LambdaForm$MH.0x0000000061061400.invokeExact_MT;java/lang/invoke/LambdaForm$MH.0x0000000061061000.invoke;java/lang/invoke/DirectMethodHandle$Holder.invokeSpecial;org/weakref/nitro/clickbench/jmh_generated/BenchmarkQueries_query06_jmhTest.query06_AverageTime;org/weakref/nitro/clickbench/jmh_generated/BenchmarkQueries_query06_jmhTest.query06_avgt_jmhStub;org/weakref/nitro/clickbench/BenchmarkQueries.query06;org/weakref/nitro/clickbench/BenchmarkQueries.consume;org/weakref/nitro/operator/Output.borrow;org/weakref/nitro/operator/AggregationOperator$$Lambda.0x00000000610be3b8.apply;org/weakref/nitro/operator/AggregationOperator.lambda$resultOutput$0;org/weakref/nitro/operator/AggregationOperator.doAggregationIfNeeded;org/weakref/nitro/operator/MarkDistinctOperator.next;org/weakref/nitro/operator/MarkDistinctOperator.computeDistinctMask;org/weakref/nitro/operator/DistinctKeySet.addBatch;org/weakref/nitro/operator/DistinctKeySet$FlatDistinctIndex.addBatch;org/weakref/nitro/operator/FlatGroupingTable.assignGroup;org/weakref/nitro/operator/FlatGroupingTable.assignGroupHashed;org/weakref/nitro/operator/FlatGroupingTable.assignGroupHashedInternal;org/weakref/nitro/operator/FlatGroupingTable.getIndex;org/weakref/nitro/operator/FlatGroupingTable.identical;org/weakref/nitro/operator/FlatKeyLayout.identicalRecordToInput;org/weakref/nitro/operator/FlatKeyLayout.globalIdFor 2
java/lang/Thread.run;java/lang/Thread.runWith;java/util/concurrent/ThreadPoolExecutor$Worker.run;java/util/concurrent/ThreadPoolExecutor.runWorker;java/util/concurrent/FutureTask.run;java/util/concurrent/Executors$RunnableAdapter.call;java/util/concurrent/FutureTask.run;org/openjdk/jmh/runner/BenchmarkHandler$BenchmarkTask.call;org/openjdk/jmh/runner/BenchmarkHandler$BenchmarkTask.call;java/lang/reflect/Method.invoke;jdk/internal/reflect/DirectMethodHandleAccessor.invoke;jdk/internal/reflect/DirectMethodHandleAccessor.invokeImpl;java/lang/invoke/LambdaForm$MH.0x0000000061061400.invokeExact_MT;java/lang/invoke/LambdaForm$MH.0x0000000061061000.invoke;java/lang/invoke/DirectMethodHandle$Holder.invokeSpecial;org/weakref/nitro/clickbench/jmh_generated/BenchmarkQueries_query06_jmhTest.query06_AverageTime;org/weakref/nitro/clickbench/jmh_generated/BenchmarkQueries_query06_jmhTest.query06_avgt_jmhStub;org/weakref/nitro/clickbench/BenchmarkQueries.query06;org/weakref/nitro/clickbench/BenchmarkQueries.consume;org/weakref/nitro/operator/AggregationOperator.close;org/weakref/nitro/operator/MarkDistinctOperator.close;org/weakref/nitro/operator/NitroParquetScanOperator.close;org/weakref/nitro/parquet/ParquetFile.close;jdk/internal/foreign/ArenaImpl.close;jdk/internal/foreign/MemorySessionImpl.close;jdk/internal/foreign/ConfinedSession$ConfinedResourceList.cleanup;jdk/internal/foreign/MemorySessionImpl$ResourceList.cleanupSingle;jdk/internal/foreign/SegmentFactories$2.cleanup;sun/nio/ch/FileChannelImpl$Unmapper.unmap;sun/nio/ch/UnixFileDispatcherImpl.unmap;sun/nio/ch/UnixFileDispatcherImpl.unmap0;Java_sun_nio_ch_UnixFileDispatcherImpl_unmap0;munmap;entry_SYSCALL_64_after_hwframe_[k];do_syscall_64_[k];x64_sys_call_[k];__x64_sys_munmap_[k];__vm_munmap_[k];do_vmi_munmap_[k];do_vmi_align_munmap_[k];vms_complete_munmap_vmas_[k];vms_clear_ptes_[k];unmap_vmas_[k];unmap_single_vma.isra.0_[k];unmap_page_range_[k];zap_pmd_range.isra.0_[k];zap_pte_range_[k];zap_present_ptes.constprop.0_[k];folio_remove_rmap_ptes_[k];__lruvec_stat_mod_folio_[k];css_rstat_updated_[k] 1
java/lang/Thread.run;java/lang/Thread.runWith;java/util/concurrent/ThreadPoolExecutor$Worker.run;java/util/concurrent/ThreadPoolExecutor.runWorker;java/util/concurrent/FutureTask.run;java/util/concurrent/Executors$RunnableAdapter.call;java/util/concurrent/FutureTask.run;org/openjdk/jmh/runner/BenchmarkHandler$BenchmarkTask.call;org/openjdk/jmh/runner/BenchmarkHandler$BenchmarkTask.call;java/lang/reflect/Method.invoke;jdk/internal/reflect/DirectMethodHandleAccessor.invoke;jdk/internal/reflect/DirectMethodHandleAccessor.invokeImpl;java/lang/invoke/LambdaForm$MH.0x0000000061061400.invokeExact_MT;java/lang/invoke/LambdaForm$MH.0x0000000061061000.invoke;java/lang/invoke/DirectMethodHandle$Holder.invokeSpecial;org/weakref/nitro/clickbench/jmh_generated/BenchmarkQueries_query06_jmhTest.query06_AverageTime;org/weakref/nitro/clickbench/jmh_generated/BenchmarkQueries_query06_jmhTest.query06_avgt_jmhStub;org/weakref/nitro/clickbench/BenchmarkQueries.query06;org/weakref/nitro/clickbench/BenchmarkQueries.consume;org/weakref/nitro/operator/Output.borrow;org/weakref/nitro/operator/AggregationOperator$$Lambda.0x00000000610be3b8.apply;org/weakref/nitro/operator/AggregationOperator.lambda$resultOutput$0;org/weakref/nitro/operator/AggregationOperator.doAggregationIfNeeded;org/weakref/nitro/operator/MarkDistinctOperator.next;org/weakref/nitro/operator/MarkDistinctOperator.computeDistinctMask;org/weakref/nitro/operator/Output.borrow;org/weakref/nitro/operator/NitroParquetScanOperator$ScanOutputResolver$$Lambda.0x00000000610aab88.apply;org/weakref/nitro/operator/NitroParquetScanOperator$ScanOutputResolver.resolve;org/weakref/nitro/operator/NitroParquetScanOperator.resolveLazyColumn;org/weakref/nitro/operator/NitroParquetScanOperator.decodeFullColumn;org/weakref/nitro/parquet/ColumnReader.readBinary;org/weakref/nitro/parquet/ColumnReader.readBinaryDirect;org/weakref/nitro/parquet/ColumnReader.decodeNextDataPage;org/weakref/nitro/parquet/ColumnReader.decodeDataPageV1;org/weakref/nitro/parquet/ColumnReader.decodePlainBinary;org/weakref/nitro/parquet/ColumnReader.decodePlainBinaryPresized;jshort_arraycopy_stub 1
java/lang/Thread.run;java/lang/Thread.runWith;java/util/concurrent/ThreadPoolExecutor$Worker.run;java/util/concurrent/ThreadPoolExecutor.runWorker;java/util/concurrent/FutureTask.run;java/util/concurrent/Executors$RunnableAdapter.call;java/util/concurrent/FutureTask.run;org/openjdk/jmh/runner/BenchmarkHandler$BenchmarkTask.call;org/openjdk/jmh/runner/BenchmarkHandler$BenchmarkTask.call;java/lang/reflect/Method.invoke;jdk/internal/reflect/DirectMethodHandleAccessor.invoke;jdk/internal/reflect/DirectMethodHandleAccessor.invokeImpl;java/lang/invoke/LambdaForm$MH.0x0000000061061400.invokeExact_MT;java/lang/invoke/LambdaForm$MH.0x0000000061061000.invoke;java/lang/invoke/DirectMethodHandle$Holder.invokeSpecial;org/weakref/nitro/clickbench/jmh_generated/BenchmarkQueries_query06_jmhTest.query06_AverageTime;org/weakref/nitro/clickbench/jmh_generated/BenchmarkQueries_query06_jmhTest.query06_avgt_jmhStub;org/weakref/nitro/clickbench/BenchmarkQueries.query06;org/weakref/nitro/clickbench/ClickBenchHitsSupport.query06;org/weakref/nitro/clickbench/ClickBenchHitsSupport.clickBenchScan;org/weakref/nitro/operator/NitroParquetScanOperator.<init>;java/util/stream/ReferencePipeline.toArray;java/util/stream/AbstractPipeline.evaluateToArrayNode;java/util/stream/AbstractPipeline.evaluate;java/util/stream/AbstractPipeline.wrapAndCopyInto;java/util/stream/AbstractPipeline.copyInto;java/util/AbstractList$RandomAccessSpliterator.forEachRemaining;java/util/stream/ReferencePipeline$3$1.accept;org/weakref/nitro/operator/NitroParquetScanOperator$$Lambda.0x00000000610837a8.apply;org/weakref/nitro/parquet/ParquetFile.open;org/weakref/nitro/parquet/ParquetFile.<init>;org/apache/parquet/format/Util.readFileMetaData;org/apache/parquet/format/Util.readFileMetaData;org/apache/parquet/format/Util.read;org/apache/parquet/format/FileMetaData.read;org/apache/parquet/format/FileMetaData$FileMetaDataStandardScheme.read;org/apache/parquet/format/FileMetaData$FileMetaDataStandardScheme.read;org/apache/parquet/format/RowGroup.read;org/apache/parquet/format/RowGroup$RowGroupStandardScheme.read;org/apache/parquet/format/RowGroup$RowGroupStandardScheme.read;org/apache/parquet/format/ColumnChunk.read;org/apache/parquet/format/ColumnChunk$ColumnChunkStandardScheme.read;org/apache/parquet/format/ColumnChunk$ColumnChunkStandardScheme.read;org/apache/parquet/format/ColumnMetaData.read;org/apache/parquet/format/ColumnMetaData$ColumnMetaDataStandardScheme.read;org/apache/parquet/format/ColumnMetaData$ColumnMetaDataStandardScheme.read;org/apache/parquet/format/InterningProtocol.readFieldBegin;shaded/parquet/org/apache/thrift/protocol/TCompactProtocol.readFieldBegin;shaded/parquet/org/apache/thrift/protocol/TCompactProtocol.readByte;shaded/parquet/org/apache/thrift/transport/TTransport.readAll;shaded/parquet/org/apache/thrift/transport/TIOStreamTransport.read;org/weakref/nitro/parquet/ParquetFile$SegmentInputStream.read;java/lang/foreign/MemorySegment.copy;jdk/internal/foreign/AbstractMemorySegmentImpl.copy 1
java/lang/Thread.run;java/lang/Thread.runWith;java/util/concurrent/ThreadPoolExecutor$Worker.run;java/util/concurrent/ThreadPoolExecutor.runWorker;java/util/concurrent/FutureTask.run;java/util/concurrent/Executors$RunnableAdapter.call;java/util/concurrent/FutureTask.run;org/openjdk/jmh/runner/BenchmarkHandler$BenchmarkTask.call;org/openjdk/jmh/runner/BenchmarkHandler$BenchmarkTask.call;java/lang/reflect/Method.invoke;jdk/internal/reflect/DirectMethodHandleAccessor.invoke;jdk/internal/reflect/DirectMethodHandleAccessor.invokeImpl;java/lang/invoke/LambdaForm$MH.0x0000000061061400.invokeExact_MT;java/lang/invoke/LambdaForm$MH.0x0000000061061000.invoke;java/lang/invoke/DirectMethodHandle$Holder.invokeSpecial;org/weakref/nitro/clickbench/jmh_generated/BenchmarkQueries_query06_jmhTest.query06_AverageTime;org/weakref/nitro/clickbench/jmh_generated/BenchmarkQueries_query06_jmhTest.query06_avgt_jmhStub;org/weakref/nitro/clickbench/BenchmarkQueries.query06;org/weakref/nitro/clickbench/BenchmarkQueries.consume;org/weakref/nitro/operator/Output.borrow;org/weakref/nitro/operator/AggregationOperator$$Lambda.0x00000000610be3b8.apply;org/weakref/nitro/operator/AggregationOperator.lambda$resultOutput$0;org/weakref/nitro/operator/AggregationOperator.doAggregationIfNeeded;org/weakref/nitro/operator/MarkDistinctOperator.next;org/weakref/nitro/operator/MarkDistinctOperator.computeDistinctMask;org/weakref/nitro/operator/DistinctKeySet.addBatch;org/weakref/nitro/operator/DistinctKeySet$FlatDistinctIndex.addBatch;org/weakref/nitro/operator/FlatGroupingTable.prepareBatchHashes;org/weakref/nitro/operator/FlatGroupingTable.prepareBatchHash 1
java/lang/Thread.run;java/lang/Thread.runWith;java/util/concurrent/ThreadPoolExecutor$Worker.run;java/util/concurrent/ThreadPoolExecutor.runWorker;java/util/concurrent/FutureTask.run;java/util/concurrent/Executors$RunnableAdapter.call;java/util/concurrent/FutureTask.run;org/openjdk/jmh/runner/BenchmarkHandler$BenchmarkTask.call;org/openjdk/jmh/runner/BenchmarkHandler$BenchmarkTask.call;java/lang/reflect/Method.invoke;jdk/internal/reflect/DirectMethodHandleAccessor.invoke;jdk/internal/reflect/DirectMethodHandleAccessor.invokeImpl;java/lang/invoke/LambdaForm$MH.0x0000000061061400.invokeExact_MT;java/lang/invoke/LambdaForm$MH.0x0000000061061000.invoke;java/lang/invoke/DirectMethodHandle$Holder.invokeSpecial;org/weakref/nitro/clickbench/jmh_generated/BenchmarkQueries_query06_jmhTest.query06_AverageTime;org/weakref/nitro/clickbench/jmh_generated/BenchmarkQueries_query06_jmhTest.query06_avgt_jmhStub;org/weakref/nitro/clickbench/BenchmarkQueries.query06;org/weakref/nitro/clickbench/BenchmarkQueries.consume;org/weakref/nitro/operator/Output.borrow;org/weakref/nitro/operator/AggregationOperator$$Lambda.0x00000000610be3b8.apply;org/weakref/nitro/operator/AggregationOperator.lambda$resultOutput$0;org/weakref/nitro/operator/AggregationOperator.doAggregationIfNeeded;org/weakref/nitro/operator/MarkDistinctOperator.next;org/weakref/nitro/operator/MarkDistinctOperator.computeDistinctMask;org/weakref/nitro/operator/DistinctKeySet.addBatch;org/weakref/nitro/operator/DistinctKeySet$FlatDistinctIndex.addBatch;org/weakref/nitro/operator/FlatGroupingTable.assignGroup;org/weakref/nitro/operator/FlatGroupingTable.assignGroupHashed;org/weakref/nitro/operator/FlatGroupingTable.assignGroupHashedInternal;org/weakref/nitro/operator/FlatGroupingTable.getIndex;org/weakref/nitro/operator/FlatGroupingTable.identical;org/weakref/nitro/operator/FlatKeyLayout.identicalRecordToInput;org/weakref/nitro/operator/FlatKeyLayout.recordDictionaryId 3
java/lang/Thread.run;java/lang/Thread.runWith;java/util/concurrent/ThreadPoolExecutor$Worker.run;java/util/concurrent/ThreadPoolExecutor.runWorker;java/util/concurrent/FutureTask.run;java/util/concurrent/Executors$RunnableAdapter.call;java/util/concurrent/FutureTask.run;org/openjdk/jmh/runner/BenchmarkHandler$BenchmarkTask.call;org/openjdk/jmh/runner/BenchmarkHandler$BenchmarkTask.call;java/lang/reflect/Method.invoke;jdk/internal/reflect/DirectMethodHandleAccessor.invoke;jdk/internal/reflect/DirectMethodHandleAccessor.invokeImpl;java/lang/invoke/LambdaForm$MH.0x0000000061061400.invokeExact_MT;java/lang/invoke/LambdaForm$MH.0x0000000061061000.invoke;java/lang/invoke/DirectMethodHandle$Holder.invokeSpecial;org/weakref/nitro/clickbench/jmh_generated/BenchmarkQueries_query06_jmhTest.query06_AverageTime;org/weakref/nitro/clickbench/jmh_generated/BenchmarkQueries_query06_jmhTest.query06_avgt_jmhStub;org/weakref/nitro/clickbench/BenchmarkQueries.query06;org/weakref/nitro/clickbench/BenchmarkQueries.consume;org/weakref/nitro/operator/Output.borrow;org/weakref/nitro/operator/AggregationOperator$$Lambda.0x00000000610be3b8.apply;org/weakref/nitro/operator/AggregationOperator.lambda$resultOutput$0;org/weakref/nitro/operator/AggregationOperator.doAggregationIfNeeded;org/weakref/nitro/operator/MarkDistinctOperator.next;org/weakref/nitro/operator/MarkDistinctOperator.computeDistinctMask;org/weakref/nitro/operator/DistinctKeySet.addBatch;org/weakref/nitro/operator/DistinctKeySet$FlatDistinctIndex.addBatch;org/weakref/nitro/operator/FlatGroupingTable.prepareBatchHashes;org/weakref/nitro/operator/FlatGroupingTable.prepareBatchHash;org/weakref/nitro/operator/FlatKeyLayout.hash;org/weakref/nitro/operator/FlatKeyLayout.fieldHash 2
java/lang/Thread.run;java/lang/Thread.runWith;java/util/concurrent/ThreadPoolExecutor$Worker.run;java/util/concurrent/ThreadPoolExecutor.runWorker;java/util/concurrent/FutureTask.run;java/util/concurrent/Executors$RunnableAdapter.call;java/util/concurrent/FutureTask.run;org/openjdk/jmh/runner/BenchmarkHandler$BenchmarkTask.call;org/openjdk/jmh/runner/BenchmarkHandler$BenchmarkTask.call;java/lang/reflect/Method.invoke;jdk/internal/reflect/DirectMethodHandleAccessor.invoke;jdk/internal/reflect/DirectMethodHandleAccessor.invokeImpl;java/lang/invoke/LambdaForm$MH.0x0000000061061400.invokeExact_MT;java/lang/invoke/LambdaForm$MH.0x0000000061061000.invoke;java/lang/invoke/DirectMethodHandle$Holder.invokeSpecial;org/weakref/nitro/clickbench/jmh_generated/BenchmarkQueries_query06_jmhTest.query06_AverageTime;org/weakref/nitro/clickbench/jmh_generated/BenchmarkQueries_query06_jmhTest.query06_avgt_jmhStub;org/weakref/nitro/clickbench/BenchmarkQueries.query06;org/weakref/nitro/clickbench/BenchmarkQueries.consume;org/weakref/nitro/operator/Output.borrow;org/weakref/nitro/operator/AggregationOperator$$Lambda.0x00000000610be3b8.apply;org/weakref/nitro/operator/AggregationOperator.lambda$resultOutput$0;org/weakref/nitro/operator/AggregationOperator.doAggregationIfNeeded;org/weakref/nitro/operator/MarkDistinctOperator.next;org/weakref/nitro/operator/MarkDistinctOperator.computeDistinctMask;org/weakref/nitro/operator/DistinctKeySet.addBatch;org/weakref/nitro/operator/DistinctKeySet$FlatDistinctIndex.addBatch;org/weakref/nitro/operator/FlatGroupingTable.prepareBatchHashes;org/weakref/nitro/operator/FlatGroupingTable.prepareBatchHash;org/weakref/nitro/operator/FlatKeyLayout.hash;org/weakref/nitro/operator/FlatKeyLayout.fieldHash;org/weakref/nitro/operator/FlatKeyLayout.binaryFieldHash;org/weakref/nitro/operator/FlatKeyLayout.globalIdFor 2
java/lang/Thread.run;java/lang/Thread.runWith;java/util/concurrent/ThreadPoolExecutor$Worker.run;java/util/concurrent/ThreadPoolExecutor.runWorker;java/util/concurrent/FutureTask.run;java/util/concurrent/Executors$RunnableAdapter.call;java/util/concurrent/FutureTask.run;org/openjdk/jmh/runner/BenchmarkHandler$BenchmarkTask.call;org/openjdk/jmh/runner/BenchmarkHandler$BenchmarkTask.call;java/lang/reflect/Method.invoke;jdk/internal/reflect/DirectMethodHandleAccessor.invoke;jdk/internal/reflect/DirectMethodHandleAccessor.invokeImpl;java/lang/invoke/LambdaForm$MH.0x0000000061061400.invokeExact_MT;java/lang/invoke/LambdaForm$MH.0x0000000061061000.invoke;java/lang/invoke/DirectMethodHandle$Holder.invokeSpecial;org/weakref/nitro/clickbench/jmh_generated/BenchmarkQueries_query06_jmhTest.query06_AverageTime;org/weakref/nitro/clickbench/jmh_generated/BenchmarkQueries_query06_jmhTest.query06_avgt_jmhStub;org/weakref/nitro/clickbench/BenchmarkQueries.query06;org/weakref/nitro/clickbench/BenchmarkQueries.consume;org/weakref/nitro/operator/Output.borrow;org/weakref/nitro/operator/AggregationOperator$$Lambda.0x00000000610be3b8.apply;org/weakref/nitro/operator/AggregationOperator.lambda$resultOutput$0;org/weakref/nitro/operator/AggregationOperator.doAggregationIfNeeded;org/weakref/nitro/operator/MarkDistinctOperator.next;org/weakref/nitro/operator/MarkDistinctOperator.computeDistinctMask;org/weakref/nitro/operator/DistinctKeySet.addBatch;org/weakref/nitro/operator/DistinctKeySet$FlatDistinctIndex.addBatch;org/weakref/nitro/operator/FlatGroupingTable.assignGroup;org/weakref/nitro/operator/FlatGroupingTable.assignGroupHashed;org/weakref/nitro/operator/FlatGroupingTable.assignGroupHashedInternal;org/weakref/nitro/operator/FlatGroupingTable.getIndex;org/weakref/nitro/operator/FlatGroupingTable.identical;org/weakref/nitro/operator/FlatKeyLayout.identicalRecordToInput 1
java/lang/Thread.run;java/lang/Thread.runWith;java/util/concurrent/ThreadPoolExecutor$Worker.run;java/util/concurrent/ThreadPoolExecutor.runWorker;java/util/concurrent/FutureTask.run;java/util/concurrent/Executors$RunnableAdapter.call;java/util/concurrent/FutureTask.run;org/openjdk/jmh/runner/BenchmarkHandler$BenchmarkTask.call;org/openjdk/jmh/runner/BenchmarkHandler$BenchmarkTask.call;java/lang/reflect/Method.invoke;jdk/internal/reflect/DirectMethodHandleAccessor.invoke;jdk/internal/reflect/DirectMethodHandleAccessor.invokeImpl;java/lang/invoke/LambdaForm$MH.0x0000000061061400.invokeExact_MT;java/lang/invoke/LambdaForm$MH.0x0000000061061000.invoke;java/lang/invoke/DirectMethodHandle$Holder.invokeSpecial;org/weakref/nitro/clickbench/jmh_generated/BenchmarkQueries_query06_jmhTest.query06_AverageTime;org/weakref/nitro/clickbench/jmh_generated/BenchmarkQueries_query06_jmhTest.query06_avgt_jmhStub;org/weakref/nitro/clickbench/BenchmarkQueries.query06;org/weakref/nitro/clickbench/BenchmarkQueries.consume;org/weakref/nitro/operator/Output.borrow;org/weakref/nitro/operator/AggregationOperator$$Lambda.0x00000000610be3b8.apply;org/weakref/nitro/operator/AggregationOperator.lambda$resultOutput$0;org/weakref/nitro/operator/AggregationOperator.doAggregationIfNeeded;org/weakref/nitro/operator/MarkDistinctOperator.next;org/weakref/nitro/operator/MarkDistinctOperator.computeDistinctMask;org/weakref/nitro/operator/DistinctKeySet.addBatch;org/weakref/nitro/operator/DistinctKeySet$FlatDistinctIndex.addBatch;org/weakref/nitro/operator/DistinctKeySet$FlatDistinctIndex.addFlatBinaryBatch;org/weakref/nitro/operator/FlatGroupingTable.assignGroup;org/weakref/nitro/operator/FlatGroupingTable.assignGroupHashed;org/weakref/nitro/operator/FlatGroupingTable.assignGroupHashedInternal;org/weakref/nitro/operator/FlatGroupingTable.getIndex;org/weakref/nitro/operator/FlatGroupingTable.identical;org/weakref/nitro/operator/FlatKeyLayout.identicalRecordToInput;org/weakref/nitro/operator/FlatKeyLayout.identicalBinaryField;org/weakref/nitro/operator/OperatorVectorSupport.binaryEquals;java/util/Arrays.mismatch;jdk/internal/util/ArraysSupport.mismatch 7
java/lang/Thread.run;java/lang/Thread.runWith;java/util/concurrent/ThreadPoolExecutor$Worker.run;java/util/concurrent/ThreadPoolExecutor.runWorker;java/util/concurrent/FutureTask.run;java/util/concurrent/Executors$RunnableAdapter.call;java/util/concurrent/FutureTask.run;org/openjdk/jmh/runner/BenchmarkHandler$BenchmarkTask.call;org/openjdk/jmh/runner/BenchmarkHandler$BenchmarkTask.call;java/lang/reflect/Method.invoke;jdk/internal/reflect/DirectMethodHandleAccessor.invoke;jdk/internal/reflect/DirectMethodHandleAccessor.invokeImpl;java/lang/invoke/LambdaForm$MH.0x0000000061061400.invokeExact_MT;java/lang/invoke/LambdaForm$MH.0x0000000061061000.invoke;java/lang/invoke/DirectMethodHandle$Holder.invokeSpecial;org/weakref/nitro/clickbench/jmh_generated/BenchmarkQueries_query06_jmhTest.query06_AverageTime;org/weakref/nitro/clickbench/jmh_generated/BenchmarkQueries_query06_jmhTest.query06_avgt_jmhStub;org/weakref/nitro/clickbench/BenchmarkQueries.query06;org/weakref/nitro/clickbench/BenchmarkQueries.consume;org/weakref/nitro/operator/Output.borrow;org/weakref/nitro/operator/AggregationOperator$$Lambda.0x00000000610be3b8.apply;org/weakref/nitro/operator/AggregationOperator.lambda$resultOutput$0;org/weakref/nitro/operator/AggregationOperator.doAggregationIfNeeded;org/weakref/nitro/operator/MarkDistinctOperator.next;org/weakref/nitro/operator/MarkDistinctOperator.computeDistinctMask;org/weakref/nitro/operator/DistinctKeySet.addBatch;org/weakref/nitro/operator/DistinctKeySet$FlatDistinctIndex.addBatch;org/weakref/nitro/operator/FlatGroupingTable.assignGroup;org/weakref/nitro/operator/FlatGroupingTable.assignGroupHashed;org/weakref/nitro/operator/FlatGroupingTable.assignGroupHashedInternal;org/weakref/nitro/operator/FlatGroupingTable.addNewGroup;org/weakref/nitro/operator/FlatKeyLayout.writeRecord;org/weakref/nitro/operator/FlatTypeHandlers$4.writeFlat;org/weakref/nitro/operator/FlatTypeHandlers$4.writeFlat;org/weakref/nitro/operator/FlatGroupingTable$FlatVariableWidthArena.append;jbyte_disjoint_arraycopy_stub 1
java/lang/Thread.run;java/lang/Thread.runWith;java/util/concurrent/ThreadPoolExecutor$Worker.run;java/util/concurrent/ThreadPoolExecutor.runWorker;java/util/concurrent/FutureTask.run;java/util/concurrent/Executors$RunnableAdapter.call;java/util/concurrent/FutureTask.run;org/openjdk/jmh/runner/BenchmarkHandler$BenchmarkTask.call;org/openjdk/jmh/runner/BenchmarkHandler$BenchmarkTask.call;java/lang/reflect/Method.invoke;jdk/internal/reflect/DirectMethodHandleAccessor.invoke;jdk/internal/reflect/DirectMethodHandleAccessor.invokeImpl;java/lang/invoke/LambdaForm$MH.0x0000000061061400.invokeExact_MT;java/lang/invoke/LambdaForm$MH.0x0000000061061000.invoke;java/lang/invoke/DirectMethodHandle$Holder.invokeSpecial;org/weakref/nitro/clickbench/jmh_generated/BenchmarkQueries_query06_jmhTest.query06_AverageTime;org/weakref/nitro/clickbench/jmh_generated/BenchmarkQueries_query06_jmhTest.query06_avgt_jmhStub;org/weakref/nitro/clickbench/BenchmarkQueries.query06;org/weakref/nitro/clickbench/BenchmarkQueries.consume;org/weakref/nitro/operator/Output.borrow;org/weakref/nitro/operator/AggregationOperator$$Lambda.0x00000000610be3b8.apply;org/weakref/nitro/operator/AggregationOperator.lambda$resultOutput$0;org/weakref/nitro/operator/AggregationOperator.doAggregationIfNeeded;org/weakref/nitro/operator/MarkDistinctOperator.next;org/weakref/nitro/operator/MarkDistinctOperator.computeDistinctMask;org/weakref/nitro/operator/DistinctKeySet.addBatch;org/weakref/nitro/operator/DistinctKeySet$FlatDistinctIndex.addBatch;org/weakref/nitro/operator/FlatGroupingTable.prepareBatchHashes;org/weakref/nitro/operator/FlatGroupingTable.prepareBatchHash;org/weakref/nitro/operator/FlatKeyLayout.hash;org/weakref/nitro/operator/FlatKeyLayout.fieldHash;org/weakref/nitro/operator/FlatKeyLayout.binaryFieldHash 1
java/lang/Thread.run;java/lang/Thread.runWith;java/util/concurrent/ThreadPoolExecutor$Worker.run;java/util/concurrent/ThreadPoolExecutor.runWorker;java/util/concurrent/FutureTask.run;java/util/concurrent/Executors$RunnableAdapter.call;java/util/concurrent/FutureTask.run;org/openjdk/jmh/runner/BenchmarkHandler$BenchmarkTask.call;org/openjdk/jmh/runner/BenchmarkHandler$BenchmarkTask.call;java/lang/reflect/Method.invoke;jdk/internal/reflect/DirectMethodHandleAccessor.invoke;jdk/internal/reflect/DirectMethodHandleAccessor.invokeImpl;java/lang/invoke/LambdaForm$MH.0x0000000061061400.invokeExact_MT;java/lang/invoke/LambdaForm$MH.0x0000000061061000.invoke;java/lang/invoke/DirectMethodHandle$Holder.invokeSpecial;org/weakref/nitro/clickbench/jmh_generated/BenchmarkQueries_query06_jmhTest.query06_AverageTime;org/weakref/nitro/clickbench/jmh_generated/BenchmarkQueries_query06_jmhTest.query06_avgt_jmhStub;org/weakref/nitro/clickbench/BenchmarkQueries.query06;org/weakref/nitro/clickbench/BenchmarkQueries.consume;org/weakref/nitro/operator/Output.borrow;org/weakref/nitro/operator/AggregationOperator$$Lambda.0x00000000610be3b8.apply;org/weakref/nitro/operator/AggregationOperator.lambda$resultOutput$0;org/weakref/nitro/operator/AggregationOperator.doAggregationIfNeeded;org/weakref/nitro/operator/MarkDistinctOperator.next;org/weakref/nitro/operator/MarkDistinctOperator.computeDistinctMask;org/weakref/nitro/operator/Output.borrow;org/weakref/nitro/operator/NitroParquetScanOperator$ScanOutputResolver$$Lambda.0x00000000610aab88.apply;org/weakref/nitro/operator/NitroParquetScanOperator$ScanOutputResolver.resolve;org/weakref/nitro/operator/NitroParquetScanOperator.resolveLazyColumn;org/weakref/nitro/operator/NitroParquetScanOperator.decodeFullColumn;org/weakref/nitro/parquet/ColumnReader.readBinary;org/weakref/nitro/parquet/ColumnReader.readBinaryDirect;org/weakref/nitro/parquet/ColumnReader.decodeNextDataPage;org/weakref/nitro/parquet/ColumnReader.decodeDictionary;jdk/internal/foreign/AbstractMemorySegmentImpl.get;java/lang/invoke/VarHandleGuards.guard_LJ_I;java/lang/invoke/VarHandleSegmentAsInts.get;java/lang/invoke/VarHandleSegmentAsInts.get;java/lang/invoke/SegmentVarHandle.checkSegment;jdk/internal/foreign/AbstractMemorySegmentImpl.checkEnclosingLayout;jdk/internal/foreign/AbstractMemorySegmentImpl.checkAccess;jdk/internal/foreign/AbstractMemorySegmentImpl.checkAccessBounds;jdk/internal/foreign/AbstractMemorySegmentImpl.checkBounds 1
java/lang/Thread.run;java/lang/Thread.runWith;java/util/concurrent/ThreadPoolExecutor$Worker.run;java/util/concurrent/ThreadPoolExecutor.runWorker;java/util/concurrent/FutureTask.run;java/util/concurrent/Executors$RunnableAdapter.call;java/util/concurrent/FutureTask.run;org/openjdk/jmh/runner/BenchmarkHandler$BenchmarkTask.call;org/openjdk/jmh/runner/BenchmarkHandler$BenchmarkTask.call;java/lang/reflect/Method.invoke;jdk/internal/reflect/DirectMethodHandleAccessor.invoke;jdk/internal/reflect/DirectMethodHandleAccessor.invokeImpl;java/lang/invoke/LambdaForm$MH.0x0000000061061400.invokeExact_MT;java/lang/invoke/LambdaForm$MH.0x0000000061061000.invoke;java/lang/invoke/DirectMethodHandle$Holder.invokeSpecial;org/weakref/nitro/clickbench/jmh_generated/BenchmarkQueries_query06_jmhTest.query06_AverageTime;org/weakref/nitro/clickbench/jmh_generated/BenchmarkQueries_query06_jmhTest.query06_avgt_jmhStub;org/weakref/nitro/clickbench/BenchmarkQueries.query06;org/weakref/nitro/clickbench/BenchmarkQueries.consume;org/weakref/nitro/operator/Output.borrow;org/weakref/nitro/operator/AggregationOperator$$Lambda.0x00000000610be3b8.apply;org/weakref/nitro/operator/AggregationOperator.lambda$resultOutput$0;org/weakref/nitro/operator/AggregationOperator.doAggregationIfNeeded;org/weakref/nitro/operator/MarkDistinctOperator.next;org/weakref/nitro/operator/MarkDistinctOperator.computeDistinctMask;org/weakref/nitro/operator/Output.borrow;org/weakref/nitro/operator/NitroParquetScanOperator$ScanOutputResolver$$Lambda.0x00000000610aab88.apply;org/weakref/nitro/operator/NitroParquetScanOperator$ScanOutputResolver.resolve;org/weakref/nitro/operator/NitroParquetScanOperator.resolveLazyColumn;org/weakref/nitro/operator/NitroParquetScanOperator.decodeFullColumn;org/weakref/nitro/parquet/ColumnReader.readBinary;org/weakref/nitro/parquet/ColumnReader.readBinaryDirect;org/weakref/nitro/parquet/ColumnReader.decodeNextDataPage;org/weakref/nitro/parquet/ColumnReader.decodeDataPageV1;org/weakref/nitro/parquet/RleReader.read 1
java/lang/Thread.run;java/lang/Thread.runWith;java/util/concurrent/ThreadPoolExecutor$Worker.run;java/util/concurrent/ThreadPoolExecutor.runWorker;java/util/concurrent/FutureTask.run;java/util/concurrent/Executors$RunnableAdapter.call;java/util/concurrent/FutureTask.run;org/openjdk/jmh/runner/BenchmarkHandler$BenchmarkTask.call;org/openjdk/jmh/runner/BenchmarkHandler$BenchmarkTask.call;java/lang/reflect/Method.invoke;jdk/internal/reflect/DirectMethodHandleAccessor.invoke;jdk/internal/reflect/DirectMethodHandleAccessor.invokeImpl;java/lang/invoke/LambdaForm$MH.0x0000000061061400.invokeExact_MT;java/lang/invoke/LambdaForm$MH.0x0000000061061000.invoke;java/lang/invoke/DirectMethodHandle$Holder.invokeSpecial;org/weakref/nitro/clickbench/jmh_generated/BenchmarkQueries_query06_jmhTest.query06_AverageTime;org/weakref/nitro/clickbench/jmh_generated/BenchmarkQueries_query06_jmhTest.query06_avgt_jmhStub;org/weakref/nitro/clickbench/BenchmarkQueries.query06;org/weakref/nitro/clickbench/BenchmarkQueries.consume;org/weakref/nitro/operator/Output.borrow;org/weakref/nitro/operator/AggregationOperator$$Lambda.0x00000000610be3b8.apply;org/weakref/nitro/operator/AggregationOperator.lambda$resultOutput$0;org/weakref/nitro/operator/AggregationOperator.doAggregationIfNeeded;org/weakref/nitro/operator/MarkDistinctOperator.next;org/weakref/nitro/operator/MarkDistinctOperator.computeDistinctMask;org/weakref/nitro/operator/Output.borrow;org/weakref/nitro/operator/NitroParquetScanOperator$ScanOutputResolver$$Lambda.0x00000000610aab88.apply;org/weakref/nitro/operator/NitroParquetScanOperator$ScanOutputResolver.resolve;org/weakref/nitro/operator/NitroParquetScanOperator.resolveLazyColumn;org/weakref/nitro/operator/NitroParquetScanOperator.decodeFullColumn;org/weakref/nitro/parquet/ColumnReader.readBinary;org/weakref/nitro/parquet/ColumnReader.readBinaryDirect;org/weakref/nitro/parquet/ColumnReader.decodeNextDataPage;org/weakref/nitro/parquet/ColumnReader.decodeDataPageV1;org/weakref/nitro/parquet/ColumnReader.decodePlainBinary;org/weakref/nitro/parquet/ColumnReader.decodePlainBinaryPresized;org/weakref/nitro/parquet/ColumnReader.appendPlainEntryPresized;java/lang/foreign/MemorySegment.copy;jdk/internal/foreign/AbstractMemorySegmentImpl.copy;jdk/internal/foreign/AbstractMemorySegmentImpl.checkAccess;jdk/internal/foreign/AbstractMemorySegmentImpl.checkAccessBounds;jdk/internal/foreign/AbstractMemorySegmentImpl.checkBounds 1
java/lang/Thread.run;java/lang/Thread.runWith;java/util/concurrent/ThreadPoolExecutor$Worker.run;java/util/concurrent/ThreadPoolExecutor.runWorker;java/util/concurrent/FutureTask.run;java/util/concurrent/Executors$RunnableAdapter.call;java/util/concurrent/FutureTask.run;org/openjdk/jmh/runner/BenchmarkHandler$BenchmarkTask.call;org/openjdk/jmh/runner/BenchmarkHandler$BenchmarkTask.call;java/lang/reflect/Method.invoke;jdk/internal/reflect/DirectMethodHandleAccessor.invoke;jdk/internal/reflect/DirectMethodHandleAccessor.invokeImpl;java/lang/invoke/LambdaForm$MH.0x0000000061061400.invokeExact_MT;java/lang/invoke/LambdaForm$MH.0x0000000061061000.invoke;java/lang/invoke/DirectMethodHandle$Holder.invokeSpecial;org/weakref/nitro/clickbench/jmh_generated/BenchmarkQueries_query06_jmhTest.query06_AverageTime;org/weakref/nitro/clickbench/jmh_generated/BenchmarkQueries_query06_jmhTest.query06_avgt_jmhStub;org/weakref/nitro/clickbench/BenchmarkQueries.query06;org/weakref/nitro/clickbench/BenchmarkQueries.consume;org/weakref/nitro/operator/Output.borrow;org/weakref/nitro/operator/AggregationOperator$$Lambda.0x00000000610be3b8.apply;org/weakref/nitro/operator/AggregationOperator.lambda$resultOutput$0;org/weakref/nitro/operator/AggregationOperator.doAggregationIfNeeded;org/weakref/nitro/operator/MarkDistinctOperator.next;org/weakref/nitro/operator/MarkDistinctOperator.computeDistinctMask;org/weakref/nitro/operator/DistinctKeySet.addBatch;org/weakref/nitro/operator/DistinctKeySet$FlatDistinctIndex.addBatch;org/weakref/nitro/operator/FlatGroupingTable.assignGroup;org/weakref/nitro/operator/FlatGroupingTable.assignGroupHashed;org/weakref/nitro/operator/FlatGroupingTable.assignGroupHashedInternal;org/weakref/nitro/operator/FlatGroupingTable.addNewGroup;org/weakref/nitro/operator/FlatKeyLayout.writeRecord;org/weakref/nitro/operator/FlatKeyLayout.storeRecordDictionaryIds;org/weakref/nitro/operator/FlatKeyLayout.ensureRecordDictionaryIdCapacity;org/weakref/nitro/operator/FlatKeyLayout.borrowInts;org/weakref/nitro/data/PrimitiveArrayPool.borrowInts;C1 Runtime new_type_array_blob;Runtime1::new_type_array;TypeArrayKlass::allocate_common;MemAllocator::allocate;ObjArrayAllocator::initialize;/usr/lib/x86_64-linux-gnu/libc.so.6 1
java/lang/Thread.run;java/lang/Thread.runWith;java/util/concurrent/ThreadPoolExecutor$Worker.run;java/util/concurrent/ThreadPoolExecutor.runWorker;java/util/concurrent/FutureTask.run;java/util/concurrent/Executors$RunnableAdapter.call;java/util/concurrent/FutureTask.run;org/openjdk/jmh/runner/BenchmarkHandler$BenchmarkTask.call;org/openjdk/jmh/runner/BenchmarkHandler$BenchmarkTask.call;java/lang/reflect/Method.invoke;jdk/internal/reflect/DirectMethodHandleAccessor.invoke;jdk/internal/reflect/DirectMethodHandleAccessor.invokeImpl;java/lang/invoke/LambdaForm$MH.0x0000000061061400.invokeExact_MT;java/lang/invoke/LambdaForm$MH.0x0000000061061000.invoke;java/lang/invoke/DirectMethodHandle$Holder.invokeSpecial;org/weakref/nitro/clickbench/jmh_generated/BenchmarkQueries_query06_jmhTest.query06_AverageTime;org/weakref/nitro/clickbench/jmh_generated/BenchmarkQueries_query06_jmhTest.query06_avgt_jmhStub;org/weakref/nitro/clickbench/BenchmarkQueries.query06;org/weakref/nitro/clickbench/BenchmarkQueries.consume;org/weakref/nitro/operator/Output.borrow;org/weakref/nitro/operator/AggregationOperator$$Lambda.0x00000000610be3b8.apply;org/weakref/nitro/operator/AggregationOperator.lambda$resultOutput$0;org/weakref/nitro/operator/AggregationOperator.doAggregationIfNeeded;org/weakref/nitro/operator/MarkDistinctOperator.next;org/weakref/nitro/operator/MarkDistinctOperator.computeDistinctMask;org/weakref/nitro/operator/DistinctKeySet.addBatch;org/weakref/nitro/operator/DistinctKeySet$FlatDistinctIndex.addBatch;org/weakref/nitro/operator/FlatGroupingTable.assignGroup;org/weakref/nitro/operator/FlatGroupingTable.assignGroupHashed;org/weakref/nitro/operator/FlatGroupingTable.assignGroupHashedInternal;org/weakref/nitro/operator/FlatGroupingTable.addNewGroup;org/weakref/nitro/operator/FlatKeyLayout.writeRecord;org/weakref/nitro/operator/FlatKeyLayout.storeRecordDictionaryIds;org/weakref/nitro/operator/FlatKeyLayout.ensureRecordDictionaryIdCapacity;jint_disjoint_arraycopy_stub 1
java/lang/Thread.run;java/lang/Thread.runWith;java/util/concurrent/ThreadPoolExecutor$Worker.run;java/util/concurrent/ThreadPoolExecutor.runWorker;java/util/concurrent/FutureTask.run;java/util/concurrent/Executors$RunnableAdapter.call;java/util/concurrent/FutureTask.run;org/openjdk/jmh/runner/BenchmarkHandler$BenchmarkTask.call;org/openjdk/jmh/runner/BenchmarkHandler$BenchmarkTask.call;java/lang/reflect/Method.invoke;jdk/internal/reflect/DirectMethodHandleAccessor.invoke;jdk/internal/reflect/DirectMethodHandleAccessor.invokeImpl;java/lang/invoke/LambdaForm$MH.0x0000000061061400.invokeExact_MT;java/lang/invoke/LambdaForm$MH.0x0000000061061000.invoke;java/lang/invoke/DirectMethodHandle$Holder.invokeSpecial;org/weakref/nitro/clickbench/jmh_generated/BenchmarkQueries_query06_jmhTest.query06_AverageTime;org/weakref/nitro/clickbench/jmh_generated/BenchmarkQueries_query06_jmhTest.query06_avgt_jmhStub;org/weakref/nitro/clickbench/BenchmarkQueries.query06;org/weakref/nitro/clickbench/BenchmarkQueries.consume;org/weakref/nitro/operator/Output.borrow;org/weakref/nitro/operator/AggregationOperator$$Lambda.0x00000000610be3b8.apply;org/weakref/nitro/operator/AggregationOperator.lambda$resultOutput$0;org/weakref/nitro/operator/AggregationOperator.doAggregationIfNeeded;org/weakref/nitro/operator/MarkDistinctOperator.next;org/weakref/nitro/operator/MarkDistinctOperator.computeDistinctMask;org/weakref/nitro/operator/DistinctKeySet.addBatch;org/weakref/nitro/operator/DistinctKeySet$FlatDistinctIndex.addBatch;org/weakref/nitro/operator/DistinctKeySet$FlatDistinctIndex.addFlatBinaryBatch;org/weakref/nitro/operator/FlatGroupingTable.assignGroup;org/weakref/nitro/operator/FlatGroupingTable.assignGroupHashed;org/weakref/nitro/operator/FlatGroupingTable.assignGroupHashedInternal;org/weakref/nitro/operator/FlatGroupingTable.getIndex;org/weakref/nitro/operator/FlatGroupingTable.identical;org/weakref/nitro/operator/FlatKeyLayout.identicalRecordToInput;org/weakref/nitro/operator/FlatKeyLayout.identicalBinaryField;java/lang/invoke/VarHandleGuards.guard_LI_I;java/lang/invoke/VarHandleByteArrayAsInts$ArrayHandle.get;java/lang/invoke/VarHandleByteArrayAsInts$ArrayHandle.index 1
java/lang/Thread.run;java/lang/Thread.runWith;java/util/concurrent/ThreadPoolExecutor$Worker.run;java/util/concurrent/ThreadPoolExecutor.runWorker;java/util/concurrent/FutureTask.run;java/util/concurrent/Executors$RunnableAdapter.call;java/util/concurrent/FutureTask.run;org/openjdk/jmh/runner/BenchmarkHandler$BenchmarkTask.call;org/openjdk/jmh/runner/BenchmarkHandler$BenchmarkTask.call;java/lang/reflect/Method.invoke;jdk/internal/reflect/DirectMethodHandleAccessor.invoke;jdk/internal/reflect/DirectMethodHandleAccessor.invokeImpl;java/lang/invoke/LambdaForm$MH.0x0000000061061400.invokeExact_MT;java/lang/invoke/LambdaForm$MH.0x0000000061061000.invoke;java/lang/invoke/DirectMethodHandle$Holder.invokeSpecial;org/weakref/nitro/clickbench/jmh_generated/BenchmarkQueries_query06_jmhTest.query06_AverageTime;org/weakref/nitro/clickbench/jmh_generated/BenchmarkQueries_query06_jmhTest.query06_avgt_jmhStub;org/weakref/nitro/clickbench/BenchmarkQueries.query06;org/weakref/nitro/clickbench/BenchmarkQueries.consume;org/weakref/nitro/operator/Output.borrow;org/weakref/nitro/operator/AggregationOperator$$Lambda.0x00000000610be3b8.apply;org/weakref/nitro/operator/AggregationOperator.lambda$resultOutput$0;org/weakref/nitro/operator/AggregationOperator.doAggregationIfNeeded;org/weakref/nitro/operator/MarkDistinctOperator.next;org/weakref/nitro/operator/MarkDistinctOperator.computeDistinctMask;org/weakref/nitro/operator/DistinctKeySet.addBatch;org/weakref/nitro/operator/DistinctKeySet$FlatDistinctIndex.addBatch;org/weakref/nitro/operator/DistinctKeySet$FlatDistinctIndex.addFlatBinaryBatch;org/weakref/nitro/operator/FlatGroupingTable.prepareBatchHashes;org/weakref/nitro/operator/FlatGroupingTable.prepareBatchHash;org/weakref/nitro/operator/FlatKeyLayout.hash;org/weakref/nitro/operator/OperatorVectorSupport.binaryHash 6
java/lang/Thread.run;java/lang/Thread.runWith;java/util/concurrent/ThreadPoolExecutor$Worker.run;java/util/concurrent/ThreadPoolExecutor.runWorker;java/util/concurrent/FutureTask.run;java/util/concurrent/Executors$RunnableAdapter.call;java/util/concurrent/FutureTask.run;org/openjdk/jmh/runner/BenchmarkHandler$BenchmarkTask.call;org/openjdk/jmh/runner/BenchmarkHandler$BenchmarkTask.call;java/lang/reflect/Method.invoke;jdk/internal/reflect/DirectMethodHandleAccessor.invoke;jdk/internal/reflect/DirectMethodHandleAccessor.invokeImpl;java/lang/invoke/LambdaForm$MH.0x0000000061061400.invokeExact_MT;java/lang/invoke/LambdaForm$MH.0x0000000061061000.invoke;java/lang/invoke/DirectMethodHandle$Holder.invokeSpecial;org/weakref/nitro/clickbench/jmh_generated/BenchmarkQueries_query06_jmhTest.query06_AverageTime;org/weakref/nitro/clickbench/jmh_generated/BenchmarkQueries_query06_jmhTest.query06_avgt_jmhStub;org/weakref/nitro/clickbench/BenchmarkQueries.query06;org/weakref/nitro/clickbench/BenchmarkQueries.consume;org/weakref/nitro/operator/Output.borrow;org/weakref/nitro/operator/AggregationOperator$$Lambda.0x00000000610be3b8.apply;org/weakref/nitro/operator/AggregationOperator.lambda$resultOutput$0;org/weakref/nitro/operator/AggregationOperator.doAggregationIfNeeded;org/weakref/nitro/operator/MarkDistinctOperator.next;org/weakref/nitro/operator/MarkDistinctOperator.computeDistinctMask;org/weakref/nitro/operator/Output.borrow;org/weakref/nitro/operator/NitroParquetScanOperator$ScanOutputResolver$$Lambda.0x00000000610aab88.apply;org/weakref/nitro/operator/NitroParquetScanOperator$ScanOutputResolver.resolve;org/weakref/nitro/operator/NitroParquetScanOperator.resolveLazyColumn;org/weakref/nitro/operator/NitroParquetScanOperator.decodeFullColumn;org/weakref/nitro/parquet/ColumnReader.readBinary;org/weakref/nitro/parquet/ColumnReader.readBinaryDirect;org/weakref/nitro/parquet/ColumnReader.decodeNextDataPage;org/weakref/nitro/parquet/ColumnReader.decompress;io/airlift/compress/v3/snappy/SnappyNativeDecompressor.decompress;io/airlift/compress/v3/snappy/SnappyNative.decompress;io/airlift/compress/v3/snappy/SnappyNative.decompressInternal;java/lang/invoke/LambdaForm$MH.0x0000000061108c00.invokeExact_MT;java/lang/invoke/LambdaForm$MH.0x0000000061119400.invoke;java/lang/invoke/LambdaForm$DMH.0x00000000610b1400.invokeStatic;jdk/internal/foreign/abi/DowncallStub.0x00000000610b1000.invoke;java/lang/invoke/LambdaForm$MH.0x0000000061109800.invokeExact_MT;java/lang/invoke/LambdaForm$MH.0x0000000061119800.invoke;nep_invoker_blob;snappy_uncompress;snappy::RawUncompress;snappy::RawUncompress;void snappy::SnappyDecompressor::DecompressAllTags<snappy::SnappyArrayWriter>;std::pair<unsigned char const*, long> snappy::DecompressBranchless<char*>;snappy::MemCopy64 1
java/lang/Thread.run;java/lang/Thread.runWith;java/util/concurrent/ThreadPoolExecutor$Worker.run;java/util/concurrent/ThreadPoolExecutor.runWorker;java/util/concurrent/FutureTask.run;java/util/concurrent/Executors$RunnableAdapter.call;java/util/concurrent/FutureTask.run;org/openjdk/jmh/runner/BenchmarkHandler$BenchmarkTask.call;org/openjdk/jmh/runner/BenchmarkHandler$BenchmarkTask.call;java/lang/reflect/Method.invoke;jdk/internal/reflect/DirectMethodHandleAccessor.invoke;jdk/internal/reflect/DirectMethodHandleAccessor.invokeImpl;java/lang/invoke/LambdaForm$MH.0x0000000061061400.invokeExact_MT;java/lang/invoke/LambdaForm$MH.0x0000000061061000.invoke;java/lang/invoke/DirectMethodHandle$Holder.invokeSpecial;org/weakref/nitro/clickbench/jmh_generated/BenchmarkQueries_query06_jmhTest.query06_AverageTime;org/weakref/nitro/clickbench/jmh_generated/BenchmarkQueries_query06_jmhTest.query06_avgt_jmhStub;org/weakref/nitro/clickbench/BenchmarkQueries.query06;org/weakref/nitro/clickbench/BenchmarkQueries.consume;org/weakref/nitro/operator/Output.borrow;org/weakref/nitro/operator/AggregationOperator$$Lambda.0x00000000610be3b8.apply;org/weakref/nitro/operator/AggregationOperator.lambda$resultOutput$0;org/weakref/nitro/operator/AggregationOperator.doAggregationIfNeeded;org/weakref/nitro/operator/MarkDistinctOperator.next;org/weakref/nitro/operator/MarkDistinctOperator.computeDistinctMask;org/weakref/nitro/operator/Output.borrow;org/weakref/nitro/operator/NitroParquetScanOperator$ScanOutputResolver$$Lambda.0x00000000610aab88.apply;org/weakref/nitro/operator/NitroParquetScanOperator$ScanOutputResolver.resolve;org/weakref/nitro/operator/NitroParquetScanOperator.resolveLazyColumn;org/weakref/nitro/operator/NitroParquetScanOperator.decodeFullColumn;org/weakref/nitro/parquet/ColumnReader.readBinary;org/weakref/nitro/parquet/ColumnReader.readBinaryDirect;org/weakref/nitro/data/BinaryVector.allocate;org/weakref/nitro/data/Allocator.allocatePooled;org/weakref/nitro/data/BinaryVector.clearForReuse;java/util/Arrays.fill;arrayof_jint_fill_stub 2
java/lang/Thread.run;java/lang/Thread.runWith;java/util/concurrent/ThreadPoolExecutor$Worker.run;java/util/concurrent/ThreadPoolExecutor.runWorker;java/util/concurrent/FutureTask.run;java/util/concurrent/Executors$RunnableAdapter.call;java/util/concurrent/FutureTask.run;org/openjdk/jmh/runner/BenchmarkHandler$BenchmarkTask.call;org/openjdk/jmh/runner/BenchmarkHandler$BenchmarkTask.call;java/lang/reflect/Method.invoke;jdk/internal/reflect/DirectMethodHandleAccessor.invoke;jdk/internal/reflect/DirectMethodHandleAccessor.invokeImpl;java/lang/invoke/LambdaForm$MH.0x0000000061061400.invokeExact_MT;java/lang/invoke/LambdaForm$MH.0x0000000061061000.invoke;java/lang/invoke/DirectMethodHandle$Holder.invokeSpecial;org/weakref/nitro/clickbench/jmh_generated/BenchmarkQueries_query06_jmhTest.query06_AverageTime;org/weakref/nitro/clickbench/jmh_generated/BenchmarkQueries_query06_jmhTest.query06_avgt_jmhStub;org/weakref/nitro/clickbench/BenchmarkQueries.query06;org/weakref/nitro/clickbench/BenchmarkQueries.consume;org/weakref/nitro/operator/Output.borrow;org/weakref/nitro/operator/AggregationOperator$$Lambda.0x00000000610be3b8.apply;org/weakref/nitro/operator/AggregationOperator.lambda$resultOutput$0;org/weakref/nitro/operator/AggregationOperator.doAggregationIfNeeded;org/weakref/nitro/operator/MarkDistinctOperator.next;org/weakref/nitro/operator/MarkDistinctOperator.computeDistinctMask;org/weakref/nitro/operator/DistinctKeySet.addBatch;org/weakref/nitro/operator/DistinctKeySet$FlatDistinctIndex.addBatch;org/weakref/nitro/operator/DistinctKeySet$FlatDistinctIndex.addFlatBinaryBatch;org/weakref/nitro/operator/FlatGroupingTable.assignGroup;org/weakref/nitro/operator/FlatGroupingTable.assignGroupHashed;org/weakref/nitro/operator/FlatGroupingTable.assignGroupHashedInternal;org/weakref/nitro/operator/FlatGroupingTable.getIndex;org/weakref/nitro/operator/FlatGroupingTable.identical;org/weakref/nitro/operator/FlatKeyLayout.identicalRecordToInput;org/weakref/nitro/operator/FlatKeyLayout.identicalBinaryField;org/weakref/nitro/operator/OperatorVectorSupport.binaryEquals;java/util/Arrays.mismatch;java/util/Arrays.rangeCheck 1
java/lang/Thread.run;java/lang/Thread.runWith;java/util/concurrent/ThreadPoolExecutor$Worker.run;java/util/concurrent/ThreadPoolExecutor.runWorker;java/util/concurrent/FutureTask.run;java/util/concurrent/Executors$RunnableAdapter.call;java/util/concurrent/FutureTask.run;org/openjdk/jmh/runner/BenchmarkHandler$BenchmarkTask.call;org/openjdk/jmh/runner/BenchmarkHandler$BenchmarkTask.call;java/lang/reflect/Method.invoke;jdk/internal/reflect/DirectMethodHandleAccessor.invoke;jdk/internal/reflect/DirectMethodHandleAccessor.invokeImpl;java/lang/invoke/LambdaForm$MH.0x0000000061061400.invokeExact_MT;java/lang/invoke/LambdaForm$MH.0x0000000061061000.invoke;java/lang/invoke/DirectMethodHandle$Holder.invokeSpecial;org/weakref/nitro/clickbench/jmh_generated/BenchmarkQueries_query06_jmhTest.query06_AverageTime;org/weakref/nitro/clickbench/jmh_generated/BenchmarkQueries_query06_jmhTest.query06_avgt_jmhStub;org/weakref/nitro/clickbench/BenchmarkQueries.query06;org/weakref/nitro/clickbench/BenchmarkQueries.consume;org/weakref/nitro/operator/Output.borrow;org/weakref/nitro/operator/AggregationOperator$$Lambda.0x00000000610be3b8.apply;org/weakref/nitro/operator/AggregationOperator.lambda$resultOutput$0;org/weakref/nitro/operator/AggregationOperator.doAggregationIfNeeded;org/weakref/nitro/operator/MarkDistinctOperator.next;org/weakref/nitro/operator/MarkDistinctOperator.computeDistinctMask;org/weakref/nitro/operator/DistinctKeySet.addBatch;org/weakref/nitro/operator/DistinctKeySet$FlatDistinctIndex.addBatch;org/weakref/nitro/operator/DistinctKeySet$FlatDistinctIndex.addFlatBinaryBatch;org/weakref/nitro/operator/FlatGroupingTable.prepareBatchHashes;org/weakref/nitro/operator/FlatGroupingTable.prepareBatchHash;org/weakref/nitro/operator/FlatKeyLayout.hash;org/weakref/nitro/operator/OperatorVectorSupport.binaryHash;org/weakref/nitro/operator/OperatorVectorSupport.mix64 1
/usr/lib/x86_64-linux-gnu/libc.so.6;/usr/lib/x86_64-linux-gnu/libc.so.6;thread_native_entry;Thread::call_run;JavaThread::thread_main_inner;CompileBroker::compiler_thread_loop;CompileBroker::invoke_compiler_on_method;C2Compiler::compile_method;Compile::Compile;Compile::Code_Gen;PhaseChaitin::Register_Allocate;PhaseChaitin::Select;IndexSetIterator::advance_and_next 1
java/lang/Thread.run;java/lang/Thread.runWith;java/util/concurrent/ThreadPoolExecutor$Worker.run;java/util/concurrent/ThreadPoolExecutor.runWorker;java/util/concurrent/FutureTask.run;java/util/concurrent/Executors$RunnableAdapter.call;java/util/concurrent/FutureTask.run;org/openjdk/jmh/runner/BenchmarkHandler$BenchmarkTask.call;org/openjdk/jmh/runner/BenchmarkHandler$BenchmarkTask.call;java/lang/reflect/Method.invoke;jdk/internal/reflect/DirectMethodHandleAccessor.invoke;jdk/internal/reflect/DirectMethodHandleAccessor.invokeImpl;java/lang/invoke/LambdaForm$MH.0x0000000061061400.invokeExact_MT;java/lang/invoke/LambdaForm$MH.0x0000000061061000.invoke;java/lang/invoke/DirectMethodHandle$Holder.invokeSpecial;org/weakref/nitro/clickbench/jmh_generated/BenchmarkQueries_query06_jmhTest.query06_AverageTime;org/weakref/nitro/clickbench/jmh_generated/BenchmarkQueries_query06_jmhTest.query06_avgt_jmhStub;org/weakref/nitro/clickbench/BenchmarkQueries.query06;org/weakref/nitro/clickbench/BenchmarkQueries.consume;org/weakref/nitro/operator/Output.borrow;org/weakref/nitro/operator/AggregationOperator$$Lambda.0x00000000610be3b8.apply;org/weakref/nitro/operator/AggregationOperator.lambda$resultOutput$0;org/weakref/nitro/operator/AggregationOperator.doAggregationIfNeeded;org/weakref/nitro/operator/MarkDistinctOperator.next;org/weakref/nitro/operator/MarkDistinctOperator.computeDistinctMask;org/weakref/nitro/operator/DistinctKeySet.addBatch;org/weakref/nitro/operator/DistinctKeySet$FlatDistinctIndex.addBatch;org/weakref/nitro/operator/FlatGroupingTable.assignGroup;org/weakref/nitro/operator/FlatGroupingTable.assignGroupHashed;org/weakref/nitro/operator/FlatGroupingTable.assignGroupHashedInternal;org/weakref/nitro/operator/FlatGroupingTable.getIndex;org/weakref/nitro/operator/FlatGroupingTable.identical 6
java/lang/Thread.run;java/lang/Thread.runWith;java/util/concurrent/ThreadPoolExecutor$Worker.run;java/util/concurrent/ThreadPoolExecutor.runWorker;java/util/concurrent/FutureTask.run;java/util/concurrent/Executors$RunnableAdapter.call;java/util/concurrent/FutureTask.run;org/openjdk/jmh/runner/BenchmarkHandler$BenchmarkTask.call;org/openjdk/jmh/runner/BenchmarkHandler$BenchmarkTask.call;java/lang/reflect/Method.invoke;jdk/internal/reflect/DirectMethodHandleAccessor.invoke;jdk/internal/reflect/DirectMethodHandleAccessor.invokeImpl;java/lang/invoke/LambdaForm$MH.0x0000000061061400.invokeExact_MT;java/lang/invoke/LambdaForm$MH.0x0000000061061000.invoke;java/lang/invoke/DirectMethodHandle$Holder.invokeSpecial;org/weakref/nitro/clickbench/jmh_generated/BenchmarkQueries_query06_jmhTest.query06_AverageTime;org/weakref/nitro/clickbench/jmh_generated/BenchmarkQueries_query06_jmhTest.query06_avgt_jmhStub;org/weakref/nitro/clickbench/BenchmarkQueries.query06;org/weakref/nitro/clickbench/BenchmarkQueries.consume;org/weakref/nitro/operator/Output.borrow;org/weakref/nitro/operator/AggregationOperator$$Lambda.0x00000000610be3b8.apply;org/weakref/nitro/operator/AggregationOperator.lambda$resultOutput$0;org/weakref/nitro/operator/AggregationOperator.doAggregationIfNeeded;org/weakref/nitro/operator/MarkDistinctOperator.next;org/weakref/nitro/operator/MarkDistinctOperator.computeDistinctMask;org/weakref/nitro/operator/DistinctKeySet.addBatch;org/weakref/nitro/operator/DistinctKeySet$FlatDistinctIndex.addBatch;org/weakref/nitro/operator/DistinctKeySet$FlatDistinctIndex.addFlatBinaryBatch;org/weakref/nitro/operator/FlatGroupingTable.assignGroup;org/weakref/nitro/operator/FlatGroupingTable.assignGroupHashed;org/weakref/nitro/operator/FlatGroupingTable.assignGroupHashedInternal;org/weakref/nitro/operator/FlatGroupingTable.addNewGroup;org/weakref/nitro/operator/FlatKeyLayout.writeRecord;org/weakref/nitro/operator/FlatKeyLayout.writeBinaryField 1
java/lang/Thread.run;java/lang/Thread.runWith;java/util/concurrent/ThreadPoolExecutor$Worker.run;java/util/concurrent/ThreadPoolExecutor.runWorker;java/util/concurrent/FutureTask.run;java/util/concurrent/Executors$RunnableAdapter.call;java/util/concurrent/FutureTask.run;org/openjdk/jmh/runner/BenchmarkHandler$BenchmarkTask.call;org/openjdk/jmh/runner/BenchmarkHandler$BenchmarkTask.call;java/lang/reflect/Method.invoke;jdk/internal/reflect/DirectMethodHandleAccessor.invoke;jdk/internal/reflect/DirectMethodHandleAccessor.invokeImpl;java/lang/invoke/LambdaForm$MH.0x0000000061061400.invokeExact_MT;java/lang/invoke/LambdaForm$MH.0x0000000061061000.invoke;java/lang/invoke/DirectMethodHandle$Holder.invokeSpecial;org/weakref/nitro/clickbench/jmh_generated/BenchmarkQueries_query06_jmhTest.query06_AverageTime;org/weakref/nitro/clickbench/jmh_generated/BenchmarkQueries_query06_jmhTest.query06_avgt_jmhStub;org/weakref/nitro/clickbench/BenchmarkQueries.query06;org/weakref/nitro/clickbench/BenchmarkQueries.consume;org/weakref/nitro/operator/Output.borrow;org/weakref/nitro/operator/AggregationOperator$$Lambda.0x00000000610be3b8.apply;org/weakref/nitro/operator/AggregationOperator.lambda$resultOutput$0;org/weakref/nitro/operator/AggregationOperator.doAggregationIfNeeded;org/weakref/nitro/operator/MarkDistinctOperator.next;org/weakref/nitro/operator/MarkDistinctOperator.computeDistinctMask;org/weakref/nitro/operator/DistinctKeySet.addBatch;org/weakref/nitro/operator/DistinctKeySet$FlatDistinctIndex.addBatch;org/weakref/nitro/operator/FlatGroupingTable.prepareBatchHashes;org/weakref/nitro/operator/FlatGroupingTable.prepareBatchHash;org/weakref/nitro/operator/FlatKeyLayout.hash;org/weakref/nitro/operator/FlatKeyLayout.fieldHash;org/weakref/nitro/operator/FlatKeyLayout.binaryFieldHash;org/weakref/nitro/operator/FlatKeyLayout.globalIdFor 1
java/lang/Thread.run;java/lang/Thread.runWith;java/util/concurrent/ThreadPoolExecutor$Worker.run;java/util/concurrent/ThreadPoolExecutor.runWorker;java/util/concurrent/FutureTask.run;java/util/concurrent/Executors$RunnableAdapter.call;java/util/concurrent/FutureTask.run;org/openjdk/jmh/runner/BenchmarkHandler$BenchmarkTask.call;org/openjdk/jmh/runner/BenchmarkHandler$BenchmarkTask.call;java/lang/reflect/Method.invoke;jdk/internal/reflect/DirectMethodHandleAccessor.invoke;jdk/internal/reflect/DirectMethodHandleAccessor.invokeImpl;java/lang/invoke/LambdaForm$MH.0x0000000061061400.invokeExact_MT;java/lang/invoke/LambdaForm$MH.0x0000000061061000.invoke;java/lang/invoke/DirectMethodHandle$Holder.invokeSpecial;org/weakref/nitro/clickbench/jmh_generated/BenchmarkQueries_query06_jmhTest.query06_AverageTime;org/weakref/nitro/clickbench/jmh_generated/BenchmarkQueries_query06_jmhTest.query06_avgt_jmhStub;org/weakref/nitro/clickbench/BenchmarkQueries.query06;org/weakref/nitro/clickbench/BenchmarkQueries.consume;org/weakref/nitro/operator/Output.borrow;org/weakref/nitro/operator/AggregationOperator$$Lambda.0x00000000610be3b8.apply;org/weakref/nitro/operator/AggregationOperator.lambda$resultOutput$0;org/weakref/nitro/operator/AggregationOperator.doAggregationIfNeeded;org/weakref/nitro/operator/MarkDistinctOperator.next;org/weakref/nitro/operator/MarkDistinctOperator.computeDistinctMask;org/weakref/nitro/operator/DistinctKeySet.addBatch;org/weakref/nitro/operator/DistinctKeySet$FlatDistinctIndex.addBatch;org/weakref/nitro/operator/FlatGroupingTable.prepareBatchHashes;org/weakref/nitro/operator/FlatGroupingTable.prepareBatchHash;org/weakref/nitro/operator/FlatKeyLayout.hash;org/weakref/nitro/operator/FlatKeyLayout.fieldHash;org/weakref/nitro/operator/FlatKeyLayout.binaryFieldHash;org/weakref/nitro/operator/FlatKeyLayout.globalIdFor 1
java/lang/Thread.run;java/lang/Thread.runWith;java/util/concurrent/ThreadPoolExecutor$Worker.run;java/util/concurrent/ThreadPoolExecutor.runWorker;java/util/concurrent/FutureTask.run;java/util/concurrent/Executors$RunnableAdapter.call;java/util/concurrent/FutureTask.run;org/openjdk/jmh/runner/BenchmarkHandler$BenchmarkTask.call;org/openjdk/jmh/runner/BenchmarkHandler$BenchmarkTask.call;java/lang/reflect/Method.invoke;jdk/internal/reflect/DirectMethodHandleAccessor.invoke;jdk/internal/reflect/DirectMethodHandleAccessor.invokeImpl;java/lang/invoke/LambdaForm$MH.0x0000000061061400.invokeExact_MT;java/lang/invoke/LambdaForm$MH.0x0000000061061000.invoke;java/lang/invoke/DirectMethodHandle$Holder.invokeSpecial;org/weakref/nitro/clickbench/jmh_generated/BenchmarkQueries_query06_jmhTest.query06_AverageTime;org/weakref/nitro/clickbench/jmh_generated/BenchmarkQueries_query06_jmhTest.query06_avgt_jmhStub;org/weakref/nitro/clickbench/BenchmarkQueries.query06;org/weakref/nitro/clickbench/BenchmarkQueries.consume;org/weakref/nitro/operator/Output.borrow;org/weakref/nitro/operator/AggregationOperator$$Lambda.0x00000000610be3b8.apply;org/weakref/nitro/operator/AggregationOperator.lambda$resultOutput$0;org/weakref/nitro/operator/AggregationOperator.doAggregationIfNeeded;org/weakref/nitro/operator/MarkDistinctOperator.next;org/weakref/nitro/operator/MarkDistinctOperator.computeDistinctMask;org/weakref/nitro/operator/DistinctKeySet.addBatch;org/weakref/nitro/operator/DistinctKeySet$FlatDistinctIndex.addBatch;org/weakref/nitro/operator/FlatGroupingTable.prepareBatchHashes 2
java/lang/Thread.run;java/lang/Thread.runWith;java/util/concurrent/ThreadPoolExecutor$Worker.run;java/util/concurrent/ThreadPoolExecutor.runWorker;java/util/concurrent/FutureTask.run;java/util/concurrent/Executors$RunnableAdapter.call;java/util/concurrent/FutureTask.run;org/openjdk/jmh/runner/BenchmarkHandler$BenchmarkTask.call;org/openjdk/jmh/runner/BenchmarkHandler$BenchmarkTask.call;java/lang/reflect/Method.invoke;jdk/internal/reflect/DirectMethodHandleAccessor.invoke;jdk/internal/reflect/DirectMethodHandleAccessor.invokeImpl;java/lang/invoke/LambdaForm$MH.0x0000000061061400.invokeExact_MT;java/lang/invoke/LambdaForm$MH.0x0000000061061000.invoke;java/lang/invoke/DirectMethodHandle$Holder.invokeSpecial;org/weakref/nitro/clickbench/jmh_generated/BenchmarkQueries_query06_jmhTest.query06_AverageTime;org/weakref/nitro/clickbench/jmh_generated/BenchmarkQueries_query06_jmhTest.query06_avgt_jmhStub;org/weakref/nitro/clickbench/BenchmarkQueries.query06;org/weakref/nitro/clickbench/BenchmarkQueries.consume;org/weakref/nitro/operator/Output.borrow;org/weakref/nitro/operator/AggregationOperator$$Lambda.0x00000000610be3b8.apply;org/weakref/nitro/operator/AggregationOperator.lambda$resultOutput$0;org/weakref/nitro/operator/AggregationOperator.doAggregationIfNeeded;org/weakref/nitro/operator/MarkDistinctOperator.next;org/weakref/nitro/operator/MarkDistinctOperator.computeDistinctMask;org/weakref/nitro/operator/DistinctKeySet.addBatch;org/weakref/nitro/operator/DistinctKeySet$FlatDistinctIndex.addBatch;org/weakref/nitro/operator/FlatGroupingTable.beginBatch;org/weakref/nitro/operator/FlatKeyLayout.beginBatch;org/weakref/nitro/operator/FlatKeyLayout.hashByKind;org/weakref/nitro/operator/FlatTypeHandlers$4.hashInput;org/weakref/nitro/operator/OperatorVectorSupport.binaryHash;org/weakref/nitro/operator/OperatorVectorSupport.mix64 2
java/lang/Thread.run;java/lang/Thread.runWith;java/util/concurrent/ThreadPoolExecutor$Worker.run;java/util/concurrent/ThreadPoolExecutor.runWorker;java/util/concurrent/FutureTask.run;java/util/concurrent/Executors$RunnableAdapter.call;java/util/concurrent/FutureTask.run;org/openjdk/jmh/runner/BenchmarkHandler$BenchmarkTask.call;org/openjdk/jmh/runner/BenchmarkHandler$BenchmarkTask.call;java/lang/reflect/Method.invoke;jdk/internal/reflect/DirectMethodHandleAccessor.invoke;jdk/internal/reflect/DirectMethodHandleAccessor.invokeImpl;java/lang/invoke/LambdaForm$MH.0x0000000061061400.invokeExact_MT;java/lang/invoke/LambdaForm$MH.0x0000000061061000.invoke;java/lang/invoke/DirectMethodHandle$Holder.invokeSpecial;org/weakref/nitro/clickbench/jmh_generated/BenchmarkQueries_query06_jmhTest.query06_AverageTime;org/weakref/nitro/clickbench/jmh_generated/BenchmarkQueries_query06_jmhTest.query06_avgt_jmhStub;org/weakref/nitro/clickbench/BenchmarkQueries.query06;org/weakref/nitro/clickbench/BenchmarkQueries.consume;org/weakref/nitro/operator/Output.borrow;org/weakref/nitro/operator/AggregationOperator$$Lambda.0x00000000610be3b8.apply;org/weakref/nitro/operator/AggregationOperator.lambda$resultOutput$0;org/weakref/nitro/operator/AggregationOperator.doAggregationIfNeeded;org/weakref/nitro/operator/MarkDistinctOperator.next;org/weakref/nitro/operator/MarkDistinctOperator.computeDistinctMask;org/weakref/nitro/operator/DistinctKeySet.addBatch;org/weakref/nitro/operator/DistinctKeySet$FlatDistinctIndex.addBatch;org/weakref/nitro/operator/DistinctKeySet$FlatDistinctIndex.addFlatBinaryBatch;org/weakref/nitro/operator/FlatGroupingTable.prepareBatchHashes;org/weakref/nitro/operator/FlatGroupingTable.prepareBatchHash;org/weakref/nitro/operator/FlatKeyLayout.hash;org/weakref/nitro/operator/OperatorVectorSupport.binaryHash;org/weakref/nitro/operator/OperatorVectorSupport.mix64 1
java/lang/Thread.run;java/lang/Thread.runWith;java/util/concurrent/ThreadPoolExecutor$Worker.run;java/util/concurrent/ThreadPoolExecutor.runWorker;java/util/concurrent/FutureTask.run;java/util/concurrent/Executors$RunnableAdapter.call;java/util/concurrent/FutureTask.run;org/openjdk/jmh/runner/BenchmarkHandler$BenchmarkTask.call;org/openjdk/jmh/runner/BenchmarkHandler$BenchmarkTask.call;java/lang/reflect/Method.invoke;jdk/internal/reflect/DirectMethodHandleAccessor.invoke;jdk/internal/reflect/DirectMethodHandleAccessor.invokeImpl;java/lang/invoke/LambdaForm$MH.0x0000000061061400.invokeExact_MT;java/lang/invoke/LambdaForm$MH.0x0000000061061000.invoke;java/lang/invoke/DirectMethodHandle$Holder.invokeSpecial;org/weakref/nitro/clickbench/jmh_generated/BenchmarkQueries_query06_jmhTest.query06_AverageTime;org/weakref/nitro/clickbench/jmh_generated/BenchmarkQueries_query06_jmhTest.query06_avgt_jmhStub;org/weakref/nitro/clickbench/BenchmarkQueries.query06;org/weakref/nitro/clickbench/BenchmarkQueries.consume;org/weakref/nitro/operator/Output.borrow;org/weakref/nitro/operator/AggregationOperator$$Lambda.0x00000000610be3b8.apply;org/weakref/nitro/operator/AggregationOperator.lambda$resultOutput$0;org/weakref/nitro/operator/AggregationOperator.doAggregationIfNeeded;org/weakref/nitro/operator/MarkDistinctOperator.next;org/weakref/nitro/operator/MarkDistinctOperator.computeDistinctMask;org/weakref/nitro/operator/DistinctKeySet.addBatch;org/weakref/nitro/operator/DistinctKeySet$FlatDistinctIndex.addBatch;org/weakref/nitro/operator/DistinctKeySet$FlatDistinctIndex.addFlatBinaryBatch;org/weakref/nitro/operator/FlatGroupingTable.prepareBatchHashes;org/weakref/nitro/operator/FlatGroupingTable.prepareBatchHash;org/weakref/nitro/operator/FlatKeyLayout.hash;org/weakref/nitro/data/BinaryVector.data 1
java/lang/Thread.run;java/lang/Thread.runWith;java/util/concurrent/ThreadPoolExecutor$Worker.run;java/util/concurrent/ThreadPoolExecutor.runWorker;java/util/concurrent/FutureTask.run;java/util/concurrent/Executors$RunnableAdapter.call;java/util/concurrent/FutureTask.run;org/openjdk/jmh/runner/BenchmarkHandler$BenchmarkTask.call;org/openjdk/jmh/runner/BenchmarkHandler$BenchmarkTask.call;java/lang/reflect/Method.invoke;jdk/internal/reflect/DirectMethodHandleAccessor.invoke;jdk/internal/reflect/DirectMethodHandleAccessor.invokeImpl;java/lang/invoke/LambdaForm$MH.0x0000000061061400.invokeExact_MT;java/lang/invoke/LambdaForm$MH.0x0000000061061000.invoke;java/lang/invoke/DirectMethodHandle$Holder.invokeSpecial;org/weakref/nitro/clickbench/jmh_generated/BenchmarkQueries_query06_jmhTest.query06_AverageTime;org/weakref/nitro/clickbench/jmh_generated/BenchmarkQueries_query06_jmhTest.query06_avgt_jmhStub;org/weakref/nitro/clickbench/BenchmarkQueries.query06;org/weakref/nitro/clickbench/BenchmarkQueries.consume;org/weakref/nitro/operator/Output.borrow;org/weakref/nitro/operator/AggregationOperator$$Lambda.0x00000000610be3b8.apply;org/weakref/nitro/operator/AggregationOperator.lambda$resultOutput$0;org/weakref/nitro/operator/AggregationOperator.doAggregationIfNeeded;org/weakref/nitro/operator/MarkDistinctOperator.next;org/weakref/nitro/operator/MarkDistinctOperator.computeDistinctMask;org/weakref/nitro/operator/DistinctKeySet.addBatch;org/weakref/nitro/operator/DistinctKeySet$FlatDistinctIndex.addBatch;org/weakref/nitro/operator/DistinctKeySet$FlatDistinctIndex.addFlatBinaryBatch;org/weakref/nitro/operator/FlatGroupingTable.prepareBatchHashes;org/weakref/nitro/operator/FlatGroupingTable.prepareBatchHash 1
java/lang/Thread.run;java/lang/Thread.runWith;java/util/concurrent/ThreadPoolExecutor$Worker.run;java/util/concurrent/ThreadPoolExecutor.runWorker;java/util/concurrent/FutureTask.run;java/util/concurrent/Executors$RunnableAdapter.call;java/util/concurrent/FutureTask.run;org/openjdk/jmh/runner/BenchmarkHandler$BenchmarkTask.call;org/openjdk/jmh/runner/BenchmarkHandler$BenchmarkTask.call;java/lang/reflect/Method.invoke;jdk/internal/reflect/DirectMethodHandleAccessor.invoke;jdk/internal/reflect/DirectMethodHandleAccessor.invokeImpl;java/lang/invoke/LambdaForm$MH.0x0000000061061400.invokeExact_MT;java/lang/invoke/LambdaForm$MH.0x0000000061061000.invoke;java/lang/invoke/DirectMethodHandle$Holder.invokeSpecial;org/weakref/nitro/clickbench/jmh_generated/BenchmarkQueries_query06_jmhTest.query06_AverageTime;org/weakref/nitro/clickbench/jmh_generated/BenchmarkQueries_query06_jmhTest.query06_avgt_jmhStub;org/weakref/nitro/clickbench/BenchmarkQueries.query06;org/weakref/nitro/clickbench/BenchmarkQueries.consume;org/weakref/nitro/operator/Output.borrow;org/weakref/nitro/operator/AggregationOperator$$Lambda.0x00000000610be3b8.apply;org/weakref/nitro/operator/AggregationOperator.lambda$resultOutput$0;org/weakref/nitro/operator/AggregationOperator.doAggregationIfNeeded;org/weakref/nitro/operator/MarkDistinctOperator.next;org/weakref/nitro/operator/MarkDistinctOperator.computeDistinctMask;org/weakref/nitro/operator/DistinctKeySet.addBatch;org/weakref/nitro/operator/DistinctKeySet$FlatDistinctIndex.addBatch;org/weakref/nitro/operator/FlatGroupingTable.assignGroup;org/weakref/nitro/operator/FlatGroupingTable.assignGroupHashed;org/weakref/nitro/operator/FlatGroupingTable.assignGroupHashedInternal;org/weakref/nitro/operator/FlatGroupingTable.getIndex;org/weakref/nitro/operator/FlatGroupingTable.identical;org/weakref/nitro/operator/FlatKeyLayout.identicalRecordToInput 1
java/lang/Thread.run;java/lang/Thread.runWith;java/util/concurrent/ThreadPoolExecutor$Worker.run;java/util/concurrent/ThreadPoolExecutor.runWorker;java/util/concurrent/FutureTask.run;java/util/concurrent/Executors$RunnableAdapter.call;java/util/concurrent/FutureTask.run;org/openjdk/jmh/runner/BenchmarkHandler$BenchmarkTask.call;org/openjdk/jmh/runner/BenchmarkHandler$BenchmarkTask.call;java/lang/reflect/Method.invoke;jdk/internal/reflect/DirectMethodHandleAccessor.invoke;jdk/internal/reflect/DirectMethodHandleAccessor.invokeImpl;java/lang/invoke/LambdaForm$MH.0x0000000061061400.invokeExact_MT;java/lang/invoke/LambdaForm$MH.0x0000000061061000.invoke;java/lang/invoke/DirectMethodHandle$Holder.invokeSpecial;org/weakref/nitro/clickbench/jmh_generated/BenchmarkQueries_query06_jmhTest.query06_AverageTime;org/weakref/nitro/clickbench/jmh_generated/BenchmarkQueries_query06_jmhTest.query06_avgt_jmhStub;org/weakref/nitro/clickbench/BenchmarkQueries.query06;org/weakref/nitro/clickbench/BenchmarkQueries.consume;org/weakref/nitro/operator/Output.borrow;org/weakref/nitro/operator/AggregationOperator$$Lambda.0x00000000610be3b8.apply;org/weakref/nitro/operator/AggregationOperator.lambda$resultOutput$0;org/weakref/nitro/operator/AggregationOperator.doAggregationIfNeeded;org/weakref/nitro/operator/MarkDistinctOperator.next;org/weakref/nitro/operator/MarkDistinctOperator.computeDistinctMask;org/weakref/nitro/operator/DistinctKeySet.addBatch;org/weakref/nitro/operator/DistinctKeySet$FlatDistinctIndex.addBatch;org/weakref/nitro/operator/FlatGroupingTable.assignGroup;org/weakref/nitro/operator/FlatGroupingTable.assignGroupHashed;org/weakref/nitro/operator/FlatGroupingTable.assignGroupHashedInternal 1
java/lang/Thread.run;java/lang/Thread.runWith;java/util/concurrent/ThreadPoolExecutor$Worker.run;java/util/concurrent/ThreadPoolExecutor.runWorker;java/util/concurrent/FutureTask.run;java/util/concurrent/Executors$RunnableAdapter.call;java/util/concurrent/FutureTask.run;org/openjdk/jmh/runner/BenchmarkHandler$BenchmarkTask.call;org/openjdk/jmh/runner/BenchmarkHandler$BenchmarkTask.call;java/lang/reflect/Method.invoke;jdk/internal/reflect/DirectMethodHandleAccessor.invoke;jdk/internal/reflect/DirectMethodHandleAccessor.invokeImpl;java/lang/invoke/LambdaForm$MH.0x0000000061061400.invokeExact_MT;java/lang/invoke/LambdaForm$MH.0x0000000061061000.invoke;java/lang/invoke/DirectMethodHandle$Holder.invokeSpecial;org/weakref/nitro/clickbench/jmh_generated/BenchmarkQueries_query06_jmhTest.query06_AverageTime;org/weakref/nitro/clickbench/jmh_generated/BenchmarkQueries_query06_jmhTest.query06_avgt_jmhStub;org/weakref/nitro/clickbench/BenchmarkQueries.query06;org/weakref/nitro/clickbench/BenchmarkQueries.consume;org/weakref/nitro/operator/Output.borrow;org/weakref/nitro/operator/AggregationOperator$$Lambda.0x00000000610be3b8.apply;org/weakref/nitro/operator/AggregationOperator.lambda$resultOutput$0;org/weakref/nitro/operator/AggregationOperator.doAggregationIfNeeded;org/weakref/nitro/operator/MarkDistinctOperator.next;org/weakref/nitro/operator/MarkDistinctOperator.computeDistinctMask;org/weakref/nitro/operator/DistinctKeySet.addBatch;org/weakref/nitro/operator/DistinctKeySet$FlatDistinctIndex.addBatch;org/weakref/nitro/operator/DistinctKeySet$FlatDistinctIndex.addFlatBinaryBatch;org/weakref/nitro/operator/FlatGroupingTable.prepareBatchHashes;org/weakref/nitro/operator/FlatGroupingTable.prepareBatchHash;org/weakref/nitro/operator/FlatKeyLayout.hash;org/weakref/nitro/operator/OperatorVectorSupport.binaryHash;org/weakref/nitro/operator/OperatorVectorSupport.mix64 1
java/lang/Thread.run;java/lang/Thread.runWith;java/util/concurrent/ThreadPoolExecutor$Worker.run;java/util/concurrent/ThreadPoolExecutor.runWorker;java/util/concurrent/FutureTask.run;java/util/concurrent/Executors$RunnableAdapter.call;java/util/concurrent/FutureTask.run;org/openjdk/jmh/runner/BenchmarkHandler$BenchmarkTask.call;org/openjdk/jmh/runner/BenchmarkHandler$BenchmarkTask.call;java/lang/reflect/Method.invoke;jdk/internal/reflect/DirectMethodHandleAccessor.invoke;jdk/internal/reflect/DirectMethodHandleAccessor.invokeImpl;java/lang/invoke/LambdaForm$MH.0x0000000061061400.invokeExact_MT;java/lang/invoke/LambdaForm$MH.0x0000000061061000.invoke;java/lang/invoke/DirectMethodHandle$Holder.invokeSpecial;org/weakref/nitro/clickbench/jmh_generated/BenchmarkQueries_query06_jmhTest.query06_AverageTime;org/weakref/nitro/clickbench/jmh_generated/BenchmarkQueries_query06_jmhTest.query06_avgt_jmhStub;org/weakref/nitro/clickbench/BenchmarkQueries.query06;org/weakref/nitro/clickbench/BenchmarkQueries.consume;org/weakref/nitro/operator/Output.borrow;org/weakref/nitro/operator/AggregationOperator$$Lambda.0x00000000610be3b8.apply;org/weakref/nitro/operator/AggregationOperator.lambda$resultOutput$0;org/weakref/nitro/operator/AggregationOperator.doAggregationIfNeeded;org/weakref/nitro/operator/MarkDistinctOperator.next;org/weakref/nitro/operator/MarkDistinctOperator.computeDistinctMask;org/weakref/nitro/operator/Output.borrow;org/weakref/nitro/operator/NitroParquetScanOperator$ScanOutputResolver$$Lambda.0x00000000610aab88.apply;org/weakref/nitro/operator/NitroParquetScanOperator$ScanOutputResolver.resolve;org/weakref/nitro/operator/NitroParquetScanOperator.resolveLazyColumn;org/weakref/nitro/operator/NitroParquetScanOperator.decodeFullColumn;org/weakref/nitro/parquet/ColumnReader.readBinary;org/weakref/nitro/parquet/ColumnReader.readBinaryDirect;org/weakref/nitro/parquet/ColumnReader.decodeNextDataPage;org/weakref/nitro/parquet/ColumnReader.decompress;io/airlift/compress/v3/snappy/SnappyNativeDecompressor.decompress;io/airlift/compress/v3/snappy/SnappyNative.decompress;io/airlift/compress/v3/snappy/SnappyNative.decompressInternal;java/lang/invoke/LambdaForm$MH.0x0000000061108c00.invokeExact_MT;java/lang/invoke/LambdaForm$MH.0x0000000061119400.invoke;java/lang/invoke/LambdaForm$DMH.0x00000000610b1400.invokeStatic;jdk/internal/foreign/abi/DowncallStub.0x00000000610b1000.invoke;java/lang/invoke/LambdaForm$MH.0x0000000061109800.invokeExact_MT;java/lang/invoke/LambdaForm$MH.0x0000000061119800.invoke;nep_invoker_blob;snappy_uncompress;snappy::RawUncompress;snappy::RawUncompress;void snappy::SnappyDecompressor::DecompressAllTags<snappy::SnappyArrayWriter>;std::pair<unsigned char const*, long> snappy::DecompressBranchless<char*>;snappy::MemCopy64 3
java/lang/Thread.run;java/lang/Thread.runWith;java/util/concurrent/ThreadPoolExecutor$Worker.run;java/util/concurrent/ThreadPoolExecutor.runWorker;java/util/concurrent/FutureTask.run;java/util/concurrent/Executors$RunnableAdapter.call;java/util/concurrent/FutureTask.run;org/openjdk/jmh/runner/BenchmarkHandler$BenchmarkTask.call;org/openjdk/jmh/runner/BenchmarkHandler$BenchmarkTask.call;java/lang/reflect/Method.invoke;jdk/internal/reflect/DirectMethodHandleAccessor.invoke;jdk/internal/reflect/DirectMethodHandleAccessor.invokeImpl;java/lang/invoke/LambdaForm$MH.0x0000000061061400.invokeExact_MT;java/lang/invoke/LambdaForm$MH.0x0000000061061000.invoke;java/lang/invoke/DirectMethodHandle$Holder.invokeSpecial;org/weakref/nitro/clickbench/jmh_generated/BenchmarkQueries_query06_jmhTest.query06_AverageTime;org/weakref/nitro/clickbench/jmh_generated/BenchmarkQueries_query06_jmhTest.query06_avgt_jmhStub;org/weakref/nitro/clickbench/BenchmarkQueries.query06;org/weakref/nitro/clickbench/BenchmarkQueries.consume;org/weakref/nitro/operator/Output.borrow;org/weakref/nitro/operator/AggregationOperator$$Lambda.0x00000000610be3b8.apply;org/weakref/nitro/operator/AggregationOperator.lambda$resultOutput$0;org/weakref/nitro/operator/AggregationOperator.doAggregationIfNeeded;org/weakref/nitro/operator/MarkDistinctOperator.next;org/weakref/nitro/operator/MarkDistinctOperator.computeDistinctMask;org/weakref/nitro/operator/Output.borrow;org/weakref/nitro/operator/NitroParquetScanOperator$ScanOutputResolver$$Lambda.0x00000000610aab88.apply;org/weakref/nitro/operator/NitroParquetScanOperator$ScanOutputResolver.resolve;org/weakref/nitro/operator/NitroParquetScanOperator.resolveLazyColumn;org/weakref/nitro/operator/NitroParquetScanOperator.decodeFullColumn;org/weakref/nitro/parquet/ColumnReader.readBinary;org/weakref/nitro/parquet/ColumnReader.readBinaryDirect;org/weakref/nitro/parquet/ColumnReader.decodeNextDataPage;org/weakref/nitro/parquet/ColumnReader.decodeDataPageV1;org/weakref/nitro/parquet/RleReader.read;org/weakref/nitro/parquet/RleReader.loadNextRun;org/weakref/nitro/parquet/RleReader.readUleb128 1
java/lang/Thread.run;java/lang/Thread.runWith;java/util/concurrent/ThreadPoolExecutor$Worker.run;java/util/concurrent/ThreadPoolExecutor.runWorker;java/util/concurrent/FutureTask.run;java/util/concurrent/Executors$RunnableAdapter.call;java/util/concurrent/FutureTask.run;org/openjdk/jmh/runner/BenchmarkHandler$BenchmarkTask.call;org/openjdk/jmh/runner/BenchmarkHandler$BenchmarkTask.call;java/lang/reflect/Method.invoke;jdk/internal/reflect/DirectMethodHandleAccessor.invoke;jdk/internal/reflect/DirectMethodHandleAccessor.invokeImpl;java/lang/invoke/LambdaForm$MH.0x0000000061061400.invokeExact_MT;java/lang/invoke/LambdaForm$MH.0x0000000061061000.invoke;java/lang/invoke/DirectMethodHandle$Holder.invokeSpecial;org/weakref/nitro/clickbench/jmh_generated/BenchmarkQueries_query06_jmhTest.query06_AverageTime;org/weakref/nitro/clickbench/jmh_generated/BenchmarkQueries_query06_jmhTest.query06_avgt_jmhStub;org/weakref/nitro/clickbench/BenchmarkQueries.query06;org/weakref/nitro/clickbench/BenchmarkQueries.consume;org/weakref/nitro/operator/Output.borrow;org/weakref/nitro/operator/AggregationOperator$$Lambda.0x00000000610be3b8.apply;org/weakref/nitro/operator/AggregationOperator.lambda$resultOutput$0;org/weakref/nitro/operator/AggregationOperator.doAggregationIfNeeded;org/weakref/nitro/operator/MarkDistinctOperator.next;org/weakref/nitro/operator/MarkDistinctOperator.computeDistinctMask;org/weakref/nitro/operator/DistinctKeySet.addBatch;org/weakref/nitro/operator/DistinctKeySet$FlatDistinctIndex.addBatch;org/weakref/nitro/operator/FlatGroupingTable.beginBatch;org/weakref/nitro/operator/FlatKeyLayout.beginBatch;org/weakref/nitro/operator/FlatKeyLayout.hashByKind;org/weakref/nitro/operator/FlatTypeHandlers$4.hashInput;org/weakref/nitro/operator/OperatorVectorSupport.binaryHash;org/weakref/nitro/operator/OperatorVectorSupport.fmix64 2
java/lang/Thread.run;java/lang/Thread.runWith;java/util/concurrent/ThreadPoolExecutor$Worker.run;java/util/concurrent/ThreadPoolExecutor.runWorker;java/util/concurrent/FutureTask.run;java/util/concurrent/Executors$RunnableAdapter.call;java/util/concurrent/FutureTask.run;org/openjdk/jmh/runner/BenchmarkHandler$BenchmarkTask.call;org/openjdk/jmh/runner/BenchmarkHandler$BenchmarkTask.call;java/lang/reflect/Method.invoke;jdk/internal/reflect/DirectMethodHandleAccessor.invoke;jdk/internal/reflect/DirectMethodHandleAccessor.invokeImpl;java/lang/invoke/LambdaForm$MH.0x0000000061061400.invokeExact_MT;java/lang/invoke/LambdaForm$MH.0x0000000061061000.invoke;java/lang/invoke/DirectMethodHandle$Holder.invokeSpecial;org/weakref/nitro/clickbench/jmh_generated/BenchmarkQueries_query06_jmhTest.query06_AverageTime;org/weakref/nitro/clickbench/jmh_generated/BenchmarkQueries_query06_jmhTest.query06_avgt_jmhStub;org/weakref/nitro/clickbench/BenchmarkQueries.query06;org/weakref/nitro/clickbench/BenchmarkQueries.consume;org/weakref/nitro/operator/Output.borrow;org/weakref/nitro/operator/AggregationOperator$$Lambda.0x00000000610be3b8.apply;org/weakref/nitro/operator/AggregationOperator.lambda$resultOutput$0;org/weakref/nitro/operator/AggregationOperator.doAggregationIfNeeded;org/weakref/nitro/operator/MarkDistinctOperator.next;org/weakref/nitro/operator/MarkDistinctOperator.computeDistinctMask;org/weakref/nitro/operator/Output.borrow;org/weakref/nitro/operator/NitroParquetScanOperator$ScanOutputResolver$$Lambda.0x00000000610aab88.apply;org/weakref/nitro/operator/NitroParquetScanOperator$ScanOutputResolver.resolve;org/weakref/nitro/operator/NitroParquetScanOperator.resolveLazyColumn;org/weakref/nitro/operator/NitroParquetScanOperator.decodeFullColumn;org/weakref/nitro/parquet/ColumnReader.readBinary;org/weakref/nitro/parquet/ColumnReader.readBinaryDirect;org/weakref/nitro/parquet/ColumnReader.decodeNextDataPage;org/weakref/nitro/parquet/ColumnReader.decodeDictionary;jbyte_disjoint_arraycopy_stub 3
java/lang/Thread.run;java/lang/Thread.runWith;java/util/concurrent/ThreadPoolExecutor$Worker.run;java/util/concurrent/ThreadPoolExecutor.runWorker;java/util/concurrent/FutureTask.run;java/util/concurrent/Executors$RunnableAdapter.call;java/util/concurrent/FutureTask.run;org/openjdk/jmh/runner/BenchmarkHandler$BenchmarkTask.call;org/openjdk/jmh/runner/BenchmarkHandler$BenchmarkTask.call;java/lang/reflect/Method.invoke;jdk/internal/reflect/DirectMethodHandleAccessor.invoke;jdk/internal/reflect/DirectMethodHandleAccessor.invokeImpl;java/lang/invoke/LambdaForm$MH.0x0000000061061400.invokeExact_MT;java/lang/invoke/LambdaForm$MH.0x0000000061061000.invoke;java/lang/invoke/DirectMethodHandle$Holder.invokeSpecial;org/weakref/nitro/clickbench/jmh_generated/BenchmarkQueries_query06_jmhTest.query06_AverageTime;org/weakref/nitro/clickbench/jmh_generated/BenchmarkQueries_query06_jmhTest.query06_avgt_jmhStub;org/weakref/nitro/clickbench/BenchmarkQueries.query06;org/weakref/nitro/clickbench/BenchmarkQueries.consume;org/weakref/nitro/operator/Output.borrow;org/weakref/nitro/operator/AggregationOperator$$Lambda.0x00000000610be3b8.apply;org/weakref/nitro/operator/AggregationOperator.lambda$resultOutput$0;org/weakref/nitro/operator/AggregationOperator.doAggregationIfNeeded;org/weakref/nitro/operator/MarkDistinctOperator.next;org/weakref/nitro/operator/MarkDistinctOperator.computeDistinctMask;org/weakref/nitro/operator/DistinctKeySet.addBatch;org/weakref/nitro/operator/DistinctKeySet$FlatDistinctIndex.addBatch;org/weakref/nitro/operator/DistinctKeySet$FlatDistinctIndex.addFlatBinaryBatch;org/weakref/nitro/operator/FlatGroupingTable.assignGroup;org/weakref/nitro/operator/FlatGroupingTable.assignGroupHashed;org/weakref/nitro/operator/FlatGroupingTable.assignGroupHashedInternal;org/weakref/nitro/operator/FlatGroupingTable.getIndex 9
/usr/lib/x86_64-linux-gnu/libc.so.6;/usr/lib/x86_64-linux-gnu/libc.so.6;thread_native_entry;Thread::call_run;JavaThread::thread_main_inner;CompileBroker::compiler_thread_loop;CompileBroker::invoke_compiler_on_method;C2Compiler::compile_method;Compile::Compile;Compile::Code_Gen;Matcher::match;Matcher::find_shared;IfTrueNode::Opcode 1
/usr/lib/x86_64-linux-gnu/libc.so.6;/usr/lib/x86_64-linux-gnu/libc.so.6;thread_native_entry;Thread::call_run;JavaThread::thread_main_inner;CompileBroker::compiler_thread_loop;CompileBroker::invoke_compiler_on_method;C2Compiler::compile_method;Compile::Compile;Compile::Optimize;PhaseIdealLoop::optimize;PhaseIterGVN::optimize;PhaseIterGVN::transform_old;CallStaticJavaNode::Ideal;Node::remove_dead_region 1
java/lang/Thread.run;java/lang/Thread.runWith;java/util/concurrent/ThreadPoolExecutor$Worker.run;java/util/concurrent/ThreadPoolExecutor.runWorker;java/util/concurrent/FutureTask.run;java/util/concurrent/Executors$RunnableAdapter.call;java/util/concurrent/FutureTask.run;org/openjdk/jmh/runner/BenchmarkHandler$BenchmarkTask.call;org/openjdk/jmh/runner/BenchmarkHandler$BenchmarkTask.call;java/lang/reflect/Method.invoke;jdk/internal/reflect/DirectMethodHandleAccessor.invoke;jdk/internal/reflect/DirectMethodHandleAccessor.invokeImpl;java/lang/invoke/LambdaForm$MH.0x0000000061061400.invokeExact_MT;java/lang/invoke/LambdaForm$MH.0x0000000061061000.invoke;java/lang/invoke/DirectMethodHandle$Holder.invokeSpecial;org/weakref/nitro/clickbench/jmh_generated/BenchmarkQueries_query06_jmhTest.query06_AverageTime;org/weakref/nitro/clickbench/jmh_generated/BenchmarkQueries_query06_jmhTest.query06_avgt_jmhStub;org/weakref/nitro/clickbench/BenchmarkQueries.query06;org/weakref/nitro/clickbench/BenchmarkQueries.consume;org/weakref/nitro/operator/Output.borrow;org/weakref/nitro/operator/AggregationOperator$$Lambda.0x00000000610be3b8.apply;org/weakref/nitro/operator/AggregationOperator.lambda$resultOutput$0;org/weakref/nitro/operator/AggregationOperator.doAggregationIfNeeded;org/weakref/nitro/operator/MarkDistinctOperator.next;org/weakref/nitro/operator/MarkDistinctOperator.computeDistinctMask;org/weakref/nitro/operator/DistinctKeySet.addBatch;org/weakref/nitro/operator/DistinctKeySet$FlatDistinctIndex.addBatch;org/weakref/nitro/operator/DistinctKeySet$FlatDistinctIndex.addFlatBinaryBatch;org/weakref/nitro/operator/FlatGroupingTable.assignGroup;org/weakref/nitro/operator/FlatGroupingTable.assignGroupHashed;org/weakref/nitro/operator/FlatGroupingTable.assignGroupHashedInternal;org/weakref/nitro/operator/FlatGroupingTable.getIndex;org/weakref/nitro/operator/FlatGroupingTable.identical;org/weakref/nitro/operator/FlatKeyLayout.identicalRecordToInput 1
java/lang/Thread.run;java/lang/Thread.runWith;java/util/concurrent/ThreadPoolExecutor$Worker.run;java/util/concurrent/ThreadPoolExecutor.runWorker;java/util/concurrent/FutureTask.run;java/util/concurrent/Executors$RunnableAdapter.call;java/util/concurrent/FutureTask.run;org/openjdk/jmh/runner/BenchmarkHandler$BenchmarkTask.call;org/openjdk/jmh/runner/BenchmarkHandler$BenchmarkTask.call;java/lang/reflect/Method.invoke;jdk/internal/reflect/DirectMethodHandleAccessor.invoke;jdk/internal/reflect/DirectMethodHandleAccessor.invokeImpl;java/lang/invoke/LambdaForm$MH.0x0000000061061400.invokeExact_MT;java/lang/invoke/LambdaForm$MH.0x0000000061061000.invoke;java/lang/invoke/DirectMethodHandle$Holder.invokeSpecial;org/weakref/nitro/clickbench/jmh_generated/BenchmarkQueries_query06_jmhTest.query06_AverageTime;org/weakref/nitro/clickbench/jmh_generated/BenchmarkQueries_query06_jmhTest.query06_avgt_jmhStub;org/weakref/nitro/clickbench/BenchmarkQueries.query06;org/weakref/nitro/clickbench/BenchmarkQueries.consume;org/weakref/nitro/operator/Output.borrow;org/weakref/nitro/operator/AggregationOperator$$Lambda.0x00000000610be3b8.apply;org/weakref/nitro/operator/AggregationOperator.lambda$resultOutput$0;org/weakref/nitro/operator/AggregationOperator.doAggregationIfNeeded;org/weakref/nitro/operator/MarkDistinctOperator.next;org/weakref/nitro/operator/MarkDistinctOperator.computeDistinctMask;org/weakref/nitro/operator/DistinctKeySet.addBatch;org/weakref/nitro/operator/DistinctKeySet$FlatDistinctIndex.addBatch;org/weakref/nitro/operator/FlatGroupingTable.beginBatch;org/weakref/nitro/operator/FlatKeyLayout.beginBatch;org/weakref/nitro/operator/FlatKeyLayout.hashByKind;org/weakref/nitro/operator/FlatTypeHandlers$4.hashInput;org/weakref/nitro/operator/OperatorVectorSupport.binaryHash;org/weakref/nitro/operator/OperatorVectorSupport.mix64 2
java/lang/Thread.run;java/lang/Thread.runWith;java/util/concurrent/ThreadPoolExecutor$Worker.run;java/util/concurrent/ThreadPoolExecutor.runWorker;java/util/concurrent/FutureTask.run;java/util/concurrent/Executors$RunnableAdapter.call;java/util/concurrent/FutureTask.run;org/openjdk/jmh/runner/BenchmarkHandler$BenchmarkTask.call;org/openjdk/jmh/runner/BenchmarkHandler$BenchmarkTask.call;java/lang/reflect/Method.invoke;jdk/internal/reflect/DirectMethodHandleAccessor.invoke;jdk/internal/reflect/DirectMethodHandleAccessor.invokeImpl;java/lang/invoke/LambdaForm$MH.0x0000000061061400.invokeExact_MT;java/lang/invoke/LambdaForm$MH.0x0000000061061000.invoke;java/lang/invoke/DirectMethodHandle$Holder.invokeSpecial;org/weakref/nitro/clickbench/jmh_generated/BenchmarkQueries_query06_jmhTest.query06_AverageTime;org/weakref/nitro/clickbench/jmh_generated/BenchmarkQueries_query06_jmhTest.query06_avgt_jmhStub;org/weakref/nitro/clickbench/BenchmarkQueries.query06;org/weakref/nitro/clickbench/BenchmarkQueries.consume;org/weakref/nitro/operator/Output.borrow;org/weakref/nitro/operator/AggregationOperator$$Lambda.0x00000000610be3b8.apply;org/weakref/nitro/operator/AggregationOperator.lambda$resultOutput$0;org/weakref/nitro/operator/AggregationOperator.doAggregationIfNeeded;org/weakref/nitro/operator/MarkDistinctOperator.next;org/weakref/nitro/operator/MarkDistinctOperator.computeDistinctMask;org/weakref/nitro/operator/DistinctKeySet.addBatch;org/weakref/nitro/operator/DistinctKeySet$FlatDistinctIndex.addBatch;org/weakref/nitro/operator/FlatGroupingTable.assignGroup;org/weakref/nitro/operator/FlatGroupingTable.assignGroupHashed;org/weakref/nitro/operator/FlatGroupingTable.assignGroupHashedInternal;org/weakref/nitro/operator/FlatGroupingTable.getIndex;org/weakref/nitro/operator/FlatGroupingTable.identical 2
java/lang/Thread.run;java/lang/Thread.runWith;java/util/concurrent/ThreadPoolExecutor$Worker.run;java/util/concurrent/ThreadPoolExecutor.runWorker;java/util/concurrent/FutureTask.run;java/util/concurrent/Executors$RunnableAdapter.call;java/util/concurrent/FutureTask.run;org/openjdk/jmh/runner/BenchmarkHandler$BenchmarkTask.call;org/openjdk/jmh/runner/BenchmarkHandler$BenchmarkTask.call;java/lang/reflect/Method.invoke;jdk/internal/reflect/DirectMethodHandleAccessor.invoke;jdk/internal/reflect/DirectMethodHandleAccessor.invokeImpl;java/lang/invoke/LambdaForm$MH.0x0000000061061400.invokeExact_MT;java/lang/invoke/LambdaForm$MH.0x0000000061061000.invoke;java/lang/invoke/DirectMethodHandle$Holder.invokeSpecial;org/weakref/nitro/clickbench/jmh_generated/BenchmarkQueries_query06_jmhTest.query06_AverageTime;org/weakref/nitro/clickbench/jmh_generated/BenchmarkQueries_query06_jmhTest.query06_avgt_jmhStub;org/weakref/nitro/clickbench/BenchmarkQueries.query06;org/weakref/nitro/clickbench/BenchmarkQueries.consume;org/weakref/nitro/operator/Output.borrow;org/weakref/nitro/operator/AggregationOperator$$Lambda.0x00000000610be3b8.apply;org/weakref/nitro/operator/AggregationOperator.lambda$resultOutput$0;org/weakref/nitro/operator/AggregationOperator.doAggregationIfNeeded;org/weakref/nitro/operator/MarkDistinctOperator.next;org/weakref/nitro/operator/MarkDistinctOperator.computeDistinctMask;org/weakref/nitro/operator/DistinctKeySet.addBatch;org/weakref/nitro/operator/DistinctKeySet$FlatDistinctIndex.addBatch;org/weakref/nitro/operator/FlatGroupingTable.prepareBatchHashes;org/weakref/nitro/operator/FlatGroupingTable.prepareBatchHash;org/weakref/nitro/operator/FlatKeyLayout.hash;org/weakref/nitro/operator/FlatKeyLayout.fieldHash;org/weakref/nitro/operator/FlatKeyLayout.binaryFieldHash;org/weakref/nitro/operator/OperatorVectorSupport.binaryHash;org/weakref/nitro/operator/OperatorVectorSupport.mix64 1
java/lang/Thread.run;java/lang/Thread.runWith;java/util/concurrent/ThreadPoolExecutor$Worker.run;java/util/concurrent/ThreadPoolExecutor.runWorker;java/util/concurrent/FutureTask.run;java/util/concurrent/Executors$RunnableAdapter.call;java/util/concurrent/FutureTask.run;org/openjdk/jmh/runner/BenchmarkHandler$BenchmarkTask.call;org/openjdk/jmh/runner/BenchmarkHandler$BenchmarkTask.call;java/lang/reflect/Method.invoke;jdk/internal/reflect/DirectMethodHandleAccessor.invoke;jdk/internal/reflect/DirectMethodHandleAccessor.invokeImpl;java/lang/invoke/LambdaForm$MH.0x0000000061061400.invokeExact_MT;java/lang/invoke/LambdaForm$MH.0x0000000061061000.invoke;java/lang/invoke/DirectMethodHandle$Holder.invokeSpecial;org/weakref/nitro/clickbench/jmh_generated/BenchmarkQueries_query06_jmhTest.query06_AverageTime;org/weakref/nitro/clickbench/jmh_generated/BenchmarkQueries_query06_jmhTest.query06_avgt_jmhStub;org/weakref/nitro/clickbench/BenchmarkQueries.query06;org/weakref/nitro/clickbench/BenchmarkQueries.consume;org/weakref/nitro/operator/Output.borrow;org/weakref/nitro/operator/AggregationOperator$$Lambda.0x00000000610be3b8.apply;org/weakref/nitro/operator/AggregationOperator.lambda$resultOutput$0;org/weakref/nitro/operator/AggregationOperator.doAggregationIfNeeded;org/weakref/nitro/operator/MarkDistinctOperator.next;org/weakref/nitro/operator/MarkDistinctOperator.computeDistinctMask;org/weakref/nitro/operator/DistinctKeySet.addBatch;org/weakref/nitro/operator/DistinctKeySet$FlatDistinctIndex.addBatch;org/weakref/nitro/operator/DistinctKeySet$FlatDistinctIndex.addFlatBinaryBatch;org/weakref/nitro/operator/FlatGroupingTable.prepareBatchHashes;org/weakref/nitro/operator/FlatGroupingTable.prepareBatchHash;org/weakref/nitro/operator/FlatKeyLayout.hash;org/weakref/nitro/operator/OperatorVectorSupport.binaryHash;org/weakref/nitro/operator/OperatorVectorSupport.fmix64 1
java/lang/Thread.run;java/lang/Thread.runWith;java/util/concurrent/ThreadPoolExecutor$Worker.run;java/util/concurrent/ThreadPoolExecutor.runWorker;java/util/concurrent/FutureTask.run;java/util/concurrent/Executors$RunnableAdapter.call;java/util/concurrent/FutureTask.run;org/openjdk/jmh/runner/BenchmarkHandler$BenchmarkTask.call;org/openjdk/jmh/runner/BenchmarkHandler$BenchmarkTask.call;java/lang/reflect/Method.invoke;jdk/internal/reflect/DirectMethodHandleAccessor.invoke;jdk/internal/reflect/DirectMethodHandleAccessor.invokeImpl;java/lang/invoke/LambdaForm$MH.0x0000000061061400.invokeExact_MT;java/lang/invoke/LambdaForm$MH.0x0000000061061000.invoke;java/lang/invoke/DirectMethodHandle$Holder.invokeSpecial;org/weakref/nitro/clickbench/jmh_generated/BenchmarkQueries_query06_jmhTest.query06_AverageTime;org/weakref/nitro/clickbench/jmh_generated/BenchmarkQueries_query06_jmhTest.query06_avgt_jmhStub;org/weakref/nitro/clickbench/BenchmarkQueries.query06;org/weakref/nitro/clickbench/BenchmarkQueries.consume;org/weakref/nitro/operator/Output.borrow;org/weakref/nitro/operator/AggregationOperator$$Lambda.0x00000000610be3b8.apply;org/weakref/nitro/operator/AggregationOperator.lambda$resultOutput$0;org/weakref/nitro/operator/AggregationOperator.doAggregationIfNeeded;org/weakref/nitro/operator/MarkDistinctOperator.next;org/weakref/nitro/operator/MarkDistinctOperator.computeDistinctMask;org/weakref/nitro/operator/Output.borrow;org/weakref/nitro/operator/NitroParquetScanOperator$ScanOutputResolver$$Lambda.0x00000000610aab88.apply;org/weakref/nitro/operator/NitroParquetScanOperator$ScanOutputResolver.resolve;org/weakref/nitro/operator/NitroParquetScanOperator.resolveLazyColumn;org/weakref/nitro/operator/NitroParquetScanOperator.decodeFullColumn;org/weakref/nitro/parquet/ColumnReader.readBinary;org/weakref/nitro/parquet/ColumnReader.readBinaryDirect;org/weakref/nitro/parquet/ColumnReader.decodeNextDataPage;org/weakref/nitro/parquet/ColumnReader.decompress;io/airlift/compress/v3/snappy/SnappyNativeDecompressor.decompress;io/airlift/compress/v3/snappy/SnappyNative.decompress;io/airlift/compress/v3/snappy/SnappyNative.decompressInternal;java/lang/invoke/LambdaForm$MH.0x0000000061108c00.invokeExact_MT;java/lang/invoke/LambdaForm$MH.0x0000000061119400.invoke;java/lang/invoke/LambdaForm$DMH.0x00000000610b1400.invokeStatic;jdk/internal/foreign/abi/DowncallStub.0x00000000610b1000.invoke;java/lang/invoke/LambdaForm$MH.0x0000000061109800.invokeExact_MT;java/lang/invoke/LambdaForm$MH.0x0000000061119800.invoke;nep_invoker_blob;snappy_uncompress;snappy::RawUncompress;snappy::RawUncompress;void snappy::SnappyDecompressor::DecompressAllTags<snappy::SnappyArrayWriter>;std::pair<unsigned char const*, long> snappy::DecompressBranchless<char*>;asm_exc_page_fault_[k];exc_page_fault_[k];do_user_addr_fault_[k];handle_mm_fault_[k];__handle_mm_fault_[k];handle_pte_fault_[k];do_fault_[k];do_read_fault_[k];filemap_map_pages_[k];set_pte_range_[k];folio_add_file_rmap_ptes_[k];__lruvec_stat_mod_folio_[k] 1
/usr/lib/x86_64-linux-gnu/libc.so.6;/usr/lib/x86_64-linux-gnu/libc.so.6;thread_native_entry;Thread::call_run;WorkerThread::run;G1RebuildRSAndScrubTask::work;G1HeapRegionManager::par_iterate;G1RebuildRSAndScrubTask::G1RebuildRSAndScrubRegionClosure::do_heap_region 1
java/lang/Thread.run;java/lang/Thread.runWith;java/util/concurrent/ThreadPoolExecutor$Worker.run;java/util/concurrent/ThreadPoolExecutor.runWorker;java/util/concurrent/FutureTask.run;java/util/concurrent/Executors$RunnableAdapter.call;java/util/concurrent/FutureTask.run;org/openjdk/jmh/runner/BenchmarkHandler$BenchmarkTask.call;org/openjdk/jmh/runner/BenchmarkHandler$BenchmarkTask.call;java/lang/reflect/Method.invoke;jdk/internal/reflect/DirectMethodHandleAccessor.invoke;jdk/internal/reflect/DirectMethodHandleAccessor.invokeImpl;java/lang/invoke/LambdaForm$MH.0x0000000061061400.invokeExact_MT;java/lang/invoke/LambdaForm$MH.0x0000000061061000.invoke;java/lang/invoke/DirectMethodHandle$Holder.invokeSpecial;org/weakref/nitro/clickbench/jmh_generated/BenchmarkQueries_query06_jmhTest.query06_AverageTime;org/weakref/nitro/clickbench/jmh_generated/BenchmarkQueries_query06_jmhTest.query06_avgt_jmhStub;org/weakref/nitro/clickbench/BenchmarkQueries.query06;org/weakref/nitro/clickbench/BenchmarkQueries.consume;org/weakref/nitro/operator/Output.borrow;org/weakref/nitro/operator/AggregationOperator$$Lambda.0x00000000610be3b8.apply;org/weakref/nitro/operator/AggregationOperator.lambda$resultOutput$0;org/weakref/nitro/operator/AggregationOperator.doAggregationIfNeeded;org/weakref/nitro/operator/MarkDistinctOperator.next;org/weakref/nitro/operator/MarkDistinctOperator.computeDistinctMask;org/weakref/nitro/operator/DistinctKeySet.addBatch;org/weakref/nitro/operator/DistinctKeySet$FlatDistinctIndex.addBatch;org/weakref/nitro/operator/FlatGroupingTable.prepareBatchHashes;org/weakref/nitro/operator/FlatGroupingTable.prepareBatchHash;org/weakref/nitro/operator/FlatKeyLayout.hash;org/weakref/nitro/operator/FlatKeyLayout.fieldHash;org/weakref/nitro/operator/FlatKeyLayout.binaryFieldHash;org/weakref/nitro/operator/FlatKeyLayout.globalIdFor;org/weakref/nitro/data/BinaryVector.startOffset 1
java/lang/Thread.run;java/lang/Thread.runWith;java/util/concurrent/ThreadPoolExecutor$Worker.run;java/util/concurrent/ThreadPoolExecutor.runWorker;java/util/concurrent/FutureTask.run;java/util/concurrent/Executors$RunnableAdapter.call;java/util/concurrent/FutureTask.run;org/openjdk/jmh/runner/BenchmarkHandler$BenchmarkTask.call;org/openjdk/jmh/runner/BenchmarkHandler$BenchmarkTask.call;java/lang/reflect/Method.invoke;jdk/internal/reflect/DirectMethodHandleAccessor.invoke;jdk/internal/reflect/DirectMethodHandleAccessor.invokeImpl;java/lang/invoke/LambdaForm$MH.0x0000000061061400.invokeExact_MT;java/lang/invoke/LambdaForm$MH.0x0000000061061000.invoke;java/lang/invoke/DirectMethodHandle$Holder.invokeSpecial;org/weakref/nitro/clickbench/jmh_generated/BenchmarkQueries_query06_jmhTest.query06_AverageTime;org/weakref/nitro/clickbench/jmh_generated/BenchmarkQueries_query06_jmhTest.query06_avgt_jmhStub;org/weakref/nitro/clickbench/BenchmarkQueries.query06;org/weakref/nitro/clickbench/BenchmarkQueries.consume;org/weakref/nitro/operator/Output.borrow;org/weakref/nitro/operator/AggregationOperator$$Lambda.0x00000000610be3b8.apply;org/weakref/nitro/operator/AggregationOperator.lambda$resultOutput$0;org/weakref/nitro/operator/AggregationOperator.doAggregationIfNeeded;org/weakref/nitro/operator/MarkDistinctOperator.next;org/weakref/nitro/operator/MarkDistinctOperator.computeDistinctMask;org/weakref/nitro/operator/Output.borrow;org/weakref/nitro/operator/NitroParquetScanOperator$ScanOutputResolver$$Lambda.0x00000000610aab88.apply;org/weakref/nitro/operator/NitroParquetScanOperator$ScanOutputResolver.resolve;org/weakref/nitro/operator/NitroParquetScanOperator.resolveLazyColumn;org/weakref/nitro/operator/NitroParquetScanOperator.decodeFullColumn;org/weakref/nitro/parquet/ColumnReader.readBinary;org/weakref/nitro/parquet/ColumnReader.readBinaryDirect;org/weakref/nitro/parquet/ColumnReader.decodeNextDataPage;org/weakref/nitro/parquet/ColumnReader.decompress;io/airlift/compress/v3/snappy/SnappyNativeDecompressor.decompress;io/airlift/compress/v3/snappy/SnappyNative.decompress;io/airlift/compress/v3/snappy/SnappyNative.decompressInternal;java/lang/invoke/LambdaForm$MH.0x0000000061108c00.invokeExact_MT;java/lang/invoke/LambdaForm$MH.0x0000000061119400.invoke;java/lang/invoke/LambdaForm$DMH.0x00000000610b1400.invokeStatic;jdk/internal/foreign/abi/DowncallStub.0x00000000610b1000.invoke;java/lang/invoke/LambdaForm$MH.0x0000000061109800.invokeExact_MT;java/lang/invoke/LambdaForm$MH.0x0000000061119800.invoke;nep_invoker_blob;snappy_uncompress;snappy::RawUncompress;snappy::RawUncompress;void snappy::SnappyDecompressor::DecompressAllTags<snappy::SnappyArrayWriter>;std::pair<unsigned char const*, long> snappy::DecompressBranchless<char*>;asm_exc_page_fault_[k];exc_page_fault_[k];do_user_addr_fault_[k];handle_mm_fault_[k];__handle_mm_fault_[k];handle_pte_fault_[k];do_fault_[k];do_read_fault_[k];filemap_map_pages_[k];next_uptodate_folio_[k] 1
java/lang/Thread.run;java/lang/Thread.runWith;java/util/concurrent/ThreadPoolExecutor$Worker.run;java/util/concurrent/ThreadPoolExecutor.runWorker;java/util/concurrent/FutureTask.run;java/util/concurrent/Executors$RunnableAdapter.call;java/util/concurrent/FutureTask.run;org/openjdk/jmh/runner/BenchmarkHandler$BenchmarkTask.call;org/openjdk/jmh/runner/BenchmarkHandler$BenchmarkTask.call;java/lang/reflect/Method.invoke;jdk/internal/reflect/DirectMethodHandleAccessor.invoke;jdk/internal/reflect/DirectMethodHandleAccessor.invokeImpl;java/lang/invoke/LambdaForm$MH.0x0000000061061400.invokeExact_MT;java/lang/invoke/LambdaForm$MH.0x0000000061061000.invoke;java/lang/invoke/DirectMethodHandle$Holder.invokeSpecial;org/weakref/nitro/clickbench/jmh_generated/BenchmarkQueries_query06_jmhTest.query06_AverageTime;org/weakref/nitro/clickbench/jmh_generated/BenchmarkQueries_query06_jmhTest.query06_avgt_jmhStub;org/weakref/nitro/clickbench/BenchmarkQueries.query06;org/weakref/nitro/clickbench/BenchmarkQueries.consume;org/weakref/nitro/operator/Output.borrow;org/weakref/nitro/operator/AggregationOperator$$Lambda.0x00000000610be3b8.apply;org/weakref/nitro/operator/AggregationOperator.lambda$resultOutput$0;org/weakref/nitro/operator/AggregationOperator.doAggregationIfNeeded;org/weakref/nitro/operator/MarkDistinctOperator.next;org/weakref/nitro/operator/MarkDistinctOperator.computeDistinctMask;org/weakref/nitro/operator/Output.borrow;org/weakref/nitro/operator/NitroParquetScanOperator$ScanOutputResolver$$Lambda.0x00000000610aab88.apply;org/weakref/nitro/operator/NitroParquetScanOperator$ScanOutputResolver.resolve;org/weakref/nitro/operator/NitroParquetScanOperator.resolveLazyColumn;org/weakref/nitro/operator/NitroParquetScanOperator.decodeFullColumn;org/weakref/nitro/parquet/ColumnReader.readBinary;org/weakref/nitro/parquet/ColumnReader.readBinaryDirect;org/weakref/nitro/data/BinaryVector.allocate;org/weakref/nitro/data/Allocator.allocatePooled;org/weakref/nitro/data/BinaryVector.clearForReuse;java/util/Arrays.fill;arrayof_jint_fill_stub 1
java/lang/Thread.run;java/lang/Thread.runWith;java/util/concurrent/ThreadPoolExecutor$Worker.run;java/util/concurrent/ThreadPoolExecutor.runWorker;java/util/concurrent/FutureTask.run;java/util/concurrent/Executors$RunnableAdapter.call;java/util/concurrent/FutureTask.run;org/openjdk/jmh/runner/BenchmarkHandler$BenchmarkTask.call;org/openjdk/jmh/runner/BenchmarkHandler$BenchmarkTask.call;java/lang/reflect/Method.invoke;jdk/internal/reflect/DirectMethodHandleAccessor.invoke;jdk/internal/reflect/DirectMethodHandleAccessor.invokeImpl;java/lang/invoke/LambdaForm$MH.0x0000000061061400.invokeExact_MT;java/lang/invoke/LambdaForm$MH.0x0000000061061000.invoke;java/lang/invoke/DirectMethodHandle$Holder.invokeSpecial;org/weakref/nitro/clickbench/jmh_generated/BenchmarkQueries_query06_jmhTest.query06_AverageTime;org/weakref/nitro/clickbench/jmh_generated/BenchmarkQueries_query06_jmhTest.query06_avgt_jmhStub;org/weakref/nitro/clickbench/BenchmarkQueries.query06;org/weakref/nitro/clickbench/BenchmarkQueries.consume;org/weakref/nitro/operator/Output.borrow;org/weakref/nitro/operator/AggregationOperator$$Lambda.0x00000000610be3b8.apply;org/weakref/nitro/operator/AggregationOperator.lambda$resultOutput$0;org/weakref/nitro/operator/AggregationOperator.doAggregationIfNeeded;org/weakref/nitro/operator/MarkDistinctOperator.next;org/weakref/nitro/operator/MarkDistinctOperator.computeDistinctMask;org/weakref/nitro/operator/Output.borrow;org/weakref/nitro/operator/NitroParquetScanOperator$ScanOutputResolver$$Lambda.0x00000000610aab88.apply;org/weakref/nitro/operator/NitroParquetScanOperator$ScanOutputResolver.resolve;org/weakref/nitro/operator/NitroParquetScanOperator.resolveLazyColumn;org/weakref/nitro/operator/NitroParquetScanOperator.decodeFullColumn;org/weakref/nitro/parquet/ColumnReader.readBinary;org/weakref/nitro/parquet/ColumnReader.readBinaryDirect;org/weakref/nitro/parquet/ColumnReader.decodeNextDataPage;org/weakref/nitro/parquet/ColumnReader.decodeDataPageV1;org/weakref/nitro/parquet/ColumnReader.decodePlainBinary;org/weakref/nitro/parquet/ColumnReader.decodePlainBinaryPresized;org/weakref/nitro/parquet/ColumnReader.appendPlainEntryPresized;java/lang/foreign/MemorySegment.copy;jdk/internal/foreign/AbstractMemorySegmentImpl.copy;jdk/internal/misc/ScopedMemoryAccess.copyMemory;jdk/internal/misc/ScopedMemoryAccess.copyMemoryInternal;jdk/internal/misc/Unsafe.copyMemory;jdk/internal/misc/Unsafe.copyMemoryChecks;jdk/internal/misc/Unsafe.checkPrimitivePointer;jdk/internal/misc/Unsafe.checkPointer;jdk/internal/misc/Unsafe.checkOffset 2
java/lang/Thread.run;java/lang/Thread.runWith;java/util/concurrent/ThreadPoolExecutor$Worker.run;java/util/concurrent/ThreadPoolExecutor.runWorker;java/util/concurrent/FutureTask.run;java/util/concurrent/Executors$RunnableAdapter.call;java/util/concurrent/FutureTask.run;org/openjdk/jmh/runner/BenchmarkHandler$BenchmarkTask.call;org/openjdk/jmh/runner/BenchmarkHandler$BenchmarkTask.call;java/lang/reflect/Method.invoke;jdk/internal/reflect/DirectMethodHandleAccessor.invoke;jdk/internal/reflect/DirectMethodHandleAccessor.invokeImpl;java/lang/invoke/LambdaForm$MH.0x0000000061061400.invokeExact_MT;java/lang/invoke/LambdaForm$MH.0x0000000061061000.invoke;java/lang/invoke/DirectMethodHandle$Holder.invokeSpecial;org/weakref/nitro/clickbench/jmh_generated/BenchmarkQueries_query06_jmhTest.query06_AverageTime;org/weakref/nitro/clickbench/jmh_generated/BenchmarkQueries_query06_jmhTest.query06_avgt_jmhStub;org/weakref/nitro/clickbench/BenchmarkQueries.query06;org/weakref/nitro/clickbench/BenchmarkQueries.consume;org/weakref/nitro/operator/Output.borrow;org/weakref/nitro/operator/AggregationOperator$$Lambda.0x00000000610be3b8.apply;org/weakref/nitro/operator/AggregationOperator.lambda$resultOutput$0;org/weakref/nitro/operator/AggregationOperator.doAggregationIfNeeded;org/weakref/nitro/operator/MarkDistinctOperator.next;org/weakref/nitro/operator/MarkDistinctOperator.computeDistinctMask;org/weakref/nitro/operator/Output.borrow;org/weakref/nitro/operator/NitroParquetScanOperator$ScanOutputResolver$$Lambda.0x00000000610aab88.apply;org/weakref/nitro/operator/NitroParquetScanOperator$ScanOutputResolver.resolve;org/weakref/nitro/operator/NitroParquetScanOperator.resolveLazyColumn;org/weakref/nitro/operator/NitroParquetScanOperator.decodeFullColumn;org/weakref/nitro/parquet/ColumnReader.readBinary;org/weakref/nitro/parquet/ColumnReader.readBinaryDirect;org/weakref/nitro/parquet/ColumnReader.decodeNextDataPage;org/weakref/nitro/parquet/ColumnReader.decodeDataPageV1;org/weakref/nitro/parquet/RleReader.read;org/weakref/nitro/parquet/RleReader.readBitPacked;org/weakref/nitro/parquet/VectorBitUnpacker.unpack8;jdk/incubator/vector/IntVector.intoArray 2
java/lang/Thread.run;java/lang/Thread.runWith;java/util/concurrent/ThreadPoolExecutor$Worker.run;java/util/concurrent/ThreadPoolExecutor.runWorker;java/util/concurrent/FutureTask.run;java/util/concurrent/Executors$RunnableAdapter.call;java/util/concurrent/FutureTask.run;org/openjdk/jmh/runner/BenchmarkHandler$BenchmarkTask.call;org/openjdk/jmh/runner/BenchmarkHandler$BenchmarkTask.call;java/lang/reflect/Method.invoke;jdk/internal/reflect/DirectMethodHandleAccessor.invoke;jdk/internal/reflect/DirectMethodHandleAccessor.invokeImpl;java/lang/invoke/LambdaForm$MH.0x0000000061061400.invokeExact_MT;java/lang/invoke/LambdaForm$MH.0x0000000061061000.invoke;java/lang/invoke/DirectMethodHandle$Holder.invokeSpecial;org/weakref/nitro/clickbench/jmh_generated/BenchmarkQueries_query06_jmhTest.query06_AverageTime;org/weakref/nitro/clickbench/jmh_generated/BenchmarkQueries_query06_jmhTest.query06_avgt_jmhStub;org/weakref/nitro/clickbench/BenchmarkQueries.query06;org/weakref/nitro/clickbench/BenchmarkQueries.consume;org/weakref/nitro/operator/Output.borrow;org/weakref/nitro/operator/AggregationOperator$$Lambda.0x00000000610be3b8.apply;org/weakref/nitro/operator/AggregationOperator.lambda$resultOutput$0;org/weakref/nitro/operator/AggregationOperator.doAggregationIfNeeded;org/weakref/nitro/operator/MarkDistinctOperator.next;org/weakref/nitro/operator/MarkDistinctOperator.computeDistinctMask;org/weakref/nitro/operator/DistinctKeySet.addBatch;org/weakref/nitro/operator/DistinctKeySet$FlatDistinctIndex.addBatch;org/weakref/nitro/operator/FlatGroupingTable.beginBatch;org/weakref/nitro/operator/FlatKeyLayout.beginBatch;org/weakref/nitro/operator/FlatKeyLayout.hashByKind;org/weakref/nitro/operator/FlatTypeHandlers$4.hashInput;org/weakref/nitro/operator/OperatorVectorSupport.binaryHash 5
java/lang/Thread.run;java/lang/Thread.runWith;java/util/concurrent/ThreadPoolExecutor$Worker.run;java/util/concurrent/ThreadPoolExecutor.runWorker;java/util/concurrent/FutureTask.run;java/util/concurrent/Executors$RunnableAdapter.call;java/util/concurrent/FutureTask.run;org/openjdk/jmh/runner/BenchmarkHandler$BenchmarkTask.call;org/openjdk/jmh/runner/BenchmarkHandler$BenchmarkTask.call;java/lang/reflect/Method.invoke;jdk/internal/reflect/DirectMethodHandleAccessor.invoke;jdk/internal/reflect/DirectMethodHandleAccessor.invokeImpl;java/lang/invoke/LambdaForm$MH.0x0000000061061400.invokeExact_MT;java/lang/invoke/LambdaForm$MH.0x0000000061061000.invoke;java/lang/invoke/DirectMethodHandle$Holder.invokeSpecial;org/weakref/nitro/clickbench/jmh_generated/BenchmarkQueries_query06_jmhTest.query06_AverageTime;org/weakref/nitro/clickbench/jmh_generated/BenchmarkQueries_query06_jmhTest.query06_avgt_jmhStub;org/weakref/nitro/clickbench/BenchmarkQueries.query06;org/weakref/nitro/clickbench/BenchmarkQueries.consume;org/weakref/nitro/operator/Output.borrow;org/weakref/nitro/operator/AggregationOperator$$Lambda.0x00000000610be3b8.apply;org/weakref/nitro/operator/AggregationOperator.lambda$resultOutput$0;org/weakref/nitro/operator/AggregationOperator.doAggregationIfNeeded;org/weakref/nitro/operator/MarkDistinctOperator.next;org/weakref/nitro/operator/MarkDistinctOperator.computeDistinctMask;org/weakref/nitro/operator/DistinctKeySet.addBatch;org/weakref/nitro/operator/DistinctKeySet$FlatDistinctIndex.addBatch;org/weakref/nitro/operator/FlatGroupingTable.assignGroup;org/weakref/nitro/operator/FlatGroupingTable.assignGroupHashed;org/weakref/nitro/operator/FlatGroupingTable.assignGroupHashedInternal;org/weakref/nitro/operator/FlatGroupingTable.getIndex;org/weakref/nitro/operator/FlatGroupingTable.identical;org/weakref/nitro/operator/FlatKeyLayout.identicalRecordToInput;org/weakref/nitro/operator/FlatKeyLayout.idComparable 2
/usr/lib/x86_64-linux-gnu/libc.so.6;/usr/lib/x86_64-linux-gnu/libc.so.6;thread_native_entry;Thread::call_run;JavaThread::thread_main_inner;CompileBroker::compiler_thread_loop;CompileBroker::invoke_compiler_on_method;C2Compiler::compile_method;Compile::Compile;Compile::Code_Gen;PhaseChaitin::Register_Allocate;PhaseLive::compute 1
java/lang/Thread.run;java/lang/Thread.runWith;java/util/concurrent/ThreadPoolExecutor$Worker.run;java/util/concurrent/ThreadPoolExecutor.runWorker;java/util/concurrent/FutureTask.run;java/util/concurrent/Executors$RunnableAdapter.call;java/util/concurrent/FutureTask.run;org/openjdk/jmh/runner/BenchmarkHandler$BenchmarkTask.call;org/openjdk/jmh/runner/BenchmarkHandler$BenchmarkTask.call;java/lang/reflect/Method.invoke;jdk/internal/reflect/DirectMethodHandleAccessor.invoke;jdk/internal/reflect/DirectMethodHandleAccessor.invokeImpl;java/lang/invoke/LambdaForm$MH.0x0000000061061400.invokeExact_MT;java/lang/invoke/LambdaForm$MH.0x0000000061061000.invoke;java/lang/invoke/DirectMethodHandle$Holder.invokeSpecial;org/weakref/nitro/clickbench/jmh_generated/BenchmarkQueries_query06_jmhTest.query06_AverageTime;org/weakref/nitro/clickbench/jmh_generated/BenchmarkQueries_query06_jmhTest.query06_avgt_jmhStub;org/weakref/nitro/clickbench/BenchmarkQueries.query06;org/weakref/nitro/clickbench/BenchmarkQueries.consume;org/weakref/nitro/operator/Output.borrow;org/weakref/nitro/operator/AggregationOperator$$Lambda.0x00000000610be3b8.apply;org/weakref/nitro/operator/AggregationOperator.lambda$resultOutput$0;org/weakref/nitro/operator/AggregationOperator.doAggregationIfNeeded;org/weakref/nitro/operator/MarkDistinctOperator.next;org/weakref/nitro/operator/MarkDistinctOperator.computeDistinctMask;org/weakref/nitro/operator/Output.borrow;org/weakref/nitro/operator/NitroParquetScanOperator$ScanOutputResolver$$Lambda.0x00000000610aab88.apply;org/weakref/nitro/operator/NitroParquetScanOperator$ScanOutputResolver.resolve;org/weakref/nitro/operator/NitroParquetScanOperator.resolveLazyColumn;org/weakref/nitro/operator/NitroParquetScanOperator.decodeFullColumn;org/weakref/nitro/parquet/ColumnReader.readBinary;org/weakref/nitro/parquet/ColumnReader.readBinaryDirect;jbyte_arraycopy_stub 1
java/lang/Thread.run;java/lang/Thread.runWith;java/util/concurrent/ThreadPoolExecutor$Worker.run;java/util/concurrent/ThreadPoolExecutor.runWorker;java/util/concurrent/FutureTask.run;java/util/concurrent/Executors$RunnableAdapter.call;java/util/concurrent/FutureTask.run;org/openjdk/jmh/runner/BenchmarkHandler$BenchmarkTask.call;org/openjdk/jmh/runner/BenchmarkHandler$BenchmarkTask.call;java/lang/reflect/Method.invoke;jdk/internal/reflect/DirectMethodHandleAccessor.invoke;jdk/internal/reflect/DirectMethodHandleAccessor.invokeImpl;java/lang/invoke/LambdaForm$MH.0x0000000061061400.invokeExact_MT;java/lang/invoke/LambdaForm$MH.0x0000000061061000.invoke;java/lang/invoke/DirectMethodHandle$Holder.invokeSpecial;org/weakref/nitro/clickbench/jmh_generated/BenchmarkQueries_query06_jmhTest.query06_AverageTime;org/weakref/nitro/clickbench/jmh_generated/BenchmarkQueries_query06_jmhTest.query06_avgt_jmhStub;org/weakref/nitro/clickbench/BenchmarkQueries.query06;org/weakref/nitro/clickbench/BenchmarkQueries.consume;org/weakref/nitro/operator/Output.borrow;org/weakref/nitro/operator/AggregationOperator$$Lambda.0x00000000610be3b8.apply;org/weakref/nitro/operator/AggregationOperator.lambda$resultOutput$0;org/weakref/nitro/operator/AggregationOperator.doAggregationIfNeeded;org/weakref/nitro/operator/MarkDistinctOperator.next;org/weakref/nitro/operator/MarkDistinctOperator.computeDistinctMask;org/weakref/nitro/operator/Output.borrow;org/weakref/nitro/operator/NitroParquetScanOperator$ScanOutputResolver$$Lambda.0x00000000610aab88.apply;org/weakref/nitro/operator/NitroParquetScanOperator$ScanOutputResolver.resolve;org/weakref/nitro/operator/NitroParquetScanOperator.resolveLazyColumn;org/weakref/nitro/operator/NitroParquetScanOperator.decodeFullColumn;org/weakref/nitro/parquet/ColumnReader.readBinary;org/weakref/nitro/parquet/ColumnReader.readBinaryDirect;org/weakref/nitro/parquet/ColumnReader.decodeNextDataPage;org/weakref/nitro/parquet/ColumnReader.decodeDictionary;unsafe_arraycopy_stub 1
java/lang/Thread.run;java/lang/Thread.runWith;java/util/concurrent/ThreadPoolExecutor$Worker.run;java/util/concurrent/ThreadPoolExecutor.runWorker;java/util/concurrent/FutureTask.run;java/util/concurrent/Executors$RunnableAdapter.call;java/util/concurrent/FutureTask.run;org/openjdk/jmh/runner/BenchmarkHandler$BenchmarkTask.call;org/openjdk/jmh/runner/BenchmarkHandler$BenchmarkTask.call;java/lang/reflect/Method.invoke;jdk/internal/reflect/DirectMethodHandleAccessor.invoke;jdk/internal/reflect/DirectMethodHandleAccessor.invokeImpl;java/lang/invoke/LambdaForm$MH.0x0000000061061400.invokeExact_MT;java/lang/invoke/LambdaForm$MH.0x0000000061061000.invoke;java/lang/invoke/DirectMethodHandle$Holder.invokeSpecial;org/weakref/nitro/clickbench/jmh_generated/BenchmarkQueries_query06_jmhTest.query06_AverageTime;org/weakref/nitro/clickbench/jmh_generated/BenchmarkQueries_query06_jmhTest.query06_avgt_jmhStub;org/weakref/nitro/clickbench/BenchmarkQueries.query06;org/weakref/nitro/clickbench/BenchmarkQueries.consume;org/weakref/nitro/operator/Output.borrow;org/weakref/nitro/operator/AggregationOperator$$Lambda.0x00000000610be3b8.apply;org/weakref/nitro/operator/AggregationOperator.lambda$resultOutput$0;org/weakref/nitro/operator/AggregationOperator.doAggregationIfNeeded;org/weakref/nitro/operator/MarkDistinctOperator.next;org/weakref/nitro/operator/MarkDistinctOperator.computeDistinctMask;org/weakref/nitro/operator/Output.borrow;org/weakref/nitro/operator/NitroParquetScanOperator$ScanOutputResolver$$Lambda.0x00000000610aab88.apply;org/weakref/nitro/operator/NitroParquetScanOperator$ScanOutputResolver.resolve;org/weakref/nitro/operator/NitroParquetScanOperator.resolveLazyColumn;org/weakref/nitro/operator/NitroParquetScanOperator.decodeFullColumn;org/weakref/nitro/parquet/ColumnReader.readBinary;org/weakref/nitro/parquet/ColumnReader.readBinaryDirect;org/weakref/nitro/parquet/ColumnReader.decodeNextDataPage;org/weakref/nitro/parquet/ColumnReader.decodeDataPageV1;org/weakref/nitro/parquet/ColumnReader.decodePlainBinary;org/weakref/nitro/parquet/ColumnReader.decodePlainBinaryPresized 1
java/lang/Thread.run;java/lang/Thread.runWith;java/util/concurrent/ThreadPoolExecutor$Worker.run;java/util/concurrent/ThreadPoolExecutor.runWorker;java/util/concurrent/FutureTask.run;java/util/concurrent/Executors$RunnableAdapter.call;java/util/concurrent/FutureTask.run;org/openjdk/jmh/runner/BenchmarkHandler$BenchmarkTask.call;org/openjdk/jmh/runner/BenchmarkHandler$BenchmarkTask.call;java/lang/reflect/Method.invoke;jdk/internal/reflect/DirectMethodHandleAccessor.invoke;jdk/internal/reflect/DirectMethodHandleAccessor.invokeImpl;java/lang/invoke/LambdaForm$MH.0x0000000061061400.invokeExact_MT;java/lang/invoke/LambdaForm$MH.0x0000000061061000.invoke;java/lang/invoke/DirectMethodHandle$Holder.invokeSpecial;org/weakref/nitro/clickbench/jmh_generated/BenchmarkQueries_query06_jmhTest.query06_AverageTime;org/weakref/nitro/clickbench/jmh_generated/BenchmarkQueries_query06_jmhTest.query06_avgt_jmhStub;org/weakref/nitro/clickbench/BenchmarkQueries.query06;org/weakref/nitro/clickbench/BenchmarkQueries.consume;org/weakref/nitro/operator/Output.borrow;org/weakref/nitro/operator/AggregationOperator$$Lambda.0x00000000610be3b8.apply;org/weakref/nitro/operator/AggregationOperator.lambda$resultOutput$0;org/weakref/nitro/operator/AggregationOperator.doAggregationIfNeeded;org/weakref/nitro/operator/MarkDistinctOperator.next;org/weakref/nitro/operator/MarkDistinctOperator.computeDistinctMask;org/weakref/nitro/operator/DistinctKeySet.addBatch;org/weakref/nitro/operator/DistinctKeySet$FlatDistinctIndex.addBatch;org/weakref/nitro/operator/FlatGroupingTable.prepareBatchHashes;org/weakref/nitro/operator/FlatGroupingTable.prepareBatchHash;org/weakref/nitro/operator/FlatKeyLayout.hash;org/weakref/nitro/operator/FlatKeyLayout.fieldHash 2
java/lang/Thread.run;java/lang/Thread.runWith;java/util/concurrent/ThreadPoolExecutor$Worker.run;java/util/concurrent/ThreadPoolExecutor.runWorker;java/util/concurrent/FutureTask.run;java/util/concurrent/Executors$RunnableAdapter.call;java/util/concurrent/FutureTask.run;org/openjdk/jmh/runner/BenchmarkHandler$BenchmarkTask.call;org/openjdk/jmh/runner/BenchmarkHandler$BenchmarkTask.call;java/lang/reflect/Method.invoke;jdk/internal/reflect/DirectMethodHandleAccessor.invoke;jdk/internal/reflect/DirectMethodHandleAccessor.invokeImpl;java/lang/invoke/LambdaForm$MH.0x0000000061061400.invokeExact_MT;java/lang/invoke/LambdaForm$MH.0x0000000061061000.invoke;java/lang/invoke/DirectMethodHandle$Holder.invokeSpecial;org/weakref/nitro/clickbench/jmh_generated/BenchmarkQueries_query06_jmhTest.query06_AverageTime;org/weakref/nitro/clickbench/jmh_generated/BenchmarkQueries_query06_jmhTest.query06_avgt_jmhStub;org/weakref/nitro/clickbench/BenchmarkQueries.query06;org/weakref/nitro/clickbench/BenchmarkQueries.consume;org/weakref/nitro/operator/Output.borrow;org/weakref/nitro/operator/AggregationOperator$$Lambda.0x00000000610be3b8.apply;org/weakref/nitro/operator/AggregationOperator.lambda$resultOutput$0;org/weakref/nitro/operator/AggregationOperator.doAggregationIfNeeded;org/weakref/nitro/operator/MarkDistinctOperator.next;org/weakref/nitro/operator/MarkDistinctOperator.computeDistinctMask;org/weakref/nitro/operator/DistinctKeySet.addBatch;org/weakref/nitro/operator/DistinctKeySet$FlatDistinctIndex.addBatch;org/weakref/nitro/operator/DistinctKeySet$FlatDistinctIndex.addFlatBinaryBatch 1
java/lang/Thread.run;java/lang/Thread.runWith;java/util/concurrent/ThreadPoolExecutor$Worker.run;java/util/concurrent/ThreadPoolExecutor.runWorker;java/util/concurrent/FutureTask.run;java/util/concurrent/Executors$RunnableAdapter.call;java/util/concurrent/FutureTask.run;org/openjdk/jmh/runner/BenchmarkHandler$BenchmarkTask.call;org/openjdk/jmh/runner/BenchmarkHandler$BenchmarkTask.call;java/lang/reflect/Method.invoke;jdk/internal/reflect/DirectMethodHandleAccessor.invoke;jdk/internal/reflect/DirectMethodHandleAccessor.invokeImpl;java/lang/invoke/LambdaForm$MH.0x0000000061061400.invokeExact_MT;java/lang/invoke/LambdaForm$MH.0x0000000061061000.invoke;java/lang/invoke/DirectMethodHandle$Holder.invokeSpecial;org/weakref/nitro/clickbench/jmh_generated/BenchmarkQueries_query06_jmhTest.query06_AverageTime;org/weakref/nitro/clickbench/jmh_generated/BenchmarkQueries_query06_jmhTest.query06_avgt_jmhStub;org/weakref/nitro/clickbench/BenchmarkQueries.query06;org/weakref/nitro/clickbench/BenchmarkQueries.consume;org/weakref/nitro/operator/Output.borrow;org/weakref/nitro/operator/AggregationOperator$$Lambda.0x00000000610be3b8.apply;org/weakref/nitro/operator/AggregationOperator.lambda$resultOutput$0;org/weakref/nitro/operator/AggregationOperator.doAggregationIfNeeded;org/weakref/nitro/operator/MarkDistinctOperator.next;org/weakref/nitro/operator/MarkDistinctOperator.computeDistinctMask;org/weakref/nitro/operator/DistinctKeySet.addBatch;org/weakref/nitro/operator/DistinctKeySet$FlatDistinctIndex.addBatch;org/weakref/nitro/operator/DistinctKeySet$FlatDistinctIndex.addFlatBinaryBatch;org/weakref/nitro/operator/FlatGroupingTable.assignGroup;org/weakref/nitro/operator/FlatGroupingTable.assignGroupHashed;org/weakref/nitro/operator/FlatGroupingTable.assignGroupHashedInternal;org/weakref/nitro/operator/FlatGroupingTable.getIndex;org/weakref/nitro/operator/FlatGroupingTable.identical;org/weakref/nitro/operator/FlatKeyLayout.identicalRecordToInput;org/weakref/nitro/operator/FlatKeyLayout.identicalBinaryField;org/weakref/nitro/operator/OperatorVectorSupport.binaryEquals;java/util/Arrays.mismatch;jdk/internal/util/ArraysSupport.mismatch 7
java/lang/Thread.run;java/lang/Thread.runWith;java/util/concurrent/ThreadPoolExecutor$Worker.run;java/util/concurrent/ThreadPoolExecutor.runWorker;java/util/concurrent/FutureTask.run;java/util/concurrent/Executors$RunnableAdapter.call;java/util/concurrent/FutureTask.run;org/openjdk/jmh/runner/BenchmarkHandler$BenchmarkTask.call;org/openjdk/jmh/runner/BenchmarkHandler$BenchmarkTask.call;java/lang/reflect/Method.invoke;jdk/internal/reflect/DirectMethodHandleAccessor.invoke;jdk/internal/reflect/DirectMethodHandleAccessor.invokeImpl;java/lang/invoke/LambdaForm$MH.0x0000000061061400.invokeExact_MT;java/lang/invoke/LambdaForm$MH.0x0000000061061000.invoke;java/lang/invoke/DirectMethodHandle$Holder.invokeSpecial;org/weakref/nitro/clickbench/jmh_generated/BenchmarkQueries_query06_jmhTest.query06_AverageTime;org/weakref/nitro/clickbench/jmh_generated/BenchmarkQueries_query06_jmhTest.query06_avgt_jmhStub;org/weakref/nitro/clickbench/BenchmarkQueries.query06;org/weakref/nitro/clickbench/BenchmarkQueries.consume;org/weakref/nitro/operator/Output.borrow;org/weakref/nitro/operator/AggregationOperator$$Lambda.0x00000000610be3b8.apply;org/weakref/nitro/operator/AggregationOperator.lambda$resultOutput$0;org/weakref/nitro/operator/AggregationOperator.doAggregationIfNeeded;org/weakref/nitro/operator/MarkDistinctOperator.next;org/weakref/nitro/operator/MarkDistinctOperator.computeDistinctMask;org/weakref/nitro/operator/DistinctKeySet.addBatch;org/weakref/nitro/operator/DistinctKeySet$FlatDistinctIndex.addBatch;org/weakref/nitro/operator/FlatGroupingTable.beginBatch;org/weakref/nitro/operator/FlatKeyLayout.beginBatch;org/weakref/nitro/operator/FlatKeyLayout.hashByKind;org/weakref/nitro/operator/FlatTypeHandlers$4.hashInput;org/weakref/nitro/operator/OperatorVectorSupport.binaryHash;org/weakref/nitro/operator/OperatorVectorSupport.mix64 1
java/lang/Thread.run;java/lang/Thread.runWith;java/util/concurrent/ThreadPoolExecutor$Worker.run;java/util/concurrent/ThreadPoolExecutor.runWorker;java/util/concurrent/FutureTask.run;java/util/concurrent/Executors$RunnableAdapter.call;java/util/concurrent/FutureTask.run;org/openjdk/jmh/runner/BenchmarkHandler$BenchmarkTask.call;org/openjdk/jmh/runner/BenchmarkHandler$BenchmarkTask.call;java/lang/reflect/Method.invoke;jdk/internal/reflect/DirectMethodHandleAccessor.invoke;jdk/internal/reflect/DirectMethodHandleAccessor.invokeImpl;java/lang/invoke/LambdaForm$MH.0x0000000061061400.invokeExact_MT;java/lang/invoke/LambdaForm$MH.0x0000000061061000.invoke;java/lang/invoke/DirectMethodHandle$Holder.invokeSpecial;org/weakref/nitro/clickbench/jmh_generated/BenchmarkQueries_query06_jmhTest.query06_AverageTime;org/weakref/nitro/clickbench/jmh_generated/BenchmarkQueries_query06_jmhTest.query06_avgt_jmhStub;org/weakref/nitro/clickbench/BenchmarkQueries.query06;org/weakref/nitro/clickbench/BenchmarkQueries.consume;org/weakref/nitro/operator/Output.borrow;org/weakref/nitro/operator/AggregationOperator$$Lambda.0x00000000610be3b8.apply;org/weakref/nitro/operator/AggregationOperator.lambda$resultOutput$0;org/weakref/nitro/operator/AggregationOperator.doAggregationIfNeeded;org/weakref/nitro/operator/MarkDistinctOperator.next;org/weakref/nitro/operator/MarkDistinctOperator.computeDistinctMask;org/weakref/nitro/operator/DistinctKeySet.addBatch;org/weakref/nitro/operator/DistinctKeySet$FlatDistinctIndex.addBatch;org/weakref/nitro/operator/DistinctKeySet$FlatDistinctIndex.addFlatBinaryBatch;org/weakref/nitro/operator/FlatGroupingTable.assignGroup;org/weakref/nitro/operator/FlatGroupingTable.assignGroupHashed;org/weakref/nitro/operator/FlatGroupingTable.assignGroupHashedInternal;org/weakref/nitro/operator/FlatGroupingTable.getIndex;org/weakref/nitro/operator/FlatGroupingTable.identical;java/lang/invoke/VarHandleGuards.guard_LI_J;java/lang/invoke/VarHandleByteArrayAsLongs$ArrayHandle.get;java/lang/invoke/VarHandleByteArrayAsLongs$ArrayHandle.index 1
/usr/lib/x86_64-linux-gnu/libc.so.6;/usr/lib/x86_64-linux-gnu/libc.so.6;thread_native_entry;Thread::call_run;JavaThread::thread_main_inner;CompileBroker::compiler_thread_loop;CompileBroker::invoke_compiler_on_method;C2Compiler::compile_method;Compile::Compile;Compile::Code_Gen;PhaseOutput::Output;PhaseOutput::fill_buffer;G1BarrierSetC2::emit_stubs;G1BarrierSetAssembler::generate_c2_pre_barrier_stub;generate_pre_barrier_slow_path;MacroAssembler::movptr;Assembler::movq;Assembler::get_prefixq 1
java/lang/Thread.run;java/lang/Thread.runWith;java/util/concurrent/ThreadPoolExecutor$Worker.run;java/util/concurrent/ThreadPoolExecutor.runWorker;java/util/concurrent/FutureTask.run;java/util/concurrent/Executors$RunnableAdapter.call;java/util/concurrent/FutureTask.run;org/openjdk/jmh/runner/BenchmarkHandler$BenchmarkTask.call;org/openjdk/jmh/runner/BenchmarkHandler$BenchmarkTask.call;java/lang/reflect/Method.invoke;jdk/internal/reflect/DirectMethodHandleAccessor.invoke;jdk/internal/reflect/DirectMethodHandleAccessor.invokeImpl;java/lang/invoke/LambdaForm$MH.0x0000000061061400.invokeExact_MT;java/lang/invoke/LambdaForm$MH.0x0000000061061000.invoke;java/lang/invoke/DirectMethodHandle$Holder.invokeSpecial;org/weakref/nitro/clickbench/jmh_generated/BenchmarkQueries_query06_jmhTest.query06_AverageTime;org/weakref/nitro/clickbench/jmh_generated/BenchmarkQueries_query06_jmhTest.query06_avgt_jmhStub;org/weakref/nitro/clickbench/BenchmarkQueries.query06;org/weakref/nitro/clickbench/BenchmarkQueries.consume;org/weakref/nitro/operator/Output.borrow;org/weakref/nitro/operator/AggregationOperator$$Lambda.0x00000000610be3b8.apply;org/weakref/nitro/operator/AggregationOperator.lambda$resultOutput$0;org/weakref/nitro/operator/AggregationOperator.doAggregationIfNeeded;org/weakref/nitro/operator/MarkDistinctOperator.next;org/weakref/nitro/operator/MarkDistinctOperator.computeDistinctMask;org/weakref/nitro/operator/DistinctKeySet.addBatch;org/weakref/nitro/operator/DistinctKeySet$FlatDistinctIndex.addBatch;org/weakref/nitro/operator/FlatGroupingTable.assignGroup;org/weakref/nitro/operator/FlatGroupingTable.assignGroupHashed;org/weakref/nitro/operator/FlatGroupingTable.assignGroupHashedInternal;org/weakref/nitro/operator/FlatGroupingTable.addNewGroup;org/weakref/nitro/operator/FlatKeyLayout.writeRecord;org/weakref/nitro/operator/FlatKeyLayout.storeRecordDictionaryIds;org/weakref/nitro/operator/FlatKeyLayout.ensureRecordDictionaryIdCapacity 1
java/lang/Thread.run;java/lang/Thread.runWith;java/util/concurrent/ThreadPoolExecutor$Worker.run;java/util/concurrent/ThreadPoolExecutor.runWorker;java/util/concurrent/FutureTask.run;java/util/concurrent/Executors$RunnableAdapter.call;java/util/concurrent/FutureTask.run;org/openjdk/jmh/runner/BenchmarkHandler$BenchmarkTask.call;org/openjdk/jmh/runner/BenchmarkHandler$BenchmarkTask.call;java/lang/reflect/Method.invoke;jdk/internal/reflect/DirectMethodHandleAccessor.invoke;jdk/internal/reflect/DirectMethodHandleAccessor.invokeImpl;java/lang/invoke/LambdaForm$MH.0x0000000061061400.invokeExact_MT;java/lang/invoke/LambdaForm$MH.0x0000000061061000.invoke;java/lang/invoke/DirectMethodHandle$Holder.invokeSpecial;org/weakref/nitro/clickbench/jmh_generated/BenchmarkQueries_query06_jmhTest.query06_AverageTime;org/weakref/nitro/clickbench/jmh_generated/BenchmarkQueries_query06_jmhTest.query06_avgt_jmhStub;org/weakref/nitro/clickbench/BenchmarkQueries.query06;org/weakref/nitro/clickbench/BenchmarkQueries.consume;org/weakref/nitro/operator/Output.borrow;org/weakref/nitro/operator/AggregationOperator$$Lambda.0x00000000610be3b8.apply;org/weakref/nitro/operator/AggregationOperator.lambda$resultOutput$0;org/weakref/nitro/operator/AggregationOperator.doAggregationIfNeeded;org/weakref/nitro/operator/Batch.close;org/weakref/nitro/operator/BatchBufferScope.release;org/weakref/nitro/data/Allocator.release;org/weakref/nitro/data/Allocator$ContextState.releaseMask 2
java/lang/Thread.run;java/lang/Thread.runWith;java/util/concurrent/ThreadPoolExecutor$Worker.run;java/util/concurrent/ThreadPoolExecutor.runWorker;java/util/concurrent/FutureTask.run;java/util/concurrent/Executors$RunnableAdapter.call;java/util/concurrent/FutureTask.run;org/openjdk/jmh/runner/BenchmarkHandler$BenchmarkTask.call;org/openjdk/jmh/runner/BenchmarkHandler$BenchmarkTask.call;java/lang/reflect/Method.invoke;jdk/internal/reflect/DirectMethodHandleAccessor.invoke;jdk/internal/reflect/DirectMethodHandleAccessor.invokeImpl;java/lang/invoke/LambdaForm$MH.0x0000000061061400.invokeExact_MT;java/lang/invoke/LambdaForm$MH.0x0000000061061000.invoke;java/lang/invoke/DirectMethodHandle$Holder.invokeSpecial;org/weakref/nitro/clickbench/jmh_generated/BenchmarkQueries_query06_jmhTest.query06_AverageTime;org/weakref/nitro/clickbench/jmh_generated/BenchmarkQueries_query06_jmhTest.query06_avgt_jmhStub;org/weakref/nitro/clickbench/BenchmarkQueries.query06;org/weakref/nitro/clickbench/BenchmarkQueries.consume;org/weakref/nitro/operator/Output.borrow;org/weakref/nitro/operator/AggregationOperator$$Lambda.0x00000000610be3b8.apply;org/weakref/nitro/operator/AggregationOperator.lambda$resultOutput$0;org/weakref/nitro/operator/AggregationOperator.doAggregationIfNeeded;org/weakref/nitro/operator/MarkDistinctOperator.next;org/weakref/nitro/operator/MarkDistinctOperator.computeDistinctMask;org/weakref/nitro/operator/Output.borrow;org/weakref/nitro/operator/NitroParquetScanOperator$ScanOutputResolver$$Lambda.0x00000000610aab88.apply;org/weakref/nitro/operator/NitroParquetScanOperator$ScanOutputResolver.resolve;org/weakref/nitro/operator/NitroParquetScanOperator.resolveLazyColumn;org/weakref/nitro/operator/NitroParquetScanOperator.decodeFullColumn;org/weakref/nitro/parquet/ColumnReader.readBinary;org/weakref/nitro/parquet/ColumnReader.readBinaryDirect;org/weakref/nitro/parquet/ColumnReader.decodeNextDataPage;org/weakref/nitro/parquet/ColumnReader.decodeDataPageV1;org/weakref/nitro/parquet/ColumnReader.decodePlainBinary;org/weakref/nitro/parquet/ColumnReader.decodePlainBinaryPresized;unsafe_arraycopy_stub 1
java/lang/Thread.run;java/lang/Thread.runWith;java/util/concurrent/ThreadPoolExecutor$Worker.run;java/util/concurrent/ThreadPoolExecutor.runWorker;java/util/concurrent/FutureTask.run;java/util/concurrent/Executors$RunnableAdapter.call;java/util/concurrent/FutureTask.run;org/openjdk/jmh/runner/BenchmarkHandler$BenchmarkTask.call;org/openjdk/jmh/runner/BenchmarkHandler$BenchmarkTask.call;java/lang/reflect/Method.invoke;jdk/internal/reflect/DirectMethodHandleAccessor.invoke;jdk/internal/reflect/DirectMethodHandleAccessor.invokeImpl;java/lang/invoke/LambdaForm$MH.0x0000000061061400.invokeExact_MT;java/lang/invoke/LambdaForm$MH.0x0000000061061000.invoke;java/lang/invoke/DirectMethodHandle$Holder.invokeSpecial;org/weakref/nitro/clickbench/jmh_generated/BenchmarkQueries_query06_jmhTest.query06_AverageTime;org/weakref/nitro/clickbench/jmh_generated/BenchmarkQueries_query06_jmhTest.query06_avgt_jmhStub;org/weakref/nitro/clickbench/BenchmarkQueries.query06;org/weakref/nitro/clickbench/BenchmarkQueries.consume;org/weakref/nitro/operator/Output.borrow;org/weakref/nitro/operator/AggregationOperator$$Lambda.0x00000000610be3b8.apply;org/weakref/nitro/operator/AggregationOperator.lambda$resultOutput$0;org/weakref/nitro/operator/AggregationOperator.doAggregationIfNeeded;org/weakref/nitro/operator/MarkDistinctOperator.next;org/weakref/nitro/operator/MarkDistinctOperator.computeDistinctMask;org/weakref/nitro/operator/DistinctKeySet.addBatch;org/weakref/nitro/operator/DistinctKeySet$FlatDistinctIndex.addBatch;org/weakref/nitro/operator/FlatGroupingTable.assignGroup;org/weakref/nitro/operator/FlatGroupingTable.assignGroupHashed;org/weakref/nitro/operator/FlatGroupingTable.assignGroupHashedInternal;org/weakref/nitro/operator/FlatGroupingTable.getIndex;org/weakref/nitro/operator/FlatGroupingTable.identical;org/weakref/nitro/operator/FlatKeyLayout.identicalRecordToInput 1
java/lang/Thread.run;java/lang/Thread.runWith;java/util/concurrent/ThreadPoolExecutor$Worker.run;java/util/concurrent/ThreadPoolExecutor.runWorker;java/util/concurrent/FutureTask.run;java/util/concurrent/Executors$RunnableAdapter.call;java/util/concurrent/FutureTask.run;org/openjdk/jmh/runner/BenchmarkHandler$BenchmarkTask.call;org/openjdk/jmh/runner/BenchmarkHandler$BenchmarkTask.call;java/lang/reflect/Method.invoke;jdk/internal/reflect/DirectMethodHandleAccessor.invoke;jdk/internal/reflect/DirectMethodHandleAccessor.invokeImpl;java/lang/invoke/LambdaForm$MH.0x0000000061061400.invokeExact_MT;java/lang/invoke/LambdaForm$MH.0x0000000061061000.invoke;java/lang/invoke/DirectMethodHandle$Holder.invokeSpecial;org/weakref/nitro/clickbench/jmh_generated/BenchmarkQueries_query06_jmhTest.query06_AverageTime;org/weakref/nitro/clickbench/jmh_generated/BenchmarkQueries_query06_jmhTest.query06_avgt_jmhStub;org/weakref/nitro/clickbench/BenchmarkQueries.query06;org/weakref/nitro/clickbench/BenchmarkQueries.consume;org/weakref/nitro/operator/Output.borrow;org/weakref/nitro/operator/AggregationOperator$$Lambda.0x00000000610be3b8.apply;org/weakref/nitro/operator/AggregationOperator.lambda$resultOutput$0;org/weakref/nitro/operator/AggregationOperator.doAggregationIfNeeded;org/weakref/nitro/operator/MarkDistinctOperator.next;org/weakref/nitro/operator/MarkDistinctOperator.computeDistinctMask;org/weakref/nitro/operator/DistinctKeySet.addBatch;org/weakref/nitro/operator/DistinctKeySet$FlatDistinctIndex.addBatch;org/weakref/nitro/operator/DistinctKeySet$FlatDistinctIndex.addFlatBinaryBatch;org/weakref/nitro/operator/FlatGroupingTable.prepareBatchHashes;org/weakref/nitro/operator/FlatGroupingTable.prepareBatchHash;org/weakref/nitro/operator/FlatKeyLayout.hash;org/weakref/nitro/operator/OperatorVectorSupport.binaryHash 1
java/lang/Thread.run;java/lang/Thread.runWith;java/util/concurrent/ThreadPoolExecutor$Worker.run;java/util/concurrent/ThreadPoolExecutor.runWorker;java/util/concurrent/FutureTask.run;java/util/concurrent/Executors$RunnableAdapter.call;java/util/concurrent/FutureTask.run;org/openjdk/jmh/runner/BenchmarkHandler$BenchmarkTask.call;org/openjdk/jmh/runner/BenchmarkHandler$BenchmarkTask.call;java/lang/reflect/Method.invoke;jdk/internal/reflect/DirectMethodHandleAccessor.invoke;jdk/internal/reflect/DirectMethodHandleAccessor.invokeImpl;java/lang/invoke/LambdaForm$MH.0x0000000061061400.invokeExact_MT;java/lang/invoke/LambdaForm$MH.0x0000000061061000.invoke;java/lang/invoke/DirectMethodHandle$Holder.invokeSpecial;org/weakref/nitro/clickbench/jmh_generated/BenchmarkQueries_query06_jmhTest.query06_AverageTime;org/weakref/nitro/clickbench/jmh_generated/BenchmarkQueries_query06_jmhTest.query06_avgt_jmhStub;org/weakref/nitro/clickbench/BenchmarkQueries.query06;org/weakref/nitro/clickbench/BenchmarkQueries.consume;org/weakref/nitro/operator/Output.borrow;org/weakref/nitro/operator/AggregationOperator$$Lambda.0x00000000610be3b8.apply;org/weakref/nitro/operator/AggregationOperator.lambda$resultOutput$0;org/weakref/nitro/operator/AggregationOperator.doAggregationIfNeeded;org/weakref/nitro/operator/MarkDistinctOperator.next;org/weakref/nitro/operator/MarkDistinctOperator.computeDistinctMask;org/weakref/nitro/operator/DistinctKeySet.addBatch;org/weakref/nitro/operator/DistinctKeySet$FlatDistinctIndex.addBatch;org/weakref/nitro/operator/DistinctKeySet$FlatDistinctIndex.isTrackedSentinel;org/weakref/nitro/operator/FlatKeyLayout.isTrackedSentinel 2
/usr/lib/x86_64-linux-gnu/libc.so.6;/usr/lib/x86_64-linux-gnu/libc.so.6;thread_native_entry;Thread::call_run;WorkerThread::run;G1EvacuateRegionsBaseTask::work;G1EvacuateRegionsTask::evacuate_live_objects;G1ParEvacuateFollowersClosure::do_void;G1ParScanThreadState::steal_and_trim_queue;G1ParScanThreadState::trim_queue_to_threshold;/usr/lib/x86_64-linux-gnu/libc.so.6 2
java/lang/Thread.run;java/lang/Thread.runWith;java/util/concurrent/ThreadPoolExecutor$Worker.run;java/util/concurrent/ThreadPoolExecutor.runWorker;java/util/concurrent/FutureTask.run;java/util/concurrent/Executors$RunnableAdapter.call;java/util/concurrent/FutureTask.run;org/openjdk/jmh/runner/BenchmarkHandler$BenchmarkTask.call;org/openjdk/jmh/runner/BenchmarkHandler$BenchmarkTask.call;java/lang/reflect/Method.invoke;jdk/internal/reflect/DirectMethodHandleAccessor.invoke;jdk/internal/reflect/DirectMethodHandleAccessor.invokeImpl;java/lang/invoke/LambdaForm$MH.0x0000000061061400.invokeExact_MT;java/lang/invoke/LambdaForm$MH.0x0000000061061000.invoke;java/lang/invoke/DirectMethodHandle$Holder.invokeSpecial;org/weakref/nitro/clickbench/jmh_generated/BenchmarkQueries_query06_jmhTest.query06_AverageTime;org/weakref/nitro/clickbench/jmh_generated/BenchmarkQueries_query06_jmhTest.query06_avgt_jmhStub;org/weakref/nitro/clickbench/BenchmarkQueries.query06;org/weakref/nitro/clickbench/ClickBenchHitsSupport.query06;org/weakref/nitro/clickbench/ClickBenchHitsSupport.clickBenchScan;org/weakref/nitro/operator/NitroParquetScanOperator.<init>;java/util/stream/ReferencePipeline.toArray;java/util/stream/AbstractPipeline.evaluateToArrayNode;java/util/stream/AbstractPipeline.evaluate;java/util/stream/AbstractPipeline.wrapAndCopyInto;java/util/stream/AbstractPipeline.copyInto;java/util/AbstractList$RandomAccessSpliterator.forEachRemaining;java/util/stream/ReferencePipeline$3$1.accept;org/weakref/nitro/operator/NitroParquetScanOperator$$Lambda.0x00000000610837a8.apply;org/weakref/nitro/parquet/ParquetFile.open;org/weakref/nitro/parquet/ParquetFile.<init>;org/apache/parquet/format/Util.readFileMetaData;org/apache/parquet/format/Util.readFileMetaData;org/apache/parquet/format/Util.read;org/apache/parquet/format/FileMetaData.read;org/apache/parquet/format/FileMetaData$FileMetaDataStandardScheme.read;org/apache/parquet/format/FileMetaData$FileMetaDataStandardScheme.read;org/apache/parquet/format/SchemaElement.read;org/apache/parquet/format/SchemaElement$SchemaElementStandardScheme.read;org/apache/parquet/format/SchemaElement$SchemaElementStandardScheme.read;shaded/parquet/org/apache/thrift/TUnion.read;shaded/parquet/org/apache/thrift/TUnion$TUnionStandardScheme.read;shaded/parquet/org/apache/thrift/TUnion$TUnionStandardScheme.read;org/apache/parquet/format/LogicalType.standardSchemeReadValue;org/apache/parquet/format/IntType.read;org/apache/parquet/format/IntType.scheme;org/apache/parquet/format/IntType$IntTypeStandardSchemeFactory.getScheme;org/apache/parquet/format/IntType$IntTypeStandardSchemeFactory.getScheme;org/apache/parquet/format/IntType$IntTypeStandardScheme.<init>;C1 Runtime counter_overflow_blob;java/lang/ClassLoader.loadClass;jdk/internal/loader/BuiltinClassLoader.loadClass;jdk/internal/loader/BuiltinClassLoader.loadClassOrNull;java/lang/ClassLoader.getClassLoadingLock;java/util/concurrent/ConcurrentHashMap.putIfAbsent;java/util/concurrent/ConcurrentHashMap.putVal;java/util/concurrent/ConcurrentHashMap.addCount;Shared Runtime resolve_static_call_blob;SharedRuntime::resolve_static_call_C;SharedRuntime::resolve_helper;SharedRuntime::find_callee_info_helper;methodHandle::~methodHandle 1
java/lang/Thread.run;java/lang/Thread.runWith;java/util/concurrent/ThreadPoolExecutor$Worker.run;java/util/concurrent/ThreadPoolExecutor.runWorker;java/util/concurrent/FutureTask.run;java/util/concurrent/Executors$RunnableAdapter.call;java/util/concurrent/FutureTask.run;org/openjdk/jmh/runner/BenchmarkHandler$BenchmarkTask.call;org/openjdk/jmh/runner/BenchmarkHandler$BenchmarkTask.call;java/lang/reflect/Method.invoke;jdk/internal/reflect/DirectMethodHandleAccessor.invoke;jdk/internal/reflect/DirectMethodHandleAccessor.invokeImpl;java/lang/invoke/LambdaForm$MH.0x0000000061061400.invokeExact_MT;java/lang/invoke/LambdaForm$MH.0x0000000061061000.invoke;java/lang/invoke/DirectMethodHandle$Holder.invokeSpecial;org/weakref/nitro/clickbench/jmh_generated/BenchmarkQueries_query06_jmhTest.query06_AverageTime;org/weakref/nitro/clickbench/jmh_generated/BenchmarkQueries_query06_jmhTest.query06_avgt_jmhStub;org/weakref/nitro/clickbench/BenchmarkQueries.query06;org/weakref/nitro/clickbench/BenchmarkQueries.consume;org/weakref/nitro/operator/Output.borrow;org/weakref/nitro/operator/AggregationOperator$$Lambda.0x00000000610be3b8.apply;org/weakref/nitro/operator/AggregationOperator.lambda$resultOutput$0;org/weakref/nitro/operator/AggregationOperator.doAggregationIfNeeded;org/weakref/nitro/operator/MarkDistinctOperator.next;org/weakref/nitro/operator/MarkDistinctOperator.computeDistinctMask;org/weakref/nitro/operator/Output.borrow;org/weakref/nitro/operator/NitroParquetScanOperator$ScanOutputResolver$$Lambda.0x00000000610aab88.apply;org/weakref/nitro/operator/NitroParquetScanOperator$ScanOutputResolver.resolve;org/weakref/nitro/operator/NitroParquetScanOperator.resolveLazyColumn;org/weakref/nitro/operator/NitroParquetScanOperator.decodeFullColumn;org/weakref/nitro/parquet/ColumnReader.readBinary;org/weakref/nitro/parquet/ColumnReader.readBinaryDirect;org/weakref/nitro/parquet/ColumnReader.decodeNextDataPage;org/weakref/nitro/parquet/ColumnReader.decodeDataPageV1;org/weakref/nitro/parquet/RleReader.read;java/util/Arrays.fill;jint_fill_stub 2
java/lang/Thread.run;java/lang/Thread.runWith;java/util/concurrent/ThreadPoolExecutor$Worker.run;java/util/concurrent/ThreadPoolExecutor.runWorker;java/util/concurrent/FutureTask.run;java/util/concurrent/Executors$RunnableAdapter.call;java/util/concurrent/FutureTask.run;org/openjdk/jmh/runner/BenchmarkHandler$BenchmarkTask.call;org/openjdk/jmh/runner/BenchmarkHandler$BenchmarkTask.call;java/lang/reflect/Method.invoke;jdk/internal/reflect/DirectMethodHandleAccessor.invoke;jdk/internal/reflect/DirectMethodHandleAccessor.invokeImpl;java/lang/invoke/LambdaForm$MH.0x0000000061061400.invokeExact_MT;java/lang/invoke/LambdaForm$MH.0x0000000061061000.invoke;java/lang/invoke/DirectMethodHandle$Holder.invokeSpecial;org/weakref/nitro/clickbench/jmh_generated/BenchmarkQueries_query06_jmhTest.query06_AverageTime;org/weakref/nitro/clickbench/jmh_generated/BenchmarkQueries_query06_jmhTest.query06_avgt_jmhStub;org/weakref/nitro/clickbench/BenchmarkQueries.query06;org/weakref/nitro/clickbench/BenchmarkQueries.consume;org/weakref/nitro/operator/Output.borrow;org/weakref/nitro/operator/AggregationOperator$$Lambda.0x00000000610be3b8.apply;org/weakref/nitro/operator/AggregationOperator.lambda$resultOutput$0;org/weakref/nitro/operator/AggregationOperator.doAggregationIfNeeded;org/weakref/nitro/operator/MarkDistinctOperator.next;org/weakref/nitro/operator/MarkDistinctOperator.computeDistinctMask;org/weakref/nitro/operator/Output.borrow;org/weakref/nitro/operator/NitroParquetScanOperator$ScanOutputResolver$$Lambda.0x00000000610aab88.apply;org/weakref/nitro/operator/NitroParquetScanOperator$ScanOutputResolver.resolve;org/weakref/nitro/operator/NitroParquetScanOperator.resolveLazyColumn;org/weakref/nitro/operator/NitroParquetScanOperator.decodeFullColumn;org/weakref/nitro/parquet/ColumnReader.readBinary;org/weakref/nitro/parquet/ColumnReader.readBinaryDirect;org/weakref/nitro/parquet/ColumnReader.decodeNextDataPage;org/weakref/nitro/parquet/ColumnReader.decodeDataPageV1;org/weakref/nitro/parquet/ColumnReader.decodePlainBinary;org/weakref/nitro/parquet/ColumnReader.decodePlainBinaryPresized;unsafe_arraycopy_stub 3
java/lang/Thread.run;java/lang/Thread.runWith;java/util/concurrent/ThreadPoolExecutor$Worker.run;java/util/concurrent/ThreadPoolExecutor.runWorker;java/util/concurrent/FutureTask.run;java/util/concurrent/Executors$RunnableAdapter.call;java/util/concurrent/FutureTask.run;org/openjdk/jmh/runner/BenchmarkHandler$BenchmarkTask.call;org/openjdk/jmh/runner/BenchmarkHandler$BenchmarkTask.call;java/lang/reflect/Method.invoke;jdk/internal/reflect/DirectMethodHandleAccessor.invoke;jdk/internal/reflect/DirectMethodHandleAccessor.invokeImpl;java/lang/invoke/LambdaForm$MH.0x0000000061061400.invokeExact_MT;java/lang/invoke/LambdaForm$MH.0x0000000061061000.invoke;java/lang/invoke/DirectMethodHandle$Holder.invokeSpecial;org/weakref/nitro/clickbench/jmh_generated/BenchmarkQueries_query06_jmhTest.query06_AverageTime;org/weakref/nitro/clickbench/jmh_generated/BenchmarkQueries_query06_jmhTest.query06_avgt_jmhStub;org/weakref/nitro/clickbench/BenchmarkQueries.query06;org/weakref/nitro/clickbench/BenchmarkQueries.consume;org/weakref/nitro/operator/Output.borrow;org/weakref/nitro/operator/AggregationOperator$$Lambda.0x00000000610be3b8.apply;org/weakref/nitro/operator/AggregationOperator.lambda$resultOutput$0;org/weakref/nitro/operator/AggregationOperator.doAggregationIfNeeded;org/weakref/nitro/operator/MarkDistinctOperator.next;org/weakref/nitro/operator/MarkDistinctOperator.computeDistinctMask;org/weakref/nitro/operator/DistinctKeySet.addBatch;org/weakref/nitro/operator/DistinctKeySet$FlatDistinctIndex.addBatch;org/weakref/nitro/operator/FlatGroupingTable.assignGroup;org/weakref/nitro/operator/FlatGroupingTable.assignGroupHashed;org/weakref/nitro/operator/FlatGroupingTable.assignGroupHashedInternal;org/weakref/nitro/operator/FlatGroupingTable.rehash;java/lang/invoke/VarHandleGuards.guard_LI_J;java/lang/invoke/VarHandleByteArrayAsLongs$ArrayHandle.get;jdk/internal/misc/Unsafe.getLongUnaligned 2
java/lang/Thread.run;java/lang/Thread.runWith;java/util/concurrent/ThreadPoolExecutor$Worker.run;java/util/concurrent/ThreadPoolExecutor.runWorker;java/util/concurrent/FutureTask.run;java/util/concurrent/Executors$RunnableAdapter.call;java/util/concurrent/FutureTask.run;org/openjdk/jmh/runner/BenchmarkHandler$BenchmarkTask.call;org/openjdk/jmh/runner/BenchmarkHandler$BenchmarkTask.call;java/lang/reflect/Method.invoke;jdk/internal/reflect/DirectMethodHandleAccessor.invoke;jdk/internal/reflect/DirectMethodHandleAccessor.invokeImpl;java/lang/invoke/LambdaForm$MH.0x0000000061061400.invokeExact_MT;java/lang/invoke/LambdaForm$MH.0x0000000061061000.invoke;java/lang/invoke/DirectMethodHandle$Holder.invokeSpecial;org/weakref/nitro/clickbench/jmh_generated/BenchmarkQueries_query06_jmhTest.query06_AverageTime;org/weakref/nitro/clickbench/jmh_generated/BenchmarkQueries_query06_jmhTest.query06_avgt_jmhStub;org/weakref/nitro/clickbench/BenchmarkQueries.query06;org/weakref/nitro/clickbench/BenchmarkQueries.consume;org/weakref/nitro/operator/Output.borrow;org/weakref/nitro/operator/AggregationOperator$$Lambda.0x00000000610be3b8.apply;org/weakref/nitro/operator/AggregationOperator.lambda$resultOutput$0;org/weakref/nitro/operator/AggregationOperator.doAggregationIfNeeded;org/weakref/nitro/operator/MarkDistinctOperator.next;org/weakref/nitro/operator/MarkDistinctOperator.computeDistinctMask;org/weakref/nitro/operator/DistinctKeySet.addBatch;org/weakref/nitro/operator/DistinctKeySet$FlatDistinctIndex.addBatch;org/weakref/nitro/operator/DistinctKeySet$FlatDistinctIndex.isTrackedSentinel;org/weakref/nitro/operator/FlatKeyLayout.isTrackedSentinel 2
java/lang/Thread.run;java/lang/Thread.runWith;java/util/concurrent/ThreadPoolExecutor$Worker.run;java/util/concurrent/ThreadPoolExecutor.runWorker;java/util/concurrent/FutureTask.run;java/util/concurrent/Executors$RunnableAdapter.call;java/util/concurrent/FutureTask.run;org/openjdk/jmh/runner/BenchmarkHandler$BenchmarkTask.call;org/openjdk/jmh/runner/BenchmarkHandler$BenchmarkTask.call;java/lang/reflect/Method.invoke;jdk/internal/reflect/DirectMethodHandleAccessor.invoke;jdk/internal/reflect/DirectMethodHandleAccessor.invokeImpl;java/lang/invoke/LambdaForm$MH.0x0000000061061400.invokeExact_MT;java/lang/invoke/LambdaForm$MH.0x0000000061061000.invoke;java/lang/invoke/DirectMethodHandle$Holder.invokeSpecial;org/weakref/nitro/clickbench/jmh_generated/BenchmarkQueries_query06_jmhTest.query06_AverageTime;org/weakref/nitro/clickbench/jmh_generated/BenchmarkQueries_query06_jmhTest.query06_avgt_jmhStub;org/weakref/nitro/clickbench/BenchmarkQueries.query06;org/weakref/nitro/clickbench/BenchmarkQueries.consume;org/weakref/nitro/operator/Output.borrow;org/weakref/nitro/operator/AggregationOperator$$Lambda.0x00000000610be3b8.apply;org/weakref/nitro/operator/AggregationOperator.lambda$resultOutput$0;org/weakref/nitro/operator/AggregationOperator.doAggregationIfNeeded;org/weakref/nitro/operator/MarkDistinctOperator.next;org/weakref/nitro/operator/MarkDistinctOperator.computeDistinctMask;org/weakref/nitro/operator/DistinctKeySet.addBatch;org/weakref/nitro/operator/DistinctKeySet$FlatDistinctIndex.addBatch;org/weakref/nitro/operator/DistinctKeySet$FlatDistinctIndex.addFlatBinaryBatch;org/weakref/nitro/operator/FlatGroupingTable.prepareBatchHashes;org/weakref/nitro/operator/FlatGroupingTable.prepareBatchHash;org/weakref/nitro/operator/FlatKeyLayout.hash;org/weakref/nitro/operator/OperatorVectorSupport.binaryHash 3
java/lang/Thread.run;java/lang/Thread.runWith;java/util/concurrent/ThreadPoolExecutor$Worker.run;java/util/concurrent/ThreadPoolExecutor.runWorker;java/util/concurrent/FutureTask.run;java/util/concurrent/Executors$RunnableAdapter.call;java/util/concurrent/FutureTask.run;org/openjdk/jmh/runner/BenchmarkHandler$BenchmarkTask.call;org/openjdk/jmh/runner/BenchmarkHandler$BenchmarkTask.call;java/lang/reflect/Method.invoke;jdk/internal/reflect/DirectMethodHandleAccessor.invoke;jdk/internal/reflect/DirectMethodHandleAccessor.invokeImpl;java/lang/invoke/LambdaForm$MH.0x0000000061061400.invokeExact_MT;java/lang/invoke/LambdaForm$MH.0x0000000061061000.invoke;java/lang/invoke/DirectMethodHandle$Holder.invokeSpecial;org/weakref/nitro/clickbench/jmh_generated/BenchmarkQueries_query06_jmhTest.query06_AverageTime;org/weakref/nitro/clickbench/jmh_generated/BenchmarkQueries_query06_jmhTest.query06_avgt_jmhStub;org/weakref/nitro/clickbench/BenchmarkQueries.query06;org/weakref/nitro/clickbench/BenchmarkQueries.consume;org/weakref/nitro/operator/Output.borrow;org/weakref/nitro/operator/AggregationOperator$$Lambda.0x00000000610be3b8.apply;org/weakref/nitro/operator/AggregationOperator.lambda$resultOutput$0;org/weakref/nitro/operator/AggregationOperator.doAggregationIfNeeded;org/weakref/nitro/operator/MarkDistinctOperator.next;org/weakref/nitro/operator/MarkDistinctOperator.computeDistinctMask;org/weakref/nitro/operator/DistinctKeySet.addBatch;org/weakref/nitro/operator/DistinctKeySet$FlatDistinctIndex.addBatch;org/weakref/nitro/operator/FlatGroupingTable.prepareBatchHashes;org/weakref/nitro/operator/FlatGroupingTable.prepareBatchHash;org/weakref/nitro/operator/FlatKeyLayout.hash;org/weakref/nitro/operator/FlatKeyLayout.fieldHash 3
java/lang/Thread.run;java/lang/Thread.runWith;java/util/concurrent/ThreadPoolExecutor$Worker.run;java/util/concurrent/ThreadPoolExecutor.runWorker;java/util/concurrent/FutureTask.run;java/util/concurrent/Executors$RunnableAdapter.call;java/util/concurrent/FutureTask.run;org/openjdk/jmh/runner/BenchmarkHandler$BenchmarkTask.call;org/openjdk/jmh/runner/BenchmarkHandler$BenchmarkTask.call;java/lang/reflect/Method.invoke;jdk/internal/reflect/DirectMethodHandleAccessor.invoke;jdk/internal/reflect/DirectMethodHandleAccessor.invokeImpl;java/lang/invoke/LambdaForm$MH.0x0000000061061400.invokeExact_MT;java/lang/invoke/LambdaForm$MH.0x0000000061061000.invoke;java/lang/invoke/DirectMethodHandle$Holder.invokeSpecial;org/weakref/nitro/clickbench/jmh_generated/BenchmarkQueries_query06_jmhTest.query06_AverageTime;org/weakref/nitro/clickbench/jmh_generated/BenchmarkQueries_query06_jmhTest.query06_avgt_jmhStub;org/weakref/nitro/clickbench/BenchmarkQueries.query06;org/weakref/nitro/clickbench/BenchmarkQueries.consume;org/weakref/nitro/operator/Output.borrow;org/weakref/nitro/operator/AggregationOperator$$Lambda.0x00000000610be3b8.apply;org/weakref/nitro/operator/AggregationOperator.lambda$resultOutput$0;org/weakref/nitro/operator/AggregationOperator.doAggregationIfNeeded;org/weakref/nitro/operator/MarkDistinctOperator.next;org/weakref/nitro/operator/MarkDistinctOperator.computeDistinctMask;org/weakref/nitro/operator/DistinctKeySet.addBatch;org/weakref/nitro/operator/DistinctKeySet$FlatDistinctIndex.addBatch;org/weakref/nitro/operator/FlatGroupingTable.assignGroup;org/weakref/nitro/operator/FlatGroupingTable.assignGroupHashed;org/weakref/nitro/operator/FlatGroupingTable.assignGroupHashedInternal 1
java/lang/Thread.run;java/lang/Thread.runWith;java/util/concurrent/ThreadPoolExecutor$Worker.run;java/util/concurrent/ThreadPoolExecutor.runWorker;java/util/concurrent/FutureTask.run;java/util/concurrent/Executors$RunnableAdapter.call;java/util/concurrent/FutureTask.run;org/openjdk/jmh/runner/BenchmarkHandler$BenchmarkTask.call;org/openjdk/jmh/runner/BenchmarkHandler$BenchmarkTask.call;java/lang/reflect/Method.invoke;jdk/internal/reflect/DirectMethodHandleAccessor.invoke;jdk/internal/reflect/DirectMethodHandleAccessor.invokeImpl;java/lang/invoke/LambdaForm$MH.0x0000000061061400.invokeExact_MT;java/lang/invoke/LambdaForm$MH.0x0000000061061000.invoke;java/lang/invoke/DirectMethodHandle$Holder.invokeSpecial;org/weakref/nitro/clickbench/jmh_generated/BenchmarkQueries_query06_jmhTest.query06_AverageTime;org/weakref/nitro/clickbench/jmh_generated/BenchmarkQueries_query06_jmhTest.query06_avgt_jmhStub;org/weakref/nitro/clickbench/BenchmarkQueries.query06;org/weakref/nitro/clickbench/BenchmarkQueries.consume;org/weakref/nitro/operator/Output.borrow;org/weakref/nitro/operator/AggregationOperator$$Lambda.0x00000000610be3b8.apply;org/weakref/nitro/operator/AggregationOperator.lambda$resultOutput$0;org/weakref/nitro/operator/AggregationOperator.doAggregationIfNeeded;org/weakref/nitro/operator/MarkDistinctOperator.next;org/weakref/nitro/operator/MarkDistinctOperator.computeDistinctMask;org/weakref/nitro/operator/DistinctKeySet.addBatch;org/weakref/nitro/operator/DistinctKeySet$FlatDistinctIndex.addBatch;org/weakref/nitro/operator/FlatGroupingTable.assignGroup;org/weakref/nitro/operator/FlatGroupingTable.assignGroupHashed;org/weakref/nitro/operator/FlatGroupingTable.assignGroupHashedInternal;org/weakref/nitro/operator/FlatGroupingTable.getIndex;org/weakref/nitro/operator/FlatGroupingTable.identical;org/weakref/nitro/operator/FlatKeyLayout.identicalRecordToInput;org/weakref/nitro/operator/FlatTypeHandlers$4.identicalFlatToInput;org/weakref/nitro/operator/OperatorVectorSupport.binaryEquals;java/lang/invoke/VarHandleGuards.guard_LI_J;java/lang/invoke/VarHandleByteArrayAsLongs$ArrayHandle.get;jdk/internal/misc/Unsafe.getLongUnaligned 1
java/lang/Thread.run;java/lang/Thread.runWith;java/util/concurrent/ThreadPoolExecutor$Worker.run;java/util/concurrent/ThreadPoolExecutor.runWorker;java/util/concurrent/FutureTask.run;java/util/concurrent/Executors$RunnableAdapter.call;java/util/concurrent/FutureTask.run;org/openjdk/jmh/runner/BenchmarkHandler$BenchmarkTask.call;org/openjdk/jmh/runner/BenchmarkHandler$BenchmarkTask.call;java/lang/reflect/Method.invoke;jdk/internal/reflect/DirectMethodHandleAccessor.invoke;jdk/internal/reflect/DirectMethodHandleAccessor.invokeImpl;java/lang/invoke/LambdaForm$MH.0x0000000061061400.invokeExact_MT;java/lang/invoke/LambdaForm$MH.0x0000000061061000.invoke;java/lang/invoke/DirectMethodHandle$Holder.invokeSpecial;org/weakref/nitro/clickbench/jmh_generated/BenchmarkQueries_query06_jmhTest.query06_AverageTime;org/weakref/nitro/clickbench/jmh_generated/BenchmarkQueries_query06_jmhTest.query06_avgt_jmhStub;org/weakref/nitro/clickbench/BenchmarkQueries.query06;org/weakref/nitro/clickbench/BenchmarkQueries.consume;org/weakref/nitro/operator/Output.borrow;org/weakref/nitro/operator/AggregationOperator$$Lambda.0x00000000610be3b8.apply;org/weakref/nitro/operator/AggregationOperator.lambda$resultOutput$0;org/weakref/nitro/operator/AggregationOperator.doAggregationIfNeeded;org/weakref/nitro/operator/MarkDistinctOperator.next;org/weakref/nitro/operator/MarkDistinctOperator.computeDistinctMask;org/weakref/nitro/operator/DistinctKeySet.addBatch;org/weakref/nitro/operator/DistinctKeySet$FlatDistinctIndex.addBatch;org/weakref/nitro/operator/FlatGroupingTable.assignGroup;org/weakref/nitro/operator/FlatGroupingTable.assignGroupHashed;org/weakref/nitro/operator/FlatGroupingTable.assignGroupHashedInternal;org/weakref/nitro/operator/FlatGroupingTable.getIndex;org/weakref/nitro/operator/FlatGroupingTable.identical;org/weakref/nitro/operator/FlatKeyLayout.identicalRecordToInput;org/weakref/nitro/operator/FlatTypeHandlers$4.identicalFlatToInput;org/weakref/nitro/operator/OperatorVectorSupport.binaryEquals;java/util/Arrays.mismatch;jdk/internal/util/ArraysSupport.mismatch 1
java/lang/Thread.run;java/lang/Thread.runWith;java/util/concurrent/ThreadPoolExecutor$Worker.run;java/util/concurrent/ThreadPoolExecutor.runWorker;java/util/concurrent/FutureTask.run;java/util/concurrent/Executors$RunnableAdapter.call;java/util/concurrent/FutureTask.run;org/openjdk/jmh/runner/BenchmarkHandler$BenchmarkTask.call;org/openjdk/jmh/runner/BenchmarkHandler$BenchmarkTask.call;java/lang/reflect/Method.invoke;jdk/internal/reflect/DirectMethodHandleAccessor.invoke;jdk/internal/reflect/DirectMethodHandleAccessor.invokeImpl;java/lang/invoke/LambdaForm$MH.0x0000000061061400.invokeExact_MT;java/lang/invoke/LambdaForm$MH.0x0000000061061000.invoke;java/lang/invoke/DirectMethodHandle$Holder.invokeSpecial;org/weakref/nitro/clickbench/jmh_generated/BenchmarkQueries_query06_jmhTest.query06_AverageTime;org/weakref/nitro/clickbench/jmh_generated/BenchmarkQueries_query06_jmhTest.query06_avgt_jmhStub;org/weakref/nitro/clickbench/BenchmarkQueries.query06;org/weakref/nitro/clickbench/BenchmarkQueries.consume;org/weakref/nitro/operator/Output.borrow;org/weakref/nitro/operator/AggregationOperator$$Lambda.0x00000000610be3b8.apply;org/weakref/nitro/operator/AggregationOperator.lambda$resultOutput$0;org/weakref/nitro/operator/AggregationOperator.doAggregationIfNeeded;org/weakref/nitro/operator/MarkDistinctOperator.next;org/weakref/nitro/operator/MarkDistinctOperator.computeDistinctMask;org/weakref/nitro/operator/DistinctKeySet.addBatch;org/weakref/nitro/operator/DistinctKeySet$FlatDistinctIndex.addBatch;org/weakref/nitro/operator/FlatGroupingTable.assignGroup;org/weakref/nitro/operator/FlatGroupingTable.assignGroupHashed;org/weakref/nitro/operator/FlatGroupingTable.assignGroupHashedInternal;org/weakref/nitro/operator/FlatGroupingTable.getIndex;org/weakref/nitro/operator/FlatGroupingTable.identical;org/weakref/nitro/operator/FlatKeyLayout.identicalRecordToInput 1
java/lang/Thread.run;java/lang/Thread.runWith;java/util/concurrent/ThreadPoolExecutor$Worker.run;java/util/concurrent/ThreadPoolExecutor.runWorker;java/util/concurrent/FutureTask.run;java/util/concurrent/Executors$RunnableAdapter.call;java/util/concurrent/FutureTask.run;org/openjdk/jmh/runner/BenchmarkHandler$BenchmarkTask.call;org/openjdk/jmh/runner/BenchmarkHandler$BenchmarkTask.call;java/lang/reflect/Method.invoke;jdk/internal/reflect/DirectMethodHandleAccessor.invoke;jdk/internal/reflect/DirectMethodHandleAccessor.invokeImpl;java/lang/invoke/LambdaForm$MH.0x0000000061061400.invokeExact_MT;java/lang/invoke/LambdaForm$MH.0x0000000061061000.invoke;java/lang/invoke/DirectMethodHandle$Holder.invokeSpecial;org/weakref/nitro/clickbench/jmh_generated/BenchmarkQueries_query06_jmhTest.query06_AverageTime;org/weakref/nitro/clickbench/jmh_generated/BenchmarkQueries_query06_jmhTest.query06_avgt_jmhStub;org/weakref/nitro/clickbench/BenchmarkQueries.query06;org/weakref/nitro/clickbench/BenchmarkQueries.consume;org/weakref/nitro/operator/Output.borrow;org/weakref/nitro/operator/AggregationOperator$$Lambda.0x00000000610be3b8.apply;org/weakref/nitro/operator/AggregationOperator.lambda$resultOutput$0;org/weakref/nitro/operator/AggregationOperator.doAggregationIfNeeded;org/weakref/nitro/operator/MarkDistinctOperator.next;org/weakref/nitro/operator/MarkDistinctOperator.computeDistinctMask;org/weakref/nitro/operator/Output.borrow;org/weakref/nitro/operator/NitroParquetScanOperator$ScanOutputResolver$$Lambda.0x00000000610aab88.apply;org/weakref/nitro/operator/NitroParquetScanOperator$ScanOutputResolver.resolve;org/weakref/nitro/operator/NitroParquetScanOperator.resolveLazyColumn;org/weakref/nitro/operator/NitroParquetScanOperator.decodeFullColumn;org/weakref/nitro/parquet/ColumnReader.readBinary;org/weakref/nitro/parquet/ColumnReader.readBinaryDirect;org/weakref/nitro/parquet/ColumnReader.decodeNextDataPage;org/weakref/nitro/parquet/ColumnReader.decodeDataPageV1;org/weakref/nitro/parquet/RleReader.read;org/weakref/nitro/parquet/RleReader.loadNextRun;org/weakref/nitro/parquet/RleReader.readLittleEndian 1
java/lang/Thread.run;java/lang/Thread.runWith;java/util/concurrent/ThreadPoolExecutor$Worker.run;java/util/concurrent/ThreadPoolExecutor.runWorker;java/util/concurrent/FutureTask.run;java/util/concurrent/Executors$RunnableAdapter.call;java/util/concurrent/FutureTask.run;org/openjdk/jmh/runner/BenchmarkHandler$BenchmarkTask.call;org/openjdk/jmh/runner/BenchmarkHandler$BenchmarkTask.call;java/lang/reflect/Method.invoke;jdk/internal/reflect/DirectMethodHandleAccessor.invoke;jdk/internal/reflect/DirectMethodHandleAccessor.invokeImpl;java/lang/invoke/LambdaForm$MH.0x0000000061061400.invokeExact_MT;java/lang/invoke/LambdaForm$MH.0x0000000061061000.invoke;java/lang/invoke/DirectMethodHandle$Holder.invokeSpecial;org/weakref/nitro/clickbench/jmh_generated/BenchmarkQueries_query06_jmhTest.query06_AverageTime;org/weakref/nitro/clickbench/jmh_generated/BenchmarkQueries_query06_jmhTest.query06_avgt_jmhStub;org/weakref/nitro/clickbench/BenchmarkQueries.query06;org/weakref/nitro/clickbench/BenchmarkQueries.consume;org/weakref/nitro/operator/Output.borrow;org/weakref/nitro/operator/AggregationOperator$$Lambda.0x00000000610be3b8.apply;org/weakref/nitro/operator/AggregationOperator.lambda$resultOutput$0;org/weakref/nitro/operator/AggregationOperator.doAggregationIfNeeded;org/weakref/nitro/operator/MarkDistinctOperator.next;org/weakref/nitro/operator/MarkDistinctOperator.computeDistinctMask;org/weakref/nitro/operator/DistinctKeySet.addBatch;org/weakref/nitro/operator/DistinctKeySet$FlatDistinctIndex.addBatch 1
java/lang/Thread.run;java/lang/Thread.runWith;java/util/concurrent/ThreadPoolExecutor$Worker.run;java/util/concurrent/ThreadPoolExecutor.runWorker;java/util/concurrent/FutureTask.run;java/util/concurrent/Executors$RunnableAdapter.call;java/util/concurrent/FutureTask.run;org/openjdk/jmh/runner/BenchmarkHandler$BenchmarkTask.call;org/openjdk/jmh/runner/BenchmarkHandler$BenchmarkTask.call;java/lang/reflect/Method.invoke;jdk/internal/reflect/DirectMethodHandleAccessor.invoke;jdk/internal/reflect/DirectMethodHandleAccessor.invokeImpl;java/lang/invoke/LambdaForm$MH.0x0000000061061400.invokeExact_MT;java/lang/invoke/LambdaForm$MH.0x0000000061061000.invoke;java/lang/invoke/DirectMethodHandle$Holder.invokeSpecial;org/weakref/nitro/clickbench/jmh_generated/BenchmarkQueries_query06_jmhTest.query06_AverageTime;org/weakref/nitro/clickbench/jmh_generated/BenchmarkQueries_query06_jmhTest.query06_avgt_jmhStub;org/weakref/nitro/clickbench/BenchmarkQueries.query06;org/weakref/nitro/clickbench/ClickBenchHitsSupport.query06;org/weakref/nitro/clickbench/ClickBenchHitsSupport.clickBenchScan;org/weakref/nitro/operator/NitroParquetScanOperator.<init>;java/util/stream/ReferencePipeline.toArray;java/util/stream/AbstractPipeline.evaluateToArrayNode;java/util/stream/AbstractPipeline.evaluate;java/util/stream/AbstractPipeline.wrapAndCopyInto;java/util/stream/AbstractPipeline.copyInto;java/util/AbstractList$RandomAccessSpliterator.forEachRemaining;java/util/stream/ReferencePipeline$3$1.accept;org/weakref/nitro/operator/NitroParquetScanOperator$$Lambda.0x00000000610837a8.apply;org/weakref/nitro/parquet/ParquetFile.open;org/weakref/nitro/parquet/ParquetFile.<init>;org/apache/parquet/format/Util.readFileMetaData;org/apache/parquet/format/Util.readFileMetaData;org/apache/parquet/format/Util.read;org/apache/parquet/format/FileMetaData.read;org/apache/parquet/format/FileMetaData$FileMetaDataStandardScheme.read;org/apache/parquet/format/FileMetaData$FileMetaDataStandardScheme.read;org/apache/parquet/format/RowGroup.read;org/apache/parquet/format/RowGroup$RowGroupStandardScheme.read;org/apache/parquet/format/RowGroup$RowGroupStandardScheme.read;org/apache/parquet/format/ColumnChunk.read;org/apache/parquet/format/ColumnChunk$ColumnChunkStandardScheme.read;org/apache/parquet/format/ColumnChunk$ColumnChunkStandardScheme.read;org/apache/parquet/format/ColumnMetaData.read;org/apache/parquet/format/ColumnMetaData$ColumnMetaDataStandardScheme.read;org/apache/parquet/format/ColumnMetaData$ColumnMetaDataStandardScheme.read;org/apache/parquet/format/Statistics.read;org/apache/parquet/format/Statistics$StatisticsStandardScheme.read;org/apache/parquet/format/Statistics$StatisticsStandardScheme.read;org/apache/parquet/format/InterningProtocol.readFieldBegin;shaded/parquet/org/apache/thrift/protocol/TCompactProtocol.readFieldBegin;shaded/parquet/org/apache/thrift/protocol/TCompactProtocol.readByte 1
java/lang/Thread.run;java/lang/Thread.runWith;java/util/concurrent/ThreadPoolExecutor$Worker.run;java/util/concurrent/ThreadPoolExecutor.runWorker;java/util/concurrent/FutureTask.run;java/util/concurrent/Executors$RunnableAdapter.call;java/util/concurrent/FutureTask.run;org/openjdk/jmh/runner/BenchmarkHandler$BenchmarkTask.call;org/openjdk/jmh/runner/BenchmarkHandler$BenchmarkTask.call;java/lang/reflect/Method.invoke;jdk/internal/reflect/DirectMethodHandleAccessor.invoke;jdk/internal/reflect/DirectMethodHandleAccessor.invokeImpl;java/lang/invoke/LambdaForm$MH.0x0000000061061400.invokeExact_MT;java/lang/invoke/LambdaForm$MH.0x0000000061061000.invoke;java/lang/invoke/DirectMethodHandle$Holder.invokeSpecial;org/weakref/nitro/clickbench/jmh_generated/BenchmarkQueries_query06_jmhTest.query06_AverageTime;org/weakref/nitro/clickbench/jmh_generated/BenchmarkQueries_query06_jmhTest.query06_avgt_jmhStub;org/weakref/nitro/clickbench/BenchmarkQueries.query06;org/weakref/nitro/clickbench/BenchmarkQueries.consume;org/weakref/nitro/operator/Output.borrow;org/weakref/nitro/operator/AggregationOperator$$Lambda.0x00000000610be3b8.apply;org/weakref/nitro/operator/AggregationOperator.lambda$resultOutput$0;org/weakref/nitro/operator/AggregationOperator.doAggregationIfNeeded;org/weakref/nitro/operator/MarkDistinctOperator.next;org/weakref/nitro/operator/MarkDistinctOperator.computeDistinctMask;org/weakref/nitro/operator/DistinctKeySet.addBatch;org/weakref/nitro/operator/DistinctKeySet$FlatDistinctIndex.addBatch;org/weakref/nitro/operator/FlatGroupingTable.assignGroup;org/weakref/nitro/operator/FlatGroupingTable.assignGroupHashed;org/weakref/nitro/operator/FlatGroupingTable.assignGroupHashedInternal 4
java/lang/Thread.run;java/lang/Thread.runWith;java/util/concurrent/ThreadPoolExecutor$Worker.run;java/util/concurrent/ThreadPoolExecutor.runWorker;java/util/concurrent/FutureTask.run;java/util/concurrent/Executors$RunnableAdapter.call;java/util/concurrent/FutureTask.run;org/openjdk/jmh/runner/BenchmarkHandler$BenchmarkTask.call;org/openjdk/jmh/runner/BenchmarkHandler$BenchmarkTask.call;java/lang/reflect/Method.invoke;jdk/internal/reflect/DirectMethodHandleAccessor.invoke;jdk/internal/reflect/DirectMethodHandleAccessor.invokeImpl;java/lang/invoke/LambdaForm$MH.0x0000000061061400.invokeExact_MT;java/lang/invoke/LambdaForm$MH.0x0000000061061000.invoke;java/lang/invoke/DirectMethodHandle$Holder.invokeSpecial;org/weakref/nitro/clickbench/jmh_generated/BenchmarkQueries_query06_jmhTest.query06_AverageTime;org/weakref/nitro/clickbench/jmh_generated/BenchmarkQueries_query06_jmhTest.query06_avgt_jmhStub;org/weakref/nitro/clickbench/BenchmarkQueries.query06;org/weakref/nitro/clickbench/BenchmarkQueries.consume;org/weakref/nitro/operator/Output.borrow;org/weakref/nitro/operator/AggregationOperator$$Lambda.0x00000000610be3b8.apply;org/weakref/nitro/operator/AggregationOperator.lambda$resultOutput$0;org/weakref/nitro/operator/AggregationOperator.doAggregationIfNeeded;org/weakref/nitro/operator/MarkDistinctOperator.next;org/weakref/nitro/operator/MarkDistinctOperator.computeDistinctMask;org/weakref/nitro/operator/Output.borrow;org/weakref/nitro/operator/NitroParquetScanOperator$ScanOutputResolver$$Lambda.0x00000000610aab88.apply;org/weakref/nitro/operator/NitroParquetScanOperator$ScanOutputResolver.resolve;org/weakref/nitro/operator/NitroParquetScanOperator.resolveLazyColumn;org/weakref/nitro/operator/NitroParquetScanOperator.decodeFullColumn;org/weakref/nitro/parquet/ColumnReader.readBinary;org/weakref/nitro/parquet/ColumnReader.readBinaryDirect;jbyte_disjoint_arraycopy_stub 2
java/lang/Thread.run;java/lang/Thread.runWith;java/util/concurrent/ThreadPoolExecutor$Worker.run;java/util/concurrent/ThreadPoolExecutor.runWorker;java/util/concurrent/FutureTask.run;java/util/concurrent/Executors$RunnableAdapter.call;java/util/concurrent/FutureTask.run;org/openjdk/jmh/runner/BenchmarkHandler$BenchmarkTask.call;org/openjdk/jmh/runner/BenchmarkHandler$BenchmarkTask.call;java/lang/reflect/Method.invoke;jdk/internal/reflect/DirectMethodHandleAccessor.invoke;jdk/internal/reflect/DirectMethodHandleAccessor.invokeImpl;java/lang/invoke/LambdaForm$MH.0x0000000061061400.invokeExact_MT;java/lang/invoke/LambdaForm$MH.0x0000000061061000.invoke;java/lang/invoke/DirectMethodHandle$Holder.invokeSpecial;org/weakref/nitro/clickbench/jmh_generated/BenchmarkQueries_query06_jmhTest.query06_AverageTime;org/weakref/nitro/clickbench/jmh_generated/BenchmarkQueries_query06_jmhTest.query06_avgt_jmhStub;org/weakref/nitro/clickbench/BenchmarkQueries.query06;org/weakref/nitro/clickbench/BenchmarkQueries.consume;org/weakref/nitro/operator/Output.borrow;org/weakref/nitro/operator/AggregationOperator$$Lambda.0x00000000610be3b8.apply;org/weakref/nitro/operator/AggregationOperator.lambda$resultOutput$0;org/weakref/nitro/operator/AggregationOperator.doAggregationIfNeeded;org/weakref/nitro/operator/MarkDistinctOperator.next;org/weakref/nitro/operator/MarkDistinctOperator.computeDistinctMask;org/weakref/nitro/operator/DistinctKeySet.addBatch;org/weakref/nitro/operator/DistinctKeySet$FlatDistinctIndex.addBatch;org/weakref/nitro/operator/FlatGroupingTable.assignGroup;org/weakref/nitro/operator/FlatGroupingTable.assignGroupHashed;org/weakref/nitro/operator/FlatGroupingTable.assignGroupHashedInternal;org/weakref/nitro/operator/FlatGroupingTable.getIndex;org/weakref/nitro/operator/FlatGroupingTable.identical;org/weakref/nitro/operator/FlatKeyLayout.identicalRecordToInput 2
java/lang/Thread.run;java/lang/Thread.runWith;java/util/concurrent/ThreadPoolExecutor$Worker.run;java/util/concurrent/ThreadPoolExecutor.runWorker;java/util/concurrent/FutureTask.run;java/util/concurrent/Executors$RunnableAdapter.call;java/util/concurrent/FutureTask.run;org/openjdk/jmh/runner/BenchmarkHandler$BenchmarkTask.call;org/openjdk/jmh/runner/BenchmarkHandler$BenchmarkTask.call;java/lang/reflect/Method.invoke;jdk/internal/reflect/DirectMethodHandleAccessor.invoke;jdk/internal/reflect/DirectMethodHandleAccessor.invokeImpl;java/lang/invoke/LambdaForm$MH.0x0000000061061400.invokeExact_MT;java/lang/invoke/LambdaForm$MH.0x0000000061061000.invoke;java/lang/invoke/DirectMethodHandle$Holder.invokeSpecial;org/weakref/nitro/clickbench/jmh_generated/BenchmarkQueries_query06_jmhTest.query06_AverageTime;org/weakref/nitro/clickbench/jmh_generated/BenchmarkQueries_query06_jmhTest.query06_avgt_jmhStub;org/weakref/nitro/clickbench/BenchmarkQueries.query06;org/weakref/nitro/clickbench/BenchmarkQueries.consume;org/weakref/nitro/operator/Output.borrow;org/weakref/nitro/operator/AggregationOperator$$Lambda.0x00000000610be3b8.apply;org/weakref/nitro/operator/AggregationOperator.lambda$resultOutput$0;org/weakref/nitro/operator/AggregationOperator.doAggregationIfNeeded;org/weakref/nitro/operator/MarkDistinctOperator.next;org/weakref/nitro/operator/MarkDistinctOperator.computeDistinctMask;org/weakref/nitro/operator/DistinctKeySet.addBatch;org/weakref/nitro/operator/DistinctKeySet$FlatDistinctIndex.addBatch;org/weakref/nitro/operator/DistinctKeySet$FlatDistinctIndex.addFlatBinaryBatch;org/weakref/nitro/operator/FlatGroupingTable.assignGroup;org/weakref/nitro/operator/FlatGroupingTable.assignGroupHashed;org/weakref/nitro/operator/FlatGroupingTable.assignGroupHashedInternal;org/weakref/nitro/operator/FlatGroupingTable.addNewGroup;org/weakref/nitro/operator/FlatKeyLayout.writeRecord;org/weakref/nitro/operator/FlatKeyLayout.writeBinaryField;org/weakref/nitro/data/BinaryVector.startOffset 1
java/lang/Thread.run;java/lang/Thread.runWith;java/util/concurrent/ThreadPoolExecutor$Worker.run;java/util/concurrent/ThreadPoolExecutor.runWorker;java/util/concurrent/FutureTask.run;java/util/concurrent/Executors$RunnableAdapter.call;java/util/concurrent/FutureTask.run;org/openjdk/jmh/runner/BenchmarkHandler$BenchmarkTask.call;org/openjdk/jmh/runner/BenchmarkHandler$BenchmarkTask.call;java/lang/reflect/Method.invoke;jdk/internal/reflect/DirectMethodHandleAccessor.invoke;jdk/internal/reflect/DirectMethodHandleAccessor.invokeImpl;java/lang/invoke/LambdaForm$MH.0x0000000061061400.invokeExact_MT;java/lang/invoke/LambdaForm$MH.0x0000000061061000.invoke;java/lang/invoke/DirectMethodHandle$Holder.invokeSpecial;org/weakref/nitro/clickbench/jmh_generated/BenchmarkQueries_query06_jmhTest.query06_AverageTime;org/weakref/nitro/clickbench/jmh_generated/BenchmarkQueries_query06_jmhTest.query06_avgt_jmhStub;org/weakref/nitro/clickbench/BenchmarkQueries.query06;org/weakref/nitro/clickbench/BenchmarkQueries.consume;org/weakref/nitro/operator/Output.borrow;org/weakref/nitro/operator/AggregationOperator$$Lambda.0x00000000610be3b8.apply;org/weakref/nitro/operator/AggregationOperator.lambda$resultOutput$0;org/weakref/nitro/operator/AggregationOperator.doAggregationIfNeeded;org/weakref/nitro/operator/MarkDistinctOperator.next;org/weakref/nitro/operator/MarkDistinctOperator.computeDistinctMask;org/weakref/nitro/operator/DistinctKeySet.addBatch;org/weakref/nitro/operator/DistinctKeySet$FlatDistinctIndex.addBatch;org/weakref/nitro/operator/FlatGroupingTable.assignGroup;org/weakref/nitro/operator/FlatGroupingTable.assignGroupHashed;org/weakref/nitro/operator/FlatGroupingTable.assignGroupHashedInternal;org/weakref/nitro/operator/FlatGroupingTable.getIndex;org/weakref/nitro/operator/FlatGroupingTable.identical;org/weakref/nitro/operator/FlatKeyLayout.identicalRecordToInput;org/weakref/nitro/operator/FlatTypeHandlers$4.identicalFlatToInput 1
java/lang/Thread.run;java/lang/Thread.runWith;java/util/concurrent/ThreadPoolExecutor$Worker.run;java/util/concurrent/ThreadPoolExecutor.runWorker;java/util/concurrent/FutureTask.run;java/util/concurrent/Executors$RunnableAdapter.call;java/util/concurrent/FutureTask.run;org/openjdk/jmh/runner/BenchmarkHandler$BenchmarkTask.call;org/openjdk/jmh/runner/BenchmarkHandler$BenchmarkTask.call;java/lang/reflect/Method.invoke;jdk/internal/reflect/DirectMethodHandleAccessor.invoke;jdk/internal/reflect/DirectMethodHandleAccessor.invokeImpl;java/lang/invoke/LambdaForm$MH.0x0000000061061400.invokeExact_MT;java/lang/invoke/LambdaForm$MH.0x0000000061061000.invoke;java/lang/invoke/DirectMethodHandle$Holder.invokeSpecial;org/weakref/nitro/clickbench/jmh_generated/BenchmarkQueries_query06_jmhTest.query06_AverageTime;org/weakref/nitro/clickbench/jmh_generated/BenchmarkQueries_query06_jmhTest.query06_avgt_jmhStub;org/weakref/nitro/clickbench/BenchmarkQueries.query06;org/weakref/nitro/clickbench/BenchmarkQueries.consume;org/weakref/nitro/operator/Output.borrow;org/weakref/nitro/operator/AggregationOperator$$Lambda.0x00000000610be3b8.apply;org/weakref/nitro/operator/AggregationOperator.lambda$resultOutput$0;org/weakref/nitro/operator/AggregationOperator.doAggregationIfNeeded;org/weakref/nitro/operator/MarkDistinctOperator.next;org/weakref/nitro/operator/MarkDistinctOperator.computeDistinctMask;org/weakref/nitro/operator/DistinctKeySet.addBatch;org/weakref/nitro/operator/DistinctKeySet$FlatDistinctIndex.addBatch 3
java/lang/Thread.run;java/lang/Thread.runWith;java/util/concurrent/ThreadPoolExecutor$Worker.run;java/util/concurrent/ThreadPoolExecutor.runWorker;java/util/concurrent/FutureTask.run;java/util/concurrent/Executors$RunnableAdapter.call;java/util/concurrent/FutureTask.run;org/openjdk/jmh/runner/BenchmarkHandler$BenchmarkTask.call;org/openjdk/jmh/runner/BenchmarkHandler$BenchmarkTask.call;java/lang/reflect/Method.invoke;jdk/internal/reflect/DirectMethodHandleAccessor.invoke;jdk/internal/reflect/DirectMethodHandleAccessor.invokeImpl;java/lang/invoke/LambdaForm$MH.0x0000000061061400.invokeExact_MT;java/lang/invoke/LambdaForm$MH.0x0000000061061000.invoke;java/lang/invoke/DirectMethodHandle$Holder.invokeSpecial;org/weakref/nitro/clickbench/jmh_generated/BenchmarkQueries_query06_jmhTest.query06_AverageTime;org/weakref/nitro/clickbench/jmh_generated/BenchmarkQueries_query06_jmhTest.query06_avgt_jmhStub;org/weakref/nitro/clickbench/BenchmarkQueries.query06;org/weakref/nitro/clickbench/BenchmarkQueries.consume;org/weakref/nitro/operator/Output.borrow;org/weakref/nitro/operator/AggregationOperator$$Lambda.0x00000000610be3b8.apply;org/weakref/nitro/operator/AggregationOperator.lambda$resultOutput$0;org/weakref/nitro/operator/AggregationOperator.doAggregationIfNeeded;org/weakref/nitro/operator/MarkDistinctOperator.next;org/weakref/nitro/operator/MarkDistinctOperator.computeDistinctMask;org/weakref/nitro/operator/DistinctKeySet.addBatch;org/weakref/nitro/operator/DistinctKeySet$FlatDistinctIndex.addBatch;org/weakref/nitro/operator/FlatGroupingTable.prepareBatchHashes;org/weakref/nitro/operator/FlatGroupingTable.prepareBatchHash;org/weakref/nitro/operator/FlatKeyLayout.hash;org/weakref/nitro/operator/FlatKeyLayout.fieldHash 2
java/lang/Thread.run;java/lang/Thread.runWith;java/util/concurrent/ThreadPoolExecutor$Worker.run;java/util/concurrent/ThreadPoolExecutor.runWorker;java/util/concurrent/FutureTask.run;java/util/concurrent/Executors$RunnableAdapter.call;java/util/concurrent/FutureTask.run;org/openjdk/jmh/runner/BenchmarkHandler$BenchmarkTask.call;org/openjdk/jmh/runner/BenchmarkHandler$BenchmarkTask.call;java/lang/reflect/Method.invoke;jdk/internal/reflect/DirectMethodHandleAccessor.invoke;jdk/internal/reflect/DirectMethodHandleAccessor.invokeImpl;java/lang/invoke/LambdaForm$MH.0x0000000061061400.invokeExact_MT;java/lang/invoke/LambdaForm$MH.0x0000000061061000.invoke;java/lang/invoke/DirectMethodHandle$Holder.invokeSpecial;org/weakref/nitro/clickbench/jmh_generated/BenchmarkQueries_query06_jmhTest.query06_AverageTime;org/weakref/nitro/clickbench/jmh_generated/BenchmarkQueries_query06_jmhTest.query06_avgt_jmhStub;org/weakref/nitro/clickbench/BenchmarkQueries.query06;org/weakref/nitro/clickbench/BenchmarkQueries.consume;org/weakref/nitro/operator/Output.borrow;org/weakref/nitro/operator/AggregationOperator$$Lambda.0x00000000610be3b8.apply;org/weakref/nitro/operator/AggregationOperator.lambda$resultOutput$0;org/weakref/nitro/operator/AggregationOperator.doAggregationIfNeeded;org/weakref/nitro/operator/MarkDistinctOperator.next;org/weakref/nitro/operator/MarkDistinctOperator.computeDistinctMask;org/weakref/nitro/operator/Output.borrow;org/weakref/nitro/operator/NitroParquetScanOperator$ScanOutputResolver$$Lambda.0x00000000610aab88.apply;org/weakref/nitro/operator/NitroParquetScanOperator$ScanOutputResolver.resolve;org/weakref/nitro/operator/NitroParquetScanOperator.resolveLazyColumn;org/weakref/nitro/operator/NitroParquetScanOperator.decodeFullColumn;org/weakref/nitro/parquet/ColumnReader.readBinary;org/weakref/nitro/parquet/ColumnReader.readBinaryDirect;org/weakref/nitro/parquet/ColumnReader.decodeNextDataPage;org/weakref/nitro/parquet/ColumnReader.decompress;io/airlift/compress/v3/snappy/SnappyNativeDecompressor.decompress;io/airlift/compress/v3/snappy/SnappyNative.decompress;io/airlift/compress/v3/snappy/SnappyNative.decompressInternal;java/lang/invoke/LambdaForm$MH.0x0000000061108c00.invokeExact_MT;java/lang/invoke/LambdaForm$MH.0x0000000061119400.invoke;java/lang/invoke/LambdaForm$DMH.0x00000000610b1400.invokeStatic;jdk/internal/foreign/abi/DowncallStub.0x00000000610b1000.invoke;java/lang/invoke/LambdaForm$MH.0x0000000061109800.invokeExact_MT;java/lang/invoke/LambdaForm$MH.0x0000000061119800.invoke;nep_invoker_blob;snappy_uncompress;snappy::RawUncompress;snappy::RawUncompress;void snappy::SnappyDecompressor::DecompressAllTags<snappy::SnappyArrayWriter>;std::pair<unsigned char const*, long> snappy::DecompressBranchless<char*>;snappy::DeferMemCopy 2
java/lang/Thread.run;java/lang/Thread.runWith;java/util/concurrent/ThreadPoolExecutor$Worker.run;java/util/concurrent/ThreadPoolExecutor.runWorker;java/util/concurrent/FutureTask.run;java/util/concurrent/Executors$RunnableAdapter.call;java/util/concurrent/FutureTask.run;org/openjdk/jmh/runner/BenchmarkHandler$BenchmarkTask.call;org/openjdk/jmh/runner/BenchmarkHandler$BenchmarkTask.call;java/lang/reflect/Method.invoke;jdk/internal/reflect/DirectMethodHandleAccessor.invoke;jdk/internal/reflect/DirectMethodHandleAccessor.invokeImpl;java/lang/invoke/LambdaForm$MH.0x0000000061061400.invokeExact_MT;java/lang/invoke/LambdaForm$MH.0x0000000061061000.invoke;java/lang/invoke/DirectMethodHandle$Holder.invokeSpecial;org/weakref/nitro/clickbench/jmh_generated/BenchmarkQueries_query06_jmhTest.query06_AverageTime;org/weakref/nitro/clickbench/jmh_generated/BenchmarkQueries_query06_jmhTest.query06_avgt_jmhStub;org/weakref/nitro/clickbench/BenchmarkQueries.query06;org/weakref/nitro/clickbench/ClickBenchHitsSupport.query06;org/weakref/nitro/clickbench/ClickBenchHitsSupport.clickBenchScan;org/weakref/nitro/operator/NitroParquetScanOperator.<init>;java/util/stream/ReferencePipeline.toArray;java/util/stream/AbstractPipeline.evaluateToArrayNode;java/util/stream/AbstractPipeline.evaluate;java/util/stream/AbstractPipeline.wrapAndCopyInto;java/util/stream/AbstractPipeline.copyInto;java/util/AbstractList$RandomAccessSpliterator.forEachRemaining;java/util/stream/ReferencePipeline$3$1.accept;org/weakref/nitro/operator/NitroParquetScanOperator$$Lambda.0x00000000610837a8.apply;org/weakref/nitro/parquet/ParquetFile.open;org/weakref/nitro/parquet/ParquetFile.<init>;org/apache/parquet/format/Util.readFileMetaData;org/apache/parquet/format/Util.readFileMetaData;org/apache/parquet/format/Util.read;org/apache/parquet/format/FileMetaData.read;org/apache/parquet/format/FileMetaData$FileMetaDataStandardScheme.read;org/apache/parquet/format/FileMetaData$FileMetaDataStandardScheme.read;org/apache/parquet/format/SchemaElement.read;org/apache/parquet/format/SchemaElement$SchemaElementStandardScheme.read;org/apache/parquet/format/SchemaElement$SchemaElementStandardScheme.read;org/apache/parquet/format/InterningProtocol.readString;java/lang/String.intern;JVM_InternString;StringTable::intern;StringTable::intern;java_lang_String::hash_code 1
java/lang/Thread.run;java/lang/Thread.runWith;java/util/concurrent/ThreadPoolExecutor$Worker.run;java/util/concurrent/ThreadPoolExecutor.runWorker;java/util/concurrent/FutureTask.run;java/util/concurrent/Executors$RunnableAdapter.call;java/util/concurrent/FutureTask.run;org/openjdk/jmh/runner/BenchmarkHandler$BenchmarkTask.call;org/openjdk/jmh/runner/BenchmarkHandler$BenchmarkTask.call;java/lang/reflect/Method.invoke;jdk/internal/reflect/DirectMethodHandleAccessor.invoke;jdk/internal/reflect/DirectMethodHandleAccessor.invokeImpl;java/lang/invoke/LambdaForm$MH.0x0000000061061400.invokeExact_MT;java/lang/invoke/LambdaForm$MH.0x0000000061061000.invoke;java/lang/invoke/DirectMethodHandle$Holder.invokeSpecial;org/weakref/nitro/clickbench/jmh_generated/BenchmarkQueries_query06_jmhTest.query06_AverageTime;org/weakref/nitro/clickbench/jmh_generated/BenchmarkQueries_query06_jmhTest.query06_avgt_jmhStub;org/weakref/nitro/clickbench/BenchmarkQueries.query06;org/weakref/nitro/clickbench/BenchmarkQueries.consume;org/weakref/nitro/operator/Output.borrow;org/weakref/nitro/operator/AggregationOperator$$Lambda.0x00000000610be3b8.apply;org/weakref/nitro/operator/AggregationOperator.lambda$resultOutput$0;org/weakref/nitro/operator/AggregationOperator.doAggregationIfNeeded;org/weakref/nitro/operator/MarkDistinctOperator.next;org/weakref/nitro/operator/MarkDistinctOperator.computeDistinctMask;org/weakref/nitro/operator/DistinctKeySet.addBatch;org/weakref/nitro/operator/DistinctKeySet$FlatDistinctIndex.addBatch;org/weakref/nitro/operator/FlatGroupingTable.prepareBatchHashes;org/weakref/nitro/operator/FlatGroupingTable.prepareBatchHash;org/weakref/nitro/operator/FlatKeyLayout.hash;org/weakref/nitro/operator/FlatKeyLayout.fieldHash 1
java/lang/Thread.run;java/lang/Thread.runWith;java/util/concurrent/ThreadPoolExecutor$Worker.run;java/util/concurrent/ThreadPoolExecutor.runWorker;java/util/concurrent/FutureTask.run;java/util/concurrent/Executors$RunnableAdapter.call;java/util/concurrent/FutureTask.run;org/openjdk/jmh/runner/BenchmarkHandler$BenchmarkTask.call;org/openjdk/jmh/runner/BenchmarkHandler$BenchmarkTask.call;java/lang/reflect/Method.invoke;jdk/internal/reflect/DirectMethodHandleAccessor.invoke;jdk/internal/reflect/DirectMethodHandleAccessor.invokeImpl;java/lang/invoke/LambdaForm$MH.0x0000000061061400.invokeExact_MT;java/lang/invoke/LambdaForm$MH.0x0000000061061000.invoke;java/lang/invoke/DirectMethodHandle$Holder.invokeSpecial;org/weakref/nitro/clickbench/jmh_generated/BenchmarkQueries_query06_jmhTest.query06_AverageTime;org/weakref/nitro/clickbench/jmh_generated/BenchmarkQueries_query06_jmhTest.query06_avgt_jmhStub;org/weakref/nitro/clickbench/BenchmarkQueries.query06;org/weakref/nitro/clickbench/BenchmarkQueries.consume;org/weakref/nitro/operator/Output.borrow;org/weakref/nitro/operator/AggregationOperator$$Lambda.0x00000000610be3b8.apply;org/weakref/nitro/operator/AggregationOperator.lambda$resultOutput$0;org/weakref/nitro/operator/AggregationOperator.doAggregationIfNeeded;org/weakref/nitro/operator/MarkDistinctOperator.next;org/weakref/nitro/operator/MarkDistinctOperator.computeDistinctMask;org/weakref/nitro/operator/DistinctKeySet.addBatch;org/weakref/nitro/operator/DistinctKeySet$FlatDistinctIndex.addBatch;org/weakref/nitro/operator/FlatGroupingTable.prepareBatchHashes;org/weakref/nitro/operator/FlatGroupingTable.prepareBatchHash;org/weakref/nitro/operator/FlatKeyLayout.hash;org/weakref/nitro/operator/FlatKeyLayout.inputFieldNull 1
java/lang/Thread.run;java/lang/Thread.runWith;java/util/concurrent/ThreadPoolExecutor$Worker.run;java/util/concurrent/ThreadPoolExecutor.runWorker;java/util/concurrent/FutureTask.run;java/util/concurrent/Executors$RunnableAdapter.call;java/util/concurrent/FutureTask.run;org/openjdk/jmh/runner/BenchmarkHandler$BenchmarkTask.call;org/openjdk/jmh/runner/BenchmarkHandler$BenchmarkTask.call;java/lang/reflect/Method.invoke;jdk/internal/reflect/DirectMethodHandleAccessor.invoke;jdk/internal/reflect/DirectMethodHandleAccessor.invokeImpl;java/lang/invoke/LambdaForm$MH.0x0000000061061400.invokeExact_MT;java/lang/invoke/LambdaForm$MH.0x0000000061061000.invoke;java/lang/invoke/DirectMethodHandle$Holder.invokeSpecial;org/weakref/nitro/clickbench/jmh_generated/BenchmarkQueries_query06_jmhTest.query06_AverageTime;org/weakref/nitro/clickbench/jmh_generated/BenchmarkQueries_query06_jmhTest.query06_avgt_jmhStub;org/weakref/nitro/clickbench/BenchmarkQueries.query06;org/weakref/nitro/clickbench/BenchmarkQueries.consume;org/weakref/nitro/operator/Output.borrow;org/weakref/nitro/operator/AggregationOperator$$Lambda.0x00000000610be3b8.apply;org/weakref/nitro/operator/AggregationOperator.lambda$resultOutput$0;org/weakref/nitro/operator/AggregationOperator.doAggregationIfNeeded;org/weakref/nitro/operator/MarkDistinctOperator.next;org/weakref/nitro/operator/MarkDistinctOperator.computeDistinctMask;org/weakref/nitro/operator/Output.borrow;org/weakref/nitro/operator/NitroParquetScanOperator$ScanOutputResolver$$Lambda.0x00000000610aab88.apply;org/weakref/nitro/operator/NitroParquetScanOperator$ScanOutputResolver.resolve;org/weakref/nitro/operator/NitroParquetScanOperator.resolveLazyColumn;org/weakref/nitro/operator/NitroParquetScanOperator.decodeFullColumn;org/weakref/nitro/parquet/ColumnReader.readBinary;org/weakref/nitro/parquet/ColumnReader.readBinaryDirect;org/weakref/nitro/parquet/ColumnReader.decodeNextDataPage;org/weakref/nitro/parquet/ColumnReader.decompress;io/airlift/compress/v3/snappy/SnappyNativeDecompressor.decompress;io/airlift/compress/v3/snappy/SnappyNative.decompress;io/airlift/compress/v3/snappy/SnappyNative.decompressInternal;java/lang/invoke/LambdaForm$MH.0x0000000061108c00.invokeExact_MT;java/lang/invoke/LambdaForm$MH.0x0000000061119400.invoke;java/lang/invoke/LambdaForm$DMH.0x00000000610b1400.invokeStatic;jdk/internal/foreign/abi/DowncallStub.0x00000000610b1000.invoke;java/lang/invoke/LambdaForm$MH.0x0000000061109800.invokeExact_MT;java/lang/invoke/LambdaForm$MH.0x0000000061119800.invoke;nep_invoker_blob;snappy_uncompress;snappy::RawUncompress;snappy::RawUncompress;void snappy::SnappyDecompressor::DecompressAllTags<snappy::SnappyArrayWriter>;std::pair<unsigned char const*, long> snappy::DecompressBranchless<char*>;snappy::MemCopy64;memmove@plt 3
/usr/lib/x86_64-linux-gnu/libc.so.6;/usr/lib/x86_64-linux-gnu/libc.so.6;thread_native_entry;Thread::call_run;JavaThread::thread_main_inner;CompileBroker::compiler_thread_loop;CompileBroker::invoke_compiler_on_method;C2Compiler::compile_method;Compile::Compile;Compile::Optimize;PhaseIdealLoop::optimize;PhaseIdealLoop::build_and_optimize;PhaseIdealLoop::split_if_with_blocks;PhaseIdealLoop::split_if_with_blocks_pre;PhaseIdealLoop::get_ctrl 1
java/lang/Thread.run;java/lang/Thread.runWith;java/util/concurrent/ThreadPoolExecutor$Worker.run;java/util/concurrent/ThreadPoolExecutor.runWorker;java/util/concurrent/FutureTask.run;java/util/concurrent/Executors$RunnableAdapter.call;java/util/concurrent/FutureTask.run;org/openjdk/jmh/runner/BenchmarkHandler$BenchmarkTask.call;org/openjdk/jmh/runner/BenchmarkHandler$BenchmarkTask.call;java/lang/reflect/Method.invoke;jdk/internal/reflect/DirectMethodHandleAccessor.invoke;jdk/internal/reflect/DirectMethodHandleAccessor.invokeImpl;java/lang/invoke/LambdaForm$MH.0x0000000061061400.invokeExact_MT;java/lang/invoke/LambdaForm$MH.0x0000000061061000.invoke;java/lang/invoke/DirectMethodHandle$Holder.invokeSpecial;org/weakref/nitro/clickbench/jmh_generated/BenchmarkQueries_query06_jmhTest.query06_AverageTime;org/weakref/nitro/clickbench/jmh_generated/BenchmarkQueries_query06_jmhTest.query06_avgt_jmhStub;org/weakref/nitro/clickbench/BenchmarkQueries.query06;org/weakref/nitro/clickbench/BenchmarkQueries.consume;org/weakref/nitro/operator/Output.borrow;org/weakref/nitro/operator/AggregationOperator$$Lambda.0x00000000610be3b8.apply;org/weakref/nitro/operator/AggregationOperator.lambda$resultOutput$0;org/weakref/nitro/operator/AggregationOperator.doAggregationIfNeeded;org/weakref/nitro/operator/MarkDistinctOperator.next;org/weakref/nitro/operator/MarkDistinctOperator.computeDistinctMask;org/weakref/nitro/operator/Output.borrow;org/weakref/nitro/operator/NitroParquetScanOperator$ScanOutputResolver$$Lambda.0x00000000610aab88.apply;org/weakref/nitro/operator/NitroParquetScanOperator$ScanOutputResolver.resolve;org/weakref/nitro/operator/NitroParquetScanOperator.resolveLazyColumn;org/weakref/nitro/operator/NitroParquetScanOperator.decodeFullColumn;org/weakref/nitro/parquet/ColumnReader.readBinary;org/weakref/nitro/parquet/ColumnReader.readBinaryDirect;jbyte_disjoint_arraycopy_stub 2
java/lang/Thread.run;java/lang/Thread.runWith;java/util/concurrent/ThreadPoolExecutor$Worker.run;java/util/concurrent/ThreadPoolExecutor.runWorker;java/util/concurrent/FutureTask.run;java/util/concurrent/Executors$RunnableAdapter.call;java/util/concurrent/FutureTask.run;org/openjdk/jmh/runner/BenchmarkHandler$BenchmarkTask.call;org/openjdk/jmh/runner/BenchmarkHandler$BenchmarkTask.call;java/lang/reflect/Method.invoke;jdk/internal/reflect/DirectMethodHandleAccessor.invoke;jdk/internal/reflect/DirectMethodHandleAccessor.invokeImpl;java/lang/invoke/LambdaForm$MH.0x0000000061061400.invokeExact_MT;java/lang/invoke/LambdaForm$MH.0x0000000061061000.invoke;java/lang/invoke/DirectMethodHandle$Holder.invokeSpecial;org/weakref/nitro/clickbench/jmh_generated/BenchmarkQueries_query06_jmhTest.query06_AverageTime;org/weakref/nitro/clickbench/jmh_generated/BenchmarkQueries_query06_jmhTest.query06_avgt_jmhStub;org/weakref/nitro/clickbench/BenchmarkQueries.query06;org/weakref/nitro/clickbench/BenchmarkQueries.consume;org/weakref/nitro/operator/Output.borrow;org/weakref/nitro/operator/AggregationOperator$$Lambda.0x00000000610be3b8.apply;org/weakref/nitro/operator/AggregationOperator.lambda$resultOutput$0;org/weakref/nitro/operator/AggregationOperator.doAggregationIfNeeded;org/weakref/nitro/operator/MarkDistinctOperator.next;org/weakref/nitro/operator/MarkDistinctOperator.computeDistinctMask;org/weakref/nitro/operator/DistinctKeySet.addBatch;org/weakref/nitro/operator/DistinctKeySet$FlatDistinctIndex.addBatch;org/weakref/nitro/operator/FlatGroupingTable.assignGroup;org/weakref/nitro/operator/FlatGroupingTable.assignGroupHashed;org/weakref/nitro/operator/FlatGroupingTable.assignGroupHashedInternal;org/weakref/nitro/operator/FlatGroupingTable.getIndex;org/weakref/nitro/operator/FlatGroupingTable.match 2
java/lang/Thread.run;java/lang/Thread.runWith;java/util/concurrent/ThreadPoolExecutor$Worker.run;java/util/concurrent/ThreadPoolExecutor.runWorker;java/util/concurrent/FutureTask.run;java/util/concurrent/Executors$RunnableAdapter.call;java/util/concurrent/FutureTask.run;org/openjdk/jmh/runner/BenchmarkHandler$BenchmarkTask.call;org/openjdk/jmh/runner/BenchmarkHandler$BenchmarkTask.call;java/lang/reflect/Method.invoke;jdk/internal/reflect/DirectMethodHandleAccessor.invoke;jdk/internal/reflect/DirectMethodHandleAccessor.invokeImpl;java/lang/invoke/LambdaForm$MH.0x0000000061061400.invokeExact_MT;java/lang/invoke/LambdaForm$MH.0x0000000061061000.invoke;java/lang/invoke/DirectMethodHandle$Holder.invokeSpecial;org/weakref/nitro/clickbench/jmh_generated/BenchmarkQueries_query06_jmhTest.query06_AverageTime;org/weakref/nitro/clickbench/jmh_generated/BenchmarkQueries_query06_jmhTest.query06_avgt_jmhStub;org/weakref/nitro/clickbench/BenchmarkQueries.query06;org/weakref/nitro/clickbench/BenchmarkQueries.consume;org/weakref/nitro/operator/Output.borrow;org/weakref/nitro/operator/AggregationOperator$$Lambda.0x00000000610be3b8.apply;org/weakref/nitro/operator/AggregationOperator.lambda$resultOutput$0;org/weakref/nitro/operator/AggregationOperator.doAggregationIfNeeded;org/weakref/nitro/operator/MarkDistinctOperator.next;org/weakref/nitro/operator/MarkDistinctOperator.computeDistinctMask;org/weakref/nitro/operator/Output.borrow;org/weakref/nitro/operator/NitroParquetScanOperator$ScanOutputResolver$$Lambda.0x00000000610aab88.apply;org/weakref/nitro/operator/NitroParquetScanOperator$ScanOutputResolver.resolve;org/weakref/nitro/operator/NitroParquetScanOperator.resolveLazyColumn;org/weakref/nitro/operator/NitroParquetScanOperator.decodeFullColumn;org/weakref/nitro/parquet/ColumnReader.readBinary;org/weakref/nitro/parquet/ColumnReader.readBinaryDirect;org/weakref/nitro/parquet/ColumnReader.decodeNextDataPage;org/weakref/nitro/parquet/ColumnReader.decompress;io/airlift/compress/v3/snappy/SnappyNativeDecompressor.decompress;io/airlift/compress/v3/snappy/SnappyNative.decompress;io/airlift/compress/v3/snappy/SnappyNative.decompressInternal;java/lang/invoke/LambdaForm$MH.0x0000000061108c00.invokeExact_MT;java/lang/invoke/LambdaForm$MH.0x0000000061119400.invoke;java/lang/invoke/LambdaForm$DMH.0x00000000610b1400.invokeStatic;jdk/internal/foreign/abi/DowncallStub.0x00000000610b1000.invoke;java/lang/invoke/LambdaForm$MH.0x0000000061109800.invokeExact_MT;java/lang/invoke/LambdaForm$MH.0x0000000061119800.invoke;nep_invoker_blob;snappy_uncompress;snappy::RawUncompress;snappy::RawUncompress;void snappy::SnappyDecompressor::DecompressAllTags<snappy::SnappyArrayWriter>;std::pair<unsigned char const*, long> snappy::DecompressBranchless<char*> 37
java/lang/Thread.run;java/lang/Thread.runWith;java/util/concurrent/ThreadPoolExecutor$Worker.run;java/util/concurrent/ThreadPoolExecutor.runWorker;java/util/concurrent/FutureTask.run;java/util/concurrent/Executors$RunnableAdapter.call;java/util/concurrent/FutureTask.run;org/openjdk/jmh/runner/BenchmarkHandler$BenchmarkTask.call;org/openjdk/jmh/runner/BenchmarkHandler$BenchmarkTask.call;java/lang/reflect/Method.invoke;jdk/internal/reflect/DirectMethodHandleAccessor.invoke;jdk/internal/reflect/DirectMethodHandleAccessor.invokeImpl;java/lang/invoke/LambdaForm$MH.0x0000000061061400.invokeExact_MT;java/lang/invoke/LambdaForm$MH.0x0000000061061000.invoke;java/lang/invoke/DirectMethodHandle$Holder.invokeSpecial;org/weakref/nitro/clickbench/jmh_generated/BenchmarkQueries_query06_jmhTest.query06_AverageTime;org/weakref/nitro/clickbench/jmh_generated/BenchmarkQueries_query06_jmhTest.query06_avgt_jmhStub;org/weakref/nitro/clickbench/BenchmarkQueries.query06;org/weakref/nitro/clickbench/BenchmarkQueries.consume;org/weakref/nitro/operator/Output.borrow;org/weakref/nitro/operator/AggregationOperator$$Lambda.0x00000000610be3b8.apply;org/weakref/nitro/operator/AggregationOperator.lambda$resultOutput$0;org/weakref/nitro/operator/AggregationOperator.doAggregationIfNeeded;org/weakref/nitro/operator/MarkDistinctOperator.next;org/weakref/nitro/operator/MarkDistinctOperator.computeDistinctMask;org/weakref/nitro/operator/DistinctKeySet.addBatch;org/weakref/nitro/operator/DistinctKeySet$FlatDistinctIndex.addBatch;org/weakref/nitro/operator/FlatGroupingTable.prepareBatchHashes;org/weakref/nitro/operator/FlatGroupingTable.prepareBatchHash;org/weakref/nitro/operator/FlatKeyLayout.hash;org/weakref/nitro/operator/FlatKeyLayout.fieldHash;org/weakref/nitro/operator/FlatKeyLayout.binaryFieldHash;org/weakref/nitro/operator/OperatorVectorSupport.binaryHash;org/weakref/nitro/operator/OperatorVectorSupport.mix64 1
java/lang/Thread.run;java/lang/Thread.runWith;java/util/concurrent/ThreadPoolExecutor$Worker.run;java/util/concurrent/ThreadPoolExecutor.runWorker;java/util/concurrent/FutureTask.run;java/util/concurrent/Executors$RunnableAdapter.call;java/util/concurrent/FutureTask.run;org/openjdk/jmh/runner/BenchmarkHandler$BenchmarkTask.call;org/openjdk/jmh/runner/BenchmarkHandler$BenchmarkTask.call;java/lang/reflect/Method.invoke;jdk/internal/reflect/DirectMethodHandleAccessor.invoke;jdk/internal/reflect/DirectMethodHandleAccessor.invokeImpl;java/lang/invoke/LambdaForm$MH.0x0000000061061400.invokeExact_MT;java/lang/invoke/LambdaForm$MH.0x0000000061061000.invoke;java/lang/invoke/DirectMethodHandle$Holder.invokeSpecial;org/weakref/nitro/clickbench/jmh_generated/BenchmarkQueries_query06_jmhTest.query06_AverageTime;org/weakref/nitro/clickbench/jmh_generated/BenchmarkQueries_query06_jmhTest.query06_avgt_jmhStub;org/weakref/nitro/clickbench/BenchmarkQueries.query06;org/weakref/nitro/clickbench/BenchmarkQueries.consume;org/weakref/nitro/operator/Output.borrow;org/weakref/nitro/operator/AggregationOperator$$Lambda.0x00000000610be3b8.apply;org/weakref/nitro/operator/AggregationOperator.lambda$resultOutput$0;org/weakref/nitro/operator/AggregationOperator.doAggregationIfNeeded;org/weakref/nitro/operator/MarkDistinctOperator.next;org/weakref/nitro/operator/MarkDistinctOperator.computeDistinctMask;org/weakref/nitro/operator/DistinctKeySet.addBatch;org/weakref/nitro/operator/DistinctKeySet$FlatDistinctIndex.addBatch;org/weakref/nitro/operator/DistinctKeySet$FlatDistinctIndex.addFlatBinaryBatch;org/weakref/nitro/operator/FlatGroupingTable.assignGroup;org/weakref/nitro/operator/FlatGroupingTable.assignGroupHashed;org/weakref/nitro/operator/FlatGroupingTable.assignGroupHashedInternal;org/weakref/nitro/operator/FlatGroupingTable.addNewGroup;org/weakref/nitro/operator/FlatKeyLayout.writeRecord;org/weakref/nitro/operator/FlatKeyLayout.writeBinaryField;org/weakref/nitro/data/BinaryVector.length;org/weakref/nitro/data/BinaryVector.endOffset 1
java/lang/Thread.run;java/lang/Thread.runWith;java/util/concurrent/ThreadPoolExecutor$Worker.run;java/util/concurrent/ThreadPoolExecutor.runWorker;java/util/concurrent/FutureTask.run;java/util/concurrent/Executors$RunnableAdapter.call;java/util/concurrent/FutureTask.run;org/openjdk/jmh/runner/BenchmarkHandler$BenchmarkTask.call;org/openjdk/jmh/runner/BenchmarkHandler$BenchmarkTask.call;java/lang/reflect/Method.invoke;jdk/internal/reflect/DirectMethodHandleAccessor.invoke;jdk/internal/reflect/DirectMethodHandleAccessor.invokeImpl;java/lang/invoke/LambdaForm$MH.0x0000000061061400.invokeExact_MT;java/lang/invoke/LambdaForm$MH.0x0000000061061000.invoke;java/lang/invoke/DirectMethodHandle$Holder.invokeSpecial;org/weakref/nitro/clickbench/jmh_generated/BenchmarkQueries_query06_jmhTest.query06_AverageTime;org/weakref/nitro/clickbench/jmh_generated/BenchmarkQueries_query06_jmhTest.query06_avgt_jmhStub;org/weakref/nitro/clickbench/BenchmarkQueries.query06;org/weakref/nitro/clickbench/BenchmarkQueries.consume;org/weakref/nitro/operator/Output.borrow;org/weakref/nitro/operator/AggregationOperator$$Lambda.0x00000000610be3b8.apply;org/weakref/nitro/operator/AggregationOperator.lambda$resultOutput$0;org/weakref/nitro/operator/AggregationOperator.doAggregationIfNeeded;org/weakref/nitro/operator/MarkDistinctOperator.next;org/weakref/nitro/operator/MarkDistinctOperator.computeDistinctMask;org/weakref/nitro/operator/DistinctKeySet.addBatch;org/weakref/nitro/operator/DistinctKeySet$FlatDistinctIndex.addBatch;org/weakref/nitro/operator/FlatGroupingTable.prepareBatchHashes 2
java/lang/Thread.run;java/lang/Thread.runWith;java/util/concurrent/ThreadPoolExecutor$Worker.run;java/util/concurrent/ThreadPoolExecutor.runWorker;java/util/concurrent/FutureTask.run;java/util/concurrent/Executors$RunnableAdapter.call;java/util/concurrent/FutureTask.run;org/openjdk/jmh/runner/BenchmarkHandler$BenchmarkTask.call;org/openjdk/jmh/runner/BenchmarkHandler$BenchmarkTask.call;java/lang/reflect/Method.invoke;jdk/internal/reflect/DirectMethodHandleAccessor.invoke;jdk/internal/reflect/DirectMethodHandleAccessor.invokeImpl;java/lang/invoke/LambdaForm$MH.0x0000000061061400.invokeExact_MT;java/lang/invoke/LambdaForm$MH.0x0000000061061000.invoke;java/lang/invoke/DirectMethodHandle$Holder.invokeSpecial;org/weakref/nitro/clickbench/jmh_generated/BenchmarkQueries_query06_jmhTest.query06_AverageTime;org/weakref/nitro/clickbench/jmh_generated/BenchmarkQueries_query06_jmhTest.query06_avgt_jmhStub;org/weakref/nitro/clickbench/BenchmarkQueries.query06;org/weakref/nitro/clickbench/BenchmarkQueries.consume;org/weakref/nitro/operator/Output.borrow;org/weakref/nitro/operator/AggregationOperator$$Lambda.0x00000000610be3b8.apply;org/weakref/nitro/operator/AggregationOperator.lambda$resultOutput$0;org/weakref/nitro/operator/AggregationOperator.doAggregationIfNeeded;org/weakref/nitro/operator/MarkDistinctOperator.next;org/weakref/nitro/operator/MarkDistinctOperator.computeDistinctMask;org/weakref/nitro/operator/DistinctKeySet.addBatch;org/weakref/nitro/operator/DistinctKeySet$FlatDistinctIndex.addBatch 1
java/lang/Thread.run;java/lang/Thread.runWith;java/util/concurrent/ThreadPoolExecutor$Worker.run;java/util/concurrent/ThreadPoolExecutor.runWorker;java/util/concurrent/FutureTask.run;java/util/concurrent/Executors$RunnableAdapter.call;java/util/concurrent/FutureTask.run;org/openjdk/jmh/runner/BenchmarkHandler$BenchmarkTask.call;org/openjdk/jmh/runner/BenchmarkHandler$BenchmarkTask.call;java/lang/reflect/Method.invoke;jdk/internal/reflect/DirectMethodHandleAccessor.invoke;jdk/internal/reflect/DirectMethodHandleAccessor.invokeImpl;java/lang/invoke/LambdaForm$MH.0x0000000061061400.invokeExact_MT;java/lang/invoke/LambdaForm$MH.0x0000000061061000.invoke;java/lang/invoke/DirectMethodHandle$Holder.invokeSpecial;org/weakref/nitro/clickbench/jmh_generated/BenchmarkQueries_query06_jmhTest.query06_AverageTime;org/weakref/nitro/clickbench/jmh_generated/BenchmarkQueries_query06_jmhTest.query06_avgt_jmhStub;org/weakref/nitro/clickbench/BenchmarkQueries.query06;org/weakref/nitro/clickbench/BenchmarkQueries.consume;org/weakref/nitro/operator/AggregationOperator.close;org/weakref/nitro/operator/MarkDistinctOperator.close;org/weakref/nitro/operator/NitroParquetScanOperator.close;org/weakref/nitro/parquet/ParquetFile.close;jdk/internal/foreign/ArenaImpl.close;jdk/internal/foreign/MemorySessionImpl.close;jdk/internal/foreign/ConfinedSession$ConfinedResourceList.cleanup;jdk/internal/foreign/MemorySessionImpl$ResourceList.cleanupSingle;jdk/internal/foreign/SegmentFactories$2.cleanup;sun/nio/ch/FileChannelImpl$Unmapper.unmap;sun/nio/ch/UnixFileDispatcherImpl.unmap;sun/nio/ch/UnixFileDispatcherImpl.unmap0;Java_sun_nio_ch_UnixFileDispatcherImpl_unmap0;munmap;entry_SYSCALL_64_after_hwframe_[k];do_syscall_64_[k];x64_sys_call_[k];__x64_sys_munmap_[k];__vm_munmap_[k];do_vmi_munmap_[k];do_vmi_align_munmap_[k];vms_complete_munmap_vmas_[k];vms_clear_ptes_[k];unmap_vmas_[k];unmap_single_vma.isra.0_[k];unmap_page_range_[k];zap_pmd_range.isra.0_[k];zap_pte_range_[k];zap_present_ptes.constprop.0_[k];folio_remove_rmap_ptes_[k];__lruvec_stat_mod_folio_[k];mod_memcg_lruvec_state_[k] 1
java/lang/Thread.run;java/lang/Thread.runWith;java/util/concurrent/ThreadPoolExecutor$Worker.run;java/util/concurrent/ThreadPoolExecutor.runWorker;java/util/concurrent/FutureTask.run;java/util/concurrent/Executors$RunnableAdapter.call;java/util/concurrent/FutureTask.run;org/openjdk/jmh/runner/BenchmarkHandler$BenchmarkTask.call;org/openjdk/jmh/runner/BenchmarkHandler$BenchmarkTask.call;java/lang/reflect/Method.invoke;jdk/internal/reflect/DirectMethodHandleAccessor.invoke;jdk/internal/reflect/DirectMethodHandleAccessor.invokeImpl;java/lang/invoke/LambdaForm$MH.0x0000000061061400.invokeExact_MT;java/lang/invoke/LambdaForm$MH.0x0000000061061000.invoke;java/lang/invoke/DirectMethodHandle$Holder.invokeSpecial;org/weakref/nitro/clickbench/jmh_generated/BenchmarkQueries_query06_jmhTest.query06_AverageTime;org/weakref/nitro/clickbench/jmh_generated/BenchmarkQueries_query06_jmhTest.query06_avgt_jmhStub;org/weakref/nitro/clickbench/BenchmarkQueries.query06;org/weakref/nitro/clickbench/BenchmarkQueries.consume;org/weakref/nitro/operator/Output.borrow;org/weakref/nitro/operator/AggregationOperator$$Lambda.0x00000000610be3b8.apply;org/weakref/nitro/operator/AggregationOperator.lambda$resultOutput$0;org/weakref/nitro/operator/AggregationOperator.doAggregationIfNeeded;org/weakref/nitro/operator/MarkDistinctOperator.next;org/weakref/nitro/operator/MarkDistinctOperator.computeDistinctMask;org/weakref/nitro/operator/DistinctKeySet.addBatch;org/weakref/nitro/operator/DistinctKeySet$FlatDistinctIndex.addBatch;org/weakref/nitro/operator/DistinctKeySet$FlatDistinctIndex.addFlatBinaryBatch;org/weakref/nitro/operator/FlatGroupingTable.assignGroup;org/weakref/nitro/operator/FlatGroupingTable.assignGroupHashed;org/weakref/nitro/operator/FlatGroupingTable.assignGroupHashedInternal;org/weakref/nitro/operator/FlatGroupingTable.getIndex;org/weakref/nitro/operator/FlatGroupingTable.identical;org/weakref/nitro/operator/FlatKeyLayout.identicalRecordToInput;org/weakref/nitro/operator/FlatKeyLayout.identicalBinaryField;org/weakref/nitro/operator/OperatorVectorSupport.binaryEquals;java/util/Arrays.mismatch;jdk/internal/util/ArraysSupport.mismatch 1
java/lang/Thread.run;java/lang/Thread.runWith;java/util/concurrent/ThreadPoolExecutor$Worker.run;java/util/concurrent/ThreadPoolExecutor.runWorker;java/util/concurrent/FutureTask.run;java/util/concurrent/Executors$RunnableAdapter.call;java/util/concurrent/FutureTask.run;org/openjdk/jmh/runner/BenchmarkHandler$BenchmarkTask.call;org/openjdk/jmh/runner/BenchmarkHandler$BenchmarkTask.call;java/lang/reflect/Method.invoke;jdk/internal/reflect/DirectMethodHandleAccessor.invoke;jdk/internal/reflect/DirectMethodHandleAccessor.invokeImpl;java/lang/invoke/LambdaForm$MH.0x0000000061061400.invokeExact_MT;java/lang/invoke/LambdaForm$MH.0x0000000061061000.invoke;java/lang/invoke/DirectMethodHandle$Holder.invokeSpecial;org/weakref/nitro/clickbench/jmh_generated/BenchmarkQueries_query06_jmhTest.query06_AverageTime;org/weakref/nitro/clickbench/jmh_generated/BenchmarkQueries_query06_jmhTest.query06_avgt_jmhStub;org/weakref/nitro/clickbench/BenchmarkQueries.query06;org/weakref/nitro/clickbench/BenchmarkQueries.consume;org/weakref/nitro/operator/Output.borrow;org/weakref/nitro/operator/AggregationOperator$$Lambda.0x00000000610be3b8.apply;org/weakref/nitro/operator/AggregationOperator.lambda$resultOutput$0;org/weakref/nitro/operator/AggregationOperator.doAggregationIfNeeded;org/weakref/nitro/operator/MarkDistinctOperator.next;org/weakref/nitro/operator/MarkDistinctOperator.computeDistinctMask;org/weakref/nitro/operator/DistinctKeySet.addBatch;org/weakref/nitro/operator/DistinctKeySet$FlatDistinctIndex.addBatch;org/weakref/nitro/operator/FlatGroupingTable.prepareBatchHashes;org/weakref/nitro/data/Mask$1.next;org/weakref/nitro/data/Mask$1.next 1
java/lang/Thread.run;java/lang/Thread.runWith;java/util/concurrent/ThreadPoolExecutor$Worker.run;java/util/concurrent/ThreadPoolExecutor.runWorker;java/util/concurrent/FutureTask.run;java/util/concurrent/Executors$RunnableAdapter.call;java/util/concurrent/FutureTask.run;org/openjdk/jmh/runner/BenchmarkHandler$BenchmarkTask.call;org/openjdk/jmh/runner/BenchmarkHandler$BenchmarkTask.call;java/lang/reflect/Method.invoke;jdk/internal/reflect/DirectMethodHandleAccessor.invoke;jdk/internal/reflect/DirectMethodHandleAccessor.invokeImpl;java/lang/invoke/LambdaForm$MH.0x0000000061061400.invokeExact_MT;java/lang/invoke/LambdaForm$MH.0x0000000061061000.invoke;java/lang/invoke/DirectMethodHandle$Holder.invokeSpecial;org/weakref/nitro/clickbench/jmh_generated/BenchmarkQueries_query06_jmhTest.query06_AverageTime;org/weakref/nitro/clickbench/jmh_generated/BenchmarkQueries_query06_jmhTest.query06_avgt_jmhStub;org/weakref/nitro/clickbench/BenchmarkQueries.query06;org/weakref/nitro/clickbench/BenchmarkQueries.consume;org/weakref/nitro/operator/Output.borrow;org/weakref/nitro/operator/AggregationOperator$$Lambda.0x00000000610be3b8.apply;org/weakref/nitro/operator/AggregationOperator.lambda$resultOutput$0;org/weakref/nitro/operator/AggregationOperator.doAggregationIfNeeded;org/weakref/nitro/operator/MarkDistinctOperator.next;org/weakref/nitro/operator/MarkDistinctOperator.computeDistinctMask;org/weakref/nitro/operator/Output.borrow;org/weakref/nitro/operator/NitroParquetScanOperator$ScanOutputResolver$$Lambda.0x00000000610aab88.apply;org/weakref/nitro/operator/NitroParquetScanOperator$ScanOutputResolver.resolve;org/weakref/nitro/operator/NitroParquetScanOperator.resolveLazyColumn;org/weakref/nitro/operator/NitroParquetScanOperator.decodeFullColumn;org/weakref/nitro/parquet/ColumnReader.readBinary;org/weakref/nitro/parquet/ColumnReader.readBinaryDirect;org/weakref/nitro/parquet/ColumnReader.decodeNextDataPage;org/weakref/nitro/parquet/ColumnReader.decompress;io/airlift/compress/v3/snappy/SnappyNativeDecompressor.decompress;java/lang/Math.toIntExact 1
/usr/lib/x86_64-linux-gnu/libc.so.6;/usr/lib/x86_64-linux-gnu/libc.so.6;thread_native_entry;Thread::call_run;JavaThread::thread_main_inner;CompileBroker::compiler_thread_loop;CompileBroker::invoke_compiler_on_method;C2Compiler::compile_method;Compile::Compile;Compile::Code_Gen;PhaseChaitin::Register_Allocate;PhaseLive::compute;PhaseLive::add_liveout 1
java/lang/Thread.run;java/lang/Thread.runWith;java/util/concurrent/ThreadPoolExecutor$Worker.run;java/util/concurrent/ThreadPoolExecutor.runWorker;java/util/concurrent/FutureTask.run;java/util/concurrent/Executors$RunnableAdapter.call;java/util/concurrent/FutureTask.run;org/openjdk/jmh/runner/BenchmarkHandler$BenchmarkTask.call;org/openjdk/jmh/runner/BenchmarkHandler$BenchmarkTask.call;java/lang/reflect/Method.invoke;jdk/internal/reflect/DirectMethodHandleAccessor.invoke;jdk/internal/reflect/DirectMethodHandleAccessor.invokeImpl;java/lang/invoke/LambdaForm$MH.0x0000000061061400.invokeExact_MT;java/lang/invoke/LambdaForm$MH.0x0000000061061000.invoke;java/lang/invoke/DirectMethodHandle$Holder.invokeSpecial;org/weakref/nitro/clickbench/jmh_generated/BenchmarkQueries_query06_jmhTest.query06_AverageTime;org/weakref/nitro/clickbench/jmh_generated/BenchmarkQueries_query06_jmhTest.query06_avgt_jmhStub;org/weakref/nitro/clickbench/BenchmarkQueries.query06;org/weakref/nitro/clickbench/BenchmarkQueries.consume;org/weakref/nitro/operator/Output.borrow;org/weakref/nitro/operator/AggregationOperator$$Lambda.0x00000000610be3b8.apply;org/weakref/nitro/operator/AggregationOperator.lambda$resultOutput$0;org/weakref/nitro/operator/AggregationOperator.doAggregationIfNeeded;org/weakref/nitro/operator/MarkDistinctOperator.next;org/weakref/nitro/operator/MarkDistinctOperator.computeDistinctMask;org/weakref/nitro/operator/DistinctKeySet.addBatch;org/weakref/nitro/operator/DistinctKeySet$FlatDistinctIndex.addBatch;org/weakref/nitro/operator/DistinctKeySet$FlatDistinctIndex.addFlatBinaryBatch;org/weakref/nitro/operator/FlatGroupingTable.assignGroup 1
java/lang/Thread.run;java/lang/Thread.runWith;java/util/concurrent/ThreadPoolExecutor$Worker.run;java/util/concurrent/ThreadPoolExecutor.runWorker;java/util/concurrent/FutureTask.run;java/util/concurrent/Executors$RunnableAdapter.call;java/util/concurrent/FutureTask.run;org/openjdk/jmh/runner/BenchmarkHandler$BenchmarkTask.call;org/openjdk/jmh/runner/BenchmarkHandler$BenchmarkTask.call;java/lang/reflect/Method.invoke;jdk/internal/reflect/DirectMethodHandleAccessor.invoke;jdk/internal/reflect/DirectMethodHandleAccessor.invokeImpl;java/lang/invoke/LambdaForm$MH.0x0000000061061400.invokeExact_MT;java/lang/invoke/LambdaForm$MH.0x0000000061061000.invoke;java/lang/invoke/DirectMethodHandle$Holder.invokeSpecial;org/weakref/nitro/clickbench/jmh_generated/BenchmarkQueries_query06_jmhTest.query06_AverageTime;org/weakref/nitro/clickbench/jmh_generated/BenchmarkQueries_query06_jmhTest.query06_avgt_jmhStub;org/weakref/nitro/clickbench/BenchmarkQueries.query06;org/weakref/nitro/clickbench/BenchmarkQueries.consume;org/weakref/nitro/operator/Output.borrow;org/weakref/nitro/operator/AggregationOperator$$Lambda.0x00000000610be3b8.apply;org/weakref/nitro/operator/AggregationOperator.lambda$resultOutput$0;org/weakref/nitro/operator/AggregationOperator.doAggregationIfNeeded;org/weakref/nitro/operator/MarkDistinctOperator.next;org/weakref/nitro/operator/MarkDistinctOperator.computeDistinctMask;org/weakref/nitro/operator/DistinctKeySet.addBatch;org/weakref/nitro/operator/DistinctKeySet$FlatDistinctIndex.addBatch;org/weakref/nitro/operator/DistinctKeySet$FlatDistinctIndex.addFlatBinaryBatch;org/weakref/nitro/operator/FlatGroupingTable.assignGroup;org/weakref/nitro/operator/FlatGroupingTable.assignGroupHashed;org/weakref/nitro/operator/FlatGroupingTable.assignGroupHashedInternal;org/weakref/nitro/operator/FlatGroupingTable.getIndex;org/weakref/nitro/operator/FlatGroupingTable.match 1
java/lang/Thread.run;java/lang/Thread.runWith;java/util/concurrent/ThreadPoolExecutor$Worker.run;java/util/concurrent/ThreadPoolExecutor.runWorker;java/util/concurrent/FutureTask.run;java/util/concurrent/Executors$RunnableAdapter.call;java/util/concurrent/FutureTask.run;org/openjdk/jmh/runner/BenchmarkHandler$BenchmarkTask.call;org/openjdk/jmh/runner/BenchmarkHandler$BenchmarkTask.call;java/lang/reflect/Method.invoke;jdk/internal/reflect/DirectMethodHandleAccessor.invoke;jdk/internal/reflect/DirectMethodHandleAccessor.invokeImpl;java/lang/invoke/LambdaForm$MH.0x0000000061061400.invokeExact_MT;java/lang/invoke/LambdaForm$MH.0x0000000061061000.invoke;java/lang/invoke/DirectMethodHandle$Holder.invokeSpecial;org/weakref/nitro/clickbench/jmh_generated/BenchmarkQueries_query06_jmhTest.query06_AverageTime;org/weakref/nitro/clickbench/jmh_generated/BenchmarkQueries_query06_jmhTest.query06_avgt_jmhStub;org/weakref/nitro/clickbench/BenchmarkQueries.query06;org/weakref/nitro/clickbench/BenchmarkQueries.consume;org/weakref/nitro/operator/Output.borrow;org/weakref/nitro/operator/AggregationOperator$$Lambda.0x00000000610be3b8.apply;org/weakref/nitro/operator/AggregationOperator.lambda$resultOutput$0;org/weakref/nitro/operator/AggregationOperator.doAggregationIfNeeded;org/weakref/nitro/operator/MarkDistinctOperator.next;org/weakref/nitro/operator/MarkDistinctOperator.computeDistinctMask;org/weakref/nitro/operator/DistinctKeySet.addBatch;org/weakref/nitro/operator/DistinctKeySet$FlatDistinctIndex.addBatch;org/weakref/nitro/operator/DistinctKeySet$FlatDistinctIndex.isTrackedSentinel;org/weakref/nitro/operator/FlatKeyLayout.isTrackedSentinel;org/weakref/nitro/operator/FlatKeyLayout.hasTrackedSentinel 1
java/lang/Thread.run;java/lang/Thread.runWith;java/util/concurrent/ThreadPoolExecutor$Worker.run;java/util/concurrent/ThreadPoolExecutor.runWorker;java/util/concurrent/FutureTask.run;java/util/concurrent/Executors$RunnableAdapter.call;java/util/concurrent/FutureTask.run;org/openjdk/jmh/runner/BenchmarkHandler$BenchmarkTask.call;org/openjdk/jmh/runner/BenchmarkHandler$BenchmarkTask.call;java/lang/reflect/Method.invoke;jdk/internal/reflect/DirectMethodHandleAccessor.invoke;jdk/internal/reflect/DirectMethodHandleAccessor.invokeImpl;java/lang/invoke/LambdaForm$MH.0x0000000061061400.invokeExact_MT;java/lang/invoke/LambdaForm$MH.0x0000000061061000.invoke;java/lang/invoke/DirectMethodHandle$Holder.invokeSpecial;org/weakref/nitro/clickbench/jmh_generated/BenchmarkQueries_query06_jmhTest.query06_AverageTime;org/weakref/nitro/clickbench/jmh_generated/BenchmarkQueries_query06_jmhTest.query06_avgt_jmhStub;org/weakref/nitro/clickbench/BenchmarkQueries.query06;org/weakref/nitro/clickbench/ClickBenchHitsSupport.query06;org/weakref/nitro/clickbench/ClickBenchHitsSupport.clickBenchScan;org/weakref/nitro/operator/NitroParquetScanOperator.<init>;java/util/stream/ReferencePipeline.toArray;java/util/stream/AbstractPipeline.evaluateToArrayNode;java/util/stream/AbstractPipeline.evaluate;java/util/stream/AbstractPipeline.wrapAndCopyInto;java/util/stream/AbstractPipeline.copyInto;java/util/AbstractList$RandomAccessSpliterator.forEachRemaining;java/util/stream/ReferencePipeline$3$1.accept;org/weakref/nitro/operator/NitroParquetScanOperator$$Lambda.0x00000000610837a8.apply;org/weakref/nitro/parquet/ParquetFile.open;org/weakref/nitro/parquet/ParquetFile.<init>;org/apache/parquet/format/Util.readFileMetaData;org/apache/parquet/format/Util.readFileMetaData;org/apache/parquet/format/Util.read;org/apache/parquet/format/FileMetaData.read;org/apache/parquet/format/FileMetaData$FileMetaDataStandardScheme.read;org/apache/parquet/format/FileMetaData$FileMetaDataStandardScheme.read;org/apache/parquet/format/RowGroup.read;org/apache/parquet/format/RowGroup$RowGroupStandardScheme.read;org/apache/parquet/format/RowGroup$RowGroupStandardScheme.read;java/util/ArrayList.add 1
java/lang/Thread.run;java/lang/Thread.runWith;java/util/concurrent/ThreadPoolExecutor$Worker.run;java/util/concurrent/ThreadPoolExecutor.runWorker;java/util/concurrent/FutureTask.run;java/util/concurrent/Executors$RunnableAdapter.call;java/util/concurrent/FutureTask.run;org/openjdk/jmh/runner/BenchmarkHandler$BenchmarkTask.call;org/openjdk/jmh/runner/BenchmarkHandler$BenchmarkTask.call;java/lang/reflect/Method.invoke;jdk/internal/reflect/DirectMethodHandleAccessor.invoke;jdk/internal/reflect/DirectMethodHandleAccessor.invokeImpl;java/lang/invoke/LambdaForm$MH.0x0000000061061400.invokeExact_MT;java/lang/invoke/LambdaForm$MH.0x0000000061061000.invoke;java/lang/invoke/DirectMethodHandle$Holder.invokeSpecial;org/weakref/nitro/clickbench/jmh_generated/BenchmarkQueries_query06_jmhTest.query06_AverageTime;org/weakref/nitro/clickbench/jmh_generated/BenchmarkQueries_query06_jmhTest.query06_avgt_jmhStub;org/weakref/nitro/clickbench/BenchmarkQueries.query06;org/weakref/nitro/clickbench/BenchmarkQueries.consume;org/weakref/nitro/operator/Output.borrow;org/weakref/nitro/operator/AggregationOperator$$Lambda.0x00000000610be3b8.apply;org/weakref/nitro/operator/AggregationOperator.lambda$resultOutput$0;org/weakref/nitro/operator/AggregationOperator.doAggregationIfNeeded;org/weakref/nitro/operator/MarkDistinctOperator.next;org/weakref/nitro/operator/MarkDistinctOperator.computeDistinctMask;org/weakref/nitro/operator/DistinctKeySet.addBatch;org/weakref/nitro/operator/DistinctKeySet$FlatDistinctIndex.addBatch;org/weakref/nitro/operator/DistinctKeySet$FlatDistinctIndex.addFlatBinaryBatch;org/weakref/nitro/operator/FlatGroupingTable.assignGroup;org/weakref/nitro/operator/FlatGroupingTable.assignGroupHashed;org/weakref/nitro/operator/FlatGroupingTable.assignGroupHashedInternal;org/weakref/nitro/operator/FlatGroupingTable.getIndex;org/weakref/nitro/operator/FlatGroupingTable.identical 9
java/lang/Thread.run;java/lang/Thread.runWith;java/util/concurrent/ThreadPoolExecutor$Worker.run;java/util/concurrent/ThreadPoolExecutor.runWorker;java/util/concurrent/FutureTask.run;java/util/concurrent/Executors$RunnableAdapter.call;java/util/concurrent/FutureTask.run;org/openjdk/jmh/runner/BenchmarkHandler$BenchmarkTask.call;org/openjdk/jmh/runner/BenchmarkHandler$BenchmarkTask.call;java/lang/reflect/Method.invoke;jdk/internal/reflect/DirectMethodHandleAccessor.invoke;jdk/internal/reflect/DirectMethodHandleAccessor.invokeImpl;java/lang/invoke/LambdaForm$MH.0x0000000061061400.invokeExact_MT;java/lang/invoke/LambdaForm$MH.0x0000000061061000.invoke;java/lang/invoke/DirectMethodHandle$Holder.invokeSpecial;org/weakref/nitro/clickbench/jmh_generated/BenchmarkQueries_query06_jmhTest.query06_AverageTime;org/weakref/nitro/clickbench/jmh_generated/BenchmarkQueries_query06_jmhTest.query06_avgt_jmhStub;org/weakref/nitro/clickbench/BenchmarkQueries.query06;org/weakref/nitro/clickbench/BenchmarkQueries.consume;org/weakref/nitro/operator/Output.borrow;org/weakref/nitro/operator/AggregationOperator$$Lambda.0x00000000610be3b8.apply;org/weakref/nitro/operator/AggregationOperator.lambda$resultOutput$0;org/weakref/nitro/operator/AggregationOperator.doAggregationIfNeeded;org/weakref/nitro/operator/MarkDistinctOperator.next;org/weakref/nitro/operator/MarkDistinctOperator.computeDistinctMask;org/weakref/nitro/operator/DistinctKeySet.addBatch;org/weakref/nitro/operator/DistinctKeySet$FlatDistinctIndex.addBatch;org/weakref/nitro/operator/FlatGroupingTable.assignGroup;org/weakref/nitro/operator/FlatGroupingTable.assignGroupHashed;org/weakref/nitro/operator/FlatGroupingTable.assignGroupHashedInternal;org/weakref/nitro/operator/FlatGroupingTable.getIndex;org/weakref/nitro/operator/FlatGroupingTable.identical;org/weakref/nitro/operator/FlatKeyLayout.identicalRecordToInput;org/weakref/nitro/operator/FlatKeyLayout.globalIdFor 1
java/lang/Thread.run;java/lang/Thread.runWith;java/util/concurrent/ThreadPoolExecutor$Worker.run;java/util/concurrent/ThreadPoolExecutor.runWorker;java/util/concurrent/FutureTask.run;java/util/concurrent/Executors$RunnableAdapter.call;java/util/concurrent/FutureTask.run;org/openjdk/jmh/runner/BenchmarkHandler$BenchmarkTask.call;org/openjdk/jmh/runner/BenchmarkHandler$BenchmarkTask.call;java/lang/reflect/Method.invoke;jdk/internal/reflect/DirectMethodHandleAccessor.invoke;jdk/internal/reflect/DirectMethodHandleAccessor.invokeImpl;java/lang/invoke/LambdaForm$MH.0x0000000061061400.invokeExact_MT;java/lang/invoke/LambdaForm$MH.0x0000000061061000.invoke;java/lang/invoke/DirectMethodHandle$Holder.invokeSpecial;org/weakref/nitro/clickbench/jmh_generated/BenchmarkQueries_query06_jmhTest.query06_AverageTime;org/weakref/nitro/clickbench/jmh_generated/BenchmarkQueries_query06_jmhTest.query06_avgt_jmhStub;org/weakref/nitro/clickbench/BenchmarkQueries.query06;org/weakref/nitro/clickbench/BenchmarkQueries.consume;org/weakref/nitro/operator/Output.borrow;org/weakref/nitro/operator/AggregationOperator$$Lambda.0x00000000610be3b8.apply;org/weakref/nitro/operator/AggregationOperator.lambda$resultOutput$0;org/weakref/nitro/operator/AggregationOperator.doAggregationIfNeeded;org/weakref/nitro/operator/MarkDistinctOperator.next;org/weakref/nitro/operator/MarkDistinctOperator.computeDistinctMask;org/weakref/nitro/operator/DistinctKeySet.addBatch;org/weakref/nitro/operator/DistinctKeySet$FlatDistinctIndex.addBatch;org/weakref/nitro/operator/FlatGroupingTable.assignGroup;org/weakref/nitro/operator/FlatGroupingTable.assignGroupHashed;org/weakref/nitro/operator/FlatGroupingTable.assignGroupHashedInternal 2
java/lang/Thread.run;java/lang/Thread.runWith;java/util/concurrent/ThreadPoolExecutor$Worker.run;java/util/concurrent/ThreadPoolExecutor.runWorker;java/util/concurrent/FutureTask.run;java/util/concurrent/Executors$RunnableAdapter.call;java/util/concurrent/FutureTask.run;org/openjdk/jmh/runner/BenchmarkHandler$BenchmarkTask.call;org/openjdk/jmh/runner/BenchmarkHandler$BenchmarkTask.call;java/lang/reflect/Method.invoke;jdk/internal/reflect/DirectMethodHandleAccessor.invoke;jdk/internal/reflect/DirectMethodHandleAccessor.invokeImpl;java/lang/invoke/LambdaForm$MH.0x0000000061061400.invokeExact_MT;java/lang/invoke/LambdaForm$MH.0x0000000061061000.invoke;java/lang/invoke/DirectMethodHandle$Holder.invokeSpecial;org/weakref/nitro/clickbench/jmh_generated/BenchmarkQueries_query06_jmhTest.query06_AverageTime;org/weakref/nitro/clickbench/jmh_generated/BenchmarkQueries_query06_jmhTest.query06_avgt_jmhStub;org/weakref/nitro/clickbench/BenchmarkQueries.query06;org/weakref/nitro/clickbench/BenchmarkQueries.consume;org/weakref/nitro/operator/Output.borrow;org/weakref/nitro/operator/AggregationOperator$$Lambda.0x00000000610be3b8.apply;org/weakref/nitro/operator/AggregationOperator.lambda$resultOutput$0;org/weakref/nitro/operator/AggregationOperator.doAggregationIfNeeded;org/weakref/nitro/operator/MarkDistinctOperator.next;org/weakref/nitro/operator/MarkDistinctOperator.computeDistinctMask;org/weakref/nitro/operator/DistinctKeySet.addBatch;org/weakref/nitro/operator/DistinctKeySet$FlatDistinctIndex.addBatch;org/weakref/nitro/operator/FlatGroupingTable.prepareBatchHashes;org/weakref/nitro/operator/FlatGroupingTable.prepareBatchHash;org/weakref/nitro/operator/FlatKeyLayout.hash 2
java/lang/Thread.run;java/lang/Thread.runWith;java/util/concurrent/ThreadPoolExecutor$Worker.run;java/util/concurrent/ThreadPoolExecutor.runWorker;java/util/concurrent/FutureTask.run;java/util/concurrent/Executors$RunnableAdapter.call;java/util/concurrent/FutureTask.run;org/openjdk/jmh/runner/BenchmarkHandler$BenchmarkTask.call;org/openjdk/jmh/runner/BenchmarkHandler$BenchmarkTask.call;java/lang/reflect/Method.invoke;jdk/internal/reflect/DirectMethodHandleAccessor.invoke;jdk/internal/reflect/DirectMethodHandleAccessor.invokeImpl;java/lang/invoke/LambdaForm$MH.0x0000000061061400.invokeExact_MT;java/lang/invoke/LambdaForm$MH.0x0000000061061000.invoke;java/lang/invoke/DirectMethodHandle$Holder.invokeSpecial;org/weakref/nitro/clickbench/jmh_generated/BenchmarkQueries_query06_jmhTest.query06_AverageTime;org/weakref/nitro/clickbench/jmh_generated/BenchmarkQueries_query06_jmhTest.query06_avgt_jmhStub;org/weakref/nitro/clickbench/BenchmarkQueries.query06;org/weakref/nitro/clickbench/BenchmarkQueries.consume;org/weakref/nitro/operator/Output.borrow;org/weakref/nitro/operator/AggregationOperator$$Lambda.0x00000000610be3b8.apply;org/weakref/nitro/operator/AggregationOperator.lambda$resultOutput$0;org/weakref/nitro/operator/AggregationOperator.doAggregationIfNeeded;org/weakref/nitro/operator/MarkDistinctOperator.next;org/weakref/nitro/operator/MarkDistinctOperator.computeDistinctMask;org/weakref/nitro/operator/DistinctKeySet.addBatch;org/weakref/nitro/operator/DistinctKeySet$FlatDistinctIndex.addBatch;org/weakref/nitro/operator/DistinctKeySet$FlatDistinctIndex.addFlatBinaryBatch;org/weakref/nitro/operator/FlatGroupingTable.prepareBatchHashes 1
java/lang/Thread.run;java/lang/Thread.runWith;java/util/concurrent/ThreadPoolExecutor$Worker.run;java/util/concurrent/ThreadPoolExecutor.runWorker;java/util/concurrent/FutureTask.run;java/util/concurrent/Executors$RunnableAdapter.call;java/util/concurrent/FutureTask.run;org/openjdk/jmh/runner/BenchmarkHandler$BenchmarkTask.call;org/openjdk/jmh/runner/BenchmarkHandler$BenchmarkTask.call;java/lang/reflect/Method.invoke;jdk/internal/reflect/DirectMethodHandleAccessor.invoke;jdk/internal/reflect/DirectMethodHandleAccessor.invokeImpl;java/lang/invoke/LambdaForm$MH.0x0000000061061400.invokeExact_MT;java/lang/invoke/LambdaForm$MH.0x0000000061061000.invoke;java/lang/invoke/DirectMethodHandle$Holder.invokeSpecial;org/weakref/nitro/clickbench/jmh_generated/BenchmarkQueries_query06_jmhTest.query06_AverageTime;org/weakref/nitro/clickbench/jmh_generated/BenchmarkQueries_query06_jmhTest.query06_avgt_jmhStub;org/weakref/nitro/clickbench/BenchmarkQueries.query06;org/weakref/nitro/clickbench/BenchmarkQueries.consume;org/weakref/nitro/operator/Output.borrow;org/weakref/nitro/operator/AggregationOperator$$Lambda.0x00000000610be3b8.apply;org/weakref/nitro/operator/AggregationOperator.lambda$resultOutput$0;org/weakref/nitro/operator/AggregationOperator.doAggregationIfNeeded;org/weakref/nitro/operator/MarkDistinctOperator.next;org/weakref/nitro/operator/MarkDistinctOperator.computeDistinctMask;org/weakref/nitro/operator/DistinctKeySet.addBatch;org/weakref/nitro/operator/DistinctKeySet$FlatDistinctIndex.addBatch;org/weakref/nitro/operator/DistinctKeySet$FlatDistinctIndex.addFlatBinaryBatch;org/weakref/nitro/operator/FlatGroupingTable.assignGroup;org/weakref/nitro/operator/FlatKeyLayout.compositeValueId 1
java/lang/Thread.run;java/lang/Thread.runWith;java/util/concurrent/ThreadPoolExecutor$Worker.run;java/util/concurrent/ThreadPoolExecutor.runWorker;java/util/concurrent/FutureTask.run;java/util/concurrent/Executors$RunnableAdapter.call;java/util/concurrent/FutureTask.run;org/openjdk/jmh/runner/BenchmarkHandler$BenchmarkTask.call;org/openjdk/jmh/runner/BenchmarkHandler$BenchmarkTask.call;java/lang/reflect/Method.invoke;jdk/internal/reflect/DirectMethodHandleAccessor.invoke;jdk/internal/reflect/DirectMethodHandleAccessor.invokeImpl;java/lang/invoke/LambdaForm$MH.0x0000000061061400.invokeExact_MT;java/lang/invoke/LambdaForm$MH.0x0000000061061000.invoke;java/lang/invoke/DirectMethodHandle$Holder.invokeSpecial;org/weakref/nitro/clickbench/jmh_generated/BenchmarkQueries_query06_jmhTest.query06_AverageTime;org/weakref/nitro/clickbench/jmh_generated/BenchmarkQueries_query06_jmhTest.query06_avgt_jmhStub;org/weakref/nitro/clickbench/BenchmarkQueries.query06;org/weakref/nitro/clickbench/BenchmarkQueries.consume;org/weakref/nitro/operator/Output.borrow;org/weakref/nitro/operator/AggregationOperator$$Lambda.0x00000000610be3b8.apply;org/weakref/nitro/operator/AggregationOperator.lambda$resultOutput$0;org/weakref/nitro/operator/AggregationOperator.doAggregationIfNeeded;org/weakref/nitro/operator/MarkDistinctOperator.next;org/weakref/nitro/operator/MarkDistinctOperator.computeDistinctMask;org/weakref/nitro/operator/DistinctKeySet.addBatch;org/weakref/nitro/operator/DistinctKeySet$FlatDistinctIndex.addBatch;org/weakref/nitro/operator/DistinctKeySet$FlatDistinctIndex.addFlatBinaryBatch;org/weakref/nitro/operator/FlatGroupingTable.assignGroup;org/weakref/nitro/operator/FlatGroupingTable.assignGroupHashed;org/weakref/nitro/operator/FlatGroupingTable.assignGroupHashedInternal;org/weakref/nitro/operator/FlatGroupingTable.addNewGroup;org/weakref/nitro/operator/FlatKeyLayout.writeRecord;org/weakref/nitro/operator/FlatKeyLayout.writeBinaryField;org/weakref/nitro/operator/FlatGroupingTable$FlatVariableWidthArena.chunkIndex 1
java/lang/Thread.run;java/lang/Thread.runWith;java/util/concurrent/ThreadPoolExecutor$Worker.run;java/util/concurrent/ThreadPoolExecutor.runWorker;java/util/concurrent/FutureTask.run;java/util/concurrent/Executors$RunnableAdapter.call;java/util/concurrent/FutureTask.run;org/openjdk/jmh/runner/BenchmarkHandler$BenchmarkTask.call;org/openjdk/jmh/runner/BenchmarkHandler$BenchmarkTask.call;java/lang/reflect/Method.invoke;jdk/internal/reflect/DirectMethodHandleAccessor.invoke;jdk/internal/reflect/DirectMethodHandleAccessor.invokeImpl;java/lang/invoke/LambdaForm$MH.0x0000000061061400.invokeExact_MT;java/lang/invoke/LambdaForm$MH.0x0000000061061000.invoke;java/lang/invoke/DirectMethodHandle$Holder.invokeSpecial;org/weakref/nitro/clickbench/jmh_generated/BenchmarkQueries_query06_jmhTest.query06_AverageTime;org/weakref/nitro/clickbench/jmh_generated/BenchmarkQueries_query06_jmhTest.query06_avgt_jmhStub;org/weakref/nitro/clickbench/BenchmarkQueries.query06;org/weakref/nitro/clickbench/BenchmarkQueries.consume;org/weakref/nitro/operator/Output.borrow;org/weakref/nitro/operator/AggregationOperator$$Lambda.0x00000000610be3b8.apply;org/weakref/nitro/operator/AggregationOperator.lambda$resultOutput$0;org/weakref/nitro/operator/AggregationOperator.doAggregationIfNeeded;org/weakref/nitro/operator/MarkDistinctOperator.next;org/weakref/nitro/operator/MarkDistinctOperator.computeDistinctMask;org/weakref/nitro/operator/DistinctKeySet.addBatch;org/weakref/nitro/operator/DistinctKeySet$FlatDistinctIndex.addBatch;org/weakref/nitro/operator/FlatGroupingTable.assignGroup;org/weakref/nitro/operator/FlatGroupingTable.assignGroupHashed;org/weakref/nitro/operator/FlatGroupingTable.assignGroupHashedInternal;org/weakref/nitro/operator/FlatGroupingTable.getIndex;org/weakref/nitro/operator/FlatGroupingTable.repeat 2
java/lang/Thread.run;java/lang/Thread.runWith;java/util/concurrent/ThreadPoolExecutor$Worker.run;java/util/concurrent/ThreadPoolExecutor.runWorker;java/util/concurrent/FutureTask.run;java/util/concurrent/Executors$RunnableAdapter.call;java/util/concurrent/FutureTask.run;org/openjdk/jmh/runner/BenchmarkHandler$BenchmarkTask.call;org/openjdk/jmh/runner/BenchmarkHandler$BenchmarkTask.call;java/lang/reflect/Method.invoke;jdk/internal/reflect/DirectMethodHandleAccessor.invoke;jdk/internal/reflect/DirectMethodHandleAccessor.invokeImpl;java/lang/invoke/LambdaForm$MH.0x0000000061061400.invokeExact_MT;java/lang/invoke/LambdaForm$MH.0x0000000061061000.invoke;java/lang/invoke/DirectMethodHandle$Holder.invokeSpecial;org/weakref/nitro/clickbench/jmh_generated/BenchmarkQueries_query06_jmhTest.query06_AverageTime;org/weakref/nitro/clickbench/jmh_generated/BenchmarkQueries_query06_jmhTest.query06_avgt_jmhStub;org/weakref/nitro/clickbench/BenchmarkQueries.query06;org/weakref/nitro/clickbench/BenchmarkQueries.consume;org/weakref/nitro/operator/Output.borrow;org/weakref/nitro/operator/AggregationOperator$$Lambda.0x00000000610be3b8.apply;org/weakref/nitro/operator/AggregationOperator.lambda$resultOutput$0;org/weakref/nitro/operator/AggregationOperator.doAggregationIfNeeded;org/weakref/nitro/operator/MarkDistinctOperator.next;org/weakref/nitro/operator/MarkDistinctOperator.computeDistinctMask;org/weakref/nitro/operator/DistinctKeySet.addBatch;org/weakref/nitro/operator/DistinctKeySet$FlatDistinctIndex.addBatch;org/weakref/nitro/operator/FlatGroupingTable.prepareBatchHashes;org/weakref/nitro/operator/FlatGroupingTable.prepareBatchHash;org/weakref/nitro/operator/FlatKeyLayout.hash;org/weakref/nitro/operator/FlatKeyLayout.fieldHash;org/weakref/nitro/operator/FlatKeyLayout.binaryFieldHash;org/weakref/nitro/operator/OperatorVectorSupport.binaryHash 3
java/lang/Thread.run;java/lang/Thread.runWith;java/util/concurrent/ThreadPoolExecutor$Worker.run;java/util/concurrent/ThreadPoolExecutor.runWorker;java/util/concurrent/FutureTask.run;java/util/concurrent/Executors$RunnableAdapter.call;java/util/concurrent/FutureTask.run;org/openjdk/jmh/runner/BenchmarkHandler$BenchmarkTask.call;org/openjdk/jmh/runner/BenchmarkHandler$BenchmarkTask.call;java/lang/reflect/Method.invoke;jdk/internal/reflect/DirectMethodHandleAccessor.invoke;jdk/internal/reflect/DirectMethodHandleAccessor.invokeImpl;java/lang/invoke/LambdaForm$MH.0x0000000061061400.invokeExact_MT;java/lang/invoke/LambdaForm$MH.0x0000000061061000.invoke;java/lang/invoke/DirectMethodHandle$Holder.invokeSpecial;org/weakref/nitro/clickbench/jmh_generated/BenchmarkQueries_query06_jmhTest.query06_AverageTime;org/weakref/nitro/clickbench/jmh_generated/BenchmarkQueries_query06_jmhTest.query06_avgt_jmhStub;org/weakref/nitro/clickbench/BenchmarkQueries.query06;org/weakref/nitro/clickbench/BenchmarkQueries.consume;org/weakref/nitro/operator/Output.borrow;org/weakref/nitro/operator/AggregationOperator$$Lambda.0x00000000610be3b8.apply;org/weakref/nitro/operator/AggregationOperator.lambda$resultOutput$0;org/weakref/nitro/operator/AggregationOperator.doAggregationIfNeeded;org/weakref/nitro/operator/MarkDistinctOperator.next;org/weakref/nitro/operator/MarkDistinctOperator.computeDistinctMask;org/weakref/nitro/operator/DistinctKeySet.addBatch;org/weakref/nitro/operator/DistinctKeySet$FlatDistinctIndex.addBatch;org/weakref/nitro/operator/FlatGroupingTable.prepareBatchHashes;org/weakref/nitro/operator/FlatGroupingTable.prepareBatchHash;org/weakref/nitro/operator/FlatKeyLayout.hash;org/weakref/nitro/operator/FlatKeyLayout.fieldHash 1
java/lang/Thread.run;java/lang/Thread.runWith;java/util/concurrent/ThreadPoolExecutor$Worker.run;java/util/concurrent/ThreadPoolExecutor.runWorker;java/util/concurrent/FutureTask.run;java/util/concurrent/Executors$RunnableAdapter.call;java/util/concurrent/FutureTask.run;org/openjdk/jmh/runner/BenchmarkHandler$BenchmarkTask.call;org/openjdk/jmh/runner/BenchmarkHandler$BenchmarkTask.call;java/lang/reflect/Method.invoke;jdk/internal/reflect/DirectMethodHandleAccessor.invoke;jdk/internal/reflect/DirectMethodHandleAccessor.invokeImpl;java/lang/invoke/LambdaForm$MH.0x0000000061061400.invokeExact_MT;java/lang/invoke/LambdaForm$MH.0x0000000061061000.invoke;java/lang/invoke/DirectMethodHandle$Holder.invokeSpecial;org/weakref/nitro/clickbench/jmh_generated/BenchmarkQueries_query06_jmhTest.query06_AverageTime;org/weakref/nitro/clickbench/jmh_generated/BenchmarkQueries_query06_jmhTest.query06_avgt_jmhStub;org/weakref/nitro/clickbench/BenchmarkQueries.query06;org/weakref/nitro/clickbench/BenchmarkQueries.consume;org/weakref/nitro/operator/Output.borrow;org/weakref/nitro/operator/AggregationOperator$$Lambda.0x00000000610be3b8.apply;org/weakref/nitro/operator/AggregationOperator.lambda$resultOutput$0;org/weakref/nitro/operator/AggregationOperator.doAggregationIfNeeded;org/weakref/nitro/operator/MarkDistinctOperator.next;org/weakref/nitro/operator/MarkDistinctOperator.computeDistinctMask;org/weakref/nitro/operator/Output.borrow;org/weakref/nitro/operator/NitroParquetScanOperator$ScanOutputResolver$$Lambda.0x00000000610aab88.apply;org/weakref/nitro/operator/NitroParquetScanOperator$ScanOutputResolver.resolve;org/weakref/nitro/operator/NitroParquetScanOperator.resolveLazyColumn;org/weakref/nitro/operator/NitroParquetScanOperator.decodeFullColumn;org/weakref/nitro/parquet/ColumnReader.readBinary;org/weakref/nitro/parquet/ColumnReader.readBinaryDirect;org/weakref/nitro/parquet/ColumnReader.decodeNextDataPage;org/weakref/nitro/parquet/ColumnReader.decompress;io/airlift/compress/v3/snappy/SnappyNativeDecompressor.decompress;io/airlift/compress/v3/snappy/SnappyNative.decompress;io/airlift/compress/v3/snappy/SnappyNative.decompressInternal;java/lang/invoke/LambdaForm$MH.0x0000000061108c00.invokeExact_MT;java/lang/invoke/LambdaForm$MH.0x0000000061119400.invoke;java/lang/invoke/LambdaForm$DMH.0x00000000610b1400.invokeStatic;jdk/internal/foreign/abi/DowncallStub.0x00000000610b1000.invoke;java/lang/invoke/LambdaForm$MH.0x0000000061109800.invokeExact_MT;java/lang/invoke/LambdaForm$MH.0x0000000061119800.invoke;nep_invoker_blob;snappy_uncompress;snappy::RawUncompress;snappy::RawUncompress;void snappy::SnappyDecompressor::DecompressAllTags<snappy::SnappyArrayWriter>;std::pair<unsigned char const*, long> snappy::DecompressBranchless<char*>;snappy::DeferMemCopy 4
java/lang/Thread.run;java/lang/Thread.runWith;java/util/concurrent/ThreadPoolExecutor$Worker.run;java/util/concurrent/ThreadPoolExecutor.runWorker;java/util/concurrent/FutureTask.run;java/util/concurrent/Executors$RunnableAdapter.call;java/util/concurrent/FutureTask.run;org/openjdk/jmh/runner/BenchmarkHandler$BenchmarkTask.call;org/openjdk/jmh/runner/BenchmarkHandler$BenchmarkTask.call;java/lang/reflect/Method.invoke;jdk/internal/reflect/DirectMethodHandleAccessor.invoke;jdk/internal/reflect/DirectMethodHandleAccessor.invokeImpl;java/lang/invoke/LambdaForm$MH.0x0000000061061400.invokeExact_MT;java/lang/invoke/LambdaForm$MH.0x0000000061061000.invoke;java/lang/invoke/DirectMethodHandle$Holder.invokeSpecial;org/weakref/nitro/clickbench/jmh_generated/BenchmarkQueries_query06_jmhTest.query06_AverageTime;org/weakref/nitro/clickbench/jmh_generated/BenchmarkQueries_query06_jmhTest.query06_avgt_jmhStub;org/weakref/nitro/clickbench/BenchmarkQueries.query06;org/weakref/nitro/clickbench/BenchmarkQueries.consume;org/weakref/nitro/operator/Output.borrow;org/weakref/nitro/operator/AggregationOperator$$Lambda.0x00000000610be3b8.apply;org/weakref/nitro/operator/AggregationOperator.lambda$resultOutput$0;org/weakref/nitro/operator/AggregationOperator.doAggregationIfNeeded;org/weakref/nitro/operator/MarkDistinctOperator.next;org/weakref/nitro/operator/MarkDistinctOperator.computeDistinctMask;org/weakref/nitro/operator/DistinctKeySet.addBatch;org/weakref/nitro/operator/DistinctKeySet$FlatDistinctIndex.addBatch;org/weakref/nitro/operator/DistinctKeySet$FlatDistinctIndex.addFlatBinaryBatch;org/weakref/nitro/operator/FlatGroupingTable.prepareBatchHashes;org/weakref/nitro/operator/FlatGroupingTable.prepareBatchHash;org/weakref/nitro/operator/FlatKeyLayout.hash;org/weakref/nitro/operator/OperatorVectorSupport.binaryHash 1
java/lang/Thread.run;java/lang/Thread.runWith;java/util/concurrent/ThreadPoolExecutor$Worker.run;java/util/concurrent/ThreadPoolExecutor.runWorker;java/util/concurrent/FutureTask.run;java/util/concurrent/Executors$RunnableAdapter.call;java/util/concurrent/FutureTask.run;org/openjdk/jmh/runner/BenchmarkHandler$BenchmarkTask.call;org/openjdk/jmh/runner/BenchmarkHandler$BenchmarkTask.call;java/lang/reflect/Method.invoke;jdk/internal/reflect/DirectMethodHandleAccessor.invoke;jdk/internal/reflect/DirectMethodHandleAccessor.invokeImpl;java/lang/invoke/LambdaForm$MH.0x0000000061061400.invokeExact_MT;java/lang/invoke/LambdaForm$MH.0x0000000061061000.invoke;java/lang/invoke/DirectMethodHandle$Holder.invokeSpecial;org/weakref/nitro/clickbench/jmh_generated/BenchmarkQueries_query06_jmhTest.query06_AverageTime;org/weakref/nitro/clickbench/jmh_generated/BenchmarkQueries_query06_jmhTest.query06_avgt_jmhStub;org/weakref/nitro/clickbench/BenchmarkQueries.query06;org/weakref/nitro/clickbench/BenchmarkQueries.consume;org/weakref/nitro/operator/Output.borrow;org/weakref/nitro/operator/AggregationOperator$$Lambda.0x00000000610be3b8.apply;org/weakref/nitro/operator/AggregationOperator.lambda$resultOutput$0;org/weakref/nitro/operator/AggregationOperator.doAggregationIfNeeded;org/weakref/nitro/operator/MarkDistinctOperator.next;org/weakref/nitro/operator/MarkDistinctOperator.computeDistinctMask;org/weakref/nitro/operator/Output.borrow;org/weakref/nitro/operator/NitroParquetScanOperator$ScanOutputResolver$$Lambda.0x00000000610aab88.apply;org/weakref/nitro/operator/NitroParquetScanOperator$ScanOutputResolver.resolve;org/weakref/nitro/operator/NitroParquetScanOperator.resolveLazyColumn;org/weakref/nitro/operator/NitroParquetScanOperator.decodeFullColumn;org/weakref/nitro/parquet/ColumnReader.readBinary;org/weakref/nitro/parquet/ColumnReader.readBinaryDirect;org/weakref/nitro/parquet/ColumnReader.decodeNextDataPage;org/weakref/nitro/parquet/ColumnReader.decompress;io/airlift/compress/v3/snappy/SnappyNativeDecompressor.decompress;io/airlift/compress/v3/snappy/SnappyNative.decompress;io/airlift/compress/v3/snappy/SnappyNative.decompressInternal;java/lang/invoke/LambdaForm$MH.0x0000000061108c00.invokeExact_MT;java/lang/invoke/LambdaForm$MH.0x0000000061119400.invoke;java/lang/invoke/LambdaForm$DMH.0x00000000610b1400.invokeStatic;jdk/internal/foreign/abi/DowncallStub.0x00000000610b1000.invoke;java/lang/invoke/LambdaForm$MH.0x0000000061109800.invokeExact_MT;java/lang/invoke/LambdaForm$MH.0x0000000061119800.invoke;nep_invoker_blob;snappy_uncompress;snappy::RawUncompress;snappy::RawUncompress;void snappy::SnappyDecompressor::DecompressAllTags<snappy::SnappyArrayWriter>;std::pair<unsigned char const*, long> snappy::DecompressBranchless<char*>;snappy::MemCopy64;memmove@plt 1
java/lang/Thread.run;java/lang/Thread.runWith;java/util/concurrent/ThreadPoolExecutor$Worker.run;java/util/concurrent/ThreadPoolExecutor.runWorker;java/util/concurrent/FutureTask.run;java/util/concurrent/Executors$RunnableAdapter.call;java/util/concurrent/FutureTask.run;org/openjdk/jmh/runner/BenchmarkHandler$BenchmarkTask.call;org/openjdk/jmh/runner/BenchmarkHandler$BenchmarkTask.call;java/lang/reflect/Method.invoke;jdk/internal/reflect/DirectMethodHandleAccessor.invoke;jdk/internal/reflect/DirectMethodHandleAccessor.invokeImpl;java/lang/invoke/LambdaForm$MH.0x0000000061061400.invokeExact_MT;java/lang/invoke/LambdaForm$MH.0x0000000061061000.invoke;java/lang/invoke/DirectMethodHandle$Holder.invokeSpecial;org/weakref/nitro/clickbench/jmh_generated/BenchmarkQueries_query06_jmhTest.query06_AverageTime;org/weakref/nitro/clickbench/jmh_generated/BenchmarkQueries_query06_jmhTest.query06_avgt_jmhStub;org/weakref/nitro/clickbench/BenchmarkQueries.query06;org/weakref/nitro/clickbench/BenchmarkQueries.consume;org/weakref/nitro/operator/Output.borrow;org/weakref/nitro/operator/AggregationOperator$$Lambda.0x00000000610be3b8.apply;org/weakref/nitro/operator/AggregationOperator.lambda$resultOutput$0;org/weakref/nitro/operator/AggregationOperator.doAggregationIfNeeded;org/weakref/nitro/operator/MarkDistinctOperator.next;org/weakref/nitro/operator/MarkDistinctOperator.computeDistinctMask;org/weakref/nitro/operator/DistinctKeySet.addBatch;org/weakref/nitro/operator/DistinctKeySet$FlatDistinctIndex.addBatch;org/weakref/nitro/operator/FlatGroupingTable.prepareBatchHashes;org/weakref/nitro/operator/FlatGroupingTable.prepareBatchHash;org/weakref/nitro/operator/FlatKeyLayout.hash;org/weakref/nitro/operator/FlatKeyLayout.fieldHash;org/weakref/nitro/operator/FlatKeyLayout.binaryFieldHash 3
java/lang/Thread.run;java/lang/Thread.runWith;java/util/concurrent/ThreadPoolExecutor$Worker.run;java/util/concurrent/ThreadPoolExecutor.runWorker;java/util/concurrent/FutureTask.run;java/util/concurrent/Executors$RunnableAdapter.call;java/util/concurrent/FutureTask.run;org/openjdk/jmh/runner/BenchmarkHandler$BenchmarkTask.call;org/openjdk/jmh/runner/BenchmarkHandler$BenchmarkTask.call;java/lang/reflect/Method.invoke;jdk/internal/reflect/DirectMethodHandleAccessor.invoke;jdk/internal/reflect/DirectMethodHandleAccessor.invokeImpl;java/lang/invoke/LambdaForm$MH.0x0000000061061400.invokeExact_MT;java/lang/invoke/LambdaForm$MH.0x0000000061061000.invoke;java/lang/invoke/DirectMethodHandle$Holder.invokeSpecial;org/weakref/nitro/clickbench/jmh_generated/BenchmarkQueries_query06_jmhTest.query06_AverageTime;org/weakref/nitro/clickbench/jmh_generated/BenchmarkQueries_query06_jmhTest.query06_avgt_jmhStub;org/weakref/nitro/clickbench/BenchmarkQueries.query06;org/weakref/nitro/clickbench/BenchmarkQueries.consume;org/weakref/nitro/operator/Output.borrow;org/weakref/nitro/operator/AggregationOperator$$Lambda.0x00000000610be3b8.apply;org/weakref/nitro/operator/AggregationOperator.lambda$resultOutput$0;org/weakref/nitro/operator/AggregationOperator.doAggregationIfNeeded;org/weakref/nitro/operator/MarkDistinctOperator.next;org/weakref/nitro/operator/MarkDistinctOperator.computeDistinctMask;org/weakref/nitro/operator/DistinctKeySet.addBatch;org/weakref/nitro/operator/DistinctKeySet$FlatDistinctIndex.addBatch 1
java/lang/Thread.run;java/lang/Thread.runWith;java/util/concurrent/ThreadPoolExecutor$Worker.run;java/util/concurrent/ThreadPoolExecutor.runWorker;java/util/concurrent/FutureTask.run;java/util/concurrent/Executors$RunnableAdapter.call;java/util/concurrent/FutureTask.run;org/openjdk/jmh/runner/BenchmarkHandler$BenchmarkTask.call;org/openjdk/jmh/runner/BenchmarkHandler$BenchmarkTask.call;java/lang/reflect/Method.invoke;jdk/internal/reflect/DirectMethodHandleAccessor.invoke;jdk/internal/reflect/DirectMethodHandleAccessor.invokeImpl;java/lang/invoke/LambdaForm$MH.0x0000000061061400.invokeExact_MT;java/lang/invoke/LambdaForm$MH.0x0000000061061000.invoke;java/lang/invoke/DirectMethodHandle$Holder.invokeSpecial;org/weakref/nitro/clickbench/jmh_generated/BenchmarkQueries_query06_jmhTest.query06_AverageTime;org/weakref/nitro/clickbench/jmh_generated/BenchmarkQueries_query06_jmhTest.query06_avgt_jmhStub;org/weakref/nitro/clickbench/BenchmarkQueries.query06;org/weakref/nitro/clickbench/BenchmarkQueries.consume;org/weakref/nitro/operator/Output.borrow;org/weakref/nitro/operator/AggregationOperator$$Lambda.0x00000000610be3b8.apply;org/weakref/nitro/operator/AggregationOperator.lambda$resultOutput$0;org/weakref/nitro/operator/AggregationOperator.doAggregationIfNeeded;org/weakref/nitro/operator/MarkDistinctOperator.next;org/weakref/nitro/operator/MarkDistinctOperator.computeDistinctMask;org/weakref/nitro/operator/DistinctKeySet.addBatch;org/weakref/nitro/operator/DistinctKeySet$FlatDistinctIndex.addBatch;org/weakref/nitro/operator/FlatGroupingTable.assignGroup;org/weakref/nitro/operator/FlatGroupingTable.assignGroupHashed;org/weakref/nitro/operator/FlatGroupingTable.assignGroupHashedInternal;org/weakref/nitro/operator/FlatGroupingTable.addNewGroup;org/weakref/nitro/operator/FlatKeyLayout.writeRecord;org/weakref/nitro/operator/FlatKeyLayout.storeRecordDictionaryIds 1
java/lang/Thread.run;java/lang/Thread.runWith;java/util/concurrent/ThreadPoolExecutor$Worker.run;java/util/concurrent/ThreadPoolExecutor.runWorker;java/util/concurrent/FutureTask.run;java/util/concurrent/Executors$RunnableAdapter.call;java/util/concurrent/FutureTask.run;org/openjdk/jmh/runner/BenchmarkHandler$BenchmarkTask.call;org/openjdk/jmh/runner/BenchmarkHandler$BenchmarkTask.call;java/lang/reflect/Method.invoke;jdk/internal/reflect/DirectMethodHandleAccessor.invoke;jdk/internal/reflect/DirectMethodHandleAccessor.invokeImpl;java/lang/invoke/LambdaForm$MH.0x0000000061061400.invokeExact_MT;java/lang/invoke/LambdaForm$MH.0x0000000061061000.invoke;java/lang/invoke/DirectMethodHandle$Holder.invokeSpecial;org/weakref/nitro/clickbench/jmh_generated/BenchmarkQueries_query06_jmhTest.query06_AverageTime;org/weakref/nitro/clickbench/jmh_generated/BenchmarkQueries_query06_jmhTest.query06_avgt_jmhStub;org/weakref/nitro/clickbench/BenchmarkQueries.query06;org/weakref/nitro/clickbench/BenchmarkQueries.consume;org/weakref/nitro/operator/Output.borrow;org/weakref/nitro/operator/AggregationOperator$$Lambda.0x00000000610be3b8.apply;org/weakref/nitro/operator/AggregationOperator.lambda$resultOutput$0;org/weakref/nitro/operator/AggregationOperator.doAggregationIfNeeded;org/weakref/nitro/operator/MarkDistinctOperator.next;org/weakref/nitro/operator/MarkDistinctOperator.computeDistinctMask;org/weakref/nitro/operator/DistinctKeySet.addBatch;org/weakref/nitro/operator/DistinctKeySet$FlatDistinctIndex.addBatch;org/weakref/nitro/operator/FlatGroupingTable.assignGroup;org/weakref/nitro/operator/FlatGroupingTable.assignGroupHashed;org/weakref/nitro/operator/FlatGroupingTable.assignGroupHashedInternal;org/weakref/nitro/operator/FlatGroupingTable.getIndex 6
java/lang/Thread.run;java/lang/Thread.runWith;java/util/concurrent/ThreadPoolExecutor$Worker.run;java/util/concurrent/ThreadPoolExecutor.runWorker;java/util/concurrent/FutureTask.run;java/util/concurrent/Executors$RunnableAdapter.call;java/util/concurrent/FutureTask.run;org/openjdk/jmh/runner/BenchmarkHandler$BenchmarkTask.call;org/openjdk/jmh/runner/BenchmarkHandler$BenchmarkTask.call;java/lang/reflect/Method.invoke;jdk/internal/reflect/DirectMethodHandleAccessor.invoke;jdk/internal/reflect/DirectMethodHandleAccessor.invokeImpl;java/lang/invoke/LambdaForm$MH.0x0000000061061400.invokeExact_MT;java/lang/invoke/LambdaForm$MH.0x0000000061061000.invoke;java/lang/invoke/DirectMethodHandle$Holder.invokeSpecial;org/weakref/nitro/clickbench/jmh_generated/BenchmarkQueries_query06_jmhTest.query06_AverageTime;org/weakref/nitro/clickbench/jmh_generated/BenchmarkQueries_query06_jmhTest.query06_avgt_jmhStub;org/weakref/nitro/clickbench/BenchmarkQueries.query06;org/weakref/nitro/clickbench/BenchmarkQueries.consume;org/weakref/nitro/operator/Output.borrow;org/weakref/nitro/operator/AggregationOperator$$Lambda.0x00000000610be3b8.apply;org/weakref/nitro/operator/AggregationOperator.lambda$resultOutput$0;org/weakref/nitro/operator/AggregationOperator.doAggregationIfNeeded;org/weakref/nitro/operator/MarkDistinctOperator.next;org/weakref/nitro/operator/MarkDistinctOperator.computeDistinctMask;org/weakref/nitro/operator/DistinctKeySet.addBatch;org/weakref/nitro/operator/DistinctKeySet$FlatDistinctIndex.addBatch;org/weakref/nitro/operator/FlatGroupingTable.assignGroup 2
java/lang/Thread.run;java/lang/Thread.runWith;java/util/concurrent/ThreadPoolExecutor$Worker.run;java/util/concurrent/ThreadPoolExecutor.runWorker;java/util/concurrent/FutureTask.run;java/util/concurrent/Executors$RunnableAdapter.call;java/util/concurrent/FutureTask.run;org/openjdk/jmh/runner/BenchmarkHandler$BenchmarkTask.call;org/openjdk/jmh/runner/BenchmarkHandler$BenchmarkTask.call;java/lang/reflect/Method.invoke;jdk/internal/reflect/DirectMethodHandleAccessor.invoke;jdk/internal/reflect/DirectMethodHandleAccessor.invokeImpl;java/lang/invoke/LambdaForm$MH.0x0000000061061400.invokeExact_MT;java/lang/invoke/LambdaForm$MH.0x0000000061061000.invoke;java/lang/invoke/DirectMethodHandle$Holder.invokeSpecial;org/weakref/nitro/clickbench/jmh_generated/BenchmarkQueries_query06_jmhTest.query06_AverageTime;org/weakref/nitro/clickbench/jmh_generated/BenchmarkQueries_query06_jmhTest.query06_avgt_jmhStub;org/weakref/nitro/clickbench/BenchmarkQueries.query06;org/weakref/nitro/clickbench/BenchmarkQueries.consume;org/weakref/nitro/operator/Output.borrow;org/weakref/nitro/operator/AggregationOperator$$Lambda.0x00000000610be3b8.apply;org/weakref/nitro/operator/AggregationOperator.lambda$resultOutput$0;org/weakref/nitro/operator/AggregationOperator.doAggregationIfNeeded;org/weakref/nitro/operator/MarkDistinctOperator.next;org/weakref/nitro/operator/MarkDistinctOperator.computeDistinctMask;org/weakref/nitro/operator/DistinctKeySet.addBatch;org/weakref/nitro/operator/DistinctKeySet$FlatDistinctIndex.addBatch;org/weakref/nitro/operator/FlatGroupingTable.assignGroup;org/weakref/nitro/operator/FlatKeyLayout.compositeValueId 1
java/lang/Thread.run;java/lang/Thread.runWith;java/util/concurrent/ThreadPoolExecutor$Worker.run;java/util/concurrent/ThreadPoolExecutor.runWorker;java/util/concurrent/FutureTask.run;java/util/concurrent/Executors$RunnableAdapter.call;java/util/concurrent/FutureTask.run;org/openjdk/jmh/runner/BenchmarkHandler$BenchmarkTask.call;org/openjdk/jmh/runner/BenchmarkHandler$BenchmarkTask.call;java/lang/reflect/Method.invoke;jdk/internal/reflect/DirectMethodHandleAccessor.invoke;jdk/internal/reflect/DirectMethodHandleAccessor.invokeImpl;java/lang/invoke/LambdaForm$MH.0x0000000061061400.invokeExact_MT;java/lang/invoke/LambdaForm$MH.0x0000000061061000.invoke;java/lang/invoke/DirectMethodHandle$Holder.invokeSpecial;org/weakref/nitro/clickbench/jmh_generated/BenchmarkQueries_query06_jmhTest.query06_AverageTime;org/weakref/nitro/clickbench/jmh_generated/BenchmarkQueries_query06_jmhTest.query06_avgt_jmhStub;org/weakref/nitro/clickbench/BenchmarkQueries.query06;org/weakref/nitro/clickbench/BenchmarkQueries.consume;org/weakref/nitro/operator/Output.borrow;org/weakref/nitro/operator/AggregationOperator$$Lambda.0x00000000610be3b8.apply;org/weakref/nitro/operator/AggregationOperator.lambda$resultOutput$0;org/weakref/nitro/operator/AggregationOperator.doAggregationIfNeeded;org/weakref/nitro/operator/MarkDistinctOperator.next;org/weakref/nitro/operator/MarkDistinctOperator.computeDistinctMask;org/weakref/nitro/operator/DistinctKeySet.addBatch;org/weakref/nitro/operator/DistinctKeySet$FlatDistinctIndex.addBatch;org/weakref/nitro/operator/FlatGroupingTable.prepareBatchHashes;org/weakref/nitro/operator/FlatGroupingTable.prepareBatchHash;org/weakref/nitro/operator/FlatKeyLayout.hash;org/weakref/nitro/operator/FlatKeyLayout.fieldHash;org/weakref/nitro/operator/FlatKeyLayout.binaryFieldHash;org/weakref/nitro/operator/OperatorVectorSupport.binaryHash;org/weakref/nitro/operator/OperatorVectorSupport.mix64 1
java/lang/Thread.run;java/lang/Thread.runWith;java/util/concurrent/ThreadPoolExecutor$Worker.run;java/util/concurrent/ThreadPoolExecutor.runWorker;java/util/concurrent/FutureTask.run;java/util/concurrent/Executors$RunnableAdapter.call;java/util/concurrent/FutureTask.run;org/openjdk/jmh/runner/BenchmarkHandler$BenchmarkTask.call;org/openjdk/jmh/runner/BenchmarkHandler$BenchmarkTask.call;java/lang/reflect/Method.invoke;jdk/internal/reflect/DirectMethodHandleAccessor.invoke;jdk/internal/reflect/DirectMethodHandleAccessor.invokeImpl;java/lang/invoke/LambdaForm$MH.0x0000000061061400.invokeExact_MT;java/lang/invoke/LambdaForm$MH.0x0000000061061000.invoke;java/lang/invoke/DirectMethodHandle$Holder.invokeSpecial;org/weakref/nitro/clickbench/jmh_generated/BenchmarkQueries_query06_jmhTest.query06_AverageTime;org/weakref/nitro/clickbench/jmh_generated/BenchmarkQueries_query06_jmhTest.query06_avgt_jmhStub;org/weakref/nitro/clickbench/BenchmarkQueries.query06;org/weakref/nitro/clickbench/BenchmarkQueries.consume;org/weakref/nitro/operator/Output.borrow;org/weakref/nitro/operator/AggregationOperator$$Lambda.0x00000000610be3b8.apply;org/weakref/nitro/operator/AggregationOperator.lambda$resultOutput$0;org/weakref/nitro/operator/AggregationOperator.doAggregationIfNeeded;org/weakref/nitro/operator/MarkDistinctOperator.next;org/weakref/nitro/operator/MarkDistinctOperator.computeDistinctMask;org/weakref/nitro/operator/Output.borrow;org/weakref/nitro/operator/NitroParquetScanOperator$ScanOutputResolver$$Lambda.0x00000000610aab88.apply;org/weakref/nitro/operator/NitroParquetScanOperator$ScanOutputResolver.resolve;org/weakref/nitro/operator/NitroParquetScanOperator.resolveLazyColumn;org/weakref/nitro/operator/NitroParquetScanOperator.decodeFullColumn;org/weakref/nitro/parquet/ColumnReader.readBinary;org/weakref/nitro/parquet/ColumnReader.readBinaryDirect;org/weakref/nitro/parquet/ColumnReader.decodeNextDataPage;org/weakref/nitro/parquet/ColumnReader.decompress;io/airlift/compress/v3/snappy/SnappyNativeDecompressor.decompress;io/airlift/compress/v3/snappy/SnappyNative.decompress;io/airlift/compress/v3/snappy/SnappyNative.decompressInternal;java/lang/invoke/LambdaForm$MH.0x0000000061108c00.invokeExact_MT;java/lang/invoke/LambdaForm$MH.0x0000000061119400.invoke;java/lang/invoke/LambdaForm$DMH.0x00000000610b1400.invokeStatic;jdk/internal/foreign/abi/DowncallStub.0x00000000610b1000.invoke;java/lang/invoke/LambdaForm$MH.0x0000000061109800.invokeExact_MT;java/lang/invoke/LambdaForm$MH.0x0000000061119800.invoke;nep_invoker_blob;snappy_uncompress;snappy::RawUncompress;snappy::RawUncompress;void snappy::SnappyDecompressor::DecompressAllTags<snappy::SnappyArrayWriter>;std::pair<unsigned char const*, long> snappy::DecompressBranchless<char*>;snappy::MemCopy64 4
/usr/lib/x86_64-linux-gnu/libc.so.6;/usr/lib/x86_64-linux-gnu/libc.so.6;thread_native_entry;Thread::call_run;JavaThread::thread_main_inner;CompileBroker::compiler_thread_loop;CompileBroker::invoke_compiler_on_method;C2Compiler::compile_method;Compile::Compile;Compile::Optimize;Compile::optimize_loops;PhaseIdealLoop::build_and_optimize;PhaseIdealLoop::build_loop_late;PhaseIdealLoop::build_loop_late_post_work;PhaseIdealLoop::get_late_ctrl_with_anti_dep;PhaseIdealLoop::is_dominator 1
java/lang/Thread.run;java/lang/Thread.runWith;java/util/concurrent/ThreadPoolExecutor$Worker.run;java/util/concurrent/ThreadPoolExecutor.runWorker;java/util/concurrent/FutureTask.run;java/util/concurrent/Executors$RunnableAdapter.call;java/util/concurrent/FutureTask.run;org/openjdk/jmh/runner/BenchmarkHandler$BenchmarkTask.call;org/openjdk/jmh/runner/BenchmarkHandler$BenchmarkTask.call;java/lang/reflect/Method.invoke;jdk/internal/reflect/DirectMethodHandleAccessor.invoke;jdk/internal/reflect/DirectMethodHandleAccessor.invokeImpl;java/lang/invoke/LambdaForm$MH.0x0000000061061400.invokeExact_MT;java/lang/invoke/LambdaForm$MH.0x0000000061061000.invoke;java/lang/invoke/DirectMethodHandle$Holder.invokeSpecial;org/weakref/nitro/clickbench/jmh_generated/BenchmarkQueries_query06_jmhTest.query06_AverageTime;org/weakref/nitro/clickbench/jmh_generated/BenchmarkQueries_query06_jmhTest.query06_avgt_jmhStub;org/weakref/nitro/clickbench/BenchmarkQueries.query06;org/weakref/nitro/clickbench/BenchmarkQueries.consume;org/weakref/nitro/operator/Output.borrow;org/weakref/nitro/operator/AggregationOperator$$Lambda.0x00000000610be3b8.apply;org/weakref/nitro/operator/AggregationOperator.lambda$resultOutput$0;org/weakref/nitro/operator/AggregationOperator.doAggregationIfNeeded;org/weakref/nitro/operator/MarkDistinctOperator.next;org/weakref/nitro/operator/MarkDistinctOperator.computeDistinctMask;org/weakref/nitro/operator/DistinctKeySet.addBatch;org/weakref/nitro/operator/DistinctKeySet$FlatDistinctIndex.addBatch;org/weakref/nitro/operator/DistinctKeySet$FlatDistinctIndex.addFlatBinaryBatch 1
java/lang/Thread.run;java/lang/Thread.runWith;java/util/concurrent/ThreadPoolExecutor$Worker.run;java/util/concurrent/ThreadPoolExecutor.runWorker;java/util/concurrent/FutureTask.run;java/util/concurrent/Executors$RunnableAdapter.call;java/util/concurrent/FutureTask.run;org/openjdk/jmh/runner/BenchmarkHandler$BenchmarkTask.call;org/openjdk/jmh/runner/BenchmarkHandler$BenchmarkTask.call;java/lang/reflect/Method.invoke;jdk/internal/reflect/DirectMethodHandleAccessor.invoke;jdk/internal/reflect/DirectMethodHandleAccessor.invokeImpl;java/lang/invoke/LambdaForm$MH.0x0000000061061400.invokeExact_MT;java/lang/invoke/LambdaForm$MH.0x0000000061061000.invoke;java/lang/invoke/DirectMethodHandle$Holder.invokeSpecial;org/weakref/nitro/clickbench/jmh_generated/BenchmarkQueries_query06_jmhTest.query06_AverageTime;org/weakref/nitro/clickbench/jmh_generated/BenchmarkQueries_query06_jmhTest.query06_avgt_jmhStub;org/weakref/nitro/clickbench/BenchmarkQueries.query06;org/weakref/nitro/clickbench/BenchmarkQueries.consume;org/weakref/nitro/operator/Output.borrow;org/weakref/nitro/operator/AggregationOperator$$Lambda.0x00000000610be3b8.apply;org/weakref/nitro/operator/AggregationOperator.lambda$resultOutput$0;org/weakref/nitro/operator/AggregationOperator.doAggregationIfNeeded;org/weakref/nitro/operator/MarkDistinctOperator.next;org/weakref/nitro/operator/MarkDistinctOperator.computeDistinctMask;org/weakref/nitro/operator/Output.borrow;org/weakref/nitro/operator/NitroParquetScanOperator$ScanOutputResolver$$Lambda.0x00000000610aab88.apply;org/weakref/nitro/operator/NitroParquetScanOperator$ScanOutputResolver.resolve;org/weakref/nitro/operator/NitroParquetScanOperator.resolveLazyColumn;org/weakref/nitro/operator/NitroParquetScanOperator.decodeFullColumn;org/weakref/nitro/parquet/ColumnReader.readBinary;org/weakref/nitro/parquet/ColumnReader.readBinaryDirect;org/weakref/nitro/parquet/ColumnReader.decodeNextDataPage;org/weakref/nitro/parquet/ColumnReader.decodeDataPageV1;org/weakref/nitro/parquet/RleReader.read;org/weakref/nitro/parquet/RleReader.readBitPacked 1
java/lang/Thread.run;java/lang/Thread.runWith;java/util/concurrent/ThreadPoolExecutor$Worker.run;java/util/concurrent/ThreadPoolExecutor.runWorker;java/util/concurrent/FutureTask.run;java/util/concurrent/Executors$RunnableAdapter.call;java/util/concurrent/FutureTask.run;org/openjdk/jmh/runner/BenchmarkHandler$BenchmarkTask.call;org/openjdk/jmh/runner/BenchmarkHandler$BenchmarkTask.call;java/lang/reflect/Method.invoke;jdk/internal/reflect/DirectMethodHandleAccessor.invoke;jdk/internal/reflect/DirectMethodHandleAccessor.invokeImpl;java/lang/invoke/LambdaForm$MH.0x0000000061061400.invokeExact_MT;java/lang/invoke/LambdaForm$MH.0x0000000061061000.invoke;java/lang/invoke/DirectMethodHandle$Holder.invokeSpecial;org/weakref/nitro/clickbench/jmh_generated/BenchmarkQueries_query06_jmhTest.query06_AverageTime;org/weakref/nitro/clickbench/jmh_generated/BenchmarkQueries_query06_jmhTest.query06_avgt_jmhStub;org/weakref/nitro/clickbench/BenchmarkQueries.query06;org/weakref/nitro/clickbench/BenchmarkQueries.consume;org/weakref/nitro/operator/Output.borrow;org/weakref/nitro/operator/AggregationOperator$$Lambda.0x00000000610be3b8.apply;org/weakref/nitro/operator/AggregationOperator.lambda$resultOutput$0;org/weakref/nitro/operator/AggregationOperator.doAggregationIfNeeded;org/weakref/nitro/operator/MarkDistinctOperator.next;org/weakref/nitro/operator/MarkDistinctOperator.computeDistinctMask;org/weakref/nitro/operator/Output.borrow;org/weakref/nitro/operator/NitroParquetScanOperator$ScanOutputResolver$$Lambda.0x00000000610aab88.apply;org/weakref/nitro/operator/NitroParquetScanOperator$ScanOutputResolver.resolve;org/weakref/nitro/operator/NitroParquetScanOperator.resolveLazyColumn;org/weakref/nitro/operator/NitroParquetScanOperator.decodeFullColumn;org/weakref/nitro/parquet/ColumnReader.readBinary;org/weakref/nitro/parquet/ColumnReader.readBinaryDirect;org/weakref/nitro/parquet/ColumnReader.decodeNextDataPage;org/weakref/nitro/parquet/ColumnReader.decompress;io/airlift/compress/v3/snappy/SnappyNativeDecompressor.decompress;io/airlift/compress/v3/snappy/SnappyNative.decompress;io/airlift/compress/v3/snappy/SnappyNative.decompressInternal;java/lang/invoke/LambdaForm$MH.0x0000000061108c00.invokeExact_MT;java/lang/invoke/LambdaForm$MH.0x0000000061119400.invoke;java/lang/invoke/LambdaForm$DMH.0x00000000610b1400.invokeStatic;jdk/internal/foreign/abi/DowncallStub.0x00000000610b1000.invoke;java/lang/invoke/LambdaForm$MH.0x0000000061109800.invokeExact_MT;java/lang/invoke/LambdaForm$MH.0x0000000061119800.invoke;nep_invoker_blob;snappy_uncompress;snappy::RawUncompress;snappy::RawUncompress;void snappy::SnappyDecompressor::DecompressAllTags<snappy::SnappyArrayWriter>;std::pair<unsigned char const*, long> snappy::DecompressBranchless<char*>;snappy::MemCopy64 1
java/lang/Thread.run;java/lang/Thread.runWith;java/util/concurrent/ThreadPoolExecutor$Worker.run;java/util/concurrent/ThreadPoolExecutor.runWorker;java/util/concurrent/FutureTask.run;java/util/concurrent/Executors$RunnableAdapter.call;java/util/concurrent/FutureTask.run;org/openjdk/jmh/runner/BenchmarkHandler$BenchmarkTask.call;org/openjdk/jmh/runner/BenchmarkHandler$BenchmarkTask.call;java/lang/reflect/Method.invoke;jdk/internal/reflect/DirectMethodHandleAccessor.invoke;jdk/internal/reflect/DirectMethodHandleAccessor.invokeImpl;java/lang/invoke/LambdaForm$MH.0x0000000061061400.invokeExact_MT;java/lang/invoke/LambdaForm$MH.0x0000000061061000.invoke;java/lang/invoke/DirectMethodHandle$Holder.invokeSpecial;org/weakref/nitro/clickbench/jmh_generated/BenchmarkQueries_query06_jmhTest.query06_AverageTime;org/weakref/nitro/clickbench/jmh_generated/BenchmarkQueries_query06_jmhTest.query06_avgt_jmhStub;org/weakref/nitro/clickbench/BenchmarkQueries.query06;org/weakref/nitro/clickbench/BenchmarkQueries.consume;org/weakref/nitro/operator/Output.borrow;org/weakref/nitro/operator/AggregationOperator$$Lambda.0x00000000610be3b8.apply;org/weakref/nitro/operator/AggregationOperator.lambda$resultOutput$0;org/weakref/nitro/operator/AggregationOperator.doAggregationIfNeeded;org/weakref/nitro/operator/MarkDistinctOperator.next;org/weakref/nitro/operator/MarkDistinctOperator.computeDistinctMask;org/weakref/nitro/operator/DistinctKeySet.addBatch;org/weakref/nitro/operator/DistinctKeySet$FlatDistinctIndex.addBatch;org/weakref/nitro/operator/FlatGroupingTable.assignGroup;org/weakref/nitro/operator/FlatGroupingTable.assignGroupHashed;org/weakref/nitro/operator/FlatGroupingTable.assignGroupHashedInternal;org/weakref/nitro/operator/FlatGroupingTable.getIndex;org/weakref/nitro/operator/FlatGroupingTable.identical;org/weakref/nitro/operator/FlatKeyLayout.identicalRecordToInput 2
java/lang/Thread.run;java/lang/Thread.runWith;java/util/concurrent/ThreadPoolExecutor$Worker.run;java/util/concurrent/ThreadPoolExecutor.runWorker;java/util/concurrent/FutureTask.run;java/util/concurrent/Executors$RunnableAdapter.call;java/util/concurrent/FutureTask.run;org/openjdk/jmh/runner/BenchmarkHandler$BenchmarkTask.call;org/openjdk/jmh/runner/BenchmarkHandler$BenchmarkTask.call;java/lang/reflect/Method.invoke;jdk/internal/reflect/DirectMethodHandleAccessor.invoke;jdk/internal/reflect/DirectMethodHandleAccessor.invokeImpl;java/lang/invoke/LambdaForm$MH.0x0000000061061400.invokeExact_MT;java/lang/invoke/LambdaForm$MH.0x0000000061061000.invoke;java/lang/invoke/DirectMethodHandle$Holder.invokeSpecial;org/weakref/nitro/clickbench/jmh_generated/BenchmarkQueries_query06_jmhTest.query06_AverageTime;org/weakref/nitro/clickbench/jmh_generated/BenchmarkQueries_query06_jmhTest.query06_avgt_jmhStub;org/weakref/nitro/clickbench/BenchmarkQueries.query06;org/weakref/nitro/clickbench/BenchmarkQueries.consume;org/weakref/nitro/operator/Output.borrow;org/weakref/nitro/operator/AggregationOperator$$Lambda.0x00000000610be3b8.apply;org/weakref/nitro/operator/AggregationOperator.lambda$resultOutput$0;org/weakref/nitro/operator/AggregationOperator.doAggregationIfNeeded;org/weakref/nitro/operator/MarkDistinctOperator.next;org/weakref/nitro/operator/MarkDistinctOperator.computeDistinctMask;org/weakref/nitro/operator/DistinctKeySet.addBatch;org/weakref/nitro/operator/DistinctKeySet$FlatDistinctIndex.addBatch;org/weakref/nitro/operator/FlatGroupingTable.assignGroup;org/weakref/nitro/operator/FlatGroupingTable.assignGroupHashed;org/weakref/nitro/operator/FlatGroupingTable.assignGroupHashedInternal;org/weakref/nitro/operator/FlatGroupingTable.getIndex;org/weakref/nitro/operator/FlatGroupingTable.match 1
/usr/lib/x86_64-linux-gnu/libc.so.6;/usr/lib/x86_64-linux-gnu/libc.so.6;thread_native_entry;Thread::call_run;JavaThread::thread_main_inner;CompileBroker::compiler_thread_loop;CompileBroker::invoke_compiler_on_method;C2Compiler::compile_method;Compile::Compile;ParseGenerator::generate;Parse::Parse;Parse::do_all_blocks;Parse::do_one_block;Parse::array_load;Parse::array_addressing;GraphKit::uncommon_trap;GraphKit::kill_dead_locals;ciMethod::liveness_at_bci;MethodLiveness::get_liveness_at;MethodLiveness::BasicBlock::get_liveness_at;MethodLiveness::BasicBlock::compute_gen_kill_range 1
java/lang/Thread.run;java/lang/Thread.runWith;java/util/concurrent/ThreadPoolExecutor$Worker.run;java/util/concurrent/ThreadPoolExecutor.runWorker;java/util/concurrent/FutureTask.run;java/util/concurrent/Executors$RunnableAdapter.call;java/util/concurrent/FutureTask.run;org/openjdk/jmh/runner/BenchmarkHandler$BenchmarkTask.call;org/openjdk/jmh/runner/BenchmarkHandler$BenchmarkTask.call;java/lang/reflect/Method.invoke;jdk/internal/reflect/DirectMethodHandleAccessor.invoke;jdk/internal/reflect/DirectMethodHandleAccessor.invokeImpl;java/lang/invoke/LambdaForm$MH.0x0000000061061400.invokeExact_MT;java/lang/invoke/LambdaForm$MH.0x0000000061061000.invoke;java/lang/invoke/DirectMethodHandle$Holder.invokeSpecial;org/weakref/nitro/clickbench/jmh_generated/BenchmarkQueries_query06_jmhTest.query06_AverageTime;org/weakref/nitro/clickbench/jmh_generated/BenchmarkQueries_query06_jmhTest.query06_avgt_jmhStub;org/weakref/nitro/clickbench/BenchmarkQueries.query06;org/weakref/nitro/clickbench/BenchmarkQueries.consume;org/weakref/nitro/operator/Output.borrow;org/weakref/nitro/operator/AggregationOperator$$Lambda.0x00000000610be3b8.apply;org/weakref/nitro/operator/AggregationOperator.lambda$resultOutput$0;org/weakref/nitro/operator/AggregationOperator.doAggregationIfNeeded;org/weakref/nitro/operator/MarkDistinctOperator.next;org/weakref/nitro/operator/MarkDistinctOperator.computeDistinctMask;org/weakref/nitro/operator/Output.borrow;org/weakref/nitro/operator/NitroParquetScanOperator$ScanOutputResolver$$Lambda.0x00000000610aab88.apply;org/weakref/nitro/operator/NitroParquetScanOperator$ScanOutputResolver.resolve;org/weakref/nitro/operator/NitroParquetScanOperator.resolveLazyColumn;org/weakref/nitro/operator/NitroParquetScanOperator.decodeFullColumn;org/weakref/nitro/parquet/ColumnReader.readBinary;org/weakref/nitro/parquet/ColumnReader.readBinaryDirect;org/weakref/nitro/parquet/ColumnReader.decodeNextDataPage;org/weakref/nitro/parquet/ColumnReader.decodeDataPageV1;org/weakref/nitro/parquet/ColumnReader.decodePlainBinary;org/weakref/nitro/parquet/ColumnReader.decodePlainBinaryPresized;org/weakref/nitro/parquet/ColumnReader.appendPlainEntryPresized;jdk/internal/foreign/AbstractMemorySegmentImpl.get;java/lang/invoke/VarHandleGuards.guard_LJ_I;java/lang/invoke/VarHandleSegmentAsInts.get;java/lang/invoke/VarHandleSegmentAsInts.get;jdk/internal/misc/ScopedMemoryAccess.getIntUnaligned;jdk/internal/misc/ScopedMemoryAccess.getIntUnalignedInternal;jdk/internal/misc/Unsafe.getIntUnaligned 3
java/lang/Thread.run;java/lang/Thread.runWith;java/util/concurrent/ThreadPoolExecutor$Worker.run;java/util/concurrent/ThreadPoolExecutor.runWorker;java/util/concurrent/FutureTask.run;java/util/concurrent/Executors$RunnableAdapter.call;java/util/concurrent/FutureTask.run;org/openjdk/jmh/runner/BenchmarkHandler$BenchmarkTask.call;org/openjdk/jmh/runner/BenchmarkHandler$BenchmarkTask.call;java/lang/reflect/Method.invoke;jdk/internal/reflect/DirectMethodHandleAccessor.invoke;jdk/internal/reflect/DirectMethodHandleAccessor.invokeImpl;java/lang/invoke/LambdaForm$MH.0x0000000061061400.invokeExact_MT;java/lang/invoke/LambdaForm$MH.0x0000000061061000.invoke;java/lang/invoke/DirectMethodHandle$Holder.invokeSpecial;org/weakref/nitro/clickbench/jmh_generated/BenchmarkQueries_query06_jmhTest.query06_AverageTime;org/weakref/nitro/clickbench/jmh_generated/BenchmarkQueries_query06_jmhTest.query06_avgt_jmhStub;org/weakref/nitro/clickbench/BenchmarkQueries.query06;org/weakref/nitro/clickbench/BenchmarkQueries.consume;org/weakref/nitro/operator/Output.borrow;org/weakref/nitro/operator/AggregationOperator$$Lambda.0x00000000610be3b8.apply;org/weakref/nitro/operator/AggregationOperator.lambda$resultOutput$0;org/weakref/nitro/operator/AggregationOperator.doAggregationIfNeeded;org/weakref/nitro/operator/MarkDistinctOperator.next;org/weakref/nitro/operator/MarkDistinctOperator.computeDistinctMask;org/weakref/nitro/operator/DistinctKeySet.addBatch;org/weakref/nitro/operator/DistinctKeySet$FlatDistinctIndex.addBatch;org/weakref/nitro/operator/FlatGroupingTable.prepareBatchHashes;org/weakref/nitro/operator/FlatGroupingTable.prepareBatchHash;org/weakref/nitro/operator/FlatKeyLayout.hash;org/weakref/nitro/operator/FlatKeyLayout.fieldHash;org/weakref/nitro/operator/FlatKeyLayout.binaryFieldHash;org/weakref/nitro/operator/FlatKeyLayout.globalIdFor 1
java/lang/Thread.run;java/lang/Thread.runWith;java/util/concurrent/ThreadPoolExecutor$Worker.run;java/util/concurrent/ThreadPoolExecutor.runWorker;java/util/concurrent/FutureTask.run;java/util/concurrent/Executors$RunnableAdapter.call;java/util/concurrent/FutureTask.run;org/openjdk/jmh/runner/BenchmarkHandler$BenchmarkTask.call;org/openjdk/jmh/runner/BenchmarkHandler$BenchmarkTask.call;java/lang/reflect/Method.invoke;jdk/internal/reflect/DirectMethodHandleAccessor.invoke;jdk/internal/reflect/DirectMethodHandleAccessor.invokeImpl;java/lang/invoke/LambdaForm$MH.0x0000000061061400.invokeExact_MT;java/lang/invoke/LambdaForm$MH.0x0000000061061000.invoke;java/lang/invoke/DirectMethodHandle$Holder.invokeSpecial;org/weakref/nitro/clickbench/jmh_generated/BenchmarkQueries_query06_jmhTest.query06_AverageTime;org/weakref/nitro/clickbench/jmh_generated/BenchmarkQueries_query06_jmhTest.query06_avgt_jmhStub;org/weakref/nitro/clickbench/BenchmarkQueries.query06;org/weakref/nitro/clickbench/BenchmarkQueries.consume;org/weakref/nitro/operator/Output.borrow;org/weakref/nitro/operator/AggregationOperator$$Lambda.0x00000000610be3b8.apply;org/weakref/nitro/operator/AggregationOperator.lambda$resultOutput$0;org/weakref/nitro/operator/AggregationOperator.doAggregationIfNeeded;org/weakref/nitro/operator/MarkDistinctOperator.next;org/weakref/nitro/operator/MarkDistinctOperator.computeDistinctMask;org/weakref/nitro/operator/DistinctKeySet.addBatch;org/weakref/nitro/operator/DistinctKeySet$FlatDistinctIndex.addBatch;org/weakref/nitro/operator/FlatGroupingTable.assignGroup;org/weakref/nitro/operator/FlatGroupingTable.assignGroupHashed;org/weakref/nitro/operator/FlatGroupingTable.assignGroupHashedInternal;org/weakref/nitro/operator/FlatGroupingTable.getIndex;org/weakref/nitro/operator/FlatGroupingTable.identical;org/weakref/nitro/operator/FlatKeyLayout.identicalRecordToInput;org/weakref/nitro/operator/FlatTypeHandlers$4.identicalFlatToInput;org/weakref/nitro/operator/OperatorVectorSupport.binaryEquals;java/util/Arrays.mismatch;jdk/internal/util/ArraysSupport.mismatch 2
java/lang/Thread.run;java/lang/Thread.runWith;java/util/concurrent/ThreadPoolExecutor$Worker.run;java/util/concurrent/ThreadPoolExecutor.runWorker;java/util/concurrent/FutureTask.run;java/util/concurrent/Executors$RunnableAdapter.call;java/util/concurrent/FutureTask.run;org/openjdk/jmh/runner/BenchmarkHandler$BenchmarkTask.call;org/openjdk/jmh/runner/BenchmarkHandler$BenchmarkTask.call;java/lang/reflect/Method.invoke;jdk/internal/reflect/DirectMethodHandleAccessor.invoke;jdk/internal/reflect/DirectMethodHandleAccessor.invokeImpl;java/lang/invoke/LambdaForm$MH.0x0000000061061400.invokeExact_MT;java/lang/invoke/LambdaForm$MH.0x0000000061061000.invoke;java/lang/invoke/DirectMethodHandle$Holder.invokeSpecial;org/weakref/nitro/clickbench/jmh_generated/BenchmarkQueries_query06_jmhTest.query06_AverageTime;org/weakref/nitro/clickbench/jmh_generated/BenchmarkQueries_query06_jmhTest.query06_avgt_jmhStub;org/weakref/nitro/clickbench/BenchmarkQueries.query06;org/weakref/nitro/clickbench/BenchmarkQueries.consume;org/weakref/nitro/operator/Output.borrow;org/weakref/nitro/operator/AggregationOperator$$Lambda.0x00000000610be3b8.apply;org/weakref/nitro/operator/AggregationOperator.lambda$resultOutput$0;org/weakref/nitro/operator/AggregationOperator.doAggregationIfNeeded;org/weakref/nitro/operator/MarkDistinctOperator.next;org/weakref/nitro/operator/MarkDistinctOperator.computeDistinctMask;org/weakref/nitro/operator/DistinctKeySet.addBatch;org/weakref/nitro/operator/DistinctKeySet$FlatDistinctIndex.addBatch;org/weakref/nitro/operator/FlatGroupingTable.assignGroup;org/weakref/nitro/operator/FlatGroupingTable.assignGroupHashed;org/weakref/nitro/operator/FlatGroupingTable.assignGroupHashedInternal;org/weakref/nitro/operator/FlatGroupingTable.rehash;org/weakref/nitro/operator/FlatGroupingTable.match 1
java/lang/Thread.run;java/lang/Thread.runWith;java/util/concurrent/ThreadPoolExecutor$Worker.run;java/util/concurrent/ThreadPoolExecutor.runWorker;java/util/concurrent/FutureTask.run;java/util/concurrent/Executors$RunnableAdapter.call;java/util/concurrent/FutureTask.run;org/openjdk/jmh/runner/BenchmarkHandler$BenchmarkTask.call;org/openjdk/jmh/runner/BenchmarkHandler$BenchmarkTask.call;java/lang/reflect/Method.invoke;jdk/internal/reflect/DirectMethodHandleAccessor.invoke;jdk/internal/reflect/DirectMethodHandleAccessor.invokeImpl;java/lang/invoke/LambdaForm$MH.0x0000000061061400.invokeExact_MT;java/lang/invoke/LambdaForm$MH.0x0000000061061000.invoke;java/lang/invoke/DirectMethodHandle$Holder.invokeSpecial;org/weakref/nitro/clickbench/jmh_generated/BenchmarkQueries_query06_jmhTest.query06_AverageTime;org/weakref/nitro/clickbench/jmh_generated/BenchmarkQueries_query06_jmhTest.query06_avgt_jmhStub;org/weakref/nitro/clickbench/BenchmarkQueries.query06;org/weakref/nitro/clickbench/BenchmarkQueries.consume;org/weakref/nitro/operator/Output.borrow;org/weakref/nitro/operator/AggregationOperator$$Lambda.0x00000000610be3b8.apply;org/weakref/nitro/operator/AggregationOperator.lambda$resultOutput$0;org/weakref/nitro/operator/AggregationOperator.doAggregationIfNeeded;org/weakref/nitro/operator/MarkDistinctOperator.next;org/weakref/nitro/operator/MarkDistinctOperator.computeDistinctMask;org/weakref/nitro/operator/DistinctKeySet.addBatch;org/weakref/nitro/operator/DistinctKeySet$FlatDistinctIndex.addBatch;org/weakref/nitro/operator/DistinctKeySet$FlatDistinctIndex.isTrackedSentinel;org/weakref/nitro/operator/FlatKeyLayout.isTrackedSentinel;org/weakref/nitro/operator/FlatKeyLayout.hasTrackedSentinel 4
java/lang/Thread.run;java/lang/Thread.runWith;java/util/concurrent/ThreadPoolExecutor$Worker.run;java/util/concurrent/ThreadPoolExecutor.runWorker;java/util/concurrent/FutureTask.run;java/util/concurrent/Executors$RunnableAdapter.call;java/util/concurrent/FutureTask.run;org/openjdk/jmh/runner/BenchmarkHandler$BenchmarkTask.call;org/openjdk/jmh/runner/BenchmarkHandler$BenchmarkTask.call;java/lang/reflect/Method.invoke;jdk/internal/reflect/DirectMethodHandleAccessor.invoke;jdk/internal/reflect/DirectMethodHandleAccessor.invokeImpl;java/lang/invoke/LambdaForm$MH.0x0000000061061400.invokeExact_MT;java/lang/invoke/LambdaForm$MH.0x0000000061061000.invoke;java/lang/invoke/DirectMethodHandle$Holder.invokeSpecial;org/weakref/nitro/clickbench/jmh_generated/BenchmarkQueries_query06_jmhTest.query06_AverageTime;org/weakref/nitro/clickbench/jmh_generated/BenchmarkQueries_query06_jmhTest.query06_avgt_jmhStub;org/weakref/nitro/clickbench/BenchmarkQueries.query06;org/weakref/nitro/clickbench/BenchmarkQueries.consume;org/weakref/nitro/operator/Output.borrow;org/weakref/nitro/operator/AggregationOperator$$Lambda.0x00000000610be3b8.apply;org/weakref/nitro/operator/AggregationOperator.lambda$resultOutput$0;org/weakref/nitro/operator/AggregationOperator.doAggregationIfNeeded;org/weakref/nitro/operator/MarkDistinctOperator.next;org/weakref/nitro/operator/MarkDistinctOperator.computeDistinctMask;org/weakref/nitro/operator/DistinctKeySet.addBatch;org/weakref/nitro/operator/DistinctKeySet$FlatDistinctIndex.addBatch;org/weakref/nitro/operator/FlatGroupingTable.prepareBatchHashes;org/weakref/nitro/operator/FlatGroupingTable.prepareBatchHash;org/weakref/nitro/operator/FlatKeyLayout.hash;org/weakref/nitro/operator/FlatKeyLayout.fieldHash;org/weakref/nitro/operator/FlatKeyLayout.binaryFieldHash;org/weakref/nitro/operator/FlatKeyLayout.globalIdFor;org/weakref/nitro/operator/ValueIdInterner.intern;org/weakref/nitro/operator/ValueIdInterner.store 1
java/lang/Thread.run;java/lang/Thread.runWith;java/util/concurrent/ThreadPoolExecutor$Worker.run;java/util/concurrent/ThreadPoolExecutor.runWorker;java/util/concurrent/FutureTask.run;java/util/concurrent/Executors$RunnableAdapter.call;java/util/concurrent/FutureTask.run;org/openjdk/jmh/runner/BenchmarkHandler$BenchmarkTask.call;org/openjdk/jmh/runner/BenchmarkHandler$BenchmarkTask.call;java/lang/reflect/Method.invoke;jdk/internal/reflect/DirectMethodHandleAccessor.invoke;jdk/internal/reflect/DirectMethodHandleAccessor.invokeImpl;java/lang/invoke/LambdaForm$MH.0x0000000061061400.invokeExact_MT;java/lang/invoke/LambdaForm$MH.0x0000000061061000.invoke;java/lang/invoke/DirectMethodHandle$Holder.invokeSpecial;org/weakref/nitro/clickbench/jmh_generated/BenchmarkQueries_query06_jmhTest.query06_AverageTime;org/weakref/nitro/clickbench/jmh_generated/BenchmarkQueries_query06_jmhTest.query06_avgt_jmhStub;org/weakref/nitro/clickbench/BenchmarkQueries.query06;org/weakref/nitro/clickbench/BenchmarkQueries.consume;org/weakref/nitro/operator/Output.borrow;org/weakref/nitro/operator/AggregationOperator$$Lambda.0x00000000610be3b8.apply;org/weakref/nitro/operator/AggregationOperator.lambda$resultOutput$0;org/weakref/nitro/operator/AggregationOperator.doAggregationIfNeeded;org/weakref/nitro/operator/MarkDistinctOperator.next;org/weakref/nitro/operator/MarkDistinctOperator.computeDistinctMask;org/weakref/nitro/operator/Output.borrow;org/weakref/nitro/operator/Output.resolvedStream 1
java/lang/Thread.run;java/lang/Thread.runWith;java/util/concurrent/ThreadPoolExecutor$Worker.run;java/util/concurrent/ThreadPoolExecutor.runWorker;java/util/concurrent/FutureTask.run;java/util/concurrent/Executors$RunnableAdapter.call;java/util/concurrent/FutureTask.run;org/openjdk/jmh/runner/BenchmarkHandler$BenchmarkTask.call;org/openjdk/jmh/runner/BenchmarkHandler$BenchmarkTask.call;java/lang/reflect/Method.invoke;jdk/internal/reflect/DirectMethodHandleAccessor.invoke;jdk/internal/reflect/DirectMethodHandleAccessor.invokeImpl;java/lang/invoke/LambdaForm$MH.0x0000000061061400.invokeExact_MT;java/lang/invoke/LambdaForm$MH.0x0000000061061000.invoke;java/lang/invoke/DirectMethodHandle$Holder.invokeSpecial;org/weakref/nitro/clickbench/jmh_generated/BenchmarkQueries_query06_jmhTest.query06_AverageTime;org/weakref/nitro/clickbench/jmh_generated/BenchmarkQueries_query06_jmhTest.query06_avgt_jmhStub;org/weakref/nitro/clickbench/BenchmarkQueries.query06;org/weakref/nitro/clickbench/BenchmarkQueries.consume;org/weakref/nitro/operator/Output.borrow;org/weakref/nitro/operator/AggregationOperator$$Lambda.0x00000000610be3b8.apply;org/weakref/nitro/operator/AggregationOperator.lambda$resultOutput$0;org/weakref/nitro/operator/AggregationOperator.doAggregationIfNeeded;org/weakref/nitro/operator/MarkDistinctOperator.next;org/weakref/nitro/operator/MarkDistinctOperator.computeDistinctMask;org/weakref/nitro/operator/DistinctKeySet.addBatch;org/weakref/nitro/operator/DistinctKeySet$FlatDistinctIndex.addBatch;org/weakref/nitro/operator/FlatGroupingTable.assignGroup;org/weakref/nitro/operator/FlatGroupingTable.assignGroupHashed;org/weakref/nitro/operator/FlatGroupingTable.assignGroupHashedInternal;org/weakref/nitro/operator/FlatGroupingTable.getIndex;org/weakref/nitro/operator/FlatGroupingTable.identical;java/lang/invoke/VarHandleGuards.guard_LI_J;java/lang/invoke/VarHandleByteArrayAsLongs$ArrayHandle.get;java/lang/invoke/VarHandleByteArrayAsLongs$ArrayHandle.index 6
java/lang/Thread.run;java/lang/Thread.runWith;java/util/concurrent/ThreadPoolExecutor$Worker.run;java/util/concurrent/ThreadPoolExecutor.runWorker;java/util/concurrent/FutureTask.run;java/util/concurrent/Executors$RunnableAdapter.call;java/util/concurrent/FutureTask.run;org/openjdk/jmh/runner/BenchmarkHandler$BenchmarkTask.call;org/openjdk/jmh/runner/BenchmarkHandler$BenchmarkTask.call;java/lang/reflect/Method.invoke;jdk/internal/reflect/DirectMethodHandleAccessor.invoke;jdk/internal/reflect/DirectMethodHandleAccessor.invokeImpl;java/lang/invoke/LambdaForm$MH.0x0000000061061400.invokeExact_MT;java/lang/invoke/LambdaForm$MH.0x0000000061061000.invoke;java/lang/invoke/DirectMethodHandle$Holder.invokeSpecial;org/weakref/nitro/clickbench/jmh_generated/BenchmarkQueries_query06_jmhTest.query06_AverageTime;org/weakref/nitro/clickbench/jmh_generated/BenchmarkQueries_query06_jmhTest.query06_avgt_jmhStub;org/weakref/nitro/clickbench/BenchmarkQueries.query06;org/weakref/nitro/clickbench/BenchmarkQueries.consume;org/weakref/nitro/operator/Output.borrow;org/weakref/nitro/operator/AggregationOperator$$Lambda.0x00000000610be3b8.apply;org/weakref/nitro/operator/AggregationOperator.lambda$resultOutput$0;org/weakref/nitro/operator/AggregationOperator.doAggregationIfNeeded;org/weakref/nitro/operator/MarkDistinctOperator.next;org/weakref/nitro/operator/MarkDistinctOperator.computeDistinctMask;org/weakref/nitro/operator/Output.borrow;org/weakref/nitro/operator/NitroParquetScanOperator$ScanOutputResolver$$Lambda.0x00000000610aab88.apply;org/weakref/nitro/operator/NitroParquetScanOperator$ScanOutputResolver.resolve;org/weakref/nitro/operator/NitroParquetScanOperator.resolveLazyColumn;org/weakref/nitro/operator/NitroParquetScanOperator.decodeFullColumn;org/weakref/nitro/parquet/ColumnReader.readBinary;org/weakref/nitro/parquet/ColumnReader.readBinaryDirect;org/weakref/nitro/parquet/ColumnReader.decodeNextDataPage;org/weakref/nitro/parquet/ColumnReader.decodeDictionary;jdk/internal/foreign/AbstractMemorySegmentImpl.get;java/lang/invoke/VarHandleGuards.guard_LJ_I;java/lang/invoke/VarHandleSegmentAsInts.get;java/lang/invoke/VarHandleSegmentAsInts.get;java/lang/invoke/SegmentVarHandle.checkSegment;jdk/internal/foreign/AbstractMemorySegmentImpl.checkEnclosingLayout;jdk/internal/foreign/AbstractMemorySegmentImpl.checkAccess;jdk/internal/foreign/AbstractMemorySegmentImpl.checkAccessBounds;jdk/internal/foreign/AbstractMemorySegmentImpl.checkBounds 1
java/lang/Thread.run;java/lang/Thread.runWith;java/util/concurrent/ThreadPoolExecutor$Worker.run;java/util/concurrent/ThreadPoolExecutor.runWorker;java/util/concurrent/FutureTask.run;java/util/concurrent/Executors$RunnableAdapter.call;java/util/concurrent/FutureTask.run;org/openjdk/jmh/runner/BenchmarkHandler$BenchmarkTask.call;org/openjdk/jmh/runner/BenchmarkHandler$BenchmarkTask.call;java/lang/reflect/Method.invoke;jdk/internal/reflect/DirectMethodHandleAccessor.invoke;jdk/internal/reflect/DirectMethodHandleAccessor.invokeImpl;java/lang/invoke/LambdaForm$MH.0x0000000061061400.invokeExact_MT;java/lang/invoke/LambdaForm$MH.0x0000000061061000.invoke;java/lang/invoke/DirectMethodHandle$Holder.invokeSpecial;org/weakref/nitro/clickbench/jmh_generated/BenchmarkQueries_query06_jmhTest.query06_AverageTime;org/weakref/nitro/clickbench/jmh_generated/BenchmarkQueries_query06_jmhTest.query06_avgt_jmhStub;org/weakref/nitro/clickbench/BenchmarkQueries.query06;org/weakref/nitro/clickbench/BenchmarkQueries.consume;org/weakref/nitro/operator/Output.borrow;org/weakref/nitro/operator/AggregationOperator$$Lambda.0x00000000610be3b8.apply;org/weakref/nitro/operator/AggregationOperator.lambda$resultOutput$0;org/weakref/nitro/operator/AggregationOperator.doAggregationIfNeeded;org/weakref/nitro/operator/MarkDistinctOperator.next;org/weakref/nitro/operator/MarkDistinctOperator.computeDistinctMask;org/weakref/nitro/operator/DistinctKeySet.addBatch;org/weakref/nitro/operator/DistinctKeySet$FlatDistinctIndex.addBatch;org/weakref/nitro/operator/FlatGroupingTable.assignGroup;org/weakref/nitro/operator/FlatGroupingTable.assignGroupHashed;org/weakref/nitro/operator/FlatGroupingTable.assignGroupHashedInternal;org/weakref/nitro/operator/FlatGroupingTable.getIndex;org/weakref/nitro/operator/FlatGroupingTable.identical;org/weakref/nitro/operator/FlatKeyLayout.identicalRecordToInput 4
java/lang/Thread.run;java/lang/Thread.runWith;java/util/concurrent/ThreadPoolExecutor$Worker.run;java/util/concurrent/ThreadPoolExecutor.runWorker;java/util/concurrent/FutureTask.run;java/util/concurrent/Executors$RunnableAdapter.call;java/util/concurrent/FutureTask.run;org/openjdk/jmh/runner/BenchmarkHandler$BenchmarkTask.call;org/openjdk/jmh/runner/BenchmarkHandler$BenchmarkTask.call;java/lang/reflect/Method.invoke;jdk/internal/reflect/DirectMethodHandleAccessor.invoke;jdk/internal/reflect/DirectMethodHandleAccessor.invokeImpl;java/lang/invoke/LambdaForm$MH.0x0000000061061400.invokeExact_MT;java/lang/invoke/LambdaForm$MH.0x0000000061061000.invoke;java/lang/invoke/DirectMethodHandle$Holder.invokeSpecial;org/weakref/nitro/clickbench/jmh_generated/BenchmarkQueries_query06_jmhTest.query06_AverageTime;org/weakref/nitro/clickbench/jmh_generated/BenchmarkQueries_query06_jmhTest.query06_avgt_jmhStub;org/weakref/nitro/clickbench/BenchmarkQueries.query06;org/weakref/nitro/clickbench/BenchmarkQueries.consume;org/weakref/nitro/operator/Output.borrow;org/weakref/nitro/operator/AggregationOperator$$Lambda.0x00000000610be3b8.apply;org/weakref/nitro/operator/AggregationOperator.lambda$resultOutput$0;org/weakref/nitro/operator/AggregationOperator.doAggregationIfNeeded;org/weakref/nitro/operator/MarkDistinctOperator.next;org/weakref/nitro/operator/MarkDistinctOperator.computeDistinctMask;org/weakref/nitro/operator/DistinctKeySet.addBatch;org/weakref/nitro/operator/DistinctKeySet$FlatDistinctIndex.addBatch;org/weakref/nitro/operator/FlatGroupingTable.assignGroup;org/weakref/nitro/operator/FlatGroupingTable.assignGroupHashed;org/weakref/nitro/operator/FlatGroupingTable.assignGroupHashedInternal;org/weakref/nitro/operator/FlatGroupingTable.getIndex;org/weakref/nitro/operator/FlatGroupingTable.identical 8
java/lang/Thread.run;java/lang/Thread.runWith;java/util/concurrent/ThreadPoolExecutor$Worker.run;java/util/concurrent/ThreadPoolExecutor.runWorker;java/util/concurrent/FutureTask.run;java/util/concurrent/Executors$RunnableAdapter.call;java/util/concurrent/FutureTask.run;org/openjdk/jmh/runner/BenchmarkHandler$BenchmarkTask.call;org/openjdk/jmh/runner/BenchmarkHandler$BenchmarkTask.call;java/lang/reflect/Method.invoke;jdk/internal/reflect/DirectMethodHandleAccessor.invoke;jdk/internal/reflect/DirectMethodHandleAccessor.invokeImpl;java/lang/invoke/LambdaForm$MH.0x0000000061061400.invokeExact_MT;java/lang/invoke/LambdaForm$MH.0x0000000061061000.invoke;java/lang/invoke/DirectMethodHandle$Holder.invokeSpecial;org/weakref/nitro/clickbench/jmh_generated/BenchmarkQueries_query06_jmhTest.query06_AverageTime;org/weakref/nitro/clickbench/jmh_generated/BenchmarkQueries_query06_jmhTest.query06_avgt_jmhStub;org/weakref/nitro/clickbench/BenchmarkQueries.query06;org/weakref/nitro/clickbench/BenchmarkQueries.consume;org/weakref/nitro/operator/Output.borrow;org/weakref/nitro/operator/AggregationOperator$$Lambda.0x00000000610be3b8.apply;org/weakref/nitro/operator/AggregationOperator.lambda$resultOutput$0;org/weakref/nitro/operator/AggregationOperator.doAggregationIfNeeded;org/weakref/nitro/operator/MarkDistinctOperator.next;org/weakref/nitro/operator/MarkDistinctOperator.computeDistinctMask;org/weakref/nitro/operator/DistinctKeySet.addBatch;org/weakref/nitro/operator/DistinctKeySet$FlatDistinctIndex.addBatch;org/weakref/nitro/operator/FlatGroupingTable.assignGroup;org/weakref/nitro/operator/FlatGroupingTable.assignGroupHashed;org/weakref/nitro/operator/FlatGroupingTable.assignGroupHashedInternal 1
java/lang/Thread.run;java/lang/Thread.runWith;java/util/concurrent/ThreadPoolExecutor$Worker.run;java/util/concurrent/ThreadPoolExecutor.runWorker;java/util/concurrent/FutureTask.run;java/util/concurrent/Executors$RunnableAdapter.call;java/util/concurrent/FutureTask.run;org/openjdk/jmh/runner/BenchmarkHandler$BenchmarkTask.call;org/openjdk/jmh/runner/BenchmarkHandler$BenchmarkTask.call;java/lang/reflect/Method.invoke;jdk/internal/reflect/DirectMethodHandleAccessor.invoke;jdk/internal/reflect/DirectMethodHandleAccessor.invokeImpl;java/lang/invoke/LambdaForm$MH.0x0000000061061400.invokeExact_MT;java/lang/invoke/LambdaForm$MH.0x0000000061061000.invoke;java/lang/invoke/DirectMethodHandle$Holder.invokeSpecial;org/weakref/nitro/clickbench/jmh_generated/BenchmarkQueries_query06_jmhTest.query06_AverageTime;org/weakref/nitro/clickbench/jmh_generated/BenchmarkQueries_query06_jmhTest.query06_avgt_jmhStub;org/weakref/nitro/clickbench/BenchmarkQueries.query06;org/weakref/nitro/clickbench/BenchmarkQueries.consume;org/weakref/nitro/operator/Output.borrow;org/weakref/nitro/operator/AggregationOperator$$Lambda.0x00000000610be3b8.apply;org/weakref/nitro/operator/AggregationOperator.lambda$resultOutput$0;org/weakref/nitro/operator/AggregationOperator.doAggregationIfNeeded;org/weakref/nitro/operator/MarkDistinctOperator.next;org/weakref/nitro/operator/MarkDistinctOperator.computeDistinctMask;org/weakref/nitro/operator/Output.borrow;org/weakref/nitro/operator/NitroParquetScanOperator$ScanOutputResolver$$Lambda.0x00000000610aab88.apply;org/weakref/nitro/operator/NitroParquetScanOperator$ScanOutputResolver.resolve;org/weakref/nitro/operator/NitroParquetScanOperator.resolveLazyColumn;org/weakref/nitro/operator/NitroParquetScanOperator.decodeFullColumn;org/weakref/nitro/parquet/ColumnReader.readBinary;org/weakref/nitro/parquet/ColumnReader.readBinaryDirect;org/weakref/nitro/parquet/ColumnReader.decodeNextDataPage;org/weakref/nitro/parquet/ColumnReader.decompress;io/airlift/compress/v3/snappy/SnappyNativeDecompressor.decompress;io/airlift/compress/v3/snappy/SnappyNative.decompress;io/airlift/compress/v3/snappy/SnappyNative.decompressInternal;java/lang/invoke/LambdaForm$MH.0x0000000061108c00.invokeExact_MT;java/lang/invoke/LambdaForm$MH.0x0000000061119400.invoke;java/lang/invoke/LambdaForm$DMH.0x00000000610b1400.invokeStatic;jdk/internal/foreign/abi/DowncallStub.0x00000000610b1000.invoke;java/lang/invoke/LambdaForm$MH.0x0000000061109800.invokeExact_MT;java/lang/invoke/LambdaForm$MH.0x0000000061119800.invoke;nep_invoker_blob;snappy_uncompress;snappy::RawUncompress;snappy::RawUncompress;void snappy::SnappyDecompressor::DecompressAllTags<snappy::SnappyArrayWriter>;std::pair<unsigned char const*, long> snappy::DecompressBranchless<char*>;snappy::MemCopy64;/usr/lib/x86_64-linux-gnu/libc.so.6 8
java/lang/Thread.run;java/lang/Thread.runWith;java/util/concurrent/ThreadPoolExecutor$Worker.run;java/util/concurrent/ThreadPoolExecutor.runWorker;java/util/concurrent/FutureTask.run;java/util/concurrent/Executors$RunnableAdapter.call;java/util/concurrent/FutureTask.run;org/openjdk/jmh/runner/BenchmarkHandler$BenchmarkTask.call;org/openjdk/jmh/runner/BenchmarkHandler$BenchmarkTask.call;java/lang/reflect/Method.invoke;jdk/internal/reflect/DirectMethodHandleAccessor.invoke;jdk/internal/reflect/DirectMethodHandleAccessor.invokeImpl;java/lang/invoke/LambdaForm$MH.0x0000000061061400.invokeExact_MT;java/lang/invoke/LambdaForm$MH.0x0000000061061000.invoke;java/lang/invoke/DirectMethodHandle$Holder.invokeSpecial;org/weakref/nitro/clickbench/jmh_generated/BenchmarkQueries_query06_jmhTest.query06_AverageTime;org/weakref/nitro/clickbench/jmh_generated/BenchmarkQueries_query06_jmhTest.query06_avgt_jmhStub;org/weakref/nitro/clickbench/BenchmarkQueries.query06;org/weakref/nitro/clickbench/BenchmarkQueries.consume;org/weakref/nitro/operator/Output.borrow;org/weakref/nitro/operator/AggregationOperator$$Lambda.0x00000000610be3b8.apply;org/weakref/nitro/operator/AggregationOperator.lambda$resultOutput$0;org/weakref/nitro/operator/AggregationOperator.doAggregationIfNeeded;org/weakref/nitro/operator/MarkDistinctOperator.next;org/weakref/nitro/operator/MarkDistinctOperator.computeDistinctMask;org/weakref/nitro/operator/DistinctKeySet.addBatch;org/weakref/nitro/operator/DistinctKeySet$FlatDistinctIndex.addBatch;org/weakref/nitro/operator/DistinctKeySet$FlatDistinctIndex.addFlatBinaryBatch;org/weakref/nitro/operator/FlatGroupingTable.assignGroup;org/weakref/nitro/operator/FlatGroupingTable.assignGroupHashed;org/weakref/nitro/operator/FlatGroupingTable.assignGroupHashedInternal 1
java/lang/Thread.run;java/lang/Thread.runWith;java/util/concurrent/ThreadPoolExecutor$Worker.run;java/util/concurrent/ThreadPoolExecutor.runWorker;java/util/concurrent/FutureTask.run;java/util/concurrent/Executors$RunnableAdapter.call;java/util/concurrent/FutureTask.run;org/openjdk/jmh/runner/BenchmarkHandler$BenchmarkTask.call;org/openjdk/jmh/runner/BenchmarkHandler$BenchmarkTask.call;java/lang/reflect/Method.invoke;jdk/internal/reflect/DirectMethodHandleAccessor.invoke;jdk/internal/reflect/DirectMethodHandleAccessor.invokeImpl;java/lang/invoke/LambdaForm$MH.0x0000000061061400.invokeExact_MT;java/lang/invoke/LambdaForm$MH.0x0000000061061000.invoke;java/lang/invoke/DirectMethodHandle$Holder.invokeSpecial;org/weakref/nitro/clickbench/jmh_generated/BenchmarkQueries_query06_jmhTest.query06_AverageTime;org/weakref/nitro/clickbench/jmh_generated/BenchmarkQueries_query06_jmhTest.query06_avgt_jmhStub;org/weakref/nitro/clickbench/BenchmarkQueries.query06;org/weakref/nitro/clickbench/BenchmarkQueries.consume;org/weakref/nitro/operator/Output.borrow;org/weakref/nitro/operator/AggregationOperator$$Lambda.0x00000000610be3b8.apply;org/weakref/nitro/operator/AggregationOperator.lambda$resultOutput$0;org/weakref/nitro/operator/AggregationOperator.doAggregationIfNeeded;org/weakref/nitro/operator/MarkDistinctOperator.next;org/weakref/nitro/operator/MarkDistinctOperator.computeDistinctMask;org/weakref/nitro/operator/DistinctKeySet.addBatch;org/weakref/nitro/operator/DistinctKeySet$FlatDistinctIndex.addBatch;org/weakref/nitro/operator/FlatGroupingTable.assignGroup;org/weakref/nitro/operator/FlatGroupingTable.assignGroupHashed;org/weakref/nitro/operator/FlatGroupingTable.assignGroupHashedInternal;org/weakref/nitro/operator/FlatGroupingTable.rehash;java/lang/invoke/VarHandleGuards.guard_LI_J;java/lang/invoke/VarHandleByteArrayAsLongs$ArrayHandle.get;java/lang/invoke/VarHandleByteArrayAsLongs$ArrayHandle.index 1
/usr/lib/x86_64-linux-gnu/libc.so.6;/usr/lib/x86_64-linux-gnu/libc.so.6;thread_native_entry;Thread::call_run;JavaThread::thread_main_inner;CompileBroker::compiler_thread_loop;CompileBroker::invoke_compiler_on_method;C2Compiler::compile_method;Compile::Compile;Compile::Code_Gen;PhaseChaitin::Register_Allocate;PhaseChaitin::stretch_base_pointer_live_ranges 1
java/lang/Thread.run;java/lang/Thread.runWith;java/util/concurrent/ThreadPoolExecutor$Worker.run;java/util/concurrent/ThreadPoolExecutor.runWorker;java/util/concurrent/FutureTask.run;java/util/concurrent/Executors$RunnableAdapter.call;java/util/concurrent/FutureTask.run;org/openjdk/jmh/runner/BenchmarkHandler$BenchmarkTask.call;org/openjdk/jmh/runner/BenchmarkHandler$BenchmarkTask.call;java/lang/reflect/Method.invoke;jdk/internal/reflect/DirectMethodHandleAccessor.invoke;jdk/internal/reflect/DirectMethodHandleAccessor.invokeImpl;java/lang/invoke/LambdaForm$MH.0x0000000061061400.invokeExact_MT;java/lang/invoke/LambdaForm$MH.0x0000000061061000.invoke;java/lang/invoke/DirectMethodHandle$Holder.invokeSpecial;org/weakref/nitro/clickbench/jmh_generated/BenchmarkQueries_query06_jmhTest.query06_AverageTime;org/weakref/nitro/clickbench/jmh_generated/BenchmarkQueries_query06_jmhTest.query06_avgt_jmhStub;org/weakref/nitro/clickbench/BenchmarkQueries.query06;org/weakref/nitro/clickbench/BenchmarkQueries.consume;org/weakref/nitro/operator/Output.borrow;org/weakref/nitro/operator/AggregationOperator$$Lambda.0x00000000610be3b8.apply;org/weakref/nitro/operator/AggregationOperator.lambda$resultOutput$0;org/weakref/nitro/operator/AggregationOperator.doAggregationIfNeeded;org/weakref/nitro/operator/MarkDistinctOperator.next;org/weakref/nitro/operator/MarkDistinctOperator.computeDistinctMask;org/weakref/nitro/operator/DistinctKeySet.addBatch;org/weakref/nitro/operator/DistinctKeySet$FlatDistinctIndex.addBatch;org/weakref/nitro/operator/FlatGroupingTable.prepareBatchHashes;org/weakref/nitro/data/Mask$1.hasNext 1
java/lang/Thread.run;java/lang/Thread.runWith;java/util/concurrent/ThreadPoolExecutor$Worker.run;java/util/concurrent/ThreadPoolExecutor.runWorker;java/util/concurrent/FutureTask.run;java/util/concurrent/Executors$RunnableAdapter.call;java/util/concurrent/FutureTask.run;org/openjdk/jmh/runner/BenchmarkHandler$BenchmarkTask.call;org/openjdk/jmh/runner/BenchmarkHandler$BenchmarkTask.call;java/lang/reflect/Method.invoke;jdk/internal/reflect/DirectMethodHandleAccessor.invoke;jdk/internal/reflect/DirectMethodHandleAccessor.invokeImpl;java/lang/invoke/LambdaForm$MH.0x0000000061061400.invokeExact_MT;java/lang/invoke/LambdaForm$MH.0x0000000061061000.invoke;java/lang/invoke/DirectMethodHandle$Holder.invokeSpecial;org/weakref/nitro/clickbench/jmh_generated/BenchmarkQueries_query06_jmhTest.query06_AverageTime;org/weakref/nitro/clickbench/jmh_generated/BenchmarkQueries_query06_jmhTest.query06_avgt_jmhStub;org/weakref/nitro/clickbench/BenchmarkQueries.query06;org/weakref/nitro/clickbench/BenchmarkQueries.consume;org/weakref/nitro/operator/Output.borrow;org/weakref/nitro/operator/AggregationOperator$$Lambda.0x00000000610be3b8.apply;org/weakref/nitro/operator/AggregationOperator.lambda$resultOutput$0;org/weakref/nitro/operator/AggregationOperator.doAggregationIfNeeded;org/weakref/nitro/operator/MarkDistinctOperator.next;org/weakref/nitro/operator/MarkDistinctOperator.computeDistinctMask;org/weakref/nitro/operator/Output.borrow;org/weakref/nitro/operator/NitroParquetScanOperator$ScanOutputResolver$$Lambda.0x00000000610aab88.apply;org/weakref/nitro/operator/NitroParquetScanOperator$ScanOutputResolver.resolve;org/weakref/nitro/operator/NitroParquetScanOperator.resolveLazyColumn;org/weakref/nitro/operator/NitroParquetScanOperator.decodeFullColumn;org/weakref/nitro/parquet/ColumnReader.readBinary;org/weakref/nitro/parquet/ColumnReader.readBinaryDirect;org/weakref/nitro/parquet/ColumnReader.decodeNextDataPage;org/weakref/nitro/parquet/ColumnReader.decodeDataPageV1;org/weakref/nitro/parquet/ColumnReader.decodePlainBinary;org/weakref/nitro/parquet/ColumnReader.decodePlainBinaryPresized 1
java/lang/Thread.run;java/lang/Thread.runWith;java/util/concurrent/ThreadPoolExecutor$Worker.run;java/util/concurrent/ThreadPoolExecutor.runWorker;java/util/concurrent/FutureTask.run;java/util/concurrent/Executors$RunnableAdapter.call;java/util/concurrent/FutureTask.run;org/openjdk/jmh/runner/BenchmarkHandler$BenchmarkTask.call;org/openjdk/jmh/runner/BenchmarkHandler$BenchmarkTask.call;java/lang/reflect/Method.invoke;jdk/internal/reflect/DirectMethodHandleAccessor.invoke;jdk/internal/reflect/DirectMethodHandleAccessor.invokeImpl;java/lang/invoke/LambdaForm$MH.0x0000000061061400.invokeExact_MT;java/lang/invoke/LambdaForm$MH.0x0000000061061000.invoke;java/lang/invoke/DirectMethodHandle$Holder.invokeSpecial;org/weakref/nitro/clickbench/jmh_generated/BenchmarkQueries_query06_jmhTest.query06_AverageTime;org/weakref/nitro/clickbench/jmh_generated/BenchmarkQueries_query06_jmhTest.query06_avgt_jmhStub;org/weakref/nitro/clickbench/BenchmarkQueries.query06;org/weakref/nitro/clickbench/BenchmarkQueries.consume;org/weakref/nitro/operator/Output.borrow;org/weakref/nitro/operator/AggregationOperator$$Lambda.0x00000000610be3b8.apply;org/weakref/nitro/operator/AggregationOperator.lambda$resultOutput$0;org/weakref/nitro/operator/AggregationOperator.doAggregationIfNeeded;org/weakref/nitro/operator/MarkDistinctOperator.next;org/weakref/nitro/operator/MarkDistinctOperator.computeDistinctMask;org/weakref/nitro/operator/DistinctKeySet.addBatch;org/weakref/nitro/operator/DistinctKeySet$FlatDistinctIndex.addBatch;org/weakref/nitro/operator/DistinctKeySet$FlatDistinctIndex.addFlatBinaryBatch;org/weakref/nitro/operator/FlatGroupingTable.prepareBatchHashes;org/weakref/nitro/operator/FlatGroupingTable.prepareBatchHash;org/weakref/nitro/operator/FlatKeyLayout.hash;org/weakref/nitro/operator/OperatorVectorSupport.binaryHash;org/weakref/nitro/operator/OperatorVectorSupport.mix64 1
java/lang/Thread.run;java/lang/Thread.runWith;java/util/concurrent/ThreadPoolExecutor$Worker.run;java/util/concurrent/ThreadPoolExecutor.runWorker;java/util/concurrent/FutureTask.run;java/util/concurrent/Executors$RunnableAdapter.call;java/util/concurrent/FutureTask.run;org/openjdk/jmh/runner/BenchmarkHandler$BenchmarkTask.call;org/openjdk/jmh/runner/BenchmarkHandler$BenchmarkTask.call;java/lang/reflect/Method.invoke;jdk/internal/reflect/DirectMethodHandleAccessor.invoke;jdk/internal/reflect/DirectMethodHandleAccessor.invokeImpl;java/lang/invoke/LambdaForm$MH.0x0000000061061400.invokeExact_MT;java/lang/invoke/LambdaForm$MH.0x0000000061061000.invoke;java/lang/invoke/DirectMethodHandle$Holder.invokeSpecial;org/weakref/nitro/clickbench/jmh_generated/BenchmarkQueries_query06_jmhTest.query06_AverageTime;org/weakref/nitro/clickbench/jmh_generated/BenchmarkQueries_query06_jmhTest.query06_avgt_jmhStub;org/weakref/nitro/clickbench/BenchmarkQueries.query06;org/weakref/nitro/clickbench/BenchmarkQueries.consume;org/weakref/nitro/operator/Output.borrow;org/weakref/nitro/operator/AggregationOperator$$Lambda.0x00000000610be3b8.apply;org/weakref/nitro/operator/AggregationOperator.lambda$resultOutput$0;org/weakref/nitro/operator/AggregationOperator.doAggregationIfNeeded;org/weakref/nitro/operator/MarkDistinctOperator.next;org/weakref/nitro/operator/MarkDistinctOperator.computeDistinctMask;org/weakref/nitro/operator/Output.borrow;org/weakref/nitro/operator/NitroParquetScanOperator$ScanOutputResolver$$Lambda.0x00000000610aab88.apply;org/weakref/nitro/operator/NitroParquetScanOperator$ScanOutputResolver.resolve;org/weakref/nitro/operator/NitroParquetScanOperator.resolveLazyColumn;org/weakref/nitro/operator/NitroParquetScanOperator.decodeFullColumn;org/weakref/nitro/parquet/ColumnReader.readBinary;org/weakref/nitro/parquet/ColumnReader.readBinaryDirect;org/weakref/nitro/parquet/ColumnReader.decodeNextDataPage;org/weakref/nitro/parquet/ColumnReader.decodeDataPageV1;org/weakref/nitro/parquet/ColumnReader.decodePlainBinary;org/weakref/nitro/parquet/ColumnReader.decodePlainBinaryPresized;org/weakref/nitro/parquet/ColumnReader.appendPlainEntryPresized;java/lang/foreign/MemorySegment.copy;jdk/internal/foreign/AbstractMemorySegmentImpl.copy;jdk/internal/foreign/AbstractMemorySegmentImpl.checkAccess;jdk/internal/foreign/AbstractMemorySegmentImpl.checkAccessBounds;jdk/internal/foreign/AbstractMemorySegmentImpl.checkBounds 1
/usr/lib/x86_64-linux-gnu/libc.so.6;/usr/lib/x86_64-linux-gnu/libc.so.6;thread_native_entry;Thread::call_run;JavaThread::thread_main_inner;CompileBroker::compiler_thread_loop;CompileBroker::invoke_compiler_on_method;C2Compiler::compile_method;Compile::Compile;Compile::Optimize;PhaseIterGVN::optimize;PhaseIterGVN::transform_old;IfNode::Ideal;IfNode::Ideal_common 1
java/lang/Thread.run;java/lang/Thread.runWith;java/util/concurrent/ThreadPoolExecutor$Worker.run;java/util/concurrent/ThreadPoolExecutor.runWorker;java/util/concurrent/FutureTask.run;java/util/concurrent/Executors$RunnableAdapter.call;java/util/concurrent/FutureTask.run;org/openjdk/jmh/runner/BenchmarkHandler$BenchmarkTask.call;org/openjdk/jmh/runner/BenchmarkHandler$BenchmarkTask.call;java/lang/reflect/Method.invoke;jdk/internal/reflect/DirectMethodHandleAccessor.invoke;jdk/internal/reflect/DirectMethodHandleAccessor.invokeImpl;java/lang/invoke/LambdaForm$MH.0x0000000061061400.invokeExact_MT;java/lang/invoke/LambdaForm$MH.0x0000000061061000.invoke;java/lang/invoke/DirectMethodHandle$Holder.invokeSpecial;org/weakref/nitro/clickbench/jmh_generated/BenchmarkQueries_query06_jmhTest.query06_AverageTime;org/weakref/nitro/clickbench/jmh_generated/BenchmarkQueries_query06_jmhTest.query06_avgt_jmhStub;org/weakref/nitro/clickbench/BenchmarkQueries.query06;org/weakref/nitro/clickbench/BenchmarkQueries.consume;org/weakref/nitro/operator/Output.borrow;org/weakref/nitro/operator/AggregationOperator$$Lambda.0x00000000610be3b8.apply;org/weakref/nitro/operator/AggregationOperator.lambda$resultOutput$0;org/weakref/nitro/operator/AggregationOperator.doAggregationIfNeeded;org/weakref/nitro/operator/MarkDistinctOperator.next;org/weakref/nitro/operator/MarkDistinctOperator.computeDistinctMask;org/weakref/nitro/operator/DistinctKeySet.addBatch;org/weakref/nitro/operator/DistinctKeySet$FlatDistinctIndex.addBatch;org/weakref/nitro/operator/DistinctKeySet$FlatDistinctIndex.addFlatBinaryBatch;org/weakref/nitro/operator/FlatGroupingTable.assignGroup;org/weakref/nitro/operator/FlatGroupingTable.assignGroupHashed;org/weakref/nitro/operator/FlatGroupingTable.assignGroupHashedInternal;org/weakref/nitro/operator/FlatGroupingTable.rehash;org/weakref/nitro/operator/FlatGroupingTable.bucket 1
java/lang/Thread.run;java/lang/Thread.runWith;java/util/concurrent/ThreadPoolExecutor$Worker.run;java/util/concurrent/ThreadPoolExecutor.runWorker;java/util/concurrent/FutureTask.run;java/util/concurrent/Executors$RunnableAdapter.call;java/util/concurrent/FutureTask.run;org/openjdk/jmh/runner/BenchmarkHandler$BenchmarkTask.call;org/openjdk/jmh/runner/BenchmarkHandler$BenchmarkTask.call;java/lang/reflect/Method.invoke;jdk/internal/reflect/DirectMethodHandleAccessor.invoke;jdk/internal/reflect/DirectMethodHandleAccessor.invokeImpl;java/lang/invoke/LambdaForm$MH.0x0000000061061400.invokeExact_MT;java/lang/invoke/LambdaForm$MH.0x0000000061061000.invoke;java/lang/invoke/DirectMethodHandle$Holder.invokeSpecial;org/weakref/nitro/clickbench/jmh_generated/BenchmarkQueries_query06_jmhTest.query06_AverageTime;org/weakref/nitro/clickbench/jmh_generated/BenchmarkQueries_query06_jmhTest.query06_avgt_jmhStub;org/weakref/nitro/clickbench/BenchmarkQueries.query06;org/weakref/nitro/clickbench/BenchmarkQueries.consume;org/weakref/nitro/operator/Output.borrow;org/weakref/nitro/operator/AggregationOperator$$Lambda.0x00000000610be3b8.apply;org/weakref/nitro/operator/AggregationOperator.lambda$resultOutput$0;org/weakref/nitro/operator/AggregationOperator.doAggregationIfNeeded;org/weakref/nitro/operator/MarkDistinctOperator.next;org/weakref/nitro/operator/MarkDistinctOperator.computeDistinctMask;org/weakref/nitro/operator/DistinctKeySet.addBatch;org/weakref/nitro/operator/DistinctKeySet$FlatDistinctIndex.addBatch;org/weakref/nitro/operator/DistinctKeySet$FlatDistinctIndex.addFlatBinaryBatch;org/weakref/nitro/operator/FlatGroupingTable.assignGroup;org/weakref/nitro/operator/FlatGroupingTable.assignGroupHashed;org/weakref/nitro/operator/FlatGroupingTable.assignGroupHashedInternal;org/weakref/nitro/operator/FlatGroupingTable.getIndex;org/weakref/nitro/operator/FlatGroupingTable.identical;org/weakref/nitro/operator/FlatKeyLayout.identicalRecordToInput;org/weakref/nitro/operator/FlatKeyLayout.identicalBinaryField;org/weakref/nitro/data/BinaryVector.data 2
