[INFO] Processing build on daemon d6404f1c
[INFO] Scanning for projects...
[INFO] Njord 0.9.4 session created
[INFO] BuildTimeEventSpy is registered.
[INFO] 
[INFO] Using the SmartBuilder implementation with a thread count of 7
[INFO] 
[INFO] -------------------------< org.weakref:nitro >--------------------------
[INFO] Building nitro 1-SNAPSHOT
[INFO]   from pom.xml
[INFO] --------------------------------[ jar ]---------------------------------
[WARNING] 2 problems were encountered while building the effective model for org.apache.yetus:audience-annotations:jar:0.5.0 during dependency collection step for project (use -X to see details)
[INFO] 
[INFO] --- exec:3.6.1:exec (benchmark) @ nitro ---
[WARNING] [stderr] WARNING: Using incubator modules: jdk.incubator.vector
[WARNING] [stderr] WARNING: A terminally deprecated method in sun.misc.Unsafe has been called
[WARNING] [stderr] WARNING: sun.misc.Unsafe::objectFieldOffset has been called by org.openjdk.jmh.util.Utils (file:/root/.m2/repository/org/openjdk/jmh/jmh-core/1.37/jmh-core-1.37.jar)
[WARNING] [stderr] WARNING: Please consider reporting this to the maintainers of class org.openjdk.jmh.util.Utils
[WARNING] [stderr] WARNING: sun.misc.Unsafe::objectFieldOffset will be removed in a future release
[INFO] [stdout] # JMH version: 1.37
[INFO] [stdout] # VM version: JDK 26.0.1, OpenJDK 64-Bit Server VM, 26.0.1+8
[INFO] [stdout] # VM invoker: /opt/java/openjdk/bin/java
[INFO] [stdout] # VM options: --enable-preview --add-modules=jdk.incubator.vector -Dnitro.clickbench.hits.path= -Dnitro.tpcds.parquet.path=/root/data/tpcds-parquet-sf10 -Dnitro.tpcds.parquet.schema=sf10 -Dnitro.parquet.debugDictionaryFilterSummary=true -Xmx12g -XX:+UseTransparentHugePages
[INFO] [stdout] # Blackhole mode: compiler (auto-detected, use -Djmh.blackhole.autoDetect=false to disable)
[INFO] [stdout] # Warmup: <none>
[INFO] [stdout] # Measurement: 1 iterations, 1 ms each
[INFO] [stdout] # Timeout: 30 min per iteration
[INFO] [stdout] # Threads: 1 thread, will synchronize iterations
[INFO] [stdout] # Benchmark mode: Average time, time/op
[INFO] [stdout] # Benchmark: org.weakref.nitro.tpcds.BenchmarkQueries.query01
[INFO] [stdout] 
[INFO] [stdout] # Run progress: 0.00% complete, ETA 00:00:00
[INFO] [stdout] # Fork: 1 of 1
[INFO] [stdout] WARNING: Using incubator modules: jdk.incubator.vector
[INFO] [stdout] WARNING: A terminally deprecated method in sun.misc.Unsafe has been called
[INFO] [stdout] WARNING: sun.misc.Unsafe::objectFieldOffset has been called by org.openjdk.jmh.util.Utils (file:/root/.m2/repository/org/openjdk/jmh/jmh-core/1.37/jmh-core-1.37.jar)
[INFO] [stdout] WARNING: Please consider reporting this to the maintainers of class org.openjdk.jmh.util.Utils
[INFO] [stdout] WARNING: sun.misc.Unsafe::objectFieldOffset will be removed in a future release
[INFO] [stdout] Iteration   1: WARNING: A restricted method in java.lang.foreign.SymbolLookup has been called
[INFO] [stdout] WARNING: java.lang.foreign.SymbolLookup::libraryLookup has been called by io.airlift.compress.v3.internal.NativeLoader in an unnamed module (file:/root/.m2/repository/io/airlift/aircompressor-v3/3.4/aircompressor-v3-3.4.jar)
[INFO] [stdout] WARNING: Use --enable-native-access=ALL-UNNAMED to avoid a warning for callers in this module
[INFO] [stdout] WARNING: Restricted methods will be blocked in a future release unless native access is enabled
[INFO] [stdout] 
[WARNING] [stderr] [dictionary-filter] kind=LONG optional=true rows=2875432 acceptedRows=557993 directRows=0 bitmaskRows=0 lastDictionary=2003 lastAccepted=366 branchless=true
[WARNING] [stderr] [dictionary-filter] kind=INT optional=true rows=73049 acceptedRows=366 directRows=0 bitmaskRows=0 lastDictionary=201 lastAccepted=1 branchless=false
[WARNING] [stderr] [dictionary-filter] kind=LONG optional=true rows=2875432 acceptedRows=557993 directRows=0 bitmaskRows=0 lastDictionary=2003 lastAccepted=366 branchless=true
[WARNING] [stderr] [dictionary-filter] kind=INT optional=true rows=73049 acceptedRows=366 directRows=0 bitmaskRows=0 lastDictionary=201 lastAccepted=1 branchless=false
[INFO] [stdout] 1157.274 ms/op
[INFO] [stdout] 
[INFO] [stdout] 
[INFO] [stdout] Result "org.weakref.nitro.tpcds.BenchmarkQueries.query01":
[INFO] [stdout]   1157.274 ms/op
[INFO] [stdout] 
[INFO] [stdout] 
[INFO] [stdout] # JMH version: 1.37
[INFO] [stdout] # VM version: JDK 26.0.1, OpenJDK 64-Bit Server VM, 26.0.1+8
[INFO] [stdout] # VM invoker: /opt/java/openjdk/bin/java
[INFO] [stdout] # VM options: --enable-preview --add-modules=jdk.incubator.vector -Dnitro.clickbench.hits.path= -Dnitro.tpcds.parquet.path=/root/data/tpcds-parquet-sf10 -Dnitro.tpcds.parquet.schema=sf10 -Dnitro.parquet.debugDictionaryFilterSummary=true -Xmx12g -XX:+UseTransparentHugePages
[INFO] [stdout] # Blackhole mode: compiler (auto-detected, use -Djmh.blackhole.autoDetect=false to disable)
[INFO] [stdout] # Warmup: <none>
[INFO] [stdout] # Measurement: 1 iterations, 1 ms each
[INFO] [stdout] # Timeout: 30 min per iteration
[INFO] [stdout] # Threads: 1 thread, will synchronize iterations
[INFO] [stdout] # Benchmark mode: Average time, time/op
[INFO] [stdout] # Benchmark: org.weakref.nitro.tpcds.BenchmarkQueries.query02
[INFO] [stdout] 
[INFO] [stdout] # Run progress: 1.01% complete, ETA 00:02:10
[INFO] [stdout] # Fork: 1 of 1
[INFO] [stdout] WARNING: Using incubator modules: jdk.incubator.vector
[INFO] [stdout] WARNING: A terminally deprecated method in sun.misc.Unsafe has been called
[INFO] [stdout] WARNING: sun.misc.Unsafe::objectFieldOffset has been called by org.openjdk.jmh.util.Utils (file:/root/.m2/repository/org/openjdk/jmh/jmh-core/1.37/jmh-core-1.37.jar)
[INFO] [stdout] WARNING: Please consider reporting this to the maintainers of class org.openjdk.jmh.util.Utils
[INFO] [stdout] WARNING: sun.misc.Unsafe::objectFieldOffset will be removed in a future release
[INFO] [stdout] Iteration   1: WARNING: A restricted method in java.lang.foreign.SymbolLookup has been called
[INFO] [stdout] WARNING: java.lang.foreign.SymbolLookup::libraryLookup has been called by io.airlift.compress.v3.internal.NativeLoader in an unnamed module (file:/root/.m2/repository/io/airlift/aircompressor-v3/3.4/aircompressor-v3-3.4.jar)
[INFO] [stdout] WARNING: Use --enable-native-access=ALL-UNNAMED to avoid a warning for callers in this module
[INFO] [stdout] WARNING: Restricted methods will be blocked in a future release unless native access is enabled
[INFO] [stdout] 
[WARNING] [stderr] [dictionary-filter] kind=INT optional=true rows=73049 acceptedRows=365 directRows=0 bitmaskRows=0 lastDictionary=201 lastAccepted=1 branchless=false
[WARNING] [stderr] [dictionary-filter] kind=INT optional=true rows=73049 acceptedRows=365 directRows=0 bitmaskRows=0 lastDictionary=201 lastAccepted=1 branchless=false
[INFO] [stdout] 1510.376 ms/op
[INFO] [stdout] 
[INFO] [stdout] 
[INFO] [stdout] Result "org.weakref.nitro.tpcds.BenchmarkQueries.query02":
[INFO] [stdout]   1510.376 ms/op
[INFO] [stdout] 
[INFO] [stdout] 
[INFO] [stdout] # JMH version: 1.37
[INFO] [stdout] # VM version: JDK 26.0.1, OpenJDK 64-Bit Server VM, 26.0.1+8
[INFO] [stdout] # VM invoker: /opt/java/openjdk/bin/java
[INFO] [stdout] # VM options: --enable-preview --add-modules=jdk.incubator.vector -Dnitro.clickbench.hits.path= -Dnitro.tpcds.parquet.path=/root/data/tpcds-parquet-sf10 -Dnitro.tpcds.parquet.schema=sf10 -Dnitro.parquet.debugDictionaryFilterSummary=true -Xmx12g -XX:+UseTransparentHugePages
[INFO] [stdout] # Blackhole mode: compiler (auto-detected, use -Djmh.blackhole.autoDetect=false to disable)
[INFO] [stdout] # Warmup: <none>
[INFO] [stdout] # Measurement: 1 iterations, 1 ms each
[INFO] [stdout] # Timeout: 30 min per iteration
[INFO] [stdout] # Threads: 1 thread, will synchronize iterations
[INFO] [stdout] # Benchmark mode: Average time, time/op
[INFO] [stdout] # Benchmark: org.weakref.nitro.tpcds.BenchmarkQueries.query03
[INFO] [stdout] 
[INFO] [stdout] # Run progress: 2.02% complete, ETA 00:02:26
[INFO] [stdout] # Fork: 1 of 1
[INFO] [stdout] WARNING: Using incubator modules: jdk.incubator.vector
[INFO] [stdout] WARNING: A terminally deprecated method in sun.misc.Unsafe has been called
[INFO] [stdout] WARNING: sun.misc.Unsafe::objectFieldOffset has been called by org.openjdk.jmh.util.Utils (file:/root/.m2/repository/org/openjdk/jmh/jmh-core/1.37/jmh-core-1.37.jar)
[INFO] [stdout] WARNING: Please consider reporting this to the maintainers of class org.openjdk.jmh.util.Utils
[INFO] [stdout] WARNING: sun.misc.Unsafe::objectFieldOffset will be removed in a future release
[INFO] [stdout] Iteration   1: WARNING: A restricted method in java.lang.foreign.SymbolLookup has been called
[INFO] [stdout] WARNING: java.lang.foreign.SymbolLookup::libraryLookup has been called by io.airlift.compress.v3.internal.NativeLoader in an unnamed module (file:/root/.m2/repository/io/airlift/aircompressor-v3/3.4/aircompressor-v3-3.4.jar)
[INFO] [stdout] WARNING: Use --enable-native-access=ALL-UNNAMED to avoid a warning for callers in this module
[INFO] [stdout] WARNING: Restricted methods will be blocked in a future release unless native access is enabled
[INFO] [stdout] 
[WARNING] [stderr] [dictionary-filter] kind=LONG optional=true rows=28791729 acceptedRows=51786 directRows=0 bitmaskRows=0 lastDictionary=0 lastAccepted=180 branchless=false
[WARNING] [stderr] [dictionary-filter] kind=INT optional=true rows=73049 acceptedRows=6000 directRows=0 bitmaskRows=73049 lastDictionary=12 lastAccepted=1 branchless=false
[INFO] [stdout] 445.922 ms/op
[INFO] [stdout] 
[INFO] [stdout] 
[INFO] [stdout] Result "org.weakref.nitro.tpcds.BenchmarkQueries.query03":
[INFO] [stdout]   445.922 ms/op
[INFO] [stdout] 
[INFO] [stdout] 
[INFO] [stdout] # JMH version: 1.37
[INFO] [stdout] # VM version: JDK 26.0.1, OpenJDK 64-Bit Server VM, 26.0.1+8
[INFO] [stdout] # VM invoker: /opt/java/openjdk/bin/java
[INFO] [stdout] # VM options: --enable-preview --add-modules=jdk.incubator.vector -Dnitro.clickbench.hits.path= -Dnitro.tpcds.parquet.path=/root/data/tpcds-parquet-sf10 -Dnitro.tpcds.parquet.schema=sf10 -Dnitro.parquet.debugDictionaryFilterSummary=true -Xmx12g -XX:+UseTransparentHugePages
[INFO] [stdout] # Blackhole mode: compiler (auto-detected, use -Djmh.blackhole.autoDetect=false to disable)
[INFO] [stdout] # Warmup: <none>
[INFO] [stdout] # Measurement: 1 iterations, 1 ms each
[INFO] [stdout] # Timeout: 30 min per iteration
[INFO] [stdout] # Threads: 1 thread, will synchronize iterations
[INFO] [stdout] # Benchmark mode: Average time, time/op
[INFO] [stdout] # Benchmark: org.weakref.nitro.tpcds.BenchmarkQueries.query04
[INFO] [stdout] 
[INFO] [stdout] # Run progress: 3.03% complete, ETA 00:01:55
[INFO] [stdout] # Fork: 1 of 1
[INFO] [stdout] WARNING: Using incubator modules: jdk.incubator.vector
[INFO] [stdout] WARNING: A terminally deprecated method in sun.misc.Unsafe has been called
[INFO] [stdout] WARNING: sun.misc.Unsafe::objectFieldOffset has been called by org.openjdk.jmh.util.Utils (file:/root/.m2/repository/org/openjdk/jmh/jmh-core/1.37/jmh-core-1.37.jar)
[INFO] [stdout] WARNING: Please consider reporting this to the maintainers of class org.openjdk.jmh.util.Utils
[INFO] [stdout] WARNING: sun.misc.Unsafe::objectFieldOffset will be removed in a future release
[INFO] [stdout] Iteration   1: WARNING: A restricted method in java.lang.foreign.SymbolLookup has been called
[INFO] [stdout] WARNING: java.lang.foreign.SymbolLookup::libraryLookup has been called by io.airlift.compress.v3.internal.NativeLoader in an unnamed module (file:/root/.m2/repository/io/airlift/aircompressor-v3/3.4/aircompressor-v3-3.4.jar)
[INFO] [stdout] WARNING: Use --enable-native-access=ALL-UNNAMED to avoid a warning for callers in this module
[INFO] [stdout] WARNING: Restricted methods will be blocked in a future release unless native access is enabled
[INFO] [stdout] 
[WARNING] [stderr] [dictionary-filter] kind=INT optional=true rows=73049 acceptedRows=365 directRows=0 bitmaskRows=0 lastDictionary=201 lastAccepted=1 branchless=false
[WARNING] [stderr] [dictionary-filter] kind=INT optional=true rows=73049 acceptedRows=365 directRows=0 bitmaskRows=0 lastDictionary=201 lastAccepted=1 branchless=false
[WARNING] [stderr] [dictionary-filter] kind=INT optional=true rows=73049 acceptedRows=365 directRows=0 bitmaskRows=0 lastDictionary=201 lastAccepted=1 branchless=false
[WARNING] [stderr] [dictionary-filter] kind=INT optional=true rows=73049 acceptedRows=365 directRows=0 bitmaskRows=0 lastDictionary=201 lastAccepted=1 branchless=false
[WARNING] [stderr] [dictionary-filter] kind=INT optional=true rows=73049 acceptedRows=365 directRows=0 bitmaskRows=0 lastDictionary=201 lastAccepted=1 branchless=false
[WARNING] [stderr] [dictionary-filter] kind=INT optional=true rows=73049 acceptedRows=365 directRows=0 bitmaskRows=0 lastDictionary=201 lastAccepted=1 branchless=false
[WARNING] [stderr] [dictionary-filter] kind=LONG optional=true rows=28800991 acceptedRows=5470761 directRows=0 bitmaskRows=0 lastDictionary=578 lastAccepted=108 branchless=true
[WARNING] [stderr] [dictionary-filter] kind=LONG optional=true rows=28800991 acceptedRows=5504626 directRows=0 bitmaskRows=0 lastDictionary=578 lastAccepted=105 branchless=true
[WARNING] [stderr] [dictionary-filter] kind=LONG optional=true rows=14401261 acceptedRows=2852599 directRows=0 bitmaskRows=0 lastDictionary=8 lastAccepted=3 branchless=true
[WARNING] [stderr] [dictionary-filter] kind=LONG optional=true rows=14401261 acceptedRows=2849403 directRows=0 bitmaskRows=0 lastDictionary=8 lastAccepted=3 branchless=true
[WARNING] [stderr] [dictionary-filter] kind=LONG optional=true rows=7197566 acceptedRows=1432886 directRows=0 bitmaskRows=0 lastDictionary=1823 lastAccepted=364 branchless=true
[WARNING] [stderr] [dictionary-filter] kind=LONG optional=true rows=7197566 acceptedRows=1438846 directRows=0 bitmaskRows=0 lastDictionary=1823 lastAccepted=364 branchless=true
[INFO] [stdout] 2424.324 ms/op
[INFO] [stdout] 
[INFO] [stdout] 
[INFO] [stdout] Result "org.weakref.nitro.tpcds.BenchmarkQueries.query04":
[INFO] [stdout]   2424.324 ms/op
[INFO] [stdout] 
[INFO] [stdout] 
[INFO] [stdout] # JMH version: 1.37
[INFO] [stdout] # VM version: JDK 26.0.1, OpenJDK 64-Bit Server VM, 26.0.1+8
[INFO] [stdout] # VM invoker: /opt/java/openjdk/bin/java
[INFO] [stdout] # VM options: --enable-preview --add-modules=jdk.incubator.vector -Dnitro.clickbench.hits.path= -Dnitro.tpcds.parquet.path=/root/data/tpcds-parquet-sf10 -Dnitro.tpcds.parquet.schema=sf10 -Dnitro.parquet.debugDictionaryFilterSummary=true -Xmx12g -XX:+UseTransparentHugePages
[INFO] [stdout] # Blackhole mode: compiler (auto-detected, use -Djmh.blackhole.autoDetect=false to disable)
[INFO] [stdout] # Warmup: <none>
[INFO] [stdout] # Measurement: 1 iterations, 1 ms each
[INFO] [stdout] # Timeout: 30 min per iteration
[INFO] [stdout] # Threads: 1 thread, will synchronize iterations
[INFO] [stdout] # Benchmark mode: Average time, time/op
[INFO] [stdout] # Benchmark: org.weakref.nitro.tpcds.BenchmarkQueries.query05
[INFO] [stdout] 
[INFO] [stdout] # Run progress: 4.04% complete, ETA 00:02:27
[INFO] [stdout] # Fork: 1 of 1
[INFO] [stdout] WARNING: Using incubator modules: jdk.incubator.vector
[INFO] [stdout] WARNING: A terminally deprecated method in sun.misc.Unsafe has been called
[INFO] [stdout] WARNING: sun.misc.Unsafe::objectFieldOffset has been called by org.openjdk.jmh.util.Utils (file:/root/.m2/repository/org/openjdk/jmh/jmh-core/1.37/jmh-core-1.37.jar)
[INFO] [stdout] WARNING: Please consider reporting this to the maintainers of class org.openjdk.jmh.util.Utils
[INFO] [stdout] WARNING: sun.misc.Unsafe::objectFieldOffset will be removed in a future release
[INFO] [stdout] Iteration   1: WARNING: A restricted method in java.lang.foreign.SymbolLookup has been called
[INFO] [stdout] WARNING: java.lang.foreign.SymbolLookup::libraryLookup has been called by io.airlift.compress.v3.internal.NativeLoader in an unnamed module (file:/root/.m2/repository/io/airlift/aircompressor-v3/3.4/aircompressor-v3-3.4.jar)
[INFO] [stdout] WARNING: Use --enable-native-access=ALL-UNNAMED to avoid a warning for callers in this module
[INFO] [stdout] WARNING: Restricted methods will be blocked in a future release unless native access is enabled
[INFO] [stdout] 
[WARNING] [stderr] [dictionary-filter] kind=LONG optional=true rows=28800991 acceptedRows=298467 directRows=0 bitmaskRows=0 lastDictionary=578 lastAccepted=5 branchless=false
[WARNING] [stderr] [dictionary-filter] kind=LONG optional=true rows=2875432 acceptedRows=15733 directRows=0 bitmaskRows=0 lastDictionary=2003 lastAccepted=15 branchless=false
[WARNING] [stderr] [dictionary-filter] kind=LONG optional=true rows=14401261 acceptedRows=154647 directRows=0 bitmaskRows=0 lastDictionary=8 lastAccepted=0 branchless=false
[WARNING] [stderr] [dictionary-filter] kind=LONG optional=true rows=1439749 acceptedRows=7329 directRows=0 bitmaskRows=0 lastDictionary=2092 lastAccepted=15 branchless=false
[WARNING] [stderr] [dictionary-filter] kind=LONG optional=true rows=7197566 acceptedRows=78855 directRows=0 bitmaskRows=0 lastDictionary=1823 lastAccepted=15 branchless=false
[WARNING] [stderr] [dictionary-filter] kind=LONG optional=true rows=6251400 acceptedRows=53748 directRows=0 bitmaskRows=0 lastDictionary=130229 lastAccepted=1117 branchless=false
[WARNING] [stderr] [dictionary-filter] kind=LONG optional=true rows=719217 acceptedRows=5108 directRows=0 bitmaskRows=0 lastDictionary=2165 lastAccepted=15 branchless=false
[INFO] [stdout] 718.863 ms/op
[INFO] [stdout] 
[INFO] [stdout] 
[INFO] [stdout] Result "org.weakref.nitro.tpcds.BenchmarkQueries.query05":
[INFO] [stdout]   718.863 ms/op
[INFO] [stdout] 
[INFO] [stdout] 
[INFO] [stdout] # JMH version: 1.37
[INFO] [stdout] # VM version: JDK 26.0.1, OpenJDK 64-Bit Server VM, 26.0.1+8
[INFO] [stdout] # VM invoker: /opt/java/openjdk/bin/java
[INFO] [stdout] # VM options: --enable-preview --add-modules=jdk.incubator.vector -Dnitro.clickbench.hits.path= -Dnitro.tpcds.parquet.path=/root/data/tpcds-parquet-sf10 -Dnitro.tpcds.parquet.schema=sf10 -Dnitro.parquet.debugDictionaryFilterSummary=true -Xmx12g -XX:+UseTransparentHugePages
[INFO] [stdout] # Blackhole mode: compiler (auto-detected, use -Djmh.blackhole.autoDetect=false to disable)
[INFO] [stdout] # Warmup: <none>
[INFO] [stdout] # Measurement: 1 iterations, 1 ms each
[INFO] [stdout] # Timeout: 30 min per iteration
[INFO] [stdout] # Threads: 1 thread, will synchronize iterations
[INFO] [stdout] # Benchmark mode: Average time, time/op
[INFO] [stdout] # Benchmark: org.weakref.nitro.tpcds.BenchmarkQueries.query06
[INFO] [stdout] 
[INFO] [stdout] # Run progress: 5.05% complete, ETA 00:02:13
[INFO] [stdout] # Fork: 1 of 1
[INFO] [stdout] WARNING: Using incubator modules: jdk.incubator.vector
[INFO] [stdout] WARNING: A terminally deprecated method in sun.misc.Unsafe has been called
[INFO] [stdout] WARNING: sun.misc.Unsafe::objectFieldOffset has been called by org.openjdk.jmh.util.Utils (file:/root/.m2/repository/org/openjdk/jmh/jmh-core/1.37/jmh-core-1.37.jar)
[INFO] [stdout] WARNING: Please consider reporting this to the maintainers of class org.openjdk.jmh.util.Utils
[INFO] [stdout] WARNING: sun.misc.Unsafe::objectFieldOffset will be removed in a future release
[INFO] [stdout] Iteration   1: WARNING: A restricted method in java.lang.foreign.SymbolLookup has been called
[INFO] [stdout] WARNING: java.lang.foreign.SymbolLookup::libraryLookup has been called by io.airlift.compress.v3.internal.NativeLoader in an unnamed module (file:/root/.m2/repository/io/airlift/aircompressor-v3/3.4/aircompressor-v3-3.4.jar)
[INFO] [stdout] WARNING: Use --enable-native-access=ALL-UNNAMED to avoid a warning for callers in this module
[INFO] [stdout] WARNING: Restricted methods will be blocked in a future release unless native access is enabled
[INFO] [stdout] 
[INFO] [stdout] 1009.999 ms/op
[INFO] [stdout] 
[INFO] [stdout] 
[INFO] [stdout] Result "org.weakref.nitro.tpcds.BenchmarkQueries.query06":
[INFO] [stdout]   1009.999 ms/op
[INFO] [stdout] 
[INFO] [stdout] 
[INFO] [stdout] # JMH version: 1.37
[INFO] [stdout] # VM version: JDK 26.0.1, OpenJDK 64-Bit Server VM, 26.0.1+8
[INFO] [stdout] # VM invoker: /opt/java/openjdk/bin/java
[INFO] [stdout] # VM options: --enable-preview --add-modules=jdk.incubator.vector -Dnitro.clickbench.hits.path= -Dnitro.tpcds.parquet.path=/root/data/tpcds-parquet-sf10 -Dnitro.tpcds.parquet.schema=sf10 -Dnitro.parquet.debugDictionaryFilterSummary=true -Xmx12g -XX:+UseTransparentHugePages
[INFO] [stdout] # Blackhole mode: compiler (auto-detected, use -Djmh.blackhole.autoDetect=false to disable)
[INFO] [stdout] # Warmup: <none>
[INFO] [stdout] # Measurement: 1 iterations, 1 ms each
[INFO] [stdout] # Timeout: 30 min per iteration
[INFO] [stdout] # Threads: 1 thread, will synchronize iterations
[INFO] [stdout] # Benchmark mode: Average time, time/op
[INFO] [stdout] # Benchmark: org.weakref.nitro.tpcds.BenchmarkQueries.query07
[INFO] [stdout] 
[INFO] [stdout] # Run progress: 6.06% complete, ETA 00:02:07
[INFO] [stdout] # Fork: 1 of 1
[INFO] [stdout] WARNING: Using incubator modules: jdk.incubator.vector
[INFO] [stdout] WARNING: A terminally deprecated method in sun.misc.Unsafe has been called
[INFO] [stdout] WARNING: sun.misc.Unsafe::objectFieldOffset has been called by org.openjdk.jmh.util.Utils (file:/root/.m2/repository/org/openjdk/jmh/jmh-core/1.37/jmh-core-1.37.jar)
[INFO] [stdout] WARNING: Please consider reporting this to the maintainers of class org.openjdk.jmh.util.Utils
[INFO] [stdout] WARNING: sun.misc.Unsafe::objectFieldOffset will be removed in a future release
[INFO] [stdout] Iteration   1: WARNING: A restricted method in java.lang.foreign.SymbolLookup has been called
[INFO] [stdout] WARNING: java.lang.foreign.SymbolLookup::libraryLookup has been called by io.airlift.compress.v3.internal.NativeLoader in an unnamed module (file:/root/.m2/repository/io/airlift/aircompressor-v3/3.4/aircompressor-v3-3.4.jar)
[INFO] [stdout] WARNING: Use --enable-native-access=ALL-UNNAMED to avoid a warning for callers in this module
[INFO] [stdout] WARNING: Restricted methods will be blocked in a future release unless native access is enabled
[INFO] [stdout] 
[WARNING] [stderr] [dictionary-filter] kind=LONG optional=true rows=17734009 acceptedRows=241887 directRows=0 bitmaskRows=0 lastDictionary=773 lastAccepted=8 branchless=false
[WARNING] [stderr] [dictionary-filter] kind=INT optional=true rows=73049 acceptedRows=366 directRows=0 bitmaskRows=0 lastDictionary=201 lastAccepted=1 branchless=false
[INFO] [stdout] 944.896 ms/op
[INFO] [stdout] 
[INFO] [stdout] 
[INFO] [stdout] Result "org.weakref.nitro.tpcds.BenchmarkQueries.query07":
[INFO] [stdout]   944.896 ms/op
[INFO] [stdout] 
[INFO] [stdout] 
[INFO] [stdout] # JMH version: 1.37
[INFO] [stdout] # VM version: JDK 26.0.1, OpenJDK 64-Bit Server VM, 26.0.1+8
[INFO] [stdout] # VM invoker: /opt/java/openjdk/bin/java
[INFO] [stdout] # VM options: --enable-preview --add-modules=jdk.incubator.vector -Dnitro.clickbench.hits.path= -Dnitro.tpcds.parquet.path=/root/data/tpcds-parquet-sf10 -Dnitro.tpcds.parquet.schema=sf10 -Dnitro.parquet.debugDictionaryFilterSummary=true -Xmx12g -XX:+UseTransparentHugePages
[INFO] [stdout] # Blackhole mode: compiler (auto-detected, use -Djmh.blackhole.autoDetect=false to disable)
[INFO] [stdout] # Warmup: <none>
[INFO] [stdout] # Measurement: 1 iterations, 1 ms each
[INFO] [stdout] # Timeout: 30 min per iteration
[INFO] [stdout] # Threads: 1 thread, will synchronize iterations
[INFO] [stdout] # Benchmark mode: Average time, time/op
[INFO] [stdout] # Benchmark: org.weakref.nitro.tpcds.BenchmarkQueries.query08
[INFO] [stdout] 
[INFO] [stdout] # Run progress: 7.07% complete, ETA 00:02:02
[INFO] [stdout] # Fork: 1 of 1
[INFO] [stdout] WARNING: Using incubator modules: jdk.incubator.vector
[INFO] [stdout] WARNING: A terminally deprecated method in sun.misc.Unsafe has been called
[INFO] [stdout] WARNING: sun.misc.Unsafe::objectFieldOffset has been called by org.openjdk.jmh.util.Utils (file:/root/.m2/repository/org/openjdk/jmh/jmh-core/1.37/jmh-core-1.37.jar)
[INFO] [stdout] WARNING: Please consider reporting this to the maintainers of class org.openjdk.jmh.util.Utils
[INFO] [stdout] WARNING: sun.misc.Unsafe::objectFieldOffset will be removed in a future release
[INFO] [stdout] Iteration   1: WARNING: A restricted method in java.lang.foreign.SymbolLookup has been called
[INFO] [stdout] WARNING: java.lang.foreign.SymbolLookup::libraryLookup has been called by io.airlift.compress.v3.internal.NativeLoader in an unnamed module (file:/root/.m2/repository/io/airlift/aircompressor-v3/3.4/aircompressor-v3-3.4.jar)
[INFO] [stdout] WARNING: Use --enable-native-access=ALL-UNNAMED to avoid a warning for callers in this module
[INFO] [stdout] WARNING: Restricted methods will be blocked in a future release unless native access is enabled
[INFO] [stdout] 
[WARNING] [stderr] [dictionary-filter] kind=LONG optional=true rows=28800991 acceptedRows=794155 directRows=0 bitmaskRows=0 lastDictionary=578 lastAccepted=29 branchless=false
[INFO] [stdout] 751.408 ms/op
[INFO] [stdout] 
[INFO] [stdout] 
[INFO] [stdout] Result "org.weakref.nitro.tpcds.BenchmarkQueries.query08":
[INFO] [stdout]   751.408 ms/op
[INFO] [stdout] 
[INFO] [stdout] 
[INFO] [stdout] # JMH version: 1.37
[INFO] [stdout] # VM version: JDK 26.0.1, OpenJDK 64-Bit Server VM, 26.0.1+8
[INFO] [stdout] # VM invoker: /opt/java/openjdk/bin/java
[INFO] [stdout] # VM options: --enable-preview --add-modules=jdk.incubator.vector -Dnitro.clickbench.hits.path= -Dnitro.tpcds.parquet.path=/root/data/tpcds-parquet-sf10 -Dnitro.tpcds.parquet.schema=sf10 -Dnitro.parquet.debugDictionaryFilterSummary=true -Xmx12g -XX:+UseTransparentHugePages
[INFO] [stdout] # Blackhole mode: compiler (auto-detected, use -Djmh.blackhole.autoDetect=false to disable)
[INFO] [stdout] # Warmup: <none>
[INFO] [stdout] # Measurement: 1 iterations, 1 ms each
[INFO] [stdout] # Timeout: 30 min per iteration
[INFO] [stdout] # Threads: 1 thread, will synchronize iterations
[INFO] [stdout] # Benchmark mode: Average time, time/op
[INFO] [stdout] # Benchmark: org.weakref.nitro.tpcds.BenchmarkQueries.query09
[INFO] [stdout] 
[INFO] [stdout] # Run progress: 8.08% complete, ETA 00:01:56
[INFO] [stdout] # Fork: 1 of 1
[INFO] [stdout] WARNING: Using incubator modules: jdk.incubator.vector
[INFO] [stdout] WARNING: A terminally deprecated method in sun.misc.Unsafe has been called
[INFO] [stdout] WARNING: sun.misc.Unsafe::objectFieldOffset has been called by org.openjdk.jmh.util.Utils (file:/root/.m2/repository/org/openjdk/jmh/jmh-core/1.37/jmh-core-1.37.jar)
[INFO] [stdout] WARNING: Please consider reporting this to the maintainers of class org.openjdk.jmh.util.Utils
[INFO] [stdout] WARNING: sun.misc.Unsafe::objectFieldOffset will be removed in a future release
[INFO] [stdout] Iteration   1: WARNING: A restricted method in java.lang.foreign.SymbolLookup has been called
[INFO] [stdout] WARNING: java.lang.foreign.SymbolLookup::libraryLookup has been called by io.airlift.compress.v3.internal.NativeLoader in an unnamed module (file:/root/.m2/repository/io/airlift/aircompressor-v3/3.4/aircompressor-v3-3.4.jar)
[INFO] [stdout] WARNING: Use --enable-native-access=ALL-UNNAMED to avoid a warning for callers in this module
[INFO] [stdout] WARNING: Restricted methods will be blocked in a future release unless native access is enabled
[INFO] [stdout] 
[INFO] [stdout] 3965.893 ms/op
[INFO] [stdout] 
[INFO] [stdout] 
[INFO] [stdout] Result "org.weakref.nitro.tpcds.BenchmarkQueries.query09":
[INFO] [stdout]   3965.893 ms/op
[INFO] [stdout] 
[INFO] [stdout] 
[INFO] [stdout] # JMH version: 1.37
[INFO] [stdout] # VM version: JDK 26.0.1, OpenJDK 64-Bit Server VM, 26.0.1+8
[INFO] [stdout] # VM invoker: /opt/java/openjdk/bin/java
[INFO] [stdout] # VM options: --enable-preview --add-modules=jdk.incubator.vector -Dnitro.clickbench.hits.path= -Dnitro.tpcds.parquet.path=/root/data/tpcds-parquet-sf10 -Dnitro.tpcds.parquet.schema=sf10 -Dnitro.parquet.debugDictionaryFilterSummary=true -Xmx12g -XX:+UseTransparentHugePages
[INFO] [stdout] # Blackhole mode: compiler (auto-detected, use -Djmh.blackhole.autoDetect=false to disable)
[INFO] [stdout] # Warmup: <none>
[INFO] [stdout] # Measurement: 1 iterations, 1 ms each
[INFO] [stdout] # Timeout: 30 min per iteration
[INFO] [stdout] # Threads: 1 thread, will synchronize iterations
[INFO] [stdout] # Benchmark mode: Average time, time/op
[INFO] [stdout] # Benchmark: org.weakref.nitro.tpcds.BenchmarkQueries.query10
[INFO] [stdout] 
[INFO] [stdout] # Run progress: 9.09% complete, ETA 00:02:23
[INFO] [stdout] # Fork: 1 of 1
[INFO] [stdout] WARNING: Using incubator modules: jdk.incubator.vector
[INFO] [stdout] WARNING: A terminally deprecated method in sun.misc.Unsafe has been called
[INFO] [stdout] WARNING: sun.misc.Unsafe::objectFieldOffset has been called by org.openjdk.jmh.util.Utils (file:/root/.m2/repository/org/openjdk/jmh/jmh-core/1.37/jmh-core-1.37.jar)
[INFO] [stdout] WARNING: Please consider reporting this to the maintainers of class org.openjdk.jmh.util.Utils
[INFO] [stdout] WARNING: sun.misc.Unsafe::objectFieldOffset will be removed in a future release
[INFO] [stdout] Iteration   1: WARNING: A restricted method in java.lang.foreign.SymbolLookup has been called
[INFO] [stdout] WARNING: java.lang.foreign.SymbolLookup::libraryLookup has been called by io.airlift.compress.v3.internal.NativeLoader in an unnamed module (file:/root/.m2/repository/io/airlift/aircompressor-v3/3.4/aircompressor-v3-3.4.jar)
[INFO] [stdout] WARNING: Use --enable-native-access=ALL-UNNAMED to avoid a warning for callers in this module
[INFO] [stdout] WARNING: Restricted methods will be blocked in a future release unless native access is enabled
[INFO] [stdout] 
[WARNING] [stderr] [dictionary-filter] kind=LONG optional=true rows=7197566 acceptedRows=280942 directRows=0 bitmaskRows=0 lastDictionary=1823 lastAccepted=119 branchless=false
[WARNING] [stderr] [dictionary-filter] kind=LONG optional=true rows=14401261 acceptedRows=540591 directRows=0 bitmaskRows=0 lastDictionary=8 lastAccepted=0 branchless=false
[WARNING] [stderr] [dictionary-filter] kind=LONG optional=true rows=28800991 acceptedRows=1092669 directRows=0 bitmaskRows=0 lastDictionary=578 lastAccepted=24 branchless=false
[INFO] [stdout] 893.062 ms/op
[INFO] [stdout] 
[INFO] [stdout] 
[INFO] [stdout] Result "org.weakref.nitro.tpcds.BenchmarkQueries.query10":
[INFO] [stdout]   893.062 ms/op
[INFO] [stdout] 
[INFO] [stdout] 
[INFO] [stdout] # JMH version: 1.37
[INFO] [stdout] # VM version: JDK 26.0.1, OpenJDK 64-Bit Server VM, 26.0.1+8
[INFO] [stdout] # VM invoker: /opt/java/openjdk/bin/java
[INFO] [stdout] # VM options: --enable-preview --add-modules=jdk.incubator.vector -Dnitro.clickbench.hits.path= -Dnitro.tpcds.parquet.path=/root/data/tpcds-parquet-sf10 -Dnitro.tpcds.parquet.schema=sf10 -Dnitro.parquet.debugDictionaryFilterSummary=true -Xmx12g -XX:+UseTransparentHugePages
[INFO] [stdout] # Blackhole mode: compiler (auto-detected, use -Djmh.blackhole.autoDetect=false to disable)
[INFO] [stdout] # Warmup: <none>
[INFO] [stdout] # Measurement: 1 iterations, 1 ms each
[INFO] [stdout] # Timeout: 30 min per iteration
[INFO] [stdout] # Threads: 1 thread, will synchronize iterations
[INFO] [stdout] # Benchmark mode: Average time, time/op
[INFO] [stdout] # Benchmark: org.weakref.nitro.tpcds.BenchmarkQueries.query11
[INFO] [stdout] 
[INFO] [stdout] # Run progress: 10.10% complete, ETA 00:02:17
[INFO] [stdout] # Fork: 1 of 1
[INFO] [stdout] WARNING: Using incubator modules: jdk.incubator.vector
[INFO] [stdout] WARNING: A terminally deprecated method in sun.misc.Unsafe has been called
[INFO] [stdout] WARNING: sun.misc.Unsafe::objectFieldOffset has been called by org.openjdk.jmh.util.Utils (file:/root/.m2/repository/org/openjdk/jmh/jmh-core/1.37/jmh-core-1.37.jar)
[INFO] [stdout] WARNING: Please consider reporting this to the maintainers of class org.openjdk.jmh.util.Utils
[INFO] [stdout] WARNING: sun.misc.Unsafe::objectFieldOffset will be removed in a future release
[INFO] [stdout] Iteration   1: WARNING: A restricted method in java.lang.foreign.SymbolLookup has been called
[INFO] [stdout] WARNING: java.lang.foreign.SymbolLookup::libraryLookup has been called by io.airlift.compress.v3.internal.NativeLoader in an unnamed module (file:/root/.m2/repository/io/airlift/aircompressor-v3/3.4/aircompressor-v3-3.4.jar)
[INFO] [stdout] WARNING: Use --enable-native-access=ALL-UNNAMED to avoid a warning for callers in this module
[INFO] [stdout] WARNING: Restricted methods will be blocked in a future release unless native access is enabled
[INFO] [stdout] 
[WARNING] [stderr] [dictionary-filter] kind=LONG optional=true rows=28800991 acceptedRows=5470761 directRows=0 bitmaskRows=0 lastDictionary=578 lastAccepted=108 branchless=true
[WARNING] [stderr] [dictionary-filter] kind=INT optional=true rows=73049 acceptedRows=365 directRows=0 bitmaskRows=0 lastDictionary=201 lastAccepted=1 branchless=false
[WARNING] [stderr] [dictionary-filter] kind=LONG optional=true rows=28800991 acceptedRows=5504626 directRows=0 bitmaskRows=0 lastDictionary=578 lastAccepted=105 branchless=true
[WARNING] [stderr] [dictionary-filter] kind=INT optional=true rows=73049 acceptedRows=365 directRows=0 bitmaskRows=0 lastDictionary=201 lastAccepted=1 branchless=false
[WARNING] [stderr] [dictionary-filter] kind=LONG optional=true rows=7197566 acceptedRows=1432886 directRows=0 bitmaskRows=0 lastDictionary=1823 lastAccepted=364 branchless=true
[WARNING] [stderr] [dictionary-filter] kind=INT optional=true rows=73049 acceptedRows=365 directRows=0 bitmaskRows=0 lastDictionary=201 lastAccepted=1 branchless=false
[WARNING] [stderr] [dictionary-filter] kind=LONG optional=true rows=7197566 acceptedRows=1438846 directRows=0 bitmaskRows=0 lastDictionary=1823 lastAccepted=364 branchless=true
[WARNING] [stderr] [dictionary-filter] kind=INT optional=true rows=73049 acceptedRows=365 directRows=0 bitmaskRows=0 lastDictionary=201 lastAccepted=1 branchless=false
[INFO] [stdout] 3430.657 ms/op
[INFO] [stdout] 
[INFO] [stdout] 
[INFO] [stdout] Result "org.weakref.nitro.tpcds.BenchmarkQueries.query11":
[INFO] [stdout]   3430.657 ms/op
[INFO] [stdout] 
[INFO] [stdout] 
[INFO] [stdout] # JMH version: 1.37
[INFO] [stdout] # VM version: JDK 26.0.1, OpenJDK 64-Bit Server VM, 26.0.1+8
[INFO] [stdout] # VM invoker: /opt/java/openjdk/bin/java
[INFO] [stdout] # VM options: --enable-preview --add-modules=jdk.incubator.vector -Dnitro.clickbench.hits.path= -Dnitro.tpcds.parquet.path=/root/data/tpcds-parquet-sf10 -Dnitro.tpcds.parquet.schema=sf10 -Dnitro.parquet.debugDictionaryFilterSummary=true -Xmx12g -XX:+UseTransparentHugePages
[INFO] [stdout] # Blackhole mode: compiler (auto-detected, use -Djmh.blackhole.autoDetect=false to disable)
[INFO] [stdout] # Warmup: <none>
[INFO] [stdout] # Measurement: 1 iterations, 1 ms each
[INFO] [stdout] # Timeout: 30 min per iteration
[INFO] [stdout] # Threads: 1 thread, will synchronize iterations
[INFO] [stdout] # Benchmark mode: Average time, time/op
[INFO] [stdout] # Benchmark: org.weakref.nitro.tpcds.BenchmarkQueries.query12
[INFO] [stdout] 
[INFO] [stdout] # Run progress: 11.11% complete, ETA 00:02:32
[INFO] [stdout] # Fork: 1 of 1
[INFO] [stdout] WARNING: Using incubator modules: jdk.incubator.vector
[INFO] [stdout] WARNING: A terminally deprecated method in sun.misc.Unsafe has been called
[INFO] [stdout] WARNING: sun.misc.Unsafe::objectFieldOffset has been called by org.openjdk.jmh.util.Utils (file:/root/.m2/repository/org/openjdk/jmh/jmh-core/1.37/jmh-core-1.37.jar)
[INFO] [stdout] WARNING: Please consider reporting this to the maintainers of class org.openjdk.jmh.util.Utils
[INFO] [stdout] WARNING: sun.misc.Unsafe::objectFieldOffset will be removed in a future release
[INFO] [stdout] Iteration   1: WARNING: A restricted method in java.lang.foreign.SymbolLookup has been called
[INFO] [stdout] WARNING: java.lang.foreign.SymbolLookup::libraryLookup has been called by io.airlift.compress.v3.internal.NativeLoader in an unnamed module (file:/root/.m2/repository/io/airlift/aircompressor-v3/3.4/aircompressor-v3-3.4.jar)
[INFO] [stdout] WARNING: Use --enable-native-access=ALL-UNNAMED to avoid a warning for callers in this module
[INFO] [stdout] WARNING: Restricted methods will be blocked in a future release unless native access is enabled
[INFO] [stdout] 
[WARNING] [stderr] [dictionary-filter] kind=LONG optional=true rows=7197566 acceptedRows=68840 directRows=6134828 bitmaskRows=0 lastDictionary=1823 lastAccepted=30 branchless=false
[INFO] [stdout] 454.788 ms/op
[INFO] [stdout] 
[INFO] [stdout] 
[INFO] [stdout] Result "org.weakref.nitro.tpcds.BenchmarkQueries.query12":
[INFO] [stdout]   454.788 ms/op
[INFO] [stdout] 
[INFO] [stdout] 
[INFO] [stdout] # JMH version: 1.37
[INFO] [stdout] # VM version: JDK 26.0.1, OpenJDK 64-Bit Server VM, 26.0.1+8
[INFO] [stdout] # VM invoker: /opt/java/openjdk/bin/java
[INFO] [stdout] # VM options: --enable-preview --add-modules=jdk.incubator.vector -Dnitro.clickbench.hits.path= -Dnitro.tpcds.parquet.path=/root/data/tpcds-parquet-sf10 -Dnitro.tpcds.parquet.schema=sf10 -Dnitro.parquet.debugDictionaryFilterSummary=true -Xmx12g -XX:+UseTransparentHugePages
[INFO] [stdout] # Blackhole mode: compiler (auto-detected, use -Djmh.blackhole.autoDetect=false to disable)
[INFO] [stdout] # Warmup: <none>
[INFO] [stdout] # Measurement: 1 iterations, 1 ms each
[INFO] [stdout] # Timeout: 30 min per iteration
[INFO] [stdout] # Threads: 1 thread, will synchronize iterations
[INFO] [stdout] # Benchmark mode: Average time, time/op
[INFO] [stdout] # Benchmark: org.weakref.nitro.tpcds.BenchmarkQueries.query13
[INFO] [stdout] 
[INFO] [stdout] # Run progress: 12.12% complete, ETA 00:02:22
[INFO] [stdout] # Fork: 1 of 1
[INFO] [stdout] WARNING: Using incubator modules: jdk.incubator.vector
[INFO] [stdout] WARNING: A terminally deprecated method in sun.misc.Unsafe has been called
[INFO] [stdout] WARNING: sun.misc.Unsafe::objectFieldOffset has been called by org.openjdk.jmh.util.Utils (file:/root/.m2/repository/org/openjdk/jmh/jmh-core/1.37/jmh-core-1.37.jar)
[INFO] [stdout] WARNING: Please consider reporting this to the maintainers of class org.openjdk.jmh.util.Utils
[INFO] [stdout] WARNING: sun.misc.Unsafe::objectFieldOffset will be removed in a future release
[INFO] [stdout] Iteration   1: WARNING: A restricted method in java.lang.foreign.SymbolLookup has been called
[INFO] [stdout] WARNING: java.lang.foreign.SymbolLookup::libraryLookup has been called by io.airlift.compress.v3.internal.NativeLoader in an unnamed module (file:/root/.m2/repository/io/airlift/aircompressor-v3/3.4/aircompressor-v3-3.4.jar)
[INFO] [stdout] WARNING: Use --enable-native-access=ALL-UNNAMED to avoid a warning for callers in this module
[INFO] [stdout] WARNING: Restricted methods will be blocked in a future release unless native access is enabled
[INFO] [stdout] 
[WARNING] [stderr] [dictionary-filter] kind=LONG optional=true rows=28800991 acceptedRows=5470761 directRows=0 bitmaskRows=0 lastDictionary=578 lastAccepted=108 branchless=true
[WARNING] [stderr] [dictionary-filter] kind=INT optional=true rows=73049 acceptedRows=365 directRows=0 bitmaskRows=0 lastDictionary=201 lastAccepted=1 branchless=false
[INFO] [stdout] 2479.577 ms/op
[INFO] [stdout] 
[INFO] [stdout] 
[INFO] [stdout] Result "org.weakref.nitro.tpcds.BenchmarkQueries.query13":
[INFO] [stdout]   2479.577 ms/op
[INFO] [stdout] 
[INFO] [stdout] 
[INFO] [stdout] # JMH version: 1.37
[INFO] [stdout] # VM version: JDK 26.0.1, OpenJDK 64-Bit Server VM, 26.0.1+8
[INFO] [stdout] # VM invoker: /opt/java/openjdk/bin/java
[INFO] [stdout] # VM options: --enable-preview --add-modules=jdk.incubator.vector -Dnitro.clickbench.hits.path= -Dnitro.tpcds.parquet.path=/root/data/tpcds-parquet-sf10 -Dnitro.tpcds.parquet.schema=sf10 -Dnitro.parquet.debugDictionaryFilterSummary=true -Xmx12g -XX:+UseTransparentHugePages
[INFO] [stdout] # Blackhole mode: compiler (auto-detected, use -Djmh.blackhole.autoDetect=false to disable)
[INFO] [stdout] # Warmup: <none>
[INFO] [stdout] # Measurement: 1 iterations, 1 ms each
[INFO] [stdout] # Timeout: 30 min per iteration
[INFO] [stdout] # Threads: 1 thread, will synchronize iterations
[INFO] [stdout] # Benchmark mode: Average time, time/op
[INFO] [stdout] # Benchmark: org.weakref.nitro.tpcds.BenchmarkQueries.query14
[INFO] [stdout] 
[INFO] [stdout] # Run progress: 13.13% complete, ETA 00:02:27
[INFO] [stdout] # Fork: 1 of 1
[INFO] [stdout] WARNING: Using incubator modules: jdk.incubator.vector
[INFO] [stdout] WARNING: A terminally deprecated method in sun.misc.Unsafe has been called
[INFO] [stdout] WARNING: sun.misc.Unsafe::objectFieldOffset has been called by org.openjdk.jmh.util.Utils (file:/root/.m2/repository/org/openjdk/jmh/jmh-core/1.37/jmh-core-1.37.jar)
[INFO] [stdout] WARNING: Please consider reporting this to the maintainers of class org.openjdk.jmh.util.Utils
[INFO] [stdout] WARNING: sun.misc.Unsafe::objectFieldOffset will be removed in a future release
[INFO] [stdout] Iteration   1: WARNING: A restricted method in java.lang.foreign.SymbolLookup has been called
[INFO] [stdout] WARNING: java.lang.foreign.SymbolLookup::libraryLookup has been called by io.airlift.compress.v3.internal.NativeLoader in an unnamed module (file:/root/.m2/repository/io/airlift/aircompressor-v3/3.4/aircompressor-v3-3.4.jar)
[INFO] [stdout] WARNING: Use --enable-native-access=ALL-UNNAMED to avoid a warning for callers in this module
[INFO] [stdout] WARNING: Restricted methods will be blocked in a future release unless native access is enabled
[INFO] [stdout] 
[WARNING] [stderr] [dictionary-filter] kind=LONG optional=true rows=28800991 acceptedRows=16496728 directRows=0 bitmaskRows=0 lastDictionary=578 lastAccepted=349 branchless=true
[WARNING] [stderr] [dictionary-filter] kind=LONG optional=true rows=14401261 acceptedRows=8571026 directRows=0 bitmaskRows=0 lastDictionary=8 lastAccepted=3 branchless=true
[WARNING] [stderr] [dictionary-filter] kind=LONG optional=true rows=7197566 acceptedRows=4319228 directRows=0 bitmaskRows=0 lastDictionary=1823 lastAccepted=1094 branchless=true
[WARNING] [stderr] [dictionary-filter] kind=INT optional=true rows=102000 acceptedRows=100931 directRows=0 bitmaskRows=0 lastDictionary=952 lastAccepted=920 branchless=true
[WARNING] [stderr] [dictionary-filter] kind=LONG optional=true rows=28800991 acceptedRows=16496728 directRows=0 bitmaskRows=0 lastDictionary=578 lastAccepted=349 branchless=true
[WARNING] [stderr] [dictionary-filter] kind=LONG optional=true rows=14401261 acceptedRows=8571026 directRows=0 bitmaskRows=0 lastDictionary=8 lastAccepted=3 branchless=true
[WARNING] [stderr] [dictionary-filter] kind=LONG optional=true rows=7197566 acceptedRows=4319228 directRows=0 bitmaskRows=0 lastDictionary=1823 lastAccepted=1094 branchless=true
[WARNING] [stderr] [dictionary-filter] kind=LONG optional=true rows=28800991 acceptedRows=878106 directRows=0 bitmaskRows=0 lastDictionary=578 lastAccepted=13 branchless=false
[WARNING] [stderr] [dictionary-filter] kind=LONG optional=true rows=28800991 acceptedRows=16496728 directRows=0 bitmaskRows=0 lastDictionary=578 lastAccepted=349 branchless=true
[WARNING] [stderr] [dictionary-filter] kind=LONG optional=true rows=14401261 acceptedRows=8571026 directRows=0 bitmaskRows=0 lastDictionary=8 lastAccepted=3 branchless=true
[WARNING] [stderr] [dictionary-filter] kind=LONG optional=true rows=7197566 acceptedRows=4319228 directRows=0 bitmaskRows=0 lastDictionary=1823 lastAccepted=1094 branchless=true
[WARNING] [stderr] [dictionary-filter] kind=INT optional=true rows=102000 acceptedRows=100931 directRows=0 bitmaskRows=0 lastDictionary=952 lastAccepted=920 branchless=true
[WARNING] [stderr] [dictionary-filter] kind=LONG optional=true rows=28800991 acceptedRows=16496728 directRows=0 bitmaskRows=0 lastDictionary=578 lastAccepted=349 branchless=true
[WARNING] [stderr] [dictionary-filter] kind=LONG optional=true rows=14401261 acceptedRows=8571026 directRows=0 bitmaskRows=0 lastDictionary=8 lastAccepted=3 branchless=true
[WARNING] [stderr] [dictionary-filter] kind=LONG optional=true rows=7197566 acceptedRows=4319228 directRows=0 bitmaskRows=0 lastDictionary=1823 lastAccepted=1094 branchless=true
[WARNING] [stderr] [dictionary-filter] kind=LONG optional=true rows=14401261 acceptedRows=464249 directRows=0 bitmaskRows=0 lastDictionary=8 lastAccepted=0 branchless=false
[WARNING] [stderr] [dictionary-filter] kind=LONG optional=true rows=28800991 acceptedRows=16496728 directRows=0 bitmaskRows=0 lastDictionary=578 lastAccepted=349 branchless=true
[WARNING] [stderr] [dictionary-filter] kind=LONG optional=true rows=14401261 acceptedRows=8571026 directRows=0 bitmaskRows=0 lastDictionary=8 lastAccepted=3 branchless=true
[WARNING] [stderr] [dictionary-filter] kind=LONG optional=true rows=7197566 acceptedRows=4319228 directRows=0 bitmaskRows=0 lastDictionary=1823 lastAccepted=1094 branchless=true
[WARNING] [stderr] [dictionary-filter] kind=INT optional=true rows=102000 acceptedRows=100931 directRows=0 bitmaskRows=0 lastDictionary=952 lastAccepted=920 branchless=true
[WARNING] [stderr] [dictionary-filter] kind=LONG optional=true rows=28800991 acceptedRows=16496728 directRows=0 bitmaskRows=0 lastDictionary=578 lastAccepted=349 branchless=true
[WARNING] [stderr] [dictionary-filter] kind=LONG optional=true rows=14401261 acceptedRows=8571026 directRows=0 bitmaskRows=0 lastDictionary=8 lastAccepted=3 branchless=true
[WARNING] [stderr] [dictionary-filter] kind=LONG optional=true rows=7197566 acceptedRows=4319228 directRows=0 bitmaskRows=0 lastDictionary=1823 lastAccepted=1094 branchless=true
[WARNING] [stderr] [dictionary-filter] kind=LONG optional=true rows=7197566 acceptedRows=230717 directRows=6148990 bitmaskRows=0 lastDictionary=1823 lastAccepted=30 branchless=false
[INFO] [stdout] 5184.199 ms/op
[INFO] [stdout] 
[INFO] [stdout] 
[INFO] [stdout] Result "org.weakref.nitro.tpcds.BenchmarkQueries.query14":
[INFO] [stdout]   5184.199 ms/op
[INFO] [stdout] 
[INFO] [stdout] 
[INFO] [stdout] # JMH version: 1.37
[INFO] [stdout] # VM version: JDK 26.0.1, OpenJDK 64-Bit Server VM, 26.0.1+8
[INFO] [stdout] # VM invoker: /opt/java/openjdk/bin/java
[INFO] [stdout] # VM options: --enable-preview --add-modules=jdk.incubator.vector -Dnitro.clickbench.hits.path= -Dnitro.tpcds.parquet.path=/root/data/tpcds-parquet-sf10 -Dnitro.tpcds.parquet.schema=sf10 -Dnitro.parquet.debugDictionaryFilterSummary=true -Xmx12g -XX:+UseTransparentHugePages
[INFO] [stdout] # Blackhole mode: compiler (auto-detected, use -Djmh.blackhole.autoDetect=false to disable)
[INFO] [stdout] # Warmup: <none>
[INFO] [stdout] # Measurement: 1 iterations, 1 ms each
[INFO] [stdout] # Timeout: 30 min per iteration
[INFO] [stdout] # Threads: 1 thread, will synchronize iterations
[INFO] [stdout] # Benchmark mode: Average time, time/op
[INFO] [stdout] # Benchmark: org.weakref.nitro.tpcds.BenchmarkQueries.query15
[INFO] [stdout] 
[INFO] [stdout] # Run progress: 14.14% complete, ETA 00:02:47
[INFO] [stdout] # Fork: 1 of 1
[INFO] [stdout] WARNING: Using incubator modules: jdk.incubator.vector
[INFO] [stdout] WARNING: A terminally deprecated method in sun.misc.Unsafe has been called
[INFO] [stdout] WARNING: sun.misc.Unsafe::objectFieldOffset has been called by org.openjdk.jmh.util.Utils (file:/root/.m2/repository/org/openjdk/jmh/jmh-core/1.37/jmh-core-1.37.jar)
[INFO] [stdout] WARNING: Please consider reporting this to the maintainers of class org.openjdk.jmh.util.Utils
[INFO] [stdout] WARNING: sun.misc.Unsafe::objectFieldOffset will be removed in a future release
[INFO] [stdout] Iteration   1: WARNING: A restricted method in java.lang.foreign.SymbolLookup has been called
[INFO] [stdout] WARNING: java.lang.foreign.SymbolLookup::libraryLookup has been called by io.airlift.compress.v3.internal.NativeLoader in an unnamed module (file:/root/.m2/repository/io/airlift/aircompressor-v3/3.4/aircompressor-v3-3.4.jar)
[INFO] [stdout] WARNING: Use --enable-native-access=ALL-UNNAMED to avoid a warning for callers in this module
[INFO] [stdout] WARNING: Restricted methods will be blocked in a future release unless native access is enabled
[INFO] [stdout] 
[WARNING] [stderr] [dictionary-filter] kind=LONG optional=true rows=14401261 acceptedRows=412620 directRows=0 bitmaskRows=0 lastDictionary=8 lastAccepted=0 branchless=false
[INFO] [stdout] 493.379 ms/op
[INFO] [stdout] 
[INFO] [stdout] 
[INFO] [stdout] Result "org.weakref.nitro.tpcds.BenchmarkQueries.query15":
[INFO] [stdout]   493.379 ms/op
[INFO] [stdout] 
[INFO] [stdout] 
[INFO] [stdout] # JMH version: 1.37
[INFO] [stdout] # VM version: JDK 26.0.1, OpenJDK 64-Bit Server VM, 26.0.1+8
[INFO] [stdout] # VM invoker: /opt/java/openjdk/bin/java
[INFO] [stdout] # VM options: --enable-preview --add-modules=jdk.incubator.vector -Dnitro.clickbench.hits.path= -Dnitro.tpcds.parquet.path=/root/data/tpcds-parquet-sf10 -Dnitro.tpcds.parquet.schema=sf10 -Dnitro.parquet.debugDictionaryFilterSummary=true -Xmx12g -XX:+UseTransparentHugePages
[INFO] [stdout] # Blackhole mode: compiler (auto-detected, use -Djmh.blackhole.autoDetect=false to disable)
[INFO] [stdout] # Warmup: <none>
[INFO] [stdout] # Measurement: 1 iterations, 1 ms each
[INFO] [stdout] # Timeout: 30 min per iteration
[INFO] [stdout] # Threads: 1 thread, will synchronize iterations
[INFO] [stdout] # Benchmark mode: Average time, time/op
[INFO] [stdout] # Benchmark: org.weakref.nitro.tpcds.BenchmarkQueries.query16
[INFO] [stdout] 
[INFO] [stdout] # Run progress: 15.15% complete, ETA 00:02:38
[INFO] [stdout] # Fork: 1 of 1
[INFO] [stdout] WARNING: Using incubator modules: jdk.incubator.vector
[INFO] [stdout] WARNING: A terminally deprecated method in sun.misc.Unsafe has been called
[INFO] [stdout] WARNING: sun.misc.Unsafe::objectFieldOffset has been called by org.openjdk.jmh.util.Utils (file:/root/.m2/repository/org/openjdk/jmh/jmh-core/1.37/jmh-core-1.37.jar)
[INFO] [stdout] WARNING: Please consider reporting this to the maintainers of class org.openjdk.jmh.util.Utils
[INFO] [stdout] WARNING: sun.misc.Unsafe::objectFieldOffset will be removed in a future release
[INFO] [stdout] Iteration   1: WARNING: A restricted method in java.lang.foreign.SymbolLookup has been called
[INFO] [stdout] WARNING: java.lang.foreign.SymbolLookup::libraryLookup has been called by io.airlift.compress.v3.internal.NativeLoader in an unnamed module (file:/root/.m2/repository/io/airlift/aircompressor-v3/3.4/aircompressor-v3-3.4.jar)
[INFO] [stdout] WARNING: Use --enable-native-access=ALL-UNNAMED to avoid a warning for callers in this module
[INFO] [stdout] WARNING: Restricted methods will be blocked in a future release unless native access is enabled
[INFO] [stdout] 
[WARNING] [stderr] [dictionary-filter] kind=LONG optional=true rows=13512173 acceptedRows=648333 directRows=0 bitmaskRows=0 lastDictionary=3858 lastAccepted=191 branchless=false
[INFO] [stdout] 6500.695 ms/op
[INFO] [stdout] 
[INFO] [stdout] 
[INFO] [stdout] Result "org.weakref.nitro.tpcds.BenchmarkQueries.query16":
[INFO] [stdout]   6500.695 ms/op
[INFO] [stdout] 
[INFO] [stdout] 
[INFO] [stdout] # JMH version: 1.37
[INFO] [stdout] # VM version: JDK 26.0.1, OpenJDK 64-Bit Server VM, 26.0.1+8
[INFO] [stdout] # VM invoker: /opt/java/openjdk/bin/java
[INFO] [stdout] # VM options: --enable-preview --add-modules=jdk.incubator.vector -Dnitro.clickbench.hits.path= -Dnitro.tpcds.parquet.path=/root/data/tpcds-parquet-sf10 -Dnitro.tpcds.parquet.schema=sf10 -Dnitro.parquet.debugDictionaryFilterSummary=true -Xmx12g -XX:+UseTransparentHugePages
[INFO] [stdout] # Blackhole mode: compiler (auto-detected, use -Djmh.blackhole.autoDetect=false to disable)
[INFO] [stdout] # Warmup: <none>
[INFO] [stdout] # Measurement: 1 iterations, 1 ms each
[INFO] [stdout] # Timeout: 30 min per iteration
[INFO] [stdout] # Threads: 1 thread, will synchronize iterations
[INFO] [stdout] # Benchmark mode: Average time, time/op
[INFO] [stdout] # Benchmark: org.weakref.nitro.tpcds.BenchmarkQueries.query17
[INFO] [stdout] 
[INFO] [stdout] # Run progress: 16.16% complete, ETA 00:03:01
[INFO] [stdout] # Fork: 1 of 1
[INFO] [stdout] WARNING: Using incubator modules: jdk.incubator.vector
[INFO] [stdout] WARNING: A terminally deprecated method in sun.misc.Unsafe has been called
[INFO] [stdout] WARNING: sun.misc.Unsafe::objectFieldOffset has been called by org.openjdk.jmh.util.Utils (file:/root/.m2/repository/org/openjdk/jmh/jmh-core/1.37/jmh-core-1.37.jar)
[INFO] [stdout] WARNING: Please consider reporting this to the maintainers of class org.openjdk.jmh.util.Utils
[INFO] [stdout] WARNING: sun.misc.Unsafe::objectFieldOffset will be removed in a future release
[INFO] [stdout] Iteration   1: WARNING: A restricted method in java.lang.foreign.SymbolLookup has been called
[INFO] [stdout] WARNING: java.lang.foreign.SymbolLookup::libraryLookup has been called by io.airlift.compress.v3.internal.NativeLoader in an unnamed module (file:/root/.m2/repository/io/airlift/aircompressor-v3/3.4/aircompressor-v3-3.4.jar)
[INFO] [stdout] WARNING: Use --enable-native-access=ALL-UNNAMED to avoid a warning for callers in this module
[INFO] [stdout] WARNING: Restricted methods will be blocked in a future release unless native access is enabled
[INFO] [stdout] 
[WARNING] [stderr] [dictionary-filter] kind=LONG optional=true rows=28800991 acceptedRows=803599 directRows=0 bitmaskRows=0 lastDictionary=578 lastAccepted=16 branchless=false
[WARNING] [stderr] [dictionary-filter] kind=LONG optional=true rows=11012994 acceptedRows=841175 directRows=0 bitmaskRows=0 lastDictionary=3874 lastAccepted=291 branchless=false
[INFO] [stdout] 1278.918 ms/op
[INFO] [stdout] 
[INFO] [stdout] 
[INFO] [stdout] Result "org.weakref.nitro.tpcds.BenchmarkQueries.query17":
[INFO] [stdout]   1278.918 ms/op
[INFO] [stdout] 
[INFO] [stdout] 
[INFO] [stdout] # JMH version: 1.37
[INFO] [stdout] # VM version: JDK 26.0.1, OpenJDK 64-Bit Server VM, 26.0.1+8
[INFO] [stdout] # VM invoker: /opt/java/openjdk/bin/java
[INFO] [stdout] # VM options: --enable-preview --add-modules=jdk.incubator.vector -Dnitro.clickbench.hits.path= -Dnitro.tpcds.parquet.path=/root/data/tpcds-parquet-sf10 -Dnitro.tpcds.parquet.schema=sf10 -Dnitro.parquet.debugDictionaryFilterSummary=true -Xmx12g -XX:+UseTransparentHugePages
[INFO] [stdout] # Blackhole mode: compiler (auto-detected, use -Djmh.blackhole.autoDetect=false to disable)
[INFO] [stdout] # Warmup: <none>
[INFO] [stdout] # Measurement: 1 iterations, 1 ms each
[INFO] [stdout] # Timeout: 30 min per iteration
[INFO] [stdout] # Threads: 1 thread, will synchronize iterations
[INFO] [stdout] # Benchmark mode: Average time, time/op
[INFO] [stdout] # Benchmark: org.weakref.nitro.tpcds.BenchmarkQueries.query18
[INFO] [stdout] 
[INFO] [stdout] # Run progress: 17.17% complete, ETA 00:02:55
[INFO] [stdout] # Fork: 1 of 1
[INFO] [stdout] WARNING: Using incubator modules: jdk.incubator.vector
[INFO] [stdout] WARNING: A terminally deprecated method in sun.misc.Unsafe has been called
[INFO] [stdout] WARNING: sun.misc.Unsafe::objectFieldOffset has been called by org.openjdk.jmh.util.Utils (file:/root/.m2/repository/org/openjdk/jmh/jmh-core/1.37/jmh-core-1.37.jar)
[INFO] [stdout] WARNING: Please consider reporting this to the maintainers of class org.openjdk.jmh.util.Utils
[INFO] [stdout] WARNING: sun.misc.Unsafe::objectFieldOffset will be removed in a future release
[INFO] [stdout] Iteration   1: WARNING: A restricted method in java.lang.foreign.SymbolLookup has been called
[INFO] [stdout] WARNING: java.lang.foreign.SymbolLookup::libraryLookup has been called by io.airlift.compress.v3.internal.NativeLoader in an unnamed module (file:/root/.m2/repository/io/airlift/aircompressor-v3/3.4/aircompressor-v3-3.4.jar)
[INFO] [stdout] WARNING: Use --enable-native-access=ALL-UNNAMED to avoid a warning for callers in this module
[INFO] [stdout] WARNING: Restricted methods will be blocked in a future release unless native access is enabled
[INFO] [stdout] 
[WARNING] [stderr] [dictionary-filter] kind=LONG optional=true rows=10012770 acceptedRows=707859 directRows=0 bitmaskRows=0 lastDictionary=3881 lastAccepted=280 branchless=false
[WARNING] [stderr] [dictionary-filter] kind=INT optional=true rows=73049 acceptedRows=365 directRows=0 bitmaskRows=0 lastDictionary=201 lastAccepted=1 branchless=false
[INFO] [stdout] 1090.031 ms/op
[INFO] [stdout] 
[INFO] [stdout] 
[INFO] [stdout] Result "org.weakref.nitro.tpcds.BenchmarkQueries.query18":
[INFO] [stdout]   1090.031 ms/op
[INFO] [stdout] 
[INFO] [stdout] 
[INFO] [stdout] # JMH version: 1.37
[INFO] [stdout] # VM version: JDK 26.0.1, OpenJDK 64-Bit Server VM, 26.0.1+8
[INFO] [stdout] # VM invoker: /opt/java/openjdk/bin/java
[INFO] [stdout] # VM options: --enable-preview --add-modules=jdk.incubator.vector -Dnitro.clickbench.hits.path= -Dnitro.tpcds.parquet.path=/root/data/tpcds-parquet-sf10 -Dnitro.tpcds.parquet.schema=sf10 -Dnitro.parquet.debugDictionaryFilterSummary=true -Xmx12g -XX:+UseTransparentHugePages
[INFO] [stdout] # Blackhole mode: compiler (auto-detected, use -Djmh.blackhole.autoDetect=false to disable)
[INFO] [stdout] # Warmup: <none>
[INFO] [stdout] # Measurement: 1 iterations, 1 ms each
[INFO] [stdout] # Timeout: 30 min per iteration
[INFO] [stdout] # Threads: 1 thread, will synchronize iterations
[INFO] [stdout] # Benchmark mode: Average time, time/op
[INFO] [stdout] # Benchmark: org.weakref.nitro.tpcds.BenchmarkQueries.query19
[INFO] [stdout] 
[INFO] [stdout] # Run progress: 18.18% complete, ETA 00:02:49
[INFO] [stdout] # Fork: 1 of 1
[INFO] [stdout] WARNING: Using incubator modules: jdk.incubator.vector
[INFO] [stdout] WARNING: A terminally deprecated method in sun.misc.Unsafe has been called
[INFO] [stdout] WARNING: sun.misc.Unsafe::objectFieldOffset has been called by org.openjdk.jmh.util.Utils (file:/root/.m2/repository/org/openjdk/jmh/jmh-core/1.37/jmh-core-1.37.jar)
[INFO] [stdout] WARNING: Please consider reporting this to the maintainers of class org.openjdk.jmh.util.Utils
[INFO] [stdout] WARNING: sun.misc.Unsafe::objectFieldOffset will be removed in a future release
[INFO] [stdout] Iteration   1: WARNING: A restricted method in java.lang.foreign.SymbolLookup has been called
[INFO] [stdout] WARNING: java.lang.foreign.SymbolLookup::libraryLookup has been called by io.airlift.compress.v3.internal.NativeLoader in an unnamed module (file:/root/.m2/repository/io/airlift/aircompressor-v3/3.4/aircompressor-v3-3.4.jar)
[INFO] [stdout] WARNING: Use --enable-native-access=ALL-UNNAMED to avoid a warning for callers in this module
[INFO] [stdout] WARNING: Restricted methods will be blocked in a future release unless native access is enabled
[INFO] [stdout] 
[WARNING] [stderr] [dictionary-filter] kind=LONG optional=true rows=28800991 acceptedRows=883317 directRows=0 bitmaskRows=0 lastDictionary=578 lastAccepted=15 branchless=false
[INFO] [stdout] 640.899 ms/op
[INFO] [stdout] 
[INFO] [stdout] 
[INFO] [stdout] Result "org.weakref.nitro.tpcds.BenchmarkQueries.query19":
[INFO] [stdout]   640.899 ms/op
[INFO] [stdout] 
[INFO] [stdout] 
[INFO] [stdout] # JMH version: 1.37
[INFO] [stdout] # VM version: JDK 26.0.1, OpenJDK 64-Bit Server VM, 26.0.1+8
[INFO] [stdout] # VM invoker: /opt/java/openjdk/bin/java
[INFO] [stdout] # VM options: --enable-preview --add-modules=jdk.incubator.vector -Dnitro.clickbench.hits.path= -Dnitro.tpcds.parquet.path=/root/data/tpcds-parquet-sf10 -Dnitro.tpcds.parquet.schema=sf10 -Dnitro.parquet.debugDictionaryFilterSummary=true -Xmx12g -XX:+UseTransparentHugePages
[INFO] [stdout] # Blackhole mode: compiler (auto-detected, use -Djmh.blackhole.autoDetect=false to disable)
[INFO] [stdout] # Warmup: <none>
[INFO] [stdout] # Measurement: 1 iterations, 1 ms each
[INFO] [stdout] # Timeout: 30 min per iteration
[INFO] [stdout] # Threads: 1 thread, will synchronize iterations
[INFO] [stdout] # Benchmark mode: Average time, time/op
[INFO] [stdout] # Benchmark: org.weakref.nitro.tpcds.BenchmarkQueries.query20
[INFO] [stdout] 
[INFO] [stdout] # Run progress: 19.19% complete, ETA 00:02:41
[INFO] [stdout] # Fork: 1 of 1
[INFO] [stdout] WARNING: Using incubator modules: jdk.incubator.vector
[INFO] [stdout] WARNING: A terminally deprecated method in sun.misc.Unsafe has been called
[INFO] [stdout] WARNING: sun.misc.Unsafe::objectFieldOffset has been called by org.openjdk.jmh.util.Utils (file:/root/.m2/repository/org/openjdk/jmh/jmh-core/1.37/jmh-core-1.37.jar)
[INFO] [stdout] WARNING: Please consider reporting this to the maintainers of class org.openjdk.jmh.util.Utils
[INFO] [stdout] WARNING: sun.misc.Unsafe::objectFieldOffset will be removed in a future release
[INFO] [stdout] Iteration   1: WARNING: A restricted method in java.lang.foreign.SymbolLookup has been called
[INFO] [stdout] WARNING: java.lang.foreign.SymbolLookup::libraryLookup has been called by io.airlift.compress.v3.internal.NativeLoader in an unnamed module (file:/root/.m2/repository/io/airlift/aircompressor-v3/3.4/aircompressor-v3-3.4.jar)
[INFO] [stdout] WARNING: Use --enable-native-access=ALL-UNNAMED to avoid a warning for callers in this module
[INFO] [stdout] WARNING: Restricted methods will be blocked in a future release unless native access is enabled
[INFO] [stdout] 
[WARNING] [stderr] [dictionary-filter] kind=LONG optional=true rows=14401261 acceptedRows=136146 directRows=0 bitmaskRows=0 lastDictionary=8 lastAccepted=0 branchless=false
[INFO] [stdout] 491.953 ms/op
[INFO] [stdout] 
[INFO] [stdout] 
[INFO] [stdout] Result "org.weakref.nitro.tpcds.BenchmarkQueries.query20":
[INFO] [stdout]   491.953 ms/op
[INFO] [stdout] 
[INFO] [stdout] 
[INFO] [stdout] # JMH version: 1.37
[INFO] [stdout] # VM version: JDK 26.0.1, OpenJDK 64-Bit Server VM, 26.0.1+8
[INFO] [stdout] # VM invoker: /opt/java/openjdk/bin/java
[INFO] [stdout] # VM options: --enable-preview --add-modules=jdk.incubator.vector -Dnitro.clickbench.hits.path= -Dnitro.tpcds.parquet.path=/root/data/tpcds-parquet-sf10 -Dnitro.tpcds.parquet.schema=sf10 -Dnitro.parquet.debugDictionaryFilterSummary=true -Xmx12g -XX:+UseTransparentHugePages
[INFO] [stdout] # Blackhole mode: compiler (auto-detected, use -Djmh.blackhole.autoDetect=false to disable)
[INFO] [stdout] # Warmup: <none>
[INFO] [stdout] # Measurement: 1 iterations, 1 ms each
[INFO] [stdout] # Timeout: 30 min per iteration
[INFO] [stdout] # Threads: 1 thread, will synchronize iterations
[INFO] [stdout] # Benchmark mode: Average time, time/op
[INFO] [stdout] # Benchmark: org.weakref.nitro.tpcds.BenchmarkQueries.query21
[INFO] [stdout] 
[INFO] [stdout] # Run progress: 20.20% complete, ETA 00:02:34
[INFO] [stdout] # Fork: 1 of 1
[INFO] [stdout] WARNING: Using incubator modules: jdk.incubator.vector
[INFO] [stdout] WARNING: A terminally deprecated method in sun.misc.Unsafe has been called
[INFO] [stdout] WARNING: sun.misc.Unsafe::objectFieldOffset has been called by org.openjdk.jmh.util.Utils (file:/root/.m2/repository/org/openjdk/jmh/jmh-core/1.37/jmh-core-1.37.jar)
[INFO] [stdout] WARNING: Please consider reporting this to the maintainers of class org.openjdk.jmh.util.Utils
[INFO] [stdout] WARNING: sun.misc.Unsafe::objectFieldOffset will be removed in a future release
[INFO] [stdout] Iteration   1: WARNING: A restricted method in java.lang.foreign.SymbolLookup has been called
[INFO] [stdout] WARNING: java.lang.foreign.SymbolLookup::libraryLookup has been called by io.airlift.compress.v3.internal.NativeLoader in an unnamed module (file:/root/.m2/repository/io/airlift/aircompressor-v3/3.4/aircompressor-v3-3.4.jar)
[INFO] [stdout] WARNING: Use --enable-native-access=ALL-UNNAMED to avoid a warning for callers in this module
[INFO] [stdout] WARNING: Restricted methods will be blocked in a future release unless native access is enabled
[INFO] [stdout] 
[WARNING] [stderr] [dictionary-filter] kind=LONG optional=true rows=133110000 acceptedRows=2550000 directRows=0 bitmaskRows=25186304 lastDictionary=19 lastAccepted=0 branchless=false
[WARNING] [stderr] [dictionary-filter] kind=LONG optional=true rows=133110000 acceptedRows=2040000 directRows=0 bitmaskRows=25186304 lastDictionary=19 lastAccepted=0 branchless=false
[INFO] [stdout] 850.304 ms/op
[INFO] [stdout] 
[INFO] [stdout] 
[INFO] [stdout] Result "org.weakref.nitro.tpcds.BenchmarkQueries.query21":
[INFO] [stdout]   850.304 ms/op
[INFO] [stdout] 
[INFO] [stdout] 
[INFO] [stdout] # JMH version: 1.37
[INFO] [stdout] # VM version: JDK 26.0.1, OpenJDK 64-Bit Server VM, 26.0.1+8
[INFO] [stdout] # VM invoker: /opt/java/openjdk/bin/java
[INFO] [stdout] # VM options: --enable-preview --add-modules=jdk.incubator.vector -Dnitro.clickbench.hits.path= -Dnitro.tpcds.parquet.path=/root/data/tpcds-parquet-sf10 -Dnitro.tpcds.parquet.schema=sf10 -Dnitro.parquet.debugDictionaryFilterSummary=true -Xmx12g -XX:+UseTransparentHugePages
[INFO] [stdout] # Blackhole mode: compiler (auto-detected, use -Djmh.blackhole.autoDetect=false to disable)
[INFO] [stdout] # Warmup: <none>
[INFO] [stdout] # Measurement: 1 iterations, 1 ms each
[INFO] [stdout] # Timeout: 30 min per iteration
[INFO] [stdout] # Threads: 1 thread, will synchronize iterations
[INFO] [stdout] # Benchmark mode: Average time, time/op
[INFO] [stdout] # Benchmark: org.weakref.nitro.tpcds.BenchmarkQueries.query22
[INFO] [stdout] 
[INFO] [stdout] # Run progress: 21.21% complete, ETA 00:02:28
[INFO] [stdout] # Fork: 1 of 1
[INFO] [stdout] WARNING: Using incubator modules: jdk.incubator.vector
[INFO] [stdout] WARNING: A terminally deprecated method in sun.misc.Unsafe has been called
[INFO] [stdout] WARNING: sun.misc.Unsafe::objectFieldOffset has been called by org.openjdk.jmh.util.Utils (file:/root/.m2/repository/org/openjdk/jmh/jmh-core/1.37/jmh-core-1.37.jar)
[INFO] [stdout] WARNING: Please consider reporting this to the maintainers of class org.openjdk.jmh.util.Utils
[INFO] [stdout] WARNING: sun.misc.Unsafe::objectFieldOffset will be removed in a future release
[INFO] [stdout] Iteration   1: WARNING: A restricted method in java.lang.foreign.SymbolLookup has been called
[INFO] [stdout] WARNING: java.lang.foreign.SymbolLookup::libraryLookup has been called by io.airlift.compress.v3.internal.NativeLoader in an unnamed module (file:/root/.m2/repository/io/airlift/aircompressor-v3/3.4/aircompressor-v3-3.4.jar)
[INFO] [stdout] WARNING: Use --enable-native-access=ALL-UNNAMED to avoid a warning for callers in this module
[INFO] [stdout] WARNING: Restricted methods will be blocked in a future release unless native access is enabled
[INFO] [stdout] 
[WARNING] [stderr] [dictionary-filter] kind=LONG optional=true rows=133110000 acceptedRows=26520000 directRows=0 bitmaskRows=7123636 lastDictionary=19 lastAccepted=2 branchless=false
[INFO] [stdout] 1311.456 ms/op
[INFO] [stdout] 
[INFO] [stdout] 
[INFO] [stdout] Result "org.weakref.nitro.tpcds.BenchmarkQueries.query22":
[INFO] [stdout]   1311.456 ms/op
[INFO] [stdout] 
[INFO] [stdout] 
[INFO] [stdout] # JMH version: 1.37
[INFO] [stdout] # VM version: JDK 26.0.1, OpenJDK 64-Bit Server VM, 26.0.1+8
[INFO] [stdout] # VM invoker: /opt/java/openjdk/bin/java
[INFO] [stdout] # VM options: --enable-preview --add-modules=jdk.incubator.vector -Dnitro.clickbench.hits.path= -Dnitro.tpcds.parquet.path=/root/data/tpcds-parquet-sf10 -Dnitro.tpcds.parquet.schema=sf10 -Dnitro.parquet.debugDictionaryFilterSummary=true -Xmx12g -XX:+UseTransparentHugePages
[INFO] [stdout] # Blackhole mode: compiler (auto-detected, use -Djmh.blackhole.autoDetect=false to disable)
[INFO] [stdout] # Warmup: <none>
[INFO] [stdout] # Measurement: 1 iterations, 1 ms each
[INFO] [stdout] # Timeout: 30 min per iteration
[INFO] [stdout] # Threads: 1 thread, will synchronize iterations
[INFO] [stdout] # Benchmark mode: Average time, time/op
[INFO] [stdout] # Benchmark: org.weakref.nitro.tpcds.BenchmarkQueries.query23
[INFO] [stdout] 
[INFO] [stdout] # Run progress: 22.22% complete, ETA 00:02:25
[INFO] [stdout] # Fork: 1 of 1
[INFO] [stdout] WARNING: Using incubator modules: jdk.incubator.vector
[INFO] [stdout] WARNING: A terminally deprecated method in sun.misc.Unsafe has been called
[INFO] [stdout] WARNING: sun.misc.Unsafe::objectFieldOffset has been called by org.openjdk.jmh.util.Utils (file:/root/.m2/repository/org/openjdk/jmh/jmh-core/1.37/jmh-core-1.37.jar)
[INFO] [stdout] WARNING: Please consider reporting this to the maintainers of class org.openjdk.jmh.util.Utils
[INFO] [stdout] WARNING: sun.misc.Unsafe::objectFieldOffset will be removed in a future release
[INFO] [stdout] Iteration   1: WARNING: A restricted method in java.lang.foreign.SymbolLookup has been called
[INFO] [stdout] WARNING: java.lang.foreign.SymbolLookup::libraryLookup has been called by io.airlift.compress.v3.internal.NativeLoader in an unnamed module (file:/root/.m2/repository/io/airlift/aircompressor-v3/3.4/aircompressor-v3-3.4.jar)
[INFO] [stdout] WARNING: Use --enable-native-access=ALL-UNNAMED to avoid a warning for callers in this module
[INFO] [stdout] WARNING: Restricted methods will be blocked in a future release unless native access is enabled
[INFO] [stdout] 
[WARNING] [stderr] [dictionary-filter] kind=LONG optional=true rows=28800991 acceptedRows=16554780 directRows=0 bitmaskRows=0 lastDictionary=578 lastAccepted=337 branchless=true
[WARNING] [stderr] [dictionary-filter] kind=LONG optional=true rows=28800991 acceptedRows=16554780 directRows=0 bitmaskRows=0 lastDictionary=578 lastAccepted=337 branchless=true
[WARNING] [stderr] [dictionary-filter] kind=LONG optional=true rows=11012994 acceptedRows=1504 directRows=0 bitmaskRows=0 lastDictionary=3874 lastAccepted=1 branchless=false
[WARNING] [stderr] [dictionary-filter] kind=LONG optional=true rows=28800991 acceptedRows=16554780 directRows=0 bitmaskRows=0 lastDictionary=578 lastAccepted=337 branchless=true
[WARNING] [stderr] [dictionary-filter] kind=LONG optional=true rows=28800991 acceptedRows=16554780 directRows=0 bitmaskRows=0 lastDictionary=578 lastAccepted=337 branchless=true
[WARNING] [stderr] [dictionary-filter] kind=LONG optional=true rows=7030862 acceptedRows=777 directRows=0 bitmaskRows=0 lastDictionary=116772 lastAccepted=9 branchless=false
[INFO] [stdout] 5378.227 ms/op
[INFO] [stdout] 
[INFO] [stdout] 
[INFO] [stdout] Result "org.weakref.nitro.tpcds.BenchmarkQueries.query23":
[INFO] [stdout]   5378.227 ms/op
[INFO] [stdout] 
[INFO] [stdout] 
[INFO] [stdout] # JMH version: 1.37
[INFO] [stdout] # VM version: JDK 26.0.1, OpenJDK 64-Bit Server VM, 26.0.1+8
[INFO] [stdout] # VM invoker: /opt/java/openjdk/bin/java
[INFO] [stdout] # VM options: --enable-preview --add-modules=jdk.incubator.vector -Dnitro.clickbench.hits.path= -Dnitro.tpcds.parquet.path=/root/data/tpcds-parquet-sf10 -Dnitro.tpcds.parquet.schema=sf10 -Dnitro.parquet.debugDictionaryFilterSummary=true -Xmx12g -XX:+UseTransparentHugePages
[INFO] [stdout] # Blackhole mode: compiler (auto-detected, use -Djmh.blackhole.autoDetect=false to disable)
[INFO] [stdout] # Warmup: <none>
[INFO] [stdout] # Measurement: 1 iterations, 1 ms each
[INFO] [stdout] # Timeout: 30 min per iteration
[INFO] [stdout] # Threads: 1 thread, will synchronize iterations
[INFO] [stdout] # Benchmark mode: Average time, time/op
[INFO] [stdout] # Benchmark: org.weakref.nitro.tpcds.BenchmarkQueries.query24
[INFO] [stdout] 
[INFO] [stdout] # Run progress: 23.23% complete, ETA 00:02:35
[INFO] [stdout] # Fork: 1 of 1
[INFO] [stdout] WARNING: Using incubator modules: jdk.incubator.vector
[INFO] [stdout] WARNING: A terminally deprecated method in sun.misc.Unsafe has been called
[INFO] [stdout] WARNING: sun.misc.Unsafe::objectFieldOffset has been called by org.openjdk.jmh.util.Utils (file:/root/.m2/repository/org/openjdk/jmh/jmh-core/1.37/jmh-core-1.37.jar)
[INFO] [stdout] WARNING: Please consider reporting this to the maintainers of class org.openjdk.jmh.util.Utils
[INFO] [stdout] WARNING: sun.misc.Unsafe::objectFieldOffset will be removed in a future release
[INFO] [stdout] Iteration   1: WARNING: A restricted method in java.lang.foreign.SymbolLookup has been called
[INFO] [stdout] WARNING: java.lang.foreign.SymbolLookup::libraryLookup has been called by io.airlift.compress.v3.internal.NativeLoader in an unnamed module (file:/root/.m2/repository/io/airlift/aircompressor-v3/3.4/aircompressor-v3-3.4.jar)
[INFO] [stdout] WARNING: Use --enable-native-access=ALL-UNNAMED to avoid a warning for callers in this module
[INFO] [stdout] WARNING: Restricted methods will be blocked in a future release unless native access is enabled
[INFO] [stdout] 
[WARNING] [stderr] [dictionary-filter] kind=LONG optional=true rows=28791729 acceptedRows=613963 directRows=0 bitmaskRows=0 lastDictionary=0 lastAccepted=2184 branchless=false
[WARNING] [stderr] [dictionary-filter] kind=LONG optional=true rows=28800991 acceptedRows=2168102 directRows=0 bitmaskRows=0 lastDictionary=51 lastAccepted=4 branchless=false
[INFO] [stdout] 1556.277 ms/op
[INFO] [stdout] 
[INFO] [stdout] 
[INFO] [stdout] Result "org.weakref.nitro.tpcds.BenchmarkQueries.query24":
[INFO] [stdout]   1556.277 ms/op
[INFO] [stdout] 
[INFO] [stdout] 
[INFO] [stdout] # JMH version: 1.37
[INFO] [stdout] # VM version: JDK 26.0.1, OpenJDK 64-Bit Server VM, 26.0.1+8
[INFO] [stdout] # VM invoker: /opt/java/openjdk/bin/java
[INFO] [stdout] # VM options: --enable-preview --add-modules=jdk.incubator.vector -Dnitro.clickbench.hits.path= -Dnitro.tpcds.parquet.path=/root/data/tpcds-parquet-sf10 -Dnitro.tpcds.parquet.schema=sf10 -Dnitro.parquet.debugDictionaryFilterSummary=true -Xmx12g -XX:+UseTransparentHugePages
[INFO] [stdout] # Blackhole mode: compiler (auto-detected, use -Djmh.blackhole.autoDetect=false to disable)
[INFO] [stdout] # Warmup: <none>
[INFO] [stdout] # Measurement: 1 iterations, 1 ms each
[INFO] [stdout] # Timeout: 30 min per iteration
[INFO] [stdout] # Threads: 1 thread, will synchronize iterations
[INFO] [stdout] # Benchmark mode: Average time, time/op
[INFO] [stdout] # Benchmark: org.weakref.nitro.tpcds.BenchmarkQueries.query25
[INFO] [stdout] 
[INFO] [stdout] # Run progress: 24.24% complete, ETA 00:02:32
[INFO] [stdout] # Fork: 1 of 1
[INFO] [stdout] WARNING: Using incubator modules: jdk.incubator.vector
[INFO] [stdout] WARNING: A terminally deprecated method in sun.misc.Unsafe has been called
[INFO] [stdout] WARNING: sun.misc.Unsafe::objectFieldOffset has been called by org.openjdk.jmh.util.Utils (file:/root/.m2/repository/org/openjdk/jmh/jmh-core/1.37/jmh-core-1.37.jar)
[INFO] [stdout] WARNING: Please consider reporting this to the maintainers of class org.openjdk.jmh.util.Utils
[INFO] [stdout] WARNING: sun.misc.Unsafe::objectFieldOffset will be removed in a future release
[INFO] [stdout] Iteration   1: WARNING: A restricted method in java.lang.foreign.SymbolLookup has been called
[INFO] [stdout] WARNING: java.lang.foreign.SymbolLookup::libraryLookup has been called by io.airlift.compress.v3.internal.NativeLoader in an unnamed module (file:/root/.m2/repository/io/airlift/aircompressor-v3/3.4/aircompressor-v3-3.4.jar)
[INFO] [stdout] WARNING: Use --enable-native-access=ALL-UNNAMED to avoid a warning for callers in this module
[INFO] [stdout] WARNING: Restricted methods will be blocked in a future release unless native access is enabled
[INFO] [stdout] 
[WARNING] [stderr] [dictionary-filter] kind=LONG optional=true rows=28800991 acceptedRows=262336 directRows=0 bitmaskRows=0 lastDictionary=578 lastAccepted=3 branchless=false
[WARNING] [stderr] [dictionary-filter] kind=LONG optional=true rows=11012994 acceptedRows=281840 directRows=0 bitmaskRows=0 lastDictionary=3874 lastAccepted=95 branchless=false
[INFO] [stdout] 1177.468 ms/op
[INFO] [stdout] 
[INFO] [stdout] 
[INFO] [stdout] Result "org.weakref.nitro.tpcds.BenchmarkQueries.query25":
[INFO] [stdout]   1177.468 ms/op
[INFO] [stdout] 
[INFO] [stdout] 
[INFO] [stdout] # JMH version: 1.37
[INFO] [stdout] # VM version: JDK 26.0.1, OpenJDK 64-Bit Server VM, 26.0.1+8
[INFO] [stdout] # VM invoker: /opt/java/openjdk/bin/java
[INFO] [stdout] # VM options: --enable-preview --add-modules=jdk.incubator.vector -Dnitro.clickbench.hits.path= -Dnitro.tpcds.parquet.path=/root/data/tpcds-parquet-sf10 -Dnitro.tpcds.parquet.schema=sf10 -Dnitro.parquet.debugDictionaryFilterSummary=true -Xmx12g -XX:+UseTransparentHugePages
[INFO] [stdout] # Blackhole mode: compiler (auto-detected, use -Djmh.blackhole.autoDetect=false to disable)
[INFO] [stdout] # Warmup: <none>
[INFO] [stdout] # Measurement: 1 iterations, 1 ms each
[INFO] [stdout] # Timeout: 30 min per iteration
[INFO] [stdout] # Threads: 1 thread, will synchronize iterations
[INFO] [stdout] # Benchmark mode: Average time, time/op
[INFO] [stdout] # Benchmark: org.weakref.nitro.tpcds.BenchmarkQueries.query26
[INFO] [stdout] 
[INFO] [stdout] # Run progress: 25.25% complete, ETA 00:02:28
[INFO] [stdout] # Fork: 1 of 1
[INFO] [stdout] WARNING: Using incubator modules: jdk.incubator.vector
[INFO] [stdout] WARNING: A terminally deprecated method in sun.misc.Unsafe has been called
[INFO] [stdout] WARNING: sun.misc.Unsafe::objectFieldOffset has been called by org.openjdk.jmh.util.Utils (file:/root/.m2/repository/org/openjdk/jmh/jmh-core/1.37/jmh-core-1.37.jar)
[INFO] [stdout] WARNING: Please consider reporting this to the maintainers of class org.openjdk.jmh.util.Utils
[INFO] [stdout] WARNING: sun.misc.Unsafe::objectFieldOffset will be removed in a future release
[INFO] [stdout] Iteration   1: WARNING: A restricted method in java.lang.foreign.SymbolLookup has been called
[INFO] [stdout] WARNING: java.lang.foreign.SymbolLookup::libraryLookup has been called by io.airlift.compress.v3.internal.NativeLoader in an unnamed module (file:/root/.m2/repository/io/airlift/aircompressor-v3/3.4/aircompressor-v3-3.4.jar)
[INFO] [stdout] WARNING: Use --enable-native-access=ALL-UNNAMED to avoid a warning for callers in this module
[INFO] [stdout] WARNING: Restricted methods will be blocked in a future release unless native access is enabled
[INFO] [stdout] 
[WARNING] [stderr] [dictionary-filter] kind=LONG optional=true rows=10012770 acceptedRows=141239 directRows=8964194 bitmaskRows=0 lastDictionary=3881 lastAccepted=52 branchless=false
[WARNING] [stderr] [dictionary-filter] kind=INT optional=true rows=73049 acceptedRows=366 directRows=0 bitmaskRows=0 lastDictionary=201 lastAccepted=1 branchless=false
[INFO] [stdout] 721.644 ms/op
[INFO] [stdout] 
[INFO] [stdout] 
[INFO] [stdout] Result "org.weakref.nitro.tpcds.BenchmarkQueries.query26":
[INFO] [stdout]   721.644 ms/op
[INFO] [stdout] 
[INFO] [stdout] 
[INFO] [stdout] # JMH version: 1.37
[INFO] [stdout] # VM version: JDK 26.0.1, OpenJDK 64-Bit Server VM, 26.0.1+8
[INFO] [stdout] # VM invoker: /opt/java/openjdk/bin/java
[INFO] [stdout] # VM options: --enable-preview --add-modules=jdk.incubator.vector -Dnitro.clickbench.hits.path= -Dnitro.tpcds.parquet.path=/root/data/tpcds-parquet-sf10 -Dnitro.tpcds.parquet.schema=sf10 -Dnitro.parquet.debugDictionaryFilterSummary=true -Xmx12g -XX:+UseTransparentHugePages
[INFO] [stdout] # Blackhole mode: compiler (auto-detected, use -Djmh.blackhole.autoDetect=false to disable)
[INFO] [stdout] # Warmup: <none>
[INFO] [stdout] # Measurement: 1 iterations, 1 ms each
[INFO] [stdout] # Timeout: 30 min per iteration
[INFO] [stdout] # Threads: 1 thread, will synchronize iterations
[INFO] [stdout] # Benchmark mode: Average time, time/op
[INFO] [stdout] # Benchmark: org.weakref.nitro.tpcds.BenchmarkQueries.query27
[INFO] [stdout] 
[INFO] [stdout] # Run progress: 26.26% complete, ETA 00:02:23
[INFO] [stdout] # Fork: 1 of 1
[INFO] [stdout] WARNING: Using incubator modules: jdk.incubator.vector
[INFO] [stdout] WARNING: A terminally deprecated method in sun.misc.Unsafe has been called
[INFO] [stdout] WARNING: sun.misc.Unsafe::objectFieldOffset has been called by org.openjdk.jmh.util.Utils (file:/root/.m2/repository/org/openjdk/jmh/jmh-core/1.37/jmh-core-1.37.jar)
[INFO] [stdout] WARNING: Please consider reporting this to the maintainers of class org.openjdk.jmh.util.Utils
[INFO] [stdout] WARNING: sun.misc.Unsafe::objectFieldOffset will be removed in a future release
[INFO] [stdout] Iteration   1: WARNING: A restricted method in java.lang.foreign.SymbolLookup has been called
[INFO] [stdout] WARNING: java.lang.foreign.SymbolLookup::libraryLookup has been called by io.airlift.compress.v3.internal.NativeLoader in an unnamed module (file:/root/.m2/repository/io/airlift/aircompressor-v3/3.4/aircompressor-v3-3.4.jar)
[INFO] [stdout] WARNING: Use --enable-native-access=ALL-UNNAMED to avoid a warning for callers in this module
[INFO] [stdout] WARNING: Restricted methods will be blocked in a future release unless native access is enabled
[INFO] [stdout] 
[WARNING] [stderr] [dictionary-filter] kind=LONG optional=true rows=17734009 acceptedRows=241887 directRows=0 bitmaskRows=0 lastDictionary=773 lastAccepted=8 branchless=false
[WARNING] [stderr] [dictionary-filter] kind=INT optional=true rows=73049 acceptedRows=365 directRows=0 bitmaskRows=0 lastDictionary=201 lastAccepted=1 branchless=false
[INFO] [stdout] 1325.635 ms/op
[INFO] [stdout] 
[INFO] [stdout] 
[INFO] [stdout] Result "org.weakref.nitro.tpcds.BenchmarkQueries.query27":
[INFO] [stdout]   1325.635 ms/op
[INFO] [stdout] 
[INFO] [stdout] 
[INFO] [stdout] # JMH version: 1.37
[INFO] [stdout] # VM version: JDK 26.0.1, OpenJDK 64-Bit Server VM, 26.0.1+8
[INFO] [stdout] # VM invoker: /opt/java/openjdk/bin/java
[INFO] [stdout] # VM options: --enable-preview --add-modules=jdk.incubator.vector -Dnitro.clickbench.hits.path= -Dnitro.tpcds.parquet.path=/root/data/tpcds-parquet-sf10 -Dnitro.tpcds.parquet.schema=sf10 -Dnitro.parquet.debugDictionaryFilterSummary=true -Xmx12g -XX:+UseTransparentHugePages
[INFO] [stdout] # Blackhole mode: compiler (auto-detected, use -Djmh.blackhole.autoDetect=false to disable)
[INFO] [stdout] # Warmup: <none>
[INFO] [stdout] # Measurement: 1 iterations, 1 ms each
[INFO] [stdout] # Timeout: 30 min per iteration
[INFO] [stdout] # Threads: 1 thread, will synchronize iterations
[INFO] [stdout] # Benchmark mode: Average time, time/op
[INFO] [stdout] # Benchmark: org.weakref.nitro.tpcds.BenchmarkQueries.query28
[INFO] [stdout] 
[INFO] [stdout] # Run progress: 27.27% complete, ETA 00:02:20
[INFO] [stdout] # Fork: 1 of 1
[INFO] [stdout] WARNING: Using incubator modules: jdk.incubator.vector
[INFO] [stdout] WARNING: A terminally deprecated method in sun.misc.Unsafe has been called
[INFO] [stdout] WARNING: sun.misc.Unsafe::objectFieldOffset has been called by org.openjdk.jmh.util.Utils (file:/root/.m2/repository/org/openjdk/jmh/jmh-core/1.37/jmh-core-1.37.jar)
[INFO] [stdout] WARNING: Please consider reporting this to the maintainers of class org.openjdk.jmh.util.Utils
[INFO] [stdout] WARNING: sun.misc.Unsafe::objectFieldOffset will be removed in a future release
[INFO] [stdout] Iteration   1: WARNING: A restricted method in java.lang.foreign.SymbolLookup has been called
[INFO] [stdout] WARNING: java.lang.foreign.SymbolLookup::libraryLookup has been called by io.airlift.compress.v3.internal.NativeLoader in an unnamed module (file:/root/.m2/repository/io/airlift/aircompressor-v3/3.4/aircompressor-v3-3.4.jar)
[INFO] [stdout] WARNING: Use --enable-native-access=ALL-UNNAMED to avoid a warning for callers in this module
[INFO] [stdout] WARNING: Restricted methods will be blocked in a future release unless native access is enabled
[INFO] [stdout] 
[INFO] [stdout] 2911.923 ms/op
[INFO] [stdout] 
[INFO] [stdout] 
[INFO] [stdout] Result "org.weakref.nitro.tpcds.BenchmarkQueries.query28":
[INFO] [stdout]   2911.923 ms/op
[INFO] [stdout] 
[INFO] [stdout] 
[INFO] [stdout] # JMH version: 1.37
[INFO] [stdout] # VM version: JDK 26.0.1, OpenJDK 64-Bit Server VM, 26.0.1+8
[INFO] [stdout] # VM invoker: /opt/java/openjdk/bin/java
[INFO] [stdout] # VM options: --enable-preview --add-modules=jdk.incubator.vector -Dnitro.clickbench.hits.path= -Dnitro.tpcds.parquet.path=/root/data/tpcds-parquet-sf10 -Dnitro.tpcds.parquet.schema=sf10 -Dnitro.parquet.debugDictionaryFilterSummary=true -Xmx12g -XX:+UseTransparentHugePages
[INFO] [stdout] # Blackhole mode: compiler (auto-detected, use -Djmh.blackhole.autoDetect=false to disable)
[INFO] [stdout] # Warmup: <none>
[INFO] [stdout] # Measurement: 1 iterations, 1 ms each
[INFO] [stdout] # Timeout: 30 min per iteration
[INFO] [stdout] # Threads: 1 thread, will synchronize iterations
[INFO] [stdout] # Benchmark mode: Average time, time/op
[INFO] [stdout] # Benchmark: org.weakref.nitro.tpcds.BenchmarkQueries.query29
[INFO] [stdout] 
[INFO] [stdout] # Run progress: 28.28% complete, ETA 00:02:20
[INFO] [stdout] # Fork: 1 of 1
[INFO] [stdout] WARNING: Using incubator modules: jdk.incubator.vector
[INFO] [stdout] WARNING: A terminally deprecated method in sun.misc.Unsafe has been called
[INFO] [stdout] WARNING: sun.misc.Unsafe::objectFieldOffset has been called by org.openjdk.jmh.util.Utils (file:/root/.m2/repository/org/openjdk/jmh/jmh-core/1.37/jmh-core-1.37.jar)
[INFO] [stdout] WARNING: Please consider reporting this to the maintainers of class org.openjdk.jmh.util.Utils
[INFO] [stdout] WARNING: sun.misc.Unsafe::objectFieldOffset will be removed in a future release
[INFO] [stdout] Iteration   1: WARNING: A restricted method in java.lang.foreign.SymbolLookup has been called
[INFO] [stdout] WARNING: java.lang.foreign.SymbolLookup::libraryLookup has been called by io.airlift.compress.v3.internal.NativeLoader in an unnamed module (file:/root/.m2/repository/io/airlift/aircompressor-v3/3.4/aircompressor-v3-3.4.jar)
[INFO] [stdout] WARNING: Use --enable-native-access=ALL-UNNAMED to avoid a warning for callers in this module
[INFO] [stdout] WARNING: Restricted methods will be blocked in a future release unless native access is enabled
[INFO] [stdout] 
[WARNING] [stderr] [dictionary-filter] kind=LONG optional=true rows=28800991 acceptedRows=590830 directRows=0 bitmaskRows=0 lastDictionary=578 lastAccepted=12 branchless=false
[WARNING] [stderr] [dictionary-filter] kind=LONG optional=true rows=11012994 acceptedRows=420085 directRows=0 bitmaskRows=0 lastDictionary=3874 lastAccepted=151 branchless=false
[INFO] [stdout] 1316.888 ms/op
[INFO] [stdout] 
[INFO] [stdout] 
[INFO] [stdout] Result "org.weakref.nitro.tpcds.BenchmarkQueries.query29":
[INFO] [stdout]   1316.888 ms/op
[INFO] [stdout] 
[INFO] [stdout] 
[INFO] [stdout] # JMH version: 1.37
[INFO] [stdout] # VM version: JDK 26.0.1, OpenJDK 64-Bit Server VM, 26.0.1+8
[INFO] [stdout] # VM invoker: /opt/java/openjdk/bin/java
[INFO] [stdout] # VM options: --enable-preview --add-modules=jdk.incubator.vector -Dnitro.clickbench.hits.path= -Dnitro.tpcds.parquet.path=/root/data/tpcds-parquet-sf10 -Dnitro.tpcds.parquet.schema=sf10 -Dnitro.parquet.debugDictionaryFilterSummary=true -Xmx12g -XX:+UseTransparentHugePages
[INFO] [stdout] # Blackhole mode: compiler (auto-detected, use -Djmh.blackhole.autoDetect=false to disable)
[INFO] [stdout] # Warmup: <none>
[INFO] [stdout] # Measurement: 1 iterations, 1 ms each
[INFO] [stdout] # Timeout: 30 min per iteration
[INFO] [stdout] # Threads: 1 thread, will synchronize iterations
[INFO] [stdout] # Benchmark mode: Average time, time/op
[INFO] [stdout] # Benchmark: org.weakref.nitro.tpcds.BenchmarkQueries.query30
[INFO] [stdout] 
[INFO] [stdout] # Run progress: 29.29% complete, ETA 00:02:17
[INFO] [stdout] # Fork: 1 of 1
[INFO] [stdout] WARNING: Using incubator modules: jdk.incubator.vector
[INFO] [stdout] WARNING: A terminally deprecated method in sun.misc.Unsafe has been called
[INFO] [stdout] WARNING: sun.misc.Unsafe::objectFieldOffset has been called by org.openjdk.jmh.util.Utils (file:/root/.m2/repository/org/openjdk/jmh/jmh-core/1.37/jmh-core-1.37.jar)
[INFO] [stdout] WARNING: Please consider reporting this to the maintainers of class org.openjdk.jmh.util.Utils
[INFO] [stdout] WARNING: sun.misc.Unsafe::objectFieldOffset will be removed in a future release
[INFO] [stdout] Iteration   1: WARNING: A restricted method in java.lang.foreign.SymbolLookup has been called
[INFO] [stdout] WARNING: java.lang.foreign.SymbolLookup::libraryLookup has been called by io.airlift.compress.v3.internal.NativeLoader in an unnamed module (file:/root/.m2/repository/io/airlift/aircompressor-v3/3.4/aircompressor-v3-3.4.jar)
[INFO] [stdout] WARNING: Use --enable-native-access=ALL-UNNAMED to avoid a warning for callers in this module
[INFO] [stdout] WARNING: Restricted methods will be blocked in a future release unless native access is enabled
[INFO] [stdout] 
[WARNING] [stderr] [dictionary-filter] kind=LONG optional=true rows=719217 acceptedRows=136371 directRows=0 bitmaskRows=0 lastDictionary=2165 lastAccepted=365 branchless=true
[WARNING] [stderr] [dictionary-filter] kind=INT optional=true rows=73049 acceptedRows=365 directRows=0 bitmaskRows=0 lastDictionary=201 lastAccepted=1 branchless=false
[WARNING] [stderr] [dictionary-filter] kind=LONG optional=true rows=719217 acceptedRows=136371 directRows=0 bitmaskRows=0 lastDictionary=2165 lastAccepted=365 branchless=true
[WARNING] [stderr] [dictionary-filter] kind=INT optional=true rows=73049 acceptedRows=365 directRows=0 bitmaskRows=0 lastDictionary=201 lastAccepted=1 branchless=false
[INFO] [stdout] 726.451 ms/op
[INFO] [stdout] 
[INFO] [stdout] 
[INFO] [stdout] Result "org.weakref.nitro.tpcds.BenchmarkQueries.query30":
[INFO] [stdout]   726.451 ms/op
[INFO] [stdout] 
[INFO] [stdout] 
[INFO] [stdout] # JMH version: 1.37
[INFO] [stdout] # VM version: JDK 26.0.1, OpenJDK 64-Bit Server VM, 26.0.1+8
[INFO] [stdout] # VM invoker: /opt/java/openjdk/bin/java
[INFO] [stdout] # VM options: --enable-preview --add-modules=jdk.incubator.vector -Dnitro.clickbench.hits.path= -Dnitro.tpcds.parquet.path=/root/data/tpcds-parquet-sf10 -Dnitro.tpcds.parquet.schema=sf10 -Dnitro.parquet.debugDictionaryFilterSummary=true -Xmx12g -XX:+UseTransparentHugePages
[INFO] [stdout] # Blackhole mode: compiler (auto-detected, use -Djmh.blackhole.autoDetect=false to disable)
[INFO] [stdout] # Warmup: <none>
[INFO] [stdout] # Measurement: 1 iterations, 1 ms each
[INFO] [stdout] # Timeout: 30 min per iteration
[INFO] [stdout] # Threads: 1 thread, will synchronize iterations
[INFO] [stdout] # Benchmark mode: Average time, time/op
[INFO] [stdout] # Benchmark: org.weakref.nitro.tpcds.BenchmarkQueries.query31
[INFO] [stdout] 
[INFO] [stdout] # Run progress: 30.30% complete, ETA 00:02:13
[INFO] [stdout] # Fork: 1 of 1
[INFO] [stdout] WARNING: Using incubator modules: jdk.incubator.vector
[INFO] [stdout] WARNING: A terminally deprecated method in sun.misc.Unsafe has been called
[INFO] [stdout] WARNING: sun.misc.Unsafe::objectFieldOffset has been called by org.openjdk.jmh.util.Utils (file:/root/.m2/repository/org/openjdk/jmh/jmh-core/1.37/jmh-core-1.37.jar)
[INFO] [stdout] WARNING: Please consider reporting this to the maintainers of class org.openjdk.jmh.util.Utils
[INFO] [stdout] WARNING: sun.misc.Unsafe::objectFieldOffset will be removed in a future release
[INFO] [stdout] Iteration   1: WARNING: A restricted method in java.lang.foreign.SymbolLookup has been called
[INFO] [stdout] WARNING: java.lang.foreign.SymbolLookup::libraryLookup has been called by io.airlift.compress.v3.internal.NativeLoader in an unnamed module (file:/root/.m2/repository/io/airlift/aircompressor-v3/3.4/aircompressor-v3-3.4.jar)
[INFO] [stdout] WARNING: Use --enable-native-access=ALL-UNNAMED to avoid a warning for callers in this module
[INFO] [stdout] WARNING: Restricted methods will be blocked in a future release unless native access is enabled
[INFO] [stdout] 
[WARNING] [stderr] [dictionary-filter] kind=LONG optional=true rows=28800991 acceptedRows=839034 directRows=0 bitmaskRows=0 lastDictionary=578 lastAccepted=16 branchless=false
[WARNING] [stderr] [dictionary-filter] kind=LONG optional=true rows=28800991 acceptedRows=790723 directRows=0 bitmaskRows=0 lastDictionary=578 lastAccepted=22 branchless=false
[WARNING] [stderr] [dictionary-filter] kind=LONG optional=true rows=28800991 acceptedRows=1465918 directRows=0 bitmaskRows=0 lastDictionary=578 lastAccepted=33 branchless=false
[WARNING] [stderr] [dictionary-filter] kind=LONG optional=true rows=7197566 acceptedRows=218552 directRows=0 bitmaskRows=0 lastDictionary=1823 lastAccepted=91 branchless=false
[WARNING] [stderr] [dictionary-filter] kind=LONG optional=true rows=7197566 acceptedRows=208405 directRows=0 bitmaskRows=0 lastDictionary=1823 lastAccepted=91 branchless=false
[WARNING] [stderr] [dictionary-filter] kind=LONG optional=true rows=7197566 acceptedRows=384845 directRows=0 bitmaskRows=0 lastDictionary=1823 lastAccepted=92 branchless=false
[INFO] [stdout] 1336.414 ms/op
[INFO] [stdout] 
[INFO] [stdout] 
[INFO] [stdout] Result "org.weakref.nitro.tpcds.BenchmarkQueries.query31":
[INFO] [stdout]   1336.414 ms/op
[INFO] [stdout] 
[INFO] [stdout] 
[INFO] [stdout] # JMH version: 1.37
[INFO] [stdout] # VM version: JDK 26.0.1, OpenJDK 64-Bit Server VM, 26.0.1+8
[INFO] [stdout] # VM invoker: /opt/java/openjdk/bin/java
[INFO] [stdout] # VM options: --enable-preview --add-modules=jdk.incubator.vector -Dnitro.clickbench.hits.path= -Dnitro.tpcds.parquet.path=/root/data/tpcds-parquet-sf10 -Dnitro.tpcds.parquet.schema=sf10 -Dnitro.parquet.debugDictionaryFilterSummary=true -Xmx12g -XX:+UseTransparentHugePages
[INFO] [stdout] # Blackhole mode: compiler (auto-detected, use -Djmh.blackhole.autoDetect=false to disable)
[INFO] [stdout] # Warmup: <none>
[INFO] [stdout] # Measurement: 1 iterations, 1 ms each
[INFO] [stdout] # Timeout: 30 min per iteration
[INFO] [stdout] # Threads: 1 thread, will synchronize iterations
[INFO] [stdout] # Benchmark mode: Average time, time/op
[INFO] [stdout] # Benchmark: org.weakref.nitro.tpcds.BenchmarkQueries.query32
[INFO] [stdout] 
[INFO] [stdout] # Run progress: 31.31% complete, ETA 00:02:10
[INFO] [stdout] # Fork: 1 of 1
[INFO] [stdout] WARNING: Using incubator modules: jdk.incubator.vector
[INFO] [stdout] WARNING: A terminally deprecated method in sun.misc.Unsafe has been called
[INFO] [stdout] WARNING: sun.misc.Unsafe::objectFieldOffset has been called by org.openjdk.jmh.util.Utils (file:/root/.m2/repository/org/openjdk/jmh/jmh-core/1.37/jmh-core-1.37.jar)
[INFO] [stdout] WARNING: Please consider reporting this to the maintainers of class org.openjdk.jmh.util.Utils
[INFO] [stdout] WARNING: sun.misc.Unsafe::objectFieldOffset will be removed in a future release
[INFO] [stdout] Iteration   1: WARNING: A restricted method in java.lang.foreign.SymbolLookup has been called
[INFO] [stdout] WARNING: java.lang.foreign.SymbolLookup::libraryLookup has been called by io.airlift.compress.v3.internal.NativeLoader in an unnamed module (file:/root/.m2/repository/io/airlift/aircompressor-v3/3.4/aircompressor-v3-3.4.jar)
[INFO] [stdout] WARNING: Use --enable-native-access=ALL-UNNAMED to avoid a warning for callers in this module
[INFO] [stdout] WARNING: Restricted methods will be blocked in a future release unless native access is enabled
[INFO] [stdout] 
[WARNING] [stderr] [dictionary-filter] kind=LONG optional=true rows=14366531 acceptedRows=3209 directRows=0 bitmaskRows=0 lastDictionary=0 lastAccepted=20 branchless=false
[WARNING] [stderr] [dictionary-filter] kind=INT optional=true rows=102000 acceptedRows=20 directRows=0 bitmaskRows=0 lastDictionary=1000 lastAccepted=1 branchless=false
[WARNING] [stderr] [dictionary-filter] kind=LONG optional=true rows=14401261 acceptedRows=412149 directRows=0 bitmaskRows=0 lastDictionary=8 lastAccepted=0 branchless=false
[INFO] [stdout] 478.050 ms/op
[INFO] [stdout] 
[INFO] [stdout] 
[INFO] [stdout] Result "org.weakref.nitro.tpcds.BenchmarkQueries.query32":
[INFO] [stdout]   478.050 ms/op
[INFO] [stdout] 
[INFO] [stdout] 
[INFO] [stdout] # JMH version: 1.37
[INFO] [stdout] # VM version: JDK 26.0.1, OpenJDK 64-Bit Server VM, 26.0.1+8
[INFO] [stdout] # VM invoker: /opt/java/openjdk/bin/java
[INFO] [stdout] # VM options: --enable-preview --add-modules=jdk.incubator.vector -Dnitro.clickbench.hits.path= -Dnitro.tpcds.parquet.path=/root/data/tpcds-parquet-sf10 -Dnitro.tpcds.parquet.schema=sf10 -Dnitro.parquet.debugDictionaryFilterSummary=true -Xmx12g -XX:+UseTransparentHugePages
[INFO] [stdout] # Blackhole mode: compiler (auto-detected, use -Djmh.blackhole.autoDetect=false to disable)
[INFO] [stdout] # Warmup: <none>
[INFO] [stdout] # Measurement: 1 iterations, 1 ms each
[INFO] [stdout] # Timeout: 30 min per iteration
[INFO] [stdout] # Threads: 1 thread, will synchronize iterations
[INFO] [stdout] # Benchmark mode: Average time, time/op
[INFO] [stdout] # Benchmark: org.weakref.nitro.tpcds.BenchmarkQueries.query33
[INFO] [stdout] 
[INFO] [stdout] # Run progress: 32.32% complete, ETA 00:02:05
[INFO] [stdout] # Fork: 1 of 1
[INFO] [stdout] WARNING: Using incubator modules: jdk.incubator.vector
[INFO] [stdout] WARNING: A terminally deprecated method in sun.misc.Unsafe has been called
[INFO] [stdout] WARNING: sun.misc.Unsafe::objectFieldOffset has been called by org.openjdk.jmh.util.Utils (file:/root/.m2/repository/org/openjdk/jmh/jmh-core/1.37/jmh-core-1.37.jar)
[INFO] [stdout] WARNING: Please consider reporting this to the maintainers of class org.openjdk.jmh.util.Utils
[INFO] [stdout] WARNING: sun.misc.Unsafe::objectFieldOffset will be removed in a future release
[INFO] [stdout] Iteration   1: WARNING: A restricted method in java.lang.foreign.SymbolLookup has been called
[INFO] [stdout] WARNING: java.lang.foreign.SymbolLookup::libraryLookup has been called by io.airlift.compress.v3.internal.NativeLoader in an unnamed module (file:/root/.m2/repository/io/airlift/aircompressor-v3/3.4/aircompressor-v3-3.4.jar)
[INFO] [stdout] WARNING: Use --enable-native-access=ALL-UNNAMED to avoid a warning for callers in this module
[INFO] [stdout] WARNING: Restricted methods will be blocked in a future release unless native access is enabled
[INFO] [stdout] 
[WARNING] [stderr] [dictionary-filter] kind=LONG optional=true rows=28800991 acceptedRows=270987 directRows=0 bitmaskRows=0 lastDictionary=578 lastAccepted=12 branchless=false
[WARNING] [stderr] [dictionary-filter] kind=LONG optional=true rows=14401261 acceptedRows=141470 directRows=0 bitmaskRows=0 lastDictionary=8 lastAccepted=0 branchless=false
[WARNING] [stderr] [dictionary-filter] kind=LONG optional=true rows=7197566 acceptedRows=71104 directRows=6148990 bitmaskRows=0 lastDictionary=1823 lastAccepted=31 branchless=false
[INFO] [stdout] 737.005 ms/op
[INFO] [stdout] 
[INFO] [stdout] 
[INFO] [stdout] Result "org.weakref.nitro.tpcds.BenchmarkQueries.query33":
[INFO] [stdout]   737.005 ms/op
[INFO] [stdout] 
[INFO] [stdout] 
[INFO] [stdout] # JMH version: 1.37
[INFO] [stdout] # VM version: JDK 26.0.1, OpenJDK 64-Bit Server VM, 26.0.1+8
[INFO] [stdout] # VM invoker: /opt/java/openjdk/bin/java
[INFO] [stdout] # VM options: --enable-preview --add-modules=jdk.incubator.vector -Dnitro.clickbench.hits.path= -Dnitro.tpcds.parquet.path=/root/data/tpcds-parquet-sf10 -Dnitro.tpcds.parquet.schema=sf10 -Dnitro.parquet.debugDictionaryFilterSummary=true -Xmx12g -XX:+UseTransparentHugePages
[INFO] [stdout] # Blackhole mode: compiler (auto-detected, use -Djmh.blackhole.autoDetect=false to disable)
[INFO] [stdout] # Warmup: <none>
[INFO] [stdout] # Measurement: 1 iterations, 1 ms each
[INFO] [stdout] # Timeout: 30 min per iteration
[INFO] [stdout] # Threads: 1 thread, will synchronize iterations
[INFO] [stdout] # Benchmark mode: Average time, time/op
[INFO] [stdout] # Benchmark: org.weakref.nitro.tpcds.BenchmarkQueries.query34
[INFO] [stdout] 
[INFO] [stdout] # Run progress: 33.33% complete, ETA 00:02:01
[INFO] [stdout] # Fork: 1 of 1
[INFO] [stdout] WARNING: Using incubator modules: jdk.incubator.vector
[INFO] [stdout] WARNING: A terminally deprecated method in sun.misc.Unsafe has been called
[INFO] [stdout] WARNING: sun.misc.Unsafe::objectFieldOffset has been called by org.openjdk.jmh.util.Utils (file:/root/.m2/repository/org/openjdk/jmh/jmh-core/1.37/jmh-core-1.37.jar)
[INFO] [stdout] WARNING: Please consider reporting this to the maintainers of class org.openjdk.jmh.util.Utils
[INFO] [stdout] WARNING: sun.misc.Unsafe::objectFieldOffset will be removed in a future release
[INFO] [stdout] Iteration   1: WARNING: A restricted method in java.lang.foreign.SymbolLookup has been called
[INFO] [stdout] WARNING: java.lang.foreign.SymbolLookup::libraryLookup has been called by io.airlift.compress.v3.internal.NativeLoader in an unnamed module (file:/root/.m2/repository/io/airlift/aircompressor-v3/3.4/aircompressor-v3-3.4.jar)
[INFO] [stdout] WARNING: Use --enable-native-access=ALL-UNNAMED to avoid a warning for callers in this module
[INFO] [stdout] WARNING: Restricted methods will be blocked in a future release unless native access is enabled
[INFO] [stdout] 
[WARNING] [stderr] [dictionary-filter] kind=LONG optional=true rows=28800991 acceptedRows=3793832 directRows=0 bitmaskRows=0 lastDictionary=578 lastAccepted=73 branchless=true
[INFO] [stdout] 734.777 ms/op
[INFO] [stdout] 
[INFO] [stdout] 
[INFO] [stdout] Result "org.weakref.nitro.tpcds.BenchmarkQueries.query34":
[INFO] [stdout]   734.777 ms/op
[INFO] [stdout] 
[INFO] [stdout] 
[INFO] [stdout] # JMH version: 1.37
[INFO] [stdout] # VM version: JDK 26.0.1, OpenJDK 64-Bit Server VM, 26.0.1+8
[INFO] [stdout] # VM invoker: /opt/java/openjdk/bin/java
[INFO] [stdout] # VM options: --enable-preview --add-modules=jdk.incubator.vector -Dnitro.clickbench.hits.path= -Dnitro.tpcds.parquet.path=/root/data/tpcds-parquet-sf10 -Dnitro.tpcds.parquet.schema=sf10 -Dnitro.parquet.debugDictionaryFilterSummary=true -Xmx12g -XX:+UseTransparentHugePages
[INFO] [stdout] # Blackhole mode: compiler (auto-detected, use -Djmh.blackhole.autoDetect=false to disable)
[INFO] [stdout] # Warmup: <none>
[INFO] [stdout] # Measurement: 1 iterations, 1 ms each
[INFO] [stdout] # Timeout: 30 min per iteration
[INFO] [stdout] # Threads: 1 thread, will synchronize iterations
[INFO] [stdout] # Benchmark mode: Average time, time/op
[INFO] [stdout] # Benchmark: org.weakref.nitro.tpcds.BenchmarkQueries.query35
[INFO] [stdout] 
[INFO] [stdout] # Run progress: 34.34% complete, ETA 00:01:58
[INFO] [stdout] # Fork: 1 of 1
[INFO] [stdout] WARNING: Using incubator modules: jdk.incubator.vector
[INFO] [stdout] WARNING: A terminally deprecated method in sun.misc.Unsafe has been called
[INFO] [stdout] WARNING: sun.misc.Unsafe::objectFieldOffset has been called by org.openjdk.jmh.util.Utils (file:/root/.m2/repository/org/openjdk/jmh/jmh-core/1.37/jmh-core-1.37.jar)
[INFO] [stdout] WARNING: Please consider reporting this to the maintainers of class org.openjdk.jmh.util.Utils
[INFO] [stdout] WARNING: sun.misc.Unsafe::objectFieldOffset will be removed in a future release
[INFO] [stdout] Iteration   1: WARNING: A restricted method in java.lang.foreign.SymbolLookup has been called
[INFO] [stdout] WARNING: java.lang.foreign.SymbolLookup::libraryLookup has been called by io.airlift.compress.v3.internal.NativeLoader in an unnamed module (file:/root/.m2/repository/io/airlift/aircompressor-v3/3.4/aircompressor-v3-3.4.jar)
[INFO] [stdout] WARNING: Use --enable-native-access=ALL-UNNAMED to avoid a warning for callers in this module
[INFO] [stdout] WARNING: Restricted methods will be blocked in a future release unless native access is enabled
[INFO] [stdout] 
[WARNING] [stderr] [dictionary-filter] kind=LONG optional=true rows=7197566 acceptedRows=804611 directRows=0 bitmaskRows=0 lastDictionary=1823 lastAccepted=273 branchless=true
[WARNING] [stderr] [dictionary-filter] kind=LONG optional=true rows=14401261 acceptedRows=1592130 directRows=0 bitmaskRows=0 lastDictionary=8 lastAccepted=2 branchless=false
[WARNING] [stderr] [dictionary-filter] kind=LONG optional=true rows=28800991 acceptedRows=3099118 directRows=0 bitmaskRows=0 lastDictionary=578 lastAccepted=60 branchless=false
[INFO] [stdout] 1207.892 ms/op
[INFO] [stdout] 
[INFO] [stdout] 
[INFO] [stdout] Result "org.weakref.nitro.tpcds.BenchmarkQueries.query35":
[INFO] [stdout]   1207.892 ms/op
[INFO] [stdout] 
[INFO] [stdout] 
[INFO] [stdout] # JMH version: 1.37
[INFO] [stdout] # VM version: JDK 26.0.1, OpenJDK 64-Bit Server VM, 26.0.1+8
[INFO] [stdout] # VM invoker: /opt/java/openjdk/bin/java
[INFO] [stdout] # VM options: --enable-preview --add-modules=jdk.incubator.vector -Dnitro.clickbench.hits.path= -Dnitro.tpcds.parquet.path=/root/data/tpcds-parquet-sf10 -Dnitro.tpcds.parquet.schema=sf10 -Dnitro.parquet.debugDictionaryFilterSummary=true -Xmx12g -XX:+UseTransparentHugePages
[INFO] [stdout] # Blackhole mode: compiler (auto-detected, use -Djmh.blackhole.autoDetect=false to disable)
[INFO] [stdout] # Warmup: <none>
[INFO] [stdout] # Measurement: 1 iterations, 1 ms each
[INFO] [stdout] # Timeout: 30 min per iteration
[INFO] [stdout] # Threads: 1 thread, will synchronize iterations
[INFO] [stdout] # Benchmark mode: Average time, time/op
[INFO] [stdout] # Benchmark: org.weakref.nitro.tpcds.BenchmarkQueries.query36
[INFO] [stdout] 
[INFO] [stdout] # Run progress: 35.35% complete, ETA 00:01:55
[INFO] [stdout] # Fork: 1 of 1
[INFO] [stdout] WARNING: Using incubator modules: jdk.incubator.vector
[INFO] [stdout] WARNING: A terminally deprecated method in sun.misc.Unsafe has been called
[INFO] [stdout] WARNING: sun.misc.Unsafe::objectFieldOffset has been called by org.openjdk.jmh.util.Utils (file:/root/.m2/repository/org/openjdk/jmh/jmh-core/1.37/jmh-core-1.37.jar)
[INFO] [stdout] WARNING: Please consider reporting this to the maintainers of class org.openjdk.jmh.util.Utils
[INFO] [stdout] WARNING: sun.misc.Unsafe::objectFieldOffset will be removed in a future release
[INFO] [stdout] Iteration   1: WARNING: A restricted method in java.lang.foreign.SymbolLookup has been called
[INFO] [stdout] WARNING: java.lang.foreign.SymbolLookup::libraryLookup has been called by io.airlift.compress.v3.internal.NativeLoader in an unnamed module (file:/root/.m2/repository/io/airlift/aircompressor-v3/3.4/aircompressor-v3-3.4.jar)
[INFO] [stdout] WARNING: Use --enable-native-access=ALL-UNNAMED to avoid a warning for callers in this module
[INFO] [stdout] WARNING: Restricted methods will be blocked in a future release unless native access is enabled
[INFO] [stdout] 
[WARNING] [stderr] [dictionary-filter] kind=LONG optional=true rows=28800991 acceptedRows=5470761 directRows=0 bitmaskRows=0 lastDictionary=578 lastAccepted=108 branchless=true
[WARNING] [stderr] [dictionary-filter] kind=INT optional=true rows=73049 acceptedRows=365 directRows=0 bitmaskRows=0 lastDictionary=201 lastAccepted=1 branchless=false
[INFO] [stdout] 819.261 ms/op
[INFO] [stdout] 
[INFO] [stdout] 
[INFO] [stdout] Result "org.weakref.nitro.tpcds.BenchmarkQueries.query36":
[INFO] [stdout]   819.261 ms/op
[INFO] [stdout] 
[INFO] [stdout] 
[INFO] [stdout] # JMH version: 1.37
[INFO] [stdout] # VM version: JDK 26.0.1, OpenJDK 64-Bit Server VM, 26.0.1+8
[INFO] [stdout] # VM invoker: /opt/java/openjdk/bin/java
[INFO] [stdout] # VM options: --enable-preview --add-modules=jdk.incubator.vector -Dnitro.clickbench.hits.path= -Dnitro.tpcds.parquet.path=/root/data/tpcds-parquet-sf10 -Dnitro.tpcds.parquet.schema=sf10 -Dnitro.parquet.debugDictionaryFilterSummary=true -Xmx12g -XX:+UseTransparentHugePages
[INFO] [stdout] # Blackhole mode: compiler (auto-detected, use -Djmh.blackhole.autoDetect=false to disable)
[INFO] [stdout] # Warmup: <none>
[INFO] [stdout] # Measurement: 1 iterations, 1 ms each
[INFO] [stdout] # Timeout: 30 min per iteration
[INFO] [stdout] # Threads: 1 thread, will synchronize iterations
[INFO] [stdout] # Benchmark mode: Average time, time/op
[INFO] [stdout] # Benchmark: org.weakref.nitro.tpcds.BenchmarkQueries.query37
[INFO] [stdout] 
[INFO] [stdout] # Run progress: 36.36% complete, ETA 00:01:52
[INFO] [stdout] # Fork: 1 of 1
[INFO] [stdout] WARNING: Using incubator modules: jdk.incubator.vector
[INFO] [stdout] WARNING: A terminally deprecated method in sun.misc.Unsafe has been called
[INFO] [stdout] WARNING: sun.misc.Unsafe::objectFieldOffset has been called by org.openjdk.jmh.util.Utils (file:/root/.m2/repository/org/openjdk/jmh/jmh-core/1.37/jmh-core-1.37.jar)
[INFO] [stdout] WARNING: Please consider reporting this to the maintainers of class org.openjdk.jmh.util.Utils
[INFO] [stdout] WARNING: sun.misc.Unsafe::objectFieldOffset will be removed in a future release
[INFO] [stdout] Iteration   1: WARNING: A restricted method in java.lang.foreign.SymbolLookup has been called
[INFO] [stdout] WARNING: java.lang.foreign.SymbolLookup::libraryLookup has been called by io.airlift.compress.v3.internal.NativeLoader in an unnamed module (file:/root/.m2/repository/io/airlift/aircompressor-v3/3.4/aircompressor-v3-3.4.jar)
[INFO] [stdout] WARNING: Use --enable-native-access=ALL-UNNAMED to avoid a warning for callers in this module
[INFO] [stdout] WARNING: Restricted methods will be blocked in a future release unless native access is enabled
[INFO] [stdout] 
[INFO] [stdout] 2691.125 ms/op
[INFO] [stdout] 
[INFO] [stdout] 
[INFO] [stdout] Result "org.weakref.nitro.tpcds.BenchmarkQueries.query37":
[INFO] [stdout]   2691.125 ms/op
[INFO] [stdout] 
[INFO] [stdout] 
[INFO] [stdout] # JMH version: 1.37
[INFO] [stdout] # VM version: JDK 26.0.1, OpenJDK 64-Bit Server VM, 26.0.1+8
[INFO] [stdout] # VM invoker: /opt/java/openjdk/bin/java
[INFO] [stdout] # VM options: --enable-preview --add-modules=jdk.incubator.vector -Dnitro.clickbench.hits.path= -Dnitro.tpcds.parquet.path=/root/data/tpcds-parquet-sf10 -Dnitro.tpcds.parquet.schema=sf10 -Dnitro.parquet.debugDictionaryFilterSummary=true -Xmx12g -XX:+UseTransparentHugePages
[INFO] [stdout] # Blackhole mode: compiler (auto-detected, use -Djmh.blackhole.autoDetect=false to disable)
[INFO] [stdout] # Warmup: <none>
[INFO] [stdout] # Measurement: 1 iterations, 1 ms each
[INFO] [stdout] # Timeout: 30 min per iteration
[INFO] [stdout] # Threads: 1 thread, will synchronize iterations
[INFO] [stdout] # Benchmark mode: Average time, time/op
[INFO] [stdout] # Benchmark: org.weakref.nitro.tpcds.BenchmarkQueries.query38
[INFO] [stdout] 
[INFO] [stdout] # Run progress: 37.37% complete, ETA 00:01:52
[INFO] [stdout] # Fork: 1 of 1
[INFO] [stdout] WARNING: Using incubator modules: jdk.incubator.vector
[INFO] [stdout] WARNING: A terminally deprecated method in sun.misc.Unsafe has been called
[INFO] [stdout] WARNING: sun.misc.Unsafe::objectFieldOffset has been called by org.openjdk.jmh.util.Utils (file:/root/.m2/repository/org/openjdk/jmh/jmh-core/1.37/jmh-core-1.37.jar)
[INFO] [stdout] WARNING: Please consider reporting this to the maintainers of class org.openjdk.jmh.util.Utils
[INFO] [stdout] WARNING: sun.misc.Unsafe::objectFieldOffset will be removed in a future release
[INFO] [stdout] Iteration   1: WARNING: A restricted method in java.lang.foreign.SymbolLookup has been called
[INFO] [stdout] WARNING: java.lang.foreign.SymbolLookup::libraryLookup has been called by io.airlift.compress.v3.internal.NativeLoader in an unnamed module (file:/root/.m2/repository/io/airlift/aircompressor-v3/3.4/aircompressor-v3-3.4.jar)
[INFO] [stdout] WARNING: Use --enable-native-access=ALL-UNNAMED to avoid a warning for callers in this module
[INFO] [stdout] WARNING: Restricted methods will be blocked in a future release unless native access is enabled
[INFO] [stdout] 
[WARNING] [stderr] [dictionary-filter] kind=LONG optional=true rows=28800991 acceptedRows=5519143 directRows=0 bitmaskRows=0 lastDictionary=578 lastAccepted=123 branchless=true
[WARNING] [stderr] [dictionary-filter] kind=LONG optional=true rows=14401261 acceptedRows=2867400 directRows=0 bitmaskRows=0 lastDictionary=8 lastAccepted=0 branchless=false
[WARNING] [stderr] [dictionary-filter] kind=LONG optional=true rows=7197566 acceptedRows=1446590 directRows=0 bitmaskRows=0 lastDictionary=1823 lastAccepted=366 branchless=true
[INFO] [stdout] 1577.588 ms/op
[INFO] [stdout] 
[INFO] [stdout] 
[INFO] [stdout] Result "org.weakref.nitro.tpcds.BenchmarkQueries.query38":
[INFO] [stdout]   1577.588 ms/op
[INFO] [stdout] 
[INFO] [stdout] 
[INFO] [stdout] # JMH version: 1.37
[INFO] [stdout] # VM version: JDK 26.0.1, OpenJDK 64-Bit Server VM, 26.0.1+8
[INFO] [stdout] # VM invoker: /opt/java/openjdk/bin/java
[INFO] [stdout] # VM options: --enable-preview --add-modules=jdk.incubator.vector -Dnitro.clickbench.hits.path= -Dnitro.tpcds.parquet.path=/root/data/tpcds-parquet-sf10 -Dnitro.tpcds.parquet.schema=sf10 -Dnitro.parquet.debugDictionaryFilterSummary=true -Xmx12g -XX:+UseTransparentHugePages
[INFO] [stdout] # Blackhole mode: compiler (auto-detected, use -Djmh.blackhole.autoDetect=false to disable)
[INFO] [stdout] # Warmup: <none>
[INFO] [stdout] # Measurement: 1 iterations, 1 ms each
[INFO] [stdout] # Timeout: 30 min per iteration
[INFO] [stdout] # Threads: 1 thread, will synchronize iterations
[INFO] [stdout] # Benchmark mode: Average time, time/op
[INFO] [stdout] # Benchmark: org.weakref.nitro.tpcds.BenchmarkQueries.query39
[INFO] [stdout] 
[INFO] [stdout] # Run progress: 38.38% complete, ETA 00:01:50
[INFO] [stdout] # Fork: 1 of 1
[INFO] [stdout] WARNING: Using incubator modules: jdk.incubator.vector
[INFO] [stdout] WARNING: A terminally deprecated method in sun.misc.Unsafe has been called
[INFO] [stdout] WARNING: sun.misc.Unsafe::objectFieldOffset has been called by org.openjdk.jmh.util.Utils (file:/root/.m2/repository/org/openjdk/jmh/jmh-core/1.37/jmh-core-1.37.jar)
[INFO] [stdout] WARNING: Please consider reporting this to the maintainers of class org.openjdk.jmh.util.Utils
[INFO] [stdout] WARNING: sun.misc.Unsafe::objectFieldOffset will be removed in a future release
[INFO] [stdout] Iteration   1: WARNING: A restricted method in java.lang.foreign.SymbolLookup has been called
[INFO] [stdout] WARNING: java.lang.foreign.SymbolLookup::libraryLookup has been called by io.airlift.compress.v3.internal.NativeLoader in an unnamed module (file:/root/.m2/repository/io/airlift/aircompressor-v3/3.4/aircompressor-v3-3.4.jar)
[INFO] [stdout] WARNING: Use --enable-native-access=ALL-UNNAMED to avoid a warning for callers in this module
[INFO] [stdout] WARNING: Restricted methods will be blocked in a future release unless native access is enabled
[INFO] [stdout] 
[WARNING] [stderr] [dictionary-filter] kind=LONG optional=true rows=133110000 acceptedRows=2040000 directRows=0 bitmaskRows=0 lastDictionary=19 lastAccepted=0 branchless=false
[WARNING] [stderr] [dictionary-filter] kind=LONG optional=true rows=133110000 acceptedRows=2040000 directRows=0 bitmaskRows=0 lastDictionary=19 lastAccepted=0 branchless=false
[INFO] [stdout] 1236.246 ms/op
[INFO] [stdout] 
[INFO] [stdout] 
[INFO] [stdout] Result "org.weakref.nitro.tpcds.BenchmarkQueries.query39":
[INFO] [stdout]   1236.246 ms/op
[INFO] [stdout] 
[INFO] [stdout] 
[INFO] [stdout] # JMH version: 1.37
[INFO] [stdout] # VM version: JDK 26.0.1, OpenJDK 64-Bit Server VM, 26.0.1+8
[INFO] [stdout] # VM invoker: /opt/java/openjdk/bin/java
[INFO] [stdout] # VM options: --enable-preview --add-modules=jdk.incubator.vector -Dnitro.clickbench.hits.path= -Dnitro.tpcds.parquet.path=/root/data/tpcds-parquet-sf10 -Dnitro.tpcds.parquet.schema=sf10 -Dnitro.parquet.debugDictionaryFilterSummary=true -Xmx12g -XX:+UseTransparentHugePages
[INFO] [stdout] # Blackhole mode: compiler (auto-detected, use -Djmh.blackhole.autoDetect=false to disable)
[INFO] [stdout] # Warmup: <none>
[INFO] [stdout] # Measurement: 1 iterations, 1 ms each
[INFO] [stdout] # Timeout: 30 min per iteration
[INFO] [stdout] # Threads: 1 thread, will synchronize iterations
[INFO] [stdout] # Benchmark mode: Average time, time/op
[INFO] [stdout] # Benchmark: org.weakref.nitro.tpcds.BenchmarkQueries.query40
[INFO] [stdout] 
[INFO] [stdout] # Run progress: 39.39% complete, ETA 00:01:47
[INFO] [stdout] # Fork: 1 of 1
[INFO] [stdout] WARNING: Using incubator modules: jdk.incubator.vector
[INFO] [stdout] WARNING: A terminally deprecated method in sun.misc.Unsafe has been called
[INFO] [stdout] WARNING: sun.misc.Unsafe::objectFieldOffset has been called by org.openjdk.jmh.util.Utils (file:/root/.m2/repository/org/openjdk/jmh/jmh-core/1.37/jmh-core-1.37.jar)
[INFO] [stdout] WARNING: Please consider reporting this to the maintainers of class org.openjdk.jmh.util.Utils
[INFO] [stdout] WARNING: sun.misc.Unsafe::objectFieldOffset will be removed in a future release
[INFO] [stdout] Iteration   1: WARNING: A restricted method in java.lang.foreign.SymbolLookup has been called
[INFO] [stdout] WARNING: java.lang.foreign.SymbolLookup::libraryLookup has been called by io.airlift.compress.v3.internal.NativeLoader in an unnamed module (file:/root/.m2/repository/io/airlift/aircompressor-v3/3.4/aircompressor-v3-3.4.jar)
[INFO] [stdout] WARNING: Use --enable-native-access=ALL-UNNAMED to avoid a warning for callers in this module
[INFO] [stdout] WARNING: Restricted methods will be blocked in a future release unless native access is enabled
[INFO] [stdout] 
[WARNING] [stderr] [dictionary-filter] kind=LONG optional=true rows=14366531 acceptedRows=904411 directRows=0 bitmaskRows=14366531 lastDictionary=0 lastAccepted=6463 branchless=false
[INFO] [stdout] 608.729 ms/op
[INFO] [stdout] 
[INFO] [stdout] 
[INFO] [stdout] Result "org.weakref.nitro.tpcds.BenchmarkQueries.query40":
[INFO] [stdout]   608.729 ms/op
[INFO] [stdout] 
[INFO] [stdout] 
[INFO] [stdout] # JMH version: 1.37
[INFO] [stdout] # VM version: JDK 26.0.1, OpenJDK 64-Bit Server VM, 26.0.1+8
[INFO] [stdout] # VM invoker: /opt/java/openjdk/bin/java
[INFO] [stdout] # VM options: --enable-preview --add-modules=jdk.incubator.vector -Dnitro.clickbench.hits.path= -Dnitro.tpcds.parquet.path=/root/data/tpcds-parquet-sf10 -Dnitro.tpcds.parquet.schema=sf10 -Dnitro.parquet.debugDictionaryFilterSummary=true -Xmx12g -XX:+UseTransparentHugePages
[INFO] [stdout] # Blackhole mode: compiler (auto-detected, use -Djmh.blackhole.autoDetect=false to disable)
[INFO] [stdout] # Warmup: <none>
[INFO] [stdout] # Measurement: 1 iterations, 1 ms each
[INFO] [stdout] # Timeout: 30 min per iteration
[INFO] [stdout] # Threads: 1 thread, will synchronize iterations
[INFO] [stdout] # Benchmark mode: Average time, time/op
[INFO] [stdout] # Benchmark: org.weakref.nitro.tpcds.BenchmarkQueries.query41
[INFO] [stdout] 
[INFO] [stdout] # Run progress: 40.40% complete, ETA 00:01:44
[INFO] [stdout] # Fork: 1 of 1
[INFO] [stdout] WARNING: Using incubator modules: jdk.incubator.vector
[INFO] [stdout] WARNING: A terminally deprecated method in sun.misc.Unsafe has been called
[INFO] [stdout] WARNING: sun.misc.Unsafe::objectFieldOffset has been called by org.openjdk.jmh.util.Utils (file:/root/.m2/repository/org/openjdk/jmh/jmh-core/1.37/jmh-core-1.37.jar)
[INFO] [stdout] WARNING: Please consider reporting this to the maintainers of class org.openjdk.jmh.util.Utils
[INFO] [stdout] WARNING: sun.misc.Unsafe::objectFieldOffset will be removed in a future release
[INFO] [stdout] Iteration   1: WARNING: A restricted method in java.lang.foreign.SymbolLookup has been called
[INFO] [stdout] WARNING: java.lang.foreign.SymbolLookup::libraryLookup has been called by io.airlift.compress.v3.internal.NativeLoader in an unnamed module (file:/root/.m2/repository/io/airlift/aircompressor-v3/3.4/aircompressor-v3-3.4.jar)
[INFO] [stdout] WARNING: Use --enable-native-access=ALL-UNNAMED to avoid a warning for callers in this module
[INFO] [stdout] WARNING: Restricted methods will be blocked in a future release unless native access is enabled
[INFO] [stdout] 
[INFO] [stdout] 251.274 ms/op
[INFO] [stdout] 
[INFO] [stdout] 
[INFO] [stdout] Result "org.weakref.nitro.tpcds.BenchmarkQueries.query41":
[INFO] [stdout]   251.274 ms/op
[INFO] [stdout] 
[INFO] [stdout] 
[INFO] [stdout] # JMH version: 1.37
[INFO] [stdout] # VM version: JDK 26.0.1, OpenJDK 64-Bit Server VM, 26.0.1+8
[INFO] [stdout] # VM invoker: /opt/java/openjdk/bin/java
[INFO] [stdout] # VM options: --enable-preview --add-modules=jdk.incubator.vector -Dnitro.clickbench.hits.path= -Dnitro.tpcds.parquet.path=/root/data/tpcds-parquet-sf10 -Dnitro.tpcds.parquet.schema=sf10 -Dnitro.parquet.debugDictionaryFilterSummary=true -Xmx12g -XX:+UseTransparentHugePages
[INFO] [stdout] # Blackhole mode: compiler (auto-detected, use -Djmh.blackhole.autoDetect=false to disable)
[INFO] [stdout] # Warmup: <none>
[INFO] [stdout] # Measurement: 1 iterations, 1 ms each
[INFO] [stdout] # Timeout: 30 min per iteration
[INFO] [stdout] # Threads: 1 thread, will synchronize iterations
[INFO] [stdout] # Benchmark mode: Average time, time/op
[INFO] [stdout] # Benchmark: org.weakref.nitro.tpcds.BenchmarkQueries.query42
[INFO] [stdout] 
[INFO] [stdout] # Run progress: 41.41% complete, ETA 00:01:40
[INFO] [stdout] # Fork: 1 of 1
[INFO] [stdout] WARNING: Using incubator modules: jdk.incubator.vector
[INFO] [stdout] WARNING: A terminally deprecated method in sun.misc.Unsafe has been called
[INFO] [stdout] WARNING: sun.misc.Unsafe::objectFieldOffset has been called by org.openjdk.jmh.util.Utils (file:/root/.m2/repository/org/openjdk/jmh/jmh-core/1.37/jmh-core-1.37.jar)
[INFO] [stdout] WARNING: Please consider reporting this to the maintainers of class org.openjdk.jmh.util.Utils
[INFO] [stdout] WARNING: sun.misc.Unsafe::objectFieldOffset will be removed in a future release
[INFO] [stdout] Iteration   1: WARNING: A restricted method in java.lang.foreign.SymbolLookup has been called
[INFO] [stdout] WARNING: java.lang.foreign.SymbolLookup::libraryLookup has been called by io.airlift.compress.v3.internal.NativeLoader in an unnamed module (file:/root/.m2/repository/io/airlift/aircompressor-v3/3.4/aircompressor-v3-3.4.jar)
[INFO] [stdout] WARNING: Use --enable-native-access=ALL-UNNAMED to avoid a warning for callers in this module
[INFO] [stdout] WARNING: Restricted methods will be blocked in a future release unless native access is enabled
[INFO] [stdout] 
[WARNING] [stderr] [dictionary-filter] kind=LONG optional=true rows=28800991 acceptedRows=881977 directRows=0 bitmaskRows=0 lastDictionary=578 lastAccepted=16 branchless=false
[INFO] [stdout] 447.383 ms/op
[INFO] [stdout] 
[INFO] [stdout] 
[INFO] [stdout] Result "org.weakref.nitro.tpcds.BenchmarkQueries.query42":
[INFO] [stdout]   447.383 ms/op
[INFO] [stdout] 
[INFO] [stdout] 
[INFO] [stdout] # JMH version: 1.37
[INFO] [stdout] # VM version: JDK 26.0.1, OpenJDK 64-Bit Server VM, 26.0.1+8
[INFO] [stdout] # VM invoker: /opt/java/openjdk/bin/java
[INFO] [stdout] # VM options: --enable-preview --add-modules=jdk.incubator.vector -Dnitro.clickbench.hits.path= -Dnitro.tpcds.parquet.path=/root/data/tpcds-parquet-sf10 -Dnitro.tpcds.parquet.schema=sf10 -Dnitro.parquet.debugDictionaryFilterSummary=true -Xmx12g -XX:+UseTransparentHugePages
[INFO] [stdout] # Blackhole mode: compiler (auto-detected, use -Djmh.blackhole.autoDetect=false to disable)
[INFO] [stdout] # Warmup: <none>
[INFO] [stdout] # Measurement: 1 iterations, 1 ms each
[INFO] [stdout] # Timeout: 30 min per iteration
[INFO] [stdout] # Threads: 1 thread, will synchronize iterations
[INFO] [stdout] # Benchmark mode: Average time, time/op
[INFO] [stdout] # Benchmark: org.weakref.nitro.tpcds.BenchmarkQueries.query43
[INFO] [stdout] 
[INFO] [stdout] # Run progress: 42.42% complete, ETA 00:01:37
[INFO] [stdout] # Fork: 1 of 1
[INFO] [stdout] WARNING: Using incubator modules: jdk.incubator.vector
[INFO] [stdout] WARNING: A terminally deprecated method in sun.misc.Unsafe has been called
[INFO] [stdout] WARNING: sun.misc.Unsafe::objectFieldOffset has been called by org.openjdk.jmh.util.Utils (file:/root/.m2/repository/org/openjdk/jmh/jmh-core/1.37/jmh-core-1.37.jar)
[INFO] [stdout] WARNING: Please consider reporting this to the maintainers of class org.openjdk.jmh.util.Utils
[INFO] [stdout] WARNING: sun.misc.Unsafe::objectFieldOffset will be removed in a future release
[INFO] [stdout] Iteration   1: WARNING: A restricted method in java.lang.foreign.SymbolLookup has been called
[INFO] [stdout] WARNING: java.lang.foreign.SymbolLookup::libraryLookup has been called by io.airlift.compress.v3.internal.NativeLoader in an unnamed module (file:/root/.m2/repository/io/airlift/aircompressor-v3/3.4/aircompressor-v3-3.4.jar)
[INFO] [stdout] WARNING: Use --enable-native-access=ALL-UNNAMED to avoid a warning for callers in this module
[INFO] [stdout] WARNING: Restricted methods will be blocked in a future release unless native access is enabled
[INFO] [stdout] 
[WARNING] [stderr] [dictionary-filter] kind=LONG optional=true rows=28800991 acceptedRows=5519143 directRows=0 bitmaskRows=0 lastDictionary=578 lastAccepted=123 branchless=true
[INFO] [stdout] 1311.385 ms/op
[INFO] [stdout] 
[INFO] [stdout] 
[INFO] [stdout] Result "org.weakref.nitro.tpcds.BenchmarkQueries.query43":
[INFO] [stdout]   1311.385 ms/op
[INFO] [stdout] 
[INFO] [stdout] 
[INFO] [stdout] # JMH version: 1.37
[INFO] [stdout] # VM version: JDK 26.0.1, OpenJDK 64-Bit Server VM, 26.0.1+8
[INFO] [stdout] # VM invoker: /opt/java/openjdk/bin/java
[INFO] [stdout] # VM options: --enable-preview --add-modules=jdk.incubator.vector -Dnitro.clickbench.hits.path= -Dnitro.tpcds.parquet.path=/root/data/tpcds-parquet-sf10 -Dnitro.tpcds.parquet.schema=sf10 -Dnitro.parquet.debugDictionaryFilterSummary=true -Xmx12g -XX:+UseTransparentHugePages
[INFO] [stdout] # Blackhole mode: compiler (auto-detected, use -Djmh.blackhole.autoDetect=false to disable)
[INFO] [stdout] # Warmup: <none>
[INFO] [stdout] # Measurement: 1 iterations, 1 ms each
[INFO] [stdout] # Timeout: 30 min per iteration
[INFO] [stdout] # Threads: 1 thread, will synchronize iterations
[INFO] [stdout] # Benchmark mode: Average time, time/op
[INFO] [stdout] # Benchmark: org.weakref.nitro.tpcds.BenchmarkQueries.query44
[INFO] [stdout] 
[INFO] [stdout] # Run progress: 43.43% complete, ETA 00:01:35
[INFO] [stdout] # Fork: 1 of 1
[INFO] [stdout] WARNING: Using incubator modules: jdk.incubator.vector
[INFO] [stdout] WARNING: A terminally deprecated method in sun.misc.Unsafe has been called
[INFO] [stdout] WARNING: sun.misc.Unsafe::objectFieldOffset has been called by org.openjdk.jmh.util.Utils (file:/root/.m2/repository/org/openjdk/jmh/jmh-core/1.37/jmh-core-1.37.jar)
[INFO] [stdout] WARNING: Please consider reporting this to the maintainers of class org.openjdk.jmh.util.Utils
[INFO] [stdout] WARNING: sun.misc.Unsafe::objectFieldOffset will be removed in a future release
[INFO] [stdout] Iteration   1: WARNING: A restricted method in java.lang.foreign.SymbolLookup has been called
[INFO] [stdout] WARNING: java.lang.foreign.SymbolLookup::libraryLookup has been called by io.airlift.compress.v3.internal.NativeLoader in an unnamed module (file:/root/.m2/repository/io/airlift/aircompressor-v3/3.4/aircompressor-v3-3.4.jar)
[INFO] [stdout] WARNING: Use --enable-native-access=ALL-UNNAMED to avoid a warning for callers in this module
[INFO] [stdout] WARNING: Restricted methods will be blocked in a future release unless native access is enabled
[INFO] [stdout] 
[WARNING] [stderr] [dictionary-filter] kind=LONG optional=true rows=28800991 acceptedRows=542864 directRows=0 bitmaskRows=0 lastDictionary=51 lastAccepted=1 branchless=false
[WARNING] [stderr] [dictionary-filter] kind=LONG optional=true rows=28800991 acceptedRows=542864 directRows=0 bitmaskRows=0 lastDictionary=51 lastAccepted=1 branchless=false
[INFO] [stdout] 1248.616 ms/op
[INFO] [stdout] 
[INFO] [stdout] 
[INFO] [stdout] Result "org.weakref.nitro.tpcds.BenchmarkQueries.query44":
[INFO] [stdout]   1248.616 ms/op
[INFO] [stdout] 
[INFO] [stdout] 
[INFO] [stdout] # JMH version: 1.37
[INFO] [stdout] # VM version: JDK 26.0.1, OpenJDK 64-Bit Server VM, 26.0.1+8
[INFO] [stdout] # VM invoker: /opt/java/openjdk/bin/java
[INFO] [stdout] # VM options: --enable-preview --add-modules=jdk.incubator.vector -Dnitro.clickbench.hits.path= -Dnitro.tpcds.parquet.path=/root/data/tpcds-parquet-sf10 -Dnitro.tpcds.parquet.schema=sf10 -Dnitro.parquet.debugDictionaryFilterSummary=true -Xmx12g -XX:+UseTransparentHugePages
[INFO] [stdout] # Blackhole mode: compiler (auto-detected, use -Djmh.blackhole.autoDetect=false to disable)
[INFO] [stdout] # Warmup: <none>
[INFO] [stdout] # Measurement: 1 iterations, 1 ms each
[INFO] [stdout] # Timeout: 30 min per iteration
[INFO] [stdout] # Threads: 1 thread, will synchronize iterations
[INFO] [stdout] # Benchmark mode: Average time, time/op
[INFO] [stdout] # Benchmark: org.weakref.nitro.tpcds.BenchmarkQueries.query45
[INFO] [stdout] 
[INFO] [stdout] # Run progress: 44.44% complete, ETA 00:01:33
[INFO] [stdout] # Fork: 1 of 1
[INFO] [stdout] WARNING: Using incubator modules: jdk.incubator.vector
[INFO] [stdout] WARNING: A terminally deprecated method in sun.misc.Unsafe has been called
[INFO] [stdout] WARNING: sun.misc.Unsafe::objectFieldOffset has been called by org.openjdk.jmh.util.Utils (file:/root/.m2/repository/org/openjdk/jmh/jmh-core/1.37/jmh-core-1.37.jar)
[INFO] [stdout] WARNING: Please consider reporting this to the maintainers of class org.openjdk.jmh.util.Utils
[INFO] [stdout] WARNING: sun.misc.Unsafe::objectFieldOffset will be removed in a future release
[INFO] [stdout] Iteration   1: WARNING: A restricted method in java.lang.foreign.SymbolLookup has been called
[INFO] [stdout] WARNING: java.lang.foreign.SymbolLookup::libraryLookup has been called by io.airlift.compress.v3.internal.NativeLoader in an unnamed module (file:/root/.m2/repository/io/airlift/aircompressor-v3/3.4/aircompressor-v3-3.4.jar)
[INFO] [stdout] WARNING: Use --enable-native-access=ALL-UNNAMED to avoid a warning for callers in this module
[INFO] [stdout] WARNING: Restricted methods will be blocked in a future release unless native access is enabled
[INFO] [stdout] 
[WARNING] [stderr] [dictionary-filter] kind=LONG optional=true rows=7197566 acceptedRows=211088 directRows=0 bitmaskRows=0 lastDictionary=1823 lastAccepted=91 branchless=false
[INFO] [stdout] 470.775 ms/op
[INFO] [stdout] 
[INFO] [stdout] 
[INFO] [stdout] Result "org.weakref.nitro.tpcds.BenchmarkQueries.query45":
[INFO] [stdout]   470.775 ms/op
[INFO] [stdout] 
[INFO] [stdout] 
[INFO] [stdout] # JMH version: 1.37
[INFO] [stdout] # VM version: JDK 26.0.1, OpenJDK 64-Bit Server VM, 26.0.1+8
[INFO] [stdout] # VM invoker: /opt/java/openjdk/bin/java
[INFO] [stdout] # VM options: --enable-preview --add-modules=jdk.incubator.vector -Dnitro.clickbench.hits.path= -Dnitro.tpcds.parquet.path=/root/data/tpcds-parquet-sf10 -Dnitro.tpcds.parquet.schema=sf10 -Dnitro.parquet.debugDictionaryFilterSummary=true -Xmx12g -XX:+UseTransparentHugePages
[INFO] [stdout] # Blackhole mode: compiler (auto-detected, use -Djmh.blackhole.autoDetect=false to disable)
[INFO] [stdout] # Warmup: <none>
[INFO] [stdout] # Measurement: 1 iterations, 1 ms each
[INFO] [stdout] # Timeout: 30 min per iteration
[INFO] [stdout] # Threads: 1 thread, will synchronize iterations
[INFO] [stdout] # Benchmark mode: Average time, time/op
[INFO] [stdout] # Benchmark: org.weakref.nitro.tpcds.BenchmarkQueries.query46
[INFO] [stdout] 
[INFO] [stdout] # Run progress: 45.45% complete, ETA 00:01:30
[INFO] [stdout] # Fork: 1 of 1
[INFO] [stdout] WARNING: Using incubator modules: jdk.incubator.vector
[INFO] [stdout] WARNING: A terminally deprecated method in sun.misc.Unsafe has been called
[INFO] [stdout] WARNING: sun.misc.Unsafe::objectFieldOffset has been called by org.openjdk.jmh.util.Utils (file:/root/.m2/repository/org/openjdk/jmh/jmh-core/1.37/jmh-core-1.37.jar)
[INFO] [stdout] WARNING: Please consider reporting this to the maintainers of class org.openjdk.jmh.util.Utils
[INFO] [stdout] WARNING: sun.misc.Unsafe::objectFieldOffset will be removed in a future release
[INFO] [stdout] Iteration   1: WARNING: A restricted method in java.lang.foreign.SymbolLookup has been called
[INFO] [stdout] WARNING: java.lang.foreign.SymbolLookup::libraryLookup has been called by io.airlift.compress.v3.internal.NativeLoader in an unnamed module (file:/root/.m2/repository/io/airlift/aircompressor-v3/3.4/aircompressor-v3-3.4.jar)
[INFO] [stdout] WARNING: Use --enable-native-access=ALL-UNNAMED to avoid a warning for callers in this module
[INFO] [stdout] WARNING: Restricted methods will be blocked in a future release unless native access is enabled
[INFO] [stdout] 
[WARNING] [stderr] [dictionary-filter] kind=LONG optional=true rows=28800991 acceptedRows=4786133 directRows=0 bitmaskRows=0 lastDictionary=578 lastAccepted=101 branchless=true
[INFO] [stdout] 1047.327 ms/op
[INFO] [stdout] 
[INFO] [stdout] 
[INFO] [stdout] Result "org.weakref.nitro.tpcds.BenchmarkQueries.query46":
[INFO] [stdout]   1047.327 ms/op
[INFO] [stdout] 
[INFO] [stdout] 
[INFO] [stdout] # JMH version: 1.37
[INFO] [stdout] # VM version: JDK 26.0.1, OpenJDK 64-Bit Server VM, 26.0.1+8
[INFO] [stdout] # VM invoker: /opt/java/openjdk/bin/java
[INFO] [stdout] # VM options: --enable-preview --add-modules=jdk.incubator.vector -Dnitro.clickbench.hits.path= -Dnitro.tpcds.parquet.path=/root/data/tpcds-parquet-sf10 -Dnitro.tpcds.parquet.schema=sf10 -Dnitro.parquet.debugDictionaryFilterSummary=true -Xmx12g -XX:+UseTransparentHugePages
[INFO] [stdout] # Blackhole mode: compiler (auto-detected, use -Djmh.blackhole.autoDetect=false to disable)
[INFO] [stdout] # Warmup: <none>
[INFO] [stdout] # Measurement: 1 iterations, 1 ms each
[INFO] [stdout] # Timeout: 30 min per iteration
[INFO] [stdout] # Threads: 1 thread, will synchronize iterations
[INFO] [stdout] # Benchmark mode: Average time, time/op
[INFO] [stdout] # Benchmark: org.weakref.nitro.tpcds.BenchmarkQueries.query47
[INFO] [stdout] 
[INFO] [stdout] # Run progress: 46.46% complete, ETA 00:01:28
[INFO] [stdout] # Fork: 1 of 1
[INFO] [stdout] WARNING: Using incubator modules: jdk.incubator.vector
[INFO] [stdout] WARNING: A terminally deprecated method in sun.misc.Unsafe has been called
[INFO] [stdout] WARNING: sun.misc.Unsafe::objectFieldOffset has been called by org.openjdk.jmh.util.Utils (file:/root/.m2/repository/org/openjdk/jmh/jmh-core/1.37/jmh-core-1.37.jar)
[INFO] [stdout] WARNING: Please consider reporting this to the maintainers of class org.openjdk.jmh.util.Utils
[INFO] [stdout] WARNING: sun.misc.Unsafe::objectFieldOffset will be removed in a future release
[INFO] [stdout] Iteration   1: WARNING: A restricted method in java.lang.foreign.SymbolLookup has been called
[INFO] [stdout] WARNING: java.lang.foreign.SymbolLookup::libraryLookup has been called by io.airlift.compress.v3.internal.NativeLoader in an unnamed module (file:/root/.m2/repository/io/airlift/aircompressor-v3/3.4/aircompressor-v3-3.4.jar)
[INFO] [stdout] WARNING: Use --enable-native-access=ALL-UNNAMED to avoid a warning for callers in this module
[INFO] [stdout] WARNING: Restricted methods will be blocked in a future release unless native access is enabled
[INFO] [stdout] 
[WARNING] [stderr] [dictionary-filter] kind=LONG optional=true rows=28800991 acceptedRows=6757836 directRows=0 bitmaskRows=0 lastDictionary=578 lastAccepted=142 branchless=true
[WARNING] [stderr] [dictionary-filter] kind=LONG optional=true rows=28800991 acceptedRows=6757836 directRows=0 bitmaskRows=0 lastDictionary=578 lastAccepted=142 branchless=true
[WARNING] [stderr] [dictionary-filter] kind=LONG optional=true rows=28800991 acceptedRows=6757836 directRows=0 bitmaskRows=0 lastDictionary=578 lastAccepted=142 branchless=true
[INFO] [stdout] 3452.117 ms/op
[INFO] [stdout] 
[INFO] [stdout] 
[INFO] [stdout] Result "org.weakref.nitro.tpcds.BenchmarkQueries.query47":
[INFO] [stdout]   3452.117 ms/op
[INFO] [stdout] 
[INFO] [stdout] 
[INFO] [stdout] # JMH version: 1.37
[INFO] [stdout] # VM version: JDK 26.0.1, OpenJDK 64-Bit Server VM, 26.0.1+8
[INFO] [stdout] # VM invoker: /opt/java/openjdk/bin/java
[INFO] [stdout] # VM options: --enable-preview --add-modules=jdk.incubator.vector -Dnitro.clickbench.hits.path= -Dnitro.tpcds.parquet.path=/root/data/tpcds-parquet-sf10 -Dnitro.tpcds.parquet.schema=sf10 -Dnitro.parquet.debugDictionaryFilterSummary=true -Xmx12g -XX:+UseTransparentHugePages
[INFO] [stdout] # Blackhole mode: compiler (auto-detected, use -Djmh.blackhole.autoDetect=false to disable)
[INFO] [stdout] # Warmup: <none>
[INFO] [stdout] # Measurement: 1 iterations, 1 ms each
[INFO] [stdout] # Timeout: 30 min per iteration
[INFO] [stdout] # Threads: 1 thread, will synchronize iterations
[INFO] [stdout] # Benchmark mode: Average time, time/op
[INFO] [stdout] # Benchmark: org.weakref.nitro.tpcds.BenchmarkQueries.query48
[INFO] [stdout] 
[INFO] [stdout] # Run progress: 47.47% complete, ETA 00:01:28
[INFO] [stdout] # Fork: 1 of 1
[INFO] [stdout] WARNING: Using incubator modules: jdk.incubator.vector
[INFO] [stdout] WARNING: A terminally deprecated method in sun.misc.Unsafe has been called
[INFO] [stdout] WARNING: sun.misc.Unsafe::objectFieldOffset has been called by org.openjdk.jmh.util.Utils (file:/root/.m2/repository/org/openjdk/jmh/jmh-core/1.37/jmh-core-1.37.jar)
[INFO] [stdout] WARNING: Please consider reporting this to the maintainers of class org.openjdk.jmh.util.Utils
[INFO] [stdout] WARNING: sun.misc.Unsafe::objectFieldOffset will be removed in a future release
[INFO] [stdout] Iteration   1: WARNING: A restricted method in java.lang.foreign.SymbolLookup has been called
[INFO] [stdout] WARNING: java.lang.foreign.SymbolLookup::libraryLookup has been called by io.airlift.compress.v3.internal.NativeLoader in an unnamed module (file:/root/.m2/repository/io/airlift/aircompressor-v3/3.4/aircompressor-v3-3.4.jar)
[INFO] [stdout] WARNING: Use --enable-native-access=ALL-UNNAMED to avoid a warning for callers in this module
[INFO] [stdout] WARNING: Restricted methods will be blocked in a future release unless native access is enabled
[INFO] [stdout] 
[WARNING] [stderr] [dictionary-filter] kind=LONG optional=true rows=28800991 acceptedRows=5519143 directRows=0 bitmaskRows=0 lastDictionary=578 lastAccepted=123 branchless=true
[WARNING] [stderr] [dictionary-filter] kind=INT optional=true rows=73049 acceptedRows=366 directRows=0 bitmaskRows=0 lastDictionary=201 lastAccepted=1 branchless=false
[INFO] [stdout] 2280.106 ms/op
[INFO] [stdout] 
[INFO] [stdout] 
[INFO] [stdout] Result "org.weakref.nitro.tpcds.BenchmarkQueries.query48":
[INFO] [stdout]   2280.106 ms/op
[INFO] [stdout] 
[INFO] [stdout] 
[INFO] [stdout] # JMH version: 1.37
[INFO] [stdout] # VM version: JDK 26.0.1, OpenJDK 64-Bit Server VM, 26.0.1+8
[INFO] [stdout] # VM invoker: /opt/java/openjdk/bin/java
[INFO] [stdout] # VM options: --enable-preview --add-modules=jdk.incubator.vector -Dnitro.clickbench.hits.path= -Dnitro.tpcds.parquet.path=/root/data/tpcds-parquet-sf10 -Dnitro.tpcds.parquet.schema=sf10 -Dnitro.parquet.debugDictionaryFilterSummary=true -Xmx12g -XX:+UseTransparentHugePages
[INFO] [stdout] # Blackhole mode: compiler (auto-detected, use -Djmh.blackhole.autoDetect=false to disable)
[INFO] [stdout] # Warmup: <none>
[INFO] [stdout] # Measurement: 1 iterations, 1 ms each
[INFO] [stdout] # Timeout: 30 min per iteration
[INFO] [stdout] # Threads: 1 thread, will synchronize iterations
[INFO] [stdout] # Benchmark mode: Average time, time/op
[INFO] [stdout] # Benchmark: org.weakref.nitro.tpcds.BenchmarkQueries.query49
[INFO] [stdout] 
[INFO] [stdout] # Run progress: 48.48% complete, ETA 00:01:27
[INFO] [stdout] # Fork: 1 of 1
[INFO] [stdout] WARNING: Using incubator modules: jdk.incubator.vector
[INFO] [stdout] WARNING: A terminally deprecated method in sun.misc.Unsafe has been called
[INFO] [stdout] WARNING: sun.misc.Unsafe::objectFieldOffset has been called by org.openjdk.jmh.util.Utils (file:/root/.m2/repository/org/openjdk/jmh/jmh-core/1.37/jmh-core-1.37.jar)
[INFO] [stdout] WARNING: Please consider reporting this to the maintainers of class org.openjdk.jmh.util.Utils
[INFO] [stdout] WARNING: sun.misc.Unsafe::objectFieldOffset will be removed in a future release
[INFO] [stdout] Iteration   1: WARNING: A restricted method in java.lang.foreign.SymbolLookup has been called
[INFO] [stdout] WARNING: java.lang.foreign.SymbolLookup::libraryLookup has been called by io.airlift.compress.v3.internal.NativeLoader in an unnamed module (file:/root/.m2/repository/io/airlift/aircompressor-v3/3.4/aircompressor-v3-3.4.jar)
[INFO] [stdout] WARNING: Use --enable-native-access=ALL-UNNAMED to avoid a warning for callers in this module
[INFO] [stdout] WARNING: Restricted methods will be blocked in a future release unless native access is enabled
[INFO] [stdout] 
[WARNING] [stderr] [dictionary-filter] kind=LONG optional=true rows=17052097 acceptedRows=35134 directRows=0 bitmaskRows=0 lastDictionary=773 lastAccepted=1 branchless=false
[WARNING] [stderr] [dictionary-filter] kind=LONG optional=true rows=9512658 acceptedRows=83070 directRows=0 bitmaskRows=0 lastDictionary=3884 lastAccepted=29 branchless=false
[WARNING] [stderr] [dictionary-filter] kind=LONG optional=true rows=6251400 acceptedRows=65417 directRows=0 bitmaskRows=0 lastDictionary=130229 lastAccepted=1282 branchless=false
[INFO] [stdout] 789.109 ms/op
[INFO] [stdout] 
[INFO] [stdout] 
[INFO] [stdout] Result "org.weakref.nitro.tpcds.BenchmarkQueries.query49":
[INFO] [stdout]   789.109 ms/op
[INFO] [stdout] 
[INFO] [stdout] 
[INFO] [stdout] # JMH version: 1.37
[INFO] [stdout] # VM version: JDK 26.0.1, OpenJDK 64-Bit Server VM, 26.0.1+8
[INFO] [stdout] # VM invoker: /opt/java/openjdk/bin/java
[INFO] [stdout] # VM options: --enable-preview --add-modules=jdk.incubator.vector -Dnitro.clickbench.hits.path= -Dnitro.tpcds.parquet.path=/root/data/tpcds-parquet-sf10 -Dnitro.tpcds.parquet.schema=sf10 -Dnitro.parquet.debugDictionaryFilterSummary=true -Xmx12g -XX:+UseTransparentHugePages
[INFO] [stdout] # Blackhole mode: compiler (auto-detected, use -Djmh.blackhole.autoDetect=false to disable)
[INFO] [stdout] # Warmup: <none>
[INFO] [stdout] # Measurement: 1 iterations, 1 ms each
[INFO] [stdout] # Timeout: 30 min per iteration
[INFO] [stdout] # Threads: 1 thread, will synchronize iterations
[INFO] [stdout] # Benchmark mode: Average time, time/op
[INFO] [stdout] # Benchmark: org.weakref.nitro.tpcds.BenchmarkQueries.query50
[INFO] [stdout] 
[INFO] [stdout] # Run progress: 49.49% complete, ETA 00:01:25
[INFO] [stdout] # Fork: 1 of 1
[INFO] [stdout] WARNING: Using incubator modules: jdk.incubator.vector
[INFO] [stdout] WARNING: A terminally deprecated method in sun.misc.Unsafe has been called
[INFO] [stdout] WARNING: sun.misc.Unsafe::objectFieldOffset has been called by org.openjdk.jmh.util.Utils (file:/root/.m2/repository/org/openjdk/jmh/jmh-core/1.37/jmh-core-1.37.jar)
[INFO] [stdout] WARNING: Please consider reporting this to the maintainers of class org.openjdk.jmh.util.Utils
[INFO] [stdout] WARNING: sun.misc.Unsafe::objectFieldOffset will be removed in a future release
[INFO] [stdout] Iteration   1: WARNING: A restricted method in java.lang.foreign.SymbolLookup has been called
[INFO] [stdout] WARNING: java.lang.foreign.SymbolLookup::libraryLookup has been called by io.airlift.compress.v3.internal.NativeLoader in an unnamed module (file:/root/.m2/repository/io/airlift/aircompressor-v3/3.4/aircompressor-v3-3.4.jar)
[INFO] [stdout] WARNING: Use --enable-native-access=ALL-UNNAMED to avoid a warning for callers in this module
[INFO] [stdout] WARNING: Restricted methods will be blocked in a future release unless native access is enabled
[INFO] [stdout] 
[INFO] [stdout] 1927.535 ms/op
[INFO] [stdout] 
[INFO] [stdout] 
[INFO] [stdout] Result "org.weakref.nitro.tpcds.BenchmarkQueries.query50":
[INFO] [stdout]   1927.535 ms/op
[INFO] [stdout] 
[INFO] [stdout] 
[INFO] [stdout] # JMH version: 1.37
[INFO] [stdout] # VM version: JDK 26.0.1, OpenJDK 64-Bit Server VM, 26.0.1+8
[INFO] [stdout] # VM invoker: /opt/java/openjdk/bin/java
[INFO] [stdout] # VM options: --enable-preview --add-modules=jdk.incubator.vector -Dnitro.clickbench.hits.path= -Dnitro.tpcds.parquet.path=/root/data/tpcds-parquet-sf10 -Dnitro.tpcds.parquet.schema=sf10 -Dnitro.parquet.debugDictionaryFilterSummary=true -Xmx12g -XX:+UseTransparentHugePages
[INFO] [stdout] # Blackhole mode: compiler (auto-detected, use -Djmh.blackhole.autoDetect=false to disable)
[INFO] [stdout] # Warmup: <none>
[INFO] [stdout] # Measurement: 1 iterations, 1 ms each
[INFO] [stdout] # Timeout: 30 min per iteration
[INFO] [stdout] # Threads: 1 thread, will synchronize iterations
[INFO] [stdout] # Benchmark mode: Average time, time/op
[INFO] [stdout] # Benchmark: org.weakref.nitro.tpcds.BenchmarkQueries.query51
[INFO] [stdout] 
[INFO] [stdout] # Run progress: 50.51% complete, ETA 00:01:24
[INFO] [stdout] # Fork: 1 of 1
[INFO] [stdout] WARNING: Using incubator modules: jdk.incubator.vector
[INFO] [stdout] WARNING: A terminally deprecated method in sun.misc.Unsafe has been called
[INFO] [stdout] WARNING: sun.misc.Unsafe::objectFieldOffset has been called by org.openjdk.jmh.util.Utils (file:/root/.m2/repository/org/openjdk/jmh/jmh-core/1.37/jmh-core-1.37.jar)
[INFO] [stdout] WARNING: Please consider reporting this to the maintainers of class org.openjdk.jmh.util.Utils
[INFO] [stdout] WARNING: sun.misc.Unsafe::objectFieldOffset will be removed in a future release
[INFO] [stdout] Iteration   1: WARNING: A restricted method in java.lang.foreign.SymbolLookup has been called
[INFO] [stdout] WARNING: java.lang.foreign.SymbolLookup::libraryLookup has been called by io.airlift.compress.v3.internal.NativeLoader in an unnamed module (file:/root/.m2/repository/io/airlift/aircompressor-v3/3.4/aircompressor-v3-3.4.jar)
[INFO] [stdout] WARNING: Use --enable-native-access=ALL-UNNAMED to avoid a warning for callers in this module
[INFO] [stdout] WARNING: Restricted methods will be blocked in a future release unless native access is enabled
[INFO] [stdout] 
[WARNING] [stderr] [dictionary-filter] kind=LONG optional=true rows=7197566 acceptedRows=1446590 directRows=0 bitmaskRows=0 lastDictionary=1823 lastAccepted=366 branchless=true
[WARNING] [stderr] [dictionary-filter] kind=LONG optional=true rows=28800991 acceptedRows=5519143 directRows=0 bitmaskRows=0 lastDictionary=578 lastAccepted=123 branchless=true
[INFO] [stdout] 2064.701 ms/op
[INFO] [stdout] 
[INFO] [stdout] 
[INFO] [stdout] Result "org.weakref.nitro.tpcds.BenchmarkQueries.query51":
[INFO] [stdout]   2064.701 ms/op
[INFO] [stdout] 
[INFO] [stdout] 
[INFO] [stdout] # JMH version: 1.37
[INFO] [stdout] # VM version: JDK 26.0.1, OpenJDK 64-Bit Server VM, 26.0.1+8
[INFO] [stdout] # VM invoker: /opt/java/openjdk/bin/java
[INFO] [stdout] # VM options: --enable-preview --add-modules=jdk.incubator.vector -Dnitro.clickbench.hits.path= -Dnitro.tpcds.parquet.path=/root/data/tpcds-parquet-sf10 -Dnitro.tpcds.parquet.schema=sf10 -Dnitro.parquet.debugDictionaryFilterSummary=true -Xmx12g -XX:+UseTransparentHugePages
[INFO] [stdout] # Blackhole mode: compiler (auto-detected, use -Djmh.blackhole.autoDetect=false to disable)
[INFO] [stdout] # Warmup: <none>
[INFO] [stdout] # Measurement: 1 iterations, 1 ms each
[INFO] [stdout] # Timeout: 30 min per iteration
[INFO] [stdout] # Threads: 1 thread, will synchronize iterations
[INFO] [stdout] # Benchmark mode: Average time, time/op
[INFO] [stdout] # Benchmark: org.weakref.nitro.tpcds.BenchmarkQueries.query52
[INFO] [stdout] 
[INFO] [stdout] # Run progress: 51.52% complete, ETA 00:01:22
[INFO] [stdout] # Fork: 1 of 1
[INFO] [stdout] WARNING: Using incubator modules: jdk.incubator.vector
[INFO] [stdout] WARNING: A terminally deprecated method in sun.misc.Unsafe has been called
[INFO] [stdout] WARNING: sun.misc.Unsafe::objectFieldOffset has been called by org.openjdk.jmh.util.Utils (file:/root/.m2/repository/org/openjdk/jmh/jmh-core/1.37/jmh-core-1.37.jar)
[INFO] [stdout] WARNING: Please consider reporting this to the maintainers of class org.openjdk.jmh.util.Utils
[INFO] [stdout] WARNING: sun.misc.Unsafe::objectFieldOffset will be removed in a future release
[INFO] [stdout] Iteration   1: WARNING: A restricted method in java.lang.foreign.SymbolLookup has been called
[INFO] [stdout] WARNING: java.lang.foreign.SymbolLookup::libraryLookup has been called by io.airlift.compress.v3.internal.NativeLoader in an unnamed module (file:/root/.m2/repository/io/airlift/aircompressor-v3/3.4/aircompressor-v3-3.4.jar)
[INFO] [stdout] WARNING: Use --enable-native-access=ALL-UNNAMED to avoid a warning for callers in this module
[INFO] [stdout] WARNING: Restricted methods will be blocked in a future release unless native access is enabled
[INFO] [stdout] 
[WARNING] [stderr] [dictionary-filter] kind=LONG optional=true rows=28800991 acceptedRows=881977 directRows=0 bitmaskRows=0 lastDictionary=578 lastAccepted=16 branchless=false
[INFO] [stdout] 521.041 ms/op
[INFO] [stdout] 
[INFO] [stdout] 
[INFO] [stdout] Result "org.weakref.nitro.tpcds.BenchmarkQueries.query52":
[INFO] [stdout]   521.041 ms/op
[INFO] [stdout] 
[INFO] [stdout] 
[INFO] [stdout] # JMH version: 1.37
[INFO] [stdout] # VM version: JDK 26.0.1, OpenJDK 64-Bit Server VM, 26.0.1+8
[INFO] [stdout] # VM invoker: /opt/java/openjdk/bin/java
[INFO] [stdout] # VM options: --enable-preview --add-modules=jdk.incubator.vector -Dnitro.clickbench.hits.path= -Dnitro.tpcds.parquet.path=/root/data/tpcds-parquet-sf10 -Dnitro.tpcds.parquet.schema=sf10 -Dnitro.parquet.debugDictionaryFilterSummary=true -Xmx12g -XX:+UseTransparentHugePages
[INFO] [stdout] # Blackhole mode: compiler (auto-detected, use -Djmh.blackhole.autoDetect=false to disable)
[INFO] [stdout] # Warmup: <none>
[INFO] [stdout] # Measurement: 1 iterations, 1 ms each
[INFO] [stdout] # Timeout: 30 min per iteration
[INFO] [stdout] # Threads: 1 thread, will synchronize iterations
[INFO] [stdout] # Benchmark mode: Average time, time/op
[INFO] [stdout] # Benchmark: org.weakref.nitro.tpcds.BenchmarkQueries.query53
[INFO] [stdout] 
[INFO] [stdout] # Run progress: 52.53% complete, ETA 00:01:20
[INFO] [stdout] # Fork: 1 of 1
[INFO] [stdout] WARNING: Using incubator modules: jdk.incubator.vector
[INFO] [stdout] WARNING: A terminally deprecated method in sun.misc.Unsafe has been called
[INFO] [stdout] WARNING: sun.misc.Unsafe::objectFieldOffset has been called by org.openjdk.jmh.util.Utils (file:/root/.m2/repository/org/openjdk/jmh/jmh-core/1.37/jmh-core-1.37.jar)
[INFO] [stdout] WARNING: Please consider reporting this to the maintainers of class org.openjdk.jmh.util.Utils
[INFO] [stdout] WARNING: sun.misc.Unsafe::objectFieldOffset will be removed in a future release
[INFO] [stdout] Iteration   1: WARNING: A restricted method in java.lang.foreign.SymbolLookup has been called
[INFO] [stdout] WARNING: java.lang.foreign.SymbolLookup::libraryLookup has been called by io.airlift.compress.v3.internal.NativeLoader in an unnamed module (file:/root/.m2/repository/io/airlift/aircompressor-v3/3.4/aircompressor-v3-3.4.jar)
[INFO] [stdout] WARNING: Use --enable-native-access=ALL-UNNAMED to avoid a warning for callers in this module
[INFO] [stdout] WARNING: Restricted methods will be blocked in a future release unless native access is enabled
[INFO] [stdout] 
[WARNING] [stderr] [dictionary-filter] kind=LONG optional=true rows=28791729 acceptedRows=1211285 directRows=0 bitmaskRows=0 lastDictionary=0 lastAccepted=5279 branchless=false
[INFO] [stdout] 610.335 ms/op
[INFO] [stdout] 
[INFO] [stdout] 
[INFO] [stdout] Result "org.weakref.nitro.tpcds.BenchmarkQueries.query53":
[INFO] [stdout]   610.335 ms/op
[INFO] [stdout] 
[INFO] [stdout] 
[INFO] [stdout] # JMH version: 1.37
[INFO] [stdout] # VM version: JDK 26.0.1, OpenJDK 64-Bit Server VM, 26.0.1+8
[INFO] [stdout] # VM invoker: /opt/java/openjdk/bin/java
[INFO] [stdout] # VM options: --enable-preview --add-modules=jdk.incubator.vector -Dnitro.clickbench.hits.path= -Dnitro.tpcds.parquet.path=/root/data/tpcds-parquet-sf10 -Dnitro.tpcds.parquet.schema=sf10 -Dnitro.parquet.debugDictionaryFilterSummary=true -Xmx12g -XX:+UseTransparentHugePages
[INFO] [stdout] # Blackhole mode: compiler (auto-detected, use -Djmh.blackhole.autoDetect=false to disable)
[INFO] [stdout] # Warmup: <none>
[INFO] [stdout] # Measurement: 1 iterations, 1 ms each
[INFO] [stdout] # Timeout: 30 min per iteration
[INFO] [stdout] # Threads: 1 thread, will synchronize iterations
[INFO] [stdout] # Benchmark mode: Average time, time/op
[INFO] [stdout] # Benchmark: org.weakref.nitro.tpcds.BenchmarkQueries.query54
[INFO] [stdout] 
[INFO] [stdout] # Run progress: 53.54% complete, ETA 00:01:17
[INFO] [stdout] # Fork: 1 of 1
[INFO] [stdout] WARNING: Using incubator modules: jdk.incubator.vector
[INFO] [stdout] WARNING: A terminally deprecated method in sun.misc.Unsafe has been called
[INFO] [stdout] WARNING: sun.misc.Unsafe::objectFieldOffset has been called by org.openjdk.jmh.util.Utils (file:/root/.m2/repository/org/openjdk/jmh/jmh-core/1.37/jmh-core-1.37.jar)
[INFO] [stdout] WARNING: Please consider reporting this to the maintainers of class org.openjdk.jmh.util.Utils
[INFO] [stdout] WARNING: sun.misc.Unsafe::objectFieldOffset will be removed in a future release
[INFO] [stdout] Iteration   1: WARNING: A restricted method in java.lang.foreign.SymbolLookup has been called
[INFO] [stdout] WARNING: java.lang.foreign.SymbolLookup::libraryLookup has been called by io.airlift.compress.v3.internal.NativeLoader in an unnamed module (file:/root/.m2/repository/io/airlift/aircompressor-v3/3.4/aircompressor-v3-3.4.jar)
[INFO] [stdout] WARNING: Use --enable-native-access=ALL-UNNAMED to avoid a warning for callers in this module
[INFO] [stdout] WARNING: Restricted methods will be blocked in a future release unless native access is enabled
[INFO] [stdout] 
[WARNING] [stderr] [dictionary-filter] kind=LONG optional=true rows=14366531 acceptedRows=358051 directRows=0 bitmaskRows=0 lastDictionary=0 lastAccepted=2566 branchless=false
[WARNING] [stderr] [dictionary-filter] kind=LONG optional=true rows=7197566 acceptedRows=244481 directRows=6134828 bitmaskRows=0 lastDictionary=1823 lastAccepted=31 branchless=false
[WARNING] [stderr] [dictionary-filter] kind=LONG optional=true rows=19662713 acceptedRows=588637 directRows=0 bitmaskRows=0 lastDictionary=773 lastAccepted=26 branchless=false
[INFO] [stdout] 1058.938 ms/op
[INFO] [stdout] 
[INFO] [stdout] 
[INFO] [stdout] Result "org.weakref.nitro.tpcds.BenchmarkQueries.query54":
[INFO] [stdout]   1058.938 ms/op
[INFO] [stdout] 
[INFO] [stdout] 
[INFO] [stdout] # JMH version: 1.37
[INFO] [stdout] # VM version: JDK 26.0.1, OpenJDK 64-Bit Server VM, 26.0.1+8
[INFO] [stdout] # VM invoker: /opt/java/openjdk/bin/java
[INFO] [stdout] # VM options: --enable-preview --add-modules=jdk.incubator.vector -Dnitro.clickbench.hits.path= -Dnitro.tpcds.parquet.path=/root/data/tpcds-parquet-sf10 -Dnitro.tpcds.parquet.schema=sf10 -Dnitro.parquet.debugDictionaryFilterSummary=true -Xmx12g -XX:+UseTransparentHugePages
[INFO] [stdout] # Blackhole mode: compiler (auto-detected, use -Djmh.blackhole.autoDetect=false to disable)
[INFO] [stdout] # Warmup: <none>
[INFO] [stdout] # Measurement: 1 iterations, 1 ms each
[INFO] [stdout] # Timeout: 30 min per iteration
[INFO] [stdout] # Threads: 1 thread, will synchronize iterations
[INFO] [stdout] # Benchmark mode: Average time, time/op
[INFO] [stdout] # Benchmark: org.weakref.nitro.tpcds.BenchmarkQueries.query55
[INFO] [stdout] 
[INFO] [stdout] # Run progress: 54.55% complete, ETA 00:01:15
[INFO] [stdout] # Fork: 1 of 1
[INFO] [stdout] WARNING: Using incubator modules: jdk.incubator.vector
[INFO] [stdout] WARNING: A terminally deprecated method in sun.misc.Unsafe has been called
[INFO] [stdout] WARNING: sun.misc.Unsafe::objectFieldOffset has been called by org.openjdk.jmh.util.Utils (file:/root/.m2/repository/org/openjdk/jmh/jmh-core/1.37/jmh-core-1.37.jar)
[INFO] [stdout] WARNING: Please consider reporting this to the maintainers of class org.openjdk.jmh.util.Utils
[INFO] [stdout] WARNING: sun.misc.Unsafe::objectFieldOffset will be removed in a future release
[INFO] [stdout] Iteration   1: WARNING: A restricted method in java.lang.foreign.SymbolLookup has been called
[INFO] [stdout] WARNING: java.lang.foreign.SymbolLookup::libraryLookup has been called by io.airlift.compress.v3.internal.NativeLoader in an unnamed module (file:/root/.m2/repository/io/airlift/aircompressor-v3/3.4/aircompressor-v3-3.4.jar)
[INFO] [stdout] WARNING: Use --enable-native-access=ALL-UNNAMED to avoid a warning for callers in this module
[INFO] [stdout] WARNING: Restricted methods will be blocked in a future release unless native access is enabled
[INFO] [stdout] 
[WARNING] [stderr] [dictionary-filter] kind=LONG optional=true rows=28800991 acceptedRows=879791 directRows=0 bitmaskRows=0 lastDictionary=578 lastAccepted=16 branchless=false
[INFO] [stdout] 453.956 ms/op
[INFO] [stdout] 
[INFO] [stdout] 
[INFO] [stdout] Result "org.weakref.nitro.tpcds.BenchmarkQueries.query55":
[INFO] [stdout]   453.956 ms/op
[INFO] [stdout] 
[INFO] [stdout] 
[INFO] [stdout] # JMH version: 1.37
[INFO] [stdout] # VM version: JDK 26.0.1, OpenJDK 64-Bit Server VM, 26.0.1+8
[INFO] [stdout] # VM invoker: /opt/java/openjdk/bin/java
[INFO] [stdout] # VM options: --enable-preview --add-modules=jdk.incubator.vector -Dnitro.clickbench.hits.path= -Dnitro.tpcds.parquet.path=/root/data/tpcds-parquet-sf10 -Dnitro.tpcds.parquet.schema=sf10 -Dnitro.parquet.debugDictionaryFilterSummary=true -Xmx12g -XX:+UseTransparentHugePages
[INFO] [stdout] # Blackhole mode: compiler (auto-detected, use -Djmh.blackhole.autoDetect=false to disable)
[INFO] [stdout] # Warmup: <none>
[INFO] [stdout] # Measurement: 1 iterations, 1 ms each
[INFO] [stdout] # Timeout: 30 min per iteration
[INFO] [stdout] # Threads: 1 thread, will synchronize iterations
[INFO] [stdout] # Benchmark mode: Average time, time/op
[INFO] [stdout] # Benchmark: org.weakref.nitro.tpcds.BenchmarkQueries.query56
[INFO] [stdout] 
[INFO] [stdout] # Run progress: 55.56% complete, ETA 00:01:13
[INFO] [stdout] # Fork: 1 of 1
[INFO] [stdout] WARNING: Using incubator modules: jdk.incubator.vector
[INFO] [stdout] WARNING: A terminally deprecated method in sun.misc.Unsafe has been called
[INFO] [stdout] WARNING: sun.misc.Unsafe::objectFieldOffset has been called by org.openjdk.jmh.util.Utils (file:/root/.m2/repository/org/openjdk/jmh/jmh-core/1.37/jmh-core-1.37.jar)
[INFO] [stdout] WARNING: Please consider reporting this to the maintainers of class org.openjdk.jmh.util.Utils
[INFO] [stdout] WARNING: sun.misc.Unsafe::objectFieldOffset will be removed in a future release
[INFO] [stdout] Iteration   1: WARNING: A restricted method in java.lang.foreign.SymbolLookup has been called
[INFO] [stdout] WARNING: java.lang.foreign.SymbolLookup::libraryLookup has been called by io.airlift.compress.v3.internal.NativeLoader in an unnamed module (file:/root/.m2/repository/io/airlift/aircompressor-v3/3.4/aircompressor-v3-3.4.jar)
[INFO] [stdout] WARNING: Use --enable-native-access=ALL-UNNAMED to avoid a warning for callers in this module
[INFO] [stdout] WARNING: Restricted methods will be blocked in a future release unless native access is enabled
[INFO] [stdout] 
[WARNING] [stderr] [dictionary-filter] kind=LONG optional=true rows=28800991 acceptedRows=246151 directRows=0 bitmaskRows=0 lastDictionary=578 lastAccepted=6 branchless=false
[WARNING] [stderr] [dictionary-filter] kind=LONG optional=true rows=14401261 acceptedRows=127397 directRows=0 bitmaskRows=0 lastDictionary=8 lastAccepted=2 branchless=false
[WARNING] [stderr] [dictionary-filter] kind=LONG optional=true rows=7197566 acceptedRows=63404 directRows=6148990 bitmaskRows=0 lastDictionary=1823 lastAccepted=28 branchless=false
[INFO] [stdout] 757.727 ms/op
[INFO] [stdout] 
[INFO] [stdout] 
[INFO] [stdout] Result "org.weakref.nitro.tpcds.BenchmarkQueries.query56":
[INFO] [stdout]   757.727 ms/op
[INFO] [stdout] 
[INFO] [stdout] 
[INFO] [stdout] # JMH version: 1.37
[INFO] [stdout] # VM version: JDK 26.0.1, OpenJDK 64-Bit Server VM, 26.0.1+8
[INFO] [stdout] # VM invoker: /opt/java/openjdk/bin/java
[INFO] [stdout] # VM options: --enable-preview --add-modules=jdk.incubator.vector -Dnitro.clickbench.hits.path= -Dnitro.tpcds.parquet.path=/root/data/tpcds-parquet-sf10 -Dnitro.tpcds.parquet.schema=sf10 -Dnitro.parquet.debugDictionaryFilterSummary=true -Xmx12g -XX:+UseTransparentHugePages
[INFO] [stdout] # Blackhole mode: compiler (auto-detected, use -Djmh.blackhole.autoDetect=false to disable)
[INFO] [stdout] # Warmup: <none>
[INFO] [stdout] # Measurement: 1 iterations, 1 ms each
[INFO] [stdout] # Timeout: 30 min per iteration
[INFO] [stdout] # Threads: 1 thread, will synchronize iterations
[INFO] [stdout] # Benchmark mode: Average time, time/op
[INFO] [stdout] # Benchmark: org.weakref.nitro.tpcds.BenchmarkQueries.query57
[INFO] [stdout] 
[INFO] [stdout] # Run progress: 56.57% complete, ETA 00:01:10
[INFO] [stdout] # Fork: 1 of 1
[INFO] [stdout] WARNING: Using incubator modules: jdk.incubator.vector
[INFO] [stdout] WARNING: A terminally deprecated method in sun.misc.Unsafe has been called
[INFO] [stdout] WARNING: sun.misc.Unsafe::objectFieldOffset has been called by org.openjdk.jmh.util.Utils (file:/root/.m2/repository/org/openjdk/jmh/jmh-core/1.37/jmh-core-1.37.jar)
[INFO] [stdout] WARNING: Please consider reporting this to the maintainers of class org.openjdk.jmh.util.Utils
[INFO] [stdout] WARNING: sun.misc.Unsafe::objectFieldOffset will be removed in a future release
[INFO] [stdout] Iteration   1: WARNING: A restricted method in java.lang.foreign.SymbolLookup has been called
[INFO] [stdout] WARNING: java.lang.foreign.SymbolLookup::libraryLookup has been called by io.airlift.compress.v3.internal.NativeLoader in an unnamed module (file:/root/.m2/repository/io/airlift/aircompressor-v3/3.4/aircompressor-v3-3.4.jar)
[INFO] [stdout] WARNING: Use --enable-native-access=ALL-UNNAMED to avoid a warning for callers in this module
[INFO] [stdout] WARNING: Restricted methods will be blocked in a future release unless native access is enabled
[INFO] [stdout] 
[WARNING] [stderr] [dictionary-filter] kind=LONG optional=true rows=14401261 acceptedRows=3476909 directRows=0 bitmaskRows=0 lastDictionary=8 lastAccepted=0 branchless=false
[WARNING] [stderr] [dictionary-filter] kind=LONG optional=true rows=14401261 acceptedRows=3476909 directRows=0 bitmaskRows=0 lastDictionary=8 lastAccepted=0 branchless=false
[WARNING] [stderr] [dictionary-filter] kind=LONG optional=true rows=14401261 acceptedRows=3476909 directRows=0 bitmaskRows=0 lastDictionary=8 lastAccepted=0 branchless=false
[INFO] [stdout] 2378.932 ms/op
[INFO] [stdout] 
[INFO] [stdout] 
[INFO] [stdout] Result "org.weakref.nitro.tpcds.BenchmarkQueries.query57":
[INFO] [stdout]   2378.932 ms/op
[INFO] [stdout] 
[INFO] [stdout] 
[INFO] [stdout] # JMH version: 1.37
[INFO] [stdout] # VM version: JDK 26.0.1, OpenJDK 64-Bit Server VM, 26.0.1+8
[INFO] [stdout] # VM invoker: /opt/java/openjdk/bin/java
[INFO] [stdout] # VM options: --enable-preview --add-modules=jdk.incubator.vector -Dnitro.clickbench.hits.path= -Dnitro.tpcds.parquet.path=/root/data/tpcds-parquet-sf10 -Dnitro.tpcds.parquet.schema=sf10 -Dnitro.parquet.debugDictionaryFilterSummary=true -Xmx12g -XX:+UseTransparentHugePages
[INFO] [stdout] # Blackhole mode: compiler (auto-detected, use -Djmh.blackhole.autoDetect=false to disable)
[INFO] [stdout] # Warmup: <none>
[INFO] [stdout] # Measurement: 1 iterations, 1 ms each
[INFO] [stdout] # Timeout: 30 min per iteration
[INFO] [stdout] # Threads: 1 thread, will synchronize iterations
[INFO] [stdout] # Benchmark mode: Average time, time/op
[INFO] [stdout] # Benchmark: org.weakref.nitro.tpcds.BenchmarkQueries.query58
[INFO] [stdout] 
[INFO] [stdout] # Run progress: 57.58% complete, ETA 00:01:09
[INFO] [stdout] # Fork: 1 of 1
[INFO] [stdout] WARNING: Using incubator modules: jdk.incubator.vector
[INFO] [stdout] WARNING: A terminally deprecated method in sun.misc.Unsafe has been called
[INFO] [stdout] WARNING: sun.misc.Unsafe::objectFieldOffset has been called by org.openjdk.jmh.util.Utils (file:/root/.m2/repository/org/openjdk/jmh/jmh-core/1.37/jmh-core-1.37.jar)
[INFO] [stdout] WARNING: Please consider reporting this to the maintainers of class org.openjdk.jmh.util.Utils
[INFO] [stdout] WARNING: sun.misc.Unsafe::objectFieldOffset will be removed in a future release
[INFO] [stdout] Iteration   1: WARNING: A restricted method in java.lang.foreign.SymbolLookup has been called
[INFO] [stdout] WARNING: java.lang.foreign.SymbolLookup::libraryLookup has been called by io.airlift.compress.v3.internal.NativeLoader in an unnamed module (file:/root/.m2/repository/io/airlift/aircompressor-v3/3.4/aircompressor-v3-3.4.jar)
[INFO] [stdout] WARNING: Use --enable-native-access=ALL-UNNAMED to avoid a warning for callers in this module
[INFO] [stdout] WARNING: Restricted methods will be blocked in a future release unless native access is enabled
[INFO] [stdout] 
[INFO] [stdout] 1087.007 ms/op
[INFO] [stdout] 
[INFO] [stdout] 
[INFO] [stdout] Result "org.weakref.nitro.tpcds.BenchmarkQueries.query58":
[INFO] [stdout]   1087.007 ms/op
[INFO] [stdout] 
[INFO] [stdout] 
[INFO] [stdout] # JMH version: 1.37
[INFO] [stdout] # VM version: JDK 26.0.1, OpenJDK 64-Bit Server VM, 26.0.1+8
[INFO] [stdout] # VM invoker: /opt/java/openjdk/bin/java
[INFO] [stdout] # VM options: --enable-preview --add-modules=jdk.incubator.vector -Dnitro.clickbench.hits.path= -Dnitro.tpcds.parquet.path=/root/data/tpcds-parquet-sf10 -Dnitro.tpcds.parquet.schema=sf10 -Dnitro.parquet.debugDictionaryFilterSummary=true -Xmx12g -XX:+UseTransparentHugePages
[INFO] [stdout] # Blackhole mode: compiler (auto-detected, use -Djmh.blackhole.autoDetect=false to disable)
[INFO] [stdout] # Warmup: <none>
[INFO] [stdout] # Measurement: 1 iterations, 1 ms each
[INFO] [stdout] # Timeout: 30 min per iteration
[INFO] [stdout] # Threads: 1 thread, will synchronize iterations
[INFO] [stdout] # Benchmark mode: Average time, time/op
[INFO] [stdout] # Benchmark: org.weakref.nitro.tpcds.BenchmarkQueries.query59
[INFO] [stdout] 
[INFO] [stdout] # Run progress: 58.59% complete, ETA 00:01:07
[INFO] [stdout] # Fork: 1 of 1
[INFO] [stdout] WARNING: Using incubator modules: jdk.incubator.vector
[INFO] [stdout] WARNING: A terminally deprecated method in sun.misc.Unsafe has been called
[INFO] [stdout] WARNING: sun.misc.Unsafe::objectFieldOffset has been called by org.openjdk.jmh.util.Utils (file:/root/.m2/repository/org/openjdk/jmh/jmh-core/1.37/jmh-core-1.37.jar)
[INFO] [stdout] WARNING: Please consider reporting this to the maintainers of class org.openjdk.jmh.util.Utils
[INFO] [stdout] WARNING: sun.misc.Unsafe::objectFieldOffset will be removed in a future release
[INFO] [stdout] Iteration   1: WARNING: A restricted method in java.lang.foreign.SymbolLookup has been called
[INFO] [stdout] WARNING: java.lang.foreign.SymbolLookup::libraryLookup has been called by io.airlift.compress.v3.internal.NativeLoader in an unnamed module (file:/root/.m2/repository/io/airlift/aircompressor-v3/3.4/aircompressor-v3-3.4.jar)
[INFO] [stdout] WARNING: Use --enable-native-access=ALL-UNNAMED to avoid a warning for callers in this module
[INFO] [stdout] WARNING: Restricted methods will be blocked in a future release unless native access is enabled
[INFO] [stdout] 
[INFO] [stdout] 3113.534 ms/op
[INFO] [stdout] 
[INFO] [stdout] 
[INFO] [stdout] Result "org.weakref.nitro.tpcds.BenchmarkQueries.query59":
[INFO] [stdout]   3113.534 ms/op
[INFO] [stdout] 
[INFO] [stdout] 
[INFO] [stdout] # JMH version: 1.37
[INFO] [stdout] # VM version: JDK 26.0.1, OpenJDK 64-Bit Server VM, 26.0.1+8
[INFO] [stdout] # VM invoker: /opt/java/openjdk/bin/java
[INFO] [stdout] # VM options: --enable-preview --add-modules=jdk.incubator.vector -Dnitro.clickbench.hits.path= -Dnitro.tpcds.parquet.path=/root/data/tpcds-parquet-sf10 -Dnitro.tpcds.parquet.schema=sf10 -Dnitro.parquet.debugDictionaryFilterSummary=true -Xmx12g -XX:+UseTransparentHugePages
[INFO] [stdout] # Blackhole mode: compiler (auto-detected, use -Djmh.blackhole.autoDetect=false to disable)
[INFO] [stdout] # Warmup: <none>
[INFO] [stdout] # Measurement: 1 iterations, 1 ms each
[INFO] [stdout] # Timeout: 30 min per iteration
[INFO] [stdout] # Threads: 1 thread, will synchronize iterations
[INFO] [stdout] # Benchmark mode: Average time, time/op
[INFO] [stdout] # Benchmark: org.weakref.nitro.tpcds.BenchmarkQueries.query60
[INFO] [stdout] 
[INFO] [stdout] # Run progress: 59.60% complete, ETA 00:01:07
[INFO] [stdout] # Fork: 1 of 1
[INFO] [stdout] WARNING: Using incubator modules: jdk.incubator.vector
[INFO] [stdout] WARNING: A terminally deprecated method in sun.misc.Unsafe has been called
[INFO] [stdout] WARNING: sun.misc.Unsafe::objectFieldOffset has been called by org.openjdk.jmh.util.Utils (file:/root/.m2/repository/org/openjdk/jmh/jmh-core/1.37/jmh-core-1.37.jar)
[INFO] [stdout] WARNING: Please consider reporting this to the maintainers of class org.openjdk.jmh.util.Utils
[INFO] [stdout] WARNING: sun.misc.Unsafe::objectFieldOffset will be removed in a future release
[INFO] [stdout] Iteration   1: WARNING: A restricted method in java.lang.foreign.SymbolLookup has been called
[INFO] [stdout] WARNING: java.lang.foreign.SymbolLookup::libraryLookup has been called by io.airlift.compress.v3.internal.NativeLoader in an unnamed module (file:/root/.m2/repository/io/airlift/aircompressor-v3/3.4/aircompressor-v3-3.4.jar)
[INFO] [stdout] WARNING: Use --enable-native-access=ALL-UNNAMED to avoid a warning for callers in this module
[INFO] [stdout] WARNING: Restricted methods will be blocked in a future release unless native access is enabled
[INFO] [stdout] 
[WARNING] [stderr] [dictionary-filter] kind=LONG optional=true rows=28800991 acceptedRows=594339 directRows=0 bitmaskRows=0 lastDictionary=578 lastAccepted=8 branchless=false
[WARNING] [stderr] [dictionary-filter] kind=LONG optional=true rows=14401261 acceptedRows=308814 directRows=0 bitmaskRows=0 lastDictionary=8 lastAccepted=0 branchless=false
[WARNING] [stderr] [dictionary-filter] kind=LONG optional=true rows=7197566 acceptedRows=152957 directRows=6148990 bitmaskRows=0 lastDictionary=1823 lastAccepted=30 branchless=false
[INFO] [stdout] 883.664 ms/op
[INFO] [stdout] 
[INFO] [stdout] 
[INFO] [stdout] Result "org.weakref.nitro.tpcds.BenchmarkQueries.query60":
[INFO] [stdout]   883.664 ms/op
[INFO] [stdout] 
[INFO] [stdout] 
[INFO] [stdout] # JMH version: 1.37
[INFO] [stdout] # VM version: JDK 26.0.1, OpenJDK 64-Bit Server VM, 26.0.1+8
[INFO] [stdout] # VM invoker: /opt/java/openjdk/bin/java
[INFO] [stdout] # VM options: --enable-preview --add-modules=jdk.incubator.vector -Dnitro.clickbench.hits.path= -Dnitro.tpcds.parquet.path=/root/data/tpcds-parquet-sf10 -Dnitro.tpcds.parquet.schema=sf10 -Dnitro.parquet.debugDictionaryFilterSummary=true -Xmx12g -XX:+UseTransparentHugePages
[INFO] [stdout] # Blackhole mode: compiler (auto-detected, use -Djmh.blackhole.autoDetect=false to disable)
[INFO] [stdout] # Warmup: <none>
[INFO] [stdout] # Measurement: 1 iterations, 1 ms each
[INFO] [stdout] # Timeout: 30 min per iteration
[INFO] [stdout] # Threads: 1 thread, will synchronize iterations
[INFO] [stdout] # Benchmark mode: Average time, time/op
[INFO] [stdout] # Benchmark: org.weakref.nitro.tpcds.BenchmarkQueries.query61
[INFO] [stdout] 
[INFO] [stdout] # Run progress: 60.61% complete, ETA 00:01:05
[INFO] [stdout] # Fork: 1 of 1
[INFO] [stdout] WARNING: Using incubator modules: jdk.incubator.vector
[INFO] [stdout] WARNING: A terminally deprecated method in sun.misc.Unsafe has been called
[INFO] [stdout] WARNING: sun.misc.Unsafe::objectFieldOffset has been called by org.openjdk.jmh.util.Utils (file:/root/.m2/repository/org/openjdk/jmh/jmh-core/1.37/jmh-core-1.37.jar)
[INFO] [stdout] WARNING: Please consider reporting this to the maintainers of class org.openjdk.jmh.util.Utils
[INFO] [stdout] WARNING: sun.misc.Unsafe::objectFieldOffset will be removed in a future release
[INFO] [stdout] Iteration   1: WARNING: A restricted method in java.lang.foreign.SymbolLookup has been called
[INFO] [stdout] WARNING: java.lang.foreign.SymbolLookup::libraryLookup has been called by io.airlift.compress.v3.internal.NativeLoader in an unnamed module (file:/root/.m2/repository/io/airlift/aircompressor-v3/3.4/aircompressor-v3-3.4.jar)
[INFO] [stdout] WARNING: Use --enable-native-access=ALL-UNNAMED to avoid a warning for callers in this module
[INFO] [stdout] WARNING: Restricted methods will be blocked in a future release unless native access is enabled
[INFO] [stdout] 
[WARNING] [stderr] [dictionary-filter] kind=LONG optional=true rows=28800991 acceptedRows=883317 directRows=0 bitmaskRows=0 lastDictionary=578 lastAccepted=15 branchless=false
[WARNING] [stderr] [dictionary-filter] kind=LONG optional=true rows=28800991 acceptedRows=883317 directRows=0 bitmaskRows=0 lastDictionary=578 lastAccepted=15 branchless=false
[INFO] [stdout] 885.082 ms/op
[INFO] [stdout] 
[INFO] [stdout] 
[INFO] [stdout] Result "org.weakref.nitro.tpcds.BenchmarkQueries.query61":
[INFO] [stdout]   885.082 ms/op
[INFO] [stdout] 
[INFO] [stdout] 
[INFO] [stdout] # JMH version: 1.37
[INFO] [stdout] # VM version: JDK 26.0.1, OpenJDK 64-Bit Server VM, 26.0.1+8
[INFO] [stdout] # VM invoker: /opt/java/openjdk/bin/java
[INFO] [stdout] # VM options: --enable-preview --add-modules=jdk.incubator.vector -Dnitro.clickbench.hits.path= -Dnitro.tpcds.parquet.path=/root/data/tpcds-parquet-sf10 -Dnitro.tpcds.parquet.schema=sf10 -Dnitro.parquet.debugDictionaryFilterSummary=true -Xmx12g -XX:+UseTransparentHugePages
[INFO] [stdout] # Blackhole mode: compiler (auto-detected, use -Djmh.blackhole.autoDetect=false to disable)
[INFO] [stdout] # Warmup: <none>
[INFO] [stdout] # Measurement: 1 iterations, 1 ms each
[INFO] [stdout] # Timeout: 30 min per iteration
[INFO] [stdout] # Threads: 1 thread, will synchronize iterations
[INFO] [stdout] # Benchmark mode: Average time, time/op
[INFO] [stdout] # Benchmark: org.weakref.nitro.tpcds.BenchmarkQueries.query62
[INFO] [stdout] 
[INFO] [stdout] # Run progress: 61.62% complete, ETA 00:01:03
[INFO] [stdout] # Fork: 1 of 1
[INFO] [stdout] WARNING: Using incubator modules: jdk.incubator.vector
[INFO] [stdout] WARNING: A terminally deprecated method in sun.misc.Unsafe has been called
[INFO] [stdout] WARNING: sun.misc.Unsafe::objectFieldOffset has been called by org.openjdk.jmh.util.Utils (file:/root/.m2/repository/org/openjdk/jmh/jmh-core/1.37/jmh-core-1.37.jar)
[INFO] [stdout] WARNING: Please consider reporting this to the maintainers of class org.openjdk.jmh.util.Utils
[INFO] [stdout] WARNING: sun.misc.Unsafe::objectFieldOffset will be removed in a future release
[INFO] [stdout] Iteration   1: WARNING: A restricted method in java.lang.foreign.SymbolLookup has been called
[INFO] [stdout] WARNING: java.lang.foreign.SymbolLookup::libraryLookup has been called by io.airlift.compress.v3.internal.NativeLoader in an unnamed module (file:/root/.m2/repository/io/airlift/aircompressor-v3/3.4/aircompressor-v3-3.4.jar)
[INFO] [stdout] WARNING: Use --enable-native-access=ALL-UNNAMED to avoid a warning for callers in this module
[INFO] [stdout] WARNING: Restricted methods will be blocked in a future release unless native access is enabled
[INFO] [stdout] 
[WARNING] [stderr] [dictionary-filter] kind=LONG optional=true rows=7197566 acceptedRows=1445718 directRows=0 bitmaskRows=0 lastDictionary=1946 lastAccepted=366 branchless=true
[INFO] [stdout] 953.444 ms/op
[INFO] [stdout] 
[INFO] [stdout] 
[INFO] [stdout] Result "org.weakref.nitro.tpcds.BenchmarkQueries.query62":
[INFO] [stdout]   953.444 ms/op
[INFO] [stdout] 
[INFO] [stdout] 
[INFO] [stdout] # JMH version: 1.37
[INFO] [stdout] # VM version: JDK 26.0.1, OpenJDK 64-Bit Server VM, 26.0.1+8
[INFO] [stdout] # VM invoker: /opt/java/openjdk/bin/java
[INFO] [stdout] # VM options: --enable-preview --add-modules=jdk.incubator.vector -Dnitro.clickbench.hits.path= -Dnitro.tpcds.parquet.path=/root/data/tpcds-parquet-sf10 -Dnitro.tpcds.parquet.schema=sf10 -Dnitro.parquet.debugDictionaryFilterSummary=true -Xmx12g -XX:+UseTransparentHugePages
[INFO] [stdout] # Blackhole mode: compiler (auto-detected, use -Djmh.blackhole.autoDetect=false to disable)
[INFO] [stdout] # Warmup: <none>
[INFO] [stdout] # Measurement: 1 iterations, 1 ms each
[INFO] [stdout] # Timeout: 30 min per iteration
[INFO] [stdout] # Threads: 1 thread, will synchronize iterations
[INFO] [stdout] # Benchmark mode: Average time, time/op
[INFO] [stdout] # Benchmark: org.weakref.nitro.tpcds.BenchmarkQueries.query63
[INFO] [stdout] 
[INFO] [stdout] # Run progress: 62.63% complete, ETA 00:01:01
[INFO] [stdout] # Fork: 1 of 1
[INFO] [stdout] WARNING: Using incubator modules: jdk.incubator.vector
[INFO] [stdout] WARNING: A terminally deprecated method in sun.misc.Unsafe has been called
[INFO] [stdout] WARNING: sun.misc.Unsafe::objectFieldOffset has been called by org.openjdk.jmh.util.Utils (file:/root/.m2/repository/org/openjdk/jmh/jmh-core/1.37/jmh-core-1.37.jar)
[INFO] [stdout] WARNING: Please consider reporting this to the maintainers of class org.openjdk.jmh.util.Utils
[INFO] [stdout] WARNING: sun.misc.Unsafe::objectFieldOffset will be removed in a future release
[INFO] [stdout] Iteration   1: WARNING: A restricted method in java.lang.foreign.SymbolLookup has been called
[INFO] [stdout] WARNING: java.lang.foreign.SymbolLookup::libraryLookup has been called by io.airlift.compress.v3.internal.NativeLoader in an unnamed module (file:/root/.m2/repository/io/airlift/aircompressor-v3/3.4/aircompressor-v3-3.4.jar)
[INFO] [stdout] WARNING: Use --enable-native-access=ALL-UNNAMED to avoid a warning for callers in this module
[INFO] [stdout] WARNING: Restricted methods will be blocked in a future release unless native access is enabled
[INFO] [stdout] 
[WARNING] [stderr] [dictionary-filter] kind=LONG optional=true rows=28791729 acceptedRows=1211285 directRows=0 bitmaskRows=0 lastDictionary=0 lastAccepted=5279 branchless=false
[INFO] [stdout] 628.136 ms/op
[INFO] [stdout] 
[INFO] [stdout] 
[INFO] [stdout] Result "org.weakref.nitro.tpcds.BenchmarkQueries.query63":
[INFO] [stdout]   628.136 ms/op
[INFO] [stdout] 
[INFO] [stdout] 
[INFO] [stdout] # JMH version: 1.37
[INFO] [stdout] # VM version: JDK 26.0.1, OpenJDK 64-Bit Server VM, 26.0.1+8
[INFO] [stdout] # VM invoker: /opt/java/openjdk/bin/java
[INFO] [stdout] # VM options: --enable-preview --add-modules=jdk.incubator.vector -Dnitro.clickbench.hits.path= -Dnitro.tpcds.parquet.path=/root/data/tpcds-parquet-sf10 -Dnitro.tpcds.parquet.schema=sf10 -Dnitro.parquet.debugDictionaryFilterSummary=true -Xmx12g -XX:+UseTransparentHugePages
[INFO] [stdout] # Blackhole mode: compiler (auto-detected, use -Djmh.blackhole.autoDetect=false to disable)
[INFO] [stdout] # Warmup: <none>
[INFO] [stdout] # Measurement: 1 iterations, 1 ms each
[INFO] [stdout] # Timeout: 30 min per iteration
[INFO] [stdout] # Threads: 1 thread, will synchronize iterations
[INFO] [stdout] # Benchmark mode: Average time, time/op
[INFO] [stdout] # Benchmark: org.weakref.nitro.tpcds.BenchmarkQueries.query64
[INFO] [stdout] 
[INFO] [stdout] # Run progress: 63.64% complete, ETA 00:00:58
[INFO] [stdout] # Fork: 1 of 1
[INFO] [stdout] WARNING: Using incubator modules: jdk.incubator.vector
[INFO] [stdout] WARNING: A terminally deprecated method in sun.misc.Unsafe has been called
[INFO] [stdout] WARNING: sun.misc.Unsafe::objectFieldOffset has been called by org.openjdk.jmh.util.Utils (file:/root/.m2/repository/org/openjdk/jmh/jmh-core/1.37/jmh-core-1.37.jar)
[INFO] [stdout] WARNING: Please consider reporting this to the maintainers of class org.openjdk.jmh.util.Utils
[INFO] [stdout] WARNING: sun.misc.Unsafe::objectFieldOffset will be removed in a future release
[INFO] [stdout] Iteration   1: WARNING: A restricted method in java.lang.foreign.SymbolLookup has been called
[INFO] [stdout] WARNING: java.lang.foreign.SymbolLookup::libraryLookup has been called by io.airlift.compress.v3.internal.NativeLoader in an unnamed module (file:/root/.m2/repository/io/airlift/aircompressor-v3/3.4/aircompressor-v3-3.4.jar)
[INFO] [stdout] WARNING: Use --enable-native-access=ALL-UNNAMED to avoid a warning for callers in this module
[INFO] [stdout] WARNING: Restricted methods will be blocked in a future release unless native access is enabled
[INFO] [stdout] 
[WARNING] [stderr] [dictionary-filter] kind=LONG optional=true rows=28791729 acceptedRows=12268 directRows=0 bitmaskRows=0 lastDictionary=0 lastAccepted=30 branchless=false
[WARNING] [stderr] [dictionary-filter] kind=INT optional=true rows=73049 acceptedRows=365 directRows=0 bitmaskRows=0 lastDictionary=201 lastAccepted=1 branchless=false
[WARNING] [stderr] [dictionary-filter] kind=LONG optional=true rows=28791729 acceptedRows=20177 directRows=0 bitmaskRows=0 lastDictionary=0 lastAccepted=72 branchless=false
[WARNING] [stderr] [dictionary-filter] kind=INT optional=true rows=73049 acceptedRows=366 directRows=0 bitmaskRows=0 lastDictionary=201 lastAccepted=1 branchless=false
[INFO] [stdout] 3463.633 ms/op
[INFO] [stdout] 
[INFO] [stdout] 
[INFO] [stdout] Result "org.weakref.nitro.tpcds.BenchmarkQueries.query64":
[INFO] [stdout]   3463.633 ms/op
[INFO] [stdout] 
[INFO] [stdout] 
[INFO] [stdout] # JMH version: 1.37
[INFO] [stdout] # VM version: JDK 26.0.1, OpenJDK 64-Bit Server VM, 26.0.1+8
[INFO] [stdout] # VM invoker: /opt/java/openjdk/bin/java
[INFO] [stdout] # VM options: --enable-preview --add-modules=jdk.incubator.vector -Dnitro.clickbench.hits.path= -Dnitro.tpcds.parquet.path=/root/data/tpcds-parquet-sf10 -Dnitro.tpcds.parquet.schema=sf10 -Dnitro.parquet.debugDictionaryFilterSummary=true -Xmx12g -XX:+UseTransparentHugePages
[INFO] [stdout] # Blackhole mode: compiler (auto-detected, use -Djmh.blackhole.autoDetect=false to disable)
[INFO] [stdout] # Warmup: <none>
[INFO] [stdout] # Measurement: 1 iterations, 1 ms each
[INFO] [stdout] # Timeout: 30 min per iteration
[INFO] [stdout] # Threads: 1 thread, will synchronize iterations
[INFO] [stdout] # Benchmark mode: Average time, time/op
[INFO] [stdout] # Benchmark: org.weakref.nitro.tpcds.BenchmarkQueries.query65
[INFO] [stdout] 
[INFO] [stdout] # Run progress: 64.65% complete, ETA 00:00:58
[INFO] [stdout] # Fork: 1 of 1
[INFO] [stdout] WARNING: Using incubator modules: jdk.incubator.vector
[INFO] [stdout] WARNING: A terminally deprecated method in sun.misc.Unsafe has been called
[INFO] [stdout] WARNING: sun.misc.Unsafe::objectFieldOffset has been called by org.openjdk.jmh.util.Utils (file:/root/.m2/repository/org/openjdk/jmh/jmh-core/1.37/jmh-core-1.37.jar)
[INFO] [stdout] WARNING: Please consider reporting this to the maintainers of class org.openjdk.jmh.util.Utils
[INFO] [stdout] WARNING: sun.misc.Unsafe::objectFieldOffset will be removed in a future release
[INFO] [stdout] Iteration   1: WARNING: A restricted method in java.lang.foreign.SymbolLookup has been called
[INFO] [stdout] WARNING: java.lang.foreign.SymbolLookup::libraryLookup has been called by io.airlift.compress.v3.internal.NativeLoader in an unnamed module (file:/root/.m2/repository/io/airlift/aircompressor-v3/3.4/aircompressor-v3-3.4.jar)
[INFO] [stdout] WARNING: Use --enable-native-access=ALL-UNNAMED to avoid a warning for callers in this module
[INFO] [stdout] WARNING: Restricted methods will be blocked in a future release unless native access is enabled
[INFO] [stdout] 
[WARNING] [stderr] [dictionary-filter] kind=LONG optional=true rows=28800991 acceptedRows=5443210 directRows=0 bitmaskRows=0 lastDictionary=578 lastAccepted=123 branchless=true
[WARNING] [stderr] [dictionary-filter] kind=LONG optional=true rows=28800991 acceptedRows=5443210 directRows=0 bitmaskRows=0 lastDictionary=578 lastAccepted=123 branchless=true
[INFO] [stdout] 1690.512 ms/op
[INFO] [stdout] 
[INFO] [stdout] 
[INFO] [stdout] Result "org.weakref.nitro.tpcds.BenchmarkQueries.query65":
[INFO] [stdout]   1690.512 ms/op
[INFO] [stdout] 
[INFO] [stdout] 
[INFO] [stdout] # JMH version: 1.37
[INFO] [stdout] # VM version: JDK 26.0.1, OpenJDK 64-Bit Server VM, 26.0.1+8
[INFO] [stdout] # VM invoker: /opt/java/openjdk/bin/java
[INFO] [stdout] # VM options: --enable-preview --add-modules=jdk.incubator.vector -Dnitro.clickbench.hits.path= -Dnitro.tpcds.parquet.path=/root/data/tpcds-parquet-sf10 -Dnitro.tpcds.parquet.schema=sf10 -Dnitro.parquet.debugDictionaryFilterSummary=true -Xmx12g -XX:+UseTransparentHugePages
[INFO] [stdout] # Blackhole mode: compiler (auto-detected, use -Djmh.blackhole.autoDetect=false to disable)
[INFO] [stdout] # Warmup: <none>
[INFO] [stdout] # Measurement: 1 iterations, 1 ms each
[INFO] [stdout] # Timeout: 30 min per iteration
[INFO] [stdout] # Threads: 1 thread, will synchronize iterations
[INFO] [stdout] # Benchmark mode: Average time, time/op
[INFO] [stdout] # Benchmark: org.weakref.nitro.tpcds.BenchmarkQueries.query66
[INFO] [stdout] 
[INFO] [stdout] # Run progress: 65.66% complete, ETA 00:00:56
[INFO] [stdout] # Fork: 1 of 1
[INFO] [stdout] WARNING: Using incubator modules: jdk.incubator.vector
[INFO] [stdout] WARNING: A terminally deprecated method in sun.misc.Unsafe has been called
[INFO] [stdout] WARNING: sun.misc.Unsafe::objectFieldOffset has been called by org.openjdk.jmh.util.Utils (file:/root/.m2/repository/org/openjdk/jmh/jmh-core/1.37/jmh-core-1.37.jar)
[INFO] [stdout] WARNING: Please consider reporting this to the maintainers of class org.openjdk.jmh.util.Utils
[INFO] [stdout] WARNING: sun.misc.Unsafe::objectFieldOffset will be removed in a future release
[INFO] [stdout] Iteration   1: WARNING: A restricted method in java.lang.foreign.SymbolLookup has been called
[INFO] [stdout] WARNING: java.lang.foreign.SymbolLookup::libraryLookup has been called by io.airlift.compress.v3.internal.NativeLoader in an unnamed module (file:/root/.m2/repository/io/airlift/aircompressor-v3/3.4/aircompressor-v3-3.4.jar)
[INFO] [stdout] WARNING: Use --enable-native-access=ALL-UNNAMED to avoid a warning for callers in this module
[INFO] [stdout] WARNING: Restricted methods will be blocked in a future release unless native access is enabled
[INFO] [stdout] 
[WARNING] [stderr] [dictionary-filter] kind=LONG optional=true rows=7197566 acceptedRows=719656 directRows=0 bitmaskRows=0 lastDictionary=20 lastAccepted=2 branchless=false
[WARNING] [stderr] [dictionary-filter] kind=INT optional=true rows=73049 acceptedRows=365 directRows=0 bitmaskRows=0 lastDictionary=201 lastAccepted=1 branchless=false
[WARNING] [stderr] [dictionary-filter] kind=LONG optional=true rows=14401261 acceptedRows=1432494 directRows=0 bitmaskRows=0 lastDictionary=20 lastAccepted=2 branchless=false
[WARNING] [stderr] [dictionary-filter] kind=INT optional=true rows=73049 acceptedRows=365 directRows=0 bitmaskRows=0 lastDictionary=201 lastAccepted=1 branchless=false
[INFO] [stdout] 702.837 ms/op
[INFO] [stdout] 
[INFO] [stdout] 
[INFO] [stdout] Result "org.weakref.nitro.tpcds.BenchmarkQueries.query66":
[INFO] [stdout]   702.837 ms/op
[INFO] [stdout] 
[INFO] [stdout] 
[INFO] [stdout] # JMH version: 1.37
[INFO] [stdout] # VM version: JDK 26.0.1, OpenJDK 64-Bit Server VM, 26.0.1+8
[INFO] [stdout] # VM invoker: /opt/java/openjdk/bin/java
[INFO] [stdout] # VM options: --enable-preview --add-modules=jdk.incubator.vector -Dnitro.clickbench.hits.path= -Dnitro.tpcds.parquet.path=/root/data/tpcds-parquet-sf10 -Dnitro.tpcds.parquet.schema=sf10 -Dnitro.parquet.debugDictionaryFilterSummary=true -Xmx12g -XX:+UseTransparentHugePages
[INFO] [stdout] # Blackhole mode: compiler (auto-detected, use -Djmh.blackhole.autoDetect=false to disable)
[INFO] [stdout] # Warmup: <none>
[INFO] [stdout] # Measurement: 1 iterations, 1 ms each
[INFO] [stdout] # Timeout: 30 min per iteration
[INFO] [stdout] # Threads: 1 thread, will synchronize iterations
[INFO] [stdout] # Benchmark mode: Average time, time/op
[INFO] [stdout] # Benchmark: org.weakref.nitro.tpcds.BenchmarkQueries.query67
[INFO] [stdout] 
[INFO] [stdout] # Run progress: 66.67% complete, ETA 00:00:54
[INFO] [stdout] # Fork: 1 of 1
[INFO] [stdout] WARNING: Using incubator modules: jdk.incubator.vector
[INFO] [stdout] WARNING: A terminally deprecated method in sun.misc.Unsafe has been called
[INFO] [stdout] WARNING: sun.misc.Unsafe::objectFieldOffset has been called by org.openjdk.jmh.util.Utils (file:/root/.m2/repository/org/openjdk/jmh/jmh-core/1.37/jmh-core-1.37.jar)
[INFO] [stdout] WARNING: Please consider reporting this to the maintainers of class org.openjdk.jmh.util.Utils
[INFO] [stdout] WARNING: sun.misc.Unsafe::objectFieldOffset will be removed in a future release
[INFO] [stdout] Iteration   1: WARNING: A restricted method in java.lang.foreign.SymbolLookup has been called
[INFO] [stdout] WARNING: java.lang.foreign.SymbolLookup::libraryLookup has been called by io.airlift.compress.v3.internal.NativeLoader in an unnamed module (file:/root/.m2/repository/io/airlift/aircompressor-v3/3.4/aircompressor-v3-3.4.jar)
[INFO] [stdout] WARNING: Use --enable-native-access=ALL-UNNAMED to avoid a warning for callers in this module
[INFO] [stdout] WARNING: Restricted methods will be blocked in a future release unless native access is enabled
[INFO] [stdout] 
[WARNING] [stderr] [dictionary-filter] kind=LONG optional=true rows=28800991 acceptedRows=5519143 directRows=0 bitmaskRows=0 lastDictionary=578 lastAccepted=123 branchless=true
[INFO] [stdout] 8220.059 ms/op
[INFO] [stdout] 
[INFO] [stdout] 
[INFO] [stdout] Result "org.weakref.nitro.tpcds.BenchmarkQueries.query67":
[INFO] [stdout]   8220.059 ms/op
[INFO] [stdout] 
[INFO] [stdout] 
[INFO] [stdout] # JMH version: 1.37
[INFO] [stdout] # VM version: JDK 26.0.1, OpenJDK 64-Bit Server VM, 26.0.1+8
[INFO] [stdout] # VM invoker: /opt/java/openjdk/bin/java
[INFO] [stdout] # VM options: --enable-preview --add-modules=jdk.incubator.vector -Dnitro.clickbench.hits.path= -Dnitro.tpcds.parquet.path=/root/data/tpcds-parquet-sf10 -Dnitro.tpcds.parquet.schema=sf10 -Dnitro.parquet.debugDictionaryFilterSummary=true -Xmx12g -XX:+UseTransparentHugePages
[INFO] [stdout] # Blackhole mode: compiler (auto-detected, use -Djmh.blackhole.autoDetect=false to disable)
[INFO] [stdout] # Warmup: <none>
[INFO] [stdout] # Measurement: 1 iterations, 1 ms each
[INFO] [stdout] # Timeout: 30 min per iteration
[INFO] [stdout] # Threads: 1 thread, will synchronize iterations
[INFO] [stdout] # Benchmark mode: Average time, time/op
[INFO] [stdout] # Benchmark: org.weakref.nitro.tpcds.BenchmarkQueries.query68
[INFO] [stdout] 
[INFO] [stdout] # Run progress: 67.68% complete, ETA 00:00:56
[INFO] [stdout] # Fork: 1 of 1
[INFO] [stdout] WARNING: Using incubator modules: jdk.incubator.vector
[INFO] [stdout] WARNING: A terminally deprecated method in sun.misc.Unsafe has been called
[INFO] [stdout] WARNING: sun.misc.Unsafe::objectFieldOffset has been called by org.openjdk.jmh.util.Utils (file:/root/.m2/repository/org/openjdk/jmh/jmh-core/1.37/jmh-core-1.37.jar)
[INFO] [stdout] WARNING: Please consider reporting this to the maintainers of class org.openjdk.jmh.util.Utils
[INFO] [stdout] WARNING: sun.misc.Unsafe::objectFieldOffset will be removed in a future release
[INFO] [stdout] Iteration   1: WARNING: A restricted method in java.lang.foreign.SymbolLookup has been called
[INFO] [stdout] WARNING: java.lang.foreign.SymbolLookup::libraryLookup has been called by io.airlift.compress.v3.internal.NativeLoader in an unnamed module (file:/root/.m2/repository/io/airlift/aircompressor-v3/3.4/aircompressor-v3-3.4.jar)
[INFO] [stdout] WARNING: Use --enable-native-access=ALL-UNNAMED to avoid a warning for callers in this module
[INFO] [stdout] WARNING: Restricted methods will be blocked in a future release unless native access is enabled
[INFO] [stdout] 
[WARNING] [stderr] [dictionary-filter] kind=LONG optional=true rows=28800991 acceptedRows=1086621 directRows=0 bitmaskRows=0 lastDictionary=578 lastAccepted=26 branchless=false
[INFO] [stdout] 985.685 ms/op
[INFO] [stdout] 
[INFO] [stdout] 
[INFO] [stdout] Result "org.weakref.nitro.tpcds.BenchmarkQueries.query68":
[INFO] [stdout]   985.685 ms/op
[INFO] [stdout] 
[INFO] [stdout] 
[INFO] [stdout] # JMH version: 1.37
[INFO] [stdout] # VM version: JDK 26.0.1, OpenJDK 64-Bit Server VM, 26.0.1+8
[INFO] [stdout] # VM invoker: /opt/java/openjdk/bin/java
[INFO] [stdout] # VM options: --enable-preview --add-modules=jdk.incubator.vector -Dnitro.clickbench.hits.path= -Dnitro.tpcds.parquet.path=/root/data/tpcds-parquet-sf10 -Dnitro.tpcds.parquet.schema=sf10 -Dnitro.parquet.debugDictionaryFilterSummary=true -Xmx12g -XX:+UseTransparentHugePages
[INFO] [stdout] # Blackhole mode: compiler (auto-detected, use -Djmh.blackhole.autoDetect=false to disable)
[INFO] [stdout] # Warmup: <none>
[INFO] [stdout] # Measurement: 1 iterations, 1 ms each
[INFO] [stdout] # Timeout: 30 min per iteration
[INFO] [stdout] # Threads: 1 thread, will synchronize iterations
[INFO] [stdout] # Benchmark mode: Average time, time/op
[INFO] [stdout] # Benchmark: org.weakref.nitro.tpcds.BenchmarkQueries.query69
[INFO] [stdout] 
[INFO] [stdout] # Run progress: 68.69% complete, ETA 00:00:54
[INFO] [stdout] # Fork: 1 of 1
[INFO] [stdout] WARNING: Using incubator modules: jdk.incubator.vector
[INFO] [stdout] WARNING: A terminally deprecated method in sun.misc.Unsafe has been called
[INFO] [stdout] WARNING: sun.misc.Unsafe::objectFieldOffset has been called by org.openjdk.jmh.util.Utils (file:/root/.m2/repository/org/openjdk/jmh/jmh-core/1.37/jmh-core-1.37.jar)
[INFO] [stdout] WARNING: Please consider reporting this to the maintainers of class org.openjdk.jmh.util.Utils
[INFO] [stdout] WARNING: sun.misc.Unsafe::objectFieldOffset will be removed in a future release
[INFO] [stdout] Iteration   1: WARNING: A restricted method in java.lang.foreign.SymbolLookup has been called
[INFO] [stdout] WARNING: java.lang.foreign.SymbolLookup::libraryLookup has been called by io.airlift.compress.v3.internal.NativeLoader in an unnamed module (file:/root/.m2/repository/io/airlift/aircompressor-v3/3.4/aircompressor-v3-3.4.jar)
[INFO] [stdout] WARNING: Use --enable-native-access=ALL-UNNAMED to avoid a warning for callers in this module
[INFO] [stdout] WARNING: Restricted methods will be blocked in a future release unless native access is enabled
[INFO] [stdout] 
[WARNING] [stderr] [dictionary-filter] kind=LONG optional=true rows=7197566 acceptedRows=210950 directRows=0 bitmaskRows=0 lastDictionary=1823 lastAccepted=91 branchless=false
[WARNING] [stderr] [dictionary-filter] kind=LONG optional=true rows=14401261 acceptedRows=412838 directRows=0 bitmaskRows=0 lastDictionary=8 lastAccepted=0 branchless=false
[WARNING] [stderr] [dictionary-filter] kind=LONG optional=true rows=28800991 acceptedRows=796046 directRows=0 bitmaskRows=0 lastDictionary=578 lastAccepted=16 branchless=false
[INFO] [stdout] 912.689 ms/op
[INFO] [stdout] 
[INFO] [stdout] 
[INFO] [stdout] Result "org.weakref.nitro.tpcds.BenchmarkQueries.query69":
[INFO] [stdout]   912.689 ms/op
[INFO] [stdout] 
[INFO] [stdout] 
[INFO] [stdout] # JMH version: 1.37
[INFO] [stdout] # VM version: JDK 26.0.1, OpenJDK 64-Bit Server VM, 26.0.1+8
[INFO] [stdout] # VM invoker: /opt/java/openjdk/bin/java
[INFO] [stdout] # VM options: --enable-preview --add-modules=jdk.incubator.vector -Dnitro.clickbench.hits.path= -Dnitro.tpcds.parquet.path=/root/data/tpcds-parquet-sf10 -Dnitro.tpcds.parquet.schema=sf10 -Dnitro.parquet.debugDictionaryFilterSummary=true -Xmx12g -XX:+UseTransparentHugePages
[INFO] [stdout] # Blackhole mode: compiler (auto-detected, use -Djmh.blackhole.autoDetect=false to disable)
[INFO] [stdout] # Warmup: <none>
[INFO] [stdout] # Measurement: 1 iterations, 1 ms each
[INFO] [stdout] # Timeout: 30 min per iteration
[INFO] [stdout] # Threads: 1 thread, will synchronize iterations
[INFO] [stdout] # Benchmark mode: Average time, time/op
[INFO] [stdout] # Benchmark: org.weakref.nitro.tpcds.BenchmarkQueries.query70
[INFO] [stdout] 
[INFO] [stdout] # Run progress: 69.70% complete, ETA 00:00:52
[INFO] [stdout] # Fork: 1 of 1
[INFO] [stdout] WARNING: Using incubator modules: jdk.incubator.vector
[INFO] [stdout] WARNING: A terminally deprecated method in sun.misc.Unsafe has been called
[INFO] [stdout] WARNING: sun.misc.Unsafe::objectFieldOffset has been called by org.openjdk.jmh.util.Utils (file:/root/.m2/repository/org/openjdk/jmh/jmh-core/1.37/jmh-core-1.37.jar)
[INFO] [stdout] WARNING: Please consider reporting this to the maintainers of class org.openjdk.jmh.util.Utils
[INFO] [stdout] WARNING: sun.misc.Unsafe::objectFieldOffset will be removed in a future release
[INFO] [stdout] Iteration   1: WARNING: A restricted method in java.lang.foreign.SymbolLookup has been called
[INFO] [stdout] WARNING: java.lang.foreign.SymbolLookup::libraryLookup has been called by io.airlift.compress.v3.internal.NativeLoader in an unnamed module (file:/root/.m2/repository/io/airlift/aircompressor-v3/3.4/aircompressor-v3-3.4.jar)
[INFO] [stdout] WARNING: Use --enable-native-access=ALL-UNNAMED to avoid a warning for callers in this module
[INFO] [stdout] WARNING: Restricted methods will be blocked in a future release unless native access is enabled
[INFO] [stdout] 
[WARNING] [stderr] [dictionary-filter] kind=LONG optional=true rows=28800991 acceptedRows=5519143 directRows=0 bitmaskRows=0 lastDictionary=578 lastAccepted=123 branchless=true
[WARNING] [stderr] [dictionary-filter] kind=LONG optional=true rows=28800991 acceptedRows=5519143 directRows=0 bitmaskRows=0 lastDictionary=578 lastAccepted=123 branchless=true
[INFO] [stdout] 1408.448 ms/op
[INFO] [stdout] 
[INFO] [stdout] 
[INFO] [stdout] Result "org.weakref.nitro.tpcds.BenchmarkQueries.query70":
[INFO] [stdout]   1408.448 ms/op
[INFO] [stdout] 
[INFO] [stdout] 
[INFO] [stdout] # JMH version: 1.37
[INFO] [stdout] # VM version: JDK 26.0.1, OpenJDK 64-Bit Server VM, 26.0.1+8
[INFO] [stdout] # VM invoker: /opt/java/openjdk/bin/java
[INFO] [stdout] # VM options: --enable-preview --add-modules=jdk.incubator.vector -Dnitro.clickbench.hits.path= -Dnitro.tpcds.parquet.path=/root/data/tpcds-parquet-sf10 -Dnitro.tpcds.parquet.schema=sf10 -Dnitro.parquet.debugDictionaryFilterSummary=true -Xmx12g -XX:+UseTransparentHugePages
[INFO] [stdout] # Blackhole mode: compiler (auto-detected, use -Djmh.blackhole.autoDetect=false to disable)
[INFO] [stdout] # Warmup: <none>
[INFO] [stdout] # Measurement: 1 iterations, 1 ms each
[INFO] [stdout] # Timeout: 30 min per iteration
[INFO] [stdout] # Threads: 1 thread, will synchronize iterations
[INFO] [stdout] # Benchmark mode: Average time, time/op
[INFO] [stdout] # Benchmark: org.weakref.nitro.tpcds.BenchmarkQueries.query71
[INFO] [stdout] 
[INFO] [stdout] # Run progress: 70.71% complete, ETA 00:00:50
[INFO] [stdout] # Fork: 1 of 1
[INFO] [stdout] WARNING: Using incubator modules: jdk.incubator.vector
[INFO] [stdout] WARNING: A terminally deprecated method in sun.misc.Unsafe has been called
[INFO] [stdout] WARNING: sun.misc.Unsafe::objectFieldOffset has been called by org.openjdk.jmh.util.Utils (file:/root/.m2/repository/org/openjdk/jmh/jmh-core/1.37/jmh-core-1.37.jar)
[INFO] [stdout] WARNING: Please consider reporting this to the maintainers of class org.openjdk.jmh.util.Utils
[INFO] [stdout] WARNING: sun.misc.Unsafe::objectFieldOffset will be removed in a future release
[INFO] [stdout] Iteration   1: WARNING: A restricted method in java.lang.foreign.SymbolLookup has been called
[INFO] [stdout] WARNING: java.lang.foreign.SymbolLookup::libraryLookup has been called by io.airlift.compress.v3.internal.NativeLoader in an unnamed module (file:/root/.m2/repository/io/airlift/aircompressor-v3/3.4/aircompressor-v3-3.4.jar)
[INFO] [stdout] WARNING: Use --enable-native-access=ALL-UNNAMED to avoid a warning for callers in this module
[INFO] [stdout] WARNING: Restricted methods will be blocked in a future release unless native access is enabled
[INFO] [stdout] 
[WARNING] [stderr] [dictionary-filter] kind=LONG optional=true rows=7197566 acceptedRows=231915 directRows=6148990 bitmaskRows=0 lastDictionary=1823 lastAccepted=30 branchless=false
[WARNING] [stderr] [dictionary-filter] kind=LONG optional=true rows=14366531 acceptedRows=263347 directRows=0 bitmaskRows=0 lastDictionary=0 lastAccepted=1847 branchless=false
[WARNING] [stderr] [dictionary-filter] kind=LONG optional=true rows=28800991 acceptedRows=879791 directRows=0 bitmaskRows=0 lastDictionary=578 lastAccepted=16 branchless=false
[INFO] [stdout] 699.247 ms/op
[INFO] [stdout] 
[INFO] [stdout] 
[INFO] [stdout] Result "org.weakref.nitro.tpcds.BenchmarkQueries.query71":
[INFO] [stdout]   699.247 ms/op
[INFO] [stdout] 
[INFO] [stdout] 
[INFO] [stdout] # JMH version: 1.37
[INFO] [stdout] # VM version: JDK 26.0.1, OpenJDK 64-Bit Server VM, 26.0.1+8
[INFO] [stdout] # VM invoker: /opt/java/openjdk/bin/java
[INFO] [stdout] # VM options: --enable-preview --add-modules=jdk.incubator.vector -Dnitro.clickbench.hits.path= -Dnitro.tpcds.parquet.path=/root/data/tpcds-parquet-sf10 -Dnitro.tpcds.parquet.schema=sf10 -Dnitro.parquet.debugDictionaryFilterSummary=true -Xmx12g -XX:+UseTransparentHugePages
[INFO] [stdout] # Blackhole mode: compiler (auto-detected, use -Djmh.blackhole.autoDetect=false to disable)
[INFO] [stdout] # Warmup: <none>
[INFO] [stdout] # Measurement: 1 iterations, 1 ms each
[INFO] [stdout] # Timeout: 30 min per iteration
[INFO] [stdout] # Threads: 1 thread, will synchronize iterations
[INFO] [stdout] # Benchmark mode: Average time, time/op
[INFO] [stdout] # Benchmark: org.weakref.nitro.tpcds.BenchmarkQueries.query72
[INFO] [stdout] 
[INFO] [stdout] # Run progress: 71.72% complete, ETA 00:00:48
[INFO] [stdout] # Fork: 1 of 1
[INFO] [stdout] WARNING: Using incubator modules: jdk.incubator.vector
[INFO] [stdout] WARNING: A terminally deprecated method in sun.misc.Unsafe has been called
[INFO] [stdout] WARNING: sun.misc.Unsafe::objectFieldOffset has been called by org.openjdk.jmh.util.Utils (file:/root/.m2/repository/org/openjdk/jmh/jmh-core/1.37/jmh-core-1.37.jar)
[INFO] [stdout] WARNING: Please consider reporting this to the maintainers of class org.openjdk.jmh.util.Utils
[INFO] [stdout] WARNING: sun.misc.Unsafe::objectFieldOffset will be removed in a future release
[INFO] [stdout] Iteration   1: WARNING: A restricted method in java.lang.foreign.SymbolLookup has been called
[INFO] [stdout] WARNING: java.lang.foreign.SymbolLookup::libraryLookup has been called by io.airlift.compress.v3.internal.NativeLoader in an unnamed module (file:/root/.m2/repository/io/airlift/aircompressor-v3/3.4/aircompressor-v3-3.4.jar)
[INFO] [stdout] WARNING: Use --enable-native-access=ALL-UNNAMED to avoid a warning for callers in this module
[INFO] [stdout] WARNING: Restricted methods will be blocked in a future release unless native access is enabled
[INFO] [stdout] 
[WARNING] [stderr] [dictionary-filter] kind=LONG optional=true rows=14401261 acceptedRows=2389909 directRows=0 bitmaskRows=0 lastDictionary=3021 lastAccepted=516 branchless=true
[WARNING] [stderr] [dictionary-filter] kind=INT optional=true rows=73049 acceptedRows=365 directRows=0 bitmaskRows=0 lastDictionary=201 lastAccepted=1 branchless=false
[WARNING] [stderr] [dictionary-filter] kind=LONG optional=true rows=133110000 acceptedRows=26520000 directRows=0 bitmaskRows=0 lastDictionary=19 lastAccepted=6 branchless=true
[WARNING] [stderr] [dictionary-filter] kind=INT optional=true rows=73049 acceptedRows=365 directRows=0 bitmaskRows=0 lastDictionary=201 lastAccepted=1 branchless=false
[INFO] [stdout] 2894.190 ms/op
[INFO] [stdout] 
[INFO] [stdout] 
[INFO] [stdout] Result "org.weakref.nitro.tpcds.BenchmarkQueries.query72":
[INFO] [stdout]   2894.190 ms/op
[INFO] [stdout] 
[INFO] [stdout] 
[INFO] [stdout] # JMH version: 1.37
[INFO] [stdout] # VM version: JDK 26.0.1, OpenJDK 64-Bit Server VM, 26.0.1+8
[INFO] [stdout] # VM invoker: /opt/java/openjdk/bin/java
[INFO] [stdout] # VM options: --enable-preview --add-modules=jdk.incubator.vector -Dnitro.clickbench.hits.path= -Dnitro.tpcds.parquet.path=/root/data/tpcds-parquet-sf10 -Dnitro.tpcds.parquet.schema=sf10 -Dnitro.parquet.debugDictionaryFilterSummary=true -Xmx12g -XX:+UseTransparentHugePages
[INFO] [stdout] # Blackhole mode: compiler (auto-detected, use -Djmh.blackhole.autoDetect=false to disable)
[INFO] [stdout] # Warmup: <none>
[INFO] [stdout] # Measurement: 1 iterations, 1 ms each
[INFO] [stdout] # Timeout: 30 min per iteration
[INFO] [stdout] # Threads: 1 thread, will synchronize iterations
[INFO] [stdout] # Benchmark mode: Average time, time/op
[INFO] [stdout] # Benchmark: org.weakref.nitro.tpcds.BenchmarkQueries.query73
[INFO] [stdout] 
[INFO] [stdout] # Run progress: 72.73% complete, ETA 00:00:47
[INFO] [stdout] # Fork: 1 of 1
[INFO] [stdout] WARNING: Using incubator modules: jdk.incubator.vector
[INFO] [stdout] WARNING: A terminally deprecated method in sun.misc.Unsafe has been called
[INFO] [stdout] WARNING: sun.misc.Unsafe::objectFieldOffset has been called by org.openjdk.jmh.util.Utils (file:/root/.m2/repository/org/openjdk/jmh/jmh-core/1.37/jmh-core-1.37.jar)
[INFO] [stdout] WARNING: Please consider reporting this to the maintainers of class org.openjdk.jmh.util.Utils
[INFO] [stdout] WARNING: sun.misc.Unsafe::objectFieldOffset will be removed in a future release
[INFO] [stdout] Iteration   1: WARNING: A restricted method in java.lang.foreign.SymbolLookup has been called
[INFO] [stdout] WARNING: java.lang.foreign.SymbolLookup::libraryLookup has been called by io.airlift.compress.v3.internal.NativeLoader in an unnamed module (file:/root/.m2/repository/io/airlift/aircompressor-v3/3.4/aircompressor-v3-3.4.jar)
[INFO] [stdout] WARNING: Use --enable-native-access=ALL-UNNAMED to avoid a warning for callers in this module
[INFO] [stdout] WARNING: Restricted methods will be blocked in a future release unless native access is enabled
[INFO] [stdout] 
[WARNING] [stderr] [dictionary-filter] kind=LONG optional=true rows=28800991 acceptedRows=1086621 directRows=0 bitmaskRows=0 lastDictionary=578 lastAccepted=26 branchless=false
[INFO] [stdout] 713.892 ms/op
[INFO] [stdout] 
[INFO] [stdout] 
[INFO] [stdout] Result "org.weakref.nitro.tpcds.BenchmarkQueries.query73":
[INFO] [stdout]   713.892 ms/op
[INFO] [stdout] 
[INFO] [stdout] 
[INFO] [stdout] # JMH version: 1.37
[INFO] [stdout] # VM version: JDK 26.0.1, OpenJDK 64-Bit Server VM, 26.0.1+8
[INFO] [stdout] # VM invoker: /opt/java/openjdk/bin/java
[INFO] [stdout] # VM options: --enable-preview --add-modules=jdk.incubator.vector -Dnitro.clickbench.hits.path= -Dnitro.tpcds.parquet.path=/root/data/tpcds-parquet-sf10 -Dnitro.tpcds.parquet.schema=sf10 -Dnitro.parquet.debugDictionaryFilterSummary=true -Xmx12g -XX:+UseTransparentHugePages
[INFO] [stdout] # Blackhole mode: compiler (auto-detected, use -Djmh.blackhole.autoDetect=false to disable)
[INFO] [stdout] # Warmup: <none>
[INFO] [stdout] # Measurement: 1 iterations, 1 ms each
[INFO] [stdout] # Timeout: 30 min per iteration
[INFO] [stdout] # Threads: 1 thread, will synchronize iterations
[INFO] [stdout] # Benchmark mode: Average time, time/op
[INFO] [stdout] # Benchmark: org.weakref.nitro.tpcds.BenchmarkQueries.query74
[INFO] [stdout] 
[INFO] [stdout] # Run progress: 73.74% complete, ETA 00:00:45
[INFO] [stdout] # Fork: 1 of 1
[INFO] [stdout] WARNING: Using incubator modules: jdk.incubator.vector
[INFO] [stdout] WARNING: A terminally deprecated method in sun.misc.Unsafe has been called
[INFO] [stdout] WARNING: sun.misc.Unsafe::objectFieldOffset has been called by org.openjdk.jmh.util.Utils (file:/root/.m2/repository/org/openjdk/jmh/jmh-core/1.37/jmh-core-1.37.jar)
[INFO] [stdout] WARNING: Please consider reporting this to the maintainers of class org.openjdk.jmh.util.Utils
[INFO] [stdout] WARNING: sun.misc.Unsafe::objectFieldOffset will be removed in a future release
[INFO] [stdout] Iteration   1: WARNING: A restricted method in java.lang.foreign.SymbolLookup has been called
[INFO] [stdout] WARNING: java.lang.foreign.SymbolLookup::libraryLookup has been called by io.airlift.compress.v3.internal.NativeLoader in an unnamed module (file:/root/.m2/repository/io/airlift/aircompressor-v3/3.4/aircompressor-v3-3.4.jar)
[INFO] [stdout] WARNING: Use --enable-native-access=ALL-UNNAMED to avoid a warning for callers in this module
[INFO] [stdout] WARNING: Restricted methods will be blocked in a future release unless native access is enabled
[INFO] [stdout] 
[WARNING] [stderr] [dictionary-filter] kind=INT optional=true rows=73049 acceptedRows=365 directRows=0 bitmaskRows=0 lastDictionary=201 lastAccepted=1 branchless=false
[WARNING] [stderr] [dictionary-filter] kind=INT optional=true rows=73049 acceptedRows=365 directRows=0 bitmaskRows=0 lastDictionary=201 lastAccepted=1 branchless=false
[WARNING] [stderr] [dictionary-filter] kind=INT optional=true rows=73049 acceptedRows=365 directRows=0 bitmaskRows=0 lastDictionary=201 lastAccepted=1 branchless=false
[WARNING] [stderr] [dictionary-filter] kind=INT optional=true rows=73049 acceptedRows=365 directRows=0 bitmaskRows=0 lastDictionary=201 lastAccepted=1 branchless=false
[WARNING] [stderr] [dictionary-filter] kind=LONG optional=true rows=28800991 acceptedRows=5470761 directRows=0 bitmaskRows=0 lastDictionary=578 lastAccepted=108 branchless=true
[WARNING] [stderr] [dictionary-filter] kind=LONG optional=true rows=28800991 acceptedRows=5504626 directRows=0 bitmaskRows=0 lastDictionary=578 lastAccepted=105 branchless=true
[WARNING] [stderr] [dictionary-filter] kind=LONG optional=true rows=7197566 acceptedRows=1432886 directRows=0 bitmaskRows=0 lastDictionary=1823 lastAccepted=364 branchless=true
[WARNING] [stderr] [dictionary-filter] kind=LONG optional=true rows=7197566 acceptedRows=1438846 directRows=0 bitmaskRows=0 lastDictionary=1823 lastAccepted=364 branchless=true
[INFO] [stdout] 2108.906 ms/op
[INFO] [stdout] 
[INFO] [stdout] 
[INFO] [stdout] Result "org.weakref.nitro.tpcds.BenchmarkQueries.query74":
[INFO] [stdout]   2108.906 ms/op
[INFO] [stdout] 
[INFO] [stdout] 
[INFO] [stdout] # JMH version: 1.37
[INFO] [stdout] # VM version: JDK 26.0.1, OpenJDK 64-Bit Server VM, 26.0.1+8
[INFO] [stdout] # VM invoker: /opt/java/openjdk/bin/java
[INFO] [stdout] # VM options: --enable-preview --add-modules=jdk.incubator.vector -Dnitro.clickbench.hits.path= -Dnitro.tpcds.parquet.path=/root/data/tpcds-parquet-sf10 -Dnitro.tpcds.parquet.schema=sf10 -Dnitro.parquet.debugDictionaryFilterSummary=true -Xmx12g -XX:+UseTransparentHugePages
[INFO] [stdout] # Blackhole mode: compiler (auto-detected, use -Djmh.blackhole.autoDetect=false to disable)
[INFO] [stdout] # Warmup: <none>
[INFO] [stdout] # Measurement: 1 iterations, 1 ms each
[INFO] [stdout] # Timeout: 30 min per iteration
[INFO] [stdout] # Threads: 1 thread, will synchronize iterations
[INFO] [stdout] # Benchmark mode: Average time, time/op
[INFO] [stdout] # Benchmark: org.weakref.nitro.tpcds.BenchmarkQueries.query75
[INFO] [stdout] 
[INFO] [stdout] # Run progress: 74.75% complete, ETA 00:00:43
[INFO] [stdout] # Fork: 1 of 1
[INFO] [stdout] WARNING: Using incubator modules: jdk.incubator.vector
[INFO] [stdout] WARNING: A terminally deprecated method in sun.misc.Unsafe has been called
[INFO] [stdout] WARNING: sun.misc.Unsafe::objectFieldOffset has been called by org.openjdk.jmh.util.Utils (file:/root/.m2/repository/org/openjdk/jmh/jmh-core/1.37/jmh-core-1.37.jar)
[INFO] [stdout] WARNING: Please consider reporting this to the maintainers of class org.openjdk.jmh.util.Utils
[INFO] [stdout] WARNING: sun.misc.Unsafe::objectFieldOffset will be removed in a future release
[INFO] [stdout] Iteration   1: WARNING: A restricted method in java.lang.foreign.SymbolLookup has been called
[INFO] [stdout] WARNING: java.lang.foreign.SymbolLookup::libraryLookup has been called by io.airlift.compress.v3.internal.NativeLoader in an unnamed module (file:/root/.m2/repository/io/airlift/aircompressor-v3/3.4/aircompressor-v3-3.4.jar)
[INFO] [stdout] WARNING: Use --enable-native-access=ALL-UNNAMED to avoid a warning for callers in this module
[INFO] [stdout] WARNING: Restricted methods will be blocked in a future release unless native access is enabled
[INFO] [stdout] 
[WARNING] [stderr] [dictionary-filter] kind=LONG optional=true rows=14366531 acceptedRows=1403634 directRows=0 bitmaskRows=14366531 lastDictionary=0 lastAccepted=9942 branchless=false
[WARNING] [stderr] [dictionary-filter] kind=LONG optional=true rows=28791729 acceptedRows=2813887 directRows=0 bitmaskRows=28791729 lastDictionary=0 lastAccepted=9944 branchless=false
[WARNING] [stderr] [dictionary-filter] kind=LONG optional=true rows=7197566 acceptedRows=703910 directRows=0 bitmaskRows=7197566 lastDictionary=101974 lastAccepted=9942 branchless=false
[WARNING] [stderr] [dictionary-filter] kind=LONG optional=true rows=14366531 acceptedRows=1403634 directRows=0 bitmaskRows=14366531 lastDictionary=0 lastAccepted=9942 branchless=false
[WARNING] [stderr] [dictionary-filter] kind=LONG optional=true rows=28791729 acceptedRows=2813887 directRows=0 bitmaskRows=28791729 lastDictionary=0 lastAccepted=9944 branchless=false
[WARNING] [stderr] [dictionary-filter] kind=LONG optional=true rows=7197566 acceptedRows=703910 directRows=0 bitmaskRows=7197566 lastDictionary=101974 lastAccepted=9942 branchless=false
[INFO] [stdout] 2763.448 ms/op
[INFO] [stdout] 
[INFO] [stdout] 
[INFO] [stdout] Result "org.weakref.nitro.tpcds.BenchmarkQueries.query75":
[INFO] [stdout]   2763.448 ms/op
[INFO] [stdout] 
[INFO] [stdout] 
[INFO] [stdout] # JMH version: 1.37
[INFO] [stdout] # VM version: JDK 26.0.1, OpenJDK 64-Bit Server VM, 26.0.1+8
[INFO] [stdout] # VM invoker: /opt/java/openjdk/bin/java
[INFO] [stdout] # VM options: --enable-preview --add-modules=jdk.incubator.vector -Dnitro.clickbench.hits.path= -Dnitro.tpcds.parquet.path=/root/data/tpcds-parquet-sf10 -Dnitro.tpcds.parquet.schema=sf10 -Dnitro.parquet.debugDictionaryFilterSummary=true -Xmx12g -XX:+UseTransparentHugePages
[INFO] [stdout] # Blackhole mode: compiler (auto-detected, use -Djmh.blackhole.autoDetect=false to disable)
[INFO] [stdout] # Warmup: <none>
[INFO] [stdout] # Measurement: 1 iterations, 1 ms each
[INFO] [stdout] # Timeout: 30 min per iteration
[INFO] [stdout] # Threads: 1 thread, will synchronize iterations
[INFO] [stdout] # Benchmark mode: Average time, time/op
[INFO] [stdout] # Benchmark: org.weakref.nitro.tpcds.BenchmarkQueries.query76
[INFO] [stdout] 
[INFO] [stdout] # Run progress: 75.76% complete, ETA 00:00:42
[INFO] [stdout] # Fork: 1 of 1
[INFO] [stdout] WARNING: Using incubator modules: jdk.incubator.vector
[INFO] [stdout] WARNING: A terminally deprecated method in sun.misc.Unsafe has been called
[INFO] [stdout] WARNING: sun.misc.Unsafe::objectFieldOffset has been called by org.openjdk.jmh.util.Utils (file:/root/.m2/repository/org/openjdk/jmh/jmh-core/1.37/jmh-core-1.37.jar)
[INFO] [stdout] WARNING: Please consider reporting this to the maintainers of class org.openjdk.jmh.util.Utils
[INFO] [stdout] WARNING: sun.misc.Unsafe::objectFieldOffset will be removed in a future release
[INFO] [stdout] Iteration   1: WARNING: A restricted method in java.lang.foreign.SymbolLookup has been called
[INFO] [stdout] WARNING: java.lang.foreign.SymbolLookup::libraryLookup has been called by io.airlift.compress.v3.internal.NativeLoader in an unnamed module (file:/root/.m2/repository/io/airlift/aircompressor-v3/3.4/aircompressor-v3-3.4.jar)
[INFO] [stdout] WARNING: Use --enable-native-access=ALL-UNNAMED to avoid a warning for callers in this module
[INFO] [stdout] WARNING: Restricted methods will be blocked in a future release unless native access is enabled
[INFO] [stdout] 
[INFO] [stdout] 861.774 ms/op
[INFO] [stdout] 
[INFO] [stdout] 
[INFO] [stdout] Result "org.weakref.nitro.tpcds.BenchmarkQueries.query76":
[INFO] [stdout]   861.774 ms/op
[INFO] [stdout] 
[INFO] [stdout] 
[INFO] [stdout] # JMH version: 1.37
[INFO] [stdout] # VM version: JDK 26.0.1, OpenJDK 64-Bit Server VM, 26.0.1+8
[INFO] [stdout] # VM invoker: /opt/java/openjdk/bin/java
[INFO] [stdout] # VM options: --enable-preview --add-modules=jdk.incubator.vector -Dnitro.clickbench.hits.path= -Dnitro.tpcds.parquet.path=/root/data/tpcds-parquet-sf10 -Dnitro.tpcds.parquet.schema=sf10 -Dnitro.parquet.debugDictionaryFilterSummary=true -Xmx12g -XX:+UseTransparentHugePages
[INFO] [stdout] # Blackhole mode: compiler (auto-detected, use -Djmh.blackhole.autoDetect=false to disable)
[INFO] [stdout] # Warmup: <none>
[INFO] [stdout] # Measurement: 1 iterations, 1 ms each
[INFO] [stdout] # Timeout: 30 min per iteration
[INFO] [stdout] # Threads: 1 thread, will synchronize iterations
[INFO] [stdout] # Benchmark mode: Average time, time/op
[INFO] [stdout] # Benchmark: org.weakref.nitro.tpcds.BenchmarkQueries.query77
[INFO] [stdout] 
[INFO] [stdout] # Run progress: 76.77% complete, ETA 00:00:40
[INFO] [stdout] # Fork: 1 of 1
[INFO] [stdout] WARNING: Using incubator modules: jdk.incubator.vector
[INFO] [stdout] WARNING: A terminally deprecated method in sun.misc.Unsafe has been called
[INFO] [stdout] WARNING: sun.misc.Unsafe::objectFieldOffset has been called by org.openjdk.jmh.util.Utils (file:/root/.m2/repository/org/openjdk/jmh/jmh-core/1.37/jmh-core-1.37.jar)
[INFO] [stdout] WARNING: Please consider reporting this to the maintainers of class org.openjdk.jmh.util.Utils
[INFO] [stdout] WARNING: sun.misc.Unsafe::objectFieldOffset will be removed in a future release
[INFO] [stdout] Iteration   1: WARNING: A restricted method in java.lang.foreign.SymbolLookup has been called
[INFO] [stdout] WARNING: java.lang.foreign.SymbolLookup::libraryLookup has been called by io.airlift.compress.v3.internal.NativeLoader in an unnamed module (file:/root/.m2/repository/io/airlift/aircompressor-v3/3.4/aircompressor-v3-3.4.jar)
[INFO] [stdout] WARNING: Use --enable-native-access=ALL-UNNAMED to avoid a warning for callers in this module
[INFO] [stdout] WARNING: Restricted methods will be blocked in a future release unless native access is enabled
[INFO] [stdout] 
[WARNING] [stderr] [dictionary-filter] kind=LONG optional=true rows=28800991 acceptedRows=613421 directRows=0 bitmaskRows=0 lastDictionary=578 lastAccepted=13 branchless=false
[WARNING] [stderr] [dictionary-filter] kind=LONG optional=true rows=2875432 acceptedRows=33972 directRows=0 bitmaskRows=0 lastDictionary=2003 lastAccepted=31 branchless=false
[WARNING] [stderr] [dictionary-filter] kind=LONG optional=true rows=14401261 acceptedRows=319484 directRows=0 bitmaskRows=0 lastDictionary=8 lastAccepted=0 branchless=false
[WARNING] [stderr] [dictionary-filter] kind=LONG optional=true rows=1439749 acceptedRows=15145 directRows=0 bitmaskRows=0 lastDictionary=2092 lastAccepted=31 branchless=false
[WARNING] [stderr] [dictionary-filter] kind=LONG optional=true rows=7197566 acceptedRows=162073 directRows=6148990 bitmaskRows=0 lastDictionary=1823 lastAccepted=31 branchless=false
[WARNING] [stderr] [dictionary-filter] kind=LONG optional=true rows=719217 acceptedRows=10242 directRows=0 bitmaskRows=0 lastDictionary=2165 lastAccepted=31 branchless=false
[INFO] [stdout] 654.457 ms/op
[INFO] [stdout] 
[INFO] [stdout] 
[INFO] [stdout] Result "org.weakref.nitro.tpcds.BenchmarkQueries.query77":
[INFO] [stdout]   654.457 ms/op
[INFO] [stdout] 
[INFO] [stdout] 
[INFO] [stdout] # JMH version: 1.37
[INFO] [stdout] # VM version: JDK 26.0.1, OpenJDK 64-Bit Server VM, 26.0.1+8
[INFO] [stdout] # VM invoker: /opt/java/openjdk/bin/java
[INFO] [stdout] # VM options: --enable-preview --add-modules=jdk.incubator.vector -Dnitro.clickbench.hits.path= -Dnitro.tpcds.parquet.path=/root/data/tpcds-parquet-sf10 -Dnitro.tpcds.parquet.schema=sf10 -Dnitro.parquet.debugDictionaryFilterSummary=true -Xmx12g -XX:+UseTransparentHugePages
[INFO] [stdout] # Blackhole mode: compiler (auto-detected, use -Djmh.blackhole.autoDetect=false to disable)
[INFO] [stdout] # Warmup: <none>
[INFO] [stdout] # Measurement: 1 iterations, 1 ms each
[INFO] [stdout] # Timeout: 30 min per iteration
[INFO] [stdout] # Threads: 1 thread, will synchronize iterations
[INFO] [stdout] # Benchmark mode: Average time, time/op
[INFO] [stdout] # Benchmark: org.weakref.nitro.tpcds.BenchmarkQueries.query78
[INFO] [stdout] 
[INFO] [stdout] # Run progress: 77.78% complete, ETA 00:00:38
[INFO] [stdout] # Fork: 1 of 1
[INFO] [stdout] WARNING: Using incubator modules: jdk.incubator.vector
[INFO] [stdout] WARNING: A terminally deprecated method in sun.misc.Unsafe has been called
[INFO] [stdout] WARNING: sun.misc.Unsafe::objectFieldOffset has been called by org.openjdk.jmh.util.Utils (file:/root/.m2/repository/org/openjdk/jmh/jmh-core/1.37/jmh-core-1.37.jar)
[INFO] [stdout] WARNING: Please consider reporting this to the maintainers of class org.openjdk.jmh.util.Utils
[INFO] [stdout] WARNING: sun.misc.Unsafe::objectFieldOffset will be removed in a future release
[INFO] [stdout] Iteration   1: WARNING: A restricted method in java.lang.foreign.SymbolLookup has been called
[INFO] [stdout] WARNING: java.lang.foreign.SymbolLookup::libraryLookup has been called by io.airlift.compress.v3.internal.NativeLoader in an unnamed module (file:/root/.m2/repository/io/airlift/aircompressor-v3/3.4/aircompressor-v3-3.4.jar)
[INFO] [stdout] WARNING: Use --enable-native-access=ALL-UNNAMED to avoid a warning for callers in this module
[INFO] [stdout] WARNING: Restricted methods will be blocked in a future release unless native access is enabled
[INFO] [stdout] 
[WARNING] [stderr] [dictionary-filter] kind=LONG optional=true rows=28800991 acceptedRows=5519143 directRows=0 bitmaskRows=0 lastDictionary=578 lastAccepted=123 branchless=true
[WARNING] [stderr] [dictionary-filter] kind=INT optional=true rows=73049 acceptedRows=366 directRows=0 bitmaskRows=0 lastDictionary=201 lastAccepted=1 branchless=false
[WARNING] [stderr] [dictionary-filter] kind=LONG optional=true rows=7197566 acceptedRows=1446590 directRows=0 bitmaskRows=0 lastDictionary=1823 lastAccepted=366 branchless=true
[WARNING] [stderr] [dictionary-filter] kind=INT optional=true rows=73049 acceptedRows=366 directRows=0 bitmaskRows=0 lastDictionary=201 lastAccepted=1 branchless=false
[WARNING] [stderr] [dictionary-filter] kind=LONG optional=true rows=14401261 acceptedRows=2867400 directRows=0 bitmaskRows=0 lastDictionary=8 lastAccepted=0 branchless=false
[WARNING] [stderr] [dictionary-filter] kind=INT optional=true rows=73049 acceptedRows=366 directRows=0 bitmaskRows=0 lastDictionary=201 lastAccepted=1 branchless=false
[INFO] [stdout] 2899.122 ms/op
[INFO] [stdout] 
[INFO] [stdout] 
[INFO] [stdout] Result "org.weakref.nitro.tpcds.BenchmarkQueries.query78":
[INFO] [stdout]   2899.122 ms/op
[INFO] [stdout] 
[INFO] [stdout] 
[INFO] [stdout] # JMH version: 1.37
[INFO] [stdout] # VM version: JDK 26.0.1, OpenJDK 64-Bit Server VM, 26.0.1+8
[INFO] [stdout] # VM invoker: /opt/java/openjdk/bin/java
[INFO] [stdout] # VM options: --enable-preview --add-modules=jdk.incubator.vector -Dnitro.clickbench.hits.path= -Dnitro.tpcds.parquet.path=/root/data/tpcds-parquet-sf10 -Dnitro.tpcds.parquet.schema=sf10 -Dnitro.parquet.debugDictionaryFilterSummary=true -Xmx12g -XX:+UseTransparentHugePages
[INFO] [stdout] # Blackhole mode: compiler (auto-detected, use -Djmh.blackhole.autoDetect=false to disable)
[INFO] [stdout] # Warmup: <none>
[INFO] [stdout] # Measurement: 1 iterations, 1 ms each
[INFO] [stdout] # Timeout: 30 min per iteration
[INFO] [stdout] # Threads: 1 thread, will synchronize iterations
[INFO] [stdout] # Benchmark mode: Average time, time/op
[INFO] [stdout] # Benchmark: org.weakref.nitro.tpcds.BenchmarkQueries.query79
[INFO] [stdout] 
[INFO] [stdout] # Run progress: 78.79% complete, ETA 00:00:36
[INFO] [stdout] # Fork: 1 of 1
[INFO] [stdout] WARNING: Using incubator modules: jdk.incubator.vector
[INFO] [stdout] WARNING: A terminally deprecated method in sun.misc.Unsafe has been called
[INFO] [stdout] WARNING: sun.misc.Unsafe::objectFieldOffset has been called by org.openjdk.jmh.util.Utils (file:/root/.m2/repository/org/openjdk/jmh/jmh-core/1.37/jmh-core-1.37.jar)
[INFO] [stdout] WARNING: Please consider reporting this to the maintainers of class org.openjdk.jmh.util.Utils
[INFO] [stdout] WARNING: sun.misc.Unsafe::objectFieldOffset will be removed in a future release
[INFO] [stdout] Iteration   1: WARNING: A restricted method in java.lang.foreign.SymbolLookup has been called
[INFO] [stdout] WARNING: java.lang.foreign.SymbolLookup::libraryLookup has been called by io.airlift.compress.v3.internal.NativeLoader in an unnamed module (file:/root/.m2/repository/io/airlift/aircompressor-v3/3.4/aircompressor-v3-3.4.jar)
[INFO] [stdout] WARNING: Use --enable-native-access=ALL-UNNAMED to avoid a warning for callers in this module
[INFO] [stdout] WARNING: Restricted methods will be blocked in a future release unless native access is enabled
[INFO] [stdout] 
[WARNING] [stderr] [dictionary-filter] kind=LONG optional=true rows=28800991 acceptedRows=2355816 directRows=0 bitmaskRows=0 lastDictionary=578 lastAccepted=46 branchless=false
[INFO] [stdout] 1036.125 ms/op
[INFO] [stdout] 
[INFO] [stdout] 
[INFO] [stdout] Result "org.weakref.nitro.tpcds.BenchmarkQueries.query79":
[INFO] [stdout]   1036.125 ms/op
[INFO] [stdout] 
[INFO] [stdout] 
[INFO] [stdout] # JMH version: 1.37
[INFO] [stdout] # VM version: JDK 26.0.1, OpenJDK 64-Bit Server VM, 26.0.1+8
[INFO] [stdout] # VM invoker: /opt/java/openjdk/bin/java
[INFO] [stdout] # VM options: --enable-preview --add-modules=jdk.incubator.vector -Dnitro.clickbench.hits.path= -Dnitro.tpcds.parquet.path=/root/data/tpcds-parquet-sf10 -Dnitro.tpcds.parquet.schema=sf10 -Dnitro.parquet.debugDictionaryFilterSummary=true -Xmx12g -XX:+UseTransparentHugePages
[INFO] [stdout] # Blackhole mode: compiler (auto-detected, use -Djmh.blackhole.autoDetect=false to disable)
[INFO] [stdout] # Warmup: <none>
[INFO] [stdout] # Measurement: 1 iterations, 1 ms each
[INFO] [stdout] # Timeout: 30 min per iteration
[INFO] [stdout] # Threads: 1 thread, will synchronize iterations
[INFO] [stdout] # Benchmark mode: Average time, time/op
[INFO] [stdout] # Benchmark: org.weakref.nitro.tpcds.BenchmarkQueries.query80
[INFO] [stdout] 
[INFO] [stdout] # Run progress: 79.80% complete, ETA 00:00:34
[INFO] [stdout] # Fork: 1 of 1
[INFO] [stdout] WARNING: Using incubator modules: jdk.incubator.vector
[INFO] [stdout] WARNING: A terminally deprecated method in sun.misc.Unsafe has been called
[INFO] [stdout] WARNING: sun.misc.Unsafe::objectFieldOffset has been called by org.openjdk.jmh.util.Utils (file:/root/.m2/repository/org/openjdk/jmh/jmh-core/1.37/jmh-core-1.37.jar)
[INFO] [stdout] WARNING: Please consider reporting this to the maintainers of class org.openjdk.jmh.util.Utils
[INFO] [stdout] WARNING: sun.misc.Unsafe::objectFieldOffset will be removed in a future release
[INFO] [stdout] Iteration   1: WARNING: A restricted method in java.lang.foreign.SymbolLookup has been called
[INFO] [stdout] WARNING: java.lang.foreign.SymbolLookup::libraryLookup has been called by io.airlift.compress.v3.internal.NativeLoader in an unnamed module (file:/root/.m2/repository/io/airlift/aircompressor-v3/3.4/aircompressor-v3-3.4.jar)
[INFO] [stdout] WARNING: Use --enable-native-access=ALL-UNNAMED to avoid a warning for callers in this module
[INFO] [stdout] WARNING: Restricted methods will be blocked in a future release unless native access is enabled
[INFO] [stdout] 
[WARNING] [stderr] [dictionary-filter] kind=LONG optional=true rows=28800991 acceptedRows=613421 directRows=0 bitmaskRows=0 lastDictionary=578 lastAccepted=13 branchless=false
[WARNING] [stderr] [dictionary-filter] kind=LONG optional=true rows=14366531 acceptedRows=792337 directRows=0 bitmaskRows=0 lastDictionary=0 lastAccepted=5691 branchless=false
[WARNING] [stderr] [dictionary-filter] kind=LONG optional=true rows=7197566 acceptedRows=162073 directRows=6148990 bitmaskRows=0 lastDictionary=1823 lastAccepted=31 branchless=false
[INFO] [stdout] 1140.890 ms/op
[INFO] [stdout] 
[INFO] [stdout] 
[INFO] [stdout] Result "org.weakref.nitro.tpcds.BenchmarkQueries.query80":
[INFO] [stdout]   1140.890 ms/op
[INFO] [stdout] 
[INFO] [stdout] 
[INFO] [stdout] # JMH version: 1.37
[INFO] [stdout] # VM version: JDK 26.0.1, OpenJDK 64-Bit Server VM, 26.0.1+8
[INFO] [stdout] # VM invoker: /opt/java/openjdk/bin/java
[INFO] [stdout] # VM options: --enable-preview --add-modules=jdk.incubator.vector -Dnitro.clickbench.hits.path= -Dnitro.tpcds.parquet.path=/root/data/tpcds-parquet-sf10 -Dnitro.tpcds.parquet.schema=sf10 -Dnitro.parquet.debugDictionaryFilterSummary=true -Xmx12g -XX:+UseTransparentHugePages
[INFO] [stdout] # Blackhole mode: compiler (auto-detected, use -Djmh.blackhole.autoDetect=false to disable)
[INFO] [stdout] # Warmup: <none>
[INFO] [stdout] # Measurement: 1 iterations, 1 ms each
[INFO] [stdout] # Timeout: 30 min per iteration
[INFO] [stdout] # Threads: 1 thread, will synchronize iterations
[INFO] [stdout] # Benchmark mode: Average time, time/op
[INFO] [stdout] # Benchmark: org.weakref.nitro.tpcds.BenchmarkQueries.query81
[INFO] [stdout] 
[INFO] [stdout] # Run progress: 80.81% complete, ETA 00:00:33
[INFO] [stdout] # Fork: 1 of 1
[INFO] [stdout] WARNING: Using incubator modules: jdk.incubator.vector
[INFO] [stdout] WARNING: A terminally deprecated method in sun.misc.Unsafe has been called
[INFO] [stdout] WARNING: sun.misc.Unsafe::objectFieldOffset has been called by org.openjdk.jmh.util.Utils (file:/root/.m2/repository/org/openjdk/jmh/jmh-core/1.37/jmh-core-1.37.jar)
[INFO] [stdout] WARNING: Please consider reporting this to the maintainers of class org.openjdk.jmh.util.Utils
[INFO] [stdout] WARNING: sun.misc.Unsafe::objectFieldOffset will be removed in a future release
[INFO] [stdout] Iteration   1: WARNING: A restricted method in java.lang.foreign.SymbolLookup has been called
[INFO] [stdout] WARNING: java.lang.foreign.SymbolLookup::libraryLookup has been called by io.airlift.compress.v3.internal.NativeLoader in an unnamed module (file:/root/.m2/repository/io/airlift/aircompressor-v3/3.4/aircompressor-v3-3.4.jar)
[INFO] [stdout] WARNING: Use --enable-native-access=ALL-UNNAMED to avoid a warning for callers in this module
[INFO] [stdout] WARNING: Restricted methods will be blocked in a future release unless native access is enabled
[INFO] [stdout] 
[WARNING] [stderr] [dictionary-filter] kind=LONG optional=true rows=1439749 acceptedRows=287515 directRows=0 bitmaskRows=0 lastDictionary=2092 lastAccepted=366 branchless=true
[WARNING] [stderr] [dictionary-filter] kind=INT optional=true rows=73049 acceptedRows=366 directRows=0 bitmaskRows=0 lastDictionary=201 lastAccepted=1 branchless=false
[WARNING] [stderr] [dictionary-filter] kind=LONG optional=true rows=1439749 acceptedRows=287515 directRows=0 bitmaskRows=0 lastDictionary=2092 lastAccepted=366 branchless=true
[WARNING] [stderr] [dictionary-filter] kind=INT optional=true rows=73049 acceptedRows=366 directRows=0 bitmaskRows=0 lastDictionary=201 lastAccepted=1 branchless=false
[INFO] [stdout] 902.671 ms/op
[INFO] [stdout] 
[INFO] [stdout] 
[INFO] [stdout] Result "org.weakref.nitro.tpcds.BenchmarkQueries.query81":
[INFO] [stdout]   902.671 ms/op
[INFO] [stdout] 
[INFO] [stdout] 
[INFO] [stdout] # JMH version: 1.37
[INFO] [stdout] # VM version: JDK 26.0.1, OpenJDK 64-Bit Server VM, 26.0.1+8
[INFO] [stdout] # VM invoker: /opt/java/openjdk/bin/java
[INFO] [stdout] # VM options: --enable-preview --add-modules=jdk.incubator.vector -Dnitro.clickbench.hits.path= -Dnitro.tpcds.parquet.path=/root/data/tpcds-parquet-sf10 -Dnitro.tpcds.parquet.schema=sf10 -Dnitro.parquet.debugDictionaryFilterSummary=true -Xmx12g -XX:+UseTransparentHugePages
[INFO] [stdout] # Blackhole mode: compiler (auto-detected, use -Djmh.blackhole.autoDetect=false to disable)
[INFO] [stdout] # Warmup: <none>
[INFO] [stdout] # Measurement: 1 iterations, 1 ms each
[INFO] [stdout] # Timeout: 30 min per iteration
[INFO] [stdout] # Threads: 1 thread, will synchronize iterations
[INFO] [stdout] # Benchmark mode: Average time, time/op
[INFO] [stdout] # Benchmark: org.weakref.nitro.tpcds.BenchmarkQueries.query82
[INFO] [stdout] 
[INFO] [stdout] # Run progress: 81.82% complete, ETA 00:00:31
[INFO] [stdout] # Fork: 1 of 1
[INFO] [stdout] WARNING: Using incubator modules: jdk.incubator.vector
[INFO] [stdout] WARNING: A terminally deprecated method in sun.misc.Unsafe has been called
[INFO] [stdout] WARNING: sun.misc.Unsafe::objectFieldOffset has been called by org.openjdk.jmh.util.Utils (file:/root/.m2/repository/org/openjdk/jmh/jmh-core/1.37/jmh-core-1.37.jar)
[INFO] [stdout] WARNING: Please consider reporting this to the maintainers of class org.openjdk.jmh.util.Utils
[INFO] [stdout] WARNING: sun.misc.Unsafe::objectFieldOffset will be removed in a future release
[INFO] [stdout] Iteration   1: WARNING: A restricted method in java.lang.foreign.SymbolLookup has been called
[INFO] [stdout] WARNING: java.lang.foreign.SymbolLookup::libraryLookup has been called by io.airlift.compress.v3.internal.NativeLoader in an unnamed module (file:/root/.m2/repository/io/airlift/aircompressor-v3/3.4/aircompressor-v3-3.4.jar)
[INFO] [stdout] WARNING: Use --enable-native-access=ALL-UNNAMED to avoid a warning for callers in this module
[INFO] [stdout] WARNING: Restricted methods will be blocked in a future release unless native access is enabled
[INFO] [stdout] 
[INFO] [stdout] 2775.393 ms/op
[INFO] [stdout] 
[INFO] [stdout] 
[INFO] [stdout] Result "org.weakref.nitro.tpcds.BenchmarkQueries.query82":
[INFO] [stdout]   2775.393 ms/op
[INFO] [stdout] 
[INFO] [stdout] 
[INFO] [stdout] # JMH version: 1.37
[INFO] [stdout] # VM version: JDK 26.0.1, OpenJDK 64-Bit Server VM, 26.0.1+8
[INFO] [stdout] # VM invoker: /opt/java/openjdk/bin/java
[INFO] [stdout] # VM options: --enable-preview --add-modules=jdk.incubator.vector -Dnitro.clickbench.hits.path= -Dnitro.tpcds.parquet.path=/root/data/tpcds-parquet-sf10 -Dnitro.tpcds.parquet.schema=sf10 -Dnitro.parquet.debugDictionaryFilterSummary=true -Xmx12g -XX:+UseTransparentHugePages
[INFO] [stdout] # Blackhole mode: compiler (auto-detected, use -Djmh.blackhole.autoDetect=false to disable)
[INFO] [stdout] # Warmup: <none>
[INFO] [stdout] # Measurement: 1 iterations, 1 ms each
[INFO] [stdout] # Timeout: 30 min per iteration
[INFO] [stdout] # Threads: 1 thread, will synchronize iterations
[INFO] [stdout] # Benchmark mode: Average time, time/op
[INFO] [stdout] # Benchmark: org.weakref.nitro.tpcds.BenchmarkQueries.query83
[INFO] [stdout] 
[INFO] [stdout] # Run progress: 82.83% complete, ETA 00:00:29
[INFO] [stdout] # Fork: 1 of 1
[INFO] [stdout] WARNING: Using incubator modules: jdk.incubator.vector
[INFO] [stdout] WARNING: A terminally deprecated method in sun.misc.Unsafe has been called
[INFO] [stdout] WARNING: sun.misc.Unsafe::objectFieldOffset has been called by org.openjdk.jmh.util.Utils (file:/root/.m2/repository/org/openjdk/jmh/jmh-core/1.37/jmh-core-1.37.jar)
[INFO] [stdout] WARNING: Please consider reporting this to the maintainers of class org.openjdk.jmh.util.Utils
[INFO] [stdout] WARNING: sun.misc.Unsafe::objectFieldOffset will be removed in a future release
[INFO] [stdout] Iteration   1: WARNING: A restricted method in java.lang.foreign.SymbolLookup has been called
[INFO] [stdout] WARNING: java.lang.foreign.SymbolLookup::libraryLookup has been called by io.airlift.compress.v3.internal.NativeLoader in an unnamed module (file:/root/.m2/repository/io/airlift/aircompressor-v3/3.4/aircompressor-v3-3.4.jar)
[INFO] [stdout] WARNING: Use --enable-native-access=ALL-UNNAMED to avoid a warning for callers in this module
[INFO] [stdout] WARNING: Restricted methods will be blocked in a future release unless native access is enabled
[INFO] [stdout] 
[WARNING] [stderr] [dictionary-filter] kind=LONG optional=true rows=2875432 acceptedRows=26133 directRows=0 bitmaskRows=0 lastDictionary=2003 lastAccepted=21 branchless=false
[WARNING] [stderr] [dictionary-filter] kind=INT optional=true rows=73049 acceptedRows=21 directRows=0 bitmaskRows=0 lastDictionary=10436 lastAccepted=3 branchless=false
[WARNING] [stderr] [dictionary-filter] kind=LONG optional=true rows=1439749 acceptedRows=13376 directRows=0 bitmaskRows=0 lastDictionary=2092 lastAccepted=21 branchless=false
[WARNING] [stderr] [dictionary-filter] kind=INT optional=true rows=73049 acceptedRows=21 directRows=0 bitmaskRows=0 lastDictionary=10436 lastAccepted=3 branchless=false
[WARNING] [stderr] [dictionary-filter] kind=LONG optional=true rows=719217 acceptedRows=7150 directRows=0 bitmaskRows=0 lastDictionary=2165 lastAccepted=21 branchless=false
[WARNING] [stderr] [dictionary-filter] kind=INT optional=true rows=73049 acceptedRows=21 directRows=0 bitmaskRows=0 lastDictionary=10436 lastAccepted=3 branchless=false
[INFO] [stdout] 460.199 ms/op
[INFO] [stdout] 
[INFO] [stdout] 
[INFO] [stdout] Result "org.weakref.nitro.tpcds.BenchmarkQueries.query83":
[INFO] [stdout]   460.199 ms/op
[INFO] [stdout] 
[INFO] [stdout] 
[INFO] [stdout] # JMH version: 1.37
[INFO] [stdout] # VM version: JDK 26.0.1, OpenJDK 64-Bit Server VM, 26.0.1+8
[INFO] [stdout] # VM invoker: /opt/java/openjdk/bin/java
[INFO] [stdout] # VM options: --enable-preview --add-modules=jdk.incubator.vector -Dnitro.clickbench.hits.path= -Dnitro.tpcds.parquet.path=/root/data/tpcds-parquet-sf10 -Dnitro.tpcds.parquet.schema=sf10 -Dnitro.parquet.debugDictionaryFilterSummary=true -Xmx12g -XX:+UseTransparentHugePages
[INFO] [stdout] # Blackhole mode: compiler (auto-detected, use -Djmh.blackhole.autoDetect=false to disable)
[INFO] [stdout] # Warmup: <none>
[INFO] [stdout] # Measurement: 1 iterations, 1 ms each
[INFO] [stdout] # Timeout: 30 min per iteration
[INFO] [stdout] # Threads: 1 thread, will synchronize iterations
[INFO] [stdout] # Benchmark mode: Average time, time/op
[INFO] [stdout] # Benchmark: org.weakref.nitro.tpcds.BenchmarkQueries.query84
[INFO] [stdout] 
[INFO] [stdout] # Run progress: 83.84% complete, ETA 00:00:27
[INFO] [stdout] # Fork: 1 of 1
[INFO] [stdout] WARNING: Using incubator modules: jdk.incubator.vector
[INFO] [stdout] WARNING: A terminally deprecated method in sun.misc.Unsafe has been called
[INFO] [stdout] WARNING: sun.misc.Unsafe::objectFieldOffset has been called by org.openjdk.jmh.util.Utils (file:/root/.m2/repository/org/openjdk/jmh/jmh-core/1.37/jmh-core-1.37.jar)
[INFO] [stdout] WARNING: Please consider reporting this to the maintainers of class org.openjdk.jmh.util.Utils
[INFO] [stdout] WARNING: sun.misc.Unsafe::objectFieldOffset will be removed in a future release
[INFO] [stdout] Iteration   1: WARNING: A restricted method in java.lang.foreign.SymbolLookup has been called
[INFO] [stdout] WARNING: java.lang.foreign.SymbolLookup::libraryLookup has been called by io.airlift.compress.v3.internal.NativeLoader in an unnamed module (file:/root/.m2/repository/io/airlift/aircompressor-v3/3.4/aircompressor-v3-3.4.jar)
[INFO] [stdout] WARNING: Use --enable-native-access=ALL-UNNAMED to avoid a warning for callers in this module
[INFO] [stdout] WARNING: Restricted methods will be blocked in a future release unless native access is enabled
[INFO] [stdout] 
[WARNING] [stderr] [dictionary-filter] kind=LONG optional=true rows=7200 acceptedRows=1440 directRows=0 bitmaskRows=0 lastDictionary=20 lastAccepted=4 branchless=true
[INFO] [stdout] 360.379 ms/op
[INFO] [stdout] 
[INFO] [stdout] 
[INFO] [stdout] Result "org.weakref.nitro.tpcds.BenchmarkQueries.query84":
[INFO] [stdout]   360.379 ms/op
[INFO] [stdout] 
[INFO] [stdout] 
[INFO] [stdout] # JMH version: 1.37
[INFO] [stdout] # VM version: JDK 26.0.1, OpenJDK 64-Bit Server VM, 26.0.1+8
[INFO] [stdout] # VM invoker: /opt/java/openjdk/bin/java
[INFO] [stdout] # VM options: --enable-preview --add-modules=jdk.incubator.vector -Dnitro.clickbench.hits.path= -Dnitro.tpcds.parquet.path=/root/data/tpcds-parquet-sf10 -Dnitro.tpcds.parquet.schema=sf10 -Dnitro.parquet.debugDictionaryFilterSummary=true -Xmx12g -XX:+UseTransparentHugePages
[INFO] [stdout] # Blackhole mode: compiler (auto-detected, use -Djmh.blackhole.autoDetect=false to disable)
[INFO] [stdout] # Warmup: <none>
[INFO] [stdout] # Measurement: 1 iterations, 1 ms each
[INFO] [stdout] # Timeout: 30 min per iteration
[INFO] [stdout] # Threads: 1 thread, will synchronize iterations
[INFO] [stdout] # Benchmark mode: Average time, time/op
[INFO] [stdout] # Benchmark: org.weakref.nitro.tpcds.BenchmarkQueries.query85
[INFO] [stdout] 
[INFO] [stdout] # Run progress: 84.85% complete, ETA 00:00:25
[INFO] [stdout] # Fork: 1 of 1
[INFO] [stdout] WARNING: Using incubator modules: jdk.incubator.vector
[INFO] [stdout] WARNING: A terminally deprecated method in sun.misc.Unsafe has been called
[INFO] [stdout] WARNING: sun.misc.Unsafe::objectFieldOffset has been called by org.openjdk.jmh.util.Utils (file:/root/.m2/repository/org/openjdk/jmh/jmh-core/1.37/jmh-core-1.37.jar)
[INFO] [stdout] WARNING: Please consider reporting this to the maintainers of class org.openjdk.jmh.util.Utils
[INFO] [stdout] WARNING: sun.misc.Unsafe::objectFieldOffset will be removed in a future release
[INFO] [stdout] Iteration   1: WARNING: A restricted method in java.lang.foreign.SymbolLookup has been called
[INFO] [stdout] WARNING: java.lang.foreign.SymbolLookup::libraryLookup has been called by io.airlift.compress.v3.internal.NativeLoader in an unnamed module (file:/root/.m2/repository/io/airlift/aircompressor-v3/3.4/aircompressor-v3-3.4.jar)
[INFO] [stdout] WARNING: Use --enable-native-access=ALL-UNNAMED to avoid a warning for callers in this module
[INFO] [stdout] WARNING: Restricted methods will be blocked in a future release unless native access is enabled
[INFO] [stdout] 
[WARNING] [stderr] [dictionary-filter] kind=LONG optional=true rows=7197566 acceptedRows=1446590 directRows=0 bitmaskRows=0 lastDictionary=1823 lastAccepted=366 branchless=true
[WARNING] [stderr] [dictionary-filter] kind=INT optional=true rows=73049 acceptedRows=366 directRows=0 bitmaskRows=0 lastDictionary=201 lastAccepted=1 branchless=false
[INFO] [stdout] 1161.457 ms/op
[INFO] [stdout] 
[INFO] [stdout] 
[INFO] [stdout] Result "org.weakref.nitro.tpcds.BenchmarkQueries.query85":
[INFO] [stdout]   1161.457 ms/op
[INFO] [stdout] 
[INFO] [stdout] 
[INFO] [stdout] # JMH version: 1.37
[INFO] [stdout] # VM version: JDK 26.0.1, OpenJDK 64-Bit Server VM, 26.0.1+8
[INFO] [stdout] # VM invoker: /opt/java/openjdk/bin/java
[INFO] [stdout] # VM options: --enable-preview --add-modules=jdk.incubator.vector -Dnitro.clickbench.hits.path= -Dnitro.tpcds.parquet.path=/root/data/tpcds-parquet-sf10 -Dnitro.tpcds.parquet.schema=sf10 -Dnitro.parquet.debugDictionaryFilterSummary=true -Xmx12g -XX:+UseTransparentHugePages
[INFO] [stdout] # Blackhole mode: compiler (auto-detected, use -Djmh.blackhole.autoDetect=false to disable)
[INFO] [stdout] # Warmup: <none>
[INFO] [stdout] # Measurement: 1 iterations, 1 ms each
[INFO] [stdout] # Timeout: 30 min per iteration
[INFO] [stdout] # Threads: 1 thread, will synchronize iterations
[INFO] [stdout] # Benchmark mode: Average time, time/op
[INFO] [stdout] # Benchmark: org.weakref.nitro.tpcds.BenchmarkQueries.query86
[INFO] [stdout] 
[INFO] [stdout] # Run progress: 85.86% complete, ETA 00:00:23
[INFO] [stdout] # Fork: 1 of 1
[INFO] [stdout] WARNING: Using incubator modules: jdk.incubator.vector
[INFO] [stdout] WARNING: A terminally deprecated method in sun.misc.Unsafe has been called
[INFO] [stdout] WARNING: sun.misc.Unsafe::objectFieldOffset has been called by org.openjdk.jmh.util.Utils (file:/root/.m2/repository/org/openjdk/jmh/jmh-core/1.37/jmh-core-1.37.jar)
[INFO] [stdout] WARNING: Please consider reporting this to the maintainers of class org.openjdk.jmh.util.Utils
[INFO] [stdout] WARNING: sun.misc.Unsafe::objectFieldOffset will be removed in a future release
[INFO] [stdout] Iteration   1: WARNING: A restricted method in java.lang.foreign.SymbolLookup has been called
[INFO] [stdout] WARNING: java.lang.foreign.SymbolLookup::libraryLookup has been called by io.airlift.compress.v3.internal.NativeLoader in an unnamed module (file:/root/.m2/repository/io/airlift/aircompressor-v3/3.4/aircompressor-v3-3.4.jar)
[INFO] [stdout] WARNING: Use --enable-native-access=ALL-UNNAMED to avoid a warning for callers in this module
[INFO] [stdout] WARNING: Restricted methods will be blocked in a future release unless native access is enabled
[INFO] [stdout] 
[WARNING] [stderr] [dictionary-filter] kind=LONG optional=true rows=7197566 acceptedRows=1446590 directRows=0 bitmaskRows=0 lastDictionary=1823 lastAccepted=366 branchless=true
[INFO] [stdout] 485.097 ms/op
[INFO] [stdout] 
[INFO] [stdout] 
[INFO] [stdout] Result "org.weakref.nitro.tpcds.BenchmarkQueries.query86":
[INFO] [stdout]   485.097 ms/op
[INFO] [stdout] 
[INFO] [stdout] 
[INFO] [stdout] # JMH version: 1.37
[INFO] [stdout] # VM version: JDK 26.0.1, OpenJDK 64-Bit Server VM, 26.0.1+8
[INFO] [stdout] # VM invoker: /opt/java/openjdk/bin/java
[INFO] [stdout] # VM options: --enable-preview --add-modules=jdk.incubator.vector -Dnitro.clickbench.hits.path= -Dnitro.tpcds.parquet.path=/root/data/tpcds-parquet-sf10 -Dnitro.tpcds.parquet.schema=sf10 -Dnitro.parquet.debugDictionaryFilterSummary=true -Xmx12g -XX:+UseTransparentHugePages
[INFO] [stdout] # Blackhole mode: compiler (auto-detected, use -Djmh.blackhole.autoDetect=false to disable)
[INFO] [stdout] # Warmup: <none>
[INFO] [stdout] # Measurement: 1 iterations, 1 ms each
[INFO] [stdout] # Timeout: 30 min per iteration
[INFO] [stdout] # Threads: 1 thread, will synchronize iterations
[INFO] [stdout] # Benchmark mode: Average time, time/op
[INFO] [stdout] # Benchmark: org.weakref.nitro.tpcds.BenchmarkQueries.query87
[INFO] [stdout] 
[INFO] [stdout] # Run progress: 86.87% complete, ETA 00:00:22
[INFO] [stdout] # Fork: 1 of 1
[INFO] [stdout] WARNING: Using incubator modules: jdk.incubator.vector
[INFO] [stdout] WARNING: A terminally deprecated method in sun.misc.Unsafe has been called
[INFO] [stdout] WARNING: sun.misc.Unsafe::objectFieldOffset has been called by org.openjdk.jmh.util.Utils (file:/root/.m2/repository/org/openjdk/jmh/jmh-core/1.37/jmh-core-1.37.jar)
[INFO] [stdout] WARNING: Please consider reporting this to the maintainers of class org.openjdk.jmh.util.Utils
[INFO] [stdout] WARNING: sun.misc.Unsafe::objectFieldOffset will be removed in a future release
[INFO] [stdout] Iteration   1: WARNING: A restricted method in java.lang.foreign.SymbolLookup has been called
[INFO] [stdout] WARNING: java.lang.foreign.SymbolLookup::libraryLookup has been called by io.airlift.compress.v3.internal.NativeLoader in an unnamed module (file:/root/.m2/repository/io/airlift/aircompressor-v3/3.4/aircompressor-v3-3.4.jar)
[INFO] [stdout] WARNING: Use --enable-native-access=ALL-UNNAMED to avoid a warning for callers in this module
[INFO] [stdout] WARNING: Restricted methods will be blocked in a future release unless native access is enabled
[INFO] [stdout] 
[WARNING] [stderr] [dictionary-filter] kind=LONG optional=true rows=28800991 acceptedRows=5519143 directRows=0 bitmaskRows=0 lastDictionary=578 lastAccepted=123 branchless=true
[WARNING] [stderr] [dictionary-filter] kind=LONG optional=true rows=14401261 acceptedRows=2867400 directRows=0 bitmaskRows=0 lastDictionary=8 lastAccepted=0 branchless=false
[WARNING] [stderr] [dictionary-filter] kind=LONG optional=true rows=7197566 acceptedRows=1446590 directRows=0 bitmaskRows=0 lastDictionary=1823 lastAccepted=366 branchless=true
[INFO] [stdout] 1613.014 ms/op
[INFO] [stdout] 
[INFO] [stdout] 
[INFO] [stdout] Result "org.weakref.nitro.tpcds.BenchmarkQueries.query87":
[INFO] [stdout]   1613.014 ms/op
[INFO] [stdout] 
[INFO] [stdout] 
[INFO] [stdout] # JMH version: 1.37
[INFO] [stdout] # VM version: JDK 26.0.1, OpenJDK 64-Bit Server VM, 26.0.1+8
[INFO] [stdout] # VM invoker: /opt/java/openjdk/bin/java
[INFO] [stdout] # VM options: --enable-preview --add-modules=jdk.incubator.vector -Dnitro.clickbench.hits.path= -Dnitro.tpcds.parquet.path=/root/data/tpcds-parquet-sf10 -Dnitro.tpcds.parquet.schema=sf10 -Dnitro.parquet.debugDictionaryFilterSummary=true -Xmx12g -XX:+UseTransparentHugePages
[INFO] [stdout] # Blackhole mode: compiler (auto-detected, use -Djmh.blackhole.autoDetect=false to disable)
[INFO] [stdout] # Warmup: <none>
[INFO] [stdout] # Measurement: 1 iterations, 1 ms each
[INFO] [stdout] # Timeout: 30 min per iteration
[INFO] [stdout] # Threads: 1 thread, will synchronize iterations
[INFO] [stdout] # Benchmark mode: Average time, time/op
[INFO] [stdout] # Benchmark: org.weakref.nitro.tpcds.BenchmarkQueries.query88
[INFO] [stdout] 
[INFO] [stdout] # Run progress: 87.88% complete, ETA 00:00:20
[INFO] [stdout] # Fork: 1 of 1
[INFO] [stdout] WARNING: Using incubator modules: jdk.incubator.vector
[INFO] [stdout] WARNING: A terminally deprecated method in sun.misc.Unsafe has been called
[INFO] [stdout] WARNING: sun.misc.Unsafe::objectFieldOffset has been called by org.openjdk.jmh.util.Utils (file:/root/.m2/repository/org/openjdk/jmh/jmh-core/1.37/jmh-core-1.37.jar)
[INFO] [stdout] WARNING: Please consider reporting this to the maintainers of class org.openjdk.jmh.util.Utils
[INFO] [stdout] WARNING: sun.misc.Unsafe::objectFieldOffset will be removed in a future release
[INFO] [stdout] Iteration   1: WARNING: A restricted method in java.lang.foreign.SymbolLookup has been called
[INFO] [stdout] WARNING: java.lang.foreign.SymbolLookup::libraryLookup has been called by io.airlift.compress.v3.internal.NativeLoader in an unnamed module (file:/root/.m2/repository/io/airlift/aircompressor-v3/3.4/aircompressor-v3-3.4.jar)
[INFO] [stdout] WARNING: Use --enable-native-access=ALL-UNNAMED to avoid a warning for callers in this module
[INFO] [stdout] WARNING: Restricted methods will be blocked in a future release unless native access is enabled
[INFO] [stdout] 
[WARNING] [stderr] [dictionary-filter] kind=LONG optional=true rows=28800991 acceptedRows=551977 directRows=0 bitmaskRows=0 lastDictionary=767 lastAccepted=13 branchless=false
[WARNING] [stderr] [dictionary-filter] kind=LONG optional=true rows=28800991 acceptedRows=1105793 directRows=0 bitmaskRows=0 lastDictionary=767 lastAccepted=32 branchless=false
[WARNING] [stderr] [dictionary-filter] kind=LONG optional=true rows=28800991 acceptedRows=1100580 directRows=0 bitmaskRows=0 lastDictionary=767 lastAccepted=30 branchless=false
[WARNING] [stderr] [dictionary-filter] kind=LONG optional=true rows=28800991 acceptedRows=1645352 directRows=0 bitmaskRows=0 lastDictionary=767 lastAccepted=44 branchless=false
[WARNING] [stderr] [dictionary-filter] kind=LONG optional=true rows=28800991 acceptedRows=1657729 directRows=0 bitmaskRows=0 lastDictionary=767 lastAccepted=42 branchless=false
[WARNING] [stderr] [dictionary-filter] kind=LONG optional=true rows=28800991 acceptedRows=958094 directRows=0 bitmaskRows=0 lastDictionary=767 lastAccepted=25 branchless=false
[WARNING] [stderr] [dictionary-filter] kind=LONG optional=true rows=28800991 acceptedRows=956288 directRows=0 bitmaskRows=0 lastDictionary=767 lastAccepted=25 branchless=false
[WARNING] [stderr] [dictionary-filter] kind=LONG optional=true rows=28800991 acceptedRows=1100338 directRows=0 bitmaskRows=0 lastDictionary=767 lastAccepted=32 branchless=false
[INFO] [stdout] 1553.487 ms/op
[INFO] [stdout] 
[INFO] [stdout] 
[INFO] [stdout] Result "org.weakref.nitro.tpcds.BenchmarkQueries.query88":
[INFO] [stdout]   1553.487 ms/op
[INFO] [stdout] 
[INFO] [stdout] 
[INFO] [stdout] # JMH version: 1.37
[INFO] [stdout] # VM version: JDK 26.0.1, OpenJDK 64-Bit Server VM, 26.0.1+8
[INFO] [stdout] # VM invoker: /opt/java/openjdk/bin/java
[INFO] [stdout] # VM options: --enable-preview --add-modules=jdk.incubator.vector -Dnitro.clickbench.hits.path= -Dnitro.tpcds.parquet.path=/root/data/tpcds-parquet-sf10 -Dnitro.tpcds.parquet.schema=sf10 -Dnitro.parquet.debugDictionaryFilterSummary=true -Xmx12g -XX:+UseTransparentHugePages
[INFO] [stdout] # Blackhole mode: compiler (auto-detected, use -Djmh.blackhole.autoDetect=false to disable)
[INFO] [stdout] # Warmup: <none>
[INFO] [stdout] # Measurement: 1 iterations, 1 ms each
[INFO] [stdout] # Timeout: 30 min per iteration
[INFO] [stdout] # Threads: 1 thread, will synchronize iterations
[INFO] [stdout] # Benchmark mode: Average time, time/op
[INFO] [stdout] # Benchmark: org.weakref.nitro.tpcds.BenchmarkQueries.query89
[INFO] [stdout] 
[INFO] [stdout] # Run progress: 88.89% complete, ETA 00:00:18
[INFO] [stdout] # Fork: 1 of 1
[INFO] [stdout] WARNING: Using incubator modules: jdk.incubator.vector
[INFO] [stdout] WARNING: A terminally deprecated method in sun.misc.Unsafe has been called
[INFO] [stdout] WARNING: sun.misc.Unsafe::objectFieldOffset has been called by org.openjdk.jmh.util.Utils (file:/root/.m2/repository/org/openjdk/jmh/jmh-core/1.37/jmh-core-1.37.jar)
[INFO] [stdout] WARNING: Please consider reporting this to the maintainers of class org.openjdk.jmh.util.Utils
[INFO] [stdout] WARNING: sun.misc.Unsafe::objectFieldOffset will be removed in a future release
[INFO] [stdout] Iteration   1: WARNING: A restricted method in java.lang.foreign.SymbolLookup has been called
[INFO] [stdout] WARNING: java.lang.foreign.SymbolLookup::libraryLookup has been called by io.airlift.compress.v3.internal.NativeLoader in an unnamed module (file:/root/.m2/repository/io/airlift/aircompressor-v3/3.4/aircompressor-v3-3.4.jar)
[INFO] [stdout] WARNING: Use --enable-native-access=ALL-UNNAMED to avoid a warning for callers in this module
[INFO] [stdout] WARNING: Restricted methods will be blocked in a future release unless native access is enabled
[INFO] [stdout] 
[WARNING] [stderr] [dictionary-filter] kind=LONG optional=true rows=28791729 acceptedRows=2154455 directRows=0 bitmaskRows=28791729 lastDictionary=0 lastAccepted=7651 branchless=false
[WARNING] [stderr] [dictionary-filter] kind=INT optional=true rows=73049 acceptedRows=365 directRows=0 bitmaskRows=0 lastDictionary=201 lastAccepted=1 branchless=false
[INFO] [stdout] 791.909 ms/op
[INFO] [stdout] 
[INFO] [stdout] 
[INFO] [stdout] Result "org.weakref.nitro.tpcds.BenchmarkQueries.query89":
[INFO] [stdout]   791.909 ms/op
[INFO] [stdout] 
[INFO] [stdout] 
[INFO] [stdout] # JMH version: 1.37
[INFO] [stdout] # VM version: JDK 26.0.1, OpenJDK 64-Bit Server VM, 26.0.1+8
[INFO] [stdout] # VM invoker: /opt/java/openjdk/bin/java
[INFO] [stdout] # VM options: --enable-preview --add-modules=jdk.incubator.vector -Dnitro.clickbench.hits.path= -Dnitro.tpcds.parquet.path=/root/data/tpcds-parquet-sf10 -Dnitro.tpcds.parquet.schema=sf10 -Dnitro.parquet.debugDictionaryFilterSummary=true -Xmx12g -XX:+UseTransparentHugePages
[INFO] [stdout] # Blackhole mode: compiler (auto-detected, use -Djmh.blackhole.autoDetect=false to disable)
[INFO] [stdout] # Warmup: <none>
[INFO] [stdout] # Measurement: 1 iterations, 1 ms each
[INFO] [stdout] # Timeout: 30 min per iteration
[INFO] [stdout] # Threads: 1 thread, will synchronize iterations
[INFO] [stdout] # Benchmark mode: Average time, time/op
[INFO] [stdout] # Benchmark: org.weakref.nitro.tpcds.BenchmarkQueries.query90
[INFO] [stdout] 
[INFO] [stdout] # Run progress: 89.90% complete, ETA 00:00:16
[INFO] [stdout] # Fork: 1 of 1
[INFO] [stdout] WARNING: Using incubator modules: jdk.incubator.vector
[INFO] [stdout] WARNING: A terminally deprecated method in sun.misc.Unsafe has been called
[INFO] [stdout] WARNING: sun.misc.Unsafe::objectFieldOffset has been called by org.openjdk.jmh.util.Utils (file:/root/.m2/repository/org/openjdk/jmh/jmh-core/1.37/jmh-core-1.37.jar)
[INFO] [stdout] WARNING: Please consider reporting this to the maintainers of class org.openjdk.jmh.util.Utils
[INFO] [stdout] WARNING: sun.misc.Unsafe::objectFieldOffset will be removed in a future release
[INFO] [stdout] Iteration   1: WARNING: A restricted method in java.lang.foreign.SymbolLookup has been called
[INFO] [stdout] WARNING: java.lang.foreign.SymbolLookup::libraryLookup has been called by io.airlift.compress.v3.internal.NativeLoader in an unnamed module (file:/root/.m2/repository/io/airlift/aircompressor-v3/3.4/aircompressor-v3-3.4.jar)
[INFO] [stdout] WARNING: Use --enable-native-access=ALL-UNNAMED to avoid a warning for callers in this module
[INFO] [stdout] WARNING: Restricted methods will be blocked in a future release unless native access is enabled
[INFO] [stdout] 
[WARNING] [stderr] [dictionary-filter] kind=LONG optional=true rows=7197566 acceptedRows=113933 directRows=0 bitmaskRows=0 lastDictionary=200 lastAccepted=3 branchless=false
[WARNING] [stderr] [dictionary-filter] kind=INT optional=true rows=7200 acceptedRows=720 directRows=0 bitmaskRows=7200 lastDictionary=10 lastAccepted=1 branchless=false
[WARNING] [stderr] [dictionary-filter] kind=LONG optional=true rows=7197566 acceptedRows=113933 directRows=0 bitmaskRows=0 lastDictionary=200 lastAccepted=3 branchless=false
[WARNING] [stderr] [dictionary-filter] kind=INT optional=true rows=7200 acceptedRows=720 directRows=0 bitmaskRows=7200 lastDictionary=10 lastAccepted=1 branchless=false
[INFO] [stdout] 464.040 ms/op
[INFO] [stdout] 
[INFO] [stdout] 
[INFO] [stdout] Result "org.weakref.nitro.tpcds.BenchmarkQueries.query90":
[INFO] [stdout]   464.040 ms/op
[INFO] [stdout] 
[INFO] [stdout] 
[INFO] [stdout] # JMH version: 1.37
[INFO] [stdout] # VM version: JDK 26.0.1, OpenJDK 64-Bit Server VM, 26.0.1+8
[INFO] [stdout] # VM invoker: /opt/java/openjdk/bin/java
[INFO] [stdout] # VM options: --enable-preview --add-modules=jdk.incubator.vector -Dnitro.clickbench.hits.path= -Dnitro.tpcds.parquet.path=/root/data/tpcds-parquet-sf10 -Dnitro.tpcds.parquet.schema=sf10 -Dnitro.parquet.debugDictionaryFilterSummary=true -Xmx12g -XX:+UseTransparentHugePages
[INFO] [stdout] # Blackhole mode: compiler (auto-detected, use -Djmh.blackhole.autoDetect=false to disable)
[INFO] [stdout] # Warmup: <none>
[INFO] [stdout] # Measurement: 1 iterations, 1 ms each
[INFO] [stdout] # Timeout: 30 min per iteration
[INFO] [stdout] # Threads: 1 thread, will synchronize iterations
[INFO] [stdout] # Benchmark mode: Average time, time/op
[INFO] [stdout] # Benchmark: org.weakref.nitro.tpcds.BenchmarkQueries.query91
[INFO] [stdout] 
[INFO] [stdout] # Run progress: 90.91% complete, ETA 00:00:15
[INFO] [stdout] # Fork: 1 of 1
[INFO] [stdout] WARNING: Using incubator modules: jdk.incubator.vector
[INFO] [stdout] WARNING: A terminally deprecated method in sun.misc.Unsafe has been called
[INFO] [stdout] WARNING: sun.misc.Unsafe::objectFieldOffset has been called by org.openjdk.jmh.util.Utils (file:/root/.m2/repository/org/openjdk/jmh/jmh-core/1.37/jmh-core-1.37.jar)
[INFO] [stdout] WARNING: Please consider reporting this to the maintainers of class org.openjdk.jmh.util.Utils
[INFO] [stdout] WARNING: sun.misc.Unsafe::objectFieldOffset will be removed in a future release
[INFO] [stdout] Iteration   1: WARNING: A restricted method in java.lang.foreign.SymbolLookup has been called
[INFO] [stdout] WARNING: java.lang.foreign.SymbolLookup::libraryLookup has been called by io.airlift.compress.v3.internal.NativeLoader in an unnamed module (file:/root/.m2/repository/io/airlift/aircompressor-v3/3.4/aircompressor-v3-3.4.jar)
[INFO] [stdout] WARNING: Use --enable-native-access=ALL-UNNAMED to avoid a warning for callers in this module
[INFO] [stdout] WARNING: Restricted methods will be blocked in a future release unless native access is enabled
[INFO] [stdout] 
[WARNING] [stderr] [dictionary-filter] kind=LONG optional=true rows=1439749 acceptedRows=19528 directRows=0 bitmaskRows=0 lastDictionary=2092 lastAccepted=30 branchless=false
[INFO] [stdout] 442.481 ms/op
[INFO] [stdout] 
[INFO] [stdout] 
[INFO] [stdout] Result "org.weakref.nitro.tpcds.BenchmarkQueries.query91":
[INFO] [stdout]   442.481 ms/op
[INFO] [stdout] 
[INFO] [stdout] 
[INFO] [stdout] # JMH version: 1.37
[INFO] [stdout] # VM version: JDK 26.0.1, OpenJDK 64-Bit Server VM, 26.0.1+8
[INFO] [stdout] # VM invoker: /opt/java/openjdk/bin/java
[INFO] [stdout] # VM options: --enable-preview --add-modules=jdk.incubator.vector -Dnitro.clickbench.hits.path= -Dnitro.tpcds.parquet.path=/root/data/tpcds-parquet-sf10 -Dnitro.tpcds.parquet.schema=sf10 -Dnitro.parquet.debugDictionaryFilterSummary=true -Xmx12g -XX:+UseTransparentHugePages
[INFO] [stdout] # Blackhole mode: compiler (auto-detected, use -Djmh.blackhole.autoDetect=false to disable)
[INFO] [stdout] # Warmup: <none>
[INFO] [stdout] # Measurement: 1 iterations, 1 ms each
[INFO] [stdout] # Timeout: 30 min per iteration
[INFO] [stdout] # Threads: 1 thread, will synchronize iterations
[INFO] [stdout] # Benchmark mode: Average time, time/op
[INFO] [stdout] # Benchmark: org.weakref.nitro.tpcds.BenchmarkQueries.query92
[INFO] [stdout] 
[INFO] [stdout] # Run progress: 91.92% complete, ETA 00:00:13
[INFO] [stdout] # Fork: 1 of 1
[INFO] [stdout] WARNING: Using incubator modules: jdk.incubator.vector
[INFO] [stdout] WARNING: A terminally deprecated method in sun.misc.Unsafe has been called
[INFO] [stdout] WARNING: sun.misc.Unsafe::objectFieldOffset has been called by org.openjdk.jmh.util.Utils (file:/root/.m2/repository/org/openjdk/jmh/jmh-core/1.37/jmh-core-1.37.jar)
[INFO] [stdout] WARNING: Please consider reporting this to the maintainers of class org.openjdk.jmh.util.Utils
[INFO] [stdout] WARNING: sun.misc.Unsafe::objectFieldOffset will be removed in a future release
[INFO] [stdout] Iteration   1: WARNING: A restricted method in java.lang.foreign.SymbolLookup has been called
[INFO] [stdout] WARNING: java.lang.foreign.SymbolLookup::libraryLookup has been called by io.airlift.compress.v3.internal.NativeLoader in an unnamed module (file:/root/.m2/repository/io/airlift/aircompressor-v3/3.4/aircompressor-v3-3.4.jar)
[INFO] [stdout] WARNING: Use --enable-native-access=ALL-UNNAMED to avoid a warning for callers in this module
[INFO] [stdout] WARNING: Restricted methods will be blocked in a future release unless native access is enabled
[INFO] [stdout] 
[WARNING] [stderr] [dictionary-filter] kind=LONG optional=true rows=7197566 acceptedRows=6642 directRows=0 bitmaskRows=0 lastDictionary=101974 lastAccepted=100 branchless=false
[WARNING] [stderr] [dictionary-filter] kind=INT optional=true rows=102000 acceptedRows=100 directRows=0 bitmaskRows=0 lastDictionary=1000 lastAccepted=1 branchless=false
[WARNING] [stderr] [dictionary-filter] kind=LONG optional=true rows=7197566 acceptedRows=205515 directRows=0 bitmaskRows=0 lastDictionary=1823 lastAccepted=91 branchless=false
[INFO] [stdout] 492.802 ms/op
[INFO] [stdout] 
[INFO] [stdout] 
[INFO] [stdout] Result "org.weakref.nitro.tpcds.BenchmarkQueries.query92":
[INFO] [stdout]   492.802 ms/op
[INFO] [stdout] 
[INFO] [stdout] 
[INFO] [stdout] # JMH version: 1.37
[INFO] [stdout] # VM version: JDK 26.0.1, OpenJDK 64-Bit Server VM, 26.0.1+8
[INFO] [stdout] # VM invoker: /opt/java/openjdk/bin/java
[INFO] [stdout] # VM options: --enable-preview --add-modules=jdk.incubator.vector -Dnitro.clickbench.hits.path= -Dnitro.tpcds.parquet.path=/root/data/tpcds-parquet-sf10 -Dnitro.tpcds.parquet.schema=sf10 -Dnitro.parquet.debugDictionaryFilterSummary=true -Xmx12g -XX:+UseTransparentHugePages
[INFO] [stdout] # Blackhole mode: compiler (auto-detected, use -Djmh.blackhole.autoDetect=false to disable)
[INFO] [stdout] # Warmup: <none>
[INFO] [stdout] # Measurement: 1 iterations, 1 ms each
[INFO] [stdout] # Timeout: 30 min per iteration
[INFO] [stdout] # Threads: 1 thread, will synchronize iterations
[INFO] [stdout] # Benchmark mode: Average time, time/op
[INFO] [stdout] # Benchmark: org.weakref.nitro.tpcds.BenchmarkQueries.query93
[INFO] [stdout] 
[INFO] [stdout] # Run progress: 92.93% complete, ETA 00:00:11
[INFO] [stdout] # Fork: 1 of 1
[INFO] [stdout] WARNING: Using incubator modules: jdk.incubator.vector
[INFO] [stdout] WARNING: A terminally deprecated method in sun.misc.Unsafe has been called
[INFO] [stdout] WARNING: sun.misc.Unsafe::objectFieldOffset has been called by org.openjdk.jmh.util.Utils (file:/root/.m2/repository/org/openjdk/jmh/jmh-core/1.37/jmh-core-1.37.jar)
[INFO] [stdout] WARNING: Please consider reporting this to the maintainers of class org.openjdk.jmh.util.Utils
[INFO] [stdout] WARNING: sun.misc.Unsafe::objectFieldOffset will be removed in a future release
[INFO] [stdout] Iteration   1: WARNING: A restricted method in java.lang.foreign.SymbolLookup has been called
[INFO] [stdout] WARNING: java.lang.foreign.SymbolLookup::libraryLookup has been called by io.airlift.compress.v3.internal.NativeLoader in an unnamed module (file:/root/.m2/repository/io/airlift/aircompressor-v3/3.4/aircompressor-v3-3.4.jar)
[INFO] [stdout] WARNING: Use --enable-native-access=ALL-UNNAMED to avoid a warning for callers in this module
[INFO] [stdout] WARNING: Restricted methods will be blocked in a future release unless native access is enabled
[INFO] [stdout] 
[WARNING] [stderr] [dictionary-filter] kind=LONG optional=true rows=17052097 acceptedRows=449196 directRows=0 bitmaskRows=0 lastDictionary=773 lastAccepted=15 branchless=false
[WARNING] [stderr] [dictionary-filter] kind=LONG optional=true rows=2875432 acceptedRows=61472 directRows=0 bitmaskRows=0 lastDictionary=45 lastAccepted=1 branchless=false
[INFO] [stdout] 1158.469 ms/op
[INFO] [stdout] 
[INFO] [stdout] 
[INFO] [stdout] Result "org.weakref.nitro.tpcds.BenchmarkQueries.query93":
[INFO] [stdout]   1158.469 ms/op
[INFO] [stdout] 
[INFO] [stdout] 
[INFO] [stdout] # JMH version: 1.37
[INFO] [stdout] # VM version: JDK 26.0.1, OpenJDK 64-Bit Server VM, 26.0.1+8
[INFO] [stdout] # VM invoker: /opt/java/openjdk/bin/java
[INFO] [stdout] # VM options: --enable-preview --add-modules=jdk.incubator.vector -Dnitro.clickbench.hits.path= -Dnitro.tpcds.parquet.path=/root/data/tpcds-parquet-sf10 -Dnitro.tpcds.parquet.schema=sf10 -Dnitro.parquet.debugDictionaryFilterSummary=true -Xmx12g -XX:+UseTransparentHugePages
[INFO] [stdout] # Blackhole mode: compiler (auto-detected, use -Djmh.blackhole.autoDetect=false to disable)
[INFO] [stdout] # Warmup: <none>
[INFO] [stdout] # Measurement: 1 iterations, 1 ms each
[INFO] [stdout] # Timeout: 30 min per iteration
[INFO] [stdout] # Threads: 1 thread, will synchronize iterations
[INFO] [stdout] # Benchmark mode: Average time, time/op
[INFO] [stdout] # Benchmark: org.weakref.nitro.tpcds.BenchmarkQueries.query94
[INFO] [stdout] 
[INFO] [stdout] # Run progress: 93.94% complete, ETA 00:00:09
[INFO] [stdout] # Fork: 1 of 1
[INFO] [stdout] WARNING: Using incubator modules: jdk.incubator.vector
[INFO] [stdout] WARNING: A terminally deprecated method in sun.misc.Unsafe has been called
[INFO] [stdout] WARNING: sun.misc.Unsafe::objectFieldOffset has been called by org.openjdk.jmh.util.Utils (file:/root/.m2/repository/org/openjdk/jmh/jmh-core/1.37/jmh-core-1.37.jar)
[INFO] [stdout] WARNING: Please consider reporting this to the maintainers of class org.openjdk.jmh.util.Utils
[INFO] [stdout] WARNING: sun.misc.Unsafe::objectFieldOffset will be removed in a future release
[INFO] [stdout] Iteration   1: WARNING: A restricted method in java.lang.foreign.SymbolLookup has been called
[INFO] [stdout] WARNING: java.lang.foreign.SymbolLookup::libraryLookup has been called by io.airlift.compress.v3.internal.NativeLoader in an unnamed module (file:/root/.m2/repository/io/airlift/aircompressor-v3/3.4/aircompressor-v3-3.4.jar)
[INFO] [stdout] WARNING: Use --enable-native-access=ALL-UNNAMED to avoid a warning for callers in this module
[INFO] [stdout] WARNING: Restricted methods will be blocked in a future release unless native access is enabled
[INFO] [stdout] 
[WARNING] [stderr] [dictionary-filter] kind=LONG optional=true rows=7197566 acceptedRows=303622 directRows=0 bitmaskRows=0 lastDictionary=1946 lastAccepted=61 branchless=false
[INFO] [stdout] 2404.328 ms/op
[INFO] [stdout] 
[INFO] [stdout] 
[INFO] [stdout] Result "org.weakref.nitro.tpcds.BenchmarkQueries.query94":
[INFO] [stdout]   2404.328 ms/op
[INFO] [stdout] 
[INFO] [stdout] 
[INFO] [stdout] # JMH version: 1.37
[INFO] [stdout] # VM version: JDK 26.0.1, OpenJDK 64-Bit Server VM, 26.0.1+8
[INFO] [stdout] # VM invoker: /opt/java/openjdk/bin/java
[INFO] [stdout] # VM options: --enable-preview --add-modules=jdk.incubator.vector -Dnitro.clickbench.hits.path= -Dnitro.tpcds.parquet.path=/root/data/tpcds-parquet-sf10 -Dnitro.tpcds.parquet.schema=sf10 -Dnitro.parquet.debugDictionaryFilterSummary=true -Xmx12g -XX:+UseTransparentHugePages
[INFO] [stdout] # Blackhole mode: compiler (auto-detected, use -Djmh.blackhole.autoDetect=false to disable)
[INFO] [stdout] # Warmup: <none>
[INFO] [stdout] # Measurement: 1 iterations, 1 ms each
[INFO] [stdout] # Timeout: 30 min per iteration
[INFO] [stdout] # Threads: 1 thread, will synchronize iterations
[INFO] [stdout] # Benchmark mode: Average time, time/op
[INFO] [stdout] # Benchmark: org.weakref.nitro.tpcds.BenchmarkQueries.query95
[INFO] [stdout] 
[INFO] [stdout] # Run progress: 94.95% complete, ETA 00:00:08
[INFO] [stdout] # Fork: 1 of 1
[INFO] [stdout] WARNING: Using incubator modules: jdk.incubator.vector
[INFO] [stdout] WARNING: A terminally deprecated method in sun.misc.Unsafe has been called
[INFO] [stdout] WARNING: sun.misc.Unsafe::objectFieldOffset has been called by org.openjdk.jmh.util.Utils (file:/root/.m2/repository/org/openjdk/jmh/jmh-core/1.37/jmh-core-1.37.jar)
[INFO] [stdout] WARNING: Please consider reporting this to the maintainers of class org.openjdk.jmh.util.Utils
[INFO] [stdout] WARNING: sun.misc.Unsafe::objectFieldOffset will be removed in a future release
[INFO] [stdout] Iteration   1: WARNING: A restricted method in java.lang.foreign.SymbolLookup has been called
[INFO] [stdout] WARNING: java.lang.foreign.SymbolLookup::libraryLookup has been called by io.airlift.compress.v3.internal.NativeLoader in an unnamed module (file:/root/.m2/repository/io/airlift/aircompressor-v3/3.4/aircompressor-v3-3.4.jar)
[INFO] [stdout] WARNING: Use --enable-native-access=ALL-UNNAMED to avoid a warning for callers in this module
[INFO] [stdout] WARNING: Restricted methods will be blocked in a future release unless native access is enabled
[INFO] [stdout] 
[WARNING] [stderr] [dictionary-filter] kind=LONG optional=true rows=7197566 acceptedRows=303622 directRows=0 bitmaskRows=0 lastDictionary=1946 lastAccepted=61 branchless=false
[INFO] [stdout] 2338.852 ms/op
[INFO] [stdout] 
[INFO] [stdout] 
[INFO] [stdout] Result "org.weakref.nitro.tpcds.BenchmarkQueries.query95":
[INFO] [stdout]   2338.852 ms/op
[INFO] [stdout] 
[INFO] [stdout] 
[INFO] [stdout] # JMH version: 1.37
[INFO] [stdout] # VM version: JDK 26.0.1, OpenJDK 64-Bit Server VM, 26.0.1+8
[INFO] [stdout] # VM invoker: /opt/java/openjdk/bin/java
[INFO] [stdout] # VM options: --enable-preview --add-modules=jdk.incubator.vector -Dnitro.clickbench.hits.path= -Dnitro.tpcds.parquet.path=/root/data/tpcds-parquet-sf10 -Dnitro.tpcds.parquet.schema=sf10 -Dnitro.parquet.debugDictionaryFilterSummary=true -Xmx12g -XX:+UseTransparentHugePages
[INFO] [stdout] # Blackhole mode: compiler (auto-detected, use -Djmh.blackhole.autoDetect=false to disable)
[INFO] [stdout] # Warmup: <none>
[INFO] [stdout] # Measurement: 1 iterations, 1 ms each
[INFO] [stdout] # Timeout: 30 min per iteration
[INFO] [stdout] # Threads: 1 thread, will synchronize iterations
[INFO] [stdout] # Benchmark mode: Average time, time/op
[INFO] [stdout] # Benchmark: org.weakref.nitro.tpcds.BenchmarkQueries.query96
[INFO] [stdout] 
[INFO] [stdout] # Run progress: 95.96% complete, ETA 00:00:06
[INFO] [stdout] # Fork: 1 of 1
[INFO] [stdout] WARNING: Using incubator modules: jdk.incubator.vector
[INFO] [stdout] WARNING: A terminally deprecated method in sun.misc.Unsafe has been called
[INFO] [stdout] WARNING: sun.misc.Unsafe::objectFieldOffset has been called by org.openjdk.jmh.util.Utils (file:/root/.m2/repository/org/openjdk/jmh/jmh-core/1.37/jmh-core-1.37.jar)
[INFO] [stdout] WARNING: Please consider reporting this to the maintainers of class org.openjdk.jmh.util.Utils
[INFO] [stdout] WARNING: sun.misc.Unsafe::objectFieldOffset will be removed in a future release
[INFO] [stdout] Iteration   1: WARNING: A restricted method in java.lang.foreign.SymbolLookup has been called
[INFO] [stdout] WARNING: java.lang.foreign.SymbolLookup::libraryLookup has been called by io.airlift.compress.v3.internal.NativeLoader in an unnamed module (file:/root/.m2/repository/io/airlift/aircompressor-v3/3.4/aircompressor-v3-3.4.jar)
[INFO] [stdout] WARNING: Use --enable-native-access=ALL-UNNAMED to avoid a warning for callers in this module
[INFO] [stdout] WARNING: Restricted methods will be blocked in a future release unless native access is enabled
[INFO] [stdout] 
[WARNING] [stderr] [dictionary-filter] kind=LONG optional=true rows=28800991 acceptedRows=549852 directRows=0 bitmaskRows=0 lastDictionary=767 lastAccepted=11 branchless=false
[WARNING] [stderr] [dictionary-filter] kind=INT optional=true rows=7200 acceptedRows=720 directRows=0 bitmaskRows=7200 lastDictionary=10 lastAccepted=1 branchless=false
[INFO] [stdout] 500.563 ms/op
[INFO] [stdout] 
[INFO] [stdout] 
[INFO] [stdout] Result "org.weakref.nitro.tpcds.BenchmarkQueries.query96":
[INFO] [stdout]   500.563 ms/op
[INFO] [stdout] 
[INFO] [stdout] 
[INFO] [stdout] # JMH version: 1.37
[INFO] [stdout] # VM version: JDK 26.0.1, OpenJDK 64-Bit Server VM, 26.0.1+8
[INFO] [stdout] # VM invoker: /opt/java/openjdk/bin/java
[INFO] [stdout] # VM options: --enable-preview --add-modules=jdk.incubator.vector -Dnitro.clickbench.hits.path= -Dnitro.tpcds.parquet.path=/root/data/tpcds-parquet-sf10 -Dnitro.tpcds.parquet.schema=sf10 -Dnitro.parquet.debugDictionaryFilterSummary=true -Xmx12g -XX:+UseTransparentHugePages
[INFO] [stdout] # Blackhole mode: compiler (auto-detected, use -Djmh.blackhole.autoDetect=false to disable)
[INFO] [stdout] # Warmup: <none>
[INFO] [stdout] # Measurement: 1 iterations, 1 ms each
[INFO] [stdout] # Timeout: 30 min per iteration
[INFO] [stdout] # Threads: 1 thread, will synchronize iterations
[INFO] [stdout] # Benchmark mode: Average time, time/op
[INFO] [stdout] # Benchmark: org.weakref.nitro.tpcds.BenchmarkQueries.query97
[INFO] [stdout] 
[INFO] [stdout] # Run progress: 96.97% complete, ETA 00:00:04
[INFO] [stdout] # Fork: 1 of 1
[INFO] [stdout] WARNING: Using incubator modules: jdk.incubator.vector
[INFO] [stdout] WARNING: A terminally deprecated method in sun.misc.Unsafe has been called
[INFO] [stdout] WARNING: sun.misc.Unsafe::objectFieldOffset has been called by org.openjdk.jmh.util.Utils (file:/root/.m2/repository/org/openjdk/jmh/jmh-core/1.37/jmh-core-1.37.jar)
[INFO] [stdout] WARNING: Please consider reporting this to the maintainers of class org.openjdk.jmh.util.Utils
[INFO] [stdout] WARNING: sun.misc.Unsafe::objectFieldOffset will be removed in a future release
[INFO] [stdout] Iteration   1: WARNING: A restricted method in java.lang.foreign.SymbolLookup has been called
[INFO] [stdout] WARNING: java.lang.foreign.SymbolLookup::libraryLookup has been called by io.airlift.compress.v3.internal.NativeLoader in an unnamed module (file:/root/.m2/repository/io/airlift/aircompressor-v3/3.4/aircompressor-v3-3.4.jar)
[INFO] [stdout] WARNING: Use --enable-native-access=ALL-UNNAMED to avoid a warning for callers in this module
[INFO] [stdout] WARNING: Restricted methods will be blocked in a future release unless native access is enabled
[INFO] [stdout] 
[WARNING] [stderr] [dictionary-filter] kind=LONG optional=true rows=28800991 acceptedRows=5519143 directRows=0 bitmaskRows=0 lastDictionary=578 lastAccepted=123 branchless=true
[WARNING] [stderr] [dictionary-filter] kind=LONG optional=true rows=14401261 acceptedRows=2867400 directRows=0 bitmaskRows=0 lastDictionary=8 lastAccepted=0 branchless=false
[INFO] [stdout] 2291.723 ms/op
[INFO] [stdout] 
[INFO] [stdout] 
[INFO] [stdout] Result "org.weakref.nitro.tpcds.BenchmarkQueries.query97":
[INFO] [stdout]   2291.723 ms/op
[INFO] [stdout] 
[INFO] [stdout] 
[INFO] [stdout] # JMH version: 1.37
[INFO] [stdout] # VM version: JDK 26.0.1, OpenJDK 64-Bit Server VM, 26.0.1+8
[INFO] [stdout] # VM invoker: /opt/java/openjdk/bin/java
[INFO] [stdout] # VM options: --enable-preview --add-modules=jdk.incubator.vector -Dnitro.clickbench.hits.path= -Dnitro.tpcds.parquet.path=/root/data/tpcds-parquet-sf10 -Dnitro.tpcds.parquet.schema=sf10 -Dnitro.parquet.debugDictionaryFilterSummary=true -Xmx12g -XX:+UseTransparentHugePages
[INFO] [stdout] # Blackhole mode: compiler (auto-detected, use -Djmh.blackhole.autoDetect=false to disable)
[INFO] [stdout] # Warmup: <none>
[INFO] [stdout] # Measurement: 1 iterations, 1 ms each
[INFO] [stdout] # Timeout: 30 min per iteration
[INFO] [stdout] # Threads: 1 thread, will synchronize iterations
[INFO] [stdout] # Benchmark mode: Average time, time/op
[INFO] [stdout] # Benchmark: org.weakref.nitro.tpcds.BenchmarkQueries.query98
[INFO] [stdout] 
[INFO] [stdout] # Run progress: 97.98% complete, ETA 00:00:03
[INFO] [stdout] # Fork: 1 of 1
[INFO] [stdout] WARNING: Using incubator modules: jdk.incubator.vector
[INFO] [stdout] WARNING: A terminally deprecated method in sun.misc.Unsafe has been called
[INFO] [stdout] WARNING: sun.misc.Unsafe::objectFieldOffset has been called by org.openjdk.jmh.util.Utils (file:/root/.m2/repository/org/openjdk/jmh/jmh-core/1.37/jmh-core-1.37.jar)
[INFO] [stdout] WARNING: Please consider reporting this to the maintainers of class org.openjdk.jmh.util.Utils
[INFO] [stdout] WARNING: sun.misc.Unsafe::objectFieldOffset will be removed in a future release
[INFO] [stdout] Iteration   1: WARNING: A restricted method in java.lang.foreign.SymbolLookup has been called
[INFO] [stdout] WARNING: java.lang.foreign.SymbolLookup::libraryLookup has been called by io.airlift.compress.v3.internal.NativeLoader in an unnamed module (file:/root/.m2/repository/io/airlift/aircompressor-v3/3.4/aircompressor-v3-3.4.jar)
[INFO] [stdout] WARNING: Use --enable-native-access=ALL-UNNAMED to avoid a warning for callers in this module
[INFO] [stdout] WARNING: Restricted methods will be blocked in a future release unless native access is enabled
[INFO] [stdout] 
[WARNING] [stderr] [dictionary-filter] kind=LONG optional=true rows=28800991 acceptedRows=264606 directRows=0 bitmaskRows=0 lastDictionary=578 lastAccepted=8 branchless=false
[INFO] [stdout] 652.771 ms/op
[INFO] [stdout] 
[INFO] [stdout] 
[INFO] [stdout] Result "org.weakref.nitro.tpcds.BenchmarkQueries.query98":
[INFO] [stdout]   652.771 ms/op
[INFO] [stdout] 
[INFO] [stdout] 
[INFO] [stdout] # JMH version: 1.37
[INFO] [stdout] # VM version: JDK 26.0.1, OpenJDK 64-Bit Server VM, 26.0.1+8
[INFO] [stdout] # VM invoker: /opt/java/openjdk/bin/java
[INFO] [stdout] # VM options: --enable-preview --add-modules=jdk.incubator.vector -Dnitro.clickbench.hits.path= -Dnitro.tpcds.parquet.path=/root/data/tpcds-parquet-sf10 -Dnitro.tpcds.parquet.schema=sf10 -Dnitro.parquet.debugDictionaryFilterSummary=true -Xmx12g -XX:+UseTransparentHugePages
[INFO] [stdout] # Blackhole mode: compiler (auto-detected, use -Djmh.blackhole.autoDetect=false to disable)
[INFO] [stdout] # Warmup: <none>
[INFO] [stdout] # Measurement: 1 iterations, 1 ms each
[INFO] [stdout] # Timeout: 30 min per iteration
[INFO] [stdout] # Threads: 1 thread, will synchronize iterations
[INFO] [stdout] # Benchmark mode: Average time, time/op
[INFO] [stdout] # Benchmark: org.weakref.nitro.tpcds.BenchmarkQueries.query99
[INFO] [stdout] 
[INFO] [stdout] # Run progress: 98.99% complete, ETA 00:00:01
[INFO] [stdout] # Fork: 1 of 1
[INFO] [stdout] WARNING: Using incubator modules: jdk.incubator.vector
[INFO] [stdout] WARNING: A terminally deprecated method in sun.misc.Unsafe has been called
[INFO] [stdout] WARNING: sun.misc.Unsafe::objectFieldOffset has been called by org.openjdk.jmh.util.Utils (file:/root/.m2/repository/org/openjdk/jmh/jmh-core/1.37/jmh-core-1.37.jar)
[INFO] [stdout] WARNING: Please consider reporting this to the maintainers of class org.openjdk.jmh.util.Utils
[INFO] [stdout] WARNING: sun.misc.Unsafe::objectFieldOffset will be removed in a future release
[INFO] [stdout] Iteration   1: WARNING: A restricted method in java.lang.foreign.SymbolLookup has been called
[INFO] [stdout] WARNING: java.lang.foreign.SymbolLookup::libraryLookup has been called by io.airlift.compress.v3.internal.NativeLoader in an unnamed module (file:/root/.m2/repository/io/airlift/aircompressor-v3/3.4/aircompressor-v3-3.4.jar)
[INFO] [stdout] WARNING: Use --enable-native-access=ALL-UNNAMED to avoid a warning for callers in this module
[INFO] [stdout] WARNING: Restricted methods will be blocked in a future release unless native access is enabled
[INFO] [stdout] 
[WARNING] [stderr] [dictionary-filter] kind=LONG optional=true rows=14401261 acceptedRows=2864977 directRows=0 bitmaskRows=0 lastDictionary=361 lastAccepted=0 branchless=false
[INFO] [stdout] 1290.031 ms/op
[INFO] [stdout] 
[INFO] [stdout] 
[INFO] [stdout] Result "org.weakref.nitro.tpcds.BenchmarkQueries.query99":
[INFO] [stdout]   1290.031 ms/op
[INFO] [stdout] 
[INFO] [stdout] 
[INFO] [stdout] # Run complete. Total time: 00:02:44
[INFO] [stdout] 
[INFO] [stdout] REMEMBER: The numbers below are just data. To gain reusable insights, you need to follow up on
[INFO] [stdout] why the numbers are the way they are. Use profilers (see -prof, -lprof), design factorial
[INFO] [stdout] experiments, perform baseline and negative tests that provide experimental control, make sure
[INFO] [stdout] the benchmarking environment is safe on JVM/OS/HW level, ask for reviews from the domain experts.
[INFO] [stdout] Do not assume the numbers tell you what you want them to tell.
[INFO] [stdout] 
[INFO] [stdout] NOTE: Current JVM experimentally supports Compiler Blackholes, and they are in use. Please exercise
[INFO] [stdout] extra caution when trusting the results, look into the generated code to check the benchmark still
[INFO] [stdout] works, and factor in a small probability of new VM bugs. Additionally, while comparisons between
[INFO] [stdout] different JVMs are already problematic, the performance difference caused by different Blackhole
[INFO] [stdout] modes can be very significant. Please make sure you use the consistent Blackhole mode for comparisons.
[INFO] [stdout] 
[INFO] [stdout] Benchmark                 Mode  Cnt     Score   Error  Units
[INFO] [stdout] BenchmarkQueries.query01  avgt       1157.274          ms/op
[INFO] [stdout] BenchmarkQueries.query02  avgt       1510.376          ms/op
[INFO] [stdout] BenchmarkQueries.query03  avgt        445.922          ms/op
[INFO] [stdout] BenchmarkQueries.query04  avgt       2424.324          ms/op
[INFO] [stdout] BenchmarkQueries.query05  avgt        718.863          ms/op
[INFO] [stdout] BenchmarkQueries.query06  avgt       1009.999          ms/op
[INFO] [stdout] BenchmarkQueries.query07  avgt        944.896          ms/op
[INFO] [stdout] BenchmarkQueries.query08  avgt        751.408          ms/op
[INFO] [stdout] BenchmarkQueries.query09  avgt       3965.893          ms/op
[INFO] [stdout] BenchmarkQueries.query10  avgt        893.062          ms/op
[INFO] [stdout] BenchmarkQueries.query11  avgt       3430.657          ms/op
[INFO] [stdout] BenchmarkQueries.query12  avgt        454.788          ms/op
[INFO] [stdout] BenchmarkQueries.query13  avgt       2479.577          ms/op
[INFO] [stdout] BenchmarkQueries.query14  avgt       5184.199          ms/op
[INFO] [stdout] BenchmarkQueries.query15  avgt        493.379          ms/op
[INFO] [stdout] BenchmarkQueries.query16  avgt       6500.695          ms/op
[INFO] [stdout] BenchmarkQueries.query17  avgt       1278.918          ms/op
[INFO] [stdout] BenchmarkQueries.query18  avgt       1090.031          ms/op
[INFO] [stdout] BenchmarkQueries.query19  avgt        640.899          ms/op
[INFO] [stdout] BenchmarkQueries.query20  avgt        491.953          ms/op
[INFO] [stdout] BenchmarkQueries.query21  avgt        850.304          ms/op
[INFO] [stdout] BenchmarkQueries.query22  avgt       1311.456          ms/op
[INFO] [stdout] BenchmarkQueries.query23  avgt       5378.227          ms/op
[INFO] [stdout] BenchmarkQueries.query24  avgt       1556.277          ms/op
[INFO] [stdout] BenchmarkQueries.query25  avgt       1177.468          ms/op
[INFO] [stdout] BenchmarkQueries.query26  avgt        721.644          ms/op
[INFO] [stdout] BenchmarkQueries.query27  avgt       1325.635          ms/op
[INFO] [stdout] BenchmarkQueries.query28  avgt       2911.923          ms/op
[INFO] [stdout] BenchmarkQueries.query29  avgt       1316.888          ms/op
[INFO] [stdout] BenchmarkQueries.query30  avgt        726.451          ms/op
[INFO] [stdout] BenchmarkQueries.query31  avgt       1336.414          ms/op
[INFO] [stdout] BenchmarkQueries.query32  avgt        478.050          ms/op
[INFO] [stdout] BenchmarkQueries.query33  avgt        737.005          ms/op
[INFO] [stdout] BenchmarkQueries.query34  avgt        734.777          ms/op
[INFO] [stdout] BenchmarkQueries.query35  avgt       1207.892          ms/op
[INFO] [stdout] BenchmarkQueries.query36  avgt        819.261          ms/op
[INFO] [stdout] BenchmarkQueries.query37  avgt       2691.125          ms/op
[INFO] [stdout] BenchmarkQueries.query38  avgt       1577.588          ms/op
[INFO] [stdout] BenchmarkQueries.query39  avgt       1236.246          ms/op
[INFO] [stdout] BenchmarkQueries.query40  avgt        608.729          ms/op
[INFO] [stdout] BenchmarkQueries.query41  avgt        251.274          ms/op
[INFO] [stdout] BenchmarkQueries.query42  avgt        447.383          ms/op
[INFO] [stdout] BenchmarkQueries.query43  avgt       1311.385          ms/op
[INFO] [stdout] BenchmarkQueries.query44  avgt       1248.616          ms/op
[INFO] [stdout] BenchmarkQueries.query45  avgt        470.775          ms/op
[INFO] [stdout] BenchmarkQueries.query46  avgt       1047.327          ms/op
[INFO] [stdout] BenchmarkQueries.query47  avgt       3452.117          ms/op
[INFO] [stdout] BenchmarkQueries.query48  avgt       2280.106          ms/op
[INFO] [stdout] BenchmarkQueries.query49  avgt        789.109          ms/op
[INFO] [stdout] BenchmarkQueries.query50  avgt       1927.535          ms/op
[INFO] [stdout] BenchmarkQueries.query51  avgt       2064.701          ms/op
[INFO] [stdout] BenchmarkQueries.query52  avgt        521.041          ms/op
[INFO] [stdout] BenchmarkQueries.query53  avgt        610.335          ms/op
[INFO] [stdout] BenchmarkQueries.query54  avgt       1058.938          ms/op
[INFO] [stdout] BenchmarkQueries.query55  avgt        453.956          ms/op
[INFO] [stdout] BenchmarkQueries.query56  avgt        757.727          ms/op
[INFO] [stdout] BenchmarkQueries.query57  avgt       2378.932          ms/op
[INFO] [stdout] BenchmarkQueries.query58  avgt       1087.007          ms/op
[INFO] [stdout] BenchmarkQueries.query59  avgt       3113.534          ms/op
[INFO] [stdout] BenchmarkQueries.query60  avgt        883.664          ms/op
[INFO] [stdout] BenchmarkQueries.query61  avgt        885.082          ms/op
[INFO] [stdout] BenchmarkQueries.query62  avgt        953.444          ms/op
[INFO] [stdout] BenchmarkQueries.query63  avgt        628.136          ms/op
[INFO] [stdout] BenchmarkQueries.query64  avgt       3463.633          ms/op
[INFO] [stdout] BenchmarkQueries.query65  avgt       1690.512          ms/op
[INFO] [stdout] BenchmarkQueries.query66  avgt        702.837          ms/op
[INFO] [stdout] BenchmarkQueries.query67  avgt       8220.059          ms/op
[INFO] [stdout] BenchmarkQueries.query68  avgt        985.685          ms/op
[INFO] [stdout] BenchmarkQueries.query69  avgt        912.689          ms/op
[INFO] [stdout] BenchmarkQueries.query70  avgt       1408.448          ms/op
[INFO] [stdout] BenchmarkQueries.query71  avgt        699.247          ms/op
[INFO] [stdout] BenchmarkQueries.query72  avgt       2894.190          ms/op
[INFO] [stdout] BenchmarkQueries.query73  avgt        713.892          ms/op
[INFO] [stdout] BenchmarkQueries.query74  avgt       2108.906          ms/op
[INFO] [stdout] BenchmarkQueries.query75  avgt       2763.448          ms/op
[INFO] [stdout] BenchmarkQueries.query76  avgt        861.774          ms/op
[INFO] [stdout] BenchmarkQueries.query77  avgt        654.457          ms/op
[INFO] [stdout] BenchmarkQueries.query78  avgt       2899.122          ms/op
[INFO] [stdout] BenchmarkQueries.query79  avgt       1036.125          ms/op
[INFO] [stdout] BenchmarkQueries.query80  avgt       1140.890          ms/op
[INFO] [stdout] BenchmarkQueries.query81  avgt        902.671          ms/op
[INFO] [stdout] BenchmarkQueries.query82  avgt       2775.393          ms/op
[INFO] [stdout] BenchmarkQueries.query83  avgt        460.199          ms/op
[INFO] [stdout] BenchmarkQueries.query84  avgt        360.379          ms/op
[INFO] [stdout] BenchmarkQueries.query85  avgt       1161.457          ms/op
[INFO] [stdout] BenchmarkQueries.query86  avgt        485.097          ms/op
[INFO] [stdout] BenchmarkQueries.query87  avgt       1613.014          ms/op
[INFO] [stdout] BenchmarkQueries.query88  avgt       1553.487          ms/op
[INFO] [stdout] BenchmarkQueries.query89  avgt        791.909          ms/op
[INFO] [stdout] BenchmarkQueries.query90  avgt        464.040          ms/op
[INFO] [stdout] BenchmarkQueries.query91  avgt        442.481          ms/op
[INFO] [stdout] BenchmarkQueries.query92  avgt        492.802          ms/op
[INFO] [stdout] BenchmarkQueries.query93  avgt       1158.469          ms/op
[INFO] [stdout] BenchmarkQueries.query94  avgt       2404.328          ms/op
[INFO] [stdout] BenchmarkQueries.query95  avgt       2338.852          ms/op
[INFO] [stdout] BenchmarkQueries.query96  avgt        500.563          ms/op
[INFO] [stdout] BenchmarkQueries.query97  avgt       2291.723          ms/op
[INFO] [stdout] BenchmarkQueries.query98  avgt        652.771          ms/op
[INFO] [stdout] BenchmarkQueries.query99  avgt       1290.031          ms/op
[INFO] [stdout] 
[INFO] [stdout] Benchmark result is saved to benchmarks/sweeps/20260723-targeted/tpcds-q40-branch/tpcds-bitmask-activation-inventory.json
[INFO] ------------------------------------------------------------------------
[INFO] BUILD SUCCESS
[INFO] ------------------------------------------------------------------------
[INFO] Total time:  02:44 min (Wall Clock)
[INFO] Finished at: 2026-07-23T08:15:45Z
[INFO] ------------------------------------------------------------------------
[INFO] Njord session closed
Purged 1 log files (log available in /root/.mvnd/purge-2026-07-23.log)
