[INFO] Enabling strict checksum verification on all artifact downloads.
[INFO] Processing build on daemon 006ae9e1
[INFO] Scanning for projects...
[INFO] Loaded 0 groupId for remote repository maven-central
[INFO] Loaded 0 groupId for remote repository google-maven-central-copy
[INFO] Njord 0.9.9 session created
[INFO] BuildTimeEventSpy is registered.
[INFO] 
[INFO] Using the SmartBuilder implementation with a thread count of 7
[INFO] 
[INFO] ------------------------< io.trino:trino-tests >------------------------
[INFO] Building trino-tests 484-SNAPSHOT
[INFO]   from pom.xml
[INFO] --------------------------------[ jar ]---------------------------------
[INFO] Loaded 0 groupId for remote repository ossrh
[INFO] Loaded 0 groupId for remote repository repo.gradle.org
[INFO] Loaded 0 groupId for remote repository central.maven.org
[INFO] 
[INFO] --- git-commit-id:10.0.0:revision (default) @ trino-tests ---
[INFO] 
[INFO] --- build-helper:3.6.1:bsh-property (surefire-enable-preview) @ trino-tests ---
[INFO] 
[INFO] --- resources:3.5.0:resources (default-resources) @ trino-tests ---
[INFO] skip non existing resourceDirectory /root/notes/trino.nitro/testing/trino-tests/src/main/resources
[INFO] 
[INFO] --- compiler:3.15.0:compile (default-compile) @ trino-tests ---
[INFO] Nothing to compile - all classes are up to date.
[INFO] 
[INFO] --- resources:3.5.0:testResources (default-testResources) @ trino-tests ---
[INFO] Copying 266 resources from src/test/resources to target/test-classes
[INFO] 
[INFO] --- compiler:3.15.0:testCompile (default-testCompile) @ trino-tests ---
[INFO] Nothing to compile - all classes are up to date.
[INFO] 
[INFO] --- modernizer:3.4.0:modernizer (modernizer) @ trino-tests ---
[INFO] Skipping modernizer execution!
[INFO] 
[INFO] --- modernizer:3.4.0:modernizer (modernizer-production-code) @ trino-tests ---
[INFO] Skipping modernizer execution!
[INFO] 
[INFO] --- dependency:3.11.0:analyze-only (default) @ trino-tests ---
[INFO] Skipping plugin execution
[INFO] 
[INFO] --- dependency:3.11.0:analyze-duplicate (default) @ trino-tests ---
[INFO] Skipping plugin execution
[INFO] 
[INFO] --- duplicate-finder:2.0.1:check (default) @ trino-tests ---
[INFO] Skipping duplicate-finder execution!
[INFO] 
[INFO] --- surefire:3.5.6:test (default-test) @ trino-tests ---
[INFO] Tests will run in random order. To reproduce ordering use flag -Dsurefire.runOrder.random.seed=4952198809466900
[INFO] Using auto detected provider org.apache.maven.surefire.junitplatform.JUnitPlatformProvider
[INFO] 
[INFO] -------------------------------------------------------
[INFO]  T E S T S
[INFO] -------------------------------------------------------
[WARNING] [stderr] WARNING: Using incubator modules: jdk.incubator.vector
[WARNING] [stderr] 2026-08-13T02:21:58.741-0600	INFO	ForkJoinPool-1-worker-1	io.airlift.log.Logging	Logging to stderr
[INFO] Running io.trino.tests.nitro.TestNitroClickBenchQueries
[WARNING] [stderr] 2026-08-13T02:21:59.635-0600	INFO	ForkJoinPool-1-worker-1	io.trino.simd.BlockEncodingSimdSupport	Detected SIMD Support for architecture=amd64, vectorBitWidth=512: SimdSupport[capabilities=[COMPRESS_BYTE, EXPAND_BYTE, COMPRESS_SHORT, EXPAND_SHORT, COMPRESS_INT, EXPAND_INT, COMPRESS_LONG, EXPAND_LONG]]
[WARNING] [stderr] WARNING: A restricted method in java.lang.System has been called
[WARNING] [stderr] WARNING: java.lang.System::loadLibrary has been called by com.aayushatharva.brotli4j.Brotli4jLoader in an unnamed module (file:/root/.m2/repository/remote-cache/com/aayushatharva/brotli4j/brotli4j/1.23.0/brotli4j-1.23.0.jar)
[WARNING] [stderr] WARNING: Use --enable-native-access=ALL-UNNAMED to avoid a warning for callers in this module
[WARNING] [stderr] WARNING: Restricted methods will be blocked in a future release unless native access is enabled
[WARNING] [stderr] 
[WARNING] [stderr] 2026-08-13T02:22:00.953-0600	INFO	ForkJoinPool-1-worker-1	io.trino.testing.DistributedQueryRunner	Created DistributedQueryRunner in 1.90s (unclosed instances = 1)
[WARNING] [stderr] 2026-08-13T02:22:06.880-0600	INFO	Notification Thread	io.airlift.stats.JmxGcMonitor	Major GC: application 0.00s, stopped 289.00ms: 12.16GB -> 5.81GB
[WARNING] [stderr] 2026-08-13T02:22:06.880-0600	INFO	Notification Thread	io.airlift.stats.JmxGcMonitor	Major GC: application 0.00s, stopped 289.00ms: 12.16GB -> 5.81GB
[WARNING] [stderr] 2026-08-13T02:22:11.720-0600	INFO	Notification Thread	io.airlift.stats.JmxGcMonitor	Major GC: application 4.57s, stopped 277.00ms: 12.16GB -> 5.96GB
[WARNING] [stderr] 2026-08-13T02:22:11.720-0600	INFO	Notification Thread	io.airlift.stats.JmxGcMonitor	Major GC: application 4.57s, stopped 277.00ms: 12.16GB -> 5.96GB
[WARNING] [stderr] 2026-08-13T02:22:19.615-0600	INFO	Notification Thread	io.airlift.stats.JmxGcMonitor	Major GC: application 7.60s, stopped 300.00ms: 12.16GB -> 6.18GB
[WARNING] [stderr] 2026-08-13T02:22:19.615-0600	INFO	Notification Thread	io.airlift.stats.JmxGcMonitor	Major GC: application 7.60s, stopped 300.00ms: 12.16GB -> 6.18GB
[WARNING] [stderr] 2026-08-13T02:22:22.869-0600	INFO	Notification Thread	io.airlift.stats.JmxGcMonitor	Major GC: application 2.95s, stopped 306.00ms: 12.11GB -> 6.14GB
[WARNING] [stderr] 2026-08-13T02:22:22.869-0600	INFO	Notification Thread	io.airlift.stats.JmxGcMonitor	Major GC: application 2.95s, stopped 306.00ms: 12.11GB -> 6.14GB
[WARNING] [stderr] 2026-08-13T02:22:25.678-0600	INFO	Notification Thread	io.airlift.stats.JmxGcMonitor	Major GC: application 2.50s, stopped 306.00ms: 12.08GB -> 7.32GB
[WARNING] [stderr] 2026-08-13T02:22:25.678-0600	INFO	Notification Thread	io.airlift.stats.JmxGcMonitor	Major GC: application 2.50s, stopped 306.00ms: 12.08GB -> 7.32GB
[WARNING] [stderr] 2026-08-13T02:22:32.731-0600	INFO	ForkJoinPool-1-worker-1	stdout	engine,suite,query,measurements,min_ms,p50_ms,p95_ms,mean_ms,cpu_p50_ms,cpu_mean_ms,cpu_over_wall,input_positions,nitro_source_drivers,native_sources
[WARNING] [stderr] 2026-08-13T02:23:11.268-0600	INFO	ForkJoinPool-1-worker-1	stdout	operator_cpu,nitro,clickbench,q19,0,ExchangeOperator,3,0.000,224.015,0.000,0,99919134,99919134,10312.830,19.650,0.000
[WARNING] [stderr] 2026-08-13T02:23:11.268-0600	INFO	ForkJoinPool-1-worker-1	stdout	operator_cpu,nitro,clickbench,q19,0,LocalExchangeSourceOperator,7,0.000,7.971,0.000,0,99919174,99919174,32150.020,0.000,0.000
[WARNING] [stderr] 2026-08-13T02:23:11.268-0600	INFO	ForkJoinPool-1-worker-1	stdout	operator_cpu,nitro,clickbench,q19,0,TaskOutputOperator,3,0.158,0.000,0.002,0,30,30,0.000,0.000,0.000
[WARNING] [stderr] 2026-08-13T02:23:11.268-0600	INFO	ForkJoinPool-1-worker-1	stdout	operator_cpu,nitro,clickbench,q19,0,LocalExchangeSinkOperator,7,3.607,0.000,0.130,0,99919174,99919174,5241.330,0.000,0.000
[WARNING] [stderr] 2026-08-13T02:23:11.268-0600	INFO	ForkJoinPool-1-worker-1	stdout	operator_cpu,nitro,clickbench,q19,0,TopNOperator,5,0.011,0.732,0.074,0,60,50,0.000,0.084,0.000
[WARNING] [stderr] 2026-08-13T02:23:11.268-0600	INFO	ForkJoinPool-1-worker-1	stdout	operator_cpu,nitro,clickbench,q19,0,TrinoNitroAggregationOperator,2,10410.000,873.950,0.003,0,99919114,20,0.000,1526.626,0.000
[WARNING] [stderr] 2026-08-13T02:23:11.268-0600	INFO	ForkJoinPool-1-worker-1	stdout	operator_cpu,nitro,clickbench,q19,0,TrinoNitroAggregationSourceOperator,165,0.000,4550.000,0.000,99997497,99997497,99919114,0.000,18.595,0.000
[WARNING] [stderr] 2026-08-13T02:23:11.268-0600	INFO	ForkJoinPool-1-worker-1	stdout	operator_cpu,nitro,clickbench,q19,0,PartitionedOutputOperator,165,2410.000,0.000,3.580,0,99919114,99919114,24070.000,0.000,0.000
[WARNING] [stderr] 2026-08-13T02:23:11.268-0600	INFO	ForkJoinPool-1-worker-1	stdout	operator_metric,nitro,clickbench,q19,0,TrinoNitroAggregationOperator,nitroAggregationInitialAggregationNanos,0
[WARNING] [stderr] 2026-08-13T02:23:11.268-0600	INFO	ForkJoinPool-1-worker-1	stdout	operator_metric,nitro,clickbench,q19,0,TrinoNitroAggregationOperator,nitroBoundaryPageEgressRunLengthChannelPositions,0
[WARNING] [stderr] 2026-08-13T02:23:11.269-0600	INFO	ForkJoinPool-1-worker-1	stdout	operator_metric,nitro,clickbench,q19,0,TrinoNitroAggregationOperator,nitroBoundaryPageIngressRunLengthChannelPositions,0
[WARNING] [stderr] 2026-08-13T02:23:11.269-0600	INFO	ForkJoinPool-1-worker-1	stdout	operator_metric,nitro,clickbench,q19,0,TrinoNitroAggregationOperator,nitroAggregationInitialFlatKeyNanos,0
[WARNING] [stderr] 2026-08-13T02:23:11.269-0600	INFO	ForkJoinPool-1-worker-1	stdout	operator_metric,nitro,clickbench,q19,0,TrinoNitroAggregationOperator,nitroBoundaryNativeEgressFlatChannelPositions,80
[WARNING] [stderr] 2026-08-13T02:23:11.269-0600	INFO	ForkJoinPool-1-worker-1	stdout	operator_metric,nitro,clickbench,q19,0,TrinoNitroAggregationOperator,nitroAggregationStatePreparationNanos,9544572
[WARNING] [stderr] 2026-08-13T02:23:11.269-0600	INFO	ForkJoinPool-1-worker-1	stdout	operator_metric,nitro,clickbench,q19,0,TrinoNitroAggregationOperator,nitroBoundaryNativeEgressRunLengthChannelPositions,0
[WARNING] [stderr] 2026-08-13T02:23:11.269-0600	INFO	ForkJoinPool-1-worker-1	stdout	operator_metric,nitro,clickbench,q19,0,TrinoNitroAggregationOperator,nitroBoundaryPageIngressFlatChannelPositions,399676456
[WARNING] [stderr] 2026-08-13T02:23:11.269-0600	INFO	ForkJoinPool-1-worker-1	stdout	operator_metric,nitro,clickbench,q19,0,TrinoNitroAggregationOperator,nitroBoundaryPageEgressFlatChannelPositions,80
[WARNING] [stderr] 2026-08-13T02:23:11.269-0600	INFO	ForkJoinPool-1-worker-1	stdout	operator_metric,nitro,clickbench,q19,0,TrinoNitroAggregationOperator,nitroBoundaryPageEgressPages,2
[WARNING] [stderr] 2026-08-13T02:23:11.269-0600	INFO	ForkJoinPool-1-worker-1	stdout	operator_metric,nitro,clickbench,q19,0,TrinoNitroAggregationOperator,nitroBoundaryPageIngressPages,3411
[WARNING] [stderr] 2026-08-13T02:23:11.269-0600	INFO	ForkJoinPool-1-worker-1	stdout	operator_metric,nitro,clickbench,q19,0,TrinoNitroAggregationOperator,nitroAggregationInitialKeyNanos,0
[WARNING] [stderr] 2026-08-13T02:23:11.269-0600	INFO	ForkJoinPool-1-worker-1	stdout	operator_metric,nitro,clickbench,q19,0,TrinoNitroAggregationOperator,nitroAggregationInitialEncodedKeyNanos,0
[WARNING] [stderr] 2026-08-13T02:23:11.269-0600	INFO	ForkJoinPool-1-worker-1	stdout	operator_metric,nitro,clickbench,q19,0,TrinoNitroAggregationOperator,nitroAggregationOutputNanos,16532
[WARNING] [stderr] 2026-08-13T02:23:11.269-0600	INFO	ForkJoinPool-1-worker-1	stdout	operator_metric,nitro,clickbench,q19,0,TrinoNitroAggregationOperator,nitroAggregationPipelineNanos,0
[WARNING] [stderr] 2026-08-13T02:23:11.269-0600	INFO	ForkJoinPool-1-worker-1	stdout	operator_metric,nitro,clickbench,q19,0,TrinoNitroAggregationOperator,nitroAggregationGroupingNanos,10963940987
[WARNING] [stderr] 2026-08-13T02:23:11.269-0600	INFO	ForkJoinPool-1-worker-1	stdout	operator_metric,nitro,clickbench,q19,0,TrinoNitroAggregationOperator,nitroAggregationAccumulationNanos,285755533
[WARNING] [stderr] 2026-08-13T02:23:11.269-0600	INFO	ForkJoinPool-1-worker-1	stdout	operator_metric,nitro,clickbench,q19,0,TrinoNitroAggregationOperator,nitroBoundaryNativeEgressDictionaryChannelPositions,0
[WARNING] [stderr] 2026-08-13T02:23:11.269-0600	INFO	ForkJoinPool-1-worker-1	stdout	operator_metric,nitro,clickbench,q19,0,TrinoNitroAggregationOperator,nitroAggregationFusedNanos,0
[WARNING] [stderr] 2026-08-13T02:23:11.269-0600	INFO	ForkJoinPool-1-worker-1	stdout	operator_metric,nitro,clickbench,q19,0,TrinoNitroAggregationOperator,nitroAggregationFlushNanos,0
[WARNING] [stderr] 2026-08-13T02:23:11.269-0600	INFO	ForkJoinPool-1-worker-1	stdout	operator_metric,nitro,clickbench,q19,0,TrinoNitroAggregationOperator,nitroBoundaryPageEgressBytes,640
[WARNING] [stderr] 2026-08-13T02:23:11.269-0600	INFO	ForkJoinPool-1-worker-1	stdout	operator_metric,nitro,clickbench,q19,0,TrinoNitroAggregationOperator,nitroBoundaryPageEgressPositions,20
[WARNING] [stderr] 2026-08-13T02:23:11.269-0600	INFO	ForkJoinPool-1-worker-1	stdout	operator_metric,nitro,clickbench,q19,0,TrinoNitroAggregationOperator,nitroBoundaryPageIngressBytes,3936962554
[WARNING] [stderr] 2026-08-13T02:23:11.269-0600	INFO	ForkJoinPool-1-worker-1	stdout	operator_metric,nitro,clickbench,q19,0,TrinoNitroAggregationOperator,nitroBoundaryPageIngressPositions,99919114
[WARNING] [stderr] 2026-08-13T02:23:11.269-0600	INFO	ForkJoinPool-1-worker-1	stdout	operator_metric,nitro,clickbench,q19,0,TrinoNitroAggregationOperator,nitroBoundaryPageIngressDictionaryChannelPositions,0
[WARNING] [stderr] 2026-08-13T02:23:11.269-0600	INFO	ForkJoinPool-1-worker-1	stdout	operator_metric,nitro,clickbench,q19,0,TrinoNitroAggregationOperator,nitroAggregationInputNanos,11260616707
[WARNING] [stderr] 2026-08-13T02:23:11.269-0600	INFO	ForkJoinPool-1-worker-1	stdout	operator_metric,nitro,clickbench,q19,0,TrinoNitroAggregationOperator,nitroBoundaryPageEgressDictionaryChannelPositions,0
[WARNING] [stderr] 2026-08-13T02:23:11.269-0600	INFO	ForkJoinPool-1-worker-1	stdout	operator_metric,nitro,clickbench,q19,0,TrinoNitroAggregationSourceOperator,nitroAggregationStatePreparationNanos,26911
[WARNING] [stderr] 2026-08-13T02:23:11.269-0600	INFO	ForkJoinPool-1-worker-1	stdout	operator_metric,nitro,clickbench,q19,0,TrinoNitroAggregationSourceOperator,nitroAggregationInitialKeyNanos,0
[WARNING] [stderr] 2026-08-13T02:23:11.269-0600	INFO	ForkJoinPool-1-worker-1	stdout	operator_metric,nitro,clickbench,q19,0,TrinoNitroAggregationSourceOperator,nitroPartialAggregationCardinalityBypassDecisions,1
[WARNING] [stderr] 2026-08-13T02:23:11.269-0600	INFO	ForkJoinPool-1-worker-1	stdout	operator_metric,nitro,clickbench,q19,0,TrinoNitroAggregationSourceOperator,nitroBoundaryNativeExchangeMaximumChannel0Bytes,14354064
[WARNING] [stderr] 2026-08-13T02:23:11.269-0600	INFO	ForkJoinPool-1-worker-1	stdout	operator_metric,nitro,clickbench,q19,0,TrinoNitroAggregationSourceOperator,nitroBoundaryNativeExchangeMaximumChannel3Bytes,14354064
[WARNING] [stderr] 2026-08-13T02:23:11.269-0600	INFO	ForkJoinPool-1-worker-1	stdout	operator_metric,nitro,clickbench,q19,0,TrinoNitroAggregationSourceOperator,nitroProjectionDictionaryNullExpansionPositions,0
[WARNING] [stderr] 2026-08-13T02:23:11.269-0600	INFO	ForkJoinPool-1-worker-1	stdout	operator_metric,nitro,clickbench,q19,0,TrinoNitroAggregationSourceOperator,nitroPartialAggregationAggregatedFlushes,0
[WARNING] [stderr] 2026-08-13T02:23:11.269-0600	INFO	ForkJoinPool-1-worker-1	stdout	operator_metric,nitro,clickbench,q19,0,TrinoNitroAggregationSourceOperator,nitroAggregationInputNanos,5683859875
[WARNING] [stderr] 2026-08-13T02:23:11.269-0600	INFO	ForkJoinPool-1-worker-1	stdout	operator_metric,nitro,clickbench,q19,0,TrinoNitroAggregationSourceOperator,nitroAggregationInitialFlatKeyNanos,0
[WARNING] [stderr] 2026-08-13T02:23:11.269-0600	INFO	ForkJoinPool-1-worker-1	stdout	operator_metric,nitro,clickbench,q19,0,TrinoNitroAggregationSourceOperator,nitroPartialAggregationCardinalityAggregateDecisions,0
[WARNING] [stderr] 2026-08-13T02:23:11.269-0600	INFO	ForkJoinPool-1-worker-1	stdout	operator_metric,nitro,clickbench,q19,0,TrinoNitroAggregationSourceOperator,nitroPartialAggregationPassthroughInputRows,99857497
[WARNING] [stderr] 2026-08-13T02:23:11.269-0600	INFO	ForkJoinPool-1-worker-1	stdout	operator_metric,nitro,clickbench,q19,0,TrinoNitroAggregationSourceOperator,nitroAggregationGroupingNanos,8892726
[WARNING] [stderr] 2026-08-13T02:23:11.269-0600	INFO	ForkJoinPool-1-worker-1	stdout	operator_metric,nitro,clickbench,q19,0,TrinoNitroAggregationSourceOperator,nitroBoundaryNativeExchangeBatches,10045
[WARNING] [stderr] 2026-08-13T02:23:11.269-0600	INFO	ForkJoinPool-1-worker-1	stdout	operator_metric,nitro,clickbench,q19,0,TrinoNitroAggregationSourceOperator,nitroAggregationOutputNanos,2944331
[WARNING] [stderr] 2026-08-13T02:23:11.269-0600	INFO	ForkJoinPool-1-worker-1	stdout	operator_metric,nitro,clickbench,q19,0,TrinoNitroAggregationSourceOperator,nitroProjectionPlannedComputedOutputs,165
[WARNING] [stderr] 2026-08-13T02:23:11.269-0600	INFO	ForkJoinPool-1-worker-1	stdout	operator_metric,nitro,clickbench,q19,0,TrinoNitroAggregationSourceOperator,nitroPartialAggregationCardinalityObservations,319
[WARNING] [stderr] 2026-08-13T02:23:11.269-0600	INFO	ForkJoinPool-1-worker-1	stdout	operator_metric,nitro,clickbench,q19,0,TrinoNitroAggregationSourceOperator,nitroOperatorConstructionNanos,22609396
[WARNING] [stderr] 2026-08-13T02:23:11.269-0600	INFO	ForkJoinPool-1-worker-1	stdout	operator_metric,nitro,clickbench,q19,0,TrinoNitroAggregationSourceOperator,nitroBoundaryNativeExchangeMaximumChannel2Bytes,28323891
[WARNING] [stderr] 2026-08-13T02:23:11.269-0600	INFO	ForkJoinPool-1-worker-1	stdout	operator_metric,nitro,clickbench,q19,0,TrinoNitroAggregationSourceOperator,nitroProjectionIntegerWideningPositions,0
[WARNING] [stderr] 2026-08-13T02:23:11.269-0600	INFO	ForkJoinPool-1-worker-1	stdout	operator_metric,nitro,clickbench,q19,0,TrinoNitroAggregationSourceOperator,nitroBoundaryNativeExchangeMaximumBatchBytes,296004403
[WARNING] [stderr] 2026-08-13T02:23:11.269-0600	INFO	ForkJoinPool-1-worker-1	stdout	operator_metric,nitro,clickbench,q19,0,TrinoNitroAggregationSourceOperator,nitroPartialAggregationCardinalityReconsideredDecisions,0
[WARNING] [stderr] 2026-08-13T02:23:11.269-0600	INFO	ForkJoinPool-1-worker-1	stdout	operator_metric,nitro,clickbench,q19,0,TrinoNitroAggregationSourceOperator,nitroAggregationPipelineNanos,12984846
[WARNING] [stderr] 2026-08-13T02:23:11.269-0600	INFO	ForkJoinPool-1-worker-1	stdout	operator_metric,nitro,clickbench,q19,0,TrinoNitroAggregationSourceOperator,nitroProjectionPlannedAssignments,330
[WARNING] [stderr] 2026-08-13T02:23:11.269-0600	INFO	ForkJoinPool-1-worker-1	stdout	operator_metric,nitro,clickbench,q19,0,TrinoNitroAggregationSourceOperator,nitroPartialAggregationAggregatedOutputRows,0
[WARNING] [stderr] 2026-08-13T02:23:11.269-0600	INFO	ForkJoinPool-1-worker-1	stdout	operator_metric,nitro,clickbench,q19,0,TrinoNitroAggregationSourceOperator,nitroProjectionDictionaryInputPositions,0
[WARNING] [stderr] 2026-08-13T02:23:11.269-0600	INFO	ForkJoinPool-1-worker-1	stdout	operator_metric,nitro,clickbench,q19,0,TrinoNitroAggregationSourceOperator,nitroAggregationAccumulationNanos,184118
[WARNING] [stderr] 2026-08-13T02:23:11.269-0600	INFO	ForkJoinPool-1-worker-1	stdout	operator_metric,nitro,clickbench,q19,0,TrinoNitroAggregationSourceOperator,nitroProjectionGeneratedErrorFallbacks,0
[WARNING] [stderr] 2026-08-13T02:23:11.269-0600	INFO	ForkJoinPool-1-worker-1	stdout	operator_metric,nitro,clickbench,q19,0,TrinoNitroAggregationSourceOperator,nitroProjectionGeneratedOutputs,0
[WARNING] [stderr] 2026-08-13T02:23:11.269-0600	INFO	ForkJoinPool-1-worker-1	stdout	operator_metric,nitro,clickbench,q19,0,TrinoNitroAggregationSourceOperator,nitroProjectionFlatInputPositions,0
[WARNING] [stderr] 2026-08-13T02:23:11.269-0600	INFO	ForkJoinPool-1-worker-1	stdout	operator_metric,nitro,clickbench,q19,0,TrinoNitroAggregationSourceOperator,nitroAggregationInitialEncodedKeyNanos,0
[WARNING] [stderr] 2026-08-13T02:23:11.269-0600	INFO	ForkJoinPool-1-worker-1	stdout	operator_metric,nitro,clickbench,q19,0,TrinoNitroAggregationSourceOperator,nitroNativeSourceCreationNanos,25983772
[WARNING] [stderr] 2026-08-13T02:23:11.269-0600	INFO	ForkJoinPool-1-worker-1	stdout	operator_metric,nitro,clickbench,q19,0,TrinoNitroAggregationSourceOperator,nitroProjectionGeneratedLayoutFallbacks,0
[WARNING] [stderr] 2026-08-13T02:23:11.270-0600	INFO	ForkJoinPool-1-worker-1	stdout	operator_metric,nitro,clickbench,q19,0,TrinoNitroAggregationSourceOperator,nitroProjectionGeneratedSuccesses,0
[WARNING] [stderr] 2026-08-13T02:23:11.270-0600	INFO	ForkJoinPool-1-worker-1	stdout	operator_metric,nitro,clickbench,q19,0,TrinoNitroAggregationSourceOperator,nitroPartialAggregationAggregatedInputRows,0
[WARNING] [stderr] 2026-08-13T02:23:11.270-0600	INFO	ForkJoinPool-1-worker-1	stdout	operator_metric,nitro,clickbench,q19,0,TrinoNitroAggregationSourceOperator,nitroAggregationFlushNanos,0
[WARNING] [stderr] 2026-08-13T02:23:11.270-0600	INFO	ForkJoinPool-1-worker-1	stdout	operator_metric,nitro,clickbench,q19,0,TrinoNitroAggregationSourceOperator,nitroBoundaryNativeExchangeMaximumChannel1Bytes,239766437
[WARNING] [stderr] 2026-08-13T02:23:11.270-0600	INFO	ForkJoinPool-1-worker-1	stdout	operator_metric,nitro,clickbench,q19,0,TrinoNitroAggregationSourceOperator,nitroAggregationFusedNanos,0
[WARNING] [stderr] 2026-08-13T02:23:11.270-0600	INFO	ForkJoinPool-1-worker-1	stdout	operator_metric,nitro,clickbench,q19,0,TrinoNitroAggregationSourceOperator,nitroProjectionGeneratedKernels,0
[WARNING] [stderr] 2026-08-13T02:23:11.270-0600	INFO	ForkJoinPool-1-worker-1	stdout	operator_metric,nitro,clickbench,q19,0,TrinoNitroAggregationSourceOperator,nitroAggregationInitialAggregationNanos,108335379
[WARNING] [stderr] 2026-08-13T02:23:11.270-0600	INFO	ForkJoinPool-1-worker-1	stdout	operator_metric,nitro,clickbench,q19,0,TrinoNitroAggregationSourceOperator,nitroProjectionOtherNullExpansionPositions,0
[WARNING] [stderr] 2026-08-13T02:23:11.270-0600	INFO	ForkJoinPool-1-worker-1	stdout	operator_metric,nitro,clickbench,q19,0,TrinoNitroAggregationSourceOperator,nitroProjectionGeneratedAttempts,0
[WARNING] [stderr] 2026-08-13T02:23:11.270-0600	INFO	ForkJoinPool-1-worker-1	stdout	operator_metric,nitro,clickbench,q19,0,TrinoNitroAggregationSourceOperator,nitroPartialAggregationPassthroughFlushes,10041
[WARNING] [stderr] 2026-08-13T02:23:11.270-0600	INFO	ForkJoinPool-1-worker-1	stdout	operator_metric,nitro,clickbench,q19,0,TrinoNitroAggregationSourceOperator,nitroProjectionOtherInputPositions,0
[WARNING] [stderr] 2026-08-13T02:23:11.270-0600	INFO	ForkJoinPool-1-worker-1	stdout	operator_metric,nitro,clickbench,q19,0,TrinoNitroAggregationSourceOperator,nitroProjectionDictionaryFlatteningPositions,0
[WARNING] [stderr] 2026-08-13T02:23:11.270-0600	INFO	ForkJoinPool-1-worker-1	stdout	operator_metric,nitro,clickbench,q19,0,TrinoNitroAggregationSourceOperator,nitroBoundaryNativeExchangeBytes,9642562472
[WARNING] [stderr] 2026-08-13T02:23:11.270-0600	INFO	ForkJoinPool-1-worker-1	stdout	operator_metric,nitro,clickbench,q19,0,TrinoNitroAggregationSourceOperator,nitroProjectionRunLengthInputPositions,0
[WARNING] [stderr] 2026-08-13T02:23:11.270-0600	INFO	ForkJoinPool-1-worker-1	stdout	operator_metric,nitro,clickbench,q19,0,TrinoNitroAggregationSourceOperator,nitroProjectionGeneratedSelectedPositions,0
[WARNING] [stderr] 2026-08-13T02:23:11.270-0600	INFO	ForkJoinPool-1-worker-1	stdout	operator_metric,nitro,clickbench,q19,0,TrinoNitroAggregationSourceOperator,nitroBoundaryNativeExchangePositions,99919114
[WARNING] [stderr] 2026-08-13T02:23:11.270-0600	INFO	ForkJoinPool-1-worker-1	stdout	operator_metric,nitro,clickbench,q19,0,PartitionedOutputOperator,nitroExchangeRunLengthUnsupportedPositions,0
[WARNING] [stderr] 2026-08-13T02:23:11.270-0600	INFO	ForkJoinPool-1-worker-1	stdout	operator_metric,nitro,clickbench,q19,0,PartitionedOutputOperator,nitroRemoteOutputBufferedAppendNanos,2367823650
[WARNING] [stderr] 2026-08-13T02:23:11.270-0600	INFO	ForkJoinPool-1-worker-1	stdout	operator_metric,nitro,clickbench,q19,0,PartitionedOutputOperator,nitroRemoteOutputTotalNanos,2945453399
[WARNING] [stderr] 2026-08-13T02:23:11.270-0600	INFO	ForkJoinPool-1-worker-1	stdout	operator_metric,nitro,clickbench,q19,0,PartitionedOutputOperator,nitroRemoteOutputInputPositions,99919114
[WARNING] [stderr] 2026-08-13T02:23:11.270-0600	INFO	ForkJoinPool-1-worker-1	stdout	operator_metric,nitro,clickbench,q19,0,PartitionedOutputOperator,nitroExchangeInputRunLengthChannelPositions,0
[WARNING] [stderr] 2026-08-13T02:23:11.270-0600	INFO	ForkJoinPool-1-worker-1	stdout	operator_metric,nitro,clickbench,q19,0,PartitionedOutputOperator,nitroExchangeNoDictionaryPositions,99919114
[WARNING] [stderr] 2026-08-13T02:23:11.270-0600	INFO	ForkJoinPool-1-worker-1	stdout	operator_metric,nitro,clickbench,q19,0,PartitionedOutputOperator,nitroExchangeInputPositions,99919114
[WARNING] [stderr] 2026-08-13T02:23:11.270-0600	INFO	ForkJoinPool-1-worker-1	stdout	operator_metric,nitro,clickbench,q19,0,PartitionedOutputOperator,nitroExchangeLowDictionaryReusePositions,0
[WARNING] [stderr] 2026-08-13T02:23:11.270-0600	INFO	ForkJoinPool-1-worker-1	stdout	operator_metric,nitro,clickbench,q19,0,PartitionedOutputOperator,nitroExchangePreservedPositions,0
[WARNING] [stderr] 2026-08-13T02:23:11.270-0600	INFO	ForkJoinPool-1-worker-1	stdout	operator_metric,nitro,clickbench,q19,0,PartitionedOutputOperator,nitroRemoteOutputPartitionAssignmentNanos,0
[WARNING] [stderr] 2026-08-13T02:23:11.270-0600	INFO	ForkJoinPool-1-worker-1	stdout	operator_metric,nitro,clickbench,q19,0,PartitionedOutputOperator,nitroRemoteOutputBufferedConversionNanos,568006748
[WARNING] [stderr] 2026-08-13T02:23:11.270-0600	INFO	ForkJoinPool-1-worker-1	stdout	operator_metric,nitro,clickbench,q19,0,PartitionedOutputOperator,nitroRemoteOutputNativePartitionAppendNanos,0
[WARNING] [stderr] 2026-08-13T02:23:11.270-0600	INFO	ForkJoinPool-1-worker-1	stdout	operator_metric,nitro,clickbench,q19,0,PartitionedOutputOperator,nitroRemoteOutputNativePartitionConversionNanos,0
[WARNING] [stderr] 2026-08-13T02:23:11.270-0600	INFO	ForkJoinPool-1-worker-1	stdout	operator_metric,nitro,clickbench,q19,0,PartitionedOutputOperator,nitroExchangeInputPages,10045
[WARNING] [stderr] 2026-08-13T02:23:11.270-0600	INFO	ForkJoinPool-1-worker-1	stdout	operator_metric,nitro,clickbench,q19,0,PartitionedOutputOperator,nitroExchangeSmallPagePositions,0
[WARNING] [stderr] 2026-08-13T02:23:11.270-0600	INFO	ForkJoinPool-1-worker-1	stdout	operator_metric,nitro,clickbench,q19,0,PartitionedOutputOperator,nitroExchangeInputFlatChannelPositions,399676456
[WARNING] [stderr] 2026-08-13T02:23:11.270-0600	INFO	ForkJoinPool-1-worker-1	stdout	operator_metric,nitro,clickbench,q19,0,PartitionedOutputOperator,nitroExchangeDictionaryUnsupportedPositions,0
[WARNING] [stderr] 2026-08-13T02:23:11.270-0600	INFO	ForkJoinPool-1-worker-1	stdout	operator_metric,nitro,clickbench,q19,0,PartitionedOutputOperator,nitroRemoteOutputNativeBatches,0
[WARNING] [stderr] 2026-08-13T02:23:11.270-0600	INFO	ForkJoinPool-1-worker-1	stdout	operator_metric,nitro,clickbench,q19,0,PartitionedOutputOperator,nitroRemoteOutputNativePartitionCopyNanos,0
[WARNING] [stderr] 2026-08-13T02:23:11.270-0600	INFO	ForkJoinPool-1-worker-1	stdout	operator_metric,nitro,clickbench,q19,0,PartitionedOutputOperator,nitroExchangeInputDictionaryChannelPositions,0
[WARNING] [stderr] 2026-08-13T02:23:11.270-0600	INFO	ForkJoinPool-1-worker-1	stdout	operator_metric,nitro,clickbench,q19,0,PartitionedOutputOperator,nitroRemoteOutputNativePartitions,0
[WARNING] [stderr] 2026-08-13T02:23:11.270-0600	INFO	ForkJoinPool-1-worker-1	stdout	operator_metric,nitro,clickbench,q19,0,PartitionedOutputOperator,nitroRemoteOutputBufferedBatches,10045
[WARNING] [stderr] 2026-08-13T02:23:11.270-0600	INFO	ForkJoinPool-1-worker-1	stdout	operator_metric,nitro,clickbench,q19,0,PartitionedOutputOperator,nitroRemoteOutputPartitionKeyConversionNanos,0
[WARNING] [stderr] 2026-08-13T02:23:17.032-0600	INFO	ForkJoinPool-1-worker-1	stdout	operator_cpu,nitro,clickbench,q19,1,ExchangeOperator,3,0.000,245.713,0.000,0,99922231,99922231,6101.090,19.499,0.000
[WARNING] [stderr] 2026-08-13T02:23:17.032-0600	INFO	ForkJoinPool-1-worker-1	stdout	operator_cpu,nitro,clickbench,q19,1,LocalExchangeSourceOperator,7,0.000,10.503,0.000,0,99922271,99922271,28694.680,0.000,0.000
[WARNING] [stderr] 2026-08-13T02:23:17.032-0600	INFO	ForkJoinPool-1-worker-1	stdout	operator_cpu,nitro,clickbench,q19,1,TaskOutputOperator,3,0.146,0.000,0.002,0,30,30,0.000,0.000,0.000
[WARNING] [stderr] 2026-08-13T02:23:17.032-0600	INFO	ForkJoinPool-1-worker-1	stdout	operator_cpu,nitro,clickbench,q19,1,LocalExchangeSinkOperator,7,3.309,0.000,0.146,0,99922271,99922271,7100.000,0.000,0.000
[WARNING] [stderr] 2026-08-13T02:23:17.032-0600	INFO	ForkJoinPool-1-worker-1	stdout	operator_cpu,nitro,clickbench,q19,1,TopNOperator,5,0.010,0.655,0.067,0,60,50,0.000,0.084,0.000
[WARNING] [stderr] 2026-08-13T02:23:17.032-0600	INFO	ForkJoinPool-1-worker-1	stdout	operator_cpu,nitro,clickbench,q19,1,TrinoNitroAggregationOperator,2,9580.000,920.030,0.003,0,99922211,20,0.000,1438.522,0.000
[WARNING] [stderr] 2026-08-13T02:23:17.032-0600	INFO	ForkJoinPool-1-worker-1	stdout	operator_cpu,nitro,clickbench,q19,1,TrinoNitroAggregationSourceOperator,165,0.000,4600.000,0.000,99997497,99997497,99922211,0.000,16.746,0.000
[WARNING] [stderr] 2026-08-13T02:23:17.032-0600	INFO	ForkJoinPool-1-worker-1	stdout	operator_cpu,nitro,clickbench,q19,1,PartitionedOutputOperator,165,2420.000,0.000,3.200,0,99922211,99922211,19050.000,0.000,0.000
[WARNING] [stderr] 2026-08-13T02:23:17.032-0600	INFO	ForkJoinPool-1-worker-1	stdout	operator_metric,nitro,clickbench,q19,1,TrinoNitroAggregationOperator,nitroAggregationInitialAggregationNanos,0
[WARNING] [stderr] 2026-08-13T02:23:17.032-0600	INFO	ForkJoinPool-1-worker-1	stdout	operator_metric,nitro,clickbench,q19,1,TrinoNitroAggregationOperator,nitroBoundaryPageEgressRunLengthChannelPositions,0
[WARNING] [stderr] 2026-08-13T02:23:17.032-0600	INFO	ForkJoinPool-1-worker-1	stdout	operator_metric,nitro,clickbench,q19,1,TrinoNitroAggregationOperator,nitroBoundaryPageIngressRunLengthChannelPositions,0
[WARNING] [stderr] 2026-08-13T02:23:17.032-0600	INFO	ForkJoinPool-1-worker-1	stdout	operator_metric,nitro,clickbench,q19,1,TrinoNitroAggregationOperator,nitroAggregationInitialFlatKeyNanos,0
[WARNING] [stderr] 2026-08-13T02:23:17.032-0600	INFO	ForkJoinPool-1-worker-1	stdout	operator_metric,nitro,clickbench,q19,1,TrinoNitroAggregationOperator,nitroBoundaryNativeEgressFlatChannelPositions,80
[WARNING] [stderr] 2026-08-13T02:23:17.032-0600	INFO	ForkJoinPool-1-worker-1	stdout	operator_metric,nitro,clickbench,q19,1,TrinoNitroAggregationOperator,nitroAggregationStatePreparationNanos,9709847
[WARNING] [stderr] 2026-08-13T02:23:17.032-0600	INFO	ForkJoinPool-1-worker-1	stdout	operator_metric,nitro,clickbench,q19,1,TrinoNitroAggregationOperator,nitroBoundaryNativeEgressRunLengthChannelPositions,0
[WARNING] [stderr] 2026-08-13T02:23:17.032-0600	INFO	ForkJoinPool-1-worker-1	stdout	operator_metric,nitro,clickbench,q19,1,TrinoNitroAggregationOperator,nitroBoundaryPageIngressFlatChannelPositions,399688844
[WARNING] [stderr] 2026-08-13T02:23:17.032-0600	INFO	ForkJoinPool-1-worker-1	stdout	operator_metric,nitro,clickbench,q19,1,TrinoNitroAggregationOperator,nitroBoundaryPageEgressFlatChannelPositions,80
[WARNING] [stderr] 2026-08-13T02:23:17.032-0600	INFO	ForkJoinPool-1-worker-1	stdout	operator_metric,nitro,clickbench,q19,1,TrinoNitroAggregationOperator,nitroBoundaryPageEgressPages,2
[WARNING] [stderr] 2026-08-13T02:23:17.032-0600	INFO	ForkJoinPool-1-worker-1	stdout	operator_metric,nitro,clickbench,q19,1,TrinoNitroAggregationOperator,nitroBoundaryPageIngressPages,3409
[WARNING] [stderr] 2026-08-13T02:23:17.032-0600	INFO	ForkJoinPool-1-worker-1	stdout	operator_metric,nitro,clickbench,q19,1,TrinoNitroAggregationOperator,nitroAggregationInitialKeyNanos,0
[WARNING] [stderr] 2026-08-13T02:23:17.032-0600	INFO	ForkJoinPool-1-worker-1	stdout	operator_metric,nitro,clickbench,q19,1,TrinoNitroAggregationOperator,nitroAggregationInitialEncodedKeyNanos,0
[WARNING] [stderr] 2026-08-13T02:23:17.032-0600	INFO	ForkJoinPool-1-worker-1	stdout	operator_metric,nitro,clickbench,q19,1,TrinoNitroAggregationOperator,nitroAggregationOutputNanos,21331
[WARNING] [stderr] 2026-08-13T02:23:17.032-0600	INFO	ForkJoinPool-1-worker-1	stdout	operator_metric,nitro,clickbench,q19,1,TrinoNitroAggregationOperator,nitroAggregationPipelineNanos,0
[WARNING] [stderr] 2026-08-13T02:23:17.032-0600	INFO	ForkJoinPool-1-worker-1	stdout	operator_metric,nitro,clickbench,q19,1,TrinoNitroAggregationOperator,nitroAggregationGroupingNanos,10110669142
[WARNING] [stderr] 2026-08-13T02:23:17.032-0600	INFO	ForkJoinPool-1-worker-1	stdout	operator_metric,nitro,clickbench,q19,1,TrinoNitroAggregationOperator,nitroAggregationAccumulationNanos,286156260
[WARNING] [stderr] 2026-08-13T02:23:17.033-0600	INFO	ForkJoinPool-1-worker-1	stdout	operator_metric,nitro,clickbench,q19,1,TrinoNitroAggregationOperator,nitroBoundaryNativeEgressDictionaryChannelPositions,0
[WARNING] [stderr] 2026-08-13T02:23:17.033-0600	INFO	ForkJoinPool-1-worker-1	stdout	operator_metric,nitro,clickbench,q19,1,TrinoNitroAggregationOperator,nitroAggregationFusedNanos,0
[WARNING] [stderr] 2026-08-13T02:23:17.033-0600	INFO	ForkJoinPool-1-worker-1	stdout	operator_metric,nitro,clickbench,q19,1,TrinoNitroAggregationOperator,nitroAggregationFlushNanos,0
[WARNING] [stderr] 2026-08-13T02:23:17.033-0600	INFO	ForkJoinPool-1-worker-1	stdout	operator_metric,nitro,clickbench,q19,1,TrinoNitroAggregationOperator,nitroBoundaryPageEgressBytes,640
[WARNING] [stderr] 2026-08-13T02:23:17.033-0600	INFO	ForkJoinPool-1-worker-1	stdout	operator_metric,nitro,clickbench,q19,1,TrinoNitroAggregationOperator,nitroBoundaryPageEgressPositions,20
[WARNING] [stderr] 2026-08-13T02:23:17.033-0600	INFO	ForkJoinPool-1-worker-1	stdout	operator_metric,nitro,clickbench,q19,1,TrinoNitroAggregationOperator,nitroBoundaryPageIngressBytes,3937022072
[WARNING] [stderr] 2026-08-13T02:23:17.033-0600	INFO	ForkJoinPool-1-worker-1	stdout	operator_metric,nitro,clickbench,q19,1,TrinoNitroAggregationOperator,nitroBoundaryPageIngressPositions,99922211
[WARNING] [stderr] 2026-08-13T02:23:17.033-0600	INFO	ForkJoinPool-1-worker-1	stdout	operator_metric,nitro,clickbench,q19,1,TrinoNitroAggregationOperator,nitroBoundaryPageIngressDictionaryChannelPositions,0
[WARNING] [stderr] 2026-08-13T02:23:17.033-0600	INFO	ForkJoinPool-1-worker-1	stdout	operator_metric,nitro,clickbench,q19,1,TrinoNitroAggregationOperator,nitroAggregationInputNanos,10407798761
[WARNING] [stderr] 2026-08-13T02:23:17.033-0600	INFO	ForkJoinPool-1-worker-1	stdout	operator_metric,nitro,clickbench,q19,1,TrinoNitroAggregationOperator,nitroBoundaryPageEgressDictionaryChannelPositions,0
[WARNING] [stderr] 2026-08-13T02:23:17.033-0600	INFO	ForkJoinPool-1-worker-1	stdout	operator_metric,nitro,clickbench,q19,1,TrinoNitroAggregationSourceOperator,nitroAggregationStatePreparationNanos,20693
[WARNING] [stderr] 2026-08-13T02:23:17.033-0600	INFO	ForkJoinPool-1-worker-1	stdout	operator_metric,nitro,clickbench,q19,1,TrinoNitroAggregationSourceOperator,nitroAggregationInitialKeyNanos,0
[WARNING] [stderr] 2026-08-13T02:23:17.033-0600	INFO	ForkJoinPool-1-worker-1	stdout	operator_metric,nitro,clickbench,q19,1,TrinoNitroAggregationSourceOperator,nitroPartialAggregationCardinalityBypassDecisions,2
[WARNING] [stderr] 2026-08-13T02:23:17.033-0600	INFO	ForkJoinPool-1-worker-1	stdout	operator_metric,nitro,clickbench,q19,1,TrinoNitroAggregationSourceOperator,nitroBoundaryNativeExchangeMaximumChannel0Bytes,14298471
[WARNING] [stderr] 2026-08-13T02:23:17.033-0600	INFO	ForkJoinPool-1-worker-1	stdout	operator_metric,nitro,clickbench,q19,1,TrinoNitroAggregationSourceOperator,nitroBoundaryNativeExchangeMaximumChannel3Bytes,14298471
[WARNING] [stderr] 2026-08-13T02:23:17.033-0600	INFO	ForkJoinPool-1-worker-1	stdout	operator_metric,nitro,clickbench,q19,1,TrinoNitroAggregationSourceOperator,nitroProjectionDictionaryNullExpansionPositions,0
[WARNING] [stderr] 2026-08-13T02:23:17.033-0600	INFO	ForkJoinPool-1-worker-1	stdout	operator_metric,nitro,clickbench,q19,1,TrinoNitroAggregationSourceOperator,nitroPartialAggregationAggregatedFlushes,0
[WARNING] [stderr] 2026-08-13T02:23:17.033-0600	INFO	ForkJoinPool-1-worker-1	stdout	operator_metric,nitro,clickbench,q19,1,TrinoNitroAggregationSourceOperator,nitroAggregationInputNanos,5598661905
[WARNING] [stderr] 2026-08-13T02:23:17.033-0600	INFO	ForkJoinPool-1-worker-1	stdout	operator_metric,nitro,clickbench,q19,1,TrinoNitroAggregationSourceOperator,nitroAggregationInitialFlatKeyNanos,0
[WARNING] [stderr] 2026-08-13T02:23:17.033-0600	INFO	ForkJoinPool-1-worker-1	stdout	operator_metric,nitro,clickbench,q19,1,TrinoNitroAggregationSourceOperator,nitroPartialAggregationCardinalityAggregateDecisions,0
[WARNING] [stderr] 2026-08-13T02:23:17.033-0600	INFO	ForkJoinPool-1-worker-1	stdout	operator_metric,nitro,clickbench,q19,1,TrinoNitroAggregationSourceOperator,nitroPartialAggregationPassthroughInputRows,99857497
[WARNING] [stderr] 2026-08-13T02:23:17.033-0600	INFO	ForkJoinPool-1-worker-1	stdout	operator_metric,nitro,clickbench,q19,1,TrinoNitroAggregationSourceOperator,nitroAggregationGroupingNanos,8204797
[WARNING] [stderr] 2026-08-13T02:23:17.033-0600	INFO	ForkJoinPool-1-worker-1	stdout	operator_metric,nitro,clickbench,q19,1,TrinoNitroAggregationSourceOperator,nitroBoundaryNativeExchangeBatches,10046
[WARNING] [stderr] 2026-08-13T02:23:17.033-0600	INFO	ForkJoinPool-1-worker-1	stdout	operator_metric,nitro,clickbench,q19,1,TrinoNitroAggregationSourceOperator,nitroAggregationOutputNanos,2988860
[WARNING] [stderr] 2026-08-13T02:23:17.033-0600	INFO	ForkJoinPool-1-worker-1	stdout	operator_metric,nitro,clickbench,q19,1,TrinoNitroAggregationSourceOperator,nitroProjectionPlannedComputedOutputs,165
[WARNING] [stderr] 2026-08-13T02:23:17.033-0600	INFO	ForkJoinPool-1-worker-1	stdout	operator_metric,nitro,clickbench,q19,1,TrinoNitroAggregationSourceOperator,nitroPartialAggregationCardinalityObservations,956
[WARNING] [stderr] 2026-08-13T02:23:17.033-0600	INFO	ForkJoinPool-1-worker-1	stdout	operator_metric,nitro,clickbench,q19,1,TrinoNitroAggregationSourceOperator,nitroOperatorConstructionNanos,65927577
[WARNING] [stderr] 2026-08-13T02:23:17.033-0600	INFO	ForkJoinPool-1-worker-1	stdout	operator_metric,nitro,clickbench,q19,1,TrinoNitroAggregationSourceOperator,nitroBoundaryNativeExchangeMaximumChannel2Bytes,28268451
[WARNING] [stderr] 2026-08-13T02:23:17.033-0600	INFO	ForkJoinPool-1-worker-1	stdout	operator_metric,nitro,clickbench,q19,1,TrinoNitroAggregationSourceOperator,nitroProjectionIntegerWideningPositions,0
[WARNING] [stderr] 2026-08-13T02:23:17.033-0600	INFO	ForkJoinPool-1-worker-1	stdout	operator_metric,nitro,clickbench,q19,1,TrinoNitroAggregationSourceOperator,nitroBoundaryNativeExchangeMaximumBatchBytes,305274382
[WARNING] [stderr] 2026-08-13T02:23:17.033-0600	INFO	ForkJoinPool-1-worker-1	stdout	operator_metric,nitro,clickbench,q19,1,TrinoNitroAggregationSourceOperator,nitroPartialAggregationCardinalityReconsideredDecisions,0
[WARNING] [stderr] 2026-08-13T02:23:17.033-0600	INFO	ForkJoinPool-1-worker-1	stdout	operator_metric,nitro,clickbench,q19,1,TrinoNitroAggregationSourceOperator,nitroAggregationPipelineNanos,15862482
[WARNING] [stderr] 2026-08-13T02:23:17.033-0600	INFO	ForkJoinPool-1-worker-1	stdout	operator_metric,nitro,clickbench,q19,1,TrinoNitroAggregationSourceOperator,nitroProjectionPlannedAssignments,330
[WARNING] [stderr] 2026-08-13T02:23:17.033-0600	INFO	ForkJoinPool-1-worker-1	stdout	operator_metric,nitro,clickbench,q19,1,TrinoNitroAggregationSourceOperator,nitroPartialAggregationAggregatedOutputRows,0
[WARNING] [stderr] 2026-08-13T02:23:17.033-0600	INFO	ForkJoinPool-1-worker-1	stdout	operator_metric,nitro,clickbench,q19,1,TrinoNitroAggregationSourceOperator,nitroProjectionDictionaryInputPositions,0
[WARNING] [stderr] 2026-08-13T02:23:17.033-0600	INFO	ForkJoinPool-1-worker-1	stdout	operator_metric,nitro,clickbench,q19,1,TrinoNitroAggregationSourceOperator,nitroAggregationAccumulationNanos,192252
[WARNING] [stderr] 2026-08-13T02:23:17.033-0600	INFO	ForkJoinPool-1-worker-1	stdout	operator_metric,nitro,clickbench,q19,1,TrinoNitroAggregationSourceOperator,nitroProjectionGeneratedErrorFallbacks,0
[WARNING] [stderr] 2026-08-13T02:23:17.033-0600	INFO	ForkJoinPool-1-worker-1	stdout	operator_metric,nitro,clickbench,q19,1,TrinoNitroAggregationSourceOperator,nitroProjectionGeneratedOutputs,0
[WARNING] [stderr] 2026-08-13T02:23:17.033-0600	INFO	ForkJoinPool-1-worker-1	stdout	operator_metric,nitro,clickbench,q19,1,TrinoNitroAggregationSourceOperator,nitroProjectionFlatInputPositions,0
[WARNING] [stderr] 2026-08-13T02:23:17.033-0600	INFO	ForkJoinPool-1-worker-1	stdout	operator_metric,nitro,clickbench,q19,1,TrinoNitroAggregationSourceOperator,nitroAggregationInitialEncodedKeyNanos,0
[WARNING] [stderr] 2026-08-13T02:23:17.033-0600	INFO	ForkJoinPool-1-worker-1	stdout	operator_metric,nitro,clickbench,q19,1,TrinoNitroAggregationSourceOperator,nitroNativeSourceCreationNanos,23886212
[WARNING] [stderr] 2026-08-13T02:23:17.033-0600	INFO	ForkJoinPool-1-worker-1	stdout	operator_metric,nitro,clickbench,q19,1,TrinoNitroAggregationSourceOperator,nitroProjectionGeneratedLayoutFallbacks,0
[WARNING] [stderr] 2026-08-13T02:23:17.033-0600	INFO	ForkJoinPool-1-worker-1	stdout	operator_metric,nitro,clickbench,q19,1,TrinoNitroAggregationSourceOperator,nitroProjectionGeneratedSuccesses,0
[WARNING] [stderr] 2026-08-13T02:23:17.033-0600	INFO	ForkJoinPool-1-worker-1	stdout	operator_metric,nitro,clickbench,q19,1,TrinoNitroAggregationSourceOperator,nitroPartialAggregationAggregatedInputRows,0
[WARNING] [stderr] 2026-08-13T02:23:17.033-0600	INFO	ForkJoinPool-1-worker-1	stdout	operator_metric,nitro,clickbench,q19,1,TrinoNitroAggregationSourceOperator,nitroAggregationFlushNanos,0
[WARNING] [stderr] 2026-08-13T02:23:17.033-0600	INFO	ForkJoinPool-1-worker-1	stdout	operator_metric,nitro,clickbench,q19,1,TrinoNitroAggregationSourceOperator,nitroBoundaryNativeExchangeMaximumChannel1Bytes,248757506
[WARNING] [stderr] 2026-08-13T02:23:17.033-0600	INFO	ForkJoinPool-1-worker-1	stdout	operator_metric,nitro,clickbench,q19,1,TrinoNitroAggregationSourceOperator,nitroAggregationFusedNanos,0
[WARNING] [stderr] 2026-08-13T02:23:17.033-0600	INFO	ForkJoinPool-1-worker-1	stdout	operator_metric,nitro,clickbench,q19,1,TrinoNitroAggregationSourceOperator,nitroProjectionGeneratedKernels,0
[WARNING] [stderr] 2026-08-13T02:23:17.033-0600	INFO	ForkJoinPool-1-worker-1	stdout	operator_metric,nitro,clickbench,q19,1,TrinoNitroAggregationSourceOperator,nitroAggregationInitialAggregationNanos,110800945
[WARNING] [stderr] 2026-08-13T02:23:17.033-0600	INFO	ForkJoinPool-1-worker-1	stdout	operator_metric,nitro,clickbench,q19,1,TrinoNitroAggregationSourceOperator,nitroProjectionOtherNullExpansionPositions,0
[WARNING] [stderr] 2026-08-13T02:23:17.033-0600	INFO	ForkJoinPool-1-worker-1	stdout	operator_metric,nitro,clickbench,q19,1,TrinoNitroAggregationSourceOperator,nitroProjectionGeneratedAttempts,0
[WARNING] [stderr] 2026-08-13T02:23:17.033-0600	INFO	ForkJoinPool-1-worker-1	stdout	operator_metric,nitro,clickbench,q19,1,TrinoNitroAggregationSourceOperator,nitroPartialAggregationPassthroughFlushes,10041
[WARNING] [stderr] 2026-08-13T02:23:17.033-0600	INFO	ForkJoinPool-1-worker-1	stdout	operator_metric,nitro,clickbench,q19,1,TrinoNitroAggregationSourceOperator,nitroProjectionOtherInputPositions,0
[WARNING] [stderr] 2026-08-13T02:23:17.033-0600	INFO	ForkJoinPool-1-worker-1	stdout	operator_metric,nitro,clickbench,q19,1,TrinoNitroAggregationSourceOperator,nitroProjectionDictionaryFlatteningPositions,0
[WARNING] [stderr] 2026-08-13T02:23:17.033-0600	INFO	ForkJoinPool-1-worker-1	stdout	operator_metric,nitro,clickbench,q19,1,TrinoNitroAggregationSourceOperator,nitroBoundaryNativeExchangeBytes,9640701295
[WARNING] [stderr] 2026-08-13T02:23:17.033-0600	INFO	ForkJoinPool-1-worker-1	stdout	operator_metric,nitro,clickbench,q19,1,TrinoNitroAggregationSourceOperator,nitroProjectionRunLengthInputPositions,0
[WARNING] [stderr] 2026-08-13T02:23:17.033-0600	INFO	ForkJoinPool-1-worker-1	stdout	operator_metric,nitro,clickbench,q19,1,TrinoNitroAggregationSourceOperator,nitroProjectionGeneratedSelectedPositions,0
[WARNING] [stderr] 2026-08-13T02:23:17.033-0600	INFO	ForkJoinPool-1-worker-1	stdout	operator_metric,nitro,clickbench,q19,1,TrinoNitroAggregationSourceOperator,nitroBoundaryNativeExchangePositions,99922211
[WARNING] [stderr] 2026-08-13T02:23:17.033-0600	INFO	ForkJoinPool-1-worker-1	stdout	operator_metric,nitro,clickbench,q19,1,PartitionedOutputOperator,nitroExchangeRunLengthUnsupportedPositions,0
[WARNING] [stderr] 2026-08-13T02:23:17.033-0600	INFO	ForkJoinPool-1-worker-1	stdout	operator_metric,nitro,clickbench,q19,1,PartitionedOutputOperator,nitroRemoteOutputBufferedAppendNanos,2500982530
[WARNING] [stderr] 2026-08-13T02:23:17.033-0600	INFO	ForkJoinPool-1-worker-1	stdout	operator_metric,nitro,clickbench,q19,1,PartitionedOutputOperator,nitroRemoteOutputTotalNanos,3191434828
[WARNING] [stderr] 2026-08-13T02:23:17.033-0600	INFO	ForkJoinPool-1-worker-1	stdout	operator_metric,nitro,clickbench,q19,1,PartitionedOutputOperator,nitroRemoteOutputInputPositions,99922211
[WARNING] [stderr] 2026-08-13T02:23:17.033-0600	INFO	ForkJoinPool-1-worker-1	stdout	operator_metric,nitro,clickbench,q19,1,PartitionedOutputOperator,nitroExchangeInputRunLengthChannelPositions,0
[WARNING] [stderr] 2026-08-13T02:23:17.033-0600	INFO	ForkJoinPool-1-worker-1	stdout	operator_metric,nitro,clickbench,q19,1,PartitionedOutputOperator,nitroExchangeNoDictionaryPositions,99922211
[WARNING] [stderr] 2026-08-13T02:23:17.033-0600	INFO	ForkJoinPool-1-worker-1	stdout	operator_metric,nitro,clickbench,q19,1,PartitionedOutputOperator,nitroExchangeInputPositions,99922211
[WARNING] [stderr] 2026-08-13T02:23:17.033-0600	INFO	ForkJoinPool-1-worker-1	stdout	operator_metric,nitro,clickbench,q19,1,PartitionedOutputOperator,nitroExchangeLowDictionaryReusePositions,0
[WARNING] [stderr] 2026-08-13T02:23:17.033-0600	INFO	ForkJoinPool-1-worker-1	stdout	operator_metric,nitro,clickbench,q19,1,PartitionedOutputOperator,nitroExchangePreservedPositions,0
[WARNING] [stderr] 2026-08-13T02:23:17.033-0600	INFO	ForkJoinPool-1-worker-1	stdout	operator_metric,nitro,clickbench,q19,1,PartitionedOutputOperator,nitroRemoteOutputPartitionAssignmentNanos,0
[WARNING] [stderr] 2026-08-13T02:23:17.033-0600	INFO	ForkJoinPool-1-worker-1	stdout	operator_metric,nitro,clickbench,q19,1,PartitionedOutputOperator,nitroRemoteOutputBufferedConversionNanos,679208064
[WARNING] [stderr] 2026-08-13T02:23:17.033-0600	INFO	ForkJoinPool-1-worker-1	stdout	operator_metric,nitro,clickbench,q19,1,PartitionedOutputOperator,nitroRemoteOutputNativePartitionAppendNanos,0
[WARNING] [stderr] 2026-08-13T02:23:17.033-0600	INFO	ForkJoinPool-1-worker-1	stdout	operator_metric,nitro,clickbench,q19,1,PartitionedOutputOperator,nitroRemoteOutputNativePartitionConversionNanos,0
[WARNING] [stderr] 2026-08-13T02:23:17.033-0600	INFO	ForkJoinPool-1-worker-1	stdout	operator_metric,nitro,clickbench,q19,1,PartitionedOutputOperator,nitroExchangeInputPages,10046
[WARNING] [stderr] 2026-08-13T02:23:17.033-0600	INFO	ForkJoinPool-1-worker-1	stdout	operator_metric,nitro,clickbench,q19,1,PartitionedOutputOperator,nitroExchangeSmallPagePositions,0
[WARNING] [stderr] 2026-08-13T02:23:17.033-0600	INFO	ForkJoinPool-1-worker-1	stdout	operator_metric,nitro,clickbench,q19,1,PartitionedOutputOperator,nitroExchangeInputFlatChannelPositions,399688844
[WARNING] [stderr] 2026-08-13T02:23:17.033-0600	INFO	ForkJoinPool-1-worker-1	stdout	operator_metric,nitro,clickbench,q19,1,PartitionedOutputOperator,nitroExchangeDictionaryUnsupportedPositions,0
[WARNING] [stderr] 2026-08-13T02:23:17.033-0600	INFO	ForkJoinPool-1-worker-1	stdout	operator_metric,nitro,clickbench,q19,1,PartitionedOutputOperator,nitroRemoteOutputNativeBatches,0
[WARNING] [stderr] 2026-08-13T02:23:17.033-0600	INFO	ForkJoinPool-1-worker-1	stdout	operator_metric,nitro,clickbench,q19,1,PartitionedOutputOperator,nitroRemoteOutputNativePartitionCopyNanos,0
[WARNING] [stderr] 2026-08-13T02:23:17.034-0600	INFO	ForkJoinPool-1-worker-1	stdout	operator_metric,nitro,clickbench,q19,1,PartitionedOutputOperator,nitroExchangeInputDictionaryChannelPositions,0
[WARNING] [stderr] 2026-08-13T02:23:17.034-0600	INFO	ForkJoinPool-1-worker-1	stdout	operator_metric,nitro,clickbench,q19,1,PartitionedOutputOperator,nitroRemoteOutputNativePartitions,0
[WARNING] [stderr] 2026-08-13T02:23:17.034-0600	INFO	ForkJoinPool-1-worker-1	stdout	operator_metric,nitro,clickbench,q19,1,PartitionedOutputOperator,nitroRemoteOutputBufferedBatches,10046
[WARNING] [stderr] 2026-08-13T02:23:17.034-0600	INFO	ForkJoinPool-1-worker-1	stdout	operator_metric,nitro,clickbench,q19,1,PartitionedOutputOperator,nitroRemoteOutputPartitionKeyConversionNanos,0
[WARNING] [stderr] 2026-08-13T02:23:22.824-0600	INFO	ForkJoinPool-1-worker-1	stdout	operator_cpu,nitro,clickbench,q19,2,ExchangeOperator,3,0.000,247.138,0.000,0,99930308,99930308,6283.570,20.026,0.000
[WARNING] [stderr] 2026-08-13T02:23:22.824-0600	INFO	ForkJoinPool-1-worker-1	stdout	operator_cpu,nitro,clickbench,q19,2,LocalExchangeSourceOperator,7,0.000,10.683,0.000,0,99930348,99930348,29018.360,0.000,0.000
[WARNING] [stderr] 2026-08-13T02:23:22.824-0600	INFO	ForkJoinPool-1-worker-1	stdout	operator_cpu,nitro,clickbench,q19,2,TaskOutputOperator,3,0.141,0.000,0.002,0,30,30,0.000,0.000,0.000
[WARNING] [stderr] 2026-08-13T02:23:22.824-0600	INFO	ForkJoinPool-1-worker-1	stdout	operator_cpu,nitro,clickbench,q19,2,LocalExchangeSinkOperator,7,3.314,0.000,0.127,0,99930348,99930348,6950.000,0.000,0.000
[WARNING] [stderr] 2026-08-13T02:23:22.824-0600	INFO	ForkJoinPool-1-worker-1	stdout	operator_cpu,nitro,clickbench,q19,2,TopNOperator,5,0.010,0.631,0.066,0,60,50,0.000,0.084,0.000
[WARNING] [stderr] 2026-08-13T02:23:22.824-0600	INFO	ForkJoinPool-1-worker-1	stdout	operator_cpu,nitro,clickbench,q19,2,TrinoNitroAggregationOperator,2,9580.000,916.470,0.003,0,99930288,20,0.000,1439.491,0.000
[WARNING] [stderr] 2026-08-13T02:23:22.824-0600	INFO	ForkJoinPool-1-worker-1	stdout	operator_cpu,nitro,clickbench,q19,2,TrinoNitroAggregationSourceOperator,165,0.000,4590.000,0.000,99997497,99997497,99930288,0.000,16.746,0.000
[WARNING] [stderr] 2026-08-13T02:23:22.824-0600	INFO	ForkJoinPool-1-worker-1	stdout	operator_cpu,nitro,clickbench,q19,2,PartitionedOutputOperator,165,2420.000,0.000,3.210,0,99930288,99930288,19770.000,0.000,0.000
[WARNING] [stderr] 2026-08-13T02:23:22.824-0600	INFO	ForkJoinPool-1-worker-1	stdout	operator_metric,nitro,clickbench,q19,2,TrinoNitroAggregationOperator,nitroAggregationInitialAggregationNanos,0
[WARNING] [stderr] 2026-08-13T02:23:22.824-0600	INFO	ForkJoinPool-1-worker-1	stdout	operator_metric,nitro,clickbench,q19,2,TrinoNitroAggregationOperator,nitroBoundaryPageEgressRunLengthChannelPositions,0
[WARNING] [stderr] 2026-08-13T02:23:22.824-0600	INFO	ForkJoinPool-1-worker-1	stdout	operator_metric,nitro,clickbench,q19,2,TrinoNitroAggregationOperator,nitroBoundaryPageIngressRunLengthChannelPositions,0
[WARNING] [stderr] 2026-08-13T02:23:22.824-0600	INFO	ForkJoinPool-1-worker-1	stdout	operator_metric,nitro,clickbench,q19,2,TrinoNitroAggregationOperator,nitroAggregationInitialFlatKeyNanos,0
[WARNING] [stderr] 2026-08-13T02:23:22.824-0600	INFO	ForkJoinPool-1-worker-1	stdout	operator_metric,nitro,clickbench,q19,2,TrinoNitroAggregationOperator,nitroBoundaryNativeEgressFlatChannelPositions,80
[WARNING] [stderr] 2026-08-13T02:23:22.824-0600	INFO	ForkJoinPool-1-worker-1	stdout	operator_metric,nitro,clickbench,q19,2,TrinoNitroAggregationOperator,nitroAggregationStatePreparationNanos,48070745
[WARNING] [stderr] 2026-08-13T02:23:22.824-0600	INFO	ForkJoinPool-1-worker-1	stdout	operator_metric,nitro,clickbench,q19,2,TrinoNitroAggregationOperator,nitroBoundaryNativeEgressRunLengthChannelPositions,0
[WARNING] [stderr] 2026-08-13T02:23:22.824-0600	INFO	ForkJoinPool-1-worker-1	stdout	operator_metric,nitro,clickbench,q19,2,TrinoNitroAggregationOperator,nitroBoundaryPageIngressFlatChannelPositions,399721152
[WARNING] [stderr] 2026-08-13T02:23:22.824-0600	INFO	ForkJoinPool-1-worker-1	stdout	operator_metric,nitro,clickbench,q19,2,TrinoNitroAggregationOperator,nitroBoundaryPageEgressFlatChannelPositions,80
[WARNING] [stderr] 2026-08-13T02:23:22.824-0600	INFO	ForkJoinPool-1-worker-1	stdout	operator_metric,nitro,clickbench,q19,2,TrinoNitroAggregationOperator,nitroBoundaryPageEgressPages,2
[WARNING] [stderr] 2026-08-13T02:23:22.824-0600	INFO	ForkJoinPool-1-worker-1	stdout	operator_metric,nitro,clickbench,q19,2,TrinoNitroAggregationOperator,nitroBoundaryPageIngressPages,3411
[WARNING] [stderr] 2026-08-13T02:23:22.824-0600	INFO	ForkJoinPool-1-worker-1	stdout	operator_metric,nitro,clickbench,q19,2,TrinoNitroAggregationOperator,nitroAggregationInitialKeyNanos,0
[WARNING] [stderr] 2026-08-13T02:23:22.824-0600	INFO	ForkJoinPool-1-worker-1	stdout	operator_metric,nitro,clickbench,q19,2,TrinoNitroAggregationOperator,nitroAggregationInitialEncodedKeyNanos,0
[WARNING] [stderr] 2026-08-13T02:23:22.824-0600	INFO	ForkJoinPool-1-worker-1	stdout	operator_metric,nitro,clickbench,q19,2,TrinoNitroAggregationOperator,nitroAggregationOutputNanos,20379
[WARNING] [stderr] 2026-08-13T02:23:22.824-0600	INFO	ForkJoinPool-1-worker-1	stdout	operator_metric,nitro,clickbench,q19,2,TrinoNitroAggregationOperator,nitroAggregationPipelineNanos,0
[WARNING] [stderr] 2026-08-13T02:23:22.824-0600	INFO	ForkJoinPool-1-worker-1	stdout	operator_metric,nitro,clickbench,q19,2,TrinoNitroAggregationOperator,nitroAggregationGroupingNanos,9957711867
[WARNING] [stderr] 2026-08-13T02:23:22.824-0600	INFO	ForkJoinPool-1-worker-1	stdout	operator_metric,nitro,clickbench,q19,2,TrinoNitroAggregationOperator,nitroAggregationAccumulationNanos,334665282
[WARNING] [stderr] 2026-08-13T02:23:22.824-0600	INFO	ForkJoinPool-1-worker-1	stdout	operator_metric,nitro,clickbench,q19,2,TrinoNitroAggregationOperator,nitroBoundaryNativeEgressDictionaryChannelPositions,0
[WARNING] [stderr] 2026-08-13T02:23:22.824-0600	INFO	ForkJoinPool-1-worker-1	stdout	operator_metric,nitro,clickbench,q19,2,TrinoNitroAggregationOperator,nitroAggregationFusedNanos,0
[WARNING] [stderr] 2026-08-13T02:23:22.824-0600	INFO	ForkJoinPool-1-worker-1	stdout	operator_metric,nitro,clickbench,q19,2,TrinoNitroAggregationOperator,nitroAggregationFlushNanos,0
[WARNING] [stderr] 2026-08-13T02:23:22.824-0600	INFO	ForkJoinPool-1-worker-1	stdout	operator_metric,nitro,clickbench,q19,2,TrinoNitroAggregationOperator,nitroBoundaryPageEgressBytes,640
[WARNING] [stderr] 2026-08-13T02:23:22.824-0600	INFO	ForkJoinPool-1-worker-1	stdout	operator_metric,nitro,clickbench,q19,2,TrinoNitroAggregationOperator,nitroBoundaryPageEgressPositions,20
[WARNING] [stderr] 2026-08-13T02:23:22.824-0600	INFO	ForkJoinPool-1-worker-1	stdout	operator_metric,nitro,clickbench,q19,2,TrinoNitroAggregationOperator,nitroBoundaryPageIngressBytes,3937313175
[WARNING] [stderr] 2026-08-13T02:23:22.824-0600	INFO	ForkJoinPool-1-worker-1	stdout	operator_metric,nitro,clickbench,q19,2,TrinoNitroAggregationOperator,nitroBoundaryPageIngressPositions,99930288
[WARNING] [stderr] 2026-08-13T02:23:22.824-0600	INFO	ForkJoinPool-1-worker-1	stdout	operator_metric,nitro,clickbench,q19,2,TrinoNitroAggregationOperator,nitroBoundaryPageIngressDictionaryChannelPositions,0
[WARNING] [stderr] 2026-08-13T02:23:22.824-0600	INFO	ForkJoinPool-1-worker-1	stdout	operator_metric,nitro,clickbench,q19,2,TrinoNitroAggregationOperator,nitroAggregationInputNanos,10342091533
[WARNING] [stderr] 2026-08-13T02:23:22.824-0600	INFO	ForkJoinPool-1-worker-1	stdout	operator_metric,nitro,clickbench,q19,2,TrinoNitroAggregationOperator,nitroBoundaryPageEgressDictionaryChannelPositions,0
[WARNING] [stderr] 2026-08-13T02:23:22.824-0600	INFO	ForkJoinPool-1-worker-1	stdout	operator_metric,nitro,clickbench,q19,2,TrinoNitroAggregationSourceOperator,nitroAggregationStatePreparationNanos,27834
[WARNING] [stderr] 2026-08-13T02:23:22.824-0600	INFO	ForkJoinPool-1-worker-1	stdout	operator_metric,nitro,clickbench,q19,2,TrinoNitroAggregationSourceOperator,nitroAggregationInitialKeyNanos,0
[WARNING] [stderr] 2026-08-13T02:23:22.824-0600	INFO	ForkJoinPool-1-worker-1	stdout	operator_metric,nitro,clickbench,q19,2,TrinoNitroAggregationSourceOperator,nitroPartialAggregationCardinalityBypassDecisions,2
[WARNING] [stderr] 2026-08-13T02:23:22.825-0600	INFO	ForkJoinPool-1-worker-1	stdout	operator_metric,nitro,clickbench,q19,2,TrinoNitroAggregationSourceOperator,nitroBoundaryNativeExchangeMaximumChannel0Bytes,14373477
[WARNING] [stderr] 2026-08-13T02:23:22.825-0600	INFO	ForkJoinPool-1-worker-1	stdout	operator_metric,nitro,clickbench,q19,2,TrinoNitroAggregationSourceOperator,nitroBoundaryNativeExchangeMaximumChannel3Bytes,14373477
[WARNING] [stderr] 2026-08-13T02:23:22.825-0600	INFO	ForkJoinPool-1-worker-1	stdout	operator_metric,nitro,clickbench,q19,2,TrinoNitroAggregationSourceOperator,nitroProjectionDictionaryNullExpansionPositions,0
[WARNING] [stderr] 2026-08-13T02:23:22.825-0600	INFO	ForkJoinPool-1-worker-1	stdout	operator_metric,nitro,clickbench,q19,2,TrinoNitroAggregationSourceOperator,nitroPartialAggregationAggregatedFlushes,0
[WARNING] [stderr] 2026-08-13T02:23:22.825-0600	INFO	ForkJoinPool-1-worker-1	stdout	operator_metric,nitro,clickbench,q19,2,TrinoNitroAggregationSourceOperator,nitroAggregationInputNanos,5518838282
[WARNING] [stderr] 2026-08-13T02:23:22.825-0600	INFO	ForkJoinPool-1-worker-1	stdout	operator_metric,nitro,clickbench,q19,2,TrinoNitroAggregationSourceOperator,nitroAggregationInitialFlatKeyNanos,0
[WARNING] [stderr] 2026-08-13T02:23:22.825-0600	INFO	ForkJoinPool-1-worker-1	stdout	operator_metric,nitro,clickbench,q19,2,TrinoNitroAggregationSourceOperator,nitroPartialAggregationCardinalityAggregateDecisions,0
[WARNING] [stderr] 2026-08-13T02:23:22.825-0600	INFO	ForkJoinPool-1-worker-1	stdout	operator_metric,nitro,clickbench,q19,2,TrinoNitroAggregationSourceOperator,nitroPartialAggregationPassthroughInputRows,99857497
[WARNING] [stderr] 2026-08-13T02:23:22.825-0600	INFO	ForkJoinPool-1-worker-1	stdout	operator_metric,nitro,clickbench,q19,2,TrinoNitroAggregationSourceOperator,nitroAggregationGroupingNanos,18854046
[WARNING] [stderr] 2026-08-13T02:23:22.825-0600	INFO	ForkJoinPool-1-worker-1	stdout	operator_metric,nitro,clickbench,q19,2,TrinoNitroAggregationSourceOperator,nitroBoundaryNativeExchangeBatches,10047
[WARNING] [stderr] 2026-08-13T02:23:22.825-0600	INFO	ForkJoinPool-1-worker-1	stdout	operator_metric,nitro,clickbench,q19,2,TrinoNitroAggregationSourceOperator,nitroAggregationOutputNanos,2676828
[WARNING] [stderr] 2026-08-13T02:23:22.825-0600	INFO	ForkJoinPool-1-worker-1	stdout	operator_metric,nitro,clickbench,q19,2,TrinoNitroAggregationSourceOperator,nitroProjectionPlannedComputedOutputs,165
[WARNING] [stderr] 2026-08-13T02:23:22.825-0600	INFO	ForkJoinPool-1-worker-1	stdout	operator_metric,nitro,clickbench,q19,2,TrinoNitroAggregationSourceOperator,nitroPartialAggregationCardinalityObservations,688
[WARNING] [stderr] 2026-08-13T02:23:22.825-0600	INFO	ForkJoinPool-1-worker-1	stdout	operator_metric,nitro,clickbench,q19,2,TrinoNitroAggregationSourceOperator,nitroOperatorConstructionNanos,25016266
[WARNING] [stderr] 2026-08-13T02:23:22.825-0600	INFO	ForkJoinPool-1-worker-1	stdout	operator_metric,nitro,clickbench,q19,2,TrinoNitroAggregationSourceOperator,nitroBoundaryNativeExchangeMaximumChannel2Bytes,28305702
[WARNING] [stderr] 2026-08-13T02:23:22.825-0600	INFO	ForkJoinPool-1-worker-1	stdout	operator_metric,nitro,clickbench,q19,2,TrinoNitroAggregationSourceOperator,nitroProjectionIntegerWideningPositions,0
[WARNING] [stderr] 2026-08-13T02:23:22.825-0600	INFO	ForkJoinPool-1-worker-1	stdout	operator_metric,nitro,clickbench,q19,2,TrinoNitroAggregationSourceOperator,nitroBoundaryNativeExchangeMaximumBatchBytes,305885349
[WARNING] [stderr] 2026-08-13T02:23:22.825-0600	INFO	ForkJoinPool-1-worker-1	stdout	operator_metric,nitro,clickbench,q19,2,TrinoNitroAggregationSourceOperator,nitroPartialAggregationCardinalityReconsideredDecisions,0
[WARNING] [stderr] 2026-08-13T02:23:22.825-0600	INFO	ForkJoinPool-1-worker-1	stdout	operator_metric,nitro,clickbench,q19,2,TrinoNitroAggregationSourceOperator,nitroAggregationPipelineNanos,20729636
[WARNING] [stderr] 2026-08-13T02:23:22.825-0600	INFO	ForkJoinPool-1-worker-1	stdout	operator_metric,nitro,clickbench,q19,2,TrinoNitroAggregationSourceOperator,nitroProjectionPlannedAssignments,330
[WARNING] [stderr] 2026-08-13T02:23:22.825-0600	INFO	ForkJoinPool-1-worker-1	stdout	operator_metric,nitro,clickbench,q19,2,TrinoNitroAggregationSourceOperator,nitroPartialAggregationAggregatedOutputRows,0
[WARNING] [stderr] 2026-08-13T02:23:22.825-0600	INFO	ForkJoinPool-1-worker-1	stdout	operator_metric,nitro,clickbench,q19,2,TrinoNitroAggregationSourceOperator,nitroProjectionDictionaryInputPositions,0
[WARNING] [stderr] 2026-08-13T02:23:22.825-0600	INFO	ForkJoinPool-1-worker-1	stdout	operator_metric,nitro,clickbench,q19,2,TrinoNitroAggregationSourceOperator,nitroAggregationAccumulationNanos,188286
[WARNING] [stderr] 2026-08-13T02:23:22.825-0600	INFO	ForkJoinPool-1-worker-1	stdout	operator_metric,nitro,clickbench,q19,2,TrinoNitroAggregationSourceOperator,nitroProjectionGeneratedErrorFallbacks,0
[WARNING] [stderr] 2026-08-13T02:23:22.825-0600	INFO	ForkJoinPool-1-worker-1	stdout	operator_metric,nitro,clickbench,q19,2,TrinoNitroAggregationSourceOperator,nitroProjectionGeneratedOutputs,0
[WARNING] [stderr] 2026-08-13T02:23:22.825-0600	INFO	ForkJoinPool-1-worker-1	stdout	operator_metric,nitro,clickbench,q19,2,TrinoNitroAggregationSourceOperator,nitroProjectionFlatInputPositions,0
[WARNING] [stderr] 2026-08-13T02:23:22.825-0600	INFO	ForkJoinPool-1-worker-1	stdout	operator_metric,nitro,clickbench,q19,2,TrinoNitroAggregationSourceOperator,nitroAggregationInitialEncodedKeyNanos,0
[WARNING] [stderr] 2026-08-13T02:23:22.825-0600	INFO	ForkJoinPool-1-worker-1	stdout	operator_metric,nitro,clickbench,q19,2,TrinoNitroAggregationSourceOperator,nitroNativeSourceCreationNanos,21649387
[WARNING] [stderr] 2026-08-13T02:23:22.825-0600	INFO	ForkJoinPool-1-worker-1	stdout	operator_metric,nitro,clickbench,q19,2,TrinoNitroAggregationSourceOperator,nitroProjectionGeneratedLayoutFallbacks,0
[WARNING] [stderr] 2026-08-13T02:23:22.825-0600	INFO	ForkJoinPool-1-worker-1	stdout	operator_metric,nitro,clickbench,q19,2,TrinoNitroAggregationSourceOperator,nitroProjectionGeneratedSuccesses,0
[WARNING] [stderr] 2026-08-13T02:23:22.825-0600	INFO	ForkJoinPool-1-worker-1	stdout	operator_metric,nitro,clickbench,q19,2,TrinoNitroAggregationSourceOperator,nitroPartialAggregationAggregatedInputRows,0
[WARNING] [stderr] 2026-08-13T02:23:22.825-0600	INFO	ForkJoinPool-1-worker-1	stdout	operator_metric,nitro,clickbench,q19,2,TrinoNitroAggregationSourceOperator,nitroAggregationFlushNanos,0
[WARNING] [stderr] 2026-08-13T02:23:22.825-0600	INFO	ForkJoinPool-1-worker-1	stdout	operator_metric,nitro,clickbench,q19,2,TrinoNitroAggregationSourceOperator,nitroBoundaryNativeExchangeMaximumChannel1Bytes,249660792
[WARNING] [stderr] 2026-08-13T02:23:22.825-0600	INFO	ForkJoinPool-1-worker-1	stdout	operator_metric,nitro,clickbench,q19,2,TrinoNitroAggregationSourceOperator,nitroAggregationFusedNanos,0
[WARNING] [stderr] 2026-08-13T02:23:22.825-0600	INFO	ForkJoinPool-1-worker-1	stdout	operator_metric,nitro,clickbench,q19,2,TrinoNitroAggregationSourceOperator,nitroProjectionGeneratedKernels,0
[WARNING] [stderr] 2026-08-13T02:23:22.825-0600	INFO	ForkJoinPool-1-worker-1	stdout	operator_metric,nitro,clickbench,q19,2,TrinoNitroAggregationSourceOperator,nitroAggregationInitialAggregationNanos,88108631
[WARNING] [stderr] 2026-08-13T02:23:22.825-0600	INFO	ForkJoinPool-1-worker-1	stdout	operator_metric,nitro,clickbench,q19,2,TrinoNitroAggregationSourceOperator,nitroProjectionOtherNullExpansionPositions,0
[WARNING] [stderr] 2026-08-13T02:23:22.825-0600	INFO	ForkJoinPool-1-worker-1	stdout	operator_metric,nitro,clickbench,q19,2,TrinoNitroAggregationSourceOperator,nitroProjectionGeneratedAttempts,0
[WARNING] [stderr] 2026-08-13T02:23:22.825-0600	INFO	ForkJoinPool-1-worker-1	stdout	operator_metric,nitro,clickbench,q19,2,TrinoNitroAggregationSourceOperator,nitroPartialAggregationPassthroughFlushes,10041
[WARNING] [stderr] 2026-08-13T02:23:22.825-0600	INFO	ForkJoinPool-1-worker-1	stdout	operator_metric,nitro,clickbench,q19,2,TrinoNitroAggregationSourceOperator,nitroProjectionOtherInputPositions,0
[WARNING] [stderr] 2026-08-13T02:23:22.825-0600	INFO	ForkJoinPool-1-worker-1	stdout	operator_metric,nitro,clickbench,q19,2,TrinoNitroAggregationSourceOperator,nitroProjectionDictionaryFlatteningPositions,0
[WARNING] [stderr] 2026-08-13T02:23:22.825-0600	INFO	ForkJoinPool-1-worker-1	stdout	operator_metric,nitro,clickbench,q19,2,TrinoNitroAggregationSourceOperator,nitroBoundaryNativeExchangeBytes,9638938906
[WARNING] [stderr] 2026-08-13T02:23:22.825-0600	INFO	ForkJoinPool-1-worker-1	stdout	operator_metric,nitro,clickbench,q19,2,TrinoNitroAggregationSourceOperator,nitroProjectionRunLengthInputPositions,0
[WARNING] [stderr] 2026-08-13T02:23:22.825-0600	INFO	ForkJoinPool-1-worker-1	stdout	operator_metric,nitro,clickbench,q19,2,TrinoNitroAggregationSourceOperator,nitroProjectionGeneratedSelectedPositions,0
[WARNING] [stderr] 2026-08-13T02:23:22.825-0600	INFO	ForkJoinPool-1-worker-1	stdout	operator_metric,nitro,clickbench,q19,2,TrinoNitroAggregationSourceOperator,nitroBoundaryNativeExchangePositions,99930288
[WARNING] [stderr] 2026-08-13T02:23:22.825-0600	INFO	ForkJoinPool-1-worker-1	stdout	operator_metric,nitro,clickbench,q19,2,PartitionedOutputOperator,nitroExchangeRunLengthUnsupportedPositions,0
[WARNING] [stderr] 2026-08-13T02:23:22.825-0600	INFO	ForkJoinPool-1-worker-1	stdout	operator_metric,nitro,clickbench,q19,2,PartitionedOutputOperator,nitroRemoteOutputBufferedAppendNanos,2184501951
[WARNING] [stderr] 2026-08-13T02:23:22.825-0600	INFO	ForkJoinPool-1-worker-1	stdout	operator_metric,nitro,clickbench,q19,2,PartitionedOutputOperator,nitroRemoteOutputTotalNanos,2743533602
[WARNING] [stderr] 2026-08-13T02:23:22.825-0600	INFO	ForkJoinPool-1-worker-1	stdout	operator_metric,nitro,clickbench,q19,2,PartitionedOutputOperator,nitroRemoteOutputInputPositions,99930288
[WARNING] [stderr] 2026-08-13T02:23:22.825-0600	INFO	ForkJoinPool-1-worker-1	stdout	operator_metric,nitro,clickbench,q19,2,PartitionedOutputOperator,nitroExchangeInputRunLengthChannelPositions,0
[WARNING] [stderr] 2026-08-13T02:23:22.825-0600	INFO	ForkJoinPool-1-worker-1	stdout	operator_metric,nitro,clickbench,q19,2,PartitionedOutputOperator,nitroExchangeNoDictionaryPositions,99930288
[WARNING] [stderr] 2026-08-13T02:23:22.825-0600	INFO	ForkJoinPool-1-worker-1	stdout	operator_metric,nitro,clickbench,q19,2,PartitionedOutputOperator,nitroExchangeInputPositions,99930288
[WARNING] [stderr] 2026-08-13T02:23:22.825-0600	INFO	ForkJoinPool-1-worker-1	stdout	operator_metric,nitro,clickbench,q19,2,PartitionedOutputOperator,nitroExchangeLowDictionaryReusePositions,0
[WARNING] [stderr] 2026-08-13T02:23:22.825-0600	INFO	ForkJoinPool-1-worker-1	stdout	operator_metric,nitro,clickbench,q19,2,PartitionedOutputOperator,nitroExchangePreservedPositions,0
[WARNING] [stderr] 2026-08-13T02:23:22.825-0600	INFO	ForkJoinPool-1-worker-1	stdout	operator_metric,nitro,clickbench,q19,2,PartitionedOutputOperator,nitroRemoteOutputPartitionAssignmentNanos,0
[WARNING] [stderr] 2026-08-13T02:23:22.825-0600	INFO	ForkJoinPool-1-worker-1	stdout	operator_metric,nitro,clickbench,q19,2,PartitionedOutputOperator,nitroRemoteOutputBufferedConversionNanos,550863212
[WARNING] [stderr] 2026-08-13T02:23:22.825-0600	INFO	ForkJoinPool-1-worker-1	stdout	operator_metric,nitro,clickbench,q19,2,PartitionedOutputOperator,nitroRemoteOutputNativePartitionAppendNanos,0
[WARNING] [stderr] 2026-08-13T02:23:22.825-0600	INFO	ForkJoinPool-1-worker-1	stdout	operator_metric,nitro,clickbench,q19,2,PartitionedOutputOperator,nitroRemoteOutputNativePartitionConversionNanos,0
[WARNING] [stderr] 2026-08-13T02:23:22.825-0600	INFO	ForkJoinPool-1-worker-1	stdout	operator_metric,nitro,clickbench,q19,2,PartitionedOutputOperator,nitroExchangeInputPages,10047
[WARNING] [stderr] 2026-08-13T02:23:22.825-0600	INFO	ForkJoinPool-1-worker-1	stdout	operator_metric,nitro,clickbench,q19,2,PartitionedOutputOperator,nitroExchangeSmallPagePositions,0
[WARNING] [stderr] 2026-08-13T02:23:22.825-0600	INFO	ForkJoinPool-1-worker-1	stdout	operator_metric,nitro,clickbench,q19,2,PartitionedOutputOperator,nitroExchangeInputFlatChannelPositions,399721152
[WARNING] [stderr] 2026-08-13T02:23:22.825-0600	INFO	ForkJoinPool-1-worker-1	stdout	operator_metric,nitro,clickbench,q19,2,PartitionedOutputOperator,nitroExchangeDictionaryUnsupportedPositions,0
[WARNING] [stderr] 2026-08-13T02:23:22.825-0600	INFO	ForkJoinPool-1-worker-1	stdout	operator_metric,nitro,clickbench,q19,2,PartitionedOutputOperator,nitroRemoteOutputNativeBatches,0
[WARNING] [stderr] 2026-08-13T02:23:22.825-0600	INFO	ForkJoinPool-1-worker-1	stdout	operator_metric,nitro,clickbench,q19,2,PartitionedOutputOperator,nitroRemoteOutputNativePartitionCopyNanos,0
[WARNING] [stderr] 2026-08-13T02:23:22.825-0600	INFO	ForkJoinPool-1-worker-1	stdout	operator_metric,nitro,clickbench,q19,2,PartitionedOutputOperator,nitroExchangeInputDictionaryChannelPositions,0
[WARNING] [stderr] 2026-08-13T02:23:22.825-0600	INFO	ForkJoinPool-1-worker-1	stdout	operator_metric,nitro,clickbench,q19,2,PartitionedOutputOperator,nitroRemoteOutputNativePartitions,0
[WARNING] [stderr] 2026-08-13T02:23:22.825-0600	INFO	ForkJoinPool-1-worker-1	stdout	operator_metric,nitro,clickbench,q19,2,PartitionedOutputOperator,nitroRemoteOutputBufferedBatches,10047
[WARNING] [stderr] 2026-08-13T02:23:22.825-0600	INFO	ForkJoinPool-1-worker-1	stdout	operator_metric,nitro,clickbench,q19,2,PartitionedOutputOperator,nitroRemoteOutputPartitionKeyConversionNanos,0
[WARNING] [stderr] 2026-08-13T02:23:28.558-0600	INFO	ForkJoinPool-1-worker-1	stdout	operator_cpu,nitro,clickbench,q19,3,ExchangeOperator,3,0.000,243.089,0.000,0,99924448,99924448,5992.790,18.897,0.000
[WARNING] [stderr] 2026-08-13T02:23:28.558-0600	INFO	ForkJoinPool-1-worker-1	stdout	operator_cpu,nitro,clickbench,q19,3,LocalExchangeSourceOperator,7,0.000,10.615,0.000,0,99924488,99924488,28601.330,0.000,0.000
[WARNING] [stderr] 2026-08-13T02:23:28.558-0600	INFO	ForkJoinPool-1-worker-1	stdout	operator_cpu,nitro,clickbench,q19,3,TaskOutputOperator,3,0.142,0.000,0.002,0,30,30,0.000,0.000,0.000
[WARNING] [stderr] 2026-08-13T02:23:28.558-0600	INFO	ForkJoinPool-1-worker-1	stdout	operator_cpu,nitro,clickbench,q19,3,LocalExchangeSinkOperator,7,3.347,0.000,0.100,0,99924488,99924488,7150.000,0.000,0.000
[WARNING] [stderr] 2026-08-13T02:23:28.558-0600	INFO	ForkJoinPool-1-worker-1	stdout	operator_cpu,nitro,clickbench,q19,3,TopNOperator,5,0.010,0.514,0.067,0,60,50,0.000,0.084,0.000
[WARNING] [stderr] 2026-08-13T02:23:28.558-0600	INFO	ForkJoinPool-1-worker-1	stdout	operator_cpu,nitro,clickbench,q19,3,TrinoNitroAggregationOperator,2,9600.000,873.120,0.002,0,99924428,20,0.000,1438.530,0.000
[WARNING] [stderr] 2026-08-13T02:23:28.558-0600	INFO	ForkJoinPool-1-worker-1	stdout	operator_cpu,nitro,clickbench,q19,3,TrinoNitroAggregationSourceOperator,165,0.000,4670.000,0.000,99997497,99997497,99924428,0.000,18.608,0.000
[WARNING] [stderr] 2026-08-13T02:23:28.558-0600	INFO	ForkJoinPool-1-worker-1	stdout	operator_cpu,nitro,clickbench,q19,3,PartitionedOutputOperator,165,2420.000,0.000,3.180,0,99924428,99924428,18990.000,0.000,0.000
[WARNING] [stderr] 2026-08-13T02:23:28.558-0600	INFO	ForkJoinPool-1-worker-1	stdout	operator_metric,nitro,clickbench,q19,3,TrinoNitroAggregationOperator,nitroAggregationInitialAggregationNanos,0
[WARNING] [stderr] 2026-08-13T02:23:28.558-0600	INFO	ForkJoinPool-1-worker-1	stdout	operator_metric,nitro,clickbench,q19,3,TrinoNitroAggregationOperator,nitroBoundaryPageEgressRunLengthChannelPositions,0
[WARNING] [stderr] 2026-08-13T02:23:28.558-0600	INFO	ForkJoinPool-1-worker-1	stdout	operator_metric,nitro,clickbench,q19,3,TrinoNitroAggregationOperator,nitroBoundaryPageIngressRunLengthChannelPositions,0
[WARNING] [stderr] 2026-08-13T02:23:28.558-0600	INFO	ForkJoinPool-1-worker-1	stdout	operator_metric,nitro,clickbench,q19,3,TrinoNitroAggregationOperator,nitroAggregationInitialFlatKeyNanos,0
[WARNING] [stderr] 2026-08-13T02:23:28.558-0600	INFO	ForkJoinPool-1-worker-1	stdout	operator_metric,nitro,clickbench,q19,3,TrinoNitroAggregationOperator,nitroBoundaryNativeEgressFlatChannelPositions,80
[WARNING] [stderr] 2026-08-13T02:23:28.558-0600	INFO	ForkJoinPool-1-worker-1	stdout	operator_metric,nitro,clickbench,q19,3,TrinoNitroAggregationOperator,nitroAggregationStatePreparationNanos,56182947
[WARNING] [stderr] 2026-08-13T02:23:28.558-0600	INFO	ForkJoinPool-1-worker-1	stdout	operator_metric,nitro,clickbench,q19,3,TrinoNitroAggregationOperator,nitroBoundaryNativeEgressRunLengthChannelPositions,0
[WARNING] [stderr] 2026-08-13T02:23:28.558-0600	INFO	ForkJoinPool-1-worker-1	stdout	operator_metric,nitro,clickbench,q19,3,TrinoNitroAggregationOperator,nitroBoundaryPageIngressFlatChannelPositions,399697712
[WARNING] [stderr] 2026-08-13T02:23:28.558-0600	INFO	ForkJoinPool-1-worker-1	stdout	operator_metric,nitro,clickbench,q19,3,TrinoNitroAggregationOperator,nitroBoundaryPageEgressFlatChannelPositions,80
[WARNING] [stderr] 2026-08-13T02:23:28.558-0600	INFO	ForkJoinPool-1-worker-1	stdout	operator_metric,nitro,clickbench,q19,3,TrinoNitroAggregationOperator,nitroBoundaryPageEgressPages,2
[WARNING] [stderr] 2026-08-13T02:23:28.558-0600	INFO	ForkJoinPool-1-worker-1	stdout	operator_metric,nitro,clickbench,q19,3,TrinoNitroAggregationOperator,nitroBoundaryPageIngressPages,3409
[WARNING] [stderr] 2026-08-13T02:23:28.558-0600	INFO	ForkJoinPool-1-worker-1	stdout	operator_metric,nitro,clickbench,q19,3,TrinoNitroAggregationOperator,nitroAggregationInitialKeyNanos,0
[WARNING] [stderr] 2026-08-13T02:23:28.558-0600	INFO	ForkJoinPool-1-worker-1	stdout	operator_metric,nitro,clickbench,q19,3,TrinoNitroAggregationOperator,nitroAggregationInitialEncodedKeyNanos,0
[WARNING] [stderr] 2026-08-13T02:23:28.558-0600	INFO	ForkJoinPool-1-worker-1	stdout	operator_metric,nitro,clickbench,q19,3,TrinoNitroAggregationOperator,nitroAggregationOutputNanos,10320
[WARNING] [stderr] 2026-08-13T02:23:28.558-0600	INFO	ForkJoinPool-1-worker-1	stdout	operator_metric,nitro,clickbench,q19,3,TrinoNitroAggregationOperator,nitroAggregationPipelineNanos,0
[WARNING] [stderr] 2026-08-13T02:23:28.558-0600	INFO	ForkJoinPool-1-worker-1	stdout	operator_metric,nitro,clickbench,q19,3,TrinoNitroAggregationOperator,nitroAggregationGroupingNanos,10051588884
[WARNING] [stderr] 2026-08-13T02:23:28.558-0600	INFO	ForkJoinPool-1-worker-1	stdout	operator_metric,nitro,clickbench,q19,3,TrinoNitroAggregationOperator,nitroAggregationAccumulationNanos,317324653
[WARNING] [stderr] 2026-08-13T02:23:28.558-0600	INFO	ForkJoinPool-1-worker-1	stdout	operator_metric,nitro,clickbench,q19,3,TrinoNitroAggregationOperator,nitroBoundaryNativeEgressDictionaryChannelPositions,0
[WARNING] [stderr] 2026-08-13T02:23:28.558-0600	INFO	ForkJoinPool-1-worker-1	stdout	operator_metric,nitro,clickbench,q19,3,TrinoNitroAggregationOperator,nitroAggregationFusedNanos,0
[WARNING] [stderr] 2026-08-13T02:23:28.558-0600	INFO	ForkJoinPool-1-worker-1	stdout	operator_metric,nitro,clickbench,q19,3,TrinoNitroAggregationOperator,nitroAggregationFlushNanos,0
[WARNING] [stderr] 2026-08-13T02:23:28.558-0600	INFO	ForkJoinPool-1-worker-1	stdout	operator_metric,nitro,clickbench,q19,3,TrinoNitroAggregationOperator,nitroBoundaryPageEgressBytes,640
[WARNING] [stderr] 2026-08-13T02:23:28.558-0600	INFO	ForkJoinPool-1-worker-1	stdout	operator_metric,nitro,clickbench,q19,3,TrinoNitroAggregationOperator,nitroBoundaryPageEgressPositions,20
[WARNING] [stderr] 2026-08-13T02:23:28.558-0600	INFO	ForkJoinPool-1-worker-1	stdout	operator_metric,nitro,clickbench,q19,3,TrinoNitroAggregationOperator,nitroBoundaryPageIngressBytes,3937200950
[WARNING] [stderr] 2026-08-13T02:23:28.558-0600	INFO	ForkJoinPool-1-worker-1	stdout	operator_metric,nitro,clickbench,q19,3,TrinoNitroAggregationOperator,nitroBoundaryPageIngressPositions,99924428
[WARNING] [stderr] 2026-08-13T02:23:28.558-0600	INFO	ForkJoinPool-1-worker-1	stdout	operator_metric,nitro,clickbench,q19,3,TrinoNitroAggregationOperator,nitroBoundaryPageIngressDictionaryChannelPositions,0
[WARNING] [stderr] 2026-08-13T02:23:28.558-0600	INFO	ForkJoinPool-1-worker-1	stdout	operator_metric,nitro,clickbench,q19,3,TrinoNitroAggregationOperator,nitroAggregationInputNanos,10426329049
[WARNING] [stderr] 2026-08-13T02:23:28.558-0600	INFO	ForkJoinPool-1-worker-1	stdout	operator_metric,nitro,clickbench,q19,3,TrinoNitroAggregationOperator,nitroBoundaryPageEgressDictionaryChannelPositions,0
[WARNING] [stderr] 2026-08-13T02:23:28.558-0600	INFO	ForkJoinPool-1-worker-1	stdout	operator_metric,nitro,clickbench,q19,3,TrinoNitroAggregationSourceOperator,nitroAggregationStatePreparationNanos,22994
[WARNING] [stderr] 2026-08-13T02:23:28.558-0600	INFO	ForkJoinPool-1-worker-1	stdout	operator_metric,nitro,clickbench,q19,3,TrinoNitroAggregationSourceOperator,nitroAggregationInitialKeyNanos,0
[WARNING] [stderr] 2026-08-13T02:23:28.558-0600	INFO	ForkJoinPool-1-worker-1	stdout	operator_metric,nitro,clickbench,q19,3,TrinoNitroAggregationSourceOperator,nitroPartialAggregationCardinalityBypassDecisions,2
[WARNING] [stderr] 2026-08-13T02:23:28.558-0600	INFO	ForkJoinPool-1-worker-1	stdout	operator_metric,nitro,clickbench,q19,3,TrinoNitroAggregationSourceOperator,nitroBoundaryNativeExchangeMaximumChannel0Bytes,14301747
[WARNING] [stderr] 2026-08-13T02:23:28.558-0600	INFO	ForkJoinPool-1-worker-1	stdout	operator_metric,nitro,clickbench,q19,3,TrinoNitroAggregationSourceOperator,nitroBoundaryNativeExchangeMaximumChannel3Bytes,14301747
[WARNING] [stderr] 2026-08-13T02:23:28.558-0600	INFO	ForkJoinPool-1-worker-1	stdout	operator_metric,nitro,clickbench,q19,3,TrinoNitroAggregationSourceOperator,nitroProjectionDictionaryNullExpansionPositions,0
[WARNING] [stderr] 2026-08-13T02:23:28.558-0600	INFO	ForkJoinPool-1-worker-1	stdout	operator_metric,nitro,clickbench,q19,3,TrinoNitroAggregationSourceOperator,nitroPartialAggregationAggregatedFlushes,0
[WARNING] [stderr] 2026-08-13T02:23:28.558-0600	INFO	ForkJoinPool-1-worker-1	stdout	operator_metric,nitro,clickbench,q19,3,TrinoNitroAggregationSourceOperator,nitroAggregationInputNanos,5605338028
[WARNING] [stderr] 2026-08-13T02:23:28.558-0600	INFO	ForkJoinPool-1-worker-1	stdout	operator_metric,nitro,clickbench,q19,3,TrinoNitroAggregationSourceOperator,nitroAggregationInitialFlatKeyNanos,0
[WARNING] [stderr] 2026-08-13T02:23:28.558-0600	INFO	ForkJoinPool-1-worker-1	stdout	operator_metric,nitro,clickbench,q19,3,TrinoNitroAggregationSourceOperator,nitroPartialAggregationCardinalityAggregateDecisions,0
[WARNING] [stderr] 2026-08-13T02:23:28.558-0600	INFO	ForkJoinPool-1-worker-1	stdout	operator_metric,nitro,clickbench,q19,3,TrinoNitroAggregationSourceOperator,nitroPartialAggregationPassthroughInputRows,99857497
[WARNING] [stderr] 2026-08-13T02:23:28.558-0600	INFO	ForkJoinPool-1-worker-1	stdout	operator_metric,nitro,clickbench,q19,3,TrinoNitroAggregationSourceOperator,nitroAggregationGroupingNanos,7340206
[WARNING] [stderr] 2026-08-13T02:23:28.558-0600	INFO	ForkJoinPool-1-worker-1	stdout	operator_metric,nitro,clickbench,q19,3,TrinoNitroAggregationSourceOperator,nitroBoundaryNativeExchangeBatches,10046
[WARNING] [stderr] 2026-08-13T02:23:28.558-0600	INFO	ForkJoinPool-1-worker-1	stdout	operator_metric,nitro,clickbench,q19,3,TrinoNitroAggregationSourceOperator,nitroAggregationOutputNanos,6206535
[WARNING] [stderr] 2026-08-13T02:23:28.558-0600	INFO	ForkJoinPool-1-worker-1	stdout	operator_metric,nitro,clickbench,q19,3,TrinoNitroAggregationSourceOperator,nitroProjectionPlannedComputedOutputs,165
[WARNING] [stderr] 2026-08-13T02:23:28.558-0600	INFO	ForkJoinPool-1-worker-1	stdout	operator_metric,nitro,clickbench,q19,3,TrinoNitroAggregationSourceOperator,nitroPartialAggregationCardinalityObservations,227
[WARNING] [stderr] 2026-08-13T02:23:28.558-0600	INFO	ForkJoinPool-1-worker-1	stdout	operator_metric,nitro,clickbench,q19,3,TrinoNitroAggregationSourceOperator,nitroOperatorConstructionNanos,20536722
[WARNING] [stderr] 2026-08-13T02:23:28.558-0600	INFO	ForkJoinPool-1-worker-1	stdout	operator_metric,nitro,clickbench,q19,3,TrinoNitroAggregationSourceOperator,nitroBoundaryNativeExchangeMaximumChannel2Bytes,28260000
[WARNING] [stderr] 2026-08-13T02:23:28.558-0600	INFO	ForkJoinPool-1-worker-1	stdout	operator_metric,nitro,clickbench,q19,3,TrinoNitroAggregationSourceOperator,nitroProjectionIntegerWideningPositions,0
[WARNING] [stderr] 2026-08-13T02:23:28.558-0600	INFO	ForkJoinPool-1-worker-1	stdout	operator_metric,nitro,clickbench,q19,3,TrinoNitroAggregationSourceOperator,nitroBoundaryNativeExchangeMaximumBatchBytes,291600212
[WARNING] [stderr] 2026-08-13T02:23:28.558-0600	INFO	ForkJoinPool-1-worker-1	stdout	operator_metric,nitro,clickbench,q19,3,TrinoNitroAggregationSourceOperator,nitroPartialAggregationCardinalityReconsideredDecisions,0
[WARNING] [stderr] 2026-08-13T02:23:28.558-0600	INFO	ForkJoinPool-1-worker-1	stdout	operator_metric,nitro,clickbench,q19,3,TrinoNitroAggregationSourceOperator,nitroAggregationPipelineNanos,18495365
[WARNING] [stderr] 2026-08-13T02:23:28.558-0600	INFO	ForkJoinPool-1-worker-1	stdout	operator_metric,nitro,clickbench,q19,3,TrinoNitroAggregationSourceOperator,nitroProjectionPlannedAssignments,330
[WARNING] [stderr] 2026-08-13T02:23:28.558-0600	INFO	ForkJoinPool-1-worker-1	stdout	operator_metric,nitro,clickbench,q19,3,TrinoNitroAggregationSourceOperator,nitroPartialAggregationAggregatedOutputRows,0
[WARNING] [stderr] 2026-08-13T02:23:28.558-0600	INFO	ForkJoinPool-1-worker-1	stdout	operator_metric,nitro,clickbench,q19,3,TrinoNitroAggregationSourceOperator,nitroProjectionDictionaryInputPositions,0
[WARNING] [stderr] 2026-08-13T02:23:28.558-0600	INFO	ForkJoinPool-1-worker-1	stdout	operator_metric,nitro,clickbench,q19,3,TrinoNitroAggregationSourceOperator,nitroAggregationAccumulationNanos,182876
[WARNING] [stderr] 2026-08-13T02:23:28.558-0600	INFO	ForkJoinPool-1-worker-1	stdout	operator_metric,nitro,clickbench,q19,3,TrinoNitroAggregationSourceOperator,nitroProjectionGeneratedErrorFallbacks,0
[WARNING] [stderr] 2026-08-13T02:23:28.558-0600	INFO	ForkJoinPool-1-worker-1	stdout	operator_metric,nitro,clickbench,q19,3,TrinoNitroAggregationSourceOperator,nitroProjectionGeneratedOutputs,0
[WARNING] [stderr] 2026-08-13T02:23:28.558-0600	INFO	ForkJoinPool-1-worker-1	stdout	operator_metric,nitro,clickbench,q19,3,TrinoNitroAggregationSourceOperator,nitroProjectionFlatInputPositions,0
[WARNING] [stderr] 2026-08-13T02:23:28.558-0600	INFO	ForkJoinPool-1-worker-1	stdout	operator_metric,nitro,clickbench,q19,3,TrinoNitroAggregationSourceOperator,nitroAggregationInitialEncodedKeyNanos,0
[WARNING] [stderr] 2026-08-13T02:23:28.558-0600	INFO	ForkJoinPool-1-worker-1	stdout	operator_metric,nitro,clickbench,q19,3,TrinoNitroAggregationSourceOperator,nitroNativeSourceCreationNanos,57404550
[WARNING] [stderr] 2026-08-13T02:23:28.558-0600	INFO	ForkJoinPool-1-worker-1	stdout	operator_metric,nitro,clickbench,q19,3,TrinoNitroAggregationSourceOperator,nitroProjectionGeneratedLayoutFallbacks,0
[WARNING] [stderr] 2026-08-13T02:23:28.558-0600	INFO	ForkJoinPool-1-worker-1	stdout	operator_metric,nitro,clickbench,q19,3,TrinoNitroAggregationSourceOperator,nitroProjectionGeneratedSuccesses,0
[WARNING] [stderr] 2026-08-13T02:23:28.558-0600	INFO	ForkJoinPool-1-worker-1	stdout	operator_metric,nitro,clickbench,q19,3,TrinoNitroAggregationSourceOperator,nitroPartialAggregationAggregatedInputRows,0
[WARNING] [stderr] 2026-08-13T02:23:28.558-0600	INFO	ForkJoinPool-1-worker-1	stdout	operator_metric,nitro,clickbench,q19,3,TrinoNitroAggregationSourceOperator,nitroAggregationFlushNanos,0
[WARNING] [stderr] 2026-08-13T02:23:28.558-0600	INFO	ForkJoinPool-1-worker-1	stdout	operator_metric,nitro,clickbench,q19,3,TrinoNitroAggregationSourceOperator,nitroBoundaryNativeExchangeMaximumChannel1Bytes,235339268
[WARNING] [stderr] 2026-08-13T02:23:28.558-0600	INFO	ForkJoinPool-1-worker-1	stdout	operator_metric,nitro,clickbench,q19,3,TrinoNitroAggregationSourceOperator,nitroAggregationFusedNanos,0
[WARNING] [stderr] 2026-08-13T02:23:28.559-0600	INFO	ForkJoinPool-1-worker-1	stdout	operator_metric,nitro,clickbench,q19,3,TrinoNitroAggregationSourceOperator,nitroProjectionGeneratedKernels,0
[WARNING] [stderr] 2026-08-13T02:23:28.559-0600	INFO	ForkJoinPool-1-worker-1	stdout	operator_metric,nitro,clickbench,q19,3,TrinoNitroAggregationSourceOperator,nitroAggregationInitialAggregationNanos,76813182
[WARNING] [stderr] 2026-08-13T02:23:28.559-0600	INFO	ForkJoinPool-1-worker-1	stdout	operator_metric,nitro,clickbench,q19,3,TrinoNitroAggregationSourceOperator,nitroProjectionOtherNullExpansionPositions,0
[WARNING] [stderr] 2026-08-13T02:23:28.559-0600	INFO	ForkJoinPool-1-worker-1	stdout	operator_metric,nitro,clickbench,q19,3,TrinoNitroAggregationSourceOperator,nitroProjectionGeneratedAttempts,0
[WARNING] [stderr] 2026-08-13T02:23:28.559-0600	INFO	ForkJoinPool-1-worker-1	stdout	operator_metric,nitro,clickbench,q19,3,TrinoNitroAggregationSourceOperator,nitroPartialAggregationPassthroughFlushes,10041
[WARNING] [stderr] 2026-08-13T02:23:28.559-0600	INFO	ForkJoinPool-1-worker-1	stdout	operator_metric,nitro,clickbench,q19,3,TrinoNitroAggregationSourceOperator,nitroProjectionOtherInputPositions,0
[WARNING] [stderr] 2026-08-13T02:23:28.559-0600	INFO	ForkJoinPool-1-worker-1	stdout	operator_metric,nitro,clickbench,q19,3,TrinoNitroAggregationSourceOperator,nitroProjectionDictionaryFlatteningPositions,0
[WARNING] [stderr] 2026-08-13T02:23:28.559-0600	INFO	ForkJoinPool-1-worker-1	stdout	operator_metric,nitro,clickbench,q19,3,TrinoNitroAggregationSourceOperator,nitroBoundaryNativeExchangeBytes,9634514953
[WARNING] [stderr] 2026-08-13T02:23:28.559-0600	INFO	ForkJoinPool-1-worker-1	stdout	operator_metric,nitro,clickbench,q19,3,TrinoNitroAggregationSourceOperator,nitroProjectionRunLengthInputPositions,0
[WARNING] [stderr] 2026-08-13T02:23:28.559-0600	INFO	ForkJoinPool-1-worker-1	stdout	operator_metric,nitro,clickbench,q19,3,TrinoNitroAggregationSourceOperator,nitroProjectionGeneratedSelectedPositions,0
[WARNING] [stderr] 2026-08-13T02:23:28.559-0600	INFO	ForkJoinPool-1-worker-1	stdout	operator_metric,nitro,clickbench,q19,3,TrinoNitroAggregationSourceOperator,nitroBoundaryNativeExchangePositions,99924428
[WARNING] [stderr] 2026-08-13T02:23:28.559-0600	INFO	ForkJoinPool-1-worker-1	stdout	operator_metric,nitro,clickbench,q19,3,PartitionedOutputOperator,nitroExchangeRunLengthUnsupportedPositions,0
[WARNING] [stderr] 2026-08-13T02:23:28.559-0600	INFO	ForkJoinPool-1-worker-1	stdout	operator_metric,nitro,clickbench,q19,3,PartitionedOutputOperator,nitroRemoteOutputBufferedAppendNanos,2417424686
[WARNING] [stderr] 2026-08-13T02:23:28.559-0600	INFO	ForkJoinPool-1-worker-1	stdout	operator_metric,nitro,clickbench,q19,3,PartitionedOutputOperator,nitroRemoteOutputTotalNanos,3131900148
[WARNING] [stderr] 2026-08-13T02:23:28.559-0600	INFO	ForkJoinPool-1-worker-1	stdout	operator_metric,nitro,clickbench,q19,3,PartitionedOutputOperator,nitroRemoteOutputInputPositions,99924428
[WARNING] [stderr] 2026-08-13T02:23:28.559-0600	INFO	ForkJoinPool-1-worker-1	stdout	operator_metric,nitro,clickbench,q19,3,PartitionedOutputOperator,nitroExchangeInputRunLengthChannelPositions,0
[WARNING] [stderr] 2026-08-13T02:23:28.559-0600	INFO	ForkJoinPool-1-worker-1	stdout	operator_metric,nitro,clickbench,q19,3,PartitionedOutputOperator,nitroExchangeNoDictionaryPositions,99924428
[WARNING] [stderr] 2026-08-13T02:23:28.559-0600	INFO	ForkJoinPool-1-worker-1	stdout	operator_metric,nitro,clickbench,q19,3,PartitionedOutputOperator,nitroExchangeInputPositions,99924428
[WARNING] [stderr] 2026-08-13T02:23:28.559-0600	INFO	ForkJoinPool-1-worker-1	stdout	operator_metric,nitro,clickbench,q19,3,PartitionedOutputOperator,nitroExchangeLowDictionaryReusePositions,0
[WARNING] [stderr] 2026-08-13T02:23:28.559-0600	INFO	ForkJoinPool-1-worker-1	stdout	operator_metric,nitro,clickbench,q19,3,PartitionedOutputOperator,nitroExchangePreservedPositions,0
[WARNING] [stderr] 2026-08-13T02:23:28.559-0600	INFO	ForkJoinPool-1-worker-1	stdout	operator_metric,nitro,clickbench,q19,3,PartitionedOutputOperator,nitroRemoteOutputPartitionAssignmentNanos,0
[WARNING] [stderr] 2026-08-13T02:23:28.559-0600	INFO	ForkJoinPool-1-worker-1	stdout	operator_metric,nitro,clickbench,q19,3,PartitionedOutputOperator,nitroRemoteOutputBufferedConversionNanos,705708090
[WARNING] [stderr] 2026-08-13T02:23:28.559-0600	INFO	ForkJoinPool-1-worker-1	stdout	operator_metric,nitro,clickbench,q19,3,PartitionedOutputOperator,nitroRemoteOutputNativePartitionAppendNanos,0
[WARNING] [stderr] 2026-08-13T02:23:28.559-0600	INFO	ForkJoinPool-1-worker-1	stdout	operator_metric,nitro,clickbench,q19,3,PartitionedOutputOperator,nitroRemoteOutputNativePartitionConversionNanos,0
[WARNING] [stderr] 2026-08-13T02:23:28.559-0600	INFO	ForkJoinPool-1-worker-1	stdout	operator_metric,nitro,clickbench,q19,3,PartitionedOutputOperator,nitroExchangeInputPages,10046
[WARNING] [stderr] 2026-08-13T02:23:28.559-0600	INFO	ForkJoinPool-1-worker-1	stdout	operator_metric,nitro,clickbench,q19,3,PartitionedOutputOperator,nitroExchangeSmallPagePositions,0
[WARNING] [stderr] 2026-08-13T02:23:28.559-0600	INFO	ForkJoinPool-1-worker-1	stdout	operator_metric,nitro,clickbench,q19,3,PartitionedOutputOperator,nitroExchangeInputFlatChannelPositions,399697712
[WARNING] [stderr] 2026-08-13T02:23:28.559-0600	INFO	ForkJoinPool-1-worker-1	stdout	operator_metric,nitro,clickbench,q19,3,PartitionedOutputOperator,nitroExchangeDictionaryUnsupportedPositions,0
[WARNING] [stderr] 2026-08-13T02:23:28.559-0600	INFO	ForkJoinPool-1-worker-1	stdout	operator_metric,nitro,clickbench,q19,3,PartitionedOutputOperator,nitroRemoteOutputNativeBatches,0
[WARNING] [stderr] 2026-08-13T02:23:28.559-0600	INFO	ForkJoinPool-1-worker-1	stdout	operator_metric,nitro,clickbench,q19,3,PartitionedOutputOperator,nitroRemoteOutputNativePartitionCopyNanos,0
[WARNING] [stderr] 2026-08-13T02:23:28.559-0600	INFO	ForkJoinPool-1-worker-1	stdout	operator_metric,nitro,clickbench,q19,3,PartitionedOutputOperator,nitroExchangeInputDictionaryChannelPositions,0
[WARNING] [stderr] 2026-08-13T02:23:28.559-0600	INFO	ForkJoinPool-1-worker-1	stdout	operator_metric,nitro,clickbench,q19,3,PartitionedOutputOperator,nitroRemoteOutputNativePartitions,0
[WARNING] [stderr] 2026-08-13T02:23:28.559-0600	INFO	ForkJoinPool-1-worker-1	stdout	operator_metric,nitro,clickbench,q19,3,PartitionedOutputOperator,nitroRemoteOutputBufferedBatches,10046
[WARNING] [stderr] 2026-08-13T02:23:28.559-0600	INFO	ForkJoinPool-1-worker-1	stdout	operator_metric,nitro,clickbench,q19,3,PartitionedOutputOperator,nitroRemoteOutputPartitionKeyConversionNanos,0
[WARNING] [stderr] 2026-08-13T02:23:34.292-0600	INFO	ForkJoinPool-1-worker-1	stdout	operator_cpu,nitro,clickbench,q19,4,ExchangeOperator,3,0.000,246.203,0.000,0,99932508,99932508,6002.920,18.955,0.000
[WARNING] [stderr] 2026-08-13T02:23:34.292-0600	INFO	ForkJoinPool-1-worker-1	stdout	operator_cpu,nitro,clickbench,q19,4,LocalExchangeSourceOperator,7,0.000,10.969,0.000,0,99932548,99932548,28547.090,0.000,0.000
[WARNING] [stderr] 2026-08-13T02:23:34.292-0600	INFO	ForkJoinPool-1-worker-1	stdout	operator_cpu,nitro,clickbench,q19,4,TaskOutputOperator,3,0.143,0.000,0.002,0,30,30,0.000,0.000,0.000
[WARNING] [stderr] 2026-08-13T02:23:34.292-0600	INFO	ForkJoinPool-1-worker-1	stdout	operator_cpu,nitro,clickbench,q19,4,LocalExchangeSinkOperator,7,3.383,0.000,0.167,0,99932548,99932548,7270.000,0.000,0.000
[WARNING] [stderr] 2026-08-13T02:23:34.292-0600	INFO	ForkJoinPool-1-worker-1	stdout	operator_cpu,nitro,clickbench,q19,4,TopNOperator,5,0.010,0.551,0.065,0,60,50,0.000,0.084,0.000
[WARNING] [stderr] 2026-08-13T02:23:34.292-0600	INFO	ForkJoinPool-1-worker-1	stdout	operator_cpu,nitro,clickbench,q19,4,TrinoNitroAggregationOperator,2,9620.000,876.100,0.003,0,99932488,20,0.000,1439.471,0.000
[WARNING] [stderr] 2026-08-13T02:23:34.292-0600	INFO	ForkJoinPool-1-worker-1	stdout	operator_cpu,nitro,clickbench,q19,4,TrinoNitroAggregationSourceOperator,165,0.000,4630.000,0.000,99997497,99997497,99932488,0.000,16.784,0.000
[WARNING] [stderr] 2026-08-13T02:23:34.292-0600	INFO	ForkJoinPool-1-worker-1	stdout	operator_cpu,nitro,clickbench,q19,4,PartitionedOutputOperator,165,2420.000,0.000,3.200,0,99932488,99932488,19460.000,0.000,0.000
[WARNING] [stderr] 2026-08-13T02:23:34.292-0600	INFO	ForkJoinPool-1-worker-1	stdout	operator_metric,nitro,clickbench,q19,4,TrinoNitroAggregationOperator,nitroAggregationInitialAggregationNanos,0
[WARNING] [stderr] 2026-08-13T02:23:34.292-0600	INFO	ForkJoinPool-1-worker-1	stdout	operator_metric,nitro,clickbench,q19,4,TrinoNitroAggregationOperator,nitroBoundaryPageEgressRunLengthChannelPositions,0
[WARNING] [stderr] 2026-08-13T02:23:34.292-0600	INFO	ForkJoinPool-1-worker-1	stdout	operator_metric,nitro,clickbench,q19,4,TrinoNitroAggregationOperator,nitroBoundaryPageIngressRunLengthChannelPositions,0
[WARNING] [stderr] 2026-08-13T02:23:34.292-0600	INFO	ForkJoinPool-1-worker-1	stdout	operator_metric,nitro,clickbench,q19,4,TrinoNitroAggregationOperator,nitroAggregationInitialFlatKeyNanos,0
[WARNING] [stderr] 2026-08-13T02:23:34.292-0600	INFO	ForkJoinPool-1-worker-1	stdout	operator_metric,nitro,clickbench,q19,4,TrinoNitroAggregationOperator,nitroBoundaryNativeEgressFlatChannelPositions,80
[WARNING] [stderr] 2026-08-13T02:23:34.292-0600	INFO	ForkJoinPool-1-worker-1	stdout	operator_metric,nitro,clickbench,q19,4,TrinoNitroAggregationOperator,nitroAggregationStatePreparationNanos,9866885
[WARNING] [stderr] 2026-08-13T02:23:34.292-0600	INFO	ForkJoinPool-1-worker-1	stdout	operator_metric,nitro,clickbench,q19,4,TrinoNitroAggregationOperator,nitroBoundaryNativeEgressRunLengthChannelPositions,0
[WARNING] [stderr] 2026-08-13T02:23:34.292-0600	INFO	ForkJoinPool-1-worker-1	stdout	operator_metric,nitro,clickbench,q19,4,TrinoNitroAggregationOperator,nitroBoundaryPageIngressFlatChannelPositions,399729952
[WARNING] [stderr] 2026-08-13T02:23:34.292-0600	INFO	ForkJoinPool-1-worker-1	stdout	operator_metric,nitro,clickbench,q19,4,TrinoNitroAggregationOperator,nitroBoundaryPageEgressFlatChannelPositions,80
[WARNING] [stderr] 2026-08-13T02:23:34.292-0600	INFO	ForkJoinPool-1-worker-1	stdout	operator_metric,nitro,clickbench,q19,4,TrinoNitroAggregationOperator,nitroBoundaryPageEgressPages,2
[WARNING] [stderr] 2026-08-13T02:23:34.292-0600	INFO	ForkJoinPool-1-worker-1	stdout	operator_metric,nitro,clickbench,q19,4,TrinoNitroAggregationOperator,nitroBoundaryPageIngressPages,3409
[WARNING] [stderr] 2026-08-13T02:23:34.292-0600	INFO	ForkJoinPool-1-worker-1	stdout	operator_metric,nitro,clickbench,q19,4,TrinoNitroAggregationOperator,nitroAggregationInitialKeyNanos,0
[WARNING] [stderr] 2026-08-13T02:23:34.292-0600	INFO	ForkJoinPool-1-worker-1	stdout	operator_metric,nitro,clickbench,q19,4,TrinoNitroAggregationOperator,nitroAggregationInitialEncodedKeyNanos,0
[WARNING] [stderr] 2026-08-13T02:23:34.292-0600	INFO	ForkJoinPool-1-worker-1	stdout	operator_metric,nitro,clickbench,q19,4,TrinoNitroAggregationOperator,nitroAggregationOutputNanos,10709
[WARNING] [stderr] 2026-08-13T02:23:34.292-0600	INFO	ForkJoinPool-1-worker-1	stdout	operator_metric,nitro,clickbench,q19,4,TrinoNitroAggregationOperator,nitroAggregationPipelineNanos,0
[WARNING] [stderr] 2026-08-13T02:23:34.292-0600	INFO	ForkJoinPool-1-worker-1	stdout	operator_metric,nitro,clickbench,q19,4,TrinoNitroAggregationOperator,nitroAggregationGroupingNanos,10111004634
[WARNING] [stderr] 2026-08-13T02:23:34.292-0600	INFO	ForkJoinPool-1-worker-1	stdout	operator_metric,nitro,clickbench,q19,4,TrinoNitroAggregationOperator,nitroAggregationAccumulationNanos,284097688
[WARNING] [stderr] 2026-08-13T02:23:34.292-0600	INFO	ForkJoinPool-1-worker-1	stdout	operator_metric,nitro,clickbench,q19,4,TrinoNitroAggregationOperator,nitroBoundaryNativeEgressDictionaryChannelPositions,0
[WARNING] [stderr] 2026-08-13T02:23:34.292-0600	INFO	ForkJoinPool-1-worker-1	stdout	operator_metric,nitro,clickbench,q19,4,TrinoNitroAggregationOperator,nitroAggregationFusedNanos,0
[WARNING] [stderr] 2026-08-13T02:23:34.292-0600	INFO	ForkJoinPool-1-worker-1	stdout	operator_metric,nitro,clickbench,q19,4,TrinoNitroAggregationOperator,nitroAggregationFlushNanos,0
[WARNING] [stderr] 2026-08-13T02:23:34.292-0600	INFO	ForkJoinPool-1-worker-1	stdout	operator_metric,nitro,clickbench,q19,4,TrinoNitroAggregationOperator,nitroBoundaryPageEgressBytes,640
[WARNING] [stderr] 2026-08-13T02:23:34.292-0600	INFO	ForkJoinPool-1-worker-1	stdout	operator_metric,nitro,clickbench,q19,4,TrinoNitroAggregationOperator,nitroBoundaryPageEgressPositions,20
[WARNING] [stderr] 2026-08-13T02:23:34.292-0600	INFO	ForkJoinPool-1-worker-1	stdout	operator_metric,nitro,clickbench,q19,4,TrinoNitroAggregationOperator,nitroBoundaryPageIngressBytes,3937411003
[WARNING] [stderr] 2026-08-13T02:23:34.292-0600	INFO	ForkJoinPool-1-worker-1	stdout	operator_metric,nitro,clickbench,q19,4,TrinoNitroAggregationOperator,nitroBoundaryPageIngressPositions,99932488
[WARNING] [stderr] 2026-08-13T02:23:34.292-0600	INFO	ForkJoinPool-1-worker-1	stdout	operator_metric,nitro,clickbench,q19,4,TrinoNitroAggregationOperator,nitroBoundaryPageIngressDictionaryChannelPositions,0
[WARNING] [stderr] 2026-08-13T02:23:34.292-0600	INFO	ForkJoinPool-1-worker-1	stdout	operator_metric,nitro,clickbench,q19,4,TrinoNitroAggregationOperator,nitroAggregationInputNanos,10406246489
[WARNING] [stderr] 2026-08-13T02:23:34.292-0600	INFO	ForkJoinPool-1-worker-1	stdout	operator_metric,nitro,clickbench,q19,4,TrinoNitroAggregationOperator,nitroBoundaryPageEgressDictionaryChannelPositions,0
[WARNING] [stderr] 2026-08-13T02:23:34.292-0600	INFO	ForkJoinPool-1-worker-1	stdout	operator_metric,nitro,clickbench,q19,4,TrinoNitroAggregationSourceOperator,nitroAggregationStatePreparationNanos,20609
[WARNING] [stderr] 2026-08-13T02:23:34.292-0600	INFO	ForkJoinPool-1-worker-1	stdout	operator_metric,nitro,clickbench,q19,4,TrinoNitroAggregationSourceOperator,nitroAggregationInitialKeyNanos,0
[WARNING] [stderr] 2026-08-13T02:23:34.292-0600	INFO	ForkJoinPool-1-worker-1	stdout	operator_metric,nitro,clickbench,q19,4,TrinoNitroAggregationSourceOperator,nitroPartialAggregationCardinalityBypassDecisions,2
[WARNING] [stderr] 2026-08-13T02:23:34.292-0600	INFO	ForkJoinPool-1-worker-1	stdout	operator_metric,nitro,clickbench,q19,4,TrinoNitroAggregationSourceOperator,nitroBoundaryNativeExchangeMaximumChannel0Bytes,14438943
[WARNING] [stderr] 2026-08-13T02:23:34.292-0600	INFO	ForkJoinPool-1-worker-1	stdout	operator_metric,nitro,clickbench,q19,4,TrinoNitroAggregationSourceOperator,nitroBoundaryNativeExchangeMaximumChannel3Bytes,14438943
[WARNING] [stderr] 2026-08-13T02:23:34.292-0600	INFO	ForkJoinPool-1-worker-1	stdout	operator_metric,nitro,clickbench,q19,4,TrinoNitroAggregationSourceOperator,nitroProjectionDictionaryNullExpansionPositions,0
[WARNING] [stderr] 2026-08-13T02:23:34.292-0600	INFO	ForkJoinPool-1-worker-1	stdout	operator_metric,nitro,clickbench,q19,4,TrinoNitroAggregationSourceOperator,nitroPartialAggregationAggregatedFlushes,0
[WARNING] [stderr] 2026-08-13T02:23:34.292-0600	INFO	ForkJoinPool-1-worker-1	stdout	operator_metric,nitro,clickbench,q19,4,TrinoNitroAggregationSourceOperator,nitroAggregationInputNanos,5470443264
[WARNING] [stderr] 2026-08-13T02:23:34.292-0600	INFO	ForkJoinPool-1-worker-1	stdout	operator_metric,nitro,clickbench,q19,4,TrinoNitroAggregationSourceOperator,nitroAggregationInitialFlatKeyNanos,0
[WARNING] [stderr] 2026-08-13T02:23:34.292-0600	INFO	ForkJoinPool-1-worker-1	stdout	operator_metric,nitro,clickbench,q19,4,TrinoNitroAggregationSourceOperator,nitroPartialAggregationCardinalityAggregateDecisions,0
[WARNING] [stderr] 2026-08-13T02:23:34.292-0600	INFO	ForkJoinPool-1-worker-1	stdout	operator_metric,nitro,clickbench,q19,4,TrinoNitroAggregationSourceOperator,nitroPartialAggregationPassthroughInputRows,99857497
[WARNING] [stderr] 2026-08-13T02:23:34.292-0600	INFO	ForkJoinPool-1-worker-1	stdout	operator_metric,nitro,clickbench,q19,4,TrinoNitroAggregationSourceOperator,nitroAggregationGroupingNanos,7489468
[WARNING] [stderr] 2026-08-13T02:23:34.292-0600	INFO	ForkJoinPool-1-worker-1	stdout	operator_metric,nitro,clickbench,q19,4,TrinoNitroAggregationSourceOperator,nitroBoundaryNativeExchangeBatches,10046
[WARNING] [stderr] 2026-08-13T02:23:34.292-0600	INFO	ForkJoinPool-1-worker-1	stdout	operator_metric,nitro,clickbench,q19,4,TrinoNitroAggregationSourceOperator,nitroAggregationOutputNanos,1745354
[WARNING] [stderr] 2026-08-13T02:23:34.292-0600	INFO	ForkJoinPool-1-worker-1	stdout	operator_metric,nitro,clickbench,q19,4,TrinoNitroAggregationSourceOperator,nitroProjectionPlannedComputedOutputs,165
[WARNING] [stderr] 2026-08-13T02:23:34.292-0600	INFO	ForkJoinPool-1-worker-1	stdout	operator_metric,nitro,clickbench,q19,4,TrinoNitroAggregationSourceOperator,nitroPartialAggregationCardinalityObservations,448
[WARNING] [stderr] 2026-08-13T02:23:34.292-0600	INFO	ForkJoinPool-1-worker-1	stdout	operator_metric,nitro,clickbench,q19,4,TrinoNitroAggregationSourceOperator,nitroOperatorConstructionNanos,20541761
[WARNING] [stderr] 2026-08-13T02:23:34.292-0600	INFO	ForkJoinPool-1-worker-1	stdout	operator_metric,nitro,clickbench,q19,4,TrinoNitroAggregationSourceOperator,nitroBoundaryNativeExchangeMaximumChannel2Bytes,28382229
[WARNING] [stderr] 2026-08-13T02:23:34.292-0600	INFO	ForkJoinPool-1-worker-1	stdout	operator_metric,nitro,clickbench,q19,4,TrinoNitroAggregationSourceOperator,nitroProjectionIntegerWideningPositions,0
[WARNING] [stderr] 2026-08-13T02:23:34.292-0600	INFO	ForkJoinPool-1-worker-1	stdout	operator_metric,nitro,clickbench,q19,4,TrinoNitroAggregationSourceOperator,nitroBoundaryNativeExchangeMaximumBatchBytes,290019020
[WARNING] [stderr] 2026-08-13T02:23:34.292-0600	INFO	ForkJoinPool-1-worker-1	stdout	operator_metric,nitro,clickbench,q19,4,TrinoNitroAggregationSourceOperator,nitroPartialAggregationCardinalityReconsideredDecisions,0
[WARNING] [stderr] 2026-08-13T02:23:34.292-0600	INFO	ForkJoinPool-1-worker-1	stdout	operator_metric,nitro,clickbench,q19,4,TrinoNitroAggregationSourceOperator,nitroAggregationPipelineNanos,13012180
[WARNING] [stderr] 2026-08-13T02:23:34.292-0600	INFO	ForkJoinPool-1-worker-1	stdout	operator_metric,nitro,clickbench,q19,4,TrinoNitroAggregationSourceOperator,nitroProjectionPlannedAssignments,330
[WARNING] [stderr] 2026-08-13T02:23:34.292-0600	INFO	ForkJoinPool-1-worker-1	stdout	operator_metric,nitro,clickbench,q19,4,TrinoNitroAggregationSourceOperator,nitroPartialAggregationAggregatedOutputRows,0
[WARNING] [stderr] 2026-08-13T02:23:34.292-0600	INFO	ForkJoinPool-1-worker-1	stdout	operator_metric,nitro,clickbench,q19,4,TrinoNitroAggregationSourceOperator,nitroProjectionDictionaryInputPositions,0
[WARNING] [stderr] 2026-08-13T02:23:34.292-0600	INFO	ForkJoinPool-1-worker-1	stdout	operator_metric,nitro,clickbench,q19,4,TrinoNitroAggregationSourceOperator,nitroAggregationAccumulationNanos,184837
[WARNING] [stderr] 2026-08-13T02:23:34.292-0600	INFO	ForkJoinPool-1-worker-1	stdout	operator_metric,nitro,clickbench,q19,4,TrinoNitroAggregationSourceOperator,nitroProjectionGeneratedErrorFallbacks,0
[WARNING] [stderr] 2026-08-13T02:23:34.292-0600	INFO	ForkJoinPool-1-worker-1	stdout	operator_metric,nitro,clickbench,q19,4,TrinoNitroAggregationSourceOperator,nitroProjectionGeneratedOutputs,0
[WARNING] [stderr] 2026-08-13T02:23:34.292-0600	INFO	ForkJoinPool-1-worker-1	stdout	operator_metric,nitro,clickbench,q19,4,TrinoNitroAggregationSourceOperator,nitroProjectionFlatInputPositions,0
[WARNING] [stderr] 2026-08-13T02:23:34.292-0600	INFO	ForkJoinPool-1-worker-1	stdout	operator_metric,nitro,clickbench,q19,4,TrinoNitroAggregationSourceOperator,nitroAggregationInitialEncodedKeyNanos,0
[WARNING] [stderr] 2026-08-13T02:23:34.292-0600	INFO	ForkJoinPool-1-worker-1	stdout	operator_metric,nitro,clickbench,q19,4,TrinoNitroAggregationSourceOperator,nitroNativeSourceCreationNanos,23249270
[WARNING] [stderr] 2026-08-13T02:23:34.292-0600	INFO	ForkJoinPool-1-worker-1	stdout	operator_metric,nitro,clickbench,q19,4,TrinoNitroAggregationSourceOperator,nitroProjectionGeneratedLayoutFallbacks,0
[WARNING] [stderr] 2026-08-13T02:23:34.292-0600	INFO	ForkJoinPool-1-worker-1	stdout	operator_metric,nitro,clickbench,q19,4,TrinoNitroAggregationSourceOperator,nitroProjectionGeneratedSuccesses,0
[WARNING] [stderr] 2026-08-13T02:23:34.292-0600	INFO	ForkJoinPool-1-worker-1	stdout	operator_metric,nitro,clickbench,q19,4,TrinoNitroAggregationSourceOperator,nitroPartialAggregationAggregatedInputRows,0
[WARNING] [stderr] 2026-08-13T02:23:34.292-0600	INFO	ForkJoinPool-1-worker-1	stdout	operator_metric,nitro,clickbench,q19,4,TrinoNitroAggregationSourceOperator,nitroAggregationFlushNanos,0
[WARNING] [stderr] 2026-08-13T02:23:34.292-0600	INFO	ForkJoinPool-1-worker-1	stdout	operator_metric,nitro,clickbench,q19,4,TrinoNitroAggregationSourceOperator,nitroBoundaryNativeExchangeMaximumChannel1Bytes,233298568
[WARNING] [stderr] 2026-08-13T02:23:34.292-0600	INFO	ForkJoinPool-1-worker-1	stdout	operator_metric,nitro,clickbench,q19,4,TrinoNitroAggregationSourceOperator,nitroAggregationFusedNanos,0
[WARNING] [stderr] 2026-08-13T02:23:34.292-0600	INFO	ForkJoinPool-1-worker-1	stdout	operator_metric,nitro,clickbench,q19,4,TrinoNitroAggregationSourceOperator,nitroProjectionGeneratedKernels,0
[WARNING] [stderr] 2026-08-13T02:23:34.292-0600	INFO	ForkJoinPool-1-worker-1	stdout	operator_metric,nitro,clickbench,q19,4,TrinoNitroAggregationSourceOperator,nitroAggregationInitialAggregationNanos,83126317
[WARNING] [stderr] 2026-08-13T02:23:34.292-0600	INFO	ForkJoinPool-1-worker-1	stdout	operator_metric,nitro,clickbench,q19,4,TrinoNitroAggregationSourceOperator,nitroProjectionOtherNullExpansionPositions,0
[WARNING] [stderr] 2026-08-13T02:23:34.292-0600	INFO	ForkJoinPool-1-worker-1	stdout	operator_metric,nitro,clickbench,q19,4,TrinoNitroAggregationSourceOperator,nitroProjectionGeneratedAttempts,0
[WARNING] [stderr] 2026-08-13T02:23:34.292-0600	INFO	ForkJoinPool-1-worker-1	stdout	operator_metric,nitro,clickbench,q19,4,TrinoNitroAggregationSourceOperator,nitroPartialAggregationPassthroughFlushes,10041
[WARNING] [stderr] 2026-08-13T02:23:34.292-0600	INFO	ForkJoinPool-1-worker-1	stdout	operator_metric,nitro,clickbench,q19,4,TrinoNitroAggregationSourceOperator,nitroProjectionOtherInputPositions,0
[WARNING] [stderr] 2026-08-13T02:23:34.292-0600	INFO	ForkJoinPool-1-worker-1	stdout	operator_metric,nitro,clickbench,q19,4,TrinoNitroAggregationSourceOperator,nitroProjectionDictionaryFlatteningPositions,0
[WARNING] [stderr] 2026-08-13T02:23:34.292-0600	INFO	ForkJoinPool-1-worker-1	stdout	operator_metric,nitro,clickbench,q19,4,TrinoNitroAggregationSourceOperator,nitroBoundaryNativeExchangeBytes,9624098143
[WARNING] [stderr] 2026-08-13T02:23:34.293-0600	INFO	ForkJoinPool-1-worker-1	stdout	operator_metric,nitro,clickbench,q19,4,TrinoNitroAggregationSourceOperator,nitroProjectionRunLengthInputPositions,0
[WARNING] [stderr] 2026-08-13T02:23:34.293-0600	INFO	ForkJoinPool-1-worker-1	stdout	operator_metric,nitro,clickbench,q19,4,TrinoNitroAggregationSourceOperator,nitroProjectionGeneratedSelectedPositions,0
[WARNING] [stderr] 2026-08-13T02:23:34.293-0600	INFO	ForkJoinPool-1-worker-1	stdout	operator_metric,nitro,clickbench,q19,4,TrinoNitroAggregationSourceOperator,nitroBoundaryNativeExchangePositions,99932488
[WARNING] [stderr] 2026-08-13T02:23:34.293-0600	INFO	ForkJoinPool-1-worker-1	stdout	operator_metric,nitro,clickbench,q19,4,PartitionedOutputOperator,nitroExchangeRunLengthUnsupportedPositions,0
[WARNING] [stderr] 2026-08-13T02:23:34.293-0600	INFO	ForkJoinPool-1-worker-1	stdout	operator_metric,nitro,clickbench,q19,4,PartitionedOutputOperator,nitroRemoteOutputBufferedAppendNanos,2245990147
[WARNING] [stderr] 2026-08-13T02:23:34.293-0600	INFO	ForkJoinPool-1-worker-1	stdout	operator_metric,nitro,clickbench,q19,4,PartitionedOutputOperator,nitroRemoteOutputTotalNanos,2835860032
[WARNING] [stderr] 2026-08-13T02:23:34.293-0600	INFO	ForkJoinPool-1-worker-1	stdout	operator_metric,nitro,clickbench,q19,4,PartitionedOutputOperator,nitroRemoteOutputInputPositions,99932488
[WARNING] [stderr] 2026-08-13T02:23:34.293-0600	INFO	ForkJoinPool-1-worker-1	stdout	operator_metric,nitro,clickbench,q19,4,PartitionedOutputOperator,nitroExchangeInputRunLengthChannelPositions,0
[WARNING] [stderr] 2026-08-13T02:23:34.293-0600	INFO	ForkJoinPool-1-worker-1	stdout	operator_metric,nitro,clickbench,q19,4,PartitionedOutputOperator,nitroExchangeNoDictionaryPositions,99932488
[WARNING] [stderr] 2026-08-13T02:23:34.293-0600	INFO	ForkJoinPool-1-worker-1	stdout	operator_metric,nitro,clickbench,q19,4,PartitionedOutputOperator,nitroExchangeInputPositions,99932488
[WARNING] [stderr] 2026-08-13T02:23:34.293-0600	INFO	ForkJoinPool-1-worker-1	stdout	operator_metric,nitro,clickbench,q19,4,PartitionedOutputOperator,nitroExchangeLowDictionaryReusePositions,0
[WARNING] [stderr] 2026-08-13T02:23:34.293-0600	INFO	ForkJoinPool-1-worker-1	stdout	operator_metric,nitro,clickbench,q19,4,PartitionedOutputOperator,nitroExchangePreservedPositions,0
[WARNING] [stderr] 2026-08-13T02:23:34.293-0600	INFO	ForkJoinPool-1-worker-1	stdout	operator_metric,nitro,clickbench,q19,4,PartitionedOutputOperator,nitroRemoteOutputPartitionAssignmentNanos,0
[WARNING] [stderr] 2026-08-13T02:23:34.293-0600	INFO	ForkJoinPool-1-worker-1	stdout	operator_metric,nitro,clickbench,q19,4,PartitionedOutputOperator,nitroRemoteOutputBufferedConversionNanos,580276206
[WARNING] [stderr] 2026-08-13T02:23:34.293-0600	INFO	ForkJoinPool-1-worker-1	stdout	operator_metric,nitro,clickbench,q19,4,PartitionedOutputOperator,nitroRemoteOutputNativePartitionAppendNanos,0
[WARNING] [stderr] 2026-08-13T02:23:34.293-0600	INFO	ForkJoinPool-1-worker-1	stdout	operator_metric,nitro,clickbench,q19,4,PartitionedOutputOperator,nitroRemoteOutputNativePartitionConversionNanos,0
[WARNING] [stderr] 2026-08-13T02:23:34.293-0600	INFO	ForkJoinPool-1-worker-1	stdout	operator_metric,nitro,clickbench,q19,4,PartitionedOutputOperator,nitroExchangeInputPages,10046
[WARNING] [stderr] 2026-08-13T02:23:34.293-0600	INFO	ForkJoinPool-1-worker-1	stdout	operator_metric,nitro,clickbench,q19,4,PartitionedOutputOperator,nitroExchangeSmallPagePositions,0
[WARNING] [stderr] 2026-08-13T02:23:34.293-0600	INFO	ForkJoinPool-1-worker-1	stdout	operator_metric,nitro,clickbench,q19,4,PartitionedOutputOperator,nitroExchangeInputFlatChannelPositions,399729952
[WARNING] [stderr] 2026-08-13T02:23:34.293-0600	INFO	ForkJoinPool-1-worker-1	stdout	operator_metric,nitro,clickbench,q19,4,PartitionedOutputOperator,nitroExchangeDictionaryUnsupportedPositions,0
[WARNING] [stderr] 2026-08-13T02:23:34.293-0600	INFO	ForkJoinPool-1-worker-1	stdout	operator_metric,nitro,clickbench,q19,4,PartitionedOutputOperator,nitroRemoteOutputNativeBatches,0
[WARNING] [stderr] 2026-08-13T02:23:34.293-0600	INFO	ForkJoinPool-1-worker-1	stdout	operator_metric,nitro,clickbench,q19,4,PartitionedOutputOperator,nitroRemoteOutputNativePartitionCopyNanos,0
[WARNING] [stderr] 2026-08-13T02:23:34.293-0600	INFO	ForkJoinPool-1-worker-1	stdout	operator_metric,nitro,clickbench,q19,4,PartitionedOutputOperator,nitroExchangeInputDictionaryChannelPositions,0
[WARNING] [stderr] 2026-08-13T02:23:34.293-0600	INFO	ForkJoinPool-1-worker-1	stdout	operator_metric,nitro,clickbench,q19,4,PartitionedOutputOperator,nitroRemoteOutputNativePartitions,0
[WARNING] [stderr] 2026-08-13T02:23:34.293-0600	INFO	ForkJoinPool-1-worker-1	stdout	operator_metric,nitro,clickbench,q19,4,PartitionedOutputOperator,nitroRemoteOutputBufferedBatches,10046
[WARNING] [stderr] 2026-08-13T02:23:34.293-0600	INFO	ForkJoinPool-1-worker-1	stdout	operator_metric,nitro,clickbench,q19,4,PartitionedOutputOperator,nitroRemoteOutputPartitionKeyConversionNanos,0
[WARNING] [stderr] 2026-08-13T02:23:40.771-0600	INFO	ForkJoinPool-1-worker-1	stdout	operator_cpu,nitro,clickbench,q19,5,ExchangeOperator,3,0.000,227.957,0.000,0,99944620,99944620,10228.510,19.013,0.000
[WARNING] [stderr] 2026-08-13T02:23:40.771-0600	INFO	ForkJoinPool-1-worker-1	stdout	operator_cpu,nitro,clickbench,q19,5,LocalExchangeSourceOperator,7,0.000,7.661,0.000,0,99944660,99944660,31765.160,0.000,0.000
[WARNING] [stderr] 2026-08-13T02:23:40.771-0600	INFO	ForkJoinPool-1-worker-1	stdout	operator_cpu,nitro,clickbench,q19,5,TaskOutputOperator,3,0.145,0.000,0.002,0,30,30,0.000,0.000,0.000
[WARNING] [stderr] 2026-08-13T02:23:40.771-0600	INFO	ForkJoinPool-1-worker-1	stdout	operator_cpu,nitro,clickbench,q19,5,LocalExchangeSinkOperator,7,3.561,0.000,0.090,0,99944660,99944660,5016.860,0.000,0.000
[WARNING] [stderr] 2026-08-13T02:23:40.771-0600	INFO	ForkJoinPool-1-worker-1	stdout	operator_cpu,nitro,clickbench,q19,5,TopNOperator,5,0.010,0.555,0.062,0,60,50,0.000,0.084,0.000
[WARNING] [stderr] 2026-08-13T02:23:40.771-0600	INFO	ForkJoinPool-1-worker-1	stdout	operator_cpu,nitro,clickbench,q19,5,TrinoNitroAggregationOperator,2,10330.000,872.500,0.003,0,99944600,20,0.000,1526.621,0.000
[WARNING] [stderr] 2026-08-13T02:23:40.771-0600	INFO	ForkJoinPool-1-worker-1	stdout	operator_cpu,nitro,clickbench,q19,5,TrinoNitroAggregationSourceOperator,165,0.000,4610.000,0.000,99997497,99997497,99944600,0.000,16.746,0.000
[WARNING] [stderr] 2026-08-13T02:23:40.771-0600	INFO	ForkJoinPool-1-worker-1	stdout	operator_cpu,nitro,clickbench,q19,5,PartitionedOutputOperator,165,2400.000,0.000,3.010,0,99944600,99944600,23010.000,0.000,0.000
[WARNING] [stderr] 2026-08-13T02:23:40.771-0600	INFO	ForkJoinPool-1-worker-1	stdout	operator_metric,nitro,clickbench,q19,5,TrinoNitroAggregationOperator,nitroAggregationInitialAggregationNanos,0
[WARNING] [stderr] 2026-08-13T02:23:40.771-0600	INFO	ForkJoinPool-1-worker-1	stdout	operator_metric,nitro,clickbench,q19,5,TrinoNitroAggregationOperator,nitroBoundaryPageEgressRunLengthChannelPositions,0
[WARNING] [stderr] 2026-08-13T02:23:40.771-0600	INFO	ForkJoinPool-1-worker-1	stdout	operator_metric,nitro,clickbench,q19,5,TrinoNitroAggregationOperator,nitroBoundaryPageIngressRunLengthChannelPositions,0
[WARNING] [stderr] 2026-08-13T02:23:40.771-0600	INFO	ForkJoinPool-1-worker-1	stdout	operator_metric,nitro,clickbench,q19,5,TrinoNitroAggregationOperator,nitroAggregationInitialFlatKeyNanos,0
[WARNING] [stderr] 2026-08-13T02:23:40.771-0600	INFO	ForkJoinPool-1-worker-1	stdout	operator_metric,nitro,clickbench,q19,5,TrinoNitroAggregationOperator,nitroBoundaryNativeEgressFlatChannelPositions,80
[WARNING] [stderr] 2026-08-13T02:23:40.771-0600	INFO	ForkJoinPool-1-worker-1	stdout	operator_metric,nitro,clickbench,q19,5,TrinoNitroAggregationOperator,nitroAggregationStatePreparationNanos,9580739
[WARNING] [stderr] 2026-08-13T02:23:40.771-0600	INFO	ForkJoinPool-1-worker-1	stdout	operator_metric,nitro,clickbench,q19,5,TrinoNitroAggregationOperator,nitroBoundaryNativeEgressRunLengthChannelPositions,0
[WARNING] [stderr] 2026-08-13T02:23:40.771-0600	INFO	ForkJoinPool-1-worker-1	stdout	operator_metric,nitro,clickbench,q19,5,TrinoNitroAggregationOperator,nitroBoundaryPageIngressFlatChannelPositions,399778400
[WARNING] [stderr] 2026-08-13T02:23:40.771-0600	INFO	ForkJoinPool-1-worker-1	stdout	operator_metric,nitro,clickbench,q19,5,TrinoNitroAggregationOperator,nitroBoundaryPageEgressFlatChannelPositions,80
[WARNING] [stderr] 2026-08-13T02:23:40.771-0600	INFO	ForkJoinPool-1-worker-1	stdout	operator_metric,nitro,clickbench,q19,5,TrinoNitroAggregationOperator,nitroBoundaryPageEgressPages,2
[WARNING] [stderr] 2026-08-13T02:23:40.771-0600	INFO	ForkJoinPool-1-worker-1	stdout	operator_metric,nitro,clickbench,q19,5,TrinoNitroAggregationOperator,nitroBoundaryPageIngressPages,3409
[WARNING] [stderr] 2026-08-13T02:23:40.771-0600	INFO	ForkJoinPool-1-worker-1	stdout	operator_metric,nitro,clickbench,q19,5,TrinoNitroAggregationOperator,nitroAggregationInitialKeyNanos,0
[WARNING] [stderr] 2026-08-13T02:23:40.771-0600	INFO	ForkJoinPool-1-worker-1	stdout	operator_metric,nitro,clickbench,q19,5,TrinoNitroAggregationOperator,nitroAggregationInitialEncodedKeyNanos,0
[WARNING] [stderr] 2026-08-13T02:23:40.771-0600	INFO	ForkJoinPool-1-worker-1	stdout	operator_metric,nitro,clickbench,q19,5,TrinoNitroAggregationOperator,nitroAggregationOutputNanos,10780
[WARNING] [stderr] 2026-08-13T02:23:40.771-0600	INFO	ForkJoinPool-1-worker-1	stdout	operator_metric,nitro,clickbench,q19,5,TrinoNitroAggregationOperator,nitroAggregationPipelineNanos,0
[WARNING] [stderr] 2026-08-13T02:23:40.771-0600	INFO	ForkJoinPool-1-worker-1	stdout	operator_metric,nitro,clickbench,q19,5,TrinoNitroAggregationOperator,nitroAggregationGroupingNanos,10880830400
[WARNING] [stderr] 2026-08-13T02:23:40.771-0600	INFO	ForkJoinPool-1-worker-1	stdout	operator_metric,nitro,clickbench,q19,5,TrinoNitroAggregationOperator,nitroAggregationAccumulationNanos,289888331
[WARNING] [stderr] 2026-08-13T02:23:40.771-0600	INFO	ForkJoinPool-1-worker-1	stdout	operator_metric,nitro,clickbench,q19,5,TrinoNitroAggregationOperator,nitroBoundaryNativeEgressDictionaryChannelPositions,0
[WARNING] [stderr] 2026-08-13T02:23:40.771-0600	INFO	ForkJoinPool-1-worker-1	stdout	operator_metric,nitro,clickbench,q19,5,TrinoNitroAggregationOperator,nitroAggregationFusedNanos,0
[WARNING] [stderr] 2026-08-13T02:23:40.771-0600	INFO	ForkJoinPool-1-worker-1	stdout	operator_metric,nitro,clickbench,q19,5,TrinoNitroAggregationOperator,nitroAggregationFlushNanos,0
[WARNING] [stderr] 2026-08-13T02:23:40.771-0600	INFO	ForkJoinPool-1-worker-1	stdout	operator_metric,nitro,clickbench,q19,5,TrinoNitroAggregationOperator,nitroBoundaryPageEgressBytes,640
[WARNING] [stderr] 2026-08-13T02:23:40.771-0600	INFO	ForkJoinPool-1-worker-1	stdout	operator_metric,nitro,clickbench,q19,5,TrinoNitroAggregationOperator,nitroBoundaryPageEgressPositions,20
[WARNING] [stderr] 2026-08-13T02:23:40.771-0600	INFO	ForkJoinPool-1-worker-1	stdout	operator_metric,nitro,clickbench,q19,5,TrinoNitroAggregationOperator,nitroBoundaryPageIngressBytes,3937800592
[WARNING] [stderr] 2026-08-13T02:23:40.771-0600	INFO	ForkJoinPool-1-worker-1	stdout	operator_metric,nitro,clickbench,q19,5,TrinoNitroAggregationOperator,nitroBoundaryPageIngressPositions,99944600
[WARNING] [stderr] 2026-08-13T02:23:40.771-0600	INFO	ForkJoinPool-1-worker-1	stdout	operator_metric,nitro,clickbench,q19,5,TrinoNitroAggregationOperator,nitroBoundaryPageIngressDictionaryChannelPositions,0
[WARNING] [stderr] 2026-08-13T02:23:40.771-0600	INFO	ForkJoinPool-1-worker-1	stdout	operator_metric,nitro,clickbench,q19,5,TrinoNitroAggregationOperator,nitroAggregationInputNanos,11182128881
[WARNING] [stderr] 2026-08-13T02:23:40.771-0600	INFO	ForkJoinPool-1-worker-1	stdout	operator_metric,nitro,clickbench,q19,5,TrinoNitroAggregationOperator,nitroBoundaryPageEgressDictionaryChannelPositions,0
[WARNING] [stderr] 2026-08-13T02:23:40.771-0600	INFO	ForkJoinPool-1-worker-1	stdout	operator_metric,nitro,clickbench,q19,5,TrinoNitroAggregationSourceOperator,nitroAggregationStatePreparationNanos,22152
[WARNING] [stderr] 2026-08-13T02:23:40.771-0600	INFO	ForkJoinPool-1-worker-1	stdout	operator_metric,nitro,clickbench,q19,5,TrinoNitroAggregationSourceOperator,nitroAggregationInitialKeyNanos,0
[WARNING] [stderr] 2026-08-13T02:23:40.771-0600	INFO	ForkJoinPool-1-worker-1	stdout	operator_metric,nitro,clickbench,q19,5,TrinoNitroAggregationSourceOperator,nitroPartialAggregationCardinalityBypassDecisions,2
[WARNING] [stderr] 2026-08-13T02:23:40.771-0600	INFO	ForkJoinPool-1-worker-1	stdout	operator_metric,nitro,clickbench,q19,5,TrinoNitroAggregationSourceOperator,nitroBoundaryNativeExchangeMaximumChannel0Bytes,14420781
[WARNING] [stderr] 2026-08-13T02:23:40.771-0600	INFO	ForkJoinPool-1-worker-1	stdout	operator_metric,nitro,clickbench,q19,5,TrinoNitroAggregationSourceOperator,nitroBoundaryNativeExchangeMaximumChannel3Bytes,14420781
[WARNING] [stderr] 2026-08-13T02:23:40.771-0600	INFO	ForkJoinPool-1-worker-1	stdout	operator_metric,nitro,clickbench,q19,5,TrinoNitroAggregationSourceOperator,nitroProjectionDictionaryNullExpansionPositions,0
[WARNING] [stderr] 2026-08-13T02:23:40.771-0600	INFO	ForkJoinPool-1-worker-1	stdout	operator_metric,nitro,clickbench,q19,5,TrinoNitroAggregationSourceOperator,nitroPartialAggregationAggregatedFlushes,0
[WARNING] [stderr] 2026-08-13T02:23:40.771-0600	INFO	ForkJoinPool-1-worker-1	stdout	operator_metric,nitro,clickbench,q19,5,TrinoNitroAggregationSourceOperator,nitroAggregationInputNanos,5771422822
[WARNING] [stderr] 2026-08-13T02:23:40.771-0600	INFO	ForkJoinPool-1-worker-1	stdout	operator_metric,nitro,clickbench,q19,5,TrinoNitroAggregationSourceOperator,nitroAggregationInitialFlatKeyNanos,0
[WARNING] [stderr] 2026-08-13T02:23:40.771-0600	INFO	ForkJoinPool-1-worker-1	stdout	operator_metric,nitro,clickbench,q19,5,TrinoNitroAggregationSourceOperator,nitroPartialAggregationCardinalityAggregateDecisions,0
[WARNING] [stderr] 2026-08-13T02:23:40.771-0600	INFO	ForkJoinPool-1-worker-1	stdout	operator_metric,nitro,clickbench,q19,5,TrinoNitroAggregationSourceOperator,nitroPartialAggregationPassthroughInputRows,99857497
[WARNING] [stderr] 2026-08-13T02:23:40.771-0600	INFO	ForkJoinPool-1-worker-1	stdout	operator_metric,nitro,clickbench,q19,5,TrinoNitroAggregationSourceOperator,nitroAggregationGroupingNanos,18095173
[WARNING] [stderr] 2026-08-13T02:23:40.771-0600	INFO	ForkJoinPool-1-worker-1	stdout	operator_metric,nitro,clickbench,q19,5,TrinoNitroAggregationSourceOperator,nitroBoundaryNativeExchangeBatches,10048
[WARNING] [stderr] 2026-08-13T02:23:40.771-0600	INFO	ForkJoinPool-1-worker-1	stdout	operator_metric,nitro,clickbench,q19,5,TrinoNitroAggregationSourceOperator,nitroAggregationOutputNanos,4581353
[WARNING] [stderr] 2026-08-13T02:23:40.771-0600	INFO	ForkJoinPool-1-worker-1	stdout	operator_metric,nitro,clickbench,q19,5,TrinoNitroAggregationSourceOperator,nitroProjectionPlannedComputedOutputs,165
[WARNING] [stderr] 2026-08-13T02:23:40.771-0600	INFO	ForkJoinPool-1-worker-1	stdout	operator_metric,nitro,clickbench,q19,5,TrinoNitroAggregationSourceOperator,nitroPartialAggregationCardinalityObservations,885
[WARNING] [stderr] 2026-08-13T02:23:40.771-0600	INFO	ForkJoinPool-1-worker-1	stdout	operator_metric,nitro,clickbench,q19,5,TrinoNitroAggregationSourceOperator,nitroOperatorConstructionNanos,21231659
[WARNING] [stderr] 2026-08-13T02:23:40.771-0600	INFO	ForkJoinPool-1-worker-1	stdout	operator_metric,nitro,clickbench,q19,5,TrinoNitroAggregationSourceOperator,nitroBoundaryNativeExchangeMaximumChannel2Bytes,28367532
[WARNING] [stderr] 2026-08-13T02:23:40.771-0600	INFO	ForkJoinPool-1-worker-1	stdout	operator_metric,nitro,clickbench,q19,5,TrinoNitroAggregationSourceOperator,nitroProjectionIntegerWideningPositions,0
[WARNING] [stderr] 2026-08-13T02:23:40.771-0600	INFO	ForkJoinPool-1-worker-1	stdout	operator_metric,nitro,clickbench,q19,5,TrinoNitroAggregationSourceOperator,nitroBoundaryNativeExchangeMaximumBatchBytes,296408488
[WARNING] [stderr] 2026-08-13T02:23:40.771-0600	INFO	ForkJoinPool-1-worker-1	stdout	operator_metric,nitro,clickbench,q19,5,TrinoNitroAggregationSourceOperator,nitroPartialAggregationCardinalityReconsideredDecisions,0
[WARNING] [stderr] 2026-08-13T02:23:40.771-0600	INFO	ForkJoinPool-1-worker-1	stdout	operator_metric,nitro,clickbench,q19,5,TrinoNitroAggregationSourceOperator,nitroAggregationPipelineNanos,14680696
[WARNING] [stderr] 2026-08-13T02:23:40.771-0600	INFO	ForkJoinPool-1-worker-1	stdout	operator_metric,nitro,clickbench,q19,5,TrinoNitroAggregationSourceOperator,nitroProjectionPlannedAssignments,330
[WARNING] [stderr] 2026-08-13T02:23:40.771-0600	INFO	ForkJoinPool-1-worker-1	stdout	operator_metric,nitro,clickbench,q19,5,TrinoNitroAggregationSourceOperator,nitroPartialAggregationAggregatedOutputRows,0
[WARNING] [stderr] 2026-08-13T02:23:40.771-0600	INFO	ForkJoinPool-1-worker-1	stdout	operator_metric,nitro,clickbench,q19,5,TrinoNitroAggregationSourceOperator,nitroProjectionDictionaryInputPositions,0
[WARNING] [stderr] 2026-08-13T02:23:40.771-0600	INFO	ForkJoinPool-1-worker-1	stdout	operator_metric,nitro,clickbench,q19,5,TrinoNitroAggregationSourceOperator,nitroAggregationAccumulationNanos,188135
[WARNING] [stderr] 2026-08-13T02:23:40.771-0600	INFO	ForkJoinPool-1-worker-1	stdout	operator_metric,nitro,clickbench,q19,5,TrinoNitroAggregationSourceOperator,nitroProjectionGeneratedErrorFallbacks,0
[WARNING] [stderr] 2026-08-13T02:23:40.771-0600	INFO	ForkJoinPool-1-worker-1	stdout	operator_metric,nitro,clickbench,q19,5,TrinoNitroAggregationSourceOperator,nitroProjectionGeneratedOutputs,0
[WARNING] [stderr] 2026-08-13T02:23:40.771-0600	INFO	ForkJoinPool-1-worker-1	stdout	operator_metric,nitro,clickbench,q19,5,TrinoNitroAggregationSourceOperator,nitroProjectionFlatInputPositions,0
[WARNING] [stderr] 2026-08-13T02:23:40.771-0600	INFO	ForkJoinPool-1-worker-1	stdout	operator_metric,nitro,clickbench,q19,5,TrinoNitroAggregationSourceOperator,nitroAggregationInitialEncodedKeyNanos,0
[WARNING] [stderr] 2026-08-13T02:23:40.771-0600	INFO	ForkJoinPool-1-worker-1	stdout	operator_metric,nitro,clickbench,q19,5,TrinoNitroAggregationSourceOperator,nitroNativeSourceCreationNanos,28380597
[WARNING] [stderr] 2026-08-13T02:23:40.771-0600	INFO	ForkJoinPool-1-worker-1	stdout	operator_metric,nitro,clickbench,q19,5,TrinoNitroAggregationSourceOperator,nitroProjectionGeneratedLayoutFallbacks,0
[WARNING] [stderr] 2026-08-13T02:23:40.771-0600	INFO	ForkJoinPool-1-worker-1	stdout	operator_metric,nitro,clickbench,q19,5,TrinoNitroAggregationSourceOperator,nitroProjectionGeneratedSuccesses,0
[WARNING] [stderr] 2026-08-13T02:23:40.771-0600	INFO	ForkJoinPool-1-worker-1	stdout	operator_metric,nitro,clickbench,q19,5,TrinoNitroAggregationSourceOperator,nitroPartialAggregationAggregatedInputRows,0
[WARNING] [stderr] 2026-08-13T02:23:40.771-0600	INFO	ForkJoinPool-1-worker-1	stdout	operator_metric,nitro,clickbench,q19,5,TrinoNitroAggregationSourceOperator,nitroAggregationFlushNanos,0
[WARNING] [stderr] 2026-08-13T02:23:40.771-0600	INFO	ForkJoinPool-1-worker-1	stdout	operator_metric,nitro,clickbench,q19,5,TrinoNitroAggregationSourceOperator,nitroBoundaryNativeExchangeMaximumChannel1Bytes,239891612
[WARNING] [stderr] 2026-08-13T02:23:40.771-0600	INFO	ForkJoinPool-1-worker-1	stdout	operator_metric,nitro,clickbench,q19,5,TrinoNitroAggregationSourceOperator,nitroAggregationFusedNanos,0
[WARNING] [stderr] 2026-08-13T02:23:40.771-0600	INFO	ForkJoinPool-1-worker-1	stdout	operator_metric,nitro,clickbench,q19,5,TrinoNitroAggregationSourceOperator,nitroProjectionGeneratedKernels,0
[WARNING] [stderr] 2026-08-13T02:23:40.771-0600	INFO	ForkJoinPool-1-worker-1	stdout	operator_metric,nitro,clickbench,q19,5,TrinoNitroAggregationSourceOperator,nitroAggregationInitialAggregationNanos,60500280
[WARNING] [stderr] 2026-08-13T02:23:40.771-0600	INFO	ForkJoinPool-1-worker-1	stdout	operator_metric,nitro,clickbench,q19,5,TrinoNitroAggregationSourceOperator,nitroProjectionOtherNullExpansionPositions,0
[WARNING] [stderr] 2026-08-13T02:23:40.772-0600	INFO	ForkJoinPool-1-worker-1	stdout	operator_metric,nitro,clickbench,q19,5,TrinoNitroAggregationSourceOperator,nitroProjectionGeneratedAttempts,0
[WARNING] [stderr] 2026-08-13T02:23:40.772-0600	INFO	ForkJoinPool-1-worker-1	stdout	operator_metric,nitro,clickbench,q19,5,TrinoNitroAggregationSourceOperator,nitroPartialAggregationPassthroughFlushes,10041
[WARNING] [stderr] 2026-08-13T02:23:40.772-0600	INFO	ForkJoinPool-1-worker-1	stdout	operator_metric,nitro,clickbench,q19,5,TrinoNitroAggregationSourceOperator,nitroProjectionOtherInputPositions,0
[WARNING] [stderr] 2026-08-13T02:23:40.772-0600	INFO	ForkJoinPool-1-worker-1	stdout	operator_metric,nitro,clickbench,q19,5,TrinoNitroAggregationSourceOperator,nitroProjectionDictionaryFlatteningPositions,0
[WARNING] [stderr] 2026-08-13T02:23:40.772-0600	INFO	ForkJoinPool-1-worker-1	stdout	operator_metric,nitro,clickbench,q19,5,TrinoNitroAggregationSourceOperator,nitroBoundaryNativeExchangeBytes,9632465023
[WARNING] [stderr] 2026-08-13T02:23:40.772-0600	INFO	ForkJoinPool-1-worker-1	stdout	operator_metric,nitro,clickbench,q19,5,TrinoNitroAggregationSourceOperator,nitroProjectionRunLengthInputPositions,0
[WARNING] [stderr] 2026-08-13T02:23:40.772-0600	INFO	ForkJoinPool-1-worker-1	stdout	operator_metric,nitro,clickbench,q19,5,TrinoNitroAggregationSourceOperator,nitroProjectionGeneratedSelectedPositions,0
[WARNING] [stderr] 2026-08-13T02:23:40.772-0600	INFO	ForkJoinPool-1-worker-1	stdout	operator_metric,nitro,clickbench,q19,5,TrinoNitroAggregationSourceOperator,nitroBoundaryNativeExchangePositions,99944600
[WARNING] [stderr] 2026-08-13T02:23:40.772-0600	INFO	ForkJoinPool-1-worker-1	stdout	operator_metric,nitro,clickbench,q19,5,PartitionedOutputOperator,nitroExchangeRunLengthUnsupportedPositions,0
[WARNING] [stderr] 2026-08-13T02:23:40.772-0600	INFO	ForkJoinPool-1-worker-1	stdout	operator_metric,nitro,clickbench,q19,5,PartitionedOutputOperator,nitroRemoteOutputBufferedAppendNanos,2254810043
[WARNING] [stderr] 2026-08-13T02:23:40.772-0600	INFO	ForkJoinPool-1-worker-1	stdout	operator_metric,nitro,clickbench,q19,5,PartitionedOutputOperator,nitroRemoteOutputTotalNanos,2822518986
[WARNING] [stderr] 2026-08-13T02:23:40.772-0600	INFO	ForkJoinPool-1-worker-1	stdout	operator_metric,nitro,clickbench,q19,5,PartitionedOutputOperator,nitroRemoteOutputInputPositions,99944600
[WARNING] [stderr] 2026-08-13T02:23:40.772-0600	INFO	ForkJoinPool-1-worker-1	stdout	operator_metric,nitro,clickbench,q19,5,PartitionedOutputOperator,nitroExchangeInputRunLengthChannelPositions,0
[WARNING] [stderr] 2026-08-13T02:23:40.772-0600	INFO	ForkJoinPool-1-worker-1	stdout	operator_metric,nitro,clickbench,q19,5,PartitionedOutputOperator,nitroExchangeNoDictionaryPositions,99944600
[WARNING] [stderr] 2026-08-13T02:23:40.772-0600	INFO	ForkJoinPool-1-worker-1	stdout	operator_metric,nitro,clickbench,q19,5,PartitionedOutputOperator,nitroExchangeInputPositions,99944600
[WARNING] [stderr] 2026-08-13T02:23:40.772-0600	INFO	ForkJoinPool-1-worker-1	stdout	operator_metric,nitro,clickbench,q19,5,PartitionedOutputOperator,nitroExchangeLowDictionaryReusePositions,0
[WARNING] [stderr] 2026-08-13T02:23:40.772-0600	INFO	ForkJoinPool-1-worker-1	stdout	operator_metric,nitro,clickbench,q19,5,PartitionedOutputOperator,nitroExchangePreservedPositions,0
[WARNING] [stderr] 2026-08-13T02:23:40.772-0600	INFO	ForkJoinPool-1-worker-1	stdout	operator_metric,nitro,clickbench,q19,5,PartitionedOutputOperator,nitroRemoteOutputPartitionAssignmentNanos,0
[WARNING] [stderr] 2026-08-13T02:23:40.772-0600	INFO	ForkJoinPool-1-worker-1	stdout	operator_metric,nitro,clickbench,q19,5,PartitionedOutputOperator,nitroRemoteOutputBufferedConversionNanos,558819342
[WARNING] [stderr] 2026-08-13T02:23:40.772-0600	INFO	ForkJoinPool-1-worker-1	stdout	operator_metric,nitro,clickbench,q19,5,PartitionedOutputOperator,nitroRemoteOutputNativePartitionAppendNanos,0
[WARNING] [stderr] 2026-08-13T02:23:40.772-0600	INFO	ForkJoinPool-1-worker-1	stdout	operator_metric,nitro,clickbench,q19,5,PartitionedOutputOperator,nitroRemoteOutputNativePartitionConversionNanos,0
[WARNING] [stderr] 2026-08-13T02:23:40.772-0600	INFO	ForkJoinPool-1-worker-1	stdout	operator_metric,nitro,clickbench,q19,5,PartitionedOutputOperator,nitroExchangeInputPages,10048
[WARNING] [stderr] 2026-08-13T02:23:40.772-0600	INFO	ForkJoinPool-1-worker-1	stdout	operator_metric,nitro,clickbench,q19,5,PartitionedOutputOperator,nitroExchangeSmallPagePositions,0
[WARNING] [stderr] 2026-08-13T02:23:40.772-0600	INFO	ForkJoinPool-1-worker-1	stdout	operator_metric,nitro,clickbench,q19,5,PartitionedOutputOperator,nitroExchangeInputFlatChannelPositions,399778400
[WARNING] [stderr] 2026-08-13T02:23:40.772-0600	INFO	ForkJoinPool-1-worker-1	stdout	operator_metric,nitro,clickbench,q19,5,PartitionedOutputOperator,nitroExchangeDictionaryUnsupportedPositions,0
[WARNING] [stderr] 2026-08-13T02:23:40.772-0600	INFO	ForkJoinPool-1-worker-1	stdout	operator_metric,nitro,clickbench,q19,5,PartitionedOutputOperator,nitroRemoteOutputNativeBatches,0
[WARNING] [stderr] 2026-08-13T02:23:40.772-0600	INFO	ForkJoinPool-1-worker-1	stdout	operator_metric,nitro,clickbench,q19,5,PartitionedOutputOperator,nitroRemoteOutputNativePartitionCopyNanos,0
[WARNING] [stderr] 2026-08-13T02:23:40.772-0600	INFO	ForkJoinPool-1-worker-1	stdout	operator_metric,nitro,clickbench,q19,5,PartitionedOutputOperator,nitroExchangeInputDictionaryChannelPositions,0
[WARNING] [stderr] 2026-08-13T02:23:40.772-0600	INFO	ForkJoinPool-1-worker-1	stdout	operator_metric,nitro,clickbench,q19,5,PartitionedOutputOperator,nitroRemoteOutputNativePartitions,0
[WARNING] [stderr] 2026-08-13T02:23:40.772-0600	INFO	ForkJoinPool-1-worker-1	stdout	operator_metric,nitro,clickbench,q19,5,PartitionedOutputOperator,nitroRemoteOutputBufferedBatches,10048
[WARNING] [stderr] 2026-08-13T02:23:40.772-0600	INFO	ForkJoinPool-1-worker-1	stdout	operator_metric,nitro,clickbench,q19,5,PartitionedOutputOperator,nitroRemoteOutputPartitionKeyConversionNanos,0
[WARNING] [stderr] 2026-08-13T02:23:47.165-0600	INFO	ForkJoinPool-1-worker-1	stdout	operator_cpu,nitro,clickbench,q19,6,ExchangeOperator,3,0.000,224.284,0.000,0,99923322,99923322,10190.200,19.701,0.000
[WARNING] [stderr] 2026-08-13T02:23:47.165-0600	INFO	ForkJoinPool-1-worker-1	stdout	operator_cpu,nitro,clickbench,q19,6,LocalExchangeSourceOperator,7,0.000,7.818,0.000,0,99923362,99923362,31352.190,0.000,0.000
[WARNING] [stderr] 2026-08-13T02:23:47.165-0600	INFO	ForkJoinPool-1-worker-1	stdout	operator_cpu,nitro,clickbench,q19,6,TaskOutputOperator,3,0.188,0.000,0.002,0,30,30,0.000,0.000,0.000
[WARNING] [stderr] 2026-08-13T02:23:47.165-0600	INFO	ForkJoinPool-1-worker-1	stdout	operator_cpu,nitro,clickbench,q19,6,LocalExchangeSinkOperator,7,3.602,0.000,0.148,0,99923362,99923362,5155.260,0.000,0.000
[WARNING] [stderr] 2026-08-13T02:23:47.165-0600	INFO	ForkJoinPool-1-worker-1	stdout	operator_cpu,nitro,clickbench,q19,6,TopNOperator,5,0.009,0.587,0.071,0,60,50,0.000,0.084,0.000
[WARNING] [stderr] 2026-08-13T02:23:47.165-0600	INFO	ForkJoinPool-1-worker-1	stdout	operator_cpu,nitro,clickbench,q19,6,TrinoNitroAggregationOperator,2,10300.000,873.680,0.003,0,99923302,20,0.000,1526.628,0.000
[WARNING] [stderr] 2026-08-13T02:23:47.165-0600	INFO	ForkJoinPool-1-worker-1	stdout	operator_cpu,nitro,clickbench,q19,6,TrinoNitroAggregationSourceOperator,165,0.000,4570.000,0.000,99997497,99997497,99923302,0.000,16.746,0.000
[WARNING] [stderr] 2026-08-13T02:23:47.165-0600	INFO	ForkJoinPool-1-worker-1	stdout	operator_cpu,nitro,clickbench,q19,6,PartitionedOutputOperator,165,2410.000,0.000,3.130,0,99923302,99923302,22880.000,0.000,0.000
[WARNING] [stderr] 2026-08-13T02:23:47.165-0600	INFO	ForkJoinPool-1-worker-1	stdout	operator_metric,nitro,clickbench,q19,6,TrinoNitroAggregationOperator,nitroAggregationInitialAggregationNanos,0
[WARNING] [stderr] 2026-08-13T02:23:47.165-0600	INFO	ForkJoinPool-1-worker-1	stdout	operator_metric,nitro,clickbench,q19,6,TrinoNitroAggregationOperator,nitroBoundaryPageEgressRunLengthChannelPositions,0
[WARNING] [stderr] 2026-08-13T02:23:47.165-0600	INFO	ForkJoinPool-1-worker-1	stdout	operator_metric,nitro,clickbench,q19,6,TrinoNitroAggregationOperator,nitroBoundaryPageIngressRunLengthChannelPositions,0
[WARNING] [stderr] 2026-08-13T02:23:47.165-0600	INFO	ForkJoinPool-1-worker-1	stdout	operator_metric,nitro,clickbench,q19,6,TrinoNitroAggregationOperator,nitroAggregationInitialFlatKeyNanos,0
[WARNING] [stderr] 2026-08-13T02:23:47.165-0600	INFO	ForkJoinPool-1-worker-1	stdout	operator_metric,nitro,clickbench,q19,6,TrinoNitroAggregationOperator,nitroBoundaryNativeEgressFlatChannelPositions,80
[WARNING] [stderr] 2026-08-13T02:23:47.165-0600	INFO	ForkJoinPool-1-worker-1	stdout	operator_metric,nitro,clickbench,q19,6,TrinoNitroAggregationOperator,nitroAggregationStatePreparationNanos,9540289
[WARNING] [stderr] 2026-08-13T02:23:47.165-0600	INFO	ForkJoinPool-1-worker-1	stdout	operator_metric,nitro,clickbench,q19,6,TrinoNitroAggregationOperator,nitroBoundaryNativeEgressRunLengthChannelPositions,0
[WARNING] [stderr] 2026-08-13T02:23:47.165-0600	INFO	ForkJoinPool-1-worker-1	stdout	operator_metric,nitro,clickbench,q19,6,TrinoNitroAggregationOperator,nitroBoundaryPageIngressFlatChannelPositions,399693208
[WARNING] [stderr] 2026-08-13T02:23:47.165-0600	INFO	ForkJoinPool-1-worker-1	stdout	operator_metric,nitro,clickbench,q19,6,TrinoNitroAggregationOperator,nitroBoundaryPageEgressFlatChannelPositions,80
[WARNING] [stderr] 2026-08-13T02:23:47.166-0600	INFO	ForkJoinPool-1-worker-1	stdout	operator_metric,nitro,clickbench,q19,6,TrinoNitroAggregationOperator,nitroBoundaryPageEgressPages,2
[WARNING] [stderr] 2026-08-13T02:23:47.166-0600	INFO	ForkJoinPool-1-worker-1	stdout	operator_metric,nitro,clickbench,q19,6,TrinoNitroAggregationOperator,nitroBoundaryPageIngressPages,3412
[WARNING] [stderr] 2026-08-13T02:23:47.166-0600	INFO	ForkJoinPool-1-worker-1	stdout	operator_metric,nitro,clickbench,q19,6,TrinoNitroAggregationOperator,nitroAggregationInitialKeyNanos,0
[WARNING] [stderr] 2026-08-13T02:23:47.166-0600	INFO	ForkJoinPool-1-worker-1	stdout	operator_metric,nitro,clickbench,q19,6,TrinoNitroAggregationOperator,nitroAggregationInitialEncodedKeyNanos,0
[WARNING] [stderr] 2026-08-13T02:23:47.166-0600	INFO	ForkJoinPool-1-worker-1	stdout	operator_metric,nitro,clickbench,q19,6,TrinoNitroAggregationOperator,nitroAggregationOutputNanos,9498
[WARNING] [stderr] 2026-08-13T02:23:47.166-0600	INFO	ForkJoinPool-1-worker-1	stdout	operator_metric,nitro,clickbench,q19,6,TrinoNitroAggregationOperator,nitroAggregationPipelineNanos,0
[WARNING] [stderr] 2026-08-13T02:23:47.166-0600	INFO	ForkJoinPool-1-worker-1	stdout	operator_metric,nitro,clickbench,q19,6,TrinoNitroAggregationOperator,nitroAggregationGroupingNanos,10733537158
[WARNING] [stderr] 2026-08-13T02:23:47.166-0600	INFO	ForkJoinPool-1-worker-1	stdout	operator_metric,nitro,clickbench,q19,6,TrinoNitroAggregationOperator,nitroAggregationAccumulationNanos,294265744
[WARNING] [stderr] 2026-08-13T02:23:47.166-0600	INFO	ForkJoinPool-1-worker-1	stdout	operator_metric,nitro,clickbench,q19,6,TrinoNitroAggregationOperator,nitroBoundaryNativeEgressDictionaryChannelPositions,0
[WARNING] [stderr] 2026-08-13T02:23:47.166-0600	INFO	ForkJoinPool-1-worker-1	stdout	operator_metric,nitro,clickbench,q19,6,TrinoNitroAggregationOperator,nitroAggregationFusedNanos,0
[WARNING] [stderr] 2026-08-13T02:23:47.166-0600	INFO	ForkJoinPool-1-worker-1	stdout	operator_metric,nitro,clickbench,q19,6,TrinoNitroAggregationOperator,nitroAggregationFlushNanos,0
[WARNING] [stderr] 2026-08-13T02:23:47.166-0600	INFO	ForkJoinPool-1-worker-1	stdout	operator_metric,nitro,clickbench,q19,6,TrinoNitroAggregationOperator,nitroBoundaryPageEgressBytes,640
[WARNING] [stderr] 2026-08-13T02:23:47.166-0600	INFO	ForkJoinPool-1-worker-1	stdout	operator_metric,nitro,clickbench,q19,6,TrinoNitroAggregationOperator,nitroBoundaryPageEgressPositions,20
[WARNING] [stderr] 2026-08-13T02:23:47.166-0600	INFO	ForkJoinPool-1-worker-1	stdout	operator_metric,nitro,clickbench,q19,6,TrinoNitroAggregationOperator,nitroBoundaryPageIngressBytes,3937020801
[WARNING] [stderr] 2026-08-13T02:23:47.166-0600	INFO	ForkJoinPool-1-worker-1	stdout	operator_metric,nitro,clickbench,q19,6,TrinoNitroAggregationOperator,nitroBoundaryPageIngressPositions,99923302
[WARNING] [stderr] 2026-08-13T02:23:47.166-0600	INFO	ForkJoinPool-1-worker-1	stdout	operator_metric,nitro,clickbench,q19,6,TrinoNitroAggregationOperator,nitroBoundaryPageIngressDictionaryChannelPositions,0
[WARNING] [stderr] 2026-08-13T02:23:47.166-0600	INFO	ForkJoinPool-1-worker-1	stdout	operator_metric,nitro,clickbench,q19,6,TrinoNitroAggregationOperator,nitroAggregationInputNanos,11038595264
[WARNING] [stderr] 2026-08-13T02:23:47.166-0600	INFO	ForkJoinPool-1-worker-1	stdout	operator_metric,nitro,clickbench,q19,6,TrinoNitroAggregationOperator,nitroBoundaryPageEgressDictionaryChannelPositions,0
[WARNING] [stderr] 2026-08-13T02:23:47.166-0600	INFO	ForkJoinPool-1-worker-1	stdout	operator_metric,nitro,clickbench,q19,6,TrinoNitroAggregationSourceOperator,nitroAggregationStatePreparationNanos,24305
[WARNING] [stderr] 2026-08-13T02:23:47.166-0600	INFO	ForkJoinPool-1-worker-1	stdout	operator_metric,nitro,clickbench,q19,6,TrinoNitroAggregationSourceOperator,nitroAggregationInitialKeyNanos,0
[WARNING] [stderr] 2026-08-13T02:23:47.166-0600	INFO	ForkJoinPool-1-worker-1	stdout	operator_metric,nitro,clickbench,q19,6,TrinoNitroAggregationSourceOperator,nitroPartialAggregationCardinalityBypassDecisions,2
[WARNING] [stderr] 2026-08-13T02:23:47.166-0600	INFO	ForkJoinPool-1-worker-1	stdout	operator_metric,nitro,clickbench,q19,6,TrinoNitroAggregationSourceOperator,nitroBoundaryNativeExchangeMaximumChannel0Bytes,14291613
[WARNING] [stderr] 2026-08-13T02:23:47.166-0600	INFO	ForkJoinPool-1-worker-1	stdout	operator_metric,nitro,clickbench,q19,6,TrinoNitroAggregationSourceOperator,nitroBoundaryNativeExchangeMaximumChannel3Bytes,14291613
[WARNING] [stderr] 2026-08-13T02:23:47.166-0600	INFO	ForkJoinPool-1-worker-1	stdout	operator_metric,nitro,clickbench,q19,6,TrinoNitroAggregationSourceOperator,nitroProjectionDictionaryNullExpansionPositions,0
[WARNING] [stderr] 2026-08-13T02:23:47.166-0600	INFO	ForkJoinPool-1-worker-1	stdout	operator_metric,nitro,clickbench,q19,6,TrinoNitroAggregationSourceOperator,nitroPartialAggregationAggregatedFlushes,0
[WARNING] [stderr] 2026-08-13T02:23:47.166-0600	INFO	ForkJoinPool-1-worker-1	stdout	operator_metric,nitro,clickbench,q19,6,TrinoNitroAggregationSourceOperator,nitroAggregationInputNanos,5366573658
[WARNING] [stderr] 2026-08-13T02:23:47.166-0600	INFO	ForkJoinPool-1-worker-1	stdout	operator_metric,nitro,clickbench,q19,6,TrinoNitroAggregationSourceOperator,nitroAggregationInitialFlatKeyNanos,0
[WARNING] [stderr] 2026-08-13T02:23:47.166-0600	INFO	ForkJoinPool-1-worker-1	stdout	operator_metric,nitro,clickbench,q19,6,TrinoNitroAggregationSourceOperator,nitroPartialAggregationCardinalityAggregateDecisions,0
[WARNING] [stderr] 2026-08-13T02:23:47.166-0600	INFO	ForkJoinPool-1-worker-1	stdout	operator_metric,nitro,clickbench,q19,6,TrinoNitroAggregationSourceOperator,nitroPartialAggregationPassthroughInputRows,99857497
[WARNING] [stderr] 2026-08-13T02:23:47.166-0600	INFO	ForkJoinPool-1-worker-1	stdout	operator_metric,nitro,clickbench,q19,6,TrinoNitroAggregationSourceOperator,nitroAggregationGroupingNanos,15512855
[WARNING] [stderr] 2026-08-13T02:23:47.166-0600	INFO	ForkJoinPool-1-worker-1	stdout	operator_metric,nitro,clickbench,q19,6,TrinoNitroAggregationSourceOperator,nitroBoundaryNativeExchangeBatches,10046
[WARNING] [stderr] 2026-08-13T02:23:47.166-0600	INFO	ForkJoinPool-1-worker-1	stdout	operator_metric,nitro,clickbench,q19,6,TrinoNitroAggregationSourceOperator,nitroAggregationOutputNanos,1960161
[WARNING] [stderr] 2026-08-13T02:23:47.166-0600	INFO	ForkJoinPool-1-worker-1	stdout	operator_metric,nitro,clickbench,q19,6,TrinoNitroAggregationSourceOperator,nitroProjectionPlannedComputedOutputs,165
[WARNING] [stderr] 2026-08-13T02:23:47.166-0600	INFO	ForkJoinPool-1-worker-1	stdout	operator_metric,nitro,clickbench,q19,6,TrinoNitroAggregationSourceOperator,nitroPartialAggregationCardinalityObservations,794
[WARNING] [stderr] 2026-08-13T02:23:47.166-0600	INFO	ForkJoinPool-1-worker-1	stdout	operator_metric,nitro,clickbench,q19,6,TrinoNitroAggregationSourceOperator,nitroOperatorConstructionNanos,19542810
[WARNING] [stderr] 2026-08-13T02:23:47.166-0600	INFO	ForkJoinPool-1-worker-1	stdout	operator_metric,nitro,clickbench,q19,6,TrinoNitroAggregationSourceOperator,nitroBoundaryNativeExchangeMaximumChannel2Bytes,28260000
[WARNING] [stderr] 2026-08-13T02:23:47.166-0600	INFO	ForkJoinPool-1-worker-1	stdout	operator_metric,nitro,clickbench,q19,6,TrinoNitroAggregationSourceOperator,nitroProjectionIntegerWideningPositions,0
[WARNING] [stderr] 2026-08-13T02:23:47.166-0600	INFO	ForkJoinPool-1-worker-1	stdout	operator_metric,nitro,clickbench,q19,6,TrinoNitroAggregationSourceOperator,nitroBoundaryNativeExchangeMaximumBatchBytes,296419641
[WARNING] [stderr] 2026-08-13T02:23:47.166-0600	INFO	ForkJoinPool-1-worker-1	stdout	operator_metric,nitro,clickbench,q19,6,TrinoNitroAggregationSourceOperator,nitroPartialAggregationCardinalityReconsideredDecisions,0
[WARNING] [stderr] 2026-08-13T02:23:47.166-0600	INFO	ForkJoinPool-1-worker-1	stdout	operator_metric,nitro,clickbench,q19,6,TrinoNitroAggregationSourceOperator,nitroAggregationPipelineNanos,12478425
[WARNING] [stderr] 2026-08-13T02:23:47.166-0600	INFO	ForkJoinPool-1-worker-1	stdout	operator_metric,nitro,clickbench,q19,6,TrinoNitroAggregationSourceOperator,nitroProjectionPlannedAssignments,330
[WARNING] [stderr] 2026-08-13T02:23:47.166-0600	INFO	ForkJoinPool-1-worker-1	stdout	operator_metric,nitro,clickbench,q19,6,TrinoNitroAggregationSourceOperator,nitroPartialAggregationAggregatedOutputRows,0
[WARNING] [stderr] 2026-08-13T02:23:47.166-0600	INFO	ForkJoinPool-1-worker-1	stdout	operator_metric,nitro,clickbench,q19,6,TrinoNitroAggregationSourceOperator,nitroProjectionDictionaryInputPositions,0
[WARNING] [stderr] 2026-08-13T02:23:47.166-0600	INFO	ForkJoinPool-1-worker-1	stdout	operator_metric,nitro,clickbench,q19,6,TrinoNitroAggregationSourceOperator,nitroAggregationAccumulationNanos,184609
[WARNING] [stderr] 2026-08-13T02:23:47.166-0600	INFO	ForkJoinPool-1-worker-1	stdout	operator_metric,nitro,clickbench,q19,6,TrinoNitroAggregationSourceOperator,nitroProjectionGeneratedErrorFallbacks,0
[WARNING] [stderr] 2026-08-13T02:23:47.166-0600	INFO	ForkJoinPool-1-worker-1	stdout	operator_metric,nitro,clickbench,q19,6,TrinoNitroAggregationSourceOperator,nitroProjectionGeneratedOutputs,0
[WARNING] [stderr] 2026-08-13T02:23:47.166-0600	INFO	ForkJoinPool-1-worker-1	stdout	operator_metric,nitro,clickbench,q19,6,TrinoNitroAggregationSourceOperator,nitroProjectionFlatInputPositions,0
[WARNING] [stderr] 2026-08-13T02:23:47.166-0600	INFO	ForkJoinPool-1-worker-1	stdout	operator_metric,nitro,clickbench,q19,6,TrinoNitroAggregationSourceOperator,nitroAggregationInitialEncodedKeyNanos,0
[WARNING] [stderr] 2026-08-13T02:23:47.166-0600	INFO	ForkJoinPool-1-worker-1	stdout	operator_metric,nitro,clickbench,q19,6,TrinoNitroAggregationSourceOperator,nitroNativeSourceCreationNanos,19441476
[WARNING] [stderr] 2026-08-13T02:23:47.166-0600	INFO	ForkJoinPool-1-worker-1	stdout	operator_metric,nitro,clickbench,q19,6,TrinoNitroAggregationSourceOperator,nitroProjectionGeneratedLayoutFallbacks,0
[WARNING] [stderr] 2026-08-13T02:23:47.166-0600	INFO	ForkJoinPool-1-worker-1	stdout	operator_metric,nitro,clickbench,q19,6,TrinoNitroAggregationSourceOperator,nitroProjectionGeneratedSuccesses,0
[WARNING] [stderr] 2026-08-13T02:23:47.166-0600	INFO	ForkJoinPool-1-worker-1	stdout	operator_metric,nitro,clickbench,q19,6,TrinoNitroAggregationSourceOperator,nitroPartialAggregationAggregatedInputRows,0
[WARNING] [stderr] 2026-08-13T02:23:47.166-0600	INFO	ForkJoinPool-1-worker-1	stdout	operator_metric,nitro,clickbench,q19,6,TrinoNitroAggregationSourceOperator,nitroAggregationFlushNanos,0
[WARNING] [stderr] 2026-08-13T02:23:47.166-0600	INFO	ForkJoinPool-1-worker-1	stdout	operator_metric,nitro,clickbench,q19,6,TrinoNitroAggregationSourceOperator,nitroBoundaryNativeExchangeMaximumChannel1Bytes,240108729
[WARNING] [stderr] 2026-08-13T02:23:47.166-0600	INFO	ForkJoinPool-1-worker-1	stdout	operator_metric,nitro,clickbench,q19,6,TrinoNitroAggregationSourceOperator,nitroAggregationFusedNanos,0
[WARNING] [stderr] 2026-08-13T02:23:47.166-0600	INFO	ForkJoinPool-1-worker-1	stdout	operator_metric,nitro,clickbench,q19,6,TrinoNitroAggregationSourceOperator,nitroProjectionGeneratedKernels,0
[WARNING] [stderr] 2026-08-13T02:23:47.166-0600	INFO	ForkJoinPool-1-worker-1	stdout	operator_metric,nitro,clickbench,q19,6,TrinoNitroAggregationSourceOperator,nitroAggregationInitialAggregationNanos,123742492
[WARNING] [stderr] 2026-08-13T02:23:47.166-0600	INFO	ForkJoinPool-1-worker-1	stdout	operator_metric,nitro,clickbench,q19,6,TrinoNitroAggregationSourceOperator,nitroProjectionOtherNullExpansionPositions,0
[WARNING] [stderr] 2026-08-13T02:23:47.166-0600	INFO	ForkJoinPool-1-worker-1	stdout	operator_metric,nitro,clickbench,q19,6,TrinoNitroAggregationSourceOperator,nitroProjectionGeneratedAttempts,0
[WARNING] [stderr] 2026-08-13T02:23:47.166-0600	INFO	ForkJoinPool-1-worker-1	stdout	operator_metric,nitro,clickbench,q19,6,TrinoNitroAggregationSourceOperator,nitroPartialAggregationPassthroughFlushes,10041
[WARNING] [stderr] 2026-08-13T02:23:47.166-0600	INFO	ForkJoinPool-1-worker-1	stdout	operator_metric,nitro,clickbench,q19,6,TrinoNitroAggregationSourceOperator,nitroProjectionOtherInputPositions,0
[WARNING] [stderr] 2026-08-13T02:23:47.166-0600	INFO	ForkJoinPool-1-worker-1	stdout	operator_metric,nitro,clickbench,q19,6,TrinoNitroAggregationSourceOperator,nitroProjectionDictionaryFlatteningPositions,0
[WARNING] [stderr] 2026-08-13T02:23:47.166-0600	INFO	ForkJoinPool-1-worker-1	stdout	operator_metric,nitro,clickbench,q19,6,TrinoNitroAggregationSourceOperator,nitroBoundaryNativeExchangeBytes,9627293965
[WARNING] [stderr] 2026-08-13T02:23:47.166-0600	INFO	ForkJoinPool-1-worker-1	stdout	operator_metric,nitro,clickbench,q19,6,TrinoNitroAggregationSourceOperator,nitroProjectionRunLengthInputPositions,0
[WARNING] [stderr] 2026-08-13T02:23:47.166-0600	INFO	ForkJoinPool-1-worker-1	stdout	operator_metric,nitro,clickbench,q19,6,TrinoNitroAggregationSourceOperator,nitroProjectionGeneratedSelectedPositions,0
[WARNING] [stderr] 2026-08-13T02:23:47.166-0600	INFO	ForkJoinPool-1-worker-1	stdout	operator_metric,nitro,clickbench,q19,6,TrinoNitroAggregationSourceOperator,nitroBoundaryNativeExchangePositions,99923302
[WARNING] [stderr] 2026-08-13T02:23:47.166-0600	INFO	ForkJoinPool-1-worker-1	stdout	operator_metric,nitro,clickbench,q19,6,PartitionedOutputOperator,nitroExchangeRunLengthUnsupportedPositions,0
[WARNING] [stderr] 2026-08-13T02:23:47.166-0600	INFO	ForkJoinPool-1-worker-1	stdout	operator_metric,nitro,clickbench,q19,6,PartitionedOutputOperator,nitroRemoteOutputBufferedAppendNanos,2350505275
[WARNING] [stderr] 2026-08-13T02:23:47.166-0600	INFO	ForkJoinPool-1-worker-1	stdout	operator_metric,nitro,clickbench,q19,6,PartitionedOutputOperator,nitroRemoteOutputTotalNanos,2897525528
[WARNING] [stderr] 2026-08-13T02:23:47.166-0600	INFO	ForkJoinPool-1-worker-1	stdout	operator_metric,nitro,clickbench,q19,6,PartitionedOutputOperator,nitroRemoteOutputInputPositions,99923302
[WARNING] [stderr] 2026-08-13T02:23:47.166-0600	INFO	ForkJoinPool-1-worker-1	stdout	operator_metric,nitro,clickbench,q19,6,PartitionedOutputOperator,nitroExchangeInputRunLengthChannelPositions,0
[WARNING] [stderr] 2026-08-13T02:23:47.166-0600	INFO	ForkJoinPool-1-worker-1	stdout	operator_metric,nitro,clickbench,q19,6,PartitionedOutputOperator,nitroExchangeNoDictionaryPositions,99923302
[WARNING] [stderr] 2026-08-13T02:23:47.166-0600	INFO	ForkJoinPool-1-worker-1	stdout	operator_metric,nitro,clickbench,q19,6,PartitionedOutputOperator,nitroExchangeInputPositions,99923302
[WARNING] [stderr] 2026-08-13T02:23:47.166-0600	INFO	ForkJoinPool-1-worker-1	stdout	operator_metric,nitro,clickbench,q19,6,PartitionedOutputOperator,nitroExchangeLowDictionaryReusePositions,0
[WARNING] [stderr] 2026-08-13T02:23:47.166-0600	INFO	ForkJoinPool-1-worker-1	stdout	operator_metric,nitro,clickbench,q19,6,PartitionedOutputOperator,nitroExchangePreservedPositions,0
[WARNING] [stderr] 2026-08-13T02:23:47.166-0600	INFO	ForkJoinPool-1-worker-1	stdout	operator_metric,nitro,clickbench,q19,6,PartitionedOutputOperator,nitroRemoteOutputPartitionAssignmentNanos,0
[WARNING] [stderr] 2026-08-13T02:23:47.166-0600	INFO	ForkJoinPool-1-worker-1	stdout	operator_metric,nitro,clickbench,q19,6,PartitionedOutputOperator,nitroRemoteOutputBufferedConversionNanos,538731271
[WARNING] [stderr] 2026-08-13T02:23:47.166-0600	INFO	ForkJoinPool-1-worker-1	stdout	operator_metric,nitro,clickbench,q19,6,PartitionedOutputOperator,nitroRemoteOutputNativePartitionAppendNanos,0
[WARNING] [stderr] 2026-08-13T02:23:47.166-0600	INFO	ForkJoinPool-1-worker-1	stdout	operator_metric,nitro,clickbench,q19,6,PartitionedOutputOperator,nitroRemoteOutputNativePartitionConversionNanos,0
[WARNING] [stderr] 2026-08-13T02:23:47.166-0600	INFO	ForkJoinPool-1-worker-1	stdout	operator_metric,nitro,clickbench,q19,6,PartitionedOutputOperator,nitroExchangeInputPages,10046
[WARNING] [stderr] 2026-08-13T02:23:47.166-0600	INFO	ForkJoinPool-1-worker-1	stdout	operator_metric,nitro,clickbench,q19,6,PartitionedOutputOperator,nitroExchangeSmallPagePositions,0
[WARNING] [stderr] 2026-08-13T02:23:47.166-0600	INFO	ForkJoinPool-1-worker-1	stdout	operator_metric,nitro,clickbench,q19,6,PartitionedOutputOperator,nitroExchangeInputFlatChannelPositions,399693208
[WARNING] [stderr] 2026-08-13T02:23:47.166-0600	INFO	ForkJoinPool-1-worker-1	stdout	operator_metric,nitro,clickbench,q19,6,PartitionedOutputOperator,nitroExchangeDictionaryUnsupportedPositions,0
[WARNING] [stderr] 2026-08-13T02:23:47.166-0600	INFO	ForkJoinPool-1-worker-1	stdout	operator_metric,nitro,clickbench,q19,6,PartitionedOutputOperator,nitroRemoteOutputNativeBatches,0
[WARNING] [stderr] 2026-08-13T02:23:47.166-0600	INFO	ForkJoinPool-1-worker-1	stdout	operator_metric,nitro,clickbench,q19,6,PartitionedOutputOperator,nitroRemoteOutputNativePartitionCopyNanos,0
[WARNING] [stderr] 2026-08-13T02:23:47.166-0600	INFO	ForkJoinPool-1-worker-1	stdout	operator_metric,nitro,clickbench,q19,6,PartitionedOutputOperator,nitroExchangeInputDictionaryChannelPositions,0
[WARNING] [stderr] 2026-08-13T02:23:47.166-0600	INFO	ForkJoinPool-1-worker-1	stdout	operator_metric,nitro,clickbench,q19,6,PartitionedOutputOperator,nitroRemoteOutputNativePartitions,0
[WARNING] [stderr] 2026-08-13T02:23:47.166-0600	INFO	ForkJoinPool-1-worker-1	stdout	operator_metric,nitro,clickbench,q19,6,PartitionedOutputOperator,nitroRemoteOutputBufferedBatches,10046
[WARNING] [stderr] 2026-08-13T02:23:47.166-0600	INFO	ForkJoinPool-1-worker-1	stdout	operator_metric,nitro,clickbench,q19,6,PartitionedOutputOperator,nitroRemoteOutputPartitionKeyConversionNanos,0
[WARNING] [stderr] 2026-08-13T02:23:53.006-0600	INFO	ForkJoinPool-1-worker-1	stdout	operator_cpu,nitro,clickbench,q19,7,ExchangeOperator,3,0.000,238.851,0.000,0,99936172,99936172,6097.130,19.645,0.000
[WARNING] [stderr] 2026-08-13T02:23:53.006-0600	INFO	ForkJoinPool-1-worker-1	stdout	operator_cpu,nitro,clickbench,q19,7,LocalExchangeSourceOperator,7,0.000,11.285,0.000,0,99936212,99936212,29188.650,0.000,0.000
[WARNING] [stderr] 2026-08-13T02:23:53.006-0600	INFO	ForkJoinPool-1-worker-1	stdout	operator_cpu,nitro,clickbench,q19,7,TaskOutputOperator,3,0.148,0.000,0.002,0,30,30,0.000,0.000,0.000
[WARNING] [stderr] 2026-08-13T02:23:53.006-0600	INFO	ForkJoinPool-1-worker-1	stdout	operator_cpu,nitro,clickbench,q19,7,LocalExchangeSinkOperator,7,3.393,0.000,0.110,0,99936212,99936212,7390.000,0.000,0.000
[WARNING] [stderr] 2026-08-13T02:23:53.007-0600	INFO	ForkJoinPool-1-worker-1	stdout	operator_cpu,nitro,clickbench,q19,7,TopNOperator,5,0.011,0.570,0.072,0,60,50,0.000,0.084,0.000
[WARNING] [stderr] 2026-08-13T02:23:53.007-0600	INFO	ForkJoinPool-1-worker-1	stdout	operator_cpu,nitro,clickbench,q19,7,TrinoNitroAggregationOperator,2,9640.000,871.510,0.003,0,99936152,20,0.000,1439.511,0.000
[WARNING] [stderr] 2026-08-13T02:23:53.007-0600	INFO	ForkJoinPool-1-worker-1	stdout	operator_cpu,nitro,clickbench,q19,7,TrinoNitroAggregationSourceOperator,165,0.000,4620.000,0.000,99997497,99997497,99936152,0.000,16.746,0.000
[WARNING] [stderr] 2026-08-13T02:23:53.007-0600	INFO	ForkJoinPool-1-worker-1	stdout	operator_cpu,nitro,clickbench,q19,7,PartitionedOutputOperator,165,2410.000,0.000,3.220,0,99936152,99936152,19400.000,0.000,0.000
[WARNING] [stderr] 2026-08-13T02:23:53.007-0600	INFO	ForkJoinPool-1-worker-1	stdout	operator_metric,nitro,clickbench,q19,7,TrinoNitroAggregationOperator,nitroAggregationInitialAggregationNanos,0
[WARNING] [stderr] 2026-08-13T02:23:53.007-0600	INFO	ForkJoinPool-1-worker-1	stdout	operator_metric,nitro,clickbench,q19,7,TrinoNitroAggregationOperator,nitroBoundaryPageEgressRunLengthChannelPositions,0
[WARNING] [stderr] 2026-08-13T02:23:53.007-0600	INFO	ForkJoinPool-1-worker-1	stdout	operator_metric,nitro,clickbench,q19,7,TrinoNitroAggregationOperator,nitroBoundaryPageIngressRunLengthChannelPositions,0
[WARNING] [stderr] 2026-08-13T02:23:53.007-0600	INFO	ForkJoinPool-1-worker-1	stdout	operator_metric,nitro,clickbench,q19,7,TrinoNitroAggregationOperator,nitroAggregationInitialFlatKeyNanos,0
[WARNING] [stderr] 2026-08-13T02:23:53.007-0600	INFO	ForkJoinPool-1-worker-1	stdout	operator_metric,nitro,clickbench,q19,7,TrinoNitroAggregationOperator,nitroBoundaryNativeEgressFlatChannelPositions,80
[WARNING] [stderr] 2026-08-13T02:23:53.007-0600	INFO	ForkJoinPool-1-worker-1	stdout	operator_metric,nitro,clickbench,q19,7,TrinoNitroAggregationOperator,nitroAggregationStatePreparationNanos,9593666
[WARNING] [stderr] 2026-08-13T02:23:53.007-0600	INFO	ForkJoinPool-1-worker-1	stdout	operator_metric,nitro,clickbench,q19,7,TrinoNitroAggregationOperator,nitroBoundaryNativeEgressRunLengthChannelPositions,0
[WARNING] [stderr] 2026-08-13T02:23:53.007-0600	INFO	ForkJoinPool-1-worker-1	stdout	operator_metric,nitro,clickbench,q19,7,TrinoNitroAggregationOperator,nitroBoundaryPageIngressFlatChannelPositions,399744608
[WARNING] [stderr] 2026-08-13T02:23:53.007-0600	INFO	ForkJoinPool-1-worker-1	stdout	operator_metric,nitro,clickbench,q19,7,TrinoNitroAggregationOperator,nitroBoundaryPageEgressFlatChannelPositions,80
[WARNING] [stderr] 2026-08-13T02:23:53.007-0600	INFO	ForkJoinPool-1-worker-1	stdout	operator_metric,nitro,clickbench,q19,7,TrinoNitroAggregationOperator,nitroBoundaryPageEgressPages,2
[WARNING] [stderr] 2026-08-13T02:23:53.007-0600	INFO	ForkJoinPool-1-worker-1	stdout	operator_metric,nitro,clickbench,q19,7,TrinoNitroAggregationOperator,nitroBoundaryPageIngressPages,3406
[WARNING] [stderr] 2026-08-13T02:23:53.007-0600	INFO	ForkJoinPool-1-worker-1	stdout	operator_metric,nitro,clickbench,q19,7,TrinoNitroAggregationOperator,nitroAggregationInitialKeyNanos,0
[WARNING] [stderr] 2026-08-13T02:23:53.007-0600	INFO	ForkJoinPool-1-worker-1	stdout	operator_metric,nitro,clickbench,q19,7,TrinoNitroAggregationOperator,nitroAggregationInitialEncodedKeyNanos,0
[WARNING] [stderr] 2026-08-13T02:23:53.007-0600	INFO	ForkJoinPool-1-worker-1	stdout	operator_metric,nitro,clickbench,q19,7,TrinoNitroAggregationOperator,nitroAggregationOutputNanos,11312
[WARNING] [stderr] 2026-08-13T02:23:53.007-0600	INFO	ForkJoinPool-1-worker-1	stdout	operator_metric,nitro,clickbench,q19,7,TrinoNitroAggregationOperator,nitroAggregationPipelineNanos,0
[WARNING] [stderr] 2026-08-13T02:23:53.007-0600	INFO	ForkJoinPool-1-worker-1	stdout	operator_metric,nitro,clickbench,q19,7,TrinoNitroAggregationOperator,nitroAggregationGroupingNanos,10161984185
[WARNING] [stderr] 2026-08-13T02:23:53.007-0600	INFO	ForkJoinPool-1-worker-1	stdout	operator_metric,nitro,clickbench,q19,7,TrinoNitroAggregationOperator,nitroAggregationAccumulationNanos,369979219
[WARNING] [stderr] 2026-08-13T02:23:53.007-0600	INFO	ForkJoinPool-1-worker-1	stdout	operator_metric,nitro,clickbench,q19,7,TrinoNitroAggregationOperator,nitroBoundaryNativeEgressDictionaryChannelPositions,0
[WARNING] [stderr] 2026-08-13T02:23:53.007-0600	INFO	ForkJoinPool-1-worker-1	stdout	operator_metric,nitro,clickbench,q19,7,TrinoNitroAggregationOperator,nitroAggregationFusedNanos,0
[WARNING] [stderr] 2026-08-13T02:23:53.007-0600	INFO	ForkJoinPool-1-worker-1	stdout	operator_metric,nitro,clickbench,q19,7,TrinoNitroAggregationOperator,nitroAggregationFlushNanos,0
[WARNING] [stderr] 2026-08-13T02:23:53.007-0600	INFO	ForkJoinPool-1-worker-1	stdout	operator_metric,nitro,clickbench,q19,7,TrinoNitroAggregationOperator,nitroBoundaryPageEgressBytes,640
[WARNING] [stderr] 2026-08-13T02:23:53.007-0600	INFO	ForkJoinPool-1-worker-1	stdout	operator_metric,nitro,clickbench,q19,7,TrinoNitroAggregationOperator,nitroBoundaryPageEgressPositions,20
[WARNING] [stderr] 2026-08-13T02:23:53.007-0600	INFO	ForkJoinPool-1-worker-1	stdout	operator_metric,nitro,clickbench,q19,7,TrinoNitroAggregationOperator,nitroBoundaryPageIngressBytes,3937578183
[WARNING] [stderr] 2026-08-13T02:23:53.007-0600	INFO	ForkJoinPool-1-worker-1	stdout	operator_metric,nitro,clickbench,q19,7,TrinoNitroAggregationOperator,nitroBoundaryPageIngressPositions,99936152
[WARNING] [stderr] 2026-08-13T02:23:53.007-0600	INFO	ForkJoinPool-1-worker-1	stdout	operator_metric,nitro,clickbench,q19,7,TrinoNitroAggregationOperator,nitroBoundaryPageIngressDictionaryChannelPositions,0
[WARNING] [stderr] 2026-08-13T02:23:53.007-0600	INFO	ForkJoinPool-1-worker-1	stdout	operator_metric,nitro,clickbench,q19,7,TrinoNitroAggregationOperator,nitroAggregationInputNanos,10542885123
[WARNING] [stderr] 2026-08-13T02:23:53.007-0600	INFO	ForkJoinPool-1-worker-1	stdout	operator_metric,nitro,clickbench,q19,7,TrinoNitroAggregationOperator,nitroBoundaryPageEgressDictionaryChannelPositions,0
[WARNING] [stderr] 2026-08-13T02:23:53.007-0600	INFO	ForkJoinPool-1-worker-1	stdout	operator_metric,nitro,clickbench,q19,7,TrinoNitroAggregationSourceOperator,nitroAggregationStatePreparationNanos,21299
[WARNING] [stderr] 2026-08-13T02:23:53.007-0600	INFO	ForkJoinPool-1-worker-1	stdout	operator_metric,nitro,clickbench,q19,7,TrinoNitroAggregationSourceOperator,nitroAggregationInitialKeyNanos,0
[WARNING] [stderr] 2026-08-13T02:23:53.007-0600	INFO	ForkJoinPool-1-worker-1	stdout	operator_metric,nitro,clickbench,q19,7,TrinoNitroAggregationSourceOperator,nitroPartialAggregationCardinalityBypassDecisions,2
[WARNING] [stderr] 2026-08-13T02:23:53.007-0600	INFO	ForkJoinPool-1-worker-1	stdout	operator_metric,nitro,clickbench,q19,7,TrinoNitroAggregationSourceOperator,nitroBoundaryNativeExchangeMaximumChannel0Bytes,14541912
[WARNING] [stderr] 2026-08-13T02:23:53.007-0600	INFO	ForkJoinPool-1-worker-1	stdout	operator_metric,nitro,clickbench,q19,7,TrinoNitroAggregationSourceOperator,nitroBoundaryNativeExchangeMaximumChannel3Bytes,14541912
[WARNING] [stderr] 2026-08-13T02:23:53.007-0600	INFO	ForkJoinPool-1-worker-1	stdout	operator_metric,nitro,clickbench,q19,7,TrinoNitroAggregationSourceOperator,nitroProjectionDictionaryNullExpansionPositions,0
[WARNING] [stderr] 2026-08-13T02:23:53.007-0600	INFO	ForkJoinPool-1-worker-1	stdout	operator_metric,nitro,clickbench,q19,7,TrinoNitroAggregationSourceOperator,nitroPartialAggregationAggregatedFlushes,0
[WARNING] [stderr] 2026-08-13T02:23:53.007-0600	INFO	ForkJoinPool-1-worker-1	stdout	operator_metric,nitro,clickbench,q19,7,TrinoNitroAggregationSourceOperator,nitroAggregationInputNanos,5900495061
[WARNING] [stderr] 2026-08-13T02:23:53.007-0600	INFO	ForkJoinPool-1-worker-1	stdout	operator_metric,nitro,clickbench,q19,7,TrinoNitroAggregationSourceOperator,nitroAggregationInitialFlatKeyNanos,0
[WARNING] [stderr] 2026-08-13T02:23:53.007-0600	INFO	ForkJoinPool-1-worker-1	stdout	operator_metric,nitro,clickbench,q19,7,TrinoNitroAggregationSourceOperator,nitroPartialAggregationCardinalityAggregateDecisions,0
[WARNING] [stderr] 2026-08-13T02:23:53.007-0600	INFO	ForkJoinPool-1-worker-1	stdout	operator_metric,nitro,clickbench,q19,7,TrinoNitroAggregationSourceOperator,nitroPartialAggregationPassthroughInputRows,99857497
[WARNING] [stderr] 2026-08-13T02:23:53.007-0600	INFO	ForkJoinPool-1-worker-1	stdout	operator_metric,nitro,clickbench,q19,7,TrinoNitroAggregationSourceOperator,nitroAggregationGroupingNanos,7698592
[WARNING] [stderr] 2026-08-13T02:23:53.007-0600	INFO	ForkJoinPool-1-worker-1	stdout	operator_metric,nitro,clickbench,q19,7,TrinoNitroAggregationSourceOperator,nitroBoundaryNativeExchangeBatches,10045
[WARNING] [stderr] 2026-08-13T02:23:53.007-0600	INFO	ForkJoinPool-1-worker-1	stdout	operator_metric,nitro,clickbench,q19,7,TrinoNitroAggregationSourceOperator,nitroAggregationOutputNanos,1908488
[WARNING] [stderr] 2026-08-13T02:23:53.007-0600	INFO	ForkJoinPool-1-worker-1	stdout	operator_metric,nitro,clickbench,q19,7,TrinoNitroAggregationSourceOperator,nitroProjectionPlannedComputedOutputs,165
[WARNING] [stderr] 2026-08-13T02:23:53.007-0600	INFO	ForkJoinPool-1-worker-1	stdout	operator_metric,nitro,clickbench,q19,7,TrinoNitroAggregationSourceOperator,nitroPartialAggregationCardinalityObservations,678
[WARNING] [stderr] 2026-08-13T02:23:53.007-0600	INFO	ForkJoinPool-1-worker-1	stdout	operator_metric,nitro,clickbench,q19,7,TrinoNitroAggregationSourceOperator,nitroOperatorConstructionNanos,21974147
[WARNING] [stderr] 2026-08-13T02:23:53.007-0600	INFO	ForkJoinPool-1-worker-1	stdout	operator_metric,nitro,clickbench,q19,7,TrinoNitroAggregationSourceOperator,nitroBoundaryNativeExchangeMaximumChannel2Bytes,28401912
[WARNING] [stderr] 2026-08-13T02:23:53.007-0600	INFO	ForkJoinPool-1-worker-1	stdout	operator_metric,nitro,clickbench,q19,7,TrinoNitroAggregationSourceOperator,nitroProjectionIntegerWideningPositions,0
[WARNING] [stderr] 2026-08-13T02:23:53.007-0600	INFO	ForkJoinPool-1-worker-1	stdout	operator_metric,nitro,clickbench,q19,7,TrinoNitroAggregationSourceOperator,nitroBoundaryNativeExchangeMaximumBatchBytes,302612828
[WARNING] [stderr] 2026-08-13T02:23:53.007-0600	INFO	ForkJoinPool-1-worker-1	stdout	operator_metric,nitro,clickbench,q19,7,TrinoNitroAggregationSourceOperator,nitroPartialAggregationCardinalityReconsideredDecisions,0
[WARNING] [stderr] 2026-08-13T02:23:53.007-0600	INFO	ForkJoinPool-1-worker-1	stdout	operator_metric,nitro,clickbench,q19,7,TrinoNitroAggregationSourceOperator,nitroAggregationPipelineNanos,19111426
[WARNING] [stderr] 2026-08-13T02:23:53.007-0600	INFO	ForkJoinPool-1-worker-1	stdout	operator_metric,nitro,clickbench,q19,7,TrinoNitroAggregationSourceOperator,nitroProjectionPlannedAssignments,330
[WARNING] [stderr] 2026-08-13T02:23:53.007-0600	INFO	ForkJoinPool-1-worker-1	stdout	operator_metric,nitro,clickbench,q19,7,TrinoNitroAggregationSourceOperator,nitroPartialAggregationAggregatedOutputRows,0
[WARNING] [stderr] 2026-08-13T02:23:53.007-0600	INFO	ForkJoinPool-1-worker-1	stdout	operator_metric,nitro,clickbench,q19,7,TrinoNitroAggregationSourceOperator,nitroProjectionDictionaryInputPositions,0
[WARNING] [stderr] 2026-08-13T02:23:53.007-0600	INFO	ForkJoinPool-1-worker-1	stdout	operator_metric,nitro,clickbench,q19,7,TrinoNitroAggregationSourceOperator,nitroAggregationAccumulationNanos,925680
[WARNING] [stderr] 2026-08-13T02:23:53.007-0600	INFO	ForkJoinPool-1-worker-1	stdout	operator_metric,nitro,clickbench,q19,7,TrinoNitroAggregationSourceOperator,nitroProjectionGeneratedErrorFallbacks,0
[WARNING] [stderr] 2026-08-13T02:23:53.007-0600	INFO	ForkJoinPool-1-worker-1	stdout	operator_metric,nitro,clickbench,q19,7,TrinoNitroAggregationSourceOperator,nitroProjectionGeneratedOutputs,0
[WARNING] [stderr] 2026-08-13T02:23:53.007-0600	INFO	ForkJoinPool-1-worker-1	stdout	operator_metric,nitro,clickbench,q19,7,TrinoNitroAggregationSourceOperator,nitroProjectionFlatInputPositions,0
[WARNING] [stderr] 2026-08-13T02:23:53.007-0600	INFO	ForkJoinPool-1-worker-1	stdout	operator_metric,nitro,clickbench,q19,7,TrinoNitroAggregationSourceOperator,nitroAggregationInitialEncodedKeyNanos,0
[WARNING] [stderr] 2026-08-13T02:23:53.007-0600	INFO	ForkJoinPool-1-worker-1	stdout	operator_metric,nitro,clickbench,q19,7,TrinoNitroAggregationSourceOperator,nitroNativeSourceCreationNanos,25327164
[WARNING] [stderr] 2026-08-13T02:23:53.007-0600	INFO	ForkJoinPool-1-worker-1	stdout	operator_metric,nitro,clickbench,q19,7,TrinoNitroAggregationSourceOperator,nitroProjectionGeneratedLayoutFallbacks,0
[WARNING] [stderr] 2026-08-13T02:23:53.007-0600	INFO	ForkJoinPool-1-worker-1	stdout	operator_metric,nitro,clickbench,q19,7,TrinoNitroAggregationSourceOperator,nitroProjectionGeneratedSuccesses,0
[WARNING] [stderr] 2026-08-13T02:23:53.007-0600	INFO	ForkJoinPool-1-worker-1	stdout	operator_metric,nitro,clickbench,q19,7,TrinoNitroAggregationSourceOperator,nitroPartialAggregationAggregatedInputRows,0
[WARNING] [stderr] 2026-08-13T02:23:53.007-0600	INFO	ForkJoinPool-1-worker-1	stdout	operator_metric,nitro,clickbench,q19,7,TrinoNitroAggregationSourceOperator,nitroAggregationFlushNanos,0
[WARNING] [stderr] 2026-08-13T02:23:53.007-0600	INFO	ForkJoinPool-1-worker-1	stdout	operator_metric,nitro,clickbench,q19,7,TrinoNitroAggregationSourceOperator,nitroBoundaryNativeExchangeMaximumChannel1Bytes,246092828
[WARNING] [stderr] 2026-08-13T02:23:53.007-0600	INFO	ForkJoinPool-1-worker-1	stdout	operator_metric,nitro,clickbench,q19,7,TrinoNitroAggregationSourceOperator,nitroAggregationFusedNanos,0
[WARNING] [stderr] 2026-08-13T02:23:53.007-0600	INFO	ForkJoinPool-1-worker-1	stdout	operator_metric,nitro,clickbench,q19,7,TrinoNitroAggregationSourceOperator,nitroProjectionGeneratedKernels,0
[WARNING] [stderr] 2026-08-13T02:23:53.007-0600	INFO	ForkJoinPool-1-worker-1	stdout	operator_metric,nitro,clickbench,q19,7,TrinoNitroAggregationSourceOperator,nitroAggregationInitialAggregationNanos,132174068
[WARNING] [stderr] 2026-08-13T02:23:53.007-0600	INFO	ForkJoinPool-1-worker-1	stdout	operator_metric,nitro,clickbench,q19,7,TrinoNitroAggregationSourceOperator,nitroProjectionOtherNullExpansionPositions,0
[WARNING] [stderr] 2026-08-13T02:23:53.007-0600	INFO	ForkJoinPool-1-worker-1	stdout	operator_metric,nitro,clickbench,q19,7,TrinoNitroAggregationSourceOperator,nitroProjectionGeneratedAttempts,0
[WARNING] [stderr] 2026-08-13T02:23:53.007-0600	INFO	ForkJoinPool-1-worker-1	stdout	operator_metric,nitro,clickbench,q19,7,TrinoNitroAggregationSourceOperator,nitroPartialAggregationPassthroughFlushes,10041
[WARNING] [stderr] 2026-08-13T02:23:53.007-0600	INFO	ForkJoinPool-1-worker-1	stdout	operator_metric,nitro,clickbench,q19,7,TrinoNitroAggregationSourceOperator,nitroProjectionOtherInputPositions,0
[WARNING] [stderr] 2026-08-13T02:23:53.007-0600	INFO	ForkJoinPool-1-worker-1	stdout	operator_metric,nitro,clickbench,q19,7,TrinoNitroAggregationSourceOperator,nitroProjectionDictionaryFlatteningPositions,0
[WARNING] [stderr] 2026-08-13T02:23:53.007-0600	INFO	ForkJoinPool-1-worker-1	stdout	operator_metric,nitro,clickbench,q19,7,TrinoNitroAggregationSourceOperator,nitroBoundaryNativeExchangeBytes,9650193957
[WARNING] [stderr] 2026-08-13T02:23:53.007-0600	INFO	ForkJoinPool-1-worker-1	stdout	operator_metric,nitro,clickbench,q19,7,TrinoNitroAggregationSourceOperator,nitroProjectionRunLengthInputPositions,0
[WARNING] [stderr] 2026-08-13T02:23:53.007-0600	INFO	ForkJoinPool-1-worker-1	stdout	operator_metric,nitro,clickbench,q19,7,TrinoNitroAggregationSourceOperator,nitroProjectionGeneratedSelectedPositions,0
[WARNING] [stderr] 2026-08-13T02:23:53.007-0600	INFO	ForkJoinPool-1-worker-1	stdout	operator_metric,nitro,clickbench,q19,7,TrinoNitroAggregationSourceOperator,nitroBoundaryNativeExchangePositions,99936152
[WARNING] [stderr] 2026-08-13T02:23:53.007-0600	INFO	ForkJoinPool-1-worker-1	stdout	operator_metric,nitro,clickbench,q19,7,PartitionedOutputOperator,nitroExchangeRunLengthUnsupportedPositions,0
[WARNING] [stderr] 2026-08-13T02:23:53.007-0600	INFO	ForkJoinPool-1-worker-1	stdout	operator_metric,nitro,clickbench,q19,7,PartitionedOutputOperator,nitroRemoteOutputBufferedAppendNanos,2508586834
[WARNING] [stderr] 2026-08-13T02:23:53.007-0600	INFO	ForkJoinPool-1-worker-1	stdout	operator_metric,nitro,clickbench,q19,7,PartitionedOutputOperator,nitroRemoteOutputTotalNanos,3086134226
[WARNING] [stderr] 2026-08-13T02:23:53.007-0600	INFO	ForkJoinPool-1-worker-1	stdout	operator_metric,nitro,clickbench,q19,7,PartitionedOutputOperator,nitroRemoteOutputInputPositions,99936152
[WARNING] [stderr] 2026-08-13T02:23:53.007-0600	INFO	ForkJoinPool-1-worker-1	stdout	operator_metric,nitro,clickbench,q19,7,PartitionedOutputOperator,nitroExchangeInputRunLengthChannelPositions,0
[WARNING] [stderr] 2026-08-13T02:23:53.007-0600	INFO	ForkJoinPool-1-worker-1	stdout	operator_metric,nitro,clickbench,q19,7,PartitionedOutputOperator,nitroExchangeNoDictionaryPositions,99936152
[WARNING] [stderr] 2026-08-13T02:23:53.007-0600	INFO	ForkJoinPool-1-worker-1	stdout	operator_metric,nitro,clickbench,q19,7,PartitionedOutputOperator,nitroExchangeInputPositions,99936152
[WARNING] [stderr] 2026-08-13T02:23:53.007-0600	INFO	ForkJoinPool-1-worker-1	stdout	operator_metric,nitro,clickbench,q19,7,PartitionedOutputOperator,nitroExchangeLowDictionaryReusePositions,0
[WARNING] [stderr] 2026-08-13T02:23:53.007-0600	INFO	ForkJoinPool-1-worker-1	stdout	operator_metric,nitro,clickbench,q19,7,PartitionedOutputOperator,nitroExchangePreservedPositions,0
[WARNING] [stderr] 2026-08-13T02:23:53.007-0600	INFO	ForkJoinPool-1-worker-1	stdout	operator_metric,nitro,clickbench,q19,7,PartitionedOutputOperator,nitroRemoteOutputPartitionAssignmentNanos,0
[WARNING] [stderr] 2026-08-13T02:23:53.007-0600	INFO	ForkJoinPool-1-worker-1	stdout	operator_metric,nitro,clickbench,q19,7,PartitionedOutputOperator,nitroRemoteOutputBufferedConversionNanos,569192052
[WARNING] [stderr] 2026-08-13T02:23:53.007-0600	INFO	ForkJoinPool-1-worker-1	stdout	operator_metric,nitro,clickbench,q19,7,PartitionedOutputOperator,nitroRemoteOutputNativePartitionAppendNanos,0
[WARNING] [stderr] 2026-08-13T02:23:53.007-0600	INFO	ForkJoinPool-1-worker-1	stdout	operator_metric,nitro,clickbench,q19,7,PartitionedOutputOperator,nitroRemoteOutputNativePartitionConversionNanos,0
[WARNING] [stderr] 2026-08-13T02:23:53.007-0600	INFO	ForkJoinPool-1-worker-1	stdout	operator_metric,nitro,clickbench,q19,7,PartitionedOutputOperator,nitroExchangeInputPages,10045
[WARNING] [stderr] 2026-08-13T02:23:53.007-0600	INFO	ForkJoinPool-1-worker-1	stdout	operator_metric,nitro,clickbench,q19,7,PartitionedOutputOperator,nitroExchangeSmallPagePositions,0
[WARNING] [stderr] 2026-08-13T02:23:53.007-0600	INFO	ForkJoinPool-1-worker-1	stdout	operator_metric,nitro,clickbench,q19,7,PartitionedOutputOperator,nitroExchangeInputFlatChannelPositions,399744608
[WARNING] [stderr] 2026-08-13T02:23:53.007-0600	INFO	ForkJoinPool-1-worker-1	stdout	operator_metric,nitro,clickbench,q19,7,PartitionedOutputOperator,nitroExchangeDictionaryUnsupportedPositions,0
[WARNING] [stderr] 2026-08-13T02:23:53.007-0600	INFO	ForkJoinPool-1-worker-1	stdout	operator_metric,nitro,clickbench,q19,7,PartitionedOutputOperator,nitroRemoteOutputNativeBatches,0
[WARNING] [stderr] 2026-08-13T02:23:53.007-0600	INFO	ForkJoinPool-1-worker-1	stdout	operator_metric,nitro,clickbench,q19,7,PartitionedOutputOperator,nitroRemoteOutputNativePartitionCopyNanos,0
[WARNING] [stderr] 2026-08-13T02:23:53.007-0600	INFO	ForkJoinPool-1-worker-1	stdout	operator_metric,nitro,clickbench,q19,7,PartitionedOutputOperator,nitroExchangeInputDictionaryChannelPositions,0
[WARNING] [stderr] 2026-08-13T02:23:53.007-0600	INFO	ForkJoinPool-1-worker-1	stdout	operator_metric,nitro,clickbench,q19,7,PartitionedOutputOperator,nitroRemoteOutputNativePartitions,0
[WARNING] [stderr] 2026-08-13T02:23:53.007-0600	INFO	ForkJoinPool-1-worker-1	stdout	operator_metric,nitro,clickbench,q19,7,PartitionedOutputOperator,nitroRemoteOutputBufferedBatches,10045
[WARNING] [stderr] 2026-08-13T02:23:53.007-0600	INFO	ForkJoinPool-1-worker-1	stdout	operator_metric,nitro,clickbench,q19,7,PartitionedOutputOperator,nitroRemoteOutputPartitionKeyConversionNanos,0
[WARNING] [stderr] 2026-08-13T02:23:53.008-0600	INFO	ForkJoinPool-1-worker-1	stdout	nitro,clickbench,q19,8,5732.093,5840.011,6554.488,6035.106,17850.000,18061.250,2.9927,99997497,165,165
[WARNING] [stderr] 2026-08-13T02:23:53.008-0600	INFO	ForkJoinPool-1-worker-1	stdout	peak_memory,nitro,clickbench,q19,8,2847.686,2944.027,10467.254,10905.520
[INFO] Tests run: 1, Failures: 0, Errors: 0, Skipped: 0, Time elapsed: 114.5 s -- in io.trino.tests.nitro.TestNitroClickBenchQueries
[WARNING] [stderr] 2026-08-13T02:23:53.240-0600	INFO	main	io.trino.testing.containers.junit.ReportLeakedContainers	DockerClientFactory not initialized, so there should be no leaked containers, skipping the check
[INFO] 
[INFO] Results:
[INFO] 
[INFO] Tests run: 1, Failures: 0, Errors: 0, Skipped: 0
[INFO] 
[INFO] ------------------------------------------------------------------------
[INFO] BUILD SUCCESS
[INFO] ------------------------------------------------------------------------
[INFO] Total time:  01:56 min (Wall Clock)
[INFO] Finished at: 2026-08-13T08:23:53Z
[INFO] ------------------------------------------------------------------------
[INFO] Njord session closed
