[INFO] Processing build on daemon b262d50c
[INFO] Scanning for projects...
[INFO] Njord 0.9.4 session created
[INFO] BuildTimeEventSpy is registered.
[INFO] 
[INFO] Using the SmartBuilder implementation with a thread count of 7
[INFO] 
[INFO] -------------------------< org.weakref:nitro >--------------------------
[INFO] Building nitro 1-SNAPSHOT
[INFO]   from pom.xml
[INFO] --------------------------------[ jar ]---------------------------------
[WARNING] 2 problems were encountered while building the effective model for org.apache.yetus:audience-annotations:jar:0.5.0 during dependency collection step for project (use -X to see details)
[INFO] 
[INFO] --- exec:3.6.1:exec (benchmark) @ nitro ---
[WARNING] [stderr] WARNING: Using incubator modules: jdk.incubator.vector
[WARNING] [stderr] WARNING: A terminally deprecated method in sun.misc.Unsafe has been called
[WARNING] [stderr] WARNING: sun.misc.Unsafe::objectFieldOffset has been called by org.openjdk.jmh.util.Utils (file:/root/.m2/repository/org/openjdk/jmh/jmh-core/1.37/jmh-core-1.37.jar)
[WARNING] [stderr] WARNING: Please consider reporting this to the maintainers of class org.openjdk.jmh.util.Utils
[WARNING] [stderr] WARNING: sun.misc.Unsafe::objectFieldOffset will be removed in a future release
[INFO] [stdout] # JMH version: 1.37
[INFO] [stdout] # VM version: JDK 26.0.1, OpenJDK 64-Bit Server VM, 26.0.1+8
[INFO] [stdout] # VM invoker: /opt/java/openjdk/bin/java
[INFO] [stdout] # VM options: --enable-preview --add-modules=jdk.incubator.vector -Dnitro.clickbench.hits.path= -Xmx12g -XX:+UseTransparentHugePages -Dnitro.tpch.parquet.path=/root/data/tpch-parquet-sf10 -Dnitro.tpch.parquet.schema=sf10
[INFO] [stdout] # Blackhole mode: compiler (auto-detected, use -Djmh.blackhole.autoDetect=false to disable)
[INFO] [stdout] # Warmup: 3 iterations, 1 s each
[INFO] [stdout] # Measurement: 5 iterations, 1 s each
[INFO] [stdout] # Timeout: 30 min per iteration
[INFO] [stdout] # Threads: 1 thread, will synchronize iterations
[INFO] [stdout] # Benchmark mode: Average time, time/op
[INFO] [stdout] # Benchmark: org.weakref.nitro.tpch.BenchmarkQueries.query01
[INFO] [stdout] 
[INFO] [stdout] # Run progress: 0.00% complete, ETA 00:02:56
[INFO] [stdout] # Fork: 1 of 1
[INFO] [stdout] # Preparing profilers: LinuxPerfNormProfiler 
[INFO] [stdout] # Profilers consume stderr from target VM, use -v EXTRA to copy to console
[INFO] [stdout] # Warmup Iteration   1: 2572.798 ms/op
[INFO] [stdout] # Warmup Iteration   2: 1827.623 ms/op
[INFO] [stdout] # Warmup Iteration   3: 1802.302 ms/op
[INFO] [stdout] Iteration   1: 1795.217 ms/op
[INFO] [stdout]                  gc.alloc.rate:      33.312 MB/sec
[INFO] [stdout]                  gc.alloc.rate.norm: 62711712.000 B/op
[INFO] [stdout]                  gc.count:           1.000 counts
[INFO] [stdout]                  gc.time:            1.000 ms
[INFO] [stdout] 
[INFO] [stdout] Iteration   2: 1796.179 ms/op
[INFO] [stdout]                  gc.alloc.rate:      33.294 MB/sec
[INFO] [stdout]                  gc.alloc.rate.norm: 62711784.000 B/op
[INFO] [stdout]                  gc.count:           ≈ 0 counts
[INFO] [stdout] 
[INFO] [stdout] Iteration   3: 1793.055 ms/op
[INFO] [stdout]                  gc.alloc.rate:      33.352 MB/sec
[INFO] [stdout]                  gc.alloc.rate.norm: 62711736.000 B/op
[INFO] [stdout]                  gc.count:           ≈ 0 counts
[INFO] [stdout] 
[INFO] [stdout] Iteration   4: 1789.911 ms/op
[INFO] [stdout]                  gc.alloc.rate:      33.404 MB/sec
[INFO] [stdout]                  gc.alloc.rate.norm: 62697880.000 B/op
[INFO] [stdout]                  gc.count:           1.000 counts
[INFO] [stdout]                  gc.time:            1.000 ms
[INFO] [stdout] 
[INFO] [stdout] Iteration   5: 1787.629 ms/op
[INFO] [stdout]                  gc.alloc.rate:      33.446 MB/sec
[INFO] [stdout]                  gc.alloc.rate.norm: 62697960.000 B/op
[INFO] [stdout]                  gc.count:           ≈ 0 counts
[INFO] [stdout] 
[INFO] [stdout] # Processing profiler results: LinuxPerfNormProfiler 
[INFO] [stdout] 
[INFO] [stdout] 
[INFO] [stdout] Result "org.weakref.nitro.tpch.BenchmarkQueries.query01":
[INFO] [stdout]   1792.398 ±(99.9%) 13.831 ms/op [Average]
[INFO] [stdout]   (min, avg, max) = (1787.629, 1792.398, 1796.179), stdev = 3.592
[INFO] [stdout]   CI (99.9%): [1778.567, 1806.230] (assumes normal distribution)
[INFO] [stdout] 
[INFO] [stdout] Secondary result "org.weakref.nitro.tpch.BenchmarkQueries.query01:CPI":
[INFO] [stdout]   0.214 clks/insn
[INFO] [stdout] 
[INFO] [stdout] Secondary result "org.weakref.nitro.tpch.BenchmarkQueries.query01:IPC":
[INFO] [stdout]   4.679 insns/clk
[INFO] [stdout] 
[INFO] [stdout] Secondary result "org.weakref.nitro.tpch.BenchmarkQueries.query01:L1-dcache-load-misses":
[INFO] [stdout]   451056588.441 #/op
[INFO] [stdout] 
[INFO] [stdout] Secondary result "org.weakref.nitro.tpch.BenchmarkQueries.query01:L1-dcache-loads":
[INFO] [stdout]   18638615503.472 #/op
[INFO] [stdout] 
[INFO] [stdout] Secondary result "org.weakref.nitro.tpch.BenchmarkQueries.query01:L1-icache-load-misses":
[INFO] [stdout]   6552261.506 #/op
[INFO] [stdout] 
[INFO] [stdout] Secondary result "org.weakref.nitro.tpch.BenchmarkQueries.query01:L1-icache-loads":
[INFO] [stdout]   95454439.134 #/op
[INFO] [stdout] 
[INFO] [stdout] Secondary result "org.weakref.nitro.tpch.BenchmarkQueries.query01:branch-misses":
[INFO] [stdout]   10569079.551 #/op
[INFO] [stdout] 
[INFO] [stdout] Secondary result "org.weakref.nitro.tpch.BenchmarkQueries.query01:branches":
[INFO] [stdout]   9553130876.000 #/op
[INFO] [stdout] 
[INFO] [stdout] Secondary result "org.weakref.nitro.tpch.BenchmarkQueries.query01:cycles":
[INFO] [stdout]   9470935235.312 #/op
[INFO] [stdout] 
[INFO] [stdout] Secondary result "org.weakref.nitro.tpch.BenchmarkQueries.query01:dTLB-load-misses":
[INFO] [stdout]   190422.453 #/op
[INFO] [stdout] 
[INFO] [stdout] Secondary result "org.weakref.nitro.tpch.BenchmarkQueries.query01:dTLB-loads":
[INFO] [stdout]   3108316.393 #/op
[INFO] [stdout] 
[INFO] [stdout] Secondary result "org.weakref.nitro.tpch.BenchmarkQueries.query01:gc.alloc.rate":
[INFO] [stdout]   33.361 ±(99.9%) 0.243 MB/sec [Average]
[INFO] [stdout]   (min, avg, max) = (33.294, 33.361, 33.446), stdev = 0.063
[INFO] [stdout]   CI (99.9%): [33.118, 33.605] (assumes normal distribution)
[INFO] [stdout] 
[INFO] [stdout] Secondary result "org.weakref.nitro.tpch.BenchmarkQueries.query01:gc.alloc.rate.norm":
[INFO] [stdout]   62706214.400 ±(99.9%) 29156.359 B/op [Average]
[INFO] [stdout]   (min, avg, max) = (62697880.000, 62706214.400, 62711784.000), stdev = 7571.814
[INFO] [stdout]   CI (99.9%): [62677058.041, 62735370.759] (assumes normal distribution)
[INFO] [stdout] 
[INFO] [stdout] Secondary result "org.weakref.nitro.tpch.BenchmarkQueries.query01:gc.count":
[INFO] [stdout]   2.000 ±(99.9%) 0.001 counts [Sum]
[INFO] [stdout]   (min, avg, max) = (≈ 0, 0.400, 1.000), stdev = 0.548
[INFO] [stdout]   CI (99.9%): [2.000, 2.000] (assumes normal distribution)
[INFO] [stdout] 
[INFO] [stdout] Secondary result "org.weakref.nitro.tpch.BenchmarkQueries.query01:gc.time":
[INFO] [stdout]   2.000 ±(99.9%) 0.001 ms [Sum]
[INFO] [stdout]   (min, avg, max) = (≈ 0, 0.400, 1.000), stdev = 0.548
[INFO] [stdout]   CI (99.9%): [2.000, 2.000] (assumes normal distribution)
[INFO] [stdout] 
[INFO] [stdout] Secondary result "org.weakref.nitro.tpch.BenchmarkQueries.query01:iTLB-load-misses":
[INFO] [stdout]   11459.624 #/op
[INFO] [stdout] 
[INFO] [stdout] Secondary result "org.weakref.nitro.tpch.BenchmarkQueries.query01:iTLB-loads":
[INFO] [stdout]   790774.322 #/op
[INFO] [stdout] 
[INFO] [stdout] Secondary result "org.weakref.nitro.tpch.BenchmarkQueries.query01:instructions":
[INFO] [stdout]   44309938719.392 #/op
[INFO] [stdout] 
[INFO] [stdout] Secondary result "org.weakref.nitro.tpch.BenchmarkQueries.query01:stalled-cycles-frontend":
[INFO] [stdout]   950640542.964 #/op
[INFO] [stdout] 
[INFO] [stdout] 
[INFO] [stdout] # JMH version: 1.37
[INFO] [stdout] # VM version: JDK 26.0.1, OpenJDK 64-Bit Server VM, 26.0.1+8
[INFO] [stdout] # VM invoker: /opt/java/openjdk/bin/java
[INFO] [stdout] # VM options: --enable-preview --add-modules=jdk.incubator.vector -Dnitro.clickbench.hits.path= -Xmx12g -XX:+UseTransparentHugePages -Dnitro.tpch.parquet.path=/root/data/tpch-parquet-sf10 -Dnitro.tpch.parquet.schema=sf10
[INFO] [stdout] # Blackhole mode: compiler (auto-detected, use -Djmh.blackhole.autoDetect=false to disable)
[INFO] [stdout] # Warmup: 3 iterations, 1 s each
[INFO] [stdout] # Measurement: 5 iterations, 1 s each
[INFO] [stdout] # Timeout: 30 min per iteration
[INFO] [stdout] # Threads: 1 thread, will synchronize iterations
[INFO] [stdout] # Benchmark mode: Average time, time/op
[INFO] [stdout] # Benchmark: org.weakref.nitro.tpch.BenchmarkQueries.query02
[INFO] [stdout] 
[INFO] [stdout] # Run progress: 4.55% complete, ETA 00:05:25
[INFO] [stdout] # Fork: 1 of 1
[INFO] [stdout] # Preparing profilers: LinuxPerfNormProfiler 
[INFO] [stdout] # Profilers consume stderr from target VM, use -v EXTRA to copy to console
[INFO] [stdout] # Warmup Iteration   1: 607.351 ms/op
[INFO] [stdout] # Warmup Iteration   2: 319.821 ms/op
[INFO] [stdout] # Warmup Iteration   3: 312.251 ms/op
[INFO] [stdout] Iteration   1: 308.363 ms/op
[INFO] [stdout]                  gc.alloc.rate:      369.085 MB/sec
[INFO] [stdout]                  gc.alloc.rate.norm: 119356716.000 B/op
[INFO] [stdout]                  gc.count:           4.000 counts
[INFO] [stdout]                  gc.time:            2.000 ms
[INFO] [stdout] 
[INFO] [stdout] Iteration   2: 306.894 ms/op
[INFO] [stdout]                  gc.alloc.rate:      370.695 MB/sec
[INFO] [stdout]                  gc.alloc.rate.norm: 119304642.000 B/op
[INFO] [stdout]                  gc.count:           1.000 counts
[INFO] [stdout]                  gc.time:            2.000 ms
[INFO] [stdout] 
[INFO] [stdout] Iteration   3: 306.547 ms/op
[INFO] [stdout]                  gc.alloc.rate:      371.132 MB/sec
[INFO] [stdout]                  gc.alloc.rate.norm: 119308400.000 B/op
[INFO] [stdout]                  gc.count:           4.000 counts
[INFO] [stdout]                  gc.time:            4.000 ms
[INFO] [stdout] 
[INFO] [stdout] Iteration   4: 308.384 ms/op
[INFO] [stdout]                  gc.alloc.rate:      368.810 MB/sec
[INFO] [stdout]                  gc.alloc.rate.norm: 119275874.000 B/op
[INFO] [stdout]                  gc.count:           5.000 counts
[INFO] [stdout]                  gc.time:            7.000 ms
[INFO] [stdout] 
[INFO] [stdout] Iteration   5: 308.513 ms/op
[INFO] [stdout]                  gc.alloc.rate:      368.573 MB/sec
[INFO] [stdout]                  gc.alloc.rate.norm: 119245668.000 B/op
[INFO] [stdout]                  gc.count:           1.000 counts
[INFO] [stdout]                  gc.time:            2.000 ms
[INFO] [stdout] 
[INFO] [stdout] # Processing profiler results: LinuxPerfNormProfiler 
[INFO] [stdout] 
[INFO] [stdout] 
[INFO] [stdout] Result "org.weakref.nitro.tpch.BenchmarkQueries.query02":
[INFO] [stdout]   307.740 ±(99.9%) 3.622 ms/op [Average]
[INFO] [stdout]   (min, avg, max) = (306.547, 307.740, 308.513), stdev = 0.941
[INFO] [stdout]   CI (99.9%): [304.118, 311.363] (assumes normal distribution)
[INFO] [stdout] 
[INFO] [stdout] Secondary result "org.weakref.nitro.tpch.BenchmarkQueries.query02:CPI":
[INFO] [stdout]   0.282 clks/insn
[INFO] [stdout] 
[INFO] [stdout] Secondary result "org.weakref.nitro.tpch.BenchmarkQueries.query02:IPC":
[INFO] [stdout]   3.550 insns/clk
[INFO] [stdout] 
[INFO] [stdout] Secondary result "org.weakref.nitro.tpch.BenchmarkQueries.query02:L1-dcache-load-misses":
[INFO] [stdout]   57873702.682 #/op
[INFO] [stdout] 
[INFO] [stdout] Secondary result "org.weakref.nitro.tpch.BenchmarkQueries.query02:L1-dcache-loads":
[INFO] [stdout]   2855793817.162 #/op
[INFO] [stdout] 
[INFO] [stdout] Secondary result "org.weakref.nitro.tpch.BenchmarkQueries.query02:L1-icache-load-misses":
[INFO] [stdout]   1794334.827 #/op
[INFO] [stdout] 
[INFO] [stdout] Secondary result "org.weakref.nitro.tpch.BenchmarkQueries.query02:L1-icache-loads":
[INFO] [stdout]   21613179.485 #/op
[INFO] [stdout] 
[INFO] [stdout] Secondary result "org.weakref.nitro.tpch.BenchmarkQueries.query02:branch-misses":
[INFO] [stdout]   6676874.872 #/op
[INFO] [stdout] 
[INFO] [stdout] Secondary result "org.weakref.nitro.tpch.BenchmarkQueries.query02:branches":
[INFO] [stdout]   1330549737.112 #/op
[INFO] [stdout] 
[INFO] [stdout] Secondary result "org.weakref.nitro.tpch.BenchmarkQueries.query02:cycles":
[INFO] [stdout]   1833307452.468 #/op
[INFO] [stdout] 
[INFO] [stdout] Secondary result "org.weakref.nitro.tpch.BenchmarkQueries.query02:dTLB-load-misses":
[INFO] [stdout]   98247.488 #/op
[INFO] [stdout] 
[INFO] [stdout] Secondary result "org.weakref.nitro.tpch.BenchmarkQueries.query02:dTLB-loads":
[INFO] [stdout]   1709213.476 #/op
[INFO] [stdout] 
[INFO] [stdout] Secondary result "org.weakref.nitro.tpch.BenchmarkQueries.query02:gc.alloc.rate":
[INFO] [stdout]   369.659 ±(99.9%) 4.504 MB/sec [Average]
[INFO] [stdout]   (min, avg, max) = (368.573, 369.659, 371.132), stdev = 1.170
[INFO] [stdout]   CI (99.9%): [365.155, 374.163] (assumes normal distribution)
[INFO] [stdout] 
[INFO] [stdout] Secondary result "org.weakref.nitro.tpch.BenchmarkQueries.query02:gc.alloc.rate.norm":
[INFO] [stdout]   119298260.000 ±(99.9%) 159089.214 B/op [Average]
[INFO] [stdout]   (min, avg, max) = (119245668.000, 119298260.000, 119356716.000), stdev = 41314.964
[INFO] [stdout]   CI (99.9%): [119139170.786, 119457349.214] (assumes normal distribution)
[INFO] [stdout] 
[INFO] [stdout] Secondary result "org.weakref.nitro.tpch.BenchmarkQueries.query02:gc.count":
[INFO] [stdout]   15.000 ±(99.9%) 0.001 counts [Sum]
[INFO] [stdout]   (min, avg, max) = (1.000, 3.000, 5.000), stdev = 1.871
[INFO] [stdout]   CI (99.9%): [15.000, 15.000] (assumes normal distribution)
[INFO] [stdout] 
[INFO] [stdout] Secondary result "org.weakref.nitro.tpch.BenchmarkQueries.query02:gc.time":
[INFO] [stdout]   17.000 ±(99.9%) 0.001 ms [Sum]
[INFO] [stdout]   (min, avg, max) = (2.000, 3.400, 7.000), stdev = 2.191
[INFO] [stdout]   CI (99.9%): [17.000, 17.000] (assumes normal distribution)
[INFO] [stdout] 
[INFO] [stdout] Secondary result "org.weakref.nitro.tpch.BenchmarkQueries.query02:iTLB-load-misses":
[INFO] [stdout]   14553.385 #/op
[INFO] [stdout] 
[INFO] [stdout] Secondary result "org.weakref.nitro.tpch.BenchmarkQueries.query02:iTLB-loads":
[INFO] [stdout]   1513149.289 #/op
[INFO] [stdout] 
[INFO] [stdout] Secondary result "org.weakref.nitro.tpch.BenchmarkQueries.query02:instructions":
[INFO] [stdout]   6507706973.550 #/op
[INFO] [stdout] 
[INFO] [stdout] Secondary result "org.weakref.nitro.tpch.BenchmarkQueries.query02:stalled-cycles-frontend":
[INFO] [stdout]   394475591.602 #/op
[INFO] [stdout] 
[INFO] [stdout] 
[INFO] [stdout] # JMH version: 1.37
[INFO] [stdout] # VM version: JDK 26.0.1, OpenJDK 64-Bit Server VM, 26.0.1+8
[INFO] [stdout] # VM invoker: /opt/java/openjdk/bin/java
[INFO] [stdout] # VM options: --enable-preview --add-modules=jdk.incubator.vector -Dnitro.clickbench.hits.path= -Xmx12g -XX:+UseTransparentHugePages -Dnitro.tpch.parquet.path=/root/data/tpch-parquet-sf10 -Dnitro.tpch.parquet.schema=sf10
[INFO] [stdout] # Blackhole mode: compiler (auto-detected, use -Djmh.blackhole.autoDetect=false to disable)
[INFO] [stdout] # Warmup: 3 iterations, 1 s each
[INFO] [stdout] # Measurement: 5 iterations, 1 s each
[INFO] [stdout] # Timeout: 30 min per iteration
[INFO] [stdout] # Threads: 1 thread, will synchronize iterations
[INFO] [stdout] # Benchmark mode: Average time, time/op
[INFO] [stdout] # Benchmark: org.weakref.nitro.tpch.BenchmarkQueries.query03
[INFO] [stdout] 
[INFO] [stdout] # Run progress: 9.09% complete, ETA 00:04:18
[INFO] [stdout] # Fork: 1 of 1
[INFO] [stdout] # Preparing profilers: LinuxPerfNormProfiler 
[INFO] [stdout] # Profilers consume stderr from target VM, use -v EXTRA to copy to console
[INFO] [stdout] # Warmup Iteration   1: 2210.797 ms/op
[INFO] [stdout] # Warmup Iteration   2: 1405.806 ms/op
[INFO] [stdout] # Warmup Iteration   3: 1383.707 ms/op
[INFO] [stdout] Iteration   1: 1371.416 ms/op
[INFO] [stdout]                  gc.alloc.rate:      60.825 MB/sec
[INFO] [stdout]                  gc.alloc.rate.norm: 87476536.000 B/op
[INFO] [stdout]                  gc.count:           2.000 counts
[INFO] [stdout]                  gc.time:            2.000 ms
[INFO] [stdout] 
[INFO] [stdout] Iteration   2: 1389.598 ms/op
[INFO] [stdout]                  gc.alloc.rate:      59.858 MB/sec
[INFO] [stdout]                  gc.alloc.rate.norm: 87227152.000 B/op
[INFO] [stdout]                  gc.count:           5.000 counts
[INFO] [stdout]                  gc.time:            7.000 ms
[INFO] [stdout] 
[INFO] [stdout] Iteration   3: 1367.600 ms/op
[INFO] [stdout]                  gc.alloc.rate:      60.759 MB/sec
[INFO] [stdout]                  gc.alloc.rate.norm: 87137896.000 B/op
[INFO] [stdout]                  gc.count:           2.000 counts
[INFO] [stdout]                  gc.time:            3.000 ms
[INFO] [stdout] 
[INFO] [stdout] Iteration   4: 1371.271 ms/op
[INFO] [stdout]                  gc.alloc.rate:      60.559 MB/sec
[INFO] [stdout]                  gc.alloc.rate.norm: 87086880.000 B/op
[INFO] [stdout]                  gc.count:           5.000 counts
[INFO] [stdout]                  gc.time:            5.000 ms
[INFO] [stdout] 
[INFO] [stdout] Iteration   5: 1364.834 ms/op
[INFO] [stdout]                  gc.alloc.rate:      60.842 MB/sec
[INFO] [stdout]                  gc.alloc.rate.norm: 87082296.000 B/op
[INFO] [stdout]                  gc.count:           2.000 counts
[INFO] [stdout]                  gc.time:            4.000 ms
[INFO] [stdout] 
[INFO] [stdout] # Processing profiler results: LinuxPerfNormProfiler 
[INFO] [stdout] 
[INFO] [stdout] 
[INFO] [stdout] Result "org.weakref.nitro.tpch.BenchmarkQueries.query03":
[INFO] [stdout]   1372.944 ±(99.9%) 37.374 ms/op [Average]
[INFO] [stdout]   (min, avg, max) = (1364.834, 1372.944, 1389.598), stdev = 9.706
[INFO] [stdout]   CI (99.9%): [1335.569, 1410.318] (assumes normal distribution)
[INFO] [stdout] 
[INFO] [stdout] Secondary result "org.weakref.nitro.tpch.BenchmarkQueries.query03:CPI":
[INFO] [stdout]   0.265 clks/insn
[INFO] [stdout] 
[INFO] [stdout] Secondary result "org.weakref.nitro.tpch.BenchmarkQueries.query03:IPC":
[INFO] [stdout]   3.772 insns/clk
[INFO] [stdout] 
[INFO] [stdout] Secondary result "org.weakref.nitro.tpch.BenchmarkQueries.query03:L1-dcache-load-misses":
[INFO] [stdout]   158388792.439 #/op
[INFO] [stdout] 
[INFO] [stdout] Secondary result "org.weakref.nitro.tpch.BenchmarkQueries.query03:L1-dcache-loads":
[INFO] [stdout]   12593552631.364 #/op
[INFO] [stdout] 
[INFO] [stdout] Secondary result "org.weakref.nitro.tpch.BenchmarkQueries.query03:L1-icache-load-misses":
[INFO] [stdout]   4977163.704 #/op
[INFO] [stdout] 
[INFO] [stdout] Secondary result "org.weakref.nitro.tpch.BenchmarkQueries.query03:L1-icache-loads":
[INFO] [stdout]   60788991.995 #/op
[INFO] [stdout] 
[INFO] [stdout] Secondary result "org.weakref.nitro.tpch.BenchmarkQueries.query03:branch-misses":
[INFO] [stdout]   30597909.919 #/op
[INFO] [stdout] 
[INFO] [stdout] Secondary result "org.weakref.nitro.tpch.BenchmarkQueries.query03:branches":
[INFO] [stdout]   6089682298.627 #/op
[INFO] [stdout] 
[INFO] [stdout] Secondary result "org.weakref.nitro.tpch.BenchmarkQueries.query03:cycles":
[INFO] [stdout]   7778108006.450 #/op
[INFO] [stdout] 
[INFO] [stdout] Secondary result "org.weakref.nitro.tpch.BenchmarkQueries.query03:dTLB-load-misses":
[INFO] [stdout]   311485.632 #/op
[INFO] [stdout] 
[INFO] [stdout] Secondary result "org.weakref.nitro.tpch.BenchmarkQueries.query03:dTLB-loads":
[INFO] [stdout]   4894648.657 #/op
[INFO] [stdout] 
[INFO] [stdout] Secondary result "org.weakref.nitro.tpch.BenchmarkQueries.query03:gc.alloc.rate":
[INFO] [stdout]   60.569 ±(99.9%) 1.589 MB/sec [Average]
[INFO] [stdout]   (min, avg, max) = (59.858, 60.569, 60.842), stdev = 0.413
[INFO] [stdout]   CI (99.9%): [58.980, 62.158] (assumes normal distribution)
[INFO] [stdout] 
[INFO] [stdout] Secondary result "org.weakref.nitro.tpch.BenchmarkQueries.query03:gc.alloc.rate.norm":
[INFO] [stdout]   87202152.000 ±(99.9%) 631826.921 B/op [Average]
[INFO] [stdout]   (min, avg, max) = (87082296.000, 87202152.000, 87476536.000), stdev = 164083.445
[INFO] [stdout]   CI (99.9%): [86570325.079, 87833978.921] (assumes normal distribution)
[INFO] [stdout] 
[INFO] [stdout] Secondary result "org.weakref.nitro.tpch.BenchmarkQueries.query03:gc.count":
[INFO] [stdout]   16.000 ±(99.9%) 0.001 counts [Sum]
[INFO] [stdout]   (min, avg, max) = (2.000, 3.200, 5.000), stdev = 1.643
[INFO] [stdout]   CI (99.9%): [16.000, 16.000] (assumes normal distribution)
[INFO] [stdout] 
[INFO] [stdout] Secondary result "org.weakref.nitro.tpch.BenchmarkQueries.query03:gc.time":
[INFO] [stdout]   21.000 ±(99.9%) 0.001 ms [Sum]
[INFO] [stdout]   (min, avg, max) = (2.000, 4.200, 7.000), stdev = 1.924
[INFO] [stdout]   CI (99.9%): [21.000, 21.000] (assumes normal distribution)
[INFO] [stdout] 
[INFO] [stdout] Secondary result "org.weakref.nitro.tpch.BenchmarkQueries.query03:iTLB-load-misses":
[INFO] [stdout]   33484.653 #/op
[INFO] [stdout] 
[INFO] [stdout] Secondary result "org.weakref.nitro.tpch.BenchmarkQueries.query03:iTLB-loads":
[INFO] [stdout]   2878053.959 #/op
[INFO] [stdout] 
[INFO] [stdout] Secondary result "org.weakref.nitro.tpch.BenchmarkQueries.query03:instructions":
[INFO] [stdout]   29342710129.487 #/op
[INFO] [stdout] 
[INFO] [stdout] Secondary result "org.weakref.nitro.tpch.BenchmarkQueries.query03:stalled-cycles-frontend":
[INFO] [stdout]   1825496697.882 #/op
[INFO] [stdout] 
[INFO] [stdout] 
[INFO] [stdout] # JMH version: 1.37
[INFO] [stdout] # VM version: JDK 26.0.1, OpenJDK 64-Bit Server VM, 26.0.1+8
[INFO] [stdout] # VM invoker: /opt/java/openjdk/bin/java
[INFO] [stdout] # VM options: --enable-preview --add-modules=jdk.incubator.vector -Dnitro.clickbench.hits.path= -Xmx12g -XX:+UseTransparentHugePages -Dnitro.tpch.parquet.path=/root/data/tpch-parquet-sf10 -Dnitro.tpch.parquet.schema=sf10
[INFO] [stdout] # Blackhole mode: compiler (auto-detected, use -Djmh.blackhole.autoDetect=false to disable)
[INFO] [stdout] # Warmup: 3 iterations, 1 s each
[INFO] [stdout] # Measurement: 5 iterations, 1 s each
[INFO] [stdout] # Timeout: 30 min per iteration
[INFO] [stdout] # Threads: 1 thread, will synchronize iterations
[INFO] [stdout] # Benchmark mode: Average time, time/op
[INFO] [stdout] # Benchmark: org.weakref.nitro.tpch.BenchmarkQueries.query04
[INFO] [stdout] 
[INFO] [stdout] # Run progress: 13.64% complete, ETA 00:04:01
[INFO] [stdout] # Fork: 1 of 1
[INFO] [stdout] # Preparing profilers: LinuxPerfNormProfiler 
[INFO] [stdout] # Profilers consume stderr from target VM, use -v EXTRA to copy to console
[INFO] [stdout] # Warmup Iteration   1: 1423.978 ms/op
[INFO] [stdout] # Warmup Iteration   2: 1008.661 ms/op
[INFO] [stdout] # Warmup Iteration   3: 978.387 ms/op
[INFO] [stdout] Iteration   1: 964.642 ms/op
[INFO] [stdout]                  gc.alloc.rate:      129.894 MB/sec
[INFO] [stdout]                  gc.alloc.rate.norm: 131397060.000 B/op
[INFO] [stdout]                  gc.count:           ≈ 0 counts
[INFO] [stdout] 
[INFO] [stdout] Iteration   2: 969.800 ms/op
[INFO] [stdout]                  gc.alloc.rate:      129.187 MB/sec
[INFO] [stdout]                  gc.alloc.rate.norm: 131380248.000 B/op
[INFO] [stdout]                  gc.count:           ≈ 0 counts
[INFO] [stdout] 
[INFO] [stdout] Iteration   3: 964.568 ms/op
[INFO] [stdout]                  gc.alloc.rate:      129.804 MB/sec
[INFO] [stdout]                  gc.alloc.rate.norm: 131294892.000 B/op
[INFO] [stdout]                  gc.count:           1.000 counts
[INFO] [stdout]                  gc.time:            3.000 ms
[INFO] [stdout] 
[INFO] [stdout] Iteration   4: 959.803 ms/op
[INFO] [stdout]                  gc.alloc.rate:      130.434 MB/sec
[INFO] [stdout]                  gc.alloc.rate.norm: 131279892.000 B/op
[INFO] [stdout]                  gc.count:           ≈ 0 counts
[INFO] [stdout] 
[INFO] [stdout] Iteration   5: 962.766 ms/op
[INFO] [stdout]                  gc.alloc.rate:      130.032 MB/sec
[INFO] [stdout]                  gc.alloc.rate.norm: 131279808.000 B/op
[INFO] [stdout]                  gc.count:           ≈ 0 counts
[INFO] [stdout] 
[INFO] [stdout] # Processing profiler results: LinuxPerfNormProfiler 
[INFO] [stdout] 
[INFO] [stdout] 
[INFO] [stdout] Result "org.weakref.nitro.tpch.BenchmarkQueries.query04":
[INFO] [stdout]   964.316 ±(99.9%) 14.019 ms/op [Average]
[INFO] [stdout]   (min, avg, max) = (959.803, 964.316, 969.800), stdev = 3.641
[INFO] [stdout]   CI (99.9%): [950.297, 978.334] (assumes normal distribution)
[INFO] [stdout] 
[INFO] [stdout] Secondary result "org.weakref.nitro.tpch.BenchmarkQueries.query04:CPI":
[INFO] [stdout]   0.370 clks/insn
[INFO] [stdout] 
[INFO] [stdout] Secondary result "org.weakref.nitro.tpch.BenchmarkQueries.query04:IPC":
[INFO] [stdout]   2.705 insns/clk
[INFO] [stdout] 
[INFO] [stdout] Secondary result "org.weakref.nitro.tpch.BenchmarkQueries.query04:L1-dcache-load-misses":
[INFO] [stdout]   202779908.567 #/op
[INFO] [stdout] 
[INFO] [stdout] Secondary result "org.weakref.nitro.tpch.BenchmarkQueries.query04:L1-dcache-loads":
[INFO] [stdout]   8364970200.419 #/op
[INFO] [stdout] 
[INFO] [stdout] Secondary result "org.weakref.nitro.tpch.BenchmarkQueries.query04:L1-icache-load-misses":
[INFO] [stdout]   3784023.701 #/op
[INFO] [stdout] 
[INFO] [stdout] Secondary result "org.weakref.nitro.tpch.BenchmarkQueries.query04:L1-icache-loads":
[INFO] [stdout]   53962812.068 #/op
[INFO] [stdout] 
[INFO] [stdout] Secondary result "org.weakref.nitro.tpch.BenchmarkQueries.query04:branch-misses":
[INFO] [stdout]   49570474.083 #/op
[INFO] [stdout] 
[INFO] [stdout] Secondary result "org.weakref.nitro.tpch.BenchmarkQueries.query04:branches":
[INFO] [stdout]   2903740648.305 #/op
[INFO] [stdout] 
[INFO] [stdout] Secondary result "org.weakref.nitro.tpch.BenchmarkQueries.query04:cycles":
[INFO] [stdout]   5241925276.218 #/op
[INFO] [stdout] 
[INFO] [stdout] Secondary result "org.weakref.nitro.tpch.BenchmarkQueries.query04:dTLB-load-misses":
[INFO] [stdout]   169535.287 #/op
[INFO] [stdout] 
[INFO] [stdout] Secondary result "org.weakref.nitro.tpch.BenchmarkQueries.query04:dTLB-loads":
[INFO] [stdout]   2511413.352 #/op
[INFO] [stdout] 
[INFO] [stdout] Secondary result "org.weakref.nitro.tpch.BenchmarkQueries.query04:gc.alloc.rate":
[INFO] [stdout]   129.870 ±(99.9%) 1.738 MB/sec [Average]
[INFO] [stdout]   (min, avg, max) = (129.187, 129.870, 130.434), stdev = 0.451
[INFO] [stdout]   CI (99.9%): [128.132, 131.608] (assumes normal distribution)
[INFO] [stdout] 
[INFO] [stdout] Secondary result "org.weakref.nitro.tpch.BenchmarkQueries.query04:gc.alloc.rate.norm":
[INFO] [stdout]   131326380.000 ±(99.9%) 221361.822 B/op [Average]
[INFO] [stdout]   (min, avg, max) = (131279808.000, 131326380.000, 131397060.000), stdev = 57486.962
[INFO] [stdout]   CI (99.9%): [131105018.178, 131547741.822] (assumes normal distribution)
[INFO] [stdout] 
[INFO] [stdout] Secondary result "org.weakref.nitro.tpch.BenchmarkQueries.query04:gc.count":
[INFO] [stdout]   1.000 ±(99.9%) 0.001 counts [Sum]
[INFO] [stdout]   (min, avg, max) = (≈ 0, 0.200, 1.000), stdev = 0.447
[INFO] [stdout]   CI (99.9%): [1.000, 1.000] (assumes normal distribution)
[INFO] [stdout] 
[INFO] [stdout] Secondary result "org.weakref.nitro.tpch.BenchmarkQueries.query04:gc.time":
[INFO] [stdout]   3.000 ±(99.9%) 0.001 ms [Sum]
[INFO] [stdout]   (min, avg, max) = (≈ 0, 0.600, 3.000), stdev = 1.342
[INFO] [stdout]   CI (99.9%): [3.000, 3.000] (assumes normal distribution)
[INFO] [stdout] 
[INFO] [stdout] Secondary result "org.weakref.nitro.tpch.BenchmarkQueries.query04:iTLB-load-misses":
[INFO] [stdout]   27484.074 #/op
[INFO] [stdout] 
[INFO] [stdout] Secondary result "org.weakref.nitro.tpch.BenchmarkQueries.query04:iTLB-loads":
[INFO] [stdout]   958068.407 #/op
[INFO] [stdout] 
[INFO] [stdout] Secondary result "org.weakref.nitro.tpch.BenchmarkQueries.query04:instructions":
[INFO] [stdout]   14177871169.182 #/op
[INFO] [stdout] 
[INFO] [stdout] Secondary result "org.weakref.nitro.tpch.BenchmarkQueries.query04:stalled-cycles-frontend":
[INFO] [stdout]   1122074792.683 #/op
[INFO] [stdout] 
[INFO] [stdout] 
[INFO] [stdout] # JMH version: 1.37
[INFO] [stdout] # VM version: JDK 26.0.1, OpenJDK 64-Bit Server VM, 26.0.1+8
[INFO] [stdout] # VM invoker: /opt/java/openjdk/bin/java
[INFO] [stdout] # VM options: --enable-preview --add-modules=jdk.incubator.vector -Dnitro.clickbench.hits.path= -Xmx12g -XX:+UseTransparentHugePages -Dnitro.tpch.parquet.path=/root/data/tpch-parquet-sf10 -Dnitro.tpch.parquet.schema=sf10
[INFO] [stdout] # Blackhole mode: compiler (auto-detected, use -Djmh.blackhole.autoDetect=false to disable)
[INFO] [stdout] # Warmup: 3 iterations, 1 s each
[INFO] [stdout] # Measurement: 5 iterations, 1 s each
[INFO] [stdout] # Timeout: 30 min per iteration
[INFO] [stdout] # Threads: 1 thread, will synchronize iterations
[INFO] [stdout] # Benchmark mode: Average time, time/op
[INFO] [stdout] # Benchmark: org.weakref.nitro.tpch.BenchmarkQueries.query05
[INFO] [stdout] 
[INFO] [stdout] # Run progress: 18.18% complete, ETA 00:03:57
[INFO] [stdout] # Fork: 1 of 1
[INFO] [stdout] # Preparing profilers: LinuxPerfNormProfiler 
[INFO] [stdout] # Profilers consume stderr from target VM, use -v EXTRA to copy to console
[INFO] [stdout] # Warmup Iteration   1: 2465.644 ms/op
[INFO] [stdout] # Warmup Iteration   2: 1520.747 ms/op
[INFO] [stdout] # Warmup Iteration   3: 1492.840 ms/op
[INFO] [stdout] Iteration   1: 1493.420 ms/op
[INFO] [stdout]                  gc.alloc.rate:      130.104 MB/sec
[INFO] [stdout]                  gc.alloc.rate.norm: 203759344.000 B/op
[INFO] [stdout]                  gc.count:           6.000 counts
[INFO] [stdout]                  gc.time:            4.000 ms
[INFO] [stdout] 
[INFO] [stdout] Iteration   2: 1479.926 ms/op
[INFO] [stdout]                  gc.alloc.rate:      131.248 MB/sec
[INFO] [stdout]                  gc.alloc.rate.norm: 203689056.000 B/op
[INFO] [stdout]                  gc.count:           5.000 counts
[INFO] [stdout]                  gc.time:            4.000 ms
[INFO] [stdout] 
[INFO] [stdout] Iteration   3: 1496.921 ms/op
[INFO] [stdout]                  gc.alloc.rate:      129.758 MB/sec
[INFO] [stdout]                  gc.alloc.rate.norm: 203688800.000 B/op
[INFO] [stdout]                  gc.count:           9.000 counts
[INFO] [stdout]                  gc.time:            6.000 ms
[INFO] [stdout] 
[INFO] [stdout] Iteration   4: 1483.714 ms/op
[INFO] [stdout]                  gc.alloc.rate:      130.711 MB/sec
[INFO] [stdout]                  gc.alloc.rate.norm: 203375272.000 B/op
[INFO] [stdout]                  gc.count:           6.000 counts
[INFO] [stdout]                  gc.time:            3.000 ms
[INFO] [stdout] 
[INFO] [stdout] Iteration   5: 1485.470 ms/op
[INFO] [stdout]                  gc.alloc.rate:      130.465 MB/sec
[INFO] [stdout]                  gc.alloc.rate.norm: 203233104.000 B/op
[INFO] [stdout]                  gc.count:           9.000 counts
[INFO] [stdout]                  gc.time:            6.000 ms
[INFO] [stdout] 
[INFO] [stdout] # Processing profiler results: LinuxPerfNormProfiler 
[INFO] [stdout] 
[INFO] [stdout] 
[INFO] [stdout] Result "org.weakref.nitro.tpch.BenchmarkQueries.query05":
[INFO] [stdout]   1487.890 ±(99.9%) 27.150 ms/op [Average]
[INFO] [stdout]   (min, avg, max) = (1479.926, 1487.890, 1496.921), stdev = 7.051
[INFO] [stdout]   CI (99.9%): [1460.740, 1515.040] (assumes normal distribution)
[INFO] [stdout] 
[INFO] [stdout] Secondary result "org.weakref.nitro.tpch.BenchmarkQueries.query05:CPI":
[INFO] [stdout]   0.271 clks/insn
[INFO] [stdout] 
[INFO] [stdout] Secondary result "org.weakref.nitro.tpch.BenchmarkQueries.query05:IPC":
[INFO] [stdout]   3.694 insns/clk
[INFO] [stdout] 
[INFO] [stdout] Secondary result "org.weakref.nitro.tpch.BenchmarkQueries.query05:L1-dcache-load-misses":
[INFO] [stdout]   207384381.700 #/op
[INFO] [stdout] 
[INFO] [stdout] Secondary result "org.weakref.nitro.tpch.BenchmarkQueries.query05:L1-dcache-loads":
[INFO] [stdout]   13591571842.759 #/op
[INFO] [stdout] 
[INFO] [stdout] Secondary result "org.weakref.nitro.tpch.BenchmarkQueries.query05:L1-icache-load-misses":
[INFO] [stdout]   6140107.058 #/op
[INFO] [stdout] 
[INFO] [stdout] Secondary result "org.weakref.nitro.tpch.BenchmarkQueries.query05:L1-icache-loads":
[INFO] [stdout]   72208989.591 #/op
[INFO] [stdout] 
[INFO] [stdout] Secondary result "org.weakref.nitro.tpch.BenchmarkQueries.query05:branch-misses":
[INFO] [stdout]   28536959.099 #/op
[INFO] [stdout] 
[INFO] [stdout] Secondary result "org.weakref.nitro.tpch.BenchmarkQueries.query05:branches":
[INFO] [stdout]   6693336642.480 #/op
[INFO] [stdout] 
[INFO] [stdout] Secondary result "org.weakref.nitro.tpch.BenchmarkQueries.query05:cycles":
[INFO] [stdout]   8605300772.320 #/op
[INFO] [stdout] 
[INFO] [stdout] Secondary result "org.weakref.nitro.tpch.BenchmarkQueries.query05:dTLB-load-misses":
[INFO] [stdout]   384102.923 #/op
[INFO] [stdout] 
[INFO] [stdout] Secondary result "org.weakref.nitro.tpch.BenchmarkQueries.query05:dTLB-loads":
[INFO] [stdout]   6723845.761 #/op
[INFO] [stdout] 
[INFO] [stdout] Secondary result "org.weakref.nitro.tpch.BenchmarkQueries.query05:gc.alloc.rate":
[INFO] [stdout]   130.457 ±(99.9%) 2.198 MB/sec [Average]
[INFO] [stdout]   (min, avg, max) = (129.758, 130.457, 131.248), stdev = 0.571
[INFO] [stdout]   CI (99.9%): [128.259, 132.655] (assumes normal distribution)
[INFO] [stdout] 
[INFO] [stdout] Secondary result "org.weakref.nitro.tpch.BenchmarkQueries.query05:gc.alloc.rate.norm":
[INFO] [stdout]   203549115.200 ±(99.9%) 889356.954 B/op [Average]
[INFO] [stdout]   (min, avg, max) = (203233104.000, 203549115.200, 203759344.000), stdev = 230963.177
[INFO] [stdout]   CI (99.9%): [202659758.246, 204438472.154] (assumes normal distribution)
[INFO] [stdout] 
[INFO] [stdout] Secondary result "org.weakref.nitro.tpch.BenchmarkQueries.query05:gc.count":
[INFO] [stdout]   35.000 ±(99.9%) 0.001 counts [Sum]
[INFO] [stdout]   (min, avg, max) = (5.000, 7.000, 9.000), stdev = 1.871
[INFO] [stdout]   CI (99.9%): [35.000, 35.000] (assumes normal distribution)
[INFO] [stdout] 
[INFO] [stdout] Secondary result "org.weakref.nitro.tpch.BenchmarkQueries.query05:gc.time":
[INFO] [stdout]   23.000 ±(99.9%) 0.001 ms [Sum]
[INFO] [stdout]   (min, avg, max) = (3.000, 4.600, 6.000), stdev = 1.342
[INFO] [stdout]   CI (99.9%): [23.000, 23.000] (assumes normal distribution)
[INFO] [stdout] 
[INFO] [stdout] Secondary result "org.weakref.nitro.tpch.BenchmarkQueries.query05:iTLB-load-misses":
[INFO] [stdout]   46868.033 #/op
[INFO] [stdout] 
[INFO] [stdout] Secondary result "org.weakref.nitro.tpch.BenchmarkQueries.query05:iTLB-loads":
[INFO] [stdout]   3425915.812 #/op
[INFO] [stdout] 
[INFO] [stdout] Secondary result "org.weakref.nitro.tpch.BenchmarkQueries.query05:instructions":
[INFO] [stdout]   31788684574.712 #/op
[INFO] [stdout] 
[INFO] [stdout] Secondary result "org.weakref.nitro.tpch.BenchmarkQueries.query05:stalled-cycles-frontend":
[INFO] [stdout]   1926010006.773 #/op
[INFO] [stdout] 
[INFO] [stdout] 
[INFO] [stdout] # JMH version: 1.37
[INFO] [stdout] # VM version: JDK 26.0.1, OpenJDK 64-Bit Server VM, 26.0.1+8
[INFO] [stdout] # VM invoker: /opt/java/openjdk/bin/java
[INFO] [stdout] # VM options: --enable-preview --add-modules=jdk.incubator.vector -Dnitro.clickbench.hits.path= -Xmx12g -XX:+UseTransparentHugePages -Dnitro.tpch.parquet.path=/root/data/tpch-parquet-sf10 -Dnitro.tpch.parquet.schema=sf10
[INFO] [stdout] # Blackhole mode: compiler (auto-detected, use -Djmh.blackhole.autoDetect=false to disable)
[INFO] [stdout] # Warmup: 3 iterations, 1 s each
[INFO] [stdout] # Measurement: 5 iterations, 1 s each
[INFO] [stdout] # Timeout: 30 min per iteration
[INFO] [stdout] # Threads: 1 thread, will synchronize iterations
[INFO] [stdout] # Benchmark mode: Average time, time/op
[INFO] [stdout] # Benchmark: org.weakref.nitro.tpch.BenchmarkQueries.query06
[INFO] [stdout] 
[INFO] [stdout] # Run progress: 22.73% complete, ETA 00:03:44
[INFO] [stdout] # Fork: 1 of 1
[INFO] [stdout] # Preparing profilers: LinuxPerfNormProfiler 
[INFO] [stdout] # Profilers consume stderr from target VM, use -v EXTRA to copy to console
[INFO] [stdout] # Warmup Iteration   1: 870.116 ms/op
[INFO] [stdout] # Warmup Iteration   2: 719.721 ms/op
[INFO] [stdout] # Warmup Iteration   3: 719.253 ms/op
[INFO] [stdout] Iteration   1: 721.152 ms/op
[INFO] [stdout]                  gc.alloc.rate:      51.793 MB/sec
[INFO] [stdout]                  gc.alloc.rate.norm: 39168744.000 B/op
[INFO] [stdout]                  gc.count:           1.000 counts
[INFO] [stdout]                  gc.time:            1.000 ms
[INFO] [stdout] 
[INFO] [stdout] Iteration   2: 725.704 ms/op
[INFO] [stdout]                  gc.alloc.rate:      51.487 MB/sec
[INFO] [stdout]                  gc.alloc.rate.norm: 39182720.000 B/op
[INFO] [stdout]                  gc.count:           2.000 counts
[INFO] [stdout]                  gc.time:            1.000 ms
[INFO] [stdout] 
[INFO] [stdout] Iteration   3: 722.331 ms/op
[INFO] [stdout]                  gc.alloc.rate:      51.693 MB/sec
[INFO] [stdout]                  gc.alloc.rate.norm: 39156288.000 B/op
[INFO] [stdout]                  gc.count:           1.000 counts
[INFO] [stdout]                  gc.time:            ≈ 0 ms
[INFO] [stdout] 
[INFO] [stdout] Iteration   4: 719.488 ms/op
[INFO] [stdout]                  gc.alloc.rate:      51.901 MB/sec
[INFO] [stdout]                  gc.alloc.rate.norm: 39159508.000 B/op
[INFO] [stdout]                  gc.count:           1.000 counts
[INFO] [stdout]                  gc.time:            1.000 ms
[INFO] [stdout] 
[INFO] [stdout] Iteration   5: 719.018 ms/op
[INFO] [stdout]                  gc.alloc.rate:      51.931 MB/sec
[INFO] [stdout]                  gc.alloc.rate.norm: 39156372.000 B/op
[INFO] [stdout]                  gc.count:           1.000 counts
[INFO] [stdout]                  gc.time:            ≈ 0 ms
[INFO] [stdout] 
[INFO] [stdout] # Processing profiler results: LinuxPerfNormProfiler 
[INFO] [stdout] 
[INFO] [stdout] 
[INFO] [stdout] Result "org.weakref.nitro.tpch.BenchmarkQueries.query06":
[INFO] [stdout]   721.539 ±(99.9%) 10.312 ms/op [Average]
[INFO] [stdout]   (min, avg, max) = (719.018, 721.539, 725.704), stdev = 2.678
[INFO] [stdout]   CI (99.9%): [711.226, 731.851] (assumes normal distribution)
[INFO] [stdout] 
[INFO] [stdout] Secondary result "org.weakref.nitro.tpch.BenchmarkQueries.query06:CPI":
[INFO] [stdout]   0.260 clks/insn
[INFO] [stdout] 
[INFO] [stdout] Secondary result "org.weakref.nitro.tpch.BenchmarkQueries.query06:IPC":
[INFO] [stdout]   3.848 insns/clk
[INFO] [stdout] 
[INFO] [stdout] Secondary result "org.weakref.nitro.tpch.BenchmarkQueries.query06:L1-dcache-load-misses":
[INFO] [stdout]   59425149.777 #/op
[INFO] [stdout] 
[INFO] [stdout] Secondary result "org.weakref.nitro.tpch.BenchmarkQueries.query06:L1-dcache-loads":
[INFO] [stdout]   6808150393.179 #/op
[INFO] [stdout] 
[INFO] [stdout] Secondary result "org.weakref.nitro.tpch.BenchmarkQueries.query06:L1-icache-load-misses":
[INFO] [stdout]   1649081.735 #/op
[INFO] [stdout] 
[INFO] [stdout] Secondary result "org.weakref.nitro.tpch.BenchmarkQueries.query06:L1-icache-loads":
[INFO] [stdout]   22447845.692 #/op
[INFO] [stdout] 
[INFO] [stdout] Secondary result "org.weakref.nitro.tpch.BenchmarkQueries.query06:branch-misses":
[INFO] [stdout]   13620763.591 #/op
[INFO] [stdout] 
[INFO] [stdout] Secondary result "org.weakref.nitro.tpch.BenchmarkQueries.query06:branches":
[INFO] [stdout]   2934058930.295 #/op
[INFO] [stdout] 
[INFO] [stdout] Secondary result "org.weakref.nitro.tpch.BenchmarkQueries.query06:cycles":
[INFO] [stdout]   3830288400.909 #/op
[INFO] [stdout] 
[INFO] [stdout] Secondary result "org.weakref.nitro.tpch.BenchmarkQueries.query06:dTLB-load-misses":
[INFO] [stdout]   156700.002 #/op
[INFO] [stdout] 
[INFO] [stdout] Secondary result "org.weakref.nitro.tpch.BenchmarkQueries.query06:dTLB-loads":
[INFO] [stdout]   1198348.222 #/op
[INFO] [stdout] 
[INFO] [stdout] Secondary result "org.weakref.nitro.tpch.BenchmarkQueries.query06:gc.alloc.rate":
[INFO] [stdout]   51.761 ±(99.9%) 0.692 MB/sec [Average]
[INFO] [stdout]   (min, avg, max) = (51.487, 51.761, 51.931), stdev = 0.180
[INFO] [stdout]   CI (99.9%): [51.069, 52.453] (assumes normal distribution)
[INFO] [stdout] 
[INFO] [stdout] Secondary result "org.weakref.nitro.tpch.BenchmarkQueries.query06:gc.alloc.rate.norm":
[INFO] [stdout]   39164726.400 ±(99.9%) 43400.748 B/op [Average]
[INFO] [stdout]   (min, avg, max) = (39156288.000, 39164726.400, 39182720.000), stdev = 11271.036
[INFO] [stdout]   CI (99.9%): [39121325.652, 39208127.148] (assumes normal distribution)
[INFO] [stdout] 
[INFO] [stdout] Secondary result "org.weakref.nitro.tpch.BenchmarkQueries.query06:gc.count":
[INFO] [stdout]   6.000 ±(99.9%) 0.001 counts [Sum]
[INFO] [stdout]   (min, avg, max) = (1.000, 1.200, 2.000), stdev = 0.447
[INFO] [stdout]   CI (99.9%): [6.000, 6.000] (assumes normal distribution)
[INFO] [stdout] 
[INFO] [stdout] Secondary result "org.weakref.nitro.tpch.BenchmarkQueries.query06:gc.time":
[INFO] [stdout]   3.000 ±(99.9%) 0.001 ms [Sum]
[INFO] [stdout]   (min, avg, max) = (≈ 0, 0.600, 1.000), stdev = 0.548
[INFO] [stdout]   CI (99.9%): [3.000, 3.000] (assumes normal distribution)
[INFO] [stdout] 
[INFO] [stdout] Secondary result "org.weakref.nitro.tpch.BenchmarkQueries.query06:iTLB-load-misses":
[INFO] [stdout]   9245.814 #/op
[INFO] [stdout] 
[INFO] [stdout] Secondary result "org.weakref.nitro.tpch.BenchmarkQueries.query06:iTLB-loads":
[INFO] [stdout]   705419.347 #/op
[INFO] [stdout] 
[INFO] [stdout] Secondary result "org.weakref.nitro.tpch.BenchmarkQueries.query06:instructions":
[INFO] [stdout]   14738293707.674 #/op
[INFO] [stdout] 
[INFO] [stdout] Secondary result "org.weakref.nitro.tpch.BenchmarkQueries.query06:stalled-cycles-frontend":
[INFO] [stdout]   892451721.545 #/op
[INFO] [stdout] 
[INFO] [stdout] 
[INFO] [stdout] # JMH version: 1.37
[INFO] [stdout] # VM version: JDK 26.0.1, OpenJDK 64-Bit Server VM, 26.0.1+8
[INFO] [stdout] # VM invoker: /opt/java/openjdk/bin/java
[INFO] [stdout] # VM options: --enable-preview --add-modules=jdk.incubator.vector -Dnitro.clickbench.hits.path= -Xmx12g -XX:+UseTransparentHugePages -Dnitro.tpch.parquet.path=/root/data/tpch-parquet-sf10 -Dnitro.tpch.parquet.schema=sf10
[INFO] [stdout] # Blackhole mode: compiler (auto-detected, use -Djmh.blackhole.autoDetect=false to disable)
[INFO] [stdout] # Warmup: 3 iterations, 1 s each
[INFO] [stdout] # Measurement: 5 iterations, 1 s each
[INFO] [stdout] # Timeout: 30 min per iteration
[INFO] [stdout] # Threads: 1 thread, will synchronize iterations
[INFO] [stdout] # Benchmark mode: Average time, time/op
[INFO] [stdout] # Benchmark: org.weakref.nitro.tpch.BenchmarkQueries.query07
[INFO] [stdout] 
[INFO] [stdout] # Run progress: 27.27% complete, ETA 00:03:28
[INFO] [stdout] # Fork: 1 of 1
[INFO] [stdout] # Preparing profilers: LinuxPerfNormProfiler 
[INFO] [stdout] # Profilers consume stderr from target VM, use -v EXTRA to copy to console
[INFO] [stdout] # Warmup Iteration   1: 3435.226 ms/op
[INFO] [stdout] # Warmup Iteration   2: 2494.453 ms/op
[INFO] [stdout] # Warmup Iteration   3: 2489.167 ms/op
[INFO] [stdout] Iteration   1: 2450.932 ms/op
[INFO] [stdout]                  gc.alloc.rate:      354.692 MB/sec
[INFO] [stdout]                  gc.alloc.rate.norm: 911599536.000 B/op
[INFO] [stdout]                  gc.count:           2.000 counts
[INFO] [stdout]                  gc.time:            4.000 ms
[INFO] [stdout] 
[INFO] [stdout] Iteration   2: 2441.745 ms/op
[INFO] [stdout]                  gc.alloc.rate:      356.017 MB/sec
[INFO] [stdout]                  gc.alloc.rate.norm: 911581304.000 B/op
[INFO] [stdout]                  gc.count:           4.000 counts
[INFO] [stdout]                  gc.time:            6.000 ms
[INFO] [stdout] 
[INFO] [stdout] Iteration   3: 2444.131 ms/op
[INFO] [stdout]                  gc.alloc.rate:      355.669 MB/sec
[INFO] [stdout]                  gc.alloc.rate.norm: 911581432.000 B/op
[INFO] [stdout]                  gc.count:           4.000 counts
[INFO] [stdout]                  gc.time:            5.000 ms
[INFO] [stdout] 
[INFO] [stdout] Iteration   4: 2467.458 ms/op
[INFO] [stdout]                  gc.alloc.rate:      352.309 MB/sec
[INFO] [stdout]                  gc.alloc.rate.norm: 911581056.000 B/op
[INFO] [stdout]                  gc.count:           2.000 counts
[INFO] [stdout]                  gc.time:            5.000 ms
[INFO] [stdout] 
[INFO] [stdout] Iteration   5: 2450.252 ms/op
[INFO] [stdout]                  gc.alloc.rate:      354.784 MB/sec
[INFO] [stdout]                  gc.alloc.rate.norm: 911580816.000 B/op
[INFO] [stdout]                  gc.count:           4.000 counts
[INFO] [stdout]                  gc.time:            5.000 ms
[INFO] [stdout] 
[INFO] [stdout] # Processing profiler results: LinuxPerfNormProfiler 
[INFO] [stdout] 
[INFO] [stdout] 
[INFO] [stdout] Result "org.weakref.nitro.tpch.BenchmarkQueries.query07":
[INFO] [stdout]   2450.904 ±(99.9%) 38.710 ms/op [Average]
[INFO] [stdout]   (min, avg, max) = (2441.745, 2450.904, 2467.458), stdev = 10.053
[INFO] [stdout]   CI (99.9%): [2412.194, 2489.613] (assumes normal distribution)
[INFO] [stdout] 
[INFO] [stdout] Secondary result "org.weakref.nitro.tpch.BenchmarkQueries.query07:CPI":
[INFO] [stdout]   0.254 clks/insn
[INFO] [stdout] 
[INFO] [stdout] Secondary result "org.weakref.nitro.tpch.BenchmarkQueries.query07:IPC":
[INFO] [stdout]   3.940 insns/clk
[INFO] [stdout] 
[INFO] [stdout] Secondary result "org.weakref.nitro.tpch.BenchmarkQueries.query07:L1-dcache-load-misses":
[INFO] [stdout]   495150627.838 #/op
[INFO] [stdout] 
[INFO] [stdout] Secondary result "org.weakref.nitro.tpch.BenchmarkQueries.query07:L1-dcache-loads":
[INFO] [stdout]   23473523501.651 #/op
[INFO] [stdout] 
[INFO] [stdout] Secondary result "org.weakref.nitro.tpch.BenchmarkQueries.query07:L1-icache-load-misses":
[INFO] [stdout]   13644067.304 #/op
[INFO] [stdout] 
[INFO] [stdout] Secondary result "org.weakref.nitro.tpch.BenchmarkQueries.query07:L1-icache-loads":
[INFO] [stdout]   185350859.539 #/op
[INFO] [stdout] 
[INFO] [stdout] Secondary result "org.weakref.nitro.tpch.BenchmarkQueries.query07:branch-misses":
[INFO] [stdout]   37369237.905 #/op
[INFO] [stdout] 
[INFO] [stdout] Secondary result "org.weakref.nitro.tpch.BenchmarkQueries.query07:branches":
[INFO] [stdout]   10586103607.830 #/op
[INFO] [stdout] 
[INFO] [stdout] Secondary result "org.weakref.nitro.tpch.BenchmarkQueries.query07:cycles":
[INFO] [stdout]   13024507896.488 #/op
[INFO] [stdout] 
[INFO] [stdout] Secondary result "org.weakref.nitro.tpch.BenchmarkQueries.query07:dTLB-load-misses":
[INFO] [stdout]   339486.441 #/op
[INFO] [stdout] 
[INFO] [stdout] Secondary result "org.weakref.nitro.tpch.BenchmarkQueries.query07:dTLB-loads":
[INFO] [stdout]   5828807.200 #/op
[INFO] [stdout] 
[INFO] [stdout] Secondary result "org.weakref.nitro.tpch.BenchmarkQueries.query07:gc.alloc.rate":
[INFO] [stdout]   354.694 ±(99.9%) 5.578 MB/sec [Average]
[INFO] [stdout]   (min, avg, max) = (352.309, 354.694, 356.017), stdev = 1.449
[INFO] [stdout]   CI (99.9%): [349.116, 360.273] (assumes normal distribution)
[INFO] [stdout] 
[INFO] [stdout] Secondary result "org.weakref.nitro.tpch.BenchmarkQueries.query07:gc.alloc.rate.norm":
[INFO] [stdout]   911584828.800 ±(99.9%) 31671.446 B/op [Average]
[INFO] [stdout]   (min, avg, max) = (911580816.000, 911584828.800, 911599536.000), stdev = 8224.974
[INFO] [stdout]   CI (99.9%): [911553157.354, 911616500.246] (assumes normal distribution)
[INFO] [stdout] 
[INFO] [stdout] Secondary result "org.weakref.nitro.tpch.BenchmarkQueries.query07:gc.count":
[INFO] [stdout]   16.000 ±(99.9%) 0.001 counts [Sum]
[INFO] [stdout]   (min, avg, max) = (2.000, 3.200, 4.000), stdev = 1.095
[INFO] [stdout]   CI (99.9%): [16.000, 16.000] (assumes normal distribution)
[INFO] [stdout] 
[INFO] [stdout] Secondary result "org.weakref.nitro.tpch.BenchmarkQueries.query07:gc.time":
[INFO] [stdout]   25.000 ±(99.9%) 0.001 ms [Sum]
[INFO] [stdout]   (min, avg, max) = (4.000, 5.000, 6.000), stdev = 0.707
[INFO] [stdout]   CI (99.9%): [25.000, 25.000] (assumes normal distribution)
[INFO] [stdout] 
[INFO] [stdout] Secondary result "org.weakref.nitro.tpch.BenchmarkQueries.query07:iTLB-load-misses":
[INFO] [stdout]   20539.741 #/op
[INFO] [stdout] 
[INFO] [stdout] Secondary result "org.weakref.nitro.tpch.BenchmarkQueries.query07:iTLB-loads":
[INFO] [stdout]   930203.584 #/op
[INFO] [stdout] 
[INFO] [stdout] Secondary result "org.weakref.nitro.tpch.BenchmarkQueries.query07:instructions":
[INFO] [stdout]   51311725647.267 #/op
[INFO] [stdout] 
[INFO] [stdout] Secondary result "org.weakref.nitro.tpch.BenchmarkQueries.query07:stalled-cycles-frontend":
[INFO] [stdout]   2120803457.026 #/op
[INFO] [stdout] 
[INFO] [stdout] 
[INFO] [stdout] # JMH version: 1.37
[INFO] [stdout] # VM version: JDK 26.0.1, OpenJDK 64-Bit Server VM, 26.0.1+8
[INFO] [stdout] # VM invoker: /opt/java/openjdk/bin/java
[INFO] [stdout] # VM options: --enable-preview --add-modules=jdk.incubator.vector -Dnitro.clickbench.hits.path= -Xmx12g -XX:+UseTransparentHugePages -Dnitro.tpch.parquet.path=/root/data/tpch-parquet-sf10 -Dnitro.tpch.parquet.schema=sf10
[INFO] [stdout] # Blackhole mode: compiler (auto-detected, use -Djmh.blackhole.autoDetect=false to disable)
[INFO] [stdout] # Warmup: 3 iterations, 1 s each
[INFO] [stdout] # Measurement: 5 iterations, 1 s each
[INFO] [stdout] # Timeout: 30 min per iteration
[INFO] [stdout] # Threads: 1 thread, will synchronize iterations
[INFO] [stdout] # Benchmark mode: Average time, time/op
[INFO] [stdout] # Benchmark: org.weakref.nitro.tpch.BenchmarkQueries.query08
[INFO] [stdout] 
[INFO] [stdout] # Run progress: 31.82% complete, ETA 00:03:33
[INFO] [stdout] # Fork: 1 of 1
[INFO] [stdout] # Preparing profilers: LinuxPerfNormProfiler 
[INFO] [stdout] # Profilers consume stderr from target VM, use -v EXTRA to copy to console
[INFO] [stdout] # Warmup Iteration   1: 2637.603 ms/op
[INFO] [stdout] # Warmup Iteration   2: 1746.487 ms/op
[INFO] [stdout] # Warmup Iteration   3: 1701.932 ms/op
[INFO] [stdout] Iteration   1: 1701.316 ms/op
[INFO] [stdout]                  gc.alloc.rate:      31.823 MB/sec
[INFO] [stdout]                  gc.alloc.rate.norm: 56775632.000 B/op
[INFO] [stdout]                  gc.count:           1.000 counts
[INFO] [stdout]                  gc.time:            1.000 ms
[INFO] [stdout] 
[INFO] [stdout] Iteration   2: 1680.965 ms/op
[INFO] [stdout]                  gc.alloc.rate:      32.140 MB/sec
[INFO] [stdout]                  gc.alloc.rate.norm: 56655408.000 B/op
[INFO] [stdout]                  gc.count:           4.000 counts
[INFO] [stdout]                  gc.time:            3.000 ms
[INFO] [stdout] 
[INFO] [stdout] Iteration   3: 1679.686 ms/op
[INFO] [stdout]                  gc.alloc.rate:      33.877 MB/sec
[INFO] [stdout]                  gc.alloc.rate.norm: 59672200.000 B/op
[INFO] [stdout]                  gc.count:           ≈ 0 counts
[INFO] [stdout] 
[INFO] [stdout] Iteration   4: 1678.106 ms/op
[INFO] [stdout]                  gc.alloc.rate:      34.732 MB/sec
[INFO] [stdout]                  gc.alloc.rate.norm: 61118968.000 B/op
[INFO] [stdout]                  gc.count:           1.000 counts
[INFO] [stdout]                  gc.time:            1.000 ms
[INFO] [stdout] 
[INFO] [stdout] Iteration   5: 1673.719 ms/op
[INFO] [stdout]                  gc.alloc.rate:      34.690 MB/sec
[INFO] [stdout]                  gc.alloc.rate.norm: 60885896.000 B/op
[INFO] [stdout]                  gc.count:           1.000 counts
[INFO] [stdout]                  gc.time:            1.000 ms
[INFO] [stdout] 
[INFO] [stdout] # Processing profiler results: LinuxPerfNormProfiler 
[INFO] [stdout] 
[INFO] [stdout] 
[INFO] [stdout] Result "org.weakref.nitro.tpch.BenchmarkQueries.query08":
[INFO] [stdout]   1682.758 ±(99.9%) 41.311 ms/op [Average]
[INFO] [stdout]   (min, avg, max) = (1673.719, 1682.758, 1701.316), stdev = 10.728
[INFO] [stdout]   CI (99.9%): [1641.447, 1724.070] (assumes normal distribution)
[INFO] [stdout] 
[INFO] [stdout] Secondary result "org.weakref.nitro.tpch.BenchmarkQueries.query08:CPI":
[INFO] [stdout]   0.255 clks/insn
[INFO] [stdout] 
[INFO] [stdout] Secondary result "org.weakref.nitro.tpch.BenchmarkQueries.query08:IPC":
[INFO] [stdout]   3.914 insns/clk
[INFO] [stdout] 
[INFO] [stdout] Secondary result "org.weakref.nitro.tpch.BenchmarkQueries.query08:L1-dcache-load-misses":
[INFO] [stdout]   150466587.089 #/op
[INFO] [stdout] 
[INFO] [stdout] Secondary result "org.weakref.nitro.tpch.BenchmarkQueries.query08:L1-dcache-loads":
[INFO] [stdout]   15211365404.343 #/op
[INFO] [stdout] 
[INFO] [stdout] Secondary result "org.weakref.nitro.tpch.BenchmarkQueries.query08:L1-icache-load-misses":
[INFO] [stdout]   4916874.128 #/op
[INFO] [stdout] 
[INFO] [stdout] Secondary result "org.weakref.nitro.tpch.BenchmarkQueries.query08:L1-icache-loads":
[INFO] [stdout]   63078944.208 #/op
[INFO] [stdout] 
[INFO] [stdout] Secondary result "org.weakref.nitro.tpch.BenchmarkQueries.query08:branch-misses":
[INFO] [stdout]   17879969.900 #/op
[INFO] [stdout] 
[INFO] [stdout] Secondary result "org.weakref.nitro.tpch.BenchmarkQueries.query08:branches":
[INFO] [stdout]   7860141638.324 #/op
[INFO] [stdout] 
[INFO] [stdout] Secondary result "org.weakref.nitro.tpch.BenchmarkQueries.query08:cycles":
[INFO] [stdout]   9340876503.124 #/op
[INFO] [stdout] 
[INFO] [stdout] Secondary result "org.weakref.nitro.tpch.BenchmarkQueries.query08:dTLB-load-misses":
[INFO] [stdout]   437206.194 #/op
[INFO] [stdout] 
[INFO] [stdout] Secondary result "org.weakref.nitro.tpch.BenchmarkQueries.query08:dTLB-loads":
[INFO] [stdout]   5603904.468 #/op
[INFO] [stdout] 
[INFO] [stdout] Secondary result "org.weakref.nitro.tpch.BenchmarkQueries.query08:gc.alloc.rate":
[INFO] [stdout]   33.453 ±(99.9%) 5.351 MB/sec [Average]
[INFO] [stdout]   (min, avg, max) = (31.823, 33.453, 34.732), stdev = 1.390
[INFO] [stdout]   CI (99.9%): [28.102, 38.803] (assumes normal distribution)
[INFO] [stdout] 
[INFO] [stdout] Secondary result "org.weakref.nitro.tpch.BenchmarkQueries.query08:gc.alloc.rate.norm":
[INFO] [stdout]   59021620.800 ±(99.9%) 8379258.948 B/op [Average]
[INFO] [stdout]   (min, avg, max) = (56655408.000, 59021620.800, 61118968.000), stdev = 2176066.939
[INFO] [stdout]   CI (99.9%): [50642361.852, 67400879.748] (assumes normal distribution)
[INFO] [stdout] 
[INFO] [stdout] Secondary result "org.weakref.nitro.tpch.BenchmarkQueries.query08:gc.count":
[INFO] [stdout]   7.000 ±(99.9%) 0.001 counts [Sum]
[INFO] [stdout]   (min, avg, max) = (≈ 0, 1.400, 4.000), stdev = 1.517
[INFO] [stdout]   CI (99.9%): [7.000, 7.000] (assumes normal distribution)
[INFO] [stdout] 
[INFO] [stdout] Secondary result "org.weakref.nitro.tpch.BenchmarkQueries.query08:gc.time":
[INFO] [stdout]   6.000 ±(99.9%) 0.001 ms [Sum]
[INFO] [stdout]   (min, avg, max) = (≈ 0, 1.200, 3.000), stdev = 1.095
[INFO] [stdout]   CI (99.9%): [6.000, 6.000] (assumes normal distribution)
[INFO] [stdout] 
[INFO] [stdout] Secondary result "org.weakref.nitro.tpch.BenchmarkQueries.query08:iTLB-load-misses":
[INFO] [stdout]   33546.086 #/op
[INFO] [stdout] 
[INFO] [stdout] Secondary result "org.weakref.nitro.tpch.BenchmarkQueries.query08:iTLB-loads":
[INFO] [stdout]   2484652.406 #/op
[INFO] [stdout] 
[INFO] [stdout] Secondary result "org.weakref.nitro.tpch.BenchmarkQueries.query08:instructions":
[INFO] [stdout]   36562295130.010 #/op
[INFO] [stdout] 
[INFO] [stdout] Secondary result "org.weakref.nitro.tpch.BenchmarkQueries.query08:stalled-cycles-frontend":
[INFO] [stdout]   2357411596.815 #/op
[INFO] [stdout] 
[INFO] [stdout] 
[INFO] [stdout] # JMH version: 1.37
[INFO] [stdout] # VM version: JDK 26.0.1, OpenJDK 64-Bit Server VM, 26.0.1+8
[INFO] [stdout] # VM invoker: /opt/java/openjdk/bin/java
[INFO] [stdout] # VM options: --enable-preview --add-modules=jdk.incubator.vector -Dnitro.clickbench.hits.path= -Xmx12g -XX:+UseTransparentHugePages -Dnitro.tpch.parquet.path=/root/data/tpch-parquet-sf10 -Dnitro.tpch.parquet.schema=sf10
[INFO] [stdout] # Blackhole mode: compiler (auto-detected, use -Djmh.blackhole.autoDetect=false to disable)
[INFO] [stdout] # Warmup: 3 iterations, 1 s each
[INFO] [stdout] # Measurement: 5 iterations, 1 s each
[INFO] [stdout] # Timeout: 30 min per iteration
[INFO] [stdout] # Threads: 1 thread, will synchronize iterations
[INFO] [stdout] # Benchmark mode: Average time, time/op
[INFO] [stdout] # Benchmark: org.weakref.nitro.tpch.BenchmarkQueries.query09
[INFO] [stdout] 
[INFO] [stdout] # Run progress: 36.36% complete, ETA 00:03:20
[INFO] [stdout] # Fork: 1 of 1
[INFO] [stdout] # Preparing profilers: LinuxPerfNormProfiler 
[INFO] [stdout] # Profilers consume stderr from target VM, use -v EXTRA to copy to console
[INFO] [stdout] # Warmup Iteration   1: 4020.559 ms/op
[INFO] [stdout] # Warmup Iteration   2: 2854.523 ms/op
[INFO] [stdout] # Warmup Iteration   3: 2830.489 ms/op
[INFO] [stdout] Iteration   1: 2819.056 ms/op
[INFO] [stdout]                  gc.alloc.rate:      45.290 MB/sec
[INFO] [stdout]                  gc.alloc.rate.norm: 133883576.000 B/op
[INFO] [stdout]                  gc.count:           1.000 counts
[INFO] [stdout]                  gc.time:            2.000 ms
[INFO] [stdout] 
[INFO] [stdout] Iteration   2: 2769.991 ms/op
[INFO] [stdout]                  gc.alloc.rate:      46.071 MB/sec
[INFO] [stdout]                  gc.alloc.rate.norm: 133821864.000 B/op
[INFO] [stdout]                  gc.count:           ≈ 0 counts
[INFO] [stdout] 
[INFO] [stdout] Iteration   3: 2769.825 ms/op
[INFO] [stdout]                  gc.alloc.rate:      46.042 MB/sec
[INFO] [stdout]                  gc.alloc.rate.norm: 133729176.000 B/op
[INFO] [stdout]                  gc.count:           1.000 counts
[INFO] [stdout]                  gc.time:            2.000 ms
[INFO] [stdout] 
[INFO] [stdout] Iteration   4: 2791.387 ms/op
[INFO] [stdout]                  gc.alloc.rate:      45.681 MB/sec
[INFO] [stdout]                  gc.alloc.rate.norm: 133715280.000 B/op
[INFO] [stdout]                  gc.count:           3.000 counts
[INFO] [stdout]                  gc.time:            2.000 ms
[INFO] [stdout] 
[INFO] [stdout] Iteration   5: 2768.392 ms/op
[INFO] [stdout]                  gc.alloc.rate:      46.052 MB/sec
[INFO] [stdout]                  gc.alloc.rate.norm: 133690256.000 B/op
[INFO] [stdout]                  gc.count:           ≈ 0 counts
[INFO] [stdout] 
[INFO] [stdout] # Processing profiler results: LinuxPerfNormProfiler 
[INFO] [stdout] 
[INFO] [stdout] 
[INFO] [stdout] Result "org.weakref.nitro.tpch.BenchmarkQueries.query09":
[INFO] [stdout]   2783.730 ±(99.9%) 84.450 ms/op [Average]
[INFO] [stdout]   (min, avg, max) = (2768.392, 2783.730, 2819.056), stdev = 21.931
[INFO] [stdout]   CI (99.9%): [2699.281, 2868.180] (assumes normal distribution)
[INFO] [stdout] 
[INFO] [stdout] Secondary result "org.weakref.nitro.tpch.BenchmarkQueries.query09:CPI":
[INFO] [stdout]   0.293 clks/insn
[INFO] [stdout] 
[INFO] [stdout] Secondary result "org.weakref.nitro.tpch.BenchmarkQueries.query09:IPC":
[INFO] [stdout]   3.411 insns/clk
[INFO] [stdout] 
[INFO] [stdout] Secondary result "org.weakref.nitro.tpch.BenchmarkQueries.query09:L1-dcache-load-misses":
[INFO] [stdout]   402528636.022 #/op
[INFO] [stdout] 
[INFO] [stdout] Secondary result "org.weakref.nitro.tpch.BenchmarkQueries.query09:L1-dcache-loads":
[INFO] [stdout]   21377265285.254 #/op
[INFO] [stdout] 
[INFO] [stdout] Secondary result "org.weakref.nitro.tpch.BenchmarkQueries.query09:L1-icache-load-misses":
[INFO] [stdout]   5984468.779 #/op
[INFO] [stdout] 
[INFO] [stdout] Secondary result "org.weakref.nitro.tpch.BenchmarkQueries.query09:L1-icache-loads":
[INFO] [stdout]   76664757.182 #/op
[INFO] [stdout] 
[INFO] [stdout] Secondary result "org.weakref.nitro.tpch.BenchmarkQueries.query09:branch-misses":
[INFO] [stdout]   33425247.011 #/op
[INFO] [stdout] 
[INFO] [stdout] Secondary result "org.weakref.nitro.tpch.BenchmarkQueries.query09:branches":
[INFO] [stdout]   10423156776.866 #/op
[INFO] [stdout] 
[INFO] [stdout] Secondary result "org.weakref.nitro.tpch.BenchmarkQueries.query09:cycles":
[INFO] [stdout]   15057567997.612 #/op
[INFO] [stdout] 
[INFO] [stdout] Secondary result "org.weakref.nitro.tpch.BenchmarkQueries.query09:dTLB-load-misses":
[INFO] [stdout]   453302.842 #/op
[INFO] [stdout] 
[INFO] [stdout] Secondary result "org.weakref.nitro.tpch.BenchmarkQueries.query09:dTLB-loads":
[INFO] [stdout]   6185016.236 #/op
[INFO] [stdout] 
[INFO] [stdout] Secondary result "org.weakref.nitro.tpch.BenchmarkQueries.query09:gc.alloc.rate":
[INFO] [stdout]   45.827 ±(99.9%) 1.314 MB/sec [Average]
[INFO] [stdout]   (min, avg, max) = (45.290, 45.827, 46.071), stdev = 0.341
[INFO] [stdout]   CI (99.9%): [44.513, 47.141] (assumes normal distribution)
[INFO] [stdout] 
[INFO] [stdout] Secondary result "org.weakref.nitro.tpch.BenchmarkQueries.query09:gc.alloc.rate.norm":
[INFO] [stdout]   133768030.400 ±(99.9%) 313951.294 B/op [Average]
[INFO] [stdout]   (min, avg, max) = (133690256.000, 133768030.400, 133883576.000), stdev = 81532.154
[INFO] [stdout]   CI (99.9%): [133454079.106, 134081981.694] (assumes normal distribution)
[INFO] [stdout] 
[INFO] [stdout] Secondary result "org.weakref.nitro.tpch.BenchmarkQueries.query09:gc.count":
[INFO] [stdout]   5.000 ±(99.9%) 0.001 counts [Sum]
[INFO] [stdout]   (min, avg, max) = (≈ 0, 1.000, 3.000), stdev = 1.225
[INFO] [stdout]   CI (99.9%): [5.000, 5.000] (assumes normal distribution)
[INFO] [stdout] 
[INFO] [stdout] Secondary result "org.weakref.nitro.tpch.BenchmarkQueries.query09:gc.time":
[INFO] [stdout]   6.000 ±(99.9%) 0.001 ms [Sum]
[INFO] [stdout]   (min, avg, max) = (≈ 0, 1.200, 2.000), stdev = 1.095
[INFO] [stdout]   CI (99.9%): [6.000, 6.000] (assumes normal distribution)
[INFO] [stdout] 
[INFO] [stdout] Secondary result "org.weakref.nitro.tpch.BenchmarkQueries.query09:iTLB-load-misses":
[INFO] [stdout]   31618.924 #/op
[INFO] [stdout] 
[INFO] [stdout] Secondary result "org.weakref.nitro.tpch.BenchmarkQueries.query09:iTLB-loads":
[INFO] [stdout]   2912544.898 #/op
[INFO] [stdout] 
[INFO] [stdout] Secondary result "org.weakref.nitro.tpch.BenchmarkQueries.query09:instructions":
[INFO] [stdout]   51368378285.041 #/op
[INFO] [stdout] 
[INFO] [stdout] Secondary result "org.weakref.nitro.tpch.BenchmarkQueries.query09:stalled-cycles-frontend":
[INFO] [stdout]   2639669632.067 #/op
[INFO] [stdout] 
[INFO] [stdout] 
[INFO] [stdout] # JMH version: 1.37
[INFO] [stdout] # VM version: JDK 26.0.1, OpenJDK 64-Bit Server VM, 26.0.1+8
[INFO] [stdout] # VM invoker: /opt/java/openjdk/bin/java
[INFO] [stdout] # VM options: --enable-preview --add-modules=jdk.incubator.vector -Dnitro.clickbench.hits.path= -Xmx12g -XX:+UseTransparentHugePages -Dnitro.tpch.parquet.path=/root/data/tpch-parquet-sf10 -Dnitro.tpch.parquet.schema=sf10
[INFO] [stdout] # Blackhole mode: compiler (auto-detected, use -Djmh.blackhole.autoDetect=false to disable)
[INFO] [stdout] # Warmup: 3 iterations, 1 s each
[INFO] [stdout] # Measurement: 5 iterations, 1 s each
[INFO] [stdout] # Timeout: 30 min per iteration
[INFO] [stdout] # Threads: 1 thread, will synchronize iterations
[INFO] [stdout] # Benchmark mode: Average time, time/op
[INFO] [stdout] # Benchmark: org.weakref.nitro.tpch.BenchmarkQueries.query10
[INFO] [stdout] 
[INFO] [stdout] # Run progress: 40.91% complete, ETA 00:03:19
[INFO] [stdout] # Fork: 1 of 1
[INFO] [stdout] # Preparing profilers: LinuxPerfNormProfiler 
[INFO] [stdout] # Profilers consume stderr from target VM, use -v EXTRA to copy to console
[INFO] [stdout] # Warmup Iteration   1: 3216.709 ms/op
[INFO] [stdout] # Warmup Iteration   2: 2052.334 ms/op
[INFO] [stdout] # Warmup Iteration   3: 2032.002 ms/op
[INFO] [stdout] Iteration   1: 2026.259 ms/op
[INFO] [stdout]                  gc.alloc.rate:      136.964 MB/sec
[INFO] [stdout]                  gc.alloc.rate.norm: 291025384.000 B/op
[INFO] [stdout]                  gc.count:           ≈ 0 counts
[INFO] [stdout] 
[INFO] [stdout] Iteration   2: 2030.131 ms/op
[INFO] [stdout]                  gc.alloc.rate:      136.572 MB/sec
[INFO] [stdout]                  gc.alloc.rate.norm: 290743952.000 B/op
[INFO] [stdout]                  gc.count:           1.000 counts
[INFO] [stdout]                  gc.time:            11.000 ms
[INFO] [stdout] 
[INFO] [stdout] Iteration   3: 2013.986 ms/op
[INFO] [stdout]                  gc.alloc.rate:      137.658 MB/sec
[INFO] [stdout]                  gc.alloc.rate.norm: 290725848.000 B/op
[INFO] [stdout]                  gc.count:           ≈ 0 counts
[INFO] [stdout] 
[INFO] [stdout] Iteration   4: 2007.864 ms/op
[INFO] [stdout]                  gc.alloc.rate:      138.076 MB/sec
[INFO] [stdout]                  gc.alloc.rate.norm: 290726120.000 B/op
[INFO] [stdout]                  gc.count:           ≈ 0 counts
[INFO] [stdout] 
[INFO] [stdout] Iteration   5: 2012.535 ms/op
[INFO] [stdout]                  gc.alloc.rate:      137.756 MB/sec
[INFO] [stdout]                  gc.alloc.rate.norm: 290725720.000 B/op
[INFO] [stdout]                  gc.count:           ≈ 0 counts
[INFO] [stdout] 
[INFO] [stdout] # Processing profiler results: LinuxPerfNormProfiler 
[INFO] [stdout] 
[INFO] [stdout] 
[INFO] [stdout] Result "org.weakref.nitro.tpch.BenchmarkQueries.query10":
[INFO] [stdout]   2018.155 ±(99.9%) 36.732 ms/op [Average]
[INFO] [stdout]   (min, avg, max) = (2007.864, 2018.155, 2030.131), stdev = 9.539
[INFO] [stdout]   CI (99.9%): [1981.423, 2054.887] (assumes normal distribution)
[INFO] [stdout] 
[INFO] [stdout] Secondary result "org.weakref.nitro.tpch.BenchmarkQueries.query10:CPI":
[INFO] [stdout]   0.294 clks/insn
[INFO] [stdout] 
[INFO] [stdout] Secondary result "org.weakref.nitro.tpch.BenchmarkQueries.query10:IPC":
[INFO] [stdout]   3.399 insns/clk
[INFO] [stdout] 
[INFO] [stdout] Secondary result "org.weakref.nitro.tpch.BenchmarkQueries.query10:L1-dcache-load-misses":
[INFO] [stdout]   382205663.115 #/op
[INFO] [stdout] 
[INFO] [stdout] Secondary result "org.weakref.nitro.tpch.BenchmarkQueries.query10:L1-dcache-loads":
[INFO] [stdout]   17416127933.004 #/op
[INFO] [stdout] 
[INFO] [stdout] Secondary result "org.weakref.nitro.tpch.BenchmarkQueries.query10:L1-icache-load-misses":
[INFO] [stdout]   8522528.383 #/op
[INFO] [stdout] 
[INFO] [stdout] Secondary result "org.weakref.nitro.tpch.BenchmarkQueries.query10:L1-icache-loads":
[INFO] [stdout]   114096044.548 #/op
[INFO] [stdout] 
[INFO] [stdout] Secondary result "org.weakref.nitro.tpch.BenchmarkQueries.query10:branch-misses":
[INFO] [stdout]   53586246.264 #/op
[INFO] [stdout] 
[INFO] [stdout] Secondary result "org.weakref.nitro.tpch.BenchmarkQueries.query10:branches":
[INFO] [stdout]   8126262959.057 #/op
[INFO] [stdout] 
[INFO] [stdout] Secondary result "org.weakref.nitro.tpch.BenchmarkQueries.query10:cycles":
[INFO] [stdout]   11458963101.436 #/op
[INFO] [stdout] 
[INFO] [stdout] Secondary result "org.weakref.nitro.tpch.BenchmarkQueries.query10:dTLB-load-misses":
[INFO] [stdout]   457640.718 #/op
[INFO] [stdout] 
[INFO] [stdout] Secondary result "org.weakref.nitro.tpch.BenchmarkQueries.query10:dTLB-loads":
[INFO] [stdout]   11909703.320 #/op
[INFO] [stdout] 
[INFO] [stdout] Secondary result "org.weakref.nitro.tpch.BenchmarkQueries.query10:gc.alloc.rate":
[INFO] [stdout]   137.405 ±(99.9%) 2.378 MB/sec [Average]
[INFO] [stdout]   (min, avg, max) = (136.572, 137.405, 138.076), stdev = 0.618
[INFO] [stdout]   CI (99.9%): [135.027, 139.783] (assumes normal distribution)
[INFO] [stdout] 
[INFO] [stdout] Secondary result "org.weakref.nitro.tpch.BenchmarkQueries.query10:gc.alloc.rate.norm":
[INFO] [stdout]   290789404.800 ±(99.9%) 508854.714 B/op [Average]
[INFO] [stdout]   (min, avg, max) = (290725720.000, 290789404.800, 291025384.000), stdev = 132147.953
[INFO] [stdout]   CI (99.9%): [290280550.086, 291298259.514] (assumes normal distribution)
[INFO] [stdout] 
[INFO] [stdout] Secondary result "org.weakref.nitro.tpch.BenchmarkQueries.query10:gc.count":
[INFO] [stdout]   1.000 ±(99.9%) 0.001 counts [Sum]
[INFO] [stdout]   (min, avg, max) = (≈ 0, 0.200, 1.000), stdev = 0.447
[INFO] [stdout]   CI (99.9%): [1.000, 1.000] (assumes normal distribution)
[INFO] [stdout] 
[INFO] [stdout] Secondary result "org.weakref.nitro.tpch.BenchmarkQueries.query10:gc.time":
[INFO] [stdout]   11.000 ±(99.9%) 0.001 ms [Sum]
[INFO] [stdout]   (min, avg, max) = (≈ 0, 2.200, 11.000), stdev = 4.919
[INFO] [stdout]   CI (99.9%): [11.000, 11.000] (assumes normal distribution)
[INFO] [stdout] 
[INFO] [stdout] Secondary result "org.weakref.nitro.tpch.BenchmarkQueries.query10:iTLB-load-misses":
[INFO] [stdout]   27919.240 #/op
[INFO] [stdout] 
[INFO] [stdout] Secondary result "org.weakref.nitro.tpch.BenchmarkQueries.query10:iTLB-loads":
[INFO] [stdout]   2883078.361 #/op
[INFO] [stdout] 
[INFO] [stdout] Secondary result "org.weakref.nitro.tpch.BenchmarkQueries.query10:instructions":
[INFO] [stdout]   38951777751.145 #/op
[INFO] [stdout] 
[INFO] [stdout] Secondary result "org.weakref.nitro.tpch.BenchmarkQueries.query10:stalled-cycles-frontend":
[INFO] [stdout]   2537083706.035 #/op
[INFO] [stdout] 
[INFO] [stdout] 
[INFO] [stdout] # JMH version: 1.37
[INFO] [stdout] # VM version: JDK 26.0.1, OpenJDK 64-Bit Server VM, 26.0.1+8
[INFO] [stdout] # VM invoker: /opt/java/openjdk/bin/java
[INFO] [stdout] # VM options: --enable-preview --add-modules=jdk.incubator.vector -Dnitro.clickbench.hits.path= -Xmx12g -XX:+UseTransparentHugePages -Dnitro.tpch.parquet.path=/root/data/tpch-parquet-sf10 -Dnitro.tpch.parquet.schema=sf10
[INFO] [stdout] # Blackhole mode: compiler (auto-detected, use -Djmh.blackhole.autoDetect=false to disable)
[INFO] [stdout] # Warmup: 3 iterations, 1 s each
[INFO] [stdout] # Measurement: 5 iterations, 1 s each
[INFO] [stdout] # Timeout: 30 min per iteration
[INFO] [stdout] # Threads: 1 thread, will synchronize iterations
[INFO] [stdout] # Benchmark mode: Average time, time/op
[INFO] [stdout] # Benchmark: org.weakref.nitro.tpch.BenchmarkQueries.query11
[INFO] [stdout] 
[INFO] [stdout] # Run progress: 45.45% complete, ETA 00:03:07
[INFO] [stdout] # Fork: 1 of 1
[INFO] [stdout] # Preparing profilers: LinuxPerfNormProfiler 
[INFO] [stdout] # Profilers consume stderr from target VM, use -v EXTRA to copy to console
[INFO] [stdout] # Warmup Iteration   1: 268.856 ms/op
[INFO] [stdout] # Warmup Iteration   2: 169.675 ms/op
[INFO] [stdout] # Warmup Iteration   3: 165.918 ms/op
[INFO] [stdout] Iteration   1: 165.935 ms/op
[INFO] [stdout]                  gc.alloc.rate:      133.225 MB/sec
[INFO] [stdout]                  gc.alloc.rate.norm: 23183683.429 B/op
[INFO] [stdout]                  gc.count:           ≈ 0 counts
[INFO] [stdout] 
[INFO] [stdout] Iteration   2: 165.634 ms/op
[INFO] [stdout]                  gc.alloc.rate:      133.266 MB/sec
[INFO] [stdout]                  gc.alloc.rate.norm: 23148496.000 B/op
[INFO] [stdout]                  gc.count:           1.000 counts
[INFO] [stdout]                  gc.time:            1.000 ms
[INFO] [stdout] 
[INFO] [stdout] Iteration   3: 164.594 ms/op
[INFO] [stdout]                  gc.alloc.rate:      134.022 MB/sec
[INFO] [stdout]                  gc.alloc.rate.norm: 23133549.714 B/op
[INFO] [stdout]                  gc.count:           1.000 counts
[INFO] [stdout]                  gc.time:            1.000 ms
[INFO] [stdout] 
[INFO] [stdout] Iteration   4: 163.821 ms/op
[INFO] [stdout]                  gc.alloc.rate:      134.614 MB/sec
[INFO] [stdout]                  gc.alloc.rate.norm: 23126480.000 B/op
[INFO] [stdout]                  gc.count:           ≈ 0 counts
[INFO] [stdout] 
[INFO] [stdout] Iteration   5: 164.434 ms/op
[INFO] [stdout]                  gc.alloc.rate:      134.143 MB/sec
[INFO] [stdout]                  gc.alloc.rate.norm: 23131845.714 B/op
[INFO] [stdout]                  gc.count:           1.000 counts
[INFO] [stdout]                  gc.time:            1.000 ms
[INFO] [stdout] 
[INFO] [stdout] # Processing profiler results: LinuxPerfNormProfiler 
[INFO] [stdout] 
[INFO] [stdout] 
[INFO] [stdout] Result "org.weakref.nitro.tpch.BenchmarkQueries.query11":
[INFO] [stdout]   164.883 ±(99.9%) 3.381 ms/op [Average]
[INFO] [stdout]   (min, avg, max) = (163.821, 164.883, 165.935), stdev = 0.878
[INFO] [stdout]   CI (99.9%): [161.503, 168.264] (assumes normal distribution)
[INFO] [stdout] 
[INFO] [stdout] Secondary result "org.weakref.nitro.tpch.BenchmarkQueries.query11:CPI":
[INFO] [stdout]   0.258 clks/insn
[INFO] [stdout] 
[INFO] [stdout] Secondary result "org.weakref.nitro.tpch.BenchmarkQueries.query11:IPC":
[INFO] [stdout]   3.869 insns/clk
[INFO] [stdout] 
[INFO] [stdout] Secondary result "org.weakref.nitro.tpch.BenchmarkQueries.query11:L1-dcache-load-misses":
[INFO] [stdout]   21536422.402 #/op
[INFO] [stdout] 
[INFO] [stdout] Secondary result "org.weakref.nitro.tpch.BenchmarkQueries.query11:L1-dcache-loads":
[INFO] [stdout]   1542047200.842 #/op
[INFO] [stdout] 
[INFO] [stdout] Secondary result "org.weakref.nitro.tpch.BenchmarkQueries.query11:L1-icache-load-misses":
[INFO] [stdout]   681842.879 #/op
[INFO] [stdout] 
[INFO] [stdout] Secondary result "org.weakref.nitro.tpch.BenchmarkQueries.query11:L1-icache-loads":
[INFO] [stdout]   8448103.903 #/op
[INFO] [stdout] 
[INFO] [stdout] Secondary result "org.weakref.nitro.tpch.BenchmarkQueries.query11:branch-misses":
[INFO] [stdout]   2510008.341 #/op
[INFO] [stdout] 
[INFO] [stdout] Secondary result "org.weakref.nitro.tpch.BenchmarkQueries.query11:branches":
[INFO] [stdout]   740919750.682 #/op
[INFO] [stdout] 
[INFO] [stdout] Secondary result "org.weakref.nitro.tpch.BenchmarkQueries.query11:cycles":
[INFO] [stdout]   917857954.905 #/op
[INFO] [stdout] 
[INFO] [stdout] Secondary result "org.weakref.nitro.tpch.BenchmarkQueries.query11:dTLB-load-misses":
[INFO] [stdout]   68471.676 #/op
[INFO] [stdout] 
[INFO] [stdout] Secondary result "org.weakref.nitro.tpch.BenchmarkQueries.query11:dTLB-loads":
[INFO] [stdout]   630142.848 #/op
[INFO] [stdout] 
[INFO] [stdout] Secondary result "org.weakref.nitro.tpch.BenchmarkQueries.query11:gc.alloc.rate":
[INFO] [stdout]   133.854 ±(99.9%) 2.303 MB/sec [Average]
[INFO] [stdout]   (min, avg, max) = (133.225, 133.854, 134.614), stdev = 0.598
[INFO] [stdout]   CI (99.9%): [131.551, 136.157] (assumes normal distribution)
[INFO] [stdout] 
[INFO] [stdout] Secondary result "org.weakref.nitro.tpch.BenchmarkQueries.query11:gc.alloc.rate.norm":
[INFO] [stdout]   23144810.971 ±(99.9%) 89389.398 B/op [Average]
[INFO] [stdout]   (min, avg, max) = (23126480.000, 23144810.971, 23183683.429), stdev = 23214.143
[INFO] [stdout]   CI (99.9%): [23055421.574, 23234200.369] (assumes normal distribution)
[INFO] [stdout] 
[INFO] [stdout] Secondary result "org.weakref.nitro.tpch.BenchmarkQueries.query11:gc.count":
[INFO] [stdout]   3.000 ±(99.9%) 0.001 counts [Sum]
[INFO] [stdout]   (min, avg, max) = (≈ 0, 0.600, 1.000), stdev = 0.548
[INFO] [stdout]   CI (99.9%): [3.000, 3.000] (assumes normal distribution)
[INFO] [stdout] 
[INFO] [stdout] Secondary result "org.weakref.nitro.tpch.BenchmarkQueries.query11:gc.time":
[INFO] [stdout]   3.000 ±(99.9%) 0.001 ms [Sum]
[INFO] [stdout]   (min, avg, max) = (≈ 0, 0.600, 1.000), stdev = 0.548
[INFO] [stdout]   CI (99.9%): [3.000, 3.000] (assumes normal distribution)
[INFO] [stdout] 
[INFO] [stdout] Secondary result "org.weakref.nitro.tpch.BenchmarkQueries.query11:iTLB-load-misses":
[INFO] [stdout]   6590.942 #/op
[INFO] [stdout] 
[INFO] [stdout] Secondary result "org.weakref.nitro.tpch.BenchmarkQueries.query11:iTLB-loads":
[INFO] [stdout]   307988.372 #/op
[INFO] [stdout] 
[INFO] [stdout] Secondary result "org.weakref.nitro.tpch.BenchmarkQueries.query11:instructions":
[INFO] [stdout]   3550977811.063 #/op
[INFO] [stdout] 
[INFO] [stdout] Secondary result "org.weakref.nitro.tpch.BenchmarkQueries.query11:stalled-cycles-frontend":
[INFO] [stdout]   209751292.028 #/op
[INFO] [stdout] 
[INFO] [stdout] 
[INFO] [stdout] # JMH version: 1.37
[INFO] [stdout] # VM version: JDK 26.0.1, OpenJDK 64-Bit Server VM, 26.0.1+8
[INFO] [stdout] # VM invoker: /opt/java/openjdk/bin/java
[INFO] [stdout] # VM options: --enable-preview --add-modules=jdk.incubator.vector -Dnitro.clickbench.hits.path= -Xmx12g -XX:+UseTransparentHugePages -Dnitro.tpch.parquet.path=/root/data/tpch-parquet-sf10 -Dnitro.tpch.parquet.schema=sf10
[INFO] [stdout] # Blackhole mode: compiler (auto-detected, use -Djmh.blackhole.autoDetect=false to disable)
[INFO] [stdout] # Warmup: 3 iterations, 1 s each
[INFO] [stdout] # Measurement: 5 iterations, 1 s each
[INFO] [stdout] # Timeout: 30 min per iteration
[INFO] [stdout] # Threads: 1 thread, will synchronize iterations
[INFO] [stdout] # Benchmark mode: Average time, time/op
[INFO] [stdout] # Benchmark: org.weakref.nitro.tpch.BenchmarkQueries.query12
[INFO] [stdout] 
[INFO] [stdout] # Run progress: 50.00% complete, ETA 00:02:45
[INFO] [stdout] # Fork: 1 of 1
[INFO] [stdout] # Preparing profilers: LinuxPerfNormProfiler 
[INFO] [stdout] # Profilers consume stderr from target VM, use -v EXTRA to copy to console
[INFO] [stdout] # Warmup Iteration   1: 1685.766 ms/op
[INFO] [stdout] # Warmup Iteration   2: 821.256 ms/op
[INFO] [stdout] # Warmup Iteration   3: 764.764 ms/op
[INFO] [stdout] Iteration   1: 761.927 ms/op
[INFO] [stdout]                  gc.alloc.rate:      146.739 MB/sec
[INFO] [stdout]                  gc.alloc.rate.norm: 117245164.000 B/op
[INFO] [stdout]                  gc.count:           2.000 counts
[INFO] [stdout]                  gc.time:            1.000 ms
[INFO] [stdout] 
[INFO] [stdout] Iteration   2: 763.264 ms/op
[INFO] [stdout]                  gc.alloc.rate:      146.474 MB/sec
[INFO] [stdout]                  gc.alloc.rate.norm: 117238604.000 B/op
[INFO] [stdout]                  gc.count:           1.000 counts
[INFO] [stdout]                  gc.time:            ≈ 0 ms
[INFO] [stdout] 
[INFO] [stdout] Iteration   3: 765.201 ms/op
[INFO] [stdout]                  gc.alloc.rate:      146.106 MB/sec
[INFO] [stdout]                  gc.alloc.rate.norm: 117241412.000 B/op
[INFO] [stdout]                  gc.count:           1.000 counts
[INFO] [stdout]                  gc.time:            1.000 ms
[INFO] [stdout] 
[INFO] [stdout] Iteration   4: 758.839 ms/op
[INFO] [stdout]                  gc.alloc.rate:      147.319 MB/sec
[INFO] [stdout]                  gc.alloc.rate.norm: 117232344.000 B/op
[INFO] [stdout]                  gc.count:           1.000 counts
[INFO] [stdout]                  gc.time:            1.000 ms
[INFO] [stdout] 
[INFO] [stdout] Iteration   5: 759.061 ms/op
[INFO] [stdout]                  gc.alloc.rate:      147.274 MB/sec
[INFO] [stdout]                  gc.alloc.rate.norm: 117228532.000 B/op
[INFO] [stdout]                  gc.count:           2.000 counts
[INFO] [stdout]                  gc.time:            1.000 ms
[INFO] [stdout] 
[INFO] [stdout] # Processing profiler results: LinuxPerfNormProfiler 
[INFO] [stdout] 
[INFO] [stdout] 
[INFO] [stdout] Result "org.weakref.nitro.tpch.BenchmarkQueries.query12":
[INFO] [stdout]   761.659 ±(99.9%) 10.528 ms/op [Average]
[INFO] [stdout]   (min, avg, max) = (758.839, 761.659, 765.201), stdev = 2.734
[INFO] [stdout]   CI (99.9%): [751.131, 772.186] (assumes normal distribution)
[INFO] [stdout] 
[INFO] [stdout] Secondary result "org.weakref.nitro.tpch.BenchmarkQueries.query12:CPI":
[INFO] [stdout]   0.315 clks/insn
[INFO] [stdout] 
[INFO] [stdout] Secondary result "org.weakref.nitro.tpch.BenchmarkQueries.query12:IPC":
[INFO] [stdout]   3.170 insns/clk
[INFO] [stdout] 
[INFO] [stdout] Secondary result "org.weakref.nitro.tpch.BenchmarkQueries.query12:L1-dcache-load-misses":
[INFO] [stdout]   213063321.587 #/op
[INFO] [stdout] 
[INFO] [stdout] Secondary result "org.weakref.nitro.tpch.BenchmarkQueries.query12:L1-dcache-loads":
[INFO] [stdout]   6338443190.215 #/op
[INFO] [stdout] 
[INFO] [stdout] Secondary result "org.weakref.nitro.tpch.BenchmarkQueries.query12:L1-icache-load-misses":
[INFO] [stdout]   7638826.386 #/op
[INFO] [stdout] 
[INFO] [stdout] Secondary result "org.weakref.nitro.tpch.BenchmarkQueries.query12:L1-icache-loads":
[INFO] [stdout]   109893048.518 #/op
[INFO] [stdout] 
[INFO] [stdout] Secondary result "org.weakref.nitro.tpch.BenchmarkQueries.query12:branch-misses":
[INFO] [stdout]   25430016.658 #/op
[INFO] [stdout] 
[INFO] [stdout] Secondary result "org.weakref.nitro.tpch.BenchmarkQueries.query12:branches":
[INFO] [stdout]   2631520457.522 #/op
[INFO] [stdout] 
[INFO] [stdout] Secondary result "org.weakref.nitro.tpch.BenchmarkQueries.query12:cycles":
[INFO] [stdout]   4093343933.818 #/op
[INFO] [stdout] 
[INFO] [stdout] Secondary result "org.weakref.nitro.tpch.BenchmarkQueries.query12:dTLB-load-misses":
[INFO] [stdout]   167764.377 #/op
[INFO] [stdout] 
[INFO] [stdout] Secondary result "org.weakref.nitro.tpch.BenchmarkQueries.query12:dTLB-loads":
[INFO] [stdout]   3415553.080 #/op
[INFO] [stdout] 
[INFO] [stdout] Secondary result "org.weakref.nitro.tpch.BenchmarkQueries.query12:gc.alloc.rate":
[INFO] [stdout]   146.783 ±(99.9%) 2.004 MB/sec [Average]
[INFO] [stdout]   (min, avg, max) = (146.106, 146.783, 147.319), stdev = 0.521
[INFO] [stdout]   CI (99.9%): [144.778, 148.787] (assumes normal distribution)
[INFO] [stdout] 
[INFO] [stdout] Secondary result "org.weakref.nitro.tpch.BenchmarkQueries.query12:gc.alloc.rate.norm":
[INFO] [stdout]   117237211.200 ±(99.9%) 25963.435 B/op [Average]
[INFO] [stdout]   (min, avg, max) = (117228532.000, 117237211.200, 117245164.000), stdev = 6742.622
[INFO] [stdout]   CI (99.9%): [117211247.765, 117263174.635] (assumes normal distribution)
[INFO] [stdout] 
[INFO] [stdout] Secondary result "org.weakref.nitro.tpch.BenchmarkQueries.query12:gc.count":
[INFO] [stdout]   7.000 ±(99.9%) 0.001 counts [Sum]
[INFO] [stdout]   (min, avg, max) = (1.000, 1.400, 2.000), stdev = 0.548
[INFO] [stdout]   CI (99.9%): [7.000, 7.000] (assumes normal distribution)
[INFO] [stdout] 
[INFO] [stdout] Secondary result "org.weakref.nitro.tpch.BenchmarkQueries.query12:gc.time":
[INFO] [stdout]   4.000 ±(99.9%) 0.001 ms [Sum]
[INFO] [stdout]   (min, avg, max) = (≈ 0, 0.800, 1.000), stdev = 0.447
[INFO] [stdout]   CI (99.9%): [4.000, 4.000] (assumes normal distribution)
[INFO] [stdout] 
[INFO] [stdout] Secondary result "org.weakref.nitro.tpch.BenchmarkQueries.query12:iTLB-load-misses":
[INFO] [stdout]   13221.061 #/op
[INFO] [stdout] 
[INFO] [stdout] Secondary result "org.weakref.nitro.tpch.BenchmarkQueries.query12:iTLB-loads":
[INFO] [stdout]   1402575.135 #/op
[INFO] [stdout] 
[INFO] [stdout] Secondary result "org.weakref.nitro.tpch.BenchmarkQueries.query12:instructions":
[INFO] [stdout]   12975729056.914 #/op
[INFO] [stdout] 
[INFO] [stdout] Secondary result "org.weakref.nitro.tpch.BenchmarkQueries.query12:stalled-cycles-frontend":
[INFO] [stdout]   908699211.459 #/op
[INFO] [stdout] 
[INFO] [stdout] 
[INFO] [stdout] # JMH version: 1.37
[INFO] [stdout] # VM version: JDK 26.0.1, OpenJDK 64-Bit Server VM, 26.0.1+8
[INFO] [stdout] # VM invoker: /opt/java/openjdk/bin/java
[INFO] [stdout] # VM options: --enable-preview --add-modules=jdk.incubator.vector -Dnitro.clickbench.hits.path= -Xmx12g -XX:+UseTransparentHugePages -Dnitro.tpch.parquet.path=/root/data/tpch-parquet-sf10 -Dnitro.tpch.parquet.schema=sf10
[INFO] [stdout] # Blackhole mode: compiler (auto-detected, use -Djmh.blackhole.autoDetect=false to disable)
[INFO] [stdout] # Warmup: 3 iterations, 1 s each
[INFO] [stdout] # Measurement: 5 iterations, 1 s each
[INFO] [stdout] # Timeout: 30 min per iteration
[INFO] [stdout] # Threads: 1 thread, will synchronize iterations
[INFO] [stdout] # Benchmark mode: Average time, time/op
[INFO] [stdout] # Benchmark: org.weakref.nitro.tpch.BenchmarkQueries.query13
[INFO] [stdout] 
[INFO] [stdout] # Run progress: 54.55% complete, ETA 00:02:28
[INFO] [stdout] # Fork: 1 of 1
[INFO] [stdout] # Preparing profilers: LinuxPerfNormProfiler 
[INFO] [stdout] # Profilers consume stderr from target VM, use -v EXTRA to copy to console
[INFO] [stdout] # Warmup Iteration   1: 2767.782 ms/op
[INFO] [stdout] # Warmup Iteration   2: 2473.831 ms/op
[INFO] [stdout] # Warmup Iteration   3: 2474.280 ms/op
[INFO] [stdout] Iteration   1: 2437.320 ms/op
[INFO] [stdout]                  gc.alloc.rate:      141.300 MB/sec
[INFO] [stdout]                  gc.alloc.rate.norm: 361145168.000 B/op
[INFO] [stdout]                  gc.count:           ≈ 0 counts
[INFO] [stdout] 
[INFO] [stdout] Iteration   2: 2432.361 ms/op
[INFO] [stdout]                  gc.alloc.rate:      141.545 MB/sec
[INFO] [stdout]                  gc.alloc.rate.norm: 361034032.000 B/op
[INFO] [stdout]                  gc.count:           1.000 counts
[INFO] [stdout]                  gc.time:            8.000 ms
[INFO] [stdout] 
[INFO] [stdout] Iteration   3: 2426.834 ms/op
[INFO] [stdout]                  gc.alloc.rate:      141.854 MB/sec
[INFO] [stdout]                  gc.alloc.rate.norm: 361002664.000 B/op
[INFO] [stdout]                  gc.count:           ≈ 0 counts
[INFO] [stdout] 
[INFO] [stdout] Iteration   4: 2403.872 ms/op
[INFO] [stdout]                  gc.alloc.rate:      143.207 MB/sec
[INFO] [stdout]                  gc.alloc.rate.norm: 360998208.000 B/op
[INFO] [stdout]                  gc.count:           ≈ 0 counts
[INFO] [stdout] 
[INFO] [stdout] Iteration   5: 2517.359 ms/op
[INFO] [stdout]                  gc.alloc.rate:      136.753 MB/sec
[INFO] [stdout]                  gc.alloc.rate.norm: 360998232.000 B/op
[INFO] [stdout]                  gc.count:           1.000 counts
[INFO] [stdout]                  gc.time:            7.000 ms
[INFO] [stdout] 
[INFO] [stdout] # Processing profiler results: LinuxPerfNormProfiler 
[INFO] [stdout] 
[INFO] [stdout] 
[INFO] [stdout] Result "org.weakref.nitro.tpch.BenchmarkQueries.query13":
[INFO] [stdout]   2443.549 ±(99.9%) 166.355 ms/op [Average]
[INFO] [stdout]   (min, avg, max) = (2403.872, 2443.549, 2517.359), stdev = 43.202
[INFO] [stdout]   CI (99.9%): [2277.194, 2609.904] (assumes normal distribution)
[INFO] [stdout] 
[INFO] [stdout] Secondary result "org.weakref.nitro.tpch.BenchmarkQueries.query13:CPI":
[INFO] [stdout]   0.426 clks/insn
[INFO] [stdout] 
[INFO] [stdout] Secondary result "org.weakref.nitro.tpch.BenchmarkQueries.query13:IPC":
[INFO] [stdout]   2.348 insns/clk
[INFO] [stdout] 
[INFO] [stdout] Secondary result "org.weakref.nitro.tpch.BenchmarkQueries.query13:L1-dcache-load-misses":
[INFO] [stdout]   264589983.393 #/op
[INFO] [stdout] 
[INFO] [stdout] Secondary result "org.weakref.nitro.tpch.BenchmarkQueries.query13:L1-dcache-loads":
[INFO] [stdout]   13443235676.133 #/op
[INFO] [stdout] 
[INFO] [stdout] Secondary result "org.weakref.nitro.tpch.BenchmarkQueries.query13:L1-icache-load-misses":
[INFO] [stdout]   3971703.695 #/op
[INFO] [stdout] 
[INFO] [stdout] Secondary result "org.weakref.nitro.tpch.BenchmarkQueries.query13:L1-icache-loads":
[INFO] [stdout]   52969672.840 #/op
[INFO] [stdout] 
[INFO] [stdout] Secondary result "org.weakref.nitro.tpch.BenchmarkQueries.query13:branch-misses":
[INFO] [stdout]   65702071.913 #/op
[INFO] [stdout] 
[INFO] [stdout] Secondary result "org.weakref.nitro.tpch.BenchmarkQueries.query13:branches":
[INFO] [stdout]   6495316408.141 #/op
[INFO] [stdout] 
[INFO] [stdout] Secondary result "org.weakref.nitro.tpch.BenchmarkQueries.query13:cycles":
[INFO] [stdout]   13034376313.208 #/op
[INFO] [stdout] 
[INFO] [stdout] Secondary result "org.weakref.nitro.tpch.BenchmarkQueries.query13:dTLB-load-misses":
[INFO] [stdout]   209177.044 #/op
[INFO] [stdout] 
[INFO] [stdout] Secondary result "org.weakref.nitro.tpch.BenchmarkQueries.query13:dTLB-loads":
[INFO] [stdout]   2892020.796 #/op
[INFO] [stdout] 
[INFO] [stdout] Secondary result "org.weakref.nitro.tpch.BenchmarkQueries.query13:gc.alloc.rate":
[INFO] [stdout]   140.932 ±(99.9%) 9.433 MB/sec [Average]
[INFO] [stdout]   (min, avg, max) = (136.753, 140.932, 143.207), stdev = 2.450
[INFO] [stdout]   CI (99.9%): [131.499, 150.365] (assumes normal distribution)
[INFO] [stdout] 
[INFO] [stdout] Secondary result "org.weakref.nitro.tpch.BenchmarkQueries.query13:gc.alloc.rate.norm":
[INFO] [stdout]   361035660.800 ±(99.9%) 242673.800 B/op [Average]
[INFO] [stdout]   (min, avg, max) = (360998208.000, 361035660.800, 361145168.000), stdev = 63021.615
[INFO] [stdout]   CI (99.9%): [360792987.000, 361278334.600] (assumes normal distribution)
[INFO] [stdout] 
[INFO] [stdout] Secondary result "org.weakref.nitro.tpch.BenchmarkQueries.query13:gc.count":
[INFO] [stdout]   2.000 ±(99.9%) 0.001 counts [Sum]
[INFO] [stdout]   (min, avg, max) = (≈ 0, 0.400, 1.000), stdev = 0.548
[INFO] [stdout]   CI (99.9%): [2.000, 2.000] (assumes normal distribution)
[INFO] [stdout] 
[INFO] [stdout] Secondary result "org.weakref.nitro.tpch.BenchmarkQueries.query13:gc.time":
[INFO] [stdout]   15.000 ±(99.9%) 0.001 ms [Sum]
[INFO] [stdout]   (min, avg, max) = (≈ 0, 3.000, 8.000), stdev = 4.123
[INFO] [stdout]   CI (99.9%): [15.000, 15.000] (assumes normal distribution)
[INFO] [stdout] 
[INFO] [stdout] Secondary result "org.weakref.nitro.tpch.BenchmarkQueries.query13:iTLB-load-misses":
[INFO] [stdout]   22567.171 #/op
[INFO] [stdout] 
[INFO] [stdout] Secondary result "org.weakref.nitro.tpch.BenchmarkQueries.query13:iTLB-loads":
[INFO] [stdout]   1140508.026 #/op
[INFO] [stdout] 
[INFO] [stdout] Secondary result "org.weakref.nitro.tpch.BenchmarkQueries.query13:instructions":
[INFO] [stdout]   30604357604.805 #/op
[INFO] [stdout] 
[INFO] [stdout] Secondary result "org.weakref.nitro.tpch.BenchmarkQueries.query13:stalled-cycles-frontend":
[INFO] [stdout]   2022450728.359 #/op
[INFO] [stdout] 
[INFO] [stdout] 
[INFO] [stdout] # JMH version: 1.37
[INFO] [stdout] # VM version: JDK 26.0.1, OpenJDK 64-Bit Server VM, 26.0.1+8
[INFO] [stdout] # VM invoker: /opt/java/openjdk/bin/java
[INFO] [stdout] # VM options: --enable-preview --add-modules=jdk.incubator.vector -Dnitro.clickbench.hits.path= -Xmx12g -XX:+UseTransparentHugePages -Dnitro.tpch.parquet.path=/root/data/tpch-parquet-sf10 -Dnitro.tpch.parquet.schema=sf10
[INFO] [stdout] # Blackhole mode: compiler (auto-detected, use -Djmh.blackhole.autoDetect=false to disable)
[INFO] [stdout] # Warmup: 3 iterations, 1 s each
[INFO] [stdout] # Measurement: 5 iterations, 1 s each
[INFO] [stdout] # Timeout: 30 min per iteration
[INFO] [stdout] # Threads: 1 thread, will synchronize iterations
[INFO] [stdout] # Benchmark mode: Average time, time/op
[INFO] [stdout] # Benchmark: org.weakref.nitro.tpch.BenchmarkQueries.query14
[INFO] [stdout] 
[INFO] [stdout] # Run progress: 59.09% complete, ETA 00:02:17
[INFO] [stdout] # Fork: 1 of 1
[INFO] [stdout] # Preparing profilers: LinuxPerfNormProfiler 
[INFO] [stdout] # Profilers consume stderr from target VM, use -v EXTRA to copy to console
[INFO] [stdout] # Warmup Iteration   1: 2008.108 ms/op
[INFO] [stdout] # Warmup Iteration   2: 1239.327 ms/op
[INFO] [stdout] # Warmup Iteration   3: 1210.264 ms/op
[INFO] [stdout] Iteration   1: 1229.166 ms/op
[INFO] [stdout]                  gc.alloc.rate:      108.873 MB/sec
[INFO] [stdout]                  gc.alloc.rate.norm: 140337144.000 B/op
[INFO] [stdout]                  gc.count:           ≈ 0 counts
[INFO] [stdout] 
[INFO] [stdout] Iteration   2: 1220.029 ms/op
[INFO] [stdout]                  gc.alloc.rate:      109.232 MB/sec
[INFO] [stdout]                  gc.alloc.rate.norm: 139753632.000 B/op
[INFO] [stdout]                  gc.count:           1.000 counts
[INFO] [stdout]                  gc.time:            5.000 ms
[INFO] [stdout] 
[INFO] [stdout] Iteration   3: 1202.549 ms/op
[INFO] [stdout]                  gc.alloc.rate:      111.627 MB/sec
[INFO] [stdout]                  gc.alloc.rate.norm: 140770648.000 B/op
[INFO] [stdout]                  gc.count:           ≈ 0 counts
[INFO] [stdout] 
[INFO] [stdout] Iteration   4: 1201.814 ms/op
[INFO] [stdout]                  gc.alloc.rate:      112.523 MB/sec
[INFO] [stdout]                  gc.alloc.rate.norm: 141814248.000 B/op
[INFO] [stdout]                  gc.count:           ≈ 0 counts
[INFO] [stdout] 
[INFO] [stdout] Iteration   5: 1195.703 ms/op
[INFO] [stdout]                  gc.alloc.rate:      111.382 MB/sec
[INFO] [stdout]                  gc.alloc.rate.norm: 139660656.000 B/op
[INFO] [stdout]                  gc.count:           1.000 counts
[INFO] [stdout]                  gc.time:            2.000 ms
[INFO] [stdout] 
[INFO] [stdout] # Processing profiler results: LinuxPerfNormProfiler 
[INFO] [stdout] 
[INFO] [stdout] 
[INFO] [stdout] Result "org.weakref.nitro.tpch.BenchmarkQueries.query14":
[INFO] [stdout]   1209.852 ±(99.9%) 54.277 ms/op [Average]
[INFO] [stdout]   (min, avg, max) = (1195.703, 1209.852, 1229.166), stdev = 14.096
[INFO] [stdout]   CI (99.9%): [1155.575, 1264.129] (assumes normal distribution)
[INFO] [stdout] 
[INFO] [stdout] Secondary result "org.weakref.nitro.tpch.BenchmarkQueries.query14:CPI":
[INFO] [stdout]   0.268 clks/insn
[INFO] [stdout] 
[INFO] [stdout] Secondary result "org.weakref.nitro.tpch.BenchmarkQueries.query14:IPC":
[INFO] [stdout]   3.735 insns/clk
[INFO] [stdout] 
[INFO] [stdout] Secondary result "org.weakref.nitro.tpch.BenchmarkQueries.query14:L1-dcache-load-misses":
[INFO] [stdout]   84136620.987 #/op
[INFO] [stdout] 
[INFO] [stdout] Secondary result "org.weakref.nitro.tpch.BenchmarkQueries.query14:L1-dcache-loads":
[INFO] [stdout]   10843127180.443 #/op
[INFO] [stdout] 
[INFO] [stdout] Secondary result "org.weakref.nitro.tpch.BenchmarkQueries.query14:L1-icache-load-misses":
[INFO] [stdout]   4143133.775 #/op
[INFO] [stdout] 
[INFO] [stdout] Secondary result "org.weakref.nitro.tpch.BenchmarkQueries.query14:L1-icache-loads":
[INFO] [stdout]   49698579.949 #/op
[INFO] [stdout] 
[INFO] [stdout] Secondary result "org.weakref.nitro.tpch.BenchmarkQueries.query14:branch-misses":
[INFO] [stdout]   11275227.704 #/op
[INFO] [stdout] 
[INFO] [stdout] Secondary result "org.weakref.nitro.tpch.BenchmarkQueries.query14:branches":
[INFO] [stdout]   5413505114.947 #/op
[INFO] [stdout] 
[INFO] [stdout] Secondary result "org.weakref.nitro.tpch.BenchmarkQueries.query14:cycles":
[INFO] [stdout]   6855587041.364 #/op
[INFO] [stdout] 
[INFO] [stdout] Secondary result "org.weakref.nitro.tpch.BenchmarkQueries.query14:dTLB-load-misses":
[INFO] [stdout]   344800.445 #/op
[INFO] [stdout] 
[INFO] [stdout] Secondary result "org.weakref.nitro.tpch.BenchmarkQueries.query14:dTLB-loads":
[INFO] [stdout]   4798072.846 #/op
[INFO] [stdout] 
[INFO] [stdout] Secondary result "org.weakref.nitro.tpch.BenchmarkQueries.query14:gc.alloc.rate":
[INFO] [stdout]   110.727 ±(99.9%) 6.131 MB/sec [Average]
[INFO] [stdout]   (min, avg, max) = (108.873, 110.727, 112.523), stdev = 1.592
[INFO] [stdout]   CI (99.9%): [104.596, 116.858] (assumes normal distribution)
[INFO] [stdout] 
[INFO] [stdout] Secondary result "org.weakref.nitro.tpch.BenchmarkQueries.query14:gc.alloc.rate.norm":
[INFO] [stdout]   140467265.600 ±(99.9%) 3380695.452 B/op [Average]
[INFO] [stdout]   (min, avg, max) = (139660656.000, 140467265.600, 141814248.000), stdev = 877955.873
[INFO] [stdout]   CI (99.9%): [137086570.148, 143847961.052] (assumes normal distribution)
[INFO] [stdout] 
[INFO] [stdout] Secondary result "org.weakref.nitro.tpch.BenchmarkQueries.query14:gc.count":
[INFO] [stdout]   2.000 ±(99.9%) 0.001 counts [Sum]
[INFO] [stdout]   (min, avg, max) = (≈ 0, 0.400, 1.000), stdev = 0.548
[INFO] [stdout]   CI (99.9%): [2.000, 2.000] (assumes normal distribution)
[INFO] [stdout] 
[INFO] [stdout] Secondary result "org.weakref.nitro.tpch.BenchmarkQueries.query14:gc.time":
[INFO] [stdout]   7.000 ±(99.9%) 0.001 ms [Sum]
[INFO] [stdout]   (min, avg, max) = (≈ 0, 1.400, 5.000), stdev = 2.191
[INFO] [stdout]   CI (99.9%): [7.000, 7.000] (assumes normal distribution)
[INFO] [stdout] 
[INFO] [stdout] Secondary result "org.weakref.nitro.tpch.BenchmarkQueries.query14:iTLB-load-misses":
[INFO] [stdout]   39813.549 #/op
[INFO] [stdout] 
[INFO] [stdout] Secondary result "org.weakref.nitro.tpch.BenchmarkQueries.query14:iTLB-loads":
[INFO] [stdout]   2396272.003 #/op
[INFO] [stdout] 
[INFO] [stdout] Secondary result "org.weakref.nitro.tpch.BenchmarkQueries.query14:instructions":
[INFO] [stdout]   25607697703.674 #/op
[INFO] [stdout] 
[INFO] [stdout] Secondary result "org.weakref.nitro.tpch.BenchmarkQueries.query14:stalled-cycles-frontend":
[INFO] [stdout]   1587699501.557 #/op
[INFO] [stdout] 
[INFO] [stdout] 
[INFO] [stdout] # JMH version: 1.37
[INFO] [stdout] # VM version: JDK 26.0.1, OpenJDK 64-Bit Server VM, 26.0.1+8
[INFO] [stdout] # VM invoker: /opt/java/openjdk/bin/java
[INFO] [stdout] # VM options: --enable-preview --add-modules=jdk.incubator.vector -Dnitro.clickbench.hits.path= -Xmx12g -XX:+UseTransparentHugePages -Dnitro.tpch.parquet.path=/root/data/tpch-parquet-sf10 -Dnitro.tpch.parquet.schema=sf10
[INFO] [stdout] # Blackhole mode: compiler (auto-detected, use -Djmh.blackhole.autoDetect=false to disable)
[INFO] [stdout] # Warmup: 3 iterations, 1 s each
[INFO] [stdout] # Measurement: 5 iterations, 1 s each
[INFO] [stdout] # Timeout: 30 min per iteration
[INFO] [stdout] # Threads: 1 thread, will synchronize iterations
[INFO] [stdout] # Benchmark mode: Average time, time/op
[INFO] [stdout] # Benchmark: org.weakref.nitro.tpch.BenchmarkQueries.query15
[INFO] [stdout] 
[INFO] [stdout] # Run progress: 63.64% complete, ETA 00:01:59
[INFO] [stdout] # Fork: 1 of 1
[INFO] [stdout] # Preparing profilers: LinuxPerfNormProfiler 
[INFO] [stdout] # Profilers consume stderr from target VM, use -v EXTRA to copy to console
[INFO] [stdout] # Warmup Iteration   1: 1908.212 ms/op
[INFO] [stdout] # Warmup Iteration   2: 1224.061 ms/op
[INFO] [stdout] # Warmup Iteration   3: 1210.521 ms/op
[INFO] [stdout] Iteration   1: 1193.885 ms/op
[INFO] [stdout]                  gc.alloc.rate:      56.845 MB/sec
[INFO] [stdout]                  gc.alloc.rate.norm: 71169792.000 B/op
[INFO] [stdout]                  gc.count:           1.000 counts
[INFO] [stdout]                  gc.time:            1.000 ms
[INFO] [stdout] 
[INFO] [stdout] Iteration   2: 1185.007 ms/op
[INFO] [stdout]                  gc.alloc.rate:      57.244 MB/sec
[INFO] [stdout]                  gc.alloc.rate.norm: 71136496.000 B/op
[INFO] [stdout]                  gc.count:           ≈ 0 counts
[INFO] [stdout] 
[INFO] [stdout] Iteration   3: 1184.362 ms/op
[INFO] [stdout]                  gc.alloc.rate:      57.243 MB/sec
[INFO] [stdout]                  gc.alloc.rate.norm: 71095944.000 B/op
[INFO] [stdout]                  gc.count:           1.000 counts
[INFO] [stdout]                  gc.time:            1.000 ms
[INFO] [stdout] 
[INFO] [stdout] Iteration   4: 1180.564 ms/op
[INFO] [stdout]                  gc.alloc.rate:      57.350 MB/sec
[INFO] [stdout]                  gc.alloc.rate.norm: 71001208.000 B/op
[INFO] [stdout]                  gc.count:           ≈ 0 counts
[INFO] [stdout] 
[INFO] [stdout] Iteration   5: 1196.493 ms/op
[INFO] [stdout]                  gc.alloc.rate:      56.551 MB/sec
[INFO] [stdout]                  gc.alloc.rate.norm: 70956952.000 B/op
[INFO] [stdout]                  gc.count:           1.000 counts
[INFO] [stdout]                  gc.time:            1.000 ms
[INFO] [stdout] 
[INFO] [stdout] # Processing profiler results: LinuxPerfNormProfiler 
[INFO] [stdout] 
[INFO] [stdout] 
[INFO] [stdout] Result "org.weakref.nitro.tpch.BenchmarkQueries.query15":
[INFO] [stdout]   1188.062 ±(99.9%) 26.133 ms/op [Average]
[INFO] [stdout]   (min, avg, max) = (1180.564, 1188.062, 1196.493), stdev = 6.787
[INFO] [stdout]   CI (99.9%): [1161.930, 1214.195] (assumes normal distribution)
[INFO] [stdout] 
[INFO] [stdout] Secondary result "org.weakref.nitro.tpch.BenchmarkQueries.query15:CPI":
[INFO] [stdout]   0.260 clks/insn
[INFO] [stdout] 
[INFO] [stdout] Secondary result "org.weakref.nitro.tpch.BenchmarkQueries.query15:IPC":
[INFO] [stdout]   3.843 insns/clk
[INFO] [stdout] 
[INFO] [stdout] Secondary result "org.weakref.nitro.tpch.BenchmarkQueries.query15:L1-dcache-load-misses":
[INFO] [stdout]   100964449.725 #/op
[INFO] [stdout] 
[INFO] [stdout] Secondary result "org.weakref.nitro.tpch.BenchmarkQueries.query15:L1-dcache-loads":
[INFO] [stdout]   11148544371.353 #/op
[INFO] [stdout] 
[INFO] [stdout] Secondary result "org.weakref.nitro.tpch.BenchmarkQueries.query15:L1-icache-load-misses":
[INFO] [stdout]   4205315.990 #/op
[INFO] [stdout] 
[INFO] [stdout] Secondary result "org.weakref.nitro.tpch.BenchmarkQueries.query15:L1-icache-loads":
[INFO] [stdout]   51495858.247 #/op
[INFO] [stdout] 
[INFO] [stdout] Secondary result "org.weakref.nitro.tpch.BenchmarkQueries.query15:branch-misses":
[INFO] [stdout]   19235670.908 #/op
[INFO] [stdout] 
[INFO] [stdout] Secondary result "org.weakref.nitro.tpch.BenchmarkQueries.query15:branches":
[INFO] [stdout]   5484701251.225 #/op
[INFO] [stdout] 
[INFO] [stdout] Secondary result "org.weakref.nitro.tpch.BenchmarkQueries.query15:cycles":
[INFO] [stdout]   6718379855.289 #/op
[INFO] [stdout] 
[INFO] [stdout] Secondary result "org.weakref.nitro.tpch.BenchmarkQueries.query15:dTLB-load-misses":
[INFO] [stdout]   417903.079 #/op
[INFO] [stdout] 
[INFO] [stdout] Secondary result "org.weakref.nitro.tpch.BenchmarkQueries.query15:dTLB-loads":
[INFO] [stdout]   4924059.482 #/op
[INFO] [stdout] 
[INFO] [stdout] Secondary result "org.weakref.nitro.tpch.BenchmarkQueries.query15:gc.alloc.rate":
[INFO] [stdout]   57.046 ±(99.9%) 1.299 MB/sec [Average]
[INFO] [stdout]   (min, avg, max) = (56.551, 57.046, 57.350), stdev = 0.337
[INFO] [stdout]   CI (99.9%): [55.747, 58.346] (assumes normal distribution)
[INFO] [stdout] 
[INFO] [stdout] Secondary result "org.weakref.nitro.tpch.BenchmarkQueries.query15:gc.alloc.rate.norm":
[INFO] [stdout]   71072078.400 ±(99.9%) 347326.392 B/op [Average]
[INFO] [stdout]   (min, avg, max) = (70956952.000, 71072078.400, 71169792.000), stdev = 90199.561
[INFO] [stdout]   CI (99.9%): [70724752.008, 71419404.792] (assumes normal distribution)
[INFO] [stdout] 
[INFO] [stdout] Secondary result "org.weakref.nitro.tpch.BenchmarkQueries.query15:gc.count":
[INFO] [stdout]   3.000 ±(99.9%) 0.001 counts [Sum]
[INFO] [stdout]   (min, avg, max) = (≈ 0, 0.600, 1.000), stdev = 0.548
[INFO] [stdout]   CI (99.9%): [3.000, 3.000] (assumes normal distribution)
[INFO] [stdout] 
[INFO] [stdout] Secondary result "org.weakref.nitro.tpch.BenchmarkQueries.query15:gc.time":
[INFO] [stdout]   3.000 ±(99.9%) 0.001 ms [Sum]
[INFO] [stdout]   (min, avg, max) = (≈ 0, 0.600, 1.000), stdev = 0.548
[INFO] [stdout]   CI (99.9%): [3.000, 3.000] (assumes normal distribution)
[INFO] [stdout] 
[INFO] [stdout] Secondary result "org.weakref.nitro.tpch.BenchmarkQueries.query15:iTLB-load-misses":
[INFO] [stdout]   28808.098 #/op
[INFO] [stdout] 
[INFO] [stdout] Secondary result "org.weakref.nitro.tpch.BenchmarkQueries.query15:iTLB-loads":
[INFO] [stdout]   2514190.002 #/op
[INFO] [stdout] 
[INFO] [stdout] Secondary result "org.weakref.nitro.tpch.BenchmarkQueries.query15:instructions":
[INFO] [stdout]   25819097375.284 #/op
[INFO] [stdout] 
[INFO] [stdout] Secondary result "org.weakref.nitro.tpch.BenchmarkQueries.query15:stalled-cycles-frontend":
[INFO] [stdout]   1752232043.517 #/op
[INFO] [stdout] 
[INFO] [stdout] 
[INFO] [stdout] # JMH version: 1.37
[INFO] [stdout] # VM version: JDK 26.0.1, OpenJDK 64-Bit Server VM, 26.0.1+8
[INFO] [stdout] # VM invoker: /opt/java/openjdk/bin/java
[INFO] [stdout] # VM options: --enable-preview --add-modules=jdk.incubator.vector -Dnitro.clickbench.hits.path= -Xmx12g -XX:+UseTransparentHugePages -Dnitro.tpch.parquet.path=/root/data/tpch-parquet-sf10 -Dnitro.tpch.parquet.schema=sf10
[INFO] [stdout] # Blackhole mode: compiler (auto-detected, use -Djmh.blackhole.autoDetect=false to disable)
[INFO] [stdout] # Warmup: 3 iterations, 1 s each
[INFO] [stdout] # Measurement: 5 iterations, 1 s each
[INFO] [stdout] # Timeout: 30 min per iteration
[INFO] [stdout] # Threads: 1 thread, will synchronize iterations
[INFO] [stdout] # Benchmark mode: Average time, time/op
[INFO] [stdout] # Benchmark: org.weakref.nitro.tpch.BenchmarkQueries.query16
[INFO] [stdout] 
[INFO] [stdout] # Run progress: 68.18% complete, ETA 00:01:42
[INFO] [stdout] # Fork: 1 of 1
[INFO] [stdout] # Preparing profilers: LinuxPerfNormProfiler 
[INFO] [stdout] # Profilers consume stderr from target VM, use -v EXTRA to copy to console
[INFO] [stdout] # Warmup Iteration   1: 638.826 ms/op
[INFO] [stdout] # Warmup Iteration   2: 276.110 ms/op
[INFO] [stdout] # Warmup Iteration   3: 262.588 ms/op
[INFO] [stdout] Iteration   1: 259.749 ms/op
[INFO] [stdout]                  gc.alloc.rate:      674.581 MB/sec
[INFO] [stdout]                  gc.alloc.rate.norm: 183761666.000 B/op
[INFO] [stdout]                  gc.count:           1.000 counts
[INFO] [stdout]                  gc.time:            3.000 ms
[INFO] [stdout] 
[INFO] [stdout] Iteration   2: 258.535 ms/op
[INFO] [stdout]                  gc.alloc.rate:      677.712 MB/sec
[INFO] [stdout]                  gc.alloc.rate.norm: 183747326.000 B/op
[INFO] [stdout]                  gc.count:           1.000 counts
[INFO] [stdout]                  gc.time:            3.000 ms
[INFO] [stdout] 
[INFO] [stdout] Iteration   3: 259.239 ms/op
[INFO] [stdout]                  gc.alloc.rate:      675.837 MB/sec
[INFO] [stdout]                  gc.alloc.rate.norm: 183737020.000 B/op
[INFO] [stdout]                  gc.count:           1.000 counts
[INFO] [stdout]                  gc.time:            4.000 ms
[INFO] [stdout] 
[INFO] [stdout] Iteration   4: 258.625 ms/op
[INFO] [stdout]                  gc.alloc.rate:      677.353 MB/sec
[INFO] [stdout]                  gc.alloc.rate.norm: 183710840.000 B/op
[INFO] [stdout]                  gc.count:           ≈ 0 counts
[INFO] [stdout] 
[INFO] [stdout] Iteration   5: 256.991 ms/op
[INFO] [stdout]                  gc.alloc.rate:      681.616 MB/sec
[INFO] [stdout]                  gc.alloc.rate.norm: 183706364.000 B/op
[INFO] [stdout]                  gc.count:           1.000 counts
[INFO] [stdout]                  gc.time:            1.000 ms
[INFO] [stdout] 
[INFO] [stdout] # Processing profiler results: LinuxPerfNormProfiler 
[INFO] [stdout] 
[INFO] [stdout] 
[INFO] [stdout] Result "org.weakref.nitro.tpch.BenchmarkQueries.query16":
[INFO] [stdout]   258.628 ±(99.9%) 4.001 ms/op [Average]
[INFO] [stdout]   (min, avg, max) = (256.991, 258.628, 259.749), stdev = 1.039
[INFO] [stdout]   CI (99.9%): [254.627, 262.629] (assumes normal distribution)
[INFO] [stdout] 
[INFO] [stdout] Secondary result "org.weakref.nitro.tpch.BenchmarkQueries.query16:CPI":
[INFO] [stdout]   0.292 clks/insn
[INFO] [stdout] 
[INFO] [stdout] Secondary result "org.weakref.nitro.tpch.BenchmarkQueries.query16:IPC":
[INFO] [stdout]   3.426 insns/clk
[INFO] [stdout] 
[INFO] [stdout] Secondary result "org.weakref.nitro.tpch.BenchmarkQueries.query16:L1-dcache-load-misses":
[INFO] [stdout]   45467311.401 #/op
[INFO] [stdout] 
[INFO] [stdout] Secondary result "org.weakref.nitro.tpch.BenchmarkQueries.query16:L1-dcache-loads":
[INFO] [stdout]   2305259198.592 #/op
[INFO] [stdout] 
[INFO] [stdout] Secondary result "org.weakref.nitro.tpch.BenchmarkQueries.query16:L1-icache-load-misses":
[INFO] [stdout]   2050583.409 #/op
[INFO] [stdout] 
[INFO] [stdout] Secondary result "org.weakref.nitro.tpch.BenchmarkQueries.query16:L1-icache-loads":
[INFO] [stdout]   24384616.910 #/op
[INFO] [stdout] 
[INFO] [stdout] Secondary result "org.weakref.nitro.tpch.BenchmarkQueries.query16:branch-misses":
[INFO] [stdout]   7607792.814 #/op
[INFO] [stdout] 
[INFO] [stdout] Secondary result "org.weakref.nitro.tpch.BenchmarkQueries.query16:branches":
[INFO] [stdout]   1115679851.964 #/op
[INFO] [stdout] 
[INFO] [stdout] Secondary result "org.weakref.nitro.tpch.BenchmarkQueries.query16:cycles":
[INFO] [stdout]   1548413011.045 #/op
[INFO] [stdout] 
[INFO] [stdout] Secondary result "org.weakref.nitro.tpch.BenchmarkQueries.query16:dTLB-load-misses":
[INFO] [stdout]   57338.003 #/op
[INFO] [stdout] 
[INFO] [stdout] Secondary result "org.weakref.nitro.tpch.BenchmarkQueries.query16:dTLB-loads":
[INFO] [stdout]   1429856.570 #/op
[INFO] [stdout] 
[INFO] [stdout] Secondary result "org.weakref.nitro.tpch.BenchmarkQueries.query16:gc.alloc.rate":
[INFO] [stdout]   677.420 ±(99.9%) 10.235 MB/sec [Average]
[INFO] [stdout]   (min, avg, max) = (674.581, 677.420, 681.616), stdev = 2.658
[INFO] [stdout]   CI (99.9%): [667.185, 687.655] (assumes normal distribution)
[INFO] [stdout] 
[INFO] [stdout] Secondary result "org.weakref.nitro.tpch.BenchmarkQueries.query16:gc.alloc.rate.norm":
[INFO] [stdout]   183732643.200 ±(99.9%) 91184.675 B/op [Average]
[INFO] [stdout]   (min, avg, max) = (183706364.000, 183732643.200, 183761666.000), stdev = 23680.371
[INFO] [stdout]   CI (99.9%): [183641458.525, 183823827.875] (assumes normal distribution)
[INFO] [stdout] 
[INFO] [stdout] Secondary result "org.weakref.nitro.tpch.BenchmarkQueries.query16:gc.count":
[INFO] [stdout]   4.000 ±(99.9%) 0.001 counts [Sum]
[INFO] [stdout]   (min, avg, max) = (≈ 0, 0.800, 1.000), stdev = 0.447
[INFO] [stdout]   CI (99.9%): [4.000, 4.000] (assumes normal distribution)
[INFO] [stdout] 
[INFO] [stdout] Secondary result "org.weakref.nitro.tpch.BenchmarkQueries.query16:gc.time":
[INFO] [stdout]   11.000 ±(99.9%) 0.001 ms [Sum]
[INFO] [stdout]   (min, avg, max) = (≈ 0, 2.200, 4.000), stdev = 1.643
[INFO] [stdout]   CI (99.9%): [11.000, 11.000] (assumes normal distribution)
[INFO] [stdout] 
[INFO] [stdout] Secondary result "org.weakref.nitro.tpch.BenchmarkQueries.query16:iTLB-load-misses":
[INFO] [stdout]   13230.213 #/op
[INFO] [stdout] 
[INFO] [stdout] Secondary result "org.weakref.nitro.tpch.BenchmarkQueries.query16:iTLB-loads":
[INFO] [stdout]   1047054.769 #/op
[INFO] [stdout] 
[INFO] [stdout] Secondary result "org.weakref.nitro.tpch.BenchmarkQueries.query16:instructions":
[INFO] [stdout]   5305286746.540 #/op
[INFO] [stdout] 
[INFO] [stdout] Secondary result "org.weakref.nitro.tpch.BenchmarkQueries.query16:stalled-cycles-frontend":
[INFO] [stdout]   307122064.319 #/op
[INFO] [stdout] 
[INFO] [stdout] 
[INFO] [stdout] # JMH version: 1.37
[INFO] [stdout] # VM version: JDK 26.0.1, OpenJDK 64-Bit Server VM, 26.0.1+8
[INFO] [stdout] # VM invoker: /opt/java/openjdk/bin/java
[INFO] [stdout] # VM options: --enable-preview --add-modules=jdk.incubator.vector -Dnitro.clickbench.hits.path= -Xmx12g -XX:+UseTransparentHugePages -Dnitro.tpch.parquet.path=/root/data/tpch-parquet-sf10 -Dnitro.tpch.parquet.schema=sf10
[INFO] [stdout] # Blackhole mode: compiler (auto-detected, use -Djmh.blackhole.autoDetect=false to disable)
[INFO] [stdout] # Warmup: 3 iterations, 1 s each
[INFO] [stdout] # Measurement: 5 iterations, 1 s each
[INFO] [stdout] # Timeout: 30 min per iteration
[INFO] [stdout] # Threads: 1 thread, will synchronize iterations
[INFO] [stdout] # Benchmark mode: Average time, time/op
[INFO] [stdout] # Benchmark: org.weakref.nitro.tpch.BenchmarkQueries.query17
[INFO] [stdout] 
[INFO] [stdout] # Run progress: 72.73% complete, ETA 00:01:26
[INFO] [stdout] # Fork: 1 of 1
[INFO] [stdout] # Preparing profilers: LinuxPerfNormProfiler 
[INFO] [stdout] # Profilers consume stderr from target VM, use -v EXTRA to copy to console
[INFO] [stdout] # Warmup Iteration   1: 2405.905 ms/op
[INFO] [stdout] # Warmup Iteration   2: 1931.546 ms/op
[INFO] [stdout] # Warmup Iteration   3: 1858.693 ms/op
[INFO] [stdout] Iteration   1: 1777.517 ms/op
[INFO] [stdout]                  gc.alloc.rate:      104.904 MB/sec
[INFO] [stdout]                  gc.alloc.rate.norm: 195540112.000 B/op
[INFO] [stdout]                  gc.count:           4.000 counts
[INFO] [stdout]                  gc.time:            6.000 ms
[INFO] [stdout] 
[INFO] [stdout] Iteration   2: 1818.611 ms/op
[INFO] [stdout]                  gc.alloc.rate:      101.487 MB/sec
[INFO] [stdout]                  gc.alloc.rate.norm: 193543928.000 B/op
[INFO] [stdout]                  gc.count:           5.000 counts
[INFO] [stdout]                  gc.time:            8.000 ms
[INFO] [stdout] 
[INFO] [stdout] Iteration   3: 1784.102 ms/op
[INFO] [stdout]                  gc.alloc.rate:      104.585 MB/sec
[INFO] [stdout]                  gc.alloc.rate.norm: 195670664.000 B/op
[INFO] [stdout]                  gc.count:           1.000 counts
[INFO] [stdout]                  gc.time:            2.000 ms
[INFO] [stdout] 
[INFO] [stdout] Iteration   4: 1783.056 ms/op
[INFO] [stdout]                  gc.alloc.rate:      106.790 MB/sec
[INFO] [stdout]                  gc.alloc.rate.norm: 199676248.000 B/op
[INFO] [stdout]                  gc.count:           4.000 counts
[INFO] [stdout]                  gc.time:            8.000 ms
[INFO] [stdout] 
[INFO] [stdout] Iteration   5: 1788.390 ms/op
[INFO] [stdout]                  gc.alloc.rate:      104.306 MB/sec
[INFO] [stdout]                  gc.alloc.rate.norm: 195615200.000 B/op
[INFO] [stdout]                  gc.count:           5.000 counts
[INFO] [stdout]                  gc.time:            7.000 ms
[INFO] [stdout] 
[INFO] [stdout] # Processing profiler results: LinuxPerfNormProfiler 
[INFO] [stdout] 
[INFO] [stdout] 
[INFO] [stdout] Result "org.weakref.nitro.tpch.BenchmarkQueries.query17":
[INFO] [stdout]   1790.335 ±(99.9%) 62.667 ms/op [Average]
[INFO] [stdout]   (min, avg, max) = (1777.517, 1790.335, 1818.611), stdev = 16.274
[INFO] [stdout]   CI (99.9%): [1727.668, 1853.002] (assumes normal distribution)
[INFO] [stdout] 
[INFO] [stdout] Secondary result "org.weakref.nitro.tpch.BenchmarkQueries.query17:CPI":
[INFO] [stdout]   0.254 clks/insn
[INFO] [stdout] 
[INFO] [stdout] Secondary result "org.weakref.nitro.tpch.BenchmarkQueries.query17:IPC":
[INFO] [stdout]   3.930 insns/clk
[INFO] [stdout] 
[INFO] [stdout] Secondary result "org.weakref.nitro.tpch.BenchmarkQueries.query17:L1-dcache-load-misses":
[INFO] [stdout]   548552406.470 #/op
[INFO] [stdout] 
[INFO] [stdout] Secondary result "org.weakref.nitro.tpch.BenchmarkQueries.query17:L1-dcache-loads":
[INFO] [stdout]   16242374955.176 #/op
[INFO] [stdout] 
[INFO] [stdout] Secondary result "org.weakref.nitro.tpch.BenchmarkQueries.query17:L1-icache-load-misses":
[INFO] [stdout]   5210862.622 #/op
[INFO] [stdout] 
[INFO] [stdout] Secondary result "org.weakref.nitro.tpch.BenchmarkQueries.query17:L1-icache-loads":
[INFO] [stdout]   66131255.705 #/op
[INFO] [stdout] 
[INFO] [stdout] Secondary result "org.weakref.nitro.tpch.BenchmarkQueries.query17:branch-misses":
[INFO] [stdout]   9035459.818 #/op
[INFO] [stdout] 
[INFO] [stdout] Secondary result "org.weakref.nitro.tpch.BenchmarkQueries.query17:branches":
[INFO] [stdout]   8268086653.319 #/op
[INFO] [stdout] 
[INFO] [stdout] Secondary result "org.weakref.nitro.tpch.BenchmarkQueries.query17:cycles":
[INFO] [stdout]   9841207338.515 #/op
[INFO] [stdout] 
[INFO] [stdout] Secondary result "org.weakref.nitro.tpch.BenchmarkQueries.query17:dTLB-load-misses":
[INFO] [stdout]   350269.432 #/op
[INFO] [stdout] 
[INFO] [stdout] Secondary result "org.weakref.nitro.tpch.BenchmarkQueries.query17:dTLB-loads":
[INFO] [stdout]   3929492.600 #/op
[INFO] [stdout] 
[INFO] [stdout] Secondary result "org.weakref.nitro.tpch.BenchmarkQueries.query17:gc.alloc.rate":
[INFO] [stdout]   104.414 ±(99.9%) 7.331 MB/sec [Average]
[INFO] [stdout]   (min, avg, max) = (101.487, 104.414, 106.790), stdev = 1.904
[INFO] [stdout]   CI (99.9%): [97.084, 111.745] (assumes normal distribution)
[INFO] [stdout] 
[INFO] [stdout] Secondary result "org.weakref.nitro.tpch.BenchmarkQueries.query17:gc.alloc.rate.norm":
[INFO] [stdout]   196009230.400 ±(99.9%) 8613463.831 B/op [Average]
[INFO] [stdout]   (min, avg, max) = (193543928.000, 196009230.400, 199676248.000), stdev = 2236889.204
[INFO] [stdout]   CI (99.9%): [187395766.569, 204622694.231] (assumes normal distribution)
[INFO] [stdout] 
[INFO] [stdout] Secondary result "org.weakref.nitro.tpch.BenchmarkQueries.query17:gc.count":
[INFO] [stdout]   19.000 ±(99.9%) 0.001 counts [Sum]
[INFO] [stdout]   (min, avg, max) = (1.000, 3.800, 5.000), stdev = 1.643
[INFO] [stdout]   CI (99.9%): [19.000, 19.000] (assumes normal distribution)
[INFO] [stdout] 
[INFO] [stdout] Secondary result "org.weakref.nitro.tpch.BenchmarkQueries.query17:gc.time":
[INFO] [stdout]   31.000 ±(99.9%) 0.001 ms [Sum]
[INFO] [stdout]   (min, avg, max) = (2.000, 6.200, 8.000), stdev = 2.490
[INFO] [stdout]   CI (99.9%): [31.000, 31.000] (assumes normal distribution)
[INFO] [stdout] 
[INFO] [stdout] Secondary result "org.weakref.nitro.tpch.BenchmarkQueries.query17:iTLB-load-misses":
[INFO] [stdout]   31865.361 #/op
[INFO] [stdout] 
[INFO] [stdout] Secondary result "org.weakref.nitro.tpch.BenchmarkQueries.query17:iTLB-loads":
[INFO] [stdout]   1925608.192 #/op
[INFO] [stdout] 
[INFO] [stdout] Secondary result "org.weakref.nitro.tpch.BenchmarkQueries.query17:instructions":
[INFO] [stdout]   38675478559.616 #/op
[INFO] [stdout] 
[INFO] [stdout] Secondary result "org.weakref.nitro.tpch.BenchmarkQueries.query17:stalled-cycles-frontend":
[INFO] [stdout]   1835680390.300 #/op
[INFO] [stdout] 
[INFO] [stdout] 
[INFO] [stdout] # JMH version: 1.37
[INFO] [stdout] # VM version: JDK 26.0.1, OpenJDK 64-Bit Server VM, 26.0.1+8
[INFO] [stdout] # VM invoker: /opt/java/openjdk/bin/java
[INFO] [stdout] # VM options: --enable-preview --add-modules=jdk.incubator.vector -Dnitro.clickbench.hits.path= -Xmx12g -XX:+UseTransparentHugePages -Dnitro.tpch.parquet.path=/root/data/tpch-parquet-sf10 -Dnitro.tpch.parquet.schema=sf10
[INFO] [stdout] # Blackhole mode: compiler (auto-detected, use -Djmh.blackhole.autoDetect=false to disable)
[INFO] [stdout] # Warmup: 3 iterations, 1 s each
[INFO] [stdout] # Measurement: 5 iterations, 1 s each
[INFO] [stdout] # Timeout: 30 min per iteration
[INFO] [stdout] # Threads: 1 thread, will synchronize iterations
[INFO] [stdout] # Benchmark mode: Average time, time/op
[INFO] [stdout] # Benchmark: org.weakref.nitro.tpch.BenchmarkQueries.query18
[INFO] [stdout] 
[INFO] [stdout] # Run progress: 77.27% complete, ETA 00:01:12
[INFO] [stdout] # Fork: 1 of 1
[INFO] [stdout] # Preparing profilers: LinuxPerfNormProfiler 
[INFO] [stdout] # Profilers consume stderr from target VM, use -v EXTRA to copy to console
[INFO] [stdout] # Warmup Iteration   1: 1622.826 ms/op
[INFO] [stdout] # Warmup Iteration   2: 1565.926 ms/op
[INFO] [stdout] # Warmup Iteration   3: 1661.065 ms/op
[INFO] [stdout] Iteration   1: 1683.405 ms/op
[INFO] [stdout]                  gc.alloc.rate:      312.529 MB/sec
[INFO] [stdout]                  gc.alloc.rate.norm: 551713224.000 B/op
[INFO] [stdout]                  gc.count:           5.000 counts
[INFO] [stdout]                  gc.time:            10.000 ms
[INFO] [stdout] 
[INFO] [stdout] Iteration   2: 1734.402 ms/op
[INFO] [stdout]                  gc.alloc.rate:      374.913 MB/sec
[INFO] [stdout]                  gc.alloc.rate.norm: 681889160.000 B/op
[INFO] [stdout]                  gc.count:           4.000 counts
[INFO] [stdout]                  gc.time:            8.000 ms
[INFO] [stdout] 
[INFO] [stdout] Iteration   3: 1738.967 ms/op
[INFO] [stdout]                  gc.alloc.rate:      330.347 MB/sec
[INFO] [stdout]                  gc.alloc.rate.norm: 602410424.000 B/op
[INFO] [stdout]                  gc.count:           2.000 counts
[INFO] [stdout]                  gc.time:            9.000 ms
[INFO] [stdout] 
[INFO] [stdout] Iteration   4: 1759.929 ms/op
[INFO] [stdout]                  gc.alloc.rate:      334.199 MB/sec
[INFO] [stdout]                  gc.alloc.rate.norm: 616781256.000 B/op
[INFO] [stdout]                  gc.count:           4.000 counts
[INFO] [stdout]                  gc.time:            7.000 ms
[INFO] [stdout] 
[INFO] [stdout] Iteration   5: 1787.718 ms/op
[INFO] [stdout]                  gc.alloc.rate:      339.840 MB/sec
[INFO] [stdout]                  gc.alloc.rate.norm: 637096504.000 B/op
[INFO] [stdout]                  gc.count:           1.000 counts
[INFO] [stdout]                  gc.time:            6.000 ms
[INFO] [stdout] 
[INFO] [stdout] # Processing profiler results: LinuxPerfNormProfiler 
[INFO] [stdout] 
[INFO] [stdout] 
[INFO] [stdout] Result "org.weakref.nitro.tpch.BenchmarkQueries.query18":
[INFO] [stdout]   1740.884 ±(99.9%) 147.958 ms/op [Average]
[INFO] [stdout]   (min, avg, max) = (1683.405, 1740.884, 1787.718), stdev = 38.424
[INFO] [stdout]   CI (99.9%): [1592.926, 1888.842] (assumes normal distribution)
[INFO] [stdout] 
[INFO] [stdout] Secondary result "org.weakref.nitro.tpch.BenchmarkQueries.query18:CPI":
[INFO] [stdout]   0.307 clks/insn
[INFO] [stdout] 
[INFO] [stdout] Secondary result "org.weakref.nitro.tpch.BenchmarkQueries.query18:IPC":
[INFO] [stdout]   3.257 insns/clk
[INFO] [stdout] 
[INFO] [stdout] Secondary result "org.weakref.nitro.tpch.BenchmarkQueries.query18:L1-dcache-load-misses":
[INFO] [stdout]   307405564.062 #/op
[INFO] [stdout] 
[INFO] [stdout] Secondary result "org.weakref.nitro.tpch.BenchmarkQueries.query18:L1-dcache-loads":
[INFO] [stdout]   16380409326.913 #/op
[INFO] [stdout] 
[INFO] [stdout] Secondary result "org.weakref.nitro.tpch.BenchmarkQueries.query18:L1-icache-load-misses":
[INFO] [stdout]   6007404.730 #/op
[INFO] [stdout] 
[INFO] [stdout] Secondary result "org.weakref.nitro.tpch.BenchmarkQueries.query18:L1-icache-loads":
[INFO] [stdout]   70202525.660 #/op
[INFO] [stdout] 
[INFO] [stdout] Secondary result "org.weakref.nitro.tpch.BenchmarkQueries.query18:branch-misses":
[INFO] [stdout]   43102007.887 #/op
[INFO] [stdout] 
[INFO] [stdout] Secondary result "org.weakref.nitro.tpch.BenchmarkQueries.query18:branches":
[INFO] [stdout]   6514959056.472 #/op
[INFO] [stdout] 
[INFO] [stdout] Secondary result "org.weakref.nitro.tpch.BenchmarkQueries.query18:cycles":
[INFO] [stdout]   9842370065.060 #/op
[INFO] [stdout] 
[INFO] [stdout] Secondary result "org.weakref.nitro.tpch.BenchmarkQueries.query18:dTLB-load-misses":
[INFO] [stdout]   241193.066 #/op
[INFO] [stdout] 
[INFO] [stdout] Secondary result "org.weakref.nitro.tpch.BenchmarkQueries.query18:dTLB-loads":
[INFO] [stdout]   5078003.821 #/op
[INFO] [stdout] 
[INFO] [stdout] Secondary result "org.weakref.nitro.tpch.BenchmarkQueries.query18:gc.alloc.rate":
[INFO] [stdout]   338.365 ±(99.9%) 87.956 MB/sec [Average]
[INFO] [stdout]   (min, avg, max) = (312.529, 338.365, 374.913), stdev = 22.842
[INFO] [stdout]   CI (99.9%): [250.409, 426.322] (assumes normal distribution)
[INFO] [stdout] 
[INFO] [stdout] Secondary result "org.weakref.nitro.tpch.BenchmarkQueries.query18:gc.alloc.rate.norm":
[INFO] [stdout]   617978113.600 ±(99.9%) 183512128.671 B/op [Average]
[INFO] [stdout]   (min, avg, max) = (551713224.000, 617978113.600, 681889160.000), stdev = 47657517.048
[INFO] [stdout]   CI (99.9%): [434465984.929, 801490242.271] (assumes normal distribution)
[INFO] [stdout] 
[INFO] [stdout] Secondary result "org.weakref.nitro.tpch.BenchmarkQueries.query18:gc.count":
[INFO] [stdout]   16.000 ±(99.9%) 0.001 counts [Sum]
[INFO] [stdout]   (min, avg, max) = (1.000, 3.200, 5.000), stdev = 1.643
[INFO] [stdout]   CI (99.9%): [16.000, 16.000] (assumes normal distribution)
[INFO] [stdout] 
[INFO] [stdout] Secondary result "org.weakref.nitro.tpch.BenchmarkQueries.query18:gc.time":
[INFO] [stdout]   40.000 ±(99.9%) 0.001 ms [Sum]
[INFO] [stdout]   (min, avg, max) = (6.000, 8.000, 10.000), stdev = 1.581
[INFO] [stdout]   CI (99.9%): [40.000, 40.000] (assumes normal distribution)
[INFO] [stdout] 
[INFO] [stdout] Secondary result "org.weakref.nitro.tpch.BenchmarkQueries.query18:iTLB-load-misses":
[INFO] [stdout]   48731.719 #/op
[INFO] [stdout] 
[INFO] [stdout] Secondary result "org.weakref.nitro.tpch.BenchmarkQueries.query18:iTLB-loads":
[INFO] [stdout]   4424549.005 #/op
[INFO] [stdout] 
[INFO] [stdout] Secondary result "org.weakref.nitro.tpch.BenchmarkQueries.query18:instructions":
[INFO] [stdout]   32054981664.975 #/op
[INFO] [stdout] 
[INFO] [stdout] Secondary result "org.weakref.nitro.tpch.BenchmarkQueries.query18:stalled-cycles-frontend":
[INFO] [stdout]   1569177481.274 #/op
[INFO] [stdout] 
[INFO] [stdout] 
[INFO] [stdout] # JMH version: 1.37
[INFO] [stdout] # VM version: JDK 26.0.1, OpenJDK 64-Bit Server VM, 26.0.1+8
[INFO] [stdout] # VM invoker: /opt/java/openjdk/bin/java
[INFO] [stdout] # VM options: --enable-preview --add-modules=jdk.incubator.vector -Dnitro.clickbench.hits.path= -Xmx12g -XX:+UseTransparentHugePages -Dnitro.tpch.parquet.path=/root/data/tpch-parquet-sf10 -Dnitro.tpch.parquet.schema=sf10
[INFO] [stdout] # Blackhole mode: compiler (auto-detected, use -Djmh.blackhole.autoDetect=false to disable)
[INFO] [stdout] # Warmup: 3 iterations, 1 s each
[INFO] [stdout] # Measurement: 5 iterations, 1 s each
[INFO] [stdout] # Timeout: 30 min per iteration
[INFO] [stdout] # Threads: 1 thread, will synchronize iterations
[INFO] [stdout] # Benchmark mode: Average time, time/op
[INFO] [stdout] # Benchmark: org.weakref.nitro.tpch.BenchmarkQueries.query19
[INFO] [stdout] 
[INFO] [stdout] # Run progress: 81.82% complete, ETA 00:00:57
[INFO] [stdout] # Fork: 1 of 1
[INFO] [stdout] # Preparing profilers: LinuxPerfNormProfiler 
[INFO] [stdout] # Profilers consume stderr from target VM, use -v EXTRA to copy to console
[INFO] [stdout] # Warmup Iteration   1: 2401.846 ms/op
[INFO] [stdout] # Warmup Iteration   2: 1210.450 ms/op
[INFO] [stdout] # Warmup Iteration   3: 1241.924 ms/op
[INFO] [stdout] Iteration   1: 1243.498 ms/op
[INFO] [stdout]                  gc.alloc.rate:      389.907 MB/sec
[INFO] [stdout]                  gc.alloc.rate.norm: 508449504.000 B/op
[INFO] [stdout]                  gc.count:           1.000 counts
[INFO] [stdout]                  gc.time:            2.000 ms
[INFO] [stdout] 
[INFO] [stdout] Iteration   2: 1229.196 ms/op
[INFO] [stdout]                  gc.alloc.rate:      394.128 MB/sec
[INFO] [stdout]                  gc.alloc.rate.norm: 508040984.000 B/op
[INFO] [stdout]                  gc.count:           ≈ 0 counts
[INFO] [stdout] 
[INFO] [stdout] Iteration   3: 1232.009 ms/op
[INFO] [stdout]                  gc.alloc.rate:      393.206 MB/sec
[INFO] [stdout]                  gc.alloc.rate.norm: 508011744.000 B/op
[INFO] [stdout]                  gc.count:           1.000 counts
[INFO] [stdout]                  gc.time:            2.000 ms
[INFO] [stdout] 
[INFO] [stdout] Iteration   4: 1237.166 ms/op
[INFO] [stdout]                  gc.alloc.rate:      391.562 MB/sec
[INFO] [stdout]                  gc.alloc.rate.norm: 508011160.000 B/op
[INFO] [stdout]                  gc.count:           1.000 counts
[INFO] [stdout]                  gc.time:            1.000 ms
[INFO] [stdout] 
[INFO] [stdout] Iteration   5: 1240.518 ms/op
[INFO] [stdout]                  gc.alloc.rate:      390.506 MB/sec
[INFO] [stdout]                  gc.alloc.rate.norm: 508011168.000 B/op
[INFO] [stdout]                  gc.count:           ≈ 0 counts
[INFO] [stdout] 
[INFO] [stdout] # Processing profiler results: LinuxPerfNormProfiler 
[INFO] [stdout] 
[INFO] [stdout] 
[INFO] [stdout] Result "org.weakref.nitro.tpch.BenchmarkQueries.query19":
[INFO] [stdout]   1236.477 ±(99.9%) 22.704 ms/op [Average]
[INFO] [stdout]   (min, avg, max) = (1229.196, 1236.477, 1243.498), stdev = 5.896
[INFO] [stdout]   CI (99.9%): [1213.773, 1259.182] (assumes normal distribution)
[INFO] [stdout] 
[INFO] [stdout] Secondary result "org.weakref.nitro.tpch.BenchmarkQueries.query19:CPI":
[INFO] [stdout]   0.284 clks/insn
[INFO] [stdout] 
[INFO] [stdout] Secondary result "org.weakref.nitro.tpch.BenchmarkQueries.query19:IPC":
[INFO] [stdout]   3.527 insns/clk
[INFO] [stdout] 
[INFO] [stdout] Secondary result "org.weakref.nitro.tpch.BenchmarkQueries.query19:L1-dcache-load-misses":
[INFO] [stdout]   241691917.771 #/op
[INFO] [stdout] 
[INFO] [stdout] Secondary result "org.weakref.nitro.tpch.BenchmarkQueries.query19:L1-dcache-loads":
[INFO] [stdout]   10495136807.048 #/op
[INFO] [stdout] 
[INFO] [stdout] Secondary result "org.weakref.nitro.tpch.BenchmarkQueries.query19:L1-icache-load-misses":
[INFO] [stdout]   7745695.531 #/op
[INFO] [stdout] 
[INFO] [stdout] Secondary result "org.weakref.nitro.tpch.BenchmarkQueries.query19:L1-icache-loads":
[INFO] [stdout]   109392360.970 #/op
[INFO] [stdout] 
[INFO] [stdout] Secondary result "org.weakref.nitro.tpch.BenchmarkQueries.query19:branch-misses":
[INFO] [stdout]   29094993.244 #/op
[INFO] [stdout] 
[INFO] [stdout] Secondary result "org.weakref.nitro.tpch.BenchmarkQueries.query19:branches":
[INFO] [stdout]   5110474133.684 #/op
[INFO] [stdout] 
[INFO] [stdout] Secondary result "org.weakref.nitro.tpch.BenchmarkQueries.query19:cycles":
[INFO] [stdout]   6770456268.430 #/op
[INFO] [stdout] 
[INFO] [stdout] Secondary result "org.weakref.nitro.tpch.BenchmarkQueries.query19:dTLB-load-misses":
[INFO] [stdout]   263429.247 #/op
[INFO] [stdout] 
[INFO] [stdout] Secondary result "org.weakref.nitro.tpch.BenchmarkQueries.query19:dTLB-loads":
[INFO] [stdout]   4902853.539 #/op
[INFO] [stdout] 
[INFO] [stdout] Secondary result "org.weakref.nitro.tpch.BenchmarkQueries.query19:gc.alloc.rate":
[INFO] [stdout]   391.862 ±(99.9%) 6.859 MB/sec [Average]
[INFO] [stdout]   (min, avg, max) = (389.907, 391.862, 394.128), stdev = 1.781
[INFO] [stdout]   CI (99.9%): [385.002, 398.721] (assumes normal distribution)
[INFO] [stdout] 
[INFO] [stdout] Secondary result "org.weakref.nitro.tpch.BenchmarkQueries.query19:gc.alloc.rate.norm":
[INFO] [stdout]   508104912.000 ±(99.9%) 743403.902 B/op [Average]
[INFO] [stdout]   (min, avg, max) = (508011160.000, 508104912.000, 508449504.000), stdev = 193059.633
[INFO] [stdout]   CI (99.9%): [507361508.098, 508848315.902] (assumes normal distribution)
[INFO] [stdout] 
[INFO] [stdout] Secondary result "org.weakref.nitro.tpch.BenchmarkQueries.query19:gc.count":
[INFO] [stdout]   3.000 ±(99.9%) 0.001 counts [Sum]
[INFO] [stdout]   (min, avg, max) = (≈ 0, 0.600, 1.000), stdev = 0.548
[INFO] [stdout]   CI (99.9%): [3.000, 3.000] (assumes normal distribution)
[INFO] [stdout] 
[INFO] [stdout] Secondary result "org.weakref.nitro.tpch.BenchmarkQueries.query19:gc.time":
[INFO] [stdout]   5.000 ±(99.9%) 0.001 ms [Sum]
[INFO] [stdout]   (min, avg, max) = (≈ 0, 1.000, 2.000), stdev = 1.000
[INFO] [stdout]   CI (99.9%): [5.000, 5.000] (assumes normal distribution)
[INFO] [stdout] 
[INFO] [stdout] Secondary result "org.weakref.nitro.tpch.BenchmarkQueries.query19:iTLB-load-misses":
[INFO] [stdout]   12861.719 #/op
[INFO] [stdout] 
[INFO] [stdout] Secondary result "org.weakref.nitro.tpch.BenchmarkQueries.query19:iTLB-loads":
[INFO] [stdout]   1560815.126 #/op
[INFO] [stdout] 
[INFO] [stdout] Secondary result "org.weakref.nitro.tpch.BenchmarkQueries.query19:instructions":
[INFO] [stdout]   23878379995.954 #/op
[INFO] [stdout] 
[INFO] [stdout] Secondary result "org.weakref.nitro.tpch.BenchmarkQueries.query19:stalled-cycles-frontend":
[INFO] [stdout]   1650453239.213 #/op
[INFO] [stdout] 
[INFO] [stdout] 
[INFO] [stdout] # JMH version: 1.37
[INFO] [stdout] # VM version: JDK 26.0.1, OpenJDK 64-Bit Server VM, 26.0.1+8
[INFO] [stdout] # VM invoker: /opt/java/openjdk/bin/java
[INFO] [stdout] # VM options: --enable-preview --add-modules=jdk.incubator.vector -Dnitro.clickbench.hits.path= -Xmx12g -XX:+UseTransparentHugePages -Dnitro.tpch.parquet.path=/root/data/tpch-parquet-sf10 -Dnitro.tpch.parquet.schema=sf10
[INFO] [stdout] # Blackhole mode: compiler (auto-detected, use -Djmh.blackhole.autoDetect=false to disable)
[INFO] [stdout] # Warmup: 3 iterations, 1 s each
[INFO] [stdout] # Measurement: 5 iterations, 1 s each
[INFO] [stdout] # Timeout: 30 min per iteration
[INFO] [stdout] # Threads: 1 thread, will synchronize iterations
[INFO] [stdout] # Benchmark mode: Average time, time/op
[INFO] [stdout] # Benchmark: org.weakref.nitro.tpch.BenchmarkQueries.query20
[INFO] [stdout] 
[INFO] [stdout] # Run progress: 86.36% complete, ETA 00:00:42
[INFO] [stdout] # Fork: 1 of 1
[INFO] [stdout] # Preparing profilers: LinuxPerfNormProfiler 
[INFO] [stdout] # Profilers consume stderr from target VM, use -v EXTRA to copy to console
[INFO] [stdout] # Warmup Iteration   1: 1908.798 ms/op
[INFO] [stdout] # Warmup Iteration   2: 1422.943 ms/op
[INFO] [stdout] # Warmup Iteration   3: 1339.843 ms/op
[INFO] [stdout] Iteration   1: 1308.966 ms/op
[INFO] [stdout]                  gc.alloc.rate:      194.436 MB/sec
[INFO] [stdout]                  gc.alloc.rate.norm: 266900280.000 B/op
[INFO] [stdout]                  gc.count:           1.000 counts
[INFO] [stdout]                  gc.time:            ≈ 0 ms
[INFO] [stdout] 
[INFO] [stdout] Iteration   2: 1303.830 ms/op
[INFO] [stdout]                  gc.alloc.rate:      186.467 MB/sec
[INFO] [stdout]                  gc.alloc.rate.norm: 254958040.000 B/op
[INFO] [stdout]                  gc.count:           4.000 counts
[INFO] [stdout]                  gc.time:            3.000 ms
[INFO] [stdout] 
[INFO] [stdout] Iteration   3: 1288.870 ms/op
[INFO] [stdout]                  gc.alloc.rate:      188.359 MB/sec
[INFO] [stdout]                  gc.alloc.rate.norm: 254588752.000 B/op
[INFO] [stdout]                  gc.count:           ≈ 0 counts
[INFO] [stdout] 
[INFO] [stdout] Iteration   4: 1338.894 ms/op
[INFO] [stdout]                  gc.alloc.rate:      181.195 MB/sec
[INFO] [stdout]                  gc.alloc.rate.norm: 254407176.000 B/op
[INFO] [stdout]                  gc.count:           1.000 counts
[INFO] [stdout]                  gc.time:            2.000 ms
[INFO] [stdout] 
[INFO] [stdout] Iteration   5: 1286.557 ms/op
[INFO] [stdout]                  gc.alloc.rate:      188.504 MB/sec
[INFO] [stdout]                  gc.alloc.rate.norm: 254325280.000 B/op
[INFO] [stdout]                  gc.count:           ≈ 0 counts
[INFO] [stdout] 
[INFO] [stdout] # Processing profiler results: LinuxPerfNormProfiler 
[INFO] [stdout] 
[INFO] [stdout] 
[INFO] [stdout] Result "org.weakref.nitro.tpch.BenchmarkQueries.query20":
[INFO] [stdout]   1305.424 ±(99.9%) 80.895 ms/op [Average]
[INFO] [stdout]   (min, avg, max) = (1286.557, 1305.424, 1338.894), stdev = 21.008
[INFO] [stdout]   CI (99.9%): [1224.529, 1386.318] (assumes normal distribution)
[INFO] [stdout] 
[INFO] [stdout] Secondary result "org.weakref.nitro.tpch.BenchmarkQueries.query20:CPI":
[INFO] [stdout]   0.339 clks/insn
[INFO] [stdout] 
[INFO] [stdout] Secondary result "org.weakref.nitro.tpch.BenchmarkQueries.query20:IPC":
[INFO] [stdout]   2.946 insns/clk
[INFO] [stdout] 
[INFO] [stdout] Secondary result "org.weakref.nitro.tpch.BenchmarkQueries.query20:L1-dcache-load-misses":
[INFO] [stdout]   338266730.458 #/op
[INFO] [stdout] 
[INFO] [stdout] Secondary result "org.weakref.nitro.tpch.BenchmarkQueries.query20:L1-dcache-loads":
[INFO] [stdout]   10553580248.009 #/op
[INFO] [stdout] 
[INFO] [stdout] Secondary result "org.weakref.nitro.tpch.BenchmarkQueries.query20:L1-icache-load-misses":
[INFO] [stdout]   7310762.491 #/op
[INFO] [stdout] 
[INFO] [stdout] Secondary result "org.weakref.nitro.tpch.BenchmarkQueries.query20:L1-icache-loads":
[INFO] [stdout]   88175478.005 #/op
[INFO] [stdout] 
[INFO] [stdout] Secondary result "org.weakref.nitro.tpch.BenchmarkQueries.query20:branch-misses":
[INFO] [stdout]   25462199.776 #/op
[INFO] [stdout] 
[INFO] [stdout] Secondary result "org.weakref.nitro.tpch.BenchmarkQueries.query20:branches":
[INFO] [stdout]   4309992209.529 #/op
[INFO] [stdout] 
[INFO] [stdout] Secondary result "org.weakref.nitro.tpch.BenchmarkQueries.query20:cycles":
[INFO] [stdout]   7297308806.783 #/op
[INFO] [stdout] 
[INFO] [stdout] Secondary result "org.weakref.nitro.tpch.BenchmarkQueries.query20:dTLB-load-misses":
[INFO] [stdout]   321955.124 #/op
[INFO] [stdout] 
[INFO] [stdout] Secondary result "org.weakref.nitro.tpch.BenchmarkQueries.query20:dTLB-loads":
[INFO] [stdout]   4988616.777 #/op
[INFO] [stdout] 
[INFO] [stdout] Secondary result "org.weakref.nitro.tpch.BenchmarkQueries.query20:gc.alloc.rate":
[INFO] [stdout]   187.792 ±(99.9%) 18.290 MB/sec [Average]
[INFO] [stdout]   (min, avg, max) = (181.195, 187.792, 194.436), stdev = 4.750
[INFO] [stdout]   CI (99.9%): [169.502, 206.082] (assumes normal distribution)
[INFO] [stdout] 
[INFO] [stdout] Secondary result "org.weakref.nitro.tpch.BenchmarkQueries.query20:gc.alloc.rate.norm":
[INFO] [stdout]   257035905.600 ±(99.9%) 21254514.974 B/op [Average]
[INFO] [stdout]   (min, avg, max) = (254325280.000, 257035905.600, 266900280.000), stdev = 5519730.042
[INFO] [stdout]   CI (99.9%): [235781390.626, 278290420.574] (assumes normal distribution)
[INFO] [stdout] 
[INFO] [stdout] Secondary result "org.weakref.nitro.tpch.BenchmarkQueries.query20:gc.count":
[INFO] [stdout]   6.000 ±(99.9%) 0.001 counts [Sum]
[INFO] [stdout]   (min, avg, max) = (≈ 0, 1.200, 4.000), stdev = 1.643
[INFO] [stdout]   CI (99.9%): [6.000, 6.000] (assumes normal distribution)
[INFO] [stdout] 
[INFO] [stdout] Secondary result "org.weakref.nitro.tpch.BenchmarkQueries.query20:gc.time":
[INFO] [stdout]   5.000 ±(99.9%) 0.001 ms [Sum]
[INFO] [stdout]   (min, avg, max) = (≈ 0, 1.000, 3.000), stdev = 1.414
[INFO] [stdout]   CI (99.9%): [5.000, 5.000] (assumes normal distribution)
[INFO] [stdout] 
[INFO] [stdout] Secondary result "org.weakref.nitro.tpch.BenchmarkQueries.query20:iTLB-load-misses":
[INFO] [stdout]   52119.790 #/op
[INFO] [stdout] 
[INFO] [stdout] Secondary result "org.weakref.nitro.tpch.BenchmarkQueries.query20:iTLB-loads":
[INFO] [stdout]   1899263.392 #/op
[INFO] [stdout] 
[INFO] [stdout] Secondary result "org.weakref.nitro.tpch.BenchmarkQueries.query20:instructions":
[INFO] [stdout]   21496687300.482 #/op
[INFO] [stdout] 
[INFO] [stdout] Secondary result "org.weakref.nitro.tpch.BenchmarkQueries.query20:stalled-cycles-frontend":
[INFO] [stdout]   1314624990.742 #/op
[INFO] [stdout] 
[INFO] [stdout] 
[INFO] [stdout] # JMH version: 1.37
[INFO] [stdout] # VM version: JDK 26.0.1, OpenJDK 64-Bit Server VM, 26.0.1+8
[INFO] [stdout] # VM invoker: /opt/java/openjdk/bin/java
[INFO] [stdout] # VM options: --enable-preview --add-modules=jdk.incubator.vector -Dnitro.clickbench.hits.path= -Xmx12g -XX:+UseTransparentHugePages -Dnitro.tpch.parquet.path=/root/data/tpch-parquet-sf10 -Dnitro.tpch.parquet.schema=sf10
[INFO] [stdout] # Blackhole mode: compiler (auto-detected, use -Djmh.blackhole.autoDetect=false to disable)
[INFO] [stdout] # Warmup: 3 iterations, 1 s each
[INFO] [stdout] # Measurement: 5 iterations, 1 s each
[INFO] [stdout] # Timeout: 30 min per iteration
[INFO] [stdout] # Threads: 1 thread, will synchronize iterations
[INFO] [stdout] # Benchmark mode: Average time, time/op
[INFO] [stdout] # Benchmark: org.weakref.nitro.tpch.BenchmarkQueries.query21
[INFO] [stdout] 
[INFO] [stdout] # Run progress: 90.91% complete, ETA 00:00:28
[INFO] [stdout] # Fork: 1 of 1
[INFO] [stdout] # Preparing profilers: LinuxPerfNormProfiler 
[INFO] [stdout] # Profilers consume stderr from target VM, use -v EXTRA to copy to console
[INFO] [stdout] # Warmup Iteration   1: 4623.970 ms/op
[INFO] [stdout] # Warmup Iteration   2: 4662.810 ms/op
[INFO] [stdout] # Warmup Iteration   3: 5253.537 ms/op
[INFO] [stdout] Iteration   1: 4153.590 ms/op
[INFO] [stdout]                  gc.alloc.rate:      730.237 MB/sec
[INFO] [stdout]                  gc.alloc.rate.norm: 3180573968.000 B/op
[INFO] [stdout]                  gc.count:           4.000 counts
[INFO] [stdout]                  gc.time:            16.000 ms
[INFO] [stdout] 
[INFO] [stdout] Iteration   2: 5593.525 ms/op
[INFO] [stdout]                  gc.alloc.rate:      539.624 MB/sec
[INFO] [stdout]                  gc.alloc.rate.norm: 3165106648.000 B/op
[INFO] [stdout]                  gc.count:           1.000 counts
[INFO] [stdout]                  gc.time:            25.000 ms
[INFO] [stdout] 
[INFO] [stdout] Iteration   3: 3986.386 ms/op
[INFO] [stdout]                  gc.alloc.rate:      757.051 MB/sec
[INFO] [stdout]                  gc.alloc.rate.norm: 3164581560.000 B/op
[INFO] [stdout]                  gc.count:           ≈ 0 counts
[INFO] [stdout] 
[INFO] [stdout] Iteration   4: 4283.354 ms/op
[INFO] [stdout]                  gc.alloc.rate:      696.669 MB/sec
[INFO] [stdout]                  gc.alloc.rate.norm: 3129148264.000 B/op
[INFO] [stdout]                  gc.count:           1.000 counts
[INFO] [stdout]                  gc.time:            38.000 ms
[INFO] [stdout] 
[INFO] [stdout] Iteration   5: 3724.629 ms/op
[INFO] [stdout]                  gc.alloc.rate:      796.080 MB/sec
[INFO] [stdout]                  gc.alloc.rate.norm: 3109255312.000 B/op
[INFO] [stdout]                  gc.count:           4.000 counts
[INFO] [stdout]                  gc.time:            19.000 ms
[INFO] [stdout] 
[INFO] [stdout] # Processing profiler results: LinuxPerfNormProfiler 
[INFO] [stdout] 
[INFO] [stdout] 
[INFO] [stdout] Result "org.weakref.nitro.tpch.BenchmarkQueries.query21":
[INFO] [stdout]   4348.297 ±(99.9%) 2798.455 ms/op [Average]
[INFO] [stdout]   (min, avg, max) = (3724.629, 4348.297, 5593.525), stdev = 726.750
[INFO] [stdout]   CI (99.9%): [1549.842, 7146.752] (assumes normal distribution)
[INFO] [stdout] 
[INFO] [stdout] Secondary result "org.weakref.nitro.tpch.BenchmarkQueries.query21:CPI":
[INFO] [stdout]   0.389 clks/insn
[INFO] [stdout] 
[INFO] [stdout] Secondary result "org.weakref.nitro.tpch.BenchmarkQueries.query21:IPC":
[INFO] [stdout]   2.570 insns/clk
[INFO] [stdout] 
[INFO] [stdout] Secondary result "org.weakref.nitro.tpch.BenchmarkQueries.query21:L1-dcache-load-misses":
[INFO] [stdout]   850384639.895 #/op
[INFO] [stdout] 
[INFO] [stdout] Secondary result "org.weakref.nitro.tpch.BenchmarkQueries.query21:L1-dcache-loads":
[INFO] [stdout]   36067993619.232 #/op
[INFO] [stdout] 
[INFO] [stdout] Secondary result "org.weakref.nitro.tpch.BenchmarkQueries.query21:L1-icache-load-misses":
[INFO] [stdout]   17195096.193 #/op
[INFO] [stdout] 
[INFO] [stdout] Secondary result "org.weakref.nitro.tpch.BenchmarkQueries.query21:L1-icache-loads":
[INFO] [stdout]   230050673.758 #/op
[INFO] [stdout] 
[INFO] [stdout] Secondary result "org.weakref.nitro.tpch.BenchmarkQueries.query21:branch-misses":
[INFO] [stdout]   153866444.212 #/op
[INFO] [stdout] 
[INFO] [stdout] Secondary result "org.weakref.nitro.tpch.BenchmarkQueries.query21:branches":
[INFO] [stdout]   11716470988.488 #/op
[INFO] [stdout] 
[INFO] [stdout] Secondary result "org.weakref.nitro.tpch.BenchmarkQueries.query21:cycles":
[INFO] [stdout]   23817665437.874 #/op
[INFO] [stdout] 
[INFO] [stdout] Secondary result "org.weakref.nitro.tpch.BenchmarkQueries.query21:dTLB-load-misses":
[INFO] [stdout]   29040176.211 #/op
[INFO] [stdout] 
[INFO] [stdout] Secondary result "org.weakref.nitro.tpch.BenchmarkQueries.query21:dTLB-loads":
[INFO] [stdout]   112855070.180 #/op
[INFO] [stdout] 
[INFO] [stdout] Secondary result "org.weakref.nitro.tpch.BenchmarkQueries.query21:gc.alloc.rate":
[INFO] [stdout]   703.932 ±(99.9%) 380.487 MB/sec [Average]
[INFO] [stdout]   (min, avg, max) = (539.624, 703.932, 796.080), stdev = 98.811
[INFO] [stdout]   CI (99.9%): [323.445, 1084.419] (assumes normal distribution)
[INFO] [stdout] 
[INFO] [stdout] Secondary result "org.weakref.nitro.tpch.BenchmarkQueries.query21:gc.alloc.rate.norm":
[INFO] [stdout]   3149733150.400 ±(99.9%) 113417131.204 B/op [Average]
[INFO] [stdout]   (min, avg, max) = (3109255312.000, 3149733150.400, 3180573968.000), stdev = 29454068.802
[INFO] [stdout]   CI (99.9%): [3036316019.196, 3263150281.604] (assumes normal distribution)
[INFO] [stdout] 
[INFO] [stdout] Secondary result "org.weakref.nitro.tpch.BenchmarkQueries.query21:gc.count":
[INFO] [stdout]   10.000 ±(99.9%) 0.001 counts [Sum]
[INFO] [stdout]   (min, avg, max) = (≈ 0, 2.000, 4.000), stdev = 1.871
[INFO] [stdout]   CI (99.9%): [10.000, 10.000] (assumes normal distribution)
[INFO] [stdout] 
[INFO] [stdout] Secondary result "org.weakref.nitro.tpch.BenchmarkQueries.query21:gc.time":
[INFO] [stdout]   98.000 ±(99.9%) 0.001 ms [Sum]
[INFO] [stdout]   (min, avg, max) = (≈ 0, 19.600, 38.000), stdev = 13.831
[INFO] [stdout]   CI (99.9%): [98.000, 98.000] (assumes normal distribution)
[INFO] [stdout] 
[INFO] [stdout] Secondary result "org.weakref.nitro.tpch.BenchmarkQueries.query21:iTLB-load-misses":
[INFO] [stdout]   50245.721 #/op
[INFO] [stdout] 
[INFO] [stdout] Secondary result "org.weakref.nitro.tpch.BenchmarkQueries.query21:iTLB-loads":
[INFO] [stdout]   4029697.201 #/op
[INFO] [stdout] 
[INFO] [stdout] Secondary result "org.weakref.nitro.tpch.BenchmarkQueries.query21:instructions":
[INFO] [stdout]   61203497379.919 #/op
[INFO] [stdout] 
[INFO] [stdout] Secondary result "org.weakref.nitro.tpch.BenchmarkQueries.query21:stalled-cycles-frontend":
[INFO] [stdout]   3816076973.212 #/op
[INFO] [stdout] 
[INFO] [stdout] 
[INFO] [stdout] # JMH version: 1.37
[INFO] [stdout] # VM version: JDK 26.0.1, OpenJDK 64-Bit Server VM, 26.0.1+8
[INFO] [stdout] # VM invoker: /opt/java/openjdk/bin/java
[INFO] [stdout] # VM options: --enable-preview --add-modules=jdk.incubator.vector -Dnitro.clickbench.hits.path= -Xmx12g -XX:+UseTransparentHugePages -Dnitro.tpch.parquet.path=/root/data/tpch-parquet-sf10 -Dnitro.tpch.parquet.schema=sf10
[INFO] [stdout] # Blackhole mode: compiler (auto-detected, use -Djmh.blackhole.autoDetect=false to disable)
[INFO] [stdout] # Warmup: 3 iterations, 1 s each
[INFO] [stdout] # Measurement: 5 iterations, 1 s each
[INFO] [stdout] # Timeout: 30 min per iteration
[INFO] [stdout] # Threads: 1 thread, will synchronize iterations
[INFO] [stdout] # Benchmark mode: Average time, time/op
[INFO] [stdout] # Benchmark: org.weakref.nitro.tpch.BenchmarkQueries.query22
[INFO] [stdout] 
[INFO] [stdout] # Run progress: 95.45% complete, ETA 00:00:15
[INFO] [stdout] # Fork: 1 of 1
[INFO] [stdout] # Preparing profilers: LinuxPerfNormProfiler 
[INFO] [stdout] # Profilers consume stderr from target VM, use -v EXTRA to copy to console
[INFO] [stdout] # Warmup Iteration   1: 552.800 ms/op
[INFO] [stdout] # Warmup Iteration   2: 344.959 ms/op
[INFO] [stdout] # Warmup Iteration   3: 342.027 ms/op
[INFO] [stdout] Iteration   1: 341.086 ms/op
[INFO] [stdout]                  gc.alloc.rate:      199.182 MB/sec
[INFO] [stdout]                  gc.alloc.rate.norm: 71248498.667 B/op
[INFO] [stdout]                  gc.count:           10.000 counts
[INFO] [stdout]                  gc.time:            7.000 ms
[INFO] [stdout] 
[INFO] [stdout] Iteration   2: 346.389 ms/op
[INFO] [stdout]                  gc.alloc.rate:      196.039 MB/sec
[INFO] [stdout]                  gc.alloc.rate.norm: 71212522.667 B/op
[INFO] [stdout]                  gc.count:           8.000 counts
[INFO] [stdout]                  gc.time:            6.000 ms
[INFO] [stdout] 
[INFO] [stdout] Iteration   3: 350.602 ms/op
[INFO] [stdout]                  gc.alloc.rate:      193.625 MB/sec
[INFO] [stdout]                  gc.alloc.rate.norm: 71192984.000 B/op
[INFO] [stdout]                  gc.count:           9.000 counts
[INFO] [stdout]                  gc.time:            7.000 ms
[INFO] [stdout] 
[INFO] [stdout] Iteration   4: 346.897 ms/op
[INFO] [stdout]                  gc.alloc.rate:      195.617 MB/sec
[INFO] [stdout]                  gc.alloc.rate.norm: 71163808.000 B/op
[INFO] [stdout]                  gc.count:           8.000 counts
[INFO] [stdout]                  gc.time:            5.000 ms
[INFO] [stdout] 
[INFO] [stdout] Iteration   5: 347.213 ms/op
[INFO] [stdout]                  gc.alloc.rate:      195.420 MB/sec
[INFO] [stdout]                  gc.alloc.rate.norm: 71158192.000 B/op
[INFO] [stdout]                  gc.count:           9.000 counts
[INFO] [stdout]                  gc.time:            6.000 ms
[INFO] [stdout] 
[INFO] [stdout] # Processing profiler results: LinuxPerfNormProfiler 
[INFO] [stdout] 
[INFO] [stdout] 
[INFO] [stdout] Result "org.weakref.nitro.tpch.BenchmarkQueries.query22":
[INFO] [stdout]   346.438 ±(99.9%) 13.172 ms/op [Average]
[INFO] [stdout]   (min, avg, max) = (341.086, 346.438, 350.602), stdev = 3.421
[INFO] [stdout]   CI (99.9%): [333.266, 359.609] (assumes normal distribution)
[INFO] [stdout] 
[INFO] [stdout] Secondary result "org.weakref.nitro.tpch.BenchmarkQueries.query22:CPI":
[INFO] [stdout]   0.234 clks/insn
[INFO] [stdout] 
[INFO] [stdout] Secondary result "org.weakref.nitro.tpch.BenchmarkQueries.query22:IPC":
[INFO] [stdout]   4.274 insns/clk
[INFO] [stdout] 
[INFO] [stdout] Secondary result "org.weakref.nitro.tpch.BenchmarkQueries.query22:L1-dcache-load-misses":
[INFO] [stdout]   53248605.259 #/op
[INFO] [stdout] 
[INFO] [stdout] Secondary result "org.weakref.nitro.tpch.BenchmarkQueries.query22:L1-dcache-loads":
[INFO] [stdout]   3824131493.245 #/op
[INFO] [stdout] 
[INFO] [stdout] Secondary result "org.weakref.nitro.tpch.BenchmarkQueries.query22:L1-icache-load-misses":
[INFO] [stdout]   1826331.658 #/op
[INFO] [stdout] 
[INFO] [stdout] Secondary result "org.weakref.nitro.tpch.BenchmarkQueries.query22:L1-icache-loads":
[INFO] [stdout]   23314570.090 #/op
[INFO] [stdout] 
[INFO] [stdout] Secondary result "org.weakref.nitro.tpch.BenchmarkQueries.query22:branch-misses":
[INFO] [stdout]   5415173.088 #/op
[INFO] [stdout] 
[INFO] [stdout] Secondary result "org.weakref.nitro.tpch.BenchmarkQueries.query22:branches":
[INFO] [stdout]   1665915868.134 #/op
[INFO] [stdout] 
[INFO] [stdout] Secondary result "org.weakref.nitro.tpch.BenchmarkQueries.query22:cycles":
[INFO] [stdout]   2025476691.145 #/op
[INFO] [stdout] 
[INFO] [stdout] Secondary result "org.weakref.nitro.tpch.BenchmarkQueries.query22:dTLB-load-misses":
[INFO] [stdout]   84731.797 #/op
[INFO] [stdout] 
[INFO] [stdout] Secondary result "org.weakref.nitro.tpch.BenchmarkQueries.query22:dTLB-loads":
[INFO] [stdout]   1517637.867 #/op
[INFO] [stdout] 
[INFO] [stdout] Secondary result "org.weakref.nitro.tpch.BenchmarkQueries.query22:gc.alloc.rate":
[INFO] [stdout]   195.977 ±(99.9%) 7.760 MB/sec [Average]
[INFO] [stdout]   (min, avg, max) = (193.625, 195.977, 199.182), stdev = 2.015
[INFO] [stdout]   CI (99.9%): [188.216, 203.737] (assumes normal distribution)
[INFO] [stdout] 
[INFO] [stdout] Secondary result "org.weakref.nitro.tpch.BenchmarkQueries.query22:gc.alloc.rate.norm":
[INFO] [stdout]   71195201.067 ±(99.9%) 142795.862 B/op [Average]
[INFO] [stdout]   (min, avg, max) = (71158192.000, 71195201.067, 71248498.667), stdev = 37083.632
[INFO] [stdout]   CI (99.9%): [71052405.205, 71337996.929] (assumes normal distribution)
[INFO] [stdout] 
[INFO] [stdout] Secondary result "org.weakref.nitro.tpch.BenchmarkQueries.query22:gc.count":
[INFO] [stdout]   44.000 ±(99.9%) 0.001 counts [Sum]
[INFO] [stdout]   (min, avg, max) = (8.000, 8.800, 10.000), stdev = 0.837
[INFO] [stdout]   CI (99.9%): [44.000, 44.000] (assumes normal distribution)
[INFO] [stdout] 
[INFO] [stdout] Secondary result "org.weakref.nitro.tpch.BenchmarkQueries.query22:gc.time":
[INFO] [stdout]   31.000 ±(99.9%) 0.001 ms [Sum]
[INFO] [stdout]   (min, avg, max) = (5.000, 6.200, 7.000), stdev = 0.837
[INFO] [stdout]   CI (99.9%): [31.000, 31.000] (assumes normal distribution)
[INFO] [stdout] 
[INFO] [stdout] Secondary result "org.weakref.nitro.tpch.BenchmarkQueries.query22:iTLB-load-misses":
[INFO] [stdout]   17676.803 #/op
[INFO] [stdout] 
[INFO] [stdout] Secondary result "org.weakref.nitro.tpch.BenchmarkQueries.query22:iTLB-loads":
[INFO] [stdout]   1154658.692 #/op
[INFO] [stdout] 
[INFO] [stdout] Secondary result "org.weakref.nitro.tpch.BenchmarkQueries.query22:instructions":
[INFO] [stdout]   8657653030.219 #/op
[INFO] [stdout] 
[INFO] [stdout] Secondary result "org.weakref.nitro.tpch.BenchmarkQueries.query22:stalled-cycles-frontend":
[INFO] [stdout]   401037355.289 #/op
[INFO] [stdout] 
[INFO] [stdout] 
[INFO] [stdout] # Run complete. Total time: 00:05:28
[INFO] [stdout] 
[INFO] [stdout] REMEMBER: The numbers below are just data. To gain reusable insights, you need to follow up on
[INFO] [stdout] why the numbers are the way they are. Use profilers (see -prof, -lprof), design factorial
[INFO] [stdout] experiments, perform baseline and negative tests that provide experimental control, make sure
[INFO] [stdout] the benchmarking environment is safe on JVM/OS/HW level, ask for reviews from the domain experts.
[INFO] [stdout] Do not assume the numbers tell you what you want them to tell.
[INFO] [stdout] 
[INFO] [stdout] NOTE: Current JVM experimentally supports Compiler Blackholes, and they are in use. Please exercise
[INFO] [stdout] extra caution when trusting the results, look into the generated code to check the benchmark still
[INFO] [stdout] works, and factor in a small probability of new VM bugs. Additionally, while comparisons between
[INFO] [stdout] different JVMs are already problematic, the performance difference caused by different Blackhole
[INFO] [stdout] modes can be very significant. Please make sure you use the consistent Blackhole mode for comparisons.
[INFO] [stdout] 
[INFO] [stdout] Benchmark                                         Mode  Cnt            Score           Error      Units
[INFO] [stdout] BenchmarkQueries.query01                          avgt    5         1792.398 ±        13.831      ms/op
[INFO] [stdout] BenchmarkQueries.query01:CPI                      avgt                 0.214                  clks/insn
[INFO] [stdout] BenchmarkQueries.query01:IPC                      avgt                 4.679                  insns/clk
[INFO] [stdout] BenchmarkQueries.query01:L1-dcache-load-misses    avgt         451056588.441                       #/op
[INFO] [stdout] BenchmarkQueries.query01:L1-dcache-loads          avgt       18638615503.472                       #/op
[INFO] [stdout] BenchmarkQueries.query01:L1-icache-load-misses    avgt           6552261.506                       #/op
[INFO] [stdout] BenchmarkQueries.query01:L1-icache-loads          avgt          95454439.134                       #/op
[INFO] [stdout] BenchmarkQueries.query01:branch-misses            avgt          10569079.551                       #/op
[INFO] [stdout] BenchmarkQueries.query01:branches                 avgt        9553130876.000                       #/op
[INFO] [stdout] BenchmarkQueries.query01:cycles                   avgt        9470935235.312                       #/op
[INFO] [stdout] BenchmarkQueries.query01:dTLB-load-misses         avgt            190422.453                       #/op
[INFO] [stdout] BenchmarkQueries.query01:dTLB-loads               avgt           3108316.393                       #/op
[INFO] [stdout] BenchmarkQueries.query01:gc.alloc.rate            avgt    5           33.361 ±         0.243     MB/sec
[INFO] [stdout] BenchmarkQueries.query01:gc.alloc.rate.norm       avgt    5     62706214.400 ±     29156.359       B/op
[INFO] [stdout] BenchmarkQueries.query01:gc.count                 avgt    5            2.000                     counts
[INFO] [stdout] BenchmarkQueries.query01:gc.time                  avgt    5            2.000                         ms
[INFO] [stdout] BenchmarkQueries.query01:iTLB-load-misses         avgt             11459.624                       #/op
[INFO] [stdout] BenchmarkQueries.query01:iTLB-loads               avgt            790774.322                       #/op
[INFO] [stdout] BenchmarkQueries.query01:instructions             avgt       44309938719.392                       #/op
[INFO] [stdout] BenchmarkQueries.query01:stalled-cycles-frontend  avgt         950640542.964                       #/op
[INFO] [stdout] BenchmarkQueries.query02                          avgt    5          307.740 ±         3.622      ms/op
[INFO] [stdout] BenchmarkQueries.query02:CPI                      avgt                 0.282                  clks/insn
[INFO] [stdout] BenchmarkQueries.query02:IPC                      avgt                 3.550                  insns/clk
[INFO] [stdout] BenchmarkQueries.query02:L1-dcache-load-misses    avgt          57873702.682                       #/op
[INFO] [stdout] BenchmarkQueries.query02:L1-dcache-loads          avgt        2855793817.162                       #/op
[INFO] [stdout] BenchmarkQueries.query02:L1-icache-load-misses    avgt           1794334.827                       #/op
[INFO] [stdout] BenchmarkQueries.query02:L1-icache-loads          avgt          21613179.485                       #/op
[INFO] [stdout] BenchmarkQueries.query02:branch-misses            avgt           6676874.872                       #/op
[INFO] [stdout] BenchmarkQueries.query02:branches                 avgt        1330549737.112                       #/op
[INFO] [stdout] BenchmarkQueries.query02:cycles                   avgt        1833307452.468                       #/op
[INFO] [stdout] BenchmarkQueries.query02:dTLB-load-misses         avgt             98247.488                       #/op
[INFO] [stdout] BenchmarkQueries.query02:dTLB-loads               avgt           1709213.476                       #/op
[INFO] [stdout] BenchmarkQueries.query02:gc.alloc.rate            avgt    5          369.659 ±         4.504     MB/sec
[INFO] [stdout] BenchmarkQueries.query02:gc.alloc.rate.norm       avgt    5    119298260.000 ±    159089.214       B/op
[INFO] [stdout] BenchmarkQueries.query02:gc.count                 avgt    5           15.000                     counts
[INFO] [stdout] BenchmarkQueries.query02:gc.time                  avgt    5           17.000                         ms
[INFO] [stdout] BenchmarkQueries.query02:iTLB-load-misses         avgt             14553.385                       #/op
[INFO] [stdout] BenchmarkQueries.query02:iTLB-loads               avgt           1513149.289                       #/op
[INFO] [stdout] BenchmarkQueries.query02:instructions             avgt        6507706973.550                       #/op
[INFO] [stdout] BenchmarkQueries.query02:stalled-cycles-frontend  avgt         394475591.602                       #/op
[INFO] [stdout] BenchmarkQueries.query03                          avgt    5         1372.944 ±        37.374      ms/op
[INFO] [stdout] BenchmarkQueries.query03:CPI                      avgt                 0.265                  clks/insn
[INFO] [stdout] BenchmarkQueries.query03:IPC                      avgt                 3.772                  insns/clk
[INFO] [stdout] BenchmarkQueries.query03:L1-dcache-load-misses    avgt         158388792.439                       #/op
[INFO] [stdout] BenchmarkQueries.query03:L1-dcache-loads          avgt       12593552631.364                       #/op
[INFO] [stdout] BenchmarkQueries.query03:L1-icache-load-misses    avgt           4977163.704                       #/op
[INFO] [stdout] BenchmarkQueries.query03:L1-icache-loads          avgt          60788991.995                       #/op
[INFO] [stdout] BenchmarkQueries.query03:branch-misses            avgt          30597909.919                       #/op
[INFO] [stdout] BenchmarkQueries.query03:branches                 avgt        6089682298.627                       #/op
[INFO] [stdout] BenchmarkQueries.query03:cycles                   avgt        7778108006.450                       #/op
[INFO] [stdout] BenchmarkQueries.query03:dTLB-load-misses         avgt            311485.632                       #/op
[INFO] [stdout] BenchmarkQueries.query03:dTLB-loads               avgt           4894648.657                       #/op
[INFO] [stdout] BenchmarkQueries.query03:gc.alloc.rate            avgt    5           60.569 ±         1.589     MB/sec
[INFO] [stdout] BenchmarkQueries.query03:gc.alloc.rate.norm       avgt    5     87202152.000 ±    631826.921       B/op
[INFO] [stdout] BenchmarkQueries.query03:gc.count                 avgt    5           16.000                     counts
[INFO] [stdout] BenchmarkQueries.query03:gc.time                  avgt    5           21.000                         ms
[INFO] [stdout] BenchmarkQueries.query03:iTLB-load-misses         avgt             33484.653                       #/op
[INFO] [stdout] BenchmarkQueries.query03:iTLB-loads               avgt           2878053.959                       #/op
[INFO] [stdout] BenchmarkQueries.query03:instructions             avgt       29342710129.487                       #/op
[INFO] [stdout] BenchmarkQueries.query03:stalled-cycles-frontend  avgt        1825496697.882                       #/op
[INFO] [stdout] BenchmarkQueries.query04                          avgt    5          964.316 ±        14.019      ms/op
[INFO] [stdout] BenchmarkQueries.query04:CPI                      avgt                 0.370                  clks/insn
[INFO] [stdout] BenchmarkQueries.query04:IPC                      avgt                 2.705                  insns/clk
[INFO] [stdout] BenchmarkQueries.query04:L1-dcache-load-misses    avgt         202779908.567                       #/op
[INFO] [stdout] BenchmarkQueries.query04:L1-dcache-loads          avgt        8364970200.419                       #/op
[INFO] [stdout] BenchmarkQueries.query04:L1-icache-load-misses    avgt           3784023.701                       #/op
[INFO] [stdout] BenchmarkQueries.query04:L1-icache-loads          avgt          53962812.068                       #/op
[INFO] [stdout] BenchmarkQueries.query04:branch-misses            avgt          49570474.083                       #/op
[INFO] [stdout] BenchmarkQueries.query04:branches                 avgt        2903740648.305                       #/op
[INFO] [stdout] BenchmarkQueries.query04:cycles                   avgt        5241925276.218                       #/op
[INFO] [stdout] BenchmarkQueries.query04:dTLB-load-misses         avgt            169535.287                       #/op
[INFO] [stdout] BenchmarkQueries.query04:dTLB-loads               avgt           2511413.352                       #/op
[INFO] [stdout] BenchmarkQueries.query04:gc.alloc.rate            avgt    5          129.870 ±         1.738     MB/sec
[INFO] [stdout] BenchmarkQueries.query04:gc.alloc.rate.norm       avgt    5    131326380.000 ±    221361.822       B/op
[INFO] [stdout] BenchmarkQueries.query04:gc.count                 avgt    5            1.000                     counts
[INFO] [stdout] BenchmarkQueries.query04:gc.time                  avgt    5            3.000                         ms
[INFO] [stdout] BenchmarkQueries.query04:iTLB-load-misses         avgt             27484.074                       #/op
[INFO] [stdout] BenchmarkQueries.query04:iTLB-loads               avgt            958068.407                       #/op
[INFO] [stdout] BenchmarkQueries.query04:instructions             avgt       14177871169.182                       #/op
[INFO] [stdout] BenchmarkQueries.query04:stalled-cycles-frontend  avgt        1122074792.683                       #/op
[INFO] [stdout] BenchmarkQueries.query05                          avgt    5         1487.890 ±        27.150      ms/op
[INFO] [stdout] BenchmarkQueries.query05:CPI                      avgt                 0.271                  clks/insn
[INFO] [stdout] BenchmarkQueries.query05:IPC                      avgt                 3.694                  insns/clk
[INFO] [stdout] BenchmarkQueries.query05:L1-dcache-load-misses    avgt         207384381.700                       #/op
[INFO] [stdout] BenchmarkQueries.query05:L1-dcache-loads          avgt       13591571842.759                       #/op
[INFO] [stdout] BenchmarkQueries.query05:L1-icache-load-misses    avgt           6140107.058                       #/op
[INFO] [stdout] BenchmarkQueries.query05:L1-icache-loads          avgt          72208989.591                       #/op
[INFO] [stdout] BenchmarkQueries.query05:branch-misses            avgt          28536959.099                       #/op
[INFO] [stdout] BenchmarkQueries.query05:branches                 avgt        6693336642.480                       #/op
[INFO] [stdout] BenchmarkQueries.query05:cycles                   avgt        8605300772.320                       #/op
[INFO] [stdout] BenchmarkQueries.query05:dTLB-load-misses         avgt            384102.923                       #/op
[INFO] [stdout] BenchmarkQueries.query05:dTLB-loads               avgt           6723845.761                       #/op
[INFO] [stdout] BenchmarkQueries.query05:gc.alloc.rate            avgt    5          130.457 ±         2.198     MB/sec
[INFO] [stdout] BenchmarkQueries.query05:gc.alloc.rate.norm       avgt    5    203549115.200 ±    889356.954       B/op
[INFO] [stdout] BenchmarkQueries.query05:gc.count                 avgt    5           35.000                     counts
[INFO] [stdout] BenchmarkQueries.query05:gc.time                  avgt    5           23.000                         ms
[INFO] [stdout] BenchmarkQueries.query05:iTLB-load-misses         avgt             46868.033                       #/op
[INFO] [stdout] BenchmarkQueries.query05:iTLB-loads               avgt           3425915.812                       #/op
[INFO] [stdout] BenchmarkQueries.query05:instructions             avgt       31788684574.712                       #/op
[INFO] [stdout] BenchmarkQueries.query05:stalled-cycles-frontend  avgt        1926010006.773                       #/op
[INFO] [stdout] BenchmarkQueries.query06                          avgt    5          721.539 ±        10.312      ms/op
[INFO] [stdout] BenchmarkQueries.query06:CPI                      avgt                 0.260                  clks/insn
[INFO] [stdout] BenchmarkQueries.query06:IPC                      avgt                 3.848                  insns/clk
[INFO] [stdout] BenchmarkQueries.query06:L1-dcache-load-misses    avgt          59425149.777                       #/op
[INFO] [stdout] BenchmarkQueries.query06:L1-dcache-loads          avgt        6808150393.179                       #/op
[INFO] [stdout] BenchmarkQueries.query06:L1-icache-load-misses    avgt           1649081.735                       #/op
[INFO] [stdout] BenchmarkQueries.query06:L1-icache-loads          avgt          22447845.692                       #/op
[INFO] [stdout] BenchmarkQueries.query06:branch-misses            avgt          13620763.591                       #/op
[INFO] [stdout] BenchmarkQueries.query06:branches                 avgt        2934058930.295                       #/op
[INFO] [stdout] BenchmarkQueries.query06:cycles                   avgt        3830288400.909                       #/op
[INFO] [stdout] BenchmarkQueries.query06:dTLB-load-misses         avgt            156700.002                       #/op
[INFO] [stdout] BenchmarkQueries.query06:dTLB-loads               avgt           1198348.222                       #/op
[INFO] [stdout] BenchmarkQueries.query06:gc.alloc.rate            avgt    5           51.761 ±         0.692     MB/sec
[INFO] [stdout] BenchmarkQueries.query06:gc.alloc.rate.norm       avgt    5     39164726.400 ±     43400.748       B/op
[INFO] [stdout] BenchmarkQueries.query06:gc.count                 avgt    5            6.000                     counts
[INFO] [stdout] BenchmarkQueries.query06:gc.time                  avgt    5            3.000                         ms
[INFO] [stdout] BenchmarkQueries.query06:iTLB-load-misses         avgt              9245.814                       #/op
[INFO] [stdout] BenchmarkQueries.query06:iTLB-loads               avgt            705419.347                       #/op
[INFO] [stdout] BenchmarkQueries.query06:instructions             avgt       14738293707.674                       #/op
[INFO] [stdout] BenchmarkQueries.query06:stalled-cycles-frontend  avgt         892451721.545                       #/op
[INFO] [stdout] BenchmarkQueries.query07                          avgt    5         2450.904 ±        38.710      ms/op
[INFO] [stdout] BenchmarkQueries.query07:CPI                      avgt                 0.254                  clks/insn
[INFO] [stdout] BenchmarkQueries.query07:IPC                      avgt                 3.940                  insns/clk
[INFO] [stdout] BenchmarkQueries.query07:L1-dcache-load-misses    avgt         495150627.838                       #/op
[INFO] [stdout] BenchmarkQueries.query07:L1-dcache-loads          avgt       23473523501.651                       #/op
[INFO] [stdout] BenchmarkQueries.query07:L1-icache-load-misses    avgt          13644067.304                       #/op
[INFO] [stdout] BenchmarkQueries.query07:L1-icache-loads          avgt         185350859.539                       #/op
[INFO] [stdout] BenchmarkQueries.query07:branch-misses            avgt          37369237.905                       #/op
[INFO] [stdout] BenchmarkQueries.query07:branches                 avgt       10586103607.830                       #/op
[INFO] [stdout] BenchmarkQueries.query07:cycles                   avgt       13024507896.488                       #/op
[INFO] [stdout] BenchmarkQueries.query07:dTLB-load-misses         avgt            339486.441                       #/op
[INFO] [stdout] BenchmarkQueries.query07:dTLB-loads               avgt           5828807.200                       #/op
[INFO] [stdout] BenchmarkQueries.query07:gc.alloc.rate            avgt    5          354.694 ±         5.578     MB/sec
[INFO] [stdout] BenchmarkQueries.query07:gc.alloc.rate.norm       avgt    5    911584828.800 ±     31671.446       B/op
[INFO] [stdout] BenchmarkQueries.query07:gc.count                 avgt    5           16.000                     counts
[INFO] [stdout] BenchmarkQueries.query07:gc.time                  avgt    5           25.000                         ms
[INFO] [stdout] BenchmarkQueries.query07:iTLB-load-misses         avgt             20539.741                       #/op
[INFO] [stdout] BenchmarkQueries.query07:iTLB-loads               avgt            930203.584                       #/op
[INFO] [stdout] BenchmarkQueries.query07:instructions             avgt       51311725647.267                       #/op
[INFO] [stdout] BenchmarkQueries.query07:stalled-cycles-frontend  avgt        2120803457.026                       #/op
[INFO] [stdout] BenchmarkQueries.query08                          avgt    5         1682.758 ±        41.311      ms/op
[INFO] [stdout] BenchmarkQueries.query08:CPI                      avgt                 0.255                  clks/insn
[INFO] [stdout] BenchmarkQueries.query08:IPC                      avgt                 3.914                  insns/clk
[INFO] [stdout] BenchmarkQueries.query08:L1-dcache-load-misses    avgt         150466587.089                       #/op
[INFO] [stdout] BenchmarkQueries.query08:L1-dcache-loads          avgt       15211365404.343                       #/op
[INFO] [stdout] BenchmarkQueries.query08:L1-icache-load-misses    avgt           4916874.128                       #/op
[INFO] [stdout] BenchmarkQueries.query08:L1-icache-loads          avgt          63078944.208                       #/op
[INFO] [stdout] BenchmarkQueries.query08:branch-misses            avgt          17879969.900                       #/op
[INFO] [stdout] BenchmarkQueries.query08:branches                 avgt        7860141638.324                       #/op
[INFO] [stdout] BenchmarkQueries.query08:cycles                   avgt        9340876503.124                       #/op
[INFO] [stdout] BenchmarkQueries.query08:dTLB-load-misses         avgt            437206.194                       #/op
[INFO] [stdout] BenchmarkQueries.query08:dTLB-loads               avgt           5603904.468                       #/op
[INFO] [stdout] BenchmarkQueries.query08:gc.alloc.rate            avgt    5           33.453 ±         5.351     MB/sec
[INFO] [stdout] BenchmarkQueries.query08:gc.alloc.rate.norm       avgt    5     59021620.800 ±   8379258.948       B/op
[INFO] [stdout] BenchmarkQueries.query08:gc.count                 avgt    5            7.000                     counts
[INFO] [stdout] BenchmarkQueries.query08:gc.time                  avgt    5            6.000                         ms
[INFO] [stdout] BenchmarkQueries.query08:iTLB-load-misses         avgt             33546.086                       #/op
[INFO] [stdout] BenchmarkQueries.query08:iTLB-loads               avgt           2484652.406                       #/op
[INFO] [stdout] BenchmarkQueries.query08:instructions             avgt       36562295130.010                       #/op
[INFO] [stdout] BenchmarkQueries.query08:stalled-cycles-frontend  avgt        2357411596.815                       #/op
[INFO] [stdout] BenchmarkQueries.query09                          avgt    5         2783.730 ±        84.450      ms/op
[INFO] [stdout] BenchmarkQueries.query09:CPI                      avgt                 0.293                  clks/insn
[INFO] [stdout] BenchmarkQueries.query09:IPC                      avgt                 3.411                  insns/clk
[INFO] [stdout] BenchmarkQueries.query09:L1-dcache-load-misses    avgt         402528636.022                       #/op
[INFO] [stdout] BenchmarkQueries.query09:L1-dcache-loads          avgt       21377265285.254                       #/op
[INFO] [stdout] BenchmarkQueries.query09:L1-icache-load-misses    avgt           5984468.779                       #/op
[INFO] [stdout] BenchmarkQueries.query09:L1-icache-loads          avgt          76664757.182                       #/op
[INFO] [stdout] BenchmarkQueries.query09:branch-misses            avgt          33425247.011                       #/op
[INFO] [stdout] BenchmarkQueries.query09:branches                 avgt       10423156776.866                       #/op
[INFO] [stdout] BenchmarkQueries.query09:cycles                   avgt       15057567997.612                       #/op
[INFO] [stdout] BenchmarkQueries.query09:dTLB-load-misses         avgt            453302.842                       #/op
[INFO] [stdout] BenchmarkQueries.query09:dTLB-loads               avgt           6185016.236                       #/op
[INFO] [stdout] BenchmarkQueries.query09:gc.alloc.rate            avgt    5           45.827 ±         1.314     MB/sec
[INFO] [stdout] BenchmarkQueries.query09:gc.alloc.rate.norm       avgt    5    133768030.400 ±    313951.294       B/op
[INFO] [stdout] BenchmarkQueries.query09:gc.count                 avgt    5            5.000                     counts
[INFO] [stdout] BenchmarkQueries.query09:gc.time                  avgt    5            6.000                         ms
[INFO] [stdout] BenchmarkQueries.query09:iTLB-load-misses         avgt             31618.924                       #/op
[INFO] [stdout] BenchmarkQueries.query09:iTLB-loads               avgt           2912544.898                       #/op
[INFO] [stdout] BenchmarkQueries.query09:instructions             avgt       51368378285.041                       #/op
[INFO] [stdout] BenchmarkQueries.query09:stalled-cycles-frontend  avgt        2639669632.067                       #/op
[INFO] [stdout] BenchmarkQueries.query10                          avgt    5         2018.155 ±        36.732      ms/op
[INFO] [stdout] BenchmarkQueries.query10:CPI                      avgt                 0.294                  clks/insn
[INFO] [stdout] BenchmarkQueries.query10:IPC                      avgt                 3.399                  insns/clk
[INFO] [stdout] BenchmarkQueries.query10:L1-dcache-load-misses    avgt         382205663.115                       #/op
[INFO] [stdout] BenchmarkQueries.query10:L1-dcache-loads          avgt       17416127933.004                       #/op
[INFO] [stdout] BenchmarkQueries.query10:L1-icache-load-misses    avgt           8522528.383                       #/op
[INFO] [stdout] BenchmarkQueries.query10:L1-icache-loads          avgt         114096044.548                       #/op
[INFO] [stdout] BenchmarkQueries.query10:branch-misses            avgt          53586246.264                       #/op
[INFO] [stdout] BenchmarkQueries.query10:branches                 avgt        8126262959.057                       #/op
[INFO] [stdout] BenchmarkQueries.query10:cycles                   avgt       11458963101.436                       #/op
[INFO] [stdout] BenchmarkQueries.query10:dTLB-load-misses         avgt            457640.718                       #/op
[INFO] [stdout] BenchmarkQueries.query10:dTLB-loads               avgt          11909703.320                       #/op
[INFO] [stdout] BenchmarkQueries.query10:gc.alloc.rate            avgt    5          137.405 ±         2.378     MB/sec
[INFO] [stdout] BenchmarkQueries.query10:gc.alloc.rate.norm       avgt    5    290789404.800 ±    508854.714       B/op
[INFO] [stdout] BenchmarkQueries.query10:gc.count                 avgt    5            1.000                     counts
[INFO] [stdout] BenchmarkQueries.query10:gc.time                  avgt    5           11.000                         ms
[INFO] [stdout] BenchmarkQueries.query10:iTLB-load-misses         avgt             27919.240                       #/op
[INFO] [stdout] BenchmarkQueries.query10:iTLB-loads               avgt           2883078.361                       #/op
[INFO] [stdout] BenchmarkQueries.query10:instructions             avgt       38951777751.145                       #/op
[INFO] [stdout] BenchmarkQueries.query10:stalled-cycles-frontend  avgt        2537083706.035                       #/op
[INFO] [stdout] BenchmarkQueries.query11                          avgt    5          164.883 ±         3.381      ms/op
[INFO] [stdout] BenchmarkQueries.query11:CPI                      avgt                 0.258                  clks/insn
[INFO] [stdout] BenchmarkQueries.query11:IPC                      avgt                 3.869                  insns/clk
[INFO] [stdout] BenchmarkQueries.query11:L1-dcache-load-misses    avgt          21536422.402                       #/op
[INFO] [stdout] BenchmarkQueries.query11:L1-dcache-loads          avgt        1542047200.842                       #/op
[INFO] [stdout] BenchmarkQueries.query11:L1-icache-load-misses    avgt            681842.879                       #/op
[INFO] [stdout] BenchmarkQueries.query11:L1-icache-loads          avgt           8448103.903                       #/op
[INFO] [stdout] BenchmarkQueries.query11:branch-misses            avgt           2510008.341                       #/op
[INFO] [stdout] BenchmarkQueries.query11:branches                 avgt         740919750.682                       #/op
[INFO] [stdout] BenchmarkQueries.query11:cycles                   avgt         917857954.905                       #/op
[INFO] [stdout] BenchmarkQueries.query11:dTLB-load-misses         avgt             68471.676                       #/op
[INFO] [stdout] BenchmarkQueries.query11:dTLB-loads               avgt            630142.848                       #/op
[INFO] [stdout] BenchmarkQueries.query11:gc.alloc.rate            avgt    5          133.854 ±         2.303     MB/sec
[INFO] [stdout] BenchmarkQueries.query11:gc.alloc.rate.norm       avgt    5     23144810.971 ±     89389.398       B/op
[INFO] [stdout] BenchmarkQueries.query11:gc.count                 avgt    5            3.000                     counts
[INFO] [stdout] BenchmarkQueries.query11:gc.time                  avgt    5            3.000                         ms
[INFO] [stdout] BenchmarkQueries.query11:iTLB-load-misses         avgt              6590.942                       #/op
[INFO] [stdout] BenchmarkQueries.query11:iTLB-loads               avgt            307988.372                       #/op
[INFO] [stdout] BenchmarkQueries.query11:instructions             avgt        3550977811.063                       #/op
[INFO] [stdout] BenchmarkQueries.query11:stalled-cycles-frontend  avgt         209751292.028                       #/op
[INFO] [stdout] BenchmarkQueries.query12                          avgt    5          761.659 ±        10.528      ms/op
[INFO] [stdout] BenchmarkQueries.query12:CPI                      avgt                 0.315                  clks/insn
[INFO] [stdout] BenchmarkQueries.query12:IPC                      avgt                 3.170                  insns/clk
[INFO] [stdout] BenchmarkQueries.query12:L1-dcache-load-misses    avgt         213063321.587                       #/op
[INFO] [stdout] BenchmarkQueries.query12:L1-dcache-loads          avgt        6338443190.215                       #/op
[INFO] [stdout] BenchmarkQueries.query12:L1-icache-load-misses    avgt           7638826.386                       #/op
[INFO] [stdout] BenchmarkQueries.query12:L1-icache-loads          avgt         109893048.518                       #/op
[INFO] [stdout] BenchmarkQueries.query12:branch-misses            avgt          25430016.658                       #/op
[INFO] [stdout] BenchmarkQueries.query12:branches                 avgt        2631520457.522                       #/op
[INFO] [stdout] BenchmarkQueries.query12:cycles                   avgt        4093343933.818                       #/op
[INFO] [stdout] BenchmarkQueries.query12:dTLB-load-misses         avgt            167764.377                       #/op
[INFO] [stdout] BenchmarkQueries.query12:dTLB-loads               avgt           3415553.080                       #/op
[INFO] [stdout] BenchmarkQueries.query12:gc.alloc.rate            avgt    5          146.783 ±         2.004     MB/sec
[INFO] [stdout] BenchmarkQueries.query12:gc.alloc.rate.norm       avgt    5    117237211.200 ±     25963.435       B/op
[INFO] [stdout] BenchmarkQueries.query12:gc.count                 avgt    5            7.000                     counts
[INFO] [stdout] BenchmarkQueries.query12:gc.time                  avgt    5            4.000                         ms
[INFO] [stdout] BenchmarkQueries.query12:iTLB-load-misses         avgt             13221.061                       #/op
[INFO] [stdout] BenchmarkQueries.query12:iTLB-loads               avgt           1402575.135                       #/op
[INFO] [stdout] BenchmarkQueries.query12:instructions             avgt       12975729056.914                       #/op
[INFO] [stdout] BenchmarkQueries.query12:stalled-cycles-frontend  avgt         908699211.459                       #/op
[INFO] [stdout] BenchmarkQueries.query13                          avgt    5         2443.549 ±       166.355      ms/op
[INFO] [stdout] BenchmarkQueries.query13:CPI                      avgt                 0.426                  clks/insn
[INFO] [stdout] BenchmarkQueries.query13:IPC                      avgt                 2.348                  insns/clk
[INFO] [stdout] BenchmarkQueries.query13:L1-dcache-load-misses    avgt         264589983.393                       #/op
[INFO] [stdout] BenchmarkQueries.query13:L1-dcache-loads          avgt       13443235676.133                       #/op
[INFO] [stdout] BenchmarkQueries.query13:L1-icache-load-misses    avgt           3971703.695                       #/op
[INFO] [stdout] BenchmarkQueries.query13:L1-icache-loads          avgt          52969672.840                       #/op
[INFO] [stdout] BenchmarkQueries.query13:branch-misses            avgt          65702071.913                       #/op
[INFO] [stdout] BenchmarkQueries.query13:branches                 avgt        6495316408.141                       #/op
[INFO] [stdout] BenchmarkQueries.query13:cycles                   avgt       13034376313.208                       #/op
[INFO] [stdout] BenchmarkQueries.query13:dTLB-load-misses         avgt            209177.044                       #/op
[INFO] [stdout] BenchmarkQueries.query13:dTLB-loads               avgt           2892020.796                       #/op
[INFO] [stdout] BenchmarkQueries.query13:gc.alloc.rate            avgt    5          140.932 ±         9.433     MB/sec
[INFO] [stdout] BenchmarkQueries.query13:gc.alloc.rate.norm       avgt    5    361035660.800 ±    242673.800       B/op
[INFO] [stdout] BenchmarkQueries.query13:gc.count                 avgt    5            2.000                     counts
[INFO] [stdout] BenchmarkQueries.query13:gc.time                  avgt    5           15.000                         ms
[INFO] [stdout] BenchmarkQueries.query13:iTLB-load-misses         avgt             22567.171                       #/op
[INFO] [stdout] BenchmarkQueries.query13:iTLB-loads               avgt           1140508.026                       #/op
[INFO] [stdout] BenchmarkQueries.query13:instructions             avgt       30604357604.805                       #/op
[INFO] [stdout] BenchmarkQueries.query13:stalled-cycles-frontend  avgt        2022450728.359                       #/op
[INFO] [stdout] BenchmarkQueries.query14                          avgt    5         1209.852 ±        54.277      ms/op
[INFO] [stdout] BenchmarkQueries.query14:CPI                      avgt                 0.268                  clks/insn
[INFO] [stdout] BenchmarkQueries.query14:IPC                      avgt                 3.735                  insns/clk
[INFO] [stdout] BenchmarkQueries.query14:L1-dcache-load-misses    avgt          84136620.987                       #/op
[INFO] [stdout] BenchmarkQueries.query14:L1-dcache-loads          avgt       10843127180.443                       #/op
[INFO] [stdout] BenchmarkQueries.query14:L1-icache-load-misses    avgt           4143133.775                       #/op
[INFO] [stdout] BenchmarkQueries.query14:L1-icache-loads          avgt          49698579.949                       #/op
[INFO] [stdout] BenchmarkQueries.query14:branch-misses            avgt          11275227.704                       #/op
[INFO] [stdout] BenchmarkQueries.query14:branches                 avgt        5413505114.947                       #/op
[INFO] [stdout] BenchmarkQueries.query14:cycles                   avgt        6855587041.364                       #/op
[INFO] [stdout] BenchmarkQueries.query14:dTLB-load-misses         avgt            344800.445                       #/op
[INFO] [stdout] BenchmarkQueries.query14:dTLB-loads               avgt           4798072.846                       #/op
[INFO] [stdout] BenchmarkQueries.query14:gc.alloc.rate            avgt    5          110.727 ±         6.131     MB/sec
[INFO] [stdout] BenchmarkQueries.query14:gc.alloc.rate.norm       avgt    5    140467265.600 ±   3380695.452       B/op
[INFO] [stdout] BenchmarkQueries.query14:gc.count                 avgt    5            2.000                     counts
[INFO] [stdout] BenchmarkQueries.query14:gc.time                  avgt    5            7.000                         ms
[INFO] [stdout] BenchmarkQueries.query14:iTLB-load-misses         avgt             39813.549                       #/op
[INFO] [stdout] BenchmarkQueries.query14:iTLB-loads               avgt           2396272.003                       #/op
[INFO] [stdout] BenchmarkQueries.query14:instructions             avgt       25607697703.674                       #/op
[INFO] [stdout] BenchmarkQueries.query14:stalled-cycles-frontend  avgt        1587699501.557                       #/op
[INFO] [stdout] BenchmarkQueries.query15                          avgt    5         1188.062 ±        26.133      ms/op
[INFO] [stdout] BenchmarkQueries.query15:CPI                      avgt                 0.260                  clks/insn
[INFO] [stdout] BenchmarkQueries.query15:IPC                      avgt                 3.843                  insns/clk
[INFO] [stdout] BenchmarkQueries.query15:L1-dcache-load-misses    avgt         100964449.725                       #/op
[INFO] [stdout] BenchmarkQueries.query15:L1-dcache-loads          avgt       11148544371.353                       #/op
[INFO] [stdout] BenchmarkQueries.query15:L1-icache-load-misses    avgt           4205315.990                       #/op
[INFO] [stdout] BenchmarkQueries.query15:L1-icache-loads          avgt          51495858.247                       #/op
[INFO] [stdout] BenchmarkQueries.query15:branch-misses            avgt          19235670.908                       #/op
[INFO] [stdout] BenchmarkQueries.query15:branches                 avgt        5484701251.225                       #/op
[INFO] [stdout] BenchmarkQueries.query15:cycles                   avgt        6718379855.289                       #/op
[INFO] [stdout] BenchmarkQueries.query15:dTLB-load-misses         avgt            417903.079                       #/op
[INFO] [stdout] BenchmarkQueries.query15:dTLB-loads               avgt           4924059.482                       #/op
[INFO] [stdout] BenchmarkQueries.query15:gc.alloc.rate            avgt    5           57.046 ±         1.299     MB/sec
[INFO] [stdout] BenchmarkQueries.query15:gc.alloc.rate.norm       avgt    5     71072078.400 ±    347326.392       B/op
[INFO] [stdout] BenchmarkQueries.query15:gc.count                 avgt    5            3.000                     counts
[INFO] [stdout] BenchmarkQueries.query15:gc.time                  avgt    5            3.000                         ms
[INFO] [stdout] BenchmarkQueries.query15:iTLB-load-misses         avgt             28808.098                       #/op
[INFO] [stdout] BenchmarkQueries.query15:iTLB-loads               avgt           2514190.002                       #/op
[INFO] [stdout] BenchmarkQueries.query15:instructions             avgt       25819097375.284                       #/op
[INFO] [stdout] BenchmarkQueries.query15:stalled-cycles-frontend  avgt        1752232043.517                       #/op
[INFO] [stdout] BenchmarkQueries.query16                          avgt    5          258.628 ±         4.001      ms/op
[INFO] [stdout] BenchmarkQueries.query16:CPI                      avgt                 0.292                  clks/insn
[INFO] [stdout] BenchmarkQueries.query16:IPC                      avgt                 3.426                  insns/clk
[INFO] [stdout] BenchmarkQueries.query16:L1-dcache-load-misses    avgt          45467311.401                       #/op
[INFO] [stdout] BenchmarkQueries.query16:L1-dcache-loads          avgt        2305259198.592                       #/op
[INFO] [stdout] BenchmarkQueries.query16:L1-icache-load-misses    avgt           2050583.409                       #/op
[INFO] [stdout] BenchmarkQueries.query16:L1-icache-loads          avgt          24384616.910                       #/op
[INFO] [stdout] BenchmarkQueries.query16:branch-misses            avgt           7607792.814                       #/op
[INFO] [stdout] BenchmarkQueries.query16:branches                 avgt        1115679851.964                       #/op
[INFO] [stdout] BenchmarkQueries.query16:cycles                   avgt        1548413011.045                       #/op
[INFO] [stdout] BenchmarkQueries.query16:dTLB-load-misses         avgt             57338.003                       #/op
[INFO] [stdout] BenchmarkQueries.query16:dTLB-loads               avgt           1429856.570                       #/op
[INFO] [stdout] BenchmarkQueries.query16:gc.alloc.rate            avgt    5          677.420 ±        10.235     MB/sec
[INFO] [stdout] BenchmarkQueries.query16:gc.alloc.rate.norm       avgt    5    183732643.200 ±     91184.675       B/op
[INFO] [stdout] BenchmarkQueries.query16:gc.count                 avgt    5            4.000                     counts
[INFO] [stdout] BenchmarkQueries.query16:gc.time                  avgt    5           11.000                         ms
[INFO] [stdout] BenchmarkQueries.query16:iTLB-load-misses         avgt             13230.213                       #/op
[INFO] [stdout] BenchmarkQueries.query16:iTLB-loads               avgt           1047054.769                       #/op
[INFO] [stdout] BenchmarkQueries.query16:instructions             avgt        5305286746.540                       #/op
[INFO] [stdout] BenchmarkQueries.query16:stalled-cycles-frontend  avgt         307122064.319                       #/op
[INFO] [stdout] BenchmarkQueries.query17                          avgt    5         1790.335 ±        62.667      ms/op
[INFO] [stdout] BenchmarkQueries.query17:CPI                      avgt                 0.254                  clks/insn
[INFO] [stdout] BenchmarkQueries.query17:IPC                      avgt                 3.930                  insns/clk
[INFO] [stdout] BenchmarkQueries.query17:L1-dcache-load-misses    avgt         548552406.470                       #/op
[INFO] [stdout] BenchmarkQueries.query17:L1-dcache-loads          avgt       16242374955.176                       #/op
[INFO] [stdout] BenchmarkQueries.query17:L1-icache-load-misses    avgt           5210862.622                       #/op
[INFO] [stdout] BenchmarkQueries.query17:L1-icache-loads          avgt          66131255.705                       #/op
[INFO] [stdout] BenchmarkQueries.query17:branch-misses            avgt           9035459.818                       #/op
[INFO] [stdout] BenchmarkQueries.query17:branches                 avgt        8268086653.319                       #/op
[INFO] [stdout] BenchmarkQueries.query17:cycles                   avgt        9841207338.515                       #/op
[INFO] [stdout] BenchmarkQueries.query17:dTLB-load-misses         avgt            350269.432                       #/op
[INFO] [stdout] BenchmarkQueries.query17:dTLB-loads               avgt           3929492.600                       #/op
[INFO] [stdout] BenchmarkQueries.query17:gc.alloc.rate            avgt    5          104.414 ±         7.331     MB/sec
[INFO] [stdout] BenchmarkQueries.query17:gc.alloc.rate.norm       avgt    5    196009230.400 ±   8613463.831       B/op
[INFO] [stdout] BenchmarkQueries.query17:gc.count                 avgt    5           19.000                     counts
[INFO] [stdout] BenchmarkQueries.query17:gc.time                  avgt    5           31.000                         ms
[INFO] [stdout] BenchmarkQueries.query17:iTLB-load-misses         avgt             31865.361                       #/op
[INFO] [stdout] BenchmarkQueries.query17:iTLB-loads               avgt           1925608.192                       #/op
[INFO] [stdout] BenchmarkQueries.query17:instructions             avgt       38675478559.616                       #/op
[INFO] [stdout] BenchmarkQueries.query17:stalled-cycles-frontend  avgt        1835680390.300                       #/op
[INFO] [stdout] BenchmarkQueries.query18                          avgt    5         1740.884 ±       147.958      ms/op
[INFO] [stdout] BenchmarkQueries.query18:CPI                      avgt                 0.307                  clks/insn
[INFO] [stdout] BenchmarkQueries.query18:IPC                      avgt                 3.257                  insns/clk
[INFO] [stdout] BenchmarkQueries.query18:L1-dcache-load-misses    avgt         307405564.062                       #/op
[INFO] [stdout] BenchmarkQueries.query18:L1-dcache-loads          avgt       16380409326.913                       #/op
[INFO] [stdout] BenchmarkQueries.query18:L1-icache-load-misses    avgt           6007404.730                       #/op
[INFO] [stdout] BenchmarkQueries.query18:L1-icache-loads          avgt          70202525.660                       #/op
[INFO] [stdout] BenchmarkQueries.query18:branch-misses            avgt          43102007.887                       #/op
[INFO] [stdout] BenchmarkQueries.query18:branches                 avgt        6514959056.472                       #/op
[INFO] [stdout] BenchmarkQueries.query18:cycles                   avgt        9842370065.060                       #/op
[INFO] [stdout] BenchmarkQueries.query18:dTLB-load-misses         avgt            241193.066                       #/op
[INFO] [stdout] BenchmarkQueries.query18:dTLB-loads               avgt           5078003.821                       #/op
[INFO] [stdout] BenchmarkQueries.query18:gc.alloc.rate            avgt    5          338.365 ±        87.956     MB/sec
[INFO] [stdout] BenchmarkQueries.query18:gc.alloc.rate.norm       avgt    5    617978113.600 ± 183512128.671       B/op
[INFO] [stdout] BenchmarkQueries.query18:gc.count                 avgt    5           16.000                     counts
[INFO] [stdout] BenchmarkQueries.query18:gc.time                  avgt    5           40.000                         ms
[INFO] [stdout] BenchmarkQueries.query18:iTLB-load-misses         avgt             48731.719                       #/op
[INFO] [stdout] BenchmarkQueries.query18:iTLB-loads               avgt           4424549.005                       #/op
[INFO] [stdout] BenchmarkQueries.query18:instructions             avgt       32054981664.975                       #/op
[INFO] [stdout] BenchmarkQueries.query18:stalled-cycles-frontend  avgt        1569177481.274                       #/op
[INFO] [stdout] BenchmarkQueries.query19                          avgt    5         1236.477 ±        22.704      ms/op
[INFO] [stdout] BenchmarkQueries.query19:CPI                      avgt                 0.284                  clks/insn
[INFO] [stdout] BenchmarkQueries.query19:IPC                      avgt                 3.527                  insns/clk
[INFO] [stdout] BenchmarkQueries.query19:L1-dcache-load-misses    avgt         241691917.771                       #/op
[INFO] [stdout] BenchmarkQueries.query19:L1-dcache-loads          avgt       10495136807.048                       #/op
[INFO] [stdout] BenchmarkQueries.query19:L1-icache-load-misses    avgt           7745695.531                       #/op
[INFO] [stdout] BenchmarkQueries.query19:L1-icache-loads          avgt         109392360.970                       #/op
[INFO] [stdout] BenchmarkQueries.query19:branch-misses            avgt          29094993.244                       #/op
[INFO] [stdout] BenchmarkQueries.query19:branches                 avgt        5110474133.684                       #/op
[INFO] [stdout] BenchmarkQueries.query19:cycles                   avgt        6770456268.430                       #/op
[INFO] [stdout] BenchmarkQueries.query19:dTLB-load-misses         avgt            263429.247                       #/op
[INFO] [stdout] BenchmarkQueries.query19:dTLB-loads               avgt           4902853.539                       #/op
[INFO] [stdout] BenchmarkQueries.query19:gc.alloc.rate            avgt    5          391.862 ±         6.859     MB/sec
[INFO] [stdout] BenchmarkQueries.query19:gc.alloc.rate.norm       avgt    5    508104912.000 ±    743403.902       B/op
[INFO] [stdout] BenchmarkQueries.query19:gc.count                 avgt    5            3.000                     counts
[INFO] [stdout] BenchmarkQueries.query19:gc.time                  avgt    5            5.000                         ms
[INFO] [stdout] BenchmarkQueries.query19:iTLB-load-misses         avgt             12861.719                       #/op
[INFO] [stdout] BenchmarkQueries.query19:iTLB-loads               avgt           1560815.126                       #/op
[INFO] [stdout] BenchmarkQueries.query19:instructions             avgt       23878379995.954                       #/op
[INFO] [stdout] BenchmarkQueries.query19:stalled-cycles-frontend  avgt        1650453239.213                       #/op
[INFO] [stdout] BenchmarkQueries.query20                          avgt    5         1305.424 ±        80.895      ms/op
[INFO] [stdout] BenchmarkQueries.query20:CPI                      avgt                 0.339                  clks/insn
[INFO] [stdout] BenchmarkQueries.query20:IPC                      avgt                 2.946                  insns/clk
[INFO] [stdout] BenchmarkQueries.query20:L1-dcache-load-misses    avgt         338266730.458                       #/op
[INFO] [stdout] BenchmarkQueries.query20:L1-dcache-loads          avgt       10553580248.009                       #/op
[INFO] [stdout] BenchmarkQueries.query20:L1-icache-load-misses    avgt           7310762.491                       #/op
[INFO] [stdout] BenchmarkQueries.query20:L1-icache-loads          avgt          88175478.005                       #/op
[INFO] [stdout] BenchmarkQueries.query20:branch-misses            avgt          25462199.776                       #/op
[INFO] [stdout] BenchmarkQueries.query20:branches                 avgt        4309992209.529                       #/op
[INFO] [stdout] BenchmarkQueries.query20:cycles                   avgt        7297308806.783                       #/op
[INFO] [stdout] BenchmarkQueries.query20:dTLB-load-misses         avgt            321955.124                       #/op
[INFO] [stdout] BenchmarkQueries.query20:dTLB-loads               avgt           4988616.777                       #/op
[INFO] [stdout] BenchmarkQueries.query20:gc.alloc.rate            avgt    5          187.792 ±        18.290     MB/sec
[INFO] [stdout] BenchmarkQueries.query20:gc.alloc.rate.norm       avgt    5    257035905.600 ±  21254514.974       B/op
[INFO] [stdout] BenchmarkQueries.query20:gc.count                 avgt    5            6.000                     counts
[INFO] [stdout] BenchmarkQueries.query20:gc.time                  avgt    5            5.000                         ms
[INFO] [stdout] BenchmarkQueries.query20:iTLB-load-misses         avgt             52119.790                       #/op
[INFO] [stdout] BenchmarkQueries.query20:iTLB-loads               avgt           1899263.392                       #/op
[INFO] [stdout] BenchmarkQueries.query20:instructions             avgt       21496687300.482                       #/op
[INFO] [stdout] BenchmarkQueries.query20:stalled-cycles-frontend  avgt        1314624990.742                       #/op
[INFO] [stdout] BenchmarkQueries.query21                          avgt    5         4348.297 ±      2798.455      ms/op
[INFO] [stdout] BenchmarkQueries.query21:CPI                      avgt                 0.389                  clks/insn
[INFO] [stdout] BenchmarkQueries.query21:IPC                      avgt                 2.570                  insns/clk
[INFO] [stdout] BenchmarkQueries.query21:L1-dcache-load-misses    avgt         850384639.895                       #/op
[INFO] [stdout] BenchmarkQueries.query21:L1-dcache-loads          avgt       36067993619.232                       #/op
[INFO] [stdout] BenchmarkQueries.query21:L1-icache-load-misses    avgt          17195096.193                       #/op
[INFO] [stdout] BenchmarkQueries.query21:L1-icache-loads          avgt         230050673.758                       #/op
[INFO] [stdout] BenchmarkQueries.query21:branch-misses            avgt         153866444.212                       #/op
[INFO] [stdout] BenchmarkQueries.query21:branches                 avgt       11716470988.488                       #/op
[INFO] [stdout] BenchmarkQueries.query21:cycles                   avgt       23817665437.874                       #/op
[INFO] [stdout] BenchmarkQueries.query21:dTLB-load-misses         avgt          29040176.211                       #/op
[INFO] [stdout] BenchmarkQueries.query21:dTLB-loads               avgt         112855070.180                       #/op
[INFO] [stdout] BenchmarkQueries.query21:gc.alloc.rate            avgt    5          703.932 ±       380.487     MB/sec
[INFO] [stdout] BenchmarkQueries.query21:gc.alloc.rate.norm       avgt    5   3149733150.400 ± 113417131.204       B/op
[INFO] [stdout] BenchmarkQueries.query21:gc.count                 avgt    5           10.000                     counts
[INFO] [stdout] BenchmarkQueries.query21:gc.time                  avgt    5           98.000                         ms
[INFO] [stdout] BenchmarkQueries.query21:iTLB-load-misses         avgt             50245.721                       #/op
[INFO] [stdout] BenchmarkQueries.query21:iTLB-loads               avgt           4029697.201                       #/op
[INFO] [stdout] BenchmarkQueries.query21:instructions             avgt       61203497379.919                       #/op
[INFO] [stdout] BenchmarkQueries.query21:stalled-cycles-frontend  avgt        3816076973.212                       #/op
[INFO] [stdout] BenchmarkQueries.query22                          avgt    5          346.438 ±        13.172      ms/op
[INFO] [stdout] BenchmarkQueries.query22:CPI                      avgt                 0.234                  clks/insn
[INFO] [stdout] BenchmarkQueries.query22:IPC                      avgt                 4.274                  insns/clk
[INFO] [stdout] BenchmarkQueries.query22:L1-dcache-load-misses    avgt          53248605.259                       #/op
[INFO] [stdout] BenchmarkQueries.query22:L1-dcache-loads          avgt        3824131493.245                       #/op
[INFO] [stdout] BenchmarkQueries.query22:L1-icache-load-misses    avgt           1826331.658                       #/op
[INFO] [stdout] BenchmarkQueries.query22:L1-icache-loads          avgt          23314570.090                       #/op
[INFO] [stdout] BenchmarkQueries.query22:branch-misses            avgt           5415173.088                       #/op
[INFO] [stdout] BenchmarkQueries.query22:branches                 avgt        1665915868.134                       #/op
[INFO] [stdout] BenchmarkQueries.query22:cycles                   avgt        2025476691.145                       #/op
[INFO] [stdout] BenchmarkQueries.query22:dTLB-load-misses         avgt             84731.797                       #/op
[INFO] [stdout] BenchmarkQueries.query22:dTLB-loads               avgt           1517637.867                       #/op
[INFO] [stdout] BenchmarkQueries.query22:gc.alloc.rate            avgt    5          195.977 ±         7.760     MB/sec
[INFO] [stdout] BenchmarkQueries.query22:gc.alloc.rate.norm       avgt    5     71195201.067 ±    142795.862       B/op
[INFO] [stdout] BenchmarkQueries.query22:gc.count                 avgt    5           44.000                     counts
[INFO] [stdout] BenchmarkQueries.query22:gc.time                  avgt    5           31.000                         ms
[INFO] [stdout] BenchmarkQueries.query22:iTLB-load-misses         avgt             17676.803                       #/op
[INFO] [stdout] BenchmarkQueries.query22:iTLB-loads               avgt           1154658.692                       #/op
[INFO] [stdout] BenchmarkQueries.query22:instructions             avgt        8657653030.219                       #/op
[INFO] [stdout] BenchmarkQueries.query22:stalled-cycles-frontend  avgt         401037355.289                       #/op
[INFO] [stdout] 
[INFO] [stdout] Benchmark result is saved to benchmarks/sweeps/20260721-targeted/direct-numeric-tpch-on/nitro-tpch.json
[INFO] ------------------------------------------------------------------------
[INFO] BUILD SUCCESS
[INFO] ------------------------------------------------------------------------
[INFO] Total time:  05:29 min (Wall Clock)
[INFO] Finished at: 2026-07-21T14:17:09Z
[INFO] ------------------------------------------------------------------------
[INFO] Njord session closed
Purged 7 log files (log available in /root/.mvnd/purge-2026-07-21.log)
