java/lang/Thread.run;java/lang/Thread.runWith;java/util/concurrent/ThreadPoolExecutor$Worker.run;java/util/concurrent/ThreadPoolExecutor.runWorker;java/util/concurrent/FutureTask.run;java/util/concurrent/Executors$RunnableAdapter.call;java/util/concurrent/FutureTask.run;org/openjdk/jmh/runner/BenchmarkHandler$BenchmarkTask.call;org/openjdk/jmh/runner/BenchmarkHandler$BenchmarkTask.call;java/lang/reflect/Method.invoke;jdk/internal/reflect/DirectMethodHandleAccessor.invoke;jdk/internal/reflect/DirectMethodHandleAccessor.invokeImpl;java/lang/invoke/LambdaForm$MH.0x0000000012061400.invokeExact_MT;java/lang/invoke/LambdaForm$MH.0x0000000012061000.invoke;java/lang/invoke/DirectMethodHandle$Holder.invokeSpecial;org/weakref/nitro/tpcds/jmh_generated/BenchmarkQueries_query88_jmhTest.query88_AverageTime;org/weakref/nitro/tpcds/jmh_generated/BenchmarkQueries_query88_jmhTest.query88_avgt_jmhStub;org/weakref/nitro/tpcds/BenchmarkQueries.query88;org/weakref/nitro/tpcds/BenchmarkQueries.consume;org/weakref/nitro/operator/NestedLoopJoinOperator.next;org/weakref/nitro/operator/NestedLoopJoinOperator.produceBatch;org/weakref/nitro/operator/NestedLoopJoinOperator.loadNextOuterBatch;org/weakref/nitro/operator/NestedLoopJoinOperator.next;org/weakref/nitro/operator/NestedLoopJoinOperator.produceBatch;org/weakref/nitro/operator/NestedLoopJoinOperator.loadNextOuterBatch;org/weakref/nitro/operator/NestedLoopJoinOperator.next;org/weakref/nitro/operator/NestedLoopJoinOperator.produceBatch;org/weakref/nitro/operator/NestedLoopJoinOperator.loadNextOuterBatch;org/weakref/nitro/operator/NestedLoopJoinOperator.next;org/weakref/nitro/operator/NestedLoopJoinOperator.produceBatch;org/weakref/nitro/operator/NestedLoopJoinOperator.loadNextOuterBatch;org/weakref/nitro/operator/NestedLoopJoinOperator.next;org/weakref/nitro/operator/NestedLoopJoinOperator.produceBatch;org/weakref/nitro/operator/NestedLoopJoinOperator.loadNextOuterBatch;org/weakref/nitro/operator/NestedLoopJoinOperator.next;org/weakref/nitro/operator/NestedLoopJoinOperator.produceBatch;org/weakref/nitro/operator/NestedLoopJoinOperator.loadNextOuterBatch;org/weakref/nitro/operator/NestedLoopJoinOperator.next;org/weakref/nitro/operator/NestedLoopJoinOperator.produceBatch;org/weakref/nitro/operator/NestedLoopJoinOperator.joinWithInnerRow;org/weakref/nitro/operator/JoinOutputBuffer.joinWithInnerRow;org/weakref/nitro/operator/JoinBufferSupport.borrowStreams;org/weakref/nitro/operator/Output.borrow;org/weakref/nitro/operator/AggregationOperator$$Lambda.0x0000000012110000.apply;org/weakref/nitro/operator/AggregationOperator.lambda$resultOutput$0;org/weakref/nitro/operator/AggregationOperator.doAggregationIfNeeded;org/weakref/nitro/operator/HashJoinOperator.next;org/weakref/nitro/operator/HashJoinOperator.produceBatch;org/weakref/nitro/operator/HashJoinOperator.produceOrdinaryBatch;org/weakref/nitro/operator/HashJoinOperator.loadNextOuterBatch;org/weakref/nitro/operator/HashJoinOperator.next;org/weakref/nitro/operator/HashJoinOperator.produceBatch;org/weakref/nitro/operator/HashJoinOperator.produceOrdinaryBatch;org/weakref/nitro/operator/HashJoinOperator.loadNextOuterBatch;org/weakref/nitro/operator/HashJoinOperator.next;org/weakref/nitro/operator/HashJoinOperator.produceBatch;org/weakref/nitro/operator/HashJoinOperator.produceOrdinaryBatch;org/weakref/nitro/operator/HashJoinOperator.loadNextOuterBatch;org/weakref/nitro/operator/NitroParquetScanOperator.hasNext;org/weakref/nitro/operator/NitroParquetScanOperator.ensureWindow;org/weakref/nitro/operator/NitroParquetScanOperator.decodeFilterWindow;org/weakref/nitro/operator/NitroParquetScanOperator.ensureScratch;org/weakref/nitro/operator/NitroParquetScanOperator.replaceInts;org/weakref/nitro/data/PrimitiveArrayPool.borrowInts;int[]_[i] 2
java/lang/Thread.run;java/lang/Thread.runWith;java/util/concurrent/ThreadPoolExecutor$Worker.run;java/util/concurrent/ThreadPoolExecutor.runWorker;java/util/concurrent/FutureTask.run;java/util/concurrent/Executors$RunnableAdapter.call;java/util/concurrent/FutureTask.run;org/openjdk/jmh/runner/BenchmarkHandler$BenchmarkTask.call;org/openjdk/jmh/runner/BenchmarkHandler$BenchmarkTask.call;java/lang/reflect/Method.invoke;jdk/internal/reflect/DirectMethodHandleAccessor.invoke;jdk/internal/reflect/DirectMethodHandleAccessor.invokeImpl;java/lang/invoke/LambdaForm$MH.0x0000000012061400.invokeExact_MT;java/lang/invoke/LambdaForm$MH.0x0000000012061000.invoke;java/lang/invoke/DirectMethodHandle$Holder.invokeSpecial;org/weakref/nitro/tpcds/jmh_generated/BenchmarkQueries_query88_jmhTest.query88_AverageTime;org/weakref/nitro/tpcds/jmh_generated/BenchmarkQueries_query88_jmhTest.query88_avgt_jmhStub;org/weakref/nitro/tpcds/BenchmarkQueries.query88;org/weakref/nitro/tpcds/BenchmarkQueries.consume;org/weakref/nitro/operator/NestedLoopJoinOperator.next;org/weakref/nitro/operator/NestedLoopJoinOperator.produceBatch;org/weakref/nitro/operator/NestedLoopJoinOperator.loadNextOuterBatch;org/weakref/nitro/operator/NestedLoopJoinOperator.next;org/weakref/nitro/operator/NestedLoopJoinOperator.produceBatch;org/weakref/nitro/operator/NestedLoopJoinOperator.loadNextOuterBatch;org/weakref/nitro/operator/NestedLoopJoinOperator.next;org/weakref/nitro/operator/NestedLoopJoinOperator.produceBatch;org/weakref/nitro/operator/NestedLoopJoinOperator.loadNextOuterBatch;org/weakref/nitro/operator/NestedLoopJoinOperator.next;org/weakref/nitro/operator/NestedLoopJoinOperator.produceBatch;org/weakref/nitro/operator/NestedLoopJoinOperator.loadNextOuterBatch;org/weakref/nitro/operator/NestedLoopJoinOperator.next;org/weakref/nitro/operator/NestedLoopJoinOperator.produceBatch;org/weakref/nitro/operator/NestedLoopJoinOperator.loadNextOuterBatch;org/weakref/nitro/operator/NestedLoopJoinOperator.next;org/weakref/nitro/operator/NestedLoopJoinOperator.produceBatch;org/weakref/nitro/operator/NestedLoopJoinOperator.loadInnerIfNecessary;org/weakref/nitro/operator/BufferedJoinInput.loadAll;org/weakref/nitro/operator/BufferedJoinInput.loadAll;org/weakref/nitro/operator/BufferedJoinInput.captureSchema;org/weakref/nitro/operator/Output.borrow;org/weakref/nitro/operator/AggregationOperator$$Lambda.0x0000000012110000.apply;org/weakref/nitro/operator/AggregationOperator.lambda$resultOutput$0;org/weakref/nitro/operator/AggregationOperator.doAggregationIfNeeded;org/weakref/nitro/operator/HashJoinOperator.next;org/weakref/nitro/operator/HashJoinOperator.produceBatch;org/weakref/nitro/operator/HashJoinOperator.produceOrdinaryBatch;org/weakref/nitro/operator/HashJoinOperator.loadNextOuterBatch;org/weakref/nitro/operator/HashJoinOperator.next;org/weakref/nitro/operator/HashJoinOperator.produceBatch;org/weakref/nitro/operator/HashJoinOperator.produceOrdinaryBatch;org/weakref/nitro/operator/HashJoinOperator.loadNextOuterBatch;org/weakref/nitro/operator/HashJoinOperator.next;org/weakref/nitro/operator/HashJoinOperator.produceBatch;org/weakref/nitro/operator/HashJoinOperator.produceOrdinaryBatch;org/weakref/nitro/operator/HashJoinOperator.loadNextOuterBatch;org/weakref/nitro/operator/NitroParquetScanOperator.hasNext;org/weakref/nitro/operator/NitroParquetScanOperator.ensureWindow;org/weakref/nitro/operator/NitroParquetScanOperator.decodeFilterWindow;org/weakref/nitro/parquet/ColumnReader.filterDictLongs;org/weakref/nitro/parquet/ColumnReader.decodeNextDataPage;org/weakref/nitro/parquet/ColumnReader.decodeDictionary;org/weakref/nitro/parquet/ColumnReader.replaceLongs;org/weakref/nitro/data/PrimitiveArrayPool.borrowLongs;long[]_[i] 1
java/lang/Thread.run;java/lang/Thread.runWith;java/util/concurrent/ThreadPoolExecutor$Worker.run;java/util/concurrent/ThreadPoolExecutor.runWorker;java/util/concurrent/FutureTask.run;java/util/concurrent/Executors$RunnableAdapter.call;java/util/concurrent/FutureTask.run;org/openjdk/jmh/runner/BenchmarkHandler$BenchmarkTask.call;org/openjdk/jmh/runner/BenchmarkHandler$BenchmarkTask.call;java/lang/reflect/Method.invoke;jdk/internal/reflect/DirectMethodHandleAccessor.invoke;jdk/internal/reflect/DirectMethodHandleAccessor.invokeImpl;java/lang/invoke/LambdaForm$MH.0x0000000012061400.invokeExact_MT;java/lang/invoke/LambdaForm$MH.0x0000000012061000.invoke;java/lang/invoke/DirectMethodHandle$Holder.invokeSpecial;org/weakref/nitro/tpcds/jmh_generated/BenchmarkQueries_query88_jmhTest.query88_AverageTime;org/weakref/nitro/tpcds/jmh_generated/BenchmarkQueries_query88_jmhTest.query88_avgt_jmhStub;org/weakref/nitro/tpcds/BenchmarkQueries.query88;org/weakref/nitro/tpcds/BenchmarkQueries.consume;org/weakref/nitro/operator/NestedLoopJoinOperator.next;org/weakref/nitro/operator/NestedLoopJoinOperator.produceBatch;org/weakref/nitro/operator/NestedLoopJoinOperator.loadNextOuterBatch;org/weakref/nitro/operator/NestedLoopJoinOperator.next;org/weakref/nitro/operator/NestedLoopJoinOperator.produceBatch;org/weakref/nitro/operator/NestedLoopJoinOperator.loadInnerIfNecessary;org/weakref/nitro/operator/BufferedJoinInput.loadAll;org/weakref/nitro/operator/BufferedJoinInput.loadAll;org/weakref/nitro/operator/BufferedJoinInput.captureSchema;org/weakref/nitro/operator/Output.borrow;org/weakref/nitro/operator/AggregationOperator$$Lambda.0x0000000012110000.apply;org/weakref/nitro/operator/AggregationOperator.lambda$resultOutput$0;org/weakref/nitro/operator/AggregationOperator.doAggregationIfNeeded;org/weakref/nitro/operator/HashJoinOperator.next;org/weakref/nitro/operator/HashJoinOperator.produceBatch;org/weakref/nitro/operator/HashJoinOperator.produceOrdinaryBatch;org/weakref/nitro/operator/HashJoinOperator.loadNextOuterBatch;org/weakref/nitro/operator/HashJoinOperator.next;org/weakref/nitro/operator/HashJoinOperator.produceBatch;org/weakref/nitro/operator/HashJoinOperator.produceOrdinaryBatch;org/weakref/nitro/operator/HashJoinOperator.loadNextOuterBatch;org/weakref/nitro/operator/HashJoinOperator.next;org/weakref/nitro/operator/HashJoinOperator.produceBatch;org/weakref/nitro/operator/HashJoinOperator.loadInnerIfNecessary;org/weakref/nitro/operator/HashJoinOperator.loadStreamingInner;org/weakref/nitro/operator/FilterOperator.next;org/weakref/nitro/operator/evaluator/PlanEvaluator.evaluateInPlace;org/weakref/nitro/operator/evaluator/PlanEvaluator.evaluateTrueMaskInPlace;org/weakref/nitro/operator/evaluator/PlanEvaluator.evaluateTrueMaskInPlace;org/weakref/nitro/operator/evaluator/PlanEvaluator.evaluateAdaptiveAndTrueMaskInPlace;org/weakref/nitro/operator/evaluator/PlanEvaluator.evaluateMeasuredTrueMaskInPlace;org/weakref/nitro/operator/evaluator/PlanEvaluator.evaluateTrueMaskInPlace;org/weakref/nitro/operator/evaluator/PlanEvaluator.tryEvaluatePrimitiveTrueMaskInPlace;org/weakref/nitro/operator/evaluator/PlanEvaluator.tryEvaluatePrimitiveMaskInPlace;org/weakref/nitro/operator/evaluator/PlanEvaluator.resolveMaskPrimitiveInvocation;org/weakref/nitro/operator/evaluator/PlanEvaluator.evaluateArgument;org/weakref/nitro/operator/FilterOperator$1.resolve;org/weakref/nitro/operator/Output.borrowOrNull;org/weakref/nitro/operator/Output.borrow;org/weakref/nitro/operator/Output.borrow;org/weakref/nitro/operator/NitroParquetScanOperator$ScanOutputResolver$$Lambda.0x00000000120bc200.apply;org/weakref/nitro/operator/NitroParquetScanOperator$ScanOutputResolver.resolve;org/weakref/nitro/operator/NitroParquetScanOperator.resolveLazyColumn;org/weakref/nitro/operator/NitroParquetScanOperator.decodeFullColumn;org/weakref/nitro/parquet/ColumnReader.readInts;org/weakref/nitro/parquet/ColumnReader.decodeNextDataPage;org/weakref/nitro/parquet/ColumnReader.decodeDataPageV1;org/weakref/nitro/parquet/ColumnReader.ensureIdCapacity;org/weakref/nitro/parquet/ColumnReader.replaceInts;org/weakref/nitro/data/PrimitiveArrayPool.borrowInts;int[]_[i] 1
java/lang/Thread.run;java/lang/Thread.runWith;java/util/concurrent/ThreadPoolExecutor$Worker.run;java/util/concurrent/ThreadPoolExecutor.runWorker;java/util/concurrent/FutureTask.run;java/util/concurrent/Executors$RunnableAdapter.call;java/util/concurrent/FutureTask.run;org/openjdk/jmh/runner/BenchmarkHandler$BenchmarkTask.call;org/openjdk/jmh/runner/BenchmarkHandler$BenchmarkTask.call;java/lang/reflect/Method.invoke;jdk/internal/reflect/DirectMethodHandleAccessor.invoke;jdk/internal/reflect/DirectMethodHandleAccessor.invokeImpl;java/lang/invoke/LambdaForm$MH.0x0000000012061400.invokeExact_MT;java/lang/invoke/LambdaForm$MH.0x0000000012061000.invoke;java/lang/invoke/DirectMethodHandle$Holder.invokeSpecial;org/weakref/nitro/tpcds/jmh_generated/BenchmarkQueries_query88_jmhTest.query88_AverageTime;org/weakref/nitro/tpcds/jmh_generated/BenchmarkQueries_query88_jmhTest.query88_avgt_jmhStub;org/weakref/nitro/tpcds/BenchmarkQueries.query88;org/weakref/nitro/tpcds/BenchmarkQueries.consume;org/weakref/nitro/operator/NestedLoopJoinOperator.next;org/weakref/nitro/operator/NestedLoopJoinOperator.produceBatch;org/weakref/nitro/operator/NestedLoopJoinOperator.loadNextOuterBatch;org/weakref/nitro/operator/NestedLoopJoinOperator.next;org/weakref/nitro/operator/NestedLoopJoinOperator.produceBatch;org/weakref/nitro/operator/NestedLoopJoinOperator.loadNextOuterBatch;org/weakref/nitro/operator/NestedLoopJoinOperator.next;org/weakref/nitro/operator/NestedLoopJoinOperator.produceBatch;org/weakref/nitro/operator/NestedLoopJoinOperator.loadNextOuterBatch;org/weakref/nitro/operator/NestedLoopJoinOperator.next;org/weakref/nitro/operator/NestedLoopJoinOperator.produceBatch;org/weakref/nitro/operator/NestedLoopJoinOperator.loadNextOuterBatch;org/weakref/nitro/operator/NestedLoopJoinOperator.next;org/weakref/nitro/operator/NestedLoopJoinOperator.produceBatch;org/weakref/nitro/operator/NestedLoopJoinOperator.loadNextOuterBatch;org/weakref/nitro/operator/NestedLoopJoinOperator.next;org/weakref/nitro/operator/NestedLoopJoinOperator.produceBatch;org/weakref/nitro/operator/NestedLoopJoinOperator.loadNextOuterBatch;org/weakref/nitro/operator/NestedLoopJoinOperator.next;org/weakref/nitro/operator/NestedLoopJoinOperator.produceBatch;org/weakref/nitro/operator/NestedLoopJoinOperator.loadInnerIfNecessary;org/weakref/nitro/operator/BufferedJoinInput.loadAll;org/weakref/nitro/operator/BufferedJoinInput.loadAll;org/weakref/nitro/operator/BufferedJoinInput.captureSchema;org/weakref/nitro/operator/Output.borrow;org/weakref/nitro/operator/AggregationOperator$$Lambda.0x0000000012110000.apply;org/weakref/nitro/operator/AggregationOperator.lambda$resultOutput$0;org/weakref/nitro/operator/AggregationOperator.doAggregationIfNeeded;org/weakref/nitro/operator/HashJoinOperator.next;org/weakref/nitro/operator/HashJoinOperator.produceBatch;org/weakref/nitro/operator/HashJoinOperator.produceOrdinaryBatch;org/weakref/nitro/operator/HashJoinOperator.loadNextOuterBatch;org/weakref/nitro/operator/HashJoinOperator.next;org/weakref/nitro/operator/HashJoinOperator.produceBatch;org/weakref/nitro/operator/HashJoinOperator.produceOrdinaryBatch;org/weakref/nitro/operator/HashJoinOperator.loadNextOuterBatch;org/weakref/nitro/operator/HashJoinOperator.next;org/weakref/nitro/operator/HashJoinOperator.produceBatch;org/weakref/nitro/operator/HashJoinOperator.loadInnerIfNecessary;org/weakref/nitro/operator/HashJoinOperator.loadStreamingInner;org/weakref/nitro/operator/FilterOperator.next;org/weakref/nitro/operator/evaluator/PlanEvaluator.evaluateInPlace;org/weakref/nitro/operator/evaluator/PlanEvaluator.evaluateTrueMaskInPlace;org/weakref/nitro/operator/evaluator/PlanEvaluator.evaluateTrueMaskInPlace;org/weakref/nitro/operator/evaluator/PlanEvaluator.evaluateAdaptiveAndTrueMaskInPlace;org/weakref/nitro/operator/evaluator/PlanEvaluator.evaluateMeasuredTrueMaskInPlace;org/weakref/nitro/operator/evaluator/PlanEvaluator.evaluateTrueMaskInPlace;org/weakref/nitro/operator/evaluator/PlanEvaluator.tryEvaluatePrimitiveTrueMaskInPlace;org/weakref/nitro/operator/evaluator/PlanEvaluator.tryEvaluatePrimitiveMaskInPlace;org/weakref/nitro/operator/evaluator/PlanEvaluator.resolveMaskPrimitiveInvocation;org/weakref/nitro/operator/evaluator/PlanEvaluator.evaluateArgument;org/weakref/nitro/operator/FilterOperator$1.resolve;org/weakref/nitro/operator/Output.borrowOrNull;org/weakref/nitro/operator/Output.borrow;org/weakref/nitro/operator/Output.borrow;org/weakref/nitro/operator/NitroParquetScanOperator$ScanOutputResolver$$Lambda.0x00000000120bc200.apply;org/weakref/nitro/operator/NitroParquetScanOperator$ScanOutputResolver.resolve;org/weakref/nitro/operator/NitroParquetScanOperator.resolveLazyColumn;org/weakref/nitro/operator/NitroParquetScanOperator.drainPendingAdvance;org/weakref/nitro/parquet/ColumnReader.skip;org/weakref/nitro/parquet/ColumnReader.decodeDataPageV1;org/weakref/nitro/parquet/ColumnReader.ensureIdCapacity;org/weakref/nitro/parquet/ColumnReader.replaceInts;org/weakref/nitro/data/PrimitiveArrayPool.borrowInts;int[]_[i] 2
java/lang/Thread.run;java/lang/Thread.runWith;java/util/concurrent/ThreadPoolExecutor$Worker.run;java/util/concurrent/ThreadPoolExecutor.runWorker;java/util/concurrent/FutureTask.run;java/util/concurrent/Executors$RunnableAdapter.call;java/util/concurrent/FutureTask.run;org/openjdk/jmh/runner/BenchmarkHandler$BenchmarkTask.call;org/openjdk/jmh/runner/BenchmarkHandler$BenchmarkTask.call;java/lang/reflect/Method.invoke;jdk/internal/reflect/DirectMethodHandleAccessor.invoke;jdk/internal/reflect/DirectMethodHandleAccessor.invokeImpl;java/lang/invoke/LambdaForm$MH.0x0000000012061400.invokeExact_MT;java/lang/invoke/LambdaForm$MH.0x0000000012061000.invoke;java/lang/invoke/DirectMethodHandle$Holder.invokeSpecial;org/weakref/nitro/tpcds/jmh_generated/BenchmarkQueries_query88_jmhTest.query88_AverageTime;org/weakref/nitro/tpcds/jmh_generated/BenchmarkQueries_query88_jmhTest.query88_avgt_jmhStub;org/weakref/nitro/tpcds/BenchmarkQueries.query88;org/weakref/nitro/tpcds/BenchmarkQueries.consume;org/weakref/nitro/operator/NestedLoopJoinOperator.next;org/weakref/nitro/operator/NestedLoopJoinOperator.produceBatch;org/weakref/nitro/operator/NestedLoopJoinOperator.loadNextOuterBatch;org/weakref/nitro/operator/NestedLoopJoinOperator.next;org/weakref/nitro/operator/NestedLoopJoinOperator.produceBatch;org/weakref/nitro/operator/NestedLoopJoinOperator.loadNextOuterBatch;org/weakref/nitro/operator/NestedLoopJoinOperator.next;org/weakref/nitro/operator/NestedLoopJoinOperator.produceBatch;org/weakref/nitro/operator/NestedLoopJoinOperator.loadNextOuterBatch;org/weakref/nitro/operator/NestedLoopJoinOperator.next;org/weakref/nitro/operator/NestedLoopJoinOperator.produceBatch;org/weakref/nitro/operator/NestedLoopJoinOperator.loadNextOuterBatch;org/weakref/nitro/operator/NestedLoopJoinOperator.next;org/weakref/nitro/operator/NestedLoopJoinOperator.produceBatch;org/weakref/nitro/operator/NestedLoopJoinOperator.loadNextOuterBatch;org/weakref/nitro/operator/NestedLoopJoinOperator.next;org/weakref/nitro/operator/NestedLoopJoinOperator.produceBatch;org/weakref/nitro/operator/NestedLoopJoinOperator.loadInnerIfNecessary;org/weakref/nitro/operator/BufferedJoinInput.loadAll;org/weakref/nitro/operator/BufferedJoinInput.loadAll;org/weakref/nitro/operator/BufferedJoinInput.captureSchema;org/weakref/nitro/operator/Output.borrow;org/weakref/nitro/operator/AggregationOperator$$Lambda.0x0000000012110000.apply;org/weakref/nitro/operator/AggregationOperator.lambda$resultOutput$0;org/weakref/nitro/operator/AggregationOperator.doAggregationIfNeeded;org/weakref/nitro/operator/HashJoinOperator.next;org/weakref/nitro/operator/HashJoinOperator.produceBatch;org/weakref/nitro/operator/HashJoinOperator.produceOrdinaryBatch;org/weakref/nitro/operator/HashJoinOperator.loadNextOuterBatch;org/weakref/nitro/operator/HashJoinOperator.next;org/weakref/nitro/operator/HashJoinOperator.produceBatch;org/weakref/nitro/operator/HashJoinOperator.loadInnerIfNecessary;org/weakref/nitro/operator/HashJoinOperator.loadStreamingInner;org/weakref/nitro/operator/FilterOperator.next;org/weakref/nitro/operator/evaluator/PlanEvaluator.evaluateInPlace;org/weakref/nitro/operator/evaluator/PlanEvaluator.evaluateTrueMaskInPlace;org/weakref/nitro/operator/evaluator/PlanEvaluator.evaluateTrueMaskInPlace;org/weakref/nitro/operator/evaluator/PlanEvaluator.evaluateAdaptiveAndTrueMaskInPlace;org/weakref/nitro/operator/evaluator/PlanEvaluator.evaluateMeasuredTrueMaskInPlace;org/weakref/nitro/operator/evaluator/PlanEvaluator.evaluateTrueMaskInPlace;org/weakref/nitro/operator/evaluator/PlanEvaluator.tryEvaluatePrimitiveTrueMaskInPlace;org/weakref/nitro/operator/evaluator/PlanEvaluator.tryEvaluatePrimitiveMaskInPlace;org/weakref/nitro/operator/evaluator/PlanEvaluator.resolveMaskPrimitiveInvocation;org/weakref/nitro/operator/evaluator/PlanEvaluator.evaluateArgument;org/weakref/nitro/operator/FilterOperator$1.resolve;org/weakref/nitro/operator/Output.borrowOrNull;org/weakref/nitro/operator/Output.borrow;org/weakref/nitro/operator/Output.borrow;org/weakref/nitro/operator/NitroParquetScanOperator$ScanOutputResolver$$Lambda.0x00000000120bc200.apply;org/weakref/nitro/operator/NitroParquetScanOperator$ScanOutputResolver.resolve;org/weakref/nitro/operator/NitroParquetScanOperator.resolveLazyColumn;org/weakref/nitro/operator/NitroParquetScanOperator.decodeFullColumn;org/weakref/nitro/parquet/ColumnReader.readInts;org/weakref/nitro/parquet/ColumnReader.decodeNextDataPage;org/weakref/nitro/parquet/ColumnReader.decodeDataPageV1;org/weakref/nitro/parquet/ColumnReader.ensurePageCapacity;org/weakref/nitro/parquet/ColumnReader.ensurePageValueCapacity;org/weakref/nitro/parquet/ColumnReader.replaceInts;org/weakref/nitro/data/PrimitiveArrayPool.borrowInts;int[]_[i] 1
java/lang/Thread.run;java/lang/Thread.runWith;java/util/concurrent/ThreadPoolExecutor$Worker.run;java/util/concurrent/ThreadPoolExecutor.runWorker;java/util/concurrent/FutureTask.run;java/util/concurrent/Executors$RunnableAdapter.call;java/util/concurrent/FutureTask.run;org/openjdk/jmh/runner/BenchmarkHandler$BenchmarkTask.call;org/openjdk/jmh/runner/BenchmarkHandler$BenchmarkTask.call;java/lang/reflect/Method.invoke;jdk/internal/reflect/DirectMethodHandleAccessor.invoke;jdk/internal/reflect/DirectMethodHandleAccessor.invokeImpl;java/lang/invoke/LambdaForm$MH.0x0000000012061400.invokeExact_MT;java/lang/invoke/LambdaForm$MH.0x0000000012061000.invoke;java/lang/invoke/DirectMethodHandle$Holder.invokeSpecial;org/weakref/nitro/tpcds/jmh_generated/BenchmarkQueries_query88_jmhTest.query88_AverageTime;org/weakref/nitro/tpcds/jmh_generated/BenchmarkQueries_query88_jmhTest.query88_avgt_jmhStub;org/weakref/nitro/tpcds/BenchmarkQueries.query88;org/weakref/nitro/tpcds/BenchmarkQueries.consume;org/weakref/nitro/operator/NestedLoopJoinOperator.next;org/weakref/nitro/operator/NestedLoopJoinOperator.produceBatch;org/weakref/nitro/operator/NestedLoopJoinOperator.loadNextOuterBatch;org/weakref/nitro/operator/NestedLoopJoinOperator.next;org/weakref/nitro/operator/NestedLoopJoinOperator.produceBatch;org/weakref/nitro/operator/NestedLoopJoinOperator.loadNextOuterBatch;org/weakref/nitro/operator/NestedLoopJoinOperator.next;org/weakref/nitro/operator/NestedLoopJoinOperator.produceBatch;org/weakref/nitro/operator/NestedLoopJoinOperator.loadNextOuterBatch;org/weakref/nitro/operator/NestedLoopJoinOperator.next;org/weakref/nitro/operator/NestedLoopJoinOperator.produceBatch;org/weakref/nitro/operator/NestedLoopJoinOperator.loadNextOuterBatch;org/weakref/nitro/operator/NestedLoopJoinOperator.next;org/weakref/nitro/operator/NestedLoopJoinOperator.produceBatch;org/weakref/nitro/operator/NestedLoopJoinOperator.loadInnerIfNecessary;org/weakref/nitro/operator/BufferedJoinInput.loadAll;org/weakref/nitro/operator/BufferedJoinInput.loadAll;org/weakref/nitro/operator/BufferedJoinInput.captureSchema;org/weakref/nitro/operator/Output.borrow;org/weakref/nitro/operator/AggregationOperator$$Lambda.0x0000000012110000.apply;org/weakref/nitro/operator/AggregationOperator.lambda$resultOutput$0;org/weakref/nitro/operator/AggregationOperator.doAggregationIfNeeded;org/weakref/nitro/operator/HashJoinOperator.next;org/weakref/nitro/operator/HashJoinOperator.produceBatch;org/weakref/nitro/operator/HashJoinOperator.produceOrdinaryBatch;org/weakref/nitro/operator/HashJoinOperator.loadNextOuterBatch;org/weakref/nitro/operator/HashJoinOperator.next;org/weakref/nitro/operator/HashJoinOperator.produceBatch;org/weakref/nitro/operator/HashJoinOperator.produceOrdinaryBatch;org/weakref/nitro/operator/HashJoinOperator.loadNextOuterBatch;org/weakref/nitro/operator/HashJoinOperator.next;org/weakref/nitro/operator/HashJoinOperator.produceBatch;org/weakref/nitro/operator/HashJoinOperator.produceOrdinaryBatch;org/weakref/nitro/operator/HashJoinOperator.loadNextOuterBatch;org/weakref/nitro/operator/NitroParquetScanOperator.hasNext;org/weakref/nitro/operator/NitroParquetScanOperator.ensureWindow;org/weakref/nitro/operator/NitroParquetScanOperator.decodeFilterWindow;org/weakref/nitro/operator/NitroParquetScanOperator.snapshotFilterSurvivors;org/weakref/nitro/operator/NitroParquetScanOperator.replaceInts;org/weakref/nitro/data/PrimitiveArrayPool.borrowInts;int[]_[i] 2
java/lang/Thread.run;java/lang/Thread.runWith;java/util/concurrent/ThreadPoolExecutor$Worker.run;java/util/concurrent/ThreadPoolExecutor.runWorker;java/util/concurrent/FutureTask.run;java/util/concurrent/Executors$RunnableAdapter.call;java/util/concurrent/FutureTask.run;org/openjdk/jmh/runner/BenchmarkHandler$BenchmarkTask.call;org/openjdk/jmh/runner/BenchmarkHandler$BenchmarkTask.call;java/lang/reflect/Method.invoke;jdk/internal/reflect/DirectMethodHandleAccessor.invoke;jdk/internal/reflect/DirectMethodHandleAccessor.invokeImpl;java/lang/invoke/LambdaForm$MH.0x0000000012061400.invokeExact_MT;java/lang/invoke/LambdaForm$MH.0x0000000012061000.invoke;java/lang/invoke/DirectMethodHandle$Holder.invokeSpecial;org/weakref/nitro/tpcds/jmh_generated/BenchmarkQueries_query88_jmhTest.query88_AverageTime;org/weakref/nitro/tpcds/jmh_generated/BenchmarkQueries_query88_jmhTest.query88_avgt_jmhStub;org/weakref/nitro/tpcds/BenchmarkQueries.query88;org/weakref/nitro/tpcds/BenchmarkQueries.consume;org/weakref/nitro/operator/NestedLoopJoinOperator.next;org/weakref/nitro/operator/NestedLoopJoinOperator.produceBatch;org/weakref/nitro/operator/NestedLoopJoinOperator.loadNextOuterBatch;org/weakref/nitro/operator/NestedLoopJoinOperator.next;org/weakref/nitro/operator/NestedLoopJoinOperator.produceBatch;org/weakref/nitro/operator/NestedLoopJoinOperator.loadNextOuterBatch;org/weakref/nitro/operator/NestedLoopJoinOperator.next;org/weakref/nitro/operator/NestedLoopJoinOperator.produceBatch;org/weakref/nitro/operator/NestedLoopJoinOperator.loadNextOuterBatch;org/weakref/nitro/operator/NestedLoopJoinOperator.next;org/weakref/nitro/operator/NestedLoopJoinOperator.produceBatch;org/weakref/nitro/operator/NestedLoopJoinOperator.loadNextOuterBatch;org/weakref/nitro/operator/NestedLoopJoinOperator.next;org/weakref/nitro/operator/NestedLoopJoinOperator.produceBatch;org/weakref/nitro/operator/NestedLoopJoinOperator.loadNextOuterBatch;org/weakref/nitro/operator/NestedLoopJoinOperator.next;org/weakref/nitro/operator/NestedLoopJoinOperator.produceBatch;org/weakref/nitro/operator/NestedLoopJoinOperator.loadInnerIfNecessary;org/weakref/nitro/operator/BufferedJoinInput.loadAll;org/weakref/nitro/operator/BufferedJoinInput.loadAll;org/weakref/nitro/operator/BufferedJoinInput.captureSchema;org/weakref/nitro/operator/Output.borrow;org/weakref/nitro/operator/AggregationOperator$$Lambda.0x0000000012110000.apply;org/weakref/nitro/operator/AggregationOperator.lambda$resultOutput$0;org/weakref/nitro/operator/AggregationOperator.doAggregationIfNeeded;org/weakref/nitro/operator/HashJoinOperator.next;org/weakref/nitro/operator/HashJoinOperator.produceBatch;org/weakref/nitro/operator/HashJoinOperator.produceOrdinaryBatch;org/weakref/nitro/operator/HashJoinOperator.loadNextOuterBatch;org/weakref/nitro/operator/HashJoinOperator.next;org/weakref/nitro/operator/HashJoinOperator.produceBatch;org/weakref/nitro/operator/HashJoinOperator.produceOrdinaryBatch;org/weakref/nitro/operator/HashJoinOperator.loadNextOuterBatch;org/weakref/nitro/operator/HashJoinOperator.next;org/weakref/nitro/operator/HashJoinOperator.produceBatch;org/weakref/nitro/operator/HashJoinOperator.produceOrdinaryBatch;org/weakref/nitro/operator/HashJoinOperator.loadNextOuterBatch;org/weakref/nitro/operator/NitroParquetScanOperator.hasNext;org/weakref/nitro/operator/NitroParquetScanOperator.ensureWindow;org/weakref/nitro/operator/NitroParquetScanOperator.decodeFilterWindow;org/weakref/nitro/operator/NitroParquetScanOperator.ensureColumnScratch;org/weakref/nitro/operator/NitroParquetScanOperator.replaceBooleans;org/weakref/nitro/data/PrimitiveArrayPool.borrowBooleans;boolean[]_[i] 2
java/lang/Thread.run;java/lang/Thread.runWith;java/util/concurrent/ThreadPoolExecutor$Worker.run;java/util/concurrent/ThreadPoolExecutor.runWorker;java/util/concurrent/FutureTask.run;java/util/concurrent/Executors$RunnableAdapter.call;java/util/concurrent/FutureTask.run;org/openjdk/jmh/runner/BenchmarkHandler$BenchmarkTask.call;org/openjdk/jmh/runner/BenchmarkHandler$BenchmarkTask.call;java/lang/reflect/Method.invoke;jdk/internal/reflect/DirectMethodHandleAccessor.invoke;jdk/internal/reflect/DirectMethodHandleAccessor.invokeImpl;java/lang/invoke/LambdaForm$MH.0x0000000012061400.invokeExact_MT;java/lang/invoke/LambdaForm$MH.0x0000000012061000.invoke;java/lang/invoke/DirectMethodHandle$Holder.invokeSpecial;org/weakref/nitro/tpcds/jmh_generated/BenchmarkQueries_query88_jmhTest.query88_AverageTime;org/weakref/nitro/tpcds/jmh_generated/BenchmarkQueries_query88_jmhTest.query88_avgt_jmhStub;org/weakref/nitro/tpcds/BenchmarkQueries.query88;org/weakref/nitro/tpcds/BenchmarkQueries.consume;org/weakref/nitro/operator/NestedLoopJoinOperator.next;org/weakref/nitro/operator/NestedLoopJoinOperator.produceBatch;org/weakref/nitro/operator/NestedLoopJoinOperator.loadNextOuterBatch;org/weakref/nitro/operator/NestedLoopJoinOperator.next;org/weakref/nitro/operator/NestedLoopJoinOperator.produceBatch;org/weakref/nitro/operator/NestedLoopJoinOperator.loadInnerIfNecessary;org/weakref/nitro/operator/BufferedJoinInput.loadAll;org/weakref/nitro/operator/BufferedJoinInput.loadAll;org/weakref/nitro/operator/BufferedJoinInput.captureSchema;org/weakref/nitro/operator/Output.borrow;org/weakref/nitro/operator/AggregationOperator$$Lambda.0x0000000012110000.apply;org/weakref/nitro/operator/AggregationOperator.lambda$resultOutput$0;org/weakref/nitro/operator/AggregationOperator.doAggregationIfNeeded;org/weakref/nitro/operator/HashJoinOperator.next;org/weakref/nitro/operator/HashJoinOperator.produceBatch;org/weakref/nitro/operator/HashJoinOperator.produceOrdinaryBatch;org/weakref/nitro/operator/HashJoinOperator.loadNextOuterBatch;org/weakref/nitro/operator/HashJoinOperator.next;org/weakref/nitro/operator/HashJoinOperator.produceBatch;org/weakref/nitro/operator/HashJoinOperator.produceOrdinaryBatch;org/weakref/nitro/operator/HashJoinOperator.loadNextOuterBatch;org/weakref/nitro/operator/HashJoinOperator.next;org/weakref/nitro/operator/HashJoinOperator.produceBatch;org/weakref/nitro/operator/HashJoinOperator.produceOrdinaryBatch;org/weakref/nitro/operator/HashJoinOperator.loadNextOuterBatch;org/weakref/nitro/operator/NitroParquetScanOperator.hasNext;org/weakref/nitro/operator/NitroParquetScanOperator.ensureWindow;org/weakref/nitro/operator/NitroParquetScanOperator.decodeFilterWindow;org/weakref/nitro/parquet/ColumnReader.filterDictLongs;org/weakref/nitro/parquet/ColumnReader.acceptByIdLong;org/weakref/nitro/parquet/ColumnReader.replaceBooleans;org/weakref/nitro/data/PrimitiveArrayPool.borrowBooleans;boolean[]_[i] 1
java/lang/Thread.run;java/lang/Thread.runWith;java/util/concurrent/ThreadPoolExecutor$Worker.run;java/util/concurrent/ThreadPoolExecutor.runWorker;java/util/concurrent/FutureTask.run;java/util/concurrent/Executors$RunnableAdapter.call;java/util/concurrent/FutureTask.run;org/openjdk/jmh/runner/BenchmarkHandler$BenchmarkTask.call;org/openjdk/jmh/runner/BenchmarkHandler$BenchmarkTask.call;java/lang/reflect/Method.invoke;jdk/internal/reflect/DirectMethodHandleAccessor.invoke;jdk/internal/reflect/DirectMethodHandleAccessor.invokeImpl;java/lang/invoke/LambdaForm$MH.0x0000000012061400.invokeExact_MT;java/lang/invoke/LambdaForm$MH.0x0000000012061000.invoke;java/lang/invoke/DirectMethodHandle$Holder.invokeSpecial;org/weakref/nitro/tpcds/jmh_generated/BenchmarkQueries_query88_jmhTest.query88_AverageTime;org/weakref/nitro/tpcds/jmh_generated/BenchmarkQueries_query88_jmhTest.query88_avgt_jmhStub;org/weakref/nitro/tpcds/BenchmarkQueries.query88;org/weakref/nitro/tpcds/BenchmarkQueries.consume;org/weakref/nitro/operator/NestedLoopJoinOperator.next;org/weakref/nitro/operator/NestedLoopJoinOperator.produceBatch;org/weakref/nitro/operator/NestedLoopJoinOperator.loadNextOuterBatch;org/weakref/nitro/operator/NestedLoopJoinOperator.next;org/weakref/nitro/operator/NestedLoopJoinOperator.produceBatch;org/weakref/nitro/operator/NestedLoopJoinOperator.loadNextOuterBatch;org/weakref/nitro/operator/NestedLoopJoinOperator.next;org/weakref/nitro/operator/NestedLoopJoinOperator.produceBatch;org/weakref/nitro/operator/NestedLoopJoinOperator.loadNextOuterBatch;org/weakref/nitro/operator/NestedLoopJoinOperator.next;org/weakref/nitro/operator/NestedLoopJoinOperator.produceBatch;org/weakref/nitro/operator/NestedLoopJoinOperator.loadNextOuterBatch;org/weakref/nitro/operator/NestedLoopJoinOperator.next;org/weakref/nitro/operator/NestedLoopJoinOperator.produceBatch;org/weakref/nitro/operator/NestedLoopJoinOperator.loadInnerIfNecessary;org/weakref/nitro/operator/BufferedJoinInput.loadAll;org/weakref/nitro/operator/BufferedJoinInput.loadAll;org/weakref/nitro/operator/BufferedJoinInput.captureSchema;org/weakref/nitro/operator/Output.borrow;org/weakref/nitro/operator/AggregationOperator$$Lambda.0x0000000012110000.apply;org/weakref/nitro/operator/AggregationOperator.lambda$resultOutput$0;org/weakref/nitro/operator/AggregationOperator.doAggregationIfNeeded;org/weakref/nitro/operator/HashJoinOperator.next;org/weakref/nitro/operator/HashJoinOperator.produceBatch;org/weakref/nitro/operator/HashJoinOperator.produceOrdinaryBatch;org/weakref/nitro/operator/HashJoinOperator.loadNextOuterBatch;org/weakref/nitro/operator/HashJoinOperator.next;org/weakref/nitro/operator/HashJoinOperator.produceBatch;org/weakref/nitro/operator/HashJoinOperator.produceOrdinaryBatch;org/weakref/nitro/operator/HashJoinOperator.loadNextOuterBatch;org/weakref/nitro/operator/HashJoinOperator.next;org/weakref/nitro/operator/HashJoinOperator.produceBatch;org/weakref/nitro/operator/HashJoinOperator.produceOrdinaryBatch;org/weakref/nitro/operator/HashJoinOperator.loadNextOuterBatch;org/weakref/nitro/operator/NitroParquetScanOperator.hasNext;org/weakref/nitro/operator/NitroParquetScanOperator.ensureWindow;org/weakref/nitro/operator/NitroParquetScanOperator.decodeFilterWindow;org/weakref/nitro/operator/NitroParquetScanOperator.ensureColumnScratch;org/weakref/nitro/operator/NitroParquetScanOperator.replaceLongs;org/weakref/nitro/data/PrimitiveArrayPool.borrowLongs;long[]_[i] 2
java/lang/Thread.run;java/lang/Thread.runWith;java/util/concurrent/ThreadPoolExecutor$Worker.run;java/util/concurrent/ThreadPoolExecutor.runWorker;java/util/concurrent/FutureTask.run;java/util/concurrent/Executors$RunnableAdapter.call;java/util/concurrent/FutureTask.run;org/openjdk/jmh/runner/BenchmarkHandler$BenchmarkTask.call;org/openjdk/jmh/runner/BenchmarkHandler$BenchmarkTask.call;java/lang/reflect/Method.invoke;jdk/internal/reflect/DirectMethodHandleAccessor.invoke;jdk/internal/reflect/DirectMethodHandleAccessor.invokeImpl;java/lang/invoke/LambdaForm$MH.0x0000000012061400.invokeExact_MT;java/lang/invoke/LambdaForm$MH.0x0000000012061000.invoke;java/lang/invoke/DirectMethodHandle$Holder.invokeSpecial;org/weakref/nitro/tpcds/jmh_generated/BenchmarkQueries_query88_jmhTest.query88_AverageTime;org/weakref/nitro/tpcds/jmh_generated/BenchmarkQueries_query88_jmhTest.query88_avgt_jmhStub;org/weakref/nitro/tpcds/BenchmarkQueries.query88;org/weakref/nitro/tpcds/BenchmarkQueries.consume;org/weakref/nitro/operator/NestedLoopJoinOperator.next;org/weakref/nitro/operator/NestedLoopJoinOperator.produceBatch;org/weakref/nitro/operator/NestedLoopJoinOperator.loadNextOuterBatch;org/weakref/nitro/operator/NestedLoopJoinOperator.next;org/weakref/nitro/operator/NestedLoopJoinOperator.produceBatch;org/weakref/nitro/operator/NestedLoopJoinOperator.loadNextOuterBatch;org/weakref/nitro/operator/NestedLoopJoinOperator.next;org/weakref/nitro/operator/NestedLoopJoinOperator.produceBatch;org/weakref/nitro/operator/NestedLoopJoinOperator.loadNextOuterBatch;org/weakref/nitro/operator/NestedLoopJoinOperator.next;org/weakref/nitro/operator/NestedLoopJoinOperator.produceBatch;org/weakref/nitro/operator/NestedLoopJoinOperator.loadInnerIfNecessary;org/weakref/nitro/operator/BufferedJoinInput.loadAll;org/weakref/nitro/operator/BufferedJoinInput.loadAll;org/weakref/nitro/operator/BufferedJoinInput.captureSchema;org/weakref/nitro/operator/Output.borrow;org/weakref/nitro/operator/AggregationOperator$$Lambda.0x0000000012110000.apply;org/weakref/nitro/operator/AggregationOperator.lambda$resultOutput$0;org/weakref/nitro/operator/AggregationOperator.doAggregationIfNeeded;org/weakref/nitro/operator/HashJoinOperator.next;org/weakref/nitro/operator/HashJoinOperator.produceBatch;org/weakref/nitro/operator/HashJoinOperator.produceOrdinaryBatch;org/weakref/nitro/operator/HashJoinOperator.loadNextOuterBatch;org/weakref/nitro/operator/HashJoinOperator.next;org/weakref/nitro/operator/HashJoinOperator.produceBatch;org/weakref/nitro/operator/HashJoinOperator.produceOrdinaryBatch;org/weakref/nitro/operator/HashJoinOperator.loadNextOuterBatch;org/weakref/nitro/operator/HashJoinOperator.next;org/weakref/nitro/operator/HashJoinOperator.produceBatch;org/weakref/nitro/operator/HashJoinOperator.produceOrdinaryBatch;org/weakref/nitro/operator/HashJoinOperator.loadNextOuterBatch;org/weakref/nitro/operator/NitroParquetScanOperator.hasNext;org/weakref/nitro/operator/NitroParquetScanOperator.ensureWindow;org/weakref/nitro/operator/NitroParquetScanOperator.decodeFilterWindow;org/weakref/nitro/operator/NitroParquetScanOperator.ensureColumnScratch;org/weakref/nitro/operator/NitroParquetScanOperator.replaceLongs;org/weakref/nitro/data/PrimitiveArrayPool.borrowLongs;long[]_[i] 2
java/lang/Thread.run;java/lang/Thread.runWith;java/util/concurrent/ThreadPoolExecutor$Worker.run;java/util/concurrent/ThreadPoolExecutor.runWorker;java/util/concurrent/FutureTask.run;java/util/concurrent/Executors$RunnableAdapter.call;java/util/concurrent/FutureTask.run;org/openjdk/jmh/runner/BenchmarkHandler$BenchmarkTask.call;org/openjdk/jmh/runner/BenchmarkHandler$BenchmarkTask.call;java/lang/reflect/Method.invoke;jdk/internal/reflect/DirectMethodHandleAccessor.invoke;jdk/internal/reflect/DirectMethodHandleAccessor.invokeImpl;java/lang/invoke/LambdaForm$MH.0x0000000012061400.invokeExact_MT;java/lang/invoke/LambdaForm$MH.0x0000000012061000.invoke;java/lang/invoke/DirectMethodHandle$Holder.invokeSpecial;org/weakref/nitro/tpcds/jmh_generated/BenchmarkQueries_query88_jmhTest.query88_AverageTime;org/weakref/nitro/tpcds/jmh_generated/BenchmarkQueries_query88_jmhTest.query88_avgt_jmhStub;org/weakref/nitro/tpcds/BenchmarkQueries.query88;org/weakref/nitro/tpcds/BenchmarkQueries.consume;org/weakref/nitro/operator/NestedLoopJoinOperator.next;org/weakref/nitro/operator/NestedLoopJoinOperator.produceBatch;org/weakref/nitro/operator/NestedLoopJoinOperator.loadNextOuterBatch;org/weakref/nitro/operator/NestedLoopJoinOperator.next;org/weakref/nitro/operator/NestedLoopJoinOperator.produceBatch;org/weakref/nitro/operator/NestedLoopJoinOperator.loadNextOuterBatch;org/weakref/nitro/operator/NestedLoopJoinOperator.next;org/weakref/nitro/operator/NestedLoopJoinOperator.produceBatch;org/weakref/nitro/operator/NestedLoopJoinOperator.loadInnerIfNecessary;org/weakref/nitro/operator/BufferedJoinInput.loadAll;org/weakref/nitro/operator/BufferedJoinInput.loadAll;org/weakref/nitro/operator/BufferedJoinInput.captureSchema;org/weakref/nitro/operator/Output.borrow;org/weakref/nitro/operator/AggregationOperator$$Lambda.0x0000000012110000.apply;org/weakref/nitro/operator/AggregationOperator.lambda$resultOutput$0;org/weakref/nitro/operator/AggregationOperator.doAggregationIfNeeded;org/weakref/nitro/operator/HashJoinOperator.next;org/weakref/nitro/operator/HashJoinOperator.produceBatch;org/weakref/nitro/operator/HashJoinOperator.produceOrdinaryBatch;org/weakref/nitro/operator/HashJoinOperator.loadNextOuterBatch;org/weakref/nitro/operator/HashJoinOperator.next;org/weakref/nitro/operator/HashJoinOperator.produceBatch;org/weakref/nitro/operator/HashJoinOperator.produceOrdinaryBatch;org/weakref/nitro/operator/HashJoinOperator.loadNextOuterBatch;org/weakref/nitro/operator/HashJoinOperator.next;org/weakref/nitro/operator/HashJoinOperator.produceBatch;org/weakref/nitro/operator/HashJoinOperator.produceOrdinaryBatch;org/weakref/nitro/operator/HashJoinOperator.loadNextOuterBatch;org/weakref/nitro/operator/NitroParquetScanOperator.hasNext;org/weakref/nitro/operator/NitroParquetScanOperator.ensureWindow;org/weakref/nitro/operator/NitroParquetScanOperator.decodeFilterWindow;org/weakref/nitro/operator/NitroParquetScanOperator.readColumnInto;org/weakref/nitro/operator/NitroParquetScanOperator.ensureColumnScratch;org/weakref/nitro/operator/NitroParquetScanOperator.replaceLongs;org/weakref/nitro/data/PrimitiveArrayPool.borrowLongs;long[]_[i] 4
java/lang/Thread.run;java/lang/Thread.runWith;java/util/concurrent/ThreadPoolExecutor$Worker.run;java/util/concurrent/ThreadPoolExecutor.runWorker;java/util/concurrent/FutureTask.run;java/util/concurrent/Executors$RunnableAdapter.call;java/util/concurrent/FutureTask.run;org/openjdk/jmh/runner/BenchmarkHandler$BenchmarkTask.call;org/openjdk/jmh/runner/BenchmarkHandler$BenchmarkTask.call;java/lang/reflect/Method.invoke;jdk/internal/reflect/DirectMethodHandleAccessor.invoke;jdk/internal/reflect/DirectMethodHandleAccessor.invokeImpl;java/lang/invoke/LambdaForm$MH.0x0000000012061400.invokeExact_MT;java/lang/invoke/LambdaForm$MH.0x0000000012061000.invoke;java/lang/invoke/DirectMethodHandle$Holder.invokeSpecial;org/weakref/nitro/tpcds/jmh_generated/BenchmarkQueries_query88_jmhTest.query88_AverageTime;org/weakref/nitro/tpcds/jmh_generated/BenchmarkQueries_query88_jmhTest.query88_avgt_jmhStub;org/weakref/nitro/tpcds/BenchmarkQueries.query88;org/weakref/nitro/tpcds/BenchmarkQueries.consume;org/weakref/nitro/operator/NestedLoopJoinOperator.next;org/weakref/nitro/operator/NestedLoopJoinOperator.produceBatch;org/weakref/nitro/operator/NestedLoopJoinOperator.loadNextOuterBatch;org/weakref/nitro/operator/NestedLoopJoinOperator.next;org/weakref/nitro/operator/NestedLoopJoinOperator.produceBatch;org/weakref/nitro/operator/NestedLoopJoinOperator.loadNextOuterBatch;org/weakref/nitro/operator/NestedLoopJoinOperator.next;org/weakref/nitro/operator/NestedLoopJoinOperator.produceBatch;org/weakref/nitro/operator/NestedLoopJoinOperator.loadNextOuterBatch;org/weakref/nitro/operator/NestedLoopJoinOperator.next;org/weakref/nitro/operator/NestedLoopJoinOperator.produceBatch;org/weakref/nitro/operator/NestedLoopJoinOperator.loadNextOuterBatch;org/weakref/nitro/operator/NestedLoopJoinOperator.next;org/weakref/nitro/operator/NestedLoopJoinOperator.produceBatch;org/weakref/nitro/operator/NestedLoopJoinOperator.loadInnerIfNecessary;org/weakref/nitro/operator/BufferedJoinInput.loadAll;org/weakref/nitro/operator/BufferedJoinInput.loadAll;org/weakref/nitro/operator/BufferedJoinInput.captureSchema;org/weakref/nitro/operator/Output.borrow;org/weakref/nitro/operator/AggregationOperator$$Lambda.0x0000000012110000.apply;org/weakref/nitro/operator/AggregationOperator.lambda$resultOutput$0;org/weakref/nitro/operator/AggregationOperator.doAggregationIfNeeded;org/weakref/nitro/operator/HashJoinOperator.next;org/weakref/nitro/operator/HashJoinOperator.produceBatch;org/weakref/nitro/operator/HashJoinOperator.produceOrdinaryBatch;org/weakref/nitro/operator/HashJoinOperator.loadNextOuterBatch;org/weakref/nitro/operator/HashJoinOperator.next;org/weakref/nitro/operator/HashJoinOperator.produceBatch;org/weakref/nitro/operator/HashJoinOperator.loadInnerIfNecessary;org/weakref/nitro/operator/HashJoinOperator.loadStreamingInner;org/weakref/nitro/operator/FilterOperator.next;org/weakref/nitro/operator/evaluator/PlanEvaluator.evaluateInPlace;org/weakref/nitro/operator/evaluator/PlanEvaluator.evaluateTrueMaskInPlace;org/weakref/nitro/operator/evaluator/PlanEvaluator.evaluateTrueMaskInPlace;org/weakref/nitro/operator/evaluator/PlanEvaluator.evaluateAdaptiveAndTrueMaskInPlace;org/weakref/nitro/operator/evaluator/PlanEvaluator.evaluateMeasuredTrueMaskInPlace;org/weakref/nitro/operator/evaluator/PlanEvaluator.evaluateTrueMaskInPlace;org/weakref/nitro/operator/evaluator/PlanEvaluator.evaluateAdaptiveOrTrueMask;org/weakref/nitro/operator/evaluator/PlanEvaluator.evaluateMeasuredTrueMask;org/weakref/nitro/operator/evaluator/PlanEvaluator.evaluateTrueMaskWithoutReordering;org/weakref/nitro/operator/evaluator/PlanEvaluator.evaluateAdaptiveOrTrueMask;org/weakref/nitro/operator/evaluator/PlanEvaluator.evaluateMeasuredTrueMask;org/weakref/nitro/operator/evaluator/PlanEvaluator.evaluateTrueMaskWithoutReordering;org/weakref/nitro/operator/evaluator/PlanEvaluator.evaluateTrueReferenceMask;org/weakref/nitro/operator/evaluator/PlanEvaluator.tryEvaluatePrimitiveTrueMask;org/weakref/nitro/operator/evaluator/PlanEvaluator.tryEvaluatePrimitiveMask;org/weakref/nitro/operator/evaluator/PlanEvaluator.resolveMaskPrimitiveInvocation;org/weakref/nitro/operator/evaluator/PlanEvaluator.evaluateArgument;org/weakref/nitro/operator/FilterOperator$1.resolve;org/weakref/nitro/operator/Output.borrowOrNull;org/weakref/nitro/operator/Output.borrow;org/weakref/nitro/operator/Output.borrow;org/weakref/nitro/operator/NitroParquetScanOperator$ScanOutputResolver$$Lambda.0x00000000120bc200.apply;org/weakref/nitro/operator/NitroParquetScanOperator$ScanOutputResolver.resolve;org/weakref/nitro/operator/NitroParquetScanOperator.resolveLazyColumn;org/weakref/nitro/operator/NitroParquetScanOperator.decodeFullColumn;org/weakref/nitro/parquet/ColumnReader.readInts;org/weakref/nitro/parquet/ColumnReader.decodeNextDataPage;org/weakref/nitro/parquet/ColumnReader.decodeDataPageV1;org/weakref/nitro/parquet/ColumnReader.ensurePageCapacity;org/weakref/nitro/parquet/ColumnReader.ensurePageValueCapacity;org/weakref/nitro/parquet/ColumnReader.replaceInts;org/weakref/nitro/data/PrimitiveArrayPool.borrowInts;int[]_[i] 1
java/lang/Thread.run;java/lang/Thread.runWith;java/util/concurrent/ThreadPoolExecutor$Worker.run;java/util/concurrent/ThreadPoolExecutor.runWorker;java/util/concurrent/FutureTask.run;java/util/concurrent/Executors$RunnableAdapter.call;java/util/concurrent/FutureTask.run;org/openjdk/jmh/runner/BenchmarkHandler$BenchmarkTask.call;org/openjdk/jmh/runner/BenchmarkHandler$BenchmarkTask.call;java/lang/reflect/Method.invoke;jdk/internal/reflect/DirectMethodHandleAccessor.invoke;jdk/internal/reflect/DirectMethodHandleAccessor.invokeImpl;java/lang/invoke/LambdaForm$MH.0x0000000012061400.invokeExact_MT;java/lang/invoke/LambdaForm$MH.0x0000000012061000.invoke;java/lang/invoke/DirectMethodHandle$Holder.invokeSpecial;org/weakref/nitro/tpcds/jmh_generated/BenchmarkQueries_query88_jmhTest.query88_AverageTime;org/weakref/nitro/tpcds/jmh_generated/BenchmarkQueries_query88_jmhTest.query88_avgt_jmhStub;org/weakref/nitro/tpcds/BenchmarkQueries.query88;org/weakref/nitro/tpcds/TpcdsParquetSupport.query88;org/weakref/nitro/tpcds/TpcdsParquetSupport.query88BucketCount;org/weakref/nitro/tpcds/TpcdsParquetSupport.query88Bucket;org/weakref/nitro/operator/HashJoinOperator.<init>;org/weakref/nitro/operator/HashJoinOperator.<init>;org/weakref/nitro/operator/HashJoinOperator$JoinScratch.<init>;int[]_[i] 1
java/lang/Thread.run;java/lang/Thread.runWith;java/util/concurrent/ThreadPoolExecutor$Worker.run;java/util/concurrent/ThreadPoolExecutor.runWorker;java/util/concurrent/FutureTask.run;java/util/concurrent/Executors$RunnableAdapter.call;java/util/concurrent/FutureTask.run;org/openjdk/jmh/runner/BenchmarkHandler$BenchmarkTask.call;org/openjdk/jmh/runner/BenchmarkHandler$BenchmarkTask.call;java/lang/reflect/Method.invoke;jdk/internal/reflect/DirectMethodHandleAccessor.invoke;jdk/internal/reflect/DirectMethodHandleAccessor.invokeImpl;java/lang/invoke/LambdaForm$MH.0x0000000012061400.invokeExact_MT;java/lang/invoke/LambdaForm$MH.0x0000000012061000.invoke;java/lang/invoke/DirectMethodHandle$Holder.invokeSpecial;org/weakref/nitro/tpcds/jmh_generated/BenchmarkQueries_query88_jmhTest.query88_AverageTime;org/weakref/nitro/tpcds/jmh_generated/BenchmarkQueries_query88_jmhTest.query88_avgt_jmhStub;org/weakref/nitro/tpcds/BenchmarkQueries.query88;org/weakref/nitro/tpcds/TpcdsParquetSupport.query88;org/weakref/nitro/tpcds/TpcdsParquetSupport.query88BucketCount;org/weakref/nitro/tpcds/TpcdsParquetSupport.query88Bucket;org/weakref/nitro/tpcds/TpcdsParquetSupport.factScan;org/weakref/nitro/operator/NitroParquetScanOperator.<init>;java/util/stream/ReferencePipeline.toArray;java/util/stream/AbstractPipeline.evaluateToArrayNode;java/util/stream/AbstractPipeline.evaluate;java/util/stream/AbstractPipeline.wrapAndCopyInto;java/util/stream/AbstractPipeline.copyInto;java/util/AbstractList$RandomAccessSpliterator.forEachRemaining;java/util/stream/ReferencePipeline$3$1.accept;org/weakref/nitro/operator/NitroParquetScanOperator$$Lambda.0x0000000012086b58.apply;org/weakref/nitro/parquet/ParquetFile.open;org/weakref/nitro/parquet/ParquetFile.<init>;org/apache/parquet/format/Util.readFileMetaData;org/apache/parquet/format/Util.readFileMetaData;org/apache/parquet/format/Util.read;org/apache/parquet/format/FileMetaData.read;org/apache/parquet/format/FileMetaData$FileMetaDataStandardScheme.read;org/apache/parquet/format/FileMetaData$FileMetaDataStandardScheme.read;org/apache/parquet/format/RowGroup.read;org/apache/parquet/format/RowGroup$RowGroupStandardScheme.read;org/apache/parquet/format/RowGroup$RowGroupStandardScheme.read;org/apache/parquet/format/ColumnChunk.read;org/apache/parquet/format/ColumnChunk$ColumnChunkStandardScheme.read;org/apache/parquet/format/ColumnChunk$ColumnChunkStandardScheme.read;org/apache/parquet/format/ColumnMetaData.read;org/apache/parquet/format/ColumnMetaData.scheme;org/apache/parquet/format/ColumnMetaData$ColumnMetaDataStandardSchemeFactory.getScheme;org/apache/parquet/format/ColumnMetaData$ColumnMetaDataStandardSchemeFactory.getScheme;org.apache.parquet.format.ColumnMetaData$ColumnMetaDataStandardScheme_[i] 1
java/lang/Thread.run;java/lang/Thread.runWith;java/util/concurrent/ThreadPoolExecutor$Worker.run;java/util/concurrent/ThreadPoolExecutor.runWorker;java/util/concurrent/FutureTask.run;java/util/concurrent/Executors$RunnableAdapter.call;java/util/concurrent/FutureTask.run;org/openjdk/jmh/runner/BenchmarkHandler$BenchmarkTask.call;org/openjdk/jmh/runner/BenchmarkHandler$BenchmarkTask.call;java/lang/reflect/Method.invoke;jdk/internal/reflect/DirectMethodHandleAccessor.invoke;jdk/internal/reflect/DirectMethodHandleAccessor.invokeImpl;java/lang/invoke/LambdaForm$MH.0x0000000012061400.invokeExact_MT;java/lang/invoke/LambdaForm$MH.0x0000000012061000.invoke;java/lang/invoke/DirectMethodHandle$Holder.invokeSpecial;org/weakref/nitro/tpcds/jmh_generated/BenchmarkQueries_query88_jmhTest.query88_AverageTime;org/weakref/nitro/tpcds/jmh_generated/BenchmarkQueries_query88_jmhTest.query88_avgt_jmhStub;org/weakref/nitro/tpcds/BenchmarkQueries.query88;org/weakref/nitro/tpcds/TpcdsParquetSupport.query88;org/weakref/nitro/tpcds/TpcdsParquetSupport.query88BucketCount;org/weakref/nitro/tpcds/TpcdsParquetSupport.query88Bucket;org/weakref/nitro/tpcds/TpcdsParquetSupport.factScan;org/weakref/nitro/operator/NitroParquetScanOperator.<init>;java/util/stream/ReferencePipeline.toArray;java/util/stream/AbstractPipeline.evaluateToArrayNode;java/util/stream/AbstractPipeline.evaluate;java/util/stream/AbstractPipeline.wrapAndCopyInto;java/util/stream/AbstractPipeline.copyInto;java/util/AbstractList$RandomAccessSpliterator.forEachRemaining;java/util/stream/ReferencePipeline$3$1.accept;org/weakref/nitro/operator/NitroParquetScanOperator$$Lambda.0x0000000012086b58.apply;org/weakref/nitro/parquet/ParquetFile.open;org/weakref/nitro/parquet/ParquetFile.<init>;org/apache/parquet/format/Util.readFileMetaData;org/apache/parquet/format/Util.readFileMetaData;org/apache/parquet/format/Util.read;org/apache/parquet/format/FileMetaData.read;org/apache/parquet/format/FileMetaData$FileMetaDataStandardScheme.read;org/apache/parquet/format/FileMetaData$FileMetaDataStandardScheme.read;org/apache/parquet/format/RowGroup.read;org/apache/parquet/format/RowGroup$RowGroupStandardScheme.read;org/apache/parquet/format/RowGroup$RowGroupStandardScheme.read;org/apache/parquet/format/ColumnChunk.read;org/apache/parquet/format/ColumnChunk$ColumnChunkStandardScheme.read;org/apache/parquet/format/ColumnChunk$ColumnChunkStandardScheme.read;org/apache/parquet/format/ColumnMetaData.read;org/apache/parquet/format/ColumnMetaData$ColumnMetaDataStandardScheme.read;org/apache/parquet/format/ColumnMetaData$ColumnMetaDataStandardScheme.read;org/apache/parquet/format/InterningProtocol.readFieldBegin;shaded/parquet/org/apache/thrift/protocol/TCompactProtocol.readFieldBegin;shaded.parquet.org.apache.thrift.protocol.TField_[i] 1
java/lang/Thread.run;java/lang/Thread.runWith;java/util/concurrent/ThreadPoolExecutor$Worker.run;java/util/concurrent/ThreadPoolExecutor.runWorker;java/util/concurrent/FutureTask.run;java/util/concurrent/Executors$RunnableAdapter.call;java/util/concurrent/FutureTask.run;org/openjdk/jmh/runner/BenchmarkHandler$BenchmarkTask.call;org/openjdk/jmh/runner/BenchmarkHandler$BenchmarkTask.call;java/lang/reflect/Method.invoke;jdk/internal/reflect/DirectMethodHandleAccessor.invoke;jdk/internal/reflect/DirectMethodHandleAccessor.invokeImpl;java/lang/invoke/LambdaForm$MH.0x0000000012061400.invokeExact_MT;java/lang/invoke/LambdaForm$MH.0x0000000012061000.invoke;java/lang/invoke/DirectMethodHandle$Holder.invokeSpecial;org/weakref/nitro/tpcds/jmh_generated/BenchmarkQueries_query88_jmhTest.query88_AverageTime;org/weakref/nitro/tpcds/jmh_generated/BenchmarkQueries_query88_jmhTest.query88_avgt_jmhStub;org/weakref/nitro/tpcds/BenchmarkQueries.query88;org/weakref/nitro/tpcds/BenchmarkQueries.consume;org/weakref/nitro/operator/NestedLoopJoinOperator.next;org/weakref/nitro/operator/NestedLoopJoinOperator.produceBatch;org/weakref/nitro/operator/NestedLoopJoinOperator.loadNextOuterBatch;org/weakref/nitro/operator/NestedLoopJoinOperator.next;org/weakref/nitro/operator/NestedLoopJoinOperator.produceBatch;org/weakref/nitro/operator/NestedLoopJoinOperator.loadNextOuterBatch;org/weakref/nitro/operator/NestedLoopJoinOperator.next;org/weakref/nitro/operator/NestedLoopJoinOperator.produceBatch;org/weakref/nitro/operator/NestedLoopJoinOperator.loadNextOuterBatch;org/weakref/nitro/operator/NestedLoopJoinOperator.next;org/weakref/nitro/operator/NestedLoopJoinOperator.produceBatch;org/weakref/nitro/operator/NestedLoopJoinOperator.loadInnerIfNecessary;org/weakref/nitro/operator/BufferedJoinInput.loadAll;org/weakref/nitro/operator/BufferedJoinInput.loadAll;org/weakref/nitro/operator/BufferedJoinInput.captureSchema;org/weakref/nitro/operator/Output.borrow;org/weakref/nitro/operator/AggregationOperator$$Lambda.0x0000000012110000.apply;org/weakref/nitro/operator/AggregationOperator.lambda$resultOutput$0;org/weakref/nitro/operator/AggregationOperator.doAggregationIfNeeded;org/weakref/nitro/operator/HashJoinOperator.next;org/weakref/nitro/operator/HashJoinOperator.produceBatch;org/weakref/nitro/operator/HashJoinOperator.produceOrdinaryBatch;org/weakref/nitro/operator/HashJoinOperator.loadNextOuterBatch;org/weakref/nitro/operator/HashJoinOperator.next;org/weakref/nitro/operator/HashJoinOperator.produceBatch;org/weakref/nitro/operator/HashJoinOperator.produceOrdinaryBatch;org/weakref/nitro/operator/HashJoinOperator.loadNextOuterBatch;org/weakref/nitro/operator/HashJoinOperator.next;org/weakref/nitro/operator/HashJoinOperator.produceBatch;org/weakref/nitro/operator/HashJoinOperator.produceOrdinaryBatch;org/weakref/nitro/operator/HashJoinOperator.loadNextOuterBatch;org/weakref/nitro/operator/NitroParquetScanOperator.hasNext;org/weakref/nitro/operator/NitroParquetScanOperator.ensureWindow;org/weakref/nitro/operator/NitroParquetScanOperator.decodeFilterWindow;org/weakref/nitro/operator/NitroParquetScanOperator.snapshotFilterSurvivors;org/weakref/nitro/operator/NitroParquetScanOperator.replaceInts;org/weakref/nitro/data/PrimitiveArrayPool.borrowInts;int[]_[i] 1
java/lang/Thread.run;java/lang/Thread.runWith;java/util/concurrent/ThreadPoolExecutor$Worker.run;java/util/concurrent/ThreadPoolExecutor.runWorker;java/util/concurrent/FutureTask.run;java/util/concurrent/Executors$RunnableAdapter.call;java/util/concurrent/FutureTask.run;org/openjdk/jmh/runner/BenchmarkHandler$BenchmarkTask.call;org/openjdk/jmh/runner/BenchmarkHandler$BenchmarkTask.call;java/lang/reflect/Method.invoke;jdk/internal/reflect/DirectMethodHandleAccessor.invoke;jdk/internal/reflect/DirectMethodHandleAccessor.invokeImpl;java/lang/invoke/LambdaForm$MH.0x0000000012061400.invokeExact_MT;java/lang/invoke/LambdaForm$MH.0x0000000012061000.invoke;java/lang/invoke/DirectMethodHandle$Holder.invokeSpecial;org/weakref/nitro/tpcds/jmh_generated/BenchmarkQueries_query88_jmhTest.query88_AverageTime;org/weakref/nitro/tpcds/jmh_generated/BenchmarkQueries_query88_jmhTest.query88_avgt_jmhStub;org/weakref/nitro/tpcds/BenchmarkQueries.query88;org/weakref/nitro/tpcds/BenchmarkQueries.consume;org/weakref/nitro/operator/NestedLoopJoinOperator.next;org/weakref/nitro/operator/NestedLoopJoinOperator.produceBatch;org/weakref/nitro/operator/NestedLoopJoinOperator.loadNextOuterBatch;org/weakref/nitro/operator/NestedLoopJoinOperator.next;org/weakref/nitro/operator/NestedLoopJoinOperator.produceBatch;org/weakref/nitro/operator/NestedLoopJoinOperator.loadNextOuterBatch;org/weakref/nitro/operator/NestedLoopJoinOperator.next;org/weakref/nitro/operator/NestedLoopJoinOperator.produceBatch;org/weakref/nitro/operator/NestedLoopJoinOperator.loadNextOuterBatch;org/weakref/nitro/operator/NestedLoopJoinOperator.next;org/weakref/nitro/operator/NestedLoopJoinOperator.produceBatch;org/weakref/nitro/operator/NestedLoopJoinOperator.loadNextOuterBatch;org/weakref/nitro/operator/NestedLoopJoinOperator.next;org/weakref/nitro/operator/NestedLoopJoinOperator.produceBatch;org/weakref/nitro/operator/NestedLoopJoinOperator.loadNextOuterBatch;org/weakref/nitro/operator/NestedLoopJoinOperator.next;org/weakref/nitro/operator/NestedLoopJoinOperator.produceBatch;org/weakref/nitro/operator/NestedLoopJoinOperator.loadInnerIfNecessary;org/weakref/nitro/operator/BufferedJoinInput.loadAll;org/weakref/nitro/operator/BufferedJoinInput.loadAll;org/weakref/nitro/operator/BufferedJoinInput.captureSchema;org/weakref/nitro/operator/Output.borrow;org/weakref/nitro/operator/AggregationOperator$$Lambda.0x0000000012110000.apply;org/weakref/nitro/operator/AggregationOperator.lambda$resultOutput$0;org/weakref/nitro/operator/AggregationOperator.doAggregationIfNeeded;org/weakref/nitro/operator/HashJoinOperator.next;org/weakref/nitro/operator/HashJoinOperator.produceBatch;org/weakref/nitro/operator/HashJoinOperator.produceOrdinaryBatch;org/weakref/nitro/operator/HashJoinOperator.loadNextOuterBatch;org/weakref/nitro/operator/HashJoinOperator.next;org/weakref/nitro/operator/HashJoinOperator.produceBatch;org/weakref/nitro/operator/HashJoinOperator.produceOrdinaryBatch;org/weakref/nitro/operator/HashJoinOperator.loadNextOuterBatch;org/weakref/nitro/operator/HashJoinOperator.next;org/weakref/nitro/operator/HashJoinOperator.produceBatch;org/weakref/nitro/operator/HashJoinOperator.produceOrdinaryBatch;org/weakref/nitro/operator/HashJoinOperator.loadNextOuterBatch;org/weakref/nitro/operator/NitroParquetScanOperator.hasNext;org/weakref/nitro/operator/NitroParquetScanOperator.ensureWindow;org/weakref/nitro/operator/NitroParquetScanOperator.decodeFilterWindow;org/weakref/nitro/operator/NitroParquetScanOperator.ensureScratch;org/weakref/nitro/operator/NitroParquetScanOperator.replaceInts;org/weakref/nitro/data/PrimitiveArrayPool.borrowInts;int[]_[i] 2
java/lang/Thread.run;java/lang/Thread.runWith;java/util/concurrent/ThreadPoolExecutor$Worker.run;java/util/concurrent/ThreadPoolExecutor.runWorker;java/util/concurrent/FutureTask.run;java/util/concurrent/Executors$RunnableAdapter.call;java/util/concurrent/FutureTask.run;org/openjdk/jmh/runner/BenchmarkHandler$BenchmarkTask.call;org/openjdk/jmh/runner/BenchmarkHandler$BenchmarkTask.call;java/lang/reflect/Method.invoke;jdk/internal/reflect/DirectMethodHandleAccessor.invoke;jdk/internal/reflect/DirectMethodHandleAccessor.invokeImpl;java/lang/invoke/LambdaForm$MH.0x0000000012061400.invokeExact_MT;java/lang/invoke/LambdaForm$MH.0x0000000012061000.invoke;java/lang/invoke/DirectMethodHandle$Holder.invokeSpecial;org/weakref/nitro/tpcds/jmh_generated/BenchmarkQueries_query88_jmhTest.query88_AverageTime;org/weakref/nitro/tpcds/jmh_generated/BenchmarkQueries_query88_jmhTest.query88_avgt_jmhStub;org/weakref/nitro/tpcds/BenchmarkQueries.query88;org/weakref/nitro/tpcds/BenchmarkQueries.consume;org/weakref/nitro/operator/NestedLoopJoinOperator.next;org/weakref/nitro/operator/NestedLoopJoinOperator.produceBatch;org/weakref/nitro/operator/NestedLoopJoinOperator.loadInnerIfNecessary;org/weakref/nitro/operator/BufferedJoinInput.loadAll;org/weakref/nitro/operator/BufferedJoinInput.loadAll;org/weakref/nitro/operator/BufferedJoinInput.captureSchema;org/weakref/nitro/operator/Output.borrow;org/weakref/nitro/operator/AggregationOperator$$Lambda.0x0000000012110000.apply;org/weakref/nitro/operator/AggregationOperator.lambda$resultOutput$0;org/weakref/nitro/operator/AggregationOperator.doAggregationIfNeeded;org/weakref/nitro/operator/HashJoinOperator.next;org/weakref/nitro/operator/HashJoinOperator.produceBatch;org/weakref/nitro/operator/HashJoinOperator.produceOrdinaryBatch;org/weakref/nitro/operator/HashJoinOperator.loadNextOuterBatch;org/weakref/nitro/operator/HashJoinOperator.next;org/weakref/nitro/operator/HashJoinOperator.produceBatch;org/weakref/nitro/operator/HashJoinOperator.produceOrdinaryBatch;org/weakref/nitro/operator/HashJoinOperator.loadNextOuterBatch;org/weakref/nitro/operator/HashJoinOperator.next;org/weakref/nitro/operator/HashJoinOperator.produceBatch;org/weakref/nitro/operator/HashJoinOperator.loadInnerIfNecessary;org/weakref/nitro/operator/HashJoinOperator.loadStreamingInner;org/weakref/nitro/operator/FilterOperator.next;org/weakref/nitro/operator/evaluator/PlanEvaluator.evaluateInPlace;org/weakref/nitro/operator/evaluator/PlanEvaluator.evaluateTrueMaskInPlace;org/weakref/nitro/operator/evaluator/PlanEvaluator.evaluateTrueMaskInPlace;org/weakref/nitro/operator/evaluator/PlanEvaluator.evaluateAdaptiveAndTrueMaskInPlace;org/weakref/nitro/operator/evaluator/PlanEvaluator.evaluateMeasuredTrueMaskInPlace;org/weakref/nitro/operator/evaluator/PlanEvaluator.evaluateTrueMaskInPlace;org/weakref/nitro/operator/evaluator/PlanEvaluator.tryEvaluatePrimitiveTrueMaskInPlace;org/weakref/nitro/operator/evaluator/PlanEvaluator.tryEvaluatePrimitiveMaskInPlace;org/weakref/nitro/operator/evaluator/PlanEvaluator.resolveMaskPrimitiveInvocation;org/weakref/nitro/operator/evaluator/PlanEvaluator.evaluateArgument;org/weakref/nitro/operator/FilterOperator$1.resolve;org/weakref/nitro/operator/Output.borrowOrNull;org/weakref/nitro/operator/Output.borrow;org/weakref/nitro/operator/Output.borrow;org/weakref/nitro/operator/NitroParquetScanOperator$ScanOutputResolver$$Lambda.0x00000000120bc200.apply;org/weakref/nitro/operator/NitroParquetScanOperator$ScanOutputResolver.resolve;org/weakref/nitro/operator/NitroParquetScanOperator.resolveLazyColumn;org/weakref/nitro/operator/NitroParquetScanOperator.drainPendingAdvance;org/weakref/nitro/parquet/ColumnReader.skip;org/weakref/nitro/parquet/ColumnReader.decodeDataPageV1;org/weakref/nitro/parquet/ColumnReader.ensurePageCapacity;org/weakref/nitro/parquet/ColumnReader.ensurePageValueCapacity;org/weakref/nitro/parquet/ColumnReader.replaceInts;org/weakref/nitro/data/PrimitiveArrayPool.borrowInts;int[]_[i] 1
java/lang/Thread.run;java/lang/Thread.runWith;java/util/concurrent/ThreadPoolExecutor$Worker.run;java/util/concurrent/ThreadPoolExecutor.runWorker;java/util/concurrent/FutureTask.run;java/util/concurrent/Executors$RunnableAdapter.call;java/util/concurrent/FutureTask.run;org/openjdk/jmh/runner/BenchmarkHandler$BenchmarkTask.call;org/openjdk/jmh/runner/BenchmarkHandler$BenchmarkTask.call;java/lang/reflect/Method.invoke;jdk/internal/reflect/DirectMethodHandleAccessor.invoke;jdk/internal/reflect/DirectMethodHandleAccessor.invokeImpl;java/lang/invoke/LambdaForm$MH.0x0000000012061400.invokeExact_MT;java/lang/invoke/LambdaForm$MH.0x0000000012061000.invoke;java/lang/invoke/DirectMethodHandle$Holder.invokeSpecial;org/weakref/nitro/tpcds/jmh_generated/BenchmarkQueries_query88_jmhTest.query88_AverageTime;org/weakref/nitro/tpcds/jmh_generated/BenchmarkQueries_query88_jmhTest.query88_avgt_jmhStub;org/weakref/nitro/tpcds/BenchmarkQueries.query88;org/weakref/nitro/tpcds/BenchmarkQueries.consume;org/weakref/nitro/operator/NestedLoopJoinOperator.next;org/weakref/nitro/operator/NestedLoopJoinOperator.produceBatch;org/weakref/nitro/operator/NestedLoopJoinOperator.loadNextOuterBatch;org/weakref/nitro/operator/NestedLoopJoinOperator.next;org/weakref/nitro/operator/NestedLoopJoinOperator.produceBatch;org/weakref/nitro/operator/NestedLoopJoinOperator.loadNextOuterBatch;org/weakref/nitro/operator/NestedLoopJoinOperator.next;org/weakref/nitro/operator/NestedLoopJoinOperator.produceBatch;org/weakref/nitro/operator/NestedLoopJoinOperator.loadNextOuterBatch;org/weakref/nitro/operator/NestedLoopJoinOperator.next;org/weakref/nitro/operator/NestedLoopJoinOperator.produceBatch;org/weakref/nitro/operator/NestedLoopJoinOperator.loadNextOuterBatch;org/weakref/nitro/operator/NestedLoopJoinOperator.next;org/weakref/nitro/operator/NestedLoopJoinOperator.produceBatch;org/weakref/nitro/operator/NestedLoopJoinOperator.loadNextOuterBatch;org/weakref/nitro/operator/NestedLoopJoinOperator.next;org/weakref/nitro/operator/NestedLoopJoinOperator.produceBatch;org/weakref/nitro/operator/NestedLoopJoinOperator.loadInnerIfNecessary;org/weakref/nitro/operator/BufferedJoinInput.loadAll;org/weakref/nitro/operator/BufferedJoinInput.loadAll;org/weakref/nitro/operator/BufferedJoinInput.captureSchema;org/weakref/nitro/operator/Output.borrow;org/weakref/nitro/operator/AggregationOperator$$Lambda.0x0000000012110000.apply;org/weakref/nitro/operator/AggregationOperator.lambda$resultOutput$0;org/weakref/nitro/operator/AggregationOperator.doAggregationIfNeeded;org/weakref/nitro/operator/HashJoinOperator.next;org/weakref/nitro/operator/HashJoinOperator.produceBatch;org/weakref/nitro/operator/HashJoinOperator.produceOrdinaryBatch;org/weakref/nitro/operator/HashJoinOperator.loadNextOuterBatch;org/weakref/nitro/operator/HashJoinOperator.next;org/weakref/nitro/operator/HashJoinOperator.produceBatch;org/weakref/nitro/operator/HashJoinOperator.produceOrdinaryBatch;org/weakref/nitro/operator/HashJoinOperator.loadNextOuterBatch;org/weakref/nitro/operator/HashJoinOperator.next;org/weakref/nitro/operator/HashJoinOperator.produceBatch;org/weakref/nitro/operator/HashJoinOperator.loadInnerIfNecessary;org/weakref/nitro/operator/HashJoinOperator.loadStreamingInner;org/weakref/nitro/operator/FilterOperator.next;org/weakref/nitro/operator/evaluator/PlanEvaluator.evaluateInPlace;org/weakref/nitro/operator/evaluator/PlanEvaluator.evaluateTrueMaskInPlace;org/weakref/nitro/operator/evaluator/PlanEvaluator.evaluateTrueMaskInPlace;org/weakref/nitro/operator/evaluator/PlanEvaluator.evaluateAdaptiveAndTrueMaskInPlace;org/weakref/nitro/operator/evaluator/PlanEvaluator.evaluateMeasuredTrueMaskInPlace;org/weakref/nitro/operator/evaluator/PlanEvaluator.evaluateTrueMaskInPlace;org/weakref/nitro/operator/evaluator/PlanEvaluator.tryEvaluatePrimitiveTrueMaskInPlace;org/weakref/nitro/operator/evaluator/PlanEvaluator.tryEvaluatePrimitiveMaskInPlace;org/weakref/nitro/operator/evaluator/PlanEvaluator.resolveMaskPrimitiveInvocation;org/weakref/nitro/operator/evaluator/PlanEvaluator.evaluateArgument;org/weakref/nitro/operator/FilterOperator$1.resolve;org/weakref/nitro/operator/Output.borrowOrNull;org/weakref/nitro/operator/Output.borrow;org/weakref/nitro/operator/Output.borrow;org/weakref/nitro/operator/NitroParquetScanOperator$ScanOutputResolver$$Lambda.0x00000000120bc200.apply;org/weakref/nitro/operator/NitroParquetScanOperator$ScanOutputResolver.resolve;org/weakref/nitro/operator/NitroParquetScanOperator.resolveLazyColumn;org/weakref/nitro/operator/NitroParquetScanOperator.drainPendingAdvance;org/weakref/nitro/parquet/ColumnReader.skip;org/weakref/nitro/parquet/ColumnReader.decodeDataPageV1;org/weakref/nitro/parquet/ColumnReader.ensurePageCapacity;org/weakref/nitro/parquet/ColumnReader.ensurePageValueCapacity;org/weakref/nitro/parquet/ColumnReader.replaceInts;org/weakref/nitro/data/PrimitiveArrayPool.borrowInts;int[]_[i] 1
java/lang/Thread.run;java/lang/Thread.runWith;java/util/concurrent/ThreadPoolExecutor$Worker.run;java/util/concurrent/ThreadPoolExecutor.runWorker;java/util/concurrent/FutureTask.run;java/util/concurrent/Executors$RunnableAdapter.call;java/util/concurrent/FutureTask.run;org/openjdk/jmh/runner/BenchmarkHandler$BenchmarkTask.call;org/openjdk/jmh/runner/BenchmarkHandler$BenchmarkTask.call;java/lang/reflect/Method.invoke;jdk/internal/reflect/DirectMethodHandleAccessor.invoke;jdk/internal/reflect/DirectMethodHandleAccessor.invokeImpl;java/lang/invoke/LambdaForm$MH.0x0000000012061400.invokeExact_MT;java/lang/invoke/LambdaForm$MH.0x0000000012061000.invoke;java/lang/invoke/DirectMethodHandle$Holder.invokeSpecial;org/weakref/nitro/tpcds/jmh_generated/BenchmarkQueries_query88_jmhTest.query88_AverageTime;org/weakref/nitro/tpcds/jmh_generated/BenchmarkQueries_query88_jmhTest.query88_avgt_jmhStub;org/weakref/nitro/tpcds/BenchmarkQueries.query88;org/weakref/nitro/tpcds/BenchmarkQueries.consume;org/weakref/nitro/operator/NestedLoopJoinOperator.next;org/weakref/nitro/operator/NestedLoopJoinOperator.produceBatch;org/weakref/nitro/operator/NestedLoopJoinOperator.loadInnerIfNecessary;org/weakref/nitro/operator/BufferedJoinInput.loadAll;org/weakref/nitro/operator/BufferedJoinInput.loadAll;org/weakref/nitro/operator/BufferedJoinInput.captureSchema;org/weakref/nitro/operator/Output.borrow;org/weakref/nitro/operator/AggregationOperator$$Lambda.0x0000000012110000.apply;org/weakref/nitro/operator/AggregationOperator.lambda$resultOutput$0;org/weakref/nitro/operator/AggregationOperator.doAggregationIfNeeded;org/weakref/nitro/operator/HashJoinOperator.next;org/weakref/nitro/operator/HashJoinOperator.produceBatch;org/weakref/nitro/operator/HashJoinOperator.produceOrdinaryBatch;org/weakref/nitro/operator/HashJoinOperator.loadNextOuterBatch;org/weakref/nitro/operator/HashJoinOperator.next;org/weakref/nitro/operator/HashJoinOperator.produceBatch;org/weakref/nitro/operator/HashJoinOperator.produceOrdinaryBatch;org/weakref/nitro/operator/HashJoinOperator.loadNextOuterBatch;org/weakref/nitro/operator/HashJoinOperator.next;org/weakref/nitro/operator/HashJoinOperator.produceBatch;org/weakref/nitro/operator/HashJoinOperator.produceOrdinaryBatch;org/weakref/nitro/operator/HashJoinOperator.loadNextOuterBatch;org/weakref/nitro/operator/NitroParquetScanOperator.next;org/weakref/nitro/operator/NitroParquetScanOperator.emitSlice;org/weakref/nitro/data/Allocator.allocate;org/weakref/nitro/data/Allocator.allocatePooled;org/weakref/nitro/data/Allocator$$Lambda.0x00000000121121f0.get;org/weakref/nitro/data/Allocator.lambda$allocate$0;org/weakref/nitro/operator/NitroParquetScanOperator$$Lambda.0x0000000012133658.apply;org/weakref/nitro/data/I64Vector.<init>;long[]_[i] 2
java/lang/Thread.run;java/lang/Thread.runWith;java/util/concurrent/ThreadPoolExecutor$Worker.run;java/util/concurrent/ThreadPoolExecutor.runWorker;java/util/concurrent/FutureTask.run;java/util/concurrent/Executors$RunnableAdapter.call;java/util/concurrent/FutureTask.run;org/openjdk/jmh/runner/BenchmarkHandler$BenchmarkTask.call;org/openjdk/jmh/runner/BenchmarkHandler$BenchmarkTask.call;java/lang/reflect/Method.invoke;jdk/internal/reflect/DirectMethodHandleAccessor.invoke;jdk/internal/reflect/DirectMethodHandleAccessor.invokeImpl;java/lang/invoke/LambdaForm$MH.0x0000000012061400.invokeExact_MT;java/lang/invoke/LambdaForm$MH.0x0000000012061000.invoke;java/lang/invoke/DirectMethodHandle$Holder.invokeSpecial;org/weakref/nitro/tpcds/jmh_generated/BenchmarkQueries_query88_jmhTest.query88_AverageTime;org/weakref/nitro/tpcds/jmh_generated/BenchmarkQueries_query88_jmhTest.query88_avgt_jmhStub;org/weakref/nitro/tpcds/BenchmarkQueries.query88;org/weakref/nitro/tpcds/TpcdsParquetSupport.query88;org/weakref/nitro/tpcds/TpcdsParquetSupport.query88BucketCount;org/weakref/nitro/tpcds/TpcdsParquetSupport.query88Bucket;org/weakref/nitro/tpcds/TpcdsParquetSupport.factScan;org/weakref/nitro/operator/NitroParquetScanOperator.<init>;java/util/stream/ReferencePipeline.toArray;java/util/stream/AbstractPipeline.evaluateToArrayNode;java/util/stream/AbstractPipeline.evaluate;java/util/stream/AbstractPipeline.wrapAndCopyInto;java/util/stream/AbstractPipeline.copyInto;java/util/AbstractList$RandomAccessSpliterator.forEachRemaining;java/util/stream/ReferencePipeline$3$1.accept;org/weakref/nitro/operator/NitroParquetScanOperator$$Lambda.0x0000000012086b58.apply;org/weakref/nitro/parquet/ParquetFile.open;org/weakref/nitro/parquet/ParquetFile.<init>;org/apache/parquet/format/Util.readFileMetaData;org/apache/parquet/format/Util.readFileMetaData;org/apache/parquet/format/Util.read;org/apache/parquet/format/FileMetaData.read;org/apache/parquet/format/FileMetaData$FileMetaDataStandardScheme.read;org/apache/parquet/format/FileMetaData$FileMetaDataStandardScheme.read;org/apache/parquet/format/RowGroup.read;org/apache/parquet/format/RowGroup$RowGroupStandardScheme.read;org/apache/parquet/format/RowGroup$RowGroupStandardScheme.read;org/apache/parquet/format/ColumnChunk.read;org/apache/parquet/format/ColumnChunk$ColumnChunkStandardScheme.read;org/apache/parquet/format/ColumnChunk$ColumnChunkStandardScheme.read;org/apache/parquet/format/ColumnMetaData.read;org/apache/parquet/format/ColumnMetaData$ColumnMetaDataStandardScheme.read;org/apache/parquet/format/ColumnMetaData$ColumnMetaDataStandardScheme.read;org.apache.parquet.format.Statistics_[i] 1
java/lang/Thread.run;java/lang/Thread.runWith;java/util/concurrent/ThreadPoolExecutor$Worker.run;java/util/concurrent/ThreadPoolExecutor.runWorker;java/util/concurrent/FutureTask.run;java/util/concurrent/Executors$RunnableAdapter.call;java/util/concurrent/FutureTask.run;org/openjdk/jmh/runner/BenchmarkHandler$BenchmarkTask.call;org/openjdk/jmh/runner/BenchmarkHandler$BenchmarkTask.call;java/lang/reflect/Method.invoke;jdk/internal/reflect/DirectMethodHandleAccessor.invoke;jdk/internal/reflect/DirectMethodHandleAccessor.invokeImpl;java/lang/invoke/LambdaForm$MH.0x0000000012061400.invokeExact_MT;java/lang/invoke/LambdaForm$MH.0x0000000012061000.invoke;java/lang/invoke/DirectMethodHandle$Holder.invokeSpecial;org/weakref/nitro/tpcds/jmh_generated/BenchmarkQueries_query88_jmhTest.query88_AverageTime;org/weakref/nitro/tpcds/jmh_generated/BenchmarkQueries_query88_jmhTest.query88_avgt_jmhStub;org/weakref/nitro/tpcds/BenchmarkQueries.query88;org/weakref/nitro/tpcds/BenchmarkQueries.consume;org/weakref/nitro/operator/NestedLoopJoinOperator.next;org/weakref/nitro/operator/NestedLoopJoinOperator.produceBatch;org/weakref/nitro/operator/NestedLoopJoinOperator.loadNextOuterBatch;org/weakref/nitro/operator/NestedLoopJoinOperator.next;org/weakref/nitro/operator/NestedLoopJoinOperator.produceBatch;org/weakref/nitro/operator/NestedLoopJoinOperator.loadNextOuterBatch;org/weakref/nitro/operator/NestedLoopJoinOperator.next;org/weakref/nitro/operator/NestedLoopJoinOperator.produceBatch;org/weakref/nitro/operator/NestedLoopJoinOperator.loadNextOuterBatch;org/weakref/nitro/operator/NestedLoopJoinOperator.next;org/weakref/nitro/operator/NestedLoopJoinOperator.produceBatch;org/weakref/nitro/operator/NestedLoopJoinOperator.loadInnerIfNecessary;org/weakref/nitro/operator/BufferedJoinInput.loadAll;org/weakref/nitro/operator/BufferedJoinInput.loadAll;org/weakref/nitro/operator/BufferedJoinInput.captureSchema;org/weakref/nitro/operator/Output.borrow;org/weakref/nitro/operator/AggregationOperator$$Lambda.0x0000000012110000.apply;org/weakref/nitro/operator/AggregationOperator.lambda$resultOutput$0;org/weakref/nitro/operator/AggregationOperator.doAggregationIfNeeded;org/weakref/nitro/operator/HashJoinOperator.next;org/weakref/nitro/operator/HashJoinOperator.produceBatch;org/weakref/nitro/operator/HashJoinOperator.produceOrdinaryBatch;org/weakref/nitro/operator/HashJoinOperator.loadNextOuterBatch;org/weakref/nitro/operator/HashJoinOperator.next;org/weakref/nitro/operator/HashJoinOperator.produceBatch;org/weakref/nitro/operator/HashJoinOperator.produceOrdinaryBatch;org/weakref/nitro/operator/HashJoinOperator.loadNextOuterBatch;org/weakref/nitro/operator/HashJoinOperator.next;org/weakref/nitro/operator/HashJoinOperator.produceBatch;org/weakref/nitro/operator/HashJoinOperator.produceOrdinaryBatch;org/weakref/nitro/operator/HashJoinOperator.loadNextOuterBatch;org/weakref/nitro/operator/NitroParquetScanOperator.hasNext;org/weakref/nitro/operator/NitroParquetScanOperator.ensureWindow;org/weakref/nitro/operator/NitroParquetScanOperator.decodeFilterWindow;org/weakref/nitro/operator/NitroParquetScanOperator.readColumnInto;org/weakref/nitro/parquet/ColumnReader.readSelectedLongs;org/weakref/nitro/parquet/ColumnReader.acquirePageForSkip;org/weakref/nitro/parquet/ColumnReader.peekNextDataPage;org/weakref/nitro/parquet/ColumnReader.decodeDictionary;org/weakref/nitro/parquet/ColumnReader.replaceLongs;org/weakref/nitro/data/PrimitiveArrayPool.borrowLongs;long[]_[i] 1
java/lang/Thread.run;java/lang/Thread.runWith;java/util/concurrent/ThreadPoolExecutor$Worker.run;java/util/concurrent/ThreadPoolExecutor.runWorker;java/util/concurrent/FutureTask.run;java/util/concurrent/Executors$RunnableAdapter.call;java/util/concurrent/FutureTask.run;org/openjdk/jmh/runner/BenchmarkHandler$BenchmarkTask.call;org/openjdk/jmh/runner/BenchmarkHandler$BenchmarkTask.call;java/lang/reflect/Method.invoke;jdk/internal/reflect/DirectMethodHandleAccessor.invoke;jdk/internal/reflect/DirectMethodHandleAccessor.invokeImpl;java/lang/invoke/LambdaForm$MH.0x0000000012061400.invokeExact_MT;java/lang/invoke/LambdaForm$MH.0x0000000012061000.invoke;java/lang/invoke/DirectMethodHandle$Holder.invokeSpecial;org/weakref/nitro/tpcds/jmh_generated/BenchmarkQueries_query88_jmhTest.query88_AverageTime;org/weakref/nitro/tpcds/jmh_generated/BenchmarkQueries_query88_jmhTest.query88_avgt_jmhStub;org/weakref/nitro/tpcds/BenchmarkQueries.query88;org/weakref/nitro/tpcds/BenchmarkQueries.consume;org/weakref/nitro/operator/NestedLoopJoinOperator.next;org/weakref/nitro/operator/NestedLoopJoinOperator.produceBatch;org/weakref/nitro/operator/NestedLoopJoinOperator.loadNextOuterBatch;org/weakref/nitro/operator/NestedLoopJoinOperator.next;org/weakref/nitro/operator/NestedLoopJoinOperator.produceBatch;org/weakref/nitro/operator/NestedLoopJoinOperator.loadNextOuterBatch;org/weakref/nitro/operator/NestedLoopJoinOperator.next;org/weakref/nitro/operator/NestedLoopJoinOperator.produceBatch;org/weakref/nitro/operator/NestedLoopJoinOperator.loadNextOuterBatch;org/weakref/nitro/operator/NestedLoopJoinOperator.next;org/weakref/nitro/operator/NestedLoopJoinOperator.produceBatch;org/weakref/nitro/operator/NestedLoopJoinOperator.loadNextOuterBatch;org/weakref/nitro/operator/NestedLoopJoinOperator.next;org/weakref/nitro/operator/NestedLoopJoinOperator.produceBatch;org/weakref/nitro/operator/NestedLoopJoinOperator.loadNextOuterBatch;org/weakref/nitro/operator/NestedLoopJoinOperator.next;org/weakref/nitro/operator/NestedLoopJoinOperator.produceBatch;org/weakref/nitro/operator/NestedLoopJoinOperator.loadNextOuterBatch;org/weakref/nitro/operator/NestedLoopJoinOperator.next;org/weakref/nitro/operator/NestedLoopJoinOperator.produceBatch;org/weakref/nitro/operator/NestedLoopJoinOperator.loadInnerIfNecessary;org/weakref/nitro/operator/BufferedJoinInput.loadAll;org/weakref/nitro/operator/BufferedJoinInput.loadAll;org/weakref/nitro/operator/BufferedJoinInput.captureSchema;org/weakref/nitro/operator/Output.borrow;org/weakref/nitro/operator/AggregationOperator$$Lambda.0x0000000012110000.apply;org/weakref/nitro/operator/AggregationOperator.lambda$resultOutput$0;org/weakref/nitro/operator/AggregationOperator.doAggregationIfNeeded;org/weakref/nitro/operator/HashJoinOperator.next;org/weakref/nitro/operator/HashJoinOperator.produceBatch;org/weakref/nitro/operator/HashJoinOperator.produceOrdinaryBatch;org/weakref/nitro/operator/HashJoinOperator.loadNextOuterBatch;org/weakref/nitro/operator/HashJoinOperator.next;org/weakref/nitro/operator/HashJoinOperator.produceBatch;org/weakref/nitro/operator/HashJoinOperator.produceOrdinaryBatch;org/weakref/nitro/operator/HashJoinOperator.loadNextOuterBatch;org/weakref/nitro/operator/HashJoinOperator.next;org/weakref/nitro/operator/HashJoinOperator.produceBatch;org/weakref/nitro/operator/HashJoinOperator.produceOrdinaryBatch;org/weakref/nitro/operator/HashJoinOperator.loadNextOuterBatch;org/weakref/nitro/operator/NitroParquetScanOperator.hasNext;org/weakref/nitro/operator/NitroParquetScanOperator.ensureWindow;org/weakref/nitro/operator/NitroParquetScanOperator.decodeFilterWindow;org/weakref/nitro/operator/NitroParquetScanOperator.ensureScratch;org/weakref/nitro/operator/NitroParquetScanOperator.replaceInts;org/weakref/nitro/data/PrimitiveArrayPool.borrowInts;int[]_[i] 2
java/lang/Thread.run;java/lang/Thread.runWith;java/util/concurrent/ThreadPoolExecutor$Worker.run;java/util/concurrent/ThreadPoolExecutor.runWorker;java/util/concurrent/FutureTask.run;java/util/concurrent/Executors$RunnableAdapter.call;java/util/concurrent/FutureTask.run;org/openjdk/jmh/runner/BenchmarkHandler$BenchmarkTask.call;org/openjdk/jmh/runner/BenchmarkHandler$BenchmarkTask.call;java/lang/reflect/Method.invoke;jdk/internal/reflect/DirectMethodHandleAccessor.invoke;jdk/internal/reflect/DirectMethodHandleAccessor.invokeImpl;java/lang/invoke/LambdaForm$MH.0x0000000012061400.invokeExact_MT;java/lang/invoke/LambdaForm$MH.0x0000000012061000.invoke;java/lang/invoke/DirectMethodHandle$Holder.invokeSpecial;org/weakref/nitro/tpcds/jmh_generated/BenchmarkQueries_query88_jmhTest.query88_AverageTime;org/weakref/nitro/tpcds/jmh_generated/BenchmarkQueries_query88_jmhTest.query88_avgt_jmhStub;org/weakref/nitro/tpcds/BenchmarkQueries.query88;org/weakref/nitro/tpcds/BenchmarkQueries.consume;org/weakref/nitro/operator/NestedLoopJoinOperator.next;org/weakref/nitro/operator/NestedLoopJoinOperator.produceBatch;org/weakref/nitro/operator/NestedLoopJoinOperator.loadInnerIfNecessary;org/weakref/nitro/operator/BufferedJoinInput.loadAll;org/weakref/nitro/operator/BufferedJoinInput.loadAll;org/weakref/nitro/operator/BufferedJoinInput.captureSchema;org/weakref/nitro/operator/Output.borrow;org/weakref/nitro/operator/AggregationOperator$$Lambda.0x0000000012110000.apply;org/weakref/nitro/operator/AggregationOperator.lambda$resultOutput$0;org/weakref/nitro/operator/AggregationOperator.doAggregationIfNeeded;org/weakref/nitro/operator/HashJoinOperator.next;org/weakref/nitro/operator/HashJoinOperator.produceBatch;org/weakref/nitro/operator/HashJoinOperator.produceOrdinaryBatch;org/weakref/nitro/operator/HashJoinOperator.loadNextOuterBatch;org/weakref/nitro/operator/HashJoinOperator.next;org/weakref/nitro/operator/HashJoinOperator.produceBatch;org/weakref/nitro/operator/HashJoinOperator.loadInnerIfNecessary;org/weakref/nitro/operator/HashJoinOperator.loadStreamingInner;org/weakref/nitro/operator/FilterOperator.next;org/weakref/nitro/operator/evaluator/PlanEvaluator.evaluateInPlace;org/weakref/nitro/operator/evaluator/PlanEvaluator.evaluateTrueMaskInPlace;org/weakref/nitro/operator/evaluator/PlanEvaluator.evaluateTrueMaskInPlace;org/weakref/nitro/operator/evaluator/PlanEvaluator.evaluateAdaptiveAndTrueMaskInPlace;org/weakref/nitro/operator/evaluator/PlanEvaluator.evaluateMeasuredTrueMaskInPlace;org/weakref/nitro/operator/evaluator/PlanEvaluator.evaluateTrueMaskInPlace;org/weakref/nitro/operator/evaluator/PlanEvaluator.tryEvaluatePrimitiveTrueMaskInPlace;org/weakref/nitro/operator/evaluator/PlanEvaluator.tryEvaluatePrimitiveMaskInPlace;org/weakref/nitro/operator/evaluator/PlanEvaluator.resolveMaskPrimitiveInvocation;org/weakref/nitro/operator/evaluator/PlanEvaluator.evaluateArgument;org/weakref/nitro/operator/FilterOperator$1.resolve;org/weakref/nitro/operator/Output.borrowOrNull;org/weakref/nitro/operator/Output.borrow;org/weakref/nitro/operator/Output.borrow;org/weakref/nitro/operator/NitroParquetScanOperator$ScanOutputResolver$$Lambda.0x00000000120bc200.apply;org/weakref/nitro/operator/NitroParquetScanOperator$ScanOutputResolver.resolve;org/weakref/nitro/operator/NitroParquetScanOperator.resolveLazyColumn;org/weakref/nitro/operator/NitroParquetScanOperator.decodeFullColumn;org/weakref/nitro/parquet/ColumnReader.readInts;org/weakref/nitro/parquet/ColumnReader.decodeNextDataPage;org/weakref/nitro/parquet/ColumnReader.decodeDataPageV1;org/weakref/nitro/parquet/ColumnReader.ensurePageCapacity;org/weakref/nitro/parquet/ColumnReader.ensurePageNullCapacity;org/weakref/nitro/parquet/ColumnReader.replaceBooleans;org/weakref/nitro/data/PrimitiveArrayPool.borrowBooleans;boolean[]_[i] 1
java/lang/Thread.run;java/lang/Thread.runWith;java/util/concurrent/ThreadPoolExecutor$Worker.run;java/util/concurrent/ThreadPoolExecutor.runWorker;java/util/concurrent/FutureTask.run;java/util/concurrent/Executors$RunnableAdapter.call;java/util/concurrent/FutureTask.run;org/openjdk/jmh/runner/BenchmarkHandler$BenchmarkTask.call;org/openjdk/jmh/runner/BenchmarkHandler$BenchmarkTask.call;java/lang/reflect/Method.invoke;jdk/internal/reflect/DirectMethodHandleAccessor.invoke;jdk/internal/reflect/DirectMethodHandleAccessor.invokeImpl;java/lang/invoke/LambdaForm$MH.0x0000000012061400.invokeExact_MT;java/lang/invoke/LambdaForm$MH.0x0000000012061000.invoke;java/lang/invoke/DirectMethodHandle$Holder.invokeSpecial;org/weakref/nitro/tpcds/jmh_generated/BenchmarkQueries_query88_jmhTest.query88_AverageTime;org/weakref/nitro/tpcds/jmh_generated/BenchmarkQueries_query88_jmhTest.query88_avgt_jmhStub;org/weakref/nitro/tpcds/BenchmarkQueries.query88;org/weakref/nitro/tpcds/BenchmarkQueries.consume;org/weakref/nitro/operator/NestedLoopJoinOperator.next;org/weakref/nitro/operator/NestedLoopJoinOperator.produceBatch;org/weakref/nitro/operator/NestedLoopJoinOperator.loadNextOuterBatch;org/weakref/nitro/operator/NestedLoopJoinOperator.next;org/weakref/nitro/operator/NestedLoopJoinOperator.produceBatch;org/weakref/nitro/operator/NestedLoopJoinOperator.loadNextOuterBatch;org/weakref/nitro/operator/NestedLoopJoinOperator.next;org/weakref/nitro/operator/NestedLoopJoinOperator.produceBatch;org/weakref/nitro/operator/NestedLoopJoinOperator.loadNextOuterBatch;org/weakref/nitro/operator/NestedLoopJoinOperator.next;org/weakref/nitro/operator/NestedLoopJoinOperator.produceBatch;org/weakref/nitro/operator/NestedLoopJoinOperator.loadInnerIfNecessary;org/weakref/nitro/operator/BufferedJoinInput.loadAll;org/weakref/nitro/operator/BufferedJoinInput.loadAll;org/weakref/nitro/operator/BufferedJoinInput.captureSchema;org/weakref/nitro/operator/Output.borrow;org/weakref/nitro/operator/AggregationOperator$$Lambda.0x0000000012110000.apply;org/weakref/nitro/operator/AggregationOperator.lambda$resultOutput$0;org/weakref/nitro/operator/AggregationOperator.doAggregationIfNeeded;org/weakref/nitro/operator/HashJoinOperator.next;org/weakref/nitro/operator/HashJoinOperator.produceBatch;org/weakref/nitro/operator/HashJoinOperator.produceOrdinaryBatch;org/weakref/nitro/operator/HashJoinOperator.loadNextOuterBatch;org/weakref/nitro/operator/HashJoinOperator.next;org/weakref/nitro/operator/HashJoinOperator.produceBatch;org/weakref/nitro/operator/HashJoinOperator.loadInnerIfNecessary;org/weakref/nitro/operator/HashJoinOperator.loadStreamingInner;org/weakref/nitro/operator/HashJoinOperator$LongJoinIndex.addNoNulls;org/weakref/nitro/operator/HashJoinOperator$LongJoinIndex.addRow;org/weakref/nitro/operator/HashJoinOperator$LongJoinIndex.addDirectRangeRow;org/weakref/nitro/operator/HashJoinOperator$LongJoinIndex.ensureDirectBuildCapacity;org/weakref/nitro/data/PrimitiveArrayPool.borrowInts;int[]_[i] 1
java/lang/Thread.run;java/lang/Thread.runWith;java/util/concurrent/ThreadPoolExecutor$Worker.run;java/util/concurrent/ThreadPoolExecutor.runWorker;java/util/concurrent/FutureTask.run;java/util/concurrent/Executors$RunnableAdapter.call;java/util/concurrent/FutureTask.run;org/openjdk/jmh/runner/BenchmarkHandler$BenchmarkTask.call;org/openjdk/jmh/runner/BenchmarkHandler$BenchmarkTask.call;java/lang/reflect/Method.invoke;jdk/internal/reflect/DirectMethodHandleAccessor.invoke;jdk/internal/reflect/DirectMethodHandleAccessor.invokeImpl;java/lang/invoke/LambdaForm$MH.0x0000000012061400.invokeExact_MT;java/lang/invoke/LambdaForm$MH.0x0000000012061000.invoke;java/lang/invoke/DirectMethodHandle$Holder.invokeSpecial;org/weakref/nitro/tpcds/jmh_generated/BenchmarkQueries_query88_jmhTest.query88_AverageTime;org/weakref/nitro/tpcds/jmh_generated/BenchmarkQueries_query88_jmhTest.query88_avgt_jmhStub;org/weakref/nitro/tpcds/BenchmarkQueries.query88;org/weakref/nitro/tpcds/TpcdsParquetSupport.query88;org/weakref/nitro/tpcds/TpcdsParquetSupport.query88BucketCount;org/weakref/nitro/tpcds/TpcdsParquetSupport.query88Bucket;org/weakref/nitro/operator/HashJoinOperator.<init>;org/weakref/nitro/operator/HashJoinOperator.<init>;org/weakref/nitro/operator/HashJoinOperator$JoinScratch.<init>;long[]_[i] 1
java/lang/Thread.run;java/lang/Thread.runWith;java/util/concurrent/ThreadPoolExecutor$Worker.run;java/util/concurrent/ThreadPoolExecutor.runWorker;java/util/concurrent/FutureTask.run;java/util/concurrent/Executors$RunnableAdapter.call;java/util/concurrent/FutureTask.run;org/openjdk/jmh/runner/BenchmarkHandler$BenchmarkTask.call;org/openjdk/jmh/runner/BenchmarkHandler$BenchmarkTask.call;java/lang/reflect/Method.invoke;jdk/internal/reflect/DirectMethodHandleAccessor.invoke;jdk/internal/reflect/DirectMethodHandleAccessor.invokeImpl;java/lang/invoke/LambdaForm$MH.0x0000000012061400.invokeExact_MT;java/lang/invoke/LambdaForm$MH.0x0000000012061000.invoke;java/lang/invoke/DirectMethodHandle$Holder.invokeSpecial;org/weakref/nitro/tpcds/jmh_generated/BenchmarkQueries_query88_jmhTest.query88_AverageTime;org/weakref/nitro/tpcds/jmh_generated/BenchmarkQueries_query88_jmhTest.query88_avgt_jmhStub;org/weakref/nitro/tpcds/BenchmarkQueries.query88;org/weakref/nitro/tpcds/TpcdsParquetSupport.query88;org/weakref/nitro/tpcds/TpcdsParquetSupport.query88BucketCount;org/weakref/nitro/tpcds/TpcdsParquetSupport.query88Bucket;org/weakref/nitro/operator/HashJoinOperator.<init>;org/weakref/nitro/operator/HashJoinOperator.<init>;org/weakref/nitro/operator/HashJoinOperator$JoinScratch.<init>;long[]_[i] 1
java/lang/Thread.run;java/lang/Thread.runWith;java/util/concurrent/ThreadPoolExecutor$Worker.run;java/util/concurrent/ThreadPoolExecutor.runWorker;java/util/concurrent/FutureTask.run;java/util/concurrent/Executors$RunnableAdapter.call;java/util/concurrent/FutureTask.run;org/openjdk/jmh/runner/BenchmarkHandler$BenchmarkTask.call;org/openjdk/jmh/runner/BenchmarkHandler$BenchmarkTask.call;java/lang/reflect/Method.invoke;jdk/internal/reflect/DirectMethodHandleAccessor.invoke;jdk/internal/reflect/DirectMethodHandleAccessor.invokeImpl;java/lang/invoke/LambdaForm$MH.0x0000000012061400.invokeExact_MT;java/lang/invoke/LambdaForm$MH.0x0000000012061000.invoke;java/lang/invoke/DirectMethodHandle$Holder.invokeSpecial;org/weakref/nitro/tpcds/jmh_generated/BenchmarkQueries_query88_jmhTest.query88_AverageTime;org/weakref/nitro/tpcds/jmh_generated/BenchmarkQueries_query88_jmhTest.query88_avgt_jmhStub;org/weakref/nitro/tpcds/BenchmarkQueries.query88;org/weakref/nitro/tpcds/TpcdsParquetSupport.query88;org/weakref/nitro/tpcds/TpcdsParquetSupport.query88BucketCount;org/weakref/nitro/tpcds/TpcdsParquetSupport.query88Bucket;org/weakref/nitro/operator/HashJoinOperator.<init>;org/weakref/nitro/operator/HashJoinOperator.<init>;org/weakref/nitro/operator/HashJoinOperator$JoinScratch.<init>;int[]_[i] 1
java/lang/Thread.run;java/lang/Thread.runWith;java/util/concurrent/ThreadPoolExecutor$Worker.run;java/util/concurrent/ThreadPoolExecutor.runWorker;java/util/concurrent/FutureTask.run;java/util/concurrent/Executors$RunnableAdapter.call;java/util/concurrent/FutureTask.run;org/openjdk/jmh/runner/BenchmarkHandler$BenchmarkTask.call;org/openjdk/jmh/runner/BenchmarkHandler$BenchmarkTask.call;java/lang/reflect/Method.invoke;jdk/internal/reflect/DirectMethodHandleAccessor.invoke;jdk/internal/reflect/DirectMethodHandleAccessor.invokeImpl;java/lang/invoke/LambdaForm$MH.0x0000000012061400.invokeExact_MT;java/lang/invoke/LambdaForm$MH.0x0000000012061000.invoke;java/lang/invoke/DirectMethodHandle$Holder.invokeSpecial;org/weakref/nitro/tpcds/jmh_generated/BenchmarkQueries_query88_jmhTest.query88_AverageTime;org/weakref/nitro/tpcds/jmh_generated/BenchmarkQueries_query88_jmhTest.query88_avgt_jmhStub;org/weakref/nitro/tpcds/BenchmarkQueries.query88;org/weakref/nitro/tpcds/BenchmarkQueries.consume;org/weakref/nitro/operator/NestedLoopJoinOperator.next;org/weakref/nitro/operator/NestedLoopJoinOperator.produceBatch;org/weakref/nitro/operator/NestedLoopJoinOperator.loadNextOuterBatch;org/weakref/nitro/operator/NestedLoopJoinOperator.next;org/weakref/nitro/operator/NestedLoopJoinOperator.produceBatch;org/weakref/nitro/operator/NestedLoopJoinOperator.loadNextOuterBatch;org/weakref/nitro/operator/NestedLoopJoinOperator.next;org/weakref/nitro/operator/NestedLoopJoinOperator.produceBatch;org/weakref/nitro/operator/NestedLoopJoinOperator.loadInnerIfNecessary;org/weakref/nitro/operator/BufferedJoinInput.loadAll;org/weakref/nitro/operator/BufferedJoinInput.loadAll;org/weakref/nitro/operator/BufferedJoinInput.captureSchema;org/weakref/nitro/operator/Output.borrow;org/weakref/nitro/operator/AggregationOperator$$Lambda.0x0000000012110000.apply;org/weakref/nitro/operator/AggregationOperator.lambda$resultOutput$0;org/weakref/nitro/operator/AggregationOperator.doAggregationIfNeeded;org/weakref/nitro/operator/HashJoinOperator.next;org/weakref/nitro/operator/HashJoinOperator.produceBatch;org/weakref/nitro/operator/HashJoinOperator.loadInnerIfNecessary;org/weakref/nitro/operator/HashJoinOperator.loadStreamingInner;org/weakref/nitro/operator/FilterOperator.next;org/weakref/nitro/operator/evaluator/PlanEvaluator.evaluateInPlace;org/weakref/nitro/operator/evaluator/PlanEvaluator.evaluateTrueMaskInPlace;org/weakref/nitro/operator/evaluator/PlanEvaluator.tryEvaluatePrimitiveTrueMaskInPlace;org/weakref/nitro/operator/evaluator/PlanEvaluator.tryEvaluatePrimitiveMaskInPlace;org/weakref/nitro/operator/evaluator/PlanEvaluator.resolveMaskPrimitiveInvocation;org/weakref/nitro/operator/evaluator/PlanEvaluator.evaluateArgument;org/weakref/nitro/operator/FilterOperator$1.resolve;org/weakref/nitro/operator/Output.borrowOrNull;org/weakref/nitro/operator/Output.borrow;org/weakref/nitro/operator/Output.borrow;org/weakref/nitro/operator/NitroParquetScanOperator$ScanOutputResolver$$Lambda.0x00000000120bc200.apply;org/weakref/nitro/operator/NitroParquetScanOperator$ScanOutputResolver.resolve;org/weakref/nitro/operator/NitroParquetScanOperator.resolveLazyColumn;org/weakref/nitro/data/Allocator.allocate;org/weakref/nitro/data/Allocator.allocatePooled;org/weakref/nitro/data/Allocator$ContextState.trackVector;java/util/HashMap.merge;java/util/HashMap.resize;java.util.HashMap$Node[]_[i] 1
java/lang/Thread.run;java/lang/Thread.runWith;java/util/concurrent/ThreadPoolExecutor$Worker.run;java/util/concurrent/ThreadPoolExecutor.runWorker;java/util/concurrent/FutureTask.run;java/util/concurrent/Executors$RunnableAdapter.call;java/util/concurrent/FutureTask.run;org/openjdk/jmh/runner/BenchmarkHandler$BenchmarkTask.call;org/openjdk/jmh/runner/BenchmarkHandler$BenchmarkTask.call;java/lang/reflect/Method.invoke;jdk/internal/reflect/DirectMethodHandleAccessor.invoke;jdk/internal/reflect/DirectMethodHandleAccessor.invokeImpl;java/lang/invoke/LambdaForm$MH.0x0000000012061400.invokeExact_MT;java/lang/invoke/LambdaForm$MH.0x0000000012061000.invoke;java/lang/invoke/DirectMethodHandle$Holder.invokeSpecial;org/weakref/nitro/tpcds/jmh_generated/BenchmarkQueries_query88_jmhTest.query88_AverageTime;org/weakref/nitro/tpcds/jmh_generated/BenchmarkQueries_query88_jmhTest.query88_avgt_jmhStub;org/weakref/nitro/tpcds/BenchmarkQueries.query88;org/weakref/nitro/tpcds/BenchmarkQueries.consume;org/weakref/nitro/operator/NestedLoopJoinOperator.next;org/weakref/nitro/operator/NestedLoopJoinOperator.produceBatch;org/weakref/nitro/operator/NestedLoopJoinOperator.loadNextOuterBatch;org/weakref/nitro/operator/NestedLoopJoinOperator.next;org/weakref/nitro/operator/NestedLoopJoinOperator.produceBatch;org/weakref/nitro/operator/NestedLoopJoinOperator.loadNextOuterBatch;org/weakref/nitro/operator/NestedLoopJoinOperator.next;org/weakref/nitro/operator/NestedLoopJoinOperator.produceBatch;org/weakref/nitro/operator/NestedLoopJoinOperator.loadNextOuterBatch;org/weakref/nitro/operator/NestedLoopJoinOperator.next;org/weakref/nitro/operator/NestedLoopJoinOperator.produceBatch;org/weakref/nitro/operator/NestedLoopJoinOperator.loadNextOuterBatch;org/weakref/nitro/operator/NestedLoopJoinOperator.next;org/weakref/nitro/operator/NestedLoopJoinOperator.produceBatch;org/weakref/nitro/operator/NestedLoopJoinOperator.loadNextOuterBatch;org/weakref/nitro/operator/NestedLoopJoinOperator.next;org/weakref/nitro/operator/NestedLoopJoinOperator.produceBatch;org/weakref/nitro/operator/NestedLoopJoinOperator.loadNextOuterBatch;org/weakref/nitro/operator/NestedLoopJoinOperator.next;org/weakref/nitro/operator/NestedLoopJoinOperator.produceBatch;org/weakref/nitro/operator/NestedLoopJoinOperator.loadInnerIfNecessary;org/weakref/nitro/operator/BufferedJoinInput.loadAll;org/weakref/nitro/operator/BufferedJoinInput.loadAll;org/weakref/nitro/operator/BufferedJoinInput.captureSchema;org/weakref/nitro/operator/Output.borrow;org/weakref/nitro/operator/AggregationOperator$$Lambda.0x0000000012110000.apply;org/weakref/nitro/operator/AggregationOperator.lambda$resultOutput$0;org/weakref/nitro/operator/AggregationOperator.doAggregationIfNeeded;org/weakref/nitro/operator/HashJoinOperator.next;org/weakref/nitro/operator/HashJoinOperator.produceBatch;org/weakref/nitro/operator/HashJoinOperator.produceOrdinaryBatch;org/weakref/nitro/operator/HashJoinOperator.loadNextOuterBatch;org/weakref/nitro/operator/HashJoinOperator.next;org/weakref/nitro/operator/HashJoinOperator.produceBatch;org/weakref/nitro/operator/HashJoinOperator.produceOrdinaryBatch;org/weakref/nitro/operator/HashJoinOperator.loadNextOuterBatch;org/weakref/nitro/operator/HashJoinOperator.next;org/weakref/nitro/operator/HashJoinOperator.produceBatch;org/weakref/nitro/operator/HashJoinOperator.produceOrdinaryBatch;org/weakref/nitro/operator/HashJoinOperator.loadNextOuterBatch;org/weakref/nitro/operator/NitroParquetScanOperator.hasNext;org/weakref/nitro/operator/NitroParquetScanOperator.ensureWindow;org/weakref/nitro/operator/NitroParquetScanOperator.decodeFilterWindow;org/weakref/nitro/operator/NitroParquetScanOperator.snapshotFilterSurvivors;org/weakref/nitro/operator/NitroParquetScanOperator.replaceInts;org/weakref/nitro/data/PrimitiveArrayPool.borrowInts;int[]_[i] 2
java/lang/Thread.run;java/lang/Thread.runWith;java/util/concurrent/ThreadPoolExecutor$Worker.run;java/util/concurrent/ThreadPoolExecutor.runWorker;java/util/concurrent/FutureTask.run;java/util/concurrent/Executors$RunnableAdapter.call;java/util/concurrent/FutureTask.run;org/openjdk/jmh/runner/BenchmarkHandler$BenchmarkTask.call;org/openjdk/jmh/runner/BenchmarkHandler$BenchmarkTask.call;java/lang/reflect/Method.invoke;jdk/internal/reflect/DirectMethodHandleAccessor.invoke;jdk/internal/reflect/DirectMethodHandleAccessor.invokeImpl;java/lang/invoke/LambdaForm$MH.0x0000000012061400.invokeExact_MT;java/lang/invoke/LambdaForm$MH.0x0000000012061000.invoke;java/lang/invoke/DirectMethodHandle$Holder.invokeSpecial;org/weakref/nitro/tpcds/jmh_generated/BenchmarkQueries_query88_jmhTest.query88_AverageTime;org/weakref/nitro/tpcds/jmh_generated/BenchmarkQueries_query88_jmhTest.query88_avgt_jmhStub;org/weakref/nitro/tpcds/BenchmarkQueries.query88;org/weakref/nitro/tpcds/BenchmarkQueries.consume;org/weakref/nitro/operator/NestedLoopJoinOperator.next;org/weakref/nitro/operator/NestedLoopJoinOperator.produceBatch;org/weakref/nitro/operator/NestedLoopJoinOperator.loadNextOuterBatch;org/weakref/nitro/operator/NestedLoopJoinOperator.next;org/weakref/nitro/operator/NestedLoopJoinOperator.produceBatch;org/weakref/nitro/operator/NestedLoopJoinOperator.loadNextOuterBatch;org/weakref/nitro/operator/NestedLoopJoinOperator.next;org/weakref/nitro/operator/NestedLoopJoinOperator.produceBatch;org/weakref/nitro/operator/NestedLoopJoinOperator.loadNextOuterBatch;org/weakref/nitro/operator/NestedLoopJoinOperator.next;org/weakref/nitro/operator/NestedLoopJoinOperator.produceBatch;org/weakref/nitro/operator/NestedLoopJoinOperator.loadNextOuterBatch;org/weakref/nitro/operator/NestedLoopJoinOperator.next;org/weakref/nitro/operator/NestedLoopJoinOperator.produceBatch;org/weakref/nitro/operator/NestedLoopJoinOperator.loadNextOuterBatch;org/weakref/nitro/operator/NestedLoopJoinOperator.next;org/weakref/nitro/operator/NestedLoopJoinOperator.produceBatch;org/weakref/nitro/operator/NestedLoopJoinOperator.loadInnerIfNecessary;org/weakref/nitro/operator/BufferedJoinInput.loadAll;org/weakref/nitro/operator/BufferedJoinInput.loadAll;org/weakref/nitro/operator/BufferedJoinInput.captureSchema;org/weakref/nitro/operator/Output.borrow;org/weakref/nitro/operator/AggregationOperator$$Lambda.0x0000000012110000.apply;org/weakref/nitro/operator/AggregationOperator.lambda$resultOutput$0;org/weakref/nitro/operator/AggregationOperator.doAggregationIfNeeded;org/weakref/nitro/operator/HashJoinOperator.next;org/weakref/nitro/operator/HashJoinOperator.produceBatch;org/weakref/nitro/operator/HashJoinOperator.produceOrdinaryBatch;org/weakref/nitro/operator/HashJoinOperator.loadNextOuterBatch;org/weakref/nitro/operator/HashJoinOperator.next;org/weakref/nitro/operator/HashJoinOperator.produceBatch;org/weakref/nitro/operator/HashJoinOperator.loadInnerIfNecessary;org/weakref/nitro/operator/HashJoinOperator.loadStreamingInner;org/weakref/nitro/operator/FilterOperator.next;org/weakref/nitro/operator/evaluator/PlanEvaluator.evaluateInPlace;org/weakref/nitro/operator/evaluator/PlanEvaluator.evaluateTrueMaskInPlace;org/weakref/nitro/operator/evaluator/PlanEvaluator.evaluateTrueMaskInPlace;org/weakref/nitro/operator/evaluator/PlanEvaluator.evaluateAdaptiveAndTrueMaskInPlace;org/weakref/nitro/operator/evaluator/PlanEvaluator.evaluateMeasuredTrueMaskInPlace;org/weakref/nitro/operator/evaluator/PlanEvaluator.evaluateTrueMaskInPlace;org/weakref/nitro/operator/evaluator/PlanEvaluator.evaluateAdaptiveOrTrueMask;org/weakref/nitro/operator/evaluator/PlanEvaluator.evaluateMeasuredTrueMask;org/weakref/nitro/operator/evaluator/PlanEvaluator.evaluateTrueMaskWithoutReordering;org/weakref/nitro/operator/evaluator/PlanEvaluator.evaluateAdaptiveOrTrueMask;org/weakref/nitro/operator/evaluator/PlanEvaluator.evaluateMeasuredTrueMask;org/weakref/nitro/operator/evaluator/PlanEvaluator.evaluateTrueMaskWithoutReordering;org/weakref/nitro/operator/evaluator/PlanEvaluator.evaluateTrueReferenceMask;org/weakref/nitro/operator/evaluator/PlanEvaluator.tryEvaluatePrimitiveTrueMask;org/weakref/nitro/operator/evaluator/PlanEvaluator.tryEvaluatePrimitiveMask;org/weakref/nitro/function/scalar/builtin/EqualI64.tryEvaluateTrueMask;org/weakref/nitro/function/scalar/builtin/LongComparisonMaskSupport.tryEvaluateTrueMask;org/weakref/nitro/function/scalar/builtin/LongComparisonMaskSupport.tryConstantComparisonMask;org/weakref/nitro/data/Allocator.constantComparisonMask;org/weakref/nitro/data/Mask.copy;java/util/Arrays.copyOf;java/lang/Object.clone;int[]_[i] 1
java/lang/Thread.run;java/lang/Thread.runWith;java/util/concurrent/ThreadPoolExecutor$Worker.run;java/util/concurrent/ThreadPoolExecutor.runWorker;java/util/concurrent/FutureTask.run;java/util/concurrent/Executors$RunnableAdapter.call;java/util/concurrent/FutureTask.run;org/openjdk/jmh/runner/BenchmarkHandler$BenchmarkTask.call;org/openjdk/jmh/runner/BenchmarkHandler$BenchmarkTask.call;java/lang/reflect/Method.invoke;jdk/internal/reflect/DirectMethodHandleAccessor.invoke;jdk/internal/reflect/DirectMethodHandleAccessor.invokeImpl;java/lang/invoke/LambdaForm$MH.0x0000000012061400.invokeExact_MT;java/lang/invoke/LambdaForm$MH.0x0000000012061000.invoke;java/lang/invoke/DirectMethodHandle$Holder.invokeSpecial;org/weakref/nitro/tpcds/jmh_generated/BenchmarkQueries_query88_jmhTest.query88_AverageTime;org/weakref/nitro/tpcds/jmh_generated/BenchmarkQueries_query88_jmhTest.query88_avgt_jmhStub;org/weakref/nitro/tpcds/BenchmarkQueries.query88;org/weakref/nitro/tpcds/TpcdsParquetSupport.query88;org/weakref/nitro/operator/NestedLoopJoinOperator.<init>;org/weakref/nitro/operator/NestedLoopJoinOperator.<init>;int[]_[i] 1
java/lang/Thread.run;java/lang/Thread.runWith;java/util/concurrent/ThreadPoolExecutor$Worker.run;java/util/concurrent/ThreadPoolExecutor.runWorker;java/util/concurrent/FutureTask.run;java/util/concurrent/Executors$RunnableAdapter.call;java/util/concurrent/FutureTask.run;org/openjdk/jmh/runner/BenchmarkHandler$BenchmarkTask.call;org/openjdk/jmh/runner/BenchmarkHandler$BenchmarkTask.call;java/lang/reflect/Method.invoke;jdk/internal/reflect/DirectMethodHandleAccessor.invoke;jdk/internal/reflect/DirectMethodHandleAccessor.invokeImpl;java/lang/invoke/LambdaForm$MH.0x0000000012061400.invokeExact_MT;java/lang/invoke/LambdaForm$MH.0x0000000012061000.invoke;java/lang/invoke/DirectMethodHandle$Holder.invokeSpecial;org/weakref/nitro/tpcds/jmh_generated/BenchmarkQueries_query88_jmhTest.query88_AverageTime;org/weakref/nitro/tpcds/jmh_generated/BenchmarkQueries_query88_jmhTest.query88_avgt_jmhStub;org/weakref/nitro/tpcds/BenchmarkQueries.query88;org/weakref/nitro/tpcds/TpcdsParquetSupport.query88;org/weakref/nitro/tpcds/TpcdsParquetSupport.query88BucketCount;org/weakref/nitro/tpcds/TpcdsParquetSupport.query88Bucket;org/weakref/nitro/operator/HashJoinOperator.<init>;org/weakref/nitro/operator/HashJoinOperator.<init>;org/weakref/nitro/operator/HashJoinOperator$JoinScratch.<init>;long[]_[i] 1
java/lang/Thread.run;java/lang/Thread.runWith;java/util/concurrent/ThreadPoolExecutor$Worker.run;java/util/concurrent/ThreadPoolExecutor.runWorker;java/util/concurrent/FutureTask.run;java/util/concurrent/Executors$RunnableAdapter.call;java/util/concurrent/FutureTask.run;org/openjdk/jmh/runner/BenchmarkHandler$BenchmarkTask.call;org/openjdk/jmh/runner/BenchmarkHandler$BenchmarkTask.call;java/lang/reflect/Method.invoke;jdk/internal/reflect/DirectMethodHandleAccessor.invoke;jdk/internal/reflect/DirectMethodHandleAccessor.invokeImpl;java/lang/invoke/LambdaForm$MH.0x0000000012061400.invokeExact_MT;java/lang/invoke/LambdaForm$MH.0x0000000012061000.invoke;java/lang/invoke/DirectMethodHandle$Holder.invokeSpecial;org/weakref/nitro/tpcds/jmh_generated/BenchmarkQueries_query88_jmhTest.query88_AverageTime;org/weakref/nitro/tpcds/jmh_generated/BenchmarkQueries_query88_jmhTest.query88_avgt_jmhStub;org/weakref/nitro/tpcds/BenchmarkQueries.query88;org/weakref/nitro/tpcds/BenchmarkQueries.consume;org/weakref/nitro/operator/NestedLoopJoinOperator.next;org/weakref/nitro/operator/NestedLoopJoinOperator.produceBatch;org/weakref/nitro/operator/NestedLoopJoinOperator.loadInnerIfNecessary;org/weakref/nitro/operator/BufferedJoinInput.loadAll;org/weakref/nitro/operator/BufferedJoinInput.loadAll;org/weakref/nitro/operator/BufferedJoinInput.captureSchema;org/weakref/nitro/operator/Output.borrow;org/weakref/nitro/operator/AggregationOperator$$Lambda.0x0000000012110000.apply;org/weakref/nitro/operator/AggregationOperator.lambda$resultOutput$0;org/weakref/nitro/operator/AggregationOperator.doAggregationIfNeeded;org/weakref/nitro/operator/HashJoinOperator.next;org/weakref/nitro/operator/HashJoinOperator.produceBatch;org/weakref/nitro/operator/HashJoinOperator.produceOrdinaryBatch;org/weakref/nitro/operator/HashJoinOperator.loadNextOuterBatch;org/weakref/nitro/operator/HashJoinOperator.next;org/weakref/nitro/operator/HashJoinOperator.produceBatch;org/weakref/nitro/operator/HashJoinOperator.produceOrdinaryBatch;org/weakref/nitro/operator/HashJoinOperator.loadNextOuterBatch;org/weakref/nitro/operator/HashJoinOperator.next;org/weakref/nitro/operator/HashJoinOperator.produceBatch;org/weakref/nitro/operator/HashJoinOperator.produceOrdinaryBatch;org/weakref/nitro/operator/HashJoinOperator.loadNextOuterBatch;org/weakref/nitro/operator/NitroParquetScanOperator.hasNext;org/weakref/nitro/operator/NitroParquetScanOperator.ensureWindow;org/weakref/nitro/operator/NitroParquetScanOperator.decodeFilterWindow;org/weakref/nitro/parquet/ColumnReader.filterDictLongs;org/weakref/nitro/parquet/ColumnReader.decodeNextDataPage;org/weakref/nitro/parquet/ColumnReader.decodeDictionary;org/weakref/nitro/parquet/ColumnReader.replaceLongs;org/weakref/nitro/data/PrimitiveArrayPool.borrowLongs;long[]_[i] 3
java/lang/Thread.run;java/lang/Thread.runWith;java/util/concurrent/ThreadPoolExecutor$Worker.run;java/util/concurrent/ThreadPoolExecutor.runWorker;java/util/concurrent/FutureTask.run;java/util/concurrent/Executors$RunnableAdapter.call;java/util/concurrent/FutureTask.run;org/openjdk/jmh/runner/BenchmarkHandler$BenchmarkTask.call;org/openjdk/jmh/runner/BenchmarkHandler$BenchmarkTask.call;java/lang/reflect/Method.invoke;jdk/internal/reflect/DirectMethodHandleAccessor.invoke;jdk/internal/reflect/DirectMethodHandleAccessor.invokeImpl;java/lang/invoke/LambdaForm$MH.0x0000000012061400.invokeExact_MT;java/lang/invoke/LambdaForm$MH.0x0000000012061000.invoke;java/lang/invoke/DirectMethodHandle$Holder.invokeSpecial;org/weakref/nitro/tpcds/jmh_generated/BenchmarkQueries_query88_jmhTest.query88_AverageTime;org/weakref/nitro/tpcds/jmh_generated/BenchmarkQueries_query88_jmhTest.query88_avgt_jmhStub;org/weakref/nitro/tpcds/BenchmarkQueries.query88;org/weakref/nitro/tpcds/BenchmarkQueries.consume;org/weakref/nitro/operator/NestedLoopJoinOperator.next;org/weakref/nitro/operator/NestedLoopJoinOperator.produceBatch;org/weakref/nitro/operator/NestedLoopJoinOperator.loadNextOuterBatch;org/weakref/nitro/operator/NestedLoopJoinOperator.next;org/weakref/nitro/operator/NestedLoopJoinOperator.produceBatch;org/weakref/nitro/operator/NestedLoopJoinOperator.loadNextOuterBatch;org/weakref/nitro/operator/NestedLoopJoinOperator.next;org/weakref/nitro/operator/NestedLoopJoinOperator.produceBatch;org/weakref/nitro/operator/NestedLoopJoinOperator.loadNextOuterBatch;org/weakref/nitro/operator/NestedLoopJoinOperator.next;org/weakref/nitro/operator/NestedLoopJoinOperator.produceBatch;org/weakref/nitro/operator/NestedLoopJoinOperator.loadNextOuterBatch;org/weakref/nitro/operator/NestedLoopJoinOperator.next;org/weakref/nitro/operator/NestedLoopJoinOperator.produceBatch;org/weakref/nitro/operator/NestedLoopJoinOperator.loadNextOuterBatch;org/weakref/nitro/operator/NestedLoopJoinOperator.next;org/weakref/nitro/operator/NestedLoopJoinOperator.produceBatch;org/weakref/nitro/operator/NestedLoopJoinOperator.loadNextOuterBatch;org/weakref/nitro/operator/NestedLoopJoinOperator.next;org/weakref/nitro/operator/NestedLoopJoinOperator.produceBatch;org/weakref/nitro/operator/NestedLoopJoinOperator.joinWithInnerRow;org/weakref/nitro/operator/JoinOutputBuffer.joinWithInnerRow;org/weakref/nitro/operator/JoinBufferSupport.borrowStreams;org/weakref/nitro/operator/Output.borrow;org/weakref/nitro/operator/AggregationOperator$$Lambda.0x0000000012110000.apply;org/weakref/nitro/operator/AggregationOperator.lambda$resultOutput$0;org/weakref/nitro/operator/AggregationOperator.doAggregationIfNeeded;org/weakref/nitro/operator/HashJoinOperator.next;org/weakref/nitro/operator/HashJoinOperator.produceBatch;org/weakref/nitro/operator/HashJoinOperator.produceOrdinaryBatch;org/weakref/nitro/operator/HashJoinOperator.loadNextOuterBatch;org/weakref/nitro/operator/HashJoinOperator.next;org/weakref/nitro/operator/HashJoinOperator.produceBatch;org/weakref/nitro/operator/HashJoinOperator.produceOrdinaryBatch;org/weakref/nitro/operator/HashJoinOperator.loadNextOuterBatch;org/weakref/nitro/operator/HashJoinOperator.next;org/weakref/nitro/operator/HashJoinOperator.produceBatch;org/weakref/nitro/operator/HashJoinOperator.produceOrdinaryBatch;org/weakref/nitro/operator/HashJoinOperator.loadNextOuterBatch;org/weakref/nitro/operator/NitroParquetScanOperator.hasNext;org/weakref/nitro/operator/NitroParquetScanOperator.ensureWindow;org/weakref/nitro/operator/NitroParquetScanOperator.decodeFilterWindow;org/weakref/nitro/operator/NitroParquetScanOperator.ensureColumnScratch;org/weakref/nitro/operator/NitroParquetScanOperator.replaceBooleans;org/weakref/nitro/data/PrimitiveArrayPool.borrowBooleans;boolean[]_[i] 2
java/lang/Thread.run;java/lang/Thread.runWith;java/util/concurrent/ThreadPoolExecutor$Worker.run;java/util/concurrent/ThreadPoolExecutor.runWorker;java/util/concurrent/FutureTask.run;java/util/concurrent/Executors$RunnableAdapter.call;java/util/concurrent/FutureTask.run;org/openjdk/jmh/runner/BenchmarkHandler$BenchmarkTask.call;org/openjdk/jmh/runner/BenchmarkHandler$BenchmarkTask.call;java/lang/reflect/Method.invoke;jdk/internal/reflect/DirectMethodHandleAccessor.invoke;jdk/internal/reflect/DirectMethodHandleAccessor.invokeImpl;java/lang/invoke/LambdaForm$MH.0x0000000012061400.invokeExact_MT;java/lang/invoke/LambdaForm$MH.0x0000000012061000.invoke;java/lang/invoke/DirectMethodHandle$Holder.invokeSpecial;org/weakref/nitro/tpcds/jmh_generated/BenchmarkQueries_query88_jmhTest.query88_AverageTime;org/weakref/nitro/tpcds/jmh_generated/BenchmarkQueries_query88_jmhTest.query88_avgt_jmhStub;org/weakref/nitro/tpcds/BenchmarkQueries.query88;org/weakref/nitro/tpcds/BenchmarkQueries.consume;org/weakref/nitro/operator/NestedLoopJoinOperator.next;org/weakref/nitro/operator/NestedLoopJoinOperator.produceBatch;org/weakref/nitro/operator/NestedLoopJoinOperator.loadNextOuterBatch;org/weakref/nitro/operator/NestedLoopJoinOperator.next;org/weakref/nitro/operator/NestedLoopJoinOperator.produceBatch;org/weakref/nitro/operator/NestedLoopJoinOperator.loadInnerIfNecessary;org/weakref/nitro/operator/BufferedJoinInput.loadAll;org/weakref/nitro/operator/BufferedJoinInput.loadAll;org/weakref/nitro/operator/BufferedJoinInput.captureSchema;org/weakref/nitro/operator/Output.borrow;org/weakref/nitro/operator/AggregationOperator$$Lambda.0x0000000012110000.apply;org/weakref/nitro/operator/AggregationOperator.lambda$resultOutput$0;org/weakref/nitro/operator/AggregationOperator.doAggregationIfNeeded;org/weakref/nitro/operator/HashJoinOperator.next;org/weakref/nitro/operator/HashJoinOperator.produceBatch;org/weakref/nitro/operator/HashJoinOperator.produceOrdinaryBatch;org/weakref/nitro/operator/HashJoinOperator.loadNextOuterBatch;org/weakref/nitro/operator/HashJoinOperator.next;org/weakref/nitro/operator/HashJoinOperator.produceBatch;org/weakref/nitro/operator/HashJoinOperator.loadInnerIfNecessary;org/weakref/nitro/operator/HashJoinOperator.loadStreamingInner;org/weakref/nitro/operator/BufferedJoinInput.captureSchema;org/weakref/nitro/operator/Output.borrow;org/weakref/nitro/operator/NitroParquetScanOperator$ScanOutputResolver$$Lambda.0x00000000120bc200.apply;org/weakref/nitro/operator/NitroParquetScanOperator$ScanOutputResolver.resolve;org/weakref/nitro/operator/NitroParquetScanOperator.resolveLazyColumn;org/weakref/nitro/operator/NitroParquetScanOperator.decodeFullColumn;org/weakref/nitro/parquet/ColumnReader.readLongs;org/weakref/nitro/parquet/ColumnReader.decodeNextDataPage;org/weakref/nitro/parquet/ColumnReader.decodeDataPageV1;org/weakref/nitro/parquet/ColumnReader.ensurePageCapacity;org/weakref/nitro/parquet/ColumnReader.ensurePageValueCapacity;org/weakref/nitro/parquet/ColumnReader.replaceLongs;org/weakref/nitro/data/PrimitiveArrayPool.borrowLongs;long[]_[i] 1
java/lang/Thread.run;java/lang/Thread.runWith;java/util/concurrent/ThreadPoolExecutor$Worker.run;java/util/concurrent/ThreadPoolExecutor.runWorker;java/util/concurrent/FutureTask.run;java/util/concurrent/Executors$RunnableAdapter.call;java/util/concurrent/FutureTask.run;org/openjdk/jmh/runner/BenchmarkHandler$BenchmarkTask.call;org/openjdk/jmh/runner/BenchmarkHandler$BenchmarkTask.call;java/lang/reflect/Method.invoke;jdk/internal/reflect/DirectMethodHandleAccessor.invoke;jdk/internal/reflect/DirectMethodHandleAccessor.invokeImpl;java/lang/invoke/LambdaForm$MH.0x0000000012061400.invokeExact_MT;java/lang/invoke/LambdaForm$MH.0x0000000012061000.invoke;java/lang/invoke/DirectMethodHandle$Holder.invokeSpecial;org/weakref/nitro/tpcds/jmh_generated/BenchmarkQueries_query88_jmhTest.query88_AverageTime;org/weakref/nitro/tpcds/jmh_generated/BenchmarkQueries_query88_jmhTest.query88_avgt_jmhStub;org/weakref/nitro/tpcds/BenchmarkQueries.query88;org/weakref/nitro/tpcds/BenchmarkQueries.consume;org/weakref/nitro/operator/NestedLoopJoinOperator.next;org/weakref/nitro/operator/NestedLoopJoinOperator.produceBatch;org/weakref/nitro/operator/NestedLoopJoinOperator.loadInnerIfNecessary;org/weakref/nitro/operator/BufferedJoinInput.loadAll;org/weakref/nitro/operator/BufferedJoinInput.loadAll;org/weakref/nitro/operator/BufferedJoinInput.captureSchema;org/weakref/nitro/operator/Output.borrow;org/weakref/nitro/operator/AggregationOperator$$Lambda.0x0000000012110000.apply;org/weakref/nitro/operator/AggregationOperator.lambda$resultOutput$0;org/weakref/nitro/operator/AggregationOperator.doAggregationIfNeeded;org/weakref/nitro/operator/HashJoinOperator.next;org/weakref/nitro/operator/HashJoinOperator.produceBatch;org/weakref/nitro/operator/HashJoinOperator.produceOrdinaryBatch;org/weakref/nitro/operator/HashJoinOperator.loadNextOuterBatch;org/weakref/nitro/operator/HashJoinOperator.next;org/weakref/nitro/operator/HashJoinOperator.produceBatch;org/weakref/nitro/operator/HashJoinOperator.produceOrdinaryBatch;org/weakref/nitro/operator/HashJoinOperator.loadNextOuterBatch;org/weakref/nitro/operator/HashJoinOperator.next;org/weakref/nitro/operator/HashJoinOperator.produceBatch;org/weakref/nitro/operator/HashJoinOperator.loadInnerIfNecessary;org/weakref/nitro/operator/HashJoinOperator.loadStreamingInner;org/weakref/nitro/operator/HashJoinOperator$LongJoinIndex.addNoNulls;org/weakref/nitro/operator/HashJoinOperator$LongJoinIndex.addRow;org/weakref/nitro/operator/HashJoinOperator$LongJoinIndex.addDirectRangeRow;org/weakref/nitro/operator/HashJoinOperator$LongJoinIndex.ensureDirectBuildCapacity;org/weakref/nitro/data/PrimitiveArrayPool.borrowInts;int[]_[i] 1
java/lang/Thread.run;java/lang/Thread.runWith;java/util/concurrent/ThreadPoolExecutor$Worker.run;java/util/concurrent/ThreadPoolExecutor.runWorker;java/util/concurrent/FutureTask.run;java/util/concurrent/Executors$RunnableAdapter.call;java/util/concurrent/FutureTask.run;org/openjdk/jmh/runner/BenchmarkHandler$BenchmarkTask.call;org/openjdk/jmh/runner/BenchmarkHandler$BenchmarkTask.call;java/lang/reflect/Method.invoke;jdk/internal/reflect/DirectMethodHandleAccessor.invoke;jdk/internal/reflect/DirectMethodHandleAccessor.invokeImpl;java/lang/invoke/LambdaForm$MH.0x0000000012061400.invokeExact_MT;java/lang/invoke/LambdaForm$MH.0x0000000012061000.invoke;java/lang/invoke/DirectMethodHandle$Holder.invokeSpecial;org/weakref/nitro/tpcds/jmh_generated/BenchmarkQueries_query88_jmhTest.query88_AverageTime;org/weakref/nitro/tpcds/jmh_generated/BenchmarkQueries_query88_jmhTest.query88_avgt_jmhStub;org/weakref/nitro/tpcds/BenchmarkQueries.query88;org/weakref/nitro/tpcds/TpcdsParquetSupport.query88;org/weakref/nitro/tpcds/TpcdsParquetSupport.query88BucketCount;org/weakref/nitro/tpcds/TpcdsParquetSupport.query88Bucket;org/weakref/nitro/operator/HashJoinOperator.<init>;org/weakref/nitro/operator/HashJoinOperator.<init>;org/weakref/nitro/operator/HashJoinOperator$JoinScratch.<init>;long[]_[i] 1
java/lang/Thread.run;java/lang/Thread.runWith;java/util/concurrent/ThreadPoolExecutor$Worker.run;java/util/concurrent/ThreadPoolExecutor.runWorker;java/util/concurrent/FutureTask.run;java/util/concurrent/Executors$RunnableAdapter.call;java/util/concurrent/FutureTask.run;org/openjdk/jmh/runner/BenchmarkHandler$BenchmarkTask.call;org/openjdk/jmh/runner/BenchmarkHandler$BenchmarkTask.call;java/lang/reflect/Method.invoke;jdk/internal/reflect/DirectMethodHandleAccessor.invoke;jdk/internal/reflect/DirectMethodHandleAccessor.invokeImpl;java/lang/invoke/LambdaForm$MH.0x0000000012061400.invokeExact_MT;java/lang/invoke/LambdaForm$MH.0x0000000012061000.invoke;java/lang/invoke/DirectMethodHandle$Holder.invokeSpecial;org/weakref/nitro/tpcds/jmh_generated/BenchmarkQueries_query88_jmhTest.query88_AverageTime;org/weakref/nitro/tpcds/jmh_generated/BenchmarkQueries_query88_jmhTest.query88_avgt_jmhStub;org/weakref/nitro/tpcds/BenchmarkQueries.query88;org/weakref/nitro/tpcds/BenchmarkQueries.consume;org/weakref/nitro/operator/NestedLoopJoinOperator.next;org/weakref/nitro/operator/NestedLoopJoinOperator.produceBatch;org/weakref/nitro/operator/NestedLoopJoinOperator.loadNextOuterBatch;org/weakref/nitro/operator/NestedLoopJoinOperator.next;org/weakref/nitro/operator/NestedLoopJoinOperator.produceBatch;org/weakref/nitro/operator/NestedLoopJoinOperator.loadNextOuterBatch;org/weakref/nitro/operator/NestedLoopJoinOperator.next;org/weakref/nitro/operator/NestedLoopJoinOperator.produceBatch;org/weakref/nitro/operator/NestedLoopJoinOperator.loadNextOuterBatch;org/weakref/nitro/operator/NestedLoopJoinOperator.next;org/weakref/nitro/operator/NestedLoopJoinOperator.produceBatch;org/weakref/nitro/operator/NestedLoopJoinOperator.loadNextOuterBatch;org/weakref/nitro/operator/NestedLoopJoinOperator.next;org/weakref/nitro/operator/NestedLoopJoinOperator.produceBatch;org/weakref/nitro/operator/NestedLoopJoinOperator.loadNextOuterBatch;org/weakref/nitro/operator/NestedLoopJoinOperator.next;org/weakref/nitro/operator/NestedLoopJoinOperator.produceBatch;org/weakref/nitro/operator/NestedLoopJoinOperator.loadNextOuterBatch;org/weakref/nitro/operator/NestedLoopJoinOperator.next;org/weakref/nitro/operator/NestedLoopJoinOperator.produceBatch;org/weakref/nitro/operator/NestedLoopJoinOperator.joinWithInnerRow;org/weakref/nitro/operator/JoinOutputBuffer.joinWithInnerRow;org/weakref/nitro/operator/JoinBufferSupport.borrowStreams;org/weakref/nitro/operator/Output.borrow;org/weakref/nitro/operator/AggregationOperator$$Lambda.0x0000000012110000.apply;org/weakref/nitro/operator/AggregationOperator.lambda$resultOutput$0;org/weakref/nitro/operator/AggregationOperator.doAggregationIfNeeded;org/weakref/nitro/operator/HashJoinOperator.next;org/weakref/nitro/operator/HashJoinOperator.produceBatch;org/weakref/nitro/operator/HashJoinOperator.produceOrdinaryBatch;org/weakref/nitro/operator/HashJoinOperator.loadNextOuterBatch;org/weakref/nitro/operator/HashJoinOperator.next;org/weakref/nitro/operator/HashJoinOperator.produceBatch;org/weakref/nitro/operator/HashJoinOperator.produceOrdinaryBatch;org/weakref/nitro/operator/HashJoinOperator.loadNextOuterBatch;org/weakref/nitro/operator/HashJoinOperator.next;org/weakref/nitro/operator/HashJoinOperator.produceBatch;org/weakref/nitro/operator/HashJoinOperator.produceOrdinaryBatch;org/weakref/nitro/operator/HashJoinOperator.loadNextOuterBatch;org/weakref/nitro/operator/NitroParquetScanOperator.hasNext;org/weakref/nitro/operator/NitroParquetScanOperator.ensureWindow;org/weakref/nitro/operator/NitroParquetScanOperator.decodeFilterWindow;org/weakref/nitro/operator/NitroParquetScanOperator.snapshotFilterSurvivors;org/weakref/nitro/operator/NitroParquetScanOperator.replaceInts;org/weakref/nitro/data/PrimitiveArrayPool.borrowInts;int[]_[i] 2
java/lang/Thread.run;java/lang/Thread.runWith;java/util/concurrent/ThreadPoolExecutor$Worker.run;java/util/concurrent/ThreadPoolExecutor.runWorker;java/util/concurrent/FutureTask.run;java/util/concurrent/Executors$RunnableAdapter.call;java/util/concurrent/FutureTask.run;org/openjdk/jmh/runner/BenchmarkHandler$BenchmarkTask.call;org/openjdk/jmh/runner/BenchmarkHandler$BenchmarkTask.call;java/lang/reflect/Method.invoke;jdk/internal/reflect/DirectMethodHandleAccessor.invoke;jdk/internal/reflect/DirectMethodHandleAccessor.invokeImpl;java/lang/invoke/LambdaForm$MH.0x0000000012061400.invokeExact_MT;java/lang/invoke/LambdaForm$MH.0x0000000012061000.invoke;java/lang/invoke/DirectMethodHandle$Holder.invokeSpecial;org/weakref/nitro/tpcds/jmh_generated/BenchmarkQueries_query88_jmhTest.query88_AverageTime;org/weakref/nitro/tpcds/jmh_generated/BenchmarkQueries_query88_jmhTest.query88_avgt_jmhStub;org/weakref/nitro/tpcds/BenchmarkQueries.query88;org/weakref/nitro/tpcds/BenchmarkQueries.consume;org/weakref/nitro/operator/NestedLoopJoinOperator.next;org/weakref/nitro/operator/NestedLoopJoinOperator.produceBatch;org/weakref/nitro/operator/NestedLoopJoinOperator.loadInnerIfNecessary;org/weakref/nitro/operator/BufferedJoinInput.loadAll;org/weakref/nitro/operator/BufferedJoinInput.loadAll;org/weakref/nitro/operator/BufferedJoinInput.captureSchema;org/weakref/nitro/operator/Output.borrow;org/weakref/nitro/operator/AggregationOperator$$Lambda.0x0000000012110000.apply;org/weakref/nitro/operator/AggregationOperator.lambda$resultOutput$0;org/weakref/nitro/operator/AggregationOperator.doAggregationIfNeeded;org/weakref/nitro/operator/HashJoinOperator.next;org/weakref/nitro/operator/HashJoinOperator.produceBatch;org/weakref/nitro/operator/HashJoinOperator.produceOrdinaryBatch;org/weakref/nitro/operator/HashJoinOperator.loadNextOuterBatch;org/weakref/nitro/operator/HashJoinOperator.next;org/weakref/nitro/operator/HashJoinOperator.produceBatch;org/weakref/nitro/operator/HashJoinOperator.loadInnerIfNecessary;org/weakref/nitro/operator/HashJoinOperator.loadStreamingInner;org/weakref/nitro/operator/FilterOperator.next;org/weakref/nitro/operator/evaluator/PlanEvaluator.evaluateInPlace;org/weakref/nitro/operator/evaluator/PlanEvaluator.evaluateTrueMaskInPlace;org/weakref/nitro/operator/evaluator/PlanEvaluator.evaluateTrueMaskInPlace;org/weakref/nitro/operator/evaluator/PlanEvaluator.evaluateAdaptiveAndTrueMaskInPlace;org/weakref/nitro/operator/evaluator/PlanEvaluator.evaluateMeasuredTrueMaskInPlace;org/weakref/nitro/operator/evaluator/PlanEvaluator.evaluateTrueMaskInPlace;org/weakref/nitro/operator/evaluator/PlanEvaluator.tryEvaluatePrimitiveTrueMaskInPlace;org/weakref/nitro/operator/evaluator/PlanEvaluator.tryEvaluatePrimitiveMaskInPlace;org/weakref/nitro/operator/evaluator/PlanEvaluator.resolveMaskPrimitiveInvocation;org/weakref/nitro/operator/evaluator/PlanEvaluator.evaluateArgument;org/weakref/nitro/operator/FilterOperator$1.resolve;org/weakref/nitro/operator/Output.borrowOrNull;org/weakref/nitro/operator/Output.borrow;org/weakref/nitro/operator/Output.borrow;org/weakref/nitro/operator/NitroParquetScanOperator$ScanOutputResolver$$Lambda.0x00000000120bc200.apply;org/weakref/nitro/operator/NitroParquetScanOperator$ScanOutputResolver.resolve;org/weakref/nitro/operator/NitroParquetScanOperator.resolveLazyColumn;org/weakref/nitro/operator/NitroParquetScanOperator.decodeFullColumn;org/weakref/nitro/data/Allocator.allocate;org/weakref/nitro/data/Allocator.allocatePooled;org/weakref/nitro/data/Allocator$$Lambda.0x00000000121121f0.get;org/weakref/nitro/data/Allocator.lambda$allocate$0;org/weakref/nitro/operator/NitroParquetScanOperator$$Lambda.0x000000001212b4b8.apply;org/weakref/nitro/data/I32Vector.<init>;int[]_[i] 1
java/lang/Thread.run;java/lang/Thread.runWith;java/util/concurrent/ThreadPoolExecutor$Worker.run;java/util/concurrent/ThreadPoolExecutor.runWorker;java/util/concurrent/FutureTask.run;java/util/concurrent/Executors$RunnableAdapter.call;java/util/concurrent/FutureTask.run;org/openjdk/jmh/runner/BenchmarkHandler$BenchmarkTask.call;org/openjdk/jmh/runner/BenchmarkHandler$BenchmarkTask.call;java/lang/reflect/Method.invoke;jdk/internal/reflect/DirectMethodHandleAccessor.invoke;jdk/internal/reflect/DirectMethodHandleAccessor.invokeImpl;java/lang/invoke/LambdaForm$MH.0x0000000012061400.invokeExact_MT;java/lang/invoke/LambdaForm$MH.0x0000000012061000.invoke;java/lang/invoke/DirectMethodHandle$Holder.invokeSpecial;org/weakref/nitro/tpcds/jmh_generated/BenchmarkQueries_query88_jmhTest.query88_AverageTime;org/weakref/nitro/tpcds/jmh_generated/BenchmarkQueries_query88_jmhTest.query88_avgt_jmhStub;org/weakref/nitro/tpcds/BenchmarkQueries.query88;org/weakref/nitro/tpcds/BenchmarkQueries.consume;org/weakref/nitro/operator/NestedLoopJoinOperator.next;org/weakref/nitro/operator/NestedLoopJoinOperator.produceBatch;org/weakref/nitro/operator/NestedLoopJoinOperator.loadNextOuterBatch;org/weakref/nitro/operator/NestedLoopJoinOperator.next;org/weakref/nitro/operator/NestedLoopJoinOperator.produceBatch;org/weakref/nitro/operator/NestedLoopJoinOperator.loadNextOuterBatch;org/weakref/nitro/operator/NestedLoopJoinOperator.next;org/weakref/nitro/operator/NestedLoopJoinOperator.produceBatch;org/weakref/nitro/operator/NestedLoopJoinOperator.loadNextOuterBatch;org/weakref/nitro/operator/NestedLoopJoinOperator.next;org/weakref/nitro/operator/NestedLoopJoinOperator.produceBatch;org/weakref/nitro/operator/NestedLoopJoinOperator.loadNextOuterBatch;org/weakref/nitro/operator/NestedLoopJoinOperator.next;org/weakref/nitro/operator/NestedLoopJoinOperator.produceBatch;org/weakref/nitro/operator/NestedLoopJoinOperator.loadNextOuterBatch;org/weakref/nitro/operator/NestedLoopJoinOperator.next;org/weakref/nitro/operator/NestedLoopJoinOperator.produceBatch;org/weakref/nitro/operator/NestedLoopJoinOperator.loadNextOuterBatch;org/weakref/nitro/operator/NestedLoopJoinOperator.next;org/weakref/nitro/operator/NestedLoopJoinOperator.produceBatch;org/weakref/nitro/operator/NestedLoopJoinOperator.loadInnerIfNecessary;org/weakref/nitro/operator/BufferedJoinInput.loadAll;org/weakref/nitro/operator/BufferedJoinInput.loadAll;org/weakref/nitro/operator/BufferedJoinInput.captureSchema;org/weakref/nitro/operator/Output.borrow;org/weakref/nitro/operator/AggregationOperator$$Lambda.0x0000000012110000.apply;org/weakref/nitro/operator/AggregationOperator.lambda$resultOutput$0;org/weakref/nitro/operator/AggregationOperator.doAggregationIfNeeded;org/weakref/nitro/operator/HashJoinOperator.next;org/weakref/nitro/operator/HashJoinOperator.produceBatch;org/weakref/nitro/operator/HashJoinOperator.produceOrdinaryBatch;org/weakref/nitro/operator/HashJoinOperator.loadNextOuterBatch;org/weakref/nitro/operator/HashJoinOperator.next;org/weakref/nitro/operator/HashJoinOperator.produceBatch;org/weakref/nitro/operator/HashJoinOperator.produceOrdinaryBatch;org/weakref/nitro/operator/HashJoinOperator.loadNextOuterBatch;org/weakref/nitro/operator/HashJoinOperator.next;org/weakref/nitro/operator/HashJoinOperator.produceBatch;org/weakref/nitro/operator/HashJoinOperator.produceOrdinaryBatch;org/weakref/nitro/operator/HashJoinOperator.loadNextOuterBatch;org/weakref/nitro/operator/NitroParquetScanOperator.hasNext;org/weakref/nitro/operator/NitroParquetScanOperator.ensureWindow;org/weakref/nitro/operator/NitroParquetScanOperator.decodeFilterWindow;org/weakref/nitro/parquet/ColumnReader.filterDictLongs;org/weakref/nitro/parquet/ColumnReader.decodeNextDataPage;org/weakref/nitro/parquet/ColumnReader.decodeDictionary;org/weakref/nitro/parquet/ColumnReader.replaceLongs;org/weakref/nitro/data/PrimitiveArrayPool.borrowLongs;long[]_[i] 1
java/lang/Thread.run;java/lang/Thread.runWith;java/util/concurrent/ThreadPoolExecutor$Worker.run;java/util/concurrent/ThreadPoolExecutor.runWorker;java/util/concurrent/FutureTask.run;java/util/concurrent/Executors$RunnableAdapter.call;java/util/concurrent/FutureTask.run;org/openjdk/jmh/runner/BenchmarkHandler$BenchmarkTask.call;org/openjdk/jmh/runner/BenchmarkHandler$BenchmarkTask.call;java/lang/reflect/Method.invoke;jdk/internal/reflect/DirectMethodHandleAccessor.invoke;jdk/internal/reflect/DirectMethodHandleAccessor.invokeImpl;java/lang/invoke/LambdaForm$MH.0x0000000012061400.invokeExact_MT;java/lang/invoke/LambdaForm$MH.0x0000000012061000.invoke;java/lang/invoke/DirectMethodHandle$Holder.invokeSpecial;org/weakref/nitro/tpcds/jmh_generated/BenchmarkQueries_query88_jmhTest.query88_AverageTime;org/weakref/nitro/tpcds/jmh_generated/BenchmarkQueries_query88_jmhTest.query88_avgt_jmhStub;org/weakref/nitro/tpcds/BenchmarkQueries.query88;org/weakref/nitro/tpcds/BenchmarkQueries.consume;org/weakref/nitro/operator/NestedLoopJoinOperator.next;org/weakref/nitro/operator/NestedLoopJoinOperator.produceBatch;org/weakref/nitro/operator/NestedLoopJoinOperator.loadNextOuterBatch;org/weakref/nitro/operator/NestedLoopJoinOperator.next;org/weakref/nitro/operator/NestedLoopJoinOperator.produceBatch;org/weakref/nitro/operator/NestedLoopJoinOperator.loadNextOuterBatch;org/weakref/nitro/operator/NestedLoopJoinOperator.next;org/weakref/nitro/operator/NestedLoopJoinOperator.produceBatch;org/weakref/nitro/operator/NestedLoopJoinOperator.loadNextOuterBatch;org/weakref/nitro/operator/NestedLoopJoinOperator.next;org/weakref/nitro/operator/NestedLoopJoinOperator.produceBatch;org/weakref/nitro/operator/NestedLoopJoinOperator.loadNextOuterBatch;org/weakref/nitro/operator/NestedLoopJoinOperator.next;org/weakref/nitro/operator/NestedLoopJoinOperator.produceBatch;org/weakref/nitro/operator/NestedLoopJoinOperator.loadNextOuterBatch;org/weakref/nitro/operator/NestedLoopJoinOperator.next;org/weakref/nitro/operator/NestedLoopJoinOperator.produceBatch;org/weakref/nitro/operator/NestedLoopJoinOperator.loadNextOuterBatch;org/weakref/nitro/operator/NestedLoopJoinOperator.next;org/weakref/nitro/operator/NestedLoopJoinOperator.produceBatch;org/weakref/nitro/operator/NestedLoopJoinOperator.joinWithInnerRow;org/weakref/nitro/operator/JoinOutputBuffer.joinWithInnerRow;org/weakref/nitro/operator/JoinBufferSupport.borrowStreams;org/weakref/nitro/operator/Output.borrow;org/weakref/nitro/operator/AggregationOperator$$Lambda.0x0000000012110000.apply;org/weakref/nitro/operator/AggregationOperator.lambda$resultOutput$0;org/weakref/nitro/operator/AggregationOperator.doAggregationIfNeeded;org/weakref/nitro/operator/HashJoinOperator.next;org/weakref/nitro/operator/HashJoinOperator.produceBatch;org/weakref/nitro/operator/HashJoinOperator.produceOrdinaryBatch;org/weakref/nitro/operator/HashJoinOperator.loadNextOuterBatch;org/weakref/nitro/operator/HashJoinOperator.next;org/weakref/nitro/operator/HashJoinOperator.produceBatch;org/weakref/nitro/operator/HashJoinOperator.produceOrdinaryBatch;org/weakref/nitro/operator/HashJoinOperator.loadNextOuterBatch;org/weakref/nitro/operator/HashJoinOperator.next;org/weakref/nitro/operator/HashJoinOperator.produceBatch;org/weakref/nitro/operator/HashJoinOperator.loadInnerIfNecessary;org/weakref/nitro/operator/HashJoinOperator.loadStreamingInner;org/weakref/nitro/operator/HashJoinOperator.collectBuildKeys;it/unimi/dsi/fastutil/longs/LongOpenHashSet.add;it/unimi/dsi/fastutil/longs/LongOpenHashSet.rehash;long[]_[i] 1
java/lang/Thread.run;java/lang/Thread.runWith;java/util/concurrent/ThreadPoolExecutor$Worker.run;java/util/concurrent/ThreadPoolExecutor.runWorker;java/util/concurrent/FutureTask.run;java/util/concurrent/Executors$RunnableAdapter.call;java/util/concurrent/FutureTask.run;org/openjdk/jmh/runner/BenchmarkHandler$BenchmarkTask.call;org/openjdk/jmh/runner/BenchmarkHandler$BenchmarkTask.call;java/lang/reflect/Method.invoke;jdk/internal/reflect/DirectMethodHandleAccessor.invoke;jdk/internal/reflect/DirectMethodHandleAccessor.invokeImpl;java/lang/invoke/LambdaForm$MH.0x0000000012061400.invokeExact_MT;java/lang/invoke/LambdaForm$MH.0x0000000012061000.invoke;java/lang/invoke/DirectMethodHandle$Holder.invokeSpecial;org/weakref/nitro/tpcds/jmh_generated/BenchmarkQueries_query88_jmhTest.query88_AverageTime;org/weakref/nitro/tpcds/jmh_generated/BenchmarkQueries_query88_jmhTest.query88_avgt_jmhStub;org/weakref/nitro/tpcds/BenchmarkQueries.query88;org/weakref/nitro/tpcds/TpcdsParquetSupport.query88;org/weakref/nitro/tpcds/TpcdsParquetSupport.query88BucketCount;org/weakref/nitro/tpcds/TpcdsParquetSupport.query88Bucket;org/weakref/nitro/tpcds/TpcdsParquetSupport.factScan;org/weakref/nitro/operator/NitroParquetScanOperator.<init>;java/util/stream/ReferencePipeline.toArray;java/util/stream/AbstractPipeline.evaluateToArrayNode;java/util/stream/AbstractPipeline.evaluate;java/util/stream/AbstractPipeline.wrapAndCopyInto;java/util/stream/AbstractPipeline.copyInto;java/util/AbstractList$RandomAccessSpliterator.forEachRemaining;java/util/stream/ReferencePipeline$3$1.accept;org/weakref/nitro/operator/NitroParquetScanOperator$$Lambda.0x0000000012086b58.apply;org/weakref/nitro/parquet/ParquetFile.open;org/weakref/nitro/parquet/ParquetFile.<init>;org/apache/parquet/format/Util.readFileMetaData;org/apache/parquet/format/Util.readFileMetaData;org/apache/parquet/format/Util.read;org/apache/parquet/format/FileMetaData.read;org/apache/parquet/format/FileMetaData$FileMetaDataStandardScheme.read;org/apache/parquet/format/FileMetaData$FileMetaDataStandardScheme.read;org/apache/parquet/format/RowGroup.read;org/apache/parquet/format/RowGroup$RowGroupStandardScheme.read;org/apache/parquet/format/RowGroup$RowGroupStandardScheme.read;org/apache/parquet/format/ColumnChunk.read;org/apache/parquet/format/ColumnChunk$ColumnChunkStandardScheme.read;org/apache/parquet/format/ColumnChunk$ColumnChunkStandardScheme.read;org/apache/parquet/format/ColumnMetaData.read;org/apache/parquet/format/ColumnMetaData$ColumnMetaDataStandardScheme.read;org/apache/parquet/format/ColumnMetaData$ColumnMetaDataStandardScheme.read;org/apache/parquet/format/PageEncodingStats.read;org/apache/parquet/format/PageEncodingStats$PageEncodingStatsStandardScheme.read;org/apache/parquet/format/PageEncodingStats$PageEncodingStatsStandardScheme.read;org/apache/parquet/format/InterningProtocol.readFieldBegin;shaded/parquet/org/apache/thrift/protocol/TCompactProtocol.readFieldBegin;shaded.parquet.org.apache.thrift.protocol.TField_[i] 1
java/lang/Thread.run;java/lang/Thread.runWith;java/util/concurrent/ThreadPoolExecutor$Worker.run;java/util/concurrent/ThreadPoolExecutor.runWorker;java/util/concurrent/FutureTask.run;java/util/concurrent/Executors$RunnableAdapter.call;java/util/concurrent/FutureTask.run;org/openjdk/jmh/runner/BenchmarkHandler$BenchmarkTask.call;org/openjdk/jmh/runner/BenchmarkHandler$BenchmarkTask.call;java/lang/reflect/Method.invoke;jdk/internal/reflect/DirectMethodHandleAccessor.invoke;jdk/internal/reflect/DirectMethodHandleAccessor.invokeImpl;java/lang/invoke/LambdaForm$MH.0x0000000012061400.invokeExact_MT;java/lang/invoke/LambdaForm$MH.0x0000000012061000.invoke;java/lang/invoke/DirectMethodHandle$Holder.invokeSpecial;org/weakref/nitro/tpcds/jmh_generated/BenchmarkQueries_query88_jmhTest.query88_AverageTime;org/weakref/nitro/tpcds/jmh_generated/BenchmarkQueries_query88_jmhTest.query88_avgt_jmhStub;org/weakref/nitro/tpcds/BenchmarkQueries.query88;org/weakref/nitro/tpcds/BenchmarkQueries.consume;org/weakref/nitro/operator/NestedLoopJoinOperator.next;org/weakref/nitro/operator/NestedLoopJoinOperator.produceBatch;org/weakref/nitro/operator/NestedLoopJoinOperator.loadNextOuterBatch;org/weakref/nitro/operator/NestedLoopJoinOperator.next;org/weakref/nitro/operator/NestedLoopJoinOperator.produceBatch;org/weakref/nitro/operator/NestedLoopJoinOperator.loadNextOuterBatch;org/weakref/nitro/operator/NestedLoopJoinOperator.next;org/weakref/nitro/operator/NestedLoopJoinOperator.produceBatch;org/weakref/nitro/operator/NestedLoopJoinOperator.loadInnerIfNecessary;org/weakref/nitro/operator/BufferedJoinInput.loadAll;org/weakref/nitro/operator/BufferedJoinInput.loadAll;org/weakref/nitro/operator/BufferedJoinInput.captureSchema;org/weakref/nitro/operator/Output.borrow;org/weakref/nitro/operator/AggregationOperator$$Lambda.0x0000000012110000.apply;org/weakref/nitro/operator/AggregationOperator.lambda$resultOutput$0;org/weakref/nitro/operator/AggregationOperator.doAggregationIfNeeded;org/weakref/nitro/operator/HashJoinOperator.next;org/weakref/nitro/operator/HashJoinOperator.produceBatch;org/weakref/nitro/operator/HashJoinOperator.produceOrdinaryBatch;org/weakref/nitro/operator/HashJoinOperator.loadNextOuterBatch;org/weakref/nitro/operator/HashJoinOperator.next;org/weakref/nitro/operator/HashJoinOperator.produceBatch;org/weakref/nitro/operator/HashJoinOperator.produceOrdinaryBatch;org/weakref/nitro/operator/HashJoinOperator.loadNextOuterBatch;org/weakref/nitro/operator/HashJoinOperator.next;org/weakref/nitro/operator/HashJoinOperator.produceBatch;org/weakref/nitro/operator/HashJoinOperator.produceOrdinaryBatch;org/weakref/nitro/operator/HashJoinOperator.loadNextOuterBatch;org/weakref/nitro/operator/NitroParquetScanOperator.hasNext;org/weakref/nitro/operator/NitroParquetScanOperator.ensureWindow;org/weakref/nitro/operator/NitroParquetScanOperator.decodeFilterWindow;org/weakref/nitro/operator/NitroParquetScanOperator.ensureScratch;org/weakref/nitro/operator/NitroParquetScanOperator.replaceInts;org/weakref/nitro/data/PrimitiveArrayPool.borrowInts;int[]_[i] 2
java/lang/Thread.run;java/lang/Thread.runWith;java/util/concurrent/ThreadPoolExecutor$Worker.run;java/util/concurrent/ThreadPoolExecutor.runWorker;java/util/concurrent/FutureTask.run;java/util/concurrent/Executors$RunnableAdapter.call;java/util/concurrent/FutureTask.run;org/openjdk/jmh/runner/BenchmarkHandler$BenchmarkTask.call;org/openjdk/jmh/runner/BenchmarkHandler$BenchmarkTask.call;java/lang/reflect/Method.invoke;jdk/internal/reflect/DirectMethodHandleAccessor.invoke;jdk/internal/reflect/DirectMethodHandleAccessor.invokeImpl;java/lang/invoke/LambdaForm$MH.0x0000000012061400.invokeExact_MT;java/lang/invoke/LambdaForm$MH.0x0000000012061000.invoke;java/lang/invoke/DirectMethodHandle$Holder.invokeSpecial;org/weakref/nitro/tpcds/jmh_generated/BenchmarkQueries_query88_jmhTest.query88_AverageTime;org/weakref/nitro/tpcds/jmh_generated/BenchmarkQueries_query88_jmhTest.query88_avgt_jmhStub;org/weakref/nitro/tpcds/BenchmarkQueries.query88;org/weakref/nitro/tpcds/TpcdsParquetSupport.query88;org/weakref/nitro/tpcds/TpcdsParquetSupport.query88BucketCount;org/weakref/nitro/tpcds/TpcdsParquetSupport.query88Bucket;org/weakref/nitro/tpcds/TpcdsParquetSupport.factScan;org/weakref/nitro/operator/NitroParquetScanOperator.<init>;java/util/stream/ReferencePipeline.toArray;java/util/stream/AbstractPipeline.evaluateToArrayNode;java/util/stream/AbstractPipeline.evaluate;java/util/stream/AbstractPipeline.wrapAndCopyInto;java/util/stream/AbstractPipeline.copyInto;java/util/AbstractList$RandomAccessSpliterator.forEachRemaining;java/util/stream/ReferencePipeline$3$1.accept;org/weakref/nitro/operator/NitroParquetScanOperator$$Lambda.0x0000000012086b58.apply;org/weakref/nitro/parquet/ParquetFile.open;org/weakref/nitro/parquet/ParquetFile.<init>;org/apache/parquet/format/Util.readFileMetaData;org/apache/parquet/format/Util.readFileMetaData;org/apache/parquet/format/Util.read;org/apache/parquet/format/FileMetaData.read;org/apache/parquet/format/FileMetaData$FileMetaDataStandardScheme.read;org/apache/parquet/format/FileMetaData$FileMetaDataStandardScheme.read;org/apache/parquet/format/RowGroup.read;org/apache/parquet/format/RowGroup$RowGroupStandardScheme.read;org/apache/parquet/format/RowGroup$RowGroupStandardScheme.read;org/apache/parquet/format/ColumnChunk.read;org/apache/parquet/format/ColumnChunk$ColumnChunkStandardScheme.read;org/apache/parquet/format/ColumnChunk$ColumnChunkStandardScheme.read;org/apache/parquet/format/ColumnMetaData.read;org/apache/parquet/format/ColumnMetaData$ColumnMetaDataStandardScheme.read;org/apache/parquet/format/ColumnMetaData$ColumnMetaDataStandardScheme.read;org/apache/parquet/format/InterningProtocol.readString;shaded/parquet/org/apache/thrift/protocol/TCompactProtocol.readString;shaded/parquet/org/apache/thrift/protocol/TCompactProtocol.readBinary;byte[]_[i] 1
java/lang/Thread.run;java/lang/Thread.runWith;java/util/concurrent/ThreadPoolExecutor$Worker.run;java/util/concurrent/ThreadPoolExecutor.runWorker;java/util/concurrent/FutureTask.run;java/util/concurrent/Executors$RunnableAdapter.call;java/util/concurrent/FutureTask.run;org/openjdk/jmh/runner/BenchmarkHandler$BenchmarkTask.call;org/openjdk/jmh/runner/BenchmarkHandler$BenchmarkTask.call;java/lang/reflect/Method.invoke;jdk/internal/reflect/DirectMethodHandleAccessor.invoke;jdk/internal/reflect/DirectMethodHandleAccessor.invokeImpl;java/lang/invoke/LambdaForm$MH.0x0000000012061400.invokeExact_MT;java/lang/invoke/LambdaForm$MH.0x0000000012061000.invoke;java/lang/invoke/DirectMethodHandle$Holder.invokeSpecial;org/weakref/nitro/tpcds/jmh_generated/BenchmarkQueries_query88_jmhTest.query88_AverageTime;org/weakref/nitro/tpcds/jmh_generated/BenchmarkQueries_query88_jmhTest.query88_avgt_jmhStub;org/weakref/nitro/tpcds/BenchmarkQueries.query88;org/weakref/nitro/tpcds/BenchmarkQueries.consume;org/weakref/nitro/operator/NestedLoopJoinOperator.next;org/weakref/nitro/operator/NestedLoopJoinOperator.produceBatch;org/weakref/nitro/operator/NestedLoopJoinOperator.loadNextOuterBatch;org/weakref/nitro/operator/NestedLoopJoinOperator.next;org/weakref/nitro/operator/NestedLoopJoinOperator.produceBatch;org/weakref/nitro/operator/NestedLoopJoinOperator.loadNextOuterBatch;org/weakref/nitro/operator/NestedLoopJoinOperator.next;org/weakref/nitro/operator/NestedLoopJoinOperator.produceBatch;org/weakref/nitro/operator/NestedLoopJoinOperator.loadNextOuterBatch;org/weakref/nitro/operator/NestedLoopJoinOperator.next;org/weakref/nitro/operator/NestedLoopJoinOperator.produceBatch;org/weakref/nitro/operator/NestedLoopJoinOperator.loadNextOuterBatch;org/weakref/nitro/operator/NestedLoopJoinOperator.next;org/weakref/nitro/operator/NestedLoopJoinOperator.produceBatch;org/weakref/nitro/operator/NestedLoopJoinOperator.loadNextOuterBatch;org/weakref/nitro/operator/NestedLoopJoinOperator.next;org/weakref/nitro/operator/NestedLoopJoinOperator.produceBatch;org/weakref/nitro/operator/NestedLoopJoinOperator.loadNextOuterBatch;org/weakref/nitro/operator/NestedLoopJoinOperator.next;org/weakref/nitro/operator/NestedLoopJoinOperator.produceBatch;org/weakref/nitro/operator/NestedLoopJoinOperator.loadInnerIfNecessary;org/weakref/nitro/operator/BufferedJoinInput.loadAll;org/weakref/nitro/operator/BufferedJoinInput.loadAll;org/weakref/nitro/operator/BufferedJoinInput.captureSchema;org/weakref/nitro/operator/Output.borrow;org/weakref/nitro/operator/AggregationOperator$$Lambda.0x0000000012110000.apply;org/weakref/nitro/operator/AggregationOperator.lambda$resultOutput$0;org/weakref/nitro/operator/AggregationOperator.doAggregationIfNeeded;org/weakref/nitro/operator/HashJoinOperator.next;org/weakref/nitro/operator/HashJoinOperator.produceBatch;org/weakref/nitro/operator/HashJoinOperator.produceOrdinaryBatch;org/weakref/nitro/operator/HashJoinOperator.loadNextOuterBatch;org/weakref/nitro/operator/HashJoinOperator.next;org/weakref/nitro/operator/HashJoinOperator.produceBatch;org/weakref/nitro/operator/HashJoinOperator.produceOrdinaryBatch;org/weakref/nitro/operator/HashJoinOperator.loadNextOuterBatch;org/weakref/nitro/operator/HashJoinOperator.next;org/weakref/nitro/operator/HashJoinOperator.produceBatch;org/weakref/nitro/operator/HashJoinOperator.produceOrdinaryBatch;org/weakref/nitro/operator/HashJoinOperator.loadNextOuterBatch;org/weakref/nitro/operator/NitroParquetScanOperator.hasNext;org/weakref/nitro/operator/NitroParquetScanOperator.ensureWindow;org/weakref/nitro/operator/NitroParquetScanOperator.decodeFilterWindow;org/weakref/nitro/operator/NitroParquetScanOperator.ensureColumnScratch;org/weakref/nitro/operator/NitroParquetScanOperator.replaceLongs;org/weakref/nitro/data/PrimitiveArrayPool.borrowLongs;long[]_[i] 2
java/lang/Thread.run;java/lang/Thread.runWith;java/util/concurrent/ThreadPoolExecutor$Worker.run;java/util/concurrent/ThreadPoolExecutor.runWorker;java/util/concurrent/FutureTask.run;java/util/concurrent/Executors$RunnableAdapter.call;java/util/concurrent/FutureTask.run;org/openjdk/jmh/runner/BenchmarkHandler$BenchmarkTask.call;org/openjdk/jmh/runner/BenchmarkHandler$BenchmarkTask.call;java/lang/reflect/Method.invoke;jdk/internal/reflect/DirectMethodHandleAccessor.invoke;jdk/internal/reflect/DirectMethodHandleAccessor.invokeImpl;java/lang/invoke/LambdaForm$MH.0x0000000012061400.invokeExact_MT;java/lang/invoke/LambdaForm$MH.0x0000000012061000.invoke;java/lang/invoke/DirectMethodHandle$Holder.invokeSpecial;org/weakref/nitro/tpcds/jmh_generated/BenchmarkQueries_query88_jmhTest.query88_AverageTime;org/weakref/nitro/tpcds/jmh_generated/BenchmarkQueries_query88_jmhTest.query88_avgt_jmhStub;org/weakref/nitro/tpcds/BenchmarkQueries.query88;org/weakref/nitro/tpcds/BenchmarkQueries.consume;org/weakref/nitro/operator/NestedLoopJoinOperator.next;org/weakref/nitro/operator/NestedLoopJoinOperator.produceBatch;org/weakref/nitro/operator/NestedLoopJoinOperator.loadNextOuterBatch;org/weakref/nitro/operator/NestedLoopJoinOperator.next;org/weakref/nitro/operator/NestedLoopJoinOperator.produceBatch;org/weakref/nitro/operator/NestedLoopJoinOperator.loadNextOuterBatch;org/weakref/nitro/operator/NestedLoopJoinOperator.next;org/weakref/nitro/operator/NestedLoopJoinOperator.produceBatch;org/weakref/nitro/operator/NestedLoopJoinOperator.loadNextOuterBatch;org/weakref/nitro/operator/NestedLoopJoinOperator.next;org/weakref/nitro/operator/NestedLoopJoinOperator.produceBatch;org/weakref/nitro/operator/NestedLoopJoinOperator.loadInnerIfNecessary;org/weakref/nitro/operator/BufferedJoinInput.loadAll;org/weakref/nitro/operator/BufferedJoinInput.loadAll;org/weakref/nitro/operator/BufferedJoinInput.captureSchema;org/weakref/nitro/operator/Output.borrow;org/weakref/nitro/operator/AggregationOperator$$Lambda.0x0000000012110000.apply;org/weakref/nitro/operator/AggregationOperator.lambda$resultOutput$0;org/weakref/nitro/operator/AggregationOperator.doAggregationIfNeeded;org/weakref/nitro/operator/HashJoinOperator.next;org/weakref/nitro/operator/HashJoinOperator.produceBatch;org/weakref/nitro/operator/HashJoinOperator.loadInnerIfNecessary;org/weakref/nitro/operator/HashJoinOperator.loadStreamingInner;org/weakref/nitro/operator/HashJoinOperator$LongJoinIndex.<init>;org/weakref/nitro/data/PrimitiveArrayPool.borrowInts;int[]_[i] 1
java/lang/Thread.run;java/lang/Thread.runWith;java/util/concurrent/ThreadPoolExecutor$Worker.run;java/util/concurrent/ThreadPoolExecutor.runWorker;java/util/concurrent/FutureTask.run;java/util/concurrent/Executors$RunnableAdapter.call;java/util/concurrent/FutureTask.run;org/openjdk/jmh/runner/BenchmarkHandler$BenchmarkTask.call;org/openjdk/jmh/runner/BenchmarkHandler$BenchmarkTask.call;java/lang/reflect/Method.invoke;jdk/internal/reflect/DirectMethodHandleAccessor.invoke;jdk/internal/reflect/DirectMethodHandleAccessor.invokeImpl;java/lang/invoke/LambdaForm$MH.0x0000000012061400.invokeExact_MT;java/lang/invoke/LambdaForm$MH.0x0000000012061000.invoke;java/lang/invoke/DirectMethodHandle$Holder.invokeSpecial;org/weakref/nitro/tpcds/jmh_generated/BenchmarkQueries_query88_jmhTest.query88_AverageTime;org/weakref/nitro/tpcds/jmh_generated/BenchmarkQueries_query88_jmhTest.query88_avgt_jmhStub;org/weakref/nitro/tpcds/BenchmarkQueries.query88;org/weakref/nitro/tpcds/TpcdsParquetSupport.query88;org/weakref/nitro/tpcds/TpcdsParquetSupport.query88BucketCount;org/weakref/nitro/tpcds/TpcdsParquetSupport.query88Bucket;org/weakref/nitro/operator/HashJoinOperator.<init>;org/weakref/nitro/operator/HashJoinOperator.<init>;org/weakref/nitro/operator/HashJoinOperator$JoinScratch.<init>;int[]_[i] 1
java/lang/Thread.run;java/lang/Thread.runWith;java/util/concurrent/ThreadPoolExecutor$Worker.run;java/util/concurrent/ThreadPoolExecutor.runWorker;java/util/concurrent/FutureTask.run;java/util/concurrent/Executors$RunnableAdapter.call;java/util/concurrent/FutureTask.run;org/openjdk/jmh/runner/BenchmarkHandler$BenchmarkTask.call;org/openjdk/jmh/runner/BenchmarkHandler$BenchmarkTask.call;java/lang/reflect/Method.invoke;jdk/internal/reflect/DirectMethodHandleAccessor.invoke;jdk/internal/reflect/DirectMethodHandleAccessor.invokeImpl;java/lang/invoke/LambdaForm$MH.0x0000000012061400.invokeExact_MT;java/lang/invoke/LambdaForm$MH.0x0000000012061000.invoke;java/lang/invoke/DirectMethodHandle$Holder.invokeSpecial;org/weakref/nitro/tpcds/jmh_generated/BenchmarkQueries_query88_jmhTest.query88_AverageTime;org/weakref/nitro/tpcds/jmh_generated/BenchmarkQueries_query88_jmhTest.query88_avgt_jmhStub;org/weakref/nitro/tpcds/BenchmarkQueries.query88;org/weakref/nitro/tpcds/TpcdsParquetSupport.query88;org/weakref/nitro/tpcds/TpcdsParquetSupport.query88BucketCount;org/weakref/nitro/tpcds/TpcdsParquetSupport.query88Bucket;org/weakref/nitro/tpcds/TpcdsParquetSupport.factScan;org/weakref/nitro/operator/NitroParquetScanOperator.<init>;java/util/stream/ReferencePipeline.toArray;java/util/stream/AbstractPipeline.evaluateToArrayNode;java/util/stream/AbstractPipeline.evaluate;java/util/stream/AbstractPipeline.wrapAndCopyInto;java/util/stream/AbstractPipeline.copyInto;java/util/AbstractList$RandomAccessSpliterator.forEachRemaining;java/util/stream/ReferencePipeline$3$1.accept;org/weakref/nitro/operator/NitroParquetScanOperator$$Lambda.0x0000000012086b58.apply;org/weakref/nitro/parquet/ParquetFile.open;org/weakref/nitro/parquet/ParquetFile.<init>;org/apache/parquet/format/Util.readFileMetaData;org/apache/parquet/format/Util.readFileMetaData;org/apache/parquet/format/Util.read;org/apache/parquet/format/FileMetaData.read;org/apache/parquet/format/FileMetaData$FileMetaDataStandardScheme.read;org/apache/parquet/format/FileMetaData$FileMetaDataStandardScheme.read;org/apache/parquet/format/RowGroup.read;org/apache/parquet/format/RowGroup$RowGroupStandardScheme.read;org/apache/parquet/format/RowGroup$RowGroupStandardScheme.read;org/apache/parquet/format/ColumnChunk.read;org/apache/parquet/format/ColumnChunk$ColumnChunkStandardScheme.read;org/apache/parquet/format/ColumnChunk$ColumnChunkStandardScheme.read;org/apache/parquet/format/ColumnMetaData.read;org/apache/parquet/format/ColumnMetaData$ColumnMetaDataStandardScheme.read;org/apache/parquet/format/ColumnMetaData$ColumnMetaDataStandardScheme.read;org.apache.parquet.format.PageEncodingStats_[i] 1
java/lang/Thread.run;java/lang/Thread.runWith;java/util/concurrent/ThreadPoolExecutor$Worker.run;java/util/concurrent/ThreadPoolExecutor.runWorker;java/util/concurrent/FutureTask.run;java/util/concurrent/Executors$RunnableAdapter.call;java/util/concurrent/FutureTask.run;org/openjdk/jmh/runner/BenchmarkHandler$BenchmarkTask.call;org/openjdk/jmh/runner/BenchmarkHandler$BenchmarkTask.call;java/lang/reflect/Method.invoke;jdk/internal/reflect/DirectMethodHandleAccessor.invoke;jdk/internal/reflect/DirectMethodHandleAccessor.invokeImpl;java/lang/invoke/LambdaForm$MH.0x0000000012061400.invokeExact_MT;java/lang/invoke/LambdaForm$MH.0x0000000012061000.invoke;java/lang/invoke/DirectMethodHandle$Holder.invokeSpecial;org/weakref/nitro/tpcds/jmh_generated/BenchmarkQueries_query88_jmhTest.query88_AverageTime;org/weakref/nitro/tpcds/jmh_generated/BenchmarkQueries_query88_jmhTest.query88_avgt_jmhStub;org/weakref/nitro/tpcds/BenchmarkQueries.query88;org/weakref/nitro/tpcds/BenchmarkQueries.consume;org/weakref/nitro/operator/NestedLoopJoinOperator.next;org/weakref/nitro/operator/NestedLoopJoinOperator.produceBatch;org/weakref/nitro/operator/NestedLoopJoinOperator.loadInnerIfNecessary;org/weakref/nitro/operator/BufferedJoinInput.loadAll;org/weakref/nitro/operator/BufferedJoinInput.loadAll;org/weakref/nitro/operator/BufferedJoinInput.captureSchema;org/weakref/nitro/operator/Output.borrow;org/weakref/nitro/operator/AggregationOperator$$Lambda.0x0000000012110000.apply;org/weakref/nitro/operator/AggregationOperator.lambda$resultOutput$0;org/weakref/nitro/operator/AggregationOperator.doAggregationIfNeeded;org/weakref/nitro/operator/HashJoinOperator.next;org/weakref/nitro/operator/HashJoinOperator.produceBatch;org/weakref/nitro/operator/HashJoinOperator.produceOrdinaryBatch;org/weakref/nitro/operator/HashJoinOperator.loadNextOuterBatch;org/weakref/nitro/operator/HashJoinOperator.next;org/weakref/nitro/operator/HashJoinOperator.produceBatch;org/weakref/nitro/operator/HashJoinOperator.produceOrdinaryBatch;org/weakref/nitro/operator/HashJoinOperator.loadNextOuterBatch;org/weakref/nitro/operator/HashJoinOperator.next;org/weakref/nitro/operator/HashJoinOperator.produceBatch;org/weakref/nitro/operator/HashJoinOperator.loadInnerIfNecessary;org/weakref/nitro/operator/HashJoinOperator.loadStreamingInner;org/weakref/nitro/operator/FilterOperator.next;org/weakref/nitro/operator/evaluator/PlanEvaluator.evaluateInPlace;org/weakref/nitro/operator/evaluator/PlanEvaluator.evaluateTrueMaskInPlace;org/weakref/nitro/operator/evaluator/PlanEvaluator.evaluateTrueMaskInPlace;org/weakref/nitro/operator/evaluator/PlanEvaluator.evaluateAdaptiveAndTrueMaskInPlace;org/weakref/nitro/operator/evaluator/PlanEvaluator.evaluateMeasuredTrueMaskInPlace;org/weakref/nitro/operator/evaluator/PlanEvaluator.evaluateTrueMaskInPlace;org/weakref/nitro/operator/evaluator/PlanEvaluator.tryEvaluatePrimitiveTrueMaskInPlace;org/weakref/nitro/operator/evaluator/PlanEvaluator.tryEvaluatePrimitiveMaskInPlace;org/weakref/nitro/operator/evaluator/PlanEvaluator.resolveMaskPrimitiveInvocation;org/weakref/nitro/operator/evaluator/PlanEvaluator.evaluateArgument;org/weakref/nitro/operator/FilterOperator$1.resolve;org/weakref/nitro/operator/Output.borrowOrNull;org/weakref/nitro/operator/Output.borrow;org/weakref/nitro/operator/Output.borrow;org/weakref/nitro/operator/NitroParquetScanOperator$ScanOutputResolver$$Lambda.0x00000000120bc200.apply;org/weakref/nitro/operator/NitroParquetScanOperator$ScanOutputResolver.resolve;org/weakref/nitro/operator/NitroParquetScanOperator.resolveLazyColumn;org/weakref/nitro/operator/NitroParquetScanOperator.decodeFullColumn;org/weakref/nitro/parquet/ColumnReader.readInts;org/weakref/nitro/parquet/ColumnReader.decodeNextDataPage;org/weakref/nitro/parquet/ColumnReader.decodeDataPageV1;org/weakref/nitro/parquet/ColumnReader.ensurePageCapacity;org/weakref/nitro/parquet/ColumnReader.ensurePageNullCapacity;org/weakref/nitro/parquet/ColumnReader.replaceBooleans;org/weakref/nitro/data/PrimitiveArrayPool.borrowBooleans;boolean[]_[i] 1
java/lang/Thread.run;java/lang/Thread.runWith;java/util/concurrent/ThreadPoolExecutor$Worker.run;java/util/concurrent/ThreadPoolExecutor.runWorker;java/util/concurrent/FutureTask.run;java/util/concurrent/Executors$RunnableAdapter.call;java/util/concurrent/FutureTask.run;org/openjdk/jmh/runner/BenchmarkHandler$BenchmarkTask.call;org/openjdk/jmh/runner/BenchmarkHandler$BenchmarkTask.call;java/lang/reflect/Method.invoke;jdk/internal/reflect/DirectMethodHandleAccessor.invoke;jdk/internal/reflect/DirectMethodHandleAccessor.invokeImpl;java/lang/invoke/LambdaForm$MH.0x0000000012061400.invokeExact_MT;java/lang/invoke/LambdaForm$MH.0x0000000012061000.invoke;java/lang/invoke/DirectMethodHandle$Holder.invokeSpecial;org/weakref/nitro/tpcds/jmh_generated/BenchmarkQueries_query88_jmhTest.query88_AverageTime;org/weakref/nitro/tpcds/jmh_generated/BenchmarkQueries_query88_jmhTest.query88_avgt_jmhStub;org/weakref/nitro/tpcds/BenchmarkQueries.query88;org/weakref/nitro/tpcds/TpcdsParquetSupport.query88;org/weakref/nitro/tpcds/TpcdsParquetSupport.query88BucketCount;org/weakref/nitro/tpcds/TpcdsParquetSupport.query88Bucket;org/weakref/nitro/tpcds/TpcdsParquetSupport.factScan;org/weakref/nitro/operator/NitroParquetScanOperator.<init>;java/util/stream/ReferencePipeline.toArray;java/util/stream/AbstractPipeline.evaluateToArrayNode;java/util/stream/AbstractPipeline.evaluate;java/util/stream/AbstractPipeline.wrapAndCopyInto;java/util/stream/AbstractPipeline.copyInto;java/util/AbstractList$RandomAccessSpliterator.forEachRemaining;java/util/stream/ReferencePipeline$3$1.accept;org/weakref/nitro/operator/NitroParquetScanOperator$$Lambda.0x0000000012086b58.apply;org/weakref/nitro/parquet/ParquetFile.open;org/weakref/nitro/parquet/ParquetFile.<init>;org/apache/parquet/format/Util.readFileMetaData;org/apache/parquet/format/Util.readFileMetaData;org/apache/parquet/format/Util.read;org/apache/parquet/format/FileMetaData.read;org/apache/parquet/format/FileMetaData$FileMetaDataStandardScheme.read;org/apache/parquet/format/FileMetaData$FileMetaDataStandardScheme.read;org/apache/parquet/format/RowGroup.read;org/apache/parquet/format/RowGroup$RowGroupStandardScheme.read;org/apache/parquet/format/RowGroup$RowGroupStandardScheme.read;org/apache/parquet/format/ColumnChunk.read;org/apache/parquet/format/ColumnChunk$ColumnChunkStandardScheme.read;org/apache/parquet/format/ColumnChunk$ColumnChunkStandardScheme.read;org/apache/parquet/format/ColumnMetaData.read;org/apache/parquet/format/ColumnMetaData$ColumnMetaDataStandardScheme.read;org/apache/parquet/format/ColumnMetaData$ColumnMetaDataStandardScheme.read;org/apache/parquet/format/InterningProtocol.readListBegin;shaded/parquet/org/apache/thrift/protocol/TCompactProtocol.readListBegin;shaded.parquet.org.apache.thrift.protocol.TList_[i] 1
java/lang/Thread.run;java/lang/Thread.runWith;java/util/concurrent/ThreadPoolExecutor$Worker.run;java/util/concurrent/ThreadPoolExecutor.runWorker;java/util/concurrent/FutureTask.run;java/util/concurrent/Executors$RunnableAdapter.call;java/util/concurrent/FutureTask.run;org/openjdk/jmh/runner/BenchmarkHandler$BenchmarkTask.call;org/openjdk/jmh/runner/BenchmarkHandler$BenchmarkTask.call;java/lang/reflect/Method.invoke;jdk/internal/reflect/DirectMethodHandleAccessor.invoke;jdk/internal/reflect/DirectMethodHandleAccessor.invokeImpl;java/lang/invoke/LambdaForm$MH.0x0000000012061400.invokeExact_MT;java/lang/invoke/LambdaForm$MH.0x0000000012061000.invoke;java/lang/invoke/DirectMethodHandle$Holder.invokeSpecial;org/weakref/nitro/tpcds/jmh_generated/BenchmarkQueries_query88_jmhTest.query88_AverageTime;org/weakref/nitro/tpcds/jmh_generated/BenchmarkQueries_query88_jmhTest.query88_avgt_jmhStub;org/weakref/nitro/tpcds/BenchmarkQueries.query88;org/weakref/nitro/tpcds/BenchmarkQueries.consume;org/weakref/nitro/operator/NestedLoopJoinOperator.next;org/weakref/nitro/operator/NestedLoopJoinOperator.produceBatch;org/weakref/nitro/operator/NestedLoopJoinOperator.loadNextOuterBatch;org/weakref/nitro/operator/NestedLoopJoinOperator.next;org/weakref/nitro/operator/NestedLoopJoinOperator.produceBatch;org/weakref/nitro/operator/NestedLoopJoinOperator.loadNextOuterBatch;org/weakref/nitro/operator/NestedLoopJoinOperator.next;org/weakref/nitro/operator/NestedLoopJoinOperator.produceBatch;org/weakref/nitro/operator/NestedLoopJoinOperator.loadNextOuterBatch;org/weakref/nitro/operator/NestedLoopJoinOperator.next;org/weakref/nitro/operator/NestedLoopJoinOperator.produceBatch;org/weakref/nitro/operator/NestedLoopJoinOperator.loadNextOuterBatch;org/weakref/nitro/operator/NestedLoopJoinOperator.next;org/weakref/nitro/operator/NestedLoopJoinOperator.produceBatch;org/weakref/nitro/operator/NestedLoopJoinOperator.loadNextOuterBatch;org/weakref/nitro/operator/NestedLoopJoinOperator.next;org/weakref/nitro/operator/NestedLoopJoinOperator.produceBatch;org/weakref/nitro/operator/NestedLoopJoinOperator.loadNextOuterBatch;org/weakref/nitro/operator/NestedLoopJoinOperator.next;org/weakref/nitro/operator/NestedLoopJoinOperator.produceBatch;org/weakref/nitro/operator/NestedLoopJoinOperator.loadInnerIfNecessary;org/weakref/nitro/operator/BufferedJoinInput.loadAll;org/weakref/nitro/operator/BufferedJoinInput.loadAll;org/weakref/nitro/operator/BufferedJoinInput.captureSchema;org/weakref/nitro/operator/Output.borrow;org/weakref/nitro/operator/AggregationOperator$$Lambda.0x0000000012110000.apply;org/weakref/nitro/operator/AggregationOperator.lambda$resultOutput$0;org/weakref/nitro/operator/AggregationOperator.doAggregationIfNeeded;org/weakref/nitro/operator/HashJoinOperator.next;org/weakref/nitro/operator/HashJoinOperator.produceBatch;org/weakref/nitro/operator/HashJoinOperator.loadInnerIfNecessary;org/weakref/nitro/operator/HashJoinOperator.loadStreamingInner;org/weakref/nitro/operator/FilterOperator.next;org/weakref/nitro/operator/evaluator/PlanEvaluator.evaluateInPlace;org/weakref/nitro/operator/evaluator/PlanEvaluator.evaluateTrueMaskInPlace;org/weakref/nitro/operator/evaluator/PlanEvaluator.tryEvaluatePrimitiveTrueMaskInPlace;org/weakref/nitro/operator/evaluator/PlanEvaluator.tryEvaluatePrimitiveMaskInPlace;org/weakref/nitro/function/scalar/builtin/EqualUtf8.tryEvaluateTrueMaskInPlace;org/weakref/nitro/function/scalar/builtin/Utf8BinaryDispatch.tryEvaluateEqualsTrueMaskInPlace;org/weakref/nitro/function/scalar/builtin/Utf8BinaryDispatch.tryEvaluateEqualsMaskInPlace;org/weakref/nitro/function/scalar/builtin/Utf8BinaryDispatch.tryEvaluateInSetMaskInPlace;org/weakref/nitro/data/Mask.retainDictionaryIdComparison;org/weakref/nitro/data/Mask.positionsArray;org/weakref/nitro/data/Mask.ensureCapacity;java/util/Arrays.copyOf;int[]_[i] 1
java/lang/Thread.run;java/lang/Thread.runWith;java/util/concurrent/ThreadPoolExecutor$Worker.run;java/util/concurrent/ThreadPoolExecutor.runWorker;java/util/concurrent/FutureTask.run;java/util/concurrent/Executors$RunnableAdapter.call;java/util/concurrent/FutureTask.run;org/openjdk/jmh/runner/BenchmarkHandler$BenchmarkTask.call;org/openjdk/jmh/runner/BenchmarkHandler$BenchmarkTask.call;java/lang/reflect/Method.invoke;jdk/internal/reflect/DirectMethodHandleAccessor.invoke;jdk/internal/reflect/DirectMethodHandleAccessor.invokeImpl;java/lang/invoke/LambdaForm$MH.0x0000000012061400.invokeExact_MT;java/lang/invoke/LambdaForm$MH.0x0000000012061000.invoke;java/lang/invoke/DirectMethodHandle$Holder.invokeSpecial;org/weakref/nitro/tpcds/jmh_generated/BenchmarkQueries_query88_jmhTest.query88_AverageTime;org/weakref/nitro/tpcds/jmh_generated/BenchmarkQueries_query88_jmhTest.query88_avgt_jmhStub;org/weakref/nitro/tpcds/BenchmarkQueries.query88;org/weakref/nitro/tpcds/TpcdsParquetSupport.query88;org/weakref/nitro/tpcds/TpcdsParquetSupport.query88BucketCount;org/weakref/nitro/tpcds/TpcdsParquetSupport.query88Bucket;org/weakref/nitro/operator/HashJoinOperator.<init>;org/weakref/nitro/operator/HashJoinOperator.<init>;org/weakref/nitro/operator/HashJoinOperator$JoinScratch.<init>;int[]_[i] 1
java/lang/Thread.run;java/lang/Thread.runWith;java/util/concurrent/ThreadPoolExecutor$Worker.run;java/util/concurrent/ThreadPoolExecutor.runWorker;java/util/concurrent/FutureTask.run;java/util/concurrent/Executors$RunnableAdapter.call;java/util/concurrent/FutureTask.run;org/openjdk/jmh/runner/BenchmarkHandler$BenchmarkTask.call;org/openjdk/jmh/runner/BenchmarkHandler$BenchmarkTask.call;java/lang/reflect/Method.invoke;jdk/internal/reflect/DirectMethodHandleAccessor.invoke;jdk/internal/reflect/DirectMethodHandleAccessor.invokeImpl;java/lang/invoke/LambdaForm$MH.0x0000000012061400.invokeExact_MT;java/lang/invoke/LambdaForm$MH.0x0000000012061000.invoke;java/lang/invoke/DirectMethodHandle$Holder.invokeSpecial;org/weakref/nitro/tpcds/jmh_generated/BenchmarkQueries_query88_jmhTest.query88_AverageTime;org/weakref/nitro/tpcds/jmh_generated/BenchmarkQueries_query88_jmhTest.query88_avgt_jmhStub;org/weakref/nitro/tpcds/BenchmarkQueries.query88;org/weakref/nitro/tpcds/BenchmarkQueries.consume;org/weakref/nitro/operator/NestedLoopJoinOperator.next;org/weakref/nitro/operator/NestedLoopJoinOperator.produceBatch;org/weakref/nitro/operator/NestedLoopJoinOperator.loadNextOuterBatch;org/weakref/nitro/operator/NestedLoopJoinOperator.next;org/weakref/nitro/operator/NestedLoopJoinOperator.produceBatch;org/weakref/nitro/operator/NestedLoopJoinOperator.loadInnerIfNecessary;org/weakref/nitro/operator/BufferedJoinInput.loadAll;org/weakref/nitro/operator/BufferedJoinInput.loadAll;org/weakref/nitro/operator/BufferedJoinInput.captureSchema;org/weakref/nitro/operator/Output.borrow;org/weakref/nitro/operator/AggregationOperator$$Lambda.0x0000000012110000.apply;org/weakref/nitro/operator/AggregationOperator.lambda$resultOutput$0;org/weakref/nitro/operator/AggregationOperator.doAggregationIfNeeded;org/weakref/nitro/operator/HashJoinOperator.next;org/weakref/nitro/operator/HashJoinOperator.produceBatch;org/weakref/nitro/operator/HashJoinOperator.produceOrdinaryBatch;org/weakref/nitro/operator/HashJoinOperator.loadNextOuterBatch;org/weakref/nitro/operator/HashJoinOperator.next;org/weakref/nitro/operator/HashJoinOperator.produceBatch;org/weakref/nitro/operator/HashJoinOperator.produceOrdinaryBatch;org/weakref/nitro/operator/HashJoinOperator.loadNextOuterBatch;org/weakref/nitro/operator/HashJoinOperator.next;org/weakref/nitro/operator/HashJoinOperator.produceBatch;org/weakref/nitro/operator/HashJoinOperator.produceOrdinaryBatch;org/weakref/nitro/operator/HashJoinOperator.loadNextOuterBatch;org/weakref/nitro/operator/NitroParquetScanOperator.hasNext;org/weakref/nitro/operator/NitroParquetScanOperator.ensureWindow;org/weakref/nitro/operator/NitroParquetScanOperator.decodeFilterWindow;org/weakref/nitro/operator/NitroParquetScanOperator.readColumnInto;org/weakref/nitro/parquet/ColumnReader.readSelectedLongs;org/weakref/nitro/parquet/ColumnReader.acquirePageForSkip;org/weakref/nitro/parquet/ColumnReader.peekNextDataPage;org/weakref/nitro/parquet/ColumnReader.decodeDictionary;org/weakref/nitro/parquet/ColumnReader.replaceLongs;org/weakref/nitro/data/PrimitiveArrayPool.borrowLongs;long[]_[i] 1
java/lang/Thread.run;java/lang/Thread.runWith;java/util/concurrent/ThreadPoolExecutor$Worker.run;java/util/concurrent/ThreadPoolExecutor.runWorker;java/util/concurrent/FutureTask.run;java/util/concurrent/Executors$RunnableAdapter.call;java/util/concurrent/FutureTask.run;org/openjdk/jmh/runner/BenchmarkHandler$BenchmarkTask.call;org/openjdk/jmh/runner/BenchmarkHandler$BenchmarkTask.call;java/lang/reflect/Method.invoke;jdk/internal/reflect/DirectMethodHandleAccessor.invoke;jdk/internal/reflect/DirectMethodHandleAccessor.invokeImpl;java/lang/invoke/LambdaForm$MH.0x0000000012061400.invokeExact_MT;java/lang/invoke/LambdaForm$MH.0x0000000012061000.invoke;java/lang/invoke/DirectMethodHandle$Holder.invokeSpecial;org/weakref/nitro/tpcds/jmh_generated/BenchmarkQueries_query88_jmhTest.query88_AverageTime;org/weakref/nitro/tpcds/jmh_generated/BenchmarkQueries_query88_jmhTest.query88_avgt_jmhStub;org/weakref/nitro/tpcds/BenchmarkQueries.query88;org/weakref/nitro/tpcds/BenchmarkQueries.consume;org/weakref/nitro/operator/NestedLoopJoinOperator.next;org/weakref/nitro/operator/NestedLoopJoinOperator.produceBatch;org/weakref/nitro/operator/NestedLoopJoinOperator.loadNextOuterBatch;org/weakref/nitro/operator/NestedLoopJoinOperator.next;org/weakref/nitro/operator/NestedLoopJoinOperator.produceBatch;org/weakref/nitro/operator/NestedLoopJoinOperator.loadNextOuterBatch;org/weakref/nitro/operator/NestedLoopJoinOperator.next;org/weakref/nitro/operator/NestedLoopJoinOperator.produceBatch;org/weakref/nitro/operator/NestedLoopJoinOperator.loadNextOuterBatch;org/weakref/nitro/operator/NestedLoopJoinOperator.next;org/weakref/nitro/operator/NestedLoopJoinOperator.produceBatch;org/weakref/nitro/operator/NestedLoopJoinOperator.loadInnerIfNecessary;org/weakref/nitro/operator/BufferedJoinInput.loadAll;org/weakref/nitro/operator/BufferedJoinInput.loadAll;org/weakref/nitro/operator/BufferedJoinInput.captureSchema;org/weakref/nitro/operator/Output.borrow;org/weakref/nitro/operator/AggregationOperator$$Lambda.0x0000000012110000.apply;org/weakref/nitro/operator/AggregationOperator.lambda$resultOutput$0;org/weakref/nitro/operator/AggregationOperator.doAggregationIfNeeded;org/weakref/nitro/operator/HashJoinOperator.next;org/weakref/nitro/operator/HashJoinOperator.produceBatch;org/weakref/nitro/operator/HashJoinOperator.produceOrdinaryBatch;org/weakref/nitro/operator/HashJoinOperator.loadNextOuterBatch;org/weakref/nitro/operator/HashJoinOperator.next;org/weakref/nitro/operator/HashJoinOperator.produceBatch;org/weakref/nitro/operator/HashJoinOperator.produceOrdinaryBatch;org/weakref/nitro/operator/HashJoinOperator.loadNextOuterBatch;org/weakref/nitro/operator/HashJoinOperator.next;org/weakref/nitro/operator/HashJoinOperator.produceBatch;org/weakref/nitro/operator/HashJoinOperator.loadInnerIfNecessary;org/weakref/nitro/operator/HashJoinOperator.loadStreamingInner;org/weakref/nitro/operator/FilterOperator.next;org/weakref/nitro/operator/evaluator/PlanEvaluator.evaluateInPlace;org/weakref/nitro/operator/evaluator/PlanEvaluator.evaluateTrueMaskInPlace;org/weakref/nitro/operator/evaluator/PlanEvaluator.evaluateTrueMaskInPlace;org/weakref/nitro/operator/evaluator/PlanEvaluator.evaluateAdaptiveAndTrueMaskInPlace;org/weakref/nitro/operator/evaluator/PlanEvaluator.evaluateMeasuredTrueMaskInPlace;org/weakref/nitro/operator/evaluator/PlanEvaluator.evaluateTrueMaskInPlace;org/weakref/nitro/operator/evaluator/PlanEvaluator.tryEvaluatePrimitiveTrueMaskInPlace;org/weakref/nitro/operator/evaluator/PlanEvaluator.tryEvaluatePrimitiveMaskInPlace;org/weakref/nitro/operator/evaluator/PlanEvaluator.resolveMaskPrimitiveInvocation;org/weakref/nitro/operator/evaluator/PlanEvaluator.evaluateArgument;org/weakref/nitro/operator/FilterOperator$1.resolve;org/weakref/nitro/operator/Output.borrowOrNull;org/weakref/nitro/operator/Output.borrow;org/weakref/nitro/operator/Output.borrow;org/weakref/nitro/operator/NitroParquetScanOperator$ScanOutputResolver$$Lambda.0x00000000120bc200.apply;org/weakref/nitro/operator/NitroParquetScanOperator$ScanOutputResolver.resolve;org/weakref/nitro/operator/NitroParquetScanOperator.resolveLazyColumn;org/weakref/nitro/operator/NitroParquetScanOperator.decodeFullColumn;org/weakref/nitro/parquet/ColumnReader.readInts;org/weakref/nitro/parquet/ColumnReader.decodeNextDataPage;org/weakref/nitro/parquet/ColumnReader.decodeDataPageV1;org/weakref/nitro/parquet/ColumnReader.ensurePageCapacity;org/weakref/nitro/parquet/ColumnReader.ensurePageValueCapacity;org/weakref/nitro/parquet/ColumnReader.replaceInts;org/weakref/nitro/data/PrimitiveArrayPool.borrowInts;int[]_[i] 1
java/lang/Thread.run;java/lang/Thread.runWith;java/util/concurrent/ThreadPoolExecutor$Worker.run;java/util/concurrent/ThreadPoolExecutor.runWorker;java/util/concurrent/FutureTask.run;java/util/concurrent/Executors$RunnableAdapter.call;java/util/concurrent/FutureTask.run;org/openjdk/jmh/runner/BenchmarkHandler$BenchmarkTask.call;org/openjdk/jmh/runner/BenchmarkHandler$BenchmarkTask.call;java/lang/reflect/Method.invoke;jdk/internal/reflect/DirectMethodHandleAccessor.invoke;jdk/internal/reflect/DirectMethodHandleAccessor.invokeImpl;java/lang/invoke/LambdaForm$MH.0x0000000012061400.invokeExact_MT;java/lang/invoke/LambdaForm$MH.0x0000000012061000.invoke;java/lang/invoke/DirectMethodHandle$Holder.invokeSpecial;org/weakref/nitro/tpcds/jmh_generated/BenchmarkQueries_query88_jmhTest.query88_AverageTime;org/weakref/nitro/tpcds/jmh_generated/BenchmarkQueries_query88_jmhTest.query88_avgt_jmhStub;org/weakref/nitro/tpcds/BenchmarkQueries.query88;org/weakref/nitro/tpcds/BenchmarkQueries.consume;org/weakref/nitro/operator/NestedLoopJoinOperator.next;org/weakref/nitro/operator/NestedLoopJoinOperator.produceBatch;org/weakref/nitro/operator/NestedLoopJoinOperator.loadInnerIfNecessary;org/weakref/nitro/operator/BufferedJoinInput.loadAll;org/weakref/nitro/operator/BufferedJoinInput.loadAll;org/weakref/nitro/operator/BufferedJoinInput.captureSchema;org/weakref/nitro/operator/Output.borrow;org/weakref/nitro/operator/AggregationOperator$$Lambda.0x0000000012110000.apply;org/weakref/nitro/operator/AggregationOperator.lambda$resultOutput$0;org/weakref/nitro/operator/AggregationOperator.doAggregationIfNeeded;org/weakref/nitro/operator/HashJoinOperator.next;org/weakref/nitro/operator/HashJoinOperator.produceBatch;org/weakref/nitro/operator/HashJoinOperator.produceOrdinaryBatch;org/weakref/nitro/operator/HashJoinOperator.loadNextOuterBatch;org/weakref/nitro/operator/HashJoinOperator.next;org/weakref/nitro/operator/HashJoinOperator.produceBatch;org/weakref/nitro/operator/HashJoinOperator.loadInnerIfNecessary;org/weakref/nitro/operator/HashJoinOperator.loadStreamingInner;org/weakref/nitro/operator/FilterOperator.next;org/weakref/nitro/operator/evaluator/PlanEvaluator.evaluateInPlace;org/weakref/nitro/operator/evaluator/PlanEvaluator.evaluateTrueMaskInPlace;org/weakref/nitro/operator/evaluator/PlanEvaluator.evaluateTrueMaskInPlace;org/weakref/nitro/operator/evaluator/PlanEvaluator.evaluateAdaptiveAndTrueMaskInPlace;org/weakref/nitro/operator/evaluator/PlanEvaluator.evaluateMeasuredTrueMaskInPlace;org/weakref/nitro/operator/evaluator/PlanEvaluator.evaluateTrueMaskInPlace;org/weakref/nitro/operator/evaluator/PlanEvaluator.evaluateAdaptiveOrTrueMask;org/weakref/nitro/operator/evaluator/PlanEvaluator.evaluateMeasuredTrueMask;org/weakref/nitro/operator/evaluator/PlanEvaluator.evaluateTrueMaskWithoutReordering;org/weakref/nitro/operator/evaluator/PlanEvaluator.evaluateAdaptiveOrTrueMask;org/weakref/nitro/operator/evaluator/PlanEvaluator.evaluateMeasuredTrueMask;org/weakref/nitro/operator/evaluator/PlanEvaluator.evaluateTrueMaskWithoutReordering;org/weakref/nitro/operator/evaluator/PlanEvaluator.evaluateTrueReferenceMask;org/weakref/nitro/operator/evaluator/PlanEvaluator.tryEvaluatePrimitiveTrueMask;org/weakref/nitro/operator/evaluator/PlanEvaluator.tryEvaluatePrimitiveMask;org/weakref/nitro/operator/evaluator/PlanEvaluator.resolveMaskPrimitiveInvocation;org/weakref/nitro/operator/evaluator/PlanEvaluator.evaluateArgument;org/weakref/nitro/operator/evaluator/PlanEvaluator.evaluateAvailableReference;org/weakref/nitro/operator/evaluator/PlanEvaluator.evaluate;org/weakref/nitro/operator/evaluator/PlanEvaluator.evaluateUnmemoized;org/weakref/nitro/operator/evaluator/PlanEvaluator.evaluateVariable;org/weakref/nitro/operator/evaluator/PlanEvaluator.evaluateLiteral;org/weakref/nitro/operator/evaluator/PlanEvaluator.fillLongRle;org/weakref/nitro/data/Allocator.allocate;org/weakref/nitro/data/Allocator.allocatePooled;org/weakref/nitro/data/Allocator$ContextState.borrowVector;org/weakref/nitro/data/PrimitiveArrayPool.borrow;org.weakref.nitro.data.PrimitiveArrayPool$Key_[i] 1
java/lang/Thread.run;java/lang/Thread.runWith;java/util/concurrent/ThreadPoolExecutor$Worker.run;java/util/concurrent/ThreadPoolExecutor.runWorker;java/util/concurrent/FutureTask.run;java/util/concurrent/Executors$RunnableAdapter.call;java/util/concurrent/FutureTask.run;org/openjdk/jmh/runner/BenchmarkHandler$BenchmarkTask.call;org/openjdk/jmh/runner/BenchmarkHandler$BenchmarkTask.call;java/lang/reflect/Method.invoke;jdk/internal/reflect/DirectMethodHandleAccessor.invoke;jdk/internal/reflect/DirectMethodHandleAccessor.invokeImpl;java/lang/invoke/LambdaForm$MH.0x0000000012061400.invokeExact_MT;java/lang/invoke/LambdaForm$MH.0x0000000012061000.invoke;java/lang/invoke/DirectMethodHandle$Holder.invokeSpecial;org/weakref/nitro/tpcds/jmh_generated/BenchmarkQueries_query88_jmhTest.query88_AverageTime;org/weakref/nitro/tpcds/jmh_generated/BenchmarkQueries_query88_jmhTest.query88_avgt_jmhStub;org/weakref/nitro/tpcds/BenchmarkQueries.query88;org/weakref/nitro/tpcds/BenchmarkQueries.consume;org/weakref/nitro/operator/NestedLoopJoinOperator.next;org/weakref/nitro/operator/NestedLoopJoinOperator.produceBatch;org/weakref/nitro/operator/NestedLoopJoinOperator.loadNextOuterBatch;org/weakref/nitro/operator/NestedLoopJoinOperator.next;org/weakref/nitro/operator/NestedLoopJoinOperator.produceBatch;org/weakref/nitro/operator/NestedLoopJoinOperator.loadNextOuterBatch;org/weakref/nitro/operator/NestedLoopJoinOperator.next;org/weakref/nitro/operator/NestedLoopJoinOperator.produceBatch;org/weakref/nitro/operator/NestedLoopJoinOperator.loadInnerIfNecessary;org/weakref/nitro/operator/BufferedJoinInput.loadAll;org/weakref/nitro/operator/BufferedJoinInput.loadAll;org/weakref/nitro/operator/BufferedJoinInput.captureSchema;org/weakref/nitro/operator/Output.borrow;org/weakref/nitro/operator/AggregationOperator$$Lambda.0x0000000012110000.apply;org/weakref/nitro/operator/AggregationOperator.lambda$resultOutput$0;org/weakref/nitro/operator/AggregationOperator.doAggregationIfNeeded;org/weakref/nitro/operator/HashJoinOperator.next;org/weakref/nitro/operator/HashJoinOperator.produceBatch;org/weakref/nitro/operator/HashJoinOperator.produceOrdinaryBatch;org/weakref/nitro/operator/HashJoinOperator.loadNextOuterBatch;org/weakref/nitro/operator/HashJoinOperator.next;org/weakref/nitro/operator/HashJoinOperator.produceBatch;org/weakref/nitro/operator/HashJoinOperator.loadInnerIfNecessary;org/weakref/nitro/operator/HashJoinOperator.loadStreamingInner;org/weakref/nitro/operator/FilterOperator.next;org/weakref/nitro/operator/evaluator/PlanEvaluator.evaluateInPlace;org/weakref/nitro/operator/evaluator/PlanEvaluator.evaluateTrueMaskInPlace;org/weakref/nitro/operator/evaluator/PlanEvaluator.evaluateTrueMaskInPlace;org/weakref/nitro/operator/evaluator/PlanEvaluator.evaluateAdaptiveAndTrueMaskInPlace;org/weakref/nitro/operator/evaluator/PlanEvaluator.evaluateMeasuredTrueMaskInPlace;org/weakref/nitro/operator/evaluator/PlanEvaluator.evaluateTrueMaskInPlace;org/weakref/nitro/operator/evaluator/PlanEvaluator.evaluateAdaptiveOrTrueMask;org/weakref/nitro/operator/evaluator/PlanEvaluator.evaluateMeasuredTrueMask;org/weakref/nitro/operator/evaluator/PlanEvaluator.evaluateTrueMaskWithoutReordering;org/weakref/nitro/operator/evaluator/PlanEvaluator.evaluateAdaptiveOrTrueMask;org/weakref/nitro/operator/evaluator/PlanEvaluator.evaluateMeasuredTrueMask;org/weakref/nitro/operator/evaluator/PlanEvaluator.evaluateTrueMaskWithoutReordering;org/weakref/nitro/operator/evaluator/PlanEvaluator.evaluateTrueReferenceMask;org/weakref/nitro/operator/evaluator/PlanEvaluator.tryEvaluatePrimitiveTrueMask;org/weakref/nitro/operator/evaluator/PlanEvaluator.tryEvaluatePrimitiveMask;org/weakref/nitro/operator/evaluator/PlanEvaluator.resolveMaskPrimitiveInvocation;org/weakref/nitro/operator/evaluator/PlanEvaluator.evaluateArgument;org/weakref/nitro/operator/FilterOperator$1.resolve;org/weakref/nitro/operator/Output.borrowOrNull;org/weakref/nitro/operator/Output.borrow;org/weakref/nitro/operator/Output.borrow;org/weakref/nitro/operator/NitroParquetScanOperator$ScanOutputResolver$$Lambda.0x00000000120bc200.apply;org/weakref/nitro/operator/NitroParquetScanOperator$ScanOutputResolver.resolve;org/weakref/nitro/operator/NitroParquetScanOperator.resolveLazyColumn;org/weakref/nitro/operator/NitroParquetScanOperator.decodeFullColumn;org/weakref/nitro/parquet/ColumnReader.readInts;org/weakref/nitro/parquet/ColumnReader.decodeNextDataPage;org/weakref/nitro/parquet/ColumnReader.decodeDataPageV1;org/weakref/nitro/parquet/ColumnReader.ensureIdCapacity;org/weakref/nitro/parquet/ColumnReader.replaceInts;org/weakref/nitro/data/PrimitiveArrayPool.borrowInts;int[]_[i] 1
java/lang/Thread.run;java/lang/Thread.runWith;java/util/concurrent/ThreadPoolExecutor$Worker.run;java/util/concurrent/ThreadPoolExecutor.runWorker;java/util/concurrent/FutureTask.run;java/util/concurrent/Executors$RunnableAdapter.call;java/util/concurrent/FutureTask.run;org/openjdk/jmh/runner/BenchmarkHandler$BenchmarkTask.call;org/openjdk/jmh/runner/BenchmarkHandler$BenchmarkTask.call;java/lang/reflect/Method.invoke;jdk/internal/reflect/DirectMethodHandleAccessor.invoke;jdk/internal/reflect/DirectMethodHandleAccessor.invokeImpl;java/lang/invoke/LambdaForm$MH.0x0000000012061400.invokeExact_MT;java/lang/invoke/LambdaForm$MH.0x0000000012061000.invoke;java/lang/invoke/DirectMethodHandle$Holder.invokeSpecial;org/weakref/nitro/tpcds/jmh_generated/BenchmarkQueries_query88_jmhTest.query88_AverageTime;org/weakref/nitro/tpcds/jmh_generated/BenchmarkQueries_query88_jmhTest.query88_avgt_jmhStub;org/weakref/nitro/tpcds/BenchmarkQueries.query88;org/weakref/nitro/tpcds/BenchmarkQueries.consume;org/weakref/nitro/operator/NestedLoopJoinOperator.next;org/weakref/nitro/operator/NestedLoopJoinOperator.produceBatch;org/weakref/nitro/operator/NestedLoopJoinOperator.loadNextOuterBatch;org/weakref/nitro/operator/NestedLoopJoinOperator.next;org/weakref/nitro/operator/NestedLoopJoinOperator.produceBatch;org/weakref/nitro/operator/NestedLoopJoinOperator.loadNextOuterBatch;org/weakref/nitro/operator/NestedLoopJoinOperator.next;org/weakref/nitro/operator/NestedLoopJoinOperator.produceBatch;org/weakref/nitro/operator/NestedLoopJoinOperator.loadNextOuterBatch;org/weakref/nitro/operator/NestedLoopJoinOperator.next;org/weakref/nitro/operator/NestedLoopJoinOperator.produceBatch;org/weakref/nitro/operator/NestedLoopJoinOperator.loadNextOuterBatch;org/weakref/nitro/operator/NestedLoopJoinOperator.next;org/weakref/nitro/operator/NestedLoopJoinOperator.produceBatch;org/weakref/nitro/operator/NestedLoopJoinOperator.loadInnerIfNecessary;org/weakref/nitro/operator/BufferedJoinInput.loadAll;org/weakref/nitro/operator/BufferedJoinInput.loadAll;org/weakref/nitro/operator/BufferedJoinInput.captureSchema;org/weakref/nitro/operator/Output.borrow;org/weakref/nitro/operator/AggregationOperator$$Lambda.0x0000000012110000.apply;org/weakref/nitro/operator/AggregationOperator.lambda$resultOutput$0;org/weakref/nitro/operator/AggregationOperator.doAggregationIfNeeded;org/weakref/nitro/operator/HashJoinOperator.next;org/weakref/nitro/operator/HashJoinOperator.produceBatch;org/weakref/nitro/operator/HashJoinOperator.produceOrdinaryBatch;org/weakref/nitro/operator/HashJoinOperator.loadNextOuterBatch;org/weakref/nitro/operator/HashJoinOperator.next;org/weakref/nitro/operator/HashJoinOperator.produceBatch;org/weakref/nitro/operator/HashJoinOperator.loadInnerIfNecessary;org/weakref/nitro/operator/HashJoinOperator.loadStreamingInner;org/weakref/nitro/operator/FilterOperator.next;org/weakref/nitro/operator/evaluator/PlanEvaluator.evaluateInPlace;org/weakref/nitro/operator/evaluator/PlanEvaluator.evaluateTrueMaskInPlace;org/weakref/nitro/operator/evaluator/PlanEvaluator.evaluateTrueMaskInPlace;org/weakref/nitro/operator/evaluator/PlanEvaluator.evaluateAdaptiveAndTrueMaskInPlace;org/weakref/nitro/operator/evaluator/PlanEvaluator.evaluateMeasuredTrueMaskInPlace;org/weakref/nitro/operator/evaluator/PlanEvaluator.evaluateTrueMaskInPlace;org/weakref/nitro/operator/evaluator/PlanEvaluator.evaluateAdaptiveOrTrueMask;org/weakref/nitro/operator/evaluator/PlanEvaluator.evaluateMeasuredTrueMask;org/weakref/nitro/operator/evaluator/PlanEvaluator.evaluateTrueMaskWithoutReordering;org/weakref/nitro/operator/evaluator/PlanEvaluator.evaluateAdaptiveOrTrueMask;org/weakref/nitro/operator/evaluator/PlanEvaluator.evaluateMeasuredTrueMask;org/weakref/nitro/operator/evaluator/PlanEvaluator.evaluateTrueMaskWithoutReordering;org/weakref/nitro/operator/evaluator/PlanEvaluator.evaluateTrueReferenceMask;org/weakref/nitro/operator/evaluator/PlanEvaluator.tryEvaluatePrimitiveTrueMask;org/weakref/nitro/operator/evaluator/PlanEvaluator.tryEvaluatePrimitiveMask;org/weakref/nitro/operator/evaluator/PlanEvaluator.resolveMaskPrimitiveInvocation;org/weakref/nitro/operator/evaluator/PlanEvaluator.evaluateArgument;org/weakref/nitro/operator/FilterOperator$1.resolve;org/weakref/nitro/operator/Output.borrowOrNull;org/weakref/nitro/operator/Output.borrow;org/weakref/nitro/operator/Output.borrow;org/weakref/nitro/operator/NitroParquetScanOperator$ScanOutputResolver$$Lambda.0x00000000120bc200.apply;org/weakref/nitro/operator/NitroParquetScanOperator$ScanOutputResolver.resolve;org/weakref/nitro/operator/NitroParquetScanOperator.resolveLazyColumn;org/weakref/nitro/operator/NitroParquetScanOperator.decodeFullColumn;org/weakref/nitro/parquet/ColumnReader.readInts;org/weakref/nitro/parquet/ColumnReader.decodeNextDataPage;org/weakref/nitro/parquet/ColumnReader.decodeDataPageV1;org/weakref/nitro/parquet/ColumnReader.ensurePageCapacity;org/weakref/nitro/parquet/ColumnReader.ensurePageNullCapacity;org/weakref/nitro/parquet/ColumnReader.replaceBooleans;org/weakref/nitro/data/PrimitiveArrayPool.borrowBooleans;boolean[]_[i] 1
java/lang/Thread.run;java/lang/Thread.runWith;java/util/concurrent/ThreadPoolExecutor$Worker.run;java/util/concurrent/ThreadPoolExecutor.runWorker;java/util/concurrent/FutureTask.run;java/util/concurrent/Executors$RunnableAdapter.call;java/util/concurrent/FutureTask.run;org/openjdk/jmh/runner/BenchmarkHandler$BenchmarkTask.call;org/openjdk/jmh/runner/BenchmarkHandler$BenchmarkTask.call;java/lang/reflect/Method.invoke;jdk/internal/reflect/DirectMethodHandleAccessor.invoke;jdk/internal/reflect/DirectMethodHandleAccessor.invokeImpl;java/lang/invoke/LambdaForm$MH.0x0000000012061400.invokeExact_MT;java/lang/invoke/LambdaForm$MH.0x0000000012061000.invoke;java/lang/invoke/DirectMethodHandle$Holder.invokeSpecial;org/weakref/nitro/tpcds/jmh_generated/BenchmarkQueries_query88_jmhTest.query88_AverageTime;org/weakref/nitro/tpcds/jmh_generated/BenchmarkQueries_query88_jmhTest.query88_avgt_jmhStub;org/weakref/nitro/tpcds/BenchmarkQueries.query88;org/weakref/nitro/tpcds/BenchmarkQueries.consume;org/weakref/nitro/operator/NestedLoopJoinOperator.next;org/weakref/nitro/operator/NestedLoopJoinOperator.produceBatch;org/weakref/nitro/operator/NestedLoopJoinOperator.loadNextOuterBatch;org/weakref/nitro/operator/NestedLoopJoinOperator.next;org/weakref/nitro/operator/NestedLoopJoinOperator.produceBatch;org/weakref/nitro/operator/NestedLoopJoinOperator.loadNextOuterBatch;org/weakref/nitro/operator/NestedLoopJoinOperator.next;org/weakref/nitro/operator/NestedLoopJoinOperator.produceBatch;org/weakref/nitro/operator/NestedLoopJoinOperator.loadNextOuterBatch;org/weakref/nitro/operator/NestedLoopJoinOperator.next;org/weakref/nitro/operator/NestedLoopJoinOperator.produceBatch;org/weakref/nitro/operator/NestedLoopJoinOperator.loadNextOuterBatch;org/weakref/nitro/operator/NestedLoopJoinOperator.next;org/weakref/nitro/operator/NestedLoopJoinOperator.produceBatch;org/weakref/nitro/operator/NestedLoopJoinOperator.loadNextOuterBatch;org/weakref/nitro/operator/NestedLoopJoinOperator.next;org/weakref/nitro/operator/NestedLoopJoinOperator.produceBatch;org/weakref/nitro/operator/NestedLoopJoinOperator.loadInnerIfNecessary;org/weakref/nitro/operator/BufferedJoinInput.loadAll;org/weakref/nitro/operator/BufferedJoinInput.loadAll;org/weakref/nitro/operator/BufferedJoinInput.captureSchema;org/weakref/nitro/operator/Output.borrow;org/weakref/nitro/operator/AggregationOperator$$Lambda.0x0000000012110000.apply;org/weakref/nitro/operator/AggregationOperator.lambda$resultOutput$0;org/weakref/nitro/operator/AggregationOperator.doAggregationIfNeeded;org/weakref/nitro/operator/HashJoinOperator.next;org/weakref/nitro/operator/HashJoinOperator.produceBatch;org/weakref/nitro/operator/HashJoinOperator.produceOrdinaryBatch;org/weakref/nitro/operator/HashJoinOperator.loadNextOuterBatch;org/weakref/nitro/operator/HashJoinOperator.next;org/weakref/nitro/operator/HashJoinOperator.produceBatch;org/weakref/nitro/operator/HashJoinOperator.produceOrdinaryBatch;org/weakref/nitro/operator/HashJoinOperator.loadNextOuterBatch;org/weakref/nitro/operator/HashJoinOperator.next;org/weakref/nitro/operator/HashJoinOperator.produceBatch;org/weakref/nitro/operator/HashJoinOperator.produceOrdinaryBatch;org/weakref/nitro/operator/HashJoinOperator.loadNextOuterBatch;org/weakref/nitro/operator/NitroParquetScanOperator.hasNext;org/weakref/nitro/operator/NitroParquetScanOperator.ensureWindow;org/weakref/nitro/operator/NitroParquetScanOperator.decodeFilterWindow;org/weakref/nitro/operator/NitroParquetScanOperator.snapshotFilterSurvivors;org/weakref/nitro/operator/NitroParquetScanOperator.replaceInts;org/weakref/nitro/data/PrimitiveArrayPool.borrowInts;int[]_[i] 1
java/lang/Thread.run;java/lang/Thread.runWith;java/util/concurrent/ThreadPoolExecutor$Worker.run;java/util/concurrent/ThreadPoolExecutor.runWorker;java/util/concurrent/FutureTask.run;java/util/concurrent/Executors$RunnableAdapter.call;java/util/concurrent/FutureTask.run;org/openjdk/jmh/runner/BenchmarkHandler$BenchmarkTask.call;org/openjdk/jmh/runner/BenchmarkHandler$BenchmarkTask.call;java/lang/reflect/Method.invoke;jdk/internal/reflect/DirectMethodHandleAccessor.invoke;jdk/internal/reflect/DirectMethodHandleAccessor.invokeImpl;java/lang/invoke/LambdaForm$MH.0x0000000012061400.invokeExact_MT;java/lang/invoke/LambdaForm$MH.0x0000000012061000.invoke;java/lang/invoke/DirectMethodHandle$Holder.invokeSpecial;org/weakref/nitro/tpcds/jmh_generated/BenchmarkQueries_query88_jmhTest.query88_AverageTime;org/weakref/nitro/tpcds/jmh_generated/BenchmarkQueries_query88_jmhTest.query88_avgt_jmhStub;org/weakref/nitro/tpcds/BenchmarkQueries.query88;org/weakref/nitro/tpcds/BenchmarkQueries.consume;org/weakref/nitro/operator/NestedLoopJoinOperator.next;org/weakref/nitro/operator/NestedLoopJoinOperator.produceBatch;org/weakref/nitro/operator/NestedLoopJoinOperator.loadNextOuterBatch;org/weakref/nitro/operator/NestedLoopJoinOperator.next;org/weakref/nitro/operator/NestedLoopJoinOperator.produceBatch;org/weakref/nitro/operator/NestedLoopJoinOperator.loadNextOuterBatch;org/weakref/nitro/operator/NestedLoopJoinOperator.next;org/weakref/nitro/operator/NestedLoopJoinOperator.produceBatch;org/weakref/nitro/operator/NestedLoopJoinOperator.loadInnerIfNecessary;org/weakref/nitro/operator/BufferedJoinInput.loadAll;org/weakref/nitro/operator/BufferedJoinInput.loadAll;org/weakref/nitro/operator/BufferedJoinInput.captureSchema;org/weakref/nitro/operator/Output.borrow;org/weakref/nitro/operator/AggregationOperator$$Lambda.0x0000000012110000.apply;org/weakref/nitro/operator/AggregationOperator.lambda$resultOutput$0;org/weakref/nitro/operator/AggregationOperator.doAggregationIfNeeded;org/weakref/nitro/operator/HashJoinOperator.next;org/weakref/nitro/operator/HashJoinOperator.produceBatch;org/weakref/nitro/operator/HashJoinOperator.produceOrdinaryBatch;org/weakref/nitro/operator/HashJoinOperator.loadNextOuterBatch;org/weakref/nitro/operator/HashJoinOperator.next;org/weakref/nitro/operator/HashJoinOperator.produceBatch;org/weakref/nitro/operator/HashJoinOperator.produceOrdinaryBatch;org/weakref/nitro/operator/HashJoinOperator.loadNextOuterBatch;org/weakref/nitro/operator/HashJoinOperator.next;org/weakref/nitro/operator/HashJoinOperator.produceBatch;org/weakref/nitro/operator/HashJoinOperator.produceOrdinaryBatch;org/weakref/nitro/operator/HashJoinOperator.loadNextOuterBatch;org/weakref/nitro/operator/NitroParquetScanOperator.hasNext;org/weakref/nitro/operator/NitroParquetScanOperator.ensureWindow;org/weakref/nitro/operator/NitroParquetScanOperator.decodeFilterWindow;org/weakref/nitro/operator/NitroParquetScanOperator.ensureLong;org/weakref/nitro/operator/NitroParquetScanOperator.replaceLongs;org/weakref/nitro/data/PrimitiveArrayPool.borrowLongs;long[]_[i] 1
java/lang/Thread.run;java/lang/Thread.runWith;java/util/concurrent/ThreadPoolExecutor$Worker.run;java/util/concurrent/ThreadPoolExecutor.runWorker;java/util/concurrent/FutureTask.run;java/util/concurrent/Executors$RunnableAdapter.call;java/util/concurrent/FutureTask.run;org/openjdk/jmh/runner/BenchmarkHandler$BenchmarkTask.call;org/openjdk/jmh/runner/BenchmarkHandler$BenchmarkTask.call;java/lang/reflect/Method.invoke;jdk/internal/reflect/DirectMethodHandleAccessor.invoke;jdk/internal/reflect/DirectMethodHandleAccessor.invokeImpl;java/lang/invoke/LambdaForm$MH.0x0000000012061400.invokeExact_MT;java/lang/invoke/LambdaForm$MH.0x0000000012061000.invoke;java/lang/invoke/DirectMethodHandle$Holder.invokeSpecial;org/weakref/nitro/tpcds/jmh_generated/BenchmarkQueries_query88_jmhTest.query88_AverageTime;org/weakref/nitro/tpcds/jmh_generated/BenchmarkQueries_query88_jmhTest.query88_avgt_jmhStub;org/weakref/nitro/tpcds/BenchmarkQueries.query88;org/weakref/nitro/tpcds/BenchmarkQueries.consume;org/weakref/nitro/operator/NestedLoopJoinOperator.next;org/weakref/nitro/operator/NestedLoopJoinOperator.produceBatch;org/weakref/nitro/operator/NestedLoopJoinOperator.loadNextOuterBatch;org/weakref/nitro/operator/NestedLoopJoinOperator.next;org/weakref/nitro/operator/NestedLoopJoinOperator.produceBatch;org/weakref/nitro/operator/NestedLoopJoinOperator.loadNextOuterBatch;org/weakref/nitro/operator/NestedLoopJoinOperator.next;org/weakref/nitro/operator/NestedLoopJoinOperator.produceBatch;org/weakref/nitro/operator/NestedLoopJoinOperator.loadNextOuterBatch;org/weakref/nitro/operator/NestedLoopJoinOperator.next;org/weakref/nitro/operator/NestedLoopJoinOperator.produceBatch;org/weakref/nitro/operator/NestedLoopJoinOperator.loadInnerIfNecessary;org/weakref/nitro/operator/BufferedJoinInput.loadAll;org/weakref/nitro/operator/BufferedJoinInput.loadAll;org/weakref/nitro/operator/BufferedJoinInput.captureSchema;org/weakref/nitro/operator/Output.borrow;org/weakref/nitro/operator/AggregationOperator$$Lambda.0x0000000012110000.apply;org/weakref/nitro/operator/AggregationOperator.lambda$resultOutput$0;org/weakref/nitro/operator/AggregationOperator.doAggregationIfNeeded;org/weakref/nitro/operator/HashJoinOperator.next;org/weakref/nitro/operator/JoinBufferSupport.newPositionMappingCache;org/weakref/nitro/operator/JoinBufferSupport$PositionMappingCache.<init>;org/weakref/nitro/operator/JoinBufferSupport$PositionMappingCache.<init>;int[][]_[i] 1
java/lang/Thread.run;java/lang/Thread.runWith;java/util/concurrent/ThreadPoolExecutor$Worker.run;java/util/concurrent/ThreadPoolExecutor.runWorker;java/util/concurrent/FutureTask.run;java/util/concurrent/Executors$RunnableAdapter.call;java/util/concurrent/FutureTask.run;org/openjdk/jmh/runner/BenchmarkHandler$BenchmarkTask.call;org/openjdk/jmh/runner/BenchmarkHandler$BenchmarkTask.call;java/lang/reflect/Method.invoke;jdk/internal/reflect/DirectMethodHandleAccessor.invoke;jdk/internal/reflect/DirectMethodHandleAccessor.invokeImpl;java/lang/invoke/LambdaForm$MH.0x0000000012061400.invokeExact_MT;java/lang/invoke/LambdaForm$MH.0x0000000012061000.invoke;java/lang/invoke/DirectMethodHandle$Holder.invokeSpecial;org/weakref/nitro/tpcds/jmh_generated/BenchmarkQueries_query88_jmhTest.query88_AverageTime;org/weakref/nitro/tpcds/jmh_generated/BenchmarkQueries_query88_jmhTest.query88_avgt_jmhStub;org/weakref/nitro/tpcds/BenchmarkQueries.query88;org/weakref/nitro/tpcds/BenchmarkQueries.consume;org/weakref/nitro/operator/NestedLoopJoinOperator.next;org/weakref/nitro/operator/NestedLoopJoinOperator.produceBatch;org/weakref/nitro/operator/NestedLoopJoinOperator.loadNextOuterBatch;org/weakref/nitro/operator/NestedLoopJoinOperator.next;org/weakref/nitro/operator/NestedLoopJoinOperator.produceBatch;org/weakref/nitro/operator/NestedLoopJoinOperator.loadNextOuterBatch;org/weakref/nitro/operator/NestedLoopJoinOperator.next;org/weakref/nitro/operator/NestedLoopJoinOperator.produceBatch;org/weakref/nitro/operator/NestedLoopJoinOperator.loadInnerIfNecessary;org/weakref/nitro/operator/BufferedJoinInput.loadAll;org/weakref/nitro/operator/BufferedJoinInput.loadAll;org/weakref/nitro/operator/BufferedJoinInput.captureSchema;org/weakref/nitro/operator/Output.borrow;org/weakref/nitro/operator/AggregationOperator$$Lambda.0x0000000012110000.apply;org/weakref/nitro/operator/AggregationOperator.lambda$resultOutput$0;org/weakref/nitro/operator/AggregationOperator.doAggregationIfNeeded;org/weakref/nitro/operator/HashJoinOperator.next;org/weakref/nitro/operator/HashJoinOperator.produceBatch;org/weakref/nitro/operator/HashJoinOperator.produceOrdinaryBatch;org/weakref/nitro/operator/HashJoinOperator.loadNextOuterBatch;org/weakref/nitro/operator/HashJoinOperator.next;org/weakref/nitro/operator/HashJoinOperator.produceBatch;org/weakref/nitro/operator/HashJoinOperator.produceOrdinaryBatch;org/weakref/nitro/operator/HashJoinOperator.loadNextOuterBatch;org/weakref/nitro/operator/HashJoinOperator.next;org/weakref/nitro/operator/HashJoinOperator.produceBatch;org/weakref/nitro/operator/HashJoinOperator.produceOrdinaryBatch;org/weakref/nitro/operator/HashJoinOperator.loadNextOuterBatch;org/weakref/nitro/operator/NitroParquetScanOperator.hasNext;org/weakref/nitro/operator/NitroParquetScanOperator.ensureWindow;org/weakref/nitro/operator/NitroParquetScanOperator.decodeFilterWindow;org/weakref/nitro/parquet/ColumnReader.filterDictLongs;org/weakref/nitro/parquet/ColumnReader.acceptByIdLong;org/weakref/nitro/parquet/ColumnReader.replaceBooleans;org/weakref/nitro/data/PrimitiveArrayPool.borrowBooleans;boolean[]_[i] 3
java/lang/Thread.run;java/lang/Thread.runWith;java/util/concurrent/ThreadPoolExecutor$Worker.run;java/util/concurrent/ThreadPoolExecutor.runWorker;java/util/concurrent/FutureTask.run;java/util/concurrent/Executors$RunnableAdapter.call;java/util/concurrent/FutureTask.run;org/openjdk/jmh/runner/BenchmarkHandler$BenchmarkTask.call;org/openjdk/jmh/runner/BenchmarkHandler$BenchmarkTask.call;java/lang/reflect/Method.invoke;jdk/internal/reflect/DirectMethodHandleAccessor.invoke;jdk/internal/reflect/DirectMethodHandleAccessor.invokeImpl;java/lang/invoke/LambdaForm$MH.0x0000000012061400.invokeExact_MT;java/lang/invoke/LambdaForm$MH.0x0000000012061000.invoke;java/lang/invoke/DirectMethodHandle$Holder.invokeSpecial;org/weakref/nitro/tpcds/jmh_generated/BenchmarkQueries_query88_jmhTest.query88_AverageTime;org/weakref/nitro/tpcds/jmh_generated/BenchmarkQueries_query88_jmhTest.query88_avgt_jmhStub;org/weakref/nitro/tpcds/BenchmarkQueries.query88;org/weakref/nitro/tpcds/TpcdsParquetSupport.query88;org/weakref/nitro/operator/NestedLoopJoinOperator.<init>;org/weakref/nitro/operator/NestedLoopJoinOperator.<init>;long[]_[i] 1
java/lang/Thread.run;java/lang/Thread.runWith;java/util/concurrent/ThreadPoolExecutor$Worker.run;java/util/concurrent/ThreadPoolExecutor.runWorker;java/util/concurrent/FutureTask.run;java/util/concurrent/Executors$RunnableAdapter.call;java/util/concurrent/FutureTask.run;org/openjdk/jmh/runner/BenchmarkHandler$BenchmarkTask.call;org/openjdk/jmh/runner/BenchmarkHandler$BenchmarkTask.call;java/lang/reflect/Method.invoke;jdk/internal/reflect/DirectMethodHandleAccessor.invoke;jdk/internal/reflect/DirectMethodHandleAccessor.invokeImpl;java/lang/invoke/LambdaForm$MH.0x0000000012061400.invokeExact_MT;java/lang/invoke/LambdaForm$MH.0x0000000012061000.invoke;java/lang/invoke/DirectMethodHandle$Holder.invokeSpecial;org/weakref/nitro/tpcds/jmh_generated/BenchmarkQueries_query88_jmhTest.query88_AverageTime;org/weakref/nitro/tpcds/jmh_generated/BenchmarkQueries_query88_jmhTest.query88_avgt_jmhStub;org/weakref/nitro/tpcds/BenchmarkQueries.query88;org/weakref/nitro/tpcds/BenchmarkQueries.consume;org/weakref/nitro/operator/NestedLoopJoinOperator.next;org/weakref/nitro/operator/NestedLoopJoinOperator.produceBatch;org/weakref/nitro/operator/NestedLoopJoinOperator.loadNextOuterBatch;org/weakref/nitro/operator/NestedLoopJoinOperator.next;org/weakref/nitro/operator/NestedLoopJoinOperator.produceBatch;org/weakref/nitro/operator/NestedLoopJoinOperator.loadInnerIfNecessary;org/weakref/nitro/operator/BufferedJoinInput.loadAll;org/weakref/nitro/operator/BufferedJoinInput.loadAll;org/weakref/nitro/operator/BufferedJoinInput.captureSchema;org/weakref/nitro/operator/Output.borrow;org/weakref/nitro/operator/AggregationOperator$$Lambda.0x0000000012110000.apply;org/weakref/nitro/operator/AggregationOperator.lambda$resultOutput$0;org/weakref/nitro/operator/AggregationOperator.doAggregationIfNeeded;org/weakref/nitro/operator/HashJoinOperator.next;org/weakref/nitro/operator/HashJoinOperator.produceBatch;org/weakref/nitro/operator/HashJoinOperator.produceOrdinaryBatch;org/weakref/nitro/operator/HashJoinOperator.loadNextOuterBatch;org/weakref/nitro/operator/HashJoinOperator.next;org/weakref/nitro/operator/HashJoinOperator.produceBatch;org/weakref/nitro/operator/HashJoinOperator.produceOrdinaryBatch;org/weakref/nitro/operator/HashJoinOperator.loadNextOuterBatch;org/weakref/nitro/operator/HashJoinOperator.next;org/weakref/nitro/operator/HashJoinOperator.produceBatch;org/weakref/nitro/operator/HashJoinOperator.loadInnerIfNecessary;org/weakref/nitro/operator/HashJoinOperator.loadStreamingInner;org/weakref/nitro/operator/FilterOperator.next;org/weakref/nitro/operator/evaluator/PlanEvaluator.evaluateInPlace;org/weakref/nitro/operator/evaluator/PlanEvaluator.evaluateTrueMaskInPlace;org/weakref/nitro/operator/evaluator/PlanEvaluator.evaluateTrueMaskInPlace;org/weakref/nitro/operator/evaluator/PlanEvaluator.evaluateAdaptiveAndTrueMaskInPlace;org/weakref/nitro/operator/evaluator/PlanEvaluator.evaluateMeasuredTrueMaskInPlace;org/weakref/nitro/operator/evaluator/PlanEvaluator.evaluateTrueMaskInPlace;org/weakref/nitro/operator/evaluator/PlanEvaluator.tryEvaluatePrimitiveTrueMaskInPlace;org/weakref/nitro/operator/evaluator/PlanEvaluator.tryEvaluatePrimitiveMaskInPlace;org/weakref/nitro/operator/evaluator/PlanEvaluator.resolveMaskPrimitiveInvocation;org/weakref/nitro/operator/evaluator/PlanEvaluator.evaluateArgument;org/weakref/nitro/operator/FilterOperator$1.resolve;org/weakref/nitro/operator/Output.borrowOrNull;org/weakref/nitro/operator/Output.borrow;org/weakref/nitro/operator/Output.borrow;org/weakref/nitro/operator/NitroParquetScanOperator$ScanOutputResolver$$Lambda.0x00000000120bc200.apply;org/weakref/nitro/operator/NitroParquetScanOperator$ScanOutputResolver.resolve;org/weakref/nitro/operator/NitroParquetScanOperator.resolveLazyColumn;org/weakref/nitro/operator/NitroParquetScanOperator.drainPendingAdvance;org/weakref/nitro/parquet/ColumnReader.skip;org/weakref/nitro/parquet/ColumnReader.decodeDataPageV1;org/weakref/nitro/parquet/ColumnReader.ensureIdCapacity;org/weakref/nitro/parquet/ColumnReader.replaceInts;org/weakref/nitro/data/PrimitiveArrayPool.borrowInts;int[]_[i] 1
java/lang/Thread.run;java/lang/Thread.runWith;java/util/concurrent/ThreadPoolExecutor$Worker.run;java/util/concurrent/ThreadPoolExecutor.runWorker;java/util/concurrent/FutureTask.run;java/util/concurrent/Executors$RunnableAdapter.call;java/util/concurrent/FutureTask.run;org/openjdk/jmh/runner/BenchmarkHandler$BenchmarkTask.call;org/openjdk/jmh/runner/BenchmarkHandler$BenchmarkTask.call;java/lang/reflect/Method.invoke;jdk/internal/reflect/DirectMethodHandleAccessor.invoke;jdk/internal/reflect/DirectMethodHandleAccessor.invokeImpl;java/lang/invoke/LambdaForm$MH.0x0000000012061400.invokeExact_MT;java/lang/invoke/LambdaForm$MH.0x0000000012061000.invoke;java/lang/invoke/DirectMethodHandle$Holder.invokeSpecial;org/weakref/nitro/tpcds/jmh_generated/BenchmarkQueries_query88_jmhTest.query88_AverageTime;org/weakref/nitro/tpcds/jmh_generated/BenchmarkQueries_query88_jmhTest.query88_avgt_jmhStub;org/weakref/nitro/tpcds/BenchmarkQueries.query88;org/weakref/nitro/tpcds/TpcdsParquetSupport.query88;org/weakref/nitro/tpcds/TpcdsParquetSupport.query88BucketCount;org/weakref/nitro/tpcds/TpcdsParquetSupport.query88Bucket;org/weakref/nitro/operator/HashJoinOperator.<init>;org/weakref/nitro/operator/HashJoinOperator.<init>;org/weakref/nitro/operator/HashJoinOperator$JoinScratch.<init>;int[]_[i] 1
java/lang/Thread.run;java/lang/Thread.runWith;java/util/concurrent/ThreadPoolExecutor$Worker.run;java/util/concurrent/ThreadPoolExecutor.runWorker;java/util/concurrent/FutureTask.run;java/util/concurrent/Executors$RunnableAdapter.call;java/util/concurrent/FutureTask.run;org/openjdk/jmh/runner/BenchmarkHandler$BenchmarkTask.call;org/openjdk/jmh/runner/BenchmarkHandler$BenchmarkTask.call;java/lang/reflect/Method.invoke;jdk/internal/reflect/DirectMethodHandleAccessor.invoke;jdk/internal/reflect/DirectMethodHandleAccessor.invokeImpl;java/lang/invoke/LambdaForm$MH.0x0000000012061400.invokeExact_MT;java/lang/invoke/LambdaForm$MH.0x0000000012061000.invoke;java/lang/invoke/DirectMethodHandle$Holder.invokeSpecial;org/weakref/nitro/tpcds/jmh_generated/BenchmarkQueries_query88_jmhTest.query88_AverageTime;org/weakref/nitro/tpcds/jmh_generated/BenchmarkQueries_query88_jmhTest.query88_avgt_jmhStub;org/weakref/nitro/tpcds/BenchmarkQueries.query88;org/weakref/nitro/tpcds/TpcdsParquetSupport.query88;org/weakref/nitro/tpcds/TpcdsParquetSupport.query88BucketCount;org/weakref/nitro/tpcds/TpcdsParquetSupport.query88Bucket;org/weakref/nitro/operator/HashJoinOperator.<init>;org/weakref/nitro/operator/HashJoinOperator.<init>;org/weakref/nitro/operator/HashJoinOperator$JoinScratch.<init>;int[]_[i] 1
java/lang/Thread.run;java/lang/Thread.runWith;java/util/concurrent/ThreadPoolExecutor$Worker.run;java/util/concurrent/ThreadPoolExecutor.runWorker;java/util/concurrent/FutureTask.run;java/util/concurrent/Executors$RunnableAdapter.call;java/util/concurrent/FutureTask.run;org/openjdk/jmh/runner/BenchmarkHandler$BenchmarkTask.call;org/openjdk/jmh/runner/BenchmarkHandler$BenchmarkTask.call;java/lang/reflect/Method.invoke;jdk/internal/reflect/DirectMethodHandleAccessor.invoke;jdk/internal/reflect/DirectMethodHandleAccessor.invokeImpl;java/lang/invoke/LambdaForm$MH.0x0000000012061400.invokeExact_MT;java/lang/invoke/LambdaForm$MH.0x0000000012061000.invoke;java/lang/invoke/DirectMethodHandle$Holder.invokeSpecial;org/weakref/nitro/tpcds/jmh_generated/BenchmarkQueries_query88_jmhTest.query88_AverageTime;org/weakref/nitro/tpcds/jmh_generated/BenchmarkQueries_query88_jmhTest.query88_avgt_jmhStub;org/weakref/nitro/tpcds/BenchmarkQueries.query88;org/weakref/nitro/tpcds/BenchmarkQueries.consume;org/weakref/nitro/operator/NestedLoopJoinOperator.next;org/weakref/nitro/operator/NestedLoopJoinOperator.produceBatch;org/weakref/nitro/operator/NestedLoopJoinOperator.loadNextOuterBatch;org/weakref/nitro/operator/NestedLoopJoinOperator.next;org/weakref/nitro/operator/NestedLoopJoinOperator.produceBatch;org/weakref/nitro/operator/NestedLoopJoinOperator.loadInnerIfNecessary;org/weakref/nitro/operator/BufferedJoinInput.loadAll;org/weakref/nitro/operator/BufferedJoinInput.loadAll;org/weakref/nitro/operator/BufferedJoinInput.captureSchema;org/weakref/nitro/operator/Output.borrow;org/weakref/nitro/operator/AggregationOperator$$Lambda.0x0000000012110000.apply;org/weakref/nitro/operator/AggregationOperator.lambda$resultOutput$0;org/weakref/nitro/operator/AggregationOperator.doAggregationIfNeeded;org/weakref/nitro/operator/HashJoinOperator.next;org/weakref/nitro/operator/HashJoinOperator.produceBatch;org/weakref/nitro/operator/HashJoinOperator.produceOrdinaryBatch;org/weakref/nitro/operator/HashJoinOperator.loadNextOuterBatch;org/weakref/nitro/operator/HashJoinOperator.next;org/weakref/nitro/operator/HashJoinOperator.produceBatch;org/weakref/nitro/operator/HashJoinOperator.produceOrdinaryBatch;org/weakref/nitro/operator/HashJoinOperator.loadNextOuterBatch;org/weakref/nitro/operator/HashJoinOperator.next;org/weakref/nitro/operator/HashJoinOperator.produceBatch;org/weakref/nitro/operator/HashJoinOperator.produceOrdinaryBatch;org/weakref/nitro/operator/HashJoinOperator.loadNextOuterBatch;org/weakref/nitro/operator/NitroParquetScanOperator.hasNext;org/weakref/nitro/operator/NitroParquetScanOperator.ensureWindow;org/weakref/nitro/operator/NitroParquetScanOperator.decodeFilterWindow;org/weakref/nitro/operator/NitroParquetScanOperator.ensureLong;org/weakref/nitro/operator/NitroParquetScanOperator.replaceLongs;org/weakref/nitro/data/PrimitiveArrayPool.borrowLongs;long[]_[i] 1
java/lang/Thread.run;java/lang/Thread.runWith;java/util/concurrent/ThreadPoolExecutor$Worker.run;java/util/concurrent/ThreadPoolExecutor.runWorker;java/util/concurrent/FutureTask.run;java/util/concurrent/Executors$RunnableAdapter.call;java/util/concurrent/FutureTask.run;org/openjdk/jmh/runner/BenchmarkHandler$BenchmarkTask.call;org/openjdk/jmh/runner/BenchmarkHandler$BenchmarkTask.call;java/lang/reflect/Method.invoke;jdk/internal/reflect/DirectMethodHandleAccessor.invoke;jdk/internal/reflect/DirectMethodHandleAccessor.invokeImpl;java/lang/invoke/LambdaForm$MH.0x0000000012061400.invokeExact_MT;java/lang/invoke/LambdaForm$MH.0x0000000012061000.invoke;java/lang/invoke/DirectMethodHandle$Holder.invokeSpecial;org/weakref/nitro/tpcds/jmh_generated/BenchmarkQueries_query88_jmhTest.query88_AverageTime;org/weakref/nitro/tpcds/jmh_generated/BenchmarkQueries_query88_jmhTest.query88_avgt_jmhStub;org/weakref/nitro/tpcds/BenchmarkQueries.query88;org/weakref/nitro/tpcds/BenchmarkQueries.consume;org/weakref/nitro/operator/NestedLoopJoinOperator.next;org/weakref/nitro/operator/NestedLoopJoinOperator.produceBatch;org/weakref/nitro/operator/NestedLoopJoinOperator.loadNextOuterBatch;org/weakref/nitro/operator/NestedLoopJoinOperator.next;org/weakref/nitro/operator/NestedLoopJoinOperator.produceBatch;org/weakref/nitro/operator/NestedLoopJoinOperator.loadNextOuterBatch;org/weakref/nitro/operator/NestedLoopJoinOperator.next;org/weakref/nitro/operator/NestedLoopJoinOperator.produceBatch;org/weakref/nitro/operator/NestedLoopJoinOperator.loadNextOuterBatch;org/weakref/nitro/operator/NestedLoopJoinOperator.next;org/weakref/nitro/operator/NestedLoopJoinOperator.produceBatch;org/weakref/nitro/operator/NestedLoopJoinOperator.loadNextOuterBatch;org/weakref/nitro/operator/NestedLoopJoinOperator.next;org/weakref/nitro/operator/NestedLoopJoinOperator.produceBatch;org/weakref/nitro/operator/NestedLoopJoinOperator.loadNextOuterBatch;org/weakref/nitro/operator/NestedLoopJoinOperator.next;org/weakref/nitro/operator/NestedLoopJoinOperator.produceBatch;org/weakref/nitro/operator/NestedLoopJoinOperator.loadInnerIfNecessary;org/weakref/nitro/operator/BufferedJoinInput.loadAll;org/weakref/nitro/operator/BufferedJoinInput.loadAll;org/weakref/nitro/operator/BufferedJoinInput.captureSchema;org/weakref/nitro/operator/Output.borrow;org/weakref/nitro/operator/AggregationOperator$$Lambda.0x0000000012110000.apply;org/weakref/nitro/operator/AggregationOperator.lambda$resultOutput$0;org/weakref/nitro/operator/AggregationOperator.doAggregationIfNeeded;org/weakref/nitro/operator/HashJoinOperator.next;org/weakref/nitro/operator/HashJoinOperator.produceBatch;org/weakref/nitro/operator/HashJoinOperator.produceOrdinaryBatch;org/weakref/nitro/operator/HashJoinOperator.loadNextOuterBatch;org/weakref/nitro/operator/HashJoinOperator.next;org/weakref/nitro/operator/HashJoinOperator.produceBatch;org/weakref/nitro/operator/HashJoinOperator.produceOrdinaryBatch;org/weakref/nitro/operator/HashJoinOperator.loadNextOuterBatch;org/weakref/nitro/operator/HashJoinOperator.next;org/weakref/nitro/operator/HashJoinOperator.produceBatch;org/weakref/nitro/operator/HashJoinOperator.produceOrdinaryBatch;org/weakref/nitro/operator/HashJoinOperator.loadNextOuterBatch;org/weakref/nitro/operator/NitroParquetScanOperator.hasNext;org/weakref/nitro/operator/NitroParquetScanOperator.ensureWindow;org/weakref/nitro/operator/NitroParquetScanOperator.decodeFilterWindow;org/weakref/nitro/operator/NitroParquetScanOperator.readColumnInto;org/weakref/nitro/parquet/ColumnReader.readSelectedLongs;org/weakref/nitro/parquet/ColumnReader.acquirePageForSkip;org/weakref/nitro/parquet/ColumnReader.peekNextDataPage;org/weakref/nitro/parquet/ColumnReader.decompress;org/weakref/nitro/parquet/DecompressedPageCache.lookup;org.weakref.nitro.parquet.DecompressedPageCache$PageKey_[i] 1
java/lang/Thread.run;java/lang/Thread.runWith;java/util/concurrent/ThreadPoolExecutor$Worker.run;java/util/concurrent/ThreadPoolExecutor.runWorker;java/util/concurrent/FutureTask.run;java/util/concurrent/Executors$RunnableAdapter.call;java/util/concurrent/FutureTask.run;org/openjdk/jmh/runner/BenchmarkHandler$BenchmarkTask.call;org/openjdk/jmh/runner/BenchmarkHandler$BenchmarkTask.call;java/lang/reflect/Method.invoke;jdk/internal/reflect/DirectMethodHandleAccessor.invoke;jdk/internal/reflect/DirectMethodHandleAccessor.invokeImpl;java/lang/invoke/LambdaForm$MH.0x0000000012061400.invokeExact_MT;java/lang/invoke/LambdaForm$MH.0x0000000012061000.invoke;java/lang/invoke/DirectMethodHandle$Holder.invokeSpecial;org/weakref/nitro/tpcds/jmh_generated/BenchmarkQueries_query88_jmhTest.query88_AverageTime;org/weakref/nitro/tpcds/jmh_generated/BenchmarkQueries_query88_jmhTest.query88_avgt_jmhStub;org/weakref/nitro/tpcds/BenchmarkQueries.query88;org/weakref/nitro/tpcds/TpcdsParquetSupport.query88;org/weakref/nitro/tpcds/TpcdsParquetSupport.query88BucketCount;org/weakref/nitro/tpcds/TpcdsParquetSupport.query88Bucket;org/weakref/nitro/tpcds/TpcdsParquetSupport.factScan;org/weakref/nitro/operator/NitroParquetScanOperator.<init>;java/util/stream/ReferencePipeline.toArray;java/util/stream/AbstractPipeline.evaluateToArrayNode;java/util/stream/AbstractPipeline.evaluate;java/util/stream/AbstractPipeline.wrapAndCopyInto;java/util/stream/AbstractPipeline.copyInto;java/util/AbstractList$RandomAccessSpliterator.forEachRemaining;java/util/stream/ReferencePipeline$3$1.accept;org/weakref/nitro/operator/NitroParquetScanOperator$$Lambda.0x0000000012086b58.apply;org/weakref/nitro/parquet/ParquetFile.open;org/weakref/nitro/parquet/ParquetFile.<init>;org/apache/parquet/format/Util.readFileMetaData;org/apache/parquet/format/Util.readFileMetaData;org/apache/parquet/format/Util.read;org/apache/parquet/format/FileMetaData.read;org/apache/parquet/format/FileMetaData$FileMetaDataStandardScheme.read;org/apache/parquet/format/FileMetaData$FileMetaDataStandardScheme.read;org/apache/parquet/format/RowGroup.read;org/apache/parquet/format/RowGroup$RowGroupStandardScheme.read;org/apache/parquet/format/RowGroup$RowGroupStandardScheme.read;org/apache/parquet/format/ColumnChunk.read;org/apache/parquet/format/ColumnChunk$ColumnChunkStandardScheme.read;org/apache/parquet/format/ColumnChunk$ColumnChunkStandardScheme.read;org/apache/parquet/format/ColumnMetaData.read;org/apache/parquet/format/ColumnMetaData$ColumnMetaDataStandardScheme.read;org/apache/parquet/format/ColumnMetaData$ColumnMetaDataStandardScheme.read;org/apache/parquet/format/InterningProtocol.readFieldBegin;shaded/parquet/org/apache/thrift/protocol/TCompactProtocol.readFieldBegin;shaded.parquet.org.apache.thrift.protocol.TField_[i] 1
java/lang/Thread.run;java/lang/Thread.runWith;java/util/concurrent/ThreadPoolExecutor$Worker.run;java/util/concurrent/ThreadPoolExecutor.runWorker;java/util/concurrent/FutureTask.run;java/util/concurrent/Executors$RunnableAdapter.call;java/util/concurrent/FutureTask.run;org/openjdk/jmh/runner/BenchmarkHandler$BenchmarkTask.call;org/openjdk/jmh/runner/BenchmarkHandler$BenchmarkTask.call;java/lang/reflect/Method.invoke;jdk/internal/reflect/DirectMethodHandleAccessor.invoke;jdk/internal/reflect/DirectMethodHandleAccessor.invokeImpl;java/lang/invoke/LambdaForm$MH.0x0000000012061400.invokeExact_MT;java/lang/invoke/LambdaForm$MH.0x0000000012061000.invoke;java/lang/invoke/DirectMethodHandle$Holder.invokeSpecial;org/weakref/nitro/tpcds/jmh_generated/BenchmarkQueries_query88_jmhTest.query88_AverageTime;org/weakref/nitro/tpcds/jmh_generated/BenchmarkQueries_query88_jmhTest.query88_avgt_jmhStub;org/weakref/nitro/tpcds/BenchmarkQueries.query88;org/weakref/nitro/tpcds/BenchmarkQueries.consume;org/weakref/nitro/operator/NestedLoopJoinOperator.next;org/weakref/nitro/operator/NestedLoopJoinOperator.produceBatch;org/weakref/nitro/operator/NestedLoopJoinOperator.loadNextOuterBatch;org/weakref/nitro/operator/NestedLoopJoinOperator.next;org/weakref/nitro/operator/NestedLoopJoinOperator.produceBatch;org/weakref/nitro/operator/NestedLoopJoinOperator.loadNextOuterBatch;org/weakref/nitro/operator/NestedLoopJoinOperator.next;org/weakref/nitro/operator/NestedLoopJoinOperator.produceBatch;org/weakref/nitro/operator/NestedLoopJoinOperator.loadNextOuterBatch;org/weakref/nitro/operator/NestedLoopJoinOperator.next;org/weakref/nitro/operator/NestedLoopJoinOperator.produceBatch;org/weakref/nitro/operator/NestedLoopJoinOperator.loadNextOuterBatch;org/weakref/nitro/operator/NestedLoopJoinOperator.next;org/weakref/nitro/operator/NestedLoopJoinOperator.produceBatch;org/weakref/nitro/operator/NestedLoopJoinOperator.loadNextOuterBatch;org/weakref/nitro/operator/NestedLoopJoinOperator.next;org/weakref/nitro/operator/NestedLoopJoinOperator.produceBatch;org/weakref/nitro/operator/NestedLoopJoinOperator.loadNextOuterBatch;org/weakref/nitro/operator/NestedLoopJoinOperator.next;org/weakref/nitro/operator/NestedLoopJoinOperator.produceBatch;org/weakref/nitro/operator/NestedLoopJoinOperator.loadInnerIfNecessary;org/weakref/nitro/operator/BufferedJoinInput.loadAll;org/weakref/nitro/operator/BufferedJoinInput.loadAll;org/weakref/nitro/operator/BufferedJoinInput.captureSchema;org/weakref/nitro/operator/Output.borrow;org/weakref/nitro/operator/AggregationOperator$$Lambda.0x0000000012110000.apply;org/weakref/nitro/operator/AggregationOperator.lambda$resultOutput$0;org/weakref/nitro/operator/AggregationOperator.doAggregationIfNeeded;org/weakref/nitro/operator/HashJoinOperator.next;org/weakref/nitro/operator/HashJoinOperator.produceBatch;org/weakref/nitro/operator/HashJoinOperator.produceOrdinaryBatch;org/weakref/nitro/operator/HashJoinOperator.loadNextOuterBatch;org/weakref/nitro/operator/HashJoinOperator.next;org/weakref/nitro/operator/HashJoinOperator.produceBatch;org/weakref/nitro/operator/HashJoinOperator.produceOrdinaryBatch;org/weakref/nitro/operator/HashJoinOperator.loadNextOuterBatch;org/weakref/nitro/operator/HashJoinOperator.next;org/weakref/nitro/operator/HashJoinOperator.produceBatch;org/weakref/nitro/operator/HashJoinOperator.loadInnerIfNecessary;org/weakref/nitro/operator/HashJoinOperator.loadStreamingInner;org/weakref/nitro/operator/FilterOperator.next;org/weakref/nitro/operator/evaluator/PlanEvaluator.evaluateInPlace;org/weakref/nitro/operator/evaluator/PlanEvaluator.evaluateTrueMaskInPlace;org/weakref/nitro/operator/evaluator/PlanEvaluator.evaluateTrueMaskInPlace;org/weakref/nitro/operator/evaluator/PlanEvaluator.evaluateAdaptiveAndTrueMaskInPlace;org/weakref/nitro/operator/evaluator/PlanEvaluator.evaluateMeasuredTrueMaskInPlace;org/weakref/nitro/operator/evaluator/PlanEvaluator.evaluateTrueMaskInPlace;org/weakref/nitro/operator/evaluator/PlanEvaluator.tryEvaluatePrimitiveTrueMaskInPlace;org/weakref/nitro/operator/evaluator/PlanEvaluator.tryEvaluatePrimitiveMaskInPlace;org/weakref/nitro/operator/evaluator/PlanEvaluator.resolveMaskPrimitiveInvocation;org/weakref/nitro/operator/evaluator/PlanEvaluator.evaluateArgument;org/weakref/nitro/operator/FilterOperator$1.resolve;org/weakref/nitro/operator/Output.borrowOrNull;org/weakref/nitro/operator/Output.borrow;org/weakref/nitro/operator/Output.borrow;org/weakref/nitro/operator/NitroParquetScanOperator$ScanOutputResolver$$Lambda.0x00000000120bc200.apply;org/weakref/nitro/operator/NitroParquetScanOperator$ScanOutputResolver.resolve;org/weakref/nitro/operator/NitroParquetScanOperator.resolveLazyColumn;org/weakref/nitro/operator/NitroParquetScanOperator.decodeFullColumn;org/weakref/nitro/parquet/ColumnReader.readInts;org/weakref/nitro/parquet/ColumnReader.decodeNextDataPage;org/weakref/nitro/parquet/ColumnReader.decodeDataPageV1;org/weakref/nitro/parquet/ColumnReader.ensurePageCapacity;org/weakref/nitro/parquet/ColumnReader.ensurePageValueCapacity;org/weakref/nitro/parquet/ColumnReader.replaceInts;org/weakref/nitro/data/PrimitiveArrayPool.borrowInts;int[]_[i] 1
java/lang/Thread.run;java/lang/Thread.runWith;java/util/concurrent/ThreadPoolExecutor$Worker.run;java/util/concurrent/ThreadPoolExecutor.runWorker;java/util/concurrent/FutureTask.run;java/util/concurrent/Executors$RunnableAdapter.call;java/util/concurrent/FutureTask.run;org/openjdk/jmh/runner/BenchmarkHandler$BenchmarkTask.call;org/openjdk/jmh/runner/BenchmarkHandler$BenchmarkTask.call;java/lang/reflect/Method.invoke;jdk/internal/reflect/DirectMethodHandleAccessor.invoke;jdk/internal/reflect/DirectMethodHandleAccessor.invokeImpl;java/lang/invoke/LambdaForm$MH.0x0000000012061400.invokeExact_MT;java/lang/invoke/LambdaForm$MH.0x0000000012061000.invoke;java/lang/invoke/DirectMethodHandle$Holder.invokeSpecial;org/weakref/nitro/tpcds/jmh_generated/BenchmarkQueries_query88_jmhTest.query88_AverageTime;org/weakref/nitro/tpcds/jmh_generated/BenchmarkQueries_query88_jmhTest.query88_avgt_jmhStub;org/weakref/nitro/tpcds/BenchmarkQueries.query88;org/weakref/nitro/tpcds/BenchmarkQueries.consume;org/weakref/nitro/operator/NestedLoopJoinOperator.next;org/weakref/nitro/operator/NestedLoopJoinOperator.produceBatch;org/weakref/nitro/operator/NestedLoopJoinOperator.loadNextOuterBatch;org/weakref/nitro/operator/NestedLoopJoinOperator.next;org/weakref/nitro/operator/NestedLoopJoinOperator.produceBatch;org/weakref/nitro/operator/NestedLoopJoinOperator.loadNextOuterBatch;org/weakref/nitro/operator/NestedLoopJoinOperator.next;org/weakref/nitro/operator/NestedLoopJoinOperator.produceBatch;org/weakref/nitro/operator/NestedLoopJoinOperator.loadInnerIfNecessary;org/weakref/nitro/operator/BufferedJoinInput.loadAll;org/weakref/nitro/operator/BufferedJoinInput.loadAll;org/weakref/nitro/operator/BufferedJoinInput.captureSchema;org/weakref/nitro/operator/Output.borrow;org/weakref/nitro/operator/AggregationOperator$$Lambda.0x0000000012110000.apply;org/weakref/nitro/operator/AggregationOperator.lambda$resultOutput$0;org/weakref/nitro/operator/AggregationOperator.doAggregationIfNeeded;org/weakref/nitro/operator/HashJoinOperator.next;org/weakref/nitro/operator/HashJoinOperator.produceBatch;org/weakref/nitro/operator/HashJoinOperator.produceOrdinaryBatch;org/weakref/nitro/operator/HashJoinOperator.loadNextOuterBatch;org/weakref/nitro/operator/HashJoinOperator.next;org/weakref/nitro/operator/HashJoinOperator.produceBatch;org/weakref/nitro/operator/HashJoinOperator.pushDynamicFilterIfReady;org/weakref/nitro/operator/DynamicFilter.fromValues;boolean[]_[i] 1
java/lang/Thread.run;java/lang/Thread.runWith;java/util/concurrent/ThreadPoolExecutor$Worker.run;java/util/concurrent/ThreadPoolExecutor.runWorker;java/util/concurrent/FutureTask.run;java/util/concurrent/Executors$RunnableAdapter.call;java/util/concurrent/FutureTask.run;org/openjdk/jmh/runner/BenchmarkHandler$BenchmarkTask.call;org/openjdk/jmh/runner/BenchmarkHandler$BenchmarkTask.call;java/lang/reflect/Method.invoke;jdk/internal/reflect/DirectMethodHandleAccessor.invoke;jdk/internal/reflect/DirectMethodHandleAccessor.invokeImpl;java/lang/invoke/LambdaForm$MH.0x0000000012061400.invokeExact_MT;java/lang/invoke/LambdaForm$MH.0x0000000012061000.invoke;java/lang/invoke/DirectMethodHandle$Holder.invokeSpecial;org/weakref/nitro/tpcds/jmh_generated/BenchmarkQueries_query88_jmhTest.query88_AverageTime;org/weakref/nitro/tpcds/jmh_generated/BenchmarkQueries_query88_jmhTest.query88_avgt_jmhStub;org/weakref/nitro/tpcds/BenchmarkQueries.query88;org/weakref/nitro/tpcds/TpcdsParquetSupport.query88;org/weakref/nitro/tpcds/TpcdsParquetSupport.query88BucketCount;org/weakref/nitro/tpcds/TpcdsParquetSupport.query88Bucket;org/weakref/nitro/operator/HashJoinOperator.<init>;org/weakref/nitro/operator/HashJoinOperator.<init>;org/weakref/nitro/operator/HashJoinOperator$JoinScratch.<init>;int[]_[i] 1
java/lang/Thread.run;java/lang/Thread.runWith;java/util/concurrent/ThreadPoolExecutor$Worker.run;java/util/concurrent/ThreadPoolExecutor.runWorker;java/util/concurrent/FutureTask.run;java/util/concurrent/Executors$RunnableAdapter.call;java/util/concurrent/FutureTask.run;org/openjdk/jmh/runner/BenchmarkHandler$BenchmarkTask.call;org/openjdk/jmh/runner/BenchmarkHandler$BenchmarkTask.call;java/lang/reflect/Method.invoke;jdk/internal/reflect/DirectMethodHandleAccessor.invoke;jdk/internal/reflect/DirectMethodHandleAccessor.invokeImpl;java/lang/invoke/LambdaForm$MH.0x0000000012061400.invokeExact_MT;java/lang/invoke/LambdaForm$MH.0x0000000012061000.invoke;java/lang/invoke/DirectMethodHandle$Holder.invokeSpecial;org/weakref/nitro/tpcds/jmh_generated/BenchmarkQueries_query88_jmhTest.query88_AverageTime;org/weakref/nitro/tpcds/jmh_generated/BenchmarkQueries_query88_jmhTest.query88_avgt_jmhStub;org/weakref/nitro/tpcds/BenchmarkQueries.query88;org/weakref/nitro/tpcds/BenchmarkQueries.consume;org/weakref/nitro/operator/NestedLoopJoinOperator.next;org/weakref/nitro/operator/NestedLoopJoinOperator.produceBatch;org/weakref/nitro/operator/NestedLoopJoinOperator.loadNextOuterBatch;org/weakref/nitro/operator/NestedLoopJoinOperator.next;org/weakref/nitro/operator/NestedLoopJoinOperator.produceBatch;org/weakref/nitro/operator/NestedLoopJoinOperator.loadNextOuterBatch;org/weakref/nitro/operator/NestedLoopJoinOperator.next;org/weakref/nitro/operator/NestedLoopJoinOperator.produceBatch;org/weakref/nitro/operator/NestedLoopJoinOperator.loadInnerIfNecessary;org/weakref/nitro/operator/BufferedJoinInput.loadAll;org/weakref/nitro/operator/BufferedJoinInput.loadAll;org/weakref/nitro/operator/BufferedJoinInput.captureSchema;org/weakref/nitro/operator/Output.borrow;org/weakref/nitro/operator/AggregationOperator$$Lambda.0x0000000012110000.apply;org/weakref/nitro/operator/AggregationOperator.lambda$resultOutput$0;org/weakref/nitro/operator/AggregationOperator.doAggregationIfNeeded;org/weakref/nitro/operator/HashJoinOperator.next;org/weakref/nitro/operator/HashJoinOperator.produceBatch;org/weakref/nitro/operator/HashJoinOperator.produceOrdinaryBatch;org/weakref/nitro/operator/HashJoinOperator.loadNextOuterBatch;org/weakref/nitro/operator/HashJoinOperator.next;org/weakref/nitro/operator/HashJoinOperator.produceBatch;org/weakref/nitro/operator/HashJoinOperator.produceOrdinaryBatch;org/weakref/nitro/operator/HashJoinOperator.loadNextOuterBatch;org/weakref/nitro/operator/HashJoinOperator.next;org/weakref/nitro/operator/HashJoinOperator.produceBatch;org/weakref/nitro/operator/HashJoinOperator.loadInnerIfNecessary;org/weakref/nitro/operator/HashJoinOperator.loadStreamingInner;org/weakref/nitro/operator/Output.borrow;org/weakref/nitro/operator/NitroParquetScanOperator$ScanOutputResolver$$Lambda.0x00000000120bc200.apply;org/weakref/nitro/operator/NitroParquetScanOperator$ScanOutputResolver.resolve;org/weakref/nitro/operator/NitroParquetScanOperator.resolveLazyColumn;org/weakref/nitro/operator/NitroParquetScanOperator.drainPendingAdvance;org/weakref/nitro/parquet/ColumnReader.skip;org/weakref/nitro/parquet/ColumnReader.decodeDataPageV1;org/weakref/nitro/parquet/ColumnReader.ensurePageCapacity;org/weakref/nitro/parquet/ColumnReader.ensurePageValueCapacity;org/weakref/nitro/parquet/ColumnReader.replaceLongs;org/weakref/nitro/data/PrimitiveArrayPool.borrowLongs;long[]_[i] 2
java/lang/Thread.run;java/lang/Thread.runWith;java/util/concurrent/ThreadPoolExecutor$Worker.run;java/util/concurrent/ThreadPoolExecutor.runWorker;java/util/concurrent/FutureTask.run;java/util/concurrent/Executors$RunnableAdapter.call;java/util/concurrent/FutureTask.run;org/openjdk/jmh/runner/BenchmarkHandler$BenchmarkTask.call;org/openjdk/jmh/runner/BenchmarkHandler$BenchmarkTask.call;java/lang/reflect/Method.invoke;jdk/internal/reflect/DirectMethodHandleAccessor.invoke;jdk/internal/reflect/DirectMethodHandleAccessor.invokeImpl;java/lang/invoke/LambdaForm$MH.0x0000000012061400.invokeExact_MT;java/lang/invoke/LambdaForm$MH.0x0000000012061000.invoke;java/lang/invoke/DirectMethodHandle$Holder.invokeSpecial;org/weakref/nitro/tpcds/jmh_generated/BenchmarkQueries_query88_jmhTest.query88_AverageTime;org/weakref/nitro/tpcds/jmh_generated/BenchmarkQueries_query88_jmhTest.query88_avgt_jmhStub;org/weakref/nitro/tpcds/BenchmarkQueries.query88;org/weakref/nitro/tpcds/BenchmarkQueries.consume;org/weakref/nitro/operator/NestedLoopJoinOperator.next;org/weakref/nitro/operator/NestedLoopJoinOperator.produceBatch;org/weakref/nitro/operator/NestedLoopJoinOperator.loadNextOuterBatch;org/weakref/nitro/operator/NestedLoopJoinOperator.next;org/weakref/nitro/operator/NestedLoopJoinOperator.produceBatch;org/weakref/nitro/operator/NestedLoopJoinOperator.loadNextOuterBatch;org/weakref/nitro/operator/NestedLoopJoinOperator.next;org/weakref/nitro/operator/NestedLoopJoinOperator.produceBatch;org/weakref/nitro/operator/NestedLoopJoinOperator.loadNextOuterBatch;org/weakref/nitro/operator/NestedLoopJoinOperator.next;org/weakref/nitro/operator/NestedLoopJoinOperator.produceBatch;org/weakref/nitro/operator/NestedLoopJoinOperator.loadNextOuterBatch;org/weakref/nitro/operator/NestedLoopJoinOperator.next;org/weakref/nitro/operator/NestedLoopJoinOperator.produceBatch;org/weakref/nitro/operator/NestedLoopJoinOperator.loadNextOuterBatch;org/weakref/nitro/operator/NestedLoopJoinOperator.next;org/weakref/nitro/operator/NestedLoopJoinOperator.produceBatch;org/weakref/nitro/operator/NestedLoopJoinOperator.loadInnerIfNecessary;org/weakref/nitro/operator/BufferedJoinInput.loadAll;org/weakref/nitro/operator/BufferedJoinInput.loadAll;org/weakref/nitro/operator/BufferedJoinInput.captureSchema;org/weakref/nitro/operator/Output.borrow;org/weakref/nitro/operator/AggregationOperator$$Lambda.0x0000000012110000.apply;org/weakref/nitro/operator/AggregationOperator.lambda$resultOutput$0;org/weakref/nitro/operator/AggregationOperator.doAggregationIfNeeded;org/weakref/nitro/operator/HashJoinOperator.next;org/weakref/nitro/operator/HashJoinOperator.produceBatch;org/weakref/nitro/operator/HashJoinOperator.produceOrdinaryBatch;org/weakref/nitro/operator/HashJoinOperator.loadNextOuterBatch;org/weakref/nitro/operator/HashJoinOperator.next;org/weakref/nitro/operator/HashJoinOperator.produceBatch;org/weakref/nitro/operator/HashJoinOperator.produceOrdinaryBatch;org/weakref/nitro/operator/HashJoinOperator.loadNextOuterBatch;org/weakref/nitro/operator/HashJoinOperator.next;org/weakref/nitro/operator/HashJoinOperator.produceBatch;org/weakref/nitro/operator/HashJoinOperator.produceOrdinaryBatch;org/weakref/nitro/operator/HashJoinOperator.loadNextOuterBatch;org/weakref/nitro/operator/NitroParquetScanOperator.hasNext;org/weakref/nitro/operator/NitroParquetScanOperator.ensureWindow;org/weakref/nitro/operator/NitroParquetScanOperator.decodeFilterWindow;org/weakref/nitro/operator/NitroParquetScanOperator.ensureColumnScratch;org/weakref/nitro/operator/NitroParquetScanOperator.replaceLongs;org/weakref/nitro/data/PrimitiveArrayPool.borrowLongs;long[]_[i] 2
java/lang/Thread.run;java/lang/Thread.runWith;java/util/concurrent/ThreadPoolExecutor$Worker.run;java/util/concurrent/ThreadPoolExecutor.runWorker;java/util/concurrent/FutureTask.run;java/util/concurrent/Executors$RunnableAdapter.call;java/util/concurrent/FutureTask.run;org/openjdk/jmh/runner/BenchmarkHandler$BenchmarkTask.call;org/openjdk/jmh/runner/BenchmarkHandler$BenchmarkTask.call;java/lang/reflect/Method.invoke;jdk/internal/reflect/DirectMethodHandleAccessor.invoke;jdk/internal/reflect/DirectMethodHandleAccessor.invokeImpl;java/lang/invoke/LambdaForm$MH.0x0000000012061400.invokeExact_MT;java/lang/invoke/LambdaForm$MH.0x0000000012061000.invoke;java/lang/invoke/DirectMethodHandle$Holder.invokeSpecial;org/weakref/nitro/tpcds/jmh_generated/BenchmarkQueries_query88_jmhTest.query88_AverageTime;org/weakref/nitro/tpcds/jmh_generated/BenchmarkQueries_query88_jmhTest.query88_avgt_jmhStub;org/weakref/nitro/tpcds/BenchmarkQueries.query88;org/weakref/nitro/tpcds/BenchmarkQueries.consume;org/weakref/nitro/operator/NestedLoopJoinOperator.next;org/weakref/nitro/operator/NestedLoopJoinOperator.produceBatch;org/weakref/nitro/operator/NestedLoopJoinOperator.loadInnerIfNecessary;org/weakref/nitro/operator/BufferedJoinInput.loadAll;org/weakref/nitro/operator/BufferedJoinInput.loadAll;org/weakref/nitro/operator/BufferedJoinInput.captureSchema;org/weakref/nitro/operator/Output.borrow;org/weakref/nitro/operator/AggregationOperator$$Lambda.0x0000000012110000.apply;org/weakref/nitro/operator/AggregationOperator.lambda$resultOutput$0;org/weakref/nitro/operator/AggregationOperator.doAggregationIfNeeded;org/weakref/nitro/operator/HashJoinOperator.next;org/weakref/nitro/operator/HashJoinOperator.produceBatch;org/weakref/nitro/operator/HashJoinOperator.produceOrdinaryBatch;org/weakref/nitro/operator/HashJoinOperator.loadNextOuterBatch;org/weakref/nitro/operator/HashJoinOperator.next;org/weakref/nitro/operator/HashJoinOperator.produceBatch;org/weakref/nitro/operator/HashJoinOperator.produceOrdinaryBatch;org/weakref/nitro/operator/HashJoinOperator.loadNextOuterBatch;org/weakref/nitro/operator/HashJoinOperator.next;org/weakref/nitro/operator/HashJoinOperator.produceBatch;org/weakref/nitro/operator/HashJoinOperator.produceOrdinaryBatch;org/weakref/nitro/operator/HashJoinOperator.loadNextOuterBatch;org/weakref/nitro/operator/NitroParquetScanOperator.hasNext;org/weakref/nitro/operator/NitroParquetScanOperator.ensureWindow;org/weakref/nitro/operator/NitroParquetScanOperator.decodeFilterWindow;org/weakref/nitro/operator/NitroParquetScanOperator.ensureLong;org/weakref/nitro/operator/NitroParquetScanOperator.replaceLongs;org/weakref/nitro/data/PrimitiveArrayPool.borrowLongs;long[]_[i] 1
java/lang/Thread.run;java/lang/Thread.runWith;java/util/concurrent/ThreadPoolExecutor$Worker.run;java/util/concurrent/ThreadPoolExecutor.runWorker;java/util/concurrent/FutureTask.run;java/util/concurrent/Executors$RunnableAdapter.call;java/util/concurrent/FutureTask.run;org/openjdk/jmh/runner/BenchmarkHandler$BenchmarkTask.call;org/openjdk/jmh/runner/BenchmarkHandler$BenchmarkTask.call;java/lang/reflect/Method.invoke;jdk/internal/reflect/DirectMethodHandleAccessor.invoke;jdk/internal/reflect/DirectMethodHandleAccessor.invokeImpl;java/lang/invoke/LambdaForm$MH.0x0000000012061400.invokeExact_MT;java/lang/invoke/LambdaForm$MH.0x0000000012061000.invoke;java/lang/invoke/DirectMethodHandle$Holder.invokeSpecial;org/weakref/nitro/tpcds/jmh_generated/BenchmarkQueries_query88_jmhTest.query88_AverageTime;org/weakref/nitro/tpcds/jmh_generated/BenchmarkQueries_query88_jmhTest.query88_avgt_jmhStub;org/weakref/nitro/tpcds/BenchmarkQueries.query88;org/weakref/nitro/tpcds/BenchmarkQueries.consume;org/weakref/nitro/operator/NestedLoopJoinOperator.next;org/weakref/nitro/operator/NestedLoopJoinOperator.produceBatch;org/weakref/nitro/operator/NestedLoopJoinOperator.loadNextOuterBatch;org/weakref/nitro/operator/NestedLoopJoinOperator.next;org/weakref/nitro/operator/NestedLoopJoinOperator.produceBatch;org/weakref/nitro/operator/NestedLoopJoinOperator.loadNextOuterBatch;org/weakref/nitro/operator/NestedLoopJoinOperator.next;org/weakref/nitro/operator/NestedLoopJoinOperator.produceBatch;org/weakref/nitro/operator/NestedLoopJoinOperator.loadNextOuterBatch;org/weakref/nitro/operator/NestedLoopJoinOperator.next;org/weakref/nitro/operator/NestedLoopJoinOperator.produceBatch;org/weakref/nitro/operator/NestedLoopJoinOperator.loadInnerIfNecessary;org/weakref/nitro/operator/BufferedJoinInput.loadAll;org/weakref/nitro/operator/BufferedJoinInput.loadAll;org/weakref/nitro/operator/BufferedJoinInput.captureSchema;org/weakref/nitro/operator/Output.borrow;org/weakref/nitro/operator/AggregationOperator$$Lambda.0x0000000012110000.apply;org/weakref/nitro/operator/AggregationOperator.lambda$resultOutput$0;org/weakref/nitro/operator/AggregationOperator.doAggregationIfNeeded;org/weakref/nitro/operator/HashJoinOperator.next;org/weakref/nitro/operator/HashJoinOperator.produceBatch;org/weakref/nitro/operator/HashJoinOperator.produceOrdinaryBatch;org/weakref/nitro/operator/HashJoinOperator.loadNextOuterBatch;org/weakref/nitro/operator/HashJoinOperator.next;org/weakref/nitro/operator/HashJoinOperator.produceBatch;org/weakref/nitro/operator/HashJoinOperator.produceOrdinaryBatch;org/weakref/nitro/operator/HashJoinOperator.loadNextOuterBatch;org/weakref/nitro/operator/HashJoinOperator.next;org/weakref/nitro/operator/HashJoinOperator.produceBatch;org/weakref/nitro/operator/HashJoinOperator.loadInnerIfNecessary;org/weakref/nitro/operator/HashJoinOperator.loadStreamingInner;org/weakref/nitro/operator/HashJoinOperator$LongJoinIndex.addNoNulls;org/weakref/nitro/operator/HashJoinOperator$LongJoinIndex.addRow;org/weakref/nitro/operator/HashJoinOperator$LongJoinIndex.addDirectRangeRow;org/weakref/nitro/operator/HashJoinOperator$LongJoinIndex.ensureDirectBuildCapacity;org/weakref/nitro/data/PrimitiveArrayPool.borrowInts;int[]_[i] 1
java/lang/Thread.run;java/lang/Thread.runWith;java/util/concurrent/ThreadPoolExecutor$Worker.run;java/util/concurrent/ThreadPoolExecutor.runWorker;java/util/concurrent/FutureTask.run;java/util/concurrent/Executors$RunnableAdapter.call;java/util/concurrent/FutureTask.run;org/openjdk/jmh/runner/BenchmarkHandler$BenchmarkTask.call;org/openjdk/jmh/runner/BenchmarkHandler$BenchmarkTask.call;java/lang/reflect/Method.invoke;jdk/internal/reflect/DirectMethodHandleAccessor.invoke;jdk/internal/reflect/DirectMethodHandleAccessor.invokeImpl;java/lang/invoke/LambdaForm$MH.0x0000000012061400.invokeExact_MT;java/lang/invoke/LambdaForm$MH.0x0000000012061000.invoke;java/lang/invoke/DirectMethodHandle$Holder.invokeSpecial;org/weakref/nitro/tpcds/jmh_generated/BenchmarkQueries_query88_jmhTest.query88_AverageTime;org/weakref/nitro/tpcds/jmh_generated/BenchmarkQueries_query88_jmhTest.query88_avgt_jmhStub;org/weakref/nitro/tpcds/BenchmarkQueries.query88;org/weakref/nitro/tpcds/BenchmarkQueries.consume;org/weakref/nitro/operator/NestedLoopJoinOperator.next;org/weakref/nitro/operator/NestedLoopJoinOperator.produceBatch;org/weakref/nitro/operator/NestedLoopJoinOperator.loadNextOuterBatch;org/weakref/nitro/operator/NestedLoopJoinOperator.next;org/weakref/nitro/operator/NestedLoopJoinOperator.produceBatch;org/weakref/nitro/operator/NestedLoopJoinOperator.loadNextOuterBatch;org/weakref/nitro/operator/NestedLoopJoinOperator.next;org/weakref/nitro/operator/NestedLoopJoinOperator.produceBatch;org/weakref/nitro/operator/NestedLoopJoinOperator.loadNextOuterBatch;org/weakref/nitro/operator/NestedLoopJoinOperator.next;org/weakref/nitro/operator/NestedLoopJoinOperator.produceBatch;org/weakref/nitro/operator/NestedLoopJoinOperator.loadNextOuterBatch;org/weakref/nitro/operator/NestedLoopJoinOperator.next;org/weakref/nitro/operator/NestedLoopJoinOperator.produceBatch;org/weakref/nitro/operator/NestedLoopJoinOperator.loadInnerIfNecessary;org/weakref/nitro/operator/BufferedJoinInput.loadAll;org/weakref/nitro/operator/BufferedJoinInput.loadAll;org/weakref/nitro/operator/BufferedJoinInput.captureSchema;org/weakref/nitro/operator/Output.borrow;org/weakref/nitro/operator/AggregationOperator$$Lambda.0x0000000012110000.apply;org/weakref/nitro/operator/AggregationOperator.lambda$resultOutput$0;org/weakref/nitro/operator/AggregationOperator.doAggregationIfNeeded;org/weakref/nitro/operator/HashJoinOperator.next;org/weakref/nitro/operator/HashJoinOperator.produceBatch;org/weakref/nitro/operator/HashJoinOperator.produceOrdinaryBatch;org/weakref/nitro/operator/HashJoinOperator.loadNextOuterBatch;org/weakref/nitro/operator/HashJoinOperator.next;org/weakref/nitro/operator/HashJoinOperator.produceBatch;org/weakref/nitro/operator/HashJoinOperator.produceOrdinaryBatch;org/weakref/nitro/operator/HashJoinOperator.loadNextOuterBatch;org/weakref/nitro/operator/HashJoinOperator.next;org/weakref/nitro/operator/HashJoinOperator.produceBatch;org/weakref/nitro/operator/HashJoinOperator.produceOrdinaryBatch;org/weakref/nitro/operator/HashJoinOperator.loadNextOuterBatch;org/weakref/nitro/operator/NitroParquetScanOperator.hasNext;org/weakref/nitro/operator/NitroParquetScanOperator.ensureWindow;org/weakref/nitro/operator/NitroParquetScanOperator.decodeFilterWindow;org/weakref/nitro/operator/NitroParquetScanOperator.readColumnInto;org/weakref/nitro/operator/NitroParquetScanOperator.ensureColumnScratch;org/weakref/nitro/operator/NitroParquetScanOperator.replaceBooleans;org/weakref/nitro/data/PrimitiveArrayPool.borrowBooleans;boolean[]_[i] 3
java/lang/Thread.run;java/lang/Thread.runWith;java/util/concurrent/ThreadPoolExecutor$Worker.run;java/util/concurrent/ThreadPoolExecutor.runWorker;java/util/concurrent/FutureTask.run;java/util/concurrent/Executors$RunnableAdapter.call;java/util/concurrent/FutureTask.run;org/openjdk/jmh/runner/BenchmarkHandler$BenchmarkTask.call;org/openjdk/jmh/runner/BenchmarkHandler$BenchmarkTask.call;java/lang/reflect/Method.invoke;jdk/internal/reflect/DirectMethodHandleAccessor.invoke;jdk/internal/reflect/DirectMethodHandleAccessor.invokeImpl;java/lang/invoke/LambdaForm$MH.0x0000000012061400.invokeExact_MT;java/lang/invoke/LambdaForm$MH.0x0000000012061000.invoke;java/lang/invoke/DirectMethodHandle$Holder.invokeSpecial;org/weakref/nitro/tpcds/jmh_generated/BenchmarkQueries_query88_jmhTest.query88_AverageTime;org/weakref/nitro/tpcds/jmh_generated/BenchmarkQueries_query88_jmhTest.query88_avgt_jmhStub;org/weakref/nitro/tpcds/BenchmarkQueries.query88;org/weakref/nitro/tpcds/TpcdsParquetSupport.query88;org/weakref/nitro/tpcds/TpcdsParquetSupport.query88BucketCount;org/weakref/nitro/tpcds/TpcdsParquetSupport.query88Bucket;org/weakref/nitro/tpcds/TpcdsParquetSupport.filteredProjectedTable;org/weakref/nitro/tpcds/TpcdsParquetSupport.scannedTable;org/weakref/nitro/tpcds/TpcdsParquetSupport.factScan;org/weakref/nitro/operator/NitroParquetScanOperator.<init>;java/util/stream/ReferencePipeline.toArray;java/util/stream/AbstractPipeline.evaluateToArrayNode;java/util/stream/AbstractPipeline.evaluate;java/util/stream/AbstractPipeline.wrapAndCopyInto;java/util/stream/AbstractPipeline.copyInto;java/util/AbstractList$RandomAccessSpliterator.forEachRemaining;java/util/stream/ReferencePipeline$3$1.accept;org/weakref/nitro/operator/NitroParquetScanOperator$$Lambda.0x0000000012086b58.apply;org/weakref/nitro/parquet/ParquetFile.open;org/weakref/nitro/parquet/ParquetFile.<init>;org/apache/parquet/format/Util.readFileMetaData;org/apache/parquet/format/Util.readFileMetaData;org/apache/parquet/format/Util.read;org/apache/parquet/format/FileMetaData.read;org/apache/parquet/format/FileMetaData$FileMetaDataStandardScheme.read;org/apache/parquet/format/FileMetaData$FileMetaDataStandardScheme.read;org/apache/parquet/format/SchemaElement.read;org/apache/parquet/format/SchemaElement$SchemaElementStandardScheme.read;org/apache/parquet/format/SchemaElement$SchemaElementStandardScheme.read;org.apache.parquet.format.LogicalType_[i] 1
java/lang/Thread.run;java/lang/Thread.runWith;java/util/concurrent/ThreadPoolExecutor$Worker.run;java/util/concurrent/ThreadPoolExecutor.runWorker;java/util/concurrent/FutureTask.run;java/util/concurrent/Executors$RunnableAdapter.call;java/util/concurrent/FutureTask.run;org/openjdk/jmh/runner/BenchmarkHandler$BenchmarkTask.call;org/openjdk/jmh/runner/BenchmarkHandler$BenchmarkTask.call;java/lang/reflect/Method.invoke;jdk/internal/reflect/DirectMethodHandleAccessor.invoke;jdk/internal/reflect/DirectMethodHandleAccessor.invokeImpl;java/lang/invoke/LambdaForm$MH.0x0000000012061400.invokeExact_MT;java/lang/invoke/LambdaForm$MH.0x0000000012061000.invoke;java/lang/invoke/DirectMethodHandle$Holder.invokeSpecial;org/weakref/nitro/tpcds/jmh_generated/BenchmarkQueries_query88_jmhTest.query88_AverageTime;org/weakref/nitro/tpcds/jmh_generated/BenchmarkQueries_query88_jmhTest.query88_avgt_jmhStub;org/weakref/nitro/tpcds/BenchmarkQueries.query88;org/weakref/nitro/tpcds/BenchmarkQueries.consume;org/weakref/nitro/operator/NestedLoopJoinOperator.next;org/weakref/nitro/operator/NestedLoopJoinOperator.produceBatch;org/weakref/nitro/operator/NestedLoopJoinOperator.loadNextOuterBatch;org/weakref/nitro/operator/NestedLoopJoinOperator.next;org/weakref/nitro/operator/NestedLoopJoinOperator.produceBatch;org/weakref/nitro/operator/NestedLoopJoinOperator.loadNextOuterBatch;org/weakref/nitro/operator/NestedLoopJoinOperator.next;org/weakref/nitro/operator/NestedLoopJoinOperator.produceBatch;org/weakref/nitro/operator/NestedLoopJoinOperator.loadNextOuterBatch;org/weakref/nitro/operator/NestedLoopJoinOperator.next;org/weakref/nitro/operator/NestedLoopJoinOperator.produceBatch;org/weakref/nitro/operator/NestedLoopJoinOperator.loadNextOuterBatch;org/weakref/nitro/operator/NestedLoopJoinOperator.next;org/weakref/nitro/operator/NestedLoopJoinOperator.produceBatch;org/weakref/nitro/operator/NestedLoopJoinOperator.loadNextOuterBatch;org/weakref/nitro/operator/NestedLoopJoinOperator.next;org/weakref/nitro/operator/NestedLoopJoinOperator.produceBatch;org/weakref/nitro/operator/NestedLoopJoinOperator.loadNextOuterBatch;org/weakref/nitro/operator/NestedLoopJoinOperator.next;org/weakref/nitro/operator/NestedLoopJoinOperator.produceBatch;org/weakref/nitro/operator/NestedLoopJoinOperator.joinWithInnerRow;org/weakref/nitro/operator/JoinOutputBuffer.joinWithInnerRow;org/weakref/nitro/operator/JoinBufferSupport.borrowStreams;org/weakref/nitro/operator/Output.borrow;org/weakref/nitro/operator/AggregationOperator$$Lambda.0x0000000012110000.apply;org/weakref/nitro/operator/AggregationOperator.lambda$resultOutput$0;org/weakref/nitro/operator/AggregationOperator.doAggregationIfNeeded;org/weakref/nitro/operator/HashJoinOperator.next;org/weakref/nitro/operator/HashJoinOperator.produceBatch;org/weakref/nitro/operator/HashJoinOperator.produceOrdinaryBatch;org/weakref/nitro/operator/HashJoinOperator.loadNextOuterBatch;org/weakref/nitro/operator/HashJoinOperator.next;org/weakref/nitro/operator/HashJoinOperator.produceBatch;org/weakref/nitro/operator/HashJoinOperator.produceOrdinaryBatch;org/weakref/nitro/operator/HashJoinOperator.loadNextOuterBatch;org/weakref/nitro/operator/HashJoinOperator.next;org/weakref/nitro/operator/HashJoinOperator.produceBatch;org/weakref/nitro/operator/HashJoinOperator.produceOrdinaryBatch;org/weakref/nitro/operator/HashJoinOperator.loadNextOuterBatch;org/weakref/nitro/operator/NitroParquetScanOperator.hasNext;org/weakref/nitro/operator/NitroParquetScanOperator.ensureWindow;org/weakref/nitro/operator/NitroParquetScanOperator.decodeFilterWindow;org/weakref/nitro/operator/NitroParquetScanOperator.readColumnInto;org/weakref/nitro/parquet/ColumnReader.readSelectedLongs;org/weakref/nitro/parquet/ColumnReader.acquirePageForSkip;org/weakref/nitro/parquet/ColumnReader.peekNextDataPage;org/weakref/nitro/parquet/ColumnReader.decodeDictionary;org/weakref/nitro/parquet/ColumnReader.replaceLongs;org/weakref/nitro/data/PrimitiveArrayPool.borrowLongs;long[]_[i] 1
java/lang/Thread.run;java/lang/Thread.runWith;java/util/concurrent/ThreadPoolExecutor$Worker.run;java/util/concurrent/ThreadPoolExecutor.runWorker;java/util/concurrent/FutureTask.run;java/util/concurrent/Executors$RunnableAdapter.call;java/util/concurrent/FutureTask.run;org/openjdk/jmh/runner/BenchmarkHandler$BenchmarkTask.call;org/openjdk/jmh/runner/BenchmarkHandler$BenchmarkTask.call;java/lang/reflect/Method.invoke;jdk/internal/reflect/DirectMethodHandleAccessor.invoke;jdk/internal/reflect/DirectMethodHandleAccessor.invokeImpl;java/lang/invoke/LambdaForm$MH.0x0000000012061400.invokeExact_MT;java/lang/invoke/LambdaForm$MH.0x0000000012061000.invoke;java/lang/invoke/DirectMethodHandle$Holder.invokeSpecial;org/weakref/nitro/tpcds/jmh_generated/BenchmarkQueries_query88_jmhTest.query88_AverageTime;org/weakref/nitro/tpcds/jmh_generated/BenchmarkQueries_query88_jmhTest.query88_avgt_jmhStub;org/weakref/nitro/tpcds/BenchmarkQueries.query88;org/weakref/nitro/tpcds/BenchmarkQueries.consume;org/weakref/nitro/operator/NestedLoopJoinOperator.next;org/weakref/nitro/operator/NestedLoopJoinOperator.produceBatch;org/weakref/nitro/operator/NestedLoopJoinOperator.loadNextOuterBatch;org/weakref/nitro/operator/NestedLoopJoinOperator.next;org/weakref/nitro/operator/NestedLoopJoinOperator.produceBatch;org/weakref/nitro/operator/NestedLoopJoinOperator.loadNextOuterBatch;org/weakref/nitro/operator/NestedLoopJoinOperator.next;org/weakref/nitro/operator/NestedLoopJoinOperator.produceBatch;org/weakref/nitro/operator/NestedLoopJoinOperator.loadNextOuterBatch;org/weakref/nitro/operator/NestedLoopJoinOperator.next;org/weakref/nitro/operator/NestedLoopJoinOperator.produceBatch;org/weakref/nitro/operator/NestedLoopJoinOperator.loadNextOuterBatch;org/weakref/nitro/operator/NestedLoopJoinOperator.next;org/weakref/nitro/operator/NestedLoopJoinOperator.produceBatch;org/weakref/nitro/operator/NestedLoopJoinOperator.loadNextOuterBatch;org/weakref/nitro/operator/NestedLoopJoinOperator.next;org/weakref/nitro/operator/NestedLoopJoinOperator.produceBatch;org/weakref/nitro/operator/NestedLoopJoinOperator.loadNextOuterBatch;org/weakref/nitro/operator/NestedLoopJoinOperator.next;org/weakref/nitro/operator/NestedLoopJoinOperator.produceBatch;org/weakref/nitro/operator/NestedLoopJoinOperator.joinWithInnerRow;org/weakref/nitro/operator/JoinOutputBuffer.joinWithInnerRow;org/weakref/nitro/operator/JoinBufferSupport.borrowStreams;org/weakref/nitro/operator/Output.borrow;org/weakref/nitro/operator/AggregationOperator$$Lambda.0x0000000012110000.apply;org/weakref/nitro/operator/AggregationOperator.lambda$resultOutput$0;org/weakref/nitro/operator/AggregationOperator.doAggregationIfNeeded;org/weakref/nitro/operator/HashJoinOperator.next;org/weakref/nitro/operator/HashJoinOperator.produceBatch;org/weakref/nitro/operator/HashJoinOperator.produceOrdinaryBatch;org/weakref/nitro/operator/HashJoinOperator.loadNextOuterBatch;org/weakref/nitro/operator/HashJoinOperator.next;org/weakref/nitro/operator/HashJoinOperator.produceBatch;org/weakref/nitro/operator/HashJoinOperator.loadInnerIfNecessary;org/weakref/nitro/operator/HashJoinOperator.loadStreamingInner;org/weakref/nitro/operator/FilterOperator.next;org/weakref/nitro/operator/evaluator/PlanEvaluator.evaluateInPlace;org/weakref/nitro/operator/evaluator/PlanEvaluator.evaluateTrueMaskInPlace;org/weakref/nitro/operator/evaluator/PlanEvaluator.evaluateTrueMaskInPlace;org/weakref/nitro/operator/evaluator/PlanEvaluator.evaluateAdaptiveAndTrueMaskInPlace;org/weakref/nitro/operator/evaluator/PlanEvaluator.evaluateMeasuredTrueMaskInPlace;org/weakref/nitro/operator/evaluator/PlanEvaluator.evaluateTrueMaskInPlace;org/weakref/nitro/operator/evaluator/PlanEvaluator.tryEvaluatePrimitiveTrueMaskInPlace;org/weakref/nitro/operator/evaluator/PlanEvaluator.tryEvaluatePrimitiveMaskInPlace;org/weakref/nitro/operator/evaluator/PlanEvaluator.resolveMaskPrimitiveInvocation;org/weakref/nitro/operator/evaluator/PlanEvaluator.evaluateArgument;org/weakref/nitro/operator/evaluator/PlanEvaluator.evaluateAvailableReference;org/weakref/nitro/operator/evaluator/PlanEvaluator.evaluate;org/weakref/nitro/operator/evaluator/PlanEvaluator.evaluateUnmemoized;org/weakref/nitro/operator/evaluator/PlanEvaluator.evaluateVariable;org/weakref/nitro/operator/evaluator/PlanEvaluator.evaluateCall;org/weakref/nitro/function/scalar/builtin/AddI64.apply;org/weakref/nitro/function/scalar/builtin/I64BinaryDispatch.applyLong;org/weakref/nitro/function/scalar/builtin/I64BinaryDispatch.forEachPair;org/weakref/nitro/function/scalar/builtin/I64BinaryDispatch.forEachFlatRle;org/weakref/nitro/data/Mask$1.next;org/weakref/nitro/data/Mask$1.next;java/lang/Integer.valueOf;java.lang.Integer_[i] 1
java/lang/Thread.run;java/lang/Thread.runWith;java/util/concurrent/ThreadPoolExecutor$Worker.run;java/util/concurrent/ThreadPoolExecutor.runWorker;java/util/concurrent/FutureTask.run;java/util/concurrent/Executors$RunnableAdapter.call;java/util/concurrent/FutureTask.run;org/openjdk/jmh/runner/BenchmarkHandler$BenchmarkTask.call;org/openjdk/jmh/runner/BenchmarkHandler$BenchmarkTask.call;java/lang/reflect/Method.invoke;jdk/internal/reflect/DirectMethodHandleAccessor.invoke;jdk/internal/reflect/DirectMethodHandleAccessor.invokeImpl;java/lang/invoke/LambdaForm$MH.0x0000000012061400.invokeExact_MT;java/lang/invoke/LambdaForm$MH.0x0000000012061000.invoke;java/lang/invoke/DirectMethodHandle$Holder.invokeSpecial;org/weakref/nitro/tpcds/jmh_generated/BenchmarkQueries_query88_jmhTest.query88_AverageTime;org/weakref/nitro/tpcds/jmh_generated/BenchmarkQueries_query88_jmhTest.query88_avgt_jmhStub;org/weakref/nitro/tpcds/BenchmarkQueries.query88;org/weakref/nitro/tpcds/BenchmarkQueries.consume;org/weakref/nitro/operator/NestedLoopJoinOperator.next;org/weakref/nitro/operator/NestedLoopJoinOperator.produceBatch;org/weakref/nitro/operator/NestedLoopJoinOperator.loadNextOuterBatch;org/weakref/nitro/operator/NestedLoopJoinOperator.next;org/weakref/nitro/operator/NestedLoopJoinOperator.produceBatch;org/weakref/nitro/operator/NestedLoopJoinOperator.loadInnerIfNecessary;org/weakref/nitro/operator/BufferedJoinInput.loadAll;org/weakref/nitro/operator/BufferedJoinInput.loadAll;org/weakref/nitro/operator/BufferedJoinInput.captureSchema;org/weakref/nitro/operator/Output.borrow;org/weakref/nitro/operator/AggregationOperator$$Lambda.0x0000000012110000.apply;org/weakref/nitro/operator/AggregationOperator.lambda$resultOutput$0;org/weakref/nitro/operator/AggregationOperator.doAggregationIfNeeded;org/weakref/nitro/operator/HashJoinOperator.next;org/weakref/nitro/operator/HashJoinOperator.produceBatch;org/weakref/nitro/operator/HashJoinOperator.produceOrdinaryBatch;org/weakref/nitro/operator/HashJoinOperator.loadNextOuterBatch;org/weakref/nitro/operator/HashJoinOperator.next;org/weakref/nitro/operator/HashJoinOperator.produceBatch;org/weakref/nitro/operator/HashJoinOperator.loadInnerIfNecessary;org/weakref/nitro/operator/HashJoinOperator.loadStreamingInner;org/weakref/nitro/operator/HashJoinOperator.collectBuildKeys;it/unimi/dsi/fastutil/longs/LongOpenHashSet.add;it/unimi/dsi/fastutil/longs/LongOpenHashSet.rehash;long[]_[i] 1
java/lang/Thread.run;java/lang/Thread.runWith;java/util/concurrent/ThreadPoolExecutor$Worker.run;java/util/concurrent/ThreadPoolExecutor.runWorker;java/util/concurrent/FutureTask.run;java/util/concurrent/Executors$RunnableAdapter.call;java/util/concurrent/FutureTask.run;org/openjdk/jmh/runner/BenchmarkHandler$BenchmarkTask.call;org/openjdk/jmh/runner/BenchmarkHandler$BenchmarkTask.call;java/lang/reflect/Method.invoke;jdk/internal/reflect/DirectMethodHandleAccessor.invoke;jdk/internal/reflect/DirectMethodHandleAccessor.invokeImpl;java/lang/invoke/LambdaForm$MH.0x0000000012061400.invokeExact_MT;java/lang/invoke/LambdaForm$MH.0x0000000012061000.invoke;java/lang/invoke/DirectMethodHandle$Holder.invokeSpecial;org/weakref/nitro/tpcds/jmh_generated/BenchmarkQueries_query88_jmhTest.query88_AverageTime;org/weakref/nitro/tpcds/jmh_generated/BenchmarkQueries_query88_jmhTest.query88_avgt_jmhStub;org/weakref/nitro/tpcds/BenchmarkQueries.query88;org/weakref/nitro/tpcds/BenchmarkQueries.consume;org/weakref/nitro/operator/NestedLoopJoinOperator.next;org/weakref/nitro/operator/NestedLoopJoinOperator.produceBatch;org/weakref/nitro/operator/NestedLoopJoinOperator.loadNextOuterBatch;org/weakref/nitro/operator/NestedLoopJoinOperator.next;org/weakref/nitro/operator/NestedLoopJoinOperator.produceBatch;org/weakref/nitro/operator/NestedLoopJoinOperator.loadInnerIfNecessary;org/weakref/nitro/operator/BufferedJoinInput.loadAll;org/weakref/nitro/operator/BufferedJoinInput.loadAll;org/weakref/nitro/operator/BufferedJoinInput.captureSchema;org/weakref/nitro/operator/Output.borrow;org/weakref/nitro/operator/AggregationOperator$$Lambda.0x0000000012110000.apply;org/weakref/nitro/operator/AggregationOperator.lambda$resultOutput$0;org/weakref/nitro/operator/AggregationOperator.doAggregationIfNeeded;org/weakref/nitro/operator/HashJoinOperator.next;org/weakref/nitro/operator/HashJoinOperator.produceBatch;org/weakref/nitro/operator/HashJoinOperator.produceOrdinaryBatch;org/weakref/nitro/operator/HashJoinOperator.loadNextOuterBatch;org/weakref/nitro/operator/HashJoinOperator.next;org/weakref/nitro/operator/HashJoinOperator.produceBatch;org/weakref/nitro/operator/HashJoinOperator.produceOrdinaryBatch;org/weakref/nitro/operator/HashJoinOperator.loadNextOuterBatch;org/weakref/nitro/operator/HashJoinOperator.next;org/weakref/nitro/operator/HashJoinOperator.produceBatch;org/weakref/nitro/operator/HashJoinOperator.produceOrdinaryBatch;org/weakref/nitro/operator/HashJoinOperator.loadNextOuterBatch;org/weakref/nitro/operator/NitroParquetScanOperator.hasNext;org/weakref/nitro/operator/NitroParquetScanOperator.ensureWindow;org/weakref/nitro/operator/NitroParquetScanOperator.decodeFilterWindow;org/weakref/nitro/operator/NitroParquetScanOperator.ensureWindowNull;org/weakref/nitro/operator/NitroParquetScanOperator.replaceBooleans;org/weakref/nitro/data/PrimitiveArrayPool.borrowBooleans;boolean[]_[i] 1
java/lang/Thread.run;java/lang/Thread.runWith;java/util/concurrent/ThreadPoolExecutor$Worker.run;java/util/concurrent/ThreadPoolExecutor.runWorker;java/util/concurrent/FutureTask.run;java/util/concurrent/Executors$RunnableAdapter.call;java/util/concurrent/FutureTask.run;org/openjdk/jmh/runner/BenchmarkHandler$BenchmarkTask.call;org/openjdk/jmh/runner/BenchmarkHandler$BenchmarkTask.call;java/lang/reflect/Method.invoke;jdk/internal/reflect/DirectMethodHandleAccessor.invoke;jdk/internal/reflect/DirectMethodHandleAccessor.invokeImpl;java/lang/invoke/LambdaForm$MH.0x0000000012061400.invokeExact_MT;java/lang/invoke/LambdaForm$MH.0x0000000012061000.invoke;java/lang/invoke/DirectMethodHandle$Holder.invokeSpecial;org/weakref/nitro/tpcds/jmh_generated/BenchmarkQueries_query88_jmhTest.query88_AverageTime;org/weakref/nitro/tpcds/jmh_generated/BenchmarkQueries_query88_jmhTest.query88_avgt_jmhStub;org/weakref/nitro/tpcds/BenchmarkQueries.query88;org/weakref/nitro/tpcds/BenchmarkQueries.consume;org/weakref/nitro/operator/NestedLoopJoinOperator.next;org/weakref/nitro/operator/NestedLoopJoinOperator.produceBatch;org/weakref/nitro/operator/NestedLoopJoinOperator.loadNextOuterBatch;org/weakref/nitro/operator/NestedLoopJoinOperator.next;org/weakref/nitro/operator/NestedLoopJoinOperator.produceBatch;org/weakref/nitro/operator/NestedLoopJoinOperator.loadNextOuterBatch;org/weakref/nitro/operator/NestedLoopJoinOperator.next;org/weakref/nitro/operator/NestedLoopJoinOperator.produceBatch;org/weakref/nitro/operator/NestedLoopJoinOperator.loadInnerIfNecessary;org/weakref/nitro/operator/BufferedJoinInput.loadAll;org/weakref/nitro/operator/BufferedJoinInput.loadAll;org/weakref/nitro/operator/BufferedJoinInput.captureSchema;org/weakref/nitro/operator/Output.borrow;org/weakref/nitro/operator/AggregationOperator$$Lambda.0x0000000012110000.apply;org/weakref/nitro/operator/AggregationOperator.lambda$resultOutput$0;org/weakref/nitro/operator/AggregationOperator.doAggregationIfNeeded;org/weakref/nitro/operator/HashJoinOperator.next;org/weakref/nitro/operator/HashJoinOperator.produceBatch;org/weakref/nitro/operator/HashJoinOperator.produceOrdinaryBatch;org/weakref/nitro/operator/HashJoinOperator.loadNextOuterBatch;org/weakref/nitro/operator/HashJoinOperator.next;org/weakref/nitro/operator/HashJoinOperator.produceBatch;org/weakref/nitro/operator/HashJoinOperator.produceOrdinaryBatch;org/weakref/nitro/operator/HashJoinOperator.loadNextOuterBatch;org/weakref/nitro/operator/HashJoinOperator.next;org/weakref/nitro/operator/HashJoinOperator.produceBatch;org/weakref/nitro/operator/HashJoinOperator.loadInnerIfNecessary;org/weakref/nitro/operator/HashJoinOperator.loadStreamingInner;org/weakref/nitro/operator/FilterOperator.next;org/weakref/nitro/operator/evaluator/PlanEvaluator.evaluateInPlace;org/weakref/nitro/operator/evaluator/PlanEvaluator.evaluateTrueMaskInPlace;org/weakref/nitro/operator/evaluator/PlanEvaluator.evaluateTrueMaskInPlace;org/weakref/nitro/operator/evaluator/PlanEvaluator.evaluateAdaptiveAndTrueMaskInPlace;org/weakref/nitro/operator/evaluator/PlanEvaluator.evaluateMeasuredTrueMaskInPlace;org/weakref/nitro/operator/evaluator/PlanEvaluator.evaluateTrueMaskInPlace;org/weakref/nitro/operator/evaluator/PlanEvaluator.tryEvaluatePrimitiveTrueMaskInPlace;org/weakref/nitro/operator/evaluator/PlanEvaluator.tryEvaluatePrimitiveMaskInPlace;org/weakref/nitro/operator/evaluator/PlanEvaluator.resolveMaskPrimitiveInvocation;org/weakref/nitro/operator/evaluator/PlanEvaluator.evaluateArgument;org/weakref/nitro/operator/FilterOperator$1.resolve;org/weakref/nitro/operator/Output.borrowOrNull;org/weakref/nitro/operator/Output.borrow;org/weakref/nitro/operator/Output.borrow;org/weakref/nitro/operator/NitroParquetScanOperator$ScanOutputResolver$$Lambda.0x00000000120bc200.apply;org/weakref/nitro/operator/NitroParquetScanOperator$ScanOutputResolver.resolve;org/weakref/nitro/operator/NitroParquetScanOperator.resolveLazyColumn;org/weakref/nitro/operator/NitroParquetScanOperator.drainPendingAdvance;org/weakref/nitro/parquet/ColumnReader.skip;org/weakref/nitro/parquet/ColumnReader.decodeDataPageV1;org/weakref/nitro/parquet/ColumnReader.ensureIdCapacity;org/weakref/nitro/parquet/ColumnReader.replaceInts;org/weakref/nitro/data/PrimitiveArrayPool.borrowInts;int[]_[i] 1
java/lang/Thread.run;java/lang/Thread.runWith;java/util/concurrent/ThreadPoolExecutor$Worker.run;java/util/concurrent/ThreadPoolExecutor.runWorker;java/util/concurrent/FutureTask.run;java/util/concurrent/Executors$RunnableAdapter.call;java/util/concurrent/FutureTask.run;org/openjdk/jmh/runner/BenchmarkHandler$BenchmarkTask.call;org/openjdk/jmh/runner/BenchmarkHandler$BenchmarkTask.call;java/lang/reflect/Method.invoke;jdk/internal/reflect/DirectMethodHandleAccessor.invoke;jdk/internal/reflect/DirectMethodHandleAccessor.invokeImpl;java/lang/invoke/LambdaForm$MH.0x0000000012061400.invokeExact_MT;java/lang/invoke/LambdaForm$MH.0x0000000012061000.invoke;java/lang/invoke/DirectMethodHandle$Holder.invokeSpecial;org/weakref/nitro/tpcds/jmh_generated/BenchmarkQueries_query88_jmhTest.query88_AverageTime;org/weakref/nitro/tpcds/jmh_generated/BenchmarkQueries_query88_jmhTest.query88_avgt_jmhStub;org/weakref/nitro/tpcds/BenchmarkQueries.query88;org/weakref/nitro/tpcds/BenchmarkQueries.consume;org/weakref/nitro/operator/NestedLoopJoinOperator.next;org/weakref/nitro/operator/NestedLoopJoinOperator.produceBatch;org/weakref/nitro/operator/NestedLoopJoinOperator.loadNextOuterBatch;org/weakref/nitro/operator/NestedLoopJoinOperator.next;org/weakref/nitro/operator/NestedLoopJoinOperator.produceBatch;org/weakref/nitro/operator/NestedLoopJoinOperator.loadNextOuterBatch;org/weakref/nitro/operator/NestedLoopJoinOperator.next;org/weakref/nitro/operator/NestedLoopJoinOperator.produceBatch;org/weakref/nitro/operator/NestedLoopJoinOperator.loadNextOuterBatch;org/weakref/nitro/operator/NestedLoopJoinOperator.next;org/weakref/nitro/operator/NestedLoopJoinOperator.produceBatch;org/weakref/nitro/operator/NestedLoopJoinOperator.loadInnerIfNecessary;org/weakref/nitro/operator/BufferedJoinInput.loadAll;org/weakref/nitro/operator/BufferedJoinInput.loadAll;org/weakref/nitro/operator/BufferedJoinInput.captureSchema;org/weakref/nitro/operator/Output.borrow;org/weakref/nitro/operator/AggregationOperator$$Lambda.0x0000000012110000.apply;org/weakref/nitro/operator/AggregationOperator.lambda$resultOutput$0;org/weakref/nitro/operator/AggregationOperator.doAggregationIfNeeded;org/weakref/nitro/operator/HashJoinOperator.next;org/weakref/nitro/operator/HashJoinOperator.produceBatch;org/weakref/nitro/operator/HashJoinOperator.produceOrdinaryBatch;org/weakref/nitro/operator/HashJoinOperator.loadNextOuterBatch;org/weakref/nitro/operator/HashJoinOperator.next;org/weakref/nitro/operator/HashJoinOperator.produceBatch;org/weakref/nitro/operator/HashJoinOperator.produceOrdinaryBatch;org/weakref/nitro/operator/HashJoinOperator.loadNextOuterBatch;org/weakref/nitro/operator/HashJoinOperator.next;org/weakref/nitro/operator/HashJoinOperator.produceBatch;org/weakref/nitro/operator/HashJoinOperator.loadInnerIfNecessary;org/weakref/nitro/operator/HashJoinOperator.loadStreamingInner;org/weakref/nitro/operator/Output.borrow;org/weakref/nitro/operator/NitroParquetScanOperator$ScanOutputResolver$$Lambda.0x00000000120bc200.apply;org/weakref/nitro/operator/NitroParquetScanOperator$ScanOutputResolver.resolve;org/weakref/nitro/operator/NitroParquetScanOperator.resolveLazyColumn;org/weakref/nitro/operator/NitroParquetScanOperator.drainPendingAdvance;org/weakref/nitro/parquet/ColumnReader.skip;org/weakref/nitro/parquet/ColumnReader.decodeDataPageV1;org/weakref/nitro/parquet/ColumnReader.ensurePageCapacity;org/weakref/nitro/parquet/ColumnReader.ensurePageValueCapacity;org/weakref/nitro/parquet/ColumnReader.replaceLongs;org/weakref/nitro/data/PrimitiveArrayPool.borrowLongs;long[]_[i] 2
java/lang/Thread.run;java/lang/Thread.runWith;java/util/concurrent/ThreadPoolExecutor$Worker.run;java/util/concurrent/ThreadPoolExecutor.runWorker;java/util/concurrent/FutureTask.run;java/util/concurrent/Executors$RunnableAdapter.call;java/util/concurrent/FutureTask.run;org/openjdk/jmh/runner/BenchmarkHandler$BenchmarkTask.call;org/openjdk/jmh/runner/BenchmarkHandler$BenchmarkTask.call;java/lang/reflect/Method.invoke;jdk/internal/reflect/DirectMethodHandleAccessor.invoke;jdk/internal/reflect/DirectMethodHandleAccessor.invokeImpl;java/lang/invoke/LambdaForm$MH.0x0000000012061400.invokeExact_MT;java/lang/invoke/LambdaForm$MH.0x0000000012061000.invoke;java/lang/invoke/DirectMethodHandle$Holder.invokeSpecial;org/weakref/nitro/tpcds/jmh_generated/BenchmarkQueries_query88_jmhTest.query88_AverageTime;org/weakref/nitro/tpcds/jmh_generated/BenchmarkQueries_query88_jmhTest.query88_avgt_jmhStub;org/weakref/nitro/tpcds/BenchmarkQueries.query88;org/weakref/nitro/tpcds/BenchmarkQueries.consume;org/weakref/nitro/operator/NestedLoopJoinOperator.next;org/weakref/nitro/operator/NestedLoopJoinOperator.produceBatch;org/weakref/nitro/operator/NestedLoopJoinOperator.loadInnerIfNecessary;org/weakref/nitro/operator/BufferedJoinInput.loadAll;org/weakref/nitro/operator/BufferedJoinInput.loadAll;org/weakref/nitro/operator/BufferedJoinInput.captureSchema;org/weakref/nitro/operator/Output.borrow;org/weakref/nitro/operator/AggregationOperator$$Lambda.0x0000000012110000.apply;org/weakref/nitro/operator/AggregationOperator.lambda$resultOutput$0;org/weakref/nitro/operator/AggregationOperator.doAggregationIfNeeded;org/weakref/nitro/operator/HashJoinOperator.next;org/weakref/nitro/operator/HashJoinOperator.produceBatch;org/weakref/nitro/operator/HashJoinOperator.produceOrdinaryBatch;org/weakref/nitro/operator/HashJoinOperator.loadNextOuterBatch;org/weakref/nitro/operator/HashJoinOperator.next;org/weakref/nitro/operator/HashJoinOperator.produceBatch;org/weakref/nitro/operator/HashJoinOperator.produceOrdinaryBatch;org/weakref/nitro/operator/HashJoinOperator.loadNextOuterBatch;org/weakref/nitro/operator/HashJoinOperator.next;org/weakref/nitro/operator/HashJoinOperator.produceBatch;org/weakref/nitro/operator/HashJoinOperator.produceOrdinaryBatch;org/weakref/nitro/operator/HashJoinOperator.loadNextOuterBatch;org/weakref/nitro/operator/NitroParquetScanOperator.hasNext;org/weakref/nitro/operator/NitroParquetScanOperator.ensureWindow;org/weakref/nitro/operator/NitroParquetScanOperator.decodeFilterWindow;org/weakref/nitro/operator/NitroParquetScanOperator.readColumnInto;org/weakref/nitro/parquet/ColumnReader.readSelectedLongs;org/weakref/nitro/parquet/ColumnReader.acquirePageForSkip;org/weakref/nitro/parquet/ColumnReader.peekNextDataPage;org/weakref/nitro/parquet/ColumnReader.decodeDictionary;org/weakref/nitro/parquet/ColumnReader.replaceLongs;org/weakref/nitro/data/PrimitiveArrayPool.borrowLongs;long[]_[i] 1
java/lang/Thread.run;java/lang/Thread.runWith;java/util/concurrent/ThreadPoolExecutor$Worker.run;java/util/concurrent/ThreadPoolExecutor.runWorker;java/util/concurrent/FutureTask.run;java/util/concurrent/Executors$RunnableAdapter.call;java/util/concurrent/FutureTask.run;org/openjdk/jmh/runner/BenchmarkHandler$BenchmarkTask.call;org/openjdk/jmh/runner/BenchmarkHandler$BenchmarkTask.call;java/lang/reflect/Method.invoke;jdk/internal/reflect/DirectMethodHandleAccessor.invoke;jdk/internal/reflect/DirectMethodHandleAccessor.invokeImpl;java/lang/invoke/LambdaForm$MH.0x0000000012061400.invokeExact_MT;java/lang/invoke/LambdaForm$MH.0x0000000012061000.invoke;java/lang/invoke/DirectMethodHandle$Holder.invokeSpecial;org/weakref/nitro/tpcds/jmh_generated/BenchmarkQueries_query88_jmhTest.query88_AverageTime;org/weakref/nitro/tpcds/jmh_generated/BenchmarkQueries_query88_jmhTest.query88_avgt_jmhStub;org/weakref/nitro/tpcds/BenchmarkQueries.query88;org/weakref/nitro/tpcds/BenchmarkQueries.consume;org/weakref/nitro/operator/NestedLoopJoinOperator.next;org/weakref/nitro/operator/NestedLoopJoinOperator.produceBatch;org/weakref/nitro/operator/NestedLoopJoinOperator.loadNextOuterBatch;org/weakref/nitro/operator/NestedLoopJoinOperator.next;org/weakref/nitro/operator/NestedLoopJoinOperator.produceBatch;org/weakref/nitro/operator/NestedLoopJoinOperator.loadNextOuterBatch;org/weakref/nitro/operator/NestedLoopJoinOperator.next;org/weakref/nitro/operator/NestedLoopJoinOperator.produceBatch;org/weakref/nitro/operator/NestedLoopJoinOperator.loadNextOuterBatch;org/weakref/nitro/operator/NestedLoopJoinOperator.next;org/weakref/nitro/operator/NestedLoopJoinOperator.produceBatch;org/weakref/nitro/operator/NestedLoopJoinOperator.loadNextOuterBatch;org/weakref/nitro/operator/NestedLoopJoinOperator.next;org/weakref/nitro/operator/NestedLoopJoinOperator.produceBatch;org/weakref/nitro/operator/NestedLoopJoinOperator.loadNextOuterBatch;org/weakref/nitro/operator/NestedLoopJoinOperator.next;org/weakref/nitro/operator/NestedLoopJoinOperator.produceBatch;org/weakref/nitro/operator/NestedLoopJoinOperator.loadNextOuterBatch;org/weakref/nitro/operator/NestedLoopJoinOperator.next;org/weakref/nitro/operator/NestedLoopJoinOperator.produceBatch;org/weakref/nitro/operator/NestedLoopJoinOperator.loadInnerIfNecessary;org/weakref/nitro/operator/BufferedJoinInput.loadAll;org/weakref/nitro/operator/BufferedJoinInput.loadAll;org/weakref/nitro/operator/BufferedJoinInput.captureSchema;org/weakref/nitro/operator/Output.borrow;org/weakref/nitro/operator/AggregationOperator$$Lambda.0x0000000012110000.apply;org/weakref/nitro/operator/AggregationOperator.lambda$resultOutput$0;org/weakref/nitro/operator/AggregationOperator.doAggregationIfNeeded;org/weakref/nitro/operator/HashJoinOperator.next;org/weakref/nitro/operator/HashJoinOperator.produceBatch;org/weakref/nitro/operator/HashJoinOperator.produceOrdinaryBatch;org/weakref/nitro/operator/HashJoinOperator.loadNextOuterBatch;org/weakref/nitro/operator/HashJoinOperator.next;org/weakref/nitro/operator/HashJoinOperator.produceBatch;org/weakref/nitro/operator/HashJoinOperator.loadInnerIfNecessary;org/weakref/nitro/operator/HashJoinOperator.loadStreamingInner;org/weakref/nitro/operator/HashJoinOperator.collectBuildKeys;it/unimi/dsi/fastutil/longs/LongOpenHashSet.add;it/unimi/dsi/fastutil/longs/LongOpenHashSet.rehash;long[]_[i] 1
java/lang/Thread.run;java/lang/Thread.runWith;java/util/concurrent/ThreadPoolExecutor$Worker.run;java/util/concurrent/ThreadPoolExecutor.runWorker;java/util/concurrent/FutureTask.run;java/util/concurrent/Executors$RunnableAdapter.call;java/util/concurrent/FutureTask.run;org/openjdk/jmh/runner/BenchmarkHandler$BenchmarkTask.call;org/openjdk/jmh/runner/BenchmarkHandler$BenchmarkTask.call;java/lang/reflect/Method.invoke;jdk/internal/reflect/DirectMethodHandleAccessor.invoke;jdk/internal/reflect/DirectMethodHandleAccessor.invokeImpl;java/lang/invoke/LambdaForm$MH.0x0000000012061400.invokeExact_MT;java/lang/invoke/LambdaForm$MH.0x0000000012061000.invoke;java/lang/invoke/DirectMethodHandle$Holder.invokeSpecial;org/weakref/nitro/tpcds/jmh_generated/BenchmarkQueries_query88_jmhTest.query88_AverageTime;org/weakref/nitro/tpcds/jmh_generated/BenchmarkQueries_query88_jmhTest.query88_avgt_jmhStub;org/weakref/nitro/tpcds/BenchmarkQueries.query88;org/weakref/nitro/tpcds/BenchmarkQueries.consume;org/weakref/nitro/operator/NestedLoopJoinOperator.next;org/weakref/nitro/operator/NestedLoopJoinOperator.produceBatch;org/weakref/nitro/operator/NestedLoopJoinOperator.loadNextOuterBatch;org/weakref/nitro/operator/NestedLoopJoinOperator.next;org/weakref/nitro/operator/NestedLoopJoinOperator.produceBatch;org/weakref/nitro/operator/NestedLoopJoinOperator.loadNextOuterBatch;org/weakref/nitro/operator/NestedLoopJoinOperator.next;org/weakref/nitro/operator/NestedLoopJoinOperator.produceBatch;org/weakref/nitro/operator/NestedLoopJoinOperator.loadInnerIfNecessary;org/weakref/nitro/operator/BufferedJoinInput.loadAll;org/weakref/nitro/operator/BufferedJoinInput.loadAll;org/weakref/nitro/operator/BufferedJoinInput.captureSchema;org/weakref/nitro/operator/Output.borrow;org/weakref/nitro/operator/AggregationOperator$$Lambda.0x0000000012110000.apply;org/weakref/nitro/operator/AggregationOperator.lambda$resultOutput$0;org/weakref/nitro/operator/AggregationOperator.doAggregationIfNeeded;org/weakref/nitro/operator/HashJoinOperator.next;org/weakref/nitro/operator/HashJoinOperator.produceBatch;org/weakref/nitro/operator/HashJoinOperator.produceOrdinaryBatch;org/weakref/nitro/operator/HashJoinOperator.loadNextOuterBatch;org/weakref/nitro/operator/HashJoinOperator.next;org/weakref/nitro/operator/HashJoinOperator.produceBatch;org/weakref/nitro/operator/HashJoinOperator.produceOrdinaryBatch;org/weakref/nitro/operator/HashJoinOperator.loadNextOuterBatch;org/weakref/nitro/operator/HashJoinOperator.next;org/weakref/nitro/operator/HashJoinOperator.produceBatch;org/weakref/nitro/operator/HashJoinOperator.produceOrdinaryBatch;org/weakref/nitro/operator/HashJoinOperator.loadNextOuterBatch;org/weakref/nitro/operator/NitroParquetScanOperator.hasNext;org/weakref/nitro/operator/NitroParquetScanOperator.ensureWindow;org/weakref/nitro/operator/NitroParquetScanOperator.decodeFilterWindow;org/weakref/nitro/operator/NitroParquetScanOperator.snapshotFilterSurvivors;org/weakref/nitro/operator/NitroParquetScanOperator.replaceInts;org/weakref/nitro/data/PrimitiveArrayPool.borrowInts;int[]_[i] 2
java/lang/Thread.run;java/lang/Thread.runWith;java/util/concurrent/ThreadPoolExecutor$Worker.run;java/util/concurrent/ThreadPoolExecutor.runWorker;java/util/concurrent/FutureTask.run;java/util/concurrent/Executors$RunnableAdapter.call;java/util/concurrent/FutureTask.run;org/openjdk/jmh/runner/BenchmarkHandler$BenchmarkTask.call;org/openjdk/jmh/runner/BenchmarkHandler$BenchmarkTask.call;java/lang/reflect/Method.invoke;jdk/internal/reflect/DirectMethodHandleAccessor.invoke;jdk/internal/reflect/DirectMethodHandleAccessor.invokeImpl;java/lang/invoke/LambdaForm$MH.0x0000000012061400.invokeExact_MT;java/lang/invoke/LambdaForm$MH.0x0000000012061000.invoke;java/lang/invoke/DirectMethodHandle$Holder.invokeSpecial;org/weakref/nitro/tpcds/jmh_generated/BenchmarkQueries_query88_jmhTest.query88_AverageTime;org/weakref/nitro/tpcds/jmh_generated/BenchmarkQueries_query88_jmhTest.query88_avgt_jmhStub;org/weakref/nitro/tpcds/BenchmarkQueries.query88;org/weakref/nitro/tpcds/BenchmarkQueries.consume;org/weakref/nitro/operator/NestedLoopJoinOperator.next;org/weakref/nitro/operator/NestedLoopJoinOperator.produceBatch;org/weakref/nitro/operator/NestedLoopJoinOperator.loadNextOuterBatch;org/weakref/nitro/operator/NestedLoopJoinOperator.next;org/weakref/nitro/operator/NestedLoopJoinOperator.produceBatch;org/weakref/nitro/operator/NestedLoopJoinOperator.loadNextOuterBatch;org/weakref/nitro/operator/NestedLoopJoinOperator.next;org/weakref/nitro/operator/NestedLoopJoinOperator.produceBatch;org/weakref/nitro/operator/NestedLoopJoinOperator.loadNextOuterBatch;org/weakref/nitro/operator/NestedLoopJoinOperator.next;org/weakref/nitro/operator/NestedLoopJoinOperator.produceBatch;org/weakref/nitro/operator/NestedLoopJoinOperator.loadNextOuterBatch;org/weakref/nitro/operator/NestedLoopJoinOperator.next;org/weakref/nitro/operator/NestedLoopJoinOperator.produceBatch;org/weakref/nitro/operator/NestedLoopJoinOperator.loadInnerIfNecessary;org/weakref/nitro/operator/BufferedJoinInput.loadAll;org/weakref/nitro/operator/BufferedJoinInput.loadAll;org/weakref/nitro/operator/BufferedJoinInput.captureSchema;org/weakref/nitro/operator/Output.borrow;org/weakref/nitro/operator/AggregationOperator$$Lambda.0x0000000012110000.apply;org/weakref/nitro/operator/AggregationOperator.lambda$resultOutput$0;org/weakref/nitro/operator/AggregationOperator.doAggregationIfNeeded;org/weakref/nitro/operator/HashJoinOperator.next;org/weakref/nitro/operator/HashJoinOperator.produceBatch;org/weakref/nitro/operator/HashJoinOperator.loadInnerIfNecessary;org/weakref/nitro/operator/HashJoinOperator.loadStreamingInner;org/weakref/nitro/operator/BufferedJoinInput.captureSchema;org/weakref/nitro/operator/Output.borrow;org/weakref/nitro/operator/NitroParquetScanOperator$ScanOutputResolver$$Lambda.0x00000000120bc200.apply;org/weakref/nitro/operator/NitroParquetScanOperator$ScanOutputResolver.resolve;org/weakref/nitro/operator/NitroParquetScanOperator.resolveLazyColumn;org/weakref/nitro/operator/NitroParquetScanOperator.decodeFullColumn;org/weakref/nitro/parquet/ColumnReader.readLongs;org/weakref/nitro/parquet/ColumnReader.decodeNextDataPage;org/weakref/nitro/parquet/ColumnReader.decodeDataPageV1;org/weakref/nitro/parquet/ColumnReader.ensurePageCapacity;org/weakref/nitro/parquet/ColumnReader.ensurePageValueCapacity;org/weakref/nitro/parquet/ColumnReader.replaceLongs;org/weakref/nitro/data/PrimitiveArrayPool.borrowLongs;long[]_[i] 1
java/lang/Thread.run;java/lang/Thread.runWith;java/util/concurrent/ThreadPoolExecutor$Worker.run;java/util/concurrent/ThreadPoolExecutor.runWorker;java/util/concurrent/FutureTask.run;java/util/concurrent/Executors$RunnableAdapter.call;java/util/concurrent/FutureTask.run;org/openjdk/jmh/runner/BenchmarkHandler$BenchmarkTask.call;org/openjdk/jmh/runner/BenchmarkHandler$BenchmarkTask.call;java/lang/reflect/Method.invoke;jdk/internal/reflect/DirectMethodHandleAccessor.invoke;jdk/internal/reflect/DirectMethodHandleAccessor.invokeImpl;java/lang/invoke/LambdaForm$MH.0x0000000012061400.invokeExact_MT;java/lang/invoke/LambdaForm$MH.0x0000000012061000.invoke;java/lang/invoke/DirectMethodHandle$Holder.invokeSpecial;org/weakref/nitro/tpcds/jmh_generated/BenchmarkQueries_query88_jmhTest.query88_AverageTime;org/weakref/nitro/tpcds/jmh_generated/BenchmarkQueries_query88_jmhTest.query88_avgt_jmhStub;org/weakref/nitro/tpcds/BenchmarkQueries.query88;org/weakref/nitro/tpcds/TpcdsParquetSupport.query88;org/weakref/nitro/tpcds/TpcdsParquetSupport.query88BucketCount;org/weakref/nitro/tpcds/TpcdsParquetSupport.query88Bucket;org/weakref/nitro/operator/HashJoinOperator.<init>;org/weakref/nitro/operator/HashJoinOperator.<init>;org/weakref/nitro/operator/HashJoinOperator$JoinScratch.<init>;int[]_[i] 1
java/lang/Thread.run;java/lang/Thread.runWith;java/util/concurrent/ThreadPoolExecutor$Worker.run;java/util/concurrent/ThreadPoolExecutor.runWorker;java/util/concurrent/FutureTask.run;java/util/concurrent/Executors$RunnableAdapter.call;java/util/concurrent/FutureTask.run;org/openjdk/jmh/runner/BenchmarkHandler$BenchmarkTask.call;org/openjdk/jmh/runner/BenchmarkHandler$BenchmarkTask.call;java/lang/reflect/Method.invoke;jdk/internal/reflect/DirectMethodHandleAccessor.invoke;jdk/internal/reflect/DirectMethodHandleAccessor.invokeImpl;java/lang/invoke/LambdaForm$MH.0x0000000012061400.invokeExact_MT;java/lang/invoke/LambdaForm$MH.0x0000000012061000.invoke;java/lang/invoke/DirectMethodHandle$Holder.invokeSpecial;org/weakref/nitro/tpcds/jmh_generated/BenchmarkQueries_query88_jmhTest.query88_AverageTime;org/weakref/nitro/tpcds/jmh_generated/BenchmarkQueries_query88_jmhTest.query88_avgt_jmhStub;org/weakref/nitro/tpcds/BenchmarkQueries.query88;org/weakref/nitro/tpcds/BenchmarkQueries.consume;org/weakref/nitro/operator/NestedLoopJoinOperator.next;org/weakref/nitro/operator/NestedLoopJoinOperator.produceBatch;org/weakref/nitro/operator/NestedLoopJoinOperator.loadNextOuterBatch;org/weakref/nitro/operator/NestedLoopJoinOperator.next;org/weakref/nitro/operator/NestedLoopJoinOperator.produceBatch;org/weakref/nitro/operator/NestedLoopJoinOperator.loadNextOuterBatch;org/weakref/nitro/operator/NestedLoopJoinOperator.next;org/weakref/nitro/operator/NestedLoopJoinOperator.produceBatch;org/weakref/nitro/operator/NestedLoopJoinOperator.loadInnerIfNecessary;org/weakref/nitro/operator/BufferedJoinInput.loadAll;org/weakref/nitro/operator/BufferedJoinInput.loadAll;org/weakref/nitro/operator/BufferedJoinInput.captureSchema;org/weakref/nitro/operator/Output.borrow;org/weakref/nitro/operator/AggregationOperator$$Lambda.0x0000000012110000.apply;org/weakref/nitro/operator/AggregationOperator.lambda$resultOutput$0;org/weakref/nitro/operator/AggregationOperator.doAggregationIfNeeded;org/weakref/nitro/operator/HashJoinOperator.next;org/weakref/nitro/operator/HashJoinOperator.produceBatch;org/weakref/nitro/operator/HashJoinOperator.produceOrdinaryBatch;org/weakref/nitro/operator/HashJoinOperator.loadNextOuterBatch;org/weakref/nitro/operator/HashJoinOperator.next;org/weakref/nitro/operator/HashJoinOperator.produceBatch;org/weakref/nitro/operator/HashJoinOperator.loadInnerIfNecessary;org/weakref/nitro/operator/HashJoinOperator.loadStreamingInner;org/weakref/nitro/operator/FilterOperator.next;org/weakref/nitro/operator/evaluator/PlanEvaluator.evaluateInPlace;org/weakref/nitro/operator/evaluator/PlanEvaluator.evaluateTrueMaskInPlace;org/weakref/nitro/operator/evaluator/PlanEvaluator.evaluateTrueMaskInPlace;org/weakref/nitro/operator/evaluator/PlanEvaluator.evaluateAdaptiveAndTrueMaskInPlace;org/weakref/nitro/operator/evaluator/PlanEvaluator.evaluateMeasuredTrueMaskInPlace;org/weakref/nitro/operator/evaluator/PlanEvaluator.evaluateTrueMaskInPlace;org/weakref/nitro/operator/evaluator/PlanEvaluator.evaluateAdaptiveOrTrueMask;org/weakref/nitro/data/Allocator.differenceMask;org/weakref/nitro/data/Allocator.materializedAllDifference;int[]_[i] 1
java/lang/Thread.run;java/lang/Thread.runWith;java/util/concurrent/ThreadPoolExecutor$Worker.run;java/util/concurrent/ThreadPoolExecutor.runWorker;java/util/concurrent/FutureTask.run;java/util/concurrent/Executors$RunnableAdapter.call;java/util/concurrent/FutureTask.run;org/openjdk/jmh/runner/BenchmarkHandler$BenchmarkTask.call;org/openjdk/jmh/runner/BenchmarkHandler$BenchmarkTask.call;java/lang/reflect/Method.invoke;jdk/internal/reflect/DirectMethodHandleAccessor.invoke;jdk/internal/reflect/DirectMethodHandleAccessor.invokeImpl;java/lang/invoke/LambdaForm$MH.0x0000000012061400.invokeExact_MT;java/lang/invoke/LambdaForm$MH.0x0000000012061000.invoke;java/lang/invoke/DirectMethodHandle$Holder.invokeSpecial;org/weakref/nitro/tpcds/jmh_generated/BenchmarkQueries_query88_jmhTest.query88_AverageTime;org/weakref/nitro/tpcds/jmh_generated/BenchmarkQueries_query88_jmhTest.query88_avgt_jmhStub;org/weakref/nitro/tpcds/BenchmarkQueries.query88;org/weakref/nitro/tpcds/BenchmarkQueries.consume;org/weakref/nitro/operator/NestedLoopJoinOperator.next;org/weakref/nitro/operator/NestedLoopJoinOperator.produceBatch;org/weakref/nitro/operator/NestedLoopJoinOperator.loadNextOuterBatch;org/weakref/nitro/operator/NestedLoopJoinOperator.next;org/weakref/nitro/operator/NestedLoopJoinOperator.produceBatch;org/weakref/nitro/operator/NestedLoopJoinOperator.loadNextOuterBatch;org/weakref/nitro/operator/NestedLoopJoinOperator.next;org/weakref/nitro/operator/NestedLoopJoinOperator.produceBatch;org/weakref/nitro/operator/NestedLoopJoinOperator.loadInnerIfNecessary;org/weakref/nitro/operator/BufferedJoinInput.loadAll;org/weakref/nitro/operator/BufferedJoinInput.loadAll;org/weakref/nitro/operator/BufferedJoinInput.captureSchema;org/weakref/nitro/operator/Output.borrow;org/weakref/nitro/operator/AggregationOperator$$Lambda.0x0000000012110000.apply;org/weakref/nitro/operator/AggregationOperator.lambda$resultOutput$0;org/weakref/nitro/operator/AggregationOperator.doAggregationIfNeeded;org/weakref/nitro/operator/HashJoinOperator.next;org/weakref/nitro/operator/HashJoinOperator.produceBatch;org/weakref/nitro/operator/HashJoinOperator.produceOrdinaryBatch;org/weakref/nitro/operator/HashJoinOperator.loadNextOuterBatch;org/weakref/nitro/operator/HashJoinOperator.next;org/weakref/nitro/operator/HashJoinOperator.produceBatch;org/weakref/nitro/operator/HashJoinOperator.produceOrdinaryBatch;org/weakref/nitro/operator/HashJoinOperator.loadNextOuterBatch;org/weakref/nitro/operator/HashJoinOperator.next;org/weakref/nitro/operator/HashJoinOperator.produceBatch;org/weakref/nitro/operator/HashJoinOperator.loadInnerIfNecessary;org/weakref/nitro/operator/HashJoinOperator.loadStreamingInner;org/weakref/nitro/operator/FilterOperator.next;org/weakref/nitro/operator/evaluator/PlanEvaluator.evaluateInPlace;org/weakref/nitro/operator/evaluator/PlanEvaluator.evaluateTrueMaskInPlace;org/weakref/nitro/operator/evaluator/PlanEvaluator.evaluateTrueMaskInPlace;org/weakref/nitro/operator/evaluator/PlanEvaluator.evaluateAdaptiveAndTrueMaskInPlace;org/weakref/nitro/operator/evaluator/PlanEvaluator.evaluateMeasuredTrueMaskInPlace;org/weakref/nitro/operator/evaluator/PlanEvaluator.evaluateTrueMaskInPlace;org/weakref/nitro/operator/evaluator/PlanEvaluator.tryEvaluatePrimitiveTrueMaskInPlace;org/weakref/nitro/operator/evaluator/PlanEvaluator.tryEvaluatePrimitiveMaskInPlace;org/weakref/nitro/operator/evaluator/PlanEvaluator.resolveMaskPrimitiveInvocation;org/weakref/nitro/operator/evaluator/PlanEvaluator.evaluateArgument;org/weakref/nitro/operator/FilterOperator$1.resolve;org/weakref/nitro/operator/Output.borrowOrNull;org/weakref/nitro/operator/Output.borrow;org/weakref/nitro/operator/Output.borrow;org/weakref/nitro/operator/NitroParquetScanOperator$ScanOutputResolver$$Lambda.0x00000000120bc200.apply;org/weakref/nitro/operator/NitroParquetScanOperator$ScanOutputResolver.resolve;org/weakref/nitro/operator/NitroParquetScanOperator.resolveLazyColumn;org/weakref/nitro/operator/NitroParquetScanOperator.drainPendingAdvance;org/weakref/nitro/parquet/ColumnReader.skip;org/weakref/nitro/parquet/ColumnReader.decodeDataPageV1;org/weakref/nitro/parquet/ColumnReader.ensurePageCapacity;org/weakref/nitro/parquet/ColumnReader.ensurePageValueCapacity;org/weakref/nitro/parquet/ColumnReader.replaceInts;org/weakref/nitro/data/PrimitiveArrayPool.borrowInts;int[]_[i] 2
java/lang/Thread.run;java/lang/Thread.runWith;java/util/concurrent/ThreadPoolExecutor$Worker.run;java/util/concurrent/ThreadPoolExecutor.runWorker;java/util/concurrent/FutureTask.run;java/util/concurrent/Executors$RunnableAdapter.call;java/util/concurrent/FutureTask.run;org/openjdk/jmh/runner/BenchmarkHandler$BenchmarkTask.call;org/openjdk/jmh/runner/BenchmarkHandler$BenchmarkTask.call;java/lang/reflect/Method.invoke;jdk/internal/reflect/DirectMethodHandleAccessor.invoke;jdk/internal/reflect/DirectMethodHandleAccessor.invokeImpl;java/lang/invoke/LambdaForm$MH.0x0000000012061400.invokeExact_MT;java/lang/invoke/LambdaForm$MH.0x0000000012061000.invoke;java/lang/invoke/DirectMethodHandle$Holder.invokeSpecial;org/weakref/nitro/tpcds/jmh_generated/BenchmarkQueries_query88_jmhTest.query88_AverageTime;org/weakref/nitro/tpcds/jmh_generated/BenchmarkQueries_query88_jmhTest.query88_avgt_jmhStub;org/weakref/nitro/tpcds/BenchmarkQueries.query88;org/weakref/nitro/tpcds/TpcdsParquetSupport.query88;org/weakref/nitro/operator/NestedLoopJoinOperator.<init>;org/weakref/nitro/operator/NestedLoopJoinOperator.<init>;int[]_[i] 1
java/lang/Thread.run;java/lang/Thread.runWith;java/util/concurrent/ThreadPoolExecutor$Worker.run;java/util/concurrent/ThreadPoolExecutor.runWorker;java/util/concurrent/FutureTask.run;java/util/concurrent/Executors$RunnableAdapter.call;java/util/concurrent/FutureTask.run;org/openjdk/jmh/runner/BenchmarkHandler$BenchmarkTask.call;org/openjdk/jmh/runner/BenchmarkHandler$BenchmarkTask.call;java/lang/reflect/Method.invoke;jdk/internal/reflect/DirectMethodHandleAccessor.invoke;jdk/internal/reflect/DirectMethodHandleAccessor.invokeImpl;java/lang/invoke/LambdaForm$MH.0x0000000012061400.invokeExact_MT;java/lang/invoke/LambdaForm$MH.0x0000000012061000.invoke;java/lang/invoke/DirectMethodHandle$Holder.invokeSpecial;org/weakref/nitro/tpcds/jmh_generated/BenchmarkQueries_query88_jmhTest.query88_AverageTime;org/weakref/nitro/tpcds/jmh_generated/BenchmarkQueries_query88_jmhTest.query88_avgt_jmhStub;org/weakref/nitro/tpcds/BenchmarkQueries.query88;org/weakref/nitro/tpcds/BenchmarkQueries.consume;org/weakref/nitro/operator/NestedLoopJoinOperator.next;org/weakref/nitro/operator/NestedLoopJoinOperator.produceBatch;org/weakref/nitro/operator/NestedLoopJoinOperator.loadNextOuterBatch;org/weakref/nitro/operator/NestedLoopJoinOperator.next;org/weakref/nitro/operator/NestedLoopJoinOperator.produceBatch;org/weakref/nitro/operator/NestedLoopJoinOperator.loadNextOuterBatch;org/weakref/nitro/operator/NestedLoopJoinOperator.next;org/weakref/nitro/operator/NestedLoopJoinOperator.produceBatch;org/weakref/nitro/operator/NestedLoopJoinOperator.loadNextOuterBatch;org/weakref/nitro/operator/NestedLoopJoinOperator.next;org/weakref/nitro/operator/NestedLoopJoinOperator.produceBatch;org/weakref/nitro/operator/NestedLoopJoinOperator.loadNextOuterBatch;org/weakref/nitro/operator/NestedLoopJoinOperator.next;org/weakref/nitro/operator/NestedLoopJoinOperator.produceBatch;org/weakref/nitro/operator/NestedLoopJoinOperator.loadNextOuterBatch;org/weakref/nitro/operator/NestedLoopJoinOperator.next;org/weakref/nitro/operator/NestedLoopJoinOperator.produceBatch;org/weakref/nitro/operator/NestedLoopJoinOperator.loadNextOuterBatch;org/weakref/nitro/operator/NestedLoopJoinOperator.next;org/weakref/nitro/operator/NestedLoopJoinOperator.produceBatch;org/weakref/nitro/operator/NestedLoopJoinOperator.joinWithInnerRow;org/weakref/nitro/operator/JoinOutputBuffer.joinWithInnerRow;org/weakref/nitro/operator/JoinBufferSupport.borrowStreams;org/weakref/nitro/operator/Output.borrow;org/weakref/nitro/operator/AggregationOperator$$Lambda.0x0000000012110000.apply;org/weakref/nitro/operator/AggregationOperator.lambda$resultOutput$0;org/weakref/nitro/operator/AggregationOperator.doAggregationIfNeeded;org/weakref/nitro/operator/HashJoinOperator.next;org/weakref/nitro/operator/HashJoinOperator.produceBatch;org/weakref/nitro/operator/HashJoinOperator.produceOrdinaryBatch;org/weakref/nitro/operator/HashJoinOperator.loadNextOuterBatch;org/weakref/nitro/operator/HashJoinOperator.next;org/weakref/nitro/operator/HashJoinOperator.produceBatch;org/weakref/nitro/operator/HashJoinOperator.produceOrdinaryBatch;org/weakref/nitro/operator/HashJoinOperator.loadNextOuterBatch;org/weakref/nitro/operator/HashJoinOperator.next;org/weakref/nitro/operator/HashJoinOperator.produceBatch;org/weakref/nitro/operator/HashJoinOperator.produceOrdinaryBatch;org/weakref/nitro/operator/HashJoinOperator.loadNextOuterBatch;org/weakref/nitro/operator/NitroParquetScanOperator.hasNext;org/weakref/nitro/operator/NitroParquetScanOperator.ensureWindow;org/weakref/nitro/operator/NitroParquetScanOperator.decodeFilterWindow;org/weakref/nitro/operator/NitroParquetScanOperator.readColumnInto;org/weakref/nitro/operator/NitroParquetScanOperator.ensureColumnScratch;org/weakref/nitro/operator/NitroParquetScanOperator.replaceLongs;org/weakref/nitro/data/PrimitiveArrayPool.borrowLongs;long[]_[i] 3
java/lang/Thread.run;java/lang/Thread.runWith;java/util/concurrent/ThreadPoolExecutor$Worker.run;java/util/concurrent/ThreadPoolExecutor.runWorker;java/util/concurrent/FutureTask.run;java/util/concurrent/Executors$RunnableAdapter.call;java/util/concurrent/FutureTask.run;org/openjdk/jmh/runner/BenchmarkHandler$BenchmarkTask.call;org/openjdk/jmh/runner/BenchmarkHandler$BenchmarkTask.call;java/lang/reflect/Method.invoke;jdk/internal/reflect/DirectMethodHandleAccessor.invoke;jdk/internal/reflect/DirectMethodHandleAccessor.invokeImpl;java/lang/invoke/LambdaForm$MH.0x0000000012061400.invokeExact_MT;java/lang/invoke/LambdaForm$MH.0x0000000012061000.invoke;java/lang/invoke/DirectMethodHandle$Holder.invokeSpecial;org/weakref/nitro/tpcds/jmh_generated/BenchmarkQueries_query88_jmhTest.query88_AverageTime;org/weakref/nitro/tpcds/jmh_generated/BenchmarkQueries_query88_jmhTest.query88_avgt_jmhStub;org/weakref/nitro/tpcds/BenchmarkQueries.query88;org/weakref/nitro/tpcds/TpcdsParquetSupport.query88;org/weakref/nitro/tpcds/TpcdsParquetSupport.query88BucketCount;org/weakref/nitro/tpcds/TpcdsParquetSupport.query88Bucket;org/weakref/nitro/operator/HashJoinOperator.<init>;org/weakref/nitro/operator/HashJoinOperator.<init>;org/weakref/nitro/operator/HashJoinOperator$JoinScratch.<init>;long[]_[i] 1
java/lang/Thread.run;java/lang/Thread.runWith;java/util/concurrent/ThreadPoolExecutor$Worker.run;java/util/concurrent/ThreadPoolExecutor.runWorker;java/util/concurrent/FutureTask.run;java/util/concurrent/Executors$RunnableAdapter.call;java/util/concurrent/FutureTask.run;org/openjdk/jmh/runner/BenchmarkHandler$BenchmarkTask.call;org/openjdk/jmh/runner/BenchmarkHandler$BenchmarkTask.call;java/lang/reflect/Method.invoke;jdk/internal/reflect/DirectMethodHandleAccessor.invoke;jdk/internal/reflect/DirectMethodHandleAccessor.invokeImpl;java/lang/invoke/LambdaForm$MH.0x0000000012061400.invokeExact_MT;java/lang/invoke/LambdaForm$MH.0x0000000012061000.invoke;java/lang/invoke/DirectMethodHandle$Holder.invokeSpecial;org/weakref/nitro/tpcds/jmh_generated/BenchmarkQueries_query88_jmhTest.query88_AverageTime;org/weakref/nitro/tpcds/jmh_generated/BenchmarkQueries_query88_jmhTest.query88_avgt_jmhStub;org/weakref/nitro/tpcds/BenchmarkQueries.query88;org/weakref/nitro/tpcds/TpcdsParquetSupport.query88;org/weakref/nitro/tpcds/TpcdsParquetSupport.query88BucketCount;org/weakref/nitro/tpcds/TpcdsParquetSupport.query88Bucket;org/weakref/nitro/tpcds/TpcdsParquetSupport.factScan;org/weakref/nitro/operator/NitroParquetScanOperator.<init>;java/util/stream/ReferencePipeline.toArray;java/util/stream/AbstractPipeline.evaluateToArrayNode;java/util/stream/AbstractPipeline.evaluate;java/util/stream/AbstractPipeline.wrapAndCopyInto;java/util/stream/AbstractPipeline.copyInto;java/util/AbstractList$RandomAccessSpliterator.forEachRemaining;java/util/stream/ReferencePipeline$3$1.accept;org/weakref/nitro/operator/NitroParquetScanOperator$$Lambda.0x0000000012086b58.apply;org/weakref/nitro/parquet/ParquetFile.open;org/weakref/nitro/parquet/ParquetFile.<init>;org/apache/parquet/format/Util.readFileMetaData;org/apache/parquet/format/Util.readFileMetaData;org/apache/parquet/format/Util.read;org/apache/parquet/format/FileMetaData.read;org/apache/parquet/format/FileMetaData$FileMetaDataStandardScheme.read;org/apache/parquet/format/FileMetaData$FileMetaDataStandardScheme.read;org/apache/parquet/format/RowGroup.read;org/apache/parquet/format/RowGroup$RowGroupStandardScheme.read;org/apache/parquet/format/RowGroup$RowGroupStandardScheme.read;org/apache/parquet/format/ColumnChunk.read;org/apache/parquet/format/ColumnChunk$ColumnChunkStandardScheme.read;org/apache/parquet/format/ColumnChunk$ColumnChunkStandardScheme.read;org/apache/parquet/format/ColumnMetaData.read;org/apache/parquet/format/ColumnMetaData$ColumnMetaDataStandardScheme.read;org/apache/parquet/format/ColumnMetaData$ColumnMetaDataStandardScheme.read;org/apache/parquet/format/InterningProtocol.readString;shaded/parquet/org/apache/thrift/protocol/TCompactProtocol.readString;java.lang.String_[i] 1
java/lang/Thread.run;java/lang/Thread.runWith;java/util/concurrent/ThreadPoolExecutor$Worker.run;java/util/concurrent/ThreadPoolExecutor.runWorker;java/util/concurrent/FutureTask.run;java/util/concurrent/Executors$RunnableAdapter.call;java/util/concurrent/FutureTask.run;org/openjdk/jmh/runner/BenchmarkHandler$BenchmarkTask.call;org/openjdk/jmh/runner/BenchmarkHandler$BenchmarkTask.call;java/lang/reflect/Method.invoke;jdk/internal/reflect/DirectMethodHandleAccessor.invoke;jdk/internal/reflect/DirectMethodHandleAccessor.invokeImpl;java/lang/invoke/LambdaForm$MH.0x0000000012061400.invokeExact_MT;java/lang/invoke/LambdaForm$MH.0x0000000012061000.invoke;java/lang/invoke/DirectMethodHandle$Holder.invokeSpecial;org/weakref/nitro/tpcds/jmh_generated/BenchmarkQueries_query88_jmhTest.query88_AverageTime;org/weakref/nitro/tpcds/jmh_generated/BenchmarkQueries_query88_jmhTest.query88_avgt_jmhStub;org/weakref/nitro/tpcds/BenchmarkQueries.query88;org/weakref/nitro/tpcds/BenchmarkQueries.consume;org/weakref/nitro/operator/NestedLoopJoinOperator.next;org/weakref/nitro/operator/NestedLoopJoinOperator.produceBatch;org/weakref/nitro/operator/NestedLoopJoinOperator.loadNextOuterBatch;org/weakref/nitro/operator/NestedLoopJoinOperator.next;org/weakref/nitro/operator/NestedLoopJoinOperator.produceBatch;org/weakref/nitro/operator/NestedLoopJoinOperator.loadNextOuterBatch;org/weakref/nitro/operator/NestedLoopJoinOperator.next;org/weakref/nitro/operator/NestedLoopJoinOperator.produceBatch;org/weakref/nitro/operator/NestedLoopJoinOperator.loadNextOuterBatch;org/weakref/nitro/operator/NestedLoopJoinOperator.next;org/weakref/nitro/operator/NestedLoopJoinOperator.produceBatch;org/weakref/nitro/operator/NestedLoopJoinOperator.loadNextOuterBatch;org/weakref/nitro/operator/NestedLoopJoinOperator.next;org/weakref/nitro/operator/NestedLoopJoinOperator.produceBatch;org/weakref/nitro/operator/NestedLoopJoinOperator.loadNextOuterBatch;org/weakref/nitro/operator/NestedLoopJoinOperator.next;org/weakref/nitro/operator/NestedLoopJoinOperator.produceBatch;org/weakref/nitro/operator/NestedLoopJoinOperator.loadNextOuterBatch;org/weakref/nitro/operator/NestedLoopJoinOperator.next;org/weakref/nitro/operator/NestedLoopJoinOperator.produceBatch;org/weakref/nitro/operator/NestedLoopJoinOperator.loadInnerIfNecessary;org/weakref/nitro/operator/BufferedJoinInput.loadAll;org/weakref/nitro/operator/BufferedJoinInput.loadAll;org/weakref/nitro/operator/BufferedJoinInput.captureSchema;org/weakref/nitro/operator/Output.borrow;org/weakref/nitro/operator/AggregationOperator$$Lambda.0x0000000012110000.apply;org/weakref/nitro/operator/AggregationOperator.lambda$resultOutput$0;org/weakref/nitro/operator/AggregationOperator.doAggregationIfNeeded;org/weakref/nitro/operator/HashJoinOperator.next;org/weakref/nitro/operator/HashJoinOperator.produceBatch;org/weakref/nitro/operator/HashJoinOperator.produceOrdinaryBatch;org/weakref/nitro/operator/HashJoinOperator.loadNextOuterBatch;org/weakref/nitro/operator/HashJoinOperator.next;org/weakref/nitro/operator/HashJoinOperator.produceBatch;org/weakref/nitro/operator/HashJoinOperator.loadInnerIfNecessary;org/weakref/nitro/operator/HashJoinOperator.loadStreamingInner;org/weakref/nitro/operator/HashJoinOperator$LongJoinIndex.addNoNulls;org/weakref/nitro/operator/HashJoinOperator$LongJoinIndex.addRow;org/weakref/nitro/operator/HashJoinOperator$LongJoinIndex.addDirectRangeRow;org/weakref/nitro/operator/HashJoinOperator$LongJoinIndex.ensureDirectBuildCapacity;org/weakref/nitro/data/PrimitiveArrayPool.borrowInts;int[]_[i] 1
java/lang/Thread.run;java/lang/Thread.runWith;java/util/concurrent/ThreadPoolExecutor$Worker.run;java/util/concurrent/ThreadPoolExecutor.runWorker;java/util/concurrent/FutureTask.run;java/util/concurrent/Executors$RunnableAdapter.call;java/util/concurrent/FutureTask.run;org/openjdk/jmh/runner/BenchmarkHandler$BenchmarkTask.call;org/openjdk/jmh/runner/BenchmarkHandler$BenchmarkTask.call;java/lang/reflect/Method.invoke;jdk/internal/reflect/DirectMethodHandleAccessor.invoke;jdk/internal/reflect/DirectMethodHandleAccessor.invokeImpl;java/lang/invoke/LambdaForm$MH.0x0000000012061400.invokeExact_MT;java/lang/invoke/LambdaForm$MH.0x0000000012061000.invoke;java/lang/invoke/DirectMethodHandle$Holder.invokeSpecial;org/weakref/nitro/tpcds/jmh_generated/BenchmarkQueries_query88_jmhTest.query88_AverageTime;org/weakref/nitro/tpcds/jmh_generated/BenchmarkQueries_query88_jmhTest.query88_avgt_jmhStub;org/weakref/nitro/tpcds/BenchmarkQueries.query88;org/weakref/nitro/tpcds/BenchmarkQueries.consume;org/weakref/nitro/operator/NestedLoopJoinOperator.next;org/weakref/nitro/operator/NestedLoopJoinOperator.produceBatch;org/weakref/nitro/operator/NestedLoopJoinOperator.loadNextOuterBatch;org/weakref/nitro/operator/NestedLoopJoinOperator.next;org/weakref/nitro/operator/NestedLoopJoinOperator.produceBatch;org/weakref/nitro/operator/NestedLoopJoinOperator.loadNextOuterBatch;org/weakref/nitro/operator/NestedLoopJoinOperator.next;org/weakref/nitro/operator/NestedLoopJoinOperator.produceBatch;org/weakref/nitro/operator/NestedLoopJoinOperator.loadNextOuterBatch;org/weakref/nitro/operator/NestedLoopJoinOperator.next;org/weakref/nitro/operator/NestedLoopJoinOperator.produceBatch;org/weakref/nitro/operator/NestedLoopJoinOperator.loadNextOuterBatch;org/weakref/nitro/operator/NestedLoopJoinOperator.next;org/weakref/nitro/operator/NestedLoopJoinOperator.produceBatch;org/weakref/nitro/operator/NestedLoopJoinOperator.loadNextOuterBatch;org/weakref/nitro/operator/NestedLoopJoinOperator.next;org/weakref/nitro/operator/NestedLoopJoinOperator.produceBatch;org/weakref/nitro/operator/NestedLoopJoinOperator.loadInnerIfNecessary;org/weakref/nitro/operator/BufferedJoinInput.loadAll;org/weakref/nitro/operator/BufferedJoinInput.loadAll;org/weakref/nitro/operator/BufferedJoinInput.captureSchema;org/weakref/nitro/operator/Output.borrow;org/weakref/nitro/operator/AggregationOperator$$Lambda.0x0000000012110000.apply;org/weakref/nitro/operator/AggregationOperator.lambda$resultOutput$0;org/weakref/nitro/operator/AggregationOperator.doAggregationIfNeeded;org/weakref/nitro/operator/HashJoinOperator.next;org/weakref/nitro/operator/HashJoinOperator.produceBatch;org/weakref/nitro/operator/HashJoinOperator.produceOrdinaryBatch;org/weakref/nitro/operator/HashJoinOperator.loadNextOuterBatch;org/weakref/nitro/operator/HashJoinOperator.next;org/weakref/nitro/operator/HashJoinOperator.produceBatch;org/weakref/nitro/operator/HashJoinOperator.produceOrdinaryBatch;org/weakref/nitro/operator/HashJoinOperator.loadNextOuterBatch;org/weakref/nitro/operator/HashJoinOperator.next;org/weakref/nitro/operator/HashJoinOperator.produceBatch;org/weakref/nitro/operator/HashJoinOperator.loadInnerIfNecessary;org/weakref/nitro/operator/HashJoinOperator.loadStreamingInner;org/weakref/nitro/operator/FilterOperator.next;org/weakref/nitro/operator/evaluator/PlanEvaluator.evaluateInPlace;org/weakref/nitro/operator/evaluator/PlanEvaluator.evaluateTrueMaskInPlace;org/weakref/nitro/operator/evaluator/PlanEvaluator.evaluateTrueMaskInPlace;org/weakref/nitro/operator/evaluator/PlanEvaluator.evaluateAdaptiveAndTrueMaskInPlace;org/weakref/nitro/operator/evaluator/PlanEvaluator.evaluateMeasuredTrueMaskInPlace;org/weakref/nitro/operator/evaluator/PlanEvaluator.evaluateTrueMaskInPlace;org/weakref/nitro/operator/evaluator/PlanEvaluator.tryEvaluatePrimitiveTrueMaskInPlace;org/weakref/nitro/operator/evaluator/PlanEvaluator.tryEvaluatePrimitiveMaskInPlace;org/weakref/nitro/operator/evaluator/PlanEvaluator.resolveMaskPrimitiveInvocation;org/weakref/nitro/operator/evaluator/PlanEvaluator.evaluateArgument;org/weakref/nitro/operator/FilterOperator$1.resolve;org/weakref/nitro/operator/Output.borrowOrNull;org/weakref/nitro/operator/Output.borrow;org/weakref/nitro/operator/Output.borrow;org/weakref/nitro/operator/NitroParquetScanOperator$ScanOutputResolver$$Lambda.0x00000000120bc200.apply;org/weakref/nitro/operator/NitroParquetScanOperator$ScanOutputResolver.resolve;org/weakref/nitro/operator/NitroParquetScanOperator.resolveLazyColumn;org/weakref/nitro/operator/NitroParquetScanOperator.decodeFullColumn;org/weakref/nitro/parquet/ColumnReader.readInts;org/weakref/nitro/parquet/ColumnReader.decodeNextDataPage;org/weakref/nitro/parquet/ColumnReader.decodeDataPageV1;org/weakref/nitro/parquet/ColumnReader.ensurePageCapacity;org/weakref/nitro/parquet/ColumnReader.ensurePageValueCapacity;org/weakref/nitro/parquet/ColumnReader.replaceInts;org/weakref/nitro/data/PrimitiveArrayPool.borrowInts;int[]_[i] 1
java/lang/Thread.run;java/lang/Thread.runWith;java/util/concurrent/ThreadPoolExecutor$Worker.run;java/util/concurrent/ThreadPoolExecutor.runWorker;java/util/concurrent/FutureTask.run;java/util/concurrent/Executors$RunnableAdapter.call;java/util/concurrent/FutureTask.run;org/openjdk/jmh/runner/BenchmarkHandler$BenchmarkTask.call;org/openjdk/jmh/runner/BenchmarkHandler$BenchmarkTask.call;java/lang/reflect/Method.invoke;jdk/internal/reflect/DirectMethodHandleAccessor.invoke;jdk/internal/reflect/DirectMethodHandleAccessor.invokeImpl;java/lang/invoke/LambdaForm$MH.0x0000000012061400.invokeExact_MT;java/lang/invoke/LambdaForm$MH.0x0000000012061000.invoke;java/lang/invoke/DirectMethodHandle$Holder.invokeSpecial;org/weakref/nitro/tpcds/jmh_generated/BenchmarkQueries_query88_jmhTest.query88_AverageTime;org/weakref/nitro/tpcds/jmh_generated/BenchmarkQueries_query88_jmhTest.query88_avgt_jmhStub;org/weakref/nitro/tpcds/BenchmarkQueries.query88;org/weakref/nitro/tpcds/BenchmarkQueries.consume;org/weakref/nitro/operator/NestedLoopJoinOperator.next;org/weakref/nitro/operator/NestedLoopJoinOperator.produceBatch;org/weakref/nitro/operator/NestedLoopJoinOperator.loadNextOuterBatch;org/weakref/nitro/operator/NestedLoopJoinOperator.next;org/weakref/nitro/operator/NestedLoopJoinOperator.produceBatch;org/weakref/nitro/operator/NestedLoopJoinOperator.loadNextOuterBatch;org/weakref/nitro/operator/NestedLoopJoinOperator.next;org/weakref/nitro/operator/NestedLoopJoinOperator.produceBatch;org/weakref/nitro/operator/NestedLoopJoinOperator.loadNextOuterBatch;org/weakref/nitro/operator/NestedLoopJoinOperator.next;org/weakref/nitro/operator/NestedLoopJoinOperator.produceBatch;org/weakref/nitro/operator/NestedLoopJoinOperator.loadNextOuterBatch;org/weakref/nitro/operator/NestedLoopJoinOperator.next;org/weakref/nitro/operator/NestedLoopJoinOperator.produceBatch;org/weakref/nitro/operator/NestedLoopJoinOperator.loadInnerIfNecessary;org/weakref/nitro/operator/BufferedJoinInput.loadAll;org/weakref/nitro/operator/BufferedJoinInput.loadAll;org/weakref/nitro/operator/BufferedJoinInput.captureSchema;org/weakref/nitro/operator/Output.borrow;org/weakref/nitro/operator/AggregationOperator$$Lambda.0x0000000012110000.apply;org/weakref/nitro/operator/AggregationOperator.lambda$resultOutput$0;org/weakref/nitro/operator/AggregationOperator.doAggregationIfNeeded;org/weakref/nitro/operator/HashJoinOperator.next;org/weakref/nitro/operator/HashJoinOperator.produceBatch;org/weakref/nitro/operator/HashJoinOperator.produceOrdinaryBatch;org/weakref/nitro/operator/HashJoinOperator.loadNextOuterBatch;org/weakref/nitro/operator/HashJoinOperator.next;org/weakref/nitro/operator/HashJoinOperator.produceBatch;org/weakref/nitro/operator/HashJoinOperator.produceOrdinaryBatch;org/weakref/nitro/operator/HashJoinOperator.loadNextOuterBatch;org/weakref/nitro/operator/HashJoinOperator.next;org/weakref/nitro/operator/HashJoinOperator.produceBatch;org/weakref/nitro/operator/HashJoinOperator.produceOrdinaryBatch;org/weakref/nitro/operator/HashJoinOperator.loadNextOuterBatch;org/weakref/nitro/operator/NitroParquetScanOperator.hasNext;org/weakref/nitro/operator/NitroParquetScanOperator.ensureWindow;org/weakref/nitro/operator/NitroParquetScanOperator.decodeFilterWindow;org/weakref/nitro/operator/NitroParquetScanOperator.snapshotFilterSurvivors;org/weakref/nitro/operator/NitroParquetScanOperator.replaceInts;org/weakref/nitro/data/PrimitiveArrayPool.borrowInts;int[]_[i] 2
java/lang/Thread.run;java/lang/Thread.runWith;java/util/concurrent/ThreadPoolExecutor$Worker.run;java/util/concurrent/ThreadPoolExecutor.runWorker;java/util/concurrent/FutureTask.run;java/util/concurrent/Executors$RunnableAdapter.call;java/util/concurrent/FutureTask.run;org/openjdk/jmh/runner/BenchmarkHandler$BenchmarkTask.call;org/openjdk/jmh/runner/BenchmarkHandler$BenchmarkTask.call;java/lang/reflect/Method.invoke;jdk/internal/reflect/DirectMethodHandleAccessor.invoke;jdk/internal/reflect/DirectMethodHandleAccessor.invokeImpl;java/lang/invoke/LambdaForm$MH.0x0000000012061400.invokeExact_MT;java/lang/invoke/LambdaForm$MH.0x0000000012061000.invoke;java/lang/invoke/DirectMethodHandle$Holder.invokeSpecial;org/weakref/nitro/tpcds/jmh_generated/BenchmarkQueries_query88_jmhTest.query88_AverageTime;org/weakref/nitro/tpcds/jmh_generated/BenchmarkQueries_query88_jmhTest.query88_avgt_jmhStub;org/weakref/nitro/tpcds/BenchmarkQueries.query88;org/weakref/nitro/tpcds/BenchmarkQueries.consume;org/weakref/nitro/operator/NestedLoopJoinOperator.next;org/weakref/nitro/operator/NestedLoopJoinOperator.produceBatch;org/weakref/nitro/operator/NestedLoopJoinOperator.loadNextOuterBatch;org/weakref/nitro/operator/NestedLoopJoinOperator.next;org/weakref/nitro/operator/NestedLoopJoinOperator.produceBatch;org/weakref/nitro/operator/NestedLoopJoinOperator.loadNextOuterBatch;org/weakref/nitro/operator/NestedLoopJoinOperator.next;org/weakref/nitro/operator/NestedLoopJoinOperator.produceBatch;org/weakref/nitro/operator/NestedLoopJoinOperator.loadNextOuterBatch;org/weakref/nitro/operator/NestedLoopJoinOperator.next;org/weakref/nitro/operator/NestedLoopJoinOperator.produceBatch;org/weakref/nitro/operator/NestedLoopJoinOperator.loadInnerIfNecessary;org/weakref/nitro/operator/BufferedJoinInput.loadAll;org/weakref/nitro/operator/BufferedJoinInput.loadAll;org/weakref/nitro/operator/BufferedJoinInput.captureSchema;org/weakref/nitro/operator/Output.borrow;org/weakref/nitro/operator/AggregationOperator$$Lambda.0x0000000012110000.apply;org/weakref/nitro/operator/AggregationOperator.lambda$resultOutput$0;org/weakref/nitro/operator/AggregationOperator.doAggregationIfNeeded;org/weakref/nitro/operator/HashJoinOperator.next;org/weakref/nitro/operator/HashJoinOperator.produceBatch;org/weakref/nitro/operator/HashJoinOperator.produceOrdinaryBatch;org/weakref/nitro/operator/HashJoinOperator.loadNextOuterBatch;org/weakref/nitro/operator/HashJoinOperator.next;org/weakref/nitro/operator/HashJoinOperator.produceBatch;org/weakref/nitro/operator/HashJoinOperator.produceOrdinaryBatch;org/weakref/nitro/operator/HashJoinOperator.loadNextOuterBatch;org/weakref/nitro/operator/HashJoinOperator.next;org/weakref/nitro/operator/HashJoinOperator.produceBatch;org/weakref/nitro/operator/HashJoinOperator.produceOrdinaryBatch;org/weakref/nitro/operator/HashJoinOperator.loadNextOuterBatch;org/weakref/nitro/operator/NitroParquetScanOperator.hasNext;org/weakref/nitro/operator/NitroParquetScanOperator.ensureWindow;org/weakref/nitro/operator/NitroParquetScanOperator.decodeFilterWindow;org/weakref/nitro/operator/NitroParquetScanOperator.snapshotFilterSurvivors;org/weakref/nitro/operator/NitroParquetScanOperator.replaceInts;org/weakref/nitro/data/PrimitiveArrayPool.borrowInts;int[]_[i] 2
java/lang/Thread.run;java/lang/Thread.runWith;java/util/concurrent/ThreadPoolExecutor$Worker.run;java/util/concurrent/ThreadPoolExecutor.runWorker;java/util/concurrent/FutureTask.run;java/util/concurrent/Executors$RunnableAdapter.call;java/util/concurrent/FutureTask.run;org/openjdk/jmh/runner/BenchmarkHandler$BenchmarkTask.call;org/openjdk/jmh/runner/BenchmarkHandler$BenchmarkTask.call;java/lang/reflect/Method.invoke;jdk/internal/reflect/DirectMethodHandleAccessor.invoke;jdk/internal/reflect/DirectMethodHandleAccessor.invokeImpl;java/lang/invoke/LambdaForm$MH.0x0000000012061400.invokeExact_MT;java/lang/invoke/LambdaForm$MH.0x0000000012061000.invoke;java/lang/invoke/DirectMethodHandle$Holder.invokeSpecial;org/weakref/nitro/tpcds/jmh_generated/BenchmarkQueries_query88_jmhTest.query88_AverageTime;org/weakref/nitro/tpcds/jmh_generated/BenchmarkQueries_query88_jmhTest.query88_avgt_jmhStub;org/weakref/nitro/tpcds/BenchmarkQueries.query88;org/weakref/nitro/tpcds/TpcdsParquetSupport.query88;org/weakref/nitro/tpcds/TpcdsParquetSupport.query88BucketCount;org/weakref/nitro/tpcds/TpcdsParquetSupport.query88Bucket;org/weakref/nitro/operator/HashJoinOperator.<init>;org/weakref/nitro/operator/HashJoinOperator.<init>;org/weakref/nitro/operator/HashJoinOperator$JoinScratch.<init>;int[]_[i] 1
java/lang/Thread.run;java/lang/Thread.runWith;java/util/concurrent/ThreadPoolExecutor$Worker.run;java/util/concurrent/ThreadPoolExecutor.runWorker;java/util/concurrent/FutureTask.run;java/util/concurrent/Executors$RunnableAdapter.call;java/util/concurrent/FutureTask.run;org/openjdk/jmh/runner/BenchmarkHandler$BenchmarkTask.call;org/openjdk/jmh/runner/BenchmarkHandler$BenchmarkTask.call;java/lang/reflect/Method.invoke;jdk/internal/reflect/DirectMethodHandleAccessor.invoke;jdk/internal/reflect/DirectMethodHandleAccessor.invokeImpl;java/lang/invoke/LambdaForm$MH.0x0000000012061400.invokeExact_MT;java/lang/invoke/LambdaForm$MH.0x0000000012061000.invoke;java/lang/invoke/DirectMethodHandle$Holder.invokeSpecial;org/weakref/nitro/tpcds/jmh_generated/BenchmarkQueries_query88_jmhTest.query88_AverageTime;org/weakref/nitro/tpcds/jmh_generated/BenchmarkQueries_query88_jmhTest.query88_avgt_jmhStub;org/weakref/nitro/tpcds/BenchmarkQueries.query88;org/weakref/nitro/tpcds/BenchmarkQueries.consume;org/weakref/nitro/operator/NestedLoopJoinOperator.next;org/weakref/nitro/operator/NestedLoopJoinOperator.produceBatch;org/weakref/nitro/operator/NestedLoopJoinOperator.loadInnerIfNecessary;org/weakref/nitro/operator/BufferedJoinInput.loadAll;org/weakref/nitro/operator/BufferedJoinInput.loadAll;org/weakref/nitro/operator/BufferedJoinInput.captureSchema;org/weakref/nitro/operator/Output.borrow;org/weakref/nitro/operator/AggregationOperator$$Lambda.0x0000000012110000.apply;org/weakref/nitro/operator/AggregationOperator.lambda$resultOutput$0;org/weakref/nitro/operator/AggregationOperator.doAggregationIfNeeded;org/weakref/nitro/operator/HashJoinOperator.next;org/weakref/nitro/operator/HashJoinOperator.produceBatch;org/weakref/nitro/operator/HashJoinOperator.produceOrdinaryBatch;org/weakref/nitro/operator/HashJoinOperator.loadNextOuterBatch;org/weakref/nitro/operator/HashJoinOperator.next;org/weakref/nitro/operator/HashJoinOperator.produceBatch;org/weakref/nitro/operator/HashJoinOperator.produceOrdinaryBatch;org/weakref/nitro/operator/HashJoinOperator.loadNextOuterBatch;org/weakref/nitro/operator/HashJoinOperator.next;org/weakref/nitro/operator/HashJoinOperator.produceBatch;org/weakref/nitro/operator/HashJoinOperator.produceOrdinaryBatch;org/weakref/nitro/operator/HashJoinOperator.loadNextOuterBatch;org/weakref/nitro/operator/NitroParquetScanOperator.hasNext;org/weakref/nitro/operator/NitroParquetScanOperator.ensureWindow;org/weakref/nitro/operator/NitroParquetScanOperator.decodeFilterWindow;org/weakref/nitro/parquet/ColumnReader.filterDictLongs;org/weakref/nitro/parquet/ColumnReader.acceptByIdLong;org/weakref/nitro/parquet/ColumnReader.replaceBooleans;org/weakref/nitro/data/PrimitiveArrayPool.borrowBooleans;boolean[]_[i] 1
java/lang/Thread.run;java/lang/Thread.runWith;java/util/concurrent/ThreadPoolExecutor$Worker.run;java/util/concurrent/ThreadPoolExecutor.runWorker;java/util/concurrent/FutureTask.run;java/util/concurrent/Executors$RunnableAdapter.call;java/util/concurrent/FutureTask.run;org/openjdk/jmh/runner/BenchmarkHandler$BenchmarkTask.call;org/openjdk/jmh/runner/BenchmarkHandler$BenchmarkTask.call;java/lang/reflect/Method.invoke;jdk/internal/reflect/DirectMethodHandleAccessor.invoke;jdk/internal/reflect/DirectMethodHandleAccessor.invokeImpl;java/lang/invoke/LambdaForm$MH.0x0000000012061400.invokeExact_MT;java/lang/invoke/LambdaForm$MH.0x0000000012061000.invoke;java/lang/invoke/DirectMethodHandle$Holder.invokeSpecial;org/weakref/nitro/tpcds/jmh_generated/BenchmarkQueries_query88_jmhTest.query88_AverageTime;org/weakref/nitro/tpcds/jmh_generated/BenchmarkQueries_query88_jmhTest.query88_avgt_jmhStub;org/weakref/nitro/tpcds/BenchmarkQueries.query88;org/weakref/nitro/tpcds/BenchmarkQueries.consume;org/weakref/nitro/operator/NestedLoopJoinOperator.next;org/weakref/nitro/operator/NestedLoopJoinOperator.produceBatch;org/weakref/nitro/operator/NestedLoopJoinOperator.loadNextOuterBatch;org/weakref/nitro/operator/NestedLoopJoinOperator.next;org/weakref/nitro/operator/NestedLoopJoinOperator.produceBatch;org/weakref/nitro/operator/NestedLoopJoinOperator.loadNextOuterBatch;org/weakref/nitro/operator/NestedLoopJoinOperator.next;org/weakref/nitro/operator/NestedLoopJoinOperator.produceBatch;org/weakref/nitro/operator/NestedLoopJoinOperator.loadNextOuterBatch;org/weakref/nitro/operator/NestedLoopJoinOperator.next;org/weakref/nitro/operator/NestedLoopJoinOperator.produceBatch;org/weakref/nitro/operator/NestedLoopJoinOperator.loadNextOuterBatch;org/weakref/nitro/operator/NestedLoopJoinOperator.next;org/weakref/nitro/operator/NestedLoopJoinOperator.produceBatch;org/weakref/nitro/operator/NestedLoopJoinOperator.loadInnerIfNecessary;org/weakref/nitro/operator/BufferedJoinInput.loadAll;org/weakref/nitro/operator/BufferedJoinInput.loadAll;org/weakref/nitro/operator/BufferedJoinInput.captureSchema;org/weakref/nitro/operator/Output.borrow;org/weakref/nitro/operator/AggregationOperator$$Lambda.0x0000000012110000.apply;org/weakref/nitro/operator/AggregationOperator.lambda$resultOutput$0;org/weakref/nitro/operator/AggregationOperator.doAggregationIfNeeded;org/weakref/nitro/operator/HashJoinOperator.next;org/weakref/nitro/operator/HashJoinOperator.produceBatch;org/weakref/nitro/operator/HashJoinOperator.produceOrdinaryBatch;org/weakref/nitro/operator/HashJoinOperator.loadNextOuterBatch;org/weakref/nitro/operator/HashJoinOperator.next;org/weakref/nitro/operator/HashJoinOperator.produceBatch;org/weakref/nitro/operator/HashJoinOperator.produceOrdinaryBatch;org/weakref/nitro/operator/HashJoinOperator.loadNextOuterBatch;org/weakref/nitro/operator/HashJoinOperator.next;org/weakref/nitro/operator/HashJoinOperator.produceBatch;org/weakref/nitro/operator/HashJoinOperator.loadInnerIfNecessary;org/weakref/nitro/operator/HashJoinOperator.loadStreamingInner;org/weakref/nitro/operator/Output.borrow;org/weakref/nitro/operator/NitroParquetScanOperator$ScanOutputResolver$$Lambda.0x00000000120bc200.apply;org/weakref/nitro/operator/NitroParquetScanOperator$ScanOutputResolver.resolve;org/weakref/nitro/operator/NitroParquetScanOperator.resolveLazyColumn;org/weakref/nitro/operator/NitroParquetScanOperator.drainPendingAdvance;org/weakref/nitro/parquet/ColumnReader.skip;org/weakref/nitro/parquet/ColumnReader.decodeDataPageV1;org/weakref/nitro/parquet/ColumnReader.ensurePageCapacity;org/weakref/nitro/parquet/ColumnReader.ensurePageNullCapacity;org/weakref/nitro/parquet/ColumnReader.replaceBooleans;org/weakref/nitro/data/PrimitiveArrayPool.borrowBooleans;boolean[]_[i] 2
java/lang/Thread.run;java/lang/Thread.runWith;java/util/concurrent/ThreadPoolExecutor$Worker.run;java/util/concurrent/ThreadPoolExecutor.runWorker;java/util/concurrent/FutureTask.run;java/util/concurrent/Executors$RunnableAdapter.call;java/util/concurrent/FutureTask.run;org/openjdk/jmh/runner/BenchmarkHandler$BenchmarkTask.call;org/openjdk/jmh/runner/BenchmarkHandler$BenchmarkTask.call;java/lang/reflect/Method.invoke;jdk/internal/reflect/DirectMethodHandleAccessor.invoke;jdk/internal/reflect/DirectMethodHandleAccessor.invokeImpl;java/lang/invoke/LambdaForm$MH.0x0000000012061400.invokeExact_MT;java/lang/invoke/LambdaForm$MH.0x0000000012061000.invoke;java/lang/invoke/DirectMethodHandle$Holder.invokeSpecial;org/weakref/nitro/tpcds/jmh_generated/BenchmarkQueries_query88_jmhTest.query88_AverageTime;org/weakref/nitro/tpcds/jmh_generated/BenchmarkQueries_query88_jmhTest.query88_avgt_jmhStub;org/weakref/nitro/tpcds/BenchmarkQueries.query88;org/weakref/nitro/tpcds/BenchmarkQueries.consume;org/weakref/nitro/operator/NestedLoopJoinOperator.next;org/weakref/nitro/operator/NestedLoopJoinOperator.produceBatch;org/weakref/nitro/operator/NestedLoopJoinOperator.loadNextOuterBatch;org/weakref/nitro/operator/NestedLoopJoinOperator.next;org/weakref/nitro/operator/NestedLoopJoinOperator.produceBatch;org/weakref/nitro/operator/NestedLoopJoinOperator.loadNextOuterBatch;org/weakref/nitro/operator/NestedLoopJoinOperator.next;org/weakref/nitro/operator/NestedLoopJoinOperator.produceBatch;org/weakref/nitro/operator/NestedLoopJoinOperator.loadNextOuterBatch;org/weakref/nitro/operator/NestedLoopJoinOperator.next;org/weakref/nitro/operator/NestedLoopJoinOperator.produceBatch;org/weakref/nitro/operator/NestedLoopJoinOperator.loadNextOuterBatch;org/weakref/nitro/operator/NestedLoopJoinOperator.next;org/weakref/nitro/operator/NestedLoopJoinOperator.produceBatch;org/weakref/nitro/operator/NestedLoopJoinOperator.loadNextOuterBatch;org/weakref/nitro/operator/NestedLoopJoinOperator.next;org/weakref/nitro/operator/NestedLoopJoinOperator.produceBatch;org/weakref/nitro/operator/NestedLoopJoinOperator.loadNextOuterBatch;org/weakref/nitro/operator/NestedLoopJoinOperator.next;org/weakref/nitro/operator/NestedLoopJoinOperator.produceBatch;org/weakref/nitro/operator/NestedLoopJoinOperator.joinWithInnerRow;org/weakref/nitro/operator/JoinOutputBuffer.joinWithInnerRow;org/weakref/nitro/operator/JoinBufferSupport.borrowStreams;org/weakref/nitro/operator/Output.borrow;org/weakref/nitro/operator/AggregationOperator$$Lambda.0x0000000012110000.apply;org/weakref/nitro/operator/AggregationOperator.lambda$resultOutput$0;org/weakref/nitro/operator/AggregationOperator.doAggregationIfNeeded;org/weakref/nitro/operator/HashJoinOperator.next;org/weakref/nitro/operator/HashJoinOperator.produceBatch;org/weakref/nitro/operator/HashJoinOperator.produceOrdinaryBatch;org/weakref/nitro/operator/HashJoinOperator.loadNextOuterBatch;org/weakref/nitro/operator/HashJoinOperator.next;org/weakref/nitro/operator/HashJoinOperator.produceBatch;org/weakref/nitro/operator/HashJoinOperator.produceOrdinaryBatch;org/weakref/nitro/operator/HashJoinOperator.loadNextOuterBatch;org/weakref/nitro/operator/HashJoinOperator.next;org/weakref/nitro/operator/HashJoinOperator.produceBatch;org/weakref/nitro/operator/HashJoinOperator.produceOrdinaryBatch;org/weakref/nitro/operator/HashJoinOperator.loadNextOuterBatch;org/weakref/nitro/operator/NitroParquetScanOperator.hasNext;org/weakref/nitro/operator/NitroParquetScanOperator.ensureWindow;org/weakref/nitro/operator/NitroParquetScanOperator.decodeFilterWindow;org/weakref/nitro/operator/NitroParquetScanOperator.ensureColumnScratch;org/weakref/nitro/operator/NitroParquetScanOperator.replaceLongs;org/weakref/nitro/data/PrimitiveArrayPool.borrowLongs;long[]_[i] 2
java/lang/Thread.run;java/lang/Thread.runWith;java/util/concurrent/ThreadPoolExecutor$Worker.run;java/util/concurrent/ThreadPoolExecutor.runWorker;java/util/concurrent/FutureTask.run;java/util/concurrent/Executors$RunnableAdapter.call;java/util/concurrent/FutureTask.run;org/openjdk/jmh/runner/BenchmarkHandler$BenchmarkTask.call;org/openjdk/jmh/runner/BenchmarkHandler$BenchmarkTask.call;java/lang/reflect/Method.invoke;jdk/internal/reflect/DirectMethodHandleAccessor.invoke;jdk/internal/reflect/DirectMethodHandleAccessor.invokeImpl;java/lang/invoke/LambdaForm$MH.0x0000000012061400.invokeExact_MT;java/lang/invoke/LambdaForm$MH.0x0000000012061000.invoke;java/lang/invoke/DirectMethodHandle$Holder.invokeSpecial;org/weakref/nitro/tpcds/jmh_generated/BenchmarkQueries_query88_jmhTest.query88_AverageTime;org/weakref/nitro/tpcds/jmh_generated/BenchmarkQueries_query88_jmhTest.query88_avgt_jmhStub;org/weakref/nitro/tpcds/BenchmarkQueries.query88;org/weakref/nitro/tpcds/BenchmarkQueries.consume;org/weakref/nitro/operator/NestedLoopJoinOperator.next;org/weakref/nitro/operator/NestedLoopJoinOperator.produceBatch;org/weakref/nitro/operator/NestedLoopJoinOperator.loadNextOuterBatch;org/weakref/nitro/operator/NestedLoopJoinOperator.next;org/weakref/nitro/operator/NestedLoopJoinOperator.produceBatch;org/weakref/nitro/operator/NestedLoopJoinOperator.loadNextOuterBatch;org/weakref/nitro/operator/NestedLoopJoinOperator.next;org/weakref/nitro/operator/NestedLoopJoinOperator.produceBatch;org/weakref/nitro/operator/NestedLoopJoinOperator.loadNextOuterBatch;org/weakref/nitro/operator/NestedLoopJoinOperator.next;org/weakref/nitro/operator/NestedLoopJoinOperator.produceBatch;org/weakref/nitro/operator/NestedLoopJoinOperator.loadNextOuterBatch;org/weakref/nitro/operator/NestedLoopJoinOperator.next;org/weakref/nitro/operator/NestedLoopJoinOperator.produceBatch;org/weakref/nitro/operator/NestedLoopJoinOperator.loadNextOuterBatch;org/weakref/nitro/operator/NestedLoopJoinOperator.next;org/weakref/nitro/operator/NestedLoopJoinOperator.produceBatch;org/weakref/nitro/operator/NestedLoopJoinOperator.loadNextOuterBatch;org/weakref/nitro/operator/NestedLoopJoinOperator.next;org/weakref/nitro/operator/NestedLoopJoinOperator.produceBatch;org/weakref/nitro/operator/NestedLoopJoinOperator.joinWithInnerRow;org/weakref/nitro/operator/JoinOutputBuffer.joinWithInnerRow;org/weakref/nitro/operator/JoinBufferSupport.borrowStreams;org/weakref/nitro/operator/Output.borrow;org/weakref/nitro/operator/AggregationOperator$$Lambda.0x0000000012110000.apply;org/weakref/nitro/operator/AggregationOperator.lambda$resultOutput$0;org/weakref/nitro/operator/AggregationOperator.doAggregationIfNeeded;org/weakref/nitro/operator/HashJoinOperator.next;org/weakref/nitro/operator/HashJoinOperator.produceBatch;org/weakref/nitro/operator/HashJoinOperator.produceOrdinaryBatch;org/weakref/nitro/operator/HashJoinOperator.loadNextOuterBatch;org/weakref/nitro/operator/HashJoinOperator.next;org/weakref/nitro/operator/HashJoinOperator.produceBatch;org/weakref/nitro/operator/HashJoinOperator.loadInnerIfNecessary;org/weakref/nitro/operator/HashJoinOperator.loadStreamingInner;org/weakref/nitro/operator/FilterOperator.next;org/weakref/nitro/operator/evaluator/PlanEvaluator.evaluateInPlace;org/weakref/nitro/operator/evaluator/PlanEvaluator.evaluateTrueMaskInPlace;org/weakref/nitro/operator/evaluator/PlanEvaluator.evaluateTrueMaskInPlace;org/weakref/nitro/operator/evaluator/PlanEvaluator.evaluateAdaptiveAndTrueMaskInPlace;org/weakref/nitro/operator/evaluator/PlanEvaluator.evaluateMeasuredTrueMaskInPlace;org/weakref/nitro/operator/evaluator/PlanEvaluator.evaluateTrueMaskInPlace;org/weakref/nitro/operator/evaluator/PlanEvaluator.evaluateAdaptiveOrTrueMask;org/weakref/nitro/operator/evaluator/PlanEvaluator.evaluateMeasuredTrueMask;org/weakref/nitro/operator/evaluator/PlanEvaluator.evaluateTrueMaskWithoutReordering;org/weakref/nitro/operator/evaluator/PlanEvaluator.evaluateAdaptiveOrTrueMask;org/weakref/nitro/operator/evaluator/PlanEvaluator.evaluateMeasuredTrueMask;org/weakref/nitro/operator/evaluator/PlanEvaluator.evaluateTrueMaskWithoutReordering;org/weakref/nitro/operator/evaluator/PlanEvaluator.evaluateTrueReferenceMask;org/weakref/nitro/operator/evaluator/PlanEvaluator.tryEvaluatePrimitiveTrueMask;org/weakref/nitro/operator/evaluator/PlanEvaluator.tryEvaluatePrimitiveMask;org/weakref/nitro/function/scalar/builtin/EqualI64.tryEvaluateTrueMask;org/weakref/nitro/function/scalar/builtin/LongComparisonMaskSupport.tryEvaluateTrueMask;org/weakref/nitro/function/scalar/builtin/LongComparisonMaskSupport.tryConstantComparisonMask;org/weakref/nitro/data/Allocator.constantComparisonMask;org/weakref/nitro/data/Mask.retainConstantComparison;org/weakref/nitro/data/Mask.retainConstantComparison;org/weakref/nitro/data/Mask.positionsArray;org/weakref/nitro/data/Mask.ensureCapacity;java/util/Arrays.copyOf;int[]_[i] 1
java/lang/Thread.run;java/lang/Thread.runWith;java/util/concurrent/ThreadPoolExecutor$Worker.run;java/util/concurrent/ThreadPoolExecutor.runWorker;java/util/concurrent/FutureTask.run;java/util/concurrent/Executors$RunnableAdapter.call;java/util/concurrent/FutureTask.run;org/openjdk/jmh/runner/BenchmarkHandler$BenchmarkTask.call;org/openjdk/jmh/runner/BenchmarkHandler$BenchmarkTask.call;java/lang/reflect/Method.invoke;jdk/internal/reflect/DirectMethodHandleAccessor.invoke;jdk/internal/reflect/DirectMethodHandleAccessor.invokeImpl;java/lang/invoke/LambdaForm$MH.0x0000000012061400.invokeExact_MT;java/lang/invoke/LambdaForm$MH.0x0000000012061000.invoke;java/lang/invoke/DirectMethodHandle$Holder.invokeSpecial;org/weakref/nitro/tpcds/jmh_generated/BenchmarkQueries_query88_jmhTest.query88_AverageTime;org/weakref/nitro/tpcds/jmh_generated/BenchmarkQueries_query88_jmhTest.query88_avgt_jmhStub;org/weakref/nitro/tpcds/BenchmarkQueries.query88;org/weakref/nitro/tpcds/BenchmarkQueries.consume;org/weakref/nitro/operator/NestedLoopJoinOperator.next;org/weakref/nitro/operator/NestedLoopJoinOperator.produceBatch;org/weakref/nitro/operator/NestedLoopJoinOperator.loadNextOuterBatch;org/weakref/nitro/operator/NestedLoopJoinOperator.next;org/weakref/nitro/operator/NestedLoopJoinOperator.produceBatch;org/weakref/nitro/operator/NestedLoopJoinOperator.loadNextOuterBatch;org/weakref/nitro/operator/NestedLoopJoinOperator.next;org/weakref/nitro/operator/NestedLoopJoinOperator.produceBatch;org/weakref/nitro/operator/NestedLoopJoinOperator.loadNextOuterBatch;org/weakref/nitro/operator/NestedLoopJoinOperator.next;org/weakref/nitro/operator/NestedLoopJoinOperator.produceBatch;org/weakref/nitro/operator/NestedLoopJoinOperator.loadNextOuterBatch;org/weakref/nitro/operator/NestedLoopJoinOperator.next;org/weakref/nitro/operator/NestedLoopJoinOperator.produceBatch;org/weakref/nitro/operator/NestedLoopJoinOperator.loadNextOuterBatch;org/weakref/nitro/operator/NestedLoopJoinOperator.next;org/weakref/nitro/operator/NestedLoopJoinOperator.produceBatch;org/weakref/nitro/operator/NestedLoopJoinOperator.loadNextOuterBatch;org/weakref/nitro/operator/NestedLoopJoinOperator.next;org/weakref/nitro/operator/NestedLoopJoinOperator.produceBatch;org/weakref/nitro/operator/NestedLoopJoinOperator.loadInnerIfNecessary;org/weakref/nitro/operator/BufferedJoinInput.loadAll;org/weakref/nitro/operator/BufferedJoinInput.loadAll;org/weakref/nitro/operator/BufferedJoinInput.captureSchema;org/weakref/nitro/operator/Output.borrow;org/weakref/nitro/operator/AggregationOperator$$Lambda.0x0000000012110000.apply;org/weakref/nitro/operator/AggregationOperator.lambda$resultOutput$0;org/weakref/nitro/operator/AggregationOperator.doAggregationIfNeeded;org/weakref/nitro/operator/HashJoinOperator.next;org/weakref/nitro/operator/HashJoinOperator.produceBatch;org/weakref/nitro/operator/HashJoinOperator.produceOrdinaryBatch;org/weakref/nitro/operator/HashJoinOperator.loadNextOuterBatch;org/weakref/nitro/operator/HashJoinOperator.next;org/weakref/nitro/operator/HashJoinOperator.produceBatch;org/weakref/nitro/operator/HashJoinOperator.produceOrdinaryBatch;org/weakref/nitro/operator/HashJoinOperator.loadNextOuterBatch;org/weakref/nitro/operator/HashJoinOperator.next;org/weakref/nitro/operator/HashJoinOperator.produceBatch;org/weakref/nitro/operator/HashJoinOperator.loadInnerIfNecessary;org/weakref/nitro/operator/HashJoinOperator.loadStreamingInner;org/weakref/nitro/operator/FilterOperator.next;org/weakref/nitro/operator/evaluator/PlanEvaluator.evaluateInPlace;org/weakref/nitro/operator/evaluator/PlanEvaluator.evaluateTrueMaskInPlace;org/weakref/nitro/operator/evaluator/PlanEvaluator.evaluateTrueMaskInPlace;org/weakref/nitro/operator/evaluator/PlanEvaluator.evaluateAdaptiveAndTrueMaskInPlace;org/weakref/nitro/operator/evaluator/PlanEvaluator.evaluateMeasuredTrueMaskInPlace;org/weakref/nitro/operator/evaluator/PlanEvaluator.evaluateTrueMaskInPlace;org/weakref/nitro/operator/evaluator/PlanEvaluator.tryEvaluatePrimitiveTrueMaskInPlace;org/weakref/nitro/operator/evaluator/PlanEvaluator.tryEvaluatePrimitiveMaskInPlace;org/weakref/nitro/operator/evaluator/PlanEvaluator.resolveMaskPrimitiveInvocation;org/weakref/nitro/operator/evaluator/PlanEvaluator.evaluateArgument;org/weakref/nitro/operator/FilterOperator$1.resolve;org/weakref/nitro/operator/Output.borrowOrNull;org/weakref/nitro/operator/Output.borrow;org/weakref/nitro/operator/Output.borrow;org/weakref/nitro/operator/NitroParquetScanOperator$ScanOutputResolver$$Lambda.0x00000000120bc200.apply;org/weakref/nitro/operator/NitroParquetScanOperator$ScanOutputResolver.resolve;org/weakref/nitro/operator/NitroParquetScanOperator.resolveLazyColumn;org/weakref/nitro/operator/NitroParquetScanOperator.drainPendingAdvance;org/weakref/nitro/parquet/ColumnReader.skip;org/weakref/nitro/parquet/ColumnReader.decodeDataPageV1;org/weakref/nitro/parquet/ColumnReader.ensurePageCapacity;org/weakref/nitro/parquet/ColumnReader.ensurePageNullCapacity;org/weakref/nitro/parquet/ColumnReader.replaceBooleans;org/weakref/nitro/data/PrimitiveArrayPool.borrowBooleans;boolean[]_[i] 1
java/lang/Thread.run;java/lang/Thread.runWith;java/util/concurrent/ThreadPoolExecutor$Worker.run;java/util/concurrent/ThreadPoolExecutor.runWorker;java/util/concurrent/FutureTask.run;java/util/concurrent/Executors$RunnableAdapter.call;java/util/concurrent/FutureTask.run;org/openjdk/jmh/runner/BenchmarkHandler$BenchmarkTask.call;org/openjdk/jmh/runner/BenchmarkHandler$BenchmarkTask.call;java/lang/reflect/Method.invoke;jdk/internal/reflect/DirectMethodHandleAccessor.invoke;jdk/internal/reflect/DirectMethodHandleAccessor.invokeImpl;java/lang/invoke/LambdaForm$MH.0x0000000012061400.invokeExact_MT;java/lang/invoke/LambdaForm$MH.0x0000000012061000.invoke;java/lang/invoke/DirectMethodHandle$Holder.invokeSpecial;org/weakref/nitro/tpcds/jmh_generated/BenchmarkQueries_query88_jmhTest.query88_AverageTime;org/weakref/nitro/tpcds/jmh_generated/BenchmarkQueries_query88_jmhTest.query88_avgt_jmhStub;org/weakref/nitro/tpcds/BenchmarkQueries.query88;org/weakref/nitro/tpcds/BenchmarkQueries.consume;org/weakref/nitro/operator/NestedLoopJoinOperator.next;org/weakref/nitro/operator/NestedLoopJoinOperator.produceBatch;org/weakref/nitro/operator/NestedLoopJoinOperator.loadNextOuterBatch;org/weakref/nitro/operator/NestedLoopJoinOperator.next;org/weakref/nitro/operator/NestedLoopJoinOperator.produceBatch;org/weakref/nitro/operator/NestedLoopJoinOperator.loadNextOuterBatch;org/weakref/nitro/operator/NestedLoopJoinOperator.next;org/weakref/nitro/operator/NestedLoopJoinOperator.produceBatch;org/weakref/nitro/operator/NestedLoopJoinOperator.loadNextOuterBatch;org/weakref/nitro/operator/NestedLoopJoinOperator.next;org/weakref/nitro/operator/NestedLoopJoinOperator.produceBatch;org/weakref/nitro/operator/NestedLoopJoinOperator.loadInnerIfNecessary;org/weakref/nitro/operator/BufferedJoinInput.loadAll;org/weakref/nitro/operator/BufferedJoinInput.loadAll;org/weakref/nitro/operator/BufferedJoinInput.captureSchema;org/weakref/nitro/operator/Output.borrow;org/weakref/nitro/operator/AggregationOperator$$Lambda.0x0000000012110000.apply;org/weakref/nitro/operator/AggregationOperator.lambda$resultOutput$0;org/weakref/nitro/operator/AggregationOperator.doAggregationIfNeeded;org/weakref/nitro/operator/HashJoinOperator.next;org/weakref/nitro/operator/HashJoinOperator.produceBatch;org/weakref/nitro/operator/HashJoinOperator.produceOrdinaryBatch;org/weakref/nitro/operator/HashJoinOperator.loadNextOuterBatch;org/weakref/nitro/operator/HashJoinOperator.next;org/weakref/nitro/operator/HashJoinOperator.produceBatch;org/weakref/nitro/operator/HashJoinOperator.produceOrdinaryBatch;org/weakref/nitro/operator/HashJoinOperator.loadNextOuterBatch;org/weakref/nitro/operator/HashJoinOperator.next;org/weakref/nitro/operator/HashJoinOperator.produceBatch;org/weakref/nitro/operator/HashJoinOperator.produceOrdinaryBatch;org/weakref/nitro/operator/HashJoinOperator.loadNextOuterBatch;org/weakref/nitro/operator/NitroParquetScanOperator.hasNext;org/weakref/nitro/operator/NitroParquetScanOperator.ensureWindow;org/weakref/nitro/operator/NitroParquetScanOperator.decodeFilterWindow;org/weakref/nitro/operator/NitroParquetScanOperator.readColumnInto;org/weakref/nitro/operator/NitroParquetScanOperator.ensureColumnScratch;org/weakref/nitro/operator/NitroParquetScanOperator.replaceBooleans;org/weakref/nitro/data/PrimitiveArrayPool.borrowBooleans;boolean[]_[i] 2
java/lang/Thread.run;java/lang/Thread.runWith;java/util/concurrent/ThreadPoolExecutor$Worker.run;java/util/concurrent/ThreadPoolExecutor.runWorker;java/util/concurrent/FutureTask.run;java/util/concurrent/Executors$RunnableAdapter.call;java/util/concurrent/FutureTask.run;org/openjdk/jmh/runner/BenchmarkHandler$BenchmarkTask.call;org/openjdk/jmh/runner/BenchmarkHandler$BenchmarkTask.call;java/lang/reflect/Method.invoke;jdk/internal/reflect/DirectMethodHandleAccessor.invoke;jdk/internal/reflect/DirectMethodHandleAccessor.invokeImpl;java/lang/invoke/LambdaForm$MH.0x0000000012061400.invokeExact_MT;java/lang/invoke/LambdaForm$MH.0x0000000012061000.invoke;java/lang/invoke/DirectMethodHandle$Holder.invokeSpecial;org/weakref/nitro/tpcds/jmh_generated/BenchmarkQueries_query88_jmhTest.query88_AverageTime;org/weakref/nitro/tpcds/jmh_generated/BenchmarkQueries_query88_jmhTest.query88_avgt_jmhStub;org/weakref/nitro/tpcds/BenchmarkQueries.query88;org/weakref/nitro/tpcds/BenchmarkQueries.consume;org/weakref/nitro/operator/NestedLoopJoinOperator.next;org/weakref/nitro/operator/NestedLoopJoinOperator.produceBatch;org/weakref/nitro/operator/NestedLoopJoinOperator.loadNextOuterBatch;org/weakref/nitro/operator/NestedLoopJoinOperator.next;org/weakref/nitro/operator/NestedLoopJoinOperator.produceBatch;org/weakref/nitro/operator/NestedLoopJoinOperator.loadNextOuterBatch;org/weakref/nitro/operator/NestedLoopJoinOperator.next;org/weakref/nitro/operator/NestedLoopJoinOperator.produceBatch;org/weakref/nitro/operator/NestedLoopJoinOperator.loadNextOuterBatch;org/weakref/nitro/operator/NestedLoopJoinOperator.next;org/weakref/nitro/operator/NestedLoopJoinOperator.produceBatch;org/weakref/nitro/operator/NestedLoopJoinOperator.loadNextOuterBatch;org/weakref/nitro/operator/NestedLoopJoinOperator.next;org/weakref/nitro/operator/NestedLoopJoinOperator.produceBatch;org/weakref/nitro/operator/NestedLoopJoinOperator.loadInnerIfNecessary;org/weakref/nitro/operator/BufferedJoinInput.loadAll;org/weakref/nitro/operator/BufferedJoinInput.loadAll;org/weakref/nitro/operator/BufferedJoinInput.captureSchema;org/weakref/nitro/operator/Output.borrow;org/weakref/nitro/operator/AggregationOperator$$Lambda.0x0000000012110000.apply;org/weakref/nitro/operator/AggregationOperator.lambda$resultOutput$0;org/weakref/nitro/operator/AggregationOperator.doAggregationIfNeeded;org/weakref/nitro/operator/HashJoinOperator.next;org/weakref/nitro/operator/HashJoinOperator.produceBatch;org/weakref/nitro/operator/HashJoinOperator.produceOrdinaryBatch;org/weakref/nitro/operator/HashJoinOperator.loadNextOuterBatch;org/weakref/nitro/operator/HashJoinOperator.next;org/weakref/nitro/operator/HashJoinOperator.produceBatch;org/weakref/nitro/operator/HashJoinOperator.produceOrdinaryBatch;org/weakref/nitro/operator/HashJoinOperator.loadNextOuterBatch;org/weakref/nitro/operator/HashJoinOperator.next;org/weakref/nitro/operator/HashJoinOperator.produceBatch;org/weakref/nitro/operator/HashJoinOperator.loadInnerIfNecessary;org/weakref/nitro/operator/HashJoinOperator.loadStreamingInner;org/weakref/nitro/operator/FilterOperator.next;org/weakref/nitro/operator/evaluator/PlanEvaluator.evaluateInPlace;org/weakref/nitro/operator/evaluator/PlanEvaluator.evaluateTrueMaskInPlace;org/weakref/nitro/operator/evaluator/PlanEvaluator.evaluateTrueMaskInPlace;org/weakref/nitro/operator/evaluator/PlanEvaluator.evaluateAdaptiveAndTrueMaskInPlace;org/weakref/nitro/operator/evaluator/PlanEvaluator.evaluateMeasuredTrueMaskInPlace;org/weakref/nitro/operator/evaluator/PlanEvaluator.evaluateTrueMaskInPlace;org/weakref/nitro/operator/evaluator/PlanEvaluator.tryEvaluatePrimitiveTrueMaskInPlace;org/weakref/nitro/operator/evaluator/PlanEvaluator.tryEvaluatePrimitiveMaskInPlace;org/weakref/nitro/operator/evaluator/PlanEvaluator.resolveMaskPrimitiveInvocation;org/weakref/nitro/operator/evaluator/PlanEvaluator.evaluateArgument;org/weakref/nitro/operator/FilterOperator$1.resolve;org/weakref/nitro/operator/Output.borrowOrNull;org/weakref/nitro/operator/Output.borrow;org/weakref/nitro/operator/Output.borrow;org/weakref/nitro/operator/NitroParquetScanOperator$ScanOutputResolver$$Lambda.0x00000000120bc200.apply;org/weakref/nitro/operator/NitroParquetScanOperator$ScanOutputResolver.resolve;org/weakref/nitro/operator/NitroParquetScanOperator.resolveLazyColumn;org/weakref/nitro/operator/NitroParquetScanOperator.decodeFullColumn;org/weakref/nitro/parquet/ColumnReader.readInts;org/weakref/nitro/parquet/ColumnReader.decodeNextDataPage;org/weakref/nitro/parquet/ColumnReader.decodeDataPageV1;org/weakref/nitro/parquet/ColumnReader.ensurePageCapacity;org/weakref/nitro/parquet/ColumnReader.ensurePageValueCapacity;org/weakref/nitro/parquet/ColumnReader.replaceInts;org/weakref/nitro/data/PrimitiveArrayPool.borrowInts;int[]_[i] 2
java/lang/Thread.run;java/lang/Thread.runWith;java/util/concurrent/ThreadPoolExecutor$Worker.run;java/util/concurrent/ThreadPoolExecutor.runWorker;java/util/concurrent/FutureTask.run;java/util/concurrent/Executors$RunnableAdapter.call;java/util/concurrent/FutureTask.run;org/openjdk/jmh/runner/BenchmarkHandler$BenchmarkTask.call;org/openjdk/jmh/runner/BenchmarkHandler$BenchmarkTask.call;java/lang/reflect/Method.invoke;jdk/internal/reflect/DirectMethodHandleAccessor.invoke;jdk/internal/reflect/DirectMethodHandleAccessor.invokeImpl;java/lang/invoke/LambdaForm$MH.0x0000000012061400.invokeExact_MT;java/lang/invoke/LambdaForm$MH.0x0000000012061000.invoke;java/lang/invoke/DirectMethodHandle$Holder.invokeSpecial;org/weakref/nitro/tpcds/jmh_generated/BenchmarkQueries_query88_jmhTest.query88_AverageTime;org/weakref/nitro/tpcds/jmh_generated/BenchmarkQueries_query88_jmhTest.query88_avgt_jmhStub;org/weakref/nitro/tpcds/BenchmarkQueries.query88;org/weakref/nitro/tpcds/BenchmarkQueries.consume;org/weakref/nitro/operator/NestedLoopJoinOperator.next;org/weakref/nitro/operator/NestedLoopJoinOperator.produceBatch;org/weakref/nitro/operator/NestedLoopJoinOperator.loadNextOuterBatch;org/weakref/nitro/operator/NestedLoopJoinOperator.next;org/weakref/nitro/operator/NestedLoopJoinOperator.produceBatch;org/weakref/nitro/operator/NestedLoopJoinOperator.loadNextOuterBatch;org/weakref/nitro/operator/NestedLoopJoinOperator.next;org/weakref/nitro/operator/NestedLoopJoinOperator.produceBatch;org/weakref/nitro/operator/NestedLoopJoinOperator.loadNextOuterBatch;org/weakref/nitro/operator/NestedLoopJoinOperator.next;org/weakref/nitro/operator/NestedLoopJoinOperator.produceBatch;org/weakref/nitro/operator/NestedLoopJoinOperator.loadNextOuterBatch;org/weakref/nitro/operator/NestedLoopJoinOperator.next;org/weakref/nitro/operator/NestedLoopJoinOperator.produceBatch;org/weakref/nitro/operator/NestedLoopJoinOperator.loadNextOuterBatch;org/weakref/nitro/operator/NestedLoopJoinOperator.next;org/weakref/nitro/operator/NestedLoopJoinOperator.produceBatch;org/weakref/nitro/operator/NestedLoopJoinOperator.loadInnerIfNecessary;org/weakref/nitro/operator/BufferedJoinInput.loadAll;org/weakref/nitro/operator/BufferedJoinInput.loadAll;org/weakref/nitro/operator/BufferedJoinInput.captureSchema;org/weakref/nitro/operator/Output.borrow;org/weakref/nitro/operator/AggregationOperator$$Lambda.0x0000000012110000.apply;org/weakref/nitro/operator/AggregationOperator.lambda$resultOutput$0;org/weakref/nitro/operator/AggregationOperator.doAggregationIfNeeded;org/weakref/nitro/operator/HashJoinOperator.next;org/weakref/nitro/operator/HashJoinOperator.produceBatch;org/weakref/nitro/operator/HashJoinOperator.produceOrdinaryBatch;org/weakref/nitro/operator/HashJoinOperator.loadNextOuterBatch;org/weakref/nitro/operator/HashJoinOperator.next;org/weakref/nitro/operator/HashJoinOperator.produceBatch;org/weakref/nitro/operator/HashJoinOperator.produceOrdinaryBatch;org/weakref/nitro/operator/HashJoinOperator.loadNextOuterBatch;org/weakref/nitro/operator/HashJoinOperator.next;org/weakref/nitro/operator/HashJoinOperator.produceBatch;org/weakref/nitro/operator/HashJoinOperator.produceOrdinaryBatch;org/weakref/nitro/operator/HashJoinOperator.loadNextOuterBatch;org/weakref/nitro/operator/NitroParquetScanOperator.hasNext;org/weakref/nitro/operator/NitroParquetScanOperator.ensureWindow;org/weakref/nitro/operator/NitroParquetScanOperator.decodeFilterWindow;org/weakref/nitro/operator/NitroParquetScanOperator.snapshotFilterSurvivors;org/weakref/nitro/operator/NitroParquetScanOperator.replaceInts;org/weakref/nitro/data/PrimitiveArrayPool.borrowInts;int[]_[i] 2
java/lang/Thread.run;java/lang/Thread.runWith;java/util/concurrent/ThreadPoolExecutor$Worker.run;java/util/concurrent/ThreadPoolExecutor.runWorker;java/util/concurrent/FutureTask.run;java/util/concurrent/Executors$RunnableAdapter.call;java/util/concurrent/FutureTask.run;org/openjdk/jmh/runner/BenchmarkHandler$BenchmarkTask.call;org/openjdk/jmh/runner/BenchmarkHandler$BenchmarkTask.call;java/lang/reflect/Method.invoke;jdk/internal/reflect/DirectMethodHandleAccessor.invoke;jdk/internal/reflect/DirectMethodHandleAccessor.invokeImpl;java/lang/invoke/LambdaForm$MH.0x0000000012061400.invokeExact_MT;java/lang/invoke/LambdaForm$MH.0x0000000012061000.invoke;java/lang/invoke/DirectMethodHandle$Holder.invokeSpecial;org/weakref/nitro/tpcds/jmh_generated/BenchmarkQueries_query88_jmhTest.query88_AverageTime;org/weakref/nitro/tpcds/jmh_generated/BenchmarkQueries_query88_jmhTest.query88_avgt_jmhStub;org/weakref/nitro/tpcds/BenchmarkQueries.query88;org/weakref/nitro/tpcds/BenchmarkQueries.consume;org/weakref/nitro/operator/NestedLoopJoinOperator.next;org/weakref/nitro/operator/NestedLoopJoinOperator.produceBatch;org/weakref/nitro/operator/NestedLoopJoinOperator.loadNextOuterBatch;org/weakref/nitro/operator/NestedLoopJoinOperator.next;org/weakref/nitro/operator/NestedLoopJoinOperator.produceBatch;org/weakref/nitro/operator/NestedLoopJoinOperator.loadNextOuterBatch;org/weakref/nitro/operator/NestedLoopJoinOperator.next;org/weakref/nitro/operator/NestedLoopJoinOperator.produceBatch;org/weakref/nitro/operator/NestedLoopJoinOperator.loadNextOuterBatch;org/weakref/nitro/operator/NestedLoopJoinOperator.next;org/weakref/nitro/operator/NestedLoopJoinOperator.produceBatch;org/weakref/nitro/operator/NestedLoopJoinOperator.loadNextOuterBatch;org/weakref/nitro/operator/NestedLoopJoinOperator.next;org/weakref/nitro/operator/NestedLoopJoinOperator.produceBatch;org/weakref/nitro/operator/NestedLoopJoinOperator.loadNextOuterBatch;org/weakref/nitro/operator/NestedLoopJoinOperator.next;org/weakref/nitro/operator/NestedLoopJoinOperator.produceBatch;org/weakref/nitro/operator/NestedLoopJoinOperator.loadInnerIfNecessary;org/weakref/nitro/operator/BufferedJoinInput.loadAll;org/weakref/nitro/operator/BufferedJoinInput.loadAll;org/weakref/nitro/operator/BufferedJoinInput.captureSchema;org/weakref/nitro/operator/Output.borrow;org/weakref/nitro/operator/AggregationOperator$$Lambda.0x0000000012110000.apply;org/weakref/nitro/operator/AggregationOperator.lambda$resultOutput$0;org/weakref/nitro/operator/AggregationOperator.doAggregationIfNeeded;org/weakref/nitro/operator/HashJoinOperator.next;org/weakref/nitro/operator/HashJoinOperator.produceBatch;org/weakref/nitro/operator/HashJoinOperator.produceOrdinaryBatch;org/weakref/nitro/operator/HashJoinOperator.loadNextOuterBatch;org/weakref/nitro/operator/HashJoinOperator.next;org/weakref/nitro/operator/HashJoinOperator.produceBatch;org/weakref/nitro/operator/HashJoinOperator.produceOrdinaryBatch;org/weakref/nitro/operator/HashJoinOperator.loadNextOuterBatch;org/weakref/nitro/operator/HashJoinOperator.next;org/weakref/nitro/operator/HashJoinOperator.produceBatch;org/weakref/nitro/operator/HashJoinOperator.produceOrdinaryBatch;org/weakref/nitro/operator/HashJoinOperator.loadNextOuterBatch;org/weakref/nitro/operator/NitroParquetScanOperator.hasNext;org/weakref/nitro/operator/NitroParquetScanOperator.ensureWindow;org/weakref/nitro/operator/NitroParquetScanOperator.decodeFilterWindow;org/weakref/nitro/operator/NitroParquetScanOperator.readColumnInto;org/weakref/nitro/operator/NitroParquetScanOperator.ensureColumnScratch;org/weakref/nitro/operator/NitroParquetScanOperator.replaceLongs;org/weakref/nitro/data/PrimitiveArrayPool.borrowLongs;long[]_[i] 2
java/lang/Thread.run;java/lang/Thread.runWith;java/util/concurrent/ThreadPoolExecutor$Worker.run;java/util/concurrent/ThreadPoolExecutor.runWorker;java/util/concurrent/FutureTask.run;java/util/concurrent/Executors$RunnableAdapter.call;java/util/concurrent/FutureTask.run;org/openjdk/jmh/runner/BenchmarkHandler$BenchmarkTask.call;org/openjdk/jmh/runner/BenchmarkHandler$BenchmarkTask.call;java/lang/reflect/Method.invoke;jdk/internal/reflect/DirectMethodHandleAccessor.invoke;jdk/internal/reflect/DirectMethodHandleAccessor.invokeImpl;java/lang/invoke/LambdaForm$MH.0x0000000012061400.invokeExact_MT;java/lang/invoke/LambdaForm$MH.0x0000000012061000.invoke;java/lang/invoke/DirectMethodHandle$Holder.invokeSpecial;org/weakref/nitro/tpcds/jmh_generated/BenchmarkQueries_query88_jmhTest.query88_AverageTime;org/weakref/nitro/tpcds/jmh_generated/BenchmarkQueries_query88_jmhTest.query88_avgt_jmhStub;org/weakref/nitro/tpcds/BenchmarkQueries.query88;org/weakref/nitro/tpcds/TpcdsParquetSupport.query88;org/weakref/nitro/tpcds/TpcdsParquetSupport.query88BucketCount;org/weakref/nitro/tpcds/TpcdsParquetSupport.query88Bucket;org/weakref/nitro/operator/HashJoinOperator.<init>;org/weakref/nitro/operator/HashJoinOperator.<init>;it.unimi.dsi.fastutil.longs.LongList[]_[i] 2
java/lang/Thread.run;java/lang/Thread.runWith;java/util/concurrent/ThreadPoolExecutor$Worker.run;java/util/concurrent/ThreadPoolExecutor.runWorker;java/util/concurrent/FutureTask.run;java/util/concurrent/Executors$RunnableAdapter.call;java/util/concurrent/FutureTask.run;org/openjdk/jmh/runner/BenchmarkHandler$BenchmarkTask.call;org/openjdk/jmh/runner/BenchmarkHandler$BenchmarkTask.call;java/lang/reflect/Method.invoke;jdk/internal/reflect/DirectMethodHandleAccessor.invoke;jdk/internal/reflect/DirectMethodHandleAccessor.invokeImpl;java/lang/invoke/LambdaForm$MH.0x0000000012061400.invokeExact_MT;java/lang/invoke/LambdaForm$MH.0x0000000012061000.invoke;java/lang/invoke/DirectMethodHandle$Holder.invokeSpecial;org/weakref/nitro/tpcds/jmh_generated/BenchmarkQueries_query88_jmhTest.query88_AverageTime;org/weakref/nitro/tpcds/jmh_generated/BenchmarkQueries_query88_jmhTest.query88_avgt_jmhStub;org/weakref/nitro/tpcds/BenchmarkQueries.query88;org/weakref/nitro/tpcds/BenchmarkQueries.consume;org/weakref/nitro/operator/NestedLoopJoinOperator.next;org/weakref/nitro/operator/NestedLoopJoinOperator.produceBatch;org/weakref/nitro/operator/NestedLoopJoinOperator.loadInnerIfNecessary;org/weakref/nitro/operator/BufferedJoinInput.loadAll;org/weakref/nitro/operator/BufferedJoinInput.loadAll;org/weakref/nitro/operator/BufferedJoinInput.captureSchema;org/weakref/nitro/operator/Output.borrow;org/weakref/nitro/operator/AggregationOperator$$Lambda.0x0000000012110000.apply;org/weakref/nitro/operator/AggregationOperator.lambda$resultOutput$0;org/weakref/nitro/operator/AggregationOperator.doAggregationIfNeeded;org/weakref/nitro/operator/HashJoinOperator.next;org/weakref/nitro/operator/HashJoinOperator.produceBatch;org/weakref/nitro/operator/HashJoinOperator.produceOrdinaryBatch;org/weakref/nitro/operator/HashJoinOperator.loadNextOuterBatch;org/weakref/nitro/operator/HashJoinOperator.next;org/weakref/nitro/operator/HashJoinOperator.produceBatch;org/weakref/nitro/operator/HashJoinOperator.produceOrdinaryBatch;org/weakref/nitro/operator/HashJoinOperator.loadNextOuterBatch;org/weakref/nitro/operator/HashJoinOperator.next;org/weakref/nitro/operator/HashJoinOperator.produceBatch;org/weakref/nitro/operator/HashJoinOperator.loadInnerIfNecessary;org/weakref/nitro/operator/HashJoinOperator.loadStreamingInner;org/weakref/nitro/operator/FilterOperator.next;org/weakref/nitro/operator/evaluator/PlanEvaluator.evaluateInPlace;org/weakref/nitro/operator/evaluator/PlanEvaluator.evaluateTrueMaskInPlace;org/weakref/nitro/operator/evaluator/PlanEvaluator.evaluateTrueMaskInPlace;org/weakref/nitro/operator/evaluator/PlanEvaluator.evaluateAdaptiveAndTrueMaskInPlace;org/weakref/nitro/operator/evaluator/PlanEvaluator.evaluateMeasuredTrueMaskInPlace;org/weakref/nitro/operator/evaluator/PlanEvaluator.evaluateTrueMaskInPlace;org/weakref/nitro/operator/evaluator/PlanEvaluator.tryEvaluatePrimitiveTrueMaskInPlace;org/weakref/nitro/operator/evaluator/PlanEvaluator.tryEvaluatePrimitiveMaskInPlace;org/weakref/nitro/operator/evaluator/PlanEvaluator.resolveMaskPrimitiveInvocation;org/weakref/nitro/operator/evaluator/PlanEvaluator.evaluateArgument;org/weakref/nitro/operator/FilterOperator$1.resolve;org/weakref/nitro/operator/Output.borrowOrNull;org/weakref/nitro/operator/Output.borrow;org/weakref/nitro/operator/Output.borrow;org/weakref/nitro/operator/NitroParquetScanOperator$ScanOutputResolver$$Lambda.0x00000000120bc200.apply;org/weakref/nitro/operator/NitroParquetScanOperator$ScanOutputResolver.resolve;org/weakref/nitro/operator/NitroParquetScanOperator.resolveLazyColumn;org/weakref/nitro/operator/NitroParquetScanOperator.decodeFullColumn;org/weakref/nitro/parquet/ColumnReader.readInts;org/weakref/nitro/parquet/ColumnReader.decodeNextDataPage;org/weakref/nitro/parquet/ColumnReader.decodeDataPageV1;org/weakref/nitro/parquet/ColumnReader.ensureIdCapacity;org/weakref/nitro/parquet/ColumnReader.replaceInts;org/weakref/nitro/data/PrimitiveArrayPool.borrowInts;int[]_[i] 2
java/lang/Thread.run;java/lang/Thread.runWith;java/util/concurrent/ThreadPoolExecutor$Worker.run;java/util/concurrent/ThreadPoolExecutor.runWorker;java/util/concurrent/FutureTask.run;java/util/concurrent/Executors$RunnableAdapter.call;java/util/concurrent/FutureTask.run;org/openjdk/jmh/runner/BenchmarkHandler$BenchmarkTask.call;org/openjdk/jmh/runner/BenchmarkHandler$BenchmarkTask.call;java/lang/reflect/Method.invoke;jdk/internal/reflect/DirectMethodHandleAccessor.invoke;jdk/internal/reflect/DirectMethodHandleAccessor.invokeImpl;java/lang/invoke/LambdaForm$MH.0x0000000012061400.invokeExact_MT;java/lang/invoke/LambdaForm$MH.0x0000000012061000.invoke;java/lang/invoke/DirectMethodHandle$Holder.invokeSpecial;org/weakref/nitro/tpcds/jmh_generated/BenchmarkQueries_query88_jmhTest.query88_AverageTime;org/weakref/nitro/tpcds/jmh_generated/BenchmarkQueries_query88_jmhTest.query88_avgt_jmhStub;org/weakref/nitro/tpcds/BenchmarkQueries.query88;org/weakref/nitro/tpcds/BenchmarkQueries.consume;org/weakref/nitro/operator/NestedLoopJoinOperator.next;org/weakref/nitro/operator/NestedLoopJoinOperator.produceBatch;org/weakref/nitro/operator/NestedLoopJoinOperator.loadNextOuterBatch;org/weakref/nitro/operator/NestedLoopJoinOperator.next;org/weakref/nitro/operator/NestedLoopJoinOperator.produceBatch;org/weakref/nitro/operator/NestedLoopJoinOperator.loadNextOuterBatch;org/weakref/nitro/operator/NestedLoopJoinOperator.next;org/weakref/nitro/operator/NestedLoopJoinOperator.produceBatch;org/weakref/nitro/operator/NestedLoopJoinOperator.loadNextOuterBatch;org/weakref/nitro/operator/NestedLoopJoinOperator.next;org/weakref/nitro/operator/NestedLoopJoinOperator.produceBatch;org/weakref/nitro/operator/NestedLoopJoinOperator.loadNextOuterBatch;org/weakref/nitro/operator/NestedLoopJoinOperator.next;org/weakref/nitro/operator/NestedLoopJoinOperator.produceBatch;org/weakref/nitro/operator/NestedLoopJoinOperator.loadNextOuterBatch;org/weakref/nitro/operator/NestedLoopJoinOperator.next;org/weakref/nitro/operator/NestedLoopJoinOperator.produceBatch;org/weakref/nitro/operator/NestedLoopJoinOperator.loadNextOuterBatch;org/weakref/nitro/operator/NestedLoopJoinOperator.next;org/weakref/nitro/operator/NestedLoopJoinOperator.produceBatch;org/weakref/nitro/operator/NestedLoopJoinOperator.joinWithInnerRow;org/weakref/nitro/operator/JoinOutputBuffer.joinWithInnerRow;org/weakref/nitro/operator/JoinBufferSupport.borrowStreams;org/weakref/nitro/operator/Output.borrow;org/weakref/nitro/operator/AggregationOperator$$Lambda.0x0000000012110000.apply;org/weakref/nitro/operator/AggregationOperator.lambda$resultOutput$0;org/weakref/nitro/operator/AggregationOperator.doAggregationIfNeeded;org/weakref/nitro/operator/HashJoinOperator.next;org/weakref/nitro/operator/HashJoinOperator.produceBatch;org/weakref/nitro/operator/HashJoinOperator.produceOrdinaryBatch;org/weakref/nitro/operator/HashJoinOperator.loadNextOuterBatch;org/weakref/nitro/operator/HashJoinOperator.next;org/weakref/nitro/operator/HashJoinOperator.produceBatch;org/weakref/nitro/operator/HashJoinOperator.produceOrdinaryBatch;org/weakref/nitro/operator/HashJoinOperator.loadNextOuterBatch;org/weakref/nitro/operator/HashJoinOperator.next;org/weakref/nitro/operator/HashJoinOperator.produceBatch;org/weakref/nitro/operator/HashJoinOperator.produceOrdinaryBatch;org/weakref/nitro/operator/HashJoinOperator.loadNextOuterBatch;org/weakref/nitro/operator/NitroParquetScanOperator.hasNext;org/weakref/nitro/operator/NitroParquetScanOperator.ensureWindow;org/weakref/nitro/operator/NitroParquetScanOperator.decodeFilterWindow;org/weakref/nitro/operator/NitroParquetScanOperator.ensureLong;org/weakref/nitro/operator/NitroParquetScanOperator.replaceLongs;org/weakref/nitro/data/PrimitiveArrayPool.borrowLongs;long[]_[i] 2
java/lang/Thread.run;java/lang/Thread.runWith;java/util/concurrent/ThreadPoolExecutor$Worker.run;java/util/concurrent/ThreadPoolExecutor.runWorker;java/util/concurrent/FutureTask.run;java/util/concurrent/Executors$RunnableAdapter.call;java/util/concurrent/FutureTask.run;org/openjdk/jmh/runner/BenchmarkHandler$BenchmarkTask.call;org/openjdk/jmh/runner/BenchmarkHandler$BenchmarkTask.call;java/lang/reflect/Method.invoke;jdk/internal/reflect/DirectMethodHandleAccessor.invoke;jdk/internal/reflect/DirectMethodHandleAccessor.invokeImpl;java/lang/invoke/LambdaForm$MH.0x0000000012061400.invokeExact_MT;java/lang/invoke/LambdaForm$MH.0x0000000012061000.invoke;java/lang/invoke/DirectMethodHandle$Holder.invokeSpecial;org/weakref/nitro/tpcds/jmh_generated/BenchmarkQueries_query88_jmhTest.query88_AverageTime;org/weakref/nitro/tpcds/jmh_generated/BenchmarkQueries_query88_jmhTest.query88_avgt_jmhStub;org/weakref/nitro/tpcds/BenchmarkQueries.query88;org/weakref/nitro/tpcds/TpcdsParquetSupport.query88;org/weakref/nitro/tpcds/TpcdsParquetSupport.query88BucketCount;org/weakref/nitro/tpcds/TpcdsParquetSupport.query88Bucket;org/weakref/nitro/operator/HashJoinOperator.<init>;org/weakref/nitro/operator/HashJoinOperator.<init>;org/weakref/nitro/operator/HashJoinOperator$JoinScratch.<init>;long[]_[i] 1
java/lang/Thread.run;java/lang/Thread.runWith;java/util/concurrent/ThreadPoolExecutor$Worker.run;java/util/concurrent/ThreadPoolExecutor.runWorker;java/util/concurrent/FutureTask.run;java/util/concurrent/Executors$RunnableAdapter.call;java/util/concurrent/FutureTask.run;org/openjdk/jmh/runner/BenchmarkHandler$BenchmarkTask.call;org/openjdk/jmh/runner/BenchmarkHandler$BenchmarkTask.call;java/lang/reflect/Method.invoke;jdk/internal/reflect/DirectMethodHandleAccessor.invoke;jdk/internal/reflect/DirectMethodHandleAccessor.invokeImpl;java/lang/invoke/LambdaForm$MH.0x0000000012061400.invokeExact_MT;java/lang/invoke/LambdaForm$MH.0x0000000012061000.invoke;java/lang/invoke/DirectMethodHandle$Holder.invokeSpecial;org/weakref/nitro/tpcds/jmh_generated/BenchmarkQueries_query88_jmhTest.query88_AverageTime;org/weakref/nitro/tpcds/jmh_generated/BenchmarkQueries_query88_jmhTest.query88_avgt_jmhStub;org/weakref/nitro/tpcds/BenchmarkQueries.query88;org/weakref/nitro/tpcds/BenchmarkQueries.consume;org/weakref/nitro/operator/NestedLoopJoinOperator.next;org/weakref/nitro/operator/NestedLoopJoinOperator.produceBatch;org/weakref/nitro/operator/NestedLoopJoinOperator.loadNextOuterBatch;org/weakref/nitro/operator/NestedLoopJoinOperator.next;org/weakref/nitro/operator/NestedLoopJoinOperator.produceBatch;org/weakref/nitro/operator/NestedLoopJoinOperator.loadNextOuterBatch;org/weakref/nitro/operator/NestedLoopJoinOperator.next;org/weakref/nitro/operator/NestedLoopJoinOperator.produceBatch;org/weakref/nitro/operator/NestedLoopJoinOperator.loadNextOuterBatch;org/weakref/nitro/operator/NestedLoopJoinOperator.next;org/weakref/nitro/operator/NestedLoopJoinOperator.produceBatch;org/weakref/nitro/operator/NestedLoopJoinOperator.loadNextOuterBatch;org/weakref/nitro/operator/NestedLoopJoinOperator.next;org/weakref/nitro/operator/NestedLoopJoinOperator.produceBatch;org/weakref/nitro/operator/NestedLoopJoinOperator.loadNextOuterBatch;org/weakref/nitro/operator/NestedLoopJoinOperator.next;org/weakref/nitro/operator/NestedLoopJoinOperator.produceBatch;org/weakref/nitro/operator/NestedLoopJoinOperator.loadInnerIfNecessary;org/weakref/nitro/operator/BufferedJoinInput.loadAll;org/weakref/nitro/operator/BufferedJoinInput.loadAll;org/weakref/nitro/operator/BufferedJoinInput.captureSchema;org/weakref/nitro/operator/Output.borrow;org/weakref/nitro/operator/AggregationOperator$$Lambda.0x0000000012110000.apply;org/weakref/nitro/operator/AggregationOperator.lambda$resultOutput$0;org/weakref/nitro/operator/AggregationOperator.doAggregationIfNeeded;org/weakref/nitro/operator/HashJoinOperator.next;org/weakref/nitro/operator/HashJoinOperator.produceBatch;org/weakref/nitro/operator/HashJoinOperator.produceOrdinaryBatch;org/weakref/nitro/operator/HashJoinOperator.loadNextOuterBatch;org/weakref/nitro/operator/HashJoinOperator.next;org/weakref/nitro/operator/HashJoinOperator.produceBatch;org/weakref/nitro/operator/HashJoinOperator.produceOrdinaryBatch;org/weakref/nitro/operator/HashJoinOperator.loadNextOuterBatch;org/weakref/nitro/operator/HashJoinOperator.next;org/weakref/nitro/operator/HashJoinOperator.produceBatch;org/weakref/nitro/operator/HashJoinOperator.produceOrdinaryBatch;org/weakref/nitro/operator/HashJoinOperator.loadNextOuterBatch;org/weakref/nitro/operator/NitroParquetScanOperator.hasNext;org/weakref/nitro/operator/NitroParquetScanOperator.ensureWindow;org/weakref/nitro/operator/NitroParquetScanOperator.decodeFilterWindow;org/weakref/nitro/operator/NitroParquetScanOperator.ensureLong;org/weakref/nitro/operator/NitroParquetScanOperator.replaceLongs;org/weakref/nitro/data/PrimitiveArrayPool.borrowLongs;long[]_[i] 1
java/lang/Thread.run;java/lang/Thread.runWith;java/util/concurrent/ThreadPoolExecutor$Worker.run;java/util/concurrent/ThreadPoolExecutor.runWorker;java/util/concurrent/FutureTask.run;java/util/concurrent/Executors$RunnableAdapter.call;java/util/concurrent/FutureTask.run;org/openjdk/jmh/runner/BenchmarkHandler$BenchmarkTask.call;org/openjdk/jmh/runner/BenchmarkHandler$BenchmarkTask.call;java/lang/reflect/Method.invoke;jdk/internal/reflect/DirectMethodHandleAccessor.invoke;jdk/internal/reflect/DirectMethodHandleAccessor.invokeImpl;java/lang/invoke/LambdaForm$MH.0x0000000012061400.invokeExact_MT;java/lang/invoke/LambdaForm$MH.0x0000000012061000.invoke;java/lang/invoke/DirectMethodHandle$Holder.invokeSpecial;org/weakref/nitro/tpcds/jmh_generated/BenchmarkQueries_query88_jmhTest.query88_AverageTime;org/weakref/nitro/tpcds/jmh_generated/BenchmarkQueries_query88_jmhTest.query88_avgt_jmhStub;org/weakref/nitro/tpcds/BenchmarkQueries.query88;org/weakref/nitro/tpcds/BenchmarkQueries.consume;org/weakref/nitro/operator/NestedLoopJoinOperator.next;org/weakref/nitro/operator/NestedLoopJoinOperator.produceBatch;org/weakref/nitro/operator/NestedLoopJoinOperator.loadNextOuterBatch;org/weakref/nitro/operator/NestedLoopJoinOperator.next;org/weakref/nitro/operator/NestedLoopJoinOperator.produceBatch;org/weakref/nitro/operator/NestedLoopJoinOperator.loadNextOuterBatch;org/weakref/nitro/operator/NestedLoopJoinOperator.next;org/weakref/nitro/operator/NestedLoopJoinOperator.produceBatch;org/weakref/nitro/operator/NestedLoopJoinOperator.loadInnerIfNecessary;org/weakref/nitro/operator/BufferedJoinInput.loadAll;org/weakref/nitro/operator/BufferedJoinInput.loadAll;org/weakref/nitro/operator/BufferedJoinInput.captureSchema;org/weakref/nitro/operator/Output.borrow;org/weakref/nitro/operator/AggregationOperator$$Lambda.0x0000000012110000.apply;org/weakref/nitro/operator/AggregationOperator.lambda$resultOutput$0;org/weakref/nitro/operator/AggregationOperator.doAggregationIfNeeded;org/weakref/nitro/operator/HashJoinOperator.next;org/weakref/nitro/operator/HashJoinOperator.produceBatch;org/weakref/nitro/operator/HashJoinOperator.produceOrdinaryBatch;org/weakref/nitro/operator/HashJoinOperator.loadNextOuterBatch;org/weakref/nitro/operator/HashJoinOperator.next;org/weakref/nitro/operator/HashJoinOperator.produceBatch;org/weakref/nitro/operator/HashJoinOperator.produceOrdinaryBatch;org/weakref/nitro/operator/HashJoinOperator.loadNextOuterBatch;org/weakref/nitro/operator/HashJoinOperator.next;org/weakref/nitro/operator/HashJoinOperator.produceBatch;org/weakref/nitro/operator/HashJoinOperator.produceOrdinaryBatch;org/weakref/nitro/operator/HashJoinOperator.loadNextOuterBatch;org/weakref/nitro/operator/NitroParquetScanOperator.hasNext;org/weakref/nitro/operator/NitroParquetScanOperator.ensureWindow;org/weakref/nitro/operator/NitroParquetScanOperator.decodeFilterWindow;org/weakref/nitro/operator/NitroParquetScanOperator.ensureColumnScratch;org/weakref/nitro/operator/NitroParquetScanOperator.replaceLongs;org/weakref/nitro/data/PrimitiveArrayPool.borrowLongs;long[]_[i] 2
java/lang/Thread.run;java/lang/Thread.runWith;java/util/concurrent/ThreadPoolExecutor$Worker.run;java/util/concurrent/ThreadPoolExecutor.runWorker;java/util/concurrent/FutureTask.run;java/util/concurrent/Executors$RunnableAdapter.call;java/util/concurrent/FutureTask.run;org/openjdk/jmh/runner/BenchmarkHandler$BenchmarkTask.call;org/openjdk/jmh/runner/BenchmarkHandler$BenchmarkTask.call;java/lang/reflect/Method.invoke;jdk/internal/reflect/DirectMethodHandleAccessor.invoke;jdk/internal/reflect/DirectMethodHandleAccessor.invokeImpl;java/lang/invoke/LambdaForm$MH.0x0000000012061400.invokeExact_MT;java/lang/invoke/LambdaForm$MH.0x0000000012061000.invoke;java/lang/invoke/DirectMethodHandle$Holder.invokeSpecial;org/weakref/nitro/tpcds/jmh_generated/BenchmarkQueries_query88_jmhTest.query88_AverageTime;org/weakref/nitro/tpcds/jmh_generated/BenchmarkQueries_query88_jmhTest.query88_avgt_jmhStub;org/weakref/nitro/tpcds/BenchmarkQueries.query88;org/weakref/nitro/tpcds/TpcdsParquetSupport.query88;org/weakref/nitro/tpcds/TpcdsParquetSupport.query88BucketCount;org/weakref/nitro/tpcds/TpcdsParquetSupport.query88Bucket;org/weakref/nitro/operator/HashJoinOperator.<init>;org/weakref/nitro/operator/HashJoinOperator.<init>;org/weakref/nitro/operator/HashJoinOperator$JoinScratch.<init>;int[]_[i] 1
java/lang/Thread.run;java/lang/Thread.runWith;java/util/concurrent/ThreadPoolExecutor$Worker.run;java/util/concurrent/ThreadPoolExecutor.runWorker;java/util/concurrent/FutureTask.run;java/util/concurrent/Executors$RunnableAdapter.call;java/util/concurrent/FutureTask.run;org/openjdk/jmh/runner/BenchmarkHandler$BenchmarkTask.call;org/openjdk/jmh/runner/BenchmarkHandler$BenchmarkTask.call;java/lang/reflect/Method.invoke;jdk/internal/reflect/DirectMethodHandleAccessor.invoke;jdk/internal/reflect/DirectMethodHandleAccessor.invokeImpl;java/lang/invoke/LambdaForm$MH.0x0000000012061400.invokeExact_MT;java/lang/invoke/LambdaForm$MH.0x0000000012061000.invoke;java/lang/invoke/DirectMethodHandle$Holder.invokeSpecial;org/weakref/nitro/tpcds/jmh_generated/BenchmarkQueries_query88_jmhTest.query88_AverageTime;org/weakref/nitro/tpcds/jmh_generated/BenchmarkQueries_query88_jmhTest.query88_avgt_jmhStub;org/weakref/nitro/tpcds/BenchmarkQueries.query88;org/weakref/nitro/tpcds/BenchmarkQueries.consume;org/weakref/nitro/operator/NestedLoopJoinOperator.next;org/weakref/nitro/operator/NestedLoopJoinOperator.produceBatch;org/weakref/nitro/operator/NestedLoopJoinOperator.loadNextOuterBatch;org/weakref/nitro/operator/NestedLoopJoinOperator.next;org/weakref/nitro/operator/NestedLoopJoinOperator.produceBatch;org/weakref/nitro/operator/NestedLoopJoinOperator.loadNextOuterBatch;org/weakref/nitro/operator/NestedLoopJoinOperator.next;org/weakref/nitro/operator/NestedLoopJoinOperator.produceBatch;org/weakref/nitro/operator/NestedLoopJoinOperator.loadNextOuterBatch;org/weakref/nitro/operator/NestedLoopJoinOperator.next;org/weakref/nitro/operator/NestedLoopJoinOperator.produceBatch;org/weakref/nitro/operator/NestedLoopJoinOperator.loadNextOuterBatch;org/weakref/nitro/operator/NestedLoopJoinOperator.next;org/weakref/nitro/operator/NestedLoopJoinOperator.produceBatch;org/weakref/nitro/operator/NestedLoopJoinOperator.loadNextOuterBatch;org/weakref/nitro/operator/NestedLoopJoinOperator.next;org/weakref/nitro/operator/NestedLoopJoinOperator.produceBatch;org/weakref/nitro/operator/NestedLoopJoinOperator.loadNextOuterBatch;org/weakref/nitro/operator/NestedLoopJoinOperator.next;org/weakref/nitro/operator/NestedLoopJoinOperator.produceBatch;org/weakref/nitro/operator/NestedLoopJoinOperator.loadInnerIfNecessary;org/weakref/nitro/operator/BufferedJoinInput.loadAll;org/weakref/nitro/operator/BufferedJoinInput.loadAll;org/weakref/nitro/operator/BufferedJoinInput.captureSchema;org/weakref/nitro/operator/Output.borrow;org/weakref/nitro/operator/AggregationOperator$$Lambda.0x0000000012110000.apply;org/weakref/nitro/operator/AggregationOperator.lambda$resultOutput$0;org/weakref/nitro/operator/AggregationOperator.doAggregationIfNeeded;org/weakref/nitro/operator/HashJoinOperator.next;org/weakref/nitro/operator/HashJoinOperator.produceBatch;org/weakref/nitro/operator/HashJoinOperator.produceOrdinaryBatch;org/weakref/nitro/operator/HashJoinOperator.loadNextOuterBatch;org/weakref/nitro/operator/HashJoinOperator.next;org/weakref/nitro/operator/HashJoinOperator.produceBatch;org/weakref/nitro/operator/HashJoinOperator.produceOrdinaryBatch;org/weakref/nitro/operator/HashJoinOperator.loadNextOuterBatch;org/weakref/nitro/operator/HashJoinOperator.next;org/weakref/nitro/operator/HashJoinOperator.produceBatch;org/weakref/nitro/operator/HashJoinOperator.produceOrdinaryBatch;org/weakref/nitro/operator/HashJoinOperator.loadNextOuterBatch;org/weakref/nitro/operator/NitroParquetScanOperator.hasNext;org/weakref/nitro/operator/NitroParquetScanOperator.ensureWindow;org/weakref/nitro/operator/NitroParquetScanOperator.decodeFilterWindow;org/weakref/nitro/operator/NitroParquetScanOperator.snapshotFilterSurvivors;org/weakref/nitro/operator/NitroParquetScanOperator.replaceInts;org/weakref/nitro/data/PrimitiveArrayPool.borrowInts;int[]_[i] 1
java/lang/Thread.run;java/lang/Thread.runWith;java/util/concurrent/ThreadPoolExecutor$Worker.run;java/util/concurrent/ThreadPoolExecutor.runWorker;java/util/concurrent/FutureTask.run;java/util/concurrent/Executors$RunnableAdapter.call;java/util/concurrent/FutureTask.run;org/openjdk/jmh/runner/BenchmarkHandler$BenchmarkTask.call;org/openjdk/jmh/runner/BenchmarkHandler$BenchmarkTask.call;java/lang/reflect/Method.invoke;jdk/internal/reflect/DirectMethodHandleAccessor.invoke;jdk/internal/reflect/DirectMethodHandleAccessor.invokeImpl;java/lang/invoke/LambdaForm$MH.0x0000000012061400.invokeExact_MT;java/lang/invoke/LambdaForm$MH.0x0000000012061000.invoke;java/lang/invoke/DirectMethodHandle$Holder.invokeSpecial;org/weakref/nitro/tpcds/jmh_generated/BenchmarkQueries_query88_jmhTest.query88_AverageTime;org/weakref/nitro/tpcds/jmh_generated/BenchmarkQueries_query88_jmhTest.query88_avgt_jmhStub;org/weakref/nitro/tpcds/BenchmarkQueries.query88;org/weakref/nitro/tpcds/BenchmarkQueries.consume;org/weakref/nitro/operator/NestedLoopJoinOperator.next;org/weakref/nitro/operator/NestedLoopJoinOperator.produceBatch;org/weakref/nitro/operator/NestedLoopJoinOperator.loadInnerIfNecessary;org/weakref/nitro/operator/BufferedJoinInput.loadAll;org/weakref/nitro/operator/BufferedJoinInput.loadAll;org/weakref/nitro/operator/BufferedJoinInput.captureSchema;org/weakref/nitro/operator/Output.borrow;org/weakref/nitro/operator/AggregationOperator$$Lambda.0x0000000012110000.apply;org/weakref/nitro/operator/AggregationOperator.lambda$resultOutput$0;org/weakref/nitro/operator/AggregationOperator.doAggregationIfNeeded;org/weakref/nitro/operator/HashJoinOperator.next;org/weakref/nitro/operator/HashJoinOperator.produceBatch;org/weakref/nitro/operator/HashJoinOperator.produceOrdinaryBatch;org/weakref/nitro/operator/HashJoinOperator.loadNextOuterBatch;org/weakref/nitro/operator/HashJoinOperator.next;org/weakref/nitro/operator/HashJoinOperator.produceBatch;org/weakref/nitro/operator/HashJoinOperator.produceOrdinaryBatch;org/weakref/nitro/operator/HashJoinOperator.loadNextOuterBatch;org/weakref/nitro/operator/HashJoinOperator.next;org/weakref/nitro/operator/HashJoinOperator.produceBatch;org/weakref/nitro/operator/HashJoinOperator.loadInnerIfNecessary;org/weakref/nitro/operator/HashJoinOperator.loadStreamingInner;org/weakref/nitro/operator/BufferedJoinInput.captureSchema;org/weakref/nitro/operator/Output.borrow;org/weakref/nitro/operator/NitroParquetScanOperator$ScanOutputResolver$$Lambda.0x00000000120bc200.apply;org/weakref/nitro/operator/NitroParquetScanOperator$ScanOutputResolver.resolve;org/weakref/nitro/operator/NitroParquetScanOperator.resolveLazyColumn;org/weakref/nitro/operator/NitroParquetScanOperator.allocateMaskedEmptyColumn;org/weakref/nitro/data/Allocator.allocate;org/weakref/nitro/data/Allocator.allocatePooled;org/weakref/nitro/data/Allocator$$Lambda.0x00000000121121f0.get;org/weakref/nitro/data/Allocator.lambda$allocate$0;org/weakref/nitro/operator/NitroParquetScanOperator$$Lambda.0x0000000012132098.apply;org/weakref/nitro/data/I32Vector.<init>;int[]_[i] 1
java/lang/Thread.run;java/lang/Thread.runWith;java/util/concurrent/ThreadPoolExecutor$Worker.run;java/util/concurrent/ThreadPoolExecutor.runWorker;java/util/concurrent/FutureTask.run;java/util/concurrent/Executors$RunnableAdapter.call;java/util/concurrent/FutureTask.run;org/openjdk/jmh/runner/BenchmarkHandler$BenchmarkTask.call;org/openjdk/jmh/runner/BenchmarkHandler$BenchmarkTask.call;java/lang/reflect/Method.invoke;jdk/internal/reflect/DirectMethodHandleAccessor.invoke;jdk/internal/reflect/DirectMethodHandleAccessor.invokeImpl;java/lang/invoke/LambdaForm$MH.0x0000000012061400.invokeExact_MT;java/lang/invoke/LambdaForm$MH.0x0000000012061000.invoke;java/lang/invoke/DirectMethodHandle$Holder.invokeSpecial;org/weakref/nitro/tpcds/jmh_generated/BenchmarkQueries_query88_jmhTest.query88_AverageTime;org/weakref/nitro/tpcds/jmh_generated/BenchmarkQueries_query88_jmhTest.query88_avgt_jmhStub;org/weakref/nitro/tpcds/BenchmarkQueries.query88;org/weakref/nitro/tpcds/TpcdsParquetSupport.query88;org/weakref/nitro/tpcds/TpcdsParquetSupport.query88BucketCount;org/weakref/nitro/tpcds/TpcdsParquetSupport.query88Bucket;org/weakref/nitro/operator/HashJoinOperator.<init>;org/weakref/nitro/operator/HashJoinOperator.<init>;org/weakref/nitro/operator/HashJoinOperator$JoinScratch.<init>;long[]_[i] 1
java/lang/Thread.run;java/lang/Thread.runWith;java/util/concurrent/ThreadPoolExecutor$Worker.run;java/util/concurrent/ThreadPoolExecutor.runWorker;java/util/concurrent/FutureTask.run;java/util/concurrent/Executors$RunnableAdapter.call;java/util/concurrent/FutureTask.run;org/openjdk/jmh/runner/BenchmarkHandler$BenchmarkTask.call;org/openjdk/jmh/runner/BenchmarkHandler$BenchmarkTask.call;java/lang/reflect/Method.invoke;jdk/internal/reflect/DirectMethodHandleAccessor.invoke;jdk/internal/reflect/DirectMethodHandleAccessor.invokeImpl;java/lang/invoke/LambdaForm$MH.0x0000000012061400.invokeExact_MT;java/lang/invoke/LambdaForm$MH.0x0000000012061000.invoke;java/lang/invoke/DirectMethodHandle$Holder.invokeSpecial;org/weakref/nitro/tpcds/jmh_generated/BenchmarkQueries_query88_jmhTest.query88_AverageTime;org/weakref/nitro/tpcds/jmh_generated/BenchmarkQueries_query88_jmhTest.query88_avgt_jmhStub;org/weakref/nitro/tpcds/BenchmarkQueries.query88;org/weakref/nitro/tpcds/TpcdsParquetSupport.query88;org/weakref/nitro/tpcds/TpcdsParquetSupport.query88BucketCount;org/weakref/nitro/tpcds/TpcdsParquetSupport.query88Bucket;org/weakref/nitro/operator/HashJoinOperator.<init>;org/weakref/nitro/operator/HashJoinOperator.<init>;org/weakref/nitro/operator/HashJoinOperator$JoinScratch.<init>;int[]_[i] 1
java/lang/Thread.run;java/lang/Thread.runWith;java/util/concurrent/ThreadPoolExecutor$Worker.run;java/util/concurrent/ThreadPoolExecutor.runWorker;java/util/concurrent/FutureTask.run;java/util/concurrent/Executors$RunnableAdapter.call;java/util/concurrent/FutureTask.run;org/openjdk/jmh/runner/BenchmarkHandler$BenchmarkTask.call;org/openjdk/jmh/runner/BenchmarkHandler$BenchmarkTask.call;java/lang/reflect/Method.invoke;jdk/internal/reflect/DirectMethodHandleAccessor.invoke;jdk/internal/reflect/DirectMethodHandleAccessor.invokeImpl;java/lang/invoke/LambdaForm$MH.0x0000000012061400.invokeExact_MT;java/lang/invoke/LambdaForm$MH.0x0000000012061000.invoke;java/lang/invoke/DirectMethodHandle$Holder.invokeSpecial;org/weakref/nitro/tpcds/jmh_generated/BenchmarkQueries_query88_jmhTest.query88_AverageTime;org/weakref/nitro/tpcds/jmh_generated/BenchmarkQueries_query88_jmhTest.query88_avgt_jmhStub;org/weakref/nitro/tpcds/BenchmarkQueries.query88;org/weakref/nitro/tpcds/TpcdsParquetSupport.query88;org/weakref/nitro/tpcds/TpcdsParquetSupport.query88BucketCount;org/weakref/nitro/tpcds/TpcdsParquetSupport.query88Bucket;org/weakref/nitro/operator/HashJoinOperator.<init>;org/weakref/nitro/operator/HashJoinOperator.<init>;org/weakref/nitro/operator/HashJoinOperator$JoinScratch.<init>;int[]_[i] 1
java/lang/Thread.run;java/lang/Thread.runWith;java/util/concurrent/ThreadPoolExecutor$Worker.run;java/util/concurrent/ThreadPoolExecutor.runWorker;java/util/concurrent/FutureTask.run;java/util/concurrent/Executors$RunnableAdapter.call;java/util/concurrent/FutureTask.run;org/openjdk/jmh/runner/BenchmarkHandler$BenchmarkTask.call;org/openjdk/jmh/runner/BenchmarkHandler$BenchmarkTask.call;java/lang/reflect/Method.invoke;jdk/internal/reflect/DirectMethodHandleAccessor.invoke;jdk/internal/reflect/DirectMethodHandleAccessor.invokeImpl;java/lang/invoke/LambdaForm$MH.0x0000000012061400.invokeExact_MT;java/lang/invoke/LambdaForm$MH.0x0000000012061000.invoke;java/lang/invoke/DirectMethodHandle$Holder.invokeSpecial;org/weakref/nitro/tpcds/jmh_generated/BenchmarkQueries_query88_jmhTest.query88_AverageTime;org/weakref/nitro/tpcds/jmh_generated/BenchmarkQueries_query88_jmhTest.query88_avgt_jmhStub;org/weakref/nitro/tpcds/BenchmarkQueries.query88;org/weakref/nitro/tpcds/BenchmarkQueries.consume;org/weakref/nitro/operator/NestedLoopJoinOperator.next;org/weakref/nitro/operator/NestedLoopJoinOperator.produceBatch;org/weakref/nitro/operator/NestedLoopJoinOperator.loadNextOuterBatch;org/weakref/nitro/operator/NestedLoopJoinOperator.next;org/weakref/nitro/operator/NestedLoopJoinOperator.produceBatch;org/weakref/nitro/operator/NestedLoopJoinOperator.loadNextOuterBatch;org/weakref/nitro/operator/NestedLoopJoinOperator.next;org/weakref/nitro/operator/NestedLoopJoinOperator.produceBatch;org/weakref/nitro/operator/NestedLoopJoinOperator.loadNextOuterBatch;org/weakref/nitro/operator/NestedLoopJoinOperator.next;org/weakref/nitro/operator/NestedLoopJoinOperator.produceBatch;org/weakref/nitro/operator/NestedLoopJoinOperator.loadInnerIfNecessary;org/weakref/nitro/operator/BufferedJoinInput.loadAll;org/weakref/nitro/operator/BufferedJoinInput.loadAll;org/weakref/nitro/operator/BufferedJoinInput.captureSchema;org/weakref/nitro/operator/Output.borrow;org/weakref/nitro/operator/AggregationOperator$$Lambda.0x0000000012110000.apply;org/weakref/nitro/operator/AggregationOperator.lambda$resultOutput$0;org/weakref/nitro/operator/AggregationOperator.doAggregationIfNeeded;org/weakref/nitro/operator/HashJoinOperator.next;org/weakref/nitro/operator/HashJoinOperator.produceBatch;org/weakref/nitro/operator/HashJoinOperator.produceOrdinaryBatch;org/weakref/nitro/operator/HashJoinOperator.loadNextOuterBatch;org/weakref/nitro/operator/HashJoinOperator.next;org/weakref/nitro/operator/HashJoinOperator.produceBatch;org/weakref/nitro/operator/HashJoinOperator.loadInnerIfNecessary;org/weakref/nitro/operator/HashJoinOperator.loadStreamingInner;org/weakref/nitro/operator/FilterOperator.next;org/weakref/nitro/operator/evaluator/PlanEvaluator.evaluateInPlace;org/weakref/nitro/operator/evaluator/PlanEvaluator.evaluateTrueMaskInPlace;org/weakref/nitro/operator/evaluator/PlanEvaluator.evaluateTrueMaskInPlace;org/weakref/nitro/operator/evaluator/PlanEvaluator.evaluateAdaptiveAndTrueMaskInPlace;org/weakref/nitro/operator/evaluator/PlanEvaluator.evaluateMeasuredTrueMaskInPlace;org/weakref/nitro/operator/evaluator/PlanEvaluator.evaluateTrueMaskInPlace;org/weakref/nitro/data/Mask.copyFrom;org/weakref/nitro/data/Mask.ensureCapacity;java/util/Arrays.copyOf;int[]_[i] 1
java/lang/Thread.run;java/lang/Thread.runWith;java/util/concurrent/ThreadPoolExecutor$Worker.run;java/util/concurrent/ThreadPoolExecutor.runWorker;java/util/concurrent/FutureTask.run;java/util/concurrent/Executors$RunnableAdapter.call;java/util/concurrent/FutureTask.run;org/openjdk/jmh/runner/BenchmarkHandler$BenchmarkTask.call;org/openjdk/jmh/runner/BenchmarkHandler$BenchmarkTask.call;java/lang/reflect/Method.invoke;jdk/internal/reflect/DirectMethodHandleAccessor.invoke;jdk/internal/reflect/DirectMethodHandleAccessor.invokeImpl;java/lang/invoke/LambdaForm$MH.0x0000000012061400.invokeExact_MT;java/lang/invoke/LambdaForm$MH.0x0000000012061000.invoke;java/lang/invoke/DirectMethodHandle$Holder.invokeSpecial;org/weakref/nitro/tpcds/jmh_generated/BenchmarkQueries_query88_jmhTest.query88_AverageTime;org/weakref/nitro/tpcds/jmh_generated/BenchmarkQueries_query88_jmhTest.query88_avgt_jmhStub;org/weakref/nitro/tpcds/BenchmarkQueries.query88;org/weakref/nitro/tpcds/BenchmarkQueries.consume;org/weakref/nitro/operator/NestedLoopJoinOperator.next;org/weakref/nitro/operator/NestedLoopJoinOperator.produceBatch;org/weakref/nitro/operator/NestedLoopJoinOperator.loadNextOuterBatch;org/weakref/nitro/operator/NestedLoopJoinOperator.next;org/weakref/nitro/operator/NestedLoopJoinOperator.produceBatch;org/weakref/nitro/operator/NestedLoopJoinOperator.loadNextOuterBatch;org/weakref/nitro/operator/NestedLoopJoinOperator.next;org/weakref/nitro/operator/NestedLoopJoinOperator.produceBatch;org/weakref/nitro/operator/NestedLoopJoinOperator.loadNextOuterBatch;org/weakref/nitro/operator/NestedLoopJoinOperator.next;org/weakref/nitro/operator/NestedLoopJoinOperator.produceBatch;org/weakref/nitro/operator/NestedLoopJoinOperator.loadNextOuterBatch;org/weakref/nitro/operator/NestedLoopJoinOperator.next;org/weakref/nitro/operator/NestedLoopJoinOperator.produceBatch;org/weakref/nitro/operator/NestedLoopJoinOperator.loadNextOuterBatch;org/weakref/nitro/operator/NestedLoopJoinOperator.next;org/weakref/nitro/operator/NestedLoopJoinOperator.produceBatch;org/weakref/nitro/operator/NestedLoopJoinOperator.loadNextOuterBatch;org/weakref/nitro/operator/NestedLoopJoinOperator.next;org/weakref/nitro/operator/NestedLoopJoinOperator.produceBatch;org/weakref/nitro/operator/NestedLoopJoinOperator.joinWithInnerRow;org/weakref/nitro/operator/JoinOutputBuffer.joinWithInnerRow;org/weakref/nitro/operator/JoinBufferSupport.borrowStreams;org/weakref/nitro/operator/Output.borrow;org/weakref/nitro/operator/AggregationOperator$$Lambda.0x0000000012110000.apply;org/weakref/nitro/operator/AggregationOperator.lambda$resultOutput$0;org/weakref/nitro/operator/AggregationOperator.doAggregationIfNeeded;org/weakref/nitro/operator/HashJoinOperator.next;org/weakref/nitro/operator/HashJoinOperator.produceBatch;org/weakref/nitro/operator/HashJoinOperator.produceOrdinaryBatch;org/weakref/nitro/operator/HashJoinOperator.loadNextOuterBatch;org/weakref/nitro/operator/HashJoinOperator.next;org/weakref/nitro/operator/HashJoinOperator.produceBatch;org/weakref/nitro/operator/HashJoinOperator.produceOrdinaryBatch;org/weakref/nitro/operator/HashJoinOperator.loadNextOuterBatch;org/weakref/nitro/operator/HashJoinOperator.next;org/weakref/nitro/operator/HashJoinOperator.produceBatch;org/weakref/nitro/operator/HashJoinOperator.loadInnerIfNecessary;org/weakref/nitro/operator/HashJoinOperator.loadStreamingInner;org/weakref/nitro/operator/FilterOperator.next;org/weakref/nitro/operator/evaluator/PlanEvaluator.evaluateInPlace;org/weakref/nitro/operator/evaluator/PlanEvaluator.evaluateTrueMaskInPlace;org/weakref/nitro/operator/evaluator/PlanEvaluator.evaluateTrueMaskInPlace;org/weakref/nitro/operator/evaluator/PlanEvaluator.evaluateAdaptiveAndTrueMaskInPlace;org/weakref/nitro/operator/evaluator/PlanEvaluator.evaluateMeasuredTrueMaskInPlace;org/weakref/nitro/operator/evaluator/PlanEvaluator.evaluateTrueMaskInPlace;org/weakref/nitro/operator/evaluator/PlanEvaluator.tryEvaluatePrimitiveTrueMaskInPlace;org/weakref/nitro/operator/evaluator/PlanEvaluator.tryEvaluatePrimitiveMaskInPlace;org/weakref/nitro/operator/evaluator/PlanEvaluator.resolveMaskPrimitiveInvocation;org/weakref/nitro/operator/evaluator/PlanEvaluator.evaluateArgument;org/weakref/nitro/operator/FilterOperator$1.resolve;org/weakref/nitro/operator/Output.borrowOrNull;org/weakref/nitro/operator/Output.borrow;org/weakref/nitro/operator/Output.borrow;org/weakref/nitro/operator/NitroParquetScanOperator$ScanOutputResolver$$Lambda.0x00000000120bc200.apply;org/weakref/nitro/operator/NitroParquetScanOperator$ScanOutputResolver.resolve;org/weakref/nitro/operator/NitroParquetScanOperator.resolveLazyColumn;org/weakref/nitro/operator/NitroParquetScanOperator.decodeFullColumn;org/weakref/nitro/parquet/ColumnReader.readInts;org/weakref/nitro/parquet/ColumnReader.decodeNextDataPage;org/weakref/nitro/parquet/ColumnReader.decodeDataPageV1;org/weakref/nitro/parquet/ColumnReader.ensureIdCapacity;org/weakref/nitro/parquet/ColumnReader.replaceInts;org/weakref/nitro/data/PrimitiveArrayPool.borrowInts;int[]_[i] 1
java/lang/Thread.run;java/lang/Thread.runWith;java/util/concurrent/ThreadPoolExecutor$Worker.run;java/util/concurrent/ThreadPoolExecutor.runWorker;java/util/concurrent/FutureTask.run;java/util/concurrent/Executors$RunnableAdapter.call;java/util/concurrent/FutureTask.run;org/openjdk/jmh/runner/BenchmarkHandler$BenchmarkTask.call;org/openjdk/jmh/runner/BenchmarkHandler$BenchmarkTask.call;java/lang/reflect/Method.invoke;jdk/internal/reflect/DirectMethodHandleAccessor.invoke;jdk/internal/reflect/DirectMethodHandleAccessor.invokeImpl;java/lang/invoke/LambdaForm$MH.0x0000000012061400.invokeExact_MT;java/lang/invoke/LambdaForm$MH.0x0000000012061000.invoke;java/lang/invoke/DirectMethodHandle$Holder.invokeSpecial;org/weakref/nitro/tpcds/jmh_generated/BenchmarkQueries_query88_jmhTest.query88_AverageTime;org/weakref/nitro/tpcds/jmh_generated/BenchmarkQueries_query88_jmhTest.query88_avgt_jmhStub;org/weakref/nitro/tpcds/BenchmarkQueries.query88;org/weakref/nitro/tpcds/BenchmarkQueries.consume;org/weakref/nitro/operator/NestedLoopJoinOperator.next;org/weakref/nitro/operator/NestedLoopJoinOperator.produceBatch;org/weakref/nitro/operator/NestedLoopJoinOperator.loadNextOuterBatch;org/weakref/nitro/operator/NestedLoopJoinOperator.next;org/weakref/nitro/operator/NestedLoopJoinOperator.produceBatch;org/weakref/nitro/operator/NestedLoopJoinOperator.loadNextOuterBatch;org/weakref/nitro/operator/NestedLoopJoinOperator.next;org/weakref/nitro/operator/NestedLoopJoinOperator.produceBatch;org/weakref/nitro/operator/NestedLoopJoinOperator.loadNextOuterBatch;org/weakref/nitro/operator/NestedLoopJoinOperator.next;org/weakref/nitro/operator/NestedLoopJoinOperator.produceBatch;org/weakref/nitro/operator/NestedLoopJoinOperator.loadNextOuterBatch;org/weakref/nitro/operator/NestedLoopJoinOperator.next;org/weakref/nitro/operator/NestedLoopJoinOperator.produceBatch;org/weakref/nitro/operator/NestedLoopJoinOperator.loadNextOuterBatch;org/weakref/nitro/operator/NestedLoopJoinOperator.next;org/weakref/nitro/operator/NestedLoopJoinOperator.produceBatch;org/weakref/nitro/operator/NestedLoopJoinOperator.loadNextOuterBatch;org/weakref/nitro/operator/NestedLoopJoinOperator.next;org/weakref/nitro/operator/NestedLoopJoinOperator.produceBatch;org/weakref/nitro/operator/NestedLoopJoinOperator.loadInnerIfNecessary;org/weakref/nitro/operator/BufferedJoinInput.loadAll;org/weakref/nitro/operator/BufferedJoinInput.loadAll;org/weakref/nitro/operator/BufferedJoinInput.captureSchema;org/weakref/nitro/operator/Output.borrow;org/weakref/nitro/operator/AggregationOperator$$Lambda.0x0000000012110000.apply;org/weakref/nitro/operator/AggregationOperator.lambda$resultOutput$0;org/weakref/nitro/operator/AggregationOperator.doAggregationIfNeeded;org/weakref/nitro/operator/HashJoinOperator.next;org/weakref/nitro/operator/HashJoinOperator.produceBatch;org/weakref/nitro/operator/HashJoinOperator.produceOrdinaryBatch;org/weakref/nitro/operator/HashJoinOperator.loadNextOuterBatch;org/weakref/nitro/operator/HashJoinOperator.next;org/weakref/nitro/operator/HashJoinOperator.produceBatch;org/weakref/nitro/operator/HashJoinOperator.produceOrdinaryBatch;org/weakref/nitro/operator/HashJoinOperator.loadNextOuterBatch;org/weakref/nitro/operator/HashJoinOperator.next;org/weakref/nitro/operator/HashJoinOperator.produceBatch;org/weakref/nitro/operator/HashJoinOperator.produceOrdinaryBatch;org/weakref/nitro/operator/HashJoinOperator.loadNextOuterBatch;org/weakref/nitro/operator/NitroParquetScanOperator.hasNext;org/weakref/nitro/operator/NitroParquetScanOperator.ensureWindow;org/weakref/nitro/operator/NitroParquetScanOperator.decodeFilterWindow;org/weakref/nitro/operator/NitroParquetScanOperator.readColumnInto;org/weakref/nitro/operator/NitroParquetScanOperator.ensureColumnScratch;org/weakref/nitro/operator/NitroParquetScanOperator.replaceLongs;org/weakref/nitro/data/PrimitiveArrayPool.borrowLongs;long[]_[i] 4
java/lang/Thread.run;java/lang/Thread.runWith;java/util/concurrent/ThreadPoolExecutor$Worker.run;java/util/concurrent/ThreadPoolExecutor.runWorker;java/util/concurrent/FutureTask.run;java/util/concurrent/Executors$RunnableAdapter.call;java/util/concurrent/FutureTask.run;org/openjdk/jmh/runner/BenchmarkHandler$BenchmarkTask.call;org/openjdk/jmh/runner/BenchmarkHandler$BenchmarkTask.call;java/lang/reflect/Method.invoke;jdk/internal/reflect/DirectMethodHandleAccessor.invoke;jdk/internal/reflect/DirectMethodHandleAccessor.invokeImpl;java/lang/invoke/LambdaForm$MH.0x0000000012061400.invokeExact_MT;java/lang/invoke/LambdaForm$MH.0x0000000012061000.invoke;java/lang/invoke/DirectMethodHandle$Holder.invokeSpecial;org/weakref/nitro/tpcds/jmh_generated/BenchmarkQueries_query88_jmhTest.query88_AverageTime;org/weakref/nitro/tpcds/jmh_generated/BenchmarkQueries_query88_jmhTest.query88_avgt_jmhStub;org/weakref/nitro/tpcds/BenchmarkQueries.query88;org/weakref/nitro/tpcds/TpcdsParquetSupport.query88;org/weakref/nitro/operator/NestedLoopJoinOperator.<init>;org/weakref/nitro/operator/NestedLoopJoinOperator.<init>;int[]_[i] 1
java/lang/Thread.run;java/lang/Thread.runWith;java/util/concurrent/ThreadPoolExecutor$Worker.run;java/util/concurrent/ThreadPoolExecutor.runWorker;java/util/concurrent/FutureTask.run;java/util/concurrent/Executors$RunnableAdapter.call;java/util/concurrent/FutureTask.run;org/openjdk/jmh/runner/BenchmarkHandler$BenchmarkTask.call;org/openjdk/jmh/runner/BenchmarkHandler$BenchmarkTask.call;java/lang/reflect/Method.invoke;jdk/internal/reflect/DirectMethodHandleAccessor.invoke;jdk/internal/reflect/DirectMethodHandleAccessor.invokeImpl;java/lang/invoke/LambdaForm$MH.0x0000000012061400.invokeExact_MT;java/lang/invoke/LambdaForm$MH.0x0000000012061000.invoke;java/lang/invoke/DirectMethodHandle$Holder.invokeSpecial;org/weakref/nitro/tpcds/jmh_generated/BenchmarkQueries_query88_jmhTest.query88_AverageTime;org/weakref/nitro/tpcds/jmh_generated/BenchmarkQueries_query88_jmhTest.query88_avgt_jmhStub;org/weakref/nitro/tpcds/BenchmarkQueries.query88;org/weakref/nitro/tpcds/BenchmarkQueries.consume;org/weakref/nitro/operator/NestedLoopJoinOperator.next;org/weakref/nitro/operator/NestedLoopJoinOperator.produceBatch;org/weakref/nitro/operator/NestedLoopJoinOperator.loadNextOuterBatch;org/weakref/nitro/operator/NestedLoopJoinOperator.next;org/weakref/nitro/operator/NestedLoopJoinOperator.produceBatch;org/weakref/nitro/operator/NestedLoopJoinOperator.loadNextOuterBatch;org/weakref/nitro/operator/NestedLoopJoinOperator.next;org/weakref/nitro/operator/NestedLoopJoinOperator.produceBatch;org/weakref/nitro/operator/NestedLoopJoinOperator.loadNextOuterBatch;org/weakref/nitro/operator/NestedLoopJoinOperator.next;org/weakref/nitro/operator/NestedLoopJoinOperator.produceBatch;org/weakref/nitro/operator/NestedLoopJoinOperator.loadInnerIfNecessary;org/weakref/nitro/operator/BufferedJoinInput.loadAll;org/weakref/nitro/operator/BufferedJoinInput.loadAll;org/weakref/nitro/operator/BufferedJoinInput.captureSchema;org/weakref/nitro/operator/Output.borrow;org/weakref/nitro/operator/AggregationOperator$$Lambda.0x0000000012110000.apply;org/weakref/nitro/operator/AggregationOperator.lambda$resultOutput$0;org/weakref/nitro/operator/AggregationOperator.doAggregationIfNeeded;org/weakref/nitro/operator/HashJoinOperator.next;org/weakref/nitro/operator/HashJoinOperator.produceBatch;org/weakref/nitro/operator/HashJoinOperator.produceOrdinaryBatch;org/weakref/nitro/operator/HashJoinOperator.loadNextOuterBatch;org/weakref/nitro/operator/HashJoinOperator.next;org/weakref/nitro/operator/HashJoinOperator.produceBatch;org/weakref/nitro/operator/HashJoinOperator.produceOrdinaryBatch;org/weakref/nitro/operator/HashJoinOperator.loadNextOuterBatch;org/weakref/nitro/operator/HashJoinOperator.next;org/weakref/nitro/operator/HashJoinOperator.produceBatch;org/weakref/nitro/operator/HashJoinOperator.produceOrdinaryBatch;org/weakref/nitro/operator/HashJoinOperator.loadNextOuterBatch;org/weakref/nitro/operator/NitroParquetScanOperator.hasNext;org/weakref/nitro/operator/NitroParquetScanOperator.ensureWindow;org/weakref/nitro/operator/NitroParquetScanOperator.decodeFilterWindow;org/weakref/nitro/parquet/ColumnReader.filterDictLongs;org/weakref/nitro/parquet/ColumnReader.acceptByIdLong;org/weakref/nitro/parquet/ColumnReader.replaceBooleans;org/weakref/nitro/data/PrimitiveArrayPool.borrowBooleans;boolean[]_[i] 1
java/lang/Thread.run;java/lang/Thread.runWith;java/util/concurrent/ThreadPoolExecutor$Worker.run;java/util/concurrent/ThreadPoolExecutor.runWorker;java/util/concurrent/FutureTask.run;java/util/concurrent/Executors$RunnableAdapter.call;java/util/concurrent/FutureTask.run;org/openjdk/jmh/runner/BenchmarkHandler$BenchmarkTask.call;org/openjdk/jmh/runner/BenchmarkHandler$BenchmarkTask.call;java/lang/reflect/Method.invoke;jdk/internal/reflect/DirectMethodHandleAccessor.invoke;jdk/internal/reflect/DirectMethodHandleAccessor.invokeImpl;java/lang/invoke/LambdaForm$MH.0x0000000012061400.invokeExact_MT;java/lang/invoke/LambdaForm$MH.0x0000000012061000.invoke;java/lang/invoke/DirectMethodHandle$Holder.invokeSpecial;org/weakref/nitro/tpcds/jmh_generated/BenchmarkQueries_query88_jmhTest.query88_AverageTime;org/weakref/nitro/tpcds/jmh_generated/BenchmarkQueries_query88_jmhTest.query88_avgt_jmhStub;org/weakref/nitro/tpcds/BenchmarkQueries.query88;org/weakref/nitro/tpcds/BenchmarkQueries.consume;org/weakref/nitro/operator/NestedLoopJoinOperator.next;org/weakref/nitro/operator/NestedLoopJoinOperator.produceBatch;org/weakref/nitro/operator/NestedLoopJoinOperator.loadNextOuterBatch;org/weakref/nitro/operator/NestedLoopJoinOperator.next;org/weakref/nitro/operator/NestedLoopJoinOperator.produceBatch;org/weakref/nitro/operator/NestedLoopJoinOperator.loadNextOuterBatch;org/weakref/nitro/operator/NestedLoopJoinOperator.next;org/weakref/nitro/operator/NestedLoopJoinOperator.produceBatch;org/weakref/nitro/operator/NestedLoopJoinOperator.loadInnerIfNecessary;org/weakref/nitro/operator/BufferedJoinInput.loadAll;org/weakref/nitro/operator/BufferedJoinInput.loadAll;org/weakref/nitro/operator/BufferedJoinInput.captureSchema;org/weakref/nitro/operator/Output.borrow;org/weakref/nitro/operator/AggregationOperator$$Lambda.0x0000000012110000.apply;org/weakref/nitro/operator/AggregationOperator.lambda$resultOutput$0;org/weakref/nitro/operator/AggregationOperator.doAggregationIfNeeded;org/weakref/nitro/operator/HashJoinOperator.next;org/weakref/nitro/operator/HashJoinOperator.produceBatch;org/weakref/nitro/operator/HashJoinOperator.produceOrdinaryBatch;org/weakref/nitro/operator/HashJoinOperator.loadNextOuterBatch;org/weakref/nitro/operator/HashJoinOperator.next;org/weakref/nitro/operator/HashJoinOperator.produceBatch;org/weakref/nitro/operator/HashJoinOperator.produceOrdinaryBatch;org/weakref/nitro/operator/HashJoinOperator.loadNextOuterBatch;org/weakref/nitro/operator/HashJoinOperator.next;org/weakref/nitro/operator/HashJoinOperator.produceBatch;org/weakref/nitro/operator/HashJoinOperator.produceOrdinaryBatch;org/weakref/nitro/operator/HashJoinOperator.loadNextOuterBatch;org/weakref/nitro/operator/NitroParquetScanOperator.hasNext;org/weakref/nitro/operator/NitroParquetScanOperator.ensureWindow;org/weakref/nitro/operator/NitroParquetScanOperator.decodeFilterWindow;org/weakref/nitro/operator/NitroParquetScanOperator.snapshotFilterSurvivors;org/weakref/nitro/operator/NitroParquetScanOperator.replaceInts;org/weakref/nitro/data/PrimitiveArrayPool.borrowInts;int[]_[i] 1
java/lang/Thread.run;java/lang/Thread.runWith;java/util/concurrent/ThreadPoolExecutor$Worker.run;java/util/concurrent/ThreadPoolExecutor.runWorker;java/util/concurrent/FutureTask.run;java/util/concurrent/Executors$RunnableAdapter.call;java/util/concurrent/FutureTask.run;org/openjdk/jmh/runner/BenchmarkHandler$BenchmarkTask.call;org/openjdk/jmh/runner/BenchmarkHandler$BenchmarkTask.call;java/lang/reflect/Method.invoke;jdk/internal/reflect/DirectMethodHandleAccessor.invoke;jdk/internal/reflect/DirectMethodHandleAccessor.invokeImpl;java/lang/invoke/LambdaForm$MH.0x0000000012061400.invokeExact_MT;java/lang/invoke/LambdaForm$MH.0x0000000012061000.invoke;java/lang/invoke/DirectMethodHandle$Holder.invokeSpecial;org/weakref/nitro/tpcds/jmh_generated/BenchmarkQueries_query88_jmhTest.query88_AverageTime;org/weakref/nitro/tpcds/jmh_generated/BenchmarkQueries_query88_jmhTest.query88_avgt_jmhStub;org/weakref/nitro/tpcds/BenchmarkQueries.query88;org/weakref/nitro/tpcds/TpcdsParquetSupport.query88;org/weakref/nitro/operator/NestedLoopJoinOperator.<init>;org/weakref/nitro/operator/NestedLoopJoinOperator.<init>;int[]_[i] 1
java/lang/Thread.run;java/lang/Thread.runWith;java/util/concurrent/ThreadPoolExecutor$Worker.run;java/util/concurrent/ThreadPoolExecutor.runWorker;java/util/concurrent/FutureTask.run;java/util/concurrent/Executors$RunnableAdapter.call;java/util/concurrent/FutureTask.run;org/openjdk/jmh/runner/BenchmarkHandler$BenchmarkTask.call;org/openjdk/jmh/runner/BenchmarkHandler$BenchmarkTask.call;java/lang/reflect/Method.invoke;jdk/internal/reflect/DirectMethodHandleAccessor.invoke;jdk/internal/reflect/DirectMethodHandleAccessor.invokeImpl;java/lang/invoke/LambdaForm$MH.0x0000000012061400.invokeExact_MT;java/lang/invoke/LambdaForm$MH.0x0000000012061000.invoke;java/lang/invoke/DirectMethodHandle$Holder.invokeSpecial;org/weakref/nitro/tpcds/jmh_generated/BenchmarkQueries_query88_jmhTest.query88_AverageTime;org/weakref/nitro/tpcds/jmh_generated/BenchmarkQueries_query88_jmhTest.query88_avgt_jmhStub;org/weakref/nitro/tpcds/BenchmarkQueries.query88;org/weakref/nitro/tpcds/BenchmarkQueries.consume;org/weakref/nitro/operator/NestedLoopJoinOperator.next;org/weakref/nitro/operator/NestedLoopJoinOperator.produceBatch;org/weakref/nitro/operator/NestedLoopJoinOperator.loadNextOuterBatch;org/weakref/nitro/operator/NestedLoopJoinOperator.next;org/weakref/nitro/operator/NestedLoopJoinOperator.produceBatch;org/weakref/nitro/operator/NestedLoopJoinOperator.loadNextOuterBatch;org/weakref/nitro/operator/NestedLoopJoinOperator.next;org/weakref/nitro/operator/NestedLoopJoinOperator.produceBatch;org/weakref/nitro/operator/NestedLoopJoinOperator.loadNextOuterBatch;org/weakref/nitro/operator/NestedLoopJoinOperator.next;org/weakref/nitro/operator/NestedLoopJoinOperator.produceBatch;org/weakref/nitro/operator/NestedLoopJoinOperator.loadNextOuterBatch;org/weakref/nitro/operator/NestedLoopJoinOperator.next;org/weakref/nitro/operator/NestedLoopJoinOperator.produceBatch;org/weakref/nitro/operator/NestedLoopJoinOperator.loadInnerIfNecessary;org/weakref/nitro/operator/BufferedJoinInput.loadAll;org/weakref/nitro/operator/BufferedJoinInput.loadAll;org/weakref/nitro/operator/BufferedJoinInput.captureSchema;org/weakref/nitro/operator/Output.borrow;org/weakref/nitro/operator/AggregationOperator$$Lambda.0x0000000012110000.apply;org/weakref/nitro/operator/AggregationOperator.lambda$resultOutput$0;org/weakref/nitro/operator/AggregationOperator.doAggregationIfNeeded;org/weakref/nitro/operator/HashJoinOperator.next;org/weakref/nitro/operator/HashJoinOperator.produceBatch;org/weakref/nitro/operator/HashJoinOperator.produceOrdinaryBatch;org/weakref/nitro/operator/HashJoinOperator.loadNextOuterBatch;org/weakref/nitro/operator/HashJoinOperator.next;org/weakref/nitro/operator/HashJoinOperator.produceBatch;org/weakref/nitro/operator/HashJoinOperator.produceOrdinaryBatch;org/weakref/nitro/operator/HashJoinOperator.loadNextOuterBatch;org/weakref/nitro/operator/HashJoinOperator.next;org/weakref/nitro/operator/HashJoinOperator.produceBatch;org/weakref/nitro/operator/HashJoinOperator.produceOrdinaryBatch;org/weakref/nitro/operator/HashJoinOperator.loadNextOuterBatch;org/weakref/nitro/operator/NitroParquetScanOperator.hasNext;org/weakref/nitro/operator/NitroParquetScanOperator.ensureWindow;org/weakref/nitro/operator/NitroParquetScanOperator.decodeFilterWindow;org/weakref/nitro/parquet/ColumnReader.filterDictLongs;org/weakref/nitro/parquet/ColumnReader.decodeNextDataPage;org/weakref/nitro/parquet/ColumnReader.decodeDictionary;org/weakref/nitro/parquet/ColumnReader.replaceLongs;org/weakref/nitro/data/PrimitiveArrayPool.borrowLongs;long[]_[i] 1
java/lang/Thread.run;java/lang/Thread.runWith;java/util/concurrent/ThreadPoolExecutor$Worker.run;java/util/concurrent/ThreadPoolExecutor.runWorker;java/util/concurrent/FutureTask.run;java/util/concurrent/Executors$RunnableAdapter.call;java/util/concurrent/FutureTask.run;org/openjdk/jmh/runner/BenchmarkHandler$BenchmarkTask.call;org/openjdk/jmh/runner/BenchmarkHandler$BenchmarkTask.call;java/lang/reflect/Method.invoke;jdk/internal/reflect/DirectMethodHandleAccessor.invoke;jdk/internal/reflect/DirectMethodHandleAccessor.invokeImpl;java/lang/invoke/LambdaForm$MH.0x0000000012061400.invokeExact_MT;java/lang/invoke/LambdaForm$MH.0x0000000012061000.invoke;java/lang/invoke/DirectMethodHandle$Holder.invokeSpecial;org/weakref/nitro/tpcds/jmh_generated/BenchmarkQueries_query88_jmhTest.query88_AverageTime;org/weakref/nitro/tpcds/jmh_generated/BenchmarkQueries_query88_jmhTest.query88_avgt_jmhStub;org/weakref/nitro/tpcds/BenchmarkQueries.query88;org/weakref/nitro/tpcds/BenchmarkQueries.consume;org/weakref/nitro/operator/NestedLoopJoinOperator.next;org/weakref/nitro/operator/NestedLoopJoinOperator.produceBatch;org/weakref/nitro/operator/NestedLoopJoinOperator.loadNextOuterBatch;org/weakref/nitro/operator/NestedLoopJoinOperator.next;org/weakref/nitro/operator/NestedLoopJoinOperator.produceBatch;org/weakref/nitro/operator/NestedLoopJoinOperator.loadNextOuterBatch;org/weakref/nitro/operator/NestedLoopJoinOperator.next;org/weakref/nitro/operator/NestedLoopJoinOperator.produceBatch;org/weakref/nitro/operator/NestedLoopJoinOperator.loadInnerIfNecessary;org/weakref/nitro/operator/BufferedJoinInput.loadAll;org/weakref/nitro/operator/BufferedJoinInput.loadAll;org/weakref/nitro/operator/BufferedJoinInput.captureSchema;org/weakref/nitro/operator/Output.borrow;org/weakref/nitro/operator/AggregationOperator$$Lambda.0x0000000012110000.apply;org/weakref/nitro/operator/AggregationOperator.lambda$resultOutput$0;org/weakref/nitro/operator/AggregationOperator.doAggregationIfNeeded;org/weakref/nitro/operator/HashJoinOperator.next;org/weakref/nitro/operator/HashJoinOperator.produceBatch;org/weakref/nitro/operator/HashJoinOperator.produceOrdinaryBatch;org/weakref/nitro/operator/HashJoinOperator.loadNextOuterBatch;org/weakref/nitro/operator/HashJoinOperator.next;org/weakref/nitro/operator/HashJoinOperator.produceBatch;org/weakref/nitro/operator/HashJoinOperator.produceOrdinaryBatch;org/weakref/nitro/operator/HashJoinOperator.loadNextOuterBatch;org/weakref/nitro/operator/HashJoinOperator.next;org/weakref/nitro/operator/HashJoinOperator.produceBatch;org/weakref/nitro/operator/HashJoinOperator.produceOrdinaryBatch;org/weakref/nitro/operator/HashJoinOperator.loadNextOuterBatch;org/weakref/nitro/operator/NitroParquetScanOperator.hasNext;org/weakref/nitro/operator/NitroParquetScanOperator.ensureWindow;org/weakref/nitro/operator/NitroParquetScanOperator.decodeFilterWindow;org/weakref/nitro/operator/NitroParquetScanOperator.readColumnInto;org/weakref/nitro/operator/NitroParquetScanOperator.ensureColumnScratch;org/weakref/nitro/operator/NitroParquetScanOperator.replaceBooleans;org/weakref/nitro/data/PrimitiveArrayPool.borrowBooleans;boolean[]_[i] 3
java/lang/Thread.run;java/lang/Thread.runWith;java/util/concurrent/ThreadPoolExecutor$Worker.run;java/util/concurrent/ThreadPoolExecutor.runWorker;java/util/concurrent/FutureTask.run;java/util/concurrent/Executors$RunnableAdapter.call;java/util/concurrent/FutureTask.run;org/openjdk/jmh/runner/BenchmarkHandler$BenchmarkTask.call;org/openjdk/jmh/runner/BenchmarkHandler$BenchmarkTask.call;java/lang/reflect/Method.invoke;jdk/internal/reflect/DirectMethodHandleAccessor.invoke;jdk/internal/reflect/DirectMethodHandleAccessor.invokeImpl;java/lang/invoke/LambdaForm$MH.0x0000000012061400.invokeExact_MT;java/lang/invoke/LambdaForm$MH.0x0000000012061000.invoke;java/lang/invoke/DirectMethodHandle$Holder.invokeSpecial;org/weakref/nitro/tpcds/jmh_generated/BenchmarkQueries_query88_jmhTest.query88_AverageTime;org/weakref/nitro/tpcds/jmh_generated/BenchmarkQueries_query88_jmhTest.query88_avgt_jmhStub;org/weakref/nitro/tpcds/BenchmarkQueries.query88;org/weakref/nitro/tpcds/TpcdsParquetSupport.query88;org/weakref/nitro/tpcds/TpcdsParquetSupport.query88BucketCount;org/weakref/nitro/tpcds/TpcdsParquetSupport.query88Bucket;org/weakref/nitro/operator/HashJoinOperator.<init>;org/weakref/nitro/operator/HashJoinOperator.<init>;org/weakref/nitro/operator/HashJoinOperator$JoinScratch.<init>;long[]_[i] 1
java/lang/Thread.run;java/lang/Thread.runWith;java/util/concurrent/ThreadPoolExecutor$Worker.run;java/util/concurrent/ThreadPoolExecutor.runWorker;java/util/concurrent/FutureTask.run;java/util/concurrent/Executors$RunnableAdapter.call;java/util/concurrent/FutureTask.run;org/openjdk/jmh/runner/BenchmarkHandler$BenchmarkTask.call;org/openjdk/jmh/runner/BenchmarkHandler$BenchmarkTask.call;java/lang/reflect/Method.invoke;jdk/internal/reflect/DirectMethodHandleAccessor.invoke;jdk/internal/reflect/DirectMethodHandleAccessor.invokeImpl;java/lang/invoke/LambdaForm$MH.0x0000000012061400.invokeExact_MT;java/lang/invoke/LambdaForm$MH.0x0000000012061000.invoke;java/lang/invoke/DirectMethodHandle$Holder.invokeSpecial;org/weakref/nitro/tpcds/jmh_generated/BenchmarkQueries_query88_jmhTest.query88_AverageTime;org/weakref/nitro/tpcds/jmh_generated/BenchmarkQueries_query88_jmhTest.query88_avgt_jmhStub;org/weakref/nitro/tpcds/BenchmarkQueries.query88;org/weakref/nitro/tpcds/TpcdsParquetSupport.query88;org/weakref/nitro/tpcds/TpcdsParquetSupport.query88BucketCount;org/weakref/nitro/tpcds/TpcdsParquetSupport.query88Bucket;org/weakref/nitro/operator/HashJoinOperator.<init>;org/weakref/nitro/operator/HashJoinOperator.<init>;org/weakref/nitro/operator/HashJoinOperator$JoinScratch.<init>;int[]_[i] 1
java/lang/Thread.run;java/lang/Thread.runWith;java/util/concurrent/ThreadPoolExecutor$Worker.run;java/util/concurrent/ThreadPoolExecutor.runWorker;java/util/concurrent/FutureTask.run;java/util/concurrent/Executors$RunnableAdapter.call;java/util/concurrent/FutureTask.run;org/openjdk/jmh/runner/BenchmarkHandler$BenchmarkTask.call;org/openjdk/jmh/runner/BenchmarkHandler$BenchmarkTask.call;java/lang/reflect/Method.invoke;jdk/internal/reflect/DirectMethodHandleAccessor.invoke;jdk/internal/reflect/DirectMethodHandleAccessor.invokeImpl;java/lang/invoke/LambdaForm$MH.0x0000000012061400.invokeExact_MT;java/lang/invoke/LambdaForm$MH.0x0000000012061000.invoke;java/lang/invoke/DirectMethodHandle$Holder.invokeSpecial;org/weakref/nitro/tpcds/jmh_generated/BenchmarkQueries_query88_jmhTest.query88_AverageTime;org/weakref/nitro/tpcds/jmh_generated/BenchmarkQueries_query88_jmhTest.query88_avgt_jmhStub;org/weakref/nitro/tpcds/BenchmarkQueries.query88;org/weakref/nitro/tpcds/TpcdsParquetSupport.query88;org/weakref/nitro/tpcds/TpcdsParquetSupport.query88BucketCount;org/weakref/nitro/tpcds/TpcdsParquetSupport.query88Bucket;org/weakref/nitro/operator/HashJoinOperator.<init>;org/weakref/nitro/operator/HashJoinOperator.<init>;org/weakref/nitro/operator/HashJoinOperator$JoinScratch.<init>;int[]_[i] 1
java/lang/Thread.run;java/lang/Thread.runWith;java/util/concurrent/ThreadPoolExecutor$Worker.run;java/util/concurrent/ThreadPoolExecutor.runWorker;java/util/concurrent/FutureTask.run;java/util/concurrent/Executors$RunnableAdapter.call;java/util/concurrent/FutureTask.run;org/openjdk/jmh/runner/BenchmarkHandler$BenchmarkTask.call;org/openjdk/jmh/runner/BenchmarkHandler$BenchmarkTask.call;java/lang/reflect/Method.invoke;jdk/internal/reflect/DirectMethodHandleAccessor.invoke;jdk/internal/reflect/DirectMethodHandleAccessor.invokeImpl;java/lang/invoke/LambdaForm$MH.0x0000000012061400.invokeExact_MT;java/lang/invoke/LambdaForm$MH.0x0000000012061000.invoke;java/lang/invoke/DirectMethodHandle$Holder.invokeSpecial;org/weakref/nitro/tpcds/jmh_generated/BenchmarkQueries_query88_jmhTest.query88_AverageTime;org/weakref/nitro/tpcds/jmh_generated/BenchmarkQueries_query88_jmhTest.query88_avgt_jmhStub;org/weakref/nitro/tpcds/BenchmarkQueries.query88;org/weakref/nitro/tpcds/BenchmarkQueries.consume;org/weakref/nitro/operator/NestedLoopJoinOperator.next;org/weakref/nitro/operator/NestedLoopJoinOperator.produceBatch;org/weakref/nitro/operator/NestedLoopJoinOperator.loadNextOuterBatch;org/weakref/nitro/operator/NestedLoopJoinOperator.next;org/weakref/nitro/operator/NestedLoopJoinOperator.produceBatch;org/weakref/nitro/operator/NestedLoopJoinOperator.loadNextOuterBatch;org/weakref/nitro/operator/NestedLoopJoinOperator.next;org/weakref/nitro/operator/NestedLoopJoinOperator.produceBatch;org/weakref/nitro/operator/NestedLoopJoinOperator.loadNextOuterBatch;org/weakref/nitro/operator/NestedLoopJoinOperator.next;org/weakref/nitro/operator/NestedLoopJoinOperator.produceBatch;org/weakref/nitro/operator/NestedLoopJoinOperator.loadNextOuterBatch;org/weakref/nitro/operator/NestedLoopJoinOperator.next;org/weakref/nitro/operator/NestedLoopJoinOperator.produceBatch;org/weakref/nitro/operator/NestedLoopJoinOperator.loadNextOuterBatch;org/weakref/nitro/operator/NestedLoopJoinOperator.next;org/weakref/nitro/operator/NestedLoopJoinOperator.produceBatch;org/weakref/nitro/operator/NestedLoopJoinOperator.loadNextOuterBatch;org/weakref/nitro/operator/NestedLoopJoinOperator.next;org/weakref/nitro/operator/NestedLoopJoinOperator.produceBatch;org/weakref/nitro/operator/NestedLoopJoinOperator.loadInnerIfNecessary;org/weakref/nitro/operator/BufferedJoinInput.loadAll;org/weakref/nitro/operator/BufferedJoinInput.loadAll;org/weakref/nitro/operator/BufferedJoinInput.captureSchema;org/weakref/nitro/operator/Output.borrow;org/weakref/nitro/operator/AggregationOperator$$Lambda.0x0000000012110000.apply;org/weakref/nitro/operator/AggregationOperator.lambda$resultOutput$0;org/weakref/nitro/operator/AggregationOperator.doAggregationIfNeeded;org/weakref/nitro/operator/HashJoinOperator.next;org/weakref/nitro/operator/HashJoinOperator.produceBatch;org/weakref/nitro/operator/HashJoinOperator.produceOrdinaryBatch;org/weakref/nitro/operator/HashJoinOperator.loadNextOuterBatch;org/weakref/nitro/operator/HashJoinOperator.next;org/weakref/nitro/operator/HashJoinOperator.produceBatch;org/weakref/nitro/operator/HashJoinOperator.produceOrdinaryBatch;org/weakref/nitro/operator/HashJoinOperator.loadNextOuterBatch;org/weakref/nitro/operator/HashJoinOperator.next;org/weakref/nitro/operator/HashJoinOperator.produceBatch;org/weakref/nitro/operator/HashJoinOperator.produceOrdinaryBatch;org/weakref/nitro/operator/HashJoinOperator.loadNextOuterBatch;org/weakref/nitro/operator/NitroParquetScanOperator.hasNext;org/weakref/nitro/operator/NitroParquetScanOperator.ensureWindow;org/weakref/nitro/operator/NitroParquetScanOperator.decodeFilterWindow;org/weakref/nitro/operator/NitroParquetScanOperator.ensureColumnScratch;org/weakref/nitro/operator/NitroParquetScanOperator.replaceBooleans;org/weakref/nitro/data/PrimitiveArrayPool.borrowBooleans;boolean[]_[i] 2
java/lang/Thread.run;java/lang/Thread.runWith;java/util/concurrent/ThreadPoolExecutor$Worker.run;java/util/concurrent/ThreadPoolExecutor.runWorker;java/util/concurrent/FutureTask.run;java/util/concurrent/Executors$RunnableAdapter.call;java/util/concurrent/FutureTask.run;org/openjdk/jmh/runner/BenchmarkHandler$BenchmarkTask.call;org/openjdk/jmh/runner/BenchmarkHandler$BenchmarkTask.call;java/lang/reflect/Method.invoke;jdk/internal/reflect/DirectMethodHandleAccessor.invoke;jdk/internal/reflect/DirectMethodHandleAccessor.invokeImpl;java/lang/invoke/LambdaForm$MH.0x0000000012061400.invokeExact_MT;java/lang/invoke/LambdaForm$MH.0x0000000012061000.invoke;java/lang/invoke/DirectMethodHandle$Holder.invokeSpecial;org/weakref/nitro/tpcds/jmh_generated/BenchmarkQueries_query88_jmhTest.query88_AverageTime;org/weakref/nitro/tpcds/jmh_generated/BenchmarkQueries_query88_jmhTest.query88_avgt_jmhStub;org/weakref/nitro/tpcds/BenchmarkQueries.query88;org/weakref/nitro/tpcds/TpcdsParquetSupport.query88;org/weakref/nitro/tpcds/TpcdsParquetSupport.query88BucketCount;org/weakref/nitro/tpcds/TpcdsParquetSupport.query88Bucket;org/weakref/nitro/operator/HashJoinOperator.<init>;org/weakref/nitro/operator/HashJoinOperator.<init>;org/weakref/nitro/operator/HashJoinOperator$JoinScratch.<init>;int[]_[i] 1
java/lang/Thread.run;java/lang/Thread.runWith;java/util/concurrent/ThreadPoolExecutor$Worker.run;java/util/concurrent/ThreadPoolExecutor.runWorker;java/util/concurrent/FutureTask.run;java/util/concurrent/Executors$RunnableAdapter.call;java/util/concurrent/FutureTask.run;org/openjdk/jmh/runner/BenchmarkHandler$BenchmarkTask.call;org/openjdk/jmh/runner/BenchmarkHandler$BenchmarkTask.call;java/lang/reflect/Method.invoke;jdk/internal/reflect/DirectMethodHandleAccessor.invoke;jdk/internal/reflect/DirectMethodHandleAccessor.invokeImpl;java/lang/invoke/LambdaForm$MH.0x0000000012061400.invokeExact_MT;java/lang/invoke/LambdaForm$MH.0x0000000012061000.invoke;java/lang/invoke/DirectMethodHandle$Holder.invokeSpecial;org/weakref/nitro/tpcds/jmh_generated/BenchmarkQueries_query88_jmhTest.query88_AverageTime;org/weakref/nitro/tpcds/jmh_generated/BenchmarkQueries_query88_jmhTest.query88_avgt_jmhStub;org/weakref/nitro/tpcds/BenchmarkQueries.query88;org/weakref/nitro/tpcds/BenchmarkQueries.consume;org/weakref/nitro/operator/NestedLoopJoinOperator.next;org/weakref/nitro/operator/NestedLoopJoinOperator.produceBatch;org/weakref/nitro/operator/NestedLoopJoinOperator.loadNextOuterBatch;org/weakref/nitro/operator/NestedLoopJoinOperator.next;org/weakref/nitro/operator/NestedLoopJoinOperator.produceBatch;org/weakref/nitro/operator/NestedLoopJoinOperator.loadNextOuterBatch;org/weakref/nitro/operator/NestedLoopJoinOperator.next;org/weakref/nitro/operator/NestedLoopJoinOperator.produceBatch;org/weakref/nitro/operator/NestedLoopJoinOperator.loadNextOuterBatch;org/weakref/nitro/operator/NestedLoopJoinOperator.next;org/weakref/nitro/operator/NestedLoopJoinOperator.produceBatch;org/weakref/nitro/operator/NestedLoopJoinOperator.loadNextOuterBatch;org/weakref/nitro/operator/NestedLoopJoinOperator.next;org/weakref/nitro/operator/NestedLoopJoinOperator.produceBatch;org/weakref/nitro/operator/NestedLoopJoinOperator.loadNextOuterBatch;org/weakref/nitro/operator/NestedLoopJoinOperator.next;org/weakref/nitro/operator/NestedLoopJoinOperator.produceBatch;org/weakref/nitro/operator/NestedLoopJoinOperator.loadNextOuterBatch;org/weakref/nitro/operator/NestedLoopJoinOperator.next;org/weakref/nitro/operator/NestedLoopJoinOperator.produceBatch;org/weakref/nitro/operator/NestedLoopJoinOperator.loadInnerIfNecessary;org/weakref/nitro/operator/BufferedJoinInput.loadAll;org/weakref/nitro/operator/BufferedJoinInput.loadAll;org/weakref/nitro/operator/BufferedJoinInput.captureSchema;org/weakref/nitro/operator/Output.borrow;org/weakref/nitro/operator/AggregationOperator$$Lambda.0x0000000012110000.apply;org/weakref/nitro/operator/AggregationOperator.lambda$resultOutput$0;org/weakref/nitro/operator/AggregationOperator.doAggregationIfNeeded;org/weakref/nitro/operator/HashJoinOperator.next;org/weakref/nitro/operator/HashJoinOperator.produceBatch;org/weakref/nitro/operator/HashJoinOperator.produceOrdinaryBatch;org/weakref/nitro/operator/HashJoinOperator.loadNextOuterBatch;org/weakref/nitro/operator/HashJoinOperator.next;org/weakref/nitro/operator/HashJoinOperator.produceBatch;org/weakref/nitro/operator/HashJoinOperator.produceOrdinaryBatch;org/weakref/nitro/operator/HashJoinOperator.loadNextOuterBatch;org/weakref/nitro/operator/HashJoinOperator.next;org/weakref/nitro/operator/HashJoinOperator.produceBatch;org/weakref/nitro/operator/HashJoinOperator.produceOrdinaryBatch;org/weakref/nitro/operator/HashJoinOperator.loadNextOuterBatch;org/weakref/nitro/operator/NitroParquetScanOperator.hasNext;org/weakref/nitro/operator/NitroParquetScanOperator.ensureWindow;org/weakref/nitro/operator/NitroParquetScanOperator.decodeFilterWindow;org/weakref/nitro/operator/NitroParquetScanOperator.readColumnInto;org/weakref/nitro/operator/NitroParquetScanOperator.ensureColumnScratch;org/weakref/nitro/operator/NitroParquetScanOperator.replaceBooleans;org/weakref/nitro/data/PrimitiveArrayPool.borrowBooleans;boolean[]_[i] 2
java/lang/Thread.run;java/lang/Thread.runWith;java/util/concurrent/ThreadPoolExecutor$Worker.run;java/util/concurrent/ThreadPoolExecutor.runWorker;java/util/concurrent/FutureTask.run;java/util/concurrent/Executors$RunnableAdapter.call;java/util/concurrent/FutureTask.run;org/openjdk/jmh/runner/BenchmarkHandler$BenchmarkTask.call;org/openjdk/jmh/runner/BenchmarkHandler$BenchmarkTask.call;java/lang/reflect/Method.invoke;jdk/internal/reflect/DirectMethodHandleAccessor.invoke;jdk/internal/reflect/DirectMethodHandleAccessor.invokeImpl;java/lang/invoke/LambdaForm$MH.0x0000000012061400.invokeExact_MT;java/lang/invoke/LambdaForm$MH.0x0000000012061000.invoke;java/lang/invoke/DirectMethodHandle$Holder.invokeSpecial;org/weakref/nitro/tpcds/jmh_generated/BenchmarkQueries_query88_jmhTest.query88_AverageTime;org/weakref/nitro/tpcds/jmh_generated/BenchmarkQueries_query88_jmhTest.query88_avgt_jmhStub;org/weakref/nitro/tpcds/BenchmarkQueries.query88;org/weakref/nitro/tpcds/BenchmarkQueries.consume;org/weakref/nitro/operator/NestedLoopJoinOperator.next;org/weakref/nitro/operator/NestedLoopJoinOperator.produceBatch;org/weakref/nitro/operator/NestedLoopJoinOperator.loadNextOuterBatch;org/weakref/nitro/operator/NestedLoopJoinOperator.next;org/weakref/nitro/operator/NestedLoopJoinOperator.produceBatch;org/weakref/nitro/operator/NestedLoopJoinOperator.loadNextOuterBatch;org/weakref/nitro/operator/NestedLoopJoinOperator.next;org/weakref/nitro/operator/NestedLoopJoinOperator.produceBatch;org/weakref/nitro/operator/NestedLoopJoinOperator.loadNextOuterBatch;org/weakref/nitro/operator/NestedLoopJoinOperator.next;org/weakref/nitro/operator/NestedLoopJoinOperator.produceBatch;org/weakref/nitro/operator/NestedLoopJoinOperator.loadNextOuterBatch;org/weakref/nitro/operator/NestedLoopJoinOperator.next;org/weakref/nitro/operator/NestedLoopJoinOperator.produceBatch;org/weakref/nitro/operator/NestedLoopJoinOperator.loadNextOuterBatch;org/weakref/nitro/operator/NestedLoopJoinOperator.next;org/weakref/nitro/operator/NestedLoopJoinOperator.produceBatch;org/weakref/nitro/operator/NestedLoopJoinOperator.loadNextOuterBatch;org/weakref/nitro/operator/NestedLoopJoinOperator.next;org/weakref/nitro/operator/NestedLoopJoinOperator.produceBatch;org/weakref/nitro/operator/NestedLoopJoinOperator.loadInnerIfNecessary;org/weakref/nitro/operator/BufferedJoinInput.loadAll;org/weakref/nitro/operator/BufferedJoinInput.loadAll;org/weakref/nitro/operator/BufferedJoinInput.captureSchema;org/weakref/nitro/operator/Output.borrow;org/weakref/nitro/operator/AggregationOperator$$Lambda.0x0000000012110000.apply;org/weakref/nitro/operator/AggregationOperator.lambda$resultOutput$0;org/weakref/nitro/operator/AggregationOperator.doAggregationIfNeeded;org/weakref/nitro/operator/HashJoinOperator.next;org/weakref/nitro/operator/HashJoinOperator.produceBatch;org/weakref/nitro/operator/HashJoinOperator.produceOrdinaryBatch;org/weakref/nitro/operator/HashJoinOperator.loadNextOuterBatch;org/weakref/nitro/operator/HashJoinOperator.next;org/weakref/nitro/operator/HashJoinOperator.produceBatch;org/weakref/nitro/operator/HashJoinOperator.produceOrdinaryBatch;org/weakref/nitro/operator/HashJoinOperator.loadNextOuterBatch;org/weakref/nitro/operator/HashJoinOperator.next;org/weakref/nitro/operator/HashJoinOperator.produceBatch;org/weakref/nitro/operator/HashJoinOperator.loadInnerIfNecessary;org/weakref/nitro/operator/HashJoinOperator.loadStreamingInner;org/weakref/nitro/operator/FilterOperator.next;org/weakref/nitro/operator/evaluator/PlanEvaluator.evaluateInPlace;org/weakref/nitro/operator/evaluator/PlanEvaluator.evaluateTrueMaskInPlace;org/weakref/nitro/operator/evaluator/PlanEvaluator.evaluateTrueMaskInPlace;org/weakref/nitro/operator/evaluator/PlanEvaluator.evaluateAdaptiveAndTrueMaskInPlace;org/weakref/nitro/operator/evaluator/PlanEvaluator.evaluateMeasuredTrueMaskInPlace;org/weakref/nitro/operator/evaluator/PlanEvaluator.evaluateTrueMaskInPlace;org/weakref/nitro/operator/evaluator/PlanEvaluator.tryEvaluatePrimitiveTrueMaskInPlace;org/weakref/nitro/operator/evaluator/PlanEvaluator.tryEvaluatePrimitiveMaskInPlace;org/weakref/nitro/operator/evaluator/PlanEvaluator.resolveMaskPrimitiveInvocation;org/weakref/nitro/operator/evaluator/PlanEvaluator.evaluateArgument;org/weakref/nitro/operator/FilterOperator$1.resolve;org/weakref/nitro/operator/Output.borrowOrNull;org/weakref/nitro/operator/Output.borrow;org/weakref/nitro/operator/Output.borrow;org/weakref/nitro/operator/NitroParquetScanOperator$ScanOutputResolver$$Lambda.0x00000000120bc200.apply;org/weakref/nitro/operator/NitroParquetScanOperator$ScanOutputResolver.resolve;org/weakref/nitro/operator/NitroParquetScanOperator.resolveLazyColumn;org/weakref/nitro/operator/NitroParquetScanOperator.decodeFullColumn;org/weakref/nitro/parquet/ColumnReader.readInts;org/weakref/nitro/parquet/ColumnReader.decodeNextDataPage;org/weakref/nitro/parquet/ColumnReader.decodeDataPageV1;org/weakref/nitro/parquet/ColumnReader.ensureIdCapacity;org/weakref/nitro/parquet/ColumnReader.replaceInts;org/weakref/nitro/data/PrimitiveArrayPool.borrowInts;int[]_[i] 1
java/lang/Thread.run;java/lang/Thread.runWith;java/util/concurrent/ThreadPoolExecutor$Worker.run;java/util/concurrent/ThreadPoolExecutor.runWorker;java/util/concurrent/FutureTask.run;java/util/concurrent/Executors$RunnableAdapter.call;java/util/concurrent/FutureTask.run;org/openjdk/jmh/runner/BenchmarkHandler$BenchmarkTask.call;org/openjdk/jmh/runner/BenchmarkHandler$BenchmarkTask.call;java/lang/reflect/Method.invoke;jdk/internal/reflect/DirectMethodHandleAccessor.invoke;jdk/internal/reflect/DirectMethodHandleAccessor.invokeImpl;java/lang/invoke/LambdaForm$MH.0x0000000012061400.invokeExact_MT;java/lang/invoke/LambdaForm$MH.0x0000000012061000.invoke;java/lang/invoke/DirectMethodHandle$Holder.invokeSpecial;org/weakref/nitro/tpcds/jmh_generated/BenchmarkQueries_query88_jmhTest.query88_AverageTime;org/weakref/nitro/tpcds/jmh_generated/BenchmarkQueries_query88_jmhTest.query88_avgt_jmhStub;org/weakref/nitro/tpcds/BenchmarkQueries.query88;org/weakref/nitro/tpcds/TpcdsParquetSupport.query88;org/weakref/nitro/tpcds/TpcdsParquetSupport.query88BucketCount;org/weakref/nitro/tpcds/TpcdsParquetSupport.query88Bucket;org/weakref/nitro/operator/HashJoinOperator.<init>;org/weakref/nitro/operator/HashJoinOperator.<init>;org/weakref/nitro/operator/HashJoinOperator$JoinScratch.<init>;int[]_[i] 1
java/lang/Thread.run;java/lang/Thread.runWith;java/util/concurrent/ThreadPoolExecutor$Worker.run;java/util/concurrent/ThreadPoolExecutor.runWorker;java/util/concurrent/FutureTask.run;java/util/concurrent/Executors$RunnableAdapter.call;java/util/concurrent/FutureTask.run;org/openjdk/jmh/runner/BenchmarkHandler$BenchmarkTask.call;org/openjdk/jmh/runner/BenchmarkHandler$BenchmarkTask.call;java/lang/reflect/Method.invoke;jdk/internal/reflect/DirectMethodHandleAccessor.invoke;jdk/internal/reflect/DirectMethodHandleAccessor.invokeImpl;java/lang/invoke/LambdaForm$MH.0x0000000012061400.invokeExact_MT;java/lang/invoke/LambdaForm$MH.0x0000000012061000.invoke;java/lang/invoke/DirectMethodHandle$Holder.invokeSpecial;org/weakref/nitro/tpcds/jmh_generated/BenchmarkQueries_query88_jmhTest.query88_AverageTime;org/weakref/nitro/tpcds/jmh_generated/BenchmarkQueries_query88_jmhTest.query88_avgt_jmhStub;org/weakref/nitro/tpcds/BenchmarkQueries.query88;org/weakref/nitro/tpcds/BenchmarkQueries.consume;org/weakref/nitro/operator/NestedLoopJoinOperator.next;org/weakref/nitro/operator/NestedLoopJoinOperator.produceBatch;org/weakref/nitro/operator/NestedLoopJoinOperator.loadNextOuterBatch;org/weakref/nitro/operator/NestedLoopJoinOperator.next;org/weakref/nitro/operator/NestedLoopJoinOperator.produceBatch;org/weakref/nitro/operator/NestedLoopJoinOperator.loadNextOuterBatch;org/weakref/nitro/operator/NestedLoopJoinOperator.next;org/weakref/nitro/operator/NestedLoopJoinOperator.produceBatch;org/weakref/nitro/operator/NestedLoopJoinOperator.loadNextOuterBatch;org/weakref/nitro/operator/NestedLoopJoinOperator.next;org/weakref/nitro/operator/NestedLoopJoinOperator.produceBatch;org/weakref/nitro/operator/NestedLoopJoinOperator.loadNextOuterBatch;org/weakref/nitro/operator/NestedLoopJoinOperator.next;org/weakref/nitro/operator/NestedLoopJoinOperator.produceBatch;org/weakref/nitro/operator/NestedLoopJoinOperator.loadInnerIfNecessary;org/weakref/nitro/operator/BufferedJoinInput.loadAll;org/weakref/nitro/operator/BufferedJoinInput.loadAll;org/weakref/nitro/operator/BufferedJoinInput.captureSchema;org/weakref/nitro/operator/Output.borrow;org/weakref/nitro/operator/AggregationOperator$$Lambda.0x0000000012110000.apply;org/weakref/nitro/operator/AggregationOperator.lambda$resultOutput$0;org/weakref/nitro/operator/AggregationOperator.doAggregationIfNeeded;org/weakref/nitro/operator/HashJoinOperator.next;org/weakref/nitro/operator/HashJoinOperator.produceBatch;org/weakref/nitro/operator/HashJoinOperator.produceOrdinaryBatch;org/weakref/nitro/operator/HashJoinOperator.loadNextOuterBatch;org/weakref/nitro/operator/HashJoinOperator.next;org/weakref/nitro/operator/HashJoinOperator.produceBatch;org/weakref/nitro/operator/HashJoinOperator.produceOrdinaryBatch;org/weakref/nitro/operator/HashJoinOperator.loadNextOuterBatch;org/weakref/nitro/operator/HashJoinOperator.next;org/weakref/nitro/operator/HashJoinOperator.produceBatch;org/weakref/nitro/operator/HashJoinOperator.produceOrdinaryBatch;org/weakref/nitro/operator/HashJoinOperator.loadNextOuterBatch;org/weakref/nitro/operator/NitroParquetScanOperator.hasNext;org/weakref/nitro/operator/NitroParquetScanOperator.ensureWindow;org/weakref/nitro/operator/NitroParquetScanOperator.decodeFilterWindow;org/weakref/nitro/operator/NitroParquetScanOperator.ensureScratch;org/weakref/nitro/operator/NitroParquetScanOperator.replaceInts;org/weakref/nitro/data/PrimitiveArrayPool.borrowInts;int[]_[i] 2
java/lang/Thread.run;java/lang/Thread.runWith;java/util/concurrent/ThreadPoolExecutor$Worker.run;java/util/concurrent/ThreadPoolExecutor.runWorker;java/util/concurrent/FutureTask.run;java/util/concurrent/Executors$RunnableAdapter.call;java/util/concurrent/FutureTask.run;org/openjdk/jmh/runner/BenchmarkHandler$BenchmarkTask.call;org/openjdk/jmh/runner/BenchmarkHandler$BenchmarkTask.call;java/lang/reflect/Method.invoke;jdk/internal/reflect/DirectMethodHandleAccessor.invoke;jdk/internal/reflect/DirectMethodHandleAccessor.invokeImpl;java/lang/invoke/LambdaForm$MH.0x0000000012061400.invokeExact_MT;java/lang/invoke/LambdaForm$MH.0x0000000012061000.invoke;java/lang/invoke/DirectMethodHandle$Holder.invokeSpecial;org/weakref/nitro/tpcds/jmh_generated/BenchmarkQueries_query88_jmhTest.query88_AverageTime;org/weakref/nitro/tpcds/jmh_generated/BenchmarkQueries_query88_jmhTest.query88_avgt_jmhStub;org/weakref/nitro/tpcds/BenchmarkQueries.query88;org/weakref/nitro/tpcds/BenchmarkQueries.consume;org/weakref/nitro/operator/NestedLoopJoinOperator.next;org/weakref/nitro/operator/NestedLoopJoinOperator.produceBatch;org/weakref/nitro/operator/NestedLoopJoinOperator.loadNextOuterBatch;org/weakref/nitro/operator/NestedLoopJoinOperator.next;org/weakref/nitro/operator/NestedLoopJoinOperator.produceBatch;org/weakref/nitro/operator/NestedLoopJoinOperator.loadInnerIfNecessary;org/weakref/nitro/operator/BufferedJoinInput.loadAll;org/weakref/nitro/operator/BufferedJoinInput.loadAll;org/weakref/nitro/operator/BufferedJoinInput.captureSchema;org/weakref/nitro/operator/Output.borrow;org/weakref/nitro/operator/AggregationOperator$$Lambda.0x0000000012110000.apply;org/weakref/nitro/operator/AggregationOperator.lambda$resultOutput$0;org/weakref/nitro/operator/AggregationOperator.doAggregationIfNeeded;org/weakref/nitro/operator/HashJoinOperator.next;org/weakref/nitro/operator/HashJoinOperator.produceBatch;org/weakref/nitro/operator/HashJoinOperator.produceOrdinaryBatch;org/weakref/nitro/operator/HashJoinOperator.loadNextOuterBatch;org/weakref/nitro/operator/HashJoinOperator.next;org/weakref/nitro/operator/HashJoinOperator.produceBatch;org/weakref/nitro/operator/HashJoinOperator.loadInnerIfNecessary;org/weakref/nitro/operator/HashJoinOperator.loadStreamingInner;org/weakref/nitro/operator/HashJoinOperator$LongJoinIndex.<init>;org/weakref/nitro/data/PrimitiveArrayPool.borrowInts;int[]_[i] 1
java/lang/Thread.run;java/lang/Thread.runWith;java/util/concurrent/ThreadPoolExecutor$Worker.run;java/util/concurrent/ThreadPoolExecutor.runWorker;java/util/concurrent/FutureTask.run;java/util/concurrent/Executors$RunnableAdapter.call;java/util/concurrent/FutureTask.run;org/openjdk/jmh/runner/BenchmarkHandler$BenchmarkTask.call;org/openjdk/jmh/runner/BenchmarkHandler$BenchmarkTask.call;java/lang/reflect/Method.invoke;jdk/internal/reflect/DirectMethodHandleAccessor.invoke;jdk/internal/reflect/DirectMethodHandleAccessor.invokeImpl;java/lang/invoke/LambdaForm$MH.0x0000000012061400.invokeExact_MT;java/lang/invoke/LambdaForm$MH.0x0000000012061000.invoke;java/lang/invoke/DirectMethodHandle$Holder.invokeSpecial;org/weakref/nitro/tpcds/jmh_generated/BenchmarkQueries_query88_jmhTest.query88_AverageTime;org/weakref/nitro/tpcds/jmh_generated/BenchmarkQueries_query88_jmhTest.query88_avgt_jmhStub;org/weakref/nitro/tpcds/BenchmarkQueries.query88;org/weakref/nitro/tpcds/BenchmarkQueries.consume;org/weakref/nitro/operator/NestedLoopJoinOperator.next;org/weakref/nitro/operator/NestedLoopJoinOperator.produceBatch;org/weakref/nitro/operator/NestedLoopJoinOperator.loadNextOuterBatch;org/weakref/nitro/operator/NestedLoopJoinOperator.next;org/weakref/nitro/operator/NestedLoopJoinOperator.produceBatch;org/weakref/nitro/operator/NestedLoopJoinOperator.loadNextOuterBatch;org/weakref/nitro/operator/NestedLoopJoinOperator.next;org/weakref/nitro/operator/NestedLoopJoinOperator.produceBatch;org/weakref/nitro/operator/NestedLoopJoinOperator.loadNextOuterBatch;org/weakref/nitro/operator/NestedLoopJoinOperator.next;org/weakref/nitro/operator/NestedLoopJoinOperator.produceBatch;org/weakref/nitro/operator/NestedLoopJoinOperator.loadNextOuterBatch;org/weakref/nitro/operator/NestedLoopJoinOperator.next;org/weakref/nitro/operator/NestedLoopJoinOperator.produceBatch;org/weakref/nitro/operator/NestedLoopJoinOperator.loadInnerIfNecessary;org/weakref/nitro/operator/BufferedJoinInput.loadAll;org/weakref/nitro/operator/BufferedJoinInput.loadAll;org/weakref/nitro/operator/BufferedJoinInput.captureSchema;org/weakref/nitro/operator/Output.borrow;org/weakref/nitro/operator/AggregationOperator$$Lambda.0x0000000012110000.apply;org/weakref/nitro/operator/AggregationOperator.lambda$resultOutput$0;org/weakref/nitro/operator/AggregationOperator.doAggregationIfNeeded;org/weakref/nitro/operator/HashJoinOperator.next;org/weakref/nitro/operator/HashJoinOperator.produceBatch;org/weakref/nitro/operator/HashJoinOperator.produceOrdinaryBatch;org/weakref/nitro/operator/HashJoinOperator.loadNextOuterBatch;org/weakref/nitro/operator/HashJoinOperator.next;org/weakref/nitro/operator/HashJoinOperator.produceBatch;org/weakref/nitro/operator/HashJoinOperator.produceOrdinaryBatch;org/weakref/nitro/operator/HashJoinOperator.loadNextOuterBatch;org/weakref/nitro/operator/HashJoinOperator.next;org/weakref/nitro/operator/HashJoinOperator.produceBatch;org/weakref/nitro/operator/HashJoinOperator.produceOrdinaryBatch;org/weakref/nitro/operator/HashJoinOperator.loadNextOuterBatch;org/weakref/nitro/operator/NitroParquetScanOperator.hasNext;org/weakref/nitro/operator/NitroParquetScanOperator.ensureWindow;org/weakref/nitro/operator/NitroParquetScanOperator.decodeFilterWindow;org/weakref/nitro/operator/NitroParquetScanOperator.readColumnInto;org/weakref/nitro/operator/NitroParquetScanOperator.ensureColumnScratch;org/weakref/nitro/operator/NitroParquetScanOperator.replaceLongs;org/weakref/nitro/data/PrimitiveArrayPool.borrowLongs;long[]_[i] 4
java/lang/Thread.run;java/lang/Thread.runWith;java/util/concurrent/ThreadPoolExecutor$Worker.run;java/util/concurrent/ThreadPoolExecutor.runWorker;java/util/concurrent/FutureTask.run;java/util/concurrent/Executors$RunnableAdapter.call;java/util/concurrent/FutureTask.run;org/openjdk/jmh/runner/BenchmarkHandler$BenchmarkTask.call;org/openjdk/jmh/runner/BenchmarkHandler$BenchmarkTask.call;java/lang/reflect/Method.invoke;jdk/internal/reflect/DirectMethodHandleAccessor.invoke;jdk/internal/reflect/DirectMethodHandleAccessor.invokeImpl;java/lang/invoke/LambdaForm$MH.0x0000000012061400.invokeExact_MT;java/lang/invoke/LambdaForm$MH.0x0000000012061000.invoke;java/lang/invoke/DirectMethodHandle$Holder.invokeSpecial;org/weakref/nitro/tpcds/jmh_generated/BenchmarkQueries_query88_jmhTest.query88_AverageTime;org/weakref/nitro/tpcds/jmh_generated/BenchmarkQueries_query88_jmhTest.query88_avgt_jmhStub;org/weakref/nitro/tpcds/BenchmarkQueries.query88;org/weakref/nitro/tpcds/BenchmarkQueries.consume;org/weakref/nitro/operator/NestedLoopJoinOperator.next;org/weakref/nitro/operator/NestedLoopJoinOperator.produceBatch;org/weakref/nitro/operator/NestedLoopJoinOperator.loadNextOuterBatch;org/weakref/nitro/operator/NestedLoopJoinOperator.next;org/weakref/nitro/operator/NestedLoopJoinOperator.produceBatch;org/weakref/nitro/operator/NestedLoopJoinOperator.loadNextOuterBatch;org/weakref/nitro/operator/NestedLoopJoinOperator.next;org/weakref/nitro/operator/NestedLoopJoinOperator.produceBatch;org/weakref/nitro/operator/NestedLoopJoinOperator.loadInnerIfNecessary;org/weakref/nitro/operator/BufferedJoinInput.loadAll;org/weakref/nitro/operator/BufferedJoinInput.loadAll;org/weakref/nitro/operator/BufferedJoinInput.captureSchema;org/weakref/nitro/operator/Output.borrow;org/weakref/nitro/operator/AggregationOperator$$Lambda.0x0000000012110000.apply;org/weakref/nitro/operator/AggregationOperator.lambda$resultOutput$0;org/weakref/nitro/operator/AggregationOperator.doAggregationIfNeeded;org/weakref/nitro/operator/HashJoinOperator.next;org/weakref/nitro/operator/HashJoinOperator.produceBatch;org/weakref/nitro/operator/HashJoinOperator.produceOrdinaryBatch;org/weakref/nitro/operator/HashJoinOperator.loadNextOuterBatch;org/weakref/nitro/operator/HashJoinOperator.next;org/weakref/nitro/operator/HashJoinOperator.produceBatch;org/weakref/nitro/operator/HashJoinOperator.produceOrdinaryBatch;org/weakref/nitro/operator/HashJoinOperator.loadNextOuterBatch;org/weakref/nitro/operator/HashJoinOperator.next;org/weakref/nitro/operator/HashJoinOperator.produceBatch;org/weakref/nitro/operator/HashJoinOperator.produceOrdinaryBatch;org/weakref/nitro/operator/HashJoinOperator.loadNextOuterBatch;org/weakref/nitro/operator/NitroParquetScanOperator.hasNext;org/weakref/nitro/operator/NitroParquetScanOperator.ensureWindow;org/weakref/nitro/operator/NitroParquetScanOperator.decodeFilterWindow;org/weakref/nitro/operator/NitroParquetScanOperator.ensureColumnScratch;org/weakref/nitro/operator/NitroParquetScanOperator.replaceBooleans;org/weakref/nitro/data/PrimitiveArrayPool.borrowBooleans;boolean[]_[i] 2
java/lang/Thread.run;java/lang/Thread.runWith;java/util/concurrent/ThreadPoolExecutor$Worker.run;java/util/concurrent/ThreadPoolExecutor.runWorker;java/util/concurrent/FutureTask.run;java/util/concurrent/Executors$RunnableAdapter.call;java/util/concurrent/FutureTask.run;org/openjdk/jmh/runner/BenchmarkHandler$BenchmarkTask.call;org/openjdk/jmh/runner/BenchmarkHandler$BenchmarkTask.call;java/lang/reflect/Method.invoke;jdk/internal/reflect/DirectMethodHandleAccessor.invoke;jdk/internal/reflect/DirectMethodHandleAccessor.invokeImpl;java/lang/invoke/LambdaForm$MH.0x0000000012061400.invokeExact_MT;java/lang/invoke/LambdaForm$MH.0x0000000012061000.invoke;java/lang/invoke/DirectMethodHandle$Holder.invokeSpecial;org/weakref/nitro/tpcds/jmh_generated/BenchmarkQueries_query88_jmhTest.query88_AverageTime;org/weakref/nitro/tpcds/jmh_generated/BenchmarkQueries_query88_jmhTest.query88_avgt_jmhStub;org/weakref/nitro/tpcds/BenchmarkQueries.query88;org/weakref/nitro/tpcds/BenchmarkQueries.consume;org/weakref/nitro/operator/NestedLoopJoinOperator.next;org/weakref/nitro/operator/NestedLoopJoinOperator.produceBatch;org/weakref/nitro/operator/NestedLoopJoinOperator.loadNextOuterBatch;org/weakref/nitro/operator/NestedLoopJoinOperator.next;org/weakref/nitro/operator/NestedLoopJoinOperator.produceBatch;org/weakref/nitro/operator/NestedLoopJoinOperator.loadNextOuterBatch;org/weakref/nitro/operator/NestedLoopJoinOperator.next;org/weakref/nitro/operator/NestedLoopJoinOperator.produceBatch;org/weakref/nitro/operator/NestedLoopJoinOperator.loadNextOuterBatch;org/weakref/nitro/operator/NestedLoopJoinOperator.next;org/weakref/nitro/operator/NestedLoopJoinOperator.produceBatch;org/weakref/nitro/operator/NestedLoopJoinOperator.loadNextOuterBatch;org/weakref/nitro/operator/NestedLoopJoinOperator.next;org/weakref/nitro/operator/NestedLoopJoinOperator.produceBatch;org/weakref/nitro/operator/NestedLoopJoinOperator.loadInnerIfNecessary;org/weakref/nitro/operator/BufferedJoinInput.loadAll;org/weakref/nitro/operator/BufferedJoinInput.loadAll;org/weakref/nitro/operator/BufferedJoinInput.captureSchema;org/weakref/nitro/operator/Output.borrow;org/weakref/nitro/operator/AggregationOperator$$Lambda.0x0000000012110000.apply;org/weakref/nitro/operator/AggregationOperator.lambda$resultOutput$0;org/weakref/nitro/operator/AggregationOperator.doAggregationIfNeeded;org/weakref/nitro/operator/HashJoinOperator.next;org/weakref/nitro/operator/HashJoinOperator.produceBatch;org/weakref/nitro/operator/HashJoinOperator.produceOrdinaryBatch;org/weakref/nitro/operator/HashJoinOperator.loadNextOuterBatch;org/weakref/nitro/operator/HashJoinOperator.next;org/weakref/nitro/operator/HashJoinOperator.produceBatch;org/weakref/nitro/operator/HashJoinOperator.produceOrdinaryBatch;org/weakref/nitro/operator/HashJoinOperator.loadNextOuterBatch;org/weakref/nitro/operator/HashJoinOperator.next;org/weakref/nitro/operator/HashJoinOperator.produceBatch;org/weakref/nitro/operator/HashJoinOperator.produceOrdinaryBatch;org/weakref/nitro/operator/HashJoinOperator.loadNextOuterBatch;org/weakref/nitro/operator/NitroParquetScanOperator.hasNext;org/weakref/nitro/operator/NitroParquetScanOperator.ensureWindow;org/weakref/nitro/operator/NitroParquetScanOperator.decodeFilterWindow;org/weakref/nitro/parquet/ColumnReader.filterDictLongs;org/weakref/nitro/parquet/ColumnReader.acceptByIdLong;org/weakref/nitro/parquet/ColumnReader.replaceBooleans;org/weakref/nitro/data/PrimitiveArrayPool.borrowBooleans;boolean[]_[i] 1
java/lang/Thread.run;java/lang/Thread.runWith;java/util/concurrent/ThreadPoolExecutor$Worker.run;java/util/concurrent/ThreadPoolExecutor.runWorker;java/util/concurrent/FutureTask.run;java/util/concurrent/Executors$RunnableAdapter.call;java/util/concurrent/FutureTask.run;org/openjdk/jmh/runner/BenchmarkHandler$BenchmarkTask.call;org/openjdk/jmh/runner/BenchmarkHandler$BenchmarkTask.call;java/lang/reflect/Method.invoke;jdk/internal/reflect/DirectMethodHandleAccessor.invoke;jdk/internal/reflect/DirectMethodHandleAccessor.invokeImpl;java/lang/invoke/LambdaForm$MH.0x0000000012061400.invokeExact_MT;java/lang/invoke/LambdaForm$MH.0x0000000012061000.invoke;java/lang/invoke/DirectMethodHandle$Holder.invokeSpecial;org/weakref/nitro/tpcds/jmh_generated/BenchmarkQueries_query88_jmhTest.query88_AverageTime;org/weakref/nitro/tpcds/jmh_generated/BenchmarkQueries_query88_jmhTest.query88_avgt_jmhStub;org/weakref/nitro/tpcds/BenchmarkQueries.query88;org/weakref/nitro/tpcds/TpcdsParquetSupport.query88;org/weakref/nitro/tpcds/TpcdsParquetSupport.query88BucketCount;org/weakref/nitro/tpcds/TpcdsParquetSupport.query88Bucket;org/weakref/nitro/tpcds/TpcdsParquetSupport.factScan;org/weakref/nitro/operator/NitroParquetScanOperator.<init>;java/util/stream/ReferencePipeline.toArray;java/util/stream/AbstractPipeline.evaluateToArrayNode;java/util/stream/AbstractPipeline.evaluate;java/util/stream/AbstractPipeline.wrapAndCopyInto;java/util/stream/AbstractPipeline.copyInto;java/util/AbstractList$RandomAccessSpliterator.forEachRemaining;java/util/stream/ReferencePipeline$3$1.accept;org/weakref/nitro/operator/NitroParquetScanOperator$$Lambda.0x0000000012086b58.apply;org/weakref/nitro/parquet/ParquetFile.open;org/weakref/nitro/parquet/ParquetFile.<init>;org/apache/parquet/format/Util.readFileMetaData;org/apache/parquet/format/Util.readFileMetaData;org/apache/parquet/format/Util.read;org/apache/parquet/format/FileMetaData.read;org/apache/parquet/format/FileMetaData$FileMetaDataStandardScheme.read;org/apache/parquet/format/FileMetaData$FileMetaDataStandardScheme.read;org/apache/parquet/format/RowGroup.read;org/apache/parquet/format/RowGroup$RowGroupStandardScheme.read;org/apache/parquet/format/RowGroup$RowGroupStandardScheme.read;org/apache/parquet/format/ColumnChunk.read;org/apache/parquet/format/ColumnChunk$ColumnChunkStandardScheme.read;org/apache/parquet/format/ColumnChunk$ColumnChunkStandardScheme.read;org/apache/parquet/format/ColumnMetaData.read;org/apache/parquet/format/ColumnMetaData$ColumnMetaDataStandardScheme.read;org/apache/parquet/format/ColumnMetaData$ColumnMetaDataStandardScheme.read;java/util/ArrayList.<init>;java.lang.Object[]_[i] 1
java/lang/Thread.run;java/lang/Thread.runWith;java/util/concurrent/ThreadPoolExecutor$Worker.run;java/util/concurrent/ThreadPoolExecutor.runWorker;java/util/concurrent/FutureTask.run;java/util/concurrent/Executors$RunnableAdapter.call;java/util/concurrent/FutureTask.run;org/openjdk/jmh/runner/BenchmarkHandler$BenchmarkTask.call;org/openjdk/jmh/runner/BenchmarkHandler$BenchmarkTask.call;java/lang/reflect/Method.invoke;jdk/internal/reflect/DirectMethodHandleAccessor.invoke;jdk/internal/reflect/DirectMethodHandleAccessor.invokeImpl;java/lang/invoke/LambdaForm$MH.0x0000000012061400.invokeExact_MT;java/lang/invoke/LambdaForm$MH.0x0000000012061000.invoke;java/lang/invoke/DirectMethodHandle$Holder.invokeSpecial;org/weakref/nitro/tpcds/jmh_generated/BenchmarkQueries_query88_jmhTest.query88_AverageTime;org/weakref/nitro/tpcds/jmh_generated/BenchmarkQueries_query88_jmhTest.query88_avgt_jmhStub;org/weakref/nitro/tpcds/BenchmarkQueries.query88;org/weakref/nitro/tpcds/TpcdsParquetSupport.query88;org/weakref/nitro/tpcds/TpcdsParquetSupport.query88BucketCount;org/weakref/nitro/tpcds/TpcdsParquetSupport.query88Bucket;org/weakref/nitro/tpcds/TpcdsParquetSupport.filteredProjectedTable;org/weakref/nitro/tpcds/TpcdsParquetSupport.scannedTable;org/weakref/nitro/tpcds/TpcdsParquetSupport.factScan;org/weakref/nitro/operator/NitroParquetScanOperator.<init>;org.weakref.nitro.operator.DynamicFilter[]_[i] 1
java/lang/Thread.run;java/lang/Thread.runWith;java/util/concurrent/ThreadPoolExecutor$Worker.run;java/util/concurrent/ThreadPoolExecutor.runWorker;java/util/concurrent/FutureTask.run;java/util/concurrent/Executors$RunnableAdapter.call;java/util/concurrent/FutureTask.run;org/openjdk/jmh/runner/BenchmarkHandler$BenchmarkTask.call;org/openjdk/jmh/runner/BenchmarkHandler$BenchmarkTask.call;java/lang/reflect/Method.invoke;jdk/internal/reflect/DirectMethodHandleAccessor.invoke;jdk/internal/reflect/DirectMethodHandleAccessor.invokeImpl;java/lang/invoke/LambdaForm$MH.0x0000000012061400.invokeExact_MT;java/lang/invoke/LambdaForm$MH.0x0000000012061000.invoke;java/lang/invoke/DirectMethodHandle$Holder.invokeSpecial;org/weakref/nitro/tpcds/jmh_generated/BenchmarkQueries_query88_jmhTest.query88_AverageTime;org/weakref/nitro/tpcds/jmh_generated/BenchmarkQueries_query88_jmhTest.query88_avgt_jmhStub;org/weakref/nitro/tpcds/BenchmarkQueries.query88;org/weakref/nitro/tpcds/TpcdsParquetSupport.query88;org/weakref/nitro/tpcds/TpcdsParquetSupport.query88BucketCount;org/weakref/nitro/tpcds/TpcdsParquetSupport.query88Bucket;org/weakref/nitro/operator/HashJoinOperator.<init>;org/weakref/nitro/operator/HashJoinOperator.<init>;it.unimi.dsi.fastutil.longs.LongList[]_[i] 1
java/lang/Thread.run;java/lang/Thread.runWith;java/util/concurrent/ThreadPoolExecutor$Worker.run;java/util/concurrent/ThreadPoolExecutor.runWorker;java/util/concurrent/FutureTask.run;java/util/concurrent/Executors$RunnableAdapter.call;java/util/concurrent/FutureTask.run;org/openjdk/jmh/runner/BenchmarkHandler$BenchmarkTask.call;org/openjdk/jmh/runner/BenchmarkHandler$BenchmarkTask.call;java/lang/reflect/Method.invoke;jdk/internal/reflect/DirectMethodHandleAccessor.invoke;jdk/internal/reflect/DirectMethodHandleAccessor.invokeImpl;java/lang/invoke/LambdaForm$MH.0x0000000012061400.invokeExact_MT;java/lang/invoke/LambdaForm$MH.0x0000000012061000.invoke;java/lang/invoke/DirectMethodHandle$Holder.invokeSpecial;org/weakref/nitro/tpcds/jmh_generated/BenchmarkQueries_query88_jmhTest.query88_AverageTime;org/weakref/nitro/tpcds/jmh_generated/BenchmarkQueries_query88_jmhTest.query88_avgt_jmhStub;org/weakref/nitro/tpcds/BenchmarkQueries.query88;org/weakref/nitro/tpcds/BenchmarkQueries.consume;org/weakref/nitro/operator/NestedLoopJoinOperator.next;org/weakref/nitro/operator/NestedLoopJoinOperator.produceBatch;org/weakref/nitro/operator/NestedLoopJoinOperator.loadNextOuterBatch;org/weakref/nitro/operator/NestedLoopJoinOperator.next;org/weakref/nitro/operator/NestedLoopJoinOperator.produceBatch;org/weakref/nitro/operator/NestedLoopJoinOperator.loadNextOuterBatch;org/weakref/nitro/operator/NestedLoopJoinOperator.next;org/weakref/nitro/operator/NestedLoopJoinOperator.produceBatch;org/weakref/nitro/operator/NestedLoopJoinOperator.loadNextOuterBatch;org/weakref/nitro/operator/NestedLoopJoinOperator.next;org/weakref/nitro/operator/NestedLoopJoinOperator.produceBatch;org/weakref/nitro/operator/NestedLoopJoinOperator.loadNextOuterBatch;org/weakref/nitro/operator/NestedLoopJoinOperator.next;org/weakref/nitro/operator/NestedLoopJoinOperator.produceBatch;org/weakref/nitro/operator/NestedLoopJoinOperator.loadInnerIfNecessary;org/weakref/nitro/operator/BufferedJoinInput.loadAll;org/weakref/nitro/operator/BufferedJoinInput.loadAll;org/weakref/nitro/operator/BufferedJoinInput.captureSchema;org/weakref/nitro/operator/Output.borrow;org/weakref/nitro/operator/AggregationOperator$$Lambda.0x0000000012110000.apply;org/weakref/nitro/operator/AggregationOperator.lambda$resultOutput$0;org/weakref/nitro/operator/AggregationOperator.doAggregationIfNeeded;org/weakref/nitro/operator/HashJoinOperator.next;org/weakref/nitro/operator/HashJoinOperator.produceBatch;org/weakref/nitro/operator/HashJoinOperator.produceOrdinaryBatch;org/weakref/nitro/operator/HashJoinOperator.loadNextOuterBatch;org/weakref/nitro/operator/HashJoinOperator.next;org/weakref/nitro/operator/HashJoinOperator.produceBatch;org/weakref/nitro/operator/HashJoinOperator.produceOrdinaryBatch;org/weakref/nitro/operator/HashJoinOperator.loadNextOuterBatch;org/weakref/nitro/operator/HashJoinOperator.next;org/weakref/nitro/operator/HashJoinOperator.produceBatch;org/weakref/nitro/operator/HashJoinOperator.produceOrdinaryBatch;org/weakref/nitro/operator/HashJoinOperator.loadNextOuterBatch;org/weakref/nitro/operator/NitroParquetScanOperator.hasNext;org/weakref/nitro/operator/NitroParquetScanOperator.ensureWindow;org/weakref/nitro/operator/NitroParquetScanOperator.decodeFilterWindow;org/weakref/nitro/operator/NitroParquetScanOperator.ensureColumnScratch;org/weakref/nitro/operator/NitroParquetScanOperator.replaceBooleans;org/weakref/nitro/data/PrimitiveArrayPool.borrowBooleans;boolean[]_[i] 2
java/lang/Thread.run;java/lang/Thread.runWith;java/util/concurrent/ThreadPoolExecutor$Worker.run;java/util/concurrent/ThreadPoolExecutor.runWorker;java/util/concurrent/FutureTask.run;java/util/concurrent/Executors$RunnableAdapter.call;java/util/concurrent/FutureTask.run;org/openjdk/jmh/runner/BenchmarkHandler$BenchmarkTask.call;org/openjdk/jmh/runner/BenchmarkHandler$BenchmarkTask.call;java/lang/reflect/Method.invoke;jdk/internal/reflect/DirectMethodHandleAccessor.invoke;jdk/internal/reflect/DirectMethodHandleAccessor.invokeImpl;java/lang/invoke/LambdaForm$MH.0x0000000012061400.invokeExact_MT;java/lang/invoke/LambdaForm$MH.0x0000000012061000.invoke;java/lang/invoke/DirectMethodHandle$Holder.invokeSpecial;org/weakref/nitro/tpcds/jmh_generated/BenchmarkQueries_query88_jmhTest.query88_AverageTime;org/weakref/nitro/tpcds/jmh_generated/BenchmarkQueries_query88_jmhTest.query88_avgt_jmhStub;org/weakref/nitro/tpcds/BenchmarkQueries.query88;org/weakref/nitro/tpcds/BenchmarkQueries.consume;org/weakref/nitro/operator/NestedLoopJoinOperator.next;org/weakref/nitro/operator/NestedLoopJoinOperator.produceBatch;org/weakref/nitro/operator/NestedLoopJoinOperator.loadNextOuterBatch;org/weakref/nitro/operator/NestedLoopJoinOperator.next;org/weakref/nitro/operator/NestedLoopJoinOperator.produceBatch;org/weakref/nitro/operator/NestedLoopJoinOperator.loadNextOuterBatch;org/weakref/nitro/operator/NestedLoopJoinOperator.next;org/weakref/nitro/operator/NestedLoopJoinOperator.produceBatch;org/weakref/nitro/operator/NestedLoopJoinOperator.loadNextOuterBatch;org/weakref/nitro/operator/NestedLoopJoinOperator.next;org/weakref/nitro/operator/NestedLoopJoinOperator.produceBatch;org/weakref/nitro/operator/NestedLoopJoinOperator.loadNextOuterBatch;org/weakref/nitro/operator/NestedLoopJoinOperator.next;org/weakref/nitro/operator/NestedLoopJoinOperator.produceBatch;org/weakref/nitro/operator/NestedLoopJoinOperator.loadNextOuterBatch;org/weakref/nitro/operator/NestedLoopJoinOperator.next;org/weakref/nitro/operator/NestedLoopJoinOperator.produceBatch;org/weakref/nitro/operator/NestedLoopJoinOperator.loadNextOuterBatch;org/weakref/nitro/operator/NestedLoopJoinOperator.next;org/weakref/nitro/operator/NestedLoopJoinOperator.produceBatch;org/weakref/nitro/operator/NestedLoopJoinOperator.joinWithInnerRow;org/weakref/nitro/operator/JoinOutputBuffer.joinWithInnerRow;org/weakref/nitro/operator/JoinBufferSupport.borrowStreams;org/weakref/nitro/operator/Output.borrow;org/weakref/nitro/operator/AggregationOperator$$Lambda.0x0000000012110000.apply;org/weakref/nitro/operator/AggregationOperator.lambda$resultOutput$0;org/weakref/nitro/operator/AggregationOperator.doAggregationIfNeeded;org/weakref/nitro/operator/HashJoinOperator.next;org/weakref/nitro/operator/HashJoinOperator.produceBatch;org/weakref/nitro/operator/HashJoinOperator.produceOrdinaryBatch;org/weakref/nitro/operator/HashJoinOperator.loadNextOuterBatch;org/weakref/nitro/operator/HashJoinOperator.next;org/weakref/nitro/operator/HashJoinOperator.produceBatch;org/weakref/nitro/operator/HashJoinOperator.produceOrdinaryBatch;org/weakref/nitro/operator/HashJoinOperator.loadNextOuterBatch;org/weakref/nitro/operator/HashJoinOperator.next;org/weakref/nitro/operator/HashJoinOperator.produceBatch;org/weakref/nitro/operator/HashJoinOperator.produceOrdinaryBatch;org/weakref/nitro/operator/HashJoinOperator.loadNextOuterBatch;org/weakref/nitro/operator/NitroParquetScanOperator.hasNext;org/weakref/nitro/operator/NitroParquetScanOperator.ensureWindow;org/weakref/nitro/operator/NitroParquetScanOperator.decodeFilterWindow;org/weakref/nitro/parquet/ColumnReader.filterDictLongs;org/weakref/nitro/parquet/ColumnReader.decodeNextDataPage;org/weakref/nitro/parquet/ColumnReader.decodeDictionary;org/weakref/nitro/parquet/ColumnReader.replaceLongs;org/weakref/nitro/data/PrimitiveArrayPool.borrowLongs;long[]_[i] 1
java/lang/Thread.run;java/lang/Thread.runWith;java/util/concurrent/ThreadPoolExecutor$Worker.run;java/util/concurrent/ThreadPoolExecutor.runWorker;java/util/concurrent/FutureTask.run;java/util/concurrent/Executors$RunnableAdapter.call;java/util/concurrent/FutureTask.run;org/openjdk/jmh/runner/BenchmarkHandler$BenchmarkTask.call;org/openjdk/jmh/runner/BenchmarkHandler$BenchmarkTask.call;java/lang/reflect/Method.invoke;jdk/internal/reflect/DirectMethodHandleAccessor.invoke;jdk/internal/reflect/DirectMethodHandleAccessor.invokeImpl;java/lang/invoke/LambdaForm$MH.0x0000000012061400.invokeExact_MT;java/lang/invoke/LambdaForm$MH.0x0000000012061000.invoke;java/lang/invoke/DirectMethodHandle$Holder.invokeSpecial;org/weakref/nitro/tpcds/jmh_generated/BenchmarkQueries_query88_jmhTest.query88_AverageTime;org/weakref/nitro/tpcds/jmh_generated/BenchmarkQueries_query88_jmhTest.query88_avgt_jmhStub;org/weakref/nitro/tpcds/BenchmarkQueries.query88;org/weakref/nitro/tpcds/BenchmarkQueries.consume;org/weakref/nitro/operator/NestedLoopJoinOperator.next;org/weakref/nitro/operator/NestedLoopJoinOperator.produceBatch;org/weakref/nitro/operator/NestedLoopJoinOperator.loadNextOuterBatch;org/weakref/nitro/operator/NestedLoopJoinOperator.next;org/weakref/nitro/operator/NestedLoopJoinOperator.produceBatch;org/weakref/nitro/operator/NestedLoopJoinOperator.loadNextOuterBatch;org/weakref/nitro/operator/NestedLoopJoinOperator.next;org/weakref/nitro/operator/NestedLoopJoinOperator.produceBatch;org/weakref/nitro/operator/NestedLoopJoinOperator.loadNextOuterBatch;org/weakref/nitro/operator/NestedLoopJoinOperator.next;org/weakref/nitro/operator/NestedLoopJoinOperator.produceBatch;org/weakref/nitro/operator/NestedLoopJoinOperator.loadNextOuterBatch;org/weakref/nitro/operator/NestedLoopJoinOperator.next;org/weakref/nitro/operator/NestedLoopJoinOperator.produceBatch;org/weakref/nitro/operator/NestedLoopJoinOperator.loadNextOuterBatch;org/weakref/nitro/operator/NestedLoopJoinOperator.next;org/weakref/nitro/operator/NestedLoopJoinOperator.produceBatch;org/weakref/nitro/operator/NestedLoopJoinOperator.loadNextOuterBatch;org/weakref/nitro/operator/NestedLoopJoinOperator.next;org/weakref/nitro/operator/NestedLoopJoinOperator.produceBatch;org/weakref/nitro/operator/NestedLoopJoinOperator.joinWithInnerRow;org/weakref/nitro/operator/JoinOutputBuffer.joinWithInnerRow;org/weakref/nitro/operator/JoinBufferSupport.borrowStreams;org/weakref/nitro/operator/Output.borrow;org/weakref/nitro/operator/AggregationOperator$$Lambda.0x0000000012110000.apply;org/weakref/nitro/operator/AggregationOperator.lambda$resultOutput$0;org/weakref/nitro/operator/AggregationOperator.doAggregationIfNeeded;org/weakref/nitro/operator/HashJoinOperator.next;org/weakref/nitro/operator/HashJoinOperator.produceBatch;org/weakref/nitro/operator/HashJoinOperator.produceOrdinaryBatch;org/weakref/nitro/operator/HashJoinOperator.loadNextOuterBatch;org/weakref/nitro/operator/HashJoinOperator.next;org/weakref/nitro/operator/HashJoinOperator.produceBatch;org/weakref/nitro/operator/HashJoinOperator.produceOrdinaryBatch;org/weakref/nitro/operator/HashJoinOperator.loadNextOuterBatch;org/weakref/nitro/operator/HashJoinOperator.next;org/weakref/nitro/operator/HashJoinOperator.produceBatch;org/weakref/nitro/operator/HashJoinOperator.loadInnerIfNecessary;org/weakref/nitro/operator/HashJoinOperator.loadStreamingInner;org/weakref/nitro/operator/FilterOperator.next;org/weakref/nitro/operator/evaluator/PlanEvaluator.evaluateInPlace;org/weakref/nitro/operator/evaluator/PlanEvaluator.evaluateTrueMaskInPlace;org/weakref/nitro/operator/evaluator/PlanEvaluator.evaluateTrueMaskInPlace;org/weakref/nitro/operator/evaluator/PlanEvaluator.evaluateAdaptiveAndTrueMaskInPlace;org/weakref/nitro/operator/evaluator/PlanEvaluator.evaluateMeasuredTrueMaskInPlace;org/weakref/nitro/operator/evaluator/PlanEvaluator.evaluateTrueMaskInPlace;org/weakref/nitro/operator/evaluator/PlanEvaluator.tryEvaluatePrimitiveTrueMaskInPlace;org/weakref/nitro/operator/evaluator/PlanEvaluator.tryEvaluatePrimitiveMaskInPlace;org/weakref/nitro/operator/evaluator/PlanEvaluator.resolveMaskPrimitiveInvocation;org/weakref/nitro/operator/evaluator/PlanEvaluator.evaluateArgument;org/weakref/nitro/operator/FilterOperator$1.resolve;org/weakref/nitro/operator/Output.borrowOrNull;org/weakref/nitro/operator/Output.borrow;org/weakref/nitro/operator/Output.borrow;org/weakref/nitro/operator/NitroParquetScanOperator$ScanOutputResolver$$Lambda.0x00000000120bc200.apply;org/weakref/nitro/operator/NitroParquetScanOperator$ScanOutputResolver.resolve;org/weakref/nitro/operator/NitroParquetScanOperator.resolveLazyColumn;org/weakref/nitro/operator/NitroParquetScanOperator.drainPendingAdvance;org/weakref/nitro/parquet/ColumnReader.skip;org/weakref/nitro/parquet/ColumnReader.decodeDataPageV1;org/weakref/nitro/parquet/ColumnReader.ensurePageCapacity;org/weakref/nitro/parquet/ColumnReader.ensurePageValueCapacity;org/weakref/nitro/parquet/ColumnReader.replaceInts;org/weakref/nitro/data/PrimitiveArrayPool.borrowInts;int[]_[i] 1
java/lang/Thread.run;java/lang/Thread.runWith;java/util/concurrent/ThreadPoolExecutor$Worker.run;java/util/concurrent/ThreadPoolExecutor.runWorker;java/util/concurrent/FutureTask.run;java/util/concurrent/Executors$RunnableAdapter.call;java/util/concurrent/FutureTask.run;org/openjdk/jmh/runner/BenchmarkHandler$BenchmarkTask.call;org/openjdk/jmh/runner/BenchmarkHandler$BenchmarkTask.call;java/lang/reflect/Method.invoke;jdk/internal/reflect/DirectMethodHandleAccessor.invoke;jdk/internal/reflect/DirectMethodHandleAccessor.invokeImpl;java/lang/invoke/LambdaForm$MH.0x0000000012061400.invokeExact_MT;java/lang/invoke/LambdaForm$MH.0x0000000012061000.invoke;java/lang/invoke/DirectMethodHandle$Holder.invokeSpecial;org/weakref/nitro/tpcds/jmh_generated/BenchmarkQueries_query88_jmhTest.query88_AverageTime;org/weakref/nitro/tpcds/jmh_generated/BenchmarkQueries_query88_jmhTest.query88_avgt_jmhStub;org/weakref/nitro/tpcds/BenchmarkQueries.query88;org/weakref/nitro/tpcds/BenchmarkQueries.consume;org/weakref/nitro/operator/NestedLoopJoinOperator.next;org/weakref/nitro/operator/NestedLoopJoinOperator.produceBatch;org/weakref/nitro/operator/NestedLoopJoinOperator.loadNextOuterBatch;org/weakref/nitro/operator/NestedLoopJoinOperator.next;org/weakref/nitro/operator/NestedLoopJoinOperator.produceBatch;org/weakref/nitro/operator/NestedLoopJoinOperator.loadInnerIfNecessary;org/weakref/nitro/operator/BufferedJoinInput.loadAll;org/weakref/nitro/operator/BufferedJoinInput.loadAll;org/weakref/nitro/operator/BufferedJoinInput.captureSchema;org/weakref/nitro/operator/Output.borrow;org/weakref/nitro/operator/AggregationOperator$$Lambda.0x0000000012110000.apply;org/weakref/nitro/operator/AggregationOperator.lambda$resultOutput$0;org/weakref/nitro/operator/AggregationOperator.doAggregationIfNeeded;org/weakref/nitro/operator/HashJoinOperator.next;org/weakref/nitro/operator/HashJoinOperator.produceBatch;org/weakref/nitro/operator/HashJoinOperator.produceOrdinaryBatch;org/weakref/nitro/operator/HashJoinOperator.loadNextOuterBatch;org/weakref/nitro/operator/HashJoinOperator.next;org/weakref/nitro/operator/HashJoinOperator.produceBatch;org/weakref/nitro/operator/HashJoinOperator.produceOrdinaryBatch;org/weakref/nitro/operator/HashJoinOperator.loadNextOuterBatch;org/weakref/nitro/operator/HashJoinOperator.next;org/weakref/nitro/operator/HashJoinOperator.produceBatch;org/weakref/nitro/operator/HashJoinOperator.produceOrdinaryBatch;org/weakref/nitro/operator/HashJoinOperator.loadNextOuterBatch;org/weakref/nitro/operator/NitroParquetScanOperator.hasNext;org/weakref/nitro/operator/NitroParquetScanOperator.ensureWindow;org/weakref/nitro/operator/NitroParquetScanOperator.decodeFilterWindow;org/weakref/nitro/operator/NitroParquetScanOperator.ensureScratch;org/weakref/nitro/operator/NitroParquetScanOperator.replaceInts;org/weakref/nitro/data/PrimitiveArrayPool.borrowInts;int[]_[i] 2
java/lang/Thread.run;java/lang/Thread.runWith;java/util/concurrent/ThreadPoolExecutor$Worker.run;java/util/concurrent/ThreadPoolExecutor.runWorker;java/util/concurrent/FutureTask.run;java/util/concurrent/Executors$RunnableAdapter.call;java/util/concurrent/FutureTask.run;org/openjdk/jmh/runner/BenchmarkHandler$BenchmarkTask.call;org/openjdk/jmh/runner/BenchmarkHandler$BenchmarkTask.call;java/lang/reflect/Method.invoke;jdk/internal/reflect/DirectMethodHandleAccessor.invoke;jdk/internal/reflect/DirectMethodHandleAccessor.invokeImpl;java/lang/invoke/LambdaForm$MH.0x0000000012061400.invokeExact_MT;java/lang/invoke/LambdaForm$MH.0x0000000012061000.invoke;java/lang/invoke/DirectMethodHandle$Holder.invokeSpecial;org/weakref/nitro/tpcds/jmh_generated/BenchmarkQueries_query88_jmhTest.query88_AverageTime;org/weakref/nitro/tpcds/jmh_generated/BenchmarkQueries_query88_jmhTest.query88_avgt_jmhStub;org/weakref/nitro/tpcds/BenchmarkQueries.query88;org/weakref/nitro/tpcds/TpcdsParquetSupport.query88;org/weakref/nitro/tpcds/TpcdsParquetSupport.query88BucketCount;org/weakref/nitro/tpcds/TpcdsParquetSupport.query88Bucket;org/weakref/nitro/operator/HashJoinOperator.<init>;org/weakref/nitro/operator/HashJoinOperator.<init>;org/weakref/nitro/operator/HashJoinOperator$JoinScratch.<init>;int[]_[i] 1
java/lang/Thread.run;java/lang/Thread.runWith;java/util/concurrent/ThreadPoolExecutor$Worker.run;java/util/concurrent/ThreadPoolExecutor.runWorker;java/util/concurrent/FutureTask.run;java/util/concurrent/Executors$RunnableAdapter.call;java/util/concurrent/FutureTask.run;org/openjdk/jmh/runner/BenchmarkHandler$BenchmarkTask.call;org/openjdk/jmh/runner/BenchmarkHandler$BenchmarkTask.call;java/lang/reflect/Method.invoke;jdk/internal/reflect/DirectMethodHandleAccessor.invoke;jdk/internal/reflect/DirectMethodHandleAccessor.invokeImpl;java/lang/invoke/LambdaForm$MH.0x0000000012061400.invokeExact_MT;java/lang/invoke/LambdaForm$MH.0x0000000012061000.invoke;java/lang/invoke/DirectMethodHandle$Holder.invokeSpecial;org/weakref/nitro/tpcds/jmh_generated/BenchmarkQueries_query88_jmhTest.query88_AverageTime;org/weakref/nitro/tpcds/jmh_generated/BenchmarkQueries_query88_jmhTest.query88_avgt_jmhStub;org/weakref/nitro/tpcds/BenchmarkQueries.query88;org/weakref/nitro/tpcds/BenchmarkQueries.consume;org/weakref/nitro/operator/NestedLoopJoinOperator.next;org/weakref/nitro/operator/NestedLoopJoinOperator.produceBatch;org/weakref/nitro/operator/NestedLoopJoinOperator.loadNextOuterBatch;org/weakref/nitro/operator/NestedLoopJoinOperator.next;org/weakref/nitro/operator/NestedLoopJoinOperator.produceBatch;org/weakref/nitro/operator/NestedLoopJoinOperator.loadNextOuterBatch;org/weakref/nitro/operator/NestedLoopJoinOperator.next;org/weakref/nitro/operator/NestedLoopJoinOperator.produceBatch;org/weakref/nitro/operator/NestedLoopJoinOperator.loadNextOuterBatch;org/weakref/nitro/operator/NestedLoopJoinOperator.next;org/weakref/nitro/operator/NestedLoopJoinOperator.produceBatch;org/weakref/nitro/operator/NestedLoopJoinOperator.loadInnerIfNecessary;org/weakref/nitro/operator/BufferedJoinInput.loadAll;org/weakref/nitro/operator/BufferedJoinInput.loadAll;org/weakref/nitro/operator/BufferedJoinInput.captureSchema;org/weakref/nitro/operator/Output.borrow;org/weakref/nitro/operator/AggregationOperator$$Lambda.0x0000000012110000.apply;org/weakref/nitro/operator/AggregationOperator.lambda$resultOutput$0;org/weakref/nitro/operator/AggregationOperator.doAggregationIfNeeded;org/weakref/nitro/operator/HashJoinOperator.next;org/weakref/nitro/operator/HashJoinOperator.produceBatch;org/weakref/nitro/operator/HashJoinOperator.produceOrdinaryBatch;org/weakref/nitro/operator/HashJoinOperator.loadNextOuterBatch;org/weakref/nitro/operator/HashJoinOperator.next;org/weakref/nitro/operator/HashJoinOperator.produceBatch;org/weakref/nitro/operator/HashJoinOperator.produceOrdinaryBatch;org/weakref/nitro/operator/HashJoinOperator.loadNextOuterBatch;org/weakref/nitro/operator/HashJoinOperator.next;org/weakref/nitro/operator/HashJoinOperator.produceBatch;org/weakref/nitro/operator/HashJoinOperator.produceOrdinaryBatch;org/weakref/nitro/operator/HashJoinOperator.loadNextOuterBatch;org/weakref/nitro/operator/NitroParquetScanOperator.hasNext;org/weakref/nitro/operator/NitroParquetScanOperator.ensureWindow;org/weakref/nitro/operator/NitroParquetScanOperator.decodeFilterWindow;org/weakref/nitro/operator/NitroParquetScanOperator.ensureColumnScratch;org/weakref/nitro/operator/NitroParquetScanOperator.replaceBooleans;org/weakref/nitro/data/PrimitiveArrayPool.borrowBooleans;boolean[]_[i] 2
java/lang/Thread.run;java/lang/Thread.runWith;java/util/concurrent/ThreadPoolExecutor$Worker.run;java/util/concurrent/ThreadPoolExecutor.runWorker;java/util/concurrent/FutureTask.run;java/util/concurrent/Executors$RunnableAdapter.call;java/util/concurrent/FutureTask.run;org/openjdk/jmh/runner/BenchmarkHandler$BenchmarkTask.call;org/openjdk/jmh/runner/BenchmarkHandler$BenchmarkTask.call;java/lang/reflect/Method.invoke;jdk/internal/reflect/DirectMethodHandleAccessor.invoke;jdk/internal/reflect/DirectMethodHandleAccessor.invokeImpl;java/lang/invoke/LambdaForm$MH.0x0000000012061400.invokeExact_MT;java/lang/invoke/LambdaForm$MH.0x0000000012061000.invoke;java/lang/invoke/DirectMethodHandle$Holder.invokeSpecial;org/weakref/nitro/tpcds/jmh_generated/BenchmarkQueries_query88_jmhTest.query88_AverageTime;org/weakref/nitro/tpcds/jmh_generated/BenchmarkQueries_query88_jmhTest.query88_avgt_jmhStub;org/weakref/nitro/tpcds/BenchmarkQueries.query88;org/weakref/nitro/tpcds/BenchmarkQueries.consume;org/weakref/nitro/operator/NestedLoopJoinOperator.next;org/weakref/nitro/operator/NestedLoopJoinOperator.produceBatch;org/weakref/nitro/operator/NestedLoopJoinOperator.loadNextOuterBatch;org/weakref/nitro/operator/NestedLoopJoinOperator.next;org/weakref/nitro/operator/NestedLoopJoinOperator.produceBatch;org/weakref/nitro/operator/NestedLoopJoinOperator.loadNextOuterBatch;org/weakref/nitro/operator/NestedLoopJoinOperator.next;org/weakref/nitro/operator/NestedLoopJoinOperator.produceBatch;org/weakref/nitro/operator/NestedLoopJoinOperator.loadNextOuterBatch;org/weakref/nitro/operator/NestedLoopJoinOperator.next;org/weakref/nitro/operator/NestedLoopJoinOperator.produceBatch;org/weakref/nitro/operator/NestedLoopJoinOperator.loadInnerIfNecessary;org/weakref/nitro/operator/BufferedJoinInput.loadAll;org/weakref/nitro/operator/BufferedJoinInput.loadAll;org/weakref/nitro/operator/BufferedJoinInput.captureSchema;org/weakref/nitro/operator/Output.borrow;org/weakref/nitro/operator/AggregationOperator$$Lambda.0x0000000012110000.apply;org/weakref/nitro/operator/AggregationOperator.lambda$resultOutput$0;org/weakref/nitro/operator/AggregationOperator.doAggregationIfNeeded;org/weakref/nitro/operator/HashJoinOperator.next;org/weakref/nitro/operator/HashJoinOperator.produceBatch;org/weakref/nitro/operator/HashJoinOperator.produceOrdinaryBatch;org/weakref/nitro/operator/HashJoinOperator.loadNextOuterBatch;org/weakref/nitro/operator/HashJoinOperator.next;org/weakref/nitro/operator/HashJoinOperator.produceBatch;org/weakref/nitro/operator/HashJoinOperator.produceOrdinaryBatch;org/weakref/nitro/operator/HashJoinOperator.loadNextOuterBatch;org/weakref/nitro/operator/HashJoinOperator.next;org/weakref/nitro/operator/HashJoinOperator.produceBatch;org/weakref/nitro/operator/HashJoinOperator.produceOrdinaryBatch;org/weakref/nitro/operator/HashJoinOperator.loadNextOuterBatch;org/weakref/nitro/operator/NitroParquetScanOperator.hasNext;org/weakref/nitro/operator/NitroParquetScanOperator.ensureWindow;org/weakref/nitro/operator/NitroParquetScanOperator.decodeFilterWindow;org/weakref/nitro/parquet/ColumnReader.filterDictLongs;org/weakref/nitro/parquet/ColumnReader.decodeNextDataPage;org/weakref/nitro/parquet/ColumnReader.decodeDictionary;org/weakref/nitro/parquet/ColumnReader.replaceLongs;org/weakref/nitro/data/PrimitiveArrayPool.borrowLongs;long[]_[i] 1
java/lang/Thread.run;java/lang/Thread.runWith;java/util/concurrent/ThreadPoolExecutor$Worker.run;java/util/concurrent/ThreadPoolExecutor.runWorker;java/util/concurrent/FutureTask.run;java/util/concurrent/Executors$RunnableAdapter.call;java/util/concurrent/FutureTask.run;org/openjdk/jmh/runner/BenchmarkHandler$BenchmarkTask.call;org/openjdk/jmh/runner/BenchmarkHandler$BenchmarkTask.call;java/lang/reflect/Method.invoke;jdk/internal/reflect/DirectMethodHandleAccessor.invoke;jdk/internal/reflect/DirectMethodHandleAccessor.invokeImpl;java/lang/invoke/LambdaForm$MH.0x0000000012061400.invokeExact_MT;java/lang/invoke/LambdaForm$MH.0x0000000012061000.invoke;java/lang/invoke/DirectMethodHandle$Holder.invokeSpecial;org/weakref/nitro/tpcds/jmh_generated/BenchmarkQueries_query88_jmhTest.query88_AverageTime;org/weakref/nitro/tpcds/jmh_generated/BenchmarkQueries_query88_jmhTest.query88_avgt_jmhStub;org/weakref/nitro/tpcds/BenchmarkQueries.query88;org/weakref/nitro/tpcds/BenchmarkQueries.consume;org/weakref/nitro/operator/NestedLoopJoinOperator.next;org/weakref/nitro/operator/NestedLoopJoinOperator.produceBatch;org/weakref/nitro/operator/NestedLoopJoinOperator.loadNextOuterBatch;org/weakref/nitro/operator/NestedLoopJoinOperator.next;org/weakref/nitro/operator/NestedLoopJoinOperator.produceBatch;org/weakref/nitro/operator/NestedLoopJoinOperator.loadNextOuterBatch;org/weakref/nitro/operator/NestedLoopJoinOperator.next;org/weakref/nitro/operator/NestedLoopJoinOperator.produceBatch;org/weakref/nitro/operator/NestedLoopJoinOperator.loadNextOuterBatch;org/weakref/nitro/operator/NestedLoopJoinOperator.next;org/weakref/nitro/operator/NestedLoopJoinOperator.produceBatch;org/weakref/nitro/operator/NestedLoopJoinOperator.loadNextOuterBatch;org/weakref/nitro/operator/NestedLoopJoinOperator.next;org/weakref/nitro/operator/NestedLoopJoinOperator.produceBatch;org/weakref/nitro/operator/NestedLoopJoinOperator.loadNextOuterBatch;org/weakref/nitro/operator/NestedLoopJoinOperator.next;org/weakref/nitro/operator/NestedLoopJoinOperator.produceBatch;org/weakref/nitro/operator/NestedLoopJoinOperator.loadNextOuterBatch;org/weakref/nitro/operator/NestedLoopJoinOperator.next;org/weakref/nitro/operator/NestedLoopJoinOperator.produceBatch;org/weakref/nitro/operator/NestedLoopJoinOperator.joinWithInnerRow;org/weakref/nitro/operator/JoinOutputBuffer.joinWithInnerRow;org/weakref/nitro/operator/JoinBufferSupport.borrowStreams;org/weakref/nitro/operator/Output.borrow;org/weakref/nitro/operator/AggregationOperator$$Lambda.0x0000000012110000.apply;org/weakref/nitro/operator/AggregationOperator.lambda$resultOutput$0;org/weakref/nitro/operator/AggregationOperator.doAggregationIfNeeded;org/weakref/nitro/operator/HashJoinOperator.next;org/weakref/nitro/operator/HashJoinOperator.produceBatch;org/weakref/nitro/operator/HashJoinOperator.produceOrdinaryBatch;org/weakref/nitro/operator/HashJoinOperator.loadNextOuterBatch;org/weakref/nitro/operator/HashJoinOperator.next;org/weakref/nitro/operator/HashJoinOperator.produceBatch;org/weakref/nitro/operator/HashJoinOperator.produceOrdinaryBatch;org/weakref/nitro/operator/HashJoinOperator.loadNextOuterBatch;org/weakref/nitro/operator/HashJoinOperator.next;org/weakref/nitro/operator/HashJoinOperator.produceBatch;org/weakref/nitro/operator/HashJoinOperator.produceOrdinaryBatch;org/weakref/nitro/operator/HashJoinOperator.loadNextOuterBatch;org/weakref/nitro/operator/NitroParquetScanOperator.hasNext;org/weakref/nitro/operator/NitroParquetScanOperator.ensureWindow;org/weakref/nitro/operator/NitroParquetScanOperator.decodeFilterWindow;org/weakref/nitro/operator/NitroParquetScanOperator.readColumnInto;org/weakref/nitro/operator/NitroParquetScanOperator.ensureColumnScratch;org/weakref/nitro/operator/NitroParquetScanOperator.replaceBooleans;org/weakref/nitro/data/PrimitiveArrayPool.borrowBooleans;boolean[]_[i] 1
java/lang/Thread.run;java/lang/Thread.runWith;java/util/concurrent/ThreadPoolExecutor$Worker.run;java/util/concurrent/ThreadPoolExecutor.runWorker;java/util/concurrent/FutureTask.run;java/util/concurrent/Executors$RunnableAdapter.call;java/util/concurrent/FutureTask.run;org/openjdk/jmh/runner/BenchmarkHandler$BenchmarkTask.call;org/openjdk/jmh/runner/BenchmarkHandler$BenchmarkTask.call;java/lang/reflect/Method.invoke;jdk/internal/reflect/DirectMethodHandleAccessor.invoke;jdk/internal/reflect/DirectMethodHandleAccessor.invokeImpl;java/lang/invoke/LambdaForm$MH.0x0000000012061400.invokeExact_MT;java/lang/invoke/LambdaForm$MH.0x0000000012061000.invoke;java/lang/invoke/DirectMethodHandle$Holder.invokeSpecial;org/weakref/nitro/tpcds/jmh_generated/BenchmarkQueries_query88_jmhTest.query88_AverageTime;org/weakref/nitro/tpcds/jmh_generated/BenchmarkQueries_query88_jmhTest.query88_avgt_jmhStub;org/weakref/nitro/tpcds/BenchmarkQueries.query88;org/weakref/nitro/tpcds/TpcdsParquetSupport.query88;org/weakref/nitro/tpcds/TpcdsParquetSupport.query88BucketCount;org/weakref/nitro/tpcds/TpcdsParquetSupport.query88Bucket;org/weakref/nitro/tpcds/TpcdsParquetSupport.factScan;org/weakref/nitro/operator/NitroParquetScanOperator.<init>;java/util/stream/ReferencePipeline.toArray;java/util/stream/AbstractPipeline.evaluateToArrayNode;java/util/stream/AbstractPipeline.evaluate;java/util/stream/AbstractPipeline.wrapAndCopyInto;java/util/stream/AbstractPipeline.copyInto;java/util/AbstractList$RandomAccessSpliterator.forEachRemaining;java/util/stream/ReferencePipeline$3$1.accept;org/weakref/nitro/operator/NitroParquetScanOperator$$Lambda.0x0000000012086b58.apply;org/weakref/nitro/parquet/ParquetFile.open;org/weakref/nitro/parquet/ParquetFile.<init>;org/apache/parquet/format/Util.readFileMetaData;org/apache/parquet/format/Util.readFileMetaData;org/apache/parquet/format/Util.read;org/apache/parquet/format/FileMetaData.read;org/apache/parquet/format/FileMetaData$FileMetaDataStandardScheme.read;org/apache/parquet/format/FileMetaData$FileMetaDataStandardScheme.read;org/apache/parquet/format/RowGroup.read;org/apache/parquet/format/RowGroup$RowGroupStandardScheme.read;org/apache/parquet/format/RowGroup$RowGroupStandardScheme.read;org/apache/parquet/format/ColumnChunk.read;org/apache/parquet/format/ColumnChunk$ColumnChunkStandardScheme.read;org/apache/parquet/format/ColumnChunk$ColumnChunkStandardScheme.read;org/apache/parquet/format/ColumnMetaData.read;org/apache/parquet/format/ColumnMetaData$ColumnMetaDataStandardScheme.read;org/apache/parquet/format/ColumnMetaData$ColumnMetaDataStandardScheme.read;org/apache/parquet/format/InterningProtocol.readListBegin;shaded/parquet/org/apache/thrift/protocol/TCompactProtocol.readListBegin;shaded.parquet.org.apache.thrift.protocol.TList_[i] 1
java/lang/Thread.run;java/lang/Thread.runWith;java/util/concurrent/ThreadPoolExecutor$Worker.run;java/util/concurrent/ThreadPoolExecutor.runWorker;java/util/concurrent/FutureTask.run;java/util/concurrent/Executors$RunnableAdapter.call;java/util/concurrent/FutureTask.run;org/openjdk/jmh/runner/BenchmarkHandler$BenchmarkTask.call;org/openjdk/jmh/runner/BenchmarkHandler$BenchmarkTask.call;java/lang/reflect/Method.invoke;jdk/internal/reflect/DirectMethodHandleAccessor.invoke;jdk/internal/reflect/DirectMethodHandleAccessor.invokeImpl;java/lang/invoke/LambdaForm$MH.0x0000000012061400.invokeExact_MT;java/lang/invoke/LambdaForm$MH.0x0000000012061000.invoke;java/lang/invoke/DirectMethodHandle$Holder.invokeSpecial;org/weakref/nitro/tpcds/jmh_generated/BenchmarkQueries_query88_jmhTest.query88_AverageTime;org/weakref/nitro/tpcds/jmh_generated/BenchmarkQueries_query88_jmhTest.query88_avgt_jmhStub;org/weakref/nitro/tpcds/BenchmarkQueries.query88;org/weakref/nitro/tpcds/BenchmarkQueries.consume;org/weakref/nitro/operator/NestedLoopJoinOperator.next;org/weakref/nitro/operator/NestedLoopJoinOperator.produceBatch;org/weakref/nitro/operator/NestedLoopJoinOperator.loadInnerIfNecessary;org/weakref/nitro/operator/BufferedJoinInput.loadAll;org/weakref/nitro/operator/BufferedJoinInput.loadAll;org/weakref/nitro/operator/JoinBufferSupport.copyAndCompact;org/weakref/nitro/operator/JoinBufferSupport.copyVectorPositions;org/weakref/nitro/operator/JoinBufferSupport.copyLongPositions;org/weakref/nitro/operator/JoinBufferSupport.ensureLongCapacity;org/weakref/nitro/data/Allocator.allocate;org/weakref/nitro/data/Allocator.allocatePooled;org/weakref/nitro/data/Allocator$$Lambda.0x00000000121121f0.get;org/weakref/nitro/data/Allocator.lambda$allocate$0;org/weakref/nitro/operator/JoinBufferSupport$$Lambda.0x0000000012139db0.apply;org/weakref/nitro/data/I64Vector.<init>;long[]_[i] 1
java/lang/Thread.run;java/lang/Thread.runWith;java/util/concurrent/ThreadPoolExecutor$Worker.run;java/util/concurrent/ThreadPoolExecutor.runWorker;java/util/concurrent/FutureTask.run;java/util/concurrent/Executors$RunnableAdapter.call;java/util/concurrent/FutureTask.run;org/openjdk/jmh/runner/BenchmarkHandler$BenchmarkTask.call;org/openjdk/jmh/runner/BenchmarkHandler$BenchmarkTask.call;java/lang/reflect/Method.invoke;jdk/internal/reflect/DirectMethodHandleAccessor.invoke;jdk/internal/reflect/DirectMethodHandleAccessor.invokeImpl;java/lang/invoke/LambdaForm$MH.0x0000000012061400.invokeExact_MT;java/lang/invoke/LambdaForm$MH.0x0000000012061000.invoke;java/lang/invoke/DirectMethodHandle$Holder.invokeSpecial;org/weakref/nitro/tpcds/jmh_generated/BenchmarkQueries_query88_jmhTest.query88_AverageTime;org/weakref/nitro/tpcds/jmh_generated/BenchmarkQueries_query88_jmhTest.query88_avgt_jmhStub;org/weakref/nitro/tpcds/BenchmarkQueries.query88;org/weakref/nitro/tpcds/BenchmarkQueries.consume;org/weakref/nitro/operator/NestedLoopJoinOperator.next;org/weakref/nitro/operator/NestedLoopJoinOperator.produceBatch;org/weakref/nitro/operator/NestedLoopJoinOperator.loadNextOuterBatch;org/weakref/nitro/operator/NestedLoopJoinOperator.next;org/weakref/nitro/operator/NestedLoopJoinOperator.produceBatch;org/weakref/nitro/operator/NestedLoopJoinOperator.loadNextOuterBatch;org/weakref/nitro/operator/NestedLoopJoinOperator.next;org/weakref/nitro/operator/NestedLoopJoinOperator.produceBatch;org/weakref/nitro/operator/NestedLoopJoinOperator.loadNextOuterBatch;org/weakref/nitro/operator/NestedLoopJoinOperator.next;org/weakref/nitro/operator/NestedLoopJoinOperator.produceBatch;org/weakref/nitro/operator/NestedLoopJoinOperator.loadNextOuterBatch;org/weakref/nitro/operator/NestedLoopJoinOperator.next;org/weakref/nitro/operator/NestedLoopJoinOperator.produceBatch;org/weakref/nitro/operator/NestedLoopJoinOperator.loadInnerIfNecessary;org/weakref/nitro/operator/BufferedJoinInput.loadAll;org/weakref/nitro/operator/BufferedJoinInput.loadAll;org/weakref/nitro/operator/BufferedJoinInput.captureSchema;org/weakref/nitro/operator/Output.borrow;org/weakref/nitro/operator/AggregationOperator$$Lambda.0x0000000012110000.apply;org/weakref/nitro/operator/AggregationOperator.lambda$resultOutput$0;org/weakref/nitro/operator/AggregationOperator.doAggregationIfNeeded;org/weakref/nitro/operator/HashJoinOperator.next;org/weakref/nitro/operator/HashJoinOperator.produceBatch;org/weakref/nitro/operator/HashJoinOperator.produceOrdinaryBatch;org/weakref/nitro/operator/HashJoinOperator.loadNextOuterBatch;org/weakref/nitro/operator/HashJoinOperator.next;org/weakref/nitro/operator/HashJoinOperator.produceBatch;org/weakref/nitro/operator/HashJoinOperator.loadInnerIfNecessary;org/weakref/nitro/operator/HashJoinOperator.loadStreamingInner;org/weakref/nitro/operator/BufferedJoinInput.captureSchema;org/weakref/nitro/operator/Output.borrow;org/weakref/nitro/operator/NitroParquetScanOperator$ScanOutputResolver$$Lambda.0x00000000120bc200.apply;org/weakref/nitro/operator/NitroParquetScanOperator$ScanOutputResolver.resolve;org/weakref/nitro/operator/NitroParquetScanOperator.resolveLazyColumn;org/weakref/nitro/operator/NitroParquetScanOperator.decodeFullColumn;org/weakref/nitro/parquet/ColumnReader.readLongs;org/weakref/nitro/parquet/ColumnReader.decodeNextDataPage;org/weakref/nitro/parquet/ColumnReader.decodeDataPageV1;org/weakref/nitro/parquet/ColumnReader.ensurePageCapacity;org/weakref/nitro/parquet/ColumnReader.ensurePageValueCapacity;org/weakref/nitro/parquet/ColumnReader.replaceLongs;org/weakref/nitro/data/PrimitiveArrayPool.borrowLongs;long[]_[i] 1
java/lang/Thread.run;java/lang/Thread.runWith;java/util/concurrent/ThreadPoolExecutor$Worker.run;java/util/concurrent/ThreadPoolExecutor.runWorker;java/util/concurrent/FutureTask.run;java/util/concurrent/Executors$RunnableAdapter.call;java/util/concurrent/FutureTask.run;org/openjdk/jmh/runner/BenchmarkHandler$BenchmarkTask.call;org/openjdk/jmh/runner/BenchmarkHandler$BenchmarkTask.call;java/lang/reflect/Method.invoke;jdk/internal/reflect/DirectMethodHandleAccessor.invoke;jdk/internal/reflect/DirectMethodHandleAccessor.invokeImpl;java/lang/invoke/LambdaForm$MH.0x0000000012061400.invokeExact_MT;java/lang/invoke/LambdaForm$MH.0x0000000012061000.invoke;java/lang/invoke/DirectMethodHandle$Holder.invokeSpecial;org/weakref/nitro/tpcds/jmh_generated/BenchmarkQueries_query88_jmhTest.query88_AverageTime;org/weakref/nitro/tpcds/jmh_generated/BenchmarkQueries_query88_jmhTest.query88_avgt_jmhStub;org/weakref/nitro/tpcds/BenchmarkQueries.query88;org/weakref/nitro/tpcds/BenchmarkQueries.consume;org/weakref/nitro/operator/NestedLoopJoinOperator.next;org/weakref/nitro/operator/NestedLoopJoinOperator.produceBatch;org/weakref/nitro/operator/NestedLoopJoinOperator.loadNextOuterBatch;org/weakref/nitro/operator/NestedLoopJoinOperator.next;org/weakref/nitro/operator/NestedLoopJoinOperator.produceBatch;org/weakref/nitro/operator/NestedLoopJoinOperator.loadNextOuterBatch;org/weakref/nitro/operator/NestedLoopJoinOperator.next;org/weakref/nitro/operator/NestedLoopJoinOperator.produceBatch;org/weakref/nitro/operator/NestedLoopJoinOperator.loadNextOuterBatch;org/weakref/nitro/operator/NestedLoopJoinOperator.next;org/weakref/nitro/operator/NestedLoopJoinOperator.produceBatch;org/weakref/nitro/operator/NestedLoopJoinOperator.loadInnerIfNecessary;org/weakref/nitro/operator/BufferedJoinInput.loadAll;org/weakref/nitro/operator/BufferedJoinInput.loadAll;org/weakref/nitro/operator/BufferedJoinInput.captureSchema;org/weakref/nitro/operator/Output.borrow;org/weakref/nitro/operator/AggregationOperator$$Lambda.0x0000000012110000.apply;org/weakref/nitro/operator/AggregationOperator.lambda$resultOutput$0;org/weakref/nitro/operator/AggregationOperator.doAggregationIfNeeded;org/weakref/nitro/operator/HashJoinOperator.next;org/weakref/nitro/operator/HashJoinOperator.produceBatch;org/weakref/nitro/operator/HashJoinOperator.produceOrdinaryBatch;org/weakref/nitro/operator/HashJoinOperator.loadNextOuterBatch;org/weakref/nitro/operator/HashJoinOperator.next;org/weakref/nitro/operator/HashJoinOperator.produceBatch;org/weakref/nitro/operator/HashJoinOperator.produceOrdinaryBatch;org/weakref/nitro/operator/HashJoinOperator.loadNextOuterBatch;org/weakref/nitro/operator/HashJoinOperator.next;org/weakref/nitro/operator/HashJoinOperator.produceBatch;org/weakref/nitro/operator/HashJoinOperator.produceOrdinaryBatch;org/weakref/nitro/operator/HashJoinOperator.loadNextOuterBatch;org/weakref/nitro/operator/NitroParquetScanOperator.hasNext;org/weakref/nitro/operator/NitroParquetScanOperator.ensureWindow;org/weakref/nitro/operator/NitroParquetScanOperator.decodeFilterWindow;org/weakref/nitro/operator/NitroParquetScanOperator.ensureScratch;org/weakref/nitro/operator/NitroParquetScanOperator.replaceInts;org/weakref/nitro/data/PrimitiveArrayPool.borrowInts;int[]_[i] 2
java/lang/Thread.run;java/lang/Thread.runWith;java/util/concurrent/ThreadPoolExecutor$Worker.run;java/util/concurrent/ThreadPoolExecutor.runWorker;java/util/concurrent/FutureTask.run;java/util/concurrent/Executors$RunnableAdapter.call;java/util/concurrent/FutureTask.run;org/openjdk/jmh/runner/BenchmarkHandler$BenchmarkTask.call;org/openjdk/jmh/runner/BenchmarkHandler$BenchmarkTask.call;java/lang/reflect/Method.invoke;jdk/internal/reflect/DirectMethodHandleAccessor.invoke;jdk/internal/reflect/DirectMethodHandleAccessor.invokeImpl;java/lang/invoke/LambdaForm$MH.0x0000000012061400.invokeExact_MT;java/lang/invoke/LambdaForm$MH.0x0000000012061000.invoke;java/lang/invoke/DirectMethodHandle$Holder.invokeSpecial;org/weakref/nitro/tpcds/jmh_generated/BenchmarkQueries_query88_jmhTest.query88_AverageTime;org/weakref/nitro/tpcds/jmh_generated/BenchmarkQueries_query88_jmhTest.query88_avgt_jmhStub;org/weakref/nitro/tpcds/BenchmarkQueries.query88;org/weakref/nitro/tpcds/BenchmarkQueries.consume;org/weakref/nitro/operator/NestedLoopJoinOperator.next;org/weakref/nitro/operator/NestedLoopJoinOperator.produceBatch;org/weakref/nitro/operator/NestedLoopJoinOperator.loadNextOuterBatch;org/weakref/nitro/operator/NestedLoopJoinOperator.next;org/weakref/nitro/operator/NestedLoopJoinOperator.produceBatch;org/weakref/nitro/operator/NestedLoopJoinOperator.loadNextOuterBatch;org/weakref/nitro/operator/NestedLoopJoinOperator.next;org/weakref/nitro/operator/NestedLoopJoinOperator.produceBatch;org/weakref/nitro/operator/NestedLoopJoinOperator.loadNextOuterBatch;org/weakref/nitro/operator/NestedLoopJoinOperator.next;org/weakref/nitro/operator/NestedLoopJoinOperator.produceBatch;org/weakref/nitro/operator/NestedLoopJoinOperator.loadNextOuterBatch;org/weakref/nitro/operator/NestedLoopJoinOperator.next;org/weakref/nitro/operator/NestedLoopJoinOperator.produceBatch;org/weakref/nitro/operator/NestedLoopJoinOperator.loadNextOuterBatch;org/weakref/nitro/operator/NestedLoopJoinOperator.next;org/weakref/nitro/operator/NestedLoopJoinOperator.produceBatch;org/weakref/nitro/operator/NestedLoopJoinOperator.loadNextOuterBatch;org/weakref/nitro/operator/NestedLoopJoinOperator.next;org/weakref/nitro/operator/NestedLoopJoinOperator.produceBatch;org/weakref/nitro/operator/NestedLoopJoinOperator.joinWithInnerRow;org/weakref/nitro/operator/JoinOutputBuffer.joinWithInnerRow;org/weakref/nitro/operator/JoinBufferSupport.borrowStreams;org/weakref/nitro/operator/Output.borrow;org/weakref/nitro/operator/AggregationOperator$$Lambda.0x0000000012110000.apply;org/weakref/nitro/operator/AggregationOperator.lambda$resultOutput$0;org/weakref/nitro/operator/AggregationOperator.doAggregationIfNeeded;org/weakref/nitro/operator/HashJoinOperator.next;org/weakref/nitro/operator/HashJoinOperator.produceBatch;org/weakref/nitro/operator/HashJoinOperator.produceOrdinaryBatch;org/weakref/nitro/operator/HashJoinOperator.loadNextOuterBatch;org/weakref/nitro/operator/HashJoinOperator.next;org/weakref/nitro/operator/HashJoinOperator.produceBatch;org/weakref/nitro/operator/HashJoinOperator.produceOrdinaryBatch;org/weakref/nitro/operator/HashJoinOperator.loadNextOuterBatch;org/weakref/nitro/operator/HashJoinOperator.next;org/weakref/nitro/operator/HashJoinOperator.produceBatch;org/weakref/nitro/operator/HashJoinOperator.loadInnerIfNecessary;org/weakref/nitro/operator/HashJoinOperator.loadStreamingInner;org/weakref/nitro/operator/Output.borrow;org/weakref/nitro/operator/NitroParquetScanOperator$ScanOutputResolver$$Lambda.0x00000000120bc200.apply;org/weakref/nitro/operator/NitroParquetScanOperator$ScanOutputResolver.resolve;org/weakref/nitro/operator/NitroParquetScanOperator.resolveLazyColumn;org/weakref/nitro/operator/NitroParquetScanOperator.drainPendingAdvance;org/weakref/nitro/parquet/ColumnReader.skip;org/weakref/nitro/parquet/ColumnReader.decodeDataPageV1;org/weakref/nitro/parquet/ColumnReader.ensurePageCapacity;org/weakref/nitro/parquet/ColumnReader.ensurePageValueCapacity;org/weakref/nitro/parquet/ColumnReader.replaceLongs;org/weakref/nitro/data/PrimitiveArrayPool.borrowLongs;long[]_[i] 1
java/lang/Thread.run;java/lang/Thread.runWith;java/util/concurrent/ThreadPoolExecutor$Worker.run;java/util/concurrent/ThreadPoolExecutor.runWorker;java/util/concurrent/FutureTask.run;java/util/concurrent/Executors$RunnableAdapter.call;java/util/concurrent/FutureTask.run;org/openjdk/jmh/runner/BenchmarkHandler$BenchmarkTask.call;org/openjdk/jmh/runner/BenchmarkHandler$BenchmarkTask.call;java/lang/reflect/Method.invoke;jdk/internal/reflect/DirectMethodHandleAccessor.invoke;jdk/internal/reflect/DirectMethodHandleAccessor.invokeImpl;java/lang/invoke/LambdaForm$MH.0x0000000012061400.invokeExact_MT;java/lang/invoke/LambdaForm$MH.0x0000000012061000.invoke;java/lang/invoke/DirectMethodHandle$Holder.invokeSpecial;org/weakref/nitro/tpcds/jmh_generated/BenchmarkQueries_query88_jmhTest.query88_AverageTime;org/weakref/nitro/tpcds/jmh_generated/BenchmarkQueries_query88_jmhTest.query88_avgt_jmhStub;org/weakref/nitro/tpcds/BenchmarkQueries.query88;org/weakref/nitro/tpcds/BenchmarkQueries.consume;org/weakref/nitro/operator/NestedLoopJoinOperator.next;org/weakref/nitro/operator/NestedLoopJoinOperator.produceBatch;org/weakref/nitro/operator/NestedLoopJoinOperator.loadNextOuterBatch;org/weakref/nitro/operator/NestedLoopJoinOperator.next;org/weakref/nitro/operator/NestedLoopJoinOperator.produceBatch;org/weakref/nitro/operator/NestedLoopJoinOperator.loadNextOuterBatch;org/weakref/nitro/operator/NestedLoopJoinOperator.next;org/weakref/nitro/operator/NestedLoopJoinOperator.produceBatch;org/weakref/nitro/operator/NestedLoopJoinOperator.loadNextOuterBatch;org/weakref/nitro/operator/NestedLoopJoinOperator.next;org/weakref/nitro/operator/NestedLoopJoinOperator.produceBatch;org/weakref/nitro/operator/NestedLoopJoinOperator.loadNextOuterBatch;org/weakref/nitro/operator/NestedLoopJoinOperator.next;org/weakref/nitro/operator/NestedLoopJoinOperator.produceBatch;org/weakref/nitro/operator/NestedLoopJoinOperator.loadNextOuterBatch;org/weakref/nitro/operator/NestedLoopJoinOperator.next;org/weakref/nitro/operator/NestedLoopJoinOperator.produceBatch;org/weakref/nitro/operator/NestedLoopJoinOperator.loadNextOuterBatch;org/weakref/nitro/operator/NestedLoopJoinOperator.next;org/weakref/nitro/operator/NestedLoopJoinOperator.produceBatch;org/weakref/nitro/operator/NestedLoopJoinOperator.loadInnerIfNecessary;org/weakref/nitro/operator/BufferedJoinInput.loadAll;org/weakref/nitro/operator/BufferedJoinInput.loadAll;org/weakref/nitro/operator/BufferedJoinInput.captureSchema;org/weakref/nitro/operator/Output.borrow;org/weakref/nitro/operator/AggregationOperator$$Lambda.0x0000000012110000.apply;org/weakref/nitro/operator/AggregationOperator.lambda$resultOutput$0;org/weakref/nitro/operator/AggregationOperator.doAggregationIfNeeded;org/weakref/nitro/operator/HashJoinOperator.next;org/weakref/nitro/operator/HashJoinOperator.produceBatch;org/weakref/nitro/operator/HashJoinOperator.produceOrdinaryBatch;org/weakref/nitro/operator/HashJoinOperator.loadNextOuterBatch;org/weakref/nitro/operator/HashJoinOperator.next;org/weakref/nitro/operator/HashJoinOperator.produceBatch;org/weakref/nitro/operator/HashJoinOperator.produceOrdinaryBatch;org/weakref/nitro/operator/HashJoinOperator.loadNextOuterBatch;org/weakref/nitro/operator/HashJoinOperator.next;org/weakref/nitro/operator/HashJoinOperator.produceBatch;org/weakref/nitro/operator/HashJoinOperator.loadInnerIfNecessary;org/weakref/nitro/operator/HashJoinOperator.loadStreamingInner;org/weakref/nitro/operator/Output.borrow;org/weakref/nitro/operator/NitroParquetScanOperator$ScanOutputResolver$$Lambda.0x00000000120bc200.apply;org/weakref/nitro/operator/NitroParquetScanOperator$ScanOutputResolver.resolve;org/weakref/nitro/operator/NitroParquetScanOperator.resolveLazyColumn;org/weakref/nitro/operator/NitroParquetScanOperator.drainPendingAdvance;org/weakref/nitro/parquet/ColumnReader.skip;org/weakref/nitro/parquet/ColumnReader.decodeDataPageV1;org/weakref/nitro/parquet/ColumnReader.ensurePageCapacity;org/weakref/nitro/parquet/ColumnReader.ensurePageValueCapacity;org/weakref/nitro/parquet/ColumnReader.replaceLongs;org/weakref/nitro/data/PrimitiveArrayPool.borrowLongs;long[]_[i] 1
java/lang/Thread.run;java/lang/Thread.runWith;java/util/concurrent/ThreadPoolExecutor$Worker.run;java/util/concurrent/ThreadPoolExecutor.runWorker;java/util/concurrent/FutureTask.run;java/util/concurrent/Executors$RunnableAdapter.call;java/util/concurrent/FutureTask.run;org/openjdk/jmh/runner/BenchmarkHandler$BenchmarkTask.call;org/openjdk/jmh/runner/BenchmarkHandler$BenchmarkTask.call;java/lang/reflect/Method.invoke;jdk/internal/reflect/DirectMethodHandleAccessor.invoke;jdk/internal/reflect/DirectMethodHandleAccessor.invokeImpl;java/lang/invoke/LambdaForm$MH.0x0000000012061400.invokeExact_MT;java/lang/invoke/LambdaForm$MH.0x0000000012061000.invoke;java/lang/invoke/DirectMethodHandle$Holder.invokeSpecial;org/weakref/nitro/tpcds/jmh_generated/BenchmarkQueries_query88_jmhTest.query88_AverageTime;org/weakref/nitro/tpcds/jmh_generated/BenchmarkQueries_query88_jmhTest.query88_avgt_jmhStub;org/weakref/nitro/tpcds/BenchmarkQueries.query88;org/weakref/nitro/tpcds/BenchmarkQueries.consume;org/weakref/nitro/operator/NestedLoopJoinOperator.next;org/weakref/nitro/operator/NestedLoopJoinOperator.produceBatch;org/weakref/nitro/operator/NestedLoopJoinOperator.loadNextOuterBatch;org/weakref/nitro/operator/NestedLoopJoinOperator.next;org/weakref/nitro/operator/NestedLoopJoinOperator.produceBatch;org/weakref/nitro/operator/NestedLoopJoinOperator.loadNextOuterBatch;org/weakref/nitro/operator/NestedLoopJoinOperator.next;org/weakref/nitro/operator/NestedLoopJoinOperator.produceBatch;org/weakref/nitro/operator/NestedLoopJoinOperator.loadNextOuterBatch;org/weakref/nitro/operator/NestedLoopJoinOperator.next;org/weakref/nitro/operator/NestedLoopJoinOperator.produceBatch;org/weakref/nitro/operator/NestedLoopJoinOperator.loadNextOuterBatch;org/weakref/nitro/operator/NestedLoopJoinOperator.next;org/weakref/nitro/operator/NestedLoopJoinOperator.produceBatch;org/weakref/nitro/operator/NestedLoopJoinOperator.loadNextOuterBatch;org/weakref/nitro/operator/NestedLoopJoinOperator.next;org/weakref/nitro/operator/NestedLoopJoinOperator.produceBatch;org/weakref/nitro/operator/NestedLoopJoinOperator.loadNextOuterBatch;org/weakref/nitro/operator/NestedLoopJoinOperator.next;org/weakref/nitro/operator/NestedLoopJoinOperator.produceBatch;org/weakref/nitro/operator/NestedLoopJoinOperator.loadInnerIfNecessary;org/weakref/nitro/operator/BufferedJoinInput.loadAll;org/weakref/nitro/operator/BufferedJoinInput.loadAll;org/weakref/nitro/operator/BufferedJoinInput.captureSchema;org/weakref/nitro/operator/Output.borrow;org/weakref/nitro/operator/AggregationOperator$$Lambda.0x0000000012110000.apply;org/weakref/nitro/operator/AggregationOperator.lambda$resultOutput$0;org/weakref/nitro/operator/AggregationOperator.doAggregationIfNeeded;org/weakref/nitro/operator/HashJoinOperator.next;org/weakref/nitro/operator/HashJoinOperator.produceBatch;org/weakref/nitro/operator/HashJoinOperator.produceOrdinaryBatch;org/weakref/nitro/operator/HashJoinOperator.loadNextOuterBatch;org/weakref/nitro/operator/HashJoinOperator.next;org/weakref/nitro/operator/HashJoinOperator.produceBatch;org/weakref/nitro/operator/HashJoinOperator.loadInnerIfNecessary;org/weakref/nitro/operator/HashJoinOperator.loadStreamingInner;org/weakref/nitro/operator/FilterOperator.next;org/weakref/nitro/operator/evaluator/PlanEvaluator.evaluateInPlace;org/weakref/nitro/operator/evaluator/PlanEvaluator.evaluateTrueMaskInPlace;org/weakref/nitro/operator/evaluator/PlanEvaluator.evaluateTrueMaskInPlace;org/weakref/nitro/operator/evaluator/PlanEvaluator.evaluateAdaptiveAndTrueMaskInPlace;org/weakref/nitro/operator/evaluator/PlanEvaluator.evaluateMeasuredTrueMaskInPlace;org/weakref/nitro/operator/evaluator/PlanEvaluator.evaluateTrueMaskInPlace;org/weakref/nitro/operator/evaluator/PlanEvaluator.evaluateAdaptiveOrTrueMask;org/weakref/nitro/operator/evaluator/PlanEvaluator.evaluateMeasuredTrueMask;org/weakref/nitro/operator/evaluator/PlanEvaluator.evaluateTrueMaskWithoutReordering;org/weakref/nitro/operator/evaluator/PlanEvaluator.evaluateAdaptiveOrTrueMask;org/weakref/nitro/data/Allocator.differenceMask;org/weakref/nitro/data/Allocator.materializedAllDifference;int[]_[i] 1
java/lang/Thread.run;java/lang/Thread.runWith;java/util/concurrent/ThreadPoolExecutor$Worker.run;java/util/concurrent/ThreadPoolExecutor.runWorker;java/util/concurrent/FutureTask.run;java/util/concurrent/Executors$RunnableAdapter.call;java/util/concurrent/FutureTask.run;org/openjdk/jmh/runner/BenchmarkHandler$BenchmarkTask.call;org/openjdk/jmh/runner/BenchmarkHandler$BenchmarkTask.call;java/lang/reflect/Method.invoke;jdk/internal/reflect/DirectMethodHandleAccessor.invoke;jdk/internal/reflect/DirectMethodHandleAccessor.invokeImpl;java/lang/invoke/LambdaForm$MH.0x0000000012061400.invokeExact_MT;java/lang/invoke/LambdaForm$MH.0x0000000012061000.invoke;java/lang/invoke/DirectMethodHandle$Holder.invokeSpecial;org/weakref/nitro/tpcds/jmh_generated/BenchmarkQueries_query88_jmhTest.query88_AverageTime;org/weakref/nitro/tpcds/jmh_generated/BenchmarkQueries_query88_jmhTest.query88_avgt_jmhStub;org/weakref/nitro/tpcds/BenchmarkQueries.query88;org/weakref/nitro/tpcds/TpcdsParquetSupport.query88;org/weakref/nitro/tpcds/TpcdsParquetSupport.query88BucketCount;org/weakref/nitro/tpcds/TpcdsParquetSupport.query88Bucket;org/weakref/nitro/operator/HashJoinOperator.<init>;org/weakref/nitro/operator/HashJoinOperator.<init>;org/weakref/nitro/operator/HashJoinOperator$JoinScratch.<init>;long[]_[i] 1
java/lang/Thread.run;java/lang/Thread.runWith;java/util/concurrent/ThreadPoolExecutor$Worker.run;java/util/concurrent/ThreadPoolExecutor.runWorker;java/util/concurrent/FutureTask.run;java/util/concurrent/Executors$RunnableAdapter.call;java/util/concurrent/FutureTask.run;org/openjdk/jmh/runner/BenchmarkHandler$BenchmarkTask.call;org/openjdk/jmh/runner/BenchmarkHandler$BenchmarkTask.call;java/lang/reflect/Method.invoke;jdk/internal/reflect/DirectMethodHandleAccessor.invoke;jdk/internal/reflect/DirectMethodHandleAccessor.invokeImpl;java/lang/invoke/LambdaForm$MH.0x0000000012061400.invokeExact_MT;java/lang/invoke/LambdaForm$MH.0x0000000012061000.invoke;java/lang/invoke/DirectMethodHandle$Holder.invokeSpecial;org/weakref/nitro/tpcds/jmh_generated/BenchmarkQueries_query88_jmhTest.query88_AverageTime;org/weakref/nitro/tpcds/jmh_generated/BenchmarkQueries_query88_jmhTest.query88_avgt_jmhStub;org/weakref/nitro/tpcds/BenchmarkQueries.query88;org/weakref/nitro/tpcds/TpcdsParquetSupport.query88;org/weakref/nitro/tpcds/TpcdsParquetSupport.query88BucketCount;org/weakref/nitro/tpcds/TpcdsParquetSupport.query88Bucket;org/weakref/nitro/tpcds/TpcdsParquetSupport.factScan;org/weakref/nitro/operator/NitroParquetScanOperator.<init>;java/util/stream/ReferencePipeline.toArray;java/util/stream/AbstractPipeline.evaluateToArrayNode;java/util/stream/AbstractPipeline.evaluate;java/util/stream/AbstractPipeline.wrapAndCopyInto;java/util/stream/AbstractPipeline.copyInto;java/util/AbstractList$RandomAccessSpliterator.forEachRemaining;java/util/stream/ReferencePipeline$3$1.accept;org/weakref/nitro/operator/NitroParquetScanOperator$$Lambda.0x0000000012086b58.apply;org/weakref/nitro/parquet/ParquetFile.open;org/weakref/nitro/parquet/ParquetFile.<init>;org/apache/parquet/format/Util.readFileMetaData;org/apache/parquet/format/Util.readFileMetaData;org/apache/parquet/format/Util.read;org/apache/parquet/format/FileMetaData.read;org/apache/parquet/format/FileMetaData$FileMetaDataStandardScheme.read;org/apache/parquet/format/FileMetaData$FileMetaDataStandardScheme.read;org/apache/parquet/format/RowGroup.read;org/apache/parquet/format/RowGroup$RowGroupStandardScheme.read;org/apache/parquet/format/RowGroup$RowGroupStandardScheme.read;org/apache/parquet/format/ColumnChunk.read;org/apache/parquet/format/ColumnChunk$ColumnChunkStandardScheme.read;org/apache/parquet/format/ColumnChunk$ColumnChunkStandardScheme.read;org/apache/parquet/format/ColumnMetaData.read;org/apache/parquet/format/ColumnMetaData$ColumnMetaDataStandardScheme.read;org/apache/parquet/format/ColumnMetaData$ColumnMetaDataStandardScheme.read;org/apache/parquet/format/Statistics.read;org/apache/parquet/format/Statistics$StatisticsStandardScheme.read;org/apache/parquet/format/Statistics$StatisticsStandardScheme.read;org/apache/parquet/format/InterningProtocol.readBinary;shaded/parquet/org/apache/thrift/protocol/TCompactProtocol.readBinary;java/nio/ByteBuffer.wrap;java/nio/ByteBuffer.wrap;java.nio.HeapByteBuffer_[i] 1
java/lang/Thread.run;java/lang/Thread.runWith;java/util/concurrent/ThreadPoolExecutor$Worker.run;java/util/concurrent/ThreadPoolExecutor.runWorker;java/util/concurrent/FutureTask.run;java/util/concurrent/Executors$RunnableAdapter.call;java/util/concurrent/FutureTask.run;org/openjdk/jmh/runner/BenchmarkHandler$BenchmarkTask.call;org/openjdk/jmh/runner/BenchmarkHandler$BenchmarkTask.call;java/lang/reflect/Method.invoke;jdk/internal/reflect/DirectMethodHandleAccessor.invoke;jdk/internal/reflect/DirectMethodHandleAccessor.invokeImpl;java/lang/invoke/LambdaForm$MH.0x0000000012061400.invokeExact_MT;java/lang/invoke/LambdaForm$MH.0x0000000012061000.invoke;java/lang/invoke/DirectMethodHandle$Holder.invokeSpecial;org/weakref/nitro/tpcds/jmh_generated/BenchmarkQueries_query88_jmhTest.query88_AverageTime;org/weakref/nitro/tpcds/jmh_generated/BenchmarkQueries_query88_jmhTest.query88_avgt_jmhStub;org/weakref/nitro/tpcds/BenchmarkQueries.query88;org/weakref/nitro/tpcds/TpcdsParquetSupport.query88;org/weakref/nitro/operator/NestedLoopJoinOperator.<init>;org/weakref/nitro/operator/NestedLoopJoinOperator.<init>;int[]_[i] 1
java/lang/Thread.run;java/lang/Thread.runWith;java/util/concurrent/ThreadPoolExecutor$Worker.run;java/util/concurrent/ThreadPoolExecutor.runWorker;java/util/concurrent/FutureTask.run;java/util/concurrent/Executors$RunnableAdapter.call;java/util/concurrent/FutureTask.run;org/openjdk/jmh/runner/BenchmarkHandler$BenchmarkTask.call;org/openjdk/jmh/runner/BenchmarkHandler$BenchmarkTask.call;java/lang/reflect/Method.invoke;jdk/internal/reflect/DirectMethodHandleAccessor.invoke;jdk/internal/reflect/DirectMethodHandleAccessor.invokeImpl;java/lang/invoke/LambdaForm$MH.0x0000000012061400.invokeExact_MT;java/lang/invoke/LambdaForm$MH.0x0000000012061000.invoke;java/lang/invoke/DirectMethodHandle$Holder.invokeSpecial;org/weakref/nitro/tpcds/jmh_generated/BenchmarkQueries_query88_jmhTest.query88_AverageTime;org/weakref/nitro/tpcds/jmh_generated/BenchmarkQueries_query88_jmhTest.query88_avgt_jmhStub;org/weakref/nitro/tpcds/BenchmarkQueries.query88;org/weakref/nitro/tpcds/TpcdsParquetSupport.query88;org/weakref/nitro/tpcds/TpcdsParquetSupport.query88BucketCount;org/weakref/nitro/tpcds/TpcdsParquetSupport.query88Bucket;org/weakref/nitro/operator/HashJoinOperator.<init>;org/weakref/nitro/operator/HashJoinOperator.<init>;org/weakref/nitro/operator/HashJoinOperator$JoinScratch.<init>;int[]_[i] 1
java/lang/Thread.run;java/lang/Thread.runWith;java/util/concurrent/ThreadPoolExecutor$Worker.run;java/util/concurrent/ThreadPoolExecutor.runWorker;java/util/concurrent/FutureTask.run;java/util/concurrent/Executors$RunnableAdapter.call;java/util/concurrent/FutureTask.run;org/openjdk/jmh/runner/BenchmarkHandler$BenchmarkTask.call;org/openjdk/jmh/runner/BenchmarkHandler$BenchmarkTask.call;java/lang/reflect/Method.invoke;jdk/internal/reflect/DirectMethodHandleAccessor.invoke;jdk/internal/reflect/DirectMethodHandleAccessor.invokeImpl;java/lang/invoke/LambdaForm$MH.0x0000000012061400.invokeExact_MT;java/lang/invoke/LambdaForm$MH.0x0000000012061000.invoke;java/lang/invoke/DirectMethodHandle$Holder.invokeSpecial;org/weakref/nitro/tpcds/jmh_generated/BenchmarkQueries_query88_jmhTest.query88_AverageTime;org/weakref/nitro/tpcds/jmh_generated/BenchmarkQueries_query88_jmhTest.query88_avgt_jmhStub;org/weakref/nitro/tpcds/BenchmarkQueries.query88;org/weakref/nitro/tpcds/BenchmarkQueries.consume;org/weakref/nitro/operator/NestedLoopJoinOperator.next;org/weakref/nitro/operator/NestedLoopJoinOperator.produceBatch;org/weakref/nitro/operator/NestedLoopJoinOperator.loadNextOuterBatch;org/weakref/nitro/operator/NestedLoopJoinOperator.next;org/weakref/nitro/operator/NestedLoopJoinOperator.produceBatch;org/weakref/nitro/operator/NestedLoopJoinOperator.loadInnerIfNecessary;org/weakref/nitro/operator/BufferedJoinInput.loadAll;org/weakref/nitro/operator/BufferedJoinInput.loadAll;org/weakref/nitro/operator/BufferedJoinInput.captureSchema;org/weakref/nitro/operator/Output.borrow;org/weakref/nitro/operator/AggregationOperator$$Lambda.0x0000000012110000.apply;org/weakref/nitro/operator/AggregationOperator.lambda$resultOutput$0;org/weakref/nitro/operator/AggregationOperator.doAggregationIfNeeded;org/weakref/nitro/operator/HashJoinOperator.next;org/weakref/nitro/operator/HashJoinOperator.produceBatch;org/weakref/nitro/operator/HashJoinOperator.produceOrdinaryBatch;org/weakref/nitro/operator/HashJoinOperator.loadNextOuterBatch;org/weakref/nitro/operator/HashJoinOperator.next;org/weakref/nitro/operator/HashJoinOperator.produceBatch;org/weakref/nitro/operator/HashJoinOperator.produceOrdinaryBatch;org/weakref/nitro/operator/HashJoinOperator.loadNextOuterBatch;org/weakref/nitro/operator/HashJoinOperator.next;org/weakref/nitro/operator/HashJoinOperator.produceBatch;org/weakref/nitro/operator/HashJoinOperator.produceOrdinaryBatch;org/weakref/nitro/operator/HashJoinOperator.loadNextOuterBatch;org/weakref/nitro/operator/NitroParquetScanOperator.hasNext;org/weakref/nitro/operator/NitroParquetScanOperator.ensureWindow;org/weakref/nitro/operator/NitroParquetScanOperator.decodeFilterWindow;org/weakref/nitro/operator/NitroParquetScanOperator.ensureColumnScratch;org/weakref/nitro/operator/NitroParquetScanOperator.replaceLongs;org/weakref/nitro/data/PrimitiveArrayPool.borrowLongs;long[]_[i] 2
java/lang/Thread.run;java/lang/Thread.runWith;java/util/concurrent/ThreadPoolExecutor$Worker.run;java/util/concurrent/ThreadPoolExecutor.runWorker;java/util/concurrent/FutureTask.run;java/util/concurrent/Executors$RunnableAdapter.call;java/util/concurrent/FutureTask.run;org/openjdk/jmh/runner/BenchmarkHandler$BenchmarkTask.call;org/openjdk/jmh/runner/BenchmarkHandler$BenchmarkTask.call;java/lang/reflect/Method.invoke;jdk/internal/reflect/DirectMethodHandleAccessor.invoke;jdk/internal/reflect/DirectMethodHandleAccessor.invokeImpl;java/lang/invoke/LambdaForm$MH.0x0000000012061400.invokeExact_MT;java/lang/invoke/LambdaForm$MH.0x0000000012061000.invoke;java/lang/invoke/DirectMethodHandle$Holder.invokeSpecial;org/weakref/nitro/tpcds/jmh_generated/BenchmarkQueries_query88_jmhTest.query88_AverageTime;org/weakref/nitro/tpcds/jmh_generated/BenchmarkQueries_query88_jmhTest.query88_avgt_jmhStub;org/weakref/nitro/tpcds/BenchmarkQueries.query88;org/weakref/nitro/tpcds/BenchmarkQueries.consume;org/weakref/nitro/operator/NestedLoopJoinOperator.next;org/weakref/nitro/operator/NestedLoopJoinOperator.produceBatch;org/weakref/nitro/operator/NestedLoopJoinOperator.loadInnerIfNecessary;org/weakref/nitro/operator/BufferedJoinInput.loadAll;org/weakref/nitro/operator/BufferedJoinInput.loadAll;org/weakref/nitro/operator/BufferedJoinInput.captureSchema;org/weakref/nitro/operator/Output.borrow;org/weakref/nitro/operator/AggregationOperator$$Lambda.0x0000000012110000.apply;org/weakref/nitro/operator/AggregationOperator.lambda$resultOutput$0;org/weakref/nitro/operator/AggregationOperator.doAggregationIfNeeded;org/weakref/nitro/operator/HashJoinOperator.next;org/weakref/nitro/operator/HashJoinOperator.produceBatch;org/weakref/nitro/operator/HashJoinOperator.produceOrdinaryBatch;org/weakref/nitro/operator/HashJoinOperator.loadNextOuterBatch;org/weakref/nitro/operator/HashJoinOperator.next;org/weakref/nitro/operator/HashJoinOperator.produceBatch;org/weakref/nitro/operator/HashJoinOperator.loadInnerIfNecessary;org/weakref/nitro/operator/HashJoinOperator.loadStreamingInner;org/weakref/nitro/operator/FilterOperator.next;org/weakref/nitro/operator/evaluator/PlanEvaluator.evaluateInPlace;org/weakref/nitro/operator/evaluator/PlanEvaluator.evaluateTrueMaskInPlace;org/weakref/nitro/operator/evaluator/PlanEvaluator.evaluateTrueMaskInPlace;org/weakref/nitro/operator/evaluator/PlanEvaluator.evaluateAdaptiveAndTrueMaskInPlace;org/weakref/nitro/operator/evaluator/PlanEvaluator.evaluateMeasuredTrueMaskInPlace;org/weakref/nitro/operator/evaluator/PlanEvaluator.evaluateTrueMaskInPlace;org/weakref/nitro/operator/evaluator/PlanEvaluator.tryEvaluatePrimitiveTrueMaskInPlace;org/weakref/nitro/operator/evaluator/PlanEvaluator.tryEvaluatePrimitiveMaskInPlace;org/weakref/nitro/operator/evaluator/PlanEvaluator.resolveMaskPrimitiveInvocation;org/weakref/nitro/operator/evaluator/PlanEvaluator.evaluateArgument;org/weakref/nitro/operator/evaluator/PlanEvaluator.evaluateAvailableReference;org/weakref/nitro/operator/evaluator/PlanEvaluator.evaluate;org/weakref/nitro/operator/evaluator/PlanEvaluator.evaluateUnmemoized;org/weakref/nitro/operator/evaluator/PlanEvaluator.evaluateVariable;org/weakref/nitro/operator/evaluator/PlanEvaluator.evaluateCall;org/weakref/nitro/function/scalar/builtin/AddI64.apply;org/weakref/nitro/data/Allocator.allocateOrGrow;org/weakref/nitro/data/Allocator.allocate;org/weakref/nitro/data/Allocator.allocatePooled;org/weakref/nitro/data/Allocator$$Lambda.0x00000000121121f0.get;org/weakref/nitro/data/Allocator.lambda$allocate$0;org/weakref/nitro/function/scalar/builtin/AddI64$$Lambda.0x000000001212fbf0.apply;org/weakref/nitro/data/I64Vector.<init>;long[]_[i] 1
java/lang/Thread.run;java/lang/Thread.runWith;java/util/concurrent/ThreadPoolExecutor$Worker.run;java/util/concurrent/ThreadPoolExecutor.runWorker;java/util/concurrent/FutureTask.run;java/util/concurrent/Executors$RunnableAdapter.call;java/util/concurrent/FutureTask.run;org/openjdk/jmh/runner/BenchmarkHandler$BenchmarkTask.call;org/openjdk/jmh/runner/BenchmarkHandler$BenchmarkTask.call;java/lang/reflect/Method.invoke;jdk/internal/reflect/DirectMethodHandleAccessor.invoke;jdk/internal/reflect/DirectMethodHandleAccessor.invokeImpl;java/lang/invoke/LambdaForm$MH.0x0000000012061400.invokeExact_MT;java/lang/invoke/LambdaForm$MH.0x0000000012061000.invoke;java/lang/invoke/DirectMethodHandle$Holder.invokeSpecial;org/weakref/nitro/tpcds/jmh_generated/BenchmarkQueries_query88_jmhTest.query88_AverageTime;org/weakref/nitro/tpcds/jmh_generated/BenchmarkQueries_query88_jmhTest.query88_avgt_jmhStub;org/weakref/nitro/tpcds/BenchmarkQueries.query88;org/weakref/nitro/tpcds/BenchmarkQueries.consume;org/weakref/nitro/operator/NestedLoopJoinOperator.next;org/weakref/nitro/operator/NestedLoopJoinOperator.produceBatch;org/weakref/nitro/operator/NestedLoopJoinOperator.loadNextOuterBatch;org/weakref/nitro/operator/NestedLoopJoinOperator.next;org/weakref/nitro/operator/NestedLoopJoinOperator.produceBatch;org/weakref/nitro/operator/NestedLoopJoinOperator.loadNextOuterBatch;org/weakref/nitro/operator/NestedLoopJoinOperator.next;org/weakref/nitro/operator/NestedLoopJoinOperator.produceBatch;org/weakref/nitro/operator/NestedLoopJoinOperator.loadNextOuterBatch;org/weakref/nitro/operator/NestedLoopJoinOperator.next;org/weakref/nitro/operator/NestedLoopJoinOperator.produceBatch;org/weakref/nitro/operator/NestedLoopJoinOperator.loadNextOuterBatch;org/weakref/nitro/operator/NestedLoopJoinOperator.next;org/weakref/nitro/operator/NestedLoopJoinOperator.produceBatch;org/weakref/nitro/operator/NestedLoopJoinOperator.loadNextOuterBatch;org/weakref/nitro/operator/NestedLoopJoinOperator.next;org/weakref/nitro/operator/NestedLoopJoinOperator.produceBatch;org/weakref/nitro/operator/NestedLoopJoinOperator.loadInnerIfNecessary;org/weakref/nitro/operator/BufferedJoinInput.loadAll;org/weakref/nitro/operator/BufferedJoinInput.loadAll;org/weakref/nitro/operator/BufferedJoinInput.captureSchema;org/weakref/nitro/operator/Output.borrow;org/weakref/nitro/operator/AggregationOperator$$Lambda.0x0000000012110000.apply;org/weakref/nitro/operator/AggregationOperator.lambda$resultOutput$0;org/weakref/nitro/operator/AggregationOperator.doAggregationIfNeeded;org/weakref/nitro/operator/HashJoinOperator.next;org/weakref/nitro/operator/HashJoinOperator.produceBatch;org/weakref/nitro/operator/HashJoinOperator.produceOrdinaryBatch;org/weakref/nitro/operator/HashJoinOperator.loadNextOuterBatch;org/weakref/nitro/operator/HashJoinOperator.next;org/weakref/nitro/operator/HashJoinOperator.produceBatch;org/weakref/nitro/operator/HashJoinOperator.produceOrdinaryBatch;org/weakref/nitro/operator/HashJoinOperator.loadNextOuterBatch;org/weakref/nitro/operator/HashJoinOperator.next;org/weakref/nitro/operator/HashJoinOperator.produceBatch;org/weakref/nitro/operator/HashJoinOperator.produceOrdinaryBatch;org/weakref/nitro/operator/HashJoinOperator.loadNextOuterBatch;org/weakref/nitro/operator/NitroParquetScanOperator.hasNext;org/weakref/nitro/operator/NitroParquetScanOperator.ensureWindow;org/weakref/nitro/operator/NitroParquetScanOperator.decodeFilterWindow;org/weakref/nitro/operator/NitroParquetScanOperator.ensureWindowNull;org/weakref/nitro/operator/NitroParquetScanOperator.replaceBooleans;org/weakref/nitro/data/PrimitiveArrayPool.borrowBooleans;boolean[]_[i] 1
java/lang/Thread.run;java/lang/Thread.runWith;java/util/concurrent/ThreadPoolExecutor$Worker.run;java/util/concurrent/ThreadPoolExecutor.runWorker;java/util/concurrent/FutureTask.run;java/util/concurrent/Executors$RunnableAdapter.call;java/util/concurrent/FutureTask.run;org/openjdk/jmh/runner/BenchmarkHandler$BenchmarkTask.call;org/openjdk/jmh/runner/BenchmarkHandler$BenchmarkTask.call;java/lang/reflect/Method.invoke;jdk/internal/reflect/DirectMethodHandleAccessor.invoke;jdk/internal/reflect/DirectMethodHandleAccessor.invokeImpl;java/lang/invoke/LambdaForm$MH.0x0000000012061400.invokeExact_MT;java/lang/invoke/LambdaForm$MH.0x0000000012061000.invoke;java/lang/invoke/DirectMethodHandle$Holder.invokeSpecial;org/weakref/nitro/tpcds/jmh_generated/BenchmarkQueries_query88_jmhTest.query88_AverageTime;org/weakref/nitro/tpcds/jmh_generated/BenchmarkQueries_query88_jmhTest.query88_avgt_jmhStub;org/weakref/nitro/tpcds/BenchmarkQueries.query88;org/weakref/nitro/tpcds/BenchmarkQueries.consume;org/weakref/nitro/operator/NestedLoopJoinOperator.next;org/weakref/nitro/operator/NestedLoopJoinOperator.produceBatch;org/weakref/nitro/operator/NestedLoopJoinOperator.loadInnerIfNecessary;org/weakref/nitro/operator/BufferedJoinInput.loadAll;org/weakref/nitro/operator/BufferedJoinInput.loadAll;org/weakref/nitro/operator/BufferedJoinInput.captureSchema;org/weakref/nitro/operator/Output.borrow;org/weakref/nitro/operator/AggregationOperator$$Lambda.0x0000000012110000.apply;org/weakref/nitro/operator/AggregationOperator.lambda$resultOutput$0;org/weakref/nitro/operator/AggregationOperator.doAggregationIfNeeded;org/weakref/nitro/operator/HashJoinOperator.next;org/weakref/nitro/operator/HashJoinOperator.produceBatch;org/weakref/nitro/operator/HashJoinOperator.produceOrdinaryBatch;org/weakref/nitro/operator/HashJoinOperator.loadNextOuterBatch;org/weakref/nitro/operator/HashJoinOperator.next;org/weakref/nitro/operator/HashJoinOperator.produceBatch;org/weakref/nitro/operator/HashJoinOperator.loadInnerIfNecessary;org/weakref/nitro/operator/HashJoinOperator.loadStreamingInner;org/weakref/nitro/operator/FilterOperator.next;org/weakref/nitro/operator/evaluator/PlanEvaluator.evaluateInPlace;org/weakref/nitro/operator/evaluator/PlanEvaluator.evaluateTrueMaskInPlace;org/weakref/nitro/operator/evaluator/PlanEvaluator.evaluateTrueMaskInPlace;org/weakref/nitro/operator/evaluator/PlanEvaluator.evaluateAdaptiveAndTrueMaskInPlace;org/weakref/nitro/operator/evaluator/PlanEvaluator.evaluateMeasuredTrueMaskInPlace;org/weakref/nitro/operator/evaluator/PlanEvaluator.evaluateTrueMaskInPlace;org/weakref/nitro/operator/evaluator/PlanEvaluator.evaluateAdaptiveOrTrueMask;org/weakref/nitro/operator/evaluator/PlanEvaluator.unionMasks;org/weakref/nitro/data/Allocator.unionMask;org/weakref/nitro/data/Mask.or;org/weakref/nitro/data/Mask.union;org/weakref/nitro/data/Mask.create;java/util/Arrays.copyOf;int[]_[i] 1
java/lang/Thread.run;java/lang/Thread.runWith;java/util/concurrent/ThreadPoolExecutor$Worker.run;java/util/concurrent/ThreadPoolExecutor.runWorker;java/util/concurrent/FutureTask.run;java/util/concurrent/Executors$RunnableAdapter.call;java/util/concurrent/FutureTask.run;org/openjdk/jmh/runner/BenchmarkHandler$BenchmarkTask.call;org/openjdk/jmh/runner/BenchmarkHandler$BenchmarkTask.call;java/lang/reflect/Method.invoke;jdk/internal/reflect/DirectMethodHandleAccessor.invoke;jdk/internal/reflect/DirectMethodHandleAccessor.invokeImpl;java/lang/invoke/LambdaForm$MH.0x0000000012061400.invokeExact_MT;java/lang/invoke/LambdaForm$MH.0x0000000012061000.invoke;java/lang/invoke/DirectMethodHandle$Holder.invokeSpecial;org/weakref/nitro/tpcds/jmh_generated/BenchmarkQueries_query88_jmhTest.query88_AverageTime;org/weakref/nitro/tpcds/jmh_generated/BenchmarkQueries_query88_jmhTest.query88_avgt_jmhStub;org/weakref/nitro/tpcds/BenchmarkQueries.query88;org/weakref/nitro/tpcds/BenchmarkQueries.consume;org/weakref/nitro/operator/NestedLoopJoinOperator.next;org/weakref/nitro/operator/NestedLoopJoinOperator.produceBatch;org/weakref/nitro/operator/NestedLoopJoinOperator.loadNextOuterBatch;org/weakref/nitro/operator/NestedLoopJoinOperator.next;org/weakref/nitro/operator/NestedLoopJoinOperator.produceBatch;org/weakref/nitro/operator/NestedLoopJoinOperator.loadNextOuterBatch;org/weakref/nitro/operator/NestedLoopJoinOperator.next;org/weakref/nitro/operator/NestedLoopJoinOperator.produceBatch;org/weakref/nitro/operator/NestedLoopJoinOperator.loadNextOuterBatch;org/weakref/nitro/operator/NestedLoopJoinOperator.next;org/weakref/nitro/operator/NestedLoopJoinOperator.produceBatch;org/weakref/nitro/operator/NestedLoopJoinOperator.loadNextOuterBatch;org/weakref/nitro/operator/NestedLoopJoinOperator.next;org/weakref/nitro/operator/NestedLoopJoinOperator.produceBatch;org/weakref/nitro/operator/NestedLoopJoinOperator.loadInnerIfNecessary;org/weakref/nitro/operator/BufferedJoinInput.loadAll;org/weakref/nitro/operator/BufferedJoinInput.loadAll;org/weakref/nitro/operator/BufferedJoinInput.captureSchema;org/weakref/nitro/operator/Output.borrow;org/weakref/nitro/operator/AggregationOperator$$Lambda.0x0000000012110000.apply;org/weakref/nitro/operator/AggregationOperator.lambda$resultOutput$0;org/weakref/nitro/operator/AggregationOperator.doAggregationIfNeeded;org/weakref/nitro/operator/HashJoinOperator.next;org/weakref/nitro/operator/HashJoinOperator.produceBatch;org/weakref/nitro/operator/HashJoinOperator.produceOrdinaryBatch;org/weakref/nitro/operator/HashJoinOperator.loadNextOuterBatch;org/weakref/nitro/operator/HashJoinOperator.next;org/weakref/nitro/operator/HashJoinOperator.produceBatch;org/weakref/nitro/operator/HashJoinOperator.loadInnerIfNecessary;org/weakref/nitro/operator/HashJoinOperator.loadStreamingInner;org/weakref/nitro/operator/HashJoinOperator$LongJoinIndex.addNoNulls;org/weakref/nitro/operator/HashJoinOperator$LongJoinIndex.addRow;org/weakref/nitro/operator/HashJoinOperator$LongJoinIndex.addDirectRangeRow;org/weakref/nitro/operator/HashJoinOperator$LongJoinIndex.ensureDirectBuildCapacity;org/weakref/nitro/data/PrimitiveArrayPool.borrowInts;int[]_[i] 1
java/lang/Thread.run;java/lang/Thread.runWith;java/util/concurrent/ThreadPoolExecutor$Worker.run;java/util/concurrent/ThreadPoolExecutor.runWorker;java/util/concurrent/FutureTask.run;java/util/concurrent/Executors$RunnableAdapter.call;java/util/concurrent/FutureTask.run;org/openjdk/jmh/runner/BenchmarkHandler$BenchmarkTask.call;org/openjdk/jmh/runner/BenchmarkHandler$BenchmarkTask.call;java/lang/reflect/Method.invoke;jdk/internal/reflect/DirectMethodHandleAccessor.invoke;jdk/internal/reflect/DirectMethodHandleAccessor.invokeImpl;java/lang/invoke/LambdaForm$MH.0x0000000012061400.invokeExact_MT;java/lang/invoke/LambdaForm$MH.0x0000000012061000.invoke;java/lang/invoke/DirectMethodHandle$Holder.invokeSpecial;org/weakref/nitro/tpcds/jmh_generated/BenchmarkQueries_query88_jmhTest.query88_AverageTime;org/weakref/nitro/tpcds/jmh_generated/BenchmarkQueries_query88_jmhTest.query88_avgt_jmhStub;org/weakref/nitro/tpcds/BenchmarkQueries.query88;org/weakref/nitro/tpcds/TpcdsParquetSupport.query88;org/weakref/nitro/tpcds/TpcdsParquetSupport.query88BucketCount;org/weakref/nitro/tpcds/TpcdsParquetSupport.query88Bucket;org/weakref/nitro/operator/HashJoinOperator.<init>;org/weakref/nitro/operator/HashJoinOperator.<init>;org/weakref/nitro/operator/HashJoinOperator$JoinScratch.<init>;long[]_[i] 1
java/lang/Thread.run;java/lang/Thread.runWith;java/util/concurrent/ThreadPoolExecutor$Worker.run;java/util/concurrent/ThreadPoolExecutor.runWorker;java/util/concurrent/FutureTask.run;java/util/concurrent/Executors$RunnableAdapter.call;java/util/concurrent/FutureTask.run;org/openjdk/jmh/runner/BenchmarkHandler$BenchmarkTask.call;org/openjdk/jmh/runner/BenchmarkHandler$BenchmarkTask.call;java/lang/reflect/Method.invoke;jdk/internal/reflect/DirectMethodHandleAccessor.invoke;jdk/internal/reflect/DirectMethodHandleAccessor.invokeImpl;java/lang/invoke/LambdaForm$MH.0x0000000012061400.invokeExact_MT;java/lang/invoke/LambdaForm$MH.0x0000000012061000.invoke;java/lang/invoke/DirectMethodHandle$Holder.invokeSpecial;org/weakref/nitro/tpcds/jmh_generated/BenchmarkQueries_query88_jmhTest.query88_AverageTime;org/weakref/nitro/tpcds/jmh_generated/BenchmarkQueries_query88_jmhTest.query88_avgt_jmhStub;org/weakref/nitro/tpcds/BenchmarkQueries.query88;org/weakref/nitro/tpcds/BenchmarkQueries.consume;org/weakref/nitro/operator/NestedLoopJoinOperator.next;org/weakref/nitro/operator/NestedLoopJoinOperator.produceBatch;org/weakref/nitro/operator/NestedLoopJoinOperator.loadNextOuterBatch;org/weakref/nitro/operator/NestedLoopJoinOperator.next;org/weakref/nitro/operator/NestedLoopJoinOperator.produceBatch;org/weakref/nitro/operator/NestedLoopJoinOperator.loadNextOuterBatch;org/weakref/nitro/operator/NestedLoopJoinOperator.next;org/weakref/nitro/operator/NestedLoopJoinOperator.produceBatch;org/weakref/nitro/operator/NestedLoopJoinOperator.loadNextOuterBatch;org/weakref/nitro/operator/NestedLoopJoinOperator.next;org/weakref/nitro/operator/NestedLoopJoinOperator.produceBatch;org/weakref/nitro/operator/NestedLoopJoinOperator.loadNextOuterBatch;org/weakref/nitro/operator/NestedLoopJoinOperator.next;org/weakref/nitro/operator/NestedLoopJoinOperator.produceBatch;org/weakref/nitro/operator/NestedLoopJoinOperator.loadInnerIfNecessary;org/weakref/nitro/operator/BufferedJoinInput.loadAll;org/weakref/nitro/operator/BufferedJoinInput.loadAll;org/weakref/nitro/operator/BufferedJoinInput.captureSchema;org/weakref/nitro/operator/Output.borrow;org/weakref/nitro/operator/AggregationOperator$$Lambda.0x0000000012110000.apply;org/weakref/nitro/operator/AggregationOperator.lambda$resultOutput$0;org/weakref/nitro/operator/AggregationOperator.doAggregationIfNeeded;org/weakref/nitro/operator/HashJoinOperator.next;org/weakref/nitro/operator/HashJoinOperator.produceBatch;org/weakref/nitro/operator/HashJoinOperator.produceOrdinaryBatch;org/weakref/nitro/operator/HashJoinOperator.loadNextOuterBatch;org/weakref/nitro/operator/HashJoinOperator.next;org/weakref/nitro/operator/HashJoinOperator.produceBatch;org/weakref/nitro/operator/HashJoinOperator.loadInnerIfNecessary;org/weakref/nitro/operator/HashJoinOperator.loadStreamingInner;org/weakref/nitro/operator/HashJoinOperator.collectBuildKeys;it/unimi/dsi/fastutil/longs/LongOpenHashSet.add;it/unimi/dsi/fastutil/longs/LongOpenHashSet.rehash;long[]_[i] 1
java/lang/Thread.run;java/lang/Thread.runWith;java/util/concurrent/ThreadPoolExecutor$Worker.run;java/util/concurrent/ThreadPoolExecutor.runWorker;java/util/concurrent/FutureTask.run;java/util/concurrent/Executors$RunnableAdapter.call;java/util/concurrent/FutureTask.run;org/openjdk/jmh/runner/BenchmarkHandler$BenchmarkTask.call;org/openjdk/jmh/runner/BenchmarkHandler$BenchmarkTask.call;java/lang/reflect/Method.invoke;jdk/internal/reflect/DirectMethodHandleAccessor.invoke;jdk/internal/reflect/DirectMethodHandleAccessor.invokeImpl;java/lang/invoke/LambdaForm$MH.0x0000000012061400.invokeExact_MT;java/lang/invoke/LambdaForm$MH.0x0000000012061000.invoke;java/lang/invoke/DirectMethodHandle$Holder.invokeSpecial;org/weakref/nitro/tpcds/jmh_generated/BenchmarkQueries_query88_jmhTest.query88_AverageTime;org/weakref/nitro/tpcds/jmh_generated/BenchmarkQueries_query88_jmhTest.query88_avgt_jmhStub;org/weakref/nitro/tpcds/BenchmarkQueries.query88;org/weakref/nitro/tpcds/BenchmarkQueries.consume;org/weakref/nitro/operator/NestedLoopJoinOperator.next;org/weakref/nitro/operator/NestedLoopJoinOperator.produceBatch;org/weakref/nitro/operator/NestedLoopJoinOperator.loadNextOuterBatch;org/weakref/nitro/operator/NestedLoopJoinOperator.next;org/weakref/nitro/operator/NestedLoopJoinOperator.produceBatch;org/weakref/nitro/operator/NestedLoopJoinOperator.loadNextOuterBatch;org/weakref/nitro/operator/NestedLoopJoinOperator.next;org/weakref/nitro/operator/NestedLoopJoinOperator.produceBatch;org/weakref/nitro/operator/NestedLoopJoinOperator.loadNextOuterBatch;org/weakref/nitro/operator/NestedLoopJoinOperator.next;org/weakref/nitro/operator/NestedLoopJoinOperator.produceBatch;org/weakref/nitro/operator/NestedLoopJoinOperator.loadNextOuterBatch;org/weakref/nitro/operator/NestedLoopJoinOperator.next;org/weakref/nitro/operator/NestedLoopJoinOperator.produceBatch;org/weakref/nitro/operator/NestedLoopJoinOperator.loadNextOuterBatch;org/weakref/nitro/operator/NestedLoopJoinOperator.next;org/weakref/nitro/operator/NestedLoopJoinOperator.produceBatch;org/weakref/nitro/operator/NestedLoopJoinOperator.loadNextOuterBatch;org/weakref/nitro/operator/NestedLoopJoinOperator.next;org/weakref/nitro/operator/NestedLoopJoinOperator.produceBatch;org/weakref/nitro/operator/NestedLoopJoinOperator.loadInnerIfNecessary;org/weakref/nitro/operator/BufferedJoinInput.loadAll;org/weakref/nitro/operator/BufferedJoinInput.loadAll;org/weakref/nitro/operator/BufferedJoinInput.captureSchema;org/weakref/nitro/operator/Output.borrow;org/weakref/nitro/operator/AggregationOperator$$Lambda.0x0000000012110000.apply;org/weakref/nitro/operator/AggregationOperator.lambda$resultOutput$0;org/weakref/nitro/operator/AggregationOperator.doAggregationIfNeeded;org/weakref/nitro/operator/HashJoinOperator.next;org/weakref/nitro/operator/HashJoinOperator.produceBatch;org/weakref/nitro/operator/HashJoinOperator.produceOrdinaryBatch;org/weakref/nitro/operator/HashJoinOperator.loadNextOuterBatch;org/weakref/nitro/operator/HashJoinOperator.next;org/weakref/nitro/operator/HashJoinOperator.produceBatch;org/weakref/nitro/operator/HashJoinOperator.produceOrdinaryBatch;org/weakref/nitro/operator/HashJoinOperator.loadNextOuterBatch;org/weakref/nitro/operator/HashJoinOperator.next;org/weakref/nitro/operator/HashJoinOperator.produceBatch;org/weakref/nitro/operator/HashJoinOperator.produceOrdinaryBatch;org/weakref/nitro/operator/HashJoinOperator.loadNextOuterBatch;org/weakref/nitro/operator/NitroParquetScanOperator.hasNext;org/weakref/nitro/operator/NitroParquetScanOperator.ensureWindow;org/weakref/nitro/operator/NitroParquetScanOperator.decodeFilterWindow;org/weakref/nitro/operator/NitroParquetScanOperator.ensureLong;org/weakref/nitro/operator/NitroParquetScanOperator.replaceLongs;org/weakref/nitro/data/PrimitiveArrayPool.borrowLongs;long[]_[i] 2
java/lang/Thread.run;java/lang/Thread.runWith;java/util/concurrent/ThreadPoolExecutor$Worker.run;java/util/concurrent/ThreadPoolExecutor.runWorker;java/util/concurrent/FutureTask.run;java/util/concurrent/Executors$RunnableAdapter.call;java/util/concurrent/FutureTask.run;org/openjdk/jmh/runner/BenchmarkHandler$BenchmarkTask.call;org/openjdk/jmh/runner/BenchmarkHandler$BenchmarkTask.call;java/lang/reflect/Method.invoke;jdk/internal/reflect/DirectMethodHandleAccessor.invoke;jdk/internal/reflect/DirectMethodHandleAccessor.invokeImpl;java/lang/invoke/LambdaForm$MH.0x0000000012061400.invokeExact_MT;java/lang/invoke/LambdaForm$MH.0x0000000012061000.invoke;java/lang/invoke/DirectMethodHandle$Holder.invokeSpecial;org/weakref/nitro/tpcds/jmh_generated/BenchmarkQueries_query88_jmhTest.query88_AverageTime;org/weakref/nitro/tpcds/jmh_generated/BenchmarkQueries_query88_jmhTest.query88_avgt_jmhStub;org/weakref/nitro/tpcds/BenchmarkQueries.query88;org/weakref/nitro/tpcds/TpcdsParquetSupport.query88;org/weakref/nitro/tpcds/TpcdsParquetSupport.query88BucketCount;org/weakref/nitro/tpcds/TpcdsParquetSupport.query88Bucket;org/weakref/nitro/operator/HashJoinOperator.<init>;org/weakref/nitro/operator/HashJoinOperator.<init>;it.unimi.dsi.fastutil.longs.LongList[]_[i] 1
java/lang/Thread.run;java/lang/Thread.runWith;java/util/concurrent/ThreadPoolExecutor$Worker.run;java/util/concurrent/ThreadPoolExecutor.runWorker;java/util/concurrent/FutureTask.run;java/util/concurrent/Executors$RunnableAdapter.call;java/util/concurrent/FutureTask.run;org/openjdk/jmh/runner/BenchmarkHandler$BenchmarkTask.call;org/openjdk/jmh/runner/BenchmarkHandler$BenchmarkTask.call;java/lang/reflect/Method.invoke;jdk/internal/reflect/DirectMethodHandleAccessor.invoke;jdk/internal/reflect/DirectMethodHandleAccessor.invokeImpl;java/lang/invoke/LambdaForm$MH.0x0000000012061400.invokeExact_MT;java/lang/invoke/LambdaForm$MH.0x0000000012061000.invoke;java/lang/invoke/DirectMethodHandle$Holder.invokeSpecial;org/weakref/nitro/tpcds/jmh_generated/BenchmarkQueries_query88_jmhTest.query88_AverageTime;org/weakref/nitro/tpcds/jmh_generated/BenchmarkQueries_query88_jmhTest.query88_avgt_jmhStub;org/weakref/nitro/tpcds/BenchmarkQueries.query88;org/weakref/nitro/tpcds/TpcdsParquetSupport.query88;org/weakref/nitro/tpcds/TpcdsParquetSupport.query88BucketCount;org/weakref/nitro/tpcds/TpcdsParquetSupport.query88Bucket;org/weakref/nitro/tpcds/TpcdsParquetSupport.factScan;org/weakref/nitro/operator/NitroParquetScanOperator.<init>;java/util/stream/ReferencePipeline.toArray;java/util/stream/AbstractPipeline.evaluateToArrayNode;java/util/stream/AbstractPipeline.evaluate;java/util/stream/AbstractPipeline.wrapAndCopyInto;java/util/stream/AbstractPipeline.copyInto;java/util/AbstractList$RandomAccessSpliterator.forEachRemaining;java/util/stream/ReferencePipeline$3$1.accept;org/weakref/nitro/operator/NitroParquetScanOperator$$Lambda.0x0000000012086b58.apply;org/weakref/nitro/parquet/ParquetFile.open;org/weakref/nitro/parquet/ParquetFile.<init>;org/apache/parquet/format/Util.readFileMetaData;org/apache/parquet/format/Util.readFileMetaData;org/apache/parquet/format/Util.read;org/apache/parquet/format/FileMetaData.read;org/apache/parquet/format/FileMetaData$FileMetaDataStandardScheme.read;org/apache/parquet/format/FileMetaData$FileMetaDataStandardScheme.read;org/apache/parquet/format/RowGroup.read;org/apache/parquet/format/RowGroup$RowGroupStandardScheme.read;org/apache/parquet/format/RowGroup$RowGroupStandardScheme.read;org/apache/parquet/format/ColumnChunk.read;org/apache/parquet/format/ColumnChunk$ColumnChunkStandardScheme.read;org/apache/parquet/format/ColumnChunk$ColumnChunkStandardScheme.read;org/apache/parquet/format/ColumnMetaData.read;org/apache/parquet/format/ColumnMetaData$ColumnMetaDataStandardScheme.read;org/apache/parquet/format/ColumnMetaData$ColumnMetaDataStandardScheme.read;java.util.ArrayList_[i] 1
java/lang/Thread.run;java/lang/Thread.runWith;java/util/concurrent/ThreadPoolExecutor$Worker.run;java/util/concurrent/ThreadPoolExecutor.runWorker;java/util/concurrent/FutureTask.run;java/util/concurrent/Executors$RunnableAdapter.call;java/util/concurrent/FutureTask.run;org/openjdk/jmh/runner/BenchmarkHandler$BenchmarkTask.call;org/openjdk/jmh/runner/BenchmarkHandler$BenchmarkTask.call;java/lang/reflect/Method.invoke;jdk/internal/reflect/DirectMethodHandleAccessor.invoke;jdk/internal/reflect/DirectMethodHandleAccessor.invokeImpl;java/lang/invoke/LambdaForm$MH.0x0000000012061400.invokeExact_MT;java/lang/invoke/LambdaForm$MH.0x0000000012061000.invoke;java/lang/invoke/DirectMethodHandle$Holder.invokeSpecial;org/weakref/nitro/tpcds/jmh_generated/BenchmarkQueries_query88_jmhTest.query88_AverageTime;org/weakref/nitro/tpcds/jmh_generated/BenchmarkQueries_query88_jmhTest.query88_avgt_jmhStub;org/weakref/nitro/tpcds/BenchmarkQueries.query88;org/weakref/nitro/tpcds/BenchmarkQueries.consume;org/weakref/nitro/operator/NestedLoopJoinOperator.next;org/weakref/nitro/operator/NestedLoopJoinOperator.produceBatch;org/weakref/nitro/operator/NestedLoopJoinOperator.loadNextOuterBatch;org/weakref/nitro/operator/NestedLoopJoinOperator.next;org/weakref/nitro/operator/NestedLoopJoinOperator.produceBatch;org/weakref/nitro/operator/NestedLoopJoinOperator.loadNextOuterBatch;org/weakref/nitro/operator/NestedLoopJoinOperator.next;org/weakref/nitro/operator/NestedLoopJoinOperator.produceBatch;org/weakref/nitro/operator/NestedLoopJoinOperator.loadNextOuterBatch;org/weakref/nitro/operator/NestedLoopJoinOperator.next;org/weakref/nitro/operator/NestedLoopJoinOperator.produceBatch;org/weakref/nitro/operator/NestedLoopJoinOperator.loadNextOuterBatch;org/weakref/nitro/operator/NestedLoopJoinOperator.next;org/weakref/nitro/operator/NestedLoopJoinOperator.produceBatch;org/weakref/nitro/operator/NestedLoopJoinOperator.loadNextOuterBatch;org/weakref/nitro/operator/NestedLoopJoinOperator.next;org/weakref/nitro/operator/NestedLoopJoinOperator.produceBatch;org/weakref/nitro/operator/NestedLoopJoinOperator.loadNextOuterBatch;org/weakref/nitro/operator/NestedLoopJoinOperator.next;org/weakref/nitro/operator/NestedLoopJoinOperator.produceBatch;org/weakref/nitro/operator/NestedLoopJoinOperator.loadInnerIfNecessary;org/weakref/nitro/operator/BufferedJoinInput.loadAll;org/weakref/nitro/operator/BufferedJoinInput.loadAll;org/weakref/nitro/operator/BufferedJoinInput.captureSchema;org/weakref/nitro/operator/Output.borrow;org/weakref/nitro/operator/AggregationOperator$$Lambda.0x0000000012110000.apply;org/weakref/nitro/operator/AggregationOperator.lambda$resultOutput$0;org/weakref/nitro/operator/AggregationOperator.doAggregationIfNeeded;org/weakref/nitro/operator/HashJoinOperator.next;org/weakref/nitro/operator/HashJoinOperator.produceBatch;org/weakref/nitro/operator/HashJoinOperator.produceOrdinaryBatch;org/weakref/nitro/operator/HashJoinOperator.loadNextOuterBatch;org/weakref/nitro/operator/HashJoinOperator.next;org/weakref/nitro/operator/HashJoinOperator.produceBatch;org/weakref/nitro/operator/HashJoinOperator.produceOrdinaryBatch;org/weakref/nitro/operator/HashJoinOperator.loadNextOuterBatch;org/weakref/nitro/operator/HashJoinOperator.next;org/weakref/nitro/operator/HashJoinOperator.produceBatch;org/weakref/nitro/operator/HashJoinOperator.loadInnerIfNecessary;org/weakref/nitro/operator/HashJoinOperator.loadStreamingInner;org/weakref/nitro/operator/FilterOperator.next;org/weakref/nitro/operator/evaluator/PlanEvaluator.evaluateInPlace;org/weakref/nitro/operator/evaluator/PlanEvaluator.evaluateTrueMaskInPlace;org/weakref/nitro/operator/evaluator/PlanEvaluator.evaluateTrueMaskInPlace;org/weakref/nitro/operator/evaluator/PlanEvaluator.evaluateAdaptiveAndTrueMaskInPlace;org/weakref/nitro/operator/evaluator/PlanEvaluator.evaluateMeasuredTrueMaskInPlace;org/weakref/nitro/operator/evaluator/PlanEvaluator.evaluateTrueMaskInPlace;org/weakref/nitro/operator/evaluator/PlanEvaluator.tryEvaluatePrimitiveTrueMaskInPlace;org/weakref/nitro/operator/evaluator/PlanEvaluator.tryEvaluatePrimitiveMaskInPlace;org/weakref/nitro/operator/evaluator/PlanEvaluator.resolveMaskPrimitiveInvocation;org/weakref/nitro/operator/evaluator/PlanEvaluator.evaluateArgument;org/weakref/nitro/operator/FilterOperator$1.resolve;org/weakref/nitro/operator/Output.borrowOrNull;org/weakref/nitro/operator/Output.borrow;org/weakref/nitro/operator/Output.borrow;org/weakref/nitro/operator/NitroParquetScanOperator$ScanOutputResolver$$Lambda.0x00000000120bc200.apply;org/weakref/nitro/operator/NitroParquetScanOperator$ScanOutputResolver.resolve;org/weakref/nitro/operator/NitroParquetScanOperator.resolveLazyColumn;org/weakref/nitro/operator/NitroParquetScanOperator.drainPendingAdvance;org/weakref/nitro/parquet/ColumnReader.skip;org/weakref/nitro/parquet/ColumnReader.decodeDataPageV1;org/weakref/nitro/parquet/ColumnReader.ensurePageCapacity;org/weakref/nitro/parquet/ColumnReader.ensurePageValueCapacity;org/weakref/nitro/parquet/ColumnReader.replaceInts;org/weakref/nitro/data/PrimitiveArrayPool.borrowInts;int[]_[i] 2
java/lang/Thread.run;java/lang/Thread.runWith;java/util/concurrent/ThreadPoolExecutor$Worker.run;java/util/concurrent/ThreadPoolExecutor.runWorker;java/util/concurrent/FutureTask.run;java/util/concurrent/Executors$RunnableAdapter.call;java/util/concurrent/FutureTask.run;org/openjdk/jmh/runner/BenchmarkHandler$BenchmarkTask.call;org/openjdk/jmh/runner/BenchmarkHandler$BenchmarkTask.call;java/lang/reflect/Method.invoke;jdk/internal/reflect/DirectMethodHandleAccessor.invoke;jdk/internal/reflect/DirectMethodHandleAccessor.invokeImpl;java/lang/invoke/LambdaForm$MH.0x0000000012061400.invokeExact_MT;java/lang/invoke/LambdaForm$MH.0x0000000012061000.invoke;java/lang/invoke/DirectMethodHandle$Holder.invokeSpecial;org/weakref/nitro/tpcds/jmh_generated/BenchmarkQueries_query88_jmhTest.query88_AverageTime;org/weakref/nitro/tpcds/jmh_generated/BenchmarkQueries_query88_jmhTest.query88_avgt_jmhStub;org/weakref/nitro/tpcds/BenchmarkQueries.query88;org/weakref/nitro/tpcds/BenchmarkQueries.consume;org/weakref/nitro/operator/NestedLoopJoinOperator.next;org/weakref/nitro/operator/NestedLoopJoinOperator.produceBatch;org/weakref/nitro/operator/NestedLoopJoinOperator.loadNextOuterBatch;org/weakref/nitro/operator/NestedLoopJoinOperator.next;org/weakref/nitro/operator/NestedLoopJoinOperator.produceBatch;org/weakref/nitro/operator/NestedLoopJoinOperator.loadNextOuterBatch;org/weakref/nitro/operator/NestedLoopJoinOperator.next;org/weakref/nitro/operator/NestedLoopJoinOperator.produceBatch;org/weakref/nitro/operator/NestedLoopJoinOperator.loadNextOuterBatch;org/weakref/nitro/operator/NestedLoopJoinOperator.next;org/weakref/nitro/operator/NestedLoopJoinOperator.produceBatch;org/weakref/nitro/operator/NestedLoopJoinOperator.loadNextOuterBatch;org/weakref/nitro/operator/NestedLoopJoinOperator.next;org/weakref/nitro/operator/NestedLoopJoinOperator.produceBatch;org/weakref/nitro/operator/NestedLoopJoinOperator.loadInnerIfNecessary;org/weakref/nitro/operator/BufferedJoinInput.loadAll;org/weakref/nitro/operator/BufferedJoinInput.loadAll;org/weakref/nitro/operator/BufferedJoinInput.captureSchema;org/weakref/nitro/operator/Output.borrow;org/weakref/nitro/operator/AggregationOperator$$Lambda.0x0000000012110000.apply;org/weakref/nitro/operator/AggregationOperator.lambda$resultOutput$0;org/weakref/nitro/operator/AggregationOperator.doAggregationIfNeeded;org/weakref/nitro/operator/HashJoinOperator.next;org/weakref/nitro/operator/HashJoinOperator.produceBatch;org/weakref/nitro/operator/HashJoinOperator.produceOrdinaryBatch;org/weakref/nitro/operator/HashJoinOperator.loadNextOuterBatch;org/weakref/nitro/operator/HashJoinOperator.next;org/weakref/nitro/operator/HashJoinOperator.produceBatch;org/weakref/nitro/operator/HashJoinOperator.produceOrdinaryBatch;org/weakref/nitro/operator/HashJoinOperator.loadNextOuterBatch;org/weakref/nitro/operator/HashJoinOperator.next;org/weakref/nitro/operator/HashJoinOperator.produceBatch;org/weakref/nitro/operator/HashJoinOperator.loadInnerIfNecessary;org/weakref/nitro/operator/HashJoinOperator.loadStreamingInner;org/weakref/nitro/operator/FilterOperator.next;org/weakref/nitro/operator/evaluator/PlanEvaluator.evaluateInPlace;org/weakref/nitro/operator/evaluator/PlanEvaluator.evaluateTrueMaskInPlace;org/weakref/nitro/operator/evaluator/PlanEvaluator.evaluateTrueMaskInPlace;org/weakref/nitro/operator/evaluator/PlanEvaluator.evaluateAdaptiveAndTrueMaskInPlace;org/weakref/nitro/operator/evaluator/PlanEvaluator.evaluateMeasuredTrueMaskInPlace;org/weakref/nitro/operator/evaluator/PlanEvaluator.evaluateTrueMaskInPlace;org/weakref/nitro/operator/evaluator/PlanEvaluator.tryEvaluatePrimitiveTrueMaskInPlace;org/weakref/nitro/operator/evaluator/PlanEvaluator.tryEvaluatePrimitiveMaskInPlace;org/weakref/nitro/operator/evaluator/PlanEvaluator.resolveMaskPrimitiveInvocation;org/weakref/nitro/operator/evaluator/PlanEvaluator.evaluateArgument;org/weakref/nitro/operator/FilterOperator$1.resolve;org/weakref/nitro/operator/Output.borrowOrNull;org/weakref/nitro/operator/Output.borrow;org/weakref/nitro/operator/Output.borrow;org/weakref/nitro/operator/NitroParquetScanOperator$ScanOutputResolver$$Lambda.0x00000000120bc200.apply;org/weakref/nitro/operator/NitroParquetScanOperator$ScanOutputResolver.resolve;org/weakref/nitro/operator/NitroParquetScanOperator.resolveLazyColumn;org/weakref/nitro/operator/NitroParquetScanOperator.drainPendingAdvance;org/weakref/nitro/parquet/ColumnReader.skip;org/weakref/nitro/parquet/ColumnReader.decodeDataPageV1;org/weakref/nitro/parquet/ColumnReader.ensurePageCapacity;org/weakref/nitro/parquet/ColumnReader.ensurePageNullCapacity;org/weakref/nitro/parquet/ColumnReader.replaceBooleans;org/weakref/nitro/data/PrimitiveArrayPool.borrowBooleans;boolean[]_[i] 1
java/lang/Thread.run;java/lang/Thread.runWith;java/util/concurrent/ThreadPoolExecutor$Worker.run;java/util/concurrent/ThreadPoolExecutor.runWorker;java/util/concurrent/FutureTask.run;java/util/concurrent/Executors$RunnableAdapter.call;java/util/concurrent/FutureTask.run;org/openjdk/jmh/runner/BenchmarkHandler$BenchmarkTask.call;org/openjdk/jmh/runner/BenchmarkHandler$BenchmarkTask.call;java/lang/reflect/Method.invoke;jdk/internal/reflect/DirectMethodHandleAccessor.invoke;jdk/internal/reflect/DirectMethodHandleAccessor.invokeImpl;java/lang/invoke/LambdaForm$MH.0x0000000012061400.invokeExact_MT;java/lang/invoke/LambdaForm$MH.0x0000000012061000.invoke;java/lang/invoke/DirectMethodHandle$Holder.invokeSpecial;org/weakref/nitro/tpcds/jmh_generated/BenchmarkQueries_query88_jmhTest.query88_AverageTime;org/weakref/nitro/tpcds/jmh_generated/BenchmarkQueries_query88_jmhTest.query88_avgt_jmhStub;org/weakref/nitro/tpcds/BenchmarkQueries.query88;org/weakref/nitro/tpcds/BenchmarkQueries.consume;org/weakref/nitro/operator/NestedLoopJoinOperator.next;org/weakref/nitro/operator/NestedLoopJoinOperator.produceBatch;org/weakref/nitro/operator/NestedLoopJoinOperator.loadNextOuterBatch;org/weakref/nitro/operator/NestedLoopJoinOperator.next;org/weakref/nitro/operator/NestedLoopJoinOperator.produceBatch;org/weakref/nitro/operator/NestedLoopJoinOperator.loadNextOuterBatch;org/weakref/nitro/operator/NestedLoopJoinOperator.next;org/weakref/nitro/operator/NestedLoopJoinOperator.produceBatch;org/weakref/nitro/operator/NestedLoopJoinOperator.loadNextOuterBatch;org/weakref/nitro/operator/NestedLoopJoinOperator.next;org/weakref/nitro/operator/NestedLoopJoinOperator.produceBatch;org/weakref/nitro/operator/NestedLoopJoinOperator.loadNextOuterBatch;org/weakref/nitro/operator/NestedLoopJoinOperator.next;org/weakref/nitro/operator/NestedLoopJoinOperator.produceBatch;org/weakref/nitro/operator/NestedLoopJoinOperator.loadNextOuterBatch;org/weakref/nitro/operator/NestedLoopJoinOperator.next;org/weakref/nitro/operator/NestedLoopJoinOperator.produceBatch;org/weakref/nitro/operator/NestedLoopJoinOperator.loadInnerIfNecessary;org/weakref/nitro/operator/BufferedJoinInput.loadAll;org/weakref/nitro/operator/BufferedJoinInput.loadAll;org/weakref/nitro/operator/BufferedJoinInput.captureSchema;org/weakref/nitro/operator/Output.borrow;org/weakref/nitro/operator/AggregationOperator$$Lambda.0x0000000012110000.apply;org/weakref/nitro/operator/AggregationOperator.lambda$resultOutput$0;org/weakref/nitro/operator/AggregationOperator.doAggregationIfNeeded;org/weakref/nitro/operator/HashJoinOperator.next;org/weakref/nitro/operator/HashJoinOperator.produceBatch;org/weakref/nitro/operator/HashJoinOperator.produceOrdinaryBatch;org/weakref/nitro/operator/HashJoinOperator.loadNextOuterBatch;org/weakref/nitro/operator/HashJoinOperator.next;org/weakref/nitro/operator/HashJoinOperator.produceBatch;org/weakref/nitro/operator/HashJoinOperator.produceOrdinaryBatch;org/weakref/nitro/operator/HashJoinOperator.loadNextOuterBatch;org/weakref/nitro/operator/HashJoinOperator.next;org/weakref/nitro/operator/HashJoinOperator.produceBatch;org/weakref/nitro/operator/HashJoinOperator.produceOrdinaryBatch;org/weakref/nitro/operator/HashJoinOperator.loadNextOuterBatch;org/weakref/nitro/operator/NitroParquetScanOperator.hasNext;org/weakref/nitro/operator/NitroParquetScanOperator.ensureWindow;org/weakref/nitro/operator/NitroParquetScanOperator.decodeFilterWindow;org/weakref/nitro/operator/NitroParquetScanOperator.readColumnInto;org/weakref/nitro/operator/NitroParquetScanOperator.ensureColumnScratch;org/weakref/nitro/operator/NitroParquetScanOperator.replaceBooleans;org/weakref/nitro/data/PrimitiveArrayPool.borrowBooleans;boolean[]_[i] 1
java/lang/Thread.run;java/lang/Thread.runWith;java/util/concurrent/ThreadPoolExecutor$Worker.run;java/util/concurrent/ThreadPoolExecutor.runWorker;java/util/concurrent/FutureTask.run;java/util/concurrent/Executors$RunnableAdapter.call;java/util/concurrent/FutureTask.run;org/openjdk/jmh/runner/BenchmarkHandler$BenchmarkTask.call;org/openjdk/jmh/runner/BenchmarkHandler$BenchmarkTask.call;java/lang/reflect/Method.invoke;jdk/internal/reflect/DirectMethodHandleAccessor.invoke;jdk/internal/reflect/DirectMethodHandleAccessor.invokeImpl;java/lang/invoke/LambdaForm$MH.0x0000000012061400.invokeExact_MT;java/lang/invoke/LambdaForm$MH.0x0000000012061000.invoke;java/lang/invoke/DirectMethodHandle$Holder.invokeSpecial;org/weakref/nitro/tpcds/jmh_generated/BenchmarkQueries_query88_jmhTest.query88_AverageTime;org/weakref/nitro/tpcds/jmh_generated/BenchmarkQueries_query88_jmhTest.query88_avgt_jmhStub;org/weakref/nitro/tpcds/BenchmarkQueries.query88;org/weakref/nitro/tpcds/BenchmarkQueries.consume;org/weakref/nitro/operator/NestedLoopJoinOperator.next;org/weakref/nitro/operator/NestedLoopJoinOperator.produceBatch;org/weakref/nitro/operator/NestedLoopJoinOperator.loadNextOuterBatch;org/weakref/nitro/operator/NestedLoopJoinOperator.next;org/weakref/nitro/operator/NestedLoopJoinOperator.produceBatch;org/weakref/nitro/operator/NestedLoopJoinOperator.loadNextOuterBatch;org/weakref/nitro/operator/NestedLoopJoinOperator.next;org/weakref/nitro/operator/NestedLoopJoinOperator.produceBatch;org/weakref/nitro/operator/NestedLoopJoinOperator.loadNextOuterBatch;org/weakref/nitro/operator/NestedLoopJoinOperator.next;org/weakref/nitro/operator/NestedLoopJoinOperator.produceBatch;org/weakref/nitro/operator/NestedLoopJoinOperator.loadNextOuterBatch;org/weakref/nitro/operator/NestedLoopJoinOperator.next;org/weakref/nitro/operator/NestedLoopJoinOperator.produceBatch;org/weakref/nitro/operator/NestedLoopJoinOperator.loadInnerIfNecessary;org/weakref/nitro/operator/BufferedJoinInput.loadAll;org/weakref/nitro/operator/BufferedJoinInput.loadAll;org/weakref/nitro/operator/BufferedJoinInput.captureSchema;org/weakref/nitro/operator/Output.borrow;org/weakref/nitro/operator/AggregationOperator$$Lambda.0x0000000012110000.apply;org/weakref/nitro/operator/AggregationOperator.lambda$resultOutput$0;org/weakref/nitro/operator/AggregationOperator.doAggregationIfNeeded;org/weakref/nitro/operator/HashJoinOperator.next;org/weakref/nitro/operator/HashJoinOperator.produceBatch;org/weakref/nitro/operator/HashJoinOperator.produceOrdinaryBatch;org/weakref/nitro/operator/HashJoinOperator.loadNextOuterBatch;org/weakref/nitro/operator/HashJoinOperator.next;org/weakref/nitro/operator/HashJoinOperator.produceBatch;org/weakref/nitro/operator/HashJoinOperator.produceOrdinaryBatch;org/weakref/nitro/operator/HashJoinOperator.loadNextOuterBatch;org/weakref/nitro/operator/HashJoinOperator.next;org/weakref/nitro/operator/HashJoinOperator.produceBatch;org/weakref/nitro/operator/HashJoinOperator.loadInnerIfNecessary;org/weakref/nitro/operator/HashJoinOperator.loadStreamingInner;org/weakref/nitro/operator/FilterOperator.next;org/weakref/nitro/operator/evaluator/PlanEvaluator.evaluateInPlace;org/weakref/nitro/operator/evaluator/PlanEvaluator.evaluateTrueMaskInPlace;org/weakref/nitro/operator/evaluator/PlanEvaluator.evaluateTrueMaskInPlace;org/weakref/nitro/operator/evaluator/PlanEvaluator.evaluateAdaptiveAndTrueMaskInPlace;org/weakref/nitro/operator/evaluator/PlanEvaluator.evaluateMeasuredTrueMaskInPlace;org/weakref/nitro/operator/evaluator/PlanEvaluator.evaluateTrueMaskInPlace;org/weakref/nitro/operator/evaluator/PlanEvaluator.tryEvaluatePrimitiveTrueMaskInPlace;org/weakref/nitro/operator/evaluator/PlanEvaluator.tryEvaluatePrimitiveMaskInPlace;org/weakref/nitro/operator/evaluator/PlanEvaluator.resolveMaskPrimitiveInvocation;org/weakref/nitro/operator/evaluator/PlanEvaluator.evaluateArgument;org/weakref/nitro/operator/FilterOperator$1.resolve;org/weakref/nitro/operator/Output.borrowOrNull;org/weakref/nitro/operator/Output.borrow;org/weakref/nitro/operator/Output.borrow;org/weakref/nitro/operator/NitroParquetScanOperator$ScanOutputResolver$$Lambda.0x00000000120bc200.apply;org/weakref/nitro/operator/NitroParquetScanOperator$ScanOutputResolver.resolve;org/weakref/nitro/operator/NitroParquetScanOperator.resolveLazyColumn;org/weakref/nitro/operator/NitroParquetScanOperator.decodeFullColumn;org/weakref/nitro/parquet/ColumnReader.readInts;org/weakref/nitro/parquet/ColumnReader.decodeNextDataPage;org/weakref/nitro/parquet/ColumnReader.decodeDataPageV1;org/weakref/nitro/parquet/ColumnReader.ensurePageCapacity;org/weakref/nitro/parquet/ColumnReader.ensurePageNullCapacity;org/weakref/nitro/parquet/ColumnReader.replaceBooleans;org/weakref/nitro/data/PrimitiveArrayPool.borrowBooleans;boolean[]_[i] 1
java/lang/Thread.run;java/lang/Thread.runWith;java/util/concurrent/ThreadPoolExecutor$Worker.run;java/util/concurrent/ThreadPoolExecutor.runWorker;java/util/concurrent/FutureTask.run;java/util/concurrent/Executors$RunnableAdapter.call;java/util/concurrent/FutureTask.run;org/openjdk/jmh/runner/BenchmarkHandler$BenchmarkTask.call;org/openjdk/jmh/runner/BenchmarkHandler$BenchmarkTask.call;java/lang/reflect/Method.invoke;jdk/internal/reflect/DirectMethodHandleAccessor.invoke;jdk/internal/reflect/DirectMethodHandleAccessor.invokeImpl;java/lang/invoke/LambdaForm$MH.0x0000000012061400.invokeExact_MT;java/lang/invoke/LambdaForm$MH.0x0000000012061000.invoke;java/lang/invoke/DirectMethodHandle$Holder.invokeSpecial;org/weakref/nitro/tpcds/jmh_generated/BenchmarkQueries_query88_jmhTest.query88_AverageTime;org/weakref/nitro/tpcds/jmh_generated/BenchmarkQueries_query88_jmhTest.query88_avgt_jmhStub;org/weakref/nitro/tpcds/BenchmarkQueries.query88;org/weakref/nitro/tpcds/TpcdsParquetSupport.query88;org/weakref/nitro/tpcds/TpcdsParquetSupport.query88BucketCount;org/weakref/nitro/tpcds/TpcdsParquetSupport.query88Bucket;org/weakref/nitro/operator/HashJoinOperator.<init>;org/weakref/nitro/operator/HashJoinOperator.<init>;it.unimi.dsi.fastutil.longs.LongList[]_[i] 1
java/lang/Thread.run;java/lang/Thread.runWith;java/util/concurrent/ThreadPoolExecutor$Worker.run;java/util/concurrent/ThreadPoolExecutor.runWorker;java/util/concurrent/FutureTask.run;java/util/concurrent/Executors$RunnableAdapter.call;java/util/concurrent/FutureTask.run;org/openjdk/jmh/runner/BenchmarkHandler$BenchmarkTask.call;org/openjdk/jmh/runner/BenchmarkHandler$BenchmarkTask.call;java/lang/reflect/Method.invoke;jdk/internal/reflect/DirectMethodHandleAccessor.invoke;jdk/internal/reflect/DirectMethodHandleAccessor.invokeImpl;java/lang/invoke/LambdaForm$MH.0x0000000012061400.invokeExact_MT;java/lang/invoke/LambdaForm$MH.0x0000000012061000.invoke;java/lang/invoke/DirectMethodHandle$Holder.invokeSpecial;org/weakref/nitro/tpcds/jmh_generated/BenchmarkQueries_query88_jmhTest.query88_AverageTime;org/weakref/nitro/tpcds/jmh_generated/BenchmarkQueries_query88_jmhTest.query88_avgt_jmhStub;org/weakref/nitro/tpcds/BenchmarkQueries.query88;org/weakref/nitro/tpcds/TpcdsParquetSupport.query88;org/weakref/nitro/tpcds/TpcdsParquetSupport.query88BucketCount;org/weakref/nitro/tpcds/TpcdsParquetSupport.query88Bucket;org/weakref/nitro/operator/HashJoinOperator.<init>;org/weakref/nitro/operator/HashJoinOperator.<init>;org/weakref/nitro/operator/HashJoinOperator$JoinScratch.<init>;int[]_[i] 1
java/lang/Thread.run;java/lang/Thread.runWith;java/util/concurrent/ThreadPoolExecutor$Worker.run;java/util/concurrent/ThreadPoolExecutor.runWorker;java/util/concurrent/FutureTask.run;java/util/concurrent/Executors$RunnableAdapter.call;java/util/concurrent/FutureTask.run;org/openjdk/jmh/runner/BenchmarkHandler$BenchmarkTask.call;org/openjdk/jmh/runner/BenchmarkHandler$BenchmarkTask.call;java/lang/reflect/Method.invoke;jdk/internal/reflect/DirectMethodHandleAccessor.invoke;jdk/internal/reflect/DirectMethodHandleAccessor.invokeImpl;java/lang/invoke/LambdaForm$MH.0x0000000012061400.invokeExact_MT;java/lang/invoke/LambdaForm$MH.0x0000000012061000.invoke;java/lang/invoke/DirectMethodHandle$Holder.invokeSpecial;org/weakref/nitro/tpcds/jmh_generated/BenchmarkQueries_query88_jmhTest.query88_AverageTime;org/weakref/nitro/tpcds/jmh_generated/BenchmarkQueries_query88_jmhTest.query88_avgt_jmhStub;org/weakref/nitro/tpcds/BenchmarkQueries.query88;org/weakref/nitro/tpcds/BenchmarkQueries.consume;org/weakref/nitro/operator/NestedLoopJoinOperator.next;org/weakref/nitro/operator/NestedLoopJoinOperator.produceBatch;org/weakref/nitro/operator/NestedLoopJoinOperator.loadNextOuterBatch;org/weakref/nitro/operator/NestedLoopJoinOperator.next;org/weakref/nitro/operator/NestedLoopJoinOperator.produceBatch;org/weakref/nitro/operator/NestedLoopJoinOperator.loadNextOuterBatch;org/weakref/nitro/operator/NestedLoopJoinOperator.next;org/weakref/nitro/operator/NestedLoopJoinOperator.produceBatch;org/weakref/nitro/operator/NestedLoopJoinOperator.loadNextOuterBatch;org/weakref/nitro/operator/NestedLoopJoinOperator.next;org/weakref/nitro/operator/NestedLoopJoinOperator.produceBatch;org/weakref/nitro/operator/NestedLoopJoinOperator.loadInnerIfNecessary;org/weakref/nitro/operator/BufferedJoinInput.loadAll;org/weakref/nitro/operator/BufferedJoinInput.loadAll;org/weakref/nitro/operator/BufferedJoinInput.captureSchema;org/weakref/nitro/operator/Output.borrow;org/weakref/nitro/operator/AggregationOperator$$Lambda.0x0000000012110000.apply;org/weakref/nitro/operator/AggregationOperator.lambda$resultOutput$0;org/weakref/nitro/operator/AggregationOperator.doAggregationIfNeeded;org/weakref/nitro/operator/HashJoinOperator.next;org/weakref/nitro/operator/HashJoinOperator.produceBatch;org/weakref/nitro/operator/HashJoinOperator.produceOrdinaryBatch;org/weakref/nitro/operator/HashJoinOperator.loadNextOuterBatch;org/weakref/nitro/operator/HashJoinOperator.next;org/weakref/nitro/operator/HashJoinOperator.produceBatch;org/weakref/nitro/operator/HashJoinOperator.produceOrdinaryBatch;org/weakref/nitro/operator/HashJoinOperator.loadNextOuterBatch;org/weakref/nitro/operator/HashJoinOperator.next;org/weakref/nitro/operator/HashJoinOperator.produceBatch;org/weakref/nitro/operator/HashJoinOperator.produceOrdinaryBatch;org/weakref/nitro/operator/HashJoinOperator.loadNextOuterBatch;org/weakref/nitro/operator/NitroParquetScanOperator.hasNext;org/weakref/nitro/operator/NitroParquetScanOperator.ensureWindow;org/weakref/nitro/operator/NitroParquetScanOperator.decodeFilterWindow;org/weakref/nitro/operator/NitroParquetScanOperator.readColumnInto;org/weakref/nitro/operator/NitroParquetScanOperator.ensureColumnScratch;org/weakref/nitro/operator/NitroParquetScanOperator.replaceLongs;org/weakref/nitro/data/PrimitiveArrayPool.borrowLongs;long[]_[i] 4
java/lang/Thread.run;java/lang/Thread.runWith;java/util/concurrent/ThreadPoolExecutor$Worker.run;java/util/concurrent/ThreadPoolExecutor.runWorker;java/util/concurrent/FutureTask.run;java/util/concurrent/Executors$RunnableAdapter.call;java/util/concurrent/FutureTask.run;org/openjdk/jmh/runner/BenchmarkHandler$BenchmarkTask.call;org/openjdk/jmh/runner/BenchmarkHandler$BenchmarkTask.call;java/lang/reflect/Method.invoke;jdk/internal/reflect/DirectMethodHandleAccessor.invoke;jdk/internal/reflect/DirectMethodHandleAccessor.invokeImpl;java/lang/invoke/LambdaForm$MH.0x0000000012061400.invokeExact_MT;java/lang/invoke/LambdaForm$MH.0x0000000012061000.invoke;java/lang/invoke/DirectMethodHandle$Holder.invokeSpecial;org/weakref/nitro/tpcds/jmh_generated/BenchmarkQueries_query88_jmhTest.query88_AverageTime;org/weakref/nitro/tpcds/jmh_generated/BenchmarkQueries_query88_jmhTest.query88_avgt_jmhStub;org/weakref/nitro/tpcds/BenchmarkQueries.query88;org/weakref/nitro/tpcds/BenchmarkQueries.consume;org/weakref/nitro/operator/NestedLoopJoinOperator.next;org/weakref/nitro/operator/NestedLoopJoinOperator.produceBatch;org/weakref/nitro/operator/NestedLoopJoinOperator.loadNextOuterBatch;org/weakref/nitro/operator/NestedLoopJoinOperator.next;org/weakref/nitro/operator/NestedLoopJoinOperator.produceBatch;org/weakref/nitro/operator/NestedLoopJoinOperator.loadNextOuterBatch;org/weakref/nitro/operator/NestedLoopJoinOperator.next;org/weakref/nitro/operator/NestedLoopJoinOperator.produceBatch;org/weakref/nitro/operator/NestedLoopJoinOperator.loadNextOuterBatch;org/weakref/nitro/operator/NestedLoopJoinOperator.next;org/weakref/nitro/operator/NestedLoopJoinOperator.produceBatch;org/weakref/nitro/operator/NestedLoopJoinOperator.loadNextOuterBatch;org/weakref/nitro/operator/NestedLoopJoinOperator.next;org/weakref/nitro/operator/NestedLoopJoinOperator.produceBatch;org/weakref/nitro/operator/NestedLoopJoinOperator.loadInnerIfNecessary;org/weakref/nitro/operator/BufferedJoinInput.loadAll;org/weakref/nitro/operator/BufferedJoinInput.loadAll;org/weakref/nitro/operator/BufferedJoinInput.captureSchema;org/weakref/nitro/operator/Output.borrow;org/weakref/nitro/operator/AggregationOperator$$Lambda.0x0000000012110000.apply;org/weakref/nitro/operator/AggregationOperator.lambda$resultOutput$0;org/weakref/nitro/operator/AggregationOperator.doAggregationIfNeeded;org/weakref/nitro/operator/HashJoinOperator.next;org/weakref/nitro/operator/HashJoinOperator.produceBatch;org/weakref/nitro/operator/HashJoinOperator.produceOrdinaryBatch;org/weakref/nitro/operator/HashJoinOperator.loadNextOuterBatch;org/weakref/nitro/operator/HashJoinOperator.next;org/weakref/nitro/operator/HashJoinOperator.produceBatch;org/weakref/nitro/operator/HashJoinOperator.produceOrdinaryBatch;org/weakref/nitro/operator/HashJoinOperator.loadNextOuterBatch;org/weakref/nitro/operator/HashJoinOperator.next;org/weakref/nitro/operator/HashJoinOperator.produceBatch;org/weakref/nitro/operator/HashJoinOperator.produceOrdinaryBatch;org/weakref/nitro/operator/HashJoinOperator.loadNextOuterBatch;org/weakref/nitro/operator/NitroParquetScanOperator.hasNext;org/weakref/nitro/operator/NitroParquetScanOperator.ensureWindow;org/weakref/nitro/operator/NitroParquetScanOperator.decodeFilterWindow;org/weakref/nitro/operator/NitroParquetScanOperator.ensureLong;org/weakref/nitro/operator/NitroParquetScanOperator.replaceLongs;org/weakref/nitro/data/PrimitiveArrayPool.borrowLongs;long[]_[i] 3
java/lang/Thread.run;java/lang/Thread.runWith;java/util/concurrent/ThreadPoolExecutor$Worker.run;java/util/concurrent/ThreadPoolExecutor.runWorker;java/util/concurrent/FutureTask.run;java/util/concurrent/Executors$RunnableAdapter.call;java/util/concurrent/FutureTask.run;org/openjdk/jmh/runner/BenchmarkHandler$BenchmarkTask.call;org/openjdk/jmh/runner/BenchmarkHandler$BenchmarkTask.call;java/lang/reflect/Method.invoke;jdk/internal/reflect/DirectMethodHandleAccessor.invoke;jdk/internal/reflect/DirectMethodHandleAccessor.invokeImpl;java/lang/invoke/LambdaForm$MH.0x0000000012061400.invokeExact_MT;java/lang/invoke/LambdaForm$MH.0x0000000012061000.invoke;java/lang/invoke/DirectMethodHandle$Holder.invokeSpecial;org/weakref/nitro/tpcds/jmh_generated/BenchmarkQueries_query88_jmhTest.query88_AverageTime;org/weakref/nitro/tpcds/jmh_generated/BenchmarkQueries_query88_jmhTest.query88_avgt_jmhStub;org/weakref/nitro/tpcds/BenchmarkQueries.query88;org/weakref/nitro/tpcds/TpcdsParquetSupport.query88;org/weakref/nitro/tpcds/TpcdsParquetSupport.query88BucketCount;org/weakref/nitro/tpcds/TpcdsParquetSupport.query88Bucket;org/weakref/nitro/operator/HashJoinOperator.<init>;org/weakref/nitro/operator/HashJoinOperator.<init>;org/weakref/nitro/operator/HashJoinOperator$JoinScratch.<init>;int[]_[i] 1
java/lang/Thread.run;java/lang/Thread.runWith;java/util/concurrent/ThreadPoolExecutor$Worker.run;java/util/concurrent/ThreadPoolExecutor.runWorker;java/util/concurrent/FutureTask.run;java/util/concurrent/Executors$RunnableAdapter.call;java/util/concurrent/FutureTask.run;org/openjdk/jmh/runner/BenchmarkHandler$BenchmarkTask.call;org/openjdk/jmh/runner/BenchmarkHandler$BenchmarkTask.call;java/lang/reflect/Method.invoke;jdk/internal/reflect/DirectMethodHandleAccessor.invoke;jdk/internal/reflect/DirectMethodHandleAccessor.invokeImpl;java/lang/invoke/LambdaForm$MH.0x0000000012061400.invokeExact_MT;java/lang/invoke/LambdaForm$MH.0x0000000012061000.invoke;java/lang/invoke/DirectMethodHandle$Holder.invokeSpecial;org/weakref/nitro/tpcds/jmh_generated/BenchmarkQueries_query88_jmhTest.query88_AverageTime;org/weakref/nitro/tpcds/jmh_generated/BenchmarkQueries_query88_jmhTest.query88_avgt_jmhStub;org/weakref/nitro/tpcds/BenchmarkQueries.query88;org/weakref/nitro/tpcds/TpcdsParquetSupport.query88;org/weakref/nitro/tpcds/TpcdsParquetSupport.query88BucketCount;org/weakref/nitro/tpcds/TpcdsParquetSupport.query88Bucket;org/weakref/nitro/operator/HashJoinOperator.<init>;org/weakref/nitro/operator/HashJoinOperator.<init>;org/weakref/nitro/operator/HashJoinOperator$JoinScratch.<init>;int[]_[i] 1
java/lang/Thread.run;java/lang/Thread.runWith;java/util/concurrent/ThreadPoolExecutor$Worker.run;java/util/concurrent/ThreadPoolExecutor.runWorker;java/util/concurrent/FutureTask.run;java/util/concurrent/Executors$RunnableAdapter.call;java/util/concurrent/FutureTask.run;org/openjdk/jmh/runner/BenchmarkHandler$BenchmarkTask.call;org/openjdk/jmh/runner/BenchmarkHandler$BenchmarkTask.call;java/lang/reflect/Method.invoke;jdk/internal/reflect/DirectMethodHandleAccessor.invoke;jdk/internal/reflect/DirectMethodHandleAccessor.invokeImpl;java/lang/invoke/LambdaForm$MH.0x0000000012061400.invokeExact_MT;java/lang/invoke/LambdaForm$MH.0x0000000012061000.invoke;java/lang/invoke/DirectMethodHandle$Holder.invokeSpecial;org/weakref/nitro/tpcds/jmh_generated/BenchmarkQueries_query88_jmhTest.query88_AverageTime;org/weakref/nitro/tpcds/jmh_generated/BenchmarkQueries_query88_jmhTest.query88_avgt_jmhStub;org/weakref/nitro/tpcds/BenchmarkQueries.query88;org/weakref/nitro/tpcds/BenchmarkQueries.consume;org/weakref/nitro/operator/NestedLoopJoinOperator.next;org/weakref/nitro/operator/NestedLoopJoinOperator.produceBatch;org/weakref/nitro/operator/NestedLoopJoinOperator.loadNextOuterBatch;org/weakref/nitro/operator/NestedLoopJoinOperator.next;org/weakref/nitro/operator/NestedLoopJoinOperator.produceBatch;org/weakref/nitro/operator/NestedLoopJoinOperator.loadNextOuterBatch;org/weakref/nitro/operator/NestedLoopJoinOperator.next;org/weakref/nitro/operator/NestedLoopJoinOperator.produceBatch;org/weakref/nitro/operator/NestedLoopJoinOperator.loadNextOuterBatch;org/weakref/nitro/operator/NestedLoopJoinOperator.next;org/weakref/nitro/operator/NestedLoopJoinOperator.produceBatch;org/weakref/nitro/operator/NestedLoopJoinOperator.loadNextOuterBatch;org/weakref/nitro/operator/NestedLoopJoinOperator.next;org/weakref/nitro/operator/NestedLoopJoinOperator.produceBatch;org/weakref/nitro/operator/NestedLoopJoinOperator.loadInnerIfNecessary;org/weakref/nitro/operator/BufferedJoinInput.loadAll;org/weakref/nitro/operator/BufferedJoinInput.loadAll;org/weakref/nitro/operator/BufferedJoinInput.captureSchema;org/weakref/nitro/operator/Output.borrow;org/weakref/nitro/operator/AggregationOperator$$Lambda.0x0000000012110000.apply;org/weakref/nitro/operator/AggregationOperator.lambda$resultOutput$0;org/weakref/nitro/operator/AggregationOperator.doAggregationIfNeeded;org/weakref/nitro/operator/HashJoinOperator.next;org/weakref/nitro/operator/HashJoinOperator.produceBatch;org/weakref/nitro/operator/HashJoinOperator.produceOrdinaryBatch;org/weakref/nitro/operator/HashJoinOperator.loadNextOuterBatch;org/weakref/nitro/operator/HashJoinOperator.next;org/weakref/nitro/operator/HashJoinOperator.produceBatch;org/weakref/nitro/operator/HashJoinOperator.produceOrdinaryBatch;org/weakref/nitro/operator/HashJoinOperator.loadNextOuterBatch;org/weakref/nitro/operator/HashJoinOperator.next;org/weakref/nitro/operator/HashJoinOperator.produceBatch;org/weakref/nitro/operator/HashJoinOperator.loadInnerIfNecessary;org/weakref/nitro/operator/HashJoinOperator.loadStreamingInner;org/weakref/nitro/operator/FilterOperator.next;org/weakref/nitro/operator/evaluator/PlanEvaluator.evaluateInPlace;org/weakref/nitro/operator/evaluator/PlanEvaluator.evaluateTrueMaskInPlace;org/weakref/nitro/operator/evaluator/PlanEvaluator.evaluateTrueMaskInPlace;org/weakref/nitro/operator/evaluator/PlanEvaluator.evaluateAdaptiveAndTrueMaskInPlace;org/weakref/nitro/operator/evaluator/PlanEvaluator.evaluateMeasuredTrueMaskInPlace;org/weakref/nitro/operator/evaluator/PlanEvaluator.evaluateTrueMaskInPlace;org/weakref/nitro/operator/evaluator/PlanEvaluator.tryEvaluatePrimitiveTrueMaskInPlace;org/weakref/nitro/operator/evaluator/PlanEvaluator.tryEvaluatePrimitiveMaskInPlace;org/weakref/nitro/operator/evaluator/PlanEvaluator.resolveMaskPrimitiveInvocation;org/weakref/nitro/operator/evaluator/PlanEvaluator.evaluateArgument;org/weakref/nitro/operator/FilterOperator$1.resolve;org/weakref/nitro/operator/Output.borrowOrNull;org/weakref/nitro/operator/Output.borrow;org/weakref/nitro/operator/Output.borrow;org/weakref/nitro/operator/NitroParquetScanOperator$ScanOutputResolver$$Lambda.0x00000000120bc200.apply;org/weakref/nitro/operator/NitroParquetScanOperator$ScanOutputResolver.resolve;org/weakref/nitro/operator/NitroParquetScanOperator.resolveLazyColumn;org/weakref/nitro/operator/NitroParquetScanOperator.decodeFullColumn;org/weakref/nitro/parquet/ColumnReader.readInts;org/weakref/nitro/parquet/ColumnReader.decodeNextDataPage;org/weakref/nitro/parquet/ColumnReader.decodeDataPageV1;org/weakref/nitro/parquet/ColumnReader.ensureIdCapacity;org/weakref/nitro/parquet/ColumnReader.replaceInts;org/weakref/nitro/data/PrimitiveArrayPool.borrowInts;int[]_[i] 1
java/lang/Thread.run;java/lang/Thread.runWith;java/util/concurrent/ThreadPoolExecutor$Worker.run;java/util/concurrent/ThreadPoolExecutor.runWorker;java/util/concurrent/FutureTask.run;java/util/concurrent/Executors$RunnableAdapter.call;java/util/concurrent/FutureTask.run;org/openjdk/jmh/runner/BenchmarkHandler$BenchmarkTask.call;org/openjdk/jmh/runner/BenchmarkHandler$BenchmarkTask.call;java/lang/reflect/Method.invoke;jdk/internal/reflect/DirectMethodHandleAccessor.invoke;jdk/internal/reflect/DirectMethodHandleAccessor.invokeImpl;java/lang/invoke/LambdaForm$MH.0x0000000012061400.invokeExact_MT;java/lang/invoke/LambdaForm$MH.0x0000000012061000.invoke;java/lang/invoke/DirectMethodHandle$Holder.invokeSpecial;org/weakref/nitro/tpcds/jmh_generated/BenchmarkQueries_query88_jmhTest.query88_AverageTime;org/weakref/nitro/tpcds/jmh_generated/BenchmarkQueries_query88_jmhTest.query88_avgt_jmhStub;org/weakref/nitro/tpcds/BenchmarkQueries.query88;org/weakref/nitro/tpcds/BenchmarkQueries.consume;org/weakref/nitro/operator/NestedLoopJoinOperator.next;org/weakref/nitro/operator/NestedLoopJoinOperator.produceBatch;org/weakref/nitro/operator/NestedLoopJoinOperator.loadNextOuterBatch;org/weakref/nitro/operator/NestedLoopJoinOperator.next;org/weakref/nitro/operator/NestedLoopJoinOperator.produceBatch;org/weakref/nitro/operator/NestedLoopJoinOperator.loadInnerIfNecessary;org/weakref/nitro/operator/BufferedJoinInput.loadAll;org/weakref/nitro/operator/BufferedJoinInput.loadAll;org/weakref/nitro/operator/BufferedJoinInput.captureSchema;org/weakref/nitro/operator/Output.borrow;org/weakref/nitro/operator/AggregationOperator$$Lambda.0x0000000012110000.apply;org/weakref/nitro/operator/AggregationOperator.lambda$resultOutput$0;org/weakref/nitro/operator/AggregationOperator.doAggregationIfNeeded;org/weakref/nitro/operator/HashJoinOperator.next;org/weakref/nitro/operator/HashJoinOperator.produceBatch;org/weakref/nitro/operator/HashJoinOperator.produceOrdinaryBatch;org/weakref/nitro/operator/HashJoinOperator.loadNextOuterBatch;org/weakref/nitro/operator/HashJoinOperator.next;org/weakref/nitro/operator/HashJoinOperator.produceBatch;org/weakref/nitro/operator/HashJoinOperator.produceOrdinaryBatch;org/weakref/nitro/operator/HashJoinOperator.loadNextOuterBatch;org/weakref/nitro/operator/HashJoinOperator.next;org/weakref/nitro/operator/HashJoinOperator.produceBatch;org/weakref/nitro/operator/HashJoinOperator.loadInnerIfNecessary;org/weakref/nitro/operator/HashJoinOperator.loadStreamingInner;org/weakref/nitro/operator/FilterOperator.next;org/weakref/nitro/operator/evaluator/PlanEvaluator.evaluateInPlace;org/weakref/nitro/operator/evaluator/PlanEvaluator.evaluateTrueMaskInPlace;org/weakref/nitro/operator/evaluator/PlanEvaluator.evaluateTrueMaskInPlace;org/weakref/nitro/operator/evaluator/PlanEvaluator.evaluateAdaptiveAndTrueMaskInPlace;org/weakref/nitro/operator/evaluator/PlanEvaluator.evaluateMeasuredTrueMaskInPlace;org/weakref/nitro/operator/evaluator/PlanEvaluator.evaluateTrueMaskInPlace;org/weakref/nitro/operator/evaluator/PlanEvaluator.tryEvaluatePrimitiveTrueMaskInPlace;org/weakref/nitro/operator/evaluator/PlanEvaluator.tryEvaluatePrimitiveMaskInPlace;org/weakref/nitro/operator/evaluator/PlanEvaluator.resolveMaskPrimitiveInvocation;org/weakref/nitro/operator/evaluator/PlanEvaluator.evaluateArgument;org/weakref/nitro/operator/FilterOperator$1.resolve;org/weakref/nitro/operator/Output.borrowOrNull;org/weakref/nitro/operator/Output.borrow;org/weakref/nitro/operator/Output.borrow;org/weakref/nitro/operator/NitroParquetScanOperator$ScanOutputResolver$$Lambda.0x00000000120bc200.apply;org/weakref/nitro/operator/NitroParquetScanOperator$ScanOutputResolver.resolve;org/weakref/nitro/operator/NitroParquetScanOperator.resolveLazyColumn;org/weakref/nitro/operator/NitroParquetScanOperator.decodeFullColumn;org/weakref/nitro/parquet/ColumnReader.readInts;org/weakref/nitro/parquet/ColumnReader.decodeNextDataPage;org/weakref/nitro/parquet/ColumnReader.decodeDataPageV1;org/weakref/nitro/parquet/ColumnReader.ensurePageCapacity;org/weakref/nitro/parquet/ColumnReader.ensurePageValueCapacity;org/weakref/nitro/parquet/ColumnReader.replaceInts;org/weakref/nitro/data/PrimitiveArrayPool.borrowInts;int[]_[i] 2
java/lang/Thread.run;java/lang/Thread.runWith;java/util/concurrent/ThreadPoolExecutor$Worker.run;java/util/concurrent/ThreadPoolExecutor.runWorker;java/util/concurrent/FutureTask.run;java/util/concurrent/Executors$RunnableAdapter.call;java/util/concurrent/FutureTask.run;org/openjdk/jmh/runner/BenchmarkHandler$BenchmarkTask.call;org/openjdk/jmh/runner/BenchmarkHandler$BenchmarkTask.call;java/lang/reflect/Method.invoke;jdk/internal/reflect/DirectMethodHandleAccessor.invoke;jdk/internal/reflect/DirectMethodHandleAccessor.invokeImpl;java/lang/invoke/LambdaForm$MH.0x0000000012061400.invokeExact_MT;java/lang/invoke/LambdaForm$MH.0x0000000012061000.invoke;java/lang/invoke/DirectMethodHandle$Holder.invokeSpecial;org/weakref/nitro/tpcds/jmh_generated/BenchmarkQueries_query88_jmhTest.query88_AverageTime;org/weakref/nitro/tpcds/jmh_generated/BenchmarkQueries_query88_jmhTest.query88_avgt_jmhStub;org/weakref/nitro/tpcds/BenchmarkQueries.query88;org/weakref/nitro/tpcds/TpcdsParquetSupport.query88;org/weakref/nitro/operator/NestedLoopJoinOperator.<init>;org/weakref/nitro/operator/NestedLoopJoinOperator.<init>;int[]_[i] 1
java/lang/Thread.run;java/lang/Thread.runWith;java/util/concurrent/ThreadPoolExecutor$Worker.run;java/util/concurrent/ThreadPoolExecutor.runWorker;java/util/concurrent/FutureTask.run;java/util/concurrent/Executors$RunnableAdapter.call;java/util/concurrent/FutureTask.run;org/openjdk/jmh/runner/BenchmarkHandler$BenchmarkTask.call;org/openjdk/jmh/runner/BenchmarkHandler$BenchmarkTask.call;java/lang/reflect/Method.invoke;jdk/internal/reflect/DirectMethodHandleAccessor.invoke;jdk/internal/reflect/DirectMethodHandleAccessor.invokeImpl;java/lang/invoke/LambdaForm$MH.0x0000000012061400.invokeExact_MT;java/lang/invoke/LambdaForm$MH.0x0000000012061000.invoke;java/lang/invoke/DirectMethodHandle$Holder.invokeSpecial;org/weakref/nitro/tpcds/jmh_generated/BenchmarkQueries_query88_jmhTest.query88_AverageTime;org/weakref/nitro/tpcds/jmh_generated/BenchmarkQueries_query88_jmhTest.query88_avgt_jmhStub;org/weakref/nitro/tpcds/BenchmarkQueries.query88;org/weakref/nitro/tpcds/TpcdsParquetSupport.query88;org/weakref/nitro/tpcds/TpcdsParquetSupport.query88BucketCount;org/weakref/nitro/tpcds/TpcdsParquetSupport.query88Bucket;org/weakref/nitro/operator/HashJoinOperator.<init>;org/weakref/nitro/operator/HashJoinOperator.<init>;org/weakref/nitro/operator/HashJoinOperator$JoinScratch.<init>;int[]_[i] 1
