Script started on 2026-08-09 06:48:31+00:00 [COMMAND="JAVA_HOME=/opt/java/openjdk PATH=/opt/java/openjdk/bin:/opt/mvnd/bin:$PATH /opt/mvnd/bin/mvnd -Dmaven.gitcommitid.skip=true -Djacoco.skip=true -pl testing/trino-tests -Dair.check.skip-all -DskipTests=false -Dtest=TestNitroTpcdsParquetPerformance#testQueryPerformance -Dair.test.jvmsize=12g -Dtrino.test.nitro-tpcds-parquet-data=/root/data/tpcds-parquet-sf10/sf10 -Dtrino.test.nitro-tpcds-engine=nitro -Dtrino.test.nitro-tpcds-query=q23a -Dtrino.test.nitro-tpcds-warmups=5 -Dtrino.test.nitro-tpcds-measurements=3 -Dtrino.test.nitro-query-max-memory=8GB -Dtrino.test.nitro-measure-thread-allocation=true -Dtrino.test.nitro-print-operator-cpu=true -Dtrino.test.nitro-print-operator-cpu-by-plan-node=true test" <not executed on terminal>]
[INFO] Enabling strict checksum verification on all artifact downloads.
[INFO] Processing build on daemon 8c2f5a96
[INFO] Scanning for projects...
[INFO] Loaded 0 groupId for remote repository maven-central
[INFO] Loaded 0 groupId for remote repository google-maven-central-copy
[INFO] Njord 0.9.9 session created
[INFO] BuildTimeEventSpy is registered.
[INFO] 
[INFO] Using the SmartBuilder implementation with a thread count of 7
[INFO] 
[INFO] ------------------------< io.trino:trino-tests >------------------------
[INFO] Building trino-tests 484-SNAPSHOT
[INFO]   from pom.xml
[INFO] --------------------------------[ jar ]---------------------------------
[INFO] Loaded 0 groupId for remote repository ossrh
[INFO] Loaded 0 groupId for remote repository repo.gradle.org
[INFO] Loaded 0 groupId for remote repository central.maven.org
[INFO] 
[INFO] --- git-commit-id:10.0.0:revision (default) @ trino-tests ---
[INFO] 
[INFO] --- build-helper:3.6.1:bsh-property (surefire-enable-preview) @ trino-tests ---
[INFO] 
[INFO] --- resources:3.5.0:resources (default-resources) @ trino-tests ---
[INFO] skip non existing resourceDirectory /root/notes/trino.nitro/testing/trino-tests/src/main/resources
[INFO] 
[INFO] --- compiler:3.15.0:compile (default-compile) @ trino-tests ---
[INFO] Nothing to compile - all classes are up to date.
[INFO] 
[INFO] --- resources:3.5.0:testResources (default-testResources) @ trino-tests ---
[INFO] Copying 266 resources from src/test/resources to target/test-classes
[INFO] 
[INFO] --- compiler:3.15.0:testCompile (default-testCompile) @ trino-tests ---
[INFO] Nothing to compile - all classes are up to date.
[INFO] 
[INFO] --- modernizer:3.4.0:modernizer (modernizer) @ trino-tests ---
[INFO] Skipping modernizer execution!
[INFO] 
[INFO] --- modernizer:3.4.0:modernizer (modernizer-production-code) @ trino-tests ---
[INFO] Skipping modernizer execution!
[INFO] 
[INFO] --- dependency:3.11.0:analyze-only (default) @ trino-tests ---
[INFO] Skipping plugin execution
[INFO] 
[INFO] --- dependency:3.11.0:analyze-duplicate (default) @ trino-tests ---
[INFO] Skipping plugin execution
[INFO] 
[INFO] --- duplicate-finder:2.0.1:check (default) @ trino-tests ---
[INFO] Skipping duplicate-finder execution!
[INFO] 
[INFO] --- surefire:3.5.6:test (default-test) @ trino-tests ---
[INFO] Tests will run in random order. To reproduce ordering use flag -Dsurefire.runOrder.random.seed=4600994356116080
[INFO] Using auto detected provider org.apache.maven.surefire.junitplatform.JUnitPlatformProvider
[INFO] 
[INFO] -------------------------------------------------------
[INFO]  T E S T S
[INFO] -------------------------------------------------------
[WARNING] [stderr] WARNING: Using incubator modules: jdk.incubator.vector
[WARNING] [stderr] 2026-08-09T00:48:34.273-0600	INFO	ForkJoinPool-1-worker-1	io.airlift.log.Logging	Logging to stderr
[INFO] Running io.trino.tests.nitro.TestNitroTpcdsParquetPerformance
[WARNING] [stderr] 2026-08-09T00:48:35.159-0600	INFO	ForkJoinPool-1-worker-1	io.trino.simd.BlockEncodingSimdSupport	Detected SIMD Support for architecture=amd64, vectorBitWidth=512: SimdSupport[capabilities=[COMPRESS_BYTE, EXPAND_BYTE, COMPRESS_SHORT, EXPAND_SHORT, COMPRESS_INT, EXPAND_INT, COMPRESS_LONG, EXPAND_LONG]]
[WARNING] [stderr] WARNING: A restricted method in java.lang.System has been called
[WARNING] [stderr] WARNING: java.lang.System::loadLibrary has been called by com.aayushatharva.brotli4j.Brotli4jLoader in an unnamed module (file:/root/.m2/repository/com/aayushatharva/brotli4j/brotli4j/1.23.0/brotli4j-1.23.0.jar)
[WARNING] [stderr] WARNING: Use --enable-native-access=ALL-UNNAMED to avoid a warning for callers in this module
[WARNING] [stderr] WARNING: Restricted methods will be blocked in a future release unless native access is enabled
[WARNING] [stderr] 
[WARNING] [stderr] 2026-08-09T00:48:36.516-0600	INFO	ForkJoinPool-1-worker-1	io.trino.testing.DistributedQueryRunner	Created DistributedQueryRunner in 1.93s (unclosed instances = 1)
[WARNING] [stderr] 2026-08-09T00:48:36.990-0600	INFO	ForkJoinPool-1-worker-1	stdout	engine,suite,query,measurements,min_ms,p50_ms,p95_ms,mean_ms,cpu_p50_ms,cpu_mean_ms,native_sources
[WARNING] [stderr] 2026-08-09T00:48:54.650-0600	INFO	Notification Thread	io.airlift.stats.JmxGcMonitor	Major GC: application 0.00s, stopped 135.00ms: 12.16GB -> 4.09GB
[WARNING] [stderr] 2026-08-09T00:48:54.650-0600	INFO	Notification Thread	io.airlift.stats.JmxGcMonitor	Major GC: application 0.00s, stopped 135.00ms: 12.16GB -> 4.09GB
[WARNING] [stderr] 2026-08-09T00:48:58.510-0600	INFO	Notification Thread	io.airlift.stats.JmxGcMonitor	Major GC: application 3.70s, stopped 169.00ms: 12.11GB -> 6.63GB
[WARNING] [stderr] 2026-08-09T00:48:58.510-0600	INFO	Notification Thread	io.airlift.stats.JmxGcMonitor	Major GC: application 3.70s, stopped 169.00ms: 12.11GB -> 6.63GB
[WARNING] [stderr] 2026-08-09T00:49:02.152-0600	INFO	Notification Thread	io.airlift.stats.JmxGcMonitor	Major GC: application 3.46s, stopped 181.00ms: 12.14GB -> 5.87GB
[WARNING] [stderr] 2026-08-09T00:49:02.152-0600	INFO	Notification Thread	io.airlift.stats.JmxGcMonitor	Major GC: application 3.46s, stopped 181.00ms: 12.14GB -> 5.87GB
[WARNING] [stderr] 2026-08-09T00:49:17.235-0600	INFO	ForkJoinPool-1-worker-1	stdout	operator_cpu,nitro,0/ExchangeOperator@6055,1,0.000,0.046,0.000,0,4,4,5530.000,0.000,0.000
[WARNING] [stderr] 2026-08-09T00:49:17.235-0600	INFO	ForkJoinPool-1-worker-1	stdout	operator_cpu,nitro,0/LocalExchangeSourceOperator@6047,1,0.000,0.012,0.000,0,4,4,5530.000,0.000,0.000
[WARNING] [stderr] 2026-08-09T00:49:17.235-0600	INFO	ForkJoinPool-1-worker-1	stdout	operator_cpu,nitro,0/TaskOutputOperator@180,1,0.034,0.000,0.005,0,1,1,0.000,0.000,0.000
[WARNING] [stderr] 2026-08-09T00:49:17.235-0600	INFO	ForkJoinPool-1-worker-1	stdout	operator_cpu,nitro,0/LocalExchangeSinkOperator@6047,1,0.029,0.000,0.010,0,4,4,0.000,0.000,0.000
[WARNING] [stderr] 2026-08-09T00:49:17.235-0600	INFO	ForkJoinPool-1-worker-1	stdout	operator_cpu,nitro,0/TrinoNitroAggregationOperator@174,1,0.083,0.050,0.002,0,4,1,0.000,0.000,0.000
[WARNING] [stderr] 2026-08-09T00:49:17.235-0600	INFO	ForkJoinPool-1-worker-1	stdout	operator_cpu,nitro,1/ExchangeOperator@4458,2,0.000,0.401,0.000,0,500000,500000,29.660,1.908,0.000
[WARNING] [stderr] 2026-08-09T00:49:17.235-0600	INFO	ForkJoinPool-1-worker-1	stdout	operator_cpu,nitro,1/ExchangeOperator@4457,2,0.000,54.980,0.000,0,28800991,28800991,1816.770,18.553,0.000
[WARNING] [stderr] 2026-08-09T00:49:17.235-0600	INFO	ForkJoinPool-1-worker-1	stdout	operator_cpu,nitro,1/LocalExchangeSourceOperator@5727,2,0.000,0.005,0.000,0,2,2,10560.000,0.000,0.000
[WARNING] [stderr] 2026-08-09T00:49:17.235-0600	INFO	ForkJoinPool-1-worker-1	stdout	operator_cpu,nitro,1/TrinoNitroHashBuildOperator@64,2,0.026,0.000,0.041,0,2,0,145.540,0.000,0.000
[WARNING] [stderr] 2026-08-09T00:49:17.235-0600	INFO	ForkJoinPool-1-worker-1	stdout	operator_cpu,nitro,1/TaskOutputOperator@6051,2,0.084,0.000,0.003,0,2,2,0.000,0.000,0.000
[WARNING] [stderr] 2026-08-09T00:49:17.236-0600	INFO	ForkJoinPool-1-worker-1	stdout	operator_cpu,nitro,1/TrinoNitroPageProcessor@5068,2,0.158,0.218,0.005,0,2,2,0.000,0.000,0.000
[WARNING] [stderr] 2026-08-09T00:49:17.236-0600	INFO	ForkJoinPool-1-worker-1	stdout	operator_cpu,nitro,1/TrinoNitroHashJoinOperator@30,2,3.290,1084.230,0.029,0,28800991,27504738,221.080,11.697,0.000
[WARNING] [stderr] 2026-08-09T00:49:17.236-0600	INFO	ForkJoinPool-1-worker-1	stdout	operator_cpu,nitro,1/TrinoNitroPageProcessor@74,2,0.803,15.940,0.058,0,495848,61,0.000,1.266,0.000
[WARNING] [stderr] 2026-08-09T00:49:17.236-0600	INFO	ForkJoinPool-1-worker-1	stdout	operator_cpu,nitro,1/TrinoNitroAggregationOperator@6051,2,0.000,0.093,0.041,0,0,2,0.000,0.000,0.000
[WARNING] [stderr] 2026-08-09T00:49:17.236-0600	INFO	ForkJoinPool-1-worker-1	stdout	operator_cpu,nitro,1/TrinoNitroAggregationOperator@2036,2,0.150,0.130,0.001,0,61,61,0.000,0.250,0.000
[WARNING] [stderr] 2026-08-09T00:49:17.236-0600	INFO	ForkJoinPool-1-worker-1	stdout	operator_cpu,nitro,1/TrinoNitroAggregationOperator@6078,2,8.620,1270.190,0.174,0,27504738,495848,0.000,24.498,0.000
[WARNING] [stderr] 2026-08-09T00:49:17.236-0600	INFO	ForkJoinPool-1-worker-1	stdout	operator_cpu,nitro,1/ExchangeOperator@4465,2,0.000,0.027,0.000,0,2,2,10720.000,0.000,0.000
[WARNING] [stderr] 2026-08-09T00:49:17.236-0600	INFO	ForkJoinPool-1-worker-1	stdout	operator_cpu,nitro,1/LocalExchangeSourceOperator@5721,2,0.000,0.041,0.000,0,500000,500000,406.980,0.000,0.000
[WARNING] [stderr] 2026-08-09T00:49:17.236-0600	INFO	ForkJoinPool-1-worker-1	stdout	operator_cpu,nitro,1/TrinoNitroHashJoinOperator@1580,2,0.098,0.211,0.002,0,6941,0,10600.000,2.611,0.000
[WARNING] [stderr] 2026-08-09T00:49:17.236-0600	INFO	ForkJoinPool-1-worker-1	stdout	operator_cpu,nitro,1/LocalExchangeSourceOperator@6080,2,0.000,0.008,0.000,0,495848,495848,10880.000,0.000,0.000
[WARNING] [stderr] 2026-08-09T00:49:17.236-0600	INFO	ForkJoinPool-1-worker-1	stdout	operator_cpu,nitro,1/DynamicFilterSourceOperator@1580,2,0.014,0.032,0.121,0,61,61,0.000,0.001,0.000
[WARNING] [stderr] 2026-08-09T00:49:17.236-0600	INFO	ForkJoinPool-1-worker-1	stdout	operator_cpu,nitro,1/TrinoNitroAggregationOperator@35,2,10.680,15.180,0.079,0,495848,495848,0.000,23.099,0.000
[WARNING] [stderr] 2026-08-09T00:49:17.236-0600	INFO	ForkJoinPool-1-worker-1	stdout	operator_cpu,nitro,1/LocalExchangeSinkOperator@5721,2,0.048,0.000,0.027,0,500000,500000,0.000,0.000,0.000
[WARNING] [stderr] 2026-08-09T00:49:17.236-0600	INFO	ForkJoinPool-1-worker-1	stdout	operator_cpu,nitro,1/DynamicFilterSourceOperator@30,2,1.582,0.018,0.183,0,500000,500000,0.000,0.001,0.000
[WARNING] [stderr] 2026-08-09T00:49:17.236-0600	INFO	ForkJoinPool-1-worker-1	stdout	operator_cpu,nitro,1/LocalExchangeSinkOperator@6080,2,0.013,0.000,0.036,0,495848,495848,0.000,0.000,0.000
[WARNING] [stderr] 2026-08-09T00:49:17.236-0600	INFO	ForkJoinPool-1-worker-1	stdout	operator_cpu,nitro,1/TrinoNitroHashJoinOperator@64,2,0.108,9.340,0.057,0,495848,495848,10810.000,3.937,0.000
[WARNING] [stderr] 2026-08-09T00:49:17.236-0600	INFO	ForkJoinPool-1-worker-1	stdout	operator_cpu,nitro,1/ExchangeOperator@4466,2,0.000,0.059,0.000,0,6941,6941,10280.000,0.067,0.000
[WARNING] [stderr] 2026-08-09T00:49:17.236-0600	INFO	ForkJoinPool-1-worker-1	stdout	operator_cpu,nitro,1/TrinoNitroHashBuildOperator@1580,2,0.026,0.000,0.269,0,61,0,0.243,2.612,0.000
[WARNING] [stderr] 2026-08-09T00:49:17.237-0600	INFO	ForkJoinPool-1-worker-1	stdout	operator_cpu,nitro,1/LocalExchangeSinkOperator@5727,2,0.014,0.000,0.017,0,2,2,0.000,0.000,0.000
[WARNING] [stderr] 2026-08-09T00:49:17.237-0600	INFO	ForkJoinPool-1-worker-1	stdout	operator_cpu,nitro,1/TrinoNitroHashBuildOperator@30,2,0.034,0.000,6.190,0,500000,0,10260.000,6.655,0.000
[WARNING] [stderr] 2026-08-09T00:49:17.237-0600	INFO	ForkJoinPool-1-worker-1	stdout	operator_cpu,nitro,19/ExchangeOperator@4475,2,0.000,0.494,0.000,0,500000,500000,9.060,1.908,0.000
[WARNING] [stderr] 2026-08-09T00:49:17.237-0600	INFO	ForkJoinPool-1-worker-1	stdout	operator_cpu,nitro,19/ExchangeOperator@4474,2,0.000,54.510,0.000,0,28800991,28800991,1414.010,17.942,0.000
[WARNING] [stderr] 2026-08-09T00:49:17.237-0600	INFO	ForkJoinPool-1-worker-1	stdout	operator_cpu,nitro,19/LocalExchangeSourceOperator@5738,2,0.000,0.011,0.000,0,2,2,10770.000,0.000,0.000
[WARNING] [stderr] 2026-08-09T00:49:17.237-0600	INFO	ForkJoinPool-1-worker-1	stdout	operator_cpu,nitro,19/TrinoNitroHashBuildOperator@148,2,0.019,0.000,0.037,0,2,0,55.860,0.000,0.000
[WARNING] [stderr] 2026-08-09T00:49:17.237-0600	INFO	ForkJoinPool-1-worker-1	stdout	operator_cpu,nitro,19/TaskOutputOperator@6053,2,0.094,0.000,0.006,0,2,2,0.000,0.000,0.000
[WARNING] [stderr] 2026-08-09T00:49:17.237-0600	INFO	ForkJoinPool-1-worker-1	stdout	operator_cpu,nitro,19/TrinoNitroPageProcessor@5111,2,0.071,0.118,0.002,0,2,2,0.000,0.000,0.000
[WARNING] [stderr] 2026-08-09T00:49:17.237-0600	INFO	ForkJoinPool-1-worker-1	stdout	operator_cpu,nitro,19/TrinoNitroHashJoinOperator@114,2,3.470,1085.570,0.071,0,28800991,27504738,184.230,11.541,0.000
[WARNING] [stderr] 2026-08-09T00:49:17.237-0600	INFO	ForkJoinPool-1-worker-1	stdout	operator_cpu,nitro,19/TrinoNitroPageProcessor@158,2,1.217,16.360,0.076,0,495848,61,0.000,1.266,0.000
[WARNING] [stderr] 2026-08-09T00:49:17.237-0600	INFO	ForkJoinPool-1-worker-1	stdout	operator_cpu,nitro,19/TrinoNitroAggregationOperator@6053,2,0.000,0.084,0.038,0,0,2,0.000,0.000,0.000
[WARNING] [stderr] 2026-08-09T00:49:17.237-0600	INFO	ForkJoinPool-1-worker-1	stdout	operator_cpu,nitro,19/TrinoNitroAggregationOperator@2048,2,0.198,0.173,0.001,0,61,61,0.000,0.250,0.000
[WARNING] [stderr] 2026-08-09T00:49:17.237-0600	INFO	ForkJoinPool-1-worker-1	stdout	operator_cpu,nitro,19/TrinoNitroAggregationOperator@6136,2,8.610,1269.700,0.256,0,27504738,495848,0.000,26.507,0.000
[WARNING] [stderr] 2026-08-09T00:49:17.237-0600	INFO	ForkJoinPool-1-worker-1	stdout	operator_cpu,nitro,19/ExchangeOperator@4482,2,0.000,0.020,0.000,0,2,2,10770.000,0.000,0.000
[WARNING] [stderr] 2026-08-09T00:49:17.237-0600	INFO	ForkJoinPool-1-worker-1	stdout	operator_cpu,nitro,19/LocalExchangeSourceOperator@5732,2,0.000,0.033,0.000,0,500000,500000,393.960,0.000,0.000
[WARNING] [stderr] 2026-08-09T00:49:17.237-0600	INFO	ForkJoinPool-1-worker-1	stdout	operator_cpu,nitro,19/TrinoNitroHashJoinOperator@1588,2,0.076,0.180,0.001,0,3317,0,10790.000,2.611,0.000
[WARNING] [stderr] 2026-08-09T00:49:17.237-0600	INFO	ForkJoinPool-1-worker-1	stdout	operator_cpu,nitro,19/LocalExchangeSourceOperator@6138,2,0.000,0.022,0.000,0,495848,495848,10620.000,0.000,0.000
[WARNING] [stderr] 2026-08-09T00:49:17.237-0600	INFO	ForkJoinPool-1-worker-1	stdout	operator_cpu,nitro,19/DynamicFilterSourceOperator@1588,2,0.019,0.038,0.126,0,61,61,0.000,0.001,0.000
[WARNING] [stderr] 2026-08-09T00:49:17.237-0600	INFO	ForkJoinPool-1-worker-1	stdout	operator_cpu,nitro,19/TrinoNitroAggregationOperator@119,2,13.340,15.450,0.115,0,495848,495848,0.000,23.099,0.000
[WARNING] [stderr] 2026-08-09T00:49:17.237-0600	INFO	ForkJoinPool-1-worker-1	stdout	operator_cpu,nitro,19/LocalExchangeSinkOperator@5732,2,0.036,0.000,0.021,0,500000,500000,0.000,0.000,0.000
[WARNING] [stderr] 2026-08-09T00:49:17.238-0600	INFO	ForkJoinPool-1-worker-1	stdout	operator_cpu,nitro,19/DynamicFilterSourceOperator@114,2,1.539,0.016,0.108,0,500000,500000,0.000,0.001,0.000
[WARNING] [stderr] 2026-08-09T00:49:17.238-0600	INFO	ForkJoinPool-1-worker-1	stdout	operator_cpu,nitro,19/LocalExchangeSinkOperator@6138,2,0.017,0.000,0.019,0,495848,495848,0.000,0.000,0.000
[WARNING] [stderr] 2026-08-09T00:49:17.238-0600	INFO	ForkJoinPool-1-worker-1	stdout	operator_cpu,nitro,19/TrinoNitroHashJoinOperator@148,2,0.198,9.700,0.074,0,495848,495848,10650.000,3.937,0.000
[WARNING] [stderr] 2026-08-09T00:49:17.238-0600	INFO	ForkJoinPool-1-worker-1	stdout	operator_cpu,nitro,19/ExchangeOperator@4483,2,0.000,0.041,0.000,0,3317,3317,10510.000,0.032,0.000
[WARNING] [stderr] 2026-08-09T00:49:17.238-0600	INFO	ForkJoinPool-1-worker-1	stdout	operator_cpu,nitro,19/TrinoNitroHashBuildOperator@1588,2,0.034,0.000,0.337,0,61,0,0.235,2.612,0.000
[WARNING] [stderr] 2026-08-09T00:49:17.238-0600	INFO	ForkJoinPool-1-worker-1	stdout	operator_cpu,nitro,19/LocalExchangeSinkOperator@5738,2,0.010,0.000,0.015,0,2,2,0.000,0.000,0.000
[WARNING] [stderr] 2026-08-09T00:49:17.238-0600	INFO	ForkJoinPool-1-worker-1	stdout	operator_cpu,nitro,19/TrinoNitroHashBuildOperator@114,2,0.027,0.000,5.540,0,500000,0,10130.000,6.655,0.000
[WARNING] [stderr] 2026-08-09T00:49:17.238-0600	INFO	ForkJoinPool-1-worker-1	stdout	operator_cpu,nitro,2/ExchangeOperator@4455,2,0.000,1.075,0.000,0,102000,102000,35.830,4.281,0.000
[WARNING] [stderr] 2026-08-09T00:49:17.238-0600	INFO	ForkJoinPool-1-worker-1	stdout	operator_cpu,nitro,2/LocalExchangeSourceOperator@5719,2,0.000,0.040,0.000,0,102000,102000,321.750,0.000,0.000
[WARNING] [stderr] 2026-08-09T00:49:17.238-0600	INFO	ForkJoinPool-1-worker-1	stdout	operator_cpu,nitro,2/ExchangeOperator@4454,2,0.000,18.500,0.000,0,16554780,16554780,1206.830,20.495,0.000
[WARNING] [stderr] 2026-08-09T00:49:17.238-0600	INFO	ForkJoinPool-1-worker-1	stdout	operator_cpu,nitro,2/ExchangeOperator@4456,2,0.000,0.333,0.000,0,131247,131247,6240.000,1.776,0.000
[WARNING] [stderr] 2026-08-09T00:49:17.238-0600	INFO	ForkJoinPool-1-worker-1	stdout	operator_cpu,nitro,2/TrinoNitroHashJoinOperator@1583,2,0.152,2.360,0.066,0,131247,6941,10010.000,1.187,0.000
[WARNING] [stderr] 2026-08-09T00:49:17.238-0600	INFO	ForkJoinPool-1-worker-1	stdout	operator_cpu,nitro,2/TrinoNitroAggregationOperator@12,2,3540.000,113.840,0.444,0,16542042,4221,0.000,392.261,0.000
[WARNING] [stderr] 2026-08-09T00:49:17.238-0600	INFO	ForkJoinPool-1-worker-1	stdout	operator_cpu,nitro,2/TrinoNitroHashJoinOperator@7,2,2.290,1882.120,0.087,0,16554780,16554780,188.780,6.225,0.000
[WARNING] [stderr] 2026-08-09T00:49:17.238-0600	INFO	ForkJoinPool-1-worker-1	stdout	operator_cpu,nitro,2/LocalExchangeSinkOperator@5719,2,0.071,0.000,0.026,0,102000,102000,0.000,0.000,0.000
[WARNING] [stderr] 2026-08-09T00:49:17.238-0600	INFO	ForkJoinPool-1-worker-1	stdout	operator_cpu,nitro,2/DynamicFilterSourceOperator@7,2,1.564,0.021,0.002,0,102000,102000,0.000,0.141,0.000
[WARNING] [stderr] 2026-08-09T00:49:17.238-0600	INFO	ForkJoinPool-1-worker-1	stdout	operator_cpu,nitro,2/DynamicFilterSourceOperator@1583,2,0.437,0.922,0.824,0,4109,4109,0.000,0.035,0.000
[WARNING] [stderr] 2026-08-09T00:49:17.238-0600	INFO	ForkJoinPool-1-worker-1	stdout	operator_cpu,nitro,2/LocalExchangeSinkOperator@6069,2,2.017,0.000,0.022,0,16542042,16542042,766.750,0.000,0.000
[WARNING] [stderr] 2026-08-09T00:49:17.238-0600	INFO	ForkJoinPool-1-worker-1	stdout	operator_cpu,nitro,2/PartitionedOutputOperator@1583,2,0.137,0.000,0.201,0,6941,6941,0.000,0.000,0.000
[WARNING] [stderr] 2026-08-09T00:49:17.238-0600	INFO	ForkJoinPool-1-worker-1	stdout	operator_cpu,nitro,2/TrinoNitroHashBuildOperator@1583,2,0.460,0.000,1.475,0,4109,0,141.020,1.179,0.000
[WARNING] [stderr] 2026-08-09T00:49:17.238-0600	INFO	ForkJoinPool-1-worker-1	stdout	operator_cpu,nitro,2/TrinoNitroAggregationOperator@2042,2,2.600,2.150,0.002,0,4221,4109,0.000,0.033,0.000
[WARNING] [stderr] 2026-08-09T00:49:17.238-0600	INFO	ForkJoinPool-1-worker-1	stdout	operator_cpu,nitro,2/LocalExchangeSourceOperator@6069,2,0.000,2.480,0.000,0,16542042,16542042,1905.790,0.000,0.000
[WARNING] [stderr] 2026-08-09T00:49:17.239-0600	INFO	ForkJoinPool-1-worker-1	stdout	operator_cpu,nitro,2/TrinoNitroAggregationOperator@6067,2,6.870,1403.720,0.297,0,16554780,16542042,0.000,74.544,0.000
[WARNING] [stderr] 2026-08-09T00:49:17.239-0600	INFO	ForkJoinPool-1-worker-1	stdout	operator_cpu,nitro,2/TrinoNitroHashBuildOperator@7,2,0.245,0.000,4.880,0,102000,0,8970.000,18.154,0.000
[WARNING] [stderr] 2026-08-09T00:49:17.239-0600	INFO	ForkJoinPool-1-worker-1	stdout	operator_cpu,nitro,10/TrinoNitroPipelineSourceOperator@5052,12,0.000,394.770,0.000,28800991,28800991,28800991,160.580,0.219,0.000
[WARNING] [stderr] 2026-08-09T00:49:17.239-0600	INFO	ForkJoinPool-1-worker-1	stdout	operator_cpu,nitro,10/PartitionedOutputOperator@5052,12,557.300,0.000,0.693,0,28800991,28800991,3460.000,0.000,0.000
[WARNING] [stderr] 2026-08-09T00:49:17.239-0600	INFO	ForkJoinPool-1-worker-1	stdout	operator_cpu,nitro,11/TrinoNitroPipelineSourceOperator@29,1,0.000,4.770,0.000,500000,500000,500000,0.000,0.086,0.000
[WARNING] [stderr] 2026-08-09T00:49:17.239-0600	INFO	ForkJoinPool-1-worker-1	stdout	operator_cpu,nitro,11/PartitionedOutputOperator@29,1,1.550,0.000,0.061,0,500000,500000,0.000,0.000,0.000
[WARNING] [stderr] 2026-08-09T00:49:17.239-0600	INFO	ForkJoinPool-1-worker-1	stdout	operator_cpu,nitro,12/ExchangeOperator@6097,1,0.000,0.030,0.000,0,2,2,5460.000,0.000,0.000
[WARNING] [stderr] 2026-08-09T00:49:17.239-0600	INFO	ForkJoinPool-1-worker-1	stdout	operator_cpu,nitro,12/LocalExchangeSourceOperator@6091,1,0.000,0.008,0.000,0,2,2,5450.000,0.000,0.000
[WARNING] [stderr] 2026-08-09T00:49:17.239-0600	INFO	ForkJoinPool-1-worker-1	stdout	operator_cpu,nitro,12/TaskOutputOperator@53,1,0.049,0.000,0.001,0,1,1,0.000,0.000,0.000
[WARNING] [stderr] 2026-08-09T00:49:17.239-0600	INFO	ForkJoinPool-1-worker-1	stdout	operator_cpu,nitro,12/LocalExchangeSinkOperator@6091,1,0.014,0.000,0.023,0,2,2,0.000,0.000,0.000
[WARNING] [stderr] 2026-08-09T00:49:17.239-0600	INFO	ForkJoinPool-1-worker-1	stdout	operator_cpu,nitro,12/TrinoNitroAggregationOperator@53,1,0.049,0.034,0.001,0,2,1,0.000,0.000,0.000
[WARNING] [stderr] 2026-08-09T00:49:17.239-0600	INFO	ForkJoinPool-1-worker-1	stdout	operator_cpu,nitro,20/ExchangeOperator@4472,2,0.000,1.367,0.000,0,102000,102000,29.380,4.290,0.000
[WARNING] [stderr] 2026-08-09T00:49:17.239-0600	INFO	ForkJoinPool-1-worker-1	stdout	operator_cpu,nitro,20/LocalExchangeSourceOperator@5730,2,0.000,0.038,0.000,0,102000,102000,288.440,0.000,0.000
[WARNING] [stderr] 2026-08-09T00:49:17.239-0600	INFO	ForkJoinPool-1-worker-1	stdout	operator_cpu,nitro,20/ExchangeOperator@4471,2,0.000,15.950,0.000,0,16554780,16554780,2720.000,20.031,0.000
[WARNING] [stderr] 2026-08-09T00:49:17.239-0600	INFO	ForkJoinPool-1-worker-1	stdout	operator_cpu,nitro,20/ExchangeOperator@4473,2,0.000,0.146,0.000,0,64097,64097,3650.000,0.871,0.000
[WARNING] [stderr] 2026-08-09T00:49:17.239-0600	INFO	ForkJoinPool-1-worker-1	stdout	operator_cpu,nitro,20/TrinoNitroHashJoinOperator@1591,2,0.137,1.289,0.044,0,64097,3317,7920.000,1.164,0.000
[WARNING] [stderr] 2026-08-09T00:49:17.239-0600	INFO	ForkJoinPool-1-worker-1	stdout	operator_cpu,nitro,20/TrinoNitroAggregationOperator@96,2,3390.000,112.030,0.438,0,16539073,4221,0.000,392.063,0.000
[WARNING] [stderr] 2026-08-09T00:49:17.239-0600	INFO	ForkJoinPool-1-worker-1	stdout	operator_cpu,nitro,20/TrinoNitroHashJoinOperator@91,2,1.969,1786.830,0.009,0,16554780,16554780,550.140,6.461,0.000
[WARNING] [stderr] 2026-08-09T00:49:17.239-0600	INFO	ForkJoinPool-1-worker-1	stdout	operator_cpu,nitro,20/LocalExchangeSinkOperator@5730,2,0.048,0.000,0.019,0,102000,102000,0.000,0.000,0.000
[WARNING] [stderr] 2026-08-09T00:49:17.239-0600	INFO	ForkJoinPool-1-worker-1	stdout	operator_cpu,nitro,20/DynamicFilterSourceOperator@91,2,1.405,0.016,0.002,0,102000,102000,0.000,0.141,0.000
[WARNING] [stderr] 2026-08-09T00:49:17.239-0600	INFO	ForkJoinPool-1-worker-1	stdout	operator_cpu,nitro,20/DynamicFilterSourceOperator@1591,2,0.434,0.920,0.766,0,4109,4109,0.000,0.035,0.000
[WARNING] [stderr] 2026-08-09T00:49:17.239-0600	INFO	ForkJoinPool-1-worker-1	stdout	operator_cpu,nitro,20/LocalExchangeSinkOperator@6127,2,1.859,0.000,0.020,0,16539073,16539073,359.380,0.000,0.000
[WARNING] [stderr] 2026-08-09T00:49:17.239-0600	INFO	ForkJoinPool-1-worker-1	stdout	operator_cpu,nitro,20/PartitionedOutputOperator@1591,2,0.053,0.000,0.140,0,3317,3317,0.000,0.000,0.000
[WARNING] [stderr] 2026-08-09T00:49:17.240-0600	INFO	ForkJoinPool-1-worker-1	stdout	operator_cpu,nitro,20/TrinoNitroHashBuildOperator@1591,2,0.420,0.000,1.371,0,4109,0,80.849,1.289,0.000
[WARNING] [stderr] 2026-08-09T00:49:17.240-0600	INFO	ForkJoinPool-1-worker-1	stdout	operator_cpu,nitro,20/TrinoNitroAggregationOperator@2054,2,2.480,2.120,0.001,0,4221,4109,0.000,0.033,0.000
[WARNING] [stderr] 2026-08-09T00:49:17.240-0600	INFO	ForkJoinPool-1-worker-1	stdout	operator_cpu,nitro,20/LocalExchangeSourceOperator@6127,2,0.000,2.490,0.000,0,16539073,16539073,4400.000,0.000,0.000
[WARNING] [stderr] 2026-08-09T00:49:17.240-0600	INFO	ForkJoinPool-1-worker-1	stdout	operator_cpu,nitro,20/TrinoNitroAggregationOperator@6125,2,6.490,1306.460,0.444,0,16554780,16539073,0.000,73.651,0.000
[WARNING] [stderr] 2026-08-09T00:49:17.240-0600	INFO	ForkJoinPool-1-worker-1	stdout	operator_cpu,nitro,20/TrinoNitroHashBuildOperator@91,2,0.242,0.000,5.150,0,102000,0,9560.000,18.134,0.000
[WARNING] [stderr] 2026-08-09T00:49:17.240-0600	INFO	ForkJoinPool-1-worker-1	stdout	operator_cpu,nitro,28/TrinoNitroPipelineSourceOperator@5095,12,0.000,394.790,0.000,28800991,28800991,28800991,180.580,0.219,0.000
[WARNING] [stderr] 2026-08-09T00:49:17.240-0600	INFO	ForkJoinPool-1-worker-1	stdout	operator_cpu,nitro,28/PartitionedOutputOperator@5095,12,555.790,0.000,0.643,0,28800991,28800991,2750.000,0.000,0.000
[WARNING] [stderr] 2026-08-09T00:49:17.240-0600	INFO	ForkJoinPool-1-worker-1	stdout	operator_cpu,nitro,29/TrinoNitroPipelineSourceOperator@113,1,0.000,4.840,0.000,500000,500000,500000,0.000,0.086,0.000
[WARNING] [stderr] 2026-08-09T00:49:17.240-0600	INFO	ForkJoinPool-1-worker-1	stdout	operator_cpu,nitro,29/PartitionedOutputOperator@113,1,1.820,0.000,0.019,0,500000,500000,0.000,0.000,0.000
[WARNING] [stderr] 2026-08-09T00:49:17.240-0600	INFO	ForkJoinPool-1-worker-1	stdout	operator_cpu,nitro,30/ExchangeOperator@6155,1,0.000,0.046,0.000,0,2,2,5440.000,0.000,0.000
[WARNING] [stderr] 2026-08-09T00:49:17.240-0600	INFO	ForkJoinPool-1-worker-1	stdout	operator_cpu,nitro,30/LocalExchangeSourceOperator@6149,1,0.000,0.005,0.000,0,2,2,5440.000,0.000,0.000
[WARNING] [stderr] 2026-08-09T00:49:17.240-0600	INFO	ForkJoinPool-1-worker-1	stdout	operator_cpu,nitro,30/TaskOutputOperator@137,1,0.046,0.000,0.001,0,1,1,0.000,0.000,0.000
[WARNING] [stderr] 2026-08-09T00:49:17.240-0600	INFO	ForkJoinPool-1-worker-1	stdout	operator_cpu,nitro,30/LocalExchangeSinkOperator@6149,1,0.014,0.000,0.009,0,2,2,0.000,0.000,0.000
[WARNING] [stderr] 2026-08-09T00:49:17.240-0600	INFO	ForkJoinPool-1-worker-1	stdout	operator_cpu,nitro,30/TrinoNitroAggregationOperator@137,1,0.032,0.034,0.002,0,2,1,0.000,0.000,0.000
[WARNING] [stderr] 2026-08-09T00:49:17.240-0600	INFO	ForkJoinPool-1-worker-1	stdout	operator_cpu,nitro,3/ExchangeOperator@4451,2,0.000,0.024,0.000,0,29,29,61.850,0.000,0.000
[WARNING] [stderr] 2026-08-09T00:49:17.240-0600	INFO	ForkJoinPool-1-worker-1	stdout	operator_cpu,nitro,3/LocalExchangeSourceOperator@5717,2,0.000,0.017,0.000,0,29,29,106.630,0.000,0.000
[WARNING] [stderr] 2026-08-09T00:49:17.240-0600	INFO	ForkJoinPool-1-worker-1	stdout	operator_cpu,nitro,3/ExchangeOperator@4450,2,0.000,0.454,0.000,0,131247,131247,4830.000,2.138,0.000
[WARNING] [stderr] 2026-08-09T00:49:17.240-0600	INFO	ForkJoinPool-1-worker-1	stdout	operator_cpu,nitro,3/PartitionedOutputOperator@2,2,2.332,0.000,0.436,0,131247,131247,0.000,0.000,0.000
[WARNING] [stderr] 2026-08-09T00:49:17.240-0600	INFO	ForkJoinPool-1-worker-1	stdout	operator_cpu,nitro,3/TrinoNitroHashJoinOperator@2,2,0.035,6.040,0.008,0,131247,131247,161.660,17.047,0.000
[WARNING] [stderr] 2026-08-09T00:49:17.240-0600	INFO	ForkJoinPool-1-worker-1	stdout	operator_cpu,nitro,3/TrinoNitroHashBuildOperator@2,2,0.014,0.000,2.510,0,29,0,7780.000,16.725,0.000
[WARNING] [stderr] 2026-08-09T00:49:17.240-0600	INFO	ForkJoinPool-1-worker-1	stdout	operator_cpu,nitro,3/LocalExchangeSinkOperator@5717,2,0.012,0.000,0.007,0,29,29,0.000,0.000,0.000
[WARNING] [stderr] 2026-08-09T00:49:17.240-0600	INFO	ForkJoinPool-1-worker-1	stdout	operator_cpu,nitro,3/DynamicFilterSourceOperator@2,2,0.007,0.007,0.111,0,29,29,0.000,0.001,0.000
[WARNING] [stderr] 2026-08-09T00:49:17.240-0600	INFO	ForkJoinPool-1-worker-1	stdout	operator_cpu,nitro,6/ExchangeOperator@4453,2,0.000,0.026,0.000,0,1461,1461,54.650,0.009,0.000
[WARNING] [stderr] 2026-08-09T00:49:17.240-0600	INFO	ForkJoinPool-1-worker-1	stdout	operator_cpu,nitro,6/LocalExchangeSourceOperator@5718,2,0.000,0.008,0.000,0,1461,1461,109.720,0.000,0.000
[WARNING] [stderr] 2026-08-09T00:49:17.240-0600	INFO	ForkJoinPool-1-worker-1	stdout	operator_cpu,nitro,6/ExchangeOperator@4452,2,0.000,30.700,0.000,0,16554780,16554780,1611.310,17.841,0.000
[WARNING] [stderr] 2026-08-09T00:49:17.240-0600	INFO	ForkJoinPool-1-worker-1	stdout	operator_cpu,nitro,6/PartitionedOutputOperator@5,2,321.490,0.000,0.738,0,16554780,16554780,401.610,0.000,0.000
[WARNING] [stderr] 2026-08-09T00:49:17.240-0600	INFO	ForkJoinPool-1-worker-1	stdout	operator_cpu,nitro,6/TrinoNitroHashJoinOperator@5,2,2.260,409.840,0.153,0,16554780,16554780,87.080,5.905,0.000
[WARNING] [stderr] 2026-08-09T00:49:17.241-0600	INFO	ForkJoinPool-1-worker-1	stdout	operator_cpu,nitro,6/TrinoNitroHashBuildOperator@5,2,0.015,0.000,0.249,0,1461,0,7180.000,0.648,0.000
[WARNING] [stderr] 2026-08-09T00:49:17.241-0600	INFO	ForkJoinPool-1-worker-1	stdout	operator_cpu,nitro,6/LocalExchangeSinkOperator@5718,2,0.012,0.000,0.018,0,1461,1461,0.000,0.000,0.000
[WARNING] [stderr] 2026-08-09T00:49:17.241-0600	INFO	ForkJoinPool-1-worker-1	stdout	operator_cpu,nitro,6/DynamicFilterSourceOperator@5,2,0.032,0.006,0.335,0,1461,1461,0.000,0.009,0.000
[WARNING] [stderr] 2026-08-09T00:49:17.241-0600	INFO	ForkJoinPool-1-worker-1	stdout	operator_cpu,nitro,9/TrinoNitroPipelineSourceOperator@6,1,0.000,13.820,0.000,102000,102000,102000,0.000,10.379,0.000
[WARNING] [stderr] 2026-08-09T00:49:17.241-0600	INFO	ForkJoinPool-1-worker-1	stdout	operator_cpu,nitro,9/PartitionedOutputOperator@6,1,5.040,0.000,0.067,0,102000,102000,0.000,0.000,0.000
[WARNING] [stderr] 2026-08-09T00:49:17.241-0600	INFO	ForkJoinPool-1-worker-1	stdout	operator_cpu,nitro,13/ExchangeOperator@6112,2,0.000,0.987,0.000,0,764171,764171,10730.000,7.284,0.000
[WARNING] [stderr] 2026-08-09T00:49:17.241-0600	INFO	ForkJoinPool-1-worker-1	stdout	operator_cpu,nitro,13/LocalExchangeSourceOperator@6106,2,0.000,0.032,0.000,0,764171,764171,10730.000,0.000,0.000
[WARNING] [stderr] 2026-08-09T00:49:17.241-0600	INFO	ForkJoinPool-1-worker-1	stdout	operator_cpu,nitro,13/TaskOutputOperator@6095,2,0.101,0.000,0.003,0,2,2,0.000,0.000,0.000
[WARNING] [stderr] 2026-08-09T00:49:17.241-0600	INFO	ForkJoinPool-1-worker-1	stdout	operator_cpu,nitro,13/TrinoNitroAggregationOperator@6095,2,0.093,2.100,0.001,0,472250,2,0.000,0.000,0.000
[WARNING] [stderr] 2026-08-09T00:49:17.241-0600	INFO	ForkJoinPool-1-worker-1	stdout	operator_cpu,nitro,13/LocalExchangeSinkOperator@6106,2,0.032,0.000,0.025,0,764171,764171,0.000,0.000,0.000
[WARNING] [stderr] 2026-08-09T00:49:17.241-0600	INFO	ForkJoinPool-1-worker-1	stdout	operator_cpu,nitro,13/TrinoNitroAggregationOperator@45,2,18.420,14.970,0.049,0,764171,472250,0.000,17.039,0.000
[WARNING] [stderr] 2026-08-09T00:49:17.241-0600	INFO	ForkJoinPool-1-worker-1	stdout	operator_cpu,nitro,21/ExchangeOperator@4468,2,0.000,0.019,0.000,0,29,29,69.970,0.000,0.000
[WARNING] [stderr] 2026-08-09T00:49:17.241-0600	INFO	ForkJoinPool-1-worker-1	stdout	operator_cpu,nitro,21/LocalExchangeSourceOperator@5728,2,0.000,0.005,0.000,0,29,29,126.070,0.000,0.000
[WARNING] [stderr] 2026-08-09T00:49:17.241-0600	INFO	ForkJoinPool-1-worker-1	stdout	operator_cpu,nitro,21/ExchangeOperator@4467,2,0.000,0.243,0.000,0,64097,64097,1190.250,1.306,0.000
[WARNING] [stderr] 2026-08-09T00:49:17.241-0600	INFO	ForkJoinPool-1-worker-1	stdout	operator_cpu,nitro,21/PartitionedOutputOperator@86,2,0.851,0.000,0.517,0,64097,64097,0.000,0.000,0.000
[WARNING] [stderr] 2026-08-09T00:49:17.241-0600	INFO	ForkJoinPool-1-worker-1	stdout	operator_cpu,nitro,21/TrinoNitroHashJoinOperator@86,2,0.045,4.020,0.155,0,64097,64097,78.270,16.906,0.000
[WARNING] [stderr] 2026-08-09T00:49:17.241-0600	INFO	ForkJoinPool-1-worker-1	stdout	operator_cpu,nitro,21/TrinoNitroHashBuildOperator@86,2,0.008,0.000,1.792,0,29,0,5160.000,16.725,0.000
[WARNING] [stderr] 2026-08-09T00:49:17.241-0600	INFO	ForkJoinPool-1-worker-1	stdout	operator_cpu,nitro,21/LocalExchangeSinkOperator@5728,2,0.010,0.000,0.015,0,29,29,0.000,0.000,0.000
[WARNING] [stderr] 2026-08-09T00:49:17.241-0600	INFO	ForkJoinPool-1-worker-1	stdout	operator_cpu,nitro,21/DynamicFilterSourceOperator@86,2,0.003,0.006,0.073,0,29,29,0.000,0.001,0.000
[WARNING] [stderr] 2026-08-09T00:49:17.241-0600	INFO	ForkJoinPool-1-worker-1	stdout	operator_cpu,nitro,24/ExchangeOperator@4470,2,0.000,0.034,0.000,0,1461,1461,39.910,0.009,0.000
[WARNING] [stderr] 2026-08-09T00:49:17.241-0600	INFO	ForkJoinPool-1-worker-1	stdout	operator_cpu,nitro,24/LocalExchangeSourceOperator@5729,2,0.000,0.021,0.000,0,1461,1461,94.240,0.000,0.000
[WARNING] [stderr] 2026-08-09T00:49:17.241-0600	INFO	ForkJoinPool-1-worker-1	stdout	operator_cpu,nitro,24/ExchangeOperator@4469,2,0.000,20.310,0.000,0,16554780,16554780,1434.290,17.885,0.000
[WARNING] [stderr] 2026-08-09T00:49:17.241-0600	INFO	ForkJoinPool-1-worker-1	stdout	operator_cpu,nitro,24/PartitionedOutputOperator@89,2,284.890,0.000,0.679,0,16554780,16554780,344.310,0.000,0.000
[WARNING] [stderr] 2026-08-09T00:49:17.241-0600	INFO	ForkJoinPool-1-worker-1	stdout	operator_cpu,nitro,24/TrinoNitroHashJoinOperator@89,2,1.871,407.350,0.132,0,16554780,16554780,68.290,5.857,0.000
[WARNING] [stderr] 2026-08-09T00:49:17.241-0600	INFO	ForkJoinPool-1-worker-1	stdout	operator_cpu,nitro,24/TrinoNitroHashBuildOperator@89,2,0.014,0.000,0.295,0,1461,0,8970.000,0.648,0.000
[WARNING] [stderr] 2026-08-09T00:49:17.241-0600	INFO	ForkJoinPool-1-worker-1	stdout	operator_cpu,nitro,24/LocalExchangeSinkOperator@5729,2,0.018,0.000,0.010,0,1461,1461,0.000,0.000,0.000
[WARNING] [stderr] 2026-08-09T00:49:17.241-0600	INFO	ForkJoinPool-1-worker-1	stdout	operator_cpu,nitro,24/DynamicFilterSourceOperator@89,2,0.036,0.007,0.459,0,1461,1461,0.000,0.009,0.000
[WARNING] [stderr] 2026-08-09T00:49:17.241-0600	INFO	ForkJoinPool-1-worker-1	stdout	operator_cpu,nitro,27/TrinoNitroPipelineSourceOperator@90,1,0.000,14.710,0.000,102000,102000,102000,0.000,10.475,0.000
[WARNING] [stderr] 2026-08-09T00:49:17.241-0600	INFO	ForkJoinPool-1-worker-1	stdout	operator_cpu,nitro,27/PartitionedOutputOperator@90,1,5.990,0.000,0.103,0,102000,102000,0.000,0.000,0.000
[WARNING] [stderr] 2026-08-09T00:49:17.241-0600	INFO	ForkJoinPool-1-worker-1	stdout	operator_cpu,nitro,31/ExchangeOperator@6170,2,0.000,0.907,0.000,0,764171,764171,10840.000,3.670,0.000
[WARNING] [stderr] 2026-08-09T00:49:17.241-0600	INFO	ForkJoinPool-1-worker-1	stdout	operator_cpu,nitro,31/LocalExchangeSourceOperator@6164,2,0.000,0.037,0.000,0,764171,764171,10830.000,0.000,0.000
[WARNING] [stderr] 2026-08-09T00:49:17.241-0600	INFO	ForkJoinPool-1-worker-1	stdout	operator_cpu,nitro,31/TaskOutputOperator@6153,2,0.072,0.000,0.003,0,2,2,0.000,0.000,0.000
[WARNING] [stderr] 2026-08-09T00:49:17.241-0600	INFO	ForkJoinPool-1-worker-1	stdout	operator_cpu,nitro,31/TrinoNitroAggregationOperator@6153,2,0.090,2.016,0.001,0,472250,2,0.000,0.000,0.000
[WARNING] [stderr] 2026-08-09T00:49:17.241-0600	INFO	ForkJoinPool-1-worker-1	stdout	operator_cpu,nitro,31/LocalExchangeSinkOperator@6164,2,0.029,0.000,0.014,0,764171,764171,0.000,0.000,0.000
[WARNING] [stderr] 2026-08-09T00:49:17.241-0600	INFO	ForkJoinPool-1-worker-1	stdout	operator_cpu,nitro,31/TrinoNitroAggregationOperator@129,2,18.050,15.120,0.043,0,764171,472250,0.000,17.035,0.000
[WARNING] [stderr] 2026-08-09T00:49:17.242-0600	INFO	ForkJoinPool-1-worker-1	stdout	operator_cpu,nitro,4/TrinoNitroPipelineSourceOperator@5032,10,0.000,40.020,0.000,14401261,131247,131247,3110.000,1.564,0.000
[WARNING] [stderr] 2026-08-09T00:49:17.242-0600	INFO	ForkJoinPool-1-worker-1	stdout	operator_cpu,nitro,4/PartitionedOutputOperator@5032,10,2.720,0.000,0.241,0,131247,131247,0.000,0.000,0.000
[WARNING] [stderr] 2026-08-09T00:49:17.242-0600	INFO	ForkJoinPool-1-worker-1	stdout	operator_cpu,nitro,5/TrinoNitroPipelineSourceOperator@2226,1,0.000,0.939,0.000,73049,29,29,0.000,0.725,0.000
[WARNING] [stderr] 2026-08-09T00:49:17.242-0600	INFO	ForkJoinPool-1-worker-1	stdout	operator_cpu,nitro,5/PartitionedOutputOperator@2226,1,0.013,0.000,0.036,0,29,29,0.000,0.000,0.000
[WARNING] [stderr] 2026-08-09T00:49:17.242-0600	INFO	ForkJoinPool-1-worker-1	stdout	operator_cpu,nitro,7/TrinoNitroPipelineSourceOperator@5039,12,0.000,294.380,0.000,28800991,16554780,16554780,174.590,0.687,0.000
[WARNING] [stderr] 2026-08-09T00:49:17.242-0600	INFO	ForkJoinPool-1-worker-1	stdout	operator_cpu,nitro,7/PartitionedOutputOperator@5039,12,120.640,0.000,0.448,0,16554780,16554780,1246.110,0.000,0.000
[WARNING] [stderr] 2026-08-09T00:49:17.242-0600	INFO	ForkJoinPool-1-worker-1	stdout	operator_cpu,nitro,8/TrinoNitroPipelineSourceOperator@2260,1,0.000,0.961,0.000,73049,1461,1461,0.000,0.730,0.000
[WARNING] [stderr] 2026-08-09T00:49:17.242-0600	INFO	ForkJoinPool-1-worker-1	stdout	operator_cpu,nitro,8/PartitionedOutputOperator@2260,1,0.017,0.000,0.034,0,1461,1461,0.000,0.000,0.000
[WARNING] [stderr] 2026-08-09T00:49:17.242-0600	INFO	ForkJoinPool-1-worker-1	stdout	operator_cpu,nitro,14/ExchangeOperator@4462,2,0.000,0.021,0.000,0,1461,1461,90.880,0.006,0.000
[WARNING] [stderr] 2026-08-09T00:49:17.242-0600	INFO	ForkJoinPool-1-worker-1	stdout	operator_cpu,nitro,14/LocalExchangeSourceOperator@5724,2,0.000,0.016,0.000,0,1461,1461,133.230,0.000,0.000
[WARNING] [stderr] 2026-08-09T00:49:17.242-0600	INFO	ForkJoinPool-1-worker-1	stdout	operator_cpu,nitro,14/ExchangeOperator@4461,2,0.000,42.660,0.000,0,16164994,16164994,2338.360,18.229,0.000
[WARNING] [stderr] 2026-08-09T00:49:17.242-0600	INFO	ForkJoinPool-1-worker-1	stdout	operator_cpu,nitro,14/PartitionedOutputOperator@6110,2,7.580,0.000,0.018,0,764171,764171,0.000,0.000,0.000
[WARNING] [stderr] 2026-08-09T00:49:17.242-0600	INFO	ForkJoinPool-1-worker-1	stdout	operator_cpu,nitro,14/TrinoNitroAggregationOperator@6110,2,5.080,729.210,0.159,0,16164994,764171,0.000,31.797,0.000
[WARNING] [stderr] 2026-08-09T00:49:17.242-0600	INFO	ForkJoinPool-1-worker-1	stdout	operator_cpu,nitro,14/TrinoNitroHashJoinOperator@40,2,2.240,375.400,0.037,0,16164994,16164994,213.000,22.218,0.000
[WARNING] [stderr] 2026-08-09T00:49:17.242-0600	INFO	ForkJoinPool-1-worker-1	stdout	operator_cpu,nitro,14/TrinoNitroHashBuildOperator@40,2,0.010,0.000,1.637,0,1461,0,10460.000,16.736,0.000
[WARNING] [stderr] 2026-08-09T00:49:17.242-0600	INFO	ForkJoinPool-1-worker-1	stdout	operator_cpu,nitro,14/LocalExchangeSinkOperator@5724,2,0.010,0.000,0.007,0,1461,1461,0.000,0.000,0.000
[WARNING] [stderr] 2026-08-09T00:49:17.242-0600	INFO	ForkJoinPool-1-worker-1	stdout	operator_cpu,nitro,14/DynamicFilterSourceOperator@40,2,0.043,0.007,0.368,0,1461,1461,0.000,0.009,0.000
[WARNING] [stderr] 2026-08-09T00:49:17.242-0600	INFO	ForkJoinPool-1-worker-1	stdout	operator_cpu,nitro,22/TrinoNitroPipelineSourceOperator@5075,5,0.000,25.550,0.000,7197566,64097,64097,2370.000,1.564,0.000
[WARNING] [stderr] 2026-08-09T00:49:17.242-0600	INFO	ForkJoinPool-1-worker-1	stdout	operator_cpu,nitro,22/PartitionedOutputOperator@5075,5,1.157,0.000,0.556,0,64097,64097,0.000,0.000,0.000
[WARNING] [stderr] 2026-08-09T00:49:17.242-0600	INFO	ForkJoinPool-1-worker-1	stdout	operator_cpu,nitro,23/TrinoNitroPipelineSourceOperator@2331,1,0.000,1.020,0.000,73049,29,29,0.000,0.725,0.000
[WARNING] [stderr] 2026-08-09T00:49:17.242-0600	INFO	ForkJoinPool-1-worker-1	stdout	operator_cpu,nitro,23/PartitionedOutputOperator@2331,1,0.012,0.000,0.136,0,29,29,0.000,0.000,0.000
[WARNING] [stderr] 2026-08-09T00:49:17.242-0600	INFO	ForkJoinPool-1-worker-1	stdout	operator_cpu,nitro,25/TrinoNitroPipelineSourceOperator@5082,12,0.000,263.040,0.000,28800991,16554780,16554780,528.980,0.687,0.000
[WARNING] [stderr] 2026-08-09T00:49:17.242-0600	INFO	ForkJoinPool-1-worker-1	stdout	operator_cpu,nitro,25/PartitionedOutputOperator@5082,12,108.940,0.000,0.289,0,16554780,16554780,2990.000,0.000,0.000
[WARNING] [stderr] 2026-08-09T00:49:17.242-0600	INFO	ForkJoinPool-1-worker-1	stdout	operator_cpu,nitro,26/TrinoNitroPipelineSourceOperator@2365,1,0.000,0.874,0.000,73049,1461,1461,0.000,0.730,0.000
[WARNING] [stderr] 2026-08-09T00:49:17.242-0600	INFO	ForkJoinPool-1-worker-1	stdout	operator_cpu,nitro,26/PartitionedOutputOperator@2365,1,0.020,0.000,0.039,0,1461,1461,0.000,0.000,0.000
[WARNING] [stderr] 2026-08-09T00:49:17.242-0600	INFO	ForkJoinPool-1-worker-1	stdout	operator_cpu,nitro,32/ExchangeOperator@4479,2,0.000,0.016,0.000,0,1461,1461,42.820,0.006,0.000
[WARNING] [stderr] 2026-08-09T00:49:17.242-0600	INFO	ForkJoinPool-1-worker-1	stdout	operator_cpu,nitro,32/LocalExchangeSourceOperator@5735,2,0.000,0.012,0.000,0,1461,1461,103.970,0.000,0.000
[WARNING] [stderr] 2026-08-09T00:49:17.242-0600	INFO	ForkJoinPool-1-worker-1	stdout	operator_cpu,nitro,32/ExchangeOperator@4478,2,0.000,42.140,0.000,0,16164994,16164994,2810.000,18.770,0.000
[WARNING] [stderr] 2026-08-09T00:49:17.242-0600	INFO	ForkJoinPool-1-worker-1	stdout	operator_cpu,nitro,32/PartitionedOutputOperator@6168,2,7.460,0.000,0.021,0,764171,764171,0.000,0.000,0.000
[WARNING] [stderr] 2026-08-09T00:49:17.242-0600	INFO	ForkJoinPool-1-worker-1	stdout	operator_cpu,nitro,32/TrinoNitroAggregationOperator@6168,2,5.050,721.490,0.188,0,16164994,764171,0.000,31.642,0.000
[WARNING] [stderr] 2026-08-09T00:49:17.242-0600	INFO	ForkJoinPool-1-worker-1	stdout	operator_cpu,nitro,32/TrinoNitroHashJoinOperator@124,2,2.310,372.260,0.005,0,16164994,16164994,178.150,22.214,0.000
[WARNING] [stderr] 2026-08-09T00:49:17.242-0600	INFO	ForkJoinPool-1-worker-1	stdout	operator_cpu,nitro,32/TrinoNitroHashBuildOperator@124,2,0.009,0.000,2.240,0,1461,0,10630.000,16.622,0.000
[WARNING] [stderr] 2026-08-09T00:49:17.242-0600	INFO	ForkJoinPool-1-worker-1	stdout	operator_cpu,nitro,32/LocalExchangeSinkOperator@5735,2,0.009,0.000,0.004,0,1461,1461,0.000,0.000,0.000
[WARNING] [stderr] 2026-08-09T00:49:17.242-0600	INFO	ForkJoinPool-1-worker-1	stdout	operator_cpu,nitro,32/DynamicFilterSourceOperator@124,2,0.041,0.008,0.292,0,1461,1461,0.000,0.009,0.000
[WARNING] [stderr] 2026-08-09T00:49:17.242-0600	INFO	ForkJoinPool-1-worker-1	stdout	operator_cpu,nitro,15/ExchangeOperator@4460,2,0.000,0.336,0.000,0,500000,500000,109.150,1.908,0.000
[WARNING] [stderr] 2026-08-09T00:49:17.242-0600	INFO	ForkJoinPool-1-worker-1	stdout	operator_cpu,nitro,15/LocalExchangeSourceOperator@5723,2,0.000,0.033,0.000,0,500000,500000,144.230,0.000,0.000
[WARNING] [stderr] 2026-08-09T00:49:17.242-0600	INFO	ForkJoinPool-1-worker-1	stdout	operator_cpu,nitro,15/ExchangeOperator@4459,2,0.000,49.420,0.000,0,16554780,16554780,1460.220,17.029,0.000
[WARNING] [stderr] 2026-08-09T00:49:17.242-0600	INFO	ForkJoinPool-1-worker-1	stdout	operator_cpu,nitro,15/PartitionedOutputOperator@38,2,200.450,0.000,0.444,0,16164994,16164994,629.190,0.000,0.000
[WARNING] [stderr] 2026-08-09T00:49:17.243-0600	INFO	ForkJoinPool-1-worker-1	stdout	operator_cpu,nitro,15/TrinoNitroHashJoinOperator@38,2,2.380,709.100,0.090,0,16554780,16164994,150.930,9.789,0.000
[WARNING] [stderr] 2026-08-09T00:49:17.243-0600	INFO	ForkJoinPool-1-worker-1	stdout	operator_cpu,nitro,15/TrinoNitroHashBuildOperator@38,2,0.055,0.000,5.410,0,500000,0,10210.000,6.769,0.000
[WARNING] [stderr] 2026-08-09T00:49:17.243-0600	INFO	ForkJoinPool-1-worker-1	stdout	operator_cpu,nitro,15/LocalExchangeSinkOperator@5723,2,0.027,0.000,0.016,0,500000,500000,0.000,0.000,0.000
[WARNING] [stderr] 2026-08-09T00:49:17.243-0600	INFO	ForkJoinPool-1-worker-1	stdout	operator_cpu,nitro,15/DynamicFilterSourceOperator@38,2,1.573,0.025,0.047,0,500000,500000,0.000,0.001,0.000
[WARNING] [stderr] 2026-08-09T00:49:17.243-0600	INFO	ForkJoinPool-1-worker-1	stdout	operator_cpu,nitro,18/TrinoNitroPipelineSourceOperator@2281,1,0.000,0.829,0.000,73049,1461,1461,0.000,0.540,0.000
[WARNING] [stderr] 2026-08-09T00:49:17.243-0600	INFO	ForkJoinPool-1-worker-1	stdout	operator_cpu,nitro,18/PartitionedOutputOperator@2281,1,0.014,0.000,0.037,0,1461,1461,0.000,0.000,0.000
[WARNING] [stderr] 2026-08-09T00:49:17.243-0600	INFO	ForkJoinPool-1-worker-1	stdout	operator_cpu,nitro,33/ExchangeOperator@4477,2,0.000,0.282,0.000,0,500000,500000,34.610,1.908,0.000
[WARNING] [stderr] 2026-08-09T00:49:17.243-0600	INFO	ForkJoinPool-1-worker-1	stdout	operator_cpu,nitro,33/LocalExchangeSourceOperator@5734,2,0.000,0.022,0.000,0,500000,500000,137.070,0.000,0.000
[WARNING] [stderr] 2026-08-09T00:49:17.243-0600	INFO	ForkJoinPool-1-worker-1	stdout	operator_cpu,nitro,33/ExchangeOperator@4476,2,0.000,49.970,0.000,0,16554780,16554780,1024.110,18.446,0.000
[WARNING] [stderr] 2026-08-09T00:49:17.243-0600	INFO	ForkJoinPool-1-worker-1	stdout	operator_cpu,nitro,33/PartitionedOutputOperator@122,2,204.870,0.000,0.344,0,16164994,16164994,997.190,0.000,0.000
[WARNING] [stderr] 2026-08-09T00:49:17.243-0600	INFO	ForkJoinPool-1-worker-1	stdout	operator_cpu,nitro,33/TrinoNitroHashJoinOperator@122,2,2.390,716.640,0.056,0,16554780,16164994,143.810,10.132,0.000
[WARNING] [stderr] 2026-08-09T00:49:17.243-0600	INFO	ForkJoinPool-1-worker-1	stdout	operator_cpu,nitro,33/TrinoNitroHashBuildOperator@122,2,0.028,0.000,6.690,0,500000,0,10490.000,6.769,0.000
[WARNING] [stderr] 2026-08-09T00:49:17.243-0600	INFO	ForkJoinPool-1-worker-1	stdout	operator_cpu,nitro,33/LocalExchangeSinkOperator@5734,2,0.024,0.000,0.018,0,500000,500000,0.000,0.000,0.000
[WARNING] [stderr] 2026-08-09T00:49:17.243-0600	INFO	ForkJoinPool-1-worker-1	stdout	operator_cpu,nitro,33/DynamicFilterSourceOperator@122,2,1.567,0.015,0.169,0,500000,500000,0.000,0.001,0.000
[WARNING] [stderr] 2026-08-09T00:49:17.243-0600	INFO	ForkJoinPool-1-worker-1	stdout	operator_cpu,nitro,36/TrinoNitroPipelineSourceOperator@2386,1,0.000,0.918,0.000,73049,1461,1461,0.000,0.540,0.000
[WARNING] [stderr] 2026-08-09T00:49:17.243-0600	INFO	ForkJoinPool-1-worker-1	stdout	operator_cpu,nitro,36/PartitionedOutputOperator@2386,1,0.016,0.000,0.042,0,1461,1461,0.000,0.000,0.000
[WARNING] [stderr] 2026-08-09T00:49:17.243-0600	INFO	ForkJoinPool-1-worker-1	stdout	operator_cpu,nitro,16/TrinoNitroPipelineSourceOperator@5059,12,0.000,667.470,0.000,28800991,16554780,16554780,386.430,1.221,0.000
[WARNING] [stderr] 2026-08-09T00:49:17.243-0600	INFO	ForkJoinPool-1-worker-1	stdout	operator_cpu,nitro,16/PartitionedOutputOperator@5059,12,365.030,0.000,0.741,0,16554780,16554780,1009.490,0.000,0.000
[WARNING] [stderr] 2026-08-09T00:49:17.243-0600	INFO	ForkJoinPool-1-worker-1	stdout	operator_cpu,nitro,17/TrinoNitroPipelineSourceOperator@37,1,0.000,4.670,0.000,500000,500000,500000,0.000,0.086,0.000
[WARNING] [stderr] 2026-08-09T00:49:17.243-0600	INFO	ForkJoinPool-1-worker-1	stdout	operator_cpu,nitro,17/PartitionedOutputOperator@37,1,1.720,0.000,0.056,0,500000,500000,0.000,0.000,0.000
[WARNING] [stderr] 2026-08-09T00:49:17.243-0600	INFO	ForkJoinPool-1-worker-1	stdout	operator_cpu,nitro,34/TrinoNitroPipelineSourceOperator@5102,12,0.000,657.400,0.000,28800991,16554780,16554780,515.270,1.221,0.000
[WARNING] [stderr] 2026-08-09T00:49:17.243-0600	INFO	ForkJoinPool-1-worker-1	stdout	operator_cpu,nitro,34/PartitionedOutputOperator@5102,12,359.740,0.000,0.879,0,16554780,16554780,1395.650,0.000,0.000
[WARNING] [stderr] 2026-08-09T00:49:17.243-0600	INFO	ForkJoinPool-1-worker-1	stdout	operator_cpu,nitro,35/TrinoNitroPipelineSourceOperator@121,1,0.000,4.790,0.000,500000,500000,500000,0.000,0.086,0.000
[WARNING] [stderr] 2026-08-09T00:49:17.243-0600	INFO	ForkJoinPool-1-worker-1	stdout	operator_cpu,nitro,35/PartitionedOutputOperator@121,1,1.620,0.000,0.048,0,500000,500000,0.000,0.000,0.000
[WARNING] [stderr] 2026-08-09T00:49:17.243-0600	INFO	ForkJoinPool-1-worker-1	stdout	operator_metric,nitro,0/TrinoNitroAggregationOperator@174,nitroAggregationOutputNanos,18164
[WARNING] [stderr] 2026-08-09T00:49:17.243-0600	INFO	ForkJoinPool-1-worker-1	stdout	operator_metric,nitro,0/TrinoNitroAggregationOperator@174,nitroAggregationPipelineNanos,0
[WARNING] [stderr] 2026-08-09T00:49:17.243-0600	INFO	ForkJoinPool-1-worker-1	stdout	operator_metric,nitro,0/TrinoNitroAggregationOperator@174,nitroAggregationGroupingNanos,0
[WARNING] [stderr] 2026-08-09T00:49:17.243-0600	INFO	ForkJoinPool-1-worker-1	stdout	operator_metric,nitro,0/TrinoNitroAggregationOperator@174,nitroAggregationAccumulationNanos,0
[WARNING] [stderr] 2026-08-09T00:49:17.243-0600	INFO	ForkJoinPool-1-worker-1	stdout	operator_metric,nitro,0/TrinoNitroAggregationOperator@174,nitroBoundaryPageEgressBytes,17
[WARNING] [stderr] 2026-08-09T00:49:17.243-0600	INFO	ForkJoinPool-1-worker-1	stdout	operator_metric,nitro,0/TrinoNitroAggregationOperator@174,nitroBoundaryNativeEgressDictionaryChannelPositions,0
[WARNING] [stderr] 2026-08-09T00:49:17.243-0600	INFO	ForkJoinPool-1-worker-1	stdout	operator_metric,nitro,0/TrinoNitroAggregationOperator@174,nitroAggregationFusedNanos,0
[WARNING] [stderr] 2026-08-09T00:49:17.243-0600	INFO	ForkJoinPool-1-worker-1	stdout	operator_metric,nitro,0/TrinoNitroAggregationOperator@174,nitroAggregationFlushNanos,0
[WARNING] [stderr] 2026-08-09T00:49:17.243-0600	INFO	ForkJoinPool-1-worker-1	stdout	operator_metric,nitro,0/TrinoNitroAggregationOperator@174,nitroBoundaryPageEgressPositions,1
[WARNING] [stderr] 2026-08-09T00:49:17.243-0600	INFO	ForkJoinPool-1-worker-1	stdout	operator_metric,nitro,0/TrinoNitroAggregationOperator@174,nitroBoundaryPageIngressBytes,20
[WARNING] [stderr] 2026-08-09T00:49:17.243-0600	INFO	ForkJoinPool-1-worker-1	stdout	operator_metric,nitro,0/TrinoNitroAggregationOperator@174,nitroBoundaryPageIngressPositions,4
[WARNING] [stderr] 2026-08-09T00:49:17.243-0600	INFO	ForkJoinPool-1-worker-1	stdout	operator_metric,nitro,0/TrinoNitroAggregationOperator@174,nitroBoundaryPageIngressDictionaryChannelPositions,0
[WARNING] [stderr] 2026-08-09T00:49:17.243-0600	INFO	ForkJoinPool-1-worker-1	stdout	operator_metric,nitro,0/TrinoNitroAggregationOperator@174,nitroBoundaryPageEgressDictionaryChannelPositions,0
[WARNING] [stderr] 2026-08-09T00:49:17.243-0600	INFO	ForkJoinPool-1-worker-1	stdout	operator_metric,nitro,0/TrinoNitroAggregationOperator@174,nitroAggregationInputNanos,55315
[WARNING] [stderr] 2026-08-09T00:49:17.244-0600	INFO	ForkJoinPool-1-worker-1	stdout	operator_metric,nitro,0/TrinoNitroAggregationOperator@174,nitroAggregationInitialAggregationNanos,0
[WARNING] [stderr] 2026-08-09T00:49:17.244-0600	INFO	ForkJoinPool-1-worker-1	stdout	operator_metric,nitro,0/TrinoNitroAggregationOperator@174,nitroBoundaryPageEgressRunLengthChannelPositions,0
[WARNING] [stderr] 2026-08-09T00:49:17.244-0600	INFO	ForkJoinPool-1-worker-1	stdout	operator_metric,nitro,0/TrinoNitroAggregationOperator@174,nitroBoundaryPageIngressRunLengthChannelPositions,0
[WARNING] [stderr] 2026-08-09T00:49:17.244-0600	INFO	ForkJoinPool-1-worker-1	stdout	operator_metric,nitro,0/TrinoNitroAggregationOperator@174,nitroAggregationInitialFlatKeyNanos,0
[WARNING] [stderr] 2026-08-09T00:49:17.244-0600	INFO	ForkJoinPool-1-worker-1	stdout	operator_metric,nitro,0/TrinoNitroAggregationOperator@174,nitroBoundaryNativeEgressRunLengthChannelPositions,0
[WARNING] [stderr] 2026-08-09T00:49:17.244-0600	INFO	ForkJoinPool-1-worker-1	stdout	operator_metric,nitro,0/TrinoNitroAggregationOperator@174,nitroAggregationStatePreparationNanos,0
[WARNING] [stderr] 2026-08-09T00:49:17.244-0600	INFO	ForkJoinPool-1-worker-1	stdout	operator_metric,nitro,0/TrinoNitroAggregationOperator@174,nitroBoundaryNativeEgressFlatChannelPositions,1
[WARNING] [stderr] 2026-08-09T00:49:17.244-0600	INFO	ForkJoinPool-1-worker-1	stdout	operator_metric,nitro,0/TrinoNitroAggregationOperator@174,nitroBoundaryPageIngressFlatChannelPositions,4
[WARNING] [stderr] 2026-08-09T00:49:17.244-0600	INFO	ForkJoinPool-1-worker-1	stdout	operator_metric,nitro,0/TrinoNitroAggregationOperator@174,nitroBoundaryPageEgressFlatChannelPositions,1
[WARNING] [stderr] 2026-08-09T00:49:17.244-0600	INFO	ForkJoinPool-1-worker-1	stdout	operator_metric,nitro,0/TrinoNitroAggregationOperator@174,nitroBoundaryPageEgressPages,1
[WARNING] [stderr] 2026-08-09T00:49:17.244-0600	INFO	ForkJoinPool-1-worker-1	stdout	operator_metric,nitro,0/TrinoNitroAggregationOperator@174,nitroBoundaryPageIngressPages,4
[WARNING] [stderr] 2026-08-09T00:49:17.244-0600	INFO	ForkJoinPool-1-worker-1	stdout	operator_metric,nitro,0/TrinoNitroAggregationOperator@174,nitroAggregationInitialKeyNanos,0
[WARNING] [stderr] 2026-08-09T00:49:17.244-0600	INFO	ForkJoinPool-1-worker-1	stdout	operator_metric,nitro,0/TrinoNitroAggregationOperator@174,nitroAggregationInitialEncodedKeyNanos,0
[WARNING] [stderr] 2026-08-09T00:49:17.244-0600	INFO	ForkJoinPool-1-worker-1	stdout	operator_metric,nitro,1/TrinoNitroHashJoinOperator@30,nitroBoundaryPageEgressPages,3277
[WARNING] [stderr] 2026-08-09T00:49:17.244-0600	INFO	ForkJoinPool-1-worker-1	stdout	operator_metric,nitro,1/TrinoNitroHashJoinOperator@30,nitroBoundaryPageIngressFlatChannelPositions,86402973
[WARNING] [stderr] 2026-08-09T00:49:17.244-0600	INFO	ForkJoinPool-1-worker-1	stdout	operator_metric,nitro,1/TrinoNitroHashJoinOperator@30,nitroBoundaryPageEgressRunLengthChannelPositions,0
[WARNING] [stderr] 2026-08-09T00:49:17.244-0600	INFO	ForkJoinPool-1-worker-1	stdout	operator_metric,nitro,1/TrinoNitroHashJoinOperator@30,nitroBoundaryNativeEgressFlatChannelPositions,82514214
[WARNING] [stderr] 2026-08-09T00:49:17.244-0600	INFO	ForkJoinPool-1-worker-1	stdout	operator_metric,nitro,1/TrinoNitroHashJoinOperator@30,nitroBoundaryNativeEgressRunLengthChannelPositions,0
[WARNING] [stderr] 2026-08-09T00:49:17.244-0600	INFO	ForkJoinPool-1-worker-1	stdout	operator_metric,nitro,1/TrinoNitroHashJoinOperator@30,nitroBoundaryPageEgressDictionaryChannelPositions,0
[WARNING] [stderr] 2026-08-09T00:49:17.244-0600	INFO	ForkJoinPool-1-worker-1	stdout	operator_metric,nitro,1/TrinoNitroHashJoinOperator@30,nitroBoundaryPageEgressBytes,632608974
[WARNING] [stderr] 2026-08-09T00:49:17.244-0600	INFO	ForkJoinPool-1-worker-1	stdout	operator_metric,nitro,1/TrinoNitroHashJoinOperator@30,nitroBoundaryPageIngressPages,825
[WARNING] [stderr] 2026-08-09T00:49:17.244-0600	INFO	ForkJoinPool-1-worker-1	stdout	operator_metric,nitro,1/TrinoNitroHashJoinOperator@30,nitroBoundaryPageIngressPositions,28800991
[WARNING] [stderr] 2026-08-09T00:49:17.244-0600	INFO	ForkJoinPool-1-worker-1	stdout	operator_metric,nitro,1/TrinoNitroHashJoinOperator@30,nitroBoundaryPageIngressRunLengthChannelPositions,0
[WARNING] [stderr] 2026-08-09T00:49:17.244-0600	INFO	ForkJoinPool-1-worker-1	stdout	operator_metric,nitro,1/TrinoNitroHashJoinOperator@30,nitroBoundaryNativeEgressDictionaryChannelPositions,0
[WARNING] [stderr] 2026-08-09T00:49:17.244-0600	INFO	ForkJoinPool-1-worker-1	stdout	operator_metric,nitro,1/TrinoNitroHashJoinOperator@30,nitroBoundaryPageEgressFlatChannelPositions,82514214
[WARNING] [stderr] 2026-08-09T00:49:17.244-0600	INFO	ForkJoinPool-1-worker-1	stdout	operator_metric,nitro,1/TrinoNitroHashJoinOperator@30,nitroBoundaryPageEgressPositions,27504738
[WARNING] [stderr] 2026-08-09T00:49:17.244-0600	INFO	ForkJoinPool-1-worker-1	stdout	operator_metric,nitro,1/TrinoNitroHashJoinOperator@30,nitroBoundaryPageIngressBytes,662422793
[WARNING] [stderr] 2026-08-09T00:49:17.244-0600	INFO	ForkJoinPool-1-worker-1	stdout	operator_metric,nitro,1/TrinoNitroHashJoinOperator@30,nitroBoundaryPageIngressDictionaryChannelPositions,0
[WARNING] [stderr] 2026-08-09T00:49:17.244-0600	INFO	ForkJoinPool-1-worker-1	stdout	operator_metric,nitro,1/TrinoNitroAggregationOperator@6051,nitroAggregationInitialEncodedKeyNanos,0
[WARNING] [stderr] 2026-08-09T00:49:17.244-0600	INFO	ForkJoinPool-1-worker-1	stdout	operator_metric,nitro,1/TrinoNitroAggregationOperator@6051,nitroAggregationFusedNanos,0
[WARNING] [stderr] 2026-08-09T00:49:17.244-0600	INFO	ForkJoinPool-1-worker-1	stdout	operator_metric,nitro,1/TrinoNitroAggregationOperator@6051,nitroBoundaryPageEgressFlatChannelPositions,2
[WARNING] [stderr] 2026-08-09T00:49:17.244-0600	INFO	ForkJoinPool-1-worker-1	stdout	operator_metric,nitro,1/TrinoNitroAggregationOperator@6051,nitroAggregationPipelineNanos,0
[WARNING] [stderr] 2026-08-09T00:49:17.244-0600	INFO	ForkJoinPool-1-worker-1	stdout	operator_metric,nitro,1/TrinoNitroAggregationOperator@6051,nitroBoundaryPageEgressDictionaryChannelPositions,0
[WARNING] [stderr] 2026-08-09T00:49:17.244-0600	INFO	ForkJoinPool-1-worker-1	stdout	operator_metric,nitro,1/TrinoNitroAggregationOperator@6051,nitroAggregationGroupingNanos,0
[WARNING] [stderr] 2026-08-09T00:49:17.244-0600	INFO	ForkJoinPool-1-worker-1	stdout	operator_metric,nitro,1/TrinoNitroAggregationOperator@6051,nitroBoundaryNativeEgressRunLengthChannelPositions,0
[WARNING] [stderr] 2026-08-09T00:49:17.244-0600	INFO	ForkJoinPool-1-worker-1	stdout	operator_metric,nitro,1/TrinoNitroAggregationOperator@6051,nitroAggregationOutputNanos,49574
[WARNING] [stderr] 2026-08-09T00:49:17.244-0600	INFO	ForkJoinPool-1-worker-1	stdout	operator_metric,nitro,1/TrinoNitroAggregationOperator@6051,nitroBoundaryPageEgressPositions,2
[WARNING] [stderr] 2026-08-09T00:49:17.244-0600	INFO	ForkJoinPool-1-worker-1	stdout	operator_metric,nitro,1/TrinoNitroAggregationOperator@6051,nitroAggregationInputNanos,0
[WARNING] [stderr] 2026-08-09T00:49:17.244-0600	INFO	ForkJoinPool-1-worker-1	stdout	operator_metric,nitro,1/TrinoNitroAggregationOperator@6051,nitroAggregationInitialAggregationNanos,0
[WARNING] [stderr] 2026-08-09T00:49:17.244-0600	INFO	ForkJoinPool-1-worker-1	stdout	operator_metric,nitro,1/TrinoNitroAggregationOperator@6051,nitroAggregationFlushNanos,0
[WARNING] [stderr] 2026-08-09T00:49:17.244-0600	INFO	ForkJoinPool-1-worker-1	stdout	operator_metric,nitro,1/TrinoNitroAggregationOperator@6051,nitroBoundaryPageEgressPages,2
[WARNING] [stderr] 2026-08-09T00:49:17.244-0600	INFO	ForkJoinPool-1-worker-1	stdout	operator_metric,nitro,1/TrinoNitroAggregationOperator@6051,nitroAggregationInitialFlatKeyNanos,0
[WARNING] [stderr] 2026-08-09T00:49:17.244-0600	INFO	ForkJoinPool-1-worker-1	stdout	operator_metric,nitro,1/TrinoNitroAggregationOperator@6051,nitroBoundaryNativeEgressFlatChannelPositions,2
[WARNING] [stderr] 2026-08-09T00:49:17.244-0600	INFO	ForkJoinPool-1-worker-1	stdout	operator_metric,nitro,1/TrinoNitroAggregationOperator@6051,nitroBoundaryNativeEgressDictionaryChannelPositions,0
[WARNING] [stderr] 2026-08-09T00:49:17.244-0600	INFO	ForkJoinPool-1-worker-1	stdout	operator_metric,nitro,1/TrinoNitroAggregationOperator@6051,nitroAggregationStatePreparationNanos,0
[WARNING] [stderr] 2026-08-09T00:49:17.244-0600	INFO	ForkJoinPool-1-worker-1	stdout	operator_metric,nitro,1/TrinoNitroAggregationOperator@6051,nitroBoundaryPageEgressRunLengthChannelPositions,0
[WARNING] [stderr] 2026-08-09T00:49:17.244-0600	INFO	ForkJoinPool-1-worker-1	stdout	operator_metric,nitro,1/TrinoNitroAggregationOperator@6051,nitroAggregationInitialKeyNanos,0
[WARNING] [stderr] 2026-08-09T00:49:17.244-0600	INFO	ForkJoinPool-1-worker-1	stdout	operator_metric,nitro,1/TrinoNitroAggregationOperator@6051,nitroAggregationAccumulationNanos,0
[WARNING] [stderr] 2026-08-09T00:49:17.244-0600	INFO	ForkJoinPool-1-worker-1	stdout	operator_metric,nitro,1/TrinoNitroAggregationOperator@6051,nitroBoundaryPageEgressBytes,10
[WARNING] [stderr] 2026-08-09T00:49:17.244-0600	INFO	ForkJoinPool-1-worker-1	stdout	operator_metric,nitro,1/TrinoNitroAggregationOperator@2036,nitroAggregationInitialEncodedKeyNanos,0
[WARNING] [stderr] 2026-08-09T00:49:17.244-0600	INFO	ForkJoinPool-1-worker-1	stdout	operator_metric,nitro,1/TrinoNitroAggregationOperator@2036,nitroAggregationFusedNanos,0
[WARNING] [stderr] 2026-08-09T00:49:17.244-0600	INFO	ForkJoinPool-1-worker-1	stdout	operator_metric,nitro,1/TrinoNitroAggregationOperator@2036,nitroBoundaryPageEgressFlatChannelPositions,61
[WARNING] [stderr] 2026-08-09T00:49:17.244-0600	INFO	ForkJoinPool-1-worker-1	stdout	operator_metric,nitro,1/TrinoNitroAggregationOperator@2036,nitroAggregationPipelineNanos,0
[WARNING] [stderr] 2026-08-09T00:49:17.244-0600	INFO	ForkJoinPool-1-worker-1	stdout	operator_metric,nitro,1/TrinoNitroAggregationOperator@2036,nitroBoundaryPageEgressDictionaryChannelPositions,0
[WARNING] [stderr] 2026-08-09T00:49:17.244-0600	INFO	ForkJoinPool-1-worker-1	stdout	operator_metric,nitro,1/TrinoNitroAggregationOperator@2036,nitroAggregationGroupingNanos,0
[WARNING] [stderr] 2026-08-09T00:49:17.244-0600	INFO	ForkJoinPool-1-worker-1	stdout	operator_metric,nitro,1/TrinoNitroAggregationOperator@2036,nitroBoundaryNativeEgressRunLengthChannelPositions,0
[WARNING] [stderr] 2026-08-09T00:49:17.244-0600	INFO	ForkJoinPool-1-worker-1	stdout	operator_metric,nitro,1/TrinoNitroAggregationOperator@2036,nitroAggregationOutputNanos,25929
[WARNING] [stderr] 2026-08-09T00:49:17.244-0600	INFO	ForkJoinPool-1-worker-1	stdout	operator_metric,nitro,1/TrinoNitroAggregationOperator@2036,nitroBoundaryPageEgressPositions,61
[WARNING] [stderr] 2026-08-09T00:49:17.244-0600	INFO	ForkJoinPool-1-worker-1	stdout	operator_metric,nitro,1/TrinoNitroAggregationOperator@2036,nitroAggregationInputNanos,127089
[WARNING] [stderr] 2026-08-09T00:49:17.244-0600	INFO	ForkJoinPool-1-worker-1	stdout	operator_metric,nitro,1/TrinoNitroAggregationOperator@2036,nitroAggregationInitialAggregationNanos,0
[WARNING] [stderr] 2026-08-09T00:49:17.244-0600	INFO	ForkJoinPool-1-worker-1	stdout	operator_metric,nitro,1/TrinoNitroAggregationOperator@2036,nitroAggregationFlushNanos,0
[WARNING] [stderr] 2026-08-09T00:49:17.244-0600	INFO	ForkJoinPool-1-worker-1	stdout	operator_metric,nitro,1/TrinoNitroAggregationOperator@2036,nitroBoundaryPageEgressPages,17
[WARNING] [stderr] 2026-08-09T00:49:17.244-0600	INFO	ForkJoinPool-1-worker-1	stdout	operator_metric,nitro,1/TrinoNitroAggregationOperator@2036,nitroAggregationInitialFlatKeyNanos,0
[WARNING] [stderr] 2026-08-09T00:49:17.244-0600	INFO	ForkJoinPool-1-worker-1	stdout	operator_metric,nitro,1/TrinoNitroAggregationOperator@2036,nitroBoundaryNativeEgressFlatChannelPositions,61
[WARNING] [stderr] 2026-08-09T00:49:17.244-0600	INFO	ForkJoinPool-1-worker-1	stdout	operator_metric,nitro,1/TrinoNitroAggregationOperator@2036,nitroBoundaryNativeEgressDictionaryChannelPositions,0
[WARNING] [stderr] 2026-08-09T00:49:17.244-0600	INFO	ForkJoinPool-1-worker-1	stdout	operator_metric,nitro,1/TrinoNitroAggregationOperator@2036,nitroAggregationStatePreparationNanos,0
[WARNING] [stderr] 2026-08-09T00:49:17.244-0600	INFO	ForkJoinPool-1-worker-1	stdout	operator_metric,nitro,1/TrinoNitroAggregationOperator@2036,nitroBoundaryPageEgressRunLengthChannelPositions,0
[WARNING] [stderr] 2026-08-09T00:49:17.244-0600	INFO	ForkJoinPool-1-worker-1	stdout	operator_metric,nitro,1/TrinoNitroAggregationOperator@2036,nitroAggregationInitialKeyNanos,0
[WARNING] [stderr] 2026-08-09T00:49:17.244-0600	INFO	ForkJoinPool-1-worker-1	stdout	operator_metric,nitro,1/TrinoNitroAggregationOperator@2036,nitroAggregationAccumulationNanos,0
[WARNING] [stderr] 2026-08-09T00:49:17.244-0600	INFO	ForkJoinPool-1-worker-1	stdout	operator_metric,nitro,1/TrinoNitroAggregationOperator@2036,nitroBoundaryPageEgressBytes,549
[WARNING] [stderr] 2026-08-09T00:49:17.244-0600	INFO	ForkJoinPool-1-worker-1	stdout	operator_metric,nitro,1/TrinoNitroAggregationOperator@6078,nitroAggregationInitialAggregationNanos,0
[WARNING] [stderr] 2026-08-09T00:49:17.244-0600	INFO	ForkJoinPool-1-worker-1	stdout	operator_metric,nitro,1/TrinoNitroAggregationOperator@6078,nitroBoundaryPageIngressFlatChannelPositions,82514214
[WARNING] [stderr] 2026-08-09T00:49:17.244-0600	INFO	ForkJoinPool-1-worker-1	stdout	operator_metric,nitro,1/TrinoNitroAggregationOperator@6078,nitroAggregationGroupingNanos,448115001
[WARNING] [stderr] 2026-08-09T00:49:17.244-0600	INFO	ForkJoinPool-1-worker-1	stdout	operator_metric,nitro,1/TrinoNitroAggregationOperator@6078,nitroBoundaryNativeExchangeBatches,2
[WARNING] [stderr] 2026-08-09T00:49:17.244-0600	INFO	ForkJoinPool-1-worker-1	stdout	operator_metric,nitro,1/TrinoNitroAggregationOperator@6078,nitroAggregationInitialEncodedKeyNanos,0
[WARNING] [stderr] 2026-08-09T00:49:17.244-0600	INFO	ForkJoinPool-1-worker-1	stdout	operator_metric,nitro,1/TrinoNitroAggregationOperator@6078,nitroAggregationFusedNanos,0
[WARNING] [stderr] 2026-08-09T00:49:17.245-0600	INFO	ForkJoinPool-1-worker-1	stdout	operator_metric,nitro,1/TrinoNitroAggregationOperator@6078,nitroAggregationFlushNanos,0
[WARNING] [stderr] 2026-08-09T00:49:17.245-0600	INFO	ForkJoinPool-1-worker-1	stdout	operator_metric,nitro,1/TrinoNitroAggregationOperator@6078,nitroBoundaryPageIngressDictionaryChannelPositions,0
[WARNING] [stderr] 2026-08-09T00:49:17.245-0600	INFO	ForkJoinPool-1-worker-1	stdout	operator_metric,nitro,1/TrinoNitroAggregationOperator@6078,nitroBoundaryNativeExchangePositions,495848
[WARNING] [stderr] 2026-08-09T00:49:17.245-0600	INFO	ForkJoinPool-1-worker-1	stdout	operator_metric,nitro,1/TrinoNitroAggregationOperator@6078,nitroAggregationStatePreparationNanos,5798811
[WARNING] [stderr] 2026-08-09T00:49:17.245-0600	INFO	ForkJoinPool-1-worker-1	stdout	operator_metric,nitro,1/TrinoNitroAggregationOperator@6078,nitroBoundaryPageIngressBytes,632608974
[WARNING] [stderr] 2026-08-09T00:49:17.245-0600	INFO	ForkJoinPool-1-worker-1	stdout	operator_metric,nitro,1/TrinoNitroAggregationOperator@6078,nitroAggregationPipelineNanos,3324255
[WARNING] [stderr] 2026-08-09T00:49:17.245-0600	INFO	ForkJoinPool-1-worker-1	stdout	operator_metric,nitro,1/TrinoNitroAggregationOperator@6078,nitroAggregationOutputNanos,28173
[WARNING] [stderr] 2026-08-09T00:49:17.245-0600	INFO	ForkJoinPool-1-worker-1	stdout	operator_metric,nitro,1/TrinoNitroAggregationOperator@6078,nitroBoundaryNativeExchangeMaximumBatchBytes,18842232
[WARNING] [stderr] 2026-08-09T00:49:17.245-0600	INFO	ForkJoinPool-1-worker-1	stdout	operator_metric,nitro,1/TrinoNitroAggregationOperator@6078,nitroBoundaryNativeExchangeBytes,18842232
[WARNING] [stderr] 2026-08-09T00:49:17.245-0600	INFO	ForkJoinPool-1-worker-1	stdout	operator_metric,nitro,1/TrinoNitroAggregationOperator@6078,nitroBoundaryPageIngressPositions,27504738
[WARNING] [stderr] 2026-08-09T00:49:17.245-0600	INFO	ForkJoinPool-1-worker-1	stdout	operator_metric,nitro,1/TrinoNitroAggregationOperator@6078,nitroAggregationInitialFlatKeyNanos,0
[WARNING] [stderr] 2026-08-09T00:49:17.245-0600	INFO	ForkJoinPool-1-worker-1	stdout	operator_metric,nitro,1/TrinoNitroAggregationOperator@6078,nitroAggregationAccumulationNanos,1291325265
[WARNING] [stderr] 2026-08-09T00:49:17.245-0600	INFO	ForkJoinPool-1-worker-1	stdout	operator_metric,nitro,1/TrinoNitroAggregationOperator@6078,nitroBoundaryPageIngressRunLengthChannelPositions,0
[WARNING] [stderr] 2026-08-09T00:49:17.245-0600	INFO	ForkJoinPool-1-worker-1	stdout	operator_metric,nitro,1/TrinoNitroAggregationOperator@6078,nitroAggregationInitialKeyNanos,0
[WARNING] [stderr] 2026-08-09T00:49:17.245-0600	INFO	ForkJoinPool-1-worker-1	stdout	operator_metric,nitro,1/TrinoNitroAggregationOperator@6078,nitroBoundaryPageIngressPages,3277
[WARNING] [stderr] 2026-08-09T00:49:17.245-0600	INFO	ForkJoinPool-1-worker-1	stdout	operator_metric,nitro,1/TrinoNitroAggregationOperator@6078,nitroAggregationInputNanos,1746415753
[WARNING] [stderr] 2026-08-09T00:49:17.245-0600	INFO	ForkJoinPool-1-worker-1	stdout	operator_metric,nitro,1/TrinoNitroHashJoinOperator@1580,nitroBoundaryPageIngressPages,4
[WARNING] [stderr] 2026-08-09T00:49:17.245-0600	INFO	ForkJoinPool-1-worker-1	stdout	operator_metric,nitro,1/TrinoNitroHashJoinOperator@1580,nitroBoundaryPageIngressBytes,159643
[WARNING] [stderr] 2026-08-09T00:49:17.245-0600	INFO	ForkJoinPool-1-worker-1	stdout	operator_metric,nitro,1/TrinoNitroHashJoinOperator@1580,nitroBoundaryPageIngressPositions,6941
[WARNING] [stderr] 2026-08-09T00:49:17.245-0600	INFO	ForkJoinPool-1-worker-1	stdout	operator_metric,nitro,1/TrinoNitroHashJoinOperator@1580,nitroBoundaryPageIngressDictionaryChannelPositions,0
[WARNING] [stderr] 2026-08-09T00:49:17.245-0600	INFO	ForkJoinPool-1-worker-1	stdout	operator_metric,nitro,1/TrinoNitroHashJoinOperator@1580,nitroBoundaryPageIngressRunLengthChannelPositions,0
[WARNING] [stderr] 2026-08-09T00:49:17.245-0600	INFO	ForkJoinPool-1-worker-1	stdout	operator_metric,nitro,1/TrinoNitroHashJoinOperator@1580,nitroBoundaryPageIngressFlatChannelPositions,20823
[WARNING] [stderr] 2026-08-09T00:49:17.245-0600	INFO	ForkJoinPool-1-worker-1	stdout	operator_metric,nitro,1/TrinoNitroAggregationOperator@35,nitroAggregationInitialEncodedKeyNanos,0
[WARNING] [stderr] 2026-08-09T00:49:17.245-0600	INFO	ForkJoinPool-1-worker-1	stdout	operator_metric,nitro,1/TrinoNitroAggregationOperator@35,nitroAggregationFusedNanos,0
[WARNING] [stderr] 2026-08-09T00:49:17.245-0600	INFO	ForkJoinPool-1-worker-1	stdout	operator_metric,nitro,1/TrinoNitroAggregationOperator@35,nitroBoundaryPageEgressFlatChannelPositions,991696
[WARNING] [stderr] 2026-08-09T00:49:17.245-0600	INFO	ForkJoinPool-1-worker-1	stdout	operator_metric,nitro,1/TrinoNitroAggregationOperator@35,nitroAggregationPipelineNanos,0
[WARNING] [stderr] 2026-08-09T00:49:17.245-0600	INFO	ForkJoinPool-1-worker-1	stdout	operator_metric,nitro,1/TrinoNitroAggregationOperator@35,nitroBoundaryPageEgressDictionaryChannelPositions,0
[WARNING] [stderr] 2026-08-09T00:49:17.245-0600	INFO	ForkJoinPool-1-worker-1	stdout	operator_metric,nitro,1/TrinoNitroAggregationOperator@35,nitroAggregationGroupingNanos,7540331
[WARNING] [stderr] 2026-08-09T00:49:17.245-0600	INFO	ForkJoinPool-1-worker-1	stdout	operator_metric,nitro,1/TrinoNitroAggregationOperator@35,nitroBoundaryNativeEgressRunLengthChannelPositions,0
[WARNING] [stderr] 2026-08-09T00:49:17.245-0600	INFO	ForkJoinPool-1-worker-1	stdout	operator_metric,nitro,1/TrinoNitroAggregationOperator@35,nitroAggregationOutputNanos,20681
[WARNING] [stderr] 2026-08-09T00:49:17.245-0600	INFO	ForkJoinPool-1-worker-1	stdout	operator_metric,nitro,1/TrinoNitroAggregationOperator@35,nitroBoundaryPageEgressPositions,495848
[WARNING] [stderr] 2026-08-09T00:49:17.245-0600	INFO	ForkJoinPool-1-worker-1	stdout	operator_metric,nitro,1/TrinoNitroAggregationOperator@35,nitroAggregationInputNanos,10927798
[WARNING] [stderr] 2026-08-09T00:49:17.245-0600	INFO	ForkJoinPool-1-worker-1	stdout	operator_metric,nitro,1/TrinoNitroAggregationOperator@35,nitroAggregationInitialAggregationNanos,0
[WARNING] [stderr] 2026-08-09T00:49:17.245-0600	INFO	ForkJoinPool-1-worker-1	stdout	operator_metric,nitro,1/TrinoNitroAggregationOperator@35,nitroAggregationFlushNanos,0
[WARNING] [stderr] 2026-08-09T00:49:17.245-0600	INFO	ForkJoinPool-1-worker-1	stdout	operator_metric,nitro,1/TrinoNitroAggregationOperator@35,nitroBoundaryPageEgressPages,32
[WARNING] [stderr] 2026-08-09T00:49:17.245-0600	INFO	ForkJoinPool-1-worker-1	stdout	operator_metric,nitro,1/TrinoNitroAggregationOperator@35,nitroAggregationInitialFlatKeyNanos,0
[WARNING] [stderr] 2026-08-09T00:49:17.245-0600	INFO	ForkJoinPool-1-worker-1	stdout	operator_metric,nitro,1/TrinoNitroAggregationOperator@35,nitroBoundaryNativeEgressFlatChannelPositions,991696
[WARNING] [stderr] 2026-08-09T00:49:17.245-0600	INFO	ForkJoinPool-1-worker-1	stdout	operator_metric,nitro,1/TrinoNitroAggregationOperator@35,nitroBoundaryNativeEgressDictionaryChannelPositions,0
[WARNING] [stderr] 2026-08-09T00:49:17.245-0600	INFO	ForkJoinPool-1-worker-1	stdout	operator_metric,nitro,1/TrinoNitroAggregationOperator@35,nitroAggregationStatePreparationNanos,822105
[WARNING] [stderr] 2026-08-09T00:49:17.245-0600	INFO	ForkJoinPool-1-worker-1	stdout	operator_metric,nitro,1/TrinoNitroAggregationOperator@35,nitroBoundaryPageEgressRunLengthChannelPositions,0
[WARNING] [stderr] 2026-08-09T00:49:17.245-0600	INFO	ForkJoinPool-1-worker-1	stdout	operator_metric,nitro,1/TrinoNitroAggregationOperator@35,nitroAggregationInitialKeyNanos,0
[WARNING] [stderr] 2026-08-09T00:49:17.245-0600	INFO	ForkJoinPool-1-worker-1	stdout	operator_metric,nitro,1/TrinoNitroAggregationOperator@35,nitroAggregationAccumulationNanos,2215830
[WARNING] [stderr] 2026-08-09T00:49:17.245-0600	INFO	ForkJoinPool-1-worker-1	stdout	operator_metric,nitro,1/TrinoNitroAggregationOperator@35,nitroBoundaryPageEgressBytes,12892048
[WARNING] [stderr] 2026-08-09T00:49:17.245-0600	INFO	ForkJoinPool-1-worker-1	stdout	operator_metric,nitro,1/TrinoNitroHashJoinOperator@64,nitroBoundaryPageEgressPages,32
[WARNING] [stderr] 2026-08-09T00:49:17.245-0600	INFO	ForkJoinPool-1-worker-1	stdout	operator_metric,nitro,1/TrinoNitroHashJoinOperator@64,nitroBoundaryPageIngressFlatChannelPositions,991696
[WARNING] [stderr] 2026-08-09T00:49:17.245-0600	INFO	ForkJoinPool-1-worker-1	stdout	operator_metric,nitro,1/TrinoNitroHashJoinOperator@64,nitroBoundaryPageEgressRunLengthChannelPositions,0
[WARNING] [stderr] 2026-08-09T00:49:17.245-0600	INFO	ForkJoinPool-1-worker-1	stdout	operator_metric,nitro,1/TrinoNitroHashJoinOperator@64,nitroBoundaryNativeEgressFlatChannelPositions,1487544
[WARNING] [stderr] 2026-08-09T00:49:17.245-0600	INFO	ForkJoinPool-1-worker-1	stdout	operator_metric,nitro,1/TrinoNitroHashJoinOperator@64,nitroBoundaryNativeEgressRunLengthChannelPositions,0
[WARNING] [stderr] 2026-08-09T00:49:17.245-0600	INFO	ForkJoinPool-1-worker-1	stdout	operator_metric,nitro,1/TrinoNitroHashJoinOperator@64,nitroBoundaryPageEgressDictionaryChannelPositions,0
[WARNING] [stderr] 2026-08-09T00:49:17.245-0600	INFO	ForkJoinPool-1-worker-1	stdout	operator_metric,nitro,1/TrinoNitroHashJoinOperator@64,nitroBoundaryPageEgressBytes,21321464
[WARNING] [stderr] 2026-08-09T00:49:17.245-0600	INFO	ForkJoinPool-1-worker-1	stdout	operator_metric,nitro,1/TrinoNitroHashJoinOperator@64,nitroBoundaryPageIngressPages,32
[WARNING] [stderr] 2026-08-09T00:49:17.245-0600	INFO	ForkJoinPool-1-worker-1	stdout	operator_metric,nitro,1/TrinoNitroHashJoinOperator@64,nitroBoundaryPageIngressPositions,495848
[WARNING] [stderr] 2026-08-09T00:49:17.245-0600	INFO	ForkJoinPool-1-worker-1	stdout	operator_metric,nitro,1/TrinoNitroHashJoinOperator@64,nitroBoundaryPageIngressRunLengthChannelPositions,0
[WARNING] [stderr] 2026-08-09T00:49:17.245-0600	INFO	ForkJoinPool-1-worker-1	stdout	operator_metric,nitro,1/TrinoNitroHashJoinOperator@64,nitroBoundaryNativeEgressDictionaryChannelPositions,0
[WARNING] [stderr] 2026-08-09T00:49:17.245-0600	INFO	ForkJoinPool-1-worker-1	stdout	operator_metric,nitro,1/TrinoNitroHashJoinOperator@64,nitroBoundaryPageEgressFlatChannelPositions,1487544
[WARNING] [stderr] 2026-08-09T00:49:17.245-0600	INFO	ForkJoinPool-1-worker-1	stdout	operator_metric,nitro,1/TrinoNitroHashJoinOperator@64,nitroBoundaryPageEgressPositions,495848
[WARNING] [stderr] 2026-08-09T00:49:17.245-0600	INFO	ForkJoinPool-1-worker-1	stdout	operator_metric,nitro,1/TrinoNitroHashJoinOperator@64,nitroBoundaryPageIngressBytes,12892048
[WARNING] [stderr] 2026-08-09T00:49:17.245-0600	INFO	ForkJoinPool-1-worker-1	stdout	operator_metric,nitro,1/TrinoNitroHashJoinOperator@64,nitroBoundaryPageIngressDictionaryChannelPositions,0
[WARNING] [stderr] 2026-08-09T00:49:17.245-0600	INFO	ForkJoinPool-1-worker-1	stdout	operator_metric,nitro,19/TrinoNitroHashJoinOperator@114,nitroBoundaryPageEgressPages,3279
[WARNING] [stderr] 2026-08-09T00:49:17.245-0600	INFO	ForkJoinPool-1-worker-1	stdout	operator_metric,nitro,19/TrinoNitroHashJoinOperator@114,nitroBoundaryPageIngressFlatChannelPositions,86402973
[WARNING] [stderr] 2026-08-09T00:49:17.245-0600	INFO	ForkJoinPool-1-worker-1	stdout	operator_metric,nitro,19/TrinoNitroHashJoinOperator@114,nitroBoundaryPageEgressRunLengthChannelPositions,0
[WARNING] [stderr] 2026-08-09T00:49:17.245-0600	INFO	ForkJoinPool-1-worker-1	stdout	operator_metric,nitro,19/TrinoNitroHashJoinOperator@114,nitroBoundaryNativeEgressFlatChannelPositions,82514214
[WARNING] [stderr] 2026-08-09T00:49:17.245-0600	INFO	ForkJoinPool-1-worker-1	stdout	operator_metric,nitro,19/TrinoNitroHashJoinOperator@114,nitroBoundaryNativeEgressRunLengthChannelPositions,0
[WARNING] [stderr] 2026-08-09T00:49:17.245-0600	INFO	ForkJoinPool-1-worker-1	stdout	operator_metric,nitro,19/TrinoNitroHashJoinOperator@114,nitroBoundaryPageEgressDictionaryChannelPositions,0
[WARNING] [stderr] 2026-08-09T00:49:17.245-0600	INFO	ForkJoinPool-1-worker-1	stdout	operator_metric,nitro,19/TrinoNitroHashJoinOperator@114,nitroBoundaryPageEgressBytes,632608974
[WARNING] [stderr] 2026-08-09T00:49:17.245-0600	INFO	ForkJoinPool-1-worker-1	stdout	operator_metric,nitro,19/TrinoNitroHashJoinOperator@114,nitroBoundaryPageIngressPages,825
[WARNING] [stderr] 2026-08-09T00:49:17.245-0600	INFO	ForkJoinPool-1-worker-1	stdout	operator_metric,nitro,19/TrinoNitroHashJoinOperator@114,nitroBoundaryPageIngressPositions,28800991
[WARNING] [stderr] 2026-08-09T00:49:17.245-0600	INFO	ForkJoinPool-1-worker-1	stdout	operator_metric,nitro,19/TrinoNitroHashJoinOperator@114,nitroBoundaryPageIngressRunLengthChannelPositions,0
[WARNING] [stderr] 2026-08-09T00:49:17.245-0600	INFO	ForkJoinPool-1-worker-1	stdout	operator_metric,nitro,19/TrinoNitroHashJoinOperator@114,nitroBoundaryNativeEgressDictionaryChannelPositions,0
[WARNING] [stderr] 2026-08-09T00:49:17.245-0600	INFO	ForkJoinPool-1-worker-1	stdout	operator_metric,nitro,19/TrinoNitroHashJoinOperator@114,nitroBoundaryPageEgressFlatChannelPositions,82514214
[WARNING] [stderr] 2026-08-09T00:49:17.245-0600	INFO	ForkJoinPool-1-worker-1	stdout	operator_metric,nitro,19/TrinoNitroHashJoinOperator@114,nitroBoundaryPageEgressPositions,27504738
[WARNING] [stderr] 2026-08-09T00:49:17.245-0600	INFO	ForkJoinPool-1-worker-1	stdout	operator_metric,nitro,19/TrinoNitroHashJoinOperator@114,nitroBoundaryPageIngressBytes,662422793
[WARNING] [stderr] 2026-08-09T00:49:17.245-0600	INFO	ForkJoinPool-1-worker-1	stdout	operator_metric,nitro,19/TrinoNitroHashJoinOperator@114,nitroBoundaryPageIngressDictionaryChannelPositions,0
[WARNING] [stderr] 2026-08-09T00:49:17.245-0600	INFO	ForkJoinPool-1-worker-1	stdout	operator_metric,nitro,19/TrinoNitroAggregationOperator@6053,nitroAggregationInitialEncodedKeyNanos,0
[WARNING] [stderr] 2026-08-09T00:49:17.245-0600	INFO	ForkJoinPool-1-worker-1	stdout	operator_metric,nitro,19/TrinoNitroAggregationOperator@6053,nitroAggregationFusedNanos,0
[WARNING] [stderr] 2026-08-09T00:49:17.245-0600	INFO	ForkJoinPool-1-worker-1	stdout	operator_metric,nitro,19/TrinoNitroAggregationOperator@6053,nitroBoundaryPageEgressFlatChannelPositions,2
[WARNING] [stderr] 2026-08-09T00:49:17.245-0600	INFO	ForkJoinPool-1-worker-1	stdout	operator_metric,nitro,19/TrinoNitroAggregationOperator@6053,nitroAggregationPipelineNanos,0
[WARNING] [stderr] 2026-08-09T00:49:17.245-0600	INFO	ForkJoinPool-1-worker-1	stdout	operator_metric,nitro,19/TrinoNitroAggregationOperator@6053,nitroBoundaryPageEgressDictionaryChannelPositions,0
[WARNING] [stderr] 2026-08-09T00:49:17.245-0600	INFO	ForkJoinPool-1-worker-1	stdout	operator_metric,nitro,19/TrinoNitroAggregationOperator@6053,nitroAggregationGroupingNanos,0
[WARNING] [stderr] 2026-08-09T00:49:17.245-0600	INFO	ForkJoinPool-1-worker-1	stdout	operator_metric,nitro,19/TrinoNitroAggregationOperator@6053,nitroBoundaryNativeEgressRunLengthChannelPositions,0
[WARNING] [stderr] 2026-08-09T00:49:17.245-0600	INFO	ForkJoinPool-1-worker-1	stdout	operator_metric,nitro,19/TrinoNitroAggregationOperator@6053,nitroAggregationOutputNanos,43152
[WARNING] [stderr] 2026-08-09T00:49:17.245-0600	INFO	ForkJoinPool-1-worker-1	stdout	operator_metric,nitro,19/TrinoNitroAggregationOperator@6053,nitroBoundaryPageEgressPositions,2
[WARNING] [stderr] 2026-08-09T00:49:17.245-0600	INFO	ForkJoinPool-1-worker-1	stdout	operator_metric,nitro,19/TrinoNitroAggregationOperator@6053,nitroAggregationInputNanos,0
[WARNING] [stderr] 2026-08-09T00:49:17.245-0600	INFO	ForkJoinPool-1-worker-1	stdout	operator_metric,nitro,19/TrinoNitroAggregationOperator@6053,nitroAggregationInitialAggregationNanos,0
[WARNING] [stderr] 2026-08-09T00:49:17.245-0600	INFO	ForkJoinPool-1-worker-1	stdout	operator_metric,nitro,19/TrinoNitroAggregationOperator@6053,nitroAggregationFlushNanos,0
[WARNING] [stderr] 2026-08-09T00:49:17.245-0600	INFO	ForkJoinPool-1-worker-1	stdout	operator_metric,nitro,19/TrinoNitroAggregationOperator@6053,nitroBoundaryPageEgressPages,2
[WARNING] [stderr] 2026-08-09T00:49:17.245-0600	INFO	ForkJoinPool-1-worker-1	stdout	operator_metric,nitro,19/TrinoNitroAggregationOperator@6053,nitroAggregationInitialFlatKeyNanos,0
[WARNING] [stderr] 2026-08-09T00:49:17.245-0600	INFO	ForkJoinPool-1-worker-1	stdout	operator_metric,nitro,19/TrinoNitroAggregationOperator@6053,nitroBoundaryNativeEgressFlatChannelPositions,2
[WARNING] [stderr] 2026-08-09T00:49:17.245-0600	INFO	ForkJoinPool-1-worker-1	stdout	operator_metric,nitro,19/TrinoNitroAggregationOperator@6053,nitroBoundaryNativeEgressDictionaryChannelPositions,0
[WARNING] [stderr] 2026-08-09T00:49:17.245-0600	INFO	ForkJoinPool-1-worker-1	stdout	operator_metric,nitro,19/TrinoNitroAggregationOperator@6053,nitroAggregationStatePreparationNanos,0
[WARNING] [stderr] 2026-08-09T00:49:17.245-0600	INFO	ForkJoinPool-1-worker-1	stdout	operator_metric,nitro,19/TrinoNitroAggregationOperator@6053,nitroBoundaryPageEgressRunLengthChannelPositions,0
[WARNING] [stderr] 2026-08-09T00:49:17.245-0600	INFO	ForkJoinPool-1-worker-1	stdout	operator_metric,nitro,19/TrinoNitroAggregationOperator@6053,nitroAggregationInitialKeyNanos,0
[WARNING] [stderr] 2026-08-09T00:49:17.245-0600	INFO	ForkJoinPool-1-worker-1	stdout	operator_metric,nitro,19/TrinoNitroAggregationOperator@6053,nitroAggregationAccumulationNanos,0
[WARNING] [stderr] 2026-08-09T00:49:17.245-0600	INFO	ForkJoinPool-1-worker-1	stdout	operator_metric,nitro,19/TrinoNitroAggregationOperator@6053,nitroBoundaryPageEgressBytes,10
[WARNING] [stderr] 2026-08-09T00:49:17.245-0600	INFO	ForkJoinPool-1-worker-1	stdout	operator_metric,nitro,19/TrinoNitroAggregationOperator@2048,nitroAggregationInitialEncodedKeyNanos,0
[WARNING] [stderr] 2026-08-09T00:49:17.245-0600	INFO	ForkJoinPool-1-worker-1	stdout	operator_metric,nitro,19/TrinoNitroAggregationOperator@2048,nitroAggregationFusedNanos,0
[WARNING] [stderr] 2026-08-09T00:49:17.245-0600	INFO	ForkJoinPool-1-worker-1	stdout	operator_metric,nitro,19/TrinoNitroAggregationOperator@2048,nitroBoundaryPageEgressFlatChannelPositions,61
[WARNING] [stderr] 2026-08-09T00:49:17.245-0600	INFO	ForkJoinPool-1-worker-1	stdout	operator_metric,nitro,19/TrinoNitroAggregationOperator@2048,nitroAggregationPipelineNanos,0
[WARNING] [stderr] 2026-08-09T00:49:17.245-0600	INFO	ForkJoinPool-1-worker-1	stdout	operator_metric,nitro,19/TrinoNitroAggregationOperator@2048,nitroBoundaryPageEgressDictionaryChannelPositions,0
[WARNING] [stderr] 2026-08-09T00:49:17.245-0600	INFO	ForkJoinPool-1-worker-1	stdout	operator_metric,nitro,19/TrinoNitroAggregationOperator@2048,nitroAggregationGroupingNanos,0
[WARNING] [stderr] 2026-08-09T00:49:17.245-0600	INFO	ForkJoinPool-1-worker-1	stdout	operator_metric,nitro,19/TrinoNitroAggregationOperator@2048,nitroBoundaryNativeEgressRunLengthChannelPositions,0
[WARNING] [stderr] 2026-08-09T00:49:17.245-0600	INFO	ForkJoinPool-1-worker-1	stdout	operator_metric,nitro,19/TrinoNitroAggregationOperator@2048,nitroAggregationOutputNanos,101981
[WARNING] [stderr] 2026-08-09T00:49:17.245-0600	INFO	ForkJoinPool-1-worker-1	stdout	operator_metric,nitro,19/TrinoNitroAggregationOperator@2048,nitroBoundaryPageEgressPositions,61
[WARNING] [stderr] 2026-08-09T00:49:17.245-0600	INFO	ForkJoinPool-1-worker-1	stdout	operator_metric,nitro,19/TrinoNitroAggregationOperator@2048,nitroAggregationInputNanos,165180
[WARNING] [stderr] 2026-08-09T00:49:17.245-0600	INFO	ForkJoinPool-1-worker-1	stdout	operator_metric,nitro,19/TrinoNitroAggregationOperator@2048,nitroAggregationInitialAggregationNanos,0
[WARNING] [stderr] 2026-08-09T00:49:17.246-0600	INFO	ForkJoinPool-1-worker-1	stdout	operator_metric,nitro,19/TrinoNitroAggregationOperator@2048,nitroAggregationFlushNanos,0
[WARNING] [stderr] 2026-08-09T00:49:17.246-0600	INFO	ForkJoinPool-1-worker-1	stdout	operator_metric,nitro,19/TrinoNitroAggregationOperator@2048,nitroBoundaryPageEgressPages,18
[WARNING] [stderr] 2026-08-09T00:49:17.246-0600	INFO	ForkJoinPool-1-worker-1	stdout	operator_metric,nitro,19/TrinoNitroAggregationOperator@2048,nitroAggregationInitialFlatKeyNanos,0
[WARNING] [stderr] 2026-08-09T00:49:17.246-0600	INFO	ForkJoinPool-1-worker-1	stdout	operator_metric,nitro,19/TrinoNitroAggregationOperator@2048,nitroBoundaryNativeEgressFlatChannelPositions,61
[WARNING] [stderr] 2026-08-09T00:49:17.246-0600	INFO	ForkJoinPool-1-worker-1	stdout	operator_metric,nitro,19/TrinoNitroAggregationOperator@2048,nitroBoundaryNativeEgressDictionaryChannelPositions,0
[WARNING] [stderr] 2026-08-09T00:49:17.246-0600	INFO	ForkJoinPool-1-worker-1	stdout	operator_metric,nitro,19/TrinoNitroAggregationOperator@2048,nitroAggregationStatePreparationNanos,0
[WARNING] [stderr] 2026-08-09T00:49:17.246-0600	INFO	ForkJoinPool-1-worker-1	stdout	operator_metric,nitro,19/TrinoNitroAggregationOperator@2048,nitroBoundaryPageEgressRunLengthChannelPositions,0
[WARNING] [stderr] 2026-08-09T00:49:17.246-0600	INFO	ForkJoinPool-1-worker-1	stdout	operator_metric,nitro,19/TrinoNitroAggregationOperator@2048,nitroAggregationInitialKeyNanos,0
[WARNING] [stderr] 2026-08-09T00:49:17.246-0600	INFO	ForkJoinPool-1-worker-1	stdout	operator_metric,nitro,19/TrinoNitroAggregationOperator@2048,nitroAggregationAccumulationNanos,0
[WARNING] [stderr] 2026-08-09T00:49:17.246-0600	INFO	ForkJoinPool-1-worker-1	stdout	operator_metric,nitro,19/TrinoNitroAggregationOperator@2048,nitroBoundaryPageEgressBytes,549
[WARNING] [stderr] 2026-08-09T00:49:17.246-0600	INFO	ForkJoinPool-1-worker-1	stdout	operator_metric,nitro,19/TrinoNitroAggregationOperator@6136,nitroAggregationInitialAggregationNanos,0
[WARNING] [stderr] 2026-08-09T00:49:17.246-0600	INFO	ForkJoinPool-1-worker-1	stdout	operator_metric,nitro,19/TrinoNitroAggregationOperator@6136,nitroBoundaryPageIngressFlatChannelPositions,82514214
[WARNING] [stderr] 2026-08-09T00:49:17.246-0600	INFO	ForkJoinPool-1-worker-1	stdout	operator_metric,nitro,19/TrinoNitroAggregationOperator@6136,nitroAggregationGroupingNanos,428908564
[WARNING] [stderr] 2026-08-09T00:49:17.246-0600	INFO	ForkJoinPool-1-worker-1	stdout	operator_metric,nitro,19/TrinoNitroAggregationOperator@6136,nitroBoundaryNativeExchangeBatches,2
[WARNING] [stderr] 2026-08-09T00:49:17.246-0600	INFO	ForkJoinPool-1-worker-1	stdout	operator_metric,nitro,19/TrinoNitroAggregationOperator@6136,nitroAggregationInitialEncodedKeyNanos,0
[WARNING] [stderr] 2026-08-09T00:49:17.246-0600	INFO	ForkJoinPool-1-worker-1	stdout	operator_metric,nitro,19/TrinoNitroAggregationOperator@6136,nitroAggregationFusedNanos,0
[WARNING] [stderr] 2026-08-09T00:49:17.246-0600	INFO	ForkJoinPool-1-worker-1	stdout	operator_metric,nitro,19/TrinoNitroAggregationOperator@6136,nitroAggregationFlushNanos,0
[WARNING] [stderr] 2026-08-09T00:49:17.246-0600	INFO	ForkJoinPool-1-worker-1	stdout	operator_metric,nitro,19/TrinoNitroAggregationOperator@6136,nitroBoundaryPageIngressDictionaryChannelPositions,0
[WARNING] [stderr] 2026-08-09T00:49:17.246-0600	INFO	ForkJoinPool-1-worker-1	stdout	operator_metric,nitro,19/TrinoNitroAggregationOperator@6136,nitroBoundaryNativeExchangePositions,495848
[WARNING] [stderr] 2026-08-09T00:49:17.246-0600	INFO	ForkJoinPool-1-worker-1	stdout	operator_metric,nitro,19/TrinoNitroAggregationOperator@6136,nitroAggregationStatePreparationNanos,6341044
[WARNING] [stderr] 2026-08-09T00:49:17.246-0600	INFO	ForkJoinPool-1-worker-1	stdout	operator_metric,nitro,19/TrinoNitroAggregationOperator@6136,nitroBoundaryPageIngressBytes,632608974
[WARNING] [stderr] 2026-08-09T00:49:17.246-0600	INFO	ForkJoinPool-1-worker-1	stdout	operator_metric,nitro,19/TrinoNitroAggregationOperator@6136,nitroAggregationPipelineNanos,3294237
[WARNING] [stderr] 2026-08-09T00:49:17.246-0600	INFO	ForkJoinPool-1-worker-1	stdout	operator_metric,nitro,19/TrinoNitroAggregationOperator@6136,nitroAggregationOutputNanos,43732
[WARNING] [stderr] 2026-08-09T00:49:17.246-0600	INFO	ForkJoinPool-1-worker-1	stdout	operator_metric,nitro,19/TrinoNitroAggregationOperator@6136,nitroBoundaryNativeExchangeMaximumBatchBytes,18842232
[WARNING] [stderr] 2026-08-09T00:49:17.246-0600	INFO	ForkJoinPool-1-worker-1	stdout	operator_metric,nitro,19/TrinoNitroAggregationOperator@6136,nitroBoundaryNativeExchangeBytes,18842232
[WARNING] [stderr] 2026-08-09T00:49:17.246-0600	INFO	ForkJoinPool-1-worker-1	stdout	operator_metric,nitro,19/TrinoNitroAggregationOperator@6136,nitroBoundaryPageIngressPositions,27504738
[WARNING] [stderr] 2026-08-09T00:49:17.246-0600	INFO	ForkJoinPool-1-worker-1	stdout	operator_metric,nitro,19/TrinoNitroAggregationOperator@6136,nitroAggregationInitialFlatKeyNanos,0
[WARNING] [stderr] 2026-08-09T00:49:17.246-0600	INFO	ForkJoinPool-1-worker-1	stdout	operator_metric,nitro,19/TrinoNitroAggregationOperator@6136,nitroAggregationAccumulationNanos,1207726790
[WARNING] [stderr] 2026-08-09T00:49:17.246-0600	INFO	ForkJoinPool-1-worker-1	stdout	operator_metric,nitro,19/TrinoNitroAggregationOperator@6136,nitroBoundaryPageIngressRunLengthChannelPositions,0
[WARNING] [stderr] 2026-08-09T00:49:17.246-0600	INFO	ForkJoinPool-1-worker-1	stdout	operator_metric,nitro,19/TrinoNitroAggregationOperator@6136,nitroAggregationInitialKeyNanos,0
[WARNING] [stderr] 2026-08-09T00:49:17.246-0600	INFO	ForkJoinPool-1-worker-1	stdout	operator_metric,nitro,19/TrinoNitroAggregationOperator@6136,nitroBoundaryPageIngressPages,3279
[WARNING] [stderr] 2026-08-09T00:49:17.246-0600	INFO	ForkJoinPool-1-worker-1	stdout	operator_metric,nitro,19/TrinoNitroAggregationOperator@6136,nitroAggregationInputNanos,1643659493
[WARNING] [stderr] 2026-08-09T00:49:17.246-0600	INFO	ForkJoinPool-1-worker-1	stdout	operator_metric,nitro,19/TrinoNitroHashJoinOperator@1588,nitroBoundaryPageIngressPages,4
[WARNING] [stderr] 2026-08-09T00:49:17.246-0600	INFO	ForkJoinPool-1-worker-1	stdout	operator_metric,nitro,19/TrinoNitroHashJoinOperator@1588,nitroBoundaryPageIngressBytes,76291
[WARNING] [stderr] 2026-08-09T00:49:17.246-0600	INFO	ForkJoinPool-1-worker-1	stdout	operator_metric,nitro,19/TrinoNitroHashJoinOperator@1588,nitroBoundaryPageIngressPositions,3317
[WARNING] [stderr] 2026-08-09T00:49:17.246-0600	INFO	ForkJoinPool-1-worker-1	stdout	operator_metric,nitro,19/TrinoNitroHashJoinOperator@1588,nitroBoundaryPageIngressDictionaryChannelPositions,0
[WARNING] [stderr] 2026-08-09T00:49:17.246-0600	INFO	ForkJoinPool-1-worker-1	stdout	operator_metric,nitro,19/TrinoNitroHashJoinOperator@1588,nitroBoundaryPageIngressRunLengthChannelPositions,0
[WARNING] [stderr] 2026-08-09T00:49:17.246-0600	INFO	ForkJoinPool-1-worker-1	stdout	operator_metric,nitro,19/TrinoNitroHashJoinOperator@1588,nitroBoundaryPageIngressFlatChannelPositions,9951
[WARNING] [stderr] 2026-08-09T00:49:17.246-0600	INFO	ForkJoinPool-1-worker-1	stdout	operator_metric,nitro,19/TrinoNitroAggregationOperator@119,nitroAggregationInitialEncodedKeyNanos,0
[WARNING] [stderr] 2026-08-09T00:49:17.246-0600	INFO	ForkJoinPool-1-worker-1	stdout	operator_metric,nitro,19/TrinoNitroAggregationOperator@119,nitroAggregationFusedNanos,0
[WARNING] [stderr] 2026-08-09T00:49:17.246-0600	INFO	ForkJoinPool-1-worker-1	stdout	operator_metric,nitro,19/TrinoNitroAggregationOperator@119,nitroBoundaryPageEgressFlatChannelPositions,991696
[WARNING] [stderr] 2026-08-09T00:49:17.246-0600	INFO	ForkJoinPool-1-worker-1	stdout	operator_metric,nitro,19/TrinoNitroAggregationOperator@119,nitroAggregationPipelineNanos,0
[WARNING] [stderr] 2026-08-09T00:49:17.246-0600	INFO	ForkJoinPool-1-worker-1	stdout	operator_metric,nitro,19/TrinoNitroAggregationOperator@119,nitroBoundaryPageEgressDictionaryChannelPositions,0
[WARNING] [stderr] 2026-08-09T00:49:17.246-0600	INFO	ForkJoinPool-1-worker-1	stdout	operator_metric,nitro,19/TrinoNitroAggregationOperator@119,nitroAggregationGroupingNanos,10922106
[WARNING] [stderr] 2026-08-09T00:49:17.246-0600	INFO	ForkJoinPool-1-worker-1	stdout	operator_metric,nitro,19/TrinoNitroAggregationOperator@119,nitroBoundaryNativeEgressRunLengthChannelPositions,0
[WARNING] [stderr] 2026-08-09T00:49:17.246-0600	INFO	ForkJoinPool-1-worker-1	stdout	operator_metric,nitro,19/TrinoNitroAggregationOperator@119,nitroAggregationOutputNanos,37538
[WARNING] [stderr] 2026-08-09T00:49:17.246-0600	INFO	ForkJoinPool-1-worker-1	stdout	operator_metric,nitro,19/TrinoNitroAggregationOperator@119,nitroBoundaryPageEgressPositions,495848
[WARNING] [stderr] 2026-08-09T00:49:17.246-0600	INFO	ForkJoinPool-1-worker-1	stdout	operator_metric,nitro,19/TrinoNitroAggregationOperator@119,nitroAggregationInputNanos,14895060
[WARNING] [stderr] 2026-08-09T00:49:17.246-0600	INFO	ForkJoinPool-1-worker-1	stdout	operator_metric,nitro,19/TrinoNitroAggregationOperator@119,nitroAggregationInitialAggregationNanos,0
[WARNING] [stderr] 2026-08-09T00:49:17.246-0600	INFO	ForkJoinPool-1-worker-1	stdout	operator_metric,nitro,19/TrinoNitroAggregationOperator@119,nitroAggregationFlushNanos,0
[WARNING] [stderr] 2026-08-09T00:49:17.246-0600	INFO	ForkJoinPool-1-worker-1	stdout	operator_metric,nitro,19/TrinoNitroAggregationOperator@119,nitroBoundaryPageEgressPages,32
[WARNING] [stderr] 2026-08-09T00:49:17.246-0600	INFO	ForkJoinPool-1-worker-1	stdout	operator_metric,nitro,19/TrinoNitroAggregationOperator@119,nitroAggregationInitialFlatKeyNanos,0
[WARNING] [stderr] 2026-08-09T00:49:17.246-0600	INFO	ForkJoinPool-1-worker-1	stdout	operator_metric,nitro,19/TrinoNitroAggregationOperator@119,nitroBoundaryNativeEgressFlatChannelPositions,991696
[WARNING] [stderr] 2026-08-09T00:49:17.246-0600	INFO	ForkJoinPool-1-worker-1	stdout	operator_metric,nitro,19/TrinoNitroAggregationOperator@119,nitroBoundaryNativeEgressDictionaryChannelPositions,0
[WARNING] [stderr] 2026-08-09T00:49:17.246-0600	INFO	ForkJoinPool-1-worker-1	stdout	operator_metric,nitro,19/TrinoNitroAggregationOperator@119,nitroAggregationStatePreparationNanos,1199498
[WARNING] [stderr] 2026-08-09T00:49:17.246-0600	INFO	ForkJoinPool-1-worker-1	stdout	operator_metric,nitro,19/TrinoNitroAggregationOperator@119,nitroBoundaryPageEgressRunLengthChannelPositions,0
[WARNING] [stderr] 2026-08-09T00:49:17.246-0600	INFO	ForkJoinPool-1-worker-1	stdout	operator_metric,nitro,19/TrinoNitroAggregationOperator@119,nitroAggregationInitialKeyNanos,0
[WARNING] [stderr] 2026-08-09T00:49:17.246-0600	INFO	ForkJoinPool-1-worker-1	stdout	operator_metric,nitro,19/TrinoNitroAggregationOperator@119,nitroAggregationAccumulationNanos,2388638
[WARNING] [stderr] 2026-08-09T00:49:17.246-0600	INFO	ForkJoinPool-1-worker-1	stdout	operator_metric,nitro,19/TrinoNitroAggregationOperator@119,nitroBoundaryPageEgressBytes,12892048
[WARNING] [stderr] 2026-08-09T00:49:17.246-0600	INFO	ForkJoinPool-1-worker-1	stdout	operator_metric,nitro,19/TrinoNitroHashJoinOperator@148,nitroBoundaryPageEgressPages,32
[WARNING] [stderr] 2026-08-09T00:49:17.246-0600	INFO	ForkJoinPool-1-worker-1	stdout	operator_metric,nitro,19/TrinoNitroHashJoinOperator@148,nitroBoundaryPageIngressFlatChannelPositions,991696
[WARNING] [stderr] 2026-08-09T00:49:17.246-0600	INFO	ForkJoinPool-1-worker-1	stdout	operator_metric,nitro,19/TrinoNitroHashJoinOperator@148,nitroBoundaryPageEgressRunLengthChannelPositions,0
[WARNING] [stderr] 2026-08-09T00:49:17.246-0600	INFO	ForkJoinPool-1-worker-1	stdout	operator_metric,nitro,19/TrinoNitroHashJoinOperator@148,nitroBoundaryNativeEgressFlatChannelPositions,1487544
[WARNING] [stderr] 2026-08-09T00:49:17.246-0600	INFO	ForkJoinPool-1-worker-1	stdout	operator_metric,nitro,19/TrinoNitroHashJoinOperator@148,nitroBoundaryNativeEgressRunLengthChannelPositions,0
[WARNING] [stderr] 2026-08-09T00:49:17.246-0600	INFO	ForkJoinPool-1-worker-1	stdout	operator_metric,nitro,19/TrinoNitroHashJoinOperator@148,nitroBoundaryPageEgressDictionaryChannelPositions,0
[WARNING] [stderr] 2026-08-09T00:49:17.246-0600	INFO	ForkJoinPool-1-worker-1	stdout	operator_metric,nitro,19/TrinoNitroHashJoinOperator@148,nitroBoundaryPageEgressBytes,21321464
[WARNING] [stderr] 2026-08-09T00:49:17.246-0600	INFO	ForkJoinPool-1-worker-1	stdout	operator_metric,nitro,19/TrinoNitroHashJoinOperator@148,nitroBoundaryPageIngressPages,32
[WARNING] [stderr] 2026-08-09T00:49:17.246-0600	INFO	ForkJoinPool-1-worker-1	stdout	operator_metric,nitro,19/TrinoNitroHashJoinOperator@148,nitroBoundaryPageIngressPositions,495848
[WARNING] [stderr] 2026-08-09T00:49:17.246-0600	INFO	ForkJoinPool-1-worker-1	stdout	operator_metric,nitro,19/TrinoNitroHashJoinOperator@148,nitroBoundaryPageIngressRunLengthChannelPositions,0
[WARNING] [stderr] 2026-08-09T00:49:17.246-0600	INFO	ForkJoinPool-1-worker-1	stdout	operator_metric,nitro,19/TrinoNitroHashJoinOperator@148,nitroBoundaryNativeEgressDictionaryChannelPositions,0
[WARNING] [stderr] 2026-08-09T00:49:17.246-0600	INFO	ForkJoinPool-1-worker-1	stdout	operator_metric,nitro,19/TrinoNitroHashJoinOperator@148,nitroBoundaryPageEgressFlatChannelPositions,1487544
[WARNING] [stderr] 2026-08-09T00:49:17.246-0600	INFO	ForkJoinPool-1-worker-1	stdout	operator_metric,nitro,19/TrinoNitroHashJoinOperator@148,nitroBoundaryPageEgressPositions,495848
[WARNING] [stderr] 2026-08-09T00:49:17.246-0600	INFO	ForkJoinPool-1-worker-1	stdout	operator_metric,nitro,19/TrinoNitroHashJoinOperator@148,nitroBoundaryPageIngressBytes,12892048
[WARNING] [stderr] 2026-08-09T00:49:17.246-0600	INFO	ForkJoinPool-1-worker-1	stdout	operator_metric,nitro,19/TrinoNitroHashJoinOperator@148,nitroBoundaryPageIngressDictionaryChannelPositions,0
[WARNING] [stderr] 2026-08-09T00:49:17.246-0600	INFO	ForkJoinPool-1-worker-1	stdout	operator_metric,nitro,2/TrinoNitroHashJoinOperator@1583,nitroBoundaryPageIngressRunLengthChannelPositions,0
[WARNING] [stderr] 2026-08-09T00:49:17.246-0600	INFO	ForkJoinPool-1-worker-1	stdout	operator_metric,nitro,2/TrinoNitroHashJoinOperator@1583,nitroBoundaryNativeExchangePositions,6941
[WARNING] [stderr] 2026-08-09T00:49:17.246-0600	INFO	ForkJoinPool-1-worker-1	stdout	operator_metric,nitro,2/TrinoNitroHashJoinOperator@1583,nitroBoundaryNativeExchangeBytes,159265
[WARNING] [stderr] 2026-08-09T00:49:17.246-0600	INFO	ForkJoinPool-1-worker-1	stdout	operator_metric,nitro,2/TrinoNitroHashJoinOperator@1583,nitroBoundaryNativeExchangeBatches,6
[WARNING] [stderr] 2026-08-09T00:49:17.246-0600	INFO	ForkJoinPool-1-worker-1	stdout	operator_metric,nitro,2/TrinoNitroHashJoinOperator@1583,nitroBoundaryPageIngressFlatChannelPositions,524988
[WARNING] [stderr] 2026-08-09T00:49:17.246-0600	INFO	ForkJoinPool-1-worker-1	stdout	operator_metric,nitro,2/TrinoNitroHashJoinOperator@1583,nitroBoundaryNativeExchangeMaximumBatchBytes,90827
[WARNING] [stderr] 2026-08-09T00:49:17.246-0600	INFO	ForkJoinPool-1-worker-1	stdout	operator_metric,nitro,2/TrinoNitroHashJoinOperator@1583,nitroBoundaryPageIngressPositions,131247
[WARNING] [stderr] 2026-08-09T00:49:17.246-0600	INFO	ForkJoinPool-1-worker-1	stdout	operator_metric,nitro,2/TrinoNitroHashJoinOperator@1583,nitroBoundaryPageIngressPages,6
[WARNING] [stderr] 2026-08-09T00:49:17.246-0600	INFO	ForkJoinPool-1-worker-1	stdout	operator_metric,nitro,2/TrinoNitroHashJoinOperator@1583,nitroBoundaryPageIngressBytes,4199904
[WARNING] [stderr] 2026-08-09T00:49:17.246-0600	INFO	ForkJoinPool-1-worker-1	stdout	operator_metric,nitro,2/TrinoNitroHashJoinOperator@1583,nitroBoundaryPageIngressDictionaryChannelPositions,0
[WARNING] [stderr] 2026-08-09T00:49:17.246-0600	INFO	ForkJoinPool-1-worker-1	stdout	operator_metric,nitro,2/TrinoNitroAggregationOperator@12,nitroAggregationInitialEncodedKeyNanos,0
[WARNING] [stderr] 2026-08-09T00:49:17.246-0600	INFO	ForkJoinPool-1-worker-1	stdout	operator_metric,nitro,2/TrinoNitroAggregationOperator@12,nitroAggregationFusedNanos,0
[WARNING] [stderr] 2026-08-09T00:49:17.246-0600	INFO	ForkJoinPool-1-worker-1	stdout	operator_metric,nitro,2/TrinoNitroAggregationOperator@12,nitroBoundaryPageEgressFlatChannelPositions,4221
[WARNING] [stderr] 2026-08-09T00:49:17.246-0600	INFO	ForkJoinPool-1-worker-1	stdout	operator_metric,nitro,2/TrinoNitroAggregationOperator@12,nitroAggregationPipelineNanos,0
[WARNING] [stderr] 2026-08-09T00:49:17.246-0600	INFO	ForkJoinPool-1-worker-1	stdout	operator_metric,nitro,2/TrinoNitroAggregationOperator@12,nitroBoundaryPageEgressDictionaryChannelPositions,0
[WARNING] [stderr] 2026-08-09T00:49:17.246-0600	INFO	ForkJoinPool-1-worker-1	stdout	operator_metric,nitro,2/TrinoNitroAggregationOperator@12,nitroAggregationGroupingNanos,4549227148
[WARNING] [stderr] 2026-08-09T00:49:17.246-0600	INFO	ForkJoinPool-1-worker-1	stdout	operator_metric,nitro,2/TrinoNitroAggregationOperator@12,nitroBoundaryNativeEgressRunLengthChannelPositions,0
[WARNING] [stderr] 2026-08-09T00:49:17.246-0600	INFO	ForkJoinPool-1-worker-1	stdout	operator_metric,nitro,2/TrinoNitroAggregationOperator@12,nitroAggregationOutputNanos,149805
[WARNING] [stderr] 2026-08-09T00:49:17.246-0600	INFO	ForkJoinPool-1-worker-1	stdout	operator_metric,nitro,2/TrinoNitroAggregationOperator@12,nitroBoundaryPageEgressPositions,4221
[WARNING] [stderr] 2026-08-09T00:49:17.246-0600	INFO	ForkJoinPool-1-worker-1	stdout	operator_metric,nitro,2/TrinoNitroAggregationOperator@12,nitroAggregationInputNanos,4643612123
[WARNING] [stderr] 2026-08-09T00:49:17.246-0600	INFO	ForkJoinPool-1-worker-1	stdout	operator_metric,nitro,2/TrinoNitroAggregationOperator@12,nitroAggregationInitialAggregationNanos,0
[WARNING] [stderr] 2026-08-09T00:49:17.246-0600	INFO	ForkJoinPool-1-worker-1	stdout	operator_metric,nitro,2/TrinoNitroAggregationOperator@12,nitroAggregationFlushNanos,0
[WARNING] [stderr] 2026-08-09T00:49:17.246-0600	INFO	ForkJoinPool-1-worker-1	stdout	operator_metric,nitro,2/TrinoNitroAggregationOperator@12,nitroBoundaryPageEgressPages,481
[WARNING] [stderr] 2026-08-09T00:49:17.246-0600	INFO	ForkJoinPool-1-worker-1	stdout	operator_metric,nitro,2/TrinoNitroAggregationOperator@12,nitroAggregationInitialFlatKeyNanos,0
[WARNING] [stderr] 2026-08-09T00:49:17.246-0600	INFO	ForkJoinPool-1-worker-1	stdout	operator_metric,nitro,2/TrinoNitroAggregationOperator@12,nitroBoundaryNativeEgressFlatChannelPositions,4221
[WARNING] [stderr] 2026-08-09T00:49:17.246-0600	INFO	ForkJoinPool-1-worker-1	stdout	operator_metric,nitro,2/TrinoNitroAggregationOperator@12,nitroBoundaryNativeEgressDictionaryChannelPositions,0
[WARNING] [stderr] 2026-08-09T00:49:17.246-0600	INFO	ForkJoinPool-1-worker-1	stdout	operator_metric,nitro,2/TrinoNitroAggregationOperator@12,nitroAggregationStatePreparationNanos,4135653
[WARNING] [stderr] 2026-08-09T00:49:17.246-0600	INFO	ForkJoinPool-1-worker-1	stdout	operator_metric,nitro,2/TrinoNitroAggregationOperator@12,nitroBoundaryPageEgressRunLengthChannelPositions,0
[WARNING] [stderr] 2026-08-09T00:49:17.246-0600	INFO	ForkJoinPool-1-worker-1	stdout	operator_metric,nitro,2/TrinoNitroAggregationOperator@12,nitroAggregationInitialKeyNanos,0
[WARNING] [stderr] 2026-08-09T00:49:17.246-0600	INFO	ForkJoinPool-1-worker-1	stdout	operator_metric,nitro,2/TrinoNitroAggregationOperator@12,nitroAggregationAccumulationNanos,89188372
[WARNING] [stderr] 2026-08-09T00:49:17.246-0600	INFO	ForkJoinPool-1-worker-1	stdout	operator_metric,nitro,2/TrinoNitroAggregationOperator@12,nitroBoundaryPageEgressBytes,37989
[WARNING] [stderr] 2026-08-09T00:49:17.246-0600	INFO	ForkJoinPool-1-worker-1	stdout	operator_metric,nitro,2/TrinoNitroHashJoinOperator@7,nitroBoundaryPageEgressPages,1896
[WARNING] [stderr] 2026-08-09T00:49:17.246-0600	INFO	ForkJoinPool-1-worker-1	stdout	operator_metric,nitro,2/TrinoNitroHashJoinOperator@7,nitroBoundaryPageIngressFlatChannelPositions,33109560
[WARNING] [stderr] 2026-08-09T00:49:17.246-0600	INFO	ForkJoinPool-1-worker-1	stdout	operator_metric,nitro,2/TrinoNitroHashJoinOperator@7,nitroBoundaryPageEgressRunLengthChannelPositions,0
[WARNING] [stderr] 2026-08-09T00:49:17.246-0600	INFO	ForkJoinPool-1-worker-1	stdout	operator_metric,nitro,2/TrinoNitroHashJoinOperator@7,nitroBoundaryNativeEgressFlatChannelPositions,33109560
[WARNING] [stderr] 2026-08-09T00:49:17.246-0600	INFO	ForkJoinPool-1-worker-1	stdout	operator_metric,nitro,2/TrinoNitroHashJoinOperator@7,nitroBoundaryNativeEgressRunLengthChannelPositions,0
[WARNING] [stderr] 2026-08-09T00:49:17.247-0600	INFO	ForkJoinPool-1-worker-1	stdout	operator_metric,nitro,2/TrinoNitroHashJoinOperator@7,nitroBoundaryPageEgressDictionaryChannelPositions,16554780
[WARNING] [stderr] 2026-08-09T00:49:17.247-0600	INFO	ForkJoinPool-1-worker-1	stdout	operator_metric,nitro,2/TrinoNitroHashJoinOperator@7,nitroBoundaryPageEgressBytes,2037802311
[WARNING] [stderr] 2026-08-09T00:49:17.247-0600	INFO	ForkJoinPool-1-worker-1	stdout	operator_metric,nitro,2/TrinoNitroHashJoinOperator@7,nitroBoundaryPageIngressPages,476
[WARNING] [stderr] 2026-08-09T00:49:17.247-0600	INFO	ForkJoinPool-1-worker-1	stdout	operator_metric,nitro,2/TrinoNitroHashJoinOperator@7,nitroBoundaryPageIngressPositions,16554780
[WARNING] [stderr] 2026-08-09T00:49:17.247-0600	INFO	ForkJoinPool-1-worker-1	stdout	operator_metric,nitro,2/TrinoNitroHashJoinOperator@7,nitroBoundaryPageIngressRunLengthChannelPositions,0
[WARNING] [stderr] 2026-08-09T00:49:17.247-0600	INFO	ForkJoinPool-1-worker-1	stdout	operator_metric,nitro,2/TrinoNitroHashJoinOperator@7,nitroBoundaryNativeEgressDictionaryChannelPositions,16554780
[WARNING] [stderr] 2026-08-09T00:49:17.247-0600	INFO	ForkJoinPool-1-worker-1	stdout	operator_metric,nitro,2/TrinoNitroHashJoinOperator@7,nitroBoundaryPageEgressFlatChannelPositions,33109560
[WARNING] [stderr] 2026-08-09T00:49:17.247-0600	INFO	ForkJoinPool-1-worker-1	stdout	operator_metric,nitro,2/TrinoNitroHashJoinOperator@7,nitroBoundaryPageEgressPositions,16554780
[WARNING] [stderr] 2026-08-09T00:49:17.247-0600	INFO	ForkJoinPool-1-worker-1	stdout	operator_metric,nitro,2/TrinoNitroHashJoinOperator@7,nitroBoundaryPageIngressBytes,231766920
[WARNING] [stderr] 2026-08-09T00:49:17.247-0600	INFO	ForkJoinPool-1-worker-1	stdout	operator_metric,nitro,2/TrinoNitroHashJoinOperator@7,nitroBoundaryPageIngressDictionaryChannelPositions,0
[WARNING] [stderr] 2026-08-09T00:49:17.247-0600	INFO	ForkJoinPool-1-worker-1	stdout	operator_metric,nitro,2/TrinoNitroAggregationOperator@2042,nitroAggregationOutputNanos,250636
[WARNING] [stderr] 2026-08-09T00:49:17.247-0600	INFO	ForkJoinPool-1-worker-1	stdout	operator_metric,nitro,2/TrinoNitroAggregationOperator@2042,nitroAggregationPipelineNanos,0
[WARNING] [stderr] 2026-08-09T00:49:17.247-0600	INFO	ForkJoinPool-1-worker-1	stdout	operator_metric,nitro,2/TrinoNitroAggregationOperator@2042,nitroAggregationGroupingNanos,0
[WARNING] [stderr] 2026-08-09T00:49:17.247-0600	INFO	ForkJoinPool-1-worker-1	stdout	operator_metric,nitro,2/TrinoNitroAggregationOperator@2042,nitroAggregationAccumulationNanos,0
[WARNING] [stderr] 2026-08-09T00:49:17.247-0600	INFO	ForkJoinPool-1-worker-1	stdout	operator_metric,nitro,2/TrinoNitroAggregationOperator@2042,nitroBoundaryNativeEgressDictionaryChannelPositions,0
[WARNING] [stderr] 2026-08-09T00:49:17.247-0600	INFO	ForkJoinPool-1-worker-1	stdout	operator_metric,nitro,2/TrinoNitroAggregationOperator@2042,nitroAggregationFusedNanos,0
[WARNING] [stderr] 2026-08-09T00:49:17.247-0600	INFO	ForkJoinPool-1-worker-1	stdout	operator_metric,nitro,2/TrinoNitroAggregationOperator@2042,nitroBoundaryPageEgressBytes,36981
[WARNING] [stderr] 2026-08-09T00:49:17.247-0600	INFO	ForkJoinPool-1-worker-1	stdout	operator_metric,nitro,2/TrinoNitroAggregationOperator@2042,nitroAggregationFlushNanos,0
[WARNING] [stderr] 2026-08-09T00:49:17.247-0600	INFO	ForkJoinPool-1-worker-1	stdout	operator_metric,nitro,2/TrinoNitroAggregationOperator@2042,nitroBoundaryPageEgressPositions,4109
[WARNING] [stderr] 2026-08-09T00:49:17.247-0600	INFO	ForkJoinPool-1-worker-1	stdout	operator_metric,nitro,2/TrinoNitroAggregationOperator@2042,nitroBoundaryPageIngressBytes,37989
[WARNING] [stderr] 2026-08-09T00:49:17.247-0600	INFO	ForkJoinPool-1-worker-1	stdout	operator_metric,nitro,2/TrinoNitroAggregationOperator@2042,nitroBoundaryPageIngressPositions,4221
[WARNING] [stderr] 2026-08-09T00:49:17.247-0600	INFO	ForkJoinPool-1-worker-1	stdout	operator_metric,nitro,2/TrinoNitroAggregationOperator@2042,nitroBoundaryPageIngressDictionaryChannelPositions,0
[WARNING] [stderr] 2026-08-09T00:49:17.247-0600	INFO	ForkJoinPool-1-worker-1	stdout	operator_metric,nitro,2/TrinoNitroAggregationOperator@2042,nitroAggregationInputNanos,1543742
[WARNING] [stderr] 2026-08-09T00:49:17.247-0600	INFO	ForkJoinPool-1-worker-1	stdout	operator_metric,nitro,2/TrinoNitroAggregationOperator@2042,nitroBoundaryPageEgressDictionaryChannelPositions,0
[WARNING] [stderr] 2026-08-09T00:49:17.247-0600	INFO	ForkJoinPool-1-worker-1	stdout	operator_metric,nitro,2/TrinoNitroAggregationOperator@2042,nitroAggregationInitialAggregationNanos,0
[WARNING] [stderr] 2026-08-09T00:49:17.247-0600	INFO	ForkJoinPool-1-worker-1	stdout	operator_metric,nitro,2/TrinoNitroAggregationOperator@2042,nitroBoundaryPageEgressRunLengthChannelPositions,0
[WARNING] [stderr] 2026-08-09T00:49:17.247-0600	INFO	ForkJoinPool-1-worker-1	stdout	operator_metric,nitro,2/TrinoNitroAggregationOperator@2042,nitroBoundaryPageIngressRunLengthChannelPositions,0
[WARNING] [stderr] 2026-08-09T00:49:17.247-0600	INFO	ForkJoinPool-1-worker-1	stdout	operator_metric,nitro,2/TrinoNitroAggregationOperator@2042,nitroAggregationInitialFlatKeyNanos,0
[WARNING] [stderr] 2026-08-09T00:49:17.247-0600	INFO	ForkJoinPool-1-worker-1	stdout	operator_metric,nitro,2/TrinoNitroAggregationOperator@2042,nitroBoundaryNativeEgressFlatChannelPositions,4109
[WARNING] [stderr] 2026-08-09T00:49:17.247-0600	INFO	ForkJoinPool-1-worker-1	stdout	operator_metric,nitro,2/TrinoNitroAggregationOperator@2042,nitroAggregationStatePreparationNanos,0
[WARNING] [stderr] 2026-08-09T00:49:17.247-0600	INFO	ForkJoinPool-1-worker-1	stdout	operator_metric,nitro,2/TrinoNitroAggregationOperator@2042,nitroBoundaryNativeEgressRunLengthChannelPositions,0
[WARNING] [stderr] 2026-08-09T00:49:17.247-0600	INFO	ForkJoinPool-1-worker-1	stdout	operator_metric,nitro,2/TrinoNitroAggregationOperator@2042,nitroBoundaryPageIngressFlatChannelPositions,4221
[WARNING] [stderr] 2026-08-09T00:49:17.247-0600	INFO	ForkJoinPool-1-worker-1	stdout	operator_metric,nitro,2/TrinoNitroAggregationOperator@2042,nitroBoundaryPageEgressFlatChannelPositions,4109
[WARNING] [stderr] 2026-08-09T00:49:17.247-0600	INFO	ForkJoinPool-1-worker-1	stdout	operator_metric,nitro,2/TrinoNitroAggregationOperator@2042,nitroBoundaryPageEgressPages,477
[WARNING] [stderr] 2026-08-09T00:49:17.247-0600	INFO	ForkJoinPool-1-worker-1	stdout	operator_metric,nitro,2/TrinoNitroAggregationOperator@2042,nitroBoundaryPageIngressPages,481
[WARNING] [stderr] 2026-08-09T00:49:17.247-0600	INFO	ForkJoinPool-1-worker-1	stdout	operator_metric,nitro,2/TrinoNitroAggregationOperator@2042,nitroAggregationInitialKeyNanos,0
[WARNING] [stderr] 2026-08-09T00:49:17.247-0600	INFO	ForkJoinPool-1-worker-1	stdout	operator_metric,nitro,2/TrinoNitroAggregationOperator@2042,nitroAggregationInitialEncodedKeyNanos,0
[WARNING] [stderr] 2026-08-09T00:49:17.247-0600	INFO	ForkJoinPool-1-worker-1	stdout	operator_metric,nitro,2/TrinoNitroAggregationOperator@6067,nitroAggregationInitialAggregationNanos,13830068
[WARNING] [stderr] 2026-08-09T00:49:17.247-0600	INFO	ForkJoinPool-1-worker-1	stdout	operator_metric,nitro,2/TrinoNitroAggregationOperator@6067,nitroBoundaryPageIngressFlatChannelPositions,33109560
[WARNING] [stderr] 2026-08-09T00:49:17.247-0600	INFO	ForkJoinPool-1-worker-1	stdout	operator_metric,nitro,2/TrinoNitroAggregationOperator@6067,nitroAggregationGroupingNanos,389869352
[WARNING] [stderr] 2026-08-09T00:49:17.247-0600	INFO	ForkJoinPool-1-worker-1	stdout	operator_metric,nitro,2/TrinoNitroAggregationOperator@6067,nitroBoundaryNativeExchangeBatches,1790
[WARNING] [stderr] 2026-08-09T00:49:17.247-0600	INFO	ForkJoinPool-1-worker-1	stdout	operator_metric,nitro,2/TrinoNitroAggregationOperator@6067,nitroAggregationInitialEncodedKeyNanos,1279223652
[WARNING] [stderr] 2026-08-09T00:49:17.247-0600	INFO	ForkJoinPool-1-worker-1	stdout	operator_metric,nitro,2/TrinoNitroAggregationOperator@6067,nitroAggregationFusedNanos,0
[WARNING] [stderr] 2026-08-09T00:49:17.247-0600	INFO	ForkJoinPool-1-worker-1	stdout	operator_metric,nitro,2/TrinoNitroAggregationOperator@6067,nitroAggregationFlushNanos,96041
[WARNING] [stderr] 2026-08-09T00:49:17.247-0600	INFO	ForkJoinPool-1-worker-1	stdout	operator_metric,nitro,2/TrinoNitroAggregationOperator@6067,nitroBoundaryPageIngressDictionaryChannelPositions,16554780
[WARNING] [stderr] 2026-08-09T00:49:17.247-0600	INFO	ForkJoinPool-1-worker-1	stdout	operator_metric,nitro,2/TrinoNitroAggregationOperator@6067,nitroBoundaryNativeExchangePositions,16542042
[WARNING] [stderr] 2026-08-09T00:49:17.247-0600	INFO	ForkJoinPool-1-worker-1	stdout	operator_metric,nitro,2/TrinoNitroAggregationOperator@6067,nitroAggregationStatePreparationNanos,343648
[WARNING] [stderr] 2026-08-09T00:49:17.247-0600	INFO	ForkJoinPool-1-worker-1	stdout	operator_metric,nitro,2/TrinoNitroAggregationOperator@6067,nitroBoundaryPageIngressBytes,2037802311
[WARNING] [stderr] 2026-08-09T00:49:17.247-0600	INFO	ForkJoinPool-1-worker-1	stdout	operator_metric,nitro,2/TrinoNitroAggregationOperator@6067,nitroAggregationPipelineNanos,3062539
[WARNING] [stderr] 2026-08-09T00:49:17.247-0600	INFO	ForkJoinPool-1-worker-1	stdout	operator_metric,nitro,2/TrinoNitroAggregationOperator@6067,nitroAggregationOutputNanos,368087
[WARNING] [stderr] 2026-08-09T00:49:17.247-0600	INFO	ForkJoinPool-1-worker-1	stdout	operator_metric,nitro,2/TrinoNitroAggregationOperator@6067,nitroBoundaryNativeExchangeMaximumBatchBytes,31994202
[WARNING] [stderr] 2026-08-09T00:49:17.247-0600	INFO	ForkJoinPool-1-worker-1	stdout	operator_metric,nitro,2/TrinoNitroAggregationOperator@6067,nitroBoundaryNativeExchangeBytes,963598522
[WARNING] [stderr] 2026-08-09T00:49:17.247-0600	INFO	ForkJoinPool-1-worker-1	stdout	operator_metric,nitro,2/TrinoNitroAggregationOperator@6067,nitroBoundaryPageIngressPositions,16554780
[WARNING] [stderr] 2026-08-09T00:49:17.247-0600	INFO	ForkJoinPool-1-worker-1	stdout	operator_metric,nitro,2/TrinoNitroAggregationOperator@6067,nitroAggregationInitialFlatKeyNanos,25222262
[WARNING] [stderr] 2026-08-09T00:49:17.247-0600	INFO	ForkJoinPool-1-worker-1	stdout	operator_metric,nitro,2/TrinoNitroAggregationOperator@6067,nitroAggregationAccumulationNanos,2998748
[WARNING] [stderr] 2026-08-09T00:49:17.247-0600	INFO	ForkJoinPool-1-worker-1	stdout	operator_metric,nitro,2/TrinoNitroAggregationOperator@6067,nitroBoundaryPageIngressRunLengthChannelPositions,0
[WARNING] [stderr] 2026-08-09T00:49:17.247-0600	INFO	ForkJoinPool-1-worker-1	stdout	operator_metric,nitro,2/TrinoNitroAggregationOperator@6067,nitroAggregationInitialKeyNanos,1304445914
[WARNING] [stderr] 2026-08-09T00:49:17.247-0600	INFO	ForkJoinPool-1-worker-1	stdout	operator_metric,nitro,2/TrinoNitroAggregationOperator@6067,nitroBoundaryPageIngressPages,1896
[WARNING] [stderr] 2026-08-09T00:49:17.247-0600	INFO	ForkJoinPool-1-worker-1	stdout	operator_metric,nitro,2/TrinoNitroAggregationOperator@6067,nitroAggregationInputNanos,1815613763
[WARNING] [stderr] 2026-08-09T00:49:17.247-0600	INFO	ForkJoinPool-1-worker-1	stdout	operator_metric,nitro,10/TrinoNitroPipelineSourceOperator@5052,nitroAllocatorAllocatedBytes,662422793
[WARNING] [stderr] 2026-08-09T00:49:17.247-0600	INFO	ForkJoinPool-1-worker-1	stdout	operator_metric,nitro,10/TrinoNitroPipelineSourceOperator@5052,nitroBoundaryNativeExchangeMaximumBatchBytes,2743026
[WARNING] [stderr] 2026-08-09T00:49:17.247-0600	INFO	ForkJoinPool-1-worker-1	stdout	operator_metric,nitro,10/TrinoNitroPipelineSourceOperator@5052,nitroAllocatorAllocatedVectorBytes,662422793
[WARNING] [stderr] 2026-08-09T00:49:17.247-0600	INFO	ForkJoinPool-1-worker-1	stdout	operator_metric,nitro,10/TrinoNitroPipelineSourceOperator@5052,nitroAllocatorAllocatedVectorBytes.I32Vector,115203964
[WARNING] [stderr] 2026-08-09T00:49:17.247-0600	INFO	ForkJoinPool-1-worker-1	stdout	operator_metric,nitro,10/TrinoNitroPipelineSourceOperator@5052,nitroAllocatorAllocatedVectorBytes.BooleanVector,86402973
[WARNING] [stderr] 2026-08-09T00:49:17.247-0600	INFO	ForkJoinPool-1-worker-1	stdout	operator_metric,nitro,10/TrinoNitroPipelineSourceOperator@5052,nitroAllocatorAllocatedVectorBytes.I64Vector,460815856
[WARNING] [stderr] 2026-08-09T00:49:17.247-0600	INFO	ForkJoinPool-1-worker-1	stdout	operator_metric,nitro,10/TrinoNitroPipelineSourceOperator@5052,nitroBoundaryNativeExchangeBytes,662422793
[WARNING] [stderr] 2026-08-09T00:49:17.247-0600	INFO	ForkJoinPool-1-worker-1	stdout	operator_metric,nitro,10/TrinoNitroPipelineSourceOperator@5052,nitroBoundaryNativeExchangePositions,28800991
[WARNING] [stderr] 2026-08-09T00:49:17.247-0600	INFO	ForkJoinPool-1-worker-1	stdout	operator_metric,nitro,10/TrinoNitroPipelineSourceOperator@5052,nitroBoundaryNativeExchangeBatches,2888
[WARNING] [stderr] 2026-08-09T00:49:17.247-0600	INFO	ForkJoinPool-1-worker-1	stdout	operator_metric,nitro,10/TrinoNitroPipelineSourceOperator@5052,nitroAllocatorAllocatedBytes.NitroParquetBatchSource,662422793
[WARNING] [stderr] 2026-08-09T00:49:17.247-0600	INFO	ForkJoinPool-1-worker-1	stdout	operator_metric,nitro,10/TrinoNitroPipelineSourceOperator@5052,nitroAllocatorAllocatedBytes.trino-native-source-ingress,0
[WARNING] [stderr] 2026-08-09T00:49:17.247-0600	INFO	ForkJoinPool-1-worker-1	stdout	operator_metric,nitro,11/TrinoNitroPipelineSourceOperator@29,nitroBoundaryNativeExchangePositions,500000
[WARNING] [stderr] 2026-08-09T00:49:17.247-0600	INFO	ForkJoinPool-1-worker-1	stdout	operator_metric,nitro,11/TrinoNitroPipelineSourceOperator@29,nitroAllocatorAllocatedVectorBytes.I64Vector,4000000
[WARNING] [stderr] 2026-08-09T00:49:17.247-0600	INFO	ForkJoinPool-1-worker-1	stdout	operator_metric,nitro,11/TrinoNitroPipelineSourceOperator@29,nitroBoundaryNativeExchangeBytes,4500000
[WARNING] [stderr] 2026-08-09T00:49:17.247-0600	INFO	ForkJoinPool-1-worker-1	stdout	operator_metric,nitro,11/TrinoNitroPipelineSourceOperator@29,nitroBoundaryNativeExchangeBatches,50
[WARNING] [stderr] 2026-08-09T00:49:17.247-0600	INFO	ForkJoinPool-1-worker-1	stdout	operator_metric,nitro,11/TrinoNitroPipelineSourceOperator@29,nitroAllocatorAllocatedVectorBytes,4500000
[WARNING] [stderr] 2026-08-09T00:49:17.247-0600	INFO	ForkJoinPool-1-worker-1	stdout	operator_metric,nitro,11/TrinoNitroPipelineSourceOperator@29,nitroAllocatorAllocatedVectorBytes.BooleanVector,500000
[WARNING] [stderr] 2026-08-09T00:49:17.247-0600	INFO	ForkJoinPool-1-worker-1	stdout	operator_metric,nitro,11/TrinoNitroPipelineSourceOperator@29,nitroBoundaryNativeExchangeMaximumBatchBytes,90000
[WARNING] [stderr] 2026-08-09T00:49:17.247-0600	INFO	ForkJoinPool-1-worker-1	stdout	operator_metric,nitro,11/TrinoNitroPipelineSourceOperator@29,nitroAllocatorAllocatedBytes.trino-native-source-ingress,0
[WARNING] [stderr] 2026-08-09T00:49:17.247-0600	INFO	ForkJoinPool-1-worker-1	stdout	operator_metric,nitro,11/TrinoNitroPipelineSourceOperator@29,nitroAllocatorAllocatedBytes,4500000
[WARNING] [stderr] 2026-08-09T00:49:17.247-0600	INFO	ForkJoinPool-1-worker-1	stdout	operator_metric,nitro,11/TrinoNitroPipelineSourceOperator@29,nitroAllocatorAllocatedBytes.NitroParquetBatchSource,4500000
[WARNING] [stderr] 2026-08-09T00:49:17.247-0600	INFO	ForkJoinPool-1-worker-1	stdout	operator_metric,nitro,12/TrinoNitroAggregationOperator@53,nitroAggregationOutputNanos,14277
[WARNING] [stderr] 2026-08-09T00:49:17.247-0600	INFO	ForkJoinPool-1-worker-1	stdout	operator_metric,nitro,12/TrinoNitroAggregationOperator@53,nitroAggregationPipelineNanos,0
[WARNING] [stderr] 2026-08-09T00:49:17.247-0600	INFO	ForkJoinPool-1-worker-1	stdout	operator_metric,nitro,12/TrinoNitroAggregationOperator@53,nitroAggregationGroupingNanos,0
[WARNING] [stderr] 2026-08-09T00:49:17.247-0600	INFO	ForkJoinPool-1-worker-1	stdout	operator_metric,nitro,12/TrinoNitroAggregationOperator@53,nitroAggregationAccumulationNanos,0
[WARNING] [stderr] 2026-08-09T00:49:17.247-0600	INFO	ForkJoinPool-1-worker-1	stdout	operator_metric,nitro,12/TrinoNitroAggregationOperator@53,nitroBoundaryPageEgressBytes,17
[WARNING] [stderr] 2026-08-09T00:49:17.247-0600	INFO	ForkJoinPool-1-worker-1	stdout	operator_metric,nitro,12/TrinoNitroAggregationOperator@53,nitroBoundaryNativeEgressDictionaryChannelPositions,0
[WARNING] [stderr] 2026-08-09T00:49:17.247-0600	INFO	ForkJoinPool-1-worker-1	stdout	operator_metric,nitro,12/TrinoNitroAggregationOperator@53,nitroAggregationFusedNanos,0
[WARNING] [stderr] 2026-08-09T00:49:17.247-0600	INFO	ForkJoinPool-1-worker-1	stdout	operator_metric,nitro,12/TrinoNitroAggregationOperator@53,nitroAggregationFlushNanos,0
[WARNING] [stderr] 2026-08-09T00:49:17.247-0600	INFO	ForkJoinPool-1-worker-1	stdout	operator_metric,nitro,12/TrinoNitroAggregationOperator@53,nitroBoundaryPageEgressPositions,1
[WARNING] [stderr] 2026-08-09T00:49:17.247-0600	INFO	ForkJoinPool-1-worker-1	stdout	operator_metric,nitro,12/TrinoNitroAggregationOperator@53,nitroBoundaryPageIngressBytes,34
[WARNING] [stderr] 2026-08-09T00:49:17.247-0600	INFO	ForkJoinPool-1-worker-1	stdout	operator_metric,nitro,12/TrinoNitroAggregationOperator@53,nitroBoundaryPageIngressPositions,2
[WARNING] [stderr] 2026-08-09T00:49:17.247-0600	INFO	ForkJoinPool-1-worker-1	stdout	operator_metric,nitro,12/TrinoNitroAggregationOperator@53,nitroBoundaryPageIngressDictionaryChannelPositions,0
[WARNING] [stderr] 2026-08-09T00:49:17.247-0600	INFO	ForkJoinPool-1-worker-1	stdout	operator_metric,nitro,12/TrinoNitroAggregationOperator@53,nitroBoundaryPageEgressDictionaryChannelPositions,0
[WARNING] [stderr] 2026-08-09T00:49:17.247-0600	INFO	ForkJoinPool-1-worker-1	stdout	operator_metric,nitro,12/TrinoNitroAggregationOperator@53,nitroAggregationInputNanos,85251
[WARNING] [stderr] 2026-08-09T00:49:17.247-0600	INFO	ForkJoinPool-1-worker-1	stdout	operator_metric,nitro,12/TrinoNitroAggregationOperator@53,nitroAggregationInitialAggregationNanos,0
[WARNING] [stderr] 2026-08-09T00:49:17.247-0600	INFO	ForkJoinPool-1-worker-1	stdout	operator_metric,nitro,12/TrinoNitroAggregationOperator@53,nitroBoundaryPageEgressRunLengthChannelPositions,0
[WARNING] [stderr] 2026-08-09T00:49:17.247-0600	INFO	ForkJoinPool-1-worker-1	stdout	operator_metric,nitro,12/TrinoNitroAggregationOperator@53,nitroBoundaryPageIngressRunLengthChannelPositions,0
[WARNING] [stderr] 2026-08-09T00:49:17.247-0600	INFO	ForkJoinPool-1-worker-1	stdout	operator_metric,nitro,12/TrinoNitroAggregationOperator@53,nitroAggregationInitialFlatKeyNanos,0
[WARNING] [stderr] 2026-08-09T00:49:17.247-0600	INFO	ForkJoinPool-1-worker-1	stdout	operator_metric,nitro,12/TrinoNitroAggregationOperator@53,nitroBoundaryNativeEgressRunLengthChannelPositions,0
[WARNING] [stderr] 2026-08-09T00:49:17.247-0600	INFO	ForkJoinPool-1-worker-1	stdout	operator_metric,nitro,12/TrinoNitroAggregationOperator@53,nitroAggregationStatePreparationNanos,0
[WARNING] [stderr] 2026-08-09T00:49:17.247-0600	INFO	ForkJoinPool-1-worker-1	stdout	operator_metric,nitro,12/TrinoNitroAggregationOperator@53,nitroBoundaryNativeEgressFlatChannelPositions,1
[WARNING] [stderr] 2026-08-09T00:49:17.247-0600	INFO	ForkJoinPool-1-worker-1	stdout	operator_metric,nitro,12/TrinoNitroAggregationOperator@53,nitroBoundaryPageIngressFlatChannelPositions,2
[WARNING] [stderr] 2026-08-09T00:49:17.247-0600	INFO	ForkJoinPool-1-worker-1	stdout	operator_metric,nitro,12/TrinoNitroAggregationOperator@53,nitroBoundaryPageEgressFlatChannelPositions,1
[WARNING] [stderr] 2026-08-09T00:49:17.247-0600	INFO	ForkJoinPool-1-worker-1	stdout	operator_metric,nitro,12/TrinoNitroAggregationOperator@53,nitroBoundaryPageEgressPages,1
[WARNING] [stderr] 2026-08-09T00:49:17.247-0600	INFO	ForkJoinPool-1-worker-1	stdout	operator_metric,nitro,12/TrinoNitroAggregationOperator@53,nitroBoundaryPageIngressPages,2
[WARNING] [stderr] 2026-08-09T00:49:17.247-0600	INFO	ForkJoinPool-1-worker-1	stdout	operator_metric,nitro,12/TrinoNitroAggregationOperator@53,nitroAggregationInitialKeyNanos,0
[WARNING] [stderr] 2026-08-09T00:49:17.247-0600	INFO	ForkJoinPool-1-worker-1	stdout	operator_metric,nitro,12/TrinoNitroAggregationOperator@53,nitroAggregationInitialEncodedKeyNanos,0
[WARNING] [stderr] 2026-08-09T00:49:17.247-0600	INFO	ForkJoinPool-1-worker-1	stdout	operator_metric,nitro,20/TrinoNitroHashJoinOperator@1591,nitroBoundaryPageIngressRunLengthChannelPositions,0
[WARNING] [stderr] 2026-08-09T00:49:17.247-0600	INFO	ForkJoinPool-1-worker-1	stdout	operator_metric,nitro,20/TrinoNitroHashJoinOperator@1591,nitroBoundaryNativeExchangePositions,3317
[WARNING] [stderr] 2026-08-09T00:49:17.247-0600	INFO	ForkJoinPool-1-worker-1	stdout	operator_metric,nitro,20/TrinoNitroHashJoinOperator@1591,nitroBoundaryNativeExchangeBytes,68346
[WARNING] [stderr] 2026-08-09T00:49:17.247-0600	INFO	ForkJoinPool-1-worker-1	stdout	operator_metric,nitro,20/TrinoNitroHashJoinOperator@1591,nitroBoundaryNativeExchangeBatches,4
[WARNING] [stderr] 2026-08-09T00:49:17.247-0600	INFO	ForkJoinPool-1-worker-1	stdout	operator_metric,nitro,20/TrinoNitroHashJoinOperator@1591,nitroBoundaryPageIngressFlatChannelPositions,256388
[WARNING] [stderr] 2026-08-09T00:49:17.247-0600	INFO	ForkJoinPool-1-worker-1	stdout	operator_metric,nitro,20/TrinoNitroHashJoinOperator@1591,nitroBoundaryNativeExchangeMaximumBatchBytes,40976
[WARNING] [stderr] 2026-08-09T00:49:17.247-0600	INFO	ForkJoinPool-1-worker-1	stdout	operator_metric,nitro,20/TrinoNitroHashJoinOperator@1591,nitroBoundaryPageIngressPositions,64097
[WARNING] [stderr] 2026-08-09T00:49:17.247-0600	INFO	ForkJoinPool-1-worker-1	stdout	operator_metric,nitro,20/TrinoNitroHashJoinOperator@1591,nitroBoundaryPageIngressPages,4
[WARNING] [stderr] 2026-08-09T00:49:17.247-0600	INFO	ForkJoinPool-1-worker-1	stdout	operator_metric,nitro,20/TrinoNitroHashJoinOperator@1591,nitroBoundaryPageIngressBytes,2051104
[WARNING] [stderr] 2026-08-09T00:49:17.247-0600	INFO	ForkJoinPool-1-worker-1	stdout	operator_metric,nitro,20/TrinoNitroHashJoinOperator@1591,nitroBoundaryPageIngressDictionaryChannelPositions,0
[WARNING] [stderr] 2026-08-09T00:49:17.247-0600	INFO	ForkJoinPool-1-worker-1	stdout	operator_metric,nitro,20/TrinoNitroAggregationOperator@96,nitroAggregationInitialEncodedKeyNanos,0
[WARNING] [stderr] 2026-08-09T00:49:17.247-0600	INFO	ForkJoinPool-1-worker-1	stdout	operator_metric,nitro,20/TrinoNitroAggregationOperator@96,nitroAggregationFusedNanos,0
[WARNING] [stderr] 2026-08-09T00:49:17.247-0600	INFO	ForkJoinPool-1-worker-1	stdout	operator_metric,nitro,20/TrinoNitroAggregationOperator@96,nitroBoundaryPageEgressFlatChannelPositions,4221
[WARNING] [stderr] 2026-08-09T00:49:17.247-0600	INFO	ForkJoinPool-1-worker-1	stdout	operator_metric,nitro,20/TrinoNitroAggregationOperator@96,nitroAggregationPipelineNanos,0
[WARNING] [stderr] 2026-08-09T00:49:17.247-0600	INFO	ForkJoinPool-1-worker-1	stdout	operator_metric,nitro,20/TrinoNitroAggregationOperator@96,nitroBoundaryPageEgressDictionaryChannelPositions,0
[WARNING] [stderr] 2026-08-09T00:49:17.247-0600	INFO	ForkJoinPool-1-worker-1	stdout	operator_metric,nitro,20/TrinoNitroAggregationOperator@96,nitroAggregationGroupingNanos,4250387188
[WARNING] [stderr] 2026-08-09T00:49:17.247-0600	INFO	ForkJoinPool-1-worker-1	stdout	operator_metric,nitro,20/TrinoNitroAggregationOperator@96,nitroBoundaryNativeEgressRunLengthChannelPositions,0
[WARNING] [stderr] 2026-08-09T00:49:17.247-0600	INFO	ForkJoinPool-1-worker-1	stdout	operator_metric,nitro,20/TrinoNitroAggregationOperator@96,nitroAggregationOutputNanos,128923
[WARNING] [stderr] 2026-08-09T00:49:17.247-0600	INFO	ForkJoinPool-1-worker-1	stdout	operator_metric,nitro,20/TrinoNitroAggregationOperator@96,nitroBoundaryPageEgressPositions,4221
[WARNING] [stderr] 2026-08-09T00:49:17.247-0600	INFO	ForkJoinPool-1-worker-1	stdout	operator_metric,nitro,20/TrinoNitroAggregationOperator@96,nitroAggregationInputNanos,4338633949
[WARNING] [stderr] 2026-08-09T00:49:17.247-0600	INFO	ForkJoinPool-1-worker-1	stdout	operator_metric,nitro,20/TrinoNitroAggregationOperator@96,nitroAggregationInitialAggregationNanos,0
[WARNING] [stderr] 2026-08-09T00:49:17.247-0600	INFO	ForkJoinPool-1-worker-1	stdout	operator_metric,nitro,20/TrinoNitroAggregationOperator@96,nitroAggregationFlushNanos,0
[WARNING] [stderr] 2026-08-09T00:49:17.247-0600	INFO	ForkJoinPool-1-worker-1	stdout	operator_metric,nitro,20/TrinoNitroAggregationOperator@96,nitroBoundaryPageEgressPages,498
[WARNING] [stderr] 2026-08-09T00:49:17.247-0600	INFO	ForkJoinPool-1-worker-1	stdout	operator_metric,nitro,20/TrinoNitroAggregationOperator@96,nitroAggregationInitialFlatKeyNanos,0
[WARNING] [stderr] 2026-08-09T00:49:17.247-0600	INFO	ForkJoinPool-1-worker-1	stdout	operator_metric,nitro,20/TrinoNitroAggregationOperator@96,nitroBoundaryNativeEgressFlatChannelPositions,4221
[WARNING] [stderr] 2026-08-09T00:49:17.247-0600	INFO	ForkJoinPool-1-worker-1	stdout	operator_metric,nitro,20/TrinoNitroAggregationOperator@96,nitroBoundaryNativeEgressDictionaryChannelPositions,0
[WARNING] [stderr] 2026-08-09T00:49:17.247-0600	INFO	ForkJoinPool-1-worker-1	stdout	operator_metric,nitro,20/TrinoNitroAggregationOperator@96,nitroAggregationStatePreparationNanos,4392746
[WARNING] [stderr] 2026-08-09T00:49:17.247-0600	INFO	ForkJoinPool-1-worker-1	stdout	operator_metric,nitro,20/TrinoNitroAggregationOperator@96,nitroBoundaryPageEgressRunLengthChannelPositions,0
[WARNING] [stderr] 2026-08-09T00:49:17.247-0600	INFO	ForkJoinPool-1-worker-1	stdout	operator_metric,nitro,20/TrinoNitroAggregationOperator@96,nitroAggregationInitialKeyNanos,0
[WARNING] [stderr] 2026-08-09T00:49:17.247-0600	INFO	ForkJoinPool-1-worker-1	stdout	operator_metric,nitro,20/TrinoNitroAggregationOperator@96,nitroAggregationAccumulationNanos,82680808
[WARNING] [stderr] 2026-08-09T00:49:17.247-0600	INFO	ForkJoinPool-1-worker-1	stdout	operator_metric,nitro,20/TrinoNitroAggregationOperator@96,nitroBoundaryPageEgressBytes,37989
[WARNING] [stderr] 2026-08-09T00:49:17.247-0600	INFO	ForkJoinPool-1-worker-1	stdout	operator_metric,nitro,20/TrinoNitroHashJoinOperator@91,nitroBoundaryPageEgressPages,1896
[WARNING] [stderr] 2026-08-09T00:49:17.248-0600	INFO	ForkJoinPool-1-worker-1	stdout	operator_metric,nitro,20/TrinoNitroHashJoinOperator@91,nitroBoundaryPageIngressFlatChannelPositions,33109560
[WARNING] [stderr] 2026-08-09T00:49:17.248-0600	INFO	ForkJoinPool-1-worker-1	stdout	operator_metric,nitro,20/TrinoNitroHashJoinOperator@91,nitroBoundaryPageEgressRunLengthChannelPositions,0
[WARNING] [stderr] 2026-08-09T00:49:17.248-0600	INFO	ForkJoinPool-1-worker-1	stdout	operator_metric,nitro,20/TrinoNitroHashJoinOperator@91,nitroBoundaryNativeEgressFlatChannelPositions,33109560
[WARNING] [stderr] 2026-08-09T00:49:17.248-0600	INFO	ForkJoinPool-1-worker-1	stdout	operator_metric,nitro,20/TrinoNitroHashJoinOperator@91,nitroBoundaryNativeEgressRunLengthChannelPositions,0
[WARNING] [stderr] 2026-08-09T00:49:17.248-0600	INFO	ForkJoinPool-1-worker-1	stdout	operator_metric,nitro,20/TrinoNitroHashJoinOperator@91,nitroBoundaryPageEgressDictionaryChannelPositions,16554780
[WARNING] [stderr] 2026-08-09T00:49:17.248-0600	INFO	ForkJoinPool-1-worker-1	stdout	operator_metric,nitro,20/TrinoNitroHashJoinOperator@91,nitroBoundaryPageEgressBytes,2037687817
[WARNING] [stderr] 2026-08-09T00:49:17.248-0600	INFO	ForkJoinPool-1-worker-1	stdout	operator_metric,nitro,20/TrinoNitroHashJoinOperator@91,nitroBoundaryPageIngressPages,476
[WARNING] [stderr] 2026-08-09T00:49:17.248-0600	INFO	ForkJoinPool-1-worker-1	stdout	operator_metric,nitro,20/TrinoNitroHashJoinOperator@91,nitroBoundaryPageIngressPositions,16554780
[WARNING] [stderr] 2026-08-09T00:49:17.248-0600	INFO	ForkJoinPool-1-worker-1	stdout	operator_metric,nitro,20/TrinoNitroHashJoinOperator@91,nitroBoundaryPageIngressRunLengthChannelPositions,0
[WARNING] [stderr] 2026-08-09T00:49:17.248-0600	INFO	ForkJoinPool-1-worker-1	stdout	operator_metric,nitro,20/TrinoNitroHashJoinOperator@91,nitroBoundaryNativeEgressDictionaryChannelPositions,16554780
[WARNING] [stderr] 2026-08-09T00:49:17.248-0600	INFO	ForkJoinPool-1-worker-1	stdout	operator_metric,nitro,20/TrinoNitroHashJoinOperator@91,nitroBoundaryPageEgressFlatChannelPositions,33109560
[WARNING] [stderr] 2026-08-09T00:49:17.248-0600	INFO	ForkJoinPool-1-worker-1	stdout	operator_metric,nitro,20/TrinoNitroHashJoinOperator@91,nitroBoundaryPageEgressPositions,16554780
[WARNING] [stderr] 2026-08-09T00:49:17.248-0600	INFO	ForkJoinPool-1-worker-1	stdout	operator_metric,nitro,20/TrinoNitroHashJoinOperator@91,nitroBoundaryPageIngressBytes,231766920
[WARNING] [stderr] 2026-08-09T00:49:17.248-0600	INFO	ForkJoinPool-1-worker-1	stdout	operator_metric,nitro,20/TrinoNitroHashJoinOperator@91,nitroBoundaryPageIngressDictionaryChannelPositions,0
[WARNING] [stderr] 2026-08-09T00:49:17.248-0600	INFO	ForkJoinPool-1-worker-1	stdout	operator_metric,nitro,20/TrinoNitroAggregationOperator@2054,nitroAggregationOutputNanos,64626
[WARNING] [stderr] 2026-08-09T00:49:17.248-0600	INFO	ForkJoinPool-1-worker-1	stdout	operator_metric,nitro,20/TrinoNitroAggregationOperator@2054,nitroAggregationPipelineNanos,0
[WARNING] [stderr] 2026-08-09T00:49:17.248-0600	INFO	ForkJoinPool-1-worker-1	stdout	operator_metric,nitro,20/TrinoNitroAggregationOperator@2054,nitroAggregationGroupingNanos,0
[WARNING] [stderr] 2026-08-09T00:49:17.248-0600	INFO	ForkJoinPool-1-worker-1	stdout	operator_metric,nitro,20/TrinoNitroAggregationOperator@2054,nitroAggregationAccumulationNanos,0
[WARNING] [stderr] 2026-08-09T00:49:17.248-0600	INFO	ForkJoinPool-1-worker-1	stdout	operator_metric,nitro,20/TrinoNitroAggregationOperator@2054,nitroBoundaryNativeEgressDictionaryChannelPositions,0
[WARNING] [stderr] 2026-08-09T00:49:17.248-0600	INFO	ForkJoinPool-1-worker-1	stdout	operator_metric,nitro,20/TrinoNitroAggregationOperator@2054,nitroAggregationFusedNanos,0
[WARNING] [stderr] 2026-08-09T00:49:17.248-0600	INFO	ForkJoinPool-1-worker-1	stdout	operator_metric,nitro,20/TrinoNitroAggregationOperator@2054,nitroBoundaryPageEgressBytes,36981
[WARNING] [stderr] 2026-08-09T00:49:17.248-0600	INFO	ForkJoinPool-1-worker-1	stdout	operator_metric,nitro,20/TrinoNitroAggregationOperator@2054,nitroAggregationFlushNanos,0
[WARNING] [stderr] 2026-08-09T00:49:17.248-0600	INFO	ForkJoinPool-1-worker-1	stdout	operator_metric,nitro,20/TrinoNitroAggregationOperator@2054,nitroBoundaryPageEgressPositions,4109
[WARNING] [stderr] 2026-08-09T00:49:17.248-0600	INFO	ForkJoinPool-1-worker-1	stdout	operator_metric,nitro,20/TrinoNitroAggregationOperator@2054,nitroBoundaryPageIngressBytes,37989
[WARNING] [stderr] 2026-08-09T00:49:17.248-0600	INFO	ForkJoinPool-1-worker-1	stdout	operator_metric,nitro,20/TrinoNitroAggregationOperator@2054,nitroBoundaryPageIngressPositions,4221
[WARNING] [stderr] 2026-08-09T00:49:17.248-0600	INFO	ForkJoinPool-1-worker-1	stdout	operator_metric,nitro,20/TrinoNitroAggregationOperator@2054,nitroBoundaryPageIngressDictionaryChannelPositions,0
[WARNING] [stderr] 2026-08-09T00:49:17.248-0600	INFO	ForkJoinPool-1-worker-1	stdout	operator_metric,nitro,20/TrinoNitroAggregationOperator@2054,nitroAggregationInputNanos,1438989
[WARNING] [stderr] 2026-08-09T00:49:17.248-0600	INFO	ForkJoinPool-1-worker-1	stdout	operator_metric,nitro,20/TrinoNitroAggregationOperator@2054,nitroBoundaryPageEgressDictionaryChannelPositions,0
[WARNING] [stderr] 2026-08-09T00:49:17.248-0600	INFO	ForkJoinPool-1-worker-1	stdout	operator_metric,nitro,20/TrinoNitroAggregationOperator@2054,nitroAggregationInitialAggregationNanos,0
[WARNING] [stderr] 2026-08-09T00:49:17.248-0600	INFO	ForkJoinPool-1-worker-1	stdout	operator_metric,nitro,20/TrinoNitroAggregationOperator@2054,nitroBoundaryPageEgressRunLengthChannelPositions,0
[WARNING] [stderr] 2026-08-09T00:49:17.248-0600	INFO	ForkJoinPool-1-worker-1	stdout	operator_metric,nitro,20/TrinoNitroAggregationOperator@2054,nitroBoundaryPageIngressRunLengthChannelPositions,0
[WARNING] [stderr] 2026-08-09T00:49:17.248-0600	INFO	ForkJoinPool-1-worker-1	stdout	operator_metric,nitro,20/TrinoNitroAggregationOperator@2054,nitroAggregationInitialFlatKeyNanos,0
[WARNING] [stderr] 2026-08-09T00:49:17.248-0600	INFO	ForkJoinPool-1-worker-1	stdout	operator_metric,nitro,20/TrinoNitroAggregationOperator@2054,nitroBoundaryNativeEgressFlatChannelPositions,4109
[WARNING] [stderr] 2026-08-09T00:49:17.248-0600	INFO	ForkJoinPool-1-worker-1	stdout	operator_metric,nitro,20/TrinoNitroAggregationOperator@2054,nitroAggregationStatePreparationNanos,0
[WARNING] [stderr] 2026-08-09T00:49:17.248-0600	INFO	ForkJoinPool-1-worker-1	stdout	operator_metric,nitro,20/TrinoNitroAggregationOperator@2054,nitroBoundaryNativeEgressRunLengthChannelPositions,0
[WARNING] [stderr] 2026-08-09T00:49:17.248-0600	INFO	ForkJoinPool-1-worker-1	stdout	operator_metric,nitro,20/TrinoNitroAggregationOperator@2054,nitroBoundaryPageIngressFlatChannelPositions,4221
[WARNING] [stderr] 2026-08-09T00:49:17.248-0600	INFO	ForkJoinPool-1-worker-1	stdout	operator_metric,nitro,20/TrinoNitroAggregationOperator@2054,nitroBoundaryPageEgressFlatChannelPositions,4109
[WARNING] [stderr] 2026-08-09T00:49:17.248-0600	INFO	ForkJoinPool-1-worker-1	stdout	operator_metric,nitro,20/TrinoNitroAggregationOperator@2054,nitroBoundaryPageEgressPages,493
[WARNING] [stderr] 2026-08-09T00:49:17.248-0600	INFO	ForkJoinPool-1-worker-1	stdout	operator_metric,nitro,20/TrinoNitroAggregationOperator@2054,nitroBoundaryPageIngressPages,498
[WARNING] [stderr] 2026-08-09T00:49:17.248-0600	INFO	ForkJoinPool-1-worker-1	stdout	operator_metric,nitro,20/TrinoNitroAggregationOperator@2054,nitroAggregationInitialKeyNanos,0
[WARNING] [stderr] 2026-08-09T00:49:17.248-0600	INFO	ForkJoinPool-1-worker-1	stdout	operator_metric,nitro,20/TrinoNitroAggregationOperator@2054,nitroAggregationInitialEncodedKeyNanos,0
[WARNING] [stderr] 2026-08-09T00:49:17.248-0600	INFO	ForkJoinPool-1-worker-1	stdout	operator_metric,nitro,20/TrinoNitroAggregationOperator@6125,nitroAggregationInitialAggregationNanos,55686623
[WARNING] [stderr] 2026-08-09T00:49:17.248-0600	INFO	ForkJoinPool-1-worker-1	stdout	operator_metric,nitro,20/TrinoNitroAggregationOperator@6125,nitroBoundaryPageIngressFlatChannelPositions,33109560
[WARNING] [stderr] 2026-08-09T00:49:17.248-0600	INFO	ForkJoinPool-1-worker-1	stdout	operator_metric,nitro,20/TrinoNitroAggregationOperator@6125,nitroAggregationGroupingNanos,216548078
[WARNING] [stderr] 2026-08-09T00:49:17.248-0600	INFO	ForkJoinPool-1-worker-1	stdout	operator_metric,nitro,20/TrinoNitroAggregationOperator@6125,nitroBoundaryNativeExchangeBatches,1792
[WARNING] [stderr] 2026-08-09T00:49:17.248-0600	INFO	ForkJoinPool-1-worker-1	stdout	operator_metric,nitro,20/TrinoNitroAggregationOperator@6125,nitroAggregationInitialEncodedKeyNanos,1127079603
[WARNING] [stderr] 2026-08-09T00:49:17.248-0600	INFO	ForkJoinPool-1-worker-1	stdout	operator_metric,nitro,20/TrinoNitroAggregationOperator@6125,nitroAggregationFusedNanos,0
[WARNING] [stderr] 2026-08-09T00:49:17.248-0600	INFO	ForkJoinPool-1-worker-1	stdout	operator_metric,nitro,20/TrinoNitroAggregationOperator@6125,nitroAggregationFlushNanos,129304
[WARNING] [stderr] 2026-08-09T00:49:17.248-0600	INFO	ForkJoinPool-1-worker-1	stdout	operator_metric,nitro,20/TrinoNitroAggregationOperator@6125,nitroBoundaryPageIngressDictionaryChannelPositions,16554780
[WARNING] [stderr] 2026-08-09T00:49:17.248-0600	INFO	ForkJoinPool-1-worker-1	stdout	operator_metric,nitro,20/TrinoNitroAggregationOperator@6125,nitroBoundaryNativeExchangePositions,16539073
[WARNING] [stderr] 2026-08-09T00:49:17.248-0600	INFO	ForkJoinPool-1-worker-1	stdout	operator_metric,nitro,20/TrinoNitroAggregationOperator@6125,nitroAggregationStatePreparationNanos,1928849
[WARNING] [stderr] 2026-08-09T00:49:17.248-0600	INFO	ForkJoinPool-1-worker-1	stdout	operator_metric,nitro,20/TrinoNitroAggregationOperator@6125,nitroBoundaryPageIngressBytes,2037687817
[WARNING] [stderr] 2026-08-09T00:49:17.248-0600	INFO	ForkJoinPool-1-worker-1	stdout	operator_metric,nitro,20/TrinoNitroAggregationOperator@6125,nitroAggregationPipelineNanos,2935826
[WARNING] [stderr] 2026-08-09T00:49:17.248-0600	INFO	ForkJoinPool-1-worker-1	stdout	operator_metric,nitro,20/TrinoNitroAggregationOperator@6125,nitroAggregationOutputNanos,255710
[WARNING] [stderr] 2026-08-09T00:49:17.248-0600	INFO	ForkJoinPool-1-worker-1	stdout	operator_metric,nitro,20/TrinoNitroAggregationOperator@6125,nitroBoundaryNativeExchangeMaximumBatchBytes,31870494
[WARNING] [stderr] 2026-08-09T00:49:17.248-0600	INFO	ForkJoinPool-1-worker-1	stdout	operator_metric,nitro,20/TrinoNitroAggregationOperator@6125,nitroBoundaryNativeExchangeBytes,957740409
[WARNING] [stderr] 2026-08-09T00:49:17.248-0600	INFO	ForkJoinPool-1-worker-1	stdout	operator_metric,nitro,20/TrinoNitroAggregationOperator@6125,nitroBoundaryPageIngressPositions,16554780
[WARNING] [stderr] 2026-08-09T00:49:17.248-0600	INFO	ForkJoinPool-1-worker-1	stdout	operator_metric,nitro,20/TrinoNitroAggregationOperator@6125,nitroAggregationInitialFlatKeyNanos,20681222
[WARNING] [stderr] 2026-08-09T00:49:17.248-0600	INFO	ForkJoinPool-1-worker-1	stdout	operator_metric,nitro,20/TrinoNitroAggregationOperator@6125,nitroAggregationAccumulationNanos,1838820
[WARNING] [stderr] 2026-08-09T00:49:17.248-0600	INFO	ForkJoinPool-1-worker-1	stdout	operator_metric,nitro,20/TrinoNitroAggregationOperator@6125,nitroBoundaryPageIngressRunLengthChannelPositions,0
[WARNING] [stderr] 2026-08-09T00:49:17.248-0600	INFO	ForkJoinPool-1-worker-1	stdout	operator_metric,nitro,20/TrinoNitroAggregationOperator@6125,nitroAggregationInitialKeyNanos,1147760825
[WARNING] [stderr] 2026-08-09T00:49:17.248-0600	INFO	ForkJoinPool-1-worker-1	stdout	operator_metric,nitro,20/TrinoNitroAggregationOperator@6125,nitroBoundaryPageIngressPages,1896
[WARNING] [stderr] 2026-08-09T00:49:17.248-0600	INFO	ForkJoinPool-1-worker-1	stdout	operator_metric,nitro,20/TrinoNitroAggregationOperator@6125,nitroAggregationInputNanos,1464027117
[WARNING] [stderr] 2026-08-09T00:49:17.248-0600	INFO	ForkJoinPool-1-worker-1	stdout	operator_metric,nitro,28/TrinoNitroPipelineSourceOperator@5095,nitroAllocatorAllocatedBytes,662422793
[WARNING] [stderr] 2026-08-09T00:49:17.248-0600	INFO	ForkJoinPool-1-worker-1	stdout	operator_metric,nitro,28/TrinoNitroPipelineSourceOperator@5095,nitroBoundaryNativeExchangeMaximumBatchBytes,2743026
[WARNING] [stderr] 2026-08-09T00:49:17.248-0600	INFO	ForkJoinPool-1-worker-1	stdout	operator_metric,nitro,28/TrinoNitroPipelineSourceOperator@5095,nitroAllocatorAllocatedVectorBytes,662422793
[WARNING] [stderr] 2026-08-09T00:49:17.248-0600	INFO	ForkJoinPool-1-worker-1	stdout	operator_metric,nitro,28/TrinoNitroPipelineSourceOperator@5095,nitroAllocatorAllocatedVectorBytes.I32Vector,115203964
[WARNING] [stderr] 2026-08-09T00:49:17.248-0600	INFO	ForkJoinPool-1-worker-1	stdout	operator_metric,nitro,28/TrinoNitroPipelineSourceOperator@5095,nitroAllocatorAllocatedVectorBytes.BooleanVector,86402973
[WARNING] [stderr] 2026-08-09T00:49:17.248-0600	INFO	ForkJoinPool-1-worker-1	stdout	operator_metric,nitro,28/TrinoNitroPipelineSourceOperator@5095,nitroAllocatorAllocatedVectorBytes.I64Vector,460815856
[WARNING] [stderr] 2026-08-09T00:49:17.248-0600	INFO	ForkJoinPool-1-worker-1	stdout	operator_metric,nitro,28/TrinoNitroPipelineSourceOperator@5095,nitroBoundaryNativeExchangeBytes,662422793
[WARNING] [stderr] 2026-08-09T00:49:17.248-0600	INFO	ForkJoinPool-1-worker-1	stdout	operator_metric,nitro,28/TrinoNitroPipelineSourceOperator@5095,nitroBoundaryNativeExchangePositions,28800991
[WARNING] [stderr] 2026-08-09T00:49:17.248-0600	INFO	ForkJoinPool-1-worker-1	stdout	operator_metric,nitro,28/TrinoNitroPipelineSourceOperator@5095,nitroBoundaryNativeExchangeBatches,2888
[WARNING] [stderr] 2026-08-09T00:49:17.248-0600	INFO	ForkJoinPool-1-worker-1	stdout	operator_metric,nitro,28/TrinoNitroPipelineSourceOperator@5095,nitroAllocatorAllocatedBytes.NitroParquetBatchSource,662422793
[WARNING] [stderr] 2026-08-09T00:49:17.248-0600	INFO	ForkJoinPool-1-worker-1	stdout	operator_metric,nitro,28/TrinoNitroPipelineSourceOperator@5095,nitroAllocatorAllocatedBytes.trino-native-source-ingress,0
[WARNING] [stderr] 2026-08-09T00:49:17.248-0600	INFO	ForkJoinPool-1-worker-1	stdout	operator_metric,nitro,29/TrinoNitroPipelineSourceOperator@113,nitroBoundaryNativeExchangePositions,500000
[WARNING] [stderr] 2026-08-09T00:49:17.248-0600	INFO	ForkJoinPool-1-worker-1	stdout	operator_metric,nitro,29/TrinoNitroPipelineSourceOperator@113,nitroAllocatorAllocatedVectorBytes.I64Vector,4000000
[WARNING] [stderr] 2026-08-09T00:49:17.248-0600	INFO	ForkJoinPool-1-worker-1	stdout	operator_metric,nitro,29/TrinoNitroPipelineSourceOperator@113,nitroBoundaryNativeExchangeBytes,4500000
[WARNING] [stderr] 2026-08-09T00:49:17.248-0600	INFO	ForkJoinPool-1-worker-1	stdout	operator_metric,nitro,29/TrinoNitroPipelineSourceOperator@113,nitroBoundaryNativeExchangeBatches,50
[WARNING] [stderr] 2026-08-09T00:49:17.248-0600	INFO	ForkJoinPool-1-worker-1	stdout	operator_metric,nitro,29/TrinoNitroPipelineSourceOperator@113,nitroAllocatorAllocatedVectorBytes,4500000
[WARNING] [stderr] 2026-08-09T00:49:17.248-0600	INFO	ForkJoinPool-1-worker-1	stdout	operator_metric,nitro,29/TrinoNitroPipelineSourceOperator@113,nitroAllocatorAllocatedVectorBytes.BooleanVector,500000
[WARNING] [stderr] 2026-08-09T00:49:17.248-0600	INFO	ForkJoinPool-1-worker-1	stdout	operator_metric,nitro,29/TrinoNitroPipelineSourceOperator@113,nitroBoundaryNativeExchangeMaximumBatchBytes,90000
[WARNING] [stderr] 2026-08-09T00:49:17.248-0600	INFO	ForkJoinPool-1-worker-1	stdout	operator_metric,nitro,29/TrinoNitroPipelineSourceOperator@113,nitroAllocatorAllocatedBytes.trino-native-source-ingress,0
[WARNING] [stderr] 2026-08-09T00:49:17.248-0600	INFO	ForkJoinPool-1-worker-1	stdout	operator_metric,nitro,29/TrinoNitroPipelineSourceOperator@113,nitroAllocatorAllocatedBytes,4500000
[WARNING] [stderr] 2026-08-09T00:49:17.248-0600	INFO	ForkJoinPool-1-worker-1	stdout	operator_metric,nitro,29/TrinoNitroPipelineSourceOperator@113,nitroAllocatorAllocatedBytes.NitroParquetBatchSource,4500000
[WARNING] [stderr] 2026-08-09T00:49:17.248-0600	INFO	ForkJoinPool-1-worker-1	stdout	operator_metric,nitro,30/TrinoNitroAggregationOperator@137,nitroAggregationOutputNanos,15960
[WARNING] [stderr] 2026-08-09T00:49:17.248-0600	INFO	ForkJoinPool-1-worker-1	stdout	operator_metric,nitro,30/TrinoNitroAggregationOperator@137,nitroAggregationPipelineNanos,0
[WARNING] [stderr] 2026-08-09T00:49:17.248-0600	INFO	ForkJoinPool-1-worker-1	stdout	operator_metric,nitro,30/TrinoNitroAggregationOperator@137,nitroAggregationGroupingNanos,0
[WARNING] [stderr] 2026-08-09T00:49:17.248-0600	INFO	ForkJoinPool-1-worker-1	stdout	operator_metric,nitro,30/TrinoNitroAggregationOperator@137,nitroAggregationAccumulationNanos,0
[WARNING] [stderr] 2026-08-09T00:49:17.248-0600	INFO	ForkJoinPool-1-worker-1	stdout	operator_metric,nitro,30/TrinoNitroAggregationOperator@137,nitroBoundaryPageEgressBytes,17
[WARNING] [stderr] 2026-08-09T00:49:17.248-0600	INFO	ForkJoinPool-1-worker-1	stdout	operator_metric,nitro,30/TrinoNitroAggregationOperator@137,nitroBoundaryNativeEgressDictionaryChannelPositions,0
[WARNING] [stderr] 2026-08-09T00:49:17.248-0600	INFO	ForkJoinPool-1-worker-1	stdout	operator_metric,nitro,30/TrinoNitroAggregationOperator@137,nitroAggregationFusedNanos,0
[WARNING] [stderr] 2026-08-09T00:49:17.248-0600	INFO	ForkJoinPool-1-worker-1	stdout	operator_metric,nitro,30/TrinoNitroAggregationOperator@137,nitroAggregationFlushNanos,0
[WARNING] [stderr] 2026-08-09T00:49:17.248-0600	INFO	ForkJoinPool-1-worker-1	stdout	operator_metric,nitro,30/TrinoNitroAggregationOperator@137,nitroBoundaryPageEgressPositions,1
[WARNING] [stderr] 2026-08-09T00:49:17.248-0600	INFO	ForkJoinPool-1-worker-1	stdout	operator_metric,nitro,30/TrinoNitroAggregationOperator@137,nitroBoundaryPageIngressBytes,34
[WARNING] [stderr] 2026-08-09T00:49:17.248-0600	INFO	ForkJoinPool-1-worker-1	stdout	operator_metric,nitro,30/TrinoNitroAggregationOperator@137,nitroBoundaryPageIngressPositions,2
[WARNING] [stderr] 2026-08-09T00:49:17.248-0600	INFO	ForkJoinPool-1-worker-1	stdout	operator_metric,nitro,30/TrinoNitroAggregationOperator@137,nitroBoundaryPageIngressDictionaryChannelPositions,0
[WARNING] [stderr] 2026-08-09T00:49:17.248-0600	INFO	ForkJoinPool-1-worker-1	stdout	operator_metric,nitro,30/TrinoNitroAggregationOperator@137,nitroBoundaryPageEgressDictionaryChannelPositions,0
[WARNING] [stderr] 2026-08-09T00:49:17.248-0600	INFO	ForkJoinPool-1-worker-1	stdout	operator_metric,nitro,30/TrinoNitroAggregationOperator@137,nitroAggregationInputNanos,15841
[WARNING] [stderr] 2026-08-09T00:49:17.248-0600	INFO	ForkJoinPool-1-worker-1	stdout	operator_metric,nitro,30/TrinoNitroAggregationOperator@137,nitroAggregationInitialAggregationNanos,0
[WARNING] [stderr] 2026-08-09T00:49:17.248-0600	INFO	ForkJoinPool-1-worker-1	stdout	operator_metric,nitro,30/TrinoNitroAggregationOperator@137,nitroBoundaryPageEgressRunLengthChannelPositions,0
[WARNING] [stderr] 2026-08-09T00:49:17.248-0600	INFO	ForkJoinPool-1-worker-1	stdout	operator_metric,nitro,30/TrinoNitroAggregationOperator@137,nitroBoundaryPageIngressRunLengthChannelPositions,0
[WARNING] [stderr] 2026-08-09T00:49:17.248-0600	INFO	ForkJoinPool-1-worker-1	stdout	operator_metric,nitro,30/TrinoNitroAggregationOperator@137,nitroAggregationInitialFlatKeyNanos,0
[WARNING] [stderr] 2026-08-09T00:49:17.248-0600	INFO	ForkJoinPool-1-worker-1	stdout	operator_metric,nitro,30/TrinoNitroAggregationOperator@137,nitroBoundaryNativeEgressRunLengthChannelPositions,0
[WARNING] [stderr] 2026-08-09T00:49:17.248-0600	INFO	ForkJoinPool-1-worker-1	stdout	operator_metric,nitro,30/TrinoNitroAggregationOperator@137,nitroAggregationStatePreparationNanos,0
[WARNING] [stderr] 2026-08-09T00:49:17.248-0600	INFO	ForkJoinPool-1-worker-1	stdout	operator_metric,nitro,30/TrinoNitroAggregationOperator@137,nitroBoundaryNativeEgressFlatChannelPositions,1
[WARNING] [stderr] 2026-08-09T00:49:17.248-0600	INFO	ForkJoinPool-1-worker-1	stdout	operator_metric,nitro,30/TrinoNitroAggregationOperator@137,nitroBoundaryPageIngressFlatChannelPositions,2
[WARNING] [stderr] 2026-08-09T00:49:17.248-0600	INFO	ForkJoinPool-1-worker-1	stdout	operator_metric,nitro,30/TrinoNitroAggregationOperator@137,nitroBoundaryPageEgressFlatChannelPositions,1
[WARNING] [stderr] 2026-08-09T00:49:17.248-0600	INFO	ForkJoinPool-1-worker-1	stdout	operator_metric,nitro,30/TrinoNitroAggregationOperator@137,nitroBoundaryPageEgressPages,1
[WARNING] [stderr] 2026-08-09T00:49:17.248-0600	INFO	ForkJoinPool-1-worker-1	stdout	operator_metric,nitro,30/TrinoNitroAggregationOperator@137,nitroBoundaryPageIngressPages,2
[WARNING] [stderr] 2026-08-09T00:49:17.248-0600	INFO	ForkJoinPool-1-worker-1	stdout	operator_metric,nitro,30/TrinoNitroAggregationOperator@137,nitroAggregationInitialKeyNanos,0
[WARNING] [stderr] 2026-08-09T00:49:17.248-0600	INFO	ForkJoinPool-1-worker-1	stdout	operator_metric,nitro,30/TrinoNitroAggregationOperator@137,nitroAggregationInitialEncodedKeyNanos,0
[WARNING] [stderr] 2026-08-09T00:49:17.248-0600	INFO	ForkJoinPool-1-worker-1	stdout	operator_metric,nitro,3/TrinoNitroHashJoinOperator@2,nitroBoundaryPageIngressRunLengthChannelPositions,0
[WARNING] [stderr] 2026-08-09T00:49:17.248-0600	INFO	ForkJoinPool-1-worker-1	stdout	operator_metric,nitro,3/TrinoNitroHashJoinOperator@2,nitroBoundaryNativeExchangePositions,131247
[WARNING] [stderr] 2026-08-09T00:49:17.248-0600	INFO	ForkJoinPool-1-worker-1	stdout	operator_metric,nitro,3/TrinoNitroHashJoinOperator@2,nitroBoundaryNativeExchangeBytes,4068732
[WARNING] [stderr] 2026-08-09T00:49:17.248-0600	INFO	ForkJoinPool-1-worker-1	stdout	operator_metric,nitro,3/TrinoNitroHashJoinOperator@2,nitroBoundaryNativeExchangeBatches,15
[WARNING] [stderr] 2026-08-09T00:49:17.248-0600	INFO	ForkJoinPool-1-worker-1	stdout	operator_metric,nitro,3/TrinoNitroHashJoinOperator@2,nitroBoundaryPageIngressFlatChannelPositions,656235
[WARNING] [stderr] 2026-08-09T00:49:17.248-0600	INFO	ForkJoinPool-1-worker-1	stdout	operator_metric,nitro,3/TrinoNitroHashJoinOperator@2,nitroBoundaryNativeExchangeMaximumBatchBytes,620010
[WARNING] [stderr] 2026-08-09T00:49:17.248-0600	INFO	ForkJoinPool-1-worker-1	stdout	operator_metric,nitro,3/TrinoNitroHashJoinOperator@2,nitroBoundaryPageIngressPositions,131247
[WARNING] [stderr] 2026-08-09T00:49:17.248-0600	INFO	ForkJoinPool-1-worker-1	stdout	operator_metric,nitro,3/TrinoNitroHashJoinOperator@2,nitroBoundaryPageIngressPages,5
[WARNING] [stderr] 2026-08-09T00:49:17.248-0600	INFO	ForkJoinPool-1-worker-1	stdout	operator_metric,nitro,3/TrinoNitroHashJoinOperator@2,nitroBoundaryPageIngressBytes,5381127
[WARNING] [stderr] 2026-08-09T00:49:17.248-0600	INFO	ForkJoinPool-1-worker-1	stdout	operator_metric,nitro,3/TrinoNitroHashJoinOperator@2,nitroBoundaryPageIngressDictionaryChannelPositions,0
[WARNING] [stderr] 2026-08-09T00:49:17.248-0600	INFO	ForkJoinPool-1-worker-1	stdout	operator_metric,nitro,6/TrinoNitroHashJoinOperator@5,nitroBoundaryPageIngressRunLengthChannelPositions,0
[WARNING] [stderr] 2026-08-09T00:49:17.248-0600	INFO	ForkJoinPool-1-worker-1	stdout	operator_metric,nitro,6/TrinoNitroHashJoinOperator@5,nitroBoundaryNativeExchangePositions,16554780
[WARNING] [stderr] 2026-08-09T00:49:17.248-0600	INFO	ForkJoinPool-1-worker-1	stdout	operator_metric,nitro,6/TrinoNitroHashJoinOperator@5,nitroBoundaryNativeExchangeBytes,270425118
[WARNING] [stderr] 2026-08-09T00:49:17.248-0600	INFO	ForkJoinPool-1-worker-1	stdout	operator_metric,nitro,6/TrinoNitroHashJoinOperator@5,nitroBoundaryNativeExchangeBatches,1895
[WARNING] [stderr] 2026-08-09T00:49:17.248-0600	INFO	ForkJoinPool-1-worker-1	stdout	operator_metric,nitro,6/TrinoNitroHashJoinOperator@5,nitroBoundaryPageIngressFlatChannelPositions,33109560
[WARNING] [stderr] 2026-08-09T00:49:17.248-0600	INFO	ForkJoinPool-1-worker-1	stdout	operator_metric,nitro,6/TrinoNitroHashJoinOperator@5,nitroBoundaryNativeExchangeMaximumBatchBytes,325856
[WARNING] [stderr] 2026-08-09T00:49:17.248-0600	INFO	ForkJoinPool-1-worker-1	stdout	operator_metric,nitro,6/TrinoNitroHashJoinOperator@5,nitroBoundaryPageIngressPositions,16554780
[WARNING] [stderr] 2026-08-09T00:49:17.248-0600	INFO	ForkJoinPool-1-worker-1	stdout	operator_metric,nitro,6/TrinoNitroHashJoinOperator@5,nitroBoundaryPageIngressPages,478
[WARNING] [stderr] 2026-08-09T00:49:17.248-0600	INFO	ForkJoinPool-1-worker-1	stdout	operator_metric,nitro,6/TrinoNitroHashJoinOperator@5,nitroBoundaryPageIngressBytes,297986040
[WARNING] [stderr] 2026-08-09T00:49:17.248-0600	INFO	ForkJoinPool-1-worker-1	stdout	operator_metric,nitro,6/TrinoNitroHashJoinOperator@5,nitroBoundaryPageIngressDictionaryChannelPositions,0
[WARNING] [stderr] 2026-08-09T00:49:17.248-0600	INFO	ForkJoinPool-1-worker-1	stdout	operator_metric,nitro,9/TrinoNitroPipelineSourceOperator@6,nitroAllocatorAllocatedBytes,52219168
[WARNING] [stderr] 2026-08-09T00:49:17.248-0600	INFO	ForkJoinPool-1-worker-1	stdout	operator_metric,nitro,9/TrinoNitroPipelineSourceOperator@6,nitroAllocatorAllocatedVectorBytes.BooleanVector,204000
[WARNING] [stderr] 2026-08-09T00:49:17.248-0600	INFO	ForkJoinPool-1-worker-1	stdout	operator_metric,nitro,9/TrinoNitroPipelineSourceOperator@6,nitroAllocatorAllocatedBytes.NitroParquetBatchSource,52219168
[WARNING] [stderr] 2026-08-09T00:49:17.248-0600	INFO	ForkJoinPool-1-worker-1	stdout	operator_metric,nitro,9/TrinoNitroPipelineSourceOperator@6,nitroAllocatorAllocatedVectorBytes.I32Vector,40000
[WARNING] [stderr] 2026-08-09T00:49:17.248-0600	INFO	ForkJoinPool-1-worker-1	stdout	operator_metric,nitro,9/TrinoNitroPipelineSourceOperator@6,nitroBoundaryNativeExchangePositions,102000
[WARNING] [stderr] 2026-08-09T00:49:17.248-0600	INFO	ForkJoinPool-1-worker-1	stdout	operator_metric,nitro,9/TrinoNitroPipelineSourceOperator@6,nitroAllocatorAllocatedVectorBytes.BinaryVector,51159168
[WARNING] [stderr] 2026-08-09T00:49:17.248-0600	INFO	ForkJoinPool-1-worker-1	stdout	operator_metric,nitro,9/TrinoNitroPipelineSourceOperator@6,nitroAllocatorAllocatedVectorBytes.I64Vector,816000
[WARNING] [stderr] 2026-08-09T00:49:17.248-0600	INFO	ForkJoinPool-1-worker-1	stdout	operator_metric,nitro,9/TrinoNitroPipelineSourceOperator@6,nitroAllocatorAllocatedBytes.trino-native-source-ingress,0
[WARNING] [stderr] 2026-08-09T00:49:17.248-0600	INFO	ForkJoinPool-1-worker-1	stdout	operator_metric,nitro,9/TrinoNitroPipelineSourceOperator@6,nitroBoundaryNativeExchangeBatches,11
[WARNING] [stderr] 2026-08-09T00:49:17.248-0600	INFO	ForkJoinPool-1-worker-1	stdout	operator_metric,nitro,9/TrinoNitroPipelineSourceOperator@6,nitroBoundaryNativeExchangeBytes,49955105
[WARNING] [stderr] 2026-08-09T00:49:17.248-0600	INFO	ForkJoinPool-1-worker-1	stdout	operator_metric,nitro,9/TrinoNitroPipelineSourceOperator@6,nitroBoundaryNativeExchangeMaximumBatchBytes,10883128
[WARNING] [stderr] 2026-08-09T00:49:17.248-0600	INFO	ForkJoinPool-1-worker-1	stdout	operator_metric,nitro,9/TrinoNitroPipelineSourceOperator@6,nitroAllocatorAllocatedVectorBytes,52219168
[WARNING] [stderr] 2026-08-09T00:49:17.248-0600	INFO	ForkJoinPool-1-worker-1	stdout	operator_metric,nitro,13/TrinoNitroAggregationOperator@6095,nitroAggregationOutputNanos,63449
[WARNING] [stderr] 2026-08-09T00:49:17.248-0600	INFO	ForkJoinPool-1-worker-1	stdout	operator_metric,nitro,13/TrinoNitroAggregationOperator@6095,nitroAggregationPipelineNanos,37460
[WARNING] [stderr] 2026-08-09T00:49:17.248-0600	INFO	ForkJoinPool-1-worker-1	stdout	operator_metric,nitro,13/TrinoNitroAggregationOperator@6095,nitroAggregationGroupingNanos,0
[WARNING] [stderr] 2026-08-09T00:49:17.248-0600	INFO	ForkJoinPool-1-worker-1	stdout	operator_metric,nitro,13/TrinoNitroAggregationOperator@6095,nitroAggregationAccumulationNanos,0
[WARNING] [stderr] 2026-08-09T00:49:17.248-0600	INFO	ForkJoinPool-1-worker-1	stdout	operator_metric,nitro,13/TrinoNitroAggregationOperator@6095,nitroBoundaryNativeEgressDictionaryChannelPositions,0
[WARNING] [stderr] 2026-08-09T00:49:17.248-0600	INFO	ForkJoinPool-1-worker-1	stdout	operator_metric,nitro,13/TrinoNitroAggregationOperator@6095,nitroAggregationFusedNanos,0
[WARNING] [stderr] 2026-08-09T00:49:17.248-0600	INFO	ForkJoinPool-1-worker-1	stdout	operator_metric,nitro,13/TrinoNitroAggregationOperator@6095,nitroBoundaryPageEgressBytes,34
[WARNING] [stderr] 2026-08-09T00:49:17.248-0600	INFO	ForkJoinPool-1-worker-1	stdout	operator_metric,nitro,13/TrinoNitroAggregationOperator@6095,nitroAggregationFlushNanos,0
[WARNING] [stderr] 2026-08-09T00:49:17.248-0600	INFO	ForkJoinPool-1-worker-1	stdout	operator_metric,nitro,13/TrinoNitroAggregationOperator@6095,nitroBoundaryPageEgressPositions,2
[WARNING] [stderr] 2026-08-09T00:49:17.248-0600	INFO	ForkJoinPool-1-worker-1	stdout	operator_metric,nitro,13/TrinoNitroAggregationOperator@6095,nitroBoundaryPageIngressBytes,12278500
[WARNING] [stderr] 2026-08-09T00:49:17.248-0600	INFO	ForkJoinPool-1-worker-1	stdout	operator_metric,nitro,13/TrinoNitroAggregationOperator@6095,nitroBoundaryPageIngressPositions,472250
[WARNING] [stderr] 2026-08-09T00:49:17.248-0600	INFO	ForkJoinPool-1-worker-1	stdout	operator_metric,nitro,13/TrinoNitroAggregationOperator@6095,nitroBoundaryPageIngressDictionaryChannelPositions,0
[WARNING] [stderr] 2026-08-09T00:49:17.248-0600	INFO	ForkJoinPool-1-worker-1	stdout	operator_metric,nitro,13/TrinoNitroAggregationOperator@6095,nitroAggregationInputNanos,3475482
[WARNING] [stderr] 2026-08-09T00:49:17.248-0600	INFO	ForkJoinPool-1-worker-1	stdout	operator_metric,nitro,13/TrinoNitroAggregationOperator@6095,nitroBoundaryPageEgressDictionaryChannelPositions,0
[WARNING] [stderr] 2026-08-09T00:49:17.248-0600	INFO	ForkJoinPool-1-worker-1	stdout	operator_metric,nitro,13/TrinoNitroAggregationOperator@6095,nitroAggregationInitialAggregationNanos,0
[WARNING] [stderr] 2026-08-09T00:49:17.248-0600	INFO	ForkJoinPool-1-worker-1	stdout	operator_metric,nitro,13/TrinoNitroAggregationOperator@6095,nitroBoundaryPageEgressRunLengthChannelPositions,0
[WARNING] [stderr] 2026-08-09T00:49:17.248-0600	INFO	ForkJoinPool-1-worker-1	stdout	operator_metric,nitro,13/TrinoNitroAggregationOperator@6095,nitroBoundaryPageIngressRunLengthChannelPositions,0
[WARNING] [stderr] 2026-08-09T00:49:17.248-0600	INFO	ForkJoinPool-1-worker-1	stdout	operator_metric,nitro,13/TrinoNitroAggregationOperator@6095,nitroAggregationInitialFlatKeyNanos,0
[WARNING] [stderr] 2026-08-09T00:49:17.248-0600	INFO	ForkJoinPool-1-worker-1	stdout	operator_metric,nitro,13/TrinoNitroAggregationOperator@6095,nitroBoundaryNativeEgressFlatChannelPositions,2
[WARNING] [stderr] 2026-08-09T00:49:17.248-0600	INFO	ForkJoinPool-1-worker-1	stdout	operator_metric,nitro,13/TrinoNitroAggregationOperator@6095,nitroAggregationStatePreparationNanos,0
[WARNING] [stderr] 2026-08-09T00:49:17.248-0600	INFO	ForkJoinPool-1-worker-1	stdout	operator_metric,nitro,13/TrinoNitroAggregationOperator@6095,nitroBoundaryNativeEgressRunLengthChannelPositions,0
[WARNING] [stderr] 2026-08-09T00:49:17.248-0600	INFO	ForkJoinPool-1-worker-1	stdout	operator_metric,nitro,13/TrinoNitroAggregationOperator@6095,nitroBoundaryPageIngressFlatChannelPositions,944500
[WARNING] [stderr] 2026-08-09T00:49:17.248-0600	INFO	ForkJoinPool-1-worker-1	stdout	operator_metric,nitro,13/TrinoNitroAggregationOperator@6095,nitroBoundaryPageEgressFlatChannelPositions,2
[WARNING] [stderr] 2026-08-09T00:49:17.248-0600	INFO	ForkJoinPool-1-worker-1	stdout	operator_metric,nitro,13/TrinoNitroAggregationOperator@6095,nitroBoundaryPageEgressPages,2
[WARNING] [stderr] 2026-08-09T00:49:17.248-0600	INFO	ForkJoinPool-1-worker-1	stdout	operator_metric,nitro,13/TrinoNitroAggregationOperator@6095,nitroBoundaryPageIngressPages,30
[WARNING] [stderr] 2026-08-09T00:49:17.248-0600	INFO	ForkJoinPool-1-worker-1	stdout	operator_metric,nitro,13/TrinoNitroAggregationOperator@6095,nitroAggregationInitialKeyNanos,0
[WARNING] [stderr] 2026-08-09T00:49:17.248-0600	INFO	ForkJoinPool-1-worker-1	stdout	operator_metric,nitro,13/TrinoNitroAggregationOperator@6095,nitroAggregationInitialEncodedKeyNanos,0
[WARNING] [stderr] 2026-08-09T00:49:17.248-0600	INFO	ForkJoinPool-1-worker-1	stdout	operator_metric,nitro,13/TrinoNitroAggregationOperator@45,nitroAggregationOutputNanos,23517
[WARNING] [stderr] 2026-08-09T00:49:17.248-0600	INFO	ForkJoinPool-1-worker-1	stdout	operator_metric,nitro,13/TrinoNitroAggregationOperator@45,nitroAggregationPipelineNanos,0
[WARNING] [stderr] 2026-08-09T00:49:17.249-0600	INFO	ForkJoinPool-1-worker-1	stdout	operator_metric,nitro,13/TrinoNitroAggregationOperator@45,nitroAggregationGroupingNanos,16685016
[WARNING] [stderr] 2026-08-09T00:49:17.249-0600	INFO	ForkJoinPool-1-worker-1	stdout	operator_metric,nitro,13/TrinoNitroAggregationOperator@45,nitroAggregationAccumulationNanos,6242958
[WARNING] [stderr] 2026-08-09T00:49:17.249-0600	INFO	ForkJoinPool-1-worker-1	stdout	operator_metric,nitro,13/TrinoNitroAggregationOperator@45,nitroBoundaryNativeEgressDictionaryChannelPositions,0
[WARNING] [stderr] 2026-08-09T00:49:17.249-0600	INFO	ForkJoinPool-1-worker-1	stdout	operator_metric,nitro,13/TrinoNitroAggregationOperator@45,nitroAggregationFusedNanos,0
[WARNING] [stderr] 2026-08-09T00:49:17.249-0600	INFO	ForkJoinPool-1-worker-1	stdout	operator_metric,nitro,13/TrinoNitroAggregationOperator@45,nitroBoundaryPageEgressBytes,12278500
[WARNING] [stderr] 2026-08-09T00:49:17.249-0600	INFO	ForkJoinPool-1-worker-1	stdout	operator_metric,nitro,13/TrinoNitroAggregationOperator@45,nitroAggregationFlushNanos,0
[WARNING] [stderr] 2026-08-09T00:49:17.249-0600	INFO	ForkJoinPool-1-worker-1	stdout	operator_metric,nitro,13/TrinoNitroAggregationOperator@45,nitroBoundaryPageEgressPositions,472250
[WARNING] [stderr] 2026-08-09T00:49:17.249-0600	INFO	ForkJoinPool-1-worker-1	stdout	operator_metric,nitro,13/TrinoNitroAggregationOperator@45,nitroBoundaryPageIngressBytes,16811762
[WARNING] [stderr] 2026-08-09T00:49:17.249-0600	INFO	ForkJoinPool-1-worker-1	stdout	operator_metric,nitro,13/TrinoNitroAggregationOperator@45,nitroBoundaryPageIngressPositions,764171
[WARNING] [stderr] 2026-08-09T00:49:17.249-0600	INFO	ForkJoinPool-1-worker-1	stdout	operator_metric,nitro,13/TrinoNitroAggregationOperator@45,nitroBoundaryPageIngressDictionaryChannelPositions,0
[WARNING] [stderr] 2026-08-09T00:49:17.249-0600	INFO	ForkJoinPool-1-worker-1	stdout	operator_metric,nitro,13/TrinoNitroAggregationOperator@45,nitroAggregationInputNanos,25795774
[WARNING] [stderr] 2026-08-09T00:49:17.249-0600	INFO	ForkJoinPool-1-worker-1	stdout	operator_metric,nitro,13/TrinoNitroAggregationOperator@45,nitroBoundaryPageEgressDictionaryChannelPositions,0
[WARNING] [stderr] 2026-08-09T00:49:17.249-0600	INFO	ForkJoinPool-1-worker-1	stdout	operator_metric,nitro,13/TrinoNitroAggregationOperator@45,nitroAggregationInitialAggregationNanos,0
[WARNING] [stderr] 2026-08-09T00:49:17.249-0600	INFO	ForkJoinPool-1-worker-1	stdout	operator_metric,nitro,13/TrinoNitroAggregationOperator@45,nitroBoundaryPageEgressRunLengthChannelPositions,0
[WARNING] [stderr] 2026-08-09T00:49:17.249-0600	INFO	ForkJoinPool-1-worker-1	stdout	operator_metric,nitro,13/TrinoNitroAggregationOperator@45,nitroBoundaryPageIngressRunLengthChannelPositions,0
[WARNING] [stderr] 2026-08-09T00:49:17.249-0600	INFO	ForkJoinPool-1-worker-1	stdout	operator_metric,nitro,13/TrinoNitroAggregationOperator@45,nitroAggregationInitialFlatKeyNanos,0
[WARNING] [stderr] 2026-08-09T00:49:17.249-0600	INFO	ForkJoinPool-1-worker-1	stdout	operator_metric,nitro,13/TrinoNitroAggregationOperator@45,nitroBoundaryNativeEgressFlatChannelPositions,944500
[WARNING] [stderr] 2026-08-09T00:49:17.249-0600	INFO	ForkJoinPool-1-worker-1	stdout	operator_metric,nitro,13/TrinoNitroAggregationOperator@45,nitroAggregationStatePreparationNanos,2446506
[WARNING] [stderr] 2026-08-09T00:49:17.249-0600	INFO	ForkJoinPool-1-worker-1	stdout	operator_metric,nitro,13/TrinoNitroAggregationOperator@45,nitroBoundaryNativeEgressRunLengthChannelPositions,0
[WARNING] [stderr] 2026-08-09T00:49:17.249-0600	INFO	ForkJoinPool-1-worker-1	stdout	operator_metric,nitro,13/TrinoNitroAggregationOperator@45,nitroBoundaryPageIngressFlatChannelPositions,1528342
[WARNING] [stderr] 2026-08-09T00:49:17.249-0600	INFO	ForkJoinPool-1-worker-1	stdout	operator_metric,nitro,13/TrinoNitroAggregationOperator@45,nitroBoundaryPageEgressFlatChannelPositions,944500
[WARNING] [stderr] 2026-08-09T00:49:17.249-0600	INFO	ForkJoinPool-1-worker-1	stdout	operator_metric,nitro,13/TrinoNitroAggregationOperator@45,nitroBoundaryPageEgressPages,30
[WARNING] [stderr] 2026-08-09T00:49:17.249-0600	INFO	ForkJoinPool-1-worker-1	stdout	operator_metric,nitro,13/TrinoNitroAggregationOperator@45,nitroBoundaryPageIngressPages,12
[WARNING] [stderr] 2026-08-09T00:49:17.249-0600	INFO	ForkJoinPool-1-worker-1	stdout	operator_metric,nitro,13/TrinoNitroAggregationOperator@45,nitroAggregationInitialKeyNanos,0
[WARNING] [stderr] 2026-08-09T00:49:17.249-0600	INFO	ForkJoinPool-1-worker-1	stdout	operator_metric,nitro,13/TrinoNitroAggregationOperator@45,nitroAggregationInitialEncodedKeyNanos,0
[WARNING] [stderr] 2026-08-09T00:49:17.249-0600	INFO	ForkJoinPool-1-worker-1	stdout	operator_metric,nitro,21/TrinoNitroHashJoinOperator@86,nitroBoundaryPageIngressRunLengthChannelPositions,0
[WARNING] [stderr] 2026-08-09T00:49:17.249-0600	INFO	ForkJoinPool-1-worker-1	stdout	operator_metric,nitro,21/TrinoNitroHashJoinOperator@86,nitroBoundaryNativeExchangePositions,64097
[WARNING] [stderr] 2026-08-09T00:49:17.249-0600	INFO	ForkJoinPool-1-worker-1	stdout	operator_metric,nitro,21/TrinoNitroHashJoinOperator@86,nitroBoundaryNativeExchangeBytes,1922038
[WARNING] [stderr] 2026-08-09T00:49:17.249-0600	INFO	ForkJoinPool-1-worker-1	stdout	operator_metric,nitro,21/TrinoNitroHashJoinOperator@86,nitroBoundaryNativeExchangeBatches,8
[WARNING] [stderr] 2026-08-09T00:49:17.249-0600	INFO	ForkJoinPool-1-worker-1	stdout	operator_metric,nitro,21/TrinoNitroHashJoinOperator@86,nitroBoundaryPageIngressFlatChannelPositions,320485
[WARNING] [stderr] 2026-08-09T00:49:17.249-0600	INFO	ForkJoinPool-1-worker-1	stdout	operator_metric,nitro,21/TrinoNitroHashJoinOperator@86,nitroBoundaryNativeExchangeMaximumBatchBytes,523240
[WARNING] [stderr] 2026-08-09T00:49:17.249-0600	INFO	ForkJoinPool-1-worker-1	stdout	operator_metric,nitro,21/TrinoNitroHashJoinOperator@86,nitroBoundaryPageIngressPositions,64097
[WARNING] [stderr] 2026-08-09T00:49:17.249-0600	INFO	ForkJoinPool-1-worker-1	stdout	operator_metric,nitro,21/TrinoNitroHashJoinOperator@86,nitroBoundaryPageIngressPages,8
[WARNING] [stderr] 2026-08-09T00:49:17.249-0600	INFO	ForkJoinPool-1-worker-1	stdout	operator_metric,nitro,21/TrinoNitroHashJoinOperator@86,nitroBoundaryPageIngressBytes,2627977
[WARNING] [stderr] 2026-08-09T00:49:17.249-0600	INFO	ForkJoinPool-1-worker-1	stdout	operator_metric,nitro,21/TrinoNitroHashJoinOperator@86,nitroBoundaryPageIngressDictionaryChannelPositions,0
[WARNING] [stderr] 2026-08-09T00:49:17.249-0600	INFO	ForkJoinPool-1-worker-1	stdout	operator_metric,nitro,24/TrinoNitroHashJoinOperator@89,nitroBoundaryPageIngressRunLengthChannelPositions,0
[WARNING] [stderr] 2026-08-09T00:49:17.249-0600	INFO	ForkJoinPool-1-worker-1	stdout	operator_metric,nitro,24/TrinoNitroHashJoinOperator@89,nitroBoundaryNativeExchangePositions,16554780
[WARNING] [stderr] 2026-08-09T00:49:17.249-0600	INFO	ForkJoinPool-1-worker-1	stdout	operator_metric,nitro,24/TrinoNitroHashJoinOperator@89,nitroBoundaryNativeExchangeBytes,270419262
[WARNING] [stderr] 2026-08-09T00:49:17.249-0600	INFO	ForkJoinPool-1-worker-1	stdout	operator_metric,nitro,24/TrinoNitroHashJoinOperator@89,nitroBoundaryNativeExchangeBatches,1893
[WARNING] [stderr] 2026-08-09T00:49:17.249-0600	INFO	ForkJoinPool-1-worker-1	stdout	operator_metric,nitro,24/TrinoNitroHashJoinOperator@89,nitroBoundaryPageIngressFlatChannelPositions,33109560
[WARNING] [stderr] 2026-08-09T00:49:17.249-0600	INFO	ForkJoinPool-1-worker-1	stdout	operator_metric,nitro,24/TrinoNitroHashJoinOperator@89,nitroBoundaryNativeExchangeMaximumBatchBytes,325856
[WARNING] [stderr] 2026-08-09T00:49:17.249-0600	INFO	ForkJoinPool-1-worker-1	stdout	operator_metric,nitro,24/TrinoNitroHashJoinOperator@89,nitroBoundaryPageIngressPositions,16554780
[WARNING] [stderr] 2026-08-09T00:49:17.249-0600	INFO	ForkJoinPool-1-worker-1	stdout	operator_metric,nitro,24/TrinoNitroHashJoinOperator@89,nitroBoundaryPageIngressPages,479
[WARNING] [stderr] 2026-08-09T00:49:17.249-0600	INFO	ForkJoinPool-1-worker-1	stdout	operator_metric,nitro,24/TrinoNitroHashJoinOperator@89,nitroBoundaryPageIngressBytes,297986040
[WARNING] [stderr] 2026-08-09T00:49:17.249-0600	INFO	ForkJoinPool-1-worker-1	stdout	operator_metric,nitro,24/TrinoNitroHashJoinOperator@89,nitroBoundaryPageIngressDictionaryChannelPositions,0
[WARNING] [stderr] 2026-08-09T00:49:17.249-0600	INFO	ForkJoinPool-1-worker-1	stdout	operator_metric,nitro,27/TrinoNitroPipelineSourceOperator@90,nitroAllocatorAllocatedBytes,37222184
[WARNING] [stderr] 2026-08-09T00:49:17.249-0600	INFO	ForkJoinPool-1-worker-1	stdout	operator_metric,nitro,27/TrinoNitroPipelineSourceOperator@90,nitroAllocatorAllocatedVectorBytes.BooleanVector,204000
[WARNING] [stderr] 2026-08-09T00:49:17.249-0600	INFO	ForkJoinPool-1-worker-1	stdout	operator_metric,nitro,27/TrinoNitroPipelineSourceOperator@90,nitroAllocatorAllocatedBytes.NitroParquetBatchSource,37222184
[WARNING] [stderr] 2026-08-09T00:49:17.249-0600	INFO	ForkJoinPool-1-worker-1	stdout	operator_metric,nitro,27/TrinoNitroPipelineSourceOperator@90,nitroAllocatorAllocatedVectorBytes.I32Vector,40000
[WARNING] [stderr] 2026-08-09T00:49:17.249-0600	INFO	ForkJoinPool-1-worker-1	stdout	operator_metric,nitro,27/TrinoNitroPipelineSourceOperator@90,nitroBoundaryNativeExchangePositions,102000
[WARNING] [stderr] 2026-08-09T00:49:17.249-0600	INFO	ForkJoinPool-1-worker-1	stdout	operator_metric,nitro,27/TrinoNitroPipelineSourceOperator@90,nitroAllocatorAllocatedVectorBytes.BinaryVector,36162184
[WARNING] [stderr] 2026-08-09T00:49:17.249-0600	INFO	ForkJoinPool-1-worker-1	stdout	operator_metric,nitro,27/TrinoNitroPipelineSourceOperator@90,nitroAllocatorAllocatedVectorBytes.I64Vector,816000
[WARNING] [stderr] 2026-08-09T00:49:17.249-0600	INFO	ForkJoinPool-1-worker-1	stdout	operator_metric,nitro,27/TrinoNitroPipelineSourceOperator@90,nitroAllocatorAllocatedBytes.trino-native-source-ingress,0
[WARNING] [stderr] 2026-08-09T00:49:17.249-0600	INFO	ForkJoinPool-1-worker-1	stdout	operator_metric,nitro,27/TrinoNitroPipelineSourceOperator@90,nitroBoundaryNativeExchangeBatches,11
[WARNING] [stderr] 2026-08-09T00:49:17.249-0600	INFO	ForkJoinPool-1-worker-1	stdout	operator_metric,nitro,27/TrinoNitroPipelineSourceOperator@90,nitroBoundaryNativeExchangeBytes,35063377
[WARNING] [stderr] 2026-08-09T00:49:17.249-0600	INFO	ForkJoinPool-1-worker-1	stdout	operator_metric,nitro,27/TrinoNitroPipelineSourceOperator@90,nitroBoundaryNativeExchangeMaximumBatchBytes,10983639
[WARNING] [stderr] 2026-08-09T00:49:17.249-0600	INFO	ForkJoinPool-1-worker-1	stdout	operator_metric,nitro,27/TrinoNitroPipelineSourceOperator@90,nitroAllocatorAllocatedVectorBytes,37222184
[WARNING] [stderr] 2026-08-09T00:49:17.249-0600	INFO	ForkJoinPool-1-worker-1	stdout	operator_metric,nitro,31/TrinoNitroAggregationOperator@6153,nitroAggregationOutputNanos,32141
[WARNING] [stderr] 2026-08-09T00:49:17.249-0600	INFO	ForkJoinPool-1-worker-1	stdout	operator_metric,nitro,31/TrinoNitroAggregationOperator@6153,nitroAggregationPipelineNanos,35915
[WARNING] [stderr] 2026-08-09T00:49:17.249-0600	INFO	ForkJoinPool-1-worker-1	stdout	operator_metric,nitro,31/TrinoNitroAggregationOperator@6153,nitroAggregationGroupingNanos,0
[WARNING] [stderr] 2026-08-09T00:49:17.249-0600	INFO	ForkJoinPool-1-worker-1	stdout	operator_metric,nitro,31/TrinoNitroAggregationOperator@6153,nitroAggregationAccumulationNanos,0
[WARNING] [stderr] 2026-08-09T00:49:17.249-0600	INFO	ForkJoinPool-1-worker-1	stdout	operator_metric,nitro,31/TrinoNitroAggregationOperator@6153,nitroBoundaryNativeEgressDictionaryChannelPositions,0
[WARNING] [stderr] 2026-08-09T00:49:17.249-0600	INFO	ForkJoinPool-1-worker-1	stdout	operator_metric,nitro,31/TrinoNitroAggregationOperator@6153,nitroAggregationFusedNanos,0
[WARNING] [stderr] 2026-08-09T00:49:17.249-0600	INFO	ForkJoinPool-1-worker-1	stdout	operator_metric,nitro,31/TrinoNitroAggregationOperator@6153,nitroBoundaryPageEgressBytes,34
[WARNING] [stderr] 2026-08-09T00:49:17.249-0600	INFO	ForkJoinPool-1-worker-1	stdout	operator_metric,nitro,31/TrinoNitroAggregationOperator@6153,nitroAggregationFlushNanos,0
[WARNING] [stderr] 2026-08-09T00:49:17.249-0600	INFO	ForkJoinPool-1-worker-1	stdout	operator_metric,nitro,31/TrinoNitroAggregationOperator@6153,nitroBoundaryPageEgressPositions,2
[WARNING] [stderr] 2026-08-09T00:49:17.249-0600	INFO	ForkJoinPool-1-worker-1	stdout	operator_metric,nitro,31/TrinoNitroAggregationOperator@6153,nitroBoundaryPageIngressBytes,12278500
[WARNING] [stderr] 2026-08-09T00:49:17.249-0600	INFO	ForkJoinPool-1-worker-1	stdout	operator_metric,nitro,31/TrinoNitroAggregationOperator@6153,nitroBoundaryPageIngressPositions,472250
[WARNING] [stderr] 2026-08-09T00:49:17.249-0600	INFO	ForkJoinPool-1-worker-1	stdout	operator_metric,nitro,31/TrinoNitroAggregationOperator@6153,nitroBoundaryPageIngressDictionaryChannelPositions,0
[WARNING] [stderr] 2026-08-09T00:49:17.249-0600	INFO	ForkJoinPool-1-worker-1	stdout	operator_metric,nitro,31/TrinoNitroAggregationOperator@6153,nitroAggregationInputNanos,1891468
[WARNING] [stderr] 2026-08-09T00:49:17.249-0600	INFO	ForkJoinPool-1-worker-1	stdout	operator_metric,nitro,31/TrinoNitroAggregationOperator@6153,nitroBoundaryPageEgressDictionaryChannelPositions,0
[WARNING] [stderr] 2026-08-09T00:49:17.249-0600	INFO	ForkJoinPool-1-worker-1	stdout	operator_metric,nitro,31/TrinoNitroAggregationOperator@6153,nitroAggregationInitialAggregationNanos,0
[WARNING] [stderr] 2026-08-09T00:49:17.249-0600	INFO	ForkJoinPool-1-worker-1	stdout	operator_metric,nitro,31/TrinoNitroAggregationOperator@6153,nitroBoundaryPageEgressRunLengthChannelPositions,0
[WARNING] [stderr] 2026-08-09T00:49:17.249-0600	INFO	ForkJoinPool-1-worker-1	stdout	operator_metric,nitro,31/TrinoNitroAggregationOperator@6153,nitroBoundaryPageIngressRunLengthChannelPositions,0
[WARNING] [stderr] 2026-08-09T00:49:17.249-0600	INFO	ForkJoinPool-1-worker-1	stdout	operator_metric,nitro,31/TrinoNitroAggregationOperator@6153,nitroAggregationInitialFlatKeyNanos,0
[WARNING] [stderr] 2026-08-09T00:49:17.249-0600	INFO	ForkJoinPool-1-worker-1	stdout	operator_metric,nitro,31/TrinoNitroAggregationOperator@6153,nitroBoundaryNativeEgressFlatChannelPositions,2
[WARNING] [stderr] 2026-08-09T00:49:17.249-0600	INFO	ForkJoinPool-1-worker-1	stdout	operator_metric,nitro,31/TrinoNitroAggregationOperator@6153,nitroAggregationStatePreparationNanos,0
[WARNING] [stderr] 2026-08-09T00:49:17.249-0600	INFO	ForkJoinPool-1-worker-1	stdout	operator_metric,nitro,31/TrinoNitroAggregationOperator@6153,nitroBoundaryNativeEgressRunLengthChannelPositions,0
[WARNING] [stderr] 2026-08-09T00:49:17.249-0600	INFO	ForkJoinPool-1-worker-1	stdout	operator_metric,nitro,31/TrinoNitroAggregationOperator@6153,nitroBoundaryPageIngressFlatChannelPositions,944500
[WARNING] [stderr] 2026-08-09T00:49:17.249-0600	INFO	ForkJoinPool-1-worker-1	stdout	operator_metric,nitro,31/TrinoNitroAggregationOperator@6153,nitroBoundaryPageEgressFlatChannelPositions,2
[WARNING] [stderr] 2026-08-09T00:49:17.249-0600	INFO	ForkJoinPool-1-worker-1	stdout	operator_metric,nitro,31/TrinoNitroAggregationOperator@6153,nitroBoundaryPageEgressPages,2
[WARNING] [stderr] 2026-08-09T00:49:17.249-0600	INFO	ForkJoinPool-1-worker-1	stdout	operator_metric,nitro,31/TrinoNitroAggregationOperator@6153,nitroBoundaryPageIngressPages,30
[WARNING] [stderr] 2026-08-09T00:49:17.249-0600	INFO	ForkJoinPool-1-worker-1	stdout	operator_metric,nitro,31/TrinoNitroAggregationOperator@6153,nitroAggregationInitialKeyNanos,0
[WARNING] [stderr] 2026-08-09T00:49:17.249-0600	INFO	ForkJoinPool-1-worker-1	stdout	operator_metric,nitro,31/TrinoNitroAggregationOperator@6153,nitroAggregationInitialEncodedKeyNanos,0
[WARNING] [stderr] 2026-08-09T00:49:17.249-0600	INFO	ForkJoinPool-1-worker-1	stdout	operator_metric,nitro,31/TrinoNitroAggregationOperator@129,nitroAggregationOutputNanos,28001
[WARNING] [stderr] 2026-08-09T00:49:17.249-0600	INFO	ForkJoinPool-1-worker-1	stdout	operator_metric,nitro,31/TrinoNitroAggregationOperator@129,nitroAggregationPipelineNanos,0
[WARNING] [stderr] 2026-08-09T00:49:17.249-0600	INFO	ForkJoinPool-1-worker-1	stdout	operator_metric,nitro,31/TrinoNitroAggregationOperator@129,nitroAggregationGroupingNanos,11294634
[WARNING] [stderr] 2026-08-09T00:49:17.249-0600	INFO	ForkJoinPool-1-worker-1	stdout	operator_metric,nitro,31/TrinoNitroAggregationOperator@129,nitroAggregationAccumulationNanos,5735196
[WARNING] [stderr] 2026-08-09T00:49:17.249-0600	INFO	ForkJoinPool-1-worker-1	stdout	operator_metric,nitro,31/TrinoNitroAggregationOperator@129,nitroBoundaryNativeEgressDictionaryChannelPositions,0
[WARNING] [stderr] 2026-08-09T00:49:17.249-0600	INFO	ForkJoinPool-1-worker-1	stdout	operator_metric,nitro,31/TrinoNitroAggregationOperator@129,nitroAggregationFusedNanos,0
[WARNING] [stderr] 2026-08-09T00:49:17.249-0600	INFO	ForkJoinPool-1-worker-1	stdout	operator_metric,nitro,31/TrinoNitroAggregationOperator@129,nitroBoundaryPageEgressBytes,12278500
[WARNING] [stderr] 2026-08-09T00:49:17.249-0600	INFO	ForkJoinPool-1-worker-1	stdout	operator_metric,nitro,31/TrinoNitroAggregationOperator@129,nitroAggregationFlushNanos,0
[WARNING] [stderr] 2026-08-09T00:49:17.249-0600	INFO	ForkJoinPool-1-worker-1	stdout	operator_metric,nitro,31/TrinoNitroAggregationOperator@129,nitroBoundaryPageEgressPositions,472250
[WARNING] [stderr] 2026-08-09T00:49:17.249-0600	INFO	ForkJoinPool-1-worker-1	stdout	operator_metric,nitro,31/TrinoNitroAggregationOperator@129,nitroBoundaryPageIngressBytes,16811762
[WARNING] [stderr] 2026-08-09T00:49:17.249-0600	INFO	ForkJoinPool-1-worker-1	stdout	operator_metric,nitro,31/TrinoNitroAggregationOperator@129,nitroBoundaryPageIngressPositions,764171
[WARNING] [stderr] 2026-08-09T00:49:17.249-0600	INFO	ForkJoinPool-1-worker-1	stdout	operator_metric,nitro,31/TrinoNitroAggregationOperator@129,nitroBoundaryPageIngressDictionaryChannelPositions,0
[WARNING] [stderr] 2026-08-09T00:49:17.249-0600	INFO	ForkJoinPool-1-worker-1	stdout	operator_metric,nitro,31/TrinoNitroAggregationOperator@129,nitroAggregationInputNanos,19308737
[WARNING] [stderr] 2026-08-09T00:49:17.249-0600	INFO	ForkJoinPool-1-worker-1	stdout	operator_metric,nitro,31/TrinoNitroAggregationOperator@129,nitroBoundaryPageEgressDictionaryChannelPositions,0
[WARNING] [stderr] 2026-08-09T00:49:17.249-0600	INFO	ForkJoinPool-1-worker-1	stdout	operator_metric,nitro,31/TrinoNitroAggregationOperator@129,nitroAggregationInitialAggregationNanos,0
[WARNING] [stderr] 2026-08-09T00:49:17.249-0600	INFO	ForkJoinPool-1-worker-1	stdout	operator_metric,nitro,31/TrinoNitroAggregationOperator@129,nitroBoundaryPageEgressRunLengthChannelPositions,0
[WARNING] [stderr] 2026-08-09T00:49:17.249-0600	INFO	ForkJoinPool-1-worker-1	stdout	operator_metric,nitro,31/TrinoNitroAggregationOperator@129,nitroBoundaryPageIngressRunLengthChannelPositions,0
[WARNING] [stderr] 2026-08-09T00:49:17.249-0600	INFO	ForkJoinPool-1-worker-1	stdout	operator_metric,nitro,31/TrinoNitroAggregationOperator@129,nitroAggregationInitialFlatKeyNanos,0
[WARNING] [stderr] 2026-08-09T00:49:17.249-0600	INFO	ForkJoinPool-1-worker-1	stdout	operator_metric,nitro,31/TrinoNitroAggregationOperator@129,nitroBoundaryNativeEgressFlatChannelPositions,944500
[WARNING] [stderr] 2026-08-09T00:49:17.249-0600	INFO	ForkJoinPool-1-worker-1	stdout	operator_metric,nitro,31/TrinoNitroAggregationOperator@129,nitroAggregationStatePreparationNanos,2003067
[WARNING] [stderr] 2026-08-09T00:49:17.249-0600	INFO	ForkJoinPool-1-worker-1	stdout	operator_metric,nitro,31/TrinoNitroAggregationOperator@129,nitroBoundaryNativeEgressRunLengthChannelPositions,0
[WARNING] [stderr] 2026-08-09T00:49:17.249-0600	INFO	ForkJoinPool-1-worker-1	stdout	operator_metric,nitro,31/TrinoNitroAggregationOperator@129,nitroBoundaryPageIngressFlatChannelPositions,1528342
[WARNING] [stderr] 2026-08-09T00:49:17.249-0600	INFO	ForkJoinPool-1-worker-1	stdout	operator_metric,nitro,31/TrinoNitroAggregationOperator@129,nitroBoundaryPageEgressFlatChannelPositions,944500
[WARNING] [stderr] 2026-08-09T00:49:17.249-0600	INFO	ForkJoinPool-1-worker-1	stdout	operator_metric,nitro,31/TrinoNitroAggregationOperator@129,nitroBoundaryPageEgressPages,30
[WARNING] [stderr] 2026-08-09T00:49:17.249-0600	INFO	ForkJoinPool-1-worker-1	stdout	operator_metric,nitro,31/TrinoNitroAggregationOperator@129,nitroBoundaryPageIngressPages,12
[WARNING] [stderr] 2026-08-09T00:49:17.249-0600	INFO	ForkJoinPool-1-worker-1	stdout	operator_metric,nitro,31/TrinoNitroAggregationOperator@129,nitroAggregationInitialKeyNanos,0
[WARNING] [stderr] 2026-08-09T00:49:17.249-0600	INFO	ForkJoinPool-1-worker-1	stdout	operator_metric,nitro,31/TrinoNitroAggregationOperator@129,nitroAggregationInitialEncodedKeyNanos,0
[WARNING] [stderr] 2026-08-09T00:49:17.249-0600	INFO	ForkJoinPool-1-worker-1	stdout	operator_metric,nitro,4/TrinoNitroPipelineSourceOperator@5032,nitroAllocatorAllocatedBytes,22960000
[WARNING] [stderr] 2026-08-09T00:49:17.249-0600	INFO	ForkJoinPool-1-worker-1	stdout	operator_metric,nitro,4/TrinoNitroPipelineSourceOperator@5032,nitroBoundaryNativeExchangeMaximumBatchBytes,1640000
[WARNING] [stderr] 2026-08-09T00:49:17.249-0600	INFO	ForkJoinPool-1-worker-1	stdout	operator_metric,nitro,4/TrinoNitroPipelineSourceOperator@5032,nitroAllocatorAllocatedVectorBytes,22960000
[WARNING] [stderr] 2026-08-09T00:49:17.249-0600	INFO	ForkJoinPool-1-worker-1	stdout	operator_metric,nitro,4/TrinoNitroPipelineSourceOperator@5032,nitroAllocatorAllocatedVectorBytes.I32Vector,2240000
[WARNING] [stderr] 2026-08-09T00:49:17.249-0600	INFO	ForkJoinPool-1-worker-1	stdout	operator_metric,nitro,4/TrinoNitroPipelineSourceOperator@5032,nitroAllocatorAllocatedVectorBytes.BooleanVector,2800000
[WARNING] [stderr] 2026-08-09T00:49:17.249-0600	INFO	ForkJoinPool-1-worker-1	stdout	operator_metric,nitro,4/TrinoNitroPipelineSourceOperator@5032,nitroAllocatorAllocatedVectorBytes.I64Vector,17920000
[WARNING] [stderr] 2026-08-09T00:49:17.249-0600	INFO	ForkJoinPool-1-worker-1	stdout	operator_metric,nitro,4/TrinoNitroPipelineSourceOperator@5032,nitroBoundaryNativeExchangeBytes,22960000
[WARNING] [stderr] 2026-08-09T00:49:17.249-0600	INFO	ForkJoinPool-1-worker-1	stdout	operator_metric,nitro,4/TrinoNitroPipelineSourceOperator@5032,nitroBoundaryNativeExchangePositions,131247
[WARNING] [stderr] 2026-08-09T00:49:17.249-0600	INFO	ForkJoinPool-1-worker-1	stdout	operator_metric,nitro,4/TrinoNitroPipelineSourceOperator@5032,nitroBoundaryNativeExchangeBatches,14
[WARNING] [stderr] 2026-08-09T00:49:17.249-0600	INFO	ForkJoinPool-1-worker-1	stdout	operator_metric,nitro,4/TrinoNitroPipelineSourceOperator@5032,nitroAllocatorAllocatedBytes.NitroParquetBatchSource,22960000
[WARNING] [stderr] 2026-08-09T00:49:17.249-0600	INFO	ForkJoinPool-1-worker-1	stdout	operator_metric,nitro,4/TrinoNitroPipelineSourceOperator@5032,nitroAllocatorAllocatedBytes.trino-native-source-ingress,0
[WARNING] [stderr] 2026-08-09T00:49:17.249-0600	INFO	ForkJoinPool-1-worker-1	stdout	operator_metric,nitro,5/TrinoNitroPipelineSourceOperator@2226,nitroAllocatorAllocatedVectorBytes.I32Vector,320000
[WARNING] [stderr] 2026-08-09T00:49:17.249-0600	INFO	ForkJoinPool-1-worker-1	stdout	operator_metric,nitro,5/TrinoNitroPipelineSourceOperator@2226,nitroAllocatorAllocatedBytes.PlanEvaluator,24
[WARNING] [stderr] 2026-08-09T00:49:17.249-0600	INFO	ForkJoinPool-1-worker-1	stdout	operator_metric,nitro,5/TrinoNitroPipelineSourceOperator@2226,nitroBoundaryNativeExchangeBytes,360000
[WARNING] [stderr] 2026-08-09T00:49:17.249-0600	INFO	ForkJoinPool-1-worker-1	stdout	operator_metric,nitro,5/TrinoNitroPipelineSourceOperator@2226,nitroAllocatorAllocatedVectorBytes.I64Vector,320016
[WARNING] [stderr] 2026-08-09T00:49:17.249-0600	INFO	ForkJoinPool-1-worker-1	stdout	operator_metric,nitro,5/TrinoNitroPipelineSourceOperator@2226,nitroAllocatorAllocatedVectorBytes.BooleanVector,120000
[WARNING] [stderr] 2026-08-09T00:49:17.249-0600	INFO	ForkJoinPool-1-worker-1	stdout	operator_metric,nitro,5/TrinoNitroPipelineSourceOperator@2226,nitroAllocatorAllocatedBytes.NitroParquetBatchSource,760000
[WARNING] [stderr] 2026-08-09T00:49:17.249-0600	INFO	ForkJoinPool-1-worker-1	stdout	operator_metric,nitro,5/TrinoNitroPipelineSourceOperator@2226,nitroAllocatorAllocatedBytes.FilterOperator,0
[WARNING] [stderr] 2026-08-09T00:49:17.249-0600	INFO	ForkJoinPool-1-worker-1	stdout	operator_metric,nitro,5/TrinoNitroPipelineSourceOperator@2226,nitroAllocatorAllocatedVectorBytes,760024
[WARNING] [stderr] 2026-08-09T00:49:17.249-0600	INFO	ForkJoinPool-1-worker-1	stdout	operator_metric,nitro,5/TrinoNitroPipelineSourceOperator@2226,nitroAllocatorAllocatedBytes.ProjectOperator,0
[WARNING] [stderr] 2026-08-09T00:49:17.249-0600	INFO	ForkJoinPool-1-worker-1	stdout	operator_metric,nitro,5/TrinoNitroPipelineSourceOperator@2226,nitroAllocatorAllocatedVectorBytes.RleVector,8
[WARNING] [stderr] 2026-08-09T00:49:17.249-0600	INFO	ForkJoinPool-1-worker-1	stdout	operator_metric,nitro,5/TrinoNitroPipelineSourceOperator@2226,nitroBoundaryNativeExchangeBatches,1
[WARNING] [stderr] 2026-08-09T00:49:17.249-0600	INFO	ForkJoinPool-1-worker-1	stdout	operator_metric,nitro,5/TrinoNitroPipelineSourceOperator@2226,nitroAllocatorAllocatedBytes.trino-native-source-ingress,0
[WARNING] [stderr] 2026-08-09T00:49:17.249-0600	INFO	ForkJoinPool-1-worker-1	stdout	operator_metric,nitro,5/TrinoNitroPipelineSourceOperator@2226,nitroAllocatorAllocatedBytes,760024
[WARNING] [stderr] 2026-08-09T00:49:17.249-0600	INFO	ForkJoinPool-1-worker-1	stdout	operator_metric,nitro,5/TrinoNitroPipelineSourceOperator@2226,nitroBoundaryNativeExchangePositions,29
[WARNING] [stderr] 2026-08-09T00:49:17.249-0600	INFO	ForkJoinPool-1-worker-1	stdout	operator_metric,nitro,5/TrinoNitroPipelineSourceOperator@2226,nitroBoundaryNativeExchangeMaximumBatchBytes,360000
[WARNING] [stderr] 2026-08-09T00:49:17.249-0600	INFO	ForkJoinPool-1-worker-1	stdout	operator_metric,nitro,7/TrinoNitroPipelineSourceOperator@5039,nitroBoundaryNativeExchangePositions,16554780
[WARNING] [stderr] 2026-08-09T00:49:17.249-0600	INFO	ForkJoinPool-1-worker-1	stdout	operator_metric,nitro,7/TrinoNitroPipelineSourceOperator@5039,nitroAllocatorAllocatedVectorBytes.I64Vector,1063680000
[WARNING] [stderr] 2026-08-09T00:49:17.249-0600	INFO	ForkJoinPool-1-worker-1	stdout	operator_metric,nitro,7/TrinoNitroPipelineSourceOperator@5039,nitroBoundaryNativeExchangeBytes,1196640000
[WARNING] [stderr] 2026-08-09T00:49:17.249-0600	INFO	ForkJoinPool-1-worker-1	stdout	operator_metric,nitro,7/TrinoNitroPipelineSourceOperator@5039,nitroBoundaryNativeExchangeBatches,1662
[WARNING] [stderr] 2026-08-09T00:49:17.249-0600	INFO	ForkJoinPool-1-worker-1	stdout	operator_metric,nitro,7/TrinoNitroPipelineSourceOperator@5039,nitroAllocatorAllocatedVectorBytes,1196640000
[WARNING] [stderr] 2026-08-09T00:49:17.249-0600	INFO	ForkJoinPool-1-worker-1	stdout	operator_metric,nitro,7/TrinoNitroPipelineSourceOperator@5039,nitroBoundaryNativeExchangeMaximumBatchBytes,8640000
[WARNING] [stderr] 2026-08-09T00:49:17.249-0600	INFO	ForkJoinPool-1-worker-1	stdout	operator_metric,nitro,7/TrinoNitroPipelineSourceOperator@5039,nitroAllocatorAllocatedVectorBytes.BooleanVector,132960000
[WARNING] [stderr] 2026-08-09T00:49:17.249-0600	INFO	ForkJoinPool-1-worker-1	stdout	operator_metric,nitro,7/TrinoNitroPipelineSourceOperator@5039,nitroAllocatorAllocatedBytes.trino-native-source-ingress,0
[WARNING] [stderr] 2026-08-09T00:49:17.249-0600	INFO	ForkJoinPool-1-worker-1	stdout	operator_metric,nitro,7/TrinoNitroPipelineSourceOperator@5039,nitroAllocatorAllocatedBytes,1196640000
[WARNING] [stderr] 2026-08-09T00:49:17.249-0600	INFO	ForkJoinPool-1-worker-1	stdout	operator_metric,nitro,7/TrinoNitroPipelineSourceOperator@5039,nitroAllocatorAllocatedBytes.NitroParquetBatchSource,1196640000
[WARNING] [stderr] 2026-08-09T00:49:17.249-0600	INFO	ForkJoinPool-1-worker-1	stdout	operator_metric,nitro,8/TrinoNitroPipelineSourceOperator@2260,nitroAllocatorAllocatedBytes.trino-native-source-ingress,0
[WARNING] [stderr] 2026-08-09T00:49:17.249-0600	INFO	ForkJoinPool-1-worker-1	stdout	operator_metric,nitro,8/TrinoNitroPipelineSourceOperator@2260,nitroAllocatorAllocatedVectorBytes,760000
[WARNING] [stderr] 2026-08-09T00:49:17.249-0600	INFO	ForkJoinPool-1-worker-1	stdout	operator_metric,nitro,8/TrinoNitroPipelineSourceOperator@2260,nitroAllocatorAllocatedBytes.FilterOperator,0
[WARNING] [stderr] 2026-08-09T00:49:17.249-0600	INFO	ForkJoinPool-1-worker-1	stdout	operator_metric,nitro,8/TrinoNitroPipelineSourceOperator@2260,nitroAllocatorAllocatedBytes.ProjectOperator,0
[WARNING] [stderr] 2026-08-09T00:49:17.249-0600	INFO	ForkJoinPool-1-worker-1	stdout	operator_metric,nitro,8/TrinoNitroPipelineSourceOperator@2260,nitroAllocatorAllocatedVectorBytes.I32Vector,320000
[WARNING] [stderr] 2026-08-09T00:49:17.249-0600	INFO	ForkJoinPool-1-worker-1	stdout	operator_metric,nitro,8/TrinoNitroPipelineSourceOperator@2260,nitroAllocatorAllocatedBytes.NitroParquetBatchSource,760000
[WARNING] [stderr] 2026-08-09T00:49:17.249-0600	INFO	ForkJoinPool-1-worker-1	stdout	operator_metric,nitro,8/TrinoNitroPipelineSourceOperator@2260,nitroBoundaryNativeExchangePositions,1461
[WARNING] [stderr] 2026-08-09T00:49:17.249-0600	INFO	ForkJoinPool-1-worker-1	stdout	operator_metric,nitro,8/TrinoNitroPipelineSourceOperator@2260,nitroBoundaryNativeExchangeBytes,560000
[WARNING] [stderr] 2026-08-09T00:49:17.249-0600	INFO	ForkJoinPool-1-worker-1	stdout	operator_metric,nitro,8/TrinoNitroPipelineSourceOperator@2260,nitroBoundaryNativeExchangeMaximumBatchBytes,560000
[WARNING] [stderr] 2026-08-09T00:49:17.249-0600	INFO	ForkJoinPool-1-worker-1	stdout	operator_metric,nitro,8/TrinoNitroPipelineSourceOperator@2260,nitroAllocatorAllocatedBytes,760000
[WARNING] [stderr] 2026-08-09T00:49:17.249-0600	INFO	ForkJoinPool-1-worker-1	stdout	operator_metric,nitro,8/TrinoNitroPipelineSourceOperator@2260,nitroAllocatorAllocatedVectorBytes.I64Vector,320000
[WARNING] [stderr] 2026-08-09T00:49:17.249-0600	INFO	ForkJoinPool-1-worker-1	stdout	operator_metric,nitro,8/TrinoNitroPipelineSourceOperator@2260,nitroAllocatorAllocatedVectorBytes.BooleanVector,120000
[WARNING] [stderr] 2026-08-09T00:49:17.249-0600	INFO	ForkJoinPool-1-worker-1	stdout	operator_metric,nitro,8/TrinoNitroPipelineSourceOperator@2260,nitroBoundaryNativeExchangeBatches,1
[WARNING] [stderr] 2026-08-09T00:49:17.249-0600	INFO	ForkJoinPool-1-worker-1	stdout	operator_metric,nitro,14/PartitionedOutputOperator@6110,nitroExchangeInputPages,2
[WARNING] [stderr] 2026-08-09T00:49:17.249-0600	INFO	ForkJoinPool-1-worker-1	stdout	operator_metric,nitro,14/PartitionedOutputOperator@6110,nitroExchangeInputRunLengthChannelPositions,0
[WARNING] [stderr] 2026-08-09T00:49:17.249-0600	INFO	ForkJoinPool-1-worker-1	stdout	operator_metric,nitro,14/PartitionedOutputOperator@6110,nitroExchangeInputPositions,764171
[WARNING] [stderr] 2026-08-09T00:49:17.249-0600	INFO	ForkJoinPool-1-worker-1	stdout	operator_metric,nitro,14/PartitionedOutputOperator@6110,nitroExchangeDictionaryUnsupportedPositions,0
[WARNING] [stderr] 2026-08-09T00:49:17.249-0600	INFO	ForkJoinPool-1-worker-1	stdout	operator_metric,nitro,14/PartitionedOutputOperator@6110,nitroExchangeLowDictionaryReusePositions,0
[WARNING] [stderr] 2026-08-09T00:49:17.249-0600	INFO	ForkJoinPool-1-worker-1	stdout	operator_metric,nitro,14/PartitionedOutputOperator@6110,nitroExchangeSmallPagePositions,0
[WARNING] [stderr] 2026-08-09T00:49:17.249-0600	INFO	ForkJoinPool-1-worker-1	stdout	operator_metric,nitro,14/PartitionedOutputOperator@6110,nitroExchangeNoDictionaryPositions,764171
[WARNING] [stderr] 2026-08-09T00:49:17.249-0600	INFO	ForkJoinPool-1-worker-1	stdout	operator_metric,nitro,14/PartitionedOutputOperator@6110,nitroExchangePreservedPositions,0
[WARNING] [stderr] 2026-08-09T00:49:17.249-0600	INFO	ForkJoinPool-1-worker-1	stdout	operator_metric,nitro,14/PartitionedOutputOperator@6110,nitroExchangeRunLengthUnsupportedPositions,0
[WARNING] [stderr] 2026-08-09T00:49:17.249-0600	INFO	ForkJoinPool-1-worker-1	stdout	operator_metric,nitro,14/PartitionedOutputOperator@6110,nitroExchangeInputFlatChannelPositions,1528342
[WARNING] [stderr] 2026-08-09T00:49:17.249-0600	INFO	ForkJoinPool-1-worker-1	stdout	operator_metric,nitro,14/PartitionedOutputOperator@6110,nitroExchangeInputDictionaryChannelPositions,0
[WARNING] [stderr] 2026-08-09T00:49:17.249-0600	INFO	ForkJoinPool-1-worker-1	stdout	operator_metric,nitro,14/TrinoNitroAggregationOperator@6110,nitroAggregationOutputNanos,41098
[WARNING] [stderr] 2026-08-09T00:49:17.249-0600	INFO	ForkJoinPool-1-worker-1	stdout	operator_metric,nitro,14/TrinoNitroAggregationOperator@6110,nitroAggregationPipelineNanos,2289281
[WARNING] [stderr] 2026-08-09T00:49:17.249-0600	INFO	ForkJoinPool-1-worker-1	stdout	operator_metric,nitro,14/TrinoNitroAggregationOperator@6110,nitroAggregationGroupingNanos,362525934
[WARNING] [stderr] 2026-08-09T00:49:17.249-0600	INFO	ForkJoinPool-1-worker-1	stdout	operator_metric,nitro,14/TrinoNitroAggregationOperator@6110,nitroAggregationAccumulationNanos,756979496
[WARNING] [stderr] 2026-08-09T00:49:17.249-0600	INFO	ForkJoinPool-1-worker-1	stdout	operator_metric,nitro,14/TrinoNitroAggregationOperator@6110,nitroBoundaryNativeEgressDictionaryChannelPositions,0
[WARNING] [stderr] 2026-08-09T00:49:17.249-0600	INFO	ForkJoinPool-1-worker-1	stdout	operator_metric,nitro,14/TrinoNitroAggregationOperator@6110,nitroAggregationFusedNanos,0
[WARNING] [stderr] 2026-08-09T00:49:17.249-0600	INFO	ForkJoinPool-1-worker-1	stdout	operator_metric,nitro,14/TrinoNitroAggregationOperator@6110,nitroBoundaryPageEgressBytes,16811762
[WARNING] [stderr] 2026-08-09T00:49:17.249-0600	INFO	ForkJoinPool-1-worker-1	stdout	operator_metric,nitro,14/TrinoNitroAggregationOperator@6110,nitroAggregationFlushNanos,0
[WARNING] [stderr] 2026-08-09T00:49:17.249-0600	INFO	ForkJoinPool-1-worker-1	stdout	operator_metric,nitro,14/TrinoNitroAggregationOperator@6110,nitroBoundaryPageEgressPositions,764171
[WARNING] [stderr] 2026-08-09T00:49:17.249-0600	INFO	ForkJoinPool-1-worker-1	stdout	operator_metric,nitro,14/TrinoNitroAggregationOperator@6110,nitroBoundaryPageIngressBytes,371794862
[WARNING] [stderr] 2026-08-09T00:49:17.249-0600	INFO	ForkJoinPool-1-worker-1	stdout	operator_metric,nitro,14/TrinoNitroAggregationOperator@6110,nitroBoundaryPageIngressPositions,16164994
[WARNING] [stderr] 2026-08-09T00:49:17.249-0600	INFO	ForkJoinPool-1-worker-1	stdout	operator_metric,nitro,14/TrinoNitroAggregationOperator@6110,nitroBoundaryPageIngressDictionaryChannelPositions,0
[WARNING] [stderr] 2026-08-09T00:49:17.249-0600	INFO	ForkJoinPool-1-worker-1	stdout	operator_metric,nitro,14/TrinoNitroAggregationOperator@6110,nitroAggregationInputNanos,1130199895
[WARNING] [stderr] 2026-08-09T00:49:17.249-0600	INFO	ForkJoinPool-1-worker-1	stdout	operator_metric,nitro,14/TrinoNitroAggregationOperator@6110,nitroBoundaryPageEgressDictionaryChannelPositions,0
[WARNING] [stderr] 2026-08-09T00:49:17.249-0600	INFO	ForkJoinPool-1-worker-1	stdout	operator_metric,nitro,14/TrinoNitroAggregationOperator@6110,nitroAggregationInitialAggregationNanos,0
[WARNING] [stderr] 2026-08-09T00:49:17.249-0600	INFO	ForkJoinPool-1-worker-1	stdout	operator_metric,nitro,14/TrinoNitroAggregationOperator@6110,nitroBoundaryPageEgressRunLengthChannelPositions,0
[WARNING] [stderr] 2026-08-09T00:49:17.249-0600	INFO	ForkJoinPool-1-worker-1	stdout	operator_metric,nitro,14/TrinoNitroAggregationOperator@6110,nitroBoundaryPageIngressRunLengthChannelPositions,0
[WARNING] [stderr] 2026-08-09T00:49:17.249-0600	INFO	ForkJoinPool-1-worker-1	stdout	operator_metric,nitro,14/TrinoNitroAggregationOperator@6110,nitroAggregationInitialFlatKeyNanos,0
[WARNING] [stderr] 2026-08-09T00:49:17.249-0600	INFO	ForkJoinPool-1-worker-1	stdout	operator_metric,nitro,14/TrinoNitroAggregationOperator@6110,nitroBoundaryNativeEgressFlatChannelPositions,1528342
[WARNING] [stderr] 2026-08-09T00:49:17.249-0600	INFO	ForkJoinPool-1-worker-1	stdout	operator_metric,nitro,14/TrinoNitroAggregationOperator@6110,nitroAggregationStatePreparationNanos,7256807
[WARNING] [stderr] 2026-08-09T00:49:17.249-0600	INFO	ForkJoinPool-1-worker-1	stdout	operator_metric,nitro,14/TrinoNitroAggregationOperator@6110,nitroBoundaryNativeEgressRunLengthChannelPositions,0
[WARNING] [stderr] 2026-08-09T00:49:17.249-0600	INFO	ForkJoinPool-1-worker-1	stdout	operator_metric,nitro,14/TrinoNitroAggregationOperator@6110,nitroBoundaryPageIngressFlatChannelPositions,48494982
[WARNING] [stderr] 2026-08-09T00:49:17.249-0600	INFO	ForkJoinPool-1-worker-1	stdout	operator_metric,nitro,14/TrinoNitroAggregationOperator@6110,nitroBoundaryPageEgressFlatChannelPositions,1528342
[WARNING] [stderr] 2026-08-09T00:49:17.249-0600	INFO	ForkJoinPool-1-worker-1	stdout	operator_metric,nitro,14/TrinoNitroAggregationOperator@6110,nitroBoundaryPageEgressPages,2
[WARNING] [stderr] 2026-08-09T00:49:17.249-0600	INFO	ForkJoinPool-1-worker-1	stdout	operator_metric,nitro,14/TrinoNitroAggregationOperator@6110,nitroBoundaryPageIngressPages,1878
[WARNING] [stderr] 2026-08-09T00:49:17.249-0600	INFO	ForkJoinPool-1-worker-1	stdout	operator_metric,nitro,14/TrinoNitroAggregationOperator@6110,nitroAggregationInitialKeyNanos,0
[WARNING] [stderr] 2026-08-09T00:49:17.249-0600	INFO	ForkJoinPool-1-worker-1	stdout	operator_metric,nitro,14/TrinoNitroAggregationOperator@6110,nitroAggregationInitialEncodedKeyNanos,0
[WARNING] [stderr] 2026-08-09T00:49:17.250-0600	INFO	ForkJoinPool-1-worker-1	stdout	operator_metric,nitro,14/TrinoNitroHashJoinOperator@40,nitroBoundaryPageEgressPages,1878
[WARNING] [stderr] 2026-08-09T00:49:17.250-0600	INFO	ForkJoinPool-1-worker-1	stdout	operator_metric,nitro,14/TrinoNitroHashJoinOperator@40,nitroBoundaryPageIngressFlatChannelPositions,64659976
[WARNING] [stderr] 2026-08-09T00:49:17.250-0600	INFO	ForkJoinPool-1-worker-1	stdout	operator_metric,nitro,14/TrinoNitroHashJoinOperator@40,nitroBoundaryPageEgressRunLengthChannelPositions,0
[WARNING] [stderr] 2026-08-09T00:49:17.250-0600	INFO	ForkJoinPool-1-worker-1	stdout	operator_metric,nitro,14/TrinoNitroHashJoinOperator@40,nitroBoundaryNativeEgressFlatChannelPositions,48494982
[WARNING] [stderr] 2026-08-09T00:49:17.250-0600	INFO	ForkJoinPool-1-worker-1	stdout	operator_metric,nitro,14/TrinoNitroHashJoinOperator@40,nitroBoundaryNativeEgressRunLengthChannelPositions,0
[WARNING] [stderr] 2026-08-09T00:49:17.250-0600	INFO	ForkJoinPool-1-worker-1	stdout	operator_metric,nitro,14/TrinoNitroHashJoinOperator@40,nitroBoundaryPageEgressDictionaryChannelPositions,0
[WARNING] [stderr] 2026-08-09T00:49:17.250-0600	INFO	ForkJoinPool-1-worker-1	stdout	operator_metric,nitro,14/TrinoNitroHashJoinOperator@40,nitroBoundaryPageEgressBytes,371794862
[WARNING] [stderr] 2026-08-09T00:49:17.250-0600	INFO	ForkJoinPool-1-worker-1	stdout	operator_metric,nitro,14/TrinoNitroHashJoinOperator@40,nitroBoundaryPageIngressPages,471
[WARNING] [stderr] 2026-08-09T00:49:17.250-0600	INFO	ForkJoinPool-1-worker-1	stdout	operator_metric,nitro,14/TrinoNitroHashJoinOperator@40,nitroBoundaryPageIngressPositions,16164994
[WARNING] [stderr] 2026-08-09T00:49:17.250-0600	INFO	ForkJoinPool-1-worker-1	stdout	operator_metric,nitro,14/TrinoNitroHashJoinOperator@40,nitroBoundaryPageIngressRunLengthChannelPositions,0
[WARNING] [stderr] 2026-08-09T00:49:17.250-0600	INFO	ForkJoinPool-1-worker-1	stdout	operator_metric,nitro,14/TrinoNitroHashJoinOperator@40,nitroBoundaryNativeEgressDictionaryChannelPositions,0
[WARNING] [stderr] 2026-08-09T00:49:17.250-0600	INFO	ForkJoinPool-1-worker-1	stdout	operator_metric,nitro,14/TrinoNitroHashJoinOperator@40,nitroBoundaryPageEgressFlatChannelPositions,48494982
[WARNING] [stderr] 2026-08-09T00:49:17.250-0600	INFO	ForkJoinPool-1-worker-1	stdout	operator_metric,nitro,14/TrinoNitroHashJoinOperator@40,nitroBoundaryPageEgressPositions,16164994
[WARNING] [stderr] 2026-08-09T00:49:17.250-0600	INFO	ForkJoinPool-1-worker-1	stdout	operator_metric,nitro,14/TrinoNitroHashJoinOperator@40,nitroBoundaryPageIngressBytes,517279808
[WARNING] [stderr] 2026-08-09T00:49:17.250-0600	INFO	ForkJoinPool-1-worker-1	stdout	operator_metric,nitro,14/TrinoNitroHashJoinOperator@40,nitroBoundaryPageIngressDictionaryChannelPositions,0
[WARNING] [stderr] 2026-08-09T00:49:17.250-0600	INFO	ForkJoinPool-1-worker-1	stdout	operator_metric,nitro,22/TrinoNitroPipelineSourceOperator@5075,nitroAllocatorAllocatedBytes,26240000
[WARNING] [stderr] 2026-08-09T00:49:17.250-0600	INFO	ForkJoinPool-1-worker-1	stdout	operator_metric,nitro,22/TrinoNitroPipelineSourceOperator@5075,nitroBoundaryNativeExchangeMaximumBatchBytes,6560000
[WARNING] [stderr] 2026-08-09T00:49:17.250-0600	INFO	ForkJoinPool-1-worker-1	stdout	operator_metric,nitro,22/TrinoNitroPipelineSourceOperator@5075,nitroAllocatorAllocatedVectorBytes,26240000
[WARNING] [stderr] 2026-08-09T00:49:17.250-0600	INFO	ForkJoinPool-1-worker-1	stdout	operator_metric,nitro,22/TrinoNitroPipelineSourceOperator@5075,nitroAllocatorAllocatedVectorBytes.I32Vector,2560000
[WARNING] [stderr] 2026-08-09T00:49:17.250-0600	INFO	ForkJoinPool-1-worker-1	stdout	operator_metric,nitro,22/TrinoNitroPipelineSourceOperator@5075,nitroAllocatorAllocatedVectorBytes.BooleanVector,3200000
[WARNING] [stderr] 2026-08-09T00:49:17.250-0600	INFO	ForkJoinPool-1-worker-1	stdout	operator_metric,nitro,22/TrinoNitroPipelineSourceOperator@5075,nitroAllocatorAllocatedVectorBytes.I64Vector,20480000
[WARNING] [stderr] 2026-08-09T00:49:17.250-0600	INFO	ForkJoinPool-1-worker-1	stdout	operator_metric,nitro,22/TrinoNitroPipelineSourceOperator@5075,nitroBoundaryNativeExchangeBytes,26240000
[WARNING] [stderr] 2026-08-09T00:49:17.250-0600	INFO	ForkJoinPool-1-worker-1	stdout	operator_metric,nitro,22/TrinoNitroPipelineSourceOperator@5075,nitroBoundaryNativeExchangePositions,64097
[WARNING] [stderr] 2026-08-09T00:49:17.250-0600	INFO	ForkJoinPool-1-worker-1	stdout	operator_metric,nitro,22/TrinoNitroPipelineSourceOperator@5075,nitroBoundaryNativeExchangeBatches,16
[WARNING] [stderr] 2026-08-09T00:49:17.250-0600	INFO	ForkJoinPool-1-worker-1	stdout	operator_metric,nitro,22/TrinoNitroPipelineSourceOperator@5075,nitroAllocatorAllocatedBytes.NitroParquetBatchSource,26240000
[WARNING] [stderr] 2026-08-09T00:49:17.250-0600	INFO	ForkJoinPool-1-worker-1	stdout	operator_metric,nitro,22/TrinoNitroPipelineSourceOperator@5075,nitroAllocatorAllocatedBytes.trino-native-source-ingress,0
[WARNING] [stderr] 2026-08-09T00:49:17.250-0600	INFO	ForkJoinPool-1-worker-1	stdout	operator_metric,nitro,23/TrinoNitroPipelineSourceOperator@2331,nitroAllocatorAllocatedVectorBytes.I32Vector,320000
[WARNING] [stderr] 2026-08-09T00:49:17.250-0600	INFO	ForkJoinPool-1-worker-1	stdout	operator_metric,nitro,23/TrinoNitroPipelineSourceOperator@2331,nitroAllocatorAllocatedBytes.PlanEvaluator,24
[WARNING] [stderr] 2026-08-09T00:49:17.250-0600	INFO	ForkJoinPool-1-worker-1	stdout	operator_metric,nitro,23/TrinoNitroPipelineSourceOperator@2331,nitroBoundaryNativeExchangeBytes,360000
[WARNING] [stderr] 2026-08-09T00:49:17.250-0600	INFO	ForkJoinPool-1-worker-1	stdout	operator_metric,nitro,23/TrinoNitroPipelineSourceOperator@2331,nitroAllocatorAllocatedVectorBytes.I64Vector,320016
[WARNING] [stderr] 2026-08-09T00:49:17.250-0600	INFO	ForkJoinPool-1-worker-1	stdout	operator_metric,nitro,23/TrinoNitroPipelineSourceOperator@2331,nitroAllocatorAllocatedVectorBytes.BooleanVector,120000
[WARNING] [stderr] 2026-08-09T00:49:17.250-0600	INFO	ForkJoinPool-1-worker-1	stdout	operator_metric,nitro,23/TrinoNitroPipelineSourceOperator@2331,nitroAllocatorAllocatedBytes.NitroParquetBatchSource,760000
[WARNING] [stderr] 2026-08-09T00:49:17.250-0600	INFO	ForkJoinPool-1-worker-1	stdout	operator_metric,nitro,23/TrinoNitroPipelineSourceOperator@2331,nitroAllocatorAllocatedBytes.FilterOperator,0
[WARNING] [stderr] 2026-08-09T00:49:17.250-0600	INFO	ForkJoinPool-1-worker-1	stdout	operator_metric,nitro,23/TrinoNitroPipelineSourceOperator@2331,nitroAllocatorAllocatedVectorBytes,760024
[WARNING] [stderr] 2026-08-09T00:49:17.250-0600	INFO	ForkJoinPool-1-worker-1	stdout	operator_metric,nitro,23/TrinoNitroPipelineSourceOperator@2331,nitroAllocatorAllocatedBytes.ProjectOperator,0
[WARNING] [stderr] 2026-08-09T00:49:17.250-0600	INFO	ForkJoinPool-1-worker-1	stdout	operator_metric,nitro,23/TrinoNitroPipelineSourceOperator@2331,nitroAllocatorAllocatedVectorBytes.RleVector,8
[WARNING] [stderr] 2026-08-09T00:49:17.250-0600	INFO	ForkJoinPool-1-worker-1	stdout	operator_metric,nitro,23/TrinoNitroPipelineSourceOperator@2331,nitroBoundaryNativeExchangeBatches,1
[WARNING] [stderr] 2026-08-09T00:49:17.250-0600	INFO	ForkJoinPool-1-worker-1	stdout	operator_metric,nitro,23/TrinoNitroPipelineSourceOperator@2331,nitroAllocatorAllocatedBytes.trino-native-source-ingress,0
[WARNING] [stderr] 2026-08-09T00:49:17.250-0600	INFO	ForkJoinPool-1-worker-1	stdout	operator_metric,nitro,23/TrinoNitroPipelineSourceOperator@2331,nitroAllocatorAllocatedBytes,760024
[WARNING] [stderr] 2026-08-09T00:49:17.250-0600	INFO	ForkJoinPool-1-worker-1	stdout	operator_metric,nitro,23/TrinoNitroPipelineSourceOperator@2331,nitroBoundaryNativeExchangePositions,29
[WARNING] [stderr] 2026-08-09T00:49:17.250-0600	INFO	ForkJoinPool-1-worker-1	stdout	operator_metric,nitro,23/TrinoNitroPipelineSourceOperator@2331,nitroBoundaryNativeExchangeMaximumBatchBytes,360000
[WARNING] [stderr] 2026-08-09T00:49:17.250-0600	INFO	ForkJoinPool-1-worker-1	stdout	operator_metric,nitro,25/TrinoNitroPipelineSourceOperator@5082,nitroBoundaryNativeExchangePositions,16554780
[WARNING] [stderr] 2026-08-09T00:49:17.250-0600	INFO	ForkJoinPool-1-worker-1	stdout	operator_metric,nitro,25/TrinoNitroPipelineSourceOperator@5082,nitroAllocatorAllocatedVectorBytes.I64Vector,1063680000
[WARNING] [stderr] 2026-08-09T00:49:17.250-0600	INFO	ForkJoinPool-1-worker-1	stdout	operator_metric,nitro,25/TrinoNitroPipelineSourceOperator@5082,nitroBoundaryNativeExchangeBytes,1196640000
[WARNING] [stderr] 2026-08-09T00:49:17.250-0600	INFO	ForkJoinPool-1-worker-1	stdout	operator_metric,nitro,25/TrinoNitroPipelineSourceOperator@5082,nitroBoundaryNativeExchangeBatches,1662
[WARNING] [stderr] 2026-08-09T00:49:17.250-0600	INFO	ForkJoinPool-1-worker-1	stdout	operator_metric,nitro,25/TrinoNitroPipelineSourceOperator@5082,nitroAllocatorAllocatedVectorBytes,1196640000
[WARNING] [stderr] 2026-08-09T00:49:17.250-0600	INFO	ForkJoinPool-1-worker-1	stdout	operator_metric,nitro,25/TrinoNitroPipelineSourceOperator@5082,nitroBoundaryNativeExchangeMaximumBatchBytes,8640000
[WARNING] [stderr] 2026-08-09T00:49:17.250-0600	INFO	ForkJoinPool-1-worker-1	stdout	operator_metric,nitro,25/TrinoNitroPipelineSourceOperator@5082,nitroAllocatorAllocatedVectorBytes.BooleanVector,132960000
[WARNING] [stderr] 2026-08-09T00:49:17.250-0600	INFO	ForkJoinPool-1-worker-1	stdout	operator_metric,nitro,25/TrinoNitroPipelineSourceOperator@5082,nitroAllocatorAllocatedBytes.trino-native-source-ingress,0
[WARNING] [stderr] 2026-08-09T00:49:17.250-0600	INFO	ForkJoinPool-1-worker-1	stdout	operator_metric,nitro,25/TrinoNitroPipelineSourceOperator@5082,nitroAllocatorAllocatedBytes,1196640000
[WARNING] [stderr] 2026-08-09T00:49:17.250-0600	INFO	ForkJoinPool-1-worker-1	stdout	operator_metric,nitro,25/TrinoNitroPipelineSourceOperator@5082,nitroAllocatorAllocatedBytes.NitroParquetBatchSource,1196640000
[WARNING] [stderr] 2026-08-09T00:49:17.250-0600	INFO	ForkJoinPool-1-worker-1	stdout	operator_metric,nitro,26/TrinoNitroPipelineSourceOperator@2365,nitroAllocatorAllocatedBytes.trino-native-source-ingress,0
[WARNING] [stderr] 2026-08-09T00:49:17.250-0600	INFO	ForkJoinPool-1-worker-1	stdout	operator_metric,nitro,26/TrinoNitroPipelineSourceOperator@2365,nitroAllocatorAllocatedVectorBytes,760000
[WARNING] [stderr] 2026-08-09T00:49:17.250-0600	INFO	ForkJoinPool-1-worker-1	stdout	operator_metric,nitro,26/TrinoNitroPipelineSourceOperator@2365,nitroAllocatorAllocatedBytes.FilterOperator,0
[WARNING] [stderr] 2026-08-09T00:49:17.250-0600	INFO	ForkJoinPool-1-worker-1	stdout	operator_metric,nitro,26/TrinoNitroPipelineSourceOperator@2365,nitroAllocatorAllocatedBytes.ProjectOperator,0
[WARNING] [stderr] 2026-08-09T00:49:17.250-0600	INFO	ForkJoinPool-1-worker-1	stdout	operator_metric,nitro,26/TrinoNitroPipelineSourceOperator@2365,nitroAllocatorAllocatedVectorBytes.I32Vector,320000
[WARNING] [stderr] 2026-08-09T00:49:17.250-0600	INFO	ForkJoinPool-1-worker-1	stdout	operator_metric,nitro,26/TrinoNitroPipelineSourceOperator@2365,nitroAllocatorAllocatedBytes.NitroParquetBatchSource,760000
[WARNING] [stderr] 2026-08-09T00:49:17.250-0600	INFO	ForkJoinPool-1-worker-1	stdout	operator_metric,nitro,26/TrinoNitroPipelineSourceOperator@2365,nitroBoundaryNativeExchangePositions,1461
[WARNING] [stderr] 2026-08-09T00:49:17.250-0600	INFO	ForkJoinPool-1-worker-1	stdout	operator_metric,nitro,26/TrinoNitroPipelineSourceOperator@2365,nitroBoundaryNativeExchangeBytes,560000
[WARNING] [stderr] 2026-08-09T00:49:17.250-0600	INFO	ForkJoinPool-1-worker-1	stdout	operator_metric,nitro,26/TrinoNitroPipelineSourceOperator@2365,nitroBoundaryNativeExchangeMaximumBatchBytes,560000
[WARNING] [stderr] 2026-08-09T00:49:17.250-0600	INFO	ForkJoinPool-1-worker-1	stdout	operator_metric,nitro,26/TrinoNitroPipelineSourceOperator@2365,nitroAllocatorAllocatedBytes,760000
[WARNING] [stderr] 2026-08-09T00:49:17.250-0600	INFO	ForkJoinPool-1-worker-1	stdout	operator_metric,nitro,26/TrinoNitroPipelineSourceOperator@2365,nitroAllocatorAllocatedVectorBytes.I64Vector,320000
[WARNING] [stderr] 2026-08-09T00:49:17.250-0600	INFO	ForkJoinPool-1-worker-1	stdout	operator_metric,nitro,26/TrinoNitroPipelineSourceOperator@2365,nitroAllocatorAllocatedVectorBytes.BooleanVector,120000
[WARNING] [stderr] 2026-08-09T00:49:17.250-0600	INFO	ForkJoinPool-1-worker-1	stdout	operator_metric,nitro,26/TrinoNitroPipelineSourceOperator@2365,nitroBoundaryNativeExchangeBatches,1
[WARNING] [stderr] 2026-08-09T00:49:17.250-0600	INFO	ForkJoinPool-1-worker-1	stdout	operator_metric,nitro,32/PartitionedOutputOperator@6168,nitroExchangeInputPages,2
[WARNING] [stderr] 2026-08-09T00:49:17.250-0600	INFO	ForkJoinPool-1-worker-1	stdout	operator_metric,nitro,32/PartitionedOutputOperator@6168,nitroExchangeInputRunLengthChannelPositions,0
[WARNING] [stderr] 2026-08-09T00:49:17.250-0600	INFO	ForkJoinPool-1-worker-1	stdout	operator_metric,nitro,32/PartitionedOutputOperator@6168,nitroExchangeInputPositions,764171
[WARNING] [stderr] 2026-08-09T00:49:17.250-0600	INFO	ForkJoinPool-1-worker-1	stdout	operator_metric,nitro,32/PartitionedOutputOperator@6168,nitroExchangeDictionaryUnsupportedPositions,0
[WARNING] [stderr] 2026-08-09T00:49:17.250-0600	INFO	ForkJoinPool-1-worker-1	stdout	operator_metric,nitro,32/PartitionedOutputOperator@6168,nitroExchangeLowDictionaryReusePositions,0
[WARNING] [stderr] 2026-08-09T00:49:17.250-0600	INFO	ForkJoinPool-1-worker-1	stdout	operator_metric,nitro,32/PartitionedOutputOperator@6168,nitroExchangeSmallPagePositions,0
[WARNING] [stderr] 2026-08-09T00:49:17.250-0600	INFO	ForkJoinPool-1-worker-1	stdout	operator_metric,nitro,32/PartitionedOutputOperator@6168,nitroExchangeNoDictionaryPositions,764171
[WARNING] [stderr] 2026-08-09T00:49:17.250-0600	INFO	ForkJoinPool-1-worker-1	stdout	operator_metric,nitro,32/PartitionedOutputOperator@6168,nitroExchangePreservedPositions,0
[WARNING] [stderr] 2026-08-09T00:49:17.250-0600	INFO	ForkJoinPool-1-worker-1	stdout	operator_metric,nitro,32/PartitionedOutputOperator@6168,nitroExchangeRunLengthUnsupportedPositions,0
[WARNING] [stderr] 2026-08-09T00:49:17.250-0600	INFO	ForkJoinPool-1-worker-1	stdout	operator_metric,nitro,32/PartitionedOutputOperator@6168,nitroExchangeInputFlatChannelPositions,1528342
[WARNING] [stderr] 2026-08-09T00:49:17.250-0600	INFO	ForkJoinPool-1-worker-1	stdout	operator_metric,nitro,32/PartitionedOutputOperator@6168,nitroExchangeInputDictionaryChannelPositions,0
[WARNING] [stderr] 2026-08-09T00:49:17.250-0600	INFO	ForkJoinPool-1-worker-1	stdout	operator_metric,nitro,32/TrinoNitroAggregationOperator@6168,nitroAggregationOutputNanos,37139
[WARNING] [stderr] 2026-08-09T00:49:17.250-0600	INFO	ForkJoinPool-1-worker-1	stdout	operator_metric,nitro,32/TrinoNitroAggregationOperator@6168,nitroAggregationPipelineNanos,3720475
[WARNING] [stderr] 2026-08-09T00:49:17.250-0600	INFO	ForkJoinPool-1-worker-1	stdout	operator_metric,nitro,32/TrinoNitroAggregationOperator@6168,nitroAggregationGroupingNanos,227725365
[WARNING] [stderr] 2026-08-09T00:49:17.250-0600	INFO	ForkJoinPool-1-worker-1	stdout	operator_metric,nitro,32/TrinoNitroAggregationOperator@6168,nitroAggregationAccumulationNanos,752104891
[WARNING] [stderr] 2026-08-09T00:49:17.250-0600	INFO	ForkJoinPool-1-worker-1	stdout	operator_metric,nitro,32/TrinoNitroAggregationOperator@6168,nitroBoundaryNativeEgressDictionaryChannelPositions,0
[WARNING] [stderr] 2026-08-09T00:49:17.250-0600	INFO	ForkJoinPool-1-worker-1	stdout	operator_metric,nitro,32/TrinoNitroAggregationOperator@6168,nitroAggregationFusedNanos,0
[WARNING] [stderr] 2026-08-09T00:49:17.250-0600	INFO	ForkJoinPool-1-worker-1	stdout	operator_metric,nitro,32/TrinoNitroAggregationOperator@6168,nitroBoundaryPageEgressBytes,16811762
[WARNING] [stderr] 2026-08-09T00:49:17.250-0600	INFO	ForkJoinPool-1-worker-1	stdout	operator_metric,nitro,32/TrinoNitroAggregationOperator@6168,nitroAggregationFlushNanos,0
[WARNING] [stderr] 2026-08-09T00:49:17.250-0600	INFO	ForkJoinPool-1-worker-1	stdout	operator_metric,nitro,32/TrinoNitroAggregationOperator@6168,nitroBoundaryPageEgressPositions,764171
[WARNING] [stderr] 2026-08-09T00:49:17.250-0600	INFO	ForkJoinPool-1-worker-1	stdout	operator_metric,nitro,32/TrinoNitroAggregationOperator@6168,nitroBoundaryPageIngressBytes,371794862
[WARNING] [stderr] 2026-08-09T00:49:17.250-0600	INFO	ForkJoinPool-1-worker-1	stdout	operator_metric,nitro,32/TrinoNitroAggregationOperator@6168,nitroBoundaryPageIngressPositions,16164994
[WARNING] [stderr] 2026-08-09T00:49:17.250-0600	INFO	ForkJoinPool-1-worker-1	stdout	operator_metric,nitro,32/TrinoNitroAggregationOperator@6168,nitroBoundaryPageIngressDictionaryChannelPositions,0
[WARNING] [stderr] 2026-08-09T00:49:17.250-0600	INFO	ForkJoinPool-1-worker-1	stdout	operator_metric,nitro,32/TrinoNitroAggregationOperator@6168,nitroAggregationInputNanos,992084424
[WARNING] [stderr] 2026-08-09T00:49:17.250-0600	INFO	ForkJoinPool-1-worker-1	stdout	operator_metric,nitro,32/TrinoNitroAggregationOperator@6168,nitroBoundaryPageEgressDictionaryChannelPositions,0
[WARNING] [stderr] 2026-08-09T00:49:17.250-0600	INFO	ForkJoinPool-1-worker-1	stdout	operator_metric,nitro,32/TrinoNitroAggregationOperator@6168,nitroAggregationInitialAggregationNanos,0
[WARNING] [stderr] 2026-08-09T00:49:17.250-0600	INFO	ForkJoinPool-1-worker-1	stdout	operator_metric,nitro,32/TrinoNitroAggregationOperator@6168,nitroBoundaryPageEgressRunLengthChannelPositions,0
[WARNING] [stderr] 2026-08-09T00:49:17.250-0600	INFO	ForkJoinPool-1-worker-1	stdout	operator_metric,nitro,32/TrinoNitroAggregationOperator@6168,nitroBoundaryPageIngressRunLengthChannelPositions,0
[WARNING] [stderr] 2026-08-09T00:49:17.250-0600	INFO	ForkJoinPool-1-worker-1	stdout	operator_metric,nitro,32/TrinoNitroAggregationOperator@6168,nitroAggregationInitialFlatKeyNanos,0
[WARNING] [stderr] 2026-08-09T00:49:17.250-0600	INFO	ForkJoinPool-1-worker-1	stdout	operator_metric,nitro,32/TrinoNitroAggregationOperator@6168,nitroBoundaryNativeEgressFlatChannelPositions,1528342
[WARNING] [stderr] 2026-08-09T00:49:17.250-0600	INFO	ForkJoinPool-1-worker-1	stdout	operator_metric,nitro,32/TrinoNitroAggregationOperator@6168,nitroAggregationStatePreparationNanos,10422185
[WARNING] [stderr] 2026-08-09T00:49:17.250-0600	INFO	ForkJoinPool-1-worker-1	stdout	operator_metric,nitro,32/TrinoNitroAggregationOperator@6168,nitroBoundaryNativeEgressRunLengthChannelPositions,0
[WARNING] [stderr] 2026-08-09T00:49:17.250-0600	INFO	ForkJoinPool-1-worker-1	stdout	operator_metric,nitro,32/TrinoNitroAggregationOperator@6168,nitroBoundaryPageIngressFlatChannelPositions,48494982
[WARNING] [stderr] 2026-08-09T00:49:17.250-0600	INFO	ForkJoinPool-1-worker-1	stdout	operator_metric,nitro,32/TrinoNitroAggregationOperator@6168,nitroBoundaryPageEgressFlatChannelPositions,1528342
[WARNING] [stderr] 2026-08-09T00:49:17.250-0600	INFO	ForkJoinPool-1-worker-1	stdout	operator_metric,nitro,32/TrinoNitroAggregationOperator@6168,nitroBoundaryPageEgressPages,2
[WARNING] [stderr] 2026-08-09T00:49:17.250-0600	INFO	ForkJoinPool-1-worker-1	stdout	operator_metric,nitro,32/TrinoNitroAggregationOperator@6168,nitroBoundaryPageIngressPages,1882
[WARNING] [stderr] 2026-08-09T00:49:17.250-0600	INFO	ForkJoinPool-1-worker-1	stdout	operator_metric,nitro,32/TrinoNitroAggregationOperator@6168,nitroAggregationInitialKeyNanos,0
[WARNING] [stderr] 2026-08-09T00:49:17.250-0600	INFO	ForkJoinPool-1-worker-1	stdout	operator_metric,nitro,32/TrinoNitroAggregationOperator@6168,nitroAggregationInitialEncodedKeyNanos,0
[WARNING] [stderr] 2026-08-09T00:49:17.250-0600	INFO	ForkJoinPool-1-worker-1	stdout	operator_metric,nitro,32/TrinoNitroHashJoinOperator@124,nitroBoundaryPageEgressPages,1882
[WARNING] [stderr] 2026-08-09T00:49:17.250-0600	INFO	ForkJoinPool-1-worker-1	stdout	operator_metric,nitro,32/TrinoNitroHashJoinOperator@124,nitroBoundaryPageIngressFlatChannelPositions,64659976
[WARNING] [stderr] 2026-08-09T00:49:17.250-0600	INFO	ForkJoinPool-1-worker-1	stdout	operator_metric,nitro,32/TrinoNitroHashJoinOperator@124,nitroBoundaryPageEgressRunLengthChannelPositions,0
[WARNING] [stderr] 2026-08-09T00:49:17.250-0600	INFO	ForkJoinPool-1-worker-1	stdout	operator_metric,nitro,32/TrinoNitroHashJoinOperator@124,nitroBoundaryNativeEgressFlatChannelPositions,48494982
[WARNING] [stderr] 2026-08-09T00:49:17.250-0600	INFO	ForkJoinPool-1-worker-1	stdout	operator_metric,nitro,32/TrinoNitroHashJoinOperator@124,nitroBoundaryNativeEgressRunLengthChannelPositions,0
[WARNING] [stderr] 2026-08-09T00:49:17.250-0600	INFO	ForkJoinPool-1-worker-1	stdout	operator_metric,nitro,32/TrinoNitroHashJoinOperator@124,nitroBoundaryPageEgressDictionaryChannelPositions,0
[WARNING] [stderr] 2026-08-09T00:49:17.250-0600	INFO	ForkJoinPool-1-worker-1	stdout	operator_metric,nitro,32/TrinoNitroHashJoinOperator@124,nitroBoundaryPageEgressBytes,371794862
[WARNING] [stderr] 2026-08-09T00:49:17.250-0600	INFO	ForkJoinPool-1-worker-1	stdout	operator_metric,nitro,32/TrinoNitroHashJoinOperator@124,nitroBoundaryPageIngressPages,473
[WARNING] [stderr] 2026-08-09T00:49:17.250-0600	INFO	ForkJoinPool-1-worker-1	stdout	operator_metric,nitro,32/TrinoNitroHashJoinOperator@124,nitroBoundaryPageIngressPositions,16164994
[WARNING] [stderr] 2026-08-09T00:49:17.250-0600	INFO	ForkJoinPool-1-worker-1	stdout	operator_metric,nitro,32/TrinoNitroHashJoinOperator@124,nitroBoundaryPageIngressRunLengthChannelPositions,0
[WARNING] [stderr] 2026-08-09T00:49:17.250-0600	INFO	ForkJoinPool-1-worker-1	stdout	operator_metric,nitro,32/TrinoNitroHashJoinOperator@124,nitroBoundaryNativeEgressDictionaryChannelPositions,0
[WARNING] [stderr] 2026-08-09T00:49:17.250-0600	INFO	ForkJoinPool-1-worker-1	stdout	operator_metric,nitro,32/TrinoNitroHashJoinOperator@124,nitroBoundaryPageEgressFlatChannelPositions,48494982
[WARNING] [stderr] 2026-08-09T00:49:17.250-0600	INFO	ForkJoinPool-1-worker-1	stdout	operator_metric,nitro,32/TrinoNitroHashJoinOperator@124,nitroBoundaryPageEgressPositions,16164994
[WARNING] [stderr] 2026-08-09T00:49:17.250-0600	INFO	ForkJoinPool-1-worker-1	stdout	operator_metric,nitro,32/TrinoNitroHashJoinOperator@124,nitroBoundaryPageIngressBytes,517279808
[WARNING] [stderr] 2026-08-09T00:49:17.250-0600	INFO	ForkJoinPool-1-worker-1	stdout	operator_metric,nitro,32/TrinoNitroHashJoinOperator@124,nitroBoundaryPageIngressDictionaryChannelPositions,0
[WARNING] [stderr] 2026-08-09T00:49:17.250-0600	INFO	ForkJoinPool-1-worker-1	stdout	operator_metric,nitro,15/PartitionedOutputOperator@38,nitroExchangeInputPages,1888
[WARNING] [stderr] 2026-08-09T00:49:17.250-0600	INFO	ForkJoinPool-1-worker-1	stdout	operator_metric,nitro,15/PartitionedOutputOperator@38,nitroExchangeInputRunLengthChannelPositions,0
[WARNING] [stderr] 2026-08-09T00:49:17.250-0600	INFO	ForkJoinPool-1-worker-1	stdout	operator_metric,nitro,15/PartitionedOutputOperator@38,nitroExchangeInputPositions,16164994
[WARNING] [stderr] 2026-08-09T00:49:17.250-0600	INFO	ForkJoinPool-1-worker-1	stdout	operator_metric,nitro,15/PartitionedOutputOperator@38,nitroExchangeDictionaryUnsupportedPositions,0
[WARNING] [stderr] 2026-08-09T00:49:17.250-0600	INFO	ForkJoinPool-1-worker-1	stdout	operator_metric,nitro,15/PartitionedOutputOperator@38,nitroExchangeLowDictionaryReusePositions,0
[WARNING] [stderr] 2026-08-09T00:49:17.250-0600	INFO	ForkJoinPool-1-worker-1	stdout	operator_metric,nitro,15/PartitionedOutputOperator@38,nitroExchangeSmallPagePositions,2055062
[WARNING] [stderr] 2026-08-09T00:49:17.250-0600	INFO	ForkJoinPool-1-worker-1	stdout	operator_metric,nitro,15/PartitionedOutputOperator@38,nitroExchangeNoDictionaryPositions,14109932
[WARNING] [stderr] 2026-08-09T00:49:17.250-0600	INFO	ForkJoinPool-1-worker-1	stdout	operator_metric,nitro,15/PartitionedOutputOperator@38,nitroExchangePreservedPositions,0
[WARNING] [stderr] 2026-08-09T00:49:17.250-0600	INFO	ForkJoinPool-1-worker-1	stdout	operator_metric,nitro,15/PartitionedOutputOperator@38,nitroExchangeRunLengthUnsupportedPositions,0
[WARNING] [stderr] 2026-08-09T00:49:17.250-0600	INFO	ForkJoinPool-1-worker-1	stdout	operator_metric,nitro,15/PartitionedOutputOperator@38,nitroExchangeInputFlatChannelPositions,64659976
[WARNING] [stderr] 2026-08-09T00:49:17.250-0600	INFO	ForkJoinPool-1-worker-1	stdout	operator_metric,nitro,15/PartitionedOutputOperator@38,nitroExchangeInputDictionaryChannelPositions,0
[WARNING] [stderr] 2026-08-09T00:49:17.250-0600	INFO	ForkJoinPool-1-worker-1	stdout	operator_metric,nitro,15/TrinoNitroHashJoinOperator@38,nitroBoundaryPageEgressPages,1888
[WARNING] [stderr] 2026-08-09T00:49:17.250-0600	INFO	ForkJoinPool-1-worker-1	stdout	operator_metric,nitro,15/TrinoNitroHashJoinOperator@38,nitroBoundaryPageIngressFlatChannelPositions,66219120
[WARNING] [stderr] 2026-08-09T00:49:17.250-0600	INFO	ForkJoinPool-1-worker-1	stdout	operator_metric,nitro,15/TrinoNitroHashJoinOperator@38,nitroBoundaryPageEgressRunLengthChannelPositions,0
[WARNING] [stderr] 2026-08-09T00:49:17.250-0600	INFO	ForkJoinPool-1-worker-1	stdout	operator_metric,nitro,15/TrinoNitroHashJoinOperator@38,nitroBoundaryNativeEgressFlatChannelPositions,64659976
[WARNING] [stderr] 2026-08-09T00:49:17.250-0600	INFO	ForkJoinPool-1-worker-1	stdout	operator_metric,nitro,15/TrinoNitroHashJoinOperator@38,nitroBoundaryNativeEgressRunLengthChannelPositions,0
[WARNING] [stderr] 2026-08-09T00:49:17.250-0600	INFO	ForkJoinPool-1-worker-1	stdout	operator_metric,nitro,15/TrinoNitroHashJoinOperator@38,nitroBoundaryPageEgressDictionaryChannelPositions,0
[WARNING] [stderr] 2026-08-09T00:49:17.250-0600	INFO	ForkJoinPool-1-worker-1	stdout	operator_metric,nitro,15/TrinoNitroHashJoinOperator@38,nitroBoundaryPageEgressBytes,517279808
[WARNING] [stderr] 2026-08-09T00:49:17.250-0600	INFO	ForkJoinPool-1-worker-1	stdout	operator_metric,nitro,15/TrinoNitroHashJoinOperator@38,nitroBoundaryPageIngressPages,478
[WARNING] [stderr] 2026-08-09T00:49:17.250-0600	INFO	ForkJoinPool-1-worker-1	stdout	operator_metric,nitro,15/TrinoNitroHashJoinOperator@38,nitroBoundaryPageIngressPositions,16554780
[WARNING] [stderr] 2026-08-09T00:49:17.250-0600	INFO	ForkJoinPool-1-worker-1	stdout	operator_metric,nitro,15/TrinoNitroHashJoinOperator@38,nitroBoundaryPageIngressRunLengthChannelPositions,0
[WARNING] [stderr] 2026-08-09T00:49:17.250-0600	INFO	ForkJoinPool-1-worker-1	stdout	operator_metric,nitro,15/TrinoNitroHashJoinOperator@38,nitroBoundaryNativeEgressDictionaryChannelPositions,0
[WARNING] [stderr] 2026-08-09T00:49:17.250-0600	INFO	ForkJoinPool-1-worker-1	stdout	operator_metric,nitro,15/TrinoNitroHashJoinOperator@38,nitroBoundaryPageEgressFlatChannelPositions,64659976
[WARNING] [stderr] 2026-08-09T00:49:17.250-0600	INFO	ForkJoinPool-1-worker-1	stdout	operator_metric,nitro,15/TrinoNitroHashJoinOperator@38,nitroBoundaryPageEgressPositions,16164994
[WARNING] [stderr] 2026-08-09T00:49:17.250-0600	INFO	ForkJoinPool-1-worker-1	stdout	operator_metric,nitro,15/TrinoNitroHashJoinOperator@38,nitroBoundaryPageIngressBytes,529752960
[WARNING] [stderr] 2026-08-09T00:49:17.250-0600	INFO	ForkJoinPool-1-worker-1	stdout	operator_metric,nitro,15/TrinoNitroHashJoinOperator@38,nitroBoundaryPageIngressDictionaryChannelPositions,0
[WARNING] [stderr] 2026-08-09T00:49:17.250-0600	INFO	ForkJoinPool-1-worker-1	stdout	operator_metric,nitro,18/TrinoNitroPipelineSourceOperator@2281,nitroAllocatorAllocatedBytes.trino-native-source-ingress,0
[WARNING] [stderr] 2026-08-09T00:49:17.250-0600	INFO	ForkJoinPool-1-worker-1	stdout	operator_metric,nitro,18/TrinoNitroPipelineSourceOperator@2281,nitroAllocatorAllocatedVectorBytes,560000
[WARNING] [stderr] 2026-08-09T00:49:17.250-0600	INFO	ForkJoinPool-1-worker-1	stdout	operator_metric,nitro,18/TrinoNitroPipelineSourceOperator@2281,nitroAllocatorAllocatedBytes.FilterOperator,0
[WARNING] [stderr] 2026-08-09T00:49:17.250-0600	INFO	ForkJoinPool-1-worker-1	stdout	operator_metric,nitro,18/TrinoNitroPipelineSourceOperator@2281,nitroAllocatorAllocatedBytes.ProjectOperator,0
[WARNING] [stderr] 2026-08-09T00:49:17.250-0600	INFO	ForkJoinPool-1-worker-1	stdout	operator_metric,nitro,18/TrinoNitroPipelineSourceOperator@2281,nitroAllocatorAllocatedVectorBytes.I32Vector,160000
[WARNING] [stderr] 2026-08-09T00:49:17.250-0600	INFO	ForkJoinPool-1-worker-1	stdout	operator_metric,nitro,18/TrinoNitroPipelineSourceOperator@2281,nitroAllocatorAllocatedBytes.NitroParquetBatchSource,560000
[WARNING] [stderr] 2026-08-09T00:49:17.250-0600	INFO	ForkJoinPool-1-worker-1	stdout	operator_metric,nitro,18/TrinoNitroPipelineSourceOperator@2281,nitroBoundaryNativeExchangePositions,1461
[WARNING] [stderr] 2026-08-09T00:49:17.250-0600	INFO	ForkJoinPool-1-worker-1	stdout	operator_metric,nitro,18/TrinoNitroPipelineSourceOperator@2281,nitroBoundaryNativeExchangeBytes,360000
[WARNING] [stderr] 2026-08-09T00:49:17.250-0600	INFO	ForkJoinPool-1-worker-1	stdout	operator_metric,nitro,18/TrinoNitroPipelineSourceOperator@2281,nitroBoundaryNativeExchangeMaximumBatchBytes,360000
[WARNING] [stderr] 2026-08-09T00:49:17.250-0600	INFO	ForkJoinPool-1-worker-1	stdout	operator_metric,nitro,18/TrinoNitroPipelineSourceOperator@2281,nitroAllocatorAllocatedBytes,560000
[WARNING] [stderr] 2026-08-09T00:49:17.250-0600	INFO	ForkJoinPool-1-worker-1	stdout	operator_metric,nitro,18/TrinoNitroPipelineSourceOperator@2281,nitroAllocatorAllocatedVectorBytes.I64Vector,320000
[WARNING] [stderr] 2026-08-09T00:49:17.250-0600	INFO	ForkJoinPool-1-worker-1	stdout	operator_metric,nitro,18/TrinoNitroPipelineSourceOperator@2281,nitroAllocatorAllocatedVectorBytes.BooleanVector,80000
[WARNING] [stderr] 2026-08-09T00:49:17.250-0600	INFO	ForkJoinPool-1-worker-1	stdout	operator_metric,nitro,18/TrinoNitroPipelineSourceOperator@2281,nitroBoundaryNativeExchangeBatches,1
[WARNING] [stderr] 2026-08-09T00:49:17.250-0600	INFO	ForkJoinPool-1-worker-1	stdout	operator_metric,nitro,33/PartitionedOutputOperator@122,nitroExchangeInputPages,1888
[WARNING] [stderr] 2026-08-09T00:49:17.250-0600	INFO	ForkJoinPool-1-worker-1	stdout	operator_metric,nitro,33/PartitionedOutputOperator@122,nitroExchangeInputRunLengthChannelPositions,0
[WARNING] [stderr] 2026-08-09T00:49:17.250-0600	INFO	ForkJoinPool-1-worker-1	stdout	operator_metric,nitro,33/PartitionedOutputOperator@122,nitroExchangeInputPositions,16164994
[WARNING] [stderr] 2026-08-09T00:49:17.250-0600	INFO	ForkJoinPool-1-worker-1	stdout	operator_metric,nitro,33/PartitionedOutputOperator@122,nitroExchangeDictionaryUnsupportedPositions,0
[WARNING] [stderr] 2026-08-09T00:49:17.250-0600	INFO	ForkJoinPool-1-worker-1	stdout	operator_metric,nitro,33/PartitionedOutputOperator@122,nitroExchangeLowDictionaryReusePositions,0
[WARNING] [stderr] 2026-08-09T00:49:17.250-0600	INFO	ForkJoinPool-1-worker-1	stdout	operator_metric,nitro,33/PartitionedOutputOperator@122,nitroExchangeSmallPagePositions,2055062
[WARNING] [stderr] 2026-08-09T00:49:17.250-0600	INFO	ForkJoinPool-1-worker-1	stdout	operator_metric,nitro,33/PartitionedOutputOperator@122,nitroExchangeNoDictionaryPositions,14109932
[WARNING] [stderr] 2026-08-09T00:49:17.250-0600	INFO	ForkJoinPool-1-worker-1	stdout	operator_metric,nitro,33/PartitionedOutputOperator@122,nitroExchangePreservedPositions,0
[WARNING] [stderr] 2026-08-09T00:49:17.250-0600	INFO	ForkJoinPool-1-worker-1	stdout	operator_metric,nitro,33/PartitionedOutputOperator@122,nitroExchangeRunLengthUnsupportedPositions,0
[WARNING] [stderr] 2026-08-09T00:49:17.250-0600	INFO	ForkJoinPool-1-worker-1	stdout	operator_metric,nitro,33/PartitionedOutputOperator@122,nitroExchangeInputFlatChannelPositions,64659976
[WARNING] [stderr] 2026-08-09T00:49:17.250-0600	INFO	ForkJoinPool-1-worker-1	stdout	operator_metric,nitro,33/PartitionedOutputOperator@122,nitroExchangeInputDictionaryChannelPositions,0
[WARNING] [stderr] 2026-08-09T00:49:17.250-0600	INFO	ForkJoinPool-1-worker-1	stdout	operator_metric,nitro,33/TrinoNitroHashJoinOperator@122,nitroBoundaryPageEgressPages,1888
[WARNING] [stderr] 2026-08-09T00:49:17.250-0600	INFO	ForkJoinPool-1-worker-1	stdout	operator_metric,nitro,33/TrinoNitroHashJoinOperator@122,nitroBoundaryPageIngressFlatChannelPositions,66219120
[WARNING] [stderr] 2026-08-09T00:49:17.250-0600	INFO	ForkJoinPool-1-worker-1	stdout	operator_metric,nitro,33/TrinoNitroHashJoinOperator@122,nitroBoundaryPageEgressRunLengthChannelPositions,0
[WARNING] [stderr] 2026-08-09T00:49:17.250-0600	INFO	ForkJoinPool-1-worker-1	stdout	operator_metric,nitro,33/TrinoNitroHashJoinOperator@122,nitroBoundaryNativeEgressFlatChannelPositions,64659976
[WARNING] [stderr] 2026-08-09T00:49:17.250-0600	INFO	ForkJoinPool-1-worker-1	stdout	operator_metric,nitro,33/TrinoNitroHashJoinOperator@122,nitroBoundaryNativeEgressRunLengthChannelPositions,0
[WARNING] [stderr] 2026-08-09T00:49:17.250-0600	INFO	ForkJoinPool-1-worker-1	stdout	operator_metric,nitro,33/TrinoNitroHashJoinOperator@122,nitroBoundaryPageEgressDictionaryChannelPositions,0
[WARNING] [stderr] 2026-08-09T00:49:17.250-0600	INFO	ForkJoinPool-1-worker-1	stdout	operator_metric,nitro,33/TrinoNitroHashJoinOperator@122,nitroBoundaryPageEgressBytes,517279808
[WARNING] [stderr] 2026-08-09T00:49:17.250-0600	INFO	ForkJoinPool-1-worker-1	stdout	operator_metric,nitro,33/TrinoNitroHashJoinOperator@122,nitroBoundaryPageIngressPages,478
[WARNING] [stderr] 2026-08-09T00:49:17.250-0600	INFO	ForkJoinPool-1-worker-1	stdout	operator_metric,nitro,33/TrinoNitroHashJoinOperator@122,nitroBoundaryPageIngressPositions,16554780
[WARNING] [stderr] 2026-08-09T00:49:17.250-0600	INFO	ForkJoinPool-1-worker-1	stdout	operator_metric,nitro,33/TrinoNitroHashJoinOperator@122,nitroBoundaryPageIngressRunLengthChannelPositions,0
[WARNING] [stderr] 2026-08-09T00:49:17.250-0600	INFO	ForkJoinPool-1-worker-1	stdout	operator_metric,nitro,33/TrinoNitroHashJoinOperator@122,nitroBoundaryNativeEgressDictionaryChannelPositions,0
[WARNING] [stderr] 2026-08-09T00:49:17.250-0600	INFO	ForkJoinPool-1-worker-1	stdout	operator_metric,nitro,33/TrinoNitroHashJoinOperator@122,nitroBoundaryPageEgressFlatChannelPositions,64659976
[WARNING] [stderr] 2026-08-09T00:49:17.250-0600	INFO	ForkJoinPool-1-worker-1	stdout	operator_metric,nitro,33/TrinoNitroHashJoinOperator@122,nitroBoundaryPageEgressPositions,16164994
[WARNING] [stderr] 2026-08-09T00:49:17.250-0600	INFO	ForkJoinPool-1-worker-1	stdout	operator_metric,nitro,33/TrinoNitroHashJoinOperator@122,nitroBoundaryPageIngressBytes,529752960
[WARNING] [stderr] 2026-08-09T00:49:17.250-0600	INFO	ForkJoinPool-1-worker-1	stdout	operator_metric,nitro,33/TrinoNitroHashJoinOperator@122,nitroBoundaryPageIngressDictionaryChannelPositions,0
[WARNING] [stderr] 2026-08-09T00:49:17.250-0600	INFO	ForkJoinPool-1-worker-1	stdout	operator_metric,nitro,36/TrinoNitroPipelineSourceOperator@2386,nitroAllocatorAllocatedBytes.trino-native-source-ingress,0
[WARNING] [stderr] 2026-08-09T00:49:17.250-0600	INFO	ForkJoinPool-1-worker-1	stdout	operator_metric,nitro,36/TrinoNitroPipelineSourceOperator@2386,nitroAllocatorAllocatedVectorBytes,560000
[WARNING] [stderr] 2026-08-09T00:49:17.250-0600	INFO	ForkJoinPool-1-worker-1	stdout	operator_metric,nitro,36/TrinoNitroPipelineSourceOperator@2386,nitroAllocatorAllocatedBytes.FilterOperator,0
[WARNING] [stderr] 2026-08-09T00:49:17.250-0600	INFO	ForkJoinPool-1-worker-1	stdout	operator_metric,nitro,36/TrinoNitroPipelineSourceOperator@2386,nitroAllocatorAllocatedBytes.ProjectOperator,0
[WARNING] [stderr] 2026-08-09T00:49:17.250-0600	INFO	ForkJoinPool-1-worker-1	stdout	operator_metric,nitro,36/TrinoNitroPipelineSourceOperator@2386,nitroAllocatorAllocatedVectorBytes.I32Vector,160000
[WARNING] [stderr] 2026-08-09T00:49:17.250-0600	INFO	ForkJoinPool-1-worker-1	stdout	operator_metric,nitro,36/TrinoNitroPipelineSourceOperator@2386,nitroAllocatorAllocatedBytes.NitroParquetBatchSource,560000
[WARNING] [stderr] 2026-08-09T00:49:17.250-0600	INFO	ForkJoinPool-1-worker-1	stdout	operator_metric,nitro,36/TrinoNitroPipelineSourceOperator@2386,nitroBoundaryNativeExchangePositions,1461
[WARNING] [stderr] 2026-08-09T00:49:17.250-0600	INFO	ForkJoinPool-1-worker-1	stdout	operator_metric,nitro,36/TrinoNitroPipelineSourceOperator@2386,nitroBoundaryNativeExchangeBytes,360000
[WARNING] [stderr] 2026-08-09T00:49:17.250-0600	INFO	ForkJoinPool-1-worker-1	stdout	operator_metric,nitro,36/TrinoNitroPipelineSourceOperator@2386,nitroBoundaryNativeExchangeMaximumBatchBytes,360000
[WARNING] [stderr] 2026-08-09T00:49:17.250-0600	INFO	ForkJoinPool-1-worker-1	stdout	operator_metric,nitro,36/TrinoNitroPipelineSourceOperator@2386,nitroAllocatorAllocatedBytes,560000
[WARNING] [stderr] 2026-08-09T00:49:17.250-0600	INFO	ForkJoinPool-1-worker-1	stdout	operator_metric,nitro,36/TrinoNitroPipelineSourceOperator@2386,nitroAllocatorAllocatedVectorBytes.I64Vector,320000
[WARNING] [stderr] 2026-08-09T00:49:17.250-0600	INFO	ForkJoinPool-1-worker-1	stdout	operator_metric,nitro,36/TrinoNitroPipelineSourceOperator@2386,nitroAllocatorAllocatedVectorBytes.BooleanVector,80000
[WARNING] [stderr] 2026-08-09T00:49:17.250-0600	INFO	ForkJoinPool-1-worker-1	stdout	operator_metric,nitro,36/TrinoNitroPipelineSourceOperator@2386,nitroBoundaryNativeExchangeBatches,1
[WARNING] [stderr] 2026-08-09T00:49:17.250-0600	INFO	ForkJoinPool-1-worker-1	stdout	operator_metric,nitro,16/TrinoNitroPipelineSourceOperator@5059,nitroBoundaryNativeEgressFlatChannelPositions,60
[WARNING] [stderr] 2026-08-09T00:49:17.250-0600	INFO	ForkJoinPool-1-worker-1	stdout	operator_metric,nitro,16/TrinoNitroPipelineSourceOperator@5059,nitroAllocatorAllocatedVectorBytes.I64Vector,1632960000
[WARNING] [stderr] 2026-08-09T00:49:17.250-0600	INFO	ForkJoinPool-1-worker-1	stdout	operator_metric,nitro,16/TrinoNitroPipelineSourceOperator@5059,nitroAllocatorAllocatedBytes.NitroParquetBatchSource,2177280000
[WARNING] [stderr] 2026-08-09T00:49:17.251-0600	INFO	ForkJoinPool-1-worker-1	stdout	operator_metric,nitro,16/TrinoNitroPipelineSourceOperator@5059,nitroBoundaryNativeEgressDictionaryChannelPositions,0
[WARNING] [stderr] 2026-08-09T00:49:17.251-0600	INFO	ForkJoinPool-1-worker-1	stdout	operator_metric,nitro,16/TrinoNitroPipelineSourceOperator@5059,nitroBoundaryPageEgressPositions,15
[WARNING] [stderr] 2026-08-09T00:49:17.251-0600	INFO	ForkJoinPool-1-worker-1	stdout	operator_metric,nitro,16/TrinoNitroPipelineSourceOperator@5059,nitroBoundaryNativeExchangeBatches,1701
[WARNING] [stderr] 2026-08-09T00:49:17.251-0600	INFO	ForkJoinPool-1-worker-1	stdout	operator_metric,nitro,16/TrinoNitroPipelineSourceOperator@5059,nitroBoundaryNativeExchangeCaptureFallbackPositions,15
[WARNING] [stderr] 2026-08-09T00:49:17.251-0600	INFO	ForkJoinPool-1-worker-1	stdout	operator_metric,nitro,16/TrinoNitroPipelineSourceOperator@5059,nitroAllocatorAllocatedBytes.trino-native-source-ingress,0
[WARNING] [stderr] 2026-08-09T00:49:17.251-0600	INFO	ForkJoinPool-1-worker-1	stdout	operator_metric,nitro,16/TrinoNitroPipelineSourceOperator@5059,nitroBoundaryNativeExchangePositions,16554765
[WARNING] [stderr] 2026-08-09T00:49:17.251-0600	INFO	ForkJoinPool-1-worker-1	stdout	operator_metric,nitro,16/TrinoNitroPipelineSourceOperator@5059,nitroBoundaryPageEgressDictionaryChannelPositions,0
[WARNING] [stderr] 2026-08-09T00:49:17.251-0600	INFO	ForkJoinPool-1-worker-1	stdout	operator_metric,nitro,16/TrinoNitroPipelineSourceOperator@5059,nitroBoundaryPageEgressBytes,480
[WARNING] [stderr] 2026-08-09T00:49:17.251-0600	INFO	ForkJoinPool-1-worker-1	stdout	operator_metric,nitro,16/TrinoNitroPipelineSourceOperator@5059,nitroBoundaryNativeExchangeCaptureFallbackBatches,1
[WARNING] [stderr] 2026-08-09T00:49:17.251-0600	INFO	ForkJoinPool-1-worker-1	stdout	operator_metric,nitro,16/TrinoNitroPipelineSourceOperator@5059,nitroAllocatorAllocatedVectorBytes.BooleanVector,272160000
[WARNING] [stderr] 2026-08-09T00:49:17.251-0600	INFO	ForkJoinPool-1-worker-1	stdout	operator_metric,nitro,16/TrinoNitroPipelineSourceOperator@5059,nitroBoundaryNativeEgressRunLengthChannelPositions,0
[WARNING] [stderr] 2026-08-09T00:49:17.251-0600	INFO	ForkJoinPool-1-worker-1	stdout	operator_metric,nitro,16/TrinoNitroPipelineSourceOperator@5059,nitroAllocatorAllocatedBytes,2177280000
[WARNING] [stderr] 2026-08-09T00:49:17.251-0600	INFO	ForkJoinPool-1-worker-1	stdout	operator_metric,nitro,16/TrinoNitroPipelineSourceOperator@5059,nitroBoundaryPageEgressFlatChannelPositions,60
[WARNING] [stderr] 2026-08-09T00:49:17.251-0600	INFO	ForkJoinPool-1-worker-1	stdout	operator_metric,nitro,16/TrinoNitroPipelineSourceOperator@5059,nitroBoundaryPageEgressRunLengthChannelPositions,0
[WARNING] [stderr] 2026-08-09T00:49:17.251-0600	INFO	ForkJoinPool-1-worker-1	stdout	operator_metric,nitro,16/TrinoNitroPipelineSourceOperator@5059,nitroAllocatorAllocatedVectorBytes.I32Vector,272160000
[WARNING] [stderr] 2026-08-09T00:49:17.251-0600	INFO	ForkJoinPool-1-worker-1	stdout	operator_metric,nitro,16/TrinoNitroPipelineSourceOperator@5059,nitroBoundaryPageEgressPages,1
[WARNING] [stderr] 2026-08-09T00:49:17.251-0600	INFO	ForkJoinPool-1-worker-1	stdout	operator_metric,nitro,16/TrinoNitroPipelineSourceOperator@5059,nitroBoundaryNativeExchangeBytes,2177280000
[WARNING] [stderr] 2026-08-09T00:49:17.251-0600	INFO	ForkJoinPool-1-worker-1	stdout	operator_metric,nitro,16/TrinoNitroPipelineSourceOperator@5059,nitroBoundaryNativeExchangeMaximumBatchBytes,15360000
[WARNING] [stderr] 2026-08-09T00:49:17.251-0600	INFO	ForkJoinPool-1-worker-1	stdout	operator_metric,nitro,16/TrinoNitroPipelineSourceOperator@5059,nitroAllocatorAllocatedVectorBytes,2177280000
[WARNING] [stderr] 2026-08-09T00:49:17.251-0600	INFO	ForkJoinPool-1-worker-1	stdout	operator_metric,nitro,16/PartitionedOutputOperator@5059,nitroExchangeInputPages,1
[WARNING] [stderr] 2026-08-09T00:49:17.251-0600	INFO	ForkJoinPool-1-worker-1	stdout	operator_metric,nitro,16/PartitionedOutputOperator@5059,nitroExchangeInputRunLengthChannelPositions,0
[WARNING] [stderr] 2026-08-09T00:49:17.251-0600	INFO	ForkJoinPool-1-worker-1	stdout	operator_metric,nitro,16/PartitionedOutputOperator@5059,nitroExchangeInputPositions,15
[WARNING] [stderr] 2026-08-09T00:49:17.251-0600	INFO	ForkJoinPool-1-worker-1	stdout	operator_metric,nitro,16/PartitionedOutputOperator@5059,nitroExchangeDictionaryUnsupportedPositions,0
[WARNING] [stderr] 2026-08-09T00:49:17.251-0600	INFO	ForkJoinPool-1-worker-1	stdout	operator_metric,nitro,16/PartitionedOutputOperator@5059,nitroExchangeLowDictionaryReusePositions,0
[WARNING] [stderr] 2026-08-09T00:49:17.251-0600	INFO	ForkJoinPool-1-worker-1	stdout	operator_metric,nitro,16/PartitionedOutputOperator@5059,nitroExchangeSmallPagePositions,15
[WARNING] [stderr] 2026-08-09T00:49:17.251-0600	INFO	ForkJoinPool-1-worker-1	stdout	operator_metric,nitro,16/PartitionedOutputOperator@5059,nitroExchangeNoDictionaryPositions,0
[WARNING] [stderr] 2026-08-09T00:49:17.251-0600	INFO	ForkJoinPool-1-worker-1	stdout	operator_metric,nitro,16/PartitionedOutputOperator@5059,nitroExchangePreservedPositions,0
[WARNING] [stderr] 2026-08-09T00:49:17.251-0600	INFO	ForkJoinPool-1-worker-1	stdout	operator_metric,nitro,16/PartitionedOutputOperator@5059,nitroExchangeRunLengthUnsupportedPositions,0
[WARNING] [stderr] 2026-08-09T00:49:17.251-0600	INFO	ForkJoinPool-1-worker-1	stdout	operator_metric,nitro,16/PartitionedOutputOperator@5059,nitroExchangeInputFlatChannelPositions,60
[WARNING] [stderr] 2026-08-09T00:49:17.251-0600	INFO	ForkJoinPool-1-worker-1	stdout	operator_metric,nitro,16/PartitionedOutputOperator@5059,nitroExchangeInputDictionaryChannelPositions,0
[WARNING] [stderr] 2026-08-09T00:49:17.251-0600	INFO	ForkJoinPool-1-worker-1	stdout	operator_metric,nitro,17/TrinoNitroPipelineSourceOperator@37,nitroBoundaryNativeExchangePositions,500000
[WARNING] [stderr] 2026-08-09T00:49:17.251-0600	INFO	ForkJoinPool-1-worker-1	stdout	operator_metric,nitro,17/TrinoNitroPipelineSourceOperator@37,nitroAllocatorAllocatedVectorBytes.I64Vector,4000000
[WARNING] [stderr] 2026-08-09T00:49:17.251-0600	INFO	ForkJoinPool-1-worker-1	stdout	operator_metric,nitro,17/TrinoNitroPipelineSourceOperator@37,nitroBoundaryNativeExchangeBytes,4500000
[WARNING] [stderr] 2026-08-09T00:49:17.251-0600	INFO	ForkJoinPool-1-worker-1	stdout	operator_metric,nitro,17/TrinoNitroPipelineSourceOperator@37,nitroBoundaryNativeExchangeBatches,50
[WARNING] [stderr] 2026-08-09T00:49:17.251-0600	INFO	ForkJoinPool-1-worker-1	stdout	operator_metric,nitro,17/TrinoNitroPipelineSourceOperator@37,nitroAllocatorAllocatedVectorBytes,4500000
[WARNING] [stderr] 2026-08-09T00:49:17.251-0600	INFO	ForkJoinPool-1-worker-1	stdout	operator_metric,nitro,17/TrinoNitroPipelineSourceOperator@37,nitroAllocatorAllocatedVectorBytes.BooleanVector,500000
[WARNING] [stderr] 2026-08-09T00:49:17.251-0600	INFO	ForkJoinPool-1-worker-1	stdout	operator_metric,nitro,17/TrinoNitroPipelineSourceOperator@37,nitroBoundaryNativeExchangeMaximumBatchBytes,90000
[WARNING] [stderr] 2026-08-09T00:49:17.251-0600	INFO	ForkJoinPool-1-worker-1	stdout	operator_metric,nitro,17/TrinoNitroPipelineSourceOperator@37,nitroAllocatorAllocatedBytes.trino-native-source-ingress,0
[WARNING] [stderr] 2026-08-09T00:49:17.251-0600	INFO	ForkJoinPool-1-worker-1	stdout	operator_metric,nitro,17/TrinoNitroPipelineSourceOperator@37,nitroAllocatorAllocatedBytes,4500000
[WARNING] [stderr] 2026-08-09T00:49:17.251-0600	INFO	ForkJoinPool-1-worker-1	stdout	operator_metric,nitro,17/TrinoNitroPipelineSourceOperator@37,nitroAllocatorAllocatedBytes.NitroParquetBatchSource,4500000
[WARNING] [stderr] 2026-08-09T00:49:17.251-0600	INFO	ForkJoinPool-1-worker-1	stdout	operator_metric,nitro,34/TrinoNitroPipelineSourceOperator@5102,nitroBoundaryNativeEgressFlatChannelPositions,60
[WARNING] [stderr] 2026-08-09T00:49:17.251-0600	INFO	ForkJoinPool-1-worker-1	stdout	operator_metric,nitro,34/TrinoNitroPipelineSourceOperator@5102,nitroAllocatorAllocatedVectorBytes.I64Vector,1632960000
[WARNING] [stderr] 2026-08-09T00:49:17.251-0600	INFO	ForkJoinPool-1-worker-1	stdout	operator_metric,nitro,34/TrinoNitroPipelineSourceOperator@5102,nitroAllocatorAllocatedBytes.NitroParquetBatchSource,2177280000
[WARNING] [stderr] 2026-08-09T00:49:17.251-0600	INFO	ForkJoinPool-1-worker-1	stdout	operator_metric,nitro,34/TrinoNitroPipelineSourceOperator@5102,nitroBoundaryNativeEgressDictionaryChannelPositions,0
[WARNING] [stderr] 2026-08-09T00:49:17.251-0600	INFO	ForkJoinPool-1-worker-1	stdout	operator_metric,nitro,34/TrinoNitroPipelineSourceOperator@5102,nitroBoundaryPageEgressPositions,15
[WARNING] [stderr] 2026-08-09T00:49:17.251-0600	INFO	ForkJoinPool-1-worker-1	stdout	operator_metric,nitro,34/TrinoNitroPipelineSourceOperator@5102,nitroBoundaryNativeExchangeBatches,1701
[WARNING] [stderr] 2026-08-09T00:49:17.251-0600	INFO	ForkJoinPool-1-worker-1	stdout	operator_metric,nitro,34/TrinoNitroPipelineSourceOperator@5102,nitroBoundaryNativeExchangeCaptureFallbackPositions,15
[WARNING] [stderr] 2026-08-09T00:49:17.251-0600	INFO	ForkJoinPool-1-worker-1	stdout	operator_metric,nitro,34/TrinoNitroPipelineSourceOperator@5102,nitroAllocatorAllocatedBytes.trino-native-source-ingress,0
[WARNING] [stderr] 2026-08-09T00:49:17.251-0600	INFO	ForkJoinPool-1-worker-1	stdout	operator_metric,nitro,34/TrinoNitroPipelineSourceOperator@5102,nitroBoundaryNativeExchangePositions,16554765
[WARNING] [stderr] 2026-08-09T00:49:17.251-0600	INFO	ForkJoinPool-1-worker-1	stdout	operator_metric,nitro,34/TrinoNitroPipelineSourceOperator@5102,nitroBoundaryPageEgressDictionaryChannelPositions,0
[WARNING] [stderr] 2026-08-09T00:49:17.251-0600	INFO	ForkJoinPool-1-worker-1	stdout	operator_metric,nitro,34/TrinoNitroPipelineSourceOperator@5102,nitroBoundaryPageEgressBytes,480
[WARNING] [stderr] 2026-08-09T00:49:17.251-0600	INFO	ForkJoinPool-1-worker-1	stdout	operator_metric,nitro,34/TrinoNitroPipelineSourceOperator@5102,nitroBoundaryNativeExchangeCaptureFallbackBatches,1
[WARNING] [stderr] 2026-08-09T00:49:17.251-0600	INFO	ForkJoinPool-1-worker-1	stdout	operator_metric,nitro,34/TrinoNitroPipelineSourceOperator@5102,nitroAllocatorAllocatedVectorBytes.BooleanVector,272160000
[WARNING] [stderr] 2026-08-09T00:49:17.251-0600	INFO	ForkJoinPool-1-worker-1	stdout	operator_metric,nitro,34/TrinoNitroPipelineSourceOperator@5102,nitroBoundaryNativeEgressRunLengthChannelPositions,0
[WARNING] [stderr] 2026-08-09T00:49:17.251-0600	INFO	ForkJoinPool-1-worker-1	stdout	operator_metric,nitro,34/TrinoNitroPipelineSourceOperator@5102,nitroAllocatorAllocatedBytes,2177280000
[WARNING] [stderr] 2026-08-09T00:49:17.251-0600	INFO	ForkJoinPool-1-worker-1	stdout	operator_metric,nitro,34/TrinoNitroPipelineSourceOperator@5102,nitroBoundaryPageEgressFlatChannelPositions,60
[WARNING] [stderr] 2026-08-09T00:49:17.251-0600	INFO	ForkJoinPool-1-worker-1	stdout	operator_metric,nitro,34/TrinoNitroPipelineSourceOperator@5102,nitroBoundaryPageEgressRunLengthChannelPositions,0
[WARNING] [stderr] 2026-08-09T00:49:17.251-0600	INFO	ForkJoinPool-1-worker-1	stdout	operator_metric,nitro,34/TrinoNitroPipelineSourceOperator@5102,nitroAllocatorAllocatedVectorBytes.I32Vector,272160000
[WARNING] [stderr] 2026-08-09T00:49:17.251-0600	INFO	ForkJoinPool-1-worker-1	stdout	operator_metric,nitro,34/TrinoNitroPipelineSourceOperator@5102,nitroBoundaryPageEgressPages,1
[WARNING] [stderr] 2026-08-09T00:49:17.251-0600	INFO	ForkJoinPool-1-worker-1	stdout	operator_metric,nitro,34/TrinoNitroPipelineSourceOperator@5102,nitroBoundaryNativeExchangeBytes,2177280000
[WARNING] [stderr] 2026-08-09T00:49:17.251-0600	INFO	ForkJoinPool-1-worker-1	stdout	operator_metric,nitro,34/TrinoNitroPipelineSourceOperator@5102,nitroBoundaryNativeExchangeMaximumBatchBytes,15360000
[WARNING] [stderr] 2026-08-09T00:49:17.251-0600	INFO	ForkJoinPool-1-worker-1	stdout	operator_metric,nitro,34/TrinoNitroPipelineSourceOperator@5102,nitroAllocatorAllocatedVectorBytes,2177280000
[WARNING] [stderr] 2026-08-09T00:49:17.251-0600	INFO	ForkJoinPool-1-worker-1	stdout	operator_metric,nitro,34/PartitionedOutputOperator@5102,nitroExchangeInputPages,1
[WARNING] [stderr] 2026-08-09T00:49:17.251-0600	INFO	ForkJoinPool-1-worker-1	stdout	operator_metric,nitro,34/PartitionedOutputOperator@5102,nitroExchangeInputRunLengthChannelPositions,0
[WARNING] [stderr] 2026-08-09T00:49:17.251-0600	INFO	ForkJoinPool-1-worker-1	stdout	operator_metric,nitro,34/PartitionedOutputOperator@5102,nitroExchangeInputPositions,15
[WARNING] [stderr] 2026-08-09T00:49:17.251-0600	INFO	ForkJoinPool-1-worker-1	stdout	operator_metric,nitro,34/PartitionedOutputOperator@5102,nitroExchangeDictionaryUnsupportedPositions,0
[WARNING] [stderr] 2026-08-09T00:49:17.251-0600	INFO	ForkJoinPool-1-worker-1	stdout	operator_metric,nitro,34/PartitionedOutputOperator@5102,nitroExchangeLowDictionaryReusePositions,0
[WARNING] [stderr] 2026-08-09T00:49:17.251-0600	INFO	ForkJoinPool-1-worker-1	stdout	operator_metric,nitro,34/PartitionedOutputOperator@5102,nitroExchangeSmallPagePositions,15
[WARNING] [stderr] 2026-08-09T00:49:17.251-0600	INFO	ForkJoinPool-1-worker-1	stdout	operator_metric,nitro,34/PartitionedOutputOperator@5102,nitroExchangeNoDictionaryPositions,0
[WARNING] [stderr] 2026-08-09T00:49:17.251-0600	INFO	ForkJoinPool-1-worker-1	stdout	operator_metric,nitro,34/PartitionedOutputOperator@5102,nitroExchangePreservedPositions,0
[WARNING] [stderr] 2026-08-09T00:49:17.251-0600	INFO	ForkJoinPool-1-worker-1	stdout	operator_metric,nitro,34/PartitionedOutputOperator@5102,nitroExchangeRunLengthUnsupportedPositions,0
[WARNING] [stderr] 2026-08-09T00:49:17.251-0600	INFO	ForkJoinPool-1-worker-1	stdout	operator_metric,nitro,34/PartitionedOutputOperator@5102,nitroExchangeInputFlatChannelPositions,60
[WARNING] [stderr] 2026-08-09T00:49:17.251-0600	INFO	ForkJoinPool-1-worker-1	stdout	operator_metric,nitro,34/PartitionedOutputOperator@5102,nitroExchangeInputDictionaryChannelPositions,0
[WARNING] [stderr] 2026-08-09T00:49:17.251-0600	INFO	ForkJoinPool-1-worker-1	stdout	operator_metric,nitro,35/TrinoNitroPipelineSourceOperator@121,nitroBoundaryNativeExchangePositions,500000
[WARNING] [stderr] 2026-08-09T00:49:17.251-0600	INFO	ForkJoinPool-1-worker-1	stdout	operator_metric,nitro,35/TrinoNitroPipelineSourceOperator@121,nitroAllocatorAllocatedVectorBytes.I64Vector,4000000
[WARNING] [stderr] 2026-08-09T00:49:17.251-0600	INFO	ForkJoinPool-1-worker-1	stdout	operator_metric,nitro,35/TrinoNitroPipelineSourceOperator@121,nitroBoundaryNativeExchangeBytes,4500000
[WARNING] [stderr] 2026-08-09T00:49:17.251-0600	INFO	ForkJoinPool-1-worker-1	stdout	operator_metric,nitro,35/TrinoNitroPipelineSourceOperator@121,nitroBoundaryNativeExchangeBatches,50
[WARNING] [stderr] 2026-08-09T00:49:17.251-0600	INFO	ForkJoinPool-1-worker-1	stdout	operator_metric,nitro,35/TrinoNitroPipelineSourceOperator@121,nitroAllocatorAllocatedVectorBytes,4500000
[WARNING] [stderr] 2026-08-09T00:49:17.251-0600	INFO	ForkJoinPool-1-worker-1	stdout	operator_metric,nitro,35/TrinoNitroPipelineSourceOperator@121,nitroAllocatorAllocatedVectorBytes.BooleanVector,500000
[WARNING] [stderr] 2026-08-09T00:49:17.251-0600	INFO	ForkJoinPool-1-worker-1	stdout	operator_metric,nitro,35/TrinoNitroPipelineSourceOperator@121,nitroBoundaryNativeExchangeMaximumBatchBytes,90000
[WARNING] [stderr] 2026-08-09T00:49:17.251-0600	INFO	ForkJoinPool-1-worker-1	stdout	operator_metric,nitro,35/TrinoNitroPipelineSourceOperator@121,nitroAllocatorAllocatedBytes.trino-native-source-ingress,0
[WARNING] [stderr] 2026-08-09T00:49:17.251-0600	INFO	ForkJoinPool-1-worker-1	stdout	operator_metric,nitro,35/TrinoNitroPipelineSourceOperator@121,nitroAllocatorAllocatedBytes,4500000
[WARNING] [stderr] 2026-08-09T00:49:17.251-0600	INFO	ForkJoinPool-1-worker-1	stdout	operator_metric,nitro,35/TrinoNitroPipelineSourceOperator@121,nitroAllocatorAllocatedBytes.NitroParquetBatchSource,4500000
[WARNING] [stderr] 2026-08-09T00:49:23.071-0600	INFO	ForkJoinPool-1-worker-1	stdout	operator_cpu,nitro,0/ExchangeOperator@6055,1,0.000,0.041,0.000,0,4,4,5700.000,0.000,0.000
[WARNING] [stderr] 2026-08-09T00:49:23.071-0600	INFO	ForkJoinPool-1-worker-1	stdout	operator_cpu,nitro,0/LocalExchangeSourceOperator@6047,1,0.000,0.014,0.000,0,4,4,5700.000,0.000,0.000
[WARNING] [stderr] 2026-08-09T00:49:23.071-0600	INFO	ForkJoinPool-1-worker-1	stdout	operator_cpu,nitro,0/TaskOutputOperator@180,1,0.033,0.000,0.001,0,1,1,0.000,0.000,0.000
[WARNING] [stderr] 2026-08-09T00:49:23.071-0600	INFO	ForkJoinPool-1-worker-1	stdout	operator_cpu,nitro,0/LocalExchangeSinkOperator@6047,1,0.024,0.000,0.012,0,4,4,0.000,0.000,0.000
[WARNING] [stderr] 2026-08-09T00:49:23.071-0600	INFO	ForkJoinPool-1-worker-1	stdout	operator_cpu,nitro,0/TrinoNitroAggregationOperator@174,1,0.080,0.046,0.002,0,4,1,0.000,0.000,0.000
[WARNING] [stderr] 2026-08-09T00:49:23.071-0600	INFO	ForkJoinPool-1-worker-1	stdout	operator_cpu,nitro,1/ExchangeOperator@4458,2,0.000,0.439,0.000,0,500000,500000,23.470,1.908,0.000
[WARNING] [stderr] 2026-08-09T00:49:23.071-0600	INFO	ForkJoinPool-1-worker-1	stdout	operator_cpu,nitro,1/ExchangeOperator@4457,2,0.000,57.810,0.000,0,28800991,28800991,1830.630,18.652,0.000
[WARNING] [stderr] 2026-08-09T00:49:23.071-0600	INFO	ForkJoinPool-1-worker-1	stdout	operator_cpu,nitro,1/LocalExchangeSourceOperator@5727,2,0.000,0.005,0.000,0,2,2,11100.000,0.000,0.000
[WARNING] [stderr] 2026-08-09T00:49:23.071-0600	INFO	ForkJoinPool-1-worker-1	stdout	operator_cpu,nitro,1/TrinoNitroHashBuildOperator@64,2,0.022,0.000,0.039,0,2,0,54.290,0.000,0.000
[WARNING] [stderr] 2026-08-09T00:49:23.071-0600	INFO	ForkJoinPool-1-worker-1	stdout	operator_cpu,nitro,1/TaskOutputOperator@6051,2,0.062,0.000,0.003,0,2,2,0.000,0.000,0.000
[WARNING] [stderr] 2026-08-09T00:49:23.071-0600	INFO	ForkJoinPool-1-worker-1	stdout	operator_cpu,nitro,1/TrinoNitroPageProcessor@5068,2,0.163,0.198,0.005,0,2,2,0.000,0.000,0.000
[WARNING] [stderr] 2026-08-09T00:49:23.071-0600	INFO	ForkJoinPool-1-worker-1	stdout	operator_cpu,nitro,1/TrinoNitroHashJoinOperator@30,2,3.530,1102.480,0.050,0,28800991,27504738,285.120,11.523,0.000
[WARNING] [stderr] 2026-08-09T00:49:23.071-0600	INFO	ForkJoinPool-1-worker-1	stdout	operator_cpu,nitro,1/TrinoNitroPageProcessor@74,2,0.794,16.440,0.059,0,495848,61,0.000,1.266,0.000
[WARNING] [stderr] 2026-08-09T00:49:23.071-0600	INFO	ForkJoinPool-1-worker-1	stdout	operator_cpu,nitro,1/TrinoNitroAggregationOperator@6051,2,0.000,0.102,0.032,0,0,2,0.000,0.000,0.000
[WARNING] [stderr] 2026-08-09T00:49:23.071-0600	INFO	ForkJoinPool-1-worker-1	stdout	operator_cpu,nitro,1/TrinoNitroAggregationOperator@2036,2,0.142,0.143,0.002,0,61,61,0.000,0.250,0.000
[WARNING] [stderr] 2026-08-09T00:49:23.071-0600	INFO	ForkJoinPool-1-worker-1	stdout	operator_cpu,nitro,1/TrinoNitroAggregationOperator@6078,2,8.710,1279.590,0.338,0,27504738,495848,0.000,26.621,0.000
[WARNING] [stderr] 2026-08-09T00:49:23.071-0600	INFO	ForkJoinPool-1-worker-1	stdout	operator_cpu,nitro,1/ExchangeOperator@4465,2,0.000,0.027,0.000,0,2,2,10750.000,0.000,0.000
[WARNING] [stderr] 2026-08-09T00:49:23.071-0600	INFO	ForkJoinPool-1-worker-1	stdout	operator_cpu,nitro,1/LocalExchangeSourceOperator@5721,2,0.000,0.044,0.000,0,500000,500000,346.300,0.000,0.000
[WARNING] [stderr] 2026-08-09T00:49:23.071-0600	INFO	ForkJoinPool-1-worker-1	stdout	operator_cpu,nitro,1/TrinoNitroHashJoinOperator@1580,2,0.078,0.261,0.003,0,6941,0,11180.000,2.611,0.000
[WARNING] [stderr] 2026-08-09T00:49:23.071-0600	INFO	ForkJoinPool-1-worker-1	stdout	operator_cpu,nitro,1/LocalExchangeSourceOperator@6080,2,0.000,0.026,0.000,0,495848,495848,10670.000,0.000,0.000
[WARNING] [stderr] 2026-08-09T00:49:23.071-0600	INFO	ForkJoinPool-1-worker-1	stdout	operator_cpu,nitro,1/DynamicFilterSourceOperator@1580,2,0.014,0.034,0.105,0,61,61,0.000,0.001,0.000
[WARNING] [stderr] 2026-08-09T00:49:23.071-0600	INFO	ForkJoinPool-1-worker-1	stdout	operator_cpu,nitro,1/TrinoNitroAggregationOperator@35,2,12.330,15.380,0.143,0,495848,495848,0.000,23.099,0.000
[WARNING] [stderr] 2026-08-09T00:49:23.071-0600	INFO	ForkJoinPool-1-worker-1	stdout	operator_cpu,nitro,1/LocalExchangeSinkOperator@5721,2,0.034,0.000,0.014,0,500000,500000,0.000,0.000,0.000
[WARNING] [stderr] 2026-08-09T00:49:23.071-0600	INFO	ForkJoinPool-1-worker-1	stdout	operator_cpu,nitro,1/DynamicFilterSourceOperator@30,2,1.579,0.022,0.127,0,500000,500000,0.000,0.001,0.000
[WARNING] [stderr] 2026-08-09T00:49:23.071-0600	INFO	ForkJoinPool-1-worker-1	stdout	operator_cpu,nitro,1/LocalExchangeSinkOperator@6080,2,0.019,0.000,0.017,0,495848,495848,0.000,0.000,0.000
[WARNING] [stderr] 2026-08-09T00:49:23.071-0600	INFO	ForkJoinPool-1-worker-1	stdout	operator_cpu,nitro,1/TrinoNitroHashJoinOperator@64,2,0.171,9.550,0.063,0,495848,495848,11070.000,3.937,0.000
[WARNING] [stderr] 2026-08-09T00:49:23.071-0600	INFO	ForkJoinPool-1-worker-1	stdout	operator_cpu,nitro,1/ExchangeOperator@4466,2,0.000,0.049,0.000,0,6941,6941,11010.000,0.067,0.000
[WARNING] [stderr] 2026-08-09T00:49:23.071-0600	INFO	ForkJoinPool-1-worker-1	stdout	operator_cpu,nitro,1/TrinoNitroHashBuildOperator@1580,2,0.042,0.000,0.426,0,61,0,2.150,2.612,0.000
[WARNING] [stderr] 2026-08-09T00:49:23.071-0600	INFO	ForkJoinPool-1-worker-1	stdout	operator_cpu,nitro,1/LocalExchangeSinkOperator@5727,2,0.012,0.000,0.018,0,2,2,0.000,0.000,0.000
[WARNING] [stderr] 2026-08-09T00:49:23.071-0600	INFO	ForkJoinPool-1-worker-1	stdout	operator_cpu,nitro,1/TrinoNitroHashBuildOperator@30,2,0.037,0.000,5.350,0,500000,0,9810.000,6.769,0.000
[WARNING] [stderr] 2026-08-09T00:49:23.071-0600	INFO	ForkJoinPool-1-worker-1	stdout	operator_cpu,nitro,19/ExchangeOperator@4475,2,0.000,0.402,0.000,0,500000,500000,18.750,1.908,0.000
[WARNING] [stderr] 2026-08-09T00:49:23.071-0600	INFO	ForkJoinPool-1-worker-1	stdout	operator_cpu,nitro,19/ExchangeOperator@4474,2,0.000,53.230,0.000,0,28800991,28800991,2670.000,18.635,0.000
[WARNING] [stderr] 2026-08-09T00:49:23.071-0600	INFO	ForkJoinPool-1-worker-1	stdout	operator_cpu,nitro,19/LocalExchangeSourceOperator@5738,2,0.000,0.008,0.000,0,2,2,10940.000,0.000,0.000
[WARNING] [stderr] 2026-08-09T00:49:23.071-0600	INFO	ForkJoinPool-1-worker-1	stdout	operator_cpu,nitro,19/TrinoNitroHashBuildOperator@148,2,0.028,0.000,0.039,0,2,0,224.620,0.000,0.000
[WARNING] [stderr] 2026-08-09T00:49:23.071-0600	INFO	ForkJoinPool-1-worker-1	stdout	operator_cpu,nitro,19/TaskOutputOperator@6053,2,0.081,0.000,0.004,0,2,2,0.000,0.000,0.000
[WARNING] [stderr] 2026-08-09T00:49:23.071-0600	INFO	ForkJoinPool-1-worker-1	stdout	operator_cpu,nitro,19/TrinoNitroPageProcessor@5111,2,0.218,0.218,0.029,0,2,2,0.000,0.000,0.000
[WARNING] [stderr] 2026-08-09T00:49:23.071-0600	INFO	ForkJoinPool-1-worker-1	stdout	operator_cpu,nitro,19/TrinoNitroHashJoinOperator@114,2,3.470,1065.380,0.032,0,28800991,27504738,1679.190,11.602,0.000
[WARNING] [stderr] 2026-08-09T00:49:23.071-0600	INFO	ForkJoinPool-1-worker-1	stdout	operator_cpu,nitro,19/TrinoNitroPageProcessor@158,2,0.597,15.600,0.069,0,495848,61,0.000,1.266,0.000
[WARNING] [stderr] 2026-08-09T00:49:23.071-0600	INFO	ForkJoinPool-1-worker-1	stdout	operator_cpu,nitro,19/TrinoNitroAggregationOperator@6053,2,0.000,0.110,0.044,0,0,2,0.000,0.000,0.000
[WARNING] [stderr] 2026-08-09T00:49:23.071-0600	INFO	ForkJoinPool-1-worker-1	stdout	operator_cpu,nitro,19/TrinoNitroAggregationOperator@2048,2,0.145,0.138,0.001,0,61,61,0.000,0.250,0.000
[WARNING] [stderr] 2026-08-09T00:49:23.071-0600	INFO	ForkJoinPool-1-worker-1	stdout	operator_cpu,nitro,19/TrinoNitroAggregationOperator@6136,2,8.610,1252.840,0.172,0,27504738,495848,0.000,24.624,0.000
[WARNING] [stderr] 2026-08-09T00:49:23.071-0600	INFO	ForkJoinPool-1-worker-1	stdout	operator_cpu,nitro,19/ExchangeOperator@4482,2,0.000,0.029,0.000,0,2,2,10440.000,0.000,0.000
[WARNING] [stderr] 2026-08-09T00:49:23.071-0600	INFO	ForkJoinPool-1-worker-1	stdout	operator_cpu,nitro,19/LocalExchangeSourceOperator@5732,2,0.000,0.041,0.000,0,500000,500000,429.780,0.000,0.000
[WARNING] [stderr] 2026-08-09T00:49:23.071-0600	INFO	ForkJoinPool-1-worker-1	stdout	operator_cpu,nitro,19/TrinoNitroHashJoinOperator@1588,2,0.092,0.174,0.002,0,3317,0,10470.000,2.611,0.000
[WARNING] [stderr] 2026-08-09T00:49:23.071-0600	INFO	ForkJoinPool-1-worker-1	stdout	operator_cpu,nitro,19/LocalExchangeSourceOperator@6138,2,0.000,0.019,0.000,0,495848,495848,11010.000,0.000,0.000
[WARNING] [stderr] 2026-08-09T00:49:23.071-0600	INFO	ForkJoinPool-1-worker-1	stdout	operator_cpu,nitro,19/DynamicFilterSourceOperator@1588,2,0.015,0.031,0.152,0,61,61,0.000,0.001,0.000
[WARNING] [stderr] 2026-08-09T00:49:23.071-0600	INFO	ForkJoinPool-1-worker-1	stdout	operator_cpu,nitro,19/TrinoNitroAggregationOperator@119,2,10.010,15.130,0.077,0,495848,495848,0.000,23.099,0.000
[WARNING] [stderr] 2026-08-09T00:49:23.071-0600	INFO	ForkJoinPool-1-worker-1	stdout	operator_cpu,nitro,19/LocalExchangeSinkOperator@5732,2,0.030,0.000,0.014,0,500000,500000,0.000,0.000,0.000
[WARNING] [stderr] 2026-08-09T00:49:23.071-0600	INFO	ForkJoinPool-1-worker-1	stdout	operator_cpu,nitro,19/DynamicFilterSourceOperator@114,2,1.547,0.020,0.156,0,500000,500000,0.000,0.001,0.000
[WARNING] [stderr] 2026-08-09T00:49:23.071-0600	INFO	ForkJoinPool-1-worker-1	stdout	operator_cpu,nitro,19/LocalExchangeSinkOperator@6138,2,0.013,0.000,0.012,0,495848,495848,0.000,0.000,0.000
[WARNING] [stderr] 2026-08-09T00:49:23.071-0600	INFO	ForkJoinPool-1-worker-1	stdout	operator_cpu,nitro,19/TrinoNitroHashJoinOperator@148,2,0.098,9.040,0.068,0,495848,495848,10840.000,3.937,0.000
[WARNING] [stderr] 2026-08-09T00:49:23.071-0600	INFO	ForkJoinPool-1-worker-1	stdout	operator_cpu,nitro,19/ExchangeOperator@4483,2,0.000,0.052,0.000,0,3317,3317,9420.000,0.032,0.000
[WARNING] [stderr] 2026-08-09T00:49:23.071-0600	INFO	ForkJoinPool-1-worker-1	stdout	operator_cpu,nitro,19/TrinoNitroHashBuildOperator@1588,2,0.026,0.000,0.292,0,61,0,0.378,2.612,0.000
[WARNING] [stderr] 2026-08-09T00:49:23.071-0600	INFO	ForkJoinPool-1-worker-1	stdout	operator_cpu,nitro,19/LocalExchangeSinkOperator@5738,2,0.015,0.000,0.011,0,2,2,0.000,0.000,0.000
[WARNING] [stderr] 2026-08-09T00:49:23.071-0600	INFO	ForkJoinPool-1-worker-1	stdout	operator_cpu,nitro,19/TrinoNitroHashBuildOperator@114,2,0.029,0.000,5.950,0,500000,0,9380.000,6.655,0.000
[WARNING] [stderr] 2026-08-09T00:49:23.071-0600	INFO	ForkJoinPool-1-worker-1	stdout	operator_cpu,nitro,2/ExchangeOperator@4455,2,0.000,1.639,0.000,0,102000,102000,108.300,5.361,0.000
[WARNING] [stderr] 2026-08-09T00:49:23.071-0600	INFO	ForkJoinPool-1-worker-1	stdout	operator_cpu,nitro,2/LocalExchangeSourceOperator@5719,2,0.000,0.044,0.000,0,102000,102000,473.020,0.000,0.000
[WARNING] [stderr] 2026-08-09T00:49:23.071-0600	INFO	ForkJoinPool-1-worker-1	stdout	operator_cpu,nitro,2/ExchangeOperator@4454,2,0.000,16.670,0.000,0,16554780,16554780,2444.760,15.275,0.000
[WARNING] [stderr] 2026-08-09T00:49:23.071-0600	INFO	ForkJoinPool-1-worker-1	stdout	operator_cpu,nitro,2/ExchangeOperator@4456,2,0.000,0.372,0.000,0,131247,131247,7040.000,1.776,0.000
[WARNING] [stderr] 2026-08-09T00:49:23.071-0600	INFO	ForkJoinPool-1-worker-1	stdout	operator_cpu,nitro,2/TrinoNitroHashJoinOperator@1583,2,0.096,2.330,0.074,0,131247,6941,9580.000,1.180,0.000
[WARNING] [stderr] 2026-08-09T00:49:23.071-0600	INFO	ForkJoinPool-1-worker-1	stdout	operator_cpu,nitro,2/TrinoNitroAggregationOperator@12,2,3420.000,113.990,0.454,0,16534393,4221,0.000,392.370,0.000
[WARNING] [stderr] 2026-08-09T00:49:23.071-0600	INFO	ForkJoinPool-1-worker-1	stdout	operator_cpu,nitro,2/TrinoNitroHashJoinOperator@7,2,2.240,1804.050,0.037,0,16554780,16554780,301.420,6.743,0.000
[WARNING] [stderr] 2026-08-09T00:49:23.071-0600	INFO	ForkJoinPool-1-worker-1	stdout	operator_cpu,nitro,2/LocalExchangeSinkOperator@5719,2,0.040,0.000,0.019,0,102000,102000,0.000,0.000,0.000
[WARNING] [stderr] 2026-08-09T00:49:23.071-0600	INFO	ForkJoinPool-1-worker-1	stdout	operator_cpu,nitro,2/DynamicFilterSourceOperator@7,2,1.666,0.017,0.002,0,102000,102000,0.000,0.141,0.000
[WARNING] [stderr] 2026-08-09T00:49:23.071-0600	INFO	ForkJoinPool-1-worker-1	stdout	operator_cpu,nitro,2/DynamicFilterSourceOperator@1583,2,0.473,0.977,0.765,0,4109,4109,0.000,0.035,0.000
[WARNING] [stderr] 2026-08-09T00:49:23.071-0600	INFO	ForkJoinPool-1-worker-1	stdout	operator_cpu,nitro,2/LocalExchangeSinkOperator@6069,2,1.968,0.000,0.017,0,16534393,16534393,84.290,0.000,0.000
[WARNING] [stderr] 2026-08-09T00:49:23.071-0600	INFO	ForkJoinPool-1-worker-1	stdout	operator_cpu,nitro,2/PartitionedOutputOperator@1583,2,0.158,0.000,0.168,0,6941,6941,0.000,0.000,0.000
[WARNING] [stderr] 2026-08-09T00:49:23.071-0600	INFO	ForkJoinPool-1-worker-1	stdout	operator_cpu,nitro,2/TrinoNitroHashBuildOperator@1583,2,0.452,0.000,1.032,0,4109,0,1.590,1.172,0.000
[WARNING] [stderr] 2026-08-09T00:49:23.071-0600	INFO	ForkJoinPool-1-worker-1	stdout	operator_cpu,nitro,2/TrinoNitroAggregationOperator@2042,2,2.920,2.300,0.001,0,4221,4109,0.000,0.033,0.000
[WARNING] [stderr] 2026-08-09T00:49:23.071-0600	INFO	ForkJoinPool-1-worker-1	stdout	operator_cpu,nitro,2/LocalExchangeSourceOperator@6069,2,0.000,2.580,0.000,0,16534393,16534393,3760.000,0.000,0.000
[WARNING] [stderr] 2026-08-09T00:49:23.071-0600	INFO	ForkJoinPool-1-worker-1	stdout	operator_cpu,nitro,2/TrinoNitroAggregationOperator@6067,2,6.790,1357.340,0.357,0,16554780,16534393,0.000,76.685,0.000
[WARNING] [stderr] 2026-08-09T00:49:23.071-0600	INFO	ForkJoinPool-1-worker-1	stdout	operator_cpu,nitro,2/TrinoNitroHashBuildOperator@7,2,0.241,0.000,4.740,0,102000,0,10040.000,18.248,0.000
[WARNING] [stderr] 2026-08-09T00:49:23.071-0600	INFO	ForkJoinPool-1-worker-1	stdout	operator_cpu,nitro,10/TrinoNitroPipelineSourceOperator@5052,12,0.000,394.420,0.000,28800991,28800991,28800991,71.960,0.219,0.000
[WARNING] [stderr] 2026-08-09T00:49:23.071-0600	INFO	ForkJoinPool-1-worker-1	stdout	operator_cpu,nitro,10/PartitionedOutputOperator@5052,12,555.640,0.000,0.640,0,28800991,28800991,1092.880,0.000,0.000
[WARNING] [stderr] 2026-08-09T00:49:23.071-0600	INFO	ForkJoinPool-1-worker-1	stdout	operator_cpu,nitro,11/TrinoNitroPipelineSourceOperator@29,1,0.000,4.660,0.000,500000,500000,500000,0.000,0.086,0.000
[WARNING] [stderr] 2026-08-09T00:49:23.071-0600	INFO	ForkJoinPool-1-worker-1	stdout	operator_cpu,nitro,11/PartitionedOutputOperator@29,1,1.650,0.000,0.058,0,500000,500000,0.000,0.000,0.000
[WARNING] [stderr] 2026-08-09T00:49:23.071-0600	INFO	ForkJoinPool-1-worker-1	stdout	operator_cpu,nitro,12/ExchangeOperator@6097,1,0.000,0.033,0.000,0,2,2,5590.000,0.000,0.000
[WARNING] [stderr] 2026-08-09T00:49:23.071-0600	INFO	ForkJoinPool-1-worker-1	stdout	operator_cpu,nitro,12/LocalExchangeSourceOperator@6091,1,0.000,0.005,0.000,0,2,2,5580.000,0.000,0.000
[WARNING] [stderr] 2026-08-09T00:49:23.071-0600	INFO	ForkJoinPool-1-worker-1	stdout	operator_cpu,nitro,12/TaskOutputOperator@53,1,0.061,0.000,0.001,0,1,1,0.000,0.000,0.000
[WARNING] [stderr] 2026-08-09T00:49:23.071-0600	INFO	ForkJoinPool-1-worker-1	stdout	operator_cpu,nitro,12/LocalExchangeSinkOperator@6091,1,0.014,0.000,0.012,0,2,2,0.000,0.000,0.000
[WARNING] [stderr] 2026-08-09T00:49:23.071-0600	INFO	ForkJoinPool-1-worker-1	stdout	operator_cpu,nitro,12/TrinoNitroAggregationOperator@53,1,0.029,0.037,0.002,0,2,1,0.000,0.000,0.000
[WARNING] [stderr] 2026-08-09T00:49:23.071-0600	INFO	ForkJoinPool-1-worker-1	stdout	operator_cpu,nitro,20/ExchangeOperator@4472,2,0.000,0.988,0.000,0,102000,102000,77.360,4.281,0.000
[WARNING] [stderr] 2026-08-09T00:49:23.071-0600	INFO	ForkJoinPool-1-worker-1	stdout	operator_cpu,nitro,20/LocalExchangeSourceOperator@5730,2,0.000,0.054,0.000,0,102000,102000,487.090,0.000,0.000
[WARNING] [stderr] 2026-08-09T00:49:23.071-0600	INFO	ForkJoinPool-1-worker-1	stdout	operator_cpu,nitro,20/ExchangeOperator@4471,2,0.000,16.620,0.000,0,16554780,16554780,503.110,20.040,0.000
[WARNING] [stderr] 2026-08-09T00:49:23.071-0600	INFO	ForkJoinPool-1-worker-1	stdout	operator_cpu,nitro,20/ExchangeOperator@4473,2,0.000,0.169,0.000,0,64097,64097,3130.000,0.871,0.000
[WARNING] [stderr] 2026-08-09T00:49:23.071-0600	INFO	ForkJoinPool-1-worker-1	stdout	operator_cpu,nitro,20/TrinoNitroHashJoinOperator@1591,2,0.137,1.212,0.058,0,64097,3317,9690.000,1.155,0.000
[WARNING] [stderr] 2026-08-09T00:49:23.071-0600	INFO	ForkJoinPool-1-worker-1	stdout	operator_cpu,nitro,20/TrinoNitroAggregationOperator@96,2,3470.000,112.480,0.443,0,16542776,4221,0.000,392.254,0.000
[WARNING] [stderr] 2026-08-09T00:49:23.071-0600	INFO	ForkJoinPool-1-worker-1	stdout	operator_cpu,nitro,20/TrinoNitroHashJoinOperator@91,2,2.200,1839.700,0.138,0,16554780,16554780,424.240,6.450,0.000
[WARNING] [stderr] 2026-08-09T00:49:23.071-0600	INFO	ForkJoinPool-1-worker-1	stdout	operator_cpu,nitro,20/LocalExchangeSinkOperator@5730,2,0.071,0.000,0.015,0,102000,102000,0.000,0.000,0.000
[WARNING] [stderr] 2026-08-09T00:49:23.071-0600	INFO	ForkJoinPool-1-worker-1	stdout	operator_cpu,nitro,20/DynamicFilterSourceOperator@91,2,1.415,0.020,0.003,0,102000,102000,0.000,0.141,0.000
[WARNING] [stderr] 2026-08-09T00:49:23.071-0600	INFO	ForkJoinPool-1-worker-1	stdout	operator_cpu,nitro,20/DynamicFilterSourceOperator@1591,2,0.456,0.940,0.872,0,4109,4109,0.000,0.035,0.000
[WARNING] [stderr] 2026-08-09T00:49:23.071-0600	INFO	ForkJoinPool-1-worker-1	stdout	operator_cpu,nitro,20/LocalExchangeSinkOperator@6127,2,1.919,0.000,0.026,0,16542776,16542776,136.100,0.000,0.000
[WARNING] [stderr] 2026-08-09T00:49:23.071-0600	INFO	ForkJoinPool-1-worker-1	stdout	operator_cpu,nitro,20/PartitionedOutputOperator@1591,2,0.056,0.000,0.164,0,3317,3317,0.000,0.000,0.000
[WARNING] [stderr] 2026-08-09T00:49:23.071-0600	INFO	ForkJoinPool-1-worker-1	stdout	operator_cpu,nitro,20/TrinoNitroHashBuildOperator@1591,2,0.430,0.000,1.422,0,4109,0,198.262,1.290,0.000
[WARNING] [stderr] 2026-08-09T00:49:23.071-0600	INFO	ForkJoinPool-1-worker-1	stdout	operator_cpu,nitro,20/TrinoNitroAggregationOperator@2054,2,2.700,2.190,0.003,0,4221,4109,0.000,0.033,0.000
[WARNING] [stderr] 2026-08-09T00:49:23.071-0600	INFO	ForkJoinPool-1-worker-1	stdout	operator_cpu,nitro,20/LocalExchangeSourceOperator@6127,2,0.000,2.550,0.000,0,16542776,16542776,2070.580,0.000,0.000
[WARNING] [stderr] 2026-08-09T00:49:23.071-0600	INFO	ForkJoinPool-1-worker-1	stdout	operator_cpu,nitro,20/TrinoNitroAggregationOperator@6125,2,6.700,1372.240,0.426,0,16554780,16542776,0.000,74.907,0.000
[WARNING] [stderr] 2026-08-09T00:49:23.071-0600	INFO	ForkJoinPool-1-worker-1	stdout	operator_cpu,nitro,20/TrinoNitroHashBuildOperator@91,2,0.247,0.000,6.620,0,102000,0,7640.000,18.154,0.000
[WARNING] [stderr] 2026-08-09T00:49:23.071-0600	INFO	ForkJoinPool-1-worker-1	stdout	operator_cpu,nitro,28/TrinoNitroPipelineSourceOperator@5095,12,0.000,387.480,0.000,28800991,28800991,28800991,3060.000,0.219,0.000
[WARNING] [stderr] 2026-08-09T00:49:23.071-0600	INFO	ForkJoinPool-1-worker-1	stdout	operator_cpu,nitro,28/PartitionedOutputOperator@5095,12,542.620,0.000,0.786,0,28800991,28800991,795.020,0.000,0.000
[WARNING] [stderr] 2026-08-09T00:49:23.071-0600	INFO	ForkJoinPool-1-worker-1	stdout	operator_cpu,nitro,29/TrinoNitroPipelineSourceOperator@113,1,0.000,4.770,0.000,500000,500000,500000,0.000,0.086,0.000
[WARNING] [stderr] 2026-08-09T00:49:23.071-0600	INFO	ForkJoinPool-1-worker-1	stdout	operator_cpu,nitro,29/PartitionedOutputOperator@113,1,1.750,0.000,0.029,0,500000,500000,0.000,0.000,0.000
[WARNING] [stderr] 2026-08-09T00:49:23.071-0600	INFO	ForkJoinPool-1-worker-1	stdout	operator_cpu,nitro,30/ExchangeOperator@6155,1,0.000,0.025,0.000,0,2,2,5560.000,0.000,0.000
[WARNING] [stderr] 2026-08-09T00:49:23.071-0600	INFO	ForkJoinPool-1-worker-1	stdout	operator_cpu,nitro,30/LocalExchangeSourceOperator@6149,1,0.000,0.005,0.000,0,2,2,5550.000,0.000,0.000
[WARNING] [stderr] 2026-08-09T00:49:23.071-0600	INFO	ForkJoinPool-1-worker-1	stdout	operator_cpu,nitro,30/TaskOutputOperator@137,1,0.046,0.000,0.002,0,1,1,0.000,0.000,0.000
[WARNING] [stderr] 2026-08-09T00:49:23.071-0600	INFO	ForkJoinPool-1-worker-1	stdout	operator_cpu,nitro,30/LocalExchangeSinkOperator@6149,1,0.012,0.000,0.014,0,2,2,0.000,0.000,0.000
[WARNING] [stderr] 2026-08-09T00:49:23.071-0600	INFO	ForkJoinPool-1-worker-1	stdout	operator_cpu,nitro,30/TrinoNitroAggregationOperator@137,1,0.034,0.037,0.002,0,2,1,0.000,0.000,0.000
[WARNING] [stderr] 2026-08-09T00:49:23.071-0600	INFO	ForkJoinPool-1-worker-1	stdout	operator_cpu,nitro,3/ExchangeOperator@4451,2,0.000,0.025,0.000,0,29,29,73.080,0.000,0.000
[WARNING] [stderr] 2026-08-09T00:49:23.071-0600	INFO	ForkJoinPool-1-worker-1	stdout	operator_cpu,nitro,3/LocalExchangeSourceOperator@5717,2,0.000,0.007,0.000,0,29,29,119.850,0.000,0.000
[WARNING] [stderr] 2026-08-09T00:49:23.071-0600	INFO	ForkJoinPool-1-worker-1	stdout	operator_cpu,nitro,3/ExchangeOperator@4450,2,0.000,0.444,0.000,0,131247,131247,5760.000,2.138,0.000
[WARNING] [stderr] 2026-08-09T00:49:23.071-0600	INFO	ForkJoinPool-1-worker-1	stdout	operator_cpu,nitro,3/PartitionedOutputOperator@2,2,2.706,0.000,0.394,0,131247,131247,0.000,0.000,0.000
[WARNING] [stderr] 2026-08-09T00:49:23.072-0600	INFO	ForkJoinPool-1-worker-1	stdout	operator_cpu,nitro,3/TrinoNitroHashJoinOperator@2,2,0.036,5.490,0.063,0,131247,131247,173.090,16.951,0.000
[WARNING] [stderr] 2026-08-09T00:49:23.072-0600	INFO	ForkJoinPool-1-worker-1	stdout	operator_cpu,nitro,3/TrinoNitroHashBuildOperator@2,2,0.006,0.000,2.654,0,29,0,7320.000,16.725,0.000
[WARNING] [stderr] 2026-08-09T00:49:23.072-0600	INFO	ForkJoinPool-1-worker-1	stdout	operator_cpu,nitro,3/LocalExchangeSinkOperator@5717,2,0.012,0.000,0.013,0,29,29,0.000,0.000,0.000
[WARNING] [stderr] 2026-08-09T00:49:23.072-0600	INFO	ForkJoinPool-1-worker-1	stdout	operator_cpu,nitro,3/DynamicFilterSourceOperator@2,2,0.003,0.005,0.190,0,29,29,0.000,0.001,0.000
[WARNING] [stderr] 2026-08-09T00:49:23.072-0600	INFO	ForkJoinPool-1-worker-1	stdout	operator_cpu,nitro,6/ExchangeOperator@4453,2,0.000,0.023,0.000,0,1461,1461,58.300,0.009,0.000
[WARNING] [stderr] 2026-08-09T00:49:23.072-0600	INFO	ForkJoinPool-1-worker-1	stdout	operator_cpu,nitro,6/LocalExchangeSourceOperator@5718,2,0.000,0.008,0.000,0,1461,1461,99.290,0.000,0.000
[WARNING] [stderr] 2026-08-09T00:49:23.072-0600	INFO	ForkJoinPool-1-worker-1	stdout	operator_cpu,nitro,6/ExchangeOperator@4452,2,0.000,20.950,0.000,0,16554780,16554780,2047.640,18.483,0.000
[WARNING] [stderr] 2026-08-09T00:49:23.072-0600	INFO	ForkJoinPool-1-worker-1	stdout	operator_cpu,nitro,6/PartitionedOutputOperator@5,2,289.410,0.000,0.619,0,16554780,16554780,354.020,0.000,0.000
[WARNING] [stderr] 2026-08-09T00:49:23.072-0600	INFO	ForkJoinPool-1-worker-1	stdout	operator_cpu,nitro,6/TrinoNitroHashJoinOperator@5,2,1.978,403.410,0.047,0,16554780,16554780,95.450,5.888,0.000
[WARNING] [stderr] 2026-08-09T00:49:23.072-0600	INFO	ForkJoinPool-1-worker-1	stdout	operator_cpu,nitro,6/TrinoNitroHashBuildOperator@5,2,0.013,0.000,0.262,0,1461,0,10340.000,0.648,0.000
[WARNING] [stderr] 2026-08-09T00:49:23.072-0600	INFO	ForkJoinPool-1-worker-1	stdout	operator_cpu,nitro,6/LocalExchangeSinkOperator@5718,2,0.011,0.000,0.011,0,1461,1461,0.000,0.000,0.000
[WARNING] [stderr] 2026-08-09T00:49:23.072-0600	INFO	ForkJoinPool-1-worker-1	stdout	operator_cpu,nitro,6/DynamicFilterSourceOperator@5,2,0.034,0.008,0.245,0,1461,1461,0.000,0.009,0.000
[WARNING] [stderr] 2026-08-09T00:49:23.072-0600	INFO	ForkJoinPool-1-worker-1	stdout	operator_cpu,nitro,9/TrinoNitroPipelineSourceOperator@6,1,0.000,14.120,0.000,102000,102000,102000,0.000,10.379,0.000
[WARNING] [stderr] 2026-08-09T00:49:23.072-0600	INFO	ForkJoinPool-1-worker-1	stdout	operator_cpu,nitro,9/PartitionedOutputOperator@6,1,5.240,0.000,0.085,0,102000,102000,0.000,0.000,0.000
[WARNING] [stderr] 2026-08-09T00:49:23.072-0600	INFO	ForkJoinPool-1-worker-1	stdout	operator_cpu,nitro,13/ExchangeOperator@6112,2,0.000,1.004,0.000,0,764171,764171,11080.000,3.670,0.000
[WARNING] [stderr] 2026-08-09T00:49:23.072-0600	INFO	ForkJoinPool-1-worker-1	stdout	operator_cpu,nitro,13/LocalExchangeSourceOperator@6106,2,0.000,0.035,0.000,0,764171,764171,11090.000,0.000,0.000
[WARNING] [stderr] 2026-08-09T00:49:23.072-0600	INFO	ForkJoinPool-1-worker-1	stdout	operator_cpu,nitro,13/TaskOutputOperator@6095,2,0.077,0.000,0.003,0,2,2,0.000,0.000,0.000
[WARNING] [stderr] 2026-08-09T00:49:23.072-0600	INFO	ForkJoinPool-1-worker-1	stdout	operator_cpu,nitro,13/TrinoNitroAggregationOperator@6095,2,0.085,2.050,0.001,0,472250,2,0.000,0.000,0.000
[WARNING] [stderr] 2026-08-09T00:49:23.072-0600	INFO	ForkJoinPool-1-worker-1	stdout	operator_cpu,nitro,13/LocalExchangeSinkOperator@6106,2,0.048,0.000,0.016,0,764171,764171,0.000,0.000,0.000
[WARNING] [stderr] 2026-08-09T00:49:23.072-0600	INFO	ForkJoinPool-1-worker-1	stdout	operator_cpu,nitro,13/TrinoNitroAggregationOperator@45,2,21.230,14.910,0.061,0,764171,472250,0.000,12.911,0.000
[WARNING] [stderr] 2026-08-09T00:49:23.072-0600	INFO	ForkJoinPool-1-worker-1	stdout	operator_cpu,nitro,21/ExchangeOperator@4468,2,0.000,0.016,0.000,0,29,29,57.810,0.000,0.000
[WARNING] [stderr] 2026-08-09T00:49:23.072-0600	INFO	ForkJoinPool-1-worker-1	stdout	operator_cpu,nitro,21/LocalExchangeSourceOperator@5728,2,0.000,0.010,0.000,0,29,29,102.870,0.000,0.000
[WARNING] [stderr] 2026-08-09T00:49:23.072-0600	INFO	ForkJoinPool-1-worker-1	stdout	operator_cpu,nitro,21/ExchangeOperator@4467,2,0.000,0.264,0.000,0,64097,64097,1480.460,0.683,0.000
[WARNING] [stderr] 2026-08-09T00:49:23.072-0600	INFO	ForkJoinPool-1-worker-1	stdout	operator_cpu,nitro,21/PartitionedOutputOperator@86,2,0.822,0.000,0.422,0,64097,64097,0.000,0.000,0.000
[WARNING] [stderr] 2026-08-09T00:49:23.072-0600	INFO	ForkJoinPool-1-worker-1	stdout	operator_cpu,nitro,21/TrinoNitroHashJoinOperator@86,2,0.050,5.030,0.077,0,64097,64097,243.640,16.906,0.000
[WARNING] [stderr] 2026-08-09T00:49:23.072-0600	INFO	ForkJoinPool-1-worker-1	stdout	operator_cpu,nitro,21/TrinoNitroHashBuildOperator@86,2,0.011,0.000,3.120,0,29,0,3230.000,16.611,0.000
[WARNING] [stderr] 2026-08-09T00:49:23.072-0600	INFO	ForkJoinPool-1-worker-1	stdout	operator_cpu,nitro,21/LocalExchangeSinkOperator@5728,2,0.009,0.000,0.015,0,29,29,0.000,0.000,0.000
[WARNING] [stderr] 2026-08-09T00:49:23.072-0600	INFO	ForkJoinPool-1-worker-1	stdout	operator_cpu,nitro,21/DynamicFilterSourceOperator@86,2,0.005,0.008,0.159,0,29,29,0.000,0.001,0.000
[WARNING] [stderr] 2026-08-09T00:49:23.072-0600	INFO	ForkJoinPool-1-worker-1	stdout	operator_cpu,nitro,24/ExchangeOperator@4470,2,0.000,0.031,0.000,0,1461,1461,67.550,0.009,0.000
[WARNING] [stderr] 2026-08-09T00:49:23.072-0600	INFO	ForkJoinPool-1-worker-1	stdout	operator_cpu,nitro,24/LocalExchangeSourceOperator@5729,2,0.000,0.008,0.000,0,1461,1461,75.590,0.000,0.000
[WARNING] [stderr] 2026-08-09T00:49:23.072-0600	INFO	ForkJoinPool-1-worker-1	stdout	operator_cpu,nitro,24/ExchangeOperator@4469,2,0.000,23.960,0.000,0,16554780,16554780,637.780,17.335,0.000
[WARNING] [stderr] 2026-08-09T00:49:23.072-0600	INFO	ForkJoinPool-1-worker-1	stdout	operator_cpu,nitro,24/PartitionedOutputOperator@89,2,299.620,0.000,0.646,0,16554780,16554780,234.950,0.000,0.000
[WARNING] [stderr] 2026-08-09T00:49:23.072-0600	INFO	ForkJoinPool-1-worker-1	stdout	operator_cpu,nitro,24/TrinoNitroHashJoinOperator@89,2,2.095,399.590,0.123,0,16554780,16554780,55.890,5.918,0.000
[WARNING] [stderr] 2026-08-09T00:49:23.072-0600	INFO	ForkJoinPool-1-worker-1	stdout	operator_cpu,nitro,24/TrinoNitroHashBuildOperator@89,2,0.008,0.000,0.229,0,1461,0,6480.000,0.648,0.000
[WARNING] [stderr] 2026-08-09T00:49:23.072-0600	INFO	ForkJoinPool-1-worker-1	stdout	operator_cpu,nitro,24/LocalExchangeSinkOperator@5729,2,0.012,0.000,0.007,0,1461,1461,0.000,0.000,0.000
[WARNING] [stderr] 2026-08-09T00:49:23.072-0600	INFO	ForkJoinPool-1-worker-1	stdout	operator_cpu,nitro,24/DynamicFilterSourceOperator@89,2,0.031,0.006,0.239,0,1461,1461,0.000,0.009,0.000
[WARNING] [stderr] 2026-08-09T00:49:23.072-0600	INFO	ForkJoinPool-1-worker-1	stdout	operator_cpu,nitro,27/TrinoNitroPipelineSourceOperator@90,1,0.000,13.930,0.000,102000,102000,102000,0.000,10.475,0.000
[WARNING] [stderr] 2026-08-09T00:49:23.072-0600	INFO	ForkJoinPool-1-worker-1	stdout	operator_cpu,nitro,27/PartitionedOutputOperator@90,1,5.000,0.000,0.059,0,102000,102000,0.000,0.000,0.000
[WARNING] [stderr] 2026-08-09T00:49:23.072-0600	INFO	ForkJoinPool-1-worker-1	stdout	operator_cpu,nitro,31/ExchangeOperator@6170,2,0.000,1.171,0.000,0,764171,764171,11060.000,3.670,0.000
[WARNING] [stderr] 2026-08-09T00:49:23.072-0600	INFO	ForkJoinPool-1-worker-1	stdout	operator_cpu,nitro,31/LocalExchangeSourceOperator@6164,2,0.000,0.035,0.000,0,764171,764171,11070.000,0.000,0.000
[WARNING] [stderr] 2026-08-09T00:49:23.072-0600	INFO	ForkJoinPool-1-worker-1	stdout	operator_cpu,nitro,31/TaskOutputOperator@6153,2,0.093,0.000,0.004,0,2,2,0.000,0.000,0.000
[WARNING] [stderr] 2026-08-09T00:49:23.072-0600	INFO	ForkJoinPool-1-worker-1	stdout	operator_cpu,nitro,31/TrinoNitroAggregationOperator@6153,2,0.084,2.120,0.001,0,472250,2,0.000,0.000,0.000
[WARNING] [stderr] 2026-08-09T00:49:23.072-0600	INFO	ForkJoinPool-1-worker-1	stdout	operator_cpu,nitro,31/LocalExchangeSinkOperator@6164,2,0.045,0.000,0.017,0,764171,764171,0.000,0.000,0.000
[WARNING] [stderr] 2026-08-09T00:49:23.072-0600	INFO	ForkJoinPool-1-worker-1	stdout	operator_cpu,nitro,31/TrinoNitroAggregationOperator@129,2,18.390,14.910,0.043,0,764171,472250,0.000,12.911,0.000
[WARNING] [stderr] 2026-08-09T00:49:23.072-0600	INFO	ForkJoinPool-1-worker-1	stdout	operator_cpu,nitro,4/TrinoNitroPipelineSourceOperator@5032,10,0.000,40.130,0.000,14401261,131247,131247,3480.000,1.564,0.000
[WARNING] [stderr] 2026-08-09T00:49:23.072-0600	INFO	ForkJoinPool-1-worker-1	stdout	operator_cpu,nitro,4/PartitionedOutputOperator@5032,10,2.570,0.000,0.267,0,131247,131247,0.000,0.000,0.000
[WARNING] [stderr] 2026-08-09T00:49:23.072-0600	INFO	ForkJoinPool-1-worker-1	stdout	operator_cpu,nitro,5/TrinoNitroPipelineSourceOperator@2226,1,0.000,0.904,0.000,73049,29,29,0.000,0.725,0.000
[WARNING] [stderr] 2026-08-09T00:49:23.072-0600	INFO	ForkJoinPool-1-worker-1	stdout	operator_cpu,nitro,5/PartitionedOutputOperator@2226,1,0.012,0.000,0.031,0,29,29,0.000,0.000,0.000
[WARNING] [stderr] 2026-08-09T00:49:23.072-0600	INFO	ForkJoinPool-1-worker-1	stdout	operator_cpu,nitro,7/TrinoNitroPipelineSourceOperator@5039,12,0.000,282.300,0.000,28800991,16554780,16554780,372.600,0.687,0.000
[WARNING] [stderr] 2026-08-09T00:49:23.072-0600	INFO	ForkJoinPool-1-worker-1	stdout	operator_cpu,nitro,7/PartitionedOutputOperator@5039,12,111.520,0.000,0.413,0,16554780,16554780,990.800,0.000,0.000
[WARNING] [stderr] 2026-08-09T00:49:23.072-0600	INFO	ForkJoinPool-1-worker-1	stdout	operator_cpu,nitro,8/TrinoNitroPipelineSourceOperator@2260,1,0.000,0.916,0.000,73049,1461,1461,0.000,0.730,0.000
[WARNING] [stderr] 2026-08-09T00:49:23.072-0600	INFO	ForkJoinPool-1-worker-1	stdout	operator_cpu,nitro,8/PartitionedOutputOperator@2260,1,0.024,0.000,0.041,0,1461,1461,0.000,0.000,0.000
[WARNING] [stderr] 2026-08-09T00:49:23.072-0600	INFO	ForkJoinPool-1-worker-1	stdout	operator_cpu,nitro,14/ExchangeOperator@4462,2,0.000,0.021,0.000,0,1461,1461,65.170,0.006,0.000
[WARNING] [stderr] 2026-08-09T00:49:23.072-0600	INFO	ForkJoinPool-1-worker-1	stdout	operator_cpu,nitro,14/LocalExchangeSourceOperator@5724,2,0.000,0.014,0.000,0,1461,1461,98.210,0.000,0.000
[WARNING] [stderr] 2026-08-09T00:49:23.072-0600	INFO	ForkJoinPool-1-worker-1	stdout	operator_cpu,nitro,14/ExchangeOperator@4461,2,0.000,42.180,0.000,0,16164994,16164994,1785.290,17.329,0.000
[WARNING] [stderr] 2026-08-09T00:49:23.072-0600	INFO	ForkJoinPool-1-worker-1	stdout	operator_cpu,nitro,14/PartitionedOutputOperator@6110,2,8.170,0.000,0.023,0,764171,764171,0.000,0.000,0.000
[WARNING] [stderr] 2026-08-09T00:49:23.072-0600	INFO	ForkJoinPool-1-worker-1	stdout	operator_cpu,nitro,14/TrinoNitroAggregationOperator@6110,2,5.030,723.910,0.171,0,16164994,764171,0.000,31.686,0.000
[WARNING] [stderr] 2026-08-09T00:49:23.072-0600	INFO	ForkJoinPool-1-worker-1	stdout	operator_cpu,nitro,14/TrinoNitroHashJoinOperator@40,2,2.200,374.530,0.062,0,16164994,16164994,112.820,22.161,0.000
[WARNING] [stderr] 2026-08-09T00:49:23.072-0600	INFO	ForkJoinPool-1-worker-1	stdout	operator_cpu,nitro,14/TrinoNitroHashBuildOperator@40,2,0.013,0.000,1.518,0,1461,0,10920.000,16.622,0.000
[WARNING] [stderr] 2026-08-09T00:49:23.072-0600	INFO	ForkJoinPool-1-worker-1	stdout	operator_cpu,nitro,14/LocalExchangeSinkOperator@5724,2,0.010,0.000,0.008,0,1461,1461,0.000,0.000,0.000
[WARNING] [stderr] 2026-08-09T00:49:23.072-0600	INFO	ForkJoinPool-1-worker-1	stdout	operator_cpu,nitro,14/DynamicFilterSourceOperator@40,2,0.041,0.012,0.287,0,1461,1461,0.000,0.009,0.000
[WARNING] [stderr] 2026-08-09T00:49:23.072-0600	INFO	ForkJoinPool-1-worker-1	stdout	operator_cpu,nitro,22/TrinoNitroPipelineSourceOperator@5075,5,0.000,24.630,0.000,7197566,64097,64097,1425.910,1.564,0.000
[WARNING] [stderr] 2026-08-09T00:49:23.072-0600	INFO	ForkJoinPool-1-worker-1	stdout	operator_cpu,nitro,22/PartitionedOutputOperator@5075,5,1.158,0.000,0.542,0,64097,64097,0.000,0.000,0.000
[WARNING] [stderr] 2026-08-09T00:49:23.072-0600	INFO	ForkJoinPool-1-worker-1	stdout	operator_cpu,nitro,23/TrinoNitroPipelineSourceOperator@2331,1,0.000,0.927,0.000,73049,29,29,0.000,0.725,0.000
[WARNING] [stderr] 2026-08-09T00:49:23.072-0600	INFO	ForkJoinPool-1-worker-1	stdout	operator_cpu,nitro,23/PartitionedOutputOperator@2331,1,0.012,0.000,0.029,0,29,29,0.000,0.000,0.000
[WARNING] [stderr] 2026-08-09T00:49:23.072-0600	INFO	ForkJoinPool-1-worker-1	stdout	operator_cpu,nitro,25/TrinoNitroPipelineSourceOperator@5082,12,0.000,285.870,0.000,28800991,16554780,16554780,84.330,0.687,0.000
[WARNING] [stderr] 2026-08-09T00:49:23.072-0600	INFO	ForkJoinPool-1-worker-1	stdout	operator_cpu,nitro,25/PartitionedOutputOperator@5082,12,115.690,0.000,0.647,0,16554780,16554780,629.610,0.000,0.000
[WARNING] [stderr] 2026-08-09T00:49:23.072-0600	INFO	ForkJoinPool-1-worker-1	stdout	operator_cpu,nitro,26/TrinoNitroPipelineSourceOperator@2365,1,0.000,0.849,0.000,73049,1461,1461,0.000,0.730,0.000
[WARNING] [stderr] 2026-08-09T00:49:23.072-0600	INFO	ForkJoinPool-1-worker-1	stdout	operator_cpu,nitro,26/PartitionedOutputOperator@2365,1,0.023,0.000,0.037,0,1461,1461,0.000,0.000,0.000
[WARNING] [stderr] 2026-08-09T00:49:23.072-0600	INFO	ForkJoinPool-1-worker-1	stdout	operator_cpu,nitro,32/ExchangeOperator@4479,2,0.000,0.026,0.000,0,1461,1461,53.040,0.006,0.000
[WARNING] [stderr] 2026-08-09T00:49:23.072-0600	INFO	ForkJoinPool-1-worker-1	stdout	operator_cpu,nitro,32/LocalExchangeSourceOperator@5735,2,0.000,0.012,0.000,0,1461,1461,84.540,0.000,0.000
[WARNING] [stderr] 2026-08-09T00:49:23.072-0600	INFO	ForkJoinPool-1-worker-1	stdout	operator_cpu,nitro,32/ExchangeOperator@4478,2,0.000,39.370,0.000,0,16164994,16164994,2300.000,18.202,0.000
[WARNING] [stderr] 2026-08-09T00:49:23.072-0600	INFO	ForkJoinPool-1-worker-1	stdout	operator_cpu,nitro,32/PartitionedOutputOperator@6168,2,8.330,0.000,0.027,0,764171,764171,0.000,0.000,0.000
[WARNING] [stderr] 2026-08-09T00:49:23.072-0600	INFO	ForkJoinPool-1-worker-1	stdout	operator_cpu,nitro,32/TrinoNitroAggregationOperator@6168,2,5.060,717.850,0.163,0,16164994,764171,0.000,31.576,0.000
[WARNING] [stderr] 2026-08-09T00:49:23.072-0600	INFO	ForkJoinPool-1-worker-1	stdout	operator_cpu,nitro,32/TrinoNitroHashJoinOperator@124,2,2.180,374.200,0.028,0,16164994,16164994,95.700,22.194,0.000
[WARNING] [stderr] 2026-08-09T00:49:23.072-0600	INFO	ForkJoinPool-1-worker-1	stdout	operator_cpu,nitro,32/TrinoNitroHashBuildOperator@124,2,0.011,0.000,1.799,0,1461,0,10940.000,16.622,0.000
[WARNING] [stderr] 2026-08-09T00:49:23.072-0600	INFO	ForkJoinPool-1-worker-1	stdout	operator_cpu,nitro,32/LocalExchangeSinkOperator@5735,2,0.017,0.000,0.008,0,1461,1461,0.000,0.000,0.000
[WARNING] [stderr] 2026-08-09T00:49:23.072-0600	INFO	ForkJoinPool-1-worker-1	stdout	operator_cpu,nitro,32/DynamicFilterSourceOperator@124,2,0.036,0.005,0.355,0,1461,1461,0.000,0.009,0.000
[WARNING] [stderr] 2026-08-09T00:49:23.072-0600	INFO	ForkJoinPool-1-worker-1	stdout	operator_cpu,nitro,15/ExchangeOperator@4460,2,0.000,0.235,0.000,0,500000,500000,67.840,1.908,0.000
[WARNING] [stderr] 2026-08-09T00:49:23.072-0600	INFO	ForkJoinPool-1-worker-1	stdout	operator_cpu,nitro,15/LocalExchangeSourceOperator@5723,2,0.000,0.047,0.000,0,500000,500000,112.290,0.000,0.000
[WARNING] [stderr] 2026-08-09T00:49:23.072-0600	INFO	ForkJoinPool-1-worker-1	stdout	operator_cpu,nitro,15/ExchangeOperator@4459,2,0.000,45.330,0.000,0,16554780,16554780,701.770,17.942,0.000
[WARNING] [stderr] 2026-08-09T00:49:23.072-0600	INFO	ForkJoinPool-1-worker-1	stdout	operator_cpu,nitro,15/PartitionedOutputOperator@38,2,195.270,0.000,0.316,0,16164994,16164994,192.410,0.000,0.000
[WARNING] [stderr] 2026-08-09T00:49:23.072-0600	INFO	ForkJoinPool-1-worker-1	stdout	operator_cpu,nitro,15/TrinoNitroHashJoinOperator@38,2,2.580,699.960,0.062,0,16554780,16164994,145.040,9.812,0.000
[WARNING] [stderr] 2026-08-09T00:49:23.072-0600	INFO	ForkJoinPool-1-worker-1	stdout	operator_cpu,nitro,15/TrinoNitroHashBuildOperator@38,2,0.049,0.000,5.620,0,500000,0,10570.000,6.769,0.000
[WARNING] [stderr] 2026-08-09T00:49:23.072-0600	INFO	ForkJoinPool-1-worker-1	stdout	operator_cpu,nitro,15/LocalExchangeSinkOperator@5723,2,0.028,0.000,0.012,0,500000,500000,0.000,0.000,0.000
[WARNING] [stderr] 2026-08-09T00:49:23.072-0600	INFO	ForkJoinPool-1-worker-1	stdout	operator_cpu,nitro,15/DynamicFilterSourceOperator@38,2,1.538,0.026,0.179,0,500000,500000,0.000,0.001,0.000
[WARNING] [stderr] 2026-08-09T00:49:23.072-0600	INFO	ForkJoinPool-1-worker-1	stdout	operator_cpu,nitro,18/TrinoNitroPipelineSourceOperator@2281,1,0.000,0.980,0.000,73049,1461,1461,0.000,0.540,0.000
[WARNING] [stderr] 2026-08-09T00:49:23.072-0600	INFO	ForkJoinPool-1-worker-1	stdout	operator_cpu,nitro,18/PartitionedOutputOperator@2281,1,0.022,0.000,0.045,0,1461,1461,0.000,0.000,0.000
[WARNING] [stderr] 2026-08-09T00:49:23.072-0600	INFO	ForkJoinPool-1-worker-1	stdout	operator_cpu,nitro,33/ExchangeOperator@4477,2,0.000,0.367,0.000,0,500000,500000,69.850,1.870,0.000
[WARNING] [stderr] 2026-08-09T00:49:23.072-0600	INFO	ForkJoinPool-1-worker-1	stdout	operator_cpu,nitro,33/LocalExchangeSourceOperator@5734,2,0.000,0.067,0.000,0,500000,500000,519.080,0.000,0.000
[WARNING] [stderr] 2026-08-09T00:49:23.072-0600	INFO	ForkJoinPool-1-worker-1	stdout	operator_cpu,nitro,33/ExchangeOperator@4476,2,0.000,44.420,0.000,0,16554780,16554780,1136.910,18.952,0.000
[WARNING] [stderr] 2026-08-09T00:49:23.072-0600	INFO	ForkJoinPool-1-worker-1	stdout	operator_cpu,nitro,33/PartitionedOutputOperator@122,2,189.020,0.000,0.570,0,16164994,16164994,549.460,0.000,0.000
[WARNING] [stderr] 2026-08-09T00:49:23.072-0600	INFO	ForkJoinPool-1-worker-1	stdout	operator_cpu,nitro,33/TrinoNitroHashJoinOperator@122,2,2.700,687.820,0.076,0,16554780,16164994,653.530,9.864,0.000
[WARNING] [stderr] 2026-08-09T00:49:23.072-0600	INFO	ForkJoinPool-1-worker-1	stdout	operator_cpu,nitro,33/TrinoNitroHashBuildOperator@122,2,0.050,0.000,6.290,0,500000,0,5220.000,6.655,0.000
[WARNING] [stderr] 2026-08-09T00:49:23.072-0600	INFO	ForkJoinPool-1-worker-1	stdout	operator_cpu,nitro,33/LocalExchangeSinkOperator@5734,2,0.076,0.000,0.035,0,500000,500000,0.000,0.000,0.000
[WARNING] [stderr] 2026-08-09T00:49:23.072-0600	INFO	ForkJoinPool-1-worker-1	stdout	operator_cpu,nitro,33/DynamicFilterSourceOperator@122,2,1.545,0.019,0.265,0,500000,500000,0.000,0.001,0.000
[WARNING] [stderr] 2026-08-09T00:49:23.072-0600	INFO	ForkJoinPool-1-worker-1	stdout	operator_cpu,nitro,36/TrinoNitroPipelineSourceOperator@2386,1,0.000,0.783,0.000,73049,1461,1461,0.000,0.540,0.000
[WARNING] [stderr] 2026-08-09T00:49:23.072-0600	INFO	ForkJoinPool-1-worker-1	stdout	operator_cpu,nitro,36/PartitionedOutputOperator@2386,1,0.015,0.000,0.034,0,1461,1461,0.000,0.000,0.000
[WARNING] [stderr] 2026-08-09T00:49:23.072-0600	INFO	ForkJoinPool-1-worker-1	stdout	operator_cpu,nitro,16/TrinoNitroPipelineSourceOperator@5059,12,0.000,654.540,0.000,28800991,16554780,16554780,100.280,1.221,0.000
[WARNING] [stderr] 2026-08-09T00:49:23.072-0600	INFO	ForkJoinPool-1-worker-1	stdout	operator_cpu,nitro,16/PartitionedOutputOperator@5059,12,358.420,0.000,0.717,0,16554780,16554780,1836.100,0.000,0.000
[WARNING] [stderr] 2026-08-09T00:49:23.072-0600	INFO	ForkJoinPool-1-worker-1	stdout	operator_cpu,nitro,17/TrinoNitroPipelineSourceOperator@37,1,0.000,4.660,0.000,500000,500000,500000,0.000,0.086,0.000
[WARNING] [stderr] 2026-08-09T00:49:23.072-0600	INFO	ForkJoinPool-1-worker-1	stdout	operator_cpu,nitro,17/PartitionedOutputOperator@37,1,1.710,0.000,0.033,0,500000,500000,0.000,0.000,0.000
[WARNING] [stderr] 2026-08-09T00:49:23.072-0600	INFO	ForkJoinPool-1-worker-1	stdout	operator_cpu,nitro,34/TrinoNitroPipelineSourceOperator@5102,12,0.000,626.070,0.000,28800991,16554780,16554780,344.980,1.221,0.000
[WARNING] [stderr] 2026-08-09T00:49:23.072-0600	INFO	ForkJoinPool-1-worker-1	stdout	operator_cpu,nitro,34/PartitionedOutputOperator@5102,12,347.540,0.000,0.415,0,16554780,16554780,2576.240,0.000,0.000
[WARNING] [stderr] 2026-08-09T00:49:23.072-0600	INFO	ForkJoinPool-1-worker-1	stdout	operator_cpu,nitro,35/TrinoNitroPipelineSourceOperator@121,1,0.000,4.830,0.000,500000,500000,500000,0.000,0.086,0.000
[WARNING] [stderr] 2026-08-09T00:49:23.072-0600	INFO	ForkJoinPool-1-worker-1	stdout	operator_cpu,nitro,35/PartitionedOutputOperator@121,1,1.910,0.000,0.052,0,500000,500000,0.000,0.000,0.000
[WARNING] [stderr] 2026-08-09T00:49:23.072-0600	INFO	ForkJoinPool-1-worker-1	stdout	operator_metric,nitro,0/TrinoNitroAggregationOperator@174,nitroAggregationOutputNanos,17032
[WARNING] [stderr] 2026-08-09T00:49:23.072-0600	INFO	ForkJoinPool-1-worker-1	stdout	operator_metric,nitro,0/TrinoNitroAggregationOperator@174,nitroAggregationPipelineNanos,0
[WARNING] [stderr] 2026-08-09T00:49:23.072-0600	INFO	ForkJoinPool-1-worker-1	stdout	operator_metric,nitro,0/TrinoNitroAggregationOperator@174,nitroAggregationGroupingNanos,0
[WARNING] [stderr] 2026-08-09T00:49:23.072-0600	INFO	ForkJoinPool-1-worker-1	stdout	operator_metric,nitro,0/TrinoNitroAggregationOperator@174,nitroAggregationAccumulationNanos,0
[WARNING] [stderr] 2026-08-09T00:49:23.072-0600	INFO	ForkJoinPool-1-worker-1	stdout	operator_metric,nitro,0/TrinoNitroAggregationOperator@174,nitroBoundaryPageEgressBytes,17
[WARNING] [stderr] 2026-08-09T00:49:23.072-0600	INFO	ForkJoinPool-1-worker-1	stdout	operator_metric,nitro,0/TrinoNitroAggregationOperator@174,nitroBoundaryNativeEgressDictionaryChannelPositions,0
[WARNING] [stderr] 2026-08-09T00:49:23.072-0600	INFO	ForkJoinPool-1-worker-1	stdout	operator_metric,nitro,0/TrinoNitroAggregationOperator@174,nitroAggregationFusedNanos,0
[WARNING] [stderr] 2026-08-09T00:49:23.072-0600	INFO	ForkJoinPool-1-worker-1	stdout	operator_metric,nitro,0/TrinoNitroAggregationOperator@174,nitroAggregationFlushNanos,0
[WARNING] [stderr] 2026-08-09T00:49:23.072-0600	INFO	ForkJoinPool-1-worker-1	stdout	operator_metric,nitro,0/TrinoNitroAggregationOperator@174,nitroBoundaryPageEgressPositions,1
[WARNING] [stderr] 2026-08-09T00:49:23.072-0600	INFO	ForkJoinPool-1-worker-1	stdout	operator_metric,nitro,0/TrinoNitroAggregationOperator@174,nitroBoundaryPageIngressBytes,20
[WARNING] [stderr] 2026-08-09T00:49:23.072-0600	INFO	ForkJoinPool-1-worker-1	stdout	operator_metric,nitro,0/TrinoNitroAggregationOperator@174,nitroBoundaryPageIngressPositions,4
[WARNING] [stderr] 2026-08-09T00:49:23.072-0600	INFO	ForkJoinPool-1-worker-1	stdout	operator_metric,nitro,0/TrinoNitroAggregationOperator@174,nitroBoundaryPageIngressDictionaryChannelPositions,0
[WARNING] [stderr] 2026-08-09T00:49:23.072-0600	INFO	ForkJoinPool-1-worker-1	stdout	operator_metric,nitro,0/TrinoNitroAggregationOperator@174,nitroBoundaryPageEgressDictionaryChannelPositions,0
[WARNING] [stderr] 2026-08-09T00:49:23.072-0600	INFO	ForkJoinPool-1-worker-1	stdout	operator_metric,nitro,0/TrinoNitroAggregationOperator@174,nitroAggregationInputNanos,46359
[WARNING] [stderr] 2026-08-09T00:49:23.072-0600	INFO	ForkJoinPool-1-worker-1	stdout	operator_metric,nitro,0/TrinoNitroAggregationOperator@174,nitroAggregationInitialAggregationNanos,0
[WARNING] [stderr] 2026-08-09T00:49:23.072-0600	INFO	ForkJoinPool-1-worker-1	stdout	operator_metric,nitro,0/TrinoNitroAggregationOperator@174,nitroBoundaryPageEgressRunLengthChannelPositions,0
[WARNING] [stderr] 2026-08-09T00:49:23.072-0600	INFO	ForkJoinPool-1-worker-1	stdout	operator_metric,nitro,0/TrinoNitroAggregationOperator@174,nitroBoundaryPageIngressRunLengthChannelPositions,0
[WARNING] [stderr] 2026-08-09T00:49:23.072-0600	INFO	ForkJoinPool-1-worker-1	stdout	operator_metric,nitro,0/TrinoNitroAggregationOperator@174,nitroAggregationInitialFlatKeyNanos,0
[WARNING] [stderr] 2026-08-09T00:49:23.072-0600	INFO	ForkJoinPool-1-worker-1	stdout	operator_metric,nitro,0/TrinoNitroAggregationOperator@174,nitroBoundaryNativeEgressRunLengthChannelPositions,0
[WARNING] [stderr] 2026-08-09T00:49:23.072-0600	INFO	ForkJoinPool-1-worker-1	stdout	operator_metric,nitro,0/TrinoNitroAggregationOperator@174,nitroAggregationStatePreparationNanos,0
[WARNING] [stderr] 2026-08-09T00:49:23.072-0600	INFO	ForkJoinPool-1-worker-1	stdout	operator_metric,nitro,0/TrinoNitroAggregationOperator@174,nitroBoundaryNativeEgressFlatChannelPositions,1
[WARNING] [stderr] 2026-08-09T00:49:23.072-0600	INFO	ForkJoinPool-1-worker-1	stdout	operator_metric,nitro,0/TrinoNitroAggregationOperator@174,nitroBoundaryPageIngressFlatChannelPositions,4
[WARNING] [stderr] 2026-08-09T00:49:23.072-0600	INFO	ForkJoinPool-1-worker-1	stdout	operator_metric,nitro,0/TrinoNitroAggregationOperator@174,nitroBoundaryPageEgressFlatChannelPositions,1
[WARNING] [stderr] 2026-08-09T00:49:23.072-0600	INFO	ForkJoinPool-1-worker-1	stdout	operator_metric,nitro,0/TrinoNitroAggregationOperator@174,nitroBoundaryPageEgressPages,1
[WARNING] [stderr] 2026-08-09T00:49:23.072-0600	INFO	ForkJoinPool-1-worker-1	stdout	operator_metric,nitro,0/TrinoNitroAggregationOperator@174,nitroBoundaryPageIngressPages,4
[WARNING] [stderr] 2026-08-09T00:49:23.072-0600	INFO	ForkJoinPool-1-worker-1	stdout	operator_metric,nitro,0/TrinoNitroAggregationOperator@174,nitroAggregationInitialKeyNanos,0
[WARNING] [stderr] 2026-08-09T00:49:23.072-0600	INFO	ForkJoinPool-1-worker-1	stdout	operator_metric,nitro,0/TrinoNitroAggregationOperator@174,nitroAggregationInitialEncodedKeyNanos,0
[WARNING] [stderr] 2026-08-09T00:49:23.072-0600	INFO	ForkJoinPool-1-worker-1	stdout	operator_metric,nitro,1/TrinoNitroHashJoinOperator@30,nitroBoundaryPageEgressPages,3279
[WARNING] [stderr] 2026-08-09T00:49:23.072-0600	INFO	ForkJoinPool-1-worker-1	stdout	operator_metric,nitro,1/TrinoNitroHashJoinOperator@30,nitroBoundaryPageIngressFlatChannelPositions,86402973
[WARNING] [stderr] 2026-08-09T00:49:23.072-0600	INFO	ForkJoinPool-1-worker-1	stdout	operator_metric,nitro,1/TrinoNitroHashJoinOperator@30,nitroBoundaryPageEgressRunLengthChannelPositions,0
[WARNING] [stderr] 2026-08-09T00:49:23.072-0600	INFO	ForkJoinPool-1-worker-1	stdout	operator_metric,nitro,1/TrinoNitroHashJoinOperator@30,nitroBoundaryNativeEgressFlatChannelPositions,82514214
[WARNING] [stderr] 2026-08-09T00:49:23.072-0600	INFO	ForkJoinPool-1-worker-1	stdout	operator_metric,nitro,1/TrinoNitroHashJoinOperator@30,nitroBoundaryNativeEgressRunLengthChannelPositions,0
[WARNING] [stderr] 2026-08-09T00:49:23.072-0600	INFO	ForkJoinPool-1-worker-1	stdout	operator_metric,nitro,1/TrinoNitroHashJoinOperator@30,nitroBoundaryPageEgressDictionaryChannelPositions,0
[WARNING] [stderr] 2026-08-09T00:49:23.072-0600	INFO	ForkJoinPool-1-worker-1	stdout	operator_metric,nitro,1/TrinoNitroHashJoinOperator@30,nitroBoundaryPageEgressBytes,632608974
[WARNING] [stderr] 2026-08-09T00:49:23.072-0600	INFO	ForkJoinPool-1-worker-1	stdout	operator_metric,nitro,1/TrinoNitroHashJoinOperator@30,nitroBoundaryPageIngressPages,825
[WARNING] [stderr] 2026-08-09T00:49:23.072-0600	INFO	ForkJoinPool-1-worker-1	stdout	operator_metric,nitro,1/TrinoNitroHashJoinOperator@30,nitroBoundaryPageIngressPositions,28800991
[WARNING] [stderr] 2026-08-09T00:49:23.072-0600	INFO	ForkJoinPool-1-worker-1	stdout	operator_metric,nitro,1/TrinoNitroHashJoinOperator@30,nitroBoundaryPageIngressRunLengthChannelPositions,0
[WARNING] [stderr] 2026-08-09T00:49:23.072-0600	INFO	ForkJoinPool-1-worker-1	stdout	operator_metric,nitro,1/TrinoNitroHashJoinOperator@30,nitroBoundaryNativeEgressDictionaryChannelPositions,0
[WARNING] [stderr] 2026-08-09T00:49:23.072-0600	INFO	ForkJoinPool-1-worker-1	stdout	operator_metric,nitro,1/TrinoNitroHashJoinOperator@30,nitroBoundaryPageEgressFlatChannelPositions,82514214
[WARNING] [stderr] 2026-08-09T00:49:23.072-0600	INFO	ForkJoinPool-1-worker-1	stdout	operator_metric,nitro,1/TrinoNitroHashJoinOperator@30,nitroBoundaryPageEgressPositions,27504738
[WARNING] [stderr] 2026-08-09T00:49:23.072-0600	INFO	ForkJoinPool-1-worker-1	stdout	operator_metric,nitro,1/TrinoNitroHashJoinOperator@30,nitroBoundaryPageIngressBytes,662422793
[WARNING] [stderr] 2026-08-09T00:49:23.072-0600	INFO	ForkJoinPool-1-worker-1	stdout	operator_metric,nitro,1/TrinoNitroHashJoinOperator@30,nitroBoundaryPageIngressDictionaryChannelPositions,0
[WARNING] [stderr] 2026-08-09T00:49:23.072-0600	INFO	ForkJoinPool-1-worker-1	stdout	operator_metric,nitro,1/TrinoNitroAggregationOperator@6051,nitroAggregationInitialEncodedKeyNanos,0
[WARNING] [stderr] 2026-08-09T00:49:23.072-0600	INFO	ForkJoinPool-1-worker-1	stdout	operator_metric,nitro,1/TrinoNitroAggregationOperator@6051,nitroAggregationFusedNanos,0
[WARNING] [stderr] 2026-08-09T00:49:23.072-0600	INFO	ForkJoinPool-1-worker-1	stdout	operator_metric,nitro,1/TrinoNitroAggregationOperator@6051,nitroBoundaryPageEgressFlatChannelPositions,2
[WARNING] [stderr] 2026-08-09T00:49:23.072-0600	INFO	ForkJoinPool-1-worker-1	stdout	operator_metric,nitro,1/TrinoNitroAggregationOperator@6051,nitroAggregationPipelineNanos,0
[WARNING] [stderr] 2026-08-09T00:49:23.072-0600	INFO	ForkJoinPool-1-worker-1	stdout	operator_metric,nitro,1/TrinoNitroAggregationOperator@6051,nitroBoundaryPageEgressDictionaryChannelPositions,0
[WARNING] [stderr] 2026-08-09T00:49:23.072-0600	INFO	ForkJoinPool-1-worker-1	stdout	operator_metric,nitro,1/TrinoNitroAggregationOperator@6051,nitroAggregationGroupingNanos,0
[WARNING] [stderr] 2026-08-09T00:49:23.072-0600	INFO	ForkJoinPool-1-worker-1	stdout	operator_metric,nitro,1/TrinoNitroAggregationOperator@6051,nitroBoundaryNativeEgressRunLengthChannelPositions,0
[WARNING] [stderr] 2026-08-09T00:49:23.072-0600	INFO	ForkJoinPool-1-worker-1	stdout	operator_metric,nitro,1/TrinoNitroAggregationOperator@6051,nitroAggregationOutputNanos,52008
[WARNING] [stderr] 2026-08-09T00:49:23.072-0600	INFO	ForkJoinPool-1-worker-1	stdout	operator_metric,nitro,1/TrinoNitroAggregationOperator@6051,nitroBoundaryPageEgressPositions,2
[WARNING] [stderr] 2026-08-09T00:49:23.072-0600	INFO	ForkJoinPool-1-worker-1	stdout	operator_metric,nitro,1/TrinoNitroAggregationOperator@6051,nitroAggregationInputNanos,0
[WARNING] [stderr] 2026-08-09T00:49:23.072-0600	INFO	ForkJoinPool-1-worker-1	stdout	operator_metric,nitro,1/TrinoNitroAggregationOperator@6051,nitroAggregationInitialAggregationNanos,0
[WARNING] [stderr] 2026-08-09T00:49:23.072-0600	INFO	ForkJoinPool-1-worker-1	stdout	operator_metric,nitro,1/TrinoNitroAggregationOperator@6051,nitroAggregationFlushNanos,0
[WARNING] [stderr] 2026-08-09T00:49:23.072-0600	INFO	ForkJoinPool-1-worker-1	stdout	operator_metric,nitro,1/TrinoNitroAggregationOperator@6051,nitroBoundaryPageEgressPages,2
[WARNING] [stderr] 2026-08-09T00:49:23.072-0600	INFO	ForkJoinPool-1-worker-1	stdout	operator_metric,nitro,1/TrinoNitroAggregationOperator@6051,nitroAggregationInitialFlatKeyNanos,0
[WARNING] [stderr] 2026-08-09T00:49:23.072-0600	INFO	ForkJoinPool-1-worker-1	stdout	operator_metric,nitro,1/TrinoNitroAggregationOperator@6051,nitroBoundaryNativeEgressFlatChannelPositions,2
[WARNING] [stderr] 2026-08-09T00:49:23.072-0600	INFO	ForkJoinPool-1-worker-1	stdout	operator_metric,nitro,1/TrinoNitroAggregationOperator@6051,nitroBoundaryNativeEgressDictionaryChannelPositions,0
[WARNING] [stderr] 2026-08-09T00:49:23.072-0600	INFO	ForkJoinPool-1-worker-1	stdout	operator_metric,nitro,1/TrinoNitroAggregationOperator@6051,nitroAggregationStatePreparationNanos,0
[WARNING] [stderr] 2026-08-09T00:49:23.072-0600	INFO	ForkJoinPool-1-worker-1	stdout	operator_metric,nitro,1/TrinoNitroAggregationOperator@6051,nitroBoundaryPageEgressRunLengthChannelPositions,0
[WARNING] [stderr] 2026-08-09T00:49:23.072-0600	INFO	ForkJoinPool-1-worker-1	stdout	operator_metric,nitro,1/TrinoNitroAggregationOperator@6051,nitroAggregationInitialKeyNanos,0
[WARNING] [stderr] 2026-08-09T00:49:23.072-0600	INFO	ForkJoinPool-1-worker-1	stdout	operator_metric,nitro,1/TrinoNitroAggregationOperator@6051,nitroAggregationAccumulationNanos,0
[WARNING] [stderr] 2026-08-09T00:49:23.072-0600	INFO	ForkJoinPool-1-worker-1	stdout	operator_metric,nitro,1/TrinoNitroAggregationOperator@6051,nitroBoundaryPageEgressBytes,10
[WARNING] [stderr] 2026-08-09T00:49:23.072-0600	INFO	ForkJoinPool-1-worker-1	stdout	operator_metric,nitro,1/TrinoNitroAggregationOperator@2036,nitroAggregationInitialEncodedKeyNanos,0
[WARNING] [stderr] 2026-08-09T00:49:23.072-0600	INFO	ForkJoinPool-1-worker-1	stdout	operator_metric,nitro,1/TrinoNitroAggregationOperator@2036,nitroAggregationFusedNanos,0
[WARNING] [stderr] 2026-08-09T00:49:23.072-0600	INFO	ForkJoinPool-1-worker-1	stdout	operator_metric,nitro,1/TrinoNitroAggregationOperator@2036,nitroBoundaryPageEgressFlatChannelPositions,61
[WARNING] [stderr] 2026-08-09T00:49:23.072-0600	INFO	ForkJoinPool-1-worker-1	stdout	operator_metric,nitro,1/TrinoNitroAggregationOperator@2036,nitroAggregationPipelineNanos,0
[WARNING] [stderr] 2026-08-09T00:49:23.072-0600	INFO	ForkJoinPool-1-worker-1	stdout	operator_metric,nitro,1/TrinoNitroAggregationOperator@2036,nitroBoundaryPageEgressDictionaryChannelPositions,0
[WARNING] [stderr] 2026-08-09T00:49:23.072-0600	INFO	ForkJoinPool-1-worker-1	stdout	operator_metric,nitro,1/TrinoNitroAggregationOperator@2036,nitroAggregationGroupingNanos,0
[WARNING] [stderr] 2026-08-09T00:49:23.072-0600	INFO	ForkJoinPool-1-worker-1	stdout	operator_metric,nitro,1/TrinoNitroAggregationOperator@2036,nitroBoundaryNativeEgressRunLengthChannelPositions,0
[WARNING] [stderr] 2026-08-09T00:49:23.072-0600	INFO	ForkJoinPool-1-worker-1	stdout	operator_metric,nitro,1/TrinoNitroAggregationOperator@2036,nitroAggregationOutputNanos,27061
[WARNING] [stderr] 2026-08-09T00:49:23.072-0600	INFO	ForkJoinPool-1-worker-1	stdout	operator_metric,nitro,1/TrinoNitroAggregationOperator@2036,nitroBoundaryPageEgressPositions,61
[WARNING] [stderr] 2026-08-09T00:49:23.072-0600	INFO	ForkJoinPool-1-worker-1	stdout	operator_metric,nitro,1/TrinoNitroAggregationOperator@2036,nitroAggregationInputNanos,116106
[WARNING] [stderr] 2026-08-09T00:49:23.072-0600	INFO	ForkJoinPool-1-worker-1	stdout	operator_metric,nitro,1/TrinoNitroAggregationOperator@2036,nitroAggregationInitialAggregationNanos,0
[WARNING] [stderr] 2026-08-09T00:49:23.072-0600	INFO	ForkJoinPool-1-worker-1	stdout	operator_metric,nitro,1/TrinoNitroAggregationOperator@2036,nitroAggregationFlushNanos,0
[WARNING] [stderr] 2026-08-09T00:49:23.072-0600	INFO	ForkJoinPool-1-worker-1	stdout	operator_metric,nitro,1/TrinoNitroAggregationOperator@2036,nitroBoundaryPageEgressPages,18
[WARNING] [stderr] 2026-08-09T00:49:23.072-0600	INFO	ForkJoinPool-1-worker-1	stdout	operator_metric,nitro,1/TrinoNitroAggregationOperator@2036,nitroAggregationInitialFlatKeyNanos,0
[WARNING] [stderr] 2026-08-09T00:49:23.072-0600	INFO	ForkJoinPool-1-worker-1	stdout	operator_metric,nitro,1/TrinoNitroAggregationOperator@2036,nitroBoundaryNativeEgressFlatChannelPositions,61
[WARNING] [stderr] 2026-08-09T00:49:23.072-0600	INFO	ForkJoinPool-1-worker-1	stdout	operator_metric,nitro,1/TrinoNitroAggregationOperator@2036,nitroBoundaryNativeEgressDictionaryChannelPositions,0
[WARNING] [stderr] 2026-08-09T00:49:23.072-0600	INFO	ForkJoinPool-1-worker-1	stdout	operator_metric,nitro,1/TrinoNitroAggregationOperator@2036,nitroAggregationStatePreparationNanos,0
[WARNING] [stderr] 2026-08-09T00:49:23.072-0600	INFO	ForkJoinPool-1-worker-1	stdout	operator_metric,nitro,1/TrinoNitroAggregationOperator@2036,nitroBoundaryPageEgressRunLengthChannelPositions,0
[WARNING] [stderr] 2026-08-09T00:49:23.072-0600	INFO	ForkJoinPool-1-worker-1	stdout	operator_metric,nitro,1/TrinoNitroAggregationOperator@2036,nitroAggregationInitialKeyNanos,0
[WARNING] [stderr] 2026-08-09T00:49:23.072-0600	INFO	ForkJoinPool-1-worker-1	stdout	operator_metric,nitro,1/TrinoNitroAggregationOperator@2036,nitroAggregationAccumulationNanos,0
[WARNING] [stderr] 2026-08-09T00:49:23.072-0600	INFO	ForkJoinPool-1-worker-1	stdout	operator_metric,nitro,1/TrinoNitroAggregationOperator@2036,nitroBoundaryPageEgressBytes,549
[WARNING] [stderr] 2026-08-09T00:49:23.072-0600	INFO	ForkJoinPool-1-worker-1	stdout	operator_metric,nitro,1/TrinoNitroAggregationOperator@6078,nitroAggregationInitialAggregationNanos,0
[WARNING] [stderr] 2026-08-09T00:49:23.072-0600	INFO	ForkJoinPool-1-worker-1	stdout	operator_metric,nitro,1/TrinoNitroAggregationOperator@6078,nitroBoundaryPageIngressFlatChannelPositions,82514214
[WARNING] [stderr] 2026-08-09T00:49:23.072-0600	INFO	ForkJoinPool-1-worker-1	stdout	operator_metric,nitro,1/TrinoNitroAggregationOperator@6078,nitroAggregationGroupingNanos,475123694
[WARNING] [stderr] 2026-08-09T00:49:23.072-0600	INFO	ForkJoinPool-1-worker-1	stdout	operator_metric,nitro,1/TrinoNitroAggregationOperator@6078,nitroBoundaryNativeExchangeBatches,2
[WARNING] [stderr] 2026-08-09T00:49:23.072-0600	INFO	ForkJoinPool-1-worker-1	stdout	operator_metric,nitro,1/TrinoNitroAggregationOperator@6078,nitroAggregationInitialEncodedKeyNanos,0
[WARNING] [stderr] 2026-08-09T00:49:23.072-0600	INFO	ForkJoinPool-1-worker-1	stdout	operator_metric,nitro,1/TrinoNitroAggregationOperator@6078,nitroAggregationFusedNanos,0
[WARNING] [stderr] 2026-08-09T00:49:23.072-0600	INFO	ForkJoinPool-1-worker-1	stdout	operator_metric,nitro,1/TrinoNitroAggregationOperator@6078,nitroAggregationFlushNanos,0
[WARNING] [stderr] 2026-08-09T00:49:23.072-0600	INFO	ForkJoinPool-1-worker-1	stdout	operator_metric,nitro,1/TrinoNitroAggregationOperator@6078,nitroBoundaryPageIngressDictionaryChannelPositions,0
[WARNING] [stderr] 2026-08-09T00:49:23.072-0600	INFO	ForkJoinPool-1-worker-1	stdout	operator_metric,nitro,1/TrinoNitroAggregationOperator@6078,nitroBoundaryNativeExchangePositions,495848
[WARNING] [stderr] 2026-08-09T00:49:23.072-0600	INFO	ForkJoinPool-1-worker-1	stdout	operator_metric,nitro,1/TrinoNitroAggregationOperator@6078,nitroAggregationStatePreparationNanos,4290706
[WARNING] [stderr] 2026-08-09T00:49:23.072-0600	INFO	ForkJoinPool-1-worker-1	stdout	operator_metric,nitro,1/TrinoNitroAggregationOperator@6078,nitroBoundaryPageIngressBytes,632608974
[WARNING] [stderr] 2026-08-09T00:49:23.072-0600	INFO	ForkJoinPool-1-worker-1	stdout	operator_metric,nitro,1/TrinoNitroAggregationOperator@6078,nitroAggregationPipelineNanos,3891304
[WARNING] [stderr] 2026-08-09T00:49:23.072-0600	INFO	ForkJoinPool-1-worker-1	stdout	operator_metric,nitro,1/TrinoNitroAggregationOperator@6078,nitroAggregationOutputNanos,60745
[WARNING] [stderr] 2026-08-09T00:49:23.072-0600	INFO	ForkJoinPool-1-worker-1	stdout	operator_metric,nitro,1/TrinoNitroAggregationOperator@6078,nitroBoundaryNativeExchangeMaximumBatchBytes,18842232
[WARNING] [stderr] 2026-08-09T00:49:23.072-0600	INFO	ForkJoinPool-1-worker-1	stdout	operator_metric,nitro,1/TrinoNitroAggregationOperator@6078,nitroBoundaryNativeExchangeBytes,18842232
[WARNING] [stderr] 2026-08-09T00:49:23.072-0600	INFO	ForkJoinPool-1-worker-1	stdout	operator_metric,nitro,1/TrinoNitroAggregationOperator@6078,nitroBoundaryPageIngressPositions,27504738
[WARNING] [stderr] 2026-08-09T00:49:23.072-0600	INFO	ForkJoinPool-1-worker-1	stdout	operator_metric,nitro,1/TrinoNitroAggregationOperator@6078,nitroAggregationInitialFlatKeyNanos,0
[WARNING] [stderr] 2026-08-09T00:49:23.072-0600	INFO	ForkJoinPool-1-worker-1	stdout	operator_metric,nitro,1/TrinoNitroAggregationOperator@6078,nitroAggregationAccumulationNanos,1369193171
[WARNING] [stderr] 2026-08-09T00:49:23.072-0600	INFO	ForkJoinPool-1-worker-1	stdout	operator_metric,nitro,1/TrinoNitroAggregationOperator@6078,nitroBoundaryPageIngressRunLengthChannelPositions,0
[WARNING] [stderr] 2026-08-09T00:49:23.072-0600	INFO	ForkJoinPool-1-worker-1	stdout	operator_metric,nitro,1/TrinoNitroAggregationOperator@6078,nitroAggregationInitialKeyNanos,0
[WARNING] [stderr] 2026-08-09T00:49:23.072-0600	INFO	ForkJoinPool-1-worker-1	stdout	operator_metric,nitro,1/TrinoNitroAggregationOperator@6078,nitroBoundaryPageIngressPages,3279
[WARNING] [stderr] 2026-08-09T00:49:23.072-0600	INFO	ForkJoinPool-1-worker-1	stdout	operator_metric,nitro,1/TrinoNitroAggregationOperator@6078,nitroAggregationInputNanos,1849412903
[WARNING] [stderr] 2026-08-09T00:49:23.072-0600	INFO	ForkJoinPool-1-worker-1	stdout	operator_metric,nitro,1/TrinoNitroHashJoinOperator@1580,nitroBoundaryPageIngressPages,4
[WARNING] [stderr] 2026-08-09T00:49:23.072-0600	INFO	ForkJoinPool-1-worker-1	stdout	operator_metric,nitro,1/TrinoNitroHashJoinOperator@1580,nitroBoundaryPageIngressBytes,159643
[WARNING] [stderr] 2026-08-09T00:49:23.072-0600	INFO	ForkJoinPool-1-worker-1	stdout	operator_metric,nitro,1/TrinoNitroHashJoinOperator@1580,nitroBoundaryPageIngressPositions,6941
[WARNING] [stderr] 2026-08-09T00:49:23.072-0600	INFO	ForkJoinPool-1-worker-1	stdout	operator_metric,nitro,1/TrinoNitroHashJoinOperator@1580,nitroBoundaryPageIngressDictionaryChannelPositions,0
[WARNING] [stderr] 2026-08-09T00:49:23.072-0600	INFO	ForkJoinPool-1-worker-1	stdout	operator_metric,nitro,1/TrinoNitroHashJoinOperator@1580,nitroBoundaryPageIngressRunLengthChannelPositions,0
[WARNING] [stderr] 2026-08-09T00:49:23.072-0600	INFO	ForkJoinPool-1-worker-1	stdout	operator_metric,nitro,1/TrinoNitroHashJoinOperator@1580,nitroBoundaryPageIngressFlatChannelPositions,20823
[WARNING] [stderr] 2026-08-09T00:49:23.072-0600	INFO	ForkJoinPool-1-worker-1	stdout	operator_metric,nitro,1/TrinoNitroAggregationOperator@35,nitroAggregationInitialEncodedKeyNanos,0
[WARNING] [stderr] 2026-08-09T00:49:23.072-0600	INFO	ForkJoinPool-1-worker-1	stdout	operator_metric,nitro,1/TrinoNitroAggregationOperator@35,nitroAggregationFusedNanos,0
[WARNING] [stderr] 2026-08-09T00:49:23.072-0600	INFO	ForkJoinPool-1-worker-1	stdout	operator_metric,nitro,1/TrinoNitroAggregationOperator@35,nitroBoundaryPageEgressFlatChannelPositions,991696
[WARNING] [stderr] 2026-08-09T00:49:23.072-0600	INFO	ForkJoinPool-1-worker-1	stdout	operator_metric,nitro,1/TrinoNitroAggregationOperator@35,nitroAggregationPipelineNanos,0
[WARNING] [stderr] 2026-08-09T00:49:23.072-0600	INFO	ForkJoinPool-1-worker-1	stdout	operator_metric,nitro,1/TrinoNitroAggregationOperator@35,nitroBoundaryPageEgressDictionaryChannelPositions,0
[WARNING] [stderr] 2026-08-09T00:49:23.072-0600	INFO	ForkJoinPool-1-worker-1	stdout	operator_metric,nitro,1/TrinoNitroAggregationOperator@35,nitroAggregationGroupingNanos,9065696
[WARNING] [stderr] 2026-08-09T00:49:23.072-0600	INFO	ForkJoinPool-1-worker-1	stdout	operator_metric,nitro,1/TrinoNitroAggregationOperator@35,nitroBoundaryNativeEgressRunLengthChannelPositions,0
[WARNING] [stderr] 2026-08-09T00:49:23.072-0600	INFO	ForkJoinPool-1-worker-1	stdout	operator_metric,nitro,1/TrinoNitroAggregationOperator@35,nitroAggregationOutputNanos,24132
[WARNING] [stderr] 2026-08-09T00:49:23.072-0600	INFO	ForkJoinPool-1-worker-1	stdout	operator_metric,nitro,1/TrinoNitroAggregationOperator@35,nitroBoundaryPageEgressPositions,495848
[WARNING] [stderr] 2026-08-09T00:49:23.072-0600	INFO	ForkJoinPool-1-worker-1	stdout	operator_metric,nitro,1/TrinoNitroAggregationOperator@35,nitroAggregationInputNanos,13499501
[WARNING] [stderr] 2026-08-09T00:49:23.072-0600	INFO	ForkJoinPool-1-worker-1	stdout	operator_metric,nitro,1/TrinoNitroAggregationOperator@35,nitroAggregationInitialAggregationNanos,0
[WARNING] [stderr] 2026-08-09T00:49:23.072-0600	INFO	ForkJoinPool-1-worker-1	stdout	operator_metric,nitro,1/TrinoNitroAggregationOperator@35,nitroAggregationFlushNanos,0
[WARNING] [stderr] 2026-08-09T00:49:23.072-0600	INFO	ForkJoinPool-1-worker-1	stdout	operator_metric,nitro,1/TrinoNitroAggregationOperator@35,nitroBoundaryPageEgressPages,32
[WARNING] [stderr] 2026-08-09T00:49:23.072-0600	INFO	ForkJoinPool-1-worker-1	stdout	operator_metric,nitro,1/TrinoNitroAggregationOperator@35,nitroAggregationInitialFlatKeyNanos,0
[WARNING] [stderr] 2026-08-09T00:49:23.072-0600	INFO	ForkJoinPool-1-worker-1	stdout	operator_metric,nitro,1/TrinoNitroAggregationOperator@35,nitroBoundaryNativeEgressFlatChannelPositions,991696
[WARNING] [stderr] 2026-08-09T00:49:23.072-0600	INFO	ForkJoinPool-1-worker-1	stdout	operator_metric,nitro,1/TrinoNitroAggregationOperator@35,nitroBoundaryNativeEgressDictionaryChannelPositions,0
[WARNING] [stderr] 2026-08-09T00:49:23.072-0600	INFO	ForkJoinPool-1-worker-1	stdout	operator_metric,nitro,1/TrinoNitroAggregationOperator@35,nitroAggregationStatePreparationNanos,1588595
[WARNING] [stderr] 2026-08-09T00:49:23.072-0600	INFO	ForkJoinPool-1-worker-1	stdout	operator_metric,nitro,1/TrinoNitroAggregationOperator@35,nitroBoundaryPageEgressRunLengthChannelPositions,0
[WARNING] [stderr] 2026-08-09T00:49:23.072-0600	INFO	ForkJoinPool-1-worker-1	stdout	operator_metric,nitro,1/TrinoNitroAggregationOperator@35,nitroAggregationInitialKeyNanos,0
[WARNING] [stderr] 2026-08-09T00:49:23.072-0600	INFO	ForkJoinPool-1-worker-1	stdout	operator_metric,nitro,1/TrinoNitroAggregationOperator@35,nitroAggregationAccumulationNanos,2290262
[WARNING] [stderr] 2026-08-09T00:49:23.072-0600	INFO	ForkJoinPool-1-worker-1	stdout	operator_metric,nitro,1/TrinoNitroAggregationOperator@35,nitroBoundaryPageEgressBytes,12892048
[WARNING] [stderr] 2026-08-09T00:49:23.072-0600	INFO	ForkJoinPool-1-worker-1	stdout	operator_metric,nitro,1/TrinoNitroHashJoinOperator@64,nitroBoundaryPageEgressPages,32
[WARNING] [stderr] 2026-08-09T00:49:23.072-0600	INFO	ForkJoinPool-1-worker-1	stdout	operator_metric,nitro,1/TrinoNitroHashJoinOperator@64,nitroBoundaryPageIngressFlatChannelPositions,991696
[WARNING] [stderr] 2026-08-09T00:49:23.072-0600	INFO	ForkJoinPool-1-worker-1	stdout	operator_metric,nitro,1/TrinoNitroHashJoinOperator@64,nitroBoundaryPageEgressRunLengthChannelPositions,0
[WARNING] [stderr] 2026-08-09T00:49:23.072-0600	INFO	ForkJoinPool-1-worker-1	stdout	operator_metric,nitro,1/TrinoNitroHashJoinOperator@64,nitroBoundaryNativeEgressFlatChannelPositions,1487544
[WARNING] [stderr] 2026-08-09T00:49:23.072-0600	INFO	ForkJoinPool-1-worker-1	stdout	operator_metric,nitro,1/TrinoNitroHashJoinOperator@64,nitroBoundaryNativeEgressRunLengthChannelPositions,0
[WARNING] [stderr] 2026-08-09T00:49:23.072-0600	INFO	ForkJoinPool-1-worker-1	stdout	operator_metric,nitro,1/TrinoNitroHashJoinOperator@64,nitroBoundaryPageEgressDictionaryChannelPositions,0
[WARNING] [stderr] 2026-08-09T00:49:23.072-0600	INFO	ForkJoinPool-1-worker-1	stdout	operator_metric,nitro,1/TrinoNitroHashJoinOperator@64,nitroBoundaryPageEgressBytes,21321464
[WARNING] [stderr] 2026-08-09T00:49:23.072-0600	INFO	ForkJoinPool-1-worker-1	stdout	operator_metric,nitro,1/TrinoNitroHashJoinOperator@64,nitroBoundaryPageIngressPages,32
[WARNING] [stderr] 2026-08-09T00:49:23.072-0600	INFO	ForkJoinPool-1-worker-1	stdout	operator_metric,nitro,1/TrinoNitroHashJoinOperator@64,nitroBoundaryPageIngressPositions,495848
[WARNING] [stderr] 2026-08-09T00:49:23.072-0600	INFO	ForkJoinPool-1-worker-1	stdout	operator_metric,nitro,1/TrinoNitroHashJoinOperator@64,nitroBoundaryPageIngressRunLengthChannelPositions,0
[WARNING] [stderr] 2026-08-09T00:49:23.072-0600	INFO	ForkJoinPool-1-worker-1	stdout	operator_metric,nitro,1/TrinoNitroHashJoinOperator@64,nitroBoundaryNativeEgressDictionaryChannelPositions,0
[WARNING] [stderr] 2026-08-09T00:49:23.072-0600	INFO	ForkJoinPool-1-worker-1	stdout	operator_metric,nitro,1/TrinoNitroHashJoinOperator@64,nitroBoundaryPageEgressFlatChannelPositions,1487544
[WARNING] [stderr] 2026-08-09T00:49:23.073-0600	INFO	ForkJoinPool-1-worker-1	stdout	operator_metric,nitro,1/TrinoNitroHashJoinOperator@64,nitroBoundaryPageEgressPositions,495848
[WARNING] [stderr] 2026-08-09T00:49:23.073-0600	INFO	ForkJoinPool-1-worker-1	stdout	operator_metric,nitro,1/TrinoNitroHashJoinOperator@64,nitroBoundaryPageIngressBytes,12892048
[WARNING] [stderr] 2026-08-09T00:49:23.073-0600	INFO	ForkJoinPool-1-worker-1	stdout	operator_metric,nitro,1/TrinoNitroHashJoinOperator@64,nitroBoundaryPageIngressDictionaryChannelPositions,0
[WARNING] [stderr] 2026-08-09T00:49:23.073-0600	INFO	ForkJoinPool-1-worker-1	stdout	operator_metric,nitro,19/TrinoNitroHashJoinOperator@114,nitroBoundaryPageEgressPages,3278
[WARNING] [stderr] 2026-08-09T00:49:23.073-0600	INFO	ForkJoinPool-1-worker-1	stdout	operator_metric,nitro,19/TrinoNitroHashJoinOperator@114,nitroBoundaryPageIngressFlatChannelPositions,86402973
[WARNING] [stderr] 2026-08-09T00:49:23.073-0600	INFO	ForkJoinPool-1-worker-1	stdout	operator_metric,nitro,19/TrinoNitroHashJoinOperator@114,nitroBoundaryPageEgressRunLengthChannelPositions,0
[WARNING] [stderr] 2026-08-09T00:49:23.073-0600	INFO	ForkJoinPool-1-worker-1	stdout	operator_metric,nitro,19/TrinoNitroHashJoinOperator@114,nitroBoundaryNativeEgressFlatChannelPositions,82514214
[WARNING] [stderr] 2026-08-09T00:49:23.073-0600	INFO	ForkJoinPool-1-worker-1	stdout	operator_metric,nitro,19/TrinoNitroHashJoinOperator@114,nitroBoundaryNativeEgressRunLengthChannelPositions,0
[WARNING] [stderr] 2026-08-09T00:49:23.073-0600	INFO	ForkJoinPool-1-worker-1	stdout	operator_metric,nitro,19/TrinoNitroHashJoinOperator@114,nitroBoundaryPageEgressDictionaryChannelPositions,0
[WARNING] [stderr] 2026-08-09T00:49:23.073-0600	INFO	ForkJoinPool-1-worker-1	stdout	operator_metric,nitro,19/TrinoNitroHashJoinOperator@114,nitroBoundaryPageEgressBytes,632608974
[WARNING] [stderr] 2026-08-09T00:49:23.073-0600	INFO	ForkJoinPool-1-worker-1	stdout	operator_metric,nitro,19/TrinoNitroHashJoinOperator@114,nitroBoundaryPageIngressPages,825
[WARNING] [stderr] 2026-08-09T00:49:23.073-0600	INFO	ForkJoinPool-1-worker-1	stdout	operator_metric,nitro,19/TrinoNitroHashJoinOperator@114,nitroBoundaryPageIngressPositions,28800991
[WARNING] [stderr] 2026-08-09T00:49:23.073-0600	INFO	ForkJoinPool-1-worker-1	stdout	operator_metric,nitro,19/TrinoNitroHashJoinOperator@114,nitroBoundaryPageIngressRunLengthChannelPositions,0
[WARNING] [stderr] 2026-08-09T00:49:23.073-0600	INFO	ForkJoinPool-1-worker-1	stdout	operator_metric,nitro,19/TrinoNitroHashJoinOperator@114,nitroBoundaryNativeEgressDictionaryChannelPositions,0
[WARNING] [stderr] 2026-08-09T00:49:23.073-0600	INFO	ForkJoinPool-1-worker-1	stdout	operator_metric,nitro,19/TrinoNitroHashJoinOperator@114,nitroBoundaryPageEgressFlatChannelPositions,82514214
[WARNING] [stderr] 2026-08-09T00:49:23.073-0600	INFO	ForkJoinPool-1-worker-1	stdout	operator_metric,nitro,19/TrinoNitroHashJoinOperator@114,nitroBoundaryPageEgressPositions,27504738
[WARNING] [stderr] 2026-08-09T00:49:23.073-0600	INFO	ForkJoinPool-1-worker-1	stdout	operator_metric,nitro,19/TrinoNitroHashJoinOperator@114,nitroBoundaryPageIngressBytes,662422793
[WARNING] [stderr] 2026-08-09T00:49:23.073-0600	INFO	ForkJoinPool-1-worker-1	stdout	operator_metric,nitro,19/TrinoNitroHashJoinOperator@114,nitroBoundaryPageIngressDictionaryChannelPositions,0
[WARNING] [stderr] 2026-08-09T00:49:23.073-0600	INFO	ForkJoinPool-1-worker-1	stdout	operator_metric,nitro,19/TrinoNitroAggregationOperator@6053,nitroAggregationInitialEncodedKeyNanos,0
[WARNING] [stderr] 2026-08-09T00:49:23.073-0600	INFO	ForkJoinPool-1-worker-1	stdout	operator_metric,nitro,19/TrinoNitroAggregationOperator@6053,nitroAggregationFusedNanos,0
[WARNING] [stderr] 2026-08-09T00:49:23.073-0600	INFO	ForkJoinPool-1-worker-1	stdout	operator_metric,nitro,19/TrinoNitroAggregationOperator@6053,nitroBoundaryPageEgressFlatChannelPositions,2
[WARNING] [stderr] 2026-08-09T00:49:23.073-0600	INFO	ForkJoinPool-1-worker-1	stdout	operator_metric,nitro,19/TrinoNitroAggregationOperator@6053,nitroAggregationPipelineNanos,0
[WARNING] [stderr] 2026-08-09T00:49:23.073-0600	INFO	ForkJoinPool-1-worker-1	stdout	operator_metric,nitro,19/TrinoNitroAggregationOperator@6053,nitroBoundaryPageEgressDictionaryChannelPositions,0
[WARNING] [stderr] 2026-08-09T00:49:23.073-0600	INFO	ForkJoinPool-1-worker-1	stdout	operator_metric,nitro,19/TrinoNitroAggregationOperator@6053,nitroAggregationGroupingNanos,0
[WARNING] [stderr] 2026-08-09T00:49:23.073-0600	INFO	ForkJoinPool-1-worker-1	stdout	operator_metric,nitro,19/TrinoNitroAggregationOperator@6053,nitroBoundaryNativeEgressRunLengthChannelPositions,0
[WARNING] [stderr] 2026-08-09T00:49:23.073-0600	INFO	ForkJoinPool-1-worker-1	stdout	operator_metric,nitro,19/TrinoNitroAggregationOperator@6053,nitroAggregationOutputNanos,53631
[WARNING] [stderr] 2026-08-09T00:49:23.073-0600	INFO	ForkJoinPool-1-worker-1	stdout	operator_metric,nitro,19/TrinoNitroAggregationOperator@6053,nitroBoundaryPageEgressPositions,2
[WARNING] [stderr] 2026-08-09T00:49:23.073-0600	INFO	ForkJoinPool-1-worker-1	stdout	operator_metric,nitro,19/TrinoNitroAggregationOperator@6053,nitroAggregationInputNanos,0
[WARNING] [stderr] 2026-08-09T00:49:23.073-0600	INFO	ForkJoinPool-1-worker-1	stdout	operator_metric,nitro,19/TrinoNitroAggregationOperator@6053,nitroAggregationInitialAggregationNanos,0
[WARNING] [stderr] 2026-08-09T00:49:23.073-0600	INFO	ForkJoinPool-1-worker-1	stdout	operator_metric,nitro,19/TrinoNitroAggregationOperator@6053,nitroAggregationFlushNanos,0
[WARNING] [stderr] 2026-08-09T00:49:23.073-0600	INFO	ForkJoinPool-1-worker-1	stdout	operator_metric,nitro,19/TrinoNitroAggregationOperator@6053,nitroBoundaryPageEgressPages,2
[WARNING] [stderr] 2026-08-09T00:49:23.073-0600	INFO	ForkJoinPool-1-worker-1	stdout	operator_metric,nitro,19/TrinoNitroAggregationOperator@6053,nitroAggregationInitialFlatKeyNanos,0
[WARNING] [stderr] 2026-08-09T00:49:23.073-0600	INFO	ForkJoinPool-1-worker-1	stdout	operator_metric,nitro,19/TrinoNitroAggregationOperator@6053,nitroBoundaryNativeEgressFlatChannelPositions,2
[WARNING] [stderr] 2026-08-09T00:49:23.073-0600	INFO	ForkJoinPool-1-worker-1	stdout	operator_metric,nitro,19/TrinoNitroAggregationOperator@6053,nitroBoundaryNativeEgressDictionaryChannelPositions,0
[WARNING] [stderr] 2026-08-09T00:49:23.073-0600	INFO	ForkJoinPool-1-worker-1	stdout	operator_metric,nitro,19/TrinoNitroAggregationOperator@6053,nitroAggregationStatePreparationNanos,0
[WARNING] [stderr] 2026-08-09T00:49:23.073-0600	INFO	ForkJoinPool-1-worker-1	stdout	operator_metric,nitro,19/TrinoNitroAggregationOperator@6053,nitroBoundaryPageEgressRunLengthChannelPositions,0
[WARNING] [stderr] 2026-08-09T00:49:23.073-0600	INFO	ForkJoinPool-1-worker-1	stdout	operator_metric,nitro,19/TrinoNitroAggregationOperator@6053,nitroAggregationInitialKeyNanos,0
[WARNING] [stderr] 2026-08-09T00:49:23.073-0600	INFO	ForkJoinPool-1-worker-1	stdout	operator_metric,nitro,19/TrinoNitroAggregationOperator@6053,nitroAggregationAccumulationNanos,0
[WARNING] [stderr] 2026-08-09T00:49:23.073-0600	INFO	ForkJoinPool-1-worker-1	stdout	operator_metric,nitro,19/TrinoNitroAggregationOperator@6053,nitroBoundaryPageEgressBytes,10
[WARNING] [stderr] 2026-08-09T00:49:23.073-0600	INFO	ForkJoinPool-1-worker-1	stdout	operator_metric,nitro,19/TrinoNitroAggregationOperator@2048,nitroAggregationInitialEncodedKeyNanos,0
[WARNING] [stderr] 2026-08-09T00:49:23.073-0600	INFO	ForkJoinPool-1-worker-1	stdout	operator_metric,nitro,19/TrinoNitroAggregationOperator@2048,nitroAggregationFusedNanos,0
[WARNING] [stderr] 2026-08-09T00:49:23.073-0600	INFO	ForkJoinPool-1-worker-1	stdout	operator_metric,nitro,19/TrinoNitroAggregationOperator@2048,nitroBoundaryPageEgressFlatChannelPositions,61
[WARNING] [stderr] 2026-08-09T00:49:23.073-0600	INFO	ForkJoinPool-1-worker-1	stdout	operator_metric,nitro,19/TrinoNitroAggregationOperator@2048,nitroAggregationPipelineNanos,0
[WARNING] [stderr] 2026-08-09T00:49:23.073-0600	INFO	ForkJoinPool-1-worker-1	stdout	operator_metric,nitro,19/TrinoNitroAggregationOperator@2048,nitroBoundaryPageEgressDictionaryChannelPositions,0
[WARNING] [stderr] 2026-08-09T00:49:23.073-0600	INFO	ForkJoinPool-1-worker-1	stdout	operator_metric,nitro,19/TrinoNitroAggregationOperator@2048,nitroAggregationGroupingNanos,0
[WARNING] [stderr] 2026-08-09T00:49:23.073-0600	INFO	ForkJoinPool-1-worker-1	stdout	operator_metric,nitro,19/TrinoNitroAggregationOperator@2048,nitroBoundaryNativeEgressRunLengthChannelPositions,0
[WARNING] [stderr] 2026-08-09T00:49:23.073-0600	INFO	ForkJoinPool-1-worker-1	stdout	operator_metric,nitro,19/TrinoNitroAggregationOperator@2048,nitroAggregationOutputNanos,33437
[WARNING] [stderr] 2026-08-09T00:49:23.073-0600	INFO	ForkJoinPool-1-worker-1	stdout	operator_metric,nitro,19/TrinoNitroAggregationOperator@2048,nitroBoundaryPageEgressPositions,61
[WARNING] [stderr] 2026-08-09T00:49:23.073-0600	INFO	ForkJoinPool-1-worker-1	stdout	operator_metric,nitro,19/TrinoNitroAggregationOperator@2048,nitroAggregationInputNanos,120350
[WARNING] [stderr] 2026-08-09T00:49:23.073-0600	INFO	ForkJoinPool-1-worker-1	stdout	operator_metric,nitro,19/TrinoNitroAggregationOperator@2048,nitroAggregationInitialAggregationNanos,0
[WARNING] [stderr] 2026-08-09T00:49:23.073-0600	INFO	ForkJoinPool-1-worker-1	stdout	operator_metric,nitro,19/TrinoNitroAggregationOperator@2048,nitroAggregationFlushNanos,0
[WARNING] [stderr] 2026-08-09T00:49:23.073-0600	INFO	ForkJoinPool-1-worker-1	stdout	operator_metric,nitro,19/TrinoNitroAggregationOperator@2048,nitroBoundaryPageEgressPages,19
[WARNING] [stderr] 2026-08-09T00:49:23.073-0600	INFO	ForkJoinPool-1-worker-1	stdout	operator_metric,nitro,19/TrinoNitroAggregationOperator@2048,nitroAggregationInitialFlatKeyNanos,0
[WARNING] [stderr] 2026-08-09T00:49:23.073-0600	INFO	ForkJoinPool-1-worker-1	stdout	operator_metric,nitro,19/TrinoNitroAggregationOperator@2048,nitroBoundaryNativeEgressFlatChannelPositions,61
[WARNING] [stderr] 2026-08-09T00:49:23.073-0600	INFO	ForkJoinPool-1-worker-1	stdout	operator_metric,nitro,19/TrinoNitroAggregationOperator@2048,nitroBoundaryNativeEgressDictionaryChannelPositions,0
[WARNING] [stderr] 2026-08-09T00:49:23.073-0600	INFO	ForkJoinPool-1-worker-1	stdout	operator_metric,nitro,19/TrinoNitroAggregationOperator@2048,nitroAggregationStatePreparationNanos,0
[WARNING] [stderr] 2026-08-09T00:49:23.073-0600	INFO	ForkJoinPool-1-worker-1	stdout	operator_metric,nitro,19/TrinoNitroAggregationOperator@2048,nitroBoundaryPageEgressRunLengthChannelPositions,0
[WARNING] [stderr] 2026-08-09T00:49:23.073-0600	INFO	ForkJoinPool-1-worker-1	stdout	operator_metric,nitro,19/TrinoNitroAggregationOperator@2048,nitroAggregationInitialKeyNanos,0
[WARNING] [stderr] 2026-08-09T00:49:23.073-0600	INFO	ForkJoinPool-1-worker-1	stdout	operator_metric,nitro,19/TrinoNitroAggregationOperator@2048,nitroAggregationAccumulationNanos,0
[WARNING] [stderr] 2026-08-09T00:49:23.073-0600	INFO	ForkJoinPool-1-worker-1	stdout	operator_metric,nitro,19/TrinoNitroAggregationOperator@2048,nitroBoundaryPageEgressBytes,549
[WARNING] [stderr] 2026-08-09T00:49:23.073-0600	INFO	ForkJoinPool-1-worker-1	stdout	operator_metric,nitro,19/TrinoNitroAggregationOperator@6136,nitroAggregationInitialAggregationNanos,0
[WARNING] [stderr] 2026-08-09T00:49:23.073-0600	INFO	ForkJoinPool-1-worker-1	stdout	operator_metric,nitro,19/TrinoNitroAggregationOperator@6136,nitroBoundaryPageIngressFlatChannelPositions,82514214
[WARNING] [stderr] 2026-08-09T00:49:23.073-0600	INFO	ForkJoinPool-1-worker-1	stdout	operator_metric,nitro,19/TrinoNitroAggregationOperator@6136,nitroAggregationGroupingNanos,433026046
[WARNING] [stderr] 2026-08-09T00:49:23.073-0600	INFO	ForkJoinPool-1-worker-1	stdout	operator_metric,nitro,19/TrinoNitroAggregationOperator@6136,nitroBoundaryNativeExchangeBatches,2
[WARNING] [stderr] 2026-08-09T00:49:23.073-0600	INFO	ForkJoinPool-1-worker-1	stdout	operator_metric,nitro,19/TrinoNitroAggregationOperator@6136,nitroAggregationInitialEncodedKeyNanos,0
[WARNING] [stderr] 2026-08-09T00:49:23.073-0600	INFO	ForkJoinPool-1-worker-1	stdout	operator_metric,nitro,19/TrinoNitroAggregationOperator@6136,nitroAggregationFusedNanos,0
[WARNING] [stderr] 2026-08-09T00:49:23.073-0600	INFO	ForkJoinPool-1-worker-1	stdout	operator_metric,nitro,19/TrinoNitroAggregationOperator@6136,nitroAggregationFlushNanos,0
[WARNING] [stderr] 2026-08-09T00:49:23.073-0600	INFO	ForkJoinPool-1-worker-1	stdout	operator_metric,nitro,19/TrinoNitroAggregationOperator@6136,nitroBoundaryPageIngressDictionaryChannelPositions,0
[WARNING] [stderr] 2026-08-09T00:49:23.073-0600	INFO	ForkJoinPool-1-worker-1	stdout	operator_metric,nitro,19/TrinoNitroAggregationOperator@6136,nitroBoundaryNativeExchangePositions,495848
[WARNING] [stderr] 2026-08-09T00:49:23.073-0600	INFO	ForkJoinPool-1-worker-1	stdout	operator_metric,nitro,19/TrinoNitroAggregationOperator@6136,nitroAggregationStatePreparationNanos,3032161
[WARNING] [stderr] 2026-08-09T00:49:23.073-0600	INFO	ForkJoinPool-1-worker-1	stdout	operator_metric,nitro,19/TrinoNitroAggregationOperator@6136,nitroBoundaryPageIngressBytes,632608974
[WARNING] [stderr] 2026-08-09T00:49:23.073-0600	INFO	ForkJoinPool-1-worker-1	stdout	operator_metric,nitro,19/TrinoNitroAggregationOperator@6136,nitroAggregationPipelineNanos,3336670
[WARNING] [stderr] 2026-08-09T00:49:23.073-0600	INFO	ForkJoinPool-1-worker-1	stdout	operator_metric,nitro,19/TrinoNitroAggregationOperator@6136,nitroAggregationOutputNanos,30527
[WARNING] [stderr] 2026-08-09T00:49:23.073-0600	INFO	ForkJoinPool-1-worker-1	stdout	operator_metric,nitro,19/TrinoNitroAggregationOperator@6136,nitroBoundaryNativeExchangeMaximumBatchBytes,18842232
[WARNING] [stderr] 2026-08-09T00:49:23.073-0600	INFO	ForkJoinPool-1-worker-1	stdout	operator_metric,nitro,19/TrinoNitroAggregationOperator@6136,nitroBoundaryNativeExchangeBytes,18842232
[WARNING] [stderr] 2026-08-09T00:49:23.073-0600	INFO	ForkJoinPool-1-worker-1	stdout	operator_metric,nitro,19/TrinoNitroAggregationOperator@6136,nitroBoundaryPageIngressPositions,27504738
[WARNING] [stderr] 2026-08-09T00:49:23.073-0600	INFO	ForkJoinPool-1-worker-1	stdout	operator_metric,nitro,19/TrinoNitroAggregationOperator@6136,nitroAggregationInitialFlatKeyNanos,0
[WARNING] [stderr] 2026-08-09T00:49:23.073-0600	INFO	ForkJoinPool-1-worker-1	stdout	operator_metric,nitro,19/TrinoNitroAggregationOperator@6136,nitroAggregationAccumulationNanos,1296530810
[WARNING] [stderr] 2026-08-09T00:49:23.073-0600	INFO	ForkJoinPool-1-worker-1	stdout	operator_metric,nitro,19/TrinoNitroAggregationOperator@6136,nitroBoundaryPageIngressRunLengthChannelPositions,0
[WARNING] [stderr] 2026-08-09T00:49:23.073-0600	INFO	ForkJoinPool-1-worker-1	stdout	operator_metric,nitro,19/TrinoNitroAggregationOperator@6136,nitroAggregationInitialKeyNanos,0
[WARNING] [stderr] 2026-08-09T00:49:23.073-0600	INFO	ForkJoinPool-1-worker-1	stdout	operator_metric,nitro,19/TrinoNitroAggregationOperator@6136,nitroBoundaryPageIngressPages,3278
[WARNING] [stderr] 2026-08-09T00:49:23.073-0600	INFO	ForkJoinPool-1-worker-1	stdout	operator_metric,nitro,19/TrinoNitroAggregationOperator@6136,nitroAggregationInputNanos,1733404981
[WARNING] [stderr] 2026-08-09T00:49:23.073-0600	INFO	ForkJoinPool-1-worker-1	stdout	operator_metric,nitro,19/TrinoNitroHashJoinOperator@1588,nitroBoundaryPageIngressPages,4
[WARNING] [stderr] 2026-08-09T00:49:23.073-0600	INFO	ForkJoinPool-1-worker-1	stdout	operator_metric,nitro,19/TrinoNitroHashJoinOperator@1588,nitroBoundaryPageIngressBytes,76291
[WARNING] [stderr] 2026-08-09T00:49:23.073-0600	INFO	ForkJoinPool-1-worker-1	stdout	operator_metric,nitro,19/TrinoNitroHashJoinOperator@1588,nitroBoundaryPageIngressPositions,3317
[WARNING] [stderr] 2026-08-09T00:49:23.073-0600	INFO	ForkJoinPool-1-worker-1	stdout	operator_metric,nitro,19/TrinoNitroHashJoinOperator@1588,nitroBoundaryPageIngressDictionaryChannelPositions,0
[WARNING] [stderr] 2026-08-09T00:49:23.073-0600	INFO	ForkJoinPool-1-worker-1	stdout	operator_metric,nitro,19/TrinoNitroHashJoinOperator@1588,nitroBoundaryPageIngressRunLengthChannelPositions,0
[WARNING] [stderr] 2026-08-09T00:49:23.073-0600	INFO	ForkJoinPool-1-worker-1	stdout	operator_metric,nitro,19/TrinoNitroHashJoinOperator@1588,nitroBoundaryPageIngressFlatChannelPositions,9951
[WARNING] [stderr] 2026-08-09T00:49:23.073-0600	INFO	ForkJoinPool-1-worker-1	stdout	operator_metric,nitro,19/TrinoNitroAggregationOperator@119,nitroAggregationInitialEncodedKeyNanos,0
[WARNING] [stderr] 2026-08-09T00:49:23.073-0600	INFO	ForkJoinPool-1-worker-1	stdout	operator_metric,nitro,19/TrinoNitroAggregationOperator@119,nitroAggregationFusedNanos,0
[WARNING] [stderr] 2026-08-09T00:49:23.073-0600	INFO	ForkJoinPool-1-worker-1	stdout	operator_metric,nitro,19/TrinoNitroAggregationOperator@119,nitroBoundaryPageEgressFlatChannelPositions,991696
[WARNING] [stderr] 2026-08-09T00:49:23.073-0600	INFO	ForkJoinPool-1-worker-1	stdout	operator_metric,nitro,19/TrinoNitroAggregationOperator@119,nitroAggregationPipelineNanos,0
[WARNING] [stderr] 2026-08-09T00:49:23.073-0600	INFO	ForkJoinPool-1-worker-1	stdout	operator_metric,nitro,19/TrinoNitroAggregationOperator@119,nitroBoundaryPageEgressDictionaryChannelPositions,0
[WARNING] [stderr] 2026-08-09T00:49:23.073-0600	INFO	ForkJoinPool-1-worker-1	stdout	operator_metric,nitro,19/TrinoNitroAggregationOperator@119,nitroAggregationGroupingNanos,6991474
[WARNING] [stderr] 2026-08-09T00:49:23.073-0600	INFO	ForkJoinPool-1-worker-1	stdout	operator_metric,nitro,19/TrinoNitroAggregationOperator@119,nitroBoundaryNativeEgressRunLengthChannelPositions,0
[WARNING] [stderr] 2026-08-09T00:49:23.073-0600	INFO	ForkJoinPool-1-worker-1	stdout	operator_metric,nitro,19/TrinoNitroAggregationOperator@119,nitroAggregationOutputNanos,20468
[WARNING] [stderr] 2026-08-09T00:49:23.073-0600	INFO	ForkJoinPool-1-worker-1	stdout	operator_metric,nitro,19/TrinoNitroAggregationOperator@119,nitroBoundaryPageEgressPositions,495848
[WARNING] [stderr] 2026-08-09T00:49:23.073-0600	INFO	ForkJoinPool-1-worker-1	stdout	operator_metric,nitro,19/TrinoNitroAggregationOperator@119,nitroAggregationInputNanos,10046170
[WARNING] [stderr] 2026-08-09T00:49:23.073-0600	INFO	ForkJoinPool-1-worker-1	stdout	operator_metric,nitro,19/TrinoNitroAggregationOperator@119,nitroAggregationInitialAggregationNanos,0
[WARNING] [stderr] 2026-08-09T00:49:23.073-0600	INFO	ForkJoinPool-1-worker-1	stdout	operator_metric,nitro,19/TrinoNitroAggregationOperator@119,nitroAggregationFlushNanos,0
[WARNING] [stderr] 2026-08-09T00:49:23.073-0600	INFO	ForkJoinPool-1-worker-1	stdout	operator_metric,nitro,19/TrinoNitroAggregationOperator@119,nitroBoundaryPageEgressPages,32
[WARNING] [stderr] 2026-08-09T00:49:23.073-0600	INFO	ForkJoinPool-1-worker-1	stdout	operator_metric,nitro,19/TrinoNitroAggregationOperator@119,nitroAggregationInitialFlatKeyNanos,0
[WARNING] [stderr] 2026-08-09T00:49:23.073-0600	INFO	ForkJoinPool-1-worker-1	stdout	operator_metric,nitro,19/TrinoNitroAggregationOperator@119,nitroBoundaryNativeEgressFlatChannelPositions,991696
[WARNING] [stderr] 2026-08-09T00:49:23.073-0600	INFO	ForkJoinPool-1-worker-1	stdout	operator_metric,nitro,19/TrinoNitroAggregationOperator@119,nitroBoundaryNativeEgressDictionaryChannelPositions,0
[WARNING] [stderr] 2026-08-09T00:49:23.073-0600	INFO	ForkJoinPool-1-worker-1	stdout	operator_metric,nitro,19/TrinoNitroAggregationOperator@119,nitroAggregationStatePreparationNanos,640411
[WARNING] [stderr] 2026-08-09T00:49:23.073-0600	INFO	ForkJoinPool-1-worker-1	stdout	operator_metric,nitro,19/TrinoNitroAggregationOperator@119,nitroBoundaryPageEgressRunLengthChannelPositions,0
[WARNING] [stderr] 2026-08-09T00:49:23.073-0600	INFO	ForkJoinPool-1-worker-1	stdout	operator_metric,nitro,19/TrinoNitroAggregationOperator@119,nitroAggregationInitialKeyNanos,0
[WARNING] [stderr] 2026-08-09T00:49:23.073-0600	INFO	ForkJoinPool-1-worker-1	stdout	operator_metric,nitro,19/TrinoNitroAggregationOperator@119,nitroAggregationAccumulationNanos,2180433
[WARNING] [stderr] 2026-08-09T00:49:23.073-0600	INFO	ForkJoinPool-1-worker-1	stdout	operator_metric,nitro,19/TrinoNitroAggregationOperator@119,nitroBoundaryPageEgressBytes,12892048
[WARNING] [stderr] 2026-08-09T00:49:23.073-0600	INFO	ForkJoinPool-1-worker-1	stdout	operator_metric,nitro,19/TrinoNitroHashJoinOperator@148,nitroBoundaryPageEgressPages,32
[WARNING] [stderr] 2026-08-09T00:49:23.073-0600	INFO	ForkJoinPool-1-worker-1	stdout	operator_metric,nitro,19/TrinoNitroHashJoinOperator@148,nitroBoundaryPageIngressFlatChannelPositions,991696
[WARNING] [stderr] 2026-08-09T00:49:23.073-0600	INFO	ForkJoinPool-1-worker-1	stdout	operator_metric,nitro,19/TrinoNitroHashJoinOperator@148,nitroBoundaryPageEgressRunLengthChannelPositions,0
[WARNING] [stderr] 2026-08-09T00:49:23.073-0600	INFO	ForkJoinPool-1-worker-1	stdout	operator_metric,nitro,19/TrinoNitroHashJoinOperator@148,nitroBoundaryNativeEgressFlatChannelPositions,1487544
[WARNING] [stderr] 2026-08-09T00:49:23.073-0600	INFO	ForkJoinPool-1-worker-1	stdout	operator_metric,nitro,19/TrinoNitroHashJoinOperator@148,nitroBoundaryNativeEgressRunLengthChannelPositions,0
[WARNING] [stderr] 2026-08-09T00:49:23.073-0600	INFO	ForkJoinPool-1-worker-1	stdout	operator_metric,nitro,19/TrinoNitroHashJoinOperator@148,nitroBoundaryPageEgressDictionaryChannelPositions,0
[WARNING] [stderr] 2026-08-09T00:49:23.073-0600	INFO	ForkJoinPool-1-worker-1	stdout	operator_metric,nitro,19/TrinoNitroHashJoinOperator@148,nitroBoundaryPageEgressBytes,21321464
[WARNING] [stderr] 2026-08-09T00:49:23.073-0600	INFO	ForkJoinPool-1-worker-1	stdout	operator_metric,nitro,19/TrinoNitroHashJoinOperator@148,nitroBoundaryPageIngressPages,32
[WARNING] [stderr] 2026-08-09T00:49:23.073-0600	INFO	ForkJoinPool-1-worker-1	stdout	operator_metric,nitro,19/TrinoNitroHashJoinOperator@148,nitroBoundaryPageIngressPositions,495848
[WARNING] [stderr] 2026-08-09T00:49:23.073-0600	INFO	ForkJoinPool-1-worker-1	stdout	operator_metric,nitro,19/TrinoNitroHashJoinOperator@148,nitroBoundaryPageIngressRunLengthChannelPositions,0
[WARNING] [stderr] 2026-08-09T00:49:23.073-0600	INFO	ForkJoinPool-1-worker-1	stdout	operator_metric,nitro,19/TrinoNitroHashJoinOperator@148,nitroBoundaryNativeEgressDictionaryChannelPositions,0
[WARNING] [stderr] 2026-08-09T00:49:23.073-0600	INFO	ForkJoinPool-1-worker-1	stdout	operator_metric,nitro,19/TrinoNitroHashJoinOperator@148,nitroBoundaryPageEgressFlatChannelPositions,1487544
[WARNING] [stderr] 2026-08-09T00:49:23.073-0600	INFO	ForkJoinPool-1-worker-1	stdout	operator_metric,nitro,19/TrinoNitroHashJoinOperator@148,nitroBoundaryPageEgressPositions,495848
[WARNING] [stderr] 2026-08-09T00:49:23.073-0600	INFO	ForkJoinPool-1-worker-1	stdout	operator_metric,nitro,19/TrinoNitroHashJoinOperator@148,nitroBoundaryPageIngressBytes,12892048
[WARNING] [stderr] 2026-08-09T00:49:23.073-0600	INFO	ForkJoinPool-1-worker-1	stdout	operator_metric,nitro,19/TrinoNitroHashJoinOperator@148,nitroBoundaryPageIngressDictionaryChannelPositions,0
[WARNING] [stderr] 2026-08-09T00:49:23.073-0600	INFO	ForkJoinPool-1-worker-1	stdout	operator_metric,nitro,2/TrinoNitroHashJoinOperator@1583,nitroBoundaryPageIngressRunLengthChannelPositions,0
[WARNING] [stderr] 2026-08-09T00:49:23.073-0600	INFO	ForkJoinPool-1-worker-1	stdout	operator_metric,nitro,2/TrinoNitroHashJoinOperator@1583,nitroBoundaryNativeExchangePositions,6941
[WARNING] [stderr] 2026-08-09T00:49:23.073-0600	INFO	ForkJoinPool-1-worker-1	stdout	operator_metric,nitro,2/TrinoNitroHashJoinOperator@1583,nitroBoundaryNativeExchangeBytes,159265
[WARNING] [stderr] 2026-08-09T00:49:23.073-0600	INFO	ForkJoinPool-1-worker-1	stdout	operator_metric,nitro,2/TrinoNitroHashJoinOperator@1583,nitroBoundaryNativeExchangeBatches,6
[WARNING] [stderr] 2026-08-09T00:49:23.073-0600	INFO	ForkJoinPool-1-worker-1	stdout	operator_metric,nitro,2/TrinoNitroHashJoinOperator@1583,nitroBoundaryPageIngressFlatChannelPositions,524988
[WARNING] [stderr] 2026-08-09T00:49:23.073-0600	INFO	ForkJoinPool-1-worker-1	stdout	operator_metric,nitro,2/TrinoNitroHashJoinOperator@1583,nitroBoundaryNativeExchangeMaximumBatchBytes,90827
[WARNING] [stderr] 2026-08-09T00:49:23.073-0600	INFO	ForkJoinPool-1-worker-1	stdout	operator_metric,nitro,2/TrinoNitroHashJoinOperator@1583,nitroBoundaryPageIngressPositions,131247
[WARNING] [stderr] 2026-08-09T00:49:23.073-0600	INFO	ForkJoinPool-1-worker-1	stdout	operator_metric,nitro,2/TrinoNitroHashJoinOperator@1583,nitroBoundaryPageIngressPages,6
[WARNING] [stderr] 2026-08-09T00:49:23.073-0600	INFO	ForkJoinPool-1-worker-1	stdout	operator_metric,nitro,2/TrinoNitroHashJoinOperator@1583,nitroBoundaryPageIngressBytes,4199904
[WARNING] [stderr] 2026-08-09T00:49:23.073-0600	INFO	ForkJoinPool-1-worker-1	stdout	operator_metric,nitro,2/TrinoNitroHashJoinOperator@1583,nitroBoundaryPageIngressDictionaryChannelPositions,0
[WARNING] [stderr] 2026-08-09T00:49:23.073-0600	INFO	ForkJoinPool-1-worker-1	stdout	operator_metric,nitro,2/TrinoNitroAggregationOperator@12,nitroAggregationInitialEncodedKeyNanos,0
[WARNING] [stderr] 2026-08-09T00:49:23.073-0600	INFO	ForkJoinPool-1-worker-1	stdout	operator_metric,nitro,2/TrinoNitroAggregationOperator@12,nitroAggregationFusedNanos,0
[WARNING] [stderr] 2026-08-09T00:49:23.073-0600	INFO	ForkJoinPool-1-worker-1	stdout	operator_metric,nitro,2/TrinoNitroAggregationOperator@12,nitroBoundaryPageEgressFlatChannelPositions,4221
[WARNING] [stderr] 2026-08-09T00:49:23.073-0600	INFO	ForkJoinPool-1-worker-1	stdout	operator_metric,nitro,2/TrinoNitroAggregationOperator@12,nitroAggregationPipelineNanos,0
[WARNING] [stderr] 2026-08-09T00:49:23.073-0600	INFO	ForkJoinPool-1-worker-1	stdout	operator_metric,nitro,2/TrinoNitroAggregationOperator@12,nitroBoundaryPageEgressDictionaryChannelPositions,0
[WARNING] [stderr] 2026-08-09T00:49:23.073-0600	INFO	ForkJoinPool-1-worker-1	stdout	operator_metric,nitro,2/TrinoNitroAggregationOperator@12,nitroAggregationGroupingNanos,4592948946
[WARNING] [stderr] 2026-08-09T00:49:23.073-0600	INFO	ForkJoinPool-1-worker-1	stdout	operator_metric,nitro,2/TrinoNitroAggregationOperator@12,nitroBoundaryNativeEgressRunLengthChannelPositions,0
[WARNING] [stderr] 2026-08-09T00:49:23.073-0600	INFO	ForkJoinPool-1-worker-1	stdout	operator_metric,nitro,2/TrinoNitroAggregationOperator@12,nitroAggregationOutputNanos,182657
[WARNING] [stderr] 2026-08-09T00:49:23.073-0600	INFO	ForkJoinPool-1-worker-1	stdout	operator_metric,nitro,2/TrinoNitroAggregationOperator@12,nitroBoundaryPageEgressPositions,4221
[WARNING] [stderr] 2026-08-09T00:49:23.073-0600	INFO	ForkJoinPool-1-worker-1	stdout	operator_metric,nitro,2/TrinoNitroAggregationOperator@12,nitroAggregationInputNanos,4692778728
[WARNING] [stderr] 2026-08-09T00:49:23.073-0600	INFO	ForkJoinPool-1-worker-1	stdout	operator_metric,nitro,2/TrinoNitroAggregationOperator@12,nitroAggregationInitialAggregationNanos,0
[WARNING] [stderr] 2026-08-09T00:49:23.073-0600	INFO	ForkJoinPool-1-worker-1	stdout	operator_metric,nitro,2/TrinoNitroAggregationOperator@12,nitroAggregationFlushNanos,0
[WARNING] [stderr] 2026-08-09T00:49:23.073-0600	INFO	ForkJoinPool-1-worker-1	stdout	operator_metric,nitro,2/TrinoNitroAggregationOperator@12,nitroBoundaryPageEgressPages,483
[WARNING] [stderr] 2026-08-09T00:49:23.073-0600	INFO	ForkJoinPool-1-worker-1	stdout	operator_metric,nitro,2/TrinoNitroAggregationOperator@12,nitroAggregationInitialFlatKeyNanos,0
[WARNING] [stderr] 2026-08-09T00:49:23.073-0600	INFO	ForkJoinPool-1-worker-1	stdout	operator_metric,nitro,2/TrinoNitroAggregationOperator@12,nitroBoundaryNativeEgressFlatChannelPositions,4221
[WARNING] [stderr] 2026-08-09T00:49:23.073-0600	INFO	ForkJoinPool-1-worker-1	stdout	operator_metric,nitro,2/TrinoNitroAggregationOperator@12,nitroBoundaryNativeEgressDictionaryChannelPositions,0
[WARNING] [stderr] 2026-08-09T00:49:23.073-0600	INFO	ForkJoinPool-1-worker-1	stdout	operator_metric,nitro,2/TrinoNitroAggregationOperator@12,nitroAggregationStatePreparationNanos,3706906
[WARNING] [stderr] 2026-08-09T00:49:23.073-0600	INFO	ForkJoinPool-1-worker-1	stdout	operator_metric,nitro,2/TrinoNitroAggregationOperator@12,nitroBoundaryPageEgressRunLengthChannelPositions,0
[WARNING] [stderr] 2026-08-09T00:49:23.073-0600	INFO	ForkJoinPool-1-worker-1	stdout	operator_metric,nitro,2/TrinoNitroAggregationOperator@12,nitroAggregationInitialKeyNanos,0
[WARNING] [stderr] 2026-08-09T00:49:23.073-0600	INFO	ForkJoinPool-1-worker-1	stdout	operator_metric,nitro,2/TrinoNitroAggregationOperator@12,nitroAggregationAccumulationNanos,95034158
[WARNING] [stderr] 2026-08-09T00:49:23.073-0600	INFO	ForkJoinPool-1-worker-1	stdout	operator_metric,nitro,2/TrinoNitroAggregationOperator@12,nitroBoundaryPageEgressBytes,37989
[WARNING] [stderr] 2026-08-09T00:49:23.073-0600	INFO	ForkJoinPool-1-worker-1	stdout	operator_metric,nitro,2/TrinoNitroHashJoinOperator@7,nitroBoundaryPageEgressPages,1894
[WARNING] [stderr] 2026-08-09T00:49:23.073-0600	INFO	ForkJoinPool-1-worker-1	stdout	operator_metric,nitro,2/TrinoNitroHashJoinOperator@7,nitroBoundaryPageIngressFlatChannelPositions,33109560
[WARNING] [stderr] 2026-08-09T00:49:23.073-0600	INFO	ForkJoinPool-1-worker-1	stdout	operator_metric,nitro,2/TrinoNitroHashJoinOperator@7,nitroBoundaryPageEgressRunLengthChannelPositions,0
[WARNING] [stderr] 2026-08-09T00:49:23.073-0600	INFO	ForkJoinPool-1-worker-1	stdout	operator_metric,nitro,2/TrinoNitroHashJoinOperator@7,nitroBoundaryNativeEgressFlatChannelPositions,33109560
[WARNING] [stderr] 2026-08-09T00:49:23.073-0600	INFO	ForkJoinPool-1-worker-1	stdout	operator_metric,nitro,2/TrinoNitroHashJoinOperator@7,nitroBoundaryNativeEgressRunLengthChannelPositions,0
[WARNING] [stderr] 2026-08-09T00:49:23.073-0600	INFO	ForkJoinPool-1-worker-1	stdout	operator_metric,nitro,2/TrinoNitroHashJoinOperator@7,nitroBoundaryPageEgressDictionaryChannelPositions,16554780
[WARNING] [stderr] 2026-08-09T00:49:23.073-0600	INFO	ForkJoinPool-1-worker-1	stdout	operator_metric,nitro,2/TrinoNitroHashJoinOperator@7,nitroBoundaryPageEgressBytes,2037771884
[WARNING] [stderr] 2026-08-09T00:49:23.073-0600	INFO	ForkJoinPool-1-worker-1	stdout	operator_metric,nitro,2/TrinoNitroHashJoinOperator@7,nitroBoundaryPageIngressPages,476
[WARNING] [stderr] 2026-08-09T00:49:23.073-0600	INFO	ForkJoinPool-1-worker-1	stdout	operator_metric,nitro,2/TrinoNitroHashJoinOperator@7,nitroBoundaryPageIngressPositions,16554780
[WARNING] [stderr] 2026-08-09T00:49:23.073-0600	INFO	ForkJoinPool-1-worker-1	stdout	operator_metric,nitro,2/TrinoNitroHashJoinOperator@7,nitroBoundaryPageIngressRunLengthChannelPositions,0
[WARNING] [stderr] 2026-08-09T00:49:23.073-0600	INFO	ForkJoinPool-1-worker-1	stdout	operator_metric,nitro,2/TrinoNitroHashJoinOperator@7,nitroBoundaryNativeEgressDictionaryChannelPositions,16554780
[WARNING] [stderr] 2026-08-09T00:49:23.073-0600	INFO	ForkJoinPool-1-worker-1	stdout	operator_metric,nitro,2/TrinoNitroHashJoinOperator@7,nitroBoundaryPageEgressFlatChannelPositions,33109560
[WARNING] [stderr] 2026-08-09T00:49:23.073-0600	INFO	ForkJoinPool-1-worker-1	stdout	operator_metric,nitro,2/TrinoNitroHashJoinOperator@7,nitroBoundaryPageEgressPositions,16554780
[WARNING] [stderr] 2026-08-09T00:49:23.073-0600	INFO	ForkJoinPool-1-worker-1	stdout	operator_metric,nitro,2/TrinoNitroHashJoinOperator@7,nitroBoundaryPageIngressBytes,231766920
[WARNING] [stderr] 2026-08-09T00:49:23.073-0600	INFO	ForkJoinPool-1-worker-1	stdout	operator_metric,nitro,2/TrinoNitroHashJoinOperator@7,nitroBoundaryPageIngressDictionaryChannelPositions,0
[WARNING] [stderr] 2026-08-09T00:49:23.073-0600	INFO	ForkJoinPool-1-worker-1	stdout	operator_metric,nitro,2/TrinoNitroAggregationOperator@2042,nitroAggregationOutputNanos,89702
[WARNING] [stderr] 2026-08-09T00:49:23.073-0600	INFO	ForkJoinPool-1-worker-1	stdout	operator_metric,nitro,2/TrinoNitroAggregationOperator@2042,nitroAggregationPipelineNanos,0
[WARNING] [stderr] 2026-08-09T00:49:23.073-0600	INFO	ForkJoinPool-1-worker-1	stdout	operator_metric,nitro,2/TrinoNitroAggregationOperator@2042,nitroAggregationGroupingNanos,0
[WARNING] [stderr] 2026-08-09T00:49:23.073-0600	INFO	ForkJoinPool-1-worker-1	stdout	operator_metric,nitro,2/TrinoNitroAggregationOperator@2042,nitroAggregationAccumulationNanos,0
[WARNING] [stderr] 2026-08-09T00:49:23.073-0600	INFO	ForkJoinPool-1-worker-1	stdout	operator_metric,nitro,2/TrinoNitroAggregationOperator@2042,nitroBoundaryNativeEgressDictionaryChannelPositions,0
[WARNING] [stderr] 2026-08-09T00:49:23.073-0600	INFO	ForkJoinPool-1-worker-1	stdout	operator_metric,nitro,2/TrinoNitroAggregationOperator@2042,nitroAggregationFusedNanos,0
[WARNING] [stderr] 2026-08-09T00:49:23.073-0600	INFO	ForkJoinPool-1-worker-1	stdout	operator_metric,nitro,2/TrinoNitroAggregationOperator@2042,nitroBoundaryPageEgressBytes,36981
[WARNING] [stderr] 2026-08-09T00:49:23.073-0600	INFO	ForkJoinPool-1-worker-1	stdout	operator_metric,nitro,2/TrinoNitroAggregationOperator@2042,nitroAggregationFlushNanos,0
[WARNING] [stderr] 2026-08-09T00:49:23.073-0600	INFO	ForkJoinPool-1-worker-1	stdout	operator_metric,nitro,2/TrinoNitroAggregationOperator@2042,nitroBoundaryPageEgressPositions,4109
[WARNING] [stderr] 2026-08-09T00:49:23.073-0600	INFO	ForkJoinPool-1-worker-1	stdout	operator_metric,nitro,2/TrinoNitroAggregationOperator@2042,nitroBoundaryPageIngressBytes,37989
[WARNING] [stderr] 2026-08-09T00:49:23.073-0600	INFO	ForkJoinPool-1-worker-1	stdout	operator_metric,nitro,2/TrinoNitroAggregationOperator@2042,nitroBoundaryPageIngressPositions,4221
[WARNING] [stderr] 2026-08-09T00:49:23.073-0600	INFO	ForkJoinPool-1-worker-1	stdout	operator_metric,nitro,2/TrinoNitroAggregationOperator@2042,nitroBoundaryPageIngressDictionaryChannelPositions,0
[WARNING] [stderr] 2026-08-09T00:49:23.073-0600	INFO	ForkJoinPool-1-worker-1	stdout	operator_metric,nitro,2/TrinoNitroAggregationOperator@2042,nitroAggregationInputNanos,1800091
[WARNING] [stderr] 2026-08-09T00:49:23.073-0600	INFO	ForkJoinPool-1-worker-1	stdout	operator_metric,nitro,2/TrinoNitroAggregationOperator@2042,nitroBoundaryPageEgressDictionaryChannelPositions,0
[WARNING] [stderr] 2026-08-09T00:49:23.073-0600	INFO	ForkJoinPool-1-worker-1	stdout	operator_metric,nitro,2/TrinoNitroAggregationOperator@2042,nitroAggregationInitialAggregationNanos,0
[WARNING] [stderr] 2026-08-09T00:49:23.073-0600	INFO	ForkJoinPool-1-worker-1	stdout	operator_metric,nitro,2/TrinoNitroAggregationOperator@2042,nitroBoundaryPageEgressRunLengthChannelPositions,0
[WARNING] [stderr] 2026-08-09T00:49:23.073-0600	INFO	ForkJoinPool-1-worker-1	stdout	operator_metric,nitro,2/TrinoNitroAggregationOperator@2042,nitroBoundaryPageIngressRunLengthChannelPositions,0
[WARNING] [stderr] 2026-08-09T00:49:23.073-0600	INFO	ForkJoinPool-1-worker-1	stdout	operator_metric,nitro,2/TrinoNitroAggregationOperator@2042,nitroAggregationInitialFlatKeyNanos,0
[WARNING] [stderr] 2026-08-09T00:49:23.073-0600	INFO	ForkJoinPool-1-worker-1	stdout	operator_metric,nitro,2/TrinoNitroAggregationOperator@2042,nitroBoundaryNativeEgressFlatChannelPositions,4109
[WARNING] [stderr] 2026-08-09T00:49:23.073-0600	INFO	ForkJoinPool-1-worker-1	stdout	operator_metric,nitro,2/TrinoNitroAggregationOperator@2042,nitroAggregationStatePreparationNanos,0
[WARNING] [stderr] 2026-08-09T00:49:23.073-0600	INFO	ForkJoinPool-1-worker-1	stdout	operator_metric,nitro,2/TrinoNitroAggregationOperator@2042,nitroBoundaryNativeEgressRunLengthChannelPositions,0
[WARNING] [stderr] 2026-08-09T00:49:23.073-0600	INFO	ForkJoinPool-1-worker-1	stdout	operator_metric,nitro,2/TrinoNitroAggregationOperator@2042,nitroBoundaryPageIngressFlatChannelPositions,4221
[WARNING] [stderr] 2026-08-09T00:49:23.073-0600	INFO	ForkJoinPool-1-worker-1	stdout	operator_metric,nitro,2/TrinoNitroAggregationOperator@2042,nitroBoundaryPageEgressFlatChannelPositions,4109
[WARNING] [stderr] 2026-08-09T00:49:23.073-0600	INFO	ForkJoinPool-1-worker-1	stdout	operator_metric,nitro,2/TrinoNitroAggregationOperator@2042,nitroBoundaryPageEgressPages,479
[WARNING] [stderr] 2026-08-09T00:49:23.073-0600	INFO	ForkJoinPool-1-worker-1	stdout	operator_metric,nitro,2/TrinoNitroAggregationOperator@2042,nitroBoundaryPageIngressPages,483
[WARNING] [stderr] 2026-08-09T00:49:23.073-0600	INFO	ForkJoinPool-1-worker-1	stdout	operator_metric,nitro,2/TrinoNitroAggregationOperator@2042,nitroAggregationInitialKeyNanos,0
[WARNING] [stderr] 2026-08-09T00:49:23.073-0600	INFO	ForkJoinPool-1-worker-1	stdout	operator_metric,nitro,2/TrinoNitroAggregationOperator@2042,nitroAggregationInitialEncodedKeyNanos,0
[WARNING] [stderr] 2026-08-09T00:49:23.073-0600	INFO	ForkJoinPool-1-worker-1	stdout	operator_metric,nitro,2/TrinoNitroAggregationOperator@6067,nitroAggregationInitialAggregationNanos,14940268
[WARNING] [stderr] 2026-08-09T00:49:23.073-0600	INFO	ForkJoinPool-1-worker-1	stdout	operator_metric,nitro,2/TrinoNitroAggregationOperator@6067,nitroBoundaryPageIngressFlatChannelPositions,33109560
[WARNING] [stderr] 2026-08-09T00:49:23.073-0600	INFO	ForkJoinPool-1-worker-1	stdout	operator_metric,nitro,2/TrinoNitroAggregationOperator@6067,nitroAggregationGroupingNanos,352224070
[WARNING] [stderr] 2026-08-09T00:49:23.073-0600	INFO	ForkJoinPool-1-worker-1	stdout	operator_metric,nitro,2/TrinoNitroAggregationOperator@6067,nitroBoundaryNativeExchangeBatches,1789
[WARNING] [stderr] 2026-08-09T00:49:23.073-0600	INFO	ForkJoinPool-1-worker-1	stdout	operator_metric,nitro,2/TrinoNitroAggregationOperator@6067,nitroAggregationInitialEncodedKeyNanos,1360818856
[WARNING] [stderr] 2026-08-09T00:49:23.073-0600	INFO	ForkJoinPool-1-worker-1	stdout	operator_metric,nitro,2/TrinoNitroAggregationOperator@6067,nitroAggregationFusedNanos,0
[WARNING] [stderr] 2026-08-09T00:49:23.073-0600	INFO	ForkJoinPool-1-worker-1	stdout	operator_metric,nitro,2/TrinoNitroAggregationOperator@6067,nitroAggregationFlushNanos,54853
[WARNING] [stderr] 2026-08-09T00:49:23.073-0600	INFO	ForkJoinPool-1-worker-1	stdout	operator_metric,nitro,2/TrinoNitroAggregationOperator@6067,nitroBoundaryPageIngressDictionaryChannelPositions,16554780
[WARNING] [stderr] 2026-08-09T00:49:23.073-0600	INFO	ForkJoinPool-1-worker-1	stdout	operator_metric,nitro,2/TrinoNitroAggregationOperator@6067,nitroBoundaryNativeExchangePositions,16534393
[WARNING] [stderr] 2026-08-09T00:49:23.073-0600	INFO	ForkJoinPool-1-worker-1	stdout	operator_metric,nitro,2/TrinoNitroAggregationOperator@6067,nitroAggregationStatePreparationNanos,261546
[WARNING] [stderr] 2026-08-09T00:49:23.073-0600	INFO	ForkJoinPool-1-worker-1	stdout	operator_metric,nitro,2/TrinoNitroAggregationOperator@6067,nitroBoundaryPageIngressBytes,2037771884
[WARNING] [stderr] 2026-08-09T00:49:23.073-0600	INFO	ForkJoinPool-1-worker-1	stdout	operator_metric,nitro,2/TrinoNitroAggregationOperator@6067,nitroAggregationPipelineNanos,5391237
[WARNING] [stderr] 2026-08-09T00:49:23.073-0600	INFO	ForkJoinPool-1-worker-1	stdout	operator_metric,nitro,2/TrinoNitroAggregationOperator@6067,nitroAggregationOutputNanos,352472
[WARNING] [stderr] 2026-08-09T00:49:23.073-0600	INFO	ForkJoinPool-1-worker-1	stdout	operator_metric,nitro,2/TrinoNitroAggregationOperator@6067,nitroBoundaryNativeExchangeMaximumBatchBytes,32200008
[WARNING] [stderr] 2026-08-09T00:49:23.073-0600	INFO	ForkJoinPool-1-worker-1	stdout	operator_metric,nitro,2/TrinoNitroAggregationOperator@6067,nitroBoundaryNativeExchangeBytes,965786073
[WARNING] [stderr] 2026-08-09T00:49:23.073-0600	INFO	ForkJoinPool-1-worker-1	stdout	operator_metric,nitro,2/TrinoNitroAggregationOperator@6067,nitroBoundaryPageIngressPositions,16554780
[WARNING] [stderr] 2026-08-09T00:49:23.073-0600	INFO	ForkJoinPool-1-worker-1	stdout	operator_metric,nitro,2/TrinoNitroAggregationOperator@6067,nitroAggregationInitialFlatKeyNanos,26415819
[WARNING] [stderr] 2026-08-09T00:49:23.073-0600	INFO	ForkJoinPool-1-worker-1	stdout	operator_metric,nitro,2/TrinoNitroAggregationOperator@6067,nitroAggregationAccumulationNanos,2109206
[WARNING] [stderr] 2026-08-09T00:49:23.073-0600	INFO	ForkJoinPool-1-worker-1	stdout	operator_metric,nitro,2/TrinoNitroAggregationOperator@6067,nitroBoundaryPageIngressRunLengthChannelPositions,0
[WARNING] [stderr] 2026-08-09T00:49:23.073-0600	INFO	ForkJoinPool-1-worker-1	stdout	operator_metric,nitro,2/TrinoNitroAggregationOperator@6067,nitroAggregationInitialKeyNanos,1387234675
[WARNING] [stderr] 2026-08-09T00:49:23.073-0600	INFO	ForkJoinPool-1-worker-1	stdout	operator_metric,nitro,2/TrinoNitroAggregationOperator@6067,nitroBoundaryPageIngressPages,1894
[WARNING] [stderr] 2026-08-09T00:49:23.073-0600	INFO	ForkJoinPool-1-worker-1	stdout	operator_metric,nitro,2/TrinoNitroAggregationOperator@6067,nitroAggregationInputNanos,1804309455
[WARNING] [stderr] 2026-08-09T00:49:23.073-0600	INFO	ForkJoinPool-1-worker-1	stdout	operator_metric,nitro,10/TrinoNitroPipelineSourceOperator@5052,nitroAllocatorAllocatedBytes,662422793
[WARNING] [stderr] 2026-08-09T00:49:23.073-0600	INFO	ForkJoinPool-1-worker-1	stdout	operator_metric,nitro,10/TrinoNitroPipelineSourceOperator@5052,nitroBoundaryNativeExchangeMaximumBatchBytes,2743026
[WARNING] [stderr] 2026-08-09T00:49:23.073-0600	INFO	ForkJoinPool-1-worker-1	stdout	operator_metric,nitro,10/TrinoNitroPipelineSourceOperator@5052,nitroAllocatorAllocatedVectorBytes,662422793
[WARNING] [stderr] 2026-08-09T00:49:23.073-0600	INFO	ForkJoinPool-1-worker-1	stdout	operator_metric,nitro,10/TrinoNitroPipelineSourceOperator@5052,nitroAllocatorAllocatedVectorBytes.I32Vector,115203964
[WARNING] [stderr] 2026-08-09T00:49:23.073-0600	INFO	ForkJoinPool-1-worker-1	stdout	operator_metric,nitro,10/TrinoNitroPipelineSourceOperator@5052,nitroAllocatorAllocatedVectorBytes.BooleanVector,86402973
[WARNING] [stderr] 2026-08-09T00:49:23.073-0600	INFO	ForkJoinPool-1-worker-1	stdout	operator_metric,nitro,10/TrinoNitroPipelineSourceOperator@5052,nitroAllocatorAllocatedVectorBytes.I64Vector,460815856
[WARNING] [stderr] 2026-08-09T00:49:23.073-0600	INFO	ForkJoinPool-1-worker-1	stdout	operator_metric,nitro,10/TrinoNitroPipelineSourceOperator@5052,nitroBoundaryNativeExchangeBytes,662422793
[WARNING] [stderr] 2026-08-09T00:49:23.073-0600	INFO	ForkJoinPool-1-worker-1	stdout	operator_metric,nitro,10/TrinoNitroPipelineSourceOperator@5052,nitroBoundaryNativeExchangePositions,28800991
[WARNING] [stderr] 2026-08-09T00:49:23.073-0600	INFO	ForkJoinPool-1-worker-1	stdout	operator_metric,nitro,10/TrinoNitroPipelineSourceOperator@5052,nitroBoundaryNativeExchangeBatches,2888
[WARNING] [stderr] 2026-08-09T00:49:23.073-0600	INFO	ForkJoinPool-1-worker-1	stdout	operator_metric,nitro,10/TrinoNitroPipelineSourceOperator@5052,nitroAllocatorAllocatedBytes.NitroParquetBatchSource,662422793
[WARNING] [stderr] 2026-08-09T00:49:23.073-0600	INFO	ForkJoinPool-1-worker-1	stdout	operator_metric,nitro,10/TrinoNitroPipelineSourceOperator@5052,nitroAllocatorAllocatedBytes.trino-native-source-ingress,0
[WARNING] [stderr] 2026-08-09T00:49:23.073-0600	INFO	ForkJoinPool-1-worker-1	stdout	operator_metric,nitro,11/TrinoNitroPipelineSourceOperator@29,nitroBoundaryNativeExchangePositions,500000
[WARNING] [stderr] 2026-08-09T00:49:23.073-0600	INFO	ForkJoinPool-1-worker-1	stdout	operator_metric,nitro,11/TrinoNitroPipelineSourceOperator@29,nitroAllocatorAllocatedVectorBytes.I64Vector,4000000
[WARNING] [stderr] 2026-08-09T00:49:23.073-0600	INFO	ForkJoinPool-1-worker-1	stdout	operator_metric,nitro,11/TrinoNitroPipelineSourceOperator@29,nitroBoundaryNativeExchangeBytes,4500000
[WARNING] [stderr] 2026-08-09T00:49:23.073-0600	INFO	ForkJoinPool-1-worker-1	stdout	operator_metric,nitro,11/TrinoNitroPipelineSourceOperator@29,nitroBoundaryNativeExchangeBatches,50
[WARNING] [stderr] 2026-08-09T00:49:23.073-0600	INFO	ForkJoinPool-1-worker-1	stdout	operator_metric,nitro,11/TrinoNitroPipelineSourceOperator@29,nitroAllocatorAllocatedVectorBytes,4500000
[WARNING] [stderr] 2026-08-09T00:49:23.073-0600	INFO	ForkJoinPool-1-worker-1	stdout	operator_metric,nitro,11/TrinoNitroPipelineSourceOperator@29,nitroAllocatorAllocatedVectorBytes.BooleanVector,500000
[WARNING] [stderr] 2026-08-09T00:49:23.073-0600	INFO	ForkJoinPool-1-worker-1	stdout	operator_metric,nitro,11/TrinoNitroPipelineSourceOperator@29,nitroBoundaryNativeExchangeMaximumBatchBytes,90000
[WARNING] [stderr] 2026-08-09T00:49:23.073-0600	INFO	ForkJoinPool-1-worker-1	stdout	operator_metric,nitro,11/TrinoNitroPipelineSourceOperator@29,nitroAllocatorAllocatedBytes.trino-native-source-ingress,0
[WARNING] [stderr] 2026-08-09T00:49:23.073-0600	INFO	ForkJoinPool-1-worker-1	stdout	operator_metric,nitro,11/TrinoNitroPipelineSourceOperator@29,nitroAllocatorAllocatedBytes,4500000
[WARNING] [stderr] 2026-08-09T00:49:23.073-0600	INFO	ForkJoinPool-1-worker-1	stdout	operator_metric,nitro,11/TrinoNitroPipelineSourceOperator@29,nitroAllocatorAllocatedBytes.NitroParquetBatchSource,4500000
[WARNING] [stderr] 2026-08-09T00:49:23.073-0600	INFO	ForkJoinPool-1-worker-1	stdout	operator_metric,nitro,12/TrinoNitroAggregationOperator@53,nitroAggregationOutputNanos,18425
[WARNING] [stderr] 2026-08-09T00:49:23.073-0600	INFO	ForkJoinPool-1-worker-1	stdout	operator_metric,nitro,12/TrinoNitroAggregationOperator@53,nitroAggregationPipelineNanos,0
[WARNING] [stderr] 2026-08-09T00:49:23.073-0600	INFO	ForkJoinPool-1-worker-1	stdout	operator_metric,nitro,12/TrinoNitroAggregationOperator@53,nitroAggregationGroupingNanos,0
[WARNING] [stderr] 2026-08-09T00:49:23.073-0600	INFO	ForkJoinPool-1-worker-1	stdout	operator_metric,nitro,12/TrinoNitroAggregationOperator@53,nitroAggregationAccumulationNanos,0
[WARNING] [stderr] 2026-08-09T00:49:23.073-0600	INFO	ForkJoinPool-1-worker-1	stdout	operator_metric,nitro,12/TrinoNitroAggregationOperator@53,nitroBoundaryPageEgressBytes,17
[WARNING] [stderr] 2026-08-09T00:49:23.073-0600	INFO	ForkJoinPool-1-worker-1	stdout	operator_metric,nitro,12/TrinoNitroAggregationOperator@53,nitroBoundaryNativeEgressDictionaryChannelPositions,0
[WARNING] [stderr] 2026-08-09T00:49:23.073-0600	INFO	ForkJoinPool-1-worker-1	stdout	operator_metric,nitro,12/TrinoNitroAggregationOperator@53,nitroAggregationFusedNanos,0
[WARNING] [stderr] 2026-08-09T00:49:23.073-0600	INFO	ForkJoinPool-1-worker-1	stdout	operator_metric,nitro,12/TrinoNitroAggregationOperator@53,nitroAggregationFlushNanos,0
[WARNING] [stderr] 2026-08-09T00:49:23.073-0600	INFO	ForkJoinPool-1-worker-1	stdout	operator_metric,nitro,12/TrinoNitroAggregationOperator@53,nitroBoundaryPageEgressPositions,1
[WARNING] [stderr] 2026-08-09T00:49:23.073-0600	INFO	ForkJoinPool-1-worker-1	stdout	operator_metric,nitro,12/TrinoNitroAggregationOperator@53,nitroBoundaryPageIngressBytes,34
[WARNING] [stderr] 2026-08-09T00:49:23.073-0600	INFO	ForkJoinPool-1-worker-1	stdout	operator_metric,nitro,12/TrinoNitroAggregationOperator@53,nitroBoundaryPageIngressPositions,2
[WARNING] [stderr] 2026-08-09T00:49:23.073-0600	INFO	ForkJoinPool-1-worker-1	stdout	operator_metric,nitro,12/TrinoNitroAggregationOperator@53,nitroBoundaryPageIngressDictionaryChannelPositions,0
[WARNING] [stderr] 2026-08-09T00:49:23.073-0600	INFO	ForkJoinPool-1-worker-1	stdout	operator_metric,nitro,12/TrinoNitroAggregationOperator@53,nitroBoundaryPageEgressDictionaryChannelPositions,0
[WARNING] [stderr] 2026-08-09T00:49:23.073-0600	INFO	ForkJoinPool-1-worker-1	stdout	operator_metric,nitro,12/TrinoNitroAggregationOperator@53,nitroAggregationInputNanos,15981
[WARNING] [stderr] 2026-08-09T00:49:23.073-0600	INFO	ForkJoinPool-1-worker-1	stdout	operator_metric,nitro,12/TrinoNitroAggregationOperator@53,nitroAggregationInitialAggregationNanos,0
[WARNING] [stderr] 2026-08-09T00:49:23.073-0600	INFO	ForkJoinPool-1-worker-1	stdout	operator_metric,nitro,12/TrinoNitroAggregationOperator@53,nitroBoundaryPageEgressRunLengthChannelPositions,0
[WARNING] [stderr] 2026-08-09T00:49:23.073-0600	INFO	ForkJoinPool-1-worker-1	stdout	operator_metric,nitro,12/TrinoNitroAggregationOperator@53,nitroBoundaryPageIngressRunLengthChannelPositions,0
[WARNING] [stderr] 2026-08-09T00:49:23.073-0600	INFO	ForkJoinPool-1-worker-1	stdout	operator_metric,nitro,12/TrinoNitroAggregationOperator@53,nitroAggregationInitialFlatKeyNanos,0
[WARNING] [stderr] 2026-08-09T00:49:23.073-0600	INFO	ForkJoinPool-1-worker-1	stdout	operator_metric,nitro,12/TrinoNitroAggregationOperator@53,nitroBoundaryNativeEgressRunLengthChannelPositions,0
[WARNING] [stderr] 2026-08-09T00:49:23.073-0600	INFO	ForkJoinPool-1-worker-1	stdout	operator_metric,nitro,12/TrinoNitroAggregationOperator@53,nitroAggregationStatePreparationNanos,0
[WARNING] [stderr] 2026-08-09T00:49:23.073-0600	INFO	ForkJoinPool-1-worker-1	stdout	operator_metric,nitro,12/TrinoNitroAggregationOperator@53,nitroBoundaryNativeEgressFlatChannelPositions,1
[WARNING] [stderr] 2026-08-09T00:49:23.073-0600	INFO	ForkJoinPool-1-worker-1	stdout	operator_metric,nitro,12/TrinoNitroAggregationOperator@53,nitroBoundaryPageIngressFlatChannelPositions,2
[WARNING] [stderr] 2026-08-09T00:49:23.073-0600	INFO	ForkJoinPool-1-worker-1	stdout	operator_metric,nitro,12/TrinoNitroAggregationOperator@53,nitroBoundaryPageEgressFlatChannelPositions,1
[WARNING] [stderr] 2026-08-09T00:49:23.073-0600	INFO	ForkJoinPool-1-worker-1	stdout	operator_metric,nitro,12/TrinoNitroAggregationOperator@53,nitroBoundaryPageEgressPages,1
[WARNING] [stderr] 2026-08-09T00:49:23.073-0600	INFO	ForkJoinPool-1-worker-1	stdout	operator_metric,nitro,12/TrinoNitroAggregationOperator@53,nitroBoundaryPageIngressPages,2
[WARNING] [stderr] 2026-08-09T00:49:23.073-0600	INFO	ForkJoinPool-1-worker-1	stdout	operator_metric,nitro,12/TrinoNitroAggregationOperator@53,nitroAggregationInitialKeyNanos,0
[WARNING] [stderr] 2026-08-09T00:49:23.073-0600	INFO	ForkJoinPool-1-worker-1	stdout	operator_metric,nitro,12/TrinoNitroAggregationOperator@53,nitroAggregationInitialEncodedKeyNanos,0
[WARNING] [stderr] 2026-08-09T00:49:23.073-0600	INFO	ForkJoinPool-1-worker-1	stdout	operator_metric,nitro,20/TrinoNitroHashJoinOperator@1591,nitroBoundaryPageIngressRunLengthChannelPositions,0
[WARNING] [stderr] 2026-08-09T00:49:23.073-0600	INFO	ForkJoinPool-1-worker-1	stdout	operator_metric,nitro,20/TrinoNitroHashJoinOperator@1591,nitroBoundaryNativeExchangePositions,3317
[WARNING] [stderr] 2026-08-09T00:49:23.073-0600	INFO	ForkJoinPool-1-worker-1	stdout	operator_metric,nitro,20/TrinoNitroHashJoinOperator@1591,nitroBoundaryNativeExchangeBytes,68346
[WARNING] [stderr] 2026-08-09T00:49:23.073-0600	INFO	ForkJoinPool-1-worker-1	stdout	operator_metric,nitro,20/TrinoNitroHashJoinOperator@1591,nitroBoundaryNativeExchangeBatches,4
[WARNING] [stderr] 2026-08-09T00:49:23.073-0600	INFO	ForkJoinPool-1-worker-1	stdout	operator_metric,nitro,20/TrinoNitroHashJoinOperator@1591,nitroBoundaryPageIngressFlatChannelPositions,256388
[WARNING] [stderr] 2026-08-09T00:49:23.073-0600	INFO	ForkJoinPool-1-worker-1	stdout	operator_metric,nitro,20/TrinoNitroHashJoinOperator@1591,nitroBoundaryNativeExchangeMaximumBatchBytes,40976
[WARNING] [stderr] 2026-08-09T00:49:23.073-0600	INFO	ForkJoinPool-1-worker-1	stdout	operator_metric,nitro,20/TrinoNitroHashJoinOperator@1591,nitroBoundaryPageIngressPositions,64097
[WARNING] [stderr] 2026-08-09T00:49:23.073-0600	INFO	ForkJoinPool-1-worker-1	stdout	operator_metric,nitro,20/TrinoNitroHashJoinOperator@1591,nitroBoundaryPageIngressPages,4
[WARNING] [stderr] 2026-08-09T00:49:23.073-0600	INFO	ForkJoinPool-1-worker-1	stdout	operator_metric,nitro,20/TrinoNitroHashJoinOperator@1591,nitroBoundaryPageIngressBytes,2051104
[WARNING] [stderr] 2026-08-09T00:49:23.073-0600	INFO	ForkJoinPool-1-worker-1	stdout	operator_metric,nitro,20/TrinoNitroHashJoinOperator@1591,nitroBoundaryPageIngressDictionaryChannelPositions,0
[WARNING] [stderr] 2026-08-09T00:49:23.073-0600	INFO	ForkJoinPool-1-worker-1	stdout	operator_metric,nitro,20/TrinoNitroAggregationOperator@96,nitroAggregationInitialEncodedKeyNanos,0
[WARNING] [stderr] 2026-08-09T00:49:23.073-0600	INFO	ForkJoinPool-1-worker-1	stdout	operator_metric,nitro,20/TrinoNitroAggregationOperator@96,nitroAggregationFusedNanos,0
[WARNING] [stderr] 2026-08-09T00:49:23.073-0600	INFO	ForkJoinPool-1-worker-1	stdout	operator_metric,nitro,20/TrinoNitroAggregationOperator@96,nitroBoundaryPageEgressFlatChannelPositions,4221
[WARNING] [stderr] 2026-08-09T00:49:23.073-0600	INFO	ForkJoinPool-1-worker-1	stdout	operator_metric,nitro,20/TrinoNitroAggregationOperator@96,nitroAggregationPipelineNanos,0
[WARNING] [stderr] 2026-08-09T00:49:23.073-0600	INFO	ForkJoinPool-1-worker-1	stdout	operator_metric,nitro,20/TrinoNitroAggregationOperator@96,nitroBoundaryPageEgressDictionaryChannelPositions,0
[WARNING] [stderr] 2026-08-09T00:49:23.073-0600	INFO	ForkJoinPool-1-worker-1	stdout	operator_metric,nitro,20/TrinoNitroAggregationOperator@96,nitroAggregationGroupingNanos,4504805781
[WARNING] [stderr] 2026-08-09T00:49:23.073-0600	INFO	ForkJoinPool-1-worker-1	stdout	operator_metric,nitro,20/TrinoNitroAggregationOperator@96,nitroBoundaryNativeEgressRunLengthChannelPositions,0
[WARNING] [stderr] 2026-08-09T00:49:23.073-0600	INFO	ForkJoinPool-1-worker-1	stdout	operator_metric,nitro,20/TrinoNitroAggregationOperator@96,nitroAggregationOutputNanos,149943
[WARNING] [stderr] 2026-08-09T00:49:23.073-0600	INFO	ForkJoinPool-1-worker-1	stdout	operator_metric,nitro,20/TrinoNitroAggregationOperator@96,nitroBoundaryPageEgressPositions,4221
[WARNING] [stderr] 2026-08-09T00:49:23.073-0600	INFO	ForkJoinPool-1-worker-1	stdout	operator_metric,nitro,20/TrinoNitroAggregationOperator@96,nitroAggregationInputNanos,4586834175
[WARNING] [stderr] 2026-08-09T00:49:23.073-0600	INFO	ForkJoinPool-1-worker-1	stdout	operator_metric,nitro,20/TrinoNitroAggregationOperator@96,nitroAggregationInitialAggregationNanos,0
[WARNING] [stderr] 2026-08-09T00:49:23.073-0600	INFO	ForkJoinPool-1-worker-1	stdout	operator_metric,nitro,20/TrinoNitroAggregationOperator@96,nitroAggregationFlushNanos,0
[WARNING] [stderr] 2026-08-09T00:49:23.073-0600	INFO	ForkJoinPool-1-worker-1	stdout	operator_metric,nitro,20/TrinoNitroAggregationOperator@96,nitroBoundaryPageEgressPages,479
[WARNING] [stderr] 2026-08-09T00:49:23.073-0600	INFO	ForkJoinPool-1-worker-1	stdout	operator_metric,nitro,20/TrinoNitroAggregationOperator@96,nitroAggregationInitialFlatKeyNanos,0
[WARNING] [stderr] 2026-08-09T00:49:23.073-0600	INFO	ForkJoinPool-1-worker-1	stdout	operator_metric,nitro,20/TrinoNitroAggregationOperator@96,nitroBoundaryNativeEgressFlatChannelPositions,4221
[WARNING] [stderr] 2026-08-09T00:49:23.073-0600	INFO	ForkJoinPool-1-worker-1	stdout	operator_metric,nitro,20/TrinoNitroAggregationOperator@96,nitroBoundaryNativeEgressDictionaryChannelPositions,0
[WARNING] [stderr] 2026-08-09T00:49:23.073-0600	INFO	ForkJoinPool-1-worker-1	stdout	operator_metric,nitro,20/TrinoNitroAggregationOperator@96,nitroAggregationStatePreparationNanos,3977272
[WARNING] [stderr] 2026-08-09T00:49:23.073-0600	INFO	ForkJoinPool-1-worker-1	stdout	operator_metric,nitro,20/TrinoNitroAggregationOperator@96,nitroBoundaryPageEgressRunLengthChannelPositions,0
[WARNING] [stderr] 2026-08-09T00:49:23.073-0600	INFO	ForkJoinPool-1-worker-1	stdout	operator_metric,nitro,20/TrinoNitroAggregationOperator@96,nitroAggregationInitialKeyNanos,0
[WARNING] [stderr] 2026-08-09T00:49:23.073-0600	INFO	ForkJoinPool-1-worker-1	stdout	operator_metric,nitro,20/TrinoNitroAggregationOperator@96,nitroAggregationAccumulationNanos,76960962
[WARNING] [stderr] 2026-08-09T00:49:23.073-0600	INFO	ForkJoinPool-1-worker-1	stdout	operator_metric,nitro,20/TrinoNitroAggregationOperator@96,nitroBoundaryPageEgressBytes,37989
[WARNING] [stderr] 2026-08-09T00:49:23.073-0600	INFO	ForkJoinPool-1-worker-1	stdout	operator_metric,nitro,20/TrinoNitroHashJoinOperator@91,nitroBoundaryPageEgressPages,1894
[WARNING] [stderr] 2026-08-09T00:49:23.073-0600	INFO	ForkJoinPool-1-worker-1	stdout	operator_metric,nitro,20/TrinoNitroHashJoinOperator@91,nitroBoundaryPageIngressFlatChannelPositions,33109560
[WARNING] [stderr] 2026-08-09T00:49:23.073-0600	INFO	ForkJoinPool-1-worker-1	stdout	operator_metric,nitro,20/TrinoNitroHashJoinOperator@91,nitroBoundaryPageEgressRunLengthChannelPositions,0
[WARNING] [stderr] 2026-08-09T00:49:23.073-0600	INFO	ForkJoinPool-1-worker-1	stdout	operator_metric,nitro,20/TrinoNitroHashJoinOperator@91,nitroBoundaryNativeEgressFlatChannelPositions,33109560
[WARNING] [stderr] 2026-08-09T00:49:23.073-0600	INFO	ForkJoinPool-1-worker-1	stdout	operator_metric,nitro,20/TrinoNitroHashJoinOperator@91,nitroBoundaryNativeEgressRunLengthChannelPositions,0
[WARNING] [stderr] 2026-08-09T00:49:23.073-0600	INFO	ForkJoinPool-1-worker-1	stdout	operator_metric,nitro,20/TrinoNitroHashJoinOperator@91,nitroBoundaryPageEgressDictionaryChannelPositions,16554780
[WARNING] [stderr] 2026-08-09T00:49:23.073-0600	INFO	ForkJoinPool-1-worker-1	stdout	operator_metric,nitro,20/TrinoNitroHashJoinOperator@91,nitroBoundaryPageEgressBytes,2037722285
[WARNING] [stderr] 2026-08-09T00:49:23.073-0600	INFO	ForkJoinPool-1-worker-1	stdout	operator_metric,nitro,20/TrinoNitroHashJoinOperator@91,nitroBoundaryPageIngressPages,476
[WARNING] [stderr] 2026-08-09T00:49:23.073-0600	INFO	ForkJoinPool-1-worker-1	stdout	operator_metric,nitro,20/TrinoNitroHashJoinOperator@91,nitroBoundaryPageIngressPositions,16554780
[WARNING] [stderr] 2026-08-09T00:49:23.073-0600	INFO	ForkJoinPool-1-worker-1	stdout	operator_metric,nitro,20/TrinoNitroHashJoinOperator@91,nitroBoundaryPageIngressRunLengthChannelPositions,0
[WARNING] [stderr] 2026-08-09T00:49:23.073-0600	INFO	ForkJoinPool-1-worker-1	stdout	operator_metric,nitro,20/TrinoNitroHashJoinOperator@91,nitroBoundaryNativeEgressDictionaryChannelPositions,16554780
[WARNING] [stderr] 2026-08-09T00:49:23.073-0600	INFO	ForkJoinPool-1-worker-1	stdout	operator_metric,nitro,20/TrinoNitroHashJoinOperator@91,nitroBoundaryPageEgressFlatChannelPositions,33109560
[WARNING] [stderr] 2026-08-09T00:49:23.073-0600	INFO	ForkJoinPool-1-worker-1	stdout	operator_metric,nitro,20/TrinoNitroHashJoinOperator@91,nitroBoundaryPageEgressPositions,16554780
[WARNING] [stderr] 2026-08-09T00:49:23.073-0600	INFO	ForkJoinPool-1-worker-1	stdout	operator_metric,nitro,20/TrinoNitroHashJoinOperator@91,nitroBoundaryPageIngressBytes,231766920
[WARNING] [stderr] 2026-08-09T00:49:23.073-0600	INFO	ForkJoinPool-1-worker-1	stdout	operator_metric,nitro,20/TrinoNitroHashJoinOperator@91,nitroBoundaryPageIngressDictionaryChannelPositions,0
[WARNING] [stderr] 2026-08-09T00:49:23.073-0600	INFO	ForkJoinPool-1-worker-1	stdout	operator_metric,nitro,20/TrinoNitroAggregationOperator@2054,nitroAggregationOutputNanos,86727
[WARNING] [stderr] 2026-08-09T00:49:23.073-0600	INFO	ForkJoinPool-1-worker-1	stdout	operator_metric,nitro,20/TrinoNitroAggregationOperator@2054,nitroAggregationPipelineNanos,0
[WARNING] [stderr] 2026-08-09T00:49:23.073-0600	INFO	ForkJoinPool-1-worker-1	stdout	operator_metric,nitro,20/TrinoNitroAggregationOperator@2054,nitroAggregationGroupingNanos,0
[WARNING] [stderr] 2026-08-09T00:49:23.073-0600	INFO	ForkJoinPool-1-worker-1	stdout	operator_metric,nitro,20/TrinoNitroAggregationOperator@2054,nitroAggregationAccumulationNanos,0
[WARNING] [stderr] 2026-08-09T00:49:23.073-0600	INFO	ForkJoinPool-1-worker-1	stdout	operator_metric,nitro,20/TrinoNitroAggregationOperator@2054,nitroBoundaryNativeEgressDictionaryChannelPositions,0
[WARNING] [stderr] 2026-08-09T00:49:23.073-0600	INFO	ForkJoinPool-1-worker-1	stdout	operator_metric,nitro,20/TrinoNitroAggregationOperator@2054,nitroAggregationFusedNanos,0
[WARNING] [stderr] 2026-08-09T00:49:23.073-0600	INFO	ForkJoinPool-1-worker-1	stdout	operator_metric,nitro,20/TrinoNitroAggregationOperator@2054,nitroBoundaryPageEgressBytes,36981
[WARNING] [stderr] 2026-08-09T00:49:23.073-0600	INFO	ForkJoinPool-1-worker-1	stdout	operator_metric,nitro,20/TrinoNitroAggregationOperator@2054,nitroAggregationFlushNanos,0
[WARNING] [stderr] 2026-08-09T00:49:23.073-0600	INFO	ForkJoinPool-1-worker-1	stdout	operator_metric,nitro,20/TrinoNitroAggregationOperator@2054,nitroBoundaryPageEgressPositions,4109
[WARNING] [stderr] 2026-08-09T00:49:23.073-0600	INFO	ForkJoinPool-1-worker-1	stdout	operator_metric,nitro,20/TrinoNitroAggregationOperator@2054,nitroBoundaryPageIngressBytes,37989
[WARNING] [stderr] 2026-08-09T00:49:23.073-0600	INFO	ForkJoinPool-1-worker-1	stdout	operator_metric,nitro,20/TrinoNitroAggregationOperator@2054,nitroBoundaryPageIngressPositions,4221
[WARNING] [stderr] 2026-08-09T00:49:23.073-0600	INFO	ForkJoinPool-1-worker-1	stdout	operator_metric,nitro,20/TrinoNitroAggregationOperator@2054,nitroBoundaryPageIngressDictionaryChannelPositions,0
[WARNING] [stderr] 2026-08-09T00:49:23.073-0600	INFO	ForkJoinPool-1-worker-1	stdout	operator_metric,nitro,20/TrinoNitroAggregationOperator@2054,nitroAggregationInputNanos,1816393
[WARNING] [stderr] 2026-08-09T00:49:23.073-0600	INFO	ForkJoinPool-1-worker-1	stdout	operator_metric,nitro,20/TrinoNitroAggregationOperator@2054,nitroBoundaryPageEgressDictionaryChannelPositions,0
[WARNING] [stderr] 2026-08-09T00:49:23.073-0600	INFO	ForkJoinPool-1-worker-1	stdout	operator_metric,nitro,20/TrinoNitroAggregationOperator@2054,nitroAggregationInitialAggregationNanos,0
[WARNING] [stderr] 2026-08-09T00:49:23.073-0600	INFO	ForkJoinPool-1-worker-1	stdout	operator_metric,nitro,20/TrinoNitroAggregationOperator@2054,nitroBoundaryPageEgressRunLengthChannelPositions,0
[WARNING] [stderr] 2026-08-09T00:49:23.073-0600	INFO	ForkJoinPool-1-worker-1	stdout	operator_metric,nitro,20/TrinoNitroAggregationOperator@2054,nitroBoundaryPageIngressRunLengthChannelPositions,0
[WARNING] [stderr] 2026-08-09T00:49:23.073-0600	INFO	ForkJoinPool-1-worker-1	stdout	operator_metric,nitro,20/TrinoNitroAggregationOperator@2054,nitroAggregationInitialFlatKeyNanos,0
[WARNING] [stderr] 2026-08-09T00:49:23.073-0600	INFO	ForkJoinPool-1-worker-1	stdout	operator_metric,nitro,20/TrinoNitroAggregationOperator@2054,nitroBoundaryNativeEgressFlatChannelPositions,4109
[WARNING] [stderr] 2026-08-09T00:49:23.073-0600	INFO	ForkJoinPool-1-worker-1	stdout	operator_metric,nitro,20/TrinoNitroAggregationOperator@2054,nitroAggregationStatePreparationNanos,0
[WARNING] [stderr] 2026-08-09T00:49:23.073-0600	INFO	ForkJoinPool-1-worker-1	stdout	operator_metric,nitro,20/TrinoNitroAggregationOperator@2054,nitroBoundaryNativeEgressRunLengthChannelPositions,0
[WARNING] [stderr] 2026-08-09T00:49:23.073-0600	INFO	ForkJoinPool-1-worker-1	stdout	operator_metric,nitro,20/TrinoNitroAggregationOperator@2054,nitroBoundaryPageIngressFlatChannelPositions,4221
[WARNING] [stderr] 2026-08-09T00:49:23.073-0600	INFO	ForkJoinPool-1-worker-1	stdout	operator_metric,nitro,20/TrinoNitroAggregationOperator@2054,nitroBoundaryPageEgressFlatChannelPositions,4109
[WARNING] [stderr] 2026-08-09T00:49:23.073-0600	INFO	ForkJoinPool-1-worker-1	stdout	operator_metric,nitro,20/TrinoNitroAggregationOperator@2054,nitroBoundaryPageEgressPages,474
[WARNING] [stderr] 2026-08-09T00:49:23.073-0600	INFO	ForkJoinPool-1-worker-1	stdout	operator_metric,nitro,20/TrinoNitroAggregationOperator@2054,nitroBoundaryPageIngressPages,479
[WARNING] [stderr] 2026-08-09T00:49:23.073-0600	INFO	ForkJoinPool-1-worker-1	stdout	operator_metric,nitro,20/TrinoNitroAggregationOperator@2054,nitroAggregationInitialKeyNanos,0
[WARNING] [stderr] 2026-08-09T00:49:23.073-0600	INFO	ForkJoinPool-1-worker-1	stdout	operator_metric,nitro,20/TrinoNitroAggregationOperator@2054,nitroAggregationInitialEncodedKeyNanos,0
[WARNING] [stderr] 2026-08-09T00:49:23.073-0600	INFO	ForkJoinPool-1-worker-1	stdout	operator_metric,nitro,20/TrinoNitroAggregationOperator@6125,nitroAggregationInitialAggregationNanos,10950887
[WARNING] [stderr] 2026-08-09T00:49:23.073-0600	INFO	ForkJoinPool-1-worker-1	stdout	operator_metric,nitro,20/TrinoNitroAggregationOperator@6125,nitroBoundaryPageIngressFlatChannelPositions,33109560
[WARNING] [stderr] 2026-08-09T00:49:23.073-0600	INFO	ForkJoinPool-1-worker-1	stdout	operator_metric,nitro,20/TrinoNitroAggregationOperator@6125,nitroAggregationGroupingNanos,357791310
[WARNING] [stderr] 2026-08-09T00:49:23.073-0600	INFO	ForkJoinPool-1-worker-1	stdout	operator_metric,nitro,20/TrinoNitroAggregationOperator@6125,nitroBoundaryNativeExchangeBatches,1790
[WARNING] [stderr] 2026-08-09T00:49:23.073-0600	INFO	ForkJoinPool-1-worker-1	stdout	operator_metric,nitro,20/TrinoNitroAggregationOperator@6125,nitroAggregationInitialEncodedKeyNanos,1404342352
[WARNING] [stderr] 2026-08-09T00:49:23.073-0600	INFO	ForkJoinPool-1-worker-1	stdout	operator_metric,nitro,20/TrinoNitroAggregationOperator@6125,nitroAggregationFusedNanos,0
[WARNING] [stderr] 2026-08-09T00:49:23.073-0600	INFO	ForkJoinPool-1-worker-1	stdout	operator_metric,nitro,20/TrinoNitroAggregationOperator@6125,nitroAggregationFlushNanos,108034
[WARNING] [stderr] 2026-08-09T00:49:23.073-0600	INFO	ForkJoinPool-1-worker-1	stdout	operator_metric,nitro,20/TrinoNitroAggregationOperator@6125,nitroBoundaryPageIngressDictionaryChannelPositions,16554780
[WARNING] [stderr] 2026-08-09T00:49:23.073-0600	INFO	ForkJoinPool-1-worker-1	stdout	operator_metric,nitro,20/TrinoNitroAggregationOperator@6125,nitroBoundaryNativeExchangePositions,16542776
[WARNING] [stderr] 2026-08-09T00:49:23.073-0600	INFO	ForkJoinPool-1-worker-1	stdout	operator_metric,nitro,20/TrinoNitroAggregationOperator@6125,nitroAggregationStatePreparationNanos,268025
[WARNING] [stderr] 2026-08-09T00:49:23.073-0600	INFO	ForkJoinPool-1-worker-1	stdout	operator_metric,nitro,20/TrinoNitroAggregationOperator@6125,nitroBoundaryPageIngressBytes,2037722285
[WARNING] [stderr] 2026-08-09T00:49:23.073-0600	INFO	ForkJoinPool-1-worker-1	stdout	operator_metric,nitro,20/TrinoNitroAggregationOperator@6125,nitroAggregationPipelineNanos,2959355
[WARNING] [stderr] 2026-08-09T00:49:23.073-0600	INFO	ForkJoinPool-1-worker-1	stdout	operator_metric,nitro,20/TrinoNitroAggregationOperator@6125,nitroAggregationOutputNanos,386142
[WARNING] [stderr] 2026-08-09T00:49:23.073-0600	INFO	ForkJoinPool-1-worker-1	stdout	operator_metric,nitro,20/TrinoNitroAggregationOperator@6125,nitroBoundaryNativeExchangeMaximumBatchBytes,32087014
[WARNING] [stderr] 2026-08-09T00:49:23.073-0600	INFO	ForkJoinPool-1-worker-1	stdout	operator_metric,nitro,20/TrinoNitroAggregationOperator@6125,nitroBoundaryNativeExchangeBytes,959066836
[WARNING] [stderr] 2026-08-09T00:49:23.073-0600	INFO	ForkJoinPool-1-worker-1	stdout	operator_metric,nitro,20/TrinoNitroAggregationOperator@6125,nitroBoundaryPageIngressPositions,16554780
[WARNING] [stderr] 2026-08-09T00:49:23.074-0600	INFO	ForkJoinPool-1-worker-1	stdout	operator_metric,nitro,20/TrinoNitroAggregationOperator@6125,nitroAggregationInitialFlatKeyNanos,21054181
[WARNING] [stderr] 2026-08-09T00:49:23.074-0600	INFO	ForkJoinPool-1-worker-1	stdout	operator_metric,nitro,20/TrinoNitroAggregationOperator@6125,nitroAggregationAccumulationNanos,1869333
[WARNING] [stderr] 2026-08-09T00:49:23.074-0600	INFO	ForkJoinPool-1-worker-1	stdout	operator_metric,nitro,20/TrinoNitroAggregationOperator@6125,nitroBoundaryPageIngressRunLengthChannelPositions,0
[WARNING] [stderr] 2026-08-09T00:49:23.074-0600	INFO	ForkJoinPool-1-worker-1	stdout	operator_metric,nitro,20/TrinoNitroAggregationOperator@6125,nitroAggregationInitialKeyNanos,1425396533
[WARNING] [stderr] 2026-08-09T00:49:23.074-0600	INFO	ForkJoinPool-1-worker-1	stdout	operator_metric,nitro,20/TrinoNitroAggregationOperator@6125,nitroBoundaryPageIngressPages,1894
[WARNING] [stderr] 2026-08-09T00:49:23.074-0600	INFO	ForkJoinPool-1-worker-1	stdout	operator_metric,nitro,20/TrinoNitroAggregationOperator@6125,nitroAggregationInputNanos,1836915730
[WARNING] [stderr] 2026-08-09T00:49:23.074-0600	INFO	ForkJoinPool-1-worker-1	stdout	operator_metric,nitro,28/TrinoNitroPipelineSourceOperator@5095,nitroAllocatorAllocatedBytes,662422793
[WARNING] [stderr] 2026-08-09T00:49:23.074-0600	INFO	ForkJoinPool-1-worker-1	stdout	operator_metric,nitro,28/TrinoNitroPipelineSourceOperator@5095,nitroBoundaryNativeExchangeMaximumBatchBytes,2743026
[WARNING] [stderr] 2026-08-09T00:49:23.074-0600	INFO	ForkJoinPool-1-worker-1	stdout	operator_metric,nitro,28/TrinoNitroPipelineSourceOperator@5095,nitroAllocatorAllocatedVectorBytes,662422793
[WARNING] [stderr] 2026-08-09T00:49:23.074-0600	INFO	ForkJoinPool-1-worker-1	stdout	operator_metric,nitro,28/TrinoNitroPipelineSourceOperator@5095,nitroAllocatorAllocatedVectorBytes.I32Vector,115203964
[WARNING] [stderr] 2026-08-09T00:49:23.074-0600	INFO	ForkJoinPool-1-worker-1	stdout	operator_metric,nitro,28/TrinoNitroPipelineSourceOperator@5095,nitroAllocatorAllocatedVectorBytes.BooleanVector,86402973
[WARNING] [stderr] 2026-08-09T00:49:23.074-0600	INFO	ForkJoinPool-1-worker-1	stdout	operator_metric,nitro,28/TrinoNitroPipelineSourceOperator@5095,nitroAllocatorAllocatedVectorBytes.I64Vector,460815856
[WARNING] [stderr] 2026-08-09T00:49:23.074-0600	INFO	ForkJoinPool-1-worker-1	stdout	operator_metric,nitro,28/TrinoNitroPipelineSourceOperator@5095,nitroBoundaryNativeExchangeBytes,662422793
[WARNING] [stderr] 2026-08-09T00:49:23.074-0600	INFO	ForkJoinPool-1-worker-1	stdout	operator_metric,nitro,28/TrinoNitroPipelineSourceOperator@5095,nitroBoundaryNativeExchangePositions,28800991
[WARNING] [stderr] 2026-08-09T00:49:23.074-0600	INFO	ForkJoinPool-1-worker-1	stdout	operator_metric,nitro,28/TrinoNitroPipelineSourceOperator@5095,nitroBoundaryNativeExchangeBatches,2888
[WARNING] [stderr] 2026-08-09T00:49:23.074-0600	INFO	ForkJoinPool-1-worker-1	stdout	operator_metric,nitro,28/TrinoNitroPipelineSourceOperator@5095,nitroAllocatorAllocatedBytes.NitroParquetBatchSource,662422793
[WARNING] [stderr] 2026-08-09T00:49:23.074-0600	INFO	ForkJoinPool-1-worker-1	stdout	operator_metric,nitro,28/TrinoNitroPipelineSourceOperator@5095,nitroAllocatorAllocatedBytes.trino-native-source-ingress,0
[WARNING] [stderr] 2026-08-09T00:49:23.074-0600	INFO	ForkJoinPool-1-worker-1	stdout	operator_metric,nitro,29/TrinoNitroPipelineSourceOperator@113,nitroBoundaryNativeExchangePositions,500000
[WARNING] [stderr] 2026-08-09T00:49:23.074-0600	INFO	ForkJoinPool-1-worker-1	stdout	operator_metric,nitro,29/TrinoNitroPipelineSourceOperator@113,nitroAllocatorAllocatedVectorBytes.I64Vector,4000000
[WARNING] [stderr] 2026-08-09T00:49:23.074-0600	INFO	ForkJoinPool-1-worker-1	stdout	operator_metric,nitro,29/TrinoNitroPipelineSourceOperator@113,nitroBoundaryNativeExchangeBytes,4500000
[WARNING] [stderr] 2026-08-09T00:49:23.074-0600	INFO	ForkJoinPool-1-worker-1	stdout	operator_metric,nitro,29/TrinoNitroPipelineSourceOperator@113,nitroBoundaryNativeExchangeBatches,50
[WARNING] [stderr] 2026-08-09T00:49:23.074-0600	INFO	ForkJoinPool-1-worker-1	stdout	operator_metric,nitro,29/TrinoNitroPipelineSourceOperator@113,nitroAllocatorAllocatedVectorBytes,4500000
[WARNING] [stderr] 2026-08-09T00:49:23.074-0600	INFO	ForkJoinPool-1-worker-1	stdout	operator_metric,nitro,29/TrinoNitroPipelineSourceOperator@113,nitroAllocatorAllocatedVectorBytes.BooleanVector,500000
[WARNING] [stderr] 2026-08-09T00:49:23.074-0600	INFO	ForkJoinPool-1-worker-1	stdout	operator_metric,nitro,29/TrinoNitroPipelineSourceOperator@113,nitroBoundaryNativeExchangeMaximumBatchBytes,90000
[WARNING] [stderr] 2026-08-09T00:49:23.074-0600	INFO	ForkJoinPool-1-worker-1	stdout	operator_metric,nitro,29/TrinoNitroPipelineSourceOperator@113,nitroAllocatorAllocatedBytes.trino-native-source-ingress,0
[WARNING] [stderr] 2026-08-09T00:49:23.074-0600	INFO	ForkJoinPool-1-worker-1	stdout	operator_metric,nitro,29/TrinoNitroPipelineSourceOperator@113,nitroAllocatorAllocatedBytes,4500000
[WARNING] [stderr] 2026-08-09T00:49:23.074-0600	INFO	ForkJoinPool-1-worker-1	stdout	operator_metric,nitro,29/TrinoNitroPipelineSourceOperator@113,nitroAllocatorAllocatedBytes.NitroParquetBatchSource,4500000
[WARNING] [stderr] 2026-08-09T00:49:23.074-0600	INFO	ForkJoinPool-1-worker-1	stdout	operator_metric,nitro,30/TrinoNitroAggregationOperator@137,nitroAggregationOutputNanos,16371
[WARNING] [stderr] 2026-08-09T00:49:23.074-0600	INFO	ForkJoinPool-1-worker-1	stdout	operator_metric,nitro,30/TrinoNitroAggregationOperator@137,nitroAggregationPipelineNanos,0
[WARNING] [stderr] 2026-08-09T00:49:23.074-0600	INFO	ForkJoinPool-1-worker-1	stdout	operator_metric,nitro,30/TrinoNitroAggregationOperator@137,nitroAggregationGroupingNanos,0
[WARNING] [stderr] 2026-08-09T00:49:23.074-0600	INFO	ForkJoinPool-1-worker-1	stdout	operator_metric,nitro,30/TrinoNitroAggregationOperator@137,nitroAggregationAccumulationNanos,0
[WARNING] [stderr] 2026-08-09T00:49:23.074-0600	INFO	ForkJoinPool-1-worker-1	stdout	operator_metric,nitro,30/TrinoNitroAggregationOperator@137,nitroBoundaryPageEgressBytes,17
[WARNING] [stderr] 2026-08-09T00:49:23.074-0600	INFO	ForkJoinPool-1-worker-1	stdout	operator_metric,nitro,30/TrinoNitroAggregationOperator@137,nitroBoundaryNativeEgressDictionaryChannelPositions,0
[WARNING] [stderr] 2026-08-09T00:49:23.074-0600	INFO	ForkJoinPool-1-worker-1	stdout	operator_metric,nitro,30/TrinoNitroAggregationOperator@137,nitroAggregationFusedNanos,0
[WARNING] [stderr] 2026-08-09T00:49:23.074-0600	INFO	ForkJoinPool-1-worker-1	stdout	operator_metric,nitro,30/TrinoNitroAggregationOperator@137,nitroAggregationFlushNanos,0
[WARNING] [stderr] 2026-08-09T00:49:23.074-0600	INFO	ForkJoinPool-1-worker-1	stdout	operator_metric,nitro,30/TrinoNitroAggregationOperator@137,nitroBoundaryPageEgressPositions,1
[WARNING] [stderr] 2026-08-09T00:49:23.074-0600	INFO	ForkJoinPool-1-worker-1	stdout	operator_metric,nitro,30/TrinoNitroAggregationOperator@137,nitroBoundaryPageIngressBytes,34
[WARNING] [stderr] 2026-08-09T00:49:23.074-0600	INFO	ForkJoinPool-1-worker-1	stdout	operator_metric,nitro,30/TrinoNitroAggregationOperator@137,nitroBoundaryPageIngressPositions,2
[WARNING] [stderr] 2026-08-09T00:49:23.074-0600	INFO	ForkJoinPool-1-worker-1	stdout	operator_metric,nitro,30/TrinoNitroAggregationOperator@137,nitroBoundaryPageIngressDictionaryChannelPositions,0
[WARNING] [stderr] 2026-08-09T00:49:23.074-0600	INFO	ForkJoinPool-1-worker-1	stdout	operator_metric,nitro,30/TrinoNitroAggregationOperator@137,nitroBoundaryPageEgressDictionaryChannelPositions,0
[WARNING] [stderr] 2026-08-09T00:49:23.074-0600	INFO	ForkJoinPool-1-worker-1	stdout	operator_metric,nitro,30/TrinoNitroAggregationOperator@137,nitroAggregationInputNanos,20920
[WARNING] [stderr] 2026-08-09T00:49:23.074-0600	INFO	ForkJoinPool-1-worker-1	stdout	operator_metric,nitro,30/TrinoNitroAggregationOperator@137,nitroAggregationInitialAggregationNanos,0
[WARNING] [stderr] 2026-08-09T00:49:23.074-0600	INFO	ForkJoinPool-1-worker-1	stdout	operator_metric,nitro,30/TrinoNitroAggregationOperator@137,nitroBoundaryPageEgressRunLengthChannelPositions,0
[WARNING] [stderr] 2026-08-09T00:49:23.074-0600	INFO	ForkJoinPool-1-worker-1	stdout	operator_metric,nitro,30/TrinoNitroAggregationOperator@137,nitroBoundaryPageIngressRunLengthChannelPositions,0
[WARNING] [stderr] 2026-08-09T00:49:23.074-0600	INFO	ForkJoinPool-1-worker-1	stdout	operator_metric,nitro,30/TrinoNitroAggregationOperator@137,nitroAggregationInitialFlatKeyNanos,0
[WARNING] [stderr] 2026-08-09T00:49:23.074-0600	INFO	ForkJoinPool-1-worker-1	stdout	operator_metric,nitro,30/TrinoNitroAggregationOperator@137,nitroBoundaryNativeEgressRunLengthChannelPositions,0
[WARNING] [stderr] 2026-08-09T00:49:23.074-0600	INFO	ForkJoinPool-1-worker-1	stdout	operator_metric,nitro,30/TrinoNitroAggregationOperator@137,nitroAggregationStatePreparationNanos,0
[WARNING] [stderr] 2026-08-09T00:49:23.074-0600	INFO	ForkJoinPool-1-worker-1	stdout	operator_metric,nitro,30/TrinoNitroAggregationOperator@137,nitroBoundaryNativeEgressFlatChannelPositions,1
[WARNING] [stderr] 2026-08-09T00:49:23.074-0600	INFO	ForkJoinPool-1-worker-1	stdout	operator_metric,nitro,30/TrinoNitroAggregationOperator@137,nitroBoundaryPageIngressFlatChannelPositions,2
[WARNING] [stderr] 2026-08-09T00:49:23.074-0600	INFO	ForkJoinPool-1-worker-1	stdout	operator_metric,nitro,30/TrinoNitroAggregationOperator@137,nitroBoundaryPageEgressFlatChannelPositions,1
[WARNING] [stderr] 2026-08-09T00:49:23.074-0600	INFO	ForkJoinPool-1-worker-1	stdout	operator_metric,nitro,30/TrinoNitroAggregationOperator@137,nitroBoundaryPageEgressPages,1
[WARNING] [stderr] 2026-08-09T00:49:23.074-0600	INFO	ForkJoinPool-1-worker-1	stdout	operator_metric,nitro,30/TrinoNitroAggregationOperator@137,nitroBoundaryPageIngressPages,2
[WARNING] [stderr] 2026-08-09T00:49:23.074-0600	INFO	ForkJoinPool-1-worker-1	stdout	operator_metric,nitro,30/TrinoNitroAggregationOperator@137,nitroAggregationInitialKeyNanos,0
[WARNING] [stderr] 2026-08-09T00:49:23.074-0600	INFO	ForkJoinPool-1-worker-1	stdout	operator_metric,nitro,30/TrinoNitroAggregationOperator@137,nitroAggregationInitialEncodedKeyNanos,0
[WARNING] [stderr] 2026-08-09T00:49:23.074-0600	INFO	ForkJoinPool-1-worker-1	stdout	operator_metric,nitro,3/TrinoNitroHashJoinOperator@2,nitroBoundaryPageIngressRunLengthChannelPositions,0
[WARNING] [stderr] 2026-08-09T00:49:23.074-0600	INFO	ForkJoinPool-1-worker-1	stdout	operator_metric,nitro,3/TrinoNitroHashJoinOperator@2,nitroBoundaryNativeExchangePositions,131247
[WARNING] [stderr] 2026-08-09T00:49:23.074-0600	INFO	ForkJoinPool-1-worker-1	stdout	operator_metric,nitro,3/TrinoNitroHashJoinOperator@2,nitroBoundaryNativeExchangeBytes,4068732
[WARNING] [stderr] 2026-08-09T00:49:23.074-0600	INFO	ForkJoinPool-1-worker-1	stdout	operator_metric,nitro,3/TrinoNitroHashJoinOperator@2,nitroBoundaryNativeExchangeBatches,15
[WARNING] [stderr] 2026-08-09T00:49:23.074-0600	INFO	ForkJoinPool-1-worker-1	stdout	operator_metric,nitro,3/TrinoNitroHashJoinOperator@2,nitroBoundaryPageIngressFlatChannelPositions,656235
[WARNING] [stderr] 2026-08-09T00:49:23.074-0600	INFO	ForkJoinPool-1-worker-1	stdout	operator_metric,nitro,3/TrinoNitroHashJoinOperator@2,nitroBoundaryNativeExchangeMaximumBatchBytes,620010
[WARNING] [stderr] 2026-08-09T00:49:23.074-0600	INFO	ForkJoinPool-1-worker-1	stdout	operator_metric,nitro,3/TrinoNitroHashJoinOperator@2,nitroBoundaryPageIngressPositions,131247
[WARNING] [stderr] 2026-08-09T00:49:23.074-0600	INFO	ForkJoinPool-1-worker-1	stdout	operator_metric,nitro,3/TrinoNitroHashJoinOperator@2,nitroBoundaryPageIngressPages,5
[WARNING] [stderr] 2026-08-09T00:49:23.074-0600	INFO	ForkJoinPool-1-worker-1	stdout	operator_metric,nitro,3/TrinoNitroHashJoinOperator@2,nitroBoundaryPageIngressBytes,5381127
[WARNING] [stderr] 2026-08-09T00:49:23.074-0600	INFO	ForkJoinPool-1-worker-1	stdout	operator_metric,nitro,3/TrinoNitroHashJoinOperator@2,nitroBoundaryPageIngressDictionaryChannelPositions,0
[WARNING] [stderr] 2026-08-09T00:49:23.074-0600	INFO	ForkJoinPool-1-worker-1	stdout	operator_metric,nitro,6/TrinoNitroHashJoinOperator@5,nitroBoundaryPageIngressRunLengthChannelPositions,0
[WARNING] [stderr] 2026-08-09T00:49:23.074-0600	INFO	ForkJoinPool-1-worker-1	stdout	operator_metric,nitro,6/TrinoNitroHashJoinOperator@5,nitroBoundaryNativeExchangePositions,16554780
[WARNING] [stderr] 2026-08-09T00:49:23.074-0600	INFO	ForkJoinPool-1-worker-1	stdout	operator_metric,nitro,6/TrinoNitroHashJoinOperator@5,nitroBoundaryNativeExchangeBytes,270422112
[WARNING] [stderr] 2026-08-09T00:49:23.074-0600	INFO	ForkJoinPool-1-worker-1	stdout	operator_metric,nitro,6/TrinoNitroHashJoinOperator@5,nitroBoundaryNativeExchangeBatches,1894
[WARNING] [stderr] 2026-08-09T00:49:23.074-0600	INFO	ForkJoinPool-1-worker-1	stdout	operator_metric,nitro,6/TrinoNitroHashJoinOperator@5,nitroBoundaryPageIngressFlatChannelPositions,33109560
[WARNING] [stderr] 2026-08-09T00:49:23.074-0600	INFO	ForkJoinPool-1-worker-1	stdout	operator_metric,nitro,6/TrinoNitroHashJoinOperator@5,nitroBoundaryNativeExchangeMaximumBatchBytes,325856
[WARNING] [stderr] 2026-08-09T00:49:23.074-0600	INFO	ForkJoinPool-1-worker-1	stdout	operator_metric,nitro,6/TrinoNitroHashJoinOperator@5,nitroBoundaryPageIngressPositions,16554780
[WARNING] [stderr] 2026-08-09T00:49:23.074-0600	INFO	ForkJoinPool-1-worker-1	stdout	operator_metric,nitro,6/TrinoNitroHashJoinOperator@5,nitroBoundaryPageIngressPages,480
[WARNING] [stderr] 2026-08-09T00:49:23.074-0600	INFO	ForkJoinPool-1-worker-1	stdout	operator_metric,nitro,6/TrinoNitroHashJoinOperator@5,nitroBoundaryPageIngressBytes,297986040
[WARNING] [stderr] 2026-08-09T00:49:23.074-0600	INFO	ForkJoinPool-1-worker-1	stdout	operator_metric,nitro,6/TrinoNitroHashJoinOperator@5,nitroBoundaryPageIngressDictionaryChannelPositions,0
[WARNING] [stderr] 2026-08-09T00:49:23.074-0600	INFO	ForkJoinPool-1-worker-1	stdout	operator_metric,nitro,9/TrinoNitroPipelineSourceOperator@6,nitroAllocatorAllocatedBytes,52211406
[WARNING] [stderr] 2026-08-09T00:49:23.074-0600	INFO	ForkJoinPool-1-worker-1	stdout	operator_metric,nitro,9/TrinoNitroPipelineSourceOperator@6,nitroAllocatorAllocatedVectorBytes.BooleanVector,204000
[WARNING] [stderr] 2026-08-09T00:49:23.074-0600	INFO	ForkJoinPool-1-worker-1	stdout	operator_metric,nitro,9/TrinoNitroPipelineSourceOperator@6,nitroAllocatorAllocatedBytes.NitroParquetBatchSource,52211406
[WARNING] [stderr] 2026-08-09T00:49:23.074-0600	INFO	ForkJoinPool-1-worker-1	stdout	operator_metric,nitro,9/TrinoNitroPipelineSourceOperator@6,nitroAllocatorAllocatedVectorBytes.I32Vector,40000
[WARNING] [stderr] 2026-08-09T00:49:23.074-0600	INFO	ForkJoinPool-1-worker-1	stdout	operator_metric,nitro,9/TrinoNitroPipelineSourceOperator@6,nitroBoundaryNativeExchangePositions,102000
[WARNING] [stderr] 2026-08-09T00:49:23.074-0600	INFO	ForkJoinPool-1-worker-1	stdout	operator_metric,nitro,9/TrinoNitroPipelineSourceOperator@6,nitroAllocatorAllocatedVectorBytes.BinaryVector,51151406
[WARNING] [stderr] 2026-08-09T00:49:23.074-0600	INFO	ForkJoinPool-1-worker-1	stdout	operator_metric,nitro,9/TrinoNitroPipelineSourceOperator@6,nitroAllocatorAllocatedVectorBytes.I64Vector,816000
[WARNING] [stderr] 2026-08-09T00:49:23.074-0600	INFO	ForkJoinPool-1-worker-1	stdout	operator_metric,nitro,9/TrinoNitroPipelineSourceOperator@6,nitroAllocatorAllocatedBytes.trino-native-source-ingress,0
[WARNING] [stderr] 2026-08-09T00:49:23.074-0600	INFO	ForkJoinPool-1-worker-1	stdout	operator_metric,nitro,9/TrinoNitroPipelineSourceOperator@6,nitroBoundaryNativeExchangeBatches,11
[WARNING] [stderr] 2026-08-09T00:49:23.074-0600	INFO	ForkJoinPool-1-worker-1	stdout	operator_metric,nitro,9/TrinoNitroPipelineSourceOperator@6,nitroBoundaryNativeExchangeBytes,49955105
[WARNING] [stderr] 2026-08-09T00:49:23.074-0600	INFO	ForkJoinPool-1-worker-1	stdout	operator_metric,nitro,9/TrinoNitroPipelineSourceOperator@6,nitroBoundaryNativeExchangeMaximumBatchBytes,10883128
[WARNING] [stderr] 2026-08-09T00:49:23.074-0600	INFO	ForkJoinPool-1-worker-1	stdout	operator_metric,nitro,9/TrinoNitroPipelineSourceOperator@6,nitroAllocatorAllocatedVectorBytes,52211406
[WARNING] [stderr] 2026-08-09T00:49:23.074-0600	INFO	ForkJoinPool-1-worker-1	stdout	operator_metric,nitro,13/TrinoNitroAggregationOperator@6095,nitroAggregationOutputNanos,45496
[WARNING] [stderr] 2026-08-09T00:49:23.074-0600	INFO	ForkJoinPool-1-worker-1	stdout	operator_metric,nitro,13/TrinoNitroAggregationOperator@6095,nitroAggregationPipelineNanos,35838
[WARNING] [stderr] 2026-08-09T00:49:23.074-0600	INFO	ForkJoinPool-1-worker-1	stdout	operator_metric,nitro,13/TrinoNitroAggregationOperator@6095,nitroAggregationGroupingNanos,0
[WARNING] [stderr] 2026-08-09T00:49:23.074-0600	INFO	ForkJoinPool-1-worker-1	stdout	operator_metric,nitro,13/TrinoNitroAggregationOperator@6095,nitroAggregationAccumulationNanos,0
[WARNING] [stderr] 2026-08-09T00:49:23.074-0600	INFO	ForkJoinPool-1-worker-1	stdout	operator_metric,nitro,13/TrinoNitroAggregationOperator@6095,nitroBoundaryNativeEgressDictionaryChannelPositions,0
[WARNING] [stderr] 2026-08-09T00:49:23.074-0600	INFO	ForkJoinPool-1-worker-1	stdout	operator_metric,nitro,13/TrinoNitroAggregationOperator@6095,nitroAggregationFusedNanos,0
[WARNING] [stderr] 2026-08-09T00:49:23.074-0600	INFO	ForkJoinPool-1-worker-1	stdout	operator_metric,nitro,13/TrinoNitroAggregationOperator@6095,nitroBoundaryPageEgressBytes,34
[WARNING] [stderr] 2026-08-09T00:49:23.074-0600	INFO	ForkJoinPool-1-worker-1	stdout	operator_metric,nitro,13/TrinoNitroAggregationOperator@6095,nitroAggregationFlushNanos,0
[WARNING] [stderr] 2026-08-09T00:49:23.074-0600	INFO	ForkJoinPool-1-worker-1	stdout	operator_metric,nitro,13/TrinoNitroAggregationOperator@6095,nitroBoundaryPageEgressPositions,2
[WARNING] [stderr] 2026-08-09T00:49:23.074-0600	INFO	ForkJoinPool-1-worker-1	stdout	operator_metric,nitro,13/TrinoNitroAggregationOperator@6095,nitroBoundaryPageIngressBytes,12278500
[WARNING] [stderr] 2026-08-09T00:49:23.074-0600	INFO	ForkJoinPool-1-worker-1	stdout	operator_metric,nitro,13/TrinoNitroAggregationOperator@6095,nitroBoundaryPageIngressPositions,472250
[WARNING] [stderr] 2026-08-09T00:49:23.074-0600	INFO	ForkJoinPool-1-worker-1	stdout	operator_metric,nitro,13/TrinoNitroAggregationOperator@6095,nitroBoundaryPageIngressDictionaryChannelPositions,0
[WARNING] [stderr] 2026-08-09T00:49:23.074-0600	INFO	ForkJoinPool-1-worker-1	stdout	operator_metric,nitro,13/TrinoNitroAggregationOperator@6095,nitroAggregationInputNanos,1883212
[WARNING] [stderr] 2026-08-09T00:49:23.074-0600	INFO	ForkJoinPool-1-worker-1	stdout	operator_metric,nitro,13/TrinoNitroAggregationOperator@6095,nitroBoundaryPageEgressDictionaryChannelPositions,0
[WARNING] [stderr] 2026-08-09T00:49:23.074-0600	INFO	ForkJoinPool-1-worker-1	stdout	operator_metric,nitro,13/TrinoNitroAggregationOperator@6095,nitroAggregationInitialAggregationNanos,0
[WARNING] [stderr] 2026-08-09T00:49:23.074-0600	INFO	ForkJoinPool-1-worker-1	stdout	operator_metric,nitro,13/TrinoNitroAggregationOperator@6095,nitroBoundaryPageEgressRunLengthChannelPositions,0
[WARNING] [stderr] 2026-08-09T00:49:23.074-0600	INFO	ForkJoinPool-1-worker-1	stdout	operator_metric,nitro,13/TrinoNitroAggregationOperator@6095,nitroBoundaryPageIngressRunLengthChannelPositions,0
[WARNING] [stderr] 2026-08-09T00:49:23.074-0600	INFO	ForkJoinPool-1-worker-1	stdout	operator_metric,nitro,13/TrinoNitroAggregationOperator@6095,nitroAggregationInitialFlatKeyNanos,0
[WARNING] [stderr] 2026-08-09T00:49:23.074-0600	INFO	ForkJoinPool-1-worker-1	stdout	operator_metric,nitro,13/TrinoNitroAggregationOperator@6095,nitroBoundaryNativeEgressFlatChannelPositions,2
[WARNING] [stderr] 2026-08-09T00:49:23.074-0600	INFO	ForkJoinPool-1-worker-1	stdout	operator_metric,nitro,13/TrinoNitroAggregationOperator@6095,nitroAggregationStatePreparationNanos,0
[WARNING] [stderr] 2026-08-09T00:49:23.074-0600	INFO	ForkJoinPool-1-worker-1	stdout	operator_metric,nitro,13/TrinoNitroAggregationOperator@6095,nitroBoundaryNativeEgressRunLengthChannelPositions,0
[WARNING] [stderr] 2026-08-09T00:49:23.074-0600	INFO	ForkJoinPool-1-worker-1	stdout	operator_metric,nitro,13/TrinoNitroAggregationOperator@6095,nitroBoundaryPageIngressFlatChannelPositions,944500
[WARNING] [stderr] 2026-08-09T00:49:23.074-0600	INFO	ForkJoinPool-1-worker-1	stdout	operator_metric,nitro,13/TrinoNitroAggregationOperator@6095,nitroBoundaryPageEgressFlatChannelPositions,2
[WARNING] [stderr] 2026-08-09T00:49:23.074-0600	INFO	ForkJoinPool-1-worker-1	stdout	operator_metric,nitro,13/TrinoNitroAggregationOperator@6095,nitroBoundaryPageEgressPages,2
[WARNING] [stderr] 2026-08-09T00:49:23.074-0600	INFO	ForkJoinPool-1-worker-1	stdout	operator_metric,nitro,13/TrinoNitroAggregationOperator@6095,nitroBoundaryPageIngressPages,30
[WARNING] [stderr] 2026-08-09T00:49:23.074-0600	INFO	ForkJoinPool-1-worker-1	stdout	operator_metric,nitro,13/TrinoNitroAggregationOperator@6095,nitroAggregationInitialKeyNanos,0
[WARNING] [stderr] 2026-08-09T00:49:23.074-0600	INFO	ForkJoinPool-1-worker-1	stdout	operator_metric,nitro,13/TrinoNitroAggregationOperator@6095,nitroAggregationInitialEncodedKeyNanos,0
[WARNING] [stderr] 2026-08-09T00:49:23.074-0600	INFO	ForkJoinPool-1-worker-1	stdout	operator_metric,nitro,13/TrinoNitroAggregationOperator@45,nitroAggregationOutputNanos,29349
[WARNING] [stderr] 2026-08-09T00:49:23.074-0600	INFO	ForkJoinPool-1-worker-1	stdout	operator_metric,nitro,13/TrinoNitroAggregationOperator@45,nitroAggregationPipelineNanos,0
[WARNING] [stderr] 2026-08-09T00:49:23.074-0600	INFO	ForkJoinPool-1-worker-1	stdout	operator_metric,nitro,13/TrinoNitroAggregationOperator@45,nitroAggregationGroupingNanos,21452671
[WARNING] [stderr] 2026-08-09T00:49:23.074-0600	INFO	ForkJoinPool-1-worker-1	stdout	operator_metric,nitro,13/TrinoNitroAggregationOperator@45,nitroAggregationAccumulationNanos,8969824
[WARNING] [stderr] 2026-08-09T00:49:23.074-0600	INFO	ForkJoinPool-1-worker-1	stdout	operator_metric,nitro,13/TrinoNitroAggregationOperator@45,nitroBoundaryNativeEgressDictionaryChannelPositions,0
[WARNING] [stderr] 2026-08-09T00:49:23.074-0600	INFO	ForkJoinPool-1-worker-1	stdout	operator_metric,nitro,13/TrinoNitroAggregationOperator@45,nitroAggregationFusedNanos,0
[WARNING] [stderr] 2026-08-09T00:49:23.074-0600	INFO	ForkJoinPool-1-worker-1	stdout	operator_metric,nitro,13/TrinoNitroAggregationOperator@45,nitroBoundaryPageEgressBytes,12278500
[WARNING] [stderr] 2026-08-09T00:49:23.074-0600	INFO	ForkJoinPool-1-worker-1	stdout	operator_metric,nitro,13/TrinoNitroAggregationOperator@45,nitroAggregationFlushNanos,0
[WARNING] [stderr] 2026-08-09T00:49:23.074-0600	INFO	ForkJoinPool-1-worker-1	stdout	operator_metric,nitro,13/TrinoNitroAggregationOperator@45,nitroBoundaryPageEgressPositions,472250
[WARNING] [stderr] 2026-08-09T00:49:23.074-0600	INFO	ForkJoinPool-1-worker-1	stdout	operator_metric,nitro,13/TrinoNitroAggregationOperator@45,nitroBoundaryPageIngressBytes,16811762
[WARNING] [stderr] 2026-08-09T00:49:23.074-0600	INFO	ForkJoinPool-1-worker-1	stdout	operator_metric,nitro,13/TrinoNitroAggregationOperator@45,nitroBoundaryPageIngressPositions,764171
[WARNING] [stderr] 2026-08-09T00:49:23.074-0600	INFO	ForkJoinPool-1-worker-1	stdout	operator_metric,nitro,13/TrinoNitroAggregationOperator@45,nitroBoundaryPageIngressDictionaryChannelPositions,0
[WARNING] [stderr] 2026-08-09T00:49:23.074-0600	INFO	ForkJoinPool-1-worker-1	stdout	operator_metric,nitro,13/TrinoNitroAggregationOperator@45,nitroAggregationInputNanos,32176573
[WARNING] [stderr] 2026-08-09T00:49:23.074-0600	INFO	ForkJoinPool-1-worker-1	stdout	operator_metric,nitro,13/TrinoNitroAggregationOperator@45,nitroBoundaryPageEgressDictionaryChannelPositions,0
[WARNING] [stderr] 2026-08-09T00:49:23.074-0600	INFO	ForkJoinPool-1-worker-1	stdout	operator_metric,nitro,13/TrinoNitroAggregationOperator@45,nitroAggregationInitialAggregationNanos,0
[WARNING] [stderr] 2026-08-09T00:49:23.074-0600	INFO	ForkJoinPool-1-worker-1	stdout	operator_metric,nitro,13/TrinoNitroAggregationOperator@45,nitroBoundaryPageEgressRunLengthChannelPositions,0
[WARNING] [stderr] 2026-08-09T00:49:23.074-0600	INFO	ForkJoinPool-1-worker-1	stdout	operator_metric,nitro,13/TrinoNitroAggregationOperator@45,nitroBoundaryPageIngressRunLengthChannelPositions,0
[WARNING] [stderr] 2026-08-09T00:49:23.074-0600	INFO	ForkJoinPool-1-worker-1	stdout	operator_metric,nitro,13/TrinoNitroAggregationOperator@45,nitroAggregationInitialFlatKeyNanos,0
[WARNING] [stderr] 2026-08-09T00:49:23.074-0600	INFO	ForkJoinPool-1-worker-1	stdout	operator_metric,nitro,13/TrinoNitroAggregationOperator@45,nitroBoundaryNativeEgressFlatChannelPositions,944500
[WARNING] [stderr] 2026-08-09T00:49:23.074-0600	INFO	ForkJoinPool-1-worker-1	stdout	operator_metric,nitro,13/TrinoNitroAggregationOperator@45,nitroAggregationStatePreparationNanos,1408525
[WARNING] [stderr] 2026-08-09T00:49:23.074-0600	INFO	ForkJoinPool-1-worker-1	stdout	operator_metric,nitro,13/TrinoNitroAggregationOperator@45,nitroBoundaryNativeEgressRunLengthChannelPositions,0
[WARNING] [stderr] 2026-08-09T00:49:23.074-0600	INFO	ForkJoinPool-1-worker-1	stdout	operator_metric,nitro,13/TrinoNitroAggregationOperator@45,nitroBoundaryPageIngressFlatChannelPositions,1528342
[WARNING] [stderr] 2026-08-09T00:49:23.074-0600	INFO	ForkJoinPool-1-worker-1	stdout	operator_metric,nitro,13/TrinoNitroAggregationOperator@45,nitroBoundaryPageEgressFlatChannelPositions,944500
[WARNING] [stderr] 2026-08-09T00:49:23.074-0600	INFO	ForkJoinPool-1-worker-1	stdout	operator_metric,nitro,13/TrinoNitroAggregationOperator@45,nitroBoundaryPageEgressPages,30
[WARNING] [stderr] 2026-08-09T00:49:23.074-0600	INFO	ForkJoinPool-1-worker-1	stdout	operator_metric,nitro,13/TrinoNitroAggregationOperator@45,nitroBoundaryPageIngressPages,12
[WARNING] [stderr] 2026-08-09T00:49:23.074-0600	INFO	ForkJoinPool-1-worker-1	stdout	operator_metric,nitro,13/TrinoNitroAggregationOperator@45,nitroAggregationInitialKeyNanos,0
[WARNING] [stderr] 2026-08-09T00:49:23.074-0600	INFO	ForkJoinPool-1-worker-1	stdout	operator_metric,nitro,13/TrinoNitroAggregationOperator@45,nitroAggregationInitialEncodedKeyNanos,0
[WARNING] [stderr] 2026-08-09T00:49:23.074-0600	INFO	ForkJoinPool-1-worker-1	stdout	operator_metric,nitro,21/TrinoNitroHashJoinOperator@86,nitroBoundaryPageIngressRunLengthChannelPositions,0
[WARNING] [stderr] 2026-08-09T00:49:23.074-0600	INFO	ForkJoinPool-1-worker-1	stdout	operator_metric,nitro,21/TrinoNitroHashJoinOperator@86,nitroBoundaryNativeExchangePositions,64097
[WARNING] [stderr] 2026-08-09T00:49:23.074-0600	INFO	ForkJoinPool-1-worker-1	stdout	operator_metric,nitro,21/TrinoNitroHashJoinOperator@86,nitroBoundaryNativeExchangeBytes,1922038
[WARNING] [stderr] 2026-08-09T00:49:23.074-0600	INFO	ForkJoinPool-1-worker-1	stdout	operator_metric,nitro,21/TrinoNitroHashJoinOperator@86,nitroBoundaryNativeExchangeBatches,8
[WARNING] [stderr] 2026-08-09T00:49:23.074-0600	INFO	ForkJoinPool-1-worker-1	stdout	operator_metric,nitro,21/TrinoNitroHashJoinOperator@86,nitroBoundaryPageIngressFlatChannelPositions,320485
[WARNING] [stderr] 2026-08-09T00:49:23.074-0600	INFO	ForkJoinPool-1-worker-1	stdout	operator_metric,nitro,21/TrinoNitroHashJoinOperator@86,nitroBoundaryNativeExchangeMaximumBatchBytes,523240
[WARNING] [stderr] 2026-08-09T00:49:23.074-0600	INFO	ForkJoinPool-1-worker-1	stdout	operator_metric,nitro,21/TrinoNitroHashJoinOperator@86,nitroBoundaryPageIngressPositions,64097
[WARNING] [stderr] 2026-08-09T00:49:23.074-0600	INFO	ForkJoinPool-1-worker-1	stdout	operator_metric,nitro,21/TrinoNitroHashJoinOperator@86,nitroBoundaryPageIngressPages,8
[WARNING] [stderr] 2026-08-09T00:49:23.074-0600	INFO	ForkJoinPool-1-worker-1	stdout	operator_metric,nitro,21/TrinoNitroHashJoinOperator@86,nitroBoundaryPageIngressBytes,2627977
[WARNING] [stderr] 2026-08-09T00:49:23.074-0600	INFO	ForkJoinPool-1-worker-1	stdout	operator_metric,nitro,21/TrinoNitroHashJoinOperator@86,nitroBoundaryPageIngressDictionaryChannelPositions,0
[WARNING] [stderr] 2026-08-09T00:49:23.074-0600	INFO	ForkJoinPool-1-worker-1	stdout	operator_metric,nitro,24/TrinoNitroHashJoinOperator@89,nitroBoundaryPageIngressRunLengthChannelPositions,0
[WARNING] [stderr] 2026-08-09T00:49:23.074-0600	INFO	ForkJoinPool-1-worker-1	stdout	operator_metric,nitro,24/TrinoNitroHashJoinOperator@89,nitroBoundaryNativeExchangePositions,16554780
[WARNING] [stderr] 2026-08-09T00:49:23.074-0600	INFO	ForkJoinPool-1-worker-1	stdout	operator_metric,nitro,24/TrinoNitroHashJoinOperator@89,nitroBoundaryNativeExchangeBytes,270419262
[WARNING] [stderr] 2026-08-09T00:49:23.074-0600	INFO	ForkJoinPool-1-worker-1	stdout	operator_metric,nitro,24/TrinoNitroHashJoinOperator@89,nitroBoundaryNativeExchangeBatches,1893
[WARNING] [stderr] 2026-08-09T00:49:23.074-0600	INFO	ForkJoinPool-1-worker-1	stdout	operator_metric,nitro,24/TrinoNitroHashJoinOperator@89,nitroBoundaryPageIngressFlatChannelPositions,33109560
[WARNING] [stderr] 2026-08-09T00:49:23.074-0600	INFO	ForkJoinPool-1-worker-1	stdout	operator_metric,nitro,24/TrinoNitroHashJoinOperator@89,nitroBoundaryNativeExchangeMaximumBatchBytes,325856
[WARNING] [stderr] 2026-08-09T00:49:23.074-0600	INFO	ForkJoinPool-1-worker-1	stdout	operator_metric,nitro,24/TrinoNitroHashJoinOperator@89,nitroBoundaryPageIngressPositions,16554780
[WARNING] [stderr] 2026-08-09T00:49:23.074-0600	INFO	ForkJoinPool-1-worker-1	stdout	operator_metric,nitro,24/TrinoNitroHashJoinOperator@89,nitroBoundaryPageIngressPages,480
[WARNING] [stderr] 2026-08-09T00:49:23.074-0600	INFO	ForkJoinPool-1-worker-1	stdout	operator_metric,nitro,24/TrinoNitroHashJoinOperator@89,nitroBoundaryPageIngressBytes,297986040
[WARNING] [stderr] 2026-08-09T00:49:23.074-0600	INFO	ForkJoinPool-1-worker-1	stdout	operator_metric,nitro,24/TrinoNitroHashJoinOperator@89,nitroBoundaryPageIngressDictionaryChannelPositions,0
[WARNING] [stderr] 2026-08-09T00:49:23.074-0600	INFO	ForkJoinPool-1-worker-1	stdout	operator_metric,nitro,27/TrinoNitroPipelineSourceOperator@90,nitroAllocatorAllocatedBytes,52408606
[WARNING] [stderr] 2026-08-09T00:49:23.074-0600	INFO	ForkJoinPool-1-worker-1	stdout	operator_metric,nitro,27/TrinoNitroPipelineSourceOperator@90,nitroAllocatorAllocatedVectorBytes.BooleanVector,204000
[WARNING] [stderr] 2026-08-09T00:49:23.074-0600	INFO	ForkJoinPool-1-worker-1	stdout	operator_metric,nitro,27/TrinoNitroPipelineSourceOperator@90,nitroAllocatorAllocatedBytes.NitroParquetBatchSource,52408606
[WARNING] [stderr] 2026-08-09T00:49:23.074-0600	INFO	ForkJoinPool-1-worker-1	stdout	operator_metric,nitro,27/TrinoNitroPipelineSourceOperator@90,nitroAllocatorAllocatedVectorBytes.I32Vector,40000
[WARNING] [stderr] 2026-08-09T00:49:23.074-0600	INFO	ForkJoinPool-1-worker-1	stdout	operator_metric,nitro,27/TrinoNitroPipelineSourceOperator@90,nitroBoundaryNativeExchangePositions,102000
[WARNING] [stderr] 2026-08-09T00:49:23.074-0600	INFO	ForkJoinPool-1-worker-1	stdout	operator_metric,nitro,27/TrinoNitroPipelineSourceOperator@90,nitroAllocatorAllocatedVectorBytes.BinaryVector,51348606
[WARNING] [stderr] 2026-08-09T00:49:23.074-0600	INFO	ForkJoinPool-1-worker-1	stdout	operator_metric,nitro,27/TrinoNitroPipelineSourceOperator@90,nitroAllocatorAllocatedVectorBytes.I64Vector,816000
[WARNING] [stderr] 2026-08-09T00:49:23.074-0600	INFO	ForkJoinPool-1-worker-1	stdout	operator_metric,nitro,27/TrinoNitroPipelineSourceOperator@90,nitroAllocatorAllocatedBytes.trino-native-source-ingress,0
[WARNING] [stderr] 2026-08-09T00:49:23.074-0600	INFO	ForkJoinPool-1-worker-1	stdout	operator_metric,nitro,27/TrinoNitroPipelineSourceOperator@90,nitroBoundaryNativeExchangeBatches,11
[WARNING] [stderr] 2026-08-09T00:49:23.074-0600	INFO	ForkJoinPool-1-worker-1	stdout	operator_metric,nitro,27/TrinoNitroPipelineSourceOperator@90,nitroBoundaryNativeExchangeBytes,50156127
[WARNING] [stderr] 2026-08-09T00:49:23.074-0600	INFO	ForkJoinPool-1-worker-1	stdout	operator_metric,nitro,27/TrinoNitroPipelineSourceOperator@90,nitroBoundaryNativeExchangeMaximumBatchBytes,10983639
[WARNING] [stderr] 2026-08-09T00:49:23.074-0600	INFO	ForkJoinPool-1-worker-1	stdout	operator_metric,nitro,27/TrinoNitroPipelineSourceOperator@90,nitroAllocatorAllocatedVectorBytes,52408606
[WARNING] [stderr] 2026-08-09T00:49:23.074-0600	INFO	ForkJoinPool-1-worker-1	stdout	operator_metric,nitro,31/TrinoNitroAggregationOperator@6153,nitroAggregationOutputNanos,40416
[WARNING] [stderr] 2026-08-09T00:49:23.074-0600	INFO	ForkJoinPool-1-worker-1	stdout	operator_metric,nitro,31/TrinoNitroAggregationOperator@6153,nitroAggregationPipelineNanos,33243
[WARNING] [stderr] 2026-08-09T00:49:23.074-0600	INFO	ForkJoinPool-1-worker-1	stdout	operator_metric,nitro,31/TrinoNitroAggregationOperator@6153,nitroAggregationGroupingNanos,0
[WARNING] [stderr] 2026-08-09T00:49:23.074-0600	INFO	ForkJoinPool-1-worker-1	stdout	operator_metric,nitro,31/TrinoNitroAggregationOperator@6153,nitroAggregationAccumulationNanos,0
[WARNING] [stderr] 2026-08-09T00:49:23.074-0600	INFO	ForkJoinPool-1-worker-1	stdout	operator_metric,nitro,31/TrinoNitroAggregationOperator@6153,nitroBoundaryNativeEgressDictionaryChannelPositions,0
[WARNING] [stderr] 2026-08-09T00:49:23.074-0600	INFO	ForkJoinPool-1-worker-1	stdout	operator_metric,nitro,31/TrinoNitroAggregationOperator@6153,nitroAggregationFusedNanos,0
[WARNING] [stderr] 2026-08-09T00:49:23.074-0600	INFO	ForkJoinPool-1-worker-1	stdout	operator_metric,nitro,31/TrinoNitroAggregationOperator@6153,nitroBoundaryPageEgressBytes,34
[WARNING] [stderr] 2026-08-09T00:49:23.074-0600	INFO	ForkJoinPool-1-worker-1	stdout	operator_metric,nitro,31/TrinoNitroAggregationOperator@6153,nitroAggregationFlushNanos,0
[WARNING] [stderr] 2026-08-09T00:49:23.074-0600	INFO	ForkJoinPool-1-worker-1	stdout	operator_metric,nitro,31/TrinoNitroAggregationOperator@6153,nitroBoundaryPageEgressPositions,2
[WARNING] [stderr] 2026-08-09T00:49:23.074-0600	INFO	ForkJoinPool-1-worker-1	stdout	operator_metric,nitro,31/TrinoNitroAggregationOperator@6153,nitroBoundaryPageIngressBytes,12278500
[WARNING] [stderr] 2026-08-09T00:49:23.074-0600	INFO	ForkJoinPool-1-worker-1	stdout	operator_metric,nitro,31/TrinoNitroAggregationOperator@6153,nitroBoundaryPageIngressPositions,472250
[WARNING] [stderr] 2026-08-09T00:49:23.074-0600	INFO	ForkJoinPool-1-worker-1	stdout	operator_metric,nitro,31/TrinoNitroAggregationOperator@6153,nitroBoundaryPageIngressDictionaryChannelPositions,0
[WARNING] [stderr] 2026-08-09T00:49:23.074-0600	INFO	ForkJoinPool-1-worker-1	stdout	operator_metric,nitro,31/TrinoNitroAggregationOperator@6153,nitroAggregationInputNanos,1986728
[WARNING] [stderr] 2026-08-09T00:49:23.074-0600	INFO	ForkJoinPool-1-worker-1	stdout	operator_metric,nitro,31/TrinoNitroAggregationOperator@6153,nitroBoundaryPageEgressDictionaryChannelPositions,0
[WARNING] [stderr] 2026-08-09T00:49:23.074-0600	INFO	ForkJoinPool-1-worker-1	stdout	operator_metric,nitro,31/TrinoNitroAggregationOperator@6153,nitroAggregationInitialAggregationNanos,0
[WARNING] [stderr] 2026-08-09T00:49:23.074-0600	INFO	ForkJoinPool-1-worker-1	stdout	operator_metric,nitro,31/TrinoNitroAggregationOperator@6153,nitroBoundaryPageEgressRunLengthChannelPositions,0
[WARNING] [stderr] 2026-08-09T00:49:23.074-0600	INFO	ForkJoinPool-1-worker-1	stdout	operator_metric,nitro,31/TrinoNitroAggregationOperator@6153,nitroBoundaryPageIngressRunLengthChannelPositions,0
[WARNING] [stderr] 2026-08-09T00:49:23.074-0600	INFO	ForkJoinPool-1-worker-1	stdout	operator_metric,nitro,31/TrinoNitroAggregationOperator@6153,nitroAggregationInitialFlatKeyNanos,0
[WARNING] [stderr] 2026-08-09T00:49:23.074-0600	INFO	ForkJoinPool-1-worker-1	stdout	operator_metric,nitro,31/TrinoNitroAggregationOperator@6153,nitroBoundaryNativeEgressFlatChannelPositions,2
[WARNING] [stderr] 2026-08-09T00:49:23.074-0600	INFO	ForkJoinPool-1-worker-1	stdout	operator_metric,nitro,31/TrinoNitroAggregationOperator@6153,nitroAggregationStatePreparationNanos,0
[WARNING] [stderr] 2026-08-09T00:49:23.074-0600	INFO	ForkJoinPool-1-worker-1	stdout	operator_metric,nitro,31/TrinoNitroAggregationOperator@6153,nitroBoundaryNativeEgressRunLengthChannelPositions,0
[WARNING] [stderr] 2026-08-09T00:49:23.074-0600	INFO	ForkJoinPool-1-worker-1	stdout	operator_metric,nitro,31/TrinoNitroAggregationOperator@6153,nitroBoundaryPageIngressFlatChannelPositions,944500
[WARNING] [stderr] 2026-08-09T00:49:23.074-0600	INFO	ForkJoinPool-1-worker-1	stdout	operator_metric,nitro,31/TrinoNitroAggregationOperator@6153,nitroBoundaryPageEgressFlatChannelPositions,2
[WARNING] [stderr] 2026-08-09T00:49:23.074-0600	INFO	ForkJoinPool-1-worker-1	stdout	operator_metric,nitro,31/TrinoNitroAggregationOperator@6153,nitroBoundaryPageEgressPages,2
[WARNING] [stderr] 2026-08-09T00:49:23.074-0600	INFO	ForkJoinPool-1-worker-1	stdout	operator_metric,nitro,31/TrinoNitroAggregationOperator@6153,nitroBoundaryPageIngressPages,30
[WARNING] [stderr] 2026-08-09T00:49:23.074-0600	INFO	ForkJoinPool-1-worker-1	stdout	operator_metric,nitro,31/TrinoNitroAggregationOperator@6153,nitroAggregationInitialKeyNanos,0
[WARNING] [stderr] 2026-08-09T00:49:23.074-0600	INFO	ForkJoinPool-1-worker-1	stdout	operator_metric,nitro,31/TrinoNitroAggregationOperator@6153,nitroAggregationInitialEncodedKeyNanos,0
[WARNING] [stderr] 2026-08-09T00:49:23.074-0600	INFO	ForkJoinPool-1-worker-1	stdout	operator_metric,nitro,31/TrinoNitroAggregationOperator@129,nitroAggregationOutputNanos,23396
[WARNING] [stderr] 2026-08-09T00:49:23.074-0600	INFO	ForkJoinPool-1-worker-1	stdout	operator_metric,nitro,31/TrinoNitroAggregationOperator@129,nitroAggregationPipelineNanos,0
[WARNING] [stderr] 2026-08-09T00:49:23.074-0600	INFO	ForkJoinPool-1-worker-1	stdout	operator_metric,nitro,31/TrinoNitroAggregationOperator@129,nitroAggregationGroupingNanos,12673898
[WARNING] [stderr] 2026-08-09T00:49:23.074-0600	INFO	ForkJoinPool-1-worker-1	stdout	operator_metric,nitro,31/TrinoNitroAggregationOperator@129,nitroAggregationAccumulationNanos,8015900
[WARNING] [stderr] 2026-08-09T00:49:23.074-0600	INFO	ForkJoinPool-1-worker-1	stdout	operator_metric,nitro,31/TrinoNitroAggregationOperator@129,nitroBoundaryNativeEgressDictionaryChannelPositions,0
[WARNING] [stderr] 2026-08-09T00:49:23.074-0600	INFO	ForkJoinPool-1-worker-1	stdout	operator_metric,nitro,31/TrinoNitroAggregationOperator@129,nitroAggregationFusedNanos,0
[WARNING] [stderr] 2026-08-09T00:49:23.074-0600	INFO	ForkJoinPool-1-worker-1	stdout	operator_metric,nitro,31/TrinoNitroAggregationOperator@129,nitroBoundaryPageEgressBytes,12278500
[WARNING] [stderr] 2026-08-09T00:49:23.074-0600	INFO	ForkJoinPool-1-worker-1	stdout	operator_metric,nitro,31/TrinoNitroAggregationOperator@129,nitroAggregationFlushNanos,0
[WARNING] [stderr] 2026-08-09T00:49:23.074-0600	INFO	ForkJoinPool-1-worker-1	stdout	operator_metric,nitro,31/TrinoNitroAggregationOperator@129,nitroBoundaryPageEgressPositions,472250
[WARNING] [stderr] 2026-08-09T00:49:23.074-0600	INFO	ForkJoinPool-1-worker-1	stdout	operator_metric,nitro,31/TrinoNitroAggregationOperator@129,nitroBoundaryPageIngressBytes,16811762
[WARNING] [stderr] 2026-08-09T00:49:23.074-0600	INFO	ForkJoinPool-1-worker-1	stdout	operator_metric,nitro,31/TrinoNitroAggregationOperator@129,nitroBoundaryPageIngressPositions,764171
[WARNING] [stderr] 2026-08-09T00:49:23.074-0600	INFO	ForkJoinPool-1-worker-1	stdout	operator_metric,nitro,31/TrinoNitroAggregationOperator@129,nitroBoundaryPageIngressDictionaryChannelPositions,0
[WARNING] [stderr] 2026-08-09T00:49:23.074-0600	INFO	ForkJoinPool-1-worker-1	stdout	operator_metric,nitro,31/TrinoNitroAggregationOperator@129,nitroAggregationInputNanos,22333967
[WARNING] [stderr] 2026-08-09T00:49:23.074-0600	INFO	ForkJoinPool-1-worker-1	stdout	operator_metric,nitro,31/TrinoNitroAggregationOperator@129,nitroBoundaryPageEgressDictionaryChannelPositions,0
[WARNING] [stderr] 2026-08-09T00:49:23.074-0600	INFO	ForkJoinPool-1-worker-1	stdout	operator_metric,nitro,31/TrinoNitroAggregationOperator@129,nitroAggregationInitialAggregationNanos,0
[WARNING] [stderr] 2026-08-09T00:49:23.074-0600	INFO	ForkJoinPool-1-worker-1	stdout	operator_metric,nitro,31/TrinoNitroAggregationOperator@129,nitroBoundaryPageEgressRunLengthChannelPositions,0
[WARNING] [stderr] 2026-08-09T00:49:23.074-0600	INFO	ForkJoinPool-1-worker-1	stdout	operator_metric,nitro,31/TrinoNitroAggregationOperator@129,nitroBoundaryPageIngressRunLengthChannelPositions,0
[WARNING] [stderr] 2026-08-09T00:49:23.074-0600	INFO	ForkJoinPool-1-worker-1	stdout	operator_metric,nitro,31/TrinoNitroAggregationOperator@129,nitroAggregationInitialFlatKeyNanos,0
[WARNING] [stderr] 2026-08-09T00:49:23.074-0600	INFO	ForkJoinPool-1-worker-1	stdout	operator_metric,nitro,31/TrinoNitroAggregationOperator@129,nitroBoundaryNativeEgressFlatChannelPositions,944500
[WARNING] [stderr] 2026-08-09T00:49:23.074-0600	INFO	ForkJoinPool-1-worker-1	stdout	operator_metric,nitro,31/TrinoNitroAggregationOperator@129,nitroAggregationStatePreparationNanos,1310079
[WARNING] [stderr] 2026-08-09T00:49:23.074-0600	INFO	ForkJoinPool-1-worker-1	stdout	operator_metric,nitro,31/TrinoNitroAggregationOperator@129,nitroBoundaryNativeEgressRunLengthChannelPositions,0
[WARNING] [stderr] 2026-08-09T00:49:23.074-0600	INFO	ForkJoinPool-1-worker-1	stdout	operator_metric,nitro,31/TrinoNitroAggregationOperator@129,nitroBoundaryPageIngressFlatChannelPositions,1528342
[WARNING] [stderr] 2026-08-09T00:49:23.074-0600	INFO	ForkJoinPool-1-worker-1	stdout	operator_metric,nitro,31/TrinoNitroAggregationOperator@129,nitroBoundaryPageEgressFlatChannelPositions,944500
[WARNING] [stderr] 2026-08-09T00:49:23.074-0600	INFO	ForkJoinPool-1-worker-1	stdout	operator_metric,nitro,31/TrinoNitroAggregationOperator@129,nitroBoundaryPageEgressPages,30
[WARNING] [stderr] 2026-08-09T00:49:23.074-0600	INFO	ForkJoinPool-1-worker-1	stdout	operator_metric,nitro,31/TrinoNitroAggregationOperator@129,nitroBoundaryPageIngressPages,12
[WARNING] [stderr] 2026-08-09T00:49:23.074-0600	INFO	ForkJoinPool-1-worker-1	stdout	operator_metric,nitro,31/TrinoNitroAggregationOperator@129,nitroAggregationInitialKeyNanos,0
[WARNING] [stderr] 2026-08-09T00:49:23.074-0600	INFO	ForkJoinPool-1-worker-1	stdout	operator_metric,nitro,31/TrinoNitroAggregationOperator@129,nitroAggregationInitialEncodedKeyNanos,0
[WARNING] [stderr] 2026-08-09T00:49:23.074-0600	INFO	ForkJoinPool-1-worker-1	stdout	operator_metric,nitro,4/TrinoNitroPipelineSourceOperator@5032,nitroAllocatorAllocatedBytes,22960000
[WARNING] [stderr] 2026-08-09T00:49:23.074-0600	INFO	ForkJoinPool-1-worker-1	stdout	operator_metric,nitro,4/TrinoNitroPipelineSourceOperator@5032,nitroBoundaryNativeExchangeMaximumBatchBytes,1640000
[WARNING] [stderr] 2026-08-09T00:49:23.074-0600	INFO	ForkJoinPool-1-worker-1	stdout	operator_metric,nitro,4/TrinoNitroPipelineSourceOperator@5032,nitroAllocatorAllocatedVectorBytes,22960000
[WARNING] [stderr] 2026-08-09T00:49:23.074-0600	INFO	ForkJoinPool-1-worker-1	stdout	operator_metric,nitro,4/TrinoNitroPipelineSourceOperator@5032,nitroAllocatorAllocatedVectorBytes.I32Vector,2240000
[WARNING] [stderr] 2026-08-09T00:49:23.074-0600	INFO	ForkJoinPool-1-worker-1	stdout	operator_metric,nitro,4/TrinoNitroPipelineSourceOperator@5032,nitroAllocatorAllocatedVectorBytes.BooleanVector,2800000
[WARNING] [stderr] 2026-08-09T00:49:23.074-0600	INFO	ForkJoinPool-1-worker-1	stdout	operator_metric,nitro,4/TrinoNitroPipelineSourceOperator@5032,nitroAllocatorAllocatedVectorBytes.I64Vector,17920000
[WARNING] [stderr] 2026-08-09T00:49:23.074-0600	INFO	ForkJoinPool-1-worker-1	stdout	operator_metric,nitro,4/TrinoNitroPipelineSourceOperator@5032,nitroBoundaryNativeExchangeBytes,22960000
[WARNING] [stderr] 2026-08-09T00:49:23.074-0600	INFO	ForkJoinPool-1-worker-1	stdout	operator_metric,nitro,4/TrinoNitroPipelineSourceOperator@5032,nitroBoundaryNativeExchangePositions,131247
[WARNING] [stderr] 2026-08-09T00:49:23.074-0600	INFO	ForkJoinPool-1-worker-1	stdout	operator_metric,nitro,4/TrinoNitroPipelineSourceOperator@5032,nitroBoundaryNativeExchangeBatches,14
[WARNING] [stderr] 2026-08-09T00:49:23.074-0600	INFO	ForkJoinPool-1-worker-1	stdout	operator_metric,nitro,4/TrinoNitroPipelineSourceOperator@5032,nitroAllocatorAllocatedBytes.NitroParquetBatchSource,22960000
[WARNING] [stderr] 2026-08-09T00:49:23.074-0600	INFO	ForkJoinPool-1-worker-1	stdout	operator_metric,nitro,4/TrinoNitroPipelineSourceOperator@5032,nitroAllocatorAllocatedBytes.trino-native-source-ingress,0
[WARNING] [stderr] 2026-08-09T00:49:23.074-0600	INFO	ForkJoinPool-1-worker-1	stdout	operator_metric,nitro,5/TrinoNitroPipelineSourceOperator@2226,nitroAllocatorAllocatedVectorBytes.I32Vector,320000
[WARNING] [stderr] 2026-08-09T00:49:23.074-0600	INFO	ForkJoinPool-1-worker-1	stdout	operator_metric,nitro,5/TrinoNitroPipelineSourceOperator@2226,nitroAllocatorAllocatedBytes.PlanEvaluator,24
[WARNING] [stderr] 2026-08-09T00:49:23.074-0600	INFO	ForkJoinPool-1-worker-1	stdout	operator_metric,nitro,5/TrinoNitroPipelineSourceOperator@2226,nitroBoundaryNativeExchangeBytes,360000
[WARNING] [stderr] 2026-08-09T00:49:23.074-0600	INFO	ForkJoinPool-1-worker-1	stdout	operator_metric,nitro,5/TrinoNitroPipelineSourceOperator@2226,nitroAllocatorAllocatedVectorBytes.I64Vector,320016
[WARNING] [stderr] 2026-08-09T00:49:23.074-0600	INFO	ForkJoinPool-1-worker-1	stdout	operator_metric,nitro,5/TrinoNitroPipelineSourceOperator@2226,nitroAllocatorAllocatedVectorBytes.BooleanVector,120000
[WARNING] [stderr] 2026-08-09T00:49:23.074-0600	INFO	ForkJoinPool-1-worker-1	stdout	operator_metric,nitro,5/TrinoNitroPipelineSourceOperator@2226,nitroAllocatorAllocatedBytes.NitroParquetBatchSource,760000
[WARNING] [stderr] 2026-08-09T00:49:23.074-0600	INFO	ForkJoinPool-1-worker-1	stdout	operator_metric,nitro,5/TrinoNitroPipelineSourceOperator@2226,nitroAllocatorAllocatedBytes.FilterOperator,0
[WARNING] [stderr] 2026-08-09T00:49:23.074-0600	INFO	ForkJoinPool-1-worker-1	stdout	operator_metric,nitro,5/TrinoNitroPipelineSourceOperator@2226,nitroAllocatorAllocatedVectorBytes,760024
[WARNING] [stderr] 2026-08-09T00:49:23.074-0600	INFO	ForkJoinPool-1-worker-1	stdout	operator_metric,nitro,5/TrinoNitroPipelineSourceOperator@2226,nitroAllocatorAllocatedBytes.ProjectOperator,0
[WARNING] [stderr] 2026-08-09T00:49:23.074-0600	INFO	ForkJoinPool-1-worker-1	stdout	operator_metric,nitro,5/TrinoNitroPipelineSourceOperator@2226,nitroAllocatorAllocatedVectorBytes.RleVector,8
[WARNING] [stderr] 2026-08-09T00:49:23.074-0600	INFO	ForkJoinPool-1-worker-1	stdout	operator_metric,nitro,5/TrinoNitroPipelineSourceOperator@2226,nitroBoundaryNativeExchangeBatches,1
[WARNING] [stderr] 2026-08-09T00:49:23.074-0600	INFO	ForkJoinPool-1-worker-1	stdout	operator_metric,nitro,5/TrinoNitroPipelineSourceOperator@2226,nitroAllocatorAllocatedBytes.trino-native-source-ingress,0
[WARNING] [stderr] 2026-08-09T00:49:23.074-0600	INFO	ForkJoinPool-1-worker-1	stdout	operator_metric,nitro,5/TrinoNitroPipelineSourceOperator@2226,nitroAllocatorAllocatedBytes,760024
[WARNING] [stderr] 2026-08-09T00:49:23.074-0600	INFO	ForkJoinPool-1-worker-1	stdout	operator_metric,nitro,5/TrinoNitroPipelineSourceOperator@2226,nitroBoundaryNativeExchangePositions,29
[WARNING] [stderr] 2026-08-09T00:49:23.074-0600	INFO	ForkJoinPool-1-worker-1	stdout	operator_metric,nitro,5/TrinoNitroPipelineSourceOperator@2226,nitroBoundaryNativeExchangeMaximumBatchBytes,360000
[WARNING] [stderr] 2026-08-09T00:49:23.074-0600	INFO	ForkJoinPool-1-worker-1	stdout	operator_metric,nitro,7/TrinoNitroPipelineSourceOperator@5039,nitroBoundaryNativeExchangePositions,16554780
[WARNING] [stderr] 2026-08-09T00:49:23.074-0600	INFO	ForkJoinPool-1-worker-1	stdout	operator_metric,nitro,7/TrinoNitroPipelineSourceOperator@5039,nitroAllocatorAllocatedVectorBytes.I64Vector,1063680000
[WARNING] [stderr] 2026-08-09T00:49:23.074-0600	INFO	ForkJoinPool-1-worker-1	stdout	operator_metric,nitro,7/TrinoNitroPipelineSourceOperator@5039,nitroBoundaryNativeExchangeBytes,1196640000
[WARNING] [stderr] 2026-08-09T00:49:23.074-0600	INFO	ForkJoinPool-1-worker-1	stdout	operator_metric,nitro,7/TrinoNitroPipelineSourceOperator@5039,nitroBoundaryNativeExchangeBatches,1662
[WARNING] [stderr] 2026-08-09T00:49:23.074-0600	INFO	ForkJoinPool-1-worker-1	stdout	operator_metric,nitro,7/TrinoNitroPipelineSourceOperator@5039,nitroAllocatorAllocatedVectorBytes,1196640000
[WARNING] [stderr] 2026-08-09T00:49:23.074-0600	INFO	ForkJoinPool-1-worker-1	stdout	operator_metric,nitro,7/TrinoNitroPipelineSourceOperator@5039,nitroBoundaryNativeExchangeMaximumBatchBytes,8640000
[WARNING] [stderr] 2026-08-09T00:49:23.074-0600	INFO	ForkJoinPool-1-worker-1	stdout	operator_metric,nitro,7/TrinoNitroPipelineSourceOperator@5039,nitroAllocatorAllocatedVectorBytes.BooleanVector,132960000
[WARNING] [stderr] 2026-08-09T00:49:23.074-0600	INFO	ForkJoinPool-1-worker-1	stdout	operator_metric,nitro,7/TrinoNitroPipelineSourceOperator@5039,nitroAllocatorAllocatedBytes.trino-native-source-ingress,0
[WARNING] [stderr] 2026-08-09T00:49:23.074-0600	INFO	ForkJoinPool-1-worker-1	stdout	operator_metric,nitro,7/TrinoNitroPipelineSourceOperator@5039,nitroAllocatorAllocatedBytes,1196640000
[WARNING] [stderr] 2026-08-09T00:49:23.074-0600	INFO	ForkJoinPool-1-worker-1	stdout	operator_metric,nitro,7/TrinoNitroPipelineSourceOperator@5039,nitroAllocatorAllocatedBytes.NitroParquetBatchSource,1196640000
[WARNING] [stderr] 2026-08-09T00:49:23.074-0600	INFO	ForkJoinPool-1-worker-1	stdout	operator_metric,nitro,8/TrinoNitroPipelineSourceOperator@2260,nitroAllocatorAllocatedBytes.trino-native-source-ingress,0
[WARNING] [stderr] 2026-08-09T00:49:23.074-0600	INFO	ForkJoinPool-1-worker-1	stdout	operator_metric,nitro,8/TrinoNitroPipelineSourceOperator@2260,nitroAllocatorAllocatedVectorBytes,760000
[WARNING] [stderr] 2026-08-09T00:49:23.074-0600	INFO	ForkJoinPool-1-worker-1	stdout	operator_metric,nitro,8/TrinoNitroPipelineSourceOperator@2260,nitroAllocatorAllocatedBytes.FilterOperator,0
[WARNING] [stderr] 2026-08-09T00:49:23.074-0600	INFO	ForkJoinPool-1-worker-1	stdout	operator_metric,nitro,8/TrinoNitroPipelineSourceOperator@2260,nitroAllocatorAllocatedBytes.ProjectOperator,0
[WARNING] [stderr] 2026-08-09T00:49:23.074-0600	INFO	ForkJoinPool-1-worker-1	stdout	operator_metric,nitro,8/TrinoNitroPipelineSourceOperator@2260,nitroAllocatorAllocatedVectorBytes.I32Vector,320000
[WARNING] [stderr] 2026-08-09T00:49:23.074-0600	INFO	ForkJoinPool-1-worker-1	stdout	operator_metric,nitro,8/TrinoNitroPipelineSourceOperator@2260,nitroAllocatorAllocatedBytes.NitroParquetBatchSource,760000
[WARNING] [stderr] 2026-08-09T00:49:23.074-0600	INFO	ForkJoinPool-1-worker-1	stdout	operator_metric,nitro,8/TrinoNitroPipelineSourceOperator@2260,nitroBoundaryNativeExchangePositions,1461
[WARNING] [stderr] 2026-08-09T00:49:23.074-0600	INFO	ForkJoinPool-1-worker-1	stdout	operator_metric,nitro,8/TrinoNitroPipelineSourceOperator@2260,nitroBoundaryNativeExchangeBytes,560000
[WARNING] [stderr] 2026-08-09T00:49:23.074-0600	INFO	ForkJoinPool-1-worker-1	stdout	operator_metric,nitro,8/TrinoNitroPipelineSourceOperator@2260,nitroBoundaryNativeExchangeMaximumBatchBytes,560000
[WARNING] [stderr] 2026-08-09T00:49:23.074-0600	INFO	ForkJoinPool-1-worker-1	stdout	operator_metric,nitro,8/TrinoNitroPipelineSourceOperator@2260,nitroAllocatorAllocatedBytes,760000
[WARNING] [stderr] 2026-08-09T00:49:23.074-0600	INFO	ForkJoinPool-1-worker-1	stdout	operator_metric,nitro,8/TrinoNitroPipelineSourceOperator@2260,nitroAllocatorAllocatedVectorBytes.I64Vector,320000
[WARNING] [stderr] 2026-08-09T00:49:23.074-0600	INFO	ForkJoinPool-1-worker-1	stdout	operator_metric,nitro,8/TrinoNitroPipelineSourceOperator@2260,nitroAllocatorAllocatedVectorBytes.BooleanVector,120000
[WARNING] [stderr] 2026-08-09T00:49:23.074-0600	INFO	ForkJoinPool-1-worker-1	stdout	operator_metric,nitro,8/TrinoNitroPipelineSourceOperator@2260,nitroBoundaryNativeExchangeBatches,1
[WARNING] [stderr] 2026-08-09T00:49:23.074-0600	INFO	ForkJoinPool-1-worker-1	stdout	operator_metric,nitro,14/PartitionedOutputOperator@6110,nitroExchangeInputPages,2
[WARNING] [stderr] 2026-08-09T00:49:23.074-0600	INFO	ForkJoinPool-1-worker-1	stdout	operator_metric,nitro,14/PartitionedOutputOperator@6110,nitroExchangeInputRunLengthChannelPositions,0
[WARNING] [stderr] 2026-08-09T00:49:23.074-0600	INFO	ForkJoinPool-1-worker-1	stdout	operator_metric,nitro,14/PartitionedOutputOperator@6110,nitroExchangeInputPositions,764171
[WARNING] [stderr] 2026-08-09T00:49:23.074-0600	INFO	ForkJoinPool-1-worker-1	stdout	operator_metric,nitro,14/PartitionedOutputOperator@6110,nitroExchangeDictionaryUnsupportedPositions,0
[WARNING] [stderr] 2026-08-09T00:49:23.074-0600	INFO	ForkJoinPool-1-worker-1	stdout	operator_metric,nitro,14/PartitionedOutputOperator@6110,nitroExchangeLowDictionaryReusePositions,0
[WARNING] [stderr] 2026-08-09T00:49:23.074-0600	INFO	ForkJoinPool-1-worker-1	stdout	operator_metric,nitro,14/PartitionedOutputOperator@6110,nitroExchangeSmallPagePositions,0
[WARNING] [stderr] 2026-08-09T00:49:23.074-0600	INFO	ForkJoinPool-1-worker-1	stdout	operator_metric,nitro,14/PartitionedOutputOperator@6110,nitroExchangeNoDictionaryPositions,764171
[WARNING] [stderr] 2026-08-09T00:49:23.074-0600	INFO	ForkJoinPool-1-worker-1	stdout	operator_metric,nitro,14/PartitionedOutputOperator@6110,nitroExchangePreservedPositions,0
[WARNING] [stderr] 2026-08-09T00:49:23.074-0600	INFO	ForkJoinPool-1-worker-1	stdout	operator_metric,nitro,14/PartitionedOutputOperator@6110,nitroExchangeRunLengthUnsupportedPositions,0
[WARNING] [stderr] 2026-08-09T00:49:23.074-0600	INFO	ForkJoinPool-1-worker-1	stdout	operator_metric,nitro,14/PartitionedOutputOperator@6110,nitroExchangeInputFlatChannelPositions,1528342
[WARNING] [stderr] 2026-08-09T00:49:23.074-0600	INFO	ForkJoinPool-1-worker-1	stdout	operator_metric,nitro,14/PartitionedOutputOperator@6110,nitroExchangeInputDictionaryChannelPositions,0
[WARNING] [stderr] 2026-08-09T00:49:23.074-0600	INFO	ForkJoinPool-1-worker-1	stdout	operator_metric,nitro,14/TrinoNitroAggregationOperator@6110,nitroAggregationOutputNanos,53761
[WARNING] [stderr] 2026-08-09T00:49:23.074-0600	INFO	ForkJoinPool-1-worker-1	stdout	operator_metric,nitro,14/TrinoNitroAggregationOperator@6110,nitroAggregationPipelineNanos,2103499
[WARNING] [stderr] 2026-08-09T00:49:23.074-0600	INFO	ForkJoinPool-1-worker-1	stdout	operator_metric,nitro,14/TrinoNitroAggregationOperator@6110,nitroAggregationGroupingNanos,235451382
[WARNING] [stderr] 2026-08-09T00:49:23.074-0600	INFO	ForkJoinPool-1-worker-1	stdout	operator_metric,nitro,14/TrinoNitroAggregationOperator@6110,nitroAggregationAccumulationNanos,777765001
[WARNING] [stderr] 2026-08-09T00:49:23.074-0600	INFO	ForkJoinPool-1-worker-1	stdout	operator_metric,nitro,14/TrinoNitroAggregationOperator@6110,nitroBoundaryNativeEgressDictionaryChannelPositions,0
[WARNING] [stderr] 2026-08-09T00:49:23.074-0600	INFO	ForkJoinPool-1-worker-1	stdout	operator_metric,nitro,14/TrinoNitroAggregationOperator@6110,nitroAggregationFusedNanos,0
[WARNING] [stderr] 2026-08-09T00:49:23.074-0600	INFO	ForkJoinPool-1-worker-1	stdout	operator_metric,nitro,14/TrinoNitroAggregationOperator@6110,nitroBoundaryPageEgressBytes,16811762
[WARNING] [stderr] 2026-08-09T00:49:23.074-0600	INFO	ForkJoinPool-1-worker-1	stdout	operator_metric,nitro,14/TrinoNitroAggregationOperator@6110,nitroAggregationFlushNanos,0
[WARNING] [stderr] 2026-08-09T00:49:23.074-0600	INFO	ForkJoinPool-1-worker-1	stdout	operator_metric,nitro,14/TrinoNitroAggregationOperator@6110,nitroBoundaryPageEgressPositions,764171
[WARNING] [stderr] 2026-08-09T00:49:23.074-0600	INFO	ForkJoinPool-1-worker-1	stdout	operator_metric,nitro,14/TrinoNitroAggregationOperator@6110,nitroBoundaryPageIngressBytes,371794862
[WARNING] [stderr] 2026-08-09T00:49:23.074-0600	INFO	ForkJoinPool-1-worker-1	stdout	operator_metric,nitro,14/TrinoNitroAggregationOperator@6110,nitroBoundaryPageIngressPositions,16164994
[WARNING] [stderr] 2026-08-09T00:49:23.074-0600	INFO	ForkJoinPool-1-worker-1	stdout	operator_metric,nitro,14/TrinoNitroAggregationOperator@6110,nitroBoundaryPageIngressDictionaryChannelPositions,0
[WARNING] [stderr] 2026-08-09T00:49:23.074-0600	INFO	ForkJoinPool-1-worker-1	stdout	operator_metric,nitro,14/TrinoNitroAggregationOperator@6110,nitroAggregationInputNanos,1017442904
[WARNING] [stderr] 2026-08-09T00:49:23.074-0600	INFO	ForkJoinPool-1-worker-1	stdout	operator_metric,nitro,14/TrinoNitroAggregationOperator@6110,nitroBoundaryPageEgressDictionaryChannelPositions,0
[WARNING] [stderr] 2026-08-09T00:49:23.074-0600	INFO	ForkJoinPool-1-worker-1	stdout	operator_metric,nitro,14/TrinoNitroAggregationOperator@6110,nitroAggregationInitialAggregationNanos,0
[WARNING] [stderr] 2026-08-09T00:49:23.074-0600	INFO	ForkJoinPool-1-worker-1	stdout	operator_metric,nitro,14/TrinoNitroAggregationOperator@6110,nitroBoundaryPageEgressRunLengthChannelPositions,0
[WARNING] [stderr] 2026-08-09T00:49:23.074-0600	INFO	ForkJoinPool-1-worker-1	stdout	operator_metric,nitro,14/TrinoNitroAggregationOperator@6110,nitroBoundaryPageIngressRunLengthChannelPositions,0
[WARNING] [stderr] 2026-08-09T00:49:23.074-0600	INFO	ForkJoinPool-1-worker-1	stdout	operator_metric,nitro,14/TrinoNitroAggregationOperator@6110,nitroAggregationInitialFlatKeyNanos,0
[WARNING] [stderr] 2026-08-09T00:49:23.074-0600	INFO	ForkJoinPool-1-worker-1	stdout	operator_metric,nitro,14/TrinoNitroAggregationOperator@6110,nitroBoundaryNativeEgressFlatChannelPositions,1528342
[WARNING] [stderr] 2026-08-09T00:49:23.074-0600	INFO	ForkJoinPool-1-worker-1	stdout	operator_metric,nitro,14/TrinoNitroAggregationOperator@6110,nitroAggregationStatePreparationNanos,3673071
[WARNING] [stderr] 2026-08-09T00:49:23.074-0600	INFO	ForkJoinPool-1-worker-1	stdout	operator_metric,nitro,14/TrinoNitroAggregationOperator@6110,nitroBoundaryNativeEgressRunLengthChannelPositions,0
[WARNING] [stderr] 2026-08-09T00:49:23.074-0600	INFO	ForkJoinPool-1-worker-1	stdout	operator_metric,nitro,14/TrinoNitroAggregationOperator@6110,nitroBoundaryPageIngressFlatChannelPositions,48494982
[WARNING] [stderr] 2026-08-09T00:49:23.074-0600	INFO	ForkJoinPool-1-worker-1	stdout	operator_metric,nitro,14/TrinoNitroAggregationOperator@6110,nitroBoundaryPageEgressFlatChannelPositions,1528342
[WARNING] [stderr] 2026-08-09T00:49:23.074-0600	INFO	ForkJoinPool-1-worker-1	stdout	operator_metric,nitro,14/TrinoNitroAggregationOperator@6110,nitroBoundaryPageEgressPages,2
[WARNING] [stderr] 2026-08-09T00:49:23.074-0600	INFO	ForkJoinPool-1-worker-1	stdout	operator_metric,nitro,14/TrinoNitroAggregationOperator@6110,nitroBoundaryPageIngressPages,1881
[WARNING] [stderr] 2026-08-09T00:49:23.074-0600	INFO	ForkJoinPool-1-worker-1	stdout	operator_metric,nitro,14/TrinoNitroAggregationOperator@6110,nitroAggregationInitialKeyNanos,0
[WARNING] [stderr] 2026-08-09T00:49:23.074-0600	INFO	ForkJoinPool-1-worker-1	stdout	operator_metric,nitro,14/TrinoNitroAggregationOperator@6110,nitroAggregationInitialEncodedKeyNanos,0
[WARNING] [stderr] 2026-08-09T00:49:23.074-0600	INFO	ForkJoinPool-1-worker-1	stdout	operator_metric,nitro,14/TrinoNitroHashJoinOperator@40,nitroBoundaryPageEgressPages,1881
[WARNING] [stderr] 2026-08-09T00:49:23.074-0600	INFO	ForkJoinPool-1-worker-1	stdout	operator_metric,nitro,14/TrinoNitroHashJoinOperator@40,nitroBoundaryPageIngressFlatChannelPositions,64659976
[WARNING] [stderr] 2026-08-09T00:49:23.074-0600	INFO	ForkJoinPool-1-worker-1	stdout	operator_metric,nitro,14/TrinoNitroHashJoinOperator@40,nitroBoundaryPageEgressRunLengthChannelPositions,0
[WARNING] [stderr] 2026-08-09T00:49:23.074-0600	INFO	ForkJoinPool-1-worker-1	stdout	operator_metric,nitro,14/TrinoNitroHashJoinOperator@40,nitroBoundaryNativeEgressFlatChannelPositions,48494982
[WARNING] [stderr] 2026-08-09T00:49:23.074-0600	INFO	ForkJoinPool-1-worker-1	stdout	operator_metric,nitro,14/TrinoNitroHashJoinOperator@40,nitroBoundaryNativeEgressRunLengthChannelPositions,0
[WARNING] [stderr] 2026-08-09T00:49:23.074-0600	INFO	ForkJoinPool-1-worker-1	stdout	operator_metric,nitro,14/TrinoNitroHashJoinOperator@40,nitroBoundaryPageEgressDictionaryChannelPositions,0
[WARNING] [stderr] 2026-08-09T00:49:23.074-0600	INFO	ForkJoinPool-1-worker-1	stdout	operator_metric,nitro,14/TrinoNitroHashJoinOperator@40,nitroBoundaryPageEgressBytes,371794862
[WARNING] [stderr] 2026-08-09T00:49:23.074-0600	INFO	ForkJoinPool-1-worker-1	stdout	operator_metric,nitro,14/TrinoNitroHashJoinOperator@40,nitroBoundaryPageIngressPages,472
[WARNING] [stderr] 2026-08-09T00:49:23.074-0600	INFO	ForkJoinPool-1-worker-1	stdout	operator_metric,nitro,14/TrinoNitroHashJoinOperator@40,nitroBoundaryPageIngressPositions,16164994
[WARNING] [stderr] 2026-08-09T00:49:23.074-0600	INFO	ForkJoinPool-1-worker-1	stdout	operator_metric,nitro,14/TrinoNitroHashJoinOperator@40,nitroBoundaryPageIngressRunLengthChannelPositions,0
[WARNING] [stderr] 2026-08-09T00:49:23.074-0600	INFO	ForkJoinPool-1-worker-1	stdout	operator_metric,nitro,14/TrinoNitroHashJoinOperator@40,nitroBoundaryNativeEgressDictionaryChannelPositions,0
[WARNING] [stderr] 2026-08-09T00:49:23.074-0600	INFO	ForkJoinPool-1-worker-1	stdout	operator_metric,nitro,14/TrinoNitroHashJoinOperator@40,nitroBoundaryPageEgressFlatChannelPositions,48494982
[WARNING] [stderr] 2026-08-09T00:49:23.074-0600	INFO	ForkJoinPool-1-worker-1	stdout	operator_metric,nitro,14/TrinoNitroHashJoinOperator@40,nitroBoundaryPageEgressPositions,16164994
[WARNING] [stderr] 2026-08-09T00:49:23.074-0600	INFO	ForkJoinPool-1-worker-1	stdout	operator_metric,nitro,14/TrinoNitroHashJoinOperator@40,nitroBoundaryPageIngressBytes,517279808
[WARNING] [stderr] 2026-08-09T00:49:23.074-0600	INFO	ForkJoinPool-1-worker-1	stdout	operator_metric,nitro,14/TrinoNitroHashJoinOperator@40,nitroBoundaryPageIngressDictionaryChannelPositions,0
[WARNING] [stderr] 2026-08-09T00:49:23.074-0600	INFO	ForkJoinPool-1-worker-1	stdout	operator_metric,nitro,22/TrinoNitroPipelineSourceOperator@5075,nitroAllocatorAllocatedBytes,26240000
[WARNING] [stderr] 2026-08-09T00:49:23.074-0600	INFO	ForkJoinPool-1-worker-1	stdout	operator_metric,nitro,22/TrinoNitroPipelineSourceOperator@5075,nitroBoundaryNativeExchangeMaximumBatchBytes,6560000
[WARNING] [stderr] 2026-08-09T00:49:23.074-0600	INFO	ForkJoinPool-1-worker-1	stdout	operator_metric,nitro,22/TrinoNitroPipelineSourceOperator@5075,nitroAllocatorAllocatedVectorBytes,26240000
[WARNING] [stderr] 2026-08-09T00:49:23.074-0600	INFO	ForkJoinPool-1-worker-1	stdout	operator_metric,nitro,22/TrinoNitroPipelineSourceOperator@5075,nitroAllocatorAllocatedVectorBytes.I32Vector,2560000
[WARNING] [stderr] 2026-08-09T00:49:23.074-0600	INFO	ForkJoinPool-1-worker-1	stdout	operator_metric,nitro,22/TrinoNitroPipelineSourceOperator@5075,nitroAllocatorAllocatedVectorBytes.BooleanVector,3200000
[WARNING] [stderr] 2026-08-09T00:49:23.074-0600	INFO	ForkJoinPool-1-worker-1	stdout	operator_metric,nitro,22/TrinoNitroPipelineSourceOperator@5075,nitroAllocatorAllocatedVectorBytes.I64Vector,20480000
[WARNING] [stderr] 2026-08-09T00:49:23.074-0600	INFO	ForkJoinPool-1-worker-1	stdout	operator_metric,nitro,22/TrinoNitroPipelineSourceOperator@5075,nitroBoundaryNativeExchangeBytes,26240000
[WARNING] [stderr] 2026-08-09T00:49:23.074-0600	INFO	ForkJoinPool-1-worker-1	stdout	operator_metric,nitro,22/TrinoNitroPipelineSourceOperator@5075,nitroBoundaryNativeExchangePositions,64097
[WARNING] [stderr] 2026-08-09T00:49:23.074-0600	INFO	ForkJoinPool-1-worker-1	stdout	operator_metric,nitro,22/TrinoNitroPipelineSourceOperator@5075,nitroBoundaryNativeExchangeBatches,16
[WARNING] [stderr] 2026-08-09T00:49:23.074-0600	INFO	ForkJoinPool-1-worker-1	stdout	operator_metric,nitro,22/TrinoNitroPipelineSourceOperator@5075,nitroAllocatorAllocatedBytes.NitroParquetBatchSource,26240000
[WARNING] [stderr] 2026-08-09T00:49:23.074-0600	INFO	ForkJoinPool-1-worker-1	stdout	operator_metric,nitro,22/TrinoNitroPipelineSourceOperator@5075,nitroAllocatorAllocatedBytes.trino-native-source-ingress,0
[WARNING] [stderr] 2026-08-09T00:49:23.074-0600	INFO	ForkJoinPool-1-worker-1	stdout	operator_metric,nitro,23/TrinoNitroPipelineSourceOperator@2331,nitroAllocatorAllocatedVectorBytes.I32Vector,320000
[WARNING] [stderr] 2026-08-09T00:49:23.074-0600	INFO	ForkJoinPool-1-worker-1	stdout	operator_metric,nitro,23/TrinoNitroPipelineSourceOperator@2331,nitroAllocatorAllocatedBytes.PlanEvaluator,24
[WARNING] [stderr] 2026-08-09T00:49:23.074-0600	INFO	ForkJoinPool-1-worker-1	stdout	operator_metric,nitro,23/TrinoNitroPipelineSourceOperator@2331,nitroBoundaryNativeExchangeBytes,360000
[WARNING] [stderr] 2026-08-09T00:49:23.074-0600	INFO	ForkJoinPool-1-worker-1	stdout	operator_metric,nitro,23/TrinoNitroPipelineSourceOperator@2331,nitroAllocatorAllocatedVectorBytes.I64Vector,320016
[WARNING] [stderr] 2026-08-09T00:49:23.074-0600	INFO	ForkJoinPool-1-worker-1	stdout	operator_metric,nitro,23/TrinoNitroPipelineSourceOperator@2331,nitroAllocatorAllocatedVectorBytes.BooleanVector,120000
[WARNING] [stderr] 2026-08-09T00:49:23.074-0600	INFO	ForkJoinPool-1-worker-1	stdout	operator_metric,nitro,23/TrinoNitroPipelineSourceOperator@2331,nitroAllocatorAllocatedBytes.NitroParquetBatchSource,760000
[WARNING] [stderr] 2026-08-09T00:49:23.074-0600	INFO	ForkJoinPool-1-worker-1	stdout	operator_metric,nitro,23/TrinoNitroPipelineSourceOperator@2331,nitroAllocatorAllocatedBytes.FilterOperator,0
[WARNING] [stderr] 2026-08-09T00:49:23.074-0600	INFO	ForkJoinPool-1-worker-1	stdout	operator_metric,nitro,23/TrinoNitroPipelineSourceOperator@2331,nitroAllocatorAllocatedVectorBytes,760024
[WARNING] [stderr] 2026-08-09T00:49:23.074-0600	INFO	ForkJoinPool-1-worker-1	stdout	operator_metric,nitro,23/TrinoNitroPipelineSourceOperator@2331,nitroAllocatorAllocatedBytes.ProjectOperator,0
[WARNING] [stderr] 2026-08-09T00:49:23.074-0600	INFO	ForkJoinPool-1-worker-1	stdout	operator_metric,nitro,23/TrinoNitroPipelineSourceOperator@2331,nitroAllocatorAllocatedVectorBytes.RleVector,8
[WARNING] [stderr] 2026-08-09T00:49:23.074-0600	INFO	ForkJoinPool-1-worker-1	stdout	operator_metric,nitro,23/TrinoNitroPipelineSourceOperator@2331,nitroBoundaryNativeExchangeBatches,1
[WARNING] [stderr] 2026-08-09T00:49:23.074-0600	INFO	ForkJoinPool-1-worker-1	stdout	operator_metric,nitro,23/TrinoNitroPipelineSourceOperator@2331,nitroAllocatorAllocatedBytes.trino-native-source-ingress,0
[WARNING] [stderr] 2026-08-09T00:49:23.074-0600	INFO	ForkJoinPool-1-worker-1	stdout	operator_metric,nitro,23/TrinoNitroPipelineSourceOperator@2331,nitroAllocatorAllocatedBytes,760024
[WARNING] [stderr] 2026-08-09T00:49:23.074-0600	INFO	ForkJoinPool-1-worker-1	stdout	operator_metric,nitro,23/TrinoNitroPipelineSourceOperator@2331,nitroBoundaryNativeExchangePositions,29
[WARNING] [stderr] 2026-08-09T00:49:23.074-0600	INFO	ForkJoinPool-1-worker-1	stdout	operator_metric,nitro,23/TrinoNitroPipelineSourceOperator@2331,nitroBoundaryNativeExchangeMaximumBatchBytes,360000
[WARNING] [stderr] 2026-08-09T00:49:23.074-0600	INFO	ForkJoinPool-1-worker-1	stdout	operator_metric,nitro,25/TrinoNitroPipelineSourceOperator@5082,nitroBoundaryNativeExchangePositions,16554780
[WARNING] [stderr] 2026-08-09T00:49:23.074-0600	INFO	ForkJoinPool-1-worker-1	stdout	operator_metric,nitro,25/TrinoNitroPipelineSourceOperator@5082,nitroAllocatorAllocatedVectorBytes.I64Vector,1063680000
[WARNING] [stderr] 2026-08-09T00:49:23.074-0600	INFO	ForkJoinPool-1-worker-1	stdout	operator_metric,nitro,25/TrinoNitroPipelineSourceOperator@5082,nitroBoundaryNativeExchangeBytes,1196640000
[WARNING] [stderr] 2026-08-09T00:49:23.074-0600	INFO	ForkJoinPool-1-worker-1	stdout	operator_metric,nitro,25/TrinoNitroPipelineSourceOperator@5082,nitroBoundaryNativeExchangeBatches,1662
[WARNING] [stderr] 2026-08-09T00:49:23.074-0600	INFO	ForkJoinPool-1-worker-1	stdout	operator_metric,nitro,25/TrinoNitroPipelineSourceOperator@5082,nitroAllocatorAllocatedVectorBytes,1196640000
[WARNING] [stderr] 2026-08-09T00:49:23.075-0600	INFO	ForkJoinPool-1-worker-1	stdout	operator_metric,nitro,25/TrinoNitroPipelineSourceOperator@5082,nitroBoundaryNativeExchangeMaximumBatchBytes,8640000
[WARNING] [stderr] 2026-08-09T00:49:23.075-0600	INFO	ForkJoinPool-1-worker-1	stdout	operator_metric,nitro,25/TrinoNitroPipelineSourceOperator@5082,nitroAllocatorAllocatedVectorBytes.BooleanVector,132960000
[WARNING] [stderr] 2026-08-09T00:49:23.075-0600	INFO	ForkJoinPool-1-worker-1	stdout	operator_metric,nitro,25/TrinoNitroPipelineSourceOperator@5082,nitroAllocatorAllocatedBytes.trino-native-source-ingress,0
[WARNING] [stderr] 2026-08-09T00:49:23.075-0600	INFO	ForkJoinPool-1-worker-1	stdout	operator_metric,nitro,25/TrinoNitroPipelineSourceOperator@5082,nitroAllocatorAllocatedBytes,1196640000
[WARNING] [stderr] 2026-08-09T00:49:23.075-0600	INFO	ForkJoinPool-1-worker-1	stdout	operator_metric,nitro,25/TrinoNitroPipelineSourceOperator@5082,nitroAllocatorAllocatedBytes.NitroParquetBatchSource,1196640000
[WARNING] [stderr] 2026-08-09T00:49:23.075-0600	INFO	ForkJoinPool-1-worker-1	stdout	operator_metric,nitro,26/TrinoNitroPipelineSourceOperator@2365,nitroAllocatorAllocatedBytes.trino-native-source-ingress,0
[WARNING] [stderr] 2026-08-09T00:49:23.075-0600	INFO	ForkJoinPool-1-worker-1	stdout	operator_metric,nitro,26/TrinoNitroPipelineSourceOperator@2365,nitroAllocatorAllocatedVectorBytes,760000
[WARNING] [stderr] 2026-08-09T00:49:23.075-0600	INFO	ForkJoinPool-1-worker-1	stdout	operator_metric,nitro,26/TrinoNitroPipelineSourceOperator@2365,nitroAllocatorAllocatedBytes.FilterOperator,0
[WARNING] [stderr] 2026-08-09T00:49:23.075-0600	INFO	ForkJoinPool-1-worker-1	stdout	operator_metric,nitro,26/TrinoNitroPipelineSourceOperator@2365,nitroAllocatorAllocatedBytes.ProjectOperator,0
[WARNING] [stderr] 2026-08-09T00:49:23.075-0600	INFO	ForkJoinPool-1-worker-1	stdout	operator_metric,nitro,26/TrinoNitroPipelineSourceOperator@2365,nitroAllocatorAllocatedVectorBytes.I32Vector,320000
[WARNING] [stderr] 2026-08-09T00:49:23.075-0600	INFO	ForkJoinPool-1-worker-1	stdout	operator_metric,nitro,26/TrinoNitroPipelineSourceOperator@2365,nitroAllocatorAllocatedBytes.NitroParquetBatchSource,760000
[WARNING] [stderr] 2026-08-09T00:49:23.075-0600	INFO	ForkJoinPool-1-worker-1	stdout	operator_metric,nitro,26/TrinoNitroPipelineSourceOperator@2365,nitroBoundaryNativeExchangePositions,1461
[WARNING] [stderr] 2026-08-09T00:49:23.075-0600	INFO	ForkJoinPool-1-worker-1	stdout	operator_metric,nitro,26/TrinoNitroPipelineSourceOperator@2365,nitroBoundaryNativeExchangeBytes,560000
[WARNING] [stderr] 2026-08-09T00:49:23.075-0600	INFO	ForkJoinPool-1-worker-1	stdout	operator_metric,nitro,26/TrinoNitroPipelineSourceOperator@2365,nitroBoundaryNativeExchangeMaximumBatchBytes,560000
[WARNING] [stderr] 2026-08-09T00:49:23.075-0600	INFO	ForkJoinPool-1-worker-1	stdout	operator_metric,nitro,26/TrinoNitroPipelineSourceOperator@2365,nitroAllocatorAllocatedBytes,760000
[WARNING] [stderr] 2026-08-09T00:49:23.075-0600	INFO	ForkJoinPool-1-worker-1	stdout	operator_metric,nitro,26/TrinoNitroPipelineSourceOperator@2365,nitroAllocatorAllocatedVectorBytes.I64Vector,320000
[WARNING] [stderr] 2026-08-09T00:49:23.075-0600	INFO	ForkJoinPool-1-worker-1	stdout	operator_metric,nitro,26/TrinoNitroPipelineSourceOperator@2365,nitroAllocatorAllocatedVectorBytes.BooleanVector,120000
[WARNING] [stderr] 2026-08-09T00:49:23.075-0600	INFO	ForkJoinPool-1-worker-1	stdout	operator_metric,nitro,26/TrinoNitroPipelineSourceOperator@2365,nitroBoundaryNativeExchangeBatches,1
[WARNING] [stderr] 2026-08-09T00:49:23.075-0600	INFO	ForkJoinPool-1-worker-1	stdout	operator_metric,nitro,32/PartitionedOutputOperator@6168,nitroExchangeInputPages,2
[WARNING] [stderr] 2026-08-09T00:49:23.075-0600	INFO	ForkJoinPool-1-worker-1	stdout	operator_metric,nitro,32/PartitionedOutputOperator@6168,nitroExchangeInputRunLengthChannelPositions,0
[WARNING] [stderr] 2026-08-09T00:49:23.075-0600	INFO	ForkJoinPool-1-worker-1	stdout	operator_metric,nitro,32/PartitionedOutputOperator@6168,nitroExchangeInputPositions,764171
[WARNING] [stderr] 2026-08-09T00:49:23.075-0600	INFO	ForkJoinPool-1-worker-1	stdout	operator_metric,nitro,32/PartitionedOutputOperator@6168,nitroExchangeDictionaryUnsupportedPositions,0
[WARNING] [stderr] 2026-08-09T00:49:23.075-0600	INFO	ForkJoinPool-1-worker-1	stdout	operator_metric,nitro,32/PartitionedOutputOperator@6168,nitroExchangeLowDictionaryReusePositions,0
[WARNING] [stderr] 2026-08-09T00:49:23.075-0600	INFO	ForkJoinPool-1-worker-1	stdout	operator_metric,nitro,32/PartitionedOutputOperator@6168,nitroExchangeSmallPagePositions,0
[WARNING] [stderr] 2026-08-09T00:49:23.075-0600	INFO	ForkJoinPool-1-worker-1	stdout	operator_metric,nitro,32/PartitionedOutputOperator@6168,nitroExchangeNoDictionaryPositions,764171
[WARNING] [stderr] 2026-08-09T00:49:23.075-0600	INFO	ForkJoinPool-1-worker-1	stdout	operator_metric,nitro,32/PartitionedOutputOperator@6168,nitroExchangePreservedPositions,0
[WARNING] [stderr] 2026-08-09T00:49:23.075-0600	INFO	ForkJoinPool-1-worker-1	stdout	operator_metric,nitro,32/PartitionedOutputOperator@6168,nitroExchangeRunLengthUnsupportedPositions,0
[WARNING] [stderr] 2026-08-09T00:49:23.075-0600	INFO	ForkJoinPool-1-worker-1	stdout	operator_metric,nitro,32/PartitionedOutputOperator@6168,nitroExchangeInputFlatChannelPositions,1528342
[WARNING] [stderr] 2026-08-09T00:49:23.075-0600	INFO	ForkJoinPool-1-worker-1	stdout	operator_metric,nitro,32/PartitionedOutputOperator@6168,nitroExchangeInputDictionaryChannelPositions,0
[WARNING] [stderr] 2026-08-09T00:49:23.075-0600	INFO	ForkJoinPool-1-worker-1	stdout	operator_metric,nitro,32/TrinoNitroAggregationOperator@6168,nitroAggregationOutputNanos,328160
[WARNING] [stderr] 2026-08-09T00:49:23.075-0600	INFO	ForkJoinPool-1-worker-1	stdout	operator_metric,nitro,32/TrinoNitroAggregationOperator@6168,nitroAggregationPipelineNanos,2606482
[WARNING] [stderr] 2026-08-09T00:49:23.075-0600	INFO	ForkJoinPool-1-worker-1	stdout	operator_metric,nitro,32/TrinoNitroAggregationOperator@6168,nitroAggregationGroupingNanos,269287978
[WARNING] [stderr] 2026-08-09T00:49:23.075-0600	INFO	ForkJoinPool-1-worker-1	stdout	operator_metric,nitro,32/TrinoNitroAggregationOperator@6168,nitroAggregationAccumulationNanos,706504210
[WARNING] [stderr] 2026-08-09T00:49:23.075-0600	INFO	ForkJoinPool-1-worker-1	stdout	operator_metric,nitro,32/TrinoNitroAggregationOperator@6168,nitroBoundaryNativeEgressDictionaryChannelPositions,0
[WARNING] [stderr] 2026-08-09T00:49:23.075-0600	INFO	ForkJoinPool-1-worker-1	stdout	operator_metric,nitro,32/TrinoNitroAggregationOperator@6168,nitroAggregationFusedNanos,0
[WARNING] [stderr] 2026-08-09T00:49:23.075-0600	INFO	ForkJoinPool-1-worker-1	stdout	operator_metric,nitro,32/TrinoNitroAggregationOperator@6168,nitroBoundaryPageEgressBytes,16811762
[WARNING] [stderr] 2026-08-09T00:49:23.075-0600	INFO	ForkJoinPool-1-worker-1	stdout	operator_metric,nitro,32/TrinoNitroAggregationOperator@6168,nitroAggregationFlushNanos,0
[WARNING] [stderr] 2026-08-09T00:49:23.075-0600	INFO	ForkJoinPool-1-worker-1	stdout	operator_metric,nitro,32/TrinoNitroAggregationOperator@6168,nitroBoundaryPageEgressPositions,764171
[WARNING] [stderr] 2026-08-09T00:49:23.075-0600	INFO	ForkJoinPool-1-worker-1	stdout	operator_metric,nitro,32/TrinoNitroAggregationOperator@6168,nitroBoundaryPageIngressBytes,371794862
[WARNING] [stderr] 2026-08-09T00:49:23.075-0600	INFO	ForkJoinPool-1-worker-1	stdout	operator_metric,nitro,32/TrinoNitroAggregationOperator@6168,nitroBoundaryPageIngressPositions,16164994
[WARNING] [stderr] 2026-08-09T00:49:23.075-0600	INFO	ForkJoinPool-1-worker-1	stdout	operator_metric,nitro,32/TrinoNitroAggregationOperator@6168,nitroBoundaryPageIngressDictionaryChannelPositions,0
[WARNING] [stderr] 2026-08-09T00:49:23.075-0600	INFO	ForkJoinPool-1-worker-1	stdout	operator_metric,nitro,32/TrinoNitroAggregationOperator@6168,nitroAggregationInputNanos,982172403
[WARNING] [stderr] 2026-08-09T00:49:23.075-0600	INFO	ForkJoinPool-1-worker-1	stdout	operator_metric,nitro,32/TrinoNitroAggregationOperator@6168,nitroBoundaryPageEgressDictionaryChannelPositions,0
[WARNING] [stderr] 2026-08-09T00:49:23.075-0600	INFO	ForkJoinPool-1-worker-1	stdout	operator_metric,nitro,32/TrinoNitroAggregationOperator@6168,nitroAggregationInitialAggregationNanos,0
[WARNING] [stderr] 2026-08-09T00:49:23.075-0600	INFO	ForkJoinPool-1-worker-1	stdout	operator_metric,nitro,32/TrinoNitroAggregationOperator@6168,nitroBoundaryPageEgressRunLengthChannelPositions,0
[WARNING] [stderr] 2026-08-09T00:49:23.075-0600	INFO	ForkJoinPool-1-worker-1	stdout	operator_metric,nitro,32/TrinoNitroAggregationOperator@6168,nitroBoundaryPageIngressRunLengthChannelPositions,0
[WARNING] [stderr] 2026-08-09T00:49:23.075-0600	INFO	ForkJoinPool-1-worker-1	stdout	operator_metric,nitro,32/TrinoNitroAggregationOperator@6168,nitroAggregationInitialFlatKeyNanos,0
[WARNING] [stderr] 2026-08-09T00:49:23.075-0600	INFO	ForkJoinPool-1-worker-1	stdout	operator_metric,nitro,32/TrinoNitroAggregationOperator@6168,nitroBoundaryNativeEgressFlatChannelPositions,1528342
[WARNING] [stderr] 2026-08-09T00:49:23.075-0600	INFO	ForkJoinPool-1-worker-1	stdout	operator_metric,nitro,32/TrinoNitroAggregationOperator@6168,nitroAggregationStatePreparationNanos,5412517
[WARNING] [stderr] 2026-08-09T00:49:23.075-0600	INFO	ForkJoinPool-1-worker-1	stdout	operator_metric,nitro,32/TrinoNitroAggregationOperator@6168,nitroBoundaryNativeEgressRunLengthChannelPositions,0
[WARNING] [stderr] 2026-08-09T00:49:23.075-0600	INFO	ForkJoinPool-1-worker-1	stdout	operator_metric,nitro,32/TrinoNitroAggregationOperator@6168,nitroBoundaryPageIngressFlatChannelPositions,48494982
[WARNING] [stderr] 2026-08-09T00:49:23.075-0600	INFO	ForkJoinPool-1-worker-1	stdout	operator_metric,nitro,32/TrinoNitroAggregationOperator@6168,nitroBoundaryPageEgressFlatChannelPositions,1528342
[WARNING] [stderr] 2026-08-09T00:49:23.075-0600	INFO	ForkJoinPool-1-worker-1	stdout	operator_metric,nitro,32/TrinoNitroAggregationOperator@6168,nitroBoundaryPageEgressPages,2
[WARNING] [stderr] 2026-08-09T00:49:23.075-0600	INFO	ForkJoinPool-1-worker-1	stdout	operator_metric,nitro,32/TrinoNitroAggregationOperator@6168,nitroBoundaryPageIngressPages,1878
[WARNING] [stderr] 2026-08-09T00:49:23.075-0600	INFO	ForkJoinPool-1-worker-1	stdout	operator_metric,nitro,32/TrinoNitroAggregationOperator@6168,nitroAggregationInitialKeyNanos,0
[WARNING] [stderr] 2026-08-09T00:49:23.075-0600	INFO	ForkJoinPool-1-worker-1	stdout	operator_metric,nitro,32/TrinoNitroAggregationOperator@6168,nitroAggregationInitialEncodedKeyNanos,0
[WARNING] [stderr] 2026-08-09T00:49:23.075-0600	INFO	ForkJoinPool-1-worker-1	stdout	operator_metric,nitro,32/TrinoNitroHashJoinOperator@124,nitroBoundaryPageEgressPages,1878
[WARNING] [stderr] 2026-08-09T00:49:23.075-0600	INFO	ForkJoinPool-1-worker-1	stdout	operator_metric,nitro,32/TrinoNitroHashJoinOperator@124,nitroBoundaryPageIngressFlatChannelPositions,64659976
[WARNING] [stderr] 2026-08-09T00:49:23.075-0600	INFO	ForkJoinPool-1-worker-1	stdout	operator_metric,nitro,32/TrinoNitroHashJoinOperator@124,nitroBoundaryPageEgressRunLengthChannelPositions,0
[WARNING] [stderr] 2026-08-09T00:49:23.075-0600	INFO	ForkJoinPool-1-worker-1	stdout	operator_metric,nitro,32/TrinoNitroHashJoinOperator@124,nitroBoundaryNativeEgressFlatChannelPositions,48494982
[WARNING] [stderr] 2026-08-09T00:49:23.075-0600	INFO	ForkJoinPool-1-worker-1	stdout	operator_metric,nitro,32/TrinoNitroHashJoinOperator@124,nitroBoundaryNativeEgressRunLengthChannelPositions,0
[WARNING] [stderr] 2026-08-09T00:49:23.075-0600	INFO	ForkJoinPool-1-worker-1	stdout	operator_metric,nitro,32/TrinoNitroHashJoinOperator@124,nitroBoundaryPageEgressDictionaryChannelPositions,0
[WARNING] [stderr] 2026-08-09T00:49:23.075-0600	INFO	ForkJoinPool-1-worker-1	stdout	operator_metric,nitro,32/TrinoNitroHashJoinOperator@124,nitroBoundaryPageEgressBytes,371794862
[WARNING] [stderr] 2026-08-09T00:49:23.075-0600	INFO	ForkJoinPool-1-worker-1	stdout	operator_metric,nitro,32/TrinoNitroHashJoinOperator@124,nitroBoundaryPageIngressPages,471
[WARNING] [stderr] 2026-08-09T00:49:23.075-0600	INFO	ForkJoinPool-1-worker-1	stdout	operator_metric,nitro,32/TrinoNitroHashJoinOperator@124,nitroBoundaryPageIngressPositions,16164994
[WARNING] [stderr] 2026-08-09T00:49:23.075-0600	INFO	ForkJoinPool-1-worker-1	stdout	operator_metric,nitro,32/TrinoNitroHashJoinOperator@124,nitroBoundaryPageIngressRunLengthChannelPositions,0
[WARNING] [stderr] 2026-08-09T00:49:23.075-0600	INFO	ForkJoinPool-1-worker-1	stdout	operator_metric,nitro,32/TrinoNitroHashJoinOperator@124,nitroBoundaryNativeEgressDictionaryChannelPositions,0
[WARNING] [stderr] 2026-08-09T00:49:23.075-0600	INFO	ForkJoinPool-1-worker-1	stdout	operator_metric,nitro,32/TrinoNitroHashJoinOperator@124,nitroBoundaryPageEgressFlatChannelPositions,48494982
[WARNING] [stderr] 2026-08-09T00:49:23.075-0600	INFO	ForkJoinPool-1-worker-1	stdout	operator_metric,nitro,32/TrinoNitroHashJoinOperator@124,nitroBoundaryPageEgressPositions,16164994
[WARNING] [stderr] 2026-08-09T00:49:23.075-0600	INFO	ForkJoinPool-1-worker-1	stdout	operator_metric,nitro,32/TrinoNitroHashJoinOperator@124,nitroBoundaryPageIngressBytes,517279808
[WARNING] [stderr] 2026-08-09T00:49:23.075-0600	INFO	ForkJoinPool-1-worker-1	stdout	operator_metric,nitro,32/TrinoNitroHashJoinOperator@124,nitroBoundaryPageIngressDictionaryChannelPositions,0
[WARNING] [stderr] 2026-08-09T00:49:23.075-0600	INFO	ForkJoinPool-1-worker-1	stdout	operator_metric,nitro,15/PartitionedOutputOperator@38,nitroExchangeInputPages,1890
[WARNING] [stderr] 2026-08-09T00:49:23.075-0600	INFO	ForkJoinPool-1-worker-1	stdout	operator_metric,nitro,15/PartitionedOutputOperator@38,nitroExchangeInputRunLengthChannelPositions,0
[WARNING] [stderr] 2026-08-09T00:49:23.075-0600	INFO	ForkJoinPool-1-worker-1	stdout	operator_metric,nitro,15/PartitionedOutputOperator@38,nitroExchangeInputPositions,16164994
[WARNING] [stderr] 2026-08-09T00:49:23.075-0600	INFO	ForkJoinPool-1-worker-1	stdout	operator_metric,nitro,15/PartitionedOutputOperator@38,nitroExchangeDictionaryUnsupportedPositions,0
[WARNING] [stderr] 2026-08-09T00:49:23.075-0600	INFO	ForkJoinPool-1-worker-1	stdout	operator_metric,nitro,15/PartitionedOutputOperator@38,nitroExchangeLowDictionaryReusePositions,0
[WARNING] [stderr] 2026-08-09T00:49:23.075-0600	INFO	ForkJoinPool-1-worker-1	stdout	operator_metric,nitro,15/PartitionedOutputOperator@38,nitroExchangeSmallPagePositions,2038275
[WARNING] [stderr] 2026-08-09T00:49:23.075-0600	INFO	ForkJoinPool-1-worker-1	stdout	operator_metric,nitro,15/PartitionedOutputOperator@38,nitroExchangeNoDictionaryPositions,14126719
[WARNING] [stderr] 2026-08-09T00:49:23.075-0600	INFO	ForkJoinPool-1-worker-1	stdout	operator_metric,nitro,15/PartitionedOutputOperator@38,nitroExchangePreservedPositions,0
[WARNING] [stderr] 2026-08-09T00:49:23.075-0600	INFO	ForkJoinPool-1-worker-1	stdout	operator_metric,nitro,15/PartitionedOutputOperator@38,nitroExchangeRunLengthUnsupportedPositions,0
[WARNING] [stderr] 2026-08-09T00:49:23.075-0600	INFO	ForkJoinPool-1-worker-1	stdout	operator_metric,nitro,15/PartitionedOutputOperator@38,nitroExchangeInputFlatChannelPositions,64659976
[WARNING] [stderr] 2026-08-09T00:49:23.075-0600	INFO	ForkJoinPool-1-worker-1	stdout	operator_metric,nitro,15/PartitionedOutputOperator@38,nitroExchangeInputDictionaryChannelPositions,0
[WARNING] [stderr] 2026-08-09T00:49:23.075-0600	INFO	ForkJoinPool-1-worker-1	stdout	operator_metric,nitro,15/TrinoNitroHashJoinOperator@38,nitroBoundaryPageEgressPages,1890
[WARNING] [stderr] 2026-08-09T00:49:23.075-0600	INFO	ForkJoinPool-1-worker-1	stdout	operator_metric,nitro,15/TrinoNitroHashJoinOperator@38,nitroBoundaryPageIngressFlatChannelPositions,66219120
[WARNING] [stderr] 2026-08-09T00:49:23.075-0600	INFO	ForkJoinPool-1-worker-1	stdout	operator_metric,nitro,15/TrinoNitroHashJoinOperator@38,nitroBoundaryPageEgressRunLengthChannelPositions,0
[WARNING] [stderr] 2026-08-09T00:49:23.075-0600	INFO	ForkJoinPool-1-worker-1	stdout	operator_metric,nitro,15/TrinoNitroHashJoinOperator@38,nitroBoundaryNativeEgressFlatChannelPositions,64659976
[WARNING] [stderr] 2026-08-09T00:49:23.075-0600	INFO	ForkJoinPool-1-worker-1	stdout	operator_metric,nitro,15/TrinoNitroHashJoinOperator@38,nitroBoundaryNativeEgressRunLengthChannelPositions,0
[WARNING] [stderr] 2026-08-09T00:49:23.075-0600	INFO	ForkJoinPool-1-worker-1	stdout	operator_metric,nitro,15/TrinoNitroHashJoinOperator@38,nitroBoundaryPageEgressDictionaryChannelPositions,0
[WARNING] [stderr] 2026-08-09T00:49:23.075-0600	INFO	ForkJoinPool-1-worker-1	stdout	operator_metric,nitro,15/TrinoNitroHashJoinOperator@38,nitroBoundaryPageEgressBytes,517279808
[WARNING] [stderr] 2026-08-09T00:49:23.075-0600	INFO	ForkJoinPool-1-worker-1	stdout	operator_metric,nitro,15/TrinoNitroHashJoinOperator@38,nitroBoundaryPageIngressPages,480
[WARNING] [stderr] 2026-08-09T00:49:23.075-0600	INFO	ForkJoinPool-1-worker-1	stdout	operator_metric,nitro,15/TrinoNitroHashJoinOperator@38,nitroBoundaryPageIngressPositions,16554780
[WARNING] [stderr] 2026-08-09T00:49:23.075-0600	INFO	ForkJoinPool-1-worker-1	stdout	operator_metric,nitro,15/TrinoNitroHashJoinOperator@38,nitroBoundaryPageIngressRunLengthChannelPositions,0
[WARNING] [stderr] 2026-08-09T00:49:23.075-0600	INFO	ForkJoinPool-1-worker-1	stdout	operator_metric,nitro,15/TrinoNitroHashJoinOperator@38,nitroBoundaryNativeEgressDictionaryChannelPositions,0
[WARNING] [stderr] 2026-08-09T00:49:23.075-0600	INFO	ForkJoinPool-1-worker-1	stdout	operator_metric,nitro,15/TrinoNitroHashJoinOperator@38,nitroBoundaryPageEgressFlatChannelPositions,64659976
[WARNING] [stderr] 2026-08-09T00:49:23.075-0600	INFO	ForkJoinPool-1-worker-1	stdout	operator_metric,nitro,15/TrinoNitroHashJoinOperator@38,nitroBoundaryPageEgressPositions,16164994
[WARNING] [stderr] 2026-08-09T00:49:23.075-0600	INFO	ForkJoinPool-1-worker-1	stdout	operator_metric,nitro,15/TrinoNitroHashJoinOperator@38,nitroBoundaryPageIngressBytes,529752960
[WARNING] [stderr] 2026-08-09T00:49:23.075-0600	INFO	ForkJoinPool-1-worker-1	stdout	operator_metric,nitro,15/TrinoNitroHashJoinOperator@38,nitroBoundaryPageIngressDictionaryChannelPositions,0
[WARNING] [stderr] 2026-08-09T00:49:23.075-0600	INFO	ForkJoinPool-1-worker-1	stdout	operator_metric,nitro,18/TrinoNitroPipelineSourceOperator@2281,nitroAllocatorAllocatedBytes.trino-native-source-ingress,0
[WARNING] [stderr] 2026-08-09T00:49:23.075-0600	INFO	ForkJoinPool-1-worker-1	stdout	operator_metric,nitro,18/TrinoNitroPipelineSourceOperator@2281,nitroAllocatorAllocatedVectorBytes,560000
[WARNING] [stderr] 2026-08-09T00:49:23.075-0600	INFO	ForkJoinPool-1-worker-1	stdout	operator_metric,nitro,18/TrinoNitroPipelineSourceOperator@2281,nitroAllocatorAllocatedBytes.FilterOperator,0
[WARNING] [stderr] 2026-08-09T00:49:23.075-0600	INFO	ForkJoinPool-1-worker-1	stdout	operator_metric,nitro,18/TrinoNitroPipelineSourceOperator@2281,nitroAllocatorAllocatedBytes.ProjectOperator,0
[WARNING] [stderr] 2026-08-09T00:49:23.075-0600	INFO	ForkJoinPool-1-worker-1	stdout	operator_metric,nitro,18/TrinoNitroPipelineSourceOperator@2281,nitroAllocatorAllocatedVectorBytes.I32Vector,160000
[WARNING] [stderr] 2026-08-09T00:49:23.075-0600	INFO	ForkJoinPool-1-worker-1	stdout	operator_metric,nitro,18/TrinoNitroPipelineSourceOperator@2281,nitroAllocatorAllocatedBytes.NitroParquetBatchSource,560000
[WARNING] [stderr] 2026-08-09T00:49:23.075-0600	INFO	ForkJoinPool-1-worker-1	stdout	operator_metric,nitro,18/TrinoNitroPipelineSourceOperator@2281,nitroBoundaryNativeExchangePositions,1461
[WARNING] [stderr] 2026-08-09T00:49:23.075-0600	INFO	ForkJoinPool-1-worker-1	stdout	operator_metric,nitro,18/TrinoNitroPipelineSourceOperator@2281,nitroBoundaryNativeExchangeBytes,360000
[WARNING] [stderr] 2026-08-09T00:49:23.075-0600	INFO	ForkJoinPool-1-worker-1	stdout	operator_metric,nitro,18/TrinoNitroPipelineSourceOperator@2281,nitroBoundaryNativeExchangeMaximumBatchBytes,360000
[WARNING] [stderr] 2026-08-09T00:49:23.075-0600	INFO	ForkJoinPool-1-worker-1	stdout	operator_metric,nitro,18/TrinoNitroPipelineSourceOperator@2281,nitroAllocatorAllocatedBytes,560000
[WARNING] [stderr] 2026-08-09T00:49:23.075-0600	INFO	ForkJoinPool-1-worker-1	stdout	operator_metric,nitro,18/TrinoNitroPipelineSourceOperator@2281,nitroAllocatorAllocatedVectorBytes.I64Vector,320000
[WARNING] [stderr] 2026-08-09T00:49:23.075-0600	INFO	ForkJoinPool-1-worker-1	stdout	operator_metric,nitro,18/TrinoNitroPipelineSourceOperator@2281,nitroAllocatorAllocatedVectorBytes.BooleanVector,80000
[WARNING] [stderr] 2026-08-09T00:49:23.075-0600	INFO	ForkJoinPool-1-worker-1	stdout	operator_metric,nitro,18/TrinoNitroPipelineSourceOperator@2281,nitroBoundaryNativeExchangeBatches,1
[WARNING] [stderr] 2026-08-09T00:49:23.075-0600	INFO	ForkJoinPool-1-worker-1	stdout	operator_metric,nitro,33/PartitionedOutputOperator@122,nitroExchangeInputPages,1891
[WARNING] [stderr] 2026-08-09T00:49:23.075-0600	INFO	ForkJoinPool-1-worker-1	stdout	operator_metric,nitro,33/PartitionedOutputOperator@122,nitroExchangeInputRunLengthChannelPositions,0
[WARNING] [stderr] 2026-08-09T00:49:23.075-0600	INFO	ForkJoinPool-1-worker-1	stdout	operator_metric,nitro,33/PartitionedOutputOperator@122,nitroExchangeInputPositions,16164994
[WARNING] [stderr] 2026-08-09T00:49:23.075-0600	INFO	ForkJoinPool-1-worker-1	stdout	operator_metric,nitro,33/PartitionedOutputOperator@122,nitroExchangeDictionaryUnsupportedPositions,0
[WARNING] [stderr] 2026-08-09T00:49:23.075-0600	INFO	ForkJoinPool-1-worker-1	stdout	operator_metric,nitro,33/PartitionedOutputOperator@122,nitroExchangeLowDictionaryReusePositions,0
[WARNING] [stderr] 2026-08-09T00:49:23.075-0600	INFO	ForkJoinPool-1-worker-1	stdout	operator_metric,nitro,33/PartitionedOutputOperator@122,nitroExchangeSmallPagePositions,2037519
[WARNING] [stderr] 2026-08-09T00:49:23.075-0600	INFO	ForkJoinPool-1-worker-1	stdout	operator_metric,nitro,33/PartitionedOutputOperator@122,nitroExchangeNoDictionaryPositions,14127475
[WARNING] [stderr] 2026-08-09T00:49:23.075-0600	INFO	ForkJoinPool-1-worker-1	stdout	operator_metric,nitro,33/PartitionedOutputOperator@122,nitroExchangePreservedPositions,0
[WARNING] [stderr] 2026-08-09T00:49:23.075-0600	INFO	ForkJoinPool-1-worker-1	stdout	operator_metric,nitro,33/PartitionedOutputOperator@122,nitroExchangeRunLengthUnsupportedPositions,0
[WARNING] [stderr] 2026-08-09T00:49:23.075-0600	INFO	ForkJoinPool-1-worker-1	stdout	operator_metric,nitro,33/PartitionedOutputOperator@122,nitroExchangeInputFlatChannelPositions,64659976
[WARNING] [stderr] 2026-08-09T00:49:23.075-0600	INFO	ForkJoinPool-1-worker-1	stdout	operator_metric,nitro,33/PartitionedOutputOperator@122,nitroExchangeInputDictionaryChannelPositions,0
[WARNING] [stderr] 2026-08-09T00:49:23.075-0600	INFO	ForkJoinPool-1-worker-1	stdout	operator_metric,nitro,33/TrinoNitroHashJoinOperator@122,nitroBoundaryPageEgressPages,1891
[WARNING] [stderr] 2026-08-09T00:49:23.075-0600	INFO	ForkJoinPool-1-worker-1	stdout	operator_metric,nitro,33/TrinoNitroHashJoinOperator@122,nitroBoundaryPageIngressFlatChannelPositions,66219120
[WARNING] [stderr] 2026-08-09T00:49:23.075-0600	INFO	ForkJoinPool-1-worker-1	stdout	operator_metric,nitro,33/TrinoNitroHashJoinOperator@122,nitroBoundaryPageEgressRunLengthChannelPositions,0
[WARNING] [stderr] 2026-08-09T00:49:23.075-0600	INFO	ForkJoinPool-1-worker-1	stdout	operator_metric,nitro,33/TrinoNitroHashJoinOperator@122,nitroBoundaryNativeEgressFlatChannelPositions,64659976
[WARNING] [stderr] 2026-08-09T00:49:23.075-0600	INFO	ForkJoinPool-1-worker-1	stdout	operator_metric,nitro,33/TrinoNitroHashJoinOperator@122,nitroBoundaryNativeEgressRunLengthChannelPositions,0
[WARNING] [stderr] 2026-08-09T00:49:23.075-0600	INFO	ForkJoinPool-1-worker-1	stdout	operator_metric,nitro,33/TrinoNitroHashJoinOperator@122,nitroBoundaryPageEgressDictionaryChannelPositions,0
[WARNING] [stderr] 2026-08-09T00:49:23.075-0600	INFO	ForkJoinPool-1-worker-1	stdout	operator_metric,nitro,33/TrinoNitroHashJoinOperator@122,nitroBoundaryPageEgressBytes,517279808
[WARNING] [stderr] 2026-08-09T00:49:23.075-0600	INFO	ForkJoinPool-1-worker-1	stdout	operator_metric,nitro,33/TrinoNitroHashJoinOperator@122,nitroBoundaryPageIngressPages,480
[WARNING] [stderr] 2026-08-09T00:49:23.075-0600	INFO	ForkJoinPool-1-worker-1	stdout	operator_metric,nitro,33/TrinoNitroHashJoinOperator@122,nitroBoundaryPageIngressPositions,16554780
[WARNING] [stderr] 2026-08-09T00:49:23.075-0600	INFO	ForkJoinPool-1-worker-1	stdout	operator_metric,nitro,33/TrinoNitroHashJoinOperator@122,nitroBoundaryPageIngressRunLengthChannelPositions,0
[WARNING] [stderr] 2026-08-09T00:49:23.075-0600	INFO	ForkJoinPool-1-worker-1	stdout	operator_metric,nitro,33/TrinoNitroHashJoinOperator@122,nitroBoundaryNativeEgressDictionaryChannelPositions,0
[WARNING] [stderr] 2026-08-09T00:49:23.075-0600	INFO	ForkJoinPool-1-worker-1	stdout	operator_metric,nitro,33/TrinoNitroHashJoinOperator@122,nitroBoundaryPageEgressFlatChannelPositions,64659976
[WARNING] [stderr] 2026-08-09T00:49:23.075-0600	INFO	ForkJoinPool-1-worker-1	stdout	operator_metric,nitro,33/TrinoNitroHashJoinOperator@122,nitroBoundaryPageEgressPositions,16164994
[WARNING] [stderr] 2026-08-09T00:49:23.075-0600	INFO	ForkJoinPool-1-worker-1	stdout	operator_metric,nitro,33/TrinoNitroHashJoinOperator@122,nitroBoundaryPageIngressBytes,529752960
[WARNING] [stderr] 2026-08-09T00:49:23.075-0600	INFO	ForkJoinPool-1-worker-1	stdout	operator_metric,nitro,33/TrinoNitroHashJoinOperator@122,nitroBoundaryPageIngressDictionaryChannelPositions,0
[WARNING] [stderr] 2026-08-09T00:49:23.075-0600	INFO	ForkJoinPool-1-worker-1	stdout	operator_metric,nitro,36/TrinoNitroPipelineSourceOperator@2386,nitroAllocatorAllocatedBytes.trino-native-source-ingress,0
[WARNING] [stderr] 2026-08-09T00:49:23.075-0600	INFO	ForkJoinPool-1-worker-1	stdout	operator_metric,nitro,36/TrinoNitroPipelineSourceOperator@2386,nitroAllocatorAllocatedVectorBytes,560000
[WARNING] [stderr] 2026-08-09T00:49:23.075-0600	INFO	ForkJoinPool-1-worker-1	stdout	operator_metric,nitro,36/TrinoNitroPipelineSourceOperator@2386,nitroAllocatorAllocatedBytes.FilterOperator,0
[WARNING] [stderr] 2026-08-09T00:49:23.075-0600	INFO	ForkJoinPool-1-worker-1	stdout	operator_metric,nitro,36/TrinoNitroPipelineSourceOperator@2386,nitroAllocatorAllocatedBytes.ProjectOperator,0
[WARNING] [stderr] 2026-08-09T00:49:23.075-0600	INFO	ForkJoinPool-1-worker-1	stdout	operator_metric,nitro,36/TrinoNitroPipelineSourceOperator@2386,nitroAllocatorAllocatedVectorBytes.I32Vector,160000
[WARNING] [stderr] 2026-08-09T00:49:23.075-0600	INFO	ForkJoinPool-1-worker-1	stdout	operator_metric,nitro,36/TrinoNitroPipelineSourceOperator@2386,nitroAllocatorAllocatedBytes.NitroParquetBatchSource,560000
[WARNING] [stderr] 2026-08-09T00:49:23.075-0600	INFO	ForkJoinPool-1-worker-1	stdout	operator_metric,nitro,36/TrinoNitroPipelineSourceOperator@2386,nitroBoundaryNativeExchangePositions,1461
[WARNING] [stderr] 2026-08-09T00:49:23.075-0600	INFO	ForkJoinPool-1-worker-1	stdout	operator_metric,nitro,36/TrinoNitroPipelineSourceOperator@2386,nitroBoundaryNativeExchangeBytes,360000
[WARNING] [stderr] 2026-08-09T00:49:23.075-0600	INFO	ForkJoinPool-1-worker-1	stdout	operator_metric,nitro,36/TrinoNitroPipelineSourceOperator@2386,nitroBoundaryNativeExchangeMaximumBatchBytes,360000
[WARNING] [stderr] 2026-08-09T00:49:23.075-0600	INFO	ForkJoinPool-1-worker-1	stdout	operator_metric,nitro,36/TrinoNitroPipelineSourceOperator@2386,nitroAllocatorAllocatedBytes,560000
[WARNING] [stderr] 2026-08-09T00:49:23.075-0600	INFO	ForkJoinPool-1-worker-1	stdout	operator_metric,nitro,36/TrinoNitroPipelineSourceOperator@2386,nitroAllocatorAllocatedVectorBytes.I64Vector,320000
[WARNING] [stderr] 2026-08-09T00:49:23.075-0600	INFO	ForkJoinPool-1-worker-1	stdout	operator_metric,nitro,36/TrinoNitroPipelineSourceOperator@2386,nitroAllocatorAllocatedVectorBytes.BooleanVector,80000
[WARNING] [stderr] 2026-08-09T00:49:23.075-0600	INFO	ForkJoinPool-1-worker-1	stdout	operator_metric,nitro,36/TrinoNitroPipelineSourceOperator@2386,nitroBoundaryNativeExchangeBatches,1
[WARNING] [stderr] 2026-08-09T00:49:23.075-0600	INFO	ForkJoinPool-1-worker-1	stdout	operator_metric,nitro,16/TrinoNitroPipelineSourceOperator@5059,nitroBoundaryNativeEgressFlatChannelPositions,60
[WARNING] [stderr] 2026-08-09T00:49:23.075-0600	INFO	ForkJoinPool-1-worker-1	stdout	operator_metric,nitro,16/TrinoNitroPipelineSourceOperator@5059,nitroAllocatorAllocatedVectorBytes.I64Vector,1632960000
[WARNING] [stderr] 2026-08-09T00:49:23.075-0600	INFO	ForkJoinPool-1-worker-1	stdout	operator_metric,nitro,16/TrinoNitroPipelineSourceOperator@5059,nitroAllocatorAllocatedBytes.NitroParquetBatchSource,2177280000
[WARNING] [stderr] 2026-08-09T00:49:23.075-0600	INFO	ForkJoinPool-1-worker-1	stdout	operator_metric,nitro,16/TrinoNitroPipelineSourceOperator@5059,nitroBoundaryNativeEgressDictionaryChannelPositions,0
[WARNING] [stderr] 2026-08-09T00:49:23.075-0600	INFO	ForkJoinPool-1-worker-1	stdout	operator_metric,nitro,16/TrinoNitroPipelineSourceOperator@5059,nitroBoundaryPageEgressPositions,15
[WARNING] [stderr] 2026-08-09T00:49:23.075-0600	INFO	ForkJoinPool-1-worker-1	stdout	operator_metric,nitro,16/TrinoNitroPipelineSourceOperator@5059,nitroBoundaryNativeExchangeBatches,1701
[WARNING] [stderr] 2026-08-09T00:49:23.075-0600	INFO	ForkJoinPool-1-worker-1	stdout	operator_metric,nitro,16/TrinoNitroPipelineSourceOperator@5059,nitroBoundaryNativeExchangeCaptureFallbackPositions,15
[WARNING] [stderr] 2026-08-09T00:49:23.075-0600	INFO	ForkJoinPool-1-worker-1	stdout	operator_metric,nitro,16/TrinoNitroPipelineSourceOperator@5059,nitroAllocatorAllocatedBytes.trino-native-source-ingress,0
[WARNING] [stderr] 2026-08-09T00:49:23.075-0600	INFO	ForkJoinPool-1-worker-1	stdout	operator_metric,nitro,16/TrinoNitroPipelineSourceOperator@5059,nitroBoundaryNativeExchangePositions,16554765
[WARNING] [stderr] 2026-08-09T00:49:23.075-0600	INFO	ForkJoinPool-1-worker-1	stdout	operator_metric,nitro,16/TrinoNitroPipelineSourceOperator@5059,nitroBoundaryPageEgressDictionaryChannelPositions,0
[WARNING] [stderr] 2026-08-09T00:49:23.075-0600	INFO	ForkJoinPool-1-worker-1	stdout	operator_metric,nitro,16/TrinoNitroPipelineSourceOperator@5059,nitroBoundaryPageEgressBytes,480
[WARNING] [stderr] 2026-08-09T00:49:23.075-0600	INFO	ForkJoinPool-1-worker-1	stdout	operator_metric,nitro,16/TrinoNitroPipelineSourceOperator@5059,nitroBoundaryNativeExchangeCaptureFallbackBatches,1
[WARNING] [stderr] 2026-08-09T00:49:23.075-0600	INFO	ForkJoinPool-1-worker-1	stdout	operator_metric,nitro,16/TrinoNitroPipelineSourceOperator@5059,nitroAllocatorAllocatedVectorBytes.BooleanVector,272160000
[WARNING] [stderr] 2026-08-09T00:49:23.075-0600	INFO	ForkJoinPool-1-worker-1	stdout	operator_metric,nitro,16/TrinoNitroPipelineSourceOperator@5059,nitroBoundaryNativeEgressRunLengthChannelPositions,0
[WARNING] [stderr] 2026-08-09T00:49:23.075-0600	INFO	ForkJoinPool-1-worker-1	stdout	operator_metric,nitro,16/TrinoNitroPipelineSourceOperator@5059,nitroAllocatorAllocatedBytes,2177280000
[WARNING] [stderr] 2026-08-09T00:49:23.075-0600	INFO	ForkJoinPool-1-worker-1	stdout	operator_metric,nitro,16/TrinoNitroPipelineSourceOperator@5059,nitroBoundaryPageEgressFlatChannelPositions,60
[WARNING] [stderr] 2026-08-09T00:49:23.075-0600	INFO	ForkJoinPool-1-worker-1	stdout	operator_metric,nitro,16/TrinoNitroPipelineSourceOperator@5059,nitroBoundaryPageEgressRunLengthChannelPositions,0
[WARNING] [stderr] 2026-08-09T00:49:23.075-0600	INFO	ForkJoinPool-1-worker-1	stdout	operator_metric,nitro,16/TrinoNitroPipelineSourceOperator@5059,nitroAllocatorAllocatedVectorBytes.I32Vector,272160000
[WARNING] [stderr] 2026-08-09T00:49:23.075-0600	INFO	ForkJoinPool-1-worker-1	stdout	operator_metric,nitro,16/TrinoNitroPipelineSourceOperator@5059,nitroBoundaryPageEgressPages,1
[WARNING] [stderr] 2026-08-09T00:49:23.075-0600	INFO	ForkJoinPool-1-worker-1	stdout	operator_metric,nitro,16/TrinoNitroPipelineSourceOperator@5059,nitroBoundaryNativeExchangeBytes,2177280000
[WARNING] [stderr] 2026-08-09T00:49:23.075-0600	INFO	ForkJoinPool-1-worker-1	stdout	operator_metric,nitro,16/TrinoNitroPipelineSourceOperator@5059,nitroBoundaryNativeExchangeMaximumBatchBytes,15360000
[WARNING] [stderr] 2026-08-09T00:49:23.075-0600	INFO	ForkJoinPool-1-worker-1	stdout	operator_metric,nitro,16/TrinoNitroPipelineSourceOperator@5059,nitroAllocatorAllocatedVectorBytes,2177280000
[WARNING] [stderr] 2026-08-09T00:49:23.075-0600	INFO	ForkJoinPool-1-worker-1	stdout	operator_metric,nitro,16/PartitionedOutputOperator@5059,nitroExchangeInputPages,1
[WARNING] [stderr] 2026-08-09T00:49:23.075-0600	INFO	ForkJoinPool-1-worker-1	stdout	operator_metric,nitro,16/PartitionedOutputOperator@5059,nitroExchangeInputRunLengthChannelPositions,0
[WARNING] [stderr] 2026-08-09T00:49:23.075-0600	INFO	ForkJoinPool-1-worker-1	stdout	operator_metric,nitro,16/PartitionedOutputOperator@5059,nitroExchangeInputPositions,15
[WARNING] [stderr] 2026-08-09T00:49:23.075-0600	INFO	ForkJoinPool-1-worker-1	stdout	operator_metric,nitro,16/PartitionedOutputOperator@5059,nitroExchangeDictionaryUnsupportedPositions,0
[WARNING] [stderr] 2026-08-09T00:49:23.075-0600	INFO	ForkJoinPool-1-worker-1	stdout	operator_metric,nitro,16/PartitionedOutputOperator@5059,nitroExchangeLowDictionaryReusePositions,0
[WARNING] [stderr] 2026-08-09T00:49:23.075-0600	INFO	ForkJoinPool-1-worker-1	stdout	operator_metric,nitro,16/PartitionedOutputOperator@5059,nitroExchangeSmallPagePositions,15
[WARNING] [stderr] 2026-08-09T00:49:23.075-0600	INFO	ForkJoinPool-1-worker-1	stdout	operator_metric,nitro,16/PartitionedOutputOperator@5059,nitroExchangeNoDictionaryPositions,0
[WARNING] [stderr] 2026-08-09T00:49:23.075-0600	INFO	ForkJoinPool-1-worker-1	stdout	operator_metric,nitro,16/PartitionedOutputOperator@5059,nitroExchangePreservedPositions,0
[WARNING] [stderr] 2026-08-09T00:49:23.075-0600	INFO	ForkJoinPool-1-worker-1	stdout	operator_metric,nitro,16/PartitionedOutputOperator@5059,nitroExchangeRunLengthUnsupportedPositions,0
[WARNING] [stderr] 2026-08-09T00:49:23.075-0600	INFO	ForkJoinPool-1-worker-1	stdout	operator_metric,nitro,16/PartitionedOutputOperator@5059,nitroExchangeInputFlatChannelPositions,60
[WARNING] [stderr] 2026-08-09T00:49:23.075-0600	INFO	ForkJoinPool-1-worker-1	stdout	operator_metric,nitro,16/PartitionedOutputOperator@5059,nitroExchangeInputDictionaryChannelPositions,0
[WARNING] [stderr] 2026-08-09T00:49:23.075-0600	INFO	ForkJoinPool-1-worker-1	stdout	operator_metric,nitro,17/TrinoNitroPipelineSourceOperator@37,nitroBoundaryNativeExchangePositions,500000
[WARNING] [stderr] 2026-08-09T00:49:23.075-0600	INFO	ForkJoinPool-1-worker-1	stdout	operator_metric,nitro,17/TrinoNitroPipelineSourceOperator@37,nitroAllocatorAllocatedVectorBytes.I64Vector,4000000
[WARNING] [stderr] 2026-08-09T00:49:23.075-0600	INFO	ForkJoinPool-1-worker-1	stdout	operator_metric,nitro,17/TrinoNitroPipelineSourceOperator@37,nitroBoundaryNativeExchangeBytes,4500000
[WARNING] [stderr] 2026-08-09T00:49:23.075-0600	INFO	ForkJoinPool-1-worker-1	stdout	operator_metric,nitro,17/TrinoNitroPipelineSourceOperator@37,nitroBoundaryNativeExchangeBatches,50
[WARNING] [stderr] 2026-08-09T00:49:23.075-0600	INFO	ForkJoinPool-1-worker-1	stdout	operator_metric,nitro,17/TrinoNitroPipelineSourceOperator@37,nitroAllocatorAllocatedVectorBytes,4500000
[WARNING] [stderr] 2026-08-09T00:49:23.075-0600	INFO	ForkJoinPool-1-worker-1	stdout	operator_metric,nitro,17/TrinoNitroPipelineSourceOperator@37,nitroAllocatorAllocatedVectorBytes.BooleanVector,500000
[WARNING] [stderr] 2026-08-09T00:49:23.075-0600	INFO	ForkJoinPool-1-worker-1	stdout	operator_metric,nitro,17/TrinoNitroPipelineSourceOperator@37,nitroBoundaryNativeExchangeMaximumBatchBytes,90000
[WARNING] [stderr] 2026-08-09T00:49:23.075-0600	INFO	ForkJoinPool-1-worker-1	stdout	operator_metric,nitro,17/TrinoNitroPipelineSourceOperator@37,nitroAllocatorAllocatedBytes.trino-native-source-ingress,0
[WARNING] [stderr] 2026-08-09T00:49:23.075-0600	INFO	ForkJoinPool-1-worker-1	stdout	operator_metric,nitro,17/TrinoNitroPipelineSourceOperator@37,nitroAllocatorAllocatedBytes,4500000
[WARNING] [stderr] 2026-08-09T00:49:23.075-0600	INFO	ForkJoinPool-1-worker-1	stdout	operator_metric,nitro,17/TrinoNitroPipelineSourceOperator@37,nitroAllocatorAllocatedBytes.NitroParquetBatchSource,4500000
[WARNING] [stderr] 2026-08-09T00:49:23.075-0600	INFO	ForkJoinPool-1-worker-1	stdout	operator_metric,nitro,34/TrinoNitroPipelineSourceOperator@5102,nitroBoundaryNativeEgressFlatChannelPositions,60
[WARNING] [stderr] 2026-08-09T00:49:23.075-0600	INFO	ForkJoinPool-1-worker-1	stdout	operator_metric,nitro,34/TrinoNitroPipelineSourceOperator@5102,nitroAllocatorAllocatedVectorBytes.I64Vector,1632960000
[WARNING] [stderr] 2026-08-09T00:49:23.075-0600	INFO	ForkJoinPool-1-worker-1	stdout	operator_metric,nitro,34/TrinoNitroPipelineSourceOperator@5102,nitroAllocatorAllocatedBytes.NitroParquetBatchSource,2177280000
[WARNING] [stderr] 2026-08-09T00:49:23.075-0600	INFO	ForkJoinPool-1-worker-1	stdout	operator_metric,nitro,34/TrinoNitroPipelineSourceOperator@5102,nitroBoundaryNativeEgressDictionaryChannelPositions,0
[WARNING] [stderr] 2026-08-09T00:49:23.075-0600	INFO	ForkJoinPool-1-worker-1	stdout	operator_metric,nitro,34/TrinoNitroPipelineSourceOperator@5102,nitroBoundaryPageEgressPositions,15
[WARNING] [stderr] 2026-08-09T00:49:23.075-0600	INFO	ForkJoinPool-1-worker-1	stdout	operator_metric,nitro,34/TrinoNitroPipelineSourceOperator@5102,nitroBoundaryNativeExchangeBatches,1701
[WARNING] [stderr] 2026-08-09T00:49:23.075-0600	INFO	ForkJoinPool-1-worker-1	stdout	operator_metric,nitro,34/TrinoNitroPipelineSourceOperator@5102,nitroBoundaryNativeExchangeCaptureFallbackPositions,15
[WARNING] [stderr] 2026-08-09T00:49:23.075-0600	INFO	ForkJoinPool-1-worker-1	stdout	operator_metric,nitro,34/TrinoNitroPipelineSourceOperator@5102,nitroAllocatorAllocatedBytes.trino-native-source-ingress,0
[WARNING] [stderr] 2026-08-09T00:49:23.075-0600	INFO	ForkJoinPool-1-worker-1	stdout	operator_metric,nitro,34/TrinoNitroPipelineSourceOperator@5102,nitroBoundaryNativeExchangePositions,16554765
[WARNING] [stderr] 2026-08-09T00:49:23.075-0600	INFO	ForkJoinPool-1-worker-1	stdout	operator_metric,nitro,34/TrinoNitroPipelineSourceOperator@5102,nitroBoundaryPageEgressDictionaryChannelPositions,0
[WARNING] [stderr] 2026-08-09T00:49:23.075-0600	INFO	ForkJoinPool-1-worker-1	stdout	operator_metric,nitro,34/TrinoNitroPipelineSourceOperator@5102,nitroBoundaryPageEgressBytes,480
[WARNING] [stderr] 2026-08-09T00:49:23.075-0600	INFO	ForkJoinPool-1-worker-1	stdout	operator_metric,nitro,34/TrinoNitroPipelineSourceOperator@5102,nitroBoundaryNativeExchangeCaptureFallbackBatches,1
[WARNING] [stderr] 2026-08-09T00:49:23.075-0600	INFO	ForkJoinPool-1-worker-1	stdout	operator_metric,nitro,34/TrinoNitroPipelineSourceOperator@5102,nitroAllocatorAllocatedVectorBytes.BooleanVector,272160000
[WARNING] [stderr] 2026-08-09T00:49:23.075-0600	INFO	ForkJoinPool-1-worker-1	stdout	operator_metric,nitro,34/TrinoNitroPipelineSourceOperator@5102,nitroBoundaryNativeEgressRunLengthChannelPositions,0
[WARNING] [stderr] 2026-08-09T00:49:23.075-0600	INFO	ForkJoinPool-1-worker-1	stdout	operator_metric,nitro,34/TrinoNitroPipelineSourceOperator@5102,nitroAllocatorAllocatedBytes,2177280000
[WARNING] [stderr] 2026-08-09T00:49:23.075-0600	INFO	ForkJoinPool-1-worker-1	stdout	operator_metric,nitro,34/TrinoNitroPipelineSourceOperator@5102,nitroBoundaryPageEgressFlatChannelPositions,60
[WARNING] [stderr] 2026-08-09T00:49:23.075-0600	INFO	ForkJoinPool-1-worker-1	stdout	operator_metric,nitro,34/TrinoNitroPipelineSourceOperator@5102,nitroBoundaryPageEgressRunLengthChannelPositions,0
[WARNING] [stderr] 2026-08-09T00:49:23.075-0600	INFO	ForkJoinPool-1-worker-1	stdout	operator_metric,nitro,34/TrinoNitroPipelineSourceOperator@5102,nitroAllocatorAllocatedVectorBytes.I32Vector,272160000
[WARNING] [stderr] 2026-08-09T00:49:23.075-0600	INFO	ForkJoinPool-1-worker-1	stdout	operator_metric,nitro,34/TrinoNitroPipelineSourceOperator@5102,nitroBoundaryPageEgressPages,1
[WARNING] [stderr] 2026-08-09T00:49:23.075-0600	INFO	ForkJoinPool-1-worker-1	stdout	operator_metric,nitro,34/TrinoNitroPipelineSourceOperator@5102,nitroBoundaryNativeExchangeBytes,2177280000
[WARNING] [stderr] 2026-08-09T00:49:23.075-0600	INFO	ForkJoinPool-1-worker-1	stdout	operator_metric,nitro,34/TrinoNitroPipelineSourceOperator@5102,nitroBoundaryNativeExchangeMaximumBatchBytes,15360000
[WARNING] [stderr] 2026-08-09T00:49:23.075-0600	INFO	ForkJoinPool-1-worker-1	stdout	operator_metric,nitro,34/TrinoNitroPipelineSourceOperator@5102,nitroAllocatorAllocatedVectorBytes,2177280000
[WARNING] [stderr] 2026-08-09T00:49:23.075-0600	INFO	ForkJoinPool-1-worker-1	stdout	operator_metric,nitro,34/PartitionedOutputOperator@5102,nitroExchangeInputPages,1
[WARNING] [stderr] 2026-08-09T00:49:23.075-0600	INFO	ForkJoinPool-1-worker-1	stdout	operator_metric,nitro,34/PartitionedOutputOperator@5102,nitroExchangeInputRunLengthChannelPositions,0
[WARNING] [stderr] 2026-08-09T00:49:23.075-0600	INFO	ForkJoinPool-1-worker-1	stdout	operator_metric,nitro,34/PartitionedOutputOperator@5102,nitroExchangeInputPositions,15
[WARNING] [stderr] 2026-08-09T00:49:23.075-0600	INFO	ForkJoinPool-1-worker-1	stdout	operator_metric,nitro,34/PartitionedOutputOperator@5102,nitroExchangeDictionaryUnsupportedPositions,0
[WARNING] [stderr] 2026-08-09T00:49:23.075-0600	INFO	ForkJoinPool-1-worker-1	stdout	operator_metric,nitro,34/PartitionedOutputOperator@5102,nitroExchangeLowDictionaryReusePositions,0
[WARNING] [stderr] 2026-08-09T00:49:23.075-0600	INFO	ForkJoinPool-1-worker-1	stdout	operator_metric,nitro,34/PartitionedOutputOperator@5102,nitroExchangeSmallPagePositions,15
[WARNING] [stderr] 2026-08-09T00:49:23.075-0600	INFO	ForkJoinPool-1-worker-1	stdout	operator_metric,nitro,34/PartitionedOutputOperator@5102,nitroExchangeNoDictionaryPositions,0
[WARNING] [stderr] 2026-08-09T00:49:23.075-0600	INFO	ForkJoinPool-1-worker-1	stdout	operator_metric,nitro,34/PartitionedOutputOperator@5102,nitroExchangePreservedPositions,0
[WARNING] [stderr] 2026-08-09T00:49:23.075-0600	INFO	ForkJoinPool-1-worker-1	stdout	operator_metric,nitro,34/PartitionedOutputOperator@5102,nitroExchangeRunLengthUnsupportedPositions,0
[WARNING] [stderr] 2026-08-09T00:49:23.075-0600	INFO	ForkJoinPool-1-worker-1	stdout	operator_metric,nitro,34/PartitionedOutputOperator@5102,nitroExchangeInputFlatChannelPositions,60
[WARNING] [stderr] 2026-08-09T00:49:23.075-0600	INFO	ForkJoinPool-1-worker-1	stdout	operator_metric,nitro,34/PartitionedOutputOperator@5102,nitroExchangeInputDictionaryChannelPositions,0
[WARNING] [stderr] 2026-08-09T00:49:23.075-0600	INFO	ForkJoinPool-1-worker-1	stdout	operator_metric,nitro,35/TrinoNitroPipelineSourceOperator@121,nitroBoundaryNativeExchangePositions,500000
[WARNING] [stderr] 2026-08-09T00:49:23.075-0600	INFO	ForkJoinPool-1-worker-1	stdout	operator_metric,nitro,35/TrinoNitroPipelineSourceOperator@121,nitroAllocatorAllocatedVectorBytes.I64Vector,4000000
[WARNING] [stderr] 2026-08-09T00:49:23.075-0600	INFO	ForkJoinPool-1-worker-1	stdout	operator_metric,nitro,35/TrinoNitroPipelineSourceOperator@121,nitroBoundaryNativeExchangeBytes,4500000
[WARNING] [stderr] 2026-08-09T00:49:23.075-0600	INFO	ForkJoinPool-1-worker-1	stdout	operator_metric,nitro,35/TrinoNitroPipelineSourceOperator@121,nitroBoundaryNativeExchangeBatches,50
[WARNING] [stderr] 2026-08-09T00:49:23.075-0600	INFO	ForkJoinPool-1-worker-1	stdout	operator_metric,nitro,35/TrinoNitroPipelineSourceOperator@121,nitroAllocatorAllocatedVectorBytes,4500000
[WARNING] [stderr] 2026-08-09T00:49:23.075-0600	INFO	ForkJoinPool-1-worker-1	stdout	operator_metric,nitro,35/TrinoNitroPipelineSourceOperator@121,nitroAllocatorAllocatedVectorBytes.BooleanVector,500000
[WARNING] [stderr] 2026-08-09T00:49:23.075-0600	INFO	ForkJoinPool-1-worker-1	stdout	operator_metric,nitro,35/TrinoNitroPipelineSourceOperator@121,nitroBoundaryNativeExchangeMaximumBatchBytes,90000
[WARNING] [stderr] 2026-08-09T00:49:23.075-0600	INFO	ForkJoinPool-1-worker-1	stdout	operator_metric,nitro,35/TrinoNitroPipelineSourceOperator@121,nitroAllocatorAllocatedBytes.trino-native-source-ingress,0
[WARNING] [stderr] 2026-08-09T00:49:23.075-0600	INFO	ForkJoinPool-1-worker-1	stdout	operator_metric,nitro,35/TrinoNitroPipelineSourceOperator@121,nitroAllocatorAllocatedBytes,4500000
[WARNING] [stderr] 2026-08-09T00:49:23.075-0600	INFO	ForkJoinPool-1-worker-1	stdout	operator_metric,nitro,35/TrinoNitroPipelineSourceOperator@121,nitroAllocatorAllocatedBytes.NitroParquetBatchSource,4500000
[WARNING] [stderr] 2026-08-09T00:49:27.807-0600	INFO	Notification Thread	io.airlift.stats.JmxGcMonitor	Major GC: application 25.46s, stopped 193.00ms: 12.18GB -> 6.54GB
[WARNING] [stderr] 2026-08-09T00:49:27.807-0600	INFO	Notification Thread	io.airlift.stats.JmxGcMonitor	Major GC: application 25.46s, stopped 193.00ms: 12.18GB -> 6.54GB
[WARNING] [stderr] 2026-08-09T00:49:29.018-0600	INFO	ForkJoinPool-1-worker-1	stdout	operator_cpu,nitro,0/ExchangeOperator@6055,1,0.000,0.045,0.000,0,4,4,5830.000,0.000,0.000
[WARNING] [stderr] 2026-08-09T00:49:29.018-0600	INFO	ForkJoinPool-1-worker-1	stdout	operator_cpu,nitro,0/LocalExchangeSourceOperator@6047,1,0.000,0.012,0.000,0,4,4,5820.000,0.000,0.000
[WARNING] [stderr] 2026-08-09T00:49:29.018-0600	INFO	ForkJoinPool-1-worker-1	stdout	operator_cpu,nitro,0/TaskOutputOperator@180,1,0.031,0.000,0.001,0,1,1,0.000,0.000,0.000
[WARNING] [stderr] 2026-08-09T00:49:29.018-0600	INFO	ForkJoinPool-1-worker-1	stdout	operator_cpu,nitro,0/LocalExchangeSinkOperator@6047,1,0.024,0.000,0.013,0,4,4,0.000,0.000,0.000
[WARNING] [stderr] 2026-08-09T00:49:29.018-0600	INFO	ForkJoinPool-1-worker-1	stdout	operator_cpu,nitro,0/TrinoNitroAggregationOperator@174,1,0.077,0.045,0.001,0,4,1,0.000,0.000,0.000
[WARNING] [stderr] 2026-08-09T00:49:29.018-0600	INFO	ForkJoinPool-1-worker-1	stdout	operator_cpu,nitro,1/ExchangeOperator@4458,2,0.000,0.549,0.000,0,500000,500000,12.760,1.908,0.000
[WARNING] [stderr] 2026-08-09T00:49:29.018-0600	INFO	ForkJoinPool-1-worker-1	stdout	operator_cpu,nitro,1/ExchangeOperator@4457,2,0.000,58.280,0.000,0,28800991,28800991,1503.780,18.500,0.000
[WARNING] [stderr] 2026-08-09T00:49:29.018-0600	INFO	ForkJoinPool-1-worker-1	stdout	operator_cpu,nitro,1/LocalExchangeSourceOperator@5727,2,0.000,0.005,0.000,0,2,2,11540.000,0.000,0.000
[WARNING] [stderr] 2026-08-09T00:49:29.018-0600	INFO	ForkJoinPool-1-worker-1	stdout	operator_cpu,nitro,1/TrinoNitroHashBuildOperator@64,2,0.018,0.000,0.037,0,2,0,41.080,0.000,0.000
[WARNING] [stderr] 2026-08-09T00:49:29.018-0600	INFO	ForkJoinPool-1-worker-1	stdout	operator_cpu,nitro,1/TaskOutputOperator@6051,2,0.073,0.000,0.003,0,2,2,0.000,0.000,0.000
[WARNING] [stderr] 2026-08-09T00:49:29.018-0600	INFO	ForkJoinPool-1-worker-1	stdout	operator_cpu,nitro,1/TrinoNitroPageProcessor@5068,2,0.070,0.155,0.005,0,2,2,0.000,0.000,0.000
[WARNING] [stderr] 2026-08-09T00:49:29.018-0600	INFO	ForkJoinPool-1-worker-1	stdout	operator_cpu,nitro,1/TrinoNitroHashJoinOperator@30,2,3.570,1098.280,0.054,0,28800991,27504738,341.640,11.580,0.000
[WARNING] [stderr] 2026-08-09T00:49:29.018-0600	INFO	ForkJoinPool-1-worker-1	stdout	operator_cpu,nitro,1/TrinoNitroPageProcessor@74,2,0.469,15.670,0.060,0,495848,61,0.000,1.266,0.000
[WARNING] [stderr] 2026-08-09T00:49:29.018-0600	INFO	ForkJoinPool-1-worker-1	stdout	operator_cpu,nitro,1/TrinoNitroAggregationOperator@6051,2,0.000,0.093,0.043,0,0,2,0.000,0.000,0.000
[WARNING] [stderr] 2026-08-09T00:49:29.018-0600	INFO	ForkJoinPool-1-worker-1	stdout	operator_cpu,nitro,1/TrinoNitroAggregationOperator@2036,2,0.143,0.125,0.001,0,61,61,0.000,0.250,0.000
[WARNING] [stderr] 2026-08-09T00:49:29.018-0600	INFO	ForkJoinPool-1-worker-1	stdout	operator_cpu,nitro,1/TrinoNitroAggregationOperator@6078,2,8.670,1280.200,0.247,0,27504738,495848,0.000,24.451,0.000
[WARNING] [stderr] 2026-08-09T00:49:29.018-0600	INFO	ForkJoinPool-1-worker-1	stdout	operator_cpu,nitro,1/ExchangeOperator@4465,2,0.000,0.023,0.000,0,2,2,11420.000,0.000,0.000
[WARNING] [stderr] 2026-08-09T00:49:29.018-0600	INFO	ForkJoinPool-1-worker-1	stdout	operator_cpu,nitro,1/LocalExchangeSourceOperator@5721,2,0.000,0.037,0.000,0,500000,500000,234.380,0.000,0.000
[WARNING] [stderr] 2026-08-09T00:49:29.018-0600	INFO	ForkJoinPool-1-worker-1	stdout	operator_cpu,nitro,1/TrinoNitroHashJoinOperator@1580,2,0.101,0.239,0.002,0,6941,0,11200.000,2.611,0.000
[WARNING] [stderr] 2026-08-09T00:49:29.018-0600	INFO	ForkJoinPool-1-worker-1	stdout	operator_cpu,nitro,1/LocalExchangeSourceOperator@6080,2,0.000,0.031,0.000,0,495848,495848,11180.000,0.000,0.000
[WARNING] [stderr] 2026-08-09T00:49:29.018-0600	INFO	ForkJoinPool-1-worker-1	stdout	operator_cpu,nitro,1/DynamicFilterSourceOperator@1580,2,0.014,0.033,0.125,0,61,61,0.000,0.001,0.000
[WARNING] [stderr] 2026-08-09T00:49:29.018-0600	INFO	ForkJoinPool-1-worker-1	stdout	operator_cpu,nitro,1/TrinoNitroAggregationOperator@35,2,11.700,15.150,0.143,0,495848,495848,0.000,23.099,0.000
[WARNING] [stderr] 2026-08-09T00:49:29.018-0600	INFO	ForkJoinPool-1-worker-1	stdout	operator_cpu,nitro,1/LocalExchangeSinkOperator@5721,2,0.049,0.000,0.012,0,500000,500000,0.000,0.000,0.000
[WARNING] [stderr] 2026-08-09T00:49:29.018-0600	INFO	ForkJoinPool-1-worker-1	stdout	operator_cpu,nitro,1/DynamicFilterSourceOperator@30,2,1.561,0.015,0.138,0,500000,500000,0.000,0.001,0.000
[WARNING] [stderr] 2026-08-09T00:49:29.018-0600	INFO	ForkJoinPool-1-worker-1	stdout	operator_cpu,nitro,1/LocalExchangeSinkOperator@6080,2,0.022,0.000,0.015,0,495848,495848,0.000,0.000,0.000
[WARNING] [stderr] 2026-08-09T00:49:29.018-0600	INFO	ForkJoinPool-1-worker-1	stdout	operator_cpu,nitro,1/TrinoNitroHashJoinOperator@64,2,0.154,9.050,0.060,0,495848,495848,11400.000,3.937,0.000
[WARNING] [stderr] 2026-08-09T00:49:29.018-0600	INFO	ForkJoinPool-1-worker-1	stdout	operator_cpu,nitro,1/ExchangeOperator@4466,2,0.000,0.059,0.000,0,6941,6941,10890.000,0.067,0.000
[WARNING] [stderr] 2026-08-09T00:49:29.018-0600	INFO	ForkJoinPool-1-worker-1	stdout	operator_cpu,nitro,1/TrinoNitroHashBuildOperator@1580,2,0.021,0.000,0.282,0,61,0,0.467,2.612,0.000
[WARNING] [stderr] 2026-08-09T00:49:29.018-0600	INFO	ForkJoinPool-1-worker-1	stdout	operator_cpu,nitro,1/LocalExchangeSinkOperator@5727,2,0.012,0.000,0.016,0,2,2,0.000,0.000,0.000
[WARNING] [stderr] 2026-08-09T00:49:29.018-0600	INFO	ForkJoinPool-1-worker-1	stdout	operator_cpu,nitro,1/TrinoNitroHashBuildOperator@30,2,0.028,0.000,5.980,0,500000,0,10740.000,6.655,0.000
[WARNING] [stderr] 2026-08-09T00:49:29.018-0600	INFO	ForkJoinPool-1-worker-1	stdout	operator_cpu,nitro,19/ExchangeOperator@4475,2,0.000,0.388,0.000,0,500000,500000,6.770,1.908,0.000
[WARNING] [stderr] 2026-08-09T00:49:29.018-0600	INFO	ForkJoinPool-1-worker-1	stdout	operator_cpu,nitro,19/ExchangeOperator@4474,2,0.000,53.770,0.000,0,28800991,28800991,1269.810,17.813,0.000
[WARNING] [stderr] 2026-08-09T00:49:29.018-0600	INFO	ForkJoinPool-1-worker-1	stdout	operator_cpu,nitro,19/LocalExchangeSourceOperator@5738,2,0.000,0.006,0.000,0,2,2,11370.000,0.000,0.000
[WARNING] [stderr] 2026-08-09T00:49:29.018-0600	INFO	ForkJoinPool-1-worker-1	stdout	operator_cpu,nitro,19/TrinoNitroHashBuildOperator@148,2,0.028,0.000,0.048,0,2,0,92.960,0.000,0.000
[WARNING] [stderr] 2026-08-09T00:49:29.018-0600	INFO	ForkJoinPool-1-worker-1	stdout	operator_cpu,nitro,19/TaskOutputOperator@6053,2,0.078,0.000,0.003,0,2,2,0.000,0.000,0.000
[WARNING] [stderr] 2026-08-09T00:49:29.018-0600	INFO	ForkJoinPool-1-worker-1	stdout	operator_cpu,nitro,19/TrinoNitroPageProcessor@5111,2,0.163,0.222,0.006,0,2,2,0.000,0.000,0.000
[WARNING] [stderr] 2026-08-09T00:49:29.018-0600	INFO	ForkJoinPool-1-worker-1	stdout	operator_cpu,nitro,19/TrinoNitroHashJoinOperator@114,2,3.470,1083.330,0.034,0,28800991,27504738,210.890,11.706,0.000
[WARNING] [stderr] 2026-08-09T00:49:29.018-0600	INFO	ForkJoinPool-1-worker-1	stdout	operator_cpu,nitro,19/TrinoNitroPageProcessor@158,2,1.039,16.880,0.065,0,495848,61,0.000,1.266,0.000
[WARNING] [stderr] 2026-08-09T00:49:29.018-0600	INFO	ForkJoinPool-1-worker-1	stdout	operator_cpu,nitro,19/TrinoNitroAggregationOperator@6053,2,0.000,0.092,0.051,0,0,2,0.000,0.000,0.000
[WARNING] [stderr] 2026-08-09T00:49:29.018-0600	INFO	ForkJoinPool-1-worker-1	stdout	operator_cpu,nitro,19/TrinoNitroAggregationOperator@2048,2,0.252,0.156,0.001,0,61,61,0.000,0.250,0.000
[WARNING] [stderr] 2026-08-09T00:49:29.018-0600	INFO	ForkJoinPool-1-worker-1	stdout	operator_cpu,nitro,19/TrinoNitroAggregationOperator@6136,2,8.670,1267.840,0.192,0,27504738,495848,0.000,24.437,0.000
[WARNING] [stderr] 2026-08-09T00:49:29.018-0600	INFO	ForkJoinPool-1-worker-1	stdout	operator_cpu,nitro,19/ExchangeOperator@4482,2,0.000,0.027,0.000,0,2,2,11450.000,0.000,0.000
[WARNING] [stderr] 2026-08-09T00:49:29.018-0600	INFO	ForkJoinPool-1-worker-1	stdout	operator_cpu,nitro,19/LocalExchangeSourceOperator@5732,2,0.000,0.033,0.000,0,500000,500000,166.440,0.000,0.000
[WARNING] [stderr] 2026-08-09T00:49:29.018-0600	INFO	ForkJoinPool-1-worker-1	stdout	operator_cpu,nitro,19/TrinoNitroHashJoinOperator@1588,2,0.110,0.224,0.001,0,3317,0,11270.000,2.611,0.000
[WARNING] [stderr] 2026-08-09T00:49:29.018-0600	INFO	ForkJoinPool-1-worker-1	stdout	operator_cpu,nitro,19/LocalExchangeSourceOperator@6138,2,0.000,0.021,0.000,0,495848,495848,11350.000,0.000,0.000
[WARNING] [stderr] 2026-08-09T00:49:29.018-0600	INFO	ForkJoinPool-1-worker-1	stdout	operator_cpu,nitro,19/DynamicFilterSourceOperator@1588,2,0.020,0.038,0.167,0,61,61,0.000,0.001,0.000
[WARNING] [stderr] 2026-08-09T00:49:29.018-0600	INFO	ForkJoinPool-1-worker-1	stdout	operator_cpu,nitro,19/TrinoNitroAggregationOperator@119,2,11.240,15.710,0.101,0,495848,495848,0.000,23.099,0.000
[WARNING] [stderr] 2026-08-09T00:49:29.018-0600	INFO	ForkJoinPool-1-worker-1	stdout	operator_cpu,nitro,19/LocalExchangeSinkOperator@5732,2,0.028,0.000,0.014,0,500000,500000,0.000,0.000,0.000
[WARNING] [stderr] 2026-08-09T00:49:29.018-0600	INFO	ForkJoinPool-1-worker-1	stdout	operator_cpu,nitro,19/DynamicFilterSourceOperator@114,2,1.554,0.014,0.109,0,500000,500000,0.000,0.001,0.000
[WARNING] [stderr] 2026-08-09T00:49:29.018-0600	INFO	ForkJoinPool-1-worker-1	stdout	operator_cpu,nitro,19/LocalExchangeSinkOperator@6138,2,0.017,0.000,0.012,0,495848,495848,0.000,0.000,0.000
[WARNING] [stderr] 2026-08-09T00:49:29.018-0600	INFO	ForkJoinPool-1-worker-1	stdout	operator_cpu,nitro,19/TrinoNitroHashJoinOperator@148,2,0.132,10.230,0.056,0,495848,495848,11320.000,3.937,0.000
[WARNING] [stderr] 2026-08-09T00:49:29.018-0600	INFO	ForkJoinPool-1-worker-1	stdout	operator_cpu,nitro,19/ExchangeOperator@4483,2,0.000,0.069,0.000,0,3317,3317,10280.000,0.032,0.000
[WARNING] [stderr] 2026-08-09T00:49:29.018-0600	INFO	ForkJoinPool-1-worker-1	stdout	operator_cpu,nitro,19/TrinoNitroHashBuildOperator@1588,2,0.036,0.000,0.406,0,61,0,0.495,2.612,0.000
[WARNING] [stderr] 2026-08-09T00:49:29.018-0600	INFO	ForkJoinPool-1-worker-1	stdout	operator_cpu,nitro,19/LocalExchangeSinkOperator@5738,2,0.013,0.000,0.019,0,2,2,0.000,0.000,0.000
[WARNING] [stderr] 2026-08-09T00:49:29.018-0600	INFO	ForkJoinPool-1-worker-1	stdout	operator_cpu,nitro,19/TrinoNitroHashBuildOperator@114,2,0.022,0.000,5.790,0,500000,0,11040.000,6.769,0.000
[WARNING] [stderr] 2026-08-09T00:49:29.018-0600	INFO	ForkJoinPool-1-worker-1	stdout	operator_cpu,nitro,2/ExchangeOperator@4455,2,0.000,1.121,0.000,0,102000,102000,23.280,5.466,0.000
[WARNING] [stderr] 2026-08-09T00:49:29.018-0600	INFO	ForkJoinPool-1-worker-1	stdout	operator_cpu,nitro,2/LocalExchangeSourceOperator@5719,2,0.000,0.073,0.000,0,102000,102000,681.240,0.000,0.000
[WARNING] [stderr] 2026-08-09T00:49:29.018-0600	INFO	ForkJoinPool-1-worker-1	stdout	operator_cpu,nitro,2/ExchangeOperator@4454,2,0.000,16.020,0.000,0,16554780,16554780,1068.810,15.967,0.000
[WARNING] [stderr] 2026-08-09T00:49:29.018-0600	INFO	ForkJoinPool-1-worker-1	stdout	operator_cpu,nitro,2/ExchangeOperator@4456,2,0.000,0.368,0.000,0,131247,131247,4570.000,1.776,0.000
[WARNING] [stderr] 2026-08-09T00:49:29.018-0600	INFO	ForkJoinPool-1-worker-1	stdout	operator_cpu,nitro,2/TrinoNitroHashJoinOperator@1583,2,0.139,2.300,0.069,0,131247,6941,9640.000,1.298,0.000
[WARNING] [stderr] 2026-08-09T00:49:29.018-0600	INFO	ForkJoinPool-1-worker-1	stdout	operator_cpu,nitro,2/TrinoNitroAggregationOperator@12,2,3380.000,111.960,0.441,0,16543629,4221,0.000,392.140,0.000
[WARNING] [stderr] 2026-08-09T00:49:29.018-0600	INFO	ForkJoinPool-1-worker-1	stdout	operator_cpu,nitro,2/TrinoNitroHashJoinOperator@7,2,2.220,1805.050,0.075,0,16554780,16554780,314.670,6.247,0.000
[WARNING] [stderr] 2026-08-09T00:49:29.018-0600	INFO	ForkJoinPool-1-worker-1	stdout	operator_cpu,nitro,2/LocalExchangeSinkOperator@5719,2,0.049,0.000,0.025,0,102000,102000,0.000,0.000,0.000
[WARNING] [stderr] 2026-08-09T00:49:29.018-0600	INFO	ForkJoinPool-1-worker-1	stdout	operator_cpu,nitro,2/DynamicFilterSourceOperator@7,2,1.516,0.019,0.005,0,102000,102000,0.000,0.141,0.000
[WARNING] [stderr] 2026-08-09T00:49:29.018-0600	INFO	ForkJoinPool-1-worker-1	stdout	operator_cpu,nitro,2/DynamicFilterSourceOperator@1583,2,0.466,0.894,0.908,0,4109,4109,0.000,0.035,0.000
[WARNING] [stderr] 2026-08-09T00:49:29.018-0600	INFO	ForkJoinPool-1-worker-1	stdout	operator_cpu,nitro,2/LocalExchangeSinkOperator@6069,2,1.899,0.000,0.012,0,16543629,16543629,399.830,0.000,0.000
[WARNING] [stderr] 2026-08-09T00:49:29.018-0600	INFO	ForkJoinPool-1-worker-1	stdout	operator_cpu,nitro,2/PartitionedOutputOperator@1583,2,0.147,0.000,0.221,0,6941,6941,0.000,0.000,0.000
[WARNING] [stderr] 2026-08-09T00:49:29.018-0600	INFO	ForkJoinPool-1-worker-1	stdout	operator_cpu,nitro,2/TrinoNitroHashBuildOperator@1583,2,0.440,0.000,1.394,0,4109,0,57.060,1.180,0.000
[WARNING] [stderr] 2026-08-09T00:49:29.018-0600	INFO	ForkJoinPool-1-worker-1	stdout	operator_cpu,nitro,2/TrinoNitroAggregationOperator@2042,2,3.320,2.220,0.004,0,4221,4109,0.000,0.033,0.000
[WARNING] [stderr] 2026-08-09T00:49:29.018-0600	INFO	ForkJoinPool-1-worker-1	stdout	operator_cpu,nitro,2/LocalExchangeSourceOperator@6069,2,0.000,2.410,0.000,0,16543629,16543629,2700.000,0.000,0.000
[WARNING] [stderr] 2026-08-09T00:49:29.018-0600	INFO	ForkJoinPool-1-worker-1	stdout	operator_cpu,nitro,2/TrinoNitroAggregationOperator@6067,2,7.040,1346.760,0.304,0,16554780,16543629,0.000,77.120,0.000
[WARNING] [stderr] 2026-08-09T00:49:29.018-0600	INFO	ForkJoinPool-1-worker-1	stdout	operator_cpu,nitro,2/TrinoNitroHashBuildOperator@7,2,0.253,0.000,6.120,0,102000,0,9510.000,18.154,0.000
[WARNING] [stderr] 2026-08-09T00:49:29.018-0600	INFO	ForkJoinPool-1-worker-1	stdout	operator_cpu,nitro,10/TrinoNitroPipelineSourceOperator@5052,12,0.000,394.930,0.000,28800991,28800991,28800991,90.020,0.219,0.000
[WARNING] [stderr] 2026-08-09T00:49:29.018-0600	INFO	ForkJoinPool-1-worker-1	stdout	operator_cpu,nitro,10/PartitionedOutputOperator@5052,12,558.390,0.000,0.676,0,28800991,28800991,2710.000,0.000,0.000
[WARNING] [stderr] 2026-08-09T00:49:29.018-0600	INFO	ForkJoinPool-1-worker-1	stdout	operator_cpu,nitro,11/TrinoNitroPipelineSourceOperator@29,1,0.000,4.600,0.000,500000,500000,500000,0.000,0.086,0.000
[WARNING] [stderr] 2026-08-09T00:49:29.018-0600	INFO	ForkJoinPool-1-worker-1	stdout	operator_cpu,nitro,11/PartitionedOutputOperator@29,1,1.800,0.000,0.028,0,500000,500000,0.000,0.000,0.000
[WARNING] [stderr] 2026-08-09T00:49:29.018-0600	INFO	ForkJoinPool-1-worker-1	stdout	operator_cpu,nitro,12/ExchangeOperator@6097,1,0.000,0.025,0.000,0,2,2,5820.000,0.000,0.000
[WARNING] [stderr] 2026-08-09T00:49:29.018-0600	INFO	ForkJoinPool-1-worker-1	stdout	operator_cpu,nitro,12/LocalExchangeSourceOperator@6091,1,0.000,0.005,0.000,0,2,2,5820.000,0.000,0.000
[WARNING] [stderr] 2026-08-09T00:49:29.018-0600	INFO	ForkJoinPool-1-worker-1	stdout	operator_cpu,nitro,12/TaskOutputOperator@53,1,0.048,0.000,0.001,0,1,1,0.000,0.000,0.000
[WARNING] [stderr] 2026-08-09T00:49:29.018-0600	INFO	ForkJoinPool-1-worker-1	stdout	operator_cpu,nitro,12/LocalExchangeSinkOperator@6091,1,0.013,0.000,0.011,0,2,2,0.000,0.000,0.000
[WARNING] [stderr] 2026-08-09T00:49:29.018-0600	INFO	ForkJoinPool-1-worker-1	stdout	operator_cpu,nitro,12/TrinoNitroAggregationOperator@53,1,0.031,0.037,0.002,0,2,1,0.000,0.000,0.000
[WARNING] [stderr] 2026-08-09T00:49:29.018-0600	INFO	ForkJoinPool-1-worker-1	stdout	operator_cpu,nitro,20/ExchangeOperator@4472,2,0.000,1.340,0.000,0,102000,102000,27.740,4.281,0.000
[WARNING] [stderr] 2026-08-09T00:49:29.018-0600	INFO	ForkJoinPool-1-worker-1	stdout	operator_cpu,nitro,20/LocalExchangeSourceOperator@5730,2,0.000,0.043,0.000,0,102000,102000,296.570,0.000,0.000
[WARNING] [stderr] 2026-08-09T00:49:29.018-0600	INFO	ForkJoinPool-1-worker-1	stdout	operator_cpu,nitro,20/ExchangeOperator@4471,2,0.000,15.860,0.000,0,16554780,16554780,1388.020,19.268,0.000
[WARNING] [stderr] 2026-08-09T00:49:29.018-0600	INFO	ForkJoinPool-1-worker-1	stdout	operator_cpu,nitro,20/ExchangeOperator@4473,2,0.000,0.179,0.000,0,64097,64097,3520.000,0.871,0.000
[WARNING] [stderr] 2026-08-09T00:49:29.018-0600	INFO	ForkJoinPool-1-worker-1	stdout	operator_cpu,nitro,20/TrinoNitroHashJoinOperator@1591,2,0.173,1.404,0.051,0,64097,3317,9020.000,1.266,0.000
[WARNING] [stderr] 2026-08-09T00:49:29.018-0600	INFO	ForkJoinPool-1-worker-1	stdout	operator_cpu,nitro,20/TrinoNitroAggregationOperator@96,2,3440.000,115.210,0.469,0,16534931,4221,0.000,392.267,0.000
[WARNING] [stderr] 2026-08-09T00:49:29.018-0600	INFO	ForkJoinPool-1-worker-1	stdout	operator_cpu,nitro,20/TrinoNitroHashJoinOperator@91,2,1.982,1786.680,0.035,0,16554780,16554780,469.590,6.456,0.000
[WARNING] [stderr] 2026-08-09T00:49:29.018-0600	INFO	ForkJoinPool-1-worker-1	stdout	operator_cpu,nitro,20/LocalExchangeSinkOperator@5730,2,0.045,0.000,0.014,0,102000,102000,0.000,0.000,0.000
[WARNING] [stderr] 2026-08-09T00:49:29.018-0600	INFO	ForkJoinPool-1-worker-1	stdout	operator_cpu,nitro,20/DynamicFilterSourceOperator@91,2,1.472,0.019,0.001,0,102000,102000,0.000,0.141,0.000
[WARNING] [stderr] 2026-08-09T00:49:29.018-0600	INFO	ForkJoinPool-1-worker-1	stdout	operator_cpu,nitro,20/DynamicFilterSourceOperator@1591,2,0.473,0.943,0.999,0,4109,4109,0.000,0.035,0.000
[WARNING] [stderr] 2026-08-09T00:49:29.018-0600	INFO	ForkJoinPool-1-worker-1	stdout	operator_cpu,nitro,20/LocalExchangeSinkOperator@6127,2,1.910,0.000,0.018,0,16534931,16534931,1118.250,0.000,0.000
[WARNING] [stderr] 2026-08-09T00:49:29.018-0600	INFO	ForkJoinPool-1-worker-1	stdout	operator_cpu,nitro,20/PartitionedOutputOperator@1591,2,0.056,0.000,0.150,0,3317,3317,0.000,0.000,0.000
[WARNING] [stderr] 2026-08-09T00:49:29.018-0600	INFO	ForkJoinPool-1-worker-1	stdout	operator_cpu,nitro,20/TrinoNitroHashBuildOperator@1591,2,0.450,0.000,1.389,0,4109,0,270.440,1.285,0.000
[WARNING] [stderr] 2026-08-09T00:49:29.018-0600	INFO	ForkJoinPool-1-worker-1	stdout	operator_cpu,nitro,20/TrinoNitroAggregationOperator@2054,2,2.750,2.250,0.002,0,4221,4109,0.000,0.033,0.000
[WARNING] [stderr] 2026-08-09T00:49:29.018-0600	INFO	ForkJoinPool-1-worker-1	stdout	operator_cpu,nitro,20/LocalExchangeSourceOperator@6127,2,0.000,2.570,0.000,0,16534931,16534931,2221.350,0.000,0.000
[WARNING] [stderr] 2026-08-09T00:49:29.018-0600	INFO	ForkJoinPool-1-worker-1	stdout	operator_cpu,nitro,20/TrinoNitroAggregationOperator@6125,2,6.680,1345.210,0.311,0,16554780,16534931,0.000,75.548,0.000
[WARNING] [stderr] 2026-08-09T00:49:29.018-0600	INFO	ForkJoinPool-1-worker-1	stdout	operator_cpu,nitro,20/TrinoNitroHashBuildOperator@91,2,0.232,0.000,4.840,0,102000,0,9590.000,18.134,0.000
[WARNING] [stderr] 2026-08-09T00:49:29.018-0600	INFO	ForkJoinPool-1-worker-1	stdout	operator_cpu,nitro,28/TrinoNitroPipelineSourceOperator@5095,12,0.000,389.010,0.000,28800991,28800991,28800991,94.780,0.219,0.000
[WARNING] [stderr] 2026-08-09T00:49:29.018-0600	INFO	ForkJoinPool-1-worker-1	stdout	operator_cpu,nitro,28/PartitionedOutputOperator@5095,12,545.360,0.000,0.680,0,28800991,28800991,6150.000,0.000,0.000
[WARNING] [stderr] 2026-08-09T00:49:29.018-0600	INFO	ForkJoinPool-1-worker-1	stdout	operator_cpu,nitro,29/TrinoNitroPipelineSourceOperator@113,1,0.000,4.590,0.000,500000,500000,500000,0.000,0.086,0.000
[WARNING] [stderr] 2026-08-09T00:49:29.018-0600	INFO	ForkJoinPool-1-worker-1	stdout	operator_cpu,nitro,29/PartitionedOutputOperator@113,1,1.700,0.000,0.033,0,500000,500000,0.000,0.000,0.000
[WARNING] [stderr] 2026-08-09T00:49:29.018-0600	INFO	ForkJoinPool-1-worker-1	stdout	operator_cpu,nitro,30/ExchangeOperator@6155,1,0.000,0.029,0.000,0,2,2,5760.000,0.000,0.000
[WARNING] [stderr] 2026-08-09T00:49:29.018-0600	INFO	ForkJoinPool-1-worker-1	stdout	operator_cpu,nitro,30/LocalExchangeSourceOperator@6149,1,0.000,0.006,0.000,0,2,2,5760.000,0.000,0.000
[WARNING] [stderr] 2026-08-09T00:49:29.018-0600	INFO	ForkJoinPool-1-worker-1	stdout	operator_cpu,nitro,30/TaskOutputOperator@137,1,0.053,0.000,0.001,0,1,1,0.000,0.000,0.000
[WARNING] [stderr] 2026-08-09T00:49:29.018-0600	INFO	ForkJoinPool-1-worker-1	stdout	operator_cpu,nitro,30/LocalExchangeSinkOperator@6149,1,0.016,0.000,0.029,0,2,2,0.000,0.000,0.000
[WARNING] [stderr] 2026-08-09T00:49:29.018-0600	INFO	ForkJoinPool-1-worker-1	stdout	operator_cpu,nitro,30/TrinoNitroAggregationOperator@137,1,0.041,0.040,0.001,0,2,1,0.000,0.000,0.000
[WARNING] [stderr] 2026-08-09T00:49:29.018-0600	INFO	ForkJoinPool-1-worker-1	stdout	operator_cpu,nitro,3/ExchangeOperator@4451,2,0.000,0.029,0.000,0,29,29,67.790,0.000,0.000
[WARNING] [stderr] 2026-08-09T00:49:29.018-0600	INFO	ForkJoinPool-1-worker-1	stdout	operator_cpu,nitro,3/LocalExchangeSourceOperator@5717,2,0.000,0.016,0.000,0,29,29,89.740,0.000,0.000
[WARNING] [stderr] 2026-08-09T00:49:29.018-0600	INFO	ForkJoinPool-1-worker-1	stdout	operator_cpu,nitro,3/ExchangeOperator@4450,2,0.000,0.441,0.000,0,131247,131247,5300.000,2.138,0.000
[WARNING] [stderr] 2026-08-09T00:49:29.018-0600	INFO	ForkJoinPool-1-worker-1	stdout	operator_cpu,nitro,3/PartitionedOutputOperator@2,2,2.109,0.000,0.425,0,131247,131247,0.000,0.000,0.000
[WARNING] [stderr] 2026-08-09T00:49:29.018-0600	INFO	ForkJoinPool-1-worker-1	stdout	operator_cpu,nitro,3/TrinoNitroHashJoinOperator@2,2,0.030,5.100,0.007,0,131247,131247,69.930,17.047,0.000
[WARNING] [stderr] 2026-08-09T00:49:29.018-0600	INFO	ForkJoinPool-1-worker-1	stdout	operator_cpu,nitro,3/TrinoNitroHashBuildOperator@2,2,0.012,0.000,1.938,0,29,0,8060.000,16.611,0.000
[WARNING] [stderr] 2026-08-09T00:49:29.018-0600	INFO	ForkJoinPool-1-worker-1	stdout	operator_cpu,nitro,3/LocalExchangeSinkOperator@5717,2,0.014,0.000,0.012,0,29,29,0.000,0.000,0.000
[WARNING] [stderr] 2026-08-09T00:49:29.018-0600	INFO	ForkJoinPool-1-worker-1	stdout	operator_cpu,nitro,3/DynamicFilterSourceOperator@2,2,0.007,0.005,0.132,0,29,29,0.000,0.001,0.000
[WARNING] [stderr] 2026-08-09T00:49:29.018-0600	INFO	ForkJoinPool-1-worker-1	stdout	operator_cpu,nitro,6/ExchangeOperator@4453,2,0.000,0.027,0.000,0,1461,1461,45.190,0.009,0.000
[WARNING] [stderr] 2026-08-09T00:49:29.018-0600	INFO	ForkJoinPool-1-worker-1	stdout	operator_cpu,nitro,6/LocalExchangeSourceOperator@5718,2,0.000,0.014,0.000,0,1461,1461,103.870,0.000,0.000
[WARNING] [stderr] 2026-08-09T00:49:29.018-0600	INFO	ForkJoinPool-1-worker-1	stdout	operator_cpu,nitro,6/ExchangeOperator@4452,2,0.000,21.490,0.000,0,16554780,16554780,2210.000,18.413,0.000
[WARNING] [stderr] 2026-08-09T00:49:29.018-0600	INFO	ForkJoinPool-1-worker-1	stdout	operator_cpu,nitro,6/PartitionedOutputOperator@5,2,295.690,0.000,0.562,0,16554780,16554780,399.380,0.000,0.000
[WARNING] [stderr] 2026-08-09T00:49:29.018-0600	INFO	ForkJoinPool-1-worker-1	stdout	operator_cpu,nitro,6/TrinoNitroHashJoinOperator@5,2,1.964,392.670,0.075,0,16554780,16554780,66.210,5.919,0.000
[WARNING] [stderr] 2026-08-09T00:49:29.018-0600	INFO	ForkJoinPool-1-worker-1	stdout	operator_cpu,nitro,6/TrinoNitroHashBuildOperator@5,2,0.016,0.000,0.313,0,1461,0,9500.000,0.648,0.000
[WARNING] [stderr] 2026-08-09T00:49:29.018-0600	INFO	ForkJoinPool-1-worker-1	stdout	operator_cpu,nitro,6/LocalExchangeSinkOperator@5718,2,0.017,0.000,0.011,0,1461,1461,0.000,0.000,0.000
[WARNING] [stderr] 2026-08-09T00:49:29.018-0600	INFO	ForkJoinPool-1-worker-1	stdout	operator_cpu,nitro,6/DynamicFilterSourceOperator@5,2,0.039,0.006,0.263,0,1461,1461,0.000,0.009,0.000
[WARNING] [stderr] 2026-08-09T00:49:29.018-0600	INFO	ForkJoinPool-1-worker-1	stdout	operator_cpu,nitro,9/TrinoNitroPipelineSourceOperator@6,1,0.000,13.330,0.000,102000,102000,102000,0.000,10.379,0.000
[WARNING] [stderr] 2026-08-09T00:49:29.018-0600	INFO	ForkJoinPool-1-worker-1	stdout	operator_cpu,nitro,9/PartitionedOutputOperator@6,1,4.820,0.000,0.054,0,102000,102000,0.000,0.000,0.000
[WARNING] [stderr] 2026-08-09T00:49:29.018-0600	INFO	ForkJoinPool-1-worker-1	stdout	operator_cpu,nitro,13/ExchangeOperator@6112,2,0.000,0.918,0.000,0,764171,764171,11600.000,3.670,0.000
[WARNING] [stderr] 2026-08-09T00:49:29.018-0600	INFO	ForkJoinPool-1-worker-1	stdout	operator_cpu,nitro,13/LocalExchangeSourceOperator@6106,2,0.000,0.026,0.000,0,764171,764171,11600.000,0.000,0.000
[WARNING] [stderr] 2026-08-09T00:49:29.018-0600	INFO	ForkJoinPool-1-worker-1	stdout	operator_cpu,nitro,13/TaskOutputOperator@6095,2,0.066,0.000,0.002,0,2,2,0.000,0.000,0.000
[WARNING] [stderr] 2026-08-09T00:49:29.018-0600	INFO	ForkJoinPool-1-worker-1	stdout	operator_cpu,nitro,13/TrinoNitroAggregationOperator@6095,2,0.071,1.923,0.001,0,472250,2,0.000,0.000,0.000
[WARNING] [stderr] 2026-08-09T00:49:29.018-0600	INFO	ForkJoinPool-1-worker-1	stdout	operator_cpu,nitro,13/LocalExchangeSinkOperator@6106,2,0.028,0.000,0.009,0,764171,764171,0.000,0.000,0.000
[WARNING] [stderr] 2026-08-09T00:49:29.018-0600	INFO	ForkJoinPool-1-worker-1	stdout	operator_cpu,nitro,13/TrinoNitroAggregationOperator@45,2,16.620,14.550,0.043,0,764171,472250,0.000,17.027,0.000
[WARNING] [stderr] 2026-08-09T00:49:29.018-0600	INFO	ForkJoinPool-1-worker-1	stdout	operator_cpu,nitro,21/ExchangeOperator@4468,2,0.000,0.022,0.000,0,29,29,71.770,0.000,0.000
[WARNING] [stderr] 2026-08-09T00:49:29.018-0600	INFO	ForkJoinPool-1-worker-1	stdout	operator_cpu,nitro,21/LocalExchangeSourceOperator@5728,2,0.000,0.025,0.000,0,29,29,81.590,0.000,0.000
[WARNING] [stderr] 2026-08-09T00:49:29.018-0600	INFO	ForkJoinPool-1-worker-1	stdout	operator_cpu,nitro,21/ExchangeOperator@4467,2,0.000,0.298,0.000,0,64097,64097,1771.830,0.422,0.000
[WARNING] [stderr] 2026-08-09T00:49:29.019-0600	INFO	ForkJoinPool-1-worker-1	stdout	operator_cpu,nitro,21/PartitionedOutputOperator@86,2,0.849,0.000,0.541,0,64097,64097,0.000,0.000,0.000
[WARNING] [stderr] 2026-08-09T00:49:29.019-0600	INFO	ForkJoinPool-1-worker-1	stdout	operator_cpu,nitro,21/TrinoNitroHashJoinOperator@86,2,0.060,4.470,0.096,0,64097,64097,169.020,16.906,0.000
[WARNING] [stderr] 2026-08-09T00:49:29.019-0600	INFO	ForkJoinPool-1-worker-1	stdout	operator_cpu,nitro,21/TrinoNitroHashBuildOperator@86,2,0.017,0.000,3.340,0,29,0,3390.000,16.725,0.000
[WARNING] [stderr] 2026-08-09T00:49:29.019-0600	INFO	ForkJoinPool-1-worker-1	stdout	operator_cpu,nitro,21/LocalExchangeSinkOperator@5728,2,0.020,0.000,0.010,0,29,29,0.000,0.000,0.000
[WARNING] [stderr] 2026-08-09T00:49:29.019-0600	INFO	ForkJoinPool-1-worker-1	stdout	operator_cpu,nitro,21/DynamicFilterSourceOperator@86,2,0.015,0.009,0.216,0,29,29,0.000,0.001,0.000
[WARNING] [stderr] 2026-08-09T00:49:29.019-0600	INFO	ForkJoinPool-1-worker-1	stdout	operator_cpu,nitro,24/ExchangeOperator@4470,2,0.000,0.021,0.000,0,1461,1461,41.260,0.009,0.000
[WARNING] [stderr] 2026-08-09T00:49:29.019-0600	INFO	ForkJoinPool-1-worker-1	stdout	operator_cpu,nitro,24/LocalExchangeSourceOperator@5729,2,0.000,0.006,0.000,0,1461,1461,40.780,0.000,0.000
[WARNING] [stderr] 2026-08-09T00:49:29.019-0600	INFO	ForkJoinPool-1-worker-1	stdout	operator_cpu,nitro,24/ExchangeOperator@4469,2,0.000,21.810,0.000,0,16554780,16554780,926.710,18.421,0.000
[WARNING] [stderr] 2026-08-09T00:49:29.019-0600	INFO	ForkJoinPool-1-worker-1	stdout	operator_cpu,nitro,24/PartitionedOutputOperator@89,2,289.080,0.000,0.540,0,16554780,16554780,600.130,0.000,0.000
[WARNING] [stderr] 2026-08-09T00:49:29.019-0600	INFO	ForkJoinPool-1-worker-1	stdout	operator_cpu,nitro,24/TrinoNitroHashJoinOperator@89,2,1.961,396.770,0.073,0,16554780,16554780,35.000,5.939,0.000
[WARNING] [stderr] 2026-08-09T00:49:29.019-0600	INFO	ForkJoinPool-1-worker-1	stdout	operator_cpu,nitro,24/TrinoNitroHashBuildOperator@89,2,0.009,0.000,0.255,0,1461,0,8460.000,0.648,0.000
[WARNING] [stderr] 2026-08-09T00:49:29.019-0600	INFO	ForkJoinPool-1-worker-1	stdout	operator_cpu,nitro,24/LocalExchangeSinkOperator@5729,2,0.014,0.000,0.011,0,1461,1461,0.000,0.000,0.000
[WARNING] [stderr] 2026-08-09T00:49:29.019-0600	INFO	ForkJoinPool-1-worker-1	stdout	operator_cpu,nitro,24/DynamicFilterSourceOperator@89,2,0.031,0.007,0.262,0,1461,1461,0.000,0.009,0.000
[WARNING] [stderr] 2026-08-09T00:49:29.019-0600	INFO	ForkJoinPool-1-worker-1	stdout	operator_cpu,nitro,27/TrinoNitroPipelineSourceOperator@90,1,0.000,13.810,0.000,102000,102000,102000,0.000,10.763,0.000
[WARNING] [stderr] 2026-08-09T00:49:29.019-0600	INFO	ForkJoinPool-1-worker-1	stdout	operator_cpu,nitro,27/PartitionedOutputOperator@90,1,4.850,0.000,0.060,0,102000,102000,0.000,0.000,0.000
[WARNING] [stderr] 2026-08-09T00:49:29.019-0600	INFO	ForkJoinPool-1-worker-1	stdout	operator_cpu,nitro,31/ExchangeOperator@6170,2,0.000,1.395,0.000,0,764171,764171,10690.000,7.293,0.000
[WARNING] [stderr] 2026-08-09T00:49:29.019-0600	INFO	ForkJoinPool-1-worker-1	stdout	operator_cpu,nitro,31/LocalExchangeSourceOperator@6164,2,0.000,0.040,0.000,0,764171,764171,11000.000,0.000,0.000
[WARNING] [stderr] 2026-08-09T00:49:29.019-0600	INFO	ForkJoinPool-1-worker-1	stdout	operator_cpu,nitro,31/TaskOutputOperator@6153,2,0.097,0.000,0.003,0,2,2,0.000,0.000,0.000
[WARNING] [stderr] 2026-08-09T00:49:29.019-0600	INFO	ForkJoinPool-1-worker-1	stdout	operator_cpu,nitro,31/TrinoNitroAggregationOperator@6153,2,0.094,2.090,0.001,0,472250,2,0.000,0.000,0.000
[WARNING] [stderr] 2026-08-09T00:49:29.019-0600	INFO	ForkJoinPool-1-worker-1	stdout	operator_cpu,nitro,31/LocalExchangeSinkOperator@6164,2,0.043,0.000,0.035,0,764171,764171,0.000,0.000,0.000
[WARNING] [stderr] 2026-08-09T00:49:29.019-0600	INFO	ForkJoinPool-1-worker-1	stdout	operator_cpu,nitro,31/TrinoNitroAggregationOperator@129,2,23.390,14.670,0.071,0,764171,472250,0.000,17.033,0.000
[WARNING] [stderr] 2026-08-09T00:49:29.019-0600	INFO	ForkJoinPool-1-worker-1	stdout	operator_cpu,nitro,4/TrinoNitroPipelineSourceOperator@5032,10,0.000,38.020,0.000,14401261,131247,131247,4280.000,1.564,0.000
[WARNING] [stderr] 2026-08-09T00:49:29.019-0600	INFO	ForkJoinPool-1-worker-1	stdout	operator_cpu,nitro,4/PartitionedOutputOperator@5032,10,2.620,0.000,0.256,0,131247,131247,0.000,0.000,0.000
[WARNING] [stderr] 2026-08-09T00:49:29.019-0600	INFO	ForkJoinPool-1-worker-1	stdout	operator_cpu,nitro,5/TrinoNitroPipelineSourceOperator@2226,1,0.000,0.952,0.000,73049,29,29,0.000,0.725,0.000
[WARNING] [stderr] 2026-08-09T00:49:29.019-0600	INFO	ForkJoinPool-1-worker-1	stdout	operator_cpu,nitro,5/PartitionedOutputOperator@2226,1,0.011,0.000,0.031,0,29,29,0.000,0.000,0.000
[WARNING] [stderr] 2026-08-09T00:49:29.019-0600	INFO	ForkJoinPool-1-worker-1	stdout	operator_cpu,nitro,7/TrinoNitroPipelineSourceOperator@5039,12,0.000,275.410,0.000,28800991,16554780,16554780,379.870,0.687,0.000
[WARNING] [stderr] 2026-08-09T00:49:29.019-0600	INFO	ForkJoinPool-1-worker-1	stdout	operator_cpu,nitro,7/PartitionedOutputOperator@5039,12,108.590,0.000,0.391,0,16554780,16554780,1872.770,0.000,0.000
[WARNING] [stderr] 2026-08-09T00:49:29.019-0600	INFO	ForkJoinPool-1-worker-1	stdout	operator_cpu,nitro,8/TrinoNitroPipelineSourceOperator@2260,1,0.000,0.912,0.000,73049,1461,1461,0.000,0.730,0.000
[WARNING] [stderr] 2026-08-09T00:49:29.019-0600	INFO	ForkJoinPool-1-worker-1	stdout	operator_cpu,nitro,8/PartitionedOutputOperator@2260,1,0.022,0.000,0.051,0,1461,1461,0.000,0.000,0.000
[WARNING] [stderr] 2026-08-09T00:49:29.019-0600	INFO	ForkJoinPool-1-worker-1	stdout	operator_cpu,nitro,14/ExchangeOperator@4462,2,0.000,0.025,0.000,0,1461,1461,133.120,0.006,0.000
[WARNING] [stderr] 2026-08-09T00:49:29.019-0600	INFO	ForkJoinPool-1-worker-1	stdout	operator_cpu,nitro,14/LocalExchangeSourceOperator@5724,2,0.000,0.012,0.000,0,1461,1461,195.340,0.000,0.000
[WARNING] [stderr] 2026-08-09T00:49:29.019-0600	INFO	ForkJoinPool-1-worker-1	stdout	operator_cpu,nitro,14/ExchangeOperator@4461,2,0.000,38.390,0.000,0,16164994,16164994,3030.000,16.657,0.000
[WARNING] [stderr] 2026-08-09T00:49:29.019-0600	INFO	ForkJoinPool-1-worker-1	stdout	operator_cpu,nitro,14/PartitionedOutputOperator@6110,2,6.940,0.000,0.031,0,764171,764171,0.000,0.000,0.000
[WARNING] [stderr] 2026-08-09T00:49:29.019-0600	INFO	ForkJoinPool-1-worker-1	stdout	operator_cpu,nitro,14/TrinoNitroAggregationOperator@6110,2,5.030,712.490,0.147,0,16164994,764171,0.000,31.816,0.000
[WARNING] [stderr] 2026-08-09T00:49:29.019-0600	INFO	ForkJoinPool-1-worker-1	stdout	operator_cpu,nitro,14/TrinoNitroHashJoinOperator@40,2,2.110,370.790,0.029,0,16164994,16164994,267.060,22.243,0.000
[WARNING] [stderr] 2026-08-09T00:49:29.019-0600	INFO	ForkJoinPool-1-worker-1	stdout	operator_cpu,nitro,14/TrinoNitroHashBuildOperator@40,2,0.011,0.000,3.170,0,1461,0,11310.000,16.736,0.000
[WARNING] [stderr] 2026-08-09T00:49:29.019-0600	INFO	ForkJoinPool-1-worker-1	stdout	operator_cpu,nitro,14/LocalExchangeSinkOperator@5724,2,0.016,0.000,0.020,0,1461,1461,0.000,0.000,0.000
[WARNING] [stderr] 2026-08-09T00:49:29.019-0600	INFO	ForkJoinPool-1-worker-1	stdout	operator_cpu,nitro,14/DynamicFilterSourceOperator@40,2,0.037,0.008,0.310,0,1461,1461,0.000,0.009,0.000
[WARNING] [stderr] 2026-08-09T00:49:29.019-0600	INFO	ForkJoinPool-1-worker-1	stdout	operator_cpu,nitro,22/TrinoNitroPipelineSourceOperator@5075,5,0.000,25.420,0.000,7197566,64097,64097,1483.060,1.564,0.000
[WARNING] [stderr] 2026-08-09T00:49:29.019-0600	INFO	ForkJoinPool-1-worker-1	stdout	operator_cpu,nitro,22/PartitionedOutputOperator@5075,5,1.255,0.000,0.561,0,64097,64097,0.000,0.000,0.000
[WARNING] [stderr] 2026-08-09T00:49:29.019-0600	INFO	ForkJoinPool-1-worker-1	stdout	operator_cpu,nitro,23/TrinoNitroPipelineSourceOperator@2331,1,0.000,0.942,0.000,73049,29,29,0.000,0.725,0.000
[WARNING] [stderr] 2026-08-09T00:49:29.019-0600	INFO	ForkJoinPool-1-worker-1	stdout	operator_cpu,nitro,23/PartitionedOutputOperator@2331,1,0.012,0.000,0.022,0,29,29,0.000,0.000,0.000
[WARNING] [stderr] 2026-08-09T00:49:29.019-0600	INFO	ForkJoinPool-1-worker-1	stdout	operator_cpu,nitro,25/TrinoNitroPipelineSourceOperator@5082,12,0.000,260.850,0.000,28800991,16554780,16554780,999.060,0.687,0.000
[WARNING] [stderr] 2026-08-09T00:49:29.019-0600	INFO	ForkJoinPool-1-worker-1	stdout	operator_cpu,nitro,25/PartitionedOutputOperator@5082,12,105.470,0.000,0.486,0,16554780,16554780,920.970,0.000,0.000
[WARNING] [stderr] 2026-08-09T00:49:29.019-0600	INFO	ForkJoinPool-1-worker-1	stdout	operator_cpu,nitro,26/TrinoNitroPipelineSourceOperator@2365,1,0.000,0.949,0.000,73049,1461,1461,0.000,0.730,0.000
[WARNING] [stderr] 2026-08-09T00:49:29.019-0600	INFO	ForkJoinPool-1-worker-1	stdout	operator_cpu,nitro,26/PartitionedOutputOperator@2365,1,0.020,0.000,0.047,0,1461,1461,0.000,0.000,0.000
[WARNING] [stderr] 2026-08-09T00:49:29.019-0600	INFO	ForkJoinPool-1-worker-1	stdout	operator_cpu,nitro,32/ExchangeOperator@4479,2,0.000,0.017,0.000,0,1461,1461,33.230,0.006,0.000
[WARNING] [stderr] 2026-08-09T00:49:29.019-0600	INFO	ForkJoinPool-1-worker-1	stdout	operator_cpu,nitro,32/LocalExchangeSourceOperator@5735,2,0.000,0.012,0.000,0,1461,1461,78.570,0.000,0.000
[WARNING] [stderr] 2026-08-09T00:49:29.019-0600	INFO	ForkJoinPool-1-worker-1	stdout	operator_cpu,nitro,32/ExchangeOperator@4478,2,0.000,44.450,0.000,0,16164994,16164994,1633.270,18.597,0.000
[WARNING] [stderr] 2026-08-09T00:49:29.019-0600	INFO	ForkJoinPool-1-worker-1	stdout	operator_cpu,nitro,32/PartitionedOutputOperator@6168,2,6.870,0.000,0.033,0,764171,764171,0.000,0.000,0.000
[WARNING] [stderr] 2026-08-09T00:49:29.019-0600	INFO	ForkJoinPool-1-worker-1	stdout	operator_cpu,nitro,32/TrinoNitroAggregationOperator@6168,2,5.090,735.370,0.270,0,16164994,764171,0.000,31.739,0.000
[WARNING] [stderr] 2026-08-09T00:49:29.019-0600	INFO	ForkJoinPool-1-worker-1	stdout	operator_cpu,nitro,32/TrinoNitroHashJoinOperator@124,2,2.330,378.090,0.057,0,16164994,16164994,50.620,22.419,0.000
[WARNING] [stderr] 2026-08-09T00:49:29.019-0600	INFO	ForkJoinPool-1-worker-1	stdout	operator_cpu,nitro,32/TrinoNitroHashBuildOperator@124,2,0.012,0.000,1.944,0,1461,0,10610.000,16.622,0.000
[WARNING] [stderr] 2026-08-09T00:49:29.019-0600	INFO	ForkJoinPool-1-worker-1	stdout	operator_cpu,nitro,32/LocalExchangeSinkOperator@5735,2,0.011,0.000,0.006,0,1461,1461,0.000,0.000,0.000
[WARNING] [stderr] 2026-08-09T00:49:29.019-0600	INFO	ForkJoinPool-1-worker-1	stdout	operator_cpu,nitro,32/DynamicFilterSourceOperator@124,2,0.037,0.007,0.355,0,1461,1461,0.000,0.009,0.000
[WARNING] [stderr] 2026-08-09T00:49:29.019-0600	INFO	ForkJoinPool-1-worker-1	stdout	operator_cpu,nitro,15/ExchangeOperator@4460,2,0.000,0.327,0.000,0,500000,500000,47.120,1.641,0.000
[WARNING] [stderr] 2026-08-09T00:49:29.019-0600	INFO	ForkJoinPool-1-worker-1	stdout	operator_cpu,nitro,15/LocalExchangeSourceOperator@5723,2,0.000,0.031,0.000,0,500000,500000,67.270,0.000,0.000
[WARNING] [stderr] 2026-08-09T00:49:29.019-0600	INFO	ForkJoinPool-1-worker-1	stdout	operator_cpu,nitro,15/ExchangeOperator@4459,2,0.000,43.570,0.000,0,16554780,16554780,1378.030,18.444,0.000
[WARNING] [stderr] 2026-08-09T00:49:29.019-0600	INFO	ForkJoinPool-1-worker-1	stdout	operator_cpu,nitro,15/PartitionedOutputOperator@38,2,185.400,0.000,0.442,0,16164994,16164994,68.050,0.000,0.000
[WARNING] [stderr] 2026-08-09T00:49:29.019-0600	INFO	ForkJoinPool-1-worker-1	stdout	operator_cpu,nitro,15/TrinoNitroHashJoinOperator@38,2,2.490,676.630,0.022,0,16554780,16164994,94.460,9.957,0.000
[WARNING] [stderr] 2026-08-09T00:49:29.019-0600	INFO	ForkJoinPool-1-worker-1	stdout	operator_cpu,nitro,15/TrinoNitroHashBuildOperator@38,2,0.032,0.000,5.310,0,500000,0,11380.000,6.655,0.000
[WARNING] [stderr] 2026-08-09T00:49:29.019-0600	INFO	ForkJoinPool-1-worker-1	stdout	operator_cpu,nitro,15/LocalExchangeSinkOperator@5723,2,0.037,0.000,0.014,0,500000,500000,0.000,0.000,0.000
[WARNING] [stderr] 2026-08-09T00:49:29.019-0600	INFO	ForkJoinPool-1-worker-1	stdout	operator_cpu,nitro,15/DynamicFilterSourceOperator@38,2,1.543,0.023,0.065,0,500000,500000,0.000,0.001,0.000
[WARNING] [stderr] 2026-08-09T00:49:29.019-0600	INFO	ForkJoinPool-1-worker-1	stdout	operator_cpu,nitro,18/TrinoNitroPipelineSourceOperator@2281,1,0.000,0.916,0.000,73049,1461,1461,0.000,0.540,0.000
[WARNING] [stderr] 2026-08-09T00:49:29.019-0600	INFO	ForkJoinPool-1-worker-1	stdout	operator_cpu,nitro,18/PartitionedOutputOperator@2281,1,0.015,0.000,0.038,0,1461,1461,0.000,0.000,0.000
[WARNING] [stderr] 2026-08-09T00:49:29.019-0600	INFO	ForkJoinPool-1-worker-1	stdout	operator_cpu,nitro,33/ExchangeOperator@4477,2,0.000,0.331,0.000,0,500000,500000,49.520,1.908,0.000
[WARNING] [stderr] 2026-08-09T00:49:29.019-0600	INFO	ForkJoinPool-1-worker-1	stdout	operator_cpu,nitro,33/LocalExchangeSourceOperator@5734,2,0.000,0.026,0.000,0,500000,500000,91.930,0.000,0.000
[WARNING] [stderr] 2026-08-09T00:49:29.019-0600	INFO	ForkJoinPool-1-worker-1	stdout	operator_cpu,nitro,33/ExchangeOperator@4476,2,0.000,50.610,0.000,0,16554780,16554780,888.350,17.486,0.000
[WARNING] [stderr] 2026-08-09T00:49:29.019-0600	INFO	ForkJoinPool-1-worker-1	stdout	operator_cpu,nitro,33/PartitionedOutputOperator@122,2,203.820,0.000,0.528,0,16164994,16164994,779.860,0.000,0.000
[WARNING] [stderr] 2026-08-09T00:49:29.019-0600	INFO	ForkJoinPool-1-worker-1	stdout	operator_cpu,nitro,33/TrinoNitroHashJoinOperator@122,2,2.620,723.070,0.060,0,16554780,16164994,88.480,9.876,0.000
[WARNING] [stderr] 2026-08-09T00:49:29.019-0600	INFO	ForkJoinPool-1-worker-1	stdout	operator_cpu,nitro,33/TrinoNitroHashBuildOperator@122,2,0.028,0.000,5.330,0,500000,0,9860.000,6.655,0.000
[WARNING] [stderr] 2026-08-09T00:49:29.019-0600	INFO	ForkJoinPool-1-worker-1	stdout	operator_cpu,nitro,33/LocalExchangeSinkOperator@5734,2,0.036,0.000,0.006,0,500000,500000,0.000,0.000,0.000
[WARNING] [stderr] 2026-08-09T00:49:29.019-0600	INFO	ForkJoinPool-1-worker-1	stdout	operator_cpu,nitro,33/DynamicFilterSourceOperator@122,2,1.534,0.017,0.055,0,500000,500000,0.000,0.001,0.000
[WARNING] [stderr] 2026-08-09T00:49:29.019-0600	INFO	ForkJoinPool-1-worker-1	stdout	operator_cpu,nitro,36/TrinoNitroPipelineSourceOperator@2386,1,0.000,0.962,0.000,73049,1461,1461,0.000,0.540,0.000
[WARNING] [stderr] 2026-08-09T00:49:29.019-0600	INFO	ForkJoinPool-1-worker-1	stdout	operator_cpu,nitro,36/PartitionedOutputOperator@2386,1,0.016,0.000,0.036,0,1461,1461,0.000,0.000,0.000
[WARNING] [stderr] 2026-08-09T00:49:29.019-0600	INFO	ForkJoinPool-1-worker-1	stdout	operator_cpu,nitro,16/TrinoNitroPipelineSourceOperator@5059,12,0.000,635.240,0.000,28800991,16554780,16554780,304.710,1.221,0.000
[WARNING] [stderr] 2026-08-09T00:49:29.019-0600	INFO	ForkJoinPool-1-worker-1	stdout	operator_cpu,nitro,16/PartitionedOutputOperator@5059,12,349.010,0.000,0.410,0,16554780,16554780,3750.000,0.000,0.000
[WARNING] [stderr] 2026-08-09T00:49:29.019-0600	INFO	ForkJoinPool-1-worker-1	stdout	operator_cpu,nitro,17/TrinoNitroPipelineSourceOperator@37,1,0.000,4.600,0.000,500000,500000,500000,0.000,0.086,0.000
[WARNING] [stderr] 2026-08-09T00:49:29.019-0600	INFO	ForkJoinPool-1-worker-1	stdout	operator_cpu,nitro,17/PartitionedOutputOperator@37,1,1.600,0.000,0.045,0,500000,500000,0.000,0.000,0.000
[WARNING] [stderr] 2026-08-09T00:49:29.019-0600	INFO	ForkJoinPool-1-worker-1	stdout	operator_cpu,nitro,34/TrinoNitroPipelineSourceOperator@5102,12,0.000,645.310,0.000,28800991,16554780,16554780,203.300,1.221,0.000
[WARNING] [stderr] 2026-08-09T00:49:29.019-0600	INFO	ForkJoinPool-1-worker-1	stdout	operator_cpu,nitro,34/PartitionedOutputOperator@5102,12,356.460,0.000,0.754,0,16554780,16554780,843.260,0.000,0.000
[WARNING] [stderr] 2026-08-09T00:49:29.019-0600	INFO	ForkJoinPool-1-worker-1	stdout	operator_cpu,nitro,35/TrinoNitroPipelineSourceOperator@121,1,0.000,5.010,0.000,500000,500000,500000,0.000,0.086,0.000
[WARNING] [stderr] 2026-08-09T00:49:29.019-0600	INFO	ForkJoinPool-1-worker-1	stdout	operator_cpu,nitro,35/PartitionedOutputOperator@121,1,1.840,0.000,0.036,0,500000,500000,0.000,0.000,0.000
[WARNING] [stderr] 2026-08-09T00:49:29.019-0600	INFO	ForkJoinPool-1-worker-1	stdout	operator_metric,nitro,0/TrinoNitroAggregationOperator@174,nitroAggregationOutputNanos,16972
[WARNING] [stderr] 2026-08-09T00:49:29.019-0600	INFO	ForkJoinPool-1-worker-1	stdout	operator_metric,nitro,0/TrinoNitroAggregationOperator@174,nitroAggregationPipelineNanos,0
[WARNING] [stderr] 2026-08-09T00:49:29.019-0600	INFO	ForkJoinPool-1-worker-1	stdout	operator_metric,nitro,0/TrinoNitroAggregationOperator@174,nitroAggregationGroupingNanos,0
[WARNING] [stderr] 2026-08-09T00:49:29.019-0600	INFO	ForkJoinPool-1-worker-1	stdout	operator_metric,nitro,0/TrinoNitroAggregationOperator@174,nitroAggregationAccumulationNanos,0
[WARNING] [stderr] 2026-08-09T00:49:29.019-0600	INFO	ForkJoinPool-1-worker-1	stdout	operator_metric,nitro,0/TrinoNitroAggregationOperator@174,nitroBoundaryPageEgressBytes,17
[WARNING] [stderr] 2026-08-09T00:49:29.019-0600	INFO	ForkJoinPool-1-worker-1	stdout	operator_metric,nitro,0/TrinoNitroAggregationOperator@174,nitroBoundaryNativeEgressDictionaryChannelPositions,0
[WARNING] [stderr] 2026-08-09T00:49:29.019-0600	INFO	ForkJoinPool-1-worker-1	stdout	operator_metric,nitro,0/TrinoNitroAggregationOperator@174,nitroAggregationFusedNanos,0
[WARNING] [stderr] 2026-08-09T00:49:29.019-0600	INFO	ForkJoinPool-1-worker-1	stdout	operator_metric,nitro,0/TrinoNitroAggregationOperator@174,nitroAggregationFlushNanos,0
[WARNING] [stderr] 2026-08-09T00:49:29.019-0600	INFO	ForkJoinPool-1-worker-1	stdout	operator_metric,nitro,0/TrinoNitroAggregationOperator@174,nitroBoundaryPageEgressPositions,1
[WARNING] [stderr] 2026-08-09T00:49:29.019-0600	INFO	ForkJoinPool-1-worker-1	stdout	operator_metric,nitro,0/TrinoNitroAggregationOperator@174,nitroBoundaryPageIngressBytes,20
[WARNING] [stderr] 2026-08-09T00:49:29.019-0600	INFO	ForkJoinPool-1-worker-1	stdout	operator_metric,nitro,0/TrinoNitroAggregationOperator@174,nitroBoundaryPageIngressPositions,4
[WARNING] [stderr] 2026-08-09T00:49:29.019-0600	INFO	ForkJoinPool-1-worker-1	stdout	operator_metric,nitro,0/TrinoNitroAggregationOperator@174,nitroBoundaryPageIngressDictionaryChannelPositions,0
[WARNING] [stderr] 2026-08-09T00:49:29.019-0600	INFO	ForkJoinPool-1-worker-1	stdout	operator_metric,nitro,0/TrinoNitroAggregationOperator@174,nitroBoundaryPageEgressDictionaryChannelPositions,0
[WARNING] [stderr] 2026-08-09T00:49:29.019-0600	INFO	ForkJoinPool-1-worker-1	stdout	operator_metric,nitro,0/TrinoNitroAggregationOperator@174,nitroAggregationInputNanos,43773
[WARNING] [stderr] 2026-08-09T00:49:29.019-0600	INFO	ForkJoinPool-1-worker-1	stdout	operator_metric,nitro,0/TrinoNitroAggregationOperator@174,nitroAggregationInitialAggregationNanos,0
[WARNING] [stderr] 2026-08-09T00:49:29.019-0600	INFO	ForkJoinPool-1-worker-1	stdout	operator_metric,nitro,0/TrinoNitroAggregationOperator@174,nitroBoundaryPageEgressRunLengthChannelPositions,0
[WARNING] [stderr] 2026-08-09T00:49:29.019-0600	INFO	ForkJoinPool-1-worker-1	stdout	operator_metric,nitro,0/TrinoNitroAggregationOperator@174,nitroBoundaryPageIngressRunLengthChannelPositions,0
[WARNING] [stderr] 2026-08-09T00:49:29.019-0600	INFO	ForkJoinPool-1-worker-1	stdout	operator_metric,nitro,0/TrinoNitroAggregationOperator@174,nitroAggregationInitialFlatKeyNanos,0
[WARNING] [stderr] 2026-08-09T00:49:29.019-0600	INFO	ForkJoinPool-1-worker-1	stdout	operator_metric,nitro,0/TrinoNitroAggregationOperator@174,nitroBoundaryNativeEgressRunLengthChannelPositions,0
[WARNING] [stderr] 2026-08-09T00:49:29.019-0600	INFO	ForkJoinPool-1-worker-1	stdout	operator_metric,nitro,0/TrinoNitroAggregationOperator@174,nitroAggregationStatePreparationNanos,0
[WARNING] [stderr] 2026-08-09T00:49:29.019-0600	INFO	ForkJoinPool-1-worker-1	stdout	operator_metric,nitro,0/TrinoNitroAggregationOperator@174,nitroBoundaryNativeEgressFlatChannelPositions,1
[WARNING] [stderr] 2026-08-09T00:49:29.019-0600	INFO	ForkJoinPool-1-worker-1	stdout	operator_metric,nitro,0/TrinoNitroAggregationOperator@174,nitroBoundaryPageIngressFlatChannelPositions,4
[WARNING] [stderr] 2026-08-09T00:49:29.019-0600	INFO	ForkJoinPool-1-worker-1	stdout	operator_metric,nitro,0/TrinoNitroAggregationOperator@174,nitroBoundaryPageEgressFlatChannelPositions,1
[WARNING] [stderr] 2026-08-09T00:49:29.019-0600	INFO	ForkJoinPool-1-worker-1	stdout	operator_metric,nitro,0/TrinoNitroAggregationOperator@174,nitroBoundaryPageEgressPages,1
[WARNING] [stderr] 2026-08-09T00:49:29.019-0600	INFO	ForkJoinPool-1-worker-1	stdout	operator_metric,nitro,0/TrinoNitroAggregationOperator@174,nitroBoundaryPageIngressPages,4
[WARNING] [stderr] 2026-08-09T00:49:29.019-0600	INFO	ForkJoinPool-1-worker-1	stdout	operator_metric,nitro,0/TrinoNitroAggregationOperator@174,nitroAggregationInitialKeyNanos,0
[WARNING] [stderr] 2026-08-09T00:49:29.019-0600	INFO	ForkJoinPool-1-worker-1	stdout	operator_metric,nitro,0/TrinoNitroAggregationOperator@174,nitroAggregationInitialEncodedKeyNanos,0
[WARNING] [stderr] 2026-08-09T00:49:29.019-0600	INFO	ForkJoinPool-1-worker-1	stdout	operator_metric,nitro,1/TrinoNitroHashJoinOperator@30,nitroBoundaryPageEgressPages,3279
[WARNING] [stderr] 2026-08-09T00:49:29.019-0600	INFO	ForkJoinPool-1-worker-1	stdout	operator_metric,nitro,1/TrinoNitroHashJoinOperator@30,nitroBoundaryPageIngressFlatChannelPositions,86402973
[WARNING] [stderr] 2026-08-09T00:49:29.019-0600	INFO	ForkJoinPool-1-worker-1	stdout	operator_metric,nitro,1/TrinoNitroHashJoinOperator@30,nitroBoundaryPageEgressRunLengthChannelPositions,0
[WARNING] [stderr] 2026-08-09T00:49:29.019-0600	INFO	ForkJoinPool-1-worker-1	stdout	operator_metric,nitro,1/TrinoNitroHashJoinOperator@30,nitroBoundaryNativeEgressFlatChannelPositions,82514214
[WARNING] [stderr] 2026-08-09T00:49:29.019-0600	INFO	ForkJoinPool-1-worker-1	stdout	operator_metric,nitro,1/TrinoNitroHashJoinOperator@30,nitroBoundaryNativeEgressRunLengthChannelPositions,0
[WARNING] [stderr] 2026-08-09T00:49:29.019-0600	INFO	ForkJoinPool-1-worker-1	stdout	operator_metric,nitro,1/TrinoNitroHashJoinOperator@30,nitroBoundaryPageEgressDictionaryChannelPositions,0
[WARNING] [stderr] 2026-08-09T00:49:29.019-0600	INFO	ForkJoinPool-1-worker-1	stdout	operator_metric,nitro,1/TrinoNitroHashJoinOperator@30,nitroBoundaryPageEgressBytes,632608974
[WARNING] [stderr] 2026-08-09T00:49:29.019-0600	INFO	ForkJoinPool-1-worker-1	stdout	operator_metric,nitro,1/TrinoNitroHashJoinOperator@30,nitroBoundaryPageIngressPages,825
[WARNING] [stderr] 2026-08-09T00:49:29.019-0600	INFO	ForkJoinPool-1-worker-1	stdout	operator_metric,nitro,1/TrinoNitroHashJoinOperator@30,nitroBoundaryPageIngressPositions,28800991
[WARNING] [stderr] 2026-08-09T00:49:29.019-0600	INFO	ForkJoinPool-1-worker-1	stdout	operator_metric,nitro,1/TrinoNitroHashJoinOperator@30,nitroBoundaryPageIngressRunLengthChannelPositions,0
[WARNING] [stderr] 2026-08-09T00:49:29.019-0600	INFO	ForkJoinPool-1-worker-1	stdout	operator_metric,nitro,1/TrinoNitroHashJoinOperator@30,nitroBoundaryNativeEgressDictionaryChannelPositions,0
[WARNING] [stderr] 2026-08-09T00:49:29.019-0600	INFO	ForkJoinPool-1-worker-1	stdout	operator_metric,nitro,1/TrinoNitroHashJoinOperator@30,nitroBoundaryPageEgressFlatChannelPositions,82514214
[WARNING] [stderr] 2026-08-09T00:49:29.019-0600	INFO	ForkJoinPool-1-worker-1	stdout	operator_metric,nitro,1/TrinoNitroHashJoinOperator@30,nitroBoundaryPageEgressPositions,27504738
[WARNING] [stderr] 2026-08-09T00:49:29.019-0600	INFO	ForkJoinPool-1-worker-1	stdout	operator_metric,nitro,1/TrinoNitroHashJoinOperator@30,nitroBoundaryPageIngressBytes,662422793
[WARNING] [stderr] 2026-08-09T00:49:29.019-0600	INFO	ForkJoinPool-1-worker-1	stdout	operator_metric,nitro,1/TrinoNitroHashJoinOperator@30,nitroBoundaryPageIngressDictionaryChannelPositions,0
[WARNING] [stderr] 2026-08-09T00:49:29.019-0600	INFO	ForkJoinPool-1-worker-1	stdout	operator_metric,nitro,1/TrinoNitroAggregationOperator@6051,nitroAggregationInitialEncodedKeyNanos,0
[WARNING] [stderr] 2026-08-09T00:49:29.019-0600	INFO	ForkJoinPool-1-worker-1	stdout	operator_metric,nitro,1/TrinoNitroAggregationOperator@6051,nitroAggregationFusedNanos,0
[WARNING] [stderr] 2026-08-09T00:49:29.019-0600	INFO	ForkJoinPool-1-worker-1	stdout	operator_metric,nitro,1/TrinoNitroAggregationOperator@6051,nitroBoundaryPageEgressFlatChannelPositions,2
[WARNING] [stderr] 2026-08-09T00:49:29.019-0600	INFO	ForkJoinPool-1-worker-1	stdout	operator_metric,nitro,1/TrinoNitroAggregationOperator@6051,nitroAggregationPipelineNanos,0
[WARNING] [stderr] 2026-08-09T00:49:29.019-0600	INFO	ForkJoinPool-1-worker-1	stdout	operator_metric,nitro,1/TrinoNitroAggregationOperator@6051,nitroBoundaryPageEgressDictionaryChannelPositions,0
[WARNING] [stderr] 2026-08-09T00:49:29.019-0600	INFO	ForkJoinPool-1-worker-1	stdout	operator_metric,nitro,1/TrinoNitroAggregationOperator@6051,nitroAggregationGroupingNanos,0
[WARNING] [stderr] 2026-08-09T00:49:29.019-0600	INFO	ForkJoinPool-1-worker-1	stdout	operator_metric,nitro,1/TrinoNitroAggregationOperator@6051,nitroBoundaryNativeEgressRunLengthChannelPositions,0
[WARNING] [stderr] 2026-08-09T00:49:29.019-0600	INFO	ForkJoinPool-1-worker-1	stdout	operator_metric,nitro,1/TrinoNitroAggregationOperator@6051,nitroAggregationOutputNanos,42851
[WARNING] [stderr] 2026-08-09T00:49:29.019-0600	INFO	ForkJoinPool-1-worker-1	stdout	operator_metric,nitro,1/TrinoNitroAggregationOperator@6051,nitroBoundaryPageEgressPositions,2
[WARNING] [stderr] 2026-08-09T00:49:29.019-0600	INFO	ForkJoinPool-1-worker-1	stdout	operator_metric,nitro,1/TrinoNitroAggregationOperator@6051,nitroAggregationInputNanos,0
[WARNING] [stderr] 2026-08-09T00:49:29.019-0600	INFO	ForkJoinPool-1-worker-1	stdout	operator_metric,nitro,1/TrinoNitroAggregationOperator@6051,nitroAggregationInitialAggregationNanos,0
[WARNING] [stderr] 2026-08-09T00:49:29.019-0600	INFO	ForkJoinPool-1-worker-1	stdout	operator_metric,nitro,1/TrinoNitroAggregationOperator@6051,nitroAggregationFlushNanos,0
[WARNING] [stderr] 2026-08-09T00:49:29.019-0600	INFO	ForkJoinPool-1-worker-1	stdout	operator_metric,nitro,1/TrinoNitroAggregationOperator@6051,nitroBoundaryPageEgressPages,2
[WARNING] [stderr] 2026-08-09T00:49:29.019-0600	INFO	ForkJoinPool-1-worker-1	stdout	operator_metric,nitro,1/TrinoNitroAggregationOperator@6051,nitroAggregationInitialFlatKeyNanos,0
[WARNING] [stderr] 2026-08-09T00:49:29.019-0600	INFO	ForkJoinPool-1-worker-1	stdout	operator_metric,nitro,1/TrinoNitroAggregationOperator@6051,nitroBoundaryNativeEgressFlatChannelPositions,2
[WARNING] [stderr] 2026-08-09T00:49:29.019-0600	INFO	ForkJoinPool-1-worker-1	stdout	operator_metric,nitro,1/TrinoNitroAggregationOperator@6051,nitroBoundaryNativeEgressDictionaryChannelPositions,0
[WARNING] [stderr] 2026-08-09T00:49:29.019-0600	INFO	ForkJoinPool-1-worker-1	stdout	operator_metric,nitro,1/TrinoNitroAggregationOperator@6051,nitroAggregationStatePreparationNanos,0
[WARNING] [stderr] 2026-08-09T00:49:29.019-0600	INFO	ForkJoinPool-1-worker-1	stdout	operator_metric,nitro,1/TrinoNitroAggregationOperator@6051,nitroBoundaryPageEgressRunLengthChannelPositions,0
[WARNING] [stderr] 2026-08-09T00:49:29.019-0600	INFO	ForkJoinPool-1-worker-1	stdout	operator_metric,nitro,1/TrinoNitroAggregationOperator@6051,nitroAggregationInitialKeyNanos,0
[WARNING] [stderr] 2026-08-09T00:49:29.019-0600	INFO	ForkJoinPool-1-worker-1	stdout	operator_metric,nitro,1/TrinoNitroAggregationOperator@6051,nitroAggregationAccumulationNanos,0
[WARNING] [stderr] 2026-08-09T00:49:29.019-0600	INFO	ForkJoinPool-1-worker-1	stdout	operator_metric,nitro,1/TrinoNitroAggregationOperator@6051,nitroBoundaryPageEgressBytes,10
[WARNING] [stderr] 2026-08-09T00:49:29.019-0600	INFO	ForkJoinPool-1-worker-1	stdout	operator_metric,nitro,1/TrinoNitroAggregationOperator@2036,nitroAggregationInitialEncodedKeyNanos,0
[WARNING] [stderr] 2026-08-09T00:49:29.019-0600	INFO	ForkJoinPool-1-worker-1	stdout	operator_metric,nitro,1/TrinoNitroAggregationOperator@2036,nitroAggregationFusedNanos,0
[WARNING] [stderr] 2026-08-09T00:49:29.019-0600	INFO	ForkJoinPool-1-worker-1	stdout	operator_metric,nitro,1/TrinoNitroAggregationOperator@2036,nitroBoundaryPageEgressFlatChannelPositions,61
[WARNING] [stderr] 2026-08-09T00:49:29.019-0600	INFO	ForkJoinPool-1-worker-1	stdout	operator_metric,nitro,1/TrinoNitroAggregationOperator@2036,nitroAggregationPipelineNanos,0
[WARNING] [stderr] 2026-08-09T00:49:29.019-0600	INFO	ForkJoinPool-1-worker-1	stdout	operator_metric,nitro,1/TrinoNitroAggregationOperator@2036,nitroBoundaryPageEgressDictionaryChannelPositions,0
[WARNING] [stderr] 2026-08-09T00:49:29.019-0600	INFO	ForkJoinPool-1-worker-1	stdout	operator_metric,nitro,1/TrinoNitroAggregationOperator@2036,nitroAggregationGroupingNanos,0
[WARNING] [stderr] 2026-08-09T00:49:29.019-0600	INFO	ForkJoinPool-1-worker-1	stdout	operator_metric,nitro,1/TrinoNitroAggregationOperator@2036,nitroBoundaryNativeEgressRunLengthChannelPositions,0
[WARNING] [stderr] 2026-08-09T00:49:29.019-0600	INFO	ForkJoinPool-1-worker-1	stdout	operator_metric,nitro,1/TrinoNitroAggregationOperator@2036,nitroAggregationOutputNanos,28153
[WARNING] [stderr] 2026-08-09T00:49:29.019-0600	INFO	ForkJoinPool-1-worker-1	stdout	operator_metric,nitro,1/TrinoNitroAggregationOperator@2036,nitroBoundaryPageEgressPositions,61
[WARNING] [stderr] 2026-08-09T00:49:29.019-0600	INFO	ForkJoinPool-1-worker-1	stdout	operator_metric,nitro,1/TrinoNitroAggregationOperator@2036,nitroAggregationInputNanos,121827
[WARNING] [stderr] 2026-08-09T00:49:29.019-0600	INFO	ForkJoinPool-1-worker-1	stdout	operator_metric,nitro,1/TrinoNitroAggregationOperator@2036,nitroAggregationInitialAggregationNanos,0
[WARNING] [stderr] 2026-08-09T00:49:29.019-0600	INFO	ForkJoinPool-1-worker-1	stdout	operator_metric,nitro,1/TrinoNitroAggregationOperator@2036,nitroAggregationFlushNanos,0
[WARNING] [stderr] 2026-08-09T00:49:29.019-0600	INFO	ForkJoinPool-1-worker-1	stdout	operator_metric,nitro,1/TrinoNitroAggregationOperator@2036,nitroBoundaryPageEgressPages,16
[WARNING] [stderr] 2026-08-09T00:49:29.019-0600	INFO	ForkJoinPool-1-worker-1	stdout	operator_metric,nitro,1/TrinoNitroAggregationOperator@2036,nitroAggregationInitialFlatKeyNanos,0
[WARNING] [stderr] 2026-08-09T00:49:29.019-0600	INFO	ForkJoinPool-1-worker-1	stdout	operator_metric,nitro,1/TrinoNitroAggregationOperator@2036,nitroBoundaryNativeEgressFlatChannelPositions,61
[WARNING] [stderr] 2026-08-09T00:49:29.019-0600	INFO	ForkJoinPool-1-worker-1	stdout	operator_metric,nitro,1/TrinoNitroAggregationOperator@2036,nitroBoundaryNativeEgressDictionaryChannelPositions,0
[WARNING] [stderr] 2026-08-09T00:49:29.019-0600	INFO	ForkJoinPool-1-worker-1	stdout	operator_metric,nitro,1/TrinoNitroAggregationOperator@2036,nitroAggregationStatePreparationNanos,0
[WARNING] [stderr] 2026-08-09T00:49:29.019-0600	INFO	ForkJoinPool-1-worker-1	stdout	operator_metric,nitro,1/TrinoNitroAggregationOperator@2036,nitroBoundaryPageEgressRunLengthChannelPositions,0
[WARNING] [stderr] 2026-08-09T00:49:29.019-0600	INFO	ForkJoinPool-1-worker-1	stdout	operator_metric,nitro,1/TrinoNitroAggregationOperator@2036,nitroAggregationInitialKeyNanos,0
[WARNING] [stderr] 2026-08-09T00:49:29.019-0600	INFO	ForkJoinPool-1-worker-1	stdout	operator_metric,nitro,1/TrinoNitroAggregationOperator@2036,nitroAggregationAccumulationNanos,0
[WARNING] [stderr] 2026-08-09T00:49:29.019-0600	INFO	ForkJoinPool-1-worker-1	stdout	operator_metric,nitro,1/TrinoNitroAggregationOperator@2036,nitroBoundaryPageEgressBytes,549
[WARNING] [stderr] 2026-08-09T00:49:29.019-0600	INFO	ForkJoinPool-1-worker-1	stdout	operator_metric,nitro,1/TrinoNitroAggregationOperator@6078,nitroAggregationInitialAggregationNanos,0
[WARNING] [stderr] 2026-08-09T00:49:29.019-0600	INFO	ForkJoinPool-1-worker-1	stdout	operator_metric,nitro,1/TrinoNitroAggregationOperator@6078,nitroBoundaryPageIngressFlatChannelPositions,82514214
[WARNING] [stderr] 2026-08-09T00:49:29.019-0600	INFO	ForkJoinPool-1-worker-1	stdout	operator_metric,nitro,1/TrinoNitroAggregationOperator@6078,nitroAggregationGroupingNanos,405022526
[WARNING] [stderr] 2026-08-09T00:49:29.019-0600	INFO	ForkJoinPool-1-worker-1	stdout	operator_metric,nitro,1/TrinoNitroAggregationOperator@6078,nitroBoundaryNativeExchangeBatches,2
[WARNING] [stderr] 2026-08-09T00:49:29.019-0600	INFO	ForkJoinPool-1-worker-1	stdout	operator_metric,nitro,1/TrinoNitroAggregationOperator@6078,nitroAggregationInitialEncodedKeyNanos,0
[WARNING] [stderr] 2026-08-09T00:49:29.019-0600	INFO	ForkJoinPool-1-worker-1	stdout	operator_metric,nitro,1/TrinoNitroAggregationOperator@6078,nitroAggregationFusedNanos,0
[WARNING] [stderr] 2026-08-09T00:49:29.019-0600	INFO	ForkJoinPool-1-worker-1	stdout	operator_metric,nitro,1/TrinoNitroAggregationOperator@6078,nitroAggregationFlushNanos,0
[WARNING] [stderr] 2026-08-09T00:49:29.019-0600	INFO	ForkJoinPool-1-worker-1	stdout	operator_metric,nitro,1/TrinoNitroAggregationOperator@6078,nitroBoundaryPageIngressDictionaryChannelPositions,0
[WARNING] [stderr] 2026-08-09T00:49:29.019-0600	INFO	ForkJoinPool-1-worker-1	stdout	operator_metric,nitro,1/TrinoNitroAggregationOperator@6078,nitroBoundaryNativeExchangePositions,495848
[WARNING] [stderr] 2026-08-09T00:49:29.019-0600	INFO	ForkJoinPool-1-worker-1	stdout	operator_metric,nitro,1/TrinoNitroAggregationOperator@6078,nitroAggregationStatePreparationNanos,4427848
[WARNING] [stderr] 2026-08-09T00:49:29.019-0600	INFO	ForkJoinPool-1-worker-1	stdout	operator_metric,nitro,1/TrinoNitroAggregationOperator@6078,nitroBoundaryPageIngressBytes,632608974
[WARNING] [stderr] 2026-08-09T00:49:29.019-0600	INFO	ForkJoinPool-1-worker-1	stdout	operator_metric,nitro,1/TrinoNitroAggregationOperator@6078,nitroAggregationPipelineNanos,3438465
[WARNING] [stderr] 2026-08-09T00:49:29.019-0600	INFO	ForkJoinPool-1-worker-1	stdout	operator_metric,nitro,1/TrinoNitroAggregationOperator@6078,nitroAggregationOutputNanos,47570
[WARNING] [stderr] 2026-08-09T00:49:29.019-0600	INFO	ForkJoinPool-1-worker-1	stdout	operator_metric,nitro,1/TrinoNitroAggregationOperator@6078,nitroBoundaryNativeExchangeMaximumBatchBytes,18842232
[WARNING] [stderr] 2026-08-09T00:49:29.019-0600	INFO	ForkJoinPool-1-worker-1	stdout	operator_metric,nitro,1/TrinoNitroAggregationOperator@6078,nitroBoundaryNativeExchangeBytes,18842232
[WARNING] [stderr] 2026-08-09T00:49:29.019-0600	INFO	ForkJoinPool-1-worker-1	stdout	operator_metric,nitro,1/TrinoNitroAggregationOperator@6078,nitroBoundaryPageIngressPositions,27504738
[WARNING] [stderr] 2026-08-09T00:49:29.019-0600	INFO	ForkJoinPool-1-worker-1	stdout	operator_metric,nitro,1/TrinoNitroAggregationOperator@6078,nitroAggregationInitialFlatKeyNanos,0
[WARNING] [stderr] 2026-08-09T00:49:29.019-0600	INFO	ForkJoinPool-1-worker-1	stdout	operator_metric,nitro,1/TrinoNitroAggregationOperator@6078,nitroAggregationAccumulationNanos,1188211367
[WARNING] [stderr] 2026-08-09T00:49:29.019-0600	INFO	ForkJoinPool-1-worker-1	stdout	operator_metric,nitro,1/TrinoNitroAggregationOperator@6078,nitroBoundaryPageIngressRunLengthChannelPositions,0
[WARNING] [stderr] 2026-08-09T00:49:29.019-0600	INFO	ForkJoinPool-1-worker-1	stdout	operator_metric,nitro,1/TrinoNitroAggregationOperator@6078,nitroAggregationInitialKeyNanos,0
[WARNING] [stderr] 2026-08-09T00:49:29.019-0600	INFO	ForkJoinPool-1-worker-1	stdout	operator_metric,nitro,1/TrinoNitroAggregationOperator@6078,nitroBoundaryPageIngressPages,3279
[WARNING] [stderr] 2026-08-09T00:49:29.019-0600	INFO	ForkJoinPool-1-worker-1	stdout	operator_metric,nitro,1/TrinoNitroAggregationOperator@6078,nitroAggregationInputNanos,1600753825
[WARNING] [stderr] 2026-08-09T00:49:29.019-0600	INFO	ForkJoinPool-1-worker-1	stdout	operator_metric,nitro,1/TrinoNitroHashJoinOperator@1580,nitroBoundaryPageIngressPages,4
[WARNING] [stderr] 2026-08-09T00:49:29.019-0600	INFO	ForkJoinPool-1-worker-1	stdout	operator_metric,nitro,1/TrinoNitroHashJoinOperator@1580,nitroBoundaryPageIngressBytes,159643
[WARNING] [stderr] 2026-08-09T00:49:29.019-0600	INFO	ForkJoinPool-1-worker-1	stdout	operator_metric,nitro,1/TrinoNitroHashJoinOperator@1580,nitroBoundaryPageIngressPositions,6941
[WARNING] [stderr] 2026-08-09T00:49:29.019-0600	INFO	ForkJoinPool-1-worker-1	stdout	operator_metric,nitro,1/TrinoNitroHashJoinOperator@1580,nitroBoundaryPageIngressDictionaryChannelPositions,0
[WARNING] [stderr] 2026-08-09T00:49:29.019-0600	INFO	ForkJoinPool-1-worker-1	stdout	operator_metric,nitro,1/TrinoNitroHashJoinOperator@1580,nitroBoundaryPageIngressRunLengthChannelPositions,0
[WARNING] [stderr] 2026-08-09T00:49:29.019-0600	INFO	ForkJoinPool-1-worker-1	stdout	operator_metric,nitro,1/TrinoNitroHashJoinOperator@1580,nitroBoundaryPageIngressFlatChannelPositions,20823
[WARNING] [stderr] 2026-08-09T00:49:29.019-0600	INFO	ForkJoinPool-1-worker-1	stdout	operator_metric,nitro,1/TrinoNitroAggregationOperator@35,nitroAggregationInitialEncodedKeyNanos,0
[WARNING] [stderr] 2026-08-09T00:49:29.019-0600	INFO	ForkJoinPool-1-worker-1	stdout	operator_metric,nitro,1/TrinoNitroAggregationOperator@35,nitroAggregationFusedNanos,0
[WARNING] [stderr] 2026-08-09T00:49:29.019-0600	INFO	ForkJoinPool-1-worker-1	stdout	operator_metric,nitro,1/TrinoNitroAggregationOperator@35,nitroBoundaryPageEgressFlatChannelPositions,991696
[WARNING] [stderr] 2026-08-09T00:49:29.019-0600	INFO	ForkJoinPool-1-worker-1	stdout	operator_metric,nitro,1/TrinoNitroAggregationOperator@35,nitroAggregationPipelineNanos,0
[WARNING] [stderr] 2026-08-09T00:49:29.019-0600	INFO	ForkJoinPool-1-worker-1	stdout	operator_metric,nitro,1/TrinoNitroAggregationOperator@35,nitroBoundaryPageEgressDictionaryChannelPositions,0
[WARNING] [stderr] 2026-08-09T00:49:29.019-0600	INFO	ForkJoinPool-1-worker-1	stdout	operator_metric,nitro,1/TrinoNitroAggregationOperator@35,nitroAggregationGroupingNanos,9592171
[WARNING] [stderr] 2026-08-09T00:49:29.019-0600	INFO	ForkJoinPool-1-worker-1	stdout	operator_metric,nitro,1/TrinoNitroAggregationOperator@35,nitroBoundaryNativeEgressRunLengthChannelPositions,0
[WARNING] [stderr] 2026-08-09T00:49:29.019-0600	INFO	ForkJoinPool-1-worker-1	stdout	operator_metric,nitro,1/TrinoNitroAggregationOperator@35,nitroAggregationOutputNanos,20510
[WARNING] [stderr] 2026-08-09T00:49:29.019-0600	INFO	ForkJoinPool-1-worker-1	stdout	operator_metric,nitro,1/TrinoNitroAggregationOperator@35,nitroBoundaryPageEgressPositions,495848
[WARNING] [stderr] 2026-08-09T00:49:29.019-0600	INFO	ForkJoinPool-1-worker-1	stdout	operator_metric,nitro,1/TrinoNitroAggregationOperator@35,nitroAggregationInputNanos,14643524
[WARNING] [stderr] 2026-08-09T00:49:29.019-0600	INFO	ForkJoinPool-1-worker-1	stdout	operator_metric,nitro,1/TrinoNitroAggregationOperator@35,nitroAggregationInitialAggregationNanos,0
[WARNING] [stderr] 2026-08-09T00:49:29.019-0600	INFO	ForkJoinPool-1-worker-1	stdout	operator_metric,nitro,1/TrinoNitroAggregationOperator@35,nitroAggregationFlushNanos,0
[WARNING] [stderr] 2026-08-09T00:49:29.019-0600	INFO	ForkJoinPool-1-worker-1	stdout	operator_metric,nitro,1/TrinoNitroAggregationOperator@35,nitroBoundaryPageEgressPages,32
[WARNING] [stderr] 2026-08-09T00:49:29.019-0600	INFO	ForkJoinPool-1-worker-1	stdout	operator_metric,nitro,1/TrinoNitroAggregationOperator@35,nitroAggregationInitialFlatKeyNanos,0
[WARNING] [stderr] 2026-08-09T00:49:29.019-0600	INFO	ForkJoinPool-1-worker-1	stdout	operator_metric,nitro,1/TrinoNitroAggregationOperator@35,nitroBoundaryNativeEgressFlatChannelPositions,991696
[WARNING] [stderr] 2026-08-09T00:49:29.019-0600	INFO	ForkJoinPool-1-worker-1	stdout	operator_metric,nitro,1/TrinoNitroAggregationOperator@35,nitroBoundaryNativeEgressDictionaryChannelPositions,0
[WARNING] [stderr] 2026-08-09T00:49:29.019-0600	INFO	ForkJoinPool-1-worker-1	stdout	operator_metric,nitro,1/TrinoNitroAggregationOperator@35,nitroAggregationStatePreparationNanos,1008657
[WARNING] [stderr] 2026-08-09T00:49:29.019-0600	INFO	ForkJoinPool-1-worker-1	stdout	operator_metric,nitro,1/TrinoNitroAggregationOperator@35,nitroBoundaryPageEgressRunLengthChannelPositions,0
[WARNING] [stderr] 2026-08-09T00:49:29.019-0600	INFO	ForkJoinPool-1-worker-1	stdout	operator_metric,nitro,1/TrinoNitroAggregationOperator@35,nitroAggregationInitialKeyNanos,0
[WARNING] [stderr] 2026-08-09T00:49:29.019-0600	INFO	ForkJoinPool-1-worker-1	stdout	operator_metric,nitro,1/TrinoNitroAggregationOperator@35,nitroAggregationAccumulationNanos,3561736
[WARNING] [stderr] 2026-08-09T00:49:29.019-0600	INFO	ForkJoinPool-1-worker-1	stdout	operator_metric,nitro,1/TrinoNitroAggregationOperator@35,nitroBoundaryPageEgressBytes,12892048
[WARNING] [stderr] 2026-08-09T00:49:29.019-0600	INFO	ForkJoinPool-1-worker-1	stdout	operator_metric,nitro,1/TrinoNitroHashJoinOperator@64,nitroBoundaryPageEgressPages,32
[WARNING] [stderr] 2026-08-09T00:49:29.019-0600	INFO	ForkJoinPool-1-worker-1	stdout	operator_metric,nitro,1/TrinoNitroHashJoinOperator@64,nitroBoundaryPageIngressFlatChannelPositions,991696
[WARNING] [stderr] 2026-08-09T00:49:29.019-0600	INFO	ForkJoinPool-1-worker-1	stdout	operator_metric,nitro,1/TrinoNitroHashJoinOperator@64,nitroBoundaryPageEgressRunLengthChannelPositions,0
[WARNING] [stderr] 2026-08-09T00:49:29.019-0600	INFO	ForkJoinPool-1-worker-1	stdout	operator_metric,nitro,1/TrinoNitroHashJoinOperator@64,nitroBoundaryNativeEgressFlatChannelPositions,1487544
[WARNING] [stderr] 2026-08-09T00:49:29.019-0600	INFO	ForkJoinPool-1-worker-1	stdout	operator_metric,nitro,1/TrinoNitroHashJoinOperator@64,nitroBoundaryNativeEgressRunLengthChannelPositions,0
[WARNING] [stderr] 2026-08-09T00:49:29.019-0600	INFO	ForkJoinPool-1-worker-1	stdout	operator_metric,nitro,1/TrinoNitroHashJoinOperator@64,nitroBoundaryPageEgressDictionaryChannelPositions,0
[WARNING] [stderr] 2026-08-09T00:49:29.019-0600	INFO	ForkJoinPool-1-worker-1	stdout	operator_metric,nitro,1/TrinoNitroHashJoinOperator@64,nitroBoundaryPageEgressBytes,21321464
[WARNING] [stderr] 2026-08-09T00:49:29.019-0600	INFO	ForkJoinPool-1-worker-1	stdout	operator_metric,nitro,1/TrinoNitroHashJoinOperator@64,nitroBoundaryPageIngressPages,32
[WARNING] [stderr] 2026-08-09T00:49:29.019-0600	INFO	ForkJoinPool-1-worker-1	stdout	operator_metric,nitro,1/TrinoNitroHashJoinOperator@64,nitroBoundaryPageIngressPositions,495848
[WARNING] [stderr] 2026-08-09T00:49:29.019-0600	INFO	ForkJoinPool-1-worker-1	stdout	operator_metric,nitro,1/TrinoNitroHashJoinOperator@64,nitroBoundaryPageIngressRunLengthChannelPositions,0
[WARNING] [stderr] 2026-08-09T00:49:29.019-0600	INFO	ForkJoinPool-1-worker-1	stdout	operator_metric,nitro,1/TrinoNitroHashJoinOperator@64,nitroBoundaryNativeEgressDictionaryChannelPositions,0
[WARNING] [stderr] 2026-08-09T00:49:29.019-0600	INFO	ForkJoinPool-1-worker-1	stdout	operator_metric,nitro,1/TrinoNitroHashJoinOperator@64,nitroBoundaryPageEgressFlatChannelPositions,1487544
[WARNING] [stderr] 2026-08-09T00:49:29.019-0600	INFO	ForkJoinPool-1-worker-1	stdout	operator_metric,nitro,1/TrinoNitroHashJoinOperator@64,nitroBoundaryPageEgressPositions,495848
[WARNING] [stderr] 2026-08-09T00:49:29.019-0600	INFO	ForkJoinPool-1-worker-1	stdout	operator_metric,nitro,1/TrinoNitroHashJoinOperator@64,nitroBoundaryPageIngressBytes,12892048
[WARNING] [stderr] 2026-08-09T00:49:29.019-0600	INFO	ForkJoinPool-1-worker-1	stdout	operator_metric,nitro,1/TrinoNitroHashJoinOperator@64,nitroBoundaryPageIngressDictionaryChannelPositions,0
[WARNING] [stderr] 2026-08-09T00:49:29.019-0600	INFO	ForkJoinPool-1-worker-1	stdout	operator_metric,nitro,19/TrinoNitroHashJoinOperator@114,nitroBoundaryPageEgressPages,3279
[WARNING] [stderr] 2026-08-09T00:49:29.019-0600	INFO	ForkJoinPool-1-worker-1	stdout	operator_metric,nitro,19/TrinoNitroHashJoinOperator@114,nitroBoundaryPageIngressFlatChannelPositions,86402973
[WARNING] [stderr] 2026-08-09T00:49:29.019-0600	INFO	ForkJoinPool-1-worker-1	stdout	operator_metric,nitro,19/TrinoNitroHashJoinOperator@114,nitroBoundaryPageEgressRunLengthChannelPositions,0
[WARNING] [stderr] 2026-08-09T00:49:29.019-0600	INFO	ForkJoinPool-1-worker-1	stdout	operator_metric,nitro,19/TrinoNitroHashJoinOperator@114,nitroBoundaryNativeEgressFlatChannelPositions,82514214
[WARNING] [stderr] 2026-08-09T00:49:29.019-0600	INFO	ForkJoinPool-1-worker-1	stdout	operator_metric,nitro,19/TrinoNitroHashJoinOperator@114,nitroBoundaryNativeEgressRunLengthChannelPositions,0
[WARNING] [stderr] 2026-08-09T00:49:29.019-0600	INFO	ForkJoinPool-1-worker-1	stdout	operator_metric,nitro,19/TrinoNitroHashJoinOperator@114,nitroBoundaryPageEgressDictionaryChannelPositions,0
[WARNING] [stderr] 2026-08-09T00:49:29.019-0600	INFO	ForkJoinPool-1-worker-1	stdout	operator_metric,nitro,19/TrinoNitroHashJoinOperator@114,nitroBoundaryPageEgressBytes,632608974
[WARNING] [stderr] 2026-08-09T00:49:29.019-0600	INFO	ForkJoinPool-1-worker-1	stdout	operator_metric,nitro,19/TrinoNitroHashJoinOperator@114,nitroBoundaryPageIngressPages,825
[WARNING] [stderr] 2026-08-09T00:49:29.019-0600	INFO	ForkJoinPool-1-worker-1	stdout	operator_metric,nitro,19/TrinoNitroHashJoinOperator@114,nitroBoundaryPageIngressPositions,28800991
[WARNING] [stderr] 2026-08-09T00:49:29.019-0600	INFO	ForkJoinPool-1-worker-1	stdout	operator_metric,nitro,19/TrinoNitroHashJoinOperator@114,nitroBoundaryPageIngressRunLengthChannelPositions,0
[WARNING] [stderr] 2026-08-09T00:49:29.019-0600	INFO	ForkJoinPool-1-worker-1	stdout	operator_metric,nitro,19/TrinoNitroHashJoinOperator@114,nitroBoundaryNativeEgressDictionaryChannelPositions,0
[WARNING] [stderr] 2026-08-09T00:49:29.019-0600	INFO	ForkJoinPool-1-worker-1	stdout	operator_metric,nitro,19/TrinoNitroHashJoinOperator@114,nitroBoundaryPageEgressFlatChannelPositions,82514214
[WARNING] [stderr] 2026-08-09T00:49:29.019-0600	INFO	ForkJoinPool-1-worker-1	stdout	operator_metric,nitro,19/TrinoNitroHashJoinOperator@114,nitroBoundaryPageEgressPositions,27504738
[WARNING] [stderr] 2026-08-09T00:49:29.019-0600	INFO	ForkJoinPool-1-worker-1	stdout	operator_metric,nitro,19/TrinoNitroHashJoinOperator@114,nitroBoundaryPageIngressBytes,662422793
[WARNING] [stderr] 2026-08-09T00:49:29.019-0600	INFO	ForkJoinPool-1-worker-1	stdout	operator_metric,nitro,19/TrinoNitroHashJoinOperator@114,nitroBoundaryPageIngressDictionaryChannelPositions,0
[WARNING] [stderr] 2026-08-09T00:49:29.019-0600	INFO	ForkJoinPool-1-worker-1	stdout	operator_metric,nitro,19/TrinoNitroAggregationOperator@6053,nitroAggregationInitialEncodedKeyNanos,0
[WARNING] [stderr] 2026-08-09T00:49:29.019-0600	INFO	ForkJoinPool-1-worker-1	stdout	operator_metric,nitro,19/TrinoNitroAggregationOperator@6053,nitroAggregationFusedNanos,0
[WARNING] [stderr] 2026-08-09T00:49:29.019-0600	INFO	ForkJoinPool-1-worker-1	stdout	operator_metric,nitro,19/TrinoNitroAggregationOperator@6053,nitroBoundaryPageEgressFlatChannelPositions,2
[WARNING] [stderr] 2026-08-09T00:49:29.019-0600	INFO	ForkJoinPool-1-worker-1	stdout	operator_metric,nitro,19/TrinoNitroAggregationOperator@6053,nitroAggregationPipelineNanos,0
[WARNING] [stderr] 2026-08-09T00:49:29.019-0600	INFO	ForkJoinPool-1-worker-1	stdout	operator_metric,nitro,19/TrinoNitroAggregationOperator@6053,nitroBoundaryPageEgressDictionaryChannelPositions,0
[WARNING] [stderr] 2026-08-09T00:49:29.019-0600	INFO	ForkJoinPool-1-worker-1	stdout	operator_metric,nitro,19/TrinoNitroAggregationOperator@6053,nitroAggregationGroupingNanos,0
[WARNING] [stderr] 2026-08-09T00:49:29.019-0600	INFO	ForkJoinPool-1-worker-1	stdout	operator_metric,nitro,19/TrinoNitroAggregationOperator@6053,nitroBoundaryNativeEgressRunLengthChannelPositions,0
[WARNING] [stderr] 2026-08-09T00:49:29.019-0600	INFO	ForkJoinPool-1-worker-1	stdout	operator_metric,nitro,19/TrinoNitroAggregationOperator@6053,nitroAggregationOutputNanos,71634
[WARNING] [stderr] 2026-08-09T00:49:29.019-0600	INFO	ForkJoinPool-1-worker-1	stdout	operator_metric,nitro,19/TrinoNitroAggregationOperator@6053,nitroBoundaryPageEgressPositions,2
[WARNING] [stderr] 2026-08-09T00:49:29.019-0600	INFO	ForkJoinPool-1-worker-1	stdout	operator_metric,nitro,19/TrinoNitroAggregationOperator@6053,nitroAggregationInputNanos,0
[WARNING] [stderr] 2026-08-09T00:49:29.019-0600	INFO	ForkJoinPool-1-worker-1	stdout	operator_metric,nitro,19/TrinoNitroAggregationOperator@6053,nitroAggregationInitialAggregationNanos,0
[WARNING] [stderr] 2026-08-09T00:49:29.019-0600	INFO	ForkJoinPool-1-worker-1	stdout	operator_metric,nitro,19/TrinoNitroAggregationOperator@6053,nitroAggregationFlushNanos,0
[WARNING] [stderr] 2026-08-09T00:49:29.019-0600	INFO	ForkJoinPool-1-worker-1	stdout	operator_metric,nitro,19/TrinoNitroAggregationOperator@6053,nitroBoundaryPageEgressPages,2
[WARNING] [stderr] 2026-08-09T00:49:29.019-0600	INFO	ForkJoinPool-1-worker-1	stdout	operator_metric,nitro,19/TrinoNitroAggregationOperator@6053,nitroAggregationInitialFlatKeyNanos,0
[WARNING] [stderr] 2026-08-09T00:49:29.019-0600	INFO	ForkJoinPool-1-worker-1	stdout	operator_metric,nitro,19/TrinoNitroAggregationOperator@6053,nitroBoundaryNativeEgressFlatChannelPositions,2
[WARNING] [stderr] 2026-08-09T00:49:29.019-0600	INFO	ForkJoinPool-1-worker-1	stdout	operator_metric,nitro,19/TrinoNitroAggregationOperator@6053,nitroBoundaryNativeEgressDictionaryChannelPositions,0
[WARNING] [stderr] 2026-08-09T00:49:29.019-0600	INFO	ForkJoinPool-1-worker-1	stdout	operator_metric,nitro,19/TrinoNitroAggregationOperator@6053,nitroAggregationStatePreparationNanos,0
[WARNING] [stderr] 2026-08-09T00:49:29.019-0600	INFO	ForkJoinPool-1-worker-1	stdout	operator_metric,nitro,19/TrinoNitroAggregationOperator@6053,nitroBoundaryPageEgressRunLengthChannelPositions,0
[WARNING] [stderr] 2026-08-09T00:49:29.019-0600	INFO	ForkJoinPool-1-worker-1	stdout	operator_metric,nitro,19/TrinoNitroAggregationOperator@6053,nitroAggregationInitialKeyNanos,0
[WARNING] [stderr] 2026-08-09T00:49:29.019-0600	INFO	ForkJoinPool-1-worker-1	stdout	operator_metric,nitro,19/TrinoNitroAggregationOperator@6053,nitroAggregationAccumulationNanos,0
[WARNING] [stderr] 2026-08-09T00:49:29.019-0600	INFO	ForkJoinPool-1-worker-1	stdout	operator_metric,nitro,19/TrinoNitroAggregationOperator@6053,nitroBoundaryPageEgressBytes,10
[WARNING] [stderr] 2026-08-09T00:49:29.019-0600	INFO	ForkJoinPool-1-worker-1	stdout	operator_metric,nitro,19/TrinoNitroAggregationOperator@2048,nitroAggregationInitialEncodedKeyNanos,0
[WARNING] [stderr] 2026-08-09T00:49:29.019-0600	INFO	ForkJoinPool-1-worker-1	stdout	operator_metric,nitro,19/TrinoNitroAggregationOperator@2048,nitroAggregationFusedNanos,0
[WARNING] [stderr] 2026-08-09T00:49:29.019-0600	INFO	ForkJoinPool-1-worker-1	stdout	operator_metric,nitro,19/TrinoNitroAggregationOperator@2048,nitroBoundaryPageEgressFlatChannelPositions,61
[WARNING] [stderr] 2026-08-09T00:49:29.019-0600	INFO	ForkJoinPool-1-worker-1	stdout	operator_metric,nitro,19/TrinoNitroAggregationOperator@2048,nitroAggregationPipelineNanos,0
[WARNING] [stderr] 2026-08-09T00:49:29.019-0600	INFO	ForkJoinPool-1-worker-1	stdout	operator_metric,nitro,19/TrinoNitroAggregationOperator@2048,nitroBoundaryPageEgressDictionaryChannelPositions,0
[WARNING] [stderr] 2026-08-09T00:49:29.019-0600	INFO	ForkJoinPool-1-worker-1	stdout	operator_metric,nitro,19/TrinoNitroAggregationOperator@2048,nitroAggregationGroupingNanos,0
[WARNING] [stderr] 2026-08-09T00:49:29.019-0600	INFO	ForkJoinPool-1-worker-1	stdout	operator_metric,nitro,19/TrinoNitroAggregationOperator@2048,nitroBoundaryNativeEgressRunLengthChannelPositions,0
[WARNING] [stderr] 2026-08-09T00:49:29.019-0600	INFO	ForkJoinPool-1-worker-1	stdout	operator_metric,nitro,19/TrinoNitroAggregationOperator@2048,nitroAggregationOutputNanos,33554
[WARNING] [stderr] 2026-08-09T00:49:29.019-0600	INFO	ForkJoinPool-1-worker-1	stdout	operator_metric,nitro,19/TrinoNitroAggregationOperator@2048,nitroBoundaryPageEgressPositions,61
[WARNING] [stderr] 2026-08-09T00:49:29.019-0600	INFO	ForkJoinPool-1-worker-1	stdout	operator_metric,nitro,19/TrinoNitroAggregationOperator@2048,nitroAggregationInputNanos,218721
[WARNING] [stderr] 2026-08-09T00:49:29.019-0600	INFO	ForkJoinPool-1-worker-1	stdout	operator_metric,nitro,19/TrinoNitroAggregationOperator@2048,nitroAggregationInitialAggregationNanos,0
[WARNING] [stderr] 2026-08-09T00:49:29.019-0600	INFO	ForkJoinPool-1-worker-1	stdout	operator_metric,nitro,19/TrinoNitroAggregationOperator@2048,nitroAggregationFlushNanos,0
[WARNING] [stderr] 2026-08-09T00:49:29.019-0600	INFO	ForkJoinPool-1-worker-1	stdout	operator_metric,nitro,19/TrinoNitroAggregationOperator@2048,nitroBoundaryPageEgressPages,17
[WARNING] [stderr] 2026-08-09T00:49:29.019-0600	INFO	ForkJoinPool-1-worker-1	stdout	operator_metric,nitro,19/TrinoNitroAggregationOperator@2048,nitroAggregationInitialFlatKeyNanos,0
[WARNING] [stderr] 2026-08-09T00:49:29.019-0600	INFO	ForkJoinPool-1-worker-1	stdout	operator_metric,nitro,19/TrinoNitroAggregationOperator@2048,nitroBoundaryNativeEgressFlatChannelPositions,61
[WARNING] [stderr] 2026-08-09T00:49:29.019-0600	INFO	ForkJoinPool-1-worker-1	stdout	operator_metric,nitro,19/TrinoNitroAggregationOperator@2048,nitroBoundaryNativeEgressDictionaryChannelPositions,0
[WARNING] [stderr] 2026-08-09T00:49:29.019-0600	INFO	ForkJoinPool-1-worker-1	stdout	operator_metric,nitro,19/TrinoNitroAggregationOperator@2048,nitroAggregationStatePreparationNanos,0
[WARNING] [stderr] 2026-08-09T00:49:29.019-0600	INFO	ForkJoinPool-1-worker-1	stdout	operator_metric,nitro,19/TrinoNitroAggregationOperator@2048,nitroBoundaryPageEgressRunLengthChannelPositions,0
[WARNING] [stderr] 2026-08-09T00:49:29.019-0600	INFO	ForkJoinPool-1-worker-1	stdout	operator_metric,nitro,19/TrinoNitroAggregationOperator@2048,nitroAggregationInitialKeyNanos,0
[WARNING] [stderr] 2026-08-09T00:49:29.019-0600	INFO	ForkJoinPool-1-worker-1	stdout	operator_metric,nitro,19/TrinoNitroAggregationOperator@2048,nitroAggregationAccumulationNanos,0
[WARNING] [stderr] 2026-08-09T00:49:29.019-0600	INFO	ForkJoinPool-1-worker-1	stdout	operator_metric,nitro,19/TrinoNitroAggregationOperator@2048,nitroBoundaryPageEgressBytes,549
[WARNING] [stderr] 2026-08-09T00:49:29.019-0600	INFO	ForkJoinPool-1-worker-1	stdout	operator_metric,nitro,19/TrinoNitroAggregationOperator@6136,nitroAggregationInitialAggregationNanos,0
[WARNING] [stderr] 2026-08-09T00:49:29.019-0600	INFO	ForkJoinPool-1-worker-1	stdout	operator_metric,nitro,19/TrinoNitroAggregationOperator@6136,nitroBoundaryPageIngressFlatChannelPositions,82514214
[WARNING] [stderr] 2026-08-09T00:49:29.019-0600	INFO	ForkJoinPool-1-worker-1	stdout	operator_metric,nitro,19/TrinoNitroAggregationOperator@6136,nitroAggregationGroupingNanos,439157909
[WARNING] [stderr] 2026-08-09T00:49:29.019-0600	INFO	ForkJoinPool-1-worker-1	stdout	operator_metric,nitro,19/TrinoNitroAggregationOperator@6136,nitroBoundaryNativeExchangeBatches,2
[WARNING] [stderr] 2026-08-09T00:49:29.019-0600	INFO	ForkJoinPool-1-worker-1	stdout	operator_metric,nitro,19/TrinoNitroAggregationOperator@6136,nitroAggregationInitialEncodedKeyNanos,0
[WARNING] [stderr] 2026-08-09T00:49:29.019-0600	INFO	ForkJoinPool-1-worker-1	stdout	operator_metric,nitro,19/TrinoNitroAggregationOperator@6136,nitroAggregationFusedNanos,0
[WARNING] [stderr] 2026-08-09T00:49:29.019-0600	INFO	ForkJoinPool-1-worker-1	stdout	operator_metric,nitro,19/TrinoNitroAggregationOperator@6136,nitroAggregationFlushNanos,0
[WARNING] [stderr] 2026-08-09T00:49:29.019-0600	INFO	ForkJoinPool-1-worker-1	stdout	operator_metric,nitro,19/TrinoNitroAggregationOperator@6136,nitroBoundaryPageIngressDictionaryChannelPositions,0
[WARNING] [stderr] 2026-08-09T00:49:29.019-0600	INFO	ForkJoinPool-1-worker-1	stdout	operator_metric,nitro,19/TrinoNitroAggregationOperator@6136,nitroBoundaryNativeExchangePositions,495848
[WARNING] [stderr] 2026-08-09T00:49:29.019-0600	INFO	ForkJoinPool-1-worker-1	stdout	operator_metric,nitro,19/TrinoNitroAggregationOperator@6136,nitroAggregationStatePreparationNanos,3458720
[WARNING] [stderr] 2026-08-09T00:49:29.019-0600	INFO	ForkJoinPool-1-worker-1	stdout	operator_metric,nitro,19/TrinoNitroAggregationOperator@6136,nitroBoundaryPageIngressBytes,632608974
[WARNING] [stderr] 2026-08-09T00:49:29.019-0600	INFO	ForkJoinPool-1-worker-1	stdout	operator_metric,nitro,19/TrinoNitroAggregationOperator@6136,nitroAggregationPipelineNanos,3421699
[WARNING] [stderr] 2026-08-09T00:49:29.019-0600	INFO	ForkJoinPool-1-worker-1	stdout	operator_metric,nitro,19/TrinoNitroAggregationOperator@6136,nitroAggregationOutputNanos,26660
[WARNING] [stderr] 2026-08-09T00:49:29.019-0600	INFO	ForkJoinPool-1-worker-1	stdout	operator_metric,nitro,19/TrinoNitroAggregationOperator@6136,nitroBoundaryNativeExchangeMaximumBatchBytes,18842232
[WARNING] [stderr] 2026-08-09T00:49:29.019-0600	INFO	ForkJoinPool-1-worker-1	stdout	operator_metric,nitro,19/TrinoNitroAggregationOperator@6136,nitroBoundaryNativeExchangeBytes,18842232
[WARNING] [stderr] 2026-08-09T00:49:29.019-0600	INFO	ForkJoinPool-1-worker-1	stdout	operator_metric,nitro,19/TrinoNitroAggregationOperator@6136,nitroBoundaryPageIngressPositions,27504738
[WARNING] [stderr] 2026-08-09T00:49:29.019-0600	INFO	ForkJoinPool-1-worker-1	stdout	operator_metric,nitro,19/TrinoNitroAggregationOperator@6136,nitroAggregationInitialFlatKeyNanos,0
[WARNING] [stderr] 2026-08-09T00:49:29.019-0600	INFO	ForkJoinPool-1-worker-1	stdout	operator_metric,nitro,19/TrinoNitroAggregationOperator@6136,nitroAggregationAccumulationNanos,1193181428
[WARNING] [stderr] 2026-08-09T00:49:29.019-0600	INFO	ForkJoinPool-1-worker-1	stdout	operator_metric,nitro,19/TrinoNitroAggregationOperator@6136,nitroBoundaryPageIngressRunLengthChannelPositions,0
[WARNING] [stderr] 2026-08-09T00:49:29.019-0600	INFO	ForkJoinPool-1-worker-1	stdout	operator_metric,nitro,19/TrinoNitroAggregationOperator@6136,nitroAggregationInitialKeyNanos,0
[WARNING] [stderr] 2026-08-09T00:49:29.019-0600	INFO	ForkJoinPool-1-worker-1	stdout	operator_metric,nitro,19/TrinoNitroAggregationOperator@6136,nitroBoundaryPageIngressPages,3279
[WARNING] [stderr] 2026-08-09T00:49:29.019-0600	INFO	ForkJoinPool-1-worker-1	stdout	operator_metric,nitro,19/TrinoNitroAggregationOperator@6136,nitroAggregationInputNanos,1636472919
[WARNING] [stderr] 2026-08-09T00:49:29.019-0600	INFO	ForkJoinPool-1-worker-1	stdout	operator_metric,nitro,19/TrinoNitroHashJoinOperator@1588,nitroBoundaryPageIngressPages,4
[WARNING] [stderr] 2026-08-09T00:49:29.019-0600	INFO	ForkJoinPool-1-worker-1	stdout	operator_metric,nitro,19/TrinoNitroHashJoinOperator@1588,nitroBoundaryPageIngressBytes,76291
[WARNING] [stderr] 2026-08-09T00:49:29.019-0600	INFO	ForkJoinPool-1-worker-1	stdout	operator_metric,nitro,19/TrinoNitroHashJoinOperator@1588,nitroBoundaryPageIngressPositions,3317
[WARNING] [stderr] 2026-08-09T00:49:29.019-0600	INFO	ForkJoinPool-1-worker-1	stdout	operator_metric,nitro,19/TrinoNitroHashJoinOperator@1588,nitroBoundaryPageIngressDictionaryChannelPositions,0
[WARNING] [stderr] 2026-08-09T00:49:29.019-0600	INFO	ForkJoinPool-1-worker-1	stdout	operator_metric,nitro,19/TrinoNitroHashJoinOperator@1588,nitroBoundaryPageIngressRunLengthChannelPositions,0
[WARNING] [stderr] 2026-08-09T00:49:29.019-0600	INFO	ForkJoinPool-1-worker-1	stdout	operator_metric,nitro,19/TrinoNitroHashJoinOperator@1588,nitroBoundaryPageIngressFlatChannelPositions,9951
[WARNING] [stderr] 2026-08-09T00:49:29.019-0600	INFO	ForkJoinPool-1-worker-1	stdout	operator_metric,nitro,19/TrinoNitroAggregationOperator@119,nitroAggregationInitialEncodedKeyNanos,0
[WARNING] [stderr] 2026-08-09T00:49:29.019-0600	INFO	ForkJoinPool-1-worker-1	stdout	operator_metric,nitro,19/TrinoNitroAggregationOperator@119,nitroAggregationFusedNanos,0
[WARNING] [stderr] 2026-08-09T00:49:29.019-0600	INFO	ForkJoinPool-1-worker-1	stdout	operator_metric,nitro,19/TrinoNitroAggregationOperator@119,nitroBoundaryPageEgressFlatChannelPositions,991696
[WARNING] [stderr] 2026-08-09T00:49:29.019-0600	INFO	ForkJoinPool-1-worker-1	stdout	operator_metric,nitro,19/TrinoNitroAggregationOperator@119,nitroAggregationPipelineNanos,0
[WARNING] [stderr] 2026-08-09T00:49:29.019-0600	INFO	ForkJoinPool-1-worker-1	stdout	operator_metric,nitro,19/TrinoNitroAggregationOperator@119,nitroBoundaryPageEgressDictionaryChannelPositions,0
[WARNING] [stderr] 2026-08-09T00:49:29.019-0600	INFO	ForkJoinPool-1-worker-1	stdout	operator_metric,nitro,19/TrinoNitroAggregationOperator@119,nitroAggregationGroupingNanos,7510564
[WARNING] [stderr] 2026-08-09T00:49:29.019-0600	INFO	ForkJoinPool-1-worker-1	stdout	operator_metric,nitro,19/TrinoNitroAggregationOperator@119,nitroBoundaryNativeEgressRunLengthChannelPositions,0
[WARNING] [stderr] 2026-08-09T00:49:29.019-0600	INFO	ForkJoinPool-1-worker-1	stdout	operator_metric,nitro,19/TrinoNitroAggregationOperator@119,nitroAggregationOutputNanos,35048
[WARNING] [stderr] 2026-08-09T00:49:29.019-0600	INFO	ForkJoinPool-1-worker-1	stdout	operator_metric,nitro,19/TrinoNitroAggregationOperator@119,nitroBoundaryPageEgressPositions,495848
[WARNING] [stderr] 2026-08-09T00:49:29.019-0600	INFO	ForkJoinPool-1-worker-1	stdout	operator_metric,nitro,19/TrinoNitroAggregationOperator@119,nitroAggregationInputNanos,11236872
[WARNING] [stderr] 2026-08-09T00:49:29.019-0600	INFO	ForkJoinPool-1-worker-1	stdout	operator_metric,nitro,19/TrinoNitroAggregationOperator@119,nitroAggregationInitialAggregationNanos,0
[WARNING] [stderr] 2026-08-09T00:49:29.019-0600	INFO	ForkJoinPool-1-worker-1	stdout	operator_metric,nitro,19/TrinoNitroAggregationOperator@119,nitroAggregationFlushNanos,0
[WARNING] [stderr] 2026-08-09T00:49:29.019-0600	INFO	ForkJoinPool-1-worker-1	stdout	operator_metric,nitro,19/TrinoNitroAggregationOperator@119,nitroBoundaryPageEgressPages,32
[WARNING] [stderr] 2026-08-09T00:49:29.019-0600	INFO	ForkJoinPool-1-worker-1	stdout	operator_metric,nitro,19/TrinoNitroAggregationOperator@119,nitroAggregationInitialFlatKeyNanos,0
[WARNING] [stderr] 2026-08-09T00:49:29.019-0600	INFO	ForkJoinPool-1-worker-1	stdout	operator_metric,nitro,19/TrinoNitroAggregationOperator@119,nitroBoundaryNativeEgressFlatChannelPositions,991696
[WARNING] [stderr] 2026-08-09T00:49:29.019-0600	INFO	ForkJoinPool-1-worker-1	stdout	operator_metric,nitro,19/TrinoNitroAggregationOperator@119,nitroBoundaryNativeEgressDictionaryChannelPositions,0
[WARNING] [stderr] 2026-08-09T00:49:29.019-0600	INFO	ForkJoinPool-1-worker-1	stdout	operator_metric,nitro,19/TrinoNitroAggregationOperator@119,nitroAggregationStatePreparationNanos,944746
[WARNING] [stderr] 2026-08-09T00:49:29.019-0600	INFO	ForkJoinPool-1-worker-1	stdout	operator_metric,nitro,19/TrinoNitroAggregationOperator@119,nitroBoundaryPageEgressRunLengthChannelPositions,0
[WARNING] [stderr] 2026-08-09T00:49:29.019-0600	INFO	ForkJoinPool-1-worker-1	stdout	operator_metric,nitro,19/TrinoNitroAggregationOperator@119,nitroAggregationInitialKeyNanos,0
[WARNING] [stderr] 2026-08-09T00:49:29.019-0600	INFO	ForkJoinPool-1-worker-1	stdout	operator_metric,nitro,19/TrinoNitroAggregationOperator@119,nitroAggregationAccumulationNanos,2211203
[WARNING] [stderr] 2026-08-09T00:49:29.019-0600	INFO	ForkJoinPool-1-worker-1	stdout	operator_metric,nitro,19/TrinoNitroAggregationOperator@119,nitroBoundaryPageEgressBytes,12892048
[WARNING] [stderr] 2026-08-09T00:49:29.019-0600	INFO	ForkJoinPool-1-worker-1	stdout	operator_metric,nitro,19/TrinoNitroHashJoinOperator@148,nitroBoundaryPageEgressPages,32
[WARNING] [stderr] 2026-08-09T00:49:29.019-0600	INFO	ForkJoinPool-1-worker-1	stdout	operator_metric,nitro,19/TrinoNitroHashJoinOperator@148,nitroBoundaryPageIngressFlatChannelPositions,991696
[WARNING] [stderr] 2026-08-09T00:49:29.019-0600	INFO	ForkJoinPool-1-worker-1	stdout	operator_metric,nitro,19/TrinoNitroHashJoinOperator@148,nitroBoundaryPageEgressRunLengthChannelPositions,0
[WARNING] [stderr] 2026-08-09T00:49:29.019-0600	INFO	ForkJoinPool-1-worker-1	stdout	operator_metric,nitro,19/TrinoNitroHashJoinOperator@148,nitroBoundaryNativeEgressFlatChannelPositions,1487544
[WARNING] [stderr] 2026-08-09T00:49:29.019-0600	INFO	ForkJoinPool-1-worker-1	stdout	operator_metric,nitro,19/TrinoNitroHashJoinOperator@148,nitroBoundaryNativeEgressRunLengthChannelPositions,0
[WARNING] [stderr] 2026-08-09T00:49:29.019-0600	INFO	ForkJoinPool-1-worker-1	stdout	operator_metric,nitro,19/TrinoNitroHashJoinOperator@148,nitroBoundaryPageEgressDictionaryChannelPositions,0
[WARNING] [stderr] 2026-08-09T00:49:29.019-0600	INFO	ForkJoinPool-1-worker-1	stdout	operator_metric,nitro,19/TrinoNitroHashJoinOperator@148,nitroBoundaryPageEgressBytes,21321464
[WARNING] [stderr] 2026-08-09T00:49:29.019-0600	INFO	ForkJoinPool-1-worker-1	stdout	operator_metric,nitro,19/TrinoNitroHashJoinOperator@148,nitroBoundaryPageIngressPages,32
[WARNING] [stderr] 2026-08-09T00:49:29.019-0600	INFO	ForkJoinPool-1-worker-1	stdout	operator_metric,nitro,19/TrinoNitroHashJoinOperator@148,nitroBoundaryPageIngressPositions,495848
[WARNING] [stderr] 2026-08-09T00:49:29.019-0600	INFO	ForkJoinPool-1-worker-1	stdout	operator_metric,nitro,19/TrinoNitroHashJoinOperator@148,nitroBoundaryPageIngressRunLengthChannelPositions,0
[WARNING] [stderr] 2026-08-09T00:49:29.019-0600	INFO	ForkJoinPool-1-worker-1	stdout	operator_metric,nitro,19/TrinoNitroHashJoinOperator@148,nitroBoundaryNativeEgressDictionaryChannelPositions,0
[WARNING] [stderr] 2026-08-09T00:49:29.019-0600	INFO	ForkJoinPool-1-worker-1	stdout	operator_metric,nitro,19/TrinoNitroHashJoinOperator@148,nitroBoundaryPageEgressFlatChannelPositions,1487544
[WARNING] [stderr] 2026-08-09T00:49:29.019-0600	INFO	ForkJoinPool-1-worker-1	stdout	operator_metric,nitro,19/TrinoNitroHashJoinOperator@148,nitroBoundaryPageEgressPositions,495848
[WARNING] [stderr] 2026-08-09T00:49:29.019-0600	INFO	ForkJoinPool-1-worker-1	stdout	operator_metric,nitro,19/TrinoNitroHashJoinOperator@148,nitroBoundaryPageIngressBytes,12892048
[WARNING] [stderr] 2026-08-09T00:49:29.019-0600	INFO	ForkJoinPool-1-worker-1	stdout	operator_metric,nitro,19/TrinoNitroHashJoinOperator@148,nitroBoundaryPageIngressDictionaryChannelPositions,0
[WARNING] [stderr] 2026-08-09T00:49:29.020-0600	INFO	ForkJoinPool-1-worker-1	stdout	operator_metric,nitro,2/TrinoNitroHashJoinOperator@1583,nitroBoundaryPageIngressRunLengthChannelPositions,0
[WARNING] [stderr] 2026-08-09T00:49:29.020-0600	INFO	ForkJoinPool-1-worker-1	stdout	operator_metric,nitro,2/TrinoNitroHashJoinOperator@1583,nitroBoundaryNativeExchangePositions,6941
[WARNING] [stderr] 2026-08-09T00:49:29.020-0600	INFO	ForkJoinPool-1-worker-1	stdout	operator_metric,nitro,2/TrinoNitroHashJoinOperator@1583,nitroBoundaryNativeExchangeBytes,159265
[WARNING] [stderr] 2026-08-09T00:49:29.020-0600	INFO	ForkJoinPool-1-worker-1	stdout	operator_metric,nitro,2/TrinoNitroHashJoinOperator@1583,nitroBoundaryNativeExchangeBatches,6
[WARNING] [stderr] 2026-08-09T00:49:29.020-0600	INFO	ForkJoinPool-1-worker-1	stdout	operator_metric,nitro,2/TrinoNitroHashJoinOperator@1583,nitroBoundaryPageIngressFlatChannelPositions,524988
[WARNING] [stderr] 2026-08-09T00:49:29.020-0600	INFO	ForkJoinPool-1-worker-1	stdout	operator_metric,nitro,2/TrinoNitroHashJoinOperator@1583,nitroBoundaryNativeExchangeMaximumBatchBytes,90827
[WARNING] [stderr] 2026-08-09T00:49:29.020-0600	INFO	ForkJoinPool-1-worker-1	stdout	operator_metric,nitro,2/TrinoNitroHashJoinOperator@1583,nitroBoundaryPageIngressPositions,131247
[WARNING] [stderr] 2026-08-09T00:49:29.020-0600	INFO	ForkJoinPool-1-worker-1	stdout	operator_metric,nitro,2/TrinoNitroHashJoinOperator@1583,nitroBoundaryPageIngressPages,6
[WARNING] [stderr] 2026-08-09T00:49:29.020-0600	INFO	ForkJoinPool-1-worker-1	stdout	operator_metric,nitro,2/TrinoNitroHashJoinOperator@1583,nitroBoundaryPageIngressBytes,4199904
[WARNING] [stderr] 2026-08-09T00:49:29.020-0600	INFO	ForkJoinPool-1-worker-1	stdout	operator_metric,nitro,2/TrinoNitroHashJoinOperator@1583,nitroBoundaryPageIngressDictionaryChannelPositions,0
[WARNING] [stderr] 2026-08-09T00:49:29.020-0600	INFO	ForkJoinPool-1-worker-1	stdout	operator_metric,nitro,2/TrinoNitroAggregationOperator@12,nitroAggregationInitialEncodedKeyNanos,0
[WARNING] [stderr] 2026-08-09T00:49:29.020-0600	INFO	ForkJoinPool-1-worker-1	stdout	operator_metric,nitro,2/TrinoNitroAggregationOperator@12,nitroAggregationFusedNanos,0
[WARNING] [stderr] 2026-08-09T00:49:29.020-0600	INFO	ForkJoinPool-1-worker-1	stdout	operator_metric,nitro,2/TrinoNitroAggregationOperator@12,nitroBoundaryPageEgressFlatChannelPositions,4221
[WARNING] [stderr] 2026-08-09T00:49:29.020-0600	INFO	ForkJoinPool-1-worker-1	stdout	operator_metric,nitro,2/TrinoNitroAggregationOperator@12,nitroAggregationPipelineNanos,0
[WARNING] [stderr] 2026-08-09T00:49:29.020-0600	INFO	ForkJoinPool-1-worker-1	stdout	operator_metric,nitro,2/TrinoNitroAggregationOperator@12,nitroBoundaryPageEgressDictionaryChannelPositions,0
[WARNING] [stderr] 2026-08-09T00:49:29.020-0600	INFO	ForkJoinPool-1-worker-1	stdout	operator_metric,nitro,2/TrinoNitroAggregationOperator@12,nitroAggregationGroupingNanos,4364527136
[WARNING] [stderr] 2026-08-09T00:49:29.020-0600	INFO	ForkJoinPool-1-worker-1	stdout	operator_metric,nitro,2/TrinoNitroAggregationOperator@12,nitroBoundaryNativeEgressRunLengthChannelPositions,0
[WARNING] [stderr] 2026-08-09T00:49:29.020-0600	INFO	ForkJoinPool-1-worker-1	stdout	operator_metric,nitro,2/TrinoNitroAggregationOperator@12,nitroAggregationOutputNanos,156689
[WARNING] [stderr] 2026-08-09T00:49:29.020-0600	INFO	ForkJoinPool-1-worker-1	stdout	operator_metric,nitro,2/TrinoNitroAggregationOperator@12,nitroBoundaryPageEgressPositions,4221
[WARNING] [stderr] 2026-08-09T00:49:29.020-0600	INFO	ForkJoinPool-1-worker-1	stdout	operator_metric,nitro,2/TrinoNitroAggregationOperator@12,nitroAggregationInputNanos,4457700562
[WARNING] [stderr] 2026-08-09T00:49:29.020-0600	INFO	ForkJoinPool-1-worker-1	stdout	operator_metric,nitro,2/TrinoNitroAggregationOperator@12,nitroAggregationInitialAggregationNanos,0
[WARNING] [stderr] 2026-08-09T00:49:29.020-0600	INFO	ForkJoinPool-1-worker-1	stdout	operator_metric,nitro,2/TrinoNitroAggregationOperator@12,nitroAggregationFlushNanos,0
[WARNING] [stderr] 2026-08-09T00:49:29.020-0600	INFO	ForkJoinPool-1-worker-1	stdout	operator_metric,nitro,2/TrinoNitroAggregationOperator@12,nitroBoundaryPageEgressPages,485
[WARNING] [stderr] 2026-08-09T00:49:29.020-0600	INFO	ForkJoinPool-1-worker-1	stdout	operator_metric,nitro,2/TrinoNitroAggregationOperator@12,nitroAggregationInitialFlatKeyNanos,0
[WARNING] [stderr] 2026-08-09T00:49:29.020-0600	INFO	ForkJoinPool-1-worker-1	stdout	operator_metric,nitro,2/TrinoNitroAggregationOperator@12,nitroBoundaryNativeEgressFlatChannelPositions,4221
[WARNING] [stderr] 2026-08-09T00:49:29.020-0600	INFO	ForkJoinPool-1-worker-1	stdout	operator_metric,nitro,2/TrinoNitroAggregationOperator@12,nitroBoundaryNativeEgressDictionaryChannelPositions,0
[WARNING] [stderr] 2026-08-09T00:49:29.020-0600	INFO	ForkJoinPool-1-worker-1	stdout	operator_metric,nitro,2/TrinoNitroAggregationOperator@12,nitroAggregationStatePreparationNanos,5581037
[WARNING] [stderr] 2026-08-09T00:49:29.020-0600	INFO	ForkJoinPool-1-worker-1	stdout	operator_metric,nitro,2/TrinoNitroAggregationOperator@12,nitroBoundaryPageEgressRunLengthChannelPositions,0
[WARNING] [stderr] 2026-08-09T00:49:29.020-0600	INFO	ForkJoinPool-1-worker-1	stdout	operator_metric,nitro,2/TrinoNitroAggregationOperator@12,nitroAggregationInitialKeyNanos,0
[WARNING] [stderr] 2026-08-09T00:49:29.020-0600	INFO	ForkJoinPool-1-worker-1	stdout	operator_metric,nitro,2/TrinoNitroAggregationOperator@12,nitroAggregationAccumulationNanos,84515279
[WARNING] [stderr] 2026-08-09T00:49:29.020-0600	INFO	ForkJoinPool-1-worker-1	stdout	operator_metric,nitro,2/TrinoNitroAggregationOperator@12,nitroBoundaryPageEgressBytes,37989
[WARNING] [stderr] 2026-08-09T00:49:29.020-0600	INFO	ForkJoinPool-1-worker-1	stdout	operator_metric,nitro,2/TrinoNitroHashJoinOperator@7,nitroBoundaryPageEgressPages,1895
[WARNING] [stderr] 2026-08-09T00:49:29.020-0600	INFO	ForkJoinPool-1-worker-1	stdout	operator_metric,nitro,2/TrinoNitroHashJoinOperator@7,nitroBoundaryPageIngressFlatChannelPositions,33109560
[WARNING] [stderr] 2026-08-09T00:49:29.020-0600	INFO	ForkJoinPool-1-worker-1	stdout	operator_metric,nitro,2/TrinoNitroHashJoinOperator@7,nitroBoundaryPageEgressRunLengthChannelPositions,0
[WARNING] [stderr] 2026-08-09T00:49:29.020-0600	INFO	ForkJoinPool-1-worker-1	stdout	operator_metric,nitro,2/TrinoNitroHashJoinOperator@7,nitroBoundaryNativeEgressFlatChannelPositions,33109560
[WARNING] [stderr] 2026-08-09T00:49:29.020-0600	INFO	ForkJoinPool-1-worker-1	stdout	operator_metric,nitro,2/TrinoNitroHashJoinOperator@7,nitroBoundaryNativeEgressRunLengthChannelPositions,0
[WARNING] [stderr] 2026-08-09T00:49:29.020-0600	INFO	ForkJoinPool-1-worker-1	stdout	operator_metric,nitro,2/TrinoNitroHashJoinOperator@7,nitroBoundaryPageEgressDictionaryChannelPositions,16554780
[WARNING] [stderr] 2026-08-09T00:49:29.020-0600	INFO	ForkJoinPool-1-worker-1	stdout	operator_metric,nitro,2/TrinoNitroHashJoinOperator@7,nitroBoundaryPageEgressBytes,2037819871
[WARNING] [stderr] 2026-08-09T00:49:29.020-0600	INFO	ForkJoinPool-1-worker-1	stdout	operator_metric,nitro,2/TrinoNitroHashJoinOperator@7,nitroBoundaryPageIngressPages,476
[WARNING] [stderr] 2026-08-09T00:49:29.020-0600	INFO	ForkJoinPool-1-worker-1	stdout	operator_metric,nitro,2/TrinoNitroHashJoinOperator@7,nitroBoundaryPageIngressPositions,16554780
[WARNING] [stderr] 2026-08-09T00:49:29.020-0600	INFO	ForkJoinPool-1-worker-1	stdout	operator_metric,nitro,2/TrinoNitroHashJoinOperator@7,nitroBoundaryPageIngressRunLengthChannelPositions,0
[WARNING] [stderr] 2026-08-09T00:49:29.020-0600	INFO	ForkJoinPool-1-worker-1	stdout	operator_metric,nitro,2/TrinoNitroHashJoinOperator@7,nitroBoundaryNativeEgressDictionaryChannelPositions,16554780
[WARNING] [stderr] 2026-08-09T00:49:29.020-0600	INFO	ForkJoinPool-1-worker-1	stdout	operator_metric,nitro,2/TrinoNitroHashJoinOperator@7,nitroBoundaryPageEgressFlatChannelPositions,33109560
[WARNING] [stderr] 2026-08-09T00:49:29.020-0600	INFO	ForkJoinPool-1-worker-1	stdout	operator_metric,nitro,2/TrinoNitroHashJoinOperator@7,nitroBoundaryPageEgressPositions,16554780
[WARNING] [stderr] 2026-08-09T00:49:29.020-0600	INFO	ForkJoinPool-1-worker-1	stdout	operator_metric,nitro,2/TrinoNitroHashJoinOperator@7,nitroBoundaryPageIngressBytes,231766920
[WARNING] [stderr] 2026-08-09T00:49:29.020-0600	INFO	ForkJoinPool-1-worker-1	stdout	operator_metric,nitro,2/TrinoNitroHashJoinOperator@7,nitroBoundaryPageIngressDictionaryChannelPositions,0
[WARNING] [stderr] 2026-08-09T00:49:29.020-0600	INFO	ForkJoinPool-1-worker-1	stdout	operator_metric,nitro,2/TrinoNitroAggregationOperator@2042,nitroAggregationOutputNanos,83732
[WARNING] [stderr] 2026-08-09T00:49:29.020-0600	INFO	ForkJoinPool-1-worker-1	stdout	operator_metric,nitro,2/TrinoNitroAggregationOperator@2042,nitroAggregationPipelineNanos,0
[WARNING] [stderr] 2026-08-09T00:49:29.020-0600	INFO	ForkJoinPool-1-worker-1	stdout	operator_metric,nitro,2/TrinoNitroAggregationOperator@2042,nitroAggregationGroupingNanos,0
[WARNING] [stderr] 2026-08-09T00:49:29.020-0600	INFO	ForkJoinPool-1-worker-1	stdout	operator_metric,nitro,2/TrinoNitroAggregationOperator@2042,nitroAggregationAccumulationNanos,0
[WARNING] [stderr] 2026-08-09T00:49:29.020-0600	INFO	ForkJoinPool-1-worker-1	stdout	operator_metric,nitro,2/TrinoNitroAggregationOperator@2042,nitroBoundaryNativeEgressDictionaryChannelPositions,0
[WARNING] [stderr] 2026-08-09T00:49:29.020-0600	INFO	ForkJoinPool-1-worker-1	stdout	operator_metric,nitro,2/TrinoNitroAggregationOperator@2042,nitroAggregationFusedNanos,0
[WARNING] [stderr] 2026-08-09T00:49:29.020-0600	INFO	ForkJoinPool-1-worker-1	stdout	operator_metric,nitro,2/TrinoNitroAggregationOperator@2042,nitroBoundaryPageEgressBytes,36981
[WARNING] [stderr] 2026-08-09T00:49:29.020-0600	INFO	ForkJoinPool-1-worker-1	stdout	operator_metric,nitro,2/TrinoNitroAggregationOperator@2042,nitroAggregationFlushNanos,0
[WARNING] [stderr] 2026-08-09T00:49:29.020-0600	INFO	ForkJoinPool-1-worker-1	stdout	operator_metric,nitro,2/TrinoNitroAggregationOperator@2042,nitroBoundaryPageEgressPositions,4109
[WARNING] [stderr] 2026-08-09T00:49:29.020-0600	INFO	ForkJoinPool-1-worker-1	stdout	operator_metric,nitro,2/TrinoNitroAggregationOperator@2042,nitroBoundaryPageIngressBytes,37989
[WARNING] [stderr] 2026-08-09T00:49:29.020-0600	INFO	ForkJoinPool-1-worker-1	stdout	operator_metric,nitro,2/TrinoNitroAggregationOperator@2042,nitroBoundaryPageIngressPositions,4221
[WARNING] [stderr] 2026-08-09T00:49:29.020-0600	INFO	ForkJoinPool-1-worker-1	stdout	operator_metric,nitro,2/TrinoNitroAggregationOperator@2042,nitroBoundaryPageIngressDictionaryChannelPositions,0
[WARNING] [stderr] 2026-08-09T00:49:29.020-0600	INFO	ForkJoinPool-1-worker-1	stdout	operator_metric,nitro,2/TrinoNitroAggregationOperator@2042,nitroAggregationInputNanos,3742995
[WARNING] [stderr] 2026-08-09T00:49:29.020-0600	INFO	ForkJoinPool-1-worker-1	stdout	operator_metric,nitro,2/TrinoNitroAggregationOperator@2042,nitroBoundaryPageEgressDictionaryChannelPositions,0
[WARNING] [stderr] 2026-08-09T00:49:29.020-0600	INFO	ForkJoinPool-1-worker-1	stdout	operator_metric,nitro,2/TrinoNitroAggregationOperator@2042,nitroAggregationInitialAggregationNanos,0
[WARNING] [stderr] 2026-08-09T00:49:29.020-0600	INFO	ForkJoinPool-1-worker-1	stdout	operator_metric,nitro,2/TrinoNitroAggregationOperator@2042,nitroBoundaryPageEgressRunLengthChannelPositions,0
[WARNING] [stderr] 2026-08-09T00:49:29.020-0600	INFO	ForkJoinPool-1-worker-1	stdout	operator_metric,nitro,2/TrinoNitroAggregationOperator@2042,nitroBoundaryPageIngressRunLengthChannelPositions,0
[WARNING] [stderr] 2026-08-09T00:49:29.020-0600	INFO	ForkJoinPool-1-worker-1	stdout	operator_metric,nitro,2/TrinoNitroAggregationOperator@2042,nitroAggregationInitialFlatKeyNanos,0
[WARNING] [stderr] 2026-08-09T00:49:29.020-0600	INFO	ForkJoinPool-1-worker-1	stdout	operator_metric,nitro,2/TrinoNitroAggregationOperator@2042,nitroBoundaryNativeEgressFlatChannelPositions,4109
[WARNING] [stderr] 2026-08-09T00:49:29.020-0600	INFO	ForkJoinPool-1-worker-1	stdout	operator_metric,nitro,2/TrinoNitroAggregationOperator@2042,nitroAggregationStatePreparationNanos,0
[WARNING] [stderr] 2026-08-09T00:49:29.020-0600	INFO	ForkJoinPool-1-worker-1	stdout	operator_metric,nitro,2/TrinoNitroAggregationOperator@2042,nitroBoundaryNativeEgressRunLengthChannelPositions,0
[WARNING] [stderr] 2026-08-09T00:49:29.020-0600	INFO	ForkJoinPool-1-worker-1	stdout	operator_metric,nitro,2/TrinoNitroAggregationOperator@2042,nitroBoundaryPageIngressFlatChannelPositions,4221
[WARNING] [stderr] 2026-08-09T00:49:29.020-0600	INFO	ForkJoinPool-1-worker-1	stdout	operator_metric,nitro,2/TrinoNitroAggregationOperator@2042,nitroBoundaryPageEgressFlatChannelPositions,4109
[WARNING] [stderr] 2026-08-09T00:49:29.020-0600	INFO	ForkJoinPool-1-worker-1	stdout	operator_metric,nitro,2/TrinoNitroAggregationOperator@2042,nitroBoundaryPageEgressPages,481
[WARNING] [stderr] 2026-08-09T00:49:29.020-0600	INFO	ForkJoinPool-1-worker-1	stdout	operator_metric,nitro,2/TrinoNitroAggregationOperator@2042,nitroBoundaryPageIngressPages,485
[WARNING] [stderr] 2026-08-09T00:49:29.020-0600	INFO	ForkJoinPool-1-worker-1	stdout	operator_metric,nitro,2/TrinoNitroAggregationOperator@2042,nitroAggregationInitialKeyNanos,0
[WARNING] [stderr] 2026-08-09T00:49:29.020-0600	INFO	ForkJoinPool-1-worker-1	stdout	operator_metric,nitro,2/TrinoNitroAggregationOperator@2042,nitroAggregationInitialEncodedKeyNanos,0
[WARNING] [stderr] 2026-08-09T00:49:29.020-0600	INFO	ForkJoinPool-1-worker-1	stdout	operator_metric,nitro,2/TrinoNitroAggregationOperator@6067,nitroAggregationInitialAggregationNanos,14617174
[WARNING] [stderr] 2026-08-09T00:49:29.020-0600	INFO	ForkJoinPool-1-worker-1	stdout	operator_metric,nitro,2/TrinoNitroAggregationOperator@6067,nitroBoundaryPageIngressFlatChannelPositions,33109560
[WARNING] [stderr] 2026-08-09T00:49:29.020-0600	INFO	ForkJoinPool-1-worker-1	stdout	operator_metric,nitro,2/TrinoNitroAggregationOperator@6067,nitroAggregationGroupingNanos,419271927
[WARNING] [stderr] 2026-08-09T00:49:29.020-0600	INFO	ForkJoinPool-1-worker-1	stdout	operator_metric,nitro,2/TrinoNitroAggregationOperator@6067,nitroBoundaryNativeExchangeBatches,1791
[WARNING] [stderr] 2026-08-09T00:49:29.020-0600	INFO	ForkJoinPool-1-worker-1	stdout	operator_metric,nitro,2/TrinoNitroAggregationOperator@6067,nitroAggregationInitialEncodedKeyNanos,1181962172
[WARNING] [stderr] 2026-08-09T00:49:29.020-0600	INFO	ForkJoinPool-1-worker-1	stdout	operator_metric,nitro,2/TrinoNitroAggregationOperator@6067,nitroAggregationFusedNanos,0
[WARNING] [stderr] 2026-08-09T00:49:29.020-0600	INFO	ForkJoinPool-1-worker-1	stdout	operator_metric,nitro,2/TrinoNitroAggregationOperator@6067,nitroAggregationFlushNanos,89509
[WARNING] [stderr] 2026-08-09T00:49:29.020-0600	INFO	ForkJoinPool-1-worker-1	stdout	operator_metric,nitro,2/TrinoNitroAggregationOperator@6067,nitroBoundaryPageIngressDictionaryChannelPositions,16554780
[WARNING] [stderr] 2026-08-09T00:49:29.020-0600	INFO	ForkJoinPool-1-worker-1	stdout	operator_metric,nitro,2/TrinoNitroAggregationOperator@6067,nitroBoundaryNativeExchangePositions,16543629
[WARNING] [stderr] 2026-08-09T00:49:29.020-0600	INFO	ForkJoinPool-1-worker-1	stdout	operator_metric,nitro,2/TrinoNitroAggregationOperator@6067,nitroAggregationStatePreparationNanos,268159
[WARNING] [stderr] 2026-08-09T00:49:29.020-0600	INFO	ForkJoinPool-1-worker-1	stdout	operator_metric,nitro,2/TrinoNitroAggregationOperator@6067,nitroBoundaryPageIngressBytes,2037819871
[WARNING] [stderr] 2026-08-09T00:49:29.020-0600	INFO	ForkJoinPool-1-worker-1	stdout	operator_metric,nitro,2/TrinoNitroAggregationOperator@6067,nitroAggregationPipelineNanos,3093618
[WARNING] [stderr] 2026-08-09T00:49:29.020-0600	INFO	ForkJoinPool-1-worker-1	stdout	operator_metric,nitro,2/TrinoNitroAggregationOperator@6067,nitroAggregationOutputNanos,263231
[WARNING] [stderr] 2026-08-09T00:49:29.020-0600	INFO	ForkJoinPool-1-worker-1	stdout	operator_metric,nitro,2/TrinoNitroAggregationOperator@6067,nitroBoundaryNativeExchangeMaximumBatchBytes,31891997
[WARNING] [stderr] 2026-08-09T00:49:29.020-0600	INFO	ForkJoinPool-1-worker-1	stdout	operator_metric,nitro,2/TrinoNitroAggregationOperator@6067,nitroBoundaryNativeExchangeBytes,970224484
[WARNING] [stderr] 2026-08-09T00:49:29.020-0600	INFO	ForkJoinPool-1-worker-1	stdout	operator_metric,nitro,2/TrinoNitroAggregationOperator@6067,nitroBoundaryPageIngressPositions,16554780
[WARNING] [stderr] 2026-08-09T00:49:29.020-0600	INFO	ForkJoinPool-1-worker-1	stdout	operator_metric,nitro,2/TrinoNitroAggregationOperator@6067,nitroAggregationInitialFlatKeyNanos,26201510
[WARNING] [stderr] 2026-08-09T00:49:29.020-0600	INFO	ForkJoinPool-1-worker-1	stdout	operator_metric,nitro,2/TrinoNitroAggregationOperator@6067,nitroAggregationAccumulationNanos,3650225
[WARNING] [stderr] 2026-08-09T00:49:29.020-0600	INFO	ForkJoinPool-1-worker-1	stdout	operator_metric,nitro,2/TrinoNitroAggregationOperator@6067,nitroBoundaryPageIngressRunLengthChannelPositions,0
[WARNING] [stderr] 2026-08-09T00:49:29.020-0600	INFO	ForkJoinPool-1-worker-1	stdout	operator_metric,nitro,2/TrinoNitroAggregationOperator@6067,nitroAggregationInitialKeyNanos,1208163682
[WARNING] [stderr] 2026-08-09T00:49:29.020-0600	INFO	ForkJoinPool-1-worker-1	stdout	operator_metric,nitro,2/TrinoNitroAggregationOperator@6067,nitroBoundaryPageIngressPages,1895
[WARNING] [stderr] 2026-08-09T00:49:29.020-0600	INFO	ForkJoinPool-1-worker-1	stdout	operator_metric,nitro,2/TrinoNitroAggregationOperator@6067,nitroAggregationInputNanos,1688246151
[WARNING] [stderr] 2026-08-09T00:49:29.020-0600	INFO	ForkJoinPool-1-worker-1	stdout	operator_metric,nitro,10/TrinoNitroPipelineSourceOperator@5052,nitroAllocatorAllocatedBytes,662422793
[WARNING] [stderr] 2026-08-09T00:49:29.020-0600	INFO	ForkJoinPool-1-worker-1	stdout	operator_metric,nitro,10/TrinoNitroPipelineSourceOperator@5052,nitroBoundaryNativeExchangeMaximumBatchBytes,2743026
[WARNING] [stderr] 2026-08-09T00:49:29.020-0600	INFO	ForkJoinPool-1-worker-1	stdout	operator_metric,nitro,10/TrinoNitroPipelineSourceOperator@5052,nitroAllocatorAllocatedVectorBytes,662422793
[WARNING] [stderr] 2026-08-09T00:49:29.020-0600	INFO	ForkJoinPool-1-worker-1	stdout	operator_metric,nitro,10/TrinoNitroPipelineSourceOperator@5052,nitroAllocatorAllocatedVectorBytes.I32Vector,115203964
[WARNING] [stderr] 2026-08-09T00:49:29.020-0600	INFO	ForkJoinPool-1-worker-1	stdout	operator_metric,nitro,10/TrinoNitroPipelineSourceOperator@5052,nitroAllocatorAllocatedVectorBytes.BooleanVector,86402973
[WARNING] [stderr] 2026-08-09T00:49:29.020-0600	INFO	ForkJoinPool-1-worker-1	stdout	operator_metric,nitro,10/TrinoNitroPipelineSourceOperator@5052,nitroAllocatorAllocatedVectorBytes.I64Vector,460815856
[WARNING] [stderr] 2026-08-09T00:49:29.020-0600	INFO	ForkJoinPool-1-worker-1	stdout	operator_metric,nitro,10/TrinoNitroPipelineSourceOperator@5052,nitroBoundaryNativeExchangeBytes,662422793
[WARNING] [stderr] 2026-08-09T00:49:29.020-0600	INFO	ForkJoinPool-1-worker-1	stdout	operator_metric,nitro,10/TrinoNitroPipelineSourceOperator@5052,nitroBoundaryNativeExchangePositions,28800991
[WARNING] [stderr] 2026-08-09T00:49:29.020-0600	INFO	ForkJoinPool-1-worker-1	stdout	operator_metric,nitro,10/TrinoNitroPipelineSourceOperator@5052,nitroBoundaryNativeExchangeBatches,2888
[WARNING] [stderr] 2026-08-09T00:49:29.020-0600	INFO	ForkJoinPool-1-worker-1	stdout	operator_metric,nitro,10/TrinoNitroPipelineSourceOperator@5052,nitroAllocatorAllocatedBytes.NitroParquetBatchSource,662422793
[WARNING] [stderr] 2026-08-09T00:49:29.020-0600	INFO	ForkJoinPool-1-worker-1	stdout	operator_metric,nitro,10/TrinoNitroPipelineSourceOperator@5052,nitroAllocatorAllocatedBytes.trino-native-source-ingress,0
[WARNING] [stderr] 2026-08-09T00:49:29.020-0600	INFO	ForkJoinPool-1-worker-1	stdout	operator_metric,nitro,11/TrinoNitroPipelineSourceOperator@29,nitroBoundaryNativeExchangePositions,500000
[WARNING] [stderr] 2026-08-09T00:49:29.020-0600	INFO	ForkJoinPool-1-worker-1	stdout	operator_metric,nitro,11/TrinoNitroPipelineSourceOperator@29,nitroAllocatorAllocatedVectorBytes.I64Vector,4000000
[WARNING] [stderr] 2026-08-09T00:49:29.020-0600	INFO	ForkJoinPool-1-worker-1	stdout	operator_metric,nitro,11/TrinoNitroPipelineSourceOperator@29,nitroBoundaryNativeExchangeBytes,4500000
[WARNING] [stderr] 2026-08-09T00:49:29.020-0600	INFO	ForkJoinPool-1-worker-1	stdout	operator_metric,nitro,11/TrinoNitroPipelineSourceOperator@29,nitroBoundaryNativeExchangeBatches,50
[WARNING] [stderr] 2026-08-09T00:49:29.020-0600	INFO	ForkJoinPool-1-worker-1	stdout	operator_metric,nitro,11/TrinoNitroPipelineSourceOperator@29,nitroAllocatorAllocatedVectorBytes,4500000
[WARNING] [stderr] 2026-08-09T00:49:29.020-0600	INFO	ForkJoinPool-1-worker-1	stdout	operator_metric,nitro,11/TrinoNitroPipelineSourceOperator@29,nitroAllocatorAllocatedVectorBytes.BooleanVector,500000
[WARNING] [stderr] 2026-08-09T00:49:29.020-0600	INFO	ForkJoinPool-1-worker-1	stdout	operator_metric,nitro,11/TrinoNitroPipelineSourceOperator@29,nitroBoundaryNativeExchangeMaximumBatchBytes,90000
[WARNING] [stderr] 2026-08-09T00:49:29.020-0600	INFO	ForkJoinPool-1-worker-1	stdout	operator_metric,nitro,11/TrinoNitroPipelineSourceOperator@29,nitroAllocatorAllocatedBytes.trino-native-source-ingress,0
[WARNING] [stderr] 2026-08-09T00:49:29.020-0600	INFO	ForkJoinPool-1-worker-1	stdout	operator_metric,nitro,11/TrinoNitroPipelineSourceOperator@29,nitroAllocatorAllocatedBytes,4500000
[WARNING] [stderr] 2026-08-09T00:49:29.020-0600	INFO	ForkJoinPool-1-worker-1	stdout	operator_metric,nitro,11/TrinoNitroPipelineSourceOperator@29,nitroAllocatorAllocatedBytes.NitroParquetBatchSource,4500000
[WARNING] [stderr] 2026-08-09T00:49:29.020-0600	INFO	ForkJoinPool-1-worker-1	stdout	operator_metric,nitro,12/TrinoNitroAggregationOperator@53,nitroAggregationOutputNanos,16170
[WARNING] [stderr] 2026-08-09T00:49:29.020-0600	INFO	ForkJoinPool-1-worker-1	stdout	operator_metric,nitro,12/TrinoNitroAggregationOperator@53,nitroAggregationPipelineNanos,0
[WARNING] [stderr] 2026-08-09T00:49:29.020-0600	INFO	ForkJoinPool-1-worker-1	stdout	operator_metric,nitro,12/TrinoNitroAggregationOperator@53,nitroAggregationGroupingNanos,0
[WARNING] [stderr] 2026-08-09T00:49:29.020-0600	INFO	ForkJoinPool-1-worker-1	stdout	operator_metric,nitro,12/TrinoNitroAggregationOperator@53,nitroAggregationAccumulationNanos,0
[WARNING] [stderr] 2026-08-09T00:49:29.020-0600	INFO	ForkJoinPool-1-worker-1	stdout	operator_metric,nitro,12/TrinoNitroAggregationOperator@53,nitroBoundaryPageEgressBytes,17
[WARNING] [stderr] 2026-08-09T00:49:29.020-0600	INFO	ForkJoinPool-1-worker-1	stdout	operator_metric,nitro,12/TrinoNitroAggregationOperator@53,nitroBoundaryNativeEgressDictionaryChannelPositions,0
[WARNING] [stderr] 2026-08-09T00:49:29.020-0600	INFO	ForkJoinPool-1-worker-1	stdout	operator_metric,nitro,12/TrinoNitroAggregationOperator@53,nitroAggregationFusedNanos,0
[WARNING] [stderr] 2026-08-09T00:49:29.020-0600	INFO	ForkJoinPool-1-worker-1	stdout	operator_metric,nitro,12/TrinoNitroAggregationOperator@53,nitroAggregationFlushNanos,0
[WARNING] [stderr] 2026-08-09T00:49:29.020-0600	INFO	ForkJoinPool-1-worker-1	stdout	operator_metric,nitro,12/TrinoNitroAggregationOperator@53,nitroBoundaryPageEgressPositions,1
[WARNING] [stderr] 2026-08-09T00:49:29.020-0600	INFO	ForkJoinPool-1-worker-1	stdout	operator_metric,nitro,12/TrinoNitroAggregationOperator@53,nitroBoundaryPageIngressBytes,34
[WARNING] [stderr] 2026-08-09T00:49:29.020-0600	INFO	ForkJoinPool-1-worker-1	stdout	operator_metric,nitro,12/TrinoNitroAggregationOperator@53,nitroBoundaryPageIngressPositions,2
[WARNING] [stderr] 2026-08-09T00:49:29.020-0600	INFO	ForkJoinPool-1-worker-1	stdout	operator_metric,nitro,12/TrinoNitroAggregationOperator@53,nitroBoundaryPageIngressDictionaryChannelPositions,0
[WARNING] [stderr] 2026-08-09T00:49:29.020-0600	INFO	ForkJoinPool-1-worker-1	stdout	operator_metric,nitro,12/TrinoNitroAggregationOperator@53,nitroBoundaryPageEgressDictionaryChannelPositions,0
[WARNING] [stderr] 2026-08-09T00:49:29.020-0600	INFO	ForkJoinPool-1-worker-1	stdout	operator_metric,nitro,12/TrinoNitroAggregationOperator@53,nitroAggregationInputNanos,18165
[WARNING] [stderr] 2026-08-09T00:49:29.020-0600	INFO	ForkJoinPool-1-worker-1	stdout	operator_metric,nitro,12/TrinoNitroAggregationOperator@53,nitroAggregationInitialAggregationNanos,0
[WARNING] [stderr] 2026-08-09T00:49:29.020-0600	INFO	ForkJoinPool-1-worker-1	stdout	operator_metric,nitro,12/TrinoNitroAggregationOperator@53,nitroBoundaryPageEgressRunLengthChannelPositions,0
[WARNING] [stderr] 2026-08-09T00:49:29.020-0600	INFO	ForkJoinPool-1-worker-1	stdout	operator_metric,nitro,12/TrinoNitroAggregationOperator@53,nitroBoundaryPageIngressRunLengthChannelPositions,0
[WARNING] [stderr] 2026-08-09T00:49:29.020-0600	INFO	ForkJoinPool-1-worker-1	stdout	operator_metric,nitro,12/TrinoNitroAggregationOperator@53,nitroAggregationInitialFlatKeyNanos,0
[WARNING] [stderr] 2026-08-09T00:49:29.020-0600	INFO	ForkJoinPool-1-worker-1	stdout	operator_metric,nitro,12/TrinoNitroAggregationOperator@53,nitroBoundaryNativeEgressRunLengthChannelPositions,0
[WARNING] [stderr] 2026-08-09T00:49:29.020-0600	INFO	ForkJoinPool-1-worker-1	stdout	operator_metric,nitro,12/TrinoNitroAggregationOperator@53,nitroAggregationStatePreparationNanos,0
[WARNING] [stderr] 2026-08-09T00:49:29.020-0600	INFO	ForkJoinPool-1-worker-1	stdout	operator_metric,nitro,12/TrinoNitroAggregationOperator@53,nitroBoundaryNativeEgressFlatChannelPositions,1
[WARNING] [stderr] 2026-08-09T00:49:29.020-0600	INFO	ForkJoinPool-1-worker-1	stdout	operator_metric,nitro,12/TrinoNitroAggregationOperator@53,nitroBoundaryPageIngressFlatChannelPositions,2
[WARNING] [stderr] 2026-08-09T00:49:29.020-0600	INFO	ForkJoinPool-1-worker-1	stdout	operator_metric,nitro,12/TrinoNitroAggregationOperator@53,nitroBoundaryPageEgressFlatChannelPositions,1
[WARNING] [stderr] 2026-08-09T00:49:29.020-0600	INFO	ForkJoinPool-1-worker-1	stdout	operator_metric,nitro,12/TrinoNitroAggregationOperator@53,nitroBoundaryPageEgressPages,1
[WARNING] [stderr] 2026-08-09T00:49:29.020-0600	INFO	ForkJoinPool-1-worker-1	stdout	operator_metric,nitro,12/TrinoNitroAggregationOperator@53,nitroBoundaryPageIngressPages,2
[WARNING] [stderr] 2026-08-09T00:49:29.020-0600	INFO	ForkJoinPool-1-worker-1	stdout	operator_metric,nitro,12/TrinoNitroAggregationOperator@53,nitroAggregationInitialKeyNanos,0
[WARNING] [stderr] 2026-08-09T00:49:29.020-0600	INFO	ForkJoinPool-1-worker-1	stdout	operator_metric,nitro,12/TrinoNitroAggregationOperator@53,nitroAggregationInitialEncodedKeyNanos,0
[WARNING] [stderr] 2026-08-09T00:49:29.020-0600	INFO	ForkJoinPool-1-worker-1	stdout	operator_metric,nitro,20/TrinoNitroHashJoinOperator@1591,nitroBoundaryPageIngressRunLengthChannelPositions,0
[WARNING] [stderr] 2026-08-09T00:49:29.020-0600	INFO	ForkJoinPool-1-worker-1	stdout	operator_metric,nitro,20/TrinoNitroHashJoinOperator@1591,nitroBoundaryNativeExchangePositions,3317
[WARNING] [stderr] 2026-08-09T00:49:29.020-0600	INFO	ForkJoinPool-1-worker-1	stdout	operator_metric,nitro,20/TrinoNitroHashJoinOperator@1591,nitroBoundaryNativeExchangeBytes,68346
[WARNING] [stderr] 2026-08-09T00:49:29.020-0600	INFO	ForkJoinPool-1-worker-1	stdout	operator_metric,nitro,20/TrinoNitroHashJoinOperator@1591,nitroBoundaryNativeExchangeBatches,4
[WARNING] [stderr] 2026-08-09T00:49:29.020-0600	INFO	ForkJoinPool-1-worker-1	stdout	operator_metric,nitro,20/TrinoNitroHashJoinOperator@1591,nitroBoundaryPageIngressFlatChannelPositions,256388
[WARNING] [stderr] 2026-08-09T00:49:29.020-0600	INFO	ForkJoinPool-1-worker-1	stdout	operator_metric,nitro,20/TrinoNitroHashJoinOperator@1591,nitroBoundaryNativeExchangeMaximumBatchBytes,40976
[WARNING] [stderr] 2026-08-09T00:49:29.020-0600	INFO	ForkJoinPool-1-worker-1	stdout	operator_metric,nitro,20/TrinoNitroHashJoinOperator@1591,nitroBoundaryPageIngressPositions,64097
[WARNING] [stderr] 2026-08-09T00:49:29.020-0600	INFO	ForkJoinPool-1-worker-1	stdout	operator_metric,nitro,20/TrinoNitroHashJoinOperator@1591,nitroBoundaryPageIngressPages,4
[WARNING] [stderr] 2026-08-09T00:49:29.020-0600	INFO	ForkJoinPool-1-worker-1	stdout	operator_metric,nitro,20/TrinoNitroHashJoinOperator@1591,nitroBoundaryPageIngressBytes,2051104
[WARNING] [stderr] 2026-08-09T00:49:29.020-0600	INFO	ForkJoinPool-1-worker-1	stdout	operator_metric,nitro,20/TrinoNitroHashJoinOperator@1591,nitroBoundaryPageIngressDictionaryChannelPositions,0
[WARNING] [stderr] 2026-08-09T00:49:29.020-0600	INFO	ForkJoinPool-1-worker-1	stdout	operator_metric,nitro,20/TrinoNitroAggregationOperator@96,nitroAggregationInitialEncodedKeyNanos,0
[WARNING] [stderr] 2026-08-09T00:49:29.020-0600	INFO	ForkJoinPool-1-worker-1	stdout	operator_metric,nitro,20/TrinoNitroAggregationOperator@96,nitroAggregationFusedNanos,0
[WARNING] [stderr] 2026-08-09T00:49:29.020-0600	INFO	ForkJoinPool-1-worker-1	stdout	operator_metric,nitro,20/TrinoNitroAggregationOperator@96,nitroBoundaryPageEgressFlatChannelPositions,4221
[WARNING] [stderr] 2026-08-09T00:49:29.020-0600	INFO	ForkJoinPool-1-worker-1	stdout	operator_metric,nitro,20/TrinoNitroAggregationOperator@96,nitroAggregationPipelineNanos,0
[WARNING] [stderr] 2026-08-09T00:49:29.020-0600	INFO	ForkJoinPool-1-worker-1	stdout	operator_metric,nitro,20/TrinoNitroAggregationOperator@96,nitroBoundaryPageEgressDictionaryChannelPositions,0
[WARNING] [stderr] 2026-08-09T00:49:29.020-0600	INFO	ForkJoinPool-1-worker-1	stdout	operator_metric,nitro,20/TrinoNitroAggregationOperator@96,nitroAggregationGroupingNanos,4531262367
[WARNING] [stderr] 2026-08-09T00:49:29.020-0600	INFO	ForkJoinPool-1-worker-1	stdout	operator_metric,nitro,20/TrinoNitroAggregationOperator@96,nitroBoundaryNativeEgressRunLengthChannelPositions,0
[WARNING] [stderr] 2026-08-09T00:49:29.020-0600	INFO	ForkJoinPool-1-worker-1	stdout	operator_metric,nitro,20/TrinoNitroAggregationOperator@96,nitroAggregationOutputNanos,176779
[WARNING] [stderr] 2026-08-09T00:49:29.020-0600	INFO	ForkJoinPool-1-worker-1	stdout	operator_metric,nitro,20/TrinoNitroAggregationOperator@96,nitroBoundaryPageEgressPositions,4221
[WARNING] [stderr] 2026-08-09T00:49:29.020-0600	INFO	ForkJoinPool-1-worker-1	stdout	operator_metric,nitro,20/TrinoNitroAggregationOperator@96,nitroAggregationInputNanos,4619864048
[WARNING] [stderr] 2026-08-09T00:49:29.020-0600	INFO	ForkJoinPool-1-worker-1	stdout	operator_metric,nitro,20/TrinoNitroAggregationOperator@96,nitroAggregationInitialAggregationNanos,0
[WARNING] [stderr] 2026-08-09T00:49:29.020-0600	INFO	ForkJoinPool-1-worker-1	stdout	operator_metric,nitro,20/TrinoNitroAggregationOperator@96,nitroAggregationFlushNanos,0
[WARNING] [stderr] 2026-08-09T00:49:29.020-0600	INFO	ForkJoinPool-1-worker-1	stdout	operator_metric,nitro,20/TrinoNitroAggregationOperator@96,nitroBoundaryPageEgressPages,496
[WARNING] [stderr] 2026-08-09T00:49:29.020-0600	INFO	ForkJoinPool-1-worker-1	stdout	operator_metric,nitro,20/TrinoNitroAggregationOperator@96,nitroAggregationInitialFlatKeyNanos,0
[WARNING] [stderr] 2026-08-09T00:49:29.020-0600	INFO	ForkJoinPool-1-worker-1	stdout	operator_metric,nitro,20/TrinoNitroAggregationOperator@96,nitroBoundaryNativeEgressFlatChannelPositions,4221
[WARNING] [stderr] 2026-08-09T00:49:29.020-0600	INFO	ForkJoinPool-1-worker-1	stdout	operator_metric,nitro,20/TrinoNitroAggregationOperator@96,nitroBoundaryNativeEgressDictionaryChannelPositions,0
[WARNING] [stderr] 2026-08-09T00:49:29.020-0600	INFO	ForkJoinPool-1-worker-1	stdout	operator_metric,nitro,20/TrinoNitroAggregationOperator@96,nitroAggregationStatePreparationNanos,3739376
[WARNING] [stderr] 2026-08-09T00:49:29.020-0600	INFO	ForkJoinPool-1-worker-1	stdout	operator_metric,nitro,20/TrinoNitroAggregationOperator@96,nitroBoundaryPageEgressRunLengthChannelPositions,0
[WARNING] [stderr] 2026-08-09T00:49:29.020-0600	INFO	ForkJoinPool-1-worker-1	stdout	operator_metric,nitro,20/TrinoNitroAggregationOperator@96,nitroAggregationInitialKeyNanos,0
[WARNING] [stderr] 2026-08-09T00:49:29.020-0600	INFO	ForkJoinPool-1-worker-1	stdout	operator_metric,nitro,20/TrinoNitroAggregationOperator@96,nitroAggregationAccumulationNanos,83675582
[WARNING] [stderr] 2026-08-09T00:49:29.020-0600	INFO	ForkJoinPool-1-worker-1	stdout	operator_metric,nitro,20/TrinoNitroAggregationOperator@96,nitroBoundaryPageEgressBytes,37989
[WARNING] [stderr] 2026-08-09T00:49:29.020-0600	INFO	ForkJoinPool-1-worker-1	stdout	operator_metric,nitro,20/TrinoNitroHashJoinOperator@91,nitroBoundaryPageEgressPages,1894
[WARNING] [stderr] 2026-08-09T00:49:29.020-0600	INFO	ForkJoinPool-1-worker-1	stdout	operator_metric,nitro,20/TrinoNitroHashJoinOperator@91,nitroBoundaryPageIngressFlatChannelPositions,33109560
[WARNING] [stderr] 2026-08-09T00:49:29.020-0600	INFO	ForkJoinPool-1-worker-1	stdout	operator_metric,nitro,20/TrinoNitroHashJoinOperator@91,nitroBoundaryPageEgressRunLengthChannelPositions,0
[WARNING] [stderr] 2026-08-09T00:49:29.020-0600	INFO	ForkJoinPool-1-worker-1	stdout	operator_metric,nitro,20/TrinoNitroHashJoinOperator@91,nitroBoundaryNativeEgressFlatChannelPositions,33109560
[WARNING] [stderr] 2026-08-09T00:49:29.020-0600	INFO	ForkJoinPool-1-worker-1	stdout	operator_metric,nitro,20/TrinoNitroHashJoinOperator@91,nitroBoundaryNativeEgressRunLengthChannelPositions,0
[WARNING] [stderr] 2026-08-09T00:49:29.020-0600	INFO	ForkJoinPool-1-worker-1	stdout	operator_metric,nitro,20/TrinoNitroHashJoinOperator@91,nitroBoundaryPageEgressDictionaryChannelPositions,16554780
[WARNING] [stderr] 2026-08-09T00:49:29.020-0600	INFO	ForkJoinPool-1-worker-1	stdout	operator_metric,nitro,20/TrinoNitroHashJoinOperator@91,nitroBoundaryPageEgressBytes,2037745240
[WARNING] [stderr] 2026-08-09T00:49:29.020-0600	INFO	ForkJoinPool-1-worker-1	stdout	operator_metric,nitro,20/TrinoNitroHashJoinOperator@91,nitroBoundaryPageIngressPages,476
[WARNING] [stderr] 2026-08-09T00:49:29.020-0600	INFO	ForkJoinPool-1-worker-1	stdout	operator_metric,nitro,20/TrinoNitroHashJoinOperator@91,nitroBoundaryPageIngressPositions,16554780
[WARNING] [stderr] 2026-08-09T00:49:29.020-0600	INFO	ForkJoinPool-1-worker-1	stdout	operator_metric,nitro,20/TrinoNitroHashJoinOperator@91,nitroBoundaryPageIngressRunLengthChannelPositions,0
[WARNING] [stderr] 2026-08-09T00:49:29.020-0600	INFO	ForkJoinPool-1-worker-1	stdout	operator_metric,nitro,20/TrinoNitroHashJoinOperator@91,nitroBoundaryNativeEgressDictionaryChannelPositions,16554780
[WARNING] [stderr] 2026-08-09T00:49:29.020-0600	INFO	ForkJoinPool-1-worker-1	stdout	operator_metric,nitro,20/TrinoNitroHashJoinOperator@91,nitroBoundaryPageEgressFlatChannelPositions,33109560
[WARNING] [stderr] 2026-08-09T00:49:29.020-0600	INFO	ForkJoinPool-1-worker-1	stdout	operator_metric,nitro,20/TrinoNitroHashJoinOperator@91,nitroBoundaryPageEgressPositions,16554780
[WARNING] [stderr] 2026-08-09T00:49:29.020-0600	INFO	ForkJoinPool-1-worker-1	stdout	operator_metric,nitro,20/TrinoNitroHashJoinOperator@91,nitroBoundaryPageIngressBytes,231766920
[WARNING] [stderr] 2026-08-09T00:49:29.020-0600	INFO	ForkJoinPool-1-worker-1	stdout	operator_metric,nitro,20/TrinoNitroHashJoinOperator@91,nitroBoundaryPageIngressDictionaryChannelPositions,0
[WARNING] [stderr] 2026-08-09T00:49:29.020-0600	INFO	ForkJoinPool-1-worker-1	stdout	operator_metric,nitro,20/TrinoNitroAggregationOperator@2054,nitroAggregationOutputNanos,86671
[WARNING] [stderr] 2026-08-09T00:49:29.020-0600	INFO	ForkJoinPool-1-worker-1	stdout	operator_metric,nitro,20/TrinoNitroAggregationOperator@2054,nitroAggregationPipelineNanos,0
[WARNING] [stderr] 2026-08-09T00:49:29.020-0600	INFO	ForkJoinPool-1-worker-1	stdout	operator_metric,nitro,20/TrinoNitroAggregationOperator@2054,nitroAggregationGroupingNanos,0
[WARNING] [stderr] 2026-08-09T00:49:29.020-0600	INFO	ForkJoinPool-1-worker-1	stdout	operator_metric,nitro,20/TrinoNitroAggregationOperator@2054,nitroAggregationAccumulationNanos,0
[WARNING] [stderr] 2026-08-09T00:49:29.020-0600	INFO	ForkJoinPool-1-worker-1	stdout	operator_metric,nitro,20/TrinoNitroAggregationOperator@2054,nitroBoundaryNativeEgressDictionaryChannelPositions,0
[WARNING] [stderr] 2026-08-09T00:49:29.020-0600	INFO	ForkJoinPool-1-worker-1	stdout	operator_metric,nitro,20/TrinoNitroAggregationOperator@2054,nitroAggregationFusedNanos,0
[WARNING] [stderr] 2026-08-09T00:49:29.020-0600	INFO	ForkJoinPool-1-worker-1	stdout	operator_metric,nitro,20/TrinoNitroAggregationOperator@2054,nitroBoundaryPageEgressBytes,36981
[WARNING] [stderr] 2026-08-09T00:49:29.020-0600	INFO	ForkJoinPool-1-worker-1	stdout	operator_metric,nitro,20/TrinoNitroAggregationOperator@2054,nitroAggregationFlushNanos,0
[WARNING] [stderr] 2026-08-09T00:49:29.020-0600	INFO	ForkJoinPool-1-worker-1	stdout	operator_metric,nitro,20/TrinoNitroAggregationOperator@2054,nitroBoundaryPageEgressPositions,4109
[WARNING] [stderr] 2026-08-09T00:49:29.020-0600	INFO	ForkJoinPool-1-worker-1	stdout	operator_metric,nitro,20/TrinoNitroAggregationOperator@2054,nitroBoundaryPageIngressBytes,37989
[WARNING] [stderr] 2026-08-09T00:49:29.020-0600	INFO	ForkJoinPool-1-worker-1	stdout	operator_metric,nitro,20/TrinoNitroAggregationOperator@2054,nitroBoundaryPageIngressPositions,4221
[WARNING] [stderr] 2026-08-09T00:49:29.020-0600	INFO	ForkJoinPool-1-worker-1	stdout	operator_metric,nitro,20/TrinoNitroAggregationOperator@2054,nitroBoundaryPageIngressDictionaryChannelPositions,0
[WARNING] [stderr] 2026-08-09T00:49:29.020-0600	INFO	ForkJoinPool-1-worker-1	stdout	operator_metric,nitro,20/TrinoNitroAggregationOperator@2054,nitroAggregationInputNanos,1899149
[WARNING] [stderr] 2026-08-09T00:49:29.020-0600	INFO	ForkJoinPool-1-worker-1	stdout	operator_metric,nitro,20/TrinoNitroAggregationOperator@2054,nitroBoundaryPageEgressDictionaryChannelPositions,0
[WARNING] [stderr] 2026-08-09T00:49:29.020-0600	INFO	ForkJoinPool-1-worker-1	stdout	operator_metric,nitro,20/TrinoNitroAggregationOperator@2054,nitroAggregationInitialAggregationNanos,0
[WARNING] [stderr] 2026-08-09T00:49:29.020-0600	INFO	ForkJoinPool-1-worker-1	stdout	operator_metric,nitro,20/TrinoNitroAggregationOperator@2054,nitroBoundaryPageEgressRunLengthChannelPositions,0
[WARNING] [stderr] 2026-08-09T00:49:29.020-0600	INFO	ForkJoinPool-1-worker-1	stdout	operator_metric,nitro,20/TrinoNitroAggregationOperator@2054,nitroBoundaryPageIngressRunLengthChannelPositions,0
[WARNING] [stderr] 2026-08-09T00:49:29.020-0600	INFO	ForkJoinPool-1-worker-1	stdout	operator_metric,nitro,20/TrinoNitroAggregationOperator@2054,nitroAggregationInitialFlatKeyNanos,0
[WARNING] [stderr] 2026-08-09T00:49:29.020-0600	INFO	ForkJoinPool-1-worker-1	stdout	operator_metric,nitro,20/TrinoNitroAggregationOperator@2054,nitroBoundaryNativeEgressFlatChannelPositions,4109
[WARNING] [stderr] 2026-08-09T00:49:29.020-0600	INFO	ForkJoinPool-1-worker-1	stdout	operator_metric,nitro,20/TrinoNitroAggregationOperator@2054,nitroAggregationStatePreparationNanos,0
[WARNING] [stderr] 2026-08-09T00:49:29.020-0600	INFO	ForkJoinPool-1-worker-1	stdout	operator_metric,nitro,20/TrinoNitroAggregationOperator@2054,nitroBoundaryNativeEgressRunLengthChannelPositions,0
[WARNING] [stderr] 2026-08-09T00:49:29.020-0600	INFO	ForkJoinPool-1-worker-1	stdout	operator_metric,nitro,20/TrinoNitroAggregationOperator@2054,nitroBoundaryPageIngressFlatChannelPositions,4221
[WARNING] [stderr] 2026-08-09T00:49:29.020-0600	INFO	ForkJoinPool-1-worker-1	stdout	operator_metric,nitro,20/TrinoNitroAggregationOperator@2054,nitroBoundaryPageEgressFlatChannelPositions,4109
[WARNING] [stderr] 2026-08-09T00:49:29.020-0600	INFO	ForkJoinPool-1-worker-1	stdout	operator_metric,nitro,20/TrinoNitroAggregationOperator@2054,nitroBoundaryPageEgressPages,492
[WARNING] [stderr] 2026-08-09T00:49:29.020-0600	INFO	ForkJoinPool-1-worker-1	stdout	operator_metric,nitro,20/TrinoNitroAggregationOperator@2054,nitroBoundaryPageIngressPages,496
[WARNING] [stderr] 2026-08-09T00:49:29.020-0600	INFO	ForkJoinPool-1-worker-1	stdout	operator_metric,nitro,20/TrinoNitroAggregationOperator@2054,nitroAggregationInitialKeyNanos,0
[WARNING] [stderr] 2026-08-09T00:49:29.020-0600	INFO	ForkJoinPool-1-worker-1	stdout	operator_metric,nitro,20/TrinoNitroAggregationOperator@2054,nitroAggregationInitialEncodedKeyNanos,0
[WARNING] [stderr] 2026-08-09T00:49:29.020-0600	INFO	ForkJoinPool-1-worker-1	stdout	operator_metric,nitro,20/TrinoNitroAggregationOperator@6125,nitroAggregationInitialAggregationNanos,9854437
[WARNING] [stderr] 2026-08-09T00:49:29.020-0600	INFO	ForkJoinPool-1-worker-1	stdout	operator_metric,nitro,20/TrinoNitroAggregationOperator@6125,nitroBoundaryPageIngressFlatChannelPositions,33109560
[WARNING] [stderr] 2026-08-09T00:49:29.020-0600	INFO	ForkJoinPool-1-worker-1	stdout	operator_metric,nitro,20/TrinoNitroAggregationOperator@6125,nitroAggregationGroupingNanos,303380933
[WARNING] [stderr] 2026-08-09T00:49:29.020-0600	INFO	ForkJoinPool-1-worker-1	stdout	operator_metric,nitro,20/TrinoNitroAggregationOperator@6125,nitroBoundaryNativeExchangeBatches,1790
[WARNING] [stderr] 2026-08-09T00:49:29.020-0600	INFO	ForkJoinPool-1-worker-1	stdout	operator_metric,nitro,20/TrinoNitroAggregationOperator@6125,nitroAggregationInitialEncodedKeyNanos,1363028862
[WARNING] [stderr] 2026-08-09T00:49:29.020-0600	INFO	ForkJoinPool-1-worker-1	stdout	operator_metric,nitro,20/TrinoNitroAggregationOperator@6125,nitroAggregationFusedNanos,0
[WARNING] [stderr] 2026-08-09T00:49:29.020-0600	INFO	ForkJoinPool-1-worker-1	stdout	operator_metric,nitro,20/TrinoNitroAggregationOperator@6125,nitroAggregationFlushNanos,99247
[WARNING] [stderr] 2026-08-09T00:49:29.020-0600	INFO	ForkJoinPool-1-worker-1	stdout	operator_metric,nitro,20/TrinoNitroAggregationOperator@6125,nitroBoundaryPageIngressDictionaryChannelPositions,16554780
[WARNING] [stderr] 2026-08-09T00:49:29.020-0600	INFO	ForkJoinPool-1-worker-1	stdout	operator_metric,nitro,20/TrinoNitroAggregationOperator@6125,nitroBoundaryNativeExchangePositions,16534931
[WARNING] [stderr] 2026-08-09T00:49:29.020-0600	INFO	ForkJoinPool-1-worker-1	stdout	operator_metric,nitro,20/TrinoNitroAggregationOperator@6125,nitroAggregationStatePreparationNanos,278590
[WARNING] [stderr] 2026-08-09T00:49:29.020-0600	INFO	ForkJoinPool-1-worker-1	stdout	operator_metric,nitro,20/TrinoNitroAggregationOperator@6125,nitroBoundaryPageIngressBytes,2037745240
[WARNING] [stderr] 2026-08-09T00:49:29.020-0600	INFO	ForkJoinPool-1-worker-1	stdout	operator_metric,nitro,20/TrinoNitroAggregationOperator@6125,nitroAggregationPipelineNanos,2861699
[WARNING] [stderr] 2026-08-09T00:49:29.020-0600	INFO	ForkJoinPool-1-worker-1	stdout	operator_metric,nitro,20/TrinoNitroAggregationOperator@6125,nitroAggregationOutputNanos,361549
[WARNING] [stderr] 2026-08-09T00:49:29.020-0600	INFO	ForkJoinPool-1-worker-1	stdout	operator_metric,nitro,20/TrinoNitroAggregationOperator@6125,nitroBoundaryNativeExchangeMaximumBatchBytes,32093828
[WARNING] [stderr] 2026-08-09T00:49:29.020-0600	INFO	ForkJoinPool-1-worker-1	stdout	operator_metric,nitro,20/TrinoNitroAggregationOperator@6125,nitroBoundaryNativeExchangeBytes,954530891
[WARNING] [stderr] 2026-08-09T00:49:29.020-0600	INFO	ForkJoinPool-1-worker-1	stdout	operator_metric,nitro,20/TrinoNitroAggregationOperator@6125,nitroBoundaryPageIngressPositions,16554780
[WARNING] [stderr] 2026-08-09T00:49:29.020-0600	INFO	ForkJoinPool-1-worker-1	stdout	operator_metric,nitro,20/TrinoNitroAggregationOperator@6125,nitroAggregationInitialFlatKeyNanos,25744846
[WARNING] [stderr] 2026-08-09T00:49:29.020-0600	INFO	ForkJoinPool-1-worker-1	stdout	operator_metric,nitro,20/TrinoNitroAggregationOperator@6125,nitroAggregationAccumulationNanos,2131066
[WARNING] [stderr] 2026-08-09T00:49:29.020-0600	INFO	ForkJoinPool-1-worker-1	stdout	operator_metric,nitro,20/TrinoNitroAggregationOperator@6125,nitroBoundaryPageIngressRunLengthChannelPositions,0
[WARNING] [stderr] 2026-08-09T00:49:29.020-0600	INFO	ForkJoinPool-1-worker-1	stdout	operator_metric,nitro,20/TrinoNitroAggregationOperator@6125,nitroAggregationInitialKeyNanos,1388773708
[WARNING] [stderr] 2026-08-09T00:49:29.020-0600	INFO	ForkJoinPool-1-worker-1	stdout	operator_metric,nitro,20/TrinoNitroAggregationOperator@6125,nitroBoundaryPageIngressPages,1894
[WARNING] [stderr] 2026-08-09T00:49:29.020-0600	INFO	ForkJoinPool-1-worker-1	stdout	operator_metric,nitro,20/TrinoNitroAggregationOperator@6125,nitroAggregationInputNanos,1761550856
[WARNING] [stderr] 2026-08-09T00:49:29.020-0600	INFO	ForkJoinPool-1-worker-1	stdout	operator_metric,nitro,28/TrinoNitroPipelineSourceOperator@5095,nitroAllocatorAllocatedBytes,662422793
[WARNING] [stderr] 2026-08-09T00:49:29.020-0600	INFO	ForkJoinPool-1-worker-1	stdout	operator_metric,nitro,28/TrinoNitroPipelineSourceOperator@5095,nitroBoundaryNativeExchangeMaximumBatchBytes,2743026
[WARNING] [stderr] 2026-08-09T00:49:29.020-0600	INFO	ForkJoinPool-1-worker-1	stdout	operator_metric,nitro,28/TrinoNitroPipelineSourceOperator@5095,nitroAllocatorAllocatedVectorBytes,662422793
[WARNING] [stderr] 2026-08-09T00:49:29.020-0600	INFO	ForkJoinPool-1-worker-1	stdout	operator_metric,nitro,28/TrinoNitroPipelineSourceOperator@5095,nitroAllocatorAllocatedVectorBytes.I32Vector,115203964
[WARNING] [stderr] 2026-08-09T00:49:29.020-0600	INFO	ForkJoinPool-1-worker-1	stdout	operator_metric,nitro,28/TrinoNitroPipelineSourceOperator@5095,nitroAllocatorAllocatedVectorBytes.BooleanVector,86402973
[WARNING] [stderr] 2026-08-09T00:49:29.020-0600	INFO	ForkJoinPool-1-worker-1	stdout	operator_metric,nitro,28/TrinoNitroPipelineSourceOperator@5095,nitroAllocatorAllocatedVectorBytes.I64Vector,460815856
[WARNING] [stderr] 2026-08-09T00:49:29.020-0600	INFO	ForkJoinPool-1-worker-1	stdout	operator_metric,nitro,28/TrinoNitroPipelineSourceOperator@5095,nitroBoundaryNativeExchangeBytes,662422793
[WARNING] [stderr] 2026-08-09T00:49:29.020-0600	INFO	ForkJoinPool-1-worker-1	stdout	operator_metric,nitro,28/TrinoNitroPipelineSourceOperator@5095,nitroBoundaryNativeExchangePositions,28800991
[WARNING] [stderr] 2026-08-09T00:49:29.020-0600	INFO	ForkJoinPool-1-worker-1	stdout	operator_metric,nitro,28/TrinoNitroPipelineSourceOperator@5095,nitroBoundaryNativeExchangeBatches,2888
[WARNING] [stderr] 2026-08-09T00:49:29.020-0600	INFO	ForkJoinPool-1-worker-1	stdout	operator_metric,nitro,28/TrinoNitroPipelineSourceOperator@5095,nitroAllocatorAllocatedBytes.NitroParquetBatchSource,662422793
[WARNING] [stderr] 2026-08-09T00:49:29.020-0600	INFO	ForkJoinPool-1-worker-1	stdout	operator_metric,nitro,28/TrinoNitroPipelineSourceOperator@5095,nitroAllocatorAllocatedBytes.trino-native-source-ingress,0
[WARNING] [stderr] 2026-08-09T00:49:29.020-0600	INFO	ForkJoinPool-1-worker-1	stdout	operator_metric,nitro,29/TrinoNitroPipelineSourceOperator@113,nitroBoundaryNativeExchangePositions,500000
[WARNING] [stderr] 2026-08-09T00:49:29.020-0600	INFO	ForkJoinPool-1-worker-1	stdout	operator_metric,nitro,29/TrinoNitroPipelineSourceOperator@113,nitroAllocatorAllocatedVectorBytes.I64Vector,4000000
[WARNING] [stderr] 2026-08-09T00:49:29.020-0600	INFO	ForkJoinPool-1-worker-1	stdout	operator_metric,nitro,29/TrinoNitroPipelineSourceOperator@113,nitroBoundaryNativeExchangeBytes,4500000
[WARNING] [stderr] 2026-08-09T00:49:29.020-0600	INFO	ForkJoinPool-1-worker-1	stdout	operator_metric,nitro,29/TrinoNitroPipelineSourceOperator@113,nitroBoundaryNativeExchangeBatches,50
[WARNING] [stderr] 2026-08-09T00:49:29.020-0600	INFO	ForkJoinPool-1-worker-1	stdout	operator_metric,nitro,29/TrinoNitroPipelineSourceOperator@113,nitroAllocatorAllocatedVectorBytes,4500000
[WARNING] [stderr] 2026-08-09T00:49:29.020-0600	INFO	ForkJoinPool-1-worker-1	stdout	operator_metric,nitro,29/TrinoNitroPipelineSourceOperator@113,nitroAllocatorAllocatedVectorBytes.BooleanVector,500000
[WARNING] [stderr] 2026-08-09T00:49:29.020-0600	INFO	ForkJoinPool-1-worker-1	stdout	operator_metric,nitro,29/TrinoNitroPipelineSourceOperator@113,nitroBoundaryNativeExchangeMaximumBatchBytes,90000
[WARNING] [stderr] 2026-08-09T00:49:29.020-0600	INFO	ForkJoinPool-1-worker-1	stdout	operator_metric,nitro,29/TrinoNitroPipelineSourceOperator@113,nitroAllocatorAllocatedBytes.trino-native-source-ingress,0
[WARNING] [stderr] 2026-08-09T00:49:29.020-0600	INFO	ForkJoinPool-1-worker-1	stdout	operator_metric,nitro,29/TrinoNitroPipelineSourceOperator@113,nitroAllocatorAllocatedBytes,4500000
[WARNING] [stderr] 2026-08-09T00:49:29.020-0600	INFO	ForkJoinPool-1-worker-1	stdout	operator_metric,nitro,29/TrinoNitroPipelineSourceOperator@113,nitroAllocatorAllocatedBytes.NitroParquetBatchSource,4500000
[WARNING] [stderr] 2026-08-09T00:49:29.020-0600	INFO	ForkJoinPool-1-worker-1	stdout	operator_metric,nitro,30/TrinoNitroAggregationOperator@137,nitroAggregationOutputNanos,19857
[WARNING] [stderr] 2026-08-09T00:49:29.020-0600	INFO	ForkJoinPool-1-worker-1	stdout	operator_metric,nitro,30/TrinoNitroAggregationOperator@137,nitroAggregationPipelineNanos,0
[WARNING] [stderr] 2026-08-09T00:49:29.020-0600	INFO	ForkJoinPool-1-worker-1	stdout	operator_metric,nitro,30/TrinoNitroAggregationOperator@137,nitroAggregationGroupingNanos,0
[WARNING] [stderr] 2026-08-09T00:49:29.020-0600	INFO	ForkJoinPool-1-worker-1	stdout	operator_metric,nitro,30/TrinoNitroAggregationOperator@137,nitroAggregationAccumulationNanos,0
[WARNING] [stderr] 2026-08-09T00:49:29.020-0600	INFO	ForkJoinPool-1-worker-1	stdout	operator_metric,nitro,30/TrinoNitroAggregationOperator@137,nitroBoundaryPageEgressBytes,17
[WARNING] [stderr] 2026-08-09T00:49:29.020-0600	INFO	ForkJoinPool-1-worker-1	stdout	operator_metric,nitro,30/TrinoNitroAggregationOperator@137,nitroBoundaryNativeEgressDictionaryChannelPositions,0
[WARNING] [stderr] 2026-08-09T00:49:29.020-0600	INFO	ForkJoinPool-1-worker-1	stdout	operator_metric,nitro,30/TrinoNitroAggregationOperator@137,nitroAggregationFusedNanos,0
[WARNING] [stderr] 2026-08-09T00:49:29.020-0600	INFO	ForkJoinPool-1-worker-1	stdout	operator_metric,nitro,30/TrinoNitroAggregationOperator@137,nitroAggregationFlushNanos,0
[WARNING] [stderr] 2026-08-09T00:49:29.020-0600	INFO	ForkJoinPool-1-worker-1	stdout	operator_metric,nitro,30/TrinoNitroAggregationOperator@137,nitroBoundaryPageEgressPositions,1
[WARNING] [stderr] 2026-08-09T00:49:29.020-0600	INFO	ForkJoinPool-1-worker-1	stdout	operator_metric,nitro,30/TrinoNitroAggregationOperator@137,nitroBoundaryPageIngressBytes,34
[WARNING] [stderr] 2026-08-09T00:49:29.020-0600	INFO	ForkJoinPool-1-worker-1	stdout	operator_metric,nitro,30/TrinoNitroAggregationOperator@137,nitroBoundaryPageIngressPositions,2
[WARNING] [stderr] 2026-08-09T00:49:29.020-0600	INFO	ForkJoinPool-1-worker-1	stdout	operator_metric,nitro,30/TrinoNitroAggregationOperator@137,nitroBoundaryPageIngressDictionaryChannelPositions,0
[WARNING] [stderr] 2026-08-09T00:49:29.020-0600	INFO	ForkJoinPool-1-worker-1	stdout	operator_metric,nitro,30/TrinoNitroAggregationOperator@137,nitroBoundaryPageEgressDictionaryChannelPositions,0
[WARNING] [stderr] 2026-08-09T00:49:29.020-0600	INFO	ForkJoinPool-1-worker-1	stdout	operator_metric,nitro,30/TrinoNitroAggregationOperator@137,nitroAggregationInputNanos,25168
[WARNING] [stderr] 2026-08-09T00:49:29.020-0600	INFO	ForkJoinPool-1-worker-1	stdout	operator_metric,nitro,30/TrinoNitroAggregationOperator@137,nitroAggregationInitialAggregationNanos,0
[WARNING] [stderr] 2026-08-09T00:49:29.020-0600	INFO	ForkJoinPool-1-worker-1	stdout	operator_metric,nitro,30/TrinoNitroAggregationOperator@137,nitroBoundaryPageEgressRunLengthChannelPositions,0
[WARNING] [stderr] 2026-08-09T00:49:29.020-0600	INFO	ForkJoinPool-1-worker-1	stdout	operator_metric,nitro,30/TrinoNitroAggregationOperator@137,nitroBoundaryPageIngressRunLengthChannelPositions,0
[WARNING] [stderr] 2026-08-09T00:49:29.020-0600	INFO	ForkJoinPool-1-worker-1	stdout	operator_metric,nitro,30/TrinoNitroAggregationOperator@137,nitroAggregationInitialFlatKeyNanos,0
[WARNING] [stderr] 2026-08-09T00:49:29.020-0600	INFO	ForkJoinPool-1-worker-1	stdout	operator_metric,nitro,30/TrinoNitroAggregationOperator@137,nitroBoundaryNativeEgressRunLengthChannelPositions,0
[WARNING] [stderr] 2026-08-09T00:49:29.020-0600	INFO	ForkJoinPool-1-worker-1	stdout	operator_metric,nitro,30/TrinoNitroAggregationOperator@137,nitroAggregationStatePreparationNanos,0
[WARNING] [stderr] 2026-08-09T00:49:29.020-0600	INFO	ForkJoinPool-1-worker-1	stdout	operator_metric,nitro,30/TrinoNitroAggregationOperator@137,nitroBoundaryNativeEgressFlatChannelPositions,1
[WARNING] [stderr] 2026-08-09T00:49:29.020-0600	INFO	ForkJoinPool-1-worker-1	stdout	operator_metric,nitro,30/TrinoNitroAggregationOperator@137,nitroBoundaryPageIngressFlatChannelPositions,2
[WARNING] [stderr] 2026-08-09T00:49:29.020-0600	INFO	ForkJoinPool-1-worker-1	stdout	operator_metric,nitro,30/TrinoNitroAggregationOperator@137,nitroBoundaryPageEgressFlatChannelPositions,1
[WARNING] [stderr] 2026-08-09T00:49:29.020-0600	INFO	ForkJoinPool-1-worker-1	stdout	operator_metric,nitro,30/TrinoNitroAggregationOperator@137,nitroBoundaryPageEgressPages,1
[WARNING] [stderr] 2026-08-09T00:49:29.020-0600	INFO	ForkJoinPool-1-worker-1	stdout	operator_metric,nitro,30/TrinoNitroAggregationOperator@137,nitroBoundaryPageIngressPages,2
[WARNING] [stderr] 2026-08-09T00:49:29.020-0600	INFO	ForkJoinPool-1-worker-1	stdout	operator_metric,nitro,30/TrinoNitroAggregationOperator@137,nitroAggregationInitialKeyNanos,0
[WARNING] [stderr] 2026-08-09T00:49:29.020-0600	INFO	ForkJoinPool-1-worker-1	stdout	operator_metric,nitro,30/TrinoNitroAggregationOperator@137,nitroAggregationInitialEncodedKeyNanos,0
[WARNING] [stderr] 2026-08-09T00:49:29.020-0600	INFO	ForkJoinPool-1-worker-1	stdout	operator_metric,nitro,3/TrinoNitroHashJoinOperator@2,nitroBoundaryPageIngressRunLengthChannelPositions,0
[WARNING] [stderr] 2026-08-09T00:49:29.020-0600	INFO	ForkJoinPool-1-worker-1	stdout	operator_metric,nitro,3/TrinoNitroHashJoinOperator@2,nitroBoundaryNativeExchangePositions,131247
[WARNING] [stderr] 2026-08-09T00:49:29.020-0600	INFO	ForkJoinPool-1-worker-1	stdout	operator_metric,nitro,3/TrinoNitroHashJoinOperator@2,nitroBoundaryNativeExchangeBytes,4068732
[WARNING] [stderr] 2026-08-09T00:49:29.020-0600	INFO	ForkJoinPool-1-worker-1	stdout	operator_metric,nitro,3/TrinoNitroHashJoinOperator@2,nitroBoundaryNativeExchangeBatches,15
[WARNING] [stderr] 2026-08-09T00:49:29.020-0600	INFO	ForkJoinPool-1-worker-1	stdout	operator_metric,nitro,3/TrinoNitroHashJoinOperator@2,nitroBoundaryPageIngressFlatChannelPositions,656235
[WARNING] [stderr] 2026-08-09T00:49:29.020-0600	INFO	ForkJoinPool-1-worker-1	stdout	operator_metric,nitro,3/TrinoNitroHashJoinOperator@2,nitroBoundaryNativeExchangeMaximumBatchBytes,620010
[WARNING] [stderr] 2026-08-09T00:49:29.020-0600	INFO	ForkJoinPool-1-worker-1	stdout	operator_metric,nitro,3/TrinoNitroHashJoinOperator@2,nitroBoundaryPageIngressPositions,131247
[WARNING] [stderr] 2026-08-09T00:49:29.020-0600	INFO	ForkJoinPool-1-worker-1	stdout	operator_metric,nitro,3/TrinoNitroHashJoinOperator@2,nitroBoundaryPageIngressPages,5
[WARNING] [stderr] 2026-08-09T00:49:29.020-0600	INFO	ForkJoinPool-1-worker-1	stdout	operator_metric,nitro,3/TrinoNitroHashJoinOperator@2,nitroBoundaryPageIngressBytes,5381127
[WARNING] [stderr] 2026-08-09T00:49:29.020-0600	INFO	ForkJoinPool-1-worker-1	stdout	operator_metric,nitro,3/TrinoNitroHashJoinOperator@2,nitroBoundaryPageIngressDictionaryChannelPositions,0
[WARNING] [stderr] 2026-08-09T00:49:29.020-0600	INFO	ForkJoinPool-1-worker-1	stdout	operator_metric,nitro,6/TrinoNitroHashJoinOperator@5,nitroBoundaryPageIngressRunLengthChannelPositions,0
[WARNING] [stderr] 2026-08-09T00:49:29.020-0600	INFO	ForkJoinPool-1-worker-1	stdout	operator_metric,nitro,6/TrinoNitroHashJoinOperator@5,nitroBoundaryNativeExchangePositions,16554780
[WARNING] [stderr] 2026-08-09T00:49:29.020-0600	INFO	ForkJoinPool-1-worker-1	stdout	operator_metric,nitro,6/TrinoNitroHashJoinOperator@5,nitroBoundaryNativeExchangeBytes,270427968
[WARNING] [stderr] 2026-08-09T00:49:29.020-0600	INFO	ForkJoinPool-1-worker-1	stdout	operator_metric,nitro,6/TrinoNitroHashJoinOperator@5,nitroBoundaryNativeExchangeBatches,1896
[WARNING] [stderr] 2026-08-09T00:49:29.020-0600	INFO	ForkJoinPool-1-worker-1	stdout	operator_metric,nitro,6/TrinoNitroHashJoinOperator@5,nitroBoundaryPageIngressFlatChannelPositions,33109560
[WARNING] [stderr] 2026-08-09T00:49:29.020-0600	INFO	ForkJoinPool-1-worker-1	stdout	operator_metric,nitro,6/TrinoNitroHashJoinOperator@5,nitroBoundaryNativeExchangeMaximumBatchBytes,325856
[WARNING] [stderr] 2026-08-09T00:49:29.020-0600	INFO	ForkJoinPool-1-worker-1	stdout	operator_metric,nitro,6/TrinoNitroHashJoinOperator@5,nitroBoundaryPageIngressPositions,16554780
[WARNING] [stderr] 2026-08-09T00:49:29.020-0600	INFO	ForkJoinPool-1-worker-1	stdout	operator_metric,nitro,6/TrinoNitroHashJoinOperator@5,nitroBoundaryPageIngressPages,480
[WARNING] [stderr] 2026-08-09T00:49:29.020-0600	INFO	ForkJoinPool-1-worker-1	stdout	operator_metric,nitro,6/TrinoNitroHashJoinOperator@5,nitroBoundaryPageIngressBytes,297986040
[WARNING] [stderr] 2026-08-09T00:49:29.020-0600	INFO	ForkJoinPool-1-worker-1	stdout	operator_metric,nitro,6/TrinoNitroHashJoinOperator@5,nitroBoundaryPageIngressDictionaryChannelPositions,0
[WARNING] [stderr] 2026-08-09T00:49:29.020-0600	INFO	ForkJoinPool-1-worker-1	stdout	operator_metric,nitro,9/TrinoNitroPipelineSourceOperator@6,nitroAllocatorAllocatedBytes,37116966
[WARNING] [stderr] 2026-08-09T00:49:29.020-0600	INFO	ForkJoinPool-1-worker-1	stdout	operator_metric,nitro,9/TrinoNitroPipelineSourceOperator@6,nitroAllocatorAllocatedVectorBytes.BooleanVector,204000
[WARNING] [stderr] 2026-08-09T00:49:29.020-0600	INFO	ForkJoinPool-1-worker-1	stdout	operator_metric,nitro,9/TrinoNitroPipelineSourceOperator@6,nitroAllocatorAllocatedBytes.NitroParquetBatchSource,37116966
[WARNING] [stderr] 2026-08-09T00:49:29.020-0600	INFO	ForkJoinPool-1-worker-1	stdout	operator_metric,nitro,9/TrinoNitroPipelineSourceOperator@6,nitroAllocatorAllocatedVectorBytes.I32Vector,40000
[WARNING] [stderr] 2026-08-09T00:49:29.020-0600	INFO	ForkJoinPool-1-worker-1	stdout	operator_metric,nitro,9/TrinoNitroPipelineSourceOperator@6,nitroBoundaryNativeExchangePositions,102000
[WARNING] [stderr] 2026-08-09T00:49:29.020-0600	INFO	ForkJoinPool-1-worker-1	stdout	operator_metric,nitro,9/TrinoNitroPipelineSourceOperator@6,nitroAllocatorAllocatedVectorBytes.BinaryVector,36056966
[WARNING] [stderr] 2026-08-09T00:49:29.020-0600	INFO	ForkJoinPool-1-worker-1	stdout	operator_metric,nitro,9/TrinoNitroPipelineSourceOperator@6,nitroAllocatorAllocatedVectorBytes.I64Vector,816000
[WARNING] [stderr] 2026-08-09T00:49:29.020-0600	INFO	ForkJoinPool-1-worker-1	stdout	operator_metric,nitro,9/TrinoNitroPipelineSourceOperator@6,nitroAllocatorAllocatedBytes.trino-native-source-ingress,0
[WARNING] [stderr] 2026-08-09T00:49:29.020-0600	INFO	ForkJoinPool-1-worker-1	stdout	operator_metric,nitro,9/TrinoNitroPipelineSourceOperator@6,nitroBoundaryNativeExchangeBatches,11
[WARNING] [stderr] 2026-08-09T00:49:29.020-0600	INFO	ForkJoinPool-1-worker-1	stdout	operator_metric,nitro,9/TrinoNitroPipelineSourceOperator@6,nitroBoundaryNativeExchangeBytes,34962866
[WARNING] [stderr] 2026-08-09T00:49:29.020-0600	INFO	ForkJoinPool-1-worker-1	stdout	operator_metric,nitro,9/TrinoNitroPipelineSourceOperator@6,nitroBoundaryNativeExchangeMaximumBatchBytes,10883128
[WARNING] [stderr] 2026-08-09T00:49:29.020-0600	INFO	ForkJoinPool-1-worker-1	stdout	operator_metric,nitro,9/TrinoNitroPipelineSourceOperator@6,nitroAllocatorAllocatedVectorBytes,37116966
[WARNING] [stderr] 2026-08-09T00:49:29.020-0600	INFO	ForkJoinPool-1-worker-1	stdout	operator_metric,nitro,13/TrinoNitroAggregationOperator@6095,nitroAggregationOutputNanos,29747
[WARNING] [stderr] 2026-08-09T00:49:29.020-0600	INFO	ForkJoinPool-1-worker-1	stdout	operator_metric,nitro,13/TrinoNitroAggregationOperator@6095,nitroAggregationPipelineNanos,27620
[WARNING] [stderr] 2026-08-09T00:49:29.020-0600	INFO	ForkJoinPool-1-worker-1	stdout	operator_metric,nitro,13/TrinoNitroAggregationOperator@6095,nitroAggregationGroupingNanos,0
[WARNING] [stderr] 2026-08-09T00:49:29.020-0600	INFO	ForkJoinPool-1-worker-1	stdout	operator_metric,nitro,13/TrinoNitroAggregationOperator@6095,nitroAggregationAccumulationNanos,0
[WARNING] [stderr] 2026-08-09T00:49:29.020-0600	INFO	ForkJoinPool-1-worker-1	stdout	operator_metric,nitro,13/TrinoNitroAggregationOperator@6095,nitroBoundaryNativeEgressDictionaryChannelPositions,0
[WARNING] [stderr] 2026-08-09T00:49:29.020-0600	INFO	ForkJoinPool-1-worker-1	stdout	operator_metric,nitro,13/TrinoNitroAggregationOperator@6095,nitroAggregationFusedNanos,0
[WARNING] [stderr] 2026-08-09T00:49:29.020-0600	INFO	ForkJoinPool-1-worker-1	stdout	operator_metric,nitro,13/TrinoNitroAggregationOperator@6095,nitroBoundaryPageEgressBytes,34
[WARNING] [stderr] 2026-08-09T00:49:29.020-0600	INFO	ForkJoinPool-1-worker-1	stdout	operator_metric,nitro,13/TrinoNitroAggregationOperator@6095,nitroAggregationFlushNanos,0
[WARNING] [stderr] 2026-08-09T00:49:29.021-0600	INFO	ForkJoinPool-1-worker-1	stdout	operator_metric,nitro,13/TrinoNitroAggregationOperator@6095,nitroBoundaryPageEgressPositions,2
[WARNING] [stderr] 2026-08-09T00:49:29.021-0600	INFO	ForkJoinPool-1-worker-1	stdout	operator_metric,nitro,13/TrinoNitroAggregationOperator@6095,nitroBoundaryPageIngressBytes,12278500
[WARNING] [stderr] 2026-08-09T00:49:29.021-0600	INFO	ForkJoinPool-1-worker-1	stdout	operator_metric,nitro,13/TrinoNitroAggregationOperator@6095,nitroBoundaryPageIngressPositions,472250
[WARNING] [stderr] 2026-08-09T00:49:29.021-0600	INFO	ForkJoinPool-1-worker-1	stdout	operator_metric,nitro,13/TrinoNitroAggregationOperator@6095,nitroBoundaryPageIngressDictionaryChannelPositions,0
[WARNING] [stderr] 2026-08-09T00:49:29.021-0600	INFO	ForkJoinPool-1-worker-1	stdout	operator_metric,nitro,13/TrinoNitroAggregationOperator@6095,nitroAggregationInputNanos,1806607
[WARNING] [stderr] 2026-08-09T00:49:29.021-0600	INFO	ForkJoinPool-1-worker-1	stdout	operator_metric,nitro,13/TrinoNitroAggregationOperator@6095,nitroBoundaryPageEgressDictionaryChannelPositions,0
[WARNING] [stderr] 2026-08-09T00:49:29.021-0600	INFO	ForkJoinPool-1-worker-1	stdout	operator_metric,nitro,13/TrinoNitroAggregationOperator@6095,nitroAggregationInitialAggregationNanos,0
[WARNING] [stderr] 2026-08-09T00:49:29.021-0600	INFO	ForkJoinPool-1-worker-1	stdout	operator_metric,nitro,13/TrinoNitroAggregationOperator@6095,nitroBoundaryPageEgressRunLengthChannelPositions,0
[WARNING] [stderr] 2026-08-09T00:49:29.021-0600	INFO	ForkJoinPool-1-worker-1	stdout	operator_metric,nitro,13/TrinoNitroAggregationOperator@6095,nitroBoundaryPageIngressRunLengthChannelPositions,0
[WARNING] [stderr] 2026-08-09T00:49:29.021-0600	INFO	ForkJoinPool-1-worker-1	stdout	operator_metric,nitro,13/TrinoNitroAggregationOperator@6095,nitroAggregationInitialFlatKeyNanos,0
[WARNING] [stderr] 2026-08-09T00:49:29.021-0600	INFO	ForkJoinPool-1-worker-1	stdout	operator_metric,nitro,13/TrinoNitroAggregationOperator@6095,nitroBoundaryNativeEgressFlatChannelPositions,2
[WARNING] [stderr] 2026-08-09T00:49:29.021-0600	INFO	ForkJoinPool-1-worker-1	stdout	operator_metric,nitro,13/TrinoNitroAggregationOperator@6095,nitroAggregationStatePreparationNanos,0
[WARNING] [stderr] 2026-08-09T00:49:29.021-0600	INFO	ForkJoinPool-1-worker-1	stdout	operator_metric,nitro,13/TrinoNitroAggregationOperator@6095,nitroBoundaryNativeEgressRunLengthChannelPositions,0
[WARNING] [stderr] 2026-08-09T00:49:29.021-0600	INFO	ForkJoinPool-1-worker-1	stdout	operator_metric,nitro,13/TrinoNitroAggregationOperator@6095,nitroBoundaryPageIngressFlatChannelPositions,944500
[WARNING] [stderr] 2026-08-09T00:49:29.021-0600	INFO	ForkJoinPool-1-worker-1	stdout	operator_metric,nitro,13/TrinoNitroAggregationOperator@6095,nitroBoundaryPageEgressFlatChannelPositions,2
[WARNING] [stderr] 2026-08-09T00:49:29.021-0600	INFO	ForkJoinPool-1-worker-1	stdout	operator_metric,nitro,13/TrinoNitroAggregationOperator@6095,nitroBoundaryPageEgressPages,2
[WARNING] [stderr] 2026-08-09T00:49:29.021-0600	INFO	ForkJoinPool-1-worker-1	stdout	operator_metric,nitro,13/TrinoNitroAggregationOperator@6095,nitroBoundaryPageIngressPages,30
[WARNING] [stderr] 2026-08-09T00:49:29.021-0600	INFO	ForkJoinPool-1-worker-1	stdout	operator_metric,nitro,13/TrinoNitroAggregationOperator@6095,nitroAggregationInitialKeyNanos,0
[WARNING] [stderr] 2026-08-09T00:49:29.021-0600	INFO	ForkJoinPool-1-worker-1	stdout	operator_metric,nitro,13/TrinoNitroAggregationOperator@6095,nitroAggregationInitialEncodedKeyNanos,0
[WARNING] [stderr] 2026-08-09T00:49:29.021-0600	INFO	ForkJoinPool-1-worker-1	stdout	operator_metric,nitro,13/TrinoNitroAggregationOperator@45,nitroAggregationOutputNanos,22732
[WARNING] [stderr] 2026-08-09T00:49:29.021-0600	INFO	ForkJoinPool-1-worker-1	stdout	operator_metric,nitro,13/TrinoNitroAggregationOperator@45,nitroAggregationPipelineNanos,0
[WARNING] [stderr] 2026-08-09T00:49:29.021-0600	INFO	ForkJoinPool-1-worker-1	stdout	operator_metric,nitro,13/TrinoNitroAggregationOperator@45,nitroAggregationGroupingNanos,10597571
[WARNING] [stderr] 2026-08-09T00:49:29.021-0600	INFO	ForkJoinPool-1-worker-1	stdout	operator_metric,nitro,13/TrinoNitroAggregationOperator@45,nitroAggregationAccumulationNanos,5185004
[WARNING] [stderr] 2026-08-09T00:49:29.021-0600	INFO	ForkJoinPool-1-worker-1	stdout	operator_metric,nitro,13/TrinoNitroAggregationOperator@45,nitroBoundaryNativeEgressDictionaryChannelPositions,0
[WARNING] [stderr] 2026-08-09T00:49:29.021-0600	INFO	ForkJoinPool-1-worker-1	stdout	operator_metric,nitro,13/TrinoNitroAggregationOperator@45,nitroAggregationFusedNanos,0
[WARNING] [stderr] 2026-08-09T00:49:29.021-0600	INFO	ForkJoinPool-1-worker-1	stdout	operator_metric,nitro,13/TrinoNitroAggregationOperator@45,nitroBoundaryPageEgressBytes,12278500
[WARNING] [stderr] 2026-08-09T00:49:29.021-0600	INFO	ForkJoinPool-1-worker-1	stdout	operator_metric,nitro,13/TrinoNitroAggregationOperator@45,nitroAggregationFlushNanos,0
[WARNING] [stderr] 2026-08-09T00:49:29.021-0600	INFO	ForkJoinPool-1-worker-1	stdout	operator_metric,nitro,13/TrinoNitroAggregationOperator@45,nitroBoundaryPageEgressPositions,472250
[WARNING] [stderr] 2026-08-09T00:49:29.021-0600	INFO	ForkJoinPool-1-worker-1	stdout	operator_metric,nitro,13/TrinoNitroAggregationOperator@45,nitroBoundaryPageIngressBytes,16811762
[WARNING] [stderr] 2026-08-09T00:49:29.021-0600	INFO	ForkJoinPool-1-worker-1	stdout	operator_metric,nitro,13/TrinoNitroAggregationOperator@45,nitroBoundaryPageIngressPositions,764171
[WARNING] [stderr] 2026-08-09T00:49:29.021-0600	INFO	ForkJoinPool-1-worker-1	stdout	operator_metric,nitro,13/TrinoNitroAggregationOperator@45,nitroBoundaryPageIngressDictionaryChannelPositions,0
[WARNING] [stderr] 2026-08-09T00:49:29.021-0600	INFO	ForkJoinPool-1-worker-1	stdout	operator_metric,nitro,13/TrinoNitroAggregationOperator@45,nitroAggregationInputNanos,17471542
[WARNING] [stderr] 2026-08-09T00:49:29.021-0600	INFO	ForkJoinPool-1-worker-1	stdout	operator_metric,nitro,13/TrinoNitroAggregationOperator@45,nitroBoundaryPageEgressDictionaryChannelPositions,0
[WARNING] [stderr] 2026-08-09T00:49:29.021-0600	INFO	ForkJoinPool-1-worker-1	stdout	operator_metric,nitro,13/TrinoNitroAggregationOperator@45,nitroAggregationInitialAggregationNanos,0
[WARNING] [stderr] 2026-08-09T00:49:29.021-0600	INFO	ForkJoinPool-1-worker-1	stdout	operator_metric,nitro,13/TrinoNitroAggregationOperator@45,nitroBoundaryPageEgressRunLengthChannelPositions,0
[WARNING] [stderr] 2026-08-09T00:49:29.021-0600	INFO	ForkJoinPool-1-worker-1	stdout	operator_metric,nitro,13/TrinoNitroAggregationOperator@45,nitroBoundaryPageIngressRunLengthChannelPositions,0
[WARNING] [stderr] 2026-08-09T00:49:29.021-0600	INFO	ForkJoinPool-1-worker-1	stdout	operator_metric,nitro,13/TrinoNitroAggregationOperator@45,nitroAggregationInitialFlatKeyNanos,0
[WARNING] [stderr] 2026-08-09T00:49:29.021-0600	INFO	ForkJoinPool-1-worker-1	stdout	operator_metric,nitro,13/TrinoNitroAggregationOperator@45,nitroBoundaryNativeEgressFlatChannelPositions,944500
[WARNING] [stderr] 2026-08-09T00:49:29.021-0600	INFO	ForkJoinPool-1-worker-1	stdout	operator_metric,nitro,13/TrinoNitroAggregationOperator@45,nitroAggregationStatePreparationNanos,1455586
[WARNING] [stderr] 2026-08-09T00:49:29.021-0600	INFO	ForkJoinPool-1-worker-1	stdout	operator_metric,nitro,13/TrinoNitroAggregationOperator@45,nitroBoundaryNativeEgressRunLengthChannelPositions,0
[WARNING] [stderr] 2026-08-09T00:49:29.021-0600	INFO	ForkJoinPool-1-worker-1	stdout	operator_metric,nitro,13/TrinoNitroAggregationOperator@45,nitroBoundaryPageIngressFlatChannelPositions,1528342
[WARNING] [stderr] 2026-08-09T00:49:29.021-0600	INFO	ForkJoinPool-1-worker-1	stdout	operator_metric,nitro,13/TrinoNitroAggregationOperator@45,nitroBoundaryPageEgressFlatChannelPositions,944500
[WARNING] [stderr] 2026-08-09T00:49:29.021-0600	INFO	ForkJoinPool-1-worker-1	stdout	operator_metric,nitro,13/TrinoNitroAggregationOperator@45,nitroBoundaryPageEgressPages,30
[WARNING] [stderr] 2026-08-09T00:49:29.021-0600	INFO	ForkJoinPool-1-worker-1	stdout	operator_metric,nitro,13/TrinoNitroAggregationOperator@45,nitroBoundaryPageIngressPages,12
[WARNING] [stderr] 2026-08-09T00:49:29.021-0600	INFO	ForkJoinPool-1-worker-1	stdout	operator_metric,nitro,13/TrinoNitroAggregationOperator@45,nitroAggregationInitialKeyNanos,0
[WARNING] [stderr] 2026-08-09T00:49:29.021-0600	INFO	ForkJoinPool-1-worker-1	stdout	operator_metric,nitro,13/TrinoNitroAggregationOperator@45,nitroAggregationInitialEncodedKeyNanos,0
[WARNING] [stderr] 2026-08-09T00:49:29.021-0600	INFO	ForkJoinPool-1-worker-1	stdout	operator_metric,nitro,21/TrinoNitroHashJoinOperator@86,nitroBoundaryPageIngressRunLengthChannelPositions,0
[WARNING] [stderr] 2026-08-09T00:49:29.021-0600	INFO	ForkJoinPool-1-worker-1	stdout	operator_metric,nitro,21/TrinoNitroHashJoinOperator@86,nitroBoundaryNativeExchangePositions,64097
[WARNING] [stderr] 2026-08-09T00:49:29.021-0600	INFO	ForkJoinPool-1-worker-1	stdout	operator_metric,nitro,21/TrinoNitroHashJoinOperator@86,nitroBoundaryNativeExchangeBytes,1922038
[WARNING] [stderr] 2026-08-09T00:49:29.021-0600	INFO	ForkJoinPool-1-worker-1	stdout	operator_metric,nitro,21/TrinoNitroHashJoinOperator@86,nitroBoundaryNativeExchangeBatches,8
[WARNING] [stderr] 2026-08-09T00:49:29.021-0600	INFO	ForkJoinPool-1-worker-1	stdout	operator_metric,nitro,21/TrinoNitroHashJoinOperator@86,nitroBoundaryPageIngressFlatChannelPositions,320485
[WARNING] [stderr] 2026-08-09T00:49:29.021-0600	INFO	ForkJoinPool-1-worker-1	stdout	operator_metric,nitro,21/TrinoNitroHashJoinOperator@86,nitroBoundaryNativeExchangeMaximumBatchBytes,523240
[WARNING] [stderr] 2026-08-09T00:49:29.021-0600	INFO	ForkJoinPool-1-worker-1	stdout	operator_metric,nitro,21/TrinoNitroHashJoinOperator@86,nitroBoundaryPageIngressPositions,64097
[WARNING] [stderr] 2026-08-09T00:49:29.021-0600	INFO	ForkJoinPool-1-worker-1	stdout	operator_metric,nitro,21/TrinoNitroHashJoinOperator@86,nitroBoundaryPageIngressPages,8
[WARNING] [stderr] 2026-08-09T00:49:29.021-0600	INFO	ForkJoinPool-1-worker-1	stdout	operator_metric,nitro,21/TrinoNitroHashJoinOperator@86,nitroBoundaryPageIngressBytes,2627977
[WARNING] [stderr] 2026-08-09T00:49:29.021-0600	INFO	ForkJoinPool-1-worker-1	stdout	operator_metric,nitro,21/TrinoNitroHashJoinOperator@86,nitroBoundaryPageIngressDictionaryChannelPositions,0
[WARNING] [stderr] 2026-08-09T00:49:29.021-0600	INFO	ForkJoinPool-1-worker-1	stdout	operator_metric,nitro,24/TrinoNitroHashJoinOperator@89,nitroBoundaryPageIngressRunLengthChannelPositions,0
[WARNING] [stderr] 2026-08-09T00:49:29.021-0600	INFO	ForkJoinPool-1-worker-1	stdout	operator_metric,nitro,24/TrinoNitroHashJoinOperator@89,nitroBoundaryNativeExchangePositions,16554780
[WARNING] [stderr] 2026-08-09T00:49:29.021-0600	INFO	ForkJoinPool-1-worker-1	stdout	operator_metric,nitro,24/TrinoNitroHashJoinOperator@89,nitroBoundaryNativeExchangeBytes,270427968
[WARNING] [stderr] 2026-08-09T00:49:29.021-0600	INFO	ForkJoinPool-1-worker-1	stdout	operator_metric,nitro,24/TrinoNitroHashJoinOperator@89,nitroBoundaryNativeExchangeBatches,1896
[WARNING] [stderr] 2026-08-09T00:49:29.021-0600	INFO	ForkJoinPool-1-worker-1	stdout	operator_metric,nitro,24/TrinoNitroHashJoinOperator@89,nitroBoundaryPageIngressFlatChannelPositions,33109560
[WARNING] [stderr] 2026-08-09T00:49:29.021-0600	INFO	ForkJoinPool-1-worker-1	stdout	operator_metric,nitro,24/TrinoNitroHashJoinOperator@89,nitroBoundaryNativeExchangeMaximumBatchBytes,325856
[WARNING] [stderr] 2026-08-09T00:49:29.021-0600	INFO	ForkJoinPool-1-worker-1	stdout	operator_metric,nitro,24/TrinoNitroHashJoinOperator@89,nitroBoundaryPageIngressPositions,16554780
[WARNING] [stderr] 2026-08-09T00:49:29.021-0600	INFO	ForkJoinPool-1-worker-1	stdout	operator_metric,nitro,24/TrinoNitroHashJoinOperator@89,nitroBoundaryPageIngressPages,480
[WARNING] [stderr] 2026-08-09T00:49:29.021-0600	INFO	ForkJoinPool-1-worker-1	stdout	operator_metric,nitro,24/TrinoNitroHashJoinOperator@89,nitroBoundaryPageIngressBytes,297986040
[WARNING] [stderr] 2026-08-09T00:49:29.021-0600	INFO	ForkJoinPool-1-worker-1	stdout	operator_metric,nitro,24/TrinoNitroHashJoinOperator@89,nitroBoundaryPageIngressDictionaryChannelPositions,0
[WARNING] [stderr] 2026-08-09T00:49:29.021-0600	INFO	ForkJoinPool-1-worker-1	stdout	operator_metric,nitro,27/TrinoNitroPipelineSourceOperator@90,nitroAllocatorAllocatedBytes,37144273
[WARNING] [stderr] 2026-08-09T00:49:29.021-0600	INFO	ForkJoinPool-1-worker-1	stdout	operator_metric,nitro,27/TrinoNitroPipelineSourceOperator@90,nitroAllocatorAllocatedVectorBytes.BooleanVector,204000
[WARNING] [stderr] 2026-08-09T00:49:29.021-0600	INFO	ForkJoinPool-1-worker-1	stdout	operator_metric,nitro,27/TrinoNitroPipelineSourceOperator@90,nitroAllocatorAllocatedBytes.NitroParquetBatchSource,37144273
[WARNING] [stderr] 2026-08-09T00:49:29.021-0600	INFO	ForkJoinPool-1-worker-1	stdout	operator_metric,nitro,27/TrinoNitroPipelineSourceOperator@90,nitroAllocatorAllocatedVectorBytes.I32Vector,40000
[WARNING] [stderr] 2026-08-09T00:49:29.021-0600	INFO	ForkJoinPool-1-worker-1	stdout	operator_metric,nitro,27/TrinoNitroPipelineSourceOperator@90,nitroBoundaryNativeExchangePositions,102000
[WARNING] [stderr] 2026-08-09T00:49:29.021-0600	INFO	ForkJoinPool-1-worker-1	stdout	operator_metric,nitro,27/TrinoNitroPipelineSourceOperator@90,nitroAllocatorAllocatedVectorBytes.BinaryVector,36084273
[WARNING] [stderr] 2026-08-09T00:49:29.021-0600	INFO	ForkJoinPool-1-worker-1	stdout	operator_metric,nitro,27/TrinoNitroPipelineSourceOperator@90,nitroAllocatorAllocatedVectorBytes.I64Vector,816000
[WARNING] [stderr] 2026-08-09T00:49:29.021-0600	INFO	ForkJoinPool-1-worker-1	stdout	operator_metric,nitro,27/TrinoNitroPipelineSourceOperator@90,nitroAllocatorAllocatedBytes.trino-native-source-ingress,0
[WARNING] [stderr] 2026-08-09T00:49:29.021-0600	INFO	ForkJoinPool-1-worker-1	stdout	operator_metric,nitro,27/TrinoNitroPipelineSourceOperator@90,nitroBoundaryNativeExchangeBatches,11
[WARNING] [stderr] 2026-08-09T00:49:29.021-0600	INFO	ForkJoinPool-1-worker-1	stdout	operator_metric,nitro,27/TrinoNitroPipelineSourceOperator@90,nitroBoundaryNativeExchangeBytes,34577114
[WARNING] [stderr] 2026-08-09T00:49:29.021-0600	INFO	ForkJoinPool-1-worker-1	stdout	operator_metric,nitro,27/TrinoNitroPipelineSourceOperator@90,nitroBoundaryNativeExchangeMaximumBatchBytes,10983639
[WARNING] [stderr] 2026-08-09T00:49:29.021-0600	INFO	ForkJoinPool-1-worker-1	stdout	operator_metric,nitro,27/TrinoNitroPipelineSourceOperator@90,nitroAllocatorAllocatedVectorBytes,37144273
[WARNING] [stderr] 2026-08-09T00:49:29.021-0600	INFO	ForkJoinPool-1-worker-1	stdout	operator_metric,nitro,31/TrinoNitroAggregationOperator@6153,nitroAggregationOutputNanos,68019
[WARNING] [stderr] 2026-08-09T00:49:29.021-0600	INFO	ForkJoinPool-1-worker-1	stdout	operator_metric,nitro,31/TrinoNitroAggregationOperator@6153,nitroAggregationPipelineNanos,36823
[WARNING] [stderr] 2026-08-09T00:49:29.021-0600	INFO	ForkJoinPool-1-worker-1	stdout	operator_metric,nitro,31/TrinoNitroAggregationOperator@6153,nitroAggregationGroupingNanos,0
[WARNING] [stderr] 2026-08-09T00:49:29.021-0600	INFO	ForkJoinPool-1-worker-1	stdout	operator_metric,nitro,31/TrinoNitroAggregationOperator@6153,nitroAggregationAccumulationNanos,0
[WARNING] [stderr] 2026-08-09T00:49:29.021-0600	INFO	ForkJoinPool-1-worker-1	stdout	operator_metric,nitro,31/TrinoNitroAggregationOperator@6153,nitroBoundaryNativeEgressDictionaryChannelPositions,0
[WARNING] [stderr] 2026-08-09T00:49:29.021-0600	INFO	ForkJoinPool-1-worker-1	stdout	operator_metric,nitro,31/TrinoNitroAggregationOperator@6153,nitroAggregationFusedNanos,0
[WARNING] [stderr] 2026-08-09T00:49:29.021-0600	INFO	ForkJoinPool-1-worker-1	stdout	operator_metric,nitro,31/TrinoNitroAggregationOperator@6153,nitroBoundaryPageEgressBytes,34
[WARNING] [stderr] 2026-08-09T00:49:29.021-0600	INFO	ForkJoinPool-1-worker-1	stdout	operator_metric,nitro,31/TrinoNitroAggregationOperator@6153,nitroAggregationFlushNanos,0
[WARNING] [stderr] 2026-08-09T00:49:29.021-0600	INFO	ForkJoinPool-1-worker-1	stdout	operator_metric,nitro,31/TrinoNitroAggregationOperator@6153,nitroBoundaryPageEgressPositions,2
[WARNING] [stderr] 2026-08-09T00:49:29.021-0600	INFO	ForkJoinPool-1-worker-1	stdout	operator_metric,nitro,31/TrinoNitroAggregationOperator@6153,nitroBoundaryPageIngressBytes,12278500
[WARNING] [stderr] 2026-08-09T00:49:29.021-0600	INFO	ForkJoinPool-1-worker-1	stdout	operator_metric,nitro,31/TrinoNitroAggregationOperator@6153,nitroBoundaryPageIngressPositions,472250
[WARNING] [stderr] 2026-08-09T00:49:29.021-0600	INFO	ForkJoinPool-1-worker-1	stdout	operator_metric,nitro,31/TrinoNitroAggregationOperator@6153,nitroBoundaryPageIngressDictionaryChannelPositions,0
[WARNING] [stderr] 2026-08-09T00:49:29.021-0600	INFO	ForkJoinPool-1-worker-1	stdout	operator_metric,nitro,31/TrinoNitroAggregationOperator@6153,nitroAggregationInputNanos,1899330
[WARNING] [stderr] 2026-08-09T00:49:29.021-0600	INFO	ForkJoinPool-1-worker-1	stdout	operator_metric,nitro,31/TrinoNitroAggregationOperator@6153,nitroBoundaryPageEgressDictionaryChannelPositions,0
[WARNING] [stderr] 2026-08-09T00:49:29.021-0600	INFO	ForkJoinPool-1-worker-1	stdout	operator_metric,nitro,31/TrinoNitroAggregationOperator@6153,nitroAggregationInitialAggregationNanos,0
[WARNING] [stderr] 2026-08-09T00:49:29.021-0600	INFO	ForkJoinPool-1-worker-1	stdout	operator_metric,nitro,31/TrinoNitroAggregationOperator@6153,nitroBoundaryPageEgressRunLengthChannelPositions,0
[WARNING] [stderr] 2026-08-09T00:49:29.021-0600	INFO	ForkJoinPool-1-worker-1	stdout	operator_metric,nitro,31/TrinoNitroAggregationOperator@6153,nitroBoundaryPageIngressRunLengthChannelPositions,0
[WARNING] [stderr] 2026-08-09T00:49:29.021-0600	INFO	ForkJoinPool-1-worker-1	stdout	operator_metric,nitro,31/TrinoNitroAggregationOperator@6153,nitroAggregationInitialFlatKeyNanos,0
[WARNING] [stderr] 2026-08-09T00:49:29.021-0600	INFO	ForkJoinPool-1-worker-1	stdout	operator_metric,nitro,31/TrinoNitroAggregationOperator@6153,nitroBoundaryNativeEgressFlatChannelPositions,2
[WARNING] [stderr] 2026-08-09T00:49:29.021-0600	INFO	ForkJoinPool-1-worker-1	stdout	operator_metric,nitro,31/TrinoNitroAggregationOperator@6153,nitroAggregationStatePreparationNanos,0
[WARNING] [stderr] 2026-08-09T00:49:29.021-0600	INFO	ForkJoinPool-1-worker-1	stdout	operator_metric,nitro,31/TrinoNitroAggregationOperator@6153,nitroBoundaryNativeEgressRunLengthChannelPositions,0
[WARNING] [stderr] 2026-08-09T00:49:29.021-0600	INFO	ForkJoinPool-1-worker-1	stdout	operator_metric,nitro,31/TrinoNitroAggregationOperator@6153,nitroBoundaryPageIngressFlatChannelPositions,944500
[WARNING] [stderr] 2026-08-09T00:49:29.021-0600	INFO	ForkJoinPool-1-worker-1	stdout	operator_metric,nitro,31/TrinoNitroAggregationOperator@6153,nitroBoundaryPageEgressFlatChannelPositions,2
[WARNING] [stderr] 2026-08-09T00:49:29.021-0600	INFO	ForkJoinPool-1-worker-1	stdout	operator_metric,nitro,31/TrinoNitroAggregationOperator@6153,nitroBoundaryPageEgressPages,2
[WARNING] [stderr] 2026-08-09T00:49:29.021-0600	INFO	ForkJoinPool-1-worker-1	stdout	operator_metric,nitro,31/TrinoNitroAggregationOperator@6153,nitroBoundaryPageIngressPages,30
[WARNING] [stderr] 2026-08-09T00:49:29.021-0600	INFO	ForkJoinPool-1-worker-1	stdout	operator_metric,nitro,31/TrinoNitroAggregationOperator@6153,nitroAggregationInitialKeyNanos,0
[WARNING] [stderr] 2026-08-09T00:49:29.021-0600	INFO	ForkJoinPool-1-worker-1	stdout	operator_metric,nitro,31/TrinoNitroAggregationOperator@6153,nitroAggregationInitialEncodedKeyNanos,0
[WARNING] [stderr] 2026-08-09T00:49:29.021-0600	INFO	ForkJoinPool-1-worker-1	stdout	operator_metric,nitro,31/TrinoNitroAggregationOperator@129,nitroAggregationOutputNanos,29032
[WARNING] [stderr] 2026-08-09T00:49:29.021-0600	INFO	ForkJoinPool-1-worker-1	stdout	operator_metric,nitro,31/TrinoNitroAggregationOperator@129,nitroAggregationPipelineNanos,0
[WARNING] [stderr] 2026-08-09T00:49:29.021-0600	INFO	ForkJoinPool-1-worker-1	stdout	operator_metric,nitro,31/TrinoNitroAggregationOperator@129,nitroAggregationGroupingNanos,32491000
[WARNING] [stderr] 2026-08-09T00:49:29.021-0600	INFO	ForkJoinPool-1-worker-1	stdout	operator_metric,nitro,31/TrinoNitroAggregationOperator@129,nitroAggregationAccumulationNanos,9302993
[WARNING] [stderr] 2026-08-09T00:49:29.021-0600	INFO	ForkJoinPool-1-worker-1	stdout	operator_metric,nitro,31/TrinoNitroAggregationOperator@129,nitroBoundaryNativeEgressDictionaryChannelPositions,0
[WARNING] [stderr] 2026-08-09T00:49:29.021-0600	INFO	ForkJoinPool-1-worker-1	stdout	operator_metric,nitro,31/TrinoNitroAggregationOperator@129,nitroAggregationFusedNanos,0
[WARNING] [stderr] 2026-08-09T00:49:29.021-0600	INFO	ForkJoinPool-1-worker-1	stdout	operator_metric,nitro,31/TrinoNitroAggregationOperator@129,nitroBoundaryPageEgressBytes,12278500
[WARNING] [stderr] 2026-08-09T00:49:29.021-0600	INFO	ForkJoinPool-1-worker-1	stdout	operator_metric,nitro,31/TrinoNitroAggregationOperator@129,nitroAggregationFlushNanos,0
[WARNING] [stderr] 2026-08-09T00:49:29.021-0600	INFO	ForkJoinPool-1-worker-1	stdout	operator_metric,nitro,31/TrinoNitroAggregationOperator@129,nitroBoundaryPageEgressPositions,472250
[WARNING] [stderr] 2026-08-09T00:49:29.021-0600	INFO	ForkJoinPool-1-worker-1	stdout	operator_metric,nitro,31/TrinoNitroAggregationOperator@129,nitroBoundaryPageIngressBytes,16811762
[WARNING] [stderr] 2026-08-09T00:49:29.021-0600	INFO	ForkJoinPool-1-worker-1	stdout	operator_metric,nitro,31/TrinoNitroAggregationOperator@129,nitroBoundaryPageIngressPositions,764171
[WARNING] [stderr] 2026-08-09T00:49:29.021-0600	INFO	ForkJoinPool-1-worker-1	stdout	operator_metric,nitro,31/TrinoNitroAggregationOperator@129,nitroBoundaryPageIngressDictionaryChannelPositions,0
[WARNING] [stderr] 2026-08-09T00:49:29.021-0600	INFO	ForkJoinPool-1-worker-1	stdout	operator_metric,nitro,31/TrinoNitroAggregationOperator@129,nitroAggregationInputNanos,53118560
[WARNING] [stderr] 2026-08-09T00:49:29.021-0600	INFO	ForkJoinPool-1-worker-1	stdout	operator_metric,nitro,31/TrinoNitroAggregationOperator@129,nitroBoundaryPageEgressDictionaryChannelPositions,0
[WARNING] [stderr] 2026-08-09T00:49:29.021-0600	INFO	ForkJoinPool-1-worker-1	stdout	operator_metric,nitro,31/TrinoNitroAggregationOperator@129,nitroAggregationInitialAggregationNanos,0
[WARNING] [stderr] 2026-08-09T00:49:29.021-0600	INFO	ForkJoinPool-1-worker-1	stdout	operator_metric,nitro,31/TrinoNitroAggregationOperator@129,nitroBoundaryPageEgressRunLengthChannelPositions,0
[WARNING] [stderr] 2026-08-09T00:49:29.021-0600	INFO	ForkJoinPool-1-worker-1	stdout	operator_metric,nitro,31/TrinoNitroAggregationOperator@129,nitroBoundaryPageIngressRunLengthChannelPositions,0
[WARNING] [stderr] 2026-08-09T00:49:29.021-0600	INFO	ForkJoinPool-1-worker-1	stdout	operator_metric,nitro,31/TrinoNitroAggregationOperator@129,nitroAggregationInitialFlatKeyNanos,0
[WARNING] [stderr] 2026-08-09T00:49:29.021-0600	INFO	ForkJoinPool-1-worker-1	stdout	operator_metric,nitro,31/TrinoNitroAggregationOperator@129,nitroBoundaryNativeEgressFlatChannelPositions,944500
[WARNING] [stderr] 2026-08-09T00:49:29.021-0600	INFO	ForkJoinPool-1-worker-1	stdout	operator_metric,nitro,31/TrinoNitroAggregationOperator@129,nitroAggregationStatePreparationNanos,11149715
[WARNING] [stderr] 2026-08-09T00:49:29.021-0600	INFO	ForkJoinPool-1-worker-1	stdout	operator_metric,nitro,31/TrinoNitroAggregationOperator@129,nitroBoundaryNativeEgressRunLengthChannelPositions,0
[WARNING] [stderr] 2026-08-09T00:49:29.021-0600	INFO	ForkJoinPool-1-worker-1	stdout	operator_metric,nitro,31/TrinoNitroAggregationOperator@129,nitroBoundaryPageIngressFlatChannelPositions,1528342
[WARNING] [stderr] 2026-08-09T00:49:29.021-0600	INFO	ForkJoinPool-1-worker-1	stdout	operator_metric,nitro,31/TrinoNitroAggregationOperator@129,nitroBoundaryPageEgressFlatChannelPositions,944500
[WARNING] [stderr] 2026-08-09T00:49:29.021-0600	INFO	ForkJoinPool-1-worker-1	stdout	operator_metric,nitro,31/TrinoNitroAggregationOperator@129,nitroBoundaryPageEgressPages,30
[WARNING] [stderr] 2026-08-09T00:49:29.021-0600	INFO	ForkJoinPool-1-worker-1	stdout	operator_metric,nitro,31/TrinoNitroAggregationOperator@129,nitroBoundaryPageIngressPages,12
[WARNING] [stderr] 2026-08-09T00:49:29.021-0600	INFO	ForkJoinPool-1-worker-1	stdout	operator_metric,nitro,31/TrinoNitroAggregationOperator@129,nitroAggregationInitialKeyNanos,0
[WARNING] [stderr] 2026-08-09T00:49:29.021-0600	INFO	ForkJoinPool-1-worker-1	stdout	operator_metric,nitro,31/TrinoNitroAggregationOperator@129,nitroAggregationInitialEncodedKeyNanos,0
[WARNING] [stderr] 2026-08-09T00:49:29.021-0600	INFO	ForkJoinPool-1-worker-1	stdout	operator_metric,nitro,4/TrinoNitroPipelineSourceOperator@5032,nitroAllocatorAllocatedBytes,22960000
[WARNING] [stderr] 2026-08-09T00:49:29.021-0600	INFO	ForkJoinPool-1-worker-1	stdout	operator_metric,nitro,4/TrinoNitroPipelineSourceOperator@5032,nitroBoundaryNativeExchangeMaximumBatchBytes,1640000
[WARNING] [stderr] 2026-08-09T00:49:29.021-0600	INFO	ForkJoinPool-1-worker-1	stdout	operator_metric,nitro,4/TrinoNitroPipelineSourceOperator@5032,nitroAllocatorAllocatedVectorBytes,22960000
[WARNING] [stderr] 2026-08-09T00:49:29.021-0600	INFO	ForkJoinPool-1-worker-1	stdout	operator_metric,nitro,4/TrinoNitroPipelineSourceOperator@5032,nitroAllocatorAllocatedVectorBytes.I32Vector,2240000
[WARNING] [stderr] 2026-08-09T00:49:29.021-0600	INFO	ForkJoinPool-1-worker-1	stdout	operator_metric,nitro,4/TrinoNitroPipelineSourceOperator@5032,nitroAllocatorAllocatedVectorBytes.BooleanVector,2800000
[WARNING] [stderr] 2026-08-09T00:49:29.021-0600	INFO	ForkJoinPool-1-worker-1	stdout	operator_metric,nitro,4/TrinoNitroPipelineSourceOperator@5032,nitroAllocatorAllocatedVectorBytes.I64Vector,17920000
[WARNING] [stderr] 2026-08-09T00:49:29.021-0600	INFO	ForkJoinPool-1-worker-1	stdout	operator_metric,nitro,4/TrinoNitroPipelineSourceOperator@5032,nitroBoundaryNativeExchangeBytes,22960000
[WARNING] [stderr] 2026-08-09T00:49:29.021-0600	INFO	ForkJoinPool-1-worker-1	stdout	operator_metric,nitro,4/TrinoNitroPipelineSourceOperator@5032,nitroBoundaryNativeExchangePositions,131247
[WARNING] [stderr] 2026-08-09T00:49:29.021-0600	INFO	ForkJoinPool-1-worker-1	stdout	operator_metric,nitro,4/TrinoNitroPipelineSourceOperator@5032,nitroBoundaryNativeExchangeBatches,14
[WARNING] [stderr] 2026-08-09T00:49:29.021-0600	INFO	ForkJoinPool-1-worker-1	stdout	operator_metric,nitro,4/TrinoNitroPipelineSourceOperator@5032,nitroAllocatorAllocatedBytes.NitroParquetBatchSource,22960000
[WARNING] [stderr] 2026-08-09T00:49:29.021-0600	INFO	ForkJoinPool-1-worker-1	stdout	operator_metric,nitro,4/TrinoNitroPipelineSourceOperator@5032,nitroAllocatorAllocatedBytes.trino-native-source-ingress,0
[WARNING] [stderr] 2026-08-09T00:49:29.021-0600	INFO	ForkJoinPool-1-worker-1	stdout	operator_metric,nitro,5/TrinoNitroPipelineSourceOperator@2226,nitroAllocatorAllocatedVectorBytes.I32Vector,320000
[WARNING] [stderr] 2026-08-09T00:49:29.021-0600	INFO	ForkJoinPool-1-worker-1	stdout	operator_metric,nitro,5/TrinoNitroPipelineSourceOperator@2226,nitroAllocatorAllocatedBytes.PlanEvaluator,24
[WARNING] [stderr] 2026-08-09T00:49:29.021-0600	INFO	ForkJoinPool-1-worker-1	stdout	operator_metric,nitro,5/TrinoNitroPipelineSourceOperator@2226,nitroBoundaryNativeExchangeBytes,360000
[WARNING] [stderr] 2026-08-09T00:49:29.021-0600	INFO	ForkJoinPool-1-worker-1	stdout	operator_metric,nitro,5/TrinoNitroPipelineSourceOperator@2226,nitroAllocatorAllocatedVectorBytes.I64Vector,320016
[WARNING] [stderr] 2026-08-09T00:49:29.021-0600	INFO	ForkJoinPool-1-worker-1	stdout	operator_metric,nitro,5/TrinoNitroPipelineSourceOperator@2226,nitroAllocatorAllocatedVectorBytes.BooleanVector,120000
[WARNING] [stderr] 2026-08-09T00:49:29.021-0600	INFO	ForkJoinPool-1-worker-1	stdout	operator_metric,nitro,5/TrinoNitroPipelineSourceOperator@2226,nitroAllocatorAllocatedBytes.NitroParquetBatchSource,760000
[WARNING] [stderr] 2026-08-09T00:49:29.021-0600	INFO	ForkJoinPool-1-worker-1	stdout	operator_metric,nitro,5/TrinoNitroPipelineSourceOperator@2226,nitroAllocatorAllocatedBytes.FilterOperator,0
[WARNING] [stderr] 2026-08-09T00:49:29.021-0600	INFO	ForkJoinPool-1-worker-1	stdout	operator_metric,nitro,5/TrinoNitroPipelineSourceOperator@2226,nitroAllocatorAllocatedVectorBytes,760024
[WARNING] [stderr] 2026-08-09T00:49:29.021-0600	INFO	ForkJoinPool-1-worker-1	stdout	operator_metric,nitro,5/TrinoNitroPipelineSourceOperator@2226,nitroAllocatorAllocatedBytes.ProjectOperator,0
[WARNING] [stderr] 2026-08-09T00:49:29.021-0600	INFO	ForkJoinPool-1-worker-1	stdout	operator_metric,nitro,5/TrinoNitroPipelineSourceOperator@2226,nitroAllocatorAllocatedVectorBytes.RleVector,8
[WARNING] [stderr] 2026-08-09T00:49:29.021-0600	INFO	ForkJoinPool-1-worker-1	stdout	operator_metric,nitro,5/TrinoNitroPipelineSourceOperator@2226,nitroBoundaryNativeExchangeBatches,1
[WARNING] [stderr] 2026-08-09T00:49:29.021-0600	INFO	ForkJoinPool-1-worker-1	stdout	operator_metric,nitro,5/TrinoNitroPipelineSourceOperator@2226,nitroAllocatorAllocatedBytes.trino-native-source-ingress,0
[WARNING] [stderr] 2026-08-09T00:49:29.021-0600	INFO	ForkJoinPool-1-worker-1	stdout	operator_metric,nitro,5/TrinoNitroPipelineSourceOperator@2226,nitroAllocatorAllocatedBytes,760024
[WARNING] [stderr] 2026-08-09T00:49:29.021-0600	INFO	ForkJoinPool-1-worker-1	stdout	operator_metric,nitro,5/TrinoNitroPipelineSourceOperator@2226,nitroBoundaryNativeExchangePositions,29
[WARNING] [stderr] 2026-08-09T00:49:29.021-0600	INFO	ForkJoinPool-1-worker-1	stdout	operator_metric,nitro,5/TrinoNitroPipelineSourceOperator@2226,nitroBoundaryNativeExchangeMaximumBatchBytes,360000
[WARNING] [stderr] 2026-08-09T00:49:29.021-0600	INFO	ForkJoinPool-1-worker-1	stdout	operator_metric,nitro,7/TrinoNitroPipelineSourceOperator@5039,nitroBoundaryNativeExchangePositions,16554780
[WARNING] [stderr] 2026-08-09T00:49:29.021-0600	INFO	ForkJoinPool-1-worker-1	stdout	operator_metric,nitro,7/TrinoNitroPipelineSourceOperator@5039,nitroAllocatorAllocatedVectorBytes.I64Vector,1063680000
[WARNING] [stderr] 2026-08-09T00:49:29.021-0600	INFO	ForkJoinPool-1-worker-1	stdout	operator_metric,nitro,7/TrinoNitroPipelineSourceOperator@5039,nitroBoundaryNativeExchangeBytes,1196640000
[WARNING] [stderr] 2026-08-09T00:49:29.021-0600	INFO	ForkJoinPool-1-worker-1	stdout	operator_metric,nitro,7/TrinoNitroPipelineSourceOperator@5039,nitroBoundaryNativeExchangeBatches,1662
[WARNING] [stderr] 2026-08-09T00:49:29.021-0600	INFO	ForkJoinPool-1-worker-1	stdout	operator_metric,nitro,7/TrinoNitroPipelineSourceOperator@5039,nitroAllocatorAllocatedVectorBytes,1196640000
[WARNING] [stderr] 2026-08-09T00:49:29.021-0600	INFO	ForkJoinPool-1-worker-1	stdout	operator_metric,nitro,7/TrinoNitroPipelineSourceOperator@5039,nitroBoundaryNativeExchangeMaximumBatchBytes,8640000
[WARNING] [stderr] 2026-08-09T00:49:29.021-0600	INFO	ForkJoinPool-1-worker-1	stdout	operator_metric,nitro,7/TrinoNitroPipelineSourceOperator@5039,nitroAllocatorAllocatedVectorBytes.BooleanVector,132960000
[WARNING] [stderr] 2026-08-09T00:49:29.021-0600	INFO	ForkJoinPool-1-worker-1	stdout	operator_metric,nitro,7/TrinoNitroPipelineSourceOperator@5039,nitroAllocatorAllocatedBytes.trino-native-source-ingress,0
[WARNING] [stderr] 2026-08-09T00:49:29.021-0600	INFO	ForkJoinPool-1-worker-1	stdout	operator_metric,nitro,7/TrinoNitroPipelineSourceOperator@5039,nitroAllocatorAllocatedBytes,1196640000
[WARNING] [stderr] 2026-08-09T00:49:29.021-0600	INFO	ForkJoinPool-1-worker-1	stdout	operator_metric,nitro,7/TrinoNitroPipelineSourceOperator@5039,nitroAllocatorAllocatedBytes.NitroParquetBatchSource,1196640000
[WARNING] [stderr] 2026-08-09T00:49:29.021-0600	INFO	ForkJoinPool-1-worker-1	stdout	operator_metric,nitro,8/TrinoNitroPipelineSourceOperator@2260,nitroAllocatorAllocatedBytes.trino-native-source-ingress,0
[WARNING] [stderr] 2026-08-09T00:49:29.021-0600	INFO	ForkJoinPool-1-worker-1	stdout	operator_metric,nitro,8/TrinoNitroPipelineSourceOperator@2260,nitroAllocatorAllocatedVectorBytes,760000
[WARNING] [stderr] 2026-08-09T00:49:29.021-0600	INFO	ForkJoinPool-1-worker-1	stdout	operator_metric,nitro,8/TrinoNitroPipelineSourceOperator@2260,nitroAllocatorAllocatedBytes.FilterOperator,0
[WARNING] [stderr] 2026-08-09T00:49:29.021-0600	INFO	ForkJoinPool-1-worker-1	stdout	operator_metric,nitro,8/TrinoNitroPipelineSourceOperator@2260,nitroAllocatorAllocatedBytes.ProjectOperator,0
[WARNING] [stderr] 2026-08-09T00:49:29.021-0600	INFO	ForkJoinPool-1-worker-1	stdout	operator_metric,nitro,8/TrinoNitroPipelineSourceOperator@2260,nitroAllocatorAllocatedVectorBytes.I32Vector,320000
[WARNING] [stderr] 2026-08-09T00:49:29.021-0600	INFO	ForkJoinPool-1-worker-1	stdout	operator_metric,nitro,8/TrinoNitroPipelineSourceOperator@2260,nitroAllocatorAllocatedBytes.NitroParquetBatchSource,760000
[WARNING] [stderr] 2026-08-09T00:49:29.021-0600	INFO	ForkJoinPool-1-worker-1	stdout	operator_metric,nitro,8/TrinoNitroPipelineSourceOperator@2260,nitroBoundaryNativeExchangePositions,1461
[WARNING] [stderr] 2026-08-09T00:49:29.021-0600	INFO	ForkJoinPool-1-worker-1	stdout	operator_metric,nitro,8/TrinoNitroPipelineSourceOperator@2260,nitroBoundaryNativeExchangeBytes,560000
[WARNING] [stderr] 2026-08-09T00:49:29.021-0600	INFO	ForkJoinPool-1-worker-1	stdout	operator_metric,nitro,8/TrinoNitroPipelineSourceOperator@2260,nitroBoundaryNativeExchangeMaximumBatchBytes,560000
[WARNING] [stderr] 2026-08-09T00:49:29.021-0600	INFO	ForkJoinPool-1-worker-1	stdout	operator_metric,nitro,8/TrinoNitroPipelineSourceOperator@2260,nitroAllocatorAllocatedBytes,760000
[WARNING] [stderr] 2026-08-09T00:49:29.021-0600	INFO	ForkJoinPool-1-worker-1	stdout	operator_metric,nitro,8/TrinoNitroPipelineSourceOperator@2260,nitroAllocatorAllocatedVectorBytes.I64Vector,320000
[WARNING] [stderr] 2026-08-09T00:49:29.021-0600	INFO	ForkJoinPool-1-worker-1	stdout	operator_metric,nitro,8/TrinoNitroPipelineSourceOperator@2260,nitroAllocatorAllocatedVectorBytes.BooleanVector,120000
[WARNING] [stderr] 2026-08-09T00:49:29.021-0600	INFO	ForkJoinPool-1-worker-1	stdout	operator_metric,nitro,8/TrinoNitroPipelineSourceOperator@2260,nitroBoundaryNativeExchangeBatches,1
[WARNING] [stderr] 2026-08-09T00:49:29.021-0600	INFO	ForkJoinPool-1-worker-1	stdout	operator_metric,nitro,14/PartitionedOutputOperator@6110,nitroExchangeInputPages,2
[WARNING] [stderr] 2026-08-09T00:49:29.021-0600	INFO	ForkJoinPool-1-worker-1	stdout	operator_metric,nitro,14/PartitionedOutputOperator@6110,nitroExchangeInputRunLengthChannelPositions,0
[WARNING] [stderr] 2026-08-09T00:49:29.021-0600	INFO	ForkJoinPool-1-worker-1	stdout	operator_metric,nitro,14/PartitionedOutputOperator@6110,nitroExchangeInputPositions,764171
[WARNING] [stderr] 2026-08-09T00:49:29.021-0600	INFO	ForkJoinPool-1-worker-1	stdout	operator_metric,nitro,14/PartitionedOutputOperator@6110,nitroExchangeDictionaryUnsupportedPositions,0
[WARNING] [stderr] 2026-08-09T00:49:29.021-0600	INFO	ForkJoinPool-1-worker-1	stdout	operator_metric,nitro,14/PartitionedOutputOperator@6110,nitroExchangeLowDictionaryReusePositions,0
[WARNING] [stderr] 2026-08-09T00:49:29.021-0600	INFO	ForkJoinPool-1-worker-1	stdout	operator_metric,nitro,14/PartitionedOutputOperator@6110,nitroExchangeSmallPagePositions,0
[WARNING] [stderr] 2026-08-09T00:49:29.021-0600	INFO	ForkJoinPool-1-worker-1	stdout	operator_metric,nitro,14/PartitionedOutputOperator@6110,nitroExchangeNoDictionaryPositions,764171
[WARNING] [stderr] 2026-08-09T00:49:29.021-0600	INFO	ForkJoinPool-1-worker-1	stdout	operator_metric,nitro,14/PartitionedOutputOperator@6110,nitroExchangePreservedPositions,0
[WARNING] [stderr] 2026-08-09T00:49:29.021-0600	INFO	ForkJoinPool-1-worker-1	stdout	operator_metric,nitro,14/PartitionedOutputOperator@6110,nitroExchangeRunLengthUnsupportedPositions,0
[WARNING] [stderr] 2026-08-09T00:49:29.021-0600	INFO	ForkJoinPool-1-worker-1	stdout	operator_metric,nitro,14/PartitionedOutputOperator@6110,nitroExchangeInputFlatChannelPositions,1528342
[WARNING] [stderr] 2026-08-09T00:49:29.021-0600	INFO	ForkJoinPool-1-worker-1	stdout	operator_metric,nitro,14/PartitionedOutputOperator@6110,nitroExchangeInputDictionaryChannelPositions,0
[WARNING] [stderr] 2026-08-09T00:49:29.021-0600	INFO	ForkJoinPool-1-worker-1	stdout	operator_metric,nitro,14/TrinoNitroAggregationOperator@6110,nitroAggregationOutputNanos,24857
[WARNING] [stderr] 2026-08-09T00:49:29.021-0600	INFO	ForkJoinPool-1-worker-1	stdout	operator_metric,nitro,14/TrinoNitroAggregationOperator@6110,nitroAggregationPipelineNanos,2183404
[WARNING] [stderr] 2026-08-09T00:49:29.021-0600	INFO	ForkJoinPool-1-worker-1	stdout	operator_metric,nitro,14/TrinoNitroAggregationOperator@6110,nitroAggregationGroupingNanos,217656771
[WARNING] [stderr] 2026-08-09T00:49:29.021-0600	INFO	ForkJoinPool-1-worker-1	stdout	operator_metric,nitro,14/TrinoNitroAggregationOperator@6110,nitroAggregationAccumulationNanos,712373388
[WARNING] [stderr] 2026-08-09T00:49:29.021-0600	INFO	ForkJoinPool-1-worker-1	stdout	operator_metric,nitro,14/TrinoNitroAggregationOperator@6110,nitroBoundaryNativeEgressDictionaryChannelPositions,0
[WARNING] [stderr] 2026-08-09T00:49:29.021-0600	INFO	ForkJoinPool-1-worker-1	stdout	operator_metric,nitro,14/TrinoNitroAggregationOperator@6110,nitroAggregationFusedNanos,0
[WARNING] [stderr] 2026-08-09T00:49:29.021-0600	INFO	ForkJoinPool-1-worker-1	stdout	operator_metric,nitro,14/TrinoNitroAggregationOperator@6110,nitroBoundaryPageEgressBytes,16811762
[WARNING] [stderr] 2026-08-09T00:49:29.021-0600	INFO	ForkJoinPool-1-worker-1	stdout	operator_metric,nitro,14/TrinoNitroAggregationOperator@6110,nitroAggregationFlushNanos,0
[WARNING] [stderr] 2026-08-09T00:49:29.021-0600	INFO	ForkJoinPool-1-worker-1	stdout	operator_metric,nitro,14/TrinoNitroAggregationOperator@6110,nitroBoundaryPageEgressPositions,764171
[WARNING] [stderr] 2026-08-09T00:49:29.021-0600	INFO	ForkJoinPool-1-worker-1	stdout	operator_metric,nitro,14/TrinoNitroAggregationOperator@6110,nitroBoundaryPageIngressBytes,371794862
[WARNING] [stderr] 2026-08-09T00:49:29.021-0600	INFO	ForkJoinPool-1-worker-1	stdout	operator_metric,nitro,14/TrinoNitroAggregationOperator@6110,nitroBoundaryPageIngressPositions,16164994
[WARNING] [stderr] 2026-08-09T00:49:29.021-0600	INFO	ForkJoinPool-1-worker-1	stdout	operator_metric,nitro,14/TrinoNitroAggregationOperator@6110,nitroBoundaryPageIngressDictionaryChannelPositions,0
[WARNING] [stderr] 2026-08-09T00:49:29.021-0600	INFO	ForkJoinPool-1-worker-1	stdout	operator_metric,nitro,14/TrinoNitroAggregationOperator@6110,nitroAggregationInputNanos,937682787
[WARNING] [stderr] 2026-08-09T00:49:29.021-0600	INFO	ForkJoinPool-1-worker-1	stdout	operator_metric,nitro,14/TrinoNitroAggregationOperator@6110,nitroBoundaryPageEgressDictionaryChannelPositions,0
[WARNING] [stderr] 2026-08-09T00:49:29.021-0600	INFO	ForkJoinPool-1-worker-1	stdout	operator_metric,nitro,14/TrinoNitroAggregationOperator@6110,nitroAggregationInitialAggregationNanos,0
[WARNING] [stderr] 2026-08-09T00:49:29.021-0600	INFO	ForkJoinPool-1-worker-1	stdout	operator_metric,nitro,14/TrinoNitroAggregationOperator@6110,nitroBoundaryPageEgressRunLengthChannelPositions,0
[WARNING] [stderr] 2026-08-09T00:49:29.021-0600	INFO	ForkJoinPool-1-worker-1	stdout	operator_metric,nitro,14/TrinoNitroAggregationOperator@6110,nitroBoundaryPageIngressRunLengthChannelPositions,0
[WARNING] [stderr] 2026-08-09T00:49:29.021-0600	INFO	ForkJoinPool-1-worker-1	stdout	operator_metric,nitro,14/TrinoNitroAggregationOperator@6110,nitroAggregationInitialFlatKeyNanos,0
[WARNING] [stderr] 2026-08-09T00:49:29.021-0600	INFO	ForkJoinPool-1-worker-1	stdout	operator_metric,nitro,14/TrinoNitroAggregationOperator@6110,nitroBoundaryNativeEgressFlatChannelPositions,1528342
[WARNING] [stderr] 2026-08-09T00:49:29.021-0600	INFO	ForkJoinPool-1-worker-1	stdout	operator_metric,nitro,14/TrinoNitroAggregationOperator@6110,nitroAggregationStatePreparationNanos,7205506
[WARNING] [stderr] 2026-08-09T00:49:29.021-0600	INFO	ForkJoinPool-1-worker-1	stdout	operator_metric,nitro,14/TrinoNitroAggregationOperator@6110,nitroBoundaryNativeEgressRunLengthChannelPositions,0
[WARNING] [stderr] 2026-08-09T00:49:29.021-0600	INFO	ForkJoinPool-1-worker-1	stdout	operator_metric,nitro,14/TrinoNitroAggregationOperator@6110,nitroBoundaryPageIngressFlatChannelPositions,48494982
[WARNING] [stderr] 2026-08-09T00:49:29.021-0600	INFO	ForkJoinPool-1-worker-1	stdout	operator_metric,nitro,14/TrinoNitroAggregationOperator@6110,nitroBoundaryPageEgressFlatChannelPositions,1528342
[WARNING] [stderr] 2026-08-09T00:49:29.021-0600	INFO	ForkJoinPool-1-worker-1	stdout	operator_metric,nitro,14/TrinoNitroAggregationOperator@6110,nitroBoundaryPageEgressPages,2
[WARNING] [stderr] 2026-08-09T00:49:29.021-0600	INFO	ForkJoinPool-1-worker-1	stdout	operator_metric,nitro,14/TrinoNitroAggregationOperator@6110,nitroBoundaryPageIngressPages,1879
[WARNING] [stderr] 2026-08-09T00:49:29.021-0600	INFO	ForkJoinPool-1-worker-1	stdout	operator_metric,nitro,14/TrinoNitroAggregationOperator@6110,nitroAggregationInitialKeyNanos,0
[WARNING] [stderr] 2026-08-09T00:49:29.021-0600	INFO	ForkJoinPool-1-worker-1	stdout	operator_metric,nitro,14/TrinoNitroAggregationOperator@6110,nitroAggregationInitialEncodedKeyNanos,0
[WARNING] [stderr] 2026-08-09T00:49:29.021-0600	INFO	ForkJoinPool-1-worker-1	stdout	operator_metric,nitro,14/TrinoNitroHashJoinOperator@40,nitroBoundaryPageEgressPages,1879
[WARNING] [stderr] 2026-08-09T00:49:29.021-0600	INFO	ForkJoinPool-1-worker-1	stdout	operator_metric,nitro,14/TrinoNitroHashJoinOperator@40,nitroBoundaryPageIngressFlatChannelPositions,64659976
[WARNING] [stderr] 2026-08-09T00:49:29.021-0600	INFO	ForkJoinPool-1-worker-1	stdout	operator_metric,nitro,14/TrinoNitroHashJoinOperator@40,nitroBoundaryPageEgressRunLengthChannelPositions,0
[WARNING] [stderr] 2026-08-09T00:49:29.021-0600	INFO	ForkJoinPool-1-worker-1	stdout	operator_metric,nitro,14/TrinoNitroHashJoinOperator@40,nitroBoundaryNativeEgressFlatChannelPositions,48494982
[WARNING] [stderr] 2026-08-09T00:49:29.021-0600	INFO	ForkJoinPool-1-worker-1	stdout	operator_metric,nitro,14/TrinoNitroHashJoinOperator@40,nitroBoundaryNativeEgressRunLengthChannelPositions,0
[WARNING] [stderr] 2026-08-09T00:49:29.021-0600	INFO	ForkJoinPool-1-worker-1	stdout	operator_metric,nitro,14/TrinoNitroHashJoinOperator@40,nitroBoundaryPageEgressDictionaryChannelPositions,0
[WARNING] [stderr] 2026-08-09T00:49:29.021-0600	INFO	ForkJoinPool-1-worker-1	stdout	operator_metric,nitro,14/TrinoNitroHashJoinOperator@40,nitroBoundaryPageEgressBytes,371794862
[WARNING] [stderr] 2026-08-09T00:49:29.021-0600	INFO	ForkJoinPool-1-worker-1	stdout	operator_metric,nitro,14/TrinoNitroHashJoinOperator@40,nitroBoundaryPageIngressPages,470
[WARNING] [stderr] 2026-08-09T00:49:29.021-0600	INFO	ForkJoinPool-1-worker-1	stdout	operator_metric,nitro,14/TrinoNitroHashJoinOperator@40,nitroBoundaryPageIngressPositions,16164994
[WARNING] [stderr] 2026-08-09T00:49:29.021-0600	INFO	ForkJoinPool-1-worker-1	stdout	operator_metric,nitro,14/TrinoNitroHashJoinOperator@40,nitroBoundaryPageIngressRunLengthChannelPositions,0
[WARNING] [stderr] 2026-08-09T00:49:29.021-0600	INFO	ForkJoinPool-1-worker-1	stdout	operator_metric,nitro,14/TrinoNitroHashJoinOperator@40,nitroBoundaryNativeEgressDictionaryChannelPositions,0
[WARNING] [stderr] 2026-08-09T00:49:29.021-0600	INFO	ForkJoinPool-1-worker-1	stdout	operator_metric,nitro,14/TrinoNitroHashJoinOperator@40,nitroBoundaryPageEgressFlatChannelPositions,48494982
[WARNING] [stderr] 2026-08-09T00:49:29.021-0600	INFO	ForkJoinPool-1-worker-1	stdout	operator_metric,nitro,14/TrinoNitroHashJoinOperator@40,nitroBoundaryPageEgressPositions,16164994
[WARNING] [stderr] 2026-08-09T00:49:29.021-0600	INFO	ForkJoinPool-1-worker-1	stdout	operator_metric,nitro,14/TrinoNitroHashJoinOperator@40,nitroBoundaryPageIngressBytes,517279808
[WARNING] [stderr] 2026-08-09T00:49:29.021-0600	INFO	ForkJoinPool-1-worker-1	stdout	operator_metric,nitro,14/TrinoNitroHashJoinOperator@40,nitroBoundaryPageIngressDictionaryChannelPositions,0
[WARNING] [stderr] 2026-08-09T00:49:29.021-0600	INFO	ForkJoinPool-1-worker-1	stdout	operator_metric,nitro,22/TrinoNitroPipelineSourceOperator@5075,nitroAllocatorAllocatedBytes,26240000
[WARNING] [stderr] 2026-08-09T00:49:29.021-0600	INFO	ForkJoinPool-1-worker-1	stdout	operator_metric,nitro,22/TrinoNitroPipelineSourceOperator@5075,nitroBoundaryNativeExchangeMaximumBatchBytes,6560000
[WARNING] [stderr] 2026-08-09T00:49:29.021-0600	INFO	ForkJoinPool-1-worker-1	stdout	operator_metric,nitro,22/TrinoNitroPipelineSourceOperator@5075,nitroAllocatorAllocatedVectorBytes,26240000
[WARNING] [stderr] 2026-08-09T00:49:29.021-0600	INFO	ForkJoinPool-1-worker-1	stdout	operator_metric,nitro,22/TrinoNitroPipelineSourceOperator@5075,nitroAllocatorAllocatedVectorBytes.I32Vector,2560000
[WARNING] [stderr] 2026-08-09T00:49:29.021-0600	INFO	ForkJoinPool-1-worker-1	stdout	operator_metric,nitro,22/TrinoNitroPipelineSourceOperator@5075,nitroAllocatorAllocatedVectorBytes.BooleanVector,3200000
[WARNING] [stderr] 2026-08-09T00:49:29.021-0600	INFO	ForkJoinPool-1-worker-1	stdout	operator_metric,nitro,22/TrinoNitroPipelineSourceOperator@5075,nitroAllocatorAllocatedVectorBytes.I64Vector,20480000
[WARNING] [stderr] 2026-08-09T00:49:29.021-0600	INFO	ForkJoinPool-1-worker-1	stdout	operator_metric,nitro,22/TrinoNitroPipelineSourceOperator@5075,nitroBoundaryNativeExchangeBytes,26240000
[WARNING] [stderr] 2026-08-09T00:49:29.021-0600	INFO	ForkJoinPool-1-worker-1	stdout	operator_metric,nitro,22/TrinoNitroPipelineSourceOperator@5075,nitroBoundaryNativeExchangePositions,64097
[WARNING] [stderr] 2026-08-09T00:49:29.021-0600	INFO	ForkJoinPool-1-worker-1	stdout	operator_metric,nitro,22/TrinoNitroPipelineSourceOperator@5075,nitroBoundaryNativeExchangeBatches,16
[WARNING] [stderr] 2026-08-09T00:49:29.021-0600	INFO	ForkJoinPool-1-worker-1	stdout	operator_metric,nitro,22/TrinoNitroPipelineSourceOperator@5075,nitroAllocatorAllocatedBytes.NitroParquetBatchSource,26240000
[WARNING] [stderr] 2026-08-09T00:49:29.021-0600	INFO	ForkJoinPool-1-worker-1	stdout	operator_metric,nitro,22/TrinoNitroPipelineSourceOperator@5075,nitroAllocatorAllocatedBytes.trino-native-source-ingress,0
[WARNING] [stderr] 2026-08-09T00:49:29.021-0600	INFO	ForkJoinPool-1-worker-1	stdout	operator_metric,nitro,23/TrinoNitroPipelineSourceOperator@2331,nitroAllocatorAllocatedVectorBytes.I32Vector,320000
[WARNING] [stderr] 2026-08-09T00:49:29.021-0600	INFO	ForkJoinPool-1-worker-1	stdout	operator_metric,nitro,23/TrinoNitroPipelineSourceOperator@2331,nitroAllocatorAllocatedBytes.PlanEvaluator,24
[WARNING] [stderr] 2026-08-09T00:49:29.021-0600	INFO	ForkJoinPool-1-worker-1	stdout	operator_metric,nitro,23/TrinoNitroPipelineSourceOperator@2331,nitroBoundaryNativeExchangeBytes,360000
[WARNING] [stderr] 2026-08-09T00:49:29.021-0600	INFO	ForkJoinPool-1-worker-1	stdout	operator_metric,nitro,23/TrinoNitroPipelineSourceOperator@2331,nitroAllocatorAllocatedVectorBytes.I64Vector,320016
[WARNING] [stderr] 2026-08-09T00:49:29.021-0600	INFO	ForkJoinPool-1-worker-1	stdout	operator_metric,nitro,23/TrinoNitroPipelineSourceOperator@2331,nitroAllocatorAllocatedVectorBytes.BooleanVector,120000
[WARNING] [stderr] 2026-08-09T00:49:29.021-0600	INFO	ForkJoinPool-1-worker-1	stdout	operator_metric,nitro,23/TrinoNitroPipelineSourceOperator@2331,nitroAllocatorAllocatedBytes.NitroParquetBatchSource,760000
[WARNING] [stderr] 2026-08-09T00:49:29.021-0600	INFO	ForkJoinPool-1-worker-1	stdout	operator_metric,nitro,23/TrinoNitroPipelineSourceOperator@2331,nitroAllocatorAllocatedBytes.FilterOperator,0
[WARNING] [stderr] 2026-08-09T00:49:29.021-0600	INFO	ForkJoinPool-1-worker-1	stdout	operator_metric,nitro,23/TrinoNitroPipelineSourceOperator@2331,nitroAllocatorAllocatedVectorBytes,760024
[WARNING] [stderr] 2026-08-09T00:49:29.021-0600	INFO	ForkJoinPool-1-worker-1	stdout	operator_metric,nitro,23/TrinoNitroPipelineSourceOperator@2331,nitroAllocatorAllocatedBytes.ProjectOperator,0
[WARNING] [stderr] 2026-08-09T00:49:29.021-0600	INFO	ForkJoinPool-1-worker-1	stdout	operator_metric,nitro,23/TrinoNitroPipelineSourceOperator@2331,nitroAllocatorAllocatedVectorBytes.RleVector,8
[WARNING] [stderr] 2026-08-09T00:49:29.021-0600	INFO	ForkJoinPool-1-worker-1	stdout	operator_metric,nitro,23/TrinoNitroPipelineSourceOperator@2331,nitroBoundaryNativeExchangeBatches,1
[WARNING] [stderr] 2026-08-09T00:49:29.021-0600	INFO	ForkJoinPool-1-worker-1	stdout	operator_metric,nitro,23/TrinoNitroPipelineSourceOperator@2331,nitroAllocatorAllocatedBytes.trino-native-source-ingress,0
[WARNING] [stderr] 2026-08-09T00:49:29.021-0600	INFO	ForkJoinPool-1-worker-1	stdout	operator_metric,nitro,23/TrinoNitroPipelineSourceOperator@2331,nitroAllocatorAllocatedBytes,760024
[WARNING] [stderr] 2026-08-09T00:49:29.021-0600	INFO	ForkJoinPool-1-worker-1	stdout	operator_metric,nitro,23/TrinoNitroPipelineSourceOperator@2331,nitroBoundaryNativeExchangePositions,29
[WARNING] [stderr] 2026-08-09T00:49:29.021-0600	INFO	ForkJoinPool-1-worker-1	stdout	operator_metric,nitro,23/TrinoNitroPipelineSourceOperator@2331,nitroBoundaryNativeExchangeMaximumBatchBytes,360000
[WARNING] [stderr] 2026-08-09T00:49:29.021-0600	INFO	ForkJoinPool-1-worker-1	stdout	operator_metric,nitro,25/TrinoNitroPipelineSourceOperator@5082,nitroBoundaryNativeExchangePositions,16554780
[WARNING] [stderr] 2026-08-09T00:49:29.021-0600	INFO	ForkJoinPool-1-worker-1	stdout	operator_metric,nitro,25/TrinoNitroPipelineSourceOperator@5082,nitroAllocatorAllocatedVectorBytes.I64Vector,1063680000
[WARNING] [stderr] 2026-08-09T00:49:29.021-0600	INFO	ForkJoinPool-1-worker-1	stdout	operator_metric,nitro,25/TrinoNitroPipelineSourceOperator@5082,nitroBoundaryNativeExchangeBytes,1196640000
[WARNING] [stderr] 2026-08-09T00:49:29.022-0600	INFO	ForkJoinPool-1-worker-1	stdout	operator_metric,nitro,25/TrinoNitroPipelineSourceOperator@5082,nitroBoundaryNativeExchangeBatches,1662
[WARNING] [stderr] 2026-08-09T00:49:29.022-0600	INFO	ForkJoinPool-1-worker-1	stdout	operator_metric,nitro,25/TrinoNitroPipelineSourceOperator@5082,nitroAllocatorAllocatedVectorBytes,1196640000
[WARNING] [stderr] 2026-08-09T00:49:29.022-0600	INFO	ForkJoinPool-1-worker-1	stdout	operator_metric,nitro,25/TrinoNitroPipelineSourceOperator@5082,nitroBoundaryNativeExchangeMaximumBatchBytes,8640000
[WARNING] [stderr] 2026-08-09T00:49:29.022-0600	INFO	ForkJoinPool-1-worker-1	stdout	operator_metric,nitro,25/TrinoNitroPipelineSourceOperator@5082,nitroAllocatorAllocatedVectorBytes.BooleanVector,132960000
[WARNING] [stderr] 2026-08-09T00:49:29.022-0600	INFO	ForkJoinPool-1-worker-1	stdout	operator_metric,nitro,25/TrinoNitroPipelineSourceOperator@5082,nitroAllocatorAllocatedBytes.trino-native-source-ingress,0
[WARNING] [stderr] 2026-08-09T00:49:29.022-0600	INFO	ForkJoinPool-1-worker-1	stdout	operator_metric,nitro,25/TrinoNitroPipelineSourceOperator@5082,nitroAllocatorAllocatedBytes,1196640000
[WARNING] [stderr] 2026-08-09T00:49:29.022-0600	INFO	ForkJoinPool-1-worker-1	stdout	operator_metric,nitro,25/TrinoNitroPipelineSourceOperator@5082,nitroAllocatorAllocatedBytes.NitroParquetBatchSource,1196640000
[WARNING] [stderr] 2026-08-09T00:49:29.022-0600	INFO	ForkJoinPool-1-worker-1	stdout	operator_metric,nitro,26/TrinoNitroPipelineSourceOperator@2365,nitroAllocatorAllocatedBytes.trino-native-source-ingress,0
[WARNING] [stderr] 2026-08-09T00:49:29.022-0600	INFO	ForkJoinPool-1-worker-1	stdout	operator_metric,nitro,26/TrinoNitroPipelineSourceOperator@2365,nitroAllocatorAllocatedVectorBytes,760000
[WARNING] [stderr] 2026-08-09T00:49:29.022-0600	INFO	ForkJoinPool-1-worker-1	stdout	operator_metric,nitro,26/TrinoNitroPipelineSourceOperator@2365,nitroAllocatorAllocatedBytes.FilterOperator,0
[WARNING] [stderr] 2026-08-09T00:49:29.022-0600	INFO	ForkJoinPool-1-worker-1	stdout	operator_metric,nitro,26/TrinoNitroPipelineSourceOperator@2365,nitroAllocatorAllocatedBytes.ProjectOperator,0
[WARNING] [stderr] 2026-08-09T00:49:29.022-0600	INFO	ForkJoinPool-1-worker-1	stdout	operator_metric,nitro,26/TrinoNitroPipelineSourceOperator@2365,nitroAllocatorAllocatedVectorBytes.I32Vector,320000
[WARNING] [stderr] 2026-08-09T00:49:29.022-0600	INFO	ForkJoinPool-1-worker-1	stdout	operator_metric,nitro,26/TrinoNitroPipelineSourceOperator@2365,nitroAllocatorAllocatedBytes.NitroParquetBatchSource,760000
[WARNING] [stderr] 2026-08-09T00:49:29.022-0600	INFO	ForkJoinPool-1-worker-1	stdout	operator_metric,nitro,26/TrinoNitroPipelineSourceOperator@2365,nitroBoundaryNativeExchangePositions,1461
[WARNING] [stderr] 2026-08-09T00:49:29.022-0600	INFO	ForkJoinPool-1-worker-1	stdout	operator_metric,nitro,26/TrinoNitroPipelineSourceOperator@2365,nitroBoundaryNativeExchangeBytes,560000
[WARNING] [stderr] 2026-08-09T00:49:29.022-0600	INFO	ForkJoinPool-1-worker-1	stdout	operator_metric,nitro,26/TrinoNitroPipelineSourceOperator@2365,nitroBoundaryNativeExchangeMaximumBatchBytes,560000
[WARNING] [stderr] 2026-08-09T00:49:29.022-0600	INFO	ForkJoinPool-1-worker-1	stdout	operator_metric,nitro,26/TrinoNitroPipelineSourceOperator@2365,nitroAllocatorAllocatedBytes,760000
[WARNING] [stderr] 2026-08-09T00:49:29.022-0600	INFO	ForkJoinPool-1-worker-1	stdout	operator_metric,nitro,26/TrinoNitroPipelineSourceOperator@2365,nitroAllocatorAllocatedVectorBytes.I64Vector,320000
[WARNING] [stderr] 2026-08-09T00:49:29.022-0600	INFO	ForkJoinPool-1-worker-1	stdout	operator_metric,nitro,26/TrinoNitroPipelineSourceOperator@2365,nitroAllocatorAllocatedVectorBytes.BooleanVector,120000
[WARNING] [stderr] 2026-08-09T00:49:29.022-0600	INFO	ForkJoinPool-1-worker-1	stdout	operator_metric,nitro,26/TrinoNitroPipelineSourceOperator@2365,nitroBoundaryNativeExchangeBatches,1
[WARNING] [stderr] 2026-08-09T00:49:29.022-0600	INFO	ForkJoinPool-1-worker-1	stdout	operator_metric,nitro,32/PartitionedOutputOperator@6168,nitroExchangeInputPages,2
[WARNING] [stderr] 2026-08-09T00:49:29.022-0600	INFO	ForkJoinPool-1-worker-1	stdout	operator_metric,nitro,32/PartitionedOutputOperator@6168,nitroExchangeInputRunLengthChannelPositions,0
[WARNING] [stderr] 2026-08-09T00:49:29.022-0600	INFO	ForkJoinPool-1-worker-1	stdout	operator_metric,nitro,32/PartitionedOutputOperator@6168,nitroExchangeInputPositions,764171
[WARNING] [stderr] 2026-08-09T00:49:29.022-0600	INFO	ForkJoinPool-1-worker-1	stdout	operator_metric,nitro,32/PartitionedOutputOperator@6168,nitroExchangeDictionaryUnsupportedPositions,0
[WARNING] [stderr] 2026-08-09T00:49:29.022-0600	INFO	ForkJoinPool-1-worker-1	stdout	operator_metric,nitro,32/PartitionedOutputOperator@6168,nitroExchangeLowDictionaryReusePositions,0
[WARNING] [stderr] 2026-08-09T00:49:29.022-0600	INFO	ForkJoinPool-1-worker-1	stdout	operator_metric,nitro,32/PartitionedOutputOperator@6168,nitroExchangeSmallPagePositions,0
[WARNING] [stderr] 2026-08-09T00:49:29.022-0600	INFO	ForkJoinPool-1-worker-1	stdout	operator_metric,nitro,32/PartitionedOutputOperator@6168,nitroExchangeNoDictionaryPositions,764171
[WARNING] [stderr] 2026-08-09T00:49:29.022-0600	INFO	ForkJoinPool-1-worker-1	stdout	operator_metric,nitro,32/PartitionedOutputOperator@6168,nitroExchangePreservedPositions,0
[WARNING] [stderr] 2026-08-09T00:49:29.022-0600	INFO	ForkJoinPool-1-worker-1	stdout	operator_metric,nitro,32/PartitionedOutputOperator@6168,nitroExchangeRunLengthUnsupportedPositions,0
[WARNING] [stderr] 2026-08-09T00:49:29.022-0600	INFO	ForkJoinPool-1-worker-1	stdout	operator_metric,nitro,32/PartitionedOutputOperator@6168,nitroExchangeInputFlatChannelPositions,1528342
[WARNING] [stderr] 2026-08-09T00:49:29.022-0600	INFO	ForkJoinPool-1-worker-1	stdout	operator_metric,nitro,32/PartitionedOutputOperator@6168,nitroExchangeInputDictionaryChannelPositions,0
[WARNING] [stderr] 2026-08-09T00:49:29.022-0600	INFO	ForkJoinPool-1-worker-1	stdout	operator_metric,nitro,32/TrinoNitroAggregationOperator@6168,nitroAggregationOutputNanos,57408
[WARNING] [stderr] 2026-08-09T00:49:29.022-0600	INFO	ForkJoinPool-1-worker-1	stdout	operator_metric,nitro,32/TrinoNitroAggregationOperator@6168,nitroAggregationPipelineNanos,7984464
[WARNING] [stderr] 2026-08-09T00:49:29.022-0600	INFO	ForkJoinPool-1-worker-1	stdout	operator_metric,nitro,32/TrinoNitroAggregationOperator@6168,nitroAggregationGroupingNanos,297889705
[WARNING] [stderr] 2026-08-09T00:49:29.022-0600	INFO	ForkJoinPool-1-worker-1	stdout	operator_metric,nitro,32/TrinoNitroAggregationOperator@6168,nitroAggregationAccumulationNanos,814004662
[WARNING] [stderr] 2026-08-09T00:49:29.022-0600	INFO	ForkJoinPool-1-worker-1	stdout	operator_metric,nitro,32/TrinoNitroAggregationOperator@6168,nitroBoundaryNativeEgressDictionaryChannelPositions,0
[WARNING] [stderr] 2026-08-09T00:49:29.022-0600	INFO	ForkJoinPool-1-worker-1	stdout	operator_metric,nitro,32/TrinoNitroAggregationOperator@6168,nitroAggregationFusedNanos,0
[WARNING] [stderr] 2026-08-09T00:49:29.022-0600	INFO	ForkJoinPool-1-worker-1	stdout	operator_metric,nitro,32/TrinoNitroAggregationOperator@6168,nitroBoundaryPageEgressBytes,16811762
[WARNING] [stderr] 2026-08-09T00:49:29.022-0600	INFO	ForkJoinPool-1-worker-1	stdout	operator_metric,nitro,32/TrinoNitroAggregationOperator@6168,nitroAggregationFlushNanos,0
[WARNING] [stderr] 2026-08-09T00:49:29.022-0600	INFO	ForkJoinPool-1-worker-1	stdout	operator_metric,nitro,32/TrinoNitroAggregationOperator@6168,nitroBoundaryPageEgressPositions,764171
[WARNING] [stderr] 2026-08-09T00:49:29.022-0600	INFO	ForkJoinPool-1-worker-1	stdout	operator_metric,nitro,32/TrinoNitroAggregationOperator@6168,nitroBoundaryPageIngressBytes,371794862
[WARNING] [stderr] 2026-08-09T00:49:29.022-0600	INFO	ForkJoinPool-1-worker-1	stdout	operator_metric,nitro,32/TrinoNitroAggregationOperator@6168,nitroBoundaryPageIngressPositions,16164994
[WARNING] [stderr] 2026-08-09T00:49:29.022-0600	INFO	ForkJoinPool-1-worker-1	stdout	operator_metric,nitro,32/TrinoNitroAggregationOperator@6168,nitroBoundaryPageIngressDictionaryChannelPositions,0
[WARNING] [stderr] 2026-08-09T00:49:29.022-0600	INFO	ForkJoinPool-1-worker-1	stdout	operator_metric,nitro,32/TrinoNitroAggregationOperator@6168,nitroAggregationInputNanos,1116617793
[WARNING] [stderr] 2026-08-09T00:49:29.022-0600	INFO	ForkJoinPool-1-worker-1	stdout	operator_metric,nitro,32/TrinoNitroAggregationOperator@6168,nitroBoundaryPageEgressDictionaryChannelPositions,0
[WARNING] [stderr] 2026-08-09T00:49:29.022-0600	INFO	ForkJoinPool-1-worker-1	stdout	operator_metric,nitro,32/TrinoNitroAggregationOperator@6168,nitroAggregationInitialAggregationNanos,0
[WARNING] [stderr] 2026-08-09T00:49:29.022-0600	INFO	ForkJoinPool-1-worker-1	stdout	operator_metric,nitro,32/TrinoNitroAggregationOperator@6168,nitroBoundaryPageEgressRunLengthChannelPositions,0
[WARNING] [stderr] 2026-08-09T00:49:29.022-0600	INFO	ForkJoinPool-1-worker-1	stdout	operator_metric,nitro,32/TrinoNitroAggregationOperator@6168,nitroBoundaryPageIngressRunLengthChannelPositions,0
[WARNING] [stderr] 2026-08-09T00:49:29.022-0600	INFO	ForkJoinPool-1-worker-1	stdout	operator_metric,nitro,32/TrinoNitroAggregationOperator@6168,nitroAggregationInitialFlatKeyNanos,0
[WARNING] [stderr] 2026-08-09T00:49:29.022-0600	INFO	ForkJoinPool-1-worker-1	stdout	operator_metric,nitro,32/TrinoNitroAggregationOperator@6168,nitroBoundaryNativeEgressFlatChannelPositions,1528342
[WARNING] [stderr] 2026-08-09T00:49:29.022-0600	INFO	ForkJoinPool-1-worker-1	stdout	operator_metric,nitro,32/TrinoNitroAggregationOperator@6168,nitroAggregationStatePreparationNanos,4239844
[WARNING] [stderr] 2026-08-09T00:49:29.022-0600	INFO	ForkJoinPool-1-worker-1	stdout	operator_metric,nitro,32/TrinoNitroAggregationOperator@6168,nitroBoundaryNativeEgressRunLengthChannelPositions,0
[WARNING] [stderr] 2026-08-09T00:49:29.022-0600	INFO	ForkJoinPool-1-worker-1	stdout	operator_metric,nitro,32/TrinoNitroAggregationOperator@6168,nitroBoundaryPageIngressFlatChannelPositions,48494982
[WARNING] [stderr] 2026-08-09T00:49:29.022-0600	INFO	ForkJoinPool-1-worker-1	stdout	operator_metric,nitro,32/TrinoNitroAggregationOperator@6168,nitroBoundaryPageEgressFlatChannelPositions,1528342
[WARNING] [stderr] 2026-08-09T00:49:29.022-0600	INFO	ForkJoinPool-1-worker-1	stdout	operator_metric,nitro,32/TrinoNitroAggregationOperator@6168,nitroBoundaryPageEgressPages,2
[WARNING] [stderr] 2026-08-09T00:49:29.022-0600	INFO	ForkJoinPool-1-worker-1	stdout	operator_metric,nitro,32/TrinoNitroAggregationOperator@6168,nitroBoundaryPageIngressPages,1879
[WARNING] [stderr] 2026-08-09T00:49:29.022-0600	INFO	ForkJoinPool-1-worker-1	stdout	operator_metric,nitro,32/TrinoNitroAggregationOperator@6168,nitroAggregationInitialKeyNanos,0
[WARNING] [stderr] 2026-08-09T00:49:29.022-0600	INFO	ForkJoinPool-1-worker-1	stdout	operator_metric,nitro,32/TrinoNitroAggregationOperator@6168,nitroAggregationInitialEncodedKeyNanos,0
[WARNING] [stderr] 2026-08-09T00:49:29.022-0600	INFO	ForkJoinPool-1-worker-1	stdout	operator_metric,nitro,32/TrinoNitroHashJoinOperator@124,nitroBoundaryPageEgressPages,1879
[WARNING] [stderr] 2026-08-09T00:49:29.022-0600	INFO	ForkJoinPool-1-worker-1	stdout	operator_metric,nitro,32/TrinoNitroHashJoinOperator@124,nitroBoundaryPageIngressFlatChannelPositions,64659976
[WARNING] [stderr] 2026-08-09T00:49:29.022-0600	INFO	ForkJoinPool-1-worker-1	stdout	operator_metric,nitro,32/TrinoNitroHashJoinOperator@124,nitroBoundaryPageEgressRunLengthChannelPositions,0
[WARNING] [stderr] 2026-08-09T00:49:29.022-0600	INFO	ForkJoinPool-1-worker-1	stdout	operator_metric,nitro,32/TrinoNitroHashJoinOperator@124,nitroBoundaryNativeEgressFlatChannelPositions,48494982
[WARNING] [stderr] 2026-08-09T00:49:29.022-0600	INFO	ForkJoinPool-1-worker-1	stdout	operator_metric,nitro,32/TrinoNitroHashJoinOperator@124,nitroBoundaryNativeEgressRunLengthChannelPositions,0
[WARNING] [stderr] 2026-08-09T00:49:29.022-0600	INFO	ForkJoinPool-1-worker-1	stdout	operator_metric,nitro,32/TrinoNitroHashJoinOperator@124,nitroBoundaryPageEgressDictionaryChannelPositions,0
[WARNING] [stderr] 2026-08-09T00:49:29.022-0600	INFO	ForkJoinPool-1-worker-1	stdout	operator_metric,nitro,32/TrinoNitroHashJoinOperator@124,nitroBoundaryPageEgressBytes,371794862
[WARNING] [stderr] 2026-08-09T00:49:29.022-0600	INFO	ForkJoinPool-1-worker-1	stdout	operator_metric,nitro,32/TrinoNitroHashJoinOperator@124,nitroBoundaryPageIngressPages,471
[WARNING] [stderr] 2026-08-09T00:49:29.022-0600	INFO	ForkJoinPool-1-worker-1	stdout	operator_metric,nitro,32/TrinoNitroHashJoinOperator@124,nitroBoundaryPageIngressPositions,16164994
[WARNING] [stderr] 2026-08-09T00:49:29.022-0600	INFO	ForkJoinPool-1-worker-1	stdout	operator_metric,nitro,32/TrinoNitroHashJoinOperator@124,nitroBoundaryPageIngressRunLengthChannelPositions,0
[WARNING] [stderr] 2026-08-09T00:49:29.022-0600	INFO	ForkJoinPool-1-worker-1	stdout	operator_metric,nitro,32/TrinoNitroHashJoinOperator@124,nitroBoundaryNativeEgressDictionaryChannelPositions,0
[WARNING] [stderr] 2026-08-09T00:49:29.022-0600	INFO	ForkJoinPool-1-worker-1	stdout	operator_metric,nitro,32/TrinoNitroHashJoinOperator@124,nitroBoundaryPageEgressFlatChannelPositions,48494982
[WARNING] [stderr] 2026-08-09T00:49:29.022-0600	INFO	ForkJoinPool-1-worker-1	stdout	operator_metric,nitro,32/TrinoNitroHashJoinOperator@124,nitroBoundaryPageEgressPositions,16164994
[WARNING] [stderr] 2026-08-09T00:49:29.022-0600	INFO	ForkJoinPool-1-worker-1	stdout	operator_metric,nitro,32/TrinoNitroHashJoinOperator@124,nitroBoundaryPageIngressBytes,517279808
[WARNING] [stderr] 2026-08-09T00:49:29.022-0600	INFO	ForkJoinPool-1-worker-1	stdout	operator_metric,nitro,32/TrinoNitroHashJoinOperator@124,nitroBoundaryPageIngressDictionaryChannelPositions,0
[WARNING] [stderr] 2026-08-09T00:49:29.022-0600	INFO	ForkJoinPool-1-worker-1	stdout	operator_metric,nitro,15/PartitionedOutputOperator@38,nitroExchangeInputPages,1891
[WARNING] [stderr] 2026-08-09T00:49:29.022-0600	INFO	ForkJoinPool-1-worker-1	stdout	operator_metric,nitro,15/PartitionedOutputOperator@38,nitroExchangeInputRunLengthChannelPositions,0
[WARNING] [stderr] 2026-08-09T00:49:29.022-0600	INFO	ForkJoinPool-1-worker-1	stdout	operator_metric,nitro,15/PartitionedOutputOperator@38,nitroExchangeInputPositions,16164994
[WARNING] [stderr] 2026-08-09T00:49:29.022-0600	INFO	ForkJoinPool-1-worker-1	stdout	operator_metric,nitro,15/PartitionedOutputOperator@38,nitroExchangeDictionaryUnsupportedPositions,0
[WARNING] [stderr] 2026-08-09T00:49:29.022-0600	INFO	ForkJoinPool-1-worker-1	stdout	operator_metric,nitro,15/PartitionedOutputOperator@38,nitroExchangeLowDictionaryReusePositions,0
[WARNING] [stderr] 2026-08-09T00:49:29.022-0600	INFO	ForkJoinPool-1-worker-1	stdout	operator_metric,nitro,15/PartitionedOutputOperator@38,nitroExchangeSmallPagePositions,2054994
[WARNING] [stderr] 2026-08-09T00:49:29.022-0600	INFO	ForkJoinPool-1-worker-1	stdout	operator_metric,nitro,15/PartitionedOutputOperator@38,nitroExchangeNoDictionaryPositions,14110000
[WARNING] [stderr] 2026-08-09T00:49:29.022-0600	INFO	ForkJoinPool-1-worker-1	stdout	operator_metric,nitro,15/PartitionedOutputOperator@38,nitroExchangePreservedPositions,0
[WARNING] [stderr] 2026-08-09T00:49:29.022-0600	INFO	ForkJoinPool-1-worker-1	stdout	operator_metric,nitro,15/PartitionedOutputOperator@38,nitroExchangeRunLengthUnsupportedPositions,0
[WARNING] [stderr] 2026-08-09T00:49:29.022-0600	INFO	ForkJoinPool-1-worker-1	stdout	operator_metric,nitro,15/PartitionedOutputOperator@38,nitroExchangeInputFlatChannelPositions,64659976
[WARNING] [stderr] 2026-08-09T00:49:29.022-0600	INFO	ForkJoinPool-1-worker-1	stdout	operator_metric,nitro,15/PartitionedOutputOperator@38,nitroExchangeInputDictionaryChannelPositions,0
[WARNING] [stderr] 2026-08-09T00:49:29.022-0600	INFO	ForkJoinPool-1-worker-1	stdout	operator_metric,nitro,15/TrinoNitroHashJoinOperator@38,nitroBoundaryPageEgressPages,1891
[WARNING] [stderr] 2026-08-09T00:49:29.022-0600	INFO	ForkJoinPool-1-worker-1	stdout	operator_metric,nitro,15/TrinoNitroHashJoinOperator@38,nitroBoundaryPageIngressFlatChannelPositions,66219120
[WARNING] [stderr] 2026-08-09T00:49:29.022-0600	INFO	ForkJoinPool-1-worker-1	stdout	operator_metric,nitro,15/TrinoNitroHashJoinOperator@38,nitroBoundaryPageEgressRunLengthChannelPositions,0
[WARNING] [stderr] 2026-08-09T00:49:29.022-0600	INFO	ForkJoinPool-1-worker-1	stdout	operator_metric,nitro,15/TrinoNitroHashJoinOperator@38,nitroBoundaryNativeEgressFlatChannelPositions,64659976
[WARNING] [stderr] 2026-08-09T00:49:29.022-0600	INFO	ForkJoinPool-1-worker-1	stdout	operator_metric,nitro,15/TrinoNitroHashJoinOperator@38,nitroBoundaryNativeEgressRunLengthChannelPositions,0
[WARNING] [stderr] 2026-08-09T00:49:29.022-0600	INFO	ForkJoinPool-1-worker-1	stdout	operator_metric,nitro,15/TrinoNitroHashJoinOperator@38,nitroBoundaryPageEgressDictionaryChannelPositions,0
[WARNING] [stderr] 2026-08-09T00:49:29.022-0600	INFO	ForkJoinPool-1-worker-1	stdout	operator_metric,nitro,15/TrinoNitroHashJoinOperator@38,nitroBoundaryPageEgressBytes,517279808
[WARNING] [stderr] 2026-08-09T00:49:29.022-0600	INFO	ForkJoinPool-1-worker-1	stdout	operator_metric,nitro,15/TrinoNitroHashJoinOperator@38,nitroBoundaryPageIngressPages,480
[WARNING] [stderr] 2026-08-09T00:49:29.022-0600	INFO	ForkJoinPool-1-worker-1	stdout	operator_metric,nitro,15/TrinoNitroHashJoinOperator@38,nitroBoundaryPageIngressPositions,16554780
[WARNING] [stderr] 2026-08-09T00:49:29.022-0600	INFO	ForkJoinPool-1-worker-1	stdout	operator_metric,nitro,15/TrinoNitroHashJoinOperator@38,nitroBoundaryPageIngressRunLengthChannelPositions,0
[WARNING] [stderr] 2026-08-09T00:49:29.022-0600	INFO	ForkJoinPool-1-worker-1	stdout	operator_metric,nitro,15/TrinoNitroHashJoinOperator@38,nitroBoundaryNativeEgressDictionaryChannelPositions,0
[WARNING] [stderr] 2026-08-09T00:49:29.022-0600	INFO	ForkJoinPool-1-worker-1	stdout	operator_metric,nitro,15/TrinoNitroHashJoinOperator@38,nitroBoundaryPageEgressFlatChannelPositions,64659976
[WARNING] [stderr] 2026-08-09T00:49:29.022-0600	INFO	ForkJoinPool-1-worker-1	stdout	operator_metric,nitro,15/TrinoNitroHashJoinOperator@38,nitroBoundaryPageEgressPositions,16164994
[WARNING] [stderr] 2026-08-09T00:49:29.022-0600	INFO	ForkJoinPool-1-worker-1	stdout	operator_metric,nitro,15/TrinoNitroHashJoinOperator@38,nitroBoundaryPageIngressBytes,529752960
[WARNING] [stderr] 2026-08-09T00:49:29.022-0600	INFO	ForkJoinPool-1-worker-1	stdout	operator_metric,nitro,15/TrinoNitroHashJoinOperator@38,nitroBoundaryPageIngressDictionaryChannelPositions,0
[WARNING] [stderr] 2026-08-09T00:49:29.022-0600	INFO	ForkJoinPool-1-worker-1	stdout	operator_metric,nitro,18/TrinoNitroPipelineSourceOperator@2281,nitroAllocatorAllocatedBytes.trino-native-source-ingress,0
[WARNING] [stderr] 2026-08-09T00:49:29.022-0600	INFO	ForkJoinPool-1-worker-1	stdout	operator_metric,nitro,18/TrinoNitroPipelineSourceOperator@2281,nitroAllocatorAllocatedVectorBytes,560000
[WARNING] [stderr] 2026-08-09T00:49:29.022-0600	INFO	ForkJoinPool-1-worker-1	stdout	operator_metric,nitro,18/TrinoNitroPipelineSourceOperator@2281,nitroAllocatorAllocatedBytes.FilterOperator,0
[WARNING] [stderr] 2026-08-09T00:49:29.022-0600	INFO	ForkJoinPool-1-worker-1	stdout	operator_metric,nitro,18/TrinoNitroPipelineSourceOperator@2281,nitroAllocatorAllocatedBytes.ProjectOperator,0
[WARNING] [stderr] 2026-08-09T00:49:29.022-0600	INFO	ForkJoinPool-1-worker-1	stdout	operator_metric,nitro,18/TrinoNitroPipelineSourceOperator@2281,nitroAllocatorAllocatedVectorBytes.I32Vector,160000
[WARNING] [stderr] 2026-08-09T00:49:29.022-0600	INFO	ForkJoinPool-1-worker-1	stdout	operator_metric,nitro,18/TrinoNitroPipelineSourceOperator@2281,nitroAllocatorAllocatedBytes.NitroParquetBatchSource,560000
[WARNING] [stderr] 2026-08-09T00:49:29.022-0600	INFO	ForkJoinPool-1-worker-1	stdout	operator_metric,nitro,18/TrinoNitroPipelineSourceOperator@2281,nitroBoundaryNativeExchangePositions,1461
[WARNING] [stderr] 2026-08-09T00:49:29.022-0600	INFO	ForkJoinPool-1-worker-1	stdout	operator_metric,nitro,18/TrinoNitroPipelineSourceOperator@2281,nitroBoundaryNativeExchangeBytes,360000
[WARNING] [stderr] 2026-08-09T00:49:29.022-0600	INFO	ForkJoinPool-1-worker-1	stdout	operator_metric,nitro,18/TrinoNitroPipelineSourceOperator@2281,nitroBoundaryNativeExchangeMaximumBatchBytes,360000
[WARNING] [stderr] 2026-08-09T00:49:29.022-0600	INFO	ForkJoinPool-1-worker-1	stdout	operator_metric,nitro,18/TrinoNitroPipelineSourceOperator@2281,nitroAllocatorAllocatedBytes,560000
[WARNING] [stderr] 2026-08-09T00:49:29.022-0600	INFO	ForkJoinPool-1-worker-1	stdout	operator_metric,nitro,18/TrinoNitroPipelineSourceOperator@2281,nitroAllocatorAllocatedVectorBytes.I64Vector,320000
[WARNING] [stderr] 2026-08-09T00:49:29.022-0600	INFO	ForkJoinPool-1-worker-1	stdout	operator_metric,nitro,18/TrinoNitroPipelineSourceOperator@2281,nitroAllocatorAllocatedVectorBytes.BooleanVector,80000
[WARNING] [stderr] 2026-08-09T00:49:29.022-0600	INFO	ForkJoinPool-1-worker-1	stdout	operator_metric,nitro,18/TrinoNitroPipelineSourceOperator@2281,nitroBoundaryNativeExchangeBatches,1
[WARNING] [stderr] 2026-08-09T00:49:29.022-0600	INFO	ForkJoinPool-1-worker-1	stdout	operator_metric,nitro,33/PartitionedOutputOperator@122,nitroExchangeInputPages,1890
[WARNING] [stderr] 2026-08-09T00:49:29.022-0600	INFO	ForkJoinPool-1-worker-1	stdout	operator_metric,nitro,33/PartitionedOutputOperator@122,nitroExchangeInputRunLengthChannelPositions,0
[WARNING] [stderr] 2026-08-09T00:49:29.022-0600	INFO	ForkJoinPool-1-worker-1	stdout	operator_metric,nitro,33/PartitionedOutputOperator@122,nitroExchangeInputPositions,16164994
[WARNING] [stderr] 2026-08-09T00:49:29.022-0600	INFO	ForkJoinPool-1-worker-1	stdout	operator_metric,nitro,33/PartitionedOutputOperator@122,nitroExchangeDictionaryUnsupportedPositions,0
[WARNING] [stderr] 2026-08-09T00:49:29.022-0600	INFO	ForkJoinPool-1-worker-1	stdout	operator_metric,nitro,33/PartitionedOutputOperator@122,nitroExchangeLowDictionaryReusePositions,0
[WARNING] [stderr] 2026-08-09T00:49:29.022-0600	INFO	ForkJoinPool-1-worker-1	stdout	operator_metric,nitro,33/PartitionedOutputOperator@122,nitroExchangeSmallPagePositions,2075062
[WARNING] [stderr] 2026-08-09T00:49:29.022-0600	INFO	ForkJoinPool-1-worker-1	stdout	operator_metric,nitro,33/PartitionedOutputOperator@122,nitroExchangeNoDictionaryPositions,14089932
[WARNING] [stderr] 2026-08-09T00:49:29.022-0600	INFO	ForkJoinPool-1-worker-1	stdout	operator_metric,nitro,33/PartitionedOutputOperator@122,nitroExchangePreservedPositions,0
[WARNING] [stderr] 2026-08-09T00:49:29.022-0600	INFO	ForkJoinPool-1-worker-1	stdout	operator_metric,nitro,33/PartitionedOutputOperator@122,nitroExchangeRunLengthUnsupportedPositions,0
[WARNING] [stderr] 2026-08-09T00:49:29.022-0600	INFO	ForkJoinPool-1-worker-1	stdout	operator_metric,nitro,33/PartitionedOutputOperator@122,nitroExchangeInputFlatChannelPositions,64659976
[WARNING] [stderr] 2026-08-09T00:49:29.022-0600	INFO	ForkJoinPool-1-worker-1	stdout	operator_metric,nitro,33/PartitionedOutputOperator@122,nitroExchangeInputDictionaryChannelPositions,0
[WARNING] [stderr] 2026-08-09T00:49:29.022-0600	INFO	ForkJoinPool-1-worker-1	stdout	operator_metric,nitro,33/TrinoNitroHashJoinOperator@122,nitroBoundaryPageEgressPages,1890
[WARNING] [stderr] 2026-08-09T00:49:29.022-0600	INFO	ForkJoinPool-1-worker-1	stdout	operator_metric,nitro,33/TrinoNitroHashJoinOperator@122,nitroBoundaryPageIngressFlatChannelPositions,66219120
[WARNING] [stderr] 2026-08-09T00:49:29.022-0600	INFO	ForkJoinPool-1-worker-1	stdout	operator_metric,nitro,33/TrinoNitroHashJoinOperator@122,nitroBoundaryPageEgressRunLengthChannelPositions,0
[WARNING] [stderr] 2026-08-09T00:49:29.022-0600	INFO	ForkJoinPool-1-worker-1	stdout	operator_metric,nitro,33/TrinoNitroHashJoinOperator@122,nitroBoundaryNativeEgressFlatChannelPositions,64659976
[WARNING] [stderr] 2026-08-09T00:49:29.022-0600	INFO	ForkJoinPool-1-worker-1	stdout	operator_metric,nitro,33/TrinoNitroHashJoinOperator@122,nitroBoundaryNativeEgressRunLengthChannelPositions,0
[WARNING] [stderr] 2026-08-09T00:49:29.022-0600	INFO	ForkJoinPool-1-worker-1	stdout	operator_metric,nitro,33/TrinoNitroHashJoinOperator@122,nitroBoundaryPageEgressDictionaryChannelPositions,0
[WARNING] [stderr] 2026-08-09T00:49:29.022-0600	INFO	ForkJoinPool-1-worker-1	stdout	operator_metric,nitro,33/TrinoNitroHashJoinOperator@122,nitroBoundaryPageEgressBytes,517279808
[WARNING] [stderr] 2026-08-09T00:49:29.022-0600	INFO	ForkJoinPool-1-worker-1	stdout	operator_metric,nitro,33/TrinoNitroHashJoinOperator@122,nitroBoundaryPageIngressPages,482
[WARNING] [stderr] 2026-08-09T00:49:29.022-0600	INFO	ForkJoinPool-1-worker-1	stdout	operator_metric,nitro,33/TrinoNitroHashJoinOperator@122,nitroBoundaryPageIngressPositions,16554780
[WARNING] [stderr] 2026-08-09T00:49:29.022-0600	INFO	ForkJoinPool-1-worker-1	stdout	operator_metric,nitro,33/TrinoNitroHashJoinOperator@122,nitroBoundaryPageIngressRunLengthChannelPositions,0
[WARNING] [stderr] 2026-08-09T00:49:29.022-0600	INFO	ForkJoinPool-1-worker-1	stdout	operator_metric,nitro,33/TrinoNitroHashJoinOperator@122,nitroBoundaryNativeEgressDictionaryChannelPositions,0
[WARNING] [stderr] 2026-08-09T00:49:29.022-0600	INFO	ForkJoinPool-1-worker-1	stdout	operator_metric,nitro,33/TrinoNitroHashJoinOperator@122,nitroBoundaryPageEgressFlatChannelPositions,64659976
[WARNING] [stderr] 2026-08-09T00:49:29.022-0600	INFO	ForkJoinPool-1-worker-1	stdout	operator_metric,nitro,33/TrinoNitroHashJoinOperator@122,nitroBoundaryPageEgressPositions,16164994
[WARNING] [stderr] 2026-08-09T00:49:29.022-0600	INFO	ForkJoinPool-1-worker-1	stdout	operator_metric,nitro,33/TrinoNitroHashJoinOperator@122,nitroBoundaryPageIngressBytes,529752960
[WARNING] [stderr] 2026-08-09T00:49:29.022-0600	INFO	ForkJoinPool-1-worker-1	stdout	operator_metric,nitro,33/TrinoNitroHashJoinOperator@122,nitroBoundaryPageIngressDictionaryChannelPositions,0
[WARNING] [stderr] 2026-08-09T00:49:29.022-0600	INFO	ForkJoinPool-1-worker-1	stdout	operator_metric,nitro,36/TrinoNitroPipelineSourceOperator@2386,nitroAllocatorAllocatedBytes.trino-native-source-ingress,0
[WARNING] [stderr] 2026-08-09T00:49:29.022-0600	INFO	ForkJoinPool-1-worker-1	stdout	operator_metric,nitro,36/TrinoNitroPipelineSourceOperator@2386,nitroAllocatorAllocatedVectorBytes,560000
[WARNING] [stderr] 2026-08-09T00:49:29.022-0600	INFO	ForkJoinPool-1-worker-1	stdout	operator_metric,nitro,36/TrinoNitroPipelineSourceOperator@2386,nitroAllocatorAllocatedBytes.FilterOperator,0
[WARNING] [stderr] 2026-08-09T00:49:29.022-0600	INFO	ForkJoinPool-1-worker-1	stdout	operator_metric,nitro,36/TrinoNitroPipelineSourceOperator@2386,nitroAllocatorAllocatedBytes.ProjectOperator,0
[WARNING] [stderr] 2026-08-09T00:49:29.022-0600	INFO	ForkJoinPool-1-worker-1	stdout	operator_metric,nitro,36/TrinoNitroPipelineSourceOperator@2386,nitroAllocatorAllocatedVectorBytes.I32Vector,160000
[WARNING] [stderr] 2026-08-09T00:49:29.022-0600	INFO	ForkJoinPool-1-worker-1	stdout	operator_metric,nitro,36/TrinoNitroPipelineSourceOperator@2386,nitroAllocatorAllocatedBytes.NitroParquetBatchSource,560000
[WARNING] [stderr] 2026-08-09T00:49:29.022-0600	INFO	ForkJoinPool-1-worker-1	stdout	operator_metric,nitro,36/TrinoNitroPipelineSourceOperator@2386,nitroBoundaryNativeExchangePositions,1461
[WARNING] [stderr] 2026-08-09T00:49:29.022-0600	INFO	ForkJoinPool-1-worker-1	stdout	operator_metric,nitro,36/TrinoNitroPipelineSourceOperator@2386,nitroBoundaryNativeExchangeBytes,360000
[WARNING] [stderr] 2026-08-09T00:49:29.022-0600	INFO	ForkJoinPool-1-worker-1	stdout	operator_metric,nitro,36/TrinoNitroPipelineSourceOperator@2386,nitroBoundaryNativeExchangeMaximumBatchBytes,360000
[WARNING] [stderr] 2026-08-09T00:49:29.022-0600	INFO	ForkJoinPool-1-worker-1	stdout	operator_metric,nitro,36/TrinoNitroPipelineSourceOperator@2386,nitroAllocatorAllocatedBytes,560000
[WARNING] [stderr] 2026-08-09T00:49:29.022-0600	INFO	ForkJoinPool-1-worker-1	stdout	operator_metric,nitro,36/TrinoNitroPipelineSourceOperator@2386,nitroAllocatorAllocatedVectorBytes.I64Vector,320000
[WARNING] [stderr] 2026-08-09T00:49:29.022-0600	INFO	ForkJoinPool-1-worker-1	stdout	operator_metric,nitro,36/TrinoNitroPipelineSourceOperator@2386,nitroAllocatorAllocatedVectorBytes.BooleanVector,80000
[WARNING] [stderr] 2026-08-09T00:49:29.022-0600	INFO	ForkJoinPool-1-worker-1	stdout	operator_metric,nitro,36/TrinoNitroPipelineSourceOperator@2386,nitroBoundaryNativeExchangeBatches,1
[WARNING] [stderr] 2026-08-09T00:49:29.022-0600	INFO	ForkJoinPool-1-worker-1	stdout	operator_metric,nitro,16/TrinoNitroPipelineSourceOperator@5059,nitroBoundaryNativeEgressFlatChannelPositions,60
[WARNING] [stderr] 2026-08-09T00:49:29.022-0600	INFO	ForkJoinPool-1-worker-1	stdout	operator_metric,nitro,16/TrinoNitroPipelineSourceOperator@5059,nitroAllocatorAllocatedVectorBytes.I64Vector,1632960000
[WARNING] [stderr] 2026-08-09T00:49:29.022-0600	INFO	ForkJoinPool-1-worker-1	stdout	operator_metric,nitro,16/TrinoNitroPipelineSourceOperator@5059,nitroAllocatorAllocatedBytes.NitroParquetBatchSource,2177280000
[WARNING] [stderr] 2026-08-09T00:49:29.022-0600	INFO	ForkJoinPool-1-worker-1	stdout	operator_metric,nitro,16/TrinoNitroPipelineSourceOperator@5059,nitroBoundaryNativeEgressDictionaryChannelPositions,0
[WARNING] [stderr] 2026-08-09T00:49:29.022-0600	INFO	ForkJoinPool-1-worker-1	stdout	operator_metric,nitro,16/TrinoNitroPipelineSourceOperator@5059,nitroBoundaryPageEgressPositions,15
[WARNING] [stderr] 2026-08-09T00:49:29.022-0600	INFO	ForkJoinPool-1-worker-1	stdout	operator_metric,nitro,16/TrinoNitroPipelineSourceOperator@5059,nitroBoundaryNativeExchangeBatches,1701
[WARNING] [stderr] 2026-08-09T00:49:29.022-0600	INFO	ForkJoinPool-1-worker-1	stdout	operator_metric,nitro,16/TrinoNitroPipelineSourceOperator@5059,nitroBoundaryNativeExchangeCaptureFallbackPositions,15
[WARNING] [stderr] 2026-08-09T00:49:29.022-0600	INFO	ForkJoinPool-1-worker-1	stdout	operator_metric,nitro,16/TrinoNitroPipelineSourceOperator@5059,nitroAllocatorAllocatedBytes.trino-native-source-ingress,0
[WARNING] [stderr] 2026-08-09T00:49:29.022-0600	INFO	ForkJoinPool-1-worker-1	stdout	operator_metric,nitro,16/TrinoNitroPipelineSourceOperator@5059,nitroBoundaryNativeExchangePositions,16554765
[WARNING] [stderr] 2026-08-09T00:49:29.022-0600	INFO	ForkJoinPool-1-worker-1	stdout	operator_metric,nitro,16/TrinoNitroPipelineSourceOperator@5059,nitroBoundaryPageEgressDictionaryChannelPositions,0
[WARNING] [stderr] 2026-08-09T00:49:29.022-0600	INFO	ForkJoinPool-1-worker-1	stdout	operator_metric,nitro,16/TrinoNitroPipelineSourceOperator@5059,nitroBoundaryPageEgressBytes,480
[WARNING] [stderr] 2026-08-09T00:49:29.022-0600	INFO	ForkJoinPool-1-worker-1	stdout	operator_metric,nitro,16/TrinoNitroPipelineSourceOperator@5059,nitroBoundaryNativeExchangeCaptureFallbackBatches,1
[WARNING] [stderr] 2026-08-09T00:49:29.022-0600	INFO	ForkJoinPool-1-worker-1	stdout	operator_metric,nitro,16/TrinoNitroPipelineSourceOperator@5059,nitroAllocatorAllocatedVectorBytes.BooleanVector,272160000
[WARNING] [stderr] 2026-08-09T00:49:29.022-0600	INFO	ForkJoinPool-1-worker-1	stdout	operator_metric,nitro,16/TrinoNitroPipelineSourceOperator@5059,nitroBoundaryNativeEgressRunLengthChannelPositions,0
[WARNING] [stderr] 2026-08-09T00:49:29.022-0600	INFO	ForkJoinPool-1-worker-1	stdout	operator_metric,nitro,16/TrinoNitroPipelineSourceOperator@5059,nitroAllocatorAllocatedBytes,2177280000
[WARNING] [stderr] 2026-08-09T00:49:29.022-0600	INFO	ForkJoinPool-1-worker-1	stdout	operator_metric,nitro,16/TrinoNitroPipelineSourceOperator@5059,nitroBoundaryPageEgressFlatChannelPositions,60
[WARNING] [stderr] 2026-08-09T00:49:29.022-0600	INFO	ForkJoinPool-1-worker-1	stdout	operator_metric,nitro,16/TrinoNitroPipelineSourceOperator@5059,nitroBoundaryPageEgressRunLengthChannelPositions,0
[WARNING] [stderr] 2026-08-09T00:49:29.022-0600	INFO	ForkJoinPool-1-worker-1	stdout	operator_metric,nitro,16/TrinoNitroPipelineSourceOperator@5059,nitroAllocatorAllocatedVectorBytes.I32Vector,272160000
[WARNING] [stderr] 2026-08-09T00:49:29.022-0600	INFO	ForkJoinPool-1-worker-1	stdout	operator_metric,nitro,16/TrinoNitroPipelineSourceOperator@5059,nitroBoundaryPageEgressPages,1
[WARNING] [stderr] 2026-08-09T00:49:29.022-0600	INFO	ForkJoinPool-1-worker-1	stdout	operator_metric,nitro,16/TrinoNitroPipelineSourceOperator@5059,nitroBoundaryNativeExchangeBytes,2177280000
[WARNING] [stderr] 2026-08-09T00:49:29.022-0600	INFO	ForkJoinPool-1-worker-1	stdout	operator_metric,nitro,16/TrinoNitroPipelineSourceOperator@5059,nitroBoundaryNativeExchangeMaximumBatchBytes,15360000
[WARNING] [stderr] 2026-08-09T00:49:29.022-0600	INFO	ForkJoinPool-1-worker-1	stdout	operator_metric,nitro,16/TrinoNitroPipelineSourceOperator@5059,nitroAllocatorAllocatedVectorBytes,2177280000
[WARNING] [stderr] 2026-08-09T00:49:29.022-0600	INFO	ForkJoinPool-1-worker-1	stdout	operator_metric,nitro,16/PartitionedOutputOperator@5059,nitroExchangeInputPages,1
[WARNING] [stderr] 2026-08-09T00:49:29.022-0600	INFO	ForkJoinPool-1-worker-1	stdout	operator_metric,nitro,16/PartitionedOutputOperator@5059,nitroExchangeInputRunLengthChannelPositions,0
[WARNING] [stderr] 2026-08-09T00:49:29.022-0600	INFO	ForkJoinPool-1-worker-1	stdout	operator_metric,nitro,16/PartitionedOutputOperator@5059,nitroExchangeInputPositions,15
[WARNING] [stderr] 2026-08-09T00:49:29.022-0600	INFO	ForkJoinPool-1-worker-1	stdout	operator_metric,nitro,16/PartitionedOutputOperator@5059,nitroExchangeDictionaryUnsupportedPositions,0
[WARNING] [stderr] 2026-08-09T00:49:29.022-0600	INFO	ForkJoinPool-1-worker-1	stdout	operator_metric,nitro,16/PartitionedOutputOperator@5059,nitroExchangeLowDictionaryReusePositions,0
[WARNING] [stderr] 2026-08-09T00:49:29.022-0600	INFO	ForkJoinPool-1-worker-1	stdout	operator_metric,nitro,16/PartitionedOutputOperator@5059,nitroExchangeSmallPagePositions,15
[WARNING] [stderr] 2026-08-09T00:49:29.022-0600	INFO	ForkJoinPool-1-worker-1	stdout	operator_metric,nitro,16/PartitionedOutputOperator@5059,nitroExchangeNoDictionaryPositions,0
[WARNING] [stderr] 2026-08-09T00:49:29.022-0600	INFO	ForkJoinPool-1-worker-1	stdout	operator_metric,nitro,16/PartitionedOutputOperator@5059,nitroExchangePreservedPositions,0
[WARNING] [stderr] 2026-08-09T00:49:29.022-0600	INFO	ForkJoinPool-1-worker-1	stdout	operator_metric,nitro,16/PartitionedOutputOperator@5059,nitroExchangeRunLengthUnsupportedPositions,0
[WARNING] [stderr] 2026-08-09T00:49:29.022-0600	INFO	ForkJoinPool-1-worker-1	stdout	operator_metric,nitro,16/PartitionedOutputOperator@5059,nitroExchangeInputFlatChannelPositions,60
[WARNING] [stderr] 2026-08-09T00:49:29.022-0600	INFO	ForkJoinPool-1-worker-1	stdout	operator_metric,nitro,16/PartitionedOutputOperator@5059,nitroExchangeInputDictionaryChannelPositions,0
[WARNING] [stderr] 2026-08-09T00:49:29.022-0600	INFO	ForkJoinPool-1-worker-1	stdout	operator_metric,nitro,17/TrinoNitroPipelineSourceOperator@37,nitroBoundaryNativeExchangePositions,500000
[WARNING] [stderr] 2026-08-09T00:49:29.022-0600	INFO	ForkJoinPool-1-worker-1	stdout	operator_metric,nitro,17/TrinoNitroPipelineSourceOperator@37,nitroAllocatorAllocatedVectorBytes.I64Vector,4000000
[WARNING] [stderr] 2026-08-09T00:49:29.022-0600	INFO	ForkJoinPool-1-worker-1	stdout	operator_metric,nitro,17/TrinoNitroPipelineSourceOperator@37,nitroBoundaryNativeExchangeBytes,4500000
[WARNING] [stderr] 2026-08-09T00:49:29.022-0600	INFO	ForkJoinPool-1-worker-1	stdout	operator_metric,nitro,17/TrinoNitroPipelineSourceOperator@37,nitroBoundaryNativeExchangeBatches,50
[WARNING] [stderr] 2026-08-09T00:49:29.022-0600	INFO	ForkJoinPool-1-worker-1	stdout	operator_metric,nitro,17/TrinoNitroPipelineSourceOperator@37,nitroAllocatorAllocatedVectorBytes,4500000
[WARNING] [stderr] 2026-08-09T00:49:29.022-0600	INFO	ForkJoinPool-1-worker-1	stdout	operator_metric,nitro,17/TrinoNitroPipelineSourceOperator@37,nitroAllocatorAllocatedVectorBytes.BooleanVector,500000
[WARNING] [stderr] 2026-08-09T00:49:29.022-0600	INFO	ForkJoinPool-1-worker-1	stdout	operator_metric,nitro,17/TrinoNitroPipelineSourceOperator@37,nitroBoundaryNativeExchangeMaximumBatchBytes,90000
[WARNING] [stderr] 2026-08-09T00:49:29.022-0600	INFO	ForkJoinPool-1-worker-1	stdout	operator_metric,nitro,17/TrinoNitroPipelineSourceOperator@37,nitroAllocatorAllocatedBytes.trino-native-source-ingress,0
[WARNING] [stderr] 2026-08-09T00:49:29.022-0600	INFO	ForkJoinPool-1-worker-1	stdout	operator_metric,nitro,17/TrinoNitroPipelineSourceOperator@37,nitroAllocatorAllocatedBytes,4500000
[WARNING] [stderr] 2026-08-09T00:49:29.022-0600	INFO	ForkJoinPool-1-worker-1	stdout	operator_metric,nitro,17/TrinoNitroPipelineSourceOperator@37,nitroAllocatorAllocatedBytes.NitroParquetBatchSource,4500000
[WARNING] [stderr] 2026-08-09T00:49:29.022-0600	INFO	ForkJoinPool-1-worker-1	stdout	operator_metric,nitro,34/TrinoNitroPipelineSourceOperator@5102,nitroBoundaryNativeEgressFlatChannelPositions,60
[WARNING] [stderr] 2026-08-09T00:49:29.022-0600	INFO	ForkJoinPool-1-worker-1	stdout	operator_metric,nitro,34/TrinoNitroPipelineSourceOperator@5102,nitroAllocatorAllocatedVectorBytes.I64Vector,1632960000
[WARNING] [stderr] 2026-08-09T00:49:29.022-0600	INFO	ForkJoinPool-1-worker-1	stdout	operator_metric,nitro,34/TrinoNitroPipelineSourceOperator@5102,nitroAllocatorAllocatedBytes.NitroParquetBatchSource,2177280000
[WARNING] [stderr] 2026-08-09T00:49:29.022-0600	INFO	ForkJoinPool-1-worker-1	stdout	operator_metric,nitro,34/TrinoNitroPipelineSourceOperator@5102,nitroBoundaryNativeEgressDictionaryChannelPositions,0
[WARNING] [stderr] 2026-08-09T00:49:29.022-0600	INFO	ForkJoinPool-1-worker-1	stdout	operator_metric,nitro,34/TrinoNitroPipelineSourceOperator@5102,nitroBoundaryPageEgressPositions,15
[WARNING] [stderr] 2026-08-09T00:49:29.022-0600	INFO	ForkJoinPool-1-worker-1	stdout	operator_metric,nitro,34/TrinoNitroPipelineSourceOperator@5102,nitroBoundaryNativeExchangeBatches,1701
[WARNING] [stderr] 2026-08-09T00:49:29.022-0600	INFO	ForkJoinPool-1-worker-1	stdout	operator_metric,nitro,34/TrinoNitroPipelineSourceOperator@5102,nitroBoundaryNativeExchangeCaptureFallbackPositions,15
[WARNING] [stderr] 2026-08-09T00:49:29.022-0600	INFO	ForkJoinPool-1-worker-1	stdout	operator_metric,nitro,34/TrinoNitroPipelineSourceOperator@5102,nitroAllocatorAllocatedBytes.trino-native-source-ingress,0
[WARNING] [stderr] 2026-08-09T00:49:29.022-0600	INFO	ForkJoinPool-1-worker-1	stdout	operator_metric,nitro,34/TrinoNitroPipelineSourceOperator@5102,nitroBoundaryNativeExchangePositions,16554765
[WARNING] [stderr] 2026-08-09T00:49:29.022-0600	INFO	ForkJoinPool-1-worker-1	stdout	operator_metric,nitro,34/TrinoNitroPipelineSourceOperator@5102,nitroBoundaryPageEgressDictionaryChannelPositions,0
[WARNING] [stderr] 2026-08-09T00:49:29.022-0600	INFO	ForkJoinPool-1-worker-1	stdout	operator_metric,nitro,34/TrinoNitroPipelineSourceOperator@5102,nitroBoundaryPageEgressBytes,480
[WARNING] [stderr] 2026-08-09T00:49:29.022-0600	INFO	ForkJoinPool-1-worker-1	stdout	operator_metric,nitro,34/TrinoNitroPipelineSourceOperator@5102,nitroBoundaryNativeExchangeCaptureFallbackBatches,1
[WARNING] [stderr] 2026-08-09T00:49:29.022-0600	INFO	ForkJoinPool-1-worker-1	stdout	operator_metric,nitro,34/TrinoNitroPipelineSourceOperator@5102,nitroAllocatorAllocatedVectorBytes.BooleanVector,272160000
[WARNING] [stderr] 2026-08-09T00:49:29.022-0600	INFO	ForkJoinPool-1-worker-1	stdout	operator_metric,nitro,34/TrinoNitroPipelineSourceOperator@5102,nitroBoundaryNativeEgressRunLengthChannelPositions,0
[WARNING] [stderr] 2026-08-09T00:49:29.022-0600	INFO	ForkJoinPool-1-worker-1	stdout	operator_metric,nitro,34/TrinoNitroPipelineSourceOperator@5102,nitroAllocatorAllocatedBytes,2177280000
[WARNING] [stderr] 2026-08-09T00:49:29.022-0600	INFO	ForkJoinPool-1-worker-1	stdout	operator_metric,nitro,34/TrinoNitroPipelineSourceOperator@5102,nitroBoundaryPageEgressFlatChannelPositions,60
[WARNING] [stderr] 2026-08-09T00:49:29.022-0600	INFO	ForkJoinPool-1-worker-1	stdout	operator_metric,nitro,34/TrinoNitroPipelineSourceOperator@5102,nitroBoundaryPageEgressRunLengthChannelPositions,0
[WARNING] [stderr] 2026-08-09T00:49:29.022-0600	INFO	ForkJoinPool-1-worker-1	stdout	operator_metric,nitro,34/TrinoNitroPipelineSourceOperator@5102,nitroAllocatorAllocatedVectorBytes.I32Vector,272160000
[WARNING] [stderr] 2026-08-09T00:49:29.022-0600	INFO	ForkJoinPool-1-worker-1	stdout	operator_metric,nitro,34/TrinoNitroPipelineSourceOperator@5102,nitroBoundaryPageEgressPages,1
[WARNING] [stderr] 2026-08-09T00:49:29.022-0600	INFO	ForkJoinPool-1-worker-1	stdout	operator_metric,nitro,34/TrinoNitroPipelineSourceOperator@5102,nitroBoundaryNativeExchangeBytes,2177280000
[WARNING] [stderr] 2026-08-09T00:49:29.022-0600	INFO	ForkJoinPool-1-worker-1	stdout	operator_metric,nitro,34/TrinoNitroPipelineSourceOperator@5102,nitroBoundaryNativeExchangeMaximumBatchBytes,15360000
[WARNING] [stderr] 2026-08-09T00:49:29.022-0600	INFO	ForkJoinPool-1-worker-1	stdout	operator_metric,nitro,34/TrinoNitroPipelineSourceOperator@5102,nitroAllocatorAllocatedVectorBytes,2177280000
[WARNING] [stderr] 2026-08-09T00:49:29.022-0600	INFO	ForkJoinPool-1-worker-1	stdout	operator_metric,nitro,34/PartitionedOutputOperator@5102,nitroExchangeInputPages,1
[WARNING] [stderr] 2026-08-09T00:49:29.022-0600	INFO	ForkJoinPool-1-worker-1	stdout	operator_metric,nitro,34/PartitionedOutputOperator@5102,nitroExchangeInputRunLengthChannelPositions,0
[WARNING] [stderr] 2026-08-09T00:49:29.022-0600	INFO	ForkJoinPool-1-worker-1	stdout	operator_metric,nitro,34/PartitionedOutputOperator@5102,nitroExchangeInputPositions,15
[WARNING] [stderr] 2026-08-09T00:49:29.022-0600	INFO	ForkJoinPool-1-worker-1	stdout	operator_metric,nitro,34/PartitionedOutputOperator@5102,nitroExchangeDictionaryUnsupportedPositions,0
[WARNING] [stderr] 2026-08-09T00:49:29.022-0600	INFO	ForkJoinPool-1-worker-1	stdout	operator_metric,nitro,34/PartitionedOutputOperator@5102,nitroExchangeLowDictionaryReusePositions,0
[WARNING] [stderr] 2026-08-09T00:49:29.022-0600	INFO	ForkJoinPool-1-worker-1	stdout	operator_metric,nitro,34/PartitionedOutputOperator@5102,nitroExchangeSmallPagePositions,15
[WARNING] [stderr] 2026-08-09T00:49:29.022-0600	INFO	ForkJoinPool-1-worker-1	stdout	operator_metric,nitro,34/PartitionedOutputOperator@5102,nitroExchangeNoDictionaryPositions,0
[WARNING] [stderr] 2026-08-09T00:49:29.022-0600	INFO	ForkJoinPool-1-worker-1	stdout	operator_metric,nitro,34/PartitionedOutputOperator@5102,nitroExchangePreservedPositions,0
[WARNING] [stderr] 2026-08-09T00:49:29.022-0600	INFO	ForkJoinPool-1-worker-1	stdout	operator_metric,nitro,34/PartitionedOutputOperator@5102,nitroExchangeRunLengthUnsupportedPositions,0
[WARNING] [stderr] 2026-08-09T00:49:29.022-0600	INFO	ForkJoinPool-1-worker-1	stdout	operator_metric,nitro,34/PartitionedOutputOperator@5102,nitroExchangeInputFlatChannelPositions,60
[WARNING] [stderr] 2026-08-09T00:49:29.022-0600	INFO	ForkJoinPool-1-worker-1	stdout	operator_metric,nitro,34/PartitionedOutputOperator@5102,nitroExchangeInputDictionaryChannelPositions,0
[WARNING] [stderr] 2026-08-09T00:49:29.022-0600	INFO	ForkJoinPool-1-worker-1	stdout	operator_metric,nitro,35/TrinoNitroPipelineSourceOperator@121,nitroBoundaryNativeExchangePositions,500000
[WARNING] [stderr] 2026-08-09T00:49:29.022-0600	INFO	ForkJoinPool-1-worker-1	stdout	operator_metric,nitro,35/TrinoNitroPipelineSourceOperator@121,nitroAllocatorAllocatedVectorBytes.I64Vector,4000000
[WARNING] [stderr] 2026-08-09T00:49:29.022-0600	INFO	ForkJoinPool-1-worker-1	stdout	operator_metric,nitro,35/TrinoNitroPipelineSourceOperator@121,nitroBoundaryNativeExchangeBytes,4500000
[WARNING] [stderr] 2026-08-09T00:49:29.022-0600	INFO	ForkJoinPool-1-worker-1	stdout	operator_metric,nitro,35/TrinoNitroPipelineSourceOperator@121,nitroBoundaryNativeExchangeBatches,50
[WARNING] [stderr] 2026-08-09T00:49:29.022-0600	INFO	ForkJoinPool-1-worker-1	stdout	operator_metric,nitro,35/TrinoNitroPipelineSourceOperator@121,nitroAllocatorAllocatedVectorBytes,4500000
[WARNING] [stderr] 2026-08-09T00:49:29.022-0600	INFO	ForkJoinPool-1-worker-1	stdout	operator_metric,nitro,35/TrinoNitroPipelineSourceOperator@121,nitroAllocatorAllocatedVectorBytes.BooleanVector,500000
[WARNING] [stderr] 2026-08-09T00:49:29.022-0600	INFO	ForkJoinPool-1-worker-1	stdout	operator_metric,nitro,35/TrinoNitroPipelineSourceOperator@121,nitroBoundaryNativeExchangeMaximumBatchBytes,90000
[WARNING] [stderr] 2026-08-09T00:49:29.022-0600	INFO	ForkJoinPool-1-worker-1	stdout	operator_metric,nitro,35/TrinoNitroPipelineSourceOperator@121,nitroAllocatorAllocatedBytes.trino-native-source-ingress,0
[WARNING] [stderr] 2026-08-09T00:49:29.022-0600	INFO	ForkJoinPool-1-worker-1	stdout	operator_metric,nitro,35/TrinoNitroPipelineSourceOperator@121,nitroAllocatorAllocatedBytes,4500000
[WARNING] [stderr] 2026-08-09T00:49:29.022-0600	INFO	ForkJoinPool-1-worker-1	stdout	operator_metric,nitro,35/TrinoNitroPipelineSourceOperator@121,nitroAllocatorAllocatedBytes.NitroParquetBatchSource,4500000
[WARNING] [stderr] 2026-08-09T00:49:29.023-0600	INFO	ForkJoinPool-1-worker-1	stdout	nitro,tpcds-parquet-sf10,q23a,3,5652.972,5818.759,5941.537,5804.423,29105.000,29135.000,99
[WARNING] [stderr] 2026-08-09T00:49:29.023-0600	INFO	ForkJoinPool-1-worker-1	stdout	allocation,nitro,tpcds-parquet-sf10,q23a,3,52871.771,52921.892
[WARNING] [stderr] 2026-08-09T00:49:29.023-0600	INFO	ForkJoinPool-1-worker-1	stdout	peak_memory,nitro,tpcds-parquet-sf10,q23a,3,2496.833,2541.630,11541.934,12187.740
[WARNING] [stderr] 2026-08-09T00:49:29.023-0600	INFO	ForkJoinPool-1-worker-1	stdout	boundary,nitro,tpcds-parquet-sf10,q23a,3,62393,943725924,32111762734,99328680,2720824134,0,60193,471756207,21736930327,99328680,1402435623,0,0,1722794301,0,60617,580836750,32220967289
[INFO] Tests run: 1, Failures: 0, Errors: 0, Skipped: 0, Time elapsed: 54.78 s -- in io.trino.tests.nitro.TestNitroTpcdsParquetPerformance
[WARNING] [stderr] 2026-08-09T00:49:29.065-0600	INFO	main	io.trino.testing.containers.junit.ReportLeakedContainers	DockerClientFactory not initialized, so there should be no leaked containers, skipping the check
[INFO] 
[INFO] Results:
[INFO] 
[INFO] Tests run: 1, Failures: 0, Errors: 0, Skipped: 0
[INFO] 
[INFO] ------------------------------------------------------------------------
[INFO] BUILD SUCCESS
[INFO] ------------------------------------------------------------------------
[INFO] Total time:  56.952 s (Wall Clock)
[INFO] Finished at: 2026-08-09T06:49:29Z
[INFO] ------------------------------------------------------------------------
[INFO] Njord session closed

Script done on 2026-08-09 06:49:29+00:00 [COMMAND_EXIT_CODE="0"]
