java/lang/Thread.run;java/lang/Thread.runWith;java/util/concurrent/ThreadPoolExecutor$Worker.run;java/util/concurrent/ThreadPoolExecutor.runWorker;java/util/concurrent/FutureTask.run;java/util/concurrent/Executors$RunnableAdapter.call;java/util/concurrent/FutureTask.run;org/openjdk/jmh/runner/BenchmarkHandler$BenchmarkTask.call;org/openjdk/jmh/runner/BenchmarkHandler$BenchmarkTask.call;java/lang/reflect/Method.invoke;jdk/internal/reflect/DirectMethodHandleAccessor.invoke;jdk/internal/reflect/DirectMethodHandleAccessor.invokeImpl;java/lang/invoke/LambdaForm$MH.0x0000000073061400.invokeExact_MT;java/lang/invoke/LambdaForm$MH.0x0000000073061000.invoke;java/lang/invoke/DirectMethodHandle$Holder.invokeSpecial;org/weakref/nitro/tpch/jmh_generated/BenchmarkQueries_query10_jmhTest.query10_AverageTime;org/weakref/nitro/tpch/jmh_generated/BenchmarkQueries_query10_jmhTest.query10_avgt_jmhStub;org/weakref/nitro/tpch/BenchmarkQueries.query10;org/weakref/nitro/tpch/BenchmarkQueries.consume;org/weakref/nitro/operator/ProjectOperator.next;org/weakref/nitro/operator/TopNOperator.next;org/weakref/nitro/operator/TopNOperator.computeTopN;org/weakref/nitro/operator/GroupedAggregationOperator.next;org/weakref/nitro/operator/GroupedAggregationOperator.computeResults;org/weakref/nitro/operator/GroupedAggregationOperator.computeInlineGroupedResults;org/weakref/nitro/operator/ProjectOperator.next;org/weakref/nitro/operator/HashJoinOperator.next;org/weakref/nitro/operator/HashJoinOperator.produceBatch;org/weakref/nitro/operator/HashJoinOperator.produceOrdinaryBatch;org/weakref/nitro/operator/HashJoinOperator.loadNextOuterBatch;org/weakref/nitro/operator/HashJoinOperator.next;org/weakref/nitro/operator/HashJoinOperator.produceBatch;org/weakref/nitro/operator/HashJoinOperator.loadInnerIfNecessary;org/weakref/nitro/operator/BufferedJoinInput.loadAll;org/weakref/nitro/operator/Batch.close;org/weakref/nitro/operator/ProjectOperator$$Lambda.0x000000007329f020.run;org/weakref/nitro/operator/ProjectOperator.lambda$next$11;org/weakref/nitro/operator/ProjectOperator$BatchState.close;org/weakref/nitro/operator/Batch.close;org/weakref/nitro/operator/FilterOperator$BatchState.close;org/weakref/nitro/operator/Batch.close;org/weakref/nitro/operator/Output.close;org/weakref/nitro/operator/Output.release;org/weakref/nitro/operator/BatchBufferOwner.accept;org/weakref/nitro/operator/BatchBufferOwner.accept;org/weakref/nitro/operator/NitroParquetScanOperator$ScanOutputResolver.release;org/weakref/nitro/operator/BatchBufferScope.release;org/weakref/nitro/data/Allocator.release;org/weakref/nitro/data/Allocator.releaseVectorTree;org/weakref/nitro/data/Allocator.releaseVector;org/weakref/nitro/data/Allocator$ContextState.releaseVector;org/weakref/nitro/data/Allocator$ContextState.addVectorToPool;java/util/TreeMap.computeIfAbsent;java/util/TreeMap.callMappingFunctionWithCheck;org/weakref/nitro/data/Allocator$ContextState$$Lambda.0x000000007328ea90.apply;org/weakref/nitro/data/Allocator$ContextState.lambda$addVectorToPool$1;java.util.ArrayDeque_[i] 1
java/lang/Thread.run;java/lang/Thread.runWith;java/util/concurrent/ThreadPoolExecutor$Worker.run;java/util/concurrent/ThreadPoolExecutor.runWorker;java/util/concurrent/FutureTask.run;java/util/concurrent/Executors$RunnableAdapter.call;java/util/concurrent/FutureTask.run;org/openjdk/jmh/runner/BenchmarkHandler$BenchmarkTask.call;org/openjdk/jmh/runner/BenchmarkHandler$BenchmarkTask.call;java/lang/reflect/Method.invoke;jdk/internal/reflect/DirectMethodHandleAccessor.invoke;jdk/internal/reflect/DirectMethodHandleAccessor.invokeImpl;java/lang/invoke/LambdaForm$MH.0x0000000073061400.invokeExact_MT;java/lang/invoke/LambdaForm$MH.0x0000000073061000.invoke;java/lang/invoke/DirectMethodHandle$Holder.invokeSpecial;org/weakref/nitro/tpch/jmh_generated/BenchmarkQueries_query10_jmhTest.query10_AverageTime;org/weakref/nitro/tpch/jmh_generated/BenchmarkQueries_query10_jmhTest.query10_avgt_jmhStub;org/weakref/nitro/tpch/BenchmarkQueries.query10;org/weakref/nitro/tpch/BenchmarkQueries.consume;org/weakref/nitro/operator/ProjectOperator.next;org/weakref/nitro/operator/TopNOperator.next;org/weakref/nitro/operator/TopNOperator.computeTopN;org/weakref/nitro/operator/GroupedAggregationOperator.next;org/weakref/nitro/operator/GroupedAggregationOperator.computeResults;org/weakref/nitro/operator/GroupedAggregationOperator.computeInlineGroupedResults;org/weakref/nitro/operator/ProjectOperator.next;org/weakref/nitro/operator/HashJoinOperator.next;org/weakref/nitro/operator/HashJoinOperator.produceBatch;org/weakref/nitro/operator/HashJoinOperator.produceOrdinaryBatch;org/weakref/nitro/operator/HashJoinOperator.loadNextOuterBatch;org/weakref/nitro/operator/HashJoinOperator.next;org/weakref/nitro/operator/HashJoinOperator.produceBatch;org/weakref/nitro/operator/HashJoinOperator.loadInnerIfNecessary;org/weakref/nitro/operator/BufferedJoinInput.loadAll;org/weakref/nitro/operator/Batch.close;org/weakref/nitro/operator/ProjectOperator$$Lambda.0x000000007329f020.run;org/weakref/nitro/operator/ProjectOperator.lambda$next$11;org/weakref/nitro/operator/ProjectOperator$BatchState.close;org/weakref/nitro/data/Allocator.releaseIfPresent;org/weakref/nitro/data/Allocator$ContextState.release;java/util/TreeMap.computeIfAbsent;java/util/TreeMap.callMappingFunctionWithCheck;org/weakref/nitro/data/Allocator$ContextState$$Lambda.0x000000007329f6a0.apply;org/weakref/nitro/data/Allocator$ContextState.lambda$release$0;java/util/ArrayDeque.<init>;java.lang.Object[]_[i] 1
java/lang/Thread.run;java/lang/Thread.runWith;java/util/concurrent/ThreadPoolExecutor$Worker.run;java/util/concurrent/ThreadPoolExecutor.runWorker;java/util/concurrent/FutureTask.run;java/util/concurrent/Executors$RunnableAdapter.call;java/util/concurrent/FutureTask.run;org/openjdk/jmh/runner/BenchmarkHandler$BenchmarkTask.call;org/openjdk/jmh/runner/BenchmarkHandler$BenchmarkTask.call;java/lang/reflect/Method.invoke;jdk/internal/reflect/DirectMethodHandleAccessor.invoke;jdk/internal/reflect/DirectMethodHandleAccessor.invokeImpl;java/lang/invoke/LambdaForm$MH.0x0000000073061400.invokeExact_MT;java/lang/invoke/LambdaForm$MH.0x0000000073061000.invoke;java/lang/invoke/DirectMethodHandle$Holder.invokeSpecial;org/weakref/nitro/tpch/jmh_generated/BenchmarkQueries_query10_jmhTest.query10_AverageTime;org/weakref/nitro/tpch/jmh_generated/BenchmarkQueries_query10_jmhTest.query10_avgt_jmhStub;org/weakref/nitro/tpch/BenchmarkQueries.query10;org/weakref/nitro/tpch/BenchmarkQueries.consume;org/weakref/nitro/operator/ProjectOperator.next;org/weakref/nitro/operator/TopNOperator.next;org/weakref/nitro/operator/TopNOperator.computeTopN;org/weakref/nitro/operator/GroupedAggregationOperator.next;org/weakref/nitro/operator/GroupedAggregationOperator.computeResults;org/weakref/nitro/operator/GroupedAggregationOperator.computeInlineGroupedResults;org/weakref/nitro/operator/ProjectOperator.next;org/weakref/nitro/operator/HashJoinOperator.next;org/weakref/nitro/operator/HashJoinOperator.produceBatch;org/weakref/nitro/operator/HashJoinOperator.produceOrdinaryBatch;org/weakref/nitro/operator/HashJoinOperator.loadNextOuterBatch;org/weakref/nitro/operator/HashJoinOperator.next;org/weakref/nitro/operator/HashJoinOperator.produceBatch;org/weakref/nitro/operator/HashJoinOperator.loadInnerIfNecessary;org/weakref/nitro/operator/BufferedJoinInput.loadAll;org/weakref/nitro/operator/ProjectOperator.next;org/weakref/nitro/operator/FilterOperator.next;org/weakref/nitro/operator/evaluator/PlanEvaluator.evaluateInPlace;org/weakref/nitro/operator/evaluator/PlanEvaluator.evaluateTrueMaskInPlace;org/weakref/nitro/operator/evaluator/PlanEvaluator.tryEvaluatePrimitiveTrueMaskInPlace;org/weakref/nitro/operator/evaluator/PlanEvaluator.tryEvaluatePrimitiveMaskInPlace;org/weakref/nitro/operator/evaluator/PlanEvaluator.resolveMaskPrimitiveInvocation;org/weakref/nitro/operator/evaluator/PlanEvaluator.evaluateArgument;org/weakref/nitro/operator/FilterOperator$1.resolve;org/weakref/nitro/operator/Output.borrowOrNull;org/weakref/nitro/operator/Output.borrow;org/weakref/nitro/operator/Output.borrow;org/weakref/nitro/operator/NitroParquetScanOperator$ScanOutputResolver$$Lambda.0x00000000730aad90.apply;org/weakref/nitro/operator/NitroParquetScanOperator$ScanOutputResolver.resolve;org/weakref/nitro/operator/NitroParquetScanOperator.resolveLazyColumn;org/weakref/nitro/operator/NitroParquetScanOperator.decodeFullColumn;org/weakref/nitro/parquet/ColumnReader.readBinary;org/weakref/nitro/parquet/ColumnReader.readBinaryDirect;org/weakref/nitro/data/BinaryVector.allocate;org/weakref/nitro/data/Allocator.allocatePooled;org/weakref/nitro/data/BinaryVector$$Lambda.0x0000000073287818.get;org/weakref/nitro/data/BinaryVector.lambda$allocate$0;org/weakref/nitro/data/BinaryVector.<init>;int[]_[i] 1
java/lang/Thread.run;java/lang/Thread.runWith;java/util/concurrent/ThreadPoolExecutor$Worker.run;java/util/concurrent/ThreadPoolExecutor.runWorker;java/util/concurrent/FutureTask.run;java/util/concurrent/Executors$RunnableAdapter.call;java/util/concurrent/FutureTask.run;org/openjdk/jmh/runner/BenchmarkHandler$BenchmarkTask.call;org/openjdk/jmh/runner/BenchmarkHandler$BenchmarkTask.call;java/lang/reflect/Method.invoke;jdk/internal/reflect/DirectMethodHandleAccessor.invoke;jdk/internal/reflect/DirectMethodHandleAccessor.invokeImpl;java/lang/invoke/LambdaForm$MH.0x0000000073061400.invokeExact_MT;java/lang/invoke/LambdaForm$MH.0x0000000073061000.invoke;java/lang/invoke/DirectMethodHandle$Holder.invokeSpecial;org/weakref/nitro/tpch/jmh_generated/BenchmarkQueries_query10_jmhTest.query10_AverageTime;org/weakref/nitro/tpch/jmh_generated/BenchmarkQueries_query10_jmhTest.query10_avgt_jmhStub;org/weakref/nitro/tpch/BenchmarkQueries.query10;org/weakref/nitro/tpch/BenchmarkQueries.consume;org/weakref/nitro/operator/ProjectOperator.next;org/weakref/nitro/operator/TopNOperator.next;org/weakref/nitro/operator/TopNOperator.computeTopN;org/weakref/nitro/operator/GroupedAggregationOperator.next;org/weakref/nitro/operator/GroupedAggregationOperator.computeResults;org/weakref/nitro/operator/GroupedAggregationOperator.computeInlineGroupedResults;org/weakref/nitro/operator/ProjectOperator.next;org/weakref/nitro/operator/HashJoinOperator.next;org/weakref/nitro/operator/HashJoinOperator.produceBatch;org/weakref/nitro/operator/HashJoinOperator.produceOrdinaryBatch;org/weakref/nitro/operator/HashJoinOperator.loadNextOuterBatch;org/weakref/nitro/operator/HashJoinOperator.next;org/weakref/nitro/operator/HashJoinOperator.produceBatch;org/weakref/nitro/operator/HashJoinOperator.loadInnerIfNecessary;org/weakref/nitro/operator/HashJoinOperator.indexInnerRows;org/weakref/nitro/operator/HashJoinOperator$LongJoinIndex.addRows;org/weakref/nitro/operator/HashJoinOperator$LongJoinIndex.addRow;org/weakref/nitro/operator/HashJoinOperator$LongJoinIndex.addDirectRangeRow;org/weakref/nitro/operator/HashJoinOperator$LongJoinIndex.ensureDirectDuplicateArrays;org/weakref/nitro/data/PrimitiveArrayPool.borrowInts;int[]_[i] 1
java/lang/Thread.run;java/lang/Thread.runWith;java/util/concurrent/ThreadPoolExecutor$Worker.run;java/util/concurrent/ThreadPoolExecutor.runWorker;java/util/concurrent/FutureTask.run;java/util/concurrent/Executors$RunnableAdapter.call;java/util/concurrent/FutureTask.run;org/openjdk/jmh/runner/BenchmarkHandler$BenchmarkTask.call;org/openjdk/jmh/runner/BenchmarkHandler$BenchmarkTask.call;java/lang/reflect/Method.invoke;jdk/internal/reflect/DirectMethodHandleAccessor.invoke;jdk/internal/reflect/DirectMethodHandleAccessor.invokeImpl;java/lang/invoke/LambdaForm$MH.0x0000000073061400.invokeExact_MT;java/lang/invoke/LambdaForm$MH.0x0000000073061000.invoke;java/lang/invoke/DirectMethodHandle$Holder.invokeSpecial;org/weakref/nitro/tpch/jmh_generated/BenchmarkQueries_query10_jmhTest.query10_AverageTime;org/weakref/nitro/tpch/jmh_generated/BenchmarkQueries_query10_jmhTest.query10_avgt_jmhStub;org/weakref/nitro/tpch/BenchmarkQueries.query10;org/weakref/nitro/tpch/BenchmarkQueries.consume;org/weakref/nitro/operator/ProjectOperator.next;org/weakref/nitro/operator/TopNOperator.next;org/weakref/nitro/operator/TopNOperator.computeTopN;org/weakref/nitro/operator/GroupedAggregationOperator.next;org/weakref/nitro/operator/GroupedAggregationOperator.computeResults;org/weakref/nitro/operator/GroupedAggregationOperator.computeInlineGroupedResults;org/weakref/nitro/operator/GroupedAggregationOperator.assignInlineGroups;org/weakref/nitro/operator/GroupingState.assignGroups;org/weakref/nitro/operator/GroupingState.assignGroups;org/weakref/nitro/operator/GroupingState.assignFlatGroups;org/weakref/nitro/operator/FlatGroupingTable.prepareBatchHashes;org/weakref/nitro/data/PrimitiveArrayPool.borrowLongs;long[]_[i] 3
java/lang/Thread.run;java/lang/Thread.runWith;java/util/concurrent/ThreadPoolExecutor$Worker.run;java/util/concurrent/ThreadPoolExecutor.runWorker;java/util/concurrent/FutureTask.run;java/util/concurrent/Executors$RunnableAdapter.call;java/util/concurrent/FutureTask.run;org/openjdk/jmh/runner/BenchmarkHandler$BenchmarkTask.call;org/openjdk/jmh/runner/BenchmarkHandler$BenchmarkTask.call;java/lang/reflect/Method.invoke;jdk/internal/reflect/DirectMethodHandleAccessor.invoke;jdk/internal/reflect/DirectMethodHandleAccessor.invokeImpl;java/lang/invoke/LambdaForm$MH.0x0000000073061400.invokeExact_MT;java/lang/invoke/LambdaForm$MH.0x0000000073061000.invoke;java/lang/invoke/DirectMethodHandle$Holder.invokeSpecial;org/weakref/nitro/tpch/jmh_generated/BenchmarkQueries_query10_jmhTest.query10_AverageTime;org/weakref/nitro/tpch/jmh_generated/BenchmarkQueries_query10_jmhTest.query10_avgt_jmhStub;org/weakref/nitro/tpch/BenchmarkQueries.query10;org/weakref/nitro/tpch/BenchmarkQueries.consume;org/weakref/nitro/operator/ProjectOperator.next;org/weakref/nitro/operator/TopNOperator.next;org/weakref/nitro/operator/TopNOperator.computeTopN;org/weakref/nitro/operator/GroupedAggregationOperator.next;org/weakref/nitro/operator/GroupedAggregationOperator.computeResults;org/weakref/nitro/operator/GroupedAggregationOperator.computeInlineGroupedResults;org/weakref/nitro/operator/ProjectOperator.next;org/weakref/nitro/operator/HashJoinOperator.next;org/weakref/nitro/operator/HashJoinOperator.produceBatch;org/weakref/nitro/operator/HashJoinOperator.produceOrdinaryBatch;org/weakref/nitro/operator/HashJoinOperator.loadNextOuterBatch;org/weakref/nitro/operator/HashJoinOperator.next;org/weakref/nitro/operator/HashJoinOperator.produceBatch;org/weakref/nitro/operator/HashJoinOperator.loadInnerIfNecessary;org/weakref/nitro/operator/BufferedJoinInput.loadAll;org/weakref/nitro/operator/JoinBufferSupport.copyAndCompact;org/weakref/nitro/operator/Streams.builder;org.weakref.nitro.operator.Streams$Builder_[i] 1
java/lang/Thread.run;java/lang/Thread.runWith;java/util/concurrent/ThreadPoolExecutor$Worker.run;java/util/concurrent/ThreadPoolExecutor.runWorker;java/util/concurrent/FutureTask.run;java/util/concurrent/Executors$RunnableAdapter.call;java/util/concurrent/FutureTask.run;org/openjdk/jmh/runner/BenchmarkHandler$BenchmarkTask.call;org/openjdk/jmh/runner/BenchmarkHandler$BenchmarkTask.call;java/lang/reflect/Method.invoke;jdk/internal/reflect/DirectMethodHandleAccessor.invoke;jdk/internal/reflect/DirectMethodHandleAccessor.invokeImpl;java/lang/invoke/LambdaForm$MH.0x0000000073061400.invokeExact_MT;java/lang/invoke/LambdaForm$MH.0x0000000073061000.invoke;java/lang/invoke/DirectMethodHandle$Holder.invokeSpecial;org/weakref/nitro/tpch/jmh_generated/BenchmarkQueries_query10_jmhTest.query10_AverageTime;org/weakref/nitro/tpch/jmh_generated/BenchmarkQueries_query10_jmhTest.query10_avgt_jmhStub;org/weakref/nitro/tpch/BenchmarkQueries.query10;org/weakref/nitro/tpch/BenchmarkQueries.consume;org/weakref/nitro/operator/ProjectOperator.next;org/weakref/nitro/operator/TopNOperator.next;org/weakref/nitro/operator/TopNOperator.computeTopN;org/weakref/nitro/operator/GroupedAggregationOperator.next;org/weakref/nitro/operator/GroupedAggregationOperator.computeResults;org/weakref/nitro/operator/GroupedAggregationOperator.computeInlineGroupedResults;org/weakref/nitro/operator/GroupedAggregationOperator.assignInlineGroups;org/weakref/nitro/operator/Output.borrow;org/weakref/nitro/operator/Output.resolveMasked;org/weakref/nitro/operator/Output$$Lambda.0x000000007329e4f8.resolve;org/weakref/nitro/operator/Output.borrowMaybeMasked;org/weakref/nitro/operator/Output.borrow;org/weakref/nitro/operator/HashJoinOperator$$Lambda.0x00000000732a6628.apply;org/weakref/nitro/operator/HashJoinOperator.lambda$resultOutput$3;org/weakref/nitro/operator/HashJoinOperator.materializeOutput;org/weakref/nitro/operator/HashJoinOperator.materializeOuterOutput;org/weakref/nitro/operator/HashJoinOperator.wrapOuterOutput;org/weakref/nitro/operator/Output.borrow;org/weakref/nitro/operator/HashJoinOperator$$Lambda.0x00000000732a6628.apply;org/weakref/nitro/operator/HashJoinOperator.lambda$resultOutput$3;org/weakref/nitro/operator/HashJoinOperator.materializeOutput;org/weakref/nitro/operator/HashJoinOperator.materializeOuterOutput;org/weakref/nitro/operator/HashJoinOperator.wrapOuterOutput;org/weakref/nitro/operator/Output.borrow;org/weakref/nitro/operator/HashJoinOperator$$Lambda.0x00000000732a6628.apply;org/weakref/nitro/operator/HashJoinOperator.lambda$resultOutput$3;org/weakref/nitro/operator/HashJoinOperator.materializeOutput;org/weakref/nitro/operator/HashJoinOperator.materializeOuterOutput;org/weakref/nitro/operator/HashJoinOperator.wrapOuterOutput;org/weakref/nitro/operator/Output.borrow;org/weakref/nitro/operator/NitroParquetScanOperator$ScanOutputResolver$$Lambda.0x00000000730aad90.apply;org/weakref/nitro/operator/NitroParquetScanOperator$ScanOutputResolver.resolve;org/weakref/nitro/operator/NitroParquetScanOperator.resolveLazyColumn;org/weakref/nitro/data/Allocator.allocate;org/weakref/nitro/data/Allocator.state;java/lang/invoke/Invokers$Holder.linkToTargetMethod;java/lang/invoke/DirectMethodHandle$Holder.newInvokeSpecial;java/lang/invoke/DirectMethodHandle.allocateInstance;org.weakref.nitro.data.Allocator$$Lambda.0x00000000732848c0_[i] 1
java/lang/Thread.run;java/lang/Thread.runWith;java/util/concurrent/ThreadPoolExecutor$Worker.run;java/util/concurrent/ThreadPoolExecutor.runWorker;java/util/concurrent/FutureTask.run;java/util/concurrent/Executors$RunnableAdapter.call;java/util/concurrent/FutureTask.run;org/openjdk/jmh/runner/BenchmarkHandler$BenchmarkTask.call;org/openjdk/jmh/runner/BenchmarkHandler$BenchmarkTask.call;java/lang/reflect/Method.invoke;jdk/internal/reflect/DirectMethodHandleAccessor.invoke;jdk/internal/reflect/DirectMethodHandleAccessor.invokeImpl;java/lang/invoke/LambdaForm$MH.0x0000000073061400.invokeExact_MT;java/lang/invoke/LambdaForm$MH.0x0000000073061000.invoke;java/lang/invoke/DirectMethodHandle$Holder.invokeSpecial;org/weakref/nitro/tpch/jmh_generated/BenchmarkQueries_query10_jmhTest.query10_AverageTime;org/weakref/nitro/tpch/jmh_generated/BenchmarkQueries_query10_jmhTest.query10_avgt_jmhStub;org/weakref/nitro/tpch/BenchmarkQueries.query10;org/weakref/nitro/tpch/BenchmarkQueries.consume;org/weakref/nitro/operator/ProjectOperator.next;org/weakref/nitro/operator/TopNOperator.next;org/weakref/nitro/operator/TopNOperator.computeTopN;org/weakref/nitro/operator/GroupedAggregationOperator.next;org/weakref/nitro/operator/GroupedAggregationOperator.computeResults;org/weakref/nitro/operator/GroupedAggregationOperator.computeInlineGroupedResults;org/weakref/nitro/operator/ProjectOperator.next;org/weakref/nitro/operator/HashJoinOperator.next;org/weakref/nitro/operator/HashJoinOperator.produceBatch;org/weakref/nitro/operator/HashJoinOperator.produceOrdinaryBatch;org/weakref/nitro/operator/HashJoinOperator.loadNextOuterBatch;org/weakref/nitro/operator/HashJoinOperator.next;org/weakref/nitro/operator/HashJoinOperator.produceBatch;org/weakref/nitro/operator/HashJoinOperator.loadInnerIfNecessary;org/weakref/nitro/operator/BufferedJoinInput.loadAll;org/weakref/nitro/operator/ProjectOperator.next;org/weakref/nitro/operator/FilterOperator.next;org/weakref/nitro/operator/evaluator/PlanEvaluator.evaluateInPlace;org/weakref/nitro/operator/evaluator/PlanEvaluator.evaluateTrueMaskInPlace;org/weakref/nitro/operator/evaluator/PlanEvaluator.tryEvaluatePrimitiveTrueMaskInPlace;org/weakref/nitro/operator/evaluator/PlanEvaluator.tryEvaluatePrimitiveMaskInPlace;org/weakref/nitro/operator/evaluator/PlanEvaluator.resolveMaskPrimitiveInvocation;org/weakref/nitro/operator/evaluator/PlanEvaluator.evaluateArgument;org/weakref/nitro/operator/evaluator/PlanEvaluator.evaluateAvailableReference;org/weakref/nitro/operator/evaluator/PlanEvaluator.evaluate;org/weakref/nitro/operator/evaluator/PlanEvaluator.evaluateUnmemoized;org/weakref/nitro/operator/evaluator/PlanEvaluator.evaluateVariable;org/weakref/nitro/operator/evaluator/PlanEvaluator.evaluateLiteral;org/weakref/nitro/operator/evaluator/PlanEvaluator.fillUtf8;org/weakref/nitro/data/BinaryVector.addTrait;java/util/Set.copyOf;java/util/HashSet.toArray;java.lang.Object[]_[i] 1
java/lang/Thread.run;java/lang/Thread.runWith;java/util/concurrent/ThreadPoolExecutor$Worker.run;java/util/concurrent/ThreadPoolExecutor.runWorker;java/util/concurrent/FutureTask.run;java/util/concurrent/Executors$RunnableAdapter.call;java/util/concurrent/FutureTask.run;org/openjdk/jmh/runner/BenchmarkHandler$BenchmarkTask.call;org/openjdk/jmh/runner/BenchmarkHandler$BenchmarkTask.call;java/lang/reflect/Method.invoke;jdk/internal/reflect/DirectMethodHandleAccessor.invoke;jdk/internal/reflect/DirectMethodHandleAccessor.invokeImpl;java/lang/invoke/LambdaForm$MH.0x0000000073061400.invokeExact_MT;java/lang/invoke/LambdaForm$MH.0x0000000073061000.invoke;java/lang/invoke/DirectMethodHandle$Holder.invokeSpecial;org/weakref/nitro/tpch/jmh_generated/BenchmarkQueries_query10_jmhTest.query10_AverageTime;org/weakref/nitro/tpch/jmh_generated/BenchmarkQueries_query10_jmhTest.query10_avgt_jmhStub;org/weakref/nitro/tpch/BenchmarkQueries.query10;org/weakref/nitro/tpch/BenchmarkQueries.consume;org/weakref/nitro/operator/ProjectOperator.next;org/weakref/nitro/operator/TopNOperator.next;org/weakref/nitro/operator/TopNOperator.computeTopN;org/weakref/nitro/operator/GroupedAggregationOperator.next;org/weakref/nitro/operator/GroupedAggregationOperator.computeResults;org/weakref/nitro/operator/GroupedAggregationOperator.computeInlineGroupedResults;org/weakref/nitro/operator/ProjectOperator.next;org/weakref/nitro/operator/HashJoinOperator.next;org/weakref/nitro/operator/HashJoinOperator.produceBatch;org/weakref/nitro/operator/HashJoinOperator.produceOrdinaryBatch;org/weakref/nitro/operator/HashJoinOperator.loadNextOuterBatch;org/weakref/nitro/operator/HashJoinOperator.next;org/weakref/nitro/operator/HashJoinOperator.produceBatch;org/weakref/nitro/operator/HashJoinOperator.produceOrdinaryBatch;org/weakref/nitro/operator/HashJoinOperator.loadNextOuterBatch;org/weakref/nitro/operator/HashJoinOperator.next;org/weakref/nitro/operator/HashJoinOperator.produceBatch;org/weakref/nitro/operator/HashJoinOperator.loadInnerIfNecessary;org/weakref/nitro/operator/BufferedJoinInput.loadAll;org/weakref/nitro/operator/ProjectOperator.next;org/weakref/nitro/operator/FilterOperator.next;org/weakref/nitro/operator/evaluator/PlanEvaluator.evaluateInPlace;org/weakref/nitro/operator/evaluator/PlanEvaluator.evaluateTrueMaskInPlace;org/weakref/nitro/operator/evaluator/ir/MaskExpressionResolver.resolve;org/weakref/nitro/operator/evaluator/ir/MaskExpressionResolver.<init>;java/util/stream/ReferencePipeline.collect;java/util/stream/AbstractPipeline.evaluate;java/util/stream/ReduceOps$ReduceOp.evaluateSequential;java/util/stream/AbstractPipeline.wrapAndCopyInto;java/util/stream/AbstractPipeline.copyInto;java/util/AbstractList$RandomAccessSpliterator.forEachRemaining;java/util/stream/ReduceOps$3ReducingSink.accept;java/util/stream/Collectors$$Lambda.0x000000007316fea0.accept;java/util/stream/Collectors.lambda$uniqKeysMapAccumulator$0;java/util/HashMap.putIfAbsent;java/util/HashMap.putVal;java/util/HashMap.newNode;java.util.HashMap$Node_[i] 2
java/lang/Thread.run;java/lang/Thread.runWith;java/util/concurrent/ThreadPoolExecutor$Worker.run;java/util/concurrent/ThreadPoolExecutor.runWorker;java/util/concurrent/FutureTask.run;java/util/concurrent/Executors$RunnableAdapter.call;java/util/concurrent/FutureTask.run;org/openjdk/jmh/runner/BenchmarkHandler$BenchmarkTask.call;org/openjdk/jmh/runner/BenchmarkHandler$BenchmarkTask.call;java/lang/reflect/Method.invoke;jdk/internal/reflect/DirectMethodHandleAccessor.invoke;jdk/internal/reflect/DirectMethodHandleAccessor.invokeImpl;java/lang/invoke/LambdaForm$MH.0x0000000073061400.invokeExact_MT;java/lang/invoke/LambdaForm$MH.0x0000000073061000.invoke;java/lang/invoke/DirectMethodHandle$Holder.invokeSpecial;org/weakref/nitro/tpch/jmh_generated/BenchmarkQueries_query10_jmhTest.query10_AverageTime;org/weakref/nitro/tpch/jmh_generated/BenchmarkQueries_query10_jmhTest.query10_avgt_jmhStub;org/weakref/nitro/tpch/BenchmarkQueries.query10;org/weakref/nitro/tpch/BenchmarkQueries.consume;org/weakref/nitro/operator/ProjectOperator.next;org/weakref/nitro/operator/TopNOperator.next;org/weakref/nitro/operator/TopNOperator.computeTopN;org/weakref/nitro/operator/GroupedAggregationOperator.next;org/weakref/nitro/operator/GroupedAggregationOperator.computeResults;org/weakref/nitro/operator/GroupedAggregationOperator.computeInlineGroupedResults;org/weakref/nitro/operator/ProjectOperator.next;org/weakref/nitro/operator/HashJoinOperator.next;org/weakref/nitro/operator/HashJoinOperator.produceBatch;org/weakref/nitro/operator/HashJoinOperator.produceOrdinaryBatch;org/weakref/nitro/operator/HashJoinOperator.loadNextOuterBatch;org/weakref/nitro/operator/HashJoinOperator.next;org/weakref/nitro/operator/HashJoinOperator.produceBatch;org/weakref/nitro/operator/HashJoinOperator.produceOrdinaryBatch;org/weakref/nitro/operator/HashJoinOperator.loadNextOuterBatch;org/weakref/nitro/operator/HashJoinOperator.next;org/weakref/nitro/operator/HashJoinOperator.produceBatch;org/weakref/nitro/operator/HashJoinOperator.produceRangeBatch;org/weakref/nitro/operator/HashJoinOperator.loadNextOuterBatch;org/weakref/nitro/operator/BufferedJoinInput.captureSchema;org/weakref/nitro/operator/Output.borrow;org/weakref/nitro/operator/NitroParquetScanOperator$ScanOutputResolver$$Lambda.0x00000000730aad90.apply;org/weakref/nitro/operator/NitroParquetScanOperator$ScanOutputResolver.resolve;org/weakref/nitro/operator/NitroParquetScanOperator.resolveLazyColumn;org/weakref/nitro/operator/NitroParquetScanOperator.decodeFullColumn;org/weakref/nitro/parquet/ColumnReader.readLongs;org/weakref/nitro/parquet/ColumnReader.decodeNextDataPage;org/weakref/nitro/parquet/ColumnReader.decodeDataPageV1;org/weakref/nitro/parquet/ColumnReader.ensurePageCapacity;org/weakref/nitro/parquet/ColumnReader.ensurePageValueCapacity;org/weakref/nitro/parquet/ColumnReader.replaceLongs;org/weakref/nitro/data/PrimitiveArrayPool.borrowLongs;long[]_[i] 1
java/lang/Thread.run;java/lang/Thread.runWith;java/util/concurrent/ThreadPoolExecutor$Worker.run;java/util/concurrent/ThreadPoolExecutor.runWorker;java/util/concurrent/FutureTask.run;java/util/concurrent/Executors$RunnableAdapter.call;java/util/concurrent/FutureTask.run;org/openjdk/jmh/runner/BenchmarkHandler$BenchmarkTask.call;org/openjdk/jmh/runner/BenchmarkHandler$BenchmarkTask.call;java/lang/reflect/Method.invoke;jdk/internal/reflect/DirectMethodHandleAccessor.invoke;jdk/internal/reflect/DirectMethodHandleAccessor.invokeImpl;java/lang/invoke/LambdaForm$MH.0x0000000073061400.invokeExact_MT;java/lang/invoke/LambdaForm$MH.0x0000000073061000.invoke;java/lang/invoke/DirectMethodHandle$Holder.invokeSpecial;org/weakref/nitro/tpch/jmh_generated/BenchmarkQueries_query10_jmhTest.query10_AverageTime;org/weakref/nitro/tpch/jmh_generated/BenchmarkQueries_query10_jmhTest.query10_avgt_jmhStub;org/weakref/nitro/tpch/BenchmarkQueries.query10;org/weakref/nitro/tpch/BenchmarkQueries.consume;org/weakref/nitro/operator/ProjectOperator.next;org/weakref/nitro/operator/TopNOperator.next;org/weakref/nitro/operator/TopNOperator.computeTopN;org/weakref/nitro/operator/GroupedAggregationOperator.next;org/weakref/nitro/operator/GroupedAggregationOperator.computeResults;org/weakref/nitro/operator/GroupedAggregationOperator.computeInlineGroupedResults;org/weakref/nitro/operator/ProjectOperator.next;org/weakref/nitro/operator/HashJoinOperator.next;org/weakref/nitro/operator/HashJoinOperator.produceBatch;org/weakref/nitro/operator/HashJoinOperator.produceOrdinaryBatch;org/weakref/nitro/operator/HashJoinOperator.loadNextOuterBatch;org/weakref/nitro/operator/HashJoinOperator.next;org/weakref/nitro/operator/HashJoinOperator.produceBatch;org/weakref/nitro/operator/HashJoinOperator.produceOrdinaryBatch;org/weakref/nitro/operator/HashJoinOperator.loadNextOuterBatch;org/weakref/nitro/operator/HashJoinOperator.next;org/weakref/nitro/operator/HashJoinOperator.produceBatch;org/weakref/nitro/operator/HashJoinOperator.produceRangeBatch;org/weakref/nitro/operator/HashJoinOperator.loadNextOuterBatch;org/weakref/nitro/operator/BufferedJoinInput.captureSchema;org/weakref/nitro/operator/Output.borrow;org/weakref/nitro/operator/NitroParquetScanOperator$ScanOutputResolver$$Lambda.0x00000000730aad90.apply;org/weakref/nitro/operator/NitroParquetScanOperator$ScanOutputResolver.resolve;org/weakref/nitro/operator/NitroParquetScanOperator.resolveLazyColumn;org/weakref/nitro/operator/NitroParquetScanOperator.decodeFullColumn;org/weakref/nitro/parquet/ColumnReader.readBinary;org/weakref/nitro/parquet/ColumnReader.readBinaryDirect;org/weakref/nitro/data/BinaryVector.allocateOrGrow;org/weakref/nitro/data/BinaryVector.allocate;org/weakref/nitro/data/Allocator.allocatePooled;org/weakref/nitro/data/BinaryVector$$Lambda.0x0000000073287818.get;org/weakref/nitro/data/BinaryVector.lambda$allocate$0;org/weakref/nitro/data/BinaryVector.<init>;byte[]_[i] 2
java/lang/Thread.run;java/lang/Thread.runWith;java/util/concurrent/ThreadPoolExecutor$Worker.run;java/util/concurrent/ThreadPoolExecutor.runWorker;java/util/concurrent/FutureTask.run;java/util/concurrent/Executors$RunnableAdapter.call;java/util/concurrent/FutureTask.run;org/openjdk/jmh/runner/BenchmarkHandler$BenchmarkTask.call;org/openjdk/jmh/runner/BenchmarkHandler$BenchmarkTask.call;java/lang/reflect/Method.invoke;jdk/internal/reflect/DirectMethodHandleAccessor.invoke;jdk/internal/reflect/DirectMethodHandleAccessor.invokeImpl;java/lang/invoke/LambdaForm$MH.0x0000000073061400.invokeExact_MT;java/lang/invoke/LambdaForm$MH.0x0000000073061000.invoke;java/lang/invoke/DirectMethodHandle$Holder.invokeSpecial;org/weakref/nitro/tpch/jmh_generated/BenchmarkQueries_query10_jmhTest.query10_AverageTime;org/weakref/nitro/tpch/jmh_generated/BenchmarkQueries_query10_jmhTest.query10_avgt_jmhStub;org/weakref/nitro/tpch/BenchmarkQueries.query10;org/weakref/nitro/tpch/BenchmarkQueries.consume;org/weakref/nitro/operator/ProjectOperator.next;org/weakref/nitro/operator/TopNOperator.next;org/weakref/nitro/operator/TopNOperator.computeTopN;org/weakref/nitro/operator/GroupedAggregationOperator.next;org/weakref/nitro/operator/GroupedAggregationOperator.computeResults;org/weakref/nitro/operator/GroupedAggregationOperator.computeInlineGroupedResults;org/weakref/nitro/operator/GroupedAggregationOperator.assignInlineGroups;org/weakref/nitro/operator/GroupingState.assignGroups;org/weakref/nitro/operator/GroupingState.assignGroups;org/weakref/nitro/operator/GroupingState.assignFlatGroups;org/weakref/nitro/operator/FlatGroupingTable.prepareBatchHashes;org/weakref/nitro/operator/FlatGroupingTable.prepareBatchHash;org/weakref/nitro/operator/FlatKeyLayout.hash;org/weakref/nitro/operator/FlatKeyLayout.fieldHash;org/weakref/nitro/operator/FlatKeyLayout.binaryFieldHash;org/weakref/nitro/operator/FlatKeyLayout.globalIdFor;org/weakref/nitro/operator/ValueIdInterner.intern;org/weakref/nitro/operator/ValueIdInterner.store;java/util/Arrays.copyOf;int[]_[i] 2
java/lang/Thread.run;java/lang/Thread.runWith;java/util/concurrent/ThreadPoolExecutor$Worker.run;java/util/concurrent/ThreadPoolExecutor.runWorker;java/util/concurrent/FutureTask.run;java/util/concurrent/Executors$RunnableAdapter.call;java/util/concurrent/FutureTask.run;org/openjdk/jmh/runner/BenchmarkHandler$BenchmarkTask.call;org/openjdk/jmh/runner/BenchmarkHandler$BenchmarkTask.call;java/lang/reflect/Method.invoke;jdk/internal/reflect/DirectMethodHandleAccessor.invoke;jdk/internal/reflect/DirectMethodHandleAccessor.invokeImpl;java/lang/invoke/LambdaForm$MH.0x0000000073061400.invokeExact_MT;java/lang/invoke/LambdaForm$MH.0x0000000073061000.invoke;java/lang/invoke/DirectMethodHandle$Holder.invokeSpecial;org/weakref/nitro/tpch/jmh_generated/BenchmarkQueries_query10_jmhTest.query10_AverageTime;org/weakref/nitro/tpch/jmh_generated/BenchmarkQueries_query10_jmhTest.query10_avgt_jmhStub;org/weakref/nitro/tpch/BenchmarkQueries.query10;org/weakref/nitro/tpch/BenchmarkQueries.consume;org/weakref/nitro/operator/ProjectOperator.next;org/weakref/nitro/operator/TopNOperator.next;org/weakref/nitro/operator/TopNOperator.computeTopN;org/weakref/nitro/operator/GroupedAggregationOperator.next;org/weakref/nitro/operator/GroupedAggregationOperator.computeResults;org/weakref/nitro/operator/GroupedAggregationOperator.computeInlineGroupedResults;org/weakref/nitro/operator/ProjectOperator.next;org/weakref/nitro/operator/HashJoinOperator.next;org/weakref/nitro/operator/HashJoinOperator.produceBatch;org/weakref/nitro/operator/HashJoinOperator.produceOrdinaryBatch;org/weakref/nitro/operator/HashJoinOperator.loadNextOuterBatch;org/weakref/nitro/operator/HashJoinOperator.next;org/weakref/nitro/operator/HashJoinOperator.produceBatch;org/weakref/nitro/operator/HashJoinOperator.produceOrdinaryBatch;org/weakref/nitro/operator/HashJoinOperator.loadNextOuterBatch;org/weakref/nitro/operator/HashJoinOperator.next;org/weakref/nitro/operator/HashJoinOperator.produceBatch;org/weakref/nitro/operator/HashJoinOperator.produceRangeBatch;org/weakref/nitro/operator/HashJoinOperator.loadNextOuterBatch;org/weakref/nitro/operator/HashJoinOperator.cacheOuterJoinInputs;org/weakref/nitro/operator/Output.borrow;org/weakref/nitro/operator/NitroParquetScanOperator$ScanOutputResolver$$Lambda.0x00000000730aad90.apply;org/weakref/nitro/operator/NitroParquetScanOperator$ScanOutputResolver.resolve;org/weakref/nitro/operator/NitroParquetScanOperator.resolveLazyColumn;org/weakref/nitro/operator/NitroParquetScanOperator.decodeFullColumn;org/weakref/nitro/parquet/ColumnReader.readLongs;org/weakref/nitro/parquet/ColumnReader.decodeNextDataPage;org/weakref/nitro/parquet/ColumnReader.decodeDataPageV1;org/weakref/nitro/parquet/ColumnReader.ensurePageCapacity;org/weakref/nitro/parquet/ColumnReader.ensurePageValueCapacity;org/weakref/nitro/parquet/ColumnReader.replaceLongs;org/weakref/nitro/data/PrimitiveArrayPool.borrowLongs;long[]_[i] 1
java/lang/Thread.run;java/lang/Thread.runWith;java/util/concurrent/ThreadPoolExecutor$Worker.run;java/util/concurrent/ThreadPoolExecutor.runWorker;java/util/concurrent/FutureTask.run;java/util/concurrent/Executors$RunnableAdapter.call;java/util/concurrent/FutureTask.run;org/openjdk/jmh/runner/BenchmarkHandler$BenchmarkTask.call;org/openjdk/jmh/runner/BenchmarkHandler$BenchmarkTask.call;java/lang/reflect/Method.invoke;jdk/internal/reflect/DirectMethodHandleAccessor.invoke;jdk/internal/reflect/DirectMethodHandleAccessor.invokeImpl;java/lang/invoke/LambdaForm$MH.0x0000000073061400.invokeExact_MT;java/lang/invoke/LambdaForm$MH.0x0000000073061000.invoke;java/lang/invoke/DirectMethodHandle$Holder.invokeSpecial;org/weakref/nitro/tpch/jmh_generated/BenchmarkQueries_query10_jmhTest.query10_AverageTime;org/weakref/nitro/tpch/jmh_generated/BenchmarkQueries_query10_jmhTest.query10_avgt_jmhStub;org/weakref/nitro/tpch/BenchmarkQueries.query10;org/weakref/nitro/tpch/BenchmarkQueries.consume;org/weakref/nitro/operator/ProjectOperator.next;org/weakref/nitro/operator/TopNOperator.next;org/weakref/nitro/operator/TopNOperator.computeTopN;org/weakref/nitro/operator/GroupedAggregationOperator.next;org/weakref/nitro/operator/GroupedAggregationOperator.computeResults;org/weakref/nitro/operator/GroupedAggregationOperator.computeInlineGroupedResults;org/weakref/nitro/operator/ProjectOperator.next;org/weakref/nitro/operator/HashJoinOperator.next;org/weakref/nitro/operator/HashJoinOperator.produceBatch;org/weakref/nitro/operator/HashJoinOperator.produceOrdinaryBatch;org/weakref/nitro/operator/HashJoinOperator.loadNextOuterBatch;org/weakref/nitro/operator/HashJoinOperator.next;org/weakref/nitro/operator/HashJoinOperator.produceBatch;org/weakref/nitro/operator/HashJoinOperator.loadInnerIfNecessary;org/weakref/nitro/operator/BufferedJoinInput.loadAll;org/weakref/nitro/operator/ProjectOperator.next;org/weakref/nitro/operator/FilterOperator.next;org/weakref/nitro/operator/evaluator/PlanEvaluator.evaluateInPlace;org/weakref/nitro/operator/evaluator/PlanEvaluator.evaluateTrueMaskInPlace;org/weakref/nitro/operator/evaluator/PlanEvaluator.tryEvaluatePrimitiveTrueMaskInPlace;org/weakref/nitro/operator/evaluator/PlanEvaluator.tryEvaluatePrimitiveMaskInPlace;org/weakref/nitro/function/scalar/builtin/EqualUtf8.tryEvaluateTrueMaskInPlace;org/weakref/nitro/function/scalar/builtin/Utf8BinaryDispatch.tryEvaluateEqualsTrueMaskInPlace;org/weakref/nitro/function/scalar/builtin/Utf8BinaryDispatch.tryEvaluateEqualsMaskInPlace;org/weakref/nitro/function/scalar/builtin/Utf8BinaryDispatch.tryEvaluateInSetMaskInPlace;org/weakref/nitro/function/scalar/builtin/Utf8BinaryDispatch.evaluateDictionaryMembership;int[]_[i] 1
java/lang/Thread.run;java/lang/Thread.runWith;java/util/concurrent/ThreadPoolExecutor$Worker.run;java/util/concurrent/ThreadPoolExecutor.runWorker;java/util/concurrent/FutureTask.run;java/util/concurrent/Executors$RunnableAdapter.call;java/util/concurrent/FutureTask.run;org/openjdk/jmh/runner/BenchmarkHandler$BenchmarkTask.call;org/openjdk/jmh/runner/BenchmarkHandler$BenchmarkTask.call;java/lang/reflect/Method.invoke;jdk/internal/reflect/DirectMethodHandleAccessor.invoke;jdk/internal/reflect/DirectMethodHandleAccessor.invokeImpl;java/lang/invoke/LambdaForm$MH.0x0000000073061400.invokeExact_MT;java/lang/invoke/LambdaForm$MH.0x0000000073061000.invoke;java/lang/invoke/DirectMethodHandle$Holder.invokeSpecial;org/weakref/nitro/tpch/jmh_generated/BenchmarkQueries_query10_jmhTest.query10_AverageTime;org/weakref/nitro/tpch/jmh_generated/BenchmarkQueries_query10_jmhTest.query10_avgt_jmhStub;org/weakref/nitro/tpch/BenchmarkQueries.query10;org/weakref/nitro/tpch/BenchmarkQueries.consume;org/weakref/nitro/operator/ProjectOperator.next;org/weakref/nitro/operator/TopNOperator.next;org/weakref/nitro/operator/TopNOperator.computeTopN;org/weakref/nitro/operator/GroupedAggregationOperator.next;org/weakref/nitro/operator/GroupedAggregationOperator.computeResults;org/weakref/nitro/operator/GroupedAggregationOperator.computeInlineGroupedResults;org/weakref/nitro/operator/ProjectOperator.next;org/weakref/nitro/operator/HashJoinOperator.next;org/weakref/nitro/operator/HashJoinOperator.produceBatch;org/weakref/nitro/operator/HashJoinOperator.produceOrdinaryBatch;org/weakref/nitro/operator/HashJoinOperator.loadNextOuterBatch;org/weakref/nitro/operator/HashJoinOperator.next;org/weakref/nitro/operator/HashJoinOperator.produceBatch;org/weakref/nitro/operator/HashJoinOperator.loadInnerIfNecessary;org/weakref/nitro/operator/BufferedJoinInput.loadAll;org/weakref/nitro/operator/Batch.close;org/weakref/nitro/operator/ProjectOperator$$Lambda.0x000000007329f020.run;org/weakref/nitro/operator/ProjectOperator.lambda$next$11;org/weakref/nitro/operator/ProjectOperator$BatchState.close;org/weakref/nitro/operator/Batch.close;org/weakref/nitro/operator/FilterOperator$BatchState.close;org/weakref/nitro/operator/Batch.close;org/weakref/nitro/operator/BatchBufferScope.release;org/weakref/nitro/data/Allocator.release;org/weakref/nitro/data/Allocator$ContextState.releaseMask;java/util/TreeMap.computeIfAbsent;java/util/TreeMap.callMappingFunctionWithCheck;org/weakref/nitro/data/Allocator$ContextState$$Lambda.0x000000007328ef20.apply;org/weakref/nitro/data/Allocator$ContextState.lambda$releaseMask$0;java.util.ArrayDeque_[i] 1
java/lang/Thread.run;java/lang/Thread.runWith;java/util/concurrent/ThreadPoolExecutor$Worker.run;java/util/concurrent/ThreadPoolExecutor.runWorker;java/util/concurrent/FutureTask.run;java/util/concurrent/Executors$RunnableAdapter.call;java/util/concurrent/FutureTask.run;org/openjdk/jmh/runner/BenchmarkHandler$BenchmarkTask.call;org/openjdk/jmh/runner/BenchmarkHandler$BenchmarkTask.call;java/lang/reflect/Method.invoke;jdk/internal/reflect/DirectMethodHandleAccessor.invoke;jdk/internal/reflect/DirectMethodHandleAccessor.invokeImpl;java/lang/invoke/LambdaForm$MH.0x0000000073061400.invokeExact_MT;java/lang/invoke/LambdaForm$MH.0x0000000073061000.invoke;java/lang/invoke/DirectMethodHandle$Holder.invokeSpecial;org/weakref/nitro/tpch/jmh_generated/BenchmarkQueries_query10_jmhTest.query10_AverageTime;org/weakref/nitro/tpch/jmh_generated/BenchmarkQueries_query10_jmhTest.query10_avgt_jmhStub;org/weakref/nitro/tpch/BenchmarkQueries.query10;org/weakref/nitro/tpch/BenchmarkQueries.consume;org/weakref/nitro/operator/ProjectOperator.next;org/weakref/nitro/operator/TopNOperator.next;org/weakref/nitro/operator/TopNOperator.computeTopN;org/weakref/nitro/operator/GroupedAggregationOperator.next;org/weakref/nitro/operator/GroupedAggregationOperator.computeResults;org/weakref/nitro/operator/GroupedAggregationOperator.computeInlineGroupedResults;org/weakref/nitro/operator/ProjectOperator.next;org/weakref/nitro/operator/HashJoinOperator.next;org/weakref/nitro/operator/HashJoinOperator.produceBatch;org/weakref/nitro/operator/HashJoinOperator.produceOrdinaryBatch;org/weakref/nitro/operator/HashJoinOperator.loadNextOuterBatch;org/weakref/nitro/operator/HashJoinOperator.next;org/weakref/nitro/operator/HashJoinOperator.produceBatch;org/weakref/nitro/operator/HashJoinOperator.loadInnerIfNecessary;org/weakref/nitro/operator/BufferedJoinInput.loadAll;org/weakref/nitro/operator/ProjectOperator.next;org/weakref/nitro/operator/FilterOperator.next;org/weakref/nitro/operator/evaluator/PlanEvaluator.resetForReuse;org/weakref/nitro/data/Allocator.releaseIfPresent;org/weakref/nitro/data/Allocator$ContextState.release;org/weakref/nitro/data/Allocator$ContextState.addVectorToPool;java/util/TreeMap.computeIfAbsent;java/util/TreeMap.addEntryToEmptyMap;java.util.TreeMap$Entry_[i] 1
java/lang/Thread.run;java/lang/Thread.runWith;java/util/concurrent/ThreadPoolExecutor$Worker.run;java/util/concurrent/ThreadPoolExecutor.runWorker;java/util/concurrent/FutureTask.run;java/util/concurrent/Executors$RunnableAdapter.call;java/util/concurrent/FutureTask.run;org/openjdk/jmh/runner/BenchmarkHandler$BenchmarkTask.call;org/openjdk/jmh/runner/BenchmarkHandler$BenchmarkTask.call;java/lang/reflect/Method.invoke;jdk/internal/reflect/DirectMethodHandleAccessor.invoke;jdk/internal/reflect/DirectMethodHandleAccessor.invokeImpl;java/lang/invoke/LambdaForm$MH.0x0000000073061400.invokeExact_MT;java/lang/invoke/LambdaForm$MH.0x0000000073061000.invoke;java/lang/invoke/DirectMethodHandle$Holder.invokeSpecial;org/weakref/nitro/tpch/jmh_generated/BenchmarkQueries_query10_jmhTest.query10_AverageTime;org/weakref/nitro/tpch/jmh_generated/BenchmarkQueries_query10_jmhTest.query10_avgt_jmhStub;org/weakref/nitro/tpch/BenchmarkQueries.query10;org/weakref/nitro/tpch/BenchmarkQueries.consume;org/weakref/nitro/operator/ProjectOperator.next;org/weakref/nitro/operator/TopNOperator.next;org/weakref/nitro/operator/TopNOperator.computeTopN;org/weakref/nitro/operator/GroupedAggregationOperator.next;org/weakref/nitro/operator/GroupedAggregationOperator.computeResults;org/weakref/nitro/operator/GroupedAggregationOperator.computeInlineGroupedResults;org/weakref/nitro/operator/ProjectOperator.next;org/weakref/nitro/operator/HashJoinOperator.next;org/weakref/nitro/operator/HashJoinOperator.produceBatch;org/weakref/nitro/operator/HashJoinOperator.produceOrdinaryBatch;org/weakref/nitro/operator/HashJoinOperator.loadNextOuterBatch;org/weakref/nitro/operator/HashJoinOperator.next;org/weakref/nitro/operator/HashJoinOperator.produceBatch;org/weakref/nitro/operator/HashJoinOperator.loadInnerIfNecessary;org/weakref/nitro/operator/BufferedJoinInput.loadAll;org/weakref/nitro/operator/Batch.close;org/weakref/nitro/operator/ProjectOperator$$Lambda.0x000000007329f020.run;org/weakref/nitro/operator/ProjectOperator.lambda$next$11;org/weakref/nitro/operator/ProjectOperator$BatchState.close;org/weakref/nitro/operator/Batch.close;org/weakref/nitro/operator/FilterOperator$BatchState.close;org/weakref/nitro/operator/Batch.close;org/weakref/nitro/operator/Output.close;org/weakref/nitro/operator/Output.release;org/weakref/nitro/operator/BatchBufferOwner.accept;org/weakref/nitro/operator/BatchBufferOwner.accept;org/weakref/nitro/operator/NitroParquetScanOperator$ScanOutputResolver.release;org/weakref/nitro/operator/BatchBufferScope.release;org/weakref/nitro/data/Allocator.release;org/weakref/nitro/data/Allocator.releaseVectorTree;org/weakref/nitro/data/Allocator.releaseVectorTree;org/weakref/nitro/data/Allocator.releaseVector;org/weakref/nitro/data/Allocator$ContextState.releaseVector;org/weakref/nitro/data/Allocator$ContextState.addVectorToPool;java/util/HashMap.computeIfAbsent;java/util/HashMap.newNode;java.util.HashMap$Node_[i] 1
java/lang/Thread.run;java/lang/Thread.runWith;java/util/concurrent/ThreadPoolExecutor$Worker.run;java/util/concurrent/ThreadPoolExecutor.runWorker;java/util/concurrent/FutureTask.run;java/util/concurrent/Executors$RunnableAdapter.call;java/util/concurrent/FutureTask.run;org/openjdk/jmh/runner/BenchmarkHandler$BenchmarkTask.call;org/openjdk/jmh/runner/BenchmarkHandler$BenchmarkTask.call;java/lang/reflect/Method.invoke;jdk/internal/reflect/DirectMethodHandleAccessor.invoke;jdk/internal/reflect/DirectMethodHandleAccessor.invokeImpl;java/lang/invoke/LambdaForm$MH.0x0000000073061400.invokeExact_MT;java/lang/invoke/LambdaForm$MH.0x0000000073061000.invoke;java/lang/invoke/DirectMethodHandle$Holder.invokeSpecial;org/weakref/nitro/tpch/jmh_generated/BenchmarkQueries_query10_jmhTest.query10_AverageTime;org/weakref/nitro/tpch/jmh_generated/BenchmarkQueries_query10_jmhTest.query10_avgt_jmhStub;org/weakref/nitro/tpch/BenchmarkQueries.query10;org/weakref/nitro/tpch/BenchmarkQueries.consume;org/weakref/nitro/operator/ProjectOperator.next;org/weakref/nitro/operator/TopNOperator.next;org/weakref/nitro/operator/TopNOperator.computeTopN;org/weakref/nitro/operator/GroupedAggregationOperator.next;org/weakref/nitro/operator/GroupedAggregationOperator.computeResults;org/weakref/nitro/operator/GroupedAggregationOperator.computeInlineGroupedResults;org/weakref/nitro/operator/GroupedAggregationOperator.accumulateGroupedRows;org/weakref/nitro/operator/aggregation/SumF64.accumulate;org/weakref/nitro/operator/aggregation/StreamAccessors$$Lambda.0x00000000732aa640.stream;org/weakref/nitro/operator/aggregation/StreamAccessors.lambda$forBatch$0;org/weakref/nitro/operator/aggregation/StreamAccessors.read;org/weakref/nitro/operator/Output.borrowOrNull;org/weakref/nitro/operator/Output.borrow;org/weakref/nitro/operator/ProjectOperator$$Lambda.0x00000000732a3ca0.apply;org/weakref/nitro/operator/ProjectOperator.lambda$next$4;org/weakref/nitro/operator/ProjectOperator.evaluateOutput;java/util/HashMap.computeIfAbsent;org/weakref/nitro/operator/ProjectOperator$$Lambda.0x00000000732aad20.apply;org/weakref/nitro/operator/ProjectOperator.lambda$evaluateOutput$0;org/weakref/nitro/operator/ProjectOperator.evaluateBundle;org/weakref/nitro/operator/ProjectOperator$BatchState.fusedResults;org/weakref/nitro/operator/Output.borrow;org/weakref/nitro/operator/HashJoinOperator$$Lambda.0x00000000732a6628.apply;org/weakref/nitro/operator/HashJoinOperator.lambda$resultOutput$3;org/weakref/nitro/operator/HashJoinOperator.materializeOutput;org/weakref/nitro/operator/HashJoinOperator.materializeOuterOutput;org/weakref/nitro/operator/HashJoinOperator.wrapOuterOutput;org/weakref/nitro/operator/Output.borrow;org/weakref/nitro/operator/HashJoinOperator$$Lambda.0x00000000732a6628.apply;org/weakref/nitro/operator/HashJoinOperator.lambda$resultOutput$3;org/weakref/nitro/operator/HashJoinOperator.materializeOutput;org/weakref/nitro/operator/HashJoinOperator.materializeInnerOutput;org/weakref/nitro/operator/HashJoinOperator.copyInnerPositions;org/weakref/nitro/operator/JoinBufferSupport.copyPositionsFresh;org/weakref/nitro/operator/JoinBufferSupport.copyPositions;org/weakref/nitro/operator/JoinBufferSupport.copyVectorPositions;org/weakref/nitro/operator/JoinBufferSupport.copyDoublePositions;org/weakref/nitro/operator/JoinBufferSupport.ensureDoubleCapacity;org/weakref/nitro/data/Allocator.allocate;org/weakref/nitro/operator/JoinBufferSupport$$Lambda.0x000000007329f478.apply;org/weakref/nitro/data/F64Vector.<init>;double[]_[i] 17
java/lang/Thread.run;java/lang/Thread.runWith;java/util/concurrent/ThreadPoolExecutor$Worker.run;java/util/concurrent/ThreadPoolExecutor.runWorker;java/util/concurrent/FutureTask.run;java/util/concurrent/Executors$RunnableAdapter.call;java/util/concurrent/FutureTask.run;org/openjdk/jmh/runner/BenchmarkHandler$BenchmarkTask.call;org/openjdk/jmh/runner/BenchmarkHandler$BenchmarkTask.call;java/lang/reflect/Method.invoke;jdk/internal/reflect/DirectMethodHandleAccessor.invoke;jdk/internal/reflect/DirectMethodHandleAccessor.invokeImpl;java/lang/invoke/LambdaForm$MH.0x0000000073061400.invokeExact_MT;java/lang/invoke/LambdaForm$MH.0x0000000073061000.invoke;java/lang/invoke/DirectMethodHandle$Holder.invokeSpecial;org/weakref/nitro/tpch/jmh_generated/BenchmarkQueries_query10_jmhTest.query10_AverageTime;org/weakref/nitro/tpch/jmh_generated/BenchmarkQueries_query10_jmhTest.query10_avgt_jmhStub;org/weakref/nitro/tpch/BenchmarkQueries.query10;org/weakref/nitro/tpch/BenchmarkQueries.consume;org/weakref/nitro/operator/ProjectOperator.next;org/weakref/nitro/operator/TopNOperator.next;org/weakref/nitro/operator/TopNOperator.computeTopN;org/weakref/nitro/operator/GroupedAggregationOperator.next;org/weakref/nitro/operator/GroupedAggregationOperator.computeResults;org/weakref/nitro/operator/GroupedAggregationOperator.computeInlineGroupedResults;org/weakref/nitro/operator/ProjectOperator.next;org/weakref/nitro/operator/HashJoinOperator.next;org/weakref/nitro/operator/HashJoinOperator.produceBatch;org/weakref/nitro/operator/HashJoinOperator.produceOrdinaryBatch;org/weakref/nitro/operator/HashJoinOperator.loadNextOuterBatch;org/weakref/nitro/operator/HashJoinOperator.next;org/weakref/nitro/operator/HashJoinOperator.produceBatch;org/weakref/nitro/operator/HashJoinOperator.produceOrdinaryBatch;org/weakref/nitro/operator/HashJoinOperator.loadNextOuterBatch;org/weakref/nitro/operator/HashJoinOperator.next;org/weakref/nitro/operator/HashJoinOperator.produceBatch;org/weakref/nitro/operator/HashJoinOperator.loadInnerIfNecessary;org/weakref/nitro/operator/BufferedJoinInput.loadAll;org/weakref/nitro/operator/ProjectOperator.next;org/weakref/nitro/operator/FilterOperator.next;org/weakref/nitro/operator/evaluator/PlanEvaluator.evaluateInPlace;org/weakref/nitro/operator/evaluator/PlanEvaluator.evaluateTrueMaskInPlace;org/weakref/nitro/operator/evaluator/ir/MaskExpressionResolver.resolve;org/weakref/nitro/operator/evaluator/ir/MaskExpressionResolver.<init>;java/util/stream/Collectors.toMap;java/util/stream/Collectors.uniqKeysMapAccumulator;java/lang/invoke/Invokers$Holder.linkToTargetMethod;java/lang/invoke/DirectMethodHandle$Holder.newInvokeSpecial;java/lang/invoke/DirectMethodHandle.allocateInstance;jdk/internal/misc/Unsafe.allocateInstance;java.util.stream.Collectors$$Lambda.0x000000007316fea0_[i] 1
java/lang/Thread.run;java/lang/Thread.runWith;java/util/concurrent/ThreadPoolExecutor$Worker.run;java/util/concurrent/ThreadPoolExecutor.runWorker;java/util/concurrent/FutureTask.run;java/util/concurrent/Executors$RunnableAdapter.call;java/util/concurrent/FutureTask.run;org/openjdk/jmh/runner/BenchmarkHandler$BenchmarkTask.call;org/openjdk/jmh/runner/BenchmarkHandler$BenchmarkTask.call;java/lang/reflect/Method.invoke;jdk/internal/reflect/DirectMethodHandleAccessor.invoke;jdk/internal/reflect/DirectMethodHandleAccessor.invokeImpl;java/lang/invoke/LambdaForm$MH.0x0000000073061400.invokeExact_MT;java/lang/invoke/LambdaForm$MH.0x0000000073061000.invoke;java/lang/invoke/DirectMethodHandle$Holder.invokeSpecial;org/weakref/nitro/tpch/jmh_generated/BenchmarkQueries_query10_jmhTest.query10_AverageTime;org/weakref/nitro/tpch/jmh_generated/BenchmarkQueries_query10_jmhTest.query10_avgt_jmhStub;org/weakref/nitro/tpch/BenchmarkQueries.query10;org/weakref/nitro/tpch/BenchmarkQueries.consume;org/weakref/nitro/operator/ProjectOperator.next;org/weakref/nitro/operator/TopNOperator.next;org/weakref/nitro/operator/TopNOperator.computeTopN;org/weakref/nitro/operator/GroupedAggregationOperator.next;org/weakref/nitro/operator/GroupedAggregationOperator.computeResults;org/weakref/nitro/operator/GroupedAggregationOperator.computeInlineGroupedResults;org/weakref/nitro/operator/GroupedAggregationOperator.assignInlineGroups;org/weakref/nitro/operator/Output.borrow;org/weakref/nitro/operator/Output.resolveMasked;org/weakref/nitro/operator/Output$$Lambda.0x000000007329e4f8.resolve;org/weakref/nitro/operator/Output.borrowMaybeMasked;org/weakref/nitro/operator/Output.borrow;org/weakref/nitro/operator/HashJoinOperator$$Lambda.0x00000000732a6628.apply;org/weakref/nitro/operator/HashJoinOperator.lambda$resultOutput$3;org/weakref/nitro/operator/HashJoinOperator.materializeOutput;org/weakref/nitro/operator/HashJoinOperator.materializeOuterOutput;org/weakref/nitro/operator/HashJoinOperator.wrapOuterOutput;org/weakref/nitro/operator/Output.borrow;org/weakref/nitro/operator/HashJoinOperator$$Lambda.0x00000000732a6628.apply;org/weakref/nitro/operator/HashJoinOperator.lambda$resultOutput$3;org/weakref/nitro/operator/HashJoinOperator.materializeOutput;org/weakref/nitro/operator/HashJoinOperator.materializeOuterOutput;org/weakref/nitro/operator/HashJoinOperator.wrapOuterOutput;org/weakref/nitro/operator/Output.borrow;org/weakref/nitro/operator/HashJoinOperator$$Lambda.0x00000000732a6628.apply;org/weakref/nitro/operator/HashJoinOperator.lambda$resultOutput$3;org/weakref/nitro/operator/HashJoinOperator.materializeOutput;org/weakref/nitro/operator/HashJoinOperator.materializeOuterOutput;org/weakref/nitro/operator/HashJoinOperator.wrapOuterOutput;org/weakref/nitro/operator/Output.borrow;org/weakref/nitro/operator/NitroParquetScanOperator$ScanOutputResolver$$Lambda.0x00000000730aad90.apply;org/weakref/nitro/operator/NitroParquetScanOperator$ScanOutputResolver.resolve;org/weakref/nitro/operator/NitroParquetScanOperator.resolveLazyColumn;org/weakref/nitro/operator/NitroParquetScanOperator.decodeFullColumn;org/weakref/nitro/parquet/ColumnReader.readBinary;org/weakref/nitro/parquet/ColumnReader.readBinaryDirect;org/weakref/nitro/parquet/ColumnReader.decodeNextDataPage;org/weakref/nitro/parquet/ColumnReader.decodeDataPageV1;org/weakref/nitro/parquet/ColumnReader.ensurePageCapacity;org/weakref/nitro/parquet/ColumnReader.ensurePageNullCapacity;org/weakref/nitro/parquet/ColumnReader.replaceBooleans;org/weakref/nitro/data/PrimitiveArrayPool.borrowBooleans;boolean[]_[i] 2
java/lang/Thread.run;java/lang/Thread.runWith;java/util/concurrent/ThreadPoolExecutor$Worker.run;java/util/concurrent/ThreadPoolExecutor.runWorker;java/util/concurrent/FutureTask.run;java/util/concurrent/Executors$RunnableAdapter.call;java/util/concurrent/FutureTask.run;org/openjdk/jmh/runner/BenchmarkHandler$BenchmarkTask.call;org/openjdk/jmh/runner/BenchmarkHandler$BenchmarkTask.call;java/lang/reflect/Method.invoke;jdk/internal/reflect/DirectMethodHandleAccessor.invoke;jdk/internal/reflect/DirectMethodHandleAccessor.invokeImpl;java/lang/invoke/LambdaForm$MH.0x0000000073061400.invokeExact_MT;java/lang/invoke/LambdaForm$MH.0x0000000073061000.invoke;java/lang/invoke/DirectMethodHandle$Holder.invokeSpecial;org/weakref/nitro/tpch/jmh_generated/BenchmarkQueries_query10_jmhTest.query10_AverageTime;org/weakref/nitro/tpch/jmh_generated/BenchmarkQueries_query10_jmhTest.query10_avgt_jmhStub;org/weakref/nitro/tpch/BenchmarkQueries.query10;org/weakref/nitro/tpch/BenchmarkQueries.consume;org/weakref/nitro/operator/ProjectOperator.next;org/weakref/nitro/operator/TopNOperator.next;org/weakref/nitro/operator/TopNOperator.computeTopN;org/weakref/nitro/operator/GroupedAggregationOperator.next;org/weakref/nitro/operator/GroupedAggregationOperator.computeResults;org/weakref/nitro/operator/GroupedAggregationOperator.computeInlineGroupedResults;org/weakref/nitro/operator/ProjectOperator.next;org/weakref/nitro/operator/HashJoinOperator.next;org/weakref/nitro/operator/HashJoinOperator.produceBatch;org/weakref/nitro/operator/HashJoinOperator.produceOrdinaryBatch;org/weakref/nitro/operator/HashJoinOperator.loadNextOuterBatch;org/weakref/nitro/operator/HashJoinOperator.next;org/weakref/nitro/operator/HashJoinOperator.produceBatch;org/weakref/nitro/operator/HashJoinOperator.produceOrdinaryBatch;org/weakref/nitro/operator/HashJoinOperator.loadNextOuterBatch;org/weakref/nitro/operator/HashJoinOperator.next;org/weakref/nitro/operator/HashJoinOperator.produceBatch;org/weakref/nitro/operator/HashJoinOperator.loadInnerIfNecessary;org/weakref/nitro/operator/HashJoinOperator.indexInnerRows;org/weakref/nitro/operator/HashJoinOperator$LongJoinIndex.addRows;org/weakref/nitro/operator/HashJoinOperator$LongJoinIndex.addRow;org/weakref/nitro/operator/HashJoinOperator$LongJoinIndex.materializeDenseBuildAsHash;org/weakref/nitro/operator/HashJoinOperator$LongJoinIndex.findSlot;org/weakref/nitro/operator/HashJoinOperator$LongJoinIndex.ensureHashTable;org/weakref/nitro/data/PrimitiveArrayPool.borrowInts;int[]_[i] 1
java/lang/Thread.run;java/lang/Thread.runWith;java/util/concurrent/ThreadPoolExecutor$Worker.run;java/util/concurrent/ThreadPoolExecutor.runWorker;java/util/concurrent/FutureTask.run;java/util/concurrent/Executors$RunnableAdapter.call;java/util/concurrent/FutureTask.run;org/openjdk/jmh/runner/BenchmarkHandler$BenchmarkTask.call;org/openjdk/jmh/runner/BenchmarkHandler$BenchmarkTask.call;java/lang/reflect/Method.invoke;jdk/internal/reflect/DirectMethodHandleAccessor.invoke;jdk/internal/reflect/DirectMethodHandleAccessor.invokeImpl;java/lang/invoke/LambdaForm$MH.0x0000000073061400.invokeExact_MT;java/lang/invoke/LambdaForm$MH.0x0000000073061000.invoke;java/lang/invoke/DirectMethodHandle$Holder.invokeSpecial;org/weakref/nitro/tpch/jmh_generated/BenchmarkQueries_query10_jmhTest.query10_AverageTime;org/weakref/nitro/tpch/jmh_generated/BenchmarkQueries_query10_jmhTest.query10_avgt_jmhStub;org/weakref/nitro/tpch/BenchmarkQueries.query10;org/weakref/nitro/tpch/BenchmarkQueries.consume;org/weakref/nitro/operator/ProjectOperator.next;org/weakref/nitro/operator/TopNOperator.next;org/weakref/nitro/operator/TopNOperator.computeTopN;org/weakref/nitro/operator/GroupedAggregationOperator.next;org/weakref/nitro/operator/GroupedAggregationOperator.computeResults;org/weakref/nitro/operator/GroupedAggregationOperator.computeInlineGroupedResults;org/weakref/nitro/operator/GroupedAggregationOperator.assignInlineGroups;org/weakref/nitro/operator/GroupingState.assignGroups;org/weakref/nitro/operator/GroupingState.assignGroups;org/weakref/nitro/operator/GroupingState.assignFlatGroups;org/weakref/nitro/operator/FlatGroupingTable.prepareBatchHashes;org/weakref/nitro/operator/FlatGroupingTable.prepareBatchHash;org/weakref/nitro/operator/FlatKeyLayout.hash;org/weakref/nitro/operator/FlatKeyLayout.fieldHash;org/weakref/nitro/operator/FlatKeyLayout.binaryFieldHash;org/weakref/nitro/operator/FlatKeyLayout.globalIdFor;org/weakref/nitro/operator/ValueIdInterner.intern;org/weakref/nitro/operator/ValueIdInterner.store;java/util/Arrays.copyOf;int[]_[i] 3
java/lang/Thread.run;java/lang/Thread.runWith;java/util/concurrent/ThreadPoolExecutor$Worker.run;java/util/concurrent/ThreadPoolExecutor.runWorker;java/util/concurrent/FutureTask.run;java/util/concurrent/Executors$RunnableAdapter.call;java/util/concurrent/FutureTask.run;org/openjdk/jmh/runner/BenchmarkHandler$BenchmarkTask.call;org/openjdk/jmh/runner/BenchmarkHandler$BenchmarkTask.call;java/lang/reflect/Method.invoke;jdk/internal/reflect/DirectMethodHandleAccessor.invoke;jdk/internal/reflect/DirectMethodHandleAccessor.invokeImpl;java/lang/invoke/LambdaForm$MH.0x0000000073061400.invokeExact_MT;java/lang/invoke/LambdaForm$MH.0x0000000073061000.invoke;java/lang/invoke/DirectMethodHandle$Holder.invokeSpecial;org/weakref/nitro/tpch/jmh_generated/BenchmarkQueries_query10_jmhTest.query10_AverageTime;org/weakref/nitro/tpch/jmh_generated/BenchmarkQueries_query10_jmhTest.query10_avgt_jmhStub;org/weakref/nitro/tpch/BenchmarkQueries.query10;org/weakref/nitro/tpch/BenchmarkQueries.consume;org/weakref/nitro/operator/ProjectOperator.next;org/weakref/nitro/operator/TopNOperator.next;org/weakref/nitro/operator/TopNOperator.computeTopN;org/weakref/nitro/operator/GroupedAggregationOperator.next;org/weakref/nitro/operator/GroupedAggregationOperator.computeResults;org/weakref/nitro/operator/GroupedAggregationOperator.computeInlineGroupedResults;org/weakref/nitro/operator/ProjectOperator.next;org/weakref/nitro/operator/HashJoinOperator.next;org/weakref/nitro/operator/HashJoinOperator.produceBatch;org/weakref/nitro/operator/HashJoinOperator.produceOrdinaryBatch;org/weakref/nitro/operator/HashJoinOperator.loadNextOuterBatch;org/weakref/nitro/operator/HashJoinOperator.next;org/weakref/nitro/operator/HashJoinOperator.produceBatch;org/weakref/nitro/operator/HashJoinOperator.produceOrdinaryBatch;org/weakref/nitro/operator/HashJoinOperator.loadNextOuterBatch;org/weakref/nitro/operator/HashJoinOperator.next;org/weakref/nitro/operator/HashJoinOperator.produceBatch;org/weakref/nitro/operator/HashJoinOperator.loadInnerIfNecessary;org/weakref/nitro/operator/BufferedJoinInput.loadAll;org/weakref/nitro/operator/ProjectOperator.next;java/lang/invoke/Invokers$Holder.linkToTargetMethod;java/lang/invoke/DirectMethodHandle$Holder.newInvokeSpecial;java/lang/invoke/DirectMethodHandle.allocateInstance;org.weakref.nitro.operator.ProjectOperator$$Lambda.0x000000007329f020_[i] 1
java/lang/Thread.run;java/lang/Thread.runWith;java/util/concurrent/ThreadPoolExecutor$Worker.run;java/util/concurrent/ThreadPoolExecutor.runWorker;java/util/concurrent/FutureTask.run;java/util/concurrent/Executors$RunnableAdapter.call;java/util/concurrent/FutureTask.run;org/openjdk/jmh/runner/BenchmarkHandler$BenchmarkTask.call;org/openjdk/jmh/runner/BenchmarkHandler$BenchmarkTask.call;java/lang/reflect/Method.invoke;jdk/internal/reflect/DirectMethodHandleAccessor.invoke;jdk/internal/reflect/DirectMethodHandleAccessor.invokeImpl;java/lang/invoke/LambdaForm$MH.0x0000000073061400.invokeExact_MT;java/lang/invoke/LambdaForm$MH.0x0000000073061000.invoke;java/lang/invoke/DirectMethodHandle$Holder.invokeSpecial;org/weakref/nitro/tpch/jmh_generated/BenchmarkQueries_query10_jmhTest.query10_AverageTime;org/weakref/nitro/tpch/jmh_generated/BenchmarkQueries_query10_jmhTest.query10_avgt_jmhStub;org/weakref/nitro/tpch/BenchmarkQueries.query10;org/weakref/nitro/tpch/TpchParquetSupport.query10;org/weakref/nitro/tpch/TpchParquetSupport.scannedTable;org/weakref/nitro/operator/NitroParquetScanOperator.<init>;java/util/stream/ReferencePipeline.toArray;java/util/stream/AbstractPipeline.evaluateToArrayNode;java/util/stream/AbstractPipeline.evaluate;java/util/stream/AbstractPipeline.wrapAndCopyInto;java/util/stream/AbstractPipeline.copyInto;java/util/AbstractList$RandomAccessSpliterator.forEachRemaining;java/util/stream/ReferencePipeline$3$1.accept;org/weakref/nitro/operator/NitroParquetScanOperator$$Lambda.0x0000000073083558.apply;org/weakref/nitro/parquet/ParquetFile.open;org/weakref/nitro/parquet/ParquetFile.<init>;org/apache/parquet/format/Util.readFileMetaData;org/apache/parquet/format/Util.readFileMetaData;org/apache/parquet/format/Util.read;org/apache/parquet/format/FileMetaData.read;org/apache/parquet/format/FileMetaData$FileMetaDataStandardScheme.read;org/apache/parquet/format/FileMetaData$FileMetaDataStandardScheme.read;org/apache/parquet/format/SchemaElement.read;org/apache/parquet/format/SchemaElement$SchemaElementStandardScheme.read;org/apache/parquet/format/SchemaElement$SchemaElementStandardScheme.read;org/apache/parquet/format/InterningProtocol.readString;shaded/parquet/org/apache/thrift/protocol/TCompactProtocol.readString;java/lang/String.<init>;java/lang/String.<init>;java/lang/String.utf8;java/util/Arrays.copyOfRange;byte[]_[i] 1
java/lang/Thread.run;java/lang/Thread.runWith;java/util/concurrent/ThreadPoolExecutor$Worker.run;java/util/concurrent/ThreadPoolExecutor.runWorker;java/util/concurrent/FutureTask.run;java/util/concurrent/Executors$RunnableAdapter.call;java/util/concurrent/FutureTask.run;org/openjdk/jmh/runner/BenchmarkHandler$BenchmarkTask.call;org/openjdk/jmh/runner/BenchmarkHandler$BenchmarkTask.call;java/lang/reflect/Method.invoke;jdk/internal/reflect/DirectMethodHandleAccessor.invoke;jdk/internal/reflect/DirectMethodHandleAccessor.invokeImpl;java/lang/invoke/LambdaForm$MH.0x0000000073061400.invokeExact_MT;java/lang/invoke/LambdaForm$MH.0x0000000073061000.invoke;java/lang/invoke/DirectMethodHandle$Holder.invokeSpecial;org/weakref/nitro/tpch/jmh_generated/BenchmarkQueries_query10_jmhTest.query10_AverageTime;org/weakref/nitro/tpch/jmh_generated/BenchmarkQueries_query10_jmhTest.query10_avgt_jmhStub;org/weakref/nitro/tpch/BenchmarkQueries.query10;org/weakref/nitro/tpch/BenchmarkQueries.consume;org/weakref/nitro/operator/ProjectOperator.next;org/weakref/nitro/operator/TopNOperator.next;org/weakref/nitro/operator/TopNOperator.computeTopN;org/weakref/nitro/operator/GroupedAggregationOperator.next;org/weakref/nitro/operator/GroupedAggregationOperator.computeResults;org/weakref/nitro/operator/GroupedAggregationOperator.computeInlineGroupedResults;org/weakref/nitro/operator/GroupedAggregationOperator.assignInlineGroups;org/weakref/nitro/operator/Output.borrow;org/weakref/nitro/operator/Output.resolveMasked;org/weakref/nitro/operator/Output$$Lambda.0x000000007329e4f8.resolve;org/weakref/nitro/operator/Output.borrowMaybeMasked;org/weakref/nitro/operator/Output.borrow;org/weakref/nitro/operator/HashJoinOperator$$Lambda.0x00000000732a6628.apply;org/weakref/nitro/operator/HashJoinOperator.lambda$resultOutput$3;org/weakref/nitro/operator/HashJoinOperator.materializeOutput;org/weakref/nitro/operator/HashJoinOperator.materializeOuterOutput;org/weakref/nitro/operator/HashJoinOperator.wrapOuterOutput;org/weakref/nitro/operator/Output.borrow;org/weakref/nitro/operator/HashJoinOperator$$Lambda.0x00000000732a6628.apply;org/weakref/nitro/operator/HashJoinOperator.lambda$resultOutput$3;org/weakref/nitro/operator/HashJoinOperator.materializeOutput;org/weakref/nitro/operator/HashJoinOperator.materializeOuterOutput;org/weakref/nitro/operator/HashJoinOperator.wrapOuterOutput;org/weakref/nitro/operator/Output.borrow;org/weakref/nitro/operator/HashJoinOperator$$Lambda.0x00000000732a6628.apply;org/weakref/nitro/operator/HashJoinOperator.lambda$resultOutput$3;org/weakref/nitro/operator/HashJoinOperator.materializeOutput;org/weakref/nitro/operator/HashJoinOperator.materializeOuterOutput;org/weakref/nitro/operator/HashJoinOperator.wrapOuterOutput;org/weakref/nitro/operator/Output.borrow;org/weakref/nitro/operator/NitroParquetScanOperator$ScanOutputResolver$$Lambda.0x00000000730aad90.apply;org/weakref/nitro/operator/NitroParquetScanOperator$ScanOutputResolver.resolve;org/weakref/nitro/operator/NitroParquetScanOperator.resolveLazyColumn;org/weakref/nitro/operator/NitroParquetScanOperator.decodeFullColumn;org/weakref/nitro/parquet/ColumnReader.readBinary;org/weakref/nitro/parquet/ColumnReader.readBinaryDirect;org/weakref/nitro/parquet/ColumnReader.decodeNextDataPage;org/weakref/nitro/parquet/ColumnReader.decodeDataPageV1;org/weakref/nitro/parquet/ColumnReader.decodePlainBinary;org/weakref/nitro/parquet/ColumnReader.decodePlainBinaryPresized;org/weakref/nitro/parquet/ColumnReader.ensurePageBytes;org/weakref/nitro/parquet/ColumnReader.growBytes;org/weakref/nitro/data/PrimitiveArrayPool.borrowBytes;byte[]_[i] 4
java/lang/Thread.run;java/lang/Thread.runWith;java/util/concurrent/ThreadPoolExecutor$Worker.run;java/util/concurrent/ThreadPoolExecutor.runWorker;java/util/concurrent/FutureTask.run;java/util/concurrent/Executors$RunnableAdapter.call;java/util/concurrent/FutureTask.run;org/openjdk/jmh/runner/BenchmarkHandler$BenchmarkTask.call;org/openjdk/jmh/runner/BenchmarkHandler$BenchmarkTask.call;java/lang/reflect/Method.invoke;jdk/internal/reflect/DirectMethodHandleAccessor.invoke;jdk/internal/reflect/DirectMethodHandleAccessor.invokeImpl;java/lang/invoke/LambdaForm$MH.0x0000000073061400.invokeExact_MT;java/lang/invoke/LambdaForm$MH.0x0000000073061000.invoke;java/lang/invoke/DirectMethodHandle$Holder.invokeSpecial;org/weakref/nitro/tpch/jmh_generated/BenchmarkQueries_query10_jmhTest.query10_AverageTime;org/weakref/nitro/tpch/jmh_generated/BenchmarkQueries_query10_jmhTest.query10_avgt_jmhStub;org/weakref/nitro/tpch/BenchmarkQueries.query10;org/weakref/nitro/tpch/BenchmarkQueries.consume;org/weakref/nitro/operator/ProjectOperator.next;org/weakref/nitro/operator/TopNOperator.next;org/weakref/nitro/operator/TopNOperator.computeTopN;org/weakref/nitro/operator/GroupedAggregationOperator.next;org/weakref/nitro/operator/GroupedAggregationOperator.computeResults;org/weakref/nitro/operator/GroupedAggregationOperator.computeInlineGroupedResults;org/weakref/nitro/operator/ProjectOperator.next;org/weakref/nitro/operator/HashJoinOperator.next;org/weakref/nitro/operator/HashJoinOperator.produceBatch;org/weakref/nitro/operator/HashJoinOperator.produceOrdinaryBatch;org/weakref/nitro/operator/HashJoinOperator.loadNextOuterBatch;org/weakref/nitro/operator/HashJoinOperator.next;org/weakref/nitro/operator/HashJoinOperator.produceBatch;org/weakref/nitro/operator/HashJoinOperator.produceOrdinaryBatch;org/weakref/nitro/operator/HashJoinOperator.loadNextOuterBatch;org/weakref/nitro/operator/HashJoinOperator.next;org/weakref/nitro/operator/HashJoinOperator.produceBatch;org/weakref/nitro/operator/HashJoinOperator.loadInnerIfNecessary;org/weakref/nitro/operator/HashJoinOperator.indexInnerRows;org/weakref/nitro/operator/HashJoinOperator$LongJoinIndex.addRows;org/weakref/nitro/operator/HashJoinOperator$LongJoinIndex.addRow;org/weakref/nitro/operator/HashJoinOperator$LongJoinIndex.materializeDenseBuildAsHash;org/weakref/nitro/operator/HashJoinOperator$LongJoinIndex.findSlot;org/weakref/nitro/operator/HashJoinOperator$LongJoinIndex.ensureHashTable;org/weakref/nitro/data/PrimitiveArrayPool.borrowInts;int[]_[i] 1
java/lang/Thread.run;java/lang/Thread.runWith;java/util/concurrent/ThreadPoolExecutor$Worker.run;java/util/concurrent/ThreadPoolExecutor.runWorker;java/util/concurrent/FutureTask.run;java/util/concurrent/Executors$RunnableAdapter.call;java/util/concurrent/FutureTask.run;org/openjdk/jmh/runner/BenchmarkHandler$BenchmarkTask.call;org/openjdk/jmh/runner/BenchmarkHandler$BenchmarkTask.call;java/lang/reflect/Method.invoke;jdk/internal/reflect/DirectMethodHandleAccessor.invoke;jdk/internal/reflect/DirectMethodHandleAccessor.invokeImpl;java/lang/invoke/LambdaForm$MH.0x0000000073061400.invokeExact_MT;java/lang/invoke/LambdaForm$MH.0x0000000073061000.invoke;java/lang/invoke/DirectMethodHandle$Holder.invokeSpecial;org/weakref/nitro/tpch/jmh_generated/BenchmarkQueries_query10_jmhTest.query10_AverageTime;org/weakref/nitro/tpch/jmh_generated/BenchmarkQueries_query10_jmhTest.query10_avgt_jmhStub;org/weakref/nitro/tpch/BenchmarkQueries.query10;org/weakref/nitro/tpch/BenchmarkQueries.consume;org/weakref/nitro/operator/ProjectOperator.next;org/weakref/nitro/operator/TopNOperator.next;org/weakref/nitro/operator/TopNOperator.computeTopN;org/weakref/nitro/operator/GroupedAggregationOperator.next;org/weakref/nitro/operator/GroupedAggregationOperator.computeResults;org/weakref/nitro/operator/GroupedAggregationOperator.computeInlineGroupedResults;org/weakref/nitro/operator/ProjectOperator.next;org/weakref/nitro/operator/HashJoinOperator.next;org/weakref/nitro/operator/HashJoinOperator.produceBatch;org/weakref/nitro/operator/HashJoinOperator.produceOrdinaryBatch;org/weakref/nitro/operator/HashJoinOperator.loadNextOuterBatch;org/weakref/nitro/operator/HashJoinOperator.next;org/weakref/nitro/operator/HashJoinOperator.produceBatch;org/weakref/nitro/operator/HashJoinOperator.loadInnerIfNecessary;org/weakref/nitro/operator/BufferedJoinInput.loadAll;org/weakref/nitro/operator/JoinBufferSupport.copyAndCompact;org/weakref/nitro/operator/Output.borrow;org/weakref/nitro/operator/Output.resolveMasked;org/weakref/nitro/operator/Output$$Lambda.0x000000007329e4f8.resolve;org/weakref/nitro/operator/Output.borrowMaybeMasked;org/weakref/nitro/operator/Output.borrow;org/weakref/nitro/operator/NitroParquetScanOperator$ScanOutputResolver$$Lambda.0x00000000730aad90.apply;org/weakref/nitro/operator/NitroParquetScanOperator$ScanOutputResolver.resolve;org/weakref/nitro/operator/NitroParquetScanOperator.resolveLazyColumn;org/weakref/nitro/operator/NitroParquetScanOperator.decodeFullColumn;org/weakref/nitro/parquet/ColumnReader.readLongs;org/weakref/nitro/parquet/ColumnReader.decodeNextDataPage;org/weakref/nitro/parquet/ColumnReader.decodeDataPageV1;org/weakref/nitro/parquet/ColumnReader.ensureIdCapacity;org/weakref/nitro/parquet/ColumnReader.replaceInts;org/weakref/nitro/data/PrimitiveArrayPool.borrowInts;int[]_[i] 4
java/lang/Thread.run;java/lang/Thread.runWith;java/util/concurrent/ThreadPoolExecutor$Worker.run;java/util/concurrent/ThreadPoolExecutor.runWorker;java/util/concurrent/FutureTask.run;java/util/concurrent/Executors$RunnableAdapter.call;java/util/concurrent/FutureTask.run;org/openjdk/jmh/runner/BenchmarkHandler$BenchmarkTask.call;org/openjdk/jmh/runner/BenchmarkHandler$BenchmarkTask.call;java/lang/reflect/Method.invoke;jdk/internal/reflect/DirectMethodHandleAccessor.invoke;jdk/internal/reflect/DirectMethodHandleAccessor.invokeImpl;java/lang/invoke/LambdaForm$MH.0x0000000073061400.invokeExact_MT;java/lang/invoke/LambdaForm$MH.0x0000000073061000.invoke;java/lang/invoke/DirectMethodHandle$Holder.invokeSpecial;org/weakref/nitro/tpch/jmh_generated/BenchmarkQueries_query10_jmhTest.query10_AverageTime;org/weakref/nitro/tpch/jmh_generated/BenchmarkQueries_query10_jmhTest.query10_avgt_jmhStub;org/weakref/nitro/tpch/BenchmarkQueries.query10;org/weakref/nitro/tpch/BenchmarkQueries.consume;org/weakref/nitro/operator/ProjectOperator.next;org/weakref/nitro/operator/TopNOperator.next;org/weakref/nitro/operator/TopNOperator.computeTopN;org/weakref/nitro/operator/GroupedAggregationOperator.next;org/weakref/nitro/operator/GroupedAggregationOperator.computeResults;org/weakref/nitro/operator/GroupedAggregationOperator.computeInlineGroupedResults;org/weakref/nitro/operator/ProjectOperator.next;org/weakref/nitro/operator/HashJoinOperator.next;org/weakref/nitro/operator/HashJoinOperator.produceBatch;org/weakref/nitro/operator/HashJoinOperator.produceOrdinaryBatch;org/weakref/nitro/operator/HashJoinOperator.loadNextOuterBatch;org/weakref/nitro/operator/HashJoinOperator.next;org/weakref/nitro/operator/HashJoinOperator.produceBatch;org/weakref/nitro/operator/HashJoinOperator.loadInnerIfNecessary;org/weakref/nitro/operator/BufferedJoinInput.loadAll;org/weakref/nitro/operator/ProjectOperator.next;org/weakref/nitro/operator/FilterOperator.next;org/weakref/nitro/operator/evaluator/PlanEvaluator.evaluateInPlace;org/weakref/nitro/operator/evaluator/PlanEvaluator.evaluateTrueMaskInPlace;org/weakref/nitro/operator/evaluator/PlanEvaluator.tryEvaluatePrimitiveTrueMaskInPlace;org/weakref/nitro/operator/evaluator/PlanEvaluator.tryEvaluatePrimitiveMaskInPlace;org/weakref/nitro/operator/evaluator/PlanEvaluator.resolveMaskPrimitiveInvocation;org/weakref/nitro/operator/evaluator/PlanEvaluator.evaluateArgument;org/weakref/nitro/operator/FilterOperator$1.resolve;org/weakref/nitro/operator/Output.borrowOrNull;org/weakref/nitro/operator/Output.borrow;org/weakref/nitro/operator/Output.borrow;org/weakref/nitro/operator/NitroParquetScanOperator$ScanOutputResolver$$Lambda.0x00000000730aad90.apply;org/weakref/nitro/operator/NitroParquetScanOperator$ScanOutputResolver.resolve;org/weakref/nitro/operator/NitroParquetScanOperator.resolveLazyColumn;org/weakref/nitro/operator/NitroParquetScanOperator.decodeFullColumn;org/weakref/nitro/parquet/ColumnReader.readBinary;org/weakref/nitro/parquet/ColumnReader.readBinaryDirect;org/weakref/nitro/data/BinaryVector.allocate;org/weakref/nitro/data/Allocator.allocatePooled;org/weakref/nitro/data/BinaryVector$$Lambda.0x0000000073287818.get;org/weakref/nitro/data/BinaryVector.lambda$allocate$0;org/weakref/nitro/data/BinaryVector.<init>;byte[]_[i] 2
java/lang/Thread.run;java/lang/Thread.runWith;java/util/concurrent/ThreadPoolExecutor$Worker.run;java/util/concurrent/ThreadPoolExecutor.runWorker;java/util/concurrent/FutureTask.run;java/util/concurrent/Executors$RunnableAdapter.call;java/util/concurrent/FutureTask.run;org/openjdk/jmh/runner/BenchmarkHandler$BenchmarkTask.call;org/openjdk/jmh/runner/BenchmarkHandler$BenchmarkTask.call;java/lang/reflect/Method.invoke;jdk/internal/reflect/DirectMethodHandleAccessor.invoke;jdk/internal/reflect/DirectMethodHandleAccessor.invokeImpl;java/lang/invoke/LambdaForm$MH.0x0000000073061400.invokeExact_MT;java/lang/invoke/LambdaForm$MH.0x0000000073061000.invoke;java/lang/invoke/DirectMethodHandle$Holder.invokeSpecial;org/weakref/nitro/tpch/jmh_generated/BenchmarkQueries_query10_jmhTest.query10_AverageTime;org/weakref/nitro/tpch/jmh_generated/BenchmarkQueries_query10_jmhTest.query10_avgt_jmhStub;org/weakref/nitro/tpch/BenchmarkQueries.query10;org/weakref/nitro/tpch/BenchmarkQueries.consume;org/weakref/nitro/operator/ProjectOperator.next;org/weakref/nitro/operator/TopNOperator.next;org/weakref/nitro/operator/TopNOperator.computeTopN;org/weakref/nitro/operator/GroupedAggregationOperator.next;org/weakref/nitro/operator/GroupedAggregationOperator.computeResults;org/weakref/nitro/operator/GroupedAggregationOperator.computeInlineGroupedResults;org/weakref/nitro/operator/ProjectOperator.next;org/weakref/nitro/operator/HashJoinOperator.next;org/weakref/nitro/operator/HashJoinOperator.produceBatch;org/weakref/nitro/operator/HashJoinOperator.produceOrdinaryBatch;org/weakref/nitro/operator/HashJoinOperator.loadNextOuterBatch;org/weakref/nitro/operator/HashJoinOperator.next;org/weakref/nitro/operator/HashJoinOperator.produceBatch;org/weakref/nitro/operator/HashJoinOperator.loadInnerIfNecessary;org/weakref/nitro/operator/BufferedJoinInput.loadAll;org/weakref/nitro/operator/ProjectOperator.next;org/weakref/nitro/operator/FilterOperator.next;org/weakref/nitro/operator/evaluator/PlanEvaluator.evaluateInPlace;org/weakref/nitro/operator/evaluator/PlanEvaluator.evaluateTrueMaskInPlace;org/weakref/nitro/operator/evaluator/PlanEvaluator.tryEvaluatePrimitiveTrueMaskInPlace;org/weakref/nitro/operator/evaluator/PlanEvaluator.tryEvaluatePrimitiveMaskInPlace;org/weakref/nitro/operator/evaluator/PlanEvaluator.resolveMaskPrimitiveInvocation;org/weakref/nitro/operator/evaluator/PlanEvaluator.evaluateArgument;org/weakref/nitro/operator/FilterOperator$1.resolve;org/weakref/nitro/operator/Output.borrowOrNull;org/weakref/nitro/operator/Output.borrow;org/weakref/nitro/operator/Output.borrow;org/weakref/nitro/operator/NitroParquetScanOperator$ScanOutputResolver$$Lambda.0x00000000730aad90.apply;org/weakref/nitro/operator/NitroParquetScanOperator$ScanOutputResolver.resolve;org/weakref/nitro/operator/NitroParquetScanOperator.resolveLazyColumn;org/weakref/nitro/data/Allocator.allocate;org/weakref/nitro/data/Allocator.state;java/lang/invoke/Invokers$Holder.linkToTargetMethod;java/lang/invoke/DirectMethodHandle$Holder.newInvokeSpecial;java/lang/invoke/DirectMethodHandle.allocateInstance;org.weakref.nitro.data.Allocator$$Lambda.0x00000000732848c0_[i] 1
java/lang/Thread.run;java/lang/Thread.runWith;java/util/concurrent/ThreadPoolExecutor$Worker.run;java/util/concurrent/ThreadPoolExecutor.runWorker;java/util/concurrent/FutureTask.run;java/util/concurrent/Executors$RunnableAdapter.call;java/util/concurrent/FutureTask.run;org/openjdk/jmh/runner/BenchmarkHandler$BenchmarkTask.call;org/openjdk/jmh/runner/BenchmarkHandler$BenchmarkTask.call;java/lang/reflect/Method.invoke;jdk/internal/reflect/DirectMethodHandleAccessor.invoke;jdk/internal/reflect/DirectMethodHandleAccessor.invokeImpl;java/lang/invoke/LambdaForm$MH.0x0000000073061400.invokeExact_MT;java/lang/invoke/LambdaForm$MH.0x0000000073061000.invoke;java/lang/invoke/DirectMethodHandle$Holder.invokeSpecial;org/weakref/nitro/tpch/jmh_generated/BenchmarkQueries_query10_jmhTest.query10_AverageTime;org/weakref/nitro/tpch/jmh_generated/BenchmarkQueries_query10_jmhTest.query10_avgt_jmhStub;org/weakref/nitro/tpch/BenchmarkQueries.query10;org/weakref/nitro/tpch/BenchmarkQueries.consume;org/weakref/nitro/operator/ProjectOperator.next;org/weakref/nitro/operator/TopNOperator.next;org/weakref/nitro/operator/TopNOperator.computeTopN;org/weakref/nitro/operator/GroupedAggregationOperator.next;org/weakref/nitro/operator/GroupedAggregationOperator.computeResults;org/weakref/nitro/operator/GroupedAggregationOperator.computeInlineGroupedResults;org/weakref/nitro/operator/ProjectOperator.next;org/weakref/nitro/operator/HashJoinOperator.next;org/weakref/nitro/operator/HashJoinOperator.produceBatch;org/weakref/nitro/operator/HashJoinOperator.produceOrdinaryBatch;org/weakref/nitro/operator/HashJoinOperator.loadNextOuterBatch;org/weakref/nitro/operator/HashJoinOperator.next;org/weakref/nitro/operator/HashJoinOperator.produceBatch;org/weakref/nitro/operator/HashJoinOperator.loadInnerIfNecessary;org/weakref/nitro/operator/BufferedJoinInput.loadAll;org/weakref/nitro/operator/Batch.close;org/weakref/nitro/operator/ProjectOperator$$Lambda.0x000000007329f020.run;org/weakref/nitro/operator/ProjectOperator.lambda$next$11;org/weakref/nitro/operator/ProjectOperator$BatchState.close;org/weakref/nitro/operator/Batch.close;org/weakref/nitro/operator/FilterOperator$BatchState.releaseMask;org/weakref/nitro/data/Allocator.release;org/weakref/nitro/data/Allocator$ContextState.releaseMask;java/util/TreeMap.computeIfAbsent;java/util/TreeMap.callMappingFunctionWithCheck;org/weakref/nitro/data/Allocator$ContextState$$Lambda.0x000000007328ef20.apply;org/weakref/nitro/data/Allocator$ContextState.lambda$releaseMask$0;java/util/ArrayDeque.<init>;java.lang.Object[]_[i] 1
java/lang/Thread.run;java/lang/Thread.runWith;java/util/concurrent/ThreadPoolExecutor$Worker.run;java/util/concurrent/ThreadPoolExecutor.runWorker;java/util/concurrent/FutureTask.run;java/util/concurrent/Executors$RunnableAdapter.call;java/util/concurrent/FutureTask.run;org/openjdk/jmh/runner/BenchmarkHandler$BenchmarkTask.call;org/openjdk/jmh/runner/BenchmarkHandler$BenchmarkTask.call;java/lang/reflect/Method.invoke;jdk/internal/reflect/DirectMethodHandleAccessor.invoke;jdk/internal/reflect/DirectMethodHandleAccessor.invokeImpl;java/lang/invoke/LambdaForm$MH.0x0000000073061400.invokeExact_MT;java/lang/invoke/LambdaForm$MH.0x0000000073061000.invoke;java/lang/invoke/DirectMethodHandle$Holder.invokeSpecial;org/weakref/nitro/tpch/jmh_generated/BenchmarkQueries_query10_jmhTest.query10_AverageTime;org/weakref/nitro/tpch/jmh_generated/BenchmarkQueries_query10_jmhTest.query10_avgt_jmhStub;org/weakref/nitro/tpch/BenchmarkQueries.query10;org/weakref/nitro/tpch/BenchmarkQueries.consume;org/weakref/nitro/operator/ProjectOperator.next;org/weakref/nitro/operator/TopNOperator.next;org/weakref/nitro/operator/TopNOperator.computeTopN;org/weakref/nitro/operator/GroupedAggregationOperator.next;org/weakref/nitro/operator/GroupedAggregationOperator.computeResults;org/weakref/nitro/operator/GroupedAggregationOperator.computeInlineGroupedResults;org/weakref/nitro/operator/ProjectOperator.next;org/weakref/nitro/operator/HashJoinOperator.next;org/weakref/nitro/operator/HashJoinOperator.produceBatch;org/weakref/nitro/operator/HashJoinOperator.produceOrdinaryBatch;org/weakref/nitro/operator/HashJoinOperator.loadNextOuterBatch;org/weakref/nitro/operator/HashJoinOperator.next;org/weakref/nitro/operator/HashJoinOperator.produceBatch;org/weakref/nitro/operator/HashJoinOperator.loadInnerIfNecessary;org/weakref/nitro/operator/BufferedJoinInput.loadAll;org/weakref/nitro/operator/JoinBufferSupport.copyAndCompact;org/weakref/nitro/operator/Output.borrow;org/weakref/nitro/operator/Output.resolveMasked;org/weakref/nitro/operator/Output$$Lambda.0x000000007329e4f8.resolve;org/weakref/nitro/operator/Output.borrowMaybeMasked;org/weakref/nitro/operator/Output.borrow;org/weakref/nitro/operator/NitroParquetScanOperator$ScanOutputResolver$$Lambda.0x00000000730aad90.apply;org/weakref/nitro/operator/NitroParquetScanOperator$ScanOutputResolver.resolve;org/weakref/nitro/operator/NitroParquetScanOperator.resolveLazyColumn;org/weakref/nitro/operator/NitroParquetScanOperator.decodeFullColumn;org/weakref/nitro/data/Allocator.allocate;org/weakref/nitro/data/Allocator$ContextState.trackVector;java/util/HashMap.merge;java/util/HashMap.newNode;java.util.HashMap$Node_[i] 1
java/lang/Thread.run;java/lang/Thread.runWith;java/util/concurrent/ThreadPoolExecutor$Worker.run;java/util/concurrent/ThreadPoolExecutor.runWorker;java/util/concurrent/FutureTask.run;java/util/concurrent/Executors$RunnableAdapter.call;java/util/concurrent/FutureTask.run;org/openjdk/jmh/runner/BenchmarkHandler$BenchmarkTask.call;org/openjdk/jmh/runner/BenchmarkHandler$BenchmarkTask.call;java/lang/reflect/Method.invoke;jdk/internal/reflect/DirectMethodHandleAccessor.invoke;jdk/internal/reflect/DirectMethodHandleAccessor.invokeImpl;java/lang/invoke/LambdaForm$MH.0x0000000073061400.invokeExact_MT;java/lang/invoke/LambdaForm$MH.0x0000000073061000.invoke;java/lang/invoke/DirectMethodHandle$Holder.invokeSpecial;org/weakref/nitro/tpch/jmh_generated/BenchmarkQueries_query10_jmhTest.query10_AverageTime;org/weakref/nitro/tpch/jmh_generated/BenchmarkQueries_query10_jmhTest.query10_avgt_jmhStub;org/weakref/nitro/tpch/BenchmarkQueries.query10;org/weakref/nitro/tpch/BenchmarkQueries.consume;org/weakref/nitro/operator/ProjectOperator.next;org/weakref/nitro/operator/TopNOperator.next;org/weakref/nitro/operator/TopNOperator.computeTopN;org/weakref/nitro/operator/GroupedAggregationOperator.next;org/weakref/nitro/operator/GroupedAggregationOperator.computeResults;org/weakref/nitro/operator/GroupedAggregationOperator.computeInlineGroupedResults;org/weakref/nitro/operator/ProjectOperator.next;org/weakref/nitro/operator/HashJoinOperator.next;org/weakref/nitro/operator/HashJoinOperator.produceBatch;org/weakref/nitro/operator/HashJoinOperator.produceOrdinaryBatch;org/weakref/nitro/operator/HashJoinOperator.loadNextOuterBatch;org/weakref/nitro/operator/BufferedJoinInput.captureSchema;org/weakref/nitro/operator/Output.borrow;org/weakref/nitro/operator/HashJoinOperator$$Lambda.0x00000000732a6628.apply;org/weakref/nitro/operator/HashJoinOperator.lambda$resultOutput$3;org/weakref/nitro/operator/HashJoinOperator.materializeOutput;org/weakref/nitro/operator/HashJoinOperator.materializeInnerOutput;org/weakref/nitro/operator/HashJoinOperator.copyInnerPositions;org/weakref/nitro/operator/HashJoinOperator.selectedStreams;org/weakref/nitro/operator/Streams$Builder.build;org.weakref.nitro.operator.Streams_[i] 1
java/lang/Thread.run;java/lang/Thread.runWith;java/util/concurrent/ThreadPoolExecutor$Worker.run;java/util/concurrent/ThreadPoolExecutor.runWorker;java/util/concurrent/FutureTask.run;java/util/concurrent/Executors$RunnableAdapter.call;java/util/concurrent/FutureTask.run;org/openjdk/jmh/runner/BenchmarkHandler$BenchmarkTask.call;org/openjdk/jmh/runner/BenchmarkHandler$BenchmarkTask.call;java/lang/reflect/Method.invoke;jdk/internal/reflect/DirectMethodHandleAccessor.invoke;jdk/internal/reflect/DirectMethodHandleAccessor.invokeImpl;java/lang/invoke/LambdaForm$MH.0x0000000073061400.invokeExact_MT;java/lang/invoke/LambdaForm$MH.0x0000000073061000.invoke;java/lang/invoke/DirectMethodHandle$Holder.invokeSpecial;org/weakref/nitro/tpch/jmh_generated/BenchmarkQueries_query10_jmhTest.query10_AverageTime;org/weakref/nitro/tpch/jmh_generated/BenchmarkQueries_query10_jmhTest.query10_avgt_jmhStub;org/weakref/nitro/tpch/BenchmarkQueries.query10;org/weakref/nitro/tpch/BenchmarkQueries.consume;org/weakref/nitro/operator/ProjectOperator.next;org/weakref/nitro/operator/TopNOperator.next;org/weakref/nitro/operator/TopNOperator.computeTopN;org/weakref/nitro/operator/GroupedAggregationOperator.next;org/weakref/nitro/operator/GroupedAggregationOperator.computeResults;org/weakref/nitro/operator/GroupedAggregationOperator.computeInlineGroupedResults;org/weakref/nitro/operator/ProjectOperator.next;org/weakref/nitro/operator/HashJoinOperator.next;org/weakref/nitro/operator/HashJoinOperator.produceBatch;org/weakref/nitro/operator/HashJoinOperator.produceOrdinaryBatch;org/weakref/nitro/operator/HashJoinOperator.loadNextOuterBatch;org/weakref/nitro/operator/HashJoinOperator.next;org/weakref/nitro/operator/HashJoinOperator.produceBatch;org/weakref/nitro/operator/HashJoinOperator.loadInnerIfNecessary;org/weakref/nitro/operator/BufferedJoinInput.loadAll;org/weakref/nitro/operator/ProjectOperator.next;org/weakref/nitro/operator/FilterOperator.next;org/weakref/nitro/operator/NitroParquetScanOperator.next;org/weakref/nitro/operator/NitroParquetScanOperator.lazyBatch;org/weakref/nitro/operator/BatchBufferScope.batch;org/weakref/nitro/operator/Batch.owned;org.weakref.nitro.operator.Batch_[i] 1
java/lang/Thread.run;java/lang/Thread.runWith;java/util/concurrent/ThreadPoolExecutor$Worker.run;java/util/concurrent/ThreadPoolExecutor.runWorker;java/util/concurrent/FutureTask.run;java/util/concurrent/Executors$RunnableAdapter.call;java/util/concurrent/FutureTask.run;org/openjdk/jmh/runner/BenchmarkHandler$BenchmarkTask.call;org/openjdk/jmh/runner/BenchmarkHandler$BenchmarkTask.call;java/lang/reflect/Method.invoke;jdk/internal/reflect/DirectMethodHandleAccessor.invoke;jdk/internal/reflect/DirectMethodHandleAccessor.invokeImpl;java/lang/invoke/LambdaForm$MH.0x0000000073061400.invokeExact_MT;java/lang/invoke/LambdaForm$MH.0x0000000073061000.invoke;java/lang/invoke/DirectMethodHandle$Holder.invokeSpecial;org/weakref/nitro/tpch/jmh_generated/BenchmarkQueries_query10_jmhTest.query10_AverageTime;org/weakref/nitro/tpch/jmh_generated/BenchmarkQueries_query10_jmhTest.query10_avgt_jmhStub;org/weakref/nitro/tpch/BenchmarkQueries.query10;org/weakref/nitro/tpch/BenchmarkQueries.consume;org/weakref/nitro/operator/ProjectOperator.next;org/weakref/nitro/operator/TopNOperator.next;org/weakref/nitro/operator/TopNOperator.computeTopN;org/weakref/nitro/operator/GroupedAggregationOperator.next;org/weakref/nitro/operator/GroupedAggregationOperator.computeResults;org/weakref/nitro/operator/GroupedAggregationOperator.computeInlineGroupedResults;org/weakref/nitro/operator/ProjectOperator.next;org/weakref/nitro/operator/HashJoinOperator.next;org/weakref/nitro/operator/HashJoinOperator.produceBatch;org/weakref/nitro/operator/HashJoinOperator.produceOrdinaryBatch;org/weakref/nitro/operator/HashJoinOperator.loadNextOuterBatch;org/weakref/nitro/operator/HashJoinOperator.next;org/weakref/nitro/operator/HashJoinOperator.produceBatch;org/weakref/nitro/operator/HashJoinOperator.loadInnerIfNecessary;org/weakref/nitro/operator/BufferedJoinInput.loadAll;org/weakref/nitro/operator/ProjectOperator.next;org/weakref/nitro/operator/FilterOperator.next;org/weakref/nitro/operator/Batch.forwarding;org.weakref.nitro.operator.Batch_[i] 1
java/lang/Thread.run;java/lang/Thread.runWith;java/util/concurrent/ThreadPoolExecutor$Worker.run;java/util/concurrent/ThreadPoolExecutor.runWorker;java/util/concurrent/FutureTask.run;java/util/concurrent/Executors$RunnableAdapter.call;java/util/concurrent/FutureTask.run;org/openjdk/jmh/runner/BenchmarkHandler$BenchmarkTask.call;org/openjdk/jmh/runner/BenchmarkHandler$BenchmarkTask.call;java/lang/reflect/Method.invoke;jdk/internal/reflect/DirectMethodHandleAccessor.invoke;jdk/internal/reflect/DirectMethodHandleAccessor.invokeImpl;java/lang/invoke/LambdaForm$MH.0x0000000073061400.invokeExact_MT;java/lang/invoke/LambdaForm$MH.0x0000000073061000.invoke;java/lang/invoke/DirectMethodHandle$Holder.invokeSpecial;org/weakref/nitro/tpch/jmh_generated/BenchmarkQueries_query10_jmhTest.query10_AverageTime;org/weakref/nitro/tpch/jmh_generated/BenchmarkQueries_query10_jmhTest.query10_avgt_jmhStub;org/weakref/nitro/tpch/BenchmarkQueries.query10;org/weakref/nitro/tpch/BenchmarkQueries.consume;org/weakref/nitro/operator/ProjectOperator.next;org/weakref/nitro/operator/TopNOperator.next;org/weakref/nitro/operator/TopNOperator.computeTopN;org/weakref/nitro/operator/GroupedAggregationOperator.next;org/weakref/nitro/operator/GroupedAggregationOperator.computeResults;org/weakref/nitro/operator/GroupedAggregationOperator.computeInlineGroupedResults;org/weakref/nitro/operator/ProjectOperator.next;org/weakref/nitro/operator/HashJoinOperator.next;org/weakref/nitro/operator/HashJoinOperator.produceBatch;org/weakref/nitro/operator/HashJoinOperator.produceOrdinaryBatch;org/weakref/nitro/operator/HashJoinOperator.loadNextOuterBatch;org/weakref/nitro/operator/HashJoinOperator.next;org/weakref/nitro/operator/HashJoinOperator.produceBatch;org/weakref/nitro/operator/HashJoinOperator.produceOrdinaryBatch;org/weakref/nitro/operator/HashJoinOperator.loadNextOuterBatch;org/weakref/nitro/operator/HashJoinOperator.next;org/weakref/nitro/operator/HashJoinOperator.produceBatch;org/weakref/nitro/operator/HashJoinOperator.loadInnerIfNecessary;org/weakref/nitro/operator/BufferedJoinInput.loadAll;org/weakref/nitro/operator/ProjectOperator.next;org/weakref/nitro/operator/FilterOperator.next;org/weakref/nitro/operator/evaluator/PlanEvaluator.evaluateInPlace;org/weakref/nitro/operator/evaluator/PlanEvaluator.evaluateTrueMaskInPlace;org/weakref/nitro/operator/evaluator/PlanEvaluator.evaluateTrueMaskInPlace;org/weakref/nitro/operator/evaluator/PlanEvaluator.evaluateAdaptiveAndTrueMaskInPlace;org/weakref/nitro/operator/evaluator/PlanEvaluator.findLongConstantRange;org/weakref/nitro/operator/evaluator/PlanEvaluator.evaluateArgument;org/weakref/nitro/operator/FilterOperator$1.resolve;org/weakref/nitro/operator/Output.borrowOrNull;org/weakref/nitro/operator/Output.borrow;org/weakref/nitro/operator/Output.borrow;org/weakref/nitro/operator/NitroParquetScanOperator$ScanOutputResolver$$Lambda.0x00000000730aad90.apply;org/weakref/nitro/operator/NitroParquetScanOperator$ScanOutputResolver.resolve;org/weakref/nitro/operator/NitroParquetScanOperator.resolveLazyColumn;org/weakref/nitro/operator/NitroParquetScanOperator.decodeFullColumn;org/weakref/nitro/parquet/ColumnReader.readInts;org/weakref/nitro/parquet/ColumnReader.decodeNextDataPage;org/weakref/nitro/parquet/ColumnReader.decodeDataPageV1;org/weakref/nitro/parquet/ColumnReader.ensurePageCapacity;org/weakref/nitro/parquet/ColumnReader.ensurePageNullCapacity;org/weakref/nitro/parquet/ColumnReader.replaceBooleans;org/weakref/nitro/data/PrimitiveArrayPool.borrowBooleans;boolean[]_[i] 1
java/lang/Thread.run;java/lang/Thread.runWith;java/util/concurrent/ThreadPoolExecutor$Worker.run;java/util/concurrent/ThreadPoolExecutor.runWorker;java/util/concurrent/FutureTask.run;java/util/concurrent/Executors$RunnableAdapter.call;java/util/concurrent/FutureTask.run;org/openjdk/jmh/runner/BenchmarkHandler$BenchmarkTask.call;org/openjdk/jmh/runner/BenchmarkHandler$BenchmarkTask.call;java/lang/reflect/Method.invoke;jdk/internal/reflect/DirectMethodHandleAccessor.invoke;jdk/internal/reflect/DirectMethodHandleAccessor.invokeImpl;java/lang/invoke/LambdaForm$MH.0x0000000073061400.invokeExact_MT;java/lang/invoke/LambdaForm$MH.0x0000000073061000.invoke;java/lang/invoke/DirectMethodHandle$Holder.invokeSpecial;org/weakref/nitro/tpch/jmh_generated/BenchmarkQueries_query10_jmhTest.query10_AverageTime;org/weakref/nitro/tpch/jmh_generated/BenchmarkQueries_query10_jmhTest.query10_avgt_jmhStub;org/weakref/nitro/tpch/BenchmarkQueries.query10;org/weakref/nitro/tpch/BenchmarkQueries.consume;org/weakref/nitro/operator/ProjectOperator.next;org/weakref/nitro/operator/TopNOperator.next;org/weakref/nitro/operator/TopNOperator.computeTopN;org/weakref/nitro/operator/GroupedAggregationOperator.next;org/weakref/nitro/operator/GroupedAggregationOperator.computeResults;org/weakref/nitro/operator/GroupedAggregationOperator.computeInlineGroupedResults;org/weakref/nitro/operator/ProjectOperator.next;org/weakref/nitro/operator/Output.forward;org.weakref.nitro.operator.Output_[i] 1
java/lang/Thread.run;java/lang/Thread.runWith;java/util/concurrent/ThreadPoolExecutor$Worker.run;java/util/concurrent/ThreadPoolExecutor.runWorker;java/util/concurrent/FutureTask.run;java/util/concurrent/Executors$RunnableAdapter.call;java/util/concurrent/FutureTask.run;org/openjdk/jmh/runner/BenchmarkHandler$BenchmarkTask.call;org/openjdk/jmh/runner/BenchmarkHandler$BenchmarkTask.call;java/lang/reflect/Method.invoke;jdk/internal/reflect/DirectMethodHandleAccessor.invoke;jdk/internal/reflect/DirectMethodHandleAccessor.invokeImpl;java/lang/invoke/LambdaForm$MH.0x0000000073061400.invokeExact_MT;java/lang/invoke/LambdaForm$MH.0x0000000073061000.invoke;java/lang/invoke/DirectMethodHandle$Holder.invokeSpecial;org/weakref/nitro/tpch/jmh_generated/BenchmarkQueries_query10_jmhTest.query10_AverageTime;org/weakref/nitro/tpch/jmh_generated/BenchmarkQueries_query10_jmhTest.query10_avgt_jmhStub;org/weakref/nitro/tpch/BenchmarkQueries.query10;org/weakref/nitro/tpch/BenchmarkQueries.consume;org/weakref/nitro/operator/ProjectOperator.next;org/weakref/nitro/operator/TopNOperator.next;org/weakref/nitro/operator/TopNOperator.computeTopN;org/weakref/nitro/operator/GroupedAggregationOperator.next;org/weakref/nitro/operator/GroupedAggregationOperator.computeResults;org/weakref/nitro/operator/GroupedAggregationOperator.computeInlineGroupedResults;org/weakref/nitro/operator/GroupedAggregationOperator.assignInlineGroups;org/weakref/nitro/operator/GroupingState.assignGroups;org/weakref/nitro/operator/GroupingState.assignGroups;org/weakref/nitro/operator/GroupingState.assignFlatGroups;org/weakref/nitro/operator/FlatGroupingTable.prepareBatchHashes;org/weakref/nitro/operator/FlatGroupingTable.prepareBatchHash;org/weakref/nitro/operator/FlatKeyLayout.hash;org/weakref/nitro/operator/FlatKeyLayout.fieldHash;org/weakref/nitro/operator/FlatKeyLayout.binaryFieldHash;org/weakref/nitro/operator/FlatKeyLayout.globalIdFor;org/weakref/nitro/operator/ValueIdInterner.intern;org/weakref/nitro/operator/ValueIdInterner.store;java/util/Arrays.copyOf;byte[]_[i] 13
java/lang/Thread.run;java/lang/Thread.runWith;java/util/concurrent/ThreadPoolExecutor$Worker.run;java/util/concurrent/ThreadPoolExecutor.runWorker;java/util/concurrent/FutureTask.run;java/util/concurrent/Executors$RunnableAdapter.call;java/util/concurrent/FutureTask.run;org/openjdk/jmh/runner/BenchmarkHandler$BenchmarkTask.call;org/openjdk/jmh/runner/BenchmarkHandler$BenchmarkTask.call;java/lang/reflect/Method.invoke;jdk/internal/reflect/DirectMethodHandleAccessor.invoke;jdk/internal/reflect/DirectMethodHandleAccessor.invokeImpl;java/lang/invoke/LambdaForm$MH.0x0000000073061400.invokeExact_MT;java/lang/invoke/LambdaForm$MH.0x0000000073061000.invoke;java/lang/invoke/DirectMethodHandle$Holder.invokeSpecial;org/weakref/nitro/tpch/jmh_generated/BenchmarkQueries_query10_jmhTest.query10_AverageTime;org/weakref/nitro/tpch/jmh_generated/BenchmarkQueries_query10_jmhTest.query10_avgt_jmhStub;org/weakref/nitro/tpch/BenchmarkQueries.query10;org/weakref/nitro/tpch/BenchmarkQueries.consume;org/weakref/nitro/operator/ProjectOperator.next;org/weakref/nitro/operator/TopNOperator.next;org/weakref/nitro/operator/TopNOperator.computeTopN;org/weakref/nitro/operator/GroupedAggregationOperator.next;org/weakref/nitro/operator/GroupedAggregationOperator.computeResults;org/weakref/nitro/operator/GroupedAggregationOperator.computeInlineGroupedResults;org/weakref/nitro/operator/ProjectOperator.next;org/weakref/nitro/operator/HashJoinOperator.next;org/weakref/nitro/operator/HashJoinOperator.produceBatch;org/weakref/nitro/operator/HashJoinOperator.produceOrdinaryBatch;org/weakref/nitro/operator/HashJoinOperator.loadNextOuterBatch;org/weakref/nitro/operator/HashJoinOperator.next;org/weakref/nitro/operator/HashJoinOperator.produceBatch;org/weakref/nitro/operator/HashJoinOperator.loadInnerIfNecessary;org/weakref/nitro/operator/BufferedJoinInput.loadAll;org/weakref/nitro/operator/Batch.close;org/weakref/nitro/operator/ProjectOperator$$Lambda.0x000000007329f020.run;org/weakref/nitro/operator/ProjectOperator.lambda$next$11;org/weakref/nitro/operator/ProjectOperator$BatchState.close;org/weakref/nitro/operator/Batch.close;org/weakref/nitro/operator/FilterOperator$BatchState.close;org/weakref/nitro/operator/Batch.close;org/weakref/nitro/operator/Output.close;org/weakref/nitro/operator/Output.release;org/weakref/nitro/operator/BatchBufferOwner.accept;org/weakref/nitro/operator/BatchBufferOwner.accept;org/weakref/nitro/operator/NitroParquetScanOperator$ScanOutputResolver.release;org/weakref/nitro/operator/BatchBufferScope.release;org/weakref/nitro/data/Allocator.release;org/weakref/nitro/data/Allocator.releaseVectorTree;org/weakref/nitro/data/Allocator.releaseVector;org/weakref/nitro/data/Allocator$ContextState.releaseVector;org/weakref/nitro/data/Allocator$ContextState.addVectorToPool;java/util/TreeMap.computeIfAbsent;java/util/TreeMap.callMappingFunctionWithCheck;org/weakref/nitro/data/Allocator$ContextState$$Lambda.0x000000007328ea90.apply;org/weakref/nitro/data/Allocator$ContextState.lambda$addVectorToPool$1;java/util/ArrayDeque.<init>;java.lang.Object[]_[i] 1
java/lang/Thread.run;java/lang/Thread.runWith;java/util/concurrent/ThreadPoolExecutor$Worker.run;java/util/concurrent/ThreadPoolExecutor.runWorker;java/util/concurrent/FutureTask.run;java/util/concurrent/Executors$RunnableAdapter.call;java/util/concurrent/FutureTask.run;org/openjdk/jmh/runner/BenchmarkHandler$BenchmarkTask.call;org/openjdk/jmh/runner/BenchmarkHandler$BenchmarkTask.call;java/lang/reflect/Method.invoke;jdk/internal/reflect/DirectMethodHandleAccessor.invoke;jdk/internal/reflect/DirectMethodHandleAccessor.invokeImpl;java/lang/invoke/LambdaForm$MH.0x0000000073061400.invokeExact_MT;java/lang/invoke/LambdaForm$MH.0x0000000073061000.invoke;java/lang/invoke/DirectMethodHandle$Holder.invokeSpecial;org/weakref/nitro/tpch/jmh_generated/BenchmarkQueries_query10_jmhTest.query10_AverageTime;org/weakref/nitro/tpch/jmh_generated/BenchmarkQueries_query10_jmhTest.query10_avgt_jmhStub;org/weakref/nitro/tpch/BenchmarkQueries.query10;org/weakref/nitro/tpch/BenchmarkQueries.consume;org/weakref/nitro/operator/ProjectOperator.next;org/weakref/nitro/operator/TopNOperator.next;org/weakref/nitro/operator/TopNOperator.computeTopN;org/weakref/nitro/operator/GroupedAggregationOperator.next;org/weakref/nitro/operator/GroupedAggregationOperator.computeResults;org/weakref/nitro/operator/GroupedAggregationOperator.computeInlineGroupedResults;org/weakref/nitro/operator/ProjectOperator.next;org/weakref/nitro/operator/HashJoinOperator.next;org/weakref/nitro/operator/HashJoinOperator.produceBatch;org/weakref/nitro/operator/HashJoinOperator.produceOrdinaryBatch;org/weakref/nitro/operator/HashJoinOperator.loadNextOuterBatch;org/weakref/nitro/operator/HashJoinOperator.next;org/weakref/nitro/operator/HashJoinOperator.produceBatch;org/weakref/nitro/operator/HashJoinOperator.loadInnerIfNecessary;org/weakref/nitro/operator/BufferedJoinInput.loadAll;org/weakref/nitro/operator/JoinBufferSupport.copyAndCompact;org/weakref/nitro/operator/JoinBufferSupport.copyVectorPositions;org/weakref/nitro/operator/JoinBufferSupport.copyDoublePositions;org/weakref/nitro/operator/JoinBufferSupport.ensureDoubleCapacity;org/weakref/nitro/data/Allocator.allocate;org/weakref/nitro/operator/JoinBufferSupport$$Lambda.0x000000007329f478.apply;org/weakref/nitro/data/F64Vector.<init>;double[]_[i] 54
java/lang/Thread.run;java/lang/Thread.runWith;java/util/concurrent/ThreadPoolExecutor$Worker.run;java/util/concurrent/ThreadPoolExecutor.runWorker;java/util/concurrent/FutureTask.run;java/util/concurrent/Executors$RunnableAdapter.call;java/util/concurrent/FutureTask.run;org/openjdk/jmh/runner/BenchmarkHandler$BenchmarkTask.call;org/openjdk/jmh/runner/BenchmarkHandler$BenchmarkTask.call;java/lang/reflect/Method.invoke;jdk/internal/reflect/DirectMethodHandleAccessor.invoke;jdk/internal/reflect/DirectMethodHandleAccessor.invokeImpl;java/lang/invoke/LambdaForm$MH.0x0000000073061400.invokeExact_MT;java/lang/invoke/LambdaForm$MH.0x0000000073061000.invoke;java/lang/invoke/DirectMethodHandle$Holder.invokeSpecial;org/weakref/nitro/tpch/jmh_generated/BenchmarkQueries_query10_jmhTest.query10_AverageTime;org/weakref/nitro/tpch/jmh_generated/BenchmarkQueries_query10_jmhTest.query10_avgt_jmhStub;org/weakref/nitro/tpch/BenchmarkQueries.query10;org/weakref/nitro/tpch/BenchmarkQueries.consume;org/weakref/nitro/operator/ProjectOperator.next;org/weakref/nitro/operator/TopNOperator.next;org/weakref/nitro/operator/TopNOperator.computeTopN;org/weakref/nitro/operator/GroupedAggregationOperator.next;org/weakref/nitro/operator/GroupedAggregationOperator.computeResults;org/weakref/nitro/operator/GroupedAggregationOperator.computeInlineGroupedResults;org/weakref/nitro/operator/ProjectOperator.next;org/weakref/nitro/operator/HashJoinOperator.next;org/weakref/nitro/operator/HashJoinOperator.produceBatch;org/weakref/nitro/operator/HashJoinOperator.produceOrdinaryBatch;org/weakref/nitro/operator/HashJoinOperator.loadNextOuterBatch;org/weakref/nitro/operator/HashJoinOperator.next;org/weakref/nitro/operator/HashJoinOperator.produceBatch;org/weakref/nitro/operator/HashJoinOperator.loadInnerIfNecessary;org/weakref/nitro/operator/HashJoinOperator.indexInnerRows;org/weakref/nitro/operator/HashJoinOperator$LongJoinIndex.addRows;org/weakref/nitro/operator/HashJoinOperator$LongJoinIndex.addRow;org/weakref/nitro/operator/HashJoinOperator$LongJoinIndex.addDirectRangeRow;org/weakref/nitro/operator/HashJoinOperator$LongJoinIndex.ensureDirectDuplicateArrays;org/weakref/nitro/data/PrimitiveArrayPool.borrowInts;int[]_[i] 1
java/lang/Thread.run;java/lang/Thread.runWith;java/util/concurrent/ThreadPoolExecutor$Worker.run;java/util/concurrent/ThreadPoolExecutor.runWorker;java/util/concurrent/FutureTask.run;java/util/concurrent/Executors$RunnableAdapter.call;java/util/concurrent/FutureTask.run;org/openjdk/jmh/runner/BenchmarkHandler$BenchmarkTask.call;org/openjdk/jmh/runner/BenchmarkHandler$BenchmarkTask.call;java/lang/reflect/Method.invoke;jdk/internal/reflect/DirectMethodHandleAccessor.invoke;jdk/internal/reflect/DirectMethodHandleAccessor.invokeImpl;java/lang/invoke/LambdaForm$MH.0x0000000073061400.invokeExact_MT;java/lang/invoke/LambdaForm$MH.0x0000000073061000.invoke;java/lang/invoke/DirectMethodHandle$Holder.invokeSpecial;org/weakref/nitro/tpch/jmh_generated/BenchmarkQueries_query10_jmhTest.query10_AverageTime;org/weakref/nitro/tpch/jmh_generated/BenchmarkQueries_query10_jmhTest.query10_avgt_jmhStub;org/weakref/nitro/tpch/BenchmarkQueries.query10;org/weakref/nitro/tpch/BenchmarkQueries.consume;org/weakref/nitro/operator/ProjectOperator.next;org/weakref/nitro/operator/TopNOperator.next;org/weakref/nitro/operator/TopNOperator.computeTopN;org/weakref/nitro/operator/GroupedAggregationOperator.next;org/weakref/nitro/operator/GroupedAggregationOperator.computeResults;org/weakref/nitro/operator/GroupedAggregationOperator.computeInlineGroupedResults;org/weakref/nitro/operator/ProjectOperator.next;org/weakref/nitro/operator/HashJoinOperator.next;org/weakref/nitro/operator/HashJoinOperator.produceBatch;org/weakref/nitro/operator/HashJoinOperator.produceOrdinaryBatch;org/weakref/nitro/operator/HashJoinOperator.loadNextOuterBatch;org/weakref/nitro/operator/HashJoinOperator.next;org/weakref/nitro/operator/HashJoinOperator.produceBatch;org/weakref/nitro/operator/HashJoinOperator.loadInnerIfNecessary;org/weakref/nitro/operator/BufferedJoinInput.loadAll;org/weakref/nitro/operator/ProjectOperator.next;org/weakref/nitro/operator/FilterOperator.next;org/weakref/nitro/operator/evaluator/PlanEvaluator.evaluateInPlace;org/weakref/nitro/operator/evaluator/PlanEvaluator.evaluateTrueMaskInPlace;org/weakref/nitro/operator/evaluator/PlanEvaluator.tryEvaluatePrimitiveTrueMaskInPlace;org/weakref/nitro/operator/evaluator/PlanEvaluator.tryEvaluatePrimitiveMaskInPlace;org/weakref/nitro/operator/evaluator/PlanEvaluator.resolveMaskPrimitiveInvocation;org/weakref/nitro/operator/evaluator/PlanEvaluator.evaluateArgument;org/weakref/nitro/operator/FilterOperator$1.resolve;org/weakref/nitro/operator/Output.borrowOrNull;org/weakref/nitro/operator/Output.borrow;org/weakref/nitro/operator/Output.borrow;org/weakref/nitro/operator/NitroParquetScanOperator$ScanOutputResolver$$Lambda.0x00000000730aad90.apply;org/weakref/nitro/operator/NitroParquetScanOperator$ScanOutputResolver.resolve;org/weakref/nitro/operator/NitroParquetScanOperator.resolveLazyColumn;org/weakref/nitro/operator/NitroParquetScanOperator.decodeFullColumn;org/weakref/nitro/parquet/ColumnReader.readBinary;org/weakref/nitro/parquet/ColumnReader.readBinaryDirect;org/weakref/nitro/data/Allocator.release;org/weakref/nitro/data/Allocator.releaseVectorTree;org/weakref/nitro/data/Allocator.releaseVector;org/weakref/nitro/data/Allocator$ContextState.releaseVector;org/weakref/nitro/data/Allocator$ContextState.untrackVector;org/weakref/nitro/data/BinaryVector.poolFamily;org/weakref/nitro/data/BinaryVector.poolFamily;org.weakref.nitro.data.BinaryVector$PoolFamily_[i] 1
java/lang/Thread.run;java/lang/Thread.runWith;java/util/concurrent/ThreadPoolExecutor$Worker.run;java/util/concurrent/ThreadPoolExecutor.runWorker;java/util/concurrent/FutureTask.run;java/util/concurrent/Executors$RunnableAdapter.call;java/util/concurrent/FutureTask.run;org/openjdk/jmh/runner/BenchmarkHandler$BenchmarkTask.call;org/openjdk/jmh/runner/BenchmarkHandler$BenchmarkTask.call;java/lang/reflect/Method.invoke;jdk/internal/reflect/DirectMethodHandleAccessor.invoke;jdk/internal/reflect/DirectMethodHandleAccessor.invokeImpl;java/lang/invoke/LambdaForm$MH.0x0000000073061400.invokeExact_MT;java/lang/invoke/LambdaForm$MH.0x0000000073061000.invoke;java/lang/invoke/DirectMethodHandle$Holder.invokeSpecial;org/weakref/nitro/tpch/jmh_generated/BenchmarkQueries_query10_jmhTest.query10_AverageTime;org/weakref/nitro/tpch/jmh_generated/BenchmarkQueries_query10_jmhTest.query10_avgt_jmhStub;org/weakref/nitro/tpch/BenchmarkQueries.query10;org/weakref/nitro/tpch/BenchmarkQueries.consume;org/weakref/nitro/operator/ProjectOperator.next;org/weakref/nitro/operator/TopNOperator.next;org/weakref/nitro/operator/TopNOperator.computeTopN;org/weakref/nitro/operator/GroupedAggregationOperator.next;org/weakref/nitro/operator/GroupedAggregationOperator.computeResults;org/weakref/nitro/operator/GroupedAggregationOperator.computeInlineGroupedResults;org/weakref/nitro/operator/ProjectOperator.next;org/weakref/nitro/operator/HashJoinOperator.next;org/weakref/nitro/operator/HashJoinOperator.produceBatch;org/weakref/nitro/operator/HashJoinOperator.produceOrdinaryBatch;org/weakref/nitro/operator/HashJoinOperator.loadNextOuterBatch;org/weakref/nitro/operator/HashJoinOperator.next;org/weakref/nitro/operator/HashJoinOperator.produceBatch;org/weakref/nitro/operator/HashJoinOperator.loadInnerIfNecessary;org/weakref/nitro/operator/BufferedJoinInput.loadAll;org/weakref/nitro/operator/ProjectOperator.next;org/weakref/nitro/operator/ProjectOperator$BatchState.<init>;java.util.HashMap_[i] 1
java/lang/Thread.run;java/lang/Thread.runWith;java/util/concurrent/ThreadPoolExecutor$Worker.run;java/util/concurrent/ThreadPoolExecutor.runWorker;java/util/concurrent/FutureTask.run;java/util/concurrent/Executors$RunnableAdapter.call;java/util/concurrent/FutureTask.run;org/openjdk/jmh/runner/BenchmarkHandler$BenchmarkTask.call;org/openjdk/jmh/runner/BenchmarkHandler$BenchmarkTask.call;java/lang/reflect/Method.invoke;jdk/internal/reflect/DirectMethodHandleAccessor.invoke;jdk/internal/reflect/DirectMethodHandleAccessor.invokeImpl;java/lang/invoke/LambdaForm$MH.0x0000000073061400.invokeExact_MT;java/lang/invoke/LambdaForm$MH.0x0000000073061000.invoke;java/lang/invoke/DirectMethodHandle$Holder.invokeSpecial;org/weakref/nitro/tpch/jmh_generated/BenchmarkQueries_query10_jmhTest.query10_AverageTime;org/weakref/nitro/tpch/jmh_generated/BenchmarkQueries_query10_jmhTest.query10_avgt_jmhStub;org/weakref/nitro/tpch/BenchmarkQueries.query10;org/weakref/nitro/tpch/BenchmarkQueries.consume;org/weakref/nitro/operator/ProjectOperator.next;org/weakref/nitro/operator/TopNOperator.next;org/weakref/nitro/operator/TopNOperator.computeTopN;org/weakref/nitro/operator/GroupedAggregationOperator.next;org/weakref/nitro/operator/GroupedAggregationOperator.computeResults;org/weakref/nitro/operator/GroupedAggregationOperator.computeInlineGroupedResults;org/weakref/nitro/operator/ProjectOperator.next;org/weakref/nitro/operator/HashJoinOperator.next;org/weakref/nitro/operator/HashJoinOperator.produceBatch;org/weakref/nitro/operator/HashJoinOperator.produceOrdinaryBatch;org/weakref/nitro/operator/HashJoinOperator.loadNextOuterBatch;org/weakref/nitro/operator/HashJoinOperator.next;org/weakref/nitro/operator/HashJoinOperator.produceBatch;org/weakref/nitro/operator/HashJoinOperator.loadInnerIfNecessary;org/weakref/nitro/operator/HashJoinOperator.indexInnerRows;org/weakref/nitro/operator/HashJoinOperator.createJoinIndex;org/weakref/nitro/operator/HashJoinOperator$LongJoinIndex.<init>;org/weakref/nitro/data/PrimitiveArrayPool.borrowInts;int[]_[i] 1
java/lang/Thread.run;java/lang/Thread.runWith;java/util/concurrent/ThreadPoolExecutor$Worker.run;java/util/concurrent/ThreadPoolExecutor.runWorker;java/util/concurrent/FutureTask.run;java/util/concurrent/Executors$RunnableAdapter.call;java/util/concurrent/FutureTask.run;org/openjdk/jmh/runner/BenchmarkHandler$BenchmarkTask.call;org/openjdk/jmh/runner/BenchmarkHandler$BenchmarkTask.call;java/lang/reflect/Method.invoke;jdk/internal/reflect/DirectMethodHandleAccessor.invoke;jdk/internal/reflect/DirectMethodHandleAccessor.invokeImpl;java/lang/invoke/LambdaForm$MH.0x0000000073061400.invokeExact_MT;java/lang/invoke/LambdaForm$MH.0x0000000073061000.invoke;java/lang/invoke/DirectMethodHandle$Holder.invokeSpecial;org/weakref/nitro/tpch/jmh_generated/BenchmarkQueries_query10_jmhTest.query10_AverageTime;org/weakref/nitro/tpch/jmh_generated/BenchmarkQueries_query10_jmhTest.query10_avgt_jmhStub;org/weakref/nitro/tpch/BenchmarkQueries.query10;org/weakref/nitro/tpch/BenchmarkQueries.consume;org/weakref/nitro/operator/ProjectOperator.next;org/weakref/nitro/operator/TopNOperator.next;org/weakref/nitro/operator/TopNOperator.computeTopN;org/weakref/nitro/operator/GroupedAggregationOperator.next;org/weakref/nitro/operator/GroupedAggregationOperator.computeResults;org/weakref/nitro/operator/GroupedAggregationOperator.computeInlineGroupedResults;org/weakref/nitro/operator/ProjectOperator.next;org/weakref/nitro/operator/HashJoinOperator.next;org/weakref/nitro/operator/HashJoinOperator.produceBatch;org/weakref/nitro/operator/HashJoinOperator.produceOrdinaryBatch;org/weakref/nitro/operator/HashJoinOperator.loadNextOuterBatch;org/weakref/nitro/operator/HashJoinOperator.next;org/weakref/nitro/operator/HashJoinOperator.produceBatch;org/weakref/nitro/operator/HashJoinOperator.loadInnerIfNecessary;org/weakref/nitro/operator/BufferedJoinInput.loadAll;org/weakref/nitro/operator/ProjectOperator.next;org/weakref/nitro/operator/FilterOperator.next;org/weakref/nitro/operator/evaluator/PlanEvaluator.evaluateInPlace;org/weakref/nitro/operator/evaluator/PlanEvaluator.evaluateTrueMaskInPlace;org/weakref/nitro/operator/evaluator/PlanEvaluator.tryEvaluatePrimitiveTrueMaskInPlace;org/weakref/nitro/operator/evaluator/PlanEvaluator.tryEvaluatePrimitiveMaskInPlace;org/weakref/nitro/operator/evaluator/PlanEvaluator.resolveMaskPrimitiveInvocation;org/weakref/nitro/operator/evaluator/PlanEvaluator.evaluateArgument;org/weakref/nitro/operator/evaluator/PlanEvaluator.evaluateAvailableReference;org/weakref/nitro/operator/evaluator/PlanEvaluator.evaluate;org/weakref/nitro/operator/evaluator/PlanEvaluator.evaluateUnmemoized;org/weakref/nitro/operator/evaluator/PlanEvaluator.evaluateVariable;org/weakref/nitro/operator/evaluator/PlanEvaluator.evaluateLiteral;org/weakref/nitro/operator/evaluator/PlanEvaluator.fillUtf8;org/weakref/nitro/data/BinaryVector.addTrait;java/util/LinkedHashSet.<init>;java/util/HashSet.<init>;java.util.LinkedHashMap_[i] 1
java/lang/Thread.run;java/lang/Thread.runWith;java/util/concurrent/ThreadPoolExecutor$Worker.run;java/util/concurrent/ThreadPoolExecutor.runWorker;java/util/concurrent/FutureTask.run;java/util/concurrent/Executors$RunnableAdapter.call;java/util/concurrent/FutureTask.run;org/openjdk/jmh/runner/BenchmarkHandler$BenchmarkTask.call;org/openjdk/jmh/runner/BenchmarkHandler$BenchmarkTask.call;java/lang/reflect/Method.invoke;jdk/internal/reflect/DirectMethodHandleAccessor.invoke;jdk/internal/reflect/DirectMethodHandleAccessor.invokeImpl;java/lang/invoke/LambdaForm$MH.0x0000000073061400.invokeExact_MT;java/lang/invoke/LambdaForm$MH.0x0000000073061000.invoke;java/lang/invoke/DirectMethodHandle$Holder.invokeSpecial;org/weakref/nitro/tpch/jmh_generated/BenchmarkQueries_query10_jmhTest.query10_AverageTime;org/weakref/nitro/tpch/jmh_generated/BenchmarkQueries_query10_jmhTest.query10_avgt_jmhStub;org/weakref/nitro/tpch/BenchmarkQueries.query10;org/weakref/nitro/tpch/BenchmarkQueries.consume;org/weakref/nitro/operator/ProjectOperator.next;org/weakref/nitro/operator/TopNOperator.next;org/weakref/nitro/operator/TopNOperator.computeTopN;org/weakref/nitro/operator/GroupedAggregationOperator.next;org/weakref/nitro/operator/GroupedAggregationOperator.computeResults;org/weakref/nitro/operator/GroupedAggregationOperator.computeInlineGroupedResults;org/weakref/nitro/operator/GroupedAggregationOperator.prepareAggregationStates;org/weakref/nitro/operator/aggregation/SumF64.grow;org/weakref/nitro/data/Allocator.allocateOrGrow;org/weakref/nitro/data/Allocator.allocate;org/weakref/nitro/operator/aggregation/SumF64$$Lambda.0x00000000732ab800.apply;org/weakref/nitro/data/F64Vector.<init>;double[]_[i] 3
java/lang/Thread.run;java/lang/Thread.runWith;java/util/concurrent/ThreadPoolExecutor$Worker.run;java/util/concurrent/ThreadPoolExecutor.runWorker;java/util/concurrent/FutureTask.run;java/util/concurrent/Executors$RunnableAdapter.call;java/util/concurrent/FutureTask.run;org/openjdk/jmh/runner/BenchmarkHandler$BenchmarkTask.call;org/openjdk/jmh/runner/BenchmarkHandler$BenchmarkTask.call;java/lang/reflect/Method.invoke;jdk/internal/reflect/DirectMethodHandleAccessor.invoke;jdk/internal/reflect/DirectMethodHandleAccessor.invokeImpl;java/lang/invoke/LambdaForm$MH.0x0000000073061400.invokeExact_MT;java/lang/invoke/LambdaForm$MH.0x0000000073061000.invoke;java/lang/invoke/DirectMethodHandle$Holder.invokeSpecial;org/weakref/nitro/tpch/jmh_generated/BenchmarkQueries_query10_jmhTest.query10_AverageTime;org/weakref/nitro/tpch/jmh_generated/BenchmarkQueries_query10_jmhTest.query10_avgt_jmhStub;org/weakref/nitro/tpch/BenchmarkQueries.query10;org/weakref/nitro/tpch/BenchmarkQueries.consume;org/weakref/nitro/operator/ProjectOperator.next;org/weakref/nitro/operator/TopNOperator.next;org/weakref/nitro/operator/TopNOperator.computeTopN;org/weakref/nitro/operator/GroupedAggregationOperator.next;org/weakref/nitro/operator/GroupedAggregationOperator.computeResults;org/weakref/nitro/operator/GroupedAggregationOperator.computeInlineGroupedResults;org/weakref/nitro/operator/ProjectOperator.next;org/weakref/nitro/operator/HashJoinOperator.next;org/weakref/nitro/operator/HashJoinOperator.produceBatch;org/weakref/nitro/operator/HashJoinOperator.produceOrdinaryBatch;org/weakref/nitro/operator/HashJoinOperator.loadNextOuterBatch;org/weakref/nitro/operator/HashJoinOperator.next;org/weakref/nitro/operator/HashJoinOperator.produceBatch;org/weakref/nitro/operator/HashJoinOperator.produceOrdinaryBatch;org/weakref/nitro/operator/HashJoinOperator.loadNextOuterBatch;org/weakref/nitro/operator/HashJoinOperator.next;org/weakref/nitro/operator/HashJoinOperator.produceBatch;org/weakref/nitro/operator/HashJoinOperator.loadInnerIfNecessary;org/weakref/nitro/operator/BufferedJoinInput.loadAll;org/weakref/nitro/operator/JoinBufferSupport.copyAndCompact;org/weakref/nitro/operator/JoinBufferSupport.copyVectorPositions;org/weakref/nitro/operator/JoinBufferSupport.copyLongPositions;org/weakref/nitro/operator/JoinBufferSupport.ensureLongCapacity;org/weakref/nitro/data/Allocator.allocate;org/weakref/nitro/operator/JoinBufferSupport$$Lambda.0x000000007328d840.apply;org/weakref/nitro/data/I64Vector.<init>;long[]_[i] 10
java/lang/Thread.run;java/lang/Thread.runWith;java/util/concurrent/ThreadPoolExecutor$Worker.run;java/util/concurrent/ThreadPoolExecutor.runWorker;java/util/concurrent/FutureTask.run;java/util/concurrent/Executors$RunnableAdapter.call;java/util/concurrent/FutureTask.run;org/openjdk/jmh/runner/BenchmarkHandler$BenchmarkTask.call;org/openjdk/jmh/runner/BenchmarkHandler$BenchmarkTask.call;java/lang/reflect/Method.invoke;jdk/internal/reflect/DirectMethodHandleAccessor.invoke;jdk/internal/reflect/DirectMethodHandleAccessor.invokeImpl;java/lang/invoke/LambdaForm$MH.0x0000000073061400.invokeExact_MT;java/lang/invoke/LambdaForm$MH.0x0000000073061000.invoke;java/lang/invoke/DirectMethodHandle$Holder.invokeSpecial;org/weakref/nitro/tpch/jmh_generated/BenchmarkQueries_query10_jmhTest.query10_AverageTime;org/weakref/nitro/tpch/jmh_generated/BenchmarkQueries_query10_jmhTest.query10_avgt_jmhStub;org/weakref/nitro/tpch/BenchmarkQueries.query10;org/weakref/nitro/tpch/BenchmarkQueries.consume;org/weakref/nitro/operator/ProjectOperator.next;org/weakref/nitro/operator/TopNOperator.next;org/weakref/nitro/operator/TopNOperator.computeTopN;org/weakref/nitro/operator/GroupedAggregationOperator.next;org/weakref/nitro/operator/GroupedAggregationOperator.computeResults;org/weakref/nitro/operator/GroupedAggregationOperator.computeInlineGroupedResults;org/weakref/nitro/operator/ProjectOperator.next;org/weakref/nitro/operator/HashJoinOperator.next;org/weakref/nitro/operator/HashJoinOperator.produceBatch;org/weakref/nitro/operator/HashJoinOperator.produceOrdinaryBatch;org/weakref/nitro/operator/HashJoinOperator.loadNextOuterBatch;org/weakref/nitro/operator/HashJoinOperator.next;org/weakref/nitro/operator/HashJoinOperator.produceBatch;org/weakref/nitro/operator/HashJoinOperator.loadInnerIfNecessary;org/weakref/nitro/operator/BufferedJoinInput.loadAll;org/weakref/nitro/operator/ProjectOperator.next;java/lang/invoke/Invokers$Holder.linkToTargetMethod;java/lang/invoke/DirectMethodHandle$Holder.newInvokeSpecial;java/lang/invoke/DirectMethodHandle.allocateInstance;org.weakref.nitro.operator.ProjectOperator$$Lambda.0x000000007329dc28_[i] 1
java/lang/Thread.run;java/lang/Thread.runWith;java/util/concurrent/ThreadPoolExecutor$Worker.run;java/util/concurrent/ThreadPoolExecutor.runWorker;java/util/concurrent/FutureTask.run;java/util/concurrent/Executors$RunnableAdapter.call;java/util/concurrent/FutureTask.run;org/openjdk/jmh/runner/BenchmarkHandler$BenchmarkTask.call;org/openjdk/jmh/runner/BenchmarkHandler$BenchmarkTask.call;java/lang/reflect/Method.invoke;jdk/internal/reflect/DirectMethodHandleAccessor.invoke;jdk/internal/reflect/DirectMethodHandleAccessor.invokeImpl;java/lang/invoke/LambdaForm$MH.0x0000000073061400.invokeExact_MT;java/lang/invoke/LambdaForm$MH.0x0000000073061000.invoke;java/lang/invoke/DirectMethodHandle$Holder.invokeSpecial;org/weakref/nitro/tpch/jmh_generated/BenchmarkQueries_query10_jmhTest.query10_AverageTime;org/weakref/nitro/tpch/jmh_generated/BenchmarkQueries_query10_jmhTest.query10_avgt_jmhStub;org/weakref/nitro/tpch/BenchmarkQueries.query10;org/weakref/nitro/tpch/BenchmarkQueries.consume;org/weakref/nitro/operator/ProjectOperator.next;org/weakref/nitro/operator/TopNOperator.next;org/weakref/nitro/operator/TopNOperator.computeTopN;org/weakref/nitro/operator/GroupedAggregationOperator.next;org/weakref/nitro/operator/GroupedAggregationOperator.computeResults;org/weakref/nitro/operator/GroupedAggregationOperator.computeInlineGroupedResults;org/weakref/nitro/operator/ProjectOperator.next;org/weakref/nitro/operator/HashJoinOperator.next;org/weakref/nitro/operator/HashJoinOperator.produceBatch;org/weakref/nitro/operator/HashJoinOperator.produceOrdinaryBatch;org/weakref/nitro/operator/HashJoinOperator.loadNextOuterBatch;org/weakref/nitro/operator/HashJoinOperator.next;org/weakref/nitro/operator/HashJoinOperator.produceBatch;org/weakref/nitro/operator/HashJoinOperator.produceOrdinaryBatch;org/weakref/nitro/operator/HashJoinOperator.loadNextOuterBatch;org/weakref/nitro/operator/HashJoinOperator.next;org/weakref/nitro/operator/HashJoinOperator.produceBatch;org/weakref/nitro/operator/HashJoinOperator.loadInnerIfNecessary;org/weakref/nitro/operator/HashJoinOperator.indexInnerRows;org/weakref/nitro/operator/HashJoinOperator$LongJoinIndex.addRows;org/weakref/nitro/operator/HashJoinOperator$LongJoinIndex.addRow;org/weakref/nitro/operator/HashJoinOperator$LongJoinIndex.materializeDenseBuildAsHash;org/weakref/nitro/operator/HashJoinOperator$LongJoinIndex.findSlot;org/weakref/nitro/operator/HashJoinOperator$LongJoinIndex.ensureHashTable;org/weakref/nitro/data/PrimitiveArrayPool.borrowInts;int[]_[i] 1
java/lang/Thread.run;java/lang/Thread.runWith;java/util/concurrent/ThreadPoolExecutor$Worker.run;java/util/concurrent/ThreadPoolExecutor.runWorker;java/util/concurrent/FutureTask.run;java/util/concurrent/Executors$RunnableAdapter.call;java/util/concurrent/FutureTask.run;org/openjdk/jmh/runner/BenchmarkHandler$BenchmarkTask.call;org/openjdk/jmh/runner/BenchmarkHandler$BenchmarkTask.call;java/lang/reflect/Method.invoke;jdk/internal/reflect/DirectMethodHandleAccessor.invoke;jdk/internal/reflect/DirectMethodHandleAccessor.invokeImpl;java/lang/invoke/LambdaForm$MH.0x0000000073061400.invokeExact_MT;java/lang/invoke/LambdaForm$MH.0x0000000073061000.invoke;java/lang/invoke/DirectMethodHandle$Holder.invokeSpecial;org/weakref/nitro/tpch/jmh_generated/BenchmarkQueries_query10_jmhTest.query10_AverageTime;org/weakref/nitro/tpch/jmh_generated/BenchmarkQueries_query10_jmhTest.query10_avgt_jmhStub;org/weakref/nitro/tpch/BenchmarkQueries.query10;org/weakref/nitro/tpch/BenchmarkQueries.consume;org/weakref/nitro/operator/ProjectOperator.next;org/weakref/nitro/operator/TopNOperator.next;org/weakref/nitro/operator/TopNOperator.computeTopN;org/weakref/nitro/operator/GroupedAggregationOperator.next;org/weakref/nitro/operator/GroupedAggregationOperator.computeResults;org/weakref/nitro/operator/GroupedAggregationOperator.computeInlineGroupedResults;org/weakref/nitro/operator/ProjectOperator.next;org/weakref/nitro/operator/HashJoinOperator.next;org/weakref/nitro/operator/HashJoinOperator.produceBatch;org/weakref/nitro/operator/HashJoinOperator.produceOrdinaryBatch;org/weakref/nitro/operator/HashJoinOperator.loadNextOuterBatch;org/weakref/nitro/operator/HashJoinOperator.next;org/weakref/nitro/operator/HashJoinOperator.produceBatch;org/weakref/nitro/operator/HashJoinOperator.produceOrdinaryBatch;org/weakref/nitro/operator/HashJoinOperator.loadNextOuterBatch;org/weakref/nitro/operator/HashJoinOperator.next;org/weakref/nitro/operator/HashJoinOperator.produceBatch;org/weakref/nitro/operator/HashJoinOperator.loadInnerIfNecessary;org/weakref/nitro/operator/HashJoinOperator.indexInnerRows;org/weakref/nitro/operator/HashJoinOperator$LongJoinIndex.addRows;org/weakref/nitro/operator/HashJoinOperator$LongJoinIndex.addRow;org/weakref/nitro/operator/HashJoinOperator$LongJoinIndex.materializeDenseBuildAsHash;org/weakref/nitro/operator/HashJoinOperator$LongJoinIndex.findSlot;org/weakref/nitro/operator/HashJoinOperator$LongJoinIndex.ensureHashTable;org/weakref/nitro/data/PrimitiveArrayPool.borrowBytes;byte[]_[i] 1
java/lang/Thread.run;java/lang/Thread.runWith;java/util/concurrent/ThreadPoolExecutor$Worker.run;java/util/concurrent/ThreadPoolExecutor.runWorker;java/util/concurrent/FutureTask.run;java/util/concurrent/Executors$RunnableAdapter.call;java/util/concurrent/FutureTask.run;org/openjdk/jmh/runner/BenchmarkHandler$BenchmarkTask.call;org/openjdk/jmh/runner/BenchmarkHandler$BenchmarkTask.call;java/lang/reflect/Method.invoke;jdk/internal/reflect/DirectMethodHandleAccessor.invoke;jdk/internal/reflect/DirectMethodHandleAccessor.invokeImpl;java/lang/invoke/LambdaForm$MH.0x0000000073061400.invokeExact_MT;java/lang/invoke/LambdaForm$MH.0x0000000073061000.invoke;java/lang/invoke/DirectMethodHandle$Holder.invokeSpecial;org/weakref/nitro/tpch/jmh_generated/BenchmarkQueries_query10_jmhTest.query10_AverageTime;org/weakref/nitro/tpch/jmh_generated/BenchmarkQueries_query10_jmhTest.query10_avgt_jmhStub;org/weakref/nitro/tpch/BenchmarkQueries.query10;org/weakref/nitro/tpch/BenchmarkQueries.consume;org/weakref/nitro/operator/ProjectOperator.next;org/weakref/nitro/operator/TopNOperator.next;org/weakref/nitro/operator/TopNOperator.computeTopN;org/weakref/nitro/operator/GroupedAggregationOperator.next;org/weakref/nitro/operator/GroupedAggregationOperator.computeResults;org/weakref/nitro/operator/GroupedAggregationOperator.computeInlineGroupedResults;org/weakref/nitro/operator/ProjectOperator.next;org/weakref/nitro/operator/HashJoinOperator.next;org/weakref/nitro/operator/HashJoinOperator.produceBatch;org/weakref/nitro/operator/HashJoinOperator.produceOrdinaryBatch;org/weakref/nitro/operator/HashJoinOperator.loadNextOuterBatch;org/weakref/nitro/operator/HashJoinOperator.next;org/weakref/nitro/operator/HashJoinOperator.produceBatch;org/weakref/nitro/operator/HashJoinOperator.produceOrdinaryBatch;org/weakref/nitro/operator/HashJoinOperator.loadNextOuterBatch;org/weakref/nitro/operator/HashJoinOperator.next;org/weakref/nitro/operator/HashJoinOperator.produceBatch;org/weakref/nitro/operator/HashJoinOperator.produceRangeBatch;org/weakref/nitro/operator/HashJoinOperator.loadNextOuterBatch;org/weakref/nitro/operator/BufferedJoinInput.captureSchema;org/weakref/nitro/operator/Output.borrow;org/weakref/nitro/operator/NitroParquetScanOperator$ScanOutputResolver$$Lambda.0x00000000730aad90.apply;org/weakref/nitro/operator/NitroParquetScanOperator$ScanOutputResolver.resolve;org/weakref/nitro/operator/NitroParquetScanOperator.resolveLazyColumn;org/weakref/nitro/operator/NitroParquetScanOperator.decodeFullColumn;org/weakref/nitro/parquet/ColumnReader.readBinary;org/weakref/nitro/parquet/ColumnReader.readBinaryDirect;org/weakref/nitro/parquet/ColumnReader.decodeNextDataPage;org/weakref/nitro/parquet/ColumnReader.decodeDataPageV1;org/weakref/nitro/parquet/ColumnReader.ensurePageCapacity;org/weakref/nitro/parquet/ColumnReader.ensurePageNullCapacity;org/weakref/nitro/parquet/ColumnReader.replaceBooleans;org/weakref/nitro/data/PrimitiveArrayPool.borrowBooleans;boolean[]_[i] 1
java/lang/Thread.run;java/lang/Thread.runWith;java/util/concurrent/ThreadPoolExecutor$Worker.run;java/util/concurrent/ThreadPoolExecutor.runWorker;java/util/concurrent/FutureTask.run;java/util/concurrent/Executors$RunnableAdapter.call;java/util/concurrent/FutureTask.run;org/openjdk/jmh/runner/BenchmarkHandler$BenchmarkTask.call;org/openjdk/jmh/runner/BenchmarkHandler$BenchmarkTask.call;java/lang/reflect/Method.invoke;jdk/internal/reflect/DirectMethodHandleAccessor.invoke;jdk/internal/reflect/DirectMethodHandleAccessor.invokeImpl;java/lang/invoke/LambdaForm$MH.0x0000000073061400.invokeExact_MT;java/lang/invoke/LambdaForm$MH.0x0000000073061000.invoke;java/lang/invoke/DirectMethodHandle$Holder.invokeSpecial;org/weakref/nitro/tpch/jmh_generated/BenchmarkQueries_query10_jmhTest.query10_AverageTime;org/weakref/nitro/tpch/jmh_generated/BenchmarkQueries_query10_jmhTest.query10_avgt_jmhStub;org/weakref/nitro/tpch/BenchmarkQueries.query10;org/weakref/nitro/tpch/BenchmarkQueries.consume;org/weakref/nitro/operator/ProjectOperator.next;org/weakref/nitro/operator/TopNOperator.next;org/weakref/nitro/operator/TopNOperator.computeTopN;org/weakref/nitro/operator/GroupedAggregationOperator.next;org/weakref/nitro/operator/GroupedAggregationOperator.computeResults;org/weakref/nitro/operator/GroupedAggregationOperator.computeInlineGroupedResults;org/weakref/nitro/operator/ProjectOperator.next;org/weakref/nitro/operator/HashJoinOperator.next;org/weakref/nitro/operator/HashJoinOperator.produceBatch;org/weakref/nitro/operator/HashJoinOperator.produceOrdinaryBatch;org/weakref/nitro/operator/HashJoinOperator.loadNextOuterBatch;org/weakref/nitro/operator/HashJoinOperator.next;org/weakref/nitro/operator/HashJoinOperator.produceBatch;org/weakref/nitro/operator/HashJoinOperator.loadInnerIfNecessary;org/weakref/nitro/operator/BufferedJoinInput.loadAll;org/weakref/nitro/operator/ProjectOperator.next;org.weakref.nitro.operator.ProjectOperator$BatchState_[i] 2
java/lang/Thread.run;java/lang/Thread.runWith;java/util/concurrent/ThreadPoolExecutor$Worker.run;java/util/concurrent/ThreadPoolExecutor.runWorker;java/util/concurrent/FutureTask.run;java/util/concurrent/Executors$RunnableAdapter.call;java/util/concurrent/FutureTask.run;org/openjdk/jmh/runner/BenchmarkHandler$BenchmarkTask.call;org/openjdk/jmh/runner/BenchmarkHandler$BenchmarkTask.call;java/lang/reflect/Method.invoke;jdk/internal/reflect/DirectMethodHandleAccessor.invoke;jdk/internal/reflect/DirectMethodHandleAccessor.invokeImpl;java/lang/invoke/LambdaForm$MH.0x0000000073061400.invokeExact_MT;java/lang/invoke/LambdaForm$MH.0x0000000073061000.invoke;java/lang/invoke/DirectMethodHandle$Holder.invokeSpecial;org/weakref/nitro/tpch/jmh_generated/BenchmarkQueries_query10_jmhTest.query10_AverageTime;org/weakref/nitro/tpch/jmh_generated/BenchmarkQueries_query10_jmhTest.query10_avgt_jmhStub;org/weakref/nitro/tpch/BenchmarkQueries.query10;org/weakref/nitro/tpch/BenchmarkQueries.consume;org/weakref/nitro/operator/ProjectOperator.next;org/weakref/nitro/operator/TopNOperator.next;org/weakref/nitro/operator/TopNOperator.computeTopN;org/weakref/nitro/operator/GroupedAggregationOperator.next;org/weakref/nitro/operator/GroupedAggregationOperator.computeResults;org/weakref/nitro/operator/GroupedAggregationOperator.computeInlineGroupedResults;org/weakref/nitro/operator/ProjectOperator.next;org/weakref/nitro/operator/HashJoinOperator.next;org/weakref/nitro/operator/HashJoinOperator.produceBatch;org/weakref/nitro/operator/HashJoinOperator.produceOrdinaryBatch;org/weakref/nitro/operator/HashJoinOperator.loadNextOuterBatch;org/weakref/nitro/operator/HashJoinOperator.next;org/weakref/nitro/operator/HashJoinOperator.produceBatch;org/weakref/nitro/operator/HashJoinOperator.loadInnerIfNecessary;org/weakref/nitro/operator/BufferedJoinInput.loadAll;org/weakref/nitro/operator/Batch.close;org/weakref/nitro/operator/ProjectOperator$$Lambda.0x000000007329f020.run;org/weakref/nitro/operator/ProjectOperator.lambda$next$11;org/weakref/nitro/operator/ProjectOperator$BatchState.close;org/weakref/nitro/operator/Batch.close;org/weakref/nitro/operator/FilterOperator$BatchState.releaseMask;org/weakref/nitro/data/Allocator.release;org/weakref/nitro/data/Allocator$ContextState.releaseMask;java/lang/Integer.valueOf;java.lang.Integer_[i] 1
java/lang/Thread.run;java/lang/Thread.runWith;java/util/concurrent/ThreadPoolExecutor$Worker.run;java/util/concurrent/ThreadPoolExecutor.runWorker;java/util/concurrent/FutureTask.run;java/util/concurrent/Executors$RunnableAdapter.call;java/util/concurrent/FutureTask.run;org/openjdk/jmh/runner/BenchmarkHandler$BenchmarkTask.call;org/openjdk/jmh/runner/BenchmarkHandler$BenchmarkTask.call;java/lang/reflect/Method.invoke;jdk/internal/reflect/DirectMethodHandleAccessor.invoke;jdk/internal/reflect/DirectMethodHandleAccessor.invokeImpl;java/lang/invoke/LambdaForm$MH.0x0000000073061400.invokeExact_MT;java/lang/invoke/LambdaForm$MH.0x0000000073061000.invoke;java/lang/invoke/DirectMethodHandle$Holder.invokeSpecial;org/weakref/nitro/tpch/jmh_generated/BenchmarkQueries_query10_jmhTest.query10_AverageTime;org/weakref/nitro/tpch/jmh_generated/BenchmarkQueries_query10_jmhTest.query10_avgt_jmhStub;org/weakref/nitro/tpch/BenchmarkQueries.query10;org/weakref/nitro/tpch/BenchmarkQueries.consume;org/weakref/nitro/operator/ProjectOperator.next;org/weakref/nitro/operator/TopNOperator.next;org/weakref/nitro/operator/TopNOperator.computeTopN;org/weakref/nitro/operator/GroupedAggregationOperator.next;org/weakref/nitro/operator/GroupedAggregationOperator.computeResults;org/weakref/nitro/operator/GroupedAggregationOperator.computeInlineGroupedResults;org/weakref/nitro/operator/ProjectOperator.next;org/weakref/nitro/operator/HashJoinOperator.next;org/weakref/nitro/operator/HashJoinOperator.produceBatch;org/weakref/nitro/operator/HashJoinOperator.produceOrdinaryBatch;org/weakref/nitro/operator/HashJoinOperator.loadNextOuterBatch;org/weakref/nitro/operator/HashJoinOperator.next;org/weakref/nitro/operator/HashJoinOperator.produceBatch;org/weakref/nitro/operator/HashJoinOperator.loadInnerIfNecessary;org/weakref/nitro/operator/BufferedJoinInput.loadAll;org/weakref/nitro/operator/ProjectOperator.next;org/weakref/nitro/operator/FilterOperator.next;org/weakref/nitro/operator/evaluator/PlanEvaluator.evaluateInPlace;org/weakref/nitro/operator/evaluator/PlanEvaluator.evaluateTrueMaskInPlace;org/weakref/nitro/operator/evaluator/PlanEvaluator.tryEvaluatePrimitiveTrueMaskInPlace;org/weakref/nitro/operator/evaluator/PlanEvaluator.tryEvaluatePrimitiveMaskInPlace;org/weakref/nitro/operator/evaluator/PlanEvaluator.resolveMaskPrimitiveInvocation;org/weakref/nitro/operator/evaluator/PlanEvaluator.evaluateArgument;org/weakref/nitro/operator/FilterOperator$1.resolve;org/weakref/nitro/operator/Output.borrowOrNull;org/weakref/nitro/operator/Output.borrow;org/weakref/nitro/operator/Output.borrow;org/weakref/nitro/operator/NitroParquetScanOperator$ScanOutputResolver$$Lambda.0x00000000730aad90.apply;org/weakref/nitro/operator/NitroParquetScanOperator$ScanOutputResolver.resolve;org/weakref/nitro/operator/NitroParquetScanOperator.resolveLazyColumn;org/weakref/nitro/operator/NitroParquetScanOperator.decodeFullColumn;org/weakref/nitro/parquet/ColumnReader.readBinary;org/weakref/nitro/parquet/ColumnReader.readBinaryDirect;org/weakref/nitro/parquet/ColumnReader.decodeNextDataPage;org/weakref/nitro/parquet/ColumnReader.decodeDataPageV1;org/weakref/nitro/parquet/ColumnReader.scatterDictionaryBinaryIds;org/weakref/nitro/parquet/ColumnReader.replaceInts;org/weakref/nitro/data/PrimitiveArrayPool.borrowInts;int[]_[i] 4
java/lang/Thread.run;java/lang/Thread.runWith;java/util/concurrent/ThreadPoolExecutor$Worker.run;java/util/concurrent/ThreadPoolExecutor.runWorker;java/util/concurrent/FutureTask.run;java/util/concurrent/Executors$RunnableAdapter.call;java/util/concurrent/FutureTask.run;org/openjdk/jmh/runner/BenchmarkHandler$BenchmarkTask.call;org/openjdk/jmh/runner/BenchmarkHandler$BenchmarkTask.call;java/lang/reflect/Method.invoke;jdk/internal/reflect/DirectMethodHandleAccessor.invoke;jdk/internal/reflect/DirectMethodHandleAccessor.invokeImpl;java/lang/invoke/LambdaForm$MH.0x0000000073061400.invokeExact_MT;java/lang/invoke/LambdaForm$MH.0x0000000073061000.invoke;java/lang/invoke/DirectMethodHandle$Holder.invokeSpecial;org/weakref/nitro/tpch/jmh_generated/BenchmarkQueries_query10_jmhTest.query10_AverageTime;org/weakref/nitro/tpch/jmh_generated/BenchmarkQueries_query10_jmhTest.query10_avgt_jmhStub;org/weakref/nitro/tpch/BenchmarkQueries.query10;org/weakref/nitro/tpch/BenchmarkQueries.consume;org/weakref/nitro/operator/ProjectOperator.next;org/weakref/nitro/operator/TopNOperator.next;org/weakref/nitro/operator/TopNOperator.computeTopN;org/weakref/nitro/operator/GroupedAggregationOperator.next;org/weakref/nitro/operator/GroupedAggregationOperator.computeResults;org/weakref/nitro/operator/GroupedAggregationOperator.computeInlineGroupedResults;org/weakref/nitro/operator/GroupedAggregationOperator.accumulateGroupedRows;org/weakref/nitro/operator/aggregation/SumF64.accumulate;org/weakref/nitro/operator/aggregation/StreamAccessors$$Lambda.0x00000000732aa640.stream;org/weakref/nitro/operator/aggregation/StreamAccessors.lambda$forBatch$0;org/weakref/nitro/operator/aggregation/StreamAccessors.read;org/weakref/nitro/operator/Output.borrowOrNull;org/weakref/nitro/operator/Output.borrow;org/weakref/nitro/operator/ProjectOperator$$Lambda.0x00000000732a3ca0.apply;org/weakref/nitro/operator/ProjectOperator.lambda$next$4;org/weakref/nitro/operator/ProjectOperator.evaluateOutput;java/util/HashMap.computeIfAbsent;org/weakref/nitro/operator/ProjectOperator$$Lambda.0x00000000732aad20.apply;org/weakref/nitro/operator/ProjectOperator.lambda$evaluateOutput$0;org/weakref/nitro/operator/ProjectOperator.evaluateBundle;org/weakref/nitro/operator/ProjectOperator$BatchState.fusedResults;org/weakref/nitro/operator/Output.borrow;org/weakref/nitro/operator/HashJoinOperator$$Lambda.0x00000000732a6628.apply;org/weakref/nitro/operator/HashJoinOperator.lambda$resultOutput$3;org/weakref/nitro/operator/HashJoinOperator.materializeOutput;org/weakref/nitro/operator/HashJoinOperator.materializeOuterOutput;org/weakref/nitro/operator/HashJoinOperator.wrapOuterOutput;org/weakref/nitro/operator/Output.borrow;org/weakref/nitro/operator/HashJoinOperator$$Lambda.0x00000000732a6628.apply;org/weakref/nitro/operator/HashJoinOperator.lambda$resultOutput$3;org/weakref/nitro/operator/HashJoinOperator.materializeOutput;org/weakref/nitro/operator/HashJoinOperator.materializeInnerOutput;org/weakref/nitro/operator/HashJoinOperator.tryWrapMultiRunInnerBooleanSideStreams;org/weakref/nitro/operator/HashJoinOperator.tryWrapMultiRunInnerBooleanStream;org/weakref/nitro/data/ConcatenatedBooleanVector.<init>;java/util/Arrays.copyOf;org.weakref.nitro.data.Vector[]_[i] 8
java/lang/Thread.run;java/lang/Thread.runWith;java/util/concurrent/ThreadPoolExecutor$Worker.run;java/util/concurrent/ThreadPoolExecutor.runWorker;java/util/concurrent/FutureTask.run;java/util/concurrent/Executors$RunnableAdapter.call;java/util/concurrent/FutureTask.run;org/openjdk/jmh/runner/BenchmarkHandler$BenchmarkTask.call;org/openjdk/jmh/runner/BenchmarkHandler$BenchmarkTask.call;java/lang/reflect/Method.invoke;jdk/internal/reflect/DirectMethodHandleAccessor.invoke;jdk/internal/reflect/DirectMethodHandleAccessor.invokeImpl;java/lang/invoke/LambdaForm$MH.0x0000000073061400.invokeExact_MT;java/lang/invoke/LambdaForm$MH.0x0000000073061000.invoke;java/lang/invoke/DirectMethodHandle$Holder.invokeSpecial;org/weakref/nitro/tpch/jmh_generated/BenchmarkQueries_query10_jmhTest.query10_AverageTime;org/weakref/nitro/tpch/jmh_generated/BenchmarkQueries_query10_jmhTest.query10_avgt_jmhStub;org/weakref/nitro/tpch/BenchmarkQueries.query10;org/weakref/nitro/tpch/BenchmarkQueries.consume;org/weakref/nitro/operator/ProjectOperator.next;org/weakref/nitro/operator/TopNOperator.next;org/weakref/nitro/operator/TopNOperator.computeTopN;org/weakref/nitro/operator/GroupedAggregationOperator.next;org/weakref/nitro/operator/GroupedAggregationOperator.computeResults;org/weakref/nitro/operator/GroupedAggregationOperator.computeInlineGroupedResults;org/weakref/nitro/operator/GroupedAggregationOperator.accumulateGroupedRows;org/weakref/nitro/operator/aggregation/SumF64.accumulate;org/weakref/nitro/operator/aggregation/StreamAccessors$$Lambda.0x00000000732aa640.stream;org/weakref/nitro/operator/aggregation/StreamAccessors.lambda$forBatch$0;org/weakref/nitro/operator/aggregation/StreamAccessors.read;org/weakref/nitro/operator/Output.borrowOrNull;org/weakref/nitro/operator/Output.borrow;org/weakref/nitro/operator/ProjectOperator$$Lambda.0x00000000732a3ca0.apply;org/weakref/nitro/operator/ProjectOperator.lambda$next$4;org/weakref/nitro/operator/ProjectOperator.evaluateOutput;java/util/HashMap.computeIfAbsent;org/weakref/nitro/operator/ProjectOperator$$Lambda.0x00000000732aad20.apply;org/weakref/nitro/operator/ProjectOperator.lambda$evaluateOutput$0;org/weakref/nitro/operator/ProjectOperator.evaluateBundle;org/weakref/nitro/operator/ProjectOperator$BatchState.fusedResults;org/weakref/nitro/operator/Output.borrow;org/weakref/nitro/operator/HashJoinOperator$$Lambda.0x00000000732a6628.apply;org/weakref/nitro/operator/HashJoinOperator.lambda$resultOutput$3;org/weakref/nitro/operator/HashJoinOperator.materializeOutput;org/weakref/nitro/operator/HashJoinOperator.materializeOuterOutput;org/weakref/nitro/operator/HashJoinOperator.wrapOuterOutput;org/weakref/nitro/operator/Output.borrow;org/weakref/nitro/operator/HashJoinOperator$$Lambda.0x00000000732a6628.apply;org/weakref/nitro/operator/HashJoinOperator.lambda$resultOutput$3;org/weakref/nitro/operator/HashJoinOperator.materializeOutput;org/weakref/nitro/operator/HashJoinOperator.materializeInnerOutput;org/weakref/nitro/operator/HashJoinOperator.copyInnerPositions;org/weakref/nitro/operator/JoinBufferSupport.copyPositionsFresh;org/weakref/nitro/operator/JoinBufferSupport.copyPositions;org/weakref/nitro/operator/JoinBufferSupport.copySinglePosition;org/weakref/nitro/operator/JoinBufferSupport.copyVectorSinglePosition;org/weakref/nitro/operator/JoinBufferSupport.copyVectorSinglePosition;org/weakref/nitro/operator/JoinBufferSupport.copyDoubleSinglePosition;org/weakref/nitro/operator/JoinBufferSupport.ensureDoubleCapacity;org/weakref/nitro/data/Allocator.allocate;org/weakref/nitro/operator/JoinBufferSupport$$Lambda.0x000000007329f478.apply;org/weakref/nitro/data/F64Vector.<init>;double[]_[i] 6
java/lang/Thread.run;java/lang/Thread.runWith;java/util/concurrent/ThreadPoolExecutor$Worker.run;java/util/concurrent/ThreadPoolExecutor.runWorker;java/util/concurrent/FutureTask.run;java/util/concurrent/Executors$RunnableAdapter.call;java/util/concurrent/FutureTask.run;org/openjdk/jmh/runner/BenchmarkHandler$BenchmarkTask.call;org/openjdk/jmh/runner/BenchmarkHandler$BenchmarkTask.call;java/lang/reflect/Method.invoke;jdk/internal/reflect/DirectMethodHandleAccessor.invoke;jdk/internal/reflect/DirectMethodHandleAccessor.invokeImpl;java/lang/invoke/LambdaForm$MH.0x0000000073061400.invokeExact_MT;java/lang/invoke/LambdaForm$MH.0x0000000073061000.invoke;java/lang/invoke/DirectMethodHandle$Holder.invokeSpecial;org/weakref/nitro/tpch/jmh_generated/BenchmarkQueries_query10_jmhTest.query10_AverageTime;org/weakref/nitro/tpch/jmh_generated/BenchmarkQueries_query10_jmhTest.query10_avgt_jmhStub;org/weakref/nitro/tpch/BenchmarkQueries.query10;org/weakref/nitro/tpch/BenchmarkQueries.consume;org/weakref/nitro/operator/ProjectOperator.next;org/weakref/nitro/operator/TopNOperator.next;org/weakref/nitro/operator/TopNOperator.computeTopN;org/weakref/nitro/operator/GroupedAggregationOperator.next;org/weakref/nitro/operator/GroupedAggregationOperator.computeResults;org/weakref/nitro/operator/GroupedAggregationOperator.computeInlineGroupedResults;org/weakref/nitro/operator/ProjectOperator.next;org/weakref/nitro/operator/HashJoinOperator.next;org/weakref/nitro/operator/HashJoinOperator.produceBatch;org/weakref/nitro/operator/HashJoinOperator.produceOrdinaryBatch;org/weakref/nitro/operator/HashJoinOperator.loadNextOuterBatch;org/weakref/nitro/operator/HashJoinOperator.cacheOuterJoinInputs;org/weakref/nitro/operator/Output.borrow;org/weakref/nitro/operator/HashJoinOperator$$Lambda.0x00000000732a6628.apply;org/weakref/nitro/operator/HashJoinOperator.lambda$resultOutput$3;org/weakref/nitro/operator/HashJoinOperator.materializeOutput;org/weakref/nitro/operator/HashJoinOperator.materializeOuterOutput;org/weakref/nitro/operator/HashJoinOperator.wrapOuterOutput;org/weakref/nitro/operator/Output.borrow;org/weakref/nitro/operator/HashJoinOperator$$Lambda.0x00000000732a6628.apply;org/weakref/nitro/operator/HashJoinOperator.lambda$resultOutput$3;org/weakref/nitro/operator/HashJoinOperator.materializeOutput;org/weakref/nitro/operator/HashJoinOperator.materializeOuterOutput;org/weakref/nitro/operator/HashJoinOperator.wrapOuterOutput;org/weakref/nitro/operator/Output.borrow;org/weakref/nitro/operator/NitroParquetScanOperator$ScanOutputResolver$$Lambda.0x00000000730aad90.apply;org/weakref/nitro/operator/NitroParquetScanOperator$ScanOutputResolver.resolve;org/weakref/nitro/operator/NitroParquetScanOperator.resolveLazyColumn;org/weakref/nitro/operator/NitroParquetScanOperator.decodeFullColumn;org/weakref/nitro/parquet/ColumnReader.readLongs;org/weakref/nitro/parquet/ColumnReader.decodeNextDataPage;org/weakref/nitro/parquet/ColumnReader.decodeDataPageV1;org/weakref/nitro/parquet/ColumnReader.ensurePageCapacity;org/weakref/nitro/parquet/ColumnReader.ensurePageNullCapacity;org/weakref/nitro/parquet/ColumnReader.replaceBooleans;org/weakref/nitro/data/PrimitiveArrayPool.borrowBooleans;boolean[]_[i] 1
java/lang/Thread.run;java/lang/Thread.runWith;java/util/concurrent/ThreadPoolExecutor$Worker.run;java/util/concurrent/ThreadPoolExecutor.runWorker;java/util/concurrent/FutureTask.run;java/util/concurrent/Executors$RunnableAdapter.call;java/util/concurrent/FutureTask.run;org/openjdk/jmh/runner/BenchmarkHandler$BenchmarkTask.call;org/openjdk/jmh/runner/BenchmarkHandler$BenchmarkTask.call;java/lang/reflect/Method.invoke;jdk/internal/reflect/DirectMethodHandleAccessor.invoke;jdk/internal/reflect/DirectMethodHandleAccessor.invokeImpl;java/lang/invoke/LambdaForm$MH.0x0000000073061400.invokeExact_MT;java/lang/invoke/LambdaForm$MH.0x0000000073061000.invoke;java/lang/invoke/DirectMethodHandle$Holder.invokeSpecial;org/weakref/nitro/tpch/jmh_generated/BenchmarkQueries_query10_jmhTest.query10_AverageTime;org/weakref/nitro/tpch/jmh_generated/BenchmarkQueries_query10_jmhTest.query10_avgt_jmhStub;org/weakref/nitro/tpch/BenchmarkQueries.query10;org/weakref/nitro/tpch/BenchmarkQueries.consume;org/weakref/nitro/operator/ProjectOperator.next;org/weakref/nitro/operator/TopNOperator.next;org/weakref/nitro/operator/TopNOperator.computeTopN;org/weakref/nitro/operator/GroupedAggregationOperator.next;org/weakref/nitro/operator/GroupedAggregationOperator.computeResults;org/weakref/nitro/operator/GroupedAggregationOperator.computeInlineGroupedResults;org/weakref/nitro/operator/ProjectOperator.next;org/weakref/nitro/operator/HashJoinOperator.next;org/weakref/nitro/operator/HashJoinOperator.produceBatch;org/weakref/nitro/operator/HashJoinOperator.produceOrdinaryBatch;org/weakref/nitro/operator/HashJoinOperator.loadNextOuterBatch;org/weakref/nitro/operator/HashJoinOperator.next;org/weakref/nitro/operator/HashJoinOperator.produceBatch;org/weakref/nitro/operator/HashJoinOperator.loadInnerIfNecessary;org/weakref/nitro/operator/BufferedJoinInput.loadAll;org/weakref/nitro/operator/ProjectOperator.next;org/weakref/nitro/operator/Output.forward;org.weakref.nitro.operator.Output_[i] 2
java/lang/Thread.run;java/lang/Thread.runWith;java/util/concurrent/ThreadPoolExecutor$Worker.run;java/util/concurrent/ThreadPoolExecutor.runWorker;java/util/concurrent/FutureTask.run;java/util/concurrent/Executors$RunnableAdapter.call;java/util/concurrent/FutureTask.run;org/openjdk/jmh/runner/BenchmarkHandler$BenchmarkTask.call;org/openjdk/jmh/runner/BenchmarkHandler$BenchmarkTask.call;java/lang/reflect/Method.invoke;jdk/internal/reflect/DirectMethodHandleAccessor.invoke;jdk/internal/reflect/DirectMethodHandleAccessor.invokeImpl;java/lang/invoke/LambdaForm$MH.0x0000000073061400.invokeExact_MT;java/lang/invoke/LambdaForm$MH.0x0000000073061000.invoke;java/lang/invoke/DirectMethodHandle$Holder.invokeSpecial;org/weakref/nitro/tpch/jmh_generated/BenchmarkQueries_query10_jmhTest.query10_AverageTime;org/weakref/nitro/tpch/jmh_generated/BenchmarkQueries_query10_jmhTest.query10_avgt_jmhStub;org/weakref/nitro/tpch/BenchmarkQueries.query10;org/weakref/nitro/tpch/BenchmarkQueries.consume;org/weakref/nitro/operator/ProjectOperator.next;org/weakref/nitro/operator/TopNOperator.next;org/weakref/nitro/operator/TopNOperator.computeTopN;org/weakref/nitro/operator/GroupedAggregationOperator.next;org/weakref/nitro/operator/GroupedAggregationOperator.computeResults;org/weakref/nitro/operator/GroupedAggregationOperator.computeInlineGroupedResults;org/weakref/nitro/operator/ProjectOperator.next;org/weakref/nitro/operator/HashJoinOperator.next;org/weakref/nitro/operator/HashJoinOperator.produceBatch;org/weakref/nitro/operator/HashJoinOperator.produceOrdinaryBatch;org/weakref/nitro/operator/HashJoinOperator.loadNextOuterBatch;org/weakref/nitro/operator/HashJoinOperator.next;org/weakref/nitro/operator/HashJoinOperator.produceBatch;org/weakref/nitro/operator/HashJoinOperator.loadInnerIfNecessary;org/weakref/nitro/operator/HashJoinOperator.indexInnerRows;org/weakref/nitro/operator/HashJoinOperator.createJoinIndex;org/weakref/nitro/operator/HashJoinOperator$LongJoinIndex.<init>;org/weakref/nitro/data/PrimitiveArrayPool.borrowInts;int[]_[i] 1
java/lang/Thread.run;java/lang/Thread.runWith;java/util/concurrent/ThreadPoolExecutor$Worker.run;java/util/concurrent/ThreadPoolExecutor.runWorker;java/util/concurrent/FutureTask.run;java/util/concurrent/Executors$RunnableAdapter.call;java/util/concurrent/FutureTask.run;org/openjdk/jmh/runner/BenchmarkHandler$BenchmarkTask.call;org/openjdk/jmh/runner/BenchmarkHandler$BenchmarkTask.call;java/lang/reflect/Method.invoke;jdk/internal/reflect/DirectMethodHandleAccessor.invoke;jdk/internal/reflect/DirectMethodHandleAccessor.invokeImpl;java/lang/invoke/LambdaForm$MH.0x0000000073061400.invokeExact_MT;java/lang/invoke/LambdaForm$MH.0x0000000073061000.invoke;java/lang/invoke/DirectMethodHandle$Holder.invokeSpecial;org/weakref/nitro/tpch/jmh_generated/BenchmarkQueries_query10_jmhTest.query10_AverageTime;org/weakref/nitro/tpch/jmh_generated/BenchmarkQueries_query10_jmhTest.query10_avgt_jmhStub;org/weakref/nitro/tpch/BenchmarkQueries.query10;org/weakref/nitro/tpch/BenchmarkQueries.consume;org/weakref/nitro/operator/Output.borrow;org/weakref/nitro/operator/Output.resolveMasked;org/weakref/nitro/operator/Output$$Lambda.0x000000007329e4f8.resolve;org/weakref/nitro/operator/Output.borrowMaybeMasked;org/weakref/nitro/operator/Output.borrow;org/weakref/nitro/operator/TopNOperator$$Lambda.0x00000000732b1f78.apply;org/weakref/nitro/operator/TopNOperator.lambda$next$0;org/weakref/nitro/operator/TopNState.output;org/weakref/nitro/operator/TopNState.ensurePendingOutputMaterialized;org/weakref/nitro/operator/JoinBufferSupport.copyPosition;org/weakref/nitro/operator/JoinBufferSupport.copySinglePosition;org/weakref/nitro/operator/JoinBufferSupport.copySinglePosition;org/weakref/nitro/operator/Output.borrow;org/weakref/nitro/operator/GroupedAggregationOperator$$Lambda.0x00000000732ae800.apply;org/weakref/nitro/operator/GroupedAggregationOperator.lambda$resultOutput$0;org/weakref/nitro/operator/GroupedAggregationOperator.groupedKeyOutput;org/weakref/nitro/operator/GroupingState.groupedValues;org/weakref/nitro/operator/FlatGroupingTable.groupedValues;org/weakref/nitro/operator/FlatTypeHandlers$3.materializeValues;org/weakref/nitro/data/Allocator.allocateOrGrow;org/weakref/nitro/data/Allocator.allocate;org/weakref/nitro/operator/FlatTypeHandlers$3$$Lambda.0x00000000732b4920.apply;org/weakref/nitro/data/F64Vector.<init>;double[]_[i] 1
java/lang/Thread.run;java/lang/Thread.runWith;java/util/concurrent/ThreadPoolExecutor$Worker.run;java/util/concurrent/ThreadPoolExecutor.runWorker;java/util/concurrent/FutureTask.run;java/util/concurrent/Executors$RunnableAdapter.call;java/util/concurrent/FutureTask.run;org/openjdk/jmh/runner/BenchmarkHandler$BenchmarkTask.call;org/openjdk/jmh/runner/BenchmarkHandler$BenchmarkTask.call;java/lang/reflect/Method.invoke;jdk/internal/reflect/DirectMethodHandleAccessor.invoke;jdk/internal/reflect/DirectMethodHandleAccessor.invokeImpl;java/lang/invoke/LambdaForm$MH.0x0000000073061400.invokeExact_MT;java/lang/invoke/LambdaForm$MH.0x0000000073061000.invoke;java/lang/invoke/DirectMethodHandle$Holder.invokeSpecial;org/weakref/nitro/tpch/jmh_generated/BenchmarkQueries_query10_jmhTest.query10_AverageTime;org/weakref/nitro/tpch/jmh_generated/BenchmarkQueries_query10_jmhTest.query10_avgt_jmhStub;org/weakref/nitro/tpch/BenchmarkQueries.query10;org/weakref/nitro/tpch/BenchmarkQueries.consume;org/weakref/nitro/operator/ProjectOperator.next;org/weakref/nitro/operator/TopNOperator.next;org/weakref/nitro/operator/TopNOperator.computeTopN;org/weakref/nitro/operator/GroupedAggregationOperator.next;org/weakref/nitro/operator/GroupedAggregationOperator.computeResults;org/weakref/nitro/operator/GroupedAggregationOperator.computeInlineGroupedResults;org/weakref/nitro/operator/ProjectOperator.next;org/weakref/nitro/operator/HashJoinOperator.next;org/weakref/nitro/operator/HashJoinOperator.produceBatch;org/weakref/nitro/operator/HashJoinOperator.produceOrdinaryBatch;org/weakref/nitro/operator/HashJoinOperator.loadNextOuterBatch;org/weakref/nitro/operator/HashJoinOperator.next;org/weakref/nitro/operator/HashJoinOperator.produceBatch;org/weakref/nitro/operator/HashJoinOperator.loadInnerIfNecessary;org/weakref/nitro/operator/BufferedJoinInput.loadAll;org/weakref/nitro/operator/Batch.close;org/weakref/nitro/operator/ProjectOperator$$Lambda.0x000000007329f020.run;org/weakref/nitro/operator/ProjectOperator.lambda$next$11;org/weakref/nitro/operator/ProjectOperator$BatchState.close;org/weakref/nitro/operator/Batch.close;org/weakref/nitro/operator/FilterOperator$BatchState.close;org/weakref/nitro/operator/Batch.close;org/weakref/nitro/operator/Output.close;org/weakref/nitro/operator/Output.release;org/weakref/nitro/operator/BatchBufferOwner.accept;org/weakref/nitro/operator/BatchBufferOwner.accept;org/weakref/nitro/operator/NitroParquetScanOperator$ScanOutputResolver.release;org/weakref/nitro/operator/BatchBufferScope.release;org/weakref/nitro/data/Allocator.release;org/weakref/nitro/data/Allocator.releaseVectorTree;org/weakref/nitro/data/Allocator.releaseVector;org/weakref/nitro/data/Allocator$ContextState.releaseVector;org/weakref/nitro/data/Allocator$ContextState.addVectorToPool;java/util/TreeMap.computeIfAbsent;java/util/TreeMap.callMappingFunctionWithCheck;org/weakref/nitro/data/Allocator$ContextState$$Lambda.0x000000007328ea90.apply;org/weakref/nitro/data/Allocator$ContextState.lambda$addVectorToPool$1;java.util.ArrayDeque_[i] 1
java/lang/Thread.run;java/lang/Thread.runWith;java/util/concurrent/ThreadPoolExecutor$Worker.run;java/util/concurrent/ThreadPoolExecutor.runWorker;java/util/concurrent/FutureTask.run;java/util/concurrent/Executors$RunnableAdapter.call;java/util/concurrent/FutureTask.run;org/openjdk/jmh/runner/BenchmarkHandler$BenchmarkTask.call;org/openjdk/jmh/runner/BenchmarkHandler$BenchmarkTask.call;java/lang/reflect/Method.invoke;jdk/internal/reflect/DirectMethodHandleAccessor.invoke;jdk/internal/reflect/DirectMethodHandleAccessor.invokeImpl;java/lang/invoke/LambdaForm$MH.0x0000000073061400.invokeExact_MT;java/lang/invoke/LambdaForm$MH.0x0000000073061000.invoke;java/lang/invoke/DirectMethodHandle$Holder.invokeSpecial;org/weakref/nitro/tpch/jmh_generated/BenchmarkQueries_query10_jmhTest.query10_AverageTime;org/weakref/nitro/tpch/jmh_generated/BenchmarkQueries_query10_jmhTest.query10_avgt_jmhStub;org/weakref/nitro/tpch/BenchmarkQueries.query10;org/weakref/nitro/tpch/BenchmarkQueries.consume;org/weakref/nitro/operator/ProjectOperator.next;org/weakref/nitro/operator/TopNOperator.next;org/weakref/nitro/operator/TopNOperator.computeTopN;org/weakref/nitro/operator/GroupedAggregationOperator.next;org/weakref/nitro/operator/GroupedAggregationOperator.computeResults;org/weakref/nitro/operator/GroupedAggregationOperator.computeInlineGroupedResults;org/weakref/nitro/operator/GroupedAggregationOperator.accumulateGroupedRows;org/weakref/nitro/operator/aggregation/SumF64.accumulate;org/weakref/nitro/operator/aggregation/StreamAccessors$$Lambda.0x00000000732aa640.stream;org/weakref/nitro/operator/aggregation/StreamAccessors.lambda$forBatch$0;org/weakref/nitro/operator/aggregation/StreamAccessors.read;org/weakref/nitro/operator/Output.borrowOrNull;org/weakref/nitro/operator/Output.borrow;org/weakref/nitro/operator/ProjectOperator$$Lambda.0x00000000732a3ca0.apply;org/weakref/nitro/operator/ProjectOperator.lambda$next$4;org/weakref/nitro/operator/ProjectOperator.evaluateOutput;java/util/HashMap.computeIfAbsent;org/weakref/nitro/operator/ProjectOperator$$Lambda.0x00000000732aad20.apply;org/weakref/nitro/operator/ProjectOperator.lambda$evaluateOutput$0;org/weakref/nitro/operator/ProjectOperator.evaluateBundle;org/weakref/nitro/operator/ProjectOperator$BatchState.fusedResults;org/weakref/nitro/operator/Output.borrow;org/weakref/nitro/operator/HashJoinOperator$$Lambda.0x00000000732a6628.apply;org/weakref/nitro/operator/HashJoinOperator.lambda$resultOutput$3;org/weakref/nitro/operator/HashJoinOperator.materializeOutput;org/weakref/nitro/operator/HashJoinOperator.materializeOuterOutput;org/weakref/nitro/operator/HashJoinOperator.wrapOuterOutput;org/weakref/nitro/operator/Output.borrow;org/weakref/nitro/operator/HashJoinOperator$$Lambda.0x00000000732a6628.apply;org/weakref/nitro/operator/HashJoinOperator.lambda$resultOutput$3;org/weakref/nitro/operator/HashJoinOperator.materializeOutput;org/weakref/nitro/operator/HashJoinOperator.materializeInnerOutput;org/weakref/nitro/operator/HashJoinOperator.tryWrapMultiRunInnerBooleanSideStreams;org/weakref/nitro/operator/HashJoinOperator.tryWrapMultiRunInnerBooleanStream;org/weakref/nitro/data/ConcatenatedBooleanVector.<init>;int[]_[i] 9
java/lang/Thread.run;java/lang/Thread.runWith;java/util/concurrent/ThreadPoolExecutor$Worker.run;java/util/concurrent/ThreadPoolExecutor.runWorker;java/util/concurrent/FutureTask.run;java/util/concurrent/Executors$RunnableAdapter.call;java/util/concurrent/FutureTask.run;org/openjdk/jmh/runner/BenchmarkHandler$BenchmarkTask.call;org/openjdk/jmh/runner/BenchmarkHandler$BenchmarkTask.call;java/lang/reflect/Method.invoke;jdk/internal/reflect/DirectMethodHandleAccessor.invoke;jdk/internal/reflect/DirectMethodHandleAccessor.invokeImpl;java/lang/invoke/LambdaForm$MH.0x0000000073061400.invokeExact_MT;java/lang/invoke/LambdaForm$MH.0x0000000073061000.invoke;java/lang/invoke/DirectMethodHandle$Holder.invokeSpecial;org/weakref/nitro/tpch/jmh_generated/BenchmarkQueries_query10_jmhTest.query10_AverageTime;org/weakref/nitro/tpch/jmh_generated/BenchmarkQueries_query10_jmhTest.query10_avgt_jmhStub;org/weakref/nitro/tpch/BenchmarkQueries.query10;org/weakref/nitro/tpch/BenchmarkQueries.consume;org/weakref/nitro/operator/ProjectOperator.next;org/weakref/nitro/operator/TopNOperator.next;org/weakref/nitro/operator/TopNOperator.computeTopN;org/weakref/nitro/operator/GroupedAggregationOperator.next;org/weakref/nitro/operator/GroupedAggregationOperator.computeResults;org/weakref/nitro/operator/GroupedAggregationOperator.computeInlineGroupedResults;org/weakref/nitro/operator/ProjectOperator.next;org/weakref/nitro/operator/HashJoinOperator.next;org/weakref/nitro/operator/HashJoinOperator.produceBatch;org/weakref/nitro/operator/HashJoinOperator.produceOrdinaryBatch;org/weakref/nitro/operator/HashJoinOperator.loadNextOuterBatch;org/weakref/nitro/operator/HashJoinOperator.next;org/weakref/nitro/operator/HashJoinOperator.produceBatch;org/weakref/nitro/operator/HashJoinOperator.produceOrdinaryBatch;org/weakref/nitro/operator/HashJoinOperator.loadNextOuterBatch;org/weakref/nitro/operator/HashJoinOperator.next;org/weakref/nitro/operator/HashJoinOperator.produceBatch;org/weakref/nitro/operator/HashJoinOperator.loadInnerIfNecessary;org/weakref/nitro/operator/BufferedJoinInput.loadAll;org/weakref/nitro/operator/BufferedJoinInput.coalesceSmallBatches;org/weakref/nitro/operator/JoinBufferSupport.copyPositions;org/weakref/nitro/operator/JoinBufferSupport.copyPositions;org/weakref/nitro/operator/JoinBufferSupport.copyVectorPositions;org/weakref/nitro/operator/JoinBufferSupport.copyLongPositions;org/weakref/nitro/operator/JoinBufferSupport.ensureLongCapacity;org/weakref/nitro/data/Allocator.allocate;org/weakref/nitro/operator/JoinBufferSupport$$Lambda.0x000000007328d840.apply;org/weakref/nitro/data/I64Vector.<init>;long[]_[i] 2
java/lang/Thread.run;java/lang/Thread.runWith;java/util/concurrent/ThreadPoolExecutor$Worker.run;java/util/concurrent/ThreadPoolExecutor.runWorker;java/util/concurrent/FutureTask.run;java/util/concurrent/Executors$RunnableAdapter.call;java/util/concurrent/FutureTask.run;org/openjdk/jmh/runner/BenchmarkHandler$BenchmarkTask.call;org/openjdk/jmh/runner/BenchmarkHandler$BenchmarkTask.call;java/lang/reflect/Method.invoke;jdk/internal/reflect/DirectMethodHandleAccessor.invoke;jdk/internal/reflect/DirectMethodHandleAccessor.invokeImpl;java/lang/invoke/LambdaForm$MH.0x0000000073061400.invokeExact_MT;java/lang/invoke/LambdaForm$MH.0x0000000073061000.invoke;java/lang/invoke/DirectMethodHandle$Holder.invokeSpecial;org/weakref/nitro/tpch/jmh_generated/BenchmarkQueries_query10_jmhTest.query10_AverageTime;org/weakref/nitro/tpch/jmh_generated/BenchmarkQueries_query10_jmhTest.query10_avgt_jmhStub;org/weakref/nitro/tpch/BenchmarkQueries.query10;org/weakref/nitro/tpch/BenchmarkQueries.consume;org/weakref/nitro/operator/ProjectOperator.next;org/weakref/nitro/operator/TopNOperator.next;org/weakref/nitro/operator/TopNOperator.computeTopN;org/weakref/nitro/operator/GroupedAggregationOperator.next;org/weakref/nitro/operator/GroupedAggregationOperator.computeResults;org/weakref/nitro/operator/GroupedAggregationOperator.computeInlineGroupedResults;org/weakref/nitro/operator/ProjectOperator.next;org/weakref/nitro/operator/HashJoinOperator.next;org/weakref/nitro/operator/HashJoinOperator.produceBatch;org/weakref/nitro/operator/HashJoinOperator.produceOrdinaryBatch;org/weakref/nitro/operator/HashJoinOperator.loadNextOuterBatch;org/weakref/nitro/operator/HashJoinOperator.next;org/weakref/nitro/operator/HashJoinOperator.produceBatch;org/weakref/nitro/operator/HashJoinOperator.produceOrdinaryBatch;org/weakref/nitro/operator/HashJoinOperator.loadNextOuterBatch;org/weakref/nitro/operator/HashJoinOperator.next;org/weakref/nitro/operator/HashJoinOperator.produceBatch;org/weakref/nitro/operator/HashJoinOperator.loadInnerIfNecessary;org/weakref/nitro/operator/HashJoinOperator.indexInnerRows;org/weakref/nitro/operator/HashJoinOperator.createJoinIndex;org/weakref/nitro/operator/HashJoinOperator$LongJoinIndex.<init>;org/weakref/nitro/data/PrimitiveArrayPool.borrowLongs;long[]_[i] 1
java/lang/Thread.run;java/lang/Thread.runWith;java/util/concurrent/ThreadPoolExecutor$Worker.run;java/util/concurrent/ThreadPoolExecutor.runWorker;java/util/concurrent/FutureTask.run;java/util/concurrent/Executors$RunnableAdapter.call;java/util/concurrent/FutureTask.run;org/openjdk/jmh/runner/BenchmarkHandler$BenchmarkTask.call;org/openjdk/jmh/runner/BenchmarkHandler$BenchmarkTask.call;java/lang/reflect/Method.invoke;jdk/internal/reflect/DirectMethodHandleAccessor.invoke;jdk/internal/reflect/DirectMethodHandleAccessor.invokeImpl;java/lang/invoke/LambdaForm$MH.0x0000000073061400.invokeExact_MT;java/lang/invoke/LambdaForm$MH.0x0000000073061000.invoke;java/lang/invoke/DirectMethodHandle$Holder.invokeSpecial;org/weakref/nitro/tpch/jmh_generated/BenchmarkQueries_query10_jmhTest.query10_AverageTime;org/weakref/nitro/tpch/jmh_generated/BenchmarkQueries_query10_jmhTest.query10_avgt_jmhStub;org/weakref/nitro/tpch/BenchmarkQueries.query10;org/weakref/nitro/tpch/BenchmarkQueries.consume;org/weakref/nitro/operator/ProjectOperator.next;org/weakref/nitro/operator/TopNOperator.next;org/weakref/nitro/operator/TopNOperator.computeTopN;org/weakref/nitro/operator/GroupedAggregationOperator.next;org/weakref/nitro/operator/GroupedAggregationOperator.computeResults;org/weakref/nitro/operator/GroupedAggregationOperator.computeInlineGroupedResults;org/weakref/nitro/operator/ProjectOperator.next;org/weakref/nitro/operator/HashJoinOperator.next;org/weakref/nitro/operator/HashJoinOperator.produceBatch;org/weakref/nitro/operator/HashJoinOperator.produceOrdinaryBatch;org/weakref/nitro/operator/HashJoinOperator.loadNextOuterBatch;org/weakref/nitro/operator/HashJoinOperator.next;org/weakref/nitro/operator/HashJoinOperator.produceBatch;org/weakref/nitro/operator/HashJoinOperator.loadInnerIfNecessary;org/weakref/nitro/operator/BufferedJoinInput.loadAll;org/weakref/nitro/operator/JoinBufferSupport.copyAndCompact;org/weakref/nitro/operator/Output.borrow;org/weakref/nitro/operator/Output.resolveMasked;org/weakref/nitro/operator/Output$$Lambda.0x000000007329e4f8.resolve;org/weakref/nitro/operator/Output.borrowMaybeMasked;org/weakref/nitro/operator/Output.borrow;org/weakref/nitro/operator/NitroParquetScanOperator$ScanOutputResolver$$Lambda.0x00000000730aad90.apply;org/weakref/nitro/operator/NitroParquetScanOperator$ScanOutputResolver.resolve;org/weakref/nitro/operator/NitroParquetScanOperator.resolveLazyColumn;org/weakref/nitro/operator/NitroParquetScanOperator.decodeFullColumn;org/weakref/nitro/parquet/ColumnReader.readLongs;org/weakref/nitro/parquet/ColumnReader.decodeNextDataPage;org/weakref/nitro/parquet/ColumnReader.decodeDataPageV1;org/weakref/nitro/parquet/ColumnReader.ensurePageCapacity;org/weakref/nitro/parquet/ColumnReader.ensurePageNullCapacity;org/weakref/nitro/parquet/ColumnReader.replaceBooleans;org/weakref/nitro/data/PrimitiveArrayPool.borrowBooleans;boolean[]_[i] 1
java/lang/Thread.run;java/lang/Thread.runWith;java/util/concurrent/ThreadPoolExecutor$Worker.run;java/util/concurrent/ThreadPoolExecutor.runWorker;java/util/concurrent/FutureTask.run;java/util/concurrent/Executors$RunnableAdapter.call;java/util/concurrent/FutureTask.run;org/openjdk/jmh/runner/BenchmarkHandler$BenchmarkTask.call;org/openjdk/jmh/runner/BenchmarkHandler$BenchmarkTask.call;java/lang/reflect/Method.invoke;jdk/internal/reflect/DirectMethodHandleAccessor.invoke;jdk/internal/reflect/DirectMethodHandleAccessor.invokeImpl;java/lang/invoke/LambdaForm$MH.0x0000000073061400.invokeExact_MT;java/lang/invoke/LambdaForm$MH.0x0000000073061000.invoke;java/lang/invoke/DirectMethodHandle$Holder.invokeSpecial;org/weakref/nitro/tpch/jmh_generated/BenchmarkQueries_query10_jmhTest.query10_AverageTime;org/weakref/nitro/tpch/jmh_generated/BenchmarkQueries_query10_jmhTest.query10_avgt_jmhStub;org/weakref/nitro/tpch/BenchmarkQueries.query10;org/weakref/nitro/tpch/BenchmarkQueries.consume;org/weakref/nitro/operator/ProjectOperator.next;org/weakref/nitro/operator/TopNOperator.next;org/weakref/nitro/operator/TopNOperator.computeTopN;org/weakref/nitro/operator/GroupedAggregationOperator.next;org/weakref/nitro/operator/GroupedAggregationOperator.computeResults;org/weakref/nitro/operator/GroupedAggregationOperator.computeInlineGroupedResults;org/weakref/nitro/operator/ProjectOperator.next;org/weakref/nitro/operator/HashJoinOperator.next;org/weakref/nitro/operator/HashJoinOperator.produceBatch;org/weakref/nitro/operator/HashJoinOperator.produceOrdinaryBatch;org/weakref/nitro/operator/HashJoinOperator.loadNextOuterBatch;org/weakref/nitro/operator/HashJoinOperator.next;org/weakref/nitro/operator/HashJoinOperator.produceBatch;org/weakref/nitro/operator/HashJoinOperator.loadInnerIfNecessary;org/weakref/nitro/operator/BufferedJoinInput.loadAll;org/weakref/nitro/operator/ProjectOperator.next;org/weakref/nitro/operator/FilterOperator.next;org/weakref/nitro/operator/evaluator/PlanEvaluator.evaluateInPlace;org/weakref/nitro/operator/evaluator/PlanEvaluator.evaluateTrueMaskInPlace;org/weakref/nitro/operator/evaluator/PlanEvaluator.tryEvaluatePrimitiveTrueMaskInPlace;org/weakref/nitro/operator/evaluator/PlanEvaluator.tryEvaluatePrimitiveMaskInPlace;org/weakref/nitro/operator/evaluator/PlanEvaluator.resolveMaskPrimitiveInvocation;org/weakref/nitro/operator/evaluator/PlanEvaluator.evaluateArgument;org/weakref/nitro/operator/evaluator/PlanEvaluator.evaluateAvailableReference;org/weakref/nitro/operator/evaluator/PlanEvaluator.evaluate;org/weakref/nitro/operator/evaluator/PlanEvaluator.evaluateUnmemoized;org/weakref/nitro/operator/evaluator/PlanEvaluator.evaluateVariable;org/weakref/nitro/operator/evaluator/PlanEvaluator.evaluateLiteral;org/weakref/nitro/operator/evaluator/PlanEvaluator.fillUtf8;org/weakref/nitro/data/BinaryVector.addTrait;java/util/LinkedHashSet.<init>;java/util/AbstractCollection.addAll;java/util/HashSet.add;java/util/HashMap.put;java/util/HashMap.putVal;java/util/LinkedHashMap.newNode;java.util.LinkedHashMap$Entry_[i] 1
java/lang/Thread.run;java/lang/Thread.runWith;java/util/concurrent/ThreadPoolExecutor$Worker.run;java/util/concurrent/ThreadPoolExecutor.runWorker;java/util/concurrent/FutureTask.run;java/util/concurrent/Executors$RunnableAdapter.call;java/util/concurrent/FutureTask.run;org/openjdk/jmh/runner/BenchmarkHandler$BenchmarkTask.call;org/openjdk/jmh/runner/BenchmarkHandler$BenchmarkTask.call;java/lang/reflect/Method.invoke;jdk/internal/reflect/DirectMethodHandleAccessor.invoke;jdk/internal/reflect/DirectMethodHandleAccessor.invokeImpl;java/lang/invoke/LambdaForm$MH.0x0000000073061400.invokeExact_MT;java/lang/invoke/LambdaForm$MH.0x0000000073061000.invoke;java/lang/invoke/DirectMethodHandle$Holder.invokeSpecial;org/weakref/nitro/tpch/jmh_generated/BenchmarkQueries_query10_jmhTest.query10_AverageTime;org/weakref/nitro/tpch/jmh_generated/BenchmarkQueries_query10_jmhTest.query10_avgt_jmhStub;org/weakref/nitro/tpch/BenchmarkQueries.query10;org/weakref/nitro/tpch/BenchmarkQueries.consume;org/weakref/nitro/operator/ProjectOperator.next;org/weakref/nitro/operator/TopNOperator.next;org/weakref/nitro/operator/TopNOperator.computeTopN;org/weakref/nitro/operator/GroupedAggregationOperator.next;org/weakref/nitro/operator/GroupedAggregationOperator.computeResults;org/weakref/nitro/operator/GroupedAggregationOperator.computeInlineGroupedResults;org/weakref/nitro/operator/GroupedAggregationOperator.assignInlineGroups;org/weakref/nitro/operator/GroupingState.assignGroups;org/weakref/nitro/operator/GroupingState.assignGroups;org/weakref/nitro/operator/GroupingState.assignFlatGroups;org/weakref/nitro/operator/FlatGroupingTable.beginBatch;org/weakref/nitro/operator/FlatKeyLayout.beginBatch;org/weakref/nitro/operator/FlatKeyLayout.borrowInts;int[]_[i] 2
java/lang/Thread.run;java/lang/Thread.runWith;java/util/concurrent/ThreadPoolExecutor$Worker.run;java/util/concurrent/ThreadPoolExecutor.runWorker;java/util/concurrent/FutureTask.run;java/util/concurrent/Executors$RunnableAdapter.call;java/util/concurrent/FutureTask.run;org/openjdk/jmh/runner/BenchmarkHandler$BenchmarkTask.call;org/openjdk/jmh/runner/BenchmarkHandler$BenchmarkTask.call;java/lang/reflect/Method.invoke;jdk/internal/reflect/DirectMethodHandleAccessor.invoke;jdk/internal/reflect/DirectMethodHandleAccessor.invokeImpl;java/lang/invoke/LambdaForm$MH.0x0000000073061400.invokeExact_MT;java/lang/invoke/LambdaForm$MH.0x0000000073061000.invoke;java/lang/invoke/DirectMethodHandle$Holder.invokeSpecial;org/weakref/nitro/tpch/jmh_generated/BenchmarkQueries_query10_jmhTest.query10_AverageTime;org/weakref/nitro/tpch/jmh_generated/BenchmarkQueries_query10_jmhTest.query10_avgt_jmhStub;org/weakref/nitro/tpch/BenchmarkQueries.query10;org/weakref/nitro/tpch/BenchmarkQueries.consume;org/weakref/nitro/operator/ProjectOperator.next;org/weakref/nitro/operator/TopNOperator.next;org/weakref/nitro/operator/TopNOperator.computeTopN;org/weakref/nitro/operator/GroupedAggregationOperator.next;org/weakref/nitro/operator/GroupedAggregationOperator.computeResults;org/weakref/nitro/operator/GroupedAggregationOperator.computeInlineGroupedResults;org/weakref/nitro/operator/ProjectOperator.next;org/weakref/nitro/operator/HashJoinOperator.next;org/weakref/nitro/operator/HashJoinOperator.resultOutput;org.weakref.nitro.operator.Output_[i] 1
java/lang/Thread.run;java/lang/Thread.runWith;java/util/concurrent/ThreadPoolExecutor$Worker.run;java/util/concurrent/ThreadPoolExecutor.runWorker;java/util/concurrent/FutureTask.run;java/util/concurrent/Executors$RunnableAdapter.call;java/util/concurrent/FutureTask.run;org/openjdk/jmh/runner/BenchmarkHandler$BenchmarkTask.call;org/openjdk/jmh/runner/BenchmarkHandler$BenchmarkTask.call;java/lang/reflect/Method.invoke;jdk/internal/reflect/DirectMethodHandleAccessor.invoke;jdk/internal/reflect/DirectMethodHandleAccessor.invokeImpl;java/lang/invoke/LambdaForm$MH.0x0000000073061400.invokeExact_MT;java/lang/invoke/LambdaForm$MH.0x0000000073061000.invoke;java/lang/invoke/DirectMethodHandle$Holder.invokeSpecial;org/weakref/nitro/tpch/jmh_generated/BenchmarkQueries_query10_jmhTest.query10_AverageTime;org/weakref/nitro/tpch/jmh_generated/BenchmarkQueries_query10_jmhTest.query10_avgt_jmhStub;org/weakref/nitro/tpch/BenchmarkQueries.query10;org/weakref/nitro/tpch/BenchmarkQueries.consume;org/weakref/nitro/operator/ProjectOperator.next;org/weakref/nitro/operator/TopNOperator.next;org/weakref/nitro/operator/TopNOperator.computeTopN;org/weakref/nitro/operator/GroupedAggregationOperator.next;org/weakref/nitro/operator/GroupedAggregationOperator.computeResults;org/weakref/nitro/operator/GroupedAggregationOperator.computeInlineGroupedResults;org/weakref/nitro/operator/ProjectOperator.next;org/weakref/nitro/operator/HashJoinOperator.next;org/weakref/nitro/operator/HashJoinOperator.produceBatch;org/weakref/nitro/operator/HashJoinOperator.produceOrdinaryBatch;org/weakref/nitro/operator/HashJoinOperator.loadNextOuterBatch;org/weakref/nitro/operator/HashJoinOperator.next;org/weakref/nitro/operator/HashJoinOperator.produceBatch;org/weakref/nitro/operator/HashJoinOperator.loadInnerIfNecessary;org/weakref/nitro/operator/BufferedJoinInput.loadAll;org/weakref/nitro/operator/Batch.close;org/weakref/nitro/operator/ProjectOperator$$Lambda.0x000000007329f020.run;org/weakref/nitro/operator/ProjectOperator.lambda$next$11;org/weakref/nitro/operator/ProjectOperator$BatchState.close;org/weakref/nitro/operator/Batch.close;org/weakref/nitro/operator/FilterOperator$BatchState.close;org/weakref/nitro/operator/Batch.close;org/weakref/nitro/operator/Output.close;org/weakref/nitro/operator/Output.release;org/weakref/nitro/operator/BatchBufferOwner.accept;org/weakref/nitro/operator/BatchBufferOwner.accept;org/weakref/nitro/operator/NitroParquetScanOperator$ScanOutputResolver.release;org/weakref/nitro/operator/BatchBufferScope.release;org/weakref/nitro/data/Allocator.release;org/weakref/nitro/data/Allocator.releaseVectorTree;org/weakref/nitro/data/Allocator.releaseVector;org/weakref/nitro/data/Allocator$ContextState.releaseVector;org/weakref/nitro/data/Allocator$ContextState.addVectorToPool;java/util/HashMap.computeIfAbsent;org/weakref/nitro/data/Allocator$ContextState$$Lambda.0x000000007328e848.apply;org/weakref/nitro/data/Allocator$ContextState.lambda$addVectorToPool$0;java.util.TreeMap_[i] 1
java/lang/Thread.run;java/lang/Thread.runWith;java/util/concurrent/ThreadPoolExecutor$Worker.run;java/util/concurrent/ThreadPoolExecutor.runWorker;java/util/concurrent/FutureTask.run;java/util/concurrent/Executors$RunnableAdapter.call;java/util/concurrent/FutureTask.run;org/openjdk/jmh/runner/BenchmarkHandler$BenchmarkTask.call;org/openjdk/jmh/runner/BenchmarkHandler$BenchmarkTask.call;java/lang/reflect/Method.invoke;jdk/internal/reflect/DirectMethodHandleAccessor.invoke;jdk/internal/reflect/DirectMethodHandleAccessor.invokeImpl;java/lang/invoke/LambdaForm$MH.0x0000000073061400.invokeExact_MT;java/lang/invoke/LambdaForm$MH.0x0000000073061000.invoke;java/lang/invoke/DirectMethodHandle$Holder.invokeSpecial;org/weakref/nitro/tpch/jmh_generated/BenchmarkQueries_query10_jmhTest.query10_AverageTime;org/weakref/nitro/tpch/jmh_generated/BenchmarkQueries_query10_jmhTest.query10_avgt_jmhStub;org/weakref/nitro/tpch/BenchmarkQueries.query10;org/weakref/nitro/tpch/BenchmarkQueries.consume;org/weakref/nitro/operator/ProjectOperator.next;org/weakref/nitro/operator/TopNOperator.next;org/weakref/nitro/operator/TopNOperator.computeTopN;org/weakref/nitro/operator/GroupedAggregationOperator.next;org/weakref/nitro/operator/GroupedAggregationOperator.computeResults;org/weakref/nitro/operator/GroupedAggregationOperator.computeInlineGroupedResults;org/weakref/nitro/operator/ProjectOperator.next;org/weakref/nitro/operator/HashJoinOperator.next;org/weakref/nitro/operator/HashJoinOperator.produceBatch;org/weakref/nitro/operator/HashJoinOperator.produceOrdinaryBatch;org/weakref/nitro/operator/HashJoinOperator.loadNextOuterBatch;org/weakref/nitro/operator/HashJoinOperator.next;org/weakref/nitro/operator/HashJoinOperator.produceBatch;org/weakref/nitro/operator/HashJoinOperator.loadInnerIfNecessary;org/weakref/nitro/operator/BufferedJoinInput.loadAll;org/weakref/nitro/operator/ProjectOperator.next;org/weakref/nitro/operator/FilterOperator.next;org/weakref/nitro/operator/evaluator/PlanEvaluator.evaluateInPlace;org/weakref/nitro/operator/evaluator/PlanEvaluator.evaluateTrueMaskInPlace;org/weakref/nitro/operator/evaluator/PlanEvaluator.tryEvaluatePrimitiveTrueMaskInPlace;org/weakref/nitro/operator/evaluator/PlanEvaluator.tryEvaluatePrimitiveMaskInPlace;org/weakref/nitro/operator/evaluator/PlanEvaluator.resolveMaskPrimitiveInvocation;org/weakref/nitro/operator/evaluator/PlanEvaluator.evaluateArgument;org/weakref/nitro/operator/evaluator/PlanEvaluator.evaluateAvailableReference;org/weakref/nitro/operator/evaluator/PlanEvaluator.evaluate;org/weakref/nitro/operator/evaluator/PlanEvaluator.evaluateUnmemoized;org/weakref/nitro/operator/evaluator/PlanEvaluator.evaluateVariable;org/weakref/nitro/operator/evaluator/PlanEvaluator.evaluateLiteral;org/weakref/nitro/operator/evaluator/PlanEvaluator.fillUtf8;org/weakref/nitro/data/Allocator.allocateSingleRunRle;org.weakref.nitro.data.RleVector_[i] 1
java/lang/Thread.run;java/lang/Thread.runWith;java/util/concurrent/ThreadPoolExecutor$Worker.run;java/util/concurrent/ThreadPoolExecutor.runWorker;java/util/concurrent/FutureTask.run;java/util/concurrent/Executors$RunnableAdapter.call;java/util/concurrent/FutureTask.run;org/openjdk/jmh/runner/BenchmarkHandler$BenchmarkTask.call;org/openjdk/jmh/runner/BenchmarkHandler$BenchmarkTask.call;java/lang/reflect/Method.invoke;jdk/internal/reflect/DirectMethodHandleAccessor.invoke;jdk/internal/reflect/DirectMethodHandleAccessor.invokeImpl;java/lang/invoke/LambdaForm$MH.0x0000000073061400.invokeExact_MT;java/lang/invoke/LambdaForm$MH.0x0000000073061000.invoke;java/lang/invoke/DirectMethodHandle$Holder.invokeSpecial;org/weakref/nitro/tpch/jmh_generated/BenchmarkQueries_query10_jmhTest.query10_AverageTime;org/weakref/nitro/tpch/jmh_generated/BenchmarkQueries_query10_jmhTest.query10_avgt_jmhStub;org/weakref/nitro/tpch/BenchmarkQueries.query10;org/weakref/nitro/tpch/BenchmarkQueries.consume;org/weakref/nitro/operator/ProjectOperator.next;org/weakref/nitro/operator/TopNOperator.next;org/weakref/nitro/operator/TopNOperator.computeTopN;org/weakref/nitro/operator/GroupedAggregationOperator.next;org/weakref/nitro/operator/GroupedAggregationOperator.computeResults;org/weakref/nitro/operator/GroupedAggregationOperator.computeInlineGroupedResults;org/weakref/nitro/operator/GroupedAggregationOperator.accumulateGroupedRows;org/weakref/nitro/operator/aggregation/SumF64.accumulate;org/weakref/nitro/operator/aggregation/StreamAccessors$$Lambda.0x00000000732aa640.stream;org/weakref/nitro/operator/aggregation/StreamAccessors.lambda$forBatch$0;org/weakref/nitro/operator/aggregation/StreamAccessors.read;org/weakref/nitro/operator/Output.borrowOrNull;org/weakref/nitro/operator/Output.borrow;org/weakref/nitro/operator/ProjectOperator$$Lambda.0x00000000732a3ca0.apply;org/weakref/nitro/operator/ProjectOperator.lambda$next$4;org/weakref/nitro/operator/ProjectOperator.evaluateOutput;java/util/HashMap.computeIfAbsent;org/weakref/nitro/operator/ProjectOperator$$Lambda.0x00000000732aad20.apply;org/weakref/nitro/operator/ProjectOperator.lambda$evaluateOutput$0;org/weakref/nitro/operator/ProjectOperator.evaluateBundle;org/weakref/nitro/operator/ProjectOperator$BatchState.fusedResults;org/weakref/nitro/operator/Output.borrow;org/weakref/nitro/operator/HashJoinOperator$$Lambda.0x00000000732a6628.apply;org/weakref/nitro/operator/HashJoinOperator.lambda$resultOutput$3;org/weakref/nitro/operator/HashJoinOperator.materializeOutput;org/weakref/nitro/operator/HashJoinOperator.materializeOuterOutput;org/weakref/nitro/operator/HashJoinOperator.wrapOuterOutput;org/weakref/nitro/operator/Output.borrow;org/weakref/nitro/operator/HashJoinOperator$$Lambda.0x00000000732a6628.apply;org/weakref/nitro/operator/HashJoinOperator.lambda$resultOutput$3;org/weakref/nitro/operator/HashJoinOperator.materializeOutput;org/weakref/nitro/operator/HashJoinOperator.materializeInnerOutput;org/weakref/nitro/operator/HashJoinOperator.tryWrapMultiRunInnerBooleanSideStreams;org/weakref/nitro/operator/HashJoinOperator.tryWrapMultiRunInnerBooleanStream;int[]_[i] 23
java/lang/Thread.run;java/lang/Thread.runWith;java/util/concurrent/ThreadPoolExecutor$Worker.run;java/util/concurrent/ThreadPoolExecutor.runWorker;java/util/concurrent/FutureTask.run;java/util/concurrent/Executors$RunnableAdapter.call;java/util/concurrent/FutureTask.run;org/openjdk/jmh/runner/BenchmarkHandler$BenchmarkTask.call;org/openjdk/jmh/runner/BenchmarkHandler$BenchmarkTask.call;java/lang/reflect/Method.invoke;jdk/internal/reflect/DirectMethodHandleAccessor.invoke;jdk/internal/reflect/DirectMethodHandleAccessor.invokeImpl;java/lang/invoke/LambdaForm$MH.0x0000000073061400.invokeExact_MT;java/lang/invoke/LambdaForm$MH.0x0000000073061000.invoke;java/lang/invoke/DirectMethodHandle$Holder.invokeSpecial;org/weakref/nitro/tpch/jmh_generated/BenchmarkQueries_query10_jmhTest.query10_AverageTime;org/weakref/nitro/tpch/jmh_generated/BenchmarkQueries_query10_jmhTest.query10_avgt_jmhStub;org/weakref/nitro/tpch/BenchmarkQueries.query10;org/weakref/nitro/tpch/BenchmarkQueries.consume;org/weakref/nitro/operator/ProjectOperator.next;org/weakref/nitro/operator/TopNOperator.next;org/weakref/nitro/operator/TopNOperator.computeTopN;org/weakref/nitro/operator/GroupedAggregationOperator.next;org/weakref/nitro/operator/GroupedAggregationOperator.computeResults;org/weakref/nitro/operator/GroupedAggregationOperator.computeInlineGroupedResults;org/weakref/nitro/operator/ProjectOperator.next;org/weakref/nitro/operator/HashJoinOperator.next;org/weakref/nitro/operator/HashJoinOperator.produceBatch;org/weakref/nitro/operator/HashJoinOperator.produceOrdinaryBatch;org/weakref/nitro/operator/HashJoinOperator.loadNextOuterBatch;org/weakref/nitro/operator/HashJoinOperator.next;org/weakref/nitro/operator/HashJoinOperator.produceBatch;org/weakref/nitro/operator/HashJoinOperator.loadInnerIfNecessary;org/weakref/nitro/operator/BufferedJoinInput.loadAll;org/weakref/nitro/operator/JoinBufferSupport.copyAndCompact;org/weakref/nitro/operator/Output.borrow;org/weakref/nitro/operator/Output.resolveMasked;org/weakref/nitro/operator/Output$$Lambda.0x000000007329e4f8.resolve;org/weakref/nitro/operator/Output.borrowMaybeMasked;org/weakref/nitro/operator/Output.borrow;org/weakref/nitro/operator/NitroParquetScanOperator$ScanOutputResolver$$Lambda.0x00000000730aad90.apply;org/weakref/nitro/operator/NitroParquetScanOperator$ScanOutputResolver.resolve;org/weakref/nitro/operator/NitroParquetScanOperator.resolveLazyColumn;org/weakref/nitro/operator/NitroParquetScanOperator.decodeFullColumn;org/weakref/nitro/parquet/ColumnReader.readLongs;org/weakref/nitro/parquet/ColumnReader.decodeNextDataPage;org/weakref/nitro/parquet/ColumnReader.decodeDataPageV1;org/weakref/nitro/parquet/ColumnReader.ensurePageCapacity;org/weakref/nitro/parquet/ColumnReader.ensurePageValueCapacity;org/weakref/nitro/parquet/ColumnReader.replaceLongs;org/weakref/nitro/data/PrimitiveArrayPool.borrowLongs;long[]_[i] 3
java/lang/Thread.run;java/lang/Thread.runWith;java/util/concurrent/ThreadPoolExecutor$Worker.run;java/util/concurrent/ThreadPoolExecutor.runWorker;java/util/concurrent/FutureTask.run;java/util/concurrent/Executors$RunnableAdapter.call;java/util/concurrent/FutureTask.run;org/openjdk/jmh/runner/BenchmarkHandler$BenchmarkTask.call;org/openjdk/jmh/runner/BenchmarkHandler$BenchmarkTask.call;java/lang/reflect/Method.invoke;jdk/internal/reflect/DirectMethodHandleAccessor.invoke;jdk/internal/reflect/DirectMethodHandleAccessor.invokeImpl;java/lang/invoke/LambdaForm$MH.0x0000000073061400.invokeExact_MT;java/lang/invoke/LambdaForm$MH.0x0000000073061000.invoke;java/lang/invoke/DirectMethodHandle$Holder.invokeSpecial;org/weakref/nitro/tpch/jmh_generated/BenchmarkQueries_query10_jmhTest.query10_AverageTime;org/weakref/nitro/tpch/jmh_generated/BenchmarkQueries_query10_jmhTest.query10_avgt_jmhStub;org/weakref/nitro/tpch/BenchmarkQueries.query10;org/weakref/nitro/tpch/BenchmarkQueries.consume;org/weakref/nitro/operator/ProjectOperator.next;org/weakref/nitro/operator/TopNOperator.next;org/weakref/nitro/operator/TopNOperator.computeTopN;org/weakref/nitro/operator/GroupedAggregationOperator.next;org/weakref/nitro/operator/GroupedAggregationOperator.computeResults;org/weakref/nitro/operator/GroupedAggregationOperator.computeInlineGroupedResults;org/weakref/nitro/operator/GroupedAggregationOperator.assignInlineGroups;org/weakref/nitro/operator/GroupingState.assignGroups;org/weakref/nitro/operator/GroupingState.assignGroups;org/weakref/nitro/operator/GroupingState.assignFlatGroups;org/weakref/nitro/operator/FlatGroupingTable.prepareBatchHashes;org/weakref/nitro/operator/FlatGroupingTable.prepareBatchHash;org/weakref/nitro/operator/FlatKeyLayout.hash;org/weakref/nitro/operator/FlatKeyLayout.fieldHash;org/weakref/nitro/operator/FlatKeyLayout.binaryFieldHash;org/weakref/nitro/operator/FlatKeyLayout.globalIdFor;org/weakref/nitro/operator/ValueIdInterner.intern;org/weakref/nitro/operator/ValueIdInterner.store;java/util/Arrays.copyOf;long[]_[i] 7
java/lang/Thread.run;java/lang/Thread.runWith;java/util/concurrent/ThreadPoolExecutor$Worker.run;java/util/concurrent/ThreadPoolExecutor.runWorker;java/util/concurrent/FutureTask.run;java/util/concurrent/Executors$RunnableAdapter.call;java/util/concurrent/FutureTask.run;org/openjdk/jmh/runner/BenchmarkHandler$BenchmarkTask.call;org/openjdk/jmh/runner/BenchmarkHandler$BenchmarkTask.call;java/lang/reflect/Method.invoke;jdk/internal/reflect/DirectMethodHandleAccessor.invoke;jdk/internal/reflect/DirectMethodHandleAccessor.invokeImpl;java/lang/invoke/LambdaForm$MH.0x0000000073061400.invokeExact_MT;java/lang/invoke/LambdaForm$MH.0x0000000073061000.invoke;java/lang/invoke/DirectMethodHandle$Holder.invokeSpecial;org/weakref/nitro/tpch/jmh_generated/BenchmarkQueries_query10_jmhTest.query10_AverageTime;org/weakref/nitro/tpch/jmh_generated/BenchmarkQueries_query10_jmhTest.query10_avgt_jmhStub;org/weakref/nitro/tpch/BenchmarkQueries.query10;org/weakref/nitro/tpch/BenchmarkQueries.consume;org/weakref/nitro/operator/ProjectOperator.next;org/weakref/nitro/operator/TopNOperator.next;org/weakref/nitro/operator/TopNOperator.computeTopN;org/weakref/nitro/operator/GroupedAggregationOperator.next;org/weakref/nitro/operator/GroupedAggregationOperator.computeResults;org/weakref/nitro/operator/GroupedAggregationOperator.computeInlineGroupedResults;org/weakref/nitro/operator/ProjectOperator.next;org/weakref/nitro/operator/HashJoinOperator.next;org/weakref/nitro/operator/HashJoinOperator.produceBatch;org/weakref/nitro/operator/HashJoinOperator.produceOrdinaryBatch;org/weakref/nitro/operator/HashJoinOperator.loadNextOuterBatch;org/weakref/nitro/operator/HashJoinOperator.next;org/weakref/nitro/operator/HashJoinOperator.produceBatch;org/weakref/nitro/operator/HashJoinOperator.loadInnerIfNecessary;org/weakref/nitro/operator/BufferedJoinInput.loadAll;org/weakref/nitro/operator/BufferedJoinInput.captureSchema;org/weakref/nitro/operator/Output.borrow;org/weakref/nitro/operator/Output.resolveMasked;org/weakref/nitro/operator/Output$$Lambda.0x000000007329e4f8.resolve;org/weakref/nitro/operator/Output.borrowMaybeMasked;org/weakref/nitro/operator/Output.borrow;org/weakref/nitro/operator/NitroParquetScanOperator$ScanOutputResolver$$Lambda.0x00000000730aad90.apply;org/weakref/nitro/operator/NitroParquetScanOperator$ScanOutputResolver.resolve;org/weakref/nitro/operator/NitroParquetScanOperator.resolveLazyColumn;org/weakref/nitro/operator/NitroParquetScanOperator.decodeFullColumn;org/weakref/nitro/parquet/ColumnReader.readLongs;org/weakref/nitro/parquet/ColumnReader.decodeNextDataPage;org/weakref/nitro/parquet/ColumnReader.decodeDataPageV1;org/weakref/nitro/parquet/ColumnReader.ensurePageCapacity;org/weakref/nitro/parquet/ColumnReader.ensurePageValueCapacity;org/weakref/nitro/parquet/ColumnReader.replaceLongs;org/weakref/nitro/data/PrimitiveArrayPool.borrowLongs;long[]_[i] 1
java/lang/Thread.run;java/lang/Thread.runWith;java/util/concurrent/ThreadPoolExecutor$Worker.run;java/util/concurrent/ThreadPoolExecutor.runWorker;java/util/concurrent/FutureTask.run;java/util/concurrent/Executors$RunnableAdapter.call;java/util/concurrent/FutureTask.run;org/openjdk/jmh/runner/BenchmarkHandler$BenchmarkTask.call;org/openjdk/jmh/runner/BenchmarkHandler$BenchmarkTask.call;java/lang/reflect/Method.invoke;jdk/internal/reflect/DirectMethodHandleAccessor.invoke;jdk/internal/reflect/DirectMethodHandleAccessor.invokeImpl;java/lang/invoke/LambdaForm$MH.0x0000000073061400.invokeExact_MT;java/lang/invoke/LambdaForm$MH.0x0000000073061000.invoke;java/lang/invoke/DirectMethodHandle$Holder.invokeSpecial;org/weakref/nitro/tpch/jmh_generated/BenchmarkQueries_query10_jmhTest.query10_AverageTime;org/weakref/nitro/tpch/jmh_generated/BenchmarkQueries_query10_jmhTest.query10_avgt_jmhStub;org/weakref/nitro/tpch/BenchmarkQueries.query10;org/weakref/nitro/tpch/BenchmarkQueries.consume;org/weakref/nitro/operator/ProjectOperator.next;org/weakref/nitro/operator/TopNOperator.next;org/weakref/nitro/operator/TopNOperator.computeTopN;org/weakref/nitro/operator/GroupedAggregationOperator.next;org/weakref/nitro/operator/GroupedAggregationOperator.computeResults;org/weakref/nitro/operator/GroupedAggregationOperator.computeInlineGroupedResults;org/weakref/nitro/operator/ProjectOperator.next;org/weakref/nitro/operator/HashJoinOperator.next;org/weakref/nitro/operator/HashJoinOperator.produceBatch;org/weakref/nitro/operator/HashJoinOperator.produceOrdinaryBatch;org/weakref/nitro/operator/HashJoinOperator.loadNextOuterBatch;org/weakref/nitro/operator/HashJoinOperator.next;org/weakref/nitro/operator/HashJoinOperator.produceBatch;org/weakref/nitro/operator/HashJoinOperator.loadInnerIfNecessary;org/weakref/nitro/operator/BufferedJoinInput.loadAll;org/weakref/nitro/operator/ProjectOperator.next;org/weakref/nitro/operator/FilterOperator.next;org/weakref/nitro/operator/evaluator/PlanEvaluator.evaluateInPlace;org/weakref/nitro/operator/evaluator/PlanEvaluator.evaluateTrueMaskInPlace;org/weakref/nitro/operator/evaluator/PlanEvaluator.tryEvaluatePrimitiveTrueMaskInPlace;org/weakref/nitro/operator/evaluator/PlanEvaluator.tryEvaluatePrimitiveMaskInPlace;org/weakref/nitro/operator/evaluator/PlanEvaluator.resolveMaskPrimitiveInvocation;org/weakref/nitro/operator/evaluator/PlanEvaluator.evaluateArgument;org/weakref/nitro/operator/evaluator/PlanEvaluator.evaluateAvailableReference;org/weakref/nitro/operator/evaluator/PlanEvaluator.evaluate;org/weakref/nitro/operator/evaluator/PlanEvaluator.evaluateUnmemoized;org/weakref/nitro/operator/evaluator/PlanEvaluator.evaluateVariable;org/weakref/nitro/operator/evaluator/PlanEvaluator.evaluateLiteral;org/weakref/nitro/operator/evaluator/PlanEvaluator.fillUtf8;org/weakref/nitro/data/BinaryVector.addTrait;java/util/LinkedHashSet.<init>;java/util/AbstractCollection.addAll;java/util/HashSet.add;java/util/HashMap.put;java/util/HashMap.hash;org/weakref/nitro/data/BinaryVector$Trait.hashCode;java.lang.Object[]_[i] 1
java/lang/Thread.run;java/lang/Thread.runWith;java/util/concurrent/ThreadPoolExecutor$Worker.run;java/util/concurrent/ThreadPoolExecutor.runWorker;java/util/concurrent/FutureTask.run;java/util/concurrent/Executors$RunnableAdapter.call;java/util/concurrent/FutureTask.run;org/openjdk/jmh/runner/BenchmarkHandler$BenchmarkTask.call;org/openjdk/jmh/runner/BenchmarkHandler$BenchmarkTask.call;java/lang/reflect/Method.invoke;jdk/internal/reflect/DirectMethodHandleAccessor.invoke;jdk/internal/reflect/DirectMethodHandleAccessor.invokeImpl;java/lang/invoke/LambdaForm$MH.0x0000000073061400.invokeExact_MT;java/lang/invoke/LambdaForm$MH.0x0000000073061000.invoke;java/lang/invoke/DirectMethodHandle$Holder.invokeSpecial;org/weakref/nitro/tpch/jmh_generated/BenchmarkQueries_query10_jmhTest.query10_AverageTime;org/weakref/nitro/tpch/jmh_generated/BenchmarkQueries_query10_jmhTest.query10_avgt_jmhStub;org/weakref/nitro/tpch/BenchmarkQueries.query10;org/weakref/nitro/tpch/BenchmarkQueries.consume;org/weakref/nitro/operator/ProjectOperator.next;org/weakref/nitro/operator/TopNOperator.next;org/weakref/nitro/operator/TopNOperator.computeTopN;org/weakref/nitro/operator/GroupedAggregationOperator.next;org/weakref/nitro/operator/GroupedAggregationOperator.computeResults;org/weakref/nitro/operator/GroupedAggregationOperator.computeInlineGroupedResults;org/weakref/nitro/operator/ProjectOperator.next;org/weakref/nitro/operator/HashJoinOperator.next;org/weakref/nitro/operator/HashJoinOperator.produceBatch;org/weakref/nitro/operator/HashJoinOperator.produceOrdinaryBatch;org/weakref/nitro/operator/HashJoinOperator.loadNextOuterBatch;org/weakref/nitro/operator/HashJoinOperator.next;org/weakref/nitro/operator/HashJoinOperator.produceBatch;org/weakref/nitro/operator/HashJoinOperator.loadInnerIfNecessary;org/weakref/nitro/operator/BufferedJoinInput.loadAll;org/weakref/nitro/operator/Batch.close;org/weakref/nitro/operator/ProjectOperator$$Lambda.0x000000007329f020.run;org/weakref/nitro/operator/ProjectOperator.lambda$next$11;org/weakref/nitro/operator/ProjectOperator$BatchState.close;org/weakref/nitro/operator/Batch.close;org/weakref/nitro/operator/FilterOperator$BatchState.close;org/weakref/nitro/operator/Batch.close;org/weakref/nitro/operator/Output.close;org/weakref/nitro/operator/Output.release;org/weakref/nitro/operator/BatchBufferOwner.accept;org/weakref/nitro/operator/BatchBufferOwner.accept;org/weakref/nitro/operator/NitroParquetScanOperator$ScanOutputResolver.release;org/weakref/nitro/operator/BatchBufferScope.release;org/weakref/nitro/data/Allocator.release;org/weakref/nitro/data/Allocator.releaseVectorTree;org/weakref/nitro/data/Allocator.releaseVectorTree;org/weakref/nitro/data/Allocator.releaseVector;org/weakref/nitro/data/Allocator$ContextState.releaseVector;org/weakref/nitro/data/Allocator$ContextState.addVectorToPool;java/util/HashMap.computeIfAbsent;org/weakref/nitro/data/Allocator$ContextState$$Lambda.0x000000007328e848.apply;org/weakref/nitro/data/Allocator$ContextState.lambda$addVectorToPool$0;java.util.TreeMap_[i] 1
java/lang/Thread.run;java/lang/Thread.runWith;java/util/concurrent/ThreadPoolExecutor$Worker.run;java/util/concurrent/ThreadPoolExecutor.runWorker;java/util/concurrent/FutureTask.run;java/util/concurrent/Executors$RunnableAdapter.call;java/util/concurrent/FutureTask.run;org/openjdk/jmh/runner/BenchmarkHandler$BenchmarkTask.call;org/openjdk/jmh/runner/BenchmarkHandler$BenchmarkTask.call;java/lang/reflect/Method.invoke;jdk/internal/reflect/DirectMethodHandleAccessor.invoke;jdk/internal/reflect/DirectMethodHandleAccessor.invokeImpl;java/lang/invoke/LambdaForm$MH.0x0000000073061400.invokeExact_MT;java/lang/invoke/LambdaForm$MH.0x0000000073061000.invoke;java/lang/invoke/DirectMethodHandle$Holder.invokeSpecial;org/weakref/nitro/tpch/jmh_generated/BenchmarkQueries_query10_jmhTest.query10_AverageTime;org/weakref/nitro/tpch/jmh_generated/BenchmarkQueries_query10_jmhTest.query10_avgt_jmhStub;org/weakref/nitro/tpch/BenchmarkQueries.query10;org/weakref/nitro/tpch/BenchmarkQueries.consume;org/weakref/nitro/operator/ProjectOperator.next;org/weakref/nitro/operator/TopNOperator.next;org/weakref/nitro/operator/TopNOperator.computeTopN;org/weakref/nitro/operator/GroupedAggregationOperator.next;org/weakref/nitro/operator/GroupedAggregationOperator.computeResults;org/weakref/nitro/operator/GroupedAggregationOperator.computeInlineGroupedResults;org/weakref/nitro/operator/ProjectOperator.next;org/weakref/nitro/operator/HashJoinOperator.next;org/weakref/nitro/operator/HashJoinOperator.produceBatch;org/weakref/nitro/operator/HashJoinOperator.produceOrdinaryBatch;org/weakref/nitro/operator/HashJoinOperator.loadNextOuterBatch;org/weakref/nitro/operator/HashJoinOperator.next;org/weakref/nitro/operator/HashJoinOperator.produceBatch;org/weakref/nitro/operator/HashJoinOperator.loadInnerIfNecessary;org/weakref/nitro/operator/BufferedJoinInput.loadAll;org/weakref/nitro/operator/Batch.close;org/weakref/nitro/operator/ProjectOperator$$Lambda.0x000000007329f020.run;org/weakref/nitro/operator/ProjectOperator.lambda$next$11;org/weakref/nitro/operator/ProjectOperator$BatchState.close;org/weakref/nitro/operator/Batch.close;org/weakref/nitro/operator/FilterOperator$BatchState.close;org/weakref/nitro/operator/Batch.close;org/weakref/nitro/operator/BatchBufferScope.release;org/weakref/nitro/data/Allocator.release;org/weakref/nitro/data/Allocator$ContextState.releaseMask;java/util/TreeMap.computeIfAbsent;java/util/TreeMap.callMappingFunctionWithCheck;org/weakref/nitro/data/Allocator$ContextState$$Lambda.0x000000007328ef20.apply;org/weakref/nitro/data/Allocator$ContextState.lambda$releaseMask$0;java/util/ArrayDeque.<init>;java.lang.Object[]_[i] 1
java/lang/Thread.run;java/lang/Thread.runWith;java/util/concurrent/ThreadPoolExecutor$Worker.run;java/util/concurrent/ThreadPoolExecutor.runWorker;java/util/concurrent/FutureTask.run;java/util/concurrent/Executors$RunnableAdapter.call;java/util/concurrent/FutureTask.run;org/openjdk/jmh/runner/BenchmarkHandler$BenchmarkTask.call;org/openjdk/jmh/runner/BenchmarkHandler$BenchmarkTask.call;java/lang/reflect/Method.invoke;jdk/internal/reflect/DirectMethodHandleAccessor.invoke;jdk/internal/reflect/DirectMethodHandleAccessor.invokeImpl;java/lang/invoke/LambdaForm$MH.0x0000000073061400.invokeExact_MT;java/lang/invoke/LambdaForm$MH.0x0000000073061000.invoke;java/lang/invoke/DirectMethodHandle$Holder.invokeSpecial;org/weakref/nitro/tpch/jmh_generated/BenchmarkQueries_query10_jmhTest.query10_AverageTime;org/weakref/nitro/tpch/jmh_generated/BenchmarkQueries_query10_jmhTest.query10_avgt_jmhStub;org/weakref/nitro/tpch/BenchmarkQueries.query10;org/weakref/nitro/tpch/BenchmarkQueries.consume;org/weakref/nitro/operator/Output.borrow;org/weakref/nitro/operator/Output.resolveMasked;org/weakref/nitro/operator/Output$$Lambda.0x000000007329e4f8.resolve;org/weakref/nitro/operator/Output.borrowMaybeMasked;org/weakref/nitro/operator/Output.borrow;org/weakref/nitro/operator/TopNOperator$$Lambda.0x00000000732b1f78.apply;org/weakref/nitro/operator/TopNOperator.lambda$next$0;org/weakref/nitro/operator/TopNState.output;org/weakref/nitro/operator/TopNState.ensurePendingOutputMaterialized;org/weakref/nitro/operator/JoinBufferSupport.copyPosition;org/weakref/nitro/operator/JoinBufferSupport.copySinglePosition;org/weakref/nitro/operator/JoinBufferSupport.copySinglePosition;org/weakref/nitro/operator/Output.borrow;org/weakref/nitro/operator/GroupedAggregationOperator$$Lambda.0x00000000732ae800.apply;org/weakref/nitro/operator/GroupedAggregationOperator.lambda$resultOutput$0;org/weakref/nitro/operator/GroupedAggregationOperator.groupedKeyOutput;org/weakref/nitro/operator/GroupingState.groupedValues;org/weakref/nitro/operator/FlatGroupingTable.groupedValues;org/weakref/nitro/operator/FlatGroupingTable.materializeNulls;org/weakref/nitro/function/scalar/builtin/VectorAccess.writableBooleanVector;org/weakref/nitro/data/Allocator.allocate;org/weakref/nitro/function/scalar/builtin/VectorAccess$$Lambda.0x00000000732b35d0.apply;org/weakref/nitro/data/BooleanVector.<init>;boolean[]_[i] 1
java/lang/Thread.run;java/lang/Thread.runWith;java/util/concurrent/ThreadPoolExecutor$Worker.run;java/util/concurrent/ThreadPoolExecutor.runWorker;java/util/concurrent/FutureTask.run;java/util/concurrent/Executors$RunnableAdapter.call;java/util/concurrent/FutureTask.run;org/openjdk/jmh/runner/BenchmarkHandler$BenchmarkTask.call;org/openjdk/jmh/runner/BenchmarkHandler$BenchmarkTask.call;java/lang/reflect/Method.invoke;jdk/internal/reflect/DirectMethodHandleAccessor.invoke;jdk/internal/reflect/DirectMethodHandleAccessor.invokeImpl;java/lang/invoke/LambdaForm$MH.0x0000000073061400.invokeExact_MT;java/lang/invoke/LambdaForm$MH.0x0000000073061000.invoke;java/lang/invoke/DirectMethodHandle$Holder.invokeSpecial;org/weakref/nitro/tpch/jmh_generated/BenchmarkQueries_query10_jmhTest.query10_AverageTime;org/weakref/nitro/tpch/jmh_generated/BenchmarkQueries_query10_jmhTest.query10_avgt_jmhStub;org/weakref/nitro/tpch/BenchmarkQueries.query10;org/weakref/nitro/tpch/BenchmarkQueries.consume;org/weakref/nitro/operator/ProjectOperator.next;org/weakref/nitro/operator/TopNOperator.next;org/weakref/nitro/operator/TopNOperator.computeTopN;org/weakref/nitro/operator/GroupedAggregationOperator.next;org/weakref/nitro/operator/GroupedAggregationOperator.computeResults;org/weakref/nitro/operator/GroupedAggregationOperator.computeInlineGroupedResults;org/weakref/nitro/operator/ProjectOperator.next;org/weakref/nitro/operator/HashJoinOperator.next;org/weakref/nitro/operator/HashJoinOperator.produceBatch;org/weakref/nitro/operator/HashJoinOperator.produceOrdinaryBatch;org/weakref/nitro/operator/HashJoinOperator.loadNextOuterBatch;org/weakref/nitro/operator/HashJoinOperator.next;org/weakref/nitro/operator/HashJoinOperator.produceBatch;org/weakref/nitro/operator/HashJoinOperator.produceOrdinaryBatch;org/weakref/nitro/operator/HashJoinOperator.loadNextOuterBatch;org/weakref/nitro/operator/HashJoinOperator.next;org/weakref/nitro/operator/HashJoinOperator.produceBatch;org/weakref/nitro/operator/HashJoinOperator.loadInnerIfNecessary;org/weakref/nitro/operator/BufferedJoinInput.loadAll;org/weakref/nitro/operator/ProjectOperator.next;org/weakref/nitro/operator/FilterOperator.next;org/weakref/nitro/operator/evaluator/PlanEvaluator.evaluateInPlace;org/weakref/nitro/operator/evaluator/PlanEvaluator.evaluateTrueMaskInPlace;org/weakref/nitro/operator/evaluator/PlanEvaluator.evaluateTrueMaskInPlace;org/weakref/nitro/operator/evaluator/PlanEvaluator.evaluateAdaptiveAndTrueMaskInPlace;org/weakref/nitro/operator/evaluator/PlanEvaluator.orderTerms;java/util/ArrayList.addAll;java/util/ImmutableCollections$ListN.toArray;java/util/Arrays.copyOf;java.lang.Object[]_[i] 1
java/lang/Thread.run;java/lang/Thread.runWith;java/util/concurrent/ThreadPoolExecutor$Worker.run;java/util/concurrent/ThreadPoolExecutor.runWorker;java/util/concurrent/FutureTask.run;java/util/concurrent/Executors$RunnableAdapter.call;java/util/concurrent/FutureTask.run;org/openjdk/jmh/runner/BenchmarkHandler$BenchmarkTask.call;org/openjdk/jmh/runner/BenchmarkHandler$BenchmarkTask.call;java/lang/reflect/Method.invoke;jdk/internal/reflect/DirectMethodHandleAccessor.invoke;jdk/internal/reflect/DirectMethodHandleAccessor.invokeImpl;java/lang/invoke/LambdaForm$MH.0x0000000073061400.invokeExact_MT;java/lang/invoke/LambdaForm$MH.0x0000000073061000.invoke;java/lang/invoke/DirectMethodHandle$Holder.invokeSpecial;org/weakref/nitro/tpch/jmh_generated/BenchmarkQueries_query10_jmhTest.query10_AverageTime;org/weakref/nitro/tpch/jmh_generated/BenchmarkQueries_query10_jmhTest.query10_avgt_jmhStub;org/weakref/nitro/tpch/BenchmarkQueries.query10;org/weakref/nitro/tpch/BenchmarkQueries.consume;org/weakref/nitro/operator/ProjectOperator.next;org/weakref/nitro/operator/TopNOperator.next;org/weakref/nitro/operator/TopNOperator.computeTopN;org/weakref/nitro/operator/GroupedAggregationOperator.next;org/weakref/nitro/operator/GroupedAggregationOperator.computeResults;org/weakref/nitro/operator/GroupedAggregationOperator.computeInlineGroupedResults;org/weakref/nitro/operator/GroupedAggregationOperator.initializeInlineGroupingSchema;org/weakref/nitro/operator/GroupingState.initializeSchema;org/weakref/nitro/operator/GroupingState.initializeIfNecessary;org/weakref/nitro/operator/FlatGroupingTable.<init>;org/weakref/nitro/operator/FlatGroupingTable.<init>;org/weakref/nitro/data/PrimitiveArrayPool.borrowBytes;byte[]_[i] 1
java/lang/Thread.run;java/lang/Thread.runWith;java/util/concurrent/ThreadPoolExecutor$Worker.run;java/util/concurrent/ThreadPoolExecutor.runWorker;java/util/concurrent/FutureTask.run;java/util/concurrent/Executors$RunnableAdapter.call;java/util/concurrent/FutureTask.run;org/openjdk/jmh/runner/BenchmarkHandler$BenchmarkTask.call;org/openjdk/jmh/runner/BenchmarkHandler$BenchmarkTask.call;java/lang/reflect/Method.invoke;jdk/internal/reflect/DirectMethodHandleAccessor.invoke;jdk/internal/reflect/DirectMethodHandleAccessor.invokeImpl;java/lang/invoke/LambdaForm$MH.0x0000000073061400.invokeExact_MT;java/lang/invoke/LambdaForm$MH.0x0000000073061000.invoke;java/lang/invoke/DirectMethodHandle$Holder.invokeSpecial;org/weakref/nitro/tpch/jmh_generated/BenchmarkQueries_query10_jmhTest.query10_AverageTime;org/weakref/nitro/tpch/jmh_generated/BenchmarkQueries_query10_jmhTest.query10_avgt_jmhStub;org/weakref/nitro/tpch/BenchmarkQueries.query10;org/weakref/nitro/tpch/BenchmarkQueries.consume;org/weakref/nitro/operator/ProjectOperator.next;org/weakref/nitro/operator/TopNOperator.next;org/weakref/nitro/operator/TopNOperator.computeTopN;org/weakref/nitro/operator/GroupedAggregationOperator.next;org/weakref/nitro/operator/GroupedAggregationOperator.computeResults;org/weakref/nitro/operator/GroupedAggregationOperator.computeInlineGroupedResults;org/weakref/nitro/operator/ProjectOperator.next;org/weakref/nitro/operator/HashJoinOperator.next;org/weakref/nitro/operator/HashJoinOperator.produceBatch;org/weakref/nitro/operator/HashJoinOperator.produceOrdinaryBatch;org/weakref/nitro/operator/HashJoinOperator.loadNextOuterBatch;org/weakref/nitro/operator/HashJoinOperator.next;org/weakref/nitro/operator/HashJoinOperator.produceBatch;org/weakref/nitro/operator/HashJoinOperator.loadInnerIfNecessary;org/weakref/nitro/operator/HashJoinOperator.indexInnerRows;org/weakref/nitro/operator/HashJoinOperator$LongJoinIndex.addRows;org/weakref/nitro/operator/HashJoinOperator$LongJoinIndex.addRow;org/weakref/nitro/operator/HashJoinOperator$LongJoinIndex.addDirectRangeRow;org/weakref/nitro/operator/HashJoinOperator$LongJoinIndex.ensureDirectBuildCapacity;org/weakref/nitro/data/PrimitiveArrayPool.borrowInts;int[]_[i] 1
java/lang/Thread.run;java/lang/Thread.runWith;java/util/concurrent/ThreadPoolExecutor$Worker.run;java/util/concurrent/ThreadPoolExecutor.runWorker;java/util/concurrent/FutureTask.run;java/util/concurrent/Executors$RunnableAdapter.call;java/util/concurrent/FutureTask.run;org/openjdk/jmh/runner/BenchmarkHandler$BenchmarkTask.call;org/openjdk/jmh/runner/BenchmarkHandler$BenchmarkTask.call;java/lang/reflect/Method.invoke;jdk/internal/reflect/DirectMethodHandleAccessor.invoke;jdk/internal/reflect/DirectMethodHandleAccessor.invokeImpl;java/lang/invoke/LambdaForm$MH.0x0000000073061400.invokeExact_MT;java/lang/invoke/LambdaForm$MH.0x0000000073061000.invoke;java/lang/invoke/DirectMethodHandle$Holder.invokeSpecial;org/weakref/nitro/tpch/jmh_generated/BenchmarkQueries_query10_jmhTest.query10_AverageTime;org/weakref/nitro/tpch/jmh_generated/BenchmarkQueries_query10_jmhTest.query10_avgt_jmhStub;org/weakref/nitro/tpch/BenchmarkQueries.query10;org/weakref/nitro/tpch/BenchmarkQueries.consume;org/weakref/nitro/operator/ProjectOperator.next;org/weakref/nitro/operator/TopNOperator.next;org/weakref/nitro/operator/TopNOperator.computeTopN;org/weakref/nitro/operator/GroupedAggregationOperator.next;org/weakref/nitro/operator/GroupedAggregationOperator.computeResults;org/weakref/nitro/operator/GroupedAggregationOperator.computeInlineGroupedResults;org/weakref/nitro/operator/ProjectOperator.next;org/weakref/nitro/operator/HashJoinOperator.next;org/weakref/nitro/operator/HashJoinOperator.produceBatch;org/weakref/nitro/operator/HashJoinOperator.produceOrdinaryBatch;org/weakref/nitro/operator/HashJoinOperator.loadNextOuterBatch;org/weakref/nitro/operator/HashJoinOperator.next;org/weakref/nitro/operator/HashJoinOperator.produceBatch;org/weakref/nitro/operator/HashJoinOperator.produceOrdinaryBatch;org/weakref/nitro/operator/HashJoinOperator.loadNextOuterBatch;org/weakref/nitro/operator/HashJoinOperator.next;org/weakref/nitro/operator/HashJoinOperator.produceBatch;org/weakref/nitro/operator/HashJoinOperator.produceRangeBatch;org/weakref/nitro/operator/HashJoinOperator.loadNextOuterBatch;org/weakref/nitro/operator/BufferedJoinInput.captureSchema;org/weakref/nitro/operator/Output.borrow;org/weakref/nitro/operator/NitroParquetScanOperator$ScanOutputResolver$$Lambda.0x00000000730aad90.apply;org/weakref/nitro/operator/NitroParquetScanOperator$ScanOutputResolver.resolve;org/weakref/nitro/operator/NitroParquetScanOperator.resolveLazyColumn;org/weakref/nitro/operator/NitroParquetScanOperator.decodeFullColumn;org/weakref/nitro/parquet/ColumnReader.readBinary;org/weakref/nitro/parquet/ColumnReader.readBinaryDirect;org/weakref/nitro/data/BinaryVector.allocateOrGrow;org/weakref/nitro/data/BinaryVector.allocate;org/weakref/nitro/data/Allocator.allocatePooled;org/weakref/nitro/data/BinaryVector$$Lambda.0x0000000073287818.get;org/weakref/nitro/data/BinaryVector.lambda$allocate$0;org/weakref/nitro/data/BinaryVector.<init>;int[]_[i] 1
java/lang/Thread.run;java/lang/Thread.runWith;java/util/concurrent/ThreadPoolExecutor$Worker.run;java/util/concurrent/ThreadPoolExecutor.runWorker;java/util/concurrent/FutureTask.run;java/util/concurrent/Executors$RunnableAdapter.call;java/util/concurrent/FutureTask.run;org/openjdk/jmh/runner/BenchmarkHandler$BenchmarkTask.call;org/openjdk/jmh/runner/BenchmarkHandler$BenchmarkTask.call;java/lang/reflect/Method.invoke;jdk/internal/reflect/DirectMethodHandleAccessor.invoke;jdk/internal/reflect/DirectMethodHandleAccessor.invokeImpl;java/lang/invoke/LambdaForm$MH.0x0000000073061400.invokeExact_MT;java/lang/invoke/LambdaForm$MH.0x0000000073061000.invoke;java/lang/invoke/DirectMethodHandle$Holder.invokeSpecial;org/weakref/nitro/tpch/jmh_generated/BenchmarkQueries_query10_jmhTest.query10_AverageTime;org/weakref/nitro/tpch/jmh_generated/BenchmarkQueries_query10_jmhTest.query10_avgt_jmhStub;org/weakref/nitro/tpch/BenchmarkQueries.query10;org/weakref/nitro/tpch/BenchmarkQueries.consume;org/weakref/nitro/operator/ProjectOperator.next;org/weakref/nitro/operator/TopNOperator.next;org/weakref/nitro/operator/TopNOperator.computeTopN;org/weakref/nitro/operator/GroupedAggregationOperator.next;org/weakref/nitro/operator/GroupedAggregationOperator.computeResults;org/weakref/nitro/operator/GroupedAggregationOperator.computeInlineGroupedResults;org/weakref/nitro/operator/GroupedAggregationOperator.assignInlineGroups;org/weakref/nitro/operator/Output.borrow;org/weakref/nitro/operator/Output.resolveMasked;org/weakref/nitro/operator/Output$$Lambda.0x000000007329e4f8.resolve;org/weakref/nitro/operator/Output.borrowMaybeMasked;org/weakref/nitro/operator/Output.borrow;org/weakref/nitro/operator/HashJoinOperator$$Lambda.0x00000000732a6628.apply;org/weakref/nitro/operator/HashJoinOperator.lambda$resultOutput$3;org/weakref/nitro/operator/HashJoinOperator.materializeOutput;org/weakref/nitro/operator/HashJoinOperator.materializeOuterOutput;org/weakref/nitro/operator/HashJoinOperator.wrapOuterOutput;org/weakref/nitro/operator/Output.borrow;org/weakref/nitro/operator/HashJoinOperator$$Lambda.0x00000000732a6628.apply;org/weakref/nitro/operator/HashJoinOperator.lambda$resultOutput$3;org/weakref/nitro/operator/HashJoinOperator.materializeOutput;org/weakref/nitro/operator/HashJoinOperator.materializeOuterOutput;org/weakref/nitro/operator/HashJoinOperator.wrapOuterOutput;org/weakref/nitro/operator/Output.borrow;org/weakref/nitro/operator/HashJoinOperator$$Lambda.0x00000000732a6628.apply;org/weakref/nitro/operator/HashJoinOperator.lambda$resultOutput$3;org/weakref/nitro/operator/HashJoinOperator.materializeOutput;org/weakref/nitro/operator/HashJoinOperator.materializeOuterOutput;org/weakref/nitro/operator/HashJoinOperator.wrapOuterOutput;org/weakref/nitro/operator/Output.borrow;org/weakref/nitro/operator/NitroParquetScanOperator$ScanOutputResolver$$Lambda.0x00000000730aad90.apply;org/weakref/nitro/operator/NitroParquetScanOperator$ScanOutputResolver.resolve;org/weakref/nitro/operator/NitroParquetScanOperator.resolveLazyColumn;org/weakref/nitro/operator/NitroParquetScanOperator.decodeFullColumn;org/weakref/nitro/parquet/ColumnReader.readBinary;org/weakref/nitro/parquet/ColumnReader.readBinaryDirect;org/weakref/nitro/parquet/ColumnReader.decodeNextDataPage;org/weakref/nitro/parquet/ColumnReader.decodeDataPageV1;org/weakref/nitro/parquet/ColumnReader.ensurePageCapacity;org/weakref/nitro/parquet/ColumnReader.ensurePageValueCapacity;org/weakref/nitro/parquet/ColumnReader.replaceInts;org/weakref/nitro/data/PrimitiveArrayPool.borrowInts;int[]_[i] 6
java/lang/Thread.run;java/lang/Thread.runWith;java/util/concurrent/ThreadPoolExecutor$Worker.run;java/util/concurrent/ThreadPoolExecutor.runWorker;java/util/concurrent/FutureTask.run;java/util/concurrent/Executors$RunnableAdapter.call;java/util/concurrent/FutureTask.run;org/openjdk/jmh/runner/BenchmarkHandler$BenchmarkTask.call;org/openjdk/jmh/runner/BenchmarkHandler$BenchmarkTask.call;java/lang/reflect/Method.invoke;jdk/internal/reflect/DirectMethodHandleAccessor.invoke;jdk/internal/reflect/DirectMethodHandleAccessor.invokeImpl;java/lang/invoke/LambdaForm$MH.0x0000000073061400.invokeExact_MT;java/lang/invoke/LambdaForm$MH.0x0000000073061000.invoke;java/lang/invoke/DirectMethodHandle$Holder.invokeSpecial;org/weakref/nitro/tpch/jmh_generated/BenchmarkQueries_query10_jmhTest.query10_AverageTime;org/weakref/nitro/tpch/jmh_generated/BenchmarkQueries_query10_jmhTest.query10_avgt_jmhStub;org/weakref/nitro/tpch/BenchmarkQueries.query10;org/weakref/nitro/tpch/BenchmarkQueries.consume;org/weakref/nitro/operator/ProjectOperator.next;org/weakref/nitro/operator/TopNOperator.next;org/weakref/nitro/operator/TopNOperator.computeTopN;org/weakref/nitro/operator/GroupedAggregationOperator.next;org/weakref/nitro/operator/GroupedAggregationOperator.computeResults;org/weakref/nitro/operator/GroupedAggregationOperator.computeInlineGroupedResults;org/weakref/nitro/operator/GroupedAggregationOperator.prepareAggregationStates;org/weakref/nitro/operator/aggregation/SumF64.grow;org/weakref/nitro/function/scalar/builtin/VectorAccess.writableBooleanVector;org/weakref/nitro/data/Allocator.allocateOrGrow;org/weakref/nitro/data/Allocator.allocate;org/weakref/nitro/function/scalar/builtin/VectorAccess$$Lambda.0x00000000732aba28.apply;org/weakref/nitro/data/BooleanVector.<init>;boolean[]_[i] 1
java/lang/Thread.run;java/lang/Thread.runWith;java/util/concurrent/ThreadPoolExecutor$Worker.run;java/util/concurrent/ThreadPoolExecutor.runWorker;java/util/concurrent/FutureTask.run;java/util/concurrent/Executors$RunnableAdapter.call;java/util/concurrent/FutureTask.run;org/openjdk/jmh/runner/BenchmarkHandler$BenchmarkTask.call;org/openjdk/jmh/runner/BenchmarkHandler$BenchmarkTask.call;java/lang/reflect/Method.invoke;jdk/internal/reflect/DirectMethodHandleAccessor.invoke;jdk/internal/reflect/DirectMethodHandleAccessor.invokeImpl;java/lang/invoke/LambdaForm$MH.0x0000000073061400.invokeExact_MT;java/lang/invoke/LambdaForm$MH.0x0000000073061000.invoke;java/lang/invoke/DirectMethodHandle$Holder.invokeSpecial;org/weakref/nitro/tpch/jmh_generated/BenchmarkQueries_query10_jmhTest.query10_AverageTime;org/weakref/nitro/tpch/jmh_generated/BenchmarkQueries_query10_jmhTest.query10_avgt_jmhStub;org/weakref/nitro/tpch/BenchmarkQueries.query10;org/weakref/nitro/tpch/BenchmarkQueries.consume;org/weakref/nitro/operator/ProjectOperator.next;org/weakref/nitro/operator/TopNOperator.next;org/weakref/nitro/operator/TopNOperator.computeTopN;org/weakref/nitro/operator/GroupedAggregationOperator.next;org/weakref/nitro/operator/GroupedAggregationOperator.computeResults;org/weakref/nitro/operator/GroupedAggregationOperator.computeInlineGroupedResults;org/weakref/nitro/operator/GroupedAggregationOperator.accumulateGroupedRows;org/weakref/nitro/operator/aggregation/SumF64.accumulate;org/weakref/nitro/operator/aggregation/StreamAccessors$$Lambda.0x00000000732aa640.stream;org/weakref/nitro/operator/aggregation/StreamAccessors.lambda$forBatch$0;org/weakref/nitro/operator/aggregation/StreamAccessors.read;org/weakref/nitro/operator/Output.borrowOrNull;org/weakref/nitro/operator/Output.borrow;org/weakref/nitro/operator/ProjectOperator$$Lambda.0x00000000732a3ca0.apply;org/weakref/nitro/operator/ProjectOperator.lambda$next$4;org/weakref/nitro/operator/ProjectOperator.evaluateOutput;java/util/HashMap.computeIfAbsent;org/weakref/nitro/operator/ProjectOperator$$Lambda.0x00000000732aad20.apply;org/weakref/nitro/operator/ProjectOperator.lambda$evaluateOutput$0;org/weakref/nitro/operator/ProjectOperator.evaluateBundle;org/weakref/nitro/operator/ProjectOperator$BatchState.fusedResults;org/weakref/nitro/operator/Output.borrow;org/weakref/nitro/operator/HashJoinOperator$$Lambda.0x00000000732a6628.apply;org/weakref/nitro/operator/HashJoinOperator.lambda$resultOutput$3;org/weakref/nitro/operator/HashJoinOperator.materializeOutput;org/weakref/nitro/operator/HashJoinOperator.materializeOuterOutput;org/weakref/nitro/operator/HashJoinOperator.wrapOuterOutput;org/weakref/nitro/operator/Output.borrow;org/weakref/nitro/operator/HashJoinOperator$$Lambda.0x00000000732a6628.apply;org/weakref/nitro/operator/HashJoinOperator.lambda$resultOutput$3;org/weakref/nitro/operator/HashJoinOperator.materializeOutput;org/weakref/nitro/operator/HashJoinOperator.materializeInnerOutput;org/weakref/nitro/operator/HashJoinOperator.tryWrapMultiRunInnerBooleanSideStreams;org/weakref/nitro/operator/HashJoinOperator.tryWrapMultiRunInnerBooleanStream;int[]_[i] 18
java/lang/Thread.run;java/lang/Thread.runWith;java/util/concurrent/ThreadPoolExecutor$Worker.run;java/util/concurrent/ThreadPoolExecutor.runWorker;java/util/concurrent/FutureTask.run;java/util/concurrent/Executors$RunnableAdapter.call;java/util/concurrent/FutureTask.run;org/openjdk/jmh/runner/BenchmarkHandler$BenchmarkTask.call;org/openjdk/jmh/runner/BenchmarkHandler$BenchmarkTask.call;java/lang/reflect/Method.invoke;jdk/internal/reflect/DirectMethodHandleAccessor.invoke;jdk/internal/reflect/DirectMethodHandleAccessor.invokeImpl;java/lang/invoke/LambdaForm$MH.0x0000000073061400.invokeExact_MT;java/lang/invoke/LambdaForm$MH.0x0000000073061000.invoke;java/lang/invoke/DirectMethodHandle$Holder.invokeSpecial;org/weakref/nitro/tpch/jmh_generated/BenchmarkQueries_query10_jmhTest.query10_AverageTime;org/weakref/nitro/tpch/jmh_generated/BenchmarkQueries_query10_jmhTest.query10_avgt_jmhStub;org/weakref/nitro/tpch/BenchmarkQueries.query10;org/weakref/nitro/tpch/BenchmarkQueries.consume;org/weakref/nitro/operator/ProjectOperator.next;org/weakref/nitro/operator/TopNOperator.next;org/weakref/nitro/operator/TopNOperator.computeTopN;org/weakref/nitro/operator/GroupedAggregationOperator.next;org/weakref/nitro/operator/GroupedAggregationOperator.computeResults;org/weakref/nitro/operator/GroupedAggregationOperator.computeInlineGroupedResults;org/weakref/nitro/operator/GroupedAggregationOperator.assignInlineGroups;org/weakref/nitro/operator/GroupingState.assignGroups;org/weakref/nitro/operator/GroupingState.assignGroups;org/weakref/nitro/operator/GroupingState.assignFlatGroups;org/weakref/nitro/operator/FlatGroupingTable.beginBatch;org/weakref/nitro/operator/FlatKeyLayout.beginBatch;org/weakref/nitro/operator/FlatKeyLayout.internDictionaryEntries;org/weakref/nitro/operator/FlatKeyLayout.borrowInts;int[]_[i] 32
java/lang/Thread.run;java/lang/Thread.runWith;java/util/concurrent/ThreadPoolExecutor$Worker.run;java/util/concurrent/ThreadPoolExecutor.runWorker;java/util/concurrent/FutureTask.run;java/util/concurrent/Executors$RunnableAdapter.call;java/util/concurrent/FutureTask.run;org/openjdk/jmh/runner/BenchmarkHandler$BenchmarkTask.call;org/openjdk/jmh/runner/BenchmarkHandler$BenchmarkTask.call;java/lang/reflect/Method.invoke;jdk/internal/reflect/DirectMethodHandleAccessor.invoke;jdk/internal/reflect/DirectMethodHandleAccessor.invokeImpl;java/lang/invoke/LambdaForm$MH.0x0000000073061400.invokeExact_MT;java/lang/invoke/LambdaForm$MH.0x0000000073061000.invoke;java/lang/invoke/DirectMethodHandle$Holder.invokeSpecial;org/weakref/nitro/tpch/jmh_generated/BenchmarkQueries_query10_jmhTest.query10_AverageTime;org/weakref/nitro/tpch/jmh_generated/BenchmarkQueries_query10_jmhTest.query10_avgt_jmhStub;org/weakref/nitro/tpch/BenchmarkQueries.query10;org/weakref/nitro/tpch/BenchmarkQueries.consume;org/weakref/nitro/operator/ProjectOperator.next;org/weakref/nitro/operator/TopNOperator.next;org/weakref/nitro/operator/TopNOperator.computeTopN;org/weakref/nitro/operator/GroupedAggregationOperator.next;org/weakref/nitro/operator/GroupedAggregationOperator.computeResults;org/weakref/nitro/operator/GroupedAggregationOperator.computeInlineGroupedResults;org/weakref/nitro/operator/ProjectOperator.next;org/weakref/nitro/operator/HashJoinOperator.next;org/weakref/nitro/operator/HashJoinOperator.produceBatch;org/weakref/nitro/operator/HashJoinOperator.produceOrdinaryBatch;org/weakref/nitro/operator/HashJoinOperator.loadNextOuterBatch;org/weakref/nitro/operator/HashJoinOperator.next;org/weakref/nitro/operator/HashJoinOperator.produceBatch;org/weakref/nitro/operator/HashJoinOperator.produceOrdinaryBatch;org/weakref/nitro/operator/HashJoinOperator.loadNextOuterBatch;org/weakref/nitro/operator/HashJoinOperator.next;org/weakref/nitro/operator/HashJoinOperator.produceBatch;org/weakref/nitro/operator/HashJoinOperator.loadInnerIfNecessary;org/weakref/nitro/operator/BufferedJoinInput.loadAll;org/weakref/nitro/operator/ProjectOperator.next;org/weakref/nitro/operator/FilterOperator.next;org/weakref/nitro/operator/evaluator/PlanEvaluator.evaluateInPlace;org/weakref/nitro/operator/evaluator/PlanEvaluator.evaluateTrueMaskInPlace;org/weakref/nitro/operator/evaluator/PlanEvaluator.evaluateTrueMaskInPlace;org/weakref/nitro/operator/evaluator/PlanEvaluator.evaluateAdaptiveAndTrueMaskInPlace;org/weakref/nitro/operator/evaluator/PlanEvaluator.findLongConstantRange;org/weakref/nitro/operator/evaluator/PlanEvaluator.evaluateArgument;org/weakref/nitro/operator/FilterOperator$1.resolve;org/weakref/nitro/operator/Output.borrowOrNull;org/weakref/nitro/operator/Output.borrow;org/weakref/nitro/operator/Output.borrow;org/weakref/nitro/operator/NitroParquetScanOperator$ScanOutputResolver$$Lambda.0x00000000730aad90.apply;org/weakref/nitro/operator/NitroParquetScanOperator$ScanOutputResolver.resolve;org/weakref/nitro/operator/NitroParquetScanOperator.resolveLazyColumn;org/weakref/nitro/operator/NitroParquetScanOperator.decodeFullColumn;org/weakref/nitro/parquet/ColumnReader.readInts;org/weakref/nitro/parquet/ColumnReader.decodeNextDataPage;org/weakref/nitro/parquet/ColumnReader.decodeDataPageV1;org/weakref/nitro/parquet/ColumnReader.ensureIdCapacity;org/weakref/nitro/parquet/ColumnReader.replaceInts;org/weakref/nitro/data/PrimitiveArrayPool.borrowInts;int[]_[i] 6
java/lang/Thread.run;java/lang/Thread.runWith;java/util/concurrent/ThreadPoolExecutor$Worker.run;java/util/concurrent/ThreadPoolExecutor.runWorker;java/util/concurrent/FutureTask.run;java/util/concurrent/Executors$RunnableAdapter.call;java/util/concurrent/FutureTask.run;org/openjdk/jmh/runner/BenchmarkHandler$BenchmarkTask.call;org/openjdk/jmh/runner/BenchmarkHandler$BenchmarkTask.call;java/lang/reflect/Method.invoke;jdk/internal/reflect/DirectMethodHandleAccessor.invoke;jdk/internal/reflect/DirectMethodHandleAccessor.invokeImpl;java/lang/invoke/LambdaForm$MH.0x0000000073061400.invokeExact_MT;java/lang/invoke/LambdaForm$MH.0x0000000073061000.invoke;java/lang/invoke/DirectMethodHandle$Holder.invokeSpecial;org/weakref/nitro/tpch/jmh_generated/BenchmarkQueries_query10_jmhTest.query10_AverageTime;org/weakref/nitro/tpch/jmh_generated/BenchmarkQueries_query10_jmhTest.query10_avgt_jmhStub;org/weakref/nitro/tpch/BenchmarkQueries.query10;org/weakref/nitro/tpch/BenchmarkQueries.consume;org/weakref/nitro/operator/ProjectOperator.next;org/weakref/nitro/operator/TopNOperator.next;org/weakref/nitro/operator/TopNOperator.computeTopN;org/weakref/nitro/operator/GroupedAggregationOperator.next;org/weakref/nitro/operator/GroupedAggregationOperator.computeResults;org/weakref/nitro/operator/GroupedAggregationOperator.computeInlineGroupedResults;org/weakref/nitro/operator/GroupedAggregationOperator.initializeInlineGroupingSchema;org/weakref/nitro/operator/GroupingState.initializeSchema;org/weakref/nitro/operator/GroupingState.initializeIfNecessary;org/weakref/nitro/operator/FlatGroupingTable.<init>;org/weakref/nitro/operator/FlatGroupingTable.<init>;org/weakref/nitro/data/PrimitiveArrayPool.borrowInts;int[]_[i] 1
java/lang/Thread.run;java/lang/Thread.runWith;java/util/concurrent/ThreadPoolExecutor$Worker.run;java/util/concurrent/ThreadPoolExecutor.runWorker;java/util/concurrent/FutureTask.run;java/util/concurrent/Executors$RunnableAdapter.call;java/util/concurrent/FutureTask.run;org/openjdk/jmh/runner/BenchmarkHandler$BenchmarkTask.call;org/openjdk/jmh/runner/BenchmarkHandler$BenchmarkTask.call;java/lang/reflect/Method.invoke;jdk/internal/reflect/DirectMethodHandleAccessor.invoke;jdk/internal/reflect/DirectMethodHandleAccessor.invokeImpl;java/lang/invoke/LambdaForm$MH.0x0000000073061400.invokeExact_MT;java/lang/invoke/LambdaForm$MH.0x0000000073061000.invoke;java/lang/invoke/DirectMethodHandle$Holder.invokeSpecial;org/weakref/nitro/tpch/jmh_generated/BenchmarkQueries_query10_jmhTest.query10_AverageTime;org/weakref/nitro/tpch/jmh_generated/BenchmarkQueries_query10_jmhTest.query10_avgt_jmhStub;org/weakref/nitro/tpch/BenchmarkQueries.query10;org/weakref/nitro/tpch/BenchmarkQueries.consume;org/weakref/nitro/operator/ProjectOperator.next;org/weakref/nitro/operator/TopNOperator.next;org/weakref/nitro/operator/TopNOperator.computeTopN;org/weakref/nitro/operator/GroupedAggregationOperator.next;org/weakref/nitro/operator/GroupedAggregationOperator.computeResults;org/weakref/nitro/operator/GroupedAggregationOperator.computeInlineGroupedResults;org/weakref/nitro/operator/ProjectOperator.next;org/weakref/nitro/operator/HashJoinOperator.next;org/weakref/nitro/operator/HashJoinOperator.produceBatch;org/weakref/nitro/operator/HashJoinOperator.produceOrdinaryBatch;org/weakref/nitro/operator/HashJoinOperator.loadNextOuterBatch;org/weakref/nitro/operator/HashJoinOperator.next;org/weakref/nitro/operator/HashJoinOperator.produceBatch;org/weakref/nitro/operator/HashJoinOperator.produceOrdinaryBatch;org/weakref/nitro/operator/HashJoinOperator.loadNextOuterBatch;org/weakref/nitro/operator/HashJoinOperator.next;org/weakref/nitro/operator/HashJoinOperator.produceBatch;org/weakref/nitro/operator/HashJoinOperator.loadInnerIfNecessary;org/weakref/nitro/operator/BufferedJoinInput.loadAll;org/weakref/nitro/operator/ProjectOperator.next;org/weakref/nitro/operator/Output.forward;org.weakref.nitro.operator.Output_[i] 1
java/lang/Thread.run;java/lang/Thread.runWith;java/util/concurrent/ThreadPoolExecutor$Worker.run;java/util/concurrent/ThreadPoolExecutor.runWorker;java/util/concurrent/FutureTask.run;java/util/concurrent/Executors$RunnableAdapter.call;java/util/concurrent/FutureTask.run;org/openjdk/jmh/runner/BenchmarkHandler$BenchmarkTask.call;org/openjdk/jmh/runner/BenchmarkHandler$BenchmarkTask.call;java/lang/reflect/Method.invoke;jdk/internal/reflect/DirectMethodHandleAccessor.invoke;jdk/internal/reflect/DirectMethodHandleAccessor.invokeImpl;java/lang/invoke/LambdaForm$MH.0x0000000073061400.invokeExact_MT;java/lang/invoke/LambdaForm$MH.0x0000000073061000.invoke;java/lang/invoke/DirectMethodHandle$Holder.invokeSpecial;org/weakref/nitro/tpch/jmh_generated/BenchmarkQueries_query10_jmhTest.query10_AverageTime;org/weakref/nitro/tpch/jmh_generated/BenchmarkQueries_query10_jmhTest.query10_avgt_jmhStub;org/weakref/nitro/tpch/BenchmarkQueries.query10;org/weakref/nitro/tpch/BenchmarkQueries.consume;org/weakref/nitro/operator/ProjectOperator.next;org/weakref/nitro/operator/TopNOperator.next;org/weakref/nitro/operator/TopNOperator.computeTopN;org/weakref/nitro/operator/GroupedAggregationOperator.next;org/weakref/nitro/operator/GroupedAggregationOperator.computeResults;org/weakref/nitro/operator/GroupedAggregationOperator.computeInlineGroupedResults;org/weakref/nitro/operator/ProjectOperator.next;org/weakref/nitro/operator/HashJoinOperator.next;org/weakref/nitro/operator/HashJoinOperator.produceBatch;org/weakref/nitro/operator/HashJoinOperator.loadInnerIfNecessary;org/weakref/nitro/operator/BufferedJoinInput.loadAll;org/weakref/nitro/operator/JoinBufferSupport.copyAndCompact;org/weakref/nitro/operator/JoinBufferSupport.copyVectorPositions;org/weakref/nitro/operator/JoinBufferSupport.copyBinaryPositions;org/weakref/nitro/data/BinaryVector.allocateOrGrow;org/weakref/nitro/data/BinaryVector.allocate;org/weakref/nitro/data/Allocator.allocatePooled;org/weakref/nitro/data/BinaryVector$$Lambda.0x0000000073287818.get;org/weakref/nitro/data/BinaryVector.lambda$allocate$0;org/weakref/nitro/data/BinaryVector.<init>;int[]_[i] 1
java/lang/Thread.run;java/lang/Thread.runWith;java/util/concurrent/ThreadPoolExecutor$Worker.run;java/util/concurrent/ThreadPoolExecutor.runWorker;java/util/concurrent/FutureTask.run;java/util/concurrent/Executors$RunnableAdapter.call;java/util/concurrent/FutureTask.run;org/openjdk/jmh/runner/BenchmarkHandler$BenchmarkTask.call;org/openjdk/jmh/runner/BenchmarkHandler$BenchmarkTask.call;java/lang/reflect/Method.invoke;jdk/internal/reflect/DirectMethodHandleAccessor.invoke;jdk/internal/reflect/DirectMethodHandleAccessor.invokeImpl;java/lang/invoke/LambdaForm$MH.0x0000000073061400.invokeExact_MT;java/lang/invoke/LambdaForm$MH.0x0000000073061000.invoke;java/lang/invoke/DirectMethodHandle$Holder.invokeSpecial;org/weakref/nitro/tpch/jmh_generated/BenchmarkQueries_query10_jmhTest.query10_AverageTime;org/weakref/nitro/tpch/jmh_generated/BenchmarkQueries_query10_jmhTest.query10_avgt_jmhStub;org/weakref/nitro/tpch/BenchmarkQueries.query10;org/weakref/nitro/tpch/BenchmarkQueries.consume;org/weakref/nitro/operator/ProjectOperator.next;org/weakref/nitro/operator/TopNOperator.next;org/weakref/nitro/operator/TopNOperator.computeTopN;org/weakref/nitro/operator/GroupedAggregationOperator.next;org/weakref/nitro/operator/GroupedAggregationOperator.computeResults;org/weakref/nitro/operator/GroupedAggregationOperator.computeInlineGroupedResults;org/weakref/nitro/operator/ProjectOperator.next;org/weakref/nitro/operator/HashJoinOperator.next;org/weakref/nitro/operator/HashJoinOperator.produceBatch;org/weakref/nitro/operator/HashJoinOperator.produceOrdinaryBatch;org/weakref/nitro/operator/HashJoinOperator.loadNextOuterBatch;org/weakref/nitro/operator/HashJoinOperator.next;org/weakref/nitro/operator/HashJoinOperator.produceBatch;org/weakref/nitro/operator/HashJoinOperator.loadInnerIfNecessary;org/weakref/nitro/operator/BufferedJoinInput.loadAll;org/weakref/nitro/operator/ProjectOperator.next;org/weakref/nitro/operator/FilterOperator.next;org/weakref/nitro/operator/evaluator/PlanEvaluator.evaluateInPlace;org/weakref/nitro/operator/evaluator/PlanEvaluator.evaluateTrueMaskInPlace;org/weakref/nitro/operator/evaluator/PlanEvaluator.tryEvaluatePrimitiveTrueMaskInPlace;org/weakref/nitro/operator/evaluator/PlanEvaluator.tryEvaluatePrimitiveMaskInPlace;org/weakref/nitro/operator/evaluator/PlanEvaluator.resolveMaskPrimitiveInvocation;org/weakref/nitro/operator/evaluator/PlanEvaluator.evaluateArgument;org/weakref/nitro/operator/Streams.of;org.weakref.nitro.operator.Streams_[i] 1
java/lang/Thread.run;java/lang/Thread.runWith;java/util/concurrent/ThreadPoolExecutor$Worker.run;java/util/concurrent/ThreadPoolExecutor.runWorker;java/util/concurrent/FutureTask.run;java/util/concurrent/Executors$RunnableAdapter.call;java/util/concurrent/FutureTask.run;org/openjdk/jmh/runner/BenchmarkHandler$BenchmarkTask.call;org/openjdk/jmh/runner/BenchmarkHandler$BenchmarkTask.call;java/lang/reflect/Method.invoke;jdk/internal/reflect/DirectMethodHandleAccessor.invoke;jdk/internal/reflect/DirectMethodHandleAccessor.invokeImpl;java/lang/invoke/LambdaForm$MH.0x0000000073061400.invokeExact_MT;java/lang/invoke/LambdaForm$MH.0x0000000073061000.invoke;java/lang/invoke/DirectMethodHandle$Holder.invokeSpecial;org/weakref/nitro/tpch/jmh_generated/BenchmarkQueries_query10_jmhTest.query10_AverageTime;org/weakref/nitro/tpch/jmh_generated/BenchmarkQueries_query10_jmhTest.query10_avgt_jmhStub;org/weakref/nitro/tpch/BenchmarkQueries.query10;org/weakref/nitro/tpch/BenchmarkQueries.consume;org/weakref/nitro/operator/ProjectOperator.next;org/weakref/nitro/operator/TopNOperator.next;org/weakref/nitro/operator/TopNOperator.computeTopN;org/weakref/nitro/operator/GroupedAggregationOperator.next;org/weakref/nitro/operator/GroupedAggregationOperator.computeResults;org/weakref/nitro/operator/GroupedAggregationOperator.computeInlineGroupedResults;org/weakref/nitro/operator/ProjectOperator.next;org/weakref/nitro/operator/HashJoinOperator.next;org/weakref/nitro/operator/HashJoinOperator.produceBatch;org/weakref/nitro/operator/HashJoinOperator.produceOrdinaryBatch;org/weakref/nitro/operator/HashJoinOperator.loadNextOuterBatch;org/weakref/nitro/operator/HashJoinOperator.next;org/weakref/nitro/operator/HashJoinOperator.produceBatch;org/weakref/nitro/operator/HashJoinOperator.loadInnerIfNecessary;org/weakref/nitro/operator/BufferedJoinInput.loadAll;org/weakref/nitro/operator/JoinBufferSupport.copyAndCompact;org/weakref/nitro/operator/Output.borrow;org/weakref/nitro/operator/Output.resolveMasked;org/weakref/nitro/operator/Output$$Lambda.0x000000007329e4f8.resolve;org/weakref/nitro/operator/Output.borrowMaybeMasked;org/weakref/nitro/operator/Output.borrow;org/weakref/nitro/operator/NitroParquetScanOperator$ScanOutputResolver$$Lambda.0x00000000730aad90.apply;org/weakref/nitro/operator/NitroParquetScanOperator$ScanOutputResolver.resolve;org/weakref/nitro/operator/NitroParquetScanOperator.resolveLazyColumn;org/weakref/nitro/operator/NitroParquetScanOperator.decodeFullColumn;org/weakref/nitro/parquet/ColumnReader.readLongs;org/weakref/nitro/parquet/ColumnReader.decodeNextDataPage;org/weakref/nitro/parquet/ColumnReader.decodeDataPageV1;org/weakref/nitro/parquet/ColumnReader.ensurePageCapacity;org/weakref/nitro/parquet/ColumnReader.ensurePageValueCapacity;org/weakref/nitro/parquet/ColumnReader.replaceLongs;org/weakref/nitro/data/PrimitiveArrayPool.borrowLongs;long[]_[i] 2
java/lang/Thread.run;java/lang/Thread.runWith;java/util/concurrent/ThreadPoolExecutor$Worker.run;java/util/concurrent/ThreadPoolExecutor.runWorker;java/util/concurrent/FutureTask.run;java/util/concurrent/Executors$RunnableAdapter.call;java/util/concurrent/FutureTask.run;org/openjdk/jmh/runner/BenchmarkHandler$BenchmarkTask.call;org/openjdk/jmh/runner/BenchmarkHandler$BenchmarkTask.call;java/lang/reflect/Method.invoke;jdk/internal/reflect/DirectMethodHandleAccessor.invoke;jdk/internal/reflect/DirectMethodHandleAccessor.invokeImpl;java/lang/invoke/LambdaForm$MH.0x0000000073061400.invokeExact_MT;java/lang/invoke/LambdaForm$MH.0x0000000073061000.invoke;java/lang/invoke/DirectMethodHandle$Holder.invokeSpecial;org/weakref/nitro/tpch/jmh_generated/BenchmarkQueries_query10_jmhTest.query10_AverageTime;org/weakref/nitro/tpch/jmh_generated/BenchmarkQueries_query10_jmhTest.query10_avgt_jmhStub;org/weakref/nitro/tpch/BenchmarkQueries.query10;org/weakref/nitro/tpch/BenchmarkQueries.consume;org/weakref/nitro/operator/ProjectOperator.next;org/weakref/nitro/operator/TopNOperator.next;org/weakref/nitro/operator/TopNOperator.computeTopN;org/weakref/nitro/operator/GroupedAggregationOperator.next;org/weakref/nitro/operator/GroupedAggregationOperator.computeResults;org/weakref/nitro/operator/GroupedAggregationOperator.computeInlineGroupedResults;org/weakref/nitro/operator/ProjectOperator.next;org/weakref/nitro/operator/HashJoinOperator.next;org/weakref/nitro/operator/HashJoinOperator.produceBatch;org/weakref/nitro/operator/HashJoinOperator.produceOrdinaryBatch;org/weakref/nitro/operator/HashJoinOperator.loadNextOuterBatch;org/weakref/nitro/operator/HashJoinOperator.next;org/weakref/nitro/operator/HashJoinOperator.produceBatch;org/weakref/nitro/operator/HashJoinOperator.loadInnerIfNecessary;org/weakref/nitro/operator/BufferedJoinInput.loadAll;org/weakref/nitro/operator/BufferedJoinInput.captureSchema;org/weakref/nitro/operator/Output.borrow;org/weakref/nitro/operator/Output.resolveMasked;org/weakref/nitro/operator/Output$$Lambda.0x000000007329e4f8.resolve;org/weakref/nitro/operator/Output.borrowMaybeMasked;org/weakref/nitro/operator/Output.borrow;org/weakref/nitro/operator/NitroParquetScanOperator$ScanOutputResolver$$Lambda.0x00000000730aad90.apply;org/weakref/nitro/operator/NitroParquetScanOperator$ScanOutputResolver.resolve;org/weakref/nitro/operator/NitroParquetScanOperator.resolveLazyColumn;org/weakref/nitro/operator/NitroParquetScanOperator.decodeFullColumn;org/weakref/nitro/operator/NitroParquetScanOperator.replaceLongs;org/weakref/nitro/data/PrimitiveArrayPool.borrowLongs;long[]_[i] 1
java/lang/Thread.run;java/lang/Thread.runWith;java/util/concurrent/ThreadPoolExecutor$Worker.run;java/util/concurrent/ThreadPoolExecutor.runWorker;java/util/concurrent/FutureTask.run;java/util/concurrent/Executors$RunnableAdapter.call;java/util/concurrent/FutureTask.run;org/openjdk/jmh/runner/BenchmarkHandler$BenchmarkTask.call;org/openjdk/jmh/runner/BenchmarkHandler$BenchmarkTask.call;java/lang/reflect/Method.invoke;jdk/internal/reflect/DirectMethodHandleAccessor.invoke;jdk/internal/reflect/DirectMethodHandleAccessor.invokeImpl;java/lang/invoke/LambdaForm$MH.0x0000000073061400.invokeExact_MT;java/lang/invoke/LambdaForm$MH.0x0000000073061000.invoke;java/lang/invoke/DirectMethodHandle$Holder.invokeSpecial;org/weakref/nitro/tpch/jmh_generated/BenchmarkQueries_query10_jmhTest.query10_AverageTime;org/weakref/nitro/tpch/jmh_generated/BenchmarkQueries_query10_jmhTest.query10_avgt_jmhStub;org/weakref/nitro/tpch/BenchmarkQueries.query10;org/weakref/nitro/tpch/BenchmarkQueries.consume;org/weakref/nitro/operator/ProjectOperator.next;org/weakref/nitro/operator/TopNOperator.next;org/weakref/nitro/operator/TopNOperator.computeTopN;org/weakref/nitro/operator/GroupedAggregationOperator.next;org/weakref/nitro/operator/GroupedAggregationOperator.computeResults;org/weakref/nitro/operator/GroupedAggregationOperator.computeInlineGroupedResults;org/weakref/nitro/operator/GroupedAggregationOperator.accumulateGroupedRows;org/weakref/nitro/operator/aggregation/SumF64.accumulate;org/weakref/nitro/operator/aggregation/StreamAccessors$$Lambda.0x00000000732aa640.stream;org/weakref/nitro/operator/aggregation/StreamAccessors.lambda$forBatch$0;org/weakref/nitro/operator/aggregation/StreamAccessors.read;org/weakref/nitro/operator/Output.borrowOrNull;org/weakref/nitro/operator/Output.borrow;org/weakref/nitro/operator/ProjectOperator$$Lambda.0x00000000732a3ca0.apply;org/weakref/nitro/operator/ProjectOperator.lambda$next$4;org/weakref/nitro/operator/ProjectOperator.evaluateOutput;java/util/HashMap.computeIfAbsent;org/weakref/nitro/operator/ProjectOperator$$Lambda.0x00000000732aad20.apply;org/weakref/nitro/operator/ProjectOperator.lambda$evaluateOutput$0;org/weakref/nitro/operator/ProjectOperator.evaluateBundle;org/weakref/nitro/operator/ProjectOperator$BatchState.fusedResults;org/weakref/nitro/operator/Output.borrow;org/weakref/nitro/operator/HashJoinOperator$$Lambda.0x00000000732a6628.apply;org/weakref/nitro/operator/HashJoinOperator.lambda$resultOutput$3;org/weakref/nitro/operator/HashJoinOperator.materializeOutput;org/weakref/nitro/operator/HashJoinOperator.materializeOuterOutput;org/weakref/nitro/operator/HashJoinOperator.wrapOuterOutput;org/weakref/nitro/operator/Output.borrow;org/weakref/nitro/operator/HashJoinOperator$$Lambda.0x00000000732a6628.apply;org/weakref/nitro/operator/HashJoinOperator.lambda$resultOutput$3;org/weakref/nitro/operator/HashJoinOperator.materializeOutput;org/weakref/nitro/operator/HashJoinOperator.materializeInnerOutput;org/weakref/nitro/operator/HashJoinOperator.copyInnerPositions;org/weakref/nitro/operator/HashJoinOperator.selectedStreams;org/weakref/nitro/operator/Streams$Builder.build;org.weakref.nitro.operator.Streams_[i] 55
java/lang/Thread.run;java/lang/Thread.runWith;java/util/concurrent/ThreadPoolExecutor$Worker.run;java/util/concurrent/ThreadPoolExecutor.runWorker;java/util/concurrent/FutureTask.run;java/util/concurrent/Executors$RunnableAdapter.call;java/util/concurrent/FutureTask.run;org/openjdk/jmh/runner/BenchmarkHandler$BenchmarkTask.call;org/openjdk/jmh/runner/BenchmarkHandler$BenchmarkTask.call;java/lang/reflect/Method.invoke;jdk/internal/reflect/DirectMethodHandleAccessor.invoke;jdk/internal/reflect/DirectMethodHandleAccessor.invokeImpl;java/lang/invoke/LambdaForm$MH.0x0000000073061400.invokeExact_MT;java/lang/invoke/LambdaForm$MH.0x0000000073061000.invoke;java/lang/invoke/DirectMethodHandle$Holder.invokeSpecial;org/weakref/nitro/tpch/jmh_generated/BenchmarkQueries_query10_jmhTest.query10_AverageTime;org/weakref/nitro/tpch/jmh_generated/BenchmarkQueries_query10_jmhTest.query10_avgt_jmhStub;org/weakref/nitro/tpch/BenchmarkQueries.query10;org/weakref/nitro/tpch/BenchmarkQueries.consume;org/weakref/nitro/operator/ProjectOperator.next;org/weakref/nitro/operator/TopNOperator.next;org/weakref/nitro/operator/TopNOperator.computeTopN;org/weakref/nitro/operator/GroupedAggregationOperator.next;org/weakref/nitro/operator/GroupedAggregationOperator.computeResults;org/weakref/nitro/operator/GroupedAggregationOperator.computeInlineGroupedResults;org/weakref/nitro/operator/ProjectOperator.next;org/weakref/nitro/operator/HashJoinOperator.next;org/weakref/nitro/operator/HashJoinOperator.produceBatch;org/weakref/nitro/operator/HashJoinOperator.produceOrdinaryBatch;org/weakref/nitro/operator/HashJoinOperator.loadNextOuterBatch;org/weakref/nitro/operator/HashJoinOperator.next;org/weakref/nitro/operator/HashJoinOperator.produceBatch;org/weakref/nitro/operator/HashJoinOperator.loadInnerIfNecessary;org/weakref/nitro/operator/BufferedJoinInput.loadAll;org/weakref/nitro/operator/ProjectOperator.next;org/weakref/nitro/operator/FilterOperator.next;org/weakref/nitro/operator/evaluator/PlanEvaluator.evaluateInPlace;org/weakref/nitro/operator/evaluator/PlanEvaluator.evaluateTrueMaskInPlace;org/weakref/nitro/operator/evaluator/PlanEvaluator.tryEvaluatePrimitiveTrueMaskInPlace;org/weakref/nitro/operator/evaluator/PlanEvaluator.tryEvaluatePrimitiveMaskInPlace;org/weakref/nitro/operator/evaluator/PlanEvaluator.resolveMaskPrimitiveInvocation;org/weakref/nitro/operator/evaluator/PlanEvaluator.evaluateArgument;org/weakref/nitro/operator/evaluator/PlanEvaluator.evaluateAvailableReference;org/weakref/nitro/operator/evaluator/PlanEvaluator.evaluate;org/weakref/nitro/operator/evaluator/PlanEvaluator.evaluateUnmemoized;org/weakref/nitro/operator/evaluator/PlanEvaluator.evaluateVariable;org/weakref/nitro/operator/evaluator/PlanEvaluator.evaluateLiteral;org/weakref/nitro/operator/evaluator/PlanEvaluator.fillUtf8;org/weakref/nitro/data/Allocator.allocateSingleRunRle;org/weakref/nitro/data/RleVector.<init>;java/util/Arrays.stream;java/util/Arrays.stream;java/util/Arrays.spliterator;java/util/Spliterators.spliterator;java.util.Spliterators$IntArraySpliterator_[i] 1
java/lang/Thread.run;java/lang/Thread.runWith;java/util/concurrent/ThreadPoolExecutor$Worker.run;java/util/concurrent/ThreadPoolExecutor.runWorker;java/util/concurrent/FutureTask.run;java/util/concurrent/Executors$RunnableAdapter.call;java/util/concurrent/FutureTask.run;org/openjdk/jmh/runner/BenchmarkHandler$BenchmarkTask.call;org/openjdk/jmh/runner/BenchmarkHandler$BenchmarkTask.call;java/lang/reflect/Method.invoke;jdk/internal/reflect/DirectMethodHandleAccessor.invoke;jdk/internal/reflect/DirectMethodHandleAccessor.invokeImpl;java/lang/invoke/LambdaForm$MH.0x0000000073061400.invokeExact_MT;java/lang/invoke/LambdaForm$MH.0x0000000073061000.invoke;java/lang/invoke/DirectMethodHandle$Holder.invokeSpecial;org/weakref/nitro/tpch/jmh_generated/BenchmarkQueries_query10_jmhTest.query10_AverageTime;org/weakref/nitro/tpch/jmh_generated/BenchmarkQueries_query10_jmhTest.query10_avgt_jmhStub;org/weakref/nitro/tpch/BenchmarkQueries.query10;org/weakref/nitro/tpch/BenchmarkQueries.consume;org/weakref/nitro/operator/ProjectOperator.next;org/weakref/nitro/operator/TopNOperator.next;org/weakref/nitro/operator/TopNOperator.computeTopN;org/weakref/nitro/operator/GroupedAggregationOperator.next;org/weakref/nitro/operator/GroupedAggregationOperator.computeResults;org/weakref/nitro/operator/GroupedAggregationOperator.computeInlineGroupedResults;org/weakref/nitro/operator/ProjectOperator.next;org/weakref/nitro/operator/HashJoinOperator.next;org/weakref/nitro/operator/HashJoinOperator.produceBatch;org/weakref/nitro/operator/HashJoinOperator.produceOrdinaryBatch;org/weakref/nitro/operator/HashJoinOperator.loadNextOuterBatch;org/weakref/nitro/operator/HashJoinOperator.next;org/weakref/nitro/operator/HashJoinOperator.produceBatch;org/weakref/nitro/operator/HashJoinOperator.produceOrdinaryBatch;org/weakref/nitro/operator/HashJoinOperator.loadNextOuterBatch;org/weakref/nitro/operator/HashJoinOperator.next;org/weakref/nitro/operator/HashJoinOperator.produceBatch;org/weakref/nitro/operator/HashJoinOperator.loadInnerIfNecessary;org/weakref/nitro/operator/BufferedJoinInput.loadAll;org/weakref/nitro/operator/ProjectOperator.next;org/weakref/nitro/operator/FilterOperator.next;org/weakref/nitro/operator/evaluator/PlanEvaluator.evaluateInPlace;org/weakref/nitro/operator/evaluator/PlanEvaluator.evaluateTrueMaskInPlace;org/weakref/nitro/operator/evaluator/PlanEvaluator.evaluateTrueMaskInPlace;org/weakref/nitro/operator/evaluator/PlanEvaluator.evaluateAdaptiveAndTrueMaskInPlace;org/weakref/nitro/operator/evaluator/PlanEvaluator$RangeFusion.apply;org/weakref/nitro/data/Mask.retainConstantRange;org/weakref/nitro/data/Mask.positionsArray;org/weakref/nitro/data/Mask.ensureCapacity;java/util/Arrays.copyOf;int[]_[i] 1
java/lang/Thread.run;java/lang/Thread.runWith;java/util/concurrent/ThreadPoolExecutor$Worker.run;java/util/concurrent/ThreadPoolExecutor.runWorker;java/util/concurrent/FutureTask.run;java/util/concurrent/Executors$RunnableAdapter.call;java/util/concurrent/FutureTask.run;org/openjdk/jmh/runner/BenchmarkHandler$BenchmarkTask.call;org/openjdk/jmh/runner/BenchmarkHandler$BenchmarkTask.call;java/lang/reflect/Method.invoke;jdk/internal/reflect/DirectMethodHandleAccessor.invoke;jdk/internal/reflect/DirectMethodHandleAccessor.invokeImpl;java/lang/invoke/LambdaForm$MH.0x0000000073061400.invokeExact_MT;java/lang/invoke/LambdaForm$MH.0x0000000073061000.invoke;java/lang/invoke/DirectMethodHandle$Holder.invokeSpecial;org/weakref/nitro/tpch/jmh_generated/BenchmarkQueries_query10_jmhTest.query10_AverageTime;org/weakref/nitro/tpch/jmh_generated/BenchmarkQueries_query10_jmhTest.query10_avgt_jmhStub;org/weakref/nitro/tpch/BenchmarkQueries.query10;org/weakref/nitro/tpch/BenchmarkQueries.consume;org/weakref/nitro/operator/ProjectOperator.next;org/weakref/nitro/operator/TopNOperator.next;org/weakref/nitro/operator/TopNOperator.computeTopN;org/weakref/nitro/operator/GroupedAggregationOperator.next;org/weakref/nitro/operator/GroupedAggregationOperator.computeResults;org/weakref/nitro/operator/GroupedAggregationOperator.computeInlineGroupedResults;org/weakref/nitro/operator/ProjectOperator.next;org/weakref/nitro/operator/HashJoinOperator.next;org/weakref/nitro/operator/HashJoinOperator.produceBatch;org/weakref/nitro/operator/HashJoinOperator.loadInnerIfNecessary;org/weakref/nitro/operator/BufferedJoinInput.loadAll;org/weakref/nitro/operator/JoinBufferSupport.copyAndCompact;org/weakref/nitro/operator/JoinBufferSupport.copyVectorPositions;org/weakref/nitro/operator/JoinBufferSupport.copyBinaryPositions;org/weakref/nitro/data/BinaryVector.allocateOrGrow;org/weakref/nitro/data/BinaryVector.allocate;org/weakref/nitro/data/Allocator.allocatePooled;org/weakref/nitro/data/BinaryVector$$Lambda.0x0000000073287818.get;org/weakref/nitro/data/BinaryVector.lambda$allocate$0;org/weakref/nitro/data/BinaryVector.<init>;byte[]_[i] 1
java/lang/Thread.run;java/lang/Thread.runWith;java/util/concurrent/ThreadPoolExecutor$Worker.run;java/util/concurrent/ThreadPoolExecutor.runWorker;java/util/concurrent/FutureTask.run;java/util/concurrent/Executors$RunnableAdapter.call;java/util/concurrent/FutureTask.run;org/openjdk/jmh/runner/BenchmarkHandler$BenchmarkTask.call;org/openjdk/jmh/runner/BenchmarkHandler$BenchmarkTask.call;java/lang/reflect/Method.invoke;jdk/internal/reflect/DirectMethodHandleAccessor.invoke;jdk/internal/reflect/DirectMethodHandleAccessor.invokeImpl;java/lang/invoke/LambdaForm$MH.0x0000000073061400.invokeExact_MT;java/lang/invoke/LambdaForm$MH.0x0000000073061000.invoke;java/lang/invoke/DirectMethodHandle$Holder.invokeSpecial;org/weakref/nitro/tpch/jmh_generated/BenchmarkQueries_query10_jmhTest.query10_AverageTime;org/weakref/nitro/tpch/jmh_generated/BenchmarkQueries_query10_jmhTest.query10_avgt_jmhStub;org/weakref/nitro/tpch/BenchmarkQueries.query10;org/weakref/nitro/tpch/BenchmarkQueries.consume;org/weakref/nitro/operator/ProjectOperator.next;org/weakref/nitro/operator/TopNOperator.next;org/weakref/nitro/operator/TopNOperator.computeTopN;org/weakref/nitro/operator/GroupedAggregationOperator.next;org/weakref/nitro/operator/GroupedAggregationOperator.computeResults;org/weakref/nitro/operator/GroupedAggregationOperator.computeInlineGroupedResults;org/weakref/nitro/operator/GroupedAggregationOperator.assignInlineGroups;org/weakref/nitro/operator/GroupingState.assignGroups;org/weakref/nitro/operator/GroupingState.assignGroups;org/weakref/nitro/operator/GroupingState.assignFlatGroups;org/weakref/nitro/operator/FlatGroupingTable.prepareBatchHashes;org/weakref/nitro/operator/FlatGroupingTable.prepareBatchHash;org/weakref/nitro/operator/FlatKeyLayout.hash;org/weakref/nitro/operator/FlatKeyLayout.fieldHash;org/weakref/nitro/operator/FlatKeyLayout.binaryFieldHash;org/weakref/nitro/operator/FlatKeyLayout.globalIdFor;org/weakref/nitro/operator/ValueIdInterner.intern;org/weakref/nitro/operator/ValueIdInterner.store;java/util/Arrays.copyOf;int[]_[i] 2
java/lang/Thread.run;java/lang/Thread.runWith;java/util/concurrent/ThreadPoolExecutor$Worker.run;java/util/concurrent/ThreadPoolExecutor.runWorker;java/util/concurrent/FutureTask.run;java/util/concurrent/Executors$RunnableAdapter.call;java/util/concurrent/FutureTask.run;org/openjdk/jmh/runner/BenchmarkHandler$BenchmarkTask.call;org/openjdk/jmh/runner/BenchmarkHandler$BenchmarkTask.call;java/lang/reflect/Method.invoke;jdk/internal/reflect/DirectMethodHandleAccessor.invoke;jdk/internal/reflect/DirectMethodHandleAccessor.invokeImpl;java/lang/invoke/LambdaForm$MH.0x0000000073061400.invokeExact_MT;java/lang/invoke/LambdaForm$MH.0x0000000073061000.invoke;java/lang/invoke/DirectMethodHandle$Holder.invokeSpecial;org/weakref/nitro/tpch/jmh_generated/BenchmarkQueries_query10_jmhTest.query10_AverageTime;org/weakref/nitro/tpch/jmh_generated/BenchmarkQueries_query10_jmhTest.query10_avgt_jmhStub;org/weakref/nitro/tpch/BenchmarkQueries.query10;org/weakref/nitro/tpch/BenchmarkQueries.consume;org/weakref/nitro/operator/ProjectOperator.next;org/weakref/nitro/operator/TopNOperator.next;org/weakref/nitro/operator/TopNOperator.computeTopN;org/weakref/nitro/operator/GroupedAggregationOperator.next;org/weakref/nitro/operator/GroupedAggregationOperator.computeResults;org/weakref/nitro/operator/GroupedAggregationOperator.computeInlineGroupedResults;org/weakref/nitro/operator/ProjectOperator.next;org/weakref/nitro/operator/HashJoinOperator.next;org/weakref/nitro/operator/HashJoinOperator.produceBatch;org/weakref/nitro/operator/HashJoinOperator.produceOrdinaryBatch;org/weakref/nitro/operator/HashJoinOperator.loadNextOuterBatch;org/weakref/nitro/operator/HashJoinOperator.next;org/weakref/nitro/operator/HashJoinOperator.produceBatch;org/weakref/nitro/operator/HashJoinOperator.loadInnerIfNecessary;org/weakref/nitro/operator/BufferedJoinInput.loadAll;org/weakref/nitro/operator/BufferedJoinInput.captureSchema;org/weakref/nitro/operator/Output.borrow;org/weakref/nitro/operator/Output.resolveMasked;org/weakref/nitro/operator/Output$$Lambda.0x000000007329e4f8.resolve;org/weakref/nitro/operator/Output.borrowMaybeMasked;org/weakref/nitro/operator/Output.borrow;org/weakref/nitro/operator/NitroParquetScanOperator$ScanOutputResolver$$Lambda.0x00000000730aad90.apply;org/weakref/nitro/operator/NitroParquetScanOperator$ScanOutputResolver.resolve;org/weakref/nitro/operator/NitroParquetScanOperator.resolveLazyColumn;org/weakref/nitro/operator/NitroParquetScanOperator.decodeFullColumn;org/weakref/nitro/parquet/ColumnReader.readLongs;org/weakref/nitro/parquet/ColumnReader.decodeNextDataPage;org/weakref/nitro/parquet/ColumnReader.decodeDataPageV1;org/weakref/nitro/parquet/ColumnReader.ensureIdCapacity;org/weakref/nitro/parquet/ColumnReader.replaceInts;org/weakref/nitro/data/PrimitiveArrayPool.borrowInts;int[]_[i] 1
java/lang/Thread.run;java/lang/Thread.runWith;java/util/concurrent/ThreadPoolExecutor$Worker.run;java/util/concurrent/ThreadPoolExecutor.runWorker;java/util/concurrent/FutureTask.run;java/util/concurrent/Executors$RunnableAdapter.call;java/util/concurrent/FutureTask.run;org/openjdk/jmh/runner/BenchmarkHandler$BenchmarkTask.call;org/openjdk/jmh/runner/BenchmarkHandler$BenchmarkTask.call;java/lang/reflect/Method.invoke;jdk/internal/reflect/DirectMethodHandleAccessor.invoke;jdk/internal/reflect/DirectMethodHandleAccessor.invokeImpl;java/lang/invoke/LambdaForm$MH.0x0000000073061400.invokeExact_MT;java/lang/invoke/LambdaForm$MH.0x0000000073061000.invoke;java/lang/invoke/DirectMethodHandle$Holder.invokeSpecial;org/weakref/nitro/tpch/jmh_generated/BenchmarkQueries_query10_jmhTest.query10_AverageTime;org/weakref/nitro/tpch/jmh_generated/BenchmarkQueries_query10_jmhTest.query10_avgt_jmhStub;org/weakref/nitro/tpch/BenchmarkQueries.query10;org/weakref/nitro/tpch/BenchmarkQueries.consume;org/weakref/nitro/operator/ProjectOperator.next;org/weakref/nitro/operator/TopNOperator.next;org/weakref/nitro/operator/TopNOperator.computeTopN;org/weakref/nitro/operator/GroupedAggregationOperator.next;org/weakref/nitro/operator/GroupedAggregationOperator.computeResults;org/weakref/nitro/operator/GroupedAggregationOperator.computeInlineGroupedResults;org/weakref/nitro/operator/ProjectOperator.next;org/weakref/nitro/operator/HashJoinOperator.next;org/weakref/nitro/operator/HashJoinOperator.produceBatch;org/weakref/nitro/operator/HashJoinOperator.produceOrdinaryBatch;org/weakref/nitro/operator/HashJoinOperator.loadNextOuterBatch;org/weakref/nitro/operator/HashJoinOperator.next;org/weakref/nitro/operator/HashJoinOperator.produceBatch;org/weakref/nitro/operator/HashJoinOperator.loadInnerIfNecessary;org/weakref/nitro/operator/BufferedJoinInput.loadAll;org/weakref/nitro/operator/JoinBufferSupport.copyAndCompact;org/weakref/nitro/operator/Output.borrow;org/weakref/nitro/operator/Output.resolveMasked;org/weakref/nitro/operator/Output$$Lambda.0x000000007329e4f8.resolve;org/weakref/nitro/operator/Output.borrowMaybeMasked;org/weakref/nitro/operator/Output.borrow;org/weakref/nitro/operator/NitroParquetScanOperator$ScanOutputResolver$$Lambda.0x00000000730aad90.apply;org/weakref/nitro/operator/NitroParquetScanOperator$ScanOutputResolver.resolve;org/weakref/nitro/operator/NitroParquetScanOperator.resolveLazyColumn;org/weakref/nitro/operator/NitroParquetScanOperator.decodeFullColumn;org/weakref/nitro/parquet/ColumnReader.readLongs;org/weakref/nitro/parquet/ColumnReader.decodeNextDataPage;org/weakref/nitro/parquet/ColumnReader.decodeDataPageV1;org/weakref/nitro/parquet/ColumnReader.ensurePageCapacity;org/weakref/nitro/parquet/ColumnReader.ensurePageValueCapacity;org/weakref/nitro/parquet/ColumnReader.replaceLongs;org/weakref/nitro/data/PrimitiveArrayPool.borrowLongs;long[]_[i] 1
java/lang/Thread.run;java/lang/Thread.runWith;java/util/concurrent/ThreadPoolExecutor$Worker.run;java/util/concurrent/ThreadPoolExecutor.runWorker;java/util/concurrent/FutureTask.run;java/util/concurrent/Executors$RunnableAdapter.call;java/util/concurrent/FutureTask.run;org/openjdk/jmh/runner/BenchmarkHandler$BenchmarkTask.call;org/openjdk/jmh/runner/BenchmarkHandler$BenchmarkTask.call;java/lang/reflect/Method.invoke;jdk/internal/reflect/DirectMethodHandleAccessor.invoke;jdk/internal/reflect/DirectMethodHandleAccessor.invokeImpl;java/lang/invoke/LambdaForm$MH.0x0000000073061400.invokeExact_MT;java/lang/invoke/LambdaForm$MH.0x0000000073061000.invoke;java/lang/invoke/DirectMethodHandle$Holder.invokeSpecial;org/weakref/nitro/tpch/jmh_generated/BenchmarkQueries_query10_jmhTest.query10_AverageTime;org/weakref/nitro/tpch/jmh_generated/BenchmarkQueries_query10_jmhTest.query10_avgt_jmhStub;org/weakref/nitro/tpch/BenchmarkQueries.query10;org/weakref/nitro/tpch/BenchmarkQueries.consume;org/weakref/nitro/operator/ProjectOperator.next;org/weakref/nitro/operator/TopNOperator.next;org/weakref/nitro/operator/TopNOperator.computeTopN;org/weakref/nitro/operator/GroupedAggregationOperator.next;org/weakref/nitro/operator/GroupedAggregationOperator.computeResults;org/weakref/nitro/operator/GroupedAggregationOperator.computeInlineGroupedResults;org/weakref/nitro/operator/ProjectOperator.next;org/weakref/nitro/operator/HashJoinOperator.next;org/weakref/nitro/operator/HashJoinOperator.produceBatch;org/weakref/nitro/operator/HashJoinOperator.produceOrdinaryBatch;org/weakref/nitro/operator/HashJoinOperator.loadNextOuterBatch;org/weakref/nitro/operator/HashJoinOperator.next;org/weakref/nitro/operator/HashJoinOperator.produceBatch;org/weakref/nitro/operator/HashJoinOperator.loadInnerIfNecessary;org/weakref/nitro/operator/BufferedJoinInput.loadAll;org/weakref/nitro/operator/ProjectOperator.next;org/weakref/nitro/operator/FilterOperator.next;org/weakref/nitro/operator/evaluator/PlanEvaluator.evaluateInPlace;org/weakref/nitro/operator/evaluator/PlanEvaluator.evaluateTrueMaskInPlace;org/weakref/nitro/operator/evaluator/PlanEvaluator.tryEvaluatePrimitiveTrueMaskInPlace;org/weakref/nitro/operator/evaluator/PlanEvaluator.tryEvaluatePrimitiveMaskInPlace;org/weakref/nitro/operator/evaluator/PlanEvaluator.resolveMaskPrimitiveInvocation;org/weakref/nitro/operator/evaluator/PlanEvaluator.evaluateArgument;org/weakref/nitro/operator/FilterOperator$1.resolve;org/weakref/nitro/operator/Output.borrowOrNull;org/weakref/nitro/operator/Output.borrow;org/weakref/nitro/operator/Output.borrow;org/weakref/nitro/operator/NitroParquetScanOperator$ScanOutputResolver$$Lambda.0x00000000730aad90.apply;org/weakref/nitro/operator/NitroParquetScanOperator$ScanOutputResolver.resolve;org/weakref/nitro/operator/NitroParquetScanOperator.resolveLazyColumn;org/weakref/nitro/operator/NitroParquetScanOperator.decodeFullColumn;org/weakref/nitro/parquet/ColumnReader.readBinary;org/weakref/nitro/parquet/ColumnReader.readBinaryDirect;org/weakref/nitro/data/BinaryVector.allocate;org/weakref/nitro/data/BinaryVector.poolFamily;org.weakref.nitro.data.BinaryVector$PoolFamily_[i] 1
java/lang/Thread.run;java/lang/Thread.runWith;java/util/concurrent/ThreadPoolExecutor$Worker.run;java/util/concurrent/ThreadPoolExecutor.runWorker;java/util/concurrent/FutureTask.run;java/util/concurrent/Executors$RunnableAdapter.call;java/util/concurrent/FutureTask.run;org/openjdk/jmh/runner/BenchmarkHandler$BenchmarkTask.call;org/openjdk/jmh/runner/BenchmarkHandler$BenchmarkTask.call;java/lang/reflect/Method.invoke;jdk/internal/reflect/DirectMethodHandleAccessor.invoke;jdk/internal/reflect/DirectMethodHandleAccessor.invokeImpl;java/lang/invoke/LambdaForm$MH.0x0000000073061400.invokeExact_MT;java/lang/invoke/LambdaForm$MH.0x0000000073061000.invoke;java/lang/invoke/DirectMethodHandle$Holder.invokeSpecial;org/weakref/nitro/tpch/jmh_generated/BenchmarkQueries_query10_jmhTest.query10_AverageTime;org/weakref/nitro/tpch/jmh_generated/BenchmarkQueries_query10_jmhTest.query10_avgt_jmhStub;org/weakref/nitro/tpch/BenchmarkQueries.query10;org/weakref/nitro/tpch/BenchmarkQueries.consume;org/weakref/nitro/operator/ProjectOperator.next;org/weakref/nitro/operator/TopNOperator.next;org/weakref/nitro/operator/TopNOperator.computeTopN;org/weakref/nitro/operator/GroupedAggregationOperator.next;org/weakref/nitro/operator/GroupedAggregationOperator.computeResults;org/weakref/nitro/operator/GroupedAggregationOperator.computeInlineGroupedResults;org/weakref/nitro/operator/ProjectOperator.next;org/weakref/nitro/operator/HashJoinOperator.next;org/weakref/nitro/operator/HashJoinOperator.produceBatch;org/weakref/nitro/operator/HashJoinOperator.produceOrdinaryBatch;org/weakref/nitro/operator/HashJoinOperator.loadNextOuterBatch;org/weakref/nitro/operator/HashJoinOperator.next;org/weakref/nitro/operator/HashJoinOperator.produceBatch;org/weakref/nitro/operator/HashJoinOperator.produceOrdinaryBatch;org/weakref/nitro/operator/HashJoinOperator.loadNextOuterBatch;org/weakref/nitro/operator/HashJoinOperator.next;org/weakref/nitro/operator/HashJoinOperator.produceBatch;org/weakref/nitro/operator/HashJoinOperator.loadInnerIfNecessary;org/weakref/nitro/operator/BufferedJoinInput.loadAll;org/weakref/nitro/operator/Batch.close;org/weakref/nitro/operator/ProjectOperator$$Lambda.0x000000007329f020.run;org/weakref/nitro/operator/ProjectOperator.lambda$next$11;org/weakref/nitro/operator/ProjectOperator$BatchState.close;org/weakref/nitro/data/Allocator.releaseIfPresent;org/weakref/nitro/data/Allocator$ContextState.release;java/util/TreeMap.computeIfAbsent;java/util/TreeMap.callMappingFunctionWithCheck;org/weakref/nitro/data/Allocator$ContextState$$Lambda.0x000000007329f6a0.apply;org/weakref/nitro/data/Allocator$ContextState.lambda$release$0;java/util/ArrayDeque.<init>;java.lang.Object[]_[i] 1
java/lang/Thread.run;java/lang/Thread.runWith;java/util/concurrent/ThreadPoolExecutor$Worker.run;java/util/concurrent/ThreadPoolExecutor.runWorker;java/util/concurrent/FutureTask.run;java/util/concurrent/Executors$RunnableAdapter.call;java/util/concurrent/FutureTask.run;org/openjdk/jmh/runner/BenchmarkHandler$BenchmarkTask.call;org/openjdk/jmh/runner/BenchmarkHandler$BenchmarkTask.call;java/lang/reflect/Method.invoke;jdk/internal/reflect/DirectMethodHandleAccessor.invoke;jdk/internal/reflect/DirectMethodHandleAccessor.invokeImpl;java/lang/invoke/LambdaForm$MH.0x0000000073061400.invokeExact_MT;java/lang/invoke/LambdaForm$MH.0x0000000073061000.invoke;java/lang/invoke/DirectMethodHandle$Holder.invokeSpecial;org/weakref/nitro/tpch/jmh_generated/BenchmarkQueries_query10_jmhTest.query10_AverageTime;org/weakref/nitro/tpch/jmh_generated/BenchmarkQueries_query10_jmhTest.query10_avgt_jmhStub;org/weakref/nitro/tpch/BenchmarkQueries.query10;org/weakref/nitro/tpch/BenchmarkQueries.consume;org/weakref/nitro/operator/ProjectOperator.next;org/weakref/nitro/operator/TopNOperator.next;org/weakref/nitro/operator/TopNOperator.computeTopN;org/weakref/nitro/operator/GroupedAggregationOperator.next;org/weakref/nitro/operator/GroupedAggregationOperator.computeResults;org/weakref/nitro/operator/GroupedAggregationOperator.computeInlineGroupedResults;org/weakref/nitro/operator/GroupedAggregationOperator.assignInlineGroups;org/weakref/nitro/operator/GroupingState.assignGroups;org/weakref/nitro/operator/GroupingState.assignGroups;org/weakref/nitro/operator/GroupingState.assignFlatGroups;org/weakref/nitro/operator/FlatGroupingTable.assignGroupHashed;org/weakref/nitro/operator/FlatGroupingTable.assignGroupHashedInternal;org/weakref/nitro/operator/FlatGroupingTable.rehash;org/weakref/nitro/data/PrimitiveArrayPool.borrowBytes;byte[]_[i] 1
java/lang/Thread.run;java/lang/Thread.runWith;java/util/concurrent/ThreadPoolExecutor$Worker.run;java/util/concurrent/ThreadPoolExecutor.runWorker;java/util/concurrent/FutureTask.run;java/util/concurrent/Executors$RunnableAdapter.call;java/util/concurrent/FutureTask.run;org/openjdk/jmh/runner/BenchmarkHandler$BenchmarkTask.call;org/openjdk/jmh/runner/BenchmarkHandler$BenchmarkTask.call;java/lang/reflect/Method.invoke;jdk/internal/reflect/DirectMethodHandleAccessor.invoke;jdk/internal/reflect/DirectMethodHandleAccessor.invokeImpl;java/lang/invoke/LambdaForm$MH.0x0000000073061400.invokeExact_MT;java/lang/invoke/LambdaForm$MH.0x0000000073061000.invoke;java/lang/invoke/DirectMethodHandle$Holder.invokeSpecial;org/weakref/nitro/tpch/jmh_generated/BenchmarkQueries_query10_jmhTest.query10_AverageTime;org/weakref/nitro/tpch/jmh_generated/BenchmarkQueries_query10_jmhTest.query10_avgt_jmhStub;org/weakref/nitro/tpch/BenchmarkQueries.query10;org/weakref/nitro/tpch/BenchmarkQueries.consume;org/weakref/nitro/operator/ProjectOperator.next;org/weakref/nitro/operator/TopNOperator.next;org/weakref/nitro/operator/TopNOperator.computeTopN;org/weakref/nitro/operator/GroupedAggregationOperator.next;org/weakref/nitro/operator/GroupedAggregationOperator.computeResults;org/weakref/nitro/operator/GroupedAggregationOperator.computeInlineGroupedResults;org/weakref/nitro/operator/ProjectOperator.next;org/weakref/nitro/operator/HashJoinOperator.next;org/weakref/nitro/operator/HashJoinOperator.produceBatch;org/weakref/nitro/operator/HashJoinOperator.produceOrdinaryBatch;org/weakref/nitro/operator/HashJoinOperator.loadNextOuterBatch;org/weakref/nitro/operator/HashJoinOperator.next;org/weakref/nitro/operator/HashJoinOperator.produceBatch;org/weakref/nitro/operator/HashJoinOperator.produceOrdinaryBatch;org/weakref/nitro/operator/HashJoinOperator.loadNextOuterBatch;org/weakref/nitro/operator/HashJoinOperator.next;org/weakref/nitro/operator/HashJoinOperator.produceBatch;org/weakref/nitro/operator/HashJoinOperator.loadInnerIfNecessary;org/weakref/nitro/operator/BufferedJoinInput.loadAll;org/weakref/nitro/operator/ProjectOperator.next;org/weakref/nitro/operator/Output.forward;java/lang/invoke/Invokers$Holder.linkToTargetMethod;java/lang/invoke/DirectMethodHandle$Holder.newInvokeSpecial;java/lang/invoke/DirectMethodHandle.allocateInstance;org.weakref.nitro.operator.Output$$Lambda.0x000000007329e0a0_[i] 1
java/lang/Thread.run;java/lang/Thread.runWith;java/util/concurrent/ThreadPoolExecutor$Worker.run;java/util/concurrent/ThreadPoolExecutor.runWorker;java/util/concurrent/FutureTask.run;java/util/concurrent/Executors$RunnableAdapter.call;java/util/concurrent/FutureTask.run;org/openjdk/jmh/runner/BenchmarkHandler$BenchmarkTask.call;org/openjdk/jmh/runner/BenchmarkHandler$BenchmarkTask.call;java/lang/reflect/Method.invoke;jdk/internal/reflect/DirectMethodHandleAccessor.invoke;jdk/internal/reflect/DirectMethodHandleAccessor.invokeImpl;java/lang/invoke/LambdaForm$MH.0x0000000073061400.invokeExact_MT;java/lang/invoke/LambdaForm$MH.0x0000000073061000.invoke;java/lang/invoke/DirectMethodHandle$Holder.invokeSpecial;org/weakref/nitro/tpch/jmh_generated/BenchmarkQueries_query10_jmhTest.query10_AverageTime;org/weakref/nitro/tpch/jmh_generated/BenchmarkQueries_query10_jmhTest.query10_avgt_jmhStub;org/weakref/nitro/tpch/BenchmarkQueries.query10;org/weakref/nitro/tpch/TpchParquetSupport.query10;org/weakref/nitro/tpch/TpchParquetSupport.scannedTable;org/weakref/nitro/operator/NitroParquetScanOperator.<init>;java/util/stream/ReferencePipeline.toArray;java/util/stream/AbstractPipeline.evaluateToArrayNode;java/util/stream/AbstractPipeline.evaluate;java/util/stream/AbstractPipeline.wrapAndCopyInto;java/util/stream/AbstractPipeline.copyInto;java/util/AbstractList$RandomAccessSpliterator.forEachRemaining;java/util/stream/ReferencePipeline$3$1.accept;org/weakref/nitro/operator/NitroParquetScanOperator$$Lambda.0x0000000073083558.apply;org/weakref/nitro/parquet/ParquetFile.open;org/weakref/nitro/parquet/ParquetFile.<init>;org/apache/parquet/format/Util.readFileMetaData;org/apache/parquet/format/Util.readFileMetaData;org/apache/parquet/format/Util.read;org/apache/parquet/format/FileMetaData.read;org/apache/parquet/format/FileMetaData$FileMetaDataStandardScheme.read;org/apache/parquet/format/FileMetaData$FileMetaDataStandardScheme.read;org/apache/parquet/format/RowGroup.read;org/apache/parquet/format/RowGroup$RowGroupStandardScheme.read;org/apache/parquet/format/RowGroup$RowGroupStandardScheme.read;org/apache/parquet/format/ColumnChunk.read;org/apache/parquet/format/ColumnChunk$ColumnChunkStandardScheme.read;org/apache/parquet/format/ColumnChunk$ColumnChunkStandardScheme.read;org/apache/parquet/format/ColumnMetaData.read;org/apache/parquet/format/ColumnMetaData$ColumnMetaDataStandardScheme.read;org/apache/parquet/format/ColumnMetaData$ColumnMetaDataStandardScheme.read;org/apache/parquet/format/PageEncodingStats.read;org/apache/parquet/format/PageEncodingStats$PageEncodingStatsStandardScheme.read;org/apache/parquet/format/PageEncodingStats$PageEncodingStatsStandardScheme.read;org/apache/parquet/format/InterningProtocol.readFieldBegin;shaded/parquet/org/apache/thrift/protocol/TCompactProtocol.readFieldBegin;shaded.parquet.org.apache.thrift.protocol.TField_[i] 1
java/lang/Thread.run;java/lang/Thread.runWith;java/util/concurrent/ThreadPoolExecutor$Worker.run;java/util/concurrent/ThreadPoolExecutor.runWorker;java/util/concurrent/FutureTask.run;java/util/concurrent/Executors$RunnableAdapter.call;java/util/concurrent/FutureTask.run;org/openjdk/jmh/runner/BenchmarkHandler$BenchmarkTask.call;org/openjdk/jmh/runner/BenchmarkHandler$BenchmarkTask.call;java/lang/reflect/Method.invoke;jdk/internal/reflect/DirectMethodHandleAccessor.invoke;jdk/internal/reflect/DirectMethodHandleAccessor.invokeImpl;java/lang/invoke/LambdaForm$MH.0x0000000073061400.invokeExact_MT;java/lang/invoke/LambdaForm$MH.0x0000000073061000.invoke;java/lang/invoke/DirectMethodHandle$Holder.invokeSpecial;org/weakref/nitro/tpch/jmh_generated/BenchmarkQueries_query10_jmhTest.query10_AverageTime;org/weakref/nitro/tpch/jmh_generated/BenchmarkQueries_query10_jmhTest.query10_avgt_jmhStub;org/weakref/nitro/tpch/BenchmarkQueries.query10;org/weakref/nitro/tpch/BenchmarkQueries.consume;org/weakref/nitro/operator/ProjectOperator.next;org/weakref/nitro/operator/TopNOperator.next;org/weakref/nitro/operator/TopNOperator.computeTopN;org/weakref/nitro/operator/GroupedAggregationOperator.next;org/weakref/nitro/operator/GroupedAggregationOperator.computeResults;org/weakref/nitro/operator/GroupedAggregationOperator.computeInlineGroupedResults;org/weakref/nitro/operator/ProjectOperator.next;org/weakref/nitro/operator/HashJoinOperator.next;org/weakref/nitro/operator/HashJoinOperator.produceBatch;org/weakref/nitro/operator/HashJoinOperator.produceOrdinaryBatch;org/weakref/nitro/operator/HashJoinOperator.loadNextOuterBatch;org/weakref/nitro/operator/HashJoinOperator.next;org/weakref/nitro/operator/HashJoinOperator.produceBatch;org/weakref/nitro/operator/HashJoinOperator.produceOrdinaryBatch;org/weakref/nitro/operator/HashJoinOperator.loadNextOuterBatch;org/weakref/nitro/operator/HashJoinOperator.next;org/weakref/nitro/operator/HashJoinOperator.produceBatch;org/weakref/nitro/operator/HashJoinOperator$LongJoinIndex.supportsRowRanges;org/weakref/nitro/operator/HashJoinOperator$LongJoinIndex.finalizeForProbe;org/weakref/nitro/operator/HashJoinOperator$LongJoinIndex.compactChains;org/weakref/nitro/data/PrimitiveArrayPool.borrowLongs;long[]_[i] 1
java/lang/Thread.run;java/lang/Thread.runWith;java/util/concurrent/ThreadPoolExecutor$Worker.run;java/util/concurrent/ThreadPoolExecutor.runWorker;java/util/concurrent/FutureTask.run;java/util/concurrent/Executors$RunnableAdapter.call;java/util/concurrent/FutureTask.run;org/openjdk/jmh/runner/BenchmarkHandler$BenchmarkTask.call;org/openjdk/jmh/runner/BenchmarkHandler$BenchmarkTask.call;java/lang/reflect/Method.invoke;jdk/internal/reflect/DirectMethodHandleAccessor.invoke;jdk/internal/reflect/DirectMethodHandleAccessor.invokeImpl;java/lang/invoke/LambdaForm$MH.0x0000000073061400.invokeExact_MT;java/lang/invoke/LambdaForm$MH.0x0000000073061000.invoke;java/lang/invoke/DirectMethodHandle$Holder.invokeSpecial;org/weakref/nitro/tpch/jmh_generated/BenchmarkQueries_query10_jmhTest.query10_AverageTime;org/weakref/nitro/tpch/jmh_generated/BenchmarkQueries_query10_jmhTest.query10_avgt_jmhStub;org/weakref/nitro/tpch/BenchmarkQueries.query10;org/weakref/nitro/tpch/BenchmarkQueries.consume;org/weakref/nitro/operator/ProjectOperator.next;org/weakref/nitro/operator/TopNOperator.next;org/weakref/nitro/operator/TopNOperator.computeTopN;org/weakref/nitro/operator/GroupedAggregationOperator.next;org/weakref/nitro/operator/GroupedAggregationOperator.computeResults;org/weakref/nitro/operator/GroupedAggregationOperator.computeInlineGroupedResults;org/weakref/nitro/operator/GroupedAggregationOperator.assignInlineGroups;org/weakref/nitro/operator/GroupingState.assignGroups;org/weakref/nitro/operator/GroupingState.assignGroups;org/weakref/nitro/operator/GroupingState.assignFlatGroups;org/weakref/nitro/operator/FlatGroupingTable.prepareBatchHashes;org/weakref/nitro/operator/FlatGroupingTable.prepareBatchHash;org/weakref/nitro/operator/FlatKeyLayout.hash;org/weakref/nitro/operator/FlatKeyLayout.fieldHash;org/weakref/nitro/operator/FlatKeyLayout.binaryFieldHash;org/weakref/nitro/operator/FlatKeyLayout.globalIdFor;org/weakref/nitro/operator/ValueIdInterner.intern;org/weakref/nitro/operator/ValueIdInterner.growSlots;byte[]_[i] 2
java/lang/Thread.run;java/lang/Thread.runWith;java/util/concurrent/ThreadPoolExecutor$Worker.run;java/util/concurrent/ThreadPoolExecutor.runWorker;java/util/concurrent/FutureTask.run;java/util/concurrent/Executors$RunnableAdapter.call;java/util/concurrent/FutureTask.run;org/openjdk/jmh/runner/BenchmarkHandler$BenchmarkTask.call;org/openjdk/jmh/runner/BenchmarkHandler$BenchmarkTask.call;java/lang/reflect/Method.invoke;jdk/internal/reflect/DirectMethodHandleAccessor.invoke;jdk/internal/reflect/DirectMethodHandleAccessor.invokeImpl;java/lang/invoke/LambdaForm$MH.0x0000000073061400.invokeExact_MT;java/lang/invoke/LambdaForm$MH.0x0000000073061000.invoke;java/lang/invoke/DirectMethodHandle$Holder.invokeSpecial;org/weakref/nitro/tpch/jmh_generated/BenchmarkQueries_query10_jmhTest.query10_AverageTime;org/weakref/nitro/tpch/jmh_generated/BenchmarkQueries_query10_jmhTest.query10_avgt_jmhStub;org/weakref/nitro/tpch/BenchmarkQueries.query10;org/weakref/nitro/tpch/BenchmarkQueries.consume;org/weakref/nitro/operator/ProjectOperator.next;org/weakref/nitro/operator/TopNOperator.next;org/weakref/nitro/operator/TopNOperator.computeTopN;org/weakref/nitro/operator/GroupedAggregationOperator.next;org/weakref/nitro/operator/GroupedAggregationOperator.computeResults;org/weakref/nitro/operator/GroupedAggregationOperator.computeInlineGroupedResults;org/weakref/nitro/operator/ProjectOperator.next;org/weakref/nitro/operator/HashJoinOperator.next;org/weakref/nitro/operator/HashJoinOperator.produceBatch;org/weakref/nitro/operator/HashJoinOperator.produceOrdinaryBatch;org/weakref/nitro/operator/HashJoinOperator.loadNextOuterBatch;org/weakref/nitro/operator/HashJoinOperator.next;org/weakref/nitro/operator/HashJoinOperator.produceBatch;org/weakref/nitro/operator/HashJoinOperator.loadInnerIfNecessary;org/weakref/nitro/operator/BufferedJoinInput.loadAll;org/weakref/nitro/operator/ProjectOperator.next;org/weakref/nitro/operator/FilterOperator.next;org/weakref/nitro/operator/evaluator/PlanEvaluator.evaluateInPlace;org/weakref/nitro/operator/evaluator/PlanEvaluator.evaluateTrueMaskInPlace;org/weakref/nitro/operator/evaluator/PlanEvaluator.tryEvaluatePrimitiveTrueMaskInPlace;org/weakref/nitro/operator/evaluator/PlanEvaluator.tryEvaluatePrimitiveMaskInPlace;org/weakref/nitro/operator/evaluator/PlanEvaluator.resolveMaskPrimitiveInvocation;org/weakref/nitro/operator/evaluator/PlanEvaluator.evaluateArgument;org/weakref/nitro/operator/Streams$Builder.build;org.weakref.nitro.operator.Streams_[i] 1
java/lang/Thread.run;java/lang/Thread.runWith;java/util/concurrent/ThreadPoolExecutor$Worker.run;java/util/concurrent/ThreadPoolExecutor.runWorker;java/util/concurrent/FutureTask.run;java/util/concurrent/Executors$RunnableAdapter.call;java/util/concurrent/FutureTask.run;org/openjdk/jmh/runner/BenchmarkHandler$BenchmarkTask.call;org/openjdk/jmh/runner/BenchmarkHandler$BenchmarkTask.call;java/lang/reflect/Method.invoke;jdk/internal/reflect/DirectMethodHandleAccessor.invoke;jdk/internal/reflect/DirectMethodHandleAccessor.invokeImpl;java/lang/invoke/LambdaForm$MH.0x0000000073061400.invokeExact_MT;java/lang/invoke/LambdaForm$MH.0x0000000073061000.invoke;java/lang/invoke/DirectMethodHandle$Holder.invokeSpecial;org/weakref/nitro/tpch/jmh_generated/BenchmarkQueries_query10_jmhTest.query10_AverageTime;org/weakref/nitro/tpch/jmh_generated/BenchmarkQueries_query10_jmhTest.query10_avgt_jmhStub;org/weakref/nitro/tpch/BenchmarkQueries.query10;org/weakref/nitro/tpch/BenchmarkQueries.consume;org/weakref/nitro/operator/ProjectOperator.next;org/weakref/nitro/operator/TopNOperator.next;org/weakref/nitro/operator/TopNOperator.computeTopN;org/weakref/nitro/operator/GroupedAggregationOperator.next;org/weakref/nitro/operator/GroupedAggregationOperator.computeResults;org/weakref/nitro/operator/GroupedAggregationOperator.computeInlineGroupedResults;org/weakref/nitro/operator/ProjectOperator.next;org/weakref/nitro/operator/HashJoinOperator.next;org/weakref/nitro/operator/HashJoinOperator.produceBatch;org/weakref/nitro/operator/HashJoinOperator.produceOrdinaryBatch;org/weakref/nitro/operator/HashJoinOperator.loadNextOuterBatch;org/weakref/nitro/operator/HashJoinOperator.next;org/weakref/nitro/operator/HashJoinOperator.produceBatch;org/weakref/nitro/operator/HashJoinOperator.loadInnerIfNecessary;org/weakref/nitro/operator/BufferedJoinInput.loadAll;org/weakref/nitro/operator/Batch.close;org/weakref/nitro/operator/ProjectOperator$$Lambda.0x000000007329f020.run;org/weakref/nitro/operator/ProjectOperator.lambda$next$11;org/weakref/nitro/operator/ProjectOperator$BatchState.close;org/weakref/nitro/operator/Batch.close;org/weakref/nitro/operator/FilterOperator$BatchState.close;org/weakref/nitro/operator/Batch.close;org/weakref/nitro/operator/Output.close;org/weakref/nitro/operator/Output.release;org/weakref/nitro/operator/BatchBufferOwner.accept;org/weakref/nitro/operator/BatchBufferOwner.accept;org/weakref/nitro/operator/NitroParquetScanOperator$ScanOutputResolver.release;org/weakref/nitro/operator/BatchBufferScope.release;org/weakref/nitro/data/Allocator.release;org/weakref/nitro/data/Allocator.releaseVectorTree;org/weakref/nitro/data/Allocator.releaseVector;org/weakref/nitro/data/Allocator$ContextState.releaseVector;org/weakref/nitro/data/Allocator$ContextState.addVectorToPool;java/util/TreeMap.computeIfAbsent;java/util/TreeMap.addEntry;java.util.TreeMap$Entry_[i] 1
java/lang/Thread.run;java/lang/Thread.runWith;java/util/concurrent/ThreadPoolExecutor$Worker.run;java/util/concurrent/ThreadPoolExecutor.runWorker;java/util/concurrent/FutureTask.run;java/util/concurrent/Executors$RunnableAdapter.call;java/util/concurrent/FutureTask.run;org/openjdk/jmh/runner/BenchmarkHandler$BenchmarkTask.call;org/openjdk/jmh/runner/BenchmarkHandler$BenchmarkTask.call;java/lang/reflect/Method.invoke;jdk/internal/reflect/DirectMethodHandleAccessor.invoke;jdk/internal/reflect/DirectMethodHandleAccessor.invokeImpl;java/lang/invoke/LambdaForm$MH.0x0000000073061400.invokeExact_MT;java/lang/invoke/LambdaForm$MH.0x0000000073061000.invoke;java/lang/invoke/DirectMethodHandle$Holder.invokeSpecial;org/weakref/nitro/tpch/jmh_generated/BenchmarkQueries_query10_jmhTest.query10_AverageTime;org/weakref/nitro/tpch/jmh_generated/BenchmarkQueries_query10_jmhTest.query10_avgt_jmhStub;org/weakref/nitro/tpch/BenchmarkQueries.query10;org/weakref/nitro/tpch/BenchmarkQueries.consume;org/weakref/nitro/operator/ProjectOperator.next;org/weakref/nitro/operator/TopNOperator.next;org/weakref/nitro/operator/TopNOperator.computeTopN;org/weakref/nitro/operator/GroupedAggregationOperator.next;org/weakref/nitro/operator/GroupedAggregationOperator.computeResults;org/weakref/nitro/operator/GroupedAggregationOperator.computeInlineGroupedResults;org/weakref/nitro/operator/ProjectOperator.next;org/weakref/nitro/operator/HashJoinOperator.next;org/weakref/nitro/operator/HashJoinOperator.produceBatch;org/weakref/nitro/operator/HashJoinOperator.produceOrdinaryBatch;org/weakref/nitro/operator/HashJoinOperator.loadNextOuterBatch;org/weakref/nitro/operator/HashJoinOperator.next;org/weakref/nitro/operator/HashJoinOperator.produceBatch;org/weakref/nitro/operator/HashJoinOperator.loadInnerIfNecessary;org/weakref/nitro/operator/BufferedJoinInput.loadAll;org/weakref/nitro/operator/ProjectOperator.next;org/weakref/nitro/operator/Output.forward;java/lang/invoke/Invokers$Holder.linkToTargetMethod;java/lang/invoke/DirectMethodHandle$Holder.newInvokeSpecial;java/lang/invoke/DirectMethodHandle.allocateInstance;org.weakref.nitro.operator.Output$$Lambda.0x000000007329e728_[i] 1
java/lang/Thread.run;java/lang/Thread.runWith;java/util/concurrent/ThreadPoolExecutor$Worker.run;java/util/concurrent/ThreadPoolExecutor.runWorker;java/util/concurrent/FutureTask.run;java/util/concurrent/Executors$RunnableAdapter.call;java/util/concurrent/FutureTask.run;org/openjdk/jmh/runner/BenchmarkHandler$BenchmarkTask.call;org/openjdk/jmh/runner/BenchmarkHandler$BenchmarkTask.call;java/lang/reflect/Method.invoke;jdk/internal/reflect/DirectMethodHandleAccessor.invoke;jdk/internal/reflect/DirectMethodHandleAccessor.invokeImpl;java/lang/invoke/LambdaForm$MH.0x0000000073061400.invokeExact_MT;java/lang/invoke/LambdaForm$MH.0x0000000073061000.invoke;java/lang/invoke/DirectMethodHandle$Holder.invokeSpecial;org/weakref/nitro/tpch/jmh_generated/BenchmarkQueries_query10_jmhTest.query10_AverageTime;org/weakref/nitro/tpch/jmh_generated/BenchmarkQueries_query10_jmhTest.query10_avgt_jmhStub;org/weakref/nitro/tpch/BenchmarkQueries.query10;org/weakref/nitro/tpch/BenchmarkQueries.consume;org/weakref/nitro/operator/ProjectOperator.next;org/weakref/nitro/operator/TopNOperator.next;org/weakref/nitro/operator/TopNOperator.computeTopN;org/weakref/nitro/operator/GroupedAggregationOperator.next;org/weakref/nitro/operator/GroupedAggregationOperator.computeResults;org/weakref/nitro/operator/GroupedAggregationOperator.computeInlineGroupedResults;org/weakref/nitro/operator/ProjectOperator.next;org/weakref/nitro/operator/HashJoinOperator.next;org/weakref/nitro/operator/HashJoinOperator.produceBatch;org/weakref/nitro/operator/HashJoinOperator.produceOrdinaryBatch;org/weakref/nitro/operator/HashJoinOperator.loadNextOuterBatch;org/weakref/nitro/operator/BufferedJoinInput.captureSchema;org/weakref/nitro/operator/Output.borrow;org/weakref/nitro/operator/HashJoinOperator$$Lambda.0x00000000732a6628.apply;org/weakref/nitro/operator/HashJoinOperator.lambda$resultOutput$3;org/weakref/nitro/operator/HashJoinOperator.materializeOutput;org/weakref/nitro/operator/HashJoinOperator.materializeInnerOutput;org/weakref/nitro/operator/HashJoinOperator.tryWrapMultiRunInnerBooleanSideStreams;org/weakref/nitro/operator/HashJoinOperator.tryWrapMultiRunInnerBooleanStream;int[]_[i] 1
java/lang/Thread.run;java/lang/Thread.runWith;java/util/concurrent/ThreadPoolExecutor$Worker.run;java/util/concurrent/ThreadPoolExecutor.runWorker;java/util/concurrent/FutureTask.run;java/util/concurrent/Executors$RunnableAdapter.call;java/util/concurrent/FutureTask.run;org/openjdk/jmh/runner/BenchmarkHandler$BenchmarkTask.call;org/openjdk/jmh/runner/BenchmarkHandler$BenchmarkTask.call;java/lang/reflect/Method.invoke;jdk/internal/reflect/DirectMethodHandleAccessor.invoke;jdk/internal/reflect/DirectMethodHandleAccessor.invokeImpl;java/lang/invoke/LambdaForm$MH.0x0000000073061400.invokeExact_MT;java/lang/invoke/LambdaForm$MH.0x0000000073061000.invoke;java/lang/invoke/DirectMethodHandle$Holder.invokeSpecial;org/weakref/nitro/tpch/jmh_generated/BenchmarkQueries_query10_jmhTest.query10_AverageTime;org/weakref/nitro/tpch/jmh_generated/BenchmarkQueries_query10_jmhTest.query10_avgt_jmhStub;org/weakref/nitro/tpch/BenchmarkQueries.query10;org/weakref/nitro/tpch/BenchmarkQueries.consume;org/weakref/nitro/operator/ProjectOperator.next;org/weakref/nitro/operator/TopNOperator.next;org/weakref/nitro/operator/TopNOperator.computeTopN;org/weakref/nitro/operator/GroupedAggregationOperator.next;org/weakref/nitro/operator/GroupedAggregationOperator.computeResults;org/weakref/nitro/operator/GroupedAggregationOperator.computeInlineGroupedResults;org/weakref/nitro/operator/ProjectOperator.next;org/weakref/nitro/operator/HashJoinOperator.next;org/weakref/nitro/operator/HashJoinOperator.produceBatch;org/weakref/nitro/operator/HashJoinOperator.produceOrdinaryBatch;org/weakref/nitro/operator/HashJoinOperator.loadNextOuterBatch;org/weakref/nitro/operator/HashJoinOperator.next;org/weakref/nitro/operator/HashJoinOperator.produceBatch;org/weakref/nitro/operator/HashJoinOperator.produceOrdinaryBatch;org/weakref/nitro/operator/HashJoinOperator.loadNextOuterBatch;org/weakref/nitro/operator/HashJoinOperator.next;org/weakref/nitro/operator/HashJoinOperator.produceBatch;org/weakref/nitro/operator/HashJoinOperator$LongJoinIndex.supportsRowRanges;org/weakref/nitro/operator/HashJoinOperator$LongJoinIndex.finalizeForProbe;org/weakref/nitro/operator/HashJoinOperator$LongJoinIndex.compactChains;org/weakref/nitro/data/PrimitiveArrayPool.borrowInts;int[]_[i] 1
java/lang/Thread.run;java/lang/Thread.runWith;java/util/concurrent/ThreadPoolExecutor$Worker.run;java/util/concurrent/ThreadPoolExecutor.runWorker;java/util/concurrent/FutureTask.run;java/util/concurrent/Executors$RunnableAdapter.call;java/util/concurrent/FutureTask.run;org/openjdk/jmh/runner/BenchmarkHandler$BenchmarkTask.call;org/openjdk/jmh/runner/BenchmarkHandler$BenchmarkTask.call;java/lang/reflect/Method.invoke;jdk/internal/reflect/DirectMethodHandleAccessor.invoke;jdk/internal/reflect/DirectMethodHandleAccessor.invokeImpl;java/lang/invoke/LambdaForm$MH.0x0000000073061400.invokeExact_MT;java/lang/invoke/LambdaForm$MH.0x0000000073061000.invoke;java/lang/invoke/DirectMethodHandle$Holder.invokeSpecial;org/weakref/nitro/tpch/jmh_generated/BenchmarkQueries_query10_jmhTest.query10_AverageTime;org/weakref/nitro/tpch/jmh_generated/BenchmarkQueries_query10_jmhTest.query10_avgt_jmhStub;org/weakref/nitro/tpch/BenchmarkQueries.query10;org/weakref/nitro/tpch/BenchmarkQueries.consume;org/weakref/nitro/operator/ProjectOperator.next;org/weakref/nitro/operator/TopNOperator.next;org/weakref/nitro/operator/TopNOperator.computeTopN;org/weakref/nitro/operator/GroupedAggregationOperator.next;org/weakref/nitro/operator/GroupedAggregationOperator.computeResults;org/weakref/nitro/operator/GroupedAggregationOperator.computeInlineGroupedResults;org/weakref/nitro/operator/ProjectOperator.next;org/weakref/nitro/operator/HashJoinOperator.next;org/weakref/nitro/operator/HashJoinOperator.produceBatch;org/weakref/nitro/operator/HashJoinOperator.produceOrdinaryBatch;org/weakref/nitro/operator/HashJoinOperator.loadNextOuterBatch;org/weakref/nitro/operator/HashJoinOperator.next;org/weakref/nitro/operator/HashJoinOperator.produceBatch;org/weakref/nitro/operator/HashJoinOperator.loadInnerIfNecessary;org/weakref/nitro/operator/BufferedJoinInput.loadAll;org/weakref/nitro/operator/JoinBufferSupport.copyAndCompact;org/weakref/nitro/operator/Output.borrow;org/weakref/nitro/operator/Output.resolveMasked;org/weakref/nitro/operator/Output$$Lambda.0x000000007329e4f8.resolve;org/weakref/nitro/operator/Output.borrowMaybeMasked;org/weakref/nitro/operator/Output.borrow;org/weakref/nitro/operator/NitroParquetScanOperator$ScanOutputResolver$$Lambda.0x00000000730aad90.apply;org/weakref/nitro/operator/NitroParquetScanOperator$ScanOutputResolver.resolve;org/weakref/nitro/operator/NitroParquetScanOperator.resolveLazyColumn;org/weakref/nitro/operator/NitroParquetScanOperator.decodeFullColumn;org/weakref/nitro/parquet/ColumnReader.readLongs;org/weakref/nitro/parquet/ColumnReader.decodeNextDataPage;org/weakref/nitro/parquet/ColumnReader.decodeDataPageV1;org/weakref/nitro/parquet/ColumnReader.ensurePageCapacity;org/weakref/nitro/parquet/ColumnReader.ensurePageValueCapacity;org/weakref/nitro/parquet/ColumnReader.replaceLongs;org/weakref/nitro/data/PrimitiveArrayPool.borrowLongs;long[]_[i] 6
java/lang/Thread.run;java/lang/Thread.runWith;java/util/concurrent/ThreadPoolExecutor$Worker.run;java/util/concurrent/ThreadPoolExecutor.runWorker;java/util/concurrent/FutureTask.run;java/util/concurrent/Executors$RunnableAdapter.call;java/util/concurrent/FutureTask.run;org/openjdk/jmh/runner/BenchmarkHandler$BenchmarkTask.call;org/openjdk/jmh/runner/BenchmarkHandler$BenchmarkTask.call;java/lang/reflect/Method.invoke;jdk/internal/reflect/DirectMethodHandleAccessor.invoke;jdk/internal/reflect/DirectMethodHandleAccessor.invokeImpl;java/lang/invoke/LambdaForm$MH.0x0000000073061400.invokeExact_MT;java/lang/invoke/LambdaForm$MH.0x0000000073061000.invoke;java/lang/invoke/DirectMethodHandle$Holder.invokeSpecial;org/weakref/nitro/tpch/jmh_generated/BenchmarkQueries_query10_jmhTest.query10_AverageTime;org/weakref/nitro/tpch/jmh_generated/BenchmarkQueries_query10_jmhTest.query10_avgt_jmhStub;org/weakref/nitro/tpch/BenchmarkQueries.query10;org/weakref/nitro/tpch/BenchmarkQueries.consume;org/weakref/nitro/operator/ProjectOperator.next;org/weakref/nitro/operator/TopNOperator.next;org/weakref/nitro/operator/TopNOperator.computeTopN;org/weakref/nitro/operator/GroupedAggregationOperator.next;org/weakref/nitro/operator/GroupedAggregationOperator.computeResults;org/weakref/nitro/operator/GroupedAggregationOperator.computeInlineGroupedResults;org/weakref/nitro/operator/ProjectOperator.next;org/weakref/nitro/operator/HashJoinOperator.next;org/weakref/nitro/operator/HashJoinOperator.produceBatch;org/weakref/nitro/operator/HashJoinOperator.produceOrdinaryBatch;org/weakref/nitro/operator/HashJoinOperator.loadNextOuterBatch;org/weakref/nitro/operator/HashJoinOperator.next;org/weakref/nitro/operator/HashJoinOperator.produceBatch;org/weakref/nitro/operator/HashJoinOperator.loadInnerIfNecessary;org/weakref/nitro/operator/BufferedJoinInput.loadAll;org/weakref/nitro/operator/ProjectOperator.next;org/weakref/nitro/operator/FilterOperator.next;org/weakref/nitro/operator/NitroParquetScanOperator.next;org/weakref/nitro/operator/NitroParquetScanOperator.lazyBatch;org.weakref.nitro.operator.Output_[i] 4
java/lang/Thread.run;java/lang/Thread.runWith;java/util/concurrent/ThreadPoolExecutor$Worker.run;java/util/concurrent/ThreadPoolExecutor.runWorker;java/util/concurrent/FutureTask.run;java/util/concurrent/Executors$RunnableAdapter.call;java/util/concurrent/FutureTask.run;org/openjdk/jmh/runner/BenchmarkHandler$BenchmarkTask.call;org/openjdk/jmh/runner/BenchmarkHandler$BenchmarkTask.call;java/lang/reflect/Method.invoke;jdk/internal/reflect/DirectMethodHandleAccessor.invoke;jdk/internal/reflect/DirectMethodHandleAccessor.invokeImpl;java/lang/invoke/LambdaForm$MH.0x0000000073061400.invokeExact_MT;java/lang/invoke/LambdaForm$MH.0x0000000073061000.invoke;java/lang/invoke/DirectMethodHandle$Holder.invokeSpecial;org/weakref/nitro/tpch/jmh_generated/BenchmarkQueries_query10_jmhTest.query10_AverageTime;org/weakref/nitro/tpch/jmh_generated/BenchmarkQueries_query10_jmhTest.query10_avgt_jmhStub;org/weakref/nitro/tpch/BenchmarkQueries.query10;org/weakref/nitro/tpch/BenchmarkQueries.consume;org/weakref/nitro/operator/Output.borrow;org/weakref/nitro/operator/Output.resolveMasked;org/weakref/nitro/operator/Output$$Lambda.0x000000007329e4f8.resolve;org/weakref/nitro/operator/Output.borrowMaybeMasked;org/weakref/nitro/operator/Output.borrow;org/weakref/nitro/operator/TopNOperator$$Lambda.0x00000000732b1f78.apply;org/weakref/nitro/operator/TopNOperator.lambda$next$0;org/weakref/nitro/operator/TopNState.output;org/weakref/nitro/operator/TopNState.ensurePendingOutputMaterialized;org/weakref/nitro/operator/JoinBufferSupport.copyPosition;org/weakref/nitro/operator/JoinBufferSupport.copySinglePosition;org/weakref/nitro/operator/JoinBufferSupport.copySinglePosition;org/weakref/nitro/operator/Output.borrow;org/weakref/nitro/operator/GroupedAggregationOperator$$Lambda.0x00000000732ae800.apply;org/weakref/nitro/operator/GroupedAggregationOperator.lambda$resultOutput$0;org/weakref/nitro/operator/GroupedAggregationOperator.groupedKeyOutput;org/weakref/nitro/operator/GroupingState.groupedValues;org/weakref/nitro/operator/FlatGroupingTable.groupedValues;org/weakref/nitro/operator/FlatTypeHandlers$1.materializeValues;org/weakref/nitro/data/Allocator.allocateOrGrow;org/weakref/nitro/data/Allocator.allocate;org/weakref/nitro/operator/FlatTypeHandlers$1$$Lambda.0x00000000732b33a8.apply;org/weakref/nitro/data/I64Vector.<init>;long[]_[i] 1
java/lang/Thread.run;java/lang/Thread.runWith;java/util/concurrent/ThreadPoolExecutor$Worker.run;java/util/concurrent/ThreadPoolExecutor.runWorker;java/util/concurrent/FutureTask.run;java/util/concurrent/Executors$RunnableAdapter.call;java/util/concurrent/FutureTask.run;org/openjdk/jmh/runner/BenchmarkHandler$BenchmarkTask.call;org/openjdk/jmh/runner/BenchmarkHandler$BenchmarkTask.call;java/lang/reflect/Method.invoke;jdk/internal/reflect/DirectMethodHandleAccessor.invoke;jdk/internal/reflect/DirectMethodHandleAccessor.invokeImpl;java/lang/invoke/LambdaForm$MH.0x0000000073061400.invokeExact_MT;java/lang/invoke/LambdaForm$MH.0x0000000073061000.invoke;java/lang/invoke/DirectMethodHandle$Holder.invokeSpecial;org/weakref/nitro/tpch/jmh_generated/BenchmarkQueries_query10_jmhTest.query10_AverageTime;org/weakref/nitro/tpch/jmh_generated/BenchmarkQueries_query10_jmhTest.query10_avgt_jmhStub;org/weakref/nitro/tpch/BenchmarkQueries.query10;org/weakref/nitro/tpch/BenchmarkQueries.consume;org/weakref/nitro/operator/ProjectOperator.next;org/weakref/nitro/operator/TopNOperator.next;org/weakref/nitro/operator/TopNOperator.computeTopN;org/weakref/nitro/operator/GroupedAggregationOperator.next;org/weakref/nitro/operator/GroupedAggregationOperator.computeResults;org/weakref/nitro/operator/GroupedAggregationOperator.computeInlineGroupedResults;org/weakref/nitro/operator/ProjectOperator.next;org/weakref/nitro/operator/HashJoinOperator.next;org/weakref/nitro/operator/HashJoinOperator.produceBatch;org/weakref/nitro/operator/HashJoinOperator.produceOrdinaryBatch;org/weakref/nitro/operator/HashJoinOperator.loadNextOuterBatch;org/weakref/nitro/operator/HashJoinOperator.next;org/weakref/nitro/operator/HashJoinOperator.produceBatch;org/weakref/nitro/operator/HashJoinOperator.produceOrdinaryBatch;org/weakref/nitro/operator/HashJoinOperator.loadNextOuterBatch;org/weakref/nitro/operator/HashJoinOperator.next;org/weakref/nitro/operator/HashJoinOperator.produceBatch;org/weakref/nitro/operator/HashJoinOperator.produceRangeBatch;org/weakref/nitro/operator/HashJoinOperator.loadNextOuterBatch;org/weakref/nitro/operator/BufferedJoinInput.captureSchema;org/weakref/nitro/operator/Output.borrow;org/weakref/nitro/operator/NitroParquetScanOperator$ScanOutputResolver$$Lambda.0x00000000730aad90.apply;org/weakref/nitro/operator/NitroParquetScanOperator$ScanOutputResolver.resolve;org/weakref/nitro/operator/NitroParquetScanOperator.resolveLazyColumn;org/weakref/nitro/operator/NitroParquetScanOperator.decodeFullColumn;org/weakref/nitro/parquet/ColumnReader.readBinary;org/weakref/nitro/parquet/ColumnReader.readBinaryDirect;org/weakref/nitro/data/BinaryVector.allocate;org/weakref/nitro/data/Allocator.allocatePooled;org/weakref/nitro/data/BinaryVector$$Lambda.0x0000000073287818.get;org/weakref/nitro/data/BinaryVector.lambda$allocate$0;org/weakref/nitro/data/BinaryVector.<init>;byte[]_[i] 2
java/lang/Thread.run;java/lang/Thread.runWith;java/util/concurrent/ThreadPoolExecutor$Worker.run;java/util/concurrent/ThreadPoolExecutor.runWorker;java/util/concurrent/FutureTask.run;java/util/concurrent/Executors$RunnableAdapter.call;java/util/concurrent/FutureTask.run;org/openjdk/jmh/runner/BenchmarkHandler$BenchmarkTask.call;org/openjdk/jmh/runner/BenchmarkHandler$BenchmarkTask.call;java/lang/reflect/Method.invoke;jdk/internal/reflect/DirectMethodHandleAccessor.invoke;jdk/internal/reflect/DirectMethodHandleAccessor.invokeImpl;java/lang/invoke/LambdaForm$MH.0x0000000073061400.invokeExact_MT;java/lang/invoke/LambdaForm$MH.0x0000000073061000.invoke;java/lang/invoke/DirectMethodHandle$Holder.invokeSpecial;org/weakref/nitro/tpch/jmh_generated/BenchmarkQueries_query10_jmhTest.query10_AverageTime;org/weakref/nitro/tpch/jmh_generated/BenchmarkQueries_query10_jmhTest.query10_avgt_jmhStub;org/weakref/nitro/tpch/BenchmarkQueries.query10;org/weakref/nitro/tpch/BenchmarkQueries.consume;org/weakref/nitro/operator/ProjectOperator.next;org/weakref/nitro/operator/TopNOperator.next;org/weakref/nitro/operator/TopNOperator.computeTopN;org/weakref/nitro/operator/GroupedAggregationOperator.next;org/weakref/nitro/operator/GroupedAggregationOperator.computeResults;org/weakref/nitro/operator/GroupedAggregationOperator.computeInlineGroupedResults;org/weakref/nitro/operator/ProjectOperator.next;org/weakref/nitro/operator/HashJoinOperator.next;org/weakref/nitro/operator/HashJoinOperator.produceBatch;org/weakref/nitro/operator/HashJoinOperator.produceOrdinaryBatch;org/weakref/nitro/operator/HashJoinOperator.loadNextOuterBatch;org/weakref/nitro/operator/HashJoinOperator.next;org/weakref/nitro/operator/HashJoinOperator.produceBatch;org/weakref/nitro/operator/HashJoinOperator.produceOrdinaryBatch;org/weakref/nitro/operator/HashJoinOperator.loadNextOuterBatch;org/weakref/nitro/operator/HashJoinOperator.next;org/weakref/nitro/operator/HashJoinOperator.produceBatch;org/weakref/nitro/operator/HashJoinOperator.produceRangeBatch;org/weakref/nitro/operator/HashJoinOperator.loadNextOuterBatch;org/weakref/nitro/operator/BufferedJoinInput.captureSchema;org/weakref/nitro/operator/Output.borrow;org/weakref/nitro/operator/NitroParquetScanOperator$ScanOutputResolver$$Lambda.0x00000000730aad90.apply;org/weakref/nitro/operator/NitroParquetScanOperator$ScanOutputResolver.resolve;org/weakref/nitro/operator/NitroParquetScanOperator.resolveLazyColumn;org/weakref/nitro/operator/NitroParquetScanOperator.decodeFullColumn;org/weakref/nitro/parquet/ColumnReader.readBinary;org/weakref/nitro/parquet/ColumnReader.readBinaryDirect;org/weakref/nitro/parquet/ColumnReader.decodeNextDataPage;org/weakref/nitro/parquet/ColumnReader.decodeDataPageV1;org/weakref/nitro/parquet/ColumnReader.decodePlainBinary;org/weakref/nitro/parquet/ColumnReader.decodePlainBinaryPresized;org/weakref/nitro/parquet/ColumnReader.ensurePageBytes;org/weakref/nitro/parquet/ColumnReader.growBytes;org/weakref/nitro/data/PrimitiveArrayPool.borrowBytes;byte[]_[i] 4
java/lang/Thread.run;java/lang/Thread.runWith;java/util/concurrent/ThreadPoolExecutor$Worker.run;java/util/concurrent/ThreadPoolExecutor.runWorker;java/util/concurrent/FutureTask.run;java/util/concurrent/Executors$RunnableAdapter.call;java/util/concurrent/FutureTask.run;org/openjdk/jmh/runner/BenchmarkHandler$BenchmarkTask.call;org/openjdk/jmh/runner/BenchmarkHandler$BenchmarkTask.call;java/lang/reflect/Method.invoke;jdk/internal/reflect/DirectMethodHandleAccessor.invoke;jdk/internal/reflect/DirectMethodHandleAccessor.invokeImpl;java/lang/invoke/LambdaForm$MH.0x0000000073061400.invokeExact_MT;java/lang/invoke/LambdaForm$MH.0x0000000073061000.invoke;java/lang/invoke/DirectMethodHandle$Holder.invokeSpecial;org/weakref/nitro/tpch/jmh_generated/BenchmarkQueries_query10_jmhTest.query10_AverageTime;org/weakref/nitro/tpch/jmh_generated/BenchmarkQueries_query10_jmhTest.query10_avgt_jmhStub;org/weakref/nitro/tpch/BenchmarkQueries.query10;org/weakref/nitro/tpch/BenchmarkQueries.consume;org/weakref/nitro/operator/ProjectOperator.next;org/weakref/nitro/operator/TopNOperator.next;org/weakref/nitro/operator/TopNOperator.computeTopN;org/weakref/nitro/operator/GroupedAggregationOperator.next;org/weakref/nitro/operator/GroupedAggregationOperator.computeResults;org/weakref/nitro/operator/GroupedAggregationOperator.computeInlineGroupedResults;org/weakref/nitro/operator/ProjectOperator.next;org/weakref/nitro/operator/HashJoinOperator.next;org/weakref/nitro/operator/HashJoinOperator.produceBatch;org/weakref/nitro/operator/HashJoinOperator.produceOrdinaryBatch;org/weakref/nitro/operator/HashJoinOperator.loadNextOuterBatch;org/weakref/nitro/operator/HashJoinOperator.next;org/weakref/nitro/operator/HashJoinOperator.produceBatch;org/weakref/nitro/operator/HashJoinOperator.produceOrdinaryBatch;org/weakref/nitro/operator/HashJoinOperator.loadNextOuterBatch;org/weakref/nitro/operator/HashJoinOperator.next;org/weakref/nitro/operator/HashJoinOperator.produceBatch;org/weakref/nitro/operator/HashJoinOperator.loadInnerIfNecessary;org/weakref/nitro/operator/HashJoinOperator.indexInnerRows;org/weakref/nitro/operator/HashJoinOperator$LongJoinIndex.addRows;org/weakref/nitro/operator/HashJoinOperator$LongJoinIndex.addRow;org/weakref/nitro/operator/HashJoinOperator$LongJoinIndex.materializeDenseBuildAsHash;org/weakref/nitro/operator/HashJoinOperator$LongJoinIndex.findSlot;org/weakref/nitro/operator/HashJoinOperator$LongJoinIndex.ensureHashTable;org/weakref/nitro/data/PrimitiveArrayPool.borrowLongs;long[]_[i] 1
java/lang/Thread.run;java/lang/Thread.runWith;java/util/concurrent/ThreadPoolExecutor$Worker.run;java/util/concurrent/ThreadPoolExecutor.runWorker;java/util/concurrent/FutureTask.run;java/util/concurrent/Executors$RunnableAdapter.call;java/util/concurrent/FutureTask.run;org/openjdk/jmh/runner/BenchmarkHandler$BenchmarkTask.call;org/openjdk/jmh/runner/BenchmarkHandler$BenchmarkTask.call;java/lang/reflect/Method.invoke;jdk/internal/reflect/DirectMethodHandleAccessor.invoke;jdk/internal/reflect/DirectMethodHandleAccessor.invokeImpl;java/lang/invoke/LambdaForm$MH.0x0000000073061400.invokeExact_MT;java/lang/invoke/LambdaForm$MH.0x0000000073061000.invoke;java/lang/invoke/DirectMethodHandle$Holder.invokeSpecial;org/weakref/nitro/tpch/jmh_generated/BenchmarkQueries_query10_jmhTest.query10_AverageTime;org/weakref/nitro/tpch/jmh_generated/BenchmarkQueries_query10_jmhTest.query10_avgt_jmhStub;org/weakref/nitro/tpch/BenchmarkQueries.query10;org/weakref/nitro/tpch/BenchmarkQueries.consume;org/weakref/nitro/operator/ProjectOperator.next;org/weakref/nitro/operator/TopNOperator.next;org/weakref/nitro/operator/TopNOperator.computeTopN;org/weakref/nitro/operator/GroupedAggregationOperator.next;org/weakref/nitro/operator/GroupedAggregationOperator.computeResults;org/weakref/nitro/operator/GroupedAggregationOperator.computeInlineGroupedResults;org/weakref/nitro/operator/GroupedAggregationOperator.assignInlineGroups;org/weakref/nitro/operator/GroupingState.assignGroups;org/weakref/nitro/operator/GroupingState.assignGroups;org/weakref/nitro/operator/GroupingState.assignFlatGroups;org/weakref/nitro/operator/FlatGroupingTable.prepareBatchHashes;org/weakref/nitro/operator/FlatGroupingTable.prepareBatchHash;org/weakref/nitro/operator/FlatKeyLayout.hash;org/weakref/nitro/operator/FlatKeyLayout.fieldHash;org/weakref/nitro/operator/FlatKeyLayout.binaryFieldHash;org/weakref/nitro/operator/FlatKeyLayout.globalIdFor;org/weakref/nitro/operator/ValueIdInterner.intern;org/weakref/nitro/operator/ValueIdInterner.growSlots;int[]_[i] 10
java/lang/Thread.run;java/lang/Thread.runWith;java/util/concurrent/ThreadPoolExecutor$Worker.run;java/util/concurrent/ThreadPoolExecutor.runWorker;java/util/concurrent/FutureTask.run;java/util/concurrent/Executors$RunnableAdapter.call;java/util/concurrent/FutureTask.run;org/openjdk/jmh/runner/BenchmarkHandler$BenchmarkTask.call;org/openjdk/jmh/runner/BenchmarkHandler$BenchmarkTask.call;java/lang/reflect/Method.invoke;jdk/internal/reflect/DirectMethodHandleAccessor.invoke;jdk/internal/reflect/DirectMethodHandleAccessor.invokeImpl;java/lang/invoke/LambdaForm$MH.0x0000000073061400.invokeExact_MT;java/lang/invoke/LambdaForm$MH.0x0000000073061000.invoke;java/lang/invoke/DirectMethodHandle$Holder.invokeSpecial;org/weakref/nitro/tpch/jmh_generated/BenchmarkQueries_query10_jmhTest.query10_AverageTime;org/weakref/nitro/tpch/jmh_generated/BenchmarkQueries_query10_jmhTest.query10_avgt_jmhStub;org/weakref/nitro/tpch/BenchmarkQueries.query10;org/weakref/nitro/tpch/BenchmarkQueries.consume;org/weakref/nitro/operator/ProjectOperator.next;org/weakref/nitro/operator/TopNOperator.next;org/weakref/nitro/operator/TopNOperator.computeTopN;org/weakref/nitro/operator/GroupedAggregationOperator.next;org/weakref/nitro/operator/GroupedAggregationOperator.computeResults;org/weakref/nitro/operator/GroupedAggregationOperator.computeInlineGroupedResults;org/weakref/nitro/operator/ProjectOperator.next;org/weakref/nitro/operator/HashJoinOperator.next;org/weakref/nitro/operator/HashJoinOperator.produceBatch;org/weakref/nitro/operator/HashJoinOperator.produceOrdinaryBatch;org/weakref/nitro/operator/HashJoinOperator.loadNextOuterBatch;org/weakref/nitro/operator/HashJoinOperator.next;org/weakref/nitro/operator/HashJoinOperator.produceBatch;org/weakref/nitro/operator/HashJoinOperator.produceOrdinaryBatch;org/weakref/nitro/operator/HashJoinOperator.loadNextOuterBatch;org/weakref/nitro/operator/HashJoinOperator.next;org/weakref/nitro/operator/HashJoinOperator.produceBatch;org/weakref/nitro/operator/HashJoinOperator.produceRangeBatch;org/weakref/nitro/operator/HashJoinOperator.loadNextOuterBatch;org/weakref/nitro/operator/BufferedJoinInput.captureSchema;org/weakref/nitro/operator/Output.borrow;org/weakref/nitro/operator/NitroParquetScanOperator$ScanOutputResolver$$Lambda.0x00000000730aad90.apply;org/weakref/nitro/operator/NitroParquetScanOperator$ScanOutputResolver.resolve;org/weakref/nitro/operator/NitroParquetScanOperator.resolveLazyColumn;org/weakref/nitro/operator/NitroParquetScanOperator.decodeFullColumn;org/weakref/nitro/parquet/ColumnReader.readLongs;org/weakref/nitro/parquet/ColumnReader.decodeNextDataPage;org/weakref/nitro/parquet/ColumnReader.decodeDataPageV1;org/weakref/nitro/parquet/ColumnReader.ensurePageCapacity;org/weakref/nitro/parquet/ColumnReader.ensurePageValueCapacity;org/weakref/nitro/parquet/ColumnReader.replaceLongs;org/weakref/nitro/data/PrimitiveArrayPool.borrowLongs;long[]_[i] 1
java/lang/Thread.run;java/lang/Thread.runWith;java/util/concurrent/ThreadPoolExecutor$Worker.run;java/util/concurrent/ThreadPoolExecutor.runWorker;java/util/concurrent/FutureTask.run;java/util/concurrent/Executors$RunnableAdapter.call;java/util/concurrent/FutureTask.run;org/openjdk/jmh/runner/BenchmarkHandler$BenchmarkTask.call;org/openjdk/jmh/runner/BenchmarkHandler$BenchmarkTask.call;java/lang/reflect/Method.invoke;jdk/internal/reflect/DirectMethodHandleAccessor.invoke;jdk/internal/reflect/DirectMethodHandleAccessor.invokeImpl;java/lang/invoke/LambdaForm$MH.0x0000000073061400.invokeExact_MT;java/lang/invoke/LambdaForm$MH.0x0000000073061000.invoke;java/lang/invoke/DirectMethodHandle$Holder.invokeSpecial;org/weakref/nitro/tpch/jmh_generated/BenchmarkQueries_query10_jmhTest.query10_AverageTime;org/weakref/nitro/tpch/jmh_generated/BenchmarkQueries_query10_jmhTest.query10_avgt_jmhStub;org/weakref/nitro/tpch/BenchmarkQueries.query10;org/weakref/nitro/tpch/BenchmarkQueries.consume;org/weakref/nitro/operator/ProjectOperator.next;org/weakref/nitro/operator/TopNOperator.next;org/weakref/nitro/operator/TopNOperator.computeTopN;org/weakref/nitro/operator/GroupedAggregationOperator.next;org/weakref/nitro/operator/GroupedAggregationOperator.computeResults;org/weakref/nitro/operator/GroupedAggregationOperator.computeInlineGroupedResults;org/weakref/nitro/operator/ProjectOperator.next;org/weakref/nitro/operator/HashJoinOperator.next;org/weakref/nitro/operator/HashJoinOperator.produceBatch;org/weakref/nitro/operator/HashJoinOperator.produceOrdinaryBatch;org/weakref/nitro/operator/HashJoinOperator.loadNextOuterBatch;org/weakref/nitro/operator/HashJoinOperator.next;org/weakref/nitro/operator/HashJoinOperator.produceBatch;org/weakref/nitro/operator/HashJoinOperator.produceOrdinaryBatch;org/weakref/nitro/operator/HashJoinOperator.loadNextOuterBatch;org/weakref/nitro/operator/HashJoinOperator.next;org/weakref/nitro/operator/HashJoinOperator.produceBatch;org/weakref/nitro/operator/HashJoinOperator.loadInnerIfNecessary;org/weakref/nitro/operator/BufferedJoinInput.loadAll;org/weakref/nitro/operator/ProjectOperator.next;org/weakref/nitro/operator/FilterOperator.next;org/weakref/nitro/operator/evaluator/PlanEvaluator.evaluateInPlace;org/weakref/nitro/operator/evaluator/PlanEvaluator.evaluateTrueMaskInPlace;org/weakref/nitro/operator/evaluator/PlanEvaluator.evaluateTrueMaskInPlace;org/weakref/nitro/operator/evaluator/PlanEvaluator.evaluateAdaptiveAndTrueMaskInPlace;org/weakref/nitro/operator/evaluator/PlanEvaluator.findLongConstantRange;org/weakref/nitro/operator/evaluator/PlanEvaluator.evaluateArgument;org/weakref/nitro/operator/FilterOperator$1.resolve;org/weakref/nitro/operator/Output.borrowOrNull;org/weakref/nitro/operator/Output.borrow;org/weakref/nitro/operator/Output.borrow;org/weakref/nitro/operator/NitroParquetScanOperator$ScanOutputResolver$$Lambda.0x00000000730aad90.apply;org/weakref/nitro/operator/NitroParquetScanOperator$ScanOutputResolver.resolve;org/weakref/nitro/operator/NitroParquetScanOperator.resolveLazyColumn;org/weakref/nitro/operator/NitroParquetScanOperator.decodeFullColumn;org/weakref/nitro/parquet/ColumnReader.readInts;org/weakref/nitro/parquet/ColumnReader.decodeNextDataPage;org/weakref/nitro/parquet/ColumnReader.decodeDataPageV1;org/weakref/nitro/parquet/ColumnReader.ensurePageCapacity;org/weakref/nitro/parquet/ColumnReader.ensurePageValueCapacity;org/weakref/nitro/parquet/ColumnReader.replaceInts;org/weakref/nitro/data/PrimitiveArrayPool.borrowInts;int[]_[i] 4
java/lang/Thread.run;java/lang/Thread.runWith;java/util/concurrent/ThreadPoolExecutor$Worker.run;java/util/concurrent/ThreadPoolExecutor.runWorker;java/util/concurrent/FutureTask.run;java/util/concurrent/Executors$RunnableAdapter.call;java/util/concurrent/FutureTask.run;org/openjdk/jmh/runner/BenchmarkHandler$BenchmarkTask.call;org/openjdk/jmh/runner/BenchmarkHandler$BenchmarkTask.call;java/lang/reflect/Method.invoke;jdk/internal/reflect/DirectMethodHandleAccessor.invoke;jdk/internal/reflect/DirectMethodHandleAccessor.invokeImpl;java/lang/invoke/LambdaForm$MH.0x0000000073061400.invokeExact_MT;java/lang/invoke/LambdaForm$MH.0x0000000073061000.invoke;java/lang/invoke/DirectMethodHandle$Holder.invokeSpecial;org/weakref/nitro/tpch/jmh_generated/BenchmarkQueries_query10_jmhTest.query10_AverageTime;org/weakref/nitro/tpch/jmh_generated/BenchmarkQueries_query10_jmhTest.query10_avgt_jmhStub;org/weakref/nitro/tpch/BenchmarkQueries.query10;org/weakref/nitro/tpch/BenchmarkQueries.consume;org/weakref/nitro/operator/Output.borrow;org/weakref/nitro/operator/Output.resolveMasked;org/weakref/nitro/operator/Output$$Lambda.0x000000007329e4f8.resolve;org/weakref/nitro/operator/Output.borrowMaybeMasked;org/weakref/nitro/operator/Output.borrow;org/weakref/nitro/operator/TopNOperator$$Lambda.0x00000000732b1f78.apply;org/weakref/nitro/operator/TopNOperator.lambda$next$0;org/weakref/nitro/operator/TopNState.output;org/weakref/nitro/operator/TopNState.ensurePendingOutputMaterialized;org/weakref/nitro/operator/JoinBufferSupport.copyPosition;org/weakref/nitro/operator/JoinBufferSupport.copySinglePosition;org/weakref/nitro/operator/JoinBufferSupport.copySinglePosition;org/weakref/nitro/operator/Output.borrow;org/weakref/nitro/operator/GroupedAggregationOperator$$Lambda.0x00000000732ae800.apply;org/weakref/nitro/operator/GroupedAggregationOperator.lambda$resultOutput$0;org/weakref/nitro/operator/GroupedAggregationOperator.groupedKeyOutput;org/weakref/nitro/operator/GroupingState.groupedValues;org/weakref/nitro/operator/FlatGroupingTable.groupedValues;org/weakref/nitro/operator/FlatKeyLayout.tryMaterializeIdBackedBinaryValues;org/weakref/nitro/data/BinaryVector.allocateOrGrow;org/weakref/nitro/data/BinaryVector.allocateOrGrow;org/weakref/nitro/data/BinaryVector.allocate;org/weakref/nitro/data/Allocator.allocatePooled;org/weakref/nitro/data/BinaryVector$$Lambda.0x0000000073287818.get;org/weakref/nitro/data/BinaryVector.lambda$allocate$0;org/weakref/nitro/data/BinaryVector.<init>;int[]_[i] 3
java/lang/Thread.run;java/lang/Thread.runWith;java/util/concurrent/ThreadPoolExecutor$Worker.run;java/util/concurrent/ThreadPoolExecutor.runWorker;java/util/concurrent/FutureTask.run;java/util/concurrent/Executors$RunnableAdapter.call;java/util/concurrent/FutureTask.run;org/openjdk/jmh/runner/BenchmarkHandler$BenchmarkTask.call;org/openjdk/jmh/runner/BenchmarkHandler$BenchmarkTask.call;java/lang/reflect/Method.invoke;jdk/internal/reflect/DirectMethodHandleAccessor.invoke;jdk/internal/reflect/DirectMethodHandleAccessor.invokeImpl;java/lang/invoke/LambdaForm$MH.0x0000000073061400.invokeExact_MT;java/lang/invoke/LambdaForm$MH.0x0000000073061000.invoke;java/lang/invoke/DirectMethodHandle$Holder.invokeSpecial;org/weakref/nitro/tpch/jmh_generated/BenchmarkQueries_query10_jmhTest.query10_AverageTime;org/weakref/nitro/tpch/jmh_generated/BenchmarkQueries_query10_jmhTest.query10_avgt_jmhStub;org/weakref/nitro/tpch/BenchmarkQueries.query10;org/weakref/nitro/tpch/BenchmarkQueries.consume;org/weakref/nitro/operator/ProjectOperator.next;org/weakref/nitro/operator/TopNOperator.next;org/weakref/nitro/operator/TopNOperator.computeTopN;org/weakref/nitro/operator/GroupedAggregationOperator.next;org/weakref/nitro/operator/GroupedAggregationOperator.computeResults;org/weakref/nitro/operator/GroupedAggregationOperator.computeInlineGroupedResults;org/weakref/nitro/operator/ProjectOperator.next;org/weakref/nitro/operator/HashJoinOperator.next;org/weakref/nitro/operator/HashJoinOperator.produceBatch;org/weakref/nitro/operator/HashJoinOperator.produceOrdinaryBatch;org/weakref/nitro/operator/HashJoinOperator.loadNextOuterBatch;org/weakref/nitro/operator/HashJoinOperator.next;org/weakref/nitro/operator/HashJoinOperator.resultOutput;org.weakref.nitro.operator.Output_[i] 3
java/lang/Thread.run;java/lang/Thread.runWith;java/util/concurrent/ThreadPoolExecutor$Worker.run;java/util/concurrent/ThreadPoolExecutor.runWorker;java/util/concurrent/FutureTask.run;java/util/concurrent/Executors$RunnableAdapter.call;java/util/concurrent/FutureTask.run;org/openjdk/jmh/runner/BenchmarkHandler$BenchmarkTask.call;org/openjdk/jmh/runner/BenchmarkHandler$BenchmarkTask.call;java/lang/reflect/Method.invoke;jdk/internal/reflect/DirectMethodHandleAccessor.invoke;jdk/internal/reflect/DirectMethodHandleAccessor.invokeImpl;java/lang/invoke/LambdaForm$MH.0x0000000073061400.invokeExact_MT;java/lang/invoke/LambdaForm$MH.0x0000000073061000.invoke;java/lang/invoke/DirectMethodHandle$Holder.invokeSpecial;org/weakref/nitro/tpch/jmh_generated/BenchmarkQueries_query10_jmhTest.query10_AverageTime;org/weakref/nitro/tpch/jmh_generated/BenchmarkQueries_query10_jmhTest.query10_avgt_jmhStub;org/weakref/nitro/tpch/BenchmarkQueries.query10;org/weakref/nitro/tpch/BenchmarkQueries.consume;org/weakref/nitro/operator/ProjectOperator.next;org/weakref/nitro/operator/TopNOperator.next;org/weakref/nitro/operator/TopNOperator.computeTopN;org/weakref/nitro/operator/GroupedAggregationOperator.next;org/weakref/nitro/operator/GroupedAggregationOperator.computeResults;org/weakref/nitro/operator/GroupedAggregationOperator.computeInlineGroupedResults;org/weakref/nitro/operator/ProjectOperator.next;org/weakref/nitro/operator/HashJoinOperator.next;org/weakref/nitro/operator/HashJoinOperator.produceBatch;org/weakref/nitro/operator/HashJoinOperator.produceOrdinaryBatch;org/weakref/nitro/operator/HashJoinOperator.loadNextOuterBatch;org/weakref/nitro/operator/HashJoinOperator.next;org/weakref/nitro/operator/HashJoinOperator.produceBatch;org/weakref/nitro/operator/HashJoinOperator.loadInnerIfNecessary;org/weakref/nitro/operator/BufferedJoinInput.loadAll;org/weakref/nitro/operator/ProjectOperator.next;org/weakref/nitro/operator/FilterOperator.next;org/weakref/nitro/operator/evaluator/PlanEvaluator.resetForReuse;org/weakref/nitro/data/Allocator.releaseIfPresent;org/weakref/nitro/data/Allocator$ContextState.release;org/weakref/nitro/data/Allocator$ContextState.addVectorToPool;java/util/HashMap.computeIfAbsent;org/weakref/nitro/data/Allocator$ContextState$$Lambda.0x000000007328ecd8.apply;org/weakref/nitro/data/Allocator$ContextState.lambda$addVectorToPool$2;java/util/ArrayDeque.<init>;java.lang.Object[]_[i] 1
java/lang/Thread.run;java/lang/Thread.runWith;java/util/concurrent/ThreadPoolExecutor$Worker.run;java/util/concurrent/ThreadPoolExecutor.runWorker;java/util/concurrent/FutureTask.run;java/util/concurrent/Executors$RunnableAdapter.call;java/util/concurrent/FutureTask.run;org/openjdk/jmh/runner/BenchmarkHandler$BenchmarkTask.call;org/openjdk/jmh/runner/BenchmarkHandler$BenchmarkTask.call;java/lang/reflect/Method.invoke;jdk/internal/reflect/DirectMethodHandleAccessor.invoke;jdk/internal/reflect/DirectMethodHandleAccessor.invokeImpl;java/lang/invoke/LambdaForm$MH.0x0000000073061400.invokeExact_MT;java/lang/invoke/LambdaForm$MH.0x0000000073061000.invoke;java/lang/invoke/DirectMethodHandle$Holder.invokeSpecial;org/weakref/nitro/tpch/jmh_generated/BenchmarkQueries_query10_jmhTest.query10_AverageTime;org/weakref/nitro/tpch/jmh_generated/BenchmarkQueries_query10_jmhTest.query10_avgt_jmhStub;org/weakref/nitro/tpch/BenchmarkQueries.query10;org/weakref/nitro/tpch/BenchmarkQueries.consume;org/weakref/nitro/operator/ProjectOperator.next;org/weakref/nitro/operator/TopNOperator.next;org/weakref/nitro/operator/TopNOperator.computeTopN;org/weakref/nitro/operator/GroupedAggregationOperator.next;org/weakref/nitro/operator/GroupedAggregationOperator.computeResults;org/weakref/nitro/operator/GroupedAggregationOperator.computeInlineGroupedResults;org/weakref/nitro/operator/ProjectOperator.next;org/weakref/nitro/operator/HashJoinOperator.next;org/weakref/nitro/operator/HashJoinOperator.produceBatch;org/weakref/nitro/operator/HashJoinOperator.produceOrdinaryBatch;org/weakref/nitro/operator/HashJoinOperator.loadNextOuterBatch;org/weakref/nitro/operator/HashJoinOperator.next;org/weakref/nitro/operator/HashJoinOperator.produceBatch;org/weakref/nitro/operator/HashJoinOperator.loadInnerIfNecessary;org/weakref/nitro/operator/BufferedJoinInput.loadAll;org/weakref/nitro/operator/BufferedJoinInput.captureSchema;org/weakref/nitro/operator/Output.borrow;org/weakref/nitro/operator/Output.resolveMasked;org/weakref/nitro/operator/Output$$Lambda.0x000000007329e4f8.resolve;org/weakref/nitro/operator/Output.borrowMaybeMasked;org/weakref/nitro/operator/Output.borrow;org/weakref/nitro/operator/NitroParquetScanOperator$ScanOutputResolver$$Lambda.0x00000000730aad90.apply;org/weakref/nitro/operator/NitroParquetScanOperator$ScanOutputResolver.resolve;org/weakref/nitro/operator/NitroParquetScanOperator.resolveLazyColumn;org/weakref/nitro/operator/NitroParquetScanOperator.decodeFullColumn;org/weakref/nitro/parquet/ColumnReader.readLongs;org/weakref/nitro/parquet/ColumnReader.decodeNextDataPage;org/weakref/nitro/parquet/ColumnReader.decodeDataPageV1;org/weakref/nitro/parquet/ColumnReader.ensureIdCapacity;org/weakref/nitro/parquet/ColumnReader.replaceInts;org/weakref/nitro/data/PrimitiveArrayPool.borrowInts;int[]_[i] 1
java/lang/Thread.run;java/lang/Thread.runWith;java/util/concurrent/ThreadPoolExecutor$Worker.run;java/util/concurrent/ThreadPoolExecutor.runWorker;java/util/concurrent/FutureTask.run;java/util/concurrent/Executors$RunnableAdapter.call;java/util/concurrent/FutureTask.run;org/openjdk/jmh/runner/BenchmarkHandler$BenchmarkTask.call;org/openjdk/jmh/runner/BenchmarkHandler$BenchmarkTask.call;java/lang/reflect/Method.invoke;jdk/internal/reflect/DirectMethodHandleAccessor.invoke;jdk/internal/reflect/DirectMethodHandleAccessor.invokeImpl;java/lang/invoke/LambdaForm$MH.0x0000000073061400.invokeExact_MT;java/lang/invoke/LambdaForm$MH.0x0000000073061000.invoke;java/lang/invoke/DirectMethodHandle$Holder.invokeSpecial;org/weakref/nitro/tpch/jmh_generated/BenchmarkQueries_query10_jmhTest.query10_AverageTime;org/weakref/nitro/tpch/jmh_generated/BenchmarkQueries_query10_jmhTest.query10_avgt_jmhStub;org/weakref/nitro/tpch/BenchmarkQueries.query10;org/weakref/nitro/tpch/BenchmarkQueries.consume;org/weakref/nitro/operator/ProjectOperator.next;org/weakref/nitro/operator/TopNOperator.next;org/weakref/nitro/operator/TopNOperator.computeTopN;org/weakref/nitro/operator/GroupedAggregationOperator.next;org/weakref/nitro/operator/GroupedAggregationOperator.computeResults;org/weakref/nitro/operator/GroupedAggregationOperator.computeInlineGroupedResults;org/weakref/nitro/operator/ProjectOperator.next;org/weakref/nitro/operator/HashJoinOperator.next;org/weakref/nitro/operator/HashJoinOperator.produceBatch;org/weakref/nitro/operator/HashJoinOperator.produceOrdinaryBatch;org/weakref/nitro/operator/HashJoinOperator.loadNextOuterBatch;org/weakref/nitro/operator/HashJoinOperator.next;org/weakref/nitro/operator/HashJoinOperator.produceBatch;org/weakref/nitro/operator/HashJoinOperator.loadInnerIfNecessary;org/weakref/nitro/operator/BufferedJoinInput.loadAll;org/weakref/nitro/operator/ProjectOperator.next;org/weakref/nitro/operator/FilterOperator.next;org/weakref/nitro/operator/evaluator/PlanEvaluator.evaluateInPlace;org/weakref/nitro/operator/evaluator/PlanEvaluator.evaluateTrueMaskInPlace;org/weakref/nitro/operator/evaluator/PlanEvaluator.tryEvaluatePrimitiveTrueMaskInPlace;org/weakref/nitro/operator/evaluator/PlanEvaluator.tryEvaluatePrimitiveMaskInPlace;org/weakref/nitro/operator/evaluator/PlanEvaluator.resolveMaskPrimitiveInvocation;org/weakref/nitro/operator/evaluator/PlanEvaluator.evaluateArgument;org/weakref/nitro/operator/FilterOperator$1.resolve;org/weakref/nitro/operator/Output.borrowOrNull;org/weakref/nitro/operator/Output.borrow;org/weakref/nitro/operator/Output.borrow;org/weakref/nitro/operator/NitroParquetScanOperator$ScanOutputResolver$$Lambda.0x00000000730aad90.apply;org/weakref/nitro/operator/NitroParquetScanOperator$ScanOutputResolver.resolve;org/weakref/nitro/operator/NitroParquetScanOperator.resolveLazyColumn;org/weakref/nitro/operator/NitroParquetScanOperator.decodeFullColumn;org/weakref/nitro/parquet/ColumnReader.readBinary;org/weakref/nitro/parquet/ColumnReader.readBinaryDirect;org/weakref/nitro/data/Allocator.release;org/weakref/nitro/data/Allocator.releaseVectorTree;org/weakref/nitro/data/Allocator.releaseVector;org/weakref/nitro/data/Allocator$ContextState.releaseVector;org/weakref/nitro/data/Allocator$ContextState.addVectorToPool;java/util/TreeMap.computeIfAbsent;java/util/TreeMap.callMappingFunctionWithCheck;org/weakref/nitro/data/Allocator$ContextState$$Lambda.0x000000007328ea90.apply;org/weakref/nitro/data/Allocator$ContextState.lambda$addVectorToPool$1;java/util/ArrayDeque.<init>;java.lang.Object[]_[i] 1
java/lang/Thread.run;java/lang/Thread.runWith;java/util/concurrent/ThreadPoolExecutor$Worker.run;java/util/concurrent/ThreadPoolExecutor.runWorker;java/util/concurrent/FutureTask.run;java/util/concurrent/Executors$RunnableAdapter.call;java/util/concurrent/FutureTask.run;org/openjdk/jmh/runner/BenchmarkHandler$BenchmarkTask.call;org/openjdk/jmh/runner/BenchmarkHandler$BenchmarkTask.call;java/lang/reflect/Method.invoke;jdk/internal/reflect/DirectMethodHandleAccessor.invoke;jdk/internal/reflect/DirectMethodHandleAccessor.invokeImpl;java/lang/invoke/LambdaForm$MH.0x0000000073061400.invokeExact_MT;java/lang/invoke/LambdaForm$MH.0x0000000073061000.invoke;java/lang/invoke/DirectMethodHandle$Holder.invokeSpecial;org/weakref/nitro/tpch/jmh_generated/BenchmarkQueries_query10_jmhTest.query10_AverageTime;org/weakref/nitro/tpch/jmh_generated/BenchmarkQueries_query10_jmhTest.query10_avgt_jmhStub;org/weakref/nitro/tpch/BenchmarkQueries.query10;org/weakref/nitro/tpch/BenchmarkQueries.consume;org/weakref/nitro/operator/ProjectOperator.next;org/weakref/nitro/operator/TopNOperator.next;org/weakref/nitro/operator/TopNOperator.computeTopN;org/weakref/nitro/operator/GroupedAggregationOperator.next;org/weakref/nitro/operator/GroupedAggregationOperator.computeResults;org/weakref/nitro/operator/GroupedAggregationOperator.computeInlineGroupedResults;org/weakref/nitro/operator/ProjectOperator.next;org/weakref/nitro/operator/HashJoinOperator.next;org/weakref/nitro/operator/HashJoinOperator.produceBatch;org/weakref/nitro/operator/HashJoinOperator.produceOrdinaryBatch;org/weakref/nitro/operator/HashJoinOperator.loadNextOuterBatch;org/weakref/nitro/operator/HashJoinOperator.next;org/weakref/nitro/operator/HashJoinOperator.produceBatch;org/weakref/nitro/operator/HashJoinOperator.loadInnerIfNecessary;org/weakref/nitro/operator/BufferedJoinInput.loadAll;org/weakref/nitro/operator/JoinBufferSupport.copyAndCompact;org/weakref/nitro/operator/Streams$Builder.build;org.weakref.nitro.operator.Streams_[i] 1
java/lang/Thread.run;java/lang/Thread.runWith;java/util/concurrent/ThreadPoolExecutor$Worker.run;java/util/concurrent/ThreadPoolExecutor.runWorker;java/util/concurrent/FutureTask.run;java/util/concurrent/Executors$RunnableAdapter.call;java/util/concurrent/FutureTask.run;org/openjdk/jmh/runner/BenchmarkHandler$BenchmarkTask.call;org/openjdk/jmh/runner/BenchmarkHandler$BenchmarkTask.call;java/lang/reflect/Method.invoke;jdk/internal/reflect/DirectMethodHandleAccessor.invoke;jdk/internal/reflect/DirectMethodHandleAccessor.invokeImpl;java/lang/invoke/LambdaForm$MH.0x0000000073061400.invokeExact_MT;java/lang/invoke/LambdaForm$MH.0x0000000073061000.invoke;java/lang/invoke/DirectMethodHandle$Holder.invokeSpecial;org/weakref/nitro/tpch/jmh_generated/BenchmarkQueries_query10_jmhTest.query10_AverageTime;org/weakref/nitro/tpch/jmh_generated/BenchmarkQueries_query10_jmhTest.query10_avgt_jmhStub;org/weakref/nitro/tpch/BenchmarkQueries.query10;org/weakref/nitro/tpch/BenchmarkQueries.consume;org/weakref/nitro/operator/ProjectOperator.next;org/weakref/nitro/operator/TopNOperator.next;org/weakref/nitro/operator/TopNOperator.computeTopN;org/weakref/nitro/operator/GroupedAggregationOperator.next;org/weakref/nitro/operator/GroupedAggregationOperator.computeResults;org/weakref/nitro/operator/GroupedAggregationOperator.computeInlineGroupedResults;org/weakref/nitro/operator/GroupedAggregationOperator.assignInlineGroups;org/weakref/nitro/operator/Output.borrow;org/weakref/nitro/operator/Output.resolveMasked;org/weakref/nitro/operator/Output$$Lambda.0x000000007329e4f8.resolve;org/weakref/nitro/operator/Output.borrowMaybeMasked;org/weakref/nitro/operator/Output.borrow;org/weakref/nitro/operator/HashJoinOperator$$Lambda.0x00000000732a6628.apply;org/weakref/nitro/operator/HashJoinOperator.lambda$resultOutput$3;org/weakref/nitro/operator/HashJoinOperator.materializeOutput;org/weakref/nitro/operator/HashJoinOperator.materializeOuterOutput;org/weakref/nitro/operator/HashJoinOperator.wrapOuterOutput;org/weakref/nitro/operator/Output.borrow;org/weakref/nitro/operator/HashJoinOperator$$Lambda.0x00000000732a6628.apply;org/weakref/nitro/operator/HashJoinOperator.lambda$resultOutput$3;org/weakref/nitro/operator/HashJoinOperator.materializeOutput;org/weakref/nitro/operator/HashJoinOperator.materializeOuterOutput;org/weakref/nitro/operator/HashJoinOperator.wrapOuterOutput;org/weakref/nitro/operator/Output.borrow;org/weakref/nitro/operator/HashJoinOperator$$Lambda.0x00000000732a6628.apply;org/weakref/nitro/operator/HashJoinOperator.lambda$resultOutput$3;org/weakref/nitro/operator/HashJoinOperator.materializeOutput;org/weakref/nitro/operator/HashJoinOperator.materializeOuterOutput;org/weakref/nitro/operator/HashJoinOperator.wrapOuterOutput;org/weakref/nitro/operator/Output.borrow;org/weakref/nitro/operator/NitroParquetScanOperator$ScanOutputResolver$$Lambda.0x00000000730aad90.apply;org/weakref/nitro/operator/NitroParquetScanOperator$ScanOutputResolver.resolve;org/weakref/nitro/operator/NitroParquetScanOperator.resolveLazyColumn;org/weakref/nitro/operator/NitroParquetScanOperator.decodeFullColumn;org/weakref/nitro/parquet/ColumnReader.readLongs;org/weakref/nitro/parquet/ColumnReader.decodeNextDataPage;org/weakref/nitro/parquet/ColumnReader.decodeDataPageV1;org/weakref/nitro/parquet/ColumnReader.ensurePageCapacity;org/weakref/nitro/parquet/ColumnReader.ensurePageValueCapacity;org/weakref/nitro/parquet/ColumnReader.replaceLongs;org/weakref/nitro/data/PrimitiveArrayPool.borrowLongs;long[]_[i] 3
java/lang/Thread.run;java/lang/Thread.runWith;java/util/concurrent/ThreadPoolExecutor$Worker.run;java/util/concurrent/ThreadPoolExecutor.runWorker;java/util/concurrent/FutureTask.run;java/util/concurrent/Executors$RunnableAdapter.call;java/util/concurrent/FutureTask.run;org/openjdk/jmh/runner/BenchmarkHandler$BenchmarkTask.call;org/openjdk/jmh/runner/BenchmarkHandler$BenchmarkTask.call;java/lang/reflect/Method.invoke;jdk/internal/reflect/DirectMethodHandleAccessor.invoke;jdk/internal/reflect/DirectMethodHandleAccessor.invokeImpl;java/lang/invoke/LambdaForm$MH.0x0000000073061400.invokeExact_MT;java/lang/invoke/LambdaForm$MH.0x0000000073061000.invoke;java/lang/invoke/DirectMethodHandle$Holder.invokeSpecial;org/weakref/nitro/tpch/jmh_generated/BenchmarkQueries_query10_jmhTest.query10_AverageTime;org/weakref/nitro/tpch/jmh_generated/BenchmarkQueries_query10_jmhTest.query10_avgt_jmhStub;org/weakref/nitro/tpch/BenchmarkQueries.query10;org/weakref/nitro/tpch/BenchmarkQueries.consume;org/weakref/nitro/operator/ProjectOperator.next;org/weakref/nitro/operator/TopNOperator.next;org/weakref/nitro/operator/TopNOperator.computeTopN;org/weakref/nitro/operator/GroupedAggregationOperator.next;org/weakref/nitro/operator/GroupedAggregationOperator.computeResults;org/weakref/nitro/operator/GroupedAggregationOperator.computeInlineGroupedResults;org/weakref/nitro/operator/ProjectOperator.next;org/weakref/nitro/operator/HashJoinOperator.next;org/weakref/nitro/operator/HashJoinOperator.produceBatch;org/weakref/nitro/operator/HashJoinOperator.produceOrdinaryBatch;org/weakref/nitro/operator/HashJoinOperator.loadNextOuterBatch;org/weakref/nitro/operator/HashJoinOperator.next;org/weakref/nitro/operator/HashJoinOperator.produceBatch;org/weakref/nitro/operator/HashJoinOperator.loadInnerIfNecessary;org/weakref/nitro/operator/BufferedJoinInput.loadAll;org/weakref/nitro/operator/BufferedJoinInput.captureSchema;org/weakref/nitro/operator/Output.borrow;org/weakref/nitro/operator/Output.resolveMasked;org/weakref/nitro/operator/Output$$Lambda.0x000000007329e4f8.resolve;org/weakref/nitro/operator/Output.borrowMaybeMasked;org/weakref/nitro/operator/Output.borrow;org/weakref/nitro/operator/NitroParquetScanOperator$ScanOutputResolver$$Lambda.0x00000000730aad90.apply;org/weakref/nitro/operator/NitroParquetScanOperator$ScanOutputResolver.resolve;org/weakref/nitro/operator/NitroParquetScanOperator.resolveLazyColumn;org/weakref/nitro/operator/NitroParquetScanOperator.decodeFullColumn;org/weakref/nitro/parquet/ColumnReader.readLongs;org/weakref/nitro/parquet/ColumnReader.decodeNextDataPage;org/weakref/nitro/parquet/ColumnReader.decodeDictionary;org/weakref/nitro/parquet/ColumnReader.replaceLongs;org/weakref/nitro/data/PrimitiveArrayPool.borrowLongs;long[]_[i] 1
java/lang/Thread.run;java/lang/Thread.runWith;java/util/concurrent/ThreadPoolExecutor$Worker.run;java/util/concurrent/ThreadPoolExecutor.runWorker;java/util/concurrent/FutureTask.run;java/util/concurrent/Executors$RunnableAdapter.call;java/util/concurrent/FutureTask.run;org/openjdk/jmh/runner/BenchmarkHandler$BenchmarkTask.call;org/openjdk/jmh/runner/BenchmarkHandler$BenchmarkTask.call;java/lang/reflect/Method.invoke;jdk/internal/reflect/DirectMethodHandleAccessor.invoke;jdk/internal/reflect/DirectMethodHandleAccessor.invokeImpl;java/lang/invoke/LambdaForm$MH.0x0000000073061400.invokeExact_MT;java/lang/invoke/LambdaForm$MH.0x0000000073061000.invoke;java/lang/invoke/DirectMethodHandle$Holder.invokeSpecial;org/weakref/nitro/tpch/jmh_generated/BenchmarkQueries_query10_jmhTest.query10_AverageTime;org/weakref/nitro/tpch/jmh_generated/BenchmarkQueries_query10_jmhTest.query10_avgt_jmhStub;org/weakref/nitro/tpch/BenchmarkQueries.query10;org/weakref/nitro/tpch/BenchmarkQueries.consume;org/weakref/nitro/operator/ProjectOperator.next;org/weakref/nitro/operator/TopNOperator.next;org/weakref/nitro/operator/TopNOperator.computeTopN;org/weakref/nitro/operator/GroupedAggregationOperator.next;org/weakref/nitro/operator/GroupedAggregationOperator.computeResults;org/weakref/nitro/operator/GroupedAggregationOperator.computeInlineGroupedResults;org/weakref/nitro/operator/ProjectOperator.next;org/weakref/nitro/operator/HashJoinOperator.next;org/weakref/nitro/operator/HashJoinOperator.produceBatch;org/weakref/nitro/operator/HashJoinOperator.produceOrdinaryBatch;org/weakref/nitro/operator/HashJoinOperator.loadNextOuterBatch;org/weakref/nitro/operator/HashJoinOperator.next;org/weakref/nitro/operator/HashJoinOperator.produceBatch;org/weakref/nitro/operator/HashJoinOperator.loadInnerIfNecessary;org/weakref/nitro/operator/BufferedJoinInput.loadAll;org/weakref/nitro/operator/ProjectOperator.next;org/weakref/nitro/operator/FilterOperator.next;org/weakref/nitro/operator/evaluator/PlanEvaluator.resetForReuse;org/weakref/nitro/data/Allocator.releaseIfPresent;org/weakref/nitro/data/Allocator$ContextState.release;org/weakref/nitro/data/Allocator$ContextState.addVectorToPool;java/util/TreeMap.computeIfAbsent;java/util/TreeMap.callMappingFunctionWithCheck;org/weakref/nitro/data/Allocator$ContextState$$Lambda.0x000000007328ea90.apply;org/weakref/nitro/data/Allocator$ContextState.lambda$addVectorToPool$1;java.util.ArrayDeque_[i] 2
java/lang/Thread.run;java/lang/Thread.runWith;java/util/concurrent/ThreadPoolExecutor$Worker.run;java/util/concurrent/ThreadPoolExecutor.runWorker;java/util/concurrent/FutureTask.run;java/util/concurrent/Executors$RunnableAdapter.call;java/util/concurrent/FutureTask.run;org/openjdk/jmh/runner/BenchmarkHandler$BenchmarkTask.call;org/openjdk/jmh/runner/BenchmarkHandler$BenchmarkTask.call;java/lang/reflect/Method.invoke;jdk/internal/reflect/DirectMethodHandleAccessor.invoke;jdk/internal/reflect/DirectMethodHandleAccessor.invokeImpl;java/lang/invoke/LambdaForm$MH.0x0000000073061400.invokeExact_MT;java/lang/invoke/LambdaForm$MH.0x0000000073061000.invoke;java/lang/invoke/DirectMethodHandle$Holder.invokeSpecial;org/weakref/nitro/tpch/jmh_generated/BenchmarkQueries_query10_jmhTest.query10_AverageTime;org/weakref/nitro/tpch/jmh_generated/BenchmarkQueries_query10_jmhTest.query10_avgt_jmhStub;org/weakref/nitro/tpch/BenchmarkQueries.query10;org/weakref/nitro/tpch/BenchmarkQueries.consume;org/weakref/nitro/operator/ProjectOperator.next;org/weakref/nitro/operator/TopNOperator.next;org/weakref/nitro/operator/TopNOperator.computeTopN;org/weakref/nitro/operator/GroupedAggregationOperator.next;org/weakref/nitro/operator/GroupedAggregationOperator.computeResults;org/weakref/nitro/operator/GroupedAggregationOperator.computeInlineGroupedResults;org/weakref/nitro/operator/ProjectOperator.next;org/weakref/nitro/operator/HashJoinOperator.next;org/weakref/nitro/operator/HashJoinOperator.produceBatch;org/weakref/nitro/operator/HashJoinOperator.produceOrdinaryBatch;org/weakref/nitro/operator/HashJoinOperator.loadNextOuterBatch;org/weakref/nitro/operator/HashJoinOperator.next;org/weakref/nitro/operator/HashJoinOperator.produceBatch;org/weakref/nitro/operator/HashJoinOperator.loadInnerIfNecessary;org/weakref/nitro/operator/BufferedJoinInput.loadAll;org/weakref/nitro/operator/ProjectOperator.next;org/weakref/nitro/operator/FilterOperator.next;org/weakref/nitro/operator/evaluator/PlanEvaluator.evaluateInPlace;org/weakref/nitro/operator/evaluator/PlanEvaluator.evaluateTrueMaskInPlace;org/weakref/nitro/operator/evaluator/PlanEvaluator.tryEvaluatePrimitiveTrueMaskInPlace;org/weakref/nitro/operator/evaluator/PlanEvaluator.tryEvaluatePrimitiveMaskInPlace;org/weakref/nitro/operator/evaluator/PlanEvaluator.resolveMaskPrimitiveInvocation;org/weakref/nitro/operator/evaluator/PlanEvaluator.evaluateArgument;org/weakref/nitro/operator/evaluator/PlanEvaluator.evaluateAvailableReference;org/weakref/nitro/operator/evaluator/PlanEvaluator.evaluate;org/weakref/nitro/operator/evaluator/PlanEvaluator.evaluateUnmemoized;org/weakref/nitro/operator/evaluator/PlanEvaluator.evaluateVariable;org/weakref/nitro/operator/evaluator/PlanEvaluator.evaluateLiteral;org/weakref/nitro/operator/evaluator/PlanEvaluator.fillUtf8;org/weakref/nitro/data/BinaryVector.addTrait;java/util/LinkedHashSet.<init>;java/util/AbstractCollection.addAll;java/util/HashSet.add;java/util/HashMap.put;java/util/HashMap.putVal;java/util/HashMap.resize;java.util.HashMap$Node[]_[i] 2
java/lang/Thread.run;java/lang/Thread.runWith;java/util/concurrent/ThreadPoolExecutor$Worker.run;java/util/concurrent/ThreadPoolExecutor.runWorker;java/util/concurrent/FutureTask.run;java/util/concurrent/Executors$RunnableAdapter.call;java/util/concurrent/FutureTask.run;org/openjdk/jmh/runner/BenchmarkHandler$BenchmarkTask.call;org/openjdk/jmh/runner/BenchmarkHandler$BenchmarkTask.call;java/lang/reflect/Method.invoke;jdk/internal/reflect/DirectMethodHandleAccessor.invoke;jdk/internal/reflect/DirectMethodHandleAccessor.invokeImpl;java/lang/invoke/LambdaForm$MH.0x0000000073061400.invokeExact_MT;java/lang/invoke/LambdaForm$MH.0x0000000073061000.invoke;java/lang/invoke/DirectMethodHandle$Holder.invokeSpecial;org/weakref/nitro/tpch/jmh_generated/BenchmarkQueries_query10_jmhTest.query10_AverageTime;org/weakref/nitro/tpch/jmh_generated/BenchmarkQueries_query10_jmhTest.query10_avgt_jmhStub;org/weakref/nitro/tpch/BenchmarkQueries.query10;org/weakref/nitro/tpch/BenchmarkQueries.consume;org/weakref/nitro/operator/ProjectOperator.next;org/weakref/nitro/operator/TopNOperator.next;org/weakref/nitro/operator/TopNOperator.computeTopN;org/weakref/nitro/operator/GroupedAggregationOperator.next;org/weakref/nitro/operator/GroupedAggregationOperator.computeResults;org/weakref/nitro/operator/GroupedAggregationOperator.computeInlineGroupedResults;org/weakref/nitro/operator/ProjectOperator.next;org/weakref/nitro/operator/HashJoinOperator.next;org/weakref/nitro/operator/HashJoinOperator.produceBatch;org/weakref/nitro/operator/HashJoinOperator.produceOrdinaryBatch;org/weakref/nitro/operator/HashJoinOperator.loadNextOuterBatch;org/weakref/nitro/operator/HashJoinOperator.next;org/weakref/nitro/operator/HashJoinOperator.produceBatch;org/weakref/nitro/operator/HashJoinOperator.loadInnerIfNecessary;org/weakref/nitro/operator/BufferedJoinInput.loadAll;org/weakref/nitro/operator/ProjectOperator.next;org/weakref/nitro/operator/FilterOperator.next;org/weakref/nitro/operator/evaluator/PlanEvaluator.resetForReuse;org/weakref/nitro/data/Allocator.releaseIfPresent;org/weakref/nitro/data/Allocator$ContextState.release;org/weakref/nitro/data/BinaryVector.poolFamily;org/weakref/nitro/data/BinaryVector.poolFamily;org.weakref.nitro.data.BinaryVector$PoolFamily_[i] 1
java/lang/Thread.run;java/lang/Thread.runWith;java/util/concurrent/ThreadPoolExecutor$Worker.run;java/util/concurrent/ThreadPoolExecutor.runWorker;java/util/concurrent/FutureTask.run;java/util/concurrent/Executors$RunnableAdapter.call;java/util/concurrent/FutureTask.run;org/openjdk/jmh/runner/BenchmarkHandler$BenchmarkTask.call;org/openjdk/jmh/runner/BenchmarkHandler$BenchmarkTask.call;java/lang/reflect/Method.invoke;jdk/internal/reflect/DirectMethodHandleAccessor.invoke;jdk/internal/reflect/DirectMethodHandleAccessor.invokeImpl;java/lang/invoke/LambdaForm$MH.0x0000000073061400.invokeExact_MT;java/lang/invoke/LambdaForm$MH.0x0000000073061000.invoke;java/lang/invoke/DirectMethodHandle$Holder.invokeSpecial;org/weakref/nitro/tpch/jmh_generated/BenchmarkQueries_query10_jmhTest.query10_AverageTime;org/weakref/nitro/tpch/jmh_generated/BenchmarkQueries_query10_jmhTest.query10_avgt_jmhStub;org/weakref/nitro/tpch/BenchmarkQueries.query10;org/weakref/nitro/tpch/BenchmarkQueries.consume;org/weakref/nitro/operator/ProjectOperator.next;org/weakref/nitro/operator/TopNOperator.next;org/weakref/nitro/operator/TopNOperator.computeTopN;org/weakref/nitro/operator/GroupedAggregationOperator.next;org/weakref/nitro/operator/GroupedAggregationOperator.computeResults;org/weakref/nitro/operator/GroupedAggregationOperator.computeInlineGroupedResults;org/weakref/nitro/operator/ProjectOperator.next;org/weakref/nitro/operator/HashJoinOperator.next;org/weakref/nitro/operator/HashJoinOperator.produceBatch;org/weakref/nitro/operator/HashJoinOperator.produceOrdinaryBatch;org/weakref/nitro/operator/HashJoinOperator.loadNextOuterBatch;org/weakref/nitro/operator/HashJoinOperator.next;org/weakref/nitro/operator/HashJoinOperator.produceBatch;org/weakref/nitro/operator/HashJoinOperator.produceOrdinaryBatch;org/weakref/nitro/operator/HashJoinOperator.loadNextOuterBatch;org/weakref/nitro/operator/HashJoinOperator.next;org/weakref/nitro/operator/HashJoinOperator.produceBatch;org/weakref/nitro/operator/HashJoinOperator.loadInnerIfNecessary;org/weakref/nitro/operator/HashJoinOperator.indexInnerRows;org/weakref/nitro/operator/HashJoinOperator.createJoinIndex;org/weakref/nitro/operator/HashJoinOperator$LongJoinIndex.<init>;org/weakref/nitro/data/PrimitiveArrayPool.borrowInts;int[]_[i] 1
java/lang/Thread.run;java/lang/Thread.runWith;java/util/concurrent/ThreadPoolExecutor$Worker.run;java/util/concurrent/ThreadPoolExecutor.runWorker;java/util/concurrent/FutureTask.run;java/util/concurrent/Executors$RunnableAdapter.call;java/util/concurrent/FutureTask.run;org/openjdk/jmh/runner/BenchmarkHandler$BenchmarkTask.call;org/openjdk/jmh/runner/BenchmarkHandler$BenchmarkTask.call;java/lang/reflect/Method.invoke;jdk/internal/reflect/DirectMethodHandleAccessor.invoke;jdk/internal/reflect/DirectMethodHandleAccessor.invokeImpl;java/lang/invoke/LambdaForm$MH.0x0000000073061400.invokeExact_MT;java/lang/invoke/LambdaForm$MH.0x0000000073061000.invoke;java/lang/invoke/DirectMethodHandle$Holder.invokeSpecial;org/weakref/nitro/tpch/jmh_generated/BenchmarkQueries_query10_jmhTest.query10_AverageTime;org/weakref/nitro/tpch/jmh_generated/BenchmarkQueries_query10_jmhTest.query10_avgt_jmhStub;org/weakref/nitro/tpch/BenchmarkQueries.query10;org/weakref/nitro/tpch/BenchmarkQueries.consume;org/weakref/nitro/operator/ProjectOperator.next;org/weakref/nitro/operator/TopNOperator.next;org/weakref/nitro/operator/TopNOperator.computeTopN;org/weakref/nitro/operator/GroupedAggregationOperator.next;org/weakref/nitro/operator/GroupedAggregationOperator.computeResults;org/weakref/nitro/operator/GroupedAggregationOperator.computeInlineGroupedResults;org/weakref/nitro/operator/GroupedAggregationOperator.accumulateGroupedRows;org/weakref/nitro/operator/aggregation/SumF64.accumulate;org/weakref/nitro/operator/aggregation/StreamAccessors$$Lambda.0x00000000732aa640.stream;org/weakref/nitro/operator/aggregation/StreamAccessors.lambda$forBatch$0;org/weakref/nitro/operator/aggregation/StreamAccessors.read;org/weakref/nitro/operator/Output.borrowOrNull;org/weakref/nitro/operator/Output.borrow;org/weakref/nitro/operator/ProjectOperator$$Lambda.0x00000000732a3ca0.apply;org/weakref/nitro/operator/ProjectOperator.lambda$next$4;org/weakref/nitro/operator/ProjectOperator.evaluateOutput;java/util/HashMap.computeIfAbsent;org/weakref/nitro/operator/ProjectOperator$$Lambda.0x00000000732aad20.apply;org/weakref/nitro/operator/ProjectOperator.lambda$evaluateOutput$0;org/weakref/nitro/operator/ProjectOperator.evaluateBundle;org/weakref/nitro/operator/ProjectOperator$BatchState.fusedResults;org/weakref/nitro/jit/generated/FusedProj_1.apply;org/weakref/nitro/data/Allocator.allocate;org/weakref/nitro/jit/generated/FusedProj_1$$Lambda.0x00000000732acc00.apply;org/weakref/nitro/data/F64Vector.<init>;double[]_[i] 15
java/lang/Thread.run;java/lang/Thread.runWith;java/util/concurrent/ThreadPoolExecutor$Worker.run;java/util/concurrent/ThreadPoolExecutor.runWorker;java/util/concurrent/FutureTask.run;java/util/concurrent/Executors$RunnableAdapter.call;java/util/concurrent/FutureTask.run;org/openjdk/jmh/runner/BenchmarkHandler$BenchmarkTask.call;org/openjdk/jmh/runner/BenchmarkHandler$BenchmarkTask.call;java/lang/reflect/Method.invoke;jdk/internal/reflect/DirectMethodHandleAccessor.invoke;jdk/internal/reflect/DirectMethodHandleAccessor.invokeImpl;java/lang/invoke/LambdaForm$MH.0x0000000073061400.invokeExact_MT;java/lang/invoke/LambdaForm$MH.0x0000000073061000.invoke;java/lang/invoke/DirectMethodHandle$Holder.invokeSpecial;org/weakref/nitro/tpch/jmh_generated/BenchmarkQueries_query10_jmhTest.query10_AverageTime;org/weakref/nitro/tpch/jmh_generated/BenchmarkQueries_query10_jmhTest.query10_avgt_jmhStub;org/weakref/nitro/tpch/BenchmarkQueries.query10;org/weakref/nitro/tpch/BenchmarkQueries.consume;org/weakref/nitro/operator/ProjectOperator.next;org/weakref/nitro/operator/TopNOperator.next;org/weakref/nitro/operator/TopNOperator.computeTopN;org/weakref/nitro/operator/GroupedAggregationOperator.next;org/weakref/nitro/operator/GroupedAggregationOperator.computeResults;org/weakref/nitro/operator/GroupedAggregationOperator.computeInlineGroupedResults;org/weakref/nitro/operator/ProjectOperator.next;org/weakref/nitro/operator/HashJoinOperator.next;org/weakref/nitro/operator/HashJoinOperator.produceBatch;org/weakref/nitro/operator/HashJoinOperator.produceOrdinaryBatch;org/weakref/nitro/operator/HashJoinOperator.loadNextOuterBatch;org/weakref/nitro/operator/HashJoinOperator.next;org/weakref/nitro/operator/HashJoinOperator.produceBatch;org/weakref/nitro/operator/HashJoinOperator.loadInnerIfNecessary;org/weakref/nitro/operator/BufferedJoinInput.loadAll;org/weakref/nitro/operator/ProjectOperator.next;org/weakref/nitro/operator/FilterOperator.next;org/weakref/nitro/operator/evaluator/PlanEvaluator.evaluateInPlace;org/weakref/nitro/operator/evaluator/PlanEvaluator.evaluateTrueMaskInPlace;org/weakref/nitro/operator/evaluator/PlanEvaluator.tryEvaluatePrimitiveTrueMaskInPlace;org/weakref/nitro/operator/evaluator/PlanEvaluator.tryEvaluatePrimitiveMaskInPlace;org/weakref/nitro/operator/evaluator/PlanEvaluator.resolveMaskPrimitiveInvocation;org/weakref/nitro/operator/evaluator/PlanEvaluator.evaluateArgument;org/weakref/nitro/operator/FilterOperator$1.resolve;org/weakref/nitro/operator/Output.borrowOrNull;org/weakref/nitro/operator/Output.borrow;org/weakref/nitro/operator/Output.borrow;org/weakref/nitro/operator/NitroParquetScanOperator$ScanOutputResolver$$Lambda.0x00000000730aad90.apply;org/weakref/nitro/operator/NitroParquetScanOperator$ScanOutputResolver.resolve;org/weakref/nitro/operator/NitroParquetScanOperator.resolveLazyColumn;org/weakref/nitro/operator/NitroParquetScanOperator.decodeFullColumn;org/weakref/nitro/parquet/ColumnReader.readBinary;org/weakref/nitro/parquet/ColumnReader.readBinaryDirect;org/weakref/nitro/parquet/ColumnReader.decodeNextDataPage;org/weakref/nitro/parquet/ColumnReader.decodeDataPageV1;org/weakref/nitro/parquet/ColumnReader.ensureIdCapacity;org/weakref/nitro/parquet/ColumnReader.replaceInts;org/weakref/nitro/data/PrimitiveArrayPool.borrowInts;int[]_[i] 3
java/lang/Thread.run;java/lang/Thread.runWith;java/util/concurrent/ThreadPoolExecutor$Worker.run;java/util/concurrent/ThreadPoolExecutor.runWorker;java/util/concurrent/FutureTask.run;java/util/concurrent/Executors$RunnableAdapter.call;java/util/concurrent/FutureTask.run;org/openjdk/jmh/runner/BenchmarkHandler$BenchmarkTask.call;org/openjdk/jmh/runner/BenchmarkHandler$BenchmarkTask.call;java/lang/reflect/Method.invoke;jdk/internal/reflect/DirectMethodHandleAccessor.invoke;jdk/internal/reflect/DirectMethodHandleAccessor.invokeImpl;java/lang/invoke/LambdaForm$MH.0x0000000073061400.invokeExact_MT;java/lang/invoke/LambdaForm$MH.0x0000000073061000.invoke;java/lang/invoke/DirectMethodHandle$Holder.invokeSpecial;org/weakref/nitro/tpch/jmh_generated/BenchmarkQueries_query10_jmhTest.query10_AverageTime;org/weakref/nitro/tpch/jmh_generated/BenchmarkQueries_query10_jmhTest.query10_avgt_jmhStub;org/weakref/nitro/tpch/BenchmarkQueries.query10;org/weakref/nitro/tpch/BenchmarkQueries.consume;org/weakref/nitro/operator/ProjectOperator.next;org/weakref/nitro/operator/TopNOperator.next;org/weakref/nitro/operator/TopNOperator.computeTopN;org/weakref/nitro/operator/GroupedAggregationOperator.next;org/weakref/nitro/operator/GroupedAggregationOperator.computeResults;org/weakref/nitro/operator/GroupedAggregationOperator.computeInlineGroupedResults;org/weakref/nitro/operator/ProjectOperator.next;org/weakref/nitro/operator/HashJoinOperator.next;org/weakref/nitro/operator/HashJoinOperator.produceBatch;org/weakref/nitro/operator/HashJoinOperator.produceOrdinaryBatch;org/weakref/nitro/operator/HashJoinOperator.loadNextOuterBatch;org/weakref/nitro/operator/HashJoinOperator.next;org/weakref/nitro/operator/HashJoinOperator.produceBatch;org/weakref/nitro/operator/HashJoinOperator.produceOrdinaryBatch;org/weakref/nitro/operator/HashJoinOperator.loadNextOuterBatch;org/weakref/nitro/operator/HashJoinOperator.next;org/weakref/nitro/operator/HashJoinOperator.produceBatch;org/weakref/nitro/operator/HashJoinOperator.loadInnerIfNecessary;org/weakref/nitro/operator/BufferedJoinInput.loadAll;org/weakref/nitro/operator/BufferedJoinInput.captureSchema;org/weakref/nitro/operator/Output.borrow;org/weakref/nitro/operator/Output.resolveMasked;org/weakref/nitro/operator/Output$$Lambda.0x000000007329e4f8.resolve;org/weakref/nitro/operator/Output.borrowMaybeMasked;org/weakref/nitro/operator/Output.borrow;org/weakref/nitro/operator/NitroParquetScanOperator$ScanOutputResolver$$Lambda.0x00000000730aad90.apply;org/weakref/nitro/operator/NitroParquetScanOperator$ScanOutputResolver.resolve;org/weakref/nitro/operator/NitroParquetScanOperator.resolveLazyColumn;org/weakref/nitro/operator/NitroParquetScanOperator.decodeFullColumn;org/weakref/nitro/parquet/ColumnReader.readLongs;org/weakref/nitro/parquet/ColumnReader.decodeNextDataPage;org/weakref/nitro/parquet/ColumnReader.decodeDataPageV1;org/weakref/nitro/parquet/ColumnReader.ensurePageCapacity;org/weakref/nitro/parquet/ColumnReader.ensurePageValueCapacity;org/weakref/nitro/parquet/ColumnReader.replaceLongs;org/weakref/nitro/data/PrimitiveArrayPool.borrowLongs;long[]_[i] 1
java/lang/Thread.run;java/lang/Thread.runWith;java/util/concurrent/ThreadPoolExecutor$Worker.run;java/util/concurrent/ThreadPoolExecutor.runWorker;java/util/concurrent/FutureTask.run;java/util/concurrent/Executors$RunnableAdapter.call;java/util/concurrent/FutureTask.run;org/openjdk/jmh/runner/BenchmarkHandler$BenchmarkTask.call;org/openjdk/jmh/runner/BenchmarkHandler$BenchmarkTask.call;java/lang/reflect/Method.invoke;jdk/internal/reflect/DirectMethodHandleAccessor.invoke;jdk/internal/reflect/DirectMethodHandleAccessor.invokeImpl;java/lang/invoke/LambdaForm$MH.0x0000000073061400.invokeExact_MT;java/lang/invoke/LambdaForm$MH.0x0000000073061000.invoke;java/lang/invoke/DirectMethodHandle$Holder.invokeSpecial;org/weakref/nitro/tpch/jmh_generated/BenchmarkQueries_query10_jmhTest.query10_AverageTime;org/weakref/nitro/tpch/jmh_generated/BenchmarkQueries_query10_jmhTest.query10_avgt_jmhStub;org/weakref/nitro/tpch/BenchmarkQueries.query10;org/weakref/nitro/tpch/BenchmarkQueries.consume;org/weakref/nitro/operator/ProjectOperator.next;org/weakref/nitro/operator/TopNOperator.next;org/weakref/nitro/operator/TopNOperator.computeTopN;org/weakref/nitro/operator/GroupedAggregationOperator.next;org/weakref/nitro/operator/GroupedAggregationOperator.computeResults;org/weakref/nitro/operator/GroupedAggregationOperator.computeInlineGroupedResults;org/weakref/nitro/operator/Batch.close;org/weakref/nitro/operator/Output.close;org/weakref/nitro/operator/Output.release;org/weakref/nitro/operator/ProjectOperator$$Lambda.0x00000000732a1a40.accept;org/weakref/nitro/operator/ProjectOperator.lambda$next$6;org/weakref/nitro/operator/ProjectOperator$BatchState.releaseOutput;org/weakref/nitro/data/Allocator.release;org/weakref/nitro/data/Allocator.releaseVectorTree;org/weakref/nitro/data/Allocator.releaseVector;org/weakref/nitro/data/Allocator$ContextState.releaseVector;org/weakref/nitro/data/Allocator$ContextState.addVectorToPool;java/util/TreeMap.computeIfAbsent;java/util/TreeMap.callMappingFunctionWithCheck;org/weakref/nitro/data/Allocator$ContextState$$Lambda.0x000000007328ea90.apply;org/weakref/nitro/data/Allocator$ContextState.lambda$addVectorToPool$1;java/util/ArrayDeque.<init>;java.lang.Object[]_[i] 1
java/lang/Thread.run;java/lang/Thread.runWith;java/util/concurrent/ThreadPoolExecutor$Worker.run;java/util/concurrent/ThreadPoolExecutor.runWorker;java/util/concurrent/FutureTask.run;java/util/concurrent/Executors$RunnableAdapter.call;java/util/concurrent/FutureTask.run;org/openjdk/jmh/runner/BenchmarkHandler$BenchmarkTask.call;org/openjdk/jmh/runner/BenchmarkHandler$BenchmarkTask.call;java/lang/reflect/Method.invoke;jdk/internal/reflect/DirectMethodHandleAccessor.invoke;jdk/internal/reflect/DirectMethodHandleAccessor.invokeImpl;java/lang/invoke/LambdaForm$MH.0x0000000073061400.invokeExact_MT;java/lang/invoke/LambdaForm$MH.0x0000000073061000.invoke;java/lang/invoke/DirectMethodHandle$Holder.invokeSpecial;org/weakref/nitro/tpch/jmh_generated/BenchmarkQueries_query10_jmhTest.query10_AverageTime;org/weakref/nitro/tpch/jmh_generated/BenchmarkQueries_query10_jmhTest.query10_avgt_jmhStub;org/weakref/nitro/tpch/BenchmarkQueries.query10;org/weakref/nitro/tpch/BenchmarkQueries.consume;org/weakref/nitro/operator/ProjectOperator.next;org/weakref/nitro/operator/TopNOperator.next;org/weakref/nitro/operator/TopNOperator.computeTopN;org/weakref/nitro/operator/GroupedAggregationOperator.next;org/weakref/nitro/operator/GroupedAggregationOperator.computeResults;org/weakref/nitro/operator/GroupedAggregationOperator.computeInlineGroupedResults;org/weakref/nitro/operator/GroupedAggregationOperator.accumulateGroupedRows;org/weakref/nitro/operator/aggregation/SumF64.accumulate;org/weakref/nitro/operator/aggregation/StreamAccessors$$Lambda.0x00000000732aa640.stream;org/weakref/nitro/operator/aggregation/StreamAccessors.lambda$forBatch$0;org/weakref/nitro/operator/aggregation/StreamAccessors.read;org/weakref/nitro/operator/Output.borrowOrNull;org/weakref/nitro/operator/Output.borrow;org/weakref/nitro/operator/ProjectOperator$$Lambda.0x00000000732a3ca0.apply;org/weakref/nitro/operator/ProjectOperator.lambda$next$4;org/weakref/nitro/operator/ProjectOperator.evaluateOutput;java/util/HashMap.computeIfAbsent;org/weakref/nitro/operator/ProjectOperator$$Lambda.0x00000000732aad20.apply;org/weakref/nitro/operator/ProjectOperator.lambda$evaluateOutput$0;org/weakref/nitro/operator/ProjectOperator.evaluateBundle;org/weakref/nitro/operator/ProjectOperator$BatchState.fusedResults;org/weakref/nitro/jit/generated/FusedProj_1.apply;org/weakref/nitro/data/Allocator.allocate;org/weakref/nitro/jit/generated/FusedProj_1$$Lambda.0x00000000732ad000.apply;org/weakref/nitro/data/BooleanVector.<init>;boolean[]_[i] 1
java/lang/Thread.run;java/lang/Thread.runWith;java/util/concurrent/ThreadPoolExecutor$Worker.run;java/util/concurrent/ThreadPoolExecutor.runWorker;java/util/concurrent/FutureTask.run;java/util/concurrent/Executors$RunnableAdapter.call;java/util/concurrent/FutureTask.run;org/openjdk/jmh/runner/BenchmarkHandler$BenchmarkTask.call;org/openjdk/jmh/runner/BenchmarkHandler$BenchmarkTask.call;java/lang/reflect/Method.invoke;jdk/internal/reflect/DirectMethodHandleAccessor.invoke;jdk/internal/reflect/DirectMethodHandleAccessor.invokeImpl;java/lang/invoke/LambdaForm$MH.0x0000000073061400.invokeExact_MT;java/lang/invoke/LambdaForm$MH.0x0000000073061000.invoke;java/lang/invoke/DirectMethodHandle$Holder.invokeSpecial;org/weakref/nitro/tpch/jmh_generated/BenchmarkQueries_query10_jmhTest.query10_AverageTime;org/weakref/nitro/tpch/jmh_generated/BenchmarkQueries_query10_jmhTest.query10_avgt_jmhStub;org/weakref/nitro/tpch/BenchmarkQueries.query10;org/weakref/nitro/tpch/BenchmarkQueries.consume;org/weakref/nitro/operator/ProjectOperator.next;org/weakref/nitro/operator/TopNOperator.next;org/weakref/nitro/operator/TopNOperator.computeTopN;org/weakref/nitro/operator/GroupedAggregationOperator.next;org/weakref/nitro/operator/GroupedAggregationOperator.computeResults;org/weakref/nitro/operator/GroupedAggregationOperator.computeInlineGroupedResults;org/weakref/nitro/operator/GroupedAggregationOperator.accumulateGroupedRows;org/weakref/nitro/operator/aggregation/SumF64.accumulate;org/weakref/nitro/operator/aggregation/StreamAccessors$$Lambda.0x00000000732aa640.stream;org/weakref/nitro/operator/aggregation/StreamAccessors.lambda$forBatch$0;org/weakref/nitro/operator/aggregation/StreamAccessors.read;org/weakref/nitro/operator/Output.borrowOrNull;org/weakref/nitro/operator/Output.borrow;org/weakref/nitro/operator/ProjectOperator$$Lambda.0x00000000732a3ca0.apply;org/weakref/nitro/operator/ProjectOperator.lambda$next$4;org/weakref/nitro/operator/ProjectOperator.evaluateOutput;java/util/HashMap.computeIfAbsent;org/weakref/nitro/operator/ProjectOperator$$Lambda.0x00000000732aad20.apply;org/weakref/nitro/operator/ProjectOperator.lambda$evaluateOutput$0;org/weakref/nitro/operator/ProjectOperator.evaluateBundle;org/weakref/nitro/operator/ProjectOperator$BatchState.fusedResults;org/weakref/nitro/operator/Output.borrow;org/weakref/nitro/operator/HashJoinOperator$$Lambda.0x00000000732a6628.apply;org/weakref/nitro/operator/HashJoinOperator.lambda$resultOutput$3;org/weakref/nitro/operator/HashJoinOperator.materializeOutput;org/weakref/nitro/operator/HashJoinOperator.materializeOuterOutput;org/weakref/nitro/operator/HashJoinOperator.wrapOuterOutput;org/weakref/nitro/operator/Output.borrow;org/weakref/nitro/operator/HashJoinOperator$$Lambda.0x00000000732a6628.apply;org/weakref/nitro/operator/HashJoinOperator.lambda$resultOutput$3;org/weakref/nitro/operator/HashJoinOperator.materializeOutput;org/weakref/nitro/operator/HashJoinOperator.materializeInnerOutput;org/weakref/nitro/operator/HashJoinOperator.tryWrapMultiRunInnerBooleanSideStreams;org/weakref/nitro/operator/HashJoinOperator.tryWrapMultiRunInnerBooleanStream;org.weakref.nitro.data.Vector[]_[i] 5
java/lang/Thread.run;java/lang/Thread.runWith;java/util/concurrent/ThreadPoolExecutor$Worker.run;java/util/concurrent/ThreadPoolExecutor.runWorker;java/util/concurrent/FutureTask.run;java/util/concurrent/Executors$RunnableAdapter.call;java/util/concurrent/FutureTask.run;org/openjdk/jmh/runner/BenchmarkHandler$BenchmarkTask.call;org/openjdk/jmh/runner/BenchmarkHandler$BenchmarkTask.call;java/lang/reflect/Method.invoke;jdk/internal/reflect/DirectMethodHandleAccessor.invoke;jdk/internal/reflect/DirectMethodHandleAccessor.invokeImpl;java/lang/invoke/LambdaForm$MH.0x0000000073061400.invokeExact_MT;java/lang/invoke/LambdaForm$MH.0x0000000073061000.invoke;java/lang/invoke/DirectMethodHandle$Holder.invokeSpecial;org/weakref/nitro/tpch/jmh_generated/BenchmarkQueries_query10_jmhTest.query10_AverageTime;org/weakref/nitro/tpch/jmh_generated/BenchmarkQueries_query10_jmhTest.query10_avgt_jmhStub;org/weakref/nitro/tpch/BenchmarkQueries.query10;org/weakref/nitro/tpch/BenchmarkQueries.consume;org/weakref/nitro/operator/ProjectOperator.next;org/weakref/nitro/operator/TopNOperator.next;org/weakref/nitro/operator/TopNOperator.computeTopN;org/weakref/nitro/operator/GroupedAggregationOperator.next;org/weakref/nitro/operator/GroupedAggregationOperator.computeResults;org/weakref/nitro/operator/GroupedAggregationOperator.computeInlineGroupedResults;org/weakref/nitro/operator/GroupedAggregationOperator.assignInlineGroups;org/weakref/nitro/operator/GroupingState.assignGroups;org/weakref/nitro/operator/GroupingState.assignGroups;org/weakref/nitro/operator/GroupingState.assignFlatGroups;org/weakref/nitro/operator/FlatGroupingTable.assignGroupHashed;org/weakref/nitro/operator/FlatGroupingTable.assignGroupHashedInternal;org/weakref/nitro/operator/FlatGroupingTable.rehash;org/weakref/nitro/data/PrimitiveArrayPool.borrowInts;int[]_[i] 2
java/lang/Thread.run;java/lang/Thread.runWith;java/util/concurrent/ThreadPoolExecutor$Worker.run;java/util/concurrent/ThreadPoolExecutor.runWorker;java/util/concurrent/FutureTask.run;java/util/concurrent/Executors$RunnableAdapter.call;java/util/concurrent/FutureTask.run;org/openjdk/jmh/runner/BenchmarkHandler$BenchmarkTask.call;org/openjdk/jmh/runner/BenchmarkHandler$BenchmarkTask.call;java/lang/reflect/Method.invoke;jdk/internal/reflect/DirectMethodHandleAccessor.invoke;jdk/internal/reflect/DirectMethodHandleAccessor.invokeImpl;java/lang/invoke/LambdaForm$MH.0x0000000073061400.invokeExact_MT;java/lang/invoke/LambdaForm$MH.0x0000000073061000.invoke;java/lang/invoke/DirectMethodHandle$Holder.invokeSpecial;org/weakref/nitro/tpch/jmh_generated/BenchmarkQueries_query10_jmhTest.query10_AverageTime;org/weakref/nitro/tpch/jmh_generated/BenchmarkQueries_query10_jmhTest.query10_avgt_jmhStub;org/weakref/nitro/tpch/BenchmarkQueries.query10;org/weakref/nitro/tpch/BenchmarkQueries.consume;org/weakref/nitro/operator/ProjectOperator.next;org/weakref/nitro/operator/TopNOperator.next;org/weakref/nitro/operator/TopNOperator.computeTopN;org/weakref/nitro/operator/GroupedAggregationOperator.next;org/weakref/nitro/operator/GroupedAggregationOperator.computeResults;org/weakref/nitro/operator/GroupedAggregationOperator.computeInlineGroupedResults;org/weakref/nitro/operator/ProjectOperator.next;org/weakref/nitro/operator/HashJoinOperator.next;org/weakref/nitro/operator/HashJoinOperator.produceBatch;org/weakref/nitro/operator/HashJoinOperator.produceOrdinaryBatch;org/weakref/nitro/operator/HashJoinOperator.loadNextOuterBatch;org/weakref/nitro/operator/HashJoinOperator.cacheOuterJoinInputs;org/weakref/nitro/operator/Output.borrow;org/weakref/nitro/operator/HashJoinOperator$$Lambda.0x00000000732a6628.apply;org/weakref/nitro/operator/HashJoinOperator.lambda$resultOutput$3;org/weakref/nitro/operator/HashJoinOperator.materializeOutput;org/weakref/nitro/operator/HashJoinOperator.materializeOuterOutput;org/weakref/nitro/operator/HashJoinOperator.wrapOuterOutput;org/weakref/nitro/operator/Output.borrow;org/weakref/nitro/operator/HashJoinOperator$$Lambda.0x00000000732a6628.apply;org/weakref/nitro/operator/HashJoinOperator.lambda$resultOutput$3;org/weakref/nitro/operator/HashJoinOperator.materializeOutput;org/weakref/nitro/operator/HashJoinOperator.materializeOuterOutput;org/weakref/nitro/operator/HashJoinOperator.wrapOuterOutput;org/weakref/nitro/operator/Output.borrow;org/weakref/nitro/operator/NitroParquetScanOperator$ScanOutputResolver$$Lambda.0x00000000730aad90.apply;org/weakref/nitro/operator/NitroParquetScanOperator$ScanOutputResolver.resolve;org/weakref/nitro/operator/NitroParquetScanOperator.resolveLazyColumn;org/weakref/nitro/operator/NitroParquetScanOperator.decodeFullColumn;org/weakref/nitro/parquet/ColumnReader.readLongs;org/weakref/nitro/parquet/ColumnReader.decodeNextDataPage;org/weakref/nitro/parquet/ColumnReader.decodeDataPageV1;org/weakref/nitro/parquet/ColumnReader.ensurePageCapacity;org/weakref/nitro/parquet/ColumnReader.ensurePageValueCapacity;org/weakref/nitro/parquet/ColumnReader.replaceLongs;org/weakref/nitro/data/PrimitiveArrayPool.borrowLongs;long[]_[i] 2
java/lang/Thread.run;java/lang/Thread.runWith;java/util/concurrent/ThreadPoolExecutor$Worker.run;java/util/concurrent/ThreadPoolExecutor.runWorker;java/util/concurrent/FutureTask.run;java/util/concurrent/Executors$RunnableAdapter.call;java/util/concurrent/FutureTask.run;org/openjdk/jmh/runner/BenchmarkHandler$BenchmarkTask.call;org/openjdk/jmh/runner/BenchmarkHandler$BenchmarkTask.call;java/lang/reflect/Method.invoke;jdk/internal/reflect/DirectMethodHandleAccessor.invoke;jdk/internal/reflect/DirectMethodHandleAccessor.invokeImpl;java/lang/invoke/LambdaForm$MH.0x0000000073061400.invokeExact_MT;java/lang/invoke/LambdaForm$MH.0x0000000073061000.invoke;java/lang/invoke/DirectMethodHandle$Holder.invokeSpecial;org/weakref/nitro/tpch/jmh_generated/BenchmarkQueries_query10_jmhTest.query10_AverageTime;org/weakref/nitro/tpch/jmh_generated/BenchmarkQueries_query10_jmhTest.query10_avgt_jmhStub;org/weakref/nitro/tpch/BenchmarkQueries.query10;org/weakref/nitro/tpch/BenchmarkQueries.consume;org/weakref/nitro/operator/ProjectOperator.next;org/weakref/nitro/operator/TopNOperator.next;org/weakref/nitro/operator/TopNOperator.computeTopN;org/weakref/nitro/operator/GroupedAggregationOperator.next;org/weakref/nitro/operator/GroupedAggregationOperator.computeResults;org/weakref/nitro/operator/GroupedAggregationOperator.computeInlineGroupedResults;org/weakref/nitro/operator/ProjectOperator.next;org/weakref/nitro/operator/HashJoinOperator.next;org/weakref/nitro/operator/HashJoinOperator.produceBatch;org/weakref/nitro/operator/HashJoinOperator.produceOrdinaryBatch;org/weakref/nitro/operator/HashJoinOperator.loadNextOuterBatch;org/weakref/nitro/operator/HashJoinOperator.next;org/weakref/nitro/operator/HashJoinOperator.produceBatch;org/weakref/nitro/operator/HashJoinOperator.produceOrdinaryBatch;org/weakref/nitro/operator/HashJoinOperator.prepareOuterProbeChunk;org/weakref/nitro/operator/HashJoinOperator$LongJoinIndex.matchRows;org/weakref/nitro/operator/HashJoinOperator$LongJoinIndex.chainMatches;org/weakref/nitro/operator/HashJoinOperator.createChainLongLists;org.weakref.nitro.operator.HashJoinOperator$ChainLongList_[i] 1
java/lang/Thread.run;java/lang/Thread.runWith;java/util/concurrent/ThreadPoolExecutor$Worker.run;java/util/concurrent/ThreadPoolExecutor.runWorker;java/util/concurrent/FutureTask.run;java/util/concurrent/Executors$RunnableAdapter.call;java/util/concurrent/FutureTask.run;org/openjdk/jmh/runner/BenchmarkHandler$BenchmarkTask.call;org/openjdk/jmh/runner/BenchmarkHandler$BenchmarkTask.call;java/lang/reflect/Method.invoke;jdk/internal/reflect/DirectMethodHandleAccessor.invoke;jdk/internal/reflect/DirectMethodHandleAccessor.invokeImpl;java/lang/invoke/LambdaForm$MH.0x0000000073061400.invokeExact_MT;java/lang/invoke/LambdaForm$MH.0x0000000073061000.invoke;java/lang/invoke/DirectMethodHandle$Holder.invokeSpecial;org/weakref/nitro/tpch/jmh_generated/BenchmarkQueries_query10_jmhTest.query10_AverageTime;org/weakref/nitro/tpch/jmh_generated/BenchmarkQueries_query10_jmhTest.query10_avgt_jmhStub;org/weakref/nitro/tpch/BenchmarkQueries.query10;org/weakref/nitro/tpch/BenchmarkQueries.consume;org/weakref/nitro/operator/ProjectOperator.next;org/weakref/nitro/operator/TopNOperator.next;org/weakref/nitro/operator/TopNOperator.computeTopN;org/weakref/nitro/operator/GroupedAggregationOperator.next;org/weakref/nitro/operator/GroupedAggregationOperator.computeResults;org/weakref/nitro/operator/GroupedAggregationOperator.computeInlineGroupedResults;org/weakref/nitro/operator/ProjectOperator.next;org/weakref/nitro/operator/HashJoinOperator.next;org/weakref/nitro/operator/HashJoinOperator.produceBatch;org/weakref/nitro/operator/HashJoinOperator.produceOrdinaryBatch;org/weakref/nitro/operator/HashJoinOperator.loadNextOuterBatch;org/weakref/nitro/operator/HashJoinOperator.next;org/weakref/nitro/operator/HashJoinOperator.produceBatch;org/weakref/nitro/operator/HashJoinOperator.produceOrdinaryBatch;org/weakref/nitro/operator/HashJoinOperator.loadNextOuterBatch;org/weakref/nitro/operator/HashJoinOperator.next;org/weakref/nitro/operator/HashJoinOperator.produceBatch;org/weakref/nitro/operator/HashJoinOperator.loadInnerIfNecessary;org/weakref/nitro/operator/BufferedJoinInput.loadAll;org/weakref/nitro/operator/JoinBufferSupport.copyAndCompact;org/weakref/nitro/operator/Output.borrow;org/weakref/nitro/operator/Output.resolveMasked;org/weakref/nitro/operator/Output$$Lambda.0x000000007329e4f8.resolve;org/weakref/nitro/operator/Output.borrowMaybeMasked;org/weakref/nitro/operator/Output.borrow;org/weakref/nitro/operator/NitroParquetScanOperator$ScanOutputResolver$$Lambda.0x00000000730aad90.apply;org/weakref/nitro/operator/NitroParquetScanOperator$ScanOutputResolver.resolve;org/weakref/nitro/operator/NitroParquetScanOperator.resolveLazyColumn;org/weakref/nitro/operator/NitroParquetScanOperator.decodeFullColumn;org/weakref/nitro/parquet/ColumnReader.readLongs;org/weakref/nitro/parquet/ColumnReader.decodeNextDataPage;org/weakref/nitro/parquet/ColumnReader.decodeDataPageV1;org/weakref/nitro/parquet/ColumnReader.ensurePageCapacity;org/weakref/nitro/parquet/ColumnReader.ensurePageNullCapacity;org/weakref/nitro/parquet/ColumnReader.replaceBooleans;org/weakref/nitro/data/PrimitiveArrayPool.borrowBooleans;boolean[]_[i] 2
java/lang/Thread.run;java/lang/Thread.runWith;java/util/concurrent/ThreadPoolExecutor$Worker.run;java/util/concurrent/ThreadPoolExecutor.runWorker;java/util/concurrent/FutureTask.run;java/util/concurrent/Executors$RunnableAdapter.call;java/util/concurrent/FutureTask.run;org/openjdk/jmh/runner/BenchmarkHandler$BenchmarkTask.call;org/openjdk/jmh/runner/BenchmarkHandler$BenchmarkTask.call;java/lang/reflect/Method.invoke;jdk/internal/reflect/DirectMethodHandleAccessor.invoke;jdk/internal/reflect/DirectMethodHandleAccessor.invokeImpl;java/lang/invoke/LambdaForm$MH.0x0000000073061400.invokeExact_MT;java/lang/invoke/LambdaForm$MH.0x0000000073061000.invoke;java/lang/invoke/DirectMethodHandle$Holder.invokeSpecial;org/weakref/nitro/tpch/jmh_generated/BenchmarkQueries_query10_jmhTest.query10_AverageTime;org/weakref/nitro/tpch/jmh_generated/BenchmarkQueries_query10_jmhTest.query10_avgt_jmhStub;org/weakref/nitro/tpch/BenchmarkQueries.query10;org/weakref/nitro/tpch/BenchmarkQueries.consume;org/weakref/nitro/operator/ProjectOperator.next;org/weakref/nitro/operator/TopNOperator.next;org/weakref/nitro/operator/TopNOperator.computeTopN;org/weakref/nitro/operator/GroupedAggregationOperator.next;org/weakref/nitro/operator/GroupedAggregationOperator.computeResults;org/weakref/nitro/operator/GroupedAggregationOperator.computeInlineGroupedResults;org/weakref/nitro/operator/ProjectOperator.next;org/weakref/nitro/operator/HashJoinOperator.next;org/weakref/nitro/operator/HashJoinOperator.produceBatch;org/weakref/nitro/operator/HashJoinOperator.produceOrdinaryBatch;org/weakref/nitro/operator/HashJoinOperator.loadNextOuterBatch;org/weakref/nitro/operator/HashJoinOperator.next;org/weakref/nitro/operator/HashJoinOperator.produceBatch;org/weakref/nitro/operator/HashJoinOperator.loadInnerIfNecessary;org/weakref/nitro/operator/BufferedJoinInput.loadAll;org/weakref/nitro/operator/ProjectOperator.next;org/weakref/nitro/operator/FilterOperator.next;org/weakref/nitro/operator/evaluator/PlanEvaluator.evaluateInPlace;org/weakref/nitro/operator/evaluator/PlanEvaluator.evaluateTrueMaskInPlace;org/weakref/nitro/operator/evaluator/PlanEvaluator.tryEvaluatePrimitiveTrueMaskInPlace;org/weakref/nitro/operator/evaluator/PlanEvaluator.tryEvaluatePrimitiveMaskInPlace;org/weakref/nitro/operator/evaluator/PlanEvaluator.resolveMaskPrimitiveInvocation;org/weakref/nitro/operator/evaluator/PlanEvaluator.evaluateArgument;org/weakref/nitro/operator/evaluator/PlanEvaluator.evaluateAvailableReference;org/weakref/nitro/operator/evaluator/PlanEvaluator.evaluate;org/weakref/nitro/operator/evaluator/PlanEvaluator.evaluateUnmemoized;org/weakref/nitro/operator/evaluator/PlanEvaluator.evaluateVariable;org/weakref/nitro/operator/evaluator/PlanEvaluator.evaluateLiteral;org/weakref/nitro/operator/evaluator/PlanEvaluator.fillUtf8;org/weakref/nitro/data/BinaryVector.allocate;org/weakref/nitro/data/BinaryVector.poolFamily;org.weakref.nitro.data.BinaryVector$PoolFamily_[i] 1
java/lang/Thread.run;java/lang/Thread.runWith;java/util/concurrent/ThreadPoolExecutor$Worker.run;java/util/concurrent/ThreadPoolExecutor.runWorker;java/util/concurrent/FutureTask.run;java/util/concurrent/Executors$RunnableAdapter.call;java/util/concurrent/FutureTask.run;org/openjdk/jmh/runner/BenchmarkHandler$BenchmarkTask.call;org/openjdk/jmh/runner/BenchmarkHandler$BenchmarkTask.call;java/lang/reflect/Method.invoke;jdk/internal/reflect/DirectMethodHandleAccessor.invoke;jdk/internal/reflect/DirectMethodHandleAccessor.invokeImpl;java/lang/invoke/LambdaForm$MH.0x0000000073061400.invokeExact_MT;java/lang/invoke/LambdaForm$MH.0x0000000073061000.invoke;java/lang/invoke/DirectMethodHandle$Holder.invokeSpecial;org/weakref/nitro/tpch/jmh_generated/BenchmarkQueries_query10_jmhTest.query10_AverageTime;org/weakref/nitro/tpch/jmh_generated/BenchmarkQueries_query10_jmhTest.query10_avgt_jmhStub;org/weakref/nitro/tpch/BenchmarkQueries.query10;org/weakref/nitro/tpch/BenchmarkQueries.consume;org/weakref/nitro/operator/ProjectOperator.next;org/weakref/nitro/operator/TopNOperator.next;org/weakref/nitro/operator/TopNOperator.computeTopN;org/weakref/nitro/operator/GroupedAggregationOperator.next;org/weakref/nitro/operator/GroupedAggregationOperator.computeResults;org/weakref/nitro/operator/GroupedAggregationOperator.computeInlineGroupedResults;org/weakref/nitro/operator/ProjectOperator.next;org/weakref/nitro/operator/HashJoinOperator.next;org/weakref/nitro/operator/HashJoinOperator.produceBatch;org/weakref/nitro/operator/HashJoinOperator.produceOrdinaryBatch;org/weakref/nitro/operator/HashJoinOperator.loadNextOuterBatch;org/weakref/nitro/operator/HashJoinOperator.next;org/weakref/nitro/operator/HashJoinOperator.produceBatch;org/weakref/nitro/operator/HashJoinOperator.produceOrdinaryBatch;org/weakref/nitro/operator/HashJoinOperator.loadNextOuterBatch;org/weakref/nitro/operator/HashJoinOperator.next;org/weakref/nitro/operator/HashJoinOperator.produceBatch;org/weakref/nitro/operator/HashJoinOperator.loadInnerIfNecessary;org/weakref/nitro/operator/BufferedJoinInput.loadAll;org/weakref/nitro/operator/JoinBufferSupport.copyAndCompact;org/weakref/nitro/operator/Output.borrow;org/weakref/nitro/operator/Output.resolveMasked;org/weakref/nitro/operator/Output$$Lambda.0x000000007329e4f8.resolve;org/weakref/nitro/operator/Output.borrowMaybeMasked;org/weakref/nitro/operator/Output.borrow;org/weakref/nitro/operator/NitroParquetScanOperator$ScanOutputResolver$$Lambda.0x00000000730aad90.apply;org/weakref/nitro/operator/NitroParquetScanOperator$ScanOutputResolver.resolve;org/weakref/nitro/operator/NitroParquetScanOperator.resolveLazyColumn;org/weakref/nitro/operator/NitroParquetScanOperator.decodeFullColumn;org/weakref/nitro/parquet/ColumnReader.readLongs;org/weakref/nitro/parquet/ColumnReader.decodeNextDataPage;org/weakref/nitro/parquet/ColumnReader.decodeDataPageV1;org/weakref/nitro/parquet/ColumnReader.ensurePageCapacity;org/weakref/nitro/parquet/ColumnReader.ensurePageValueCapacity;org/weakref/nitro/parquet/ColumnReader.replaceLongs;org/weakref/nitro/data/PrimitiveArrayPool.borrowLongs;long[]_[i] 10
java/lang/Thread.run;java/lang/Thread.runWith;java/util/concurrent/ThreadPoolExecutor$Worker.run;java/util/concurrent/ThreadPoolExecutor.runWorker;java/util/concurrent/FutureTask.run;java/util/concurrent/Executors$RunnableAdapter.call;java/util/concurrent/FutureTask.run;org/openjdk/jmh/runner/BenchmarkHandler$BenchmarkTask.call;org/openjdk/jmh/runner/BenchmarkHandler$BenchmarkTask.call;java/lang/reflect/Method.invoke;jdk/internal/reflect/DirectMethodHandleAccessor.invoke;jdk/internal/reflect/DirectMethodHandleAccessor.invokeImpl;java/lang/invoke/LambdaForm$MH.0x0000000073061400.invokeExact_MT;java/lang/invoke/LambdaForm$MH.0x0000000073061000.invoke;java/lang/invoke/DirectMethodHandle$Holder.invokeSpecial;org/weakref/nitro/tpch/jmh_generated/BenchmarkQueries_query10_jmhTest.query10_AverageTime;org/weakref/nitro/tpch/jmh_generated/BenchmarkQueries_query10_jmhTest.query10_avgt_jmhStub;org/weakref/nitro/tpch/BenchmarkQueries.query10;org/weakref/nitro/tpch/BenchmarkQueries.consume;org/weakref/nitro/operator/ProjectOperator.next;org/weakref/nitro/operator/TopNOperator.next;org/weakref/nitro/operator/TopNOperator.computeTopN;org/weakref/nitro/operator/GroupedAggregationOperator.next;org/weakref/nitro/operator/GroupedAggregationOperator.computeResults;org/weakref/nitro/operator/GroupedAggregationOperator.computeInlineGroupedResults;org/weakref/nitro/operator/ProjectOperator.next;org/weakref/nitro/operator/HashJoinOperator.next;org/weakref/nitro/operator/HashJoinOperator.produceBatch;org/weakref/nitro/operator/HashJoinOperator.produceOrdinaryBatch;org/weakref/nitro/operator/HashJoinOperator.loadNextOuterBatch;org/weakref/nitro/operator/HashJoinOperator.next;org/weakref/nitro/operator/HashJoinOperator.produceBatch;org/weakref/nitro/operator/HashJoinOperator.loadInnerIfNecessary;org/weakref/nitro/operator/BufferedJoinInput.loadAll;org/weakref/nitro/operator/JoinBufferSupport.copyAndCompact;org/weakref/nitro/operator/JoinBufferSupport.copyVectorPositions;org/weakref/nitro/operator/JoinBufferSupport.copyLongPositions;org/weakref/nitro/operator/JoinBufferSupport.ensureLongCapacity;org/weakref/nitro/data/Allocator.allocate;org/weakref/nitro/operator/JoinBufferSupport$$Lambda.0x000000007328d840.apply;org/weakref/nitro/data/I64Vector.<init>;long[]_[i] 28
java/lang/Thread.run;java/lang/Thread.runWith;java/util/concurrent/ThreadPoolExecutor$Worker.run;java/util/concurrent/ThreadPoolExecutor.runWorker;java/util/concurrent/FutureTask.run;java/util/concurrent/Executors$RunnableAdapter.call;java/util/concurrent/FutureTask.run;org/openjdk/jmh/runner/BenchmarkHandler$BenchmarkTask.call;org/openjdk/jmh/runner/BenchmarkHandler$BenchmarkTask.call;java/lang/reflect/Method.invoke;jdk/internal/reflect/DirectMethodHandleAccessor.invoke;jdk/internal/reflect/DirectMethodHandleAccessor.invokeImpl;java/lang/invoke/LambdaForm$MH.0x0000000073061400.invokeExact_MT;java/lang/invoke/LambdaForm$MH.0x0000000073061000.invoke;java/lang/invoke/DirectMethodHandle$Holder.invokeSpecial;org/weakref/nitro/tpch/jmh_generated/BenchmarkQueries_query10_jmhTest.query10_AverageTime;org/weakref/nitro/tpch/jmh_generated/BenchmarkQueries_query10_jmhTest.query10_avgt_jmhStub;org/weakref/nitro/tpch/BenchmarkQueries.query10;org/weakref/nitro/tpch/TpchParquetSupport.query10;org/weakref/nitro/operator/HashJoinOperator.<init>;org/weakref/nitro/operator/HashJoinOperator.<init>;org/weakref/nitro/operator/HashJoinOperator$JoinScratch.<init>;int[]_[i] 1
java/lang/Thread.run;java/lang/Thread.runWith;java/util/concurrent/ThreadPoolExecutor$Worker.run;java/util/concurrent/ThreadPoolExecutor.runWorker;java/util/concurrent/FutureTask.run;java/util/concurrent/Executors$RunnableAdapter.call;java/util/concurrent/FutureTask.run;org/openjdk/jmh/runner/BenchmarkHandler$BenchmarkTask.call;org/openjdk/jmh/runner/BenchmarkHandler$BenchmarkTask.call;java/lang/reflect/Method.invoke;jdk/internal/reflect/DirectMethodHandleAccessor.invoke;jdk/internal/reflect/DirectMethodHandleAccessor.invokeImpl;java/lang/invoke/LambdaForm$MH.0x0000000073061400.invokeExact_MT;java/lang/invoke/LambdaForm$MH.0x0000000073061000.invoke;java/lang/invoke/DirectMethodHandle$Holder.invokeSpecial;org/weakref/nitro/tpch/jmh_generated/BenchmarkQueries_query10_jmhTest.query10_AverageTime;org/weakref/nitro/tpch/jmh_generated/BenchmarkQueries_query10_jmhTest.query10_avgt_jmhStub;org/weakref/nitro/tpch/BenchmarkQueries.query10;org/weakref/nitro/tpch/BenchmarkQueries.consume;org/weakref/nitro/operator/Output.borrow;org/weakref/nitro/operator/Output.resolveMasked;org/weakref/nitro/operator/Output$$Lambda.0x000000007329e4f8.resolve;org/weakref/nitro/operator/Output.borrowMaybeMasked;org/weakref/nitro/operator/Output.borrow;org/weakref/nitro/operator/TopNOperator$$Lambda.0x00000000732b1f78.apply;org/weakref/nitro/operator/TopNOperator.lambda$next$0;org/weakref/nitro/operator/TopNState.output;org/weakref/nitro/operator/TopNState.ensurePendingOutputMaterialized;org/weakref/nitro/operator/JoinBufferSupport.copyPosition;org/weakref/nitro/operator/JoinBufferSupport.copySinglePosition;org/weakref/nitro/operator/JoinBufferSupport.copySinglePosition;org/weakref/nitro/operator/Output.borrow;org/weakref/nitro/operator/GroupedAggregationOperator$$Lambda.0x00000000732ae800.apply;org/weakref/nitro/operator/GroupedAggregationOperator.lambda$resultOutput$0;org/weakref/nitro/operator/GroupedAggregationOperator.groupedKeyOutput;org/weakref/nitro/operator/GroupingState.groupedValues;org/weakref/nitro/operator/FlatGroupingTable.groupedValues;org/weakref/nitro/operator/FlatKeyLayout.tryGroupedValuesAsDictionary;org/weakref/nitro/data/Allocator.allocate;org/weakref/nitro/operator/FlatKeyLayout$$Lambda.0x00000000732b42a8.apply;org/weakref/nitro/data/I32Vector.<init>;int[]_[i] 3
java/lang/Thread.run;java/lang/Thread.runWith;java/util/concurrent/ThreadPoolExecutor$Worker.run;java/util/concurrent/ThreadPoolExecutor.runWorker;java/util/concurrent/FutureTask.run;java/util/concurrent/Executors$RunnableAdapter.call;java/util/concurrent/FutureTask.run;org/openjdk/jmh/runner/BenchmarkHandler$BenchmarkTask.call;org/openjdk/jmh/runner/BenchmarkHandler$BenchmarkTask.call;java/lang/reflect/Method.invoke;jdk/internal/reflect/DirectMethodHandleAccessor.invoke;jdk/internal/reflect/DirectMethodHandleAccessor.invokeImpl;java/lang/invoke/LambdaForm$MH.0x0000000073061400.invokeExact_MT;java/lang/invoke/LambdaForm$MH.0x0000000073061000.invoke;java/lang/invoke/DirectMethodHandle$Holder.invokeSpecial;org/weakref/nitro/tpch/jmh_generated/BenchmarkQueries_query10_jmhTest.query10_AverageTime;org/weakref/nitro/tpch/jmh_generated/BenchmarkQueries_query10_jmhTest.query10_avgt_jmhStub;org/weakref/nitro/tpch/BenchmarkQueries.query10;org/weakref/nitro/tpch/BenchmarkQueries.consume;org/weakref/nitro/operator/ProjectOperator.next;org/weakref/nitro/operator/TopNOperator.next;org/weakref/nitro/operator/TopNOperator.computeTopN;org/weakref/nitro/operator/GroupedAggregationOperator.next;org/weakref/nitro/operator/GroupedAggregationOperator.computeResults;org/weakref/nitro/operator/GroupedAggregationOperator.computeInlineGroupedResults;org/weakref/nitro/operator/ProjectOperator.next;org/weakref/nitro/operator/HashJoinOperator.next;org/weakref/nitro/operator/HashJoinOperator.produceBatch;org/weakref/nitro/operator/HashJoinOperator.produceOrdinaryBatch;org/weakref/nitro/operator/HashJoinOperator.loadNextOuterBatch;org/weakref/nitro/operator/HashJoinOperator.next;org/weakref/nitro/operator/HashJoinOperator.produceBatch;org/weakref/nitro/operator/HashJoinOperator.loadInnerIfNecessary;org/weakref/nitro/operator/BufferedJoinInput.loadAll;org/weakref/nitro/operator/Batch.close;org/weakref/nitro/operator/ProjectOperator$$Lambda.0x000000007329f020.run;org/weakref/nitro/operator/ProjectOperator.lambda$next$11;org/weakref/nitro/operator/ProjectOperator$BatchState.close;org/weakref/nitro/operator/Batch.close;org/weakref/nitro/operator/FilterOperator$BatchState.close;org/weakref/nitro/operator/Batch.close;org/weakref/nitro/operator/Output.close;org/weakref/nitro/operator/Output.release;org/weakref/nitro/operator/BatchBufferOwner.accept;org/weakref/nitro/operator/BatchBufferOwner.accept;org/weakref/nitro/operator/NitroParquetScanOperator$ScanOutputResolver.release;org/weakref/nitro/operator/BatchBufferScope.release;org/weakref/nitro/data/Allocator.release;org/weakref/nitro/data/Allocator.releaseVectorTree;org/weakref/nitro/data/Allocator.releaseVectorTree;org/weakref/nitro/data/Allocator.releaseVector;org/weakref/nitro/data/Allocator$ContextState.releaseVector;org/weakref/nitro/data/Allocator$ContextState.addVectorToPool;java/util/HashMap.computeIfAbsent;org/weakref/nitro/data/Allocator$ContextState$$Lambda.0x000000007328ecd8.apply;org/weakref/nitro/data/Allocator$ContextState.lambda$addVectorToPool$2;java/util/ArrayDeque.<init>;java.lang.Object[]_[i] 2
java/lang/Thread.run;java/lang/Thread.runWith;java/util/concurrent/ThreadPoolExecutor$Worker.run;java/util/concurrent/ThreadPoolExecutor.runWorker;java/util/concurrent/FutureTask.run;java/util/concurrent/Executors$RunnableAdapter.call;java/util/concurrent/FutureTask.run;org/openjdk/jmh/runner/BenchmarkHandler$BenchmarkTask.call;org/openjdk/jmh/runner/BenchmarkHandler$BenchmarkTask.call;java/lang/reflect/Method.invoke;jdk/internal/reflect/DirectMethodHandleAccessor.invoke;jdk/internal/reflect/DirectMethodHandleAccessor.invokeImpl;java/lang/invoke/LambdaForm$MH.0x0000000073061400.invokeExact_MT;java/lang/invoke/LambdaForm$MH.0x0000000073061000.invoke;java/lang/invoke/DirectMethodHandle$Holder.invokeSpecial;org/weakref/nitro/tpch/jmh_generated/BenchmarkQueries_query10_jmhTest.query10_AverageTime;org/weakref/nitro/tpch/jmh_generated/BenchmarkQueries_query10_jmhTest.query10_avgt_jmhStub;org/weakref/nitro/tpch/BenchmarkQueries.query10;org/weakref/nitro/tpch/BenchmarkQueries.consume;org/weakref/nitro/operator/ProjectOperator.next;org/weakref/nitro/operator/TopNOperator.next;org/weakref/nitro/operator/TopNOperator.computeTopN;org/weakref/nitro/operator/GroupedAggregationOperator.next;org/weakref/nitro/operator/GroupedAggregationOperator.computeResults;org/weakref/nitro/operator/GroupedAggregationOperator.computeInlineGroupedResults;org/weakref/nitro/operator/ProjectOperator.next;org/weakref/nitro/operator/HashJoinOperator.next;org/weakref/nitro/operator/HashJoinOperator.produceBatch;org/weakref/nitro/operator/HashJoinOperator.produceOrdinaryBatch;org/weakref/nitro/operator/HashJoinOperator.loadNextOuterBatch;org/weakref/nitro/operator/HashJoinOperator.next;org/weakref/nitro/operator/HashJoinOperator.produceBatch;org/weakref/nitro/operator/HashJoinOperator.loadInnerIfNecessary;org/weakref/nitro/operator/BufferedJoinInput.loadAll;org/weakref/nitro/operator/Batch.close;org/weakref/nitro/operator/ProjectOperator$$Lambda.0x000000007329f020.run;org/weakref/nitro/operator/ProjectOperator.lambda$next$11;org/weakref/nitro/operator/ProjectOperator$BatchState.close;org/weakref/nitro/operator/Batch.close;org/weakref/nitro/operator/FilterOperator$BatchState.close;org/weakref/nitro/operator/Batch.close;org/weakref/nitro/operator/Output.close;org/weakref/nitro/operator/Output.release;org/weakref/nitro/operator/BatchBufferOwner.accept;org/weakref/nitro/operator/BatchBufferOwner.accept;org/weakref/nitro/operator/NitroParquetScanOperator$ScanOutputResolver.release;org/weakref/nitro/operator/BatchBufferScope.release;org/weakref/nitro/data/Allocator.release;org/weakref/nitro/data/Allocator.releaseVectorTree;org/weakref/nitro/data/Allocator.releaseVector;org/weakref/nitro/data/Allocator$ContextState.releaseVector;org/weakref/nitro/data/Allocator$ContextState.addVectorToPool;java/lang/Integer.valueOf;java.lang.Integer_[i] 2
java/lang/Thread.run;java/lang/Thread.runWith;java/util/concurrent/ThreadPoolExecutor$Worker.run;java/util/concurrent/ThreadPoolExecutor.runWorker;java/util/concurrent/FutureTask.run;java/util/concurrent/Executors$RunnableAdapter.call;java/util/concurrent/FutureTask.run;org/openjdk/jmh/runner/BenchmarkHandler$BenchmarkTask.call;org/openjdk/jmh/runner/BenchmarkHandler$BenchmarkTask.call;java/lang/reflect/Method.invoke;jdk/internal/reflect/DirectMethodHandleAccessor.invoke;jdk/internal/reflect/DirectMethodHandleAccessor.invokeImpl;java/lang/invoke/LambdaForm$MH.0x0000000073061400.invokeExact_MT;java/lang/invoke/LambdaForm$MH.0x0000000073061000.invoke;java/lang/invoke/DirectMethodHandle$Holder.invokeSpecial;org/weakref/nitro/tpch/jmh_generated/BenchmarkQueries_query10_jmhTest.query10_AverageTime;org/weakref/nitro/tpch/jmh_generated/BenchmarkQueries_query10_jmhTest.query10_avgt_jmhStub;org/weakref/nitro/tpch/BenchmarkQueries.query10;org/weakref/nitro/tpch/BenchmarkQueries.consume;org/weakref/nitro/operator/ProjectOperator.next;org/weakref/nitro/operator/TopNOperator.next;org/weakref/nitro/operator/TopNOperator.computeTopN;org/weakref/nitro/operator/GroupedAggregationOperator.next;org/weakref/nitro/operator/GroupedAggregationOperator.computeResults;org/weakref/nitro/operator/GroupedAggregationOperator.computeInlineGroupedResults;org/weakref/nitro/operator/ProjectOperator.next;org/weakref/nitro/operator/HashJoinOperator.next;org/weakref/nitro/operator/HashJoinOperator.produceBatch;org/weakref/nitro/operator/HashJoinOperator.produceOrdinaryBatch;org/weakref/nitro/operator/HashJoinOperator.loadNextOuterBatch;org/weakref/nitro/operator/HashJoinOperator.next;org/weakref/nitro/operator/HashJoinOperator.produceBatch;org/weakref/nitro/operator/HashJoinOperator.loadInnerIfNecessary;org/weakref/nitro/operator/BufferedJoinInput.loadAll;org/weakref/nitro/operator/Batch.close;org/weakref/nitro/operator/ProjectOperator$$Lambda.0x000000007329f020.run;org/weakref/nitro/operator/ProjectOperator.lambda$next$11;org/weakref/nitro/operator/ProjectOperator$BatchState.close;org/weakref/nitro/operator/Batch.close;org/weakref/nitro/operator/FilterOperator$BatchState.close;org/weakref/nitro/operator/Batch.close;org/weakref/nitro/operator/Output.close;org/weakref/nitro/operator/Output.release;org/weakref/nitro/operator/BatchBufferOwner.accept;org/weakref/nitro/operator/BatchBufferOwner.accept;org/weakref/nitro/operator/NitroParquetScanOperator$ScanOutputResolver.release;org/weakref/nitro/operator/BatchBufferScope.release;org/weakref/nitro/data/Allocator.release;org/weakref/nitro/data/Allocator.releaseVectorTree;org/weakref/nitro/data/Allocator.releaseVector;org/weakref/nitro/data/Allocator$ContextState.releaseVector;org/weakref/nitro/data/Allocator$ContextState.addVectorToPool;java/util/TreeMap.computeIfAbsent;java/util/TreeMap.callMappingFunctionWithCheck;org/weakref/nitro/data/Allocator$ContextState$$Lambda.0x000000007328ea90.apply;org/weakref/nitro/data/Allocator$ContextState.lambda$addVectorToPool$1;java/util/ArrayDeque.<init>;java.lang.Object[]_[i] 2
java/lang/Thread.run;java/lang/Thread.runWith;java/util/concurrent/ThreadPoolExecutor$Worker.run;java/util/concurrent/ThreadPoolExecutor.runWorker;java/util/concurrent/FutureTask.run;java/util/concurrent/Executors$RunnableAdapter.call;java/util/concurrent/FutureTask.run;org/openjdk/jmh/runner/BenchmarkHandler$BenchmarkTask.call;org/openjdk/jmh/runner/BenchmarkHandler$BenchmarkTask.call;java/lang/reflect/Method.invoke;jdk/internal/reflect/DirectMethodHandleAccessor.invoke;jdk/internal/reflect/DirectMethodHandleAccessor.invokeImpl;java/lang/invoke/LambdaForm$MH.0x0000000073061400.invokeExact_MT;java/lang/invoke/LambdaForm$MH.0x0000000073061000.invoke;java/lang/invoke/DirectMethodHandle$Holder.invokeSpecial;org/weakref/nitro/tpch/jmh_generated/BenchmarkQueries_query10_jmhTest.query10_AverageTime;org/weakref/nitro/tpch/jmh_generated/BenchmarkQueries_query10_jmhTest.query10_avgt_jmhStub;org/weakref/nitro/tpch/BenchmarkQueries.query10;org/weakref/nitro/tpch/BenchmarkQueries.consume;org/weakref/nitro/operator/ProjectOperator.next;org/weakref/nitro/operator/TopNOperator.next;org/weakref/nitro/operator/TopNOperator.computeTopN;org/weakref/nitro/operator/GroupedAggregationOperator.next;org/weakref/nitro/operator/GroupedAggregationOperator.computeResults;org/weakref/nitro/operator/GroupedAggregationOperator.computeInlineGroupedResults;org/weakref/nitro/operator/ProjectOperator.next;org/weakref/nitro/operator/HashJoinOperator.next;org/weakref/nitro/operator/HashJoinOperator.produceBatch;org/weakref/nitro/operator/HashJoinOperator.produceOrdinaryBatch;org/weakref/nitro/operator/HashJoinOperator.loadNextOuterBatch;org/weakref/nitro/operator/HashJoinOperator.next;org/weakref/nitro/operator/HashJoinOperator.produceBatch;org/weakref/nitro/operator/HashJoinOperator.loadInnerIfNecessary;org/weakref/nitro/operator/BufferedJoinInput.loadAll;org/weakref/nitro/operator/ProjectOperator.next;org/weakref/nitro/operator/FilterOperator.next;org/weakref/nitro/operator/evaluator/PlanEvaluator.evaluateInPlace;org/weakref/nitro/operator/evaluator/PlanEvaluator.evaluateTrueMaskInPlace;org/weakref/nitro/operator/evaluator/PlanEvaluator.tryEvaluatePrimitiveTrueMaskInPlace;org/weakref/nitro/operator/evaluator/PlanEvaluator.tryEvaluatePrimitiveMaskInPlace;org/weakref/nitro/operator/evaluator/PlanEvaluator.resolveMaskPrimitiveInvocation;org/weakref/nitro/operator/evaluator/PlanEvaluator.evaluateArgument;org/weakref/nitro/operator/evaluator/PlanEvaluator.evaluateAvailableReference;org/weakref/nitro/operator/evaluator/PlanEvaluator.evaluate;org/weakref/nitro/operator/evaluator/PlanEvaluator.evaluateUnmemoized;org/weakref/nitro/operator/evaluator/PlanEvaluator.evaluateVariable;org/weakref/nitro/operator/evaluator/PlanEvaluator.evaluateLiteral;org/weakref/nitro/operator/evaluator/PlanEvaluator.fillUtf8;org/weakref/nitro/data/BinaryVector.addTrait;java/util/Set.of;java.util.ImmutableCollections$Set12_[i] 1
java/lang/Thread.run;java/lang/Thread.runWith;java/util/concurrent/ThreadPoolExecutor$Worker.run;java/util/concurrent/ThreadPoolExecutor.runWorker;java/util/concurrent/FutureTask.run;java/util/concurrent/Executors$RunnableAdapter.call;java/util/concurrent/FutureTask.run;org/openjdk/jmh/runner/BenchmarkHandler$BenchmarkTask.call;org/openjdk/jmh/runner/BenchmarkHandler$BenchmarkTask.call;java/lang/reflect/Method.invoke;jdk/internal/reflect/DirectMethodHandleAccessor.invoke;jdk/internal/reflect/DirectMethodHandleAccessor.invokeImpl;java/lang/invoke/LambdaForm$MH.0x0000000073061400.invokeExact_MT;java/lang/invoke/LambdaForm$MH.0x0000000073061000.invoke;java/lang/invoke/DirectMethodHandle$Holder.invokeSpecial;org/weakref/nitro/tpch/jmh_generated/BenchmarkQueries_query10_jmhTest.query10_AverageTime;org/weakref/nitro/tpch/jmh_generated/BenchmarkQueries_query10_jmhTest.query10_avgt_jmhStub;org/weakref/nitro/tpch/BenchmarkQueries.query10;org/weakref/nitro/tpch/BenchmarkQueries.consume;org/weakref/nitro/operator/ProjectOperator.next;org/weakref/nitro/operator/TopNOperator.next;org/weakref/nitro/operator/TopNOperator.computeTopN;org/weakref/nitro/operator/GroupedAggregationOperator.next;org/weakref/nitro/operator/GroupedAggregationOperator.computeResults;org/weakref/nitro/operator/GroupedAggregationOperator.computeInlineGroupedResults;org/weakref/nitro/operator/ProjectOperator.next;org/weakref/nitro/operator/HashJoinOperator.next;org/weakref/nitro/operator/HashJoinOperator.produceBatch;org/weakref/nitro/operator/HashJoinOperator.produceOrdinaryBatch;org/weakref/nitro/operator/HashJoinOperator.loadNextOuterBatch;org/weakref/nitro/operator/HashJoinOperator.next;org/weakref/nitro/operator/HashJoinOperator.produceBatch;org/weakref/nitro/operator/HashJoinOperator.loadInnerIfNecessary;org/weakref/nitro/operator/BufferedJoinInput.loadAll;org/weakref/nitro/operator/ProjectOperator.next;org/weakref/nitro/operator/FilterOperator.next;org/weakref/nitro/operator/evaluator/PlanEvaluator.evaluateInPlace;org/weakref/nitro/operator/evaluator/PlanEvaluator.evaluateTrueMaskInPlace;org/weakref/nitro/operator/evaluator/PlanEvaluator.tryEvaluatePrimitiveTrueMaskInPlace;org/weakref/nitro/operator/evaluator/PlanEvaluator.tryEvaluatePrimitiveMaskInPlace;org/weakref/nitro/operator/evaluator/PlanEvaluator.resolveMaskPrimitiveInvocation;org/weakref/nitro/operator/evaluator/PlanEvaluator.evaluateArgument;org/weakref/nitro/operator/FilterOperator$1.resolve;org/weakref/nitro/operator/Output.borrowOrNull;org/weakref/nitro/operator/Output.borrow;org/weakref/nitro/operator/Output.borrow;org/weakref/nitro/operator/NitroParquetScanOperator$ScanOutputResolver$$Lambda.0x00000000730aad90.apply;org/weakref/nitro/operator/NitroParquetScanOperator$ScanOutputResolver.resolve;org/weakref/nitro/operator/NitroParquetScanOperator.resolveLazyColumn;org/weakref/nitro/operator/NitroParquetScanOperator.decodeFullColumn;org/weakref/nitro/parquet/ColumnReader.readBinary;org/weakref/nitro/parquet/ColumnReader.readBinaryDirect;org/weakref/nitro/parquet/ColumnReader.decodeNextDataPage;org/weakref/nitro/parquet/ColumnReader.decodeDataPageV1;org/weakref/nitro/parquet/ColumnReader.scatterDictionaryBinaryIds;org/weakref/nitro/parquet/ColumnReader.ensurePageNullCapacity;org/weakref/nitro/parquet/ColumnReader.replaceBooleans;org/weakref/nitro/data/PrimitiveArrayPool.borrowBooleans;boolean[]_[i] 2
java/lang/Thread.run;java/lang/Thread.runWith;java/util/concurrent/ThreadPoolExecutor$Worker.run;java/util/concurrent/ThreadPoolExecutor.runWorker;java/util/concurrent/FutureTask.run;java/util/concurrent/Executors$RunnableAdapter.call;java/util/concurrent/FutureTask.run;org/openjdk/jmh/runner/BenchmarkHandler$BenchmarkTask.call;org/openjdk/jmh/runner/BenchmarkHandler$BenchmarkTask.call;java/lang/reflect/Method.invoke;jdk/internal/reflect/DirectMethodHandleAccessor.invoke;jdk/internal/reflect/DirectMethodHandleAccessor.invokeImpl;java/lang/invoke/LambdaForm$MH.0x0000000073061400.invokeExact_MT;java/lang/invoke/LambdaForm$MH.0x0000000073061000.invoke;java/lang/invoke/DirectMethodHandle$Holder.invokeSpecial;org/weakref/nitro/tpch/jmh_generated/BenchmarkQueries_query10_jmhTest.query10_AverageTime;org/weakref/nitro/tpch/jmh_generated/BenchmarkQueries_query10_jmhTest.query10_avgt_jmhStub;org/weakref/nitro/tpch/BenchmarkQueries.query10;org/weakref/nitro/tpch/BenchmarkQueries.consume;org/weakref/nitro/operator/ProjectOperator.next;org/weakref/nitro/operator/TopNOperator.next;org/weakref/nitro/operator/TopNOperator.computeTopN;org/weakref/nitro/operator/GroupedAggregationOperator.next;org/weakref/nitro/operator/GroupedAggregationOperator.computeResults;org/weakref/nitro/operator/GroupedAggregationOperator.computeInlineGroupedResults;org/weakref/nitro/operator/ProjectOperator.next;org/weakref/nitro/operator/HashJoinOperator.next;org/weakref/nitro/operator/HashJoinOperator.produceBatch;org/weakref/nitro/operator/HashJoinOperator.produceOrdinaryBatch;org/weakref/nitro/operator/HashJoinOperator.loadNextOuterBatch;org/weakref/nitro/operator/HashJoinOperator.next;org/weakref/nitro/operator/HashJoinOperator.produceBatch;org/weakref/nitro/operator/HashJoinOperator.loadInnerIfNecessary;org/weakref/nitro/operator/BufferedJoinInput.loadAll;org/weakref/nitro/operator/JoinBufferSupport.copyAndCompact;org/weakref/nitro/operator/Output.borrow;org/weakref/nitro/operator/Output.resolveMasked;org/weakref/nitro/operator/Output$$Lambda.0x000000007329e4f8.resolve;org/weakref/nitro/operator/Output.borrowMaybeMasked;org/weakref/nitro/operator/Output.borrow;org/weakref/nitro/operator/NitroParquetScanOperator$ScanOutputResolver$$Lambda.0x00000000730aad90.apply;org/weakref/nitro/operator/NitroParquetScanOperator$ScanOutputResolver.resolve;org/weakref/nitro/operator/NitroParquetScanOperator.resolveLazyColumn;org/weakref/nitro/operator/NitroParquetScanOperator.decodeFullColumn;org/weakref/nitro/parquet/ColumnReader.readLongs;org/weakref/nitro/parquet/ColumnReader.decodeNextDataPage;org/weakref/nitro/parquet/ColumnReader.decodeDictionary;org/weakref/nitro/parquet/ColumnReader.replaceLongs;org/weakref/nitro/data/PrimitiveArrayPool.borrowLongs;long[]_[i] 3
java/lang/Thread.run;java/lang/Thread.runWith;java/util/concurrent/ThreadPoolExecutor$Worker.run;java/util/concurrent/ThreadPoolExecutor.runWorker;java/util/concurrent/FutureTask.run;java/util/concurrent/Executors$RunnableAdapter.call;java/util/concurrent/FutureTask.run;org/openjdk/jmh/runner/BenchmarkHandler$BenchmarkTask.call;org/openjdk/jmh/runner/BenchmarkHandler$BenchmarkTask.call;java/lang/reflect/Method.invoke;jdk/internal/reflect/DirectMethodHandleAccessor.invoke;jdk/internal/reflect/DirectMethodHandleAccessor.invokeImpl;java/lang/invoke/LambdaForm$MH.0x0000000073061400.invokeExact_MT;java/lang/invoke/LambdaForm$MH.0x0000000073061000.invoke;java/lang/invoke/DirectMethodHandle$Holder.invokeSpecial;org/weakref/nitro/tpch/jmh_generated/BenchmarkQueries_query10_jmhTest.query10_AverageTime;org/weakref/nitro/tpch/jmh_generated/BenchmarkQueries_query10_jmhTest.query10_avgt_jmhStub;org/weakref/nitro/tpch/BenchmarkQueries.query10;org/weakref/nitro/tpch/BenchmarkQueries.consume;org/weakref/nitro/operator/ProjectOperator.next;org/weakref/nitro/operator/TopNOperator.next;org/weakref/nitro/operator/TopNOperator.computeTopN;org/weakref/nitro/operator/GroupedAggregationOperator.next;org/weakref/nitro/operator/GroupedAggregationOperator.computeResults;org/weakref/nitro/operator/GroupedAggregationOperator.computeInlineGroupedResults;org/weakref/nitro/operator/ProjectOperator.next;org/weakref/nitro/operator/HashJoinOperator.next;org/weakref/nitro/operator/HashJoinOperator.produceBatch;org/weakref/nitro/operator/HashJoinOperator.produceOrdinaryBatch;org/weakref/nitro/operator/HashJoinOperator.loadNextOuterBatch;org/weakref/nitro/operator/HashJoinOperator.next;org/weakref/nitro/operator/HashJoinOperator.produceBatch;org/weakref/nitro/operator/HashJoinOperator.loadInnerIfNecessary;org/weakref/nitro/operator/BufferedJoinInput.loadAll;org/weakref/nitro/operator/ProjectOperator.next;org/weakref/nitro/operator/FilterOperator.next;org/weakref/nitro/operator/evaluator/PlanEvaluator.evaluateInPlace;org/weakref/nitro/operator/evaluator/PlanEvaluator.evaluateTrueMaskInPlace;org/weakref/nitro/operator/evaluator/PlanEvaluator.tryEvaluatePrimitiveTrueMaskInPlace;org/weakref/nitro/operator/evaluator/PlanEvaluator.tryEvaluatePrimitiveMaskInPlace;org/weakref/nitro/operator/evaluator/PlanEvaluator.resolveMaskPrimitiveInvocation;org/weakref/nitro/operator/evaluator/PlanEvaluator.evaluateArgument;org/weakref/nitro/operator/evaluator/PlanEvaluator.evaluateAvailableReference;org/weakref/nitro/operator/evaluator/PlanEvaluator.evaluate;org/weakref/nitro/operator/evaluator/PlanEvaluator.evaluateUnmemoized;org/weakref/nitro/operator/evaluator/PlanEvaluator.evaluateVariable;org/weakref/nitro/operator/evaluator/PlanEvaluator.evaluateLiteral;org/weakref/nitro/operator/evaluator/PlanEvaluator.fillUtf8;org/weakref/nitro/data/Allocator.allocateSingleRunRle;org/weakref/nitro/data/RleVector.<init>;java/util/stream/IntPipeline.sum;java/util/stream/IntPipeline.reduce;java/util/stream/AbstractPipeline.evaluate;java/util/stream/ReduceOps$ReduceOp.evaluateSequential;java/util/stream/ReduceOps$6.makeSink;java/util/stream/ReduceOps$6.makeSink;java.util.stream.ReduceOps$5ReducingSink_[i] 1
java/lang/Thread.run;java/lang/Thread.runWith;java/util/concurrent/ThreadPoolExecutor$Worker.run;java/util/concurrent/ThreadPoolExecutor.runWorker;java/util/concurrent/FutureTask.run;java/util/concurrent/Executors$RunnableAdapter.call;java/util/concurrent/FutureTask.run;org/openjdk/jmh/runner/BenchmarkHandler$BenchmarkTask.call;org/openjdk/jmh/runner/BenchmarkHandler$BenchmarkTask.call;java/lang/reflect/Method.invoke;jdk/internal/reflect/DirectMethodHandleAccessor.invoke;jdk/internal/reflect/DirectMethodHandleAccessor.invokeImpl;java/lang/invoke/LambdaForm$MH.0x0000000073061400.invokeExact_MT;java/lang/invoke/LambdaForm$MH.0x0000000073061000.invoke;java/lang/invoke/DirectMethodHandle$Holder.invokeSpecial;org/weakref/nitro/tpch/jmh_generated/BenchmarkQueries_query10_jmhTest.query10_AverageTime;org/weakref/nitro/tpch/jmh_generated/BenchmarkQueries_query10_jmhTest.query10_avgt_jmhStub;org/weakref/nitro/tpch/BenchmarkQueries.query10;org/weakref/nitro/tpch/BenchmarkQueries.consume;org/weakref/nitro/operator/ProjectOperator.next;org/weakref/nitro/operator/TopNOperator.next;org/weakref/nitro/operator/TopNOperator.computeTopN;org/weakref/nitro/operator/GroupedAggregationOperator.next;org/weakref/nitro/operator/GroupedAggregationOperator.computeResults;org/weakref/nitro/operator/GroupedAggregationOperator.computeInlineGroupedResults;org/weakref/nitro/operator/GroupedAggregationOperator.accumulateGroupedRows;org/weakref/nitro/operator/aggregation/SumF64.accumulate;org/weakref/nitro/operator/aggregation/StreamAccessors$$Lambda.0x00000000732aa640.stream;org/weakref/nitro/operator/aggregation/StreamAccessors.lambda$forBatch$0;org/weakref/nitro/operator/aggregation/StreamAccessors.read;org/weakref/nitro/operator/Output.borrowOrNull;org/weakref/nitro/operator/Output.borrow;org/weakref/nitro/operator/ProjectOperator$$Lambda.0x00000000732a3ca0.apply;org/weakref/nitro/operator/ProjectOperator.lambda$next$4;org/weakref/nitro/operator/ProjectOperator.evaluateOutput;java/util/HashMap.computeIfAbsent;org/weakref/nitro/operator/ProjectOperator$$Lambda.0x00000000732aad20.apply;org/weakref/nitro/operator/ProjectOperator.lambda$evaluateOutput$0;org/weakref/nitro/operator/ProjectOperator.evaluateBundle;org/weakref/nitro/operator/ProjectOperator$BatchState.fusedResults;org/weakref/nitro/operator/Output.borrow;org/weakref/nitro/operator/HashJoinOperator$$Lambda.0x00000000732a6628.apply;org/weakref/nitro/operator/HashJoinOperator.lambda$resultOutput$3;org/weakref/nitro/operator/HashJoinOperator.materializeOutput;org/weakref/nitro/operator/HashJoinOperator.materializeOuterOutput;org/weakref/nitro/operator/HashJoinOperator.wrapOuterOutput;org/weakref/nitro/operator/Output.borrow;org/weakref/nitro/operator/HashJoinOperator$$Lambda.0x00000000732a6628.apply;org/weakref/nitro/operator/HashJoinOperator.lambda$resultOutput$3;org/weakref/nitro/operator/HashJoinOperator.materializeOutput;org/weakref/nitro/operator/HashJoinOperator.materializeInnerOutput;org/weakref/nitro/operator/HashJoinOperator.tryWrapMultiRunInnerBooleanSideStreams;org/weakref/nitro/operator/HashJoinOperator.tryWrapMultiRunInnerBooleanStream;org.weakref.nitro.data.Vector[]_[i] 13
