[0.007s][info][jit,compilation]    1       3       java.lang.Object::<init> (1 bytes)
[0.007s][info][jit,compilation]    2       3       java.lang.String::hashCode (60 bytes)
[0.007s][info][jit,compilation]    4     n 0       jdk.internal.misc.Unsafe::getReferenceVolatile (native)   
[0.007s][info][jit,compilation]    3       3       java.lang.Byte::toUnsignedInt (6 bytes)
[0.008s][info][jit,compilation]    5       3       java.lang.String::coder (15 bytes)
[0.008s][info][jit,compilation]    6       3       java.lang.String::isLatin1 (19 bytes)
[0.008s][info][jit,compilation]    8       3       java.lang.StringLatin1::charAt (15 bytes)
[0.008s][info][jit,compilation]    9       3       java.lang.String::checkIndex (10 bytes)
[0.008s][info][jit,compilation]   10       3       jdk.internal.util.Preconditions::checkIndex (18 bytes)
[0.008s][info][jit,compilation]    7       3       java.lang.String::charAt (25 bytes)
[0.008s][info][jit,compilation]   11       3       java.lang.String::length (11 bytes)
[0.008s][info][jit,compilation]   12       3       java.lang.StringLatin1::indexOfChar (33 bytes)
[0.008s][info][jit,compilation]   13       1       java.io.File::getPath (5 bytes)
[0.008s][info][jit,compilation]   14     n 0       jdk.internal.misc.Unsafe::getLong (native)   
[0.008s][info][jit,compilation]   15       3       java.lang.String::startsWith (123 bytes)
[0.008s][info][jit,compilation]   16       3       java.lang.StringLatin1::indexOf (121 bytes)
[0.009s][info][jit,compilation]   17       3       java.lang.StringLatin1::canEncode (17 bytes)
[0.009s][info][jit,compilation]   19     n 0       java.lang.Object::getClass (native)   
[0.009s][info][jit,compilation]   18       3       java.lang.String::startsWith (7 bytes)
[0.009s][info][jit,compilation]   20       3       jdk.internal.util.ArraysSupport::mismatch (103 bytes)
[0.009s][info][jit,compilation]   23     n 0       jdk.internal.misc.Unsafe::getInt (native)   
[0.009s][info][jit,compilation]   24       4       java.lang.String::charAt (25 bytes)
[0.009s][info][jit,compilation]   22       3       java.lang.StringLatin1::indexOf (17 bytes)
[0.009s][info][jit,compilation]   21       1       java.io.File::getPrefixLength (5 bytes)
[0.009s][info][jit,compilation]   25     n 0       java.lang.System::arraycopy (native)   (static)
[0.009s][info][jit,compilation]   26       3       java.lang.String::isEmpty (14 bytes)
[0.009s][info][jit,compilation]   27       3       java.lang.String::indexOf (41 bytes)
[0.009s][info][jit,compilation]    7       3       java.lang.String::charAt (25 bytes)   made not entrant: not used
[0.009s][info][jit,compilation]   29       4       java.lang.String::isLatin1 (19 bytes)
[0.009s][info][jit,compilation]   28       3       java.lang.String::equals (56 bytes)
[0.009s][info][jit,compilation]   30       3       sun.net.www.ParseUtil::firstEncodeIndex (86 bytes)
[0.009s][info][jit,compilation]    6       3       java.lang.String::isLatin1 (19 bytes)   made not entrant: not used
[0.009s][info][jit,compilation]   32       3       java.lang.StringLatin1::lastIndexOf (40 bytes)
[0.010s][info][jit,compilation]   33     n 0       java.io.UnixFileSystem::canonicalize0 (native)   
[0.010s][info][jit,compilation]   35     n 0       java.io.UnixFileSystem::getBooleanAttributes0 (native)   
[0.010s][info][jit,compilation]   31       3       java.lang.Math::min (11 bytes)
[0.010s][info][jit,compilation]   34       3       java.io.UnixFileSystem::prefixLength (15 bytes)
[0.010s][info][jit,compilation]   36       1       java.net.URL::getUserInfo (5 bytes)
[0.010s][info][jit,compilation]   37       1       java.net.URL::getHost (5 bytes)
[0.010s][info][jit,compilation]   38 %     4       java.lang.StringLatin1::indexOfChar @ 7 (33 bytes)
[0.010s][info][jit,compilation]   39       3       java.io.UnixFileSystem::resolve (26 bytes)
[0.010s][info][jit,compilation]   40       3       java.io.UnixFileSystem::isAbsolute (13 bytes)
[0.010s][info][jit,compilation]   41       3       java.lang.String::endsWith (15 bytes)
[0.010s][info][jit,compilation]   42       3       java.io.File::isInvalid (47 bytes)
[0.010s][info][jit,compilation]   43       3       java.io.UnixFileSystem::isInvalid (17 bytes)
[0.010s][info][jit,compilation]   44       3       sun.net.util.IPAddressUtil::earlyURLParsing (12 bytes)
[0.011s][info][jit,compilation]   46       3       java.lang.StringLatin1::equals (36 bytes)
[0.011s][info][jit,compilation]   47       3       java.lang.String::<init> (15 bytes)
[0.011s][info][jit,compilation]   48       3       java.lang.String::equalsIgnoreCase (45 bytes)
[0.011s][info][jit,compilation]   49       3       java.util.Arrays::copyOfRange (82 bytes)
[0.011s][info][jit,compilation]   50       3       java.lang.Class::getName (18 bytes)
[0.012s][info][jit,compilation]   45       4       java.lang.Object::<init> (1 bytes)
[0.012s][info][jit,compilation]    1       3       java.lang.Object::<init> (1 bytes)   made not entrant: not used
[0.012s][info][jit,compilation]   52       4       java.lang.String::coder (15 bytes)
[0.012s][info][jit,compilation]   53       3       java.lang.String::substring (58 bytes)
[0.012s][info][jit,compilation]    5       3       java.lang.String::coder (15 bytes)   made not entrant: not used
[0.012s][info][jit,compilation]   51       4       java.lang.String::length (11 bytes)
[0.012s][info][jit,compilation]   54       3       java.lang.String::checkBoundsBeginEnd (11 bytes)
[0.012s][info][jit,compilation]   11       3       java.lang.String::length (11 bytes)   made not entrant: not used
[0.012s][info][jit,compilation]   59 %     4       java.lang.StringLatin1::indexOf @ 30 (121 bytes)
[0.012s][info][jit,compilation]   55       3       jdk.internal.util.Preconditions::checkFromToIndex (24 bytes)
[0.012s][info][jit,compilation]   56       3       java.lang.StringLatin1::newString (24 bytes)
[0.012s][info][jit,compilation]   57       3       java.lang.String::lastIndexOf (12 bytes)
[0.012s][info][jit,compilation]   58       3       java.lang.String::lastIndexOf (29 bytes)
[0.012s][info][jit,compilation]   61       3       java.util.ArrayList::get (15 bytes)
[0.013s][info][jit,compilation]   63       3       java.util.ArrayList::elementData (7 bytes)
[0.013s][info][jit,compilation]   64       3       java.util.ArrayDeque::add (7 bytes)
[0.013s][info][jit,compilation]   65       3       java.util.ArrayDeque::addLast (51 bytes)
[0.013s][info][jit,compilation]   66       3       java.util.ArrayDeque::inc (12 bytes)
[0.013s][info][jit,compilation]   68       3       java.util.ImmutableCollections$SetN::probe (56 bytes)
[0.013s][info][jit,compilation]   67       3       java.lang.Math::floorMod (20 bytes)
[0.013s][info][jit,compilation]   62       3       java.util.Objects::checkIndex (7 bytes)
[0.013s][info][jit,compilation]   69       3       java.util.Objects::requireNonNull (14 bytes)
[0.013s][info][jit,compilation]   70       3       java.util.Objects::equals (23 bytes)
[0.013s][info][jit,compilation]   71       3       java.util.Set::of (4 bytes)
[0.013s][info][jit,compilation]   72       3       java.lang.module.ModuleDescriptor$Exports::<init> (20 bytes)
[0.013s][info][jit,compilation]   73       3       java.util.AbstractCollection::<init> (5 bytes)
[0.013s][info][jit,compilation]   74       3       java.util.ImmutableCollections$AbstractImmutableSet::<init> (5 bytes)
[0.013s][info][jit,compilation]   76       3       java.lang.module.ModuleDescriptor::modsHashCode (43 bytes)
[0.013s][info][jit,compilation]   75       3       java.util.Set::of (68 bytes)
[0.013s][info][jit,compilation]   77       1       java.lang.module.ModuleDescriptor::name (5 bytes)
[0.013s][info][jit,compilation]   80       3       java.net.URI::hash (33 bytes)
[0.013s][info][jit,compilation]   82     n 0       jdk.internal.misc.Unsafe::compareAndSetLong (native)   
[0.013s][info][jit,compilation]   83     n 0       jdk.internal.misc.Unsafe::compareAndSetReference (native)   
[0.013s][info][jit,compilation]   81       3       java.util.ImmutableCollections$SetN$SetNIterator::hasNext (13 bytes)
[0.013s][info][jit,compilation]   84       3       java.util.concurrent.ConcurrentHashMap::tabAt (21 bytes)
[0.014s][info][jit,compilation]   85       3       java.util.ImmutableCollections$SetN$SetNIterator::next (90 bytes)
[0.014s][info][jit,compilation]   78       1       java.lang.module.ModuleReference::descriptor (5 bytes)
[0.014s][info][jit,compilation]   87   !   3       java.util.concurrent.ConcurrentHashMap::putVal (432 bytes)
[0.014s][info][jit,compilation]   60       4       java.lang.StringLatin1::indexOfChar (33 bytes)
[0.014s][info][jit,compilation]   88     n 0       java.lang.invoke.MethodHandle::linkToStatic(L)L (native)   (static)
[0.014s][info][jit,compilation]   90     n 0       java.lang.Object::hashCode (native)   
[0.014s][info][jit,compilation]   86       3       java.util.concurrent.ConcurrentHashMap::addCount (280 bytes)
[0.014s][info][jit,compilation]   92     n 0       java.lang.invoke.MethodHandle::linkToStatic(LLL)L (native)   (static)
[0.015s][info][jit,compilation]   93     n 0       java.lang.invoke.MethodHandle::linkToStatic(LLLL)L (native)   (static)
[0.015s][info][jit,compilation]   94     n 0       java.lang.invoke.MethodHandle::invokeBasic()L (native)   
[0.015s][info][jit,compilation]   91       1       java.lang.Class::isPrimitive (5 bytes)
[0.015s][info][jit,compilation]   95     n 0       java.lang.invoke.MethodHandle::linkToSpecial(LL)L (native)   (static)
[0.015s][info][jit,compilation]   89       1       java.lang.Enum::ordinal (5 bytes)
[0.015s][info][jit,compilation]   96       3       java.lang.Enum::<init> (15 bytes)
[0.015s][info][jit,compilation]   12       3       java.lang.StringLatin1::indexOfChar (33 bytes)   made not entrant: not used
[0.015s][info][jit,compilation]   97       3       jdk.internal.util.ArraysSupport::unsignedHashCode (36 bytes)
[0.015s][info][jit,compilation]   79       4       java.lang.Byte::toUnsignedInt (6 bytes)
[0.015s][info][jit,compilation]    3       3       java.lang.Byte::toUnsignedInt (6 bytes)   made not entrant: not used
[0.016s][info][jit,compilation]   98     n 0       java.lang.invoke.MethodHandle::invokeBasic(L)L (native)   
[0.016s][info][jit,compilation]   99       1       jdk.internal.util.StrongReferenceKey::get (5 bytes)
[0.016s][info][jit,compilation]  100     n 0       java.lang.invoke.MethodHandle::linkToSpecial(LLL)L (native)   (static)
[0.016s][info][jit,compilation]  101       3       java.util.concurrent.ConcurrentHashMap::spread (10 bytes)
[0.016s][info][jit,compilation]  102     n 0       java.lang.invoke.MethodHandle::linkToStatic(LLLLLLL)L (native)   (static)
[0.016s][info][jit,compilation]  103     n 0       java.lang.Object::clone (native)   
[0.016s][info][jit,compilation]  104     n 0       java.lang.invoke.MethodHandle::linkToStatic(LL)I (native)   (static)
[0.016s][info][jit,compilation]  105       1       java.lang.Class::getClassLoader (5 bytes)
[0.016s][info][jit,compilation]  106       1       java.lang.invoke.MethodType::returnType (5 bytes)
[0.016s][info][jit,compilation]  107     n 0       java.lang.invoke.MethodHandle::invokeBasic(LLLLLL)L (native)   
[0.016s][info][jit,compilation]  108       1       jdk.internal.classfile.impl.AbstractPoolEntry::index (5 bytes)
[0.016s][info][jit,compilation]  109       3       java.util.concurrent.ConcurrentHashMap::putIfAbsent (8 bytes)
[0.016s][info][jit,compilation]  110     n 0       java.lang.invoke.MethodHandle::linkToSpecial(LL)V (native)   (static)
[0.016s][info][jit,compilation]  111   !   3       java.lang.ref.ReferenceQueue::poll (44 bytes)
[0.016s][info][jit,compilation]  113       3       jdk.internal.util.ReferencedKeyMap::removeStaleReferences (30 bytes)
[0.016s][info][jit,compilation]  114     n 0       java.lang.invoke.MethodHandle::linkToStatic(LLL)I (native)   (static)
[0.016s][info][jit,compilation]  112       3       java.util.Objects::hashCode (13 bytes)
[0.016s][info][jit,compilation]  115       3       java.lang.String::getBytes (44 bytes)
[0.016s][info][jit,compilation]  116     n 0       java.lang.invoke.MethodHandle::linkToSpecial(LLL)V (native)   (static)
[0.016s][info][jit,compilation]  117       1       java.lang.invoke.MemberName::getDeclaringClass (5 bytes)
[0.016s][info][jit,compilation]  118       3       java.util.concurrent.ConcurrentHashMap::get (162 bytes)
[0.017s][info][jit,compilation]  119       3       java.lang.invoke.MethodType::hashCode (53 bytes)
[0.017s][info][jit,compilation]  121     n 0       java.lang.invoke.MethodHandle::linkToInterface(LLL)I (native)   (static)
[0.017s][info][jit,compilation]  120       3       java.lang.invoke.MemberName::isInvocable (8 bytes)
[0.017s][info][jit,compilation]  122     n 0       java.lang.invoke.MethodHandle::linkToStatic(LL)L (native)   (static)
[0.017s][info][jit,compilation]  123       3       java.lang.Class::isArray (13 bytes)
[0.017s][info][jit,compilation]  124       3       java.util.ImmutableCollections$SetN::iterator (9 bytes)
[0.017s][info][jit,compilation]  125       3       java.util.ImmutableCollections$SetN$SetNIterator::<init> (41 bytes)
[0.017s][info][jit,compilation]  127       3       java.util.Objects::requireNonNull (15 bytes)
[0.017s][info][jit,compilation]  128     n 0       java.lang.invoke.MethodHandle::linkToSpecial(LL)I (native)   (static)
[0.017s][info][jit,compilation]  126       1       java.lang.invoke.MethodType::form (5 bytes)
[0.017s][info][jit,compilation]  129       3       jdk.internal.util.ReferencedKeyMap::get (10 bytes)
[0.017s][info][jit,compilation]  130       3       jdk.internal.util.ReferencedKeyMap::getNoCheckStale (22 bytes)
[0.017s][info][jit,compilation]  131       3       java.util.HashMap::hash (20 bytes)
[0.017s][info][jit,compilation]  132       1       java.util.stream.FindOps$FindSink::cancellationRequested (5 bytes)
[0.017s][info][jit,compilation]  133       3       java.util.HashMap::putVal (300 bytes)
[0.018s][info][jit,compilation]  141       3       java.util.HashMap::getNode (150 bytes)
[0.018s][info][jit,compilation]  144       3       java.util.HashMap::putVal (300 bytes)
[0.018s][info][jit,compilation]  148       3       java.util.HashMap$HashIterator::nextNode (100 bytes)
[0.019s][info][jit,compilation]  134       3       java.util.HashMap::newNode (13 bytes)
[0.019s][info][jit,compilation]  136       3       java.util.HashMap$Node::<init> (26 bytes)
[0.019s][info][jit,compilation]  135       3       java.util.HashMap::put (13 bytes)
[0.019s][info][jit,compilation]  155       4       java.lang.String::hashCode (60 bytes)
[0.019s][info][jit,compilation]  138       3       java.util.HashMap::afterNodeInsertion (1 bytes)
[0.019s][info][jit,compilation]  140       1       java.lang.module.ModuleDescriptor$Requires::name (5 bytes)
[0.019s][info][jit,compilation]  154       3       java.lang.module.ModuleDescriptor$Exports::isQualified (18 bytes)
[0.019s][info][jit,compilation]  156       3       java.util.ImmutableCollections$SetN::isEmpty (13 bytes)
[0.019s][info][jit,compilation]  147       3       java.util.HashMap$HashIterator::hasNext (13 bytes)
[0.019s][info][jit,compilation]  145       3       java.util.HashMap::get (19 bytes)
[0.019s][info][jit,compilation]  157       3       java.util.HashMap::putIfAbsent (13 bytes)
[0.019s][info][jit,compilation]  159       3       java.util.ImmutableCollections$Set12::contains (28 bytes)
[0.019s][info][jit,compilation]  158       3       java.lang.Object::equals (11 bytes)
[0.019s][info][jit,compilation]  152       1       java.lang.module.ModuleDescriptor$Exports::source (5 bytes)
[0.019s][info][jit,compilation]  153       1       java.lang.module.ModuleDescriptor$Exports::targets (5 bytes)
[0.019s][info][jit,compilation]  151       1       java.util.ImmutableCollections$Set12::isEmpty (2 bytes)
[0.019s][info][jit,compilation]  146       1       java.lang.module.ModuleDescriptor::isAutomatic (5 bytes)
[0.019s][info][jit,compilation]  142       3       java.lang.module.ModuleDescriptor::hashCode (170 bytes)
[0.019s][info][jit,compilation]    2       3       java.lang.String::hashCode (60 bytes)   made not entrant: not used
[0.019s][info][jit,compilation]  160       4       java.util.HashMap::afterNodeInsertion (1 bytes)
[0.019s][info][jit,compilation]  165       3       java.util.HashMap::resize (356 bytes)
[0.019s][info][jit,compilation]  138       3       java.util.HashMap::afterNodeInsertion (1 bytes)   made not entrant: not used
[0.019s][info][jit,compilation]  167       4       java.util.ImmutableCollections$SetN$SetNIterator::hasNext (13 bytes)
[0.019s][info][jit,compilation]   81       3       java.util.ImmutableCollections$SetN$SetNIterator::hasNext (13 bytes)   made not entrant: not used
[0.019s][info][jit,compilation]  168       4       java.util.ImmutableCollections$SetN$SetNIterator::next (90 bytes)
[0.020s][info][jit,compilation]  164       3       java.util.ImmutableCollections$SetN::contains (26 bytes)
[0.020s][info][jit,compilation]  162       3       java.util.ImmutableCollections$Set12$1::hasNext (13 bytes)
[0.020s][info][jit,compilation]  161       3       java.util.HashSet::add (20 bytes)
[0.020s][info][jit,compilation]  139       1       java.lang.module.ModuleDescriptor$Requires::modifiers (5 bytes)
[0.020s][info][jit,compilation]  149       1       java.util.HashMap$Node::getKey (5 bytes)
[0.020s][info][jit,compilation]  150       1       java.util.HashMap$Node::getValue (5 bytes)
[0.020s][info][jit,compilation]  143       1       java.lang.module.ModuleDescriptor::requires (5 bytes)
[0.020s][info][jit,compilation]  163       1       java.lang.module.ModuleDescriptor::exports (5 bytes)
[0.020s][info][jit,compilation]  137       1       jdk.internal.module.ModuleReferenceImpl::moduleResolution (5 bytes)
[0.020s][info][jit,compilation]  172       3       java.util.HashMap::keySet (25 bytes)
[0.020s][info][jit,compilation]  173       3       java.util.HashMap$KeySet::iterator (12 bytes)
[0.020s][info][jit,compilation]  177       3       java.util.HashMap$KeyIterator::next (8 bytes)
[0.020s][info][jit,compilation]  178       3       jdk.internal.module.ModuleReferenceImpl::hashCode (56 bytes)
[0.020s][info][jit,compilation]   85       3       java.util.ImmutableCollections$SetN$SetNIterator::next (90 bytes)   made not entrant: not used
[0.020s][info][jit,compilation]  176       4       java.util.HashMap::putVal (300 bytes)
[0.020s][info][jit,compilation]  182       3       java.util.concurrent.ConcurrentHashMap::casTabAt (20 bytes)
[0.020s][info][jit,compilation]  166       1       java.lang.module.ModuleDescriptor::provides (5 bytes)
[0.020s][info][jit,compilation]  174       3       java.util.HashMap$KeyIterator::<init> (13 bytes)
[0.020s][info][jit,compilation]  175       3       java.util.HashSet::iterator (13 bytes)
[0.020s][info][jit,compilation]  170       1       java.lang.module.ModuleDescriptor::uses (5 bytes)
[0.020s][info][jit,compilation]  181       1       java.lang.module.ModuleDescriptor::packages (5 bytes)
[0.020s][info][jit,compilation]  179       1       java.util.KeyValueHolder::getKey (5 bytes)
[0.020s][info][jit,compilation]  184       1       java.lang.module.ResolvedModule::reference (5 bytes)
[0.020s][info][jit,compilation]  180       1       java.util.KeyValueHolder::getValue (5 bytes)
[0.020s][info][jit,compilation]  185       3       java.util.Optional::ofNullable (19 bytes)
[0.021s][info][jit,compilation]  186       1       java.lang.AbstractStringBuilder::length (5 bytes)
[0.021s][info][jit,compilation]  187       1       java.lang.module.ModuleDescriptor$Version::toString (5 bytes)
[0.021s][info][jit,compilation]  188       3       java.util.ImmutableCollections$Set12$1::next (95 bytes)
[0.021s][info][jit,compilation]  190       3       java.util.AbstractMap::<init> (5 bytes)
[0.021s][info][jit,compilation]  193       3       java.lang.module.ResolvedModule::hashCode (16 bytes)
[0.021s][info][jit,compilation]  183       4       java.lang.StringLatin1::equals (36 bytes)
[0.021s][info][jit,compilation]  196     n 0       java.lang.Module::addExports0 (native)   (static)
[0.021s][info][jit,compilation]  195       3       java.util.AbstractSet::<init> (5 bytes)
[0.021s][info][jit,compilation]  194       3       java.util.HashMap::<init> (11 bytes)
[0.021s][info][jit,compilation]  199     n 0       java.lang.Module::addExportsToAll0 (native)   (static)
[0.021s][info][jit,compilation]  191       3       java.util.HashSet::<init> (16 bytes)
[0.021s][info][jit,compilation]  200     n 0       java.lang.Double::doubleToRawLongBits (native)   (static)
[0.021s][info][jit,compilation]  189       3       java.lang.module.ResolvedModule::name (11 bytes)
[0.021s][info][jit,compilation]  202     n 0       java.lang.Module::addReads0 (native)   (static)
[0.021s][info][jit,compilation]  197       3       java.util.ImmutableCollections$Set12::iterator (9 bytes)
[0.021s][info][jit,compilation]  198       3       java.util.ImmutableCollections$Set12$1::<init> (37 bytes)
[0.021s][info][jit,compilation]  201       1       java.lang.module.ResolvedModule::configuration (5 bytes)
[0.021s][info][jit,compilation]  203       1       java.lang.module.ModuleDescriptor$Provides::service (5 bytes)
[0.021s][info][jit,compilation]  204     n 0       jdk.internal.vm.Continuation::enterSpecial (native)   (static)
[0.021s][info][jit,compilation]  205     n 0       jdk.internal.vm.Continuation::doYield (native)   (static)
[0.022s][info][jit,compilation]  207       3       java.lang.AbstractStringBuilder::needsNewBuffer (33 bytes)
[0.022s][info][jit,compilation]   60       4       java.lang.StringLatin1::indexOfChar (33 bytes)   made not entrant: uncommon trap
[0.022s][info][jit,compilation]   46       3       java.lang.StringLatin1::equals (36 bytes)   made not entrant: not used
[0.022s][info][jit,compilation]  206       4       java.lang.StringLatin1::indexOf (121 bytes)
[0.023s][info][jit,compilation]  208     n 0       jdk.internal.misc.Unsafe::getByte (native)   
[0.023s][info][jit,compilation]  209       3       jdk.internal.misc.Unsafe::pickPos (14 bytes)
[0.023s][info][jit,compilation]  210       3       jdk.internal.misc.Unsafe::toUnsignedInt (6 bytes)
[0.023s][info][jit,compilation]  211       1       jdk.internal.classfile.impl.AbstractPoolEntry::width (2 bytes)
[0.023s][info][jit,compilation]  212       1       java.lang.invoke.MethodType::ptypes (5 bytes)
[0.023s][info][jit,compilation]  213       3       jdk.internal.misc.Unsafe::getIntUnaligned (83 bytes)
[0.023s][info][jit,compilation]  214     n 0       jdk.internal.misc.Unsafe::getShort (native)   
[0.023s][info][jit,compilation]  217       3       jdk.internal.misc.Unsafe::getShortUnaligned (33 bytes)
[0.023s][info][jit,compilation]  218       3       jdk.internal.misc.Unsafe::convEndian (16 bytes)
[0.023s][info][jit,compilation]  219       3       java.lang.Short::toUnsignedInt (5 bytes)
[0.023s][info][jit,compilation]  222       3       jdk.internal.misc.Unsafe::makeShort (26 bytes)
[0.023s][info][jit,compilation]  144       3       java.util.HashMap::putVal (300 bytes)   made not entrant: not used
[0.023s][info][jit,compilation]  169       4       java.lang.module.ModuleDescriptor$Exports::isQualified (18 bytes)
[0.023s][info][jit,compilation]  226       3       jdk.internal.misc.Unsafe::convEndian (16 bytes)
[0.023s][info][jit,compilation]  227       3       java.lang.Integer::toUnsignedLong (7 bytes)
[0.023s][info][jit,compilation]  215       3       java.util.zip.ZipUtils::get16 (40 bytes)
[0.024s][info][jit,compilation]  230       3       java.lang.StringCoding::countPositives (33 bytes)
[0.024s][info][jit,compilation]  224       3       java.util.zip.ZipUtils::get32 (40 bytes)
[0.024s][info][jit,compilation]  225       3       jdk.internal.misc.Unsafe::getIntUnaligned (12 bytes)
[0.024s][info][jit,compilation]  231       3       jdk.internal.misc.Unsafe::makeInt (51 bytes)
[0.024s][info][jit,compilation]  154       3       java.lang.module.ModuleDescriptor$Exports::isQualified (18 bytes)   made not entrant: not used
[0.024s][info][jit,compilation]  192       4       java.util.HashMap::newNode (13 bytes)
[0.024s][info][jit,compilation]  232       3       java.util.zip.ZipUtils::CENCOM (9 bytes)
[0.024s][info][jit,compilation]  233       3       java.util.zip.ZipUtils::CENEXT (9 bytes)
[0.024s][info][jit,compilation]  228       3       jdk.internal.util.ArraysSupport::vectorizedHashCode (158 bytes)
[0.024s][info][jit,compilation]  134       3       java.util.HashMap::newNode (13 bytes)   made not entrant: not used
[0.024s][info][jit,compilation]  243       4       jdk.internal.util.ArraysSupport::unsignedHashCode (36 bytes)
[0.024s][info][jit,compilation]  221       3       jdk.internal.util.ArraysSupport::hashCodeOfUnsigned (55 bytes)
[0.024s][info][jit,compilation]  223       1       java.util.zip.ZipCoder$UTF8ZipCoder::isUTF8 (2 bytes)
[0.024s][info][jit,compilation]  234       3       java.util.zip.ZipCoder$UTF8ZipCoder::checkedHash (74 bytes)
[0.024s][info][jit,compilation]  235       3       java.lang.System$1::countPositives (7 bytes)
[0.025s][info][jit,compilation]  236       3       java.util.zip.ZipFile::zipCoderFor (27 bytes)
[0.025s][info][jit,compilation]  250       4       java.lang.StringCoding::countPositives (33 bytes)
[0.025s][info][jit,compilation]  237   !   3       java.util.zip.ZipFile$Source::checkAndAddEntry (350 bytes)
[0.025s][info][jit,compilation]   16       3       java.lang.StringLatin1::indexOf (121 bytes)   made not entrant: not used
[0.025s][info][jit,compilation]  220       4       jdk.internal.misc.Unsafe::toUnsignedInt (6 bytes)
[0.025s][info][jit,compilation]  210       3       jdk.internal.misc.Unsafe::toUnsignedInt (6 bytes)   made not entrant: not used
[0.025s][info][jit,compilation]  249       4       java.util.zip.ZipUtils::get16 (40 bytes)
[0.025s][info][jit,compilation]  216       2       jdk.internal.misc.Unsafe::getShortUnaligned (12 bytes)
[0.025s][info][jit,compilation]  238       3       java.util.zip.ZipFile$Source::isMetaName (141 bytes)
[0.025s][info][jit,compilation]   97       3       jdk.internal.util.ArraysSupport::unsignedHashCode (36 bytes)   made not entrant: not used
[0.026s][info][jit,compilation]  229       4       java.lang.Short::toUnsignedInt (5 bytes)
[0.026s][info][jit,compilation]  215       3       java.util.zip.ZipUtils::get16 (40 bytes)   made not entrant: not used
[0.026s][info][jit,compilation]  242       3       java.util.zip.ZipUtils::CENNAM (9 bytes)
[0.026s][info][jit,compilation]  251       4       jdk.internal.misc.Unsafe::getShortUnaligned (33 bytes)
[0.026s][info][jit,compilation]  239       3       java.util.zip.ZipUtils::CENSIG (8 bytes)
[0.026s][info][jit,compilation]  240       3       java.util.zip.ZipUtils::CENHOW (9 bytes)
[0.026s][info][jit,compilation]  241       3       java.util.zip.ZipUtils::CENFLG (9 bytes)
[0.026s][info][jit,compilation]  219       3       java.lang.Short::toUnsignedInt (5 bytes)   made not entrant: not used
[0.026s][info][jit,compilation]  252       4       jdk.internal.misc.Unsafe::convEndian (16 bytes)
[0.026s][info][jit,compilation]  245       3       java.util.zip.ZipUtils::CENSIZ (9 bytes)
[0.026s][info][jit,compilation]  206       4       java.lang.StringLatin1::indexOf (121 bytes)   made not entrant: uncommon trap
[0.026s][info][jit,compilation]  246       3       java.util.zip.ZipUtils::CENLEN (9 bytes)
[0.026s][info][jit,compilation]  244       3       java.util.zip.ZipFile$Source::nextEntryPos (22 bytes)
[0.026s][info][jit,compilation]  218       3       jdk.internal.misc.Unsafe::convEndian (16 bytes)   made not entrant: not used
[0.026s][info][jit,compilation]  247       3       java.util.zip.ZipUtils::CENOFF (9 bytes)
[0.026s][info][jit,compilation]  171       4       java.lang.String::equals (56 bytes)
[0.026s][info][jit,compilation]  248       3       java.util.zip.ZipUtils::CENDSK (9 bytes)
[0.026s][info][jit,compilation]  217       3       jdk.internal.misc.Unsafe::getShortUnaligned (33 bytes)   made not entrant: not used
[0.026s][info][jit,compilation]  253       4       java.util.Objects::requireNonNull (14 bytes)
[0.026s][info][jit,compilation]  254       3       java.lang.Math::max (11 bytes)
[0.026s][info][jit,compilation]  230       3       java.lang.StringCoding::countPositives (33 bytes)   made not entrant: not used
[0.026s][info][jit,compilation]   69       3       java.util.Objects::requireNonNull (14 bytes)   made not entrant: not used
[0.026s][info][jit,compilation]  255       3       java.lang.StringLatin1::indexOfChar (33 bytes)
[0.026s][info][jit,compilation]   28       3       java.lang.String::equals (56 bytes)   made not entrant: not used
[0.026s][info][jit,compilation]  256       3       java.util.ImmutableCollections$MapN::get (35 bytes)
[0.026s][info][jit,compilation]  257       4       java.lang.StringLatin1::indexOf (121 bytes)
[0.026s][info][jit,compilation]  258       3       sun.nio.fs.UnixPath::checkNotNul (16 bytes)
[0.027s][info][jit,compilation]  259       3       java.util.jar.Manifest$FastInputStream::readLine (296 bytes)
[0.027s][info][jit,compilation]  260       4       java.util.zip.ZipUtils::get32 (40 bytes)
[0.027s][info][jit,compilation]  261       4       jdk.internal.misc.Unsafe::getIntUnaligned (12 bytes)
[0.027s][info][jit,compilation]  262       3       jdk.internal.util.Preconditions::checkFromIndexSize (25 bytes)
[0.027s][info][jit,compilation]  225       3       jdk.internal.misc.Unsafe::getIntUnaligned (12 bytes)   made not entrant: not used
[0.027s][info][jit,compilation]  263       3       java.lang.StringBuilder::append (8 bytes)
[0.027s][info][jit,compilation]  224       3       java.util.zip.ZipUtils::get32 (40 bytes)   made not entrant: not used
[0.027s][info][jit,compilation]  264       3       java.lang.AbstractStringBuilder::append (100 bytes)
[0.028s][info][jit,compilation]  265       3       java.util.jar.Manifest$FastInputStream::readLine (9 bytes)
[0.028s][info][jit,compilation]  266       1       java.lang.AbstractStringBuilder::getValue (5 bytes)
[0.028s][info][jit,compilation]  267       3       java.lang.StringBuilder::length (5 bytes)
[0.028s][info][jit,compilation]  268     n 0       java.io.RandomAccessFile::readBytes0 (native)   
[0.028s][info][jit,compilation]  269       4       jdk.internal.util.ArraysSupport::hashCodeOfUnsigned (55 bytes)
[0.028s][info][jit,compilation]  270       3       java.lang.ref.Reference::reachabilityFence (1 bytes)
[0.029s][info][jit,compilation]  271       3       java.lang.AbstractStringBuilder::isLatin1 (16 bytes)
[0.029s][info][jit,compilation]  272       4       jdk.internal.util.ArraysSupport::vectorizedHashCode (158 bytes)
[0.029s][info][jit,compilation]  221       3       jdk.internal.util.ArraysSupport::hashCodeOfUnsigned (55 bytes)   made not entrant: not used
[0.029s][info][jit,compilation]  273       4       java.lang.Math::max (11 bytes)
[0.029s][info][jit,compilation]  274       3       java.util.jar.Manifest$FastInputStream::peek (38 bytes)
[0.029s][info][jit,compilation]  275       3       java.util.Objects::checkFromIndexSize (8 bytes)
[0.029s][info][jit,compilation]  254       3       java.lang.Math::max (11 bytes)   made not entrant: not used
[0.029s][info][jit,compilation]  277       3       java.lang.String::indexOf (64 bytes)
[0.029s][info][jit,compilation]  279     n 0       java.io.RandomAccessFile::seek0 (native)   
[0.029s][info][jit,compilation]  278       3       java.lang.StringLatin1::indexOf (25 bytes)
[0.029s][info][jit,compilation]  276       3       java.lang.String::checkBoundsOffCount (10 bytes)
[0.029s][info][jit,compilation]  282     n 0       java.lang.String::intern (native)   
[0.029s][info][jit,compilation]  280  s    3       java.io.ByteArrayOutputStream::write (43 bytes)
[0.029s][info][jit,compilation]  281       1       java.util.jar.Attributes$Name::hashCode (5 bytes)
[0.029s][info][jit,compilation]  283       3       java.util.ImmutableCollections$MapN::probe (60 bytes)
[0.029s][info][jit,compilation]  284       3       java.io.UnixFileSystem::normalize (41 bytes)
[0.030s][info][jit,compilation]  289       3       java.io.File::<init> (47 bytes)
[0.030s][info][jit,compilation]  290       4       java.util.zip.ZipUtils::CENSIZ (9 bytes)
[0.030s][info][jit,compilation]  285       3       java.lang.String::<init> (86 bytes)
[0.030s][info][jit,compilation]  291       4       java.util.zip.ZipFile::zipCoderFor (27 bytes)
[0.030s][info][jit,compilation]  286       3       java.lang.String::utf8 (269 bytes)
[0.030s][info][jit,compilation]  236       3       java.util.zip.ZipFile::zipCoderFor (27 bytes)   made not entrant: not used
[0.030s][info][jit,compilation]  292       4       java.util.zip.ZipCoder$UTF8ZipCoder::checkedHash (74 bytes)
[0.030s][info][jit,compilation]  245       3       java.util.zip.ZipUtils::CENSIZ (9 bytes)   made not entrant: not used
[0.030s][info][jit,compilation]  293       1       java.net.URL::getProtocol (5 bytes)
[0.030s][info][jit,compilation]  287       3       java.lang.String::<init> (37 bytes)
[0.030s][info][jit,compilation]  288       3       java.lang.String::<init> (22 bytes)
[0.030s][info][jit,compilation]  228       3       jdk.internal.util.ArraysSupport::vectorizedHashCode (158 bytes)   made not entrant: not used
[0.030s][info][jit,compilation]  296       3       java.util.ArrayList::add (25 bytes)
[0.030s][info][jit,compilation]  297       3       java.util.ArrayList::add (23 bytes)
[0.031s][info][jit,compilation]  294       1       java.lang.Integer::intValue (5 bytes)
[0.031s][info][jit,compilation]  298   !   4       java.util.zip.ZipFile$Source::checkAndAddEntry (350 bytes)
[0.031s][info][jit,compilation]  299       4       java.util.zip.ZipFile$Source::isMetaName (141 bytes)
[0.031s][info][jit,compilation]  295       1       java.util.zip.Inflater$InflaterZStreamRef::address (5 bytes)
[0.031s][info][jit,compilation]  301       3       java.io.RandomAccessFile::readFully (45 bytes)
[0.031s][info][jit,compilation]  234       3       java.util.zip.ZipCoder$UTF8ZipCoder::checkedHash (74 bytes)   made not entrant: not used
[0.031s][info][jit,compilation]  300       4       java.util.zip.ZipFile$Source::nextEntryPos (22 bytes)
[0.031s][info][jit,compilation]  302       1       java.net.URL::getFile (5 bytes)
[0.031s][info][jit,compilation]  303       3       java.lang.AbstractStringBuilder::ensureCapacityNewCoder (125 bytes)
[0.031s][info][jit,compilation]  304     n 0       java.lang.ref.Reference::refersTo0 (native)   
[0.031s][info][jit,compilation]  238       3       java.util.zip.ZipFile$Source::isMetaName (141 bytes)   made not entrant: not used
[0.031s][info][jit,compilation]  305       1       sun.nio.fs.NativeBuffer::address (5 bytes)
[0.031s][info][jit,compilation]  306       3       java.io.RandomAccessFile::seek (22 bytes)
[0.031s][info][jit,compilation]  307       3       java.lang.Long::hashCode (8 bytes)
[0.031s][info][jit,compilation]  244       3       java.util.zip.ZipFile$Source::nextEntryPos (22 bytes)   made not entrant: not used
[0.032s][info][jit,compilation]  308       1       java.lang.String::value (5 bytes)
[0.032s][info][jit,compilation]  309       3       jdk.internal.ref.CleanerImpl::getCleanerImpl (13 bytes)
[0.032s][info][jit,compilation]  310       3       java.lang.ref.Cleaner$1::apply (9 bytes)
[0.032s][info][jit,compilation]  311       3       java.lang.ref.Cleaner$1::apply (5 bytes)
[0.032s][info][jit,compilation]  312       3       java.util.zip.ZipFile$Source::getEntryHash (7 bytes)
[0.032s][info][jit,compilation]  314   !   3       java.util.zip.ZipFile$Source::readFullyAt (74 bytes)
[0.032s][info][jit,compilation]  313       3       java.lang.ref.Reference::<init> (25 bytes)
[0.033s][info][jit,compilation]  315       1       java.util.ArrayList::size (5 bytes)
[0.033s][info][jit,compilation]  316       3       java.util.ImmutableCollections$List12::get (35 bytes)
[0.033s][info][jit,compilation]  317       3       java.util.LinkedHashMap::linkNodeAtEnd (76 bytes)
[0.033s][info][jit,compilation]  318 %     4       java.lang.StringCoding::countPositives @ 7 (33 bytes)
[0.033s][info][jit,compilation]  319       3       java.util.jar.Attributes$Name::hash (148 bytes)
[0.033s][info][jit,compilation]  320       3       java.lang.AbstractStringBuilder::<init> (39 bytes)
[0.033s][info][jit,compilation]  321       3       java.lang.StringBuilder::<init> (7 bytes)
[0.033s][info][jit,compilation]  322       3       java.util.zip.ZipFile$Source::isManifestName (165 bytes)
[0.033s][info][jit,compilation]  323       3       java.util.zip.ZipFile$Source::getEntryNext (9 bytes)
[0.033s][info][jit,compilation]  324       3       java.util.Arrays::copyOf (33 bytes)
[0.033s][info][jit,compilation]  325       3       java.util.jar.JarFile::match (132 bytes)
[0.034s][info][jit,compilation]  326       3       java.util.zip.ZipFile::ensureOpen (40 bytes)
[0.034s][info][jit,compilation]  328       3       java.io.ByteArrayOutputStream::ensureCapacity (32 bytes)
[0.034s][info][jit,compilation]  330       4       sun.nio.fs.UnixPath::checkNotNul (16 bytes)
[0.034s][info][jit,compilation]  331     n 0       java.lang.Thread::currentCarrierThread (native)   (static)
[0.034s][info][jit,compilation]  332     n 0       java.lang.System::nanoTime (native)   (static)
[0.034s][info][jit,compilation]  329       3       java.util.HashMap::containsKey (14 bytes)
[0.034s][info][jit,compilation]  327       3       jdk.internal.util.ArraysSupport::newLength (27 bytes)
[0.034s][info][jit,compilation]  258       3       sun.nio.fs.UnixPath::checkNotNul (16 bytes)   made not entrant: not used
[0.034s][info][jit,compilation]  335     n 0       jdk.internal.misc.Unsafe::putLong (native)   
[0.034s][info][jit,compilation]  333       3       java.util.jar.Attributes::putValue (13 bytes)
[0.034s][info][jit,compilation]  336       3       jdk.internal.ref.CleanerFactory::cleaner (4 bytes)
[0.034s][info][jit,compilation]  334       1       sun.nio.fs.UnixPath::getFileSystem (5 bytes)
[0.034s][info][jit,compilation]  337       1       java.nio.charset.Charset::name (5 bytes)
[0.034s][info][jit,compilation]  338       3       java.io.RandomAccessFile::read (8 bytes)
[0.035s][info][jit,compilation]  237   !   3       java.util.zip.ZipFile$Source::checkAndAddEntry (350 bytes)   made not entrant: not used
[0.036s][info][jit,compilation]  339       3       java.lang.AbstractStringBuilder::newCapacity (49 bytes)
[0.036s][info][jit,compilation]  340       3       java.net.URL::isBuiltinStreamHandler (32 bytes)
[0.036s][info][jit,compilation]  341       3       java.net.URL::isBuiltinStreamHandler (8 bytes)
[0.036s][info][jit,compilation]  342       3       sun.net.util.IPAddressUtil::scan (62 bytes)
[0.037s][info][jit,compilation]  343       3       sun.net.util.IPAddressUtil::checkHostString (65 bytes)
[0.037s][info][jit,compilation]  344       3       sun.net.util.IPAddressUtil::checkHost (159 bytes)
[0.037s][info][jit,compilation]  352       4       java.lang.ref.Reference::reachabilityFence (1 bytes)
[0.037s][info][jit,compilation]  270       3       java.lang.ref.Reference::reachabilityFence (1 bytes)   made not entrant: not used
[0.037s][info][jit,compilation]  353 %     4       java.util.jar.Manifest$FastInputStream::readLine @ 86 (296 bytes)
[0.037s][info][jit,compilation]  345       3       sun.net.util.IPAddressUtil::scan (92 bytes)
[0.038s][info][jit,compilation]  346       3       java.io.UnixFileSystem::hasBooleanAttributes (37 bytes)
[0.038s][info][jit,compilation]  286       3       java.lang.String::utf8 (269 bytes)   made not entrant: OSR invalidation back branch
[0.038s][info][jit,compilation]  354       3       java.lang.String::utf8 (269 bytes)
[0.038s][info][jit,compilation]  347       3       java.io.UnixFileSystem::getFileForSysCalls (18 bytes)
[0.038s][info][jit,compilation]  348       3       java.net.URL::<init> (417 bytes)
[0.039s][info][jit,compilation]  349       3       java.net.URL::lowerCaseProtocol (46 bytes)
[0.039s][info][jit,compilation]  350       3       sun.net.util.IPAddressUtil::checkExternalForm (98 bytes)
[0.040s][info][jit,compilation]  351       3       sun.net.util.IPAddressUtil::checkUserInfo (44 bytes)
[0.041s][info][jit,compilation]  357       3       java.lang.StringBuilder::toString (20 bytes)
[0.041s][info][jit,compilation]  358       3       java.lang.String::<init> (98 bytes)
[0.041s][info][jit,compilation]  360       3       java.util.zip.ZipFile$Source::getMetaVersion (221 bytes)
[0.041s][info][jit,compilation]  359       3       java.util.zip.ZipFile$Source::isSignatureRelated (227 bytes)
[0.041s][info][jit,compilation]  355       3       jdk.internal.ref.PhantomCleanable::<init> (90 bytes)
[0.041s][info][jit,compilation]  356       3       java.lang.ref.PhantomReference::<init> (7 bytes)
[0.041s][info][jit,compilation]  361   !   3       java.util.zip.ZipFile$Source::initCEN (641 bytes)
[0.043s][info][jit,compilation]  362 %     4       java.lang.StringLatin1::lastIndexOf @ 18 (40 bytes)
[0.043s][info][jit,compilation]  363       3       sun.nio.fs.UnixPath::normalizeAndCheck (80 bytes)
[0.043s][info][jit,compilation]  364       1       java.lang.Class::getComponentType (5 bytes)
[0.043s][info][jit,compilation]  365       3       java.util.Arrays::fill (21 bytes)
[0.044s][info][jit,compilation]  366       3       java.util.zip.ZipCoder::hash (36 bytes)
[0.044s][info][jit,compilation]  367     n 0       jdk.internal.misc.Unsafe::putByte (native)   
[0.045s][info][jit,compilation]  368       1       java.net.URL::getPort (5 bytes)
[0.045s][info][jit,compilation]  369       1       java.net.URL::getAuthority (5 bytes)
[0.045s][info][jit,compilation]  370       1       java.net.URL::getPath (5 bytes)
[0.045s][info][jit,compilation]  371       1       java.net.URL::getQuery (5 bytes)
[0.045s][info][jit,compilation]  372       1       java.net.URL::getRef (5 bytes)
[0.045s][info][jit,compilation]  373       3       java.util.WeakHashMap::maskNull (12 bytes)
[0.045s][info][jit,compilation]  374       3       java.util.WeakHashMap::hash (28 bytes)
[0.045s][info][jit,compilation]  375       3       java.util.WeakHashMap::getTable (9 bytes)
[0.045s][info][jit,compilation]  379       4       java.lang.StringLatin1::indexOfChar (33 bytes)
[0.045s][info][jit,compilation]  376   !   3       java.util.WeakHashMap::expungeStaleEntries (139 bytes)
[0.045s][info][jit,compilation]  384     n 0       jdk.internal.misc.Unsafe::copyMemory0 (native)   
[0.045s][info][jit,compilation]  377       3       java.util.WeakHashMap::indexFor (6 bytes)
[0.045s][info][jit,compilation]  386     n 0       sun.nio.fs.UnixNativeDispatcher::stat0 (native)   (static)
[0.045s][info][jit,compilation]  388     n 0       java.io.RandomAccessFile::open0 (native)   
[0.045s][info][jit,compilation]  380       3       java.lang.ref.Reference::refersTo (6 bytes)
[0.045s][info][jit,compilation]  389     n 0       java.io.RandomAccessFile::length0 (native)   
[0.045s][info][jit,compilation]  390       3       java.nio.Buffer::session (20 bytes)
[0.045s][info][jit,compilation]  393     n 0       java.util.zip.Inflater::init (native)   (static)
[0.045s][info][jit,compilation]  391       3       java.nio.Buffer::checkIndex (12 bytes)
[0.045s][info][jit,compilation]  396     n 0       java.util.zip.Inflater::inflateBytesBytes (native)   
[0.045s][info][jit,compilation]  392       3       java.nio.DirectLongBufferU::ix (10 bytes)
[0.045s][info][jit,compilation]  397     n 0       java.lang.ref.PhantomReference::clear0 (native)   
[0.045s][info][jit,compilation]  398     n 0       java.util.zip.Inflater::reset (native)   (static)
[0.045s][info][jit,compilation]  381       3       java.lang.ref.Reference::refersToImpl (6 bytes)
[0.045s][info][jit,compilation]  385       1       sun.nio.fs.NativeBuffer::setOwner (6 bytes)
[0.045s][info][jit,compilation]  387       1       java.util.zip.ZipCoder::charset (5 bytes)
[0.045s][info][jit,compilation]  394       1       java.util.zip.ZipEntry::getSize (5 bytes)
[0.045s][info][jit,compilation]  395       1       java.util.zip.Inflater::hasPendingOutput (5 bytes)
[0.045s][info][jit,compilation]  399       1       sun.nio.fs.NativeBuffer::size (5 bytes)
[0.045s][info][jit,compilation]  400       1       sun.nio.fs.NativeBuffer::owner (5 bytes)
[0.045s][info][jit,compilation]  378       1       java.net.URLStreamHandler::getDefaultPort (2 bytes)
[0.045s][info][jit,compilation]  382       1       sun.nio.fs.UnixFileSystem::provider (5 bytes)
[0.045s][info][jit,compilation]  383       1       sun.nio.fs.UnixFileSystem::needToResolveAgainstDefaultDirectory (5 bytes)
[0.045s][info][jit,compilation]  401  s    3       jdk.internal.ref.CleanerImpl$CleanableList::insert (126 bytes)
[0.045s][info][jit,compilation]  402       3       java.lang.Record::<init> (5 bytes)
[0.046s][info][jit,compilation]  403       3       java.lang.CharacterDataLatin1::equalsIgnoreCase (63 bytes)
[0.046s][info][jit,compilation]  404   !   3       java.util.jar.JarFile::checkForSpecialAttributes (163 bytes)
[0.046s][info][jit,compilation]  255       3       java.lang.StringLatin1::indexOfChar (33 bytes)   made not entrant: not used
[0.046s][info][jit,compilation]  405       3       java.lang.Integer::numberOfLeadingZeros (78 bytes)
[0.047s][info][jit,compilation]  406       3       java.lang.Float::isNaN (12 bytes)
[0.047s][info][jit,compilation]  407       3       java.lang.ref.WeakReference::<init> (7 bytes)
[0.047s][info][jit,compilation]  408       3       java.util.HashMap::tableSizeFor (32 bytes)
[0.047s][info][jit,compilation]  409       3       java.util.ArrayDeque::elementAt (4 bytes)
[0.047s][info][jit,compilation]  410       3       java.util.ArrayDeque::pollFirst (36 bytes)
[0.047s][info][jit,compilation]  411       4       java.lang.StringLatin1::lastIndexOf (40 bytes)
[0.047s][info][jit,compilation]  412       3       java.lang.Runtime$Version::feature (17 bytes)
[0.048s][info][jit,compilation]  413       3       java.lang.ref.Cleaner::register (25 bytes)
[0.048s][info][jit,compilation]  414       3       jdk.internal.ref.CleanerImpl$PhantomCleanableRef::<init> (12 bytes)
[0.048s][info][jit,compilation]  415       3       jdk.internal.loader.URLClassPath$JarLoader::ensureOpen (57 bytes)
[0.048s][info][jit,compilation]  416       3       java.lang.StringBuilder::append (8 bytes)
[0.048s][info][jit,compilation]  417       3       java.lang.AbstractStringBuilder::append (102 bytes)
[0.048s][info][jit,compilation]  418 %     4       java.util.jar.JarFile::match @ 14 (132 bytes)
[0.048s][info][jit,compilation]   32       3       java.lang.StringLatin1::lastIndexOf (40 bytes)   made not entrant: not used
[0.049s][info][jit,compilation]  419       4       java.util.jar.Manifest$FastInputStream::readLine (296 bytes)
[0.049s][info][jit,compilation]  420       3       java.lang.ThreadLocal::getMap (17 bytes)
[0.049s][info][jit,compilation]  421       3       java.lang.Thread::terminatingThreadLocals (8 bytes)
[0.050s][info][jit,compilation]  422       3       jdk.internal.misc.CarrierThreadLocal::get (10 bytes)
[0.050s][info][jit,compilation]  423       3       java.lang.System$1::getCarrierThreadLocal (5 bytes)
[0.050s][info][jit,compilation]  424       3       java.lang.ThreadLocal::getCarrierThreadLocal (29 bytes)
[0.050s][info][jit,compilation]  425       3       java.lang.ThreadLocal::get (35 bytes)
[0.050s][info][jit,compilation]  431       4       java.util.HashMap::resize (356 bytes)
[0.050s][info][jit,compilation]  426       3       java.util.Arrays::rangeCheck (74 bytes)
[0.050s][info][jit,compilation]  427   !   3       jdk.internal.loader.FileURLMapper::getPath (80 bytes)
[0.050s][info][jit,compilation]  428       3       java.lang.System$1::uncheckedGetBytesOrThrow (6 bytes)
[0.050s][info][jit,compilation]  429  s    3       jdk.internal.perf.PerfCounter::add (18 bytes)
[0.050s][info][jit,compilation]  430   !   3       java.util.zip.ZipFile$ZipFileInputStream::close (59 bytes)
[0.050s][info][jit,compilation]  433       3       java.io.InputStream::<init> (5 bytes)
[0.052s][info][jit,compilation]  432 % !   4       java.util.zip.ZipFile$Source::initCEN @ 292 (641 bytes)
[0.052s][info][jit,compilation]  435       3       java.lang.String::substring (10 bytes)
[0.053s][info][jit,compilation]  436       3       java.io.File::getName (42 bytes)
[0.053s][info][jit,compilation]  437       3       java.lang.String::regionMatches (150 bytes)
[0.053s][info][jit,compilation]  439       3       sun.net.www.protocol.jar.Handler::checkNestedProtocol (18 bytes)
[0.054s][info][jit,compilation]  259       3       java.util.jar.Manifest$FastInputStream::readLine (296 bytes)   made not entrant: not used
[0.054s][info][jit,compilation]  438       4       java.lang.Long::hashCode (8 bytes)
[0.054s][info][jit,compilation]  307       3       java.lang.Long::hashCode (8 bytes)   made not entrant: not used
[0.054s][info][jit,compilation]  440       4       java.util.jar.JarFile::match (132 bytes)
[0.054s][info][jit,compilation]  441   !   3       java.util.zip.ZipFile$Source::findEND (641 bytes)
[0.054s][info][jit,compilation]  165       3       java.util.HashMap::resize (356 bytes)   made not entrant: not used
[0.054s][info][jit,compilation]  434       4       java.lang.Math::min (11 bytes)
[0.054s][info][jit,compilation]   31       3       java.lang.Math::min (11 bytes)   made not entrant: not used
[0.055s][info][jit,compilation]  442       3       java.util.zip.ZipEntry::isCENHeaderValid (58 bytes)
[0.055s][info][jit,compilation]  443       3       java.util.zip.ZipFile$Source::getEntryPos (199 bytes)
[0.055s][info][jit,compilation]  444       4       java.util.zip.ZipFile$Source::getEntryHash (7 bytes)
[0.055s][info][jit,compilation]  446       3       java.util.Collections$SetFromMap::add (22 bytes)
[0.055s][info][jit,compilation]  447       3       java.lang.ref.ReferenceQueue::<init> (21 bytes)
[0.055s][info][jit,compilation]  448       3       java.lang.ref.ReferenceQueue$Lock::<init> (5 bytes)
[0.055s][info][jit,compilation]  312       3       java.util.zip.ZipFile$Source::getEntryHash (7 bytes)   made not entrant: not used
[0.055s][info][jit,compilation]  445       4       java.lang.String::startsWith (123 bytes)
[0.055s][info][jit,compilation]  449       3       java.util.WeakHashMap::matchesKey (33 bytes)
[0.055s][info][jit,compilation]  325       3       java.util.jar.JarFile::match (132 bytes)   made not entrant: not used
[0.055s][info][jit,compilation]  450       3       java.io.File::exists (18 bytes)
[0.056s][info][jit,compilation]  453       3       java.nio.file.attribute.FileTime::from (18 bytes)
[0.056s][info][jit,compilation]  454       3       java.nio.file.attribute.FileTime::<init> (21 bytes)
[0.056s][info][jit,compilation]  459       3       java.lang.ThreadLocal$ThreadLocalMap::getEntry (42 bytes)
[0.056s][info][jit,compilation]  455       3       java.lang.String::isASCII (16 bytes)
[0.056s][info][jit,compilation]  456       3       java.lang.StringCoding::hasNegatives (16 bytes)
[0.056s][info][jit,compilation]  457       3       jdk.internal.misc.Unsafe::checkPrimitivePointer (19 bytes)
[0.056s][info][jit,compilation]  458       3       jdk.internal.misc.Unsafe::checkPointer (19 bytes)
[0.056s][info][jit,compilation]  463       3       java.lang.String::getBytesOrThrow (94 bytes)
[0.056s][info][jit,compilation]  462   !   3       java.nio.DirectLongBufferU::get (36 bytes)
[0.057s][info][jit,compilation]  461       3       sun.nio.fs.UnixFileAttributes::lastModifiedTime (12 bytes)
[0.057s][info][jit,compilation]  460       3       java.util.Collections$SetFromMap::remove (19 bytes)
[0.057s][info][jit,compilation]  451  s    3       java.io.FileDescriptor::attach (73 bytes)
[0.057s][info][jit,compilation]  465       3       java.util.zip.ZipFile$Source::checkExtraFields (189 bytes)
[0.057s][info][jit,compilation]  464   !   3       java.nio.DirectLongBufferU::put (39 bytes)
[0.057s][info][jit,compilation]  452       3       java.util.WeakHashMap::<init> (9 bytes)
[0.058s][info][jit,compilation]  466       3       java.util.BitSet::wordIndex (5 bytes)
[0.058s][info][jit,compilation]   15       3       java.lang.String::startsWith (123 bytes)   made not entrant: not used
[0.058s][info][jit,compilation]  467       3       java.util.jar.JarFile::getManEntry (39 bytes)
[0.058s][info][jit,compilation]  468   !   3       java.util.jar.JarFile::getBytes (218 bytes)
[0.059s][info][jit,compilation]  469 %     4       java.util.Arrays::fill @ 5 (21 bytes)
[0.060s][info][jit,compilation]  470       3       jdk.internal.loader.URLClassPath$JarLoader::getJarFile (102 bytes)
[0.062s][info][jit,compilation]  471       3       java.util.zip.ZipFile$Source$Key::hashCode (58 bytes)
[0.062s][info][jit,compilation]  482       4       jdk.internal.ref.CleanerFactory::cleaner (4 bytes)
[0.062s][info][jit,compilation]  483       3       java.util.WeakHashMap::remove (131 bytes)
[0.062s][info][jit,compilation]  336       3       jdk.internal.ref.CleanerFactory::cleaner (4 bytes)   made not entrant: not used
[0.062s][info][jit,compilation]  440       4       java.util.jar.JarFile::match (132 bytes)   made not entrant: uncommon trap
[0.062s][info][jit,compilation]  485       3       java.util.jar.JarFile::match (132 bytes)
[0.063s][info][jit,compilation]  472       3       java.nio.charset.Charset::hashCode (8 bytes)
[0.063s][info][jit,compilation]  473       3       sun.nio.fs.UnixFileAttributes$UnixAsBasicFileAttributes::lastModifiedTime (8 bytes)
[0.063s][info][jit,compilation]  474   !   3       sun.nio.fs.UnixFileAttributes::toFileTime (60 bytes)
[0.063s][info][jit,compilation]  475       3       java.nio.file.attribute.FileTime::toMillis (98 bytes)
[0.063s][info][jit,compilation]  476       3       java.util.concurrent.TimeUnit::toMillis (69 bytes)
[0.063s][info][jit,compilation]  477       3       sun.nio.fs.UnixFileAttributes$UnixAsBasicFileAttributes::fileKey (8 bytes)
[0.063s][info][jit,compilation]  480       3       java.util.zip.ZipUtils::LOCSIG (6 bytes)
[0.063s][info][jit,compilation]  486       4       java.util.HashMap::putIfAbsent (13 bytes)
[0.063s][info][jit,compilation]  481   !   3       java.util.zip.ZipFile::getEntry (69 bytes)
[0.063s][info][jit,compilation]  484       3       java.util.zip.Inflater::ensureOpen (47 bytes)
[0.063s][info][jit,compilation]  478   !   3       sun.nio.fs.UnixFileAttributes::fileKey (52 bytes)
[0.063s][info][jit,compilation]  487       3       java.lang.StringLatin1::regionMatchesCI (45 bytes)
[0.063s][info][jit,compilation]  479       3       sun.nio.fs.UnixFileKey::hashCode (16 bytes)
[0.064s][info][jit,compilation]  488  s    3       java.io.ByteArrayOutputStream::reset (6 bytes)
[0.064s][info][jit,compilation]  489       4       java.util.Arrays::fill (21 bytes)
[0.065s][info][jit,compilation]  365       3       java.util.Arrays::fill (21 bytes)   made not entrant: not used
[0.066s][info][jit,compilation]  490       3       java.io.FilterInputStream::<init> (10 bytes)
[0.066s][info][jit,compilation]  491       3       java.util.WeakHashMap::put (160 bytes)
[0.066s][info][jit,compilation]  497       4       java.nio.DirectLongBufferU::ix (10 bytes)
[0.066s][info][jit,compilation]  392       3       java.nio.DirectLongBufferU::ix (10 bytes)   made not entrant: not used
[0.066s][info][jit,compilation]  493  s!   3       jdk.internal.loader.URLClassPath::getLoader (202 bytes)
[0.066s][info][jit,compilation]  157       3       java.util.HashMap::putIfAbsent (13 bytes)   made not entrant: not used
[0.067s][info][jit,compilation]  492       3       java.util.WeakHashMap$Entry::<init> (24 bytes)
[0.067s][info][jit,compilation]  494       3       sun.net.util.URLUtil::urlNoFragString (143 bytes)
[0.067s][info][jit,compilation]  495       3       java.net.URL::getDefaultPort (8 bytes)
[0.067s][info][jit,compilation]  496       3       jdk.internal.loader.URLClassPath::getLoader (124 bytes)
[0.068s][info][jit,compilation]  498       3       java.util.WeakHashMap::<init> (124 bytes)
[0.068s][info][jit,compilation]  501   !   4       java.util.zip.ZipFile$Source::initCEN (641 bytes)
[0.068s][info][jit,compilation]  499   !   3       java.util.zip.ZipFile::getManifestName (61 bytes)
[0.068s][info][jit,compilation]  500   !   3       java.util.zip.ZipFile::getInputStream (290 bytes)
[0.069s][info][jit,compilation]  502       3       jdk.internal.loader.FileURLMapper::exists (25 bytes)
[0.069s][info][jit,compilation]  503   !   3       jdk.internal.loader.URLClassPath$JarLoader::checkJar (45 bytes)
[0.069s][info][jit,compilation]  504   !   3       java.util.jar.JarFile::isMultiRelease (33 bytes)
[0.069s][info][jit,compilation]  505   !   3       jdk.internal.loader.URLClassPath$JarLoader::getResource (39 bytes)
[0.069s][info][jit,compilation]  506       3       java.util.jar.JarFile::getJarEntry (9 bytes)
[0.069s][info][jit,compilation]  507       3       java.util.jar.JarFile::getEntry (35 bytes)
[0.070s][info][jit,compilation]  508       3       java.lang.Integer::valueOf (32 bytes)
[0.070s][info][jit,compilation]  509       3       java.lang.invoke.MethodTypeForm::canonicalize (74 bytes)
[0.070s][info][jit,compilation]  510       3       jdk.internal.util.StrongReferenceKey::hashCode (8 bytes)
[0.070s][info][jit,compilation]  511       3       java.lang.invoke.MethodType::checkSlotCount (33 bytes)
[0.070s][info][jit,compilation]  512       4       java.util.Arrays::copyOfRange (82 bytes)
[0.070s][info][jit,compilation]  513       3       java.lang.Integer::hashCode (8 bytes)
[0.070s][info][jit,compilation]  514       3       java.lang.Integer::hashCode (2 bytes)
[0.070s][info][jit,compilation]  515       3       java.util.BitSet::checkInvariants (111 bytes)
[0.071s][info][jit,compilation]  516       3       java.util.jar.JarFile::getVersionedEntry (114 bytes)
[0.071s][info][jit,compilation]  517       3       java.util.HashMap::getOrDefault (19 bytes)
[0.071s][info][jit,compilation]  518       3       java.util.zip.ZipFile$1::getMetaInfVersions (6 bytes)
[0.071s][info][jit,compilation]   49       3       java.util.Arrays::copyOfRange (82 bytes)   made not entrant: not used
[0.072s][info][jit,compilation]  519     n 0       jdk.internal.misc.Unsafe::putReferenceVolatile (native)   
[0.073s][info][jit,compilation]  520 %     3       java.util.Properties$LineReader::readLine @ 224 (584 bytes)
[0.073s][info][jit,compilation]  521     n 0       java.lang.Class::desiredAssertionStatus0 (native)   (static)
[0.074s][info][jit,compilation]  522       1       jdk.internal.classfile.impl.SplitConstantPool::size (5 bytes)
[0.075s][info][jit,compilation]  523       1       java.util.HashMap::size (5 bytes)
[0.075s][info][jit,compilation]  524     n 0       java.lang.invoke.MethodHandle::linkToStatic(LL)V (native)   (static)
[0.075s][info][jit,compilation]  525       3       jdk.internal.classfile.impl.SplitConstantPool::map (161 bytes)
[0.075s][info][jit,compilation]  527       3       jdk.internal.classfile.impl.BufWriterImpl::reserveSpace (22 bytes)
[0.075s][info][jit,compilation]  528       1       jdk.internal.classfile.impl.RawBytecodeHelper::bci (5 bytes)
[0.075s][info][jit,compilation]  526       3       java.lang.invoke.MethodType::parameterCount (6 bytes)
[0.075s][info][jit,compilation]  529       1       jdk.internal.classfile.impl.AbstractPoolEntry::constantPool (5 bytes)
[0.075s][info][jit,compilation]  530       3       java.util.Properties$LineReader::readLine (584 bytes)
[0.076s][info][jit,compilation]  531     n 0       java.lang.invoke.MethodHandle::linkToStatic(LLIL)I (native)   (static)
[0.076s][info][jit,compilation]  533     n 0       java.lang.invoke.MethodHandle::linkToStatic(LLLLL)I (native)   (static)
[0.076s][info][jit,compilation]  532       1       jdk.internal.util.WeakReferenceKey::hashCode (5 bytes)
[0.076s][info][jit,compilation]  534       3       java.lang.invoke.MethodType::<init> (15 bytes)
[0.076s][info][jit,compilation]  535       3       java.lang.invoke.MethodType::makeImpl (109 bytes)
[0.076s][info][jit,compilation]  538     n 0       java.lang.invoke.MethodHandleNatives::resolve (native)   (static)
[0.076s][info][jit,compilation]  539     n 0       java.lang.invoke.MethodHandle::linkToStatic(LLIIL)V (native)   (static)
[0.076s][info][jit,compilation]  252       4       jdk.internal.misc.Unsafe::convEndian (16 bytes)   made not entrant: uncommon trap
[0.077s][info][jit,compilation]  536       3       jdk.internal.util.ReferencedKeySet::get (27 bytes)
[0.077s][info][jit,compilation]  542     n 0       java.lang.invoke.MethodHandle::linkToSpecial(LLIL)V (native)   (static)
[0.077s][info][jit,compilation]  540       3       jdk.internal.util.ReferencedKeyMap::lookupKey (9 bytes)
[0.077s][info][jit,compilation]  541       3       jdk.internal.util.StrongReferenceKey::<init> (10 bytes)
[0.077s][info][jit,compilation]  537       3       java.lang.invoke.MethodType::methodType (69 bytes)
[0.077s][info][jit,compilation]  543       3       jdk.internal.classfile.impl.SplitConstantPool::entryByIndex (59 bytes)
[0.077s][info][jit,compilation]  544       3       java.lang.invoke.MemberName::allFlagsSet (16 bytes)
[0.078s][info][jit,compilation]  545       3       jdk.internal.classfile.impl.AbstractPoolEntry::<init> (20 bytes)
[0.078s][info][jit,compilation]  546       3       java.lang.StringConcatHelper::newArray (28 bytes)
[0.078s][info][jit,compilation]  547       1       jdk.internal.constant.ClassOrInterfaceDescImpl::descriptorString (5 bytes)
[0.078s][info][jit,compilation]  548       3       jdk.internal.classfile.impl.SplitConstantPool::internalAdd (12 bytes)
[0.078s][info][jit,compilation]  549       3       jdk.internal.classfile.impl.SplitConstantPool::internalAdd (78 bytes)
[0.078s][info][jit,compilation]  550       3       java.lang.StringCoding::countNonZeroAsciiLatin1 (33 bytes)
[0.078s][info][jit,compilation]  551       3       java.lang.ref.Reference::get (5 bytes)
[0.078s][info][jit,compilation]  552       3       java.util.HashMap$ValueIterator::next (8 bytes)
[0.078s][info][jit,compilation]  553       1       java.lang.Module::getDescriptor (5 bytes)
[0.079s][info][jit,compilation]  554       3       java.nio.DirectByteBuffer::ix (10 bytes)
[0.079s][info][jit,compilation]  555   !   3       java.nio.DirectByteBuffer::get (34 bytes)
[0.079s][info][jit,compilation]  556   !   3       jdk.internal.misc.ScopedMemoryAccess::getByte (16 bytes)
[0.079s][info][jit,compilation]  557       3       java.util.concurrent.ConcurrentHashMap$Node::<init> (20 bytes)
[0.079s][info][jit,compilation]  558       3       java.util.Optional::orElse (16 bytes)
[0.079s][info][jit,compilation]  559   !   3       jdk.internal.misc.ScopedMemoryAccess::getByteInternal (34 bytes)
[0.079s][info][jit,compilation]  561       3       jdk.internal.loader.URLClassPath$JarLoader::findResource (17 bytes)
[0.079s][info][jit,compilation]  562       3       java.util.jar.JarFile::<init> (95 bytes)
[0.080s][info][jit,compilation]  560       1       java.nio.Buffer::limit (5 bytes)
[0.080s][info][jit,compilation]  563       3       jdk.internal.classfile.impl.EntryMap::put (186 bytes)
[0.080s][info][jit,compilation]  564       1       jdk.internal.classfile.impl.BufWriterImpl::size (5 bytes)
[0.081s][info][jit,compilation]  565       3       java.util.BitSet::length (37 bytes)
[0.081s][info][jit,compilation]  566   !   3       java.util.zip.ZipFile::getMetaInfVersions (44 bytes)
[0.081s][info][jit,compilation]  568       4       java.util.zip.ZipFile::ensureOpen (40 bytes)
[0.081s][info][jit,compilation]  567       3       java.util.BitSet::previousSetBit (117 bytes)
[0.081s][info][jit,compilation]  569     n 0       java.lang.invoke.MethodHandle::linkToSpecial(LLLLL)L (native)   (static)
[0.081s][info][jit,compilation]  326       3       java.util.zip.ZipFile::ensureOpen (40 bytes)   made not entrant: not used
[0.081s][info][jit,compilation]  570       3       jdk.internal.classfile.impl.AbstractPoolEntry::hashString (5 bytes)
[0.081s][info][jit,compilation]  571       3       java.lang.invoke.MethodType::parameterType (7 bytes)
[0.081s][info][jit,compilation]  572       3       jdk.internal.classfile.impl.AbstractPoolEntry::maybeClone (26 bytes)
[0.082s][info][jit,compilation]  573       1       java.lang.invoke.MethodHandles$Lookup::lookupClass (5 bytes)
[0.082s][info][jit,compilation]  574       3       jdk.internal.classfile.impl.RawBytecodeHelper::next (81 bytes)
[0.082s][info][jit,compilation]  576     n 0       java.lang.Class::isInstance (native)   
[0.082s][info][jit,compilation]  575       3       jdk.internal.classfile.impl.RawBytecodeHelper::endBci (8 bytes)
[0.082s][info][jit,compilation]  577       3       jdk.internal.classfile.impl.RawBytecodeHelper::opcode (9 bytes)
[0.082s][info][jit,compilation]  578       1       java.lang.invoke.MethodTypeForm::erasedType (5 bytes)
[0.082s][info][jit,compilation]  579       1       java.lang.invoke.MethodHandle::type (5 bytes)
[0.082s][info][jit,compilation]  580       4       java.util.zip.ZipCoder::hash (36 bytes)
[0.083s][info][jit,compilation]  581       4       jdk.internal.loader.URLClassPath$JarLoader::ensureOpen (57 bytes)
[0.083s][info][jit,compilation]  582       3       java.lang.StringLatin1::canEncode (13 bytes)
[0.083s][info][jit,compilation]  415       3       jdk.internal.loader.URLClassPath$JarLoader::ensureOpen (57 bytes)   made not entrant: not used
[0.083s][info][jit,compilation]  584       3       jdk.internal.misc.Unsafe::putReferenceRelease (9 bytes)
[0.083s][info][jit,compilation]  583       4       java.util.zip.ZipFile$Source::getEntryPos (199 bytes)
[0.083s][info][jit,compilation]  585       3       java.util.concurrent.ConcurrentHashMap::setTabAt (19 bytes)
[0.083s][info][jit,compilation]  587       3       jdk.internal.misc.Unsafe::allocateUninitializedArray0 (90 bytes)
[0.083s][info][jit,compilation]  588       3       jdk.internal.misc.Unsafe::allocateUninitializedArray (55 bytes)
[0.083s][info][jit,compilation]  590       3       java.lang.StringLatin1::replace (197 bytes)
[0.083s][info][jit,compilation]  366       3       java.util.zip.ZipCoder::hash (36 bytes)   made not entrant: not used
[0.083s][info][jit,compilation]  591  s!   4       jdk.internal.loader.URLClassPath::getLoader (202 bytes)
[0.084s][info][jit,compilation]  594       3       java.lang.Math::max (12 bytes)
[0.084s][info][jit,compilation]  596       3       java.util.ArrayDeque::poll (5 bytes)
[0.084s][info][jit,compilation]  176       4       java.util.HashMap::putVal (300 bytes)   made not entrant: uncommon trap
[0.084s][info][jit,compilation]  597       3       java.lang.Class::getPackageName (81 bytes)
[0.085s][info][jit,compilation]  600     n 0       java.lang.Class::isHidden (native)   
[0.085s][info][jit,compilation]  601       3       jdk.internal.classfile.impl.EntryMap::firstToken (50 bytes)
[0.085s][info][jit,compilation]  599   !   3       java.lang.invoke.MemberName::getMethodType (213 bytes)
[0.085s][info][jit,compilation]  598       1       java.lang.Class::getModule (5 bytes)
[0.085s][info][jit,compilation]  602       3       java.lang.String::replace (42 bytes)
[0.085s][info][jit,compilation]  603       3       jdk.internal.util.ModifiedUtf::isValidLengthInConstantPool (41 bytes)
[0.086s][info][jit,compilation]  605       3       jdk.internal.classfile.impl.AbstractPoolEntry$Utf8EntryImpl::contentHash (19 bytes)
[0.086s][info][jit,compilation]  606       3       jdk.internal.classfile.impl.AbstractPoolEntry$Utf8EntryImpl::hashCode (8 bytes)
[0.086s][info][jit,compilation]  604       1       java.lang.module.ModuleDescriptor::isOpen (5 bytes)
[0.086s][info][jit,compilation]  607       3       jdk.internal.classfile.impl.SplitConstantPool::canWriteDirect (24 bytes)
[0.086s][info][jit,compilation]  608       3       java.lang.String::toString (2 bytes)
[0.086s][info][jit,compilation]  609       3       jdk.internal.classfile.impl.AbstractPoolEntry::hash2 (15 bytes)
[0.086s][info][jit,compilation]  611       3       jdk.internal.classfile.impl.SplitConstantPool::utf8Entry (45 bytes)
[0.086s][info][jit,compilation]  610       1       jdk.internal.classfile.impl.AbstractDirectBuilder::constantPool (5 bytes)
[0.086s][info][jit,compilation]  612       1       jdk.internal.classfile.impl.AbstractPoolEntry::hashCode (5 bytes)
[0.086s][info][jit,compilation]  613       3       jdk.internal.classfile.impl.BufWriterImpl::cpIndex (33 bytes)
[0.086s][info][jit,compilation]  493  s!   3       jdk.internal.loader.URLClassPath::getLoader (202 bytes)   made not entrant: not used
[0.087s][info][jit,compilation]  443       3       java.util.zip.ZipFile$Source::getEntryPos (199 bytes)   made not entrant: not used
[0.087s][info][jit,compilation]  586       4       java.util.concurrent.ConcurrentHashMap::casTabAt (20 bytes)
[0.087s][info][jit,compilation]  589   !   4       java.util.zip.ZipFile::getEntry (69 bytes)
[0.087s][info][jit,compilation]  182       3       java.util.concurrent.ConcurrentHashMap::casTabAt (20 bytes)   made not entrant: not used
[0.087s][info][jit,compilation]  592   !   4       jdk.internal.loader.URLClassPath$JarLoader::getResource (39 bytes)
[0.087s][info][jit,compilation]  614       3       jdk.internal.classfile.impl.Util::checkU2 (18 bytes)
[0.087s][info][jit,compilation]  615       3       jdk.internal.classfile.impl.BufWriterImpl::writeU2 (38 bytes)
[0.087s][info][jit,compilation]  617     n 0       java.lang.Class::isAssignableFrom (native)   
[0.087s][info][jit,compilation]  616       1       jdk.internal.constant.ClassOrInterfaceDescImpl::isClassOrInterface (2 bytes)
[0.087s][info][jit,compilation]  618       3       java.util.Arrays::copyOf (40 bytes)
[0.087s][info][jit,compilation]  619     n 0       java.lang.Class::initClassName (native)   
[0.087s][info][jit,compilation]  620       1       jdk.internal.classfile.impl.AbstractPoolEntry$ClassEntryImpl::tag (3 bytes)
[0.087s][info][jit,compilation]  621       3       java.lang.reflect.Modifier::isProtected (12 bytes)
[0.088s][info][jit,compilation]  622       3       jdk.internal.classfile.impl.SplitConstantPool::tryFindUtf8 (103 bytes)
[0.088s][info][jit,compilation]  623       3       jdk.internal.constant.ClassOrInterfaceDescImpl::ofValidated (64 bytes)
[0.088s][info][jit,compilation]  624       3       jdk.internal.constant.ClassOrInterfaceDescImpl::<init> (10 bytes)
[0.088s][info][jit,compilation]  625       1       jdk.internal.classfile.impl.AbstractPoolEntry$Utf8EntryImpl::tag (2 bytes)
[0.088s][info][jit,compilation]  626       1       jdk.internal.classfile.impl.AbstractDirectBuilder::setOriginal (6 bytes)
[0.088s][info][jit,compilation]  627       1       jdk.internal.classfile.impl.DirectMethodBuilder::methodFlags (5 bytes)
[0.088s][info][jit,compilation]  628       3       java.util.ImmutableCollections$AbstractImmutableCollection::<init> (5 bytes)
[0.088s][info][jit,compilation]  629     n 0       java.lang.reflect.Array::newArray (native)   (static)
[0.088s][info][jit,compilation]  630       3       java.lang.StringConcatHelper::concat (24 bytes)
[0.089s][info][jit,compilation]  632       3       jdk.internal.classfile.impl.AbstractPoolEntry$Utf8EntryImpl::<init> (86 bytes)
[0.089s][info][jit,compilation]  634       3       jdk.internal.classfile.impl.BufWriterImpl::writeU1 (24 bytes)
[0.089s][info][jit,compilation]  635       3       jdk.internal.classfile.impl.AbstractPoolEntry::hash1 (10 bytes)
[0.089s][info][jit,compilation]  633       1       java.lang.classfile.Opcode::bytecode (5 bytes)
[0.089s][info][jit,compilation]  631       3       java.lang.StringConcatHelper::stringOf (20 bytes)
[0.089s][info][jit,compilation]  637       1       jdk.internal.classfile.impl.LabelImpl::labelContext (5 bytes)
[0.089s][info][jit,compilation]  638       1       jdk.internal.classfile.impl.LabelImpl::getBCI (5 bytes)
[0.090s][info][jit,compilation]  641       3       jdk.internal.classfile.impl.AbstractPoolEntry$Utf8EntryImpl::stringValue (5 bytes)
[0.090s][info][jit,compilation]  642       3       jdk.internal.classfile.impl.AbstractPoolEntry$Utf8EntryImpl::toString (88 bytes)
[0.090s][info][jit,compilation]  636       1       jdk.internal.classfile.impl.UnboundAttribute::attributeMapper (5 bytes)
[0.090s][info][jit,compilation]  643       3       java.util.BitSet::set (58 bytes)
[0.090s][info][jit,compilation]  648     n 0       jdk.internal.misc.Unsafe::getChar (native)   
[0.090s][info][jit,compilation]  646       3       java.util.BitSet::expandTo (23 bytes)
[0.090s][info][jit,compilation]  649       3       jdk.internal.classfile.impl.StackCounter::addStackSlot (30 bytes)
[0.090s][info][jit,compilation]  645       3       java.util.ImmutableCollections$List12::size (16 bytes)
[0.090s][info][jit,compilation]  647       3       jdk.internal.constant.MethodTypeDescImpl::parameterCount (6 bytes)
[0.090s][info][jit,compilation]  644       1       jdk.internal.classfile.impl.StackMapDecoder$StackMapFrameImpl::stack (5 bytes)
[0.090s][info][jit,compilation]  640       1       jdk.internal.classfile.impl.DirectMethodBuilder::methodType (5 bytes)
[0.090s][info][jit,compilation]  651       3       jdk.internal.classfile.impl.AbstractPoolEntry$Utf8EntryImpl::writeTo (44 bytes)
[0.090s][info][jit,compilation]  650       1       jdk.internal.constant.MethodTypeDescImpl::returnType (5 bytes)
[0.090s][info][jit,compilation]  652       1       java.lang.reflect.Method::getName (5 bytes)
[0.090s][info][jit,compilation]  653       3       java.util.Arrays::equals (57 bytes)
[0.090s][info][jit,compilation]  654     n 0       java.lang.invoke.MethodHandle::invokeBasic(LL)L (native)   
[0.090s][info][jit,compilation]  655     n 0       java.lang.invoke.MethodHandle::linkToSpecial(LLLL)L (native)   (static)
[0.090s][info][jit,compilation]  656   !   3       java.lang.invoke.MemberName::clone (14 bytes)
[0.090s][info][jit,compilation]  658     n 0       java.lang.invoke.MethodHandle::linkToStatic(LLLLL)L (native)   (static)
[0.090s][info][jit,compilation]  659       3       java.lang.invoke.MemberName::initResolved (53 bytes)
[0.090s][info][jit,compilation]  660     n 0       java.lang.invoke.MethodHandle::invokeBasic(LLLL)L (native)   
[0.091s][info][jit,compilation]  657       1       java.lang.invoke.MethodTypeForm::basicType (5 bytes)
[0.091s][info][jit,compilation]  661       3       jdk.internal.classfile.impl.SplitConstantPool::utf8Entry (6 bytes)
[0.091s][info][jit,compilation]  662       3       jdk.internal.classfile.impl.StackMapGenerator::processBlock (2767 bytes)
[0.091s][info][jit,compilation]  361   !   3       java.util.zip.ZipFile$Source::initCEN (641 bytes)   made not entrant: not used
[0.091s][info][jit,compilation]  481   !   3       java.util.zip.ZipFile::getEntry (69 bytes)   made not entrant: not used
[0.091s][info][jit,compilation]  593       4       java.util.jar.JarFile::getEntry (35 bytes)
[0.091s][info][jit,compilation]  595   !   4       java.util.jar.JarFile::checkForSpecialAttributes (163 bytes)
[0.093s][info][jit,compilation]  672     n 0       jdk.internal.loader.NativeLibrary::findEntry0 (native)   (static)
[0.093s][info][jit,compilation]  404   !   3       java.util.jar.JarFile::checkForSpecialAttributes (163 bytes)   made not entrant: not used
[0.093s][info][jit,compilation]  639       4       jdk.internal.util.Preconditions::checkIndex (18 bytes)
[0.093s][info][jit,compilation]  486       4       java.util.HashMap::putIfAbsent (13 bytes)   made not entrant: uncommon trap
[0.093s][info][jit,compilation]   10       3       jdk.internal.util.Preconditions::checkIndex (18 bytes)   made not entrant: not used
[0.093s][info][jit,compilation]  666       4       jdk.internal.classfile.impl.RawBytecodeHelper::opcode (9 bytes)
[0.093s][info][jit,compilation]  577       3       jdk.internal.classfile.impl.RawBytecodeHelper::opcode (9 bytes)   made not entrant: not used
[0.094s][info][jit,compilation]  675     n 0       java.lang.invoke.MethodHandle::linkToSpecial(LLL)I (native)   (static)
[0.095s][info][jit,compilation]  678       4       java.lang.StringBuilder::append (8 bytes)
[0.096s][info][jit,compilation]  681     n 0       java.lang.invoke.MethodHandle::linkToStatic(IL)L (native)   (static)
[0.096s][info][jit,compilation]  505   !   3       jdk.internal.loader.URLClassPath$JarLoader::getResource (39 bytes)   made not entrant: not used
[0.096s][info][jit,compilation]  679       4       java.nio.DirectByteBuffer::ix (10 bytes)
[0.096s][info][jit,compilation]  554       3       java.nio.DirectByteBuffer::ix (10 bytes)   made not entrant: not used
[0.096s][info][jit,compilation]  682     n 0       java.lang.invoke.MethodHandle::linkToStatic(LLJJL)I (native)   (static)
[0.096s][info][jit,compilation]  683     n 0       java.lang.invoke.MethodHandle::linkToStatic(LLLLLL)L (native)   (static)
[0.096s][info][jit,compilation]  684     n 0       java.lang.invoke.MethodHandle::invokeBasic(LLLLL)L (native)   
[0.096s][info][jit,compilation]  685     n 0       java.lang.invoke.MethodHandle::linkToSpecial(LLLLLLL)L (native)   (static)
[0.097s][info][jit,compilation]  688     n 0       java.lang.invoke.MethodHandle::linkToSpecial(LILL)L (native)   (static)
[0.097s][info][jit,compilation]  689     n 0       java.lang.invoke.MethodHandle::invokeBasic(LIL)L (native)   
[0.097s][info][jit,compilation]  690     n 0       java.lang.invoke.MethodHandle::linkToSpecial(LLILL)L (native)   (static)
[0.097s][info][jit,compilation]  664       3       jdk.internal.util.ModifiedUtf::utfLen (65 bytes)
[0.097s][info][jit,compilation]  691     n 0       java.lang.invoke.MethodHandle::invokeBasic(IL)L (native)   
[0.097s][info][jit,compilation]  263       3       java.lang.StringBuilder::append (8 bytes)   made not entrant: not used
[0.098s][info][jit,compilation]  667       3       java.lang.System$1::countNonZeroAscii (5 bytes)
[0.098s][info][jit,compilation]  375       3       java.util.WeakHashMap::getTable (9 bytes)   made not entrant: marked for deoptimization
[0.098s][info][jit,compilation]  452       3       java.util.WeakHashMap::<init> (9 bytes)   made not entrant: marked for deoptimization
[0.098s][info][jit,compilation]  483       3       java.util.WeakHashMap::remove (131 bytes)   made not entrant: marked for deoptimization
[0.098s][info][jit,compilation]  491       3       java.util.WeakHashMap::put (160 bytes)   made not entrant: marked for deoptimization
[0.098s][info][jit,compilation]  498       3       java.util.WeakHashMap::<init> (124 bytes)   made not entrant: marked for deoptimization
[0.098s][info][jit,compilation]  668       3       java.lang.StringCoding::countNonZeroAscii (30 bytes)
[0.098s][info][jit,compilation]  692       4       java.util.concurrent.ConcurrentHashMap::tabAt (21 bytes)
[0.098s][info][jit,compilation]  693     n 0       java.lang.invoke.MethodHandle::invokeBasic()J (native)   
[0.098s][info][jit,compilation]  694     n 0       java.lang.invoke.MethodHandle::linkToSpecial(LL)J (native)   (static)
[0.098s][info][jit,compilation]  669       3       java.lang.String::getBytes (60 bytes)
[0.098s][info][jit,compilation]   84       3       java.util.concurrent.ConcurrentHashMap::tabAt (21 bytes)   made not entrant: not used
[0.098s][info][jit,compilation]  670       3       java.lang.StringLatin1::getBytes (12 bytes)
[0.098s][info][jit,compilation]  663       3       jdk.internal.classfile.impl.RawBytecodeHelper::isStoreIntoLocal (18 bytes)
[0.098s][info][jit,compilation]  665       3       jdk.internal.classfile.impl.Util::isDoubleSlot (20 bytes)
[0.098s][info][jit,compilation]  671       1       java.lang.invoke.MethodTypeForm::parameterSlotCount (5 bytes)
[0.098s][info][jit,compilation]  677       1       java.lang.invoke.MethodHandles$Lookup::previousLookupClass (5 bytes)
[0.098s][info][jit,compilation]  674       1       java.lang.constant.ClassDesc::isPrimitive (2 bytes)
[0.098s][info][jit,compilation]  673       1       jdk.internal.classfile.impl.AbstractPoolEntry$NameAndTypeEntryImpl::tag (3 bytes)
[0.098s][info][jit,compilation]  695       3       jdk.internal.classfile.impl.BufWriterImpl::writeIndex (11 bytes)
[0.098s][info][jit,compilation]  507       3       java.util.jar.JarFile::getEntry (35 bytes)   made not entrant: not used
[0.098s][info][jit,compilation]  696       3       jdk.internal.classfile.impl.BufWriterImpl::writeUtfEntry (156 bytes)
[0.099s][info][jit,compilation]  698     n 0       java.lang.invoke.MethodHandle::linkToSpecial(LLLLL)V (native)   (static)
[0.099s][info][jit,compilation]  699     n 0       java.lang.invoke.MethodHandle::invokeBasic(LLL)L (native)   
[0.099s][info][jit,compilation]  700       3       java.lang.invoke.MethodType::checkPtypes (76 bytes)
[0.099s][info][jit,compilation]  701     n 0       java.lang.invoke.MethodHandle::linkToStatic(LLIJL)V (native)   (static)
[0.099s][info][jit,compilation]  697       3       java.lang.invoke.MethodType::equals (27 bytes)
[0.100s][info][jit,compilation]  676       1       jdk.internal.classfile.impl.AbstractAttributeMapper::allowMultiple (5 bytes)
[0.100s][info][jit,compilation]  680       1       java.lang.classfile.Opcode::kind (5 bytes)
[0.100s][info][jit,compilation]  686       1       jdk.internal.constant.PrimitiveClassDescImpl::descriptorString (5 bytes)
[0.100s][info][jit,compilation]  687       1       jdk.internal.classfile.impl.LabelImpl::setBCI (6 bytes)
[0.100s][info][jit,compilation]  702       3       java.lang.Math::min (12 bytes)
[0.100s][info][jit,compilation]  703     n 0       java.lang.invoke.MethodHandle::linkToStatic(LLIL)J (native)   (static)
[0.100s][info][jit,compilation]  704       3       java.lang.String::indexOf (18 bytes)
[0.100s][info][jit,compilation]  705       3       java.lang.String::indexOf (101 bytes)
[0.101s][info][jit,compilation]  706       3       sun.net.www.ParseUtil::encodePath (41 bytes)
[0.101s][info][jit,compilation]  261       4       jdk.internal.misc.Unsafe::getIntUnaligned (12 bytes)   made not entrant: uncommon trap
[0.101s][info][jit,compilation]  707       3       java.lang.StringUTF16::compress (47 bytes)
[0.102s][info][jit,compilation]  708       3       java.util.zip.ZipFile::getZipEntry (259 bytes)
[0.102s][info][jit,compilation]  710       4       java.util.WeakHashMap::indexFor (6 bytes)
[0.102s][info][jit,compilation]  377       3       java.util.WeakHashMap::indexFor (6 bytes)   made not entrant: not used
[0.103s][info][jit,compilation]  709       3       java.util.WeakHashMap::getTable (9 bytes)
[0.103s][info][jit,compilation]  711       1       java.security.ProtectionDomain::getCodeSource (5 bytes)
[0.103s][info][jit,compilation]  712     n 0       java.lang.ClassLoader::findLoadedClass0 (native)   
[0.103s][info][jit,compilation]  713   !   3       java.util.zip.InflaterInputStream::read (129 bytes)
[0.103s][info][jit,compilation]  716       4       java.util.HashMap::getNode (150 bytes)
[0.103s][info][jit,compilation]  714       3       java.util.zip.InflaterInputStream::ensureOpen (18 bytes)
[0.103s][info][jit,compilation]  715   !   3       java.util.zip.Inflater::finished (19 bytes)
[0.103s][info][jit,compilation]  717     n 0       jdk.internal.misc.Unsafe::compareAndSetInt (native)   
[0.104s][info][jit,compilation]  718       3       java.io.ObjectStreamField::getSignature (39 bytes)
[0.104s][info][jit,compilation]  719       1       java.io.ObjectStreamField::getName (5 bytes)
[0.104s][info][jit,compilation]  720       3       java.io.ObjectStreamField::getTypeCode (9 bytes)
[0.104s][info][jit,compilation]  722       3       java.util.HashMap::putVal (300 bytes)
[0.104s][info][jit,compilation]  728     n 0       java.lang.invoke.MethodHandle::invokeBasic(LL)V (native)   
[0.104s][info][jit,compilation]  729     n 0       java.lang.invoke.MethodHandle::linkToSpecial(LLLL)V (native)   (static)
[0.104s][info][jit,compilation]  721       1       java.lang.reflect.Field::getName (5 bytes)
[0.104s][info][jit,compilation]  723       3       java.io.ObjectStreamField::isPrimitive (23 bytes)
[0.104s][info][jit,compilation]  724       1       java.io.ObjectStreamField::getField (5 bytes)
[0.104s][info][jit,compilation]  725       3       jdk.internal.util.StrongReferenceKey::equals (28 bytes)
[0.105s][info][jit,compilation]  141       3       java.util.HashMap::getNode (150 bytes)   made not entrant: not used
[0.105s][info][jit,compilation]  730       3       java.lang.invoke.LambdaForm$Name::withIndex (35 bytes)
[0.105s][info][jit,compilation]  726       3       sun.invoke.util.VerifyAccess::isSamePackage (37 bytes)
[0.105s][info][jit,compilation]  732       3       java.lang.invoke.MemberName::getReferenceKind (12 bytes)
[0.105s][info][jit,compilation]  731       3       jdk.internal.classfile.impl.SplitConstantPool::findEntry (130 bytes)
[0.105s][info][jit,compilation]  733       3       java.lang.Class::isInterface (8 bytes)
[0.105s][info][jit,compilation]  734       3       java.lang.reflect.Modifier::isInterface (14 bytes)
[0.105s][info][jit,compilation]  735       3       java.lang.invoke.MemberName::isConstructor (8 bytes)
[0.105s][info][jit,compilation]  737       3       java.lang.invoke.LambdaForm$BasicType::basicType (8 bytes)
[0.105s][info][jit,compilation]  738       3       jdk.internal.classfile.impl.BufWriterImpl::writeU1U2U2 (75 bytes)
[0.105s][info][jit,compilation]  736       3       jdk.internal.classfile.impl.StackMapGenerator$Frame::checkStack (96 bytes)
[0.105s][info][jit,compilation]  739       3       java.lang.invoke.Invokers$Holder::linkToTargetMethod (8 bytes)
[0.105s][info][jit,compilation]  740       3       java.lang.invoke.LambdaForm$Holder::constant_L (8 bytes)
[0.105s][info][jit,compilation]  727       1       java.lang.reflect.Method::getSharedParameterTypes (5 bytes)
[0.105s][info][jit,compilation]  741       1       java.lang.reflect.Field::getType (5 bytes)
[0.106s][info][jit,compilation]  742       4       java.lang.String::getBytes (44 bytes)
[0.106s][info][jit,compilation]  743       3       jdk.internal.misc.Unsafe::getIntUnaligned (12 bytes)
[0.106s][info][jit,compilation]  115       3       java.lang.String::getBytes (44 bytes)   made not entrant: not used
[0.106s][info][jit,compilation]  744     n 0       java.lang.Class::getSuperclass (native)   
[0.106s][info][jit,compilation]  745       1       java.lang.reflect.Field::getModifiers (5 bytes)
[0.106s][info][jit,compilation]  746       1       java.io.ObjectStreamField::setOffset (6 bytes)
[0.106s][info][jit,compilation]  747       3       java.lang.invoke.MemberName::isResolved (13 bytes)
[0.107s][info][jit,compilation]  748       3       java.lang.invoke.LambdaForm::uncustomize (57 bytes)
[0.107s][info][jit,compilation]  749       3       java.io.BufferedInputStream::getBufIfOpen (61 bytes)
[0.107s][info][jit,compilation]  750       3       java.io.BufferedInputStream::getBufIfOpen (6 bytes)
[0.107s][info][jit,compilation]  751       3       jdk.internal.access.SharedSecrets::javaUtilJarAccess (19 bytes)
[0.107s][info][jit,compilation]  752       4       java.util.Objects::requireNonNull (15 bytes)
[0.107s][info][jit,compilation]  753       3       java.io.ObjectStreamClass::requireInitialized (19 bytes)
[0.107s][info][jit,compilation]  754       1       jdk.internal.loader.URLClassPath$Loader::getBaseURL (5 bytes)
[0.107s][info][jit,compilation]  127       3       java.util.Objects::requireNonNull (15 bytes)   made not entrant: not used
[0.107s][info][jit,compilation]  755     n 0       java.lang.Double::longBitsToDouble (native)   (static)
[0.108s][info][jit,compilation]  756       3       java.lang.ref.SoftReference::get (29 bytes)
[0.108s][info][jit,compilation]  757       3       java.lang.PublicMethods$Key::matches (31 bytes)
[0.108s][info][jit,compilation]  760     n 0       jdk.internal.misc.Unsafe::allocateInstance (native)   
[0.108s][info][jit,compilation]  758       3       java.lang.invoke.MethodHandle::<init> (37 bytes)
[0.108s][info][jit,compilation]  761       3       java.io.ObjectInputStream$PeekInputStream::readFully (48 bytes)
[0.108s][info][jit,compilation]  759       3       java.lang.invoke.LambdaForm::prepare (92 bytes)
[0.108s][info][jit,compilation]  762       4       jdk.internal.util.ArraysSupport::mismatch (103 bytes)
[0.108s][info][jit,compilation]  763       1       java.security.CodeSource::getLocationNoFragString (5 bytes)
[0.109s][info][jit,compilation]  764       3       java.util.WeakHashMap::put (160 bytes)
[0.110s][info][jit,compilation]  765  s    3       java.io.BufferedInputStream::read (49 bytes)
[0.110s][info][jit,compilation]   20       3       jdk.internal.util.ArraysSupport::mismatch (103 bytes)   made not entrant: not used
[0.110s][info][jit,compilation]  766       3       java.io.ObjectInputStream$BlockDataInputStream::readByte (20 bytes)
[0.110s][info][jit,compilation]  767       3       java.io.ObjectInputStream$BlockDataInputStream::read (62 bytes)
[0.111s][info][jit,compilation]  768     n 0       java.lang.Throwable::fillInStackTrace (native)   
[0.111s][info][jit,compilation]  769       3       java.lang.StringConcatHelper::checkOverflow (16 bytes)
[0.111s][info][jit,compilation]  770       3       java.lang.String::concat (15 bytes)
[0.111s][info][jit,compilation]  773       3       java.lang.invoke.MethodTypeForm::canonicalizeAll (63 bytes)
[0.112s][info][jit,compilation]  777       3       java.io.BufferedInputStream::read1 (121 bytes)
[0.112s][info][jit,compilation]  778     n 0       java.lang.ClassLoader::findBootstrapClass (native)   (static)
[0.112s][info][jit,compilation]  591  s!   4       jdk.internal.loader.URLClassPath::getLoader (202 bytes)   made not entrant: marked for deoptimization
[0.112s][info][jit,compilation]  592   !   4       jdk.internal.loader.URLClassPath$JarLoader::getResource (39 bytes)   made not entrant: marked for deoptimization
[0.112s][info][jit,compilation]  776       3       java.io.ObjectInputStream$PeekInputStream::read (115 bytes)
[0.112s][info][jit,compilation]  779  s!   4       jdk.internal.loader.URLClassPath::getLoader (202 bytes)
[0.112s][info][jit,compilation]  780   !   4       jdk.internal.loader.URLClassPath$JarLoader::getResource (39 bytes)
[0.112s][info][jit,compilation]  774  s    3       java.io.BufferedInputStream::read (112 bytes)
[0.112s][info][jit,compilation]  781       4       java.util.ArrayList::get (15 bytes)
[0.112s][info][jit,compilation]  775       3       java.io.BufferedInputStream::ensureOpen (18 bytes)
[0.112s][info][jit,compilation]  771       3       java.lang.StringConcatHelper::doConcat (62 bytes)
[0.112s][info][jit,compilation]   61       3       java.util.ArrayList::get (15 bytes)   made not entrant: not used
[0.112s][info][jit,compilation]  786       3       java.lang.Class::descriptorString (137 bytes)
[0.113s][info][jit,compilation]  790     n 0       jdk.internal.misc.Unsafe::objectFieldOffset0 (native)   
[0.114s][info][jit,compilation]  784       1       java.io.ObjectStreamField::getOffset (5 bytes)
[0.114s][info][jit,compilation]  789       3       sun.invoke.util.Wrapper::forPrimitiveType (122 bytes)
[0.114s][info][jit,compilation]  792       4       java.lang.AbstractStringBuilder::needsNewBuffer (33 bytes)
[0.114s][info][jit,compilation]  788       3       java.lang.StringLatin1::getChar (9 bytes)
[0.114s][info][jit,compilation]  787       1       sun.invoke.util.Wrapper::basicTypeString (5 bytes)
[0.114s][info][jit,compilation]  783       1       java.io.ObjectStreamField::isUnshared (5 bytes)
[0.114s][info][jit,compilation]  772       3       java.lang.Class::getReflectionFactory (18 bytes)
[0.114s][info][jit,compilation]  782       3       java.lang.StringConcatHelper::prepend (62 bytes)
[0.114s][info][jit,compilation]  207       3       java.lang.AbstractStringBuilder::needsNewBuffer (33 bytes)   made not entrant: not used
[0.114s][info][jit,compilation]  791       3       java.lang.Number::<init> (5 bytes)
[0.114s][info][jit,compilation]  798       3       jdk.internal.classfile.impl.AbstractElement::<init> (5 bytes)
[0.114s][info][jit,compilation]  785       3       java.lang.invoke.MemberName::isStatic (8 bytes)
[0.114s][info][jit,compilation]  793       3       java.lang.reflect.Modifier::isPublic (12 bytes)
[0.114s][info][jit,compilation]  796       3       java.lang.invoke.MemberName::getModifiers (8 bytes)
[0.114s][info][jit,compilation]  794       3       jdk.internal.util.ReferencedKeyMap::entryKey (33 bytes)
[0.115s][info][jit,compilation]  795       3       jdk.internal.util.WeakReferenceKey::<init> (15 bytes)
[0.115s][info][jit,compilation]  801       1       jdk.internal.classfile.impl.AbstractPoolEntry$MethodRefEntryImpl::tag (3 bytes)
[0.115s][info][jit,compilation]  797       1       java.lang.invoke.DirectMethodHandle::internalMemberName (5 bytes)
[0.115s][info][jit,compilation]  799       1       jdk.internal.classfile.impl.BufWriterImpl::thisClass (5 bytes)
[0.115s][info][jit,compilation]  800       1       jdk.internal.classfile.impl.DirectMethodBuilder::methodName (5 bytes)
[0.115s][info][jit,compilation]  802       1       java.lang.invoke.MethodHandleImpl::isCompileConstant (2 bytes)
[0.115s][info][jit,compilation]  803     n 0       jdk.internal.reflect.Reflection::getCallerClass (native)   (static)
[0.115s][info][jit,compilation]  805       3       jdk.internal.classfile.impl.BufWriterImpl::writeU1U2 (50 bytes)
[0.115s][info][jit,compilation]  806       3       jdk.internal.constant.MethodTypeDescImpl::parameterType (7 bytes)
[0.115s][info][jit,compilation]  807       3       jdk.internal.classfile.impl.SplitConstantPool::maybeCloneUtf8Entry (65 bytes)
[0.115s][info][jit,compilation]  813       4       java.lang.StringCoding::countNonZeroAsciiLatin1 (33 bytes)
[0.115s][info][jit,compilation]  811       3       java.lang.Class::cast (27 bytes)
[0.115s][info][jit,compilation]  810       3       jdk.internal.classfile.impl.StackMapGenerator$Frame::pushStack (27 bytes)
[0.116s][info][jit,compilation]  812       3       jdk.internal.classfile.impl.StackMapGenerator$Frame::checkLocal (97 bytes)
[0.116s][info][jit,compilation]  804       3       jdk.internal.classfile.impl.AbstractPoolEntry$AbstractRefsEntry::<init> (37 bytes)
[0.116s][info][jit,compilation]  808       3       jdk.internal.classfile.impl.SplitConstantPool::classEntry (68 bytes)
[0.116s][info][jit,compilation]  809       3       jdk.internal.classfile.impl.SplitConstantPool::classEntryForClassOrInterface (111 bytes)
[0.116s][info][jit,compilation]  816       3       java.lang.Class::searchFields (43 bytes)
[0.116s][info][jit,compilation]  431       4       java.util.HashMap::resize (356 bytes)   made not entrant: uncommon trap
[0.116s][info][jit,compilation]  815       3       java.lang.Class::reflectionData (43 bytes)
[0.117s][info][jit,compilation]  818   !   3       java.io.ObjectInputStream$BlockDataInputStream::readUTFSpan (472 bytes)
[0.117s][info][jit,compilation]  550       3       java.lang.StringCoding::countNonZeroAsciiLatin1 (33 bytes)   made not entrant: not used
[0.117s][info][jit,compilation]  820       3       java.io.ObjectInputStream$PeekInputStream::read (47 bytes)
[0.117s][info][jit,compilation]  819       3       java.lang.invoke.VarHandleGuards::guard_LI_I (78 bytes)
[0.117s][info][jit,compilation]  825     n 0       java.lang.invoke.MethodHandle::invokeBasic(LLI)I (native)   
[0.117s][info][jit,compilation]  822       3       java.lang.invoke.VarHandle::checkAccessModeThenIsDirect (29 bytes)
[0.118s][info][jit,compilation]  823       3       java.lang.invoke.VarForm::getMemberName (38 bytes)
[0.118s][info][jit,compilation]  821       3       java.lang.AbstractStringBuilder::ensureCapacitySameCoder (26 bytes)
[0.118s][info][jit,compilation]  824       3       java.lang.StringBuilder::<init> (6 bytes)
[0.118s][info][jit,compilation]  827       3       java.io.ObjectStreamField::<init> (64 bytes)
[0.118s][info][jit,compilation]  826       3       java.lang.reflect.AccessibleObject::<init> (5 bytes)
[0.118s][info][jit,compilation]  817       3       java.lang.invoke.MemberName::getMethodOrFieldType (72 bytes)
[0.118s][info][jit,compilation]  829       3       java.lang.Long::valueOf (40 bytes)
[0.118s][info][jit,compilation]  828       3       jdk.internal.misc.Unsafe::objectFieldOffset (18 bytes)
[0.118s][info][jit,compilation]  814       1       java.lang.invoke.LambdaForm$Name::index (5 bytes)
[0.118s][info][jit,compilation]  830       3       java.lang.Class::privateGetDeclaredFields (56 bytes)
[0.119s][info][jit,compilation]  831       3       java.lang.Throwable::<init> (48 bytes)
[0.119s][info][jit,compilation]  832  s    3       java.lang.Throwable::fillInStackTrace (29 bytes)
[0.119s][info][jit,compilation]  833       3       java.lang.ReflectiveOperationException::<init> (6 bytes)
[0.119s][info][jit,compilation]  834       3       java.lang.Exception::<init> (6 bytes)
[0.119s][info][jit,compilation]  835     n 0       jdk.internal.misc.Unsafe::putBoolean (native)   
[0.119s][info][jit,compilation]  836     n 0       jdk.internal.misc.Unsafe::shouldBeInitialized0 (native)   
[0.119s][info][jit,compilation]  837       1       java.io.ObjectInputStream$BlockDataInputStream::getBlockDataMode (5 bytes)
[0.119s][info][jit,compilation]  838       1       java.lang.ClassValue$ClassValueMap::getCache (5 bytes)
[0.119s][info][jit,compilation]  839       1       java.lang.invoke.MethodType::rtype (5 bytes)
[0.119s][info][jit,compilation]  840       3       java.lang.Class::searchMethods (104 bytes)
[0.120s][info][jit,compilation]  841       3       java.lang.invoke.MethodHandles$Lookup::checkAccess (200 bytes)
[0.120s][info][jit,compilation]  848       4       java.lang.StringLatin1::indexOf (17 bytes)
[0.120s][info][jit,compilation]  844       3       java.lang.invoke.MethodType::genericMethodType (95 bytes)
[0.120s][info][jit,compilation]  843       3       java.lang.invoke.MethodType::parameterSlotCount (8 bytes)
[0.120s][info][jit,compilation]  842       3       java.lang.Class::getDeclaredMethod (42 bytes)
[0.120s][info][jit,compilation]   22       3       java.lang.StringLatin1::indexOf (17 bytes)   made not entrant: not used
[0.120s][info][jit,compilation]  845       1       java.io.ObjectInputStream$PeekInputStream::getBytesRead (5 bytes)
[0.120s][info][jit,compilation]  846       1       jdk.internal.event.DeserializationEvent::shouldCommit (2 bytes)
[0.121s][info][jit,compilation]  847       1       java.lang.reflect.Method::getModifiers (5 bytes)
[0.121s][info][jit,compilation]  849       1       java.security.CodeSource::getLocation (5 bytes)
[0.122s][info][jit,compilation]  780   !   4       jdk.internal.loader.URLClassPath$JarLoader::getResource (39 bytes)   made not entrant: marked for deoptimization
[0.122s][info][jit,compilation]  561       3       jdk.internal.loader.URLClassPath$JarLoader::findResource (17 bytes)   made not entrant: marked for deoptimization
[0.122s][info][jit,compilation]  850       3       java.lang.Math::clamp (49 bytes)
[0.122s][info][jit,compilation]  851   !   4       jdk.internal.loader.URLClassPath$JarLoader::getResource (39 bytes)
[0.122s][info][jit,compilation]  852   !   4       java.util.jar.JarFile::isMultiRelease (33 bytes)
[0.122s][info][jit,compilation]  853       4       java.util.jar.JarFile::getJarEntry (9 bytes)
[0.123s][info][jit,compilation]  506       3       java.util.jar.JarFile::getJarEntry (9 bytes)   made not entrant: not used
[0.124s][info][jit,compilation]  854       1       java.lang.NamedPackage::module (5 bytes)
[0.124s][info][jit,compilation]  855  s    3       jdk.internal.ref.CleanerImpl$CleanableList::remove (211 bytes)
[0.124s][info][jit,compilation]  856       3       java.lang.ref.Reference::clear (5 bytes)
[0.124s][info][jit,compilation]  857       3       java.lang.ref.PhantomReference::clearImpl (5 bytes)
[0.124s][info][jit,compilation]  858       3       java.net.URL::toString (5 bytes)
[0.124s][info][jit,compilation]  859       3       java.net.URL::toExternalForm (9 bytes)
[0.124s][info][jit,compilation]  860       3       java.net.URLStreamHandler::toExternalForm (156 bytes)
[0.125s][info][jit,compilation]  504   !   3       java.util.jar.JarFile::isMultiRelease (33 bytes)   made not entrant: not used
[0.125s][info][jit,compilation]  861       3       java.lang.ClassLoader::checkName (37 bytes)
[0.125s][info][jit,compilation]  863       4       java.util.BitSet::checkInvariants (111 bytes)
[0.125s][info][jit,compilation]  866 %     4       sun.net.www.ParseUtil::firstEncodeIndex @ 7 (86 bytes)
[0.125s][info][jit,compilation]  515       3       java.util.BitSet::checkInvariants (111 bytes)   made not entrant: not used
[0.125s][info][jit,compilation]  864       3       jdk.internal.ref.PhantomCleanable::clean (20 bytes)
[0.125s][info][jit,compilation]  873       3       java.util.WeakHashMap::remove (131 bytes)
[0.125s][info][jit,compilation]  867   !   3       java.util.zip.ZipCoder$UTF8ZipCoder::compare (73 bytes)
[0.125s][info][jit,compilation]  868       3       java.util.Arrays::mismatch (69 bytes)
[0.126s][info][jit,compilation]  869   !   3       java.util.zip.ZipFile$CleanableResource::getInflater (47 bytes)
[0.126s][info][jit,compilation]  870       3       java.util.zip.ZipFile$ZipFileInflaterInputStream::<init> (46 bytes)
[0.126s][info][jit,compilation]  871       3       java.util.zip.InflaterInputStream::<init> (70 bytes)
[0.126s][info][jit,compilation]  872       3       java.util.zip.ZipFile$InflaterCleanupAction::<init> (15 bytes)
[0.126s][info][jit,compilation]  862       3       java.nio.Buffer::hasRemaining (17 bytes)
[0.126s][info][jit,compilation]  865       3       jdk.internal.ref.CleanerImpl$PhantomCleanableRef::performCleanup (10 bytes)
[0.126s][info][jit,compilation]  874       4       java.util.jar.JarFile::getVersionedEntry (114 bytes)
[0.126s][info][jit,compilation]  875   !   3       java.net.URL::<init> (523 bytes)
[0.126s][info][jit,compilation]  876       4       java.lang.Integer::hashCode (8 bytes)
[0.127s][info][jit,compilation]  513       3       java.lang.Integer::hashCode (8 bytes)   made not entrant: not used
[0.127s][info][jit,compilation]  877   !   4       java.util.zip.ZipFile::getMetaInfVersions (44 bytes)
[0.127s][info][jit,compilation]  879       4       java.util.BitSet::length (37 bytes)
[0.127s][info][jit,compilation]  565       3       java.util.BitSet::length (37 bytes)   made not entrant: not used
[0.127s][info][jit,compilation]  880       4       java.lang.String::indexOf (41 bytes)
[0.128s][info][jit,compilation]   27       3       java.lang.String::indexOf (41 bytes)   made not entrant: not used
[0.128s][info][jit,compilation]  878       3       jdk.internal.loader.URLClassPath::getResource (71 bytes)
[0.128s][info][jit,compilation]  881   !   3       java.util.zip.Inflater::needsInput (55 bytes)
[0.128s][info][jit,compilation]  882   !   3       java.util.zip.Inflater::inflate (456 bytes)
[0.128s][info][jit,compilation]  883       4       jdk.internal.misc.Unsafe::putReferenceRelease (9 bytes)
[0.128s][info][jit,compilation]  584       3       jdk.internal.misc.Unsafe::putReferenceRelease (9 bytes)   made not entrant: not used
[0.129s][info][jit,compilation]  884       4       java.util.HashMap::getOrDefault (19 bytes)
[0.129s][info][jit,compilation]  886       3       java.util.zip.ZipFile$ZipFileInputStream::<init> (119 bytes)
[0.129s][info][jit,compilation]  887       3       java.util.zip.ZipFile$ZipFileInflaterInputStream::<init> (14 bytes)
[0.130s][info][jit,compilation]  888       3       java.io.UnixFileSystem::resolve (110 bytes)
[0.130s][info][jit,compilation]  566   !   3       java.util.zip.ZipFile::getMetaInfVersions (44 bytes)   made not entrant: not used
[0.130s][info][jit,compilation]  889       3       java.io.UnixFileSystem::trimSeparator (33 bytes)
[0.130s][info][jit,compilation]  885       4       java.util.BitSet::previousSetBit (117 bytes)
[0.130s][info][jit,compilation]  890       3       jdk.internal.loader.BuiltinClassLoader::hasClassPath (13 bytes)
[0.131s][info][jit,compilation]  891     n 0       java.lang.ClassLoader::defineClass1 (native)   (static)
[0.131s][info][jit,compilation]  892       3       sun.net.www.protocol.file.Handler::parseURL (18 bytes)
[0.131s][info][jit,compilation]  517       3       java.util.HashMap::getOrDefault (19 bytes)   made not entrant: not used
[0.131s][info][jit,compilation]  567       3       java.util.BitSet::previousSetBit (117 bytes)   made not entrant: not used
[0.131s][info][jit,compilation]  893       3       java.net.URLStreamHandler::parseURL (1130 bytes)
[0.131s][info][jit,compilation]  516       3       java.util.jar.JarFile::getVersionedEntry (114 bytes)   made not entrant: not used
[0.133s][info][jit,compilation]  903       4       sun.net.www.ParseUtil::firstEncodeIndex (86 bytes)
[0.134s][info][jit,compilation]   30       3       sun.net.www.ParseUtil::firstEncodeIndex (86 bytes)   made not entrant: not used
[0.135s][info][jit,compilation]  904       4       java.lang.AbstractStringBuilder::append (100 bytes)
[0.135s][info][jit,compilation]  906     n 0       java.lang.invoke.MethodHandle::linkToInterface(LL)J (native)   (static)
[0.135s][info][jit,compilation]  902       3       java.lang.String::indexOf (65 bytes)
[0.135s][info][jit,compilation]  907     n 0       java.lang.invoke.MethodHandle::linkToStatic(JL)L (native)   (static)
[0.136s][info][jit,compilation]  908     n 0       java.lang.invoke.MethodHandle::invokeBasic(L)J (native)   
[0.136s][info][jit,compilation]  909     n 0       java.lang.invoke.MethodHandle::linkToSpecial(LLL)J (native)   (static)
[0.136s][info][jit,compilation]  898       3       java.net.URL::<init> (8 bytes)
[0.136s][info][jit,compilation]  910       4       java.lang.invoke.MethodType::parameterCount (6 bytes)
[0.136s][info][jit,compilation]  896       3       java.net.URLStreamHandler::setURL (156 bytes)
[0.136s][info][jit,compilation]  526       3       java.lang.invoke.MethodType::parameterCount (6 bytes)   made not entrant: not used
[0.136s][info][jit,compilation]  897   !   3       java.net.URL::set (114 bytes)
[0.136s][info][jit,compilation]  915     n 0       java.lang.invoke.MethodHandle::invokeBasic(J)L (native)   
[0.136s][info][jit,compilation]  916     n 0       java.lang.invoke.MethodHandle::linkToSpecial(LJL)L (native)   (static)
[0.136s][info][jit,compilation]  895   !   3       jdk.internal.loader.URLClassPath$FileLoader::getResource (143 bytes)
[0.137s][info][jit,compilation]  911       1       java.lang.invoke.LambdaForm$BasicType::basicTypeKind (5 bytes)
[0.137s][info][jit,compilation]  912       1       java.lang.classfile.TypeKind::slotSize (5 bytes)
[0.137s][info][jit,compilation]  894       1       jdk.internal.loader.Resource::getByteBuffer (2 bytes)
[0.137s][info][jit,compilation]  899       1       java.util.jar.Manifest::getEntries (5 bytes)
[0.137s][info][jit,compilation]  900       1       java.util.jar.Manifest::getMainAttributes (5 bytes)
[0.137s][info][jit,compilation]  901       1       java.util.zip.ZipEntry::getCrc (5 bytes)
[0.137s][info][jit,compilation]  917       1       java.lang.invoke.LambdaForm$BasicType::basicTypeClass (5 bytes)
[0.137s][info][jit,compilation]  913       1       jdk.internal.classfile.impl.BufWriterImpl::constantPool (5 bytes)
[0.137s][info][jit,compilation]  914       1       jdk.internal.classfile.impl.AbstractAttributeMapper::name (5 bytes)
[0.137s][info][jit,compilation]  905       1       java.util.stream.AbstractPipeline::getStreamAndOpFlags (5 bytes)
[0.137s][info][jit,compilation]  918       1       java.lang.reflect.Field::getDeclaringClass (5 bytes)
[0.137s][info][jit,compilation]  919       3       java.lang.NoSuchFieldException::<init> (6 bytes)
[0.137s][info][jit,compilation]  921       3       jdk.internal.reflect.ReflectionFactory::copyField (11 bytes)
[0.137s][info][jit,compilation]  922       3       java.lang.reflect.ReflectAccess::copyField (5 bytes)
[0.137s][info][jit,compilation]  923       3       java.lang.reflect.Field::copy (88 bytes)
[0.137s][info][jit,compilation]  924       3       java.lang.reflect.Field::<init> (50 bytes)
[0.137s][info][jit,compilation]  920       3       java.lang.Class::getDeclaredField (36 bytes)
[0.137s][info][jit,compilation]  925       3       jdk.internal.classfile.impl.BufWriterImpl::writeU2U2 (61 bytes)
[0.137s][info][jit,compilation]  264       3       java.lang.AbstractStringBuilder::append (100 bytes)   made not entrant: not used
[0.137s][info][jit,compilation]  926       3       jdk.internal.misc.VM::isModuleSystemInited (13 bytes)
[0.138s][info][jit,compilation]  927       3       java.lang.invoke.MemberName$Factory::resolveOrFail (83 bytes)
[0.138s][info][jit,compilation]  928       3       java.lang.invoke.DirectMethodHandle::<init> (148 bytes)
[0.138s][info][jit,compilation]  931     n 0       java.lang.System::identityHashCode (native)   (static)
[0.139s][info][jit,compilation]  930       3       java.lang.invoke.MethodType::changeReturnType (20 bytes)
[0.139s][info][jit,compilation]  929       1       java.lang.Class::getModifiers (5 bytes)
[0.139s][info][jit,compilation]  932       3       jdk.internal.constant.ClassOrInterfaceDescImpl::equals (33 bytes)
[0.139s][info][jit,compilation]  933       3       java.lang.CharacterDataLatin1::toLowerCase (44 bytes)
[0.140s][info][jit,compilation]  445       4       java.lang.String::startsWith (123 bytes)   made not entrant: uncommon trap
[0.140s][info][jit,compilation]  934       1       java.lang.Enum::name (5 bytes)
[0.141s][info][jit,compilation]  935       3       java.lang.CharacterDataLatin1::getProperties (11 bytes)
[0.141s][info][jit,compilation]  936       3       java.lang.CharacterDataLatin1::toUpperCaseEx (71 bytes)
[0.141s][info][jit,compilation]  937       3       java.util.concurrent.ConcurrentHashMap::put (8 bytes)
[0.141s][info][jit,compilation]  938       4       java.lang.StringLatin1::canEncode (17 bytes)
[0.141s][info][jit,compilation]  939       1       sun.util.locale.BaseLocale::getLanguage (5 bytes)
[0.141s][info][jit,compilation]  940       3       java.lang.StringLatin1::toUpperCase (219 bytes)
[0.141s][info][jit,compilation]   17       3       java.lang.StringLatin1::canEncode (17 bytes)   made not entrant: not used
[0.141s][info][jit,compilation]  944       3       java.util.HashMap$HashIterator::<init> (84 bytes)
[0.141s][info][jit,compilation]  943       3       java.util.AbstractList::<init> (10 bytes)
[0.141s][info][jit,compilation]  947       3       java.util.Arrays::copyOf (10 bytes)
[0.141s][info][jit,compilation]  945       3       java.util.Locale::getLanguage (8 bytes)
[0.141s][info][jit,compilation]  941       3       java.lang.String::toUpperCase (29 bytes)
[0.141s][info][jit,compilation]  942       3       java.util.Objects::nonNull (10 bytes)
[0.141s][info][jit,compilation]  946       1       java.util.LinkedHashMap::removeEldestEntry (2 bytes)
[0.142s][info][jit,compilation]  948       3       java.util.concurrent.ConcurrentHashMap$Node::<init> (14 bytes)
[0.142s][info][jit,compilation]  949       3       java.util.ArrayList$Itr::hasNext (20 bytes)
[0.142s][info][jit,compilation]  950  s    3       java.util.Properties::put (10 bytes)
[0.142s][info][jit,compilation]  953       3       java.util.ArrayList$Itr::next (66 bytes)
[0.142s][info][jit,compilation]  955       3       java.lang.String::valueOf (15 bytes)
[0.142s][info][jit,compilation]  954       3       java.util.ArrayList$Itr::checkForComodification (23 bytes)
[0.142s][info][jit,compilation]  951       3       java.util.HashMap$EntryIterator::next (5 bytes)
[0.142s][info][jit,compilation]  952       3       java.util.HashMap$EntryIterator::next (5 bytes)
[0.142s][info][jit,compilation]  956       1       java.security.Provider$Service::getType (5 bytes)
[0.142s][info][jit,compilation]  957       1       java.security.Provider$Service::getAlgorithm (5 bytes)
[0.142s][info][jit,compilation]  958       1       java.security.Provider$Service::getAliases (5 bytes)
[0.142s][info][jit,compilation]  959       3       java.lang.invoke.VarHandleByteArrayAsShorts$ArrayHandle::index (12 bytes)
[0.142s][info][jit,compilation]  960       3       jdk.internal.misc.Unsafe::convEndian (16 bytes)
[0.143s][info][jit,compilation]  961       3       jdk.internal.misc.Unsafe::pick (12 bytes)
[0.143s][info][jit,compilation]  962       1       java.io.ClassCache$CacheRef::getStrong (5 bytes)
[0.143s][info][jit,compilation]  963       3       java.lang.invoke.LambdaForm$BasicType::basicType (187 bytes)
[0.143s][info][jit,compilation]  964     n 0       jdk.internal.misc.Unsafe::putShort (native)   
[0.143s][info][jit,compilation]  965       3       java.io.ObjectOutputStream$BlockDataOutputStream::writeByte (33 bytes)
[0.143s][info][jit,compilation]  967     n 0       jdk.internal.misc.Unsafe::getBoolean (native)   
[0.143s][info][jit,compilation]  966       3       java.lang.invoke.VarHandleGuards::guard_LII_V (135 bytes)
[0.143s][info][jit,compilation]  971     n 0       java.lang.invoke.MethodHandle::invokeBasic(LLII)V (native)   
[0.144s][info][jit,compilation]  972     n 0       jdk.internal.misc.Unsafe::getBooleanVolatile (native)   
[0.144s][info][jit,compilation]  970       3       jdk.internal.util.ByteArray::setBoolean (14 bytes)
[0.144s][info][jit,compilation]  973       3       java.lang.String::startsWith (123 bytes)
[0.144s][info][jit,compilation]  968       3       java.lang.Integer::rotateLeft (9 bytes)
[0.144s][info][jit,compilation]  974       4       java.lang.invoke.MethodType::parameterType (7 bytes)
[0.144s][info][jit,compilation]  969       3       java.io.ObjectOutputStream$HandleTable::hash (8 bytes)
[0.144s][info][jit,compilation]  975       3       jdk.internal.classfile.impl.AbstractDirectBuilder::<init> (26 bytes)
[0.144s][info][jit,compilation]  979       3       jdk.internal.classfile.impl.AttributeHolder::writeTo (41 bytes)
[0.144s][info][jit,compilation]  571       3       java.lang.invoke.MethodType::parameterType (7 bytes)   made not entrant: not used
[0.144s][info][jit,compilation]  976       3       jdk.internal.classfile.impl.AttributeHolder::<init> (17 bytes)
[0.144s][info][jit,compilation]  978       3       jdk.internal.classfile.impl.AbstractPoolEntry$AbstractNamedEntry::<init> (10 bytes)
[0.144s][info][jit,compilation]  977       3       jdk.internal.classfile.impl.DirectClassBuilder::constantPool (5 bytes)
[0.144s][info][jit,compilation]  980       3       java.lang.invoke.MemberName::flagsMods (45 bytes)
[0.145s][info][jit,compilation]  981       3       java.lang.invoke.MemberName::init (53 bytes)
[0.145s][info][jit,compilation]  982       3       java.lang.invoke.DirectMethodHandle::allocateInstance (16 bytes)
[0.145s][info][jit,compilation]  983       3       java.lang.invoke.DirectMethodHandle::constructorMethod (10 bytes)
[0.145s][info][jit,compilation]  984       3       sun.invoke.util.VerifyAccess::isClassAccessible (230 bytes)
[0.146s][info][jit,compilation]  985       1       java.lang.reflect.Method::getDeclaringClass (5 bytes)
[0.146s][info][jit,compilation]  986       3       java.lang.invoke.LambdaForm$Name::<init> (126 bytes)
[0.146s][info][jit,compilation]  987       3       jdk.internal.classfile.impl.AbstractPoolEntry$AbstractMemberRefEntry::<init> (12 bytes)
[0.146s][info][jit,compilation]  988       4       java.lang.StringLatin1::replace (197 bytes)
[0.146s][info][jit,compilation]  989       3       jdk.internal.classfile.impl.Util::checkFlags (7 bytes)
[0.146s][info][jit,compilation]  990       3       jdk.internal.classfile.impl.AbstractPoolEntry$NameAndTypeEntryImpl::<init> (12 bytes)
[0.146s][info][jit,compilation]  991       3       jdk.internal.classfile.impl.AbstractPoolEntry$AbstractRefsEntry::writeTo (27 bytes)
[0.146s][info][jit,compilation]  992       1       jdk.internal.util.ClassFileDumper::isEnabled (5 bytes)
[0.146s][info][jit,compilation]  993       1       java.lang.invoke.LambdaForm$Name::type (5 bytes)
[0.146s][info][jit,compilation]  994       3       sun.invoke.util.VerifyType::isNullConversion (157 bytes)
[0.147s][info][jit,compilation]  995       3       jdk.internal.classfile.impl.StackMapGenerator$Type::<init> (20 bytes)
[0.147s][info][jit,compilation]  997       3       jdk.internal.misc.Unsafe::getCharUnaligned (12 bytes)
[0.147s][info][jit,compilation]  998       3       jdk.internal.misc.Unsafe::getCharUnaligned (34 bytes)
[0.147s][info][jit,compilation] 1005       3       jdk.internal.classfile.impl.SplitConstantPool::tryFindClassOrInterface (138 bytes)
[0.147s][info][jit,compilation]  999       3       jdk.internal.misc.Unsafe::convEndian (16 bytes)
[0.147s][info][jit,compilation] 1000       3       java.lang.Character::reverseBytes (15 bytes)
[0.147s][info][jit,compilation]  996       3       java.lang.invoke.MethodType::insertParameterTypes (121 bytes)
[0.148s][info][jit,compilation] 1001       1       jdk.internal.classfile.impl.BufWriterImpl::getMajorVersion (5 bytes)
[0.148s][info][jit,compilation] 1002       1       jdk.internal.classfile.impl.RawBytecodeHelper$CodeRange::length (5 bytes)
[0.148s][info][jit,compilation] 1003       1       jdk.internal.classfile.impl.StackMapGenerator::maxStack (5 bytes)
[0.148s][info][jit,compilation] 1004       1       jdk.internal.classfile.impl.StackMapGenerator::maxLocals (5 bytes)
[0.150s][info][jit,compilation] 1006       3       java.lang.invoke.MethodHandles$Lookup::isClassAccessible (53 bytes)
[0.150s][info][jit,compilation] 1007     n 0       java.lang.invoke.MethodHandle::linkToStatic(LLLL)V (native)   (static)
[0.151s][info][jit,compilation] 1008       3       java.security.CodeSource::getCertificates (95 bytes)
[0.151s][info][jit,compilation] 1009   !   3       jdk.internal.loader.BuiltinClassLoader::loadClassOrNull (143 bytes)
[0.151s][info][jit,compilation]  590       3       java.lang.StringLatin1::replace (197 bytes)   made not entrant: not used
[0.151s][info][jit,compilation] 1014     n 0       java.io.FileInputStream::readBytes (native)   
[0.151s][info][jit,compilation] 1010       3       java.lang.ClassLoader::getClassLoadingLock (35 bytes)
[0.151s][info][jit,compilation] 1011       3       java.lang.ClassLoader::findLoadedClass (15 bytes)
[0.151s][info][jit,compilation] 1012       3       jdk.internal.loader.BuiltinClassLoader::findLoadedModule (33 bytes)
[0.152s][info][jit,compilation] 1013       3       jdk.internal.loader.BuiltinClassLoader::loadClassOrNull (7 bytes)
[0.152s][info][jit,compilation] 1015       3       sun.net.util.IPAddressUtil::checkAuth (45 bytes)
[0.153s][info][jit,compilation] 1016       3       java.io.File::<init> (111 bytes)
[0.153s][info][jit,compilation] 1017       3       java.io.FileInputStream::read (28 bytes)
[0.153s][info][jit,compilation] 1018       3       java.io.FileDescriptor::<init> (17 bytes)
[0.153s][info][jit,compilation] 1019       3       java.io.FileDescriptor::valid (25 bytes)
[0.153s][info][jit,compilation] 1020       3       java.io.FileCleanable::register (49 bytes)
[0.153s][info][jit,compilation] 1021       3       java.io.FileDescriptor$1::get (5 bytes)
[0.153s][info][jit,compilation] 1022       3       java.io.FileDescriptor$1::getHandle (5 bytes)
[0.153s][info][jit,compilation] 1023       3       java.io.FileCleanable::<init> (18 bytes)
[0.154s][info][jit,compilation] 1024  s    3       java.io.FileDescriptor::registerCleanup (27 bytes)
[0.154s][info][jit,compilation] 1025       3       java.lang.System$1::findBootstrapClassOrNull (5 bytes)
[0.154s][info][jit,compilation] 1026       3       java.lang.ClassLoader::findBootstrapClassOrNull (14 bytes)
[0.154s][info][jit,compilation] 1027       1       java.lang.reflect.Method::getReturnType (5 bytes)
[0.154s][info][jit,compilation] 1028       3       java.util.HashMap::resize (356 bytes)
[0.155s][info][jit,compilation] 1031       4       jdk.internal.classfile.impl.SplitConstantPool::map (161 bytes)
[0.155s][info][jit,compilation] 1032       3       jdk.internal.classfile.impl.AttributeHolder::withAttribute (124 bytes)
[0.155s][info][jit,compilation] 1035       3       jdk.internal.classfile.impl.Util::methodTypeSymbol (8 bytes)
[0.155s][info][jit,compilation] 1036       3       jdk.internal.classfile.impl.AbstractPoolEntry$Utf8EntryImpl::methodTypeSymbol (34 bytes)
[0.155s][info][jit,compilation] 1033       3       jdk.internal.classfile.impl.AbstractPoolEntry$AbstractMemberRefEntry::nameAndType (5 bytes)
[0.155s][info][jit,compilation] 1034       3       jdk.internal.classfile.impl.AbstractPoolEntry$AbstractMemberRefEntry::nameAndType (8 bytes)
[0.155s][info][jit,compilation] 1040       3       java.lang.reflect.Modifier::isStatic (13 bytes)
[0.155s][info][jit,compilation] 1038       1       jdk.internal.classfile.impl.StackMapDecoder$StackMapFrameImpl::locals (5 bytes)
[0.155s][info][jit,compilation] 1039       1       jdk.internal.classfile.impl.StackMapDecoder$StackMapFrameImpl::target (5 bytes)
[0.155s][info][jit,compilation] 1030       3       java.util.ArrayList::<init> (12 bytes)
[0.155s][info][jit,compilation] 1041       3       jdk.internal.classfile.impl.AbstractPoolEntry$ClassEntryImpl::hashCode (37 bytes)
[0.155s][info][jit,compilation] 1042       3       jdk.internal.classfile.impl.Util::parameterSlots (39 bytes)
[0.155s][info][jit,compilation] 1046       3       java.util.ImmutableCollections$ListItr::hasNext (17 bytes)
[0.155s][info][jit,compilation] 1047       3       jdk.internal.classfile.impl.DirectCodeBuilder::labelToBci (27 bytes)
[0.155s][info][jit,compilation] 1029       3       java.lang.Module::isNamed (13 bytes)
[0.155s][info][jit,compilation] 1037       1       jdk.internal.classfile.impl.AbstractPseudoInstruction$ExceptionCatchImpl::catchTypeEntry (5 bytes)
[0.155s][info][jit,compilation] 1045       3       jdk.internal.classfile.impl.AbstractPoolEntry$ClassEntryImpl::<init> (22 bytes)
[0.155s][info][jit,compilation] 1044       3       jdk.internal.classfile.impl.DirectCodeBuilder::curPc (8 bytes)
[0.156s][info][jit,compilation] 1043       3       jdk.internal.classfile.impl.LabelImpl::<init> (15 bytes)
[0.156s][info][jit,compilation] 1048       1       jdk.internal.classfile.impl.AbstractPoolEntry$FieldRefEntryImpl::tag (3 bytes)
[0.156s][info][jit,compilation] 1049       3       jdk.internal.classfile.impl.DirectMethodBuilder::methodTypeSymbol (8 bytes)
[0.156s][info][jit,compilation] 1050       3       java.util.List::copyOf (5 bytes)
[0.156s][info][jit,compilation] 1051       3       java.util.ImmutableCollections::listCopy (54 bytes)
[0.156s][info][jit,compilation] 1052       3       jdk.internal.classfile.impl.Util::sanitizeU2List (19 bytes)
[0.156s][info][jit,compilation]  525       3       jdk.internal.classfile.impl.SplitConstantPool::map (161 bytes)   made not entrant: not used
[0.156s][info][jit,compilation] 1053       3       jdk.internal.classfile.impl.RawBytecodeHelper::getU2Unchecked (21 bytes)
[0.156s][info][jit,compilation] 1054       3       jdk.internal.classfile.impl.RawBytecodeHelper::getIndexU2 (11 bytes)
[0.156s][info][jit,compilation] 1055       3       java.lang.ClassLoader::loadClass (7 bytes)
[0.156s][info][jit,compilation] 1056       3       jdk.internal.loader.BuiltinClassLoader::loadClass (22 bytes)
[0.156s][info][jit,compilation] 1057       4       java.util.concurrent.ConcurrentHashMap::setTabAt (19 bytes)
[0.156s][info][jit,compilation] 1058       3       jdk.internal.loader.ClassLoaders$BootClassLoader::loadClassOrNull (10 bytes)
[0.157s][info][jit,compilation] 1059       3       jdk.internal.loader.BuiltinClassLoader::defineClass (121 bytes)
[0.157s][info][jit,compilation]  585       3       java.util.concurrent.ConcurrentHashMap::setTabAt (19 bytes)   made not entrant: not used
[0.157s][info][jit,compilation] 1061   !   3       jdk.internal.loader.Resource::getBytes (170 bytes)
[0.157s][info][jit,compilation] 1060       3       jdk.internal.loader.ClassLoaders$AppClassLoader::defineOrCheckPackage (8 bytes)
[0.157s][info][jit,compilation] 1062       3       java.lang.reflect.Executable::<init> (5 bytes)
[0.157s][info][jit,compilation] 1063       3       java.util.ImmutableCollections$ListN::get (7 bytes)
[0.157s][info][jit,compilation] 1064       3       java.util.LinkedHashMap::newNode (23 bytes)
[0.157s][info][jit,compilation] 1065       3       java.util.LinkedHashMap$Entry::<init> (10 bytes)
[0.157s][info][jit,compilation] 1066       3       jdk.internal.reflect.ReflectionFactory::getExecutableSharedParameterTypes (11 bytes)
[0.157s][info][jit,compilation] 1067       3       java.lang.invoke.MethodType::basicType (8 bytes)
[0.158s][info][jit,compilation] 1068       3       java.util.LinkedHashMap::get (29 bytes)
[0.158s][info][jit,compilation] 1069       1       java.lang.reflect.Constructor::getModifiers (5 bytes)
[0.158s][info][jit,compilation] 1070       1       java.lang.reflect.Constructor::getDeclaringClass (5 bytes)
[0.158s][info][jit,compilation] 1071       3       java.lang.invoke.MethodTypeForm::cachedLambdaForm (23 bytes)
[0.158s][info][jit,compilation] 1072       3       java.lang.invoke.DirectMethodHandle::internalMemberName (8 bytes)
[0.158s][info][jit,compilation] 1073       3       java.util.LinkedHashMap$LinkedHashIterator::hasNext (13 bytes)
[0.158s][info][jit,compilation] 1074     n 0       java.lang.Class::forName0 (native)   (static)
[0.159s][info][jit,compilation] 1075       3       java.lang.invoke.MemberName::changeReferenceKind (46 bytes)
[0.159s][info][jit,compilation] 1076       3       java.util.HashMap::putIfAbsent (13 bytes)
[0.159s][info][jit,compilation] 1077       3       java.util.LinkedHashMap::afterNodeInsertion (40 bytes)
[0.159s][info][jit,compilation] 1078       3       jdk.internal.access.SharedSecrets::getJavaLangAccess (4 bytes)
[0.159s][info][jit,compilation] 1079       1       java.lang.reflect.Constructor::getSharedParameterTypes (5 bytes)
[0.159s][info][jit,compilation] 1080       3       sun.invoke.util.BytecodeDescriptor::nextNonIdentifier (44 bytes)
[0.159s][info][jit,compilation] 1083     n 0       jdk.internal.reflect.ConstantPool::getUTF8At0 (native)   
[0.159s][info][jit,compilation] 1082       3       java.lang.invoke.Invokers::checkExactType (17 bytes)
[0.159s][info][jit,compilation] 1081       1       jdk.internal.loader.AbstractClassLoaderValue$Sub::parent (5 bytes)
[0.159s][info][jit,compilation] 1084       1       java.lang.Class::getAnnotationType (5 bytes)
[0.160s][info][jit,compilation] 1085       1       org.weakref.nitro.function.scalar.ScalarDescriptor::name (5 bytes)
[0.160s][info][jit,compilation] 1086       3       java.nio.Buffer::nextGetIndex (32 bytes)
[0.160s][info][jit,compilation] 1087       3       java.nio.HeapByteBuffer::byteOffset (7 bytes)
[0.160s][info][jit,compilation] 1088       3       java.nio.HeapByteBuffer::getShort (29 bytes)
[0.160s][info][jit,compilation] 1090     n 0       jdk.internal.misc.Unsafe::ensureClassInitialized0 (native)   
[0.160s][info][jit,compilation] 1089   !   3       jdk.internal.misc.ScopedMemoryAccess::getShortUnaligned (18 bytes)
[0.160s][info][jit,compilation] 1091       3       java.lang.invoke.DirectMethodHandle$Constructor::<init> (44 bytes)
[0.160s][info][jit,compilation] 1092     n 0       java.lang.invoke.MethodHandleNatives::init (native)   (static)
[0.161s][info][jit,compilation] 1093       3       java.security.SecureClassLoader$CodeSourceKey::equals (60 bytes)
[0.161s][info][jit,compilation] 1095       3       java.util.jar.JarFile::maybeInstantiateVerifier (42 bytes)
[0.161s][info][jit,compilation] 1094       3       java.security.CodeSource::matchCerts (254 bytes)
[0.162s][info][jit,compilation] 1096       3       java.lang.ref.SoftReference::<init> (13 bytes)
[0.162s][info][jit,compilation] 1097       3       java.lang.invoke.DirectMethodHandle::preparedLambdaForm (31 bytes)
[0.162s][info][jit,compilation] 1098       3       java.lang.invoke.MethodHandle::isBuiltinLoader (24 bytes)
[0.162s][info][jit,compilation] 1099       3       java.util.LinkedHashMap$LinkedHashIterator::nextNode (68 bytes)
[0.162s][info][jit,compilation] 1100       3       java.lang.invoke.DirectMethodHandle::preparedLambdaForm (238 bytes)
[0.164s][info][jit,compilation] 1101   !   3       java.util.concurrent.ConcurrentHashMap::computeIfAbsent (576 bytes)
[0.165s][info][jit,compilation] 1103       4       java.lang.String::isEmpty (14 bytes)
[0.165s][info][jit,compilation] 1102       3       java.lang.invoke.MemberName::getType (19 bytes)
[0.165s][info][jit,compilation] 1104       3       java.lang.invoke.DirectMethodHandle::preparedLambdaForm (6 bytes)
[0.165s][info][jit,compilation] 1106       3       java.lang.invoke.MemberName::ensureTypeVisible (180 bytes)
[0.165s][info][jit,compilation]   26       3       java.lang.String::isEmpty (14 bytes)   made not entrant: not used
[0.166s][info][jit,compilation] 1109       3       jdk.internal.classfile.impl.AbstractPoolEntry$NameAndTypeEntryImpl::type (8 bytes)
[0.166s][info][jit,compilation] 1108       3       jdk.internal.classfile.impl.AbstractPoolEntry$AbstractRefEntry::<init> (24 bytes)
[0.166s][info][jit,compilation] 1110       3       jdk.internal.classfile.impl.BufWriterImpl::writeIndex (10 bytes)
[0.166s][info][jit,compilation] 1105       3       java.lang.invoke.InnerClassLambdaMetafactory::classDesc (25 bytes)
[0.166s][info][jit,compilation] 1116   !   3       sun.invoke.util.VerifyAccess::ensureTypeVisible (99 bytes)
[0.167s][info][jit,compilation] 1113       3       java.lang.invoke.MethodTypeForm::canonicalize (59 bytes)
[0.167s][info][jit,compilation] 1114       3       jdk.internal.util.ReferencedKeyMap::existingKey (32 bytes)
[0.167s][info][jit,compilation] 1117       3       sun.nio.fs.UnixPath::<init> (15 bytes)
[0.167s][info][jit,compilation] 1115       3       jdk.internal.util.ReferencedKeyMap::internKey (57 bytes)
[0.167s][info][jit,compilation] 1118       3       sun.nio.fs.UnixPath::toUnixPath (32 bytes)
[0.167s][info][jit,compilation] 1119       3       sun.nio.fs.UnixPath::isEmpty (14 bytes)
[0.167s][info][jit,compilation] 1124       3       jdk.internal.util.ArraysSupport::mismatch (71 bytes)
[0.167s][info][jit,compilation] 1120       3       jdk.internal.misc.Unsafe::checkSize (32 bytes)
[0.167s][info][jit,compilation] 1123       3       jdk.internal.misc.Unsafe::getLongUnaligned (173 bytes)
[0.167s][info][jit,compilation] 1127     n 0       java.lang.invoke.MethodHandle::linkToInterface(LLL)V (native)   (static)
[0.167s][info][jit,compilation] 1125       3       java.util.Comparators$NaturalOrderComparator::compare (13 bytes)
[0.168s][info][jit,compilation] 1126       3       java.util.Comparators$NaturalOrderComparator::compare (8 bytes)
[0.168s][info][jit,compilation] 1111       3       jdk.internal.classfile.impl.SplitConstantPool::nameAndTypeEntry (7 bytes)
[0.168s][info][jit,compilation] 1129       3       jdk.internal.classfile.impl.StackMapGenerator$Type::referenceType (12 bytes)
[0.168s][info][jit,compilation] 1128       3       jdk.internal.classfile.impl.StackMapGenerator$Frame::decStack (29 bytes)
[0.168s][info][jit,compilation] 1112       3       jdk.internal.classfile.impl.SplitConstantPool::nameAndTypeEntry (60 bytes)
[0.168s][info][jit,compilation] 1107       3       java.lang.invoke.LambdaForm::internArgument (85 bytes)
[0.168s][info][jit,compilation] 1121       1       java.util.concurrent.locks.AbstractQueuedLongSynchronizer::getState (5 bytes)
[0.168s][info][jit,compilation] 1122       1       java.util.concurrent.locks.ReentrantReadWriteLock::readLock (5 bytes)
[0.169s][info][jit,compilation] 1130       3       jdk.internal.constant.MethodTypeDescImpl::buildDescriptorString (205 bytes)
[0.169s][info][jit,compilation] 1134     n 0       java.lang.invoke.MethodHandle::linkToStatic(L)V (native)   (static)
[0.169s][info][jit,compilation] 1136     n 0       jdk.internal.misc.Unsafe::fullFence (native)   
[0.170s][info][jit,compilation] 1137   !   4       java.lang.ref.ReferenceQueue::poll (44 bytes)
[0.170s][info][jit,compilation] 1133       3       java.util.Arrays::fill (21 bytes)
[0.170s][info][jit,compilation] 1131       3       jdk.internal.classfile.impl.BufWriterImpl::setLabelContext (11 bytes)
[0.170s][info][jit,compilation] 1132       3       jdk.internal.classfile.impl.StackMapGenerator$Frame::pushStack (84 bytes)
[0.170s][info][jit,compilation] 1135       3       jdk.internal.classfile.impl.AbstractPoolEntry$AbstractRefEntry::writeTo (18 bytes)
[0.170s][info][jit,compilation]  111   !   3       java.lang.ref.ReferenceQueue::poll (44 bytes)   made not entrant: not used
[0.171s][info][jit,compilation] 1138     n 0       java.io.FileInputStream::open0 (native)   
[0.171s][info][jit,compilation] 1139       3       java.lang.invoke.MemberName::isCallerSensitive (8 bytes)
[0.171s][info][jit,compilation] 1140     n 0       java.lang.invoke.MethodHandle::linkToStatic(LL)J (native)   (static)
[0.172s][info][jit,compilation] 1141       3       java.util.ImmutableCollections$ListN::size (6 bytes)
[0.172s][info][jit,compilation] 1142       3       jdk.internal.util.DecimalDigits::stringSize (47 bytes)
[0.172s][info][jit,compilation] 1144       3       jdk.internal.classfile.impl.BufWriterImpl::<init> (39 bytes)
[0.172s][info][jit,compilation] 1146     n 0       java.lang.invoke.MethodHandle::linkToStatic(JLL)L (native)   (static)
[0.172s][info][jit,compilation] 1145   !   3       java.util.ImmutableCollections$ListItr::next (34 bytes)
[0.172s][info][jit,compilation] 1147       3       java.lang.invoke.MemberName::getName (25 bytes)
[0.172s][info][jit,compilation] 1149       3       jdk.internal.classfile.impl.RawBytecodeHelper$CodeRange::start (9 bytes)
[0.172s][info][jit,compilation] 1150       3       jdk.internal.classfile.impl.RawBytecodeHelper::<init> (10 bytes)
[0.172s][info][jit,compilation] 1148       3       jdk.internal.classfile.impl.Util::writeAttribute (67 bytes)
[0.172s][info][jit,compilation] 1151       3       java.lang.invoke.LambdaForm$NamedFunction::methodType (28 bytes)
[0.172s][info][jit,compilation] 1143       1       sun.invoke.util.Wrapper::basicClassDescriptor (5 bytes)
[0.173s][info][jit,compilation] 1152       3       jdk.internal.classfile.impl.SplitConstantPool::utf8Entry (25 bytes)
[0.173s][info][jit,compilation] 1153       3       jdk.internal.constant.MethodTypeDescImpl::descriptorString (16 bytes)
[0.173s][info][jit,compilation] 1154       3       java.lang.invoke.MethodHandleNatives::refKindIsField (32 bytes)
[0.173s][info][jit,compilation] 1155       3       java.util.ArrayList::<init> (61 bytes)
[0.173s][info][jit,compilation] 1156       3       java.util.concurrent.ConcurrentHashMap$BaseIterator::hasNext (13 bytes)
[0.173s][info][jit,compilation]  762       4       jdk.internal.util.ArraysSupport::mismatch (103 bytes)   made not entrant: uncommon trap
[0.173s][info][jit,compilation] 1157       3       java.lang.invoke.LambdaForm$Name::replaceNames (175 bytes)
[0.174s][info][jit,compilation] 1158     n 0       java.io.FileDescriptor::close0 (native)   
[0.174s][info][jit,compilation] 1159     n 0       java.lang.invoke.MethodHandle::linkToStatic(JJJJL)J (native)   (static)
[0.174s][info][jit,compilation] 1160       3       java.lang.invoke.LambdaForm::parameter (38 bytes)
[0.174s][info][jit,compilation] 1161       3       jdk.internal.classfile.impl.AbstractPoolEntry$ClassEntryImpl::asSymbol (53 bytes)
[0.174s][info][jit,compilation] 1163       4       jdk.internal.classfile.impl.BufWriterImpl::reserveSpace (22 bytes)
[0.175s][info][jit,compilation] 1165     n 0       java.lang.invoke.MethodHandle::linkToInterface(LJJL)L (native)   (static)
[0.175s][info][jit,compilation] 1169     n 0       java.lang.invoke.MethodHandle::linkToInterface(LJLL)L (native)   (static)
[0.175s][info][jit,compilation] 1170       4       jdk.internal.classfile.impl.SplitConstantPool::entryByIndex (59 bytes)
[0.175s][info][jit,compilation] 1171     n 0       java.lang.invoke.MethodHandle::linkToStatic(LJLL)V (native)   (static)
[0.175s][info][jit,compilation] 1166       3       java.lang.invoke.InvokerBytecodeGenerator::classDesc (88 bytes)
[0.175s][info][jit,compilation]  527       3       jdk.internal.classfile.impl.BufWriterImpl::reserveSpace (22 bytes)   made not entrant: not used
[0.175s][info][jit,compilation] 1173       4       jdk.internal.constant.MethodTypeDescImpl::parameterCount (6 bytes)
[0.175s][info][jit,compilation] 1174     n 0       java.lang.invoke.MethodHandle::linkToStatic(JJL)J (native)   (static)
[0.175s][info][jit,compilation] 1162       3       jdk.internal.classfile.impl.DirectCodeBuilder::aload (32 bytes)
[0.175s][info][jit,compilation]  647       3       jdk.internal.constant.MethodTypeDescImpl::parameterCount (6 bytes)   made not entrant: not used
[0.175s][info][jit,compilation] 1164   !   3       java.lang.invoke.MemberName$Factory::resolve (159 bytes)
[0.175s][info][jit,compilation] 1175     n 0       java.lang.invoke.MethodHandle::linkToVirtual(LL)L (native)   (static)
[0.175s][info][jit,compilation]  543       3       jdk.internal.classfile.impl.SplitConstantPool::entryByIndex (59 bytes)   made not entrant: not used
[0.175s][info][jit,compilation] 1167       3       jdk.internal.classfile.impl.BufWriterImpl::writeU2U2U2 (89 bytes)
[0.176s][info][jit,compilation] 1168       3       jdk.internal.classfile.impl.BufWriterImpl::skip (22 bytes)
[0.176s][info][jit,compilation] 1172       3       jdk.internal.classfile.impl.AbstractDirectBuilder::writeAttribute (20 bytes)
[0.176s][info][jit,compilation] 1176     n 0       java.lang.invoke.MethodHandle::linkToStatic(LLJL)I (native)   (static)
[0.176s][info][jit,compilation] 1177       3       jdk.internal.util.ArraysSupport::vectorizedMismatch (268 bytes)
[0.176s][info][jit,compilation] 1178       3       jdk.internal.util.ArraysSupport::mismatch (103 bytes)
[0.178s][info][jit,compilation] 1179   !   3       jdk.internal.loader.BuiltinClassLoader::findClassOnClassPathOrNull (38 bytes)
[0.178s][info][jit,compilation] 1180       3       java.util.zip.ZipFile$ZipFileInflaterInputStream::fill (80 bytes)
[0.178s][info][jit,compilation] 1181   !   3       java.util.zip.ZipFile$ZipFileInputStream::read (135 bytes)
[0.178s][info][jit,compilation] 1182       3       java.util.zip.ZipFile::ensureOpenOrZipException (19 bytes)
[0.178s][info][jit,compilation] 1183       3       java.util.zip.ZipFile$ZipFileInputStream::initDataOffset (117 bytes)
[0.179s][info][jit,compilation] 1184       3       java.util.zip.ZipUtils::LOCNAM (7 bytes)
[0.179s][info][jit,compilation] 1185       3       java.util.zip.ZipUtils::LOCEXT (7 bytes)
[0.179s][info][jit,compilation] 1186   !   3       java.util.zip.ZipFile$Source::readAt (39 bytes)
[0.179s][info][jit,compilation] 1187   !   3       java.util.zip.Inflater::setInput (56 bytes)
[0.179s][info][jit,compilation] 1188   !   3       java.util.zip.ZipFile$ZipFileInflaterInputStream::close (67 bytes)
[0.179s][info][jit,compilation] 1189       3       java.util.zip.InflaterInputStream::close (34 bytes)
[0.179s][info][jit,compilation] 1190       3       java.util.zip.ZipFile$InflaterCleanupAction::run (12 bytes)
[0.179s][info][jit,compilation] 1191   !   3       java.util.zip.ZipFile$CleanableResource::releaseInflater (53 bytes)
[0.179s][info][jit,compilation] 1192       3       java.util.jar.Attributes::getValue (9 bytes)
[0.179s][info][jit,compilation] 1193       3       java.util.jar.Attributes::get (11 bytes)
[0.182s][info][jit,compilation]  425       3       java.lang.ThreadLocal::get (35 bytes)   made not entrant: marked for deoptimization
[0.182s][info][jit,compilation] 1194       3       jdk.internal.jimage.ImageStringsReader::unmaskedHashCode (166 bytes)
[0.182s][info][jit,compilation] 1196       3       jdk.internal.jimage.ImageLocation::readValue (61 bytes)
[0.183s][info][jit,compilation] 1199       3       jdk.internal.loader.URLClassPath$JarLoader::findResource (17 bytes)
[0.183s][info][jit,compilation] 1198       3       java.util.concurrent.ConcurrentHashMap$Traverser::advance (188 bytes)
[0.183s][info][jit,compilation]  257       4       java.lang.StringLatin1::indexOf (121 bytes)   made not entrant: uncommon trap
[0.183s][info][jit,compilation] 1197       3       java.util.concurrent.ConcurrentHashMap$ValueIterator::next (34 bytes)
[0.183s][info][jit,compilation] 1200       3       java.lang.StringLatin1::indexOf (121 bytes)
[0.183s][info][jit,compilation] 1201       3       java.util.Properties::getProperty (50 bytes)
[0.183s][info][jit,compilation] 1195       1       jdk.internal.jimage.ImageHeader::getTableLength (5 bytes)
[0.183s][info][jit,compilation]  467       3       java.util.jar.JarFile::getManEntry (39 bytes)   made not entrant: marked for deoptimization
[0.183s][info][jit,compilation]  468   !   3       java.util.jar.JarFile::getBytes (218 bytes)   made not entrant: marked for deoptimization
[0.183s][info][jit,compilation]  518       3       java.util.zip.ZipFile$1::getMetaInfVersions (6 bytes)   made not entrant: marked for deoptimization
[0.183s][info][jit,compilation]  562       3       java.util.jar.JarFile::<init> (95 bytes)   made not entrant: marked for deoptimization
[0.183s][info][jit,compilation]  708       3       java.util.zip.ZipFile::getZipEntry (259 bytes)   made not entrant: marked for deoptimization
[0.183s][info][jit,compilation] 1095       3       java.util.jar.JarFile::maybeInstantiateVerifier (42 bytes)   made not entrant: marked for deoptimization
[0.183s][info][jit,compilation]  853       4       java.util.jar.JarFile::getJarEntry (9 bytes)   made not entrant: marked for deoptimization
[0.183s][info][jit,compilation]  851   !   4       jdk.internal.loader.URLClassPath$JarLoader::getResource (39 bytes)   made not entrant: marked for deoptimization
[0.183s][info][jit,compilation] 1202       4       java.util.HashMap::put (13 bytes)
[0.183s][info][jit,compilation]  874       4       java.util.jar.JarFile::getVersionedEntry (114 bytes)   made not entrant: uncommon trap
[0.184s][info][jit,compilation] 1203       3       java.util.jar.JarFile::getVersionedEntry (114 bytes)
[0.184s][info][jit,compilation] 1204   !   4       jdk.internal.loader.URLClassPath$JarLoader::getResource (39 bytes)
[0.184s][info][jit,compilation] 1205       4       java.util.zip.ZipFile$1::getMetaInfVersions (6 bytes)
[0.184s][info][jit,compilation] 1207       3       jdk.internal.misc.Unsafe::shouldBeInitialized (18 bytes)
[0.185s][info][jit,compilation] 1208       3       java.util.ImmutableCollections$AbstractImmutableList::iterator (13 bytes)
[0.185s][info][jit,compilation] 1206       4       java.util.jar.JarFile::getJarEntry (9 bytes)
[0.185s][info][jit,compilation] 1209       3       java.util.ImmutableCollections$ListItr::<init> (25 bytes)
[0.185s][info][jit,compilation] 1210       1       java.lang.Class::getClassFileAccessFlags (5 bytes)
[0.185s][info][jit,compilation]  884       4       java.util.HashMap::getOrDefault (19 bytes)   made not entrant: uncommon trap
[0.186s][info][jit,compilation] 1211       4       java.lang.String::substring (58 bytes)
[0.187s][info][jit,compilation] 1213       3       sun.net.www.protocol.jar.Handler::parseURL (173 bytes)
[0.187s][info][jit,compilation] 1216       3       java.util.jar.JarFile::maybeInstantiateVerifier (42 bytes)
[0.187s][info][jit,compilation] 1217   !   3       java.lang.ClassLoader::addClass (27 bytes)
[0.187s][info][jit,compilation] 1218       3       jdk.internal.loader.BuiltinClassLoader::getAndVerifyPackage (113 bytes)
[0.187s][info][jit,compilation]  135       3       java.util.HashMap::put (13 bytes)   made not entrant: not used
[0.188s][info][jit,compilation] 1212       4       java.util.concurrent.ConcurrentHashMap::get (162 bytes)
[0.188s][info][jit,compilation]   53       3       java.lang.String::substring (58 bytes)   made not entrant: not used
[0.188s][info][jit,compilation] 1219       3       java.lang.ClassLoader::getDefinedPackage (36 bytes)
[0.188s][info][jit,compilation] 1221   !   3       jdk.internal.loader.BuiltinClassLoader::defineOrCheckPackage (94 bytes)
[0.188s][info][jit,compilation] 1214       3       sun.net.www.protocol.jar.Handler::parseContextSpec (155 bytes)
[0.188s][info][jit,compilation] 1222     n 0       java.lang.invoke.MethodHandle::linkToSpecial(LLLLLL)L (native)   (static)
[0.188s][info][jit,compilation] 1223     n 0       java.lang.invoke.MethodHandle::linkToStatic(ILLLLLL)V (native)   (static)
[0.188s][info][jit,compilation] 1225     n 0       java.lang.invoke.MethodHandle::linkToSpecial(LILLLLL)V (native)   (static)
[0.188s][info][jit,compilation] 1226     n 0       java.lang.invoke.MethodHandle::invokeBasic(ILLLL)L (native)   
[0.188s][info][jit,compilation] 1227     n 0       java.lang.invoke.MethodHandle::linkToSpecial(LILLLLL)L (native)   (static)
[0.188s][info][jit,compilation] 1228     n 0       java.lang.invoke.MethodHandle::linkToStatic(LIILLILLILL)V (native)   (static)
[0.189s][info][jit,compilation] 1230     n 0       java.lang.invoke.MethodHandle::linkToSpecial(LLIILLILLIL)V (native)   (static)
[0.189s][info][jit,compilation] 1232     n 0       java.lang.invoke.MethodHandle::invokeBasic(LIILLILLI)L (native)   
[0.189s][info][jit,compilation] 1224       3       java.lang.invoke.LambdaForm::argument (27 bytes)
[0.189s][info][jit,compilation] 1233     n 0       java.lang.invoke.MethodHandle::linkToSpecial(LLIILLILLIL)L (native)   (static)
[0.189s][info][jit,compilation] 1215       3       sun.net.www.protocol.jar.Handler::canonicalizeString (72 bytes)
[0.189s][info][jit,compilation] 1234       3       java.util.Optional::<init> (10 bytes)
[0.189s][info][jit,compilation] 1236     n 0       java.lang.invoke.MethodHandle::linkToStatic(LIL)I (native)   (static)
[0.189s][info][jit,compilation] 1235       3       jdk.internal.classfile.impl.DirectCodeBuilder::constantPool (5 bytes)
[0.189s][info][jit,compilation] 1238     n 0       java.lang.invoke.MethodHandle::invokeBasic(LI)I (native)   
[0.189s][info][jit,compilation] 1239     n 0       java.lang.invoke.MethodHandle::linkToSpecial(LLIL)I (native)   (static)
[0.189s][info][jit,compilation] 1231       3       java.lang.invoke.MemberName::<init> (50 bytes)
[0.189s][info][jit,compilation]  118       3       java.util.concurrent.ConcurrentHashMap::get (162 bytes)   made not entrant: not used
[0.189s][info][jit,compilation] 1237       3       java.lang.invoke.MemberName::getInvocationType (56 bytes)
[0.189s][info][jit,compilation] 1220       3       java.security.CodeSource::<init> (52 bytes)
[0.189s][info][jit,compilation] 1229       1       java.lang.invoke.InfoFromMemberName::getReferenceKind (5 bytes)
[0.191s][info][jit,compilation] 1240       1       jdk.internal.foreign.Utils$BaseAndScale::scale (5 bytes)
[0.192s][info][jit,compilation] 1241       4       java.lang.String::startsWith (123 bytes)
[0.192s][info][jit,compilation] 1242       3       java.util.zip.ZipFile::getZipEntry (259 bytes)
[0.192s][info][jit,compilation] 1249       3       java.util.zip.ZipUtils::CENCRC (9 bytes)
[0.192s][info][jit,compilation] 1250       3       java.util.zip.ZipUtils::CENVEM_FA (9 bytes)
[0.192s][info][jit,compilation] 1243       3       java.util.jar.JavaUtilJarAccessImpl::entryFor (6 bytes)
[0.192s][info][jit,compilation] 1244       3       java.util.jar.JarFile::entryFor (10 bytes)
[0.193s][info][jit,compilation] 1245       3       java.util.jar.JarFile$JarFileEntry::<init> (21 bytes)
[0.193s][info][jit,compilation] 1246       3       java.util.jar.JarEntry::<init> (6 bytes)
[0.193s][info][jit,compilation] 1247       3       java.util.zip.ZipEntry::<init> (91 bytes)
[0.193s][info][jit,compilation] 1248       3       java.util.zip.ZipUtils::CENTIM (9 bytes)
[0.193s][info][jit,compilation] 1251       3       jdk.internal.loader.Resource::<init> (5 bytes)
[0.194s][info][jit,compilation]  973       3       java.lang.String::startsWith (123 bytes)   made not entrant: not used
[0.194s][info][jit,compilation] 1252       3       sun.net.www.ParseUtil::match (50 bytes)
[0.194s][info][jit,compilation] 1253       3       java.util.jar.JarFile::getManifest (5 bytes)
[0.194s][info][jit,compilation] 1254   !   3       java.util.jar.JarFile::getManifestFromReference (197 bytes)
[0.194s][info][jit,compilation] 1259       3       jdk.internal.misc.Unsafe::checkOffset (32 bytes)
[0.194s][info][jit,compilation] 1266     n 0       java.lang.reflect.Array::getLength (native)   (static)
[0.194s][info][jit,compilation] 1257       3       jdk.internal.misc.Unsafe::copyMemory (33 bytes)
[0.195s][info][jit,compilation] 1258       3       jdk.internal.misc.Unsafe::copyMemoryChecks (21 bytes)
[0.195s][info][jit,compilation] 1268       3       jdk.internal.misc.Unsafe::checkNativeAddress (28 bytes)
[0.195s][info][jit,compilation] 1255       1       jdk.internal.foreign.layout.AbstractLayout::byteAlignment (5 bytes)
[0.195s][info][jit,compilation] 1256       1       jdk.internal.foreign.NativeMemorySegmentImpl::unsafeGetOffset (5 bytes)
[0.195s][info][jit,compilation] 1269       3       jdk.internal.foreign.Utils$BaseAndScale::of (136 bytes)
[0.195s][info][jit,compilation] 1260       1       shaded.parquet.org.apache.thrift.transport.TTransport::getBytesRemainingInBuffer (2 bytes)
[0.195s][info][jit,compilation] 1261       1       jdk.internal.foreign.layout.AbstractLayout::byteSize (5 bytes)
[0.195s][info][jit,compilation] 1262       1       jdk.internal.foreign.layout.ValueLayouts$AbstractValueLayout::carrier (5 bytes)
[0.195s][info][jit,compilation] 1263       1       jdk.internal.foreign.NativeMemorySegmentImpl::maxAlignMask (2 bytes)
[0.195s][info][jit,compilation] 1264       1       jdk.internal.foreign.AbstractMemorySegmentImpl::sessionImpl (5 bytes)
[0.195s][info][jit,compilation] 1265       1       jdk.internal.foreign.NativeMemorySegmentImpl::unsafeGetBase (2 bytes)
[0.195s][info][jit,compilation] 1267       1       jdk.internal.foreign.Utils$BaseAndScale::base (5 bytes)
[0.195s][info][jit,compilation] 1271   !   3       jdk.internal.misc.ScopedMemoryAccess::copyMemory (27 bytes)
[0.195s][info][jit,compilation] 1287       4       java.util.Objects::checkIndex (7 bytes)
[0.195s][info][jit,compilation] 1282       3       shaded.parquet.org.apache.thrift.transport.TTransport::readAll (87 bytes)
[0.196s][info][jit,compilation]   62       3       java.util.Objects::checkIndex (7 bytes)   made not entrant: not used
[0.196s][info][jit,compilation] 1292       3       java.lang.Class::componentType (5 bytes)
[0.196s][info][jit,compilation] 1293       3       jdk.internal.foreign.Utils::checkElementAlignment (17 bytes)
[0.196s][info][jit,compilation] 1288       3       jdk.internal.foreign.AbstractMemorySegmentImpl::copy (255 bytes)
[0.197s][info][jit,compilation] 1272   !   3       jdk.internal.misc.ScopedMemoryAccess::copyMemoryInternal (56 bytes)
[0.197s][info][jit,compilation] 1273       3       jdk.internal.misc.ScopedMemoryAccess::getScopedMemoryAccess (4 bytes)
[0.197s][info][jit,compilation] 1274       3       jdk.internal.foreign.MemorySessionImpl::checkValidStateRaw (33 bytes)
[0.197s][info][jit,compilation] 1270       3       shaded.parquet.org.apache.thrift.protocol.TCompactProtocol::readByte (60 bytes)
[0.197s][info][jit,compilation] 1275       3       jdk.internal.foreign.AbstractMemorySegmentImpl::isAlignedForElement (12 bytes)
[0.197s][info][jit,compilation] 1276       3       jdk.internal.foreign.AbstractMemorySegmentImpl::isAlignedForElement (26 bytes)
[0.197s][info][jit,compilation] 1277       3       jdk.internal.foreign.AbstractMemorySegmentImpl::checkAccess (13 bytes)
[0.198s][info][jit,compilation] 1278       3       jdk.internal.foreign.AbstractMemorySegmentImpl::checkReadOnly (23 bytes)
[0.198s][info][jit,compilation] 1279   !   3       jdk.internal.foreign.AbstractMemorySegmentImpl::checkAccessBounds (19 bytes)
[0.198s][info][jit,compilation] 1280       3       jdk.internal.foreign.AbstractMemorySegmentImpl::checkBounds (55 bytes)
[0.198s][info][jit,compilation] 1281       3       jdk.internal.util.Preconditions::checkIndex (22 bytes)
[0.198s][info][jit,compilation] 1283   !   3       shaded.parquet.org.apache.thrift.transport.TIOStreamTransport::read (78 bytes)
[0.198s][info][jit,compilation] 1286       1       shaded.parquet.org.apache.thrift.protocol.TProtocol::getScheme (4 bytes)
[0.198s][info][jit,compilation] 1284       3       org.weakref.nitro.parquet.ParquetFile$SegmentInputStream::read (64 bytes)
[0.198s][info][jit,compilation] 1295       4       java.lang.StringLatin1::indexOf (121 bytes)
[0.199s][info][jit,compilation] 1285       3       java.lang.foreign.MemorySegment::copy (29 bytes)
[0.200s][info][jit,compilation] 1289       3       jdk.internal.foreign.Utils::checkNonNegativeIndex (43 bytes)
[0.200s][info][jit,compilation] 1290       3       jdk.internal.foreign.Utils$BaseAndScale$$TypeSwitch/0x00000000910cef18::typeSwitch (123 bytes)
[0.201s][info][jit,compilation] 1294       3       shaded.parquet.org.apache.thrift.protocol.TField::<init> (20 bytes)
[0.201s][info][jit,compilation] 1296   !   3       java.util.zip.Inflater::reset (64 bytes)
[0.201s][info][jit,compilation] 1291       1       java.lang.Boolean::booleanValue (5 bytes)
[0.201s][info][jit,compilation] 1297       3       shaded.parquet.org.apache.thrift.protocol.TCompactProtocol::readVarint32 (128 bytes)
[0.201s][info][jit,compilation] 1298       3       shaded.parquet.org.apache.thrift.protocol.TCompactProtocol::getTType (143 bytes)
[0.201s][info][jit,compilation] 1200       3       java.lang.StringLatin1::indexOf (121 bytes)   made not entrant: not used
[0.201s][info][jit,compilation] 1305       4       jdk.internal.util.Preconditions::checkFromIndexSize (25 bytes)
[0.201s][info][jit,compilation] 1300       3       org.apache.parquet.format.InterningProtocol::readFieldEnd (8 bytes)
[0.201s][info][jit,compilation] 1302       3       org.apache.parquet.format.InterningProtocol::readFieldBegin (8 bytes)
[0.201s][info][jit,compilation] 1303       3       shaded.parquet.org.apache.thrift.protocol.TCompactProtocol::readFieldBegin (106 bytes)
[0.201s][info][jit,compilation]  262       3       jdk.internal.util.Preconditions::checkFromIndexSize (25 bytes)   made not entrant: not used
[0.202s][info][jit,compilation] 1299       3       shaded.parquet.org.apache.thrift.protocol.TCompactProtocol::isBoolType (21 bytes)
[0.202s][info][jit,compilation] 1301       3       shaded.parquet.org.apache.thrift.protocol.TCompactProtocol::readFieldEnd (1 bytes)
[0.202s][info][jit,compilation] 1306       3       org.apache.parquet.format.InterningProtocol::readI32 (8 bytes)
[0.202s][info][jit,compilation] 1307       3       shaded.parquet.org.apache.thrift.protocol.TCompactProtocol::readI32 (9 bytes)
[0.202s][info][jit,compilation] 1308       3       shaded.parquet.org.apache.thrift.protocol.TCompactProtocol::zigzagToInt (9 bytes)
[0.202s][info][jit,compilation] 1311       3       shaded.parquet.org.apache.thrift.EncodingUtils::setBit (8 bytes)
[0.202s][info][jit,compilation] 1313       4       jdk.internal.misc.Unsafe::checkNativeAddress (28 bytes)
[0.202s][info][jit,compilation] 1314       4       jdk.internal.misc.Unsafe::checkOffset (32 bytes)
[0.202s][info][jit,compilation] 1312       3       shaded.parquet.org.apache.thrift.EncodingUtils::setBit (16 bytes)
[0.202s][info][jit,compilation] 1309       3       shaded.parquet.org.apache.thrift.EncodingUtils::testBit (6 bytes)
[0.202s][info][jit,compilation] 1315       4       jdk.internal.misc.Unsafe::checkSize (32 bytes)
[0.202s][info][jit,compilation] 1304       1       shaded.parquet.org.apache.thrift.protocol.TProtocol::getTransport (5 bytes)
[0.202s][info][jit,compilation] 1268       3       jdk.internal.misc.Unsafe::checkNativeAddress (28 bytes)   made not entrant: not used
[0.202s][info][jit,compilation] 1310       1       shaded.parquet.org.apache.thrift.protocol.TList::getSize (5 bytes)
[0.202s][info][jit,compilation] 1318       3       shaded.parquet.org.apache.thrift.transport.TEndpointTransport::checkReadBytesAvailable (42 bytes)
[0.202s][info][jit,compilation] 1322       4       shaded.parquet.org.apache.thrift.transport.TTransport::readAll (87 bytes)
[0.202s][info][jit,compilation] 1259       3       jdk.internal.misc.Unsafe::checkOffset (32 bytes)   made not entrant: not used
[0.202s][info][jit,compilation] 1120       3       jdk.internal.misc.Unsafe::checkSize (32 bytes)   made not entrant: not used
[0.202s][info][jit,compilation] 1326       4       shaded.parquet.org.apache.thrift.protocol.TCompactProtocol::readByte (60 bytes)
[0.202s][info][jit,compilation] 1327       4       jdk.internal.misc.Unsafe::copyMemory (33 bytes)
[0.202s][info][jit,compilation] 1321       3       shaded.parquet.org.apache.thrift.protocol.TCompactProtocol::readVarint64 (136 bytes)
[0.202s][info][jit,compilation] 1323       3       shaded.parquet.org.apache.thrift.scheme.StandardScheme::<init> (5 bytes)
[0.202s][info][jit,compilation] 1324       3       org.apache.parquet.format.InterningProtocol::readStructBegin (8 bytes)
[0.202s][info][jit,compilation] 1325       3       shaded.parquet.org.apache.thrift.protocol.TCompactProtocol::readStructBegin (20 bytes)
[0.202s][info][jit,compilation] 1331       3       shaded.parquet.org.apache.thrift.protocol.TCompactProtocol::zigzagToLong (9 bytes)
[0.202s][info][jit,compilation] 1319       3       org.apache.parquet.format.InterningProtocol::readI64 (8 bytes)
[0.202s][info][jit,compilation] 1334       3       shaded.parquet.org.apache.thrift.protocol.ShortStack::push (34 bytes)
[0.203s][info][jit,compilation] 1335       3       org.apache.parquet.format.InterningProtocol::readStructEnd (8 bytes)
[0.203s][info][jit,compilation] 1336       3       shaded.parquet.org.apache.thrift.protocol.TCompactProtocol::readStructEnd (12 bytes)
[0.203s][info][jit,compilation] 1337       3       shaded.parquet.org.apache.thrift.protocol.ShortStack::pop (17 bytes)
[0.203s][info][jit,compilation] 1320       3       shaded.parquet.org.apache.thrift.protocol.TCompactProtocol::readI64 (9 bytes)
[0.203s][info][jit,compilation] 1338       3       org.apache.parquet.format.Encoding::findByValue (94 bytes)
[0.203s][info][jit,compilation] 1333       3       java.nio.ByteBuffer::<init> (47 bytes)
[0.203s][info][jit,compilation] 1340       3       java.nio.Buffer::position (52 bytes)
[0.203s][info][jit,compilation] 1343       3       java.nio.ByteBuffer::position (8 bytes)
[0.203s][info][jit,compilation] 1344       3       java.nio.Buffer::limit (65 bytes)
[0.203s][info][jit,compilation] 1316       3       java.nio.ByteBuffer::wrap (8 bytes)
[0.203s][info][jit,compilation] 1317   !   3       java.nio.ByteBuffer::wrap (21 bytes)
[0.203s][info][jit,compilation] 1341       3       org.apache.parquet.format.InterningProtocol::readBinary (8 bytes)
[0.203s][info][jit,compilation] 1342       3       shaded.parquet.org.apache.thrift.protocol.TCompactProtocol::readBinary (82 bytes)
[0.203s][info][jit,compilation] 1345       3       java.nio.ByteBuffer::limit (8 bytes)
[0.203s][info][jit,compilation] 1257       3       jdk.internal.misc.Unsafe::copyMemory (33 bytes)   made not entrant: not used
[0.203s][info][jit,compilation] 1328   !   4       shaded.parquet.org.apache.thrift.transport.TIOStreamTransport::read (78 bytes)
[0.203s][info][jit,compilation] 1352       3       java.nio.Buffer::<init> (105 bytes)
[0.203s][info][jit,compilation] 1353       3       java.nio.HeapByteBuffer::<init> (23 bytes)
[0.204s][info][jit,compilation] 1350       3       java.nio.ByteBuffer::position (6 bytes)
[0.204s][info][jit,compilation] 1351       3       java.nio.ByteBuffer::limit (6 bytes)
[0.204s][info][jit,compilation] 1354       3       shaded.parquet.org.apache.thrift.protocol.TList::<init> (15 bytes)
[0.204s][info][jit,compilation] 1355       3       shaded.parquet.org.apache.thrift.protocol.TProtocol::checkReadBytesAvailable (25 bytes)
[0.204s][info][jit,compilation] 1346       3       org.apache.parquet.format.InterningProtocol::readListBegin (8 bytes)
[0.204s][info][jit,compilation] 1347       3       shaded.parquet.org.apache.thrift.protocol.TCompactProtocol::readListBegin (49 bytes)
[0.204s][info][jit,compilation] 1348       3       shaded.parquet.org.apache.thrift.protocol.TCompactProtocol::checkContainerReadLength (84 bytes)
[0.204s][info][jit,compilation] 1349       3       org.apache.parquet.format.Statistics::validate (1 bytes)
[0.204s][info][jit,compilation] 1356       3       org.apache.parquet.format.PageEncodingStats::<init> (10 bytes)
[0.204s][info][jit,compilation] 1357       3       org.apache.parquet.format.PageEncodingStats::read (12 bytes)
[0.204s][info][jit,compilation] 1358       3       org.apache.parquet.format.PageEncodingStats::scheme (28 bytes)
[0.204s][info][jit,compilation] 1359       3       jdk.internal.misc.VM::isJavaLangInvokeInited (4 bytes)
[0.205s][info][jit,compilation] 1360       3       org.apache.parquet.format.InterningProtocol::readString (11 bytes)
[0.205s][info][jit,compilation] 1366       3       shaded.parquet.org.apache.thrift.protocol.TCompactProtocol::getMinSerializedSize (119 bytes)
[0.205s][info][jit,compilation] 1367       3       org.apache.parquet.format.InterningProtocol::readListEnd (8 bytes)
[0.205s][info][jit,compilation] 1368       3       shaded.parquet.org.apache.thrift.protocol.TCompactProtocol::readListEnd (1 bytes)
[0.205s][info][jit,compilation] 1365       3       java.lang.String::<init> (16 bytes)
[0.205s][info][jit,compilation] 1282       3       shaded.parquet.org.apache.thrift.transport.TTransport::readAll (87 bytes)   made not entrant: not used
[0.205s][info][jit,compilation] 1270       3       shaded.parquet.org.apache.thrift.protocol.TCompactProtocol::readByte (60 bytes)   made not entrant: not used
[0.205s][info][jit,compilation] 1369       4       shaded.parquet.org.apache.thrift.protocol.TCompactProtocol::zigzagToLong (9 bytes)
[0.205s][info][jit,compilation] 1329       4       org.weakref.nitro.parquet.ParquetFile$SegmentInputStream::read (64 bytes)
[0.206s][info][jit,compilation] 1361       3       shaded.parquet.org.apache.thrift.protocol.TCompactProtocol::readString (84 bytes)
[0.206s][info][jit,compilation] 1331       3       shaded.parquet.org.apache.thrift.protocol.TCompactProtocol::zigzagToLong (9 bytes)   made not entrant: not used
[0.206s][info][jit,compilation] 1330       4       jdk.internal.foreign.Utils$BaseAndScale::of (136 bytes)
[0.206s][info][jit,compilation] 1372       3       org.apache.parquet.format.ColumnMetaData$ColumnMetaDataStandardScheme::read (1180 bytes)
[0.206s][info][jit,compilation] 1283   !   3       shaded.parquet.org.apache.thrift.transport.TIOStreamTransport::read (78 bytes)   made not entrant: not used
[0.206s][info][jit,compilation] 1339       4       jdk.internal.foreign.Utils$BaseAndScale$$TypeSwitch/0x00000000910cef18::typeSwitch (123 bytes)
[0.206s][info][jit,compilation] 1269       3       jdk.internal.foreign.Utils$BaseAndScale::of (136 bytes)   made not entrant: not used
[0.206s][info][jit,compilation] 1370       4       org.apache.parquet.format.InterningProtocol::readFieldBegin (8 bytes)
[0.206s][info][jit,compilation] 1290       3       jdk.internal.foreign.Utils$BaseAndScale$$TypeSwitch/0x00000000910cef18::typeSwitch (123 bytes)   made not entrant: not used
[0.206s][info][jit,compilation] 1379       4       org.apache.parquet.format.Encoding::findByValue (94 bytes)
[0.206s][info][jit,compilation] 1338       3       org.apache.parquet.format.Encoding::findByValue (94 bytes)   made not entrant: not used
[0.206s][info][jit,compilation] 1371       4       shaded.parquet.org.apache.thrift.protocol.TCompactProtocol::readFieldBegin (106 bytes)
[0.207s][info][jit,compilation] 1377       3       org.apache.parquet.format.PageEncodingStats$PageEncodingStatsStandardScheme::read (227 bytes)
[0.208s][info][jit,compilation] 1284       3       org.weakref.nitro.parquet.ParquetFile$SegmentInputStream::read (64 bytes)   made not entrant: not used
[0.208s][info][jit,compilation] 1385       4       shaded.parquet.org.apache.thrift.protocol.TCompactProtocol::readListEnd (1 bytes)
[0.208s][info][jit,compilation] 1368       3       shaded.parquet.org.apache.thrift.protocol.TCompactProtocol::readListEnd (1 bytes)   made not entrant: not used
[0.208s][info][jit,compilation] 1386       4       org.apache.parquet.format.Statistics::validate (1 bytes)
[0.208s][info][jit,compilation] 1349       3       org.apache.parquet.format.Statistics::validate (1 bytes)   made not entrant: not used
[0.208s][info][jit,compilation] 1384       4       shaded.parquet.org.apache.thrift.protocol.TCompactProtocol::readVarint32 (128 bytes)
[0.208s][info][jit,compilation] 1387       3       org.apache.parquet.format.Statistics$StatisticsStandardScheme::read (382 bytes)
[0.208s][info][jit,compilation] 1373       3       org.apache.parquet.format.PageType::findByValue (50 bytes)
[0.208s][info][jit,compilation] 1374       3       org.apache.parquet.format.PageEncodingStats::setPage_typeIsSet (10 bytes)
[0.208s][info][jit,compilation] 1375       3       org.apache.parquet.format.PageEncodingStats::setEncodingIsSet (10 bytes)
[0.208s][info][jit,compilation] 1376       3       org.apache.parquet.format.PageEncodingStats::setCountIsSet (14 bytes)
[0.208s][info][jit,compilation] 1380       3       org.apache.parquet.format.PageEncodingStats::isSetCount (9 bytes)
[0.208s][info][jit,compilation] 1381       3       org.apache.parquet.format.PageEncodingStats::validate (77 bytes)
[0.209s][info][jit,compilation] 1383       3       org.apache.parquet.format.ColumnMetaData::validate (195 bytes)
[0.209s][info][jit,compilation] 1400       3       org.apache.parquet.format.ColumnChunk$ColumnChunkStandardScheme::read (483 bytes)
[0.210s][info][jit,compilation] 1362       3       shaded.parquet.org.apache.thrift.protocol.TCompactProtocol::checkStringReadLength (93 bytes)
[0.210s][info][jit,compilation] 1363       3       shaded.parquet.org.apache.thrift.protocol.TCompactProtocol::readBinary (25 bytes)
[0.210s][info][jit,compilation] 1364       3       org.apache.parquet.format.Type::findByValue (82 bytes)
[0.210s][info][jit,compilation] 1401       3       org.apache.parquet.format.ColumnChunk::setFile_offsetIsSet (14 bytes)
[0.210s][info][jit,compilation] 1402       3       org.apache.parquet.format.ColumnMetaData::<init> (10 bytes)
[0.210s][info][jit,compilation] 1403       3       org.apache.parquet.format.ColumnMetaData::read (12 bytes)
[0.210s][info][jit,compilation] 1404       3       org.apache.parquet.format.ColumnMetaData::scheme (28 bytes)
[0.211s][info][jit,compilation] 1405       3       org.apache.parquet.format.ColumnMetaData$ColumnMetaDataStandardSchemeFactory::getScheme (5 bytes)
[0.211s][info][jit,compilation] 1389       3       org.apache.parquet.format.ColumnChunk::<init> (15 bytes)
[0.211s][info][jit,compilation] 1390       3       org.apache.parquet.format.ColumnChunk::read (12 bytes)
[0.211s][info][jit,compilation] 1392       3       org.apache.parquet.format.CompressionCodec::findByValue (82 bytes)
[0.211s][info][jit,compilation] 1393       3       org.apache.parquet.format.ColumnChunk::scheme (28 bytes)
[0.211s][info][jit,compilation] 1302       3       org.apache.parquet.format.InterningProtocol::readFieldBegin (8 bytes)   made not entrant: not used
[0.211s][info][jit,compilation] 1416       4       org.apache.parquet.format.CompressionCodec::findByValue (82 bytes)
[0.211s][info][jit,compilation] 1394       3       org.apache.parquet.format.ColumnChunk$ColumnChunkStandardSchemeFactory::getScheme (5 bytes)
[0.211s][info][jit,compilation] 1395       3       org.apache.parquet.format.ColumnChunk$ColumnChunkStandardSchemeFactory::getScheme (9 bytes)
[0.211s][info][jit,compilation] 1392       3       org.apache.parquet.format.CompressionCodec::findByValue (82 bytes)   made not entrant: not used
[0.211s][info][jit,compilation] 1396       3       org.apache.parquet.format.ColumnChunk$ColumnChunkStandardScheme::<init> (5 bytes)
[0.211s][info][jit,compilation] 1417       4       shaded.parquet.org.apache.thrift.protocol.TCompactProtocol::readVarint64 (136 bytes)
[0.211s][info][jit,compilation] 1397       3       org.apache.parquet.format.ColumnChunk$ColumnChunkStandardScheme::<init> (5 bytes)
[0.211s][info][jit,compilation] 1398       3       org.apache.parquet.format.ColumnChunk$ColumnChunkStandardScheme::read (10 bytes)
[0.211s][info][jit,compilation] 1406       3       org.apache.parquet.format.ColumnMetaData$ColumnMetaDataStandardSchemeFactory::getScheme (9 bytes)
[0.211s][info][jit,compilation] 1407       3       org.apache.parquet.format.ColumnMetaData$ColumnMetaDataStandardScheme::<init> (5 bytes)
[0.211s][info][jit,compilation] 1408       3       org.apache.parquet.format.ColumnMetaData$ColumnMetaDataStandardScheme::<init> (5 bytes)
[0.211s][info][jit,compilation] 1409       3       org.apache.parquet.format.ColumnMetaData$ColumnMetaDataStandardScheme::read (10 bytes)
[0.211s][info][jit,compilation] 1411       3       org.apache.parquet.format.ColumnChunk::setMeta_dataIsSet (10 bytes)
[0.211s][info][jit,compilation] 1412       3       org.apache.parquet.format.ColumnChunk::isSetFile_offset (9 bytes)
[0.211s][info][jit,compilation] 1413       3       org.apache.parquet.format.ColumnChunk::validate (15 bytes)
[0.211s][info][jit,compilation] 1418       3       org.apache.parquet.format.ColumnOrder$_Fields::findByThriftId (26 bytes)
[0.211s][info][jit,compilation] 1419       3       shaded.parquet.org.apache.thrift.TUnion::<init> (15 bytes)
[0.211s][info][jit,compilation] 1420       3       shaded.parquet.org.apache.thrift.TUnion::read (28 bytes)
[0.211s][info][jit,compilation] 1421       3       shaded.parquet.org.apache.thrift.TUnion$TUnionStandardSchemeFactory::getScheme (5 bytes)
[0.211s][info][jit,compilation] 1422       3       shaded.parquet.org.apache.thrift.TUnion$TUnionStandardSchemeFactory::getScheme (9 bytes)
[0.212s][info][jit,compilation] 1423       3       shaded.parquet.org.apache.thrift.TUnion$TUnionStandardScheme::<init> (5 bytes)
[0.212s][info][jit,compilation] 1303       3       shaded.parquet.org.apache.thrift.protocol.TCompactProtocol::readFieldBegin (106 bytes)   made not entrant: not used
[0.212s][info][jit,compilation] 1332       4       shaded.parquet.org.apache.thrift.protocol.TCompactProtocol::readFieldEnd (1 bytes)
[0.212s][info][jit,compilation] 1301       3       shaded.parquet.org.apache.thrift.protocol.TCompactProtocol::readFieldEnd (1 bytes)   made not entrant: not used
[0.212s][info][jit,compilation] 1382       4       org.apache.parquet.format.InterningProtocol::readFieldEnd (8 bytes)
[0.212s][info][jit,compilation] 1428       3       shaded.parquet.org.apache.thrift.TUnion$TUnionStandardScheme::read (10 bytes)
[0.212s][info][jit,compilation] 1429       3       shaded.parquet.org.apache.thrift.TUnion$TUnionStandardScheme::read (63 bytes)
[0.212s][info][jit,compilation] 1439       3       org.apache.parquet.format.SchemaElement$SchemaElementStandardScheme::read (484 bytes)
[0.212s][info][jit,compilation] 1300       3       org.apache.parquet.format.InterningProtocol::readFieldEnd (8 bytes)   made not entrant: not used
[0.212s][info][jit,compilation] 1378       4       shaded.parquet.org.apache.thrift.protocol.TCompactProtocol::getTType (143 bytes)
[0.212s][info][jit,compilation] 1298       3       shaded.parquet.org.apache.thrift.protocol.TCompactProtocol::getTType (143 bytes)   made not entrant: not used
[0.212s][info][jit,compilation] 1388       4       org.apache.parquet.format.InterningProtocol::readI32 (8 bytes)
[0.212s][info][jit,compilation] 1431       3       org.apache.parquet.format.SchemaElement::<init> (10 bytes)
[0.212s][info][jit,compilation] 1432       3       org.apache.parquet.format.SchemaElement::read (12 bytes)
[0.213s][info][jit,compilation] 1433       3       org.apache.parquet.format.SchemaElement::scheme (28 bytes)
[0.213s][info][jit,compilation] 1434       3       org.apache.parquet.format.SchemaElement$SchemaElementStandardSchemeFactory::getScheme (5 bytes)
[0.213s][info][jit,compilation] 1435       3       org.apache.parquet.format.SchemaElement$SchemaElementStandardSchemeFactory::getScheme (9 bytes)
[0.213s][info][jit,compilation] 1436       3       org.apache.parquet.format.SchemaElement$SchemaElementStandardScheme::<init> (5 bytes)
[0.213s][info][jit,compilation] 1437       3       org.apache.parquet.format.SchemaElement$SchemaElementStandardScheme::<init> (5 bytes)
[0.213s][info][jit,compilation] 1438       3       org.apache.parquet.format.SchemaElement$SchemaElementStandardScheme::read (10 bytes)
[0.213s][info][jit,compilation] 1440       3       org.apache.parquet.format.FieldRepetitionType::findByValue (42 bytes)
[0.213s][info][jit,compilation] 1441       3       org.apache.parquet.format.SchemaElement::setRepetition_typeIsSet (10 bytes)
[0.213s][info][jit,compilation] 1443       3       org.apache.parquet.format.LogicalType$_Fields::findByThriftId (158 bytes)
[0.213s][info][jit,compilation] 1448       3       org.apache.parquet.format.ColumnOrder::<init> (5 bytes)
[0.213s][info][jit,compilation] 1449       3       org.apache.parquet.format.ColumnOrder::standardSchemeReadValue (101 bytes)
[0.213s][info][jit,compilation] 1451       3       org.apache.parquet.format.SchemaElement::validate (39 bytes)
[0.213s][info][jit,compilation] 1430       3       org.apache.parquet.format.LogicalType::isSetDECIMAL (16 bytes)
[0.213s][info][jit,compilation] 1452       3       org.apache.parquet.format.TypeDefinedOrder$TypeDefinedOrderStandardScheme::read (60 bytes)
[0.214s][info][jit,compilation] 1453       3       org.apache.parquet.format.TypeDefinedOrder::validate (1 bytes)
[0.214s][info][jit,compilation] 1454       3       org.apache.parquet.format.ColumnOrder::enumForId (6 bytes)
[0.214s][info][jit,compilation] 1455       3       org.apache.parquet.format.ColumnOrder::enumForId (5 bytes)
[0.214s][info][jit,compilation] 1456       3       org.apache.parquet.format.ColumnOrder$_Fields::findByThriftIdOrThrow (43 bytes)
[0.214s][info][jit,compilation] 1458       2       org.weakref.nitro.parquet.ParquetFile$Column::<init> (38 bytes)
[0.214s][info][jit,compilation] 1297       3       shaded.parquet.org.apache.thrift.protocol.TCompactProtocol::readVarint32 (128 bytes)   made not entrant: not used
[0.214s][info][jit,compilation] 1459       4       org.apache.parquet.format.ColumnMetaData$ColumnMetaDataStandardScheme::read (1180 bytes)
[0.214s][info][jit,compilation] 1460       2       org.apache.parquet.format.ConvertedType::findByValue (194 bytes)
[0.215s][info][jit,compilation] 1461       2       org.apache.parquet.format.LogicalType::standardSchemeReadValue (822 bytes)
[0.215s][info][jit,compilation] 1462       2       org.apache.parquet.format.IntType::<init> (10 bytes)
[0.215s][info][jit,compilation] 1463       2       org.apache.parquet.format.IntType::read (12 bytes)
[0.216s][info][jit,compilation] 1464       2       org.apache.parquet.format.IntType::scheme (28 bytes)
[0.216s][info][jit,compilation] 1465       2       org.apache.parquet.format.IntType$IntTypeStandardSchemeFactory::getScheme (5 bytes)
[0.216s][info][jit,compilation] 1466       2       org.apache.parquet.format.IntType$IntTypeStandardSchemeFactory::getScheme (9 bytes)
[0.216s][info][jit,compilation] 1467       2       org.apache.parquet.format.IntType$IntTypeStandardScheme::<init> (5 bytes)
[0.216s][info][jit,compilation] 1468       2       org.apache.parquet.format.IntType$IntTypeStandardScheme::<init> (5 bytes)
[0.216s][info][jit,compilation] 1469       2       org.apache.parquet.format.IntType$IntTypeStandardScheme::read (10 bytes)
[0.216s][info][jit,compilation] 1470       2       java.lang.ThreadLocal::get (35 bytes)
[0.217s][info][jit,compilation] 1321       3       shaded.parquet.org.apache.thrift.protocol.TCompactProtocol::readVarint64 (136 bytes)   made not entrant: not used
[0.217s][info][jit,compilation] 1472       2       org.apache.parquet.format.IntType$IntTypeStandardScheme::read (220 bytes)
[0.217s][info][jit,compilation] 1391       4       shaded.parquet.org.apache.thrift.protocol.TCompactProtocol::readI32 (9 bytes)
[0.217s][info][jit,compilation] 1473       2       org.apache.parquet.format.InterningProtocol::readByte (8 bytes)
[0.218s][info][jit,compilation] 1474       2       org.apache.parquet.format.IntType::setBitWidthIsSet (14 bytes)
[0.218s][info][jit,compilation] 1475       2       org.apache.parquet.format.InterningProtocol::readBool (8 bytes)
[0.218s][info][jit,compilation] 1476       2       shaded.parquet.org.apache.thrift.protocol.TCompactProtocol::readBool (36 bytes)
[0.218s][info][jit,compilation] 1477       2       org.apache.parquet.format.IntType::setIsSignedIsSet (14 bytes)
[0.218s][info][jit,compilation] 1478       2       org.apache.parquet.format.IntType::isSetBitWidth (9 bytes)
[0.218s][info][jit,compilation] 1481       2       org.apache.parquet.format.LogicalType::enumForId (6 bytes)
[0.218s][info][jit,compilation] 1482       2       org.apache.parquet.format.LogicalType::enumForId (5 bytes)
[0.218s][info][jit,compilation] 1483       2       org.apache.parquet.format.LogicalType$_Fields::findByThriftIdOrThrow (43 bytes)
[0.218s][info][jit,compilation] 1479       2       org.apache.parquet.format.IntType::isSetIsSigned (9 bytes)
[0.218s][info][jit,compilation] 1480       2       org.apache.parquet.format.IntType::validate (1 bytes)
[0.219s][info][jit,compilation] 1306       3       org.apache.parquet.format.InterningProtocol::readI32 (8 bytes)   made not entrant: not used
[0.219s][info][jit,compilation] 1485       4       org.apache.parquet.format.FieldRepetitionType::findByValue (42 bytes)
[0.219s][info][jit,compilation] 1440       3       org.apache.parquet.format.FieldRepetitionType::findByValue (42 bytes)   made not entrant: not used
[0.219s][info][jit,compilation] 1487       4       org.apache.parquet.format.LogicalType$_Fields::findByThriftId (158 bytes)
[0.219s][info][jit,compilation] 1443       3       org.apache.parquet.format.LogicalType$_Fields::findByThriftId (158 bytes)   made not entrant: not used
[0.219s][info][jit,compilation] 1410       4       shaded.parquet.org.apache.thrift.EncodingUtils::setBit (8 bytes)
[0.219s][info][jit,compilation] 1311       3       shaded.parquet.org.apache.thrift.EncodingUtils::setBit (8 bytes)   made not entrant: not used
[0.220s][info][jit,compilation] 1399       4       java.util.ArrayList::add (25 bytes)
[0.220s][info][jit,compilation]  296       3       java.util.ArrayList::add (25 bytes)   made not entrant: not used
[0.220s][info][jit,compilation] 1415       4       shaded.parquet.org.apache.thrift.transport.TEndpointTransport::checkReadBytesAvailable (42 bytes)
[0.220s][info][jit,compilation] 1318       3       shaded.parquet.org.apache.thrift.transport.TEndpointTransport::checkReadBytesAvailable (42 bytes)   made not entrant: not used
[0.220s][info][jit,compilation] 1424       4       shaded.parquet.org.apache.thrift.EncodingUtils::testBit (6 bytes)
[0.221s][info][jit,compilation] 1309       3       shaded.parquet.org.apache.thrift.EncodingUtils::testBit (6 bytes)   made not entrant: not used
[0.221s][info][jit,compilation] 1425       4       org.apache.parquet.format.InterningProtocol::readI64 (8 bytes)
[0.223s][info][jit,compilation] 1504       3       org.weakref.nitro.parquet.ParquetFile$Column::<init> (38 bytes)
[0.223s][info][jit,compilation] 1458       2       org.weakref.nitro.parquet.ParquetFile$Column::<init> (38 bytes)   made not entrant: not used
[0.223s][info][jit,compilation] 1307       3       shaded.parquet.org.apache.thrift.protocol.TCompactProtocol::readI32 (9 bytes)   made not entrant: not used
[0.223s][info][jit,compilation] 1426       4       shaded.parquet.org.apache.thrift.protocol.TCompactProtocol::readI64 (9 bytes)
[0.224s][info][jit,compilation] 1506       2       java.util.ArrayList::grow (60 bytes)
[0.227s][info][jit,compilation] 1507     n 0       java.lang.Object::notifyAll (native)   
[0.230s][info][jit,compilation] 1319       3       org.apache.parquet.format.InterningProtocol::readI64 (8 bytes)   made not entrant: not used
[0.230s][info][jit,compilation] 1505       4       org.apache.parquet.format.PageEncodingStats$PageEncodingStatsStandardScheme::read (227 bytes)
[0.231s][info][jit,compilation] 1508       2       org.apache.parquet.format.RowGroup$RowGroupStandardScheme::read (546 bytes)
[0.233s][info][jit,compilation] 1320       3       shaded.parquet.org.apache.thrift.protocol.TCompactProtocol::readI64 (9 bytes)   made not entrant: not used
[0.233s][info][jit,compilation] 1427       4       org.apache.parquet.format.InterningProtocol::readStructBegin (8 bytes)
[0.233s][info][jit,compilation] 1324       3       org.apache.parquet.format.InterningProtocol::readStructBegin (8 bytes)   made not entrant: not used
[0.233s][info][jit,compilation] 1444       4       shaded.parquet.org.apache.thrift.protocol.TCompactProtocol::readStructBegin (20 bytes)
[0.234s][info][jit,compilation] 1325       3       shaded.parquet.org.apache.thrift.protocol.TCompactProtocol::readStructBegin (20 bytes)   made not entrant: not used
[0.234s][info][jit,compilation] 1446       4       org.apache.parquet.format.InterningProtocol::readStructEnd (8 bytes)
[0.234s][info][jit,compilation] 1335       3       org.apache.parquet.format.InterningProtocol::readStructEnd (8 bytes)   made not entrant: not used
[0.234s][info][jit,compilation] 1511       4       org.apache.parquet.format.Statistics$StatisticsStandardScheme::read (382 bytes)
[0.236s][info][jit,compilation] 1512       3       org.apache.parquet.format.LogicalType::standardSchemeReadValue (822 bytes)
[0.236s][info][jit,compilation] 1461       2       org.apache.parquet.format.LogicalType::standardSchemeReadValue (822 bytes)   made not entrant: not used
[0.237s][info][jit,compilation] 1518       3       org.apache.parquet.format.IntType$IntTypeStandardScheme::read (220 bytes)
[0.237s][info][jit,compilation] 1472       2       org.apache.parquet.format.IntType$IntTypeStandardScheme::read (220 bytes)   made not entrant: not used
[0.237s][info][jit,compilation] 1517       3       shaded.parquet.org.apache.thrift.protocol.TCompactProtocol::readBool (36 bytes)
[0.237s][info][jit,compilation] 1476       2       shaded.parquet.org.apache.thrift.protocol.TCompactProtocol::readBool (36 bytes)   made not entrant: not used
[0.237s][info][jit,compilation] 1520       3       org.apache.parquet.format.LogicalType::enumForId (6 bytes)
[0.238s][info][jit,compilation] 1481       2       org.apache.parquet.format.LogicalType::enumForId (6 bytes)   made not entrant: not used
[0.238s][info][jit,compilation] 1521       3       org.apache.parquet.format.LogicalType$_Fields::findByThriftIdOrThrow (43 bytes)
[0.238s][info][jit,compilation] 1483       2       org.apache.parquet.format.LogicalType$_Fields::findByThriftIdOrThrow (43 bytes)   made not entrant: not used
[0.238s][info][jit,compilation] 1519       2       java.nio.channels.spi.AbstractInterruptibleChannel::isOpen (13 bytes)
[0.239s][info][jit,compilation] 1523 %     3       org.apache.parquet.format.RowGroup$RowGroupStandardScheme::read @ 102 (546 bytes)
[0.241s][info][jit,compilation] 1525     n 0       sun.nio.ch.NativeThread::current0 (native)   (static)
[0.246s][info][jit,compilation] 1531       1       java.lang.Thread::isInterrupted (5 bytes)
[0.246s][info][jit,compilation] 1532     n 0       sun.nio.ch.UnixFileDispatcherImpl::size0 (native)   (static)
[0.246s][info][jit,compilation] 1533       2       java.nio.channels.spi.AbstractInterruptibleChannel::blockedOn (10 bytes)
[0.246s][info][jit,compilation] 1534       2       java.lang.System$1::blockedOn (8 bytes)
[0.246s][info][jit,compilation] 1535       1       shaded.parquet.org.apache.thrift.transport.TEndpointTransport::getConfiguration (5 bytes)
[0.246s][info][jit,compilation] 1536       1       shaded.parquet.org.apache.thrift.TConfiguration::getMaxMessageSize (5 bytes)
[0.255s][info][jit,compilation] 1537       2       org.apache.parquet.format.RowGroup::validate (39 bytes)
[0.259s][info][jit,compilation] 1538       2       org.apache.parquet.format.RowGroup::<init> (10 bytes)
[0.259s][info][jit,compilation] 1539       2       org.apache.parquet.format.RowGroup::read (12 bytes)
[0.259s][info][jit,compilation] 1540       2       org.apache.parquet.format.InterningProtocol::readI16 (8 bytes)
[0.259s][info][jit,compilation] 1541       2       shaded.parquet.org.apache.thrift.protocol.TCompactProtocol::readI16 (10 bytes)
[0.260s][info][jit,compilation] 1543       2       java.lang.Thread::isVirtual (5 bytes)
[0.262s][info][jit,compilation] 1544       2       java.util.stream.ReferencePipeline$3$1::accept (20 bytes)
[0.265s][info][jit,compilation] 1545       3       org.apache.parquet.format.RowGroup$RowGroupStandardScheme::read (546 bytes)
[0.266s][info][jit,compilation] 1508       2       org.apache.parquet.format.RowGroup$RowGroupStandardScheme::read (546 bytes)   made not entrant: not used
[0.268s][info][jit,compilation] 1546       2       sun.nio.fs.UnixPath::getFileSystem (5 bytes)
[0.268s][info][jit,compilation] 1547       2       sun.nio.fs.UnixNativeDispatcher::copyToNativeBuffer (49 bytes)
[0.268s][info][jit,compilation] 1548       2       sun.nio.fs.UnixPath::getByteArrayForSysCalls (48 bytes)
[0.268s][info][jit,compilation] 1549       2       sun.nio.fs.NativeBuffers::getNativeBufferFromCache (51 bytes)
[0.268s][info][jit,compilation] 1550       2       sun.nio.fs.NativeBuffer::close (5 bytes)
[0.268s][info][jit,compilation] 1551       2       sun.nio.fs.NativeBuffer::release (5 bytes)
[0.268s][info][jit,compilation] 1552       2       sun.nio.fs.NativeBuffers::releaseNativeBuffer (97 bytes)
[0.270s][info][jit,compilation] 1553       1       jdk.internal.loader.Resource::getManifest (2 bytes)
[0.270s][info][jit,compilation] 1554     n 0       java.io.UnixFileSystem::getLength0 (native)   
[0.270s][info][jit,compilation] 1555       1       jdk.internal.loader.Resource::getCodeSigners (2 bytes)
[0.270s][info][jit,compilation] 1377       3       org.apache.parquet.format.PageEncodingStats$PageEncodingStatsStandardScheme::read (227 bytes)   made not entrant: not used
[0.270s][info][jit,compilation] 1542       4       org.apache.parquet.format.ColumnChunk$ColumnChunkStandardScheme::read (483 bytes)
[0.272s][info][jit,compilation] 1556       2       jdk.internal.vm.ContinuationSupport::isSupported (4 bytes)
[0.272s][info][jit,compilation] 1557     n 0       jdk.internal.vm.Continuation::pin (native)   (static)
[0.272s][info][jit,compilation] 1558     n 0       jdk.internal.vm.Continuation::unpin (native)   (static)
[0.272s][info][jit,compilation] 1559   !   2       java.util.concurrent.ConcurrentHashMap::replaceNode (437 bytes)
[0.274s][info][jit,compilation] 1560       2       java.util.ImmutableCollections$List12::<init> (20 bytes)
[0.275s][info][jit,compilation] 1561       2       java.lang.classfile.ClassBuilder::withMethod (34 bytes)
[0.275s][info][jit,compilation] 1562       2       jdk.internal.classfile.impl.DirectClassBuilder::withMethod (29 bytes)
[0.275s][info][jit,compilation] 1563       2       jdk.internal.classfile.impl.BufWriterImpl::<init> (11 bytes)
[0.275s][info][jit,compilation] 1564       2       java.lang.invoke.MethodHandles$Lookup::<init> (84 bytes)
[0.275s][info][jit,compilation] 1565       2       jdk.internal.classfile.impl.Util::powerOctal (21 bytes)
[0.275s][info][jit,compilation] 1567       2       java.util.ArrayList::isEmpty (13 bytes)
[0.275s][info][jit,compilation] 1566       2       jdk.internal.classfile.impl.BufWriterImpl::bytecodeView (12 bytes)
[0.275s][info][jit,compilation] 1568       2       jdk.internal.classfile.impl.StackMapGenerator$Type::equals (54 bytes)
[0.277s][info][jit,compilation] 1569       2       jdk.internal.classfile.impl.UnboundAttribute::<init> (10 bytes)
[0.277s][info][jit,compilation] 1571       2       jdk.internal.classfile.impl.SplitConstantPool::utf8Entry (25 bytes)
[0.277s][info][jit,compilation] 1572       2       java.lang.invoke.DirectMethodHandle$Holder::newInvokeSpecial (21 bytes)
[0.277s][info][jit,compilation] 1573       2       jdk.internal.classfile.impl.Util::checkKind (15 bytes)
[0.277s][info][jit,compilation] 1574       1       java.lang.classfile.Opcode::sizeIfFixed (5 bytes)
[0.277s][info][jit,compilation] 1575       2       java.util.ArrayList::iterator (9 bytes)
[0.277s][info][jit,compilation] 1577       2       jdk.internal.classfile.impl.ClassReaderImpl::checkType (23 bytes)
[0.277s][info][jit,compilation] 1578       2       jdk.internal.classfile.impl.SplitConstantPool::entryByIndex (11 bytes)
[0.277s][info][jit,compilation] 1576       2       java.util.ArrayList$Itr::<init> (31 bytes)
[0.277s][info][jit,compilation] 1579       2       jdk.internal.classfile.impl.BufWriterImpl::writeInt (58 bytes)
[0.278s][info][jit,compilation] 1580       1       jdk.internal.classfile.impl.AbstractPoolEntry$StringEntryImpl::tag (3 bytes)
[0.278s][info][jit,compilation] 1581       2       java.lang.invoke.MethodHandleNatives::refKindIsMethod (19 bytes)
[0.278s][info][jit,compilation] 1582     n 0       java.lang.invoke.MethodHandle::linkToSpecial(LLLLLL)V (native)   (static)
[0.278s][info][jit,compilation] 1583       2       java.lang.invoke.MemberName::isMethod (8 bytes)
[0.278s][info][jit,compilation] 1584       2       jdk.internal.classfile.impl.DirectCodeBuilder::setLabelTarget (47 bytes)
[0.278s][info][jit,compilation] 1585       2       jdk.internal.jimage.ImageStringsReader::hashCode (33 bytes)
[0.278s][info][jit,compilation] 1586       2       java.util.Optional::empty (6 bytes)
[0.278s][info][jit,compilation] 1587   !   2       java.nio.DirectIntBufferU::get (34 bytes)
[0.278s][info][jit,compilation] 1588       2       java.nio.DirectIntBufferU::ix (10 bytes)
[0.279s][info][jit,compilation] 1589   !   2       jdk.internal.misc.ScopedMemoryAccess::getInt (16 bytes)
[0.279s][info][jit,compilation] 1590   !   2       jdk.internal.misc.ScopedMemoryAccess::getIntInternal (34 bytes)
[0.279s][info][jit,compilation] 1591       2       java.lang.invoke.VarHandleByteArrayAsInts$ArrayHandle::index (12 bytes)
[0.279s][info][jit,compilation] 1387       3       org.apache.parquet.format.Statistics$StatisticsStandardScheme::read (382 bytes)   made not entrant: not used
[0.279s][info][jit,compilation] 1524       4       java.lang.String::utf8 (269 bytes)
[0.280s][info][jit,compilation] 1592       1       java.nio.Buffer::position (5 bytes)
[0.280s][info][jit,compilation] 1593       2       java.lang.invoke.MethodHandles$Lookup::checkSymbolicClass (25 bytes)
[0.280s][info][jit,compilation] 1594       2       java.lang.invoke.MethodHandleNatives::findMethodHandleType (7 bytes)
[0.280s][info][jit,compilation] 1595       2       jdk.internal.classfile.impl.SplitConstantPool::writeTo (95 bytes)
[0.281s][info][jit,compilation] 1596       2       jdk.internal.util.ArraysSupport::hashCode (42 bytes)
[0.281s][info][jit,compilation] 1597       2       java.lang.invoke.MethodHandles$Lookup::in (283 bytes)
[0.281s][info][jit,compilation] 1601     n 0       java.lang.invoke.MethodHandle::linkToSpecial(LJLL)V (native)   (static)
[0.281s][info][jit,compilation] 1602       2       jdk.internal.classfile.impl.SplitConstantPool::methodRefEntry (72 bytes)
[0.281s][info][jit,compilation] 1605     n 0       java.lang.invoke.MethodHandle::invokeBasic(JL)L (native)   
[0.281s][info][jit,compilation] 1606     n 0       java.lang.invoke.MethodHandle::linkToSpecial(LJLL)L (native)   (static)
[0.282s][info][jit,compilation] 1600       2       sun.invoke.util.Wrapper::isSingleWord (15 bytes)
[0.282s][info][jit,compilation] 1598       2       java.lang.invoke.MethodHandleNatives::isCallerSensitive (29 bytes)
[0.282s][info][jit,compilation] 1608     n 0       java.lang.invoke.MethodHandle::linkToInterface(LLL)L (native)   (static)
[0.282s][info][jit,compilation] 1609       2       java.lang.invoke.LambdaForm::parameterType (9 bytes)
[0.282s][info][jit,compilation] 1599       2       java.lang.invoke.MethodHandleNatives::canBeCalledVirtual (49 bytes)
[0.282s][info][jit,compilation] 1603       1       jdk.internal.classfile.impl.AnnotationImpl::elements (5 bytes)
[0.282s][info][jit,compilation] 1604       1       jdk.internal.classfile.impl.AnnotationImpl::className (5 bytes)
[0.282s][info][jit,compilation] 1610       2       java.lang.invoke.LambdaForm$NamedFunction::returnType (11 bytes)
[0.282s][info][jit,compilation] 1607       1       java.lang.classfile.ClassFile::latestMajorVersion (3 bytes)
[0.282s][info][jit,compilation] 1611       1       java.lang.classfile.ClassFile::latestMinorVersion (2 bytes)
[0.282s][info][jit,compilation] 1612       1       jdk.internal.classfile.impl.DirectClassBuilder::setFlags (6 bytes)
[0.282s][info][jit,compilation] 1613   !   2       java.lang.invoke.MethodHandle::setVarargs (50 bytes)
[0.282s][info][jit,compilation] 1615     n 0       java.lang.invoke.MethodHandle::linkToStatic(JJL)L (native)   (static)
[0.282s][info][jit,compilation] 1618       2       jdk.internal.classfile.impl.BufWriterImpl::patchInt (41 bytes)
[0.282s][info][jit,compilation] 1617       2       jdk.internal.classfile.impl.DirectCodeBuilder::loadLocal (126 bytes)
[0.283s][info][jit,compilation] 1614       2       java.lang.invoke.MemberName::isVarargs (23 bytes)
[0.283s][info][jit,compilation] 1616       2       java.lang.invoke.InvokerBytecodeGenerator::emitLoadInsn (15 bytes)
[0.283s][info][jit,compilation] 1619       2       java.lang.Long::hashCode (8 bytes)
[0.283s][info][jit,compilation] 1620     n 0       java.lang.ClassLoader::defineClass0 (native)   (static)
[0.283s][info][jit,compilation]  716       4       java.util.HashMap::getNode (150 bytes)   made not entrant: uncommon trap
[0.284s][info][jit,compilation] 1621       2       jdk.internal.classfile.impl.BufWriterImpl::writeBytes (30 bytes)
[0.284s][info][jit,compilation] 1623       2       sun.invoke.util.VerifyAccess::ensureTypeVisible (47 bytes)
[0.284s][info][jit,compilation] 1372       3       org.apache.parquet.format.ColumnMetaData$ColumnMetaDataStandardScheme::read (1180 bytes)   made not entrant: not used
[0.284s][info][jit,compilation] 1450       4       java.lang.Object::equals (11 bytes)
[0.284s][info][jit,compilation] 1622       2       java.util.Arrays::hashCode (15 bytes)
[0.284s][info][jit,compilation]  158       3       java.lang.Object::equals (11 bytes)   made not entrant: not used
[0.284s][info][jit,compilation] 1471       4       org.apache.parquet.format.InterningProtocol::readBinary (8 bytes)
[0.284s][info][jit,compilation] 1624       2       java.util.Objects::hash (5 bytes)
[0.285s][info][jit,compilation]  354       3       java.lang.String::utf8 (269 bytes)   made not entrant: not used
[0.285s][info][jit,compilation] 1625       2       java.lang.invoke.AbstractValidatingLambdaMetafactory::isAdaptableTo (126 bytes)
[0.285s][info][jit,compilation] 1484       4       shaded.parquet.org.apache.thrift.protocol.TCompactProtocol::readBinary (82 bytes)
[0.285s][info][jit,compilation] 1626       2       jdk.internal.classfile.impl.Util::isAttributeAllowed (45 bytes)
[0.285s][info][jit,compilation] 1627       2       jdk.internal.constant.MethodTypeDescImpl::ofValidated (27 bytes)
[0.285s][info][jit,compilation] 1628       2       jdk.internal.constant.MethodTypeDescImpl::<init> (15 bytes)
[0.285s][info][jit,compilation] 1629       2       java.lang.invoke.MethodHandles$Lookup::lookupClassOrNull (17 bytes)
[0.285s][info][jit,compilation] 1400       3       org.apache.parquet.format.ColumnChunk$ColumnChunkStandardScheme::read (483 bytes)   made not entrant: not used
[0.285s][info][jit,compilation] 1491       4       java.nio.Buffer::position (52 bytes)
[0.286s][info][jit,compilation] 1340       3       java.nio.Buffer::position (52 bytes)   made not entrant: not used
[0.286s][info][jit,compilation] 1492       4       java.nio.ByteBuffer::position (8 bytes)
[0.286s][info][jit,compilation] 1630       2       java.util.HashMap::getNode (150 bytes)
[0.286s][info][jit,compilation] 1631       2       java.lang.Enum::equals (11 bytes)
[0.286s][info][jit,compilation] 1343       3       java.nio.ByteBuffer::position (8 bytes)   made not entrant: not used
[0.286s][info][jit,compilation] 1495       4       java.nio.Buffer::limit (65 bytes)
[0.286s][info][jit,compilation] 1632       2       java.util.stream.AbstractPipeline::isParallel (8 bytes)
[0.286s][info][jit,compilation] 1344       3       java.nio.Buffer::limit (65 bytes)   made not entrant: not used
[0.286s][info][jit,compilation] 1496       4       java.nio.ByteBuffer::limit (8 bytes)
[0.286s][info][jit,compilation] 1633     n 0       java.lang.invoke.MethodHandle::linkToInterface(LL)L (native)   (static)
[0.286s][info][jit,compilation] 1634       2       java.lang.invoke.InvokerBytecodeGenerator::emitPushArgument (145 bytes)
[0.287s][info][jit,compilation] 1345       3       java.nio.ByteBuffer::limit (8 bytes)   made not entrant: not used
[0.287s][info][jit,compilation] 1488       4       java.nio.Buffer::<init> (105 bytes)
[0.287s][info][jit,compilation] 1636       2       java.lang.invoke.ConstantCallSite::getTarget (20 bytes)
[0.287s][info][jit,compilation] 1635       1       java.lang.invoke.MethodHandleNatives::isPullModeBSM (2 bytes)
[0.287s][info][jit,compilation] 1637       2       java.lang.classfile.TypeKind::from (25 bytes)
[0.287s][info][jit,compilation] 1640       2       java.util.stream.ReferencePipeline$2$1::accept (24 bytes)
[0.287s][info][jit,compilation] 1638       2       java.lang.invoke.MethodHandles$Lookup::isArrayClone (50 bytes)
[0.287s][info][jit,compilation] 1641       2       java.lang.classfile.constantpool.ConstantPoolBuilder::methodRefEntry (22 bytes)
[0.287s][info][jit,compilation] 1639       2       sun.invoke.util.VerifyAccess::isMemberAccessible (338 bytes)
[0.287s][info][jit,compilation] 1642     n 0       java.lang.invoke.MethodHandle::linkToVirtual(LLLLL)L (native)   (static)
[0.287s][info][jit,compilation] 1352       3       java.nio.Buffer::<init> (105 bytes)   made not entrant: not used
[0.288s][info][jit,compilation] 1643       2       java.lang.classfile.ClassBuilder::withMethodBody (15 bytes)
[0.288s][info][jit,compilation] 1570       4       jdk.internal.constant.MethodTypeDescImpl::parameterType (7 bytes)
[0.288s][info][jit,compilation] 1644       2       jdk.internal.classfile.impl.Util::buildingCode (9 bytes)
[0.288s][info][jit,compilation]  806       3       jdk.internal.constant.MethodTypeDescImpl::parameterType (7 bytes)   made not entrant: not used
[0.288s][info][jit,compilation] 1502       4       java.nio.ByteBuffer::position (6 bytes)
[0.288s][info][jit,compilation] 1645       2       java.util.stream.StreamOpFlag::combineOpFlags (9 bytes)
[0.288s][info][jit,compilation] 1646       2       java.util.stream.StreamOpFlag::getMask (30 bytes)
[0.288s][info][jit,compilation] 1647       1       java.lang.constant.ClassDesc::isArray (2 bytes)
[0.288s][info][jit,compilation] 1648     n 0       jdk.internal.reflect.Reflection::areNestMates (native)   (static)
[0.288s][info][jit,compilation] 1649       2       jdk.internal.constant.ConstantUtils::concat (12 bytes)
[0.288s][info][jit,compilation] 1350       3       java.nio.ByteBuffer::position (6 bytes)   made not entrant: not used
[0.288s][info][jit,compilation] 1486       4       java.nio.ByteBuffer::<init> (47 bytes)
[0.288s][info][jit,compilation] 1650       2       java.lang.System$1::concat (7 bytes)
[0.288s][info][jit,compilation] 1653     n 0       java.lang.invoke.LambdaProxyClassArchive::findFromArchive (native)   (static)
[0.288s][info][jit,compilation] 1655     n 0       java.lang.invoke.MethodHandle::linkToStatic(LLLLIIILL)L (native)   (static)
[0.288s][info][jit,compilation] 1651       2       jdk.internal.classfile.impl.BufWriterImpl::grow (33 bytes)
[0.289s][info][jit,compilation] 1656       2       jdk.internal.classfile.impl.BufWriterImpl::writeU1U1 (39 bytes)
[0.289s][info][jit,compilation] 1654       1       java.util.Spliterators$ArraySpliterator::characteristics (5 bytes)
[0.289s][info][jit,compilation] 1652       1       java.lang.invoke.DirectMethodHandle::isCrackable (5 bytes)
[0.289s][info][jit,compilation] 1657   !   2       jdk.internal.classfile.impl.StackMapGenerator::detectFrames (498 bytes)
[0.289s][info][jit,compilation] 1659     n 0       java.lang.invoke.MethodHandle::linkToSpecial(LLLLLIIIL)V (native)   (static)
[0.289s][info][jit,compilation] 1660     n 0       java.lang.invoke.MethodHandle::invokeBasic(LLLLIII)L (native)   
[0.289s][info][jit,compilation] 1661     n 0       java.lang.invoke.MethodHandle::linkToSpecial(LLLLLIIIL)L (native)   (static)
[0.289s][info][jit,compilation] 1658       2       jdk.internal.classfile.impl.StackMapGenerator::processMethod (258 bytes)
[0.289s][info][jit,compilation] 1662     n 0       java.lang.invoke.MethodHandle::linkToStatic(JL)V (native)   (static)
[0.289s][info][jit,compilation] 1668     n 0       java.lang.invoke.MethodHandle::linkToSpecial(LJL)V (native)   (static)
[0.289s][info][jit,compilation] 1333       3       java.nio.ByteBuffer::<init> (47 bytes)   made not entrant: not used
[0.289s][info][jit,compilation] 1503       4       java.nio.ByteBuffer::limit (6 bytes)
[0.289s][info][jit,compilation] 1663       2       jdk.internal.classfile.impl.DirectMethodBuilder::<init> (45 bytes)
[0.289s][info][jit,compilation] 1669     n 0       java.lang.invoke.MethodHandle::linkToNative(JLJJLJLJL)I (native)   (static)
[0.290s][info][jit,compilation] 1664       2       jdk.internal.classfile.impl.DirectMethodBuilder::withCode (7 bytes)
[0.290s][info][jit,compilation] 1665       2       jdk.internal.classfile.impl.DirectMethodBuilder::withCode (22 bytes)
[0.290s][info][jit,compilation] 1666   !   2       jdk.internal.classfile.impl.DirectCodeBuilder::build (78 bytes)
[0.290s][info][jit,compilation] 1351       3       java.nio.ByteBuffer::limit (6 bytes)   made not entrant: not used
[0.290s][info][jit,compilation] 1499   !   4       java.nio.ByteBuffer::wrap (21 bytes)
[0.290s][info][jit,compilation] 1667       2       jdk.internal.classfile.impl.DirectCodeBuilder::<init> (187 bytes)
[0.290s][info][jit,compilation] 1670     n 0       java.lang.invoke.MethodHandle::linkToStatic(LLLLLL)V (native)   (static)
[0.290s][info][jit,compilation] 1671       2       java.lang.classfile.constantpool.ConstantPoolBuilder::nameAndTypeEntry (21 bytes)
[0.290s][info][jit,compilation] 1672       2       jdk.internal.classfile.impl.SplitConstantPool::fieldRefEntry (72 bytes)
[0.290s][info][jit,compilation] 1674       2       java.lang.classfile.constantpool.MemberRefEntry::type (12 bytes)
[0.290s][info][jit,compilation] 1673       2       jdk.internal.classfile.impl.AbstractPoolEntry$Utf8EntryImpl::fieldTypeSymbol (34 bytes)
[0.291s][info][jit,compilation] 1675       2       sun.invoke.util.Wrapper::forBasicType (103 bytes)
[0.291s][info][jit,compilation] 1676       2       java.lang.classfile.constantpool.ConstantPoolBuilder::nameAndTypeEntry (21 bytes)
[0.291s][info][jit,compilation] 1677       2       java.lang.classfile.CodeBuilder::checkcast (19 bytes)
[0.291s][info][jit,compilation] 1317   !   3       java.nio.ByteBuffer::wrap (21 bytes)   made not entrant: not used
[0.291s][info][jit,compilation] 1678       2       jdk.internal.classfile.impl.SplitConstantPool::utf8Entry (6 bytes)
[0.291s][info][jit,compilation] 1500       4       java.nio.HeapByteBuffer::<init> (23 bytes)
[0.291s][info][jit,compilation] 1679     n 0       java.lang.invoke.MethodHandle::linkToStatic(ILL)V (native)   (static)
[0.291s][info][jit,compilation] 1680       2       jdk.internal.classfile.impl.AbstractPoolEntry$MethodRefEntryImpl::<init> (12 bytes)
[0.291s][info][jit,compilation] 1681     n 0       java.lang.invoke.MethodHandle::linkToSpecial(LIL)V (native)   (static)
[0.291s][info][jit,compilation] 1682     n 0       java.lang.invoke.MethodHandle::invokeBasic(I)L (native)   
[0.291s][info][jit,compilation] 1683     n 0       java.lang.invoke.MethodHandle::linkToSpecial(LIL)L (native)   (static)
[0.292s][info][jit,compilation] 1616       2       java.lang.invoke.InvokerBytecodeGenerator::emitLoadInsn (15 bytes)   made not entrant: marked for deoptimization
[0.292s][info][jit,compilation] 1634       2       java.lang.invoke.InvokerBytecodeGenerator::emitPushArgument (145 bytes)   made not entrant: marked for deoptimization
[0.292s][info][jit,compilation] 1677       2       java.lang.classfile.CodeBuilder::checkcast (19 bytes)   made not entrant: marked for deoptimization
[0.292s][info][jit,compilation] 1353       3       java.nio.HeapByteBuffer::<init> (23 bytes)   made not entrant: not used
[0.292s][info][jit,compilation] 1493       4       java.util.ArrayList::<init> (61 bytes)
[0.292s][info][jit,compilation] 1684       2       jdk.internal.classfile.impl.StackMapGenerator$Frame::getLocalRawInternal (13 bytes)
[0.292s][info][jit,compilation] 1685       2       jdk.internal.classfile.impl.StackMapGenerator::processInvokeInstructions (262 bytes)
[0.292s][info][jit,compilation] 1155       3       java.util.ArrayList::<init> (61 bytes)   made not entrant: not used
[0.292s][info][jit,compilation] 1489       4       org.apache.parquet.format.InterningProtocol::readListBegin (8 bytes)
[0.292s][info][jit,compilation] 1688     n 0       java.lang.invoke.MethodHandle::linkToStatic(LLLJLLL)I (native)   (static)
[0.293s][info][jit,compilation] 1690     n 0       java.lang.invoke.MethodHandle::invokeBasic(LLLJLL)I (native)   
[0.293s][info][jit,compilation] 1691     n 0       java.lang.invoke.MethodHandle::linkToSpecial(LLLLJLLL)I (native)   (static)
[0.293s][info][jit,compilation] 1694     n 0       java.lang.invoke.MethodHandle::invokeBasic(L)V (native)   
[0.293s][info][jit,compilation] 1686       2       jdk.internal.classfile.impl.StackMapGenerator$Frame::merge (48 bytes)
[0.293s][info][jit,compilation] 1687       2       jdk.internal.classfile.impl.StackMapGenerator$Type::mergeFrom (100 bytes)
[0.293s][info][jit,compilation] 1692       2       java.lang.invoke.LambdaForm$BasicType::basicTypeSlots (8 bytes)
[0.293s][info][jit,compilation] 1693       2       sun.invoke.util.Wrapper::stackSlots (9 bytes)
[0.293s][info][jit,compilation] 1689       2       jdk.internal.classfile.impl.StackMapGenerator$Frame::<init> (75 bytes)
[0.293s][info][jit,compilation] 1695       2       java.lang.invoke.InvokerBytecodeGenerator::emitImplicitConversion (166 bytes)
[0.294s][info][jit,compilation] 1698       2       java.util.stream.PipelineHelper::<init> (5 bytes)
[0.294s][info][jit,compilation] 1696       2       java.lang.invoke.LambdaForm$Name::<init> (20 bytes)
[0.294s][info][jit,compilation] 1699     n 0       java.lang.invoke.MethodHandle::linkToNative(JJL)J (native)   (static)
[0.294s][info][jit,compilation] 1701       2       jdk.internal.classfile.impl.Util::writeList (36 bytes)
[0.294s][info][jit,compilation] 1702       2       jdk.internal.classfile.impl.BufWriterImpl::copyTo (15 bytes)
[0.294s][info][jit,compilation] 1707     n 0       java.lang.invoke.MethodHandle::linkToStatic(LLJL)J (native)   (static)
[0.294s][info][jit,compilation] 1700       2       jdk.internal.classfile.impl.DirectCodeBuilder::writeInvokeNormal (13 bytes)
[0.294s][info][jit,compilation] 1697       2       java.lang.invoke.DirectMethodHandle::make (25 bytes)
[0.294s][info][jit,compilation] 1704       1       jdk.internal.classfile.impl.AbstractPseudoInstruction$ExceptionCatchImpl::tryStart (5 bytes)
[0.294s][info][jit,compilation] 1705       1       jdk.internal.classfile.impl.AbstractPseudoInstruction$ExceptionCatchImpl::tryEnd (5 bytes)
[0.294s][info][jit,compilation] 1706       1       jdk.internal.classfile.impl.AbstractPseudoInstruction$ExceptionCatchImpl::handler (5 bytes)
[0.294s][info][jit,compilation] 1708     n 0       java.lang.invoke.MethodHandle::invokeBasic(LLJ)J (native)   
[0.294s][info][jit,compilation] 1709     n 0       java.lang.invoke.MethodHandle::linkToSpecial(LLLJL)J (native)   (static)
[0.294s][info][jit,compilation] 1710       2       jdk.internal.classfile.impl.StackMapGenerator$Frame::<init> (13 bytes)
[0.295s][info][jit,compilation] 1711       2       java.lang.invoke.InvokerBytecodeGenerator::emitPushArgument (145 bytes)
[0.295s][info][jit,compilation] 1712       2       java.lang.invoke.InvokerBytecodeGenerator::emitLoadInsn (15 bytes)
[0.295s][info][jit,compilation] 1713   !   2       jdk.internal.classfile.impl.DirectCodeBuilder$4::tryGenerateStackMaps (48 bytes)
[0.295s][info][jit,compilation] 1714       2       jdk.internal.classfile.impl.DirectCodeBuilder$4::generateStackMaps (35 bytes)
[0.295s][info][jit,compilation] 1719     n 0       java.lang.invoke.MethodHandle::linkToNative(JLJJLJL)I (native)   (static)
[0.295s][info][jit,compilation] 1715       2       jdk.internal.classfile.impl.StackMapGenerator::of (80 bytes)
[0.295s][info][jit,compilation] 1716       2       jdk.internal.classfile.impl.StackMapGenerator::<init> (137 bytes)
[0.295s][info][jit,compilation] 1725     n 0       java.lang.invoke.MethodHandle::linkToStatic(LLLJLL)I (native)   (static)
[0.295s][info][jit,compilation] 1723       2       jdk.internal.classfile.impl.StackMapGenerator$Type::isCategory2_2nd (20 bytes)
[0.295s][info][jit,compilation] 1726     n 0       java.lang.invoke.MethodHandle::invokeBasic(LLLJL)I (native)   
[0.296s][info][jit,compilation] 1720       2       sun.invoke.util.Wrapper::isSubwordOrInt (20 bytes)
[0.296s][info][jit,compilation] 1727     n 0       java.lang.invoke.MethodHandle::linkToSpecial(LLLLJLL)I (native)   (static)
[0.296s][info][jit,compilation] 1728       2       jdk.internal.classfile.impl.AbstractPoolEntry$Utf8EntryImpl::clone (6 bytes)
[0.296s][info][jit,compilation] 1729       2       jdk.internal.classfile.impl.AbstractPoolEntry$Utf8EntryImpl::clone (65 bytes)
[0.296s][info][jit,compilation] 1721       2       sun.invoke.util.Wrapper::isIntegral (23 bytes)
[0.296s][info][jit,compilation] 1722       2       sun.invoke.util.Wrapper::isNumeric (16 bytes)
[0.296s][info][jit,compilation] 1724   !   2       jdk.internal.classfile.impl.ClassReaderImpl::readU1 (17 bytes)
[0.296s][info][jit,compilation] 1730       2       jdk.internal.classfile.impl.AbstractAttributeMapper::writeAttribute (48 bytes)
[0.296s][info][jit,compilation] 1731       2       jdk.internal.classfile.impl.StackMapGenerator::processFieldInstructions (140 bytes)
[0.296s][info][jit,compilation] 1732       2       jdk.internal.classfile.impl.AnnotationReader::writeAnnotation (80 bytes)
[0.296s][info][jit,compilation] 1735     n 0       java.lang.invoke.MethodHandle::linkToStatic(LIL)L (native)   (static)
[0.297s][info][jit,compilation] 1736     n 0       java.lang.invoke.MethodHandle::invokeBasic(LI)L (native)   
[0.297s][info][jit,compilation] 1737     n 0       java.lang.invoke.MethodHandle::linkToSpecial(LLIL)L (native)   (static)
[0.297s][info][jit,compilation] 1738     n 0       java.lang.invoke.MethodHandle::linkToStatic(LILL)V (native)   (static)
[0.297s][info][jit,compilation] 1733       2       jdk.internal.classfile.impl.DirectCodeBuilder::fieldAccess (15 bytes)
[0.297s][info][jit,compilation] 1739     n 0       java.lang.invoke.MethodHandle::invokeBasic(LIL)V (native)   
[0.297s][info][jit,compilation] 1740     n 0       java.lang.invoke.MethodHandle::linkToSpecial(LLILL)V (native)   (static)
[0.297s][info][jit,compilation] 1734       2       jdk.internal.classfile.impl.DirectCodeBuilder::writeFieldAccess (13 bytes)
[0.297s][info][jit,compilation] 1741       2       java.lang.invoke.InvokerBytecodeGenerator::emitStoreResult (31 bytes)
[0.297s][info][jit,compilation] 1742       2       java.lang.invoke.LambdaForm$NamedFunction::intrinsicName (21 bytes)
[0.297s][info][jit,compilation] 1745     n 0       java.lang.invoke.MethodHandle::invokeBasic(L)I (native)   
[0.297s][info][jit,compilation] 1744       2       jdk.internal.misc.VM::isSystemDomainLoader (17 bytes)
[0.297s][info][jit,compilation] 1743       2       java.lang.invoke.LambdaForm$NamedFunction::member (26 bytes)
[0.297s][info][jit,compilation] 1746       2       java.lang.invoke.LambdaForm::useCount (107 bytes)
[0.297s][info][jit,compilation] 1748       2       java.lang.invoke.LambdaForm::returnType (26 bytes)
[0.297s][info][jit,compilation] 1749       2       jdk.internal.classfile.impl.StackMapGenerator$Frame::setLocalRawInternal (41 bytes)
[0.297s][info][jit,compilation] 1322       4       shaded.parquet.org.apache.thrift.transport.TTransport::readAll (87 bytes)   made not entrant: marked for deoptimization
[0.297s][info][jit,compilation] 1326       4       shaded.parquet.org.apache.thrift.protocol.TCompactProtocol::readByte (60 bytes)   made not entrant: marked for deoptimization
[0.297s][info][jit,compilation] 1328   !   4       shaded.parquet.org.apache.thrift.transport.TIOStreamTransport::read (78 bytes)   made not entrant: marked for deoptimization
[0.297s][info][jit,compilation] 1329       4       org.weakref.nitro.parquet.ParquetFile$SegmentInputStream::read (64 bytes)   made not entrant: marked for deoptimization
[0.297s][info][jit,compilation] 1370       4       org.apache.parquet.format.InterningProtocol::readFieldBegin (8 bytes)   made not entrant: marked for deoptimization
[0.297s][info][jit,compilation] 1371       4       shaded.parquet.org.apache.thrift.protocol.TCompactProtocol::readFieldBegin (106 bytes)   made not entrant: marked for deoptimization
[0.297s][info][jit,compilation] 1384       4       shaded.parquet.org.apache.thrift.protocol.TCompactProtocol::readVarint32 (128 bytes)   made not entrant: marked for deoptimization
[0.297s][info][jit,compilation] 1417       4       shaded.parquet.org.apache.thrift.protocol.TCompactProtocol::readVarint64 (136 bytes)   made not entrant: marked for deoptimization
[0.297s][info][jit,compilation] 1388       4       org.apache.parquet.format.InterningProtocol::readI32 (8 bytes)   made not entrant: marked for deoptimization
[0.297s][info][jit,compilation] 1391       4       shaded.parquet.org.apache.thrift.protocol.TCompactProtocol::readI32 (9 bytes)   made not entrant: marked for deoptimization
[0.297s][info][jit,compilation] 1425       4       org.apache.parquet.format.InterningProtocol::readI64 (8 bytes)   made not entrant: marked for deoptimization
[0.297s][info][jit,compilation] 1426       4       shaded.parquet.org.apache.thrift.protocol.TCompactProtocol::readI64 (9 bytes)   made not entrant: marked for deoptimization
[0.297s][info][jit,compilation] 1505       4       org.apache.parquet.format.PageEncodingStats$PageEncodingStatsStandardScheme::read (227 bytes)   made not entrant: marked for deoptimization
[0.297s][info][jit,compilation] 1511       4       org.apache.parquet.format.Statistics$StatisticsStandardScheme::read (382 bytes)   made not entrant: marked for deoptimization
[0.297s][info][jit,compilation] 1459       4       org.apache.parquet.format.ColumnMetaData$ColumnMetaDataStandardScheme::read (1180 bytes)   made not entrant: marked for deoptimization
[0.297s][info][jit,compilation] 1542       4       org.apache.parquet.format.ColumnChunk$ColumnChunkStandardScheme::read (483 bytes)   made not entrant: marked for deoptimization
[0.297s][info][jit,compilation] 1288       3       jdk.internal.foreign.AbstractMemorySegmentImpl::copy (255 bytes)   made not entrant: marked for deoptimization
[0.297s][info][jit,compilation] 1275       3       jdk.internal.foreign.AbstractMemorySegmentImpl::isAlignedForElement (12 bytes)   made not entrant: marked for deoptimization
[0.298s][info][jit,compilation] 1276       3       jdk.internal.foreign.AbstractMemorySegmentImpl::isAlignedForElement (26 bytes)   made not entrant: marked for deoptimization
[0.298s][info][jit,compilation] 1285       3       java.lang.foreign.MemorySegment::copy (29 bytes)   made not entrant: marked for deoptimization
[0.298s][info][jit,compilation] 1750     n 0       java.lang.invoke.MethodHandle::linkToSpecial(LLLILLL)L (native)   (static)
[0.298s][info][jit,compilation] 1751       2       jdk.internal.classfile.impl.DirectCodeBuilder::setLabelTarget (10 bytes)
[0.298s][info][jit,compilation] 1752     n 0       java.lang.invoke.MethodHandle::linkToStatic(IIL)I (native)   (static)
[0.299s][info][jit,compilation] 1753     n 0       java.lang.invoke.MethodHandle::linkToSpecial(LLLLLLLL)L (native)   (static)
[0.299s][info][jit,compilation] 1754     n 0       java.lang.invoke.MethodHandle::linkToStatic(LLIL)L (native)   (static)
[0.299s][info][jit,compilation] 1755     n 0       java.lang.invoke.MethodHandle::invokeBasic(LLI)L (native)   
[0.299s][info][jit,compilation] 1756       2       java.lang.invoke.MethodHandles$Lookup::resolveOrFail (48 bytes)
[0.299s][info][jit,compilation] 1758     n 0       java.lang.invoke.MethodHandle::linkToStatic(JJL)I (native)   (static)
[0.299s][info][jit,compilation] 1759     n 0       java.lang.invoke.MethodHandle::linkToStatic(FFL)I (native)   (static)
[0.299s][info][jit,compilation] 1760     n 0       java.lang.invoke.MethodHandle::linkToStatic(DDL)I (native)   (static)
[0.299s][info][jit,compilation] 1761     n 0       java.lang.invoke.MethodHandle::linkToStatic(IL)I (native)   (static)
[0.299s][info][jit,compilation] 1762     n 0       java.lang.invoke.MethodHandle::linkToStatic(JL)I (native)   (static)
[0.299s][info][jit,compilation] 1763     n 0       java.lang.invoke.MethodHandle::linkToStatic(FL)I (native)   (static)
[0.299s][info][jit,compilation] 1765     n 0       java.lang.invoke.MethodHandle::linkToStatic(DL)I (native)   (static)
[0.299s][info][jit,compilation] 1764       2       sun.invoke.util.Wrapper::isDoubleWord (15 bytes)
[0.299s][info][jit,compilation] 1757       2       java.lang.invoke.MethodHandles$Lookup::checkMethodName (45 bytes)
[0.299s][info][jit,compilation] 1490       4       shaded.parquet.org.apache.thrift.protocol.TCompactProtocol::readListBegin (49 bytes)
[0.300s][info][jit,compilation] 1766       2       java.lang.classfile.CodeBuilder::checkcast (19 bytes)
[0.300s][info][jit,compilation] 1768     n 0       java.lang.invoke.MethodHandle::linkToStatic(ILLL)L (native)   (static)
[0.300s][info][jit,compilation] 1767       2       jdk.internal.classfile.impl.DirectCodeBuilder::checkcast (13 bytes)
[0.300s][info][jit,compilation] 1769     n 0       java.lang.invoke.MethodHandle::invokeBasic(ILL)L (native)   
[0.300s][info][jit,compilation] 1770     n 0       java.lang.invoke.MethodHandle::linkToSpecial(LILLL)L (native)   (static)
[0.300s][info][jit,compilation] 1771       2       java.lang.invoke.MethodHandleStatics::dumper (4 bytes)
[0.300s][info][jit,compilation] 1772       2       jdk.internal.classfile.impl.EntryMap::nextPowerOfTwo (10 bytes)
[0.300s][info][jit,compilation] 1773       2       jdk.internal.classfile.impl.StackMapGenerator$Type::writeTo (82 bytes)
[0.300s][info][jit,compilation] 1494       4       shaded.parquet.org.apache.thrift.protocol.TCompactProtocol::checkContainerReadLength (84 bytes)
[0.300s][info][jit,compilation] 1774       2       jdk.internal.misc.Unsafe::ensureClassInitialized (18 bytes)
[0.300s][info][jit,compilation] 1775     n 0       java.lang.invoke.MethodHandle::linkToStatic(ILLLLL)V (native)   (static)
[0.300s][info][jit,compilation] 1776       2       java.lang.invoke.InnerClassLambdaMetafactory::methodDesc (45 bytes)
[0.300s][info][jit,compilation] 1780     n 0       java.lang.invoke.MethodHandle::linkToSpecial(LILLLL)V (native)   (static)
[0.300s][info][jit,compilation] 1348       3       shaded.parquet.org.apache.thrift.protocol.TCompactProtocol::checkContainerReadLength (84 bytes)   made not entrant: not used
[0.300s][info][jit,compilation] 1497       4       shaded.parquet.org.apache.thrift.protocol.TProtocol::checkReadBytesAvailable (25 bytes)
[0.300s][info][jit,compilation] 1781     n 0       java.lang.invoke.MethodHandle::invokeBasic(ILLL)L (native)   
[0.300s][info][jit,compilation] 1782     n 0       java.lang.invoke.MethodHandle::linkToSpecial(LILLLL)L (native)   (static)
[0.301s][info][jit,compilation] 1785     n 0       java.lang.invoke.MethodHandle::linkToStatic(ILLL)V (native)   (static)
[0.301s][info][jit,compilation] 1784       2       jdk.internal.classfile.impl.UnboundAttribute$AdHocAttribute::writeTo (49 bytes)
[0.301s][info][jit,compilation] 1787     n 0       java.lang.invoke.MethodHandle::linkToSpecial(LILL)V (native)   (static)
[0.301s][info][jit,compilation] 1498       4       shaded.parquet.org.apache.thrift.protocol.TCompactProtocol::getMinSerializedSize (119 bytes)
[0.301s][info][jit,compilation] 1786       2       jdk.internal.classfile.impl.StackMapGenerator$Frame::setLocalsFromArg (241 bytes)
[0.301s][info][jit,compilation] 1355       3       shaded.parquet.org.apache.thrift.protocol.TProtocol::checkReadBytesAvailable (25 bytes)   made not entrant: not used
[0.301s][info][jit,compilation] 1501       4       org.apache.parquet.format.InterningProtocol::readListEnd (8 bytes)
[0.301s][info][jit,compilation] 1366       3       shaded.parquet.org.apache.thrift.protocol.TCompactProtocol::getMinSerializedSize (119 bytes)   made not entrant: not used
[0.301s][info][jit,compilation] 1447       4       shaded.parquet.org.apache.thrift.protocol.TCompactProtocol::readStructEnd (12 bytes)
[0.301s][info][jit,compilation] 1793     n 0       java.lang.invoke.MethodHandle::invokeBasic(II)I (native)   
[0.301s][info][jit,compilation] 1794     n 0       java.lang.invoke.MethodHandle::linkToSpecial(LIIL)I (native)   (static)
[0.301s][info][jit,compilation] 1789       2       jdk.internal.classfile.impl.DirectCodeBuilder::processDeferredLabels (109 bytes)
[0.301s][info][jit,compilation] 1777       2       jdk.internal.classfile.impl.DirectCodeBuilder::parameterSlot (11 bytes)
[0.301s][info][jit,compilation] 1367       3       org.apache.parquet.format.InterningProtocol::readListEnd (8 bytes)   made not entrant: not used
[0.301s][info][jit,compilation] 1445       4       shaded.parquet.org.apache.thrift.protocol.ShortStack::push (34 bytes)
[0.301s][info][jit,compilation] 1779       1       jdk.internal.constant.PrimitiveClassDescImpl::isPrimitive (2 bytes)
[0.301s][info][jit,compilation] 1778       2       jdk.internal.classfile.impl.DirectMethodBuilder::parameterSlot (49 bytes)
[0.301s][info][jit,compilation] 1788       2       jdk.internal.classfile.impl.Util::maxLocals (18 bytes)
[0.301s][info][jit,compilation] 1336       3       shaded.parquet.org.apache.thrift.protocol.TCompactProtocol::readStructEnd (12 bytes)   made not entrant: not used
[0.301s][info][jit,compilation] 1797     n 0       java.lang.invoke.MethodHandle::linkToStatic(LLLLLLLL)L (native)   (static)
[0.301s][info][jit,compilation] 1790       2       jdk.internal.classfile.impl.ClassFileImpl::passDebugElements (23 bytes)
[0.301s][info][jit,compilation] 1414       4       org.apache.parquet.format.PageType::findByValue (50 bytes)
[0.301s][info][jit,compilation] 1791       2       java.lang.classfile.Attributes::code (4 bytes)
[0.301s][info][jit,compilation] 1792       2       jdk.internal.classfile.impl.DirectCodeBuilder$4::<init> (16 bytes)
[0.301s][info][jit,compilation] 1799     n 0       java.lang.invoke.MethodHandle::invokeBasic(LLLLLLL)L (native)   
[0.302s][info][jit,compilation] 1795       2       jdk.internal.classfile.impl.DirectCodeBuilder::localAccess (37 bytes)
[0.302s][info][jit,compilation] 1373       3       org.apache.parquet.format.PageType::findByValue (50 bytes)   made not entrant: not used
[0.302s][info][jit,compilation] 1509       4       org.apache.parquet.format.PageEncodingStats::validate (77 bytes)
[0.302s][info][jit,compilation] 1334       3       shaded.parquet.org.apache.thrift.protocol.ShortStack::push (34 bytes)   made not entrant: not used
[0.302s][info][jit,compilation] 1510       4       org.apache.parquet.format.ColumnMetaData::validate (195 bytes)
[0.302s][info][jit,compilation] 1381       3       org.apache.parquet.format.PageEncodingStats::validate (77 bytes)   made not entrant: not used
[0.302s][info][jit,compilation] 1783       4       java.util.ImmutableCollections$ListN::size (6 bytes)
[0.302s][info][jit,compilation] 1798       2       java.lang.invoke.MethodHandleNatives::refKindHasReceiver (33 bytes)
[0.302s][info][jit,compilation] 1141       3       java.util.ImmutableCollections$ListN::size (6 bytes)   made not entrant: not used
[0.302s][info][jit,compilation] 1513       4       java.lang.String::<init> (37 bytes)
[0.302s][info][jit,compilation] 1796       2       jdk.internal.classfile.impl.DirectCodeBuilder::buildContent (145 bytes)
[0.302s][info][jit,compilation] 1383       3       org.apache.parquet.format.ColumnMetaData::validate (195 bytes)   made not entrant: not used
[0.302s][info][jit,compilation] 1522       4       java.lang.String::<init> (86 bytes)
[0.302s][info][jit,compilation] 1803     n 0       jdk.internal.misc.Unsafe::getReference (native)   
[0.302s][info][jit,compilation]  287       3       java.lang.String::<init> (37 bytes)   made not entrant: not used
[0.302s][info][jit,compilation] 1526       4       java.lang.String::<init> (16 bytes)
[0.302s][info][jit,compilation] 1800       2       jdk.internal.classfile.impl.TerminalCodeBuilder::setupTopLocal (93 bytes)
[0.303s][info][jit,compilation] 1801       1       org.weakref.nitro.parquet.ParquetFile::data (5 bytes)
[0.303s][info][jit,compilation] 1802       1       org.weakref.nitro.parquet.ParquetFile$Column::leafIndex (5 bytes)
[0.303s][info][jit,compilation]  285       3       java.lang.String::<init> (86 bytes)   made not entrant: not used
[0.303s][info][jit,compilation] 1527       4       org.apache.parquet.format.InterningProtocol::readString (11 bytes)
[0.303s][info][jit,compilation] 1365       3       java.lang.String::<init> (16 bytes)   made not entrant: not used
[0.303s][info][jit,compilation] 1528       4       shaded.parquet.org.apache.thrift.protocol.TCompactProtocol::readString (84 bytes)
[0.305s][info][jit,compilation] 1804       3       java.security.SecureClassLoader::defineClass (16 bytes)
[0.305s][info][jit,compilation] 1805       3       java.security.SecureClassLoader::getProtectionDomain (37 bytes)
[0.305s][info][jit,compilation] 1806       3       java.security.SecureClassLoader$CodeSourceKey::<init> (10 bytes)
[0.305s][info][jit,compilation] 1807       3       java.security.SecureClassLoader$1::<init> (15 bytes)
[0.305s][info][jit,compilation] 1808       3       java.security.SecureClassLoader$CodeSourceKey::hashCode (11 bytes)
[0.305s][info][jit,compilation] 1809       3       java.lang.ClassLoader::defineClass (43 bytes)
[0.309s][info][jit,compilation] 1810       3       java.lang.ClassLoader::preDefineClass (118 bytes)
[0.309s][info][jit,compilation] 1347       3       shaded.parquet.org.apache.thrift.protocol.TCompactProtocol::readListBegin (49 bytes)   made not entrant: not used
[0.309s][info][jit,compilation] 1529       4       shaded.parquet.org.apache.thrift.protocol.TCompactProtocol::checkStringReadLength (93 bytes)
[0.310s][info][jit,compilation] 1811       3       java.lang.ClassLoader::checkCerts (121 bytes)
[0.310s][info][jit,compilation] 1362       3       shaded.parquet.org.apache.thrift.protocol.TCompactProtocol::checkStringReadLength (93 bytes)   made not entrant: not used
[0.310s][info][jit,compilation] 1530       4       shaded.parquet.org.apache.thrift.protocol.TCompactProtocol::readBinary (25 bytes)
[0.310s][info][jit,compilation] 1812       3       java.lang.ClassLoader::defineClassSourceLocation (28 bytes)
[0.313s][info][jit,compilation] 1813       3       sun.net.www.protocol.jar.Handler::indexOfBangSlash (52 bytes)
[0.313s][info][jit,compilation] 1817   !   3       jdk.internal.loader.URLClassPath$JarLoader::createResource (62 bytes)
[0.313s][info][jit,compilation] 1814       3       java.net.URLStreamHandler::setURL (159 bytes)
[0.314s][info][jit,compilation] 1818       3       jdk.internal.loader.URLClassPath$JarLoader$1::getCodeSourceURL (8 bytes)
[0.314s][info][jit,compilation] 1815       3       jdk.internal.loader.URLClassPath$JarLoader$1::<init> (36 bytes)
[0.314s][info][jit,compilation] 1816  s    3       java.util.jar.JarFile::getInputStream (88 bytes)
[0.314s][info][jit,compilation] 1819       3       java.lang.ClassLoader::definePackage (85 bytes)
[0.317s][info][jit,compilation] 1820       3       jdk.internal.loader.BuiltinClassLoader::isSealed (71 bytes)
[0.318s][info][jit,compilation] 1363       3       shaded.parquet.org.apache.thrift.protocol.TCompactProtocol::readBinary (25 bytes)   made not entrant: not used
[0.318s][info][jit,compilation] 1442       4       org.apache.parquet.format.Type::findByValue (82 bytes)
[0.318s][info][jit,compilation] 1364       3       org.apache.parquet.format.Type::findByValue (82 bytes)   made not entrant: not used
[0.318s][info][jit,compilation] 1457       4       org.apache.parquet.format.ColumnOrder$_Fields::findByThriftId (26 bytes)
[0.318s][info][jit,compilation] 1418       3       org.apache.parquet.format.ColumnOrder$_Fields::findByThriftId (26 bytes)   made not entrant: not used
[0.318s][info][jit,compilation] 1703       4       jdk.internal.classfile.impl.AbstractPoolEntry::hash2 (15 bytes)
[0.318s][info][jit,compilation]  609       3       jdk.internal.classfile.impl.AbstractPoolEntry::hash2 (15 bytes)   made not entrant: not used
[0.318s][info][jit,compilation] 1747       4       java.lang.invoke.MemberName::getReferenceKind (12 bytes)
[0.318s][info][jit,compilation]  732       3       java.lang.invoke.MemberName::getReferenceKind (12 bytes)   made not entrant: not used
[0.318s][info][jit,compilation] 1514       4       org.apache.parquet.format.ConvertedType::findByValue (194 bytes)
[0.318s][info][jit,compilation] 1460       2       org.apache.parquet.format.ConvertedType::findByValue (194 bytes)   made not entrant: not used
[0.318s][info][jit,compilation] 1515       4       org.apache.parquet.format.InterningProtocol::readByte (8 bytes)
[0.319s][info][jit,compilation] 1473       2       org.apache.parquet.format.InterningProtocol::readByte (8 bytes)   made not entrant: not used
[0.319s][info][jit,compilation] 1516       4       org.apache.parquet.format.InterningProtocol::readBool (8 bytes)
[0.319s][info][jit,compilation] 1475       2       org.apache.parquet.format.InterningProtocol::readBool (8 bytes)   made not entrant: not used
[0.319s][info][jit,compilation] 1717       4       java.lang.invoke.Invokers$Holder::linkToTargetMethod (10 bytes)
[0.319s][info][jit,compilation] 1718       4       java.lang.invoke.DirectMethodHandle$Holder::invokeStatic (15 bytes)
[0.319s][info][jit,compilation] 1821       3       java.lang.invoke.Invokers$Holder::linkToTargetMethod (9 bytes)
[0.319s][info][jit,compilation] 1822   !   4       java.nio.DirectByteBuffer::get (34 bytes)
[0.319s][info][jit,compilation] 1823       3       jdk.internal.loader.BuiltinClassLoader::moduleReaderFor (45 bytes)
[0.320s][info][jit,compilation] 1824       3       jdk.internal.module.SystemModuleFinders$SystemModuleReader::find (63 bytes)
[0.320s][info][jit,compilation]  555   !   3       java.nio.DirectByteBuffer::get (34 bytes)   made not entrant: not used
[0.320s][info][jit,compilation] 1829       3       sun.nio.fs.NativeBuffers::copyCStringToNativeBuffer (66 bytes)
[0.320s][info][jit,compilation] 1825       3       jdk.internal.module.SystemModuleFinders$SystemModuleReader::containsResource (45 bytes)
[0.320s][info][jit,compilation] 1826       3       jdk.internal.module.SystemModuleFinders$SystemImage::reader (4 bytes)
[0.320s][info][jit,compilation] 1827       3       jdk.internal.jimage.ImageReader::containsResource (14 bytes)
[0.320s][info][jit,compilation] 1828       3       jdk.internal.jimage.BasicImageReader::getLocationIndex (52 bytes)
[0.320s][info][jit,compilation] 1830       3       jdk.internal.misc.Unsafe::putByte (8 bytes)
[0.321s][info][jit,compilation] 1831       4       java.util.concurrent.ConcurrentHashMap::addCount (280 bytes)
[0.322s][info][jit,compilation] 1361       3       shaded.parquet.org.apache.thrift.protocol.TCompactProtocol::readString (84 bytes)   made not entrant: not used
[0.322s][info][jit,compilation]   86       3       java.util.concurrent.ConcurrentHashMap::addCount (280 bytes)   made not entrant: not used
[0.322s][info][jit,compilation] 1832       4       java.lang.String::indexOf (64 bytes)
[0.323s][info][jit,compilation] 1833       3       java.lang.ClassLoader::postDefineClass (39 bytes)
[0.323s][info][jit,compilation]  277       3       java.lang.String::indexOf (64 bytes)   made not entrant: not used
[0.323s][info][jit,compilation] 1834       3       java.lang.ClassLoader::getNamedPackage (73 bytes)
[0.323s][info][jit,compilation] 1835       4       java.util.HashMap::get (19 bytes)
[0.323s][info][jit,compilation] 1360       3       org.apache.parquet.format.InterningProtocol::readString (11 bytes)   made not entrant: not used
[0.324s][info][jit,compilation] 1836       4       java.lang.String::replace (42 bytes)
[0.324s][info][jit,compilation] 1837       3       jdk.internal.loader.URLClassPath$JarLoader$1::getManifest (26 bytes)
[0.324s][info][jit,compilation] 1838       3       java.util.jar.JavaUtilJarAccessImpl::ensureInitialization (5 bytes)
[0.324s][info][jit,compilation] 1839  s!   3       java.util.jar.JarFile::ensureInitialization (54 bytes)
[0.324s][info][jit,compilation] 1840       3       java.util.jar.Manifest::getAttributes (14 bytes)
[0.325s][info][jit,compilation] 1841       3       jdk.internal.loader.URLClassPath$JarLoader$1::getBytes (48 bytes)
[0.325s][info][jit,compilation]  145       3       java.util.HashMap::get (19 bytes)   made not entrant: not used
[0.325s][info][jit,compilation] 1842       3       jdk.internal.loader.URLClassPath$JarLoader$1::getInputStream (15 bytes)
[0.325s][info][jit,compilation] 1843       3       jdk.internal.loader.URLClassPath$JarLoader$1::getContentLength (9 bytes)
[0.325s][info][jit,compilation] 1844       3       java.util.zip.CRC32::<init> (5 bytes)
[0.325s][info][jit,compilation] 1845       3       java.util.zip.Checksum::update (11 bytes)
[0.325s][info][jit,compilation] 1846       3       java.lang.System$1::currentCarrierThread (4 bytes)
[0.325s][info][jit,compilation] 1847       3       java.util.concurrent.ThreadLocalRandom::getProbe (18 bytes)
[0.325s][info][jit,compilation] 1848       3       java.lang.ClassLoader::compareCerts (197 bytes)
[0.325s][info][jit,compilation] 1064       3       java.util.LinkedHashMap::newNode (23 bytes)   made not entrant: marked for deoptimization
[0.325s][info][jit,compilation] 1068       3       java.util.LinkedHashMap::get (29 bytes)   made not entrant: marked for deoptimization
[0.325s][info][jit,compilation] 1077       3       java.util.LinkedHashMap::afterNodeInsertion (40 bytes)   made not entrant: marked for deoptimization
[0.326s][info][jit,compilation] 1202       4       java.util.HashMap::put (13 bytes)   made not entrant: marked for deoptimization
[0.326s][info][jit,compilation] 1849       4       java.util.jar.JarFile::getVersionedEntry (114 bytes)
[0.326s][info][jit,compilation] 1850 %     4       jdk.internal.loader.URLClassPath::getResource @ 38 (71 bytes)
[0.327s][info][jit,compilation] 1851       3       java.util.concurrent.ConcurrentHashMap::remove (8 bytes)
[0.327s][info][jit,compilation] 1853       3       java.lang.ref.ReferenceQueue::poll0 (65 bytes)
[0.328s][info][jit,compilation] 1852       3       jdk.internal.vm.ContinuationSupport::pinIfSupported (10 bytes)
[0.328s][info][jit,compilation] 1855       3       java.util.jar.Manifest::getTrustedAttributes (57 bytes)
[0.329s][info][jit,compilation] 1856       3       io.trino.hadoop.$internal.com.ctc.wstx.io.WstxInputData::isNameChar (89 bytes)
[0.329s][info][jit,compilation]  602       3       java.lang.String::replace (42 bytes)   made not entrant: not used
[0.329s][info][jit,compilation] 1854       4       java.util.Arrays::copyOf (33 bytes)
[0.329s][info][jit,compilation] 1857       3       java.lang.StringBuilder::append (10 bytes)
[0.329s][info][jit,compilation] 1858       3       java.lang.AbstractStringBuilder::append (87 bytes)
[0.329s][info][jit,compilation] 1859       3       java.lang.AbstractStringBuilder::appendChars (124 bytes)
[0.329s][info][jit,compilation] 1863       3       io.trino.hadoop.$internal.com.ctc.wstx.sr.BasicStreamReader::readTextPrimary (447 bytes)
[0.330s][info][jit,compilation] 1869       3       io.trino.hadoop.$internal.com.ctc.wstx.sr.BasicStreamReader::next (383 bytes)
[0.330s][info][jit,compilation]  324       3       java.util.Arrays::copyOf (33 bytes)   made not entrant: not used
[0.330s][info][jit,compilation] 1872       4       java.lang.StringUTF16::compress (47 bytes)
[0.330s][info][jit,compilation] 1861       3       io.trino.hadoop.$internal.com.ctc.wstx.sr.StreamScanner::getNext (37 bytes)
[0.330s][info][jit,compilation] 1864       3       io.trino.hadoop.$internal.com.ctc.wstx.sr.BasicStreamReader::hasNext (23 bytes)
[0.330s][info][jit,compilation] 1865       3       org.apache.hadoop.conf.Configuration$Parser::parseNext (114 bytes)
[0.331s][info][jit,compilation] 1873       3       io.trino.hadoop.$internal.com.ctc.wstx.sr.BasicStreamReader::nextFromTree (792 bytes)
[0.331s][info][jit,compilation] 1203       3       java.util.jar.JarFile::getVersionedEntry (114 bytes)   made not entrant: not used
[0.331s][info][jit,compilation] 1880       4       java.lang.StringBuilder::length (5 bytes)
[0.331s][info][jit,compilation]  267       3       java.lang.StringBuilder::length (5 bytes)   made not entrant: not used
[0.331s][info][jit,compilation] 1860       4       jdk.internal.util.Preconditions::checkFromToIndex (24 bytes)
[0.331s][info][jit,compilation]   55       3       jdk.internal.util.Preconditions::checkFromToIndex (24 bytes)   made not entrant: not used
[0.331s][info][jit,compilation] 1884       4       java.lang.StringBuilder::toString (20 bytes)
[0.332s][info][jit,compilation] 1874       3       io.trino.hadoop.$internal.com.ctc.wstx.util.TextBuffer::size (22 bytes)
[0.332s][info][jit,compilation] 1875       3       io.trino.hadoop.$internal.com.ctc.wstx.io.WstxInputData::isNameStartChar (59 bytes)
[0.332s][info][jit,compilation] 1876       3       io.trino.hadoop.$internal.com.ctc.wstx.sr.InputElementStack::getLocalName (26 bytes)
[0.332s][info][jit,compilation] 1862       1       io.trino.hadoop.$internal.com.ctc.wstx.util.StringVector::size (5 bytes)
[0.332s][info][jit,compilation] 1877       3       io.trino.hadoop.$internal.com.ctc.wstx.sr.StreamScanner::getNextChar (34 bytes)
[0.332s][info][jit,compilation] 1878       3       io.trino.hadoop.$internal.com.ctc.wstx.sr.BasicStreamReader::getLocalName (66 bytes)
[0.332s][info][jit,compilation] 1879       3       io.trino.hadoop.$internal.com.ctc.wstx.util.TextBuffer::getTextBuffer (39 bytes)
[0.332s][info][jit,compilation] 1866       1       io.trino.hadoop.$internal.com.ctc.wstx.api.ReaderConfig::getMaxElementDepth (5 bytes)
[0.332s][info][jit,compilation] 1881       3       io.trino.hadoop.$internal.com.ctc.wstx.sr.BasicStreamReader::getTextCharacters (68 bytes)
[0.332s][info][jit,compilation] 1891       3       io.trino.hadoop.$internal.com.ctc.wstx.sr.BasicStreamReader::readIndentation (222 bytes)
[0.332s][info][jit,compilation] 1893       3       io.trino.hadoop.$internal.com.ctc.wstx.util.SymbolTable::findSymbol (251 bytes)
[0.332s][info][jit,compilation]  707       3       java.lang.StringUTF16::compress (47 bytes)   made not entrant: not used
[0.332s][info][jit,compilation] 1888       4       io.trino.hadoop.$internal.com.ctc.wstx.sr.BasicStreamReader::readTextPrimary (447 bytes)
[0.333s][info][jit,compilation] 1897       3       io.trino.hadoop.$internal.com.ctc.wstx.sr.StreamScanner::parseLocalName (135 bytes)
[0.333s][info][jit,compilation] 1896       3       io.trino.hadoop.$internal.com.ctc.wstx.sr.BasicStreamReader::readEndElem (537 bytes)
[0.333s][info][jit,compilation]  357       3       java.lang.StringBuilder::toString (20 bytes)   made not entrant: not used
[0.333s][info][jit,compilation] 1886       4       java.lang.String::<init> (98 bytes)
[0.334s][info][jit,compilation] 1871       1       io.trino.hadoop.$internal.com.ctc.wstx.sr.Element::relink (6 bytes)
[0.334s][info][jit,compilation] 1867       1       io.trino.hadoop.$internal.com.ctc.wstx.api.ReaderConfig::getMaxElementCount (5 bytes)
[0.334s][info][jit,compilation] 1868       1       io.trino.hadoop.$internal.com.ctc.wstx.sr.AttributeCollector::getNsCount (5 bytes)
[0.334s][info][jit,compilation] 1870       1       io.trino.hadoop.$internal.com.ctc.wstx.api.ReaderConfig::getMaxChildrenPerElement (5 bytes)
[0.334s][info][jit,compilation] 1892       3       io.trino.hadoop.$internal.com.ctc.wstx.sr.BasicStreamReader::handleStartElem (296 bytes)
[0.334s][info][jit,compilation] 1898       3       io.trino.hadoop.$internal.com.ctc.wstx.sr.InputElementStack::push (329 bytes)
[0.335s][info][jit,compilation] 1895       3       io.trino.hadoop.$internal.com.ctc.wstx.sr.InputElementStack::validateEndElement (56 bytes)
[0.335s][info][jit,compilation] 1894       3       io.trino.hadoop.$internal.com.ctc.wstx.sr.Element::reset (27 bytes)
[0.335s][info][jit,compilation] 1899       3       io.trino.hadoop.$internal.com.ctc.wstx.sr.InputElementStack::pop (96 bytes)
[0.335s][info][jit,compilation]  358       3       java.lang.String::<init> (98 bytes)   made not entrant: not used
[0.335s][info][jit,compilation] 1903       4       io.trino.hadoop.$internal.com.ctc.wstx.io.WstxInputData::isNameChar (89 bytes)
[0.335s][info][jit,compilation] 1908       3       org.apache.hadoop.conf.Configuration$Parser::handleStartElement (318 bytes)
[0.335s][info][jit,compilation] 1907       3       org.apache.hadoop.conf.Configuration$Parser::handleEndElement (413 bytes)
[0.335s][info][jit,compilation] 1856       3       io.trino.hadoop.$internal.com.ctc.wstx.io.WstxInputData::isNameChar (89 bytes)   made not entrant: not used
[0.336s][info][jit,compilation] 1911   !   4       java.util.concurrent.ConcurrentHashMap::putVal (432 bytes)
[0.336s][info][jit,compilation] 1901       3       io.trino.hadoop.$internal.com.ctc.wstx.util.TextBuffer::resetWithIndentation (134 bytes)
[0.336s][info][jit,compilation] 1912       3       java.util.LinkedHashMap::get (29 bytes)
[0.336s][info][jit,compilation] 1900       3       io.trino.hadoop.$internal.com.ctc.wstx.sr.InputElementStack::isEmpty (13 bytes)
[0.336s][info][jit,compilation] 1902       3       io.trino.hadoop.$internal.com.ctc.wstx.sr.AttributeCollector::reset (56 bytes)
[0.336s][info][jit,compilation] 1904       3       io.trino.hadoop.$internal.com.ctc.wstx.sr.InputElementStack::resolveAndValidateElement (501 bytes)
[0.337s][info][jit,compilation] 1905       3       io.trino.hadoop.$internal.com.ctc.wstx.sr.AttributeCollector::resolveNamespaces (370 bytes)
[0.337s][info][jit,compilation] 1906       3       io.trino.hadoop.$internal.com.ctc.wstx.util.TextBuffer::resetWithShared (37 bytes)
[0.337s][info][jit,compilation] 1909       3       java.lang.StringBuilder::setLength (6 bytes)
[0.337s][info][jit,compilation] 1910       3       java.lang.AbstractStringBuilder::setLength (76 bytes)
[0.338s][info][jit,compilation] 1889       1       org.apache.hadoop.conf.Configuration$DeprecationContext::getDeprecatedKeyMap (5 bytes)
[0.338s][info][jit,compilation] 1890       1       io.trino.hadoop.$internal.com.ctc.wstx.sr.AttributeCollector::getCount (5 bytes)
[0.338s][info][jit,compilation] 1887       3       io.trino.hadoop.$internal.com.ctc.wstx.sr.StreamScanner::markLF (16 bytes)
[0.338s][info][jit,compilation] 1882       3       io.trino.hadoop.$internal.com.ctc.wstx.sr.BasicStreamReader::getTextStart (43 bytes)
[0.338s][info][jit,compilation] 1883       3       io.trino.hadoop.$internal.com.ctc.wstx.util.TextBuffer::getTextStart (16 bytes)
[0.338s][info][jit,compilation] 1885       3       io.trino.hadoop.$internal.com.ctc.wstx.sr.BasicStreamReader::getTextLength (43 bytes)
[0.338s][info][jit,compilation] 1914       3       java.util.concurrent.ConcurrentHashMap::containsKey (14 bytes)
[0.339s][info][jit,compilation] 1863       3       io.trino.hadoop.$internal.com.ctc.wstx.sr.BasicStreamReader::readTextPrimary (447 bytes)   made not entrant: not used
[0.339s][info][jit,compilation] 1913       4       java.util.HashMap::hash (20 bytes)
[0.340s][info][jit,compilation]  131       3       java.util.HashMap::hash (20 bytes)   made not entrant: not used
[0.340s][info][jit,compilation] 1915       1       java.util.logging.LogManager$LoggerContext::getOwner (5 bytes)
[0.340s][info][jit,compilation] 1490       4       shaded.parquet.org.apache.thrift.protocol.TCompactProtocol::readListBegin (49 bytes)   made not entrant: uncommon trap
[0.340s][info][jit,compilation] 1527       4       org.apache.parquet.format.InterningProtocol::readString (11 bytes)   made not entrant: uncommon trap
[0.340s][info][jit,compilation] 1530       4       shaded.parquet.org.apache.thrift.protocol.TCompactProtocol::readBinary (25 bytes)   made not entrant: uncommon trap
[0.340s][info][jit,compilation] 1916       4       org.apache.parquet.format.InterningProtocol::readFieldBegin (8 bytes)
[0.340s][info][jit,compilation] 1528       4       shaded.parquet.org.apache.thrift.protocol.TCompactProtocol::readString (84 bytes)   made not entrant: uncommon trap
[0.340s][info][jit,compilation] 1919       3       shaded.parquet.org.apache.thrift.transport.TTransport::readAll (87 bytes)
[0.341s][info][jit,compilation] 1926       3       shaded.parquet.org.apache.thrift.protocol.TCompactProtocol::readVarint32 (128 bytes)
[0.341s][info][jit,compilation] 1930       3       shaded.parquet.org.apache.thrift.protocol.TCompactProtocol::readString (84 bytes)
[0.341s][info][jit,compilation] 1931       3       shaded.parquet.org.apache.thrift.protocol.TCompactProtocol::readBinary (25 bytes)
[0.341s][info][jit,compilation] 1921       3       shaded.parquet.org.apache.thrift.protocol.TCompactProtocol::readByte (60 bytes)
[0.341s][info][jit,compilation] 1928       3       org.apache.parquet.bytes.SingleBufferInputStream::read (50 bytes)
[0.341s][info][jit,compilation] 1925       3       java.nio.HeapByteBuffer::ix (7 bytes)
[0.341s][info][jit,compilation] 1927       3       java.nio.Buffer::checkSession (14 bytes)
[0.341s][info][jit,compilation] 1938       3       org.apache.parquet.format.InterningProtocol::readString (11 bytes)
[0.341s][info][jit,compilation] 1920       3       java.nio.Buffer::remaining (20 bytes)
[0.341s][info][jit,compilation] 1929       3       java.nio.HeapByteBuffer::get (64 bytes)
[0.341s][info][jit,compilation]   87   !   3       java.util.concurrent.ConcurrentHashMap::putVal (432 bytes)   made not entrant: not used
[0.341s][info][jit,compilation] 1935 %     4       org.apache.parquet.format.ColumnMetaData$ColumnMetaDataStandardScheme::read @ 5 (1180 bytes)
[0.342s][info][jit,compilation] 1969       2       org.apache.parquet.format.Statistics::setMaxIsSet (10 bytes)
[0.343s][info][jit,compilation] 1970       2       org.apache.parquet.format.Statistics::setMinIsSet (10 bytes)
[0.344s][info][jit,compilation] 1982       2       java.lang.Enum::hashCode (21 bytes)
[0.344s][info][jit,compilation] 1424       4       shaded.parquet.org.apache.thrift.EncodingUtils::testBit (6 bytes)   made not entrant: uncommon trap
[0.344s][info][jit,compilation] 1983       2       java.nio.HeapByteBuffer::get (15 bytes)
[0.344s][info][jit,compilation] 1984       3       shaded.parquet.org.apache.thrift.EncodingUtils::testBit (6 bytes)
[0.344s][info][jit,compilation] 1985       3       shaded.parquet.org.apache.thrift.EncodingUtils::testBit (14 bytes)
[0.344s][info][jit,compilation] 1986       2       shaded.parquet.org.apache.thrift.TBaseHelper::hashCode (5 bytes)
[0.344s][info][jit,compilation] 1987       2       org.apache.parquet.format.PageEncodingStats::isSetPage_type (13 bytes)
[0.344s][info][jit,compilation] 1988       1       org.apache.parquet.format.PageType::getValue (5 bytes)
[0.344s][info][jit,compilation] 1990       2       java.nio.ByteBuffer::hashCode (38 bytes)
[0.344s][info][jit,compilation] 1991       2       java.util.ArrayList::hashCode (22 bytes)
[0.344s][info][jit,compilation] 1992       2       org.apache.parquet.format.PageEncodingStats::isSetEncoding (13 bytes)
[0.344s][info][jit,compilation] 1993       3       java.nio.HeapByteBuffer::get (15 bytes)
[0.344s][info][jit,compilation] 1983       2       java.nio.HeapByteBuffer::get (15 bytes)   made not entrant: not used
[0.344s][info][jit,compilation] 1994       2       org.apache.parquet.format.PageEncodingStats::hashCode (99 bytes)
[0.344s][info][jit,compilation] 1997       2       java.util.ArrayList::hashCodeRange (68 bytes)
[0.344s][info][jit,compilation] 1998       2       org.apache.parquet.format.ColumnChunk::isSetFile_path (13 bytes)
[0.345s][info][jit,compilation] 1999       2       org.apache.parquet.format.ColumnChunk::isSetMeta_data (13 bytes)
[0.345s][info][jit,compilation] 1989       1       org.apache.parquet.format.Encoding::getValue (5 bytes)
[0.345s][info][jit,compilation] 1995       1       org.apache.parquet.format.Type::getValue (5 bytes)
[0.345s][info][jit,compilation] 1996       1       org.apache.parquet.format.CompressionCodec::getValue (5 bytes)
[0.346s][info][jit,compilation] 2000       2       java.lang.invoke.MethodHandle::keepsAlive (20 bytes)
[0.346s][info][jit,compilation] 1947       4       org.apache.parquet.format.PageEncodingStats$PageEncodingStatsStandardScheme::read (227 bytes)
[0.347s][info][jit,compilation] 2001       2       java.util.HashMap::<init> (98 bytes)
[0.347s][info][jit,compilation] 2002       2       java.util.HashSet::contains (9 bytes)
[0.347s][info][jit,compilation] 2003       1       shaded.parquet.org.apache.thrift.TUnion::getSetField (5 bytes)
[0.347s][info][jit,compilation] 2005       1       org.apache.parquet.schema.ColumnOrder::getColumnOrderName (5 bytes)
[0.347s][info][jit,compilation] 2004       1       org.apache.parquet.schema.Type::getLogicalTypeAnnotation (5 bytes)
[0.347s][info][jit,compilation] 2006       1       shaded.parquet.org.apache.thrift.TUnion::getFieldValue (5 bytes)
[0.347s][info][jit,compilation] 2007       2       org.apache.parquet.schema.Types$PrimitiveBuilder::self (2 bytes)
[0.348s][info][jit,compilation] 2008       2       java.util.HashMap::put (13 bytes)
[0.348s][info][jit,compilation] 2009       2       org.apache.parquet.format.ColumnChunk::hashCode (364 bytes)
[0.348s][info][jit,compilation] 2018       3       shaded.parquet.org.apache.thrift.TBaseHelper::hashCode (5 bytes)
[0.348s][info][jit,compilation] 1986       2       shaded.parquet.org.apache.thrift.TBaseHelper::hashCode (5 bytes)   made not entrant: not used
[0.348s][info][jit,compilation] 2011       2       org.apache.parquet.format.ColumnMetaData::isSetType (13 bytes)
[0.348s][info][jit,compilation] 2012       2       org.apache.parquet.format.ColumnMetaData::isSetEncodings (13 bytes)
[0.348s][info][jit,compilation] 2013       2       org.apache.parquet.format.ColumnMetaData::isSetPath_in_schema (13 bytes)
[0.348s][info][jit,compilation] 2014       2       org.apache.parquet.format.ColumnMetaData::isSetCodec (13 bytes)
[0.348s][info][jit,compilation] 2015       2       org.apache.parquet.format.ColumnMetaData::isSetKey_value_metadata (13 bytes)
[0.348s][info][jit,compilation] 2016       2       org.apache.parquet.format.ColumnMetaData::isSetIndex_page_offset (9 bytes)
[0.348s][info][jit,compilation] 2017       2       org.apache.parquet.format.ColumnMetaData::isSetDictionary_page_offset (9 bytes)
[0.348s][info][jit,compilation] 2010       2       org.apache.parquet.format.ColumnMetaData::hashCode (637 bytes)
[0.349s][info][jit,compilation] 2022       2       org.apache.parquet.format.Statistics::isSetNull_count (9 bytes)
[0.349s][info][jit,compilation] 2019       2       org.apache.parquet.format.ColumnMetaData::isSetStatistics (13 bytes)
[0.349s][info][jit,compilation] 2020       2       org.apache.parquet.format.Statistics::isSetMax (13 bytes)
[0.349s][info][jit,compilation] 2021       2       org.apache.parquet.format.Statistics::isSetMin (13 bytes)
[0.349s][info][jit,compilation] 2023       2       org.apache.parquet.format.Statistics::isSetDistinct_count (9 bytes)
[0.349s][info][jit,compilation] 2024       2       org.apache.parquet.format.Statistics::isSetMax_value (13 bytes)
[0.349s][info][jit,compilation] 2025       2       java.util.zip.CRC32::update (38 bytes)
[0.349s][info][jit,compilation] 2026       2       java.util.zip.CRC32::updateBytes (14 bytes)
[0.350s][info][jit,compilation] 2027       2       java.util.jar.JavaUtilJarAccessImpl::getTrustedAttributes (6 bytes)
[0.350s][info][jit,compilation] 2028       2       java.lang.Byte::hashCode (8 bytes)
[0.350s][info][jit,compilation] 2029       2       java.lang.Byte::hashCode (2 bytes)
[0.350s][info][jit,compilation] 2030       1       jdk.internal.classfile.impl.DirectClassBuilder::setInterfaces (6 bytes)
[0.352s][info][jit,compilation] 1957       4       org.apache.parquet.format.Statistics$StatisticsStandardScheme::read (382 bytes)
[0.353s][info][jit,compilation] 2031       2       java.lang.invoke.MemberName::<init> (139 bytes)
[0.354s][info][jit,compilation] 2033     n 0       java.lang.invoke.MethodHandle::linkToStatic(LLILLL)L (native)   (static)
[0.354s][info][jit,compilation] 2034       2       java.lang.CharacterData::of (136 bytes)
[0.354s][info][jit,compilation] 2032       1       sun.invoke.util.Wrapper::basicTypeChar (5 bytes)
[0.355s][info][jit,compilation] 1911   !   4       java.util.concurrent.ConcurrentHashMap::putVal (432 bytes)   made not entrant: uncommon trap
[0.355s][info][jit,compilation] 2036       2       java.lang.Math::getExponent (17 bytes)
[0.356s][info][jit,compilation] 2037       2       java.lang.StrictMath::floorOrCeil (128 bytes)
[0.356s][info][jit,compilation] 2041       2       java.util.LinkedHashMap::newNode (23 bytes)
[0.356s][info][jit,compilation] 2042       2       java.util.LinkedHashMap::afterNodeInsertion (40 bytes)
[0.356s][info][jit,compilation] 2040       3       java.lang.Enum::hashCode (21 bytes)
[0.356s][info][jit,compilation] 2044     n 0       jdk.internal.misc.Unsafe::getIntVolatile (native)   
[0.356s][info][jit,compilation] 1982       2       java.lang.Enum::hashCode (21 bytes)   made not entrant: not used
[0.356s][info][jit,compilation] 2038       2       java.lang.Math::ceil (5 bytes)
[0.356s][info][jit,compilation] 2039       2       java.lang.StrictMath::ceil (10 bytes)
[0.356s][info][jit,compilation] 2045       1       org.apache.parquet.hadoop.metadata.ColumnPath::access$000 (5 bytes)
[0.356s][info][jit,compilation] 2046       1       org.apache.parquet.schema.PrimitiveType::getPrimitiveTypeName (5 bytes)
[0.356s][info][jit,compilation] 2047       2       java.util.Collections$UnmodifiableCollection$1::hasNext (10 bytes)
[0.356s][info][jit,compilation] 2048       2       org.apache.parquet.hadoop.metadata.ColumnChunkMetaData::positiveLongFitsInAnInt (24 bytes)
[0.356s][info][jit,compilation] 2050       2       java.lang.Class::enumConstantDirectory (107 bytes)
[0.356s][info][jit,compilation] 2051   !   2       java.util.concurrent.ConcurrentHashMap::putVal (432 bytes)
[0.357s][info][jit,compilation] 2052       2       java.util.HashMap::keysToArray (81 bytes)
[0.357s][info][jit,compilation] 2053       2       org.apache.parquet.format.Statistics::isSetMin_value (13 bytes)
[0.357s][info][jit,compilation] 2054       2       org.apache.parquet.format.ColumnMetaData::isSetBloom_filter_offset (10 bytes)
[0.357s][info][jit,compilation] 2055       2       org.apache.parquet.format.ColumnMetaData::isSetBloom_filter_length (10 bytes)
[0.357s][info][jit,compilation] 2056       2       org.apache.parquet.format.ColumnChunk::isSetColumn_index_offset (9 bytes)
[0.357s][info][jit,compilation] 2049       2       java.lang.Enum::valueOf (73 bytes)
[0.357s][info][jit,compilation] 2067       3       java.nio.ByteBuffer::hashCode (38 bytes)
[0.357s][info][jit,compilation] 1990       2       java.nio.ByteBuffer::hashCode (38 bytes)   made not entrant: not used
[0.357s][info][jit,compilation] 2057       2       org.apache.parquet.format.ColumnChunk::isSetOffset_index_offset (9 bytes)
[0.357s][info][jit,compilation] 2058       1       org.apache.parquet.format.PageEncodingStats::getPage_type (5 bytes)
[0.357s][info][jit,compilation] 2059       1       org.apache.parquet.format.PageEncodingStats::getEncoding (5 bytes)
[0.357s][info][jit,compilation] 2061       1       org.apache.parquet.schema.PrimitiveType::isPrimitive (2 bytes)
[0.357s][info][jit,compilation] 2060       1       org.apache.parquet.format.PageEncodingStats::getCount (5 bytes)
[0.357s][info][jit,compilation] 2065       2       org.apache.parquet.format.Statistics::isSetIs_max_value_exact (9 bytes)
[0.357s][info][jit,compilation] 2066       2       org.apache.parquet.format.Statistics::isSetIs_min_value_exact (9 bytes)
[0.357s][info][jit,compilation] 2062       2       org.apache.parquet.format.converter.ParquetMetadataConverter::getEncoding (8 bytes)
[0.357s][info][jit,compilation] 2063       2       org.apache.parquet.column.Encoding::valueOf (10 bytes)
[0.357s][info][jit,compilation] 2064       2       org.apache.parquet.hadoop.metadata.IntColumnChunkMetaData::positiveLongToInt (41 bytes)
[0.358s][info][jit,compilation] 2068       2       java.util.Collections$UnmodifiableCollection$1::next (10 bytes)
[0.358s][info][jit,compilation] 2069       1       org.apache.parquet.format.ColumnChunk::getFile_path (5 bytes)
[0.358s][info][jit,compilation] 2070       1       org.apache.parquet.format.RowGroup::getOrdinal (5 bytes)
[0.358s][info][jit,compilation] 2071       1       org.apache.parquet.format.ColumnChunk::getCrypto_metadata (5 bytes)
[0.358s][info][jit,compilation] 2072       1       org.apache.parquet.format.FileMetaData::getCreated_by (5 bytes)
[0.358s][info][jit,compilation] 2073       1       java.lang.Enum::toString (5 bytes)
[0.358s][info][jit,compilation] 2074       1       org.apache.parquet.format.ColumnMetaData::getEncoding_stats (5 bytes)
[0.358s][info][jit,compilation] 2075       1       org.apache.parquet.schema.PrimitiveType::columnOrder (5 bytes)
[0.358s][info][jit,compilation] 2076       1       org.apache.parquet.hadoop.metadata.ColumnChunkMetaData::setRowGroupOrdinal (6 bytes)
[0.358s][info][jit,compilation] 2080       2       java.util.LinkedHashMap$LinkedEntryIterator::next (5 bytes)
[0.358s][info][jit,compilation] 2081       2       java.util.LinkedHashMap$LinkedEntryIterator::next (5 bytes)
[0.358s][info][jit,compilation] 2083       2       java.util.HashMap::computeIfAbsent (330 bytes)
[0.358s][info][jit,compilation] 2086       2       java.util.HashSet::size (8 bytes)
[0.358s][info][jit,compilation] 2084       2       org.apache.parquet.hadoop.metadata.ColumnPath::hashCode (8 bytes)
[0.358s][info][jit,compilation] 2082       2       java.util.LinkedHashMap$LinkedHashIterator::<init> (52 bytes)
[0.358s][info][jit,compilation] 2079       1       org.apache.parquet.schema.LogicalTypeAnnotation$IntLogicalTypeAnnotation::isSigned (5 bytes)
[0.358s][info][jit,compilation] 2077       1       org.apache.parquet.hadoop.metadata.ColumnChunkMetaData::setColumnIndexReference (6 bytes)
[0.358s][info][jit,compilation] 2078       1       org.apache.parquet.hadoop.metadata.ColumnChunkMetaData::setOffsetIndexReference (6 bytes)
[0.358s][info][jit,compilation] 2085       1       org.apache.parquet.schema.LogicalTypeAnnotation$IntLogicalTypeAnnotation::getBitWidth (5 bytes)
[0.358s][info][jit,compilation] 2087       2       java.util.LinkedHashMap$LinkedEntrySet::<init> (20 bytes)
[0.358s][info][jit,compilation] 2088       2       java.util.Collections$UnmodifiableCollection::size (10 bytes)
[0.358s][info][jit,compilation] 2090       2       org.apache.parquet.schema.Type::asPrimitiveType (39 bytes)
[0.359s][info][jit,compilation] 2089       2       org.apache.parquet.schema.Type::eqOrBothNull (26 bytes)
[0.359s][info][jit,compilation] 2091       2       java.util.HashSet::toArray (18 bytes)
[0.359s][info][jit,compilation] 2092       2       java.util.ArrayList::toArray (57 bytes)
[0.360s][info][jit,compilation] 2093       2       java.util.zip.CRC32::updateBytesCheck (35 bytes)
[0.360s][info][jit,compilation] 2094       2       jdk.internal.loader.URLClassPath$JarLoader$1::getCodeSigners (8 bytes)
[0.360s][info][jit,compilation] 2095   !   2       java.util.jar.JarFile$JarFileEntry::getCodeSigners (77 bytes)
[0.368s][info][jit,compilation] 2096       1       java.lang.ClassLoader::getUnnamedModule (5 bytes)
[0.369s][info][jit,compilation]  869   !   3       java.util.zip.ZipFile$CleanableResource::getInflater (47 bytes)   made not entrant: marked for deoptimization
[0.369s][info][jit,compilation] 1191   !   3       java.util.zip.ZipFile$CleanableResource::releaseInflater (53 bytes)   made not entrant: marked for deoptimization
[0.370s][info][jit,compilation] 2098       2       java.lang.invoke.VarHandleByteArrayAsShorts$ArrayHandle::get (35 bytes)
[0.370s][info][jit,compilation] 2100       2       java.io.DataInputStream::readFully (59 bytes)
[0.370s][info][jit,compilation]  235       3       java.lang.System$1::countPositives (7 bytes)   made not entrant: OSR invalidation back branch
[0.370s][info][jit,compilation] 2106       2       java.lang.System$1::countPositives (7 bytes)
[0.370s][info][jit,compilation] 2101       2       java.lang.String::newStringWithLatin1Bytes (42 bytes)
[0.370s][info][jit,compilation] 2102       2       java.lang.System$1::uncheckedNewStringWithLatin1Bytes (5 bytes)
[0.370s][info][jit,compilation] 2103       2       java.io.DataInputStream::readUTF (5 bytes)
[0.370s][info][jit,compilation] 2111       3       java.io.DataInputStream::readFully (59 bytes)
[0.370s][info][jit,compilation] 2100       2       java.io.DataInputStream::readFully (59 bytes)   made not entrant: not used
[0.370s][info][jit,compilation] 2112       3       java.lang.invoke.VarHandleByteArrayAsShorts$ArrayHandle::get (35 bytes)
[0.370s][info][jit,compilation] 2098       2       java.lang.invoke.VarHandleByteArrayAsShorts$ArrayHandle::get (35 bytes)   made not entrant: not used
[0.370s][info][jit,compilation] 2104       2       java.io.DataInputStream::readUTF (597 bytes)
[0.371s][info][jit,compilation] 2107       2       jdk.internal.util.ByteArray::getUnsignedShort (12 bytes)
[0.371s][info][jit,compilation] 2105       2       java.io.DataInputStream::readUnsignedShort (19 bytes)
[0.371s][info][jit,compilation] 2109       2       jdk.internal.util.ByteArray::getShort (9 bytes)
[0.371s][info][jit,compilation] 2110       2       java.io.DataInputStream::readShort (19 bytes)
[0.372s][info][jit,compilation] 2113       2       java.lang.invoke.BoundMethodHandle$Species_L::<init> (12 bytes)
[0.372s][info][jit,compilation] 2115       2       java.util.regex.Pattern::has (15 bytes)
[0.372s][info][jit,compilation] 2114       2       java.lang.Character::charCount (12 bytes)
[0.372s][info][jit,compilation] 2116       2       java.lang.invoke.MemberName::hashCode (43 bytes)
[0.373s][info][jit,compilation] 2119       2       jdk.internal.classfile.impl.AbstractPoolEntry$Utf8EntryImpl::equalsString (215 bytes)
[0.373s][info][jit,compilation] 2122       2       java.util.regex.Pattern$BmpCharPropertyGreedy::match (89 bytes)
[0.373s][info][jit,compilation] 2120       2       java.util.regex.Pattern$$Lambda/0x80000002d::is (9 bytes)
[0.373s][info][jit,compilation] 2121       2       java.util.regex.Pattern::lambda$Single$0 (11 bytes)
[0.373s][info][jit,compilation] 2123       2       java.util.regex.Matcher::checkMatch (19 bytes)
[0.373s][info][jit,compilation] 2124       2       java.util.regex.Matcher::hasMatch (13 bytes)
[0.373s][info][jit,compilation] 2125       2       java.lang.String::subSequence (7 bytes)
[0.373s][info][jit,compilation] 2130       2       java.util.regex.Pattern$Start::match (90 bytes)
[0.373s][info][jit,compilation] 2132       3       java.util.regex.Pattern$BmpCharPropertyGreedy::match (89 bytes)
[0.373s][info][jit,compilation] 2122       2       java.util.regex.Pattern$BmpCharPropertyGreedy::match (89 bytes)   made not entrant: not used
[0.373s][info][jit,compilation] 2133       3       java.util.regex.Pattern$$Lambda/0x80000002d::is (9 bytes)
[0.373s][info][jit,compilation] 2120       2       java.util.regex.Pattern$$Lambda/0x80000002d::is (9 bytes)   made not entrant: not used
[0.373s][info][jit,compilation] 2129       2       java.util.regex.Matcher::search (154 bytes)
[0.374s][info][jit,compilation] 2126       2       java.util.regex.Matcher::start (9 bytes)
[0.374s][info][jit,compilation] 2127       2       java.util.regex.Matcher::end (9 bytes)
[0.374s][info][jit,compilation] 2128       2       java.util.regex.Matcher::find (69 bytes)
[0.374s][info][jit,compilation] 2131       2       java.util.regex.Pattern$LastNode::match (45 bytes)
[0.374s][info][jit,compilation] 2117       2       java.lang.Byte::<init> (10 bytes)
[0.374s][info][jit,compilation] 2118       2       java.lang.classfile.ClassFile::of (4 bytes)
[0.374s][info][jit,compilation] 2135       2       jdk.internal.constant.ConstantUtils::referenceClassDesc (20 bytes)
[0.374s][info][jit,compilation] 2136       2       sun.util.locale.LocaleUtils::isUpper (18 bytes)
[0.374s][info][jit,compilation] 2137       1       sun.util.locale.StringTokenIterator::isDone (5 bytes)
[0.374s][info][jit,compilation] 2138       2       jdk.internal.util.ReferencedKeySet::intern (9 bytes)
[0.374s][info][jit,compilation] 2139       2       jdk.internal.util.ReferencedKeyMap::intern (18 bytes)
[0.374s][info][jit,compilation] 2143       2       jdk.internal.misc.Unsafe::getReferenceAcquire (7 bytes)
[0.374s][info][jit,compilation] 2142       2       sun.util.locale.LocaleUtils::toLower (17 bytes)
[0.375s][info][jit,compilation] 2140       1       java.text.ParsePosition::getErrorIndex (5 bytes)
[0.375s][info][jit,compilation] 2141       1       sun.util.locale.StringTokenIterator::current (5 bytes)
[0.375s][info][jit,compilation] 2144       1       sun.util.locale.StringTokenIterator::currentEnd (5 bytes)
[0.375s][info][jit,compilation] 2145       1       java.text.ParsePosition::setIndex (6 bytes)
[0.375s][info][jit,compilation] 2147       2       sun.util.locale.BaseLocale::hashCode (169 bytes)
[0.375s][info][jit,compilation] 2148       2       sun.util.locale.LocaleUtils::isAlpha (30 bytes)
[0.375s][info][jit,compilation] 2149       2       java.util.ImmutableCollections$ListN::isEmpty (14 bytes)
[0.375s][info][jit,compilation] 2146       1       jdk.internal.util.SoftReferenceKey::hashCode (5 bytes)
[0.375s][info][jit,compilation] 2150       1       sun.util.locale.BaseLocale::getVariant (5 bytes)
[0.375s][info][jit,compilation] 2151       1       sun.util.locale.LanguageTag::extlangs (5 bytes)
[0.375s][info][jit,compilation] 2152       1       sun.util.locale.LanguageTag::language (5 bytes)
[0.375s][info][jit,compilation] 2153       1       sun.util.locale.LanguageTag::script (5 bytes)
[0.375s][info][jit,compilation] 2158       3       sun.util.locale.LocaleUtils::isUpper (18 bytes)
[0.375s][info][jit,compilation] 2136       2       sun.util.locale.LocaleUtils::isUpper (18 bytes)   made not entrant: not used
[0.375s][info][jit,compilation] 2154       1       sun.util.locale.LanguageTag::region (5 bytes)
[0.375s][info][jit,compilation] 2155       1       sun.util.locale.LanguageTag::variants (5 bytes)
[0.375s][info][jit,compilation] 2159       2       sun.util.locale.StringTokenIterator::nextDelimiter (116 bytes)
[0.376s][info][jit,compilation] 2162       2       sun.util.locale.LocaleUtils::isAlphaString (33 bytes)
[0.376s][info][jit,compilation] 2156       1       sun.util.locale.LanguageTag::extensions (5 bytes)
[0.376s][info][jit,compilation] 2164       2       sun.util.locale.LocaleUtils::toLowerString (95 bytes)
[0.376s][info][jit,compilation] 2160       2       sun.util.locale.StringTokenIterator::next (74 bytes)
[0.376s][info][jit,compilation] 2161       2       sun.util.locale.StringTokenIterator::hasNext (20 bytes)
[0.376s][info][jit,compilation] 2168       2       sun.util.locale.LocaleUtils::isLower (18 bytes)
[0.376s][info][jit,compilation] 2165       2       sun.util.locale.InternalLocaleBuilder::clearExtensions (50 bytes)
[0.376s][info][jit,compilation] 2166       2       sun.util.locale.LocaleUtils::isEmpty (19 bytes)
[0.376s][info][jit,compilation] 2167       2       jdk.internal.lang.LazyConstantImpl::getAcquire (11 bytes)
[0.376s][info][jit,compilation] 2157       1       sun.util.locale.LanguageTag::privateuse (5 bytes)
[0.376s][info][jit,compilation] 2163       2       java.util.stream.Nodes$SpinedNodeBuilder::accept (29 bytes)
[0.376s][info][jit,compilation] 2170       2       jdk.internal.lang.LazyConstantImpl::get (18 bytes)
[0.376s][info][jit,compilation] 2175       2       sun.util.locale.LocaleUtils::toUpperString (95 bytes)
[0.377s][info][jit,compilation] 2177       3       sun.util.locale.BaseLocale::hashCode (169 bytes)
[0.377s][info][jit,compilation] 2147       2       sun.util.locale.BaseLocale::hashCode (169 bytes)   made not entrant: not used
[0.377s][info][jit,compilation] 2178       2       sun.util.locale.BaseLocale::getInstance (168 bytes)
[0.378s][info][jit,compilation] 2171       2       java.util.stream.SpinedBuffer::accept (94 bytes)
[0.378s][info][jit,compilation] 2188       3       java.util.ImmutableCollections$ListN::isEmpty (14 bytes)
[0.378s][info][jit,compilation] 2149       2       java.util.ImmutableCollections$ListN::isEmpty (14 bytes)   made not entrant: not used
[0.378s][info][jit,compilation] 2187       2       sun.util.locale.LocaleUtils::toTitleString (139 bytes)
[0.378s][info][jit,compilation] 2174       2       java.util.Locale::hashCode (41 bytes)
[0.378s][info][jit,compilation] 2172       2       java.util.Locale::<init> (30 bytes)
[0.378s][info][jit,compilation] 2173       2       java.util.Locale$3::<init> (15 bytes)
[0.378s][info][jit,compilation] 2176       2       java.util.Locale$2::apply (6 bytes)
[0.378s][info][jit,compilation] 2179       2       java.lang.String::<init> (74 bytes)
[0.378s][info][jit,compilation] 2180       2       java.lang.StringUTF16::compress (59 bytes)
[0.379s][info][jit,compilation] 2183       2       java.lang.LazyConstant::of (24 bytes)
[0.379s][info][jit,compilation] 2184       2       jdk.internal.lang.LazyConstantImpl::ofLazy (9 bytes)
[0.379s][info][jit,compilation] 2185       2       jdk.internal.lang.LazyConstantImpl::<init> (10 bytes)
[0.379s][info][jit,compilation] 2182       2       java.lang.StringUTF16::coderFromArrayLen (9 bytes)
[0.379s][info][jit,compilation] 2181       2       java.lang.String::<init> (10 bytes)
[0.379s][info][jit,compilation] 2190       2       java.util.Locale::getInstance (77 bytes)
[0.379s][info][jit,compilation] 2189       2       sun.util.locale.LanguageTag::isExtlang (21 bytes)
[0.379s][info][jit,compilation] 2212       3       sun.util.locale.StringTokenIterator::nextDelimiter (116 bytes)
[0.379s][info][jit,compilation] 2159       2       sun.util.locale.StringTokenIterator::nextDelimiter (116 bytes)   made not entrant: not used
[0.379s][info][jit,compilation] 2214       3       sun.util.locale.LocaleUtils::toLowerString (95 bytes)
[0.380s][info][jit,compilation] 2164       2       sun.util.locale.LocaleUtils::toLowerString (95 bytes)   made not entrant: not used
[0.380s][info][jit,compilation] 2213       3       sun.util.locale.LocaleUtils::isAlphaString (33 bytes)
[0.380s][info][jit,compilation] 2162       2       sun.util.locale.LocaleUtils::isAlphaString (33 bytes)   made not entrant: not used
[0.380s][info][jit,compilation] 2218       3       sun.util.locale.LocaleUtils::toLower (17 bytes)
[0.380s][info][jit,compilation] 2142       2       sun.util.locale.LocaleUtils::toLower (17 bytes)   made not entrant: not used
[0.380s][info][jit,compilation] 2215       3       sun.util.locale.StringTokenIterator::next (74 bytes)
[0.380s][info][jit,compilation] 2160       2       sun.util.locale.StringTokenIterator::next (74 bytes)   made not entrant: not used
[0.380s][info][jit,compilation] 2220       3       java.util.regex.Pattern$Start::match (90 bytes)
[0.380s][info][jit,compilation] 2130       2       java.util.regex.Pattern$Start::match (90 bytes)   made not entrant: not used
[0.380s][info][jit,compilation] 2216       3       sun.util.locale.InternalLocaleBuilder::clearExtensions (50 bytes)
[0.380s][info][jit,compilation] 2165       2       sun.util.locale.InternalLocaleBuilder::clearExtensions (50 bytes)   made not entrant: not used
[0.380s][info][jit,compilation] 2217       3       sun.util.locale.LocaleUtils::isEmpty (19 bytes)
[0.380s][info][jit,compilation] 2166       2       sun.util.locale.LocaleUtils::isEmpty (19 bytes)   made not entrant: not used
[0.380s][info][jit,compilation] 2219       3       java.lang.String::subSequence (7 bytes)
[0.380s][info][jit,compilation] 2125       2       java.lang.String::subSequence (7 bytes)   made not entrant: not used
[0.380s][info][jit,compilation] 2206       2       sun.util.locale.LanguageTag::<init> (44 bytes)
[0.380s][info][jit,compilation] 2205       2       sun.util.locale.LanguageTag::parsePrivateuse (135 bytes)
[0.381s][info][jit,compilation]  792       4       java.lang.AbstractStringBuilder::needsNewBuffer (33 bytes)   made not entrant: uncommon trap
[0.381s][info][jit,compilation] 2207       2       sun.util.locale.InternalLocaleBuilder::setLanguageTag (173 bytes)
[0.381s][info][jit,compilation]   24       4       java.lang.String::charAt (25 bytes)   made not entrant: uncommon trap
[0.381s][info][jit,compilation]   29       4       java.lang.String::isLatin1 (19 bytes)   made not entrant: uncommon trap
[0.381s][info][jit,compilation] 2208       2       sun.util.locale.InternalLocaleBuilder::clear (31 bytes)
[0.381s][info][jit,compilation] 2209       2       sun.util.locale.InternalLocaleBuilder::setExtensions (202 bytes)
[0.382s][info][jit,compilation] 2222       3       java.lang.String::isLatin1 (19 bytes)
[0.382s][info][jit,compilation] 2210       2       sun.util.locale.LocaleUtils::isEmpty (19 bytes)
[0.382s][info][jit,compilation] 2211       2       sun.util.locale.InternalLocaleBuilder::getBaseLocale (187 bytes)
[0.382s][info][jit,compilation] 2191       2       sun.util.locale.InternalLocaleBuilder::<init> (29 bytes)
[0.382s][info][jit,compilation] 2192       2       java.util.Locale::forLanguageTag (82 bytes)
[0.382s][info][jit,compilation] 2195       2       java.text.ParsePosition::<init> (20 bytes)
[0.382s][info][jit,compilation] 2196       2       sun.util.locale.LanguageTag::parse (236 bytes)
[0.383s][info][jit,compilation] 2197       2       sun.util.locale.LanguageTag::legacyToPreferred (916 bytes)
[0.383s][info][jit,compilation] 2198       2       java.util.Objects::requireNonNullElse (15 bytes)
[0.383s][info][jit,compilation] 2199       2       sun.util.locale.StringTokenIterator::<init> (51 bytes)
[0.383s][info][jit,compilation] 2200       2       sun.util.locale.StringTokenIterator::setStart (62 bytes)
[0.383s][info][jit,compilation] 2201       2       sun.util.locale.LanguageTag::parseLanguage (48 bytes)
[0.384s][info][jit,compilation] 2203       2       jdk.internal.util.ReferencedKeyMap::put (51 bytes)
[0.384s][info][jit,compilation] 2193       2       java.util.Locale$2::apply (43 bytes)
[0.384s][info][jit,compilation] 2221       2       java.lang.StringUTF16::getChar (60 bytes)
[0.384s][info][jit,compilation] 2202       2       sun.util.locale.LanguageTag::isLanguage (29 bytes)
[0.384s][info][jit,compilation] 2204       2       sun.util.locale.LanguageTag::isScript (21 bytes)
[0.384s][info][jit,compilation] 2194       2       sun.util.locale.LanguageTag::isRegion (36 bytes)
[0.385s][info][jit,compilation] 1960       4       org.apache.parquet.format.ColumnChunk$ColumnChunkStandardScheme::read (483 bytes)
[0.385s][info][jit,compilation] 2223       2       java.lang.Character::isJavaIdentifierPart (9 bytes)
[0.385s][info][jit,compilation] 2226       3       java.lang.AbstractStringBuilder::needsNewBuffer (33 bytes)
[0.386s][info][jit,compilation] 2224       2       java.lang.CharacterDataLatin1::isJavaIdentifierPart (20 bytes)
[0.390s][info][jit,compilation] 2227       2       java.util.concurrent.ConcurrentHashMap::sumCount (60 bytes)
[0.390s][info][jit,compilation] 2229   !   2       java.util.zip.ZipFile$CleanableResource::releaseInflater (53 bytes)
[0.390s][info][jit,compilation] 2228   !   2       java.util.zip.ZipFile$CleanableResource::getInflater (47 bytes)
[0.400s][info][jit,compilation] 1942       4       shaded.parquet.org.apache.thrift.protocol.TCompactProtocol::readVarint64 (136 bytes)
[0.402s][info][jit,compilation] 2186   !   4       java.util.concurrent.ConcurrentHashMap::putVal (432 bytes)
[0.403s][info][jit,compilation] 2230 % !   3       java.util.concurrent.ConcurrentHashMap::transfer @ 96 (849 bytes)
[0.404s][info][jit,compilation] 2232       1       java.util.Collections$1::hasNext (5 bytes)
[0.404s][info][jit,compilation] 2231       1       org.apache.parquet.schema.Type::getName (5 bytes)
[0.404s][info][jit,compilation] 2233       2       org.apache.parquet.schema.GroupType::getType (10 bytes)
[0.404s][info][jit,compilation] 2236       2       org.apache.parquet.schema.GroupType::getType (14 bytes)
[0.404s][info][jit,compilation] 2239       2       org.apache.parquet.hadoop.metadata.Canonicalizer::canonicalize (42 bytes)
[0.404s][info][jit,compilation] 2234       2       org.apache.parquet.schema.GroupType::getFieldIndex (54 bytes)
[0.405s][info][jit,compilation] 2237       2       org.apache.parquet.schema.Type::isRepetition (14 bytes)
[0.405s][info][jit,compilation] 2238       2       org.apache.parquet.hadoop.metadata.ColumnPath::<init> (10 bytes)
[0.405s][info][jit,compilation] 2235       2       org.apache.parquet.schema.MessageType::getType (7 bytes)
[0.405s][info][jit,compilation] 2240       2       jdk.internal.classfile.impl.AbstractPoolEntry$Utf8EntryImpl::charAt (62 bytes)
[0.405s][info][jit,compilation] 2241       2       java.lang.invoke.MethodHandles$Lookup::findBoundCallerLookup (30 bytes)
[0.405s][info][jit,compilation] 2242       2       java.lang.invoke.MethodHandles$Lookup::getDirectMethod (14 bytes)
[0.405s][info][jit,compilation] 2243       2       java.lang.invoke.MethodHandle::maybeCustomize (38 bytes)
[0.407s][info][jit,compilation] 2244       2       java.lang.System::checkKey (32 bytes)
[0.407s][info][jit,compilation] 2245   !   2       java.lang.invoke.MemberName::getFieldType (178 bytes)
[0.407s][info][jit,compilation] 2246     n 0       java.lang.invoke.MethodHandle::invokeBasic(I)I (native)   
[0.407s][info][jit,compilation] 2247     n 0       java.lang.invoke.MethodHandle::linkToSpecial(LIL)I (native)   (static)
[0.407s][info][jit,compilation] 2249       2       java.lang.invoke.LambdaForm$Name::isParam (13 bytes)
[0.408s][info][jit,compilation] 2250       2       java.lang.classfile.CodeBuilder::invoke (46 bytes)
[0.408s][info][jit,compilation] 2251       2       jdk.internal.classfile.impl.Util$1WithCodeMethodHandler::accept (9 bytes)
[0.408s][info][jit,compilation] 2252       2       jdk.internal.classfile.impl.Util$1WithCodeMethodHandler::accept (12 bytes)
[0.408s][info][jit,compilation] 2248       2       java.lang.invoke.LambdaFormBuffer::ownedCount (7 bytes)
[0.408s][info][jit,compilation] 2253       2       java.lang.String::charAt (25 bytes)
[0.408s][info][jit,compilation] 2051   !   2       java.util.concurrent.ConcurrentHashMap::putVal (432 bytes)   made not entrant: not used
[0.408s][info][jit,compilation] 2035       4       java.util.HashMap::getNode (150 bytes)
[0.408s][info][jit,compilation] 2254       2       jdk.internal.classfile.impl.ClassFileImpl::build (38 bytes)
[0.408s][info][jit,compilation] 2258     n 0       java.lang.invoke.MethodHandle::invokeBasic(LL)I (native)   
[0.408s][info][jit,compilation] 2259     n 0       java.lang.invoke.MethodHandle::linkToSpecial(LLLL)I (native)   (static)
[0.408s][info][jit,compilation] 2256       2       jdk.internal.classfile.impl.DirectClassBuilder::build (303 bytes)
[0.409s][info][jit,compilation] 2257       2       jdk.internal.classfile.impl.BufWriterImpl::cpIndexOrZero (21 bytes)
[0.409s][info][jit,compilation] 2260       2       jdk.internal.classfile.impl.DirectCodeBuilder::invoke (50 bytes)
[0.409s][info][jit,compilation] 2262       2       jdk.internal.classfile.impl.DirectClassBuilder::with (9 bytes)
[0.409s][info][jit,compilation] 1630       2       java.util.HashMap::getNode (150 bytes)   made not entrant: not used
[0.409s][info][jit,compilation] 1944       4       shaded.parquet.org.apache.thrift.protocol.TCompactProtocol::readListBegin (49 bytes)
[0.410s][info][jit,compilation] 2264       2       java.lang.invoke.InvokerBytecodeGenerator::methodDesc (45 bytes)
[0.410s][info][jit,compilation] 2263       2       jdk.internal.classfile.impl.DirectClassBuilder::with (33 bytes)
[0.410s][info][jit,compilation] 2255       2       jdk.internal.classfile.impl.DirectClassBuilder::<init> (75 bytes)
[0.410s][info][jit,compilation] 2266       2       java.lang.classfile.ClassHierarchyResolver::cached (10 bytes)
[0.410s][info][jit,compilation] 2267       2       java.lang.classfile.ClassHierarchyResolver::cached (18 bytes)
[0.410s][info][jit,compilation] 2268       2       java.lang.classfile.ClassHierarchyResolver$1Factory::get (5 bytes)
[0.410s][info][jit,compilation] 2269       2       java.lang.classfile.ClassHierarchyResolver$1Factory::get (8 bytes)
[0.410s][info][jit,compilation] 2270       2       jdk.internal.classfile.impl.ClassHierarchyImpl$CachedClassHierarchyResolver::<init> (23 bytes)
[0.410s][info][jit,compilation] 2271       2       jdk.internal.classfile.impl.ClassHierarchyImpl$CachedClassHierarchyResolver$1::<init> (17 bytes)
[0.410s][info][jit,compilation] 2261       1       java.util.Collections$EmptyList::size (2 bytes)
[0.410s][info][jit,compilation] 2265       1       jdk.internal.classfile.impl.UnboundAttribute$UnboundRuntimeVisibleAnnotationsAttribute::annotations (5 bytes)
[0.411s][info][jit,compilation] 1939       4       org.apache.parquet.format.InterningProtocol::readI64 (8 bytes)
[0.411s][info][jit,compilation] 1940       4       shaded.parquet.org.apache.thrift.protocol.TCompactProtocol::readI64 (9 bytes)
[0.412s][info][jit,compilation] 1923       4       org.apache.parquet.format.InterningProtocol::readI32 (8 bytes)
[0.412s][info][jit,compilation] 2272       2       jdk.internal.util.DecimalDigits::uncheckedPutCharLatin1 (40 bytes)
[0.412s][info][jit,compilation] 2273       2       org.weakref.nitro.parquet.ParquetFile$SegmentInputStream::read (64 bytes)
[0.413s][info][jit,compilation] 2276       2       jdk.internal.foreign.AbstractMemorySegmentImpl::isAlignedForElement (12 bytes)
[0.413s][info][jit,compilation] 2277       2       jdk.internal.foreign.AbstractMemorySegmentImpl::isAlignedForElement (26 bytes)
[0.413s][info][jit,compilation] 2274       2       java.lang.foreign.MemorySegment::copy (29 bytes)
[0.414s][info][jit,compilation] 2275       2       jdk.internal.foreign.AbstractMemorySegmentImpl::copy (255 bytes)
[0.415s][info][jit,compilation] 2289       3       jdk.internal.util.DecimalDigits::uncheckedPutCharLatin1 (40 bytes)
[0.415s][info][jit,compilation] 2272       2       jdk.internal.util.DecimalDigits::uncheckedPutCharLatin1 (40 bytes)   made not entrant: not used
[0.415s][info][jit,compilation] 2280       2       shaded.parquet.org.apache.thrift.transport.TEndpointTransport::getMaxMessageSize (9 bytes)
[0.415s][info][jit,compilation] 2278       2       jdk.internal.util.DecimalDigits::uncheckedPutPairLatin1 (31 bytes)
[0.415s][info][jit,compilation] 2279       2       shaded.parquet.org.apache.thrift.protocol.TProtocol::<init> (19 bytes)
[0.415s][info][jit,compilation] 2281       1       java.util.Formatter$FixedString::index (3 bytes)
[0.415s][info][jit,compilation] 2282       1       java.util.Formatter$FormatSpecifier::index (5 bytes)
[0.415s][info][jit,compilation] 2283       1       org.weakref.nitro.parquet.ColumnReader$Chunk::metadata (5 bytes)
[0.415s][info][jit,compilation] 2284       1       org.weakref.nitro.parquet.ColumnReader$Chunk::segment (5 bytes)
[0.415s][info][jit,compilation] 2285       1       org.apache.parquet.format.PageHeader::getCompressed_page_size (5 bytes)
[0.415s][info][jit,compilation] 2286       1       org.weakref.nitro.parquet.ParquetFile$SegmentInputStream::position (5 bytes)
[0.415s][info][jit,compilation] 2293     n 0       java.lang.invoke.MethodHandle::linkToSpecial(LJL)I (native)   (static)
[0.415s][info][jit,compilation] 2290       2       java.util.Formatter$Flags::contains (13 bytes)
[0.415s][info][jit,compilation] 2294       2       java.lang.invoke.LambdaForm::normalizeNames (233 bytes)
[0.415s][info][jit,compilation] 2296       2       java.lang.invoke.InvokerBytecodeGenerator::emitPushArguments (48 bytes)
[0.415s][info][jit,compilation] 2291       2       java.util.Formatter::ensureOpen (16 bytes)
[0.415s][info][jit,compilation] 2292       2       org.apache.parquet.format.DictionaryPageHeader::validate (39 bytes)
[0.416s][info][jit,compilation] 2297       2       jdk.internal.misc.Unsafe::putLongUnaligned (157 bytes)
[0.416s][info][jit,compilation] 2295       1       jdk.internal.classfile.impl.DirectClassBuilder::setSuperclass (6 bytes)
[0.416s][info][jit,compilation] 2299     n 0       java.lang.invoke.MethodHandle::linkToStatic(LLJJL)V (native)   (static)
[0.416s][info][jit,compilation] 2300     n 0       java.lang.invoke.MethodHandle::invokeBasic(LJLL)I (native)   
[0.416s][info][jit,compilation] 2301     n 0       java.lang.invoke.MethodHandle::linkToSpecial(LLJLLL)I (native)   (static)
[0.416s][info][jit,compilation] 1924       4       shaded.parquet.org.apache.thrift.protocol.TCompactProtocol::readI32 (9 bytes)
[0.417s][info][jit,compilation] 2302       2       jdk.internal.classfile.impl.StackMapGenerator::generate (107 bytes)
[0.417s][info][jit,compilation] 2306     n 0       java.lang.invoke.MethodHandle::invokeBasic(JLJJLJLJ)I (native)   
[0.417s][info][jit,compilation] 2303       2       java.lang.invoke.InvokerBytecodeGenerator::emitStaticInvoke (260 bytes)
[0.417s][info][jit,compilation] 2307     n 0       java.lang.invoke.MethodHandle::linkToSpecial(LJLJJLJLJL)I (native)   (static)
[0.417s][info][jit,compilation] 2304       2       java.lang.invoke.InvokerBytecodeGenerator::refKindOpcode (112 bytes)
[0.420s][info][jit,compilation] 2305       2       java.lang.reflect.Modifier::isPrivate (12 bytes)
[0.427s][info][jit,compilation] 1917       4       shaded.parquet.org.apache.thrift.protocol.TCompactProtocol::readFieldBegin (106 bytes)
[0.430s][info][jit,compilation] 2308       2       java.lang.Integer::numberOfTrailingZeros (79 bytes)
[0.430s][info][jit,compilation] 2309       2       org.weakref.nitro.operator.DynamicFilter::accepts (99 bytes)
[0.430s][info][jit,compilation] 2310       2       org.weakref.nitro.operator.NitroParquetScanOperator$$Lambda/0x00000000911f0b30::test (9 bytes)
[0.431s][info][jit,compilation] 2311       3       org.weakref.nitro.operator.DynamicFilter::accepts (99 bytes)
[0.431s][info][jit,compilation] 2309       2       org.weakref.nitro.operator.DynamicFilter::accepts (99 bytes)   made not entrant: not used
[0.431s][info][jit,compilation] 1918   !   4       shaded.parquet.org.apache.thrift.transport.TIOStreamTransport::read (78 bytes)
[0.433s][info][jit,compilation] 2313       2       jdk.internal.misc.Unsafe::storeFence (5 bytes)
[0.435s][info][jit,compilation] 2314       2       jdk.internal.classfile.impl.DirectCodeBuilder::return_ (13 bytes)
[0.435s][info][jit,compilation] 2315       2       jdk.internal.classfile.impl.BytecodeHelpers::returnBytecode (17 bytes)
[0.435s][info][jit,compilation] 2316       2       java.lang.invoke.InvokerBytecodeGenerator::isStaticallyInvocable (168 bytes)
[0.435s][info][jit,compilation] 2287       4       org.weakref.nitro.parquet.ParquetFile$SegmentInputStream::read (64 bytes)
[0.435s][info][jit,compilation] 2318     n 0       java.lang.invoke.MethodHandle::linkToStatic(LJLL)L (native)   (static)
[0.436s][info][jit,compilation] 2169       4       java.util.HashMap::put (13 bytes)
[0.436s][info][jit,compilation] 2317       2       java.lang.invoke.MemberName::isPrivate (8 bytes)
[0.436s][info][jit,compilation] 2319     n 0       java.lang.invoke.MethodHandle::linkToStatic(LIIL)I (native)   (static)
[0.436s][info][jit,compilation] 2320     n 0       java.lang.invoke.MethodHandle::linkToStatic(JIL)J (native)   (static)
[0.436s][info][jit,compilation] 2321       1       java.lang.Class::getClassData (5 bytes)
[0.436s][info][jit,compilation] 2288       4       shaded.parquet.org.apache.thrift.scheme.StandardScheme::<init> (5 bytes)
[0.436s][info][jit,compilation] 2322     n 0       java.lang.invoke.MethodHandle::linkToStatic(LJIL)I (native)   (static)
[0.436s][info][jit,compilation] 2323       1       jdk.internal.classfile.impl.UnboundAttribute$UnboundSourceFileAttribute::sourceFile (5 bytes)
[0.436s][info][jit,compilation] 1323       3       shaded.parquet.org.apache.thrift.scheme.StandardScheme::<init> (5 bytes)   made not entrant: not used
[0.436s][info][jit,compilation] 1974       4       org.apache.parquet.format.InterningProtocol::readBinary (8 bytes)
[0.437s][info][jit,compilation] 2324     n 0       java.lang.invoke.MethodHandle::linkToStatic(LJIIL)V (native)   (static)
[0.437s][info][jit,compilation] 2325       2       jdk.internal.classfile.impl.DirectClassBuilder::withField (24 bytes)
[0.437s][info][jit,compilation] 2326       2       jdk.internal.classfile.impl.DirectFieldBuilder::<init> (45 bytes)
[0.437s][info][jit,compilation] 2328     n 0       java.lang.invoke.MethodHandle::linkToStatic(LLJIL)V (native)   (static)
[0.437s][info][jit,compilation] 2330       2       java.lang.invoke.MemberName::isField (8 bytes)
[0.437s][info][jit,compilation] 2331     n 0       java.lang.invoke.MethodHandle::linkToStatic(LJLLL)L (native)   (static)
[0.437s][info][jit,compilation] 2329       2       jdk.internal.foreign.layout.ValueLayouts$AbstractValueLayout::varHandle (24 bytes)
[0.437s][info][jit,compilation] 2327       2       jdk.internal.classfile.impl.DirectFieldBuilder::writeTo (33 bytes)
[0.438s][info][jit,compilation] 2332     n 0       java.lang.invoke.MethodHandle::linkToStatic(LLIIL)I (native)   (static)
[0.438s][info][jit,compilation] 2273       2       org.weakref.nitro.parquet.ParquetFile$SegmentInputStream::read (64 bytes)   made not entrant: not used
[0.438s][info][jit,compilation] 1975       4       shaded.parquet.org.apache.thrift.protocol.TCompactProtocol::readBinary (82 bytes)
[0.438s][info][jit,compilation] 2333       2       jdk.internal.classfile.impl.DirectClassBuilder::withMethod (54 bytes)
[0.438s][info][jit,compilation] 2339     n 0       java.lang.invoke.MethodHandle::linkToStatic(LIL)J (native)   (static)
[0.438s][info][jit,compilation] 2334       2       jdk.internal.classfile.impl.DirectMethodBuilder::writeTo (33 bytes)
[0.438s][info][jit,compilation] 2335       2       jdk.internal.classfile.impl.DirectCodeBuilder$4::writeBody (243 bytes)
[0.439s][info][jit,compilation] 2341     n 0       java.lang.invoke.MethodHandle::invokeBasic(LLIL)L (native)   
[0.439s][info][jit,compilation] 2342     n 0       java.lang.invoke.MethodHandle::linkToSpecial(LLLILL)L (native)   (static)
[0.439s][info][jit,compilation] 2336       2       jdk.internal.classfile.impl.ClassFileImpl::stackMapsWhenRequired (23 bytes)
[0.439s][info][jit,compilation] 2337       2       jdk.internal.classfile.impl.BufWriterImpl::writeBytes (14 bytes)
[0.439s][info][jit,compilation] 2338       2       jdk.internal.classfile.impl.DirectCodeBuilder::writeExceptionHandlers (39 bytes)
[0.439s][info][jit,compilation] 2340       2       java.lang.invoke.DirectMethodHandle::make (275 bytes)
[0.440s][info][jit,compilation] 2345       2       java.lang.invoke.MethodType::methodType (21 bytes)
[0.440s][info][jit,compilation] 2348     n 0       java.lang.invoke.MethodHandle::linkToStatic(IIIL)I (native)   (static)
[0.440s][info][jit,compilation] 2347       2       java.lang.invoke.Invokers::checkCustomized (23 bytes)
[0.440s][info][jit,compilation] 2349       2       jdk.internal.misc.CDS::isUsingArchive (15 bytes)
[0.440s][info][jit,compilation] 2343       2       java.lang.invoke.MethodHandle::setAsTypeCache (39 bytes)
[0.440s][info][jit,compilation] 2344       2       java.lang.invoke.MethodHandle::asTypeUncached (54 bytes)
[0.440s][info][jit,compilation] 2346       1       java.lang.reflect.AccessibleObject::isAccessible (5 bytes)
[0.440s][info][jit,compilation] 2351       2       java.lang.invoke.DirectMethodHandle$Holder::newInvokeSpecial (20 bytes)
[0.440s][info][jit,compilation] 2352       2       java.lang.invoke.MethodTypeForm::<init> (322 bytes)
[0.440s][info][jit,compilation] 2353     n 0       java.lang.invoke.MethodHandle::linkToStatic(LIIIL)V (native)   (static)
[0.440s][info][jit,compilation] 2008       2       java.util.HashMap::put (13 bytes)   made not entrant: not used
[0.440s][info][jit,compilation] 1959       4       shaded.parquet.org.apache.thrift.protocol.TCompactProtocol::zigzagToInt (9 bytes)
[0.440s][info][jit,compilation] 2357       2       java.lang.invoke.SegmentVarHandle::checkSegment (24 bytes)
[0.440s][info][jit,compilation] 1308       3       shaded.parquet.org.apache.thrift.protocol.TCompactProtocol::zigzagToInt (9 bytes)   made not entrant: not used
[0.440s][info][jit,compilation] 2099       4       java.lang.String::<init> (15 bytes)
[0.441s][info][jit,compilation]   47       3       java.lang.String::<init> (15 bytes)   made not entrant: not used
[0.441s][info][jit,compilation] 1933       4       shaded.parquet.org.apache.thrift.protocol.TField::<init> (20 bytes)
[0.441s][info][jit,compilation] 1294       3       shaded.parquet.org.apache.thrift.protocol.TField::<init> (20 bytes)   made not entrant: not used
[0.441s][info][jit,compilation] 1937       4       shaded.parquet.org.apache.thrift.protocol.TCompactProtocol::isBoolType (21 bytes)
[0.441s][info][jit,compilation] 2356       1       jdk.internal.foreign.HeapMemorySegmentImpl::unsafeGetOffset (5 bytes)
[0.441s][info][jit,compilation] 1299       3       shaded.parquet.org.apache.thrift.protocol.TCompactProtocol::isBoolType (21 bytes)   made not entrant: not used
[0.441s][info][jit,compilation] 1922       4       java.util.Objects::checkFromIndexSize (8 bytes)
[0.441s][info][jit,compilation] 2358       2       jdk.internal.foreign.AbstractMemorySegmentImpl::checkEnclosingLayout (68 bytes)
[0.441s][info][jit,compilation]  275       3       java.util.Objects::checkFromIndexSize (8 bytes)   made not entrant: not used
[0.441s][info][jit,compilation] 2097       4       jdk.internal.access.SharedSecrets::getJavaLangAccess (4 bytes)
[0.441s][info][jit,compilation] 1078       3       jdk.internal.access.SharedSecrets::getJavaLangAccess (4 bytes)   made not entrant: not used
[0.441s][info][jit,compilation] 1976       4       org.apache.parquet.format.ColumnChunk::setFile_offsetIsSet (14 bytes)
[0.441s][info][jit,compilation] 2360       2       java.lang.invoke.SegmentVarHandle::offset (13 bytes)
[0.441s][info][jit,compilation] 2361       2       jdk.internal.foreign.HeapMemorySegmentImpl$OfByte::unsafeGetOffset (5 bytes)
[0.441s][info][jit,compilation] 2355       2       java.lang.invoke.VarHandleGuards::guard_LJ_I (84 bytes)
[0.442s][info][jit,compilation] 1401       3       org.apache.parquet.format.ColumnChunk::setFile_offsetIsSet (14 bytes)   made not entrant: not used
[0.442s][info][jit,compilation] 1977       4       org.apache.parquet.format.ColumnMetaData::<init> (10 bytes)
[0.442s][info][jit,compilation] 2375     n 0       java.lang.invoke.MethodHandle::invokeBasic(LLJ)I (native)   
[0.442s][info][jit,compilation] 1402       3       org.apache.parquet.format.ColumnMetaData::<init> (10 bytes)   made not entrant: not used
[0.442s][info][jit,compilation] 1978       4       org.apache.parquet.format.ColumnMetaData::read (12 bytes)
[0.442s][info][jit,compilation] 2362       2       jdk.internal.misc.Unsafe::loadFence (5 bytes)
[0.442s][info][jit,compilation] 2359       1       jdk.incubator.vector.AbstractSpecies::laneCount (5 bytes)
[0.442s][info][jit,compilation] 2377       3       jdk.internal.foreign.layout.ValueLayouts$AbstractValueLayout::varHandle (24 bytes)
[0.442s][info][jit,compilation] 2329       2       jdk.internal.foreign.layout.ValueLayouts$AbstractValueLayout::varHandle (24 bytes)   made not entrant: not used
[0.442s][info][jit,compilation] 2363       2       jdk.internal.vm.vector.VectorSupport$VectorPayload::getPayload (8 bytes)
[0.442s][info][jit,compilation] 2364       2       jdk.internal.vm.vector.VectorSupport::maybeRebox (8 bytes)
[0.442s][info][jit,compilation] 2365       2       jdk.incubator.vector.Int256Vector$Int256Shuffle::vspecies (4 bytes)
[0.442s][info][jit,compilation] 2366       2       jdk.incubator.vector.Int256Vector::vec (8 bytes)
[0.442s][info][jit,compilation] 2367       2       jdk.incubator.vector.Int256Vector$Int256Shuffle::vspecies (5 bytes)
[0.442s][info][jit,compilation] 2368       2       jdk.internal.foreign.HeapMemorySegmentImpl$OfByte::unsafeGetBase (5 bytes)
[0.442s][info][jit,compilation] 2370       2       jdk.internal.foreign.HeapMemorySegmentImpl$OfByte::unsafeGetBase (11 bytes)
[0.442s][info][jit,compilation] 2373       2       jdk.internal.foreign.HeapMemorySegmentImpl$OfByte::maxAlignMask (4 bytes)
[0.442s][info][jit,compilation] 2372       2       jdk.incubator.vector.AbstractSpecies::dummyVector (16 bytes)
[0.442s][info][jit,compilation] 2369       2       jdk.incubator.vector.Int256Vector::length (4 bytes)
[0.442s][info][jit,compilation] 2371       2       jdk.incubator.vector.IntVector$IntSpecies::dummyVector (5 bytes)
[0.442s][info][jit,compilation] 1403       3       org.apache.parquet.format.ColumnMetaData::read (12 bytes)   made not entrant: not used
[0.442s][info][jit,compilation] 1979       4       org.apache.parquet.format.ColumnChunk::setMeta_dataIsSet (10 bytes)
[0.442s][info][jit,compilation] 2396       3       java.lang.invoke.SegmentVarHandle::checkSegment (24 bytes)
[0.443s][info][jit,compilation] 1411       3       org.apache.parquet.format.ColumnChunk::setMeta_dataIsSet (10 bytes)   made not entrant: not used
[0.443s][info][jit,compilation] 1980       4       org.apache.parquet.format.ColumnChunk::isSetFile_offset (9 bytes)
[0.443s][info][jit,compilation] 1412       3       org.apache.parquet.format.ColumnChunk::isSetFile_offset (9 bytes)   made not entrant: not used
[0.443s][info][jit,compilation] 1981       4       org.apache.parquet.format.ColumnChunk::validate (15 bytes)
[0.443s][info][jit,compilation] 2357       2       java.lang.invoke.SegmentVarHandle::checkSegment (24 bytes)   made not entrant: not used
[0.443s][info][jit,compilation] 2400       3       jdk.internal.foreign.HeapMemorySegmentImpl$OfByte::unsafeGetOffset (5 bytes)
[0.443s][info][jit,compilation] 2361       2       jdk.internal.foreign.HeapMemorySegmentImpl$OfByte::unsafeGetOffset (5 bytes)   made not entrant: not used
[0.443s][info][jit,compilation] 2376       2       jdk.incubator.vector.IntVector$$Lambda/0x0000000091156788::apply (7 bytes)
[0.443s][info][jit,compilation] 2379       2       jdk.internal.foreign.AbstractMemorySegmentImpl::get (12 bytes)
[0.443s][info][jit,compilation] 1413       3       org.apache.parquet.format.ColumnChunk::validate (15 bytes)   made not entrant: not used
[0.443s][info][jit,compilation] 1945       4       java.nio.HeapByteBuffer::ix (7 bytes)
[0.443s][info][jit,compilation] 1925       3       java.nio.HeapByteBuffer::ix (7 bytes)   made not entrant: not used
[0.443s][info][jit,compilation] 1932       4       java.nio.Buffer::session (20 bytes)
[0.443s][info][jit,compilation]  390       3       java.nio.Buffer::session (20 bytes)   made not entrant: not used
[0.443s][info][jit,compilation] 2043       4       java.util.concurrent.ConcurrentHashMap::spread (10 bytes)
[0.443s][info][jit,compilation]  101       3       java.util.concurrent.ConcurrentHashMap::spread (10 bytes)   made not entrant: not used
[0.443s][info][jit,compilation] 2411       4       jdk.internal.foreign.MemorySessionImpl::checkValidStateRaw (33 bytes)
[0.443s][info][jit,compilation] 2380       2       java.lang.invoke.VarHandleSegmentAsBytes::get (14 bytes)
[0.444s][info][jit,compilation] 1274       3       jdk.internal.foreign.MemorySessionImpl::checkValidStateRaw (33 bytes)   made not entrant: not used
[0.444s][info][jit,compilation] 2350       4       java.lang.Integer::toUnsignedLong (7 bytes)
[0.444s][info][jit,compilation]  227       3       java.lang.Integer::toUnsignedLong (7 bytes)   made not entrant: not used
[0.444s][info][jit,compilation] 2134       4       java.lang.String::toString (2 bytes)
[0.444s][info][jit,compilation]  608       3       java.lang.String::toString (2 bytes)   made not entrant: not used
[0.444s][info][jit,compilation] 2225       4       java.lang.CharacterDataLatin1::getProperties (11 bytes)
[0.444s][info][jit,compilation]  935       3       java.lang.CharacterDataLatin1::getProperties (11 bytes)   made not entrant: not used
[0.444s][info][jit,compilation] 2298       4       jdk.internal.misc.Unsafe::putLongUnaligned (157 bytes)
[0.444s][info][jit,compilation] 2415       3       jdk.incubator.vector.Int256Vector::vec (8 bytes)
[0.444s][info][jit,compilation] 2297       2       jdk.internal.misc.Unsafe::putLongUnaligned (157 bytes)   made not entrant: not used
[0.444s][info][jit,compilation] 2312       4       org.weakref.nitro.operator.NitroParquetScanOperator$$Lambda/0x00000000911f0b30::test (9 bytes)
[0.444s][info][jit,compilation] 2366       2       jdk.incubator.vector.Int256Vector::vec (8 bytes)   made not entrant: not used
[0.444s][info][jit,compilation] 2416       3       jdk.incubator.vector.Int256Vector$Int256Shuffle::vspecies (5 bytes)
[0.444s][info][jit,compilation] 2367       2       jdk.incubator.vector.Int256Vector$Int256Shuffle::vspecies (5 bytes)   made not entrant: not used
[0.444s][info][jit,compilation] 2378       2       jdk.internal.vm.vector.VectorSupport$VectorPayload::<init> (10 bytes)
[0.444s][info][jit,compilation] 2386       2       jdk.incubator.vector.AbstractVector::<init> (6 bytes)
[0.444s][info][jit,compilation] 2387       2       jdk.incubator.vector.Vector::<init> (6 bytes)
[0.444s][info][jit,compilation] 2388       2       jdk.internal.vm.vector.VectorSupport$Vector::<init> (6 bytes)
[0.444s][info][jit,compilation] 2420       3       jdk.internal.foreign.HeapMemorySegmentImpl$OfByte::unsafeGetBase (5 bytes)
[0.444s][info][jit,compilation] 2310       2       org.weakref.nitro.operator.NitroParquetScanOperator$$Lambda/0x00000000911f0b30::test (9 bytes)   made not entrant: not used
[0.444s][info][jit,compilation] 2108       4       jdk.internal.misc.Unsafe::getShortUnaligned (12 bytes)
[0.444s][info][jit,compilation] 2368       2       jdk.internal.foreign.HeapMemorySegmentImpl$OfByte::unsafeGetBase (5 bytes)   made not entrant: not used
[0.444s][info][jit,compilation] 2412       2       jdk.incubator.vector.Int256Vector::<init> (6 bytes)
[0.444s][info][jit,compilation] 2413       2       jdk.incubator.vector.IntVector::<init> (6 bytes)
[0.444s][info][jit,compilation] 2414       2       jdk.incubator.vector.Int256Vector::vectorFactory (9 bytes)
[0.445s][info][jit,compilation] 2374       2       jdk.incubator.vector.IntVector$IntSpecies::dummyVector (8 bytes)
[0.445s][info][jit,compilation]  216       2       jdk.internal.misc.Unsafe::getShortUnaligned (12 bytes)   made not entrant: not used
[0.445s][info][jit,compilation] 2402       4       java.lang.invoke.SegmentVarHandle::offset (13 bytes)
[0.445s][info][jit,compilation] 2401       1       jdk.internal.foreign.AbstractMemorySegmentImpl::byteSize (5 bytes)
[0.445s][info][jit,compilation] 2405       1       jdk.incubator.vector.IntVector$IntSpecies::vectorType (5 bytes)
[0.445s][info][jit,compilation] 2422       2       jdk.incubator.vector.IntVector$IntSpecies::elementType (4 bytes)
[0.445s][info][jit,compilation] 2389       2       jdk.incubator.vector.AbstractSpecies::withLanes (19 bytes)
[0.445s][info][jit,compilation] 2391   !   2       jdk.internal.misc.ScopedMemoryAccess::putByte (21 bytes)
[0.445s][info][jit,compilation] 2424       2       jdk.internal.vm.vector.VectorSupport::convert (36 bytes)
[0.445s][info][jit,compilation] 2425       3       jdk.incubator.vector.IntVector$IntSpecies::dummyVector (5 bytes)
[0.445s][info][jit,compilation] 2360       2       java.lang.invoke.SegmentVarHandle::offset (13 bytes)   made not entrant: not used
[0.445s][info][jit,compilation] 2421       4       jdk.internal.foreign.HeapMemorySegmentImpl$OfByte::maxAlignMask (4 bytes)
[0.445s][info][jit,compilation] 2371       2       jdk.incubator.vector.IntVector$IntSpecies::dummyVector (5 bytes)   made not entrant: not used
[0.445s][info][jit,compilation] 2417       1       jdk.incubator.vector.AbstractSpecies::vectorBitSize (5 bytes)
[0.445s][info][jit,compilation] 2373       2       jdk.internal.foreign.HeapMemorySegmentImpl$OfByte::maxAlignMask (4 bytes)   made not entrant: not used
[0.445s][info][jit,compilation] 2423       4       jdk.incubator.vector.Int256Vector::length (4 bytes)
[0.445s][info][jit,compilation] 2426       2       jdk.incubator.vector.IntVector$IntSpecies$$Lambda/0x000000009114f240::apply (9 bytes)
[0.445s][info][jit,compilation] 2369       2       jdk.incubator.vector.Int256Vector::length (4 bytes)   made not entrant: not used
[0.445s][info][jit,compilation] 1949       4       org.apache.parquet.format.Statistics::<init> (10 bytes)
[0.445s][info][jit,compilation] 2427       2       jdk.incubator.vector.IntVector$IntSpecies::lambda$broadcastBits$1 (2 bytes)
[0.445s][info][jit,compilation] 2428       2       jdk.incubator.vector.IntVector::fromBits (3 bytes)
[0.445s][info][jit,compilation] 2429       2       jdk.incubator.vector.IntVector$$Lambda/0x0000000091152080::apply (14 bytes)
[0.445s][info][jit,compilation] 1950       4       org.apache.parquet.format.Statistics::read (12 bytes)
[0.446s][info][jit,compilation] 2438       3       jdk.incubator.vector.IntVector$$Lambda/0x0000000091156788::apply (7 bytes)
[0.446s][info][jit,compilation] 2376       2       jdk.incubator.vector.IntVector$$Lambda/0x0000000091156788::apply (7 bytes)   made not entrant: not used
[0.446s][info][jit,compilation] 2434       2       jdk.incubator.vector.AbstractShuffle$$Lambda/0x00000000911522b0::apply (15 bytes)
[0.446s][info][jit,compilation] 2435       2       jdk.incubator.vector.AbstractShuffle::lambda$toBitsVectorTemplate$0 (5 bytes)
[0.446s][info][jit,compilation] 1951       4       org.apache.parquet.format.Statistics::scheme (28 bytes)
[0.446s][info][jit,compilation] 2436       2       jdk.incubator.vector.Int256Vector$Int256Shuffle::toBitsVector0 (5 bytes)
[0.446s][info][jit,compilation] 2440       3       jdk.internal.foreign.AbstractMemorySegmentImpl::get (12 bytes)
[0.446s][info][jit,compilation] 2441       4       jdk.internal.misc.Unsafe::pickPos (14 bytes)
[0.446s][info][jit,compilation]  209       3       jdk.internal.misc.Unsafe::pickPos (14 bytes)   made not entrant: not used
[0.446s][info][jit,compilation] 2443       4       java.nio.ByteOrder::nativeOrder (4 bytes)
[0.446s][info][jit,compilation] 1952       4       org.apache.parquet.format.Statistics$StatisticsStandardSchemeFactory::getScheme (5 bytes)
[0.446s][info][jit,compilation] 2379       2       jdk.internal.foreign.AbstractMemorySegmentImpl::get (12 bytes)   made not entrant: not used
[0.446s][info][jit,compilation] 2444       3       java.lang.invoke.VarHandleSegmentAsBytes::get (14 bytes)
[0.447s][info][jit,compilation] 1953       4       org.apache.parquet.format.Statistics$StatisticsStandardSchemeFactory::getScheme (9 bytes)
[0.447s][info][jit,compilation] 1954       4       org.apache.parquet.format.Statistics$StatisticsStandardScheme::<init> (5 bytes)
[0.447s][info][jit,compilation] 1955       4       org.apache.parquet.format.Statistics$StatisticsStandardScheme::<init> (5 bytes)
[0.447s][info][jit,compilation] 2380       2       java.lang.invoke.VarHandleSegmentAsBytes::get (14 bytes)   made not entrant: not used
[0.447s][info][jit,compilation] 2446   !   3       jdk.internal.misc.ScopedMemoryAccess::putByte (21 bytes)
[0.447s][info][jit,compilation] 1956       4       org.apache.parquet.format.Statistics$StatisticsStandardScheme::read (10 bytes)
[0.447s][info][jit,compilation] 2391   !   2       jdk.internal.misc.ScopedMemoryAccess::putByte (21 bytes)   made not entrant: not used
[0.447s][info][jit,compilation] 2442       3       java.lang.invoke.VarHandleGuards::guard_LJ_I (84 bytes)
[0.448s][info][jit,compilation] 1961       4       org.apache.parquet.format.Statistics::setNull_countIsSet (14 bytes)
[0.448s][info][jit,compilation] 2454       4       jdk.incubator.vector.IntVector$IntSpecies::elementType (4 bytes)
[0.448s][info][jit,compilation] 2355       2       java.lang.invoke.VarHandleGuards::guard_LJ_I (84 bytes)   made not entrant: not used
[0.448s][info][jit,compilation] 2445       2       jdk.incubator.vector.Int256Vector::vectorFactory (6 bytes)
[0.448s][info][jit,compilation] 2422       2       jdk.incubator.vector.IntVector$IntSpecies::elementType (4 bytes)   made not entrant: not used
[0.448s][info][jit,compilation] 1934       4       org.apache.parquet.format.ColumnMetaData::setCodecIsSet (10 bytes)
[0.448s][info][jit,compilation] 2430       2       jdk.incubator.vector.IntVector::lambda$rearrangeTemplate$1 (21 bytes)
[0.448s][info][jit,compilation] 1936       4       org.apache.parquet.format.ColumnMetaData::setNum_valuesIsSet (14 bytes)
[0.448s][info][jit,compilation] 1941       4       org.apache.parquet.format.ColumnMetaData::setTotal_uncompressed_sizeIsSet (14 bytes)
[0.448s][info][jit,compilation] 1943       4       org.apache.parquet.format.ColumnMetaData::setTotal_compressed_sizeIsSet (14 bytes)
[0.448s][info][jit,compilation] 2459       3       jdk.internal.vm.vector.VectorSupport::convert (36 bytes)
[0.448s][info][jit,compilation] 1946       4       org.apache.parquet.format.ColumnMetaData::setData_page_offsetIsSet (14 bytes)
[0.448s][info][jit,compilation] 2424       2       jdk.internal.vm.vector.VectorSupport::convert (36 bytes)   made not entrant: not used
[0.448s][info][jit,compilation] 2437       2       jdk.incubator.vector.Int256Vector$Int256Shuffle::toBitsVector0 (21 bytes)
[0.449s][info][jit,compilation] 1948       4       org.apache.parquet.format.ColumnMetaData::setDictionary_page_offsetIsSet (14 bytes)
[0.449s][info][jit,compilation] 2431       2       jdk.incubator.vector.Int256Vector$Int256Shuffle::laneSource (9 bytes)
[0.449s][info][jit,compilation] 2461       4       jdk.incubator.vector.IntVector::fromBits (3 bytes)
[0.449s][info][jit,compilation] 2428       2       jdk.incubator.vector.IntVector::fromBits (3 bytes)   made not entrant: not used
[0.449s][info][jit,compilation] 1958       4       org.apache.parquet.format.ColumnMetaData::setStatisticsIsSet (10 bytes)
[0.449s][info][jit,compilation] 1962       4       org.apache.parquet.format.Statistics::setMax_valueIsSet (10 bytes)
[0.449s][info][jit,compilation] 2460       3       jdk.incubator.vector.IntVector$IntSpecies$$Lambda/0x000000009114f240::apply (9 bytes)
[0.449s][info][jit,compilation] 1963       4       org.apache.parquet.format.Statistics::setMin_valueIsSet (10 bytes)
[0.449s][info][jit,compilation] 2426       2       jdk.incubator.vector.IntVector$IntSpecies$$Lambda/0x000000009114f240::apply (9 bytes)   made not entrant: not used
[0.449s][info][jit,compilation] 2432       2       jdk.incubator.vector.Int256Vector$Int256Shuffle::toBitsVector (8 bytes)
[0.449s][info][jit,compilation] 2463       4       java.lang.invoke.Invokers$Holder::linkToTargetMethod (8 bytes)
[0.449s][info][jit,compilation] 2465       3       jdk.incubator.vector.IntVector$$Lambda/0x0000000091152080::apply (14 bytes)
[0.449s][info][jit,compilation]  739       3       java.lang.invoke.Invokers$Holder::linkToTargetMethod (8 bytes)   made not entrant: not used
[0.449s][info][jit,compilation] 2464       4       java.lang.invoke.LambdaForm$Holder::constant_L (8 bytes)
[0.450s][info][jit,compilation]  740       3       java.lang.invoke.LambdaForm$Holder::constant_L (8 bytes)   made not entrant: not used
[0.450s][info][jit,compilation] 2469       4       java.lang.invoke.VarHandle::checkAccessModeThenIsDirect (29 bytes)
[0.450s][info][jit,compilation] 2429       2       jdk.incubator.vector.IntVector$$Lambda/0x0000000091152080::apply (14 bytes)   made not entrant: not used
[0.450s][info][jit,compilation] 2466       3       jdk.incubator.vector.AbstractShuffle$$Lambda/0x00000000911522b0::apply (15 bytes)
[0.450s][info][jit,compilation] 2434       2       jdk.incubator.vector.AbstractShuffle$$Lambda/0x00000000911522b0::apply (15 bytes)   made not entrant: not used
[0.450s][info][jit,compilation] 2468       3       jdk.incubator.vector.Int256Vector$Int256Shuffle::toBitsVector0 (5 bytes)
[0.450s][info][jit,compilation] 2436       2       jdk.incubator.vector.Int256Vector$Int256Shuffle::toBitsVector0 (5 bytes)   made not entrant: not used
[0.450s][info][jit,compilation] 2471   !   3       jdk.internal.misc.ScopedMemoryAccess::getIntUnaligned (18 bytes)
[0.450s][info][jit,compilation] 2439       2       jdk.incubator.vector.Int256Vector$Int256Shuffle::indices (8 bytes)
[0.450s][info][jit,compilation] 2418       1       jdk.incubator.vector.ByteVector$ByteSpecies::vectorType (5 bytes)
[0.450s][info][jit,compilation] 2419       1       jdk.incubator.vector.AbstractSpecies::vectorByteSize (5 bytes)
[0.450s][info][jit,compilation]  822       3       java.lang.invoke.VarHandle::checkAccessModeThenIsDirect (29 bytes)   made not entrant: not used
[0.450s][info][jit,compilation] 2473   !   3       jdk.internal.misc.ScopedMemoryAccess::getIntUnalignedInternal (36 bytes)
[0.450s][info][jit,compilation] 2470       4       java.lang.invoke.VarForm::getMemberName (38 bytes)
[0.451s][info][jit,compilation] 2477       3       jdk.incubator.vector.IntVector$$Lambda/0x0000000091151820::apply (8 bytes)
[0.451s][info][jit,compilation] 2478       3       jdk.incubator.vector.IntVector::memorySegmentGet (18 bytes)
[0.451s][info][jit,compilation]  823       3       java.lang.invoke.VarForm::getMemberName (38 bytes)   made not entrant: not used
[0.451s][info][jit,compilation] 2467       4       jdk.internal.foreign.layout.ValueLayouts$AbstractValueLayout::varHandle (24 bytes)
[0.451s][info][jit,compilation] 2377       3       jdk.internal.foreign.layout.ValueLayouts$AbstractValueLayout::varHandle (24 bytes)   made not entrant: not used
[0.451s][info][jit,compilation] 2480       4       java.lang.invoke.SegmentVarHandle::checkSegment (24 bytes)
[0.451s][info][jit,compilation] 2479       3       jdk.incubator.vector.IntVector$$Lambda/0x0000000091156bd8::apply (7 bytes)
[0.451s][info][jit,compilation] 2481       3       jdk.incubator.vector.IntVector::lambda$binaryOperations$23 (6 bytes)
[0.451s][info][jit,compilation] 2482       3       jdk.incubator.vector.IntVector$$Lambda/0x0000000091157028::apply (7 bytes)
[0.451s][info][jit,compilation] 2483       3       jdk.incubator.vector.IntVector::lambda$binaryOperations$19 (4 bytes)
[0.451s][info][jit,compilation] 2484       3       jdk.incubator.vector.IntVector$$Lambda/0x0000000091157478::apply (7 bytes)
[0.451s][info][jit,compilation] 2485       3       jdk.incubator.vector.IntVector::lambda$binaryOperations$15 (4 bytes)
[0.451s][info][jit,compilation] 2486       3       jdk.incubator.vector.IntVector$$Lambda/0x0000000091157ad0::apply (12 bytes)
[0.451s][info][jit,compilation] 2455       1       org.weakref.nitro.parquet.RleReader::currentRleValue (5 bytes)
[0.451s][info][jit,compilation] 2447       1       jdk.internal.foreign.AbstractMemorySegmentImpl::isReadOnly (5 bytes)
[0.451s][info][jit,compilation] 2448       1       org.weakref.nitro.parquet.VectorBitUnpacker$Tables::shuffleLow (5 bytes)
[0.451s][info][jit,compilation] 2449       1       org.weakref.nitro.parquet.VectorBitUnpacker$Tables::shiftRight (5 bytes)
[0.451s][info][jit,compilation] 2450       1       org.weakref.nitro.parquet.VectorBitUnpacker$Tables::mask (5 bytes)
[0.451s][info][jit,compilation] 2451       1       org.weakref.nitro.parquet.VectorBitUnpacker$Tables::shuffleHigh (5 bytes)
[0.451s][info][jit,compilation] 2452       1       org.weakref.nitro.parquet.VectorBitUnpacker$Tables::maskBeforeShiftLeft (5 bytes)
[0.451s][info][jit,compilation] 2453       1       org.weakref.nitro.parquet.VectorBitUnpacker$Tables::shiftLeft (5 bytes)
[0.451s][info][jit,compilation] 2382       2       jdk.incubator.vector.ByteVector$$Lambda/0x000000009114f898::apply (8 bytes)
[0.451s][info][jit,compilation] 2383       2       jdk.incubator.vector.ByteVector$$Lambda/0x0000000091150d98::apply (10 bytes)
[0.451s][info][jit,compilation] 2390       2       jdk.incubator.vector.ByteVector::memorySegmentGet (16 bytes)
[0.452s][info][jit,compilation] 2489       3       jdk.incubator.vector.IntVector::bOpTemplate (66 bytes)
[0.452s][info][jit,compilation] 2487       3       jdk.incubator.vector.VectorOperators$OperatorImpl::opCodeRaw (8 bytes)
[0.452s][info][jit,compilation] 2490       3       jdk.incubator.vector.Int256Vector::lanewise (7 bytes)
[0.452s][info][jit,compilation] 2396       3       java.lang.invoke.SegmentVarHandle::checkSegment (24 bytes)   made not entrant: not used
[0.453s][info][jit,compilation] 2488       4       jdk.internal.foreign.HeapMemorySegmentImpl$OfByte::unsafeGetOffset (5 bytes)
[0.453s][info][jit,compilation] 2400       3       jdk.internal.foreign.HeapMemorySegmentImpl$OfByte::unsafeGetOffset (5 bytes)   made not entrant: not used
[0.453s][info][jit,compilation] 2503       4       jdk.incubator.vector.Int256Vector::vec (8 bytes)
[0.453s][info][jit,compilation] 2415       3       jdk.incubator.vector.Int256Vector::vec (8 bytes)   made not entrant: not used
[0.453s][info][jit,compilation] 2504       4       jdk.incubator.vector.Int256Vector$Int256Shuffle::vspecies (5 bytes)
[0.453s][info][jit,compilation] 2416       3       jdk.incubator.vector.Int256Vector$Int256Shuffle::vspecies (5 bytes)   made not entrant: not used
[0.453s][info][jit,compilation] 2472       4       jdk.internal.vm.vector.VectorSupport$VectorPayload::getPayload (8 bytes)
[0.453s][info][jit,compilation] 2363       2       jdk.internal.vm.vector.VectorSupport$VectorPayload::getPayload (8 bytes)   made not entrant: not used
[0.453s][info][jit,compilation] 2506       4       jdk.incubator.vector.ByteVector$$Lambda/0x000000009114f898::apply (8 bytes)
[0.453s][info][jit,compilation] 2505       3       jdk.incubator.vector.Int256Vector::vectorFactory (6 bytes)
[0.453s][info][jit,compilation] 2445       2       jdk.incubator.vector.Int256Vector::vectorFactory (6 bytes)   made not entrant: not used
[0.453s][info][jit,compilation] 2393       2       jdk.incubator.vector.ByteVector::memorySegmentSet (18 bytes)
[0.454s][info][jit,compilation] 2394       2       jdk.internal.foreign.AbstractMemorySegmentImpl::set (14 bytes)
[0.454s][info][jit,compilation] 2510     n 0       java.lang.invoke.MethodHandle::invokeBasic(LLJI)V (native)   
[0.454s][info][jit,compilation] 2382       2       jdk.incubator.vector.ByteVector$$Lambda/0x000000009114f898::apply (8 bytes)   made not entrant: not used
[0.454s][info][jit,compilation] 2509       4       jdk.internal.foreign.HeapMemorySegmentImpl$OfByte::unsafeGetBase (5 bytes)
[0.455s][info][jit,compilation] 2408       2       jdk.internal.vm.vector.VectorSupport::extract (35 bytes)
[0.455s][info][jit,compilation] 2409       2       jdk.incubator.vector.Int256Vector$$Lambda/0x00000000911526e0::apply (9 bytes)
[0.455s][info][jit,compilation] 2410       2       jdk.incubator.vector.Int256Vector::lambda$laneHelper$0 (10 bytes)
[0.455s][info][jit,compilation] 2397       2       java.lang.invoke.VarHandleGuards::guard_LJI_V (138 bytes)
[0.455s][info][jit,compilation] 2420       3       jdk.internal.foreign.HeapMemorySegmentImpl$OfByte::unsafeGetBase (5 bytes)   made not entrant: not used
[0.455s][info][jit,compilation] 2507       4       jdk.incubator.vector.ByteVector$$Lambda/0x0000000091150d98::apply (10 bytes)
[0.455s][info][jit,compilation] 2406       2       jdk.incubator.vector.Int256Vector::lane (115 bytes)
[0.456s][info][jit,compilation] 2407       2       jdk.incubator.vector.Int256Vector::laneHelper (21 bytes)
[0.456s][info][jit,compilation] 2398       2       java.lang.invoke.VarHandleSegmentAsBytes::set (16 bytes)
[0.456s][info][jit,compilation] 2383       2       jdk.incubator.vector.ByteVector$$Lambda/0x0000000091150d98::apply (10 bytes)   made not entrant: not used
[0.456s][info][jit,compilation] 2512       3       jdk.incubator.vector.Int256Vector::vspecies (4 bytes)
[0.456s][info][jit,compilation] 2516       4       jdk.incubator.vector.IntVector$$Lambda/0x0000000091156788::apply (7 bytes)
[0.456s][info][jit,compilation] 2513       3       jdk.incubator.vector.IntVector$$Lambda/0x0000000091156358::apply (19 bytes)
[0.456s][info][jit,compilation] 1341       3       org.apache.parquet.format.InterningProtocol::readBinary (8 bytes)   made not entrant: not used
[0.456s][info][jit,compilation] 2438       3       jdk.incubator.vector.IntVector$$Lambda/0x0000000091156788::apply (7 bytes)   made not entrant: not used
[0.456s][info][jit,compilation] 2515       4       jdk.internal.vm.vector.VectorSupport::extract (35 bytes)
[0.456s][info][jit,compilation] 2511       4       jdk.incubator.vector.ByteVector::memorySegmentSet (18 bytes)
[0.456s][info][jit,compilation] 2514       3       jdk.incubator.vector.IntVector::lambda$binaryOperations$12 (12 bytes)
[0.456s][info][jit,compilation] 2384       2       jdk.incubator.vector.VectorShuffle::length (13 bytes)
[0.457s][info][jit,compilation] 2385       2       jdk.incubator.vector.LaneType::asIntegral (8 bytes)
[0.457s][info][jit,compilation] 2395       2       jdk.incubator.vector.AbstractShuffle::vectorSpecies (5 bytes)
[0.457s][info][jit,compilation] 2403       2       jdk.incubator.vector.AbstractSpecies::asIntegral (12 bytes)
[0.457s][info][jit,compilation] 2404       2       jdk.incubator.vector.LaneType::check (2 bytes)
[0.457s][info][jit,compilation] 2399       2       java.lang.invoke.VarHandleSegmentAsBytes::set (43 bytes)
[0.457s][info][jit,compilation] 2408       2       jdk.internal.vm.vector.VectorSupport::extract (35 bytes)   made not entrant: not used
[0.457s][info][jit,compilation] 2517       4       jdk.incubator.vector.IntVector$IntSpecies::dummyVector (8 bytes)
[0.457s][info][jit,compilation] 2518       3       jdk.internal.vm.vector.VectorSupport::fromBitsCoerced (35 bytes)
[0.457s][info][jit,compilation] 2374       2       jdk.incubator.vector.IntVector$IntSpecies::dummyVector (8 bytes)   made not entrant: not used
[0.457s][info][jit,compilation] 2524       4       jdk.incubator.vector.Int256Vector::lane (115 bytes)
[0.457s][info][jit,compilation] 1342       3       shaded.parquet.org.apache.thrift.protocol.TCompactProtocol::readBinary (82 bytes)   made not entrant: not used
[0.457s][info][jit,compilation] 2508       4       jdk.incubator.vector.ByteVector::memorySegmentGet (16 bytes)
[0.457s][info][jit,compilation] 2519       3       jdk.internal.misc.Unsafe::toUnsignedLong (7 bytes)
[0.457s][info][jit,compilation] 2520       3       jdk.internal.foreign.AbstractMemorySegmentImpl::get (12 bytes)
[0.458s][info][jit,compilation] 2393       2       jdk.incubator.vector.ByteVector::memorySegmentSet (18 bytes)   made not entrant: not used
[0.458s][info][jit,compilation] 1964       4       org.apache.parquet.format.ColumnMetaData::isSetNum_values (9 bytes)
[0.458s][info][jit,compilation] 1965       4       org.apache.parquet.format.ColumnMetaData::setEncoding_statsIsSet (10 bytes)
[0.458s][info][jit,compilation] 2523       3       jdk.incubator.vector.Byte256Vector::vspecies (4 bytes)
[0.458s][info][jit,compilation] 2406       2       jdk.incubator.vector.Int256Vector::lane (115 bytes)   made not entrant: not used
[0.458s][info][jit,compilation] 1966       4       org.apache.parquet.format.ColumnMetaData::isSetTotal_uncompressed_size (9 bytes)
[0.458s][info][jit,compilation] 1967       4       org.apache.parquet.format.ColumnMetaData::isSetTotal_compressed_size (9 bytes)
[0.458s][info][jit,compilation] 2521       3       java.lang.invoke.VarHandleGuards::guard_LJ_J (84 bytes)
[0.458s][info][jit,compilation] 1968       4       org.apache.parquet.format.ColumnMetaData::isSetData_page_offset (9 bytes)
[0.458s][info][jit,compilation] 1971       4       org.apache.parquet.format.ColumnMetaData::setTypeIsSet (10 bytes)
[0.458s][info][jit,compilation] 1972       4       org.apache.parquet.format.ColumnMetaData::setEncodingsIsSet (10 bytes)
[0.458s][info][jit,compilation] 1973       4       org.apache.parquet.format.ColumnMetaData::setPath_in_schemaIsSet (10 bytes)
[0.458s][info][jit,compilation] 2390       2       jdk.incubator.vector.ByteVector::memorySegmentGet (16 bytes)   made not entrant: not used
[0.458s][info][jit,compilation] 2531       4       jdk.internal.misc.Unsafe::toUnsignedLong (7 bytes)
[0.458s][info][jit,compilation] 2530       4       jdk.incubator.vector.IntVector$IntSpecies$$Lambda/0x000000009114f240::apply (9 bytes)
[0.459s][info][jit,compilation] 2532       4       jdk.internal.misc.Unsafe::getIntUnaligned (12 bytes)
[0.459s][info][jit,compilation] 2522       3       java.lang.invoke.VarHandleSegmentAsLongs::get (14 bytes)
[0.459s][info][jit,compilation] 2519       3       jdk.internal.misc.Unsafe::toUnsignedLong (7 bytes)   made not entrant: not used
[0.459s][info][jit,compilation] 2460       3       jdk.incubator.vector.IntVector$IntSpecies$$Lambda/0x000000009114f240::apply (9 bytes)   made not entrant: not used
[0.459s][info][jit,compilation] 2533       4       jdk.incubator.vector.IntVector$$Lambda/0x0000000091152080::apply (14 bytes)
[0.459s][info][jit,compilation] 2534       4       jdk.incubator.vector.AbstractShuffle$$Lambda/0x00000000911522b0::apply (15 bytes)
[0.459s][info][jit,compilation]  743       3       jdk.internal.misc.Unsafe::getIntUnaligned (12 bytes)   made not entrant: not used
[0.459s][info][jit,compilation] 2536       4       jdk.internal.vm.vector.VectorSupport::convert (36 bytes)
[0.459s][info][jit,compilation] 2525       3       jdk.internal.misc.Unsafe::convEndian (16 bytes)
[0.459s][info][jit,compilation] 2526       3       jdk.internal.misc.Unsafe::getLongUnaligned (12 bytes)
[0.459s][info][jit,compilation] 2528   !   3       jdk.internal.misc.ScopedMemoryAccess::getLongUnaligned (18 bytes)
[0.459s][info][jit,compilation] 2466       3       jdk.incubator.vector.AbstractShuffle$$Lambda/0x00000000911522b0::apply (15 bytes)   made not entrant: not used
[0.460s][info][jit,compilation] 2539       4       jdk.incubator.vector.IntVector::bOpTemplate (66 bytes)
[0.460s][info][jit,compilation] 2540       3       jdk.incubator.vector.ByteVector::ldLongOp (48 bytes)
[0.460s][info][jit,compilation] 2541       3       jdk.incubator.vector.ByteVector::stLongOp (40 bytes)
[0.460s][info][jit,compilation] 2529   !   3       jdk.internal.misc.ScopedMemoryAccess::getLongUnalignedInternal (36 bytes)
[0.460s][info][jit,compilation] 2527       3       java.lang.invoke.VarHandleSegmentAsLongs::get (46 bytes)
[0.460s][info][jit,compilation] 2465       3       jdk.incubator.vector.IntVector$$Lambda/0x0000000091152080::apply (14 bytes)   made not entrant: not used
[0.460s][info][jit,compilation] 2537       4       jdk.incubator.vector.IntVector$IntSpecies::dummyVector (5 bytes)
[0.460s][info][jit,compilation] 2425       3       jdk.incubator.vector.IntVector$IntSpecies::dummyVector (5 bytes)   made not entrant: not used
[0.460s][info][jit,compilation] 2535       4       jdk.incubator.vector.Int256Vector$Int256Shuffle::toBitsVector0 (5 bytes)
[0.461s][info][jit,compilation] 2549       3       jdk.incubator.vector.IntVector$IntSpecies::rvOp (49 bytes)
[0.461s][info][jit,compilation] 2433       2       jdk.incubator.vector.AbstractShuffle::toBitsVectorTemplate (52 bytes)
[0.461s][info][jit,compilation] 2468       3       jdk.incubator.vector.Int256Vector$Int256Shuffle::toBitsVector0 (5 bytes)   made not entrant: not used
[0.461s][info][jit,compilation] 2542       3       java.lang.invoke.Invokers$Holder::linkToTargetMethod (10 bytes)
[0.461s][info][jit,compilation] 2555       4       jdk.incubator.vector.Int256Vector::vectorFactory (6 bytes)
[0.461s][info][jit,compilation] 2547       3       jdk.incubator.vector.ByteVector$ByteSpecies::elementType (4 bytes)
[0.461s][info][jit,compilation] 2544       3       java.lang.invoke.DirectMethodHandle$Holder::newInvokeSpecial (24 bytes)
[0.461s][info][jit,compilation] 2545       3       java.lang.invoke.Invokers$Holder::linkToTargetMethod (9 bytes)
[0.461s][info][jit,compilation] 2546       3       java.lang.invoke.LambdaForm$DMH/0x00000000910b4000::newInvokeSpecial (23 bytes)
[0.461s][info][jit,compilation] 2550       3       jdk.incubator.vector.ByteVector$ByteSpecies::dummyVector (8 bytes)
[0.461s][info][jit,compilation] 2560       3       jdk.incubator.vector.IntVector::uOpTemplate (50 bytes)
[0.462s][info][jit,compilation] 2505       3       jdk.incubator.vector.Int256Vector::vectorFactory (6 bytes)   made not entrant: not used
[0.462s][info][jit,compilation] 2559       4       jdk.incubator.vector.IntVector$$Lambda/0x0000000091151820::apply (8 bytes)
[0.462s][info][jit,compilation] 2489       3       jdk.incubator.vector.IntVector::bOpTemplate (66 bytes)   made not entrant: not used
[0.462s][info][jit,compilation] 2538       4       jdk.incubator.vector.Int256Vector::vspecies (4 bytes)
[0.462s][info][jit,compilation] 2512       3       jdk.incubator.vector.Int256Vector::vspecies (4 bytes)   made not entrant: not used
[0.462s][info][jit,compilation] 2567       4       jdk.incubator.vector.Byte256Vector::vspecies (4 bytes)
[0.462s][info][jit,compilation] 2523       3       jdk.incubator.vector.Byte256Vector::vspecies (4 bytes)   made not entrant: not used
[0.462s][info][jit,compilation] 2543       4       jdk.incubator.vector.AbstractSpecies::dummyVector (16 bytes)
[0.462s][info][jit,compilation] 2372       2       jdk.incubator.vector.AbstractSpecies::dummyVector (16 bytes)   made not entrant: not used
[0.462s][info][jit,compilation] 2548       3       jdk.incubator.vector.IntVector::toBits (3 bytes)
[0.462s][info][jit,compilation] 2551       3       jdk.incubator.vector.Byte256Vector::length (4 bytes)
[0.462s][info][jit,compilation] 2552       3       jdk.incubator.vector.VectorIntrinsics::checkFromIndexSize (57 bytes)
[0.462s][info][jit,compilation] 2553       3       java.util.Objects::checkIndex (7 bytes)
[0.462s][info][jit,compilation] 2554       3       jdk.incubator.vector.ByteVector::maybeSwap (2 bytes)
[0.462s][info][jit,compilation] 2561       3       jdk.incubator.vector.IntVector$IntSpecies::broadcast (9 bytes)
[0.462s][info][jit,compilation] 2572       4       jdk.incubator.vector.AbstractSpecies::withLanes (19 bytes)
[0.463s][info][jit,compilation] 2562       3       jdk.incubator.vector.IntVector$IntSpecies::broadcastBits (26 bytes)
[0.463s][info][jit,compilation] 2477       3       jdk.incubator.vector.IntVector$$Lambda/0x0000000091151820::apply (8 bytes)   made not entrant: not used
[0.463s][info][jit,compilation] 2575       4       jdk.incubator.vector.IntVector$$Lambda/0x0000000091156bd8::apply (7 bytes)
[0.463s][info][jit,compilation] 2563       3       jdk.incubator.vector.IntVector$IntSpecies$$Lambda/0x000000009114ee10::fromBits (12 bytes)
[0.463s][info][jit,compilation] 2479       3       jdk.incubator.vector.IntVector$$Lambda/0x0000000091156bd8::apply (7 bytes)   made not entrant: not used
[0.463s][info][jit,compilation] 2584       4       jdk.incubator.vector.IntVector$$Lambda/0x0000000091157028::apply (7 bytes)
[0.463s][info][jit,compilation] 2482       3       jdk.incubator.vector.IntVector$$Lambda/0x0000000091157028::apply (7 bytes)   made not entrant: not used
[0.463s][info][jit,compilation] 2574       4       jdk.incubator.vector.IntVector::memorySegmentGet (18 bytes)
[0.463s][info][jit,compilation] 2389       2       jdk.incubator.vector.AbstractSpecies::withLanes (19 bytes)   made not entrant: not used
[0.463s][info][jit,compilation] 2586       4       jdk.incubator.vector.ByteVector::ldLongOp (48 bytes)
[0.463s][info][jit,compilation] 2456       2       jdk.incubator.vector.IntVector::opKind (6 bytes)
[0.463s][info][jit,compilation] 2457       2       jdk.incubator.vector.VectorOperators::opKind (9 bytes)
[0.463s][info][jit,compilation] 2458       2       jdk.incubator.vector.VectorOperators$OperatorImpl::opKind (15 bytes)
[0.463s][info][jit,compilation] 2392   !   2       jdk.internal.misc.ScopedMemoryAccess::putByteInternal (35 bytes)
[0.463s][info][jit,compilation] 2474       2       jdk.internal.foreign.AbstractMemorySegmentImpl::get (12 bytes)
[0.464s][info][jit,compilation] 2475       2       java.lang.invoke.VarHandleSegmentAsInts::get (14 bytes)
[0.464s][info][jit,compilation] 2478       3       jdk.incubator.vector.IntVector::memorySegmentGet (18 bytes)   made not entrant: not used
[0.464s][info][jit,compilation] 2587       4       jdk.incubator.vector.ByteVector::stLongOp (40 bytes)
[0.464s][info][jit,compilation] 2590       3       org.weakref.nitro.parquet.RleReader::loadNextRun (54 bytes)
[0.464s][info][jit,compilation] 2591       3       org.weakref.nitro.parquet.RleReader::readUleb128 (476 bytes)
[0.466s][info][jit,compilation] 2592       3       org.weakref.nitro.parquet.RleReader::nextRun (56 bytes)
[0.466s][info][jit,compilation] 2491       2       jdk.incubator.vector.Int256Vector::lanewise (10 bytes)
[0.467s][info][jit,compilation] 2492       2       jdk.incubator.vector.IntVector::lanewiseTemplate (161 bytes)
[0.467s][info][jit,compilation] 2493       2       jdk.incubator.vector.AbstractVector::check (16 bytes)
[0.467s][info][jit,compilation] 2494       2       jdk.incubator.vector.AbstractVector::sameSpecies (54 bytes)
[0.467s][info][jit,compilation] 2495       2       jdk.incubator.vector.IntVector::opCode (11 bytes)
[0.467s][info][jit,compilation] 2496       2       jdk.incubator.vector.VectorOperators::opCode (10 bytes)
[0.467s][info][jit,compilation] 2497       2       jdk.incubator.vector.VectorOperators$OperatorImpl::opCode (38 bytes)
[0.467s][info][jit,compilation] 2498       2       jdk.incubator.vector.VectorOperators$ImplCache::find (71 bytes)
[0.468s][info][jit,compilation] 2499       2       jdk.internal.vm.vector.VectorSupport::binaryOp (38 bytes)
[0.468s][info][jit,compilation] 2500       2       jdk.incubator.vector.Int256Vector::bOp (8 bytes)
[0.468s][info][jit,compilation] 2597       3       jdk.incubator.vector.Byte256Vector::<init> (6 bytes)
[0.468s][info][jit,compilation] 2598       3       jdk.internal.foreign.AbstractMemorySegmentImpl::<init> (21 bytes)
[0.468s][info][jit,compilation] 2599       3       jdk.internal.foreign.SegmentFactories::ensureInitialized (5 bytes)
[0.468s][info][jit,compilation] 2611       3       jdk.incubator.vector.IntVector::ldLongOp (66 bytes)
[0.468s][info][jit,compilation] 2601       3       jdk.internal.foreign.MemorySessionImpl::<init> (15 bytes)
[0.468s][info][jit,compilation] 2600       3       jdk.incubator.vector.IntVector$IntSpecies::maskAll (88 bytes)
[0.468s][info][jit,compilation] 2501       2       jdk.incubator.vector.Int256Vector::bOp (17 bytes)
[0.469s][info][jit,compilation] 2502       2       jdk.incubator.vector.IntVector::bOpTemplate (106 bytes)
[0.469s][info][jit,compilation] 2614       3       jdk.incubator.vector.IntVector::stOp (39 bytes)
[0.469s][info][jit,compilation] 2602       3       org.weakref.nitro.parquet.RleReader::readLittleEndian (107 bytes)
[0.469s][info][jit,compilation] 2540       3       jdk.incubator.vector.ByteVector::ldLongOp (48 bytes)   made not entrant: not used
[0.470s][info][jit,compilation] 2625 %     4       jdk.incubator.vector.IntVector::bOpTemplate @ 25 (66 bytes)
[0.470s][info][jit,compilation] 2459       3       jdk.internal.vm.vector.VectorSupport::convert (36 bytes)   made not entrant: not used
[0.470s][info][jit,compilation] 2620       4       jdk.incubator.vector.IntVector::uOpTemplate (50 bytes)
[0.470s][info][jit,compilation] 2604       3       jdk.incubator.vector.AbstractSpecies::check0 (16 bytes)
[0.470s][info][jit,compilation] 2476       2       java.lang.invoke.VarHandleSegmentAsInts::get (46 bytes)
[0.471s][info][jit,compilation] 2462       2       jdk.internal.misc.Unsafe::toUnsignedLong (7 bytes)
[0.471s][info][jit,compilation] 2381       2       java.lang.invoke.VarHandleSegmentAsBytes::get (41 bytes)
[0.471s][info][jit,compilation] 2541       3       jdk.incubator.vector.ByteVector::stLongOp (40 bytes)   made not entrant: not used
[0.471s][info][jit,compilation] 2588       4       jdk.incubator.vector.IntVector$$Lambda/0x0000000091157478::apply (7 bytes)
[0.471s][info][jit,compilation] 2587       4       jdk.incubator.vector.ByteVector::stLongOp (40 bytes)   made not entrant: uncommon trap
[0.471s][info][jit,compilation] 2484       3       jdk.incubator.vector.IntVector$$Lambda/0x0000000091157478::apply (7 bytes)   made not entrant: not used
[0.471s][info][jit,compilation] 2589       4       jdk.incubator.vector.IntVector$$Lambda/0x0000000091157ad0::apply (12 bytes)
[0.471s][info][jit,compilation] 2564       3       jdk.incubator.vector.IntVector$IntSpecies::lambda$broadcastBits$0 (11 bytes)
[0.472s][info][jit,compilation] 2486       3       jdk.incubator.vector.IntVector$$Lambda/0x0000000091157ad0::apply (12 bytes)   made not entrant: not used
[0.472s][info][jit,compilation] 2641       4       jdk.incubator.vector.ByteVector::stLongOp (40 bytes)
[0.472s][info][jit,compilation] 2573       4       jdk.incubator.vector.Int256Vector::lanewise (7 bytes)
[0.472s][info][jit,compilation] 2565       3       jdk.incubator.vector.IntVector$IntSpecies$$Lambda/0x000000009114f240::<init> (10 bytes)
[0.472s][info][jit,compilation] 2566       3       jdk.incubator.vector.Int256Vector::rearrange (6 bytes)
[0.472s][info][jit,compilation] 2585       3       jdk.internal.vm.vector.VectorSupport::store (38 bytes)
[0.472s][info][jit,compilation] 2568       3       jdk.incubator.vector.Int256Vector::rearrange (14 bytes)
[0.472s][info][jit,compilation] 2569       3       jdk.incubator.vector.IntVector::rearrangeTemplate (33 bytes)
[0.472s][info][jit,compilation] 2570       3       jdk.internal.vm.vector.VectorSupport::rearrangeOp (38 bytes)
[0.472s][info][jit,compilation] 2571       3       jdk.incubator.vector.IntVector$$Lambda/0x0000000091151c50::apply (16 bytes)
[0.473s][info][jit,compilation] 2576       3       jdk.incubator.vector.IntVector::lambda$rearrangeTemplate$0 (12 bytes)
[0.473s][info][jit,compilation] 2577       3       jdk.incubator.vector.IntVector$$Lambda/0x0000000091152080::<init> (15 bytes)
[0.473s][info][jit,compilation] 2578       3       jdk.incubator.vector.Int256Vector::uOp (6 bytes)
[0.473s][info][jit,compilation] 2560       3       jdk.incubator.vector.IntVector::uOpTemplate (50 bytes)   made not entrant: not used
[0.473s][info][jit,compilation] 2651       4       jdk.incubator.vector.IntVector$$Lambda/0x0000000091156358::apply (19 bytes)
[0.474s][info][jit,compilation] 2579       3       jdk.incubator.vector.Int256Vector::uOp (9 bytes)
[0.474s][info][jit,compilation] 2490       3       jdk.incubator.vector.Int256Vector::lanewise (7 bytes)   made not entrant: not used
[0.474s][info][jit,compilation] 2593       4       jdk.incubator.vector.ByteVector$ByteSpecies::elementType (4 bytes)
[0.474s][info][jit,compilation] 2547       3       jdk.incubator.vector.ByteVector$ByteSpecies::elementType (4 bytes)   made not entrant: not used
[0.474s][info][jit,compilation] 2595       4       jdk.incubator.vector.ByteVector::maybeSwap (2 bytes)
[0.474s][info][jit,compilation] 2554       3       jdk.incubator.vector.ByteVector::maybeSwap (2 bytes)   made not entrant: not used
[0.474s][info][jit,compilation] 2594       4       jdk.incubator.vector.Byte256Vector::length (4 bytes)
[0.474s][info][jit,compilation] 2551       3       jdk.incubator.vector.Byte256Vector::length (4 bytes)   made not entrant: not used
[0.474s][info][jit,compilation] 2657       4       jdk.internal.foreign.SegmentFactories::ensureInitialized (5 bytes)
[0.474s][info][jit,compilation] 2599       3       jdk.internal.foreign.SegmentFactories::ensureInitialized (5 bytes)   made not entrant: not used
[0.474s][info][jit,compilation] 2623       4       jdk.internal.vm.vector.VectorSupport$VectorPayload::<init> (10 bytes)
[0.475s][info][jit,compilation] 2580       2       jdk.incubator.vector.IntVector::and (9 bytes)
[0.475s][info][jit,compilation] 2378       2       jdk.internal.vm.vector.VectorSupport$VectorPayload::<init> (10 bytes)   made not entrant: not used
[0.475s][info][jit,compilation] 2622       4       jdk.internal.vm.vector.VectorSupport::binaryOp (38 bytes)
[0.475s][info][jit,compilation] 2581       2       jdk.incubator.vector.Int256Vector::broadcast (6 bytes)
[0.475s][info][jit,compilation] 2582       2       jdk.incubator.vector.Int256Vector::broadcast (9 bytes)
[0.475s][info][jit,compilation] 2499       2       jdk.internal.vm.vector.VectorSupport::binaryOp (38 bytes)   made not entrant: not used
[0.475s][info][jit,compilation] 2624       4       jdk.incubator.vector.Int256Vector::bOp (8 bytes)
[0.475s][info][jit,compilation] 2583       2       jdk.incubator.vector.IntVector::broadcastTemplate (11 bytes)
[0.475s][info][jit,compilation] 2557       3       jdk.incubator.vector.Int256Vector$Int256Mask::vspecies (5 bytes)
[0.475s][info][jit,compilation] 2558       3       jdk.incubator.vector.Int256Vector$Int256Mask::vspecies (4 bytes)
[0.475s][info][jit,compilation] 2556       3       jdk.incubator.vector.AbstractMask::vectorSpecies (5 bytes)
[0.475s][info][jit,compilation] 2603       3       jdk.internal.vm.vector.VectorSupport::load (38 bytes)
[0.475s][info][jit,compilation] 2605       3       jdk.incubator.vector.VectorIntrinsics::checkFromIndexSize (55 bytes)
[0.475s][info][jit,compilation] 2606       3       jdk.incubator.vector.IntVector::arrayAddress (11 bytes)
[0.475s][info][jit,compilation] 2607       3       jdk.internal.foreign.GlobalSession::<init> (12 bytes)
[0.475s][info][jit,compilation] 2608       3       jdk.internal.foreign.MemorySessionImpl::createHeap (9 bytes)
[0.475s][info][jit,compilation] 2609       3       jdk.internal.foreign.GlobalSession$HeapSession::<init> (13 bytes)
[0.475s][info][jit,compilation] 2610       3       jdk.internal.foreign.HeapMemorySegmentImpl::<init> (21 bytes)
[0.475s][info][jit,compilation] 2612       3       jdk.incubator.vector.ByteVector$$Lambda/0x000000009114f468::load (17 bytes)
[0.475s][info][jit,compilation] 2615       3       org.weakref.nitro.parquet.VectorBitUnpacker::unpack8 (92 bytes)
[0.476s][info][jit,compilation] 2613       3       jdk.incubator.vector.Int256Vector$Int256Mask::maskAll (32 bytes)
[0.476s][info][jit,compilation] 2513       3       jdk.incubator.vector.IntVector$$Lambda/0x0000000091156358::apply (19 bytes)   made not entrant: not used
[0.476s][info][jit,compilation] 2662       4       jdk.internal.vm.vector.VectorSupport::fromBitsCoerced (35 bytes)
[0.476s][info][jit,compilation] 2616       3       jdk.incubator.vector.ByteVector::fromMemorySegment (40 bytes)
[0.476s][info][jit,compilation] 2617       3       jdk.incubator.vector.Byte256Vector::fromMemorySegment0 (7 bytes)
[0.477s][info][jit,compilation] 2664       3       org.weakref.nitro.parquet.RleReader::readBitPacked (181 bytes)
[0.477s][info][jit,compilation] 2500       2       jdk.incubator.vector.Int256Vector::bOp (8 bytes)   made not entrant: not used
[0.477s][info][jit,compilation] 2661       4       jdk.internal.misc.Unsafe::getLongUnaligned (12 bytes)
[0.477s][info][jit,compilation] 2526       3       jdk.internal.misc.Unsafe::getLongUnaligned (12 bytes)   made not entrant: not used
[0.477s][info][jit,compilation] 2666       4       jdk.incubator.vector.VectorIntrinsics::checkFromIndexSize (57 bytes)
[0.478s][info][jit,compilation] 2552       3       jdk.incubator.vector.VectorIntrinsics::checkFromIndexSize (57 bytes)   made not entrant: not used
[0.478s][info][jit,compilation] 2667       4       jdk.incubator.vector.IntVector::stOp (39 bytes)
[0.478s][info][jit,compilation] 2663       3       org.weakref.nitro.parquet.RleReader::read (152 bytes)
[0.478s][info][jit,compilation] 2618       3       jdk.incubator.vector.ByteVector::fromMemorySegment0Template (40 bytes)
[0.478s][info][jit,compilation] 2619   !   3       jdk.internal.misc.ScopedMemoryAccess::loadFromMemorySegment (26 bytes)
[0.478s][info][jit,compilation] 2518       3       jdk.internal.vm.vector.VectorSupport::fromBitsCoerced (35 bytes)   made not entrant: not used
[0.478s][info][jit,compilation] 2596       4       jdk.incubator.vector.AbstractVector::<init> (6 bytes)
[0.478s][info][jit,compilation] 2386       2       jdk.incubator.vector.AbstractVector::<init> (6 bytes)   made not entrant: not used
[0.478s][info][jit,compilation] 2668       4       org.weakref.nitro.parquet.RleReader::loadNextRun (54 bytes)
[0.478s][info][jit,compilation] 2626   !   3       jdk.internal.misc.ScopedMemoryAccess::loadFromMemorySegmentScopedInternal (53 bytes)
[0.479s][info][jit,compilation] 2627       3       jdk.incubator.vector.ByteVector::lambda$fromMemorySegment0Template$0 (12 bytes)
[0.479s][info][jit,compilation] 2628       3       jdk.incubator.vector.ByteVector$ByteSpecies::ldLongOp (12 bytes)
[0.479s][info][jit,compilation] 2629       3       jdk.incubator.vector.ByteVector::reinterpretAsInts (5 bytes)
[0.479s][info][jit,compilation] 2673       3       jdk.incubator.vector.Byte256Vector::vectorFactory (6 bytes)
[0.479s][info][jit,compilation] 2674       3       jdk.incubator.vector.Byte256Vector::vectorFactory (9 bytes)
[0.479s][info][jit,compilation] 2630       3       jdk.incubator.vector.AbstractVector::reinterpretAsInts (11 bytes)
[0.479s][info][jit,compilation] 2621       3       jdk.incubator.vector.IntVector$$Lambda/0x0000000091156e00::apply (19 bytes)
[0.479s][info][jit,compilation] 2631       3       jdk.incubator.vector.Byte256Vector::asVectorRaw (6 bytes)
[0.479s][info][jit,compilation] 2632       3       jdk.incubator.vector.AbstractVector::asVectorRawTemplate (15 bytes)
[0.480s][info][jit,compilation] 2633       3       jdk.incubator.vector.Byte256Vector::vspecies (5 bytes)
[0.480s][info][jit,compilation] 2634       3       jdk.incubator.vector.AbstractVector::convert0 (337 bytes)
[0.480s][info][jit,compilation] 2590       3       org.weakref.nitro.parquet.RleReader::loadNextRun (54 bytes)   made not entrant: not used
[0.480s][info][jit,compilation] 2669       4       jdk.incubator.vector.Int256Vector::rearrange (6 bytes)
[0.480s][info][jit,compilation] 2635       3       jdk.incubator.vector.Byte256Vector::elementType (4 bytes)
[0.480s][info][jit,compilation] 2636       3       jdk.incubator.vector.Byte256Vector::bitSize (4 bytes)
[0.480s][info][jit,compilation] 2637       3       jdk.internal.foreign.SegmentFactories::fromArray (40 bytes)
[0.481s][info][jit,compilation] 2638       3       jdk.internal.foreign.HeapMemorySegmentImpl$OfByte::<init> (13 bytes)
[0.481s][info][jit,compilation] 2639       3       jdk.incubator.vector.ByteVector::intoMemorySegment (48 bytes)
[0.481s][info][jit,compilation] 2566       3       jdk.incubator.vector.Int256Vector::rearrange (6 bytes)   made not entrant: not used
[0.481s][info][jit,compilation] 2676 %     4       jdk.incubator.vector.IntVector::uOpTemplate @ 15 (50 bytes)
[0.481s][info][jit,compilation] 2614       3       jdk.incubator.vector.IntVector::stOp (39 bytes)   made not entrant: not used
[0.481s][info][jit,compilation] 2675 %     4       jdk.incubator.vector.ByteVector::ldLongOp @ 11 (48 bytes)
[0.481s][info][jit,compilation] 2640       3       jdk.incubator.vector.Byte256Vector::byteSize (7 bytes)
[0.481s][info][jit,compilation] 2642       3       jdk.incubator.vector.ByteVector::intoMemorySegment0 (36 bytes)
[0.481s][info][jit,compilation] 2643   !   3       jdk.internal.misc.ScopedMemoryAccess::storeIntoMemorySegment (30 bytes)
[0.482s][info][jit,compilation] 2672       4       jdk.internal.vm.vector.VectorSupport::store (38 bytes)
[0.482s][info][jit,compilation] 2644   !   3       jdk.internal.misc.ScopedMemoryAccess::storeIntoMemorySegmentScopedInternal (49 bytes)
[0.482s][info][jit,compilation] 2645       3       jdk.incubator.vector.ByteVector$$Lambda/0x0000000091150968::store (14 bytes)
[0.482s][info][jit,compilation] 2646       3       jdk.incubator.vector.ByteVector::lambda$intoMemorySegment0$0 (12 bytes)
[0.482s][info][jit,compilation] 2649       3       jdk.incubator.vector.IntVector$$Lambda/0x00000000911569b0::apply (19 bytes)
[0.482s][info][jit,compilation] 2650       3       jdk.incubator.vector.IntVector::lambda$binaryOperations$22 (12 bytes)
[0.482s][info][jit,compilation] 2652       3       jdk.incubator.vector.IntVector::lambda$binaryOperations$18 (12 bytes)
[0.482s][info][jit,compilation] 2653       2       jdk.incubator.vector.IntVector::or (9 bytes)
[0.482s][info][jit,compilation] 2654       2       jdk.incubator.vector.IntVector$$Lambda/0x0000000091157250::apply (19 bytes)
[0.482s][info][jit,compilation] 2655       2       jdk.incubator.vector.IntVector::lambda$binaryOperations$14 (12 bytes)
[0.482s][info][jit,compilation] 2656       2       jdk.incubator.vector.IntVector::intoArray (48 bytes)
[0.482s][info][jit,compilation] 2658       2       jdk.incubator.vector.IntVector$$Lambda/0x00000000911576a0::store (14 bytes)
[0.482s][info][jit,compilation] 2659       2       jdk.incubator.vector.IntVector::lambda$intoArray$0 (13 bytes)
[0.482s][info][jit,compilation] 2660       2       jdk.incubator.vector.Byte256Vector::vec (8 bytes)
[0.483s][info][jit,compilation] 2647       3       jdk.incubator.vector.Int256Vector$Int256Mask$$Lambda/0x0000000091150fc0::fromBits (9 bytes)
[0.483s][info][jit,compilation] 2648       3       jdk.incubator.vector.Int256Vector$Int256Mask::lambda$maskAll$0 (16 bytes)
[0.483s][info][jit,compilation] 2665       3       org.weakref.nitro.parquet.VectorBitUnpacker::tablesFor (23 bytes)
[0.483s][info][jit,compilation] 2354       2       jdk.internal.constant.ConstantUtils::internalNameToDesc (12 bytes)
[0.483s][info][jit,compilation] 2681 % !   3       org.weakref.nitro.parquet.ColumnReader::filterDictLongs @ 1060 (1425 bytes)
[0.484s][info][jit,compilation] 2679 %     4       jdk.incubator.vector.ByteVector::stLongOp @ 9 (40 bytes)
[0.485s][info][jit,compilation] 2687   !   3       org.weakref.nitro.parquet.ColumnReader::filterDictLongs (1425 bytes)
[0.487s][info][jit,compilation] 2689 %     3       jdk.internal.foreign.SegmentFactories::initNativeMemory @ 3 (34 bytes)
[0.487s][info][jit,compilation] 2690       3       jdk.internal.foreign.SegmentFactories::initNativeMemory (34 bytes)
[0.487s][info][jit,compilation] 2298       4       jdk.internal.misc.Unsafe::putLongUnaligned (157 bytes)   made not entrant: uncommon trap
[0.487s][info][jit,compilation] 2661       4       jdk.internal.misc.Unsafe::getLongUnaligned (12 bytes)   made not entrant: uncommon trap
[0.488s][info][jit,compilation] 2532       4       jdk.internal.misc.Unsafe::getIntUnaligned (12 bytes)   made not entrant: uncommon trap
[0.488s][info][jit,compilation] 2691 %     3       org.weakref.nitro.parquet.ColumnReader::acceptByIdLong @ 49 (116 bytes)
[0.489s][info][jit,compilation] 2692       3       org.weakref.nitro.parquet.ColumnReader::acceptByIdLong (116 bytes)
[0.489s][info][jit,compilation] 2695       2       jdk.internal.misc.Unsafe::getLongUnaligned (12 bytes)
[0.489s][info][jit,compilation] 2697       3       jdk.internal.misc.Unsafe::makeLong (107 bytes)
[0.489s][info][jit,compilation] 2694       3       java.lang.Long::numberOfTrailingZeros (26 bytes)
[0.489s][info][jit,compilation] 2696       3       jdk.internal.misc.Unsafe::toUnsignedLong (7 bytes)
[0.490s][info][jit,compilation] 2699       3       java.lang.Integer::numberOfTrailingZeros (79 bytes)
[0.490s][info][jit,compilation] 2308       2       java.lang.Integer::numberOfTrailingZeros (79 bytes)   made not entrant: not used
[0.491s][info][jit,compilation] 2685 %     4       jdk.incubator.vector.IntVector::stOp @ 9 (39 bytes)
[0.492s][info][jit,compilation] 2627       3       jdk.incubator.vector.ByteVector::lambda$fromMemorySegment0Template$0 (12 bytes)   made not entrant: OSR invalidation back branch
[0.493s][info][jit,compilation] 2628       3       jdk.incubator.vector.ByteVector$ByteSpecies::ldLongOp (12 bytes)   made not entrant: OSR invalidation back branch
[0.494s][info][jit,compilation] 2700       4       jdk.internal.misc.Unsafe::getLongUnaligned (12 bytes)
[0.494s][info][jit,compilation] 2695       2       jdk.internal.misc.Unsafe::getLongUnaligned (12 bytes)   made not entrant: not used
[0.494s][info][jit,compilation] 2678       4       org.weakref.nitro.parquet.RleReader::readUleb128 (476 bytes)
[0.494s][info][jit,compilation] 2682       4       org.weakref.nitro.parquet.RleReader::nextRun (56 bytes)
[0.496s][info][jit,compilation] 2591       3       org.weakref.nitro.parquet.RleReader::readUleb128 (476 bytes)   made not entrant: not used
[0.496s][info][jit,compilation] 2713 % !   4       org.weakref.nitro.parquet.ColumnReader::filterDictLongs @ 1060 (1425 bytes)
[0.496s][info][jit,compilation] 2592       3       org.weakref.nitro.parquet.RleReader::nextRun (56 bytes)   made not entrant: not used
[0.496s][info][jit,compilation] 2688       4       jdk.incubator.vector.Int256Vector$Int256Mask::vspecies (5 bytes)
[0.496s][info][jit,compilation] 2557       3       jdk.incubator.vector.Int256Vector$Int256Mask::vspecies (5 bytes)   made not entrant: not used
[0.496s][info][jit,compilation] 2702       4       jdk.internal.vm.vector.VectorSupport::load (38 bytes)
[0.496s][info][jit,compilation] 2585       3       jdk.internal.vm.vector.VectorSupport::store (38 bytes)   made not entrant: not used
[0.496s][info][jit,compilation] 2709       4       jdk.incubator.vector.ByteVector$ByteSpecies::ldLongOp (12 bytes)
[0.500s][info][jit,compilation] 2402       4       java.lang.invoke.SegmentVarHandle::offset (13 bytes)   made not entrant: uncommon trap
[0.501s][info][jit,compilation] 2715       2       java.util.List::of (64 bytes)
[0.501s][info][jit,compilation] 1330       4       jdk.internal.foreign.Utils$BaseAndScale::of (136 bytes)   made not entrant: uncommon trap
[0.501s][info][jit,compilation] 2716       1       java.lang.invoke.MethodHandleImpl$CountingWrapper::getTarget (5 bytes)
[0.502s][info][jit,compilation] 2717       2       java.lang.invoke.DirectMethodHandle::fieldOffset (9 bytes)
[0.502s][info][jit,compilation] 2718       2       java.lang.invoke.DirectMethodHandle::checkBase (5 bytes)
[0.502s][info][jit,compilation] 2719       2       java.lang.invoke.LambdaForm$MH/0x0000000091102c00::invoke (54 bytes)
[0.502s][info][jit,compilation] 2721       2       java.lang.invoke.DirectMethodHandle$Holder::invokeStatic (14 bytes)
[0.503s][info][jit,compilation] 2720 %     4       jdk.internal.foreign.SegmentFactories::initNativeMemory @ 3 (34 bytes)
[0.503s][info][jit,compilation] 2689 %     3       jdk.internal.foreign.SegmentFactories::initNativeMemory @ 3 (34 bytes)   made not entrant: OSR invalidation of lower level
[0.503s][info][jit,compilation] 2722 %     4       org.weakref.nitro.parquet.ColumnReader::acceptByIdLong @ 49 (116 bytes)
[0.504s][info][jit,compilation] 1339       4       jdk.internal.foreign.Utils$BaseAndScale$$TypeSwitch/0x00000000910cef18::typeSwitch (123 bytes)   made not entrant: uncommon trap
[0.504s][info][jit,compilation] 2603       3       jdk.internal.vm.vector.VectorSupport::load (38 bytes)   made not entrant: not used
[0.504s][info][jit,compilation] 2677       4       jdk.incubator.vector.Byte256Vector::bitSize (4 bytes)
[0.504s][info][jit,compilation] 2636       3       jdk.incubator.vector.Byte256Vector::bitSize (4 bytes)   made not entrant: not used
[0.504s][info][jit,compilation] 2680       4       jdk.incubator.vector.Byte256Vector::byteSize (7 bytes)
[0.504s][info][jit,compilation] 2640       3       jdk.incubator.vector.Byte256Vector::byteSize (7 bytes)   made not entrant: not used
[0.504s][info][jit,compilation] 2693       4       jdk.incubator.vector.IntVector$IntSpecies::maskAll (88 bytes)
[0.505s][info][jit,compilation] 2600       3       jdk.incubator.vector.IntVector$IntSpecies::maskAll (88 bytes)   made not entrant: not used
[0.505s][info][jit,compilation] 2698       4       jdk.incubator.vector.ByteVector::lambda$fromMemorySegment0Template$0 (12 bytes)
[0.506s][info][jit,compilation] 2691 %     3       org.weakref.nitro.parquet.ColumnReader::acceptByIdLong @ 49 (116 bytes)   made not entrant: OSR invalidation of lower level
[0.506s][info][jit,compilation] 2703       4       org.weakref.nitro.parquet.VectorBitUnpacker::unpack8 (92 bytes)
[0.506s][info][jit,compilation] 2724 %     3       org.weakref.nitro.parquet.RleReader::skip @ 2 (118 bytes)
[0.506s][info][jit,compilation] 2725       3       java.util.HashMap::getOrDefault (19 bytes)
[0.506s][info][jit,compilation] 2726       3       org.weakref.nitro.parquet.RleReader::skip (118 bytes)
[0.507s][info][jit,compilation] 2727       2       jdk.internal.misc.Unsafe::getUnsafe (4 bytes)
[0.507s][info][jit,compilation] 2728       2       jdk.internal.misc.Unsafe::putLongUnaligned (157 bytes)
[0.507s][info][jit,compilation] 2729       2       java.lang.CharacterDataLatin1::isUpperCase (16 bytes)
[0.507s][info][jit,compilation] 2730       2       java.lang.CharacterDataLatin1::getPropertiesEx (11 bytes)
[0.508s][info][jit,compilation] 2731       2       org.apache.parquet.format.DictionaryPageHeader$DictionaryPageHeaderStandardScheme::read (223 bytes)
[0.509s][info][jit,compilation] 2732       2       java.util.Objects::isNull (10 bytes)
[0.509s][info][jit,compilation] 2733       2       java.lang.Math::toIntExact (21 bytes)
[0.509s][info][jit,compilation] 2734       2       java.lang.runtime.ObjectMethods::hashCombiner (7 bytes)
[0.509s][info][jit,compilation] 2735       2       java.lang.invoke.DirectMethodHandle$Holder::invokeStatic (15 bytes)
[0.510s][info][jit,compilation] 2738       2       jdk.internal.misc.Unsafe::addressSize (4 bytes)
[0.510s][info][jit,compilation] 2739       2       jdk.internal.foreign.NativeMemorySegmentImpl::<init> (33 bytes)
[0.510s][info][jit,compilation] 2740       2       java.util.Formatter$FixedString::<init> (20 bytes)
[0.510s][info][jit,compilation] 2741       2       java.util.Formatter$FixedString::print (23 bytes)
[0.510s][info][jit,compilation] 2742       2       java.lang.StringBuilder::append (6 bytes)
[0.510s][info][jit,compilation] 2743       2       java.util.Formatter$Conversion::isValid (256 bytes)
[0.510s][info][jit,compilation] 2615       3       org.weakref.nitro.parquet.VectorBitUnpacker::unpack8 (92 bytes)   made not entrant: not used
[0.510s][info][jit,compilation] 2744       2       java.util.Formatter$FormatSpecifier::<init> (68 bytes)
[0.510s][info][jit,compilation] 2737       4       jdk.internal.misc.Unsafe::putLongUnaligned (157 bytes)
[0.510s][info][jit,compilation] 2745       2       java.lang.Character::isUpperCase (5 bytes)
[0.511s][info][jit,compilation] 2746       2       java.lang.Character::isUpperCase (9 bytes)
[0.511s][info][jit,compilation] 2728       2       jdk.internal.misc.Unsafe::putLongUnaligned (157 bytes)   made not entrant: not used
[0.511s][info][jit,compilation] 2723       4       org.weakref.nitro.parquet.ColumnReader::acceptByIdLong (116 bytes)
[0.511s][info][jit,compilation] 2747 %     3       java.util.Arrays::fill @ 10 (28 bytes)
[0.511s][info][jit,compilation] 2748       3       java.util.Arrays::fill (28 bytes)
[0.511s][info][jit,compilation] 2749       2       java.util.Formatter$FormatSpecifier::printString (97 bytes)
[0.511s][info][jit,compilation] 2750       2       java.util.Formatter$FormatSpecifier::print (57 bytes)
[0.512s][info][jit,compilation] 2751       2       java.util.Formatter$FormatSpecifier::appendJustified (89 bytes)
[0.512s][info][jit,compilation] 2754       2       java.lang.Integer::toString (21 bytes)
[0.512s][info][jit,compilation] 2756       2       java.lang.StringBuilder::append (8 bytes)
[0.512s][info][jit,compilation] 2753       2       jdk.internal.foreign.HeapMemorySegmentImpl$OfLong::unsafeGetOffset (5 bytes)
[0.512s][info][jit,compilation] 2757       2       java.lang.StringBuilder::append (10 bytes)
[0.512s][info][jit,compilation] 2755       4       java.lang.invoke.SegmentVarHandle::offset (13 bytes)
[0.512s][info][jit,compilation] 2758       2       java.lang.AbstractStringBuilder::append (127 bytes)
[0.512s][info][jit,compilation] 2760       2       java.util.Formatter::parse (201 bytes)
[0.512s][info][jit,compilation] 2752 %     4       org.weakref.nitro.parquet.RleReader::skip @ 2 (118 bytes)
[0.513s][info][jit,compilation] 2759       2       java.lang.StringBuilder::append (6 bytes)
[0.513s][info][jit,compilation] 2762       2       java.lang.invoke.Invokers::maybeCustomize (5 bytes)
[0.513s][info][jit,compilation] 2761       2       java.lang.String::format (16 bytes)
[0.513s][info][jit,compilation] 2763   !   2       org.weakref.nitro.parquet.ColumnReader::readPageHeader (316 bytes)
[0.513s][info][jit,compilation] 2764       2       org.apache.parquet.format.Util::readPageHeader (7 bytes)
[0.514s][info][jit,compilation] 2692       3       org.weakref.nitro.parquet.ColumnReader::acceptByIdLong (116 bytes)   made not entrant: not used
[0.514s][info][jit,compilation] 2736       4       jdk.internal.foreign.SegmentFactories::initNativeMemory (34 bytes)
[0.514s][info][jit,compilation] 2765       3       java.lang.invoke.LambdaForm$MH/0x0000000091102000::invoke (35 bytes)
[0.514s][info][jit,compilation] 2766       3       java.lang.invoke.DirectMethodHandle$Holder::fieldAccess (28 bytes)
[0.514s][info][jit,compilation] 2767       3       org.weakref.nitro.parquet.DecompressedPageCache::checkOpen (18 bytes)
[0.514s][info][jit,compilation] 2768   !   3       java.lang.invoke.MethodHandleImpl::profileBoolean (34 bytes)
[0.514s][info][jit,compilation] 2769       3       java.lang.invoke.DirectMethodHandle::checkCast (9 bytes)
[0.515s][info][jit,compilation] 2770       3       java.lang.invoke.LambdaForm$MH/0x0000000091103000::invoke (113 bytes)
[0.515s][info][jit,compilation] 2771       3       java.lang.invoke.DirectMethodHandle$Holder::fieldAccessCast (36 bytes)
[0.515s][info][jit,compilation] 2724 %     3       org.weakref.nitro.parquet.RleReader::skip @ 2 (118 bytes)   made not entrant: OSR invalidation of lower level
[0.515s][info][jit,compilation] 2772       3       sun.nio.fs.UnixPath::hashCode (31 bytes)
[0.515s][info][jit,compilation] 2704       4       jdk.incubator.vector.ByteVector$$Lambda/0x000000009114f468::load (17 bytes)
[0.515s][info][jit,compilation] 2690       3       jdk.internal.foreign.SegmentFactories::initNativeMemory (34 bytes)   made not entrant: not used
[0.515s][info][jit,compilation] 2773       4       org.weakref.nitro.parquet.RleReader::skip (118 bytes)
[0.515s][info][jit,compilation] 2774       3       org.weakref.nitro.parquet.DecompressedPageCache$Source::hashCode (7 bytes)
[0.516s][info][jit,compilation] 2776       3       shaded.parquet.org.apache.thrift.TConfiguration::<init> (20 bytes)
[0.516s][info][jit,compilation] 2777       3       org.apache.parquet.format.Util::protocol (12 bytes)
[0.516s][info][jit,compilation] 2775       3       org.weakref.nitro.parquet.DecompressedPageCache$Source$$HasherSpecializer/0x00000000910bf680::hasher0 (13 bytes)
[0.516s][info][jit,compilation] 2778       3       shaded.parquet.org.apache.thrift.transport.TIOStreamTransport::<init> (27 bytes)
[0.516s][info][jit,compilation] 2779       3       shaded.parquet.org.apache.thrift.TConfiguration::<init> (11 bytes)
[0.516s][info][jit,compilation] 2780       3       shaded.parquet.org.apache.thrift.transport.TEndpointTransport::<init> (34 bytes)
[0.516s][info][jit,compilation] 2781       3       shaded.parquet.org.apache.thrift.transport.TTransport::<init> (5 bytes)
[0.516s][info][jit,compilation] 2782       3       shaded.parquet.org.apache.thrift.transport.TEndpointTransport::resetConsumedMessageSize (75 bytes)
[0.517s][info][jit,compilation] 2783       3       org.apache.parquet.format.Util::protocol (16 bytes)
[0.517s][info][jit,compilation] 2785       3       jdk.internal.util.DecimalDigits::uncheckedGetCharsLatin1 (105 bytes)
[0.517s][info][jit,compilation] 2726       3       org.weakref.nitro.parquet.RleReader::skip (118 bytes)   made not entrant: not used
[0.518s][info][jit,compilation] 2784 %     4       java.util.Arrays::fill @ 10 (28 bytes)
[0.521s][info][jit,compilation] 2747 %     3       java.util.Arrays::fill @ 10 (28 bytes)   made not entrant: OSR invalidation of lower level
[0.521s][info][jit,compilation] 2705       4       jdk.incubator.vector.Byte256Vector::asVectorRaw (6 bytes)
[0.522s][info][jit,compilation] 2631       3       jdk.incubator.vector.Byte256Vector::asVectorRaw (6 bytes)   made not entrant: not used
[0.522s][info][jit,compilation] 2786       4       java.util.Arrays::fill (28 bytes)
[0.522s][info][jit,compilation] 2612       3       jdk.incubator.vector.ByteVector$$Lambda/0x000000009114f468::load (17 bytes)   made not entrant: not used
[0.522s][info][jit,compilation] 2706       4       jdk.internal.foreign.SegmentFactories::fromArray (40 bytes)
[0.522s][info][jit,compilation] 2748       3       java.util.Arrays::fill (28 bytes)   made not entrant: not used
[0.522s][info][jit,compilation] 2707       4       jdk.internal.foreign.HeapMemorySegmentImpl$OfByte::<init> (13 bytes)
[0.522s][info][jit,compilation] 2638       3       jdk.internal.foreign.HeapMemorySegmentImpl$OfByte::<init> (13 bytes)   made not entrant: not used
[0.522s][info][jit,compilation] 2708       4       jdk.incubator.vector.ByteVector::intoMemorySegment (48 bytes)
[0.523s][info][jit,compilation] 2637       3       jdk.internal.foreign.SegmentFactories::fromArray (40 bytes)   made not entrant: not used
[0.523s][info][jit,compilation] 2711       4       jdk.incubator.vector.IntVector$$Lambda/0x00000000911569b0::apply (19 bytes)
[0.524s][info][jit,compilation] 2639       3       jdk.incubator.vector.ByteVector::intoMemorySegment (48 bytes)   made not entrant: not used
[0.524s][info][jit,compilation] 2712       4       jdk.incubator.vector.IntVector$$Lambda/0x0000000091156e00::apply (19 bytes)
[0.525s][info][jit,compilation] 2787   !   3       jdk.internal.foreign.MemorySessionImpl::checkValidState (14 bytes)
[0.526s][info][jit,compilation] 2788       1       jdk.internal.foreign.NativeMemorySegmentImpl::isNative (2 bytes)
[0.526s][info][jit,compilation] 2649       3       jdk.incubator.vector.IntVector$$Lambda/0x00000000911569b0::apply (19 bytes)   made not entrant: not used
[0.526s][info][jit,compilation] 2701       4       jdk.incubator.vector.ByteVector::lambda$intoMemorySegment0$0 (12 bytes)
[0.526s][info][jit,compilation] 2621       3       jdk.incubator.vector.IntVector$$Lambda/0x0000000091156e00::apply (19 bytes)   made not entrant: not used
[0.526s][info][jit,compilation] 2710       4       jdk.incubator.vector.ByteVector$$Lambda/0x0000000091150968::store (14 bytes)
[0.528s][info][jit,compilation] 2790       3       jdk.internal.classfile.impl.UnboundAttribute::writeTo (12 bytes)
[0.528s][info][jit,compilation] 2791       3       jdk.internal.foreign.ConfinedSession::acquire0 (28 bytes)
[0.528s][info][jit,compilation] 2798       3       java.util.ArrayDeque::<init> (14 bytes)
[0.528s][info][jit,compilation] 2795       3       jdk.internal.foreign.HeapMemorySegmentImpl$OfLong::unsafeGetBase (5 bytes)
[0.529s][info][jit,compilation] 2796       3       jdk.internal.foreign.HeapMemorySegmentImpl$OfLong::unsafeGetBase (11 bytes)
[0.529s][info][jit,compilation] 2773       4       org.weakref.nitro.parquet.RleReader::skip (118 bytes)   made not entrant: uncommon trap
[0.529s][info][jit,compilation] 2797       3       jdk.internal.foreign.AbstractMemorySegmentImpl::asSlice (13 bytes)
[0.529s][info][jit,compilation] 2800       3       org.weakref.nitro.parquet.RleReader::skip (118 bytes)
[0.529s][info][jit,compilation] 2794       3       jdk.internal.foreign.HeapMemorySegmentImpl$OfLong::maxAlignMask (4 bytes)
[0.529s][info][jit,compilation] 2793       3       jdk.internal.foreign.ConfinedSession::release0 (32 bytes)
[0.529s][info][jit,compilation] 2799       1       org.weakref.nitro.parquet.ColumnReader$Chunk::source (5 bytes)
[0.529s][info][jit,compilation] 2802   !   3       java.util.Formatter::format (284 bytes)
[0.530s][info][jit,compilation] 2801       3       java.util.Locale::getDefault (63 bytes)
[0.533s][info][jit,compilation] 2804       3       org.apache.parquet.format.DictionaryPageHeader::<init> (10 bytes)
[0.533s][info][jit,compilation] 2805       3       org.apache.parquet.format.DictionaryPageHeader::read (12 bytes)
[0.533s][info][jit,compilation] 2806       3       org.apache.parquet.format.DictionaryPageHeader::scheme (28 bytes)
[0.533s][info][jit,compilation] 2807       3       org.apache.parquet.format.DictionaryPageHeader$DictionaryPageHeaderStandardSchemeFactory::getScheme (5 bytes)
[0.533s][info][jit,compilation] 2808       3       org.apache.parquet.format.DictionaryPageHeader$DictionaryPageHeaderStandardSchemeFactory::getScheme (9 bytes)
[0.533s][info][jit,compilation] 2809       3       org.apache.parquet.format.DictionaryPageHeader$DictionaryPageHeaderStandardScheme::<init> (5 bytes)
[0.534s][info][jit,compilation] 2811       3       jdk.internal.foreign.MappedMemorySegmentImpl::<init> (17 bytes)
[0.536s][info][jit,compilation] 2645       3       jdk.incubator.vector.ByteVector$$Lambda/0x0000000091150968::store (14 bytes)   made not entrant: not used
[0.536s][info][jit,compilation] 2812       4       org.weakref.nitro.parquet.RleReader::skip (118 bytes)
[0.536s][info][jit,compilation] 2646       3       jdk.incubator.vector.ByteVector::lambda$intoMemorySegment0$0 (12 bytes)   made not entrant: not used
[0.536s][info][jit,compilation] 2803       4       jdk.internal.foreign.Utils$BaseAndScale::of (136 bytes)
[0.537s][info][jit,compilation] 2813       3       jdk.internal.foreign.AbstractMemorySegmentImpl::asSliceNoCheck (15 bytes)
[0.537s][info][jit,compilation] 2810       4       jdk.internal.foreign.Utils$BaseAndScale$$TypeSwitch/0x00000000910cef18::typeSwitch (123 bytes)
[0.537s][info][jit,compilation] 2814       3       java.util.Formatter$FormatSpecifier::print (234 bytes)
[0.537s][info][jit,compilation] 2714       4       java.lang.invoke.DirectMethodHandle::internalMemberName (8 bytes)
[0.538s][info][jit,compilation] 1072       3       java.lang.invoke.DirectMethodHandle::internalMemberName (8 bytes)   made not entrant: not used
[0.538s][info][jit,compilation] 2789       4       jdk.internal.classfile.impl.SplitConstantPool::canWriteDirect (24 bytes)
[0.538s][info][jit,compilation] 2815       2       jdk.internal.misc.Unsafe::getIntUnaligned (12 bytes)
[0.538s][info][jit,compilation]  607       3       jdk.internal.classfile.impl.SplitConstantPool::canWriteDirect (24 bytes)   made not entrant: not used
[0.538s][info][jit,compilation] 2670       4       jdk.internal.vm.vector.VectorSupport::rearrangeOp (38 bytes)
[0.539s][info][jit,compilation] 2816       3       java.lang.AbstractStringBuilder::appendChars (161 bytes)
[0.539s][info][jit,compilation] 2800       3       org.weakref.nitro.parquet.RleReader::skip (118 bytes)   made not entrant: not used
[0.539s][info][jit,compilation] 2671       4       jdk.incubator.vector.Int256Vector::uOp (6 bytes)
[0.539s][info][jit,compilation] 2817       3       org.apache.parquet.format.PageHeader::read (12 bytes)
[0.539s][info][jit,compilation] 2824       3       org.apache.parquet.format.PageHeader$PageHeaderStandardScheme::read (505 bytes)
[0.540s][info][jit,compilation] 2827       3       org.weakref.nitro.parquet.ParquetFile$SegmentInputStream::<init> (23 bytes)
[0.540s][info][jit,compilation] 2818       3       org.apache.parquet.format.PageHeader::scheme (28 bytes)
[0.540s][info][jit,compilation] 2819       3       org.apache.parquet.format.PageHeader$PageHeaderStandardSchemeFactory::getScheme (5 bytes)
[0.540s][info][jit,compilation] 2820       3       org.apache.parquet.format.PageHeader$PageHeaderStandardSchemeFactory::getScheme (9 bytes)
[0.540s][info][jit,compilation] 2821       3       org.apache.parquet.format.PageHeader$PageHeaderStandardScheme::<init> (5 bytes)
[0.541s][info][jit,compilation] 2822       3       org.apache.parquet.format.PageHeader$PageHeaderStandardScheme::<init> (5 bytes)
[0.541s][info][jit,compilation] 2823       3       org.apache.parquet.format.PageHeader$PageHeaderStandardScheme::read (10 bytes)
[0.541s][info][jit,compilation] 2825       3       org.apache.parquet.format.PageHeader::setTypeIsSet (10 bytes)
[0.541s][info][jit,compilation] 2828   !   3       org.apache.parquet.format.Util::read (94 bytes)
[0.541s][info][jit,compilation] 2829       1       jdk.internal.foreign.layout.ValueLayouts$AbstractValueLayout::order (5 bytes)
[0.541s][info][jit,compilation] 2830       3       shaded.parquet.org.apache.thrift.protocol.TCompactProtocol::<init> (12 bytes)
[0.541s][info][jit,compilation] 2831       3       shaded.parquet.org.apache.thrift.protocol.TCompactProtocol::<init> (53 bytes)
[0.541s][info][jit,compilation] 2832       3       shaded.parquet.org.apache.thrift.protocol.ShortStack::<init> (17 bytes)
[0.542s][info][jit,compilation] 2833       3       org.apache.parquet.format.DataPageHeader::validate (129 bytes)
[0.542s][info][jit,compilation] 2834       3       jdk.internal.misc.Unsafe::putLongUnaligned (14 bytes)
[0.543s][info][jit,compilation] 2570       3       jdk.internal.vm.vector.VectorSupport::rearrangeOp (38 bytes)   made not entrant: not used
[0.543s][info][jit,compilation] 2578       3       jdk.incubator.vector.Int256Vector::uOp (6 bytes)   made not entrant: not used
[0.543s][info][jit,compilation] 2826       4       java.lang.Integer::valueOf (32 bytes)
[0.543s][info][jit,compilation] 2792       4       java.util.ImmutableCollections$ListN::get (7 bytes)
[0.543s][info][jit,compilation] 1063       3       java.util.ImmutableCollections$ListN::get (7 bytes)   made not entrant: not used
[0.543s][info][jit,compilation] 2683       4       jdk.incubator.vector.IntVector$$Lambda/0x0000000091157250::apply (19 bytes)
[0.544s][info][jit,compilation]  508       3       java.lang.Integer::valueOf (32 bytes)   made not entrant: not used
[0.544s][info][jit,compilation] 2684       4       jdk.incubator.vector.IntVector$$Lambda/0x00000000911576a0::store (14 bytes)
[0.544s][info][jit,compilation] 2835       3       org.weakref.nitro.parquet.RleReader::init (49 bytes)
[0.544s][info][jit,compilation] 2812       4       org.weakref.nitro.parquet.RleReader::skip (118 bytes)   made not entrant: uncommon trap
[0.545s][info][jit,compilation] 2836       3       org.weakref.nitro.parquet.RleReader::skip (118 bytes)
[0.545s][info][jit,compilation] 2837       3       jdk.internal.foreign.abi.SharedUtils::checkSymbol (46 bytes)
[0.545s][info][jit,compilation] 2838       3       jdk.internal.foreign.AbstractMemorySegmentImpl::equals (41 bytes)
[0.546s][info][jit,compilation] 2839       3       org.weakref.nitro.parquet.ColumnReader::decompress (391 bytes)
[0.546s][info][jit,compilation] 2842       3       jdk.internal.foreign.AbstractMemorySegmentImpl::asSlice (7 bytes)
[0.546s][info][jit,compilation] 2843       3       jdk.internal.foreign.NativeMemorySegmentImpl::dup (11 bytes)
[0.546s][info][jit,compilation] 2844       3       jdk.internal.foreign.NativeMemorySegmentImpl::dup (19 bytes)
[0.546s][info][jit,compilation] 2654       2       jdk.incubator.vector.IntVector$$Lambda/0x0000000091157250::apply (19 bytes)   made not entrant: not used
[0.546s][info][jit,compilation] 2686       4       jdk.incubator.vector.Byte256Vector::vec (8 bytes)
[0.546s][info][jit,compilation] 2658       2       jdk.incubator.vector.IntVector$$Lambda/0x00000000911576a0::store (14 bytes)   made not entrant: not used
[0.546s][info][jit,compilation] 2845       3       org.weakref.nitro.parquet.DecompressedPageCache::isReusable (25 bytes)
[0.546s][info][jit,compilation] 2846       3       org.weakref.nitro.parquet.DecompressedPageCache::hasMultipleConsumers (15 bytes)
[0.546s][info][jit,compilation] 2660       2       jdk.incubator.vector.Byte256Vector::vec (8 bytes)   made not entrant: not used
[0.547s][info][jit,compilation] 2847       3       org.weakref.nitro.parquet.DecompressedPageCache::consumerCount (30 bytes)
[0.547s][info][jit,compilation] 2840       3       jdk.internal.foreign.MappedMemorySegmentImpl::asSlice (7 bytes)
[0.547s][info][jit,compilation] 2841   !   3       io.airlift.compress.v3.snappy.SnappyNative::decompressInternal (100 bytes)
[0.549s][info][jit,compilation] 2848       4       org.weakref.nitro.parquet.RleReader::skip (118 bytes)
[0.552s][info][jit,compilation] 2836       3       org.weakref.nitro.parquet.RleReader::skip (118 bytes)   made not entrant: not used
[0.561s][info][jit,compilation] 2851       3       java.lang.AbstractStringBuilder::append (58 bytes)
[0.561s][info][jit,compilation] 2849       3       org.apache.parquet.format.PageHeader::validate (95 bytes)
[0.561s][info][jit,compilation] 2850       3       java.lang.Integer::toString (8 bytes)
[0.561s][info][jit,compilation] 2852       3       org.apache.parquet.format.MetadataValidator::validateValue (14 bytes)
[0.561s][info][jit,compilation] 2853       3       org.apache.parquet.format.MetadataValidator::validate (35 bytes)
[0.568s][info][jit,compilation] 2855       3       jdk.internal.foreign.MappedMemorySegmentImpl::dup (11 bytes)
[0.568s][info][jit,compilation] 2856       3       jdk.internal.foreign.MappedMemorySegmentImpl::dup (23 bytes)
[0.568s][info][jit,compilation] 2858       3       io.airlift.compress.v3.snappy.SnappyNativeDecompressor::decompress (25 bytes)
[0.569s][info][jit,compilation] 2859       3       jdk.internal.foreign.GlobalSession::release0 (1 bytes)
[0.569s][info][jit,compilation] 2854       3       org.weakref.nitro.parquet.DecompressedPageCache::lookup (82 bytes)
[0.569s][info][jit,compilation] 2860       3       jdk.internal.foreign.MappedMemorySegmentImpl::asSlice (10 bytes)
[0.569s][info][jit,compilation] 2857       3       org.weakref.nitro.parquet.DecompressedPageCache::reserve (151 bytes)
[0.569s][info][jit,compilation] 2861       3       jdk.internal.foreign.abi.SharedUtils::checkNative (38 bytes)
[0.572s][info][jit,compilation] 2862       3       jdk.internal.foreign.HeapMemorySegmentImpl$OfLong::unsafeGetOffset (5 bytes)
[0.572s][info][jit,compilation] 2753       2       jdk.internal.foreign.HeapMemorySegmentImpl$OfLong::unsafeGetOffset (5 bytes)   made not entrant: not used
[0.572s][info][jit,compilation] 2863       3       org.apache.parquet.format.DataPageHeader$DataPageHeaderStandardScheme::read (321 bytes)
[0.574s][info][jit,compilation] 2864       4       java.util.ArrayList$Itr::hasNext (20 bytes)
[0.574s][info][jit,compilation]  949       3       java.util.ArrayList$Itr::hasNext (20 bytes)   made not entrant: not used
[0.575s][info][jit,compilation] 2866       3       org.weakref.nitro.parquet.RleReader::consumeIfAllOnes (176 bytes)
[0.575s][info][jit,compilation] 2867       3       org.weakref.nitro.parquet.ColumnReader::decodeNextDataPage (202 bytes)
[0.575s][info][jit,compilation] 2865       3       org.weakref.nitro.parquet.ColumnReader::decodeDataPageV1 (828 bytes)
[0.579s][info][jit,compilation] 2723       4       org.weakref.nitro.parquet.ColumnReader::acceptByIdLong (116 bytes)   made not entrant: uncommon trap
[0.579s][info][jit,compilation] 2868       3       org.weakref.nitro.parquet.ColumnReader::acceptByIdLong (116 bytes)
[0.579s][info][jit,compilation] 2869       4       org.weakref.nitro.parquet.RleReader::readBitPacked (181 bytes)
[0.579s][info][jit,compilation] 2870       4       org.weakref.nitro.parquet.RleReader::read (152 bytes)
[0.584s][info][jit,compilation] 2873       3       java.lang.invoke.TypeConvertingMethodAdapter::convertType (269 bytes)
[0.585s][info][jit,compilation] 2875       3       java.util.Collections$UnmodifiableCollection::<init> (22 bytes)
[0.585s][info][jit,compilation] 2874       3       java.lang.invoke.BoundMethodHandle$Species_L::make (11 bytes)
[0.585s][info][jit,compilation] 2877       3       java.util.List::of (4 bytes)
[0.585s][info][jit,compilation] 2878   !   3       jdk.internal.classfile.impl.ClassReaderImpl::readU2 (37 bytes)
[0.585s][info][jit,compilation] 2879       3       java.lang.invoke.DirectMethodHandle::shouldBeInitialized (135 bytes)
[0.586s][info][jit,compilation] 2880       3       jdk.internal.constant.ConstantUtils::validateClassOrPackageName (123 bytes)
[0.587s][info][jit,compilation] 2884       3       java.util.Arrays::fill (28 bytes)
[0.587s][info][jit,compilation] 2881       3       java.util.Arrays::copyOfRange (90 bytes)
[0.587s][info][jit,compilation] 2886       3       jdk.internal.classfile.impl.StackMapDecoder$1::compare (13 bytes)
[0.587s][info][jit,compilation] 2887       3       jdk.internal.classfile.impl.StackMapDecoder$1::compare (30 bytes)
[0.588s][info][jit,compilation] 2890       3       java.lang.classfile.constantpool.ConstantPoolBuilder::of (8 bytes)
[0.588s][info][jit,compilation] 2891       3       jdk.internal.classfile.impl.SplitConstantPool::<init> (54 bytes)
[0.590s][info][jit,compilation] 2892       3       jdk.internal.foreign.AbstractMemorySegmentImpl::set (14 bytes)
[0.590s][info][jit,compilation] 2664       3       org.weakref.nitro.parquet.RleReader::readBitPacked (181 bytes)   made not entrant: not used
[0.590s][info][jit,compilation] 2871       4       org.weakref.nitro.parquet.ColumnReader::acceptByIdLong (116 bytes)
[0.590s][info][jit,compilation] 2899     n 0       java.lang.invoke.MethodHandle::invokeBasic(LLJJ)V (native)   
[0.591s][info][jit,compilation] 2893       3       java.lang.invoke.VarHandleGuards::guard_LJJ_V (138 bytes)
[0.591s][info][jit,compilation] 2900       3       io.airlift.compress.v3.snappy.SnappyNative::decompress (40 bytes)
[0.592s][info][jit,compilation] 2868       3       org.weakref.nitro.parquet.ColumnReader::acceptByIdLong (116 bytes)   made not entrant: not used
[0.592s][info][jit,compilation] 2876       4       jdk.internal.classfile.impl.EntryMap::put (186 bytes)
[0.593s][info][jit,compilation] 2894       3       java.lang.invoke.VarHandleSegmentAsLongs::set (16 bytes)
[0.593s][info][jit,compilation] 2663       3       org.weakref.nitro.parquet.RleReader::read (152 bytes)   made not entrant: not used
[0.593s][info][jit,compilation] 2885       4       java.lang.Record::<init> (5 bytes)
[0.593s][info][jit,compilation]  402       3       java.lang.Record::<init> (5 bytes)   made not entrant: not used
[0.593s][info][jit,compilation] 2883       4       jdk.internal.classfile.impl.EntryMap::firstToken (50 bytes)
[0.594s][info][jit,compilation] 2895       3       java.lang.invoke.VarHandleSegmentAsLongs::set (48 bytes)
[0.594s][info][jit,compilation]  601       3       jdk.internal.classfile.impl.EntryMap::firstToken (50 bytes)   made not entrant: not used
[0.594s][info][jit,compilation] 2888       4       java.lang.AbstractStringBuilder::<init> (39 bytes)
[0.594s][info][jit,compilation]  563       3       jdk.internal.classfile.impl.EntryMap::put (186 bytes)   made not entrant: not used
[0.594s][info][jit,compilation] 2882       4       jdk.internal.classfile.impl.SplitConstantPool::internalAdd (78 bytes)
[0.594s][info][jit,compilation]  320       3       java.lang.AbstractStringBuilder::<init> (39 bytes)   made not entrant: not used
[0.594s][info][jit,compilation] 2889       4       jdk.internal.misc.Unsafe::allocateUninitializedArray (55 bytes)
[0.594s][info][jit,compilation] 2896   !   3       jdk.internal.misc.ScopedMemoryAccess::putLongUnaligned (23 bytes)
[0.595s][info][jit,compilation] 2681 % !   3       org.weakref.nitro.parquet.ColumnReader::filterDictLongs @ 1060 (1425 bytes)   made not entrant: OSR invalidation of lower level
[0.595s][info][jit,compilation] 2897   !   3       jdk.internal.misc.ScopedMemoryAccess::putLongUnalignedInternal (37 bytes)
[0.595s][info][jit,compilation] 2872       4       jdk.internal.classfile.impl.SplitConstantPool::utf8Entry (45 bytes)
[0.595s][info][jit,compilation] 2898       3       jdk.internal.foreign.GlobalSession::acquire0 (1 bytes)
[0.595s][info][jit,compilation]  588       3       jdk.internal.misc.Unsafe::allocateUninitializedArray (55 bytes)   made not entrant: not used
[0.595s][info][jit,compilation] 2901 % !   4       org.weakref.nitro.parquet.ColumnReader::filterDictLongs @ 1287 (1425 bytes)
[0.596s][info][jit,compilation] 2902       3       jdk.internal.util.DecimalDigits::uncheckedPutPairLatin1 (31 bytes)
[0.596s][info][jit,compilation] 2278       2       jdk.internal.util.DecimalDigits::uncheckedPutPairLatin1 (31 bytes)   made not entrant: not used
[0.597s][info][jit,compilation]  549       3       jdk.internal.classfile.impl.SplitConstantPool::internalAdd (78 bytes)   made not entrant: not used
[0.602s][info][jit,compilation] 2903       3       java.util.ArrayList::iterator (9 bytes)
[0.602s][info][jit,compilation] 1575       2       java.util.ArrayList::iterator (9 bytes)   made not entrant: not used
[0.607s][info][jit,compilation]  611       3       jdk.internal.classfile.impl.SplitConstantPool::utf8Entry (45 bytes)   made not entrant: not used
[0.607s][info][jit,compilation] 2904       4       java.lang.AbstractStringBuilder::ensureCapacitySameCoder (26 bytes)
[0.607s][info][jit,compilation]  821       3       java.lang.AbstractStringBuilder::ensureCapacitySameCoder (26 bytes)   made not entrant: not used
[0.610s][info][jit,compilation] 2905       4       jdk.internal.foreign.HeapMemorySegmentImpl$OfLong::maxAlignMask (4 bytes)
[0.610s][info][jit,compilation] 2794       3       jdk.internal.foreign.HeapMemorySegmentImpl$OfLong::maxAlignMask (4 bytes)   made not entrant: not used
[0.618s][info][jit,compilation] 2906       3       org.weakref.nitro.parquet.ColumnReader::advanceChunk (117 bytes)
[0.618s][info][jit,compilation] 2907       3       org.weakref.nitro.parquet.ColumnReader::decodeDictionary (397 bytes)
[0.621s][info][jit,compilation] 2908       4       java.util.ArrayList$Itr::next (66 bytes)
[0.621s][info][jit,compilation]  953       3       java.util.ArrayList$Itr::next (66 bytes)   made not entrant: not used
[0.627s][info][jit,compilation] 2909   !   3       sun.nio.fs.UnixPath::initOffsets (189 bytes)
[0.627s][info][jit,compilation] 2911     n 0       sun.nio.fs.UnixNativeDispatcher::fstatat0 (native)   (static)
[0.627s][info][jit,compilation] 2912     n 0       sun.nio.fs.UnixNativeDispatcher::readdir0 (native)   (static)
[0.628s][info][jit,compilation] 2910       3       java.util.concurrent.locks.AbstractQueuedLongSynchronizer::compareAndSetState (13 bytes)
[0.628s][info][jit,compilation] 2913       3       sun.nio.fs.UnixDirectoryStream::readLock (8 bytes)
[0.628s][info][jit,compilation] 2914       1       java.nio.file.Files$AcceptAllFilter::accept (2 bytes)
[0.628s][info][jit,compilation] 2915       3       java.nio.file.Files::provider (10 bytes)
[0.628s][info][jit,compilation] 2916       3       sun.nio.fs.Util::followLinks (66 bytes)
[0.628s][info][jit,compilation] 2918       3       sun.nio.fs.UnixPath::compareTo (9 bytes)
[0.628s][info][jit,compilation] 2919       3       sun.nio.fs.UnixPath::compareTo (15 bytes)
[0.628s][info][jit,compilation] 2922       4       org.apache.parquet.format.SchemaElement::<init> (10 bytes)
[0.628s][info][jit,compilation] 2924       4       org.apache.parquet.format.SchemaElement$SchemaElementStandardScheme::read (484 bytes)
[0.628s][info][jit,compilation] 2920       3       java.util.Arrays::compareUnsigned (58 bytes)
[0.628s][info][jit,compilation] 1431       3       org.apache.parquet.format.SchemaElement::<init> (10 bytes)   made not entrant: not used
[0.628s][info][jit,compilation] 2923       4       org.apache.parquet.format.SchemaElement::read (12 bytes)
[0.628s][info][jit,compilation] 2921       3       java.lang.Byte::compareUnsigned (10 bytes)
[0.628s][info][jit,compilation] 2917       3       sun.nio.fs.UnixFileAttributes::<init> (5 bytes)
[0.629s][info][jit,compilation] 2932       3       org.apache.parquet.format.FileMetaData$FileMetaDataStandardScheme::read (765 bytes)
[0.629s][info][jit,compilation] 1432       3       org.apache.parquet.format.SchemaElement::read (12 bytes)   made not entrant: not used
[0.629s][info][jit,compilation] 2926 %     4       org.apache.parquet.format.ColumnMetaData$ColumnMetaDataStandardScheme::read @ 773 (1180 bytes)
[0.631s][info][jit,compilation] 2889       4       jdk.internal.misc.Unsafe::allocateUninitializedArray (55 bytes)   made not entrant: uncommon trap
[0.635s][info][jit,compilation] 2943   !   2       org.weakref.nitro.parquet.ParquetFile::<init> (325 bytes)
[0.636s][info][jit,compilation] 2930       4       shaded.parquet.org.apache.thrift.transport.TTransport::readAll (87 bytes)
[0.641s][info][jit,compilation] 2946       2       sun.nio.ch.NativeThread::current (17 bytes)
[0.642s][info][jit,compilation] 1919       3       shaded.parquet.org.apache.thrift.transport.TTransport::readAll (87 bytes)   made not entrant: not used
[0.642s][info][jit,compilation] 2931       4       shaded.parquet.org.apache.thrift.protocol.TCompactProtocol::readByte (60 bytes)
[0.642s][info][jit,compilation] 2947       3       java.util.ArrayList::grow (60 bytes)
[0.643s][info][jit,compilation] 1506       2       java.util.ArrayList::grow (60 bytes)   made not entrant: not used
[0.643s][info][jit,compilation] 1921       3       shaded.parquet.org.apache.thrift.protocol.TCompactProtocol::readByte (60 bytes)   made not entrant: not used
[0.643s][info][jit,compilation] 2929       4       org.apache.parquet.format.InterningProtocol::readListBegin (8 bytes)
[0.643s][info][jit,compilation] 1346       3       org.apache.parquet.format.InterningProtocol::readListBegin (8 bytes)   made not entrant: not used
[0.643s][info][jit,compilation] 2927       4       org.apache.parquet.format.PageEncodingStats::<init> (10 bytes)
[0.643s][info][jit,compilation] 1356       3       org.apache.parquet.format.PageEncodingStats::<init> (10 bytes)   made not entrant: not used
[0.643s][info][jit,compilation] 2928       4       org.apache.parquet.format.PageEncodingStats::read (12 bytes)
[0.644s][info][jit,compilation] 1357       3       org.apache.parquet.format.PageEncodingStats::read (12 bytes)   made not entrant: not used
[0.644s][info][jit,compilation] 2940       4       org.apache.parquet.format.ColumnMetaData$ColumnMetaDataStandardScheme::<init> (5 bytes)
[0.644s][info][jit,compilation] 1407       3       org.apache.parquet.format.ColumnMetaData$ColumnMetaDataStandardScheme::<init> (5 bytes)   made not entrant: not used
[0.644s][info][jit,compilation] 2937       4       shaded.parquet.org.apache.thrift.TUnion$TUnionStandardSchemeFactory::getScheme (5 bytes)
[0.644s][info][jit,compilation] 1421       3       shaded.parquet.org.apache.thrift.TUnion$TUnionStandardSchemeFactory::getScheme (5 bytes)   made not entrant: not used
[0.644s][info][jit,compilation] 2948       4       jdk.internal.misc.Unsafe::checkPointer (19 bytes)
[0.644s][info][jit,compilation]  458       3       jdk.internal.misc.Unsafe::checkPointer (19 bytes)   made not entrant: not used
[0.644s][info][jit,compilation] 2949       4       shaded.parquet.org.apache.thrift.protocol.TCompactProtocol::readVarint32 (128 bytes)
[0.644s][info][jit,compilation] 2951       3       sun.nio.ch.FileChannelImpl::ensureOpen (16 bytes)
[0.644s][info][jit,compilation] 2952       3       sun.nio.ch.FileChannelImpl::beginBlocking (12 bytes)
[0.644s][info][jit,compilation] 2953   !   3       sun.nio.ch.NativeThreadSet::remove (132 bytes)
[0.645s][info][jit,compilation] 1926       3       shaded.parquet.org.apache.thrift.protocol.TCompactProtocol::readVarint32 (128 bytes)   made not entrant: not used
[0.645s][info][jit,compilation] 2950       4       java.util.HashMap::resize (356 bytes)
[0.646s][info][jit,compilation] 2956     n 0       sun.nio.fs.UnixNativeDispatcher::open0 (native)   (static)
[0.646s][info][jit,compilation] 2957       1       jdk.internal.foreign.ArenaImpl::scope (5 bytes)
[0.648s][info][jit,compilation] 1028       3       java.util.HashMap::resize (356 bytes)   made not entrant: not used
[0.648s][info][jit,compilation] 2938       4       shaded.parquet.org.apache.thrift.TUnion$TUnionStandardScheme::read (10 bytes)
[0.649s][info][jit,compilation] 2959       3       sun.nio.ch.UnixFileDispatcherImpl::size (5 bytes)
[0.649s][info][jit,compilation] 2960     n 0       sun.nio.ch.UnixFileDispatcherImpl::allocationGranularity0 (native)   (static)
[0.649s][info][jit,compilation] 2961     n 0       sun.nio.ch.UnixFileDispatcherImpl::map0 (native)   (static)
[0.649s][info][jit,compilation] 2962       3       java.nio.channels.spi.AbstractInterruptibleChannel::end (68 bytes)
[0.653s][info][jit,compilation] 1428       3       shaded.parquet.org.apache.thrift.TUnion$TUnionStandardScheme::read (10 bytes)   made not entrant: not used
[0.653s][info][jit,compilation] 2963       4       org.apache.parquet.format.InterningProtocol::readString (11 bytes)
[0.653s][info][jit,compilation] 2967       2       org.apache.parquet.format.TypeDefinedOrder$TypeDefinedOrderStandardScheme::<init> (5 bytes)
[0.653s][info][jit,compilation] 2968       2       org.apache.parquet.format.TypeDefinedOrder$TypeDefinedOrderStandardScheme::<init> (5 bytes)
[0.656s][info][jit,compilation] 1938       3       org.apache.parquet.format.InterningProtocol::readString (11 bytes)   made not entrant: not used
[0.656s][info][jit,compilation] 2966       4       shaded.parquet.org.apache.thrift.protocol.TCompactProtocol::readBinary (25 bytes)
[0.657s][info][jit,compilation] 1931       3       shaded.parquet.org.apache.thrift.protocol.TCompactProtocol::readBinary (25 bytes)   made not entrant: not used
[0.657s][info][jit,compilation] 2964       4       shaded.parquet.org.apache.thrift.protocol.TCompactProtocol::readString (84 bytes)
[0.657s][info][jit,compilation] 1439       3       org.apache.parquet.format.SchemaElement$SchemaElementStandardScheme::read (484 bytes)   made not entrant: not used
[0.657s][info][jit,compilation] 2969       4       org.apache.parquet.format.PageEncodingStats::setPage_typeIsSet (10 bytes)
[0.657s][info][jit,compilation] 1374       3       org.apache.parquet.format.PageEncodingStats::setPage_typeIsSet (10 bytes)   made not entrant: not used
[0.657s][info][jit,compilation] 2970       4       org.apache.parquet.format.PageEncodingStats::setEncodingIsSet (10 bytes)
[0.657s][info][jit,compilation] 1375       3       org.apache.parquet.format.PageEncodingStats::setEncodingIsSet (10 bytes)   made not entrant: not used
[0.657s][info][jit,compilation] 2971       4       org.apache.parquet.format.PageEncodingStats::isSetCount (9 bytes)
[0.658s][info][jit,compilation] 1380       3       org.apache.parquet.format.PageEncodingStats::isSetCount (9 bytes)   made not entrant: not used
[0.658s][info][jit,compilation] 2965       4       jdk.internal.misc.Unsafe::checkPrimitivePointer (19 bytes)
[0.658s][info][jit,compilation]  457       3       jdk.internal.misc.Unsafe::checkPrimitivePointer (19 bytes)   made not entrant: not used
[0.658s][info][jit,compilation] 2958       4       shaded.parquet.org.apache.thrift.TUnion$TUnionStandardScheme::<init> (5 bytes)
[0.658s][info][jit,compilation] 1423       3       shaded.parquet.org.apache.thrift.TUnion$TUnionStandardScheme::<init> (5 bytes)   made not entrant: not used
[0.658s][info][jit,compilation] 2939       4       shaded.parquet.org.apache.thrift.TUnion$TUnionStandardScheme::read (63 bytes)
[0.659s][info][jit,compilation] 1930       3       shaded.parquet.org.apache.thrift.protocol.TCompactProtocol::readString (84 bytes)   made not entrant: not used
[0.659s][info][jit,compilation] 2934       4       org.apache.parquet.format.ColumnOrder::<init> (5 bytes)
[0.660s][info][jit,compilation] 1448       3       org.apache.parquet.format.ColumnOrder::<init> (5 bytes)   made not entrant: not used
[0.660s][info][jit,compilation] 2925       4       org.apache.parquet.format.SchemaElement::validate (39 bytes)
[0.660s][info][jit,compilation] 1451       3       org.apache.parquet.format.SchemaElement::validate (39 bytes)   made not entrant: not used
[0.660s][info][jit,compilation] 2935       4       org.apache.parquet.format.ColumnOrder::standardSchemeReadValue (101 bytes)
[0.662s][info][jit,compilation] 1449       3       org.apache.parquet.format.ColumnOrder::standardSchemeReadValue (101 bytes)   made not entrant: not used
[0.662s][info][jit,compilation] 2936       4       org.apache.parquet.format.TypeDefinedOrder$TypeDefinedOrderStandardScheme::read (60 bytes)
[0.662s][info][jit,compilation] 1429       3       shaded.parquet.org.apache.thrift.TUnion$TUnionStandardScheme::read (63 bytes)   made not entrant: not used
[0.662s][info][jit,compilation] 2954       4       org.apache.parquet.format.ColumnOrder::enumForId (6 bytes)
[0.662s][info][jit,compilation] 1454       3       org.apache.parquet.format.ColumnOrder::enumForId (6 bytes)   made not entrant: not used
[0.662s][info][jit,compilation] 2955       4       org.apache.parquet.format.ColumnOrder$_Fields::findByThriftIdOrThrow (43 bytes)
[0.662s][info][jit,compilation] 1456       3       org.apache.parquet.format.ColumnOrder$_Fields::findByThriftIdOrThrow (43 bytes)   made not entrant: not used
[0.662s][info][jit,compilation] 2941       4       org.apache.parquet.format.Statistics::setMinIsSet (10 bytes)
[0.662s][info][jit,compilation] 1970       2       org.apache.parquet.format.Statistics::setMinIsSet (10 bytes)   made not entrant: not used
[0.662s][info][jit,compilation] 2942       4       org.apache.parquet.format.Statistics::setMaxIsSet (10 bytes)
[0.662s][info][jit,compilation] 2944       4       org.apache.parquet.format.PageEncodingStats$PageEncodingStatsStandardScheme::<init> (5 bytes)
[0.662s][info][jit,compilation] 1969       2       org.apache.parquet.format.Statistics::setMaxIsSet (10 bytes)   made not entrant: not used
[0.662s][info][jit,compilation] 2945       4       org.apache.parquet.format.PageEncodingStats$PageEncodingStatsStandardScheme::<init> (5 bytes)
[0.662s][info][jit,compilation] 2972       4       org.apache.parquet.format.ColumnMetaData$ColumnMetaDataStandardScheme::read (1180 bytes)
[0.662s][info][jit,compilation] 2933       4       jdk.internal.misc.Unsafe::checkPrimitiveArray (22 bytes)
[0.663s][info][jit,compilation] 1452       3       org.apache.parquet.format.TypeDefinedOrder$TypeDefinedOrderStandardScheme::read (60 bytes)   made not entrant: not used
[0.663s][info][jit,compilation] 2973       4       org.apache.parquet.format.TypeDefinedOrder$TypeDefinedOrderStandardScheme::<init> (5 bytes)
[0.663s][info][jit,compilation] 2974       4       org.weakref.nitro.parquet.ParquetFile$Column::<init> (38 bytes)
[0.663s][info][jit,compilation] 2967       2       org.apache.parquet.format.TypeDefinedOrder$TypeDefinedOrderStandardScheme::<init> (5 bytes)   made not entrant: not used
[0.663s][info][jit,compilation] 2975       4       org.apache.parquet.format.LogicalType::standardSchemeReadValue (822 bytes)
[0.663s][info][jit,compilation] 1504       3       org.weakref.nitro.parquet.ParquetFile$Column::<init> (38 bytes)   made not entrant: not used
[0.667s][info][jit,compilation] 1512       3       org.apache.parquet.format.LogicalType::standardSchemeReadValue (822 bytes)   made not entrant: not used
[0.669s][info][jit,compilation] 2976       4       shaded.parquet.org.apache.thrift.protocol.TCompactProtocol::readBool (36 bytes)
[0.669s][info][jit,compilation] 1517       3       shaded.parquet.org.apache.thrift.protocol.TCompactProtocol::readBool (36 bytes)   made not entrant: not used
[0.673s][info][jit,compilation] 2977 % !   3       org.weakref.nitro.parquet.ParquetFile::<init> @ 166 (325 bytes)
[0.680s][info][jit,compilation] 2978   !   3       java.util.AbstractList$RandomAccessSpliterator::get (17 bytes)
[0.681s][info][jit,compilation] 2979  s    3       java.io.FileDescriptor::close (9 bytes)
[0.681s][info][jit,compilation] 2980  s    3       java.io.FileDescriptor::unregisterCleanup (20 bytes)
[0.681s][info][jit,compilation] 2981       3       sun.nio.fs.UnixPath::toString (24 bytes)
[0.684s][info][jit,compilation] 2982       4       java.lang.AbstractStringBuilder::ensureCapacityNewCoder (125 bytes)
[0.684s][info][jit,compilation] 2983       4       org.apache.parquet.format.IntType$IntTypeStandardScheme::<init> (5 bytes)
[0.684s][info][jit,compilation] 1467       2       org.apache.parquet.format.IntType$IntTypeStandardScheme::<init> (5 bytes)   made not entrant: not used
[0.684s][info][jit,compilation] 2985   !   3       sun.nio.ch.NativeThreadSet::add (177 bytes)
[0.684s][info][jit,compilation] 2986       3       sun.nio.ch.NativeThread::isNativeThread (20 bytes)
[0.684s][info][jit,compilation] 2987       3       sun.nio.ch.FileChannelImpl::endBlocking (35 bytes)
[0.685s][info][jit,compilation] 2984       3       java.nio.channels.spi.AbstractInterruptibleChannel::begin (38 bytes)
[0.686s][info][jit,compilation]  303       3       java.lang.AbstractStringBuilder::ensureCapacityNewCoder (125 bytes)   made not entrant: not used
[0.689s][info][jit,compilation] 2988       3       org.weakref.nitro.parquet.ParquetFile::columnChunk (17 bytes)
[0.689s][info][jit,compilation] 2989       3       org.weakref.nitro.parquet.ColumnReader::addChunk (46 bytes)
[0.689s][info][jit,compilation] 2990       3       org.weakref.nitro.parquet.ColumnReader$Chunk::<init> (26 bytes)
[0.690s][info][jit,compilation] 2991       3       sun.nio.fs.UnixPath::isAbsolute (25 bytes)
[0.690s][info][jit,compilation] 2992       3       java.lang.invoke.MethodHandle::asTypeCached (52 bytes)
[0.690s][info][jit,compilation] 2872       4       jdk.internal.classfile.impl.SplitConstantPool::utf8Entry (45 bytes)   made not entrant: uncommon trap
[0.690s][info][jit,compilation] 2882       4       jdk.internal.classfile.impl.SplitConstantPool::internalAdd (78 bytes)   made not entrant: uncommon trap
[0.690s][info][jit,compilation] 2993       4       jdk.internal.classfile.impl.RawBytecodeHelper::next (81 bytes)
[0.690s][info][jit,compilation] 2994       3       jdk.internal.constant.ConstantUtils::dropFirstAndLastChar (12 bytes)
[0.690s][info][jit,compilation] 2995       4       jdk.internal.classfile.impl.SplitConstantPool::internalAdd (78 bytes)
[0.690s][info][jit,compilation] 2996       3       java.lang.invoke.LambdaForm::create (95 bytes)
[0.690s][info][jit,compilation] 2999       4       jdk.internal.classfile.impl.SplitConstantPool::utf8Entry (45 bytes)
[0.690s][info][jit,compilation] 3000       3       jdk.internal.classfile.impl.StackMapGenerator$Frame::setLocal (76 bytes)
[0.690s][info][jit,compilation]  574       3       jdk.internal.classfile.impl.RawBytecodeHelper::next (81 bytes)   made not entrant: not used
[0.690s][info][jit,compilation] 2997       3       java.lang.invoke.LambdaForm::fixResult (31 bytes)
[0.691s][info][jit,compilation] 2998       3       java.lang.invoke.LambdaForm::<init> (53 bytes)
[0.691s][info][jit,compilation] 3001       4       java.lang.AbstractStringBuilder::newCapacity (49 bytes)
[0.691s][info][jit,compilation]  339       3       java.lang.AbstractStringBuilder::newCapacity (49 bytes)   made not entrant: not used
[0.691s][info][jit,compilation] 3002       4       jdk.internal.util.DecimalDigits::uncheckedPutCharLatin1 (40 bytes)
[0.691s][info][jit,compilation] 2289       3       jdk.internal.util.DecimalDigits::uncheckedPutCharLatin1 (40 bytes)   made not entrant: not used
[0.691s][info][jit,compilation] 3003       4       java.lang.String::indexOf (65 bytes)
[0.692s][info][jit,compilation] 3004   !   3       java.lang.invoke.BootstrapMethodInvoker::invoke (978 bytes)
[0.692s][info][jit,compilation]  902       3       java.lang.String::indexOf (65 bytes)   made not entrant: not used
[0.692s][info][jit,compilation] 3008   !   4       org.weakref.nitro.parquet.ColumnReader::filterDictLongs (1425 bytes)
[0.693s][info][jit,compilation] 3007       3       java.lang.invoke.BoundMethodHandle::<init> (32 bytes)
[0.693s][info][jit,compilation] 3005       3       java.lang.invoke.MethodHandleNatives::staticArgumentsPulled (5 bytes)
[0.693s][info][jit,compilation] 3006       3       jdk.internal.classfile.impl.DirectCodeBuilder::labelBinding (11 bytes)
[0.696s][info][jit,compilation] 3009       3       org.weakref.nitro.parquet.ColumnReader::observeDictionaryFilterRows (25 bytes)
[0.697s][info][jit,compilation] 3010       3       org.weakref.nitro.parquet.ColumnReader::skipRejectedDictionaryPage (41 bytes)
[0.703s][info][jit,compilation] 3011       3       org.weakref.nitro.data.PrimitiveArrayPool::checkOpen (18 bytes)
[0.708s][info][jit,compilation] 3012       3       java.lang.String::newStringWithLatin1Bytes (42 bytes)
[0.708s][info][jit,compilation] 2101       2       java.lang.String::newStringWithLatin1Bytes (42 bytes)   made not entrant: not used
[0.708s][info][jit,compilation] 3013       3       java.lang.CharacterData::of (136 bytes)
[0.708s][info][jit,compilation] 2034       2       java.lang.CharacterData::of (136 bytes)   made not entrant: not used
[0.731s][info][jit,compilation] 3014       3       org.apache.parquet.format.DictionaryPageHeader::validate (39 bytes)
[0.731s][info][jit,compilation] 2292       2       org.apache.parquet.format.DictionaryPageHeader::validate (39 bytes)   made not entrant: not used
[0.741s][info][jit,compilation] 2687   !   3       org.weakref.nitro.parquet.ColumnReader::filterDictLongs (1425 bytes)   made not entrant: not used
[0.759s][info][jit,compilation] 3015       3       java.lang.CharacterDataLatin1::isUpperCase (16 bytes)
[0.759s][info][jit,compilation] 2729       2       java.lang.CharacterDataLatin1::isUpperCase (16 bytes)   made not entrant: not used
[0.780s][info][jit,compilation] 3016       3       java.util.Formatter$Conversion::isValid (256 bytes)
[0.780s][info][jit,compilation] 3018       4       java.util.Formatter$FixedString::print (23 bytes)
[0.780s][info][jit,compilation] 2743       2       java.util.Formatter$Conversion::isValid (256 bytes)   made not entrant: not used
[0.780s][info][jit,compilation] 3017       3       java.util.Formatter$FormatSpecifier::<init> (68 bytes)
[0.780s][info][jit,compilation] 2744       2       java.util.Formatter$FormatSpecifier::<init> (68 bytes)   made not entrant: not used
[0.780s][info][jit,compilation] 3019       3       java.util.Formatter$FormatSpecifier::printString (97 bytes)
[0.781s][info][jit,compilation] 2741       2       java.util.Formatter$FixedString::print (23 bytes)   made not entrant: not used
[0.781s][info][jit,compilation] 2749       2       java.util.Formatter$FormatSpecifier::printString (97 bytes)   made not entrant: not used
[0.781s][info][jit,compilation] 3020       3       java.util.Formatter$FormatSpecifier::appendJustified (89 bytes)
[0.781s][info][jit,compilation] 2751       2       java.util.Formatter$FormatSpecifier::appendJustified (89 bytes)   made not entrant: not used
[0.781s][info][jit,compilation] 3021       3       java.util.Formatter$FormatSpecifier::print (57 bytes)
[0.781s][info][jit,compilation] 2750       2       java.util.Formatter$FormatSpecifier::print (57 bytes)   made not entrant: not used
[0.781s][info][jit,compilation] 3022       3       java.lang.StringBuilder::append (8 bytes)
[0.781s][info][jit,compilation] 2756       2       java.lang.StringBuilder::append (8 bytes)   made not entrant: not used
[0.782s][info][jit,compilation] 3023       3       java.lang.StringBuilder::append (6 bytes)
[0.782s][info][jit,compilation] 2759       2       java.lang.StringBuilder::append (6 bytes)   made not entrant: not used
[0.782s][info][jit,compilation] 3024       3       java.util.Formatter::parse (201 bytes)
[0.783s][info][jit,compilation] 2760       2       java.util.Formatter::parse (201 bytes)   made not entrant: not used
[0.783s][info][jit,compilation] 3025   !   3       org.weakref.nitro.parquet.ColumnReader::readPageHeader (316 bytes)
[0.783s][info][jit,compilation] 3026       4       jdk.internal.foreign.GlobalSession::release0 (1 bytes)
[0.783s][info][jit,compilation] 2763   !   2       org.weakref.nitro.parquet.ColumnReader::readPageHeader (316 bytes)   made not entrant: not used
[0.784s][info][jit,compilation] 2859       3       jdk.internal.foreign.GlobalSession::release0 (1 bytes)   made not entrant: not used
[0.786s][info][jit,compilation] 3027       4       jdk.internal.foreign.HeapMemorySegmentImpl$OfLong::unsafeGetOffset (5 bytes)
[0.786s][info][jit,compilation] 2862       3       jdk.internal.foreign.HeapMemorySegmentImpl$OfLong::unsafeGetOffset (5 bytes)   made not entrant: not used
[0.797s][info][jit,compilation] 3028     n 0       sun.nio.ch.UnixFileDispatcherImpl::unmap0 (native)   (static)
[0.799s][info][jit,compilation] 3029       3       java.util.stream.StreamOpFlag::fromCharacteristics (51 bytes)
[0.799s][info][jit,compilation] 3030       3       java.util.stream.AbstractPipeline::<init> (55 bytes)
[0.800s][info][jit,compilation] 3032       3       java.util.concurrent.locks.ReentrantReadWriteLock$Sync::exclusiveCount (7 bytes)
[0.800s][info][jit,compilation] 3033       3       sun.nio.fs.UnixDirectoryStream$UnixDirectoryIterator::isSelfOrParent (32 bytes)
[0.800s][info][jit,compilation] 3034       3       sun.nio.fs.UnixPath::resolve (17 bytes)
[0.800s][info][jit,compilation] 3031       3       sun.nio.fs.UnixPath::resolve (103 bytes)
[0.800s][info][jit,compilation] 3035       3       java.util.ArrayList::elementAt (4 bytes)
[0.800s][info][jit,compilation] 3036       3       java.util.stream.SortedOps$RefSortingSink$$Lambda/0x000000009107d960::accept (11 bytes)
[0.802s][info][jit,compilation] 3037 %     4       org.apache.parquet.format.RowGroup$RowGroupStandardScheme::read @ 102 (546 bytes)
[0.805s][info][jit,compilation] 3038       3       java.util.stream.Nodes$FixedNodeBuilder::accept (61 bytes)
[0.808s][info][jit,compilation] 3039       3       org.apache.parquet.format.FileMetaData::validate (77 bytes)
[0.811s][info][jit,compilation] 3040       3       java.lang.ref.Reference::enqueueFromPending (19 bytes)
[0.811s][info][jit,compilation] 3041   !   3       java.lang.ref.ReferenceQueue::enqueue (20 bytes)
[0.811s][info][jit,compilation] 3042       3       java.lang.ref.ReferenceQueue::enqueue0 (101 bytes)
[0.811s][info][jit,compilation] 1523 %     3       org.apache.parquet.format.RowGroup$RowGroupStandardScheme::read @ 102 (546 bytes)   made not entrant: OSR invalidation of lower level
[0.811s][info][jit,compilation] 3043       3       jdk.internal.foreign.MemorySessionImpl$ResourceList$ResourceCleanup::<init> (5 bytes)
[0.811s][info][jit,compilation] 3044   !   3       jdk.internal.foreign.MemorySessionImpl::addOrCleanupIfFail (16 bytes)
[0.812s][info][jit,compilation] 3045       3       jdk.internal.foreign.MemorySessionImpl::addInternal (13 bytes)
[0.812s][info][jit,compilation] 3046       3       jdk.internal.foreign.ConfinedSession$ConfinedResourceList::add (46 bytes)
[0.815s][info][jit,compilation] 3047       3       java.util.Collections::addAll (43 bytes)
[0.816s][info][jit,compilation] 3048   !   3       sun.nio.fs.UnixNativeDispatcher::open (52 bytes)
[0.816s][info][jit,compilation] 3049       3       jdk.internal.foreign.MemorySessionImpl::toMemorySession (10 bytes)
[0.816s][info][jit,compilation] 3050       3       jdk.internal.foreign.MemorySessionImpl$ResourceList::<init> (5 bytes)
[0.817s][info][jit,compilation] 3051       3       jdk.internal.foreign.MemorySessionImpl::asArena (9 bytes)
[0.817s][info][jit,compilation] 3052       3       java.lang.foreign.Arena::ofConfined (10 bytes)
[0.817s][info][jit,compilation] 3053       3       jdk.internal.foreign.MemorySessionImpl::createConfined (9 bytes)
[0.817s][info][jit,compilation] 3054       3       java.io.FileDescriptor$1::set (6 bytes)
[0.817s][info][jit,compilation] 3055       4       org.apache.parquet.format.RowGroup$RowGroupStandardScheme::read (546 bytes)
[0.817s][info][jit,compilation] 3056       3       org.apache.parquet.format.FileMetaData::read (12 bytes)
[0.817s][info][jit,compilation] 3057       3       org.apache.parquet.format.FileMetaData::scheme (28 bytes)
[0.817s][info][jit,compilation] 3058       3       org.weakref.nitro.operator.NitroParquetScanOperator$$Lambda/0x000000009108cfb0::apply (8 bytes)
[0.817s][info][jit,compilation] 3059   !   3       org.weakref.nitro.parquet.ParquetFile::open (108 bytes)
[0.818s][info][jit,compilation] 3060   !   3       sun.nio.ch.FileChannelImpl::size (238 bytes)
[0.825s][info][jit,compilation] 1545       3       org.apache.parquet.format.RowGroup$RowGroupStandardScheme::read (546 bytes)   made not entrant: not used
[0.825s][info][jit,compilation] 3061       4       jdk.internal.misc.Unsafe::allocateUninitializedArray0 (90 bytes)
[0.825s][info][jit,compilation] 3062       4       org.apache.parquet.format.ColumnChunk$ColumnChunkStandardScheme::<init> (5 bytes)
[0.825s][info][jit,compilation] 1396       3       org.apache.parquet.format.ColumnChunk$ColumnChunkStandardScheme::<init> (5 bytes)   made not entrant: not used
[0.826s][info][jit,compilation]  587       3       jdk.internal.misc.Unsafe::allocateUninitializedArray0 (90 bytes)   made not entrant: not used
[0.827s][info][jit,compilation] 3063 %     4       org.apache.parquet.format.FileMetaData$FileMetaDataStandardScheme::read @ 146 (765 bytes)
[0.831s][info][jit,compilation] 3064       3       java.util.HashMap::merge (346 bytes)
[0.832s][info][jit,compilation] 3065       3       sun.nio.fs.UnixPath::toAbsolutePath (35 bytes)
[0.832s][info][jit,compilation] 3066       3       org.weakref.nitro.parquet.ParquetFile::column (61 bytes)
[0.832s][info][jit,compilation] 3067       3       java.lang.Integer::toString (21 bytes)
[0.832s][info][jit,compilation] 2754       2       java.lang.Integer::toString (21 bytes)   made not entrant: not used
[0.832s][info][jit,compilation] 3068       3       java.lang.AbstractStringBuilder::append (127 bytes)
[0.832s][info][jit,compilation] 2758       2       java.lang.AbstractStringBuilder::append (127 bytes)   made not entrant: not used
[0.832s][info][jit,compilation] 3069       3       java.lang.invoke.LambdaForm$Name::<init> (20 bytes)
[0.833s][info][jit,compilation] 3071       3       java.lang.invoke.Invokers$Holder::linkToTargetMethod (9 bytes)
[0.833s][info][jit,compilation] 3072       3       java.lang.invoke.LambdaForm$MH/0x00000000910bec00::invoke (8 bytes)
[0.833s][info][jit,compilation] 3070       3       jdk.internal.vm.ContinuationSupport::unpinIfSupported (10 bytes)
[0.835s][info][jit,compilation] 3073       4       jdk.internal.foreign.GlobalSession::acquire0 (1 bytes)
[0.835s][info][jit,compilation] 2898       3       jdk.internal.foreign.GlobalSession::acquire0 (1 bytes)   made not entrant: not used
[0.842s][info][jit,compilation] 3074       4       jdk.internal.util.DecimalDigits::uncheckedPutPairLatin1 (31 bytes)
[0.842s][info][jit,compilation] 2902       3       jdk.internal.util.DecimalDigits::uncheckedPutPairLatin1 (31 bytes)   made not entrant: not used
[0.861s][info][jit,compilation] 3075       3       java.lang.invoke.DirectMethodHandle$Holder::fieldAccess (28 bytes)
[0.883s][info][jit,compilation] 3076       4       jdk.internal.util.DecimalDigits::stringSize (47 bytes)
[0.884s][info][jit,compilation] 1142       3       jdk.internal.util.DecimalDigits::stringSize (47 bytes)   made not entrant: not used
[0.884s][info][jit,compilation] 3077       4       jdk.internal.foreign.AbstractMemorySegmentImpl::asSlice (13 bytes)
[0.885s][info][jit,compilation] 2797       3       jdk.internal.foreign.AbstractMemorySegmentImpl::asSlice (13 bytes)   made not entrant: not used
[0.929s][info][jit,compilation] 3078       4       jdk.internal.misc.Unsafe::getIntUnaligned (12 bytes)
[0.929s][info][jit,compilation] 2815       2       jdk.internal.misc.Unsafe::getIntUnaligned (12 bytes)   made not entrant: not used
[0.929s][info][jit,compilation] 3079       4       jdk.internal.foreign.HeapMemorySegmentImpl$OfLong::unsafeGetBase (5 bytes)
[0.929s][info][jit,compilation] 2795       3       jdk.internal.foreign.HeapMemorySegmentImpl$OfLong::unsafeGetBase (5 bytes)   made not entrant: not used
[0.941s][info][jit,compilation] 3080   !   3       jdk.internal.foreign.MemorySessionImpl$ResourceList::cleanupSingle (29 bytes)
[0.942s][info][jit,compilation] 3081       3       jdk.internal.foreign.ArenaImpl::close (8 bytes)
[0.942s][info][jit,compilation] 3083       3       jdk.internal.foreign.MemorySessionImpl$ResourceList::cleanup (27 bytes)
[0.942s][info][jit,compilation] 3082       3       jdk.internal.foreign.MemorySessionImpl::close (12 bytes)
[0.942s][info][jit,compilation] 3084       3       org.weakref.nitro.parquet.ParquetFile::close (10 bytes)
[0.943s][info][jit,compilation] 3085   !   3       sun.nio.ch.FileChannelImpl$DefaultUnmapper::decrementStats (46 bytes)
[0.944s][info][jit,compilation] 3086       3       jdk.internal.misc.Unsafe::weakCompareAndSetInt (11 bytes)
[0.944s][info][jit,compilation] 3087       3       java.util.concurrent.locks.AbstractQueuedLongSynchronizer::hasQueuedPredecessors (58 bytes)
[0.944s][info][jit,compilation] 3088       3       java.util.concurrent.locks.AbstractQueuedLongSynchronizer::signalNext (34 bytes)
[0.944s][info][jit,compilation] 3089       3       java.util.concurrent.locks.ReentrantReadWriteLock$ReadLock::lock (9 bytes)
[0.944s][info][jit,compilation] 3090       3       java.util.concurrent.locks.AbstractQueuedLongSynchronizer::acquireShared (22 bytes)
[0.944s][info][jit,compilation] 3091       3       java.util.concurrent.locks.ReentrantReadWriteLock$Sync::tryAcquireShared (188 bytes)
[0.945s][info][jit,compilation] 3092       3       java.util.concurrent.locks.ReentrantReadWriteLock$Sync::sharedCount (6 bytes)
[0.948s][info][jit,compilation] 3093   !   3       org.weakref.nitro.parquet.ParquetFile::<init> (325 bytes)
[0.950s][info][jit,compilation] 2943   !   2       org.weakref.nitro.parquet.ParquetFile::<init> (325 bytes)   made not entrant: not used
[0.951s][info][jit,compilation] 3094 %     4       org.apache.parquet.format.FileMetaData$FileMetaDataStandardScheme::read @ 518 (765 bytes)
[0.952s][info][jit,compilation] 3095       4       java.util.Arrays::copyOf (40 bytes)
[0.953s][info][jit,compilation]  618       3       java.util.Arrays::copyOf (40 bytes)   made not entrant: not used
[0.966s][info][jit,compilation] 3100       3       sun.nio.fs.UnixChannelFactory$Flags::toFlags (265 bytes)
[0.971s][info][jit,compilation] 3096   !   3       sun.nio.fs.UnixFileSystemProvider::newFileChannel (35 bytes)
[0.971s][info][jit,compilation] 3103       4       java.util.HashMap$HashIterator::hasNext (13 bytes)
[0.971s][info][jit,compilation] 3097       3       sun.nio.fs.UnixFileModeAttribute::toUnixMode (113 bytes)
[0.971s][info][jit,compilation]  147       3       java.util.HashMap$HashIterator::hasNext (13 bytes)   made not entrant: not used
[0.971s][info][jit,compilation] 3098       3       sun.nio.fs.UnixChannelFactory::newFileChannel (8 bytes)
[0.971s][info][jit,compilation] 3099       3       sun.nio.fs.UnixChannelFactory::newFileChannel (154 bytes)
[0.971s][info][jit,compilation] 3101       3       sun.nio.ch.FileChannelImpl::<init> (138 bytes)
[0.972s][info][jit,compilation] 3102       3       java.nio.channels.FileChannel::open (18 bytes)
[0.976s][info][jit,compilation] 3104       4       org.apache.parquet.format.FileMetaData$FileMetaDataStandardScheme::read (765 bytes)
[0.976s][info][jit,compilation] 3105       4       jdk.internal.misc.Unsafe::allocateUninitializedArray (55 bytes)
[0.977s][info][jit,compilation] 3109       3       sun.nio.fs.UnixPath::normalize (520 bytes)
[0.977s][info][jit,compilation] 3106       4       org.apache.parquet.format.SchemaElement$SchemaElementStandardScheme::<init> (5 bytes)
[0.977s][info][jit,compilation] 1436       3       org.apache.parquet.format.SchemaElement$SchemaElementStandardScheme::<init> (5 bytes)   made not entrant: not used
[0.977s][info][jit,compilation] 3114       3       org.apache.parquet.format.DictionaryPageHeader$DictionaryPageHeaderStandardScheme::read (223 bytes)
[0.978s][info][jit,compilation] 2731       2       org.apache.parquet.format.DictionaryPageHeader$DictionaryPageHeaderStandardScheme::read (223 bytes)   made not entrant: not used
[0.978s][info][jit,compilation] 3107       3       sun.nio.fs.UnixPath::toAbsolutePath (5 bytes)
[0.978s][info][jit,compilation] 3108       3       sun.nio.fs.UnixPath::normalize (5 bytes)
[0.978s][info][jit,compilation] 3110       3       sun.nio.fs.UnixPath::getNameCount (10 bytes)
[0.978s][info][jit,compilation] 3111       3       org.weakref.nitro.parquet.DecompressedPageCache$Source::<init> (45 bytes)
[0.978s][info][jit,compilation] 3112       3       org.weakref.nitro.parquet.DecompressedPageCache::register (54 bytes)
[0.978s][info][jit,compilation] 3113       1       java.lang.Long::longValue (5 bytes)
[0.980s][info][jit,compilation] 3115       4       org.apache.parquet.format.PageHeader$PageHeaderStandardScheme::read (505 bytes)
[0.991s][info][jit,compilation] 2824       3       org.apache.parquet.format.PageHeader$PageHeaderStandardScheme::read (505 bytes)   made not entrant: not used
[0.991s][info][jit,compilation] 3116   !   4       java.lang.invoke.MethodHandleImpl::profileBoolean (34 bytes)
[0.991s][info][jit,compilation] 2768   !   3       java.lang.invoke.MethodHandleImpl::profileBoolean (34 bytes)   made not entrant: not used
[0.998s][info][jit,compilation] 2932       3       org.apache.parquet.format.FileMetaData$FileMetaDataStandardScheme::read (765 bytes)   made not entrant: not used
[1.005s][info][jit,compilation] 3117       3       org.apache.parquet.format.DataPageHeader$DataPageHeaderStandardScheme::<init> (5 bytes)
[1.006s][info][jit,compilation] 3118       3       org.apache.parquet.format.DataPageHeader$DataPageHeaderStandardScheme::<init> (5 bytes)
[1.007s][info][jit,compilation] 3119       3       java.lang.invoke.LambdaForm$MH/0x00000000911ed800::guard (100 bytes)
[1.009s][info][jit,compilation] 3120       3       org.apache.parquet.format.DictionaryPageHeader::isSetNum_values (9 bytes)
[1.009s][info][jit,compilation] 3121       3       org.apache.parquet.format.DictionaryPageHeader::setNum_valuesIsSet (14 bytes)
[1.009s][info][jit,compilation] 3122       3       org.apache.parquet.format.DictionaryPageHeader::setEncodingIsSet (10 bytes)
[1.009s][info][jit,compilation] 3123       3       org.apache.parquet.format.DictionaryPageHeader::setIs_sortedIsSet (14 bytes)
[1.012s][info][jit,compilation] 3124       4       sun.nio.fs.UnixPath::hashCode (31 bytes)
[1.012s][info][jit,compilation] 3125       4       org.weakref.nitro.parquet.DecompressedPageCache$Source::hashCode (7 bytes)
[1.012s][info][jit,compilation] 2772       3       sun.nio.fs.UnixPath::hashCode (31 bytes)   made not entrant: not used
[1.013s][info][jit,compilation] 2774       3       org.weakref.nitro.parquet.DecompressedPageCache$Source::hashCode (7 bytes)   made not entrant: not used
[1.041s][info][jit,compilation] 3126       4       jdk.internal.foreign.ConfinedSession::acquire0 (28 bytes)
[1.041s][info][jit,compilation] 3127       4       jdk.internal.foreign.ConfinedSession::release0 (32 bytes)
[1.042s][info][jit,compilation] 2793       3       jdk.internal.foreign.ConfinedSession::release0 (32 bytes)   made not entrant: not used
[1.042s][info][jit,compilation] 2791       3       jdk.internal.foreign.ConfinedSession::acquire0 (28 bytes)   made not entrant: not used
[1.051s][info][jit,compilation] 3128       3       java.lang.invoke.LambdaForm$MH/0x0000000091048000::invoke (25 bytes)
[1.058s][info][jit,compilation] 3129       4       jdk.internal.foreign.AbstractMemorySegmentImpl::asSlice (7 bytes)
[1.059s][info][jit,compilation] 3130       4       org.weakref.nitro.parquet.DecompressedPageCache::consumerCount (30 bytes)
[1.059s][info][jit,compilation] 2842       3       jdk.internal.foreign.AbstractMemorySegmentImpl::asSlice (7 bytes)   made not entrant: not used
[1.059s][info][jit,compilation] 3131       4       java.util.HashMap::getOrDefault (19 bytes)
[1.061s][info][jit,compilation] 2725       3       java.util.HashMap::getOrDefault (19 bytes)   made not entrant: not used
[1.062s][info][jit,compilation] 2847       3       org.weakref.nitro.parquet.DecompressedPageCache::consumerCount (30 bytes)   made not entrant: not used
[1.088s][info][jit,compilation] 3132       3       jdk.internal.foreign.ConfinedSession::justClose (37 bytes)
[1.089s][info][jit,compilation] 3133       3       java.lang.invoke.VarHandleGuards::guard_L_I (74 bytes)
[1.089s][info][jit,compilation] 3139   !   4       sun.nio.fs.UnixPath::initOffsets (189 bytes)
[1.089s][info][jit,compilation] 3134       3       java.lang.invoke.VarHandleInts$FieldInstanceReadOnly::getVolatile (27 bytes)
[1.090s][info][jit,compilation] 3135       3       jdk.internal.foreign.ConfinedSession$ConfinedResourceList::cleanup (53 bytes)
[1.090s][info][jit,compilation] 3136       3       jdk.internal.foreign.SegmentFactories$2::cleanup (10 bytes)
[1.090s][info][jit,compilation] 3138       3       sun.nio.fs.UnixPath::resolve (48 bytes)
[1.090s][info][jit,compilation] 3137   !   3       sun.nio.ch.FileChannelImpl$Unmapper::unmap (44 bytes)
[1.090s][info][jit,compilation] 3140       3       java.util.concurrent.locks.ReentrantReadWriteLock$FairSync::readerShouldBlock (5 bytes)
[1.090s][info][jit,compilation] 3141       3       sun.nio.fs.UnixDirectoryStream::isOpen (13 bytes)
[1.090s][info][jit,compilation] 3142       3       sun.nio.fs.UnixNativeDispatcher::readdir (5 bytes)
[1.090s][info][jit,compilation] 3143       3       java.util.concurrent.locks.ReentrantReadWriteLock$ReadLock::unlock (10 bytes)
[1.094s][info][jit,compilation] 2909   !   3       sun.nio.fs.UnixPath::initOffsets (189 bytes)   made not entrant: not used
[1.095s][info][jit,compilation] 3144       3       org.apache.parquet.format.RowGroup::scheme (28 bytes)
[1.095s][info][jit,compilation] 3145       3       org.apache.parquet.format.RowGroup$RowGroupStandardSchemeFactory::getScheme (5 bytes)
[1.095s][info][jit,compilation] 3146       3       org.apache.parquet.format.RowGroup$RowGroupStandardSchemeFactory::getScheme (9 bytes)
[1.095s][info][jit,compilation] 3147       3       org.apache.parquet.format.RowGroup$RowGroupStandardScheme::<init> (5 bytes)
[1.095s][info][jit,compilation] 3148       3       org.apache.parquet.format.RowGroup$RowGroupStandardScheme::<init> (5 bytes)
[1.095s][info][jit,compilation] 3149       3       org.apache.parquet.format.RowGroup$RowGroupStandardScheme::read (10 bytes)
[1.096s][info][jit,compilation] 3150       3       java.lang.ThreadLocal::get (35 bytes)
[1.096s][info][jit,compilation] 1470       2       java.lang.ThreadLocal::get (35 bytes)   made not entrant: not used
[1.103s][info][jit,compilation] 3151       4       java.util.ArrayList::grow (60 bytes)
[1.104s][info][jit,compilation] 2947       3       java.util.ArrayList::grow (60 bytes)   made not entrant: not used
[1.118s][info][jit,compilation] 3152       3       java.lang.invoke.DirectMethodHandle$Holder::invokeSpecial (15 bytes)
[1.120s][info][jit,compilation] 3153       3       java.lang.invoke.LambdaForm$MH/0x00000000911ec000::invoke (35 bytes)
[1.120s][info][jit,compilation] 3154       3       java.lang.invoke.DirectMethodHandle$Holder::invokeStatic (14 bytes)
[1.124s][info][jit,compilation] 3155       3       java.lang.invoke.DelegatingMethodHandle$Holder::delegate (18 bytes)
[1.163s][info][jit,compilation] 3156       3       org.weakref.nitro.parquet.ColumnReader::ensurePageValueCapacity (97 bytes)
[1.164s][info][jit,compilation] 3157       3       org.weakref.nitro.parquet.ColumnReader::decodePlain (458 bytes)
[1.184s][info][jit,compilation] 3158       4       org.weakref.nitro.parquet.ParquetFile$SegmentInputStream::<init> (23 bytes)
[1.184s][info][jit,compilation] 2827       3       org.weakref.nitro.parquet.ParquetFile$SegmentInputStream::<init> (23 bytes)   made not entrant: not used
[1.184s][info][jit,compilation] 3159   !   4       org.apache.parquet.format.Util::read (94 bytes)
[1.188s][info][jit,compilation] 3160       4       shaded.parquet.org.apache.thrift.transport.TEndpointTransport::<init> (34 bytes)
[1.188s][info][jit,compilation] 2828   !   3       org.apache.parquet.format.Util::read (94 bytes)   made not entrant: not used
[1.188s][info][jit,compilation] 2780       3       shaded.parquet.org.apache.thrift.transport.TEndpointTransport::<init> (34 bytes)   made not entrant: not used
[1.222s][info][jit,compilation] 3161       4       jdk.internal.util.DecimalDigits::uncheckedGetCharsLatin1 (105 bytes)
[1.223s][info][jit,compilation] 2785       3       jdk.internal.util.DecimalDigits::uncheckedGetCharsLatin1 (105 bytes)   made not entrant: not used
[1.223s][info][jit,compilation] 3162  s    3       org.weakref.nitro.data.PrimitiveArrayPool::retain (195 bytes)
[1.227s][info][jit,compilation] 3163       4       jdk.internal.loader.URLClassPath::getResource (71 bytes)
[1.228s][info][jit,compilation] 3164     n 0       java.lang.invoke.MethodHandle::linkToStatic(LLIL)V (native)   (static)
[1.228s][info][jit,compilation] 2186   !   4       java.util.concurrent.ConcurrentHashMap::putVal (432 bytes)   made not entrant: uncommon trap
[1.229s][info][jit,compilation] 3165       1       java.util.stream.Collectors$CollectorImpl::characteristics (5 bytes)
[1.229s][info][jit,compilation] 3166       3       java.lang.invoke.VarHandleByteArrayAsShorts$ArrayHandle::set (38 bytes)
[1.229s][info][jit,compilation] 3167       3       jdk.internal.misc.Unsafe::putShortUnaligned (14 bytes)
[1.229s][info][jit,compilation] 3168       3       jdk.internal.misc.Unsafe::putShortUnaligned (37 bytes)
[1.229s][info][jit,compilation] 3171       4       java.lang.StringConcatHelper::newArray (28 bytes)
[1.229s][info][jit,compilation] 3169       3       java.io.ObjectOutputStream$BlockDataOutputStream::writeShort (47 bytes)
[1.230s][info][jit,compilation] 3173       3       java.lang.Class::privateGetDeclaredMethods (56 bytes)
[1.230s][info][jit,compilation] 3177       3       java.io.ObjectOutputStream$BlockDataOutputStream::writeBytes (87 bytes)
[1.230s][info][jit,compilation]  546       3       java.lang.StringConcatHelper::newArray (28 bytes)   made not entrant: not used
[1.230s][info][jit,compilation] 3172       4       jdk.internal.util.ModifiedUtf::utfLen (65 bytes)
[1.230s][info][jit,compilation] 3170       3       jdk.internal.util.ByteArray::setShort (10 bytes)
[1.230s][info][jit,compilation] 3174       3       java.lang.runtime.ExactConversionsSupport::isLongToCharExact (15 bytes)
[1.230s][info][jit,compilation] 3176       3       java.io.ObjectOutputStream$BlockDataOutputStream::writeUTFInternal (95 bytes)
[1.230s][info][jit,compilation]  664       3       jdk.internal.util.ModifiedUtf::utfLen (65 bytes)   made not entrant: not used
[1.231s][info][jit,compilation] 3175       1       java.util.Collections$EmptySet::contains (2 bytes)
[1.231s][info][jit,compilation] 3179   !   3       sun.nio.fs.UnixFileSystemProvider::readAttributesIfExists (46 bytes)
[1.231s][info][jit,compilation] 3180       3       sun.nio.fs.UnixFileAttributes::getIfExists (6 bytes)
[1.231s][info][jit,compilation] 3181       3       sun.nio.fs.UnixFileAttributes::getIfExists (55 bytes)
[1.231s][info][jit,compilation] 3182   !   3       sun.nio.fs.UnixNativeDispatcher::fstatat2 (59 bytes)
[1.231s][info][jit,compilation] 3183   !   3       java.nio.file.Files$2::hasNext (23 bytes)
[1.231s][info][jit,compilation] 3184  s    3       sun.nio.fs.UnixDirectoryStream$UnixDirectoryIterator::hasNext (35 bytes)
[1.231s][info][jit,compilation] 3178       1       java.util.concurrent.locks.AbstractQueuedSynchronizer::getState (5 bytes)
[1.234s][info][jit,compilation] 3185       3       java.io.FileDescriptor$1::setAppend (6 bytes)
[1.234s][info][jit,compilation] 3186   !   3       sun.nio.ch.FileChannelImpl::implCloseChannel (146 bytes)
[1.234s][info][jit,compilation] 3187  s!   3       sun.nio.ch.NativeThreadSet::signalAndWait (121 bytes)
[1.235s][info][jit,compilation] 3188   !   3       sun.nio.ch.FileChannelImpl$Closer::run (28 bytes)
[1.235s][info][jit,compilation] 3189       3       org.apache.parquet.format.FileMetaData$FileMetaDataStandardScheme::read (10 bytes)
[1.235s][info][jit,compilation] 3190       3       sun.nio.ch.FileChannelImpl::map (117 bytes)
[1.235s][info][jit,compilation] 3191       3       sun.nio.ch.FileChannelImpl::isSync (30 bytes)
[1.235s][info][jit,compilation] 3192       3       sun.nio.ch.FileChannelImpl::toProt (64 bytes)
[1.235s][info][jit,compilation] 3193   !   3       sun.nio.ch.FileChannelImpl::mapInternal (627 bytes)
[1.236s][info][jit,compilation] 3197   !   3       sun.nio.fs.UnixChannelFactory::open (415 bytes)
[1.238s][info][jit,compilation] 3198       3       sun.nio.ch.FileChannelImpl::open (18 bytes)
[1.238s][info][jit,compilation] 3194       3       sun.nio.ch.FileChannelImpl::checkMode (76 bytes)
[1.238s][info][jit,compilation] 3195       3       sun.nio.ch.UnixFileDispatcherImpl::allocationGranularity (4 bytes)
[1.238s][info][jit,compilation] 3196       3       sun.nio.ch.UnixFileDispatcherImpl::map (11 bytes)
[1.244s][info][jit,compilation] 3199       4       java.util.HashMap$HashIterator::nextNode (100 bytes)
[1.245s][info][jit,compilation]  148       3       java.util.HashMap$HashIterator::nextNode (100 bytes)   made not entrant: not used
[1.255s][info][jit,compilation]  878       3       jdk.internal.loader.URLClassPath::getResource (71 bytes)   made not entrant: not used
[1.255s][info][jit,compilation] 3200       4       java.util.stream.ReferencePipeline$3$1::accept (20 bytes)
[1.255s][info][jit,compilation] 1544       2       java.util.stream.ReferencePipeline$3$1::accept (20 bytes)   made not entrant: not used
[1.260s][info][jit,compilation] 3201       3       org.weakref.nitro.parquet.ParquetFile::rowGroups (8 bytes)
[1.260s][info][jit,compilation] 3202       3       org.weakref.nitro.parquet.ParquetFile::numRows (8 bytes)
[1.261s][info][jit,compilation] 3203       4       java.util.Locale::getDefault (63 bytes)
[1.261s][info][jit,compilation] 3204       4       java.lang.AbstractStringBuilder::appendChars (161 bytes)
[1.261s][info][jit,compilation] 2801       3       java.util.Locale::getDefault (63 bytes)   made not entrant: not used
[1.261s][info][jit,compilation] 3205       4       java.lang.AbstractStringBuilder::append (58 bytes)
[1.262s][info][jit,compilation] 3207       3       org.weakref.nitro.data.PrimitiveArrayPool$Key::hashCode (7 bytes)
[1.262s][info][jit,compilation] 2816       3       java.lang.AbstractStringBuilder::appendChars (161 bytes)   made not entrant: not used
[1.262s][info][jit,compilation] 3206       4       java.util.Formatter$FormatSpecifier::print (234 bytes)
[1.262s][info][jit,compilation] 3208       3       org.weakref.nitro.data.PrimitiveArrayPool$Key$$HasherSpecializer/0x00000000911f2350::hasher0 (11 bytes)
[1.263s][info][jit,compilation] 3209       3       java.lang.invoke.DirectMethodHandle$Holder::invokeStatic (15 bytes)
[1.263s][info][jit,compilation] 3210       3       java.util.IdentityHashMap::hash (18 bytes)
[1.265s][info][jit,compilation] 2851       3       java.lang.AbstractStringBuilder::append (58 bytes)   made not entrant: not used
[1.269s][info][jit,compilation] 2814       3       java.util.Formatter$FormatSpecifier::print (234 bytes)   made not entrant: not used
[1.320s][info][jit,compilation] 3211       1       org.weakref.nitro.parquet.ColumnReader::kind (5 bytes)
[1.334s][info][jit,compilation] 3212       3       java.util.IdentityHashMap::maskNull (12 bytes)
[1.364s][info][jit,compilation] 3213   !   4       java.util.Formatter::format (284 bytes)
[1.371s][info][jit,compilation] 3214       3       java.util.concurrent.locks.ReentrantReadWriteLock$Sync::tryReleaseShared (158 bytes)
[1.371s][info][jit,compilation] 3215   !   3       sun.nio.fs.UnixDirectoryStream$UnixDirectoryIterator::readNextEntry (185 bytes)
[1.372s][info][jit,compilation] 3216   !   3       java.nio.file.Files::isRegularFile (35 bytes)
[1.372s][info][jit,compilation] 3217       3       sun.nio.fs.UnixFileAttributes::isRegularFile (18 bytes)
[1.372s][info][jit,compilation] 3218       3       java.nio.file.Files$AcceptAllFilter::accept (9 bytes)
[1.372s][info][jit,compilation] 3219       3       java.nio.file.Files$2::next (5 bytes)
[1.372s][info][jit,compilation] 3220   !   3       java.nio.file.Files$2::next (26 bytes)
[1.372s][info][jit,compilation] 3221       3       sun.nio.fs.UnixDirectoryStream$UnixDirectoryIterator::next (5 bytes)
[1.372s][info][jit,compilation] 3222  s    3       sun.nio.fs.UnixDirectoryStream$UnixDirectoryIterator::next (46 bytes)
[1.372s][info][jit,compilation] 3223       3       sun.nio.fs.UnixPath::getFileName (5 bytes)
[1.372s][info][jit,compilation] 3224       3       sun.nio.fs.UnixPath::getFileName (90 bytes)
[1.372s][info][jit,compilation] 3225       3       org.weakref.nitro.clickbench.ClickBenchHitsSupport$$Lambda/0x0000000091086210::test (8 bytes)
[1.372s][info][jit,compilation] 3226       3       org.weakref.nitro.clickbench.ClickBenchHitsSupport::lambda$parquetFiles$0 (9 bytes)
[1.378s][info][jit,compilation] 2802   !   3       java.util.Formatter::format (284 bytes)   made not entrant: not used
[1.378s][info][jit,compilation] 3227       4       java.util.concurrent.locks.AbstractQueuedLongSynchronizer::compareAndSetState (13 bytes)
[1.378s][info][jit,compilation] 2910       3       java.util.concurrent.locks.AbstractQueuedLongSynchronizer::compareAndSetState (13 bytes)   made not entrant: not used
[1.380s][info][jit,compilation] 3228       4       java.lang.ref.Cleaner$1::apply (9 bytes)
[1.380s][info][jit,compilation]  310       3       java.lang.ref.Cleaner$1::apply (9 bytes)   made not entrant: not used
[1.381s][info][jit,compilation] 3229       3       sun.nio.ch.FileChannelImpl$DefaultUnmapper::<init> (17 bytes)
[1.381s][info][jit,compilation] 3235   !   3       java.nio.channels.spi.AbstractInterruptibleChannel::close (37 bytes)
[1.382s][info][jit,compilation] 3230       3       sun.nio.ch.FileChannelImpl$Unmapper::<init> (53 bytes)
[1.382s][info][jit,compilation] 3231   !   3       sun.nio.ch.FileChannelImpl$DefaultUnmapper::incrementStats (46 bytes)
[1.382s][info][jit,compilation] 3232       3       jdk.internal.foreign.SegmentFactories::mapSegment (61 bytes)
[1.382s][info][jit,compilation] 3233       3       sun.nio.ch.FileChannelImpl$Unmapper::address (11 bytes)
[1.382s][info][jit,compilation] 3234       3       jdk.internal.foreign.SegmentFactories$2::<init> (10 bytes)
[1.401s][info][jit,compilation] 3236       4       java.util.ArrayList::iterator (9 bytes)
[1.401s][info][jit,compilation] 3237       3       java.lang.invoke.MethodHandleImpl$CountingWrapper::maybeStopCounting (25 bytes)
[1.401s][info][jit,compilation] 3238       3       java.lang.invoke.MethodHandleImpl$CountingWrapper::countDown (42 bytes)
[1.401s][info][jit,compilation] 2903       3       java.util.ArrayList::iterator (9 bytes)   made not entrant: not used
[1.401s][info][jit,compilation] 3239       4       org.apache.parquet.format.MetadataValidator::validate (35 bytes)
[1.406s][info][jit,compilation] 2853       3       org.apache.parquet.format.MetadataValidator::validate (35 bytes)   made not entrant: not used
[1.406s][info][jit,compilation] 3240       4       org.apache.parquet.format.PageHeader$PageHeaderStandardScheme::<init> (5 bytes)
[1.406s][info][jit,compilation] 2821       3       org.apache.parquet.format.PageHeader$PageHeaderStandardScheme::<init> (5 bytes)   made not entrant: not used
[1.456s][info][jit,compilation] 3241       4       java.lang.StringBuilder::append (8 bytes)
[1.458s][info][jit,compilation] 3022       3       java.lang.StringBuilder::append (8 bytes)   made not entrant: not used
[1.458s][info][jit,compilation] 3242   !   4       org.weakref.nitro.parquet.ColumnReader::readPageHeader (316 bytes)
[1.468s][info][jit,compilation] 3025   !   3       org.weakref.nitro.parquet.ColumnReader::readPageHeader (316 bytes)   made not entrant: not used
[1.476s][info][jit,compilation] 3243       4       java.lang.invoke.DirectMethodHandle$Accessor::checkCast (9 bytes)
[1.476s][info][jit,compilation] 3244       1       org.weakref.nitro.operator.evaluator.ir.Reference::stream (5 bytes)
[1.476s][info][jit,compilation] 3245 %     3       org.weakref.nitro.data.BooleanVector::isAllFalse @ 25 (66 bytes)
[1.486s][info][jit,compilation] 3246       4       org.weakref.nitro.parquet.RleReader::init (49 bytes)
[1.487s][info][jit,compilation] 2835       3       org.weakref.nitro.parquet.RleReader::init (49 bytes)   made not entrant: not used
[1.512s][info][jit,compilation] 3247       4       java.lang.String::endsWith (15 bytes)
[1.512s][info][jit,compilation] 3248       3       org.weakref.nitro.clickbench.ClickBenchHitsSupport$$Lambda/0x0000000091086468::test (8 bytes)
[1.513s][info][jit,compilation] 3249       3       org.weakref.nitro.clickbench.ClickBenchHitsSupport::lambda$parquetFiles$1 (18 bytes)
[1.513s][info][jit,compilation] 3250       3       java.util.stream.SortedOps$RefSortingSink::accept (10 bytes)
[1.514s][info][jit,compilation]   41       3       java.lang.String::endsWith (15 bytes)   made not entrant: not used
[1.515s][info][jit,compilation] 3251       3       shaded.parquet.org.apache.thrift.protocol.TCompactProtocol::readI16 (10 bytes)
[1.515s][info][jit,compilation] 1541       2       shaded.parquet.org.apache.thrift.protocol.TCompactProtocol::readI16 (10 bytes)   made not entrant: not used
[1.515s][info][jit,compilation] 3252 % !   4       org.weakref.nitro.parquet.ParquetFile::<init> @ 166 (325 bytes)
[1.526s][info][jit,compilation] 2977 % !   3       org.weakref.nitro.parquet.ParquetFile::<init> @ 166 (325 bytes)   made not entrant: OSR invalidation of lower level
[1.536s][info][jit,compilation] 3253   !   4       org.weakref.nitro.parquet.ParquetFile::<init> (325 bytes)
[1.550s][info][jit,compilation] 3093   !   3       org.weakref.nitro.parquet.ParquetFile::<init> (325 bytes)   made not entrant: not used
[1.550s][info][jit,compilation] 3254       4       org.apache.parquet.format.DictionaryPageHeader::validate (39 bytes)
[1.551s][info][jit,compilation] 3014       3       org.apache.parquet.format.DictionaryPageHeader::validate (39 bytes)   made not entrant: not used
[1.551s][info][jit,compilation] 3255       4       java.lang.invoke.DirectMethodHandle$Holder::fieldAccess (28 bytes)
[1.551s][info][jit,compilation] 2766       3       java.lang.invoke.DirectMethodHandle$Holder::fieldAccess (28 bytes)   made not entrant: not used
[1.551s][info][jit,compilation] 3256       4       jdk.internal.foreign.MappedMemorySegmentImpl::asSlice (7 bytes)
[1.552s][info][jit,compilation] 2840       3       jdk.internal.foreign.MappedMemorySegmentImpl::asSlice (7 bytes)   made not entrant: not used
[1.552s][info][jit,compilation] 3257       4       jdk.internal.foreign.MappedMemorySegmentImpl::asSlice (10 bytes)
[1.553s][info][jit,compilation] 2860       3       jdk.internal.foreign.MappedMemorySegmentImpl::asSlice (10 bytes)   made not entrant: not used
[1.572s][info][jit,compilation] 3258       4       io.airlift.compress.v3.snappy.SnappyNative::decompress (40 bytes)
[1.576s][info][jit,compilation] 2900       3       io.airlift.compress.v3.snappy.SnappyNative::decompress (40 bytes)   made not entrant: not used
[1.614s][info][jit,compilation] 3259 %     3       java.util.Arrays::fill @ 5 (21 bytes)
[1.614s][info][jit,compilation] 3260       4       java.lang.invoke.DirectMethodHandle$Holder::invokeSpecial (14 bytes)
[1.614s][info][jit,compilation] 3261       1       org.weakref.nitro.operator.evaluator.ir.Reference::producer (5 bytes)
[1.614s][info][jit,compilation] 3262       3       org.weakref.nitro.data.BooleanVector::isAllFalse (66 bytes)
[1.650s][info][jit,compilation] 3263       3       java.util.List::of (9 bytes)
[1.650s][info][jit,compilation] 3264       3       java.util.stream.ReferencePipeline$2$1::accept (24 bytes)
[1.650s][info][jit,compilation] 1640       2       java.util.stream.ReferencePipeline$2$1::accept (24 bytes)   made not entrant: not used
[1.650s][info][jit,compilation] 3265       3       java.util.stream.Nodes$SpinedNodeBuilder::accept (29 bytes)
[1.650s][info][jit,compilation] 2163       2       java.util.stream.Nodes$SpinedNodeBuilder::accept (29 bytes)   made not entrant: not used
[1.654s][info][jit,compilation] 3266       3       sun.nio.fs.UnixPath::getByteArrayForSysCalls (48 bytes)
[1.654s][info][jit,compilation] 1548       2       sun.nio.fs.UnixPath::getByteArrayForSysCalls (48 bytes)   made not entrant: not used
[1.654s][info][jit,compilation] 3267       3       sun.nio.fs.UnixNativeDispatcher::copyToNativeBuffer (49 bytes)
[1.654s][info][jit,compilation] 1547       2       sun.nio.fs.UnixNativeDispatcher::copyToNativeBuffer (49 bytes)   made not entrant: not used
[1.654s][info][jit,compilation] 3268       3       sun.nio.fs.NativeBuffers::getNativeBufferFromCache (51 bytes)
[1.654s][info][jit,compilation] 1549       2       sun.nio.fs.NativeBuffers::getNativeBufferFromCache (51 bytes)   made not entrant: not used
[1.654s][info][jit,compilation] 3269       3       sun.nio.fs.NativeBuffers::releaseNativeBuffer (97 bytes)
[1.655s][info][jit,compilation] 1552       2       sun.nio.fs.NativeBuffers::releaseNativeBuffer (97 bytes)   made not entrant: not used
[1.661s][info][jit,compilation] 3270       3       org.apache.parquet.format.Util::readFileMetaData (17 bytes)
[1.661s][info][jit,compilation] 3271       3       org.apache.parquet.format.FileMetaData::<init> (10 bytes)
[1.681s][info][jit,compilation] 3272       4       org.apache.parquet.format.DictionaryPageHeader$DictionaryPageHeaderStandardScheme::<init> (5 bytes)
[1.681s][info][jit,compilation] 3273       3       org.weakref.nitro.data.PrimitiveArrayPool$Key::<init> (15 bytes)
[1.681s][info][jit,compilation] 2809       3       org.apache.parquet.format.DictionaryPageHeader$DictionaryPageHeaderStandardScheme::<init> (5 bytes)   made not entrant: not used
[1.696s][info][jit,compilation] 3274  s    3       org.weakref.nitro.data.PrimitiveArrayPool::borrow (155 bytes)
[1.702s][info][jit,compilation] 3275       3       java.util.IdentityHashMap::nextKeyIndex (15 bytes)
[1.735s][info][jit,compilation] 3276       4       org.weakref.nitro.parquet.ColumnReader::decompress (391 bytes)
[1.745s][info][jit,compilation] 2839       3       org.weakref.nitro.parquet.ColumnReader::decompress (391 bytes)   made not entrant: not used
[1.745s][info][jit,compilation] 3277       4       io.airlift.compress.v3.snappy.SnappyNativeDecompressor::decompress (25 bytes)
[1.745s][info][jit,compilation] 2858       3       io.airlift.compress.v3.snappy.SnappyNativeDecompressor::decompress (25 bytes)   made not entrant: not used
[1.745s][info][jit,compilation] 3279       4       org.weakref.nitro.parquet.DecompressedPageCache::reserve (151 bytes)
[1.749s][info][jit,compilation] 2857       3       org.weakref.nitro.parquet.DecompressedPageCache::reserve (151 bytes)   made not entrant: not used
[1.749s][info][jit,compilation] 3278       4       org.weakref.nitro.parquet.DecompressedPageCache::lookup (82 bytes)
[1.753s][info][jit,compilation] 2854       3       org.weakref.nitro.parquet.DecompressedPageCache::lookup (82 bytes)   made not entrant: not used
[1.755s][info][jit,compilation] 3280       3       java.util.Arrays::fill (21 bytes)
[1.792s][info][jit,compilation] 3281       4       jdk.internal.util.ArraysSupport::mismatch (71 bytes)
[1.793s][info][jit,compilation] 1124       3       jdk.internal.util.ArraysSupport::mismatch (71 bytes)   made not entrant: not used
[1.800s][info][jit,compilation] 3282       4       java.lang.Enum::hashCode (21 bytes)
[1.801s][info][jit,compilation] 2040       3       java.lang.Enum::hashCode (21 bytes)   made not entrant: not used
[1.820s][info][jit,compilation] 3283       3       java.lang.invoke.Invokers$Holder::linkToTargetMethod (10 bytes)
[1.820s][info][jit,compilation] 3284       3       java.lang.runtime.ObjectMethods::eq (11 bytes)
[1.827s][info][jit,compilation] 3285       3       java.util.ArrayDeque::dec (13 bytes)
[1.835s][info][jit,compilation] 3286       3       java.lang.invoke.DirectMethodHandle$Holder::invokeSpecial (15 bytes)
[1.894s][info][jit,compilation] 3287       3       java.util.HashMap::remove (26 bytes)
[1.894s][info][jit,compilation] 3288       3       java.lang.Integer::compare (20 bytes)
[1.932s][info][jit,compilation] 3289       4       java.util.Comparators$NaturalOrderComparator::compare (13 bytes)
[1.932s][info][jit,compilation] 3290       3       java.util.stream.StreamOpFlag::isKnown (19 bytes)
[1.934s][info][jit,compilation] 1125       3       java.util.Comparators$NaturalOrderComparator::compare (13 bytes)   made not entrant: not used
[1.961s][info][jit,compilation] 3291       4       java.util.ImmutableCollections$List12::get (35 bytes)
[1.961s][info][jit,compilation] 3292       3       java.util.HashMap::calculateHashMapCapacity (11 bytes)
[1.961s][info][jit,compilation]  316       3       java.util.ImmutableCollections$List12::get (35 bytes)   made not entrant: not used
[1.962s][info][jit,compilation] 3293       3       java.lang.invoke.LambdaForm$MH/0x00000000911ecc00::invoke (27 bytes)
[1.962s][info][jit,compilation] 3294       3       java.lang.invoke.LambdaForm$MH/0x00000000911edc00::invoke (120 bytes)
[1.964s][info][jit,compilation] 3295       3       java.lang.invoke.LambdaForm$MH/0x00000000911ed000::invoke (48 bytes)
[1.964s][info][jit,compilation] 3296       3       java.lang.runtime.ObjectMethods::eq (11 bytes)
[1.983s][info][jit,compilation] 3297       3       org.weakref.nitro.data.PrimitiveArrayPool$Key::equals (8 bytes)
[1.984s][info][jit,compilation] 3298       3       org.weakref.nitro.data.PrimitiveArrayPool$Key$$EqualatorSpecializer/0x0000000091201fe0::equalator0 (18 bytes)
[2.037s][info][jit,compilation] 3299       4       java.lang.invoke.LambdaForm$MH/0x0000000091102000::invoke (35 bytes)
[2.037s][info][jit,compilation] 3301       2       java.lang.invoke.DelegatingMethodHandle$Holder::delegate (17 bytes)
[2.038s][info][jit,compilation] 2765       3       java.lang.invoke.LambdaForm$MH/0x0000000091102000::invoke (35 bytes)   made not entrant: not used
[2.038s][info][jit,compilation] 3300 %     4       org.weakref.nitro.data.BooleanVector::isAllFalse @ 25 (66 bytes)
[2.040s][info][jit,compilation] 3245 %     3       org.weakref.nitro.data.BooleanVector::isAllFalse @ 25 (66 bytes)   made not entrant: OSR invalidation of lower level
[2.075s][info][jit,compilation] 3302       3       java.util.HashMap::clear (50 bytes)
[2.075s][info][jit,compilation] 3303       4       java.lang.ThreadLocal::getMap (17 bytes)
[2.075s][info][jit,compilation] 3305       3       java.util.TimSort::binarySort (223 bytes)
[2.075s][info][jit,compilation] 3306       3       java.util.stream.SpinedBuffer::accept (94 bytes)
[2.075s][info][jit,compilation] 2171       2       java.util.stream.SpinedBuffer::accept (94 bytes)   made not entrant: not used
[2.076s][info][jit,compilation]  420       3       java.lang.ThreadLocal::getMap (17 bytes)   made not entrant: not used
[2.076s][info][jit,compilation] 3304       4       java.lang.ThreadLocal$ThreadLocalMap::getEntry (42 bytes)
[2.076s][info][jit,compilation]  459       3       java.lang.ThreadLocal$ThreadLocalMap::getEntry (42 bytes)   made not entrant: not used
[2.105s][info][jit,compilation] 3307       4       org.apache.parquet.format.DictionaryPageHeader::isSetNum_values (9 bytes)
[2.105s][info][jit,compilation] 3120       3       org.apache.parquet.format.DictionaryPageHeader::isSetNum_values (9 bytes)   made not entrant: not used
[2.181s][info][jit,compilation] 3311       4       org.weakref.nitro.data.BooleanVector::isAllFalse (66 bytes)
[2.181s][info][jit,compilation] 3309       1       org.weakref.nitro.operator.evaluator.ir.Assignment::operation (5 bytes)
[2.181s][info][jit,compilation] 3310       3       java.util.stream.AbstractPipeline::sourceSpliterator (262 bytes)
[2.183s][info][jit,compilation] 3262       3       org.weakref.nitro.data.BooleanVector::isAllFalse (66 bytes)   made not entrant: not used
[2.183s][info][jit,compilation] 3308       4       java.lang.invoke.DirectMethodHandle$Holder::invokeStatic (15 bytes)
[2.183s][info][jit,compilation] 2735       2       java.lang.invoke.DirectMethodHandle$Holder::invokeStatic (15 bytes)   made not entrant: not used
[2.218s][info][jit,compilation] 3312       1       java.util.Spliterators$IteratorSpliterator::characteristics (5 bytes)
[2.218s][info][jit,compilation] 3313       3       java.lang.reflect.Array::newInstance (6 bytes)
[2.247s][info][jit,compilation] 3314       3       java.util.RegularEnumSet$EnumSetIterator::hasNext (15 bytes)
[2.247s][info][jit,compilation] 3315       3       java.lang.invoke.LambdaForm$MH/0x00000000911ed400::reinvoke (24 bytes)
[2.249s][info][jit,compilation] 3316     n 0       jdk.internal.misc.Unsafe::allocateMemory0 (native)   
[2.254s][info][jit,compilation] 3317  s    3       org.weakref.nitro.data.PrimitiveArrayPool::release (22 bytes)
[2.262s][info][jit,compilation] 3318       4       org.apache.parquet.format.DataPageHeader$DataPageHeaderStandardScheme::<init> (5 bytes)
[2.262s][info][jit,compilation] 3117       3       org.apache.parquet.format.DataPageHeader$DataPageHeaderStandardScheme::<init> (5 bytes)   made not entrant: not used
[2.303s][info][jit,compilation] 3319       4       org.weakref.nitro.parquet.RleReader::consumeIfAllOnes (176 bytes)
[2.306s][info][jit,compilation] 2866       3       org.weakref.nitro.parquet.RleReader::consumeIfAllOnes (176 bytes)   made not entrant: not used
[2.306s][info][jit,compilation] 3320       4       org.weakref.nitro.parquet.ColumnReader::decodeDataPageV1 (828 bytes)
[2.312s][info][jit,compilation] 2865       3       org.weakref.nitro.parquet.ColumnReader::decodeDataPageV1 (828 bytes)   made not entrant: not used
[2.323s][info][jit,compilation] 3321 %     4       java.util.Arrays::fill @ 5 (21 bytes)
[2.323s][info][jit,compilation] 3322       1       java.util.AbstractMap$SimpleImmutableEntry::getKey (5 bytes)
[2.323s][info][jit,compilation] 3323       3       java.util.HashMap::afterNodeRemoval (1 bytes)
[2.326s][info][jit,compilation] 3259 %     3       java.util.Arrays::fill @ 5 (21 bytes)   made not entrant: OSR invalidation of lower level
[2.331s][info][jit,compilation] 3324       4       org.apache.parquet.format.DictionaryPageHeader::setNum_valuesIsSet (14 bytes)
[2.331s][info][jit,compilation] 3121       3       org.apache.parquet.format.DictionaryPageHeader::setNum_valuesIsSet (14 bytes)   made not entrant: not used
[2.331s][info][jit,compilation] 3325       4       org.apache.parquet.format.DictionaryPageHeader::setEncodingIsSet (10 bytes)
[2.331s][info][jit,compilation] 3122       3       org.apache.parquet.format.DictionaryPageHeader::setEncodingIsSet (10 bytes)   made not entrant: not used
[2.331s][info][jit,compilation] 3326       4       org.apache.parquet.format.DictionaryPageHeader::setIs_sortedIsSet (14 bytes)
[2.332s][info][jit,compilation] 3123       3       org.apache.parquet.format.DictionaryPageHeader::setIs_sortedIsSet (14 bytes)   made not entrant: not used
[2.355s][info][jit,compilation] 3327  s    3       org.weakref.nitro.data.PrimitiveArrayPool::release (26 bytes)
[2.356s][info][jit,compilation] 3328     n 0       jdk.internal.misc.Unsafe::freeMemory0 (native)   
[2.361s][info][jit,compilation] 3329       3       java.util.HashMap::removeNode (291 bytes)
[2.361s][info][jit,compilation] 3330       1       java.util.concurrent.locks.AbstractOwnableSynchronizer::setExclusiveOwnerThread (6 bytes)
[2.361s][info][jit,compilation] 3331       1       java.util.concurrent.locks.AbstractOwnableSynchronizer::getExclusiveOwnerThread (5 bytes)
[2.361s][info][jit,compilation] 3334       3       java.io.ObjectOutputStream$HandleTable::lookup (56 bytes)
[2.361s][info][jit,compilation] 3337     n 0       jdk.internal.misc.Unsafe::putInt (native)   
[2.361s][info][jit,compilation] 3335       3       java.io.ObjectOutputStream$BlockDataOutputStream::setBlockDataMode (35 bytes)
[2.361s][info][jit,compilation] 3336       3       java.io.ObjectOutputStream$HandleTable::insert (39 bytes)
[2.361s][info][jit,compilation] 3332       1       java.io.ObjectStreamClass::getPrimDataSize (5 bytes)
[2.361s][info][jit,compilation] 3333       1       java.io.ObjectStreamClass::getNumObjFields (5 bytes)
[2.361s][info][jit,compilation] 2714       4       java.lang.invoke.DirectMethodHandle::internalMemberName (8 bytes)   made not entrant: uncommon trap
[2.362s][info][jit,compilation] 3338       4       java.util.ArrayList::elementAt (4 bytes)
[2.362s][info][jit,compilation] 3035       3       java.util.ArrayList::elementAt (4 bytes)   made not entrant: not used
[2.379s][info][jit,compilation] 3339       4       java.lang.ThreadLocal::getCarrierThreadLocal (29 bytes)
[2.380s][info][jit,compilation]  424       3       java.lang.ThreadLocal::getCarrierThreadLocal (29 bytes)   made not entrant: not used
[2.391s][info][jit,compilation] 3340       3       java.lang.invoke.LambdaForm$MH/0x00000000911ec400::invoke (8 bytes)
[2.466s][info][jit,compilation] 3341       4       java.util.Arrays::fill (21 bytes)
[2.466s][info][jit,compilation] 3342       3       com.google.common.base.Preconditions::checkArgument (17 bytes)
[2.467s][info][jit,compilation] 3280       3       java.util.Arrays::fill (21 bytes)   made not entrant: not used
[2.477s][info][jit,compilation] 3343       3       org.weakref.nitro.parquet.ColumnReader::ensurePageNullCapacity (30 bytes)
[2.504s][info][jit,compilation] 3344       3       java.util.ImmutableCollections$AbstractImmutableList::<init> (5 bytes)
[2.504s][info][jit,compilation] 3345       3       java.util.Collection::stream (11 bytes)
[2.533s][info][jit,compilation] 3346       4       java.util.HashSet::add (20 bytes)
[2.534s][info][jit,compilation] 3347  s    3       org.weakref.nitro.data.PrimitiveArrayPool::release (26 bytes)
[2.537s][info][jit,compilation]  161       3       java.util.HashSet::add (20 bytes)   made not entrant: not used
[2.608s][info][jit,compilation] 3348       3       java.util.ArrayDeque::isEmpty (17 bytes)
[2.674s][info][jit,compilation] 3349       4       org.weakref.nitro.parquet.ParquetFile::rowGroups (8 bytes)
[2.674s][info][jit,compilation] 3351       3       java.util.Optional::of (12 bytes)
[2.674s][info][jit,compilation] 3201       3       org.weakref.nitro.parquet.ParquetFile::rowGroups (8 bytes)   made not entrant: not used
[2.674s][info][jit,compilation] 3350       4       org.weakref.nitro.parquet.ParquetFile::numRows (8 bytes)
[2.674s][info][jit,compilation] 3202       3       org.weakref.nitro.parquet.ParquetFile::numRows (8 bytes)   made not entrant: not used
[2.674s][info][jit,compilation] 3352       3       java.lang.invoke.LambdaForm$MH/0x0000000091204000::invoke (48 bytes)
[2.676s][info][jit,compilation] 3353       3       java.util.IdentityHashMap::put (137 bytes)
[2.747s][info][jit,compilation] 3354       4       java.lang.invoke.LambdaForm$MH/0x0000000091102c00::invoke (54 bytes)
[2.747s][info][jit,compilation] 2719       2       java.lang.invoke.LambdaForm$MH/0x0000000091102c00::invoke (54 bytes)   made not entrant: not used
[2.747s][info][jit,compilation] 3355       4       java.lang.runtime.ObjectMethods::hashCombiner (7 bytes)
[2.748s][info][jit,compilation] 2734       2       java.lang.runtime.ObjectMethods::hashCombiner (7 bytes)   made not entrant: not used
[2.803s][info][jit,compilation] 3356       4       org.apache.parquet.format.RowGroup::scheme (28 bytes)
[2.804s][info][jit,compilation] 3144       3       org.apache.parquet.format.RowGroup::scheme (28 bytes)   made not entrant: not used
[2.810s][info][jit,compilation] 3357       3       java.util.Map::of (4 bytes)
[2.845s][info][jit,compilation] 3358       4       org.weakref.nitro.parquet.ColumnReader::advanceChunk (117 bytes)
[2.846s][info][jit,compilation] 2906       3       org.weakref.nitro.parquet.ColumnReader::advanceChunk (117 bytes)   made not entrant: not used
[2.945s][info][jit,compilation] 3359       4       org.weakref.nitro.parquet.ParquetFile::columnChunk (17 bytes)
[2.945s][info][jit,compilation] 3361       3       java.util.HashSet::isEmpty (8 bytes)
[2.946s][info][jit,compilation] 2988       3       org.weakref.nitro.parquet.ParquetFile::columnChunk (17 bytes)   made not entrant: not used
[2.946s][info][jit,compilation] 3360       4       org.weakref.nitro.parquet.ColumnReader::addChunk (46 bytes)
[2.949s][info][jit,compilation] 2989       3       org.weakref.nitro.parquet.ColumnReader::addChunk (46 bytes)   made not entrant: not used
[2.974s][info][jit,compilation] 3362       3       java.util.ArrayDeque::pollLast (36 bytes)
[3.018s][info][jit,compilation] 3363       3       java.util.IdentityHashMap::remove (102 bytes)
[3.018s][info][jit,compilation] 3364       3       java.util.IdentityHashMap::closeDeletion (107 bytes)
[3.081s][info][jit,compilation] 3365       3       java.util.Collections::newSetFromMap (29 bytes)
[3.081s][info][jit,compilation] 3366       3       java.util.Collections$SetFromMap::<init> (20 bytes)
[3.088s][info][jit,compilation] 3367       3       org.weakref.nitro.data.PrimitiveArrayPool::unlink (69 bytes)
[3.153s][info][jit,compilation] 3368       1       org.weakref.nitro.operator.evaluator.ir.Call::arguments (5 bytes)
[3.185s][info][jit,compilation] 3369       3       java.util.IdentityHashMap::clear (39 bytes)
[3.214s][info][jit,compilation] 3370       4       org.apache.parquet.format.RowGroup$RowGroupStandardScheme::<init> (5 bytes)
[3.215s][info][jit,compilation] 3147       3       org.apache.parquet.format.RowGroup$RowGroupStandardScheme::<init> (5 bytes)   made not entrant: not used
[3.215s][info][jit,compilation] 3371       4       org.apache.parquet.format.RowGroup$RowGroupStandardScheme::read (10 bytes)
[3.215s][info][jit,compilation] 3149       3       org.apache.parquet.format.RowGroup$RowGroupStandardScheme::read (10 bytes)   made not entrant: not used
[3.217s][info][jit,compilation] 3372       3       java.util.RegularEnumSet$EnumSetIterator::next (5 bytes)
[3.217s][info][jit,compilation] 3373       3       java.util.RegularEnumSet$EnumSetIterator::next (60 bytes)
[3.245s][info][jit,compilation] 3374       3       java.util.IdentityHashMap::containsKey (55 bytes)
[3.245s][info][jit,compilation] 3375  s    3       org.weakref.nitro.data.PrimitiveArrayPool::borrowBooleans (29 bytes)
[3.273s][info][jit,compilation] 3376       4       org.weakref.nitro.parquet.ColumnReader::decodeDictionary (397 bytes)
[3.277s][info][jit,compilation] 2907       3       org.weakref.nitro.parquet.ColumnReader::decodeDictionary (397 bytes)   made not entrant: not used
[3.289s][info][jit,compilation] 3377       3       org.weakref.nitro.operator.NitroParquetScanOperator::isFilterColumn (15 bytes)
[3.289s][info][jit,compilation] 3378       3       org.weakref.nitro.data.Allocator$Context::hashCode (7 bytes)
[3.289s][info][jit,compilation] 3379       3       org.weakref.nitro.data.Allocator$Context$$HasherSpecializer/0x00000000911e8fa0::hasher1 (11 bytes)
[3.320s][info][jit,compilation] 3380       3       org.weakref.nitro.data.PrimitiveArrayPool$$Lambda/0x00000000911f2108::apply (8 bytes)
[3.320s][info][jit,compilation] 3381       3       org.weakref.nitro.data.PrimitiveArrayPool::lambda$retain$0 (8 bytes)
[3.323s][info][jit,compilation] 3382       3       java.util.stream.ReferencePipeline$Head::<init> (8 bytes)
[3.323s][info][jit,compilation] 3383       3       java.util.stream.ReferencePipeline::<init> (8 bytes)
[3.365s][info][jit,compilation] 3384  s    3       org.weakref.nitro.data.PrimitiveArrayPool::borrowLongs (29 bytes)
[3.459s][info][jit,compilation] 3385       1       java.util.concurrent.locks.AbstractQueuedSynchronizer::setState (6 bytes)
[3.459s][info][jit,compilation] 3386       3       java.lang.ClassValue::get (31 bytes)
[3.459s][info][jit,compilation] 3387       3       java.lang.ClassValue::getCacheCarefully (20 bytes)
[3.459s][info][jit,compilation] 3388       3       java.io.ClassCache::get (56 bytes)
[3.459s][info][jit,compilation] 3389       4       java.util.concurrent.locks.ReentrantReadWriteLock$Sync::exclusiveCount (7 bytes)
[3.460s][info][jit,compilation] 3032       3       java.util.concurrent.locks.ReentrantReadWriteLock$Sync::exclusiveCount (7 bytes)   made not entrant: not used
[3.567s][info][jit,compilation] 3391       3       org.weakref.nitro.data.Allocator::state (63 bytes)
[3.567s][info][jit,compilation] 3390       1       java.util.AbstractMap$SimpleImmutableEntry::getValue (5 bytes)
[3.606s][info][jit,compilation] 3392       4       shaded.parquet.org.apache.thrift.protocol.TCompactProtocol::readI16 (10 bytes)
[3.607s][info][jit,compilation] 3251       3       shaded.parquet.org.apache.thrift.protocol.TCompactProtocol::readI16 (10 bytes)   made not entrant: not used
[3.758s][info][jit,compilation] 3393       4       jdk.internal.ref.PhantomCleanable::<init> (90 bytes)
[3.760s][info][jit,compilation]  355       3       jdk.internal.ref.PhantomCleanable::<init> (90 bytes)   made not entrant: not used
[3.838s][info][jit,compilation] 3394       4       java.lang.invoke.DirectMethodHandle$Holder::invokeStatic (14 bytes)
[3.838s][info][jit,compilation] 3395       3       java.lang.Integer::compareTo (9 bytes)
[3.838s][info][jit,compilation] 3396       3       java.lang.Integer::compareTo (12 bytes)
[3.838s][info][jit,compilation] 2721       2       java.lang.invoke.DirectMethodHandle$Holder::invokeStatic (14 bytes)   made not entrant: not used
[3.899s][info][jit,compilation] 3397       3       java.util.HashMap::<init> (8 bytes)
[4.022s][info][jit,compilation] 3398       4       sun.nio.fs.NativeBuffers::copyCStringToNativeBuffer (66 bytes)
[4.023s][info][jit,compilation] 1829       3       sun.nio.fs.NativeBuffers::copyCStringToNativeBuffer (66 bytes)   made not entrant: not used
[4.032s][info][jit,compilation] 3399       3       jdk.internal.foreign.Utils::checkNonNegativeArgument (43 bytes)
[4.032s][info][jit,compilation] 3401       1       org.weakref.nitro.operator.evaluator.ir.EvaluationPlan::assignments (5 bytes)
[4.032s][info][jit,compilation] 3402       1       org.weakref.nitro.operator.evaluator.ir.Assignment::output (5 bytes)
[4.032s][info][jit,compilation] 3400       3       jdk.internal.misc.Unsafe::allocateMemory (65 bytes)
[4.038s][info][jit,compilation] 3403       3       jdk.internal.foreign.ArenaImpl::allocate (7 bytes)
[4.038s][info][jit,compilation] 3404       3       jdk.internal.foreign.ArenaImpl::allocate (15 bytes)
[4.038s][info][jit,compilation] 3405       3       jdk.internal.foreign.SegmentFactories$1::<init> (27 bytes)
[4.104s][info][jit,compilation] 3406       3       java.util.IdentityHashMap::isEmpty (13 bytes)
[4.104s][info][jit,compilation] 3408       1       org.weakref.nitro.operator.evaluator.ir.Call::name (5 bytes)
[4.104s][info][jit,compilation] 3407       1       org.weakref.nitro.data.Mask::all (5 bytes)
[4.104s][info][jit,compilation] 3409       1       org.weakref.nitro.data.I64Vector::poolFamily (3 bytes)
[4.136s][info][jit,compilation] 3410       3       jdk.internal.misc.Unsafe::freeMemory (18 bytes)
[4.136s][info][jit,compilation] 3411       3       jdk.internal.misc.Unsafe::freeMemoryChecks (7 bytes)
[4.139s][info][jit,compilation] 3412       1       java.util.AbstractList$RandomAccessSpliterator::characteristics (4 bytes)
[4.160s][info][jit,compilation] 3413       4       java.nio.channels.spi.AbstractInterruptibleChannel::begin (38 bytes)
[4.160s][info][jit,compilation] 2984       3       java.nio.channels.spi.AbstractInterruptibleChannel::begin (38 bytes)   made not entrant: not used
[4.162s][info][jit,compilation] 3414       4       java.nio.channels.spi.AbstractInterruptibleChannel::end (68 bytes)
[4.162s][info][jit,compilation] 2962       3       java.nio.channels.spi.AbstractInterruptibleChannel::end (68 bytes)   made not entrant: not used
[4.238s][info][jit,compilation] 3415       3       java.util.ArrayDeque::removeLast (19 bytes)
[4.283s][info][jit,compilation] 3416   !   4       sun.nio.ch.NativeThreadSet::add (177 bytes)
[4.285s][info][jit,compilation] 2985   !   3       sun.nio.ch.NativeThreadSet::add (177 bytes)   made not entrant: not used
[4.371s][info][jit,compilation] 3417       3       java.util.TreeMap::compare (32 bytes)
[4.505s][info][jit,compilation] 3418       3       org.weakref.nitro.operator.Streams::getOrNull (69 bytes)
[4.539s][info][jit,compilation] 3419       3       jdk.internal.misc.Unsafe::getAndAddInt (27 bytes)
[4.539s][info][jit,compilation] 3420       3       java.util.Optional::isPresent (13 bytes)
[4.539s][info][jit,compilation] 3421       3       java.lang.invoke.VarHandleByteArrayAsInts$ArrayHandle::set (38 bytes)
[4.540s][info][jit,compilation] 3424       3       java.io.ObjectOutputStream$BlockDataOutputStream::drain (45 bytes)
[4.540s][info][jit,compilation] 3422       3       jdk.internal.misc.Unsafe::putIntUnaligned (14 bytes)
[4.540s][info][jit,compilation] 3425       3       java.util.stream.Sink$ChainedReference::cancellationRequested (10 bytes)
[4.540s][info][jit,compilation] 3429       4       java.lang.invoke.Invokers::checkExactType (17 bytes)
[4.540s][info][jit,compilation] 3426       3       java.util.stream.ReferencePipeline::<init> (7 bytes)
[4.540s][info][jit,compilation] 3427       3       java.util.stream.AbstractPipeline::<init> (76 bytes)
[4.540s][info][jit,compilation] 3423       3       java.io.ObjectStreamClass::forClass (18 bytes)
[4.540s][info][jit,compilation] 3428       1       java.util.Spliterators$EmptySpliterator::characteristics (4 bytes)
[4.540s][info][jit,compilation] 1082       3       java.lang.invoke.Invokers::checkExactType (17 bytes)   made not entrant: not used
[4.554s][info][jit,compilation] 3430       4       java.util.HashMap$KeyIterator::next (8 bytes)
[4.555s][info][jit,compilation]  177       3       java.util.HashMap$KeyIterator::next (8 bytes)   made not entrant: not used
[4.567s][info][jit,compilation] 3432       3       java.util.AbstractCollection::addAll (42 bytes)
[4.568s][info][jit,compilation] 3431       3       java.util.HashMap::newHashMap (44 bytes)
[4.639s][info][jit,compilation] 3433       3       java.util.HashMap::afterNodeAccess (1 bytes)
[4.806s][info][jit,compilation] 3434       3       java.lang.System::getProperty (12 bytes)
[4.813s][info][jit,compilation] 3435       4       java.lang.ref.Cleaner::register (25 bytes)
[4.815s][info][jit,compilation]  413       3       java.lang.ref.Cleaner::register (25 bytes)   made not entrant: not used
[4.831s][info][jit,compilation] 3436   !   4       sun.nio.ch.NativeThreadSet::remove (132 bytes)
[4.832s][info][jit,compilation] 2953   !   3       sun.nio.ch.NativeThreadSet::remove (132 bytes)   made not entrant: not used
[4.906s][info][jit,compilation] 3437       3       java.util.ArrayDeque::removeFirst (19 bytes)
[4.906s][info][jit,compilation] 3438       3       org.weakref.nitro.operator.evaluator.ir.Variable::hashCode (7 bytes)
[4.906s][info][jit,compilation] 3439       1       org.weakref.nitro.data.I64Vector::values (5 bytes)
[4.906s][info][jit,compilation] 3440       1       org.weakref.nitro.data.Mask::trackedInUse (5 bytes)
[4.941s][info][jit,compilation] 3441       3       java.util.Spliterator::getExactSizeIfKnown (25 bytes)
[4.941s][info][jit,compilation] 3442       3       java.util.stream.Sink$ChainedReference::<init> (16 bytes)
[5.041s][info][jit,compilation] 3443       3       com.google.common.base.Preconditions::checkArgument (25 bytes)
[5.075s][info][jit,compilation] 3444       4       sun.nio.fs.UnixPath::getByteArrayForSysCalls (48 bytes)
[5.076s][info][jit,compilation] 3266       3       sun.nio.fs.UnixPath::getByteArrayForSysCalls (48 bytes)   made not entrant: not used
[5.076s][info][jit,compilation] 3445       4       sun.nio.fs.NativeBuffers::releaseNativeBuffer (97 bytes)
[5.077s][info][jit,compilation] 3269       3       sun.nio.fs.NativeBuffers::releaseNativeBuffer (97 bytes)   made not entrant: not used
[5.175s][info][jit,compilation] 3446       1       java.util.TreeMap$Entry::getKey (5 bytes)
[5.175s][info][jit,compilation] 3447       1       java.util.TreeMap$Entry::getValue (5 bytes)
[5.175s][info][jit,compilation] 3448       3       java.util.TreeMap$Entry::<init> (25 bytes)
[5.209s][info][jit,compilation] 3449       4       java.util.stream.ReferencePipeline$2$1::accept (24 bytes)
[5.209s][info][jit,compilation] 3264       3       java.util.stream.ReferencePipeline$2$1::accept (24 bytes)   made not entrant: not used
[5.236s][info][jit,compilation] 3450       4       sun.nio.fs.UnixPath::normalize (520 bytes)
[5.243s][info][jit,compilation] 3109       3       sun.nio.fs.UnixPath::normalize (520 bytes)   made not entrant: not used
[5.308s][info][jit,compilation] 3451       3       java.util.IdentityHashMap::init (11 bytes)
[5.349s][info][jit,compilation] 3452       4       jdk.internal.foreign.MappedMemorySegmentImpl::<init> (17 bytes)
[5.350s][info][jit,compilation] 2811       3       jdk.internal.foreign.MappedMemorySegmentImpl::<init> (17 bytes)   made not entrant: not used
[5.443s][info][jit,compilation] 3453       3       java.util.IdentityHashMap::<init> (11 bytes)
[5.443s][info][jit,compilation] 3454       4       java.util.AbstractSet::<init> (5 bytes)
[5.443s][info][jit,compilation]  195       3       java.util.AbstractSet::<init> (5 bytes)   made not entrant: not used
[5.578s][info][jit,compilation] 3455       3       org.weakref.nitro.data.Allocator$ContextState::compatibilityActive (17 bytes)
[5.578s][info][jit,compilation] 3456       3       org.weakref.nitro.operator.Output::checkOpen (19 bytes)
[5.578s][info][jit,compilation] 3457       3       org.weakref.nitro.operator.Output::streamFlag (56 bytes)
[5.612s][info][jit,compilation] 3459       3       java.util.stream.StreamSupport::stream (19 bytes)
[5.612s][info][jit,compilation] 3458       3       java.util.Collections::emptyList (4 bytes)
[5.612s][info][jit,compilation] 3460       3       java.io.ObjectOutputStream::writeHandle (22 bytes)
[5.612s][info][jit,compilation] 3461       3       java.util.stream.ReferencePipeline$StatelessOp::<init> (29 bytes)
[5.636s][info][jit,compilation] 3462  s    4       jdk.internal.ref.CleanerImpl$CleanableList::remove (211 bytes)
[5.638s][info][jit,compilation]  855  s    3       jdk.internal.ref.CleanerImpl$CleanableList::remove (211 bytes)   made not entrant: not used
[5.755s][info][jit,compilation] 3463       4       sun.nio.fs.UnixNativeDispatcher::copyToNativeBuffer (49 bytes)
[5.758s][info][jit,compilation] 3267       3       sun.nio.fs.UnixNativeDispatcher::copyToNativeBuffer (49 bytes)   made not entrant: not used
[5.758s][info][jit,compilation] 3464       4       sun.nio.fs.NativeBuffers::getNativeBufferFromCache (51 bytes)
[5.759s][info][jit,compilation] 3268       3       sun.nio.fs.NativeBuffers::getNativeBufferFromCache (51 bytes)   made not entrant: not used
[5.786s][info][jit,compilation] 3465       3       jdk.internal.foreign.SegmentFactories::allocateNativeSegment (27 bytes)
[5.786s][info][jit,compilation] 3466       3       jdk.internal.foreign.SegmentFactories::allocateNativeInternal (197 bytes)
[5.787s][info][jit,compilation] 3467       3       jdk.internal.foreign.Utils::checkAllocationSizeAndAlign (11 bytes)
[5.787s][info][jit,compilation] 3468       3       jdk.internal.foreign.Utils::checkAlign (44 bytes)
[5.787s][info][jit,compilation] 3469       3       jdk.internal.misc.VM::isDirectMemoryPageAligned (21 bytes)
[5.925s][info][jit,compilation] 3470       4       jdk.internal.ref.CleanerImpl$PhantomCleanableRef::performCleanup (10 bytes)
[5.926s][info][jit,compilation]  865       3       jdk.internal.ref.CleanerImpl$PhantomCleanableRef::performCleanup (10 bytes)   made not entrant: not used
[5.928s][info][jit,compilation] 3471       3       java.util.ImmutableCollections$SetN::<init> (90 bytes)
[6.058s][info][jit,compilation] 3472       4       java.util.HashMap$HashIterator::<init> (84 bytes)
[6.060s][info][jit,compilation]  944       3       java.util.HashMap$HashIterator::<init> (84 bytes)   made not entrant: not used
[6.149s][info][jit,compilation] 3473       3       java.util.HashSet::<init> (29 bytes)
[6.294s][info][jit,compilation] 3474       3       java.util.stream.AbstractPipeline::evaluate (94 bytes)
[6.294s][info][jit,compilation] 3475       3       java.util.stream.Sink::end (1 bytes)
[6.331s][info][jit,compilation] 3476       3       java.util.stream.Sink$ChainedReference::end (10 bytes)
[6.359s][info][jit,compilation] 3477       4       java.util.HashMap::<init> (11 bytes)
[6.359s][info][jit,compilation] 3478       1       org.weakref.nitro.parquet.ParquetFile$Column::optional (5 bytes)
[6.359s][info][jit,compilation] 3479       3       java.util.Set::copyOf (40 bytes)
[6.360s][info][jit,compilation]  194       3       java.util.HashMap::<init> (11 bytes)   made not entrant: not used
[6.360s][info][jit,compilation] 3480       1       org.weakref.nitro.operator.evaluator.ir.EvaluationPlan::streamPlans (5 bytes)
[6.421s][info][jit,compilation] 3481       3       org.weakref.nitro.operator.NitroParquetScanOperator::decodeFilterWindow (2005 bytes)
[6.423s][info][jit,compilation] 3482       3       org.weakref.nitro.operator.NitroParquetScanOperator::filterOrder (226 bytes)
[6.436s][info][jit,compilation] 3483       1       org.weakref.nitro.data.Allocator$Context::poolGroup (5 bytes)
[6.436s][info][jit,compilation] 3485       3       org.weakref.nitro.data.Allocator$Stats::acquire (46 bytes)
[6.436s][info][jit,compilation] 3484       1       org.weakref.nitro.data.Allocator$Context::compatibilityGroup (5 bytes)
[6.436s][info][jit,compilation] 3486       1       org.weakref.nitro.operator.evaluator.ir.Input::index (5 bytes)
[6.436s][info][jit,compilation] 3487       1       org.weakref.nitro.data.RleVector::values (5 bytes)
[6.436s][info][jit,compilation] 3488       1       org.weakref.nitro.operator.source.OperatorBatchSource::schema (5 bytes)
[6.436s][info][jit,compilation] 3489       1       org.weakref.nitro.data.BooleanVector::poolFamily (3 bytes)
[6.503s][info][jit,compilation] 3490       3       java.util.HashMap::isEmpty (13 bytes)
[6.581s][info][jit,compilation] 3491       3       java.util.TreeMap::addEntryToEmptyMap (37 bytes)
[6.618s][info][jit,compilation] 3492       3       java.util.Collections$SingletonSet::contains (9 bytes)
[6.618s][info][jit,compilation] 3494       3       java.lang.String::compareTo (63 bytes)
[6.619s][info][jit,compilation] 3495       3       java.lang.StringLatin1::compareTo (14 bytes)
[6.619s][info][jit,compilation] 3496       3       java.lang.StringLatin1::compareTo (41 bytes)
[6.619s][info][jit,compilation] 3497       3       jdk.internal.util.ByteArray::setInt (10 bytes)
[6.619s][info][jit,compilation] 3493       3       java.util.Collections::eq (22 bytes)
[6.619s][info][jit,compilation] 3499       3       java.util.stream.AbstractPipeline::wrapSink (37 bytes)
[6.619s][info][jit,compilation] 3498       3       java.util.stream.AbstractPipeline::wrapAndCopyInto (18 bytes)
[6.619s][info][jit,compilation] 3500       3       java.util.stream.AbstractPipeline::copyInto (54 bytes)
[6.630s][info][jit,compilation] 3501       4       java.util.HashMap::keySet (25 bytes)
[6.630s][info][jit,compilation]  172       3       java.util.HashMap::keySet (25 bytes)   made not entrant: not used
[6.632s][info][jit,compilation] 3502       4       java.util.HashSet::iterator (13 bytes)
[6.636s][info][jit,compilation]  175       3       java.util.HashSet::iterator (13 bytes)   made not entrant: not used
[6.905s][info][jit,compilation] 3503       3       java.util.HashMap::computeIfAbsent (330 bytes)
[6.906s][info][jit,compilation] 2083       2       java.util.HashMap::computeIfAbsent (330 bytes)   made not entrant: not used
[6.933s][info][jit,compilation] 3504       3       java.util.RegularEnumSet::add (9 bytes)
[6.934s][info][jit,compilation] 3505       3       java.util.RegularEnumSet::add (40 bytes)
[7.154s][info][jit,compilation] 3506       3       org.weakref.nitro.operator.Batch::checkOpen (18 bytes)
[7.190s][info][jit,compilation] 3507       3       java.util.TimSort::countRunAndMakeAscending (128 bytes)
[7.192s][info][jit,compilation] 3508       4       java.lang.ref.PhantomReference::clearImpl (5 bytes)
[7.193s][info][jit,compilation]  857       3       java.lang.ref.PhantomReference::clearImpl (5 bytes)   made not entrant: not used
[7.219s][info][jit,compilation] 3509       4       jdk.internal.foreign.MemorySessionImpl::addInternal (13 bytes)
[7.219s][info][jit,compilation] 3045       3       jdk.internal.foreign.MemorySessionImpl::addInternal (13 bytes)   made not entrant: not used
[7.219s][info][jit,compilation] 3510       4       jdk.internal.foreign.ConfinedSession$ConfinedResourceList::add (46 bytes)
[7.220s][info][jit,compilation] 3046       3       jdk.internal.foreign.ConfinedSession$ConfinedResourceList::add (46 bytes)   made not entrant: not used
[7.220s][info][jit,compilation] 3511       1       java.util.stream.Node::getChildCount (2 bytes)
[7.328s][info][jit,compilation] 3512       3       java.util.HashMap::values (25 bytes)
[7.428s][info][jit,compilation] 3513       3       java.util.TreeMap::getEntry (77 bytes)
[7.428s][info][jit,compilation] 3514       3       java.util.ArrayDeque::size (17 bytes)
[7.429s][info][jit,compilation] 3515       3       java.util.ArrayDeque::sub (14 bytes)
[7.490s][info][jit,compilation] 3516       4       java.util.HashMap::merge (346 bytes)
[7.490s][info][jit,compilation] 3517       3       org.weakref.nitro.parquet.ColumnReader::peekDictionarySize (137 bytes)
[7.492s][info][jit,compilation] 3064       3       java.util.HashMap::merge (346 bytes)   made not entrant: not used
[7.562s][info][jit,compilation] 3518       3       org.weakref.nitro.data.Allocator::maskBytes (19 bytes)
[7.594s][info][jit,compilation] 3519       3       jdk.internal.foreign.SegmentFactories$1::cleanup (34 bytes)
[7.597s][info][jit,compilation] 3520       3       org.weakref.nitro.operator.evaluator.ir.Reference::<init> (15 bytes)
[7.597s][info][jit,compilation] 3521       4       sun.nio.fs.Util::followLinks (66 bytes)
[7.597s][info][jit,compilation] 2916       3       sun.nio.fs.Util::followLinks (66 bytes)   made not entrant: not used
[7.625s][info][jit,compilation] 3522       3       org.weakref.nitro.core.type.Schema::size (10 bytes)
[7.697s][info][jit,compilation] 3523       3       org.weakref.nitro.data.Mask::none (13 bytes)
[7.697s][info][jit,compilation] 3525       3       org.weakref.nitro.operator.Streams::get (29 bytes)
[7.697s][info][jit,compilation] 3524       3       org.weakref.nitro.operator.Output::resolvedStream (64 bytes)
[7.697s][info][jit,compilation] 3526       3       org.weakref.nitro.data.Allocator::releaseIfPresent (23 bytes)
[7.728s][info][jit,compilation] 3527  s    3       org.weakref.nitro.data.PrimitiveArrayPool::release (22 bytes)
[7.731s][info][jit,compilation] 3528       3       java.util.stream.ReferencePipeline$Head::forEach (26 bytes)
[7.731s][info][jit,compilation] 3530   !   3       java.io.ObjectOutputStream::writeObject0 (620 bytes)
[7.731s][info][jit,compilation] 3534       4       sun.nio.fs.UnixPath::resolve (103 bytes)
[7.732s][info][jit,compilation] 3531       3       java.io.ObjectOutputStream$ReplaceTable::lookup (24 bytes)
[7.732s][info][jit,compilation] 3532  s    3       java.io.BufferedOutputStream::write (71 bytes)
[7.732s][info][jit,compilation] 3533       3       java.io.BufferedOutputStream::growIfNeeded (59 bytes)
[7.732s][info][jit,compilation] 3529       3       java.util.stream.AbstractPipeline::sourceStageSpliterator (94 bytes)
[7.733s][info][jit,compilation] 3031       3       sun.nio.fs.UnixPath::resolve (103 bytes)   made not entrant: not used
[7.733s][info][jit,compilation] 3535       4       java.util.concurrent.locks.AbstractQueuedLongSynchronizer::hasQueuedPredecessors (58 bytes)
[7.733s][info][jit,compilation] 3087       3       java.util.concurrent.locks.AbstractQueuedLongSynchronizer::hasQueuedPredecessors (58 bytes)   made not entrant: not used
[7.744s][info][jit,compilation] 3536   !   4       java.nio.channels.spi.AbstractInterruptibleChannel::close (37 bytes)
[7.747s][info][jit,compilation] 3235   !   3       java.nio.channels.spi.AbstractInterruptibleChannel::close (37 bytes)   made not entrant: not used
[7.758s][info][jit,compilation] 3537   !   4       java.util.AbstractList$RandomAccessSpliterator::get (17 bytes)
[7.758s][info][jit,compilation] 2978   !   3       java.util.AbstractList$RandomAccessSpliterator::get (17 bytes)   made not entrant: not used
[7.875s][info][jit,compilation] 3538       4       java.util.concurrent.locks.AbstractQueuedLongSynchronizer::signalNext (34 bytes)
[7.876s][info][jit,compilation] 3540       3       java.util.TimSort::mergeLo (659 bytes)
[7.876s][info][jit,compilation] 3088       3       java.util.concurrent.locks.AbstractQueuedLongSynchronizer::signalNext (34 bytes)   made not entrant: not used
[7.876s][info][jit,compilation] 3539       4       java.util.concurrent.locks.AbstractQueuedLongSynchronizer::acquireShared (22 bytes)
[7.876s][info][jit,compilation] 3090       3       java.util.concurrent.locks.AbstractQueuedLongSynchronizer::acquireShared (22 bytes)   made not entrant: not used
[7.881s][info][jit,compilation] 3541   !   4       sun.nio.fs.UnixNativeDispatcher::open (52 bytes)
[7.884s][info][jit,compilation] 3048   !   3       sun.nio.fs.UnixNativeDispatcher::open (52 bytes)   made not entrant: not used
[7.887s][info][jit,compilation] 3542       4       java.util.stream.Nodes$FixedNodeBuilder::accept (61 bytes)
[7.887s][info][jit,compilation] 3038       3       java.util.stream.Nodes$FixedNodeBuilder::accept (61 bytes)   made not entrant: not used
[7.888s][info][jit,compilation] 3542       4       java.util.stream.Nodes$FixedNodeBuilder::accept (61 bytes)   made not entrant: uncommon trap
[7.895s][info][jit,compilation] 3543       4       java.util.Collections::addAll (43 bytes)
[7.901s][info][jit,compilation] 3047       3       java.util.Collections::addAll (43 bytes)   made not entrant: not used
[7.901s][info][jit,compilation] 3544       4       org.apache.parquet.format.FileMetaData::scheme (28 bytes)
[7.902s][info][jit,compilation] 3057       3       org.apache.parquet.format.FileMetaData::scheme (28 bytes)   made not entrant: not used
[7.905s][info][jit,compilation] 3545       4       org.weakref.nitro.parquet.ParquetFile::column (61 bytes)
[7.907s][info][jit,compilation] 3066       3       org.weakref.nitro.parquet.ParquetFile::column (61 bytes)   made not entrant: not used
[8.017s][info][jit,compilation] 3546       4       jdk.internal.foreign.ArenaImpl::close (8 bytes)
[8.020s][info][jit,compilation] 3081       3       jdk.internal.foreign.ArenaImpl::close (8 bytes)   made not entrant: not used
[8.020s][info][jit,compilation] 3547       4       org.weakref.nitro.parquet.ParquetFile::close (10 bytes)
[8.024s][info][jit,compilation] 3084       3       org.weakref.nitro.parquet.ParquetFile::close (10 bytes)   made not entrant: not used
[8.030s][info][jit,compilation] 3548       4       org.apache.parquet.format.Util::readFileMetaData (17 bytes)
[8.033s][info][jit,compilation] 3270       3       org.apache.parquet.format.Util::readFileMetaData (17 bytes)   made not entrant: not used
[8.038s][info][jit,compilation] 3549       4       java.util.stream.Nodes$FixedNodeBuilder::accept (61 bytes)
[8.125s][info][jit,compilation] 3550       3       org.weakref.nitro.operator.Output::streamIndex (56 bytes)
[8.126s][info][jit,compilation] 3551       3       org.weakref.nitro.data.I64Vector::retainedBytes (11 bytes)
[8.161s][info][jit,compilation] 3552       3       java.util.stream.ReferencePipeline::filter (22 bytes)
[8.161s][info][jit,compilation] 3555   !   4       sun.nio.fs.UnixFileSystemProvider::readAttributesIfExists (46 bytes)
[8.161s][info][jit,compilation] 3553       3       java.util.stream.ReferencePipeline$2::<init> (22 bytes)
[8.162s][info][jit,compilation] 3554       3       java.util.stream.ReferencePipeline$2::opWrapSink (14 bytes)
[8.162s][info][jit,compilation] 3557       2       org.apache.parquet.format.FileMetaData$FileMetaDataStandardScheme::<init> (5 bytes)
[8.162s][info][jit,compilation] 3558       2       org.apache.parquet.format.FileMetaData$FileMetaDataStandardScheme::<init> (5 bytes)
[8.166s][info][jit,compilation] 3179   !   3       sun.nio.fs.UnixFileSystemProvider::readAttributesIfExists (46 bytes)   made not entrant: not used
[8.166s][info][jit,compilation] 3556   !   4       java.nio.file.Files$2::hasNext (23 bytes)
[8.174s][info][jit,compilation] 3183   !   3       java.nio.file.Files$2::hasNext (23 bytes)   made not entrant: not used
[8.190s][info][jit,compilation] 3559       4       org.weakref.nitro.parquet.DecompressedPageCache$Source::<init> (45 bytes)
[8.191s][info][jit,compilation] 3111       3       org.weakref.nitro.parquet.DecompressedPageCache$Source::<init> (45 bytes)   made not entrant: not used
[8.251s][info][jit,compilation] 3560       4       java.lang.Math::min (12 bytes)
[8.252s][info][jit,compilation]  702       3       java.lang.Math::min (12 bytes)   made not entrant: not used
[8.304s][info][jit,compilation] 3556   !   4       java.nio.file.Files$2::hasNext (23 bytes)   made not entrant: uncommon trap
[8.304s][info][jit,compilation] 3561   !   4       java.nio.file.Files::isRegularFile (35 bytes)
[8.309s][info][jit,compilation] 3216   !   3       java.nio.file.Files::isRegularFile (35 bytes)   made not entrant: not used
[8.312s][info][jit,compilation] 3562   !   4       sun.nio.ch.FileChannelImpl$Closer::run (28 bytes)
[8.313s][info][jit,compilation] 3188   !   3       sun.nio.ch.FileChannelImpl$Closer::run (28 bytes)   made not entrant: not used
[8.313s][info][jit,compilation] 3563       4       sun.nio.ch.FileChannelImpl::toProt (64 bytes)
[8.313s][info][jit,compilation] 3192       3       sun.nio.ch.FileChannelImpl::toProt (64 bytes)   made not entrant: not used
[8.446s][info][jit,compilation] 3564   !   4       java.nio.file.Files$2::hasNext (23 bytes)
[8.731s][info][jit,compilation] 3565       4       java.lang.invoke.DirectMethodHandle$Holder::fieldAccessCast (36 bytes)
[8.731s][info][jit,compilation] 3566     n 0       jdk.internal.misc.Unsafe::putReference (native)   
[8.732s][info][jit,compilation] 2771       3       java.lang.invoke.DirectMethodHandle$Holder::fieldAccessCast (36 bytes)   made not entrant: not used
[8.732s][info][jit,compilation] 3567       4       java.util.stream.SpinedBuffer::accept (94 bytes)
[8.734s][info][jit,compilation] 3306       3       java.util.stream.SpinedBuffer::accept (94 bytes)   made not entrant: not used
[8.873s][info][jit,compilation] 3568       3       java.util.HashMap$HashMapSpliterator::getFence (53 bytes)
[8.873s][info][jit,compilation] 3571   !   3       java.util.concurrent.ConcurrentHashMap::putVal (432 bytes)
[8.874s][info][jit,compilation] 3572       3       java.io.ObjectOutputStream$BlockDataOutputStream::writeInt (46 bytes)
[8.874s][info][jit,compilation] 3569       3       sun.management.spi.PlatformMBeanProvider$PlatformComponent::getMBeans (87 bytes)
[8.874s][info][jit,compilation] 3570       3       java.lang.management.ManagementFactory$$Lambda/0x0000000091070260::apply (12 bytes)
[8.874s][info][jit,compilation] 3573       3       java.util.Collections$UnmodifiableCollection::contains (11 bytes)
[8.902s][info][jit,compilation] 3574       3       java.util.HashMap$Values::iterator (12 bytes)
[8.902s][info][jit,compilation] 3575       3       java.util.HashMap$ValueIterator::<init> (13 bytes)
[9.019s][info][jit,compilation] 3576       3       java.util.AbstractList$RandomAccessSpliterator::getFence (46 bytes)
[9.131s][info][jit,compilation] 3577       4       java.util.HashMap::afterNodeRemoval (1 bytes)
[9.131s][info][jit,compilation] 3323       3       java.util.HashMap::afterNodeRemoval (1 bytes)   made not entrant: not used
[9.168s][info][jit,compilation] 3578       1       java.util.concurrent.locks.ReentrantReadWriteLock::writeLock (5 bytes)
[9.168s][info][jit,compilation] 3579       1       java.util.concurrent.locks.AbstractQueuedLongSynchronizer::setState (6 bytes)
[9.311s][info][jit,compilation] 3580       3       java.util.ImmutableCollections$List12::<init> (21 bytes)
[9.311s][info][jit,compilation] 3582       3       java.util.TimSort::mergeCollapse (134 bytes)
[9.311s][info][jit,compilation] 3581       3       java.util.TimSort::pushRun (31 bytes)
[9.339s][info][jit,compilation] 3583       4       org.apache.parquet.format.FileMetaData$FileMetaDataStandardScheme::read (10 bytes)
[9.339s][info][jit,compilation] 3189       3       org.apache.parquet.format.FileMetaData$FileMetaDataStandardScheme::read (10 bytes)   made not entrant: not used
[9.339s][info][jit,compilation] 3584       4       org.weakref.nitro.operator.NitroParquetScanOperator$$Lambda/0x000000009108cfb0::apply (8 bytes)
[9.340s][info][jit,compilation] 3587       1       org.weakref.nitro.operator.NitroParquetScanOperator::supportsRetainedBatches (2 bytes)
[9.340s][info][jit,compilation] 3588       3       java.util.IdentityHashMap::keySet (25 bytes)
[9.340s][info][jit,compilation] 3589       3       java.util.IdentityHashMap$KeySet::<init> (15 bytes)
[9.340s][info][jit,compilation] 3590       1       org.weakref.nitro.operator.evaluator.ir.EvaluationPlan::outputs (5 bytes)
[9.340s][info][jit,compilation] 3591       1       org.weakref.nitro.operator.evaluator.ir.Call::resolvedCall (5 bytes)
[9.340s][info][jit,compilation] 3592       1       org.weakref.nitro.operator.evaluator.ir.Assignment::mask (5 bytes)
[9.340s][info][jit,compilation] 3593       1       org.weakref.nitro.core.source.OrdinalSourceColumnHandle::type (5 bytes)
[9.340s][info][jit,compilation] 3594       1       org.weakref.nitro.benchmark.BenchmarkTypeRegistry$RegistryTypeBinding::identity (5 bytes)
[9.340s][info][jit,compilation] 3595       1       org.weakref.nitro.operator.DynamicFilter::column (5 bytes)
[9.340s][info][jit,compilation] 3596       1       org.weakref.nitro.operator.DynamicFilter::size (5 bytes)
[9.367s][info][jit,compilation] 3058       3       org.weakref.nitro.operator.NitroParquetScanOperator$$Lambda/0x000000009108cfb0::apply (8 bytes)   made not entrant: not used
[9.367s][info][jit,compilation] 3585   !   4       org.weakref.nitro.parquet.ParquetFile::open (108 bytes)
[9.393s][info][jit,compilation] 3059   !   3       org.weakref.nitro.parquet.ParquetFile::open (108 bytes)   made not entrant: not used
[9.393s][info][jit,compilation] 3586       4       java.nio.channels.FileChannel::open (18 bytes)
[9.407s][info][jit,compilation] 3102       3       java.nio.channels.FileChannel::open (18 bytes)   made not entrant: not used
[9.417s][info][jit,compilation] 3597       3       java.util.ArrayDeque::peekFirst (12 bytes)
[9.417s][info][jit,compilation] 3598       1       org.weakref.nitro.data.Mask::trackedPrevious (6 bytes)
[9.417s][info][jit,compilation] 3599       1       org.weakref.nitro.data.Mask::trackedNext (6 bytes)
[9.417s][info][jit,compilation] 3600       1       org.weakref.nitro.operator.evaluator.ir.ReferenceMask::reference (5 bytes)
[9.417s][info][jit,compilation] 3601       1       org.weakref.nitro.operator.FilterOperator$BatchState::sourceBatch (5 bytes)
[9.417s][info][jit,compilation] 3602       1       org.weakref.nitro.function.scalar.builtin.EqualI64::requiresCompletedInputCompanionStreamsForMask (2 bytes)
[9.417s][info][jit,compilation] 3603       1       org.weakref.nitro.operator.evaluator.ir.Literal::value (5 bytes)
[9.417s][info][jit,compilation] 3604       1       java.util.Spliterators$IntArraySpliterator::characteristics (5 bytes)
[9.417s][info][jit,compilation] 3605       1       org.weakref.nitro.data.I64Vector::poolMaxRetained (3 bytes)
[9.417s][info][jit,compilation] 3606       1       org.weakref.nitro.data.Vector::childVectorCount (2 bytes)
[9.417s][info][jit,compilation] 3607       1       org.weakref.nitro.data.Mask::trackedPrevious (5 bytes)
[9.417s][info][jit,compilation] 3608       1       org.weakref.nitro.data.Mask::trackedNext (5 bytes)
[9.435s][info][jit,compilation] 3609       3       org.weakref.nitro.operator.NitroParquetScanOperator::ensureScratch (52 bytes)
[9.436s][info][jit,compilation] 3610       3       org.weakref.nitro.operator.NitroParquetScanOperator::ensureColumnScratch (139 bytes)
[9.454s][info][jit,compilation] 3611       3       java.util.Collections$SetFromMap::isEmpty (10 bytes)
[9.455s][info][jit,compilation] 3612       4       java.util.stream.SortedOps$RefSortingSink$$Lambda/0x000000009107d960::accept (11 bytes)
[9.457s][info][jit,compilation] 3036       3       java.util.stream.SortedOps$RefSortingSink$$Lambda/0x000000009107d960::accept (11 bytes)   made not entrant: not used
[9.561s][info][jit,compilation] 3613       3       java.util.TreeMap::ceilingEntry (9 bytes)
[9.561s][info][jit,compilation] 3614       3       java.util.TreeMap::getCeilingEntry (107 bytes)
[9.561s][info][jit,compilation] 3615       1       java.util.TreeMap::size (5 bytes)
[9.598s][info][jit,compilation] 3616       3       java.lang.Integer::getInteger (19 bytes)
[9.598s][info][jit,compilation] 3617   !   3       java.lang.Integer::getInteger (32 bytes)
[9.606s][info][jit,compilation] 3618   !   4       sun.nio.fs.UnixChannelFactory::open (415 bytes)
[9.610s][info][jit,compilation] 3197   !   3       sun.nio.fs.UnixChannelFactory::open (415 bytes)   made not entrant: not used
[9.626s][info][jit,compilation] 3619       4       org.weakref.nitro.parquet.DecompressedPageCache::register (54 bytes)
[9.627s][info][jit,compilation] 3112       3       org.weakref.nitro.parquet.DecompressedPageCache::register (54 bytes)   made not entrant: not used
[9.741s][info][jit,compilation] 3620       4       java.nio.file.Files$2::next (5 bytes)
[9.741s][info][jit,compilation] 3219       3       java.nio.file.Files$2::next (5 bytes)   made not entrant: not used
[9.741s][info][jit,compilation] 3621       4       sun.nio.fs.UnixDirectoryStream$UnixDirectoryIterator::next (5 bytes)
[9.742s][info][jit,compilation] 3221       3       sun.nio.fs.UnixDirectoryStream$UnixDirectoryIterator::next (5 bytes)   made not entrant: not used
[9.742s][info][jit,compilation] 3622  s    4       sun.nio.fs.UnixDirectoryStream$UnixDirectoryIterator::next (46 bytes)
[9.742s][info][jit,compilation] 3222  s    3       sun.nio.fs.UnixDirectoryStream$UnixDirectoryIterator::next (46 bytes)   made not entrant: not used
[9.742s][info][jit,compilation] 3623       4       org.weakref.nitro.clickbench.ClickBenchHitsSupport$$Lambda/0x0000000091086210::test (8 bytes)
[9.747s][info][jit,compilation] 3225       3       org.weakref.nitro.clickbench.ClickBenchHitsSupport$$Lambda/0x0000000091086210::test (8 bytes)   made not entrant: not used
[9.756s][info][jit,compilation] 3624   !   4       sun.nio.ch.FileChannelImpl::mapInternal (627 bytes)
[9.762s][info][jit,compilation] 3193   !   3       sun.nio.ch.FileChannelImpl::mapInternal (627 bytes)   made not entrant: not used
[9.762s][info][jit,compilation] 3625       4       sun.nio.ch.FileChannelImpl::checkMode (76 bytes)
[9.763s][info][jit,compilation] 3194       3       sun.nio.ch.FileChannelImpl::checkMode (76 bytes)   made not entrant: not used
[9.763s][info][jit,compilation] 3626       4       sun.nio.ch.UnixFileDispatcherImpl::map (11 bytes)
[9.763s][info][jit,compilation] 3196       3       sun.nio.ch.UnixFileDispatcherImpl::map (11 bytes)   made not entrant: not used
[9.770s][info][jit,compilation] 3627       3       org.weakref.nitro.data.Allocator$Context::<init> (20 bytes)
[9.770s][info][jit,compilation] 3628       3       org.weakref.nitro.data.Allocator$Context::<init> (26 bytes)
[9.848s][info][jit,compilation] 3629       4       java.lang.invoke.LambdaForm$MH/0x0000000091103000::invoke (113 bytes)
[9.848s][info][jit,compilation] 3630       3       java.util.IdentityHashMap$IdentityHashMapIterator::hasNext (50 bytes)
[9.849s][info][jit,compilation] 2770       3       java.lang.invoke.LambdaForm$MH/0x0000000091103000::invoke (113 bytes)   made not entrant: not used
[9.884s][info][jit,compilation] 3631       1       java.util.concurrent.atomic.AtomicInteger::get (5 bytes)
[9.884s][info][jit,compilation] 3632       3       java.util.Collections$EmptyList::spliterator (4 bytes)
[9.884s][info][jit,compilation] 3633       3       java.util.Spliterators::emptySpliterator (4 bytes)
[9.884s][info][jit,compilation] 3634       3       java.util.Spliterators$EmptySpliterator$OfRef::forEachRemaining (6 bytes)
[9.884s][info][jit,compilation] 3635       3       java.lang.Boolean::valueOf (14 bytes)
[9.884s][info][jit,compilation] 3636       3       java.io.ObjectStreamClass::isRecord (9 bytes)
[9.884s][info][jit,compilation] 3638       3       java.util.stream.AbstractPipeline::close (42 bytes)
[9.884s][info][jit,compilation] 3637       3       java.io.ObjectStreamClass::isExternalizable (9 bytes)
[9.884s][info][jit,compilation] 3639   !   3       jdk.internal.access.SharedSecrets::getJavaUtilCollectionAccess (26 bytes)
[9.985s][info][jit,compilation] 3640       3       java.util.TreeMap::<init> (20 bytes)
[10.188s][info][jit,compilation] 3641       4       java.lang.invoke.DelegatingMethodHandle$Holder::delegate (18 bytes)
[10.189s][info][jit,compilation] 3155       3       java.lang.invoke.DelegatingMethodHandle$Holder::delegate (18 bytes)   made not entrant: not used
[10.324s][info][jit,compilation] 3642       3       java.util.ImmutableCollections$Set12::<init> (20 bytes)
[10.566s][info][jit,compilation] 3643       4       java.util.HashMap::clear (50 bytes)
[10.568s][info][jit,compilation] 3302       3       java.util.HashMap::clear (50 bytes)   made not entrant: not used
[10.592s][info][jit,compilation] 3644       4       org.apache.parquet.format.FileMetaData$FileMetaDataStandardScheme::<init> (5 bytes)
[10.593s][info][jit,compilation] 3557       2       org.apache.parquet.format.FileMetaData$FileMetaDataStandardScheme::<init> (5 bytes)   made not entrant: not used
[10.594s][info][jit,compilation] 3645       3       java.util.EnumSet::typeCheck (59 bytes)
[10.869s][info][jit,compilation] 3646       3       java.lang.invoke.DirectMethodHandle$Holder::newInvokeSpecial (21 bytes)
[10.870s][info][jit,compilation] 1572       2       java.lang.invoke.DirectMethodHandle$Holder::newInvokeSpecial (21 bytes)   made not entrant: not used
[10.977s][info][jit,compilation] 3647       3       java.util.HashMap$ValueSpliterator::tryAdvance (138 bytes)
[10.977s][info][jit,compilation] 3648       3       java.lang.management.ManagementFactory$PlatformMBeanFinder$$Lambda/0x0000000091070000::test (12 bytes)
[10.977s][info][jit,compilation] 3649       3       java.util.TreeMap::parentOf (13 bytes)
[11.008s][info][jit,compilation] 3650       4       java.lang.invoke.LambdaForm$MH/0x00000000911ed800::guard (100 bytes)
[11.009s][info][jit,compilation] 3119       3       java.lang.invoke.LambdaForm$MH/0x00000000911ed800::guard (100 bytes)   made not entrant: not used
[11.110s][info][jit,compilation] 3651       4       org.weakref.nitro.parquet.ColumnReader::ensurePageValueCapacity (97 bytes)
[11.111s][info][jit,compilation] 3156       3       org.weakref.nitro.parquet.ColumnReader::ensurePageValueCapacity (97 bytes)   made not entrant: not used
[11.123s][info][jit,compilation] 3652       4       sun.nio.fs.UnixPath::getFileName (90 bytes)
[11.129s][info][jit,compilation] 3224       3       sun.nio.fs.UnixPath::getFileName (90 bytes)   made not entrant: not used
[11.129s][info][jit,compilation] 3653       4       org.weakref.nitro.clickbench.ClickBenchHitsSupport$$Lambda/0x0000000091086468::test (8 bytes)
[11.131s][info][jit,compilation] 3248       3       org.weakref.nitro.clickbench.ClickBenchHitsSupport$$Lambda/0x0000000091086468::test (8 bytes)   made not entrant: not used
[11.131s][info][jit,compilation] 3654       4       java.util.stream.SortedOps$RefSortingSink::accept (10 bytes)
[11.133s][info][jit,compilation] 3250       3       java.util.stream.SortedOps$RefSortingSink::accept (10 bytes)   made not entrant: not used
[11.230s][info][jit,compilation] 3655       3       java.util.TreeMap::computeIfAbsent (252 bytes)
[11.230s][info][jit,compilation] 3656       3       java.util.TreeMap::callMappingFunctionWithCheck (33 bytes)
[11.266s][info][jit,compilation] 3658       3       org.weakref.nitro.data.Allocator$ContextState::release (163 bytes)
[11.266s][info][jit,compilation] 3657       3       org.weakref.nitro.data.Allocator$Stats::release (6 bytes)
[11.724s][info][jit,compilation] 3659       3       java.util.RegularEnumSet::iterator (9 bytes)
[11.724s][info][jit,compilation] 3660       3       java.util.RegularEnumSet$EnumSetIterator::<init> (28 bytes)
[11.845s][info][jit,compilation] 3661       3       java.util.AbstractList$RandomAccessSpliterator::forEachRemaining (62 bytes)
[11.978s][info][jit,compilation] 3662       1       javax.management.ObjectName$Property::setKeyIndex (6 bytes)
[11.978s][info][jit,compilation] 3663       3       java.util.stream.ReduceOps$3ReducingSink::accept (15 bytes)
[11.978s][info][jit,compilation] 3664   !   3       java.util.stream.ReferencePipeline$7$1FlatMap::accept (100 bytes)
[11.978s][info][jit,compilation] 3666       4       java.lang.Class::getName (18 bytes)
[11.979s][info][jit,compilation] 3665       3       java.util.stream.AbstractPipeline::sequential (10 bytes)
[11.979s][info][jit,compilation]   50       3       java.lang.Class::getName (18 bytes)   made not entrant: not used
[11.979s][info][jit,compilation] 3667       3       java.util.concurrent.locks.AbstractQueuedSynchronizer::compareAndSetState (13 bytes)
[12.008s][info][jit,compilation] 3668       4       org.weakref.nitro.data.PrimitiveArrayPool::checkOpen (18 bytes)
[12.009s][info][jit,compilation] 3011       3       org.weakref.nitro.data.PrimitiveArrayPool::checkOpen (18 bytes)   made not entrant: not used
[12.291s][info][jit,compilation] 3669       4       java.lang.Integer::numberOfTrailingZeros (79 bytes)
[12.291s][info][jit,compilation] 3670       3       java.util.RegularEnumSet::isEmpty (15 bytes)
[12.292s][info][jit,compilation] 2699       3       java.lang.Integer::numberOfTrailingZeros (79 bytes)   made not entrant: not used
[12.368s][info][jit,compilation] 3671       3       org.weakref.nitro.data.Allocator::reserveResident (99 bytes)
[12.368s][info][jit,compilation] 3672       3       org.weakref.nitro.operator.Streams::<init> (30 bytes)
[12.368s][info][jit,compilation] 3673       3       org.weakref.nitro.operator.Streams::flags (28 bytes)
[12.405s][info][jit,compilation] 3674       3       java.util.TimSort::gallopRight (335 bytes)
[12.405s][info][jit,compilation] 3675       3       java.util.TimSort::gallopLeft (335 bytes)
[12.433s][info][jit,compilation] 3676       3       org.weakref.nitro.operator.NitroParquetScanOperator::supportsDynamicFilterPushdown (26 bytes)
[12.434s][info][jit,compilation] 3677       3       java.util.RegularEnumSet::size (8 bytes)
[12.434s][info][jit,compilation] 3678       3       org.weakref.nitro.operator.evaluator.PrimitiveRegistry::get (31 bytes)
[12.434s][info][jit,compilation] 3679       3       org.weakref.nitro.operator.NitroParquetScanOperator::hasNext (32 bytes)
[12.434s][info][jit,compilation] 3680       3       org.weakref.nitro.operator.NitroParquetScanOperator::ensureWindow (329 bytes)
[12.434s][info][jit,compilation] 3681       3       java.lang.Math::min (45 bytes)
[12.510s][info][jit,compilation] 3682       3       org.weakref.nitro.data.Allocator::allocate (102 bytes)
[12.510s][info][jit,compilation] 3683       3       org.weakref.nitro.data.Allocator$$Lambda/0x00000000911f35e0::apply (12 bytes)
[12.510s][info][jit,compilation] 3684       3       org.weakref.nitro.data.Allocator$ContextState::borrowVector (99 bytes)
[12.653s][info][jit,compilation] 3685       3       java.util.TreeMap::remove (24 bytes)
[12.653s][info][jit,compilation] 3686       3       java.util.TreeMap::deleteEntry (246 bytes)
[12.795s][info][jit,compilation] 3687       4       java.util.Objects::isNull (10 bytes)
[12.795s][info][jit,compilation] 2732       2       java.util.Objects::isNull (10 bytes)   made not entrant: not used
[13.105s][info][jit,compilation] 3688       3       java.lang.StringLatin1::inflate (34 bytes)
[13.105s][info][jit,compilation] 3689       3       java.lang.String::compareTo (9 bytes)
[13.105s][info][jit,compilation] 3690       1       java.util.stream.Collectors$CollectorImpl::supplier (5 bytes)
[13.105s][info][jit,compilation] 3691       1       java.util.stream.Collectors$CollectorImpl::accumulator (5 bytes)
[13.105s][info][jit,compilation] 3692       1       java.util.stream.Collectors$CollectorImpl::combiner (5 bytes)
[13.105s][info][jit,compilation] 3693       1       java.util.stream.ReduceOps$Box::get (5 bytes)
[13.105s][info][jit,compilation] 3694       1       java.nio.Buffer::capacity (5 bytes)
[13.106s][info][jit,compilation] 3695       3       java.util.RegularEnumSet::contains (57 bytes)
[13.278s][info][jit,compilation] 3696       4       org.weakref.nitro.parquet.ColumnReader::ensurePageNullCapacity (30 bytes)
[13.278s][info][jit,compilation] 3343       3       org.weakref.nitro.parquet.ColumnReader::ensurePageNullCapacity (30 bytes)   made not entrant: not used
[13.278s][info][jit,compilation] 3697       4       org.weakref.nitro.parquet.ColumnReader::decodePlain (458 bytes)
[13.282s][info][jit,compilation] 3157       3       org.weakref.nitro.parquet.ColumnReader::decodePlain (458 bytes)   made not entrant: not used
[13.546s][info][jit,compilation] 3698       4       java.lang.invoke.DirectMethodHandle$Holder::invokeStatic (15 bytes)
[13.547s][info][jit,compilation] 3209       3       java.lang.invoke.DirectMethodHandle$Holder::invokeStatic (15 bytes)   made not entrant: not used
[13.872s][info][jit,compilation] 3699       3       org.weakref.nitro.operator.evaluator.PlanEvaluator::remapReference (35 bytes)
[13.872s][info][jit,compilation] 3700       3       org.weakref.nitro.operator.Streams::values (8 bytes)
[13.872s][info][jit,compilation] 3701       3       org.weakref.nitro.data.VectorAccess::isAllFalseNulls (140 bytes)
[13.873s][info][jit,compilation] 3702       3       org.weakref.nitro.operator.Batch::output (35 bytes)
[13.873s][info][jit,compilation] 3703       3       org.weakref.nitro.data.I64Vector::length (6 bytes)
[13.873s][info][jit,compilation] 3704       3       org.weakref.nitro.data.BooleanVector::retainedBytes (7 bytes)
[13.906s][info][jit,compilation] 3705       3       java.util.TimSort::ensureCapacity (77 bytes)
[13.933s][info][jit,compilation] 3706       3       java.util.ImmutableCollections$MapN$MapNIterator::hasNext (13 bytes)
[14.005s][info][jit,compilation] 3707       3       org.weakref.nitro.data.Allocator$ContextState::removeFromOrder (48 bytes)
[14.173s][info][jit,compilation] 3708       3       java.util.concurrent.locks.AbstractQueuedSynchronizer::signalNext (34 bytes)
[14.173s][info][jit,compilation] 3711       3       java.io.ObjectOutputStream$HandleTable::assign (52 bytes)
[14.174s][info][jit,compilation] 3712       3       java.io.ObjectOutputStream::writeClassDesc (60 bytes)
[14.174s][info][jit,compilation] 3709       3       java.lang.Thread::interrupted (7 bytes)
[14.174s][info][jit,compilation] 3710       3       java.lang.Thread::getAndClearInterrupt (19 bytes)
[14.202s][info][jit,compilation] 3713       4       org.weakref.nitro.data.PrimitiveArrayPool$Key::hashCode (7 bytes)
[14.203s][info][jit,compilation] 3207       3       org.weakref.nitro.data.PrimitiveArrayPool$Key::hashCode (7 bytes)   made not entrant: not used
[14.203s][info][jit,compilation] 3714  s    4       org.weakref.nitro.data.PrimitiveArrayPool::retain (195 bytes)
[14.203s][info][jit,compilation] 3713       4       org.weakref.nitro.data.PrimitiveArrayPool$Key::hashCode (7 bytes)   made not entrant: uncommon trap
[14.206s][info][jit,compilation] 3162  s    3       org.weakref.nitro.data.PrimitiveArrayPool::retain (195 bytes)   made not entrant: not used
[14.335s][info][jit,compilation] 3715       4       java.lang.invoke.DirectMethodHandle$Holder::fieldAccess (28 bytes)
[14.335s][info][jit,compilation] 3075       3       java.lang.invoke.DirectMethodHandle$Holder::fieldAccess (28 bytes)   made not entrant: not used
[14.441s][info][jit,compilation] 3716       3       java.util.List::of (10 bytes)
[14.441s][info][jit,compilation] 3717       3       java.util.Iterator::forEachRemaining (30 bytes)
[14.468s][info][jit,compilation] 3718       3       org.weakref.nitro.operator.NitroParquetScanOperator::<init> (994 bytes)
[14.470s][info][jit,compilation] 3719       3       org.weakref.nitro.data.Allocator$Context::<init> (13 bytes)
[14.482s][info][jit,compilation] 3720       4       org.weakref.nitro.data.PrimitiveArrayPool$Key::hashCode (7 bytes)
[14.573s][info][jit,compilation] 3721       3       org.weakref.nitro.operator.NitroParquetScanOperator::close (492 bytes)
[14.602s][info][jit,compilation] 3722       3       java.lang.System$1::getEnumConstantsShared (8 bytes)
[14.709s][info][jit,compilation] 3723       3       java.util.ArrayList::forEach (74 bytes)
[15.277s][info][jit,compilation] 3724       1       org.openjdk.jmh.results.Result::getRole (5 bytes)
[15.277s][info][jit,compilation] 3725   !   3       java.io.ObjectOutputStream::writeOrdinaryObject (196 bytes)
[15.277s][info][jit,compilation] 3726       3       java.util.stream.ReferencePipeline$2$1::begin (13 bytes)
[15.278s][info][jit,compilation] 3728       3       java.util.TimSort::mergeAt (358 bytes)
[15.278s][info][jit,compilation] 3727       3       java.lang.StringConcatHelper::stringSize (10 bytes)
[15.377s][info][jit,compilation] 3729       3       java.util.ImmutableCollections$Set12::<init> (53 bytes)
[15.412s][info][jit,compilation] 3730 %     4       java.util.TimSort::binarySort @ 32 (223 bytes)
[15.945s][info][jit,compilation] 3731       3       java.util.stream.AbstractPipeline::exactOutputSizeIfKnown (86 bytes)
[15.946s][info][jit,compilation] 3732       3       java.util.stream.SpinedBuffer::inflateSpine (35 bytes)
[15.973s][info][jit,compilation] 3733       3       java.util.EnumSet::noneOf (63 bytes)
[15.973s][info][jit,compilation] 3734       3       java.util.EnumSet::getUniverse (10 bytes)
[16.045s][info][jit,compilation] 3735       3       java.util.stream.ReduceOps$ReduceOp::<init> (10 bytes)
[16.045s][info][jit,compilation] 3736       3       java.util.stream.ReduceOps$ReduceOp::evaluateSequential (18 bytes)
[16.079s][info][jit,compilation] 3737       3       java.util.stream.AbstractPipeline::evaluate (44 bytes)
[16.080s][info][jit,compilation] 3738       3       java.util.stream.ReferencePipeline::makeNodeBuilder (6 bytes)
[16.080s][info][jit,compilation] 3739       3       java.util.stream.Nodes::builder (30 bytes)
[16.213s][info][jit,compilation] 3740       3       java.util.stream.AbstractSpinedBuffer::count (31 bytes)
[16.348s][info][jit,compilation] 3741       3       jdk.internal.reflect.MethodHandleAccessorFactory::ensureClassInitialized (18 bytes)
[16.348s][info][jit,compilation] 3742       3       java.util.stream.Sink$ChainedReference::begin (11 bytes)
[16.348s][info][jit,compilation] 3743       3       java.util.stream.ReferencePipeline$3::<init> (22 bytes)
[16.348s][info][jit,compilation] 3744       3       java.util.concurrent.locks.ReentrantLock$Sync::tryRelease (51 bytes)
[16.349s][info][jit,compilation] 3745       3       jdk.internal.reflect.Reflection::filter (165 bytes)
