java/lang/Thread.run;java/lang/Thread.runWith;java/util/concurrent/ThreadPoolExecutor$Worker.run;java/util/concurrent/ThreadPoolExecutor.runWorker;java/util/concurrent/FutureTask.run;java/util/concurrent/Executors$RunnableAdapter.call;java/util/concurrent/FutureTask.run;org/openjdk/jmh/runner/BenchmarkHandler$BenchmarkTask.call;org/openjdk/jmh/runner/BenchmarkHandler$BenchmarkTask.call;java/lang/reflect/Method.invoke;jdk/internal/reflect/DirectMethodHandleAccessor.invoke;jdk/internal/reflect/DirectMethodHandleAccessor.invokeImpl;java/lang/invoke/LambdaForm$MH.0x0000000081061400.invokeExact_MT;java/lang/invoke/LambdaForm$MH.0x0000000081061000.invoke;java/lang/invoke/DirectMethodHandle$Holder.invokeSpecial;org/weakref/nitro/tpch/jmh_generated/BenchmarkQueries_query01_jmhTest.query01_AverageTime;org/weakref/nitro/tpch/jmh_generated/BenchmarkQueries_query01_jmhTest.query01_avgt_jmhStub;org/weakref/nitro/tpch/BenchmarkQueries.query01;org/weakref/nitro/tpch/BenchmarkQueries.consume;org/weakref/nitro/operator/SortOperator.next;org/weakref/nitro/operator/SortOperator.computeSorted;org/weakref/nitro/operator/GroupedAggregationOperator.next;org/weakref/nitro/operator/GroupedAggregationOperator.computeResults;org/weakref/nitro/operator/GroupedAggregationOperator.computeInlineGroupedResults;org/weakref/nitro/operator/GroupedAggregationOperator.assignInlineGroups;org/weakref/nitro/operator/GroupingState.assignGroups;org/weakref/nitro/operator/GroupingState.assignFlatGroups;org/weakref/nitro/operator/FlatGroupingTable.assignGroup;org/weakref/nitro/operator/FlatKeyLayout.compositeValueId 1
java/lang/Thread.run;java/lang/Thread.runWith;java/util/concurrent/ThreadPoolExecutor$Worker.run;java/util/concurrent/ThreadPoolExecutor.runWorker;java/util/concurrent/FutureTask.run;java/util/concurrent/Executors$RunnableAdapter.call;java/util/concurrent/FutureTask.run;org/openjdk/jmh/runner/BenchmarkHandler$BenchmarkTask.call;org/openjdk/jmh/runner/BenchmarkHandler$BenchmarkTask.call;java/lang/reflect/Method.invoke;jdk/internal/reflect/DirectMethodHandleAccessor.invoke;jdk/internal/reflect/DirectMethodHandleAccessor.invokeImpl;java/lang/invoke/LambdaForm$MH.0x0000000081061400.invokeExact_MT;java/lang/invoke/LambdaForm$MH.0x0000000081061000.invoke;java/lang/invoke/DirectMethodHandle$Holder.invokeSpecial;org/weakref/nitro/tpch/jmh_generated/BenchmarkQueries_query01_jmhTest.query01_AverageTime;org/weakref/nitro/tpch/jmh_generated/BenchmarkQueries_query01_jmhTest.query01_avgt_jmhStub;org/weakref/nitro/tpch/BenchmarkQueries.query01;org/weakref/nitro/tpch/BenchmarkQueries.consume;org/weakref/nitro/operator/SortOperator.next;org/weakref/nitro/operator/SortOperator.computeSorted;org/weakref/nitro/operator/GroupedAggregationOperator.next;org/weakref/nitro/operator/GroupedAggregationOperator.computeResults;org/weakref/nitro/operator/GroupedAggregationOperator.computeInlineGroupedResults;org/weakref/nitro/operator/GroupedAggregationOperator.accumulateGroupedRows;org/weakref/nitro/operator/aggregation/SumF64.accumulate;org/weakref/nitro/operator/aggregation/StreamAccessors$$Lambda.0x0000000081293428.stream;org/weakref/nitro/operator/aggregation/StreamAccessors.lambda$forBatch$0;org/weakref/nitro/operator/aggregation/StreamAccessors.read;org/weakref/nitro/operator/Output.borrowOrNull;org/weakref/nitro/operator/Output.borrow;org/weakref/nitro/operator/Output.resolveMasked;org/weakref/nitro/operator/Output$$Lambda.0x000000008128d1c0.resolve;org/weakref/nitro/operator/Output.borrowMaybeMasked;org/weakref/nitro/operator/Output.borrow;org/weakref/nitro/operator/NitroParquetScanOperator$ScanOutputResolver$$Lambda.0x00000000810ab860.apply;org/weakref/nitro/operator/NitroParquetScanOperator$ScanOutputResolver.resolve;org/weakref/nitro/operator/NitroParquetScanOperator.resolveLazyColumn;org/weakref/nitro/operator/NitroParquetScanOperator.decodeFullColumn;org/weakref/nitro/parquet/ColumnReader.readLongs;org/weakref/nitro/parquet/ColumnReader.decodeNextDataPage;org/weakref/nitro/parquet/ColumnReader.decodeDataPageV1;org/weakref/nitro/parquet/RleReader.read;org/weakref/nitro/parquet/RleReader.readBitPacked;org/weakref/nitro/parquet/VectorBitUnpacker.unpack8;jdk/incubator/vector/ByteVector.reinterpretAsInts;jdk/incubator/vector/AbstractVector.reinterpretAsInts;jdk/incubator/vector/Byte256Vector.asVectorRaw;jdk/incubator/vector/AbstractVector.asVectorRawTemplate;jdk/incubator/vector/AbstractVector.convert0 1
java/lang/Thread.run;java/lang/Thread.runWith;java/util/concurrent/ThreadPoolExecutor$Worker.run;java/util/concurrent/ThreadPoolExecutor.runWorker;java/util/concurrent/FutureTask.run;java/util/concurrent/Executors$RunnableAdapter.call;java/util/concurrent/FutureTask.run;org/openjdk/jmh/runner/BenchmarkHandler$BenchmarkTask.call;org/openjdk/jmh/runner/BenchmarkHandler$BenchmarkTask.call;java/lang/reflect/Method.invoke;jdk/internal/reflect/DirectMethodHandleAccessor.invoke;jdk/internal/reflect/DirectMethodHandleAccessor.invokeImpl;java/lang/invoke/LambdaForm$MH.0x0000000081061400.invokeExact_MT;java/lang/invoke/LambdaForm$MH.0x0000000081061000.invoke;java/lang/invoke/DirectMethodHandle$Holder.invokeSpecial;org/weakref/nitro/tpch/jmh_generated/BenchmarkQueries_query01_jmhTest.query01_AverageTime;org/weakref/nitro/tpch/jmh_generated/BenchmarkQueries_query01_jmhTest.query01_avgt_jmhStub;org/weakref/nitro/tpch/BenchmarkQueries.query01;org/weakref/nitro/tpch/BenchmarkQueries.consume;org/weakref/nitro/operator/SortOperator.next;org/weakref/nitro/operator/SortOperator.computeSorted;org/weakref/nitro/operator/GroupedAggregationOperator.next;org/weakref/nitro/operator/GroupedAggregationOperator.computeResults;org/weakref/nitro/operator/GroupedAggregationOperator.computeInlineGroupedResults;org/weakref/nitro/operator/GroupedAggregationOperator.accumulateGroupedRows;org/weakref/nitro/operator/aggregation/CountAll.accumulate;org/weakref/nitro/operator/aggregation/CountAll.accumulate;org/weakref/nitro/data/CountStateVector.increment 1
java/lang/Thread.run;java/lang/Thread.runWith;java/util/concurrent/ThreadPoolExecutor$Worker.run;java/util/concurrent/ThreadPoolExecutor.runWorker;java/util/concurrent/FutureTask.run;java/util/concurrent/Executors$RunnableAdapter.call;java/util/concurrent/FutureTask.run;org/openjdk/jmh/runner/BenchmarkHandler$BenchmarkTask.call;org/openjdk/jmh/runner/BenchmarkHandler$BenchmarkTask.call;java/lang/reflect/Method.invoke;jdk/internal/reflect/DirectMethodHandleAccessor.invoke;jdk/internal/reflect/DirectMethodHandleAccessor.invokeImpl;java/lang/invoke/LambdaForm$MH.0x0000000081061400.invokeExact_MT;java/lang/invoke/LambdaForm$MH.0x0000000081061000.invoke;java/lang/invoke/DirectMethodHandle$Holder.invokeSpecial;org/weakref/nitro/tpch/jmh_generated/BenchmarkQueries_query01_jmhTest.query01_AverageTime;org/weakref/nitro/tpch/jmh_generated/BenchmarkQueries_query01_jmhTest.query01_avgt_jmhStub;org/weakref/nitro/tpch/BenchmarkQueries.query01;org/weakref/nitro/tpch/BenchmarkQueries.consume;org/weakref/nitro/operator/SortOperator.next;org/weakref/nitro/operator/SortOperator.computeSorted;org/weakref/nitro/operator/GroupedAggregationOperator.next;org/weakref/nitro/operator/GroupedAggregationOperator.computeResults;org/weakref/nitro/operator/GroupedAggregationOperator.computeInlineGroupedResults;org/weakref/nitro/operator/GroupedAggregationOperator.accumulateGroupedRows;org/weakref/nitro/operator/aggregation/SumF64.accumulate;org/weakref/nitro/operator/aggregation/StreamAccessors$$Lambda.0x0000000081293428.stream;org/weakref/nitro/operator/aggregation/StreamAccessors.lambda$forBatch$0;org/weakref/nitro/operator/aggregation/StreamAccessors.read;org/weakref/nitro/operator/Output.borrowOrNull;org/weakref/nitro/operator/Output.borrow;org/weakref/nitro/operator/ProjectOperator$$Lambda.0x000000008128d620.apply;org/weakref/nitro/operator/ProjectOperator.lambda$next$4;org/weakref/nitro/operator/ProjectOperator.evaluateOutput;java/util/HashMap.computeIfAbsent;org/weakref/nitro/operator/ProjectOperator$$Lambda.0x0000000081297038.apply;org/weakref/nitro/operator/ProjectOperator.lambda$evaluateOutput$0;org/weakref/nitro/operator/ProjectOperator.evaluateBundle;org/weakref/nitro/operator/ProjectOperator$BatchState.fusedResults;org/weakref/nitro/operator/Output.borrow;org/weakref/nitro/operator/NitroParquetScanOperator$ScanOutputResolver$$Lambda.0x00000000810ab860.apply;org/weakref/nitro/operator/NitroParquetScanOperator$ScanOutputResolver.resolve;org/weakref/nitro/operator/NitroParquetScanOperator.resolveLazyColumn;org/weakref/nitro/operator/NitroParquetScanOperator.decodeFullColumn;org/weakref/nitro/parquet/ColumnReader.readLongs;jlong_disjoint_arraycopy_stub 1
java/lang/Thread.run;java/lang/Thread.runWith;java/util/concurrent/ThreadPoolExecutor$Worker.run;java/util/concurrent/ThreadPoolExecutor.runWorker;java/util/concurrent/FutureTask.run;java/util/concurrent/Executors$RunnableAdapter.call;java/util/concurrent/FutureTask.run;org/openjdk/jmh/runner/BenchmarkHandler$BenchmarkTask.call;org/openjdk/jmh/runner/BenchmarkHandler$BenchmarkTask.call;java/lang/reflect/Method.invoke;jdk/internal/reflect/DirectMethodHandleAccessor.invoke;jdk/internal/reflect/DirectMethodHandleAccessor.invokeImpl;java/lang/invoke/LambdaForm$MH.0x0000000081061400.invokeExact_MT;java/lang/invoke/LambdaForm$MH.0x0000000081061000.invoke;java/lang/invoke/DirectMethodHandle$Holder.invokeSpecial;org/weakref/nitro/tpch/jmh_generated/BenchmarkQueries_query01_jmhTest.query01_AverageTime;org/weakref/nitro/tpch/jmh_generated/BenchmarkQueries_query01_jmhTest.query01_avgt_jmhStub;org/weakref/nitro/tpch/BenchmarkQueries.query01;org/weakref/nitro/tpch/BenchmarkQueries.consume;org/weakref/nitro/operator/SortOperator.next;org/weakref/nitro/operator/SortOperator.computeSorted;org/weakref/nitro/operator/GroupedAggregationOperator.next;org/weakref/nitro/operator/GroupedAggregationOperator.computeResults;org/weakref/nitro/operator/GroupedAggregationOperator.computeInlineGroupedResults;org/weakref/nitro/operator/GroupedAggregationOperator.accumulateGroupedRows;org/weakref/nitro/operator/aggregation/SumF64.accumulate;org/weakref/nitro/operator/aggregation/StreamAccessors$$Lambda.0x0000000081293428.stream;org/weakref/nitro/operator/aggregation/StreamAccessors.lambda$forBatch$0;org/weakref/nitro/operator/aggregation/StreamAccessors.read;org/weakref/nitro/operator/Output.borrowOrNull;org/weakref/nitro/operator/Output.borrow;org/weakref/nitro/operator/Output.resolveMasked;org/weakref/nitro/operator/Output$$Lambda.0x000000008128d1c0.resolve;org/weakref/nitro/operator/Output.borrowMaybeMasked;org/weakref/nitro/operator/Output.borrow;org/weakref/nitro/operator/NitroParquetScanOperator$ScanOutputResolver$$Lambda.0x00000000810ab860.apply;org/weakref/nitro/operator/NitroParquetScanOperator$ScanOutputResolver.resolve;org/weakref/nitro/operator/NitroParquetScanOperator.resolveLazyColumn;org/weakref/nitro/operator/NitroParquetScanOperator.decodeFullColumn;org/weakref/nitro/parquet/ColumnReader.readLongs;org/weakref/nitro/parquet/ColumnReader.decodeNextDataPage;org/weakref/nitro/parquet/ColumnReader.decompress;io/airlift/compress/v3/snappy/SnappyNativeDecompressor.decompress;io/airlift/compress/v3/snappy/SnappyNative.decompress;io/airlift/compress/v3/snappy/SnappyNative.decompressInternal;java/lang/invoke/LambdaForm$MH.0x0000000081281400.invokeExact_MT;java/lang/invoke/LambdaForm$MH.0x0000000081298000.invoke;java/lang/invoke/LambdaForm$DMH.0x00000000810b1400.invokeStatic;jdk/internal/foreign/abi/DowncallStub.0x00000000810b1000.invoke;java/lang/invoke/LambdaForm$MH.0x0000000081282000.invokeExact_MT;java/lang/invoke/LambdaForm$MH.0x0000000081298400.invoke;nep_invoker_blob;snappy_uncompress;snappy::RawUncompress;snappy::RawUncompress;void snappy::SnappyDecompressor::DecompressAllTags<snappy::SnappyArrayWriter>;std::pair<unsigned char const*, long> snappy::DecompressBranchless<char*>;snappy::MemCopy64 5
java/lang/Thread.run;java/lang/Thread.runWith;java/util/concurrent/ThreadPoolExecutor$Worker.run;java/util/concurrent/ThreadPoolExecutor.runWorker;java/util/concurrent/FutureTask.run;java/util/concurrent/Executors$RunnableAdapter.call;java/util/concurrent/FutureTask.run;org/openjdk/jmh/runner/BenchmarkHandler$BenchmarkTask.call;org/openjdk/jmh/runner/BenchmarkHandler$BenchmarkTask.call;java/lang/reflect/Method.invoke;jdk/internal/reflect/DirectMethodHandleAccessor.invoke;jdk/internal/reflect/DirectMethodHandleAccessor.invokeImpl;java/lang/invoke/LambdaForm$MH.0x0000000081061400.invokeExact_MT;java/lang/invoke/LambdaForm$MH.0x0000000081061000.invoke;java/lang/invoke/DirectMethodHandle$Holder.invokeSpecial;org/weakref/nitro/tpch/jmh_generated/BenchmarkQueries_query01_jmhTest.query01_AverageTime;org/weakref/nitro/tpch/jmh_generated/BenchmarkQueries_query01_jmhTest.query01_avgt_jmhStub;org/weakref/nitro/tpch/BenchmarkQueries.query01;org/weakref/nitro/tpch/BenchmarkQueries.consume;org/weakref/nitro/operator/SortOperator.next;org/weakref/nitro/operator/SortOperator.computeSorted;org/weakref/nitro/operator/GroupedAggregationOperator.next;org/weakref/nitro/operator/GroupedAggregationOperator.computeResults;org/weakref/nitro/operator/GroupedAggregationOperator.computeInlineGroupedResults;org/weakref/nitro/operator/GroupedAggregationOperator.accumulateGroupedRows;org/weakref/nitro/operator/aggregation/SumF64.accumulate;org/weakref/nitro/operator/aggregation/StreamAccessors$$Lambda.0x0000000081293428.stream;org/weakref/nitro/operator/aggregation/StreamAccessors.lambda$forBatch$0;org/weakref/nitro/operator/aggregation/StreamAccessors.read;org/weakref/nitro/operator/Output.borrowOrNull;org/weakref/nitro/operator/Output.borrow;org/weakref/nitro/operator/Output.resolveMasked;org/weakref/nitro/operator/Output$$Lambda.0x000000008128d1c0.resolve;org/weakref/nitro/operator/Output.borrowMaybeMasked;org/weakref/nitro/operator/Output.borrow;org/weakref/nitro/operator/NitroParquetScanOperator$ScanOutputResolver$$Lambda.0x00000000810ab860.apply;org/weakref/nitro/operator/NitroParquetScanOperator$ScanOutputResolver.resolve;org/weakref/nitro/operator/NitroParquetScanOperator.resolveLazyColumn;org/weakref/nitro/operator/NitroParquetScanOperator.decodeFullColumn;org/weakref/nitro/parquet/ColumnReader.readLongs;org/weakref/nitro/parquet/ColumnReader.decodeNextDataPage;org/weakref/nitro/parquet/ColumnReader.decompress;io/airlift/compress/v3/snappy/SnappyNativeDecompressor.decompress;io/airlift/compress/v3/snappy/SnappyNative.decompress;io/airlift/compress/v3/snappy/SnappyNative.decompressInternal;java/lang/invoke/LambdaForm$MH.0x0000000081281400.invokeExact_MT;java/lang/invoke/LambdaForm$MH.0x0000000081298000.invoke;java/lang/invoke/LambdaForm$DMH.0x00000000810b1400.invokeStatic;jdk/internal/foreign/abi/DowncallStub.0x00000000810b1000.invoke;java/lang/invoke/LambdaForm$MH.0x0000000081282000.invokeExact_MT;java/lang/invoke/LambdaForm$MH.0x0000000081298400.invoke;nep_invoker_blob;snappy_uncompress;snappy::RawUncompress;snappy::RawUncompress;void snappy::SnappyDecompressor::DecompressAllTags<snappy::SnappyArrayWriter>;std::pair<unsigned char const*, long> snappy::DecompressBranchless<char*>;asm_exc_page_fault_[k];exc_page_fault_[k];do_user_addr_fault_[k];lock_vma_under_rcu_[k];mas_walk_[k] 1
java/lang/Thread.run;java/lang/Thread.runWith;java/util/concurrent/ThreadPoolExecutor$Worker.run;java/util/concurrent/ThreadPoolExecutor.runWorker;java/util/concurrent/FutureTask.run;java/util/concurrent/Executors$RunnableAdapter.call;java/util/concurrent/FutureTask.run;org/openjdk/jmh/runner/BenchmarkHandler$BenchmarkTask.call;org/openjdk/jmh/runner/BenchmarkHandler$BenchmarkTask.call;java/lang/reflect/Method.invoke;jdk/internal/reflect/DirectMethodHandleAccessor.invoke;jdk/internal/reflect/DirectMethodHandleAccessor.invokeImpl;java/lang/invoke/LambdaForm$MH.0x0000000081061400.invokeExact_MT;java/lang/invoke/LambdaForm$MH.0x0000000081061000.invoke;java/lang/invoke/DirectMethodHandle$Holder.invokeSpecial;org/weakref/nitro/tpch/jmh_generated/BenchmarkQueries_query01_jmhTest.query01_AverageTime;org/weakref/nitro/tpch/jmh_generated/BenchmarkQueries_query01_jmhTest.query01_avgt_jmhStub;org/weakref/nitro/tpch/BenchmarkQueries.query01;org/weakref/nitro/tpch/BenchmarkQueries.consume;org/weakref/nitro/operator/SortOperator.next;org/weakref/nitro/operator/SortOperator.computeSorted;org/weakref/nitro/operator/GroupedAggregationOperator.next;org/weakref/nitro/operator/GroupedAggregationOperator.computeResults;org/weakref/nitro/operator/GroupedAggregationOperator.computeInlineGroupedResults;org/weakref/nitro/operator/GroupedAggregationOperator.accumulateGroupedRows;org/weakref/nitro/operator/aggregation/SumF64.accumulate;org/weakref/nitro/operator/aggregation/StreamAccessors$$Lambda.0x0000000081293428.stream;org/weakref/nitro/operator/aggregation/StreamAccessors.lambda$forBatch$0;org/weakref/nitro/operator/aggregation/StreamAccessors.read;org/weakref/nitro/operator/Output.borrowOrNull;org/weakref/nitro/operator/Output.borrow;org/weakref/nitro/operator/Output.resolveMasked;org/weakref/nitro/operator/Output$$Lambda.0x000000008128d1c0.resolve;org/weakref/nitro/operator/Output.borrowMaybeMasked;org/weakref/nitro/operator/Output.borrow;org/weakref/nitro/operator/NitroParquetScanOperator$ScanOutputResolver$$Lambda.0x00000000810ab860.apply;org/weakref/nitro/operator/NitroParquetScanOperator$ScanOutputResolver.resolve;org/weakref/nitro/operator/NitroParquetScanOperator.resolveLazyColumn;org/weakref/nitro/operator/NitroParquetScanOperator.decodeFullColumn;org/weakref/nitro/parquet/ColumnReader.readLongs;org/weakref/nitro/parquet/ColumnReader.decodeNextDataPage;org/weakref/nitro/parquet/ColumnReader.decompress;io/airlift/compress/v3/snappy/SnappyNativeDecompressor.decompress;io/airlift/compress/v3/snappy/SnappyNative.decompress;io/airlift/compress/v3/snappy/SnappyNative.decompressInternal;java/lang/invoke/LambdaForm$MH.0x0000000081281400.invokeExact_MT;java/lang/invoke/LambdaForm$MH.0x0000000081298000.invoke;java/lang/invoke/LambdaForm$DMH.0x00000000810b1400.invokeStatic;jdk/internal/foreign/abi/DowncallStub.0x00000000810b1000.invoke;java/lang/invoke/LambdaForm$MH.0x0000000081282000.invokeExact_MT;java/lang/invoke/LambdaForm$MH.0x0000000081298400.invoke;nep_invoker_blob;snappy_uncompress;snappy::RawUncompress;snappy::RawUncompress;void snappy::SnappyDecompressor::DecompressAllTags<snappy::SnappyArrayWriter>;std::pair<unsigned char const*, long> snappy::DecompressBranchless<char*>;snappy::DeferMemCopy 1
java/lang/Thread.run;java/lang/Thread.runWith;java/util/concurrent/ThreadPoolExecutor$Worker.run;java/util/concurrent/ThreadPoolExecutor.runWorker;java/util/concurrent/FutureTask.run;java/util/concurrent/Executors$RunnableAdapter.call;java/util/concurrent/FutureTask.run;org/openjdk/jmh/runner/BenchmarkHandler$BenchmarkTask.call;org/openjdk/jmh/runner/BenchmarkHandler$BenchmarkTask.call;java/lang/reflect/Method.invoke;jdk/internal/reflect/DirectMethodHandleAccessor.invoke;jdk/internal/reflect/DirectMethodHandleAccessor.invokeImpl;java/lang/invoke/LambdaForm$MH.0x0000000081061400.invokeExact_MT;java/lang/invoke/LambdaForm$MH.0x0000000081061000.invoke;java/lang/invoke/DirectMethodHandle$Holder.invokeSpecial;org/weakref/nitro/tpch/jmh_generated/BenchmarkQueries_query01_jmhTest.query01_AverageTime;org/weakref/nitro/tpch/jmh_generated/BenchmarkQueries_query01_jmhTest.query01_avgt_jmhStub;org/weakref/nitro/tpch/BenchmarkQueries.query01;org/weakref/nitro/tpch/BenchmarkQueries.consume;org/weakref/nitro/operator/SortOperator.next;org/weakref/nitro/operator/SortOperator.computeSorted;org/weakref/nitro/operator/GroupedAggregationOperator.next;org/weakref/nitro/operator/GroupedAggregationOperator.computeResults;org/weakref/nitro/operator/GroupedAggregationOperator.computeInlineGroupedResults;org/weakref/nitro/operator/GroupedAggregationOperator.assignInlineGroups;org/weakref/nitro/operator/GroupingState.assignGroups;org/weakref/nitro/operator/GroupingState.assignFlatGroups;org/weakref/nitro/operator/FlatGroupingTable.assignGroup 2
java/lang/Thread.run;java/lang/Thread.runWith;java/util/concurrent/ThreadPoolExecutor$Worker.run;java/util/concurrent/ThreadPoolExecutor.runWorker;java/util/concurrent/FutureTask.run;java/util/concurrent/Executors$RunnableAdapter.call;java/util/concurrent/FutureTask.run;org/openjdk/jmh/runner/BenchmarkHandler$BenchmarkTask.call;org/openjdk/jmh/runner/BenchmarkHandler$BenchmarkTask.call;java/lang/reflect/Method.invoke;jdk/internal/reflect/DirectMethodHandleAccessor.invoke;jdk/internal/reflect/DirectMethodHandleAccessor.invokeImpl;java/lang/invoke/LambdaForm$MH.0x0000000081061400.invokeExact_MT;java/lang/invoke/LambdaForm$MH.0x0000000081061000.invoke;java/lang/invoke/DirectMethodHandle$Holder.invokeSpecial;org/weakref/nitro/tpch/jmh_generated/BenchmarkQueries_query01_jmhTest.query01_AverageTime;org/weakref/nitro/tpch/jmh_generated/BenchmarkQueries_query01_jmhTest.query01_avgt_jmhStub;org/weakref/nitro/tpch/BenchmarkQueries.query01;org/weakref/nitro/tpch/BenchmarkQueries.consume;org/weakref/nitro/operator/SortOperator.next;org/weakref/nitro/operator/SortOperator.computeSorted;org/weakref/nitro/operator/GroupedAggregationOperator.next;org/weakref/nitro/operator/GroupedAggregationOperator.computeResults;org/weakref/nitro/operator/GroupedAggregationOperator.computeInlineGroupedResults;org/weakref/nitro/operator/GroupedAggregationOperator.accumulateGroupedRows;org/weakref/nitro/operator/aggregation/SumF64.accumulate;org/weakref/nitro/operator/aggregation/StreamAccessors$$Lambda.0x0000000081293428.stream;org/weakref/nitro/operator/aggregation/StreamAccessors.lambda$forBatch$0;org/weakref/nitro/operator/aggregation/StreamAccessors.read;org/weakref/nitro/operator/Output.borrowOrNull;org/weakref/nitro/operator/Output.borrow;org/weakref/nitro/operator/Output.resolveMasked;org/weakref/nitro/operator/Output$$Lambda.0x000000008128d1c0.resolve;org/weakref/nitro/operator/Output.borrowMaybeMasked;org/weakref/nitro/operator/Output.borrow;org/weakref/nitro/operator/NitroParquetScanOperator$ScanOutputResolver$$Lambda.0x00000000810ab860.apply;org/weakref/nitro/operator/NitroParquetScanOperator$ScanOutputResolver.resolve;org/weakref/nitro/operator/NitroParquetScanOperator.resolveLazyColumn;org/weakref/nitro/operator/NitroParquetScanOperator.decodeFullColumn;org/weakref/nitro/parquet/ColumnReader.readLongs;org/weakref/nitro/parquet/ColumnReader.decodeNextDataPage;org/weakref/nitro/parquet/ColumnReader.decodeDataPageV1;org/weakref/nitro/parquet/RleReader.read;org/weakref/nitro/parquet/RleReader.readBitPacked;org/weakref/nitro/parquet/VectorBitUnpacker.unpack8;jdk/incubator/vector/IntVector.intoArray 1
java/lang/Thread.run;java/lang/Thread.runWith;java/util/concurrent/ThreadPoolExecutor$Worker.run;java/util/concurrent/ThreadPoolExecutor.runWorker;java/util/concurrent/FutureTask.run;java/util/concurrent/Executors$RunnableAdapter.call;java/util/concurrent/FutureTask.run;org/openjdk/jmh/runner/BenchmarkHandler$BenchmarkTask.call;org/openjdk/jmh/runner/BenchmarkHandler$BenchmarkTask.call;java/lang/reflect/Method.invoke;jdk/internal/reflect/DirectMethodHandleAccessor.invoke;jdk/internal/reflect/DirectMethodHandleAccessor.invokeImpl;java/lang/invoke/LambdaForm$MH.0x0000000081061400.invokeExact_MT;java/lang/invoke/LambdaForm$MH.0x0000000081061000.invoke;java/lang/invoke/DirectMethodHandle$Holder.invokeSpecial;org/weakref/nitro/tpch/jmh_generated/BenchmarkQueries_query01_jmhTest.query01_AverageTime;org/weakref/nitro/tpch/jmh_generated/BenchmarkQueries_query01_jmhTest.query01_avgt_jmhStub;org/weakref/nitro/tpch/BenchmarkQueries.query01;org/weakref/nitro/tpch/BenchmarkQueries.consume;org/weakref/nitro/operator/SortOperator.next;org/weakref/nitro/operator/SortOperator.computeSorted;org/weakref/nitro/operator/GroupedAggregationOperator.next;org/weakref/nitro/operator/GroupedAggregationOperator.computeResults;org/weakref/nitro/operator/GroupedAggregationOperator.computeInlineGroupedResults;org/weakref/nitro/operator/GroupedAggregationOperator.assignInlineGroups;org/weakref/nitro/operator/GroupingState.assignGroups;org/weakref/nitro/operator/GroupingState.assignFlatGroups;org/weakref/nitro/data/I64Vector.values 1
java/lang/Thread.run;java/lang/Thread.runWith;java/util/concurrent/ThreadPoolExecutor$Worker.run;java/util/concurrent/ThreadPoolExecutor.runWorker;java/util/concurrent/FutureTask.run;java/util/concurrent/Executors$RunnableAdapter.call;java/util/concurrent/FutureTask.run;org/openjdk/jmh/runner/BenchmarkHandler$BenchmarkTask.call;org/openjdk/jmh/runner/BenchmarkHandler$BenchmarkTask.call;java/lang/reflect/Method.invoke;jdk/internal/reflect/DirectMethodHandleAccessor.invoke;jdk/internal/reflect/DirectMethodHandleAccessor.invokeImpl;java/lang/invoke/LambdaForm$MH.0x0000000081061400.invokeExact_MT;java/lang/invoke/LambdaForm$MH.0x0000000081061000.invoke;java/lang/invoke/DirectMethodHandle$Holder.invokeSpecial;org/weakref/nitro/tpch/jmh_generated/BenchmarkQueries_query01_jmhTest.query01_AverageTime;org/weakref/nitro/tpch/jmh_generated/BenchmarkQueries_query01_jmhTest.query01_avgt_jmhStub;org/weakref/nitro/tpch/BenchmarkQueries.query01;org/weakref/nitro/tpch/BenchmarkQueries.consume;org/weakref/nitro/operator/SortOperator.next;org/weakref/nitro/operator/SortOperator.computeSorted;org/weakref/nitro/operator/GroupedAggregationOperator.next;org/weakref/nitro/operator/GroupedAggregationOperator.computeResults;org/weakref/nitro/operator/GroupedAggregationOperator.computeInlineGroupedResults;org/weakref/nitro/operator/GroupedAggregationOperator.accumulateGroupedRows;org/weakref/nitro/operator/aggregation/SumF64.accumulate;org/weakref/nitro/operator/aggregation/SumF64.accumulate 2
/usr/lib/x86_64-linux-gnu/libc.so.6;/usr/lib/x86_64-linux-gnu/libc.so.6;thread_native_entry;Thread::call_run;JavaThread::thread_main_inner;CompileBroker::compiler_thread_loop;CompileBroker::invoke_compiler_on_method;C2Compiler::compile_method;Compile::Compile;Compile::Optimize;PhaseIdealLoop::optimize;PhaseIdealLoop::build_and_optimize;PhaseIdealLoop::split_if_with_blocks;PhaseIdealLoop::split_if_with_blocks_pre;PhaseIdealLoop::remix_address_expressions;PhaseIdealLoop::get_ctrl 1
java/lang/Thread.run;java/lang/Thread.runWith;java/util/concurrent/ThreadPoolExecutor$Worker.run;java/util/concurrent/ThreadPoolExecutor.runWorker;java/util/concurrent/FutureTask.run;java/util/concurrent/Executors$RunnableAdapter.call;java/util/concurrent/FutureTask.run;org/openjdk/jmh/runner/BenchmarkHandler$BenchmarkTask.call;org/openjdk/jmh/runner/BenchmarkHandler$BenchmarkTask.call;java/lang/reflect/Method.invoke;jdk/internal/reflect/DirectMethodHandleAccessor.invoke;jdk/internal/reflect/DirectMethodHandleAccessor.invokeImpl;java/lang/invoke/LambdaForm$MH.0x0000000081061400.invokeExact_MT;java/lang/invoke/LambdaForm$MH.0x0000000081061000.invoke;java/lang/invoke/DirectMethodHandle$Holder.invokeSpecial;org/weakref/nitro/tpch/jmh_generated/BenchmarkQueries_query01_jmhTest.query01_AverageTime;org/weakref/nitro/tpch/jmh_generated/BenchmarkQueries_query01_jmhTest.query01_avgt_jmhStub;org/weakref/nitro/tpch/BenchmarkQueries.query01;org/weakref/nitro/tpch/BenchmarkQueries.consume;org/weakref/nitro/operator/SortOperator.next;org/weakref/nitro/operator/SortOperator.computeSorted;org/weakref/nitro/operator/GroupedAggregationOperator.next;org/weakref/nitro/operator/GroupedAggregationOperator.computeResults;org/weakref/nitro/operator/GroupedAggregationOperator.computeInlineGroupedResults;org/weakref/nitro/operator/GroupedAggregationOperator.accumulateGroupedRows;org/weakref/nitro/operator/aggregation/SumF64.accumulate 3
java/lang/Thread.run;java/lang/Thread.runWith;java/util/concurrent/ThreadPoolExecutor$Worker.run;java/util/concurrent/ThreadPoolExecutor.runWorker;java/util/concurrent/FutureTask.run;java/util/concurrent/Executors$RunnableAdapter.call;java/util/concurrent/FutureTask.run;org/openjdk/jmh/runner/BenchmarkHandler$BenchmarkTask.call;org/openjdk/jmh/runner/BenchmarkHandler$BenchmarkTask.call;java/lang/reflect/Method.invoke;jdk/internal/reflect/DirectMethodHandleAccessor.invoke;jdk/internal/reflect/DirectMethodHandleAccessor.invokeImpl;java/lang/invoke/LambdaForm$MH.0x0000000081061400.invokeExact_MT;java/lang/invoke/LambdaForm$MH.0x0000000081061000.invoke;java/lang/invoke/DirectMethodHandle$Holder.invokeSpecial;org/weakref/nitro/tpch/jmh_generated/BenchmarkQueries_query01_jmhTest.query01_AverageTime;org/weakref/nitro/tpch/jmh_generated/BenchmarkQueries_query01_jmhTest.query01_avgt_jmhStub;org/weakref/nitro/tpch/BenchmarkQueries.query01;org/weakref/nitro/tpch/BenchmarkQueries.consume;org/weakref/nitro/operator/SortOperator.next;org/weakref/nitro/operator/SortOperator.computeSorted;org/weakref/nitro/operator/GroupedAggregationOperator.next;org/weakref/nitro/operator/GroupedAggregationOperator.computeResults;org/weakref/nitro/operator/GroupedAggregationOperator.computeInlineGroupedResults 1
java/lang/Thread.run;java/lang/Thread.runWith;java/util/concurrent/ThreadPoolExecutor$Worker.run;java/util/concurrent/ThreadPoolExecutor.runWorker;java/util/concurrent/FutureTask.run;java/util/concurrent/Executors$RunnableAdapter.call;java/util/concurrent/FutureTask.run;org/openjdk/jmh/runner/BenchmarkHandler$BenchmarkTask.call;org/openjdk/jmh/runner/BenchmarkHandler$BenchmarkTask.call;java/lang/reflect/Method.invoke;jdk/internal/reflect/DirectMethodHandleAccessor.invoke;jdk/internal/reflect/DirectMethodHandleAccessor.invokeImpl;java/lang/invoke/LambdaForm$MH.0x0000000081061400.invokeExact_MT;java/lang/invoke/LambdaForm$MH.0x0000000081061000.invoke;java/lang/invoke/DirectMethodHandle$Holder.invokeSpecial;org/weakref/nitro/tpch/jmh_generated/BenchmarkQueries_query01_jmhTest.query01_AverageTime;org/weakref/nitro/tpch/jmh_generated/BenchmarkQueries_query01_jmhTest.query01_avgt_jmhStub;org/weakref/nitro/tpch/BenchmarkQueries.query01;org/weakref/nitro/tpch/BenchmarkQueries.consume;org/weakref/nitro/operator/SortOperator.next;org/weakref/nitro/operator/SortOperator.computeSorted;org/weakref/nitro/operator/GroupedAggregationOperator.next;org/weakref/nitro/operator/GroupedAggregationOperator.computeResults;org/weakref/nitro/operator/GroupedAggregationOperator.computeInlineGroupedResults;org/weakref/nitro/operator/GroupedAggregationOperator.assignInlineGroups;org/weakref/nitro/operator/GroupingState.assignGroups;org/weakref/nitro/operator/GroupingState.assignFlatGroups;org/weakref/nitro/operator/FlatGroupingTable.assignGroup;org/weakref/nitro/operator/FlatKeyLayout.compositeValueId;org/weakref/nitro/operator/FlatKeyLayout.inputFieldNull 2
java/lang/Thread.run;java/lang/Thread.runWith;java/util/concurrent/ThreadPoolExecutor$Worker.run;java/util/concurrent/ThreadPoolExecutor.runWorker;java/util/concurrent/FutureTask.run;java/util/concurrent/Executors$RunnableAdapter.call;java/util/concurrent/FutureTask.run;org/openjdk/jmh/runner/BenchmarkHandler$BenchmarkTask.call;org/openjdk/jmh/runner/BenchmarkHandler$BenchmarkTask.call;java/lang/reflect/Method.invoke;jdk/internal/reflect/DirectMethodHandleAccessor.invoke;jdk/internal/reflect/DirectMethodHandleAccessor.invokeImpl;java/lang/invoke/LambdaForm$MH.0x0000000081061400.invokeExact_MT;java/lang/invoke/LambdaForm$MH.0x0000000081061000.invoke;java/lang/invoke/DirectMethodHandle$Holder.invokeSpecial;org/weakref/nitro/tpch/jmh_generated/BenchmarkQueries_query01_jmhTest.query01_AverageTime;org/weakref/nitro/tpch/jmh_generated/BenchmarkQueries_query01_jmhTest.query01_avgt_jmhStub;org/weakref/nitro/tpch/BenchmarkQueries.query01;org/weakref/nitro/tpch/BenchmarkQueries.consume;org/weakref/nitro/operator/SortOperator.next;org/weakref/nitro/operator/SortOperator.computeSorted;org/weakref/nitro/operator/GroupedAggregationOperator.next;org/weakref/nitro/operator/GroupedAggregationOperator.computeResults;org/weakref/nitro/operator/GroupedAggregationOperator.computeInlineGroupedResults;org/weakref/nitro/operator/GroupedAggregationOperator.assignInlineGroups;org/weakref/nitro/operator/GroupingState.assignGroups;org/weakref/nitro/operator/GroupingState.assignFlatGroups;org/weakref/nitro/operator/FlatGroupingTable.assignGroup;org/weakref/nitro/operator/FlatKeyLayout.compositeValueId;org/weakref/nitro/operator/FlatKeyLayout.globalIdFor 2
java/lang/Thread.run;java/lang/Thread.runWith;java/util/concurrent/ThreadPoolExecutor$Worker.run;java/util/concurrent/ThreadPoolExecutor.runWorker;java/util/concurrent/FutureTask.run;java/util/concurrent/Executors$RunnableAdapter.call;java/util/concurrent/FutureTask.run;org/openjdk/jmh/runner/BenchmarkHandler$BenchmarkTask.call;org/openjdk/jmh/runner/BenchmarkHandler$BenchmarkTask.call;java/lang/reflect/Method.invoke;jdk/internal/reflect/DirectMethodHandleAccessor.invoke;jdk/internal/reflect/DirectMethodHandleAccessor.invokeImpl;java/lang/invoke/LambdaForm$MH.0x0000000081061400.invokeExact_MT;java/lang/invoke/LambdaForm$MH.0x0000000081061000.invoke;java/lang/invoke/DirectMethodHandle$Holder.invokeSpecial;org/weakref/nitro/tpch/jmh_generated/BenchmarkQueries_query01_jmhTest.query01_AverageTime;org/weakref/nitro/tpch/jmh_generated/BenchmarkQueries_query01_jmhTest.query01_avgt_jmhStub;org/weakref/nitro/tpch/BenchmarkQueries.query01;org/weakref/nitro/tpch/BenchmarkQueries.consume;org/weakref/nitro/operator/SortOperator.next;org/weakref/nitro/operator/SortOperator.computeSorted;org/weakref/nitro/operator/GroupedAggregationOperator.next;org/weakref/nitro/operator/GroupedAggregationOperator.computeResults;org/weakref/nitro/operator/GroupedAggregationOperator.computeInlineGroupedResults;org/weakref/nitro/operator/GroupedAggregationOperator.assignInlineGroups;org/weakref/nitro/operator/Output.borrow;org/weakref/nitro/operator/Output.resolveMasked;org/weakref/nitro/operator/Output$$Lambda.0x000000008128d1c0.resolve;org/weakref/nitro/operator/Output.borrowMaybeMasked;org/weakref/nitro/operator/Output.borrow;org/weakref/nitro/operator/NitroParquetScanOperator$ScanOutputResolver$$Lambda.0x00000000810ab860.apply;org/weakref/nitro/operator/NitroParquetScanOperator$ScanOutputResolver.resolve;org/weakref/nitro/operator/NitroParquetScanOperator.resolveLazyColumn;org/weakref/nitro/operator/NitroParquetScanOperator.decodeFullColumn;org/weakref/nitro/parquet/ColumnReader.readBinary;org/weakref/nitro/parquet/ColumnReader.readBinaryDirect;org/weakref/nitro/parquet/ColumnReader.decodeNextDataPage;org/weakref/nitro/parquet/ColumnReader.decodeDataPageV1;org/weakref/nitro/parquet/ColumnReader.gatherDictionary;org/weakref/nitro/parquet/ColumnReader.gatherLongs;jdk/incubator/vector/LongVector.intoArray;jint_fill_stub 1
java/lang/Thread.run;java/lang/Thread.runWith;java/util/concurrent/ThreadPoolExecutor$Worker.run;java/util/concurrent/ThreadPoolExecutor.runWorker;java/util/concurrent/FutureTask.run;java/util/concurrent/Executors$RunnableAdapter.call;java/util/concurrent/FutureTask.run;org/openjdk/jmh/runner/BenchmarkHandler$BenchmarkTask.call;org/openjdk/jmh/runner/BenchmarkHandler$BenchmarkTask.call;java/lang/reflect/Method.invoke;jdk/internal/reflect/DirectMethodHandleAccessor.invoke;jdk/internal/reflect/DirectMethodHandleAccessor.invokeImpl;java/lang/invoke/LambdaForm$MH.0x0000000081061400.invokeExact_MT;java/lang/invoke/LambdaForm$MH.0x0000000081061000.invoke;java/lang/invoke/DirectMethodHandle$Holder.invokeSpecial;org/weakref/nitro/tpch/jmh_generated/BenchmarkQueries_query01_jmhTest.query01_AverageTime;org/weakref/nitro/tpch/jmh_generated/BenchmarkQueries_query01_jmhTest.query01_avgt_jmhStub;org/weakref/nitro/tpch/BenchmarkQueries.query01;org/weakref/nitro/tpch/BenchmarkQueries.consume;org/weakref/nitro/operator/SortOperator.next;org/weakref/nitro/operator/SortOperator.computeSorted;org/weakref/nitro/operator/GroupedAggregationOperator.next;org/weakref/nitro/operator/GroupedAggregationOperator.computeResults;org/weakref/nitro/operator/GroupedAggregationOperator.computeInlineGroupedResults;org/weakref/nitro/operator/GroupedAggregationOperator.assignInlineGroups;org/weakref/nitro/operator/GroupingState.assignGroups;org/weakref/nitro/operator/GroupingState.assignFlatGroups;org/weakref/nitro/operator/FlatGroupingTable.assignGroup;org/weakref/nitro/operator/FlatKeyLayout.compositeValueId 4
java/lang/Thread.run;java/lang/Thread.runWith;java/util/concurrent/ThreadPoolExecutor$Worker.run;java/util/concurrent/ThreadPoolExecutor.runWorker;java/util/concurrent/FutureTask.run;java/util/concurrent/Executors$RunnableAdapter.call;java/util/concurrent/FutureTask.run;org/openjdk/jmh/runner/BenchmarkHandler$BenchmarkTask.call;org/openjdk/jmh/runner/BenchmarkHandler$BenchmarkTask.call;java/lang/reflect/Method.invoke;jdk/internal/reflect/DirectMethodHandleAccessor.invoke;jdk/internal/reflect/DirectMethodHandleAccessor.invokeImpl;java/lang/invoke/LambdaForm$MH.0x0000000081061400.invokeExact_MT;java/lang/invoke/LambdaForm$MH.0x0000000081061000.invoke;java/lang/invoke/DirectMethodHandle$Holder.invokeSpecial;org/weakref/nitro/tpch/jmh_generated/BenchmarkQueries_query01_jmhTest.query01_AverageTime;org/weakref/nitro/tpch/jmh_generated/BenchmarkQueries_query01_jmhTest.query01_avgt_jmhStub;org/weakref/nitro/tpch/BenchmarkQueries.query01;org/weakref/nitro/tpch/BenchmarkQueries.consume;org/weakref/nitro/operator/SortOperator.next;org/weakref/nitro/operator/SortOperator.computeSorted;org/weakref/nitro/operator/GroupedAggregationOperator.next;org/weakref/nitro/operator/GroupedAggregationOperator.computeResults;org/weakref/nitro/operator/GroupedAggregationOperator.computeInlineGroupedResults;org/weakref/nitro/operator/GroupedAggregationOperator.accumulateGroupedRows;org/weakref/nitro/operator/aggregation/SumF64.accumulate;org/weakref/nitro/operator/aggregation/StreamAccessors$$Lambda.0x0000000081293428.stream;org/weakref/nitro/operator/aggregation/StreamAccessors.lambda$forBatch$0;org/weakref/nitro/operator/aggregation/StreamAccessors.read;org/weakref/nitro/operator/Output.borrowOrNull;org/weakref/nitro/operator/Output.borrow;org/weakref/nitro/operator/Output.resolveMasked;org/weakref/nitro/operator/Output$$Lambda.0x000000008128d1c0.resolve;org/weakref/nitro/operator/Output.borrowMaybeMasked;org/weakref/nitro/operator/Output.borrow;org/weakref/nitro/operator/NitroParquetScanOperator$ScanOutputResolver$$Lambda.0x00000000810ab860.apply;org/weakref/nitro/operator/NitroParquetScanOperator$ScanOutputResolver.resolve;org/weakref/nitro/operator/NitroParquetScanOperator.resolveLazyColumn;org/weakref/nitro/operator/NitroParquetScanOperator.decodeFullColumn;org/weakref/nitro/parquet/ColumnReader.readLongs;org/weakref/nitro/parquet/ColumnReader.decodeNextDataPage;org/weakref/nitro/parquet/ColumnReader.decompress;io/airlift/compress/v3/snappy/SnappyNativeDecompressor.decompress;io/airlift/compress/v3/snappy/SnappyNative.decompress;io/airlift/compress/v3/snappy/SnappyNative.decompressInternal;java/lang/invoke/LambdaForm$MH.0x0000000081281400.invokeExact_MT;java/lang/invoke/LambdaForm$MH.0x0000000081298000.invoke;java/lang/invoke/LambdaForm$DMH.0x00000000810b1400.invokeStatic;jdk/internal/foreign/abi/DowncallStub.0x00000000810b1000.invoke;java/lang/invoke/LambdaForm$MH.0x0000000081282000.invokeExact_MT;java/lang/invoke/LambdaForm$MH.0x0000000081298400.invoke;nep_invoker_blob;snappy_uncompress;snappy::RawUncompress;snappy::RawUncompress;void snappy::SnappyDecompressor::DecompressAllTags<snappy::SnappyArrayWriter>;std::pair<unsigned char const*, long> snappy::DecompressBranchless<char*>;snappy::DeferMemCopy 1
java/lang/Thread.run;java/lang/Thread.runWith;java/util/concurrent/ThreadPoolExecutor$Worker.run;java/util/concurrent/ThreadPoolExecutor.runWorker;java/util/concurrent/FutureTask.run;java/util/concurrent/Executors$RunnableAdapter.call;java/util/concurrent/FutureTask.run;org/openjdk/jmh/runner/BenchmarkHandler$BenchmarkTask.call;org/openjdk/jmh/runner/BenchmarkHandler$BenchmarkTask.call;java/lang/reflect/Method.invoke;jdk/internal/reflect/DirectMethodHandleAccessor.invoke;jdk/internal/reflect/DirectMethodHandleAccessor.invokeImpl;java/lang/invoke/LambdaForm$MH.0x0000000081061400.invokeExact_MT;java/lang/invoke/LambdaForm$MH.0x0000000081061000.invoke;java/lang/invoke/DirectMethodHandle$Holder.invokeSpecial;org/weakref/nitro/tpch/jmh_generated/BenchmarkQueries_query01_jmhTest.query01_AverageTime;org/weakref/nitro/tpch/jmh_generated/BenchmarkQueries_query01_jmhTest.query01_avgt_jmhStub;org/weakref/nitro/tpch/BenchmarkQueries.query01;org/weakref/nitro/tpch/BenchmarkQueries.consume;org/weakref/nitro/operator/SortOperator.next;org/weakref/nitro/operator/SortOperator.computeSorted;org/weakref/nitro/operator/GroupedAggregationOperator.next;org/weakref/nitro/operator/GroupedAggregationOperator.computeResults;org/weakref/nitro/operator/GroupedAggregationOperator.computeInlineGroupedResults;org/weakref/nitro/operator/GroupedAggregationOperator.accumulateGroupedRows;org/weakref/nitro/operator/aggregation/SumF64.accumulate;org/weakref/nitro/operator/aggregation/StreamAccessors$$Lambda.0x0000000081293428.stream;org/weakref/nitro/operator/aggregation/StreamAccessors.lambda$forBatch$0;org/weakref/nitro/operator/aggregation/StreamAccessors.read;org/weakref/nitro/operator/Output.borrowOrNull;org/weakref/nitro/operator/Output.borrow;org/weakref/nitro/operator/Output.resolveMasked;org/weakref/nitro/operator/Output$$Lambda.0x000000008128d1c0.resolve;org/weakref/nitro/operator/Output.borrowMaybeMasked;org/weakref/nitro/operator/Output.borrow;org/weakref/nitro/operator/NitroParquetScanOperator$ScanOutputResolver$$Lambda.0x00000000810ab860.apply;org/weakref/nitro/operator/NitroParquetScanOperator$ScanOutputResolver.resolve;org/weakref/nitro/operator/NitroParquetScanOperator.resolveLazyColumn;org/weakref/nitro/operator/NitroParquetScanOperator.decodeFullColumn;org/weakref/nitro/parquet/ColumnReader.readLongs;org/weakref/nitro/parquet/ColumnReader.decodeNextDataPage;org/weakref/nitro/parquet/ColumnReader.decodeDataPageV1;org/weakref/nitro/parquet/ColumnReader.gatherDictionary;org/weakref/nitro/parquet/ColumnReader.gatherLongs;jdk/incubator/vector/LongVector.intoArray 3
java/lang/Thread.run;java/lang/Thread.runWith;java/util/concurrent/ThreadPoolExecutor$Worker.run;java/util/concurrent/ThreadPoolExecutor.runWorker;java/util/concurrent/FutureTask.run;java/util/concurrent/Executors$RunnableAdapter.call;java/util/concurrent/FutureTask.run;org/openjdk/jmh/runner/BenchmarkHandler$BenchmarkTask.call;org/openjdk/jmh/runner/BenchmarkHandler$BenchmarkTask.call;java/lang/reflect/Method.invoke;jdk/internal/reflect/DirectMethodHandleAccessor.invoke;jdk/internal/reflect/DirectMethodHandleAccessor.invokeImpl;java/lang/invoke/LambdaForm$MH.0x0000000081061400.invokeExact_MT;java/lang/invoke/LambdaForm$MH.0x0000000081061000.invoke;java/lang/invoke/DirectMethodHandle$Holder.invokeSpecial;org/weakref/nitro/tpch/jmh_generated/BenchmarkQueries_query01_jmhTest.query01_AverageTime;org/weakref/nitro/tpch/jmh_generated/BenchmarkQueries_query01_jmhTest.query01_avgt_jmhStub;org/weakref/nitro/tpch/BenchmarkQueries.query01;org/weakref/nitro/tpch/BenchmarkQueries.consume;org/weakref/nitro/operator/SortOperator.next;org/weakref/nitro/operator/SortOperator.computeSorted;org/weakref/nitro/operator/GroupedAggregationOperator.next;org/weakref/nitro/operator/GroupedAggregationOperator.computeResults;org/weakref/nitro/operator/GroupedAggregationOperator.computeInlineGroupedResults;org/weakref/nitro/operator/GroupedAggregationOperator.accumulateGroupedRows;org/weakref/nitro/operator/aggregation/SumF64.accumulate;org/weakref/nitro/operator/aggregation/StreamAccessors$$Lambda.0x0000000081293428.stream;org/weakref/nitro/operator/aggregation/StreamAccessors.lambda$forBatch$0;org/weakref/nitro/operator/aggregation/StreamAccessors.read;org/weakref/nitro/operator/Output.borrowOrNull;org/weakref/nitro/operator/Output.borrow;org/weakref/nitro/operator/Output.resolveMasked;org/weakref/nitro/operator/Output$$Lambda.0x000000008128d1c0.resolve;org/weakref/nitro/operator/Output.borrowMaybeMasked;org/weakref/nitro/operator/Output.borrow;org/weakref/nitro/operator/NitroParquetScanOperator$ScanOutputResolver$$Lambda.0x00000000810ab860.apply;org/weakref/nitro/operator/NitroParquetScanOperator$ScanOutputResolver.resolve;org/weakref/nitro/operator/NitroParquetScanOperator.resolveLazyColumn;org/weakref/nitro/operator/NitroParquetScanOperator.decodeFullColumn;org/weakref/nitro/parquet/ColumnReader.readLongs;org/weakref/nitro/parquet/ColumnReader.decodeNextDataPage;org/weakref/nitro/parquet/ColumnReader.decompress;io/airlift/compress/v3/snappy/SnappyNativeDecompressor.decompress;io/airlift/compress/v3/snappy/SnappyNative.decompress;io/airlift/compress/v3/snappy/SnappyNative.decompressInternal;java/lang/invoke/LambdaForm$MH.0x0000000081281400.invokeExact_MT;java/lang/invoke/LambdaForm$MH.0x0000000081298000.invoke;java/lang/invoke/LambdaForm$DMH.0x00000000810b1400.invokeStatic;jdk/internal/foreign/abi/DowncallStub.0x00000000810b1000.invoke;java/lang/invoke/LambdaForm$MH.0x0000000081282000.invokeExact_MT;java/lang/invoke/LambdaForm$MH.0x0000000081298400.invoke;nep_invoker_blob;snappy_uncompress;snappy::RawUncompress;snappy::RawUncompress;void snappy::SnappyDecompressor::DecompressAllTags<snappy::SnappyArrayWriter>;std::pair<unsigned char const*, long> snappy::DecompressBranchless<char*> 34
java/lang/Thread.run;java/lang/Thread.runWith;java/util/concurrent/ThreadPoolExecutor$Worker.run;java/util/concurrent/ThreadPoolExecutor.runWorker;java/util/concurrent/FutureTask.run;java/util/concurrent/Executors$RunnableAdapter.call;java/util/concurrent/FutureTask.run;org/openjdk/jmh/runner/BenchmarkHandler$BenchmarkTask.call;org/openjdk/jmh/runner/BenchmarkHandler$BenchmarkTask.call;java/lang/reflect/Method.invoke;jdk/internal/reflect/DirectMethodHandleAccessor.invoke;jdk/internal/reflect/DirectMethodHandleAccessor.invokeImpl;java/lang/invoke/LambdaForm$MH.0x0000000081061400.invokeExact_MT;java/lang/invoke/LambdaForm$MH.0x0000000081061000.invoke;java/lang/invoke/DirectMethodHandle$Holder.invokeSpecial;org/weakref/nitro/tpch/jmh_generated/BenchmarkQueries_query01_jmhTest.query01_AverageTime;org/weakref/nitro/tpch/jmh_generated/BenchmarkQueries_query01_jmhTest.query01_avgt_jmhStub;org/weakref/nitro/tpch/BenchmarkQueries.query01;org/weakref/nitro/tpch/BenchmarkQueries.consume;org/weakref/nitro/operator/SortOperator.next;org/weakref/nitro/operator/SortOperator.computeSorted;org/weakref/nitro/operator/GroupedAggregationOperator.next;org/weakref/nitro/operator/GroupedAggregationOperator.computeResults;org/weakref/nitro/operator/GroupedAggregationOperator.computeInlineGroupedResults;org/weakref/nitro/operator/GroupedAggregationOperator.assignInlineGroups;org/weakref/nitro/operator/GroupingState.assignGroups;org/weakref/nitro/operator/GroupingState.assignFlatGroups;org/weakref/nitro/operator/FlatGroupingTable.assignGroup;org/weakref/nitro/operator/FlatKeyLayout.compositeValueId;org/weakref/nitro/operator/FlatKeyLayout.inputFieldNull 1
java/lang/Thread.run;java/lang/Thread.runWith;java/util/concurrent/ThreadPoolExecutor$Worker.run;java/util/concurrent/ThreadPoolExecutor.runWorker;java/util/concurrent/FutureTask.run;java/util/concurrent/Executors$RunnableAdapter.call;java/util/concurrent/FutureTask.run;org/openjdk/jmh/runner/BenchmarkHandler$BenchmarkTask.call;org/openjdk/jmh/runner/BenchmarkHandler$BenchmarkTask.call;java/lang/reflect/Method.invoke;jdk/internal/reflect/DirectMethodHandleAccessor.invoke;jdk/internal/reflect/DirectMethodHandleAccessor.invokeImpl;java/lang/invoke/LambdaForm$MH.0x0000000081061400.invokeExact_MT;java/lang/invoke/LambdaForm$MH.0x0000000081061000.invoke;java/lang/invoke/DirectMethodHandle$Holder.invokeSpecial;org/weakref/nitro/tpch/jmh_generated/BenchmarkQueries_query01_jmhTest.query01_AverageTime;org/weakref/nitro/tpch/jmh_generated/BenchmarkQueries_query01_jmhTest.query01_avgt_jmhStub;org/weakref/nitro/tpch/BenchmarkQueries.query01;org/weakref/nitro/tpch/BenchmarkQueries.consume;org/weakref/nitro/operator/SortOperator.next;org/weakref/nitro/operator/SortOperator.computeSorted;org/weakref/nitro/operator/GroupedAggregationOperator.next;org/weakref/nitro/operator/GroupedAggregationOperator.computeResults;org/weakref/nitro/operator/GroupedAggregationOperator.computeInlineGroupedResults;org/weakref/nitro/operator/GroupedAggregationOperator.assignInlineGroups;org/weakref/nitro/operator/GroupingState.assignGroups;org/weakref/nitro/operator/GroupingState.assignFlatGroups;org/weakref/nitro/operator/FlatGroupingTable.assignGroup;org/weakref/nitro/operator/FlatKeyLayout.compositeValueId 1
java/lang/Thread.run;java/lang/Thread.runWith;java/util/concurrent/ThreadPoolExecutor$Worker.run;java/util/concurrent/ThreadPoolExecutor.runWorker;java/util/concurrent/FutureTask.run;java/util/concurrent/Executors$RunnableAdapter.call;java/util/concurrent/FutureTask.run;org/openjdk/jmh/runner/BenchmarkHandler$BenchmarkTask.call;org/openjdk/jmh/runner/BenchmarkHandler$BenchmarkTask.call;java/lang/reflect/Method.invoke;jdk/internal/reflect/DirectMethodHandleAccessor.invoke;jdk/internal/reflect/DirectMethodHandleAccessor.invokeImpl;java/lang/invoke/LambdaForm$MH.0x0000000081061400.invokeExact_MT;java/lang/invoke/LambdaForm$MH.0x0000000081061000.invoke;java/lang/invoke/DirectMethodHandle$Holder.invokeSpecial;org/weakref/nitro/tpch/jmh_generated/BenchmarkQueries_query01_jmhTest.query01_AverageTime;org/weakref/nitro/tpch/jmh_generated/BenchmarkQueries_query01_jmhTest.query01_avgt_jmhStub;org/weakref/nitro/tpch/BenchmarkQueries.query01;org/weakref/nitro/tpch/BenchmarkQueries.consume;org/weakref/nitro/operator/SortOperator.next;org/weakref/nitro/operator/SortOperator.computeSorted;org/weakref/nitro/operator/GroupedAggregationOperator.next;org/weakref/nitro/operator/GroupedAggregationOperator.computeResults;org/weakref/nitro/operator/GroupedAggregationOperator.computeInlineGroupedResults;org/weakref/nitro/operator/GroupedAggregationOperator.assignInlineGroups;org/weakref/nitro/operator/Output.borrow;org/weakref/nitro/operator/Output.resolveMasked;org/weakref/nitro/operator/Output$$Lambda.0x000000008128d1c0.resolve;org/weakref/nitro/operator/Output.borrowMaybeMasked;org/weakref/nitro/operator/Output.borrow;org/weakref/nitro/operator/NitroParquetScanOperator$ScanOutputResolver$$Lambda.0x00000000810ab860.apply;org/weakref/nitro/operator/NitroParquetScanOperator$ScanOutputResolver.resolve;org/weakref/nitro/operator/NitroParquetScanOperator.resolveLazyColumn;org/weakref/nitro/operator/NitroParquetScanOperator.decodeFullColumn;org/weakref/nitro/parquet/ColumnReader.readBinary;org/weakref/nitro/parquet/ColumnReader.readBinaryDirect;org/weakref/nitro/parquet/ColumnReader.decodeNextDataPage;org/weakref/nitro/parquet/ColumnReader.decodeDataPageV1;org/weakref/nitro/parquet/RleReader.read;org/weakref/nitro/parquet/RleReader.readBitPacked;org/weakref/nitro/parquet/VectorBitUnpacker.unpack8;jdk/incubator/vector/Int256Vector.lanewise;jdk/incubator/vector/Int256Vector.lanewise;jdk/incubator/vector/IntVector.lanewiseTemplate;jdk/incubator/vector/AbstractVector.check;jdk/incubator/vector/AbstractVector.sameSpecies 1
java/lang/Thread.run;java/lang/Thread.runWith;java/util/concurrent/ThreadPoolExecutor$Worker.run;java/util/concurrent/ThreadPoolExecutor.runWorker;java/util/concurrent/FutureTask.run;java/util/concurrent/Executors$RunnableAdapter.call;java/util/concurrent/FutureTask.run;org/openjdk/jmh/runner/BenchmarkHandler$BenchmarkTask.call;org/openjdk/jmh/runner/BenchmarkHandler$BenchmarkTask.call;java/lang/reflect/Method.invoke;jdk/internal/reflect/DirectMethodHandleAccessor.invoke;jdk/internal/reflect/DirectMethodHandleAccessor.invokeImpl;java/lang/invoke/LambdaForm$MH.0x0000000081061400.invokeExact_MT;java/lang/invoke/LambdaForm$MH.0x0000000081061000.invoke;java/lang/invoke/DirectMethodHandle$Holder.invokeSpecial;org/weakref/nitro/tpch/jmh_generated/BenchmarkQueries_query01_jmhTest.query01_AverageTime;org/weakref/nitro/tpch/jmh_generated/BenchmarkQueries_query01_jmhTest.query01_avgt_jmhStub;org/weakref/nitro/tpch/BenchmarkQueries.query01;org/weakref/nitro/tpch/BenchmarkQueries.consume;org/weakref/nitro/operator/SortOperator.next;org/weakref/nitro/operator/SortOperator.computeSorted;org/weakref/nitro/operator/GroupedAggregationOperator.next;org/weakref/nitro/operator/GroupedAggregationOperator.computeResults;org/weakref/nitro/operator/GroupedAggregationOperator.computeInlineGroupedResults;org/weakref/nitro/operator/GroupedAggregationOperator.accumulateGroupedRows;org/weakref/nitro/operator/aggregation/SumF64.accumulate;org/weakref/nitro/operator/aggregation/StreamAccessors$$Lambda.0x0000000081293428.stream;org/weakref/nitro/operator/aggregation/StreamAccessors.lambda$forBatch$0;org/weakref/nitro/operator/aggregation/StreamAccessors.read;org/weakref/nitro/operator/Output.borrowOrNull;org/weakref/nitro/operator/Output.borrow;org/weakref/nitro/operator/ProjectOperator$$Lambda.0x000000008128d620.apply;org/weakref/nitro/operator/ProjectOperator.lambda$next$4;org/weakref/nitro/operator/ProjectOperator.evaluateOutput;java/util/HashMap.computeIfAbsent;org/weakref/nitro/operator/ProjectOperator$$Lambda.0x0000000081297038.apply;org/weakref/nitro/operator/ProjectOperator.lambda$evaluateOutput$0;org/weakref/nitro/operator/ProjectOperator.evaluateBundle;org/weakref/nitro/operator/ProjectOperator$BatchState.fusedResults;org/weakref/nitro/jit/generated/FusedProj_1.apply 3
/usr/lib/x86_64-linux-gnu/libc.so.6;/usr/lib/x86_64-linux-gnu/libc.so.6;thread_native_entry;Thread::call_run;JavaThread::thread_main_inner;CompileBroker::compiler_thread_loop;CompileBroker::invoke_compiler_on_method;C2Compiler::compile_method;Compile::Compile;PhaseRemoveUseless::PhaseRemoveUseless;Compile::identify_useful_nodes 1
java/lang/Thread.run;java/lang/Thread.runWith;java/util/concurrent/ThreadPoolExecutor$Worker.run;java/util/concurrent/ThreadPoolExecutor.runWorker;java/util/concurrent/FutureTask.run;java/util/concurrent/Executors$RunnableAdapter.call;java/util/concurrent/FutureTask.run;org/openjdk/jmh/runner/BenchmarkHandler$BenchmarkTask.call;org/openjdk/jmh/runner/BenchmarkHandler$BenchmarkTask.call;java/lang/reflect/Method.invoke;jdk/internal/reflect/DirectMethodHandleAccessor.invoke;jdk/internal/reflect/DirectMethodHandleAccessor.invokeImpl;java/lang/invoke/LambdaForm$MH.0x0000000081061400.invokeExact_MT;java/lang/invoke/LambdaForm$MH.0x0000000081061000.invoke;java/lang/invoke/DirectMethodHandle$Holder.invokeSpecial;org/weakref/nitro/tpch/jmh_generated/BenchmarkQueries_query01_jmhTest.query01_AverageTime;org/weakref/nitro/tpch/jmh_generated/BenchmarkQueries_query01_jmhTest.query01_avgt_jmhStub;org/weakref/nitro/tpch/BenchmarkQueries.query01;org/weakref/nitro/tpch/BenchmarkQueries.consume;org/weakref/nitro/operator/SortOperator.next;org/weakref/nitro/operator/SortOperator.computeSorted;org/weakref/nitro/operator/GroupedAggregationOperator.next;org/weakref/nitro/operator/GroupedAggregationOperator.computeResults;org/weakref/nitro/operator/GroupedAggregationOperator.computeInlineGroupedResults;org/weakref/nitro/operator/GroupedAggregationOperator.accumulateGroupedRows;org/weakref/nitro/operator/aggregation/SumF64.accumulate;org/weakref/nitro/operator/aggregation/StreamAccessors$$Lambda.0x0000000081293428.stream;org/weakref/nitro/operator/aggregation/StreamAccessors.lambda$forBatch$0;org/weakref/nitro/operator/aggregation/StreamAccessors.read;org/weakref/nitro/operator/Output.borrowOrNull;org/weakref/nitro/operator/Output.borrow;org/weakref/nitro/operator/Output.resolveMasked;org/weakref/nitro/operator/Output$$Lambda.0x000000008128d1c0.resolve;org/weakref/nitro/operator/Output.borrowMaybeMasked;org/weakref/nitro/operator/Output.borrow;org/weakref/nitro/operator/NitroParquetScanOperator$ScanOutputResolver$$Lambda.0x00000000810ab860.apply;org/weakref/nitro/operator/NitroParquetScanOperator$ScanOutputResolver.resolve;org/weakref/nitro/operator/NitroParquetScanOperator.resolveLazyColumn;org/weakref/nitro/operator/NitroParquetScanOperator.decodeFullColumn;org/weakref/nitro/parquet/ColumnReader.readLongs;org/weakref/nitro/parquet/ColumnReader.decodeNextDataPage;org/weakref/nitro/parquet/ColumnReader.decodeDataPageV1;org/weakref/nitro/parquet/ColumnReader.decodePlain;java/lang/foreign/MemorySegment.copy;jdk/internal/foreign/AbstractMemorySegmentImpl.copy;jdk/internal/misc/ScopedMemoryAccess.copyMemory;jdk/internal/misc/ScopedMemoryAccess.copyMemoryInternal;jdk/internal/misc/Unsafe.copyMemory;jlong_disjoint_arraycopy_stub 1
java/lang/Thread.run;java/lang/Thread.runWith;java/util/concurrent/ThreadPoolExecutor$Worker.run;java/util/concurrent/ThreadPoolExecutor.runWorker;java/util/concurrent/FutureTask.run;java/util/concurrent/Executors$RunnableAdapter.call;java/util/concurrent/FutureTask.run;org/openjdk/jmh/runner/BenchmarkHandler$BenchmarkTask.call;org/openjdk/jmh/runner/BenchmarkHandler$BenchmarkTask.call;java/lang/reflect/Method.invoke;jdk/internal/reflect/DirectMethodHandleAccessor.invoke;jdk/internal/reflect/DirectMethodHandleAccessor.invokeImpl;java/lang/invoke/LambdaForm$MH.0x0000000081061400.invokeExact_MT;java/lang/invoke/LambdaForm$MH.0x0000000081061000.invoke;java/lang/invoke/DirectMethodHandle$Holder.invokeSpecial;org/weakref/nitro/tpch/jmh_generated/BenchmarkQueries_query01_jmhTest.query01_AverageTime;org/weakref/nitro/tpch/jmh_generated/BenchmarkQueries_query01_jmhTest.query01_avgt_jmhStub;org/weakref/nitro/tpch/BenchmarkQueries.query01;org/weakref/nitro/tpch/BenchmarkQueries.consume;org/weakref/nitro/operator/SortOperator.next;org/weakref/nitro/operator/SortOperator.computeSorted;org/weakref/nitro/operator/GroupedAggregationOperator.next;org/weakref/nitro/operator/GroupedAggregationOperator.computeResults;org/weakref/nitro/operator/GroupedAggregationOperator.computeInlineGroupedResults;org/weakref/nitro/operator/GroupedAggregationOperator.accumulateGroupedRows;org/weakref/nitro/operator/aggregation/AvgF64.accumulate;org/weakref/nitro/data/AvgStateVector.incrementDouble 6
java/lang/Thread.run;java/lang/Thread.runWith;java/util/concurrent/ThreadPoolExecutor$Worker.run;java/util/concurrent/ThreadPoolExecutor.runWorker;java/util/concurrent/FutureTask.run;java/util/concurrent/Executors$RunnableAdapter.call;java/util/concurrent/FutureTask.run;org/openjdk/jmh/runner/BenchmarkHandler$BenchmarkTask.call;org/openjdk/jmh/runner/BenchmarkHandler$BenchmarkTask.call;java/lang/reflect/Method.invoke;jdk/internal/reflect/DirectMethodHandleAccessor.invoke;jdk/internal/reflect/DirectMethodHandleAccessor.invokeImpl;java/lang/invoke/LambdaForm$MH.0x0000000081061400.invokeExact_MT;java/lang/invoke/LambdaForm$MH.0x0000000081061000.invoke;java/lang/invoke/DirectMethodHandle$Holder.invokeSpecial;org/weakref/nitro/tpch/jmh_generated/BenchmarkQueries_query01_jmhTest.query01_AverageTime;org/weakref/nitro/tpch/jmh_generated/BenchmarkQueries_query01_jmhTest.query01_avgt_jmhStub;org/weakref/nitro/tpch/BenchmarkQueries.query01;org/weakref/nitro/tpch/BenchmarkQueries.consume;org/weakref/nitro/operator/SortOperator.next;org/weakref/nitro/operator/SortOperator.computeSorted;org/weakref/nitro/operator/GroupedAggregationOperator.next;org/weakref/nitro/operator/GroupedAggregationOperator.computeResults;org/weakref/nitro/operator/GroupedAggregationOperator.computeInlineGroupedResults;org/weakref/nitro/operator/GroupedAggregationOperator.accumulateGroupedRows;org/weakref/nitro/operator/aggregation/SumF64.accumulate;org/weakref/nitro/operator/aggregation/SumF64.accumulate 14
java/lang/Thread.run;java/lang/Thread.runWith;java/util/concurrent/ThreadPoolExecutor$Worker.run;java/util/concurrent/ThreadPoolExecutor.runWorker;java/util/concurrent/FutureTask.run;java/util/concurrent/Executors$RunnableAdapter.call;java/util/concurrent/FutureTask.run;org/openjdk/jmh/runner/BenchmarkHandler$BenchmarkTask.call;org/openjdk/jmh/runner/BenchmarkHandler$BenchmarkTask.call;java/lang/reflect/Method.invoke;jdk/internal/reflect/DirectMethodHandleAccessor.invoke;jdk/internal/reflect/DirectMethodHandleAccessor.invokeImpl;java/lang/invoke/LambdaForm$MH.0x0000000081061400.invokeExact_MT;java/lang/invoke/LambdaForm$MH.0x0000000081061000.invoke;java/lang/invoke/DirectMethodHandle$Holder.invokeSpecial;org/weakref/nitro/tpch/jmh_generated/BenchmarkQueries_query01_jmhTest.query01_AverageTime;org/weakref/nitro/tpch/jmh_generated/BenchmarkQueries_query01_jmhTest.query01_avgt_jmhStub;org/weakref/nitro/tpch/BenchmarkQueries.query01;org/weakref/nitro/tpch/BenchmarkQueries.consume;org/weakref/nitro/operator/SortOperator.next;org/weakref/nitro/operator/SortOperator.computeSorted;org/weakref/nitro/operator/GroupedAggregationOperator.next;org/weakref/nitro/operator/GroupedAggregationOperator.computeResults;org/weakref/nitro/operator/GroupedAggregationOperator.computeInlineGroupedResults;org/weakref/nitro/operator/GroupedAggregationOperator.accumulateGroupedRows;org/weakref/nitro/operator/aggregation/AvgF64.accumulate;org/weakref/nitro/data/AvgStateVector.incrementDouble 2
java/lang/Thread.run;java/lang/Thread.runWith;java/util/concurrent/ThreadPoolExecutor$Worker.run;java/util/concurrent/ThreadPoolExecutor.runWorker;java/util/concurrent/FutureTask.run;java/util/concurrent/Executors$RunnableAdapter.call;java/util/concurrent/FutureTask.run;org/openjdk/jmh/runner/BenchmarkHandler$BenchmarkTask.call;org/openjdk/jmh/runner/BenchmarkHandler$BenchmarkTask.call;java/lang/reflect/Method.invoke;jdk/internal/reflect/DirectMethodHandleAccessor.invoke;jdk/internal/reflect/DirectMethodHandleAccessor.invokeImpl;java/lang/invoke/LambdaForm$MH.0x0000000081061400.invokeExact_MT;java/lang/invoke/LambdaForm$MH.0x0000000081061000.invoke;java/lang/invoke/DirectMethodHandle$Holder.invokeSpecial;org/weakref/nitro/tpch/jmh_generated/BenchmarkQueries_query01_jmhTest.query01_AverageTime;org/weakref/nitro/tpch/jmh_generated/BenchmarkQueries_query01_jmhTest.query01_avgt_jmhStub;org/weakref/nitro/tpch/BenchmarkQueries.query01;org/weakref/nitro/tpch/BenchmarkQueries.consume;org/weakref/nitro/operator/SortOperator.next;org/weakref/nitro/operator/SortOperator.computeSorted;org/weakref/nitro/operator/GroupedAggregationOperator.next;org/weakref/nitro/operator/GroupedAggregationOperator.computeResults;org/weakref/nitro/operator/GroupedAggregationOperator.computeInlineGroupedResults;org/weakref/nitro/operator/GroupedAggregationOperator.accumulateGroupedRows;org/weakref/nitro/operator/aggregation/AvgF64.accumulate;org/weakref/nitro/data/AvgStateVector.incrementDouble 14
java/lang/Thread.run;java/lang/Thread.runWith;java/util/concurrent/ThreadPoolExecutor$Worker.run;java/util/concurrent/ThreadPoolExecutor.runWorker;java/util/concurrent/FutureTask.run;java/util/concurrent/Executors$RunnableAdapter.call;java/util/concurrent/FutureTask.run;org/openjdk/jmh/runner/BenchmarkHandler$BenchmarkTask.call;org/openjdk/jmh/runner/BenchmarkHandler$BenchmarkTask.call;java/lang/reflect/Method.invoke;jdk/internal/reflect/DirectMethodHandleAccessor.invoke;jdk/internal/reflect/DirectMethodHandleAccessor.invokeImpl;java/lang/invoke/LambdaForm$MH.0x0000000081061400.invokeExact_MT;java/lang/invoke/LambdaForm$MH.0x0000000081061000.invoke;java/lang/invoke/DirectMethodHandle$Holder.invokeSpecial;org/weakref/nitro/tpch/jmh_generated/BenchmarkQueries_query01_jmhTest.query01_AverageTime;org/weakref/nitro/tpch/jmh_generated/BenchmarkQueries_query01_jmhTest.query01_avgt_jmhStub;org/weakref/nitro/tpch/BenchmarkQueries.query01;org/weakref/nitro/tpch/BenchmarkQueries.consume;org/weakref/nitro/operator/SortOperator.next;org/weakref/nitro/operator/SortOperator.computeSorted;org/weakref/nitro/operator/GroupedAggregationOperator.next;org/weakref/nitro/operator/GroupedAggregationOperator.computeResults;org/weakref/nitro/operator/GroupedAggregationOperator.computeInlineGroupedResults;org/weakref/nitro/operator/GroupedAggregationOperator.assignInlineGroups;org/weakref/nitro/operator/GroupingState.assignGroups;org/weakref/nitro/operator/GroupingState.assignFlatGroups;org/weakref/nitro/operator/FlatGroupingTable.assignGroup;org/weakref/nitro/operator/FlatKeyLayout.compositeValueId 2
java/lang/Thread.run;java/lang/Thread.runWith;java/util/concurrent/ThreadPoolExecutor$Worker.run;java/util/concurrent/ThreadPoolExecutor.runWorker;java/util/concurrent/FutureTask.run;java/util/concurrent/Executors$RunnableAdapter.call;java/util/concurrent/FutureTask.run;org/openjdk/jmh/runner/BenchmarkHandler$BenchmarkTask.call;org/openjdk/jmh/runner/BenchmarkHandler$BenchmarkTask.call;java/lang/reflect/Method.invoke;jdk/internal/reflect/DirectMethodHandleAccessor.invoke;jdk/internal/reflect/DirectMethodHandleAccessor.invokeImpl;java/lang/invoke/LambdaForm$MH.0x0000000081061400.invokeExact_MT;java/lang/invoke/LambdaForm$MH.0x0000000081061000.invoke;java/lang/invoke/DirectMethodHandle$Holder.invokeSpecial;org/weakref/nitro/tpch/jmh_generated/BenchmarkQueries_query01_jmhTest.query01_AverageTime;org/weakref/nitro/tpch/jmh_generated/BenchmarkQueries_query01_jmhTest.query01_avgt_jmhStub;org/weakref/nitro/tpch/BenchmarkQueries.query01;org/weakref/nitro/tpch/BenchmarkQueries.consume;org/weakref/nitro/operator/SortOperator.next;org/weakref/nitro/operator/SortOperator.computeSorted;org/weakref/nitro/operator/GroupedAggregationOperator.next;org/weakref/nitro/operator/GroupedAggregationOperator.computeResults;org/weakref/nitro/operator/GroupedAggregationOperator.computeInlineGroupedResults 1
/usr/lib/x86_64-linux-gnu/libc.so.6;/usr/lib/x86_64-linux-gnu/libc.so.6;thread_native_entry;Thread::call_run;JavaThread::thread_main_inner;CompileBroker::compiler_thread_loop;CompileBroker::invoke_compiler_on_method;C2Compiler::compile_method;Compile::Compile;ParseGenerator::generate;Parse::Parse;Parse::do_all_blocks;Parse::do_one_block;Parse::do_call;PredictedCallGenerator::generate;PredictedCallGenerator::generate;ParseGenerator::generate;Parse::Parse;Parse::do_all_blocks;Parse::do_one_block;Parse::do_call;PredictedCallGenerator::generate;ParseGenerator::generate;Parse::Parse;Parse::do_all_blocks;Parse::do_one_block;Parse::do_call;PredictedCallGenerator::generate;ParseGenerator::generate;Parse::Parse;Parse::do_all_blocks;Parse::do_one_block;Parse::do_call;PredictedCallGenerator::generate;ParseGenerator::generate;Parse::Parse;Parse::do_all_blocks;Parse::do_one_block;Parse::do_call;PredictedCallGenerator::generate;ParseGenerator::generate;Parse::Parse;Parse::do_all_blocks;Parse::do_one_block;Parse::do_call;PredictedCallGenerator::generate;ParseGenerator::generate;Parse::Parse;Parse::do_all_blocks;Parse::do_one_block;Parse::do_field_access;Parse::do_get_xxx;GraphKit::access_load_at;BarrierSetC2::load_at;BarrierSetC2::load_at_resolved;GraphKit::make_load;PhaseGVN::transform;LoadNode::Value;MemNode::can_see_stored_value;Compile::find_alias_type 1
java/lang/Thread.run;java/lang/Thread.runWith;java/util/concurrent/ThreadPoolExecutor$Worker.run;java/util/concurrent/ThreadPoolExecutor.runWorker;java/util/concurrent/FutureTask.run;java/util/concurrent/Executors$RunnableAdapter.call;java/util/concurrent/FutureTask.run;org/openjdk/jmh/runner/BenchmarkHandler$BenchmarkTask.call;org/openjdk/jmh/runner/BenchmarkHandler$BenchmarkTask.call;java/lang/reflect/Method.invoke;jdk/internal/reflect/DirectMethodHandleAccessor.invoke;jdk/internal/reflect/DirectMethodHandleAccessor.invokeImpl;java/lang/invoke/LambdaForm$MH.0x0000000081061400.invokeExact_MT;java/lang/invoke/LambdaForm$MH.0x0000000081061000.invoke;java/lang/invoke/DirectMethodHandle$Holder.invokeSpecial;org/weakref/nitro/tpch/jmh_generated/BenchmarkQueries_query01_jmhTest.query01_AverageTime;org/weakref/nitro/tpch/jmh_generated/BenchmarkQueries_query01_jmhTest.query01_avgt_jmhStub;org/weakref/nitro/tpch/BenchmarkQueries.query01;org/weakref/nitro/tpch/BenchmarkQueries.consume;org/weakref/nitro/operator/SortOperator.next;org/weakref/nitro/operator/SortOperator.computeSorted;org/weakref/nitro/operator/GroupedAggregationOperator.next;org/weakref/nitro/operator/GroupedAggregationOperator.computeResults;org/weakref/nitro/operator/GroupedAggregationOperator.computeInlineGroupedResults;org/weakref/nitro/operator/GroupedAggregationOperator.assignInlineGroups;org/weakref/nitro/operator/Output.borrow;org/weakref/nitro/operator/Output.resolveMasked;org/weakref/nitro/operator/Output$$Lambda.0x000000008128d1c0.resolve;org/weakref/nitro/operator/Output.borrowMaybeMasked;org/weakref/nitro/operator/Output.borrow;org/weakref/nitro/operator/NitroParquetScanOperator$ScanOutputResolver$$Lambda.0x00000000810ab860.apply;org/weakref/nitro/operator/NitroParquetScanOperator$ScanOutputResolver.resolve;org/weakref/nitro/operator/NitroParquetScanOperator.resolveLazyColumn;org/weakref/nitro/operator/NitroParquetScanOperator.decodeFullColumn;org/weakref/nitro/parquet/ColumnReader.readBinary;org/weakref/nitro/parquet/ColumnReader.readBinaryDirect;org/weakref/nitro/parquet/ColumnReader.decodeNextDataPage;org/weakref/nitro/parquet/ColumnReader.decodeDataPageV1;org/weakref/nitro/parquet/ColumnReader.scatterDictionaryBinaryIds;java/util/Arrays.fill;arrayof_jbyte_fill_stub 1
java/lang/Thread.run;java/lang/Thread.runWith;java/util/concurrent/ThreadPoolExecutor$Worker.run;java/util/concurrent/ThreadPoolExecutor.runWorker;java/util/concurrent/FutureTask.run;java/util/concurrent/Executors$RunnableAdapter.call;java/util/concurrent/FutureTask.run;org/openjdk/jmh/runner/BenchmarkHandler$BenchmarkTask.call;org/openjdk/jmh/runner/BenchmarkHandler$BenchmarkTask.call;java/lang/reflect/Method.invoke;jdk/internal/reflect/DirectMethodHandleAccessor.invoke;jdk/internal/reflect/DirectMethodHandleAccessor.invokeImpl;java/lang/invoke/LambdaForm$MH.0x0000000081061400.invokeExact_MT;java/lang/invoke/LambdaForm$MH.0x0000000081061000.invoke;java/lang/invoke/DirectMethodHandle$Holder.invokeSpecial;org/weakref/nitro/tpch/jmh_generated/BenchmarkQueries_query01_jmhTest.query01_AverageTime;org/weakref/nitro/tpch/jmh_generated/BenchmarkQueries_query01_jmhTest.query01_avgt_jmhStub;org/weakref/nitro/tpch/BenchmarkQueries.query01;org/weakref/nitro/tpch/BenchmarkQueries.consume;org/weakref/nitro/operator/SortOperator.next;org/weakref/nitro/operator/SortOperator.computeSorted;org/weakref/nitro/operator/GroupedAggregationOperator.next;org/weakref/nitro/operator/GroupedAggregationOperator.computeResults;org/weakref/nitro/operator/GroupedAggregationOperator.computeInlineGroupedResults;org/weakref/nitro/operator/ProjectOperator.next;org/weakref/nitro/operator/FilterOperator.next;org/weakref/nitro/operator/evaluator/PlanEvaluator.evaluateInPlace;org/weakref/nitro/operator/evaluator/PlanEvaluator.evaluateTrueMaskInPlace;org/weakref/nitro/operator/evaluator/PlanEvaluator.tryEvaluatePrimitiveTrueMaskInPlace;org/weakref/nitro/operator/evaluator/PlanEvaluator.tryEvaluatePrimitiveMaskInPlace;org/weakref/nitro/operator/evaluator/PlanEvaluator.resolveMaskPrimitiveInvocation;org/weakref/nitro/operator/evaluator/PlanEvaluator.evaluateArgument;org/weakref/nitro/operator/FilterOperator$1.resolve;org/weakref/nitro/operator/Output.borrowOrNull;org/weakref/nitro/operator/Output.borrow;org/weakref/nitro/operator/Output.borrow;org/weakref/nitro/operator/NitroParquetScanOperator$ScanOutputResolver$$Lambda.0x00000000810ab860.apply;org/weakref/nitro/operator/NitroParquetScanOperator$ScanOutputResolver.resolve;org/weakref/nitro/operator/NitroParquetScanOperator.resolveLazyColumn;org/weakref/nitro/operator/NitroParquetScanOperator.decodeFullColumn;org/weakref/nitro/parquet/ColumnReader.readInts;org/weakref/nitro/parquet/ColumnReader.decodeNextDataPage;org/weakref/nitro/parquet/ColumnReader.decodeDataPageV1;org/weakref/nitro/parquet/ColumnReader.gatherDictionary;org/weakref/nitro/parquet/ColumnReader.gatherLongs;jdk/incubator/vector/LongVector.intoArray 3
java/lang/Thread.run;java/lang/Thread.runWith;java/util/concurrent/ThreadPoolExecutor$Worker.run;java/util/concurrent/ThreadPoolExecutor.runWorker;java/util/concurrent/FutureTask.run;java/util/concurrent/Executors$RunnableAdapter.call;java/util/concurrent/FutureTask.run;org/openjdk/jmh/runner/BenchmarkHandler$BenchmarkTask.call;org/openjdk/jmh/runner/BenchmarkHandler$BenchmarkTask.call;java/lang/reflect/Method.invoke;jdk/internal/reflect/DirectMethodHandleAccessor.invoke;jdk/internal/reflect/DirectMethodHandleAccessor.invokeImpl;java/lang/invoke/LambdaForm$MH.0x0000000081061400.invokeExact_MT;java/lang/invoke/LambdaForm$MH.0x0000000081061000.invoke;java/lang/invoke/DirectMethodHandle$Holder.invokeSpecial;org/weakref/nitro/tpch/jmh_generated/BenchmarkQueries_query01_jmhTest.query01_AverageTime;org/weakref/nitro/tpch/jmh_generated/BenchmarkQueries_query01_jmhTest.query01_avgt_jmhStub;org/weakref/nitro/tpch/BenchmarkQueries.query01;org/weakref/nitro/tpch/BenchmarkQueries.consume;org/weakref/nitro/operator/SortOperator.next;org/weakref/nitro/operator/SortOperator.computeSorted;org/weakref/nitro/operator/GroupedAggregationOperator.next;org/weakref/nitro/operator/GroupedAggregationOperator.computeResults;org/weakref/nitro/operator/GroupedAggregationOperator.computeInlineGroupedResults;org/weakref/nitro/operator/GroupedAggregationOperator.assignInlineGroups;org/weakref/nitro/operator/GroupingState.assignGroups;org/weakref/nitro/operator/GroupingState.assignFlatGroups;org/weakref/nitro/operator/FlatGroupingTable.assignGroup 1
java/lang/Thread.run;java/lang/Thread.runWith;java/util/concurrent/ThreadPoolExecutor$Worker.run;java/util/concurrent/ThreadPoolExecutor.runWorker;java/util/concurrent/FutureTask.run;java/util/concurrent/Executors$RunnableAdapter.call;java/util/concurrent/FutureTask.run;org/openjdk/jmh/runner/BenchmarkHandler$BenchmarkTask.call;org/openjdk/jmh/runner/BenchmarkHandler$BenchmarkTask.call;java/lang/reflect/Method.invoke;jdk/internal/reflect/DirectMethodHandleAccessor.invoke;jdk/internal/reflect/DirectMethodHandleAccessor.invokeImpl;java/lang/invoke/LambdaForm$MH.0x0000000081061400.invokeExact_MT;java/lang/invoke/LambdaForm$MH.0x0000000081061000.invoke;java/lang/invoke/DirectMethodHandle$Holder.invokeSpecial;org/weakref/nitro/tpch/jmh_generated/BenchmarkQueries_query01_jmhTest.query01_AverageTime;org/weakref/nitro/tpch/jmh_generated/BenchmarkQueries_query01_jmhTest.query01_avgt_jmhStub;org/weakref/nitro/tpch/BenchmarkQueries.query01;org/weakref/nitro/tpch/BenchmarkQueries.consume;org/weakref/nitro/operator/SortOperator.next;org/weakref/nitro/operator/SortOperator.computeSorted;org/weakref/nitro/operator/GroupedAggregationOperator.next;org/weakref/nitro/operator/GroupedAggregationOperator.computeResults;org/weakref/nitro/operator/GroupedAggregationOperator.computeInlineGroupedResults;org/weakref/nitro/operator/GroupedAggregationOperator.accumulateGroupedRows;org/weakref/nitro/operator/aggregation/SumF64.accumulate;org/weakref/nitro/data/Mask$1.next;org/weakref/nitro/data/Mask$1.next 1
/usr/lib/x86_64-linux-gnu/libc.so.6;/usr/lib/x86_64-linux-gnu/libc.so.6;thread_native_entry;Thread::call_run;JavaThread::thread_main_inner;CompileBroker::compiler_thread_loop;CompileBroker::invoke_compiler_on_method;Compiler::compile_method;Compilation::Compilation;Compilation::compile_method;Compilation::install_code;ciEnv::register_method;nmethod::new_nmethod;nmethod::nmethod;CodeBlob::CodeBlob;ImmutableOopMapSet::build_from;ImmutableOopMapBuilder::fill;OopMap::copy_and_sort_data_to 1
/usr/lib/x86_64-linux-gnu/libc.so.6;/usr/lib/x86_64-linux-gnu/libc.so.6;thread_native_entry;Thread::call_run;JavaThread::thread_main_inner;CompileBroker::compiler_thread_loop;CompileBroker::invoke_compiler_on_method;C2Compiler::compile_method;Compile::Compile;Compile::Optimize;PhaseIterGVN::optimize;PhaseIterGVN::transform_old;NodeHash::hash_find_insert 1
/usr/lib/x86_64-linux-gnu/libc.so.6;/usr/lib/x86_64-linux-gnu/libc.so.6;thread_native_entry;Thread::call_run;JavaThread::thread_main_inner;CompileBroker::compiler_thread_loop;CompileBroker::invoke_compiler_on_method;C2Compiler::compile_method;Compile::Compile;Compile::Code_Gen;PhaseChaitin::Register_Allocate;PhaseChaitin::gather_lrg_masks 1
java/lang/Thread.run;java/lang/Thread.runWith;java/util/concurrent/ThreadPoolExecutor$Worker.run;java/util/concurrent/ThreadPoolExecutor.runWorker;java/util/concurrent/FutureTask.run;java/util/concurrent/Executors$RunnableAdapter.call;java/util/concurrent/FutureTask.run;org/openjdk/jmh/runner/BenchmarkHandler$BenchmarkTask.call;org/openjdk/jmh/runner/BenchmarkHandler$BenchmarkTask.call;java/lang/reflect/Method.invoke;jdk/internal/reflect/DirectMethodHandleAccessor.invoke;jdk/internal/reflect/DirectMethodHandleAccessor.invokeImpl;java/lang/invoke/LambdaForm$MH.0x0000000081061400.invokeExact_MT;java/lang/invoke/LambdaForm$MH.0x0000000081061000.invoke;java/lang/invoke/DirectMethodHandle$Holder.invokeSpecial;org/weakref/nitro/tpch/jmh_generated/BenchmarkQueries_query01_jmhTest.query01_AverageTime;org/weakref/nitro/tpch/jmh_generated/BenchmarkQueries_query01_jmhTest.query01_avgt_jmhStub;org/weakref/nitro/tpch/BenchmarkQueries.query01;org/weakref/nitro/tpch/BenchmarkQueries.consume;org/weakref/nitro/operator/SortOperator.next;org/weakref/nitro/operator/SortOperator.computeSorted;org/weakref/nitro/operator/GroupedAggregationOperator.next;org/weakref/nitro/operator/GroupedAggregationOperator.computeResults;org/weakref/nitro/operator/GroupedAggregationOperator.computeInlineGroupedResults;org/weakref/nitro/operator/GroupedAggregationOperator.accumulateGroupedRows;org/weakref/nitro/operator/aggregation/SumF64.accumulate;org/weakref/nitro/operator/aggregation/StreamAccessors$$Lambda.0x0000000081293428.stream;org/weakref/nitro/operator/aggregation/StreamAccessors.lambda$forBatch$0;org/weakref/nitro/operator/aggregation/StreamAccessors.read;org/weakref/nitro/operator/Output.borrowOrNull;org/weakref/nitro/operator/Output.borrow;org/weakref/nitro/operator/Output.resolveMasked;org/weakref/nitro/operator/Output$$Lambda.0x000000008128d1c0.resolve;org/weakref/nitro/operator/Output.borrowMaybeMasked;org/weakref/nitro/operator/Output.borrow;org/weakref/nitro/operator/NitroParquetScanOperator$ScanOutputResolver$$Lambda.0x00000000810ab860.apply;org/weakref/nitro/operator/NitroParquetScanOperator$ScanOutputResolver.resolve;org/weakref/nitro/operator/NitroParquetScanOperator.resolveLazyColumn;org/weakref/nitro/operator/NitroParquetScanOperator.decodeFullColumn;org/weakref/nitro/operator/NitroParquetScanOperator.longBitsToDoubles 1
java/lang/Thread.run;java/lang/Thread.runWith;java/util/concurrent/ThreadPoolExecutor$Worker.run;java/util/concurrent/ThreadPoolExecutor.runWorker;java/util/concurrent/FutureTask.run;java/util/concurrent/Executors$RunnableAdapter.call;java/util/concurrent/FutureTask.run;org/openjdk/jmh/runner/BenchmarkHandler$BenchmarkTask.call;org/openjdk/jmh/runner/BenchmarkHandler$BenchmarkTask.call;java/lang/reflect/Method.invoke;jdk/internal/reflect/DirectMethodHandleAccessor.invoke;jdk/internal/reflect/DirectMethodHandleAccessor.invokeImpl;java/lang/invoke/LambdaForm$MH.0x0000000081061400.invokeExact_MT;java/lang/invoke/LambdaForm$MH.0x0000000081061000.invoke;java/lang/invoke/DirectMethodHandle$Holder.invokeSpecial;org/weakref/nitro/tpch/jmh_generated/BenchmarkQueries_query01_jmhTest.query01_AverageTime;org/weakref/nitro/tpch/jmh_generated/BenchmarkQueries_query01_jmhTest.query01_avgt_jmhStub;org/weakref/nitro/tpch/BenchmarkQueries.query01;org/weakref/nitro/tpch/BenchmarkQueries.consume;org/weakref/nitro/operator/SortOperator.next;org/weakref/nitro/operator/SortOperator.computeSorted;org/weakref/nitro/operator/GroupedAggregationOperator.next;org/weakref/nitro/operator/GroupedAggregationOperator.computeResults;org/weakref/nitro/operator/GroupedAggregationOperator.computeInlineGroupedResults;org/weakref/nitro/operator/GroupedAggregationOperator.assignInlineGroups;org/weakref/nitro/operator/GroupingState.assignGroups;org/weakref/nitro/operator/GroupingState.assignFlatGroups 1
java/lang/Thread.run;java/lang/Thread.runWith;java/util/concurrent/ThreadPoolExecutor$Worker.run;java/util/concurrent/ThreadPoolExecutor.runWorker;java/util/concurrent/FutureTask.run;java/util/concurrent/Executors$RunnableAdapter.call;java/util/concurrent/FutureTask.run;org/openjdk/jmh/runner/BenchmarkHandler$BenchmarkTask.call;org/openjdk/jmh/runner/BenchmarkHandler$BenchmarkTask.call;java/lang/reflect/Method.invoke;jdk/internal/reflect/DirectMethodHandleAccessor.invoke;jdk/internal/reflect/DirectMethodHandleAccessor.invokeImpl;java/lang/invoke/LambdaForm$MH.0x0000000081061400.invokeExact_MT;java/lang/invoke/LambdaForm$MH.0x0000000081061000.invoke;java/lang/invoke/DirectMethodHandle$Holder.invokeSpecial;org/weakref/nitro/tpch/jmh_generated/BenchmarkQueries_query01_jmhTest.query01_AverageTime;org/weakref/nitro/tpch/jmh_generated/BenchmarkQueries_query01_jmhTest.query01_avgt_jmhStub;org/weakref/nitro/tpch/BenchmarkQueries.query01;org/weakref/nitro/tpch/BenchmarkQueries.consume;org/weakref/nitro/operator/SortOperator.next;org/weakref/nitro/operator/SortOperator.computeSorted;org/weakref/nitro/operator/GroupedAggregationOperator.next;org/weakref/nitro/operator/GroupedAggregationOperator.computeResults;org/weakref/nitro/operator/GroupedAggregationOperator.computeInlineGroupedResults;org/weakref/nitro/operator/GroupedAggregationOperator.accumulateGroupedRows;org/weakref/nitro/operator/aggregation/SumF64.accumulate;org/weakref/nitro/operator/aggregation/StreamAccessors$$Lambda.0x0000000081293428.stream;org/weakref/nitro/operator/aggregation/StreamAccessors.lambda$forBatch$0;org/weakref/nitro/operator/aggregation/StreamAccessors.read;org/weakref/nitro/operator/Output.borrowOrNull;org/weakref/nitro/operator/Output.borrow;org/weakref/nitro/operator/ProjectOperator$$Lambda.0x000000008128d620.apply;org/weakref/nitro/operator/ProjectOperator.lambda$next$4;org/weakref/nitro/operator/ProjectOperator.evaluateOutput;java/util/HashMap.computeIfAbsent;org/weakref/nitro/operator/ProjectOperator$$Lambda.0x0000000081297038.apply;org/weakref/nitro/operator/ProjectOperator.lambda$evaluateOutput$0;org/weakref/nitro/operator/ProjectOperator.evaluateBundle;org/weakref/nitro/operator/ProjectOperator$BatchState.fusedResults;org/weakref/nitro/jit/generated/FusedProj_1.apply 1
java/lang/Thread.run;java/lang/Thread.runWith;java/util/concurrent/ThreadPoolExecutor$Worker.run;java/util/concurrent/ThreadPoolExecutor.runWorker;java/util/concurrent/FutureTask.run;java/util/concurrent/Executors$RunnableAdapter.call;java/util/concurrent/FutureTask.run;org/openjdk/jmh/runner/BenchmarkHandler$BenchmarkTask.call;org/openjdk/jmh/runner/BenchmarkHandler$BenchmarkTask.call;java/lang/reflect/Method.invoke;jdk/internal/reflect/DirectMethodHandleAccessor.invoke;jdk/internal/reflect/DirectMethodHandleAccessor.invokeImpl;java/lang/invoke/LambdaForm$MH.0x0000000081061400.invokeExact_MT;java/lang/invoke/LambdaForm$MH.0x0000000081061000.invoke;java/lang/invoke/DirectMethodHandle$Holder.invokeSpecial;org/weakref/nitro/tpch/jmh_generated/BenchmarkQueries_query01_jmhTest.query01_AverageTime;org/weakref/nitro/tpch/jmh_generated/BenchmarkQueries_query01_jmhTest.query01_avgt_jmhStub;org/weakref/nitro/tpch/BenchmarkQueries.query01;org/weakref/nitro/tpch/BenchmarkQueries.consume;org/weakref/nitro/operator/SortOperator.close;org/weakref/nitro/operator/GroupedAggregationOperator.close;org/weakref/nitro/operator/ProjectOperator.close;org/weakref/nitro/operator/FilterOperator.close;org/weakref/nitro/operator/NitroParquetScanOperator.close;org/weakref/nitro/parquet/ParquetFile.close;jdk/internal/foreign/ArenaImpl.close;jdk/internal/foreign/MemorySessionImpl.close;jdk/internal/foreign/ConfinedSession$ConfinedResourceList.cleanup;jdk/internal/foreign/MemorySessionImpl$ResourceList.cleanupSingle;jdk/internal/foreign/SegmentFactories$2.cleanup;sun/nio/ch/FileChannelImpl$Unmapper.unmap;sun/nio/ch/UnixFileDispatcherImpl.unmap;sun/nio/ch/UnixFileDispatcherImpl.unmap0;Java_sun_nio_ch_UnixFileDispatcherImpl_unmap0;munmap;entry_SYSCALL_64_after_hwframe_[k];do_syscall_64_[k];x64_sys_call_[k];__x64_sys_munmap_[k];__vm_munmap_[k];do_vmi_munmap_[k];do_vmi_align_munmap_[k];vms_complete_munmap_vmas_[k];vms_clear_ptes_[k];unmap_vmas_[k];unmap_single_vma.isra.0_[k];unmap_page_range_[k];zap_pmd_range.isra.0_[k];zap_pte_range_[k];zap_present_ptes.constprop.0_[k] 1
java/lang/Thread.run;java/lang/Thread.runWith;java/util/concurrent/ThreadPoolExecutor$Worker.run;java/util/concurrent/ThreadPoolExecutor.runWorker;java/util/concurrent/FutureTask.run;java/util/concurrent/Executors$RunnableAdapter.call;java/util/concurrent/FutureTask.run;org/openjdk/jmh/runner/BenchmarkHandler$BenchmarkTask.call;org/openjdk/jmh/runner/BenchmarkHandler$BenchmarkTask.call;java/lang/reflect/Method.invoke;jdk/internal/reflect/DirectMethodHandleAccessor.invoke;jdk/internal/reflect/DirectMethodHandleAccessor.invokeImpl;java/lang/invoke/LambdaForm$MH.0x0000000081061400.invokeExact_MT;java/lang/invoke/LambdaForm$MH.0x0000000081061000.invoke;java/lang/invoke/DirectMethodHandle$Holder.invokeSpecial;org/weakref/nitro/tpch/jmh_generated/BenchmarkQueries_query01_jmhTest.query01_AverageTime;org/weakref/nitro/tpch/jmh_generated/BenchmarkQueries_query01_jmhTest.query01_avgt_jmhStub;org/weakref/nitro/tpch/BenchmarkQueries.query01;org/weakref/nitro/tpch/BenchmarkQueries.consume;org/weakref/nitro/operator/SortOperator.next;org/weakref/nitro/operator/SortOperator.computeSorted;org/weakref/nitro/operator/GroupedAggregationOperator.next;org/weakref/nitro/operator/GroupedAggregationOperator.computeResults;org/weakref/nitro/operator/GroupedAggregationOperator.computeInlineGroupedResults;org/weakref/nitro/operator/GroupedAggregationOperator.accumulateGroupedRows;org/weakref/nitro/operator/aggregation/SumF64.accumulate;org/weakref/nitro/operator/aggregation/StreamAccessors$$Lambda.0x0000000081293428.stream;org/weakref/nitro/operator/aggregation/StreamAccessors.lambda$forBatch$0;org/weakref/nitro/operator/aggregation/StreamAccessors.read;org/weakref/nitro/operator/Output.borrowOrNull;org/weakref/nitro/operator/Output.borrow;org/weakref/nitro/operator/Output.resolveMasked;org/weakref/nitro/operator/Output$$Lambda.0x000000008128d1c0.resolve;org/weakref/nitro/operator/Output.borrowMaybeMasked;org/weakref/nitro/operator/Output.borrow;org/weakref/nitro/operator/NitroParquetScanOperator$ScanOutputResolver$$Lambda.0x00000000810ab860.apply;org/weakref/nitro/operator/NitroParquetScanOperator$ScanOutputResolver.resolve;org/weakref/nitro/operator/NitroParquetScanOperator.resolveLazyColumn;org/weakref/nitro/operator/NitroParquetScanOperator.decodeFullColumn;org/weakref/nitro/parquet/ColumnReader.readLongs;org/weakref/nitro/parquet/ColumnReader.decodeNextDataPage;org/weakref/nitro/parquet/ColumnReader.decompress;io/airlift/compress/v3/snappy/SnappyNativeDecompressor.decompress;io/airlift/compress/v3/snappy/SnappyNative.decompress;io/airlift/compress/v3/snappy/SnappyNative.decompressInternal;java/lang/invoke/LambdaForm$MH.0x0000000081281400.invokeExact_MT;java/lang/invoke/LambdaForm$MH.0x0000000081298000.invoke;java/lang/invoke/LambdaForm$DMH.0x00000000810b1400.invokeStatic;jdk/internal/foreign/abi/DowncallStub.0x00000000810b1000.invoke;java/lang/invoke/LambdaForm$MH.0x0000000081282000.invokeExact_MT;java/lang/invoke/LambdaForm$MH.0x0000000081298400.invoke;nep_invoker_blob;snappy_uncompress;snappy::RawUncompress;snappy::RawUncompress;void snappy::SnappyDecompressor::DecompressAllTags<snappy::SnappyArrayWriter>;std::pair<unsigned char const*, long> snappy::DecompressBranchless<char*>;snappy::MemCopy64;/usr/lib/x86_64-linux-gnu/libc.so.6 2
java/lang/Thread.run;java/lang/Thread.runWith;java/util/concurrent/ThreadPoolExecutor$Worker.run;java/util/concurrent/ThreadPoolExecutor.runWorker;java/util/concurrent/FutureTask.run;java/util/concurrent/Executors$RunnableAdapter.call;java/util/concurrent/FutureTask.run;org/openjdk/jmh/runner/BenchmarkHandler$BenchmarkTask.call;org/openjdk/jmh/runner/BenchmarkHandler$BenchmarkTask.call;java/lang/reflect/Method.invoke;jdk/internal/reflect/DirectMethodHandleAccessor.invoke;jdk/internal/reflect/DirectMethodHandleAccessor.invokeImpl;java/lang/invoke/LambdaForm$MH.0x0000000081061400.invokeExact_MT;java/lang/invoke/LambdaForm$MH.0x0000000081061000.invoke;java/lang/invoke/DirectMethodHandle$Holder.invokeSpecial;org/weakref/nitro/tpch/jmh_generated/BenchmarkQueries_query01_jmhTest.query01_AverageTime;org/weakref/nitro/tpch/jmh_generated/BenchmarkQueries_query01_jmhTest.query01_avgt_jmhStub;org/weakref/nitro/tpch/BenchmarkQueries.query01;org/weakref/nitro/tpch/BenchmarkQueries.consume;org/weakref/nitro/operator/SortOperator.next;org/weakref/nitro/operator/SortOperator.computeSorted;org/weakref/nitro/operator/GroupedAggregationOperator.next;org/weakref/nitro/operator/GroupedAggregationOperator.computeResults;org/weakref/nitro/operator/GroupedAggregationOperator.computeInlineGroupedResults;org/weakref/nitro/operator/GroupedAggregationOperator.accumulateGroupedRows;org/weakref/nitro/operator/aggregation/CountAll.accumulate 1
java/lang/Thread.run;java/lang/Thread.runWith;java/util/concurrent/ThreadPoolExecutor$Worker.run;java/util/concurrent/ThreadPoolExecutor.runWorker;java/util/concurrent/FutureTask.run;java/util/concurrent/Executors$RunnableAdapter.call;java/util/concurrent/FutureTask.run;org/openjdk/jmh/runner/BenchmarkHandler$BenchmarkTask.call;org/openjdk/jmh/runner/BenchmarkHandler$BenchmarkTask.call;java/lang/reflect/Method.invoke;jdk/internal/reflect/DirectMethodHandleAccessor.invoke;jdk/internal/reflect/DirectMethodHandleAccessor.invokeImpl;java/lang/invoke/LambdaForm$MH.0x0000000081061400.invokeExact_MT;java/lang/invoke/LambdaForm$MH.0x0000000081061000.invoke;java/lang/invoke/DirectMethodHandle$Holder.invokeSpecial;org/weakref/nitro/tpch/jmh_generated/BenchmarkQueries_query01_jmhTest.query01_AverageTime;org/weakref/nitro/tpch/jmh_generated/BenchmarkQueries_query01_jmhTest.query01_avgt_jmhStub;org/weakref/nitro/tpch/BenchmarkQueries.query01;org/weakref/nitro/tpch/BenchmarkQueries.consume;org/weakref/nitro/operator/SortOperator.next;org/weakref/nitro/operator/SortOperator.computeSorted;org/weakref/nitro/operator/GroupedAggregationOperator.next;org/weakref/nitro/operator/GroupedAggregationOperator.computeResults;org/weakref/nitro/operator/GroupedAggregationOperator.computeInlineGroupedResults;org/weakref/nitro/operator/GroupedAggregationOperator.accumulateGroupedRows;org/weakref/nitro/operator/aggregation/AvgF64.accumulate;org/weakref/nitro/function/scalar/builtin/VectorAccess$$Lambda.0x0000000081296e08.value;org/weakref/nitro/function/scalar/builtin/VectorAccess.lambda$doubleValues$0 1
java/lang/Thread.run;java/lang/Thread.runWith;java/util/concurrent/ThreadPoolExecutor$Worker.run;java/util/concurrent/ThreadPoolExecutor.runWorker;java/util/concurrent/FutureTask.run;java/util/concurrent/Executors$RunnableAdapter.call;java/util/concurrent/FutureTask.run;org/openjdk/jmh/runner/BenchmarkHandler$BenchmarkTask.call;org/openjdk/jmh/runner/BenchmarkHandler$BenchmarkTask.call;java/lang/reflect/Method.invoke;jdk/internal/reflect/DirectMethodHandleAccessor.invoke;jdk/internal/reflect/DirectMethodHandleAccessor.invokeImpl;java/lang/invoke/LambdaForm$MH.0x0000000081061400.invokeExact_MT;java/lang/invoke/LambdaForm$MH.0x0000000081061000.invoke;java/lang/invoke/DirectMethodHandle$Holder.invokeSpecial;org/weakref/nitro/tpch/jmh_generated/BenchmarkQueries_query01_jmhTest.query01_AverageTime;org/weakref/nitro/tpch/jmh_generated/BenchmarkQueries_query01_jmhTest.query01_avgt_jmhStub;org/weakref/nitro/tpch/BenchmarkQueries.query01;org/weakref/nitro/tpch/BenchmarkQueries.consume;org/weakref/nitro/operator/SortOperator.next;org/weakref/nitro/operator/SortOperator.computeSorted;org/weakref/nitro/operator/GroupedAggregationOperator.next;org/weakref/nitro/operator/GroupedAggregationOperator.computeResults;org/weakref/nitro/operator/GroupedAggregationOperator.computeInlineGroupedResults;org/weakref/nitro/operator/GroupedAggregationOperator.assignInlineGroups;org/weakref/nitro/operator/GroupingState.assignGroups;org/weakref/nitro/operator/GroupingState.assignFlatGroups;org/weakref/nitro/operator/FlatGroupingTable.assignGroup;org/weakref/nitro/operator/FlatKeyLayout.compositeValueId;org/weakref/nitro/operator/FlatKeyLayout.globalIdFor 5
java/lang/Thread.run;java/lang/Thread.runWith;java/util/concurrent/ThreadPoolExecutor$Worker.run;java/util/concurrent/ThreadPoolExecutor.runWorker;java/util/concurrent/FutureTask.run;java/util/concurrent/Executors$RunnableAdapter.call;java/util/concurrent/FutureTask.run;org/openjdk/jmh/runner/BenchmarkHandler$BenchmarkTask.call;org/openjdk/jmh/runner/BenchmarkHandler$BenchmarkTask.call;java/lang/reflect/Method.invoke;jdk/internal/reflect/DirectMethodHandleAccessor.invoke;jdk/internal/reflect/DirectMethodHandleAccessor.invokeImpl;java/lang/invoke/LambdaForm$MH.0x0000000081061400.invokeExact_MT;java/lang/invoke/LambdaForm$MH.0x0000000081061000.invoke;java/lang/invoke/DirectMethodHandle$Holder.invokeSpecial;org/weakref/nitro/tpch/jmh_generated/BenchmarkQueries_query01_jmhTest.query01_AverageTime;org/weakref/nitro/tpch/jmh_generated/BenchmarkQueries_query01_jmhTest.query01_avgt_jmhStub;org/weakref/nitro/tpch/BenchmarkQueries.query01;org/weakref/nitro/tpch/BenchmarkQueries.consume;org/weakref/nitro/operator/SortOperator.next;org/weakref/nitro/operator/SortOperator.computeSorted;org/weakref/nitro/operator/GroupedAggregationOperator.next;org/weakref/nitro/operator/GroupedAggregationOperator.computeResults;org/weakref/nitro/operator/GroupedAggregationOperator.computeInlineGroupedResults;org/weakref/nitro/operator/GroupedAggregationOperator.accumulateGroupedRows;org/weakref/nitro/operator/aggregation/AvgF64.accumulate;org/weakref/nitro/data/AvgStateVector.incrementDouble 1
java/lang/Thread.run;java/lang/Thread.runWith;java/util/concurrent/ThreadPoolExecutor$Worker.run;java/util/concurrent/ThreadPoolExecutor.runWorker;java/util/concurrent/FutureTask.run;java/util/concurrent/Executors$RunnableAdapter.call;java/util/concurrent/FutureTask.run;org/openjdk/jmh/runner/BenchmarkHandler$BenchmarkTask.call;org/openjdk/jmh/runner/BenchmarkHandler$BenchmarkTask.call;java/lang/reflect/Method.invoke;jdk/internal/reflect/DirectMethodHandleAccessor.invoke;jdk/internal/reflect/DirectMethodHandleAccessor.invokeImpl;java/lang/invoke/LambdaForm$MH.0x0000000081061400.invokeExact_MT;java/lang/invoke/LambdaForm$MH.0x0000000081061000.invoke;java/lang/invoke/DirectMethodHandle$Holder.invokeSpecial;org/weakref/nitro/tpch/jmh_generated/BenchmarkQueries_query01_jmhTest.query01_AverageTime;org/weakref/nitro/tpch/jmh_generated/BenchmarkQueries_query01_jmhTest.query01_avgt_jmhStub;org/weakref/nitro/tpch/BenchmarkQueries.query01;org/weakref/nitro/tpch/BenchmarkQueries.consume;org/weakref/nitro/operator/SortOperator.next;org/weakref/nitro/operator/SortOperator.computeSorted;org/weakref/nitro/operator/GroupedAggregationOperator.next;org/weakref/nitro/operator/GroupedAggregationOperator.computeResults;org/weakref/nitro/operator/GroupedAggregationOperator.computeInlineGroupedResults;org/weakref/nitro/operator/Batch.close;org/weakref/nitro/operator/ProjectOperator$$Lambda.0x000000008128e3b8.run;org/weakref/nitro/operator/ProjectOperator.lambda$next$11;org/weakref/nitro/operator/ProjectOperator$BatchState.close;org/weakref/nitro/operator/Batch.close;org/weakref/nitro/operator/FilterOperator$BatchState.close;org/weakref/nitro/operator/Batch.close;org/weakref/nitro/operator/Output.close;org/weakref/nitro/operator/Output.release;org/weakref/nitro/operator/BatchBufferOwner.accept;org/weakref/nitro/operator/BatchBufferOwner.accept;org/weakref/nitro/operator/NitroParquetScanOperator$ScanOutputResolver.release;org/weakref/nitro/operator/BatchBufferScope.release;org/weakref/nitro/data/Allocator.release;org/weakref/nitro/data/Allocator.releaseVectorTree;org/weakref/nitro/data/Allocator.releaseVector;org/weakref/nitro/data/Allocator$ContextState.releaseVector;org/weakref/nitro/data/Allocator$ContextState.untrackVector;java/util/HashMap.remove 1
java/lang/Thread.run;java/lang/Thread.runWith;java/util/concurrent/ThreadPoolExecutor$Worker.run;java/util/concurrent/ThreadPoolExecutor.runWorker;java/util/concurrent/FutureTask.run;java/util/concurrent/Executors$RunnableAdapter.call;java/util/concurrent/FutureTask.run;org/openjdk/jmh/runner/BenchmarkHandler$BenchmarkTask.call;org/openjdk/jmh/runner/BenchmarkHandler$BenchmarkTask.call;java/lang/reflect/Method.invoke;jdk/internal/reflect/DirectMethodHandleAccessor.invoke;jdk/internal/reflect/DirectMethodHandleAccessor.invokeImpl;java/lang/invoke/LambdaForm$MH.0x0000000081061400.invokeExact_MT;java/lang/invoke/LambdaForm$MH.0x0000000081061000.invoke;java/lang/invoke/DirectMethodHandle$Holder.invokeSpecial;org/weakref/nitro/tpch/jmh_generated/BenchmarkQueries_query01_jmhTest.query01_AverageTime;org/weakref/nitro/tpch/jmh_generated/BenchmarkQueries_query01_jmhTest.query01_avgt_jmhStub;org/weakref/nitro/tpch/BenchmarkQueries.query01;org/weakref/nitro/tpch/BenchmarkQueries.consume;org/weakref/nitro/operator/SortOperator.next;org/weakref/nitro/operator/SortOperator.computeSorted;org/weakref/nitro/operator/GroupedAggregationOperator.next;org/weakref/nitro/operator/GroupedAggregationOperator.computeResults;org/weakref/nitro/operator/GroupedAggregationOperator.computeInlineGroupedResults;org/weakref/nitro/operator/GroupedAggregationOperator.assignInlineGroups;org/weakref/nitro/operator/GroupingState.assignGroups;org/weakref/nitro/operator/GroupingState.assignFlatGroups;org/weakref/nitro/operator/FlatGroupingTable.assignGroup;org/weakref/nitro/operator/FlatKeyLayout.compositeValueId;org/weakref/nitro/operator/FlatKeyLayout.globalIdFor 1
java/lang/Thread.run;java/lang/Thread.runWith;java/util/concurrent/ThreadPoolExecutor$Worker.run;java/util/concurrent/ThreadPoolExecutor.runWorker;java/util/concurrent/FutureTask.run;java/util/concurrent/Executors$RunnableAdapter.call;java/util/concurrent/FutureTask.run;org/openjdk/jmh/runner/BenchmarkHandler$BenchmarkTask.call;org/openjdk/jmh/runner/BenchmarkHandler$BenchmarkTask.call;java/lang/reflect/Method.invoke;jdk/internal/reflect/DirectMethodHandleAccessor.invoke;jdk/internal/reflect/DirectMethodHandleAccessor.invokeImpl;java/lang/invoke/LambdaForm$MH.0x0000000081061400.invokeExact_MT;java/lang/invoke/LambdaForm$MH.0x0000000081061000.invoke;java/lang/invoke/DirectMethodHandle$Holder.invokeSpecial;org/weakref/nitro/tpch/jmh_generated/BenchmarkQueries_query01_jmhTest.query01_AverageTime;org/weakref/nitro/tpch/jmh_generated/BenchmarkQueries_query01_jmhTest.query01_avgt_jmhStub;org/weakref/nitro/tpch/BenchmarkQueries.query01;org/weakref/nitro/tpch/BenchmarkQueries.consume;org/weakref/nitro/operator/SortOperator.next;org/weakref/nitro/operator/SortOperator.computeSorted;org/weakref/nitro/operator/GroupedAggregationOperator.next;org/weakref/nitro/operator/GroupedAggregationOperator.computeResults;org/weakref/nitro/operator/GroupedAggregationOperator.computeInlineGroupedResults;org/weakref/nitro/operator/GroupedAggregationOperator.assignInlineGroups;org/weakref/nitro/operator/GroupingState.assignGroups;org/weakref/nitro/operator/GroupingState.assignFlatGroups;org/weakref/nitro/data/Mask$1.next;org/weakref/nitro/data/Mask$1.next 1
java/lang/Thread.run;java/lang/Thread.runWith;java/util/concurrent/ThreadPoolExecutor$Worker.run;java/util/concurrent/ThreadPoolExecutor.runWorker;java/util/concurrent/FutureTask.run;java/util/concurrent/Executors$RunnableAdapter.call;java/util/concurrent/FutureTask.run;org/openjdk/jmh/runner/BenchmarkHandler$BenchmarkTask.call;org/openjdk/jmh/runner/BenchmarkHandler$BenchmarkTask.call;java/lang/reflect/Method.invoke;jdk/internal/reflect/DirectMethodHandleAccessor.invoke;jdk/internal/reflect/DirectMethodHandleAccessor.invokeImpl;java/lang/invoke/LambdaForm$MH.0x0000000081061400.invokeExact_MT;java/lang/invoke/LambdaForm$MH.0x0000000081061000.invoke;java/lang/invoke/DirectMethodHandle$Holder.invokeSpecial;org/weakref/nitro/tpch/jmh_generated/BenchmarkQueries_query01_jmhTest.query01_AverageTime;org/weakref/nitro/tpch/jmh_generated/BenchmarkQueries_query01_jmhTest.query01_avgt_jmhStub;org/weakref/nitro/tpch/BenchmarkQueries.query01;org/weakref/nitro/tpch/BenchmarkQueries.consume;org/weakref/nitro/operator/SortOperator.next;org/weakref/nitro/operator/SortOperator.computeSorted;org/weakref/nitro/operator/GroupedAggregationOperator.next;org/weakref/nitro/operator/GroupedAggregationOperator.computeResults;org/weakref/nitro/operator/GroupedAggregationOperator.computeInlineGroupedResults 1
java/lang/Thread.run;java/lang/Thread.runWith;java/util/concurrent/ThreadPoolExecutor$Worker.run;java/util/concurrent/ThreadPoolExecutor.runWorker;java/util/concurrent/FutureTask.run;java/util/concurrent/Executors$RunnableAdapter.call;java/util/concurrent/FutureTask.run;org/openjdk/jmh/runner/BenchmarkHandler$BenchmarkTask.call;org/openjdk/jmh/runner/BenchmarkHandler$BenchmarkTask.call;java/lang/reflect/Method.invoke;jdk/internal/reflect/DirectMethodHandleAccessor.invoke;jdk/internal/reflect/DirectMethodHandleAccessor.invokeImpl;java/lang/invoke/LambdaForm$MH.0x0000000081061400.invokeExact_MT;java/lang/invoke/LambdaForm$MH.0x0000000081061000.invoke;java/lang/invoke/DirectMethodHandle$Holder.invokeSpecial;org/weakref/nitro/tpch/jmh_generated/BenchmarkQueries_query01_jmhTest.query01_AverageTime;org/weakref/nitro/tpch/jmh_generated/BenchmarkQueries_query01_jmhTest.query01_avgt_jmhStub;org/weakref/nitro/tpch/BenchmarkQueries.query01;org/weakref/nitro/tpch/BenchmarkQueries.consume;org/weakref/nitro/operator/SortOperator.next;org/weakref/nitro/operator/SortOperator.computeSorted;org/weakref/nitro/operator/GroupedAggregationOperator.next;org/weakref/nitro/operator/GroupedAggregationOperator.computeResults;org/weakref/nitro/operator/GroupedAggregationOperator.computeInlineGroupedResults;org/weakref/nitro/operator/GroupedAggregationOperator.assignInlineGroups;org/weakref/nitro/operator/GroupingState.assignGroups;org/weakref/nitro/operator/GroupingState.assignFlatGroups;org/weakref/nitro/operator/FlatGroupingTable.assignGroup;org/weakref/nitro/operator/FlatKeyLayout.compositeValueId;org/weakref/nitro/operator/FlatKeyLayout.inputFieldNull 1
java/lang/Thread.run;java/lang/Thread.runWith;java/util/concurrent/ThreadPoolExecutor$Worker.run;java/util/concurrent/ThreadPoolExecutor.runWorker;java/util/concurrent/FutureTask.run;java/util/concurrent/Executors$RunnableAdapter.call;java/util/concurrent/FutureTask.run;org/openjdk/jmh/runner/BenchmarkHandler$BenchmarkTask.call;org/openjdk/jmh/runner/BenchmarkHandler$BenchmarkTask.call;java/lang/reflect/Method.invoke;jdk/internal/reflect/DirectMethodHandleAccessor.invoke;jdk/internal/reflect/DirectMethodHandleAccessor.invokeImpl;java/lang/invoke/LambdaForm$MH.0x0000000081061400.invokeExact_MT;java/lang/invoke/LambdaForm$MH.0x0000000081061000.invoke;java/lang/invoke/DirectMethodHandle$Holder.invokeSpecial;org/weakref/nitro/tpch/jmh_generated/BenchmarkQueries_query01_jmhTest.query01_AverageTime;org/weakref/nitro/tpch/jmh_generated/BenchmarkQueries_query01_jmhTest.query01_avgt_jmhStub;org/weakref/nitro/tpch/BenchmarkQueries.query01;org/weakref/nitro/tpch/BenchmarkQueries.consume;org/weakref/nitro/operator/SortOperator.next;org/weakref/nitro/operator/SortOperator.computeSorted;org/weakref/nitro/operator/GroupedAggregationOperator.next;org/weakref/nitro/operator/GroupedAggregationOperator.computeResults;org/weakref/nitro/operator/GroupedAggregationOperator.computeInlineGroupedResults;org/weakref/nitro/operator/GroupedAggregationOperator.accumulateGroupedRows;org/weakref/nitro/operator/aggregation/CountAll.accumulate;org/weakref/nitro/operator/aggregation/CountAll.accumulate;org/weakref/nitro/data/CountStateVector.increment 3
java/lang/Thread.run;java/lang/Thread.runWith;java/util/concurrent/ThreadPoolExecutor$Worker.run;java/util/concurrent/ThreadPoolExecutor.runWorker;java/util/concurrent/FutureTask.run;java/util/concurrent/Executors$RunnableAdapter.call;java/util/concurrent/FutureTask.run;org/openjdk/jmh/runner/BenchmarkHandler$BenchmarkTask.call;org/openjdk/jmh/runner/BenchmarkHandler$BenchmarkTask.call;java/lang/reflect/Method.invoke;jdk/internal/reflect/DirectMethodHandleAccessor.invoke;jdk/internal/reflect/DirectMethodHandleAccessor.invokeImpl;java/lang/invoke/LambdaForm$MH.0x0000000081061400.invokeExact_MT;java/lang/invoke/LambdaForm$MH.0x0000000081061000.invoke;java/lang/invoke/DirectMethodHandle$Holder.invokeSpecial;org/weakref/nitro/tpch/jmh_generated/BenchmarkQueries_query01_jmhTest.query01_AverageTime;org/weakref/nitro/tpch/jmh_generated/BenchmarkQueries_query01_jmhTest.query01_avgt_jmhStub;org/weakref/nitro/tpch/BenchmarkQueries.query01;org/weakref/nitro/tpch/BenchmarkQueries.consume;org/weakref/nitro/operator/SortOperator.next;org/weakref/nitro/operator/SortOperator.computeSorted;org/weakref/nitro/operator/GroupedAggregationOperator.next;org/weakref/nitro/operator/GroupedAggregationOperator.computeResults;org/weakref/nitro/operator/GroupedAggregationOperator.computeInlineGroupedResults;org/weakref/nitro/operator/Batch.close;org/weakref/nitro/operator/ProjectOperator$$Lambda.0x000000008128e3b8.run;org/weakref/nitro/operator/ProjectOperator.lambda$next$11;org/weakref/nitro/operator/ProjectOperator$BatchState.close;org/weakref/nitro/operator/Batch.close;org/weakref/nitro/operator/FilterOperator$BatchState.close;org/weakref/nitro/operator/Batch.close;org/weakref/nitro/operator/Output.close;org/weakref/nitro/operator/Output.release;org/weakref/nitro/operator/BatchBufferOwner.accept 1
/usr/lib/x86_64-linux-gnu/libc.so.6;/usr/lib/x86_64-linux-gnu/libc.so.6;thread_native_entry;Thread::call_run;JavaThread::thread_main_inner;CompileBroker::compiler_thread_loop;CompileBroker::invoke_compiler_on_method;C2Compiler::compile_method;Compile::Compile;Compile::Code_Gen;PhaseChaitin::Register_Allocate;PhaseChaitin::build_ifg_physical;PhaseChaitin::interfere_with_live 1
java/lang/Thread.run;java/lang/Thread.runWith;java/util/concurrent/ThreadPoolExecutor$Worker.run;java/util/concurrent/ThreadPoolExecutor.runWorker;java/util/concurrent/FutureTask.run;java/util/concurrent/Executors$RunnableAdapter.call;java/util/concurrent/FutureTask.run;org/openjdk/jmh/runner/BenchmarkHandler$BenchmarkTask.call;org/openjdk/jmh/runner/BenchmarkHandler$BenchmarkTask.call;java/lang/reflect/Method.invoke;jdk/internal/reflect/DirectMethodHandleAccessor.invoke;jdk/internal/reflect/DirectMethodHandleAccessor.invokeImpl;java/lang/invoke/LambdaForm$MH.0x0000000081061400.invokeExact_MT;java/lang/invoke/LambdaForm$MH.0x0000000081061000.invoke;java/lang/invoke/DirectMethodHandle$Holder.invokeSpecial;org/weakref/nitro/tpch/jmh_generated/BenchmarkQueries_query01_jmhTest.query01_AverageTime;org/weakref/nitro/tpch/jmh_generated/BenchmarkQueries_query01_jmhTest.query01_avgt_jmhStub;org/weakref/nitro/tpch/BenchmarkQueries.query01;org/weakref/nitro/tpch/BenchmarkQueries.consume;org/weakref/nitro/operator/SortOperator.next;org/weakref/nitro/operator/SortOperator.computeSorted;org/weakref/nitro/operator/GroupedAggregationOperator.next;org/weakref/nitro/operator/GroupedAggregationOperator.computeResults;org/weakref/nitro/operator/GroupedAggregationOperator.computeInlineGroupedResults;org/weakref/nitro/operator/GroupedAggregationOperator.assignInlineGroups;org/weakref/nitro/operator/GroupingState.assignGroups;org/weakref/nitro/operator/GroupingState.assignFlatGroups;org/weakref/nitro/operator/FlatGroupingTable.assignGroup 1
java/lang/Thread.run;java/lang/Thread.runWith;java/util/concurrent/ThreadPoolExecutor$Worker.run;java/util/concurrent/ThreadPoolExecutor.runWorker;java/util/concurrent/FutureTask.run;java/util/concurrent/Executors$RunnableAdapter.call;java/util/concurrent/FutureTask.run;org/openjdk/jmh/runner/BenchmarkHandler$BenchmarkTask.call;org/openjdk/jmh/runner/BenchmarkHandler$BenchmarkTask.call;java/lang/reflect/Method.invoke;jdk/internal/reflect/DirectMethodHandleAccessor.invoke;jdk/internal/reflect/DirectMethodHandleAccessor.invokeImpl;java/lang/invoke/LambdaForm$MH.0x0000000081061400.invokeExact_MT;java/lang/invoke/LambdaForm$MH.0x0000000081061000.invoke;java/lang/invoke/DirectMethodHandle$Holder.invokeSpecial;org/weakref/nitro/tpch/jmh_generated/BenchmarkQueries_query01_jmhTest.query01_AverageTime;org/weakref/nitro/tpch/jmh_generated/BenchmarkQueries_query01_jmhTest.query01_avgt_jmhStub;org/weakref/nitro/tpch/BenchmarkQueries.query01;org/weakref/nitro/tpch/BenchmarkQueries.consume;org/weakref/nitro/operator/SortOperator.next;org/weakref/nitro/operator/SortOperator.computeSorted;org/weakref/nitro/operator/GroupedAggregationOperator.next;org/weakref/nitro/operator/GroupedAggregationOperator.computeResults;org/weakref/nitro/operator/GroupedAggregationOperator.computeInlineGroupedResults;org/weakref/nitro/operator/GroupedAggregationOperator.assignInlineGroups;org/weakref/nitro/operator/Output.borrow;org/weakref/nitro/operator/Output.resolveMasked;org/weakref/nitro/operator/Output$$Lambda.0x000000008128d1c0.resolve;org/weakref/nitro/operator/Output.borrowMaybeMasked;org/weakref/nitro/operator/Output.borrow;org/weakref/nitro/operator/NitroParquetScanOperator$ScanOutputResolver$$Lambda.0x00000000810ab860.apply;org/weakref/nitro/operator/NitroParquetScanOperator$ScanOutputResolver.resolve;org/weakref/nitro/operator/NitroParquetScanOperator.resolveLazyColumn;org/weakref/nitro/operator/NitroParquetScanOperator.decodeFullColumn;org/weakref/nitro/parquet/ColumnReader.readBinary;org/weakref/nitro/parquet/ColumnReader.readBinaryDirect;org/weakref/nitro/parquet/ColumnReader.decodeNextDataPage;org/weakref/nitro/parquet/ColumnReader.decodeDataPageV1;org/weakref/nitro/parquet/RleReader.read;org/weakref/nitro/parquet/RleReader.readBitPacked;org/weakref/nitro/parquet/VectorBitUnpacker.unpack8;jdk/incubator/vector/IntVector.intoArray 3
java/lang/Thread.run;java/lang/Thread.runWith;java/util/concurrent/ThreadPoolExecutor$Worker.run;java/util/concurrent/ThreadPoolExecutor.runWorker;java/util/concurrent/FutureTask.run;java/util/concurrent/Executors$RunnableAdapter.call;java/util/concurrent/FutureTask.run;org/openjdk/jmh/runner/BenchmarkHandler$BenchmarkTask.call;org/openjdk/jmh/runner/BenchmarkHandler$BenchmarkTask.call;java/lang/reflect/Method.invoke;jdk/internal/reflect/DirectMethodHandleAccessor.invoke;jdk/internal/reflect/DirectMethodHandleAccessor.invokeImpl;java/lang/invoke/LambdaForm$MH.0x0000000081061400.invokeExact_MT;java/lang/invoke/LambdaForm$MH.0x0000000081061000.invoke;java/lang/invoke/DirectMethodHandle$Holder.invokeSpecial;org/weakref/nitro/tpch/jmh_generated/BenchmarkQueries_query01_jmhTest.query01_AverageTime;org/weakref/nitro/tpch/jmh_generated/BenchmarkQueries_query01_jmhTest.query01_avgt_jmhStub;org/weakref/nitro/tpch/BenchmarkQueries.query01;org/weakref/nitro/tpch/BenchmarkQueries.consume;org/weakref/nitro/operator/SortOperator.next;org/weakref/nitro/operator/SortOperator.computeSorted;org/weakref/nitro/operator/GroupedAggregationOperator.next;org/weakref/nitro/operator/GroupedAggregationOperator.computeResults;org/weakref/nitro/operator/GroupedAggregationOperator.computeInlineGroupedResults;org/weakref/nitro/operator/ProjectOperator.next;org/weakref/nitro/operator/FilterOperator.next;org/weakref/nitro/operator/evaluator/PlanEvaluator.evaluateInPlace;org/weakref/nitro/operator/evaluator/PlanEvaluator.evaluateTrueMaskInPlace;org/weakref/nitro/operator/evaluator/PlanEvaluator.tryEvaluatePrimitiveTrueMaskInPlace;org/weakref/nitro/operator/evaluator/PlanEvaluator.tryEvaluatePrimitiveMaskInPlace;org/weakref/nitro/operator/evaluator/PlanEvaluator.resolveMaskPrimitiveInvocation;org/weakref/nitro/operator/evaluator/PlanEvaluator.evaluateArgument;org/weakref/nitro/operator/FilterOperator$1.resolve;org/weakref/nitro/operator/Output.borrowOrNull;org/weakref/nitro/operator/Output.borrow;org/weakref/nitro/operator/Output.borrow;org/weakref/nitro/operator/NitroParquetScanOperator$ScanOutputResolver$$Lambda.0x00000000810ab860.apply;org/weakref/nitro/operator/NitroParquetScanOperator$ScanOutputResolver.resolve;org/weakref/nitro/operator/NitroParquetScanOperator.resolveLazyColumn;org/weakref/nitro/data/Allocator.allocate;org/weakref/nitro/data/Allocator.allocatePooled;itable stub 1
java/lang/Thread.run;java/lang/Thread.runWith;java/util/concurrent/ThreadPoolExecutor$Worker.run;java/util/concurrent/ThreadPoolExecutor.runWorker;java/util/concurrent/FutureTask.run;java/util/concurrent/Executors$RunnableAdapter.call;java/util/concurrent/FutureTask.run;org/openjdk/jmh/runner/BenchmarkHandler$BenchmarkTask.call;org/openjdk/jmh/runner/BenchmarkHandler$BenchmarkTask.call;java/lang/reflect/Method.invoke;jdk/internal/reflect/DirectMethodHandleAccessor.invoke;jdk/internal/reflect/DirectMethodHandleAccessor.invokeImpl;java/lang/invoke/LambdaForm$MH.0x0000000081061400.invokeExact_MT;java/lang/invoke/LambdaForm$MH.0x0000000081061000.invoke;java/lang/invoke/DirectMethodHandle$Holder.invokeSpecial;org/weakref/nitro/tpch/jmh_generated/BenchmarkQueries_query01_jmhTest.query01_AverageTime;org/weakref/nitro/tpch/jmh_generated/BenchmarkQueries_query01_jmhTest.query01_avgt_jmhStub;org/weakref/nitro/tpch/BenchmarkQueries.query01;org/weakref/nitro/tpch/BenchmarkQueries.consume;org/weakref/nitro/operator/SortOperator.next;org/weakref/nitro/operator/SortOperator.computeSorted;org/weakref/nitro/operator/GroupedAggregationOperator.next;org/weakref/nitro/operator/GroupedAggregationOperator.computeResults;org/weakref/nitro/operator/GroupedAggregationOperator.computeInlineGroupedResults;org/weakref/nitro/operator/GroupedAggregationOperator.accumulateGroupedRows;org/weakref/nitro/operator/aggregation/AvgF64.accumulate;org/weakref/nitro/data/AvgStateVector.incrementDouble 2
java/lang/Thread.run;java/lang/Thread.runWith;java/util/concurrent/ThreadPoolExecutor$Worker.run;java/util/concurrent/ThreadPoolExecutor.runWorker;java/util/concurrent/FutureTask.run;java/util/concurrent/Executors$RunnableAdapter.call;java/util/concurrent/FutureTask.run;org/openjdk/jmh/runner/BenchmarkHandler$BenchmarkTask.call;org/openjdk/jmh/runner/BenchmarkHandler$BenchmarkTask.call;java/lang/reflect/Method.invoke;jdk/internal/reflect/DirectMethodHandleAccessor.invoke;jdk/internal/reflect/DirectMethodHandleAccessor.invokeImpl;java/lang/invoke/LambdaForm$MH.0x0000000081061400.invokeExact_MT;java/lang/invoke/LambdaForm$MH.0x0000000081061000.invoke;java/lang/invoke/DirectMethodHandle$Holder.invokeSpecial;org/weakref/nitro/tpch/jmh_generated/BenchmarkQueries_query01_jmhTest.query01_AverageTime;org/weakref/nitro/tpch/jmh_generated/BenchmarkQueries_query01_jmhTest.query01_avgt_jmhStub;org/weakref/nitro/tpch/BenchmarkQueries.query01;org/weakref/nitro/tpch/BenchmarkQueries.consume;org/weakref/nitro/operator/SortOperator.next;org/weakref/nitro/operator/SortOperator.computeSorted;org/weakref/nitro/operator/GroupedAggregationOperator.next;org/weakref/nitro/operator/GroupedAggregationOperator.computeResults;org/weakref/nitro/operator/GroupedAggregationOperator.computeInlineGroupedResults;org/weakref/nitro/operator/ProjectOperator.next;org/weakref/nitro/operator/FilterOperator.next;org/weakref/nitro/operator/evaluator/PlanEvaluator.evaluateInPlace;org/weakref/nitro/operator/evaluator/PlanEvaluator.evaluateTrueMaskInPlace;org/weakref/nitro/operator/evaluator/PlanEvaluator.tryEvaluatePrimitiveTrueMaskInPlace;org/weakref/nitro/operator/evaluator/PlanEvaluator.tryEvaluatePrimitiveMaskInPlace;org/weakref/nitro/function/scalar/builtin/LessThanI64.tryEvaluateTrueMaskInPlace;org/weakref/nitro/function/scalar/builtin/LongComparisonMaskSupport.tryEvaluateTrueMaskInPlace;org/weakref/nitro/function/scalar/builtin/LongComparisonMaskSupport.tryConstantComparisonInPlace;org/weakref/nitro/function/scalar/builtin/LongComparisonMaskSupport.applyConstantComparison;org/weakref/nitro/data/Mask.retainConstantComparison;org/weakref/nitro/data/Mask.retainConstantComparison 1
java/lang/Thread.run;java/lang/Thread.runWith;java/util/concurrent/ThreadPoolExecutor$Worker.run;java/util/concurrent/ThreadPoolExecutor.runWorker;java/util/concurrent/FutureTask.run;java/util/concurrent/Executors$RunnableAdapter.call;java/util/concurrent/FutureTask.run;org/openjdk/jmh/runner/BenchmarkHandler$BenchmarkTask.call;org/openjdk/jmh/runner/BenchmarkHandler$BenchmarkTask.call;java/lang/reflect/Method.invoke;jdk/internal/reflect/DirectMethodHandleAccessor.invoke;jdk/internal/reflect/DirectMethodHandleAccessor.invokeImpl;java/lang/invoke/LambdaForm$MH.0x0000000081061400.invokeExact_MT;java/lang/invoke/LambdaForm$MH.0x0000000081061000.invoke;java/lang/invoke/DirectMethodHandle$Holder.invokeSpecial;org/weakref/nitro/tpch/jmh_generated/BenchmarkQueries_query01_jmhTest.query01_AverageTime;org/weakref/nitro/tpch/jmh_generated/BenchmarkQueries_query01_jmhTest.query01_avgt_jmhStub;org/weakref/nitro/tpch/BenchmarkQueries.query01;org/weakref/nitro/tpch/BenchmarkQueries.consume;org/weakref/nitro/operator/SortOperator.next;org/weakref/nitro/operator/SortOperator.computeSorted;org/weakref/nitro/operator/GroupedAggregationOperator.next;org/weakref/nitro/operator/GroupedAggregationOperator.computeResults;org/weakref/nitro/operator/GroupedAggregationOperator.computeInlineGroupedResults;org/weakref/nitro/operator/GroupedAggregationOperator.assignInlineGroups;org/weakref/nitro/operator/GroupingState.assignGroups;org/weakref/nitro/operator/GroupingState.assignFlatGroups;org/weakref/nitro/data/Mask$1.hasNext 1
/usr/lib/x86_64-linux-gnu/libc.so.6;/usr/lib/x86_64-linux-gnu/libc.so.6;thread_native_entry;Thread::call_run;JavaThread::thread_main_inner;CompileBroker::compiler_thread_loop;CompileBroker::invoke_compiler_on_method;C2Compiler::compile_method;Compile::Compile;Compile::Code_Gen;Matcher::match;Matcher::xform;Matcher::match_tree;Matcher::Label_Root 1
java/lang/Thread.run;java/lang/Thread.runWith;java/util/concurrent/ThreadPoolExecutor$Worker.run;java/util/concurrent/ThreadPoolExecutor.runWorker;java/util/concurrent/FutureTask.run;java/util/concurrent/Executors$RunnableAdapter.call;java/util/concurrent/FutureTask.run;org/openjdk/jmh/runner/BenchmarkHandler$BenchmarkTask.call;org/openjdk/jmh/runner/BenchmarkHandler$BenchmarkTask.call;java/lang/reflect/Method.invoke;jdk/internal/reflect/DirectMethodHandleAccessor.invoke;jdk/internal/reflect/DirectMethodHandleAccessor.invokeImpl;java/lang/invoke/LambdaForm$MH.0x0000000081061400.invokeExact_MT;java/lang/invoke/LambdaForm$MH.0x0000000081061000.invoke;java/lang/invoke/DirectMethodHandle$Holder.invokeSpecial;org/weakref/nitro/tpch/jmh_generated/BenchmarkQueries_query01_jmhTest.query01_AverageTime;org/weakref/nitro/tpch/jmh_generated/BenchmarkQueries_query01_jmhTest.query01_avgt_jmhStub;org/weakref/nitro/tpch/BenchmarkQueries.query01;org/weakref/nitro/tpch/BenchmarkQueries.consume;org/weakref/nitro/operator/SortOperator.next;org/weakref/nitro/operator/SortOperator.computeSorted;org/weakref/nitro/operator/GroupedAggregationOperator.next;org/weakref/nitro/operator/GroupedAggregationOperator.computeResults;org/weakref/nitro/operator/GroupedAggregationOperator.computeInlineGroupedResults;org/weakref/nitro/operator/GroupedAggregationOperator.assignInlineGroups;org/weakref/nitro/operator/GroupingState.assignGroups;org/weakref/nitro/operator/GroupingState.assignFlatGroups 1
java/lang/Thread.run;java/lang/Thread.runWith;java/util/concurrent/ThreadPoolExecutor$Worker.run;java/util/concurrent/ThreadPoolExecutor.runWorker;java/util/concurrent/FutureTask.run;java/util/concurrent/Executors$RunnableAdapter.call;java/util/concurrent/FutureTask.run;org/openjdk/jmh/runner/BenchmarkHandler$BenchmarkTask.call;org/openjdk/jmh/runner/BenchmarkHandler$BenchmarkTask.call;java/lang/reflect/Method.invoke;jdk/internal/reflect/DirectMethodHandleAccessor.invoke;jdk/internal/reflect/DirectMethodHandleAccessor.invokeImpl;java/lang/invoke/LambdaForm$MH.0x0000000081061400.invokeExact_MT;java/lang/invoke/LambdaForm$MH.0x0000000081061000.invoke;java/lang/invoke/DirectMethodHandle$Holder.invokeSpecial;org/weakref/nitro/tpch/jmh_generated/BenchmarkQueries_query01_jmhTest.query01_AverageTime;org/weakref/nitro/tpch/jmh_generated/BenchmarkQueries_query01_jmhTest.query01_avgt_jmhStub;org/weakref/nitro/tpch/BenchmarkQueries.query01;org/weakref/nitro/tpch/BenchmarkQueries.consume;org/weakref/nitro/operator/SortOperator.next;org/weakref/nitro/operator/SortOperator.computeSorted;org/weakref/nitro/operator/GroupedAggregationOperator.next;org/weakref/nitro/operator/GroupedAggregationOperator.computeResults;org/weakref/nitro/operator/GroupedAggregationOperator.computeInlineGroupedResults;org/weakref/nitro/operator/ProjectOperator.next;org/weakref/nitro/operator/FilterOperator.next;org/weakref/nitro/operator/evaluator/PlanEvaluator.evaluateInPlace;org/weakref/nitro/operator/evaluator/PlanEvaluator.evaluateTrueMaskInPlace;org/weakref/nitro/operator/evaluator/PlanEvaluator.tryEvaluatePrimitiveTrueMaskInPlace;org/weakref/nitro/operator/evaluator/PlanEvaluator.tryEvaluatePrimitiveMaskInPlace;org/weakref/nitro/function/scalar/builtin/LessThanI64.tryEvaluateTrueMaskInPlace;org/weakref/nitro/function/scalar/builtin/LongComparisonMaskSupport.tryEvaluateTrueMaskInPlace;org/weakref/nitro/function/scalar/builtin/LongComparisonMaskSupport.tryConstantComparisonInPlace;org/weakref/nitro/function/scalar/builtin/LongComparisonMaskSupport.singleRunLong 1
java/lang/Thread.run;java/lang/Thread.runWith;java/util/concurrent/ThreadPoolExecutor$Worker.run;java/util/concurrent/ThreadPoolExecutor.runWorker;java/util/concurrent/FutureTask.run;java/util/concurrent/Executors$RunnableAdapter.call;java/util/concurrent/FutureTask.run;org/openjdk/jmh/runner/BenchmarkHandler$BenchmarkTask.call;org/openjdk/jmh/runner/BenchmarkHandler$BenchmarkTask.call;java/lang/reflect/Method.invoke;jdk/internal/reflect/DirectMethodHandleAccessor.invoke;jdk/internal/reflect/DirectMethodHandleAccessor.invokeImpl;java/lang/invoke/LambdaForm$MH.0x0000000081061400.invokeExact_MT;java/lang/invoke/LambdaForm$MH.0x0000000081061000.invoke;java/lang/invoke/DirectMethodHandle$Holder.invokeSpecial;org/weakref/nitro/tpch/jmh_generated/BenchmarkQueries_query01_jmhTest.query01_AverageTime;org/weakref/nitro/tpch/jmh_generated/BenchmarkQueries_query01_jmhTest.query01_avgt_jmhStub;org/weakref/nitro/tpch/BenchmarkQueries.query01;org/weakref/nitro/tpch/BenchmarkQueries.consume;org/weakref/nitro/operator/SortOperator.next;org/weakref/nitro/operator/SortOperator.computeSorted;org/weakref/nitro/operator/GroupedAggregationOperator.next;org/weakref/nitro/operator/GroupedAggregationOperator.computeResults;org/weakref/nitro/operator/GroupedAggregationOperator.computeInlineGroupedResults;org/weakref/nitro/operator/GroupedAggregationOperator.accumulateGroupedRows;org/weakref/nitro/operator/aggregation/SumF64.accumulate;org/weakref/nitro/operator/aggregation/StreamAccessors$$Lambda.0x0000000081293428.stream;org/weakref/nitro/operator/aggregation/StreamAccessors.lambda$forBatch$0;org/weakref/nitro/operator/aggregation/StreamAccessors.read;org/weakref/nitro/operator/Output.borrowOrNull;org/weakref/nitro/operator/Output.borrow;org/weakref/nitro/operator/Output.resolveMasked;org/weakref/nitro/operator/Output$$Lambda.0x000000008128d1c0.resolve;org/weakref/nitro/operator/Output.borrowMaybeMasked;org/weakref/nitro/operator/Output.borrow;org/weakref/nitro/operator/NitroParquetScanOperator$ScanOutputResolver$$Lambda.0x00000000810ab860.apply;org/weakref/nitro/operator/NitroParquetScanOperator$ScanOutputResolver.resolve;org/weakref/nitro/operator/NitroParquetScanOperator.resolveLazyColumn;org/weakref/nitro/operator/NitroParquetScanOperator.decodeFullColumn;org/weakref/nitro/parquet/ColumnReader.readLongs;org/weakref/nitro/parquet/ColumnReader.decodeNextDataPage;org/weakref/nitro/parquet/ColumnReader.decompress;io/airlift/compress/v3/snappy/SnappyNativeDecompressor.decompress;io/airlift/compress/v3/snappy/SnappyNative.decompress;io/airlift/compress/v3/snappy/SnappyNative.decompressInternal;java/lang/invoke/LambdaForm$MH.0x0000000081281400.invokeExact_MT;java/lang/invoke/LambdaForm$MH.0x0000000081298000.invoke;java/lang/invoke/LambdaForm$DMH.0x00000000810b1400.invokeStatic;jdk/internal/foreign/abi/DowncallStub.0x00000000810b1000.invoke;java/lang/invoke/LambdaForm$MH.0x0000000081282000.invokeExact_MT;java/lang/invoke/LambdaForm$MH.0x0000000081298400.invoke;nep_invoker_blob;snappy_uncompress;snappy::RawUncompress;snappy::RawUncompress;void snappy::SnappyDecompressor::DecompressAllTags<snappy::SnappyArrayWriter>;std::pair<unsigned char const*, long> snappy::DecompressBranchless<char*>;snappy::MemCopy64 1
java/lang/Thread.run;java/lang/Thread.runWith;java/util/concurrent/ThreadPoolExecutor$Worker.run;java/util/concurrent/ThreadPoolExecutor.runWorker;java/util/concurrent/FutureTask.run;java/util/concurrent/Executors$RunnableAdapter.call;java/util/concurrent/FutureTask.run;org/openjdk/jmh/runner/BenchmarkHandler$BenchmarkTask.call;org/openjdk/jmh/runner/BenchmarkHandler$BenchmarkTask.call;java/lang/reflect/Method.invoke;jdk/internal/reflect/DirectMethodHandleAccessor.invoke;jdk/internal/reflect/DirectMethodHandleAccessor.invokeImpl;java/lang/invoke/LambdaForm$MH.0x0000000081061400.invokeExact_MT;java/lang/invoke/LambdaForm$MH.0x0000000081061000.invoke;java/lang/invoke/DirectMethodHandle$Holder.invokeSpecial;org/weakref/nitro/tpch/jmh_generated/BenchmarkQueries_query01_jmhTest.query01_AverageTime;org/weakref/nitro/tpch/jmh_generated/BenchmarkQueries_query01_jmhTest.query01_avgt_jmhStub;org/weakref/nitro/tpch/BenchmarkQueries.query01;org/weakref/nitro/tpch/BenchmarkQueries.consume;org/weakref/nitro/operator/SortOperator.next;org/weakref/nitro/operator/SortOperator.computeSorted;org/weakref/nitro/operator/GroupedAggregationOperator.next;org/weakref/nitro/operator/GroupedAggregationOperator.computeResults;org/weakref/nitro/operator/GroupedAggregationOperator.computeInlineGroupedResults;org/weakref/nitro/operator/GroupedAggregationOperator.assignInlineGroups;org/weakref/nitro/operator/GroupingState.assignGroups;org/weakref/nitro/operator/GroupingState.assignFlatGroups;org/weakref/nitro/operator/FlatGroupingTable.assignGroup;org/weakref/nitro/operator/FlatKeyLayout.compositeValueId 1
/usr/lib/x86_64-linux-gnu/libc.so.6;/usr/lib/x86_64-linux-gnu/libc.so.6;thread_native_entry;Thread::call_run;JavaThread::thread_main_inner;CompileBroker::compiler_thread_loop;CompileBroker::invoke_compiler_on_method;C2Compiler::compile_method;Compile::Compile;Compile::Code_Gen;PhaseChaitin::Register_Allocate;PhaseChaitin::build_ifg_physical;PhaseChaitin::remove_bound_register_from_interfering_live_ranges;RegMask::smear_to_sets 1
java/lang/Thread.run;java/lang/Thread.runWith;java/util/concurrent/ThreadPoolExecutor$Worker.run;java/util/concurrent/ThreadPoolExecutor.runWorker;java/util/concurrent/FutureTask.run;java/util/concurrent/Executors$RunnableAdapter.call;java/util/concurrent/FutureTask.run;org/openjdk/jmh/runner/BenchmarkHandler$BenchmarkTask.call;org/openjdk/jmh/runner/BenchmarkHandler$BenchmarkTask.call;java/lang/reflect/Method.invoke;jdk/internal/reflect/DirectMethodHandleAccessor.invoke;jdk/internal/reflect/DirectMethodHandleAccessor.invokeImpl;java/lang/invoke/LambdaForm$MH.0x0000000081061400.invokeExact_MT;java/lang/invoke/LambdaForm$MH.0x0000000081061000.invoke;java/lang/invoke/DirectMethodHandle$Holder.invokeSpecial;org/weakref/nitro/tpch/jmh_generated/BenchmarkQueries_query01_jmhTest.query01_AverageTime;org/weakref/nitro/tpch/jmh_generated/BenchmarkQueries_query01_jmhTest.query01_avgt_jmhStub;org/weakref/nitro/tpch/BenchmarkQueries.query01;org/weakref/nitro/tpch/BenchmarkQueries.consume;org/weakref/nitro/operator/SortOperator.next;org/weakref/nitro/operator/SortOperator.computeSorted;org/weakref/nitro/operator/GroupedAggregationOperator.next;org/weakref/nitro/operator/GroupedAggregationOperator.computeResults;org/weakref/nitro/operator/GroupedAggregationOperator.computeInlineGroupedResults;org/weakref/nitro/operator/GroupedAggregationOperator.accumulateGroupedRows;org/weakref/nitro/operator/aggregation/CountAll.accumulate;java/lang/Math.toIntExact 2
java/lang/Thread.run;java/lang/Thread.runWith;java/util/concurrent/ThreadPoolExecutor$Worker.run;java/util/concurrent/ThreadPoolExecutor.runWorker;java/util/concurrent/FutureTask.run;java/util/concurrent/Executors$RunnableAdapter.call;java/util/concurrent/FutureTask.run;org/openjdk/jmh/runner/BenchmarkHandler$BenchmarkTask.call;org/openjdk/jmh/runner/BenchmarkHandler$BenchmarkTask.call;java/lang/reflect/Method.invoke;jdk/internal/reflect/DirectMethodHandleAccessor.invoke;jdk/internal/reflect/DirectMethodHandleAccessor.invokeImpl;java/lang/invoke/LambdaForm$MH.0x0000000081061400.invokeExact_MT;java/lang/invoke/LambdaForm$MH.0x0000000081061000.invoke;java/lang/invoke/DirectMethodHandle$Holder.invokeSpecial;org/weakref/nitro/tpch/jmh_generated/BenchmarkQueries_query01_jmhTest.query01_AverageTime;org/weakref/nitro/tpch/jmh_generated/BenchmarkQueries_query01_jmhTest.query01_avgt_jmhStub;org/weakref/nitro/tpch/BenchmarkQueries.query01;org/weakref/nitro/tpch/BenchmarkQueries.consume;org/weakref/nitro/operator/SortOperator.next;org/weakref/nitro/operator/SortOperator.computeSorted;org/weakref/nitro/operator/GroupedAggregationOperator.next;org/weakref/nitro/operator/GroupedAggregationOperator.computeResults;org/weakref/nitro/operator/GroupedAggregationOperator.computeInlineGroupedResults;org/weakref/nitro/operator/GroupedAggregationOperator.assignInlineGroups;org/weakref/nitro/operator/GroupingState.assignGroups;org/weakref/nitro/operator/GroupingState.assignFlatGroups;org/weakref/nitro/operator/FlatGroupingTable.assignGroup;org/weakref/nitro/operator/FlatKeyLayout.compositeValueId;org/weakref/nitro/operator/FlatKeyLayout.inputFieldNull 1
java/lang/Thread.run;java/lang/Thread.runWith;java/util/concurrent/ThreadPoolExecutor$Worker.run;java/util/concurrent/ThreadPoolExecutor.runWorker;java/util/concurrent/FutureTask.run;java/util/concurrent/Executors$RunnableAdapter.call;java/util/concurrent/FutureTask.run;org/openjdk/jmh/runner/BenchmarkHandler$BenchmarkTask.call;org/openjdk/jmh/runner/BenchmarkHandler$BenchmarkTask.call;java/lang/reflect/Method.invoke;jdk/internal/reflect/DirectMethodHandleAccessor.invoke;jdk/internal/reflect/DirectMethodHandleAccessor.invokeImpl;java/lang/invoke/LambdaForm$MH.0x0000000081061400.invokeExact_MT;java/lang/invoke/LambdaForm$MH.0x0000000081061000.invoke;java/lang/invoke/DirectMethodHandle$Holder.invokeSpecial;org/weakref/nitro/tpch/jmh_generated/BenchmarkQueries_query01_jmhTest.query01_AverageTime;org/weakref/nitro/tpch/jmh_generated/BenchmarkQueries_query01_jmhTest.query01_avgt_jmhStub;org/weakref/nitro/tpch/BenchmarkQueries.query01;org/weakref/nitro/tpch/BenchmarkQueries.consume;org/weakref/nitro/operator/SortOperator.next;org/weakref/nitro/operator/SortOperator.computeSorted;org/weakref/nitro/operator/GroupedAggregationOperator.next;org/weakref/nitro/operator/GroupedAggregationOperator.computeResults;org/weakref/nitro/operator/GroupedAggregationOperator.computeInlineGroupedResults;org/weakref/nitro/operator/GroupedAggregationOperator.accumulateGroupedRows;org/weakref/nitro/operator/aggregation/SumF64.accumulate;org/weakref/nitro/operator/aggregation/SumF64.accumulate 12
java/lang/Thread.run;java/lang/Thread.runWith;java/util/concurrent/ThreadPoolExecutor$Worker.run;java/util/concurrent/ThreadPoolExecutor.runWorker;java/util/concurrent/FutureTask.run;java/util/concurrent/Executors$RunnableAdapter.call;java/util/concurrent/FutureTask.run;org/openjdk/jmh/runner/BenchmarkHandler$BenchmarkTask.call;org/openjdk/jmh/runner/BenchmarkHandler$BenchmarkTask.call;java/lang/reflect/Method.invoke;jdk/internal/reflect/DirectMethodHandleAccessor.invoke;jdk/internal/reflect/DirectMethodHandleAccessor.invokeImpl;java/lang/invoke/LambdaForm$MH.0x0000000081061400.invokeExact_MT;java/lang/invoke/LambdaForm$MH.0x0000000081061000.invoke;java/lang/invoke/DirectMethodHandle$Holder.invokeSpecial;org/weakref/nitro/tpch/jmh_generated/BenchmarkQueries_query01_jmhTest.query01_AverageTime;org/weakref/nitro/tpch/jmh_generated/BenchmarkQueries_query01_jmhTest.query01_avgt_jmhStub;org/weakref/nitro/tpch/BenchmarkQueries.query01;org/weakref/nitro/tpch/BenchmarkQueries.consume;org/weakref/nitro/operator/SortOperator.next;org/weakref/nitro/operator/SortOperator.computeSorted;org/weakref/nitro/operator/GroupedAggregationOperator.next;org/weakref/nitro/operator/GroupedAggregationOperator.computeResults;org/weakref/nitro/operator/GroupedAggregationOperator.computeInlineGroupedResults;org/weakref/nitro/operator/GroupedAggregationOperator.accumulateGroupedRows;org/weakref/nitro/operator/aggregation/SumF64.accumulate;org/weakref/nitro/operator/aggregation/StreamAccessors$$Lambda.0x0000000081293428.stream;org/weakref/nitro/operator/aggregation/StreamAccessors.lambda$forBatch$0;org/weakref/nitro/operator/aggregation/StreamAccessors.read;org/weakref/nitro/operator/Output.borrowOrNull;org/weakref/nitro/operator/Output.borrow;org/weakref/nitro/operator/Output.resolveMasked;org/weakref/nitro/operator/Output$$Lambda.0x000000008128d1c0.resolve;org/weakref/nitro/operator/Output.borrowMaybeMasked;org/weakref/nitro/operator/Output.borrow;org/weakref/nitro/operator/NitroParquetScanOperator$ScanOutputResolver$$Lambda.0x00000000810ab860.apply;org/weakref/nitro/operator/NitroParquetScanOperator$ScanOutputResolver.resolve;org/weakref/nitro/operator/NitroParquetScanOperator.resolveLazyColumn;org/weakref/nitro/operator/NitroParquetScanOperator.decodeFullColumn;org/weakref/nitro/parquet/ColumnReader.readLongs;org/weakref/nitro/parquet/ColumnReader.decodeNextDataPage;org/weakref/nitro/parquet/ColumnReader.decompress;io/airlift/compress/v3/snappy/SnappyNativeDecompressor.decompress;io/airlift/compress/v3/snappy/SnappyNative.decompress;io/airlift/compress/v3/snappy/SnappyNative.decompressInternal;java/lang/invoke/LambdaForm$MH.0x0000000081281400.invokeExact_MT;java/lang/invoke/LambdaForm$MH.0x0000000081298000.invoke;java/lang/invoke/LambdaForm$DMH.0x00000000810b1400.invokeStatic;jdk/internal/foreign/abi/DowncallStub.0x00000000810b1000.invoke;java/lang/invoke/LambdaForm$MH.0x0000000081282000.invokeExact_MT;java/lang/invoke/LambdaForm$MH.0x0000000081298400.invoke;nep_invoker_blob;snappy_uncompress;snappy::RawUncompress;snappy::RawUncompress;void snappy::SnappyDecompressor::DecompressAllTags<snappy::SnappyArrayWriter>;/usr/lib/x86_64-linux-gnu/libc.so.6;asm_exc_page_fault_[k];exc_page_fault_[k];do_user_addr_fault_[k];handle_mm_fault_[k];__handle_mm_fault_[k];handle_pte_fault_[k];do_fault_[k];do_read_fault_[k];filemap_map_pages_[k];next_uptodate_folio_[k] 1
java/lang/Thread.run;java/lang/Thread.runWith;java/util/concurrent/ThreadPoolExecutor$Worker.run;java/util/concurrent/ThreadPoolExecutor.runWorker;java/util/concurrent/FutureTask.run;java/util/concurrent/Executors$RunnableAdapter.call;java/util/concurrent/FutureTask.run;org/openjdk/jmh/runner/BenchmarkHandler$BenchmarkTask.call;org/openjdk/jmh/runner/BenchmarkHandler$BenchmarkTask.call;java/lang/reflect/Method.invoke;jdk/internal/reflect/DirectMethodHandleAccessor.invoke;jdk/internal/reflect/DirectMethodHandleAccessor.invokeImpl;java/lang/invoke/LambdaForm$MH.0x0000000081061400.invokeExact_MT;java/lang/invoke/LambdaForm$MH.0x0000000081061000.invoke;java/lang/invoke/DirectMethodHandle$Holder.invokeSpecial;org/weakref/nitro/tpch/jmh_generated/BenchmarkQueries_query01_jmhTest.query01_AverageTime;org/weakref/nitro/tpch/jmh_generated/BenchmarkQueries_query01_jmhTest.query01_avgt_jmhStub;org/weakref/nitro/tpch/BenchmarkQueries.query01;org/weakref/nitro/tpch/BenchmarkQueries.consume;org/weakref/nitro/operator/SortOperator.next;org/weakref/nitro/operator/SortOperator.computeSorted;org/weakref/nitro/operator/GroupedAggregationOperator.next;org/weakref/nitro/operator/GroupedAggregationOperator.computeResults;org/weakref/nitro/operator/GroupedAggregationOperator.computeInlineGroupedResults;org/weakref/nitro/operator/GroupedAggregationOperator.accumulateGroupedRows;org/weakref/nitro/operator/aggregation/SumF64.accumulate;org/weakref/nitro/operator/aggregation/StreamAccessors$$Lambda.0x0000000081293428.stream;org/weakref/nitro/operator/aggregation/StreamAccessors.lambda$forBatch$0;org/weakref/nitro/operator/aggregation/StreamAccessors.read;org/weakref/nitro/operator/Output.borrowOrNull;org/weakref/nitro/operator/Output.borrow;org/weakref/nitro/operator/ProjectOperator$$Lambda.0x000000008128d620.apply;org/weakref/nitro/operator/ProjectOperator.lambda$next$4;org/weakref/nitro/operator/ProjectOperator.evaluateOutput;java/util/HashMap.computeIfAbsent;org/weakref/nitro/operator/ProjectOperator$$Lambda.0x0000000081297038.apply;org/weakref/nitro/operator/ProjectOperator.lambda$evaluateOutput$0;org/weakref/nitro/operator/ProjectOperator.evaluateBundle;org/weakref/nitro/operator/ProjectOperator$BatchState.fusedResults;org/weakref/nitro/jit/generated/FusedProj_1.apply;org/weakref/nitro/function/scalar/builtin/VectorAccess.isAllFalseNulls;org/weakref/nitro/data/BooleanVector.isAllFalse 1
java/lang/Thread.run;java/lang/Thread.runWith;java/util/concurrent/ThreadPoolExecutor$Worker.run;java/util/concurrent/ThreadPoolExecutor.runWorker;java/util/concurrent/FutureTask.run;java/util/concurrent/Executors$RunnableAdapter.call;java/util/concurrent/FutureTask.run;org/openjdk/jmh/runner/BenchmarkHandler$BenchmarkTask.call;org/openjdk/jmh/runner/BenchmarkHandler$BenchmarkTask.call;java/lang/reflect/Method.invoke;jdk/internal/reflect/DirectMethodHandleAccessor.invoke;jdk/internal/reflect/DirectMethodHandleAccessor.invokeImpl;java/lang/invoke/LambdaForm$MH.0x0000000081061400.invokeExact_MT;java/lang/invoke/LambdaForm$MH.0x0000000081061000.invoke;java/lang/invoke/DirectMethodHandle$Holder.invokeSpecial;org/weakref/nitro/tpch/jmh_generated/BenchmarkQueries_query01_jmhTest.query01_AverageTime;org/weakref/nitro/tpch/jmh_generated/BenchmarkQueries_query01_jmhTest.query01_avgt_jmhStub;org/weakref/nitro/tpch/BenchmarkQueries.query01;org/weakref/nitro/tpch/BenchmarkQueries.consume;org/weakref/nitro/operator/SortOperator.next;org/weakref/nitro/operator/SortOperator.computeSorted;org/weakref/nitro/operator/GroupedAggregationOperator.next;org/weakref/nitro/operator/GroupedAggregationOperator.computeResults;org/weakref/nitro/operator/GroupedAggregationOperator.computeInlineGroupedResults;org/weakref/nitro/operator/GroupedAggregationOperator.accumulateGroupedRows;org/weakref/nitro/operator/aggregation/SumF64.accumulate;org/weakref/nitro/operator/aggregation/StreamAccessors$$Lambda.0x0000000081293428.stream;org/weakref/nitro/operator/aggregation/StreamAccessors.lambda$forBatch$0;org/weakref/nitro/operator/aggregation/StreamAccessors.read;org/weakref/nitro/operator/Output.borrowOrNull;org/weakref/nitro/operator/Output.borrow;org/weakref/nitro/operator/ProjectOperator$$Lambda.0x000000008128d620.apply;org/weakref/nitro/operator/ProjectOperator.lambda$next$4;org/weakref/nitro/operator/ProjectOperator.evaluateOutput;java/util/HashMap.computeIfAbsent;org/weakref/nitro/operator/ProjectOperator$$Lambda.0x0000000081297038.apply;org/weakref/nitro/operator/ProjectOperator.lambda$evaluateOutput$0;org/weakref/nitro/operator/ProjectOperator.evaluateBundle;org/weakref/nitro/operator/ProjectOperator$BatchState.fusedResults;org/weakref/nitro/jit/generated/FusedProj_1.apply;org/weakref/nitro/data/Mask.position 2
java/lang/Thread.run;java/lang/Thread.runWith;java/util/concurrent/ThreadPoolExecutor$Worker.run;java/util/concurrent/ThreadPoolExecutor.runWorker;java/util/concurrent/FutureTask.run;java/util/concurrent/Executors$RunnableAdapter.call;java/util/concurrent/FutureTask.run;org/openjdk/jmh/runner/BenchmarkHandler$BenchmarkTask.call;org/openjdk/jmh/runner/BenchmarkHandler$BenchmarkTask.call;java/lang/reflect/Method.invoke;jdk/internal/reflect/DirectMethodHandleAccessor.invoke;jdk/internal/reflect/DirectMethodHandleAccessor.invokeImpl;java/lang/invoke/LambdaForm$MH.0x0000000081061400.invokeExact_MT;java/lang/invoke/LambdaForm$MH.0x0000000081061000.invoke;java/lang/invoke/DirectMethodHandle$Holder.invokeSpecial;org/weakref/nitro/tpch/jmh_generated/BenchmarkQueries_query01_jmhTest.query01_AverageTime;org/weakref/nitro/tpch/jmh_generated/BenchmarkQueries_query01_jmhTest.query01_avgt_jmhStub;org/weakref/nitro/tpch/BenchmarkQueries.query01;org/weakref/nitro/tpch/BenchmarkQueries.consume;org/weakref/nitro/operator/SortOperator.next;org/weakref/nitro/operator/SortOperator.computeSorted;org/weakref/nitro/operator/GroupedAggregationOperator.next;org/weakref/nitro/operator/GroupedAggregationOperator.computeResults;org/weakref/nitro/operator/GroupedAggregationOperator.computeInlineGroupedResults;org/weakref/nitro/operator/ProjectOperator.next;org/weakref/nitro/operator/FilterOperator.next;org/weakref/nitro/operator/evaluator/PlanEvaluator.evaluateInPlace;org/weakref/nitro/operator/evaluator/PlanEvaluator.evaluateTrueMaskInPlace;org/weakref/nitro/operator/evaluator/PlanEvaluator.tryEvaluatePrimitiveTrueMaskInPlace;org/weakref/nitro/operator/evaluator/PlanEvaluator.tryEvaluatePrimitiveMaskInPlace;org/weakref/nitro/function/scalar/builtin/LessThanI64.tryEvaluateTrueMaskInPlace;org/weakref/nitro/function/scalar/builtin/LongComparisonMaskSupport.tryEvaluateTrueMaskInPlace;org/weakref/nitro/function/scalar/builtin/LongComparisonMaskSupport.tryConstantComparisonInPlace;org/weakref/nitro/function/scalar/builtin/LongComparisonMaskSupport.applyConstantComparison;org/weakref/nitro/data/Mask.retainConstantComparison;org/weakref/nitro/data/Mask.retainConstantComparison 2
java/lang/Thread.run;java/lang/Thread.runWith;java/util/concurrent/ThreadPoolExecutor$Worker.run;java/util/concurrent/ThreadPoolExecutor.runWorker;java/util/concurrent/FutureTask.run;java/util/concurrent/Executors$RunnableAdapter.call;java/util/concurrent/FutureTask.run;org/openjdk/jmh/runner/BenchmarkHandler$BenchmarkTask.call;org/openjdk/jmh/runner/BenchmarkHandler$BenchmarkTask.call;java/lang/reflect/Method.invoke;jdk/internal/reflect/DirectMethodHandleAccessor.invoke;jdk/internal/reflect/DirectMethodHandleAccessor.invokeImpl;java/lang/invoke/LambdaForm$MH.0x0000000081061400.invokeExact_MT;java/lang/invoke/LambdaForm$MH.0x0000000081061000.invoke;java/lang/invoke/DirectMethodHandle$Holder.invokeSpecial;org/weakref/nitro/tpch/jmh_generated/BenchmarkQueries_query01_jmhTest.query01_AverageTime;org/weakref/nitro/tpch/jmh_generated/BenchmarkQueries_query01_jmhTest.query01_avgt_jmhStub;org/weakref/nitro/tpch/BenchmarkQueries.query01;org/weakref/nitro/tpch/BenchmarkQueries.consume;org/weakref/nitro/operator/SortOperator.next;org/weakref/nitro/operator/SortOperator.computeSorted;org/weakref/nitro/operator/GroupedAggregationOperator.next;org/weakref/nitro/operator/GroupedAggregationOperator.computeResults;org/weakref/nitro/operator/GroupedAggregationOperator.computeInlineGroupedResults;org/weakref/nitro/operator/GroupedAggregationOperator.assignInlineGroups;org/weakref/nitro/operator/Output.borrow;org/weakref/nitro/operator/Output.resolveMasked;org/weakref/nitro/operator/Output$$Lambda.0x000000008128d1c0.resolve;org/weakref/nitro/operator/Output.borrowMaybeMasked;org/weakref/nitro/operator/Output.borrow;org/weakref/nitro/operator/NitroParquetScanOperator$ScanOutputResolver$$Lambda.0x00000000810ab860.apply;org/weakref/nitro/operator/NitroParquetScanOperator$ScanOutputResolver.resolve;org/weakref/nitro/operator/NitroParquetScanOperator.resolveLazyColumn;org/weakref/nitro/operator/NitroParquetScanOperator.decodeFullColumn;org/weakref/nitro/parquet/ColumnReader.readBinary;org/weakref/nitro/parquet/ColumnReader.readBinaryDirect;org/weakref/nitro/parquet/ColumnReader.decodeNextDataPage;org/weakref/nitro/parquet/ColumnReader.decodeDataPageV1;org/weakref/nitro/parquet/RleReader.read;org/weakref/nitro/parquet/RleReader.readBitPacked 1
java/lang/Thread.run;java/lang/Thread.runWith;java/util/concurrent/ThreadPoolExecutor$Worker.run;java/util/concurrent/ThreadPoolExecutor.runWorker;java/util/concurrent/FutureTask.run;java/util/concurrent/Executors$RunnableAdapter.call;java/util/concurrent/FutureTask.run;org/openjdk/jmh/runner/BenchmarkHandler$BenchmarkTask.call;org/openjdk/jmh/runner/BenchmarkHandler$BenchmarkTask.call;java/lang/reflect/Method.invoke;jdk/internal/reflect/DirectMethodHandleAccessor.invoke;jdk/internal/reflect/DirectMethodHandleAccessor.invokeImpl;java/lang/invoke/LambdaForm$MH.0x0000000081061400.invokeExact_MT;java/lang/invoke/LambdaForm$MH.0x0000000081061000.invoke;java/lang/invoke/DirectMethodHandle$Holder.invokeSpecial;org/weakref/nitro/tpch/jmh_generated/BenchmarkQueries_query01_jmhTest.query01_AverageTime;org/weakref/nitro/tpch/jmh_generated/BenchmarkQueries_query01_jmhTest.query01_avgt_jmhStub;org/weakref/nitro/tpch/BenchmarkQueries.query01;org/weakref/nitro/tpch/BenchmarkQueries.consume;org/weakref/nitro/operator/SortOperator.next;org/weakref/nitro/operator/SortOperator.computeSorted;org/weakref/nitro/operator/GroupedAggregationOperator.next;org/weakref/nitro/operator/GroupedAggregationOperator.computeResults;org/weakref/nitro/operator/GroupedAggregationOperator.computeInlineGroupedResults;org/weakref/nitro/operator/GroupedAggregationOperator.accumulateGroupedRows;org/weakref/nitro/operator/aggregation/AvgF64.accumulate;java/lang/Math.toIntExact 1
java/lang/Thread.run;java/lang/Thread.runWith;java/util/concurrent/ThreadPoolExecutor$Worker.run;java/util/concurrent/ThreadPoolExecutor.runWorker;java/util/concurrent/FutureTask.run;java/util/concurrent/Executors$RunnableAdapter.call;java/util/concurrent/FutureTask.run;org/openjdk/jmh/runner/BenchmarkHandler$BenchmarkTask.call;org/openjdk/jmh/runner/BenchmarkHandler$BenchmarkTask.call;java/lang/reflect/Method.invoke;jdk/internal/reflect/DirectMethodHandleAccessor.invoke;jdk/internal/reflect/DirectMethodHandleAccessor.invokeImpl;java/lang/invoke/LambdaForm$MH.0x0000000081061400.invokeExact_MT;java/lang/invoke/LambdaForm$MH.0x0000000081061000.invoke;java/lang/invoke/DirectMethodHandle$Holder.invokeSpecial;org/weakref/nitro/tpch/jmh_generated/BenchmarkQueries_query01_jmhTest.query01_AverageTime;org/weakref/nitro/tpch/jmh_generated/BenchmarkQueries_query01_jmhTest.query01_avgt_jmhStub;org/weakref/nitro/tpch/BenchmarkQueries.query01;org/weakref/nitro/tpch/BenchmarkQueries.consume;org/weakref/nitro/operator/SortOperator.next;org/weakref/nitro/operator/SortOperator.computeSorted;org/weakref/nitro/operator/GroupedAggregationOperator.next;org/weakref/nitro/operator/GroupedAggregationOperator.computeResults;org/weakref/nitro/operator/GroupedAggregationOperator.computeInlineGroupedResults;org/weakref/nitro/operator/GroupedAggregationOperator.assignInlineGroups;org/weakref/nitro/operator/GroupingState.assignGroups;org/weakref/nitro/operator/GroupingState.assignFlatGroups;org/weakref/nitro/operator/FlatGroupingTable.assignGroup;org/weakref/nitro/operator/FlatKeyLayout.compositeValueId 4
java/lang/Thread.run;java/lang/Thread.runWith;java/util/concurrent/ThreadPoolExecutor$Worker.run;java/util/concurrent/ThreadPoolExecutor.runWorker;java/util/concurrent/FutureTask.run;java/util/concurrent/Executors$RunnableAdapter.call;java/util/concurrent/FutureTask.run;org/openjdk/jmh/runner/BenchmarkHandler$BenchmarkTask.call;org/openjdk/jmh/runner/BenchmarkHandler$BenchmarkTask.call;java/lang/reflect/Method.invoke;jdk/internal/reflect/DirectMethodHandleAccessor.invoke;jdk/internal/reflect/DirectMethodHandleAccessor.invokeImpl;java/lang/invoke/LambdaForm$MH.0x0000000081061400.invokeExact_MT;java/lang/invoke/LambdaForm$MH.0x0000000081061000.invoke;java/lang/invoke/DirectMethodHandle$Holder.invokeSpecial;org/weakref/nitro/tpch/jmh_generated/BenchmarkQueries_query01_jmhTest.query01_AverageTime;org/weakref/nitro/tpch/jmh_generated/BenchmarkQueries_query01_jmhTest.query01_avgt_jmhStub;org/weakref/nitro/tpch/BenchmarkQueries.query01;org/weakref/nitro/tpch/BenchmarkQueries.consume;org/weakref/nitro/operator/SortOperator.next;org/weakref/nitro/operator/SortOperator.computeSorted;org/weakref/nitro/operator/GroupedAggregationOperator.next;org/weakref/nitro/operator/GroupedAggregationOperator.computeResults;org/weakref/nitro/operator/GroupedAggregationOperator.computeInlineGroupedResults;org/weakref/nitro/operator/GroupedAggregationOperator.assignInlineGroups;org/weakref/nitro/operator/GroupingState.assignGroups;org/weakref/nitro/operator/GroupingState.assignFlatGroups;org/weakref/nitro/operator/FlatGroupingTable.assignGroup;org/weakref/nitro/operator/FlatKeyLayout.compositeValueId 3
java/lang/Thread.run;java/lang/Thread.runWith;java/util/concurrent/ThreadPoolExecutor$Worker.run;java/util/concurrent/ThreadPoolExecutor.runWorker;java/util/concurrent/FutureTask.run;java/util/concurrent/Executors$RunnableAdapter.call;java/util/concurrent/FutureTask.run;org/openjdk/jmh/runner/BenchmarkHandler$BenchmarkTask.call;org/openjdk/jmh/runner/BenchmarkHandler$BenchmarkTask.call;java/lang/reflect/Method.invoke;jdk/internal/reflect/DirectMethodHandleAccessor.invoke;jdk/internal/reflect/DirectMethodHandleAccessor.invokeImpl;java/lang/invoke/LambdaForm$MH.0x0000000081061400.invokeExact_MT;java/lang/invoke/LambdaForm$MH.0x0000000081061000.invoke;java/lang/invoke/DirectMethodHandle$Holder.invokeSpecial;org/weakref/nitro/tpch/jmh_generated/BenchmarkQueries_query01_jmhTest.query01_AverageTime;org/weakref/nitro/tpch/jmh_generated/BenchmarkQueries_query01_jmhTest.query01_avgt_jmhStub;org/weakref/nitro/tpch/BenchmarkQueries.query01;org/weakref/nitro/tpch/BenchmarkQueries.consume;org/weakref/nitro/operator/SortOperator.next;org/weakref/nitro/operator/SortOperator.computeSorted;org/weakref/nitro/operator/GroupedAggregationOperator.next;org/weakref/nitro/operator/GroupedAggregationOperator.computeResults;org/weakref/nitro/operator/GroupedAggregationOperator.computeInlineGroupedResults;org/weakref/nitro/operator/GroupedAggregationOperator.assignInlineGroups;org/weakref/nitro/operator/GroupingState.assignGroups;org/weakref/nitro/operator/GroupingState.assignFlatGroups;org/weakref/nitro/operator/FlatGroupingTable.assignGroup 1
java/lang/Thread.run;java/lang/Thread.runWith;java/util/concurrent/ThreadPoolExecutor$Worker.run;java/util/concurrent/ThreadPoolExecutor.runWorker;java/util/concurrent/FutureTask.run;java/util/concurrent/Executors$RunnableAdapter.call;java/util/concurrent/FutureTask.run;org/openjdk/jmh/runner/BenchmarkHandler$BenchmarkTask.call;org/openjdk/jmh/runner/BenchmarkHandler$BenchmarkTask.call;java/lang/reflect/Method.invoke;jdk/internal/reflect/DirectMethodHandleAccessor.invoke;jdk/internal/reflect/DirectMethodHandleAccessor.invokeImpl;java/lang/invoke/LambdaForm$MH.0x0000000081061400.invokeExact_MT;java/lang/invoke/LambdaForm$MH.0x0000000081061000.invoke;java/lang/invoke/DirectMethodHandle$Holder.invokeSpecial;org/weakref/nitro/tpch/jmh_generated/BenchmarkQueries_query01_jmhTest.query01_AverageTime;org/weakref/nitro/tpch/jmh_generated/BenchmarkQueries_query01_jmhTest.query01_avgt_jmhStub;org/weakref/nitro/tpch/BenchmarkQueries.query01;org/weakref/nitro/tpch/BenchmarkQueries.consume;org/weakref/nitro/operator/SortOperator.next;org/weakref/nitro/operator/SortOperator.computeSorted;org/weakref/nitro/operator/GroupedAggregationOperator.next;org/weakref/nitro/operator/GroupedAggregationOperator.computeResults;org/weakref/nitro/operator/GroupedAggregationOperator.computeInlineGroupedResults;org/weakref/nitro/operator/GroupedAggregationOperator.assignInlineGroups;org/weakref/nitro/operator/Output.borrow;org/weakref/nitro/operator/Output.resolveMasked;org/weakref/nitro/operator/Output$$Lambda.0x000000008128d1c0.resolve;org/weakref/nitro/operator/Output.borrowMaybeMasked;org/weakref/nitro/operator/Output.borrow;org/weakref/nitro/operator/NitroParquetScanOperator$ScanOutputResolver$$Lambda.0x00000000810ab860.apply;org/weakref/nitro/operator/NitroParquetScanOperator$ScanOutputResolver.resolve;org/weakref/nitro/operator/NitroParquetScanOperator.resolveLazyColumn;org/weakref/nitro/operator/NitroParquetScanOperator.decodeFullColumn;org/weakref/nitro/parquet/ColumnReader.readBinary;org/weakref/nitro/parquet/ColumnReader.readBinaryDirect 1
java/lang/Thread.run;java/lang/Thread.runWith;java/util/concurrent/ThreadPoolExecutor$Worker.run;java/util/concurrent/ThreadPoolExecutor.runWorker;java/util/concurrent/FutureTask.run;java/util/concurrent/Executors$RunnableAdapter.call;java/util/concurrent/FutureTask.run;org/openjdk/jmh/runner/BenchmarkHandler$BenchmarkTask.call;org/openjdk/jmh/runner/BenchmarkHandler$BenchmarkTask.call;java/lang/reflect/Method.invoke;jdk/internal/reflect/DirectMethodHandleAccessor.invoke;jdk/internal/reflect/DirectMethodHandleAccessor.invokeImpl;java/lang/invoke/LambdaForm$MH.0x0000000081061400.invokeExact_MT;java/lang/invoke/LambdaForm$MH.0x0000000081061000.invoke;java/lang/invoke/DirectMethodHandle$Holder.invokeSpecial;org/weakref/nitro/tpch/jmh_generated/BenchmarkQueries_query01_jmhTest.query01_AverageTime;org/weakref/nitro/tpch/jmh_generated/BenchmarkQueries_query01_jmhTest.query01_avgt_jmhStub;org/weakref/nitro/tpch/BenchmarkQueries.query01;org/weakref/nitro/tpch/BenchmarkQueries.consume;org/weakref/nitro/operator/SortOperator.next;org/weakref/nitro/operator/SortOperator.computeSorted;org/weakref/nitro/operator/GroupedAggregationOperator.next;org/weakref/nitro/operator/GroupedAggregationOperator.computeResults;org/weakref/nitro/operator/GroupedAggregationOperator.computeInlineGroupedResults;org/weakref/nitro/operator/GroupedAggregationOperator.prepareAggregationStates;itable stub 1
java/lang/Thread.run;java/lang/Thread.runWith;java/util/concurrent/ThreadPoolExecutor$Worker.run;java/util/concurrent/ThreadPoolExecutor.runWorker;java/util/concurrent/FutureTask.run;java/util/concurrent/Executors$RunnableAdapter.call;java/util/concurrent/FutureTask.run;org/openjdk/jmh/runner/BenchmarkHandler$BenchmarkTask.call;org/openjdk/jmh/runner/BenchmarkHandler$BenchmarkTask.call;java/lang/reflect/Method.invoke;jdk/internal/reflect/DirectMethodHandleAccessor.invoke;jdk/internal/reflect/DirectMethodHandleAccessor.invokeImpl;java/lang/invoke/LambdaForm$MH.0x0000000081061400.invokeExact_MT;java/lang/invoke/LambdaForm$MH.0x0000000081061000.invoke;java/lang/invoke/DirectMethodHandle$Holder.invokeSpecial;org/weakref/nitro/tpch/jmh_generated/BenchmarkQueries_query01_jmhTest.query01_AverageTime;org/weakref/nitro/tpch/jmh_generated/BenchmarkQueries_query01_jmhTest.query01_avgt_jmhStub;org/weakref/nitro/tpch/BenchmarkQueries.query01;org/weakref/nitro/tpch/BenchmarkQueries.consume;org/weakref/nitro/operator/SortOperator.next;org/weakref/nitro/operator/SortOperator.computeSorted;org/weakref/nitro/operator/GroupedAggregationOperator.next;org/weakref/nitro/operator/GroupedAggregationOperator.computeResults;org/weakref/nitro/operator/GroupedAggregationOperator.computeInlineGroupedResults;org/weakref/nitro/operator/GroupedAggregationOperator.accumulateGroupedRows;org/weakref/nitro/operator/aggregation/SumF64.accumulate;org/weakref/nitro/operator/aggregation/StreamAccessors$$Lambda.0x0000000081293428.stream;org/weakref/nitro/operator/aggregation/StreamAccessors.lambda$forBatch$0;org/weakref/nitro/operator/aggregation/StreamAccessors.read;org/weakref/nitro/operator/Output.borrowOrNull;org/weakref/nitro/operator/Output.borrow;org/weakref/nitro/operator/ProjectOperator$$Lambda.0x000000008128d620.apply;org/weakref/nitro/operator/ProjectOperator.lambda$next$4;org/weakref/nitro/operator/ProjectOperator.evaluateOutput;java/util/HashMap.computeIfAbsent;org/weakref/nitro/operator/ProjectOperator$$Lambda.0x0000000081297038.apply;org/weakref/nitro/operator/ProjectOperator.lambda$evaluateOutput$0;org/weakref/nitro/operator/ProjectOperator.evaluateBundle;org/weakref/nitro/operator/ProjectOperator$BatchState.fusedResults;org/weakref/nitro/operator/Output.borrow;org/weakref/nitro/operator/NitroParquetScanOperator$ScanOutputResolver$$Lambda.0x00000000810ab860.apply;org/weakref/nitro/operator/NitroParquetScanOperator$ScanOutputResolver.resolve;org/weakref/nitro/operator/NitroParquetScanOperator.resolveLazyColumn;org/weakref/nitro/operator/NitroParquetScanOperator.decodeFullColumn;org/weakref/nitro/parquet/ColumnReader.readLongs;org/weakref/nitro/parquet/ColumnReader.decodeNextDataPage;org/weakref/nitro/parquet/ColumnReader.decodeDataPageV1;org/weakref/nitro/parquet/ColumnReader.gatherDictionary;org/weakref/nitro/parquet/ColumnReader.gatherLongs;jdk/incubator/vector/LongVector.intoArray 2
java/lang/Thread.run;java/lang/Thread.runWith;java/util/concurrent/ThreadPoolExecutor$Worker.run;java/util/concurrent/ThreadPoolExecutor.runWorker;java/util/concurrent/FutureTask.run;java/util/concurrent/Executors$RunnableAdapter.call;java/util/concurrent/FutureTask.run;org/openjdk/jmh/runner/BenchmarkHandler$BenchmarkTask.call;org/openjdk/jmh/runner/BenchmarkHandler$BenchmarkTask.call;java/lang/reflect/Method.invoke;jdk/internal/reflect/DirectMethodHandleAccessor.invoke;jdk/internal/reflect/DirectMethodHandleAccessor.invokeImpl;java/lang/invoke/LambdaForm$MH.0x0000000081061400.invokeExact_MT;java/lang/invoke/LambdaForm$MH.0x0000000081061000.invoke;java/lang/invoke/DirectMethodHandle$Holder.invokeSpecial;org/weakref/nitro/tpch/jmh_generated/BenchmarkQueries_query01_jmhTest.query01_AverageTime;org/weakref/nitro/tpch/jmh_generated/BenchmarkQueries_query01_jmhTest.query01_avgt_jmhStub;org/weakref/nitro/tpch/BenchmarkQueries.query01;org/weakref/nitro/tpch/BenchmarkQueries.consume;org/weakref/nitro/operator/SortOperator.next;org/weakref/nitro/operator/SortOperator.computeSorted;org/weakref/nitro/operator/GroupedAggregationOperator.next;org/weakref/nitro/operator/GroupedAggregationOperator.computeResults;org/weakref/nitro/operator/GroupedAggregationOperator.computeInlineGroupedResults;org/weakref/nitro/operator/GroupedAggregationOperator.assignInlineGroups;org/weakref/nitro/operator/GroupingState.assignGroups;org/weakref/nitro/operator/GroupingState.assignFlatGroups;org/weakref/nitro/operator/FlatGroupingTable.assignGroup;org/weakref/nitro/operator/FlatKeyLayout.compositeValueId;org/weakref/nitro/operator/FlatKeyLayout.inputFieldNull 1
