java/lang/Thread.run;java/lang/Thread.runWith;java/util/concurrent/ThreadPoolExecutor$Worker.run;java/util/concurrent/ThreadPoolExecutor.runWorker;java/util/concurrent/FutureTask.run;java/util/concurrent/Executors$RunnableAdapter.call;java/util/concurrent/FutureTask.run;org/openjdk/jmh/runner/BenchmarkHandler$BenchmarkTask.call;org/openjdk/jmh/runner/BenchmarkHandler$BenchmarkTask.call;java/lang/reflect/Method.invoke;jdk/internal/reflect/DirectMethodHandleAccessor.invoke;jdk/internal/reflect/DirectMethodHandleAccessor.invokeImpl;java/lang/invoke/LambdaForm$MH.0x0000000063061400.invokeExact_MT;java/lang/invoke/LambdaForm$MH.0x0000000063061000.invoke;java/lang/invoke/DirectMethodHandle$Holder.invokeSpecial;org/weakref/nitro/clickbench/jmh_generated/BenchmarkQueries_query22_jmhTest.query22_AverageTime;org/weakref/nitro/clickbench/jmh_generated/BenchmarkQueries_query22_jmhTest.query22_avgt_jmhStub;org/weakref/nitro/clickbench/BenchmarkQueries.query22;org/weakref/nitro/clickbench/BenchmarkQueries.consume;org/weakref/nitro/operator/TopNOperator.next;org/weakref/nitro/operator/TopNOperator.computeTopN;org/weakref/nitro/operator/GroupedAggregationOperator.next;org/weakref/nitro/operator/GroupedAggregationOperator.computeResults;org/weakref/nitro/operator/GroupOperator.next;org/weakref/nitro/operator/FilterOperator.next;org/weakref/nitro/operator/evaluator/PlanEvaluator.evaluateInPlace;org/weakref/nitro/operator/evaluator/PlanEvaluator.evaluateTrueMaskInPlace;org/weakref/nitro/operator/evaluator/PlanEvaluator.evaluateAdaptiveAndTrueMaskInPlace;org/weakref/nitro/operator/evaluator/PlanEvaluator.evaluateMeasuredTrueMaskInPlace;org/weakref/nitro/operator/evaluator/PlanEvaluator.evaluateTrueMaskInPlace;org/weakref/nitro/operator/evaluator/PlanEvaluator.evaluateTrueReferenceMaskFallbackInPlace;org/weakref/nitro/operator/evaluator/PlanEvaluator.evaluate;org/weakref/nitro/operator/evaluator/PlanEvaluator.evaluateUnmemoized;org/weakref/nitro/operator/evaluator/PlanEvaluator.evaluateVariable;org/weakref/nitro/operator/evaluator/PlanEvaluator.evaluateCall;org/weakref/nitro/operator/evaluator/PlanEvaluator.evaluateArgument;org/weakref/nitro/operator/evaluator/PlanEvaluator.evaluate;org/weakref/nitro/operator/evaluator/PlanEvaluator.evaluateUnmemoized;org/weakref/nitro/operator/evaluator/PlanEvaluator.evaluateInput;org/weakref/nitro/operator/FilterOperator$1.resolve;org/weakref/nitro/operator/Output.borrowOrNull;org/weakref/nitro/operator/Output.borrow;org/weakref/nitro/operator/Output.borrow;org/weakref/nitro/operator/NitroParquetScanOperator$ScanOutputResolver$$Lambda.0x00000000630aab88.apply;org/weakref/nitro/operator/NitroParquetScanOperator$ScanOutputResolver.resolve;org/weakref/nitro/operator/NitroParquetScanOperator.resolveLazyColumn;org/weakref/nitro/operator/NitroParquetScanOperator.decodeFullColumn;org/weakref/nitro/parquet/ColumnReader.readBinary;org/weakref/nitro/parquet/ColumnReader.readBinaryDirect;org/weakref/nitro/parquet/ColumnReader.decodeNextDataPage;org/weakref/nitro/parquet/ColumnReader.decodeDataPageV1;org/weakref/nitro/parquet/ColumnReader.decodePlainBinary;org/weakref/nitro/parquet/ColumnReader.decodePlainBinaryPresized;org/weakref/nitro/parquet/ColumnReader.appendPlainEntryPresized;jdk/internal/foreign/AbstractMemorySegmentImpl.get;java/lang/invoke/VarHandleGuards.guard_LJ_I;java/lang/invoke/VarHandleSegmentAsInts.get;java/lang/invoke/VarHandleSegmentAsInts.get;jdk/internal/misc/ScopedMemoryAccess.getIntUnaligned;jdk/internal/misc/ScopedMemoryAccess.getIntUnalignedInternal;jdk/internal/misc/Unsafe.getIntUnaligned 1
java/lang/Thread.run;java/lang/Thread.runWith;java/util/concurrent/ThreadPoolExecutor$Worker.run;java/util/concurrent/ThreadPoolExecutor.runWorker;java/util/concurrent/FutureTask.run;java/util/concurrent/Executors$RunnableAdapter.call;java/util/concurrent/FutureTask.run;org/openjdk/jmh/runner/BenchmarkHandler$BenchmarkTask.call;org/openjdk/jmh/runner/BenchmarkHandler$BenchmarkTask.call;java/lang/reflect/Method.invoke;jdk/internal/reflect/DirectMethodHandleAccessor.invoke;jdk/internal/reflect/DirectMethodHandleAccessor.invokeImpl;java/lang/invoke/LambdaForm$MH.0x0000000063061400.invokeExact_MT;java/lang/invoke/LambdaForm$MH.0x0000000063061000.invoke;java/lang/invoke/DirectMethodHandle$Holder.invokeSpecial;org/weakref/nitro/clickbench/jmh_generated/BenchmarkQueries_query22_jmhTest.query22_AverageTime;org/weakref/nitro/clickbench/jmh_generated/BenchmarkQueries_query22_jmhTest.query22_avgt_jmhStub;org/weakref/nitro/clickbench/BenchmarkQueries.query22;org/weakref/nitro/clickbench/BenchmarkQueries.consume;org/weakref/nitro/operator/TopNOperator.next;org/weakref/nitro/operator/TopNOperator.computeTopN;org/weakref/nitro/operator/GroupedAggregationOperator.next;org/weakref/nitro/operator/GroupedAggregationOperator.computeResults;org/weakref/nitro/operator/GroupOperator.next;org/weakref/nitro/operator/FilterOperator.next;org/weakref/nitro/operator/evaluator/PlanEvaluator.evaluateInPlace;org/weakref/nitro/operator/evaluator/PlanEvaluator.evaluateTrueMaskInPlace;org/weakref/nitro/operator/evaluator/PlanEvaluator.evaluateAdaptiveAndTrueMaskInPlace;org/weakref/nitro/operator/evaluator/PlanEvaluator.evaluateMeasuredTrueMaskInPlace;org/weakref/nitro/operator/evaluator/PlanEvaluator.evaluateTrueMaskInPlace;org/weakref/nitro/operator/evaluator/PlanEvaluator.evaluateFalseMaskInPlace;org/weakref/nitro/operator/evaluator/PlanEvaluator.tryEvaluatePrimitiveFalseMaskInPlace;org/weakref/nitro/operator/evaluator/PlanEvaluator.tryEvaluatePrimitiveMaskInPlace;org/weakref/nitro/operator/evaluator/PlanEvaluator.resolveMaskPrimitiveInvocation;org/weakref/nitro/operator/evaluator/PlanEvaluator.evaluateArgument;org/weakref/nitro/operator/FilterOperator$1.resolve;org/weakref/nitro/operator/Output.borrowOrNull;org/weakref/nitro/operator/Output.borrow;org/weakref/nitro/operator/Output.borrow;org/weakref/nitro/operator/NitroParquetScanOperator$ScanOutputResolver$$Lambda.0x00000000630aab88.apply;org/weakref/nitro/operator/NitroParquetScanOperator$ScanOutputResolver.resolve;org/weakref/nitro/operator/NitroParquetScanOperator.resolveLazyColumn;org/weakref/nitro/operator/NitroParquetScanOperator.decodeFullColumn;org/weakref/nitro/parquet/ColumnReader.readBinary;org/weakref/nitro/parquet/ColumnReader.readBinaryDirect;org/weakref/nitro/parquet/ColumnReader.decodeNextDataPage;org/weakref/nitro/parquet/ColumnReader.decodeDataPageV1;org/weakref/nitro/parquet/ColumnReader.decodePlainBinary;org/weakref/nitro/parquet/ColumnReader.decodePlainBinaryPresized;org/weakref/nitro/parquet/ColumnReader.appendPlainEntryPresized;jdk/internal/foreign/AbstractMemorySegmentImpl.get;java/lang/invoke/VarHandleGuards.guard_LJ_I;java/lang/invoke/VarHandleSegmentAsInts.get;java/lang/invoke/VarHandleSegmentAsInts.get;java/lang/invoke/SegmentVarHandle.checkSegment;jdk/internal/foreign/AbstractMemorySegmentImpl.checkEnclosingLayout;jdk/internal/foreign/AbstractMemorySegmentImpl.isAlignedForElement;jdk/internal/foreign/AbstractMemorySegmentImpl.isAlignedForElement 1
java/lang/Thread.run;java/lang/Thread.runWith;java/util/concurrent/ThreadPoolExecutor$Worker.run;java/util/concurrent/ThreadPoolExecutor.runWorker;java/util/concurrent/FutureTask.run;java/util/concurrent/Executors$RunnableAdapter.call;java/util/concurrent/FutureTask.run;org/openjdk/jmh/runner/BenchmarkHandler$BenchmarkTask.call;org/openjdk/jmh/runner/BenchmarkHandler$BenchmarkTask.call;java/lang/reflect/Method.invoke;jdk/internal/reflect/DirectMethodHandleAccessor.invoke;jdk/internal/reflect/DirectMethodHandleAccessor.invokeImpl;java/lang/invoke/LambdaForm$MH.0x0000000063061400.invokeExact_MT;java/lang/invoke/LambdaForm$MH.0x0000000063061000.invoke;java/lang/invoke/DirectMethodHandle$Holder.invokeSpecial;org/weakref/nitro/clickbench/jmh_generated/BenchmarkQueries_query22_jmhTest.query22_AverageTime;org/weakref/nitro/clickbench/jmh_generated/BenchmarkQueries_query22_jmhTest.query22_avgt_jmhStub;org/weakref/nitro/clickbench/BenchmarkQueries.query22;org/weakref/nitro/clickbench/BenchmarkQueries.consume;org/weakref/nitro/operator/TopNOperator.next;org/weakref/nitro/operator/TopNOperator.computeTopN;org/weakref/nitro/operator/GroupedAggregationOperator.next;org/weakref/nitro/operator/GroupedAggregationOperator.computeResults;org/weakref/nitro/operator/GroupOperator.next;org/weakref/nitro/operator/FilterOperator.next;org/weakref/nitro/operator/evaluator/PlanEvaluator.evaluateInPlace;org/weakref/nitro/operator/evaluator/PlanEvaluator.evaluateTrueMaskInPlace;org/weakref/nitro/operator/evaluator/PlanEvaluator.evaluateAdaptiveAndTrueMaskInPlace;org/weakref/nitro/operator/evaluator/PlanEvaluator.evaluateMeasuredTrueMaskInPlace;org/weakref/nitro/operator/evaluator/PlanEvaluator.evaluateTrueMaskInPlace;org/weakref/nitro/operator/evaluator/PlanEvaluator.evaluateTrueReferenceMaskFallbackInPlace;org/weakref/nitro/operator/evaluator/PlanEvaluator.evaluate;org/weakref/nitro/operator/evaluator/PlanEvaluator.evaluateUnmemoized;org/weakref/nitro/operator/evaluator/PlanEvaluator.evaluateVariable;org/weakref/nitro/operator/evaluator/PlanEvaluator.evaluateCall;org/weakref/nitro/operator/evaluator/PlanEvaluator.evaluateArgument;org/weakref/nitro/operator/evaluator/PlanEvaluator.evaluate;org/weakref/nitro/operator/evaluator/PlanEvaluator.evaluateUnmemoized;org/weakref/nitro/operator/evaluator/PlanEvaluator.evaluateInput;org/weakref/nitro/operator/FilterOperator$1.resolve;org/weakref/nitro/operator/Output.borrowOrNull;org/weakref/nitro/operator/Output.borrow;org/weakref/nitro/operator/Output.borrow;org/weakref/nitro/operator/NitroParquetScanOperator$ScanOutputResolver$$Lambda.0x00000000630aab88.apply;org/weakref/nitro/operator/NitroParquetScanOperator$ScanOutputResolver.resolve;org/weakref/nitro/operator/NitroParquetScanOperator.resolveLazyColumn;org/weakref/nitro/operator/NitroParquetScanOperator.decodeFullColumn;org/weakref/nitro/parquet/ColumnReader.readBinary;org/weakref/nitro/parquet/ColumnReader.readBinaryDirect;org/weakref/nitro/parquet/ColumnReader.decodeNextDataPage;org/weakref/nitro/parquet/ColumnReader.decodeDataPageV1;org/weakref/nitro/parquet/ColumnReader.decodePlainBinary;org/weakref/nitro/parquet/ColumnReader.decodePlainBinaryPresized;org/weakref/nitro/parquet/ColumnReader.appendPlainEntryPresized 6
java/lang/Thread.run;java/lang/Thread.runWith;java/util/concurrent/ThreadPoolExecutor$Worker.run;java/util/concurrent/ThreadPoolExecutor.runWorker;java/util/concurrent/FutureTask.run;java/util/concurrent/Executors$RunnableAdapter.call;java/util/concurrent/FutureTask.run;org/openjdk/jmh/runner/BenchmarkHandler$BenchmarkTask.call;org/openjdk/jmh/runner/BenchmarkHandler$BenchmarkTask.call;java/lang/reflect/Method.invoke;jdk/internal/reflect/DirectMethodHandleAccessor.invoke;jdk/internal/reflect/DirectMethodHandleAccessor.invokeImpl;java/lang/invoke/LambdaForm$MH.0x0000000063061400.invokeExact_MT;java/lang/invoke/LambdaForm$MH.0x0000000063061000.invoke;java/lang/invoke/DirectMethodHandle$Holder.invokeSpecial;org/weakref/nitro/clickbench/jmh_generated/BenchmarkQueries_query22_jmhTest.query22_AverageTime;org/weakref/nitro/clickbench/jmh_generated/BenchmarkQueries_query22_jmhTest.query22_avgt_jmhStub;org/weakref/nitro/clickbench/BenchmarkQueries.query22;org/weakref/nitro/clickbench/BenchmarkQueries.consume;org/weakref/nitro/operator/TopNOperator.next;org/weakref/nitro/operator/TopNOperator.computeTopN;org/weakref/nitro/operator/GroupedAggregationOperator.next;org/weakref/nitro/operator/GroupedAggregationOperator.computeResults;org/weakref/nitro/operator/GroupOperator.next;org/weakref/nitro/operator/FilterOperator.next;org/weakref/nitro/operator/evaluator/PlanEvaluator.evaluateInPlace;org/weakref/nitro/operator/evaluator/PlanEvaluator.evaluateTrueMaskInPlace;org/weakref/nitro/operator/evaluator/PlanEvaluator.evaluateAdaptiveAndTrueMaskInPlace;org/weakref/nitro/operator/evaluator/PlanEvaluator.evaluateMeasuredTrueMaskInPlace;org/weakref/nitro/operator/evaluator/PlanEvaluator.evaluateTrueMaskInPlace;org/weakref/nitro/operator/evaluator/PlanEvaluator.evaluateFalseMaskInPlace;org/weakref/nitro/operator/evaluator/PlanEvaluator.tryEvaluatePrimitiveFalseMaskInPlace;org/weakref/nitro/operator/evaluator/PlanEvaluator.tryEvaluatePrimitiveMaskInPlace;org/weakref/nitro/function/scalar/builtin/EqualUtf8.tryEvaluateFalseMaskInPlace;org/weakref/nitro/function/scalar/builtin/Utf8BinaryDispatch.tryEvaluateEqualsFalseMaskInPlace;org/weakref/nitro/function/scalar/builtin/Utf8BinaryDispatch.tryEvaluateEqualsMaskInPlace;org/weakref/nitro/data/Mask.retainIf;org/weakref/nitro/function/scalar/builtin/Utf8BinaryDispatch$$Lambda.0x0000000063125f20.test;org/weakref/nitro/function/scalar/builtin/Utf8BinaryDispatch.lambda$tryEvaluateEqualsMaskInPlace$0 2
java/lang/Thread.run;java/lang/Thread.runWith;java/util/concurrent/ThreadPoolExecutor$Worker.run;java/util/concurrent/ThreadPoolExecutor.runWorker;java/util/concurrent/FutureTask.run;java/util/concurrent/Executors$RunnableAdapter.call;java/util/concurrent/FutureTask.run;org/openjdk/jmh/runner/BenchmarkHandler$BenchmarkTask.call;org/openjdk/jmh/runner/BenchmarkHandler$BenchmarkTask.call;java/lang/reflect/Method.invoke;jdk/internal/reflect/DirectMethodHandleAccessor.invoke;jdk/internal/reflect/DirectMethodHandleAccessor.invokeImpl;java/lang/invoke/LambdaForm$MH.0x0000000063061400.invokeExact_MT;java/lang/invoke/LambdaForm$MH.0x0000000063061000.invoke;java/lang/invoke/DirectMethodHandle$Holder.invokeSpecial;org/weakref/nitro/clickbench/jmh_generated/BenchmarkQueries_query22_jmhTest.query22_AverageTime;org/weakref/nitro/clickbench/jmh_generated/BenchmarkQueries_query22_jmhTest.query22_avgt_jmhStub;org/weakref/nitro/clickbench/BenchmarkQueries.query22;org/weakref/nitro/clickbench/BenchmarkQueries.consume;org/weakref/nitro/operator/TopNOperator.next;org/weakref/nitro/operator/TopNOperator.computeTopN;org/weakref/nitro/operator/GroupedAggregationOperator.next;org/weakref/nitro/operator/GroupedAggregationOperator.computeResults;org/weakref/nitro/operator/GroupOperator.next;org/weakref/nitro/operator/FilterOperator.next;org/weakref/nitro/operator/evaluator/PlanEvaluator.evaluateInPlace;org/weakref/nitro/operator/evaluator/PlanEvaluator.evaluateTrueMaskInPlace;org/weakref/nitro/operator/evaluator/PlanEvaluator.evaluateAdaptiveAndTrueMaskInPlace;org/weakref/nitro/operator/evaluator/PlanEvaluator.evaluateMeasuredTrueMaskInPlace;org/weakref/nitro/operator/evaluator/PlanEvaluator.evaluateTrueMaskInPlace;org/weakref/nitro/operator/evaluator/PlanEvaluator.evaluateFalseMaskInPlace;org/weakref/nitro/operator/evaluator/PlanEvaluator.tryEvaluatePrimitiveFalseMaskInPlace;org/weakref/nitro/operator/evaluator/PlanEvaluator.tryEvaluatePrimitiveMaskInPlace;org/weakref/nitro/function/scalar/builtin/EqualUtf8.tryEvaluateFalseMaskInPlace;org/weakref/nitro/function/scalar/builtin/Utf8BinaryDispatch.tryEvaluateEqualsFalseMaskInPlace;org/weakref/nitro/function/scalar/builtin/Utf8BinaryDispatch.tryEvaluateEqualsMaskInPlace;org/weakref/nitro/function/scalar/builtin/Utf8BinaryDispatch.tryEvaluateInSetMaskInPlace;org/weakref/nitro/data/Mask.retainDictionaryIdComparison 3
/usr/lib/x86_64-linux-gnu/libc.so.6;/usr/lib/x86_64-linux-gnu/libc.so.6;thread_native_entry;Thread::call_run;JavaThread::thread_main_inner;CompileBroker::compiler_thread_loop;CompileBroker::invoke_compiler_on_method;C2Compiler::compile_method;Compile::Compile;Compile::Optimize;PhaseIterGVN::optimize;PhaseIterGVN::transform_old;RegionNode::Ideal;PhaseIterGVN::subsume_node 1
/usr/lib/x86_64-linux-gnu/libc.so.6;/usr/lib/x86_64-linux-gnu/libc.so.6;thread_native_entry;Thread::call_run;JavaThread::thread_main_inner;CompileBroker::compiler_thread_loop;CompileBroker::invoke_compiler_on_method;C2Compiler::compile_method;Compile::Compile;Compile::Optimize;PhaseIterGVN::optimize;PhaseIterGVN::transform_old;LoadNode::Ideal;MergeMemNode::Opcode 1
java/lang/Thread.run;java/lang/Thread.runWith;java/util/concurrent/ThreadPoolExecutor$Worker.run;java/util/concurrent/ThreadPoolExecutor.runWorker;java/util/concurrent/FutureTask.run;java/util/concurrent/Executors$RunnableAdapter.call;java/util/concurrent/FutureTask.run;org/openjdk/jmh/runner/BenchmarkHandler$BenchmarkTask.call;org/openjdk/jmh/runner/BenchmarkHandler$BenchmarkTask.call;java/lang/reflect/Method.invoke;jdk/internal/reflect/DirectMethodHandleAccessor.invoke;jdk/internal/reflect/DirectMethodHandleAccessor.invokeImpl;java/lang/invoke/LambdaForm$MH.0x0000000063061400.invokeExact_MT;java/lang/invoke/LambdaForm$MH.0x0000000063061000.invoke;java/lang/invoke/DirectMethodHandle$Holder.invokeSpecial;org/weakref/nitro/clickbench/jmh_generated/BenchmarkQueries_query22_jmhTest.query22_AverageTime;org/weakref/nitro/clickbench/jmh_generated/BenchmarkQueries_query22_jmhTest.query22_avgt_jmhStub;org/weakref/nitro/clickbench/BenchmarkQueries.query22;org/weakref/nitro/clickbench/BenchmarkQueries.consume;org/weakref/nitro/operator/TopNOperator.close;org/weakref/nitro/operator/GroupedAggregationOperator.close;org/weakref/nitro/operator/GroupOperator.close;org/weakref/nitro/operator/FilterOperator.close;org/weakref/nitro/operator/NitroParquetScanOperator.close;org/weakref/nitro/parquet/ParquetFile.close;jdk/internal/foreign/ArenaImpl.close;jdk/internal/foreign/MemorySessionImpl.close;jdk/internal/foreign/ConfinedSession$ConfinedResourceList.cleanup;jdk/internal/foreign/MemorySessionImpl$ResourceList.cleanupSingle;jdk/internal/foreign/SegmentFactories$2.cleanup;sun/nio/ch/FileChannelImpl$Unmapper.unmap;sun/nio/ch/UnixFileDispatcherImpl.unmap;sun/nio/ch/UnixFileDispatcherImpl.unmap0;Java_sun_nio_ch_UnixFileDispatcherImpl_unmap0;munmap;entry_SYSCALL_64_after_hwframe_[k];do_syscall_64_[k];x64_sys_call_[k];__x64_sys_munmap_[k];__vm_munmap_[k];do_vmi_munmap_[k];do_vmi_align_munmap_[k];vms_complete_munmap_vmas_[k];vms_clear_ptes_[k];unmap_vmas_[k];unmap_single_vma.isra.0_[k];unmap_page_range_[k];zap_pmd_range.isra.0_[k];zap_pte_range_[k];zap_present_ptes.constprop.0_[k] 3
java/lang/Thread.run;java/lang/Thread.runWith;java/util/concurrent/ThreadPoolExecutor$Worker.run;java/util/concurrent/ThreadPoolExecutor.runWorker;java/util/concurrent/FutureTask.run;java/util/concurrent/Executors$RunnableAdapter.call;java/util/concurrent/FutureTask.run;org/openjdk/jmh/runner/BenchmarkHandler$BenchmarkTask.call;org/openjdk/jmh/runner/BenchmarkHandler$BenchmarkTask.call;java/lang/reflect/Method.invoke;jdk/internal/reflect/DirectMethodHandleAccessor.invoke;jdk/internal/reflect/DirectMethodHandleAccessor.invokeImpl;java/lang/invoke/LambdaForm$MH.0x0000000063061400.invokeExact_MT;java/lang/invoke/LambdaForm$MH.0x0000000063061000.invoke;java/lang/invoke/DirectMethodHandle$Holder.invokeSpecial;org/weakref/nitro/clickbench/jmh_generated/BenchmarkQueries_query22_jmhTest.query22_AverageTime;org/weakref/nitro/clickbench/jmh_generated/BenchmarkQueries_query22_jmhTest.query22_avgt_jmhStub;org/weakref/nitro/clickbench/BenchmarkQueries.query22;org/weakref/nitro/clickbench/BenchmarkQueries.consume;org/weakref/nitro/operator/TopNOperator.next;org/weakref/nitro/operator/TopNOperator.computeTopN;org/weakref/nitro/operator/GroupedAggregationOperator.next;org/weakref/nitro/operator/GroupedAggregationOperator.computeResults;org/weakref/nitro/operator/GroupOperator.next;org/weakref/nitro/operator/FilterOperator.next;org/weakref/nitro/operator/evaluator/PlanEvaluator.evaluateInPlace;org/weakref/nitro/operator/evaluator/PlanEvaluator.evaluateTrueMaskInPlace;org/weakref/nitro/operator/evaluator/PlanEvaluator.evaluateAdaptiveAndTrueMaskInPlace;org/weakref/nitro/operator/evaluator/PlanEvaluator.evaluateMeasuredTrueMaskInPlace;org/weakref/nitro/operator/evaluator/PlanEvaluator.evaluateTrueMaskInPlace;org/weakref/nitro/operator/evaluator/PlanEvaluator.evaluateTrueReferenceMaskFallbackInPlace;org/weakref/nitro/operator/evaluator/PlanEvaluator.evaluate;org/weakref/nitro/operator/evaluator/PlanEvaluator.evaluateUnmemoized;org/weakref/nitro/operator/evaluator/PlanEvaluator.evaluateVariable;org/weakref/nitro/operator/evaluator/PlanEvaluator.evaluateCall;org/weakref/nitro/operator/evaluator/PlanEvaluator.evaluateArgument;org/weakref/nitro/operator/evaluator/PlanEvaluator.evaluate;org/weakref/nitro/operator/evaluator/PlanEvaluator.evaluateUnmemoized;org/weakref/nitro/operator/evaluator/PlanEvaluator.evaluateInput;org/weakref/nitro/operator/FilterOperator$1.resolve;org/weakref/nitro/operator/Output.borrowOrNull;org/weakref/nitro/operator/Output.borrow;org/weakref/nitro/operator/Output.borrow;org/weakref/nitro/operator/NitroParquetScanOperator$ScanOutputResolver$$Lambda.0x00000000630aab88.apply;org/weakref/nitro/operator/NitroParquetScanOperator$ScanOutputResolver.resolve;org/weakref/nitro/operator/NitroParquetScanOperator.resolveLazyColumn;org/weakref/nitro/operator/NitroParquetScanOperator.decodeFullColumn;org/weakref/nitro/parquet/ColumnReader.readBinary;org/weakref/nitro/parquet/ColumnReader.readBinaryDirect;org/weakref/nitro/parquet/ColumnReader.decodeNextDataPage;org/weakref/nitro/parquet/ColumnReader.decompress;io/airlift/compress/v3/snappy/SnappyNativeDecompressor.decompress;io/airlift/compress/v3/snappy/SnappyNative.decompress;io/airlift/compress/v3/snappy/SnappyNative.decompressInternal;java/lang/invoke/LambdaForm$MH.0x000000006311c400.invokeExact_MT;java/lang/invoke/LambdaForm$MH.0x0000000063134000.invoke;java/lang/invoke/LambdaForm$DMH.0x00000000630b1400.invokeStatic;jdk/internal/foreign/abi/DowncallStub.0x00000000630b1000.invoke;java/lang/invoke/LambdaForm$MH.0x000000006311d000.invokeExact_MT;java/lang/invoke/LambdaForm$MH.0x0000000063134400.invoke;nep_invoker_blob;snappy_uncompress;snappy::RawUncompress;snappy::RawUncompress;void snappy::SnappyDecompressor::DecompressAllTags<snappy::SnappyArrayWriter>;std::pair<unsigned char const*, long> snappy::DecompressBranchless<char*> 29
java/lang/Thread.run;java/lang/Thread.runWith;java/util/concurrent/ThreadPoolExecutor$Worker.run;java/util/concurrent/ThreadPoolExecutor.runWorker;java/util/concurrent/FutureTask.run;java/util/concurrent/Executors$RunnableAdapter.call;java/util/concurrent/FutureTask.run;org/openjdk/jmh/runner/BenchmarkHandler$BenchmarkTask.call;org/openjdk/jmh/runner/BenchmarkHandler$BenchmarkTask.call;java/lang/reflect/Method.invoke;jdk/internal/reflect/DirectMethodHandleAccessor.invoke;jdk/internal/reflect/DirectMethodHandleAccessor.invokeImpl;java/lang/invoke/LambdaForm$MH.0x0000000063061400.invokeExact_MT;java/lang/invoke/LambdaForm$MH.0x0000000063061000.invoke;java/lang/invoke/DirectMethodHandle$Holder.invokeSpecial;org/weakref/nitro/clickbench/jmh_generated/BenchmarkQueries_query22_jmhTest.query22_AverageTime;org/weakref/nitro/clickbench/jmh_generated/BenchmarkQueries_query22_jmhTest.query22_avgt_jmhStub;org/weakref/nitro/clickbench/BenchmarkQueries.query22;org/weakref/nitro/clickbench/BenchmarkQueries.consume;org/weakref/nitro/operator/TopNOperator.next;org/weakref/nitro/operator/TopNOperator.computeTopN;org/weakref/nitro/operator/GroupedAggregationOperator.next;org/weakref/nitro/operator/GroupedAggregationOperator.computeResults;org/weakref/nitro/operator/GroupOperator.next;org/weakref/nitro/operator/FilterOperator.next;org/weakref/nitro/operator/evaluator/PlanEvaluator.evaluateInPlace;org/weakref/nitro/operator/evaluator/PlanEvaluator.evaluateTrueMaskInPlace;org/weakref/nitro/operator/evaluator/PlanEvaluator.evaluateAdaptiveAndTrueMaskInPlace;org/weakref/nitro/operator/evaluator/PlanEvaluator.evaluateMeasuredTrueMaskInPlace;org/weakref/nitro/operator/evaluator/PlanEvaluator.evaluateTrueMaskInPlace;org/weakref/nitro/operator/evaluator/PlanEvaluator.evaluateFalseMaskInPlace;org/weakref/nitro/operator/evaluator/PlanEvaluator.tryEvaluatePrimitiveFalseMaskInPlace;org/weakref/nitro/operator/evaluator/PlanEvaluator.tryEvaluatePrimitiveMaskInPlace;org/weakref/nitro/operator/evaluator/PlanEvaluator.resolveMaskPrimitiveInvocation;org/weakref/nitro/operator/evaluator/PlanEvaluator.evaluateArgument;org/weakref/nitro/operator/FilterOperator$1.resolve;org/weakref/nitro/operator/Output.borrowOrNull;org/weakref/nitro/operator/Output.borrow;org/weakref/nitro/operator/Output.borrow;org/weakref/nitro/operator/NitroParquetScanOperator$ScanOutputResolver$$Lambda.0x00000000630aab88.apply;org/weakref/nitro/operator/NitroParquetScanOperator$ScanOutputResolver.resolve;org/weakref/nitro/operator/NitroParquetScanOperator.resolveLazyColumn;org/weakref/nitro/operator/NitroParquetScanOperator.decodeFullColumn;org/weakref/nitro/parquet/ColumnReader.readBinary;org/weakref/nitro/parquet/ColumnReader.readBinaryDirect;org/weakref/nitro/parquet/ColumnReader.decodeNextDataPage;org/weakref/nitro/parquet/ColumnReader.decodeDictionary;jint_disjoint_arraycopy_stub 1
java/lang/Thread.run;java/lang/Thread.runWith;java/util/concurrent/ThreadPoolExecutor$Worker.run;java/util/concurrent/ThreadPoolExecutor.runWorker;java/util/concurrent/FutureTask.run;java/util/concurrent/Executors$RunnableAdapter.call;java/util/concurrent/FutureTask.run;org/openjdk/jmh/runner/BenchmarkHandler$BenchmarkTask.call;org/openjdk/jmh/runner/BenchmarkHandler$BenchmarkTask.call;java/lang/reflect/Method.invoke;jdk/internal/reflect/DirectMethodHandleAccessor.invoke;jdk/internal/reflect/DirectMethodHandleAccessor.invokeImpl;java/lang/invoke/LambdaForm$MH.0x0000000063061400.invokeExact_MT;java/lang/invoke/LambdaForm$MH.0x0000000063061000.invoke;java/lang/invoke/DirectMethodHandle$Holder.invokeSpecial;org/weakref/nitro/clickbench/jmh_generated/BenchmarkQueries_query22_jmhTest.query22_AverageTime;org/weakref/nitro/clickbench/jmh_generated/BenchmarkQueries_query22_jmhTest.query22_avgt_jmhStub;org/weakref/nitro/clickbench/BenchmarkQueries.query22;org/weakref/nitro/clickbench/BenchmarkQueries.consume;org/weakref/nitro/operator/TopNOperator.next;org/weakref/nitro/operator/TopNOperator.computeTopN;org/weakref/nitro/operator/GroupedAggregationOperator.next;org/weakref/nitro/operator/GroupedAggregationOperator.computeResults;org/weakref/nitro/operator/GroupOperator.next;org/weakref/nitro/operator/FilterOperator.next;org/weakref/nitro/operator/evaluator/PlanEvaluator.evaluateInPlace;org/weakref/nitro/operator/evaluator/PlanEvaluator.evaluateTrueMaskInPlace;org/weakref/nitro/operator/evaluator/PlanEvaluator.evaluateAdaptiveAndTrueMaskInPlace;org/weakref/nitro/operator/evaluator/PlanEvaluator.evaluateMeasuredTrueMaskInPlace;org/weakref/nitro/operator/evaluator/PlanEvaluator.evaluateTrueMaskInPlace;org/weakref/nitro/operator/evaluator/PlanEvaluator.evaluateFalseMaskInPlace;org/weakref/nitro/operator/evaluator/PlanEvaluator.tryEvaluatePrimitiveFalseMaskInPlace;org/weakref/nitro/operator/evaluator/PlanEvaluator.tryEvaluatePrimitiveMaskInPlace;org/weakref/nitro/function/scalar/builtin/EqualUtf8.tryEvaluateFalseMaskInPlace;org/weakref/nitro/function/scalar/builtin/Utf8BinaryDispatch.tryEvaluateEqualsFalseMaskInPlace;org/weakref/nitro/function/scalar/builtin/Utf8BinaryDispatch.tryEvaluateEqualsMaskInPlace;org/weakref/nitro/data/Mask.retainIf;org/weakref/nitro/function/scalar/builtin/Utf8BinaryDispatch$$Lambda.0x0000000063125f20.test;org/weakref/nitro/function/scalar/builtin/Utf8BinaryDispatch.lambda$tryEvaluateEqualsMaskInPlace$0;org/weakref/nitro/function/scalar/builtin/Utf8BinaryDispatch.binaryEquals;org/weakref/nitro/function/scalar/builtin/Utf8BinaryDispatch.binaryEquals 2
java/lang/Thread.run;java/lang/Thread.runWith;java/util/concurrent/ThreadPoolExecutor$Worker.run;java/util/concurrent/ThreadPoolExecutor.runWorker;java/util/concurrent/FutureTask.run;java/util/concurrent/Executors$RunnableAdapter.call;java/util/concurrent/FutureTask.run;org/openjdk/jmh/runner/BenchmarkHandler$BenchmarkTask.call;org/openjdk/jmh/runner/BenchmarkHandler$BenchmarkTask.call;java/lang/reflect/Method.invoke;jdk/internal/reflect/DirectMethodHandleAccessor.invoke;jdk/internal/reflect/DirectMethodHandleAccessor.invokeImpl;java/lang/invoke/LambdaForm$MH.0x0000000063061400.invokeExact_MT;java/lang/invoke/LambdaForm$MH.0x0000000063061000.invoke;java/lang/invoke/DirectMethodHandle$Holder.invokeSpecial;org/weakref/nitro/clickbench/jmh_generated/BenchmarkQueries_query22_jmhTest.query22_AverageTime;org/weakref/nitro/clickbench/jmh_generated/BenchmarkQueries_query22_jmhTest.query22_avgt_jmhStub;org/weakref/nitro/clickbench/BenchmarkQueries.query22;org/weakref/nitro/clickbench/ClickBenchHitsSupport.query22;org/weakref/nitro/clickbench/ClickBenchHitsSupport.clickBenchScan;org/weakref/nitro/operator/NitroParquetScanOperator.<init>;java/util/stream/ReferencePipeline.toArray;java/util/stream/AbstractPipeline.evaluateToArrayNode;java/util/stream/AbstractPipeline.evaluate;java/util/stream/AbstractPipeline.wrapAndCopyInto;java/util/stream/AbstractPipeline.copyInto;java/util/AbstractList$RandomAccessSpliterator.forEachRemaining;java/util/stream/ReferencePipeline$3$1.accept;org/weakref/nitro/operator/NitroParquetScanOperator$$Lambda.0x00000000630837a8.apply;org/weakref/nitro/parquet/ParquetFile.open;org/weakref/nitro/parquet/ParquetFile.<init>;org/apache/parquet/format/Util.readFileMetaData;org/apache/parquet/format/Util.readFileMetaData;org/apache/parquet/format/Util.read;org/apache/parquet/format/FileMetaData.read;org/apache/parquet/format/FileMetaData$FileMetaDataStandardScheme.read;org/apache/parquet/format/FileMetaData$FileMetaDataStandardScheme.read;org/apache/parquet/format/RowGroup.read;org/apache/parquet/format/RowGroup$RowGroupStandardScheme.read;org/apache/parquet/format/RowGroup$RowGroupStandardScheme.read;org/apache/parquet/format/ColumnChunk.read;org/apache/parquet/format/ColumnChunk$ColumnChunkStandardScheme.read;org/apache/parquet/format/ColumnChunk$ColumnChunkStandardScheme.read;org/apache/parquet/format/ColumnMetaData.read;org/apache/parquet/format/ColumnMetaData$ColumnMetaDataStandardScheme.read;org/apache/parquet/format/ColumnMetaData$ColumnMetaDataStandardScheme.read;org/apache/parquet/format/PageEncodingStats.read;org/apache/parquet/format/PageEncodingStats$PageEncodingStatsStandardScheme.read;org/apache/parquet/format/PageEncodingStats$PageEncodingStatsStandardScheme.read;org/apache/parquet/format/InterningProtocol.readI32;shaded/parquet/org/apache/thrift/protocol/TCompactProtocol.readI32;shaded/parquet/org/apache/thrift/protocol/TCompactProtocol.readVarint32 1
java/lang/Thread.run;java/lang/Thread.runWith;java/util/concurrent/ThreadPoolExecutor$Worker.run;java/util/concurrent/ThreadPoolExecutor.runWorker;java/util/concurrent/FutureTask.run;java/util/concurrent/Executors$RunnableAdapter.call;java/util/concurrent/FutureTask.run;org/openjdk/jmh/runner/BenchmarkHandler$BenchmarkTask.call;org/openjdk/jmh/runner/BenchmarkHandler$BenchmarkTask.call;java/lang/reflect/Method.invoke;jdk/internal/reflect/DirectMethodHandleAccessor.invoke;jdk/internal/reflect/DirectMethodHandleAccessor.invokeImpl;java/lang/invoke/LambdaForm$MH.0x0000000063061400.invokeExact_MT;java/lang/invoke/LambdaForm$MH.0x0000000063061000.invoke;java/lang/invoke/DirectMethodHandle$Holder.invokeSpecial;org/weakref/nitro/clickbench/jmh_generated/BenchmarkQueries_query22_jmhTest.query22_AverageTime;org/weakref/nitro/clickbench/jmh_generated/BenchmarkQueries_query22_jmhTest.query22_avgt_jmhStub;org/weakref/nitro/clickbench/BenchmarkQueries.query22;org/weakref/nitro/clickbench/BenchmarkQueries.consume;org/weakref/nitro/operator/TopNOperator.next;org/weakref/nitro/operator/TopNOperator.computeTopN;org/weakref/nitro/operator/GroupedAggregationOperator.next;org/weakref/nitro/operator/GroupedAggregationOperator.computeResults;org/weakref/nitro/operator/GroupOperator.next;org/weakref/nitro/operator/FilterOperator.next;org/weakref/nitro/operator/evaluator/PlanEvaluator.resetForReuse;org/weakref/nitro/data/Allocator.releaseIfPresent;org/weakref/nitro/data/Allocator$ContextState.release;org/weakref/nitro/data/Allocator$ContextState.addVectorToPool;java/util/TreeMap.computeIfAbsent;java/util/TreeMap.addEntry 1
java/lang/Thread.run;java/lang/Thread.runWith;java/util/concurrent/ThreadPoolExecutor$Worker.run;java/util/concurrent/ThreadPoolExecutor.runWorker;java/util/concurrent/FutureTask.run;java/util/concurrent/Executors$RunnableAdapter.call;java/util/concurrent/FutureTask.run;org/openjdk/jmh/runner/BenchmarkHandler$BenchmarkTask.call;org/openjdk/jmh/runner/BenchmarkHandler$BenchmarkTask.call;java/lang/reflect/Method.invoke;jdk/internal/reflect/DirectMethodHandleAccessor.invoke;jdk/internal/reflect/DirectMethodHandleAccessor.invokeImpl;java/lang/invoke/LambdaForm$MH.0x0000000063061400.invokeExact_MT;java/lang/invoke/LambdaForm$MH.0x0000000063061000.invoke;java/lang/invoke/DirectMethodHandle$Holder.invokeSpecial;org/weakref/nitro/clickbench/jmh_generated/BenchmarkQueries_query22_jmhTest.query22_AverageTime;org/weakref/nitro/clickbench/jmh_generated/BenchmarkQueries_query22_jmhTest.query22_avgt_jmhStub;org/weakref/nitro/clickbench/BenchmarkQueries.query22;org/weakref/nitro/clickbench/BenchmarkQueries.consume;org/weakref/nitro/operator/TopNOperator.next;org/weakref/nitro/operator/TopNOperator.computeTopN;org/weakref/nitro/operator/GroupedAggregationOperator.next;org/weakref/nitro/operator/GroupedAggregationOperator.computeResults;org/weakref/nitro/operator/GroupOperator.next;org/weakref/nitro/operator/FilterOperator.next;org/weakref/nitro/operator/evaluator/PlanEvaluator.evaluateInPlace;org/weakref/nitro/operator/evaluator/PlanEvaluator.evaluateTrueMaskInPlace;org/weakref/nitro/operator/evaluator/PlanEvaluator.evaluateAdaptiveAndTrueMaskInPlace;org/weakref/nitro/operator/evaluator/PlanEvaluator.evaluateMeasuredTrueMaskInPlace;org/weakref/nitro/operator/evaluator/PlanEvaluator.evaluateTrueMaskInPlace;org/weakref/nitro/operator/evaluator/PlanEvaluator.evaluateTrueReferenceMaskFallbackInPlace;org/weakref/nitro/operator/evaluator/PlanEvaluator.evaluate;org/weakref/nitro/operator/evaluator/PlanEvaluator.evaluateUnmemoized;org/weakref/nitro/operator/evaluator/PlanEvaluator.evaluateVariable;org/weakref/nitro/operator/evaluator/PlanEvaluator.evaluateCall;org/weakref/nitro/function/scalar/builtin/ContainsUtf8.apply;org/weakref/nitro/function/scalar/builtin/Utf8BinaryDispatch.applyContains;org/weakref/nitro/function/scalar/builtin/Utf8BinaryDispatch.apply;org/weakref/nitro/function/scalar/builtin/Utf8BinaryDispatch.applyValues;org/weakref/nitro/function/scalar/builtin/Utf8BinaryDispatch.applyContainsDictionarySingleNeedle 1
java/lang/Thread.run;java/lang/Thread.runWith;java/util/concurrent/ThreadPoolExecutor$Worker.run;java/util/concurrent/ThreadPoolExecutor.runWorker;java/util/concurrent/FutureTask.run;java/util/concurrent/Executors$RunnableAdapter.call;java/util/concurrent/FutureTask.run;org/openjdk/jmh/runner/BenchmarkHandler$BenchmarkTask.call;org/openjdk/jmh/runner/BenchmarkHandler$BenchmarkTask.call;java/lang/reflect/Method.invoke;jdk/internal/reflect/DirectMethodHandleAccessor.invoke;jdk/internal/reflect/DirectMethodHandleAccessor.invokeImpl;java/lang/invoke/LambdaForm$MH.0x0000000063061400.invokeExact_MT;java/lang/invoke/LambdaForm$MH.0x0000000063061000.invoke;java/lang/invoke/DirectMethodHandle$Holder.invokeSpecial;org/weakref/nitro/clickbench/jmh_generated/BenchmarkQueries_query22_jmhTest.query22_AverageTime;org/weakref/nitro/clickbench/jmh_generated/BenchmarkQueries_query22_jmhTest.query22_avgt_jmhStub;org/weakref/nitro/clickbench/BenchmarkQueries.query22;org/weakref/nitro/clickbench/BenchmarkQueries.consume;org/weakref/nitro/operator/TopNOperator.next;org/weakref/nitro/operator/TopNOperator.computeTopN;org/weakref/nitro/operator/GroupedAggregationOperator.next;org/weakref/nitro/operator/GroupedAggregationOperator.computeResults;org/weakref/nitro/operator/GroupOperator.next;org/weakref/nitro/operator/FilterOperator.next;org/weakref/nitro/operator/evaluator/PlanEvaluator.evaluateInPlace;org/weakref/nitro/operator/evaluator/PlanEvaluator.evaluateTrueMaskInPlace;org/weakref/nitro/operator/evaluator/PlanEvaluator.evaluateAdaptiveAndTrueMaskInPlace;org/weakref/nitro/operator/evaluator/PlanEvaluator.evaluateMeasuredTrueMaskInPlace;org/weakref/nitro/operator/evaluator/PlanEvaluator.evaluateTrueMaskInPlace;org/weakref/nitro/operator/evaluator/PlanEvaluator.evaluateTrueReferenceMaskFallbackInPlace;org/weakref/nitro/operator/evaluator/PlanEvaluator.evaluate;org/weakref/nitro/operator/evaluator/PlanEvaluator.evaluateUnmemoized;org/weakref/nitro/operator/evaluator/PlanEvaluator.evaluateVariable;org/weakref/nitro/operator/evaluator/PlanEvaluator.evaluateCall;org/weakref/nitro/operator/evaluator/PlanEvaluator.evaluateArgument;org/weakref/nitro/operator/evaluator/PlanEvaluator.evaluate;org/weakref/nitro/operator/evaluator/PlanEvaluator.evaluateUnmemoized;org/weakref/nitro/operator/evaluator/PlanEvaluator.evaluateInput;org/weakref/nitro/operator/FilterOperator$1.resolve;org/weakref/nitro/operator/Output.borrowOrNull;org/weakref/nitro/operator/Output.borrow;org/weakref/nitro/operator/Output.borrow;org/weakref/nitro/operator/NitroParquetScanOperator$ScanOutputResolver$$Lambda.0x00000000630aab88.apply;org/weakref/nitro/operator/NitroParquetScanOperator$ScanOutputResolver.resolve;org/weakref/nitro/operator/NitroParquetScanOperator.resolveLazyColumn;org/weakref/nitro/operator/NitroParquetScanOperator.decodeFullColumn;org/weakref/nitro/parquet/ColumnReader.readBinary;org/weakref/nitro/parquet/ColumnReader.readBinaryDirect;org/weakref/nitro/parquet/ColumnReader.decodeNextDataPage;org/weakref/nitro/parquet/ColumnReader.decodeDictionary;jlong_disjoint_arraycopy_stub 1
java/lang/Thread.run;java/lang/Thread.runWith;java/util/concurrent/ThreadPoolExecutor$Worker.run;java/util/concurrent/ThreadPoolExecutor.runWorker;java/util/concurrent/FutureTask.run;java/util/concurrent/Executors$RunnableAdapter.call;java/util/concurrent/FutureTask.run;org/openjdk/jmh/runner/BenchmarkHandler$BenchmarkTask.call;org/openjdk/jmh/runner/BenchmarkHandler$BenchmarkTask.call;java/lang/reflect/Method.invoke;jdk/internal/reflect/DirectMethodHandleAccessor.invoke;jdk/internal/reflect/DirectMethodHandleAccessor.invokeImpl;java/lang/invoke/LambdaForm$MH.0x0000000063061400.invokeExact_MT;java/lang/invoke/LambdaForm$MH.0x0000000063061000.invoke;java/lang/invoke/DirectMethodHandle$Holder.invokeSpecial;org/weakref/nitro/clickbench/jmh_generated/BenchmarkQueries_query22_jmhTest.query22_AverageTime;org/weakref/nitro/clickbench/jmh_generated/BenchmarkQueries_query22_jmhTest.query22_avgt_jmhStub;org/weakref/nitro/clickbench/BenchmarkQueries.query22;org/weakref/nitro/clickbench/BenchmarkQueries.consume;org/weakref/nitro/operator/TopNOperator.next;org/weakref/nitro/operator/TopNOperator.computeTopN;org/weakref/nitro/operator/GroupedAggregationOperator.next;org/weakref/nitro/operator/GroupedAggregationOperator.computeResults;org/weakref/nitro/operator/GroupOperator.next;org/weakref/nitro/operator/FilterOperator.next;org/weakref/nitro/operator/evaluator/PlanEvaluator.evaluateInPlace;org/weakref/nitro/operator/evaluator/PlanEvaluator.evaluateTrueMaskInPlace;org/weakref/nitro/operator/evaluator/PlanEvaluator.evaluateAdaptiveAndTrueMaskInPlace;org/weakref/nitro/operator/evaluator/PlanEvaluator.evaluateMeasuredTrueMaskInPlace;org/weakref/nitro/operator/evaluator/PlanEvaluator.evaluateTrueMaskInPlace;org/weakref/nitro/operator/evaluator/PlanEvaluator.evaluateFalseMaskInPlace;org/weakref/nitro/operator/evaluator/PlanEvaluator.tryEvaluatePrimitiveFalseMaskInPlace;org/weakref/nitro/operator/evaluator/PlanEvaluator.tryEvaluatePrimitiveMaskInPlace;org/weakref/nitro/operator/evaluator/PlanEvaluator.resolveMaskPrimitiveInvocation;org/weakref/nitro/operator/evaluator/PlanEvaluator.evaluateArgument;org/weakref/nitro/operator/FilterOperator$1.resolve;org/weakref/nitro/operator/Output.borrowOrNull;org/weakref/nitro/operator/Output.borrow;org/weakref/nitro/operator/Output.borrow;org/weakref/nitro/operator/NitroParquetScanOperator$ScanOutputResolver$$Lambda.0x00000000630aab88.apply;org/weakref/nitro/operator/NitroParquetScanOperator$ScanOutputResolver.resolve;org/weakref/nitro/operator/NitroParquetScanOperator.resolveLazyColumn;org/weakref/nitro/operator/NitroParquetScanOperator.decodeFullColumn;org/weakref/nitro/parquet/ColumnReader.readBinary;org/weakref/nitro/parquet/ColumnReader.readBinaryDirect;org/weakref/nitro/parquet/ColumnReader.decodeNextDataPage;org/weakref/nitro/parquet/ColumnReader.decodeDataPageV1;org/weakref/nitro/parquet/ColumnReader.decodePlainBinary;org/weakref/nitro/parquet/ColumnReader.decodePlainBinaryPresized;org/weakref/nitro/parquet/ColumnReader.appendPlainEntryPresized;java/lang/foreign/MemorySegment.copy;jdk/internal/foreign/AbstractMemorySegmentImpl.copy;jdk/internal/foreign/AbstractMemorySegmentImpl.checkAccess;jdk/internal/foreign/AbstractMemorySegmentImpl.checkAccessBounds;jdk/internal/foreign/AbstractMemorySegmentImpl.checkBounds 2
java/lang/Thread.run;java/lang/Thread.runWith;java/util/concurrent/ThreadPoolExecutor$Worker.run;java/util/concurrent/ThreadPoolExecutor.runWorker;java/util/concurrent/FutureTask.run;java/util/concurrent/Executors$RunnableAdapter.call;java/util/concurrent/FutureTask.run;org/openjdk/jmh/runner/BenchmarkHandler$BenchmarkTask.call;org/openjdk/jmh/runner/BenchmarkHandler$BenchmarkTask.call;java/lang/reflect/Method.invoke;jdk/internal/reflect/DirectMethodHandleAccessor.invoke;jdk/internal/reflect/DirectMethodHandleAccessor.invokeImpl;java/lang/invoke/LambdaForm$MH.0x0000000063061400.invokeExact_MT;java/lang/invoke/LambdaForm$MH.0x0000000063061000.invoke;java/lang/invoke/DirectMethodHandle$Holder.invokeSpecial;org/weakref/nitro/clickbench/jmh_generated/BenchmarkQueries_query22_jmhTest.query22_AverageTime;org/weakref/nitro/clickbench/jmh_generated/BenchmarkQueries_query22_jmhTest.query22_avgt_jmhStub;org/weakref/nitro/clickbench/BenchmarkQueries.query22;org/weakref/nitro/clickbench/ClickBenchHitsSupport.query22;org/weakref/nitro/clickbench/ClickBenchHitsSupport.clickBenchScan;org/weakref/nitro/operator/NitroParquetScanOperator.<init>;java/util/stream/ReferencePipeline.toArray;java/util/stream/AbstractPipeline.evaluateToArrayNode;java/util/stream/AbstractPipeline.evaluate;java/util/stream/AbstractPipeline.wrapAndCopyInto;java/util/stream/AbstractPipeline.copyInto;java/util/AbstractList$RandomAccessSpliterator.forEachRemaining;java/util/stream/ReferencePipeline$3$1.accept;org/weakref/nitro/operator/NitroParquetScanOperator$$Lambda.0x00000000630837a8.apply;org/weakref/nitro/parquet/ParquetFile.open;org/weakref/nitro/parquet/ParquetFile.<init>;org/apache/parquet/format/Util.readFileMetaData;org/apache/parquet/format/Util.readFileMetaData;org/apache/parquet/format/Util.read;org/apache/parquet/format/FileMetaData.read;org/apache/parquet/format/FileMetaData$FileMetaDataStandardScheme.read;org/apache/parquet/format/FileMetaData$FileMetaDataStandardScheme.read;org/apache/parquet/format/RowGroup.read;org/apache/parquet/format/RowGroup$RowGroupStandardScheme.read;org/apache/parquet/format/RowGroup$RowGroupStandardScheme.read;org/apache/parquet/format/ColumnChunk.read;org/apache/parquet/format/ColumnChunk$ColumnChunkStandardScheme.read;org/apache/parquet/format/ColumnChunk$ColumnChunkStandardScheme.read;org/apache/parquet/format/ColumnMetaData.read;org/apache/parquet/format/ColumnMetaData$ColumnMetaDataStandardScheme.read;org/apache/parquet/format/ColumnMetaData$ColumnMetaDataStandardScheme.read;org/apache/parquet/format/PageEncodingStats.read;org/apache/parquet/format/PageEncodingStats$PageEncodingStatsStandardScheme.read;org/apache/parquet/format/PageEncodingStats$PageEncodingStatsStandardScheme.read;org/apache/parquet/format/InterningProtocol.readI32;shaded/parquet/org/apache/thrift/protocol/TCompactProtocol.readI32;shaded/parquet/org/apache/thrift/protocol/TCompactProtocol.readVarint32 1
java/lang/Thread.run;java/lang/Thread.runWith;java/util/concurrent/ThreadPoolExecutor$Worker.run;java/util/concurrent/ThreadPoolExecutor.runWorker;java/util/concurrent/FutureTask.run;java/util/concurrent/Executors$RunnableAdapter.call;java/util/concurrent/FutureTask.run;org/openjdk/jmh/runner/BenchmarkHandler$BenchmarkTask.call;org/openjdk/jmh/runner/BenchmarkHandler$BenchmarkTask.call;java/lang/reflect/Method.invoke;jdk/internal/reflect/DirectMethodHandleAccessor.invoke;jdk/internal/reflect/DirectMethodHandleAccessor.invokeImpl;java/lang/invoke/LambdaForm$MH.0x0000000063061400.invokeExact_MT;java/lang/invoke/LambdaForm$MH.0x0000000063061000.invoke;java/lang/invoke/DirectMethodHandle$Holder.invokeSpecial;org/weakref/nitro/clickbench/jmh_generated/BenchmarkQueries_query22_jmhTest.query22_AverageTime;org/weakref/nitro/clickbench/jmh_generated/BenchmarkQueries_query22_jmhTest.query22_avgt_jmhStub;org/weakref/nitro/clickbench/BenchmarkQueries.query22;org/weakref/nitro/clickbench/BenchmarkQueries.consume;org/weakref/nitro/operator/TopNOperator.next;org/weakref/nitro/operator/TopNOperator.computeTopN;org/weakref/nitro/operator/GroupedAggregationOperator.next;org/weakref/nitro/operator/GroupedAggregationOperator.computeResults;org/weakref/nitro/operator/GroupOperator.next;org/weakref/nitro/operator/FilterOperator.next;org/weakref/nitro/operator/evaluator/PlanEvaluator.resetForReuse;org/weakref/nitro/data/Allocator.releaseIfPresent;org/weakref/nitro/data/Allocator$ContextState.release;org/weakref/nitro/data/Allocator$ContextState.addVectorToPool;java/util/HashMap.computeIfAbsent 1
java/lang/Thread.run;java/lang/Thread.runWith;java/util/concurrent/ThreadPoolExecutor$Worker.run;java/util/concurrent/ThreadPoolExecutor.runWorker;java/util/concurrent/FutureTask.run;java/util/concurrent/Executors$RunnableAdapter.call;java/util/concurrent/FutureTask.run;org/openjdk/jmh/runner/BenchmarkHandler$BenchmarkTask.call;org/openjdk/jmh/runner/BenchmarkHandler$BenchmarkTask.call;java/lang/reflect/Method.invoke;jdk/internal/reflect/DirectMethodHandleAccessor.invoke;jdk/internal/reflect/DirectMethodHandleAccessor.invokeImpl;java/lang/invoke/LambdaForm$MH.0x0000000063061400.invokeExact_MT;java/lang/invoke/LambdaForm$MH.0x0000000063061000.invoke;java/lang/invoke/DirectMethodHandle$Holder.invokeSpecial;org/weakref/nitro/clickbench/jmh_generated/BenchmarkQueries_query22_jmhTest.query22_AverageTime;org/weakref/nitro/clickbench/jmh_generated/BenchmarkQueries_query22_jmhTest.query22_avgt_jmhStub;org/weakref/nitro/clickbench/BenchmarkQueries.query22;org/weakref/nitro/clickbench/BenchmarkQueries.consume;org/weakref/nitro/operator/TopNOperator.next;org/weakref/nitro/operator/TopNOperator.computeTopN;org/weakref/nitro/operator/GroupedAggregationOperator.next;org/weakref/nitro/operator/GroupedAggregationOperator.computeResults;org/weakref/nitro/operator/GroupOperator.next;org/weakref/nitro/operator/FilterOperator.next;org/weakref/nitro/operator/evaluator/PlanEvaluator.evaluateInPlace;org/weakref/nitro/operator/evaluator/PlanEvaluator.evaluateTrueMaskInPlace;org/weakref/nitro/operator/evaluator/PlanEvaluator.evaluateAdaptiveAndTrueMaskInPlace;org/weakref/nitro/operator/evaluator/PlanEvaluator.evaluateMeasuredTrueMaskInPlace;org/weakref/nitro/operator/evaluator/PlanEvaluator.evaluateTrueMaskInPlace;org/weakref/nitro/operator/evaluator/PlanEvaluator.evaluateTrueReferenceMaskFallbackInPlace;org/weakref/nitro/operator/evaluator/PlanEvaluator.evaluate;org/weakref/nitro/operator/evaluator/PlanEvaluator.evaluateUnmemoized;org/weakref/nitro/operator/evaluator/PlanEvaluator.evaluateVariable;org/weakref/nitro/operator/evaluator/PlanEvaluator.evaluateCall;org/weakref/nitro/operator/evaluator/PlanEvaluator.evaluateArgument;org/weakref/nitro/operator/evaluator/PlanEvaluator.evaluate;org/weakref/nitro/operator/evaluator/PlanEvaluator.evaluateUnmemoized;org/weakref/nitro/operator/evaluator/PlanEvaluator.evaluateInput;org/weakref/nitro/operator/FilterOperator$1.resolve;org/weakref/nitro/operator/Output.borrowOrNull;org/weakref/nitro/operator/Output.borrow;org/weakref/nitro/operator/Output.borrow;org/weakref/nitro/operator/NitroParquetScanOperator$ScanOutputResolver$$Lambda.0x00000000630aab88.apply;org/weakref/nitro/operator/NitroParquetScanOperator$ScanOutputResolver.resolve;org/weakref/nitro/operator/NitroParquetScanOperator.resolveLazyColumn;org/weakref/nitro/operator/NitroParquetScanOperator.decodeFullColumn;org/weakref/nitro/parquet/ColumnReader.readBinary;org/weakref/nitro/parquet/ColumnReader.readBinaryDirect;org/weakref/nitro/parquet/ColumnReader.decodeNextDataPage 2
java/lang/Thread.run;java/lang/Thread.runWith;java/util/concurrent/ThreadPoolExecutor$Worker.run;java/util/concurrent/ThreadPoolExecutor.runWorker;java/util/concurrent/FutureTask.run;java/util/concurrent/Executors$RunnableAdapter.call;java/util/concurrent/FutureTask.run;org/openjdk/jmh/runner/BenchmarkHandler$BenchmarkTask.call;org/openjdk/jmh/runner/BenchmarkHandler$BenchmarkTask.call;java/lang/reflect/Method.invoke;jdk/internal/reflect/DirectMethodHandleAccessor.invoke;jdk/internal/reflect/DirectMethodHandleAccessor.invokeImpl;java/lang/invoke/LambdaForm$MH.0x0000000063061400.invokeExact_MT;java/lang/invoke/LambdaForm$MH.0x0000000063061000.invoke;java/lang/invoke/DirectMethodHandle$Holder.invokeSpecial;org/weakref/nitro/clickbench/jmh_generated/BenchmarkQueries_query22_jmhTest.query22_AverageTime;org/weakref/nitro/clickbench/jmh_generated/BenchmarkQueries_query22_jmhTest.query22_avgt_jmhStub;org/weakref/nitro/clickbench/BenchmarkQueries.query22;org/weakref/nitro/clickbench/BenchmarkQueries.consume;org/weakref/nitro/operator/TopNOperator.next;org/weakref/nitro/operator/TopNOperator.computeTopN;org/weakref/nitro/operator/GroupedAggregationOperator.next;org/weakref/nitro/operator/GroupedAggregationOperator.computeResults;org/weakref/nitro/operator/GroupOperator.next;org/weakref/nitro/operator/FilterOperator.next;org/weakref/nitro/operator/evaluator/PlanEvaluator.evaluateInPlace;org/weakref/nitro/operator/evaluator/PlanEvaluator.evaluateTrueMaskInPlace;org/weakref/nitro/operator/evaluator/PlanEvaluator.evaluateAdaptiveAndTrueMaskInPlace;org/weakref/nitro/operator/evaluator/PlanEvaluator.evaluateMeasuredTrueMaskInPlace;org/weakref/nitro/operator/evaluator/PlanEvaluator.evaluateTrueMaskInPlace;org/weakref/nitro/operator/evaluator/PlanEvaluator.evaluateFalseMaskInPlace;org/weakref/nitro/operator/evaluator/PlanEvaluator.tryEvaluatePrimitiveFalseMaskInPlace;org/weakref/nitro/operator/evaluator/PlanEvaluator.tryEvaluatePrimitiveMaskInPlace;org/weakref/nitro/operator/evaluator/PlanEvaluator.resolveMaskPrimitiveInvocation;org/weakref/nitro/operator/evaluator/PlanEvaluator.evaluateArgument;org/weakref/nitro/operator/FilterOperator$1.resolve;org/weakref/nitro/operator/Output.borrowOrNull;org/weakref/nitro/operator/Output.borrow;org/weakref/nitro/operator/Output.borrow;org/weakref/nitro/operator/NitroParquetScanOperator$ScanOutputResolver$$Lambda.0x00000000630aab88.apply;org/weakref/nitro/operator/NitroParquetScanOperator$ScanOutputResolver.resolve;org/weakref/nitro/operator/NitroParquetScanOperator.resolveLazyColumn;org/weakref/nitro/operator/NitroParquetScanOperator.decodeFullColumn;org/weakref/nitro/parquet/ColumnReader.readBinary;org/weakref/nitro/parquet/ColumnReader.readBinaryDirect;org/weakref/nitro/parquet/ColumnReader.decodeNextDataPage;org/weakref/nitro/parquet/ColumnReader.decompress;io/airlift/compress/v3/snappy/SnappyNativeDecompressor.decompress;io/airlift/compress/v3/snappy/SnappyNative.decompress;io/airlift/compress/v3/snappy/SnappyNative.decompressInternal;java/lang/invoke/LambdaForm$MH.0x000000006311c400.invokeExact_MT;java/lang/invoke/LambdaForm$MH.0x0000000063134000.invoke;java/lang/invoke/LambdaForm$DMH.0x00000000630b1400.invokeStatic;jdk/internal/foreign/abi/DowncallStub.0x00000000630b1000.invoke;java/lang/invoke/LambdaForm$MH.0x000000006311d000.invokeExact_MT;java/lang/invoke/LambdaForm$MH.0x0000000063134400.invoke;nep_invoker_blob;snappy_uncompress;snappy::RawUncompress;snappy::RawUncompress;void snappy::SnappyDecompressor::DecompressAllTags<snappy::SnappyArrayWriter>;std::pair<unsigned char const*, long> snappy::DecompressBranchless<char*>;snappy::MemCopy64 8
java/lang/Thread.run;java/lang/Thread.runWith;java/util/concurrent/ThreadPoolExecutor$Worker.run;java/util/concurrent/ThreadPoolExecutor.runWorker;java/util/concurrent/FutureTask.run;java/util/concurrent/Executors$RunnableAdapter.call;java/util/concurrent/FutureTask.run;org/openjdk/jmh/runner/BenchmarkHandler$BenchmarkTask.call;org/openjdk/jmh/runner/BenchmarkHandler$BenchmarkTask.call;java/lang/reflect/Method.invoke;jdk/internal/reflect/DirectMethodHandleAccessor.invoke;jdk/internal/reflect/DirectMethodHandleAccessor.invokeImpl;java/lang/invoke/LambdaForm$MH.0x0000000063061400.invokeExact_MT;java/lang/invoke/LambdaForm$MH.0x0000000063061000.invoke;java/lang/invoke/DirectMethodHandle$Holder.invokeSpecial;org/weakref/nitro/clickbench/jmh_generated/BenchmarkQueries_query22_jmhTest.query22_AverageTime;org/weakref/nitro/clickbench/jmh_generated/BenchmarkQueries_query22_jmhTest.query22_avgt_jmhStub;org/weakref/nitro/clickbench/BenchmarkQueries.query22;org/weakref/nitro/clickbench/BenchmarkQueries.consume;org/weakref/nitro/operator/TopNOperator.next;org/weakref/nitro/operator/TopNOperator.computeTopN;org/weakref/nitro/operator/GroupedAggregationOperator.next;org/weakref/nitro/operator/GroupedAggregationOperator.computeResults;org/weakref/nitro/operator/GroupOperator.next;org/weakref/nitro/operator/FilterOperator.next;org/weakref/nitro/operator/evaluator/PlanEvaluator.evaluateInPlace;org/weakref/nitro/operator/evaluator/PlanEvaluator.evaluateTrueMaskInPlace;org/weakref/nitro/operator/evaluator/PlanEvaluator.evaluateAdaptiveAndTrueMaskInPlace;org/weakref/nitro/operator/evaluator/PlanEvaluator.evaluateMeasuredTrueMaskInPlace;org/weakref/nitro/operator/evaluator/PlanEvaluator.evaluateTrueMaskInPlace;org/weakref/nitro/operator/evaluator/PlanEvaluator.evaluateFalseMaskInPlace;org/weakref/nitro/operator/evaluator/PlanEvaluator.tryEvaluatePrimitiveFalseMaskInPlace;org/weakref/nitro/operator/evaluator/PlanEvaluator.tryEvaluatePrimitiveMaskInPlace;org/weakref/nitro/function/scalar/builtin/EqualUtf8.tryEvaluateFalseMaskInPlace;org/weakref/nitro/function/scalar/builtin/Utf8BinaryDispatch.tryEvaluateEqualsFalseMaskInPlace;org/weakref/nitro/function/scalar/builtin/Utf8BinaryDispatch.tryEvaluateEqualsMaskInPlace;org/weakref/nitro/data/Mask.retainIf;org/weakref/nitro/function/scalar/builtin/Utf8BinaryDispatch$$Lambda.0x0000000063125f20.test;org/weakref/nitro/function/scalar/builtin/Utf8BinaryDispatch.lambda$tryEvaluateEqualsMaskInPlace$0;org/weakref/nitro/function/scalar/builtin/Utf8BinaryDispatch.binaryEquals;org/weakref/nitro/function/scalar/builtin/Utf8BinaryDispatch.binaryEquals;org/weakref/nitro/data/RleVector.runIndex;java/util/Arrays.binarySearch;java/util/Arrays.binarySearch0 1
java/lang/Thread.run;java/lang/Thread.runWith;java/util/concurrent/ThreadPoolExecutor$Worker.run;java/util/concurrent/ThreadPoolExecutor.runWorker;java/util/concurrent/FutureTask.run;java/util/concurrent/Executors$RunnableAdapter.call;java/util/concurrent/FutureTask.run;org/openjdk/jmh/runner/BenchmarkHandler$BenchmarkTask.call;org/openjdk/jmh/runner/BenchmarkHandler$BenchmarkTask.call;java/lang/reflect/Method.invoke;jdk/internal/reflect/DirectMethodHandleAccessor.invoke;jdk/internal/reflect/DirectMethodHandleAccessor.invokeImpl;java/lang/invoke/LambdaForm$MH.0x0000000063061400.invokeExact_MT;java/lang/invoke/LambdaForm$MH.0x0000000063061000.invoke;java/lang/invoke/DirectMethodHandle$Holder.invokeSpecial;org/weakref/nitro/clickbench/jmh_generated/BenchmarkQueries_query22_jmhTest.query22_AverageTime;org/weakref/nitro/clickbench/jmh_generated/BenchmarkQueries_query22_jmhTest.query22_avgt_jmhStub;org/weakref/nitro/clickbench/BenchmarkQueries.query22;org/weakref/nitro/clickbench/BenchmarkQueries.consume;org/weakref/nitro/operator/TopNOperator.next;org/weakref/nitro/operator/TopNOperator.computeTopN;org/weakref/nitro/operator/GroupedAggregationOperator.next;org/weakref/nitro/operator/GroupedAggregationOperator.computeResults;org/weakref/nitro/operator/GroupOperator.next;org/weakref/nitro/operator/FilterOperator.next;org/weakref/nitro/operator/evaluator/PlanEvaluator.evaluateInPlace;org/weakref/nitro/operator/evaluator/PlanEvaluator.evaluateTrueMaskInPlace;org/weakref/nitro/operator/evaluator/PlanEvaluator.evaluateAdaptiveAndTrueMaskInPlace;org/weakref/nitro/operator/evaluator/PlanEvaluator.evaluateMeasuredTrueMaskInPlace;org/weakref/nitro/operator/evaluator/PlanEvaluator.evaluateTrueMaskInPlace;org/weakref/nitro/operator/evaluator/PlanEvaluator.evaluateFalseMaskInPlace;org/weakref/nitro/operator/evaluator/PlanEvaluator.tryEvaluatePrimitiveFalseMaskInPlace;org/weakref/nitro/operator/evaluator/PlanEvaluator.tryEvaluatePrimitiveMaskInPlace;org/weakref/nitro/function/scalar/builtin/EqualUtf8.tryEvaluateFalseMaskInPlace;org/weakref/nitro/function/scalar/builtin/Utf8BinaryDispatch.tryEvaluateEqualsFalseMaskInPlace;org/weakref/nitro/function/scalar/builtin/Utf8BinaryDispatch.tryEvaluateEqualsMaskInPlace;org/weakref/nitro/function/scalar/builtin/Utf8BinaryDispatch.tryEvaluateInSetMaskInPlace;org/weakref/nitro/data/Mask.retainDictionaryIdComparison 1
java/lang/Thread.run;java/lang/Thread.runWith;java/util/concurrent/ThreadPoolExecutor$Worker.run;java/util/concurrent/ThreadPoolExecutor.runWorker;java/util/concurrent/FutureTask.run;java/util/concurrent/Executors$RunnableAdapter.call;java/util/concurrent/FutureTask.run;org/openjdk/jmh/runner/BenchmarkHandler$BenchmarkTask.call;org/openjdk/jmh/runner/BenchmarkHandler$BenchmarkTask.call;java/lang/reflect/Method.invoke;jdk/internal/reflect/DirectMethodHandleAccessor.invoke;jdk/internal/reflect/DirectMethodHandleAccessor.invokeImpl;java/lang/invoke/LambdaForm$MH.0x0000000063061400.invokeExact_MT;java/lang/invoke/LambdaForm$MH.0x0000000063061000.invoke;java/lang/invoke/DirectMethodHandle$Holder.invokeSpecial;org/weakref/nitro/clickbench/jmh_generated/BenchmarkQueries_query22_jmhTest.query22_AverageTime;org/weakref/nitro/clickbench/jmh_generated/BenchmarkQueries_query22_jmhTest.query22_avgt_jmhStub;org/weakref/nitro/clickbench/BenchmarkQueries.query22;org/weakref/nitro/clickbench/BenchmarkQueries.consume;org/weakref/nitro/operator/TopNOperator.next;org/weakref/nitro/operator/TopNOperator.computeTopN;org/weakref/nitro/operator/GroupedAggregationOperator.next;org/weakref/nitro/operator/GroupedAggregationOperator.computeResults;org/weakref/nitro/operator/GroupOperator.next;org/weakref/nitro/operator/FilterOperator.next;org/weakref/nitro/operator/evaluator/PlanEvaluator.evaluateInPlace;org/weakref/nitro/operator/evaluator/PlanEvaluator.evaluateTrueMaskInPlace;org/weakref/nitro/operator/evaluator/PlanEvaluator.evaluateAdaptiveAndTrueMaskInPlace;org/weakref/nitro/operator/evaluator/PlanEvaluator.evaluateMeasuredTrueMaskInPlace;org/weakref/nitro/operator/evaluator/PlanEvaluator.evaluateTrueMaskInPlace;org/weakref/nitro/operator/evaluator/PlanEvaluator.evaluateTrueReferenceMaskFallbackInPlace;org/weakref/nitro/operator/evaluator/PlanEvaluator.evaluate;org/weakref/nitro/operator/evaluator/PlanEvaluator.evaluateUnmemoized;org/weakref/nitro/operator/evaluator/PlanEvaluator.evaluateVariable;org/weakref/nitro/operator/evaluator/PlanEvaluator.evaluateCall;org/weakref/nitro/operator/evaluator/PlanEvaluator.evaluateArgument;org/weakref/nitro/operator/evaluator/PlanEvaluator.evaluate;org/weakref/nitro/operator/evaluator/PlanEvaluator.evaluateUnmemoized;org/weakref/nitro/operator/evaluator/PlanEvaluator.evaluateInput;org/weakref/nitro/operator/FilterOperator$1.resolve;org/weakref/nitro/operator/Output.borrowOrNull;org/weakref/nitro/operator/Output.borrow;org/weakref/nitro/operator/Output.borrow;org/weakref/nitro/operator/NitroParquetScanOperator$ScanOutputResolver$$Lambda.0x00000000630aab88.apply;org/weakref/nitro/operator/NitroParquetScanOperator$ScanOutputResolver.resolve;org/weakref/nitro/operator/NitroParquetScanOperator.resolveLazyColumn;org/weakref/nitro/operator/NitroParquetScanOperator.decodeFullColumn;org/weakref/nitro/parquet/ColumnReader.readBinary;org/weakref/nitro/parquet/ColumnReader.readBinaryDirect;org/weakref/nitro/parquet/ColumnReader.decodeNextDataPage;org/weakref/nitro/parquet/ColumnReader.decodeDictionary;unsafe_arraycopy_stub 1
java/lang/Thread.run;java/lang/Thread.runWith;java/util/concurrent/ThreadPoolExecutor$Worker.run;java/util/concurrent/ThreadPoolExecutor.runWorker;java/util/concurrent/FutureTask.run;java/util/concurrent/Executors$RunnableAdapter.call;java/util/concurrent/FutureTask.run;org/openjdk/jmh/runner/BenchmarkHandler$BenchmarkTask.call;org/openjdk/jmh/runner/BenchmarkHandler$BenchmarkTask.call;java/lang/reflect/Method.invoke;jdk/internal/reflect/DirectMethodHandleAccessor.invoke;jdk/internal/reflect/DirectMethodHandleAccessor.invokeImpl;java/lang/invoke/LambdaForm$MH.0x0000000063061400.invokeExact_MT;java/lang/invoke/LambdaForm$MH.0x0000000063061000.invoke;java/lang/invoke/DirectMethodHandle$Holder.invokeSpecial;org/weakref/nitro/clickbench/jmh_generated/BenchmarkQueries_query22_jmhTest.query22_AverageTime;org/weakref/nitro/clickbench/jmh_generated/BenchmarkQueries_query22_jmhTest.query22_avgt_jmhStub;org/weakref/nitro/clickbench/BenchmarkQueries.query22;org/weakref/nitro/clickbench/BenchmarkQueries.consume;org/weakref/nitro/operator/TopNOperator.next;org/weakref/nitro/operator/TopNOperator.computeTopN;org/weakref/nitro/operator/GroupedAggregationOperator.next;org/weakref/nitro/operator/GroupedAggregationOperator.computeResults;org/weakref/nitro/operator/GroupOperator.next;org/weakref/nitro/operator/FilterOperator.next;org/weakref/nitro/operator/evaluator/PlanEvaluator.evaluateInPlace;org/weakref/nitro/operator/evaluator/PlanEvaluator.evaluateTrueMaskInPlace;org/weakref/nitro/operator/evaluator/PlanEvaluator.evaluateAdaptiveAndTrueMaskInPlace;org/weakref/nitro/operator/evaluator/PlanEvaluator.evaluateMeasuredTrueMaskInPlace;org/weakref/nitro/operator/evaluator/PlanEvaluator.evaluateTrueMaskInPlace;org/weakref/nitro/operator/evaluator/PlanEvaluator.evaluateTrueReferenceMaskFallbackInPlace;org/weakref/nitro/operator/evaluator/PlanEvaluator.evaluate;org/weakref/nitro/operator/evaluator/PlanEvaluator.evaluateUnmemoized;org/weakref/nitro/operator/evaluator/PlanEvaluator.evaluateVariable;org/weakref/nitro/operator/evaluator/PlanEvaluator.evaluateCall;org/weakref/nitro/operator/evaluator/PlanEvaluator.evaluateArgument;org/weakref/nitro/operator/evaluator/PlanEvaluator.evaluate;org/weakref/nitro/operator/evaluator/PlanEvaluator.evaluateUnmemoized;org/weakref/nitro/operator/evaluator/PlanEvaluator.evaluateInput;org/weakref/nitro/operator/FilterOperator$1.resolve;org/weakref/nitro/operator/Output.borrowOrNull;org/weakref/nitro/operator/Output.borrow;org/weakref/nitro/operator/Output.borrow;org/weakref/nitro/operator/NitroParquetScanOperator$ScanOutputResolver$$Lambda.0x00000000630aab88.apply;org/weakref/nitro/operator/NitroParquetScanOperator$ScanOutputResolver.resolve;org/weakref/nitro/operator/NitroParquetScanOperator.resolveLazyColumn;org/weakref/nitro/operator/NitroParquetScanOperator.decodeFullColumn;org/weakref/nitro/parquet/ColumnReader.readBinary;org/weakref/nitro/parquet/ColumnReader.readBinaryDirect;org/weakref/nitro/parquet/ColumnReader.decodeNextDataPage;org/weakref/nitro/parquet/ColumnReader.decodeDictionary;jshort_disjoint_arraycopy_stub 2
java/lang/Thread.run;java/lang/Thread.runWith;java/util/concurrent/ThreadPoolExecutor$Worker.run;java/util/concurrent/ThreadPoolExecutor.runWorker;java/util/concurrent/FutureTask.run;java/util/concurrent/Executors$RunnableAdapter.call;java/util/concurrent/FutureTask.run;org/openjdk/jmh/runner/BenchmarkHandler$BenchmarkTask.call;org/openjdk/jmh/runner/BenchmarkHandler$BenchmarkTask.call;java/lang/reflect/Method.invoke;jdk/internal/reflect/DirectMethodHandleAccessor.invoke;jdk/internal/reflect/DirectMethodHandleAccessor.invokeImpl;java/lang/invoke/LambdaForm$MH.0x0000000063061400.invokeExact_MT;java/lang/invoke/LambdaForm$MH.0x0000000063061000.invoke;java/lang/invoke/DirectMethodHandle$Holder.invokeSpecial;org/weakref/nitro/clickbench/jmh_generated/BenchmarkQueries_query22_jmhTest.query22_AverageTime;org/weakref/nitro/clickbench/jmh_generated/BenchmarkQueries_query22_jmhTest.query22_avgt_jmhStub;org/weakref/nitro/clickbench/BenchmarkQueries.query22;org/weakref/nitro/clickbench/BenchmarkQueries.consume;org/weakref/nitro/operator/TopNOperator.close;org/weakref/nitro/operator/GroupedAggregationOperator.close;org/weakref/nitro/operator/GroupOperator.close;org/weakref/nitro/operator/FilterOperator.close;org/weakref/nitro/operator/NitroParquetScanOperator.close;org/weakref/nitro/parquet/ParquetFile.close;jdk/internal/foreign/ArenaImpl.close;jdk/internal/foreign/MemorySessionImpl.close;jdk/internal/foreign/ConfinedSession$ConfinedResourceList.cleanup;jdk/internal/foreign/MemorySessionImpl$ResourceList.cleanupSingle;jdk/internal/foreign/SegmentFactories$2.cleanup;sun/nio/ch/FileChannelImpl$Unmapper.unmap;sun/nio/ch/UnixFileDispatcherImpl.unmap;sun/nio/ch/UnixFileDispatcherImpl.unmap0;Java_sun_nio_ch_UnixFileDispatcherImpl_unmap0;munmap;entry_SYSCALL_64_after_hwframe_[k];do_syscall_64_[k];x64_sys_call_[k];__x64_sys_munmap_[k];__vm_munmap_[k];do_vmi_munmap_[k];do_vmi_align_munmap_[k];vms_complete_munmap_vmas_[k];vms_clear_ptes_[k];tlb_finish_mmu_[k];__tlb_batch_free_encoded_pages_[k];free_pages_and_swap_cache_[k];folios_put_refs_[k] 1
java/lang/Thread.run;java/lang/Thread.runWith;java/util/concurrent/ThreadPoolExecutor$Worker.run;java/util/concurrent/ThreadPoolExecutor.runWorker;java/util/concurrent/FutureTask.run;java/util/concurrent/Executors$RunnableAdapter.call;java/util/concurrent/FutureTask.run;org/openjdk/jmh/runner/BenchmarkHandler$BenchmarkTask.call;org/openjdk/jmh/runner/BenchmarkHandler$BenchmarkTask.call;java/lang/reflect/Method.invoke;jdk/internal/reflect/DirectMethodHandleAccessor.invoke;jdk/internal/reflect/DirectMethodHandleAccessor.invokeImpl;java/lang/invoke/LambdaForm$MH.0x0000000063061400.invokeExact_MT;java/lang/invoke/LambdaForm$MH.0x0000000063061000.invoke;java/lang/invoke/DirectMethodHandle$Holder.invokeSpecial;org/weakref/nitro/clickbench/jmh_generated/BenchmarkQueries_query22_jmhTest.query22_AverageTime;org/weakref/nitro/clickbench/jmh_generated/BenchmarkQueries_query22_jmhTest.query22_avgt_jmhStub;org/weakref/nitro/clickbench/BenchmarkQueries.query22;org/weakref/nitro/clickbench/BenchmarkQueries.consume;org/weakref/nitro/operator/TopNOperator.next;org/weakref/nitro/operator/TopNOperator.computeTopN;org/weakref/nitro/operator/GroupedAggregationOperator.next;org/weakref/nitro/operator/GroupedAggregationOperator.computeResults;org/weakref/nitro/operator/GroupOperator.next;org/weakref/nitro/operator/FilterOperator.next;org/weakref/nitro/operator/evaluator/PlanEvaluator.evaluateInPlace;org/weakref/nitro/operator/evaluator/PlanEvaluator.evaluateTrueMaskInPlace;org/weakref/nitro/operator/evaluator/PlanEvaluator.evaluateAdaptiveAndTrueMaskInPlace;org/weakref/nitro/operator/evaluator/PlanEvaluator.evaluateMeasuredTrueMaskInPlace;org/weakref/nitro/operator/evaluator/PlanEvaluator.evaluateTrueMaskInPlace;org/weakref/nitro/operator/evaluator/PlanEvaluator.evaluateFalseMaskInPlace;org/weakref/nitro/operator/evaluator/PlanEvaluator.tryEvaluatePrimitiveFalseMaskInPlace;org/weakref/nitro/operator/evaluator/PlanEvaluator.tryEvaluatePrimitiveMaskInPlace;org/weakref/nitro/function/scalar/builtin/EqualUtf8.tryEvaluateFalseMaskInPlace;org/weakref/nitro/function/scalar/builtin/Utf8BinaryDispatch.tryEvaluateEqualsFalseMaskInPlace;org/weakref/nitro/function/scalar/builtin/Utf8BinaryDispatch.tryEvaluateEqualsMaskInPlace;org/weakref/nitro/data/Mask.retainIf;org/weakref/nitro/function/scalar/builtin/Utf8BinaryDispatch$$Lambda.0x0000000063125f20.test;org/weakref/nitro/function/scalar/builtin/Utf8BinaryDispatch.lambda$tryEvaluateEqualsMaskInPlace$0;org/weakref/nitro/function/scalar/builtin/Utf8BinaryDispatch.binaryEquals;org/weakref/nitro/function/scalar/builtin/Utf8BinaryDispatch.binaryEquals;org/weakref/nitro/function/scalar/builtin/Utf8BinaryDispatch.binaryEquals;org/weakref/nitro/function/scalar/builtin/Utf8BinaryDispatch.binaryEquals;org/weakref/nitro/data/BinaryVector.length;org/weakref/nitro/data/BinaryVector.endOffset 2
java/lang/Thread.run;java/lang/Thread.runWith;java/util/concurrent/ThreadPoolExecutor$Worker.run;java/util/concurrent/ThreadPoolExecutor.runWorker;java/util/concurrent/FutureTask.run;java/util/concurrent/Executors$RunnableAdapter.call;java/util/concurrent/FutureTask.run;org/openjdk/jmh/runner/BenchmarkHandler$BenchmarkTask.call;org/openjdk/jmh/runner/BenchmarkHandler$BenchmarkTask.call;java/lang/reflect/Method.invoke;jdk/internal/reflect/DirectMethodHandleAccessor.invoke;jdk/internal/reflect/DirectMethodHandleAccessor.invokeImpl;java/lang/invoke/LambdaForm$MH.0x0000000063061400.invokeExact_MT;java/lang/invoke/LambdaForm$MH.0x0000000063061000.invoke;java/lang/invoke/DirectMethodHandle$Holder.invokeSpecial;org/weakref/nitro/clickbench/jmh_generated/BenchmarkQueries_query22_jmhTest.query22_AverageTime;org/weakref/nitro/clickbench/jmh_generated/BenchmarkQueries_query22_jmhTest.query22_avgt_jmhStub;org/weakref/nitro/clickbench/BenchmarkQueries.query22;org/weakref/nitro/clickbench/BenchmarkQueries.consume;org/weakref/nitro/operator/TopNOperator.next;org/weakref/nitro/operator/TopNOperator.computeTopN;org/weakref/nitro/operator/GroupedAggregationOperator.next;org/weakref/nitro/operator/GroupedAggregationOperator.computeResults;org/weakref/nitro/operator/GroupOperator.next;org/weakref/nitro/operator/FilterOperator.next;org/weakref/nitro/operator/evaluator/PlanEvaluator.evaluateInPlace;org/weakref/nitro/operator/evaluator/PlanEvaluator.evaluateTrueMaskInPlace;org/weakref/nitro/operator/evaluator/PlanEvaluator.evaluateAdaptiveAndTrueMaskInPlace;org/weakref/nitro/operator/evaluator/PlanEvaluator.evaluateMeasuredTrueMaskInPlace;org/weakref/nitro/operator/evaluator/PlanEvaluator.evaluateTrueMaskInPlace;org/weakref/nitro/operator/evaluator/PlanEvaluator.evaluateTrueReferenceMaskFallbackInPlace;org/weakref/nitro/operator/evaluator/PlanEvaluator.evaluate;org/weakref/nitro/operator/evaluator/PlanEvaluator.evaluateUnmemoized;org/weakref/nitro/operator/evaluator/PlanEvaluator.evaluateVariable;org/weakref/nitro/operator/evaluator/PlanEvaluator.evaluateCall;org/weakref/nitro/operator/evaluator/PlanEvaluator.evaluateArgument;org/weakref/nitro/operator/evaluator/PlanEvaluator.evaluate;org/weakref/nitro/operator/evaluator/PlanEvaluator.evaluateUnmemoized;org/weakref/nitro/operator/evaluator/PlanEvaluator.evaluateInput;org/weakref/nitro/operator/FilterOperator$1.resolve;org/weakref/nitro/operator/Output.borrowOrNull;org/weakref/nitro/operator/Output.borrow;org/weakref/nitro/operator/Output.borrow;org/weakref/nitro/operator/NitroParquetScanOperator$ScanOutputResolver$$Lambda.0x00000000630aab88.apply;org/weakref/nitro/operator/NitroParquetScanOperator$ScanOutputResolver.resolve;org/weakref/nitro/operator/NitroParquetScanOperator.resolveLazyColumn;org/weakref/nitro/operator/NitroParquetScanOperator.decodeFullColumn;org/weakref/nitro/parquet/ColumnReader.readBinary;org/weakref/nitro/parquet/ColumnReader.readBinaryDirect;org/weakref/nitro/parquet/ColumnReader.decodeNextDataPage;org/weakref/nitro/parquet/ColumnReader.decompress;io/airlift/compress/v3/snappy/SnappyNativeDecompressor.decompress;io/airlift/compress/v3/snappy/SnappyNative.decompress;io/airlift/compress/v3/snappy/SnappyNative.decompressInternal;java/lang/invoke/LambdaForm$MH.0x000000006311c400.invokeExact_MT;java/lang/invoke/LambdaForm$MH.0x0000000063134000.invoke;java/lang/invoke/LambdaForm$DMH.0x00000000630b1400.invokeStatic;jdk/internal/foreign/abi/DowncallStub.0x00000000630b1000.invoke;java/lang/invoke/LambdaForm$MH.0x000000006311d000.invokeExact_MT;java/lang/invoke/LambdaForm$MH.0x0000000063134400.invoke;nep_invoker_blob;snappy_uncompress;snappy::RawUncompress;snappy::RawUncompress;void snappy::SnappyDecompressor::DecompressAllTags<snappy::SnappyArrayWriter>;std::pair<unsigned char const*, long> snappy::DecompressBranchless<char*>;asm_exc_page_fault_[k];exc_page_fault_[k];do_user_addr_fault_[k];handle_mm_fault_[k];__handle_mm_fault_[k];handle_pte_fault_[k];do_fault_[k];do_read_fault_[k];filemap_map_pages_[k];next_uptodate_folio_[k] 4
java/lang/Thread.run;java/lang/Thread.runWith;java/util/concurrent/ThreadPoolExecutor$Worker.run;java/util/concurrent/ThreadPoolExecutor.runWorker;java/util/concurrent/FutureTask.run;java/util/concurrent/Executors$RunnableAdapter.call;java/util/concurrent/FutureTask.run;org/openjdk/jmh/runner/BenchmarkHandler$BenchmarkTask.call;org/openjdk/jmh/runner/BenchmarkHandler$BenchmarkTask.call;java/lang/reflect/Method.invoke;jdk/internal/reflect/DirectMethodHandleAccessor.invoke;jdk/internal/reflect/DirectMethodHandleAccessor.invokeImpl;java/lang/invoke/LambdaForm$MH.0x0000000063061400.invokeExact_MT;java/lang/invoke/LambdaForm$MH.0x0000000063061000.invoke;java/lang/invoke/DirectMethodHandle$Holder.invokeSpecial;org/weakref/nitro/clickbench/jmh_generated/BenchmarkQueries_query22_jmhTest.query22_AverageTime;org/weakref/nitro/clickbench/jmh_generated/BenchmarkQueries_query22_jmhTest.query22_avgt_jmhStub;org/weakref/nitro/clickbench/BenchmarkQueries.query22;org/weakref/nitro/clickbench/BenchmarkQueries.consume;org/weakref/nitro/operator/TopNOperator.next;org/weakref/nitro/operator/TopNOperator.computeTopN;org/weakref/nitro/operator/GroupedAggregationOperator.next;org/weakref/nitro/operator/GroupedAggregationOperator.computeResults;org/weakref/nitro/operator/GroupOperator.next;org/weakref/nitro/operator/FilterOperator.next;org/weakref/nitro/operator/evaluator/PlanEvaluator.evaluateInPlace;org/weakref/nitro/operator/evaluator/PlanEvaluator.evaluateTrueMaskInPlace;org/weakref/nitro/operator/evaluator/PlanEvaluator.evaluateAdaptiveAndTrueMaskInPlace;org/weakref/nitro/operator/evaluator/PlanEvaluator.evaluateMeasuredTrueMaskInPlace;org/weakref/nitro/operator/evaluator/PlanEvaluator.evaluateTrueMaskInPlace;org/weakref/nitro/operator/evaluator/PlanEvaluator.evaluateTrueReferenceMaskFallbackInPlace;org/weakref/nitro/operator/evaluator/PlanEvaluator.evaluate;org/weakref/nitro/operator/evaluator/PlanEvaluator.evaluateUnmemoized;org/weakref/nitro/operator/evaluator/PlanEvaluator.evaluateVariable;org/weakref/nitro/operator/evaluator/PlanEvaluator.evaluateCall;org/weakref/nitro/operator/evaluator/PlanEvaluator.evaluateArgument;org/weakref/nitro/operator/evaluator/PlanEvaluator.evaluate;org/weakref/nitro/operator/evaluator/PlanEvaluator.evaluateUnmemoized;org/weakref/nitro/operator/evaluator/PlanEvaluator.evaluateInput;org/weakref/nitro/operator/FilterOperator$1.resolve;org/weakref/nitro/operator/Output.borrowOrNull;org/weakref/nitro/operator/Output.borrow;org/weakref/nitro/operator/Output.borrow;org/weakref/nitro/operator/NitroParquetScanOperator$ScanOutputResolver$$Lambda.0x00000000630aab88.apply;org/weakref/nitro/operator/NitroParquetScanOperator$ScanOutputResolver.resolve;org/weakref/nitro/operator/NitroParquetScanOperator.resolveLazyColumn;org/weakref/nitro/operator/NitroParquetScanOperator.decodeFullColumn;org/weakref/nitro/parquet/ColumnReader.readBinary;org/weakref/nitro/parquet/ColumnReader.readBinaryDirect;org/weakref/nitro/parquet/ColumnReader.decodeNextDataPage;org/weakref/nitro/parquet/ColumnReader.decompress;io/airlift/compress/v3/snappy/SnappyNativeDecompressor.decompress;io/airlift/compress/v3/snappy/SnappyNative.decompress;io/airlift/compress/v3/snappy/SnappyNative.decompressInternal;java/lang/invoke/LambdaForm$MH.0x000000006311c400.invokeExact_MT;java/lang/invoke/LambdaForm$MH.0x0000000063134000.invoke;java/lang/invoke/LambdaForm$DMH.0x00000000630b1400.invokeStatic;jdk/internal/foreign/abi/DowncallStub.0x00000000630b1000.invoke;java/lang/invoke/LambdaForm$MH.0x000000006311d000.invokeExact_MT;java/lang/invoke/LambdaForm$MH.0x0000000063134400.invoke;nep_invoker_blob;snappy_uncompress;snappy::RawUncompress;snappy::RawUncompress;void snappy::SnappyDecompressor::DecompressAllTags<snappy::SnappyArrayWriter>;std::pair<unsigned char const*, long> snappy::DecompressBranchless<char*>;/usr/lib/x86_64-linux-gnu/libc.so.6 12
java/lang/Thread.run;java/lang/Thread.runWith;java/util/concurrent/ThreadPoolExecutor$Worker.run;java/util/concurrent/ThreadPoolExecutor.runWorker;java/util/concurrent/FutureTask.run;java/util/concurrent/Executors$RunnableAdapter.call;java/util/concurrent/FutureTask.run;org/openjdk/jmh/runner/BenchmarkHandler$BenchmarkTask.call;org/openjdk/jmh/runner/BenchmarkHandler$BenchmarkTask.call;java/lang/reflect/Method.invoke;jdk/internal/reflect/DirectMethodHandleAccessor.invoke;jdk/internal/reflect/DirectMethodHandleAccessor.invokeImpl;java/lang/invoke/LambdaForm$MH.0x0000000063061400.invokeExact_MT;java/lang/invoke/LambdaForm$MH.0x0000000063061000.invoke;java/lang/invoke/DirectMethodHandle$Holder.invokeSpecial;org/weakref/nitro/clickbench/jmh_generated/BenchmarkQueries_query22_jmhTest.query22_AverageTime;org/weakref/nitro/clickbench/jmh_generated/BenchmarkQueries_query22_jmhTest.query22_avgt_jmhStub;org/weakref/nitro/clickbench/BenchmarkQueries.query22;org/weakref/nitro/clickbench/BenchmarkQueries.consume;org/weakref/nitro/operator/TopNOperator.next;org/weakref/nitro/operator/TopNOperator.computeTopN;org/weakref/nitro/operator/GroupedAggregationOperator.next;org/weakref/nitro/operator/GroupedAggregationOperator.computeResults;org/weakref/nitro/operator/GroupOperator.next;org/weakref/nitro/operator/FilterOperator.next;org/weakref/nitro/operator/evaluator/PlanEvaluator.evaluateInPlace;org/weakref/nitro/operator/evaluator/PlanEvaluator.evaluateTrueMaskInPlace;org/weakref/nitro/operator/evaluator/PlanEvaluator.evaluateAdaptiveAndTrueMaskInPlace;org/weakref/nitro/operator/evaluator/PlanEvaluator.evaluateMeasuredTrueMaskInPlace;org/weakref/nitro/operator/evaluator/PlanEvaluator.evaluateTrueMaskInPlace;org/weakref/nitro/operator/evaluator/PlanEvaluator.evaluateTrueReferenceMaskFallbackInPlace;org/weakref/nitro/operator/evaluator/PlanEvaluator.evaluate;org/weakref/nitro/operator/evaluator/PlanEvaluator.evaluateUnmemoized;org/weakref/nitro/operator/evaluator/PlanEvaluator.evaluateVariable;org/weakref/nitro/operator/evaluator/PlanEvaluator.evaluateCall;org/weakref/nitro/operator/evaluator/PlanEvaluator.evaluateArgument;org/weakref/nitro/operator/evaluator/PlanEvaluator.evaluate;org/weakref/nitro/operator/evaluator/PlanEvaluator.evaluateUnmemoized;org/weakref/nitro/operator/evaluator/PlanEvaluator.evaluateInput;org/weakref/nitro/operator/FilterOperator$1.resolve;org/weakref/nitro/operator/Output.borrowOrNull;org/weakref/nitro/operator/Output.borrow;org/weakref/nitro/operator/Output.borrow;org/weakref/nitro/operator/NitroParquetScanOperator$ScanOutputResolver$$Lambda.0x00000000630aab88.apply;org/weakref/nitro/operator/NitroParquetScanOperator$ScanOutputResolver.resolve;org/weakref/nitro/operator/NitroParquetScanOperator.resolveLazyColumn;org/weakref/nitro/operator/NitroParquetScanOperator.decodeFullColumn;org/weakref/nitro/parquet/ColumnReader.readBinary;org/weakref/nitro/parquet/ColumnReader.readBinaryDirect;org/weakref/nitro/parquet/ColumnReader.decodeNextDataPage;org/weakref/nitro/parquet/ColumnReader.decompress;io/airlift/compress/v3/snappy/SnappyNativeDecompressor.decompress;io/airlift/compress/v3/snappy/SnappyNative.decompress;io/airlift/compress/v3/snappy/SnappyNative.decompressInternal;java/lang/invoke/LambdaForm$MH.0x000000006311c400.invokeExact_MT;java/lang/invoke/LambdaForm$MH.0x0000000063134000.invoke;java/lang/invoke/LambdaForm$DMH.0x00000000630b1400.invokeStatic;jdk/internal/foreign/abi/DowncallStub.0x00000000630b1000.invoke;java/lang/invoke/LambdaForm$MH.0x000000006311d000.invokeExact_MT;java/lang/invoke/LambdaForm$MH.0x0000000063134400.invoke;nep_invoker_blob;snappy_uncompress;snappy::RawUncompress;snappy::RawUncompress;void snappy::SnappyDecompressor::DecompressAllTags<snappy::SnappyArrayWriter>;std::pair<unsigned char const*, long> snappy::DecompressBranchless<char*>;asm_exc_page_fault_[k];exc_page_fault_[k];do_user_addr_fault_[k];handle_mm_fault_[k];__handle_mm_fault_[k];handle_pte_fault_[k];do_fault_[k];do_read_fault_[k];filemap_map_pages_[k] 1
/usr/lib/x86_64-linux-gnu/libc.so.6;/usr/lib/x86_64-linux-gnu/libc.so.6;thread_native_entry;Thread::call_run;WorkerThread::run;G1CMConcurrentMarkingTask::work;G1CMTask::do_marking_step;G1CMTask::process_current_region;G1CMTask::drain_local_queue;void G1CMTask::process_grey_task_entry<true> 1
java/lang/Thread.run;java/lang/Thread.runWith;java/util/concurrent/ThreadPoolExecutor$Worker.run;java/util/concurrent/ThreadPoolExecutor.runWorker;java/util/concurrent/FutureTask.run;java/util/concurrent/Executors$RunnableAdapter.call;java/util/concurrent/FutureTask.run;org/openjdk/jmh/runner/BenchmarkHandler$BenchmarkTask.call;org/openjdk/jmh/runner/BenchmarkHandler$BenchmarkTask.call;java/lang/reflect/Method.invoke;jdk/internal/reflect/DirectMethodHandleAccessor.invoke;jdk/internal/reflect/DirectMethodHandleAccessor.invokeImpl;java/lang/invoke/LambdaForm$MH.0x0000000063061400.invokeExact_MT;java/lang/invoke/LambdaForm$MH.0x0000000063061000.invoke;java/lang/invoke/DirectMethodHandle$Holder.invokeSpecial;org/weakref/nitro/clickbench/jmh_generated/BenchmarkQueries_query22_jmhTest.query22_AverageTime;org/weakref/nitro/clickbench/jmh_generated/BenchmarkQueries_query22_jmhTest.query22_avgt_jmhStub;org/weakref/nitro/clickbench/BenchmarkQueries.query22;org/weakref/nitro/clickbench/BenchmarkQueries.consume;org/weakref/nitro/operator/TopNOperator.next;org/weakref/nitro/operator/TopNOperator.computeTopN;org/weakref/nitro/operator/GroupedAggregationOperator.next;org/weakref/nitro/operator/GroupedAggregationOperator.computeResults;org/weakref/nitro/operator/GroupOperator.next;org/weakref/nitro/operator/FilterOperator.next;org/weakref/nitro/operator/evaluator/PlanEvaluator.evaluateInPlace;org/weakref/nitro/operator/evaluator/PlanEvaluator.evaluateTrueMaskInPlace;org/weakref/nitro/operator/evaluator/PlanEvaluator.evaluateAdaptiveAndTrueMaskInPlace;org/weakref/nitro/operator/evaluator/PlanEvaluator.evaluateMeasuredTrueMaskInPlace;org/weakref/nitro/operator/evaluator/PlanEvaluator.evaluateTrueMaskInPlace;org/weakref/nitro/operator/evaluator/PlanEvaluator.evaluateFalseMaskInPlace;org/weakref/nitro/operator/evaluator/PlanEvaluator.tryEvaluatePrimitiveFalseMaskInPlace;org/weakref/nitro/operator/evaluator/PlanEvaluator.tryEvaluatePrimitiveMaskInPlace;org/weakref/nitro/function/scalar/builtin/EqualUtf8.tryEvaluateFalseMaskInPlace;org/weakref/nitro/function/scalar/builtin/Utf8BinaryDispatch.tryEvaluateEqualsFalseMaskInPlace;org/weakref/nitro/function/scalar/builtin/Utf8BinaryDispatch.tryEvaluateEqualsMaskInPlace;org/weakref/nitro/data/Mask.retainIf;org/weakref/nitro/function/scalar/builtin/Utf8BinaryDispatch$$Lambda.0x0000000063125f20.test;org/weakref/nitro/function/scalar/builtin/Utf8BinaryDispatch.lambda$tryEvaluateEqualsMaskInPlace$0;org/weakref/nitro/function/scalar/builtin/Utf8BinaryDispatch.binaryEquals;org/weakref/nitro/function/scalar/builtin/Utf8BinaryDispatch.binaryEquals;org/weakref/nitro/function/scalar/builtin/Utf8BinaryDispatch.binaryEquals;java/lang/invoke/Invokers$Holder.linkToTargetMethod;java/lang/invoke/DirectMethodHandle$Holder.invokeStatic;org/weakref/nitro/function/scalar/builtin/Utf8BinaryDispatch$$TypeSwitch.0x0000000063126390.typeSwitch 2
java/lang/Thread.run;java/lang/Thread.runWith;java/util/concurrent/ThreadPoolExecutor$Worker.run;java/util/concurrent/ThreadPoolExecutor.runWorker;java/util/concurrent/FutureTask.run;java/util/concurrent/Executors$RunnableAdapter.call;java/util/concurrent/FutureTask.run;org/openjdk/jmh/runner/BenchmarkHandler$BenchmarkTask.call;org/openjdk/jmh/runner/BenchmarkHandler$BenchmarkTask.call;java/lang/reflect/Method.invoke;jdk/internal/reflect/DirectMethodHandleAccessor.invoke;jdk/internal/reflect/DirectMethodHandleAccessor.invokeImpl;java/lang/invoke/LambdaForm$MH.0x0000000063061400.invokeExact_MT;java/lang/invoke/LambdaForm$MH.0x0000000063061000.invoke;java/lang/invoke/DirectMethodHandle$Holder.invokeSpecial;org/weakref/nitro/clickbench/jmh_generated/BenchmarkQueries_query22_jmhTest.query22_AverageTime;org/weakref/nitro/clickbench/jmh_generated/BenchmarkQueries_query22_jmhTest.query22_avgt_jmhStub;org/weakref/nitro/clickbench/BenchmarkQueries.query22;org/weakref/nitro/clickbench/BenchmarkQueries.consume;org/weakref/nitro/operator/TopNOperator.next;org/weakref/nitro/operator/TopNOperator.computeTopN;org/weakref/nitro/operator/GroupedAggregationOperator.next;org/weakref/nitro/operator/GroupedAggregationOperator.computeResults;org/weakref/nitro/operator/GroupOperator.next;org/weakref/nitro/operator/FilterOperator.next;org/weakref/nitro/operator/evaluator/PlanEvaluator.evaluateInPlace;org/weakref/nitro/operator/evaluator/PlanEvaluator.evaluateTrueMaskInPlace;org/weakref/nitro/operator/evaluator/PlanEvaluator.evaluateAdaptiveAndTrueMaskInPlace;org/weakref/nitro/operator/evaluator/PlanEvaluator.evaluateMeasuredTrueMaskInPlace;org/weakref/nitro/operator/evaluator/PlanEvaluator.evaluateTrueMaskInPlace;org/weakref/nitro/operator/evaluator/PlanEvaluator.evaluateFalseMaskInPlace;org/weakref/nitro/operator/evaluator/PlanEvaluator.tryEvaluatePrimitiveFalseMaskInPlace;org/weakref/nitro/operator/evaluator/PlanEvaluator.tryEvaluatePrimitiveMaskInPlace;org/weakref/nitro/function/scalar/builtin/EqualUtf8.tryEvaluateFalseMaskInPlace;org/weakref/nitro/function/scalar/builtin/Utf8BinaryDispatch.tryEvaluateEqualsFalseMaskInPlace;org/weakref/nitro/function/scalar/builtin/Utf8BinaryDispatch.tryEvaluateEqualsMaskInPlace;org/weakref/nitro/data/Mask.retainIf;org/weakref/nitro/function/scalar/builtin/Utf8BinaryDispatch$$Lambda.0x0000000063125f20.test;org/weakref/nitro/function/scalar/builtin/Utf8BinaryDispatch.lambda$tryEvaluateEqualsMaskInPlace$0;org/weakref/nitro/function/scalar/builtin/Utf8BinaryDispatch.isNull 1
/usr/lib/x86_64-linux-gnu/libc.so.6;/usr/lib/x86_64-linux-gnu/libc.so.6;thread_native_entry;Thread::call_run;JavaThread::thread_main_inner;CompileBroker::compiler_thread_loop;CompileBroker::invoke_compiler_on_method;C2Compiler::compile_method;Compile::Compile;Compile::Optimize;PhaseRenumberLive::PhaseRenumberLive;PhaseRemoveUseless::PhaseRemoveUseless 1
/usr/lib/x86_64-linux-gnu/libc.so.6;/usr/lib/x86_64-linux-gnu/libc.so.6;thread_native_entry;Thread::call_run;JavaThread::thread_main_inner;CompileBroker::compiler_thread_loop;CompileBroker::invoke_compiler_on_method;C2Compiler::compile_method;Compile::Compile;Compile::Code_Gen;PhaseChaitin::Register_Allocate;PhaseChaitin::gather_lrg_masks;RegMask::clear_to_sets 1
java/lang/Thread.run;java/lang/Thread.runWith;java/util/concurrent/ThreadPoolExecutor$Worker.run;java/util/concurrent/ThreadPoolExecutor.runWorker;java/util/concurrent/FutureTask.run;java/util/concurrent/Executors$RunnableAdapter.call;java/util/concurrent/FutureTask.run;org/openjdk/jmh/runner/BenchmarkHandler$BenchmarkTask.call;org/openjdk/jmh/runner/BenchmarkHandler$BenchmarkTask.call;java/lang/reflect/Method.invoke;jdk/internal/reflect/DirectMethodHandleAccessor.invoke;jdk/internal/reflect/DirectMethodHandleAccessor.invokeImpl;java/lang/invoke/LambdaForm$MH.0x0000000063061400.invokeExact_MT;java/lang/invoke/LambdaForm$MH.0x0000000063061000.invoke;java/lang/invoke/DirectMethodHandle$Holder.invokeSpecial;org/weakref/nitro/clickbench/jmh_generated/BenchmarkQueries_query22_jmhTest.query22_AverageTime;org/weakref/nitro/clickbench/jmh_generated/BenchmarkQueries_query22_jmhTest.query22_avgt_jmhStub;org/weakref/nitro/clickbench/BenchmarkQueries.query22;org/weakref/nitro/clickbench/BenchmarkQueries.consume;org/weakref/nitro/operator/TopNOperator.next;org/weakref/nitro/operator/TopNOperator.computeTopN;org/weakref/nitro/operator/GroupedAggregationOperator.next;org/weakref/nitro/operator/GroupedAggregationOperator.computeResults;org/weakref/nitro/operator/GroupOperator.next;org/weakref/nitro/operator/FilterOperator.next;org/weakref/nitro/operator/evaluator/PlanEvaluator.evaluateInPlace;org/weakref/nitro/operator/evaluator/PlanEvaluator.evaluateTrueMaskInPlace;org/weakref/nitro/operator/evaluator/PlanEvaluator.evaluateAdaptiveAndTrueMaskInPlace;org/weakref/nitro/operator/evaluator/PlanEvaluator.evaluateMeasuredTrueMaskInPlace;org/weakref/nitro/operator/evaluator/PlanEvaluator.evaluateTrueMaskInPlace;org/weakref/nitro/operator/evaluator/PlanEvaluator.evaluateFalseMaskInPlace;org/weakref/nitro/operator/evaluator/PlanEvaluator.tryEvaluatePrimitiveFalseMaskInPlace;org/weakref/nitro/operator/evaluator/PlanEvaluator.tryEvaluatePrimitiveMaskInPlace;org/weakref/nitro/operator/evaluator/PlanEvaluator.resolveMaskPrimitiveInvocation;org/weakref/nitro/operator/evaluator/PlanEvaluator.evaluateArgument;org/weakref/nitro/operator/FilterOperator$1.resolve;org/weakref/nitro/operator/Output.borrowOrNull;org/weakref/nitro/operator/Output.borrow;org/weakref/nitro/operator/Output.borrow;org/weakref/nitro/operator/NitroParquetScanOperator$ScanOutputResolver$$Lambda.0x00000000630aab88.apply;org/weakref/nitro/operator/NitroParquetScanOperator$ScanOutputResolver.resolve;org/weakref/nitro/operator/NitroParquetScanOperator.resolveLazyColumn;org/weakref/nitro/data/Allocator.allocate;org/weakref/nitro/data/Allocator.allocatePooled;org/weakref/nitro/data/Allocator$ContextState.borrowVector 1
/usr/lib/x86_64-linux-gnu/libc.so.6;/usr/lib/x86_64-linux-gnu/libc.so.6;thread_native_entry;Thread::call_run;JavaThread::thread_main_inner;CompileBroker::compiler_thread_loop;CompileBroker::invoke_compiler_on_method;C2Compiler::compile_method;Compile::Compile;ParseGenerator::generate;Parse::Parse;Parse::do_all_blocks;Parse::do_one_block;Parse::do_call;PredictedCallGenerator::generate;ParseGenerator::generate;Parse::Parse;Parse::do_all_blocks;Parse::do_one_block;Parse::do_call;PredictedCallGenerator::generate;ParseGenerator::generate;Parse::Parse;Parse::do_all_blocks;Parse::do_one_block;Parse::do_call;PredictedCallGenerator::generate;ParseGenerator::generate;Parse::Parse;Parse::do_all_blocks;Parse::do_one_block;Parse::do_call;PredictedCallGenerator::generate;ParseGenerator::generate;Parse::Parse;Parse::do_all_blocks;Parse::do_one_block;Parse::do_call;PredictedCallGenerator::generate;ParseGenerator::generate;Parse::Parse;Parse::do_all_blocks;Parse::do_one_block;Parse::do_call;ParseGenerator::generate;Parse::Parse;Parse::do_all_blocks;Parse::do_one_block;Parse::do_call;PredictedCallGenerator::generate;ParseGenerator::generate;Parse::Parse;Parse::do_all_blocks;Parse::do_one_block;Parse::do_call;LateInlineVirtualCallGenerator::generate;VirtualCallGenerator::generate;GraphKit::set_edges_for_java_call;GraphKit::add_safepoint_edges 1
java/lang/Thread.run;java/lang/Thread.runWith;java/util/concurrent/ThreadPoolExecutor$Worker.run;java/util/concurrent/ThreadPoolExecutor.runWorker;java/util/concurrent/FutureTask.run;java/util/concurrent/Executors$RunnableAdapter.call;java/util/concurrent/FutureTask.run;org/openjdk/jmh/runner/BenchmarkHandler$BenchmarkTask.call;org/openjdk/jmh/runner/BenchmarkHandler$BenchmarkTask.call;java/lang/reflect/Method.invoke;jdk/internal/reflect/DirectMethodHandleAccessor.invoke;jdk/internal/reflect/DirectMethodHandleAccessor.invokeImpl;java/lang/invoke/LambdaForm$MH.0x0000000063061400.invokeExact_MT;java/lang/invoke/LambdaForm$MH.0x0000000063061000.invoke;java/lang/invoke/DirectMethodHandle$Holder.invokeSpecial;org/weakref/nitro/clickbench/jmh_generated/BenchmarkQueries_query22_jmhTest.query22_AverageTime;org/weakref/nitro/clickbench/jmh_generated/BenchmarkQueries_query22_jmhTest.query22_avgt_jmhStub;org/weakref/nitro/clickbench/BenchmarkQueries.query22;org/weakref/nitro/clickbench/BenchmarkQueries.consume;org/weakref/nitro/operator/TopNOperator.next;org/weakref/nitro/operator/TopNOperator.computeTopN;org/weakref/nitro/operator/GroupedAggregationOperator.next;org/weakref/nitro/operator/GroupedAggregationOperator.computeResults;org/weakref/nitro/operator/GroupOperator.next;org/weakref/nitro/operator/FilterOperator.next;org/weakref/nitro/operator/evaluator/PlanEvaluator.evaluateInPlace;org/weakref/nitro/operator/evaluator/PlanEvaluator.evaluateTrueMaskInPlace;org/weakref/nitro/operator/evaluator/PlanEvaluator.evaluateAdaptiveAndTrueMaskInPlace;org/weakref/nitro/operator/evaluator/PlanEvaluator.evaluateMeasuredTrueMaskInPlace;org/weakref/nitro/operator/evaluator/PlanEvaluator.evaluateTrueMaskInPlace;org/weakref/nitro/operator/evaluator/PlanEvaluator.evaluateTrueReferenceMaskFallbackInPlace;org/weakref/nitro/operator/evaluator/PlanEvaluator.evaluate;org/weakref/nitro/operator/evaluator/PlanEvaluator.evaluateUnmemoized;org/weakref/nitro/operator/evaluator/PlanEvaluator.evaluateVariable;org/weakref/nitro/operator/evaluator/PlanEvaluator.evaluateCall;org/weakref/nitro/operator/evaluator/PlanEvaluator.evaluateArgument;org/weakref/nitro/operator/evaluator/PlanEvaluator.evaluate;org/weakref/nitro/operator/evaluator/PlanEvaluator.evaluateUnmemoized;org/weakref/nitro/operator/evaluator/PlanEvaluator.evaluateInput;org/weakref/nitro/operator/FilterOperator$1.resolve;org/weakref/nitro/operator/Output.borrowOrNull;org/weakref/nitro/operator/Output.borrow;org/weakref/nitro/operator/Output.borrow;org/weakref/nitro/operator/NitroParquetScanOperator$ScanOutputResolver$$Lambda.0x00000000630aab88.apply;org/weakref/nitro/operator/NitroParquetScanOperator$ScanOutputResolver.resolve;org/weakref/nitro/operator/NitroParquetScanOperator.resolveLazyColumn;org/weakref/nitro/operator/NitroParquetScanOperator.drainPendingAdvance;org/weakref/nitro/parquet/ColumnReader.skip;org/weakref/nitro/parquet/ColumnReader.decodeDataPageV1;jdk/internal/foreign/AbstractMemorySegmentImpl.get;java/lang/invoke/VarHandleGuards.guard_LJ_I;java/lang/invoke/VarHandleSegmentAsInts.get;java/lang/invoke/VarHandleSegmentAsInts.get;jdk/internal/misc/ScopedMemoryAccess.getIntUnaligned;jdk/internal/misc/ScopedMemoryAccess.getIntUnalignedInternal;jdk/internal/foreign/MemorySessionImpl.checkValidStateRaw;jbyte_disjoint_arraycopy_stub 1
java/lang/Thread.run;java/lang/Thread.runWith;java/util/concurrent/ThreadPoolExecutor$Worker.run;java/util/concurrent/ThreadPoolExecutor.runWorker;java/util/concurrent/FutureTask.run;java/util/concurrent/Executors$RunnableAdapter.call;java/util/concurrent/FutureTask.run;org/openjdk/jmh/runner/BenchmarkHandler$BenchmarkTask.call;org/openjdk/jmh/runner/BenchmarkHandler$BenchmarkTask.call;java/lang/reflect/Method.invoke;jdk/internal/reflect/DirectMethodHandleAccessor.invoke;jdk/internal/reflect/DirectMethodHandleAccessor.invokeImpl;java/lang/invoke/LambdaForm$MH.0x0000000063061400.invokeExact_MT;java/lang/invoke/LambdaForm$MH.0x0000000063061000.invoke;java/lang/invoke/DirectMethodHandle$Holder.invokeSpecial;org/weakref/nitro/clickbench/jmh_generated/BenchmarkQueries_query22_jmhTest.query22_AverageTime;org/weakref/nitro/clickbench/jmh_generated/BenchmarkQueries_query22_jmhTest.query22_avgt_jmhStub;org/weakref/nitro/clickbench/BenchmarkQueries.query22;org/weakref/nitro/clickbench/BenchmarkQueries.consume;org/weakref/nitro/operator/TopNOperator.next;org/weakref/nitro/operator/TopNOperator.computeTopN;org/weakref/nitro/operator/GroupedAggregationOperator.next;org/weakref/nitro/operator/GroupedAggregationOperator.computeResults;org/weakref/nitro/operator/GroupOperator.next;org/weakref/nitro/operator/FilterOperator.next;org/weakref/nitro/operator/evaluator/PlanEvaluator.evaluateInPlace;org/weakref/nitro/operator/evaluator/PlanEvaluator.evaluateTrueMaskInPlace;org/weakref/nitro/operator/evaluator/PlanEvaluator.evaluateAdaptiveAndTrueMaskInPlace;org/weakref/nitro/operator/evaluator/PlanEvaluator.evaluateMeasuredTrueMaskInPlace;org/weakref/nitro/operator/evaluator/PlanEvaluator.evaluateTrueMaskInPlace;org/weakref/nitro/operator/evaluator/PlanEvaluator.evaluateTrueReferenceMaskFallbackInPlace;org/weakref/nitro/operator/evaluator/PlanEvaluator.optionalBooleanStream;org/weakref/nitro/operator/evaluator/PlanEvaluator.evaluate;org/weakref/nitro/operator/evaluator/PlanEvaluator.evaluateUnmemoized;org/weakref/nitro/operator/evaluator/PlanEvaluator.evaluateVariable;org/weakref/nitro/operator/evaluator/PlanEvaluator.evaluateCall;org/weakref/nitro/operator/evaluator/PlanEvaluator.completeRequestedStreams;org/weakref/nitro/operator/evaluator/PlanEvaluator.allocateAllFalse;org/weakref/nitro/data/Allocator.allocate;org/weakref/nitro/data/Allocator.allocatePooled;org/weakref/nitro/data/Allocator$$Lambda.0x0000000063111d08.get;org/weakref/nitro/data/Allocator.lambda$allocate$0;org/weakref/nitro/operator/evaluator/PlanEvaluator$$Lambda.0x0000000063122d10.apply;org/weakref/nitro/data/BooleanVector.<init> 1
java/lang/Thread.run;java/lang/Thread.runWith;java/util/concurrent/ThreadPoolExecutor$Worker.run;java/util/concurrent/ThreadPoolExecutor.runWorker;java/util/concurrent/FutureTask.run;java/util/concurrent/Executors$RunnableAdapter.call;java/util/concurrent/FutureTask.run;org/openjdk/jmh/runner/BenchmarkHandler$BenchmarkTask.call;org/openjdk/jmh/runner/BenchmarkHandler$BenchmarkTask.call;java/lang/reflect/Method.invoke;jdk/internal/reflect/DirectMethodHandleAccessor.invoke;jdk/internal/reflect/DirectMethodHandleAccessor.invokeImpl;java/lang/invoke/LambdaForm$MH.0x0000000063061400.invokeExact_MT;java/lang/invoke/LambdaForm$MH.0x0000000063061000.invoke;java/lang/invoke/DirectMethodHandle$Holder.invokeSpecial;org/weakref/nitro/clickbench/jmh_generated/BenchmarkQueries_query22_jmhTest.query22_AverageTime;org/weakref/nitro/clickbench/jmh_generated/BenchmarkQueries_query22_jmhTest.query22_avgt_jmhStub;org/weakref/nitro/clickbench/BenchmarkQueries.query22;org/weakref/nitro/clickbench/BenchmarkQueries.consume;org/weakref/nitro/operator/TopNOperator.next;org/weakref/nitro/operator/TopNOperator.computeTopN;org/weakref/nitro/operator/GroupedAggregationOperator.next;org/weakref/nitro/operator/GroupedAggregationOperator.computeResults;org/weakref/nitro/operator/GroupOperator.next;org/weakref/nitro/operator/FilterOperator.next;org/weakref/nitro/operator/evaluator/PlanEvaluator.evaluateInPlace;org/weakref/nitro/operator/evaluator/PlanEvaluator.evaluateTrueMaskInPlace;org/weakref/nitro/operator/evaluator/PlanEvaluator.evaluateAdaptiveAndTrueMaskInPlace;org/weakref/nitro/operator/evaluator/PlanEvaluator.evaluateMeasuredTrueMaskInPlace;org/weakref/nitro/operator/evaluator/PlanEvaluator.evaluateTrueMaskInPlace;org/weakref/nitro/operator/evaluator/PlanEvaluator.evaluateFalseMaskInPlace;org/weakref/nitro/operator/evaluator/PlanEvaluator.tryEvaluatePrimitiveFalseMaskInPlace;org/weakref/nitro/operator/evaluator/PlanEvaluator.tryEvaluatePrimitiveMaskInPlace;org/weakref/nitro/function/scalar/builtin/EqualUtf8.tryEvaluateFalseMaskInPlace;org/weakref/nitro/function/scalar/builtin/Utf8BinaryDispatch.tryEvaluateEqualsFalseMaskInPlace;org/weakref/nitro/function/scalar/builtin/Utf8BinaryDispatch.tryEvaluateEqualsMaskInPlace;org/weakref/nitro/function/scalar/builtin/Utf8BinaryDispatch.tryEvaluateInSetMaskInPlace;org/weakref/nitro/function/scalar/builtin/Utf8BinaryDispatch.tryRetainFlatPackedShortInSet 1
java/lang/Thread.run;java/lang/Thread.runWith;java/util/concurrent/ThreadPoolExecutor$Worker.run;java/util/concurrent/ThreadPoolExecutor.runWorker;java/util/concurrent/FutureTask.run;java/util/concurrent/Executors$RunnableAdapter.call;java/util/concurrent/FutureTask.run;org/openjdk/jmh/runner/BenchmarkHandler$BenchmarkTask.call;org/openjdk/jmh/runner/BenchmarkHandler$BenchmarkTask.call;java/lang/reflect/Method.invoke;jdk/internal/reflect/DirectMethodHandleAccessor.invoke;jdk/internal/reflect/DirectMethodHandleAccessor.invokeImpl;java/lang/invoke/LambdaForm$MH.0x0000000063061400.invokeExact_MT;java/lang/invoke/LambdaForm$MH.0x0000000063061000.invoke;java/lang/invoke/DirectMethodHandle$Holder.invokeSpecial;org/weakref/nitro/clickbench/jmh_generated/BenchmarkQueries_query22_jmhTest.query22_AverageTime;org/weakref/nitro/clickbench/jmh_generated/BenchmarkQueries_query22_jmhTest.query22_avgt_jmhStub;org/weakref/nitro/clickbench/BenchmarkQueries.query22;org/weakref/nitro/clickbench/BenchmarkQueries.consume;org/weakref/nitro/operator/TopNOperator.next;org/weakref/nitro/operator/TopNOperator.computeTopN;org/weakref/nitro/operator/GroupedAggregationOperator.next;org/weakref/nitro/operator/GroupedAggregationOperator.computeResults;org/weakref/nitro/operator/GroupOperator.next;org/weakref/nitro/operator/FilterOperator.next;org/weakref/nitro/operator/evaluator/PlanEvaluator.evaluateInPlace;org/weakref/nitro/operator/evaluator/PlanEvaluator.evaluateTrueMaskInPlace;org/weakref/nitro/operator/evaluator/PlanEvaluator.evaluateAdaptiveAndTrueMaskInPlace;org/weakref/nitro/operator/evaluator/PlanEvaluator.evaluateMeasuredTrueMaskInPlace;org/weakref/nitro/operator/evaluator/PlanEvaluator.evaluateTrueMaskInPlace;org/weakref/nitro/operator/evaluator/PlanEvaluator.evaluateFalseMaskInPlace;org/weakref/nitro/operator/evaluator/PlanEvaluator.tryEvaluatePrimitiveFalseMaskInPlace;org/weakref/nitro/operator/evaluator/PlanEvaluator.tryEvaluatePrimitiveMaskInPlace;org/weakref/nitro/function/scalar/builtin/EqualUtf8.tryEvaluateFalseMaskInPlace;org/weakref/nitro/function/scalar/builtin/Utf8BinaryDispatch.tryEvaluateEqualsFalseMaskInPlace;org/weakref/nitro/function/scalar/builtin/Utf8BinaryDispatch.tryEvaluateEqualsMaskInPlace;org/weakref/nitro/function/scalar/builtin/Utf8BinaryDispatch.tryEvaluateInSetMaskInPlace;org/weakref/nitro/function/scalar/builtin/Utf8BinaryDispatch.singleMatchingId 1
java/lang/Thread.run;java/lang/Thread.runWith;java/util/concurrent/ThreadPoolExecutor$Worker.run;java/util/concurrent/ThreadPoolExecutor.runWorker;java/util/concurrent/FutureTask.run;java/util/concurrent/Executors$RunnableAdapter.call;java/util/concurrent/FutureTask.run;org/openjdk/jmh/runner/BenchmarkHandler$BenchmarkTask.call;org/openjdk/jmh/runner/BenchmarkHandler$BenchmarkTask.call;java/lang/reflect/Method.invoke;jdk/internal/reflect/DirectMethodHandleAccessor.invoke;jdk/internal/reflect/DirectMethodHandleAccessor.invokeImpl;java/lang/invoke/LambdaForm$MH.0x0000000063061400.invokeExact_MT;java/lang/invoke/LambdaForm$MH.0x0000000063061000.invoke;java/lang/invoke/DirectMethodHandle$Holder.invokeSpecial;org/weakref/nitro/clickbench/jmh_generated/BenchmarkQueries_query22_jmhTest.query22_AverageTime;org/weakref/nitro/clickbench/jmh_generated/BenchmarkQueries_query22_jmhTest.query22_avgt_jmhStub;org/weakref/nitro/clickbench/BenchmarkQueries.query22;org/weakref/nitro/clickbench/BenchmarkQueries.consume;org/weakref/nitro/operator/TopNOperator.next;org/weakref/nitro/operator/TopNOperator.computeTopN;org/weakref/nitro/operator/GroupedAggregationOperator.next;org/weakref/nitro/operator/GroupedAggregationOperator.computeResults;org/weakref/nitro/operator/GroupOperator.next;org/weakref/nitro/operator/FilterOperator.next;org/weakref/nitro/operator/evaluator/PlanEvaluator.evaluateInPlace;org/weakref/nitro/operator/evaluator/PlanEvaluator.evaluateTrueMaskInPlace;org/weakref/nitro/operator/evaluator/PlanEvaluator.evaluateAdaptiveAndTrueMaskInPlace;org/weakref/nitro/operator/evaluator/PlanEvaluator.evaluateMeasuredTrueMaskInPlace;org/weakref/nitro/operator/evaluator/PlanEvaluator.evaluateTrueMaskInPlace;org/weakref/nitro/operator/evaluator/PlanEvaluator.evaluateFalseMaskInPlace;org/weakref/nitro/operator/evaluator/PlanEvaluator.tryEvaluatePrimitiveFalseMaskInPlace;org/weakref/nitro/operator/evaluator/PlanEvaluator.tryEvaluatePrimitiveMaskInPlace;org/weakref/nitro/operator/evaluator/PlanEvaluator.resolveMaskPrimitiveInvocation;org/weakref/nitro/operator/evaluator/PlanEvaluator.evaluateArgument;org/weakref/nitro/operator/FilterOperator$1.resolve;org/weakref/nitro/operator/Output.borrowOrNull;org/weakref/nitro/operator/Output.borrow;org/weakref/nitro/operator/Output.borrow;org/weakref/nitro/operator/NitroParquetScanOperator$ScanOutputResolver$$Lambda.0x00000000630aab88.apply;org/weakref/nitro/operator/NitroParquetScanOperator$ScanOutputResolver.resolve;org/weakref/nitro/operator/NitroParquetScanOperator.resolveLazyColumn;org/weakref/nitro/operator/NitroParquetScanOperator.decodeFullColumn;org/weakref/nitro/parquet/ColumnReader.readBinary;org/weakref/nitro/parquet/ColumnReader.readBinaryDirect;org/weakref/nitro/parquet/ColumnReader.decodeNextDataPage;org/weakref/nitro/parquet/ColumnReader.decodeDictionary 2
java/lang/Thread.run;java/lang/Thread.runWith;java/util/concurrent/ThreadPoolExecutor$Worker.run;java/util/concurrent/ThreadPoolExecutor.runWorker;java/util/concurrent/FutureTask.run;java/util/concurrent/Executors$RunnableAdapter.call;java/util/concurrent/FutureTask.run;org/openjdk/jmh/runner/BenchmarkHandler$BenchmarkTask.call;org/openjdk/jmh/runner/BenchmarkHandler$BenchmarkTask.call;java/lang/reflect/Method.invoke;jdk/internal/reflect/DirectMethodHandleAccessor.invoke;jdk/internal/reflect/DirectMethodHandleAccessor.invokeImpl;java/lang/invoke/LambdaForm$MH.0x0000000063061400.invokeExact_MT;java/lang/invoke/LambdaForm$MH.0x0000000063061000.invoke;java/lang/invoke/DirectMethodHandle$Holder.invokeSpecial;org/weakref/nitro/clickbench/jmh_generated/BenchmarkQueries_query22_jmhTest.query22_AverageTime;org/weakref/nitro/clickbench/jmh_generated/BenchmarkQueries_query22_jmhTest.query22_avgt_jmhStub;org/weakref/nitro/clickbench/BenchmarkQueries.query22;org/weakref/nitro/clickbench/BenchmarkQueries.consume;org/weakref/nitro/operator/TopNOperator.next;org/weakref/nitro/operator/TopNOperator.computeTopN;org/weakref/nitro/operator/GroupedAggregationOperator.next;org/weakref/nitro/operator/GroupedAggregationOperator.computeResults;org/weakref/nitro/operator/GroupOperator.next;org/weakref/nitro/operator/FilterOperator.next;org/weakref/nitro/operator/evaluator/PlanEvaluator.evaluateInPlace;org/weakref/nitro/operator/evaluator/PlanEvaluator.evaluateTrueMaskInPlace;org/weakref/nitro/operator/evaluator/PlanEvaluator.evaluateAdaptiveAndTrueMaskInPlace;org/weakref/nitro/operator/evaluator/PlanEvaluator.evaluateMeasuredTrueMaskInPlace;org/weakref/nitro/operator/evaluator/PlanEvaluator.evaluateTrueMaskInPlace;org/weakref/nitro/operator/evaluator/PlanEvaluator.evaluateFalseMaskInPlace;org/weakref/nitro/operator/evaluator/PlanEvaluator.tryEvaluatePrimitiveFalseMaskInPlace;org/weakref/nitro/operator/evaluator/PlanEvaluator.tryEvaluatePrimitiveMaskInPlace;org/weakref/nitro/function/scalar/builtin/EqualUtf8.tryEvaluateFalseMaskInPlace;org/weakref/nitro/function/scalar/builtin/Utf8BinaryDispatch.tryEvaluateEqualsFalseMaskInPlace;org/weakref/nitro/function/scalar/builtin/Utf8BinaryDispatch.tryEvaluateEqualsMaskInPlace;org/weakref/nitro/function/scalar/builtin/Utf8BinaryDispatch.tryEvaluateInSetMaskInPlace;org/weakref/nitro/function/scalar/builtin/Utf8BinaryDispatch.tryRetainFlatPackedShortInSet;org/weakref/nitro/function/scalar/builtin/Utf8BinaryDispatch.packedMatchesAt;org/weakref/nitro/function/scalar/builtin/Utf8BinaryDispatch.packShort 4
java/lang/Thread.run;java/lang/Thread.runWith;java/util/concurrent/ThreadPoolExecutor$Worker.run;java/util/concurrent/ThreadPoolExecutor.runWorker;java/util/concurrent/FutureTask.run;java/util/concurrent/Executors$RunnableAdapter.call;java/util/concurrent/FutureTask.run;org/openjdk/jmh/runner/BenchmarkHandler$BenchmarkTask.call;org/openjdk/jmh/runner/BenchmarkHandler$BenchmarkTask.call;java/lang/reflect/Method.invoke;jdk/internal/reflect/DirectMethodHandleAccessor.invoke;jdk/internal/reflect/DirectMethodHandleAccessor.invokeImpl;java/lang/invoke/LambdaForm$MH.0x0000000063061400.invokeExact_MT;java/lang/invoke/LambdaForm$MH.0x0000000063061000.invoke;java/lang/invoke/DirectMethodHandle$Holder.invokeSpecial;org/weakref/nitro/clickbench/jmh_generated/BenchmarkQueries_query22_jmhTest.query22_AverageTime;org/weakref/nitro/clickbench/jmh_generated/BenchmarkQueries_query22_jmhTest.query22_avgt_jmhStub;org/weakref/nitro/clickbench/BenchmarkQueries.query22;org/weakref/nitro/clickbench/BenchmarkQueries.consume;org/weakref/nitro/operator/TopNOperator.next;org/weakref/nitro/operator/TopNOperator.computeTopN;org/weakref/nitro/operator/GroupedAggregationOperator.next;org/weakref/nitro/operator/GroupedAggregationOperator.computeResults;org/weakref/nitro/operator/GroupOperator.next;org/weakref/nitro/operator/FilterOperator.next;org/weakref/nitro/operator/evaluator/PlanEvaluator.evaluateInPlace;org/weakref/nitro/operator/evaluator/PlanEvaluator.evaluateTrueMaskInPlace;org/weakref/nitro/operator/evaluator/PlanEvaluator.evaluateAdaptiveAndTrueMaskInPlace;org/weakref/nitro/operator/evaluator/PlanEvaluator.evaluateMeasuredTrueMaskInPlace;org/weakref/nitro/operator/evaluator/PlanEvaluator.evaluateTrueMaskInPlace;org/weakref/nitro/operator/evaluator/PlanEvaluator.evaluateTrueReferenceMaskFallbackInPlace;org/weakref/nitro/operator/evaluator/PlanEvaluator.evaluate;org/weakref/nitro/operator/evaluator/PlanEvaluator.evaluateUnmemoized;org/weakref/nitro/operator/evaluator/PlanEvaluator.evaluateVariable;org/weakref/nitro/operator/evaluator/PlanEvaluator.evaluateCall;org/weakref/nitro/operator/evaluator/PlanEvaluator.evaluateArgument;org/weakref/nitro/operator/evaluator/PlanEvaluator.evaluate;org/weakref/nitro/operator/evaluator/PlanEvaluator.evaluateUnmemoized;org/weakref/nitro/operator/evaluator/PlanEvaluator.evaluateInput;org/weakref/nitro/operator/FilterOperator$1.resolve;org/weakref/nitro/operator/Output.borrowOrNull;org/weakref/nitro/operator/Output.borrow;org/weakref/nitro/operator/Output.borrow;org/weakref/nitro/operator/NitroParquetScanOperator$ScanOutputResolver$$Lambda.0x00000000630aab88.apply;org/weakref/nitro/operator/NitroParquetScanOperator$ScanOutputResolver.resolve;org/weakref/nitro/operator/NitroParquetScanOperator.resolveLazyColumn;org/weakref/nitro/operator/NitroParquetScanOperator.decodeFullColumn;org/weakref/nitro/parquet/ColumnReader.readBinary;org/weakref/nitro/parquet/ColumnReader.readBinaryDirect;org/weakref/nitro/parquet/ColumnReader.decodeNextDataPage;org/weakref/nitro/parquet/ColumnReader.decompress;io/airlift/compress/v3/snappy/SnappyNativeDecompressor.decompress;io/airlift/compress/v3/snappy/SnappyNative.decompress;io/airlift/compress/v3/snappy/SnappyNative.decompressInternal;java/lang/invoke/LambdaForm$MH.0x000000006311c400.invokeExact_MT;java/lang/invoke/LambdaForm$MH.0x0000000063134000.invoke;java/lang/invoke/LambdaForm$DMH.0x00000000630b1400.invokeStatic;jdk/internal/foreign/abi/DowncallStub.0x00000000630b1000.invoke;java/lang/invoke/LambdaForm$MH.0x000000006311d000.invokeExact_MT;java/lang/invoke/LambdaForm$MH.0x0000000063134400.invoke;nep_invoker_blob;snappy_uncompress;snappy::RawUncompress;snappy::RawUncompress;void snappy::SnappyDecompressor::DecompressAllTags<snappy::SnappyArrayWriter>;std::pair<unsigned char const*, long> snappy::DecompressBranchless<char*>;snappy::DeferMemCopy 20
java/lang/Thread.run;java/lang/Thread.runWith;java/util/concurrent/ThreadPoolExecutor$Worker.run;java/util/concurrent/ThreadPoolExecutor.runWorker;java/util/concurrent/FutureTask.run;java/util/concurrent/Executors$RunnableAdapter.call;java/util/concurrent/FutureTask.run;org/openjdk/jmh/runner/BenchmarkHandler$BenchmarkTask.call;org/openjdk/jmh/runner/BenchmarkHandler$BenchmarkTask.call;java/lang/reflect/Method.invoke;jdk/internal/reflect/DirectMethodHandleAccessor.invoke;jdk/internal/reflect/DirectMethodHandleAccessor.invokeImpl;java/lang/invoke/LambdaForm$MH.0x0000000063061400.invokeExact_MT;java/lang/invoke/LambdaForm$MH.0x0000000063061000.invoke;java/lang/invoke/DirectMethodHandle$Holder.invokeSpecial;org/weakref/nitro/clickbench/jmh_generated/BenchmarkQueries_query22_jmhTest.query22_AverageTime;org/weakref/nitro/clickbench/jmh_generated/BenchmarkQueries_query22_jmhTest.query22_avgt_jmhStub;org/weakref/nitro/clickbench/BenchmarkQueries.query22;org/weakref/nitro/clickbench/BenchmarkQueries.consume;org/weakref/nitro/operator/TopNOperator.next;org/weakref/nitro/operator/TopNOperator.computeTopN;org/weakref/nitro/operator/GroupedAggregationOperator.next;org/weakref/nitro/operator/GroupedAggregationOperator.computeResults;org/weakref/nitro/operator/GroupOperator.next;org/weakref/nitro/operator/FilterOperator.next;org/weakref/nitro/operator/evaluator/PlanEvaluator.evaluateInPlace;org/weakref/nitro/operator/evaluator/PlanEvaluator.evaluateTrueMaskInPlace;org/weakref/nitro/operator/evaluator/PlanEvaluator.evaluateAdaptiveAndTrueMaskInPlace;org/weakref/nitro/operator/evaluator/PlanEvaluator.evaluateMeasuredTrueMaskInPlace;org/weakref/nitro/operator/evaluator/PlanEvaluator.evaluateTrueMaskInPlace;org/weakref/nitro/operator/evaluator/PlanEvaluator.evaluateFalseMaskInPlace;org/weakref/nitro/operator/evaluator/PlanEvaluator.tryEvaluatePrimitiveFalseMaskInPlace;org/weakref/nitro/operator/evaluator/PlanEvaluator.tryEvaluatePrimitiveMaskInPlace;org/weakref/nitro/operator/evaluator/PlanEvaluator.resolveMaskPrimitiveInvocation;org/weakref/nitro/operator/evaluator/PlanEvaluator.evaluateArgument;org/weakref/nitro/operator/FilterOperator$1.resolve;org/weakref/nitro/operator/Output.borrowOrNull;org/weakref/nitro/operator/Output.borrow;org/weakref/nitro/operator/Output.borrow;org/weakref/nitro/operator/NitroParquetScanOperator$ScanOutputResolver$$Lambda.0x00000000630aab88.apply;org/weakref/nitro/operator/NitroParquetScanOperator$ScanOutputResolver.resolve;org/weakref/nitro/operator/NitroParquetScanOperator.resolveLazyColumn;org/weakref/nitro/operator/NitroParquetScanOperator.decodeFullColumn;org/weakref/nitro/parquet/ColumnReader.readBinary;org/weakref/nitro/parquet/ColumnReader.readBinaryDirect;org/weakref/nitro/parquet/ColumnReader.decodeNextDataPage;org/weakref/nitro/parquet/ColumnReader.decodeDataPageV1;jdk/internal/foreign/AbstractMemorySegmentImpl.get;java/lang/invoke/VarHandleGuards.guard_LJ_I;java/lang/invoke/VarHandleSegmentAsInts.get;java/lang/invoke/VarHandleSegmentAsInts.get;jdk/internal/misc/ScopedMemoryAccess.getIntUnaligned;jdk/internal/misc/ScopedMemoryAccess.getIntUnalignedInternal;jdk/internal/foreign/MemorySessionImpl.checkValidStateRaw;jbyte_disjoint_arraycopy_stub 7
java/lang/Thread.run;java/lang/Thread.runWith;java/util/concurrent/ThreadPoolExecutor$Worker.run;java/util/concurrent/ThreadPoolExecutor.runWorker;java/util/concurrent/FutureTask.run;java/util/concurrent/Executors$RunnableAdapter.call;java/util/concurrent/FutureTask.run;org/openjdk/jmh/runner/BenchmarkHandler$BenchmarkTask.call;org/openjdk/jmh/runner/BenchmarkHandler$BenchmarkTask.call;java/lang/reflect/Method.invoke;jdk/internal/reflect/DirectMethodHandleAccessor.invoke;jdk/internal/reflect/DirectMethodHandleAccessor.invokeImpl;java/lang/invoke/LambdaForm$MH.0x0000000063061400.invokeExact_MT;java/lang/invoke/LambdaForm$MH.0x0000000063061000.invoke;java/lang/invoke/DirectMethodHandle$Holder.invokeSpecial;org/weakref/nitro/clickbench/jmh_generated/BenchmarkQueries_query22_jmhTest.query22_AverageTime;org/weakref/nitro/clickbench/jmh_generated/BenchmarkQueries_query22_jmhTest.query22_avgt_jmhStub;org/weakref/nitro/clickbench/BenchmarkQueries.query22;org/weakref/nitro/clickbench/BenchmarkQueries.consume;org/weakref/nitro/operator/TopNOperator.close;org/weakref/nitro/operator/GroupedAggregationOperator.close;org/weakref/nitro/operator/GroupOperator.close;org/weakref/nitro/operator/FilterOperator.close;org/weakref/nitro/operator/NitroParquetScanOperator.close;org/weakref/nitro/parquet/ParquetFile.close;jdk/internal/foreign/ArenaImpl.close;jdk/internal/foreign/MemorySessionImpl.close;jdk/internal/foreign/ConfinedSession$ConfinedResourceList.cleanup;jdk/internal/foreign/MemorySessionImpl$ResourceList.cleanupSingle;jdk/internal/foreign/SegmentFactories$2.cleanup;sun/nio/ch/FileChannelImpl$Unmapper.unmap;sun/nio/ch/UnixFileDispatcherImpl.unmap;sun/nio/ch/UnixFileDispatcherImpl.unmap0;Java_sun_nio_ch_UnixFileDispatcherImpl_unmap0;munmap;entry_SYSCALL_64_after_hwframe_[k];do_syscall_64_[k];x64_sys_call_[k];__x64_sys_munmap_[k];__vm_munmap_[k];do_vmi_munmap_[k];do_vmi_align_munmap_[k];vms_complete_munmap_vmas_[k];vms_clear_ptes_[k];unmap_vmas_[k];unmap_single_vma.isra.0_[k];unmap_page_range_[k];zap_pmd_range.isra.0_[k];zap_pte_range_[k];zap_present_ptes.constprop.0_[k];folio_remove_rmap_ptes_[k] 1
java/lang/Thread.run;java/lang/Thread.runWith;java/util/concurrent/ThreadPoolExecutor$Worker.run;java/util/concurrent/ThreadPoolExecutor.runWorker;java/util/concurrent/FutureTask.run;java/util/concurrent/Executors$RunnableAdapter.call;java/util/concurrent/FutureTask.run;org/openjdk/jmh/runner/BenchmarkHandler$BenchmarkTask.call;org/openjdk/jmh/runner/BenchmarkHandler$BenchmarkTask.call;java/lang/reflect/Method.invoke;jdk/internal/reflect/DirectMethodHandleAccessor.invoke;jdk/internal/reflect/DirectMethodHandleAccessor.invokeImpl;java/lang/invoke/LambdaForm$MH.0x0000000063061400.invokeExact_MT;java/lang/invoke/LambdaForm$MH.0x0000000063061000.invoke;java/lang/invoke/DirectMethodHandle$Holder.invokeSpecial;org/weakref/nitro/clickbench/jmh_generated/BenchmarkQueries_query22_jmhTest.query22_AverageTime;org/weakref/nitro/clickbench/jmh_generated/BenchmarkQueries_query22_jmhTest.query22_avgt_jmhStub;org/weakref/nitro/clickbench/BenchmarkQueries.query22;org/weakref/nitro/clickbench/BenchmarkQueries.consume;org/weakref/nitro/operator/TopNOperator.next;org/weakref/nitro/operator/TopNOperator.computeTopN;org/weakref/nitro/operator/GroupedAggregationOperator.next;org/weakref/nitro/operator/GroupedAggregationOperator.computeResults;org/weakref/nitro/operator/GroupOperator.next;org/weakref/nitro/operator/FilterOperator.next;org/weakref/nitro/operator/evaluator/PlanEvaluator.evaluateInPlace;org/weakref/nitro/operator/evaluator/PlanEvaluator.evaluateTrueMaskInPlace;org/weakref/nitro/operator/evaluator/PlanEvaluator.evaluateAdaptiveAndTrueMaskInPlace;org/weakref/nitro/operator/evaluator/PlanEvaluator.evaluateMeasuredTrueMaskInPlace;org/weakref/nitro/operator/evaluator/PlanEvaluator.evaluateTrueMaskInPlace;org/weakref/nitro/operator/evaluator/PlanEvaluator.evaluateTrueReferenceMaskFallbackInPlace;org/weakref/nitro/operator/evaluator/PlanEvaluator.evaluate;org/weakref/nitro/operator/evaluator/PlanEvaluator.evaluateUnmemoized;org/weakref/nitro/operator/evaluator/PlanEvaluator.evaluateVariable;org/weakref/nitro/operator/evaluator/PlanEvaluator.evaluateCall;org/weakref/nitro/operator/evaluator/PlanEvaluator.evaluateArgument;org/weakref/nitro/operator/evaluator/PlanEvaluator.evaluate;org/weakref/nitro/operator/evaluator/PlanEvaluator.evaluateUnmemoized;org/weakref/nitro/operator/evaluator/PlanEvaluator.evaluateInput;org/weakref/nitro/operator/FilterOperator$1.resolve;org/weakref/nitro/operator/Output.borrowOrNull;org/weakref/nitro/operator/Output.borrow;org/weakref/nitro/operator/Output.borrow;org/weakref/nitro/operator/NitroParquetScanOperator$ScanOutputResolver$$Lambda.0x00000000630aab88.apply;org/weakref/nitro/operator/NitroParquetScanOperator$ScanOutputResolver.resolve;org/weakref/nitro/operator/NitroParquetScanOperator.resolveLazyColumn;org/weakref/nitro/operator/NitroParquetScanOperator.decodeFullColumn;org/weakref/nitro/parquet/ColumnReader.readBinary;org/weakref/nitro/parquet/ColumnReader.readBinaryDirect;org/weakref/nitro/parquet/ColumnReader.decodeNextDataPage;org/weakref/nitro/parquet/ColumnReader.decompress;io/airlift/compress/v3/snappy/SnappyNativeDecompressor.decompress;io/airlift/compress/v3/snappy/SnappyNative.decompress;io/airlift/compress/v3/snappy/SnappyNative.decompressInternal;java/lang/invoke/LambdaForm$MH.0x000000006311c400.invokeExact_MT;java/lang/invoke/LambdaForm$MH.0x0000000063134000.invoke;java/lang/invoke/LambdaForm$DMH.0x00000000630b1400.invokeStatic;jdk/internal/foreign/abi/DowncallStub.0x00000000630b1000.invoke;java/lang/invoke/LambdaForm$MH.0x000000006311d000.invokeExact_MT;java/lang/invoke/LambdaForm$MH.0x0000000063134400.invoke;nep_invoker_blob;snappy_uncompress;snappy::RawUncompress;snappy::RawUncompress;void snappy::SnappyDecompressor::DecompressAllTags<snappy::SnappyArrayWriter>;std::pair<unsigned char const*, long> snappy::DecompressBranchless<char*>;asm_exc_page_fault_[k];exc_page_fault_[k];do_user_addr_fault_[k];handle_mm_fault_[k];__handle_mm_fault_[k];thp_vma_allowable_orders.constprop.0_[k] 1
java/lang/Thread.run;java/lang/Thread.runWith;java/util/concurrent/ThreadPoolExecutor$Worker.run;java/util/concurrent/ThreadPoolExecutor.runWorker;java/util/concurrent/FutureTask.run;java/util/concurrent/Executors$RunnableAdapter.call;java/util/concurrent/FutureTask.run;org/openjdk/jmh/runner/BenchmarkHandler$BenchmarkTask.call;org/openjdk/jmh/runner/BenchmarkHandler$BenchmarkTask.call;java/lang/reflect/Method.invoke;jdk/internal/reflect/DirectMethodHandleAccessor.invoke;jdk/internal/reflect/DirectMethodHandleAccessor.invokeImpl;java/lang/invoke/LambdaForm$MH.0x0000000063061400.invokeExact_MT;java/lang/invoke/LambdaForm$MH.0x0000000063061000.invoke;java/lang/invoke/DirectMethodHandle$Holder.invokeSpecial;org/weakref/nitro/clickbench/jmh_generated/BenchmarkQueries_query22_jmhTest.query22_AverageTime;org/weakref/nitro/clickbench/jmh_generated/BenchmarkQueries_query22_jmhTest.query22_avgt_jmhStub;org/weakref/nitro/clickbench/BenchmarkQueries.query22;org/weakref/nitro/clickbench/BenchmarkQueries.consume;org/weakref/nitro/operator/TopNOperator.next;org/weakref/nitro/operator/TopNOperator.computeTopN;org/weakref/nitro/operator/GroupedAggregationOperator.next;org/weakref/nitro/operator/GroupedAggregationOperator.computeResults;org/weakref/nitro/operator/GroupOperator.next;org/weakref/nitro/operator/FilterOperator.next;org/weakref/nitro/operator/evaluator/PlanEvaluator.evaluateInPlace;org/weakref/nitro/operator/evaluator/PlanEvaluator.evaluateTrueMaskInPlace;org/weakref/nitro/operator/evaluator/PlanEvaluator.evaluateAdaptiveAndTrueMaskInPlace;org/weakref/nitro/operator/evaluator/PlanEvaluator.evaluateMeasuredTrueMaskInPlace;org/weakref/nitro/operator/evaluator/PlanEvaluator.evaluateTrueMaskInPlace;org/weakref/nitro/operator/evaluator/PlanEvaluator.evaluateFalseMaskInPlace;org/weakref/nitro/operator/evaluator/PlanEvaluator.tryEvaluatePrimitiveFalseMaskInPlace;org/weakref/nitro/operator/evaluator/PlanEvaluator.tryEvaluatePrimitiveMaskInPlace;org/weakref/nitro/operator/evaluator/PlanEvaluator.resolveMaskPrimitiveInvocation;org/weakref/nitro/operator/evaluator/PlanEvaluator.evaluateArgument;org/weakref/nitro/operator/FilterOperator$1.resolve;org/weakref/nitro/operator/Output.borrowOrNull;org/weakref/nitro/operator/Output.borrow;org/weakref/nitro/operator/Output.borrow;org/weakref/nitro/operator/NitroParquetScanOperator$ScanOutputResolver$$Lambda.0x00000000630aab88.apply;org/weakref/nitro/operator/NitroParquetScanOperator$ScanOutputResolver.resolve;org/weakref/nitro/operator/NitroParquetScanOperator.resolveLazyColumn;org/weakref/nitro/data/Allocator.allocate;org/weakref/nitro/data/Allocator.allocatePooled;org/weakref/nitro/data/BooleanVector.clearForReuse;java/util/Arrays.fill;arrayof_jbyte_fill_stub 1
java/lang/Thread.run;java/lang/Thread.runWith;java/util/concurrent/ThreadPoolExecutor$Worker.run;java/util/concurrent/ThreadPoolExecutor.runWorker;java/util/concurrent/FutureTask.run;java/util/concurrent/Executors$RunnableAdapter.call;java/util/concurrent/FutureTask.run;org/openjdk/jmh/runner/BenchmarkHandler$BenchmarkTask.call;org/openjdk/jmh/runner/BenchmarkHandler$BenchmarkTask.call;java/lang/reflect/Method.invoke;jdk/internal/reflect/DirectMethodHandleAccessor.invoke;jdk/internal/reflect/DirectMethodHandleAccessor.invokeImpl;java/lang/invoke/LambdaForm$MH.0x0000000063061400.invokeExact_MT;java/lang/invoke/LambdaForm$MH.0x0000000063061000.invoke;java/lang/invoke/DirectMethodHandle$Holder.invokeSpecial;org/weakref/nitro/clickbench/jmh_generated/BenchmarkQueries_query22_jmhTest.query22_AverageTime;org/weakref/nitro/clickbench/jmh_generated/BenchmarkQueries_query22_jmhTest.query22_avgt_jmhStub;org/weakref/nitro/clickbench/BenchmarkQueries.query22;org/weakref/nitro/clickbench/BenchmarkQueries.consume;org/weakref/nitro/operator/TopNOperator.next;org/weakref/nitro/operator/TopNOperator.computeTopN;org/weakref/nitro/operator/GroupedAggregationOperator.next;org/weakref/nitro/operator/GroupedAggregationOperator.computeResults;org/weakref/nitro/operator/GroupOperator.next;org/weakref/nitro/operator/FilterOperator.next;org/weakref/nitro/operator/evaluator/PlanEvaluator.evaluateInPlace;org/weakref/nitro/operator/evaluator/PlanEvaluator.evaluateTrueMaskInPlace;org/weakref/nitro/operator/evaluator/PlanEvaluator.evaluateAdaptiveAndTrueMaskInPlace;org/weakref/nitro/operator/evaluator/PlanEvaluator.evaluateMeasuredTrueMaskInPlace;org/weakref/nitro/operator/evaluator/PlanEvaluator.evaluateTrueMaskInPlace;org/weakref/nitro/operator/evaluator/PlanEvaluator.evaluateFalseMaskInPlace;org/weakref/nitro/operator/evaluator/PlanEvaluator.tryEvaluatePrimitiveFalseMaskInPlace;org/weakref/nitro/operator/evaluator/PlanEvaluator.tryEvaluatePrimitiveMaskInPlace;org/weakref/nitro/function/scalar/builtin/EqualUtf8.tryEvaluateFalseMaskInPlace;org/weakref/nitro/function/scalar/builtin/Utf8BinaryDispatch.tryEvaluateEqualsFalseMaskInPlace;org/weakref/nitro/function/scalar/builtin/Utf8BinaryDispatch.tryEvaluateEqualsMaskInPlace;org/weakref/nitro/function/scalar/builtin/Utf8BinaryDispatch.tryEvaluateInSetMaskInPlace;org/weakref/nitro/function/scalar/builtin/Utf8BinaryDispatch.evaluateDictionaryMembership 1
java/lang/Thread.run;java/lang/Thread.runWith;java/util/concurrent/ThreadPoolExecutor$Worker.run;java/util/concurrent/ThreadPoolExecutor.runWorker;java/util/concurrent/FutureTask.run;java/util/concurrent/Executors$RunnableAdapter.call;java/util/concurrent/FutureTask.run;org/openjdk/jmh/runner/BenchmarkHandler$BenchmarkTask.call;org/openjdk/jmh/runner/BenchmarkHandler$BenchmarkTask.call;java/lang/reflect/Method.invoke;jdk/internal/reflect/DirectMethodHandleAccessor.invoke;jdk/internal/reflect/DirectMethodHandleAccessor.invokeImpl;java/lang/invoke/LambdaForm$MH.0x0000000063061400.invokeExact_MT;java/lang/invoke/LambdaForm$MH.0x0000000063061000.invoke;java/lang/invoke/DirectMethodHandle$Holder.invokeSpecial;org/weakref/nitro/clickbench/jmh_generated/BenchmarkQueries_query22_jmhTest.query22_AverageTime;org/weakref/nitro/clickbench/jmh_generated/BenchmarkQueries_query22_jmhTest.query22_avgt_jmhStub;org/weakref/nitro/clickbench/BenchmarkQueries.query22;org/weakref/nitro/clickbench/BenchmarkQueries.consume;org/weakref/nitro/operator/TopNOperator.next;org/weakref/nitro/operator/TopNOperator.computeTopN;org/weakref/nitro/operator/GroupedAggregationOperator.next;org/weakref/nitro/operator/GroupedAggregationOperator.computeResults;org/weakref/nitro/operator/GroupOperator.next;org/weakref/nitro/operator/FilterOperator.next;org/weakref/nitro/operator/evaluator/PlanEvaluator.evaluateInPlace;org/weakref/nitro/operator/evaluator/PlanEvaluator.evaluateTrueMaskInPlace;org/weakref/nitro/operator/evaluator/PlanEvaluator.evaluateAdaptiveAndTrueMaskInPlace;org/weakref/nitro/operator/evaluator/PlanEvaluator.evaluateMeasuredTrueMaskInPlace;org/weakref/nitro/operator/evaluator/PlanEvaluator.evaluateTrueMaskInPlace;org/weakref/nitro/operator/evaluator/PlanEvaluator.evaluateTrueReferenceMaskFallbackInPlace;org/weakref/nitro/operator/evaluator/PlanEvaluator.evaluate;org/weakref/nitro/operator/evaluator/PlanEvaluator.evaluateUnmemoized;org/weakref/nitro/operator/evaluator/PlanEvaluator.evaluateVariable;org/weakref/nitro/operator/evaluator/PlanEvaluator.evaluateCall;org/weakref/nitro/operator/evaluator/PlanEvaluator.evaluateArgument;org/weakref/nitro/operator/evaluator/PlanEvaluator.evaluate;org/weakref/nitro/operator/evaluator/PlanEvaluator.evaluateUnmemoized;org/weakref/nitro/operator/evaluator/PlanEvaluator.evaluateVariable;org/weakref/nitro/operator/evaluator/PlanEvaluator.evaluateLiteral;org/weakref/nitro/operator/evaluator/PlanEvaluator.fillUtf8;org/weakref/nitro/data/Allocator.allocateSingleRunRle;org/weakref/nitro/data/RleVector.<init>;java/util/stream/IntPipeline.sum;java/util/stream/IntPipeline.reduce;java/util/stream/AbstractPipeline.evaluate;java/util/stream/ReduceOps$ReduceOp.evaluateSequential;java/util/stream/AbstractPipeline.wrapAndCopyInto;java/util/stream/AbstractPipeline.copyInto;java/util/Spliterator.getExactSizeIfKnown;java/util/Spliterators$IntArraySpliterator.characteristics 1
java/lang/Thread.run;java/lang/Thread.runWith;java/util/concurrent/ThreadPoolExecutor$Worker.run;java/util/concurrent/ThreadPoolExecutor.runWorker;java/util/concurrent/FutureTask.run;java/util/concurrent/Executors$RunnableAdapter.call;java/util/concurrent/FutureTask.run;org/openjdk/jmh/runner/BenchmarkHandler$BenchmarkTask.call;org/openjdk/jmh/runner/BenchmarkHandler$BenchmarkTask.call;java/lang/reflect/Method.invoke;jdk/internal/reflect/DirectMethodHandleAccessor.invoke;jdk/internal/reflect/DirectMethodHandleAccessor.invokeImpl;java/lang/invoke/LambdaForm$MH.0x0000000063061400.invokeExact_MT;java/lang/invoke/LambdaForm$MH.0x0000000063061000.invoke;java/lang/invoke/DirectMethodHandle$Holder.invokeSpecial;org/weakref/nitro/clickbench/jmh_generated/BenchmarkQueries_query22_jmhTest.query22_AverageTime;org/weakref/nitro/clickbench/jmh_generated/BenchmarkQueries_query22_jmhTest.query22_avgt_jmhStub;org/weakref/nitro/clickbench/BenchmarkQueries.query22;org/weakref/nitro/clickbench/BenchmarkQueries.consume;org/weakref/nitro/operator/TopNOperator.next;org/weakref/nitro/operator/TopNOperator.computeTopN;org/weakref/nitro/operator/GroupedAggregationOperator.next;org/weakref/nitro/operator/GroupedAggregationOperator.computeResults;org/weakref/nitro/operator/GroupOperator.next;org/weakref/nitro/operator/FilterOperator.next;org/weakref/nitro/operator/evaluator/PlanEvaluator.evaluateInPlace;org/weakref/nitro/operator/evaluator/PlanEvaluator.evaluateTrueMaskInPlace;org/weakref/nitro/operator/evaluator/PlanEvaluator.evaluateAdaptiveAndTrueMaskInPlace;org/weakref/nitro/operator/evaluator/PlanEvaluator.evaluateMeasuredTrueMaskInPlace;org/weakref/nitro/operator/evaluator/PlanEvaluator.evaluateTrueMaskInPlace;org/weakref/nitro/operator/evaluator/PlanEvaluator.evaluateTrueReferenceMaskFallbackInPlace;org/weakref/nitro/operator/evaluator/PlanEvaluator.evaluate;org/weakref/nitro/operator/evaluator/PlanEvaluator.evaluateUnmemoized;org/weakref/nitro/operator/evaluator/PlanEvaluator.evaluateVariable;org/weakref/nitro/operator/evaluator/PlanEvaluator.evaluateCall;org/weakref/nitro/operator/evaluator/PlanEvaluator.hardRequestedStreamsFor 1
/usr/lib/x86_64-linux-gnu/libc.so.6;/usr/lib/x86_64-linux-gnu/libc.so.6;thread_native_entry;Thread::call_run;JavaThread::thread_main_inner;CompileBroker::compiler_thread_loop;CompileBroker::invoke_compiler_on_method;C2Compiler::compile_method;Compile::Compile;Compile::Code_Gen;PhaseCFG::do_global_code_motion;PhaseCFG::global_code_motion;PhaseCFG::schedule_local;PhaseCFG::set_next_call 1
java/lang/Thread.run;java/lang/Thread.runWith;java/util/concurrent/ThreadPoolExecutor$Worker.run;java/util/concurrent/ThreadPoolExecutor.runWorker;java/util/concurrent/FutureTask.run;java/util/concurrent/Executors$RunnableAdapter.call;java/util/concurrent/FutureTask.run;org/openjdk/jmh/runner/BenchmarkHandler$BenchmarkTask.call;org/openjdk/jmh/runner/BenchmarkHandler$BenchmarkTask.call;java/lang/reflect/Method.invoke;jdk/internal/reflect/DirectMethodHandleAccessor.invoke;jdk/internal/reflect/DirectMethodHandleAccessor.invokeImpl;java/lang/invoke/LambdaForm$MH.0x0000000063061400.invokeExact_MT;java/lang/invoke/LambdaForm$MH.0x0000000063061000.invoke;java/lang/invoke/DirectMethodHandle$Holder.invokeSpecial;org/weakref/nitro/clickbench/jmh_generated/BenchmarkQueries_query22_jmhTest.query22_AverageTime;org/weakref/nitro/clickbench/jmh_generated/BenchmarkQueries_query22_jmhTest.query22_avgt_jmhStub;org/weakref/nitro/clickbench/BenchmarkQueries.query22;org/weakref/nitro/clickbench/BenchmarkQueries.consume;org/weakref/nitro/operator/TopNOperator.next;org/weakref/nitro/operator/TopNOperator.computeTopN;org/weakref/nitro/operator/GroupedAggregationOperator.next;org/weakref/nitro/operator/GroupedAggregationOperator.computeResults;org/weakref/nitro/operator/GroupOperator.next;org/weakref/nitro/operator/FilterOperator.next;org/weakref/nitro/operator/evaluator/PlanEvaluator.evaluateInPlace;org/weakref/nitro/operator/evaluator/PlanEvaluator.evaluateTrueMaskInPlace;org/weakref/nitro/operator/evaluator/PlanEvaluator.evaluateAdaptiveAndTrueMaskInPlace;org/weakref/nitro/operator/evaluator/PlanEvaluator.evaluateMeasuredTrueMaskInPlace;org/weakref/nitro/operator/evaluator/PlanEvaluator.evaluateTrueMaskInPlace;org/weakref/nitro/operator/evaluator/PlanEvaluator.evaluateFalseMaskInPlace;org/weakref/nitro/operator/evaluator/PlanEvaluator.tryEvaluatePrimitiveFalseMaskInPlace;org/weakref/nitro/operator/evaluator/PlanEvaluator.tryEvaluatePrimitiveMaskInPlace;org/weakref/nitro/operator/evaluator/PlanEvaluator.resolveMaskPrimitiveInvocation;org/weakref/nitro/operator/evaluator/PlanEvaluator.evaluateArgument;org/weakref/nitro/operator/FilterOperator$1.resolve;org/weakref/nitro/operator/Output.borrowOrNull;org/weakref/nitro/operator/Output.borrow;org/weakref/nitro/operator/Output.borrow;org/weakref/nitro/operator/NitroParquetScanOperator$ScanOutputResolver$$Lambda.0x00000000630aab88.apply;org/weakref/nitro/operator/NitroParquetScanOperator$ScanOutputResolver.resolve;org/weakref/nitro/operator/NitroParquetScanOperator.resolveLazyColumn;org/weakref/nitro/operator/NitroParquetScanOperator.decodeFullColumn;org/weakref/nitro/parquet/ColumnReader.readBinary;org/weakref/nitro/parquet/ColumnReader.readBinaryDirect;org/weakref/nitro/parquet/ColumnReader.decodeNextDataPage;org/weakref/nitro/parquet/ColumnReader.decodeDictionary;java/lang/foreign/MemorySegment.copy;jdk/internal/foreign/AbstractMemorySegmentImpl.copy;jdk/internal/foreign/AbstractMemorySegmentImpl.checkAccess;jdk/internal/foreign/AbstractMemorySegmentImpl.checkAccessBounds;jdk/internal/foreign/AbstractMemorySegmentImpl.checkBounds 1
java/lang/Thread.run;java/lang/Thread.runWith;java/util/concurrent/ThreadPoolExecutor$Worker.run;java/util/concurrent/ThreadPoolExecutor.runWorker;java/util/concurrent/FutureTask.run;java/util/concurrent/Executors$RunnableAdapter.call;java/util/concurrent/FutureTask.run;org/openjdk/jmh/runner/BenchmarkHandler$BenchmarkTask.call;org/openjdk/jmh/runner/BenchmarkHandler$BenchmarkTask.call;java/lang/reflect/Method.invoke;jdk/internal/reflect/DirectMethodHandleAccessor.invoke;jdk/internal/reflect/DirectMethodHandleAccessor.invokeImpl;java/lang/invoke/LambdaForm$MH.0x0000000063061400.invokeExact_MT;java/lang/invoke/LambdaForm$MH.0x0000000063061000.invoke;java/lang/invoke/DirectMethodHandle$Holder.invokeSpecial;org/weakref/nitro/clickbench/jmh_generated/BenchmarkQueries_query22_jmhTest.query22_AverageTime;org/weakref/nitro/clickbench/jmh_generated/BenchmarkQueries_query22_jmhTest.query22_avgt_jmhStub;org/weakref/nitro/clickbench/BenchmarkQueries.query22;org/weakref/nitro/clickbench/ClickBenchHitsSupport.query22;org/weakref/nitro/clickbench/ClickBenchHitsSupport.clickBenchScan;org/weakref/nitro/operator/NitroParquetScanOperator.<init>;java/util/stream/ReferencePipeline.toArray;java/util/stream/AbstractPipeline.evaluateToArrayNode;java/util/stream/AbstractPipeline.evaluate;java/util/stream/AbstractPipeline.wrapAndCopyInto;java/util/stream/AbstractPipeline.copyInto;java/util/AbstractList$RandomAccessSpliterator.forEachRemaining;java/util/stream/ReferencePipeline$3$1.accept;org/weakref/nitro/operator/NitroParquetScanOperator$$Lambda.0x00000000630837a8.apply;org/weakref/nitro/parquet/ParquetFile.open;org/weakref/nitro/parquet/ParquetFile.<init>;org/apache/parquet/format/Util.readFileMetaData;org/apache/parquet/format/Util.readFileMetaData;org/apache/parquet/format/Util.read;org/apache/parquet/format/FileMetaData.read;org/apache/parquet/format/FileMetaData$FileMetaDataStandardScheme.read;org/apache/parquet/format/FileMetaData$FileMetaDataStandardScheme.read;org/apache/parquet/format/RowGroup.read;org/apache/parquet/format/RowGroup$RowGroupStandardScheme.read;org/apache/parquet/format/RowGroup$RowGroupStandardScheme.read;org/apache/parquet/format/ColumnChunk.read;org/apache/parquet/format/ColumnChunk$ColumnChunkStandardScheme.read;org/apache/parquet/format/ColumnChunk$ColumnChunkStandardScheme.read;org/apache/parquet/format/ColumnMetaData.read;org/apache/parquet/format/ColumnMetaData$ColumnMetaDataStandardScheme.read;org/apache/parquet/format/ColumnMetaData$ColumnMetaDataStandardScheme.read;org/apache/parquet/format/InterningProtocol.readFieldBegin;shaded/parquet/org/apache/thrift/protocol/TCompactProtocol.readFieldBegin;shaded/parquet/org/apache/thrift/protocol/TCompactProtocol.readByte;shaded/parquet/org/apache/thrift/transport/TTransport.readAll;shaded/parquet/org/apache/thrift/transport/TIOStreamTransport.read;org/weakref/nitro/parquet/ParquetFile$SegmentInputStream.read;java/lang/foreign/MemorySegment.copy;jdk/internal/foreign/AbstractMemorySegmentImpl.copy;jdk/internal/misc/ScopedMemoryAccess.copyMemory;jdk/internal/misc/ScopedMemoryAccess.copyMemoryInternal;jdk/internal/foreign/MemorySessionImpl.checkValidStateRaw;jbyte_disjoint_arraycopy_stub 1
/usr/lib/x86_64-linux-gnu/libc.so.6;/usr/lib/x86_64-linux-gnu/libc.so.6;thread_native_entry;Thread::call_run;WorkerThread::run;G1EvacuateRegionsBaseTask::work;G1EvacuateRegionsTask::evacuate_live_objects;G1ParEvacuateFollowersClosure::do_void;G1ParScanThreadState::steal_and_trim_queue;G1ParScanThreadState::trim_queue_to_threshold 3
java/lang/Thread.run;java/lang/Thread.runWith;java/util/concurrent/ThreadPoolExecutor$Worker.run;java/util/concurrent/ThreadPoolExecutor.runWorker;java/util/concurrent/FutureTask.run;java/util/concurrent/Executors$RunnableAdapter.call;java/util/concurrent/FutureTask.run;org/openjdk/jmh/runner/BenchmarkHandler$BenchmarkTask.call;org/openjdk/jmh/runner/BenchmarkHandler$BenchmarkTask.call;java/lang/reflect/Method.invoke;jdk/internal/reflect/DirectMethodHandleAccessor.invoke;jdk/internal/reflect/DirectMethodHandleAccessor.invokeImpl;java/lang/invoke/LambdaForm$MH.0x0000000063061400.invokeExact_MT;java/lang/invoke/LambdaForm$MH.0x0000000063061000.invoke;java/lang/invoke/DirectMethodHandle$Holder.invokeSpecial;org/weakref/nitro/clickbench/jmh_generated/BenchmarkQueries_query22_jmhTest.query22_AverageTime;org/weakref/nitro/clickbench/jmh_generated/BenchmarkQueries_query22_jmhTest.query22_avgt_jmhStub;org/weakref/nitro/clickbench/BenchmarkQueries.query22;org/weakref/nitro/clickbench/BenchmarkQueries.consume;org/weakref/nitro/operator/TopNOperator.next;org/weakref/nitro/operator/TopNOperator.computeTopN;org/weakref/nitro/operator/GroupedAggregationOperator.next;org/weakref/nitro/operator/GroupedAggregationOperator.computeResults;org/weakref/nitro/operator/GroupOperator.next;org/weakref/nitro/operator/FilterOperator.next;org/weakref/nitro/operator/evaluator/PlanEvaluator.evaluateInPlace;org/weakref/nitro/operator/evaluator/PlanEvaluator.evaluateTrueMaskInPlace;org/weakref/nitro/operator/evaluator/PlanEvaluator.evaluateAdaptiveAndTrueMaskInPlace;org/weakref/nitro/operator/evaluator/PlanEvaluator.evaluateMeasuredTrueMaskInPlace;org/weakref/nitro/operator/evaluator/PlanEvaluator.evaluateTrueMaskInPlace;org/weakref/nitro/operator/evaluator/PlanEvaluator.evaluateFalseMaskInPlace;org/weakref/nitro/operator/evaluator/PlanEvaluator.tryEvaluatePrimitiveFalseMaskInPlace;org/weakref/nitro/operator/evaluator/PlanEvaluator.tryEvaluatePrimitiveMaskInPlace;org/weakref/nitro/function/scalar/builtin/EqualUtf8.tryEvaluateFalseMaskInPlace;org/weakref/nitro/function/scalar/builtin/Utf8BinaryDispatch.tryEvaluateEqualsFalseMaskInPlace;org/weakref/nitro/function/scalar/builtin/Utf8BinaryDispatch.tryEvaluateEqualsMaskInPlace;org/weakref/nitro/data/Mask.retainIf;org/weakref/nitro/function/scalar/builtin/Utf8BinaryDispatch$$Lambda.0x0000000063125f20.test;org/weakref/nitro/function/scalar/builtin/Utf8BinaryDispatch.lambda$tryEvaluateEqualsMaskInPlace$0;org/weakref/nitro/function/scalar/builtin/Utf8BinaryDispatch.binaryEquals;org/weakref/nitro/function/scalar/builtin/Utf8BinaryDispatch.binaryEquals;org/weakref/nitro/data/RleVector.runIndex 1
java/lang/Thread.run;java/lang/Thread.runWith;java/util/concurrent/ThreadPoolExecutor$Worker.run;java/util/concurrent/ThreadPoolExecutor.runWorker;java/util/concurrent/FutureTask.run;java/util/concurrent/Executors$RunnableAdapter.call;java/util/concurrent/FutureTask.run;org/openjdk/jmh/runner/BenchmarkHandler$BenchmarkTask.call;org/openjdk/jmh/runner/BenchmarkHandler$BenchmarkTask.call;java/lang/reflect/Method.invoke;jdk/internal/reflect/DirectMethodHandleAccessor.invoke;jdk/internal/reflect/DirectMethodHandleAccessor.invokeImpl;java/lang/invoke/LambdaForm$MH.0x0000000063061400.invokeExact_MT;java/lang/invoke/LambdaForm$MH.0x0000000063061000.invoke;java/lang/invoke/DirectMethodHandle$Holder.invokeSpecial;org/weakref/nitro/clickbench/jmh_generated/BenchmarkQueries_query22_jmhTest.query22_AverageTime;org/weakref/nitro/clickbench/jmh_generated/BenchmarkQueries_query22_jmhTest.query22_avgt_jmhStub;org/weakref/nitro/clickbench/BenchmarkQueries.query22;org/weakref/nitro/clickbench/BenchmarkQueries.consume;org/weakref/nitro/operator/TopNOperator.next;org/weakref/nitro/operator/TopNOperator.computeTopN;org/weakref/nitro/operator/GroupedAggregationOperator.next;org/weakref/nitro/operator/GroupedAggregationOperator.computeResults;org/weakref/nitro/operator/GroupOperator.next;org/weakref/nitro/operator/FilterOperator.next;org/weakref/nitro/operator/evaluator/PlanEvaluator.evaluateInPlace;org/weakref/nitro/operator/evaluator/PlanEvaluator.evaluateTrueMaskInPlace;org/weakref/nitro/operator/evaluator/PlanEvaluator.evaluateAdaptiveAndTrueMaskInPlace;org/weakref/nitro/operator/evaluator/PlanEvaluator.evaluateMeasuredTrueMaskInPlace;org/weakref/nitro/operator/evaluator/PlanEvaluator.evaluateTrueMaskInPlace;org/weakref/nitro/operator/evaluator/PlanEvaluator.evaluateFalseMaskInPlace;org/weakref/nitro/operator/evaluator/PlanEvaluator.tryEvaluatePrimitiveFalseMaskInPlace;org/weakref/nitro/operator/evaluator/PlanEvaluator.tryEvaluatePrimitiveMaskInPlace;org/weakref/nitro/operator/evaluator/PlanEvaluator.resolveMaskPrimitiveInvocation;org/weakref/nitro/operator/evaluator/PlanEvaluator.evaluateArgument;org/weakref/nitro/operator/FilterOperator$1.resolve;org/weakref/nitro/operator/Output.borrowOrNull;org/weakref/nitro/operator/Output.borrow;org/weakref/nitro/operator/Output.borrow;org/weakref/nitro/operator/NitroParquetScanOperator$ScanOutputResolver$$Lambda.0x00000000630aab88.apply;org/weakref/nitro/operator/NitroParquetScanOperator$ScanOutputResolver.resolve;org/weakref/nitro/operator/NitroParquetScanOperator.resolveLazyColumn;org/weakref/nitro/operator/NitroParquetScanOperator.decodeFullColumn;org/weakref/nitro/parquet/ColumnReader.readBinary;org/weakref/nitro/parquet/ColumnReader.readBinaryDirect;org/weakref/nitro/parquet/ColumnReader.decodeNextDataPage;org/weakref/nitro/parquet/ColumnReader.decodeDataPageV1;org/weakref/nitro/parquet/ColumnReader.decodePlainBinary;org/weakref/nitro/parquet/ColumnReader.decodePlainBinaryPresized;org/weakref/nitro/parquet/ColumnReader.appendPlainEntryPresized;java/lang/foreign/MemorySegment.copy;jdk/internal/foreign/AbstractMemorySegmentImpl.copy;jdk/internal/foreign/AbstractMemorySegmentImpl.checkAccess;jdk/internal/foreign/AbstractMemorySegmentImpl.checkAccessBounds;jdk/internal/foreign/AbstractMemorySegmentImpl.checkBounds 2
java/lang/Thread.run;java/lang/Thread.runWith;java/util/concurrent/ThreadPoolExecutor$Worker.run;java/util/concurrent/ThreadPoolExecutor.runWorker;java/util/concurrent/FutureTask.run;java/util/concurrent/Executors$RunnableAdapter.call;java/util/concurrent/FutureTask.run;org/openjdk/jmh/runner/BenchmarkHandler$BenchmarkTask.call;org/openjdk/jmh/runner/BenchmarkHandler$BenchmarkTask.call;java/lang/reflect/Method.invoke;jdk/internal/reflect/DirectMethodHandleAccessor.invoke;jdk/internal/reflect/DirectMethodHandleAccessor.invokeImpl;java/lang/invoke/LambdaForm$MH.0x0000000063061400.invokeExact_MT;java/lang/invoke/LambdaForm$MH.0x0000000063061000.invoke;java/lang/invoke/DirectMethodHandle$Holder.invokeSpecial;org/weakref/nitro/clickbench/jmh_generated/BenchmarkQueries_query22_jmhTest.query22_AverageTime;org/weakref/nitro/clickbench/jmh_generated/BenchmarkQueries_query22_jmhTest.query22_avgt_jmhStub;org/weakref/nitro/clickbench/BenchmarkQueries.query22;org/weakref/nitro/clickbench/BenchmarkQueries.consume;org/weakref/nitro/operator/TopNOperator.next;org/weakref/nitro/operator/TopNOperator.computeTopN;org/weakref/nitro/operator/GroupedAggregationOperator.next;org/weakref/nitro/operator/GroupedAggregationOperator.computeResults;org/weakref/nitro/operator/GroupOperator.next;org/weakref/nitro/operator/FilterOperator.next;org/weakref/nitro/operator/evaluator/PlanEvaluator.evaluateInPlace;org/weakref/nitro/operator/evaluator/PlanEvaluator.evaluateTrueMaskInPlace;org/weakref/nitro/operator/evaluator/PlanEvaluator.evaluateAdaptiveAndTrueMaskInPlace;org/weakref/nitro/operator/evaluator/PlanEvaluator.evaluateMeasuredTrueMaskInPlace;org/weakref/nitro/operator/evaluator/PlanEvaluator.evaluateTrueMaskInPlace;org/weakref/nitro/operator/evaluator/PlanEvaluator.evaluateTrueReferenceMaskFallbackInPlace;org/weakref/nitro/operator/evaluator/PlanEvaluator.evaluate;org/weakref/nitro/operator/evaluator/PlanEvaluator.evaluateUnmemoized;org/weakref/nitro/operator/evaluator/PlanEvaluator.evaluateVariable;org/weakref/nitro/operator/evaluator/PlanEvaluator.evaluateCall;org/weakref/nitro/operator/evaluator/PlanEvaluator.evaluateArgument;org/weakref/nitro/operator/evaluator/PlanEvaluator.evaluate;org/weakref/nitro/operator/evaluator/PlanEvaluator.evaluateUnmemoized;org/weakref/nitro/operator/evaluator/PlanEvaluator.evaluateInput;org/weakref/nitro/operator/FilterOperator$1.resolve;org/weakref/nitro/operator/Output.borrowOrNull;org/weakref/nitro/operator/Output.borrow;org/weakref/nitro/operator/Output.borrow;org/weakref/nitro/operator/NitroParquetScanOperator$ScanOutputResolver$$Lambda.0x00000000630aab88.apply;org/weakref/nitro/operator/NitroParquetScanOperator$ScanOutputResolver.resolve;org/weakref/nitro/operator/NitroParquetScanOperator.resolveLazyColumn;org/weakref/nitro/operator/NitroParquetScanOperator.decodeFullColumn;org/weakref/nitro/parquet/ColumnReader.readBinary;org/weakref/nitro/parquet/ColumnReader.readBinaryDirect;org/weakref/nitro/parquet/ColumnReader.decodeNextDataPage;org/weakref/nitro/parquet/ColumnReader.decompress;io/airlift/compress/v3/snappy/SnappyNativeDecompressor.decompress;io/airlift/compress/v3/snappy/SnappyNative.decompress;io/airlift/compress/v3/snappy/SnappyNative.decompressInternal;java/lang/invoke/LambdaForm$MH.0x000000006311c400.invokeExact_MT;java/lang/invoke/LambdaForm$MH.0x0000000063134000.invoke;java/lang/invoke/LambdaForm$DMH.0x00000000630b1400.invokeStatic;jdk/internal/foreign/abi/DowncallStub.0x00000000630b1000.invoke;java/lang/invoke/LambdaForm$MH.0x000000006311d000.invokeExact_MT;java/lang/invoke/LambdaForm$MH.0x0000000063134400.invoke;nep_invoker_blob;snappy_uncompress;snappy::RawUncompress;snappy::RawUncompress;void snappy::SnappyDecompressor::DecompressAllTags<snappy::SnappyArrayWriter>;std::pair<unsigned char const*, long> snappy::DecompressBranchless<char*>;snappy::MemCopy64 1
/usr/lib/x86_64-linux-gnu/libc.so.6;/usr/lib/x86_64-linux-gnu/libc.so.6;thread_native_entry;Thread::call_run;JavaThread::thread_main_inner;CompileBroker::compiler_thread_loop;CompileBroker::invoke_compiler_on_method;C2Compiler::compile_method;Compile::Compile;Compile::Code_Gen;PhaseOutput::Output;G1BarrierSetC2::late_barrier_analysis;BarrierSetC2::compute_liveness_at_stubs 1
java/lang/Thread.run;java/lang/Thread.runWith;java/util/concurrent/ThreadPoolExecutor$Worker.run;java/util/concurrent/ThreadPoolExecutor.runWorker;java/util/concurrent/FutureTask.run;java/util/concurrent/Executors$RunnableAdapter.call;java/util/concurrent/FutureTask.run;org/openjdk/jmh/runner/BenchmarkHandler$BenchmarkTask.call;org/openjdk/jmh/runner/BenchmarkHandler$BenchmarkTask.call;java/lang/reflect/Method.invoke;jdk/internal/reflect/DirectMethodHandleAccessor.invoke;jdk/internal/reflect/DirectMethodHandleAccessor.invokeImpl;java/lang/invoke/LambdaForm$MH.0x0000000063061400.invokeExact_MT;java/lang/invoke/LambdaForm$MH.0x0000000063061000.invoke;java/lang/invoke/DirectMethodHandle$Holder.invokeSpecial;org/weakref/nitro/clickbench/jmh_generated/BenchmarkQueries_query22_jmhTest.query22_AverageTime;org/weakref/nitro/clickbench/jmh_generated/BenchmarkQueries_query22_jmhTest.query22_avgt_jmhStub;org/weakref/nitro/clickbench/BenchmarkQueries.query22;org/weakref/nitro/clickbench/BenchmarkQueries.consume;org/weakref/nitro/operator/TopNOperator.close;org/weakref/nitro/operator/GroupedAggregationOperator.close;org/weakref/nitro/operator/GroupOperator.close;org/weakref/nitro/operator/FilterOperator.close;org/weakref/nitro/operator/NitroParquetScanOperator.close;org/weakref/nitro/parquet/ParquetFile.close;jdk/internal/foreign/ArenaImpl.close;jdk/internal/foreign/MemorySessionImpl.close;jdk/internal/foreign/ConfinedSession$ConfinedResourceList.cleanup;jdk/internal/foreign/MemorySessionImpl$ResourceList.cleanupSingle;jdk/internal/foreign/SegmentFactories$2.cleanup;sun/nio/ch/FileChannelImpl$Unmapper.unmap;sun/nio/ch/UnixFileDispatcherImpl.unmap;sun/nio/ch/UnixFileDispatcherImpl.unmap0;Java_sun_nio_ch_UnixFileDispatcherImpl_unmap0;munmap;entry_SYSCALL_64_after_hwframe_[k];do_syscall_64_[k];x64_sys_call_[k];__x64_sys_munmap_[k];__vm_munmap_[k];do_vmi_munmap_[k];do_vmi_align_munmap_[k];vms_complete_munmap_vmas_[k];vms_clear_ptes_[k];unmap_vmas_[k];unmap_single_vma.isra.0_[k];unmap_page_range_[k];zap_pmd_range.isra.0_[k];zap_pte_range_[k];zap_present_ptes.constprop.0_[k] 1
java/lang/Thread.run;java/lang/Thread.runWith;java/util/concurrent/ThreadPoolExecutor$Worker.run;java/util/concurrent/ThreadPoolExecutor.runWorker;java/util/concurrent/FutureTask.run;java/util/concurrent/Executors$RunnableAdapter.call;java/util/concurrent/FutureTask.run;org/openjdk/jmh/runner/BenchmarkHandler$BenchmarkTask.call;org/openjdk/jmh/runner/BenchmarkHandler$BenchmarkTask.call;java/lang/reflect/Method.invoke;jdk/internal/reflect/DirectMethodHandleAccessor.invoke;jdk/internal/reflect/DirectMethodHandleAccessor.invokeImpl;java/lang/invoke/LambdaForm$MH.0x0000000063061400.invokeExact_MT;java/lang/invoke/LambdaForm$MH.0x0000000063061000.invoke;java/lang/invoke/DirectMethodHandle$Holder.invokeSpecial;org/weakref/nitro/clickbench/jmh_generated/BenchmarkQueries_query22_jmhTest.query22_AverageTime;org/weakref/nitro/clickbench/jmh_generated/BenchmarkQueries_query22_jmhTest.query22_avgt_jmhStub;org/weakref/nitro/clickbench/BenchmarkQueries.query22;org/weakref/nitro/clickbench/BenchmarkQueries.consume;org/weakref/nitro/operator/TopNOperator.next;org/weakref/nitro/operator/TopNOperator.computeTopN;org/weakref/nitro/operator/GroupedAggregationOperator.next;org/weakref/nitro/operator/GroupedAggregationOperator.computeResults;org/weakref/nitro/operator/GroupOperator.next;org/weakref/nitro/operator/FilterOperator.next;org/weakref/nitro/operator/evaluator/PlanEvaluator.evaluateInPlace;org/weakref/nitro/operator/evaluator/PlanEvaluator.evaluateTrueMaskInPlace;org/weakref/nitro/operator/evaluator/PlanEvaluator.evaluateAdaptiveAndTrueMaskInPlace;org/weakref/nitro/operator/evaluator/PlanEvaluator.evaluateMeasuredTrueMaskInPlace;org/weakref/nitro/operator/evaluator/PlanEvaluator.evaluateTrueMaskInPlace;org/weakref/nitro/operator/evaluator/PlanEvaluator.evaluateTrueReferenceMaskFallbackInPlace;org/weakref/nitro/operator/evaluator/PlanEvaluator.evaluate;org/weakref/nitro/operator/evaluator/PlanEvaluator.evaluateUnmemoized;org/weakref/nitro/operator/evaluator/PlanEvaluator.evaluateVariable;org/weakref/nitro/operator/evaluator/PlanEvaluator.evaluateCall;org/weakref/nitro/operator/evaluator/PlanEvaluator.evaluateArgument;org/weakref/nitro/operator/evaluator/PlanEvaluator.evaluate;org/weakref/nitro/operator/evaluator/PlanEvaluator.evaluateUnmemoized;org/weakref/nitro/operator/evaluator/PlanEvaluator.evaluateInput;org/weakref/nitro/operator/FilterOperator$1.resolve;org/weakref/nitro/operator/Output.borrowOrNull;org/weakref/nitro/operator/Output.borrow;org/weakref/nitro/operator/Output.borrow;org/weakref/nitro/operator/NitroParquetScanOperator$ScanOutputResolver$$Lambda.0x00000000630aab88.apply;org/weakref/nitro/operator/NitroParquetScanOperator$ScanOutputResolver.resolve;org/weakref/nitro/operator/NitroParquetScanOperator.resolveLazyColumn;org/weakref/nitro/operator/NitroParquetScanOperator.decodeFullColumn;org/weakref/nitro/parquet/ColumnReader.readBinary;org/weakref/nitro/parquet/ColumnReader.readBinaryDirect;org/weakref/nitro/parquet/ColumnReader.decodeNextDataPage;org/weakref/nitro/parquet/ColumnReader.decodeDataPageV1;org/weakref/nitro/parquet/ColumnReader.scatterDictionaryBinaryIds;jint_disjoint_arraycopy_stub 1
java/lang/Thread.run;java/lang/Thread.runWith;java/util/concurrent/ThreadPoolExecutor$Worker.run;java/util/concurrent/ThreadPoolExecutor.runWorker;java/util/concurrent/FutureTask.run;java/util/concurrent/Executors$RunnableAdapter.call;java/util/concurrent/FutureTask.run;org/openjdk/jmh/runner/BenchmarkHandler$BenchmarkTask.call;org/openjdk/jmh/runner/BenchmarkHandler$BenchmarkTask.call;java/lang/reflect/Method.invoke;jdk/internal/reflect/DirectMethodHandleAccessor.invoke;jdk/internal/reflect/DirectMethodHandleAccessor.invokeImpl;java/lang/invoke/LambdaForm$MH.0x0000000063061400.invokeExact_MT;java/lang/invoke/LambdaForm$MH.0x0000000063061000.invoke;java/lang/invoke/DirectMethodHandle$Holder.invokeSpecial;org/weakref/nitro/clickbench/jmh_generated/BenchmarkQueries_query22_jmhTest.query22_AverageTime;org/weakref/nitro/clickbench/jmh_generated/BenchmarkQueries_query22_jmhTest.query22_avgt_jmhStub;org/weakref/nitro/clickbench/BenchmarkQueries.query22;org/weakref/nitro/clickbench/BenchmarkQueries.consume;org/weakref/nitro/operator/TopNOperator.next;org/weakref/nitro/operator/TopNOperator.computeTopN;org/weakref/nitro/operator/GroupedAggregationOperator.next;org/weakref/nitro/operator/GroupedAggregationOperator.computeResults;org/weakref/nitro/operator/GroupOperator.next;org/weakref/nitro/operator/FilterOperator.next;org/weakref/nitro/operator/evaluator/PlanEvaluator.evaluateInPlace;org/weakref/nitro/operator/evaluator/PlanEvaluator.evaluateTrueMaskInPlace;org/weakref/nitro/operator/evaluator/PlanEvaluator.evaluateAdaptiveAndTrueMaskInPlace;org/weakref/nitro/operator/evaluator/PlanEvaluator.evaluateMeasuredTrueMaskInPlace;org/weakref/nitro/operator/evaluator/PlanEvaluator.evaluateTrueMaskInPlace;org/weakref/nitro/operator/evaluator/PlanEvaluator.evaluateTrueReferenceMaskFallbackInPlace;org/weakref/nitro/operator/evaluator/PlanEvaluator.evaluate;org/weakref/nitro/operator/evaluator/PlanEvaluator.evaluateUnmemoized;org/weakref/nitro/operator/evaluator/PlanEvaluator.evaluateVariable;org/weakref/nitro/operator/evaluator/PlanEvaluator.evaluateCall;org/weakref/nitro/operator/evaluator/PlanEvaluator.evaluateArgument;org/weakref/nitro/operator/evaluator/PlanEvaluator.evaluate;org/weakref/nitro/operator/evaluator/PlanEvaluator.evaluateUnmemoized;org/weakref/nitro/operator/evaluator/PlanEvaluator.evaluateInput;org/weakref/nitro/operator/FilterOperator$1.resolve;org/weakref/nitro/operator/Output.borrowOrNull;org/weakref/nitro/operator/Output.borrow;org/weakref/nitro/operator/Output.borrow;org/weakref/nitro/operator/NitroParquetScanOperator$ScanOutputResolver$$Lambda.0x00000000630aab88.apply;org/weakref/nitro/operator/NitroParquetScanOperator$ScanOutputResolver.resolve;org/weakref/nitro/operator/NitroParquetScanOperator.resolveLazyColumn;org/weakref/nitro/operator/NitroParquetScanOperator.decodeFullColumn;org/weakref/nitro/parquet/ColumnReader.readBinary;org/weakref/nitro/parquet/ColumnReader.readBinaryDirect;org/weakref/nitro/parquet/ColumnReader.decodeNextDataPage;org/weakref/nitro/parquet/ColumnReader.decodeDataPageV1;org/weakref/nitro/parquet/ColumnReader.decodePlainBinary;org/weakref/nitro/parquet/ColumnReader.decodePlainBinaryPresized;org/weakref/nitro/parquet/ColumnReader.appendPlainEntryPresized;java/lang/foreign/MemorySegment.copy;jdk/internal/foreign/AbstractMemorySegmentImpl.copy;jdk/internal/foreign/AbstractMemorySegmentImpl.checkAccess;jdk/internal/foreign/AbstractMemorySegmentImpl.checkAccessBounds;jdk/internal/foreign/AbstractMemorySegmentImpl.checkBounds 7
java/lang/Thread.run;java/lang/Thread.runWith;java/util/concurrent/ThreadPoolExecutor$Worker.run;java/util/concurrent/ThreadPoolExecutor.runWorker;java/util/concurrent/FutureTask.run;java/util/concurrent/Executors$RunnableAdapter.call;java/util/concurrent/FutureTask.run;org/openjdk/jmh/runner/BenchmarkHandler$BenchmarkTask.call;org/openjdk/jmh/runner/BenchmarkHandler$BenchmarkTask.call;java/lang/reflect/Method.invoke;jdk/internal/reflect/DirectMethodHandleAccessor.invoke;jdk/internal/reflect/DirectMethodHandleAccessor.invokeImpl;java/lang/invoke/LambdaForm$MH.0x0000000063061400.invokeExact_MT;java/lang/invoke/LambdaForm$MH.0x0000000063061000.invoke;java/lang/invoke/DirectMethodHandle$Holder.invokeSpecial;org/weakref/nitro/clickbench/jmh_generated/BenchmarkQueries_query22_jmhTest.query22_AverageTime;org/weakref/nitro/clickbench/jmh_generated/BenchmarkQueries_query22_jmhTest.query22_avgt_jmhStub;org/weakref/nitro/clickbench/BenchmarkQueries.query22;org/weakref/nitro/clickbench/BenchmarkQueries.consume;org/weakref/nitro/operator/TopNOperator.next;org/weakref/nitro/operator/TopNOperator.computeTopN;org/weakref/nitro/operator/GroupedAggregationOperator.next;org/weakref/nitro/operator/GroupedAggregationOperator.computeResults;org/weakref/nitro/operator/GroupOperator.next;org/weakref/nitro/operator/FilterOperator.next;org/weakref/nitro/operator/evaluator/PlanEvaluator.evaluateInPlace;org/weakref/nitro/operator/evaluator/PlanEvaluator.evaluateTrueMaskInPlace;org/weakref/nitro/operator/evaluator/PlanEvaluator.evaluateAdaptiveAndTrueMaskInPlace;org/weakref/nitro/operator/evaluator/PlanEvaluator.evaluateMeasuredTrueMaskInPlace;org/weakref/nitro/operator/evaluator/PlanEvaluator.evaluateTrueMaskInPlace;org/weakref/nitro/operator/evaluator/PlanEvaluator.evaluateTrueReferenceMaskFallbackInPlace;org/weakref/nitro/operator/evaluator/PlanEvaluator.evaluate;org/weakref/nitro/operator/evaluator/PlanEvaluator.evaluateUnmemoized;org/weakref/nitro/operator/evaluator/PlanEvaluator.evaluateVariable;org/weakref/nitro/operator/evaluator/PlanEvaluator.evaluateCall;org/weakref/nitro/operator/evaluator/PlanEvaluator.evaluateArgument;org/weakref/nitro/operator/evaluator/PlanEvaluator.evaluate;org/weakref/nitro/operator/evaluator/PlanEvaluator.evaluateUnmemoized;org/weakref/nitro/operator/evaluator/PlanEvaluator.evaluateInput;org/weakref/nitro/operator/FilterOperator$1.resolve;org/weakref/nitro/operator/Output.borrowOrNull;org/weakref/nitro/operator/Output.borrow;org/weakref/nitro/operator/Output.borrow;org/weakref/nitro/operator/NitroParquetScanOperator$ScanOutputResolver$$Lambda.0x00000000630aab88.apply;org/weakref/nitro/operator/NitroParquetScanOperator$ScanOutputResolver.resolve;org/weakref/nitro/operator/NitroParquetScanOperator.resolveLazyColumn;org/weakref/nitro/operator/NitroParquetScanOperator.decodeFullColumn;org/weakref/nitro/parquet/ColumnReader.readBinary;org/weakref/nitro/parquet/ColumnReader.readBinaryDirect;org/weakref/nitro/parquet/ColumnReader.decodeNextDataPage;org/weakref/nitro/parquet/ColumnReader.decompress;io/airlift/compress/v3/snappy/SnappyNativeDecompressor.decompress;io/airlift/compress/v3/snappy/SnappyNative.decompress;io/airlift/compress/v3/snappy/SnappyNative.decompressInternal;java/lang/invoke/LambdaForm$MH.0x000000006311c400.invokeExact_MT;java/lang/invoke/LambdaForm$MH.0x0000000063134000.invoke;java/lang/invoke/LambdaForm$DMH.0x00000000630b1400.invokeStatic;jdk/internal/foreign/abi/DowncallStub.0x00000000630b1000.invoke;java/lang/invoke/LambdaForm$MH.0x000000006311d000.invokeExact_MT;java/lang/invoke/LambdaForm$MH.0x0000000063134400.invoke;nep_invoker_blob;snappy_uncompress;snappy::RawUncompress;snappy::RawUncompress;void snappy::SnappyDecompressor::DecompressAllTags<snappy::SnappyArrayWriter>;std::pair<unsigned char const*, long> snappy::DecompressBranchless<char*>;snappy::MemCopy64;memmove@plt 1
/usr/lib/x86_64-linux-gnu/libc.so.6;/usr/lib/x86_64-linux-gnu/libc.so.6;thread_native_entry;Thread::call_run;JavaThread::thread_main_inner;CompileBroker::compiler_thread_loop;CompileBroker::invoke_compiler_on_method;C2Compiler::compile_method;Compile::Compile;Compile::Code_Gen;PhaseChaitin::Register_Allocate;PhaseChaitin::gather_lrg_masks;RegMask::is_vector 1
java/lang/Thread.run;java/lang/Thread.runWith;java/util/concurrent/ThreadPoolExecutor$Worker.run;java/util/concurrent/ThreadPoolExecutor.runWorker;java/util/concurrent/FutureTask.run;java/util/concurrent/Executors$RunnableAdapter.call;java/util/concurrent/FutureTask.run;org/openjdk/jmh/runner/BenchmarkHandler$BenchmarkTask.call;org/openjdk/jmh/runner/BenchmarkHandler$BenchmarkTask.call;java/lang/reflect/Method.invoke;jdk/internal/reflect/DirectMethodHandleAccessor.invoke;jdk/internal/reflect/DirectMethodHandleAccessor.invokeImpl;java/lang/invoke/LambdaForm$MH.0x0000000063061400.invokeExact_MT;java/lang/invoke/LambdaForm$MH.0x0000000063061000.invoke;java/lang/invoke/DirectMethodHandle$Holder.invokeSpecial;org/weakref/nitro/clickbench/jmh_generated/BenchmarkQueries_query22_jmhTest.query22_AverageTime;org/weakref/nitro/clickbench/jmh_generated/BenchmarkQueries_query22_jmhTest.query22_avgt_jmhStub;org/weakref/nitro/clickbench/BenchmarkQueries.query22;org/weakref/nitro/clickbench/BenchmarkQueries.consume;org/weakref/nitro/operator/TopNOperator.next;org/weakref/nitro/operator/TopNOperator.computeTopN;org/weakref/nitro/operator/GroupedAggregationOperator.next;org/weakref/nitro/operator/GroupedAggregationOperator.computeResults;org/weakref/nitro/operator/GroupOperator.next;org/weakref/nitro/operator/FilterOperator.next;org/weakref/nitro/operator/evaluator/PlanEvaluator.evaluateInPlace;org/weakref/nitro/operator/evaluator/PlanEvaluator.evaluateTrueMaskInPlace;org/weakref/nitro/operator/evaluator/PlanEvaluator.evaluateAdaptiveAndTrueMaskInPlace;org/weakref/nitro/operator/evaluator/PlanEvaluator.evaluateMeasuredTrueMaskInPlace;org/weakref/nitro/operator/evaluator/PlanEvaluator.evaluateTrueMaskInPlace;org/weakref/nitro/operator/evaluator/PlanEvaluator.evaluateTrueReferenceMaskFallbackInPlace;org/weakref/nitro/operator/evaluator/PlanEvaluator.evaluate;org/weakref/nitro/operator/evaluator/PlanEvaluator.evaluateUnmemoized;org/weakref/nitro/operator/evaluator/PlanEvaluator.evaluateVariable;org/weakref/nitro/operator/evaluator/PlanEvaluator.evaluateCall;org/weakref/nitro/operator/evaluator/PlanEvaluator.evaluateArgument;org/weakref/nitro/operator/evaluator/PlanEvaluator.evaluate;org/weakref/nitro/operator/evaluator/PlanEvaluator.evaluateUnmemoized;org/weakref/nitro/operator/evaluator/PlanEvaluator.evaluateInput;org/weakref/nitro/operator/FilterOperator$1.resolve;org/weakref/nitro/operator/Output.borrowOrNull;org/weakref/nitro/operator/Output.borrow;org/weakref/nitro/operator/Output.borrow;org/weakref/nitro/operator/NitroParquetScanOperator$ScanOutputResolver$$Lambda.0x00000000630aab88.apply;org/weakref/nitro/operator/NitroParquetScanOperator$ScanOutputResolver.resolve;org/weakref/nitro/operator/NitroParquetScanOperator.resolveLazyColumn;org/weakref/nitro/operator/NitroParquetScanOperator.decodeFullColumn;org/weakref/nitro/parquet/ColumnReader.readBinary;org/weakref/nitro/parquet/ColumnReader.readBinaryDirect;org/weakref/nitro/parquet/ColumnReader.decodeNextDataPage;org/weakref/nitro/parquet/ColumnReader.decompress;io/airlift/compress/v3/snappy/SnappyNativeDecompressor.decompress;io/airlift/compress/v3/snappy/SnappyNative.decompress;io/airlift/compress/v3/snappy/SnappyNative.decompressInternal;java/lang/invoke/LambdaForm$MH.0x000000006311c400.invokeExact_MT;java/lang/invoke/LambdaForm$MH.0x0000000063134000.invoke;java/lang/invoke/LambdaForm$DMH.0x00000000630b1400.invokeStatic;jdk/internal/foreign/abi/DowncallStub.0x00000000630b1000.invoke;java/lang/invoke/LambdaForm$MH.0x000000006311d000.invokeExact_MT;java/lang/invoke/LambdaForm$MH.0x0000000063134400.invoke;nep_invoker_blob;snappy_uncompress;snappy::RawUncompress;snappy::RawUncompress;void snappy::SnappyDecompressor::DecompressAllTags<snappy::SnappyArrayWriter>;/usr/lib/x86_64-linux-gnu/libc.so.6;asm_exc_page_fault_[k];exc_page_fault_[k];do_user_addr_fault_[k];handle_mm_fault_[k];__handle_mm_fault_[k];handle_pte_fault_[k];do_fault_[k];do_read_fault_[k];filemap_map_pages_[k];next_uptodate_folio_[k] 1
java/lang/Thread.run;java/lang/Thread.runWith;java/util/concurrent/ThreadPoolExecutor$Worker.run;java/util/concurrent/ThreadPoolExecutor.runWorker;java/util/concurrent/FutureTask.run;java/util/concurrent/Executors$RunnableAdapter.call;java/util/concurrent/FutureTask.run;org/openjdk/jmh/runner/BenchmarkHandler$BenchmarkTask.call;org/openjdk/jmh/runner/BenchmarkHandler$BenchmarkTask.call;java/lang/reflect/Method.invoke;jdk/internal/reflect/DirectMethodHandleAccessor.invoke;jdk/internal/reflect/DirectMethodHandleAccessor.invokeImpl;java/lang/invoke/LambdaForm$MH.0x0000000063061400.invokeExact_MT;java/lang/invoke/LambdaForm$MH.0x0000000063061000.invoke;java/lang/invoke/DirectMethodHandle$Holder.invokeSpecial;org/weakref/nitro/clickbench/jmh_generated/BenchmarkQueries_query22_jmhTest.query22_AverageTime;org/weakref/nitro/clickbench/jmh_generated/BenchmarkQueries_query22_jmhTest.query22_avgt_jmhStub;org/weakref/nitro/clickbench/BenchmarkQueries.query22;org/weakref/nitro/clickbench/BenchmarkQueries.consume;org/weakref/nitro/operator/TopNOperator.next;org/weakref/nitro/operator/TopNOperator.computeTopN;org/weakref/nitro/operator/GroupedAggregationOperator.next;org/weakref/nitro/operator/GroupedAggregationOperator.computeResults;org/weakref/nitro/operator/GroupOperator.next;org/weakref/nitro/operator/FilterOperator.next;org/weakref/nitro/operator/evaluator/PlanEvaluator.evaluateInPlace;org/weakref/nitro/operator/evaluator/PlanEvaluator.evaluateTrueMaskInPlace;org/weakref/nitro/operator/evaluator/PlanEvaluator.evaluateAdaptiveAndTrueMaskInPlace;org/weakref/nitro/operator/evaluator/PlanEvaluator.evaluateMeasuredTrueMaskInPlace;org/weakref/nitro/operator/evaluator/PlanEvaluator.evaluateTrueMaskInPlace;org/weakref/nitro/operator/evaluator/PlanEvaluator.evaluateFalseMaskInPlace;org/weakref/nitro/operator/evaluator/PlanEvaluator.tryEvaluatePrimitiveFalseMaskInPlace;org/weakref/nitro/operator/evaluator/PlanEvaluator.tryEvaluatePrimitiveMaskInPlace;org/weakref/nitro/operator/evaluator/PlanEvaluator.resolveMaskPrimitiveInvocation;org/weakref/nitro/operator/evaluator/PlanEvaluator.evaluateArgument;org/weakref/nitro/operator/FilterOperator$1.resolve;org/weakref/nitro/operator/Output.borrowOrNull;org/weakref/nitro/operator/Output.borrow;org/weakref/nitro/operator/Output.borrow;org/weakref/nitro/operator/NitroParquetScanOperator$ScanOutputResolver$$Lambda.0x00000000630aab88.apply;org/weakref/nitro/operator/NitroParquetScanOperator$ScanOutputResolver.resolve;org/weakref/nitro/operator/NitroParquetScanOperator.resolveLazyColumn;org/weakref/nitro/operator/NitroParquetScanOperator.decodeFullColumn;org/weakref/nitro/parquet/ColumnReader.readBinary;org/weakref/nitro/parquet/ColumnReader.readBinaryDirect;org/weakref/nitro/parquet/ColumnReader.decodeNextDataPage;org/weakref/nitro/parquet/ColumnReader.decompress;io/airlift/compress/v3/snappy/SnappyNativeDecompressor.decompress;io/airlift/compress/v3/snappy/SnappyNative.decompress;io/airlift/compress/v3/snappy/SnappyNative.decompressInternal;java/lang/invoke/LambdaForm$MH.0x000000006311c400.invokeExact_MT;java/lang/invoke/LambdaForm$MH.0x0000000063134000.invoke;java/lang/invoke/LambdaForm$DMH.0x00000000630b1400.invokeStatic;jdk/internal/foreign/abi/DowncallStub.0x00000000630b1000.invoke;java/lang/invoke/LambdaForm$MH.0x000000006311d000.invokeExact_MT;java/lang/invoke/LambdaForm$MH.0x0000000063134400.invoke;nep_invoker_blob;snappy_uncompress;snappy::RawUncompress;snappy::RawUncompress;void snappy::SnappyDecompressor::DecompressAllTags<snappy::SnappyArrayWriter>;std::pair<unsigned char const*, long> snappy::DecompressBranchless<char*>;snappy::DeferMemCopy 3
java/lang/Thread.run;java/lang/Thread.runWith;java/util/concurrent/ThreadPoolExecutor$Worker.run;java/util/concurrent/ThreadPoolExecutor.runWorker;java/util/concurrent/FutureTask.run;java/util/concurrent/Executors$RunnableAdapter.call;java/util/concurrent/FutureTask.run;org/openjdk/jmh/runner/BenchmarkHandler$BenchmarkTask.call;org/openjdk/jmh/runner/BenchmarkHandler$BenchmarkTask.call;java/lang/reflect/Method.invoke;jdk/internal/reflect/DirectMethodHandleAccessor.invoke;jdk/internal/reflect/DirectMethodHandleAccessor.invokeImpl;java/lang/invoke/LambdaForm$MH.0x0000000063061400.invokeExact_MT;java/lang/invoke/LambdaForm$MH.0x0000000063061000.invoke;java/lang/invoke/DirectMethodHandle$Holder.invokeSpecial;org/weakref/nitro/clickbench/jmh_generated/BenchmarkQueries_query22_jmhTest.query22_AverageTime;org/weakref/nitro/clickbench/jmh_generated/BenchmarkQueries_query22_jmhTest.query22_avgt_jmhStub;org/weakref/nitro/clickbench/BenchmarkQueries.query22;org/weakref/nitro/clickbench/BenchmarkQueries.consume;org/weakref/nitro/operator/TopNOperator.next;org/weakref/nitro/operator/TopNOperator.computeTopN;org/weakref/nitro/operator/GroupedAggregationOperator.next;org/weakref/nitro/operator/GroupedAggregationOperator.computeResults;org/weakref/nitro/operator/GroupOperator.next;org/weakref/nitro/operator/FilterOperator.next;org/weakref/nitro/operator/evaluator/PlanEvaluator.evaluateInPlace;org/weakref/nitro/operator/evaluator/PlanEvaluator.evaluateTrueMaskInPlace;org/weakref/nitro/operator/evaluator/PlanEvaluator.evaluateAdaptiveAndTrueMaskInPlace;org/weakref/nitro/operator/evaluator/PlanEvaluator.evaluateMeasuredTrueMaskInPlace;org/weakref/nitro/operator/evaluator/PlanEvaluator.evaluateTrueMaskInPlace;org/weakref/nitro/operator/evaluator/PlanEvaluator.evaluateFalseMaskInPlace;org/weakref/nitro/operator/evaluator/PlanEvaluator.tryEvaluatePrimitiveFalseMaskInPlace;org/weakref/nitro/operator/evaluator/PlanEvaluator.tryEvaluatePrimitiveMaskInPlace;org/weakref/nitro/function/scalar/builtin/EqualUtf8.tryEvaluateFalseMaskInPlace;org/weakref/nitro/function/scalar/builtin/Utf8BinaryDispatch.tryEvaluateEqualsFalseMaskInPlace;org/weakref/nitro/function/scalar/builtin/Utf8BinaryDispatch.tryEvaluateEqualsMaskInPlace;org/weakref/nitro/data/Mask.retainIf;org/weakref/nitro/function/scalar/builtin/Utf8BinaryDispatch$$Lambda.0x0000000063125f20.test;org/weakref/nitro/function/scalar/builtin/Utf8BinaryDispatch.lambda$tryEvaluateEqualsMaskInPlace$0;org/weakref/nitro/function/scalar/builtin/Utf8BinaryDispatch.isNull;org/weakref/nitro/function/scalar/builtin/VectorAccess$$Lambda.0x00000000631258b8.value;org/weakref/nitro/function/scalar/builtin/VectorAccess.lambda$booleanValues$1 3
java/lang/Thread.run;java/lang/Thread.runWith;java/util/concurrent/ThreadPoolExecutor$Worker.run;java/util/concurrent/ThreadPoolExecutor.runWorker;java/util/concurrent/FutureTask.run;java/util/concurrent/Executors$RunnableAdapter.call;java/util/concurrent/FutureTask.run;org/openjdk/jmh/runner/BenchmarkHandler$BenchmarkTask.call;org/openjdk/jmh/runner/BenchmarkHandler$BenchmarkTask.call;java/lang/reflect/Method.invoke;jdk/internal/reflect/DirectMethodHandleAccessor.invoke;jdk/internal/reflect/DirectMethodHandleAccessor.invokeImpl;java/lang/invoke/LambdaForm$MH.0x0000000063061400.invokeExact_MT;java/lang/invoke/LambdaForm$MH.0x0000000063061000.invoke;java/lang/invoke/DirectMethodHandle$Holder.invokeSpecial;org/weakref/nitro/clickbench/jmh_generated/BenchmarkQueries_query22_jmhTest.query22_AverageTime;org/weakref/nitro/clickbench/jmh_generated/BenchmarkQueries_query22_jmhTest.query22_avgt_jmhStub;org/weakref/nitro/clickbench/BenchmarkQueries.query22;org/weakref/nitro/clickbench/BenchmarkQueries.consume;org/weakref/nitro/operator/TopNOperator.next;org/weakref/nitro/operator/TopNOperator.computeTopN;org/weakref/nitro/operator/GroupedAggregationOperator.next;org/weakref/nitro/operator/GroupedAggregationOperator.computeResults;org/weakref/nitro/operator/GroupOperator.next;org/weakref/nitro/operator/FilterOperator.next;org/weakref/nitro/operator/evaluator/PlanEvaluator.evaluateInPlace;org/weakref/nitro/operator/evaluator/PlanEvaluator.evaluateTrueMaskInPlace;org/weakref/nitro/operator/evaluator/PlanEvaluator.evaluateAdaptiveAndTrueMaskInPlace;org/weakref/nitro/operator/evaluator/PlanEvaluator.evaluateMeasuredTrueMaskInPlace;org/weakref/nitro/operator/evaluator/PlanEvaluator.evaluateTrueMaskInPlace;org/weakref/nitro/operator/evaluator/PlanEvaluator.evaluateFalseMaskInPlace;org/weakref/nitro/operator/evaluator/PlanEvaluator.tryEvaluatePrimitiveFalseMaskInPlace;org/weakref/nitro/operator/evaluator/PlanEvaluator.tryEvaluatePrimitiveMaskInPlace;org/weakref/nitro/function/scalar/builtin/EqualUtf8.tryEvaluateFalseMaskInPlace;org/weakref/nitro/function/scalar/builtin/Utf8BinaryDispatch.tryEvaluateEqualsFalseMaskInPlace;org/weakref/nitro/function/scalar/builtin/Utf8BinaryDispatch.tryEvaluateEqualsMaskInPlace;org/weakref/nitro/function/scalar/builtin/Utf8BinaryDispatch.tryEvaluateInSetMaskInPlace;org/weakref/nitro/function/scalar/builtin/Utf8BinaryDispatch.tryRetainFlatPackedShortInSet 1
java/lang/Thread.run;java/lang/Thread.runWith;java/util/concurrent/ThreadPoolExecutor$Worker.run;java/util/concurrent/ThreadPoolExecutor.runWorker;java/util/concurrent/FutureTask.run;java/util/concurrent/Executors$RunnableAdapter.call;java/util/concurrent/FutureTask.run;org/openjdk/jmh/runner/BenchmarkHandler$BenchmarkTask.call;org/openjdk/jmh/runner/BenchmarkHandler$BenchmarkTask.call;java/lang/reflect/Method.invoke;jdk/internal/reflect/DirectMethodHandleAccessor.invoke;jdk/internal/reflect/DirectMethodHandleAccessor.invokeImpl;java/lang/invoke/LambdaForm$MH.0x0000000063061400.invokeExact_MT;java/lang/invoke/LambdaForm$MH.0x0000000063061000.invoke;java/lang/invoke/DirectMethodHandle$Holder.invokeSpecial;org/weakref/nitro/clickbench/jmh_generated/BenchmarkQueries_query22_jmhTest.query22_AverageTime;org/weakref/nitro/clickbench/jmh_generated/BenchmarkQueries_query22_jmhTest.query22_avgt_jmhStub;org/weakref/nitro/clickbench/BenchmarkQueries.query22;org/weakref/nitro/clickbench/BenchmarkQueries.consume;org/weakref/nitro/operator/TopNOperator.next;org/weakref/nitro/operator/TopNOperator.computeTopN;org/weakref/nitro/operator/GroupedAggregationOperator.next;org/weakref/nitro/operator/GroupedAggregationOperator.computeResults;org/weakref/nitro/operator/GroupOperator.next;org/weakref/nitro/operator/FilterOperator.next;org/weakref/nitro/operator/evaluator/PlanEvaluator.evaluateInPlace;org/weakref/nitro/operator/evaluator/PlanEvaluator.evaluateTrueMaskInPlace;org/weakref/nitro/operator/evaluator/PlanEvaluator.evaluateAdaptiveAndTrueMaskInPlace;org/weakref/nitro/operator/evaluator/PlanEvaluator.evaluateMeasuredTrueMaskInPlace;org/weakref/nitro/operator/evaluator/PlanEvaluator.evaluateTrueMaskInPlace;org/weakref/nitro/operator/evaluator/PlanEvaluator.evaluateTrueReferenceMaskFallbackInPlace;org/weakref/nitro/operator/evaluator/PlanEvaluator.evaluate;org/weakref/nitro/operator/evaluator/PlanEvaluator.evaluateUnmemoized;org/weakref/nitro/operator/evaluator/PlanEvaluator.evaluateVariable;org/weakref/nitro/operator/evaluator/PlanEvaluator.evaluateCall;org/weakref/nitro/operator/evaluator/PlanEvaluator.evaluateArgument;org/weakref/nitro/operator/evaluator/PlanEvaluator.evaluate;org/weakref/nitro/operator/evaluator/PlanEvaluator.evaluateUnmemoized;org/weakref/nitro/operator/evaluator/PlanEvaluator.evaluateInput;org/weakref/nitro/operator/FilterOperator$1.resolve;org/weakref/nitro/operator/Output.borrowOrNull;org/weakref/nitro/operator/Output.borrow;org/weakref/nitro/operator/Output.borrow;org/weakref/nitro/operator/NitroParquetScanOperator$ScanOutputResolver$$Lambda.0x00000000630aab88.apply;org/weakref/nitro/operator/NitroParquetScanOperator$ScanOutputResolver.resolve;org/weakref/nitro/operator/NitroParquetScanOperator.resolveLazyColumn;org/weakref/nitro/operator/NitroParquetScanOperator.decodeFullColumn;org/weakref/nitro/parquet/ColumnReader.readBinary;org/weakref/nitro/parquet/ColumnReader.readBinaryDirect;org/weakref/nitro/parquet/ColumnReader.decodeNextDataPage;org/weakref/nitro/parquet/ColumnReader.decompress;io/airlift/compress/v3/snappy/SnappyNativeDecompressor.decompress;io/airlift/compress/v3/snappy/SnappyNative.decompress;io/airlift/compress/v3/snappy/SnappyNative.decompressInternal;java/lang/invoke/LambdaForm$MH.0x000000006311c400.invokeExact_MT;java/lang/invoke/LambdaForm$MH.0x0000000063134000.invoke;java/lang/invoke/LambdaForm$DMH.0x00000000630b1400.invokeStatic;jdk/internal/foreign/abi/DowncallStub.0x00000000630b1000.invoke;java/lang/invoke/LambdaForm$MH.0x000000006311d000.invokeExact_MT;java/lang/invoke/LambdaForm$MH.0x0000000063134400.invoke;nep_invoker_blob;snappy_uncompress;snappy::RawUncompress;snappy::RawUncompress;void snappy::SnappyDecompressor::DecompressAllTags<snappy::SnappyArrayWriter>;std::pair<unsigned char const*, long> snappy::DecompressBranchless<char*>;snappy::MemCopy64;/usr/lib/x86_64-linux-gnu/libc.so.6 1
java/lang/Thread.run;java/lang/Thread.runWith;java/util/concurrent/ThreadPoolExecutor$Worker.run;java/util/concurrent/ThreadPoolExecutor.runWorker;java/util/concurrent/FutureTask.run;java/util/concurrent/Executors$RunnableAdapter.call;java/util/concurrent/FutureTask.run;org/openjdk/jmh/runner/BenchmarkHandler$BenchmarkTask.call;org/openjdk/jmh/runner/BenchmarkHandler$BenchmarkTask.call;java/lang/reflect/Method.invoke;jdk/internal/reflect/DirectMethodHandleAccessor.invoke;jdk/internal/reflect/DirectMethodHandleAccessor.invokeImpl;java/lang/invoke/LambdaForm$MH.0x0000000063061400.invokeExact_MT;java/lang/invoke/LambdaForm$MH.0x0000000063061000.invoke;java/lang/invoke/DirectMethodHandle$Holder.invokeSpecial;org/weakref/nitro/clickbench/jmh_generated/BenchmarkQueries_query22_jmhTest.query22_AverageTime;org/weakref/nitro/clickbench/jmh_generated/BenchmarkQueries_query22_jmhTest.query22_avgt_jmhStub;org/weakref/nitro/clickbench/BenchmarkQueries.query22;org/weakref/nitro/clickbench/BenchmarkQueries.consume;org/weakref/nitro/operator/TopNOperator.next;org/weakref/nitro/operator/TopNOperator.computeTopN;org/weakref/nitro/operator/GroupedAggregationOperator.next;org/weakref/nitro/operator/GroupedAggregationOperator.computeResults;org/weakref/nitro/operator/GroupOperator.next;org/weakref/nitro/operator/FilterOperator.next;org/weakref/nitro/operator/evaluator/PlanEvaluator.evaluateInPlace;org/weakref/nitro/operator/evaluator/PlanEvaluator.evaluateTrueMaskInPlace;org/weakref/nitro/operator/evaluator/PlanEvaluator.evaluateAdaptiveAndTrueMaskInPlace;org/weakref/nitro/operator/evaluator/PlanEvaluator.evaluateMeasuredTrueMaskInPlace;org/weakref/nitro/operator/evaluator/PlanEvaluator.evaluateTrueMaskInPlace;org/weakref/nitro/operator/evaluator/PlanEvaluator.evaluateFalseMaskInPlace;org/weakref/nitro/operator/evaluator/PlanEvaluator.tryEvaluatePrimitiveFalseMaskInPlace;org/weakref/nitro/operator/evaluator/PlanEvaluator.tryEvaluatePrimitiveMaskInPlace;org/weakref/nitro/operator/evaluator/PlanEvaluator.resolveMaskPrimitiveInvocation;org/weakref/nitro/operator/evaluator/PlanEvaluator.evaluateArgument;org/weakref/nitro/operator/FilterOperator$1.resolve;org/weakref/nitro/operator/Output.borrowOrNull;org/weakref/nitro/operator/Output.borrow;org/weakref/nitro/operator/Output.borrow;org/weakref/nitro/operator/NitroParquetScanOperator$ScanOutputResolver$$Lambda.0x00000000630aab88.apply;org/weakref/nitro/operator/NitroParquetScanOperator$ScanOutputResolver.resolve;org/weakref/nitro/operator/NitroParquetScanOperator.resolveLazyColumn;org/weakref/nitro/operator/NitroParquetScanOperator.decodeFullColumn;org/weakref/nitro/parquet/ColumnReader.readBinary;org/weakref/nitro/parquet/ColumnReader.readBinaryDirect;org/weakref/nitro/parquet/ColumnReader.decodeNextDataPage;org/weakref/nitro/parquet/ColumnReader.decodeDictionary 2
java/lang/Thread.run;java/lang/Thread.runWith;java/util/concurrent/ThreadPoolExecutor$Worker.run;java/util/concurrent/ThreadPoolExecutor.runWorker;java/util/concurrent/FutureTask.run;java/util/concurrent/Executors$RunnableAdapter.call;java/util/concurrent/FutureTask.run;org/openjdk/jmh/runner/BenchmarkHandler$BenchmarkTask.call;org/openjdk/jmh/runner/BenchmarkHandler$BenchmarkTask.call;java/lang/reflect/Method.invoke;jdk/internal/reflect/DirectMethodHandleAccessor.invoke;jdk/internal/reflect/DirectMethodHandleAccessor.invokeImpl;java/lang/invoke/LambdaForm$MH.0x0000000063061400.invokeExact_MT;java/lang/invoke/LambdaForm$MH.0x0000000063061000.invoke;java/lang/invoke/DirectMethodHandle$Holder.invokeSpecial;org/weakref/nitro/clickbench/jmh_generated/BenchmarkQueries_query22_jmhTest.query22_AverageTime;org/weakref/nitro/clickbench/jmh_generated/BenchmarkQueries_query22_jmhTest.query22_avgt_jmhStub;org/weakref/nitro/clickbench/BenchmarkQueries.query22;org/weakref/nitro/clickbench/BenchmarkQueries.consume;org/weakref/nitro/operator/TopNOperator.next;org/weakref/nitro/operator/TopNOperator.computeTopN;org/weakref/nitro/operator/GroupedAggregationOperator.next;org/weakref/nitro/operator/GroupedAggregationOperator.computeResults;org/weakref/nitro/operator/GroupOperator.next;org/weakref/nitro/operator/FilterOperator.next;org/weakref/nitro/operator/evaluator/PlanEvaluator.evaluateInPlace;org/weakref/nitro/operator/evaluator/PlanEvaluator.evaluateTrueMaskInPlace;org/weakref/nitro/operator/evaluator/PlanEvaluator.evaluateAdaptiveAndTrueMaskInPlace;org/weakref/nitro/operator/evaluator/PlanEvaluator.evaluateMeasuredTrueMaskInPlace;org/weakref/nitro/operator/evaluator/PlanEvaluator.evaluateTrueMaskInPlace;org/weakref/nitro/operator/evaluator/PlanEvaluator.evaluateTrueReferenceMaskFallbackInPlace;org/weakref/nitro/operator/evaluator/PlanEvaluator.evaluate;org/weakref/nitro/operator/evaluator/PlanEvaluator.evaluateUnmemoized;org/weakref/nitro/operator/evaluator/PlanEvaluator.evaluateVariable;org/weakref/nitro/operator/evaluator/PlanEvaluator.evaluateCall;org/weakref/nitro/operator/evaluator/PlanEvaluator.evaluateArgument;org/weakref/nitro/operator/evaluator/PlanEvaluator.evaluate;org/weakref/nitro/operator/evaluator/PlanEvaluator.evaluateUnmemoized;org/weakref/nitro/operator/evaluator/PlanEvaluator.evaluateInput;org/weakref/nitro/operator/FilterOperator$1.resolve;org/weakref/nitro/operator/Output.borrowOrNull;org/weakref/nitro/operator/Output.borrow;org/weakref/nitro/operator/Output.borrow;org/weakref/nitro/operator/NitroParquetScanOperator$ScanOutputResolver$$Lambda.0x00000000630aab88.apply;org/weakref/nitro/operator/NitroParquetScanOperator$ScanOutputResolver.resolve;org/weakref/nitro/operator/NitroParquetScanOperator.resolveLazyColumn;org/weakref/nitro/operator/NitroParquetScanOperator.decodeFullColumn;org/weakref/nitro/parquet/ColumnReader.readBinary;org/weakref/nitro/parquet/ColumnReader.readBinaryDirect;org/weakref/nitro/parquet/ColumnReader.decodeNextDataPage;org/weakref/nitro/parquet/ColumnReader.decompress;io/airlift/compress/v3/snappy/SnappyNativeDecompressor.decompress;io/airlift/compress/v3/snappy/SnappyNative.decompress;io/airlift/compress/v3/snappy/SnappyNative.decompressInternal;java/lang/invoke/LambdaForm$MH.0x000000006311c400.invokeExact_MT;java/lang/invoke/LambdaForm$MH.0x0000000063134000.invoke;java/lang/invoke/LambdaForm$DMH.0x00000000630b1400.invokeStatic;jdk/internal/foreign/abi/DowncallStub.0x00000000630b1000.invoke;java/lang/invoke/LambdaForm$MH.0x000000006311d000.invokeExact_MT;java/lang/invoke/LambdaForm$MH.0x0000000063134400.invoke;nep_invoker_blob;snappy_uncompress;snappy::RawUncompress;snappy::RawUncompress;void snappy::SnappyDecompressor::DecompressAllTags<snappy::SnappyArrayWriter>;std::pair<unsigned char const*, long> snappy::DecompressBranchless<char*>;asm_exc_page_fault_[k];exc_page_fault_[k];do_user_addr_fault_[k];handle_mm_fault_[k];__handle_mm_fault_[k];handle_pte_fault_[k];do_fault_[k];do_read_fault_[k];percpu_counter_add_batch_[k] 1
java/lang/Thread.run;java/lang/Thread.runWith;java/util/concurrent/ThreadPoolExecutor$Worker.run;java/util/concurrent/ThreadPoolExecutor.runWorker;java/util/concurrent/FutureTask.run;java/util/concurrent/Executors$RunnableAdapter.call;java/util/concurrent/FutureTask.run;org/openjdk/jmh/runner/BenchmarkHandler$BenchmarkTask.call;org/openjdk/jmh/runner/BenchmarkHandler$BenchmarkTask.call;java/lang/reflect/Method.invoke;jdk/internal/reflect/DirectMethodHandleAccessor.invoke;jdk/internal/reflect/DirectMethodHandleAccessor.invokeImpl;java/lang/invoke/LambdaForm$MH.0x0000000063061400.invokeExact_MT;java/lang/invoke/LambdaForm$MH.0x0000000063061000.invoke;java/lang/invoke/DirectMethodHandle$Holder.invokeSpecial;org/weakref/nitro/clickbench/jmh_generated/BenchmarkQueries_query22_jmhTest.query22_AverageTime;org/weakref/nitro/clickbench/jmh_generated/BenchmarkQueries_query22_jmhTest.query22_avgt_jmhStub;org/weakref/nitro/clickbench/BenchmarkQueries.query22;org/weakref/nitro/clickbench/BenchmarkQueries.consume;org/weakref/nitro/operator/TopNOperator.close;org/weakref/nitro/operator/GroupedAggregationOperator.close;org/weakref/nitro/operator/GroupOperator.close;org/weakref/nitro/operator/FilterOperator.close;org/weakref/nitro/operator/NitroParquetScanOperator.close;org/weakref/nitro/parquet/ParquetFile.close;jdk/internal/foreign/ArenaImpl.close;jdk/internal/foreign/MemorySessionImpl.close;jdk/internal/foreign/ConfinedSession$ConfinedResourceList.cleanup;jdk/internal/foreign/MemorySessionImpl$ResourceList.cleanupSingle;jdk/internal/foreign/SegmentFactories$2.cleanup;sun/nio/ch/FileChannelImpl$Unmapper.unmap;sun/nio/ch/UnixFileDispatcherImpl.unmap;sun/nio/ch/UnixFileDispatcherImpl.unmap0;Java_sun_nio_ch_UnixFileDispatcherImpl_unmap0;munmap;entry_SYSCALL_64_after_hwframe_[k];do_syscall_64_[k];x64_sys_call_[k];__x64_sys_munmap_[k];__vm_munmap_[k];do_vmi_munmap_[k];do_vmi_align_munmap_[k];vms_complete_munmap_vmas_[k];vms_clear_ptes_[k];unmap_vmas_[k];unmap_single_vma.isra.0_[k];unmap_page_range_[k];zap_pmd_range.isra.0_[k];zap_pte_range_[k];zap_present_ptes.constprop.0_[k] 2
java/lang/Thread.run;java/lang/Thread.runWith;java/util/concurrent/ThreadPoolExecutor$Worker.run;java/util/concurrent/ThreadPoolExecutor.runWorker;java/util/concurrent/FutureTask.run;java/util/concurrent/Executors$RunnableAdapter.call;java/util/concurrent/FutureTask.run;org/openjdk/jmh/runner/BenchmarkHandler$BenchmarkTask.call;org/openjdk/jmh/runner/BenchmarkHandler$BenchmarkTask.call;java/lang/reflect/Method.invoke;jdk/internal/reflect/DirectMethodHandleAccessor.invoke;jdk/internal/reflect/DirectMethodHandleAccessor.invokeImpl;java/lang/invoke/LambdaForm$MH.0x0000000063061400.invokeExact_MT;java/lang/invoke/LambdaForm$MH.0x0000000063061000.invoke;java/lang/invoke/DirectMethodHandle$Holder.invokeSpecial;org/weakref/nitro/clickbench/jmh_generated/BenchmarkQueries_query22_jmhTest.query22_AverageTime;org/weakref/nitro/clickbench/jmh_generated/BenchmarkQueries_query22_jmhTest.query22_avgt_jmhStub;org/weakref/nitro/clickbench/BenchmarkQueries.query22;org/weakref/nitro/clickbench/ClickBenchHitsSupport.query22;org/weakref/nitro/clickbench/ClickBenchHitsSupport.clickBenchScan;org/weakref/nitro/operator/NitroParquetScanOperator.<init>;java/util/stream/ReferencePipeline.toArray;java/util/stream/AbstractPipeline.evaluateToArrayNode;java/util/stream/AbstractPipeline.evaluate;java/util/stream/AbstractPipeline.wrapAndCopyInto;java/util/stream/AbstractPipeline.copyInto;java/util/AbstractList$RandomAccessSpliterator.forEachRemaining;java/util/stream/ReferencePipeline$3$1.accept;org/weakref/nitro/operator/NitroParquetScanOperator$$Lambda.0x00000000630837a8.apply;org/weakref/nitro/parquet/ParquetFile.open;org/weakref/nitro/parquet/ParquetFile.<init>;org/apache/parquet/format/Util.readFileMetaData;org/apache/parquet/format/Util.readFileMetaData;org/apache/parquet/format/Util.read;org/apache/parquet/format/FileMetaData.read;org/apache/parquet/format/FileMetaData$FileMetaDataStandardScheme.read;org/apache/parquet/format/FileMetaData$FileMetaDataStandardScheme.read;org/apache/parquet/format/RowGroup.read;org/apache/parquet/format/RowGroup$RowGroupStandardScheme.read;org/apache/parquet/format/RowGroup$RowGroupStandardScheme.read;org/apache/parquet/format/ColumnChunk.read;org/apache/parquet/format/ColumnChunk$ColumnChunkStandardScheme.read;org/apache/parquet/format/ColumnChunk$ColumnChunkStandardScheme.read;org/apache/parquet/format/ColumnMetaData.read;org/apache/parquet/format/ColumnMetaData$ColumnMetaDataStandardScheme.read;org/apache/parquet/format/ColumnMetaData$ColumnMetaDataStandardScheme.read 1
java/lang/Thread.run;java/lang/Thread.runWith;java/util/concurrent/ThreadPoolExecutor$Worker.run;java/util/concurrent/ThreadPoolExecutor.runWorker;java/util/concurrent/FutureTask.run;java/util/concurrent/Executors$RunnableAdapter.call;java/util/concurrent/FutureTask.run;org/openjdk/jmh/runner/BenchmarkHandler$BenchmarkTask.call;org/openjdk/jmh/runner/BenchmarkHandler$BenchmarkTask.call;java/lang/reflect/Method.invoke;jdk/internal/reflect/DirectMethodHandleAccessor.invoke;jdk/internal/reflect/DirectMethodHandleAccessor.invokeImpl;java/lang/invoke/LambdaForm$MH.0x0000000063061400.invokeExact_MT;java/lang/invoke/LambdaForm$MH.0x0000000063061000.invoke;java/lang/invoke/DirectMethodHandle$Holder.invokeSpecial;org/weakref/nitro/clickbench/jmh_generated/BenchmarkQueries_query22_jmhTest.query22_AverageTime;org/weakref/nitro/clickbench/jmh_generated/BenchmarkQueries_query22_jmhTest.query22_avgt_jmhStub;org/weakref/nitro/clickbench/BenchmarkQueries.query22;org/weakref/nitro/clickbench/BenchmarkQueries.consume;org/weakref/nitro/operator/TopNOperator.next;org/weakref/nitro/operator/TopNOperator.computeTopN;org/weakref/nitro/operator/GroupedAggregationOperator.next;org/weakref/nitro/operator/GroupedAggregationOperator.computeResults;org/weakref/nitro/operator/GroupOperator.next;org/weakref/nitro/operator/FilterOperator.next;org/weakref/nitro/operator/evaluator/PlanEvaluator.evaluateInPlace;org/weakref/nitro/operator/evaluator/PlanEvaluator.evaluateTrueMaskInPlace;org/weakref/nitro/operator/evaluator/PlanEvaluator.evaluateAdaptiveAndTrueMaskInPlace;org/weakref/nitro/operator/evaluator/PlanEvaluator.evaluateMeasuredTrueMaskInPlace;org/weakref/nitro/operator/evaluator/PlanEvaluator.evaluateTrueMaskInPlace;org/weakref/nitro/operator/evaluator/PlanEvaluator.evaluateTrueReferenceMaskFallbackInPlace;org/weakref/nitro/operator/evaluator/PlanEvaluator.evaluate;org/weakref/nitro/operator/evaluator/PlanEvaluator.evaluateUnmemoized;org/weakref/nitro/operator/evaluator/PlanEvaluator.evaluateVariable;org/weakref/nitro/operator/evaluator/PlanEvaluator.evaluateCall;org/weakref/nitro/operator/evaluator/PlanEvaluator.evaluateArgument;org/weakref/nitro/operator/evaluator/PlanEvaluator.evaluate;org/weakref/nitro/operator/evaluator/PlanEvaluator.evaluateUnmemoized;org/weakref/nitro/operator/evaluator/PlanEvaluator.evaluateInput;org/weakref/nitro/operator/FilterOperator$1.resolve;org/weakref/nitro/operator/Output.borrowOrNull;org/weakref/nitro/operator/Output.borrow;org/weakref/nitro/operator/Output.borrow;org/weakref/nitro/operator/NitroParquetScanOperator$ScanOutputResolver$$Lambda.0x00000000630aab88.apply;org/weakref/nitro/operator/NitroParquetScanOperator$ScanOutputResolver.resolve;org/weakref/nitro/operator/NitroParquetScanOperator.resolveLazyColumn;org/weakref/nitro/operator/NitroParquetScanOperator.decodeFullColumn;org/weakref/nitro/parquet/ColumnReader.readBinary;org/weakref/nitro/parquet/ColumnReader.readBinaryDirect 1
java/lang/Thread.run;java/lang/Thread.runWith;java/util/concurrent/ThreadPoolExecutor$Worker.run;java/util/concurrent/ThreadPoolExecutor.runWorker;java/util/concurrent/FutureTask.run;java/util/concurrent/Executors$RunnableAdapter.call;java/util/concurrent/FutureTask.run;org/openjdk/jmh/runner/BenchmarkHandler$BenchmarkTask.call;org/openjdk/jmh/runner/BenchmarkHandler$BenchmarkTask.call;java/lang/reflect/Method.invoke;jdk/internal/reflect/DirectMethodHandleAccessor.invoke;jdk/internal/reflect/DirectMethodHandleAccessor.invokeImpl;java/lang/invoke/LambdaForm$MH.0x0000000063061400.invokeExact_MT;java/lang/invoke/LambdaForm$MH.0x0000000063061000.invoke;java/lang/invoke/DirectMethodHandle$Holder.invokeSpecial;org/weakref/nitro/clickbench/jmh_generated/BenchmarkQueries_query22_jmhTest.query22_AverageTime;org/weakref/nitro/clickbench/jmh_generated/BenchmarkQueries_query22_jmhTest.query22_avgt_jmhStub;org/weakref/nitro/clickbench/BenchmarkQueries.query22;org/weakref/nitro/clickbench/BenchmarkQueries.consume;org/weakref/nitro/operator/TopNOperator.next;org/weakref/nitro/operator/TopNOperator.computeTopN;org/weakref/nitro/operator/GroupedAggregationOperator.next;org/weakref/nitro/operator/GroupedAggregationOperator.computeResults;org/weakref/nitro/operator/GroupOperator.next;org/weakref/nitro/operator/FilterOperator.next;org/weakref/nitro/operator/evaluator/PlanEvaluator.evaluateInPlace;org/weakref/nitro/operator/evaluator/PlanEvaluator.evaluateTrueMaskInPlace;org/weakref/nitro/operator/evaluator/PlanEvaluator.evaluateAdaptiveAndTrueMaskInPlace;org/weakref/nitro/operator/evaluator/PlanEvaluator.evaluateMeasuredTrueMaskInPlace;org/weakref/nitro/operator/evaluator/PlanEvaluator.evaluateTrueMaskInPlace;org/weakref/nitro/operator/evaluator/PlanEvaluator.evaluateFalseMaskInPlace;org/weakref/nitro/operator/evaluator/PlanEvaluator.tryEvaluatePrimitiveFalseMaskInPlace;org/weakref/nitro/operator/evaluator/PlanEvaluator.tryEvaluatePrimitiveMaskInPlace;org/weakref/nitro/function/scalar/builtin/EqualUtf8.tryEvaluateFalseMaskInPlace;org/weakref/nitro/function/scalar/builtin/Utf8BinaryDispatch.tryEvaluateEqualsFalseMaskInPlace;org/weakref/nitro/function/scalar/builtin/Utf8BinaryDispatch.tryEvaluateEqualsMaskInPlace;org/weakref/nitro/function/scalar/builtin/Utf8BinaryDispatch.hasUtf8Traits;java/lang/invoke/Invokers$Holder.linkToTargetMethod;java/lang/invoke/DirectMethodHandle$Holder.invokeStatic;org/weakref/nitro/function/scalar/builtin/Utf8BinaryDispatch$$TypeSwitch.0x0000000063125ae8.typeSwitch 1
java/lang/Thread.run;java/lang/Thread.runWith;java/util/concurrent/ThreadPoolExecutor$Worker.run;java/util/concurrent/ThreadPoolExecutor.runWorker;java/util/concurrent/FutureTask.run;java/util/concurrent/Executors$RunnableAdapter.call;java/util/concurrent/FutureTask.run;org/openjdk/jmh/runner/BenchmarkHandler$BenchmarkTask.call;org/openjdk/jmh/runner/BenchmarkHandler$BenchmarkTask.call;java/lang/reflect/Method.invoke;jdk/internal/reflect/DirectMethodHandleAccessor.invoke;jdk/internal/reflect/DirectMethodHandleAccessor.invokeImpl;java/lang/invoke/LambdaForm$MH.0x0000000063061400.invokeExact_MT;java/lang/invoke/LambdaForm$MH.0x0000000063061000.invoke;java/lang/invoke/DirectMethodHandle$Holder.invokeSpecial;org/weakref/nitro/clickbench/jmh_generated/BenchmarkQueries_query22_jmhTest.query22_AverageTime;org/weakref/nitro/clickbench/jmh_generated/BenchmarkQueries_query22_jmhTest.query22_avgt_jmhStub;org/weakref/nitro/clickbench/BenchmarkQueries.query22;org/weakref/nitro/clickbench/BenchmarkQueries.consume;org/weakref/nitro/operator/TopNOperator.next;org/weakref/nitro/operator/TopNOperator.computeTopN;org/weakref/nitro/operator/GroupedAggregationOperator.next;org/weakref/nitro/operator/GroupedAggregationOperator.computeResults;org/weakref/nitro/operator/GroupOperator.next;org/weakref/nitro/operator/FilterOperator.next;org/weakref/nitro/operator/evaluator/PlanEvaluator.evaluateInPlace;org/weakref/nitro/operator/evaluator/PlanEvaluator.evaluateTrueMaskInPlace;org/weakref/nitro/operator/evaluator/PlanEvaluator.evaluateAdaptiveAndTrueMaskInPlace;org/weakref/nitro/operator/evaluator/PlanEvaluator.evaluateMeasuredTrueMaskInPlace;org/weakref/nitro/operator/evaluator/PlanEvaluator.evaluateTrueMaskInPlace;org/weakref/nitro/operator/evaluator/PlanEvaluator.evaluateTrueReferenceMaskFallbackInPlace;org/weakref/nitro/operator/evaluator/PlanEvaluator.optionalBooleanStream;org/weakref/nitro/operator/evaluator/PlanEvaluator.evaluate;org/weakref/nitro/operator/evaluator/PlanEvaluator.evaluateUnmemoized;org/weakref/nitro/operator/evaluator/PlanEvaluator.evaluateVariable;org/weakref/nitro/operator/evaluator/PlanEvaluator.evaluateCall;org/weakref/nitro/function/scalar/builtin/ContainsUtf8.apply;org/weakref/nitro/function/scalar/builtin/Utf8BinaryDispatch.applyContains;org/weakref/nitro/function/scalar/builtin/Utf8BinaryDispatch.apply;org/weakref/nitro/function/scalar/builtin/Utf8BinaryDispatch.applyNulls 1
java/lang/Thread.run;java/lang/Thread.runWith;java/util/concurrent/ThreadPoolExecutor$Worker.run;java/util/concurrent/ThreadPoolExecutor.runWorker;java/util/concurrent/FutureTask.run;java/util/concurrent/Executors$RunnableAdapter.call;java/util/concurrent/FutureTask.run;org/openjdk/jmh/runner/BenchmarkHandler$BenchmarkTask.call;org/openjdk/jmh/runner/BenchmarkHandler$BenchmarkTask.call;java/lang/reflect/Method.invoke;jdk/internal/reflect/DirectMethodHandleAccessor.invoke;jdk/internal/reflect/DirectMethodHandleAccessor.invokeImpl;java/lang/invoke/LambdaForm$MH.0x0000000063061400.invokeExact_MT;java/lang/invoke/LambdaForm$MH.0x0000000063061000.invoke;java/lang/invoke/DirectMethodHandle$Holder.invokeSpecial;org/weakref/nitro/clickbench/jmh_generated/BenchmarkQueries_query22_jmhTest.query22_AverageTime;org/weakref/nitro/clickbench/jmh_generated/BenchmarkQueries_query22_jmhTest.query22_avgt_jmhStub;org/weakref/nitro/clickbench/BenchmarkQueries.query22;org/weakref/nitro/clickbench/BenchmarkQueries.consume;org/weakref/nitro/operator/TopNOperator.next;org/weakref/nitro/operator/TopNOperator.computeTopN;org/weakref/nitro/operator/GroupedAggregationOperator.next;org/weakref/nitro/operator/GroupedAggregationOperator.computeResults;org/weakref/nitro/operator/GroupOperator.next;org/weakref/nitro/operator/FilterOperator.next;org/weakref/nitro/operator/evaluator/PlanEvaluator.evaluateInPlace;org/weakref/nitro/operator/evaluator/PlanEvaluator.evaluateTrueMaskInPlace;org/weakref/nitro/operator/evaluator/PlanEvaluator.evaluateAdaptiveAndTrueMaskInPlace;org/weakref/nitro/operator/evaluator/PlanEvaluator.evaluateMeasuredTrueMaskInPlace;org/weakref/nitro/operator/evaluator/PlanEvaluator.evaluateTrueMaskInPlace;org/weakref/nitro/operator/evaluator/PlanEvaluator.evaluateFalseMaskInPlace;org/weakref/nitro/operator/evaluator/PlanEvaluator.tryEvaluatePrimitiveFalseMaskInPlace;org/weakref/nitro/operator/evaluator/PlanEvaluator.tryEvaluatePrimitiveMaskInPlace;org/weakref/nitro/operator/evaluator/PlanEvaluator.resolveMaskPrimitiveInvocation;org/weakref/nitro/operator/evaluator/PlanEvaluator.evaluateArgument;org/weakref/nitro/operator/FilterOperator$1.resolve;org/weakref/nitro/operator/Output.borrowOrNull;org/weakref/nitro/operator/Output.borrow;org/weakref/nitro/operator/Output.borrow;org/weakref/nitro/operator/NitroParquetScanOperator$ScanOutputResolver$$Lambda.0x00000000630aab88.apply;org/weakref/nitro/operator/NitroParquetScanOperator$ScanOutputResolver.resolve;org/weakref/nitro/operator/NitroParquetScanOperator.resolveLazyColumn;org/weakref/nitro/operator/NitroParquetScanOperator.decodeFullColumn;org/weakref/nitro/parquet/ColumnReader.readBinary;org/weakref/nitro/parquet/ColumnReader.readBinaryDirect;org/weakref/nitro/parquet/ColumnReader.decodeNextDataPage;org/weakref/nitro/parquet/ColumnReader.decompress;io/airlift/compress/v3/snappy/SnappyNativeDecompressor.decompress;io/airlift/compress/v3/snappy/SnappyNative.decompress;io/airlift/compress/v3/snappy/SnappyNative.decompressInternal;java/lang/invoke/LambdaForm$MH.0x000000006311c400.invokeExact_MT;java/lang/invoke/LambdaForm$MH.0x0000000063134000.invoke;java/lang/invoke/LambdaForm$DMH.0x00000000630b1400.invokeStatic;jdk/internal/foreign/abi/DowncallStub.0x00000000630b1000.invoke;java/lang/invoke/LambdaForm$MH.0x000000006311d000.invokeExact_MT;java/lang/invoke/LambdaForm$MH.0x0000000063134400.invoke;nep_invoker_blob;snappy_uncompress;snappy::RawUncompress;snappy::RawUncompress;void snappy::SnappyDecompressor::DecompressAllTags<snappy::SnappyArrayWriter>;std::pair<unsigned char const*, long> snappy::DecompressBranchless<char*>;asm_exc_page_fault_[k];exc_page_fault_[k];do_user_addr_fault_[k];handle_mm_fault_[k];__handle_mm_fault_[k];handle_pte_fault_[k];do_fault_[k];do_read_fault_[k];filemap_map_pages_[k];next_uptodate_folio_[k] 1
/usr/lib/x86_64-linux-gnu/libc.so.6;/usr/lib/x86_64-linux-gnu/libc.so.6;thread_native_entry;Thread::call_run;JavaThread::thread_main_inner;CompileBroker::compiler_thread_loop;CompileBroker::invoke_compiler_on_method;C2Compiler::compile_method;Compile::Compile;Compile::Optimize;Compile::optimize_loops;PhaseIdealLoop::build_and_optimize;PhaseIdealLoop::split_if_with_blocks;PhaseIdealLoop::split_if_with_blocks_pre;PhaseIdealLoop::remix_address_expressions;PhaseIdealLoop::get_ctrl 1
/usr/lib/x86_64-linux-gnu/libc.so.6;/usr/lib/x86_64-linux-gnu/libc.so.6;thread_native_entry;Thread::call_run;JavaThread::thread_main_inner;CompileBroker::compiler_thread_loop;CompileBroker::invoke_compiler_on_method;C2Compiler::compile_method;Compile::Compile;Compile::Optimize;PhaseIterGVN::optimize;PhaseIterGVN::transform_old;PhiNode::Ideal;PhiNode::is_data_loop;PhiNode::is_unsafe_data_reference;Node::is_dead_loop_safe 2
java/lang/Thread.run;java/lang/Thread.runWith;java/util/concurrent/ThreadPoolExecutor$Worker.run;java/util/concurrent/ThreadPoolExecutor.runWorker;java/util/concurrent/FutureTask.run;java/util/concurrent/Executors$RunnableAdapter.call;java/util/concurrent/FutureTask.run;org/openjdk/jmh/runner/BenchmarkHandler$BenchmarkTask.call;org/openjdk/jmh/runner/BenchmarkHandler$BenchmarkTask.call;java/lang/reflect/Method.invoke;jdk/internal/reflect/DirectMethodHandleAccessor.invoke;jdk/internal/reflect/DirectMethodHandleAccessor.invokeImpl;java/lang/invoke/LambdaForm$MH.0x0000000063061400.invokeExact_MT;java/lang/invoke/LambdaForm$MH.0x0000000063061000.invoke;java/lang/invoke/DirectMethodHandle$Holder.invokeSpecial;org/weakref/nitro/clickbench/jmh_generated/BenchmarkQueries_query22_jmhTest.query22_AverageTime;org/weakref/nitro/clickbench/jmh_generated/BenchmarkQueries_query22_jmhTest.query22_avgt_jmhStub;org/weakref/nitro/clickbench/BenchmarkQueries.query22;org/weakref/nitro/clickbench/BenchmarkQueries.consume;org/weakref/nitro/operator/TopNOperator.next;org/weakref/nitro/operator/TopNOperator.computeTopN;org/weakref/nitro/operator/GroupedAggregationOperator.next;org/weakref/nitro/operator/GroupedAggregationOperator.computeResults;org/weakref/nitro/operator/GroupOperator.next;org/weakref/nitro/operator/FilterOperator.next;org/weakref/nitro/operator/evaluator/PlanEvaluator.evaluateInPlace;org/weakref/nitro/operator/evaluator/PlanEvaluator.evaluateTrueMaskInPlace;org/weakref/nitro/operator/evaluator/PlanEvaluator.evaluateAdaptiveAndTrueMaskInPlace;org/weakref/nitro/operator/evaluator/PlanEvaluator.evaluateMeasuredTrueMaskInPlace;org/weakref/nitro/operator/evaluator/PlanEvaluator.evaluateTrueMaskInPlace;org/weakref/nitro/operator/evaluator/PlanEvaluator.evaluateFalseMaskInPlace;org/weakref/nitro/operator/evaluator/PlanEvaluator.tryEvaluatePrimitiveFalseMaskInPlace;org/weakref/nitro/operator/evaluator/PlanEvaluator.tryEvaluatePrimitiveMaskInPlace;org/weakref/nitro/operator/evaluator/PlanEvaluator.resolveMaskPrimitiveInvocation;org/weakref/nitro/operator/evaluator/PlanEvaluator.evaluateArgument;org/weakref/nitro/operator/FilterOperator$1.resolve;org/weakref/nitro/operator/Output.borrowOrNull;org/weakref/nitro/operator/Output.borrow;org/weakref/nitro/operator/Output.borrow;org/weakref/nitro/operator/NitroParquetScanOperator$ScanOutputResolver$$Lambda.0x00000000630aab88.apply;org/weakref/nitro/operator/NitroParquetScanOperator$ScanOutputResolver.resolve;org/weakref/nitro/operator/NitroParquetScanOperator.resolveLazyColumn;org/weakref/nitro/operator/NitroParquetScanOperator.decodeFullColumn;org/weakref/nitro/parquet/ColumnReader.readBinary;org/weakref/nitro/parquet/ColumnReader.readBinaryDirect;org/weakref/nitro/parquet/ColumnReader.decodeNextDataPage;org/weakref/nitro/parquet/ColumnReader.decodeDictionary;unsafe_arraycopy_stub 2
java/lang/Thread.run;java/lang/Thread.runWith;java/util/concurrent/ThreadPoolExecutor$Worker.run;java/util/concurrent/ThreadPoolExecutor.runWorker;java/util/concurrent/FutureTask.run;java/util/concurrent/Executors$RunnableAdapter.call;java/util/concurrent/FutureTask.run;org/openjdk/jmh/runner/BenchmarkHandler$BenchmarkTask.call;org/openjdk/jmh/runner/BenchmarkHandler$BenchmarkTask.call;java/lang/reflect/Method.invoke;jdk/internal/reflect/DirectMethodHandleAccessor.invoke;jdk/internal/reflect/DirectMethodHandleAccessor.invokeImpl;java/lang/invoke/LambdaForm$MH.0x0000000063061400.invokeExact_MT;java/lang/invoke/LambdaForm$MH.0x0000000063061000.invoke;java/lang/invoke/DirectMethodHandle$Holder.invokeSpecial;org/weakref/nitro/clickbench/jmh_generated/BenchmarkQueries_query22_jmhTest.query22_AverageTime;org/weakref/nitro/clickbench/jmh_generated/BenchmarkQueries_query22_jmhTest.query22_avgt_jmhStub;org/weakref/nitro/clickbench/BenchmarkQueries.query22;org/weakref/nitro/clickbench/BenchmarkQueries.consume;org/weakref/nitro/operator/TopNOperator.next;org/weakref/nitro/operator/TopNOperator.computeTopN;org/weakref/nitro/operator/GroupedAggregationOperator.next;org/weakref/nitro/operator/GroupedAggregationOperator.computeResults;org/weakref/nitro/operator/GroupOperator.next;org/weakref/nitro/operator/FilterOperator.next;org/weakref/nitro/operator/evaluator/PlanEvaluator.evaluateInPlace;org/weakref/nitro/operator/evaluator/PlanEvaluator.evaluateTrueMaskInPlace;org/weakref/nitro/operator/evaluator/PlanEvaluator.evaluateAdaptiveAndTrueMaskInPlace;org/weakref/nitro/operator/evaluator/PlanEvaluator.evaluateMeasuredTrueMaskInPlace;org/weakref/nitro/operator/evaluator/PlanEvaluator.evaluateTrueMaskInPlace;org/weakref/nitro/operator/evaluator/PlanEvaluator.evaluateFalseMaskInPlace;org/weakref/nitro/operator/evaluator/PlanEvaluator.tryEvaluatePrimitiveFalseMaskInPlace;org/weakref/nitro/operator/evaluator/PlanEvaluator.tryEvaluatePrimitiveMaskInPlace;org/weakref/nitro/operator/evaluator/PlanEvaluator.resolveMaskPrimitiveInvocation;org/weakref/nitro/operator/evaluator/PlanEvaluator.evaluateArgument;org/weakref/nitro/operator/FilterOperator$1.resolve;org/weakref/nitro/operator/Output.borrowOrNull;org/weakref/nitro/operator/Output.borrow;org/weakref/nitro/operator/Output.borrow;org/weakref/nitro/operator/NitroParquetScanOperator$ScanOutputResolver$$Lambda.0x00000000630aab88.apply;org/weakref/nitro/operator/NitroParquetScanOperator$ScanOutputResolver.resolve;org/weakref/nitro/operator/NitroParquetScanOperator.resolveLazyColumn;org/weakref/nitro/operator/NitroParquetScanOperator.decodeFullColumn;org/weakref/nitro/parquet/ColumnReader.readBinary;org/weakref/nitro/parquet/ColumnReader.readBinaryDirect;org/weakref/nitro/parquet/ColumnReader.decodeNextDataPage;org/weakref/nitro/parquet/ColumnReader.decompress;io/airlift/compress/v3/snappy/SnappyNativeDecompressor.decompress;io/airlift/compress/v3/snappy/SnappyNative.decompress;io/airlift/compress/v3/snappy/SnappyNative.decompressInternal;java/lang/invoke/LambdaForm$MH.0x000000006311c400.invokeExact_MT;java/lang/invoke/LambdaForm$MH.0x0000000063134000.invoke;java/lang/invoke/LambdaForm$DMH.0x00000000630b1400.invokeStatic;jdk/internal/foreign/abi/DowncallStub.0x00000000630b1000.invoke;java/lang/invoke/LambdaForm$MH.0x000000006311d000.invokeExact_MT;java/lang/invoke/LambdaForm$MH.0x0000000063134400.invoke;nep_invoker_blob;snappy_uncompress;snappy::RawUncompress;snappy::RawUncompress;void snappy::SnappyDecompressor::DecompressAllTags<snappy::SnappyArrayWriter>;std::pair<unsigned char const*, long> snappy::DecompressBranchless<char*>;snappy::DeferMemCopy 2
/usr/lib/x86_64-linux-gnu/libc.so.6;/usr/lib/x86_64-linux-gnu/libc.so.6;thread_native_entry;Thread::call_run;JavaThread::thread_main_inner;CompileBroker::compiler_thread_loop;CompileBroker::invoke_compiler_on_method;C2Compiler::compile_method;Compile::Compile;Compile::Code_Gen;Matcher::match;Matcher::xform;Node::out_grow 1
java/lang/Thread.run;java/lang/Thread.runWith;java/util/concurrent/ThreadPoolExecutor$Worker.run;java/util/concurrent/ThreadPoolExecutor.runWorker;java/util/concurrent/FutureTask.run;java/util/concurrent/Executors$RunnableAdapter.call;java/util/concurrent/FutureTask.run;org/openjdk/jmh/runner/BenchmarkHandler$BenchmarkTask.call;org/openjdk/jmh/runner/BenchmarkHandler$BenchmarkTask.call;java/lang/reflect/Method.invoke;jdk/internal/reflect/DirectMethodHandleAccessor.invoke;jdk/internal/reflect/DirectMethodHandleAccessor.invokeImpl;java/lang/invoke/LambdaForm$MH.0x0000000063061400.invokeExact_MT;java/lang/invoke/LambdaForm$MH.0x0000000063061000.invoke;java/lang/invoke/DirectMethodHandle$Holder.invokeSpecial;org/weakref/nitro/clickbench/jmh_generated/BenchmarkQueries_query22_jmhTest.query22_AverageTime;org/weakref/nitro/clickbench/jmh_generated/BenchmarkQueries_query22_jmhTest.query22_avgt_jmhStub;org/weakref/nitro/clickbench/BenchmarkQueries.query22;org/weakref/nitro/clickbench/BenchmarkQueries.consume;org/weakref/nitro/operator/TopNOperator.next;org/weakref/nitro/operator/TopNOperator.computeTopN;org/weakref/nitro/operator/GroupedAggregationOperator.next;org/weakref/nitro/operator/GroupedAggregationOperator.computeResults;org/weakref/nitro/operator/GroupOperator.next;org/weakref/nitro/operator/FilterOperator.next;org/weakref/nitro/operator/evaluator/PlanEvaluator.evaluateInPlace;org/weakref/nitro/operator/evaluator/PlanEvaluator.evaluateTrueMaskInPlace;org/weakref/nitro/operator/evaluator/PlanEvaluator.evaluateAdaptiveAndTrueMaskInPlace;org/weakref/nitro/operator/evaluator/PlanEvaluator.evaluateMeasuredTrueMaskInPlace;org/weakref/nitro/operator/evaluator/PlanEvaluator.evaluateTrueMaskInPlace;org/weakref/nitro/operator/evaluator/PlanEvaluator.evaluateFalseMaskInPlace;org/weakref/nitro/operator/evaluator/PlanEvaluator.tryEvaluatePrimitiveFalseMaskInPlace;org/weakref/nitro/operator/evaluator/PlanEvaluator.tryEvaluatePrimitiveMaskInPlace;org/weakref/nitro/operator/evaluator/PlanEvaluator.resolveMaskPrimitiveInvocation;org/weakref/nitro/operator/evaluator/PlanEvaluator.evaluateArgument;org/weakref/nitro/operator/FilterOperator$1.resolve;org/weakref/nitro/operator/Output.borrowOrNull;org/weakref/nitro/operator/Output.borrow;org/weakref/nitro/operator/Output.borrow;org/weakref/nitro/operator/NitroParquetScanOperator$ScanOutputResolver$$Lambda.0x00000000630aab88.apply;org/weakref/nitro/operator/NitroParquetScanOperator$ScanOutputResolver.resolve;org/weakref/nitro/operator/NitroParquetScanOperator.resolveLazyColumn;org/weakref/nitro/operator/NitroParquetScanOperator.decodeFullColumn;org/weakref/nitro/parquet/ColumnReader.readBinary;org/weakref/nitro/parquet/ColumnReader.readBinaryDirect;org/weakref/nitro/parquet/ColumnReader.decodeNextDataPage;org/weakref/nitro/parquet/ColumnReader.decodeDataPageV1;org/weakref/nitro/parquet/RleReader.read;org/weakref/nitro/parquet/RleReader.readBitPacked;org/weakref/nitro/parquet/VectorBitUnpacker.unpack8;jdk/incubator/vector/IntVector.intoArray 1
java/lang/Thread.run;java/lang/Thread.runWith;java/util/concurrent/ThreadPoolExecutor$Worker.run;java/util/concurrent/ThreadPoolExecutor.runWorker;java/util/concurrent/FutureTask.run;java/util/concurrent/Executors$RunnableAdapter.call;java/util/concurrent/FutureTask.run;org/openjdk/jmh/runner/BenchmarkHandler$BenchmarkTask.call;org/openjdk/jmh/runner/BenchmarkHandler$BenchmarkTask.call;java/lang/reflect/Method.invoke;jdk/internal/reflect/DirectMethodHandleAccessor.invoke;jdk/internal/reflect/DirectMethodHandleAccessor.invokeImpl;java/lang/invoke/LambdaForm$MH.0x0000000063061400.invokeExact_MT;java/lang/invoke/LambdaForm$MH.0x0000000063061000.invoke;java/lang/invoke/DirectMethodHandle$Holder.invokeSpecial;org/weakref/nitro/clickbench/jmh_generated/BenchmarkQueries_query22_jmhTest.query22_AverageTime;org/weakref/nitro/clickbench/jmh_generated/BenchmarkQueries_query22_jmhTest.query22_avgt_jmhStub;org/weakref/nitro/clickbench/BenchmarkQueries.query22;org/weakref/nitro/clickbench/BenchmarkQueries.consume;org/weakref/nitro/operator/TopNOperator.next;org/weakref/nitro/operator/TopNOperator.computeTopN;org/weakref/nitro/operator/GroupedAggregationOperator.next;org/weakref/nitro/operator/GroupedAggregationOperator.computeResults;org/weakref/nitro/operator/GroupOperator.next;org/weakref/nitro/operator/FilterOperator.next;org/weakref/nitro/operator/evaluator/PlanEvaluator.evaluateInPlace;org/weakref/nitro/operator/evaluator/PlanEvaluator.evaluateTrueMaskInPlace;org/weakref/nitro/operator/evaluator/PlanEvaluator.evaluateAdaptiveAndTrueMaskInPlace;org/weakref/nitro/operator/evaluator/PlanEvaluator.evaluateMeasuredTrueMaskInPlace;org/weakref/nitro/operator/evaluator/PlanEvaluator.evaluateTrueMaskInPlace;org/weakref/nitro/operator/evaluator/PlanEvaluator.evaluateTrueReferenceMaskFallbackInPlace;org/weakref/nitro/function/scalar/builtin/VectorAccess.isAllFalseNulls;org/weakref/nitro/data/BooleanVector.isAllFalse 1
java/lang/Thread.run;java/lang/Thread.runWith;java/util/concurrent/ThreadPoolExecutor$Worker.run;java/util/concurrent/ThreadPoolExecutor.runWorker;java/util/concurrent/FutureTask.run;java/util/concurrent/Executors$RunnableAdapter.call;java/util/concurrent/FutureTask.run;org/openjdk/jmh/runner/BenchmarkHandler$BenchmarkTask.call;org/openjdk/jmh/runner/BenchmarkHandler$BenchmarkTask.call;java/lang/reflect/Method.invoke;jdk/internal/reflect/DirectMethodHandleAccessor.invoke;jdk/internal/reflect/DirectMethodHandleAccessor.invokeImpl;java/lang/invoke/LambdaForm$MH.0x0000000063061400.invokeExact_MT;java/lang/invoke/LambdaForm$MH.0x0000000063061000.invoke;java/lang/invoke/DirectMethodHandle$Holder.invokeSpecial;org/weakref/nitro/clickbench/jmh_generated/BenchmarkQueries_query22_jmhTest.query22_AverageTime;org/weakref/nitro/clickbench/jmh_generated/BenchmarkQueries_query22_jmhTest.query22_avgt_jmhStub;org/weakref/nitro/clickbench/BenchmarkQueries.query22;org/weakref/nitro/clickbench/BenchmarkQueries.consume;org/weakref/nitro/operator/TopNOperator.next;org/weakref/nitro/operator/TopNOperator.computeTopN;org/weakref/nitro/operator/GroupedAggregationOperator.next;org/weakref/nitro/operator/GroupedAggregationOperator.computeResults;org/weakref/nitro/operator/GroupOperator.next;org/weakref/nitro/operator/FilterOperator.next;org/weakref/nitro/operator/evaluator/PlanEvaluator.evaluateInPlace;org/weakref/nitro/operator/evaluator/PlanEvaluator.evaluateTrueMaskInPlace;org/weakref/nitro/operator/evaluator/PlanEvaluator.evaluateAdaptiveAndTrueMaskInPlace;org/weakref/nitro/operator/evaluator/PlanEvaluator.evaluateMeasuredTrueMaskInPlace;org/weakref/nitro/operator/evaluator/PlanEvaluator.evaluateTrueMaskInPlace;org/weakref/nitro/operator/evaluator/PlanEvaluator.evaluateFalseMaskInPlace;org/weakref/nitro/operator/evaluator/PlanEvaluator.tryEvaluatePrimitiveFalseMaskInPlace;org/weakref/nitro/operator/evaluator/PlanEvaluator.tryEvaluatePrimitiveMaskInPlace;org/weakref/nitro/operator/evaluator/PlanEvaluator.resolveMaskPrimitiveInvocation;org/weakref/nitro/operator/evaluator/PlanEvaluator.evaluateArgument;org/weakref/nitro/operator/FilterOperator$1.resolve;org/weakref/nitro/operator/Output.borrowOrNull;org/weakref/nitro/operator/Output.borrow;org/weakref/nitro/operator/Output.borrow;org/weakref/nitro/operator/NitroParquetScanOperator$ScanOutputResolver$$Lambda.0x00000000630aab88.apply;org/weakref/nitro/operator/NitroParquetScanOperator$ScanOutputResolver.resolve;org/weakref/nitro/operator/NitroParquetScanOperator.resolveLazyColumn;org/weakref/nitro/operator/NitroParquetScanOperator.decodeFullColumn;org/weakref/nitro/parquet/ColumnReader.readBinary;org/weakref/nitro/parquet/ColumnReader.readBinaryDirect;org/weakref/nitro/parquet/ColumnReader.decodeNextDataPage;org/weakref/nitro/parquet/ColumnReader.decodeDataPageV1;org/weakref/nitro/parquet/ColumnReader.decodePlainBinary;org/weakref/nitro/parquet/ColumnReader.decodePlainBinaryPresized 1
java/lang/Thread.run;java/lang/Thread.runWith;java/util/concurrent/ThreadPoolExecutor$Worker.run;java/util/concurrent/ThreadPoolExecutor.runWorker;java/util/concurrent/FutureTask.run;java/util/concurrent/Executors$RunnableAdapter.call;java/util/concurrent/FutureTask.run;org/openjdk/jmh/runner/BenchmarkHandler$BenchmarkTask.call;org/openjdk/jmh/runner/BenchmarkHandler$BenchmarkTask.call;java/lang/reflect/Method.invoke;jdk/internal/reflect/DirectMethodHandleAccessor.invoke;jdk/internal/reflect/DirectMethodHandleAccessor.invokeImpl;java/lang/invoke/LambdaForm$MH.0x0000000063061400.invokeExact_MT;java/lang/invoke/LambdaForm$MH.0x0000000063061000.invoke;java/lang/invoke/DirectMethodHandle$Holder.invokeSpecial;org/weakref/nitro/clickbench/jmh_generated/BenchmarkQueries_query22_jmhTest.query22_AverageTime;org/weakref/nitro/clickbench/jmh_generated/BenchmarkQueries_query22_jmhTest.query22_avgt_jmhStub;org/weakref/nitro/clickbench/BenchmarkQueries.query22;org/weakref/nitro/clickbench/BenchmarkQueries.consume;org/weakref/nitro/operator/TopNOperator.next;org/weakref/nitro/operator/TopNOperator.computeTopN;org/weakref/nitro/operator/GroupedAggregationOperator.next;org/weakref/nitro/operator/GroupedAggregationOperator.computeResults;org/weakref/nitro/operator/GroupOperator.next;org/weakref/nitro/operator/FilterOperator.next;org/weakref/nitro/operator/evaluator/PlanEvaluator.evaluateInPlace;org/weakref/nitro/operator/evaluator/PlanEvaluator.evaluateTrueMaskInPlace;org/weakref/nitro/operator/evaluator/PlanEvaluator.evaluateAdaptiveAndTrueMaskInPlace;org/weakref/nitro/operator/evaluator/PlanEvaluator.evaluateMeasuredTrueMaskInPlace;org/weakref/nitro/operator/evaluator/PlanEvaluator.evaluateTrueMaskInPlace;org/weakref/nitro/operator/evaluator/PlanEvaluator.evaluateTrueReferenceMaskFallbackInPlace;org/weakref/nitro/operator/evaluator/PlanEvaluator.evaluate;org/weakref/nitro/operator/evaluator/PlanEvaluator.evaluateUnmemoized;org/weakref/nitro/operator/evaluator/PlanEvaluator.evaluateVariable;org/weakref/nitro/operator/evaluator/PlanEvaluator.evaluateCall;org/weakref/nitro/operator/evaluator/PlanEvaluator.evaluateArgument;org/weakref/nitro/operator/evaluator/PlanEvaluator.evaluate;org/weakref/nitro/operator/evaluator/PlanEvaluator.evaluateUnmemoized;org/weakref/nitro/operator/evaluator/PlanEvaluator.evaluateInput;org/weakref/nitro/operator/FilterOperator$1.resolve;org/weakref/nitro/operator/Output.borrowOrNull;org/weakref/nitro/operator/Output.borrow;org/weakref/nitro/operator/Output.borrow;org/weakref/nitro/operator/NitroParquetScanOperator$ScanOutputResolver$$Lambda.0x00000000630aab88.apply;org/weakref/nitro/operator/NitroParquetScanOperator$ScanOutputResolver.resolve;org/weakref/nitro/operator/NitroParquetScanOperator.resolveLazyColumn;org/weakref/nitro/operator/NitroParquetScanOperator.decodeFullColumn;org/weakref/nitro/parquet/ColumnReader.readBinary;org/weakref/nitro/parquet/ColumnReader.readBinaryDirect;org/weakref/nitro/parquet/ColumnReader.decodeNextDataPage;org/weakref/nitro/parquet/ColumnReader.decompress;io/airlift/compress/v3/snappy/SnappyNativeDecompressor.decompress;io/airlift/compress/v3/snappy/SnappyNative.decompress;io/airlift/compress/v3/snappy/SnappyNative.decompressInternal;java/lang/invoke/LambdaForm$MH.0x000000006311c400.invokeExact_MT;java/lang/invoke/LambdaForm$MH.0x0000000063134000.invoke;java/lang/invoke/LambdaForm$DMH.0x00000000630b1400.invokeStatic;jdk/internal/foreign/abi/DowncallStub.0x00000000630b1000.invoke;java/lang/invoke/LambdaForm$MH.0x000000006311d000.invokeExact_MT;java/lang/invoke/LambdaForm$MH.0x0000000063134400.invoke;nep_invoker_blob;snappy_uncompress;snappy::RawUncompress;snappy::RawUncompress;void snappy::SnappyDecompressor::DecompressAllTags<snappy::SnappyArrayWriter>;std::pair<unsigned char const*, long> snappy::DecompressBranchless<char*>;snappy::MemCopy64 2
java/lang/Thread.run;java/lang/Thread.runWith;java/util/concurrent/ThreadPoolExecutor$Worker.run;java/util/concurrent/ThreadPoolExecutor.runWorker;java/util/concurrent/FutureTask.run;java/util/concurrent/Executors$RunnableAdapter.call;java/util/concurrent/FutureTask.run;org/openjdk/jmh/runner/BenchmarkHandler$BenchmarkTask.call;org/openjdk/jmh/runner/BenchmarkHandler$BenchmarkTask.call;java/lang/reflect/Method.invoke;jdk/internal/reflect/DirectMethodHandleAccessor.invoke;jdk/internal/reflect/DirectMethodHandleAccessor.invokeImpl;java/lang/invoke/LambdaForm$MH.0x0000000063061400.invokeExact_MT;java/lang/invoke/LambdaForm$MH.0x0000000063061000.invoke;java/lang/invoke/DirectMethodHandle$Holder.invokeSpecial;org/weakref/nitro/clickbench/jmh_generated/BenchmarkQueries_query22_jmhTest.query22_AverageTime;org/weakref/nitro/clickbench/jmh_generated/BenchmarkQueries_query22_jmhTest.query22_avgt_jmhStub;org/weakref/nitro/clickbench/BenchmarkQueries.query22;org/weakref/nitro/clickbench/BenchmarkQueries.consume;org/weakref/nitro/operator/TopNOperator.next;org/weakref/nitro/operator/TopNOperator.computeTopN;org/weakref/nitro/operator/GroupedAggregationOperator.next;org/weakref/nitro/operator/GroupedAggregationOperator.computeResults;org/weakref/nitro/operator/GroupOperator.next;org/weakref/nitro/operator/FilterOperator.next;org/weakref/nitro/operator/evaluator/PlanEvaluator.evaluateInPlace;org/weakref/nitro/operator/evaluator/PlanEvaluator.evaluateTrueMaskInPlace;org/weakref/nitro/operator/evaluator/PlanEvaluator.evaluateAdaptiveAndTrueMaskInPlace;org/weakref/nitro/operator/evaluator/PlanEvaluator.evaluateMeasuredTrueMaskInPlace;org/weakref/nitro/operator/evaluator/PlanEvaluator.evaluateTrueMaskInPlace;org/weakref/nitro/operator/evaluator/PlanEvaluator.evaluateTrueReferenceMaskFallbackInPlace;org/weakref/nitro/operator/evaluator/PlanEvaluator.evaluate;org/weakref/nitro/operator/evaluator/PlanEvaluator.evaluateUnmemoized;org/weakref/nitro/operator/evaluator/PlanEvaluator.evaluateVariable;org/weakref/nitro/operator/evaluator/PlanEvaluator.evaluateCall;org/weakref/nitro/operator/evaluator/PlanEvaluator.evaluateArgument;org/weakref/nitro/operator/evaluator/PlanEvaluator.evaluate;org/weakref/nitro/operator/evaluator/PlanEvaluator.evaluateUnmemoized;org/weakref/nitro/operator/evaluator/PlanEvaluator.evaluateInput;org/weakref/nitro/operator/FilterOperator$1.resolve;org/weakref/nitro/operator/Output.borrowOrNull;org/weakref/nitro/operator/Output.borrow;org/weakref/nitro/operator/Output.borrow;org/weakref/nitro/operator/NitroParquetScanOperator$ScanOutputResolver$$Lambda.0x00000000630aab88.apply;org/weakref/nitro/operator/NitroParquetScanOperator$ScanOutputResolver.resolve;org/weakref/nitro/operator/NitroParquetScanOperator.resolveLazyColumn;org/weakref/nitro/operator/NitroParquetScanOperator.decodeFullColumn;org/weakref/nitro/parquet/ColumnReader.readBinary;org/weakref/nitro/parquet/ColumnReader.readBinaryDirect;org/weakref/nitro/parquet/ColumnReader.decodeNextDataPage;org/weakref/nitro/parquet/ColumnReader.decodeDataPageV1;org/weakref/nitro/parquet/ColumnReader.decodePlainBinary;org/weakref/nitro/parquet/ColumnReader.decodePlainBinaryPresized;org/weakref/nitro/parquet/ColumnReader.appendPlainEntryPresized;java/lang/foreign/MemorySegment.copy;jdk/internal/foreign/AbstractMemorySegmentImpl.copy;jdk/internal/foreign/Utils.checkNonNegativeIndex 1
java/lang/Thread.run;java/lang/Thread.runWith;java/util/concurrent/ThreadPoolExecutor$Worker.run;java/util/concurrent/ThreadPoolExecutor.runWorker;java/util/concurrent/FutureTask.run;java/util/concurrent/Executors$RunnableAdapter.call;java/util/concurrent/FutureTask.run;org/openjdk/jmh/runner/BenchmarkHandler$BenchmarkTask.call;org/openjdk/jmh/runner/BenchmarkHandler$BenchmarkTask.call;java/lang/reflect/Method.invoke;jdk/internal/reflect/DirectMethodHandleAccessor.invoke;jdk/internal/reflect/DirectMethodHandleAccessor.invokeImpl;java/lang/invoke/LambdaForm$MH.0x0000000063061400.invokeExact_MT;java/lang/invoke/LambdaForm$MH.0x0000000063061000.invoke;java/lang/invoke/DirectMethodHandle$Holder.invokeSpecial;org/weakref/nitro/clickbench/jmh_generated/BenchmarkQueries_query22_jmhTest.query22_AverageTime;org/weakref/nitro/clickbench/jmh_generated/BenchmarkQueries_query22_jmhTest.query22_avgt_jmhStub;org/weakref/nitro/clickbench/BenchmarkQueries.query22;org/weakref/nitro/clickbench/ClickBenchHitsSupport.query22;org/weakref/nitro/clickbench/ClickBenchHitsSupport.clickBenchScan;org/weakref/nitro/operator/NitroParquetScanOperator.<init>;java/util/stream/ReferencePipeline.toArray;java/util/stream/AbstractPipeline.evaluateToArrayNode;java/util/stream/AbstractPipeline.evaluate;java/util/stream/AbstractPipeline.wrapAndCopyInto;java/util/stream/AbstractPipeline.copyInto;java/util/AbstractList$RandomAccessSpliterator.forEachRemaining;java/util/stream/ReferencePipeline$3$1.accept;org/weakref/nitro/operator/NitroParquetScanOperator$$Lambda.0x00000000630837a8.apply;org/weakref/nitro/parquet/ParquetFile.open;org/weakref/nitro/parquet/ParquetFile.<init>;org/apache/parquet/format/Util.readFileMetaData;org/apache/parquet/format/Util.readFileMetaData;org/apache/parquet/format/Util.read;org/apache/parquet/format/FileMetaData.read;org/apache/parquet/format/FileMetaData$FileMetaDataStandardScheme.read;org/apache/parquet/format/FileMetaData$FileMetaDataStandardScheme.read;org/apache/parquet/format/RowGroup.read;org/apache/parquet/format/RowGroup$RowGroupStandardScheme.read;org/apache/parquet/format/RowGroup$RowGroupStandardScheme.read;org/apache/parquet/format/ColumnChunk.read;org/apache/parquet/format/ColumnChunk$ColumnChunkStandardScheme.read;org/apache/parquet/format/ColumnChunk$ColumnChunkStandardScheme.read;org/apache/parquet/format/ColumnMetaData.read;org/apache/parquet/format/ColumnMetaData$ColumnMetaDataStandardScheme.read;org/apache/parquet/format/ColumnMetaData$ColumnMetaDataStandardScheme.read;org/apache/parquet/format/PageEncodingStats.read;org/apache/parquet/format/PageEncodingStats$PageEncodingStatsStandardScheme.read;org/apache/parquet/format/PageEncodingStats$PageEncodingStatsStandardScheme.read;org/apache/parquet/format/InterningProtocol.readI32;shaded/parquet/org/apache/thrift/protocol/TCompactProtocol.readI32;shaded/parquet/org/apache/thrift/protocol/TCompactProtocol.readVarint32;shaded/parquet/org/apache/thrift/protocol/TCompactProtocol.readByte;shaded/parquet/org/apache/thrift/transport/TTransport.readAll;shaded/parquet/org/apache/thrift/transport/TIOStreamTransport.read;org/weakref/nitro/parquet/ParquetFile$SegmentInputStream.read;java/lang/foreign/MemorySegment.copy;jdk/internal/foreign/AbstractMemorySegmentImpl.copy;jdk/internal/foreign/AbstractMemorySegmentImpl.isAlignedForElement;jdk/internal/foreign/AbstractMemorySegmentImpl.isAlignedForElement 1
java/lang/Thread.run;java/lang/Thread.runWith;java/util/concurrent/ThreadPoolExecutor$Worker.run;java/util/concurrent/ThreadPoolExecutor.runWorker;java/util/concurrent/FutureTask.run;java/util/concurrent/Executors$RunnableAdapter.call;java/util/concurrent/FutureTask.run;org/openjdk/jmh/runner/BenchmarkHandler$BenchmarkTask.call;org/openjdk/jmh/runner/BenchmarkHandler$BenchmarkTask.call;java/lang/reflect/Method.invoke;jdk/internal/reflect/DirectMethodHandleAccessor.invoke;jdk/internal/reflect/DirectMethodHandleAccessor.invokeImpl;java/lang/invoke/LambdaForm$MH.0x0000000063061400.invokeExact_MT;java/lang/invoke/LambdaForm$MH.0x0000000063061000.invoke;java/lang/invoke/DirectMethodHandle$Holder.invokeSpecial;org/weakref/nitro/clickbench/jmh_generated/BenchmarkQueries_query22_jmhTest.query22_AverageTime;org/weakref/nitro/clickbench/jmh_generated/BenchmarkQueries_query22_jmhTest.query22_avgt_jmhStub;org/weakref/nitro/clickbench/BenchmarkQueries.query22;org/weakref/nitro/clickbench/BenchmarkQueries.consume;org/weakref/nitro/operator/TopNOperator.next;org/weakref/nitro/operator/TopNOperator.computeTopN;org/weakref/nitro/operator/GroupedAggregationOperator.next;org/weakref/nitro/operator/GroupedAggregationOperator.computeResults;org/weakref/nitro/operator/GroupOperator.next;org/weakref/nitro/operator/FilterOperator.next;org/weakref/nitro/operator/evaluator/PlanEvaluator.evaluateInPlace;org/weakref/nitro/operator/evaluator/PlanEvaluator.evaluateTrueMaskInPlace;org/weakref/nitro/operator/evaluator/PlanEvaluator.evaluateAdaptiveAndTrueMaskInPlace;org/weakref/nitro/operator/evaluator/PlanEvaluator.evaluateMeasuredTrueMaskInPlace;org/weakref/nitro/operator/evaluator/PlanEvaluator.evaluateTrueMaskInPlace;org/weakref/nitro/operator/evaluator/PlanEvaluator.evaluateFalseMaskInPlace;org/weakref/nitro/operator/evaluator/PlanEvaluator.tryEvaluatePrimitiveFalseMaskInPlace;org/weakref/nitro/operator/evaluator/PlanEvaluator.tryEvaluatePrimitiveMaskInPlace;org/weakref/nitro/operator/evaluator/PlanEvaluator.resolveMaskPrimitiveInvocation;java/util/HashMap.get;java/util/HashMap.getNode 1
java/lang/Thread.run;java/lang/Thread.runWith;java/util/concurrent/ThreadPoolExecutor$Worker.run;java/util/concurrent/ThreadPoolExecutor.runWorker;java/util/concurrent/FutureTask.run;java/util/concurrent/Executors$RunnableAdapter.call;java/util/concurrent/FutureTask.run;org/openjdk/jmh/runner/BenchmarkHandler$BenchmarkTask.call;org/openjdk/jmh/runner/BenchmarkHandler$BenchmarkTask.call;java/lang/reflect/Method.invoke;jdk/internal/reflect/DirectMethodHandleAccessor.invoke;jdk/internal/reflect/DirectMethodHandleAccessor.invokeImpl;java/lang/invoke/LambdaForm$MH.0x0000000063061400.invokeExact_MT;java/lang/invoke/LambdaForm$MH.0x0000000063061000.invoke;java/lang/invoke/DirectMethodHandle$Holder.invokeSpecial;org/weakref/nitro/clickbench/jmh_generated/BenchmarkQueries_query22_jmhTest.query22_AverageTime;org/weakref/nitro/clickbench/jmh_generated/BenchmarkQueries_query22_jmhTest.query22_avgt_jmhStub;org/weakref/nitro/clickbench/BenchmarkQueries.query22;org/weakref/nitro/clickbench/BenchmarkQueries.consume;org/weakref/nitro/operator/TopNOperator.next;org/weakref/nitro/operator/TopNOperator.computeTopN;org/weakref/nitro/operator/GroupedAggregationOperator.next;org/weakref/nitro/operator/GroupedAggregationOperator.computeResults;org/weakref/nitro/operator/GroupOperator.next;org/weakref/nitro/operator/FilterOperator.next;org/weakref/nitro/operator/evaluator/PlanEvaluator.evaluateInPlace;org/weakref/nitro/operator/evaluator/PlanEvaluator.evaluateTrueMaskInPlace;org/weakref/nitro/operator/evaluator/PlanEvaluator.evaluateAdaptiveAndTrueMaskInPlace;org/weakref/nitro/operator/evaluator/PlanEvaluator.evaluateMeasuredTrueMaskInPlace;org/weakref/nitro/operator/evaluator/PlanEvaluator.evaluateTrueMaskInPlace;org/weakref/nitro/operator/evaluator/PlanEvaluator.evaluateFalseMaskInPlace;org/weakref/nitro/operator/evaluator/PlanEvaluator.tryEvaluatePrimitiveFalseMaskInPlace;org/weakref/nitro/operator/evaluator/PlanEvaluator.tryEvaluatePrimitiveMaskInPlace;org/weakref/nitro/function/scalar/builtin/EqualUtf8.tryEvaluateFalseMaskInPlace;org/weakref/nitro/function/scalar/builtin/Utf8BinaryDispatch.tryEvaluateEqualsFalseMaskInPlace;org/weakref/nitro/function/scalar/builtin/Utf8BinaryDispatch.tryEvaluateEqualsMaskInPlace;org/weakref/nitro/data/Mask.retainIf;org/weakref/nitro/function/scalar/builtin/Utf8BinaryDispatch$$Lambda.0x0000000063125f20.test;org/weakref/nitro/function/scalar/builtin/Utf8BinaryDispatch.lambda$tryEvaluateEqualsMaskInPlace$0;org/weakref/nitro/function/scalar/builtin/Utf8BinaryDispatch.isNull 3
java/lang/Thread.run;java/lang/Thread.runWith;java/util/concurrent/ThreadPoolExecutor$Worker.run;java/util/concurrent/ThreadPoolExecutor.runWorker;java/util/concurrent/FutureTask.run;java/util/concurrent/Executors$RunnableAdapter.call;java/util/concurrent/FutureTask.run;org/openjdk/jmh/runner/BenchmarkHandler$BenchmarkTask.call;org/openjdk/jmh/runner/BenchmarkHandler$BenchmarkTask.call;java/lang/reflect/Method.invoke;jdk/internal/reflect/DirectMethodHandleAccessor.invoke;jdk/internal/reflect/DirectMethodHandleAccessor.invokeImpl;java/lang/invoke/LambdaForm$MH.0x0000000063061400.invokeExact_MT;java/lang/invoke/LambdaForm$MH.0x0000000063061000.invoke;java/lang/invoke/DirectMethodHandle$Holder.invokeSpecial;org/weakref/nitro/clickbench/jmh_generated/BenchmarkQueries_query22_jmhTest.query22_AverageTime;org/weakref/nitro/clickbench/jmh_generated/BenchmarkQueries_query22_jmhTest.query22_avgt_jmhStub;org/weakref/nitro/clickbench/BenchmarkQueries.query22;org/weakref/nitro/clickbench/BenchmarkQueries.consume;org/weakref/nitro/operator/TopNOperator.next;org/weakref/nitro/operator/TopNOperator.computeTopN;org/weakref/nitro/operator/GroupedAggregationOperator.next;org/weakref/nitro/operator/GroupedAggregationOperator.computeResults;org/weakref/nitro/operator/GroupOperator.next;org/weakref/nitro/operator/FilterOperator.next;org/weakref/nitro/operator/evaluator/PlanEvaluator.evaluateInPlace;org/weakref/nitro/operator/evaluator/PlanEvaluator.evaluateTrueMaskInPlace;org/weakref/nitro/operator/evaluator/PlanEvaluator.evaluateAdaptiveAndTrueMaskInPlace;org/weakref/nitro/operator/evaluator/PlanEvaluator.evaluateMeasuredTrueMaskInPlace;org/weakref/nitro/operator/evaluator/PlanEvaluator.evaluateTrueMaskInPlace;org/weakref/nitro/operator/evaluator/PlanEvaluator.evaluateTrueReferenceMaskFallbackInPlace;org/weakref/nitro/operator/evaluator/PlanEvaluator.evaluate;org/weakref/nitro/operator/evaluator/PlanEvaluator.evaluateUnmemoized;org/weakref/nitro/operator/evaluator/PlanEvaluator.evaluateVariable;org/weakref/nitro/operator/evaluator/PlanEvaluator.evaluateCall;org/weakref/nitro/operator/evaluator/PlanEvaluator.evaluateArgument;org/weakref/nitro/operator/evaluator/PlanEvaluator.evaluate;org/weakref/nitro/operator/evaluator/PlanEvaluator.evaluateUnmemoized;org/weakref/nitro/operator/evaluator/PlanEvaluator.evaluateInput;org/weakref/nitro/operator/FilterOperator$1.resolve;org/weakref/nitro/operator/Output.borrowOrNull;org/weakref/nitro/operator/Output.borrow;org/weakref/nitro/operator/Output.borrow;org/weakref/nitro/operator/NitroParquetScanOperator$ScanOutputResolver$$Lambda.0x00000000630aab88.apply;org/weakref/nitro/operator/NitroParquetScanOperator$ScanOutputResolver.resolve;org/weakref/nitro/operator/NitroParquetScanOperator.resolveLazyColumn;org/weakref/nitro/operator/NitroParquetScanOperator.decodeFullColumn;org/weakref/nitro/parquet/ColumnReader.readBinary;org/weakref/nitro/parquet/ColumnReader.readBinaryDirect;org/weakref/nitro/parquet/ColumnReader.decodeNextDataPage;org/weakref/nitro/parquet/ColumnReader.decompress;io/airlift/compress/v3/snappy/SnappyNativeDecompressor.decompress;io/airlift/compress/v3/snappy/SnappyNative.decompress;io/airlift/compress/v3/snappy/SnappyNative.decompressInternal;java/lang/invoke/LambdaForm$MH.0x000000006311c400.invokeExact_MT;java/lang/invoke/LambdaForm$MH.0x0000000063134000.invoke;java/lang/invoke/LambdaForm$DMH.0x00000000630b1400.invokeStatic;jdk/internal/foreign/abi/DowncallStub.0x00000000630b1000.invoke;java/lang/invoke/LambdaForm$MH.0x000000006311d000.invokeExact_MT;java/lang/invoke/LambdaForm$MH.0x0000000063134400.invoke;nep_invoker_blob;snappy_uncompress;snappy::RawUncompress;snappy::RawUncompress;void snappy::SnappyDecompressor::DecompressAllTags<snappy::SnappyArrayWriter>;std::pair<unsigned char const*, long> snappy::DecompressBranchless<char*>;snappy::MemCopy64;/usr/lib/x86_64-linux-gnu/libc.so.6;asm_exc_page_fault_[k];exc_page_fault_[k];do_user_addr_fault_[k];lock_vma_under_rcu_[k];mas_walk_[k] 1
java/lang/Thread.run;java/lang/Thread.runWith;java/util/concurrent/ThreadPoolExecutor$Worker.run;java/util/concurrent/ThreadPoolExecutor.runWorker;java/util/concurrent/FutureTask.run;java/util/concurrent/Executors$RunnableAdapter.call;java/util/concurrent/FutureTask.run;org/openjdk/jmh/runner/BenchmarkHandler$BenchmarkTask.call;org/openjdk/jmh/runner/BenchmarkHandler$BenchmarkTask.call;java/lang/reflect/Method.invoke;jdk/internal/reflect/DirectMethodHandleAccessor.invoke;jdk/internal/reflect/DirectMethodHandleAccessor.invokeImpl;java/lang/invoke/LambdaForm$MH.0x0000000063061400.invokeExact_MT;java/lang/invoke/LambdaForm$MH.0x0000000063061000.invoke;java/lang/invoke/DirectMethodHandle$Holder.invokeSpecial;org/weakref/nitro/clickbench/jmh_generated/BenchmarkQueries_query22_jmhTest.query22_AverageTime;org/weakref/nitro/clickbench/jmh_generated/BenchmarkQueries_query22_jmhTest.query22_avgt_jmhStub;org/weakref/nitro/clickbench/BenchmarkQueries.query22;org/weakref/nitro/clickbench/BenchmarkQueries.consume;org/weakref/nitro/operator/TopNOperator.next;org/weakref/nitro/operator/TopNOperator.computeTopN;org/weakref/nitro/operator/GroupedAggregationOperator.next;org/weakref/nitro/operator/GroupedAggregationOperator.computeResults;org/weakref/nitro/operator/GroupOperator.next;org/weakref/nitro/operator/FilterOperator.next;org/weakref/nitro/operator/evaluator/PlanEvaluator.evaluateInPlace;org/weakref/nitro/operator/evaluator/PlanEvaluator.evaluateTrueMaskInPlace;org/weakref/nitro/operator/evaluator/PlanEvaluator.evaluateAdaptiveAndTrueMaskInPlace;org/weakref/nitro/operator/evaluator/PlanEvaluator.evaluateMeasuredTrueMaskInPlace;org/weakref/nitro/operator/evaluator/PlanEvaluator.evaluateTrueMaskInPlace;org/weakref/nitro/operator/evaluator/PlanEvaluator.evaluateFalseMaskInPlace;org/weakref/nitro/operator/evaluator/PlanEvaluator.tryEvaluatePrimitiveFalseMaskInPlace;org/weakref/nitro/operator/evaluator/PlanEvaluator.tryEvaluatePrimitiveMaskInPlace;org/weakref/nitro/operator/evaluator/PlanEvaluator.resolveMaskPrimitiveInvocation;org/weakref/nitro/operator/evaluator/PlanEvaluator.evaluateArgument;org/weakref/nitro/operator/FilterOperator$1.resolve;org/weakref/nitro/operator/Output.borrowOrNull;org/weakref/nitro/operator/Output.borrow;org/weakref/nitro/operator/Output.borrow;org/weakref/nitro/operator/NitroParquetScanOperator$ScanOutputResolver$$Lambda.0x00000000630aab88.apply;org/weakref/nitro/operator/NitroParquetScanOperator$ScanOutputResolver.resolve;org/weakref/nitro/operator/NitroParquetScanOperator.resolveLazyColumn;org/weakref/nitro/operator/NitroParquetScanOperator.decodeFullColumn;org/weakref/nitro/parquet/ColumnReader.readBinary;org/weakref/nitro/parquet/ColumnReader.readBinaryDirect;org/weakref/nitro/parquet/ColumnReader.decodeNextDataPage;org/weakref/nitro/parquet/ColumnReader.decompress;io/airlift/compress/v3/snappy/SnappyNativeDecompressor.decompress;io/airlift/compress/v3/snappy/SnappyNative.decompress;io/airlift/compress/v3/snappy/SnappyNative.decompressInternal;java/lang/invoke/LambdaForm$MH.0x000000006311c400.invokeExact_MT;java/lang/invoke/LambdaForm$MH.0x0000000063134000.invoke;java/lang/invoke/LambdaForm$DMH.0x00000000630b1400.invokeStatic;jdk/internal/foreign/abi/DowncallStub.0x00000000630b1000.invoke;java/lang/invoke/LambdaForm$MH.0x000000006311d000.invokeExact_MT;java/lang/invoke/LambdaForm$MH.0x0000000063134400.invoke;nep_invoker_blob;snappy_uncompress;snappy::RawUncompress;snappy::RawUncompress;void snappy::SnappyDecompressor::DecompressAllTags<snappy::SnappyArrayWriter>;std::pair<unsigned char const*, long> snappy::DecompressBranchless<char*>;asm_exc_page_fault_[k];exc_page_fault_[k];do_user_addr_fault_[k];handle_mm_fault_[k];__handle_mm_fault_[k];handle_pte_fault_[k];do_fault_[k];do_read_fault_[k];filemap_map_pages_[k];set_pte_range_[k];folio_add_file_rmap_ptes_[k];__lruvec_stat_mod_folio_[k];mod_memcg_lruvec_state_[k] 1
java/lang/Thread.run;java/lang/Thread.runWith;java/util/concurrent/ThreadPoolExecutor$Worker.run;java/util/concurrent/ThreadPoolExecutor.runWorker;java/util/concurrent/FutureTask.run;java/util/concurrent/Executors$RunnableAdapter.call;java/util/concurrent/FutureTask.run;org/openjdk/jmh/runner/BenchmarkHandler$BenchmarkTask.call;org/openjdk/jmh/runner/BenchmarkHandler$BenchmarkTask.call;java/lang/reflect/Method.invoke;jdk/internal/reflect/DirectMethodHandleAccessor.invoke;jdk/internal/reflect/DirectMethodHandleAccessor.invokeImpl;java/lang/invoke/LambdaForm$MH.0x0000000063061400.invokeExact_MT;java/lang/invoke/LambdaForm$MH.0x0000000063061000.invoke;java/lang/invoke/DirectMethodHandle$Holder.invokeSpecial;org/weakref/nitro/clickbench/jmh_generated/BenchmarkQueries_query22_jmhTest.query22_AverageTime;org/weakref/nitro/clickbench/jmh_generated/BenchmarkQueries_query22_jmhTest.query22_avgt_jmhStub;org/weakref/nitro/clickbench/BenchmarkQueries.query22;org/weakref/nitro/clickbench/BenchmarkQueries.consume;org/weakref/nitro/operator/TopNOperator.next;org/weakref/nitro/operator/TopNOperator.computeTopN;org/weakref/nitro/operator/GroupedAggregationOperator.next;org/weakref/nitro/operator/GroupedAggregationOperator.computeResults;org/weakref/nitro/operator/GroupOperator.next;org/weakref/nitro/operator/FilterOperator.next;org/weakref/nitro/operator/evaluator/PlanEvaluator.evaluateInPlace;org/weakref/nitro/operator/evaluator/PlanEvaluator.evaluateTrueMaskInPlace;org/weakref/nitro/operator/evaluator/PlanEvaluator.evaluateAdaptiveAndTrueMaskInPlace;org/weakref/nitro/operator/evaluator/PlanEvaluator.evaluateMeasuredTrueMaskInPlace;org/weakref/nitro/operator/evaluator/PlanEvaluator.evaluateTrueMaskInPlace;org/weakref/nitro/operator/evaluator/PlanEvaluator.evaluateFalseMaskInPlace;org/weakref/nitro/operator/evaluator/PlanEvaluator.tryEvaluatePrimitiveFalseMaskInPlace;org/weakref/nitro/operator/evaluator/PlanEvaluator.tryEvaluatePrimitiveMaskInPlace;org/weakref/nitro/operator/evaluator/PlanEvaluator.resolveMaskPrimitiveInvocation;org/weakref/nitro/operator/evaluator/PlanEvaluator.evaluateArgument;org/weakref/nitro/operator/FilterOperator$1.resolve;org/weakref/nitro/operator/Output.borrowOrNull;org/weakref/nitro/operator/Output.borrow;org/weakref/nitro/operator/Output.borrow;org/weakref/nitro/operator/NitroParquetScanOperator$ScanOutputResolver$$Lambda.0x00000000630aab88.apply;org/weakref/nitro/operator/NitroParquetScanOperator$ScanOutputResolver.resolve;org/weakref/nitro/operator/NitroParquetScanOperator.resolveLazyColumn;org/weakref/nitro/operator/NitroParquetScanOperator.decodeFullColumn;org/weakref/nitro/parquet/ColumnReader.readBinary;org/weakref/nitro/parquet/ColumnReader.readBinaryDirect;org/weakref/nitro/parquet/ColumnReader.decodeNextDataPage;org/weakref/nitro/parquet/ColumnReader.decompress;io/airlift/compress/v3/snappy/SnappyNativeDecompressor.decompress;io/airlift/compress/v3/snappy/SnappyNative.decompress;io/airlift/compress/v3/snappy/SnappyNative.decompressInternal;java/lang/invoke/LambdaForm$MH.0x000000006311c400.invokeExact_MT;java/lang/invoke/LambdaForm$MH.0x0000000063134000.invoke;java/lang/invoke/LambdaForm$DMH.0x00000000630b1400.invokeStatic;jdk/internal/foreign/abi/DowncallStub.0x00000000630b1000.invoke;java/lang/invoke/LambdaForm$MH.0x000000006311d000.invokeExact_MT;java/lang/invoke/LambdaForm$MH.0x0000000063134400.invoke;nep_invoker_blob;snappy_uncompress;snappy::RawUncompress;snappy::RawUncompress;void snappy::SnappyDecompressor::DecompressAllTags<snappy::SnappyArrayWriter>;std::pair<unsigned char const*, long> snappy::DecompressBranchless<char*>;snappy::DeferMemCopy 3
java/lang/Thread.run;java/lang/Thread.runWith;java/util/concurrent/ThreadPoolExecutor$Worker.run;java/util/concurrent/ThreadPoolExecutor.runWorker;java/util/concurrent/FutureTask.run;java/util/concurrent/Executors$RunnableAdapter.call;java/util/concurrent/FutureTask.run;org/openjdk/jmh/runner/BenchmarkHandler$BenchmarkTask.call;org/openjdk/jmh/runner/BenchmarkHandler$BenchmarkTask.call;java/lang/reflect/Method.invoke;jdk/internal/reflect/DirectMethodHandleAccessor.invoke;jdk/internal/reflect/DirectMethodHandleAccessor.invokeImpl;java/lang/invoke/LambdaForm$MH.0x0000000063061400.invokeExact_MT;java/lang/invoke/LambdaForm$MH.0x0000000063061000.invoke;java/lang/invoke/DirectMethodHandle$Holder.invokeSpecial;org/weakref/nitro/clickbench/jmh_generated/BenchmarkQueries_query22_jmhTest.query22_AverageTime;org/weakref/nitro/clickbench/jmh_generated/BenchmarkQueries_query22_jmhTest.query22_avgt_jmhStub;org/weakref/nitro/clickbench/BenchmarkQueries.query22;org/weakref/nitro/clickbench/BenchmarkQueries.consume;org/weakref/nitro/operator/TopNOperator.next;org/weakref/nitro/operator/TopNOperator.computeTopN;org/weakref/nitro/operator/GroupedAggregationOperator.next;org/weakref/nitro/operator/GroupedAggregationOperator.computeResults;org/weakref/nitro/operator/GroupOperator.next;org/weakref/nitro/operator/FilterOperator.next;org/weakref/nitro/operator/evaluator/PlanEvaluator.evaluateInPlace;org/weakref/nitro/operator/evaluator/PlanEvaluator.evaluateTrueMaskInPlace;org/weakref/nitro/operator/evaluator/PlanEvaluator.evaluateAdaptiveAndTrueMaskInPlace;org/weakref/nitro/operator/evaluator/PlanEvaluator.evaluateMeasuredTrueMaskInPlace;org/weakref/nitro/operator/evaluator/PlanEvaluator.evaluateTrueMaskInPlace;org/weakref/nitro/operator/evaluator/PlanEvaluator.evaluateTrueReferenceMaskFallbackInPlace;org/weakref/nitro/operator/evaluator/PlanEvaluator.evaluate;org/weakref/nitro/operator/evaluator/PlanEvaluator.evaluateUnmemoized;org/weakref/nitro/operator/evaluator/PlanEvaluator.evaluateVariable;org/weakref/nitro/operator/evaluator/PlanEvaluator.evaluateCall;org/weakref/nitro/operator/evaluator/PlanEvaluator.evaluateArgument;org/weakref/nitro/operator/evaluator/PlanEvaluator.evaluate;org/weakref/nitro/operator/evaluator/PlanEvaluator.evaluateUnmemoized;org/weakref/nitro/operator/evaluator/PlanEvaluator.evaluateInput;org/weakref/nitro/operator/FilterOperator$1.resolve;org/weakref/nitro/operator/Output.borrowOrNull;org/weakref/nitro/operator/Output.borrow;org/weakref/nitro/operator/Output.borrow;org/weakref/nitro/operator/NitroParquetScanOperator$ScanOutputResolver$$Lambda.0x00000000630aab88.apply;org/weakref/nitro/operator/NitroParquetScanOperator$ScanOutputResolver.resolve;org/weakref/nitro/operator/NitroParquetScanOperator.resolveLazyColumn;org/weakref/nitro/operator/NitroParquetScanOperator.decodeFullColumn;org/weakref/nitro/parquet/ColumnReader.readBinary;org/weakref/nitro/parquet/ColumnReader.readBinaryDirect;org/weakref/nitro/parquet/ColumnReader.decodeNextDataPage;org/weakref/nitro/parquet/ColumnReader.decompress;io/airlift/compress/v3/snappy/SnappyNativeDecompressor.decompress;io/airlift/compress/v3/snappy/SnappyNative.decompress;io/airlift/compress/v3/snappy/SnappyNative.decompressInternal;java/lang/invoke/LambdaForm$MH.0x000000006311c400.invokeExact_MT;java/lang/invoke/LambdaForm$MH.0x0000000063134000.invoke;java/lang/invoke/LambdaForm$DMH.0x00000000630b1400.invokeStatic;jdk/internal/foreign/abi/DowncallStub.0x00000000630b1000.invoke;java/lang/invoke/LambdaForm$MH.0x000000006311d000.invokeExact_MT;java/lang/invoke/LambdaForm$MH.0x0000000063134400.invoke;nep_invoker_blob;snappy_uncompress;snappy::RawUncompress;snappy::RawUncompress;void snappy::SnappyDecompressor::DecompressAllTags<snappy::SnappyArrayWriter>;std::pair<unsigned char const*, long> snappy::DecompressBranchless<char*>;snappy::MemCopy64;memmove@plt 14
/usr/lib/x86_64-linux-gnu/libc.so.6;/usr/lib/x86_64-linux-gnu/libc.so.6;thread_native_entry;Thread::call_run;WorkerThread::run;G1EvacuateRegionsBaseTask::work;G1EvacuateRegionsTask::evacuate_live_objects;G1ParEvacuateFollowersClosure::do_void;G1ParScanThreadState::steal_and_trim_queue;G1ParScanThreadState::trim_queue_to_threshold;void OopOopIterateBackwardsDispatch<G1ScanEvacuatedObjClosure>::Table::oop_oop_iterate_backwards<InstanceKlass, narrowOop> 1
java/lang/Thread.run;java/lang/Thread.runWith;java/util/concurrent/ThreadPoolExecutor$Worker.run;java/util/concurrent/ThreadPoolExecutor.runWorker;java/util/concurrent/FutureTask.run;java/util/concurrent/Executors$RunnableAdapter.call;java/util/concurrent/FutureTask.run;org/openjdk/jmh/runner/BenchmarkHandler$BenchmarkTask.call;org/openjdk/jmh/runner/BenchmarkHandler$BenchmarkTask.call;java/lang/reflect/Method.invoke;jdk/internal/reflect/DirectMethodHandleAccessor.invoke;jdk/internal/reflect/DirectMethodHandleAccessor.invokeImpl;java/lang/invoke/LambdaForm$MH.0x0000000063061400.invokeExact_MT;java/lang/invoke/LambdaForm$MH.0x0000000063061000.invoke;java/lang/invoke/DirectMethodHandle$Holder.invokeSpecial;org/weakref/nitro/clickbench/jmh_generated/BenchmarkQueries_query22_jmhTest.query22_AverageTime;org/weakref/nitro/clickbench/jmh_generated/BenchmarkQueries_query22_jmhTest.query22_avgt_jmhStub;org/weakref/nitro/clickbench/BenchmarkQueries.query22;org/weakref/nitro/clickbench/BenchmarkQueries.consume;org/weakref/nitro/operator/TopNOperator.next;org/weakref/nitro/operator/TopNOperator.computeTopN;org/weakref/nitro/operator/GroupedAggregationOperator.next;org/weakref/nitro/operator/GroupedAggregationOperator.computeResults;org/weakref/nitro/operator/GroupOperator.next;org/weakref/nitro/operator/FilterOperator.next;org/weakref/nitro/operator/evaluator/PlanEvaluator.evaluateInPlace;org/weakref/nitro/operator/evaluator/PlanEvaluator.evaluateTrueMaskInPlace;org/weakref/nitro/operator/evaluator/PlanEvaluator.evaluateAdaptiveAndTrueMaskInPlace;org/weakref/nitro/operator/evaluator/PlanEvaluator.evaluateMeasuredTrueMaskInPlace;org/weakref/nitro/operator/evaluator/PlanEvaluator.evaluateTrueMaskInPlace;org/weakref/nitro/operator/evaluator/PlanEvaluator.evaluateTrueReferenceMaskFallbackInPlace;org/weakref/nitro/operator/evaluator/PlanEvaluator.evaluate;org/weakref/nitro/operator/evaluator/PlanEvaluator.evaluateUnmemoized;org/weakref/nitro/operator/evaluator/PlanEvaluator.evaluateVariable;org/weakref/nitro/operator/evaluator/PlanEvaluator.evaluateCall;org/weakref/nitro/operator/evaluator/PlanEvaluator.evaluateArgument;org/weakref/nitro/operator/evaluator/PlanEvaluator.evaluate;org/weakref/nitro/operator/evaluator/PlanEvaluator.evaluateUnmemoized;org/weakref/nitro/operator/evaluator/PlanEvaluator.evaluateInput;org/weakref/nitro/operator/FilterOperator$1.resolve;org/weakref/nitro/operator/Output.borrowOrNull;org/weakref/nitro/operator/Output.borrow;org/weakref/nitro/operator/Output.borrow;org/weakref/nitro/operator/NitroParquetScanOperator$ScanOutputResolver$$Lambda.0x00000000630aab88.apply;org/weakref/nitro/operator/NitroParquetScanOperator$ScanOutputResolver.resolve;org/weakref/nitro/operator/NitroParquetScanOperator.resolveLazyColumn;org/weakref/nitro/operator/NitroParquetScanOperator.decodeFullColumn;org/weakref/nitro/parquet/ColumnReader.readBinary;org/weakref/nitro/parquet/ColumnReader.readBinaryDirect;org/weakref/nitro/parquet/ColumnReader.decodeNextDataPage;org/weakref/nitro/parquet/ColumnReader.decompress;io/airlift/compress/v3/snappy/SnappyNativeDecompressor.decompress;io/airlift/compress/v3/snappy/SnappyNative.decompress;io/airlift/compress/v3/snappy/SnappyNative.decompressInternal;java/lang/invoke/LambdaForm$MH.0x000000006311c400.invokeExact_MT;java/lang/invoke/LambdaForm$MH.0x0000000063134000.invoke;java/lang/invoke/LambdaForm$DMH.0x00000000630b1400.invokeStatic;jdk/internal/foreign/abi/DowncallStub.0x00000000630b1000.invoke;java/lang/invoke/LambdaForm$MH.0x000000006311d000.invokeExact_MT;java/lang/invoke/LambdaForm$MH.0x0000000063134400.invoke;nep_invoker_blob;snappy_uncompress;snappy::RawUncompress;snappy::RawUncompress;void snappy::SnappyDecompressor::DecompressAllTags<snappy::SnappyArrayWriter>;std::pair<unsigned char const*, long> snappy::DecompressBranchless<char*>;snappy::DeferMemCopy 22
/usr/lib/x86_64-linux-gnu/libc.so.6;/usr/lib/x86_64-linux-gnu/libc.so.6;thread_native_entry;Thread::call_run;JavaThread::thread_main_inner;CompileBroker::compiler_thread_loop;CompileBroker::invoke_compiler_on_method;C2Compiler::compile_method;Compile::Compile;ParseGenerator::generate;Parse::Parse;Parse::do_all_blocks;Parse::do_one_block;Parse::do_call;PredictedCallGenerator::generate;PredictedCallGenerator::generate;ParseGenerator::generate;Parse::Parse;Parse::do_all_blocks;Parse::do_one_block;Parse::do_call;PredictedCallGenerator::generate;ParseGenerator::generate;Parse::Parse;Parse::do_all_blocks;Parse::do_one_block;Parse::do_call;PredictedCallGenerator::generate;ParseGenerator::generate;Parse::Parse;Parse::do_all_blocks;Parse::do_one_block;Parse::do_call;PredictedCallGenerator::generate;ParseGenerator::generate;Parse::Parse;Parse::do_all_blocks;Parse::do_one_block;Parse::do_call;PredictedCallGenerator::generate;ParseGenerator::generate;Parse::Parse;Parse::do_all_blocks;Parse::do_one_block;Parse::do_call;PredictedCallGenerator::generate;ParseGenerator::generate;Parse::Parse;Parse::do_all_blocks;Parse::do_one_block;Parse::do_call;PredictedCallGenerator::generate;ParseGenerator::generate;Parse::Parse;Parse::do_all_blocks;Parse::do_one_block;Parse::do_call;PredictedCallGenerator::generate;ParseGenerator::generate;Parse::Parse;Parse::do_all_blocks;Parse::do_one_block;Parse::do_call;PredictedCallGenerator::generate;ParseGenerator::generate;Parse::Parse;Parse::do_all_blocks;Parse::do_one_block;Parse::do_call;DirectCallGenerator::generate;GraphKit::set_results_for_java_call;GraphKit::make_slow_call_ex;PhaseGVN::transform;NodeHash::hash_find_insert;PCTableNode::hash 1
java/lang/Thread.run;java/lang/Thread.runWith;java/util/concurrent/ThreadPoolExecutor$Worker.run;java/util/concurrent/ThreadPoolExecutor.runWorker;java/util/concurrent/FutureTask.run;java/util/concurrent/Executors$RunnableAdapter.call;java/util/concurrent/FutureTask.run;org/openjdk/jmh/runner/BenchmarkHandler$BenchmarkTask.call;org/openjdk/jmh/runner/BenchmarkHandler$BenchmarkTask.call;java/lang/reflect/Method.invoke;jdk/internal/reflect/DirectMethodHandleAccessor.invoke;jdk/internal/reflect/DirectMethodHandleAccessor.invokeImpl;java/lang/invoke/LambdaForm$MH.0x0000000063061400.invokeExact_MT;java/lang/invoke/LambdaForm$MH.0x0000000063061000.invoke;java/lang/invoke/DirectMethodHandle$Holder.invokeSpecial;org/weakref/nitro/clickbench/jmh_generated/BenchmarkQueries_query22_jmhTest.query22_AverageTime;org/weakref/nitro/clickbench/jmh_generated/BenchmarkQueries_query22_jmhTest.query22_avgt_jmhStub;org/weakref/nitro/clickbench/BenchmarkQueries.query22;org/weakref/nitro/clickbench/BenchmarkQueries.consume;org/weakref/nitro/operator/TopNOperator.next;org/weakref/nitro/operator/TopNOperator.computeTopN;org/weakref/nitro/operator/GroupedAggregationOperator.next;org/weakref/nitro/operator/GroupedAggregationOperator.computeResults;org/weakref/nitro/operator/GroupOperator.next;org/weakref/nitro/operator/FilterOperator.next;org/weakref/nitro/operator/evaluator/PlanEvaluator.evaluateInPlace;org/weakref/nitro/operator/evaluator/PlanEvaluator.evaluateTrueMaskInPlace;org/weakref/nitro/operator/evaluator/PlanEvaluator.evaluateAdaptiveAndTrueMaskInPlace;org/weakref/nitro/operator/evaluator/PlanEvaluator.evaluateMeasuredTrueMaskInPlace;org/weakref/nitro/operator/evaluator/PlanEvaluator.evaluateTrueMaskInPlace;org/weakref/nitro/operator/evaluator/PlanEvaluator.evaluateFalseMaskInPlace;org/weakref/nitro/operator/evaluator/PlanEvaluator.tryEvaluatePrimitiveFalseMaskInPlace;org/weakref/nitro/operator/evaluator/PlanEvaluator.tryEvaluatePrimitiveMaskInPlace;org/weakref/nitro/operator/evaluator/PlanEvaluator.resolveMaskPrimitiveInvocation;org/weakref/nitro/operator/evaluator/PlanEvaluator.evaluateArgument;org/weakref/nitro/operator/FilterOperator$1.resolve;org/weakref/nitro/operator/Output.borrowOrNull;org/weakref/nitro/operator/Output.borrow;org/weakref/nitro/operator/Output.borrow;org/weakref/nitro/operator/NitroParquetScanOperator$ScanOutputResolver$$Lambda.0x00000000630aab88.apply;org/weakref/nitro/operator/NitroParquetScanOperator$ScanOutputResolver.resolve;org/weakref/nitro/operator/NitroParquetScanOperator.resolveLazyColumn;org/weakref/nitro/operator/NitroParquetScanOperator.decodeFullColumn;org/weakref/nitro/parquet/ColumnReader.readBinary;org/weakref/nitro/parquet/ColumnReader.readBinaryDirect;org/weakref/nitro/parquet/ColumnReader.decodeNextDataPage;org/weakref/nitro/parquet/ColumnReader.decompress;io/airlift/compress/v3/snappy/SnappyNativeDecompressor.decompress;io/airlift/compress/v3/snappy/SnappyNative.decompress;io/airlift/compress/v3/snappy/SnappyNative.decompressInternal;java/lang/invoke/LambdaForm$MH.0x000000006311c400.invokeExact_MT;java/lang/invoke/LambdaForm$MH.0x0000000063134000.invoke;java/lang/invoke/LambdaForm$DMH.0x00000000630b1400.invokeStatic;jdk/internal/foreign/abi/DowncallStub.0x00000000630b1000.invoke;java/lang/invoke/LambdaForm$MH.0x000000006311d000.invokeExact_MT;java/lang/invoke/LambdaForm$MH.0x0000000063134400.invoke;nep_invoker_blob;snappy_uncompress;snappy::RawUncompress;snappy::RawUncompress;void snappy::SnappyDecompressor::DecompressAllTags<snappy::SnappyArrayWriter>;std::pair<unsigned char const*, long> snappy::DecompressBranchless<char*>;snappy::MemCopy64 4
java/lang/Thread.run;java/lang/Thread.runWith;java/util/concurrent/ThreadPoolExecutor$Worker.run;java/util/concurrent/ThreadPoolExecutor.runWorker;java/util/concurrent/FutureTask.run;java/util/concurrent/Executors$RunnableAdapter.call;java/util/concurrent/FutureTask.run;org/openjdk/jmh/runner/BenchmarkHandler$BenchmarkTask.call;org/openjdk/jmh/runner/BenchmarkHandler$BenchmarkTask.call;java/lang/reflect/Method.invoke;jdk/internal/reflect/DirectMethodHandleAccessor.invoke;jdk/internal/reflect/DirectMethodHandleAccessor.invokeImpl;java/lang/invoke/LambdaForm$MH.0x0000000063061400.invokeExact_MT;java/lang/invoke/LambdaForm$MH.0x0000000063061000.invoke;java/lang/invoke/DirectMethodHandle$Holder.invokeSpecial;org/weakref/nitro/clickbench/jmh_generated/BenchmarkQueries_query22_jmhTest.query22_AverageTime;org/weakref/nitro/clickbench/jmh_generated/BenchmarkQueries_query22_jmhTest.query22_avgt_jmhStub;org/weakref/nitro/clickbench/BenchmarkQueries.query22;org/weakref/nitro/clickbench/BenchmarkQueries.consume;org/weakref/nitro/operator/TopNOperator.next;org/weakref/nitro/operator/TopNOperator.computeTopN;org/weakref/nitro/operator/GroupedAggregationOperator.next;org/weakref/nitro/operator/GroupedAggregationOperator.computeResults;org/weakref/nitro/operator/GroupOperator.next;org/weakref/nitro/operator/FilterOperator.next;org/weakref/nitro/operator/evaluator/PlanEvaluator.evaluateInPlace;org/weakref/nitro/operator/evaluator/PlanEvaluator.evaluateTrueMaskInPlace;org/weakref/nitro/operator/evaluator/PlanEvaluator.evaluateAdaptiveAndTrueMaskInPlace;org/weakref/nitro/operator/evaluator/PlanEvaluator.evaluateMeasuredTrueMaskInPlace;org/weakref/nitro/operator/evaluator/PlanEvaluator.evaluateTrueMaskInPlace;org/weakref/nitro/operator/evaluator/PlanEvaluator.evaluateFalseMaskInPlace;org/weakref/nitro/operator/evaluator/PlanEvaluator.tryEvaluatePrimitiveFalseMaskInPlace;org/weakref/nitro/operator/evaluator/PlanEvaluator.tryEvaluatePrimitiveMaskInPlace;org/weakref/nitro/operator/evaluator/PlanEvaluator.resolveMaskPrimitiveInvocation;org/weakref/nitro/operator/evaluator/PlanEvaluator.evaluateArgument;org/weakref/nitro/operator/FilterOperator$1.resolve;org/weakref/nitro/operator/Output.borrowOrNull;org/weakref/nitro/operator/Output.borrow;org/weakref/nitro/operator/Output.borrow;org/weakref/nitro/operator/NitroParquetScanOperator$ScanOutputResolver$$Lambda.0x00000000630aab88.apply;org/weakref/nitro/operator/NitroParquetScanOperator$ScanOutputResolver.resolve;org/weakref/nitro/operator/NitroParquetScanOperator.resolveLazyColumn;org/weakref/nitro/operator/NitroParquetScanOperator.decodeFullColumn;org/weakref/nitro/parquet/ColumnReader.readBinary;org/weakref/nitro/parquet/ColumnReader.readBinaryDirect;org/weakref/nitro/parquet/ColumnReader.decodeNextDataPage;org/weakref/nitro/parquet/ColumnReader.decodeDataPageV1;org/weakref/nitro/parquet/ColumnReader.scatterDictionaryBinaryIds;jint_disjoint_arraycopy_stub 1
/usr/lib/x86_64-linux-gnu/libc.so.6;/usr/lib/x86_64-linux-gnu/libc.so.6;thread_native_entry;Thread::call_run;JavaThread::thread_main_inner;CompileBroker::compiler_thread_loop;CompileBroker::invoke_compiler_on_method;C2Compiler::compile_method;Compile::Compile;Compile::Code_Gen;Matcher::match;Matcher::xform;Arena::contains 2
java/lang/Thread.run;java/lang/Thread.runWith;java/util/concurrent/ThreadPoolExecutor$Worker.run;java/util/concurrent/ThreadPoolExecutor.runWorker;java/util/concurrent/FutureTask.run;java/util/concurrent/Executors$RunnableAdapter.call;java/util/concurrent/FutureTask.run;org/openjdk/jmh/runner/BenchmarkHandler$BenchmarkTask.call;org/openjdk/jmh/runner/BenchmarkHandler$BenchmarkTask.call;java/lang/reflect/Method.invoke;jdk/internal/reflect/DirectMethodHandleAccessor.invoke;jdk/internal/reflect/DirectMethodHandleAccessor.invokeImpl;java/lang/invoke/LambdaForm$MH.0x0000000063061400.invokeExact_MT;java/lang/invoke/LambdaForm$MH.0x0000000063061000.invoke;java/lang/invoke/DirectMethodHandle$Holder.invokeSpecial;org/weakref/nitro/clickbench/jmh_generated/BenchmarkQueries_query22_jmhTest.query22_AverageTime;org/weakref/nitro/clickbench/jmh_generated/BenchmarkQueries_query22_jmhTest.query22_avgt_jmhStub;org/weakref/nitro/clickbench/BenchmarkQueries.query22;org/weakref/nitro/clickbench/BenchmarkQueries.consume;org/weakref/nitro/operator/TopNOperator.next;org/weakref/nitro/operator/TopNOperator.computeTopN;org/weakref/nitro/operator/GroupedAggregationOperator.next;org/weakref/nitro/operator/GroupedAggregationOperator.computeResults;org/weakref/nitro/operator/GroupOperator.next;org/weakref/nitro/operator/FilterOperator.next;org/weakref/nitro/operator/evaluator/PlanEvaluator.evaluateInPlace;org/weakref/nitro/operator/evaluator/PlanEvaluator.evaluateTrueMaskInPlace;org/weakref/nitro/operator/evaluator/PlanEvaluator.evaluateAdaptiveAndTrueMaskInPlace;org/weakref/nitro/operator/evaluator/PlanEvaluator.evaluateMeasuredTrueMaskInPlace;org/weakref/nitro/operator/evaluator/PlanEvaluator.evaluateTrueMaskInPlace;org/weakref/nitro/operator/evaluator/PlanEvaluator.evaluateTrueReferenceMaskFallbackInPlace;org/weakref/nitro/operator/evaluator/PlanEvaluator.evaluate;org/weakref/nitro/operator/evaluator/PlanEvaluator.evaluateUnmemoized;org/weakref/nitro/operator/evaluator/PlanEvaluator.evaluateVariable;org/weakref/nitro/operator/evaluator/PlanEvaluator.evaluateCall;org/weakref/nitro/operator/evaluator/PlanEvaluator.evaluateArgument;org/weakref/nitro/operator/evaluator/PlanEvaluator.evaluate;org/weakref/nitro/operator/evaluator/PlanEvaluator.evaluateUnmemoized;org/weakref/nitro/operator/evaluator/PlanEvaluator.evaluateVariable;org/weakref/nitro/operator/evaluator/PlanEvaluator.evaluateLiteral;org/weakref/nitro/operator/evaluator/PlanEvaluator.fillUtf8;org/weakref/nitro/data/Allocator.allocateSingleRunRle;org/weakref/nitro/data/RleVector.<init>;java/util/stream/IntPipeline.sum;java/util/stream/IntPipeline.reduce;java/util/stream/AbstractPipeline.evaluate;java/util/stream/ReduceOps$ReduceOp.evaluateSequential;java/util/stream/AbstractPipeline.wrapAndCopyInto;java/util/stream/AbstractPipeline.copyInto;java/util/Spliterator$OfInt.forEachRemaining 1
java/lang/Thread.run;java/lang/Thread.runWith;java/util/concurrent/ThreadPoolExecutor$Worker.run;java/util/concurrent/ThreadPoolExecutor.runWorker;java/util/concurrent/FutureTask.run;java/util/concurrent/Executors$RunnableAdapter.call;java/util/concurrent/FutureTask.run;org/openjdk/jmh/runner/BenchmarkHandler$BenchmarkTask.call;org/openjdk/jmh/runner/BenchmarkHandler$BenchmarkTask.call;java/lang/reflect/Method.invoke;jdk/internal/reflect/DirectMethodHandleAccessor.invoke;jdk/internal/reflect/DirectMethodHandleAccessor.invokeImpl;java/lang/invoke/LambdaForm$MH.0x0000000063061400.invokeExact_MT;java/lang/invoke/LambdaForm$MH.0x0000000063061000.invoke;java/lang/invoke/DirectMethodHandle$Holder.invokeSpecial;org/weakref/nitro/clickbench/jmh_generated/BenchmarkQueries_query22_jmhTest.query22_AverageTime;org/weakref/nitro/clickbench/jmh_generated/BenchmarkQueries_query22_jmhTest.query22_avgt_jmhStub;org/weakref/nitro/clickbench/BenchmarkQueries.query22;org/weakref/nitro/clickbench/BenchmarkQueries.consume;org/weakref/nitro/operator/TopNOperator.next;org/weakref/nitro/operator/TopNOperator.computeTopN;org/weakref/nitro/operator/GroupedAggregationOperator.next;org/weakref/nitro/operator/GroupedAggregationOperator.computeResults;org/weakref/nitro/operator/GroupOperator.next;org/weakref/nitro/operator/FilterOperator.next;org/weakref/nitro/operator/evaluator/PlanEvaluator.evaluateInPlace;org/weakref/nitro/operator/evaluator/PlanEvaluator.evaluateTrueMaskInPlace;org/weakref/nitro/operator/evaluator/PlanEvaluator.evaluateAdaptiveAndTrueMaskInPlace;org/weakref/nitro/operator/evaluator/PlanEvaluator.evaluateMeasuredTrueMaskInPlace;org/weakref/nitro/operator/evaluator/PlanEvaluator.evaluateTrueMaskInPlace;org/weakref/nitro/operator/evaluator/PlanEvaluator.evaluateTrueReferenceMaskFallbackInPlace;org/weakref/nitro/operator/evaluator/PlanEvaluator.evaluate;org/weakref/nitro/operator/evaluator/PlanEvaluator.evaluateUnmemoized;org/weakref/nitro/operator/evaluator/PlanEvaluator.evaluateVariable;org/weakref/nitro/operator/evaluator/PlanEvaluator.evaluateCall;org/weakref/nitro/operator/evaluator/PlanEvaluator.evaluateArgument;org/weakref/nitro/operator/evaluator/PlanEvaluator.evaluate;org/weakref/nitro/operator/evaluator/PlanEvaluator.evaluateUnmemoized;org/weakref/nitro/operator/evaluator/PlanEvaluator.evaluateInput;org/weakref/nitro/operator/FilterOperator$1.resolve;org/weakref/nitro/operator/Output.borrowOrNull;org/weakref/nitro/operator/Output.borrow;org/weakref/nitro/operator/Output.borrow;org/weakref/nitro/operator/NitroParquetScanOperator$ScanOutputResolver$$Lambda.0x00000000630aab88.apply;org/weakref/nitro/operator/NitroParquetScanOperator$ScanOutputResolver.resolve;org/weakref/nitro/operator/NitroParquetScanOperator.resolveLazyColumn;org/weakref/nitro/operator/NitroParquetScanOperator.decodeFullColumn;org/weakref/nitro/parquet/ColumnReader.readBinary;org/weakref/nitro/parquet/ColumnReader.readBinaryDirect;org/weakref/nitro/parquet/ColumnReader.decodeNextDataPage;org/weakref/nitro/parquet/ColumnReader.decodeDataPageV1;jdk/internal/foreign/AbstractMemorySegmentImpl.get;java/lang/invoke/VarHandleGuards.guard_LJ_I;java/lang/invoke/VarHandleSegmentAsInts.get;java/lang/invoke/VarHandleSegmentAsInts.get;jdk/internal/misc/ScopedMemoryAccess.getIntUnaligned;jdk/internal/misc/ScopedMemoryAccess.getIntUnalignedInternal;jdk/internal/foreign/MemorySessionImpl.checkValidStateRaw;jbyte_arraycopy_stub 1
java/lang/Thread.run;java/lang/Thread.runWith;java/util/concurrent/ThreadPoolExecutor$Worker.run;java/util/concurrent/ThreadPoolExecutor.runWorker;java/util/concurrent/FutureTask.run;java/util/concurrent/Executors$RunnableAdapter.call;java/util/concurrent/FutureTask.run;org/openjdk/jmh/runner/BenchmarkHandler$BenchmarkTask.call;org/openjdk/jmh/runner/BenchmarkHandler$BenchmarkTask.call;java/lang/reflect/Method.invoke;jdk/internal/reflect/DirectMethodHandleAccessor.invoke;jdk/internal/reflect/DirectMethodHandleAccessor.invokeImpl;java/lang/invoke/LambdaForm$MH.0x0000000063061400.invokeExact_MT;java/lang/invoke/LambdaForm$MH.0x0000000063061000.invoke;java/lang/invoke/DirectMethodHandle$Holder.invokeSpecial;org/weakref/nitro/clickbench/jmh_generated/BenchmarkQueries_query22_jmhTest.query22_AverageTime;org/weakref/nitro/clickbench/jmh_generated/BenchmarkQueries_query22_jmhTest.query22_avgt_jmhStub;org/weakref/nitro/clickbench/BenchmarkQueries.query22;org/weakref/nitro/clickbench/BenchmarkQueries.consume;org/weakref/nitro/operator/TopNOperator.next;org/weakref/nitro/operator/TopNOperator.computeTopN;org/weakref/nitro/operator/GroupedAggregationOperator.next;org/weakref/nitro/operator/GroupedAggregationOperator.computeResults;org/weakref/nitro/operator/GroupOperator.next;org/weakref/nitro/operator/FilterOperator.next;org/weakref/nitro/operator/evaluator/PlanEvaluator.evaluateInPlace;org/weakref/nitro/operator/evaluator/PlanEvaluator.evaluateTrueMaskInPlace;org/weakref/nitro/operator/evaluator/PlanEvaluator.evaluateAdaptiveAndTrueMaskInPlace;org/weakref/nitro/operator/evaluator/PlanEvaluator.evaluateMeasuredTrueMaskInPlace;org/weakref/nitro/operator/evaluator/PlanEvaluator.evaluateTrueMaskInPlace;org/weakref/nitro/operator/evaluator/PlanEvaluator.evaluateTrueReferenceMaskFallbackInPlace;org/weakref/nitro/operator/evaluator/PlanEvaluator.evaluate;org/weakref/nitro/operator/evaluator/PlanEvaluator.evaluateUnmemoized;org/weakref/nitro/operator/evaluator/PlanEvaluator.evaluateVariable;org/weakref/nitro/operator/evaluator/PlanEvaluator.evaluateCall;org/weakref/nitro/function/scalar/builtin/ContainsUtf8.apply;org/weakref/nitro/function/scalar/builtin/Utf8BinaryDispatch.applyContains;org/weakref/nitro/function/scalar/builtin/Utf8BinaryDispatch.apply;org/weakref/nitro/function/scalar/builtin/Utf8BinaryDispatch.applyValues;org/weakref/nitro/function/scalar/builtin/Utf8BinaryDispatch.applyContainsFlatSingleNeedle;org/weakref/nitro/function/scalar/builtin/Utf8BinaryDispatch.binaryContains;org/weakref/nitro/function/scalar/builtin/Utf8BinaryDispatch.binaryContainsVectorized;org/weakref/nitro/function/scalar/builtin/Utf8BinaryDispatch.binaryContainsVectorizedChunk;jdk/incubator/vector/Byte512Vector$Byte512Mask.toLong 1
java/lang/Thread.run;java/lang/Thread.runWith;java/util/concurrent/ThreadPoolExecutor$Worker.run;java/util/concurrent/ThreadPoolExecutor.runWorker;java/util/concurrent/FutureTask.run;java/util/concurrent/Executors$RunnableAdapter.call;java/util/concurrent/FutureTask.run;org/openjdk/jmh/runner/BenchmarkHandler$BenchmarkTask.call;org/openjdk/jmh/runner/BenchmarkHandler$BenchmarkTask.call;java/lang/reflect/Method.invoke;jdk/internal/reflect/DirectMethodHandleAccessor.invoke;jdk/internal/reflect/DirectMethodHandleAccessor.invokeImpl;java/lang/invoke/LambdaForm$MH.0x0000000063061400.invokeExact_MT;java/lang/invoke/LambdaForm$MH.0x0000000063061000.invoke;java/lang/invoke/DirectMethodHandle$Holder.invokeSpecial;org/weakref/nitro/clickbench/jmh_generated/BenchmarkQueries_query22_jmhTest.query22_AverageTime;org/weakref/nitro/clickbench/jmh_generated/BenchmarkQueries_query22_jmhTest.query22_avgt_jmhStub;org/weakref/nitro/clickbench/BenchmarkQueries.query22;org/weakref/nitro/clickbench/BenchmarkQueries.consume;org/weakref/nitro/operator/TopNOperator.next;org/weakref/nitro/operator/TopNOperator.computeTopN;org/weakref/nitro/operator/GroupedAggregationOperator.next;org/weakref/nitro/operator/GroupedAggregationOperator.computeResults;org/weakref/nitro/operator/GroupOperator.next;org/weakref/nitro/operator/FilterOperator.next;org/weakref/nitro/operator/evaluator/PlanEvaluator.evaluateInPlace;org/weakref/nitro/operator/evaluator/PlanEvaluator.evaluateTrueMaskInPlace;org/weakref/nitro/operator/evaluator/PlanEvaluator.evaluateAdaptiveAndTrueMaskInPlace;org/weakref/nitro/operator/evaluator/PlanEvaluator.evaluateMeasuredTrueMaskInPlace;org/weakref/nitro/operator/evaluator/PlanEvaluator.evaluateTrueMaskInPlace;org/weakref/nitro/operator/evaluator/PlanEvaluator.evaluateFalseMaskInPlace;org/weakref/nitro/operator/evaluator/PlanEvaluator.tryEvaluatePrimitiveFalseMaskInPlace;org/weakref/nitro/operator/evaluator/PlanEvaluator.tryEvaluatePrimitiveMaskInPlace;org/weakref/nitro/operator/evaluator/PlanEvaluator.resolveMaskPrimitiveInvocation;org/weakref/nitro/operator/evaluator/PlanEvaluator.evaluateArgument;org/weakref/nitro/operator/FilterOperator$1.resolve;org/weakref/nitro/operator/Output.borrowOrNull;org/weakref/nitro/operator/Output.borrow;org/weakref/nitro/operator/Output.borrow;org/weakref/nitro/operator/NitroParquetScanOperator$ScanOutputResolver$$Lambda.0x00000000630aab88.apply;org/weakref/nitro/operator/NitroParquetScanOperator$ScanOutputResolver.resolve;org/weakref/nitro/operator/NitroParquetScanOperator.resolveLazyColumn;org/weakref/nitro/operator/NitroParquetScanOperator.decodeFullColumn;org/weakref/nitro/parquet/ColumnReader.readBinary;org/weakref/nitro/parquet/ColumnReader.readBinaryDirect;org/weakref/nitro/parquet/ColumnReader.decodeNextDataPage;org/weakref/nitro/parquet/ColumnReader.decodeDictionary;jdk/internal/foreign/AbstractMemorySegmentImpl.get;java/lang/invoke/VarHandleGuards.guard_LJ_I;java/lang/invoke/VarHandleSegmentAsInts.get;java/lang/invoke/VarHandleSegmentAsInts.get;jdk/internal/misc/ScopedMemoryAccess.getIntUnaligned;jdk/internal/misc/ScopedMemoryAccess.getIntUnalignedInternal;jdk/internal/misc/Unsafe.getIntUnaligned 1
java/lang/Thread.run;java/lang/Thread.runWith;java/util/concurrent/ThreadPoolExecutor$Worker.run;java/util/concurrent/ThreadPoolExecutor.runWorker;java/util/concurrent/FutureTask.run;java/util/concurrent/Executors$RunnableAdapter.call;java/util/concurrent/FutureTask.run;org/openjdk/jmh/runner/BenchmarkHandler$BenchmarkTask.call;org/openjdk/jmh/runner/BenchmarkHandler$BenchmarkTask.call;java/lang/reflect/Method.invoke;jdk/internal/reflect/DirectMethodHandleAccessor.invoke;jdk/internal/reflect/DirectMethodHandleAccessor.invokeImpl;java/lang/invoke/LambdaForm$MH.0x0000000063061400.invokeExact_MT;java/lang/invoke/LambdaForm$MH.0x0000000063061000.invoke;java/lang/invoke/DirectMethodHandle$Holder.invokeSpecial;org/weakref/nitro/clickbench/jmh_generated/BenchmarkQueries_query22_jmhTest.query22_AverageTime;org/weakref/nitro/clickbench/jmh_generated/BenchmarkQueries_query22_jmhTest.query22_avgt_jmhStub;org/weakref/nitro/clickbench/BenchmarkQueries.query22;org/weakref/nitro/clickbench/BenchmarkQueries.consume;org/weakref/nitro/operator/TopNOperator.close;org/weakref/nitro/operator/GroupedAggregationOperator.close;org/weakref/nitro/operator/GroupOperator.close;org/weakref/nitro/operator/FilterOperator.close;org/weakref/nitro/operator/NitroParquetScanOperator.close;org/weakref/nitro/parquet/ParquetFile.close;jdk/internal/foreign/ArenaImpl.close;jdk/internal/foreign/MemorySessionImpl.close;jdk/internal/foreign/ConfinedSession$ConfinedResourceList.cleanup;jdk/internal/foreign/MemorySessionImpl$ResourceList.cleanupSingle;jdk/internal/foreign/SegmentFactories$2.cleanup;sun/nio/ch/FileChannelImpl$Unmapper.unmap;sun/nio/ch/UnixFileDispatcherImpl.unmap;sun/nio/ch/UnixFileDispatcherImpl.unmap0;Java_sun_nio_ch_UnixFileDispatcherImpl_unmap0;munmap;entry_SYSCALL_64_after_hwframe_[k];do_syscall_64_[k];x64_sys_call_[k];__x64_sys_munmap_[k];__vm_munmap_[k];do_vmi_munmap_[k];do_vmi_align_munmap_[k];vms_complete_munmap_vmas_[k];vms_clear_ptes_[k];unmap_vmas_[k];unmap_single_vma.isra.0_[k];unmap_page_range_[k];zap_pmd_range.isra.0_[k];zap_pte_range_[k] 1
java/lang/Thread.run;java/lang/Thread.runWith;java/util/concurrent/ThreadPoolExecutor$Worker.run;java/util/concurrent/ThreadPoolExecutor.runWorker;java/util/concurrent/FutureTask.run;java/util/concurrent/Executors$RunnableAdapter.call;java/util/concurrent/FutureTask.run;org/openjdk/jmh/runner/BenchmarkHandler$BenchmarkTask.call;org/openjdk/jmh/runner/BenchmarkHandler$BenchmarkTask.call;java/lang/reflect/Method.invoke;jdk/internal/reflect/DirectMethodHandleAccessor.invoke;jdk/internal/reflect/DirectMethodHandleAccessor.invokeImpl;java/lang/invoke/LambdaForm$MH.0x0000000063061400.invokeExact_MT;java/lang/invoke/LambdaForm$MH.0x0000000063061000.invoke;java/lang/invoke/DirectMethodHandle$Holder.invokeSpecial;org/weakref/nitro/clickbench/jmh_generated/BenchmarkQueries_query22_jmhTest.query22_AverageTime;org/weakref/nitro/clickbench/jmh_generated/BenchmarkQueries_query22_jmhTest.query22_avgt_jmhStub;org/weakref/nitro/clickbench/BenchmarkQueries.query22;org/weakref/nitro/clickbench/BenchmarkQueries.consume;org/weakref/nitro/operator/TopNOperator.next;org/weakref/nitro/operator/TopNOperator.computeTopN;org/weakref/nitro/operator/GroupedAggregationOperator.next;org/weakref/nitro/operator/GroupedAggregationOperator.computeResults;org/weakref/nitro/operator/GroupOperator.next;org/weakref/nitro/operator/FilterOperator.next;org/weakref/nitro/operator/evaluator/PlanEvaluator.evaluateInPlace;org/weakref/nitro/operator/evaluator/PlanEvaluator.evaluateTrueMaskInPlace;org/weakref/nitro/operator/evaluator/PlanEvaluator.evaluateAdaptiveAndTrueMaskInPlace;org/weakref/nitro/operator/evaluator/PlanEvaluator.evaluateMeasuredTrueMaskInPlace;org/weakref/nitro/operator/evaluator/PlanEvaluator.evaluateTrueMaskInPlace;org/weakref/nitro/operator/evaluator/PlanEvaluator.evaluateTrueReferenceMaskFallbackInPlace;org/weakref/nitro/operator/evaluator/PlanEvaluator.evaluate;org/weakref/nitro/operator/evaluator/PlanEvaluator.evaluateUnmemoized;org/weakref/nitro/operator/evaluator/PlanEvaluator.evaluateVariable;org/weakref/nitro/operator/evaluator/PlanEvaluator.evaluateCall;org/weakref/nitro/operator/evaluator/PlanEvaluator.evaluateArgument;org/weakref/nitro/operator/evaluator/PlanEvaluator.evaluate;org/weakref/nitro/operator/evaluator/PlanEvaluator.evaluateUnmemoized;org/weakref/nitro/operator/evaluator/PlanEvaluator.evaluateInput;org/weakref/nitro/operator/FilterOperator$1.resolve;org/weakref/nitro/operator/Output.borrowOrNull;org/weakref/nitro/operator/Output.borrow;org/weakref/nitro/operator/Output.borrow;org/weakref/nitro/operator/NitroParquetScanOperator$ScanOutputResolver$$Lambda.0x00000000630aab88.apply;org/weakref/nitro/operator/NitroParquetScanOperator$ScanOutputResolver.resolve;org/weakref/nitro/operator/NitroParquetScanOperator.resolveLazyColumn;org/weakref/nitro/operator/NitroParquetScanOperator.decodeFullColumn;org/weakref/nitro/parquet/ColumnReader.readBinary;org/weakref/nitro/parquet/ColumnReader.readBinaryDirect;org/weakref/nitro/parquet/ColumnReader.decodeNextDataPage;org/weakref/nitro/parquet/ColumnReader.decodeDataPageV1;jdk/internal/foreign/AbstractMemorySegmentImpl.get;java/lang/invoke/VarHandleGuards.guard_LJ_I;java/lang/invoke/VarHandleSegmentAsInts.get;java/lang/invoke/VarHandleSegmentAsInts.get;jdk/internal/misc/ScopedMemoryAccess.getIntUnaligned;jdk/internal/misc/ScopedMemoryAccess.getIntUnalignedInternal;jdk/internal/foreign/MemorySessionImpl.checkValidStateRaw;jint_disjoint_arraycopy_stub 1
/usr/lib/x86_64-linux-gnu/libc.so.6;/usr/lib/x86_64-linux-gnu/libc.so.6;thread_native_entry;Thread::call_run;JavaThread::thread_main_inner;CompileBroker::compiler_thread_loop;CompileBroker::invoke_compiler_on_method;C2Compiler::compile_method;Compile::Compile;Compile::Optimize;PhaseIdealLoop::optimize;PhaseIdealLoop::build_and_optimize;PhaseIdealLoop::Dominators;NTarjan::DFS 1
java/lang/Thread.run;java/lang/Thread.runWith;java/util/concurrent/ThreadPoolExecutor$Worker.run;java/util/concurrent/ThreadPoolExecutor.runWorker;java/util/concurrent/FutureTask.run;java/util/concurrent/Executors$RunnableAdapter.call;java/util/concurrent/FutureTask.run;org/openjdk/jmh/runner/BenchmarkHandler$BenchmarkTask.call;org/openjdk/jmh/runner/BenchmarkHandler$BenchmarkTask.call;java/lang/reflect/Method.invoke;jdk/internal/reflect/DirectMethodHandleAccessor.invoke;jdk/internal/reflect/DirectMethodHandleAccessor.invokeImpl;java/lang/invoke/LambdaForm$MH.0x0000000063061400.invokeExact_MT;java/lang/invoke/LambdaForm$MH.0x0000000063061000.invoke;java/lang/invoke/DirectMethodHandle$Holder.invokeSpecial;org/weakref/nitro/clickbench/jmh_generated/BenchmarkQueries_query22_jmhTest.query22_AverageTime;org/weakref/nitro/clickbench/jmh_generated/BenchmarkQueries_query22_jmhTest.query22_avgt_jmhStub;org/weakref/nitro/clickbench/BenchmarkQueries.query22;org/weakref/nitro/clickbench/BenchmarkQueries.consume;org/weakref/nitro/operator/TopNOperator.next;org/weakref/nitro/operator/TopNOperator.computeTopN;org/weakref/nitro/operator/GroupedAggregationOperator.next;org/weakref/nitro/operator/GroupedAggregationOperator.computeResults;org/weakref/nitro/operator/GroupOperator.next;org/weakref/nitro/operator/FilterOperator.next;org/weakref/nitro/operator/evaluator/PlanEvaluator.evaluateInPlace;org/weakref/nitro/operator/evaluator/PlanEvaluator.evaluateTrueMaskInPlace;org/weakref/nitro/operator/evaluator/PlanEvaluator.evaluateAdaptiveAndTrueMaskInPlace;org/weakref/nitro/operator/evaluator/PlanEvaluator.evaluateMeasuredTrueMaskInPlace;org/weakref/nitro/operator/evaluator/PlanEvaluator.evaluateTrueMaskInPlace;org/weakref/nitro/operator/evaluator/PlanEvaluator.evaluateTrueReferenceMaskFallbackInPlace;org/weakref/nitro/operator/evaluator/PlanEvaluator.evaluate;org/weakref/nitro/operator/evaluator/PlanEvaluator.evaluateUnmemoized;org/weakref/nitro/operator/evaluator/PlanEvaluator.evaluateVariable;org/weakref/nitro/operator/evaluator/PlanEvaluator.evaluateCall;org/weakref/nitro/operator/evaluator/PlanEvaluator.evaluateArgument;org/weakref/nitro/operator/evaluator/PlanEvaluator.evaluate;org/weakref/nitro/operator/evaluator/PlanEvaluator.evaluateUnmemoized;org/weakref/nitro/operator/evaluator/PlanEvaluator.evaluateInput;org/weakref/nitro/operator/FilterOperator$1.resolve;org/weakref/nitro/operator/Output.borrowOrNull;org/weakref/nitro/operator/Output.borrow;org/weakref/nitro/operator/Output.borrow;org/weakref/nitro/operator/NitroParquetScanOperator$ScanOutputResolver$$Lambda.0x00000000630aab88.apply;org/weakref/nitro/operator/NitroParquetScanOperator$ScanOutputResolver.resolve;org/weakref/nitro/operator/NitroParquetScanOperator.resolveLazyColumn;org/weakref/nitro/operator/NitroParquetScanOperator.decodeFullColumn;org/weakref/nitro/parquet/ColumnReader.readBinary;org/weakref/nitro/parquet/ColumnReader.readBinaryDirect;org/weakref/nitro/parquet/ColumnReader.decodeNextDataPage;org/weakref/nitro/parquet/ColumnReader.decodeDataPageV1;jdk/internal/foreign/AbstractMemorySegmentImpl.get;java/lang/invoke/VarHandleGuards.guard_LJ_I;java/lang/invoke/VarHandleSegmentAsInts.get;java/lang/invoke/VarHandleSegmentAsInts.get;jdk/internal/misc/ScopedMemoryAccess.getIntUnaligned;jdk/internal/misc/ScopedMemoryAccess.getIntUnalignedInternal;jdk/internal/foreign/MemorySessionImpl.checkValidStateRaw;jshort_disjoint_arraycopy_stub 10
/usr/lib/x86_64-linux-gnu/libc.so.6;/usr/lib/x86_64-linux-gnu/libc.so.6;thread_native_entry;Thread::call_run;JavaThread::thread_main_inner;CompileBroker::compiler_thread_loop;CompileBroker::invoke_compiler_on_method;C2Compiler::compile_method;Compile::Compile;Compile::Optimize;PhaseIterGVN::optimize;PhaseIterGVN::transform_old;IfNode::Ideal;IfNode::Ideal_common;PhaseIterGVN::subsume_node;PhaseIterGVN::remove_globally_dead_node;Unique_Node_List::remove 1
java/lang/Thread.run;java/lang/Thread.runWith;java/util/concurrent/ThreadPoolExecutor$Worker.run;java/util/concurrent/ThreadPoolExecutor.runWorker;java/util/concurrent/FutureTask.run;java/util/concurrent/Executors$RunnableAdapter.call;java/util/concurrent/FutureTask.run;org/openjdk/jmh/runner/BenchmarkHandler$BenchmarkTask.call;org/openjdk/jmh/runner/BenchmarkHandler$BenchmarkTask.call;java/lang/reflect/Method.invoke;jdk/internal/reflect/DirectMethodHandleAccessor.invoke;jdk/internal/reflect/DirectMethodHandleAccessor.invokeImpl;java/lang/invoke/LambdaForm$MH.0x0000000063061400.invokeExact_MT;java/lang/invoke/LambdaForm$MH.0x0000000063061000.invoke;java/lang/invoke/DirectMethodHandle$Holder.invokeSpecial;org/weakref/nitro/clickbench/jmh_generated/BenchmarkQueries_query22_jmhTest.query22_AverageTime;org/weakref/nitro/clickbench/jmh_generated/BenchmarkQueries_query22_jmhTest.query22_avgt_jmhStub;org/weakref/nitro/clickbench/BenchmarkQueries.query22;org/weakref/nitro/clickbench/BenchmarkQueries.consume;org/weakref/nitro/operator/TopNOperator.next;org/weakref/nitro/operator/TopNOperator.computeTopN;org/weakref/nitro/operator/GroupedAggregationOperator.next;org/weakref/nitro/operator/GroupedAggregationOperator.computeResults;org/weakref/nitro/operator/GroupOperator.next;org/weakref/nitro/operator/FilterOperator.next;org/weakref/nitro/operator/evaluator/PlanEvaluator.evaluateInPlace;org/weakref/nitro/operator/evaluator/PlanEvaluator.evaluateTrueMaskInPlace;org/weakref/nitro/operator/evaluator/PlanEvaluator.evaluateAdaptiveAndTrueMaskInPlace;org/weakref/nitro/operator/evaluator/PlanEvaluator.evaluateMeasuredTrueMaskInPlace;org/weakref/nitro/operator/evaluator/PlanEvaluator.evaluateTrueMaskInPlace;org/weakref/nitro/operator/evaluator/PlanEvaluator.evaluateFalseMaskInPlace;org/weakref/nitro/operator/evaluator/PlanEvaluator.tryEvaluatePrimitiveFalseMaskInPlace;org/weakref/nitro/operator/evaluator/PlanEvaluator.tryEvaluatePrimitiveMaskInPlace;org/weakref/nitro/function/scalar/builtin/EqualUtf8.tryEvaluateFalseMaskInPlace;org/weakref/nitro/function/scalar/builtin/Utf8BinaryDispatch.tryEvaluateEqualsFalseMaskInPlace;org/weakref/nitro/function/scalar/builtin/Utf8BinaryDispatch.tryEvaluateEqualsMaskInPlace;org/weakref/nitro/data/Mask.retainIf;org/weakref/nitro/function/scalar/builtin/Utf8BinaryDispatch$$Lambda.0x0000000063125f20.test;org/weakref/nitro/function/scalar/builtin/Utf8BinaryDispatch.lambda$tryEvaluateEqualsMaskInPlace$0;org/weakref/nitro/function/scalar/builtin/Utf8BinaryDispatch.binaryEquals;org/weakref/nitro/function/scalar/builtin/Utf8BinaryDispatch.binaryEquals;org/weakref/nitro/function/scalar/builtin/Utf8BinaryDispatch.binaryEquals;org/weakref/nitro/function/scalar/builtin/Utf8BinaryDispatch.binaryEquals 1
java/lang/Thread.run;java/lang/Thread.runWith;java/util/concurrent/ThreadPoolExecutor$Worker.run;java/util/concurrent/ThreadPoolExecutor.runWorker;java/util/concurrent/FutureTask.run;java/util/concurrent/Executors$RunnableAdapter.call;java/util/concurrent/FutureTask.run;org/openjdk/jmh/runner/BenchmarkHandler$BenchmarkTask.call;org/openjdk/jmh/runner/BenchmarkHandler$BenchmarkTask.call;java/lang/reflect/Method.invoke;jdk/internal/reflect/DirectMethodHandleAccessor.invoke;jdk/internal/reflect/DirectMethodHandleAccessor.invokeImpl;java/lang/invoke/LambdaForm$MH.0x0000000063061400.invokeExact_MT;java/lang/invoke/LambdaForm$MH.0x0000000063061000.invoke;java/lang/invoke/DirectMethodHandle$Holder.invokeSpecial;org/weakref/nitro/clickbench/jmh_generated/BenchmarkQueries_query22_jmhTest.query22_AverageTime;org/weakref/nitro/clickbench/jmh_generated/BenchmarkQueries_query22_jmhTest.query22_avgt_jmhStub;org/weakref/nitro/clickbench/BenchmarkQueries.query22;org/weakref/nitro/clickbench/BenchmarkQueries.consume;org/weakref/nitro/operator/TopNOperator.next;org/weakref/nitro/operator/TopNOperator.computeTopN;org/weakref/nitro/operator/GroupedAggregationOperator.next;org/weakref/nitro/operator/GroupedAggregationOperator.computeResults;org/weakref/nitro/operator/GroupOperator.next;org/weakref/nitro/operator/FilterOperator.next;org/weakref/nitro/operator/evaluator/PlanEvaluator.evaluateInPlace;org/weakref/nitro/operator/evaluator/PlanEvaluator.evaluateTrueMaskInPlace;org/weakref/nitro/operator/evaluator/PlanEvaluator.evaluateAdaptiveAndTrueMaskInPlace;org/weakref/nitro/operator/evaluator/PlanEvaluator.evaluateMeasuredTrueMaskInPlace;org/weakref/nitro/operator/evaluator/PlanEvaluator.evaluateTrueMaskInPlace;org/weakref/nitro/operator/evaluator/PlanEvaluator.evaluateTrueReferenceMaskFallbackInPlace;org/weakref/nitro/operator/evaluator/PlanEvaluator.evaluate;org/weakref/nitro/operator/evaluator/PlanEvaluator.evaluateUnmemoized;org/weakref/nitro/operator/evaluator/PlanEvaluator.evaluateVariable;org/weakref/nitro/operator/evaluator/PlanEvaluator.evaluateCall;org/weakref/nitro/operator/evaluator/PlanEvaluator.evaluateArgument;org/weakref/nitro/operator/evaluator/PlanEvaluator.evaluate;org/weakref/nitro/operator/evaluator/PlanEvaluator.evaluateUnmemoized;org/weakref/nitro/operator/evaluator/PlanEvaluator.evaluateInput;org/weakref/nitro/operator/FilterOperator$1.resolve;org/weakref/nitro/operator/Output.borrowOrNull;org/weakref/nitro/operator/Output.borrow;org/weakref/nitro/operator/Output.borrow;org/weakref/nitro/operator/NitroParquetScanOperator$ScanOutputResolver$$Lambda.0x00000000630aab88.apply;org/weakref/nitro/operator/NitroParquetScanOperator$ScanOutputResolver.resolve;org/weakref/nitro/operator/NitroParquetScanOperator.resolveLazyColumn;org/weakref/nitro/operator/NitroParquetScanOperator.decodeFullColumn;org/weakref/nitro/parquet/ColumnReader.readBinary;org/weakref/nitro/parquet/ColumnReader.readBinaryDirect;org/weakref/nitro/parquet/ColumnReader.decodeNextDataPage;org/weakref/nitro/parquet/ColumnReader.decodeDictionary;jbyte_arraycopy_stub 1
java/lang/Thread.run;java/lang/Thread.runWith;java/util/concurrent/ThreadPoolExecutor$Worker.run;java/util/concurrent/ThreadPoolExecutor.runWorker;java/util/concurrent/FutureTask.run;java/util/concurrent/Executors$RunnableAdapter.call;java/util/concurrent/FutureTask.run;org/openjdk/jmh/runner/BenchmarkHandler$BenchmarkTask.call;org/openjdk/jmh/runner/BenchmarkHandler$BenchmarkTask.call;java/lang/reflect/Method.invoke;jdk/internal/reflect/DirectMethodHandleAccessor.invoke;jdk/internal/reflect/DirectMethodHandleAccessor.invokeImpl;java/lang/invoke/LambdaForm$MH.0x0000000063061400.invokeExact_MT;java/lang/invoke/LambdaForm$MH.0x0000000063061000.invoke;java/lang/invoke/DirectMethodHandle$Holder.invokeSpecial;org/weakref/nitro/clickbench/jmh_generated/BenchmarkQueries_query22_jmhTest.query22_AverageTime;org/weakref/nitro/clickbench/jmh_generated/BenchmarkQueries_query22_jmhTest.query22_avgt_jmhStub;org/weakref/nitro/clickbench/BenchmarkQueries.query22;org/weakref/nitro/clickbench/BenchmarkQueries.consume;org/weakref/nitro/operator/TopNOperator.next;org/weakref/nitro/operator/TopNOperator.computeTopN;org/weakref/nitro/operator/GroupedAggregationOperator.next;org/weakref/nitro/operator/GroupedAggregationOperator.computeResults;org/weakref/nitro/operator/GroupOperator.next;org/weakref/nitro/operator/FilterOperator.next;org/weakref/nitro/operator/evaluator/PlanEvaluator.evaluateInPlace;org/weakref/nitro/operator/evaluator/PlanEvaluator.evaluateTrueMaskInPlace;org/weakref/nitro/operator/evaluator/PlanEvaluator.evaluateAdaptiveAndTrueMaskInPlace;org/weakref/nitro/operator/evaluator/PlanEvaluator.evaluateMeasuredTrueMaskInPlace;org/weakref/nitro/operator/evaluator/PlanEvaluator.evaluateTrueMaskInPlace;org/weakref/nitro/operator/evaluator/PlanEvaluator.evaluateTrueReferenceMaskFallbackInPlace;org/weakref/nitro/operator/evaluator/PlanEvaluator.evaluate;org/weakref/nitro/operator/evaluator/PlanEvaluator.evaluateUnmemoized;org/weakref/nitro/operator/evaluator/PlanEvaluator.evaluateVariable;org/weakref/nitro/operator/evaluator/PlanEvaluator.evaluateCall;org/weakref/nitro/operator/evaluator/PlanEvaluator.evaluateArgument;org/weakref/nitro/operator/evaluator/PlanEvaluator.evaluate;org/weakref/nitro/operator/evaluator/PlanEvaluator.evaluateUnmemoized;org/weakref/nitro/operator/evaluator/PlanEvaluator.evaluateInput;org/weakref/nitro/operator/FilterOperator$1.resolve;org/weakref/nitro/operator/Output.borrowOrNull;org/weakref/nitro/operator/Output.borrow;org/weakref/nitro/operator/Output.borrow;org/weakref/nitro/operator/NitroParquetScanOperator$ScanOutputResolver$$Lambda.0x00000000630aab88.apply;org/weakref/nitro/operator/NitroParquetScanOperator$ScanOutputResolver.resolve;org/weakref/nitro/operator/NitroParquetScanOperator.resolveLazyColumn;org/weakref/nitro/operator/NitroParquetScanOperator.decodeFullColumn;org/weakref/nitro/parquet/ColumnReader.readBinary;org/weakref/nitro/parquet/ColumnReader.readBinaryDirect;org/weakref/nitro/parquet/ColumnReader.decodeNextDataPage;org/weakref/nitro/parquet/ColumnReader.decodeDataPageV1;jdk/internal/foreign/AbstractMemorySegmentImpl.get;java/lang/invoke/VarHandleGuards.guard_LJ_I;java/lang/invoke/VarHandleSegmentAsInts.get;java/lang/invoke/VarHandleSegmentAsInts.get;jdk/internal/misc/ScopedMemoryAccess.getIntUnaligned;jdk/internal/misc/ScopedMemoryAccess.getIntUnalignedInternal;jdk/internal/foreign/MemorySessionImpl.checkValidStateRaw;jbyte_disjoint_arraycopy_stub 39
java/lang/Thread.run;java/lang/Thread.runWith;java/util/concurrent/ThreadPoolExecutor$Worker.run;java/util/concurrent/ThreadPoolExecutor.runWorker;java/util/concurrent/FutureTask.run;java/util/concurrent/Executors$RunnableAdapter.call;java/util/concurrent/FutureTask.run;org/openjdk/jmh/runner/BenchmarkHandler$BenchmarkTask.call;org/openjdk/jmh/runner/BenchmarkHandler$BenchmarkTask.call;java/lang/reflect/Method.invoke;jdk/internal/reflect/DirectMethodHandleAccessor.invoke;jdk/internal/reflect/DirectMethodHandleAccessor.invokeImpl;java/lang/invoke/LambdaForm$MH.0x0000000063061400.invokeExact_MT;java/lang/invoke/LambdaForm$MH.0x0000000063061000.invoke;java/lang/invoke/DirectMethodHandle$Holder.invokeSpecial;org/weakref/nitro/clickbench/jmh_generated/BenchmarkQueries_query22_jmhTest.query22_AverageTime;org/weakref/nitro/clickbench/jmh_generated/BenchmarkQueries_query22_jmhTest.query22_avgt_jmhStub;org/weakref/nitro/clickbench/BenchmarkQueries.query22;org/weakref/nitro/clickbench/BenchmarkQueries.consume;org/weakref/nitro/operator/TopNOperator.next;org/weakref/nitro/operator/TopNOperator.computeTopN;org/weakref/nitro/operator/GroupedAggregationOperator.next;org/weakref/nitro/operator/GroupedAggregationOperator.computeResults;org/weakref/nitro/operator/GroupOperator.next;org/weakref/nitro/operator/FilterOperator.next;org/weakref/nitro/operator/evaluator/PlanEvaluator.evaluateInPlace;org/weakref/nitro/operator/evaluator/PlanEvaluator.evaluateTrueMaskInPlace;org/weakref/nitro/operator/evaluator/PlanEvaluator.evaluateAdaptiveAndTrueMaskInPlace;org/weakref/nitro/operator/evaluator/PlanEvaluator.evaluateMeasuredTrueMaskInPlace;org/weakref/nitro/operator/evaluator/PlanEvaluator.evaluateTrueMaskInPlace;org/weakref/nitro/operator/evaluator/PlanEvaluator.evaluateFalseMaskInPlace;org/weakref/nitro/operator/evaluator/PlanEvaluator.tryEvaluatePrimitiveFalseMaskInPlace;org/weakref/nitro/operator/evaluator/PlanEvaluator.tryEvaluatePrimitiveMaskInPlace;org/weakref/nitro/function/scalar/builtin/EqualUtf8.tryEvaluateFalseMaskInPlace;org/weakref/nitro/function/scalar/builtin/Utf8BinaryDispatch.tryEvaluateEqualsFalseMaskInPlace;org/weakref/nitro/function/scalar/builtin/Utf8BinaryDispatch.tryEvaluateEqualsMaskInPlace;org/weakref/nitro/data/Mask.retainIf 1
java/lang/Thread.run;java/lang/Thread.runWith;java/util/concurrent/ThreadPoolExecutor$Worker.run;java/util/concurrent/ThreadPoolExecutor.runWorker;java/util/concurrent/FutureTask.run;java/util/concurrent/Executors$RunnableAdapter.call;java/util/concurrent/FutureTask.run;org/openjdk/jmh/runner/BenchmarkHandler$BenchmarkTask.call;org/openjdk/jmh/runner/BenchmarkHandler$BenchmarkTask.call;java/lang/reflect/Method.invoke;jdk/internal/reflect/DirectMethodHandleAccessor.invoke;jdk/internal/reflect/DirectMethodHandleAccessor.invokeImpl;java/lang/invoke/LambdaForm$MH.0x0000000063061400.invokeExact_MT;java/lang/invoke/LambdaForm$MH.0x0000000063061000.invoke;java/lang/invoke/DirectMethodHandle$Holder.invokeSpecial;org/weakref/nitro/clickbench/jmh_generated/BenchmarkQueries_query22_jmhTest.query22_AverageTime;org/weakref/nitro/clickbench/jmh_generated/BenchmarkQueries_query22_jmhTest.query22_avgt_jmhStub;org/weakref/nitro/clickbench/BenchmarkQueries.query22;org/weakref/nitro/clickbench/BenchmarkQueries.consume;org/weakref/nitro/operator/TopNOperator.next;org/weakref/nitro/operator/TopNOperator.computeTopN;org/weakref/nitro/operator/GroupedAggregationOperator.next;org/weakref/nitro/operator/GroupedAggregationOperator.computeResults;org/weakref/nitro/operator/GroupOperator.next;org/weakref/nitro/operator/FilterOperator.next;org/weakref/nitro/operator/evaluator/PlanEvaluator.evaluateInPlace;org/weakref/nitro/operator/evaluator/PlanEvaluator.evaluateTrueMaskInPlace;org/weakref/nitro/operator/evaluator/PlanEvaluator.evaluateAdaptiveAndTrueMaskInPlace;org/weakref/nitro/operator/evaluator/PlanEvaluator.evaluateMeasuredTrueMaskInPlace;org/weakref/nitro/operator/evaluator/PlanEvaluator.evaluateTrueMaskInPlace;org/weakref/nitro/operator/evaluator/PlanEvaluator.evaluateTrueReferenceMaskFallbackInPlace;org/weakref/nitro/operator/evaluator/PlanEvaluator.evaluate;org/weakref/nitro/operator/evaluator/PlanEvaluator.evaluateUnmemoized;org/weakref/nitro/operator/evaluator/PlanEvaluator.evaluateVariable;org/weakref/nitro/operator/evaluator/PlanEvaluator.evaluateCall;org/weakref/nitro/function/scalar/builtin/ContainsUtf8.apply;org/weakref/nitro/function/scalar/builtin/Utf8BinaryDispatch.applyContains;org/weakref/nitro/function/scalar/builtin/Utf8BinaryDispatch.apply;org/weakref/nitro/function/scalar/builtin/Utf8BinaryDispatch.applyValues;org/weakref/nitro/function/scalar/builtin/Utf8BinaryDispatch.applyContainsFlatSingleNeedle;org/weakref/nitro/function/scalar/builtin/Utf8BinaryDispatch.binaryContains;org/weakref/nitro/function/scalar/builtin/Utf8BinaryDispatch.binaryContainsVectorized;org/weakref/nitro/function/scalar/builtin/Utf8BinaryDispatch.binaryContainsVectorizedChunk;jdk/incubator/vector/ByteVector.fromArray;jdk/incubator/vector/Byte512Vector.fromArray0;jdk/incubator/vector/ByteVector.fromArray0Template 3
java/lang/Thread.run;java/lang/Thread.runWith;java/util/concurrent/ThreadPoolExecutor$Worker.run;java/util/concurrent/ThreadPoolExecutor.runWorker;java/util/concurrent/FutureTask.run;java/util/concurrent/Executors$RunnableAdapter.call;java/util/concurrent/FutureTask.run;org/openjdk/jmh/runner/BenchmarkHandler$BenchmarkTask.call;org/openjdk/jmh/runner/BenchmarkHandler$BenchmarkTask.call;java/lang/reflect/Method.invoke;jdk/internal/reflect/DirectMethodHandleAccessor.invoke;jdk/internal/reflect/DirectMethodHandleAccessor.invokeImpl;java/lang/invoke/LambdaForm$MH.0x0000000063061400.invokeExact_MT;java/lang/invoke/LambdaForm$MH.0x0000000063061000.invoke;java/lang/invoke/DirectMethodHandle$Holder.invokeSpecial;org/weakref/nitro/clickbench/jmh_generated/BenchmarkQueries_query22_jmhTest.query22_AverageTime;org/weakref/nitro/clickbench/jmh_generated/BenchmarkQueries_query22_jmhTest.query22_avgt_jmhStub;org/weakref/nitro/clickbench/BenchmarkQueries.query22;org/weakref/nitro/clickbench/BenchmarkQueries.consume;org/weakref/nitro/operator/TopNOperator.next;org/weakref/nitro/operator/TopNOperator.computeTopN;org/weakref/nitro/operator/GroupedAggregationOperator.next;org/weakref/nitro/operator/GroupedAggregationOperator.computeResults;org/weakref/nitro/operator/GroupOperator.next;org/weakref/nitro/operator/FilterOperator.next;org/weakref/nitro/operator/evaluator/PlanEvaluator.evaluateInPlace;org/weakref/nitro/operator/evaluator/PlanEvaluator.evaluateTrueMaskInPlace;org/weakref/nitro/operator/evaluator/PlanEvaluator.evaluateAdaptiveAndTrueMaskInPlace;org/weakref/nitro/operator/evaluator/PlanEvaluator.evaluateMeasuredTrueMaskInPlace;org/weakref/nitro/operator/evaluator/PlanEvaluator.evaluateTrueMaskInPlace;org/weakref/nitro/operator/evaluator/PlanEvaluator.evaluateTrueReferenceMaskFallbackInPlace;org/weakref/nitro/operator/evaluator/PlanEvaluator.evaluate;org/weakref/nitro/operator/evaluator/PlanEvaluator.evaluateUnmemoized;org/weakref/nitro/operator/evaluator/PlanEvaluator.evaluateVariable;org/weakref/nitro/operator/evaluator/PlanEvaluator.evaluateCall;org/weakref/nitro/function/scalar/builtin/ContainsUtf8.apply;org/weakref/nitro/function/scalar/builtin/Utf8BinaryDispatch.applyContains;org/weakref/nitro/function/scalar/builtin/Utf8BinaryDispatch.apply;org/weakref/nitro/function/scalar/builtin/Utf8BinaryDispatch.applyValues;org/weakref/nitro/function/scalar/builtin/Utf8BinaryDispatch.applyContainsDictionarySingleNeedle;org/weakref/nitro/function/scalar/builtin/Utf8BinaryDispatch.binaryContains;org/weakref/nitro/function/scalar/builtin/Utf8BinaryDispatch.binaryContainsVectorized;org/weakref/nitro/function/scalar/builtin/Utf8BinaryDispatch.binaryContainsVectorizedChunk;jdk/incubator/vector/ByteVector.fromArray;jdk/incubator/vector/Byte512Vector.fromArray0;jdk/incubator/vector/ByteVector.fromArray0Template 2
/usr/lib/x86_64-linux-gnu/libc.so.6;/usr/lib/x86_64-linux-gnu/libc.so.6;thread_native_entry;Thread::call_run;JavaThread::thread_main_inner;CompileBroker::compiler_thread_loop;CompileBroker::invoke_compiler_on_method;C2Compiler::compile_method;Compile::Compile;Compile::Code_Gen;PhaseChaitin::Register_Allocate;PhaseChaitin::build_ifg_physical;PhaseChaitin::interfere_with_live 2
java/lang/Thread.run;java/lang/Thread.runWith;java/util/concurrent/ThreadPoolExecutor$Worker.run;java/util/concurrent/ThreadPoolExecutor.runWorker;java/util/concurrent/FutureTask.run;java/util/concurrent/Executors$RunnableAdapter.call;java/util/concurrent/FutureTask.run;org/openjdk/jmh/runner/BenchmarkHandler$BenchmarkTask.call;org/openjdk/jmh/runner/BenchmarkHandler$BenchmarkTask.call;java/lang/reflect/Method.invoke;jdk/internal/reflect/DirectMethodHandleAccessor.invoke;jdk/internal/reflect/DirectMethodHandleAccessor.invokeImpl;java/lang/invoke/LambdaForm$MH.0x0000000063061400.invokeExact_MT;java/lang/invoke/LambdaForm$MH.0x0000000063061000.invoke;java/lang/invoke/DirectMethodHandle$Holder.invokeSpecial;org/weakref/nitro/clickbench/jmh_generated/BenchmarkQueries_query22_jmhTest.query22_AverageTime;org/weakref/nitro/clickbench/jmh_generated/BenchmarkQueries_query22_jmhTest.query22_avgt_jmhStub;org/weakref/nitro/clickbench/BenchmarkQueries.query22;org/weakref/nitro/clickbench/BenchmarkQueries.consume;org/weakref/nitro/operator/TopNOperator.next;org/weakref/nitro/operator/TopNOperator.computeTopN;org/weakref/nitro/operator/GroupedAggregationOperator.next;org/weakref/nitro/operator/GroupedAggregationOperator.computeResults;org/weakref/nitro/operator/GroupOperator.next;org/weakref/nitro/operator/FilterOperator.next;org/weakref/nitro/operator/evaluator/PlanEvaluator.evaluateInPlace;org/weakref/nitro/operator/evaluator/PlanEvaluator.evaluateTrueMaskInPlace;org/weakref/nitro/operator/evaluator/PlanEvaluator.evaluateAdaptiveAndTrueMaskInPlace;org/weakref/nitro/operator/evaluator/PlanEvaluator.evaluateMeasuredTrueMaskInPlace;org/weakref/nitro/operator/evaluator/PlanEvaluator.evaluateTrueMaskInPlace;org/weakref/nitro/operator/evaluator/PlanEvaluator.evaluateTrueReferenceMaskFallbackInPlace;org/weakref/nitro/operator/evaluator/PlanEvaluator.evaluate;org/weakref/nitro/operator/evaluator/PlanEvaluator.evaluateUnmemoized;org/weakref/nitro/operator/evaluator/PlanEvaluator.evaluateVariable;org/weakref/nitro/operator/evaluator/PlanEvaluator.evaluateCall;org/weakref/nitro/operator/evaluator/PlanEvaluator.evaluateArgument;org/weakref/nitro/operator/evaluator/PlanEvaluator.evaluate;org/weakref/nitro/operator/evaluator/PlanEvaluator.evaluateUnmemoized;org/weakref/nitro/operator/evaluator/PlanEvaluator.evaluateInput;org/weakref/nitro/operator/FilterOperator$1.resolve;org/weakref/nitro/operator/Output.borrowOrNull;org/weakref/nitro/operator/Output.borrow;org/weakref/nitro/operator/Output.borrow;org/weakref/nitro/operator/NitroParquetScanOperator$ScanOutputResolver$$Lambda.0x00000000630aab88.apply;org/weakref/nitro/operator/NitroParquetScanOperator$ScanOutputResolver.resolve;org/weakref/nitro/operator/NitroParquetScanOperator.resolveLazyColumn;org/weakref/nitro/operator/NitroParquetScanOperator.decodeFullColumn;org/weakref/nitro/parquet/ColumnReader.readBinary;org/weakref/nitro/parquet/ColumnReader.readBinaryDirect;org/weakref/nitro/parquet/ColumnReader.decodeNextDataPage;org/weakref/nitro/parquet/ColumnReader.decodeDataPageV1;org/weakref/nitro/parquet/ColumnReader.decodePlainBinary;org/weakref/nitro/parquet/ColumnReader.decodePlainBinaryPresized;org/weakref/nitro/parquet/ColumnReader.appendPlainEntryPresized;jdk/internal/foreign/AbstractMemorySegmentImpl.get;java/lang/invoke/VarHandleGuards.guard_LJ_I;java/lang/invoke/VarHandleSegmentAsInts.get;java/lang/invoke/VarHandleSegmentAsInts.get;java/lang/invoke/SegmentVarHandle.checkSegment;jdk/internal/foreign/AbstractMemorySegmentImpl.checkEnclosingLayout;jdk/internal/foreign/AbstractMemorySegmentImpl.isAlignedForElement;jdk/internal/foreign/AbstractMemorySegmentImpl.isAlignedForElement 6
java/lang/Thread.run;java/lang/Thread.runWith;java/util/concurrent/ThreadPoolExecutor$Worker.run;java/util/concurrent/ThreadPoolExecutor.runWorker;java/util/concurrent/FutureTask.run;java/util/concurrent/Executors$RunnableAdapter.call;java/util/concurrent/FutureTask.run;org/openjdk/jmh/runner/BenchmarkHandler$BenchmarkTask.call;org/openjdk/jmh/runner/BenchmarkHandler$BenchmarkTask.call;java/lang/reflect/Method.invoke;jdk/internal/reflect/DirectMethodHandleAccessor.invoke;jdk/internal/reflect/DirectMethodHandleAccessor.invokeImpl;java/lang/invoke/LambdaForm$MH.0x0000000063061400.invokeExact_MT;java/lang/invoke/LambdaForm$MH.0x0000000063061000.invoke;java/lang/invoke/DirectMethodHandle$Holder.invokeSpecial;org/weakref/nitro/clickbench/jmh_generated/BenchmarkQueries_query22_jmhTest.query22_AverageTime;org/weakref/nitro/clickbench/jmh_generated/BenchmarkQueries_query22_jmhTest.query22_avgt_jmhStub;org/weakref/nitro/clickbench/BenchmarkQueries.query22;org/weakref/nitro/clickbench/BenchmarkQueries.consume;org/weakref/nitro/operator/TopNOperator.next;org/weakref/nitro/operator/TopNOperator.computeTopN;org/weakref/nitro/operator/GroupedAggregationOperator.next;org/weakref/nitro/operator/GroupedAggregationOperator.computeResults;org/weakref/nitro/operator/GroupOperator.next;org/weakref/nitro/operator/FilterOperator.next;org/weakref/nitro/operator/evaluator/PlanEvaluator.evaluateInPlace;org/weakref/nitro/operator/evaluator/PlanEvaluator.evaluateTrueMaskInPlace;org/weakref/nitro/operator/evaluator/PlanEvaluator.evaluateAdaptiveAndTrueMaskInPlace;org/weakref/nitro/operator/evaluator/PlanEvaluator.evaluateMeasuredTrueMaskInPlace;org/weakref/nitro/operator/evaluator/PlanEvaluator.evaluateTrueMaskInPlace;org/weakref/nitro/operator/evaluator/PlanEvaluator.evaluateFalseMaskInPlace;org/weakref/nitro/operator/evaluator/PlanEvaluator.tryEvaluatePrimitiveFalseMaskInPlace;org/weakref/nitro/operator/evaluator/PlanEvaluator.tryEvaluatePrimitiveMaskInPlace;org/weakref/nitro/function/scalar/builtin/EqualUtf8.tryEvaluateFalseMaskInPlace;org/weakref/nitro/function/scalar/builtin/Utf8BinaryDispatch.tryEvaluateEqualsFalseMaskInPlace;org/weakref/nitro/function/scalar/builtin/Utf8BinaryDispatch.tryEvaluateEqualsMaskInPlace;org/weakref/nitro/data/Mask.retainIf;org/weakref/nitro/function/scalar/builtin/Utf8BinaryDispatch$$Lambda.0x0000000063125f20.test;org/weakref/nitro/function/scalar/builtin/Utf8BinaryDispatch.lambda$tryEvaluateEqualsMaskInPlace$0;org/weakref/nitro/function/scalar/builtin/Utf8BinaryDispatch.binaryEquals;org/weakref/nitro/function/scalar/builtin/Utf8BinaryDispatch.binaryEquals;org/weakref/nitro/function/scalar/builtin/Utf8BinaryDispatch.binaryEquals 3
java/lang/Thread.run;java/lang/Thread.runWith;java/util/concurrent/ThreadPoolExecutor$Worker.run;java/util/concurrent/ThreadPoolExecutor.runWorker;java/util/concurrent/FutureTask.run;java/util/concurrent/Executors$RunnableAdapter.call;java/util/concurrent/FutureTask.run;org/openjdk/jmh/runner/BenchmarkHandler$BenchmarkTask.call;org/openjdk/jmh/runner/BenchmarkHandler$BenchmarkTask.call;java/lang/reflect/Method.invoke;jdk/internal/reflect/DirectMethodHandleAccessor.invoke;jdk/internal/reflect/DirectMethodHandleAccessor.invokeImpl;java/lang/invoke/LambdaForm$MH.0x0000000063061400.invokeExact_MT;java/lang/invoke/LambdaForm$MH.0x0000000063061000.invoke;java/lang/invoke/DirectMethodHandle$Holder.invokeSpecial;org/weakref/nitro/clickbench/jmh_generated/BenchmarkQueries_query22_jmhTest.query22_AverageTime;org/weakref/nitro/clickbench/jmh_generated/BenchmarkQueries_query22_jmhTest.query22_avgt_jmhStub;org/weakref/nitro/clickbench/BenchmarkQueries.query22;org/weakref/nitro/clickbench/BenchmarkQueries.consume;org/weakref/nitro/operator/TopNOperator.next;org/weakref/nitro/operator/TopNOperator.computeTopN;org/weakref/nitro/operator/GroupedAggregationOperator.next;org/weakref/nitro/operator/GroupedAggregationOperator.computeResults;org/weakref/nitro/operator/GroupOperator.next;org/weakref/nitro/operator/FilterOperator.next;org/weakref/nitro/operator/evaluator/PlanEvaluator.evaluateInPlace;org/weakref/nitro/operator/evaluator/PlanEvaluator.evaluateTrueMaskInPlace;org/weakref/nitro/operator/evaluator/PlanEvaluator.evaluateAdaptiveAndTrueMaskInPlace;org/weakref/nitro/operator/evaluator/PlanEvaluator.evaluateMeasuredTrueMaskInPlace;org/weakref/nitro/operator/evaluator/PlanEvaluator.evaluateTrueMaskInPlace;org/weakref/nitro/operator/evaluator/PlanEvaluator.evaluateTrueReferenceMaskFallbackInPlace;org/weakref/nitro/operator/evaluator/PlanEvaluator.evaluate;org/weakref/nitro/operator/evaluator/PlanEvaluator.evaluateUnmemoized;org/weakref/nitro/operator/evaluator/PlanEvaluator.evaluateVariable;org/weakref/nitro/operator/evaluator/PlanEvaluator.evaluateCall;org/weakref/nitro/operator/evaluator/PlanEvaluator.evaluateArgument;org/weakref/nitro/operator/evaluator/PlanEvaluator.evaluate;org/weakref/nitro/operator/evaluator/PlanEvaluator.evaluateUnmemoized;org/weakref/nitro/operator/evaluator/PlanEvaluator.evaluateInput;org/weakref/nitro/operator/FilterOperator$1.resolve;org/weakref/nitro/operator/Output.borrowOrNull;org/weakref/nitro/operator/Output.borrow;org/weakref/nitro/operator/Output.borrow;org/weakref/nitro/operator/NitroParquetScanOperator$ScanOutputResolver$$Lambda.0x00000000630aab88.apply;org/weakref/nitro/operator/NitroParquetScanOperator$ScanOutputResolver.resolve;org/weakref/nitro/operator/NitroParquetScanOperator.resolveLazyColumn;org/weakref/nitro/operator/NitroParquetScanOperator.decodeFullColumn;org/weakref/nitro/parquet/ColumnReader.readBinary;org/weakref/nitro/parquet/ColumnReader.readBinaryDirect;org/weakref/nitro/parquet/ColumnReader.decodeNextDataPage;org/weakref/nitro/parquet/ColumnReader.decompress;io/airlift/compress/v3/snappy/SnappyNativeDecompressor.decompress;io/airlift/compress/v3/snappy/SnappyNative.decompress;io/airlift/compress/v3/snappy/SnappyNative.decompressInternal;java/lang/invoke/LambdaForm$MH.0x000000006311c400.invokeExact_MT;java/lang/invoke/LambdaForm$MH.0x0000000063134000.invoke;java/lang/invoke/LambdaForm$DMH.0x00000000630b1400.invokeStatic;jdk/internal/foreign/abi/DowncallStub.0x00000000630b1000.invoke;java/lang/invoke/LambdaForm$MH.0x000000006311d000.invokeExact_MT;java/lang/invoke/LambdaForm$MH.0x0000000063134400.invoke;nep_invoker_blob;snappy_uncompress;snappy::RawUncompress;snappy::RawUncompress;void snappy::SnappyDecompressor::DecompressAllTags<snappy::SnappyArrayWriter>;std::pair<unsigned char const*, long> snappy::DecompressBranchless<char*>;snappy::MemCopy64;/usr/lib/x86_64-linux-gnu/libc.so.6 1
java/lang/Thread.run;java/lang/Thread.runWith;java/util/concurrent/ThreadPoolExecutor$Worker.run;java/util/concurrent/ThreadPoolExecutor.runWorker;java/util/concurrent/FutureTask.run;java/util/concurrent/Executors$RunnableAdapter.call;java/util/concurrent/FutureTask.run;org/openjdk/jmh/runner/BenchmarkHandler$BenchmarkTask.call;org/openjdk/jmh/runner/BenchmarkHandler$BenchmarkTask.call;java/lang/reflect/Method.invoke;jdk/internal/reflect/DirectMethodHandleAccessor.invoke;jdk/internal/reflect/DirectMethodHandleAccessor.invokeImpl;java/lang/invoke/LambdaForm$MH.0x0000000063061400.invokeExact_MT;java/lang/invoke/LambdaForm$MH.0x0000000063061000.invoke;java/lang/invoke/DirectMethodHandle$Holder.invokeSpecial;org/weakref/nitro/clickbench/jmh_generated/BenchmarkQueries_query22_jmhTest.query22_AverageTime;org/weakref/nitro/clickbench/jmh_generated/BenchmarkQueries_query22_jmhTest.query22_avgt_jmhStub;org/weakref/nitro/clickbench/BenchmarkQueries.query22;org/weakref/nitro/clickbench/BenchmarkQueries.consume;org/weakref/nitro/operator/TopNOperator.next;org/weakref/nitro/operator/TopNOperator.computeTopN;org/weakref/nitro/operator/GroupedAggregationOperator.next;org/weakref/nitro/operator/GroupedAggregationOperator.computeResults;org/weakref/nitro/operator/GroupOperator.next;org/weakref/nitro/operator/FilterOperator.next;org/weakref/nitro/operator/evaluator/PlanEvaluator.evaluateInPlace;org/weakref/nitro/operator/evaluator/PlanEvaluator.evaluateTrueMaskInPlace;org/weakref/nitro/operator/evaluator/PlanEvaluator.evaluateAdaptiveAndTrueMaskInPlace;org/weakref/nitro/operator/evaluator/PlanEvaluator.evaluateMeasuredTrueMaskInPlace;org/weakref/nitro/operator/evaluator/PlanEvaluator.evaluateTrueMaskInPlace;org/weakref/nitro/operator/evaluator/PlanEvaluator.evaluateFalseMaskInPlace;org/weakref/nitro/operator/evaluator/PlanEvaluator.tryEvaluatePrimitiveFalseMaskInPlace;org/weakref/nitro/operator/evaluator/PlanEvaluator.tryEvaluatePrimitiveMaskInPlace;org/weakref/nitro/function/scalar/builtin/EqualUtf8.tryEvaluateFalseMaskInPlace;org/weakref/nitro/function/scalar/builtin/Utf8BinaryDispatch.tryEvaluateEqualsFalseMaskInPlace;org/weakref/nitro/function/scalar/builtin/Utf8BinaryDispatch.tryEvaluateEqualsMaskInPlace;org/weakref/nitro/data/Mask.retainIf;org/weakref/nitro/function/scalar/builtin/Utf8BinaryDispatch$$Lambda.0x0000000063125f20.test;org/weakref/nitro/function/scalar/builtin/Utf8BinaryDispatch.lambda$tryEvaluateEqualsMaskInPlace$0;org/weakref/nitro/function/scalar/builtin/Utf8BinaryDispatch.binaryEquals;org/weakref/nitro/function/scalar/builtin/Utf8BinaryDispatch.binaryEquals;org/weakref/nitro/function/scalar/builtin/Utf8BinaryDispatch.binaryEquals;java/lang/invoke/Invokers$Holder.linkToTargetMethod;java/lang/invoke/DirectMethodHandle$Holder.invokeStatic;org/weakref/nitro/function/scalar/builtin/Utf8BinaryDispatch$$TypeSwitch.0x0000000063126180.typeSwitch 1
java/lang/Thread.run;java/lang/Thread.runWith;java/util/concurrent/ThreadPoolExecutor$Worker.run;java/util/concurrent/ThreadPoolExecutor.runWorker;java/util/concurrent/FutureTask.run;java/util/concurrent/Executors$RunnableAdapter.call;java/util/concurrent/FutureTask.run;org/openjdk/jmh/runner/BenchmarkHandler$BenchmarkTask.call;org/openjdk/jmh/runner/BenchmarkHandler$BenchmarkTask.call;java/lang/reflect/Method.invoke;jdk/internal/reflect/DirectMethodHandleAccessor.invoke;jdk/internal/reflect/DirectMethodHandleAccessor.invokeImpl;java/lang/invoke/LambdaForm$MH.0x0000000063061400.invokeExact_MT;java/lang/invoke/LambdaForm$MH.0x0000000063061000.invoke;java/lang/invoke/DirectMethodHandle$Holder.invokeSpecial;org/weakref/nitro/clickbench/jmh_generated/BenchmarkQueries_query22_jmhTest.query22_AverageTime;org/weakref/nitro/clickbench/jmh_generated/BenchmarkQueries_query22_jmhTest.query22_avgt_jmhStub;org/weakref/nitro/clickbench/BenchmarkQueries.query22;org/weakref/nitro/clickbench/BenchmarkQueries.consume;org/weakref/nitro/operator/TopNOperator.next;org/weakref/nitro/operator/TopNOperator.computeTopN;org/weakref/nitro/operator/GroupedAggregationOperator.next;org/weakref/nitro/operator/GroupedAggregationOperator.computeResults;org/weakref/nitro/operator/GroupOperator.next;org/weakref/nitro/operator/FilterOperator.next;org/weakref/nitro/operator/evaluator/PlanEvaluator.evaluateInPlace;org/weakref/nitro/operator/evaluator/PlanEvaluator.evaluateTrueMaskInPlace;org/weakref/nitro/operator/evaluator/PlanEvaluator.evaluateAdaptiveAndTrueMaskInPlace;org/weakref/nitro/operator/evaluator/PlanEvaluator.evaluateMeasuredTrueMaskInPlace;org/weakref/nitro/operator/evaluator/PlanEvaluator.evaluateTrueMaskInPlace;org/weakref/nitro/operator/evaluator/PlanEvaluator.evaluateFalseMaskInPlace;org/weakref/nitro/operator/evaluator/PlanEvaluator.tryEvaluatePrimitiveFalseMaskInPlace;org/weakref/nitro/operator/evaluator/PlanEvaluator.tryEvaluatePrimitiveMaskInPlace;org/weakref/nitro/operator/evaluator/PlanEvaluator.resolveMaskPrimitiveInvocation;org/weakref/nitro/operator/evaluator/PlanEvaluator.evaluateArgument;org/weakref/nitro/operator/FilterOperator$1.resolve;org/weakref/nitro/operator/Output.borrowOrNull;org/weakref/nitro/operator/Output.borrow;org/weakref/nitro/operator/Output.borrow;org/weakref/nitro/operator/NitroParquetScanOperator$ScanOutputResolver$$Lambda.0x00000000630aab88.apply;org/weakref/nitro/operator/NitroParquetScanOperator$ScanOutputResolver.resolve;org/weakref/nitro/operator/NitroParquetScanOperator.resolveLazyColumn;org/weakref/nitro/operator/NitroParquetScanOperator.decodeFullColumn;org/weakref/nitro/parquet/ColumnReader.readBinary;org/weakref/nitro/parquet/ColumnReader.readBinaryDirect;org/weakref/nitro/parquet/ColumnReader.decodeNextDataPage;org/weakref/nitro/parquet/ColumnReader.decodeDataPageV1;org/weakref/nitro/parquet/RleReader.read 1
java/lang/Thread.run;java/lang/Thread.runWith;java/util/concurrent/ThreadPoolExecutor$Worker.run;java/util/concurrent/ThreadPoolExecutor.runWorker;java/util/concurrent/FutureTask.run;java/util/concurrent/Executors$RunnableAdapter.call;java/util/concurrent/FutureTask.run;org/openjdk/jmh/runner/BenchmarkHandler$BenchmarkTask.call;org/openjdk/jmh/runner/BenchmarkHandler$BenchmarkTask.call;java/lang/reflect/Method.invoke;jdk/internal/reflect/DirectMethodHandleAccessor.invoke;jdk/internal/reflect/DirectMethodHandleAccessor.invokeImpl;java/lang/invoke/LambdaForm$MH.0x0000000063061400.invokeExact_MT;java/lang/invoke/LambdaForm$MH.0x0000000063061000.invoke;java/lang/invoke/DirectMethodHandle$Holder.invokeSpecial;org/weakref/nitro/clickbench/jmh_generated/BenchmarkQueries_query22_jmhTest.query22_AverageTime;org/weakref/nitro/clickbench/jmh_generated/BenchmarkQueries_query22_jmhTest.query22_avgt_jmhStub;org/weakref/nitro/clickbench/BenchmarkQueries.query22;org/weakref/nitro/clickbench/BenchmarkQueries.consume;org/weakref/nitro/operator/Output.borrow;org/weakref/nitro/operator/TopNOperator$$Lambda.0x0000000063136968.apply;org/weakref/nitro/operator/TopNOperator.lambda$next$0;org/weakref/nitro/operator/TopNState.output;org/weakref/nitro/operator/TopNState.ensurePendingOutputMaterialized;org/weakref/nitro/operator/TopNState.constrainPendingBatches 1
java/lang/Thread.run;java/lang/Thread.runWith;java/util/concurrent/ThreadPoolExecutor$Worker.run;java/util/concurrent/ThreadPoolExecutor.runWorker;java/util/concurrent/FutureTask.run;java/util/concurrent/Executors$RunnableAdapter.call;java/util/concurrent/FutureTask.run;org/openjdk/jmh/runner/BenchmarkHandler$BenchmarkTask.call;org/openjdk/jmh/runner/BenchmarkHandler$BenchmarkTask.call;java/lang/reflect/Method.invoke;jdk/internal/reflect/DirectMethodHandleAccessor.invoke;jdk/internal/reflect/DirectMethodHandleAccessor.invokeImpl;java/lang/invoke/LambdaForm$MH.0x0000000063061400.invokeExact_MT;java/lang/invoke/LambdaForm$MH.0x0000000063061000.invoke;java/lang/invoke/DirectMethodHandle$Holder.invokeSpecial;org/weakref/nitro/clickbench/jmh_generated/BenchmarkQueries_query22_jmhTest.query22_AverageTime;org/weakref/nitro/clickbench/jmh_generated/BenchmarkQueries_query22_jmhTest.query22_avgt_jmhStub;org/weakref/nitro/clickbench/BenchmarkQueries.query22;org/weakref/nitro/clickbench/BenchmarkQueries.consume;org/weakref/nitro/operator/TopNOperator.next;org/weakref/nitro/operator/TopNOperator.computeTopN;org/weakref/nitro/operator/GroupedAggregationOperator.next;org/weakref/nitro/operator/GroupedAggregationOperator.computeResults;org/weakref/nitro/operator/GroupOperator.next;org/weakref/nitro/operator/FilterOperator.next;org/weakref/nitro/operator/evaluator/PlanEvaluator.evaluateInPlace;org/weakref/nitro/operator/evaluator/PlanEvaluator.evaluateTrueMaskInPlace;org/weakref/nitro/operator/evaluator/PlanEvaluator.evaluateAdaptiveAndTrueMaskInPlace;org/weakref/nitro/operator/evaluator/PlanEvaluator.evaluateMeasuredTrueMaskInPlace;org/weakref/nitro/operator/evaluator/PlanEvaluator.evaluateTrueMaskInPlace;org/weakref/nitro/operator/evaluator/PlanEvaluator.evaluateTrueReferenceMaskFallbackInPlace;org/weakref/nitro/operator/evaluator/PlanEvaluator.evaluate;org/weakref/nitro/operator/evaluator/PlanEvaluator.evaluateUnmemoized;org/weakref/nitro/operator/evaluator/PlanEvaluator.evaluateVariable;org/weakref/nitro/operator/evaluator/PlanEvaluator.evaluateCall;org/weakref/nitro/operator/evaluator/PlanEvaluator.evaluateArgument;org/weakref/nitro/operator/evaluator/PlanEvaluator.evaluate;org/weakref/nitro/operator/evaluator/PlanEvaluator.evaluateUnmemoized;org/weakref/nitro/operator/evaluator/PlanEvaluator.evaluateInput;org/weakref/nitro/operator/FilterOperator$1.resolve;org/weakref/nitro/operator/Output.borrowOrNull;org/weakref/nitro/operator/Output.borrow;org/weakref/nitro/operator/Output.borrow;org/weakref/nitro/operator/NitroParquetScanOperator$ScanOutputResolver$$Lambda.0x00000000630aab88.apply;org/weakref/nitro/operator/NitroParquetScanOperator$ScanOutputResolver.resolve;org/weakref/nitro/operator/NitroParquetScanOperator.resolveLazyColumn;org/weakref/nitro/operator/NitroParquetScanOperator.decodeFullColumn;org/weakref/nitro/parquet/ColumnReader.readBinary;org/weakref/nitro/parquet/ColumnReader.readBinaryDirect;org/weakref/nitro/parquet/ColumnReader.decodeNextDataPage;org/weakref/nitro/parquet/ColumnReader.decodeDataPageV1;jdk/internal/foreign/AbstractMemorySegmentImpl.get;java/lang/invoke/VarHandleGuards.guard_LJ_I;java/lang/invoke/VarHandleSegmentAsInts.get;java/lang/invoke/VarHandleSegmentAsInts.get;jdk/internal/misc/ScopedMemoryAccess.getIntUnaligned;jdk/internal/misc/ScopedMemoryAccess.getIntUnalignedInternal;jdk/internal/foreign/MemorySessionImpl.checkValidStateRaw 7
/usr/lib/x86_64-linux-gnu/libc.so.6;/usr/lib/x86_64-linux-gnu/libc.so.6;thread_native_entry;Thread::call_run;WorkerThread::run;G1CMConcurrentMarkingTask::work;G1CMTask::do_marking_step;G1CMTask::drain_local_queue;void G1CMTask::process_grey_task_entry<true>;void OopOopIterateDispatch<G1CMOopClosure>::Table::oop_oop_iterate<InstanceKlass, narrowOop> 1
/usr/lib/x86_64-linux-gnu/libc.so.6;/usr/lib/x86_64-linux-gnu/libc.so.6;thread_native_entry;Thread::call_run;JavaThread::thread_main_inner;CompileBroker::compiler_thread_loop;CompileBroker::invoke_compiler_on_method;C2Compiler::compile_method;Compile::Compile;Compile::Code_Gen;PhaseChaitin::Register_Allocate;PhaseAggressiveCoalesce::insert_copies 1
java/lang/Thread.run;java/lang/Thread.runWith;java/util/concurrent/ThreadPoolExecutor$Worker.run;java/util/concurrent/ThreadPoolExecutor.runWorker;java/util/concurrent/FutureTask.run;java/util/concurrent/Executors$RunnableAdapter.call;java/util/concurrent/FutureTask.run;org/openjdk/jmh/runner/BenchmarkHandler$BenchmarkTask.call;org/openjdk/jmh/runner/BenchmarkHandler$BenchmarkTask.call;java/lang/reflect/Method.invoke;jdk/internal/reflect/DirectMethodHandleAccessor.invoke;jdk/internal/reflect/DirectMethodHandleAccessor.invokeImpl;java/lang/invoke/LambdaForm$MH.0x0000000063061400.invokeExact_MT;java/lang/invoke/LambdaForm$MH.0x0000000063061000.invoke;java/lang/invoke/DirectMethodHandle$Holder.invokeSpecial;org/weakref/nitro/clickbench/jmh_generated/BenchmarkQueries_query22_jmhTest.query22_AverageTime;org/weakref/nitro/clickbench/jmh_generated/BenchmarkQueries_query22_jmhTest.query22_avgt_jmhStub;org/weakref/nitro/clickbench/BenchmarkQueries.query22;org/weakref/nitro/clickbench/BenchmarkQueries.consume;org/weakref/nitro/operator/TopNOperator.next;org/weakref/nitro/operator/TopNOperator.computeTopN;org/weakref/nitro/operator/GroupedAggregationOperator.next;org/weakref/nitro/operator/GroupedAggregationOperator.computeResults;org/weakref/nitro/operator/GroupOperator.next;org/weakref/nitro/operator/FilterOperator.next;org/weakref/nitro/operator/evaluator/PlanEvaluator.evaluateInPlace;org/weakref/nitro/operator/evaluator/PlanEvaluator.evaluateTrueMaskInPlace;org/weakref/nitro/operator/evaluator/PlanEvaluator.evaluateAdaptiveAndTrueMaskInPlace;org/weakref/nitro/operator/evaluator/PlanEvaluator.evaluateMeasuredTrueMaskInPlace;org/weakref/nitro/operator/evaluator/PlanEvaluator.evaluateTrueMaskInPlace;org/weakref/nitro/operator/evaluator/PlanEvaluator.evaluateFalseMaskInPlace;org/weakref/nitro/operator/evaluator/PlanEvaluator.tryEvaluatePrimitiveFalseMaskInPlace;org/weakref/nitro/operator/evaluator/PlanEvaluator.tryEvaluatePrimitiveMaskInPlace;org/weakref/nitro/function/scalar/builtin/EqualUtf8.tryEvaluateFalseMaskInPlace;org/weakref/nitro/function/scalar/builtin/Utf8BinaryDispatch.tryEvaluateEqualsFalseMaskInPlace;org/weakref/nitro/function/scalar/builtin/Utf8BinaryDispatch.tryEvaluateEqualsMaskInPlace;org/weakref/nitro/data/Mask.retainIf;org/weakref/nitro/function/scalar/builtin/Utf8BinaryDispatch$$Lambda.0x0000000063125f20.test;org/weakref/nitro/function/scalar/builtin/Utf8BinaryDispatch.lambda$tryEvaluateEqualsMaskInPlace$0;org/weakref/nitro/function/scalar/builtin/Utf8BinaryDispatch.binaryEquals;org/weakref/nitro/function/scalar/builtin/Utf8BinaryDispatch.binaryEquals;org/weakref/nitro/data/RleVector.runIndex 1
java/lang/Thread.run;java/lang/Thread.runWith;java/util/concurrent/ThreadPoolExecutor$Worker.run;java/util/concurrent/ThreadPoolExecutor.runWorker;java/util/concurrent/FutureTask.run;java/util/concurrent/Executors$RunnableAdapter.call;java/util/concurrent/FutureTask.run;org/openjdk/jmh/runner/BenchmarkHandler$BenchmarkTask.call;org/openjdk/jmh/runner/BenchmarkHandler$BenchmarkTask.call;java/lang/reflect/Method.invoke;jdk/internal/reflect/DirectMethodHandleAccessor.invoke;jdk/internal/reflect/DirectMethodHandleAccessor.invokeImpl;java/lang/invoke/LambdaForm$MH.0x0000000063061400.invokeExact_MT;java/lang/invoke/LambdaForm$MH.0x0000000063061000.invoke;java/lang/invoke/DirectMethodHandle$Holder.invokeSpecial;org/weakref/nitro/clickbench/jmh_generated/BenchmarkQueries_query22_jmhTest.query22_AverageTime;org/weakref/nitro/clickbench/jmh_generated/BenchmarkQueries_query22_jmhTest.query22_avgt_jmhStub;org/weakref/nitro/clickbench/BenchmarkQueries.query22;org/weakref/nitro/clickbench/BenchmarkQueries.consume;org/weakref/nitro/operator/TopNOperator.next;org/weakref/nitro/operator/TopNOperator.computeTopN;org/weakref/nitro/operator/GroupedAggregationOperator.next;org/weakref/nitro/operator/GroupedAggregationOperator.computeResults;org/weakref/nitro/operator/GroupOperator.next;org/weakref/nitro/operator/FilterOperator.next;org/weakref/nitro/operator/evaluator/PlanEvaluator.evaluateInPlace;org/weakref/nitro/operator/evaluator/PlanEvaluator.evaluateTrueMaskInPlace;org/weakref/nitro/operator/evaluator/PlanEvaluator.evaluateAdaptiveAndTrueMaskInPlace;org/weakref/nitro/operator/evaluator/PlanEvaluator.evaluateMeasuredTrueMaskInPlace;org/weakref/nitro/operator/evaluator/PlanEvaluator.evaluateTrueMaskInPlace;org/weakref/nitro/operator/evaluator/PlanEvaluator.evaluateFalseMaskInPlace;org/weakref/nitro/operator/evaluator/PlanEvaluator.tryEvaluatePrimitiveFalseMaskInPlace;org/weakref/nitro/operator/evaluator/PlanEvaluator.tryEvaluatePrimitiveMaskInPlace;org/weakref/nitro/operator/evaluator/PlanEvaluator.resolveMaskPrimitiveInvocation;org/weakref/nitro/operator/evaluator/PlanEvaluator.evaluateArgument;org/weakref/nitro/operator/FilterOperator$1.resolve;org/weakref/nitro/operator/Output.borrowOrNull;org/weakref/nitro/operator/Output.borrow;org/weakref/nitro/operator/Output.borrow;org/weakref/nitro/operator/NitroParquetScanOperator$ScanOutputResolver$$Lambda.0x00000000630aab88.apply;org/weakref/nitro/operator/NitroParquetScanOperator$ScanOutputResolver.resolve;org/weakref/nitro/operator/NitroParquetScanOperator.resolveLazyColumn;org/weakref/nitro/operator/NitroParquetScanOperator.decodeFullColumn;org/weakref/nitro/parquet/ColumnReader.readBinary;org/weakref/nitro/parquet/ColumnReader.readBinaryDirect;org/weakref/nitro/parquet/ColumnReader.decodeNextDataPage;org/weakref/nitro/parquet/ColumnReader.decompress;io/airlift/compress/v3/snappy/SnappyNativeDecompressor.decompress;io/airlift/compress/v3/snappy/SnappyNative.decompress;io/airlift/compress/v3/snappy/SnappyNative.decompressInternal;java/lang/invoke/LambdaForm$MH.0x000000006311c400.invokeExact_MT;java/lang/invoke/LambdaForm$MH.0x0000000063134000.invoke;java/lang/invoke/LambdaForm$DMH.0x00000000630b1400.invokeStatic;jdk/internal/foreign/abi/DowncallStub.0x00000000630b1000.invoke;java/lang/invoke/LambdaForm$MH.0x000000006311d000.invokeExact_MT;java/lang/invoke/LambdaForm$MH.0x0000000063134400.invoke;nep_invoker_blob;snappy_uncompress;snappy::RawUncompress;snappy::RawUncompress;void snappy::SnappyDecompressor::DecompressAllTags<snappy::SnappyArrayWriter>;std::pair<unsigned char const*, long> snappy::DecompressBranchless<char*>;snappy::MemCopy64;memmove@plt 4
/usr/lib/x86_64-linux-gnu/libc.so.6;/usr/lib/x86_64-linux-gnu/libc.so.6;thread_native_entry;Thread::call_run;JavaThread::thread_main_inner;CompileBroker::compiler_thread_loop;CompileBroker::invoke_compiler_on_method;C2Compiler::compile_method;Compile::Compile;Compile::Optimize;Compile::optimize_loops;PhaseIdealLoop::build_and_optimize;PhaseIdealLoop::build_loop_late;PhaseIdealLoop::build_loop_late_post_work;PhaseIdealLoop::compute_lca_of_uses 1
java/lang/Thread.run;java/lang/Thread.runWith;java/util/concurrent/ThreadPoolExecutor$Worker.run;java/util/concurrent/ThreadPoolExecutor.runWorker;java/util/concurrent/FutureTask.run;java/util/concurrent/Executors$RunnableAdapter.call;java/util/concurrent/FutureTask.run;org/openjdk/jmh/runner/BenchmarkHandler$BenchmarkTask.call;org/openjdk/jmh/runner/BenchmarkHandler$BenchmarkTask.call;java/lang/reflect/Method.invoke;jdk/internal/reflect/DirectMethodHandleAccessor.invoke;jdk/internal/reflect/DirectMethodHandleAccessor.invokeImpl;java/lang/invoke/LambdaForm$MH.0x0000000063061400.invokeExact_MT;java/lang/invoke/LambdaForm$MH.0x0000000063061000.invoke;java/lang/invoke/DirectMethodHandle$Holder.invokeSpecial;org/weakref/nitro/clickbench/jmh_generated/BenchmarkQueries_query22_jmhTest.query22_AverageTime;org/weakref/nitro/clickbench/jmh_generated/BenchmarkQueries_query22_jmhTest.query22_avgt_jmhStub;org/weakref/nitro/clickbench/BenchmarkQueries.query22;org/weakref/nitro/clickbench/BenchmarkQueries.consume;org/weakref/nitro/operator/TopNOperator.next;org/weakref/nitro/operator/TopNOperator.computeTopN;org/weakref/nitro/operator/GroupedAggregationOperator.next;org/weakref/nitro/operator/GroupedAggregationOperator.computeResults;org/weakref/nitro/operator/GroupOperator.next;org/weakref/nitro/operator/FilterOperator.next;org/weakref/nitro/operator/evaluator/PlanEvaluator.evaluateInPlace;org/weakref/nitro/operator/evaluator/PlanEvaluator.evaluateTrueMaskInPlace;org/weakref/nitro/operator/evaluator/PlanEvaluator.evaluateAdaptiveAndTrueMaskInPlace;org/weakref/nitro/operator/evaluator/PlanEvaluator.evaluateMeasuredTrueMaskInPlace;org/weakref/nitro/operator/evaluator/PlanEvaluator.evaluateTrueMaskInPlace;org/weakref/nitro/operator/evaluator/PlanEvaluator.evaluateTrueReferenceMaskFallbackInPlace;org/weakref/nitro/operator/evaluator/PlanEvaluator.evaluate;org/weakref/nitro/operator/evaluator/PlanEvaluator.evaluateUnmemoized;org/weakref/nitro/operator/evaluator/PlanEvaluator.evaluateVariable;org/weakref/nitro/operator/evaluator/PlanEvaluator.evaluateCall;org/weakref/nitro/operator/evaluator/PlanEvaluator.evaluateArgument;org/weakref/nitro/operator/evaluator/PlanEvaluator.evaluate;org/weakref/nitro/operator/evaluator/PlanEvaluator.evaluateUnmemoized;org/weakref/nitro/operator/evaluator/PlanEvaluator.evaluateInput;org/weakref/nitro/operator/FilterOperator$1.resolve;org/weakref/nitro/operator/Output.borrowOrNull;org/weakref/nitro/operator/Output.borrow;org/weakref/nitro/operator/Output.borrow;org/weakref/nitro/operator/NitroParquetScanOperator$ScanOutputResolver$$Lambda.0x00000000630aab88.apply;org/weakref/nitro/operator/NitroParquetScanOperator$ScanOutputResolver.resolve;org/weakref/nitro/operator/NitroParquetScanOperator.resolveLazyColumn;org/weakref/nitro/operator/NitroParquetScanOperator.decodeFullColumn;org/weakref/nitro/parquet/ColumnReader.readBinary;org/weakref/nitro/parquet/ColumnReader.readBinaryDirect;org/weakref/nitro/parquet/ColumnReader.decodeNextDataPage;org/weakref/nitro/parquet/ColumnReader.decompress;io/airlift/compress/v3/snappy/SnappyNativeDecompressor.decompress;io/airlift/compress/v3/snappy/SnappyNative.decompress;io/airlift/compress/v3/snappy/SnappyNative.decompressInternal;java/lang/invoke/LambdaForm$MH.0x000000006311c400.invokeExact_MT;java/lang/invoke/LambdaForm$MH.0x0000000063134000.invoke;java/lang/invoke/LambdaForm$DMH.0x00000000630b1400.invokeStatic;jdk/internal/foreign/abi/DowncallStub.0x00000000630b1000.invoke;java/lang/invoke/LambdaForm$MH.0x000000006311d000.invokeExact_MT;java/lang/invoke/LambdaForm$MH.0x0000000063134400.invoke;nep_invoker_blob;snappy_uncompress;snappy::RawUncompress;snappy::RawUncompress;void snappy::SnappyDecompressor::DecompressAllTags<snappy::SnappyArrayWriter>;std::pair<unsigned char const*, long> snappy::DecompressBranchless<char*>;snappy::MemCopy64;/usr/lib/x86_64-linux-gnu/libc.so.6;asm_exc_page_fault_[k];exc_page_fault_[k];do_user_addr_fault_[k];handle_mm_fault_[k];__handle_mm_fault_[k];handle_pte_fault_[k];do_fault_[k];do_read_fault_[k];filemap_map_pages_[k];next_uptodate_folio_[k] 3
java/lang/Thread.run;java/lang/Thread.runWith;java/util/concurrent/ThreadPoolExecutor$Worker.run;java/util/concurrent/ThreadPoolExecutor.runWorker;java/util/concurrent/FutureTask.run;java/util/concurrent/Executors$RunnableAdapter.call;java/util/concurrent/FutureTask.run;org/openjdk/jmh/runner/BenchmarkHandler$BenchmarkTask.call;org/openjdk/jmh/runner/BenchmarkHandler$BenchmarkTask.call;java/lang/reflect/Method.invoke;jdk/internal/reflect/DirectMethodHandleAccessor.invoke;jdk/internal/reflect/DirectMethodHandleAccessor.invokeImpl;java/lang/invoke/LambdaForm$MH.0x0000000063061400.invokeExact_MT;java/lang/invoke/LambdaForm$MH.0x0000000063061000.invoke;java/lang/invoke/DirectMethodHandle$Holder.invokeSpecial;org/weakref/nitro/clickbench/jmh_generated/BenchmarkQueries_query22_jmhTest.query22_AverageTime;org/weakref/nitro/clickbench/jmh_generated/BenchmarkQueries_query22_jmhTest.query22_avgt_jmhStub;org/weakref/nitro/clickbench/BenchmarkQueries.query22;org/weakref/nitro/clickbench/BenchmarkQueries.consume;org/weakref/nitro/operator/TopNOperator.next;org/weakref/nitro/operator/TopNOperator.computeTopN;org/weakref/nitro/operator/GroupedAggregationOperator.next;org/weakref/nitro/operator/GroupedAggregationOperator.computeResults;org/weakref/nitro/operator/GroupOperator.next;org/weakref/nitro/operator/FilterOperator.next;org/weakref/nitro/operator/evaluator/PlanEvaluator.evaluateInPlace;org/weakref/nitro/operator/evaluator/PlanEvaluator.evaluateTrueMaskInPlace;org/weakref/nitro/operator/evaluator/PlanEvaluator.evaluateAdaptiveAndTrueMaskInPlace;org/weakref/nitro/operator/evaluator/PlanEvaluator.evaluateMeasuredTrueMaskInPlace;org/weakref/nitro/operator/evaluator/PlanEvaluator.evaluateTrueMaskInPlace;org/weakref/nitro/operator/evaluator/PlanEvaluator.evaluateTrueReferenceMaskFallbackInPlace;org/weakref/nitro/operator/evaluator/PlanEvaluator.evaluate;org/weakref/nitro/operator/evaluator/PlanEvaluator.evaluateUnmemoized;org/weakref/nitro/operator/evaluator/PlanEvaluator.evaluateVariable;org/weakref/nitro/operator/evaluator/PlanEvaluator.evaluateCall;org/weakref/nitro/operator/evaluator/PlanEvaluator.evaluateArgument;org/weakref/nitro/operator/evaluator/PlanEvaluator.evaluate;org/weakref/nitro/operator/evaluator/PlanEvaluator.evaluateUnmemoized;org/weakref/nitro/operator/evaluator/PlanEvaluator.evaluateInput;org/weakref/nitro/operator/FilterOperator$1.resolve;org/weakref/nitro/operator/Output.borrowOrNull;org/weakref/nitro/operator/Output.borrow;org/weakref/nitro/operator/Output.borrow;org/weakref/nitro/operator/NitroParquetScanOperator$ScanOutputResolver$$Lambda.0x00000000630aab88.apply;org/weakref/nitro/operator/NitroParquetScanOperator$ScanOutputResolver.resolve;org/weakref/nitro/operator/NitroParquetScanOperator.resolveLazyColumn;org/weakref/nitro/operator/NitroParquetScanOperator.decodeFullColumn;org/weakref/nitro/parquet/ColumnReader.readBinary;org/weakref/nitro/parquet/ColumnReader.readBinaryDirect;org/weakref/nitro/parquet/ColumnReader.decodeNextDataPage;org/weakref/nitro/parquet/ColumnReader.decompress;io/airlift/compress/v3/snappy/SnappyNativeDecompressor.decompress;io/airlift/compress/v3/snappy/SnappyNative.decompress;io/airlift/compress/v3/snappy/SnappyNative.decompressInternal;java/lang/invoke/LambdaForm$MH.0x000000006311c400.invokeExact_MT;java/lang/invoke/LambdaForm$MH.0x0000000063134000.invoke;java/lang/invoke/LambdaForm$DMH.0x00000000630b1400.invokeStatic;jdk/internal/foreign/abi/DowncallStub.0x00000000630b1000.invoke;java/lang/invoke/LambdaForm$MH.0x000000006311d000.invokeExact_MT;java/lang/invoke/LambdaForm$MH.0x0000000063134400.invoke;nep_invoker_blob;snappy_uncompress;snappy::RawUncompress;snappy::RawUncompress;void snappy::SnappyDecompressor::DecompressAllTags<snappy::SnappyArrayWriter>;std::pair<unsigned char const*, long> snappy::DecompressBranchless<char*> 2
java/lang/Thread.run;java/lang/Thread.runWith;java/util/concurrent/ThreadPoolExecutor$Worker.run;java/util/concurrent/ThreadPoolExecutor.runWorker;java/util/concurrent/FutureTask.run;java/util/concurrent/Executors$RunnableAdapter.call;java/util/concurrent/FutureTask.run;org/openjdk/jmh/runner/BenchmarkHandler$BenchmarkTask.call;org/openjdk/jmh/runner/BenchmarkHandler$BenchmarkTask.call;java/lang/reflect/Method.invoke;jdk/internal/reflect/DirectMethodHandleAccessor.invoke;jdk/internal/reflect/DirectMethodHandleAccessor.invokeImpl;java/lang/invoke/LambdaForm$MH.0x0000000063061400.invokeExact_MT;java/lang/invoke/LambdaForm$MH.0x0000000063061000.invoke;java/lang/invoke/DirectMethodHandle$Holder.invokeSpecial;org/weakref/nitro/clickbench/jmh_generated/BenchmarkQueries_query22_jmhTest.query22_AverageTime;org/weakref/nitro/clickbench/jmh_generated/BenchmarkQueries_query22_jmhTest.query22_avgt_jmhStub;org/weakref/nitro/clickbench/BenchmarkQueries.query22;org/weakref/nitro/clickbench/ClickBenchHitsSupport.query22;org/weakref/nitro/clickbench/ClickBenchHitsSupport.clickBenchScan;org/weakref/nitro/operator/NitroParquetScanOperator.<init>;java/util/stream/ReferencePipeline.toArray;java/util/stream/AbstractPipeline.evaluateToArrayNode;java/util/stream/AbstractPipeline.evaluate;java/util/stream/AbstractPipeline.wrapAndCopyInto;java/util/stream/AbstractPipeline.copyInto;java/util/AbstractList$RandomAccessSpliterator.forEachRemaining;java/util/stream/ReferencePipeline$3$1.accept;org/weakref/nitro/operator/NitroParquetScanOperator$$Lambda.0x00000000630837a8.apply;org/weakref/nitro/parquet/ParquetFile.open;org/weakref/nitro/parquet/ParquetFile.<init>;jdk/internal/foreign/AbstractMemorySegmentImpl.get;java/lang/invoke/VarHandleGuards.guard_LJ_I;java/lang/invoke/VarHandleSegmentAsInts.get;java/lang/invoke/VarHandleSegmentAsInts.get;jdk/internal/misc/ScopedMemoryAccess.getIntUnaligned;jdk/internal/misc/ScopedMemoryAccess.getIntUnalignedInternal;jdk/internal/misc/Unsafe.getIntUnaligned;asm_exc_page_fault_[k];exc_page_fault_[k];do_user_addr_fault_[k];handle_mm_fault_[k];__handle_mm_fault_[k];handle_pte_fault_[k];do_fault_[k];do_read_fault_[k];filemap_map_pages_[k] 1
/usr/lib/x86_64-linux-gnu/libc.so.6;/usr/lib/x86_64-linux-gnu/libc.so.6;thread_native_entry;Thread::call_run;JavaThread::thread_main_inner;CompileBroker::compiler_thread_loop;CompileBroker::invoke_compiler_on_method;Compiler::compile_method;Compilation::Compilation;Compilation::compile_method;Compilation::compile_java_method;Compilation::build_hir;IR::IR;IRScope::IRScope;ciMethod::has_balanced_monitors 1
java/lang/Thread.run;java/lang/Thread.runWith;java/util/concurrent/ThreadPoolExecutor$Worker.run;java/util/concurrent/ThreadPoolExecutor.runWorker;java/util/concurrent/FutureTask.run;java/util/concurrent/Executors$RunnableAdapter.call;java/util/concurrent/FutureTask.run;org/openjdk/jmh/runner/BenchmarkHandler$BenchmarkTask.call;org/openjdk/jmh/runner/BenchmarkHandler$BenchmarkTask.call;java/lang/reflect/Method.invoke;jdk/internal/reflect/DirectMethodHandleAccessor.invoke;jdk/internal/reflect/DirectMethodHandleAccessor.invokeImpl;java/lang/invoke/LambdaForm$MH.0x0000000063061400.invokeExact_MT;java/lang/invoke/LambdaForm$MH.0x0000000063061000.invoke;java/lang/invoke/DirectMethodHandle$Holder.invokeSpecial;org/weakref/nitro/clickbench/jmh_generated/BenchmarkQueries_query22_jmhTest.query22_AverageTime;org/weakref/nitro/clickbench/jmh_generated/BenchmarkQueries_query22_jmhTest.query22_avgt_jmhStub;org/weakref/nitro/clickbench/BenchmarkQueries.query22;org/weakref/nitro/clickbench/BenchmarkQueries.consume;org/weakref/nitro/operator/TopNOperator.next;org/weakref/nitro/operator/TopNOperator.computeTopN;org/weakref/nitro/operator/GroupedAggregationOperator.next;org/weakref/nitro/operator/GroupedAggregationOperator.computeResults;org/weakref/nitro/operator/GroupOperator.next;org/weakref/nitro/operator/FilterOperator.next;org/weakref/nitro/operator/evaluator/PlanEvaluator.evaluateInPlace;org/weakref/nitro/operator/evaluator/PlanEvaluator.evaluateTrueMaskInPlace;org/weakref/nitro/operator/evaluator/PlanEvaluator.evaluateAdaptiveAndTrueMaskInPlace;org/weakref/nitro/operator/evaluator/PlanEvaluator.evaluateMeasuredTrueMaskInPlace;org/weakref/nitro/operator/evaluator/PlanEvaluator.evaluateTrueMaskInPlace;org/weakref/nitro/operator/evaluator/PlanEvaluator.evaluateTrueReferenceMaskFallbackInPlace;org/weakref/nitro/operator/evaluator/PlanEvaluator.evaluate;org/weakref/nitro/operator/evaluator/PlanEvaluator.evaluateUnmemoized;org/weakref/nitro/operator/evaluator/PlanEvaluator.evaluateVariable;org/weakref/nitro/operator/evaluator/PlanEvaluator.evaluateCall;org/weakref/nitro/function/scalar/builtin/ContainsUtf8.apply;org/weakref/nitro/function/scalar/builtin/Utf8BinaryDispatch.applyContains;org/weakref/nitro/function/scalar/builtin/Utf8BinaryDispatch.apply;org/weakref/nitro/function/scalar/builtin/Utf8BinaryDispatch.applyValues;org/weakref/nitro/function/scalar/builtin/Utf8BinaryDispatch.applyContainsFlatSingleNeedle;org/weakref/nitro/function/scalar/builtin/Utf8BinaryDispatch.binaryContains;org/weakref/nitro/data/BinaryVector.length;org/weakref/nitro/data/BinaryVector.endOffset 2
java/lang/Thread.run;java/lang/Thread.runWith;java/util/concurrent/ThreadPoolExecutor$Worker.run;java/util/concurrent/ThreadPoolExecutor.runWorker;java/util/concurrent/FutureTask.run;java/util/concurrent/Executors$RunnableAdapter.call;java/util/concurrent/FutureTask.run;org/openjdk/jmh/runner/BenchmarkHandler$BenchmarkTask.call;org/openjdk/jmh/runner/BenchmarkHandler$BenchmarkTask.call;java/lang/reflect/Method.invoke;jdk/internal/reflect/DirectMethodHandleAccessor.invoke;jdk/internal/reflect/DirectMethodHandleAccessor.invokeImpl;java/lang/invoke/LambdaForm$MH.0x0000000063061400.invokeExact_MT;java/lang/invoke/LambdaForm$MH.0x0000000063061000.invoke;java/lang/invoke/DirectMethodHandle$Holder.invokeSpecial;org/weakref/nitro/clickbench/jmh_generated/BenchmarkQueries_query22_jmhTest.query22_AverageTime;org/weakref/nitro/clickbench/jmh_generated/BenchmarkQueries_query22_jmhTest.query22_avgt_jmhStub;org/weakref/nitro/clickbench/BenchmarkQueries.query22;org/weakref/nitro/clickbench/BenchmarkQueries.consume;org/weakref/nitro/operator/TopNOperator.next;org/weakref/nitro/operator/TopNOperator.computeTopN;org/weakref/nitro/operator/GroupedAggregationOperator.next;org/weakref/nitro/operator/GroupedAggregationOperator.computeResults;org/weakref/nitro/operator/GroupOperator.next;org/weakref/nitro/operator/FilterOperator.next;org/weakref/nitro/operator/evaluator/PlanEvaluator.evaluateInPlace;org/weakref/nitro/operator/evaluator/PlanEvaluator.evaluateTrueMaskInPlace;org/weakref/nitro/operator/evaluator/PlanEvaluator.evaluateAdaptiveAndTrueMaskInPlace;org/weakref/nitro/operator/evaluator/PlanEvaluator.evaluateMeasuredTrueMaskInPlace;org/weakref/nitro/operator/evaluator/PlanEvaluator.evaluateTrueMaskInPlace;org/weakref/nitro/operator/evaluator/PlanEvaluator.evaluateFalseMaskInPlace;org/weakref/nitro/operator/evaluator/PlanEvaluator.tryEvaluatePrimitiveFalseMaskInPlace;org/weakref/nitro/operator/evaluator/PlanEvaluator.tryEvaluatePrimitiveMaskInPlace;org/weakref/nitro/operator/evaluator/PlanEvaluator.resolveMaskPrimitiveInvocation;org/weakref/nitro/operator/evaluator/PlanEvaluator.evaluateArgument;org/weakref/nitro/operator/FilterOperator$1.resolve;org/weakref/nitro/operator/Output.borrowOrNull;org/weakref/nitro/operator/Output.borrow;org/weakref/nitro/operator/Output.borrow;org/weakref/nitro/operator/NitroParquetScanOperator$ScanOutputResolver$$Lambda.0x00000000630aab88.apply;org/weakref/nitro/operator/NitroParquetScanOperator$ScanOutputResolver.resolve;org/weakref/nitro/operator/NitroParquetScanOperator.resolveLazyColumn;org/weakref/nitro/operator/NitroParquetScanOperator.decodeFullColumn;org/weakref/nitro/parquet/ColumnReader.readBinary;org/weakref/nitro/parquet/ColumnReader.readBinaryDirect;org/weakref/nitro/parquet/ColumnReader.decodeNextDataPage;org/weakref/nitro/parquet/ColumnReader.decodeDataPageV1;org/weakref/nitro/parquet/ColumnReader.decodePlainBinary;org/weakref/nitro/parquet/ColumnReader.decodePlainBinaryPresized;org/weakref/nitro/parquet/ColumnReader.appendPlainEntryPresized;jdk/internal/foreign/AbstractMemorySegmentImpl.get;java/lang/invoke/VarHandleGuards.guard_LJ_I;java/lang/invoke/VarHandleSegmentAsInts.get;java/lang/invoke/VarHandleSegmentAsInts.get;jdk/internal/misc/ScopedMemoryAccess.getIntUnaligned;jdk/internal/misc/ScopedMemoryAccess.getIntUnalignedInternal;jdk/internal/misc/Unsafe.getIntUnaligned 2
java/lang/Thread.run;java/lang/Thread.runWith;java/util/concurrent/ThreadPoolExecutor$Worker.run;java/util/concurrent/ThreadPoolExecutor.runWorker;java/util/concurrent/FutureTask.run;java/util/concurrent/Executors$RunnableAdapter.call;java/util/concurrent/FutureTask.run;org/openjdk/jmh/runner/BenchmarkHandler$BenchmarkTask.call;org/openjdk/jmh/runner/BenchmarkHandler$BenchmarkTask.call;java/lang/reflect/Method.invoke;jdk/internal/reflect/DirectMethodHandleAccessor.invoke;jdk/internal/reflect/DirectMethodHandleAccessor.invokeImpl;java/lang/invoke/LambdaForm$MH.0x0000000063061400.invokeExact_MT;java/lang/invoke/LambdaForm$MH.0x0000000063061000.invoke;java/lang/invoke/DirectMethodHandle$Holder.invokeSpecial;org/weakref/nitro/clickbench/jmh_generated/BenchmarkQueries_query22_jmhTest.query22_AverageTime;org/weakref/nitro/clickbench/jmh_generated/BenchmarkQueries_query22_jmhTest.query22_avgt_jmhStub;org/weakref/nitro/clickbench/BenchmarkQueries.query22;org/weakref/nitro/clickbench/BenchmarkQueries.consume;org/weakref/nitro/operator/TopNOperator.next;org/weakref/nitro/operator/TopNOperator.computeTopN;org/weakref/nitro/operator/GroupedAggregationOperator.next;org/weakref/nitro/operator/GroupedAggregationOperator.computeResults;org/weakref/nitro/operator/GroupOperator.next;org/weakref/nitro/operator/FilterOperator.next;org/weakref/nitro/operator/evaluator/PlanEvaluator.evaluateInPlace;org/weakref/nitro/operator/evaluator/PlanEvaluator.evaluateTrueMaskInPlace;org/weakref/nitro/operator/evaluator/PlanEvaluator.evaluateAdaptiveAndTrueMaskInPlace;org/weakref/nitro/operator/evaluator/PlanEvaluator.evaluateMeasuredTrueMaskInPlace;org/weakref/nitro/operator/evaluator/PlanEvaluator.evaluateTrueMaskInPlace;org/weakref/nitro/operator/evaluator/PlanEvaluator.evaluateTrueReferenceMaskFallbackInPlace;org/weakref/nitro/operator/evaluator/PlanEvaluator.evaluate;org/weakref/nitro/operator/evaluator/PlanEvaluator.evaluateUnmemoized;org/weakref/nitro/operator/evaluator/PlanEvaluator.evaluateVariable;org/weakref/nitro/operator/evaluator/PlanEvaluator.evaluateCall;org/weakref/nitro/function/scalar/builtin/ContainsUtf8.apply;org/weakref/nitro/function/scalar/builtin/Utf8BinaryDispatch.applyContains;org/weakref/nitro/function/scalar/builtin/Utf8BinaryDispatch.apply;org/weakref/nitro/function/scalar/builtin/Utf8BinaryDispatch.applyValues;org/weakref/nitro/function/scalar/builtin/Utf8BinaryDispatch.applyContainsDictionarySingleNeedle;org/weakref/nitro/function/scalar/builtin/Utf8BinaryDispatch.binaryContains;org/weakref/nitro/data/BinaryVector.length;org/weakref/nitro/data/BinaryVector.endOffset 2
java/lang/Thread.run;java/lang/Thread.runWith;java/util/concurrent/ThreadPoolExecutor$Worker.run;java/util/concurrent/ThreadPoolExecutor.runWorker;java/util/concurrent/FutureTask.run;java/util/concurrent/Executors$RunnableAdapter.call;java/util/concurrent/FutureTask.run;org/openjdk/jmh/runner/BenchmarkHandler$BenchmarkTask.call;org/openjdk/jmh/runner/BenchmarkHandler$BenchmarkTask.call;java/lang/reflect/Method.invoke;jdk/internal/reflect/DirectMethodHandleAccessor.invoke;jdk/internal/reflect/DirectMethodHandleAccessor.invokeImpl;java/lang/invoke/LambdaForm$MH.0x0000000063061400.invokeExact_MT;java/lang/invoke/LambdaForm$MH.0x0000000063061000.invoke;java/lang/invoke/DirectMethodHandle$Holder.invokeSpecial;org/weakref/nitro/clickbench/jmh_generated/BenchmarkQueries_query22_jmhTest.query22_AverageTime;org/weakref/nitro/clickbench/jmh_generated/BenchmarkQueries_query22_jmhTest.query22_avgt_jmhStub;org/weakref/nitro/clickbench/BenchmarkQueries.query22;org/weakref/nitro/clickbench/BenchmarkQueries.consume;org/weakref/nitro/operator/TopNOperator.next;org/weakref/nitro/operator/TopNOperator.computeTopN;org/weakref/nitro/operator/GroupedAggregationOperator.next;org/weakref/nitro/operator/GroupedAggregationOperator.computeResults;org/weakref/nitro/operator/GroupOperator.next;org/weakref/nitro/operator/FilterOperator.next;org/weakref/nitro/operator/evaluator/PlanEvaluator.evaluateInPlace;org/weakref/nitro/operator/evaluator/PlanEvaluator.evaluateTrueMaskInPlace;org/weakref/nitro/operator/evaluator/PlanEvaluator.evaluateAdaptiveAndTrueMaskInPlace;org/weakref/nitro/operator/evaluator/PlanEvaluator.evaluateMeasuredTrueMaskInPlace;org/weakref/nitro/operator/evaluator/PlanEvaluator.evaluateTrueMaskInPlace;org/weakref/nitro/operator/evaluator/PlanEvaluator.evaluateFalseMaskInPlace;org/weakref/nitro/operator/evaluator/PlanEvaluator.tryEvaluatePrimitiveFalseMaskInPlace;org/weakref/nitro/operator/evaluator/PlanEvaluator.tryEvaluatePrimitiveMaskInPlace;org/weakref/nitro/function/scalar/builtin/EqualUtf8.tryEvaluateFalseMaskInPlace;org/weakref/nitro/function/scalar/builtin/Utf8BinaryDispatch.tryEvaluateEqualsFalseMaskInPlace;org/weakref/nitro/function/scalar/builtin/Utf8BinaryDispatch.tryEvaluateEqualsMaskInPlace;org/weakref/nitro/data/Mask.retainIf;org/weakref/nitro/function/scalar/builtin/Utf8BinaryDispatch$$Lambda.0x0000000063125f20.test;org/weakref/nitro/function/scalar/builtin/Utf8BinaryDispatch.lambda$tryEvaluateEqualsMaskInPlace$0;org/weakref/nitro/function/scalar/builtin/Utf8BinaryDispatch.binaryEquals;org/weakref/nitro/data/DictionaryVector.values 1
java/lang/Thread.run;java/lang/Thread.runWith;java/util/concurrent/ThreadPoolExecutor$Worker.run;java/util/concurrent/ThreadPoolExecutor.runWorker;java/util/concurrent/FutureTask.run;java/util/concurrent/Executors$RunnableAdapter.call;java/util/concurrent/FutureTask.run;org/openjdk/jmh/runner/BenchmarkHandler$BenchmarkTask.call;org/openjdk/jmh/runner/BenchmarkHandler$BenchmarkTask.call;java/lang/reflect/Method.invoke;jdk/internal/reflect/DirectMethodHandleAccessor.invoke;jdk/internal/reflect/DirectMethodHandleAccessor.invokeImpl;java/lang/invoke/LambdaForm$MH.0x0000000063061400.invokeExact_MT;java/lang/invoke/LambdaForm$MH.0x0000000063061000.invoke;java/lang/invoke/DirectMethodHandle$Holder.invokeSpecial;org/weakref/nitro/clickbench/jmh_generated/BenchmarkQueries_query22_jmhTest.query22_AverageTime;org/weakref/nitro/clickbench/jmh_generated/BenchmarkQueries_query22_jmhTest.query22_avgt_jmhStub;org/weakref/nitro/clickbench/BenchmarkQueries.query22;org/weakref/nitro/clickbench/BenchmarkQueries.consume;org/weakref/nitro/operator/TopNOperator.next;org/weakref/nitro/operator/TopNOperator.computeTopN;org/weakref/nitro/operator/GroupedAggregationOperator.next;org/weakref/nitro/operator/GroupedAggregationOperator.computeResults;org/weakref/nitro/operator/GroupOperator.next;org/weakref/nitro/operator/FilterOperator.next;org/weakref/nitro/operator/evaluator/PlanEvaluator.evaluateInPlace;org/weakref/nitro/operator/evaluator/PlanEvaluator.evaluateTrueMaskInPlace;org/weakref/nitro/operator/evaluator/PlanEvaluator.evaluateAdaptiveAndTrueMaskInPlace;org/weakref/nitro/operator/evaluator/PlanEvaluator.evaluateMeasuredTrueMaskInPlace;org/weakref/nitro/operator/evaluator/PlanEvaluator.evaluateTrueMaskInPlace;org/weakref/nitro/operator/evaluator/PlanEvaluator.evaluateFalseMaskInPlace;org/weakref/nitro/operator/evaluator/PlanEvaluator.tryEvaluatePrimitiveFalseMaskInPlace;org/weakref/nitro/operator/evaluator/PlanEvaluator.tryEvaluatePrimitiveMaskInPlace;org/weakref/nitro/function/scalar/builtin/EqualUtf8.tryEvaluateFalseMaskInPlace;org/weakref/nitro/function/scalar/builtin/Utf8BinaryDispatch.tryEvaluateEqualsFalseMaskInPlace;org/weakref/nitro/function/scalar/builtin/Utf8BinaryDispatch.tryEvaluateEqualsMaskInPlace;org/weakref/nitro/data/Mask.retainIf;org/weakref/nitro/function/scalar/builtin/Utf8BinaryDispatch$$Lambda.0x0000000063125f20.test;org/weakref/nitro/function/scalar/builtin/Utf8BinaryDispatch.lambda$tryEvaluateEqualsMaskInPlace$0;org/weakref/nitro/function/scalar/builtin/Utf8BinaryDispatch.binaryEquals;org/weakref/nitro/function/scalar/builtin/Utf8BinaryDispatch.binaryEquals;org/weakref/nitro/data/RleVector.runIndex;java/util/Arrays.binarySearch;java/util/Arrays.binarySearch0 1
java/lang/Thread.run;java/lang/Thread.runWith;java/util/concurrent/ThreadPoolExecutor$Worker.run;java/util/concurrent/ThreadPoolExecutor.runWorker;java/util/concurrent/FutureTask.run;java/util/concurrent/Executors$RunnableAdapter.call;java/util/concurrent/FutureTask.run;org/openjdk/jmh/runner/BenchmarkHandler$BenchmarkTask.call;org/openjdk/jmh/runner/BenchmarkHandler$BenchmarkTask.call;java/lang/reflect/Method.invoke;jdk/internal/reflect/DirectMethodHandleAccessor.invoke;jdk/internal/reflect/DirectMethodHandleAccessor.invokeImpl;java/lang/invoke/LambdaForm$MH.0x0000000063061400.invokeExact_MT;java/lang/invoke/LambdaForm$MH.0x0000000063061000.invoke;java/lang/invoke/DirectMethodHandle$Holder.invokeSpecial;org/weakref/nitro/clickbench/jmh_generated/BenchmarkQueries_query22_jmhTest.query22_AverageTime;org/weakref/nitro/clickbench/jmh_generated/BenchmarkQueries_query22_jmhTest.query22_avgt_jmhStub;org/weakref/nitro/clickbench/BenchmarkQueries.query22;org/weakref/nitro/clickbench/BenchmarkQueries.consume;org/weakref/nitro/operator/TopNOperator.close;org/weakref/nitro/operator/GroupedAggregationOperator.close;org/weakref/nitro/operator/GroupOperator.close;org/weakref/nitro/operator/FilterOperator.close;org/weakref/nitro/operator/NitroParquetScanOperator.close;org/weakref/nitro/parquet/ParquetFile.close;jdk/internal/foreign/ArenaImpl.close;jdk/internal/foreign/MemorySessionImpl.close;jdk/internal/foreign/ConfinedSession$ConfinedResourceList.cleanup;jdk/internal/foreign/MemorySessionImpl$ResourceList.cleanupSingle;jdk/internal/foreign/SegmentFactories$2.cleanup;sun/nio/ch/FileChannelImpl$Unmapper.unmap;sun/nio/ch/UnixFileDispatcherImpl.unmap;sun/nio/ch/UnixFileDispatcherImpl.unmap0;Java_sun_nio_ch_UnixFileDispatcherImpl_unmap0;munmap;entry_SYSCALL_64_after_hwframe_[k];do_syscall_64_[k];x64_sys_call_[k];__x64_sys_munmap_[k];__vm_munmap_[k];do_vmi_munmap_[k];do_vmi_align_munmap_[k];vms_complete_munmap_vmas_[k];vms_clear_ptes_[k];unmap_vmas_[k];unmap_single_vma.isra.0_[k];unmap_page_range_[k];zap_pmd_range.isra.0_[k];zap_pte_range_[k];zap_present_ptes.constprop.0_[k];folio_remove_rmap_ptes_[k];__lruvec_stat_mod_folio_[k];mod_memcg_lruvec_state_[k] 1
/usr/lib/x86_64-linux-gnu/libc.so.6;/usr/lib/x86_64-linux-gnu/libc.so.6;thread_native_entry;Thread::call_run;WorkerThread::run;G1CMConcurrentMarkingTask::work;G1CMTask::do_marking_step;G1CMTask::process_current_region;void G1CMTask::process_grey_task_entry<true>;void OopOopIterateDispatch<G1CMOopClosure>::Table::oop_oop_iterate<InstanceKlass, narrowOop> 1
java/lang/Thread.run;java/lang/Thread.runWith;java/util/concurrent/ThreadPoolExecutor$Worker.run;java/util/concurrent/ThreadPoolExecutor.runWorker;java/util/concurrent/FutureTask.run;java/util/concurrent/Executors$RunnableAdapter.call;java/util/concurrent/FutureTask.run;org/openjdk/jmh/runner/BenchmarkHandler$BenchmarkTask.call;org/openjdk/jmh/runner/BenchmarkHandler$BenchmarkTask.call;java/lang/reflect/Method.invoke;jdk/internal/reflect/DirectMethodHandleAccessor.invoke;jdk/internal/reflect/DirectMethodHandleAccessor.invokeImpl;java/lang/invoke/LambdaForm$MH.0x0000000063061400.invokeExact_MT;java/lang/invoke/LambdaForm$MH.0x0000000063061000.invoke;java/lang/invoke/DirectMethodHandle$Holder.invokeSpecial;org/weakref/nitro/clickbench/jmh_generated/BenchmarkQueries_query22_jmhTest.query22_AverageTime;org/weakref/nitro/clickbench/jmh_generated/BenchmarkQueries_query22_jmhTest.query22_avgt_jmhStub;org/weakref/nitro/clickbench/BenchmarkQueries.query22;org/weakref/nitro/clickbench/BenchmarkQueries.consume;org/weakref/nitro/operator/TopNOperator.next;org/weakref/nitro/operator/TopNOperator.computeTopN;org/weakref/nitro/operator/GroupedAggregationOperator.next;org/weakref/nitro/operator/GroupedAggregationOperator.computeResults;org/weakref/nitro/operator/GroupOperator.next;org/weakref/nitro/operator/FilterOperator.next;org/weakref/nitro/operator/evaluator/PlanEvaluator.evaluateInPlace;org/weakref/nitro/operator/evaluator/PlanEvaluator.evaluateTrueMaskInPlace;org/weakref/nitro/operator/evaluator/PlanEvaluator.evaluateAdaptiveAndTrueMaskInPlace;org/weakref/nitro/operator/evaluator/PlanEvaluator.evaluateMeasuredTrueMaskInPlace;org/weakref/nitro/operator/evaluator/PlanEvaluator.evaluateTrueMaskInPlace;org/weakref/nitro/operator/evaluator/PlanEvaluator.evaluateTrueReferenceMaskFallbackInPlace;org/weakref/nitro/operator/evaluator/PlanEvaluator.evaluate;org/weakref/nitro/operator/evaluator/PlanEvaluator.evaluateUnmemoized;org/weakref/nitro/operator/evaluator/PlanEvaluator.evaluateVariable;org/weakref/nitro/operator/evaluator/PlanEvaluator.evaluateCall;org/weakref/nitro/operator/evaluator/PlanEvaluator.evaluateArgument;org/weakref/nitro/operator/evaluator/PlanEvaluator.evaluate;org/weakref/nitro/operator/evaluator/PlanEvaluator.evaluateUnmemoized;org/weakref/nitro/operator/evaluator/PlanEvaluator.evaluateInput;org/weakref/nitro/operator/FilterOperator$1.resolve;org/weakref/nitro/operator/Output.borrowOrNull;org/weakref/nitro/operator/Output.borrow;org/weakref/nitro/operator/Output.borrow;org/weakref/nitro/operator/NitroParquetScanOperator$ScanOutputResolver$$Lambda.0x00000000630aab88.apply;org/weakref/nitro/operator/NitroParquetScanOperator$ScanOutputResolver.resolve;org/weakref/nitro/operator/NitroParquetScanOperator.resolveLazyColumn;org/weakref/nitro/operator/NitroParquetScanOperator.decodeFullColumn;org/weakref/nitro/parquet/ColumnReader.readBinary;org/weakref/nitro/parquet/ColumnReader.readBinaryDirect;org/weakref/nitro/parquet/ColumnReader.decodeNextDataPage;org/weakref/nitro/parquet/ColumnReader.decodeDataPageV1;org/weakref/nitro/parquet/ColumnReader.decodePlainBinary;org/weakref/nitro/parquet/ColumnReader.decodePlainBinaryPresized;org/weakref/nitro/parquet/ColumnReader.appendPlainEntryPresized 3
java/lang/Thread.run;java/lang/Thread.runWith;java/util/concurrent/ThreadPoolExecutor$Worker.run;java/util/concurrent/ThreadPoolExecutor.runWorker;java/util/concurrent/FutureTask.run;java/util/concurrent/Executors$RunnableAdapter.call;java/util/concurrent/FutureTask.run;org/openjdk/jmh/runner/BenchmarkHandler$BenchmarkTask.call;org/openjdk/jmh/runner/BenchmarkHandler$BenchmarkTask.call;java/lang/reflect/Method.invoke;jdk/internal/reflect/DirectMethodHandleAccessor.invoke;jdk/internal/reflect/DirectMethodHandleAccessor.invokeImpl;java/lang/invoke/LambdaForm$MH.0x0000000063061400.invokeExact_MT;java/lang/invoke/LambdaForm$MH.0x0000000063061000.invoke;java/lang/invoke/DirectMethodHandle$Holder.invokeSpecial;org/weakref/nitro/clickbench/jmh_generated/BenchmarkQueries_query22_jmhTest.query22_AverageTime;org/weakref/nitro/clickbench/jmh_generated/BenchmarkQueries_query22_jmhTest.query22_avgt_jmhStub;org/weakref/nitro/clickbench/BenchmarkQueries.query22;org/weakref/nitro/clickbench/BenchmarkQueries.consume;org/weakref/nitro/operator/TopNOperator.next;org/weakref/nitro/operator/TopNOperator.computeTopN;org/weakref/nitro/operator/GroupedAggregationOperator.next;org/weakref/nitro/operator/GroupedAggregationOperator.computeResults;org/weakref/nitro/operator/GroupOperator.next;org/weakref/nitro/operator/FilterOperator.next;org/weakref/nitro/operator/evaluator/PlanEvaluator.evaluateInPlace;org/weakref/nitro/operator/evaluator/PlanEvaluator.evaluateTrueMaskInPlace;org/weakref/nitro/operator/evaluator/PlanEvaluator.evaluateAdaptiveAndTrueMaskInPlace;org/weakref/nitro/operator/evaluator/PlanEvaluator.evaluateMeasuredTrueMaskInPlace;org/weakref/nitro/operator/evaluator/PlanEvaluator.evaluateTrueMaskInPlace;org/weakref/nitro/operator/evaluator/PlanEvaluator.evaluateFalseMaskInPlace;org/weakref/nitro/operator/evaluator/PlanEvaluator.tryEvaluatePrimitiveFalseMaskInPlace;org/weakref/nitro/operator/evaluator/PlanEvaluator.tryEvaluatePrimitiveMaskInPlace;org/weakref/nitro/operator/evaluator/PlanEvaluator.resolveMaskPrimitiveInvocation;org/weakref/nitro/operator/evaluator/PlanEvaluator.evaluateArgument;org/weakref/nitro/operator/FilterOperator$1.resolve;org/weakref/nitro/operator/Output.borrowOrNull;org/weakref/nitro/operator/Output.borrow;org/weakref/nitro/operator/Output.borrow;org/weakref/nitro/operator/NitroParquetScanOperator$ScanOutputResolver$$Lambda.0x00000000630aab88.apply;org/weakref/nitro/operator/NitroParquetScanOperator$ScanOutputResolver.resolve;org/weakref/nitro/operator/NitroParquetScanOperator.resolveLazyColumn;org/weakref/nitro/operator/NitroParquetScanOperator.decodeFullColumn;org/weakref/nitro/parquet/ColumnReader.readBinary;org/weakref/nitro/parquet/ColumnReader.readBinaryDirect 1
java/lang/Thread.run;java/lang/Thread.runWith;java/util/concurrent/ThreadPoolExecutor$Worker.run;java/util/concurrent/ThreadPoolExecutor.runWorker;java/util/concurrent/FutureTask.run;java/util/concurrent/Executors$RunnableAdapter.call;java/util/concurrent/FutureTask.run;org/openjdk/jmh/runner/BenchmarkHandler$BenchmarkTask.call;org/openjdk/jmh/runner/BenchmarkHandler$BenchmarkTask.call;java/lang/reflect/Method.invoke;jdk/internal/reflect/DirectMethodHandleAccessor.invoke;jdk/internal/reflect/DirectMethodHandleAccessor.invokeImpl;java/lang/invoke/LambdaForm$MH.0x0000000063061400.invokeExact_MT;java/lang/invoke/LambdaForm$MH.0x0000000063061000.invoke;java/lang/invoke/DirectMethodHandle$Holder.invokeSpecial;org/weakref/nitro/clickbench/jmh_generated/BenchmarkQueries_query22_jmhTest.query22_AverageTime;org/weakref/nitro/clickbench/jmh_generated/BenchmarkQueries_query22_jmhTest.query22_avgt_jmhStub;org/weakref/nitro/clickbench/BenchmarkQueries.query22;org/weakref/nitro/clickbench/BenchmarkQueries.consume;org/weakref/nitro/operator/TopNOperator.next;org/weakref/nitro/operator/TopNOperator.computeTopN;org/weakref/nitro/operator/GroupedAggregationOperator.next;org/weakref/nitro/operator/GroupedAggregationOperator.computeResults;org/weakref/nitro/operator/GroupOperator.next;org/weakref/nitro/operator/FilterOperator.next;org/weakref/nitro/operator/evaluator/PlanEvaluator.evaluateInPlace;org/weakref/nitro/operator/evaluator/PlanEvaluator.evaluateTrueMaskInPlace;org/weakref/nitro/operator/evaluator/PlanEvaluator.evaluateAdaptiveAndTrueMaskInPlace;org/weakref/nitro/operator/evaluator/PlanEvaluator.evaluateMeasuredTrueMaskInPlace;org/weakref/nitro/operator/evaluator/PlanEvaluator.evaluateTrueMaskInPlace;org/weakref/nitro/operator/evaluator/PlanEvaluator.evaluateTrueReferenceMaskFallbackInPlace;org/weakref/nitro/operator/evaluator/PlanEvaluator.evaluate;org/weakref/nitro/operator/evaluator/PlanEvaluator.evaluateUnmemoized;org/weakref/nitro/operator/evaluator/PlanEvaluator.evaluateVariable;org/weakref/nitro/operator/evaluator/PlanEvaluator.evaluateCall;org/weakref/nitro/operator/evaluator/PlanEvaluator.evaluateArgument;org/weakref/nitro/operator/evaluator/PlanEvaluator.evaluate;org/weakref/nitro/operator/evaluator/PlanEvaluator.evaluateUnmemoized;org/weakref/nitro/operator/evaluator/PlanEvaluator.evaluateInput;org/weakref/nitro/operator/FilterOperator$1.resolve;org/weakref/nitro/operator/Output.borrowOrNull;org/weakref/nitro/operator/Output.borrow;org/weakref/nitro/operator/Output.borrow;org/weakref/nitro/operator/NitroParquetScanOperator$ScanOutputResolver$$Lambda.0x00000000630aab88.apply;org/weakref/nitro/operator/NitroParquetScanOperator$ScanOutputResolver.resolve;org/weakref/nitro/operator/NitroParquetScanOperator.resolveLazyColumn;org/weakref/nitro/operator/NitroParquetScanOperator.decodeFullColumn;org/weakref/nitro/parquet/ColumnReader.readBinary;org/weakref/nitro/parquet/ColumnReader.readBinaryDirect;org/weakref/nitro/parquet/ColumnReader.decodeNextDataPage;org/weakref/nitro/parquet/ColumnReader.decodeDataPageV1;org/weakref/nitro/parquet/ColumnReader.decodePlainBinary;org/weakref/nitro/parquet/ColumnReader.decodePlainBinaryPresized;org/weakref/nitro/parquet/ColumnReader.appendPlainEntryPresized;java/lang/foreign/MemorySegment.copy;jdk/internal/foreign/AbstractMemorySegmentImpl.copy;jdk/internal/misc/ScopedMemoryAccess.copyMemory;jdk/internal/misc/ScopedMemoryAccess.copyMemoryInternal;jdk/internal/misc/Unsafe.copyMemory;jdk/internal/misc/Unsafe.copyMemoryChecks;jdk/internal/misc/Unsafe.checkPrimitivePointer;jdk/internal/misc/Unsafe.checkPointer;jdk/internal/misc/Unsafe.checkOffset 1
java/lang/Thread.run;java/lang/Thread.runWith;java/util/concurrent/ThreadPoolExecutor$Worker.run;java/util/concurrent/ThreadPoolExecutor.runWorker;java/util/concurrent/FutureTask.run;java/util/concurrent/Executors$RunnableAdapter.call;java/util/concurrent/FutureTask.run;org/openjdk/jmh/runner/BenchmarkHandler$BenchmarkTask.call;org/openjdk/jmh/runner/BenchmarkHandler$BenchmarkTask.call;java/lang/reflect/Method.invoke;jdk/internal/reflect/DirectMethodHandleAccessor.invoke;jdk/internal/reflect/DirectMethodHandleAccessor.invokeImpl;java/lang/invoke/LambdaForm$MH.0x0000000063061400.invokeExact_MT;java/lang/invoke/LambdaForm$MH.0x0000000063061000.invoke;java/lang/invoke/DirectMethodHandle$Holder.invokeSpecial;org/weakref/nitro/clickbench/jmh_generated/BenchmarkQueries_query22_jmhTest.query22_AverageTime;org/weakref/nitro/clickbench/jmh_generated/BenchmarkQueries_query22_jmhTest.query22_avgt_jmhStub;org/weakref/nitro/clickbench/BenchmarkQueries.query22;org/weakref/nitro/clickbench/BenchmarkQueries.consume;org/weakref/nitro/operator/TopNOperator.next;org/weakref/nitro/operator/TopNOperator.computeTopN;org/weakref/nitro/operator/GroupedAggregationOperator.next;org/weakref/nitro/operator/GroupedAggregationOperator.computeResults;org/weakref/nitro/operator/GroupOperator.next;org/weakref/nitro/operator/FilterOperator.next;org/weakref/nitro/operator/evaluator/PlanEvaluator.evaluateInPlace;org/weakref/nitro/operator/evaluator/PlanEvaluator.evaluateTrueMaskInPlace;org/weakref/nitro/operator/evaluator/PlanEvaluator.evaluateAdaptiveAndTrueMaskInPlace;org/weakref/nitro/operator/evaluator/PlanEvaluator.evaluateMeasuredTrueMaskInPlace;org/weakref/nitro/operator/evaluator/PlanEvaluator.evaluateTrueMaskInPlace;org/weakref/nitro/operator/evaluator/PlanEvaluator.evaluateFalseMaskInPlace;org/weakref/nitro/operator/evaluator/PlanEvaluator.tryEvaluatePrimitiveFalseMaskInPlace;org/weakref/nitro/operator/evaluator/PlanEvaluator.tryEvaluatePrimitiveMaskInPlace;org/weakref/nitro/function/scalar/builtin/EqualUtf8.tryEvaluateFalseMaskInPlace;org/weakref/nitro/function/scalar/builtin/Utf8BinaryDispatch.tryEvaluateEqualsFalseMaskInPlace;org/weakref/nitro/function/scalar/builtin/Utf8BinaryDispatch.tryEvaluateEqualsMaskInPlace;org/weakref/nitro/function/scalar/builtin/Utf8BinaryDispatch.tryEvaluateInSetMaskInPlace;org/weakref/nitro/function/scalar/builtin/Utf8BinaryDispatch.tryRetainFlatPackedShortInSet 3
/usr/lib/x86_64-linux-gnu/libc.so.6;/usr/lib/x86_64-linux-gnu/libc.so.6;thread_native_entry;Thread::call_run;JavaThread::thread_main_inner;CompileBroker::compiler_thread_loop;CompileBroker::invoke_compiler_on_method;C2Compiler::compile_method;Compile::Compile;Compile::Code_Gen;PhaseChaitin::Register_Allocate;PhaseChaitin::Simplify;IndexSetIterator::advance_and_next 1
java/lang/Thread.run;java/lang/Thread.runWith;java/util/concurrent/ThreadPoolExecutor$Worker.run;java/util/concurrent/ThreadPoolExecutor.runWorker;java/util/concurrent/FutureTask.run;java/util/concurrent/Executors$RunnableAdapter.call;java/util/concurrent/FutureTask.run;org/openjdk/jmh/runner/BenchmarkHandler$BenchmarkTask.call;org/openjdk/jmh/runner/BenchmarkHandler$BenchmarkTask.call;java/lang/reflect/Method.invoke;jdk/internal/reflect/DirectMethodHandleAccessor.invoke;jdk/internal/reflect/DirectMethodHandleAccessor.invokeImpl;java/lang/invoke/LambdaForm$MH.0x0000000063061400.invokeExact_MT;java/lang/invoke/LambdaForm$MH.0x0000000063061000.invoke;java/lang/invoke/DirectMethodHandle$Holder.invokeSpecial;org/weakref/nitro/clickbench/jmh_generated/BenchmarkQueries_query22_jmhTest.query22_AverageTime;org/weakref/nitro/clickbench/jmh_generated/BenchmarkQueries_query22_jmhTest.query22_avgt_jmhStub;org/weakref/nitro/clickbench/BenchmarkQueries.query22;org/weakref/nitro/clickbench/BenchmarkQueries.consume;org/weakref/nitro/operator/TopNOperator.next;org/weakref/nitro/operator/TopNOperator.computeTopN;org/weakref/nitro/operator/GroupedAggregationOperator.next;org/weakref/nitro/operator/GroupedAggregationOperator.computeResults;org/weakref/nitro/operator/GroupOperator.next;org/weakref/nitro/operator/FilterOperator.next;org/weakref/nitro/operator/evaluator/PlanEvaluator.evaluateInPlace;org/weakref/nitro/operator/evaluator/PlanEvaluator.evaluateTrueMaskInPlace;org/weakref/nitro/operator/evaluator/PlanEvaluator.evaluateAdaptiveAndTrueMaskInPlace;org/weakref/nitro/operator/evaluator/PlanEvaluator.evaluateMeasuredTrueMaskInPlace;org/weakref/nitro/operator/evaluator/PlanEvaluator.evaluateTrueMaskInPlace;org/weakref/nitro/operator/evaluator/PlanEvaluator.evaluateTrueReferenceMaskFallbackInPlace;org/weakref/nitro/operator/evaluator/PlanEvaluator.evaluate;org/weakref/nitro/operator/evaluator/PlanEvaluator.evaluateUnmemoized;org/weakref/nitro/operator/evaluator/PlanEvaluator.evaluateVariable;org/weakref/nitro/operator/evaluator/PlanEvaluator.evaluateCall;org/weakref/nitro/operator/evaluator/PlanEvaluator.evaluateArgument;org/weakref/nitro/operator/evaluator/PlanEvaluator.evaluate;org/weakref/nitro/operator/evaluator/PlanEvaluator.evaluateUnmemoized;org/weakref/nitro/operator/evaluator/PlanEvaluator.evaluateInput;org/weakref/nitro/operator/FilterOperator$1.resolve;org/weakref/nitro/operator/Output.borrowOrNull;org/weakref/nitro/operator/Output.borrow;org/weakref/nitro/operator/Output.borrow;org/weakref/nitro/operator/NitroParquetScanOperator$ScanOutputResolver$$Lambda.0x00000000630aab88.apply;org/weakref/nitro/operator/NitroParquetScanOperator$ScanOutputResolver.resolve;org/weakref/nitro/operator/NitroParquetScanOperator.resolveLazyColumn;org/weakref/nitro/operator/NitroParquetScanOperator.decodeFullColumn;org/weakref/nitro/parquet/ColumnReader.readBinary;org/weakref/nitro/parquet/ColumnReader.readBinaryDirect;org/weakref/nitro/parquet/ColumnReader.decodeNextDataPage;org/weakref/nitro/parquet/ColumnReader.decodeDataPageV1;jdk/internal/foreign/AbstractMemorySegmentImpl.get;java/lang/invoke/VarHandleGuards.guard_LJ_I;java/lang/invoke/VarHandleSegmentAsInts.get;java/lang/invoke/VarHandleSegmentAsInts.get;jdk/internal/misc/ScopedMemoryAccess.getIntUnaligned;jdk/internal/misc/ScopedMemoryAccess.getIntUnalignedInternal;jdk/internal/foreign/MemorySessionImpl.checkValidStateRaw;jshort_disjoint_arraycopy_stub 1
java/lang/Thread.run;java/lang/Thread.runWith;java/util/concurrent/ThreadPoolExecutor$Worker.run;java/util/concurrent/ThreadPoolExecutor.runWorker;java/util/concurrent/FutureTask.run;java/util/concurrent/Executors$RunnableAdapter.call;java/util/concurrent/FutureTask.run;org/openjdk/jmh/runner/BenchmarkHandler$BenchmarkTask.call;org/openjdk/jmh/runner/BenchmarkHandler$BenchmarkTask.call;java/lang/reflect/Method.invoke;jdk/internal/reflect/DirectMethodHandleAccessor.invoke;jdk/internal/reflect/DirectMethodHandleAccessor.invokeImpl;java/lang/invoke/LambdaForm$MH.0x0000000063061400.invokeExact_MT;java/lang/invoke/LambdaForm$MH.0x0000000063061000.invoke;java/lang/invoke/DirectMethodHandle$Holder.invokeSpecial;org/weakref/nitro/clickbench/jmh_generated/BenchmarkQueries_query22_jmhTest.query22_AverageTime;org/weakref/nitro/clickbench/jmh_generated/BenchmarkQueries_query22_jmhTest.query22_avgt_jmhStub;org/weakref/nitro/clickbench/BenchmarkQueries.query22;org/weakref/nitro/clickbench/BenchmarkQueries.consume;org/weakref/nitro/operator/TopNOperator.next;org/weakref/nitro/operator/TopNOperator.computeTopN;org/weakref/nitro/operator/GroupedAggregationOperator.next;org/weakref/nitro/operator/GroupedAggregationOperator.computeResults;org/weakref/nitro/operator/GroupOperator.next;org/weakref/nitro/operator/FilterOperator.next;org/weakref/nitro/operator/evaluator/PlanEvaluator.evaluateInPlace;org/weakref/nitro/operator/evaluator/PlanEvaluator.evaluateTrueMaskInPlace;org/weakref/nitro/operator/evaluator/PlanEvaluator.evaluateAdaptiveAndTrueMaskInPlace;org/weakref/nitro/operator/evaluator/PlanEvaluator.evaluateMeasuredTrueMaskInPlace;org/weakref/nitro/operator/evaluator/PlanEvaluator.evaluateTrueMaskInPlace;org/weakref/nitro/operator/evaluator/PlanEvaluator.evaluateFalseMaskInPlace;org/weakref/nitro/operator/evaluator/PlanEvaluator.tryEvaluatePrimitiveFalseMaskInPlace;org/weakref/nitro/operator/evaluator/PlanEvaluator.tryEvaluatePrimitiveMaskInPlace;org/weakref/nitro/operator/evaluator/PlanEvaluator.resolveMaskPrimitiveInvocation;org/weakref/nitro/operator/evaluator/PlanEvaluator.evaluateArgument;org/weakref/nitro/operator/FilterOperator$1.resolve;org/weakref/nitro/operator/Output.borrowOrNull;org/weakref/nitro/operator/Output.borrow;org/weakref/nitro/operator/Output.borrow;org/weakref/nitro/operator/NitroParquetScanOperator$ScanOutputResolver$$Lambda.0x00000000630aab88.apply;org/weakref/nitro/operator/NitroParquetScanOperator$ScanOutputResolver.resolve;org/weakref/nitro/operator/NitroParquetScanOperator.resolveLazyColumn;org/weakref/nitro/operator/NitroParquetScanOperator.decodeFullColumn;org/weakref/nitro/parquet/ColumnReader.readBinary;org/weakref/nitro/parquet/ColumnReader.readBinaryDirect;org/weakref/nitro/parquet/ColumnReader.decodeNextDataPage;org/weakref/nitro/parquet/ColumnReader.decodeDataPageV1;org/weakref/nitro/parquet/RleReader.read;org/weakref/nitro/parquet/RleReader.loadNextRun;org/weakref/nitro/parquet/RleReader.readUleb128 1
java/lang/Thread.run;java/lang/Thread.runWith;java/util/concurrent/ThreadPoolExecutor$Worker.run;java/util/concurrent/ThreadPoolExecutor.runWorker;java/util/concurrent/FutureTask.run;java/util/concurrent/Executors$RunnableAdapter.call;java/util/concurrent/FutureTask.run;org/openjdk/jmh/runner/BenchmarkHandler$BenchmarkTask.call;org/openjdk/jmh/runner/BenchmarkHandler$BenchmarkTask.call;java/lang/reflect/Method.invoke;jdk/internal/reflect/DirectMethodHandleAccessor.invoke;jdk/internal/reflect/DirectMethodHandleAccessor.invokeImpl;java/lang/invoke/LambdaForm$MH.0x0000000063061400.invokeExact_MT;java/lang/invoke/LambdaForm$MH.0x0000000063061000.invoke;java/lang/invoke/DirectMethodHandle$Holder.invokeSpecial;org/weakref/nitro/clickbench/jmh_generated/BenchmarkQueries_query22_jmhTest.query22_AverageTime;org/weakref/nitro/clickbench/jmh_generated/BenchmarkQueries_query22_jmhTest.query22_avgt_jmhStub;org/weakref/nitro/clickbench/BenchmarkQueries.query22;org/weakref/nitro/clickbench/BenchmarkQueries.consume;org/weakref/nitro/operator/TopNOperator.next;org/weakref/nitro/operator/TopNOperator.computeTopN;org/weakref/nitro/operator/GroupedAggregationOperator.next;org/weakref/nitro/operator/GroupedAggregationOperator.computeResults;org/weakref/nitro/operator/GroupOperator.next;org/weakref/nitro/operator/FilterOperator.next;org/weakref/nitro/operator/evaluator/PlanEvaluator.evaluateInPlace;org/weakref/nitro/operator/evaluator/PlanEvaluator.evaluateTrueMaskInPlace;org/weakref/nitro/operator/evaluator/PlanEvaluator.evaluateAdaptiveAndTrueMaskInPlace;org/weakref/nitro/operator/evaluator/PlanEvaluator.evaluateMeasuredTrueMaskInPlace;org/weakref/nitro/operator/evaluator/PlanEvaluator.evaluateTrueMaskInPlace;org/weakref/nitro/operator/evaluator/PlanEvaluator.evaluateFalseMaskInPlace;org/weakref/nitro/operator/evaluator/PlanEvaluator.tryEvaluatePrimitiveFalseMaskInPlace;org/weakref/nitro/operator/evaluator/PlanEvaluator.tryEvaluatePrimitiveMaskInPlace;org/weakref/nitro/operator/evaluator/PlanEvaluator.resolveMaskPrimitiveInvocation;org/weakref/nitro/operator/evaluator/PlanEvaluator.evaluateArgument;org/weakref/nitro/operator/FilterOperator$1.resolve;org/weakref/nitro/operator/Output.borrowOrNull;org/weakref/nitro/operator/Output.borrow;org/weakref/nitro/operator/Output.borrow;org/weakref/nitro/operator/NitroParquetScanOperator$ScanOutputResolver$$Lambda.0x00000000630aab88.apply;org/weakref/nitro/operator/NitroParquetScanOperator$ScanOutputResolver.resolve;org/weakref/nitro/operator/NitroParquetScanOperator.resolveLazyColumn;org/weakref/nitro/operator/NitroParquetScanOperator.decodeFullColumn;org/weakref/nitro/parquet/ColumnReader.readBinary;org/weakref/nitro/parquet/ColumnReader.readBinaryDirect 1
/usr/lib/x86_64-linux-gnu/libc.so.6;/usr/lib/x86_64-linux-gnu/libc.so.6;thread_native_entry;Thread::call_run;JavaThread::thread_main_inner;CompileBroker::compiler_thread_loop;CompileBroker::invoke_compiler_on_method;C2Compiler::compile_method;Compile::Compile;Compile::Optimize;PhaseCCP::do_transform;PhaseCCP::transform;PhaseCCP::transform_once 1
java/lang/Thread.run;java/lang/Thread.runWith;java/util/concurrent/ThreadPoolExecutor$Worker.run;java/util/concurrent/ThreadPoolExecutor.runWorker;java/util/concurrent/FutureTask.run;java/util/concurrent/Executors$RunnableAdapter.call;java/util/concurrent/FutureTask.run;org/openjdk/jmh/runner/BenchmarkHandler$BenchmarkTask.call;org/openjdk/jmh/runner/BenchmarkHandler$BenchmarkTask.call;java/lang/reflect/Method.invoke;jdk/internal/reflect/DirectMethodHandleAccessor.invoke;jdk/internal/reflect/DirectMethodHandleAccessor.invokeImpl;java/lang/invoke/LambdaForm$MH.0x0000000063061400.invokeExact_MT;java/lang/invoke/LambdaForm$MH.0x0000000063061000.invoke;java/lang/invoke/DirectMethodHandle$Holder.invokeSpecial;org/weakref/nitro/clickbench/jmh_generated/BenchmarkQueries_query22_jmhTest.query22_AverageTime;org/weakref/nitro/clickbench/jmh_generated/BenchmarkQueries_query22_jmhTest.query22_avgt_jmhStub;org/weakref/nitro/clickbench/BenchmarkQueries.query22;org/weakref/nitro/clickbench/BenchmarkQueries.consume;org/weakref/nitro/operator/TopNOperator.next;org/weakref/nitro/operator/TopNOperator.computeTopN;org/weakref/nitro/operator/GroupedAggregationOperator.next;org/weakref/nitro/operator/GroupedAggregationOperator.computeResults;org/weakref/nitro/operator/GroupOperator.next;org/weakref/nitro/operator/FilterOperator.next;org/weakref/nitro/operator/evaluator/PlanEvaluator.evaluateInPlace;org/weakref/nitro/operator/evaluator/PlanEvaluator.evaluateTrueMaskInPlace;org/weakref/nitro/operator/evaluator/PlanEvaluator.evaluateAdaptiveAndTrueMaskInPlace;org/weakref/nitro/operator/evaluator/PlanEvaluator.evaluateMeasuredTrueMaskInPlace;org/weakref/nitro/operator/evaluator/PlanEvaluator.evaluateTrueMaskInPlace;org/weakref/nitro/operator/evaluator/PlanEvaluator.evaluateTrueReferenceMaskFallbackInPlace;org/weakref/nitro/operator/evaluator/PlanEvaluator.evaluate;org/weakref/nitro/operator/evaluator/PlanEvaluator.evaluateUnmemoized;org/weakref/nitro/operator/evaluator/PlanEvaluator.evaluateVariable;org/weakref/nitro/operator/evaluator/PlanEvaluator.evaluateCall;org/weakref/nitro/operator/evaluator/PlanEvaluator.evaluateArgument;org/weakref/nitro/operator/evaluator/PlanEvaluator.evaluate;org/weakref/nitro/operator/evaluator/PlanEvaluator.evaluateUnmemoized;org/weakref/nitro/operator/evaluator/PlanEvaluator.evaluateInput;org/weakref/nitro/operator/FilterOperator$1.resolve;org/weakref/nitro/operator/Output.borrowOrNull;org/weakref/nitro/operator/Output.borrow;org/weakref/nitro/operator/Output.borrow;org/weakref/nitro/operator/NitroParquetScanOperator$ScanOutputResolver$$Lambda.0x00000000630aab88.apply;org/weakref/nitro/operator/NitroParquetScanOperator$ScanOutputResolver.resolve;org/weakref/nitro/operator/NitroParquetScanOperator.resolveLazyColumn;org/weakref/nitro/operator/NitroParquetScanOperator.decodeFullColumn;org/weakref/nitro/parquet/ColumnReader.readBinary;org/weakref/nitro/parquet/ColumnReader.readBinaryDirect;org/weakref/nitro/parquet/ColumnReader.decodeNextDataPage;org/weakref/nitro/parquet/ColumnReader.decompress;io/airlift/compress/v3/snappy/SnappyNativeDecompressor.decompress;io/airlift/compress/v3/snappy/SnappyNative.decompress;io/airlift/compress/v3/snappy/SnappyNative.decompressInternal;java/lang/invoke/LambdaForm$MH.0x000000006311c400.invokeExact_MT;java/lang/invoke/LambdaForm$MH.0x0000000063134000.invoke;java/lang/invoke/LambdaForm$DMH.0x00000000630b1400.invokeStatic;jdk/internal/foreign/abi/DowncallStub.0x00000000630b1000.invoke;java/lang/invoke/LambdaForm$MH.0x000000006311d000.invokeExact_MT;java/lang/invoke/LambdaForm$MH.0x0000000063134400.invoke;nep_invoker_blob;snappy_uncompress;snappy::RawUncompress;snappy::RawUncompress;void snappy::SnappyDecompressor::DecompressAllTags<snappy::SnappyArrayWriter>;std::pair<unsigned char const*, long> snappy::DecompressBranchless<char*>;snappy::MemCopy64;/usr/lib/x86_64-linux-gnu/libc.so.6;asm_exc_page_fault_[k];exc_page_fault_[k];do_user_addr_fault_[k];handle_mm_fault_[k];__handle_mm_fault_[k];handle_pte_fault_[k];do_fault_[k];do_read_fault_[k];percpu_counter_add_batch_[k] 1
java/lang/Thread.run;java/lang/Thread.runWith;java/util/concurrent/ThreadPoolExecutor$Worker.run;java/util/concurrent/ThreadPoolExecutor.runWorker;java/util/concurrent/FutureTask.run;java/util/concurrent/Executors$RunnableAdapter.call;java/util/concurrent/FutureTask.run;org/openjdk/jmh/runner/BenchmarkHandler$BenchmarkTask.call;org/openjdk/jmh/runner/BenchmarkHandler$BenchmarkTask.call;java/lang/reflect/Method.invoke;jdk/internal/reflect/DirectMethodHandleAccessor.invoke;jdk/internal/reflect/DirectMethodHandleAccessor.invokeImpl;java/lang/invoke/LambdaForm$MH.0x0000000063061400.invokeExact_MT;java/lang/invoke/LambdaForm$MH.0x0000000063061000.invoke;java/lang/invoke/DirectMethodHandle$Holder.invokeSpecial;org/weakref/nitro/clickbench/jmh_generated/BenchmarkQueries_query22_jmhTest.query22_AverageTime;org/weakref/nitro/clickbench/jmh_generated/BenchmarkQueries_query22_jmhTest.query22_avgt_jmhStub;org/weakref/nitro/clickbench/BenchmarkQueries.query22;org/weakref/nitro/clickbench/BenchmarkQueries.consume;org/weakref/nitro/operator/TopNOperator.next;org/weakref/nitro/operator/TopNOperator.computeTopN;org/weakref/nitro/operator/GroupedAggregationOperator.next;org/weakref/nitro/operator/GroupedAggregationOperator.computeResults;org/weakref/nitro/operator/GroupOperator.next;org/weakref/nitro/operator/FilterOperator.next;org/weakref/nitro/operator/evaluator/PlanEvaluator.evaluateInPlace;org/weakref/nitro/operator/evaluator/PlanEvaluator.evaluateTrueMaskInPlace;org/weakref/nitro/operator/evaluator/PlanEvaluator.evaluateAdaptiveAndTrueMaskInPlace;org/weakref/nitro/operator/evaluator/PlanEvaluator.evaluateMeasuredTrueMaskInPlace;org/weakref/nitro/operator/evaluator/PlanEvaluator.evaluateTrueMaskInPlace;org/weakref/nitro/operator/evaluator/PlanEvaluator.evaluateFalseMaskInPlace;org/weakref/nitro/operator/evaluator/PlanEvaluator.tryEvaluatePrimitiveFalseMaskInPlace;org/weakref/nitro/operator/evaluator/PlanEvaluator.tryEvaluatePrimitiveMaskInPlace;org/weakref/nitro/operator/evaluator/PlanEvaluator.resolveMaskPrimitiveInvocation;org/weakref/nitro/operator/evaluator/PlanEvaluator.evaluateArgument;org/weakref/nitro/operator/FilterOperator$1.resolve;org/weakref/nitro/operator/Output.borrowOrNull;org/weakref/nitro/operator/Output.borrow;org/weakref/nitro/operator/Output.borrow;org/weakref/nitro/operator/NitroParquetScanOperator$ScanOutputResolver$$Lambda.0x00000000630aab88.apply;org/weakref/nitro/operator/NitroParquetScanOperator$ScanOutputResolver.resolve;org/weakref/nitro/operator/NitroParquetScanOperator.resolveLazyColumn;org/weakref/nitro/operator/NitroParquetScanOperator.decodeFullColumn;org/weakref/nitro/parquet/ColumnReader.readBinary;org/weakref/nitro/parquet/ColumnReader.readBinaryDirect;org/weakref/nitro/parquet/ColumnReader.decodeNextDataPage;org/weakref/nitro/parquet/ColumnReader.decodeDataPageV1;jdk/internal/foreign/AbstractMemorySegmentImpl.get;java/lang/invoke/VarHandleGuards.guard_LJ_I;java/lang/invoke/VarHandleSegmentAsInts.get;java/lang/invoke/VarHandleSegmentAsInts.get;jdk/internal/misc/ScopedMemoryAccess.getIntUnaligned;jdk/internal/misc/ScopedMemoryAccess.getIntUnalignedInternal;jdk/internal/foreign/MemorySessionImpl.checkValidStateRaw;jint_disjoint_arraycopy_stub 1
java/lang/Thread.run;java/lang/Thread.runWith;java/util/concurrent/ThreadPoolExecutor$Worker.run;java/util/concurrent/ThreadPoolExecutor.runWorker;java/util/concurrent/FutureTask.run;java/util/concurrent/Executors$RunnableAdapter.call;java/util/concurrent/FutureTask.run;org/openjdk/jmh/runner/BenchmarkHandler$BenchmarkTask.call;org/openjdk/jmh/runner/BenchmarkHandler$BenchmarkTask.call;java/lang/reflect/Method.invoke;jdk/internal/reflect/DirectMethodHandleAccessor.invoke;jdk/internal/reflect/DirectMethodHandleAccessor.invokeImpl;java/lang/invoke/LambdaForm$MH.0x0000000063061400.invokeExact_MT;java/lang/invoke/LambdaForm$MH.0x0000000063061000.invoke;java/lang/invoke/DirectMethodHandle$Holder.invokeSpecial;org/weakref/nitro/clickbench/jmh_generated/BenchmarkQueries_query22_jmhTest.query22_AverageTime;org/weakref/nitro/clickbench/jmh_generated/BenchmarkQueries_query22_jmhTest.query22_avgt_jmhStub;org/weakref/nitro/clickbench/BenchmarkQueries.query22;org/weakref/nitro/clickbench/BenchmarkQueries.consume;org/weakref/nitro/operator/TopNOperator.next;org/weakref/nitro/operator/TopNOperator.computeTopN;org/weakref/nitro/operator/GroupedAggregationOperator.next;org/weakref/nitro/operator/GroupedAggregationOperator.computeResults;org/weakref/nitro/operator/GroupOperator.next;org/weakref/nitro/operator/FilterOperator.next;org/weakref/nitro/operator/evaluator/PlanEvaluator.evaluateInPlace;org/weakref/nitro/operator/evaluator/PlanEvaluator.evaluateTrueMaskInPlace;org/weakref/nitro/operator/evaluator/PlanEvaluator.evaluateAdaptiveAndTrueMaskInPlace;org/weakref/nitro/operator/evaluator/PlanEvaluator.evaluateMeasuredTrueMaskInPlace;org/weakref/nitro/operator/evaluator/PlanEvaluator.evaluateTrueMaskInPlace;org/weakref/nitro/operator/evaluator/PlanEvaluator.evaluateFalseMaskInPlace;org/weakref/nitro/operator/evaluator/PlanEvaluator.tryEvaluatePrimitiveFalseMaskInPlace;org/weakref/nitro/operator/evaluator/PlanEvaluator.tryEvaluatePrimitiveMaskInPlace;org/weakref/nitro/operator/evaluator/PlanEvaluator.resolveMaskPrimitiveInvocation;org/weakref/nitro/operator/evaluator/PlanEvaluator.evaluateArgument;org/weakref/nitro/operator/FilterOperator$1.resolve;org/weakref/nitro/operator/Output.borrowOrNull;org/weakref/nitro/operator/Output.borrow;org/weakref/nitro/operator/Output.borrow;org/weakref/nitro/operator/NitroParquetScanOperator$ScanOutputResolver$$Lambda.0x00000000630aab88.apply;org/weakref/nitro/operator/NitroParquetScanOperator$ScanOutputResolver.resolve;org/weakref/nitro/operator/NitroParquetScanOperator.resolveLazyColumn;org/weakref/nitro/operator/NitroParquetScanOperator.decodeFullColumn;org/weakref/nitro/parquet/ColumnReader.readBinary;org/weakref/nitro/parquet/ColumnReader.readBinaryDirect;org/weakref/nitro/parquet/ColumnReader.decodeNextDataPage;org/weakref/nitro/parquet/ColumnReader.decodeDataPageV1;jdk/internal/foreign/AbstractMemorySegmentImpl.get;java/lang/invoke/VarHandleGuards.guard_LJ_I;java/lang/invoke/VarHandleSegmentAsInts.get;java/lang/invoke/VarHandleSegmentAsInts.get;jdk/internal/misc/ScopedMemoryAccess.getIntUnaligned;jdk/internal/misc/ScopedMemoryAccess.getIntUnalignedInternal;jdk/internal/foreign/MemorySessionImpl.checkValidStateRaw;unsafe_arraycopy_stub 2
/usr/lib/x86_64-linux-gnu/libc.so.6;/usr/lib/x86_64-linux-gnu/libc.so.6;thread_native_entry;Thread::call_run;WorkerThread::run;G1EvacuateRegionsBaseTask::work;G1EvacuateRegionsTask::scan_roots;G1RootProcessor::evacuate_roots;G1RootProcessor::process_java_roots;Threads::possibly_parallel_oops_do;Thread::oops_do;JavaThread::oops_do_frames;void frame::oops_interpreted_do<RegisterMap>;InstanceKlass::mask_for 1
/usr/lib/x86_64-linux-gnu/libc.so.6;/usr/lib/x86_64-linux-gnu/libc.so.6;thread_native_entry;Thread::call_run;JavaThread::thread_main_inner;CompileBroker::compiler_thread_loop;CompileBroker::invoke_compiler_on_method;C2Compiler::compile_method;Compile::Compile;Compile::Code_Gen;Matcher::match;Matcher::xform;Matcher::match_tree;Matcher::Label_Root;Matcher::Label_Root;State::DFA;State::_sub_Op_AddP 1
java/lang/Thread.run;java/lang/Thread.runWith;java/util/concurrent/ThreadPoolExecutor$Worker.run;java/util/concurrent/ThreadPoolExecutor.runWorker;java/util/concurrent/FutureTask.run;java/util/concurrent/Executors$RunnableAdapter.call;java/util/concurrent/FutureTask.run;org/openjdk/jmh/runner/BenchmarkHandler$BenchmarkTask.call;org/openjdk/jmh/runner/BenchmarkHandler$BenchmarkTask.call;java/lang/reflect/Method.invoke;jdk/internal/reflect/DirectMethodHandleAccessor.invoke;jdk/internal/reflect/DirectMethodHandleAccessor.invokeImpl;java/lang/invoke/LambdaForm$MH.0x0000000063061400.invokeExact_MT;java/lang/invoke/LambdaForm$MH.0x0000000063061000.invoke;java/lang/invoke/DirectMethodHandle$Holder.invokeSpecial;org/weakref/nitro/clickbench/jmh_generated/BenchmarkQueries_query22_jmhTest.query22_AverageTime;org/weakref/nitro/clickbench/jmh_generated/BenchmarkQueries_query22_jmhTest.query22_avgt_jmhStub;org/weakref/nitro/clickbench/BenchmarkQueries.query22;org/weakref/nitro/clickbench/BenchmarkQueries.consume;org/weakref/nitro/operator/TopNOperator.next;org/weakref/nitro/operator/TopNOperator.computeTopN;org/weakref/nitro/operator/GroupedAggregationOperator.next;org/weakref/nitro/operator/GroupedAggregationOperator.computeResults;org/weakref/nitro/operator/GroupOperator.next;org/weakref/nitro/operator/FilterOperator.next;org/weakref/nitro/operator/evaluator/PlanEvaluator.evaluateInPlace;org/weakref/nitro/operator/evaluator/PlanEvaluator.evaluateTrueMaskInPlace;org/weakref/nitro/operator/evaluator/PlanEvaluator.evaluateAdaptiveAndTrueMaskInPlace;org/weakref/nitro/operator/evaluator/PlanEvaluator.evaluateMeasuredTrueMaskInPlace;org/weakref/nitro/operator/evaluator/PlanEvaluator.evaluateTrueMaskInPlace;org/weakref/nitro/operator/evaluator/PlanEvaluator.evaluateFalseMaskInPlace;org/weakref/nitro/operator/evaluator/PlanEvaluator.tryEvaluatePrimitiveFalseMaskInPlace;org/weakref/nitro/operator/evaluator/PlanEvaluator.tryEvaluatePrimitiveMaskInPlace;org/weakref/nitro/operator/evaluator/PlanEvaluator.resolveMaskPrimitiveInvocation;org/weakref/nitro/operator/evaluator/PlanEvaluator.evaluateArgument;org/weakref/nitro/operator/FilterOperator$1.resolve;org/weakref/nitro/operator/Output.borrowOrNull;org/weakref/nitro/operator/Output.borrow;org/weakref/nitro/operator/Output.borrow;org/weakref/nitro/operator/NitroParquetScanOperator$ScanOutputResolver$$Lambda.0x00000000630aab88.apply;org/weakref/nitro/operator/NitroParquetScanOperator$ScanOutputResolver.resolve;org/weakref/nitro/operator/NitroParquetScanOperator.resolveLazyColumn;org/weakref/nitro/operator/NitroParquetScanOperator.decodeFullColumn;org/weakref/nitro/parquet/ColumnReader.readBinary;org/weakref/nitro/parquet/ColumnReader.readBinaryDirect;org/weakref/nitro/parquet/ColumnReader.decodeNextDataPage;org/weakref/nitro/parquet/ColumnReader.decodeDataPageV1;jdk/internal/foreign/AbstractMemorySegmentImpl.get;java/lang/invoke/VarHandleGuards.guard_LJ_I;java/lang/invoke/VarHandleSegmentAsInts.get;java/lang/invoke/VarHandleSegmentAsInts.get;jdk/internal/misc/ScopedMemoryAccess.getIntUnaligned;jdk/internal/misc/ScopedMemoryAccess.getIntUnalignedInternal;jdk/internal/foreign/MemorySessionImpl.checkValidStateRaw;jlong_disjoint_arraycopy_stub 1
java/lang/Thread.run;java/lang/Thread.runWith;java/util/concurrent/ThreadPoolExecutor$Worker.run;java/util/concurrent/ThreadPoolExecutor.runWorker;java/util/concurrent/FutureTask.run;java/util/concurrent/Executors$RunnableAdapter.call;java/util/concurrent/FutureTask.run;org/openjdk/jmh/runner/BenchmarkHandler$BenchmarkTask.call;org/openjdk/jmh/runner/BenchmarkHandler$BenchmarkTask.call;java/lang/reflect/Method.invoke;jdk/internal/reflect/DirectMethodHandleAccessor.invoke;jdk/internal/reflect/DirectMethodHandleAccessor.invokeImpl;java/lang/invoke/LambdaForm$MH.0x0000000063061400.invokeExact_MT;java/lang/invoke/LambdaForm$MH.0x0000000063061000.invoke;java/lang/invoke/DirectMethodHandle$Holder.invokeSpecial;org/weakref/nitro/clickbench/jmh_generated/BenchmarkQueries_query22_jmhTest.query22_AverageTime;org/weakref/nitro/clickbench/jmh_generated/BenchmarkQueries_query22_jmhTest.query22_avgt_jmhStub;org/weakref/nitro/clickbench/BenchmarkQueries.query22;org/weakref/nitro/clickbench/BenchmarkQueries.consume;org/weakref/nitro/operator/TopNOperator.next;org/weakref/nitro/operator/TopNOperator.computeTopN;org/weakref/nitro/operator/GroupedAggregationOperator.next;org/weakref/nitro/operator/GroupedAggregationOperator.computeResults;org/weakref/nitro/operator/GroupOperator.next;org/weakref/nitro/operator/FilterOperator.next;org/weakref/nitro/operator/evaluator/PlanEvaluator.evaluateInPlace;org/weakref/nitro/operator/evaluator/PlanEvaluator.evaluateTrueMaskInPlace;org/weakref/nitro/operator/evaluator/PlanEvaluator.evaluateAdaptiveAndTrueMaskInPlace;org/weakref/nitro/operator/evaluator/PlanEvaluator.evaluateMeasuredTrueMaskInPlace;org/weakref/nitro/operator/evaluator/PlanEvaluator.evaluateTrueMaskInPlace;org/weakref/nitro/operator/evaluator/PlanEvaluator.evaluateTrueReferenceMaskFallbackInPlace;org/weakref/nitro/operator/evaluator/PlanEvaluator.evaluate;org/weakref/nitro/operator/evaluator/PlanEvaluator.evaluateUnmemoized;org/weakref/nitro/operator/evaluator/PlanEvaluator.evaluateVariable;org/weakref/nitro/operator/evaluator/PlanEvaluator.evaluateCall;org/weakref/nitro/operator/evaluator/PlanEvaluator.evaluateArgument;org/weakref/nitro/operator/evaluator/PlanEvaluator.evaluate;org/weakref/nitro/operator/evaluator/PlanEvaluator.evaluateUnmemoized;org/weakref/nitro/operator/evaluator/PlanEvaluator.evaluateInput;org/weakref/nitro/operator/FilterOperator$1.resolve;org/weakref/nitro/operator/Output.borrowOrNull;org/weakref/nitro/operator/Output.borrow;org/weakref/nitro/operator/Output.borrow;org/weakref/nitro/operator/NitroParquetScanOperator$ScanOutputResolver$$Lambda.0x00000000630aab88.apply;org/weakref/nitro/operator/NitroParquetScanOperator$ScanOutputResolver.resolve;org/weakref/nitro/operator/NitroParquetScanOperator.resolveLazyColumn;org/weakref/nitro/operator/NitroParquetScanOperator.decodeFullColumn;org/weakref/nitro/parquet/ColumnReader.readBinary;org/weakref/nitro/parquet/ColumnReader.readBinaryDirect;org/weakref/nitro/parquet/ColumnReader.decodeNextDataPage;org/weakref/nitro/parquet/ColumnReader.decompress;io/airlift/compress/v3/snappy/SnappyNativeDecompressor.decompress;io/airlift/compress/v3/snappy/SnappyNative.decompress;io/airlift/compress/v3/snappy/SnappyNative.decompressInternal;java/lang/invoke/LambdaForm$MH.0x000000006311c400.invokeExact_MT;java/lang/invoke/LambdaForm$MH.0x0000000063134000.invoke;java/lang/invoke/LambdaForm$DMH.0x00000000630b1400.invokeStatic;jdk/internal/foreign/abi/DowncallStub.0x00000000630b1000.invoke;java/lang/invoke/LambdaForm$MH.0x000000006311d000.invokeExact_MT;java/lang/invoke/LambdaForm$MH.0x0000000063134400.invoke;nep_invoker_blob;snappy_uncompress;snappy::RawUncompress;snappy::RawUncompress;void snappy::SnappyDecompressor::DecompressAllTags<snappy::SnappyArrayWriter>;std::pair<unsigned char const*, long> snappy::DecompressBranchless<char*> 11
java/lang/Thread.run;java/lang/Thread.runWith;java/util/concurrent/ThreadPoolExecutor$Worker.run;java/util/concurrent/ThreadPoolExecutor.runWorker;java/util/concurrent/FutureTask.run;java/util/concurrent/Executors$RunnableAdapter.call;java/util/concurrent/FutureTask.run;org/openjdk/jmh/runner/BenchmarkHandler$BenchmarkTask.call;org/openjdk/jmh/runner/BenchmarkHandler$BenchmarkTask.call;java/lang/reflect/Method.invoke;jdk/internal/reflect/DirectMethodHandleAccessor.invoke;jdk/internal/reflect/DirectMethodHandleAccessor.invokeImpl;java/lang/invoke/LambdaForm$MH.0x0000000063061400.invokeExact_MT;java/lang/invoke/LambdaForm$MH.0x0000000063061000.invoke;java/lang/invoke/DirectMethodHandle$Holder.invokeSpecial;org/weakref/nitro/clickbench/jmh_generated/BenchmarkQueries_query22_jmhTest.query22_AverageTime;org/weakref/nitro/clickbench/jmh_generated/BenchmarkQueries_query22_jmhTest.query22_avgt_jmhStub;org/weakref/nitro/clickbench/BenchmarkQueries.query22;org/weakref/nitro/clickbench/BenchmarkQueries.consume;org/weakref/nitro/operator/TopNOperator.next;org/weakref/nitro/operator/TopNOperator.computeTopN;org/weakref/nitro/operator/GroupedAggregationOperator.next;org/weakref/nitro/operator/GroupedAggregationOperator.computeResults;org/weakref/nitro/operator/GroupOperator.next;org/weakref/nitro/operator/FilterOperator.next;org/weakref/nitro/operator/evaluator/PlanEvaluator.evaluateInPlace;org/weakref/nitro/operator/evaluator/PlanEvaluator.evaluateTrueMaskInPlace;org/weakref/nitro/operator/evaluator/PlanEvaluator.evaluateAdaptiveAndTrueMaskInPlace;org/weakref/nitro/operator/evaluator/PlanEvaluator.evaluateMeasuredTrueMaskInPlace;org/weakref/nitro/operator/evaluator/PlanEvaluator.evaluateTrueMaskInPlace;org/weakref/nitro/operator/evaluator/PlanEvaluator.evaluateTrueReferenceMaskFallbackInPlace;org/weakref/nitro/operator/evaluator/PlanEvaluator.optionalBooleanStream;org/weakref/nitro/operator/evaluator/PlanEvaluator.evaluate;org/weakref/nitro/operator/evaluator/PlanEvaluator.evaluateUnmemoized;org/weakref/nitro/operator/evaluator/PlanEvaluator.evaluateVariable;org/weakref/nitro/operator/evaluator/PlanEvaluator.evaluateCall;org/weakref/nitro/operator/evaluator/PlanEvaluator.completeRequestedStreams;java/util/ImmutableCollections$Set12.contains 1
/usr/lib/x86_64-linux-gnu/libc.so.6;/usr/lib/x86_64-linux-gnu/libc.so.6;thread_native_entry;Thread::call_run;JavaThread::thread_main_inner;CompileBroker::compiler_thread_loop;CompileBroker::invoke_compiler_on_method;C2Compiler::compile_method;Compile::Compile;Compile::Optimize;PhaseIterGVN::optimize;PhaseIterGVN::transform_old;RegionNode::Ideal;PhiNode::is_unsafe_data_reference 1
java/lang/Thread.run;java/lang/Thread.runWith;java/util/concurrent/ThreadPoolExecutor$Worker.run;java/util/concurrent/ThreadPoolExecutor.runWorker;java/util/concurrent/FutureTask.run;java/util/concurrent/Executors$RunnableAdapter.call;java/util/concurrent/FutureTask.run;org/openjdk/jmh/runner/BenchmarkHandler$BenchmarkTask.call;org/openjdk/jmh/runner/BenchmarkHandler$BenchmarkTask.call;java/lang/reflect/Method.invoke;jdk/internal/reflect/DirectMethodHandleAccessor.invoke;jdk/internal/reflect/DirectMethodHandleAccessor.invokeImpl;java/lang/invoke/LambdaForm$MH.0x0000000063061400.invokeExact_MT;java/lang/invoke/LambdaForm$MH.0x0000000063061000.invoke;java/lang/invoke/DirectMethodHandle$Holder.invokeSpecial;org/weakref/nitro/clickbench/jmh_generated/BenchmarkQueries_query22_jmhTest.query22_AverageTime;org/weakref/nitro/clickbench/jmh_generated/BenchmarkQueries_query22_jmhTest.query22_avgt_jmhStub;org/weakref/nitro/clickbench/BenchmarkQueries.query22;org/weakref/nitro/clickbench/BenchmarkQueries.consume;org/weakref/nitro/operator/TopNOperator.next;org/weakref/nitro/operator/TopNOperator.computeTopN;org/weakref/nitro/operator/GroupedAggregationOperator.next;org/weakref/nitro/operator/GroupedAggregationOperator.computeResults;org/weakref/nitro/operator/GroupOperator.next;org/weakref/nitro/operator/FilterOperator.next;org/weakref/nitro/operator/evaluator/PlanEvaluator.evaluateInPlace;org/weakref/nitro/operator/evaluator/PlanEvaluator.evaluateTrueMaskInPlace;org/weakref/nitro/operator/evaluator/PlanEvaluator.evaluateAdaptiveAndTrueMaskInPlace;org/weakref/nitro/operator/evaluator/PlanEvaluator.evaluateMeasuredTrueMaskInPlace;org/weakref/nitro/operator/evaluator/PlanEvaluator.evaluateTrueMaskInPlace;org/weakref/nitro/operator/evaluator/PlanEvaluator.evaluateTrueReferenceMaskFallbackInPlace;org/weakref/nitro/operator/evaluator/PlanEvaluator.evaluate;org/weakref/nitro/operator/evaluator/PlanEvaluator.evaluateUnmemoized;org/weakref/nitro/operator/evaluator/PlanEvaluator.evaluateVariable;org/weakref/nitro/operator/evaluator/PlanEvaluator.evaluateCall;org/weakref/nitro/operator/evaluator/PlanEvaluator.evaluateArgument;org/weakref/nitro/operator/evaluator/PlanEvaluator.evaluate;org/weakref/nitro/operator/evaluator/PlanEvaluator.evaluateUnmemoized;org/weakref/nitro/operator/evaluator/PlanEvaluator.evaluateInput;org/weakref/nitro/operator/FilterOperator$1.resolve;org/weakref/nitro/operator/Output.borrowOrNull;org/weakref/nitro/operator/Output.borrow;org/weakref/nitro/operator/Output.borrow;org/weakref/nitro/operator/NitroParquetScanOperator$ScanOutputResolver$$Lambda.0x00000000630aab88.apply;org/weakref/nitro/operator/NitroParquetScanOperator$ScanOutputResolver.resolve;org/weakref/nitro/operator/NitroParquetScanOperator.resolveLazyColumn;org/weakref/nitro/operator/NitroParquetScanOperator.decodeFullColumn;org/weakref/nitro/parquet/ColumnReader.readBinary;org/weakref/nitro/parquet/ColumnReader.readBinaryDirect;org/weakref/nitro/parquet/ColumnReader.decodeNextDataPage;org/weakref/nitro/parquet/ColumnReader.decodeDataPageV1;org/weakref/nitro/parquet/ColumnReader.decodePlainBinary;org/weakref/nitro/parquet/ColumnReader.decodePlainBinaryPresized;org/weakref/nitro/parquet/ColumnReader.appendPlainEntryPresized;java/lang/foreign/MemorySegment.copy;jdk/internal/foreign/AbstractMemorySegmentImpl.copy;java/util/Objects.checkFromIndexSize;jdk/internal/util/Preconditions.checkFromIndexSize 1
java/lang/Thread.run;java/lang/Thread.runWith;java/util/concurrent/ThreadPoolExecutor$Worker.run;java/util/concurrent/ThreadPoolExecutor.runWorker;java/util/concurrent/FutureTask.run;java/util/concurrent/Executors$RunnableAdapter.call;java/util/concurrent/FutureTask.run;org/openjdk/jmh/runner/BenchmarkHandler$BenchmarkTask.call;org/openjdk/jmh/runner/BenchmarkHandler$BenchmarkTask.call;java/lang/reflect/Method.invoke;jdk/internal/reflect/DirectMethodHandleAccessor.invoke;jdk/internal/reflect/DirectMethodHandleAccessor.invokeImpl;java/lang/invoke/LambdaForm$MH.0x0000000063061400.invokeExact_MT;java/lang/invoke/LambdaForm$MH.0x0000000063061000.invoke;java/lang/invoke/DirectMethodHandle$Holder.invokeSpecial;org/weakref/nitro/clickbench/jmh_generated/BenchmarkQueries_query22_jmhTest.query22_AverageTime;org/weakref/nitro/clickbench/jmh_generated/BenchmarkQueries_query22_jmhTest.query22_avgt_jmhStub;org/weakref/nitro/clickbench/BenchmarkQueries.query22;org/weakref/nitro/clickbench/BenchmarkQueries.consume;org/weakref/nitro/operator/TopNOperator.next;org/weakref/nitro/operator/TopNOperator.computeTopN;org/weakref/nitro/operator/GroupedAggregationOperator.next;org/weakref/nitro/operator/GroupedAggregationOperator.computeResults;org/weakref/nitro/operator/GroupOperator.next;org/weakref/nitro/operator/FilterOperator.next;org/weakref/nitro/operator/evaluator/PlanEvaluator.evaluateInPlace;org/weakref/nitro/operator/evaluator/PlanEvaluator.evaluateTrueMaskInPlace;org/weakref/nitro/operator/evaluator/PlanEvaluator.evaluateAdaptiveAndTrueMaskInPlace;org/weakref/nitro/operator/evaluator/PlanEvaluator.evaluateMeasuredTrueMaskInPlace;org/weakref/nitro/operator/evaluator/PlanEvaluator.evaluateTrueMaskInPlace;org/weakref/nitro/operator/evaluator/PlanEvaluator.evaluateFalseMaskInPlace;org/weakref/nitro/operator/evaluator/PlanEvaluator.tryEvaluatePrimitiveFalseMaskInPlace;org/weakref/nitro/operator/evaluator/PlanEvaluator.tryEvaluatePrimitiveMaskInPlace;org/weakref/nitro/operator/evaluator/PlanEvaluator.resolveMaskPrimitiveInvocation;org/weakref/nitro/operator/evaluator/PlanEvaluator.evaluateArgument;org/weakref/nitro/operator/FilterOperator$1.resolve;org/weakref/nitro/operator/Output.borrowOrNull;org/weakref/nitro/operator/Output.borrow;org/weakref/nitro/operator/Output.borrow;org/weakref/nitro/operator/NitroParquetScanOperator$ScanOutputResolver$$Lambda.0x00000000630aab88.apply;org/weakref/nitro/operator/NitroParquetScanOperator$ScanOutputResolver.resolve;org/weakref/nitro/operator/NitroParquetScanOperator.resolveLazyColumn;org/weakref/nitro/operator/NitroParquetScanOperator.decodeFullColumn;org/weakref/nitro/parquet/ColumnReader.readBinary;org/weakref/nitro/parquet/ColumnReader.readBinaryDirect;org/weakref/nitro/parquet/ColumnReader.decodeNextDataPage;org/weakref/nitro/parquet/ColumnReader.decompress;io/airlift/compress/v3/snappy/SnappyNativeDecompressor.decompress;io/airlift/compress/v3/snappy/SnappyNative.decompress;io/airlift/compress/v3/snappy/SnappyNative.decompressInternal;java/lang/invoke/LambdaForm$MH.0x000000006311c400.invokeExact_MT;java/lang/invoke/LambdaForm$MH.0x0000000063134000.invoke;java/lang/invoke/LambdaForm$DMH.0x00000000630b1400.invokeStatic;jdk/internal/foreign/abi/DowncallStub.0x00000000630b1000.invoke;java/lang/invoke/LambdaForm$MH.0x000000006311d000.invokeExact_MT;java/lang/invoke/LambdaForm$MH.0x0000000063134400.invoke;nep_invoker_blob;snappy_uncompress;snappy::RawUncompress;snappy::RawUncompress;void snappy::SnappyDecompressor::DecompressAllTags<snappy::SnappyArrayWriter>;std::pair<unsigned char const*, long> snappy::DecompressBranchless<char*>;snappy::MemCopy64;/usr/lib/x86_64-linux-gnu/libc.so.6 4
java/lang/Thread.run;java/lang/Thread.runWith;java/util/concurrent/ThreadPoolExecutor$Worker.run;java/util/concurrent/ThreadPoolExecutor.runWorker;java/util/concurrent/FutureTask.run;java/util/concurrent/Executors$RunnableAdapter.call;java/util/concurrent/FutureTask.run;org/openjdk/jmh/runner/BenchmarkHandler$BenchmarkTask.call;org/openjdk/jmh/runner/BenchmarkHandler$BenchmarkTask.call;java/lang/reflect/Method.invoke;jdk/internal/reflect/DirectMethodHandleAccessor.invoke;jdk/internal/reflect/DirectMethodHandleAccessor.invokeImpl;java/lang/invoke/LambdaForm$MH.0x0000000063061400.invokeExact_MT;java/lang/invoke/LambdaForm$MH.0x0000000063061000.invoke;java/lang/invoke/DirectMethodHandle$Holder.invokeSpecial;org/weakref/nitro/clickbench/jmh_generated/BenchmarkQueries_query22_jmhTest.query22_AverageTime;org/weakref/nitro/clickbench/jmh_generated/BenchmarkQueries_query22_jmhTest.query22_avgt_jmhStub;org/weakref/nitro/clickbench/BenchmarkQueries.query22;org/weakref/nitro/clickbench/BenchmarkQueries.consume;org/weakref/nitro/operator/TopNOperator.next;org/weakref/nitro/operator/TopNOperator.computeTopN;org/weakref/nitro/operator/GroupedAggregationOperator.next;org/weakref/nitro/operator/GroupedAggregationOperator.computeResults;org/weakref/nitro/operator/GroupOperator.next;org/weakref/nitro/operator/FilterOperator.next;org/weakref/nitro/operator/evaluator/PlanEvaluator.evaluateInPlace;org/weakref/nitro/operator/evaluator/PlanEvaluator.evaluateTrueMaskInPlace;org/weakref/nitro/operator/evaluator/PlanEvaluator.evaluateAdaptiveAndTrueMaskInPlace;org/weakref/nitro/operator/evaluator/PlanEvaluator.evaluateMeasuredTrueMaskInPlace;org/weakref/nitro/operator/evaluator/PlanEvaluator.evaluateTrueMaskInPlace;org/weakref/nitro/operator/evaluator/PlanEvaluator.evaluateFalseMaskInPlace;org/weakref/nitro/operator/evaluator/PlanEvaluator.tryEvaluatePrimitiveFalseMaskInPlace;org/weakref/nitro/operator/evaluator/PlanEvaluator.tryEvaluatePrimitiveMaskInPlace;org/weakref/nitro/operator/evaluator/PlanEvaluator.resolveMaskPrimitiveInvocation;org/weakref/nitro/operator/evaluator/PlanEvaluator.evaluateArgument;org/weakref/nitro/operator/FilterOperator$1.resolve;org/weakref/nitro/operator/Output.borrowOrNull;org/weakref/nitro/operator/Output.borrow;org/weakref/nitro/operator/Output.borrow;org/weakref/nitro/operator/NitroParquetScanOperator$ScanOutputResolver$$Lambda.0x00000000630aab88.apply;org/weakref/nitro/operator/NitroParquetScanOperator$ScanOutputResolver.resolve;org/weakref/nitro/operator/NitroParquetScanOperator.resolveLazyColumn;org/weakref/nitro/operator/NitroParquetScanOperator.decodeFullColumn;org/weakref/nitro/parquet/ColumnReader.readBinary;org/weakref/nitro/parquet/ColumnReader.readBinaryDirect;org/weakref/nitro/parquet/ColumnReader.decodeNextDataPage;org/weakref/nitro/parquet/ColumnReader.decodeDataPageV1;org/weakref/nitro/parquet/ColumnReader.decodePlainBinary;org/weakref/nitro/parquet/ColumnReader.decodePlainBinaryPresized;org/weakref/nitro/parquet/ColumnReader.appendPlainEntryPresized;java/lang/foreign/MemorySegment.copy;jdk/internal/foreign/AbstractMemorySegmentImpl.copy;jdk/internal/foreign/AbstractMemorySegmentImpl.checkAccess;jdk/internal/foreign/AbstractMemorySegmentImpl.checkAccessBounds;jdk/internal/foreign/AbstractMemorySegmentImpl.checkBounds 1
/usr/lib/x86_64-linux-gnu/libc.so.6;/usr/lib/x86_64-linux-gnu/libc.so.6;thread_native_entry;Thread::call_run;WorkerThread::run;G1RebuildRSAndScrubTask::work;G1HeapRegionManager::par_iterate;G1RebuildRSAndScrubTask::G1RebuildRSAndScrubRegionClosure::do_heap_region;void OopOopIterateDispatch<G1RebuildRemSetClosure>::Table::oop_oop_iterate<InstanceMirrorKlass, narrowOop> 1
java/lang/Thread.run;java/lang/Thread.runWith;java/util/concurrent/ThreadPoolExecutor$Worker.run;java/util/concurrent/ThreadPoolExecutor.runWorker;java/util/concurrent/FutureTask.run;java/util/concurrent/Executors$RunnableAdapter.call;java/util/concurrent/FutureTask.run;org/openjdk/jmh/runner/BenchmarkHandler$BenchmarkTask.call;org/openjdk/jmh/runner/BenchmarkHandler$BenchmarkTask.call;java/lang/reflect/Method.invoke;jdk/internal/reflect/DirectMethodHandleAccessor.invoke;jdk/internal/reflect/DirectMethodHandleAccessor.invokeImpl;java/lang/invoke/LambdaForm$MH.0x0000000063061400.invokeExact_MT;java/lang/invoke/LambdaForm$MH.0x0000000063061000.invoke;java/lang/invoke/DirectMethodHandle$Holder.invokeSpecial;org/weakref/nitro/clickbench/jmh_generated/BenchmarkQueries_query22_jmhTest.query22_AverageTime;org/weakref/nitro/clickbench/jmh_generated/BenchmarkQueries_query22_jmhTest.query22_avgt_jmhStub;org/weakref/nitro/clickbench/BenchmarkQueries.query22;org/weakref/nitro/clickbench/BenchmarkQueries.consume;org/weakref/nitro/operator/TopNOperator.next;org/weakref/nitro/operator/TopNOperator.computeTopN;org/weakref/nitro/operator/GroupedAggregationOperator.next;org/weakref/nitro/operator/GroupedAggregationOperator.computeResults;org/weakref/nitro/operator/GroupOperator.next;org/weakref/nitro/operator/FilterOperator.next;org/weakref/nitro/operator/evaluator/PlanEvaluator.evaluateInPlace;org/weakref/nitro/operator/evaluator/PlanEvaluator.evaluateTrueMaskInPlace;org/weakref/nitro/operator/evaluator/PlanEvaluator.evaluateAdaptiveAndTrueMaskInPlace;org/weakref/nitro/operator/evaluator/PlanEvaluator.evaluateMeasuredTrueMaskInPlace;org/weakref/nitro/operator/evaluator/PlanEvaluator.evaluateTrueMaskInPlace;org/weakref/nitro/operator/evaluator/PlanEvaluator.evaluateTrueReferenceMaskFallbackInPlace;org/weakref/nitro/operator/evaluator/PlanEvaluator.evaluate;org/weakref/nitro/operator/evaluator/PlanEvaluator.evaluateUnmemoized;org/weakref/nitro/operator/evaluator/PlanEvaluator.evaluateVariable;org/weakref/nitro/operator/evaluator/PlanEvaluator.evaluateCall;org/weakref/nitro/operator/evaluator/PlanEvaluator.evaluateArgument;org/weakref/nitro/operator/evaluator/PlanEvaluator.evaluate;org/weakref/nitro/operator/evaluator/PlanEvaluator.evaluateUnmemoized;org/weakref/nitro/operator/evaluator/PlanEvaluator.evaluateInput;org/weakref/nitro/operator/FilterOperator$1.resolve;org/weakref/nitro/operator/Output.borrowOrNull;org/weakref/nitro/operator/Output.borrow;org/weakref/nitro/operator/Output.borrow;org/weakref/nitro/operator/NitroParquetScanOperator$ScanOutputResolver$$Lambda.0x00000000630aab88.apply;org/weakref/nitro/operator/NitroParquetScanOperator$ScanOutputResolver.resolve;org/weakref/nitro/operator/NitroParquetScanOperator.resolveLazyColumn;org/weakref/nitro/operator/NitroParquetScanOperator.decodeFullColumn;org/weakref/nitro/parquet/ColumnReader.readBinary;org/weakref/nitro/parquet/ColumnReader.readBinaryDirect;org/weakref/nitro/parquet/ColumnReader.decodeNextDataPage;org/weakref/nitro/parquet/ColumnReader.decodeDataPageV1;org/weakref/nitro/parquet/ColumnReader.decodePlainBinary;org/weakref/nitro/parquet/ColumnReader.decodePlainBinaryPresized;org/weakref/nitro/parquet/ColumnReader.appendPlainEntryPresized;java/lang/foreign/MemorySegment.copy;jdk/internal/foreign/AbstractMemorySegmentImpl.copy 2
/usr/lib/x86_64-linux-gnu/libc.so.6;/usr/lib/x86_64-linux-gnu/libc.so.6;thread_native_entry;Thread::call_run;JavaThread::thread_main_inner;CompileBroker::compiler_thread_loop;CompileBroker::invoke_compiler_on_method;C2Compiler::compile_method;Compile::Compile;Compile::Code_Gen;PhaseChaitin::Register_Allocate;PhaseChaitin::post_allocate_copy_removal;PhaseChaitin::elide_copy 1
java/lang/Thread.run;java/lang/Thread.runWith;java/util/concurrent/ThreadPoolExecutor$Worker.run;java/util/concurrent/ThreadPoolExecutor.runWorker;java/util/concurrent/FutureTask.run;java/util/concurrent/Executors$RunnableAdapter.call;java/util/concurrent/FutureTask.run;org/openjdk/jmh/runner/BenchmarkHandler$BenchmarkTask.call;org/openjdk/jmh/runner/BenchmarkHandler$BenchmarkTask.call;java/lang/reflect/Method.invoke;jdk/internal/reflect/DirectMethodHandleAccessor.invoke;jdk/internal/reflect/DirectMethodHandleAccessor.invokeImpl;java/lang/invoke/LambdaForm$MH.0x0000000063061400.invokeExact_MT;java/lang/invoke/LambdaForm$MH.0x0000000063061000.invoke;java/lang/invoke/DirectMethodHandle$Holder.invokeSpecial;org/weakref/nitro/clickbench/jmh_generated/BenchmarkQueries_query22_jmhTest.query22_AverageTime;org/weakref/nitro/clickbench/jmh_generated/BenchmarkQueries_query22_jmhTest.query22_avgt_jmhStub;org/weakref/nitro/clickbench/BenchmarkQueries.query22;org/weakref/nitro/clickbench/BenchmarkQueries.consume;org/weakref/nitro/operator/TopNOperator.next;org/weakref/nitro/operator/TopNOperator.computeTopN;org/weakref/nitro/operator/GroupedAggregationOperator.next;org/weakref/nitro/operator/GroupedAggregationOperator.computeResults;org/weakref/nitro/operator/GroupOperator.next;org/weakref/nitro/operator/FilterOperator.next;org/weakref/nitro/operator/evaluator/PlanEvaluator.evaluateInPlace;org/weakref/nitro/operator/evaluator/PlanEvaluator.evaluateTrueMaskInPlace;org/weakref/nitro/operator/evaluator/PlanEvaluator.evaluateAdaptiveAndTrueMaskInPlace;org/weakref/nitro/operator/evaluator/PlanEvaluator.evaluateMeasuredTrueMaskInPlace;org/weakref/nitro/operator/evaluator/PlanEvaluator.evaluateTrueMaskInPlace;org/weakref/nitro/operator/evaluator/PlanEvaluator.evaluateFalseMaskInPlace;org/weakref/nitro/operator/evaluator/PlanEvaluator.tryEvaluatePrimitiveFalseMaskInPlace;org/weakref/nitro/operator/evaluator/PlanEvaluator.tryEvaluatePrimitiveMaskInPlace;org/weakref/nitro/operator/evaluator/PlanEvaluator.resolveMaskPrimitiveInvocation;org/weakref/nitro/operator/evaluator/PlanEvaluator.evaluateArgument;org/weakref/nitro/operator/FilterOperator$1.resolve;org/weakref/nitro/operator/Output.borrowOrNull;org/weakref/nitro/operator/Output.borrow;org/weakref/nitro/operator/Output.borrow;org/weakref/nitro/operator/NitroParquetScanOperator$ScanOutputResolver$$Lambda.0x00000000630aab88.apply;org/weakref/nitro/operator/NitroParquetScanOperator$ScanOutputResolver.resolve;org/weakref/nitro/operator/NitroParquetScanOperator.resolveLazyColumn;org/weakref/nitro/operator/NitroParquetScanOperator.decodeFullColumn;org/weakref/nitro/parquet/ColumnReader.readBinary;org/weakref/nitro/parquet/ColumnReader.readBinaryDirect;org/weakref/nitro/parquet/ColumnReader.decodeNextDataPage;org/weakref/nitro/parquet/ColumnReader.decodeDataPageV1;org/weakref/nitro/parquet/ColumnReader.decodePlainBinary;org/weakref/nitro/parquet/ColumnReader.decodePlainBinaryPresized;org/weakref/nitro/parquet/ColumnReader.appendPlainEntryPresized;java/lang/foreign/MemorySegment.copy;jdk/internal/foreign/AbstractMemorySegmentImpl.copy;jdk/internal/foreign/AbstractMemorySegmentImpl.checkAccess;jdk/internal/foreign/AbstractMemorySegmentImpl.checkAccessBounds;jdk/internal/foreign/AbstractMemorySegmentImpl.checkBounds 6
java/lang/Thread.run;java/lang/Thread.runWith;java/util/concurrent/ThreadPoolExecutor$Worker.run;java/util/concurrent/ThreadPoolExecutor.runWorker;java/util/concurrent/FutureTask.run;java/util/concurrent/Executors$RunnableAdapter.call;java/util/concurrent/FutureTask.run;org/openjdk/jmh/runner/BenchmarkHandler$BenchmarkTask.call;org/openjdk/jmh/runner/BenchmarkHandler$BenchmarkTask.call;java/lang/reflect/Method.invoke;jdk/internal/reflect/DirectMethodHandleAccessor.invoke;jdk/internal/reflect/DirectMethodHandleAccessor.invokeImpl;java/lang/invoke/LambdaForm$MH.0x0000000063061400.invokeExact_MT;java/lang/invoke/LambdaForm$MH.0x0000000063061000.invoke;java/lang/invoke/DirectMethodHandle$Holder.invokeSpecial;org/weakref/nitro/clickbench/jmh_generated/BenchmarkQueries_query22_jmhTest.query22_AverageTime;org/weakref/nitro/clickbench/jmh_generated/BenchmarkQueries_query22_jmhTest.query22_avgt_jmhStub;org/weakref/nitro/clickbench/BenchmarkQueries.query22;org/weakref/nitro/clickbench/BenchmarkQueries.consume;org/weakref/nitro/operator/TopNOperator.next;org/weakref/nitro/operator/TopNOperator.computeTopN;org/weakref/nitro/operator/GroupedAggregationOperator.next;org/weakref/nitro/operator/GroupedAggregationOperator.computeResults;org/weakref/nitro/operator/Batch.close;org/weakref/nitro/operator/Output.close;org/weakref/nitro/operator/Output.release;org/weakref/nitro/data/Vector.releaseTransferredBuffers 1
java/lang/Thread.run;java/lang/Thread.runWith;java/util/concurrent/ThreadPoolExecutor$Worker.run;java/util/concurrent/ThreadPoolExecutor.runWorker;java/util/concurrent/FutureTask.run;java/util/concurrent/Executors$RunnableAdapter.call;java/util/concurrent/FutureTask.run;org/openjdk/jmh/runner/BenchmarkHandler$BenchmarkTask.call;org/openjdk/jmh/runner/BenchmarkHandler$BenchmarkTask.call;java/lang/reflect/Method.invoke;jdk/internal/reflect/DirectMethodHandleAccessor.invoke;jdk/internal/reflect/DirectMethodHandleAccessor.invokeImpl;java/lang/invoke/LambdaForm$MH.0x0000000063061400.invokeExact_MT;java/lang/invoke/LambdaForm$MH.0x0000000063061000.invoke;java/lang/invoke/DirectMethodHandle$Holder.invokeSpecial;org/weakref/nitro/clickbench/jmh_generated/BenchmarkQueries_query22_jmhTest.query22_AverageTime;org/weakref/nitro/clickbench/jmh_generated/BenchmarkQueries_query22_jmhTest.query22_avgt_jmhStub;org/weakref/nitro/clickbench/BenchmarkQueries.query22;org/weakref/nitro/clickbench/BenchmarkQueries.consume;org/weakref/nitro/operator/TopNOperator.next;org/weakref/nitro/operator/TopNOperator.computeTopN;org/weakref/nitro/operator/GroupedAggregationOperator.next;org/weakref/nitro/operator/GroupedAggregationOperator.computeResults;org/weakref/nitro/operator/GroupOperator.next;org/weakref/nitro/operator/FilterOperator.next;org/weakref/nitro/operator/evaluator/PlanEvaluator.evaluateInPlace;org/weakref/nitro/operator/evaluator/PlanEvaluator.evaluateTrueMaskInPlace;org/weakref/nitro/operator/evaluator/PlanEvaluator.evaluateAdaptiveAndTrueMaskInPlace;org/weakref/nitro/operator/evaluator/PlanEvaluator.evaluateMeasuredTrueMaskInPlace;org/weakref/nitro/operator/evaluator/PlanEvaluator.evaluateTrueMaskInPlace;org/weakref/nitro/operator/evaluator/PlanEvaluator.evaluateTrueReferenceMaskFallbackInPlace;org/weakref/nitro/operator/evaluator/PlanEvaluator.evaluate;org/weakref/nitro/operator/evaluator/PlanEvaluator.evaluateUnmemoized;org/weakref/nitro/operator/evaluator/PlanEvaluator.evaluateVariable;org/weakref/nitro/operator/evaluator/PlanEvaluator.evaluateCall;org/weakref/nitro/operator/evaluator/PlanEvaluator.evaluateArgument;org/weakref/nitro/operator/evaluator/PlanEvaluator.evaluate;org/weakref/nitro/operator/evaluator/PlanEvaluator.evaluateUnmemoized;org/weakref/nitro/operator/evaluator/PlanEvaluator.evaluateInput;org/weakref/nitro/operator/evaluator/PlanEvaluator.computeRequestedStreams;java/util/Set.copyOf;java/util/HashSet.toArray;java/util/HashMap.keysToArray 1
java/lang/Thread.run;java/lang/Thread.runWith;java/util/concurrent/ThreadPoolExecutor$Worker.run;java/util/concurrent/ThreadPoolExecutor.runWorker;java/util/concurrent/FutureTask.run;java/util/concurrent/Executors$RunnableAdapter.call;java/util/concurrent/FutureTask.run;org/openjdk/jmh/runner/BenchmarkHandler$BenchmarkTask.call;org/openjdk/jmh/runner/BenchmarkHandler$BenchmarkTask.call;java/lang/reflect/Method.invoke;jdk/internal/reflect/DirectMethodHandleAccessor.invoke;jdk/internal/reflect/DirectMethodHandleAccessor.invokeImpl;java/lang/invoke/LambdaForm$MH.0x0000000063061400.invokeExact_MT;java/lang/invoke/LambdaForm$MH.0x0000000063061000.invoke;java/lang/invoke/DirectMethodHandle$Holder.invokeSpecial;org/weakref/nitro/clickbench/jmh_generated/BenchmarkQueries_query22_jmhTest.query22_AverageTime;org/weakref/nitro/clickbench/jmh_generated/BenchmarkQueries_query22_jmhTest.query22_avgt_jmhStub;org/weakref/nitro/clickbench/BenchmarkQueries.query22;org/weakref/nitro/clickbench/BenchmarkQueries.consume;org/weakref/nitro/operator/TopNOperator.next;org/weakref/nitro/operator/TopNOperator.computeTopN;org/weakref/nitro/operator/GroupedAggregationOperator.next;org/weakref/nitro/operator/GroupedAggregationOperator.computeResults;org/weakref/nitro/operator/GroupOperator.next;org/weakref/nitro/operator/FilterOperator.next;org/weakref/nitro/operator/evaluator/PlanEvaluator.evaluateInPlace;org/weakref/nitro/operator/evaluator/PlanEvaluator.evaluateTrueMaskInPlace;org/weakref/nitro/operator/evaluator/PlanEvaluator.evaluateAdaptiveAndTrueMaskInPlace;org/weakref/nitro/operator/evaluator/PlanEvaluator.evaluateMeasuredTrueMaskInPlace;org/weakref/nitro/operator/evaluator/PlanEvaluator.evaluateTrueMaskInPlace;org/weakref/nitro/operator/evaluator/PlanEvaluator.evaluateTrueReferenceMaskFallbackInPlace;org/weakref/nitro/operator/evaluator/PlanEvaluator.optionalBooleanStream;org/weakref/nitro/operator/evaluator/PlanEvaluator.evaluate;org/weakref/nitro/operator/evaluator/PlanEvaluator.evaluateUnmemoized;org/weakref/nitro/operator/evaluator/PlanEvaluator.evaluateVariable;org/weakref/nitro/operator/evaluator/PlanEvaluator.evaluateCall;org/weakref/nitro/operator/evaluator/PlanEvaluator.evaluateArgument;org/weakref/nitro/operator/evaluator/PlanEvaluator.evaluate;org/weakref/nitro/operator/evaluator/PlanEvaluator.evaluateUnmemoized;org/weakref/nitro/operator/evaluator/PlanEvaluator.evaluateInput;org/weakref/nitro/operator/evaluator/PlanEvaluator.computeRequestedStreams;java/util/Set.copyOf;java/util/HashSet.toArray;java/util/HashMap.keysToArray 1
java/lang/Thread.run;java/lang/Thread.runWith;java/util/concurrent/ThreadPoolExecutor$Worker.run;java/util/concurrent/ThreadPoolExecutor.runWorker;java/util/concurrent/FutureTask.run;java/util/concurrent/Executors$RunnableAdapter.call;java/util/concurrent/FutureTask.run;org/openjdk/jmh/runner/BenchmarkHandler$BenchmarkTask.call;org/openjdk/jmh/runner/BenchmarkHandler$BenchmarkTask.call;java/lang/reflect/Method.invoke;jdk/internal/reflect/DirectMethodHandleAccessor.invoke;jdk/internal/reflect/DirectMethodHandleAccessor.invokeImpl;java/lang/invoke/LambdaForm$MH.0x0000000063061400.invokeExact_MT;java/lang/invoke/LambdaForm$MH.0x0000000063061000.invoke;java/lang/invoke/DirectMethodHandle$Holder.invokeSpecial;org/weakref/nitro/clickbench/jmh_generated/BenchmarkQueries_query22_jmhTest.query22_AverageTime;org/weakref/nitro/clickbench/jmh_generated/BenchmarkQueries_query22_jmhTest.query22_avgt_jmhStub;org/weakref/nitro/clickbench/BenchmarkQueries.query22;org/weakref/nitro/clickbench/BenchmarkQueries.consume;org/weakref/nitro/operator/TopNOperator.next;org/weakref/nitro/operator/TopNOperator.computeTopN;org/weakref/nitro/operator/GroupedAggregationOperator.next;org/weakref/nitro/operator/GroupedAggregationOperator.computeResults;org/weakref/nitro/operator/GroupOperator.next;org/weakref/nitro/operator/FilterOperator.next;org/weakref/nitro/operator/evaluator/PlanEvaluator.evaluateInPlace;org/weakref/nitro/operator/evaluator/PlanEvaluator.evaluateTrueMaskInPlace;org/weakref/nitro/operator/evaluator/PlanEvaluator.evaluateAdaptiveAndTrueMaskInPlace;org/weakref/nitro/operator/evaluator/PlanEvaluator.evaluateMeasuredTrueMaskInPlace;org/weakref/nitro/operator/evaluator/PlanEvaluator.evaluateTrueMaskInPlace;org/weakref/nitro/operator/evaluator/PlanEvaluator.evaluateFalseMaskInPlace;org/weakref/nitro/operator/evaluator/PlanEvaluator.tryEvaluatePrimitiveFalseMaskInPlace;org/weakref/nitro/operator/evaluator/PlanEvaluator.tryEvaluatePrimitiveMaskInPlace;org/weakref/nitro/function/scalar/builtin/EqualUtf8.tryEvaluateFalseMaskInPlace;org/weakref/nitro/function/scalar/builtin/Utf8BinaryDispatch.tryEvaluateEqualsFalseMaskInPlace;org/weakref/nitro/function/scalar/builtin/Utf8BinaryDispatch.tryEvaluateEqualsMaskInPlace;org/weakref/nitro/data/Mask.retainIf;org/weakref/nitro/function/scalar/builtin/Utf8BinaryDispatch$$Lambda.0x0000000063125f20.test;org/weakref/nitro/function/scalar/builtin/Utf8BinaryDispatch.lambda$tryEvaluateEqualsMaskInPlace$0;org/weakref/nitro/function/scalar/builtin/Utf8BinaryDispatch.binaryEquals;org/weakref/nitro/function/scalar/builtin/Utf8BinaryDispatch.binaryEquals;org/weakref/nitro/function/scalar/builtin/Utf8BinaryDispatch.binaryEquals 2
java/lang/Thread.run;java/lang/Thread.runWith;java/util/concurrent/ThreadPoolExecutor$Worker.run;java/util/concurrent/ThreadPoolExecutor.runWorker;java/util/concurrent/FutureTask.run;java/util/concurrent/Executors$RunnableAdapter.call;java/util/concurrent/FutureTask.run;org/openjdk/jmh/runner/BenchmarkHandler$BenchmarkTask.call;org/openjdk/jmh/runner/BenchmarkHandler$BenchmarkTask.call;java/lang/reflect/Method.invoke;jdk/internal/reflect/DirectMethodHandleAccessor.invoke;jdk/internal/reflect/DirectMethodHandleAccessor.invokeImpl;java/lang/invoke/LambdaForm$MH.0x0000000063061400.invokeExact_MT;java/lang/invoke/LambdaForm$MH.0x0000000063061000.invoke;java/lang/invoke/DirectMethodHandle$Holder.invokeSpecial;org/weakref/nitro/clickbench/jmh_generated/BenchmarkQueries_query22_jmhTest.query22_AverageTime;org/weakref/nitro/clickbench/jmh_generated/BenchmarkQueries_query22_jmhTest.query22_avgt_jmhStub;org/weakref/nitro/clickbench/BenchmarkQueries.query22;org/weakref/nitro/clickbench/BenchmarkQueries.consume;org/weakref/nitro/operator/TopNOperator.next;org/weakref/nitro/operator/TopNOperator.computeTopN;org/weakref/nitro/operator/GroupedAggregationOperator.next;org/weakref/nitro/operator/GroupedAggregationOperator.computeResults;org/weakref/nitro/operator/GroupOperator.next;org/weakref/nitro/operator/FilterOperator.next;org/weakref/nitro/operator/evaluator/PlanEvaluator.evaluateInPlace;org/weakref/nitro/operator/evaluator/PlanEvaluator.evaluateTrueMaskInPlace;org/weakref/nitro/operator/evaluator/PlanEvaluator.evaluateAdaptiveAndTrueMaskInPlace;org/weakref/nitro/operator/evaluator/PlanEvaluator.evaluateMeasuredTrueMaskInPlace;org/weakref/nitro/operator/evaluator/PlanEvaluator.evaluateTrueMaskInPlace;org/weakref/nitro/operator/evaluator/PlanEvaluator.evaluateFalseMaskInPlace;org/weakref/nitro/operator/evaluator/PlanEvaluator.tryEvaluatePrimitiveFalseMaskInPlace;org/weakref/nitro/operator/evaluator/PlanEvaluator.tryEvaluatePrimitiveMaskInPlace;org/weakref/nitro/function/scalar/builtin/EqualUtf8.tryEvaluateFalseMaskInPlace;org/weakref/nitro/function/scalar/builtin/Utf8BinaryDispatch.tryEvaluateEqualsFalseMaskInPlace;org/weakref/nitro/function/scalar/builtin/Utf8BinaryDispatch.tryEvaluateEqualsMaskInPlace;org/weakref/nitro/function/scalar/builtin/Utf8BinaryDispatch.tryEvaluateInSetMaskInPlace;org/weakref/nitro/function/scalar/builtin/VectorAccess.isAllFalseNulls;org/weakref/nitro/data/BooleanVector.isAllFalse 1
java/lang/Thread.run;java/lang/Thread.runWith;java/util/concurrent/ThreadPoolExecutor$Worker.run;java/util/concurrent/ThreadPoolExecutor.runWorker;java/util/concurrent/FutureTask.run;java/util/concurrent/Executors$RunnableAdapter.call;java/util/concurrent/FutureTask.run;org/openjdk/jmh/runner/BenchmarkHandler$BenchmarkTask.call;org/openjdk/jmh/runner/BenchmarkHandler$BenchmarkTask.call;java/lang/reflect/Method.invoke;jdk/internal/reflect/DirectMethodHandleAccessor.invoke;jdk/internal/reflect/DirectMethodHandleAccessor.invokeImpl;java/lang/invoke/LambdaForm$MH.0x0000000063061400.invokeExact_MT;java/lang/invoke/LambdaForm$MH.0x0000000063061000.invoke;java/lang/invoke/DirectMethodHandle$Holder.invokeSpecial;org/weakref/nitro/clickbench/jmh_generated/BenchmarkQueries_query22_jmhTest.query22_AverageTime;org/weakref/nitro/clickbench/jmh_generated/BenchmarkQueries_query22_jmhTest.query22_avgt_jmhStub;org/weakref/nitro/clickbench/BenchmarkQueries.query22;org/weakref/nitro/clickbench/BenchmarkQueries.consume;org/weakref/nitro/operator/TopNOperator.next;org/weakref/nitro/operator/TopNOperator.computeTopN;org/weakref/nitro/operator/GroupedAggregationOperator.next;org/weakref/nitro/operator/GroupedAggregationOperator.computeResults;org/weakref/nitro/operator/GroupOperator.next;org/weakref/nitro/operator/FilterOperator.next;org/weakref/nitro/operator/evaluator/PlanEvaluator.evaluateInPlace;org/weakref/nitro/operator/evaluator/PlanEvaluator.evaluateTrueMaskInPlace;org/weakref/nitro/operator/evaluator/PlanEvaluator.evaluateAdaptiveAndTrueMaskInPlace;org/weakref/nitro/operator/evaluator/PlanEvaluator.evaluateMeasuredTrueMaskInPlace;org/weakref/nitro/operator/evaluator/PlanEvaluator.evaluateTrueMaskInPlace;org/weakref/nitro/operator/evaluator/PlanEvaluator.evaluateFalseMaskInPlace;org/weakref/nitro/operator/evaluator/PlanEvaluator.tryEvaluatePrimitiveFalseMaskInPlace;org/weakref/nitro/operator/evaluator/PlanEvaluator.tryEvaluatePrimitiveMaskInPlace;org/weakref/nitro/function/scalar/builtin/EqualUtf8.tryEvaluateFalseMaskInPlace;org/weakref/nitro/function/scalar/builtin/Utf8BinaryDispatch.tryEvaluateEqualsFalseMaskInPlace;org/weakref/nitro/function/scalar/builtin/Utf8BinaryDispatch.tryEvaluateEqualsMaskInPlace;org/weakref/nitro/function/scalar/builtin/Utf8BinaryDispatch.tryEvaluateInSetMaskInPlace;org/weakref/nitro/function/scalar/builtin/Utf8BinaryDispatch.tryRetainFlatPackedShortInSet;org/weakref/nitro/function/scalar/builtin/Utf8BinaryDispatch.packedMatchesAt;org/weakref/nitro/function/scalar/builtin/Utf8BinaryDispatch.packedMatches 1
java/lang/Thread.run;java/lang/Thread.runWith;java/util/concurrent/ThreadPoolExecutor$Worker.run;java/util/concurrent/ThreadPoolExecutor.runWorker;java/util/concurrent/FutureTask.run;java/util/concurrent/Executors$RunnableAdapter.call;java/util/concurrent/FutureTask.run;org/openjdk/jmh/runner/BenchmarkHandler$BenchmarkTask.call;org/openjdk/jmh/runner/BenchmarkHandler$BenchmarkTask.call;java/lang/reflect/Method.invoke;jdk/internal/reflect/DirectMethodHandleAccessor.invoke;jdk/internal/reflect/DirectMethodHandleAccessor.invokeImpl;java/lang/invoke/LambdaForm$MH.0x0000000063061400.invokeExact_MT;java/lang/invoke/LambdaForm$MH.0x0000000063061000.invoke;java/lang/invoke/DirectMethodHandle$Holder.invokeSpecial;org/weakref/nitro/clickbench/jmh_generated/BenchmarkQueries_query22_jmhTest.query22_AverageTime;org/weakref/nitro/clickbench/jmh_generated/BenchmarkQueries_query22_jmhTest.query22_avgt_jmhStub;org/weakref/nitro/clickbench/BenchmarkQueries.query22;org/weakref/nitro/clickbench/BenchmarkQueries.consume;org/weakref/nitro/operator/TopNOperator.next;org/weakref/nitro/operator/TopNOperator.computeTopN;org/weakref/nitro/operator/GroupedAggregationOperator.next;org/weakref/nitro/operator/GroupedAggregationOperator.computeResults;org/weakref/nitro/operator/GroupOperator.next;org/weakref/nitro/operator/FilterOperator.next;org/weakref/nitro/operator/evaluator/PlanEvaluator.evaluateInPlace;org/weakref/nitro/operator/evaluator/PlanEvaluator.evaluateTrueMaskInPlace;org/weakref/nitro/operator/evaluator/PlanEvaluator.evaluateAdaptiveAndTrueMaskInPlace;org/weakref/nitro/operator/evaluator/PlanEvaluator.evaluateMeasuredTrueMaskInPlace;org/weakref/nitro/operator/evaluator/PlanEvaluator.evaluateTrueMaskInPlace;org/weakref/nitro/operator/evaluator/PlanEvaluator.evaluateFalseMaskInPlace;org/weakref/nitro/operator/evaluator/PlanEvaluator.tryEvaluatePrimitiveFalseMaskInPlace;org/weakref/nitro/operator/evaluator/PlanEvaluator.tryEvaluatePrimitiveMaskInPlace;org/weakref/nitro/operator/evaluator/PlanEvaluator.resolveMaskPrimitiveInvocation;org/weakref/nitro/operator/evaluator/PlanEvaluator.evaluateArgument;org/weakref/nitro/operator/FilterOperator$1.resolve;org/weakref/nitro/operator/Output.borrowOrNull;org/weakref/nitro/operator/Output.borrow;org/weakref/nitro/operator/Output.borrow;org/weakref/nitro/operator/NitroParquetScanOperator$ScanOutputResolver$$Lambda.0x00000000630aab88.apply;org/weakref/nitro/operator/NitroParquetScanOperator$ScanOutputResolver.resolve;org/weakref/nitro/operator/NitroParquetScanOperator.resolveLazyColumn;org/weakref/nitro/operator/NitroParquetScanOperator.decodeFullColumn;org/weakref/nitro/parquet/ColumnReader.readBinary;org/weakref/nitro/parquet/ColumnReader.readBinaryDirect;org/weakref/nitro/parquet/ColumnReader.decodeNextDataPage;org/weakref/nitro/parquet/ColumnReader.decodeDataPageV1;jdk/internal/foreign/AbstractMemorySegmentImpl.get;java/lang/invoke/VarHandleGuards.guard_LJ_I;java/lang/invoke/VarHandleSegmentAsInts.get;java/lang/invoke/VarHandleSegmentAsInts.get;jdk/internal/misc/ScopedMemoryAccess.getIntUnaligned;jdk/internal/misc/ScopedMemoryAccess.getIntUnalignedInternal;jdk/internal/foreign/MemorySessionImpl.checkValidStateRaw;jshort_disjoint_arraycopy_stub 2
java/lang/Thread.run;java/lang/Thread.runWith;java/util/concurrent/ThreadPoolExecutor$Worker.run;java/util/concurrent/ThreadPoolExecutor.runWorker;java/util/concurrent/FutureTask.run;java/util/concurrent/Executors$RunnableAdapter.call;java/util/concurrent/FutureTask.run;org/openjdk/jmh/runner/BenchmarkHandler$BenchmarkTask.call;org/openjdk/jmh/runner/BenchmarkHandler$BenchmarkTask.call;java/lang/reflect/Method.invoke;jdk/internal/reflect/DirectMethodHandleAccessor.invoke;jdk/internal/reflect/DirectMethodHandleAccessor.invokeImpl;java/lang/invoke/LambdaForm$MH.0x0000000063061400.invokeExact_MT;java/lang/invoke/LambdaForm$MH.0x0000000063061000.invoke;java/lang/invoke/DirectMethodHandle$Holder.invokeSpecial;org/weakref/nitro/clickbench/jmh_generated/BenchmarkQueries_query22_jmhTest.query22_AverageTime;org/weakref/nitro/clickbench/jmh_generated/BenchmarkQueries_query22_jmhTest.query22_avgt_jmhStub;org/weakref/nitro/clickbench/BenchmarkQueries.query22;org/weakref/nitro/clickbench/BenchmarkQueries.consume;org/weakref/nitro/operator/TopNOperator.next;org/weakref/nitro/operator/TopNOperator.computeTopN;org/weakref/nitro/operator/GroupedAggregationOperator.next;org/weakref/nitro/operator/GroupedAggregationOperator.computeResults;org/weakref/nitro/operator/GroupOperator.next;org/weakref/nitro/operator/FilterOperator.next;org/weakref/nitro/operator/evaluator/PlanEvaluator.evaluateInPlace;org/weakref/nitro/operator/evaluator/PlanEvaluator.evaluateTrueMaskInPlace;org/weakref/nitro/operator/evaluator/PlanEvaluator.evaluateAdaptiveAndTrueMaskInPlace;org/weakref/nitro/operator/evaluator/PlanEvaluator.evaluateMeasuredTrueMaskInPlace;org/weakref/nitro/operator/evaluator/PlanEvaluator.evaluateTrueMaskInPlace;org/weakref/nitro/operator/evaluator/PlanEvaluator.evaluateTrueReferenceMaskFallbackInPlace;org/weakref/nitro/operator/evaluator/PlanEvaluator.evaluate;org/weakref/nitro/operator/evaluator/PlanEvaluator.evaluateUnmemoized;org/weakref/nitro/operator/evaluator/PlanEvaluator.evaluateVariable;org/weakref/nitro/operator/evaluator/PlanEvaluator.evaluateCall;org/weakref/nitro/operator/evaluator/PlanEvaluator.evaluateArgument;org/weakref/nitro/operator/evaluator/PlanEvaluator.evaluate;org/weakref/nitro/operator/evaluator/PlanEvaluator.evaluateUnmemoized;org/weakref/nitro/operator/evaluator/PlanEvaluator.evaluateInput;org/weakref/nitro/operator/FilterOperator$1.resolve;org/weakref/nitro/operator/Output.borrowOrNull;org/weakref/nitro/operator/Output.borrow;org/weakref/nitro/operator/Output.borrow;org/weakref/nitro/operator/NitroParquetScanOperator$ScanOutputResolver$$Lambda.0x00000000630aab88.apply;org/weakref/nitro/operator/NitroParquetScanOperator$ScanOutputResolver.resolve;org/weakref/nitro/operator/NitroParquetScanOperator.resolveLazyColumn;org/weakref/nitro/operator/NitroParquetScanOperator.decodeFullColumn;org/weakref/nitro/parquet/ColumnReader.readBinary;org/weakref/nitro/parquet/ColumnReader.readBinaryDirect;org/weakref/nitro/parquet/ColumnReader.decodeNextDataPage;org/weakref/nitro/parquet/ColumnReader.decodeDataPageV1;org/weakref/nitro/parquet/ColumnReader.scatterDictionaryBinaryIds;java/util/Arrays.fill;java/util/Arrays.rangeCheck;jbyte_fill_stub 2
java/lang/Thread.run;java/lang/Thread.runWith;java/util/concurrent/ThreadPoolExecutor$Worker.run;java/util/concurrent/ThreadPoolExecutor.runWorker;java/util/concurrent/FutureTask.run;java/util/concurrent/Executors$RunnableAdapter.call;java/util/concurrent/FutureTask.run;org/openjdk/jmh/runner/BenchmarkHandler$BenchmarkTask.call;org/openjdk/jmh/runner/BenchmarkHandler$BenchmarkTask.call;java/lang/reflect/Method.invoke;jdk/internal/reflect/DirectMethodHandleAccessor.invoke;jdk/internal/reflect/DirectMethodHandleAccessor.invokeImpl;java/lang/invoke/LambdaForm$MH.0x0000000063061400.invokeExact_MT;java/lang/invoke/LambdaForm$MH.0x0000000063061000.invoke;java/lang/invoke/DirectMethodHandle$Holder.invokeSpecial;org/weakref/nitro/clickbench/jmh_generated/BenchmarkQueries_query22_jmhTest.query22_AverageTime;org/weakref/nitro/clickbench/jmh_generated/BenchmarkQueries_query22_jmhTest.query22_avgt_jmhStub;org/weakref/nitro/clickbench/BenchmarkQueries.query22;org/weakref/nitro/clickbench/BenchmarkQueries.consume;org/weakref/nitro/operator/TopNOperator.next;org/weakref/nitro/operator/TopNOperator.computeTopN;org/weakref/nitro/operator/GroupedAggregationOperator.next;org/weakref/nitro/operator/GroupedAggregationOperator.computeResults;org/weakref/nitro/operator/GroupOperator.next;org/weakref/nitro/operator/FilterOperator.next;org/weakref/nitro/operator/evaluator/PlanEvaluator.evaluateInPlace;org/weakref/nitro/operator/evaluator/PlanEvaluator.evaluateTrueMaskInPlace;org/weakref/nitro/operator/evaluator/PlanEvaluator.evaluateAdaptiveAndTrueMaskInPlace;org/weakref/nitro/operator/evaluator/PlanEvaluator.evaluateMeasuredTrueMaskInPlace;org/weakref/nitro/operator/evaluator/PlanEvaluator.evaluateTrueMaskInPlace;org/weakref/nitro/operator/evaluator/PlanEvaluator.evaluateTrueReferenceMaskFallbackInPlace;org/weakref/nitro/operator/evaluator/PlanEvaluator.evaluate;org/weakref/nitro/operator/evaluator/PlanEvaluator.evaluateUnmemoized;org/weakref/nitro/operator/evaluator/PlanEvaluator.evaluateVariable;org/weakref/nitro/operator/evaluator/PlanEvaluator.evaluateCall;org/weakref/nitro/function/scalar/builtin/ContainsUtf8.apply;org/weakref/nitro/function/scalar/builtin/Utf8BinaryDispatch.applyContains;org/weakref/nitro/function/scalar/builtin/Utf8BinaryDispatch.apply;org/weakref/nitro/function/scalar/builtin/Utf8BinaryDispatch.applyValues;org/weakref/nitro/function/scalar/builtin/Utf8BinaryDispatch.applyContainsFlatSingleNeedle 3
/usr/lib/x86_64-linux-gnu/libc.so.6;/usr/lib/x86_64-linux-gnu/libc.so.6;thread_native_entry;Thread::call_run;JavaThread::thread_main_inner;CompileBroker::compiler_thread_loop;CompileBroker::invoke_compiler_on_method;C2Compiler::compile_method;Compile::Compile;Compile::Optimize;PhaseRenumberLive::PhaseRenumberLive;PhaseRemoveUseless::PhaseRemoveUseless;Compile::identify_useful_nodes 1
java/lang/Thread.run;java/lang/Thread.runWith;java/util/concurrent/ThreadPoolExecutor$Worker.run;java/util/concurrent/ThreadPoolExecutor.runWorker;java/util/concurrent/FutureTask.run;java/util/concurrent/Executors$RunnableAdapter.call;java/util/concurrent/FutureTask.run;org/openjdk/jmh/runner/BenchmarkHandler$BenchmarkTask.call;org/openjdk/jmh/runner/BenchmarkHandler$BenchmarkTask.call;java/lang/reflect/Method.invoke;jdk/internal/reflect/DirectMethodHandleAccessor.invoke;jdk/internal/reflect/DirectMethodHandleAccessor.invokeImpl;java/lang/invoke/LambdaForm$MH.0x0000000063061400.invokeExact_MT;java/lang/invoke/LambdaForm$MH.0x0000000063061000.invoke;java/lang/invoke/DirectMethodHandle$Holder.invokeSpecial;org/weakref/nitro/clickbench/jmh_generated/BenchmarkQueries_query22_jmhTest.query22_AverageTime;org/weakref/nitro/clickbench/jmh_generated/BenchmarkQueries_query22_jmhTest.query22_avgt_jmhStub;org/weakref/nitro/clickbench/BenchmarkQueries.query22;org/weakref/nitro/clickbench/BenchmarkQueries.consume;org/weakref/nitro/operator/TopNOperator.next;org/weakref/nitro/operator/TopNOperator.computeTopN;org/weakref/nitro/operator/GroupedAggregationOperator.next;org/weakref/nitro/operator/GroupedAggregationOperator.computeResults;org/weakref/nitro/operator/GroupOperator.next;org/weakref/nitro/operator/FilterOperator.next;org/weakref/nitro/operator/evaluator/PlanEvaluator.evaluateInPlace;org/weakref/nitro/operator/evaluator/PlanEvaluator.evaluateTrueMaskInPlace;org/weakref/nitro/operator/evaluator/PlanEvaluator.evaluateAdaptiveAndTrueMaskInPlace;org/weakref/nitro/operator/evaluator/PlanEvaluator.evaluateMeasuredTrueMaskInPlace;org/weakref/nitro/operator/evaluator/PlanEvaluator.evaluateTrueMaskInPlace;org/weakref/nitro/operator/evaluator/PlanEvaluator.evaluateFalseMaskInPlace;org/weakref/nitro/operator/evaluator/PlanEvaluator.tryEvaluatePrimitiveFalseMaskInPlace;org/weakref/nitro/operator/evaluator/PlanEvaluator.tryEvaluatePrimitiveMaskInPlace;org/weakref/nitro/operator/evaluator/PlanEvaluator.resolveMaskPrimitiveInvocation;org/weakref/nitro/operator/evaluator/PlanEvaluator.evaluateArgument;org/weakref/nitro/operator/FilterOperator$1.resolve;org/weakref/nitro/operator/Output.borrowOrNull;org/weakref/nitro/operator/Output.borrow;org/weakref/nitro/operator/Output.borrow;org/weakref/nitro/operator/NitroParquetScanOperator$ScanOutputResolver$$Lambda.0x00000000630aab88.apply;org/weakref/nitro/operator/NitroParquetScanOperator$ScanOutputResolver.resolve;org/weakref/nitro/operator/NitroParquetScanOperator.resolveLazyColumn;org/weakref/nitro/operator/NitroParquetScanOperator.decodeFullColumn;org/weakref/nitro/parquet/ColumnReader.readBinary;org/weakref/nitro/parquet/ColumnReader.readBinaryDirect;org/weakref/nitro/parquet/ColumnReader.decodeNextDataPage;org/weakref/nitro/parquet/ColumnReader.decompress;io/airlift/compress/v3/snappy/SnappyNativeDecompressor.decompress;io/airlift/compress/v3/snappy/SnappyNative.decompress;io/airlift/compress/v3/snappy/SnappyNative.decompressInternal;java/lang/invoke/LambdaForm$MH.0x000000006311c400.invokeExact_MT;java/lang/invoke/LambdaForm$MH.0x0000000063134000.invoke;java/lang/invoke/LambdaForm$DMH.0x00000000630b1400.invokeStatic;jdk/internal/foreign/abi/DowncallStub.0x00000000630b1000.invoke;java/lang/invoke/LambdaForm$MH.0x000000006311d000.invokeExact_MT;java/lang/invoke/LambdaForm$MH.0x0000000063134400.invoke;nep_invoker_blob;snappy_uncompress;snappy::RawUncompress;snappy::RawUncompress;void snappy::SnappyDecompressor::DecompressAllTags<snappy::SnappyArrayWriter>;std::pair<unsigned char const*, long> snappy::DecompressBranchless<char*> 30
java/lang/Thread.run;java/lang/Thread.runWith;java/util/concurrent/ThreadPoolExecutor$Worker.run;java/util/concurrent/ThreadPoolExecutor.runWorker;java/util/concurrent/FutureTask.run;java/util/concurrent/Executors$RunnableAdapter.call;java/util/concurrent/FutureTask.run;org/openjdk/jmh/runner/BenchmarkHandler$BenchmarkTask.call;org/openjdk/jmh/runner/BenchmarkHandler$BenchmarkTask.call;java/lang/reflect/Method.invoke;jdk/internal/reflect/DirectMethodHandleAccessor.invoke;jdk/internal/reflect/DirectMethodHandleAccessor.invokeImpl;java/lang/invoke/LambdaForm$MH.0x0000000063061400.invokeExact_MT;java/lang/invoke/LambdaForm$MH.0x0000000063061000.invoke;java/lang/invoke/DirectMethodHandle$Holder.invokeSpecial;org/weakref/nitro/clickbench/jmh_generated/BenchmarkQueries_query22_jmhTest.query22_AverageTime;org/weakref/nitro/clickbench/jmh_generated/BenchmarkQueries_query22_jmhTest.query22_avgt_jmhStub;org/weakref/nitro/clickbench/BenchmarkQueries.query22;org/weakref/nitro/clickbench/BenchmarkQueries.consume;org/weakref/nitro/operator/TopNOperator.next;org/weakref/nitro/operator/TopNOperator.computeTopN;org/weakref/nitro/operator/GroupedAggregationOperator.next;org/weakref/nitro/operator/GroupedAggregationOperator.computeResults;org/weakref/nitro/operator/GroupOperator.next;org/weakref/nitro/operator/FilterOperator.next;org/weakref/nitro/operator/evaluator/PlanEvaluator.evaluateInPlace;org/weakref/nitro/operator/evaluator/PlanEvaluator.evaluateTrueMaskInPlace;org/weakref/nitro/operator/evaluator/PlanEvaluator.evaluateAdaptiveAndTrueMaskInPlace;org/weakref/nitro/operator/evaluator/PlanEvaluator.evaluateMeasuredTrueMaskInPlace;org/weakref/nitro/operator/evaluator/PlanEvaluator.evaluateTrueMaskInPlace;org/weakref/nitro/operator/evaluator/PlanEvaluator.evaluateTrueReferenceMaskFallbackInPlace;org/weakref/nitro/operator/evaluator/PlanEvaluator.evaluate;org/weakref/nitro/operator/evaluator/PlanEvaluator.evaluateUnmemoized;org/weakref/nitro/operator/evaluator/PlanEvaluator.evaluateVariable;org/weakref/nitro/operator/evaluator/PlanEvaluator.evaluateCall;org/weakref/nitro/operator/evaluator/PlanEvaluator.evaluateArgument;org/weakref/nitro/operator/evaluator/PlanEvaluator.evaluate;org/weakref/nitro/operator/evaluator/PlanEvaluator.evaluateUnmemoized;org/weakref/nitro/operator/evaluator/PlanEvaluator.evaluateInput;org/weakref/nitro/operator/FilterOperator$1.resolve;org/weakref/nitro/operator/Output.borrowOrNull;org/weakref/nitro/operator/Output.borrow;org/weakref/nitro/operator/Output.borrow;org/weakref/nitro/operator/NitroParquetScanOperator$ScanOutputResolver$$Lambda.0x00000000630aab88.apply;org/weakref/nitro/operator/NitroParquetScanOperator$ScanOutputResolver.resolve;org/weakref/nitro/operator/NitroParquetScanOperator.resolveLazyColumn;org/weakref/nitro/operator/NitroParquetScanOperator.decodeFullColumn;org/weakref/nitro/parquet/ColumnReader.readBinary;org/weakref/nitro/parquet/ColumnReader.readBinaryDirect;org/weakref/nitro/parquet/ColumnReader.decodeNextDataPage;org/weakref/nitro/parquet/ColumnReader.decompress;io/airlift/compress/v3/snappy/SnappyNativeDecompressor.decompress;io/airlift/compress/v3/snappy/SnappyNative.decompress;io/airlift/compress/v3/snappy/SnappyNative.decompressInternal;java/lang/invoke/LambdaForm$MH.0x000000006311c400.invokeExact_MT;java/lang/invoke/LambdaForm$MH.0x0000000063134000.invoke;java/lang/invoke/LambdaForm$DMH.0x00000000630b1400.invokeStatic;jdk/internal/foreign/abi/DowncallStub.0x00000000630b1000.invoke;java/lang/invoke/LambdaForm$MH.0x000000006311d000.invokeExact_MT;java/lang/invoke/LambdaForm$MH.0x0000000063134400.invoke;nep_invoker_blob;snappy_uncompress;snappy::RawUncompress;snappy::RawUncompress;void snappy::SnappyDecompressor::DecompressAllTags<snappy::SnappyArrayWriter>;std::pair<unsigned char const*, long> snappy::DecompressBranchless<char*>;asm_exc_page_fault_[k];exc_page_fault_[k];do_user_addr_fault_[k];handle_mm_fault_[k];__handle_mm_fault_[k];handle_pte_fault_[k];do_fault_[k];do_read_fault_[k];filemap_map_pages_[k];next_uptodate_folio_[k] 1
java/lang/Thread.run;java/lang/Thread.runWith;java/util/concurrent/ThreadPoolExecutor$Worker.run;java/util/concurrent/ThreadPoolExecutor.runWorker;java/util/concurrent/FutureTask.run;java/util/concurrent/Executors$RunnableAdapter.call;java/util/concurrent/FutureTask.run;org/openjdk/jmh/runner/BenchmarkHandler$BenchmarkTask.call;org/openjdk/jmh/runner/BenchmarkHandler$BenchmarkTask.call;java/lang/reflect/Method.invoke;jdk/internal/reflect/DirectMethodHandleAccessor.invoke;jdk/internal/reflect/DirectMethodHandleAccessor.invokeImpl;java/lang/invoke/LambdaForm$MH.0x0000000063061400.invokeExact_MT;java/lang/invoke/LambdaForm$MH.0x0000000063061000.invoke;java/lang/invoke/DirectMethodHandle$Holder.invokeSpecial;org/weakref/nitro/clickbench/jmh_generated/BenchmarkQueries_query22_jmhTest.query22_AverageTime;org/weakref/nitro/clickbench/jmh_generated/BenchmarkQueries_query22_jmhTest.query22_avgt_jmhStub;org/weakref/nitro/clickbench/BenchmarkQueries.query22;org/weakref/nitro/clickbench/BenchmarkQueries.consume;org/weakref/nitro/operator/TopNOperator.next;org/weakref/nitro/operator/TopNOperator.computeTopN;org/weakref/nitro/operator/GroupedAggregationOperator.next;org/weakref/nitro/operator/GroupedAggregationOperator.computeResults;org/weakref/nitro/operator/GroupOperator.next;org/weakref/nitro/operator/FilterOperator.next;org/weakref/nitro/operator/evaluator/PlanEvaluator.evaluateInPlace;org/weakref/nitro/operator/evaluator/PlanEvaluator.evaluateTrueMaskInPlace;org/weakref/nitro/operator/evaluator/PlanEvaluator.evaluateAdaptiveAndTrueMaskInPlace;org/weakref/nitro/operator/evaluator/PlanEvaluator.evaluateMeasuredTrueMaskInPlace;org/weakref/nitro/operator/evaluator/PlanEvaluator.evaluateTrueMaskInPlace;org/weakref/nitro/operator/evaluator/PlanEvaluator.evaluateTrueReferenceMaskFallbackInPlace;org/weakref/nitro/operator/evaluator/PlanEvaluator.optionalBooleanStream;org/weakref/nitro/operator/evaluator/PlanEvaluator.evaluate;org/weakref/nitro/operator/evaluator/PlanEvaluator.evaluateUnmemoized;org/weakref/nitro/operator/evaluator/PlanEvaluator.evaluateVariable;org/weakref/nitro/operator/evaluator/PlanEvaluator.evaluateCall;org/weakref/nitro/operator/evaluator/PlanEvaluator.completeRequestedStreams;org/weakref/nitro/operator/evaluator/PlanEvaluator.allocateAllFalse;org/weakref/nitro/data/Allocator.allocate;org/weakref/nitro/data/Allocator.allocatePooled;org/weakref/nitro/data/Allocator$ContextState.borrowVector;java/util/TreeMap.ceilingEntry;java/util/TreeMap.getCeilingEntry 1
java/lang/Thread.run;java/lang/Thread.runWith;java/util/concurrent/ThreadPoolExecutor$Worker.run;java/util/concurrent/ThreadPoolExecutor.runWorker;java/util/concurrent/FutureTask.run;java/util/concurrent/Executors$RunnableAdapter.call;java/util/concurrent/FutureTask.run;org/openjdk/jmh/runner/BenchmarkHandler$BenchmarkTask.call;org/openjdk/jmh/runner/BenchmarkHandler$BenchmarkTask.call;java/lang/reflect/Method.invoke;jdk/internal/reflect/DirectMethodHandleAccessor.invoke;jdk/internal/reflect/DirectMethodHandleAccessor.invokeImpl;java/lang/invoke/LambdaForm$MH.0x0000000063061400.invokeExact_MT;java/lang/invoke/LambdaForm$MH.0x0000000063061000.invoke;java/lang/invoke/DirectMethodHandle$Holder.invokeSpecial;org/weakref/nitro/clickbench/jmh_generated/BenchmarkQueries_query22_jmhTest.query22_AverageTime;org/weakref/nitro/clickbench/jmh_generated/BenchmarkQueries_query22_jmhTest.query22_avgt_jmhStub;org/weakref/nitro/clickbench/BenchmarkQueries.query22;org/weakref/nitro/clickbench/BenchmarkQueries.consume;org/weakref/nitro/operator/TopNOperator.next;org/weakref/nitro/operator/TopNOperator.computeTopN;org/weakref/nitro/operator/GroupedAggregationOperator.next;org/weakref/nitro/operator/GroupedAggregationOperator.computeResults;org/weakref/nitro/operator/GroupOperator.next;org/weakref/nitro/operator/FilterOperator.next;org/weakref/nitro/operator/evaluator/PlanEvaluator.evaluateInPlace;org/weakref/nitro/operator/evaluator/PlanEvaluator.evaluateTrueMaskInPlace;org/weakref/nitro/operator/evaluator/PlanEvaluator.evaluateAdaptiveAndTrueMaskInPlace;org/weakref/nitro/operator/evaluator/PlanEvaluator.evaluateMeasuredTrueMaskInPlace;org/weakref/nitro/operator/evaluator/PlanEvaluator.evaluateTrueMaskInPlace;org/weakref/nitro/operator/evaluator/PlanEvaluator.evaluateTrueReferenceMaskFallbackInPlace;org/weakref/nitro/operator/evaluator/PlanEvaluator.evaluate;org/weakref/nitro/operator/evaluator/PlanEvaluator.evaluateUnmemoized;org/weakref/nitro/operator/evaluator/PlanEvaluator.evaluateVariable;org/weakref/nitro/operator/evaluator/PlanEvaluator.evaluateCall;org/weakref/nitro/operator/evaluator/PlanEvaluator.evaluateArgument;org/weakref/nitro/operator/evaluator/PlanEvaluator.evaluate;org/weakref/nitro/operator/evaluator/PlanEvaluator.evaluateUnmemoized;org/weakref/nitro/operator/evaluator/PlanEvaluator.evaluateInput;org/weakref/nitro/operator/FilterOperator$1.resolve;org/weakref/nitro/operator/Output.borrowOrNull;org/weakref/nitro/operator/Output.borrow;org/weakref/nitro/operator/Output.borrow;org/weakref/nitro/operator/NitroParquetScanOperator$ScanOutputResolver$$Lambda.0x00000000630aab88.apply;org/weakref/nitro/operator/NitroParquetScanOperator$ScanOutputResolver.resolve;org/weakref/nitro/operator/NitroParquetScanOperator.resolveLazyColumn;org/weakref/nitro/operator/NitroParquetScanOperator.decodeFullColumn;org/weakref/nitro/parquet/ColumnReader.readBinary;org/weakref/nitro/parquet/ColumnReader.readBinaryDirect;org/weakref/nitro/parquet/ColumnReader.decodeNextDataPage;org/weakref/nitro/parquet/ColumnReader.decompress;io/airlift/compress/v3/snappy/SnappyNativeDecompressor.decompress;io/airlift/compress/v3/snappy/SnappyNative.decompress;io/airlift/compress/v3/snappy/SnappyNative.decompressInternal;java/lang/invoke/LambdaForm$MH.0x000000006311c400.invokeExact_MT;java/lang/invoke/LambdaForm$MH.0x0000000063134000.invoke;java/lang/invoke/LambdaForm$DMH.0x00000000630b1400.invokeStatic;jdk/internal/foreign/abi/DowncallStub.0x00000000630b1000.invoke;java/lang/invoke/LambdaForm$MH.0x000000006311d000.invokeExact_MT;java/lang/invoke/LambdaForm$MH.0x0000000063134400.invoke;nep_invoker_blob;snappy_uncompress;snappy::RawUncompress;snappy::RawUncompress;void snappy::SnappyDecompressor::DecompressAllTags<snappy::SnappyArrayWriter>;std::pair<unsigned char const*, long> snappy::DecompressBranchless<char*>;asm_exc_page_fault_[k];exc_page_fault_[k];do_user_addr_fault_[k] 1
java/lang/Thread.run;java/lang/Thread.runWith;java/util/concurrent/ThreadPoolExecutor$Worker.run;java/util/concurrent/ThreadPoolExecutor.runWorker;java/util/concurrent/FutureTask.run;java/util/concurrent/Executors$RunnableAdapter.call;java/util/concurrent/FutureTask.run;org/openjdk/jmh/runner/BenchmarkHandler$BenchmarkTask.call;org/openjdk/jmh/runner/BenchmarkHandler$BenchmarkTask.call;java/lang/reflect/Method.invoke;jdk/internal/reflect/DirectMethodHandleAccessor.invoke;jdk/internal/reflect/DirectMethodHandleAccessor.invokeImpl;java/lang/invoke/LambdaForm$MH.0x0000000063061400.invokeExact_MT;java/lang/invoke/LambdaForm$MH.0x0000000063061000.invoke;java/lang/invoke/DirectMethodHandle$Holder.invokeSpecial;org/weakref/nitro/clickbench/jmh_generated/BenchmarkQueries_query22_jmhTest.query22_AverageTime;org/weakref/nitro/clickbench/jmh_generated/BenchmarkQueries_query22_jmhTest.query22_avgt_jmhStub;org/weakref/nitro/clickbench/BenchmarkQueries.query22;org/weakref/nitro/clickbench/BenchmarkQueries.consume;org/weakref/nitro/operator/TopNOperator.next;org/weakref/nitro/operator/TopNOperator.computeTopN;org/weakref/nitro/operator/GroupedAggregationOperator.next;org/weakref/nitro/operator/GroupedAggregationOperator.computeResults;org/weakref/nitro/operator/GroupOperator.next;org/weakref/nitro/operator/FilterOperator.next;org/weakref/nitro/operator/evaluator/PlanEvaluator.evaluateInPlace;org/weakref/nitro/operator/evaluator/PlanEvaluator.evaluateTrueMaskInPlace;org/weakref/nitro/operator/evaluator/PlanEvaluator.evaluateAdaptiveAndTrueMaskInPlace;org/weakref/nitro/operator/evaluator/PlanEvaluator.evaluateMeasuredTrueMaskInPlace;org/weakref/nitro/operator/evaluator/PlanEvaluator.evaluateTrueMaskInPlace;org/weakref/nitro/operator/evaluator/PlanEvaluator.evaluateFalseMaskInPlace;org/weakref/nitro/operator/evaluator/PlanEvaluator.tryEvaluatePrimitiveFalseMaskInPlace;org/weakref/nitro/operator/evaluator/PlanEvaluator.tryEvaluatePrimitiveMaskInPlace;org/weakref/nitro/function/scalar/builtin/EqualUtf8.tryEvaluateFalseMaskInPlace;org/weakref/nitro/function/scalar/builtin/Utf8BinaryDispatch.tryEvaluateEqualsFalseMaskInPlace;org/weakref/nitro/function/scalar/builtin/Utf8BinaryDispatch.tryEvaluateEqualsMaskInPlace;org/weakref/nitro/function/scalar/builtin/Utf8BinaryDispatch.tryEvaluateInSetMaskInPlace;org/weakref/nitro/function/scalar/builtin/Utf8BinaryDispatch.tryRetainFlatPackedShortInSet;org/weakref/nitro/function/scalar/builtin/Utf8BinaryDispatch.commonPackedLiteralLength 2
java/lang/Thread.run;java/lang/Thread.runWith;java/util/concurrent/ThreadPoolExecutor$Worker.run;java/util/concurrent/ThreadPoolExecutor.runWorker;java/util/concurrent/FutureTask.run;java/util/concurrent/Executors$RunnableAdapter.call;java/util/concurrent/FutureTask.run;org/openjdk/jmh/runner/BenchmarkHandler$BenchmarkTask.call;org/openjdk/jmh/runner/BenchmarkHandler$BenchmarkTask.call;java/lang/reflect/Method.invoke;jdk/internal/reflect/DirectMethodHandleAccessor.invoke;jdk/internal/reflect/DirectMethodHandleAccessor.invokeImpl;java/lang/invoke/LambdaForm$MH.0x0000000063061400.invokeExact_MT;java/lang/invoke/LambdaForm$MH.0x0000000063061000.invoke;java/lang/invoke/DirectMethodHandle$Holder.invokeSpecial;org/weakref/nitro/clickbench/jmh_generated/BenchmarkQueries_query22_jmhTest.query22_AverageTime;org/weakref/nitro/clickbench/jmh_generated/BenchmarkQueries_query22_jmhTest.query22_avgt_jmhStub;org/weakref/nitro/clickbench/BenchmarkQueries.query22;org/weakref/nitro/clickbench/BenchmarkQueries.consume;org/weakref/nitro/operator/TopNOperator.next;org/weakref/nitro/operator/TopNOperator.computeTopN;org/weakref/nitro/operator/GroupedAggregationOperator.next;org/weakref/nitro/operator/GroupedAggregationOperator.computeResults;org/weakref/nitro/operator/GroupOperator.next;org/weakref/nitro/operator/FilterOperator.next;org/weakref/nitro/operator/evaluator/PlanEvaluator.evaluateInPlace;org/weakref/nitro/operator/evaluator/PlanEvaluator.evaluateTrueMaskInPlace;org/weakref/nitro/operator/evaluator/PlanEvaluator.evaluateAdaptiveAndTrueMaskInPlace;org/weakref/nitro/operator/evaluator/PlanEvaluator.evaluateMeasuredTrueMaskInPlace;org/weakref/nitro/operator/evaluator/PlanEvaluator.evaluateTrueMaskInPlace;org/weakref/nitro/operator/evaluator/PlanEvaluator.evaluateTrueReferenceMaskFallbackInPlace;org/weakref/nitro/operator/evaluator/PlanEvaluator.optionalBooleanStream;org/weakref/nitro/operator/evaluator/PlanEvaluator.evaluate;org/weakref/nitro/operator/evaluator/PlanEvaluator.evaluateUnmemoized;org/weakref/nitro/operator/evaluator/PlanEvaluator.evaluateVariable;org/weakref/nitro/operator/evaluator/PlanEvaluator.evaluateCall;org/weakref/nitro/operator/evaluator/PlanEvaluator.evaluateArgument;org/weakref/nitro/operator/evaluator/PlanEvaluator.evaluate;org/weakref/nitro/operator/evaluator/PlanEvaluator.evaluateUnmemoized;org/weakref/nitro/operator/evaluator/PlanEvaluator.evaluateVariable;org/weakref/nitro/operator/evaluator/PlanEvaluator.evaluateLiteral;org/weakref/nitro/operator/evaluator/PlanEvaluator.fillUtf8;org/weakref/nitro/data/BinaryVector.allocate;org/weakref/nitro/data/Allocator.allocatePooled;org/weakref/nitro/data/Allocator$ContextState.borrowVector;itable stub 1
java/lang/Thread.run;java/lang/Thread.runWith;java/util/concurrent/ThreadPoolExecutor$Worker.run;java/util/concurrent/ThreadPoolExecutor.runWorker;java/util/concurrent/FutureTask.run;java/util/concurrent/Executors$RunnableAdapter.call;java/util/concurrent/FutureTask.run;org/openjdk/jmh/runner/BenchmarkHandler$BenchmarkTask.call;org/openjdk/jmh/runner/BenchmarkHandler$BenchmarkTask.call;java/lang/reflect/Method.invoke;jdk/internal/reflect/DirectMethodHandleAccessor.invoke;jdk/internal/reflect/DirectMethodHandleAccessor.invokeImpl;java/lang/invoke/LambdaForm$MH.0x0000000063061400.invokeExact_MT;java/lang/invoke/LambdaForm$MH.0x0000000063061000.invoke;java/lang/invoke/DirectMethodHandle$Holder.invokeSpecial;org/weakref/nitro/clickbench/jmh_generated/BenchmarkQueries_query22_jmhTest.query22_AverageTime;org/weakref/nitro/clickbench/jmh_generated/BenchmarkQueries_query22_jmhTest.query22_avgt_jmhStub;org/weakref/nitro/clickbench/BenchmarkQueries.query22;org/weakref/nitro/clickbench/ClickBenchHitsSupport.query22;org/weakref/nitro/clickbench/ClickBenchHitsSupport.clickBenchScan;org/weakref/nitro/operator/NitroParquetScanOperator.<init>;java/util/stream/ReferencePipeline.toArray;java/util/stream/AbstractPipeline.evaluateToArrayNode;java/util/stream/AbstractPipeline.evaluate;java/util/stream/AbstractPipeline.wrapAndCopyInto;java/util/stream/AbstractPipeline.copyInto;java/util/AbstractList$RandomAccessSpliterator.forEachRemaining;java/util/stream/ReferencePipeline$3$1.accept;org/weakref/nitro/operator/NitroParquetScanOperator$$Lambda.0x00000000630837a8.apply;org/weakref/nitro/parquet/ParquetFile.open;org/weakref/nitro/parquet/ParquetFile.<init>;org/apache/parquet/format/Util.readFileMetaData;org/apache/parquet/format/Util.readFileMetaData;org/apache/parquet/format/Util.read;org/apache/parquet/format/FileMetaData.read;org/apache/parquet/format/FileMetaData$FileMetaDataStandardScheme.read;org/apache/parquet/format/FileMetaData$FileMetaDataStandardScheme.read;org/apache/parquet/format/RowGroup.read;org/apache/parquet/format/RowGroup$RowGroupStandardScheme.read;org/apache/parquet/format/RowGroup$RowGroupStandardScheme.read;org/apache/parquet/format/ColumnChunk.read;org/apache/parquet/format/ColumnChunk$ColumnChunkStandardScheme.read;org/apache/parquet/format/ColumnChunk$ColumnChunkStandardScheme.read;org/apache/parquet/format/ColumnMetaData.read;org/apache/parquet/format/ColumnMetaData$ColumnMetaDataStandardScheme.read;org/apache/parquet/format/ColumnMetaData$ColumnMetaDataStandardScheme.read;org/apache/parquet/format/Statistics.read;org/apache/parquet/format/Statistics$StatisticsStandardScheme.read;org/apache/parquet/format/Statistics$StatisticsStandardScheme.read 1
java/lang/Thread.run;java/lang/Thread.runWith;java/util/concurrent/ThreadPoolExecutor$Worker.run;java/util/concurrent/ThreadPoolExecutor.runWorker;java/util/concurrent/FutureTask.run;java/util/concurrent/Executors$RunnableAdapter.call;java/util/concurrent/FutureTask.run;org/openjdk/jmh/runner/BenchmarkHandler$BenchmarkTask.call;org/openjdk/jmh/runner/BenchmarkHandler$BenchmarkTask.call;java/lang/reflect/Method.invoke;jdk/internal/reflect/DirectMethodHandleAccessor.invoke;jdk/internal/reflect/DirectMethodHandleAccessor.invokeImpl;java/lang/invoke/LambdaForm$MH.0x0000000063061400.invokeExact_MT;java/lang/invoke/LambdaForm$MH.0x0000000063061000.invoke;java/lang/invoke/DirectMethodHandle$Holder.invokeSpecial;org/weakref/nitro/clickbench/jmh_generated/BenchmarkQueries_query22_jmhTest.query22_AverageTime;org/weakref/nitro/clickbench/jmh_generated/BenchmarkQueries_query22_jmhTest.query22_avgt_jmhStub;org/weakref/nitro/clickbench/BenchmarkQueries.query22;org/weakref/nitro/clickbench/BenchmarkQueries.consume;org/weakref/nitro/operator/TopNOperator.next;org/weakref/nitro/operator/TopNOperator.computeTopN;org/weakref/nitro/operator/GroupedAggregationOperator.next;org/weakref/nitro/operator/GroupedAggregationOperator.computeResults;org/weakref/nitro/operator/GroupOperator.next;org/weakref/nitro/operator/FilterOperator.next;org/weakref/nitro/operator/evaluator/PlanEvaluator.evaluateInPlace;org/weakref/nitro/operator/evaluator/PlanEvaluator.evaluateTrueMaskInPlace;org/weakref/nitro/operator/evaluator/PlanEvaluator.evaluateAdaptiveAndTrueMaskInPlace;org/weakref/nitro/operator/evaluator/PlanEvaluator.evaluateMeasuredTrueMaskInPlace;org/weakref/nitro/operator/evaluator/PlanEvaluator.evaluateTrueMaskInPlace;org/weakref/nitro/operator/evaluator/PlanEvaluator.evaluateTrueReferenceMaskFallbackInPlace;org/weakref/nitro/operator/evaluator/PlanEvaluator.evaluate;org/weakref/nitro/operator/evaluator/PlanEvaluator.evaluateUnmemoized;org/weakref/nitro/operator/evaluator/PlanEvaluator.evaluateVariable;org/weakref/nitro/operator/evaluator/PlanEvaluator.evaluateCall;org/weakref/nitro/function/scalar/builtin/ContainsUtf8.apply;org/weakref/nitro/function/scalar/builtin/Utf8BinaryDispatch.applyContains;org/weakref/nitro/function/scalar/builtin/Utf8BinaryDispatch.apply;org/weakref/nitro/function/scalar/builtin/Utf8BinaryDispatch.applyValues;org/weakref/nitro/function/scalar/builtin/Utf8BinaryDispatch.applyContainsDictionarySingleNeedle;org/weakref/nitro/function/scalar/builtin/Utf8BinaryDispatch.binaryContains;org/weakref/nitro/function/scalar/builtin/Utf8BinaryDispatch.binaryContainsVectorized;org/weakref/nitro/function/scalar/builtin/Utf8BinaryDispatch.binaryContainsVectorizedChunk;jdk/incubator/vector/Byte512Vector$Byte512Mask.toLong 14
java/lang/Thread.run;java/lang/Thread.runWith;java/util/concurrent/ThreadPoolExecutor$Worker.run;java/util/concurrent/ThreadPoolExecutor.runWorker;java/util/concurrent/FutureTask.run;java/util/concurrent/Executors$RunnableAdapter.call;java/util/concurrent/FutureTask.run;org/openjdk/jmh/runner/BenchmarkHandler$BenchmarkTask.call;org/openjdk/jmh/runner/BenchmarkHandler$BenchmarkTask.call;java/lang/reflect/Method.invoke;jdk/internal/reflect/DirectMethodHandleAccessor.invoke;jdk/internal/reflect/DirectMethodHandleAccessor.invokeImpl;java/lang/invoke/LambdaForm$MH.0x0000000063061400.invokeExact_MT;java/lang/invoke/LambdaForm$MH.0x0000000063061000.invoke;java/lang/invoke/DirectMethodHandle$Holder.invokeSpecial;org/weakref/nitro/clickbench/jmh_generated/BenchmarkQueries_query22_jmhTest.query22_AverageTime;org/weakref/nitro/clickbench/jmh_generated/BenchmarkQueries_query22_jmhTest.query22_avgt_jmhStub;org/weakref/nitro/clickbench/BenchmarkQueries.query22;org/weakref/nitro/clickbench/BenchmarkQueries.consume;org/weakref/nitro/operator/TopNOperator.next;org/weakref/nitro/operator/TopNOperator.computeTopN;org/weakref/nitro/operator/GroupedAggregationOperator.next;org/weakref/nitro/operator/GroupedAggregationOperator.computeResults;org/weakref/nitro/operator/GroupOperator.next;org/weakref/nitro/operator/FilterOperator.next;org/weakref/nitro/operator/evaluator/PlanEvaluator.evaluateInPlace;org/weakref/nitro/operator/evaluator/PlanEvaluator.evaluateTrueMaskInPlace;org/weakref/nitro/operator/evaluator/PlanEvaluator.evaluateAdaptiveAndTrueMaskInPlace;org/weakref/nitro/operator/evaluator/PlanEvaluator.evaluateMeasuredTrueMaskInPlace;org/weakref/nitro/operator/evaluator/PlanEvaluator.evaluateTrueMaskInPlace;org/weakref/nitro/operator/evaluator/PlanEvaluator.evaluateTrueReferenceMaskFallbackInPlace;org/weakref/nitro/operator/evaluator/PlanEvaluator.evaluate;org/weakref/nitro/operator/evaluator/PlanEvaluator.evaluateUnmemoized;org/weakref/nitro/operator/evaluator/PlanEvaluator.evaluateVariable;org/weakref/nitro/operator/evaluator/PlanEvaluator.evaluateCall;org/weakref/nitro/operator/evaluator/PlanEvaluator.evaluateArgument;org/weakref/nitro/operator/evaluator/PlanEvaluator.evaluate;org/weakref/nitro/operator/evaluator/PlanEvaluator.evaluateUnmemoized;org/weakref/nitro/operator/evaluator/PlanEvaluator.evaluateInput;org/weakref/nitro/operator/FilterOperator$1.resolve;org/weakref/nitro/operator/Output.borrowOrNull;org/weakref/nitro/operator/Output.borrow;org/weakref/nitro/operator/Output.borrow;org/weakref/nitro/operator/NitroParquetScanOperator$ScanOutputResolver$$Lambda.0x00000000630aab88.apply;org/weakref/nitro/operator/NitroParquetScanOperator$ScanOutputResolver.resolve;org/weakref/nitro/operator/NitroParquetScanOperator.resolveLazyColumn;org/weakref/nitro/operator/NitroParquetScanOperator.decodeFullColumn;org/weakref/nitro/parquet/ColumnReader.readBinary;org/weakref/nitro/parquet/ColumnReader.readBinaryDirect;org/weakref/nitro/parquet/ColumnReader.decodeNextDataPage;org/weakref/nitro/parquet/ColumnReader.decompress;io/airlift/compress/v3/snappy/SnappyNativeDecompressor.decompress;io/airlift/compress/v3/snappy/SnappyNative.decompress;io/airlift/compress/v3/snappy/SnappyNative.decompressInternal;java/lang/invoke/LambdaForm$MH.0x000000006311c400.invokeExact_MT;java/lang/invoke/LambdaForm$MH.0x0000000063134000.invoke;java/lang/invoke/LambdaForm$DMH.0x00000000630b1400.invokeStatic;jdk/internal/foreign/abi/DowncallStub.0x00000000630b1000.invoke;java/lang/invoke/LambdaForm$MH.0x000000006311d000.invokeExact_MT;java/lang/invoke/LambdaForm$MH.0x0000000063134400.invoke;nep_invoker_blob;snappy_uncompress;snappy::RawUncompress;snappy::RawUncompress;void snappy::SnappyDecompressor::DecompressAllTags<snappy::SnappyArrayWriter>;std::pair<unsigned char const*, long> snappy::DecompressBranchless<char*>;snappy::MemCopy64;/usr/lib/x86_64-linux-gnu/libc.so.6 5
java/lang/Thread.run;java/lang/Thread.runWith;java/util/concurrent/ThreadPoolExecutor$Worker.run;java/util/concurrent/ThreadPoolExecutor.runWorker;java/util/concurrent/FutureTask.run;java/util/concurrent/Executors$RunnableAdapter.call;java/util/concurrent/FutureTask.run;org/openjdk/jmh/runner/BenchmarkHandler$BenchmarkTask.call;org/openjdk/jmh/runner/BenchmarkHandler$BenchmarkTask.call;java/lang/reflect/Method.invoke;jdk/internal/reflect/DirectMethodHandleAccessor.invoke;jdk/internal/reflect/DirectMethodHandleAccessor.invokeImpl;java/lang/invoke/LambdaForm$MH.0x0000000063061400.invokeExact_MT;java/lang/invoke/LambdaForm$MH.0x0000000063061000.invoke;java/lang/invoke/DirectMethodHandle$Holder.invokeSpecial;org/weakref/nitro/clickbench/jmh_generated/BenchmarkQueries_query22_jmhTest.query22_AverageTime;org/weakref/nitro/clickbench/jmh_generated/BenchmarkQueries_query22_jmhTest.query22_avgt_jmhStub;org/weakref/nitro/clickbench/BenchmarkQueries.query22;org/weakref/nitro/clickbench/BenchmarkQueries.consume;org/weakref/nitro/operator/TopNOperator.next;org/weakref/nitro/operator/TopNOperator.computeTopN;org/weakref/nitro/operator/GroupedAggregationOperator.next;org/weakref/nitro/operator/GroupedAggregationOperator.computeResults;org/weakref/nitro/operator/GroupOperator.next;org/weakref/nitro/operator/FilterOperator.next;org/weakref/nitro/operator/evaluator/PlanEvaluator.evaluateInPlace;org/weakref/nitro/operator/evaluator/PlanEvaluator.evaluateTrueMaskInPlace;org/weakref/nitro/operator/evaluator/PlanEvaluator.evaluateAdaptiveAndTrueMaskInPlace;org/weakref/nitro/operator/evaluator/PlanEvaluator.evaluateMeasuredTrueMaskInPlace;org/weakref/nitro/operator/evaluator/PlanEvaluator.evaluateTrueMaskInPlace;org/weakref/nitro/operator/evaluator/PlanEvaluator.evaluateFalseMaskInPlace;org/weakref/nitro/operator/evaluator/PlanEvaluator.tryEvaluatePrimitiveFalseMaskInPlace;org/weakref/nitro/operator/evaluator/PlanEvaluator.tryEvaluatePrimitiveMaskInPlace;org/weakref/nitro/operator/evaluator/PlanEvaluator.resolveMaskPrimitiveInvocation;org/weakref/nitro/operator/evaluator/PlanEvaluator.evaluateArgument;org/weakref/nitro/operator/FilterOperator$1.resolve;org/weakref/nitro/operator/Output.borrowOrNull;org/weakref/nitro/operator/Output.borrow;org/weakref/nitro/operator/Output.borrow;org/weakref/nitro/operator/NitroParquetScanOperator$ScanOutputResolver$$Lambda.0x00000000630aab88.apply;org/weakref/nitro/operator/NitroParquetScanOperator$ScanOutputResolver.resolve;org/weakref/nitro/operator/NitroParquetScanOperator.resolveLazyColumn;org/weakref/nitro/operator/NitroParquetScanOperator.decodeFullColumn;org/weakref/nitro/parquet/ColumnReader.readBinary;org/weakref/nitro/parquet/ColumnReader.readBinaryDirect;org/weakref/nitro/parquet/ColumnReader.decodeNextDataPage;org/weakref/nitro/parquet/ColumnReader.decodeDataPageV1;jdk/internal/foreign/AbstractMemorySegmentImpl.get;java/lang/invoke/VarHandleGuards.guard_LJ_I;java/lang/invoke/VarHandleSegmentAsInts.get;java/lang/invoke/VarHandleSegmentAsInts.get;jdk/internal/misc/ScopedMemoryAccess.getIntUnaligned;jdk/internal/misc/ScopedMemoryAccess.getIntUnalignedInternal;jdk/internal/foreign/MemorySessionImpl.checkValidStateRaw 1
java/lang/Thread.run;java/lang/Thread.runWith;java/util/concurrent/ThreadPoolExecutor$Worker.run;java/util/concurrent/ThreadPoolExecutor.runWorker;java/util/concurrent/FutureTask.run;java/util/concurrent/Executors$RunnableAdapter.call;java/util/concurrent/FutureTask.run;org/openjdk/jmh/runner/BenchmarkHandler$BenchmarkTask.call;org/openjdk/jmh/runner/BenchmarkHandler$BenchmarkTask.call;java/lang/reflect/Method.invoke;jdk/internal/reflect/DirectMethodHandleAccessor.invoke;jdk/internal/reflect/DirectMethodHandleAccessor.invokeImpl;java/lang/invoke/LambdaForm$MH.0x0000000063061400.invokeExact_MT;java/lang/invoke/LambdaForm$MH.0x0000000063061000.invoke;java/lang/invoke/DirectMethodHandle$Holder.invokeSpecial;org/weakref/nitro/clickbench/jmh_generated/BenchmarkQueries_query22_jmhTest.query22_AverageTime;org/weakref/nitro/clickbench/jmh_generated/BenchmarkQueries_query22_jmhTest.query22_avgt_jmhStub;org/weakref/nitro/clickbench/BenchmarkQueries.query22;org/weakref/nitro/clickbench/BenchmarkQueries.consume;org/weakref/nitro/operator/TopNOperator.next;org/weakref/nitro/operator/TopNOperator.computeTopN;org/weakref/nitro/operator/GroupedAggregationOperator.next;org/weakref/nitro/operator/GroupedAggregationOperator.computeResults;org/weakref/nitro/operator/GroupOperator.next;org/weakref/nitro/operator/FilterOperator.next;org/weakref/nitro/operator/evaluator/PlanEvaluator.evaluateInPlace;org/weakref/nitro/operator/evaluator/PlanEvaluator.evaluateTrueMaskInPlace;org/weakref/nitro/operator/evaluator/PlanEvaluator.evaluateAdaptiveAndTrueMaskInPlace;org/weakref/nitro/operator/evaluator/PlanEvaluator.evaluateMeasuredTrueMaskInPlace;org/weakref/nitro/operator/evaluator/PlanEvaluator.evaluateTrueMaskInPlace;org/weakref/nitro/operator/evaluator/PlanEvaluator.evaluateFalseMaskInPlace;org/weakref/nitro/operator/evaluator/PlanEvaluator.tryEvaluatePrimitiveFalseMaskInPlace;org/weakref/nitro/operator/evaluator/PlanEvaluator.tryEvaluatePrimitiveMaskInPlace;org/weakref/nitro/operator/evaluator/PlanEvaluator.resolveMaskPrimitiveInvocation;org/weakref/nitro/operator/evaluator/PlanEvaluator.evaluateArgument;org/weakref/nitro/operator/FilterOperator$1.resolve;org/weakref/nitro/operator/Output.borrowOrNull;org/weakref/nitro/operator/Output.borrow;org/weakref/nitro/operator/Output.borrow;org/weakref/nitro/operator/NitroParquetScanOperator$ScanOutputResolver$$Lambda.0x00000000630aab88.apply;org/weakref/nitro/operator/NitroParquetScanOperator$ScanOutputResolver.resolve;org/weakref/nitro/operator/NitroParquetScanOperator.resolveLazyColumn;org/weakref/nitro/operator/NitroParquetScanOperator.decodeFullColumn;org/weakref/nitro/parquet/ColumnReader.readBinary;org/weakref/nitro/parquet/ColumnReader.readBinaryDirect;org/weakref/nitro/parquet/ColumnReader.decodeNextDataPage;org/weakref/nitro/parquet/ColumnReader.decodeDictionary;jbyte_disjoint_arraycopy_stub 4
java/lang/Thread.run;java/lang/Thread.runWith;java/util/concurrent/ThreadPoolExecutor$Worker.run;java/util/concurrent/ThreadPoolExecutor.runWorker;java/util/concurrent/FutureTask.run;java/util/concurrent/Executors$RunnableAdapter.call;java/util/concurrent/FutureTask.run;org/openjdk/jmh/runner/BenchmarkHandler$BenchmarkTask.call;org/openjdk/jmh/runner/BenchmarkHandler$BenchmarkTask.call;java/lang/reflect/Method.invoke;jdk/internal/reflect/DirectMethodHandleAccessor.invoke;jdk/internal/reflect/DirectMethodHandleAccessor.invokeImpl;java/lang/invoke/LambdaForm$MH.0x0000000063061400.invokeExact_MT;java/lang/invoke/LambdaForm$MH.0x0000000063061000.invoke;java/lang/invoke/DirectMethodHandle$Holder.invokeSpecial;org/weakref/nitro/clickbench/jmh_generated/BenchmarkQueries_query22_jmhTest.query22_AverageTime;org/weakref/nitro/clickbench/jmh_generated/BenchmarkQueries_query22_jmhTest.query22_avgt_jmhStub;org/weakref/nitro/clickbench/BenchmarkQueries.query22;org/weakref/nitro/clickbench/BenchmarkQueries.consume;org/weakref/nitro/operator/TopNOperator.next;org/weakref/nitro/operator/TopNOperator.computeTopN;org/weakref/nitro/operator/GroupedAggregationOperator.next;org/weakref/nitro/operator/GroupedAggregationOperator.computeResults;org/weakref/nitro/operator/GroupOperator.next;org/weakref/nitro/operator/FilterOperator.next;org/weakref/nitro/operator/evaluator/PlanEvaluator.evaluateInPlace;org/weakref/nitro/operator/evaluator/PlanEvaluator.evaluateTrueMaskInPlace;org/weakref/nitro/operator/evaluator/PlanEvaluator.evaluateAdaptiveAndTrueMaskInPlace;org/weakref/nitro/operator/evaluator/PlanEvaluator.evaluateMeasuredTrueMaskInPlace;org/weakref/nitro/operator/evaluator/PlanEvaluator.evaluateTrueMaskInPlace;org/weakref/nitro/operator/evaluator/PlanEvaluator.evaluateTrueReferenceMaskFallbackInPlace;org/weakref/nitro/operator/evaluator/PlanEvaluator.evaluate;org/weakref/nitro/operator/evaluator/PlanEvaluator.evaluateUnmemoized;org/weakref/nitro/operator/evaluator/PlanEvaluator.evaluateVariable;org/weakref/nitro/operator/evaluator/PlanEvaluator.evaluateCall;org/weakref/nitro/function/scalar/builtin/ContainsUtf8.apply;org/weakref/nitro/function/scalar/builtin/Utf8BinaryDispatch.applyContains;org/weakref/nitro/function/scalar/builtin/Utf8BinaryDispatch.apply;org/weakref/nitro/function/scalar/builtin/Utf8BinaryDispatch.applyValues;org/weakref/nitro/function/scalar/builtin/Utf8BinaryDispatch.applyContainsFlatSingleNeedle 2
java/lang/Thread.run;java/lang/Thread.runWith;java/util/concurrent/ThreadPoolExecutor$Worker.run;java/util/concurrent/ThreadPoolExecutor.runWorker;java/util/concurrent/FutureTask.run;java/util/concurrent/Executors$RunnableAdapter.call;java/util/concurrent/FutureTask.run;org/openjdk/jmh/runner/BenchmarkHandler$BenchmarkTask.call;org/openjdk/jmh/runner/BenchmarkHandler$BenchmarkTask.call;java/lang/reflect/Method.invoke;jdk/internal/reflect/DirectMethodHandleAccessor.invoke;jdk/internal/reflect/DirectMethodHandleAccessor.invokeImpl;java/lang/invoke/LambdaForm$MH.0x0000000063061400.invokeExact_MT;java/lang/invoke/LambdaForm$MH.0x0000000063061000.invoke;java/lang/invoke/DirectMethodHandle$Holder.invokeSpecial;org/weakref/nitro/clickbench/jmh_generated/BenchmarkQueries_query22_jmhTest.query22_AverageTime;org/weakref/nitro/clickbench/jmh_generated/BenchmarkQueries_query22_jmhTest.query22_avgt_jmhStub;org/weakref/nitro/clickbench/BenchmarkQueries.query22;org/weakref/nitro/clickbench/BenchmarkQueries.consume;org/weakref/nitro/operator/TopNOperator.next;org/weakref/nitro/operator/TopNOperator.computeTopN;org/weakref/nitro/operator/GroupedAggregationOperator.next;org/weakref/nitro/operator/GroupedAggregationOperator.computeResults;org/weakref/nitro/operator/GroupOperator.next;org/weakref/nitro/operator/FilterOperator.next;org/weakref/nitro/operator/evaluator/PlanEvaluator.evaluateInPlace;org/weakref/nitro/operator/evaluator/PlanEvaluator.evaluateTrueMaskInPlace;org/weakref/nitro/operator/evaluator/PlanEvaluator.evaluateAdaptiveAndTrueMaskInPlace;org/weakref/nitro/operator/evaluator/PlanEvaluator.evaluateMeasuredTrueMaskInPlace;org/weakref/nitro/operator/evaluator/PlanEvaluator.evaluateTrueMaskInPlace;org/weakref/nitro/operator/evaluator/PlanEvaluator.evaluateTrueReferenceMaskFallbackInPlace;org/weakref/nitro/operator/evaluator/PlanEvaluator.optionalBooleanStream;org/weakref/nitro/operator/evaluator/PlanEvaluator.evaluate;org/weakref/nitro/operator/evaluator/PlanEvaluator.evaluateUnmemoized;org/weakref/nitro/operator/evaluator/PlanEvaluator.evaluateVariable;org/weakref/nitro/operator/evaluator/PlanEvaluator.evaluateCall;org/weakref/nitro/function/scalar/builtin/ContainsUtf8.apply;org/weakref/nitro/function/scalar/builtin/Utf8BinaryDispatch.applyContains;org/weakref/nitro/function/scalar/builtin/Utf8BinaryDispatch.apply;org/weakref/nitro/function/scalar/builtin/Utf8BinaryDispatch.applyNulls 1
java/lang/Thread.run;java/lang/Thread.runWith;java/util/concurrent/ThreadPoolExecutor$Worker.run;java/util/concurrent/ThreadPoolExecutor.runWorker;java/util/concurrent/FutureTask.run;java/util/concurrent/Executors$RunnableAdapter.call;java/util/concurrent/FutureTask.run;org/openjdk/jmh/runner/BenchmarkHandler$BenchmarkTask.call;org/openjdk/jmh/runner/BenchmarkHandler$BenchmarkTask.call;java/lang/reflect/Method.invoke;jdk/internal/reflect/DirectMethodHandleAccessor.invoke;jdk/internal/reflect/DirectMethodHandleAccessor.invokeImpl;java/lang/invoke/LambdaForm$MH.0x0000000063061400.invokeExact_MT;java/lang/invoke/LambdaForm$MH.0x0000000063061000.invoke;java/lang/invoke/DirectMethodHandle$Holder.invokeSpecial;org/weakref/nitro/clickbench/jmh_generated/BenchmarkQueries_query22_jmhTest.query22_AverageTime;org/weakref/nitro/clickbench/jmh_generated/BenchmarkQueries_query22_jmhTest.query22_avgt_jmhStub;org/weakref/nitro/clickbench/BenchmarkQueries.query22;org/weakref/nitro/clickbench/BenchmarkQueries.consume;org/weakref/nitro/operator/TopNOperator.next;org/weakref/nitro/operator/TopNOperator.computeTopN;org/weakref/nitro/operator/GroupedAggregationOperator.next;org/weakref/nitro/operator/GroupedAggregationOperator.computeResults;org/weakref/nitro/operator/GroupOperator.next;org/weakref/nitro/operator/FilterOperator.next;org/weakref/nitro/operator/evaluator/PlanEvaluator.evaluateInPlace;org/weakref/nitro/operator/evaluator/PlanEvaluator.evaluateTrueMaskInPlace;org/weakref/nitro/operator/evaluator/PlanEvaluator.evaluateAdaptiveAndTrueMaskInPlace;org/weakref/nitro/operator/evaluator/PlanEvaluator.evaluateMeasuredTrueMaskInPlace;org/weakref/nitro/operator/evaluator/PlanEvaluator.evaluateTrueMaskInPlace;org/weakref/nitro/operator/evaluator/PlanEvaluator.evaluateTrueReferenceMaskFallbackInPlace;org/weakref/nitro/operator/evaluator/PlanEvaluator.evaluate;org/weakref/nitro/operator/evaluator/PlanEvaluator.evaluateUnmemoized;org/weakref/nitro/operator/evaluator/PlanEvaluator.evaluateVariable;org/weakref/nitro/operator/evaluator/PlanEvaluator.evaluateCall;org/weakref/nitro/operator/evaluator/PlanEvaluator.evaluateArgument;org/weakref/nitro/operator/evaluator/PlanEvaluator.evaluate;org/weakref/nitro/operator/evaluator/PlanEvaluator.evaluateUnmemoized;org/weakref/nitro/operator/evaluator/PlanEvaluator.evaluateInput;org/weakref/nitro/operator/FilterOperator$1.resolve;org/weakref/nitro/operator/Output.borrowOrNull;org/weakref/nitro/operator/Output.borrow;org/weakref/nitro/operator/Output.borrow;org/weakref/nitro/operator/NitroParquetScanOperator$ScanOutputResolver$$Lambda.0x00000000630aab88.apply;org/weakref/nitro/operator/NitroParquetScanOperator$ScanOutputResolver.resolve;org/weakref/nitro/operator/NitroParquetScanOperator.resolveLazyColumn;org/weakref/nitro/operator/NitroParquetScanOperator.decodeFullColumn;org/weakref/nitro/parquet/ColumnReader.readBinary;org/weakref/nitro/parquet/ColumnReader.readBinaryDirect;org/weakref/nitro/parquet/ColumnReader.decodeNextDataPage;org/weakref/nitro/parquet/ColumnReader.decompress;io/airlift/compress/v3/snappy/SnappyNativeDecompressor.decompress;io/airlift/compress/v3/snappy/SnappyNative.decompress;io/airlift/compress/v3/snappy/SnappyNative.decompressInternal;java/lang/invoke/LambdaForm$MH.0x000000006311c400.invokeExact_MT;java/lang/invoke/LambdaForm$MH.0x0000000063134000.invoke;java/lang/invoke/LambdaForm$DMH.0x00000000630b1400.invokeStatic;jdk/internal/foreign/abi/DowncallStub.0x00000000630b1000.invoke;java/lang/invoke/LambdaForm$MH.0x000000006311d000.invokeExact_MT;java/lang/invoke/LambdaForm$MH.0x0000000063134400.invoke;nep_invoker_blob;snappy_uncompress;snappy::RawUncompress;snappy::RawUncompress;void snappy::SnappyDecompressor::DecompressAllTags<snappy::SnappyArrayWriter>;std::pair<unsigned char const*, long> snappy::DecompressBranchless<char*>;snappy::MemCopy64;/usr/lib/x86_64-linux-gnu/libc.so.6;asm_exc_page_fault_[k];exc_page_fault_[k];do_user_addr_fault_[k];handle_mm_fault_[k];__handle_mm_fault_[k];handle_pte_fault_[k];do_fault_[k];do_read_fault_[k];filemap_map_pages_[k] 1
java/lang/Thread.run;java/lang/Thread.runWith;java/util/concurrent/ThreadPoolExecutor$Worker.run;java/util/concurrent/ThreadPoolExecutor.runWorker;java/util/concurrent/FutureTask.run;java/util/concurrent/Executors$RunnableAdapter.call;java/util/concurrent/FutureTask.run;org/openjdk/jmh/runner/BenchmarkHandler$BenchmarkTask.call;org/openjdk/jmh/runner/BenchmarkHandler$BenchmarkTask.call;java/lang/reflect/Method.invoke;jdk/internal/reflect/DirectMethodHandleAccessor.invoke;jdk/internal/reflect/DirectMethodHandleAccessor.invokeImpl;java/lang/invoke/LambdaForm$MH.0x0000000063061400.invokeExact_MT;java/lang/invoke/LambdaForm$MH.0x0000000063061000.invoke;java/lang/invoke/DirectMethodHandle$Holder.invokeSpecial;org/weakref/nitro/clickbench/jmh_generated/BenchmarkQueries_query22_jmhTest.query22_AverageTime;org/weakref/nitro/clickbench/jmh_generated/BenchmarkQueries_query22_jmhTest.query22_avgt_jmhStub;org/weakref/nitro/clickbench/BenchmarkQueries.query22;org/weakref/nitro/clickbench/BenchmarkQueries.consume;org/weakref/nitro/operator/TopNOperator.next;org/weakref/nitro/operator/TopNOperator.computeTopN;org/weakref/nitro/operator/GroupedAggregationOperator.next;org/weakref/nitro/operator/GroupedAggregationOperator.computeResults;org/weakref/nitro/operator/GroupOperator.next;org/weakref/nitro/operator/FilterOperator.next;org/weakref/nitro/operator/evaluator/PlanEvaluator.evaluateInPlace;org/weakref/nitro/operator/evaluator/PlanEvaluator.evaluateTrueMaskInPlace;org/weakref/nitro/operator/evaluator/PlanEvaluator.evaluateAdaptiveAndTrueMaskInPlace;org/weakref/nitro/operator/evaluator/PlanEvaluator.evaluateMeasuredTrueMaskInPlace;org/weakref/nitro/operator/evaluator/PlanEvaluator.evaluateTrueMaskInPlace;org/weakref/nitro/operator/evaluator/PlanEvaluator.evaluateTrueReferenceMaskFallbackInPlace;org/weakref/nitro/operator/evaluator/PlanEvaluator.evaluate;org/weakref/nitro/operator/evaluator/PlanEvaluator.evaluateUnmemoized;org/weakref/nitro/operator/evaluator/PlanEvaluator.evaluateVariable;org/weakref/nitro/operator/evaluator/PlanEvaluator.evaluateCall;org/weakref/nitro/operator/evaluator/PlanEvaluator.evaluateArgument;org/weakref/nitro/operator/evaluator/PlanEvaluator.evaluate;org/weakref/nitro/operator/evaluator/PlanEvaluator.evaluateUnmemoized;org/weakref/nitro/operator/evaluator/PlanEvaluator.evaluateInput;org/weakref/nitro/operator/FilterOperator$1.resolve;org/weakref/nitro/operator/Output.borrowOrNull;org/weakref/nitro/operator/Output.borrow;org/weakref/nitro/operator/Output.borrow;org/weakref/nitro/operator/NitroParquetScanOperator$ScanOutputResolver$$Lambda.0x00000000630aab88.apply;org/weakref/nitro/operator/NitroParquetScanOperator$ScanOutputResolver.resolve;org/weakref/nitro/operator/NitroParquetScanOperator.resolveLazyColumn;org/weakref/nitro/operator/NitroParquetScanOperator.decodeFullColumn;org/weakref/nitro/parquet/ColumnReader.readBinary;org/weakref/nitro/parquet/ColumnReader.readBinaryDirect;org/weakref/nitro/data/BinaryVector.allocate;org/weakref/nitro/data/Allocator.allocatePooled;org/weakref/nitro/data/BinaryVector.clearForReuse;java/util/Arrays.fill;arrayof_jint_fill_stub 1
java/lang/Thread.run;java/lang/Thread.runWith;java/util/concurrent/ThreadPoolExecutor$Worker.run;java/util/concurrent/ThreadPoolExecutor.runWorker;java/util/concurrent/FutureTask.run;java/util/concurrent/Executors$RunnableAdapter.call;java/util/concurrent/FutureTask.run;org/openjdk/jmh/runner/BenchmarkHandler$BenchmarkTask.call;org/openjdk/jmh/runner/BenchmarkHandler$BenchmarkTask.call;java/lang/reflect/Method.invoke;jdk/internal/reflect/DirectMethodHandleAccessor.invoke;jdk/internal/reflect/DirectMethodHandleAccessor.invokeImpl;java/lang/invoke/LambdaForm$MH.0x0000000063061400.invokeExact_MT;java/lang/invoke/LambdaForm$MH.0x0000000063061000.invoke;java/lang/invoke/DirectMethodHandle$Holder.invokeSpecial;org/weakref/nitro/clickbench/jmh_generated/BenchmarkQueries_query22_jmhTest.query22_AverageTime;org/weakref/nitro/clickbench/jmh_generated/BenchmarkQueries_query22_jmhTest.query22_avgt_jmhStub;org/weakref/nitro/clickbench/BenchmarkQueries.query22;org/weakref/nitro/clickbench/BenchmarkQueries.consume;org/weakref/nitro/operator/TopNOperator.next;org/weakref/nitro/operator/TopNOperator.computeTopN;org/weakref/nitro/operator/GroupedAggregationOperator.next;org/weakref/nitro/operator/GroupedAggregationOperator.computeResults;org/weakref/nitro/operator/GroupOperator.next;org/weakref/nitro/operator/FilterOperator.next;org/weakref/nitro/operator/evaluator/PlanEvaluator.evaluateInPlace;org/weakref/nitro/operator/evaluator/PlanEvaluator.evaluateTrueMaskInPlace;org/weakref/nitro/operator/evaluator/PlanEvaluator.evaluateAdaptiveAndTrueMaskInPlace;org/weakref/nitro/operator/evaluator/PlanEvaluator.evaluateMeasuredTrueMaskInPlace;org/weakref/nitro/operator/evaluator/PlanEvaluator.evaluateTrueMaskInPlace;org/weakref/nitro/operator/evaluator/PlanEvaluator.evaluateTrueReferenceMaskFallbackInPlace;org/weakref/nitro/operator/evaluator/PlanEvaluator.evaluate;org/weakref/nitro/operator/evaluator/PlanEvaluator.evaluateUnmemoized;org/weakref/nitro/operator/evaluator/PlanEvaluator.evaluateVariable;org/weakref/nitro/operator/evaluator/PlanEvaluator.evaluateCall;org/weakref/nitro/operator/evaluator/PlanEvaluator.evaluateArgument;org/weakref/nitro/operator/evaluator/PlanEvaluator.evaluate;org/weakref/nitro/operator/evaluator/PlanEvaluator.evaluateUnmemoized;org/weakref/nitro/operator/evaluator/PlanEvaluator.evaluateInput;org/weakref/nitro/operator/FilterOperator$1.resolve;org/weakref/nitro/operator/Output.borrowOrNull;org/weakref/nitro/operator/Output.borrow;org/weakref/nitro/operator/Output.borrow;org/weakref/nitro/operator/NitroParquetScanOperator$ScanOutputResolver$$Lambda.0x00000000630aab88.apply;org/weakref/nitro/operator/NitroParquetScanOperator$ScanOutputResolver.resolve;org/weakref/nitro/operator/NitroParquetScanOperator.resolveLazyColumn;org/weakref/nitro/operator/NitroParquetScanOperator.decodeFullColumn;org/weakref/nitro/parquet/ColumnReader.readBinary;org/weakref/nitro/parquet/ColumnReader.readBinaryDirect;org/weakref/nitro/parquet/ColumnReader.decodeNextDataPage;org/weakref/nitro/parquet/ColumnReader.decodeDataPageV1;org/weakref/nitro/parquet/ColumnReader.decodePlainBinary;org/weakref/nitro/parquet/ColumnReader.decodePlainBinaryPresized;org/weakref/nitro/parquet/ColumnReader.appendPlainEntryPresized;java/lang/foreign/MemorySegment.copy;jdk/internal/foreign/AbstractMemorySegmentImpl.copy 1
/usr/lib/x86_64-linux-gnu/libc.so.6;/usr/lib/x86_64-linux-gnu/libc.so.6;thread_native_entry;Thread::call_run;WorkerThread::run;G1CMConcurrentMarkingTask::work;G1CMTask::do_marking_step;G1CMTask::process_current_region;unsigned long BitMap::find_first_bit_impl<0ul, false> 1
java/lang/Thread.run;java/lang/Thread.runWith;java/util/concurrent/ThreadPoolExecutor$Worker.run;java/util/concurrent/ThreadPoolExecutor.runWorker;java/util/concurrent/FutureTask.run;java/util/concurrent/Executors$RunnableAdapter.call;java/util/concurrent/FutureTask.run;org/openjdk/jmh/runner/BenchmarkHandler$BenchmarkTask.call;org/openjdk/jmh/runner/BenchmarkHandler$BenchmarkTask.call;java/lang/reflect/Method.invoke;jdk/internal/reflect/DirectMethodHandleAccessor.invoke;jdk/internal/reflect/DirectMethodHandleAccessor.invokeImpl;java/lang/invoke/LambdaForm$MH.0x0000000063061400.invokeExact_MT;java/lang/invoke/LambdaForm$MH.0x0000000063061000.invoke;java/lang/invoke/DirectMethodHandle$Holder.invokeSpecial;org/weakref/nitro/clickbench/jmh_generated/BenchmarkQueries_query22_jmhTest.query22_AverageTime;org/weakref/nitro/clickbench/jmh_generated/BenchmarkQueries_query22_jmhTest.query22_avgt_jmhStub;org/weakref/nitro/clickbench/BenchmarkQueries.query22;org/weakref/nitro/clickbench/BenchmarkQueries.consume;org/weakref/nitro/operator/TopNOperator.close;org/weakref/nitro/operator/GroupedAggregationOperator.close;org/weakref/nitro/operator/GroupOperator.close;org/weakref/nitro/operator/FilterOperator.close;org/weakref/nitro/operator/NitroParquetScanOperator.close;org/weakref/nitro/parquet/ParquetFile.close;jdk/internal/foreign/ArenaImpl.close;jdk/internal/foreign/MemorySessionImpl.close;jdk/internal/foreign/ConfinedSession$ConfinedResourceList.cleanup;jdk/internal/foreign/MemorySessionImpl$ResourceList.cleanupSingle;jdk/internal/foreign/SegmentFactories$2.cleanup;sun/nio/ch/FileChannelImpl$Unmapper.unmap;sun/nio/ch/UnixFileDispatcherImpl.unmap;sun/nio/ch/UnixFileDispatcherImpl.unmap0;Java_sun_nio_ch_UnixFileDispatcherImpl_unmap0;munmap;entry_SYSCALL_64_after_hwframe_[k];do_syscall_64_[k];x64_sys_call_[k];__x64_sys_munmap_[k];__vm_munmap_[k];do_vmi_munmap_[k];do_vmi_align_munmap_[k];vms_complete_munmap_vmas_[k];vms_clear_ptes_[k];tlb_finish_mmu_[k];__tlb_batch_free_encoded_pages_[k];free_pages_and_swap_cache_[k] 1
java/lang/Thread.run;java/lang/Thread.runWith;java/util/concurrent/ThreadPoolExecutor$Worker.run;java/util/concurrent/ThreadPoolExecutor.runWorker;java/util/concurrent/FutureTask.run;java/util/concurrent/Executors$RunnableAdapter.call;java/util/concurrent/FutureTask.run;org/openjdk/jmh/runner/BenchmarkHandler$BenchmarkTask.call;org/openjdk/jmh/runner/BenchmarkHandler$BenchmarkTask.call;java/lang/reflect/Method.invoke;jdk/internal/reflect/DirectMethodHandleAccessor.invoke;jdk/internal/reflect/DirectMethodHandleAccessor.invokeImpl;java/lang/invoke/LambdaForm$MH.0x0000000063061400.invokeExact_MT;java/lang/invoke/LambdaForm$MH.0x0000000063061000.invoke;java/lang/invoke/DirectMethodHandle$Holder.invokeSpecial;org/weakref/nitro/clickbench/jmh_generated/BenchmarkQueries_query22_jmhTest.query22_AverageTime;org/weakref/nitro/clickbench/jmh_generated/BenchmarkQueries_query22_jmhTest.query22_avgt_jmhStub;org/weakref/nitro/clickbench/BenchmarkQueries.query22;org/weakref/nitro/clickbench/BenchmarkQueries.consume;org/weakref/nitro/operator/TopNOperator.next;org/weakref/nitro/operator/TopNOperator.computeTopN;org/weakref/nitro/operator/GroupedAggregationOperator.next;org/weakref/nitro/operator/GroupedAggregationOperator.computeResults;org/weakref/nitro/operator/GroupOperator.next;org/weakref/nitro/operator/FilterOperator.next;org/weakref/nitro/operator/evaluator/PlanEvaluator.evaluateInPlace;org/weakref/nitro/operator/evaluator/PlanEvaluator.evaluateTrueMaskInPlace;org/weakref/nitro/operator/evaluator/PlanEvaluator.evaluateAdaptiveAndTrueMaskInPlace;org/weakref/nitro/operator/evaluator/PlanEvaluator.evaluateMeasuredTrueMaskInPlace;org/weakref/nitro/operator/evaluator/PlanEvaluator.evaluateTrueMaskInPlace;org/weakref/nitro/operator/evaluator/PlanEvaluator.evaluateFalseMaskInPlace;org/weakref/nitro/operator/evaluator/PlanEvaluator.tryEvaluatePrimitiveFalseMaskInPlace;org/weakref/nitro/operator/evaluator/PlanEvaluator.tryEvaluatePrimitiveMaskInPlace;org/weakref/nitro/operator/evaluator/PlanEvaluator.resolveMaskPrimitiveInvocation;org/weakref/nitro/operator/evaluator/PlanEvaluator.evaluateArgument;org/weakref/nitro/operator/FilterOperator$1.resolve;org/weakref/nitro/operator/Output.borrowOrNull;org/weakref/nitro/operator/Output.borrow;org/weakref/nitro/operator/Output.borrow;org/weakref/nitro/operator/NitroParquetScanOperator$ScanOutputResolver$$Lambda.0x00000000630aab88.apply;org/weakref/nitro/operator/NitroParquetScanOperator$ScanOutputResolver.resolve;org/weakref/nitro/operator/NitroParquetScanOperator.resolveLazyColumn;org/weakref/nitro/operator/NitroParquetScanOperator.decodeFullColumn;org/weakref/nitro/parquet/ColumnReader.readBinary;org/weakref/nitro/parquet/ColumnReader.readBinaryDirect;org/weakref/nitro/parquet/ColumnReader.decodeNextDataPage;org/weakref/nitro/parquet/ColumnReader.decodeDataPageV1;org/weakref/nitro/parquet/ColumnReader.decodePlainBinary;org/weakref/nitro/parquet/ColumnReader.decodePlainBinaryPresized;org/weakref/nitro/parquet/ColumnReader.appendPlainEntryPresized 1
java/lang/Thread.run;java/lang/Thread.runWith;java/util/concurrent/ThreadPoolExecutor$Worker.run;java/util/concurrent/ThreadPoolExecutor.runWorker;java/util/concurrent/FutureTask.run;java/util/concurrent/Executors$RunnableAdapter.call;java/util/concurrent/FutureTask.run;org/openjdk/jmh/runner/BenchmarkHandler$BenchmarkTask.call;org/openjdk/jmh/runner/BenchmarkHandler$BenchmarkTask.call;java/lang/reflect/Method.invoke;jdk/internal/reflect/DirectMethodHandleAccessor.invoke;jdk/internal/reflect/DirectMethodHandleAccessor.invokeImpl;java/lang/invoke/LambdaForm$MH.0x0000000063061400.invokeExact_MT;java/lang/invoke/LambdaForm$MH.0x0000000063061000.invoke;java/lang/invoke/DirectMethodHandle$Holder.invokeSpecial;org/weakref/nitro/clickbench/jmh_generated/BenchmarkQueries_query22_jmhTest.query22_AverageTime;org/weakref/nitro/clickbench/jmh_generated/BenchmarkQueries_query22_jmhTest.query22_avgt_jmhStub;org/weakref/nitro/clickbench/BenchmarkQueries.query22;org/weakref/nitro/clickbench/BenchmarkQueries.consume;org/weakref/nitro/operator/TopNOperator.next;org/weakref/nitro/operator/TopNOperator.computeTopN;org/weakref/nitro/operator/GroupedAggregationOperator.next;org/weakref/nitro/operator/GroupedAggregationOperator.computeResults;org/weakref/nitro/operator/GroupOperator.next;org/weakref/nitro/operator/FilterOperator.next;org/weakref/nitro/operator/evaluator/PlanEvaluator.evaluateInPlace;org/weakref/nitro/operator/evaluator/PlanEvaluator.evaluateTrueMaskInPlace;org/weakref/nitro/operator/evaluator/PlanEvaluator.evaluateAdaptiveAndTrueMaskInPlace;org/weakref/nitro/operator/evaluator/PlanEvaluator.evaluateMeasuredTrueMaskInPlace;org/weakref/nitro/operator/evaluator/PlanEvaluator.evaluateTrueMaskInPlace;org/weakref/nitro/operator/evaluator/PlanEvaluator.evaluateTrueReferenceMaskFallbackInPlace;org/weakref/nitro/operator/evaluator/PlanEvaluator.evaluate;org/weakref/nitro/operator/evaluator/PlanEvaluator.evaluateUnmemoized;org/weakref/nitro/operator/evaluator/PlanEvaluator.evaluateVariable;org/weakref/nitro/operator/evaluator/PlanEvaluator.evaluateCall;org/weakref/nitro/function/scalar/builtin/ContainsUtf8.apply;org/weakref/nitro/function/scalar/builtin/Utf8BinaryDispatch.applyContains;org/weakref/nitro/function/scalar/builtin/Utf8BinaryDispatch.apply;org/weakref/nitro/function/scalar/builtin/Utf8BinaryDispatch.applyValues;org/weakref/nitro/function/scalar/builtin/Utf8BinaryDispatch.applyContainsFlatSingleNeedle;org/weakref/nitro/data/Mask$1.next;org/weakref/nitro/data/Mask$1.next 1
java/lang/Thread.run;java/lang/Thread.runWith;java/util/concurrent/ThreadPoolExecutor$Worker.run;java/util/concurrent/ThreadPoolExecutor.runWorker;java/util/concurrent/FutureTask.run;java/util/concurrent/Executors$RunnableAdapter.call;java/util/concurrent/FutureTask.run;org/openjdk/jmh/runner/BenchmarkHandler$BenchmarkTask.call;org/openjdk/jmh/runner/BenchmarkHandler$BenchmarkTask.call;java/lang/reflect/Method.invoke;jdk/internal/reflect/DirectMethodHandleAccessor.invoke;jdk/internal/reflect/DirectMethodHandleAccessor.invokeImpl;java/lang/invoke/LambdaForm$MH.0x0000000063061400.invokeExact_MT;java/lang/invoke/LambdaForm$MH.0x0000000063061000.invoke;java/lang/invoke/DirectMethodHandle$Holder.invokeSpecial;org/weakref/nitro/clickbench/jmh_generated/BenchmarkQueries_query22_jmhTest.query22_AverageTime;org/weakref/nitro/clickbench/jmh_generated/BenchmarkQueries_query22_jmhTest.query22_avgt_jmhStub;org/weakref/nitro/clickbench/BenchmarkQueries.query22;org/weakref/nitro/clickbench/BenchmarkQueries.consume;org/weakref/nitro/operator/TopNOperator.next;org/weakref/nitro/operator/TopNOperator.computeTopN;org/weakref/nitro/operator/GroupedAggregationOperator.next;org/weakref/nitro/operator/GroupedAggregationOperator.computeResults;org/weakref/nitro/operator/GroupOperator.next;org/weakref/nitro/operator/FilterOperator.next;org/weakref/nitro/operator/evaluator/PlanEvaluator.evaluateInPlace;org/weakref/nitro/operator/evaluator/PlanEvaluator.evaluateTrueMaskInPlace;org/weakref/nitro/operator/evaluator/PlanEvaluator.evaluateAdaptiveAndTrueMaskInPlace;org/weakref/nitro/operator/evaluator/PlanEvaluator.evaluateMeasuredTrueMaskInPlace;org/weakref/nitro/operator/evaluator/PlanEvaluator.evaluateTrueMaskInPlace;org/weakref/nitro/operator/evaluator/PlanEvaluator.evaluateTrueReferenceMaskFallbackInPlace;org/weakref/nitro/operator/evaluator/PlanEvaluator.evaluate;org/weakref/nitro/operator/evaluator/PlanEvaluator.evaluateUnmemoized;org/weakref/nitro/operator/evaluator/PlanEvaluator.evaluateVariable;org/weakref/nitro/operator/evaluator/PlanEvaluator.evaluateCall;org/weakref/nitro/operator/evaluator/PlanEvaluator.evaluateArgument;org/weakref/nitro/operator/evaluator/PlanEvaluator.evaluate;org/weakref/nitro/operator/evaluator/PlanEvaluator.evaluateUnmemoized;org/weakref/nitro/operator/evaluator/PlanEvaluator.evaluateInput;org/weakref/nitro/operator/FilterOperator$1.resolve;org/weakref/nitro/operator/Output.borrowOrNull;org/weakref/nitro/operator/Output.borrow;org/weakref/nitro/operator/Output.borrow;org/weakref/nitro/operator/NitroParquetScanOperator$ScanOutputResolver$$Lambda.0x00000000630aab88.apply;org/weakref/nitro/operator/NitroParquetScanOperator$ScanOutputResolver.resolve;org/weakref/nitro/operator/NitroParquetScanOperator.resolveLazyColumn;org/weakref/nitro/operator/NitroParquetScanOperator.decodeFullColumn;org/weakref/nitro/parquet/ColumnReader.readBinary;org/weakref/nitro/parquet/ColumnReader.readBinaryDirect;org/weakref/nitro/parquet/ColumnReader.decodeNextDataPage;org/weakref/nitro/parquet/ColumnReader.decompress;io/airlift/compress/v3/snappy/SnappyNativeDecompressor.decompress;io/airlift/compress/v3/snappy/SnappyNative.decompress;io/airlift/compress/v3/snappy/SnappyNative.decompressInternal;java/lang/invoke/LambdaForm$MH.0x000000006311c400.invokeExact_MT;java/lang/invoke/LambdaForm$MH.0x0000000063134000.invoke;java/lang/invoke/LambdaForm$DMH.0x00000000630b1400.invokeStatic;jdk/internal/foreign/abi/DowncallStub.0x00000000630b1000.invoke;java/lang/invoke/LambdaForm$MH.0x000000006311d000.invokeExact_MT;java/lang/invoke/LambdaForm$MH.0x0000000063134400.invoke;nep_invoker_blob;snappy_uncompress;snappy::RawUncompress;snappy::RawUncompress;void snappy::SnappyDecompressor::DecompressAllTags<snappy::SnappyArrayWriter>;std::pair<unsigned char const*, long> snappy::DecompressBranchless<char*>;asm_exc_page_fault_[k];exc_page_fault_[k];do_user_addr_fault_[k];lock_vma_under_rcu_[k];mas_walk_[k] 1
java/lang/Thread.run;java/lang/Thread.runWith;java/util/concurrent/ThreadPoolExecutor$Worker.run;java/util/concurrent/ThreadPoolExecutor.runWorker;java/util/concurrent/FutureTask.run;java/util/concurrent/Executors$RunnableAdapter.call;java/util/concurrent/FutureTask.run;org/openjdk/jmh/runner/BenchmarkHandler$BenchmarkTask.call;org/openjdk/jmh/runner/BenchmarkHandler$BenchmarkTask.call;java/lang/reflect/Method.invoke;jdk/internal/reflect/DirectMethodHandleAccessor.invoke;jdk/internal/reflect/DirectMethodHandleAccessor.invokeImpl;java/lang/invoke/LambdaForm$MH.0x0000000063061400.invokeExact_MT;java/lang/invoke/LambdaForm$MH.0x0000000063061000.invoke;java/lang/invoke/DirectMethodHandle$Holder.invokeSpecial;org/weakref/nitro/clickbench/jmh_generated/BenchmarkQueries_query22_jmhTest.query22_AverageTime;org/weakref/nitro/clickbench/jmh_generated/BenchmarkQueries_query22_jmhTest.query22_avgt_jmhStub;org/weakref/nitro/clickbench/BenchmarkQueries.query22;org/weakref/nitro/clickbench/BenchmarkQueries.consume;org/weakref/nitro/operator/TopNOperator.next;org/weakref/nitro/operator/TopNOperator.computeTopN;org/weakref/nitro/operator/GroupedAggregationOperator.next;org/weakref/nitro/operator/GroupedAggregationOperator.computeResults;org/weakref/nitro/operator/GroupOperator.next;org/weakref/nitro/operator/FilterOperator.next;org/weakref/nitro/operator/evaluator/PlanEvaluator.evaluateInPlace;org/weakref/nitro/operator/evaluator/PlanEvaluator.evaluateTrueMaskInPlace;org/weakref/nitro/operator/evaluator/PlanEvaluator.evaluateAdaptiveAndTrueMaskInPlace;org/weakref/nitro/operator/evaluator/PlanEvaluator.evaluateMeasuredTrueMaskInPlace;org/weakref/nitro/operator/evaluator/PlanEvaluator.evaluateTrueMaskInPlace;org/weakref/nitro/operator/evaluator/PlanEvaluator.evaluateTrueReferenceMaskFallbackInPlace;org/weakref/nitro/operator/evaluator/PlanEvaluator.evaluate;org/weakref/nitro/operator/evaluator/PlanEvaluator.evaluateUnmemoized;org/weakref/nitro/operator/evaluator/PlanEvaluator.evaluateVariable;org/weakref/nitro/operator/evaluator/PlanEvaluator.evaluateCall;org/weakref/nitro/function/scalar/builtin/ContainsUtf8.apply;org/weakref/nitro/function/scalar/builtin/Utf8BinaryDispatch.applyContains;org/weakref/nitro/function/scalar/builtin/Utf8BinaryDispatch.apply;org/weakref/nitro/function/scalar/builtin/VectorAccess.writableBooleanVector;org/weakref/nitro/data/Allocator.allocate;org/weakref/nitro/data/Allocator.allocatePooled;org/weakref/nitro/data/BooleanVector.clearForReuse;java/util/Arrays.fill;arrayof_jbyte_fill_stub 1
java/lang/Thread.run;java/lang/Thread.runWith;java/util/concurrent/ThreadPoolExecutor$Worker.run;java/util/concurrent/ThreadPoolExecutor.runWorker;java/util/concurrent/FutureTask.run;java/util/concurrent/Executors$RunnableAdapter.call;java/util/concurrent/FutureTask.run;org/openjdk/jmh/runner/BenchmarkHandler$BenchmarkTask.call;org/openjdk/jmh/runner/BenchmarkHandler$BenchmarkTask.call;java/lang/reflect/Method.invoke;jdk/internal/reflect/DirectMethodHandleAccessor.invoke;jdk/internal/reflect/DirectMethodHandleAccessor.invokeImpl;java/lang/invoke/LambdaForm$MH.0x0000000063061400.invokeExact_MT;java/lang/invoke/LambdaForm$MH.0x0000000063061000.invoke;java/lang/invoke/DirectMethodHandle$Holder.invokeSpecial;org/weakref/nitro/clickbench/jmh_generated/BenchmarkQueries_query22_jmhTest.query22_AverageTime;org/weakref/nitro/clickbench/jmh_generated/BenchmarkQueries_query22_jmhTest.query22_avgt_jmhStub;org/weakref/nitro/clickbench/BenchmarkQueries.query22;org/weakref/nitro/clickbench/BenchmarkQueries.consume;org/weakref/nitro/operator/TopNOperator.next;org/weakref/nitro/operator/TopNOperator.computeTopN;org/weakref/nitro/operator/GroupedAggregationOperator.next;org/weakref/nitro/operator/GroupedAggregationOperator.computeResults;org/weakref/nitro/operator/GroupOperator.next;org/weakref/nitro/operator/FilterOperator.next;org/weakref/nitro/operator/evaluator/PlanEvaluator.evaluateInPlace;org/weakref/nitro/operator/evaluator/PlanEvaluator.evaluateTrueMaskInPlace;org/weakref/nitro/operator/evaluator/PlanEvaluator.evaluateAdaptiveAndTrueMaskInPlace;org/weakref/nitro/operator/evaluator/PlanEvaluator.evaluateMeasuredTrueMaskInPlace;org/weakref/nitro/operator/evaluator/PlanEvaluator.evaluateTrueMaskInPlace;org/weakref/nitro/operator/evaluator/PlanEvaluator.evaluateTrueReferenceMaskFallbackInPlace;org/weakref/nitro/operator/evaluator/PlanEvaluator.evaluate;org/weakref/nitro/operator/evaluator/PlanEvaluator.evaluateUnmemoized;org/weakref/nitro/operator/evaluator/PlanEvaluator.evaluateVariable;org/weakref/nitro/operator/evaluator/PlanEvaluator.evaluateCall;org/weakref/nitro/operator/evaluator/PlanEvaluator.evaluateArgument;org/weakref/nitro/operator/evaluator/PlanEvaluator.evaluate;org/weakref/nitro/operator/evaluator/PlanEvaluator.evaluateUnmemoized;org/weakref/nitro/operator/evaluator/PlanEvaluator.evaluateInput;org/weakref/nitro/operator/FilterOperator$1.resolve;org/weakref/nitro/operator/Output.borrowOrNull;org/weakref/nitro/operator/Output.borrow;org/weakref/nitro/operator/Output.borrow;org/weakref/nitro/operator/NitroParquetScanOperator$ScanOutputResolver$$Lambda.0x00000000630aab88.apply;org/weakref/nitro/operator/NitroParquetScanOperator$ScanOutputResolver.resolve;org/weakref/nitro/operator/NitroParquetScanOperator.resolveLazyColumn;org/weakref/nitro/operator/NitroParquetScanOperator.decodeFullColumn;org/weakref/nitro/parquet/ColumnReader.readBinary;org/weakref/nitro/parquet/ColumnReader.readBinaryDirect;org/weakref/nitro/parquet/ColumnReader.decodeNextDataPage;org/weakref/nitro/parquet/ColumnReader.decodeDataPageV1;org/weakref/nitro/parquet/ColumnReader.decodePlainBinary;org/weakref/nitro/parquet/ColumnReader.decodePlainBinaryPresized 5
java/lang/Thread.run;java/lang/Thread.runWith;java/util/concurrent/ThreadPoolExecutor$Worker.run;java/util/concurrent/ThreadPoolExecutor.runWorker;java/util/concurrent/FutureTask.run;java/util/concurrent/Executors$RunnableAdapter.call;java/util/concurrent/FutureTask.run;org/openjdk/jmh/runner/BenchmarkHandler$BenchmarkTask.call;org/openjdk/jmh/runner/BenchmarkHandler$BenchmarkTask.call;java/lang/reflect/Method.invoke;jdk/internal/reflect/DirectMethodHandleAccessor.invoke;jdk/internal/reflect/DirectMethodHandleAccessor.invokeImpl;java/lang/invoke/LambdaForm$MH.0x0000000063061400.invokeExact_MT;java/lang/invoke/LambdaForm$MH.0x0000000063061000.invoke;java/lang/invoke/DirectMethodHandle$Holder.invokeSpecial;org/weakref/nitro/clickbench/jmh_generated/BenchmarkQueries_query22_jmhTest.query22_AverageTime;org/weakref/nitro/clickbench/jmh_generated/BenchmarkQueries_query22_jmhTest.query22_avgt_jmhStub;org/weakref/nitro/clickbench/BenchmarkQueries.query22;org/weakref/nitro/clickbench/BenchmarkQueries.consume;org/weakref/nitro/operator/TopNOperator.next;org/weakref/nitro/operator/TopNOperator.computeTopN;org/weakref/nitro/operator/GroupedAggregationOperator.next;org/weakref/nitro/operator/GroupedAggregationOperator.computeResults;org/weakref/nitro/operator/GroupOperator.next;org/weakref/nitro/operator/FilterOperator.next;org/weakref/nitro/operator/evaluator/PlanEvaluator.evaluateInPlace;org/weakref/nitro/operator/evaluator/PlanEvaluator.evaluateTrueMaskInPlace;org/weakref/nitro/operator/evaluator/PlanEvaluator.evaluateAdaptiveAndTrueMaskInPlace;org/weakref/nitro/operator/evaluator/PlanEvaluator.evaluateMeasuredTrueMaskInPlace;org/weakref/nitro/operator/evaluator/PlanEvaluator.evaluateTrueMaskInPlace;org/weakref/nitro/operator/evaluator/PlanEvaluator.evaluateFalseMaskInPlace;org/weakref/nitro/operator/evaluator/PlanEvaluator.tryEvaluatePrimitiveFalseMaskInPlace;org/weakref/nitro/operator/evaluator/PlanEvaluator.tryEvaluatePrimitiveMaskInPlace;org/weakref/nitro/operator/evaluator/PlanEvaluator.resolveMaskPrimitiveInvocation;org/weakref/nitro/operator/evaluator/PlanEvaluator.evaluateArgument;org/weakref/nitro/operator/FilterOperator$1.resolve;org/weakref/nitro/operator/Output.borrowOrNull;org/weakref/nitro/operator/Output.borrow;org/weakref/nitro/operator/Output.borrow;org/weakref/nitro/operator/NitroParquetScanOperator$ScanOutputResolver$$Lambda.0x00000000630aab88.apply;org/weakref/nitro/operator/NitroParquetScanOperator$ScanOutputResolver.resolve;org/weakref/nitro/operator/NitroParquetScanOperator.resolveLazyColumn;org/weakref/nitro/operator/NitroParquetScanOperator.decodeFullColumn;org/weakref/nitro/parquet/ColumnReader.readBinary;org/weakref/nitro/parquet/ColumnReader.readBinaryDirect 1
java/lang/Thread.run;java/lang/Thread.runWith;java/util/concurrent/ThreadPoolExecutor$Worker.run;java/util/concurrent/ThreadPoolExecutor.runWorker;java/util/concurrent/FutureTask.run;java/util/concurrent/Executors$RunnableAdapter.call;java/util/concurrent/FutureTask.run;org/openjdk/jmh/runner/BenchmarkHandler$BenchmarkTask.call;org/openjdk/jmh/runner/BenchmarkHandler$BenchmarkTask.call;java/lang/reflect/Method.invoke;jdk/internal/reflect/DirectMethodHandleAccessor.invoke;jdk/internal/reflect/DirectMethodHandleAccessor.invokeImpl;java/lang/invoke/LambdaForm$MH.0x0000000063061400.invokeExact_MT;java/lang/invoke/LambdaForm$MH.0x0000000063061000.invoke;java/lang/invoke/DirectMethodHandle$Holder.invokeSpecial;org/weakref/nitro/clickbench/jmh_generated/BenchmarkQueries_query22_jmhTest.query22_AverageTime;org/weakref/nitro/clickbench/jmh_generated/BenchmarkQueries_query22_jmhTest.query22_avgt_jmhStub;org/weakref/nitro/clickbench/BenchmarkQueries.query22;org/weakref/nitro/clickbench/BenchmarkQueries.consume;org/weakref/nitro/operator/TopNOperator.next;org/weakref/nitro/operator/TopNOperator.computeTopN;org/weakref/nitro/operator/GroupedAggregationOperator.next;org/weakref/nitro/operator/GroupedAggregationOperator.computeResults;org/weakref/nitro/operator/GroupOperator.next;org/weakref/nitro/operator/FilterOperator.next;org/weakref/nitro/operator/evaluator/PlanEvaluator.evaluateInPlace;org/weakref/nitro/operator/evaluator/PlanEvaluator.evaluateTrueMaskInPlace;org/weakref/nitro/operator/evaluator/PlanEvaluator.evaluateAdaptiveAndTrueMaskInPlace;org/weakref/nitro/operator/evaluator/PlanEvaluator.evaluateMeasuredTrueMaskInPlace;org/weakref/nitro/operator/evaluator/PlanEvaluator.evaluateTrueMaskInPlace;org/weakref/nitro/operator/evaluator/PlanEvaluator.evaluateTrueReferenceMaskFallbackInPlace;org/weakref/nitro/operator/evaluator/PlanEvaluator.evaluate;org/weakref/nitro/operator/evaluator/PlanEvaluator.evaluateUnmemoized;org/weakref/nitro/operator/evaluator/PlanEvaluator.evaluateVariable;org/weakref/nitro/operator/evaluator/PlanEvaluator.evaluateCall;org/weakref/nitro/operator/evaluator/PlanEvaluator.evaluateArgument;org/weakref/nitro/operator/evaluator/PlanEvaluator.evaluate;org/weakref/nitro/operator/evaluator/PlanEvaluator.evaluateUnmemoized;org/weakref/nitro/operator/evaluator/PlanEvaluator.evaluateInput;org/weakref/nitro/operator/FilterOperator$1.resolve;org/weakref/nitro/operator/Output.borrowOrNull;org/weakref/nitro/operator/Output.borrow;org/weakref/nitro/operator/Output.borrow;org/weakref/nitro/operator/NitroParquetScanOperator$ScanOutputResolver$$Lambda.0x00000000630aab88.apply;org/weakref/nitro/operator/NitroParquetScanOperator$ScanOutputResolver.resolve;org/weakref/nitro/operator/NitroParquetScanOperator.resolveLazyColumn;org/weakref/nitro/operator/NitroParquetScanOperator.decodeFullColumn;org/weakref/nitro/parquet/ColumnReader.readBinary;org/weakref/nitro/parquet/ColumnReader.readBinaryDirect;org/weakref/nitro/parquet/ColumnReader.decodeNextDataPage;org/weakref/nitro/parquet/ColumnReader.decodeDataPageV1;org/weakref/nitro/parquet/ColumnReader.decodePlainBinary;org/weakref/nitro/parquet/ColumnReader.decodePlainBinaryPresized;org/weakref/nitro/parquet/ColumnReader.appendPlainEntryPresized;jdk/internal/foreign/AbstractMemorySegmentImpl.get;java/lang/invoke/VarHandleGuards.guard_LJ_I;java/lang/invoke/VarHandleSegmentAsInts.get;java/lang/invoke/VarHandleSegmentAsInts.get;jdk/internal/misc/ScopedMemoryAccess.getIntUnaligned;jdk/internal/misc/ScopedMemoryAccess.getIntUnalignedInternal;jdk/internal/misc/Unsafe.getIntUnaligned 7
java/lang/Thread.run;java/lang/Thread.runWith;java/util/concurrent/ThreadPoolExecutor$Worker.run;java/util/concurrent/ThreadPoolExecutor.runWorker;java/util/concurrent/FutureTask.run;java/util/concurrent/Executors$RunnableAdapter.call;java/util/concurrent/FutureTask.run;org/openjdk/jmh/runner/BenchmarkHandler$BenchmarkTask.call;org/openjdk/jmh/runner/BenchmarkHandler$BenchmarkTask.call;java/lang/reflect/Method.invoke;jdk/internal/reflect/DirectMethodHandleAccessor.invoke;jdk/internal/reflect/DirectMethodHandleAccessor.invokeImpl;java/lang/invoke/LambdaForm$MH.0x0000000063061400.invokeExact_MT;java/lang/invoke/LambdaForm$MH.0x0000000063061000.invoke;java/lang/invoke/DirectMethodHandle$Holder.invokeSpecial;org/weakref/nitro/clickbench/jmh_generated/BenchmarkQueries_query22_jmhTest.query22_AverageTime;org/weakref/nitro/clickbench/jmh_generated/BenchmarkQueries_query22_jmhTest.query22_avgt_jmhStub;org/weakref/nitro/clickbench/BenchmarkQueries.query22;org/weakref/nitro/clickbench/BenchmarkQueries.consume;org/weakref/nitro/operator/TopNOperator.next;org/weakref/nitro/operator/TopNOperator.computeTopN;org/weakref/nitro/operator/GroupedAggregationOperator.next;org/weakref/nitro/operator/GroupedAggregationOperator.computeResults;org/weakref/nitro/operator/GroupOperator.next;org/weakref/nitro/operator/FilterOperator.next;org/weakref/nitro/operator/evaluator/PlanEvaluator.evaluateInPlace;org/weakref/nitro/operator/evaluator/PlanEvaluator.evaluateTrueMaskInPlace;org/weakref/nitro/operator/evaluator/PlanEvaluator.evaluateAdaptiveAndTrueMaskInPlace;org/weakref/nitro/operator/evaluator/PlanEvaluator.evaluateMeasuredTrueMaskInPlace;org/weakref/nitro/operator/evaluator/PlanEvaluator.evaluateTrueMaskInPlace;org/weakref/nitro/operator/evaluator/PlanEvaluator.evaluateFalseMaskInPlace;org/weakref/nitro/operator/evaluator/PlanEvaluator.tryEvaluatePrimitiveFalseMaskInPlace;org/weakref/nitro/operator/evaluator/PlanEvaluator.tryEvaluatePrimitiveMaskInPlace;org/weakref/nitro/operator/evaluator/PlanEvaluator.resolveMaskPrimitiveInvocation;org/weakref/nitro/operator/evaluator/PlanEvaluator.evaluateArgument;org/weakref/nitro/operator/FilterOperator$1.resolve;org/weakref/nitro/operator/Output.borrowOrNull;org/weakref/nitro/operator/Output.borrow;org/weakref/nitro/operator/Output.borrow;org/weakref/nitro/operator/NitroParquetScanOperator$ScanOutputResolver$$Lambda.0x00000000630aab88.apply;org/weakref/nitro/operator/NitroParquetScanOperator$ScanOutputResolver.resolve;org/weakref/nitro/operator/NitroParquetScanOperator.resolveLazyColumn;org/weakref/nitro/operator/NitroParquetScanOperator.decodeFullColumn;org/weakref/nitro/parquet/ColumnReader.readBinary;org/weakref/nitro/parquet/ColumnReader.readBinaryDirect;org/weakref/nitro/parquet/ColumnReader.decodeNextDataPage;org/weakref/nitro/parquet/ColumnReader.decompress;io/airlift/compress/v3/snappy/SnappyNativeDecompressor.decompress;io/airlift/compress/v3/snappy/SnappyNative.decompress;io/airlift/compress/v3/snappy/SnappyNative.decompressInternal;java/lang/invoke/LambdaForm$MH.0x000000006311c400.invokeExact_MT;java/lang/invoke/LambdaForm$MH.0x0000000063134000.invoke;java/lang/invoke/LambdaForm$DMH.0x00000000630b1400.invokeStatic;jdk/internal/foreign/abi/DowncallStub.0x00000000630b1000.invoke;java/lang/invoke/LambdaForm$MH.0x000000006311d000.invokeExact_MT;java/lang/invoke/LambdaForm$MH.0x0000000063134400.invoke;nep_invoker_blob;snappy_uncompress;snappy::RawUncompress;snappy::RawUncompress;void snappy::SnappyDecompressor::DecompressAllTags<snappy::SnappyArrayWriter>;std::pair<unsigned char const*, long> snappy::DecompressBranchless<char*>;snappy::MemCopy64;/usr/lib/x86_64-linux-gnu/libc.so.6 15
java/lang/Thread.run;java/lang/Thread.runWith;java/util/concurrent/ThreadPoolExecutor$Worker.run;java/util/concurrent/ThreadPoolExecutor.runWorker;java/util/concurrent/FutureTask.run;java/util/concurrent/Executors$RunnableAdapter.call;java/util/concurrent/FutureTask.run;org/openjdk/jmh/runner/BenchmarkHandler$BenchmarkTask.call;org/openjdk/jmh/runner/BenchmarkHandler$BenchmarkTask.call;java/lang/reflect/Method.invoke;jdk/internal/reflect/DirectMethodHandleAccessor.invoke;jdk/internal/reflect/DirectMethodHandleAccessor.invokeImpl;java/lang/invoke/LambdaForm$MH.0x0000000063061400.invokeExact_MT;java/lang/invoke/LambdaForm$MH.0x0000000063061000.invoke;java/lang/invoke/DirectMethodHandle$Holder.invokeSpecial;org/weakref/nitro/clickbench/jmh_generated/BenchmarkQueries_query22_jmhTest.query22_AverageTime;org/weakref/nitro/clickbench/jmh_generated/BenchmarkQueries_query22_jmhTest.query22_avgt_jmhStub;org/weakref/nitro/clickbench/BenchmarkQueries.query22;org/weakref/nitro/clickbench/BenchmarkQueries.consume;org/weakref/nitro/operator/TopNOperator.next;org/weakref/nitro/operator/TopNOperator.computeTopN;org/weakref/nitro/operator/GroupedAggregationOperator.next;org/weakref/nitro/operator/GroupedAggregationOperator.computeResults;org/weakref/nitro/operator/GroupOperator.next;org/weakref/nitro/operator/FilterOperator.next;org/weakref/nitro/operator/evaluator/PlanEvaluator.evaluateInPlace;org/weakref/nitro/operator/evaluator/PlanEvaluator.evaluateTrueMaskInPlace;org/weakref/nitro/operator/evaluator/PlanEvaluator.evaluateAdaptiveAndTrueMaskInPlace;org/weakref/nitro/operator/evaluator/PlanEvaluator.evaluateMeasuredTrueMaskInPlace;org/weakref/nitro/operator/evaluator/PlanEvaluator.evaluateTrueMaskInPlace;org/weakref/nitro/operator/evaluator/PlanEvaluator.evaluateFalseMaskInPlace;org/weakref/nitro/operator/evaluator/PlanEvaluator.tryEvaluatePrimitiveFalseMaskInPlace;org/weakref/nitro/operator/evaluator/PlanEvaluator.tryEvaluatePrimitiveMaskInPlace;org/weakref/nitro/function/scalar/builtin/EqualUtf8.tryEvaluateFalseMaskInPlace;org/weakref/nitro/function/scalar/builtin/Utf8BinaryDispatch.tryEvaluateEqualsFalseMaskInPlace;org/weakref/nitro/function/scalar/builtin/Utf8BinaryDispatch.tryEvaluateEqualsMaskInPlace;org/weakref/nitro/data/Mask.retainIf;org/weakref/nitro/function/scalar/builtin/Utf8BinaryDispatch$$Lambda.0x0000000063125f20.test;org/weakref/nitro/function/scalar/builtin/Utf8BinaryDispatch.lambda$tryEvaluateEqualsMaskInPlace$0;org/weakref/nitro/function/scalar/builtin/Utf8BinaryDispatch.binaryEquals 2
java/lang/Thread.run;java/lang/Thread.runWith;java/util/concurrent/ThreadPoolExecutor$Worker.run;java/util/concurrent/ThreadPoolExecutor.runWorker;java/util/concurrent/FutureTask.run;java/util/concurrent/Executors$RunnableAdapter.call;java/util/concurrent/FutureTask.run;org/openjdk/jmh/runner/BenchmarkHandler$BenchmarkTask.call;org/openjdk/jmh/runner/BenchmarkHandler$BenchmarkTask.call;java/lang/reflect/Method.invoke;jdk/internal/reflect/DirectMethodHandleAccessor.invoke;jdk/internal/reflect/DirectMethodHandleAccessor.invokeImpl;java/lang/invoke/LambdaForm$MH.0x0000000063061400.invokeExact_MT;java/lang/invoke/LambdaForm$MH.0x0000000063061000.invoke;java/lang/invoke/DirectMethodHandle$Holder.invokeSpecial;org/weakref/nitro/clickbench/jmh_generated/BenchmarkQueries_query22_jmhTest.query22_AverageTime;org/weakref/nitro/clickbench/jmh_generated/BenchmarkQueries_query22_jmhTest.query22_avgt_jmhStub;org/weakref/nitro/clickbench/BenchmarkQueries.query22;org/weakref/nitro/clickbench/BenchmarkQueries.consume;org/weakref/nitro/operator/TopNOperator.next;org/weakref/nitro/operator/TopNOperator.computeTopN;org/weakref/nitro/operator/GroupedAggregationOperator.next;org/weakref/nitro/operator/GroupedAggregationOperator.computeResults;org/weakref/nitro/operator/GroupOperator.next;org/weakref/nitro/operator/FilterOperator.next;org/weakref/nitro/operator/evaluator/PlanEvaluator.evaluateInPlace;org/weakref/nitro/operator/evaluator/PlanEvaluator.evaluateTrueMaskInPlace;org/weakref/nitro/operator/evaluator/PlanEvaluator.evaluateAdaptiveAndTrueMaskInPlace;org/weakref/nitro/operator/evaluator/PlanEvaluator.evaluateMeasuredTrueMaskInPlace;org/weakref/nitro/operator/evaluator/PlanEvaluator.evaluateTrueMaskInPlace;org/weakref/nitro/operator/evaluator/PlanEvaluator.evaluateFalseMaskInPlace;org/weakref/nitro/operator/evaluator/PlanEvaluator.tryEvaluatePrimitiveFalseMaskInPlace;org/weakref/nitro/operator/evaluator/PlanEvaluator.tryEvaluatePrimitiveMaskInPlace;org/weakref/nitro/operator/evaluator/PlanEvaluator.resolveMaskPrimitiveInvocation;org/weakref/nitro/operator/evaluator/PlanEvaluator.evaluateArgument;org/weakref/nitro/operator/FilterOperator$1.resolve;org/weakref/nitro/operator/Output.borrowOrNull;org/weakref/nitro/operator/Output.borrow;org/weakref/nitro/operator/Output.borrow;org/weakref/nitro/operator/NitroParquetScanOperator$ScanOutputResolver$$Lambda.0x00000000630aab88.apply;org/weakref/nitro/operator/NitroParquetScanOperator$ScanOutputResolver.resolve;org/weakref/nitro/operator/NitroParquetScanOperator.resolveLazyColumn;org/weakref/nitro/operator/NitroParquetScanOperator.decodeFullColumn;org/weakref/nitro/parquet/ColumnReader.readBinary;org/weakref/nitro/parquet/ColumnReader.readBinaryDirect;org/weakref/nitro/parquet/ColumnReader.decodeNextDataPage;org/weakref/nitro/parquet/ColumnReader.decompress;io/airlift/compress/v3/snappy/SnappyNativeDecompressor.decompress;io/airlift/compress/v3/snappy/SnappyNative.decompress;io/airlift/compress/v3/snappy/SnappyNative.decompressInternal;java/lang/invoke/LambdaForm$MH.0x000000006311c400.invokeExact_MT;java/lang/invoke/LambdaForm$MH.0x0000000063134000.invoke;java/lang/invoke/LambdaForm$DMH.0x00000000630b1400.invokeStatic;jdk/internal/foreign/abi/DowncallStub.0x00000000630b1000.invoke;java/lang/invoke/LambdaForm$MH.0x000000006311d000.invokeExact_MT;java/lang/invoke/LambdaForm$MH.0x0000000063134400.invoke;nep_invoker_blob;snappy_uncompress;snappy::RawUncompress;snappy::RawUncompress;void snappy::SnappyDecompressor::DecompressAllTags<snappy::SnappyArrayWriter>;std::pair<unsigned char const*, long> snappy::DecompressBranchless<char*>;snappy::MemCopy64 3
java/lang/Thread.run;java/lang/Thread.runWith;java/util/concurrent/ThreadPoolExecutor$Worker.run;java/util/concurrent/ThreadPoolExecutor.runWorker;java/util/concurrent/FutureTask.run;java/util/concurrent/Executors$RunnableAdapter.call;java/util/concurrent/FutureTask.run;org/openjdk/jmh/runner/BenchmarkHandler$BenchmarkTask.call;org/openjdk/jmh/runner/BenchmarkHandler$BenchmarkTask.call;java/lang/reflect/Method.invoke;jdk/internal/reflect/DirectMethodHandleAccessor.invoke;jdk/internal/reflect/DirectMethodHandleAccessor.invokeImpl;java/lang/invoke/LambdaForm$MH.0x0000000063061400.invokeExact_MT;java/lang/invoke/LambdaForm$MH.0x0000000063061000.invoke;java/lang/invoke/DirectMethodHandle$Holder.invokeSpecial;org/weakref/nitro/clickbench/jmh_generated/BenchmarkQueries_query22_jmhTest.query22_AverageTime;org/weakref/nitro/clickbench/jmh_generated/BenchmarkQueries_query22_jmhTest.query22_avgt_jmhStub;org/weakref/nitro/clickbench/BenchmarkQueries.query22;org/weakref/nitro/clickbench/BenchmarkQueries.consume;org/weakref/nitro/operator/TopNOperator.next;org/weakref/nitro/operator/TopNOperator.computeTopN;org/weakref/nitro/operator/GroupedAggregationOperator.next;org/weakref/nitro/operator/GroupedAggregationOperator.computeResults;org/weakref/nitro/operator/GroupOperator.next;org/weakref/nitro/operator/FilterOperator.next;org/weakref/nitro/operator/evaluator/PlanEvaluator.evaluateInPlace;org/weakref/nitro/operator/evaluator/PlanEvaluator.evaluateTrueMaskInPlace;org/weakref/nitro/operator/evaluator/PlanEvaluator.evaluateAdaptiveAndTrueMaskInPlace;org/weakref/nitro/operator/evaluator/PlanEvaluator.evaluateMeasuredTrueMaskInPlace;org/weakref/nitro/operator/evaluator/PlanEvaluator.evaluateTrueMaskInPlace;org/weakref/nitro/operator/evaluator/PlanEvaluator.evaluateTrueReferenceMaskFallbackInPlace;org/weakref/nitro/operator/evaluator/PlanEvaluator.evaluate;org/weakref/nitro/operator/evaluator/PlanEvaluator.evaluateUnmemoized;org/weakref/nitro/operator/evaluator/PlanEvaluator.evaluateVariable;org/weakref/nitro/operator/evaluator/PlanEvaluator.evaluateCall;org/weakref/nitro/operator/evaluator/PlanEvaluator.evaluateArgument;org/weakref/nitro/operator/evaluator/PlanEvaluator.evaluate;org/weakref/nitro/operator/evaluator/PlanEvaluator.evaluateUnmemoized;org/weakref/nitro/operator/evaluator/PlanEvaluator.evaluateInput;org/weakref/nitro/operator/FilterOperator$1.resolve;org/weakref/nitro/operator/Output.borrowOrNull;org/weakref/nitro/operator/Output.borrow;org/weakref/nitro/operator/Output.borrow;org/weakref/nitro/operator/NitroParquetScanOperator$ScanOutputResolver$$Lambda.0x00000000630aab88.apply;org/weakref/nitro/operator/NitroParquetScanOperator$ScanOutputResolver.resolve;org/weakref/nitro/operator/NitroParquetScanOperator.resolveLazyColumn;org/weakref/nitro/operator/NitroParquetScanOperator.decodeFullColumn;org/weakref/nitro/parquet/ColumnReader.readBinary;org/weakref/nitro/parquet/ColumnReader.readBinaryDirect;org/weakref/nitro/parquet/ColumnReader.decodeNextDataPage;org/weakref/nitro/parquet/ColumnReader.decompress;io/airlift/compress/v3/snappy/SnappyNativeDecompressor.decompress;io/airlift/compress/v3/snappy/SnappyNative.decompress;io/airlift/compress/v3/snappy/SnappyNative.decompressInternal;java/lang/invoke/LambdaForm$MH.0x000000006311c400.invokeExact_MT;java/lang/invoke/LambdaForm$MH.0x0000000063134000.invoke;java/lang/invoke/LambdaForm$DMH.0x00000000630b1400.invokeStatic;jdk/internal/foreign/abi/DowncallStub.0x00000000630b1000.invoke;java/lang/invoke/LambdaForm$MH.0x000000006311d000.invokeExact_MT;java/lang/invoke/LambdaForm$MH.0x0000000063134400.invoke;nep_invoker_blob;snappy_uncompress;snappy::RawUncompress;snappy::RawUncompress;void snappy::SnappyDecompressor::DecompressAllTags<snappy::SnappyArrayWriter>;std::pair<unsigned char const*, long> snappy::DecompressBranchless<char*>;snappy::MemCopy64 65
java/lang/Thread.run;java/lang/Thread.runWith;java/util/concurrent/ThreadPoolExecutor$Worker.run;java/util/concurrent/ThreadPoolExecutor.runWorker;java/util/concurrent/FutureTask.run;java/util/concurrent/Executors$RunnableAdapter.call;java/util/concurrent/FutureTask.run;org/openjdk/jmh/runner/BenchmarkHandler$BenchmarkTask.call;org/openjdk/jmh/runner/BenchmarkHandler$BenchmarkTask.call;java/lang/reflect/Method.invoke;jdk/internal/reflect/DirectMethodHandleAccessor.invoke;jdk/internal/reflect/DirectMethodHandleAccessor.invokeImpl;java/lang/invoke/LambdaForm$MH.0x0000000063061400.invokeExact_MT;java/lang/invoke/LambdaForm$MH.0x0000000063061000.invoke;java/lang/invoke/DirectMethodHandle$Holder.invokeSpecial;org/weakref/nitro/clickbench/jmh_generated/BenchmarkQueries_query22_jmhTest.query22_AverageTime;org/weakref/nitro/clickbench/jmh_generated/BenchmarkQueries_query22_jmhTest.query22_avgt_jmhStub;org/weakref/nitro/clickbench/BenchmarkQueries.query22;org/weakref/nitro/clickbench/BenchmarkQueries.consume;org/weakref/nitro/operator/TopNOperator.next;org/weakref/nitro/operator/TopNOperator.computeTopN;org/weakref/nitro/operator/GroupedAggregationOperator.next;org/weakref/nitro/operator/GroupedAggregationOperator.computeResults;org/weakref/nitro/operator/GroupOperator.next;org/weakref/nitro/operator/FilterOperator.next;org/weakref/nitro/operator/evaluator/PlanEvaluator.evaluateInPlace;org/weakref/nitro/operator/evaluator/PlanEvaluator.evaluateTrueMaskInPlace;org/weakref/nitro/operator/evaluator/PlanEvaluator.evaluateAdaptiveAndTrueMaskInPlace;org/weakref/nitro/operator/evaluator/PlanEvaluator.evaluateMeasuredTrueMaskInPlace;org/weakref/nitro/operator/evaluator/PlanEvaluator.evaluateTrueMaskInPlace;org/weakref/nitro/operator/evaluator/PlanEvaluator.evaluateTrueReferenceMaskFallbackInPlace;org/weakref/nitro/operator/evaluator/PlanEvaluator.evaluate;org/weakref/nitro/operator/evaluator/PlanEvaluator.evaluateUnmemoized;org/weakref/nitro/operator/evaluator/PlanEvaluator.evaluateVariable;org/weakref/nitro/operator/evaluator/PlanEvaluator.evaluateCall;org/weakref/nitro/operator/evaluator/PlanEvaluator.evaluateArgument;org/weakref/nitro/operator/evaluator/PlanEvaluator.evaluate;org/weakref/nitro/operator/evaluator/PlanEvaluator.evaluateUnmemoized;org/weakref/nitro/operator/evaluator/PlanEvaluator.evaluateInput;org/weakref/nitro/operator/FilterOperator$1.resolve;org/weakref/nitro/operator/Output.borrowOrNull;org/weakref/nitro/operator/Output.borrow;org/weakref/nitro/operator/Output.borrow;org/weakref/nitro/operator/NitroParquetScanOperator$ScanOutputResolver$$Lambda.0x00000000630aab88.apply;org/weakref/nitro/operator/NitroParquetScanOperator$ScanOutputResolver.resolve;org/weakref/nitro/operator/NitroParquetScanOperator.resolveLazyColumn;org/weakref/nitro/operator/NitroParquetScanOperator.decodeFullColumn;org/weakref/nitro/parquet/ColumnReader.readBinary;org/weakref/nitro/parquet/ColumnReader.readBinaryDirect;org/weakref/nitro/parquet/ColumnReader.decodeNextDataPage;org/weakref/nitro/parquet/ColumnReader.decompress;io/airlift/compress/v3/snappy/SnappyNativeDecompressor.decompress;io/airlift/compress/v3/snappy/SnappyNative.decompress;io/airlift/compress/v3/snappy/SnappyNative.decompressInternal;java/lang/invoke/LambdaForm$MH.0x000000006311c400.invokeExact_MT;java/lang/invoke/LambdaForm$MH.0x0000000063134000.invoke;java/lang/invoke/LambdaForm$DMH.0x00000000630b1400.invokeStatic;jdk/internal/foreign/abi/DowncallStub.0x00000000630b1000.invoke;java/lang/invoke/LambdaForm$MH.0x000000006311d000.invokeExact_MT;java/lang/invoke/LambdaForm$MH.0x0000000063134400.invoke;nep_invoker_blob;snappy_uncompress;snappy::RawUncompress;snappy::RawUncompress;void snappy::SnappyDecompressor::DecompressAllTags<snappy::SnappyArrayWriter>;std::pair<unsigned char const*, long> snappy::DecompressBranchless<char*>;snappy::MemCopy64;/usr/lib/x86_64-linux-gnu/libc.so.6 68
java/lang/Thread.run;java/lang/Thread.runWith;java/util/concurrent/ThreadPoolExecutor$Worker.run;java/util/concurrent/ThreadPoolExecutor.runWorker;java/util/concurrent/FutureTask.run;java/util/concurrent/Executors$RunnableAdapter.call;java/util/concurrent/FutureTask.run;org/openjdk/jmh/runner/BenchmarkHandler$BenchmarkTask.call;org/openjdk/jmh/runner/BenchmarkHandler$BenchmarkTask.call;java/lang/reflect/Method.invoke;jdk/internal/reflect/DirectMethodHandleAccessor.invoke;jdk/internal/reflect/DirectMethodHandleAccessor.invokeImpl;java/lang/invoke/LambdaForm$MH.0x0000000063061400.invokeExact_MT;java/lang/invoke/LambdaForm$MH.0x0000000063061000.invoke;java/lang/invoke/DirectMethodHandle$Holder.invokeSpecial;org/weakref/nitro/clickbench/jmh_generated/BenchmarkQueries_query22_jmhTest.query22_AverageTime;org/weakref/nitro/clickbench/jmh_generated/BenchmarkQueries_query22_jmhTest.query22_avgt_jmhStub;org/weakref/nitro/clickbench/BenchmarkQueries.query22;org/weakref/nitro/clickbench/BenchmarkQueries.consume;org/weakref/nitro/operator/TopNOperator.next;org/weakref/nitro/operator/TopNOperator.computeTopN;org/weakref/nitro/operator/GroupedAggregationOperator.next;org/weakref/nitro/operator/GroupedAggregationOperator.computeResults;org/weakref/nitro/operator/GroupOperator.next;org/weakref/nitro/operator/FilterOperator.next;org/weakref/nitro/operator/evaluator/PlanEvaluator.evaluateInPlace;org/weakref/nitro/operator/evaluator/PlanEvaluator.evaluateTrueMaskInPlace;org/weakref/nitro/operator/evaluator/PlanEvaluator.evaluateAdaptiveAndTrueMaskInPlace;org/weakref/nitro/operator/evaluator/PlanEvaluator.evaluateMeasuredTrueMaskInPlace;org/weakref/nitro/operator/evaluator/PlanEvaluator.evaluateTrueMaskInPlace;org/weakref/nitro/operator/evaluator/PlanEvaluator.evaluateFalseMaskInPlace;org/weakref/nitro/operator/evaluator/PlanEvaluator.tryEvaluatePrimitiveFalseMaskInPlace;org/weakref/nitro/operator/evaluator/PlanEvaluator.tryEvaluatePrimitiveMaskInPlace;org/weakref/nitro/function/scalar/builtin/EqualUtf8.tryEvaluateFalseMaskInPlace;org/weakref/nitro/function/scalar/builtin/Utf8BinaryDispatch.tryEvaluateEqualsFalseMaskInPlace;org/weakref/nitro/function/scalar/builtin/Utf8BinaryDispatch.tryEvaluateEqualsMaskInPlace;org/weakref/nitro/data/Mask.retainIf 1
java/lang/Thread.run;java/lang/Thread.runWith;java/util/concurrent/ThreadPoolExecutor$Worker.run;java/util/concurrent/ThreadPoolExecutor.runWorker;java/util/concurrent/FutureTask.run;java/util/concurrent/Executors$RunnableAdapter.call;java/util/concurrent/FutureTask.run;org/openjdk/jmh/runner/BenchmarkHandler$BenchmarkTask.call;org/openjdk/jmh/runner/BenchmarkHandler$BenchmarkTask.call;java/lang/reflect/Method.invoke;jdk/internal/reflect/DirectMethodHandleAccessor.invoke;jdk/internal/reflect/DirectMethodHandleAccessor.invokeImpl;java/lang/invoke/LambdaForm$MH.0x0000000063061400.invokeExact_MT;java/lang/invoke/LambdaForm$MH.0x0000000063061000.invoke;java/lang/invoke/DirectMethodHandle$Holder.invokeSpecial;org/weakref/nitro/clickbench/jmh_generated/BenchmarkQueries_query22_jmhTest.query22_AverageTime;org/weakref/nitro/clickbench/jmh_generated/BenchmarkQueries_query22_jmhTest.query22_avgt_jmhStub;org/weakref/nitro/clickbench/BenchmarkQueries.query22;org/weakref/nitro/clickbench/BenchmarkQueries.consume;org/weakref/nitro/operator/TopNOperator.next;org/weakref/nitro/operator/TopNOperator.computeTopN;org/weakref/nitro/operator/GroupedAggregationOperator.next;org/weakref/nitro/operator/GroupedAggregationOperator.computeResults;org/weakref/nitro/operator/GroupOperator.next;org/weakref/nitro/operator/FilterOperator.next;org/weakref/nitro/operator/evaluator/PlanEvaluator.evaluateInPlace;org/weakref/nitro/operator/evaluator/PlanEvaluator.evaluateTrueMaskInPlace;org/weakref/nitro/operator/evaluator/PlanEvaluator.evaluateAdaptiveAndTrueMaskInPlace;org/weakref/nitro/operator/evaluator/PlanEvaluator.evaluateMeasuredTrueMaskInPlace;org/weakref/nitro/operator/evaluator/PlanEvaluator.evaluateTrueMaskInPlace;org/weakref/nitro/operator/evaluator/PlanEvaluator.evaluateTrueReferenceMaskFallbackInPlace;org/weakref/nitro/function/scalar/builtin/VectorAccess.isAllFalseNulls;org/weakref/nitro/data/BooleanVector.isAllFalse 1
/usr/lib/x86_64-linux-gnu/libc.so.6;/usr/lib/x86_64-linux-gnu/libc.so.6;thread_native_entry;Thread::call_run;WorkerThread::run;G1RebuildRSAndScrubTask::work;G1HeapRegionManager::par_iterate;G1RebuildRSAndScrubTask::G1RebuildRSAndScrubRegionClosure::do_heap_region;void OopOopIterateDispatch<G1RebuildRemSetClosure>::Table::oop_oop_iterate<InstanceKlass, narrowOop> 1
java/lang/Thread.run;java/lang/Thread.runWith;java/util/concurrent/ThreadPoolExecutor$Worker.run;java/util/concurrent/ThreadPoolExecutor.runWorker;java/util/concurrent/FutureTask.run;java/util/concurrent/Executors$RunnableAdapter.call;java/util/concurrent/FutureTask.run;org/openjdk/jmh/runner/BenchmarkHandler$BenchmarkTask.call;org/openjdk/jmh/runner/BenchmarkHandler$BenchmarkTask.call;java/lang/reflect/Method.invoke;jdk/internal/reflect/DirectMethodHandleAccessor.invoke;jdk/internal/reflect/DirectMethodHandleAccessor.invokeImpl;java/lang/invoke/LambdaForm$MH.0x0000000063061400.invokeExact_MT;java/lang/invoke/LambdaForm$MH.0x0000000063061000.invoke;java/lang/invoke/DirectMethodHandle$Holder.invokeSpecial;org/weakref/nitro/clickbench/jmh_generated/BenchmarkQueries_query22_jmhTest.query22_AverageTime;org/weakref/nitro/clickbench/jmh_generated/BenchmarkQueries_query22_jmhTest.query22_avgt_jmhStub;org/weakref/nitro/clickbench/BenchmarkQueries.query22;org/weakref/nitro/clickbench/BenchmarkQueries.consume;org/weakref/nitro/operator/TopNOperator.next;org/weakref/nitro/operator/TopNOperator.computeTopN;org/weakref/nitro/operator/GroupedAggregationOperator.next;org/weakref/nitro/operator/GroupedAggregationOperator.computeResults;org/weakref/nitro/operator/GroupOperator.next;org/weakref/nitro/operator/FilterOperator.next;org/weakref/nitro/operator/evaluator/PlanEvaluator.evaluateInPlace;org/weakref/nitro/operator/evaluator/PlanEvaluator.evaluateTrueMaskInPlace;org/weakref/nitro/operator/evaluator/PlanEvaluator.evaluateAdaptiveAndTrueMaskInPlace;org/weakref/nitro/operator/evaluator/PlanEvaluator.evaluateMeasuredTrueMaskInPlace;org/weakref/nitro/operator/evaluator/PlanEvaluator.evaluateTrueMaskInPlace;org/weakref/nitro/operator/evaluator/PlanEvaluator.evaluateTrueReferenceMaskFallbackInPlace;org/weakref/nitro/operator/evaluator/PlanEvaluator.evaluate;org/weakref/nitro/operator/evaluator/PlanEvaluator.evaluateUnmemoized;org/weakref/nitro/operator/evaluator/PlanEvaluator.evaluateVariable;org/weakref/nitro/operator/evaluator/PlanEvaluator.evaluateCall;org/weakref/nitro/operator/evaluator/PlanEvaluator.evaluateArgument;org/weakref/nitro/operator/evaluator/PlanEvaluator.evaluate;org/weakref/nitro/operator/evaluator/PlanEvaluator.evaluateUnmemoized;org/weakref/nitro/operator/evaluator/PlanEvaluator.evaluateInput;org/weakref/nitro/operator/FilterOperator$1.resolve;org/weakref/nitro/operator/Output.borrowOrNull;org/weakref/nitro/operator/Output.borrow;org/weakref/nitro/operator/Output.borrow;org/weakref/nitro/operator/NitroParquetScanOperator$ScanOutputResolver$$Lambda.0x00000000630aab88.apply;org/weakref/nitro/operator/NitroParquetScanOperator$ScanOutputResolver.resolve;org/weakref/nitro/operator/NitroParquetScanOperator.resolveLazyColumn;org/weakref/nitro/operator/NitroParquetScanOperator.decodeFullColumn;org/weakref/nitro/parquet/ColumnReader.readBinary;org/weakref/nitro/parquet/ColumnReader.readBinaryDirect;org/weakref/nitro/parquet/ColumnReader.decodeNextDataPage;org/weakref/nitro/parquet/ColumnReader.decodeDataPageV1;jdk/internal/foreign/AbstractMemorySegmentImpl.get;java/lang/invoke/VarHandleGuards.guard_LJ_I;java/lang/invoke/VarHandleSegmentAsInts.get;java/lang/invoke/VarHandleSegmentAsInts.get;jdk/internal/misc/ScopedMemoryAccess.getIntUnaligned;jdk/internal/misc/ScopedMemoryAccess.getIntUnalignedInternal;jdk/internal/foreign/MemorySessionImpl.checkValidStateRaw;unsafe_arraycopy_stub 14
/usr/lib/x86_64-linux-gnu/libc.so.6;/usr/lib/x86_64-linux-gnu/libc.so.6;thread_native_entry;Thread::call_run;JavaThread::thread_main_inner;CompileBroker::compiler_thread_loop;CompileBroker::invoke_compiler_on_method;C2Compiler::compile_method;Compile::Compile;Compile::Code_Gen;PhaseChaitin::Register_Allocate;PhaseChaitin::Split;PhaseChaitin::split_USE;PhaseChaitin::get_spillcopy_wide 1
java/lang/Thread.run;java/lang/Thread.runWith;java/util/concurrent/ThreadPoolExecutor$Worker.run;java/util/concurrent/ThreadPoolExecutor.runWorker;java/util/concurrent/FutureTask.run;java/util/concurrent/Executors$RunnableAdapter.call;java/util/concurrent/FutureTask.run;org/openjdk/jmh/runner/BenchmarkHandler$BenchmarkTask.call;org/openjdk/jmh/runner/BenchmarkHandler$BenchmarkTask.call;java/lang/reflect/Method.invoke;jdk/internal/reflect/DirectMethodHandleAccessor.invoke;jdk/internal/reflect/DirectMethodHandleAccessor.invokeImpl;java/lang/invoke/LambdaForm$MH.0x0000000063061400.invokeExact_MT;java/lang/invoke/LambdaForm$MH.0x0000000063061000.invoke;java/lang/invoke/DirectMethodHandle$Holder.invokeSpecial;org/weakref/nitro/clickbench/jmh_generated/BenchmarkQueries_query22_jmhTest.query22_AverageTime;org/weakref/nitro/clickbench/jmh_generated/BenchmarkQueries_query22_jmhTest.query22_avgt_jmhStub;org/weakref/nitro/clickbench/BenchmarkQueries.query22;org/weakref/nitro/clickbench/BenchmarkQueries.consume;org/weakref/nitro/operator/TopNOperator.next;org/weakref/nitro/operator/TopNOperator.computeTopN;org/weakref/nitro/operator/GroupedAggregationOperator.next;org/weakref/nitro/operator/GroupedAggregationOperator.computeResults;org/weakref/nitro/operator/GroupOperator.next;org/weakref/nitro/operator/FilterOperator.next;org/weakref/nitro/operator/evaluator/PlanEvaluator.evaluateInPlace;org/weakref/nitro/operator/evaluator/PlanEvaluator.evaluateTrueMaskInPlace;org/weakref/nitro/operator/evaluator/PlanEvaluator.evaluateAdaptiveAndTrueMaskInPlace;org/weakref/nitro/operator/evaluator/PlanEvaluator.evaluateMeasuredTrueMaskInPlace;org/weakref/nitro/operator/evaluator/PlanEvaluator.evaluateTrueMaskInPlace;org/weakref/nitro/operator/evaluator/PlanEvaluator.evaluateFalseMaskInPlace;org/weakref/nitro/operator/evaluator/PlanEvaluator.tryEvaluatePrimitiveFalseMaskInPlace;org/weakref/nitro/operator/evaluator/PlanEvaluator.tryEvaluatePrimitiveMaskInPlace;org/weakref/nitro/operator/evaluator/PlanEvaluator.resolveMaskPrimitiveInvocation;org/weakref/nitro/operator/evaluator/PlanEvaluator.evaluateArgument;org/weakref/nitro/operator/FilterOperator$1.resolve;org/weakref/nitro/operator/Output.borrowOrNull;org/weakref/nitro/operator/Output.borrow;org/weakref/nitro/operator/Output.borrow;org/weakref/nitro/operator/NitroParquetScanOperator$ScanOutputResolver$$Lambda.0x00000000630aab88.apply;org/weakref/nitro/operator/NitroParquetScanOperator$ScanOutputResolver.resolve;org/weakref/nitro/operator/NitroParquetScanOperator.resolveLazyColumn;org/weakref/nitro/operator/NitroParquetScanOperator.decodeFullColumn;org/weakref/nitro/parquet/ColumnReader.readBinary;org/weakref/nitro/parquet/ColumnReader.readBinaryDirect;org/weakref/nitro/parquet/ColumnReader.decodeNextDataPage;org/weakref/nitro/parquet/ColumnReader.decodeDataPageV1;org/weakref/nitro/parquet/RleReader.read;org/weakref/nitro/parquet/RleReader.loadNextRun;org/weakref/nitro/parquet/RleReader.readUleb128;jdk/internal/foreign/AbstractMemorySegmentImpl.get;java/lang/invoke/VarHandleGuards.guard_LJ_J;java/lang/invoke/VarHandleSegmentAsLongs.get;java/lang/invoke/VarHandleSegmentAsLongs.get;jdk/internal/foreign/AbstractMemorySegmentImpl.sessionImpl 1
java/lang/Thread.run;java/lang/Thread.runWith;java/util/concurrent/ThreadPoolExecutor$Worker.run;java/util/concurrent/ThreadPoolExecutor.runWorker;java/util/concurrent/FutureTask.run;java/util/concurrent/Executors$RunnableAdapter.call;java/util/concurrent/FutureTask.run;org/openjdk/jmh/runner/BenchmarkHandler$BenchmarkTask.call;org/openjdk/jmh/runner/BenchmarkHandler$BenchmarkTask.call;java/lang/reflect/Method.invoke;jdk/internal/reflect/DirectMethodHandleAccessor.invoke;jdk/internal/reflect/DirectMethodHandleAccessor.invokeImpl;java/lang/invoke/LambdaForm$MH.0x0000000063061400.invokeExact_MT;java/lang/invoke/LambdaForm$MH.0x0000000063061000.invoke;java/lang/invoke/DirectMethodHandle$Holder.invokeSpecial;org/weakref/nitro/clickbench/jmh_generated/BenchmarkQueries_query22_jmhTest.query22_AverageTime;org/weakref/nitro/clickbench/jmh_generated/BenchmarkQueries_query22_jmhTest.query22_avgt_jmhStub;org/weakref/nitro/clickbench/BenchmarkQueries.query22;org/weakref/nitro/clickbench/BenchmarkQueries.consume;org/weakref/nitro/operator/TopNOperator.next;org/weakref/nitro/operator/TopNOperator.computeTopN;org/weakref/nitro/operator/GroupedAggregationOperator.next;org/weakref/nitro/operator/GroupedAggregationOperator.computeResults;org/weakref/nitro/operator/GroupOperator.next;org/weakref/nitro/operator/FilterOperator.next;org/weakref/nitro/operator/evaluator/PlanEvaluator.evaluateInPlace;org/weakref/nitro/operator/evaluator/PlanEvaluator.evaluateTrueMaskInPlace;org/weakref/nitro/operator/evaluator/PlanEvaluator.evaluateAdaptiveAndTrueMaskInPlace;org/weakref/nitro/operator/evaluator/PlanEvaluator.evaluateMeasuredTrueMaskInPlace;org/weakref/nitro/operator/evaluator/PlanEvaluator.evaluateTrueMaskInPlace;org/weakref/nitro/operator/evaluator/PlanEvaluator.evaluateTrueReferenceMaskFallbackInPlace;org/weakref/nitro/operator/evaluator/PlanEvaluator.evaluate;org/weakref/nitro/operator/evaluator/PlanEvaluator.evaluateUnmemoized;org/weakref/nitro/operator/evaluator/PlanEvaluator.evaluateVariable;org/weakref/nitro/operator/evaluator/PlanEvaluator.evaluateCall;org/weakref/nitro/operator/evaluator/PlanEvaluator.evaluateArgument;org/weakref/nitro/operator/evaluator/PlanEvaluator.evaluate;org/weakref/nitro/operator/evaluator/PlanEvaluator.evaluateUnmemoized;org/weakref/nitro/operator/evaluator/PlanEvaluator.evaluateInput;org/weakref/nitro/operator/FilterOperator$1.resolve;org/weakref/nitro/operator/Output.borrowOrNull;org/weakref/nitro/operator/Output.borrow;org/weakref/nitro/operator/Output.borrow;org/weakref/nitro/operator/NitroParquetScanOperator$ScanOutputResolver$$Lambda.0x00000000630aab88.apply;org/weakref/nitro/operator/NitroParquetScanOperator$ScanOutputResolver.resolve;org/weakref/nitro/operator/NitroParquetScanOperator.resolveLazyColumn;org/weakref/nitro/operator/NitroParquetScanOperator.decodeFullColumn;org/weakref/nitro/parquet/ColumnReader.readBinary;org/weakref/nitro/parquet/ColumnReader.readBinaryDirect;org/weakref/nitro/parquet/ColumnReader.decodeNextDataPage;org/weakref/nitro/parquet/ColumnReader.decompress;io/airlift/compress/v3/snappy/SnappyNativeDecompressor.decompress;io/airlift/compress/v3/snappy/SnappyNative.decompress;io/airlift/compress/v3/snappy/SnappyNative.decompressInternal;java/lang/invoke/LambdaForm$MH.0x000000006311c400.invokeExact_MT;java/lang/invoke/LambdaForm$MH.0x0000000063134000.invoke;java/lang/invoke/LambdaForm$DMH.0x00000000630b1400.invokeStatic;jdk/internal/foreign/abi/DowncallStub.0x00000000630b1000.invoke;java/lang/invoke/LambdaForm$MH.0x000000006311d000.invokeExact_MT;java/lang/invoke/LambdaForm$MH.0x0000000063134400.invoke;nep_invoker_blob;snappy_uncompress;snappy::RawUncompress;snappy::RawUncompress;void snappy::SnappyDecompressor::DecompressAllTags<snappy::SnappyArrayWriter>;std::pair<unsigned char const*, long> snappy::DecompressBranchless<char*>;snappy::MemCopy64;/usr/lib/x86_64-linux-gnu/libc.so.6;asm_exc_page_fault_[k];exc_page_fault_[k];do_user_addr_fault_[k];handle_mm_fault_[k];__handle_mm_fault_[k];handle_pte_fault_[k];do_fault_[k];do_read_fault_[k];filemap_map_pages_[k];set_pte_range_[k];folio_add_file_rmap_ptes_[k];__lruvec_stat_mod_folio_[k];mod_memcg_lruvec_state_[k] 1
java/lang/Thread.run;java/lang/Thread.runWith;java/util/concurrent/ThreadPoolExecutor$Worker.run;java/util/concurrent/ThreadPoolExecutor.runWorker;java/util/concurrent/FutureTask.run;java/util/concurrent/Executors$RunnableAdapter.call;java/util/concurrent/FutureTask.run;org/openjdk/jmh/runner/BenchmarkHandler$BenchmarkTask.call;org/openjdk/jmh/runner/BenchmarkHandler$BenchmarkTask.call;java/lang/reflect/Method.invoke;jdk/internal/reflect/DirectMethodHandleAccessor.invoke;jdk/internal/reflect/DirectMethodHandleAccessor.invokeImpl;java/lang/invoke/LambdaForm$MH.0x0000000063061400.invokeExact_MT;java/lang/invoke/LambdaForm$MH.0x0000000063061000.invoke;java/lang/invoke/DirectMethodHandle$Holder.invokeSpecial;org/weakref/nitro/clickbench/jmh_generated/BenchmarkQueries_query22_jmhTest.query22_AverageTime;org/weakref/nitro/clickbench/jmh_generated/BenchmarkQueries_query22_jmhTest.query22_avgt_jmhStub;org/weakref/nitro/clickbench/BenchmarkQueries.query22;org/weakref/nitro/clickbench/BenchmarkQueries.consume;org/weakref/nitro/operator/TopNOperator.next;org/weakref/nitro/operator/TopNOperator.computeTopN;org/weakref/nitro/operator/GroupedAggregationOperator.next;org/weakref/nitro/operator/GroupedAggregationOperator.computeResults;org/weakref/nitro/operator/GroupOperator.next;org/weakref/nitro/operator/FilterOperator.next;org/weakref/nitro/operator/evaluator/PlanEvaluator.evaluateInPlace;org/weakref/nitro/operator/evaluator/PlanEvaluator.evaluateTrueMaskInPlace;org/weakref/nitro/operator/evaluator/PlanEvaluator.evaluateAdaptiveAndTrueMaskInPlace;org/weakref/nitro/operator/evaluator/PlanEvaluator.evaluateMeasuredTrueMaskInPlace;org/weakref/nitro/operator/evaluator/PlanEvaluator.evaluateTrueMaskInPlace;org/weakref/nitro/operator/evaluator/PlanEvaluator.evaluateFalseMaskInPlace;org/weakref/nitro/operator/evaluator/PlanEvaluator.tryEvaluatePrimitiveFalseMaskInPlace;org/weakref/nitro/operator/evaluator/PlanEvaluator.tryEvaluatePrimitiveMaskInPlace;org/weakref/nitro/function/scalar/builtin/EqualUtf8.tryEvaluateFalseMaskInPlace;org/weakref/nitro/function/scalar/builtin/Utf8BinaryDispatch.tryEvaluateEqualsFalseMaskInPlace;org/weakref/nitro/function/scalar/builtin/Utf8BinaryDispatch.tryEvaluateEqualsMaskInPlace;org/weakref/nitro/data/Mask.retainIf;org/weakref/nitro/function/scalar/builtin/Utf8BinaryDispatch$$Lambda.0x0000000063125f20.test;org/weakref/nitro/function/scalar/builtin/Utf8BinaryDispatch.lambda$tryEvaluateEqualsMaskInPlace$0;org/weakref/nitro/function/scalar/builtin/Utf8BinaryDispatch.binaryEquals;org/weakref/nitro/function/scalar/builtin/Utf8BinaryDispatch.binaryEquals;org/weakref/nitro/data/RleVector.runIndex;java/util/Arrays.binarySearch;java/util/Arrays.binarySearch0 1
java/lang/Thread.run;java/lang/Thread.runWith;java/util/concurrent/ThreadPoolExecutor$Worker.run;java/util/concurrent/ThreadPoolExecutor.runWorker;java/util/concurrent/FutureTask.run;java/util/concurrent/Executors$RunnableAdapter.call;java/util/concurrent/FutureTask.run;org/openjdk/jmh/runner/BenchmarkHandler$BenchmarkTask.call;org/openjdk/jmh/runner/BenchmarkHandler$BenchmarkTask.call;java/lang/reflect/Method.invoke;jdk/internal/reflect/DirectMethodHandleAccessor.invoke;jdk/internal/reflect/DirectMethodHandleAccessor.invokeImpl;java/lang/invoke/LambdaForm$MH.0x0000000063061400.invokeExact_MT;java/lang/invoke/LambdaForm$MH.0x0000000063061000.invoke;java/lang/invoke/DirectMethodHandle$Holder.invokeSpecial;org/weakref/nitro/clickbench/jmh_generated/BenchmarkQueries_query22_jmhTest.query22_AverageTime;org/weakref/nitro/clickbench/jmh_generated/BenchmarkQueries_query22_jmhTest.query22_avgt_jmhStub;org/weakref/nitro/clickbench/BenchmarkQueries.query22;org/weakref/nitro/clickbench/BenchmarkQueries.consume;org/weakref/nitro/operator/TopNOperator.next;org/weakref/nitro/operator/TopNOperator.computeTopN;org/weakref/nitro/operator/GroupedAggregationOperator.next;org/weakref/nitro/operator/GroupedAggregationOperator.computeResults;org/weakref/nitro/operator/GroupOperator.next;org/weakref/nitro/operator/FilterOperator.next;org/weakref/nitro/operator/evaluator/PlanEvaluator.evaluateInPlace;org/weakref/nitro/operator/evaluator/PlanEvaluator.evaluateTrueMaskInPlace;org/weakref/nitro/operator/evaluator/PlanEvaluator.evaluateAdaptiveAndTrueMaskInPlace;org/weakref/nitro/operator/evaluator/PlanEvaluator.evaluateMeasuredTrueMaskInPlace;org/weakref/nitro/operator/evaluator/PlanEvaluator.evaluateTrueMaskInPlace;org/weakref/nitro/operator/evaluator/PlanEvaluator.evaluateTrueReferenceMaskFallbackInPlace;org/weakref/nitro/operator/evaluator/PlanEvaluator.evaluate;org/weakref/nitro/operator/evaluator/PlanEvaluator.evaluateUnmemoized;org/weakref/nitro/operator/evaluator/PlanEvaluator.evaluateVariable;org/weakref/nitro/operator/evaluator/PlanEvaluator.evaluateCall;org/weakref/nitro/operator/evaluator/PlanEvaluator.evaluateArgument;org/weakref/nitro/operator/evaluator/PlanEvaluator.evaluate;org/weakref/nitro/operator/evaluator/PlanEvaluator.evaluateUnmemoized;org/weakref/nitro/operator/evaluator/PlanEvaluator.evaluateInput;org/weakref/nitro/operator/FilterOperator$1.resolve;org/weakref/nitro/operator/Output.borrowOrNull;org/weakref/nitro/operator/Output.borrow;org/weakref/nitro/operator/Output.borrow;org/weakref/nitro/operator/NitroParquetScanOperator$ScanOutputResolver$$Lambda.0x00000000630aab88.apply;org/weakref/nitro/operator/NitroParquetScanOperator$ScanOutputResolver.resolve;org/weakref/nitro/operator/NitroParquetScanOperator.resolveLazyColumn;org/weakref/nitro/operator/NitroParquetScanOperator.decodeFullColumn;org/weakref/nitro/parquet/ColumnReader.readBinary;org/weakref/nitro/parquet/ColumnReader.readBinaryDirect;org/weakref/nitro/parquet/ColumnReader.decodeNextDataPage;org/weakref/nitro/parquet/ColumnReader.decodeDataPageV1;org/weakref/nitro/parquet/RleReader.read;org/weakref/nitro/parquet/RleReader.loadNextRun;org/weakref/nitro/parquet/RleReader.readUleb128 1
java/lang/Thread.run;java/lang/Thread.runWith;java/util/concurrent/ThreadPoolExecutor$Worker.run;java/util/concurrent/ThreadPoolExecutor.runWorker;java/util/concurrent/FutureTask.run;java/util/concurrent/Executors$RunnableAdapter.call;java/util/concurrent/FutureTask.run;org/openjdk/jmh/runner/BenchmarkHandler$BenchmarkTask.call;org/openjdk/jmh/runner/BenchmarkHandler$BenchmarkTask.call;java/lang/reflect/Method.invoke;jdk/internal/reflect/DirectMethodHandleAccessor.invoke;jdk/internal/reflect/DirectMethodHandleAccessor.invokeImpl;java/lang/invoke/LambdaForm$MH.0x0000000063061400.invokeExact_MT;java/lang/invoke/LambdaForm$MH.0x0000000063061000.invoke;java/lang/invoke/DirectMethodHandle$Holder.invokeSpecial;org/weakref/nitro/clickbench/jmh_generated/BenchmarkQueries_query22_jmhTest.query22_AverageTime;org/weakref/nitro/clickbench/jmh_generated/BenchmarkQueries_query22_jmhTest.query22_avgt_jmhStub;org/weakref/nitro/clickbench/BenchmarkQueries.query22;org/weakref/nitro/clickbench/BenchmarkQueries.consume;org/weakref/nitro/operator/TopNOperator.next;org/weakref/nitro/operator/TopNOperator.computeTopN;org/weakref/nitro/operator/GroupedAggregationOperator.next;org/weakref/nitro/operator/GroupedAggregationOperator.computeResults;org/weakref/nitro/operator/GroupOperator.next;org/weakref/nitro/operator/FilterOperator.next;org/weakref/nitro/operator/evaluator/PlanEvaluator.evaluateInPlace;org/weakref/nitro/operator/evaluator/PlanEvaluator.evaluateTrueMaskInPlace;org/weakref/nitro/operator/evaluator/PlanEvaluator.evaluateAdaptiveAndTrueMaskInPlace;org/weakref/nitro/operator/evaluator/PlanEvaluator.evaluateMeasuredTrueMaskInPlace;org/weakref/nitro/operator/evaluator/PlanEvaluator.evaluateTrueMaskInPlace;org/weakref/nitro/operator/evaluator/PlanEvaluator.evaluateTrueReferenceMaskFallbackInPlace;org/weakref/nitro/operator/evaluator/PlanEvaluator.evaluate;org/weakref/nitro/operator/evaluator/PlanEvaluator.evaluateUnmemoized;org/weakref/nitro/operator/evaluator/PlanEvaluator.evaluateVariable;org/weakref/nitro/operator/evaluator/PlanEvaluator.evaluateCall;org/weakref/nitro/operator/evaluator/PlanEvaluator.evaluateArgument;org/weakref/nitro/operator/evaluator/PlanEvaluator.evaluate;org/weakref/nitro/operator/evaluator/PlanEvaluator.evaluateUnmemoized;org/weakref/nitro/operator/evaluator/PlanEvaluator.evaluateInput;org/weakref/nitro/operator/FilterOperator$1.resolve;org/weakref/nitro/operator/Output.borrowOrNull;org/weakref/nitro/operator/Output.borrow;org/weakref/nitro/operator/Output.borrow;org/weakref/nitro/operator/NitroParquetScanOperator$ScanOutputResolver$$Lambda.0x00000000630aab88.apply;org/weakref/nitro/operator/NitroParquetScanOperator$ScanOutputResolver.resolve;org/weakref/nitro/operator/NitroParquetScanOperator.resolveLazyColumn;org/weakref/nitro/operator/NitroParquetScanOperator.decodeFullColumn;org/weakref/nitro/parquet/ColumnReader.readBinary;org/weakref/nitro/parquet/ColumnReader.readBinaryDirect;jbyte_disjoint_arraycopy_stub 24
java/lang/Thread.run;java/lang/Thread.runWith;java/util/concurrent/ThreadPoolExecutor$Worker.run;java/util/concurrent/ThreadPoolExecutor.runWorker;java/util/concurrent/FutureTask.run;java/util/concurrent/Executors$RunnableAdapter.call;java/util/concurrent/FutureTask.run;org/openjdk/jmh/runner/BenchmarkHandler$BenchmarkTask.call;org/openjdk/jmh/runner/BenchmarkHandler$BenchmarkTask.call;java/lang/reflect/Method.invoke;jdk/internal/reflect/DirectMethodHandleAccessor.invoke;jdk/internal/reflect/DirectMethodHandleAccessor.invokeImpl;java/lang/invoke/LambdaForm$MH.0x0000000063061400.invokeExact_MT;java/lang/invoke/LambdaForm$MH.0x0000000063061000.invoke;java/lang/invoke/DirectMethodHandle$Holder.invokeSpecial;org/weakref/nitro/clickbench/jmh_generated/BenchmarkQueries_query22_jmhTest.query22_AverageTime;org/weakref/nitro/clickbench/jmh_generated/BenchmarkQueries_query22_jmhTest.query22_avgt_jmhStub;org/weakref/nitro/clickbench/BenchmarkQueries.query22;org/weakref/nitro/clickbench/BenchmarkQueries.consume;org/weakref/nitro/operator/TopNOperator.next;org/weakref/nitro/operator/TopNOperator.computeTopN;org/weakref/nitro/operator/GroupedAggregationOperator.next;org/weakref/nitro/operator/GroupedAggregationOperator.computeResults;org/weakref/nitro/operator/GroupOperator.next;org/weakref/nitro/operator/FilterOperator.next;org/weakref/nitro/operator/evaluator/PlanEvaluator.evaluateInPlace;org/weakref/nitro/operator/evaluator/PlanEvaluator.evaluateTrueMaskInPlace;org/weakref/nitro/operator/evaluator/PlanEvaluator.evaluateAdaptiveAndTrueMaskInPlace;org/weakref/nitro/operator/evaluator/PlanEvaluator.evaluateMeasuredTrueMaskInPlace;org/weakref/nitro/operator/evaluator/PlanEvaluator.evaluateTrueMaskInPlace;org/weakref/nitro/operator/evaluator/PlanEvaluator.evaluateTrueReferenceMaskFallbackInPlace;org/weakref/nitro/operator/evaluator/PlanEvaluator.evaluate;org/weakref/nitro/operator/evaluator/PlanEvaluator.evaluateUnmemoized;org/weakref/nitro/operator/evaluator/PlanEvaluator.evaluateVariable;org/weakref/nitro/operator/evaluator/PlanEvaluator.evaluateCall;org/weakref/nitro/function/scalar/builtin/ContainsUtf8.apply;org/weakref/nitro/function/scalar/builtin/Utf8BinaryDispatch.applyContains;org/weakref/nitro/function/scalar/builtin/Utf8BinaryDispatch.apply;org/weakref/nitro/function/scalar/builtin/Utf8BinaryDispatch.applyValues;org/weakref/nitro/function/scalar/builtin/Utf8BinaryDispatch.applyContainsFlatSingleNeedle;org/weakref/nitro/function/scalar/builtin/Utf8BinaryDispatch.binaryContains;org/weakref/nitro/function/scalar/builtin/Utf8BinaryDispatch.binaryContainsVectorized;org/weakref/nitro/function/scalar/builtin/Utf8BinaryDispatch.binaryContainsVectorizedChunk;jdk/incubator/vector/Byte512Vector$Byte512Mask.toLong 46
java/lang/Thread.run;java/lang/Thread.runWith;java/util/concurrent/ThreadPoolExecutor$Worker.run;java/util/concurrent/ThreadPoolExecutor.runWorker;java/util/concurrent/FutureTask.run;java/util/concurrent/Executors$RunnableAdapter.call;java/util/concurrent/FutureTask.run;org/openjdk/jmh/runner/BenchmarkHandler$BenchmarkTask.call;org/openjdk/jmh/runner/BenchmarkHandler$BenchmarkTask.call;java/lang/reflect/Method.invoke;jdk/internal/reflect/DirectMethodHandleAccessor.invoke;jdk/internal/reflect/DirectMethodHandleAccessor.invokeImpl;java/lang/invoke/LambdaForm$MH.0x0000000063061400.invokeExact_MT;java/lang/invoke/LambdaForm$MH.0x0000000063061000.invoke;java/lang/invoke/DirectMethodHandle$Holder.invokeSpecial;org/weakref/nitro/clickbench/jmh_generated/BenchmarkQueries_query22_jmhTest.query22_AverageTime;org/weakref/nitro/clickbench/jmh_generated/BenchmarkQueries_query22_jmhTest.query22_avgt_jmhStub;org/weakref/nitro/clickbench/BenchmarkQueries.query22;org/weakref/nitro/clickbench/BenchmarkQueries.consume;org/weakref/nitro/operator/TopNOperator.next;org/weakref/nitro/operator/TopNOperator.computeTopN;org/weakref/nitro/operator/GroupedAggregationOperator.next;org/weakref/nitro/operator/GroupedAggregationOperator.computeResults;org/weakref/nitro/operator/GroupOperator.next;org/weakref/nitro/operator/FilterOperator.next;org/weakref/nitro/operator/evaluator/PlanEvaluator.evaluateInPlace;org/weakref/nitro/operator/evaluator/PlanEvaluator.evaluateTrueMaskInPlace;org/weakref/nitro/operator/evaluator/PlanEvaluator.evaluateAdaptiveAndTrueMaskInPlace;org/weakref/nitro/operator/evaluator/PlanEvaluator.evaluateMeasuredTrueMaskInPlace;org/weakref/nitro/operator/evaluator/PlanEvaluator.evaluateTrueMaskInPlace;org/weakref/nitro/operator/evaluator/PlanEvaluator.evaluateTrueReferenceMaskFallbackInPlace;org/weakref/nitro/operator/evaluator/PlanEvaluator.evaluate;org/weakref/nitro/operator/evaluator/PlanEvaluator.evaluateUnmemoized;org/weakref/nitro/operator/evaluator/PlanEvaluator.evaluateVariable;org/weakref/nitro/operator/evaluator/PlanEvaluator.evaluateCall;org/weakref/nitro/operator/evaluator/PlanEvaluator.evaluateArgument;org/weakref/nitro/operator/evaluator/PlanEvaluator.evaluate;org/weakref/nitro/operator/evaluator/PlanEvaluator.evaluateUnmemoized;org/weakref/nitro/operator/evaluator/PlanEvaluator.evaluateInput;org/weakref/nitro/operator/FilterOperator$1.resolve;org/weakref/nitro/operator/Output.borrowOrNull;org/weakref/nitro/operator/Output.borrow;org/weakref/nitro/operator/Output.borrow;org/weakref/nitro/operator/NitroParquetScanOperator$ScanOutputResolver$$Lambda.0x00000000630aab88.apply;org/weakref/nitro/operator/NitroParquetScanOperator$ScanOutputResolver.resolve;org/weakref/nitro/operator/NitroParquetScanOperator.resolveLazyColumn;org/weakref/nitro/operator/NitroParquetScanOperator.decodeFullColumn;org/weakref/nitro/parquet/ColumnReader.readBinary;org/weakref/nitro/parquet/ColumnReader.readBinaryDirect;org/weakref/nitro/parquet/ColumnReader.decodeNextDataPage;org/weakref/nitro/parquet/ColumnReader.decodeDataPageV1;jdk/internal/foreign/AbstractMemorySegmentImpl.get;java/lang/invoke/VarHandleGuards.guard_LJ_I;java/lang/invoke/VarHandleSegmentAsInts.get;java/lang/invoke/VarHandleSegmentAsInts.get;jdk/internal/misc/ScopedMemoryAccess.getIntUnaligned;jdk/internal/misc/ScopedMemoryAccess.getIntUnalignedInternal;jdk/internal/foreign/MemorySessionImpl.checkValidStateRaw;jint_disjoint_arraycopy_stub 1
java/lang/Thread.run;java/lang/Thread.runWith;java/util/concurrent/ThreadPoolExecutor$Worker.run;java/util/concurrent/ThreadPoolExecutor.runWorker;java/util/concurrent/FutureTask.run;java/util/concurrent/Executors$RunnableAdapter.call;java/util/concurrent/FutureTask.run;org/openjdk/jmh/runner/BenchmarkHandler$BenchmarkTask.call;org/openjdk/jmh/runner/BenchmarkHandler$BenchmarkTask.call;java/lang/reflect/Method.invoke;jdk/internal/reflect/DirectMethodHandleAccessor.invoke;jdk/internal/reflect/DirectMethodHandleAccessor.invokeImpl;java/lang/invoke/LambdaForm$MH.0x0000000063061400.invokeExact_MT;java/lang/invoke/LambdaForm$MH.0x0000000063061000.invoke;java/lang/invoke/DirectMethodHandle$Holder.invokeSpecial;org/weakref/nitro/clickbench/jmh_generated/BenchmarkQueries_query22_jmhTest.query22_AverageTime;org/weakref/nitro/clickbench/jmh_generated/BenchmarkQueries_query22_jmhTest.query22_avgt_jmhStub;org/weakref/nitro/clickbench/BenchmarkQueries.query22;org/weakref/nitro/clickbench/BenchmarkQueries.consume;org/weakref/nitro/operator/TopNOperator.next;org/weakref/nitro/operator/TopNOperator.computeTopN;org/weakref/nitro/operator/GroupedAggregationOperator.next;org/weakref/nitro/operator/GroupedAggregationOperator.computeResults;org/weakref/nitro/operator/GroupOperator.next;org/weakref/nitro/operator/FilterOperator.next;org/weakref/nitro/operator/evaluator/PlanEvaluator.evaluateInPlace;org/weakref/nitro/operator/evaluator/PlanEvaluator.evaluateTrueMaskInPlace;org/weakref/nitro/operator/evaluator/PlanEvaluator.evaluateAdaptiveAndTrueMaskInPlace;org/weakref/nitro/operator/evaluator/PlanEvaluator.evaluateMeasuredTrueMaskInPlace;org/weakref/nitro/operator/evaluator/PlanEvaluator.evaluateTrueMaskInPlace;org/weakref/nitro/operator/evaluator/PlanEvaluator.evaluateFalseMaskInPlace;org/weakref/nitro/operator/evaluator/PlanEvaluator.tryEvaluatePrimitiveFalseMaskInPlace;org/weakref/nitro/operator/evaluator/PlanEvaluator.tryEvaluatePrimitiveMaskInPlace;org/weakref/nitro/function/scalar/builtin/EqualUtf8.tryEvaluateFalseMaskInPlace;org/weakref/nitro/function/scalar/builtin/Utf8BinaryDispatch.tryEvaluateEqualsFalseMaskInPlace;org/weakref/nitro/function/scalar/builtin/Utf8BinaryDispatch.tryEvaluateEqualsMaskInPlace;org/weakref/nitro/data/Mask.retainIf;org/weakref/nitro/function/scalar/builtin/Utf8BinaryDispatch$$Lambda.0x0000000063125f20.test;org/weakref/nitro/function/scalar/builtin/Utf8BinaryDispatch.lambda$tryEvaluateEqualsMaskInPlace$0;org/weakref/nitro/function/scalar/builtin/Utf8BinaryDispatch.binaryEquals;org/weakref/nitro/data/DictionaryVector.ids 1
java/lang/Thread.run;java/lang/Thread.runWith;java/util/concurrent/ThreadPoolExecutor$Worker.run;java/util/concurrent/ThreadPoolExecutor.runWorker;java/util/concurrent/FutureTask.run;java/util/concurrent/Executors$RunnableAdapter.call;java/util/concurrent/FutureTask.run;org/openjdk/jmh/runner/BenchmarkHandler$BenchmarkTask.call;org/openjdk/jmh/runner/BenchmarkHandler$BenchmarkTask.call;java/lang/reflect/Method.invoke;jdk/internal/reflect/DirectMethodHandleAccessor.invoke;jdk/internal/reflect/DirectMethodHandleAccessor.invokeImpl;java/lang/invoke/LambdaForm$MH.0x0000000063061400.invokeExact_MT;java/lang/invoke/LambdaForm$MH.0x0000000063061000.invoke;java/lang/invoke/DirectMethodHandle$Holder.invokeSpecial;org/weakref/nitro/clickbench/jmh_generated/BenchmarkQueries_query22_jmhTest.query22_AverageTime;org/weakref/nitro/clickbench/jmh_generated/BenchmarkQueries_query22_jmhTest.query22_avgt_jmhStub;org/weakref/nitro/clickbench/BenchmarkQueries.query22;org/weakref/nitro/clickbench/BenchmarkQueries.consume;org/weakref/nitro/operator/TopNOperator.next;org/weakref/nitro/operator/TopNOperator.computeTopN;org/weakref/nitro/operator/GroupedAggregationOperator.next;org/weakref/nitro/operator/GroupedAggregationOperator.computeResults;org/weakref/nitro/operator/GroupOperator.next;org/weakref/nitro/operator/FilterOperator.next;org/weakref/nitro/operator/evaluator/PlanEvaluator.evaluateInPlace;org/weakref/nitro/operator/evaluator/PlanEvaluator.evaluateTrueMaskInPlace;org/weakref/nitro/operator/evaluator/PlanEvaluator.evaluateAdaptiveAndTrueMaskInPlace;org/weakref/nitro/operator/evaluator/PlanEvaluator.evaluateMeasuredTrueMaskInPlace;org/weakref/nitro/operator/evaluator/PlanEvaluator.evaluateTrueMaskInPlace;org/weakref/nitro/operator/evaluator/PlanEvaluator.evaluateTrueReferenceMaskFallbackInPlace;org/weakref/nitro/operator/evaluator/PlanEvaluator.evaluate;org/weakref/nitro/operator/evaluator/PlanEvaluator.evaluateUnmemoized;org/weakref/nitro/operator/evaluator/PlanEvaluator.evaluateVariable;org/weakref/nitro/operator/evaluator/PlanEvaluator.evaluateCall;org/weakref/nitro/operator/evaluator/PlanEvaluator.evaluateArgument;org/weakref/nitro/operator/evaluator/PlanEvaluator.evaluate;org/weakref/nitro/operator/evaluator/PlanEvaluator.evaluateUnmemoized;org/weakref/nitro/operator/evaluator/PlanEvaluator.evaluateInput;org/weakref/nitro/operator/FilterOperator$1.resolve;org/weakref/nitro/operator/Output.borrowOrNull;org/weakref/nitro/operator/Output.borrow;org/weakref/nitro/operator/Output.borrow;org/weakref/nitro/operator/NitroParquetScanOperator$ScanOutputResolver$$Lambda.0x00000000630aab88.apply;org/weakref/nitro/operator/NitroParquetScanOperator$ScanOutputResolver.resolve;org/weakref/nitro/operator/NitroParquetScanOperator.resolveLazyColumn;org/weakref/nitro/operator/NitroParquetScanOperator.decodeFullColumn;org/weakref/nitro/parquet/ColumnReader.readBinary;org/weakref/nitro/parquet/ColumnReader.readBinaryDirect;org/weakref/nitro/parquet/ColumnReader.decodeNextDataPage;org/weakref/nitro/parquet/ColumnReader.decompress;io/airlift/compress/v3/snappy/SnappyNativeDecompressor.decompress;io/airlift/compress/v3/snappy/SnappyNative.decompress;io/airlift/compress/v3/snappy/SnappyNative.decompressInternal;java/lang/invoke/LambdaForm$MH.0x000000006311c400.invokeExact_MT;java/lang/invoke/LambdaForm$MH.0x0000000063134000.invoke;java/lang/invoke/LambdaForm$DMH.0x00000000630b1400.invokeStatic;jdk/internal/foreign/abi/DowncallStub.0x00000000630b1000.invoke;java/lang/invoke/LambdaForm$MH.0x000000006311d000.invokeExact_MT;java/lang/invoke/LambdaForm$MH.0x0000000063134400.invoke;nep_invoker_blob;snappy_uncompress;snappy::RawUncompress;snappy::RawUncompress;void snappy::SnappyDecompressor::DecompressAllTags<snappy::SnappyArrayWriter>;std::pair<unsigned char const*, long> snappy::DecompressBranchless<char*>;snappy::MemCopy64 3
java/lang/Thread.run;java/lang/Thread.runWith;java/util/concurrent/ThreadPoolExecutor$Worker.run;java/util/concurrent/ThreadPoolExecutor.runWorker;java/util/concurrent/FutureTask.run;java/util/concurrent/Executors$RunnableAdapter.call;java/util/concurrent/FutureTask.run;org/openjdk/jmh/runner/BenchmarkHandler$BenchmarkTask.call;org/openjdk/jmh/runner/BenchmarkHandler$BenchmarkTask.call;java/lang/reflect/Method.invoke;jdk/internal/reflect/DirectMethodHandleAccessor.invoke;jdk/internal/reflect/DirectMethodHandleAccessor.invokeImpl;java/lang/invoke/LambdaForm$MH.0x0000000063061400.invokeExact_MT;java/lang/invoke/LambdaForm$MH.0x0000000063061000.invoke;java/lang/invoke/DirectMethodHandle$Holder.invokeSpecial;org/weakref/nitro/clickbench/jmh_generated/BenchmarkQueries_query22_jmhTest.query22_AverageTime;org/weakref/nitro/clickbench/jmh_generated/BenchmarkQueries_query22_jmhTest.query22_avgt_jmhStub;org/weakref/nitro/clickbench/BenchmarkQueries.query22;org/weakref/nitro/clickbench/BenchmarkQueries.consume;org/weakref/nitro/operator/TopNOperator.next;org/weakref/nitro/operator/TopNOperator.computeTopN;org/weakref/nitro/operator/GroupedAggregationOperator.next;org/weakref/nitro/operator/GroupedAggregationOperator.computeResults;org/weakref/nitro/operator/GroupOperator.next;org/weakref/nitro/operator/FilterOperator.next;org/weakref/nitro/operator/evaluator/PlanEvaluator.evaluateInPlace;org/weakref/nitro/operator/evaluator/PlanEvaluator.evaluateTrueMaskInPlace;org/weakref/nitro/operator/evaluator/PlanEvaluator.evaluateAdaptiveAndTrueMaskInPlace;org/weakref/nitro/operator/evaluator/PlanEvaluator.evaluateMeasuredTrueMaskInPlace;org/weakref/nitro/operator/evaluator/PlanEvaluator.evaluateTrueMaskInPlace;org/weakref/nitro/operator/evaluator/PlanEvaluator.evaluateFalseMaskInPlace;org/weakref/nitro/operator/evaluator/PlanEvaluator.tryEvaluatePrimitiveFalseMaskInPlace;org/weakref/nitro/operator/evaluator/PlanEvaluator.tryEvaluatePrimitiveMaskInPlace;org/weakref/nitro/operator/evaluator/PlanEvaluator.resolveMaskPrimitiveInvocation;org/weakref/nitro/operator/evaluator/PlanEvaluator.evaluateArgument;org/weakref/nitro/operator/FilterOperator$1.resolve;org/weakref/nitro/operator/Output.borrowOrNull;org/weakref/nitro/operator/Output.borrow;org/weakref/nitro/operator/Output.borrow;org/weakref/nitro/operator/NitroParquetScanOperator$ScanOutputResolver$$Lambda.0x00000000630aab88.apply;org/weakref/nitro/operator/NitroParquetScanOperator$ScanOutputResolver.resolve;org/weakref/nitro/operator/NitroParquetScanOperator.resolveLazyColumn;org/weakref/nitro/operator/NitroParquetScanOperator.decodeFullColumn;org/weakref/nitro/parquet/ColumnReader.readBinary;org/weakref/nitro/parquet/ColumnReader.readBinaryDirect;org/weakref/nitro/parquet/ColumnReader.decodeNextDataPage;org/weakref/nitro/parquet/ColumnReader.decompress;io/airlift/compress/v3/snappy/SnappyNativeDecompressor.decompress;io/airlift/compress/v3/snappy/SnappyNative.decompress;io/airlift/compress/v3/snappy/SnappyNative.decompressInternal;java/lang/invoke/LambdaForm$MH.0x000000006311c400.invokeExact_MT;java/lang/invoke/LambdaForm$MH.0x0000000063134000.invoke;java/lang/invoke/LambdaForm$DMH.0x00000000630b1400.invokeStatic;jdk/internal/foreign/abi/DowncallStub.0x00000000630b1000.invoke;java/lang/invoke/LambdaForm$MH.0x000000006311d000.invokeExact_MT;java/lang/invoke/LambdaForm$MH.0x0000000063134400.invoke;nep_invoker_blob;snappy_uncompress;snappy::RawUncompress;snappy::RawUncompress;void snappy::SnappyDecompressor::DecompressAllTags<snappy::SnappyArrayWriter>;std::pair<unsigned char const*, long> snappy::DecompressBranchless<char*> 68
java/lang/Thread.run;java/lang/Thread.runWith;java/util/concurrent/ThreadPoolExecutor$Worker.run;java/util/concurrent/ThreadPoolExecutor.runWorker;java/util/concurrent/FutureTask.run;java/util/concurrent/Executors$RunnableAdapter.call;java/util/concurrent/FutureTask.run;org/openjdk/jmh/runner/BenchmarkHandler$BenchmarkTask.call;org/openjdk/jmh/runner/BenchmarkHandler$BenchmarkTask.call;java/lang/reflect/Method.invoke;jdk/internal/reflect/DirectMethodHandleAccessor.invoke;jdk/internal/reflect/DirectMethodHandleAccessor.invokeImpl;java/lang/invoke/LambdaForm$MH.0x0000000063061400.invokeExact_MT;java/lang/invoke/LambdaForm$MH.0x0000000063061000.invoke;java/lang/invoke/DirectMethodHandle$Holder.invokeSpecial;org/weakref/nitro/clickbench/jmh_generated/BenchmarkQueries_query22_jmhTest.query22_AverageTime;org/weakref/nitro/clickbench/jmh_generated/BenchmarkQueries_query22_jmhTest.query22_avgt_jmhStub;org/weakref/nitro/clickbench/BenchmarkQueries.query22;org/weakref/nitro/clickbench/BenchmarkQueries.consume;org/weakref/nitro/operator/TopNOperator.next;org/weakref/nitro/operator/TopNOperator.computeTopN;org/weakref/nitro/operator/GroupedAggregationOperator.next;org/weakref/nitro/operator/GroupedAggregationOperator.computeResults;org/weakref/nitro/operator/GroupOperator.next;org/weakref/nitro/operator/FilterOperator.next;org/weakref/nitro/operator/evaluator/PlanEvaluator.evaluateInPlace;org/weakref/nitro/operator/evaluator/PlanEvaluator.evaluateTrueMaskInPlace;org/weakref/nitro/operator/evaluator/PlanEvaluator.evaluateAdaptiveAndTrueMaskInPlace;org/weakref/nitro/operator/evaluator/PlanEvaluator.evaluateMeasuredTrueMaskInPlace;org/weakref/nitro/operator/evaluator/PlanEvaluator.evaluateTrueMaskInPlace;org/weakref/nitro/operator/evaluator/PlanEvaluator.evaluateFalseMaskInPlace;org/weakref/nitro/operator/evaluator/PlanEvaluator.tryEvaluatePrimitiveFalseMaskInPlace;org/weakref/nitro/operator/evaluator/PlanEvaluator.tryEvaluatePrimitiveMaskInPlace;org/weakref/nitro/function/scalar/builtin/EqualUtf8.tryEvaluateFalseMaskInPlace;org/weakref/nitro/function/scalar/builtin/Utf8BinaryDispatch.tryEvaluateEqualsFalseMaskInPlace;org/weakref/nitro/function/scalar/builtin/Utf8BinaryDispatch.tryEvaluateEqualsMaskInPlace;org/weakref/nitro/data/Mask.retainIf;org/weakref/nitro/function/scalar/builtin/Utf8BinaryDispatch$$Lambda.0x0000000063125f20.test 5
java/lang/Thread.run;java/lang/Thread.runWith;java/util/concurrent/ThreadPoolExecutor$Worker.run;java/util/concurrent/ThreadPoolExecutor.runWorker;java/util/concurrent/FutureTask.run;java/util/concurrent/Executors$RunnableAdapter.call;java/util/concurrent/FutureTask.run;org/openjdk/jmh/runner/BenchmarkHandler$BenchmarkTask.call;org/openjdk/jmh/runner/BenchmarkHandler$BenchmarkTask.call;java/lang/reflect/Method.invoke;jdk/internal/reflect/DirectMethodHandleAccessor.invoke;jdk/internal/reflect/DirectMethodHandleAccessor.invokeImpl;java/lang/invoke/LambdaForm$MH.0x0000000063061400.invokeExact_MT;java/lang/invoke/LambdaForm$MH.0x0000000063061000.invoke;java/lang/invoke/DirectMethodHandle$Holder.invokeSpecial;org/weakref/nitro/clickbench/jmh_generated/BenchmarkQueries_query22_jmhTest.query22_AverageTime;org/weakref/nitro/clickbench/jmh_generated/BenchmarkQueries_query22_jmhTest.query22_avgt_jmhStub;org/weakref/nitro/clickbench/BenchmarkQueries.query22;org/weakref/nitro/clickbench/BenchmarkQueries.consume;org/weakref/nitro/operator/TopNOperator.next;org/weakref/nitro/operator/TopNOperator.computeTopN;org/weakref/nitro/operator/GroupedAggregationOperator.next;org/weakref/nitro/operator/GroupedAggregationOperator.computeResults;org/weakref/nitro/operator/GroupOperator.next;org/weakref/nitro/operator/FilterOperator.next;org/weakref/nitro/operator/evaluator/PlanEvaluator.evaluateInPlace;org/weakref/nitro/operator/evaluator/PlanEvaluator.evaluateTrueMaskInPlace;org/weakref/nitro/operator/evaluator/PlanEvaluator.evaluateAdaptiveAndTrueMaskInPlace;org/weakref/nitro/operator/evaluator/PlanEvaluator.evaluateMeasuredTrueMaskInPlace;org/weakref/nitro/operator/evaluator/PlanEvaluator.evaluateTrueMaskInPlace;org/weakref/nitro/operator/evaluator/ir/MaskExpressionResolver.resolve;org/weakref/nitro/operator/evaluator/ir/MaskExpressionResolver.<init>;java/util/stream/ReferencePipeline.collect;java/util/stream/ReduceOps.makeRef 1
java/lang/Thread.run;java/lang/Thread.runWith;java/util/concurrent/ThreadPoolExecutor$Worker.run;java/util/concurrent/ThreadPoolExecutor.runWorker;java/util/concurrent/FutureTask.run;java/util/concurrent/Executors$RunnableAdapter.call;java/util/concurrent/FutureTask.run;org/openjdk/jmh/runner/BenchmarkHandler$BenchmarkTask.call;org/openjdk/jmh/runner/BenchmarkHandler$BenchmarkTask.call;java/lang/reflect/Method.invoke;jdk/internal/reflect/DirectMethodHandleAccessor.invoke;jdk/internal/reflect/DirectMethodHandleAccessor.invokeImpl;java/lang/invoke/LambdaForm$MH.0x0000000063061400.invokeExact_MT;java/lang/invoke/LambdaForm$MH.0x0000000063061000.invoke;java/lang/invoke/DirectMethodHandle$Holder.invokeSpecial;org/weakref/nitro/clickbench/jmh_generated/BenchmarkQueries_query22_jmhTest.query22_AverageTime;org/weakref/nitro/clickbench/jmh_generated/BenchmarkQueries_query22_jmhTest.query22_avgt_jmhStub;org/weakref/nitro/clickbench/BenchmarkQueries.query22;org/weakref/nitro/clickbench/BenchmarkQueries.consume;org/weakref/nitro/operator/TopNOperator.next;org/weakref/nitro/operator/TopNOperator.computeTopN;org/weakref/nitro/operator/GroupedAggregationOperator.next;org/weakref/nitro/operator/GroupedAggregationOperator.computeResults;org/weakref/nitro/operator/GroupOperator.next;org/weakref/nitro/operator/FilterOperator.next;org/weakref/nitro/operator/evaluator/PlanEvaluator.evaluateInPlace;org/weakref/nitro/operator/evaluator/PlanEvaluator.evaluateTrueMaskInPlace;org/weakref/nitro/operator/evaluator/PlanEvaluator.evaluateAdaptiveAndTrueMaskInPlace;org/weakref/nitro/operator/evaluator/PlanEvaluator.evaluateMeasuredTrueMaskInPlace;org/weakref/nitro/operator/evaluator/PlanEvaluator.evaluateTrueMaskInPlace;org/weakref/nitro/operator/evaluator/PlanEvaluator.evaluateFalseMaskInPlace;org/weakref/nitro/operator/evaluator/PlanEvaluator.tryEvaluatePrimitiveFalseMaskInPlace;org/weakref/nitro/operator/evaluator/PlanEvaluator.tryEvaluatePrimitiveMaskInPlace;org/weakref/nitro/operator/evaluator/PlanEvaluator.resolveMaskPrimitiveInvocation;org/weakref/nitro/operator/evaluator/PlanEvaluator.evaluateArgument;org/weakref/nitro/operator/FilterOperator$1.resolve;org/weakref/nitro/operator/Output.borrowOrNull;org/weakref/nitro/operator/Output.borrow;org/weakref/nitro/operator/Output.borrow;org/weakref/nitro/operator/NitroParquetScanOperator$ScanOutputResolver$$Lambda.0x00000000630aab88.apply;org/weakref/nitro/operator/NitroParquetScanOperator$ScanOutputResolver.resolve;org/weakref/nitro/operator/NitroParquetScanOperator.resolveLazyColumn;org/weakref/nitro/operator/NitroParquetScanOperator.decodeFullColumn;org/weakref/nitro/parquet/ColumnReader.readBinary;org/weakref/nitro/parquet/ColumnReader.readBinaryDirect;org/weakref/nitro/data/BinaryVector.allocate;org/weakref/nitro/data/Allocator.allocatePooled;org/weakref/nitro/data/BinaryVector.clearForReuse;java/util/Arrays.fill;arrayof_jint_fill_stub 1
/usr/lib/x86_64-linux-gnu/libc.so.6;/usr/lib/x86_64-linux-gnu/libc.so.6;thread_native_entry;Thread::call_run;WorkerThread::run;G1CMRemarkTask::work;G1CMTask::do_marking_step;G1CMTask::attempt_termination;SpinPause 1
java/lang/Thread.run;java/lang/Thread.runWith;java/util/concurrent/ThreadPoolExecutor$Worker.run;java/util/concurrent/ThreadPoolExecutor.runWorker;java/util/concurrent/FutureTask.run;java/util/concurrent/Executors$RunnableAdapter.call;java/util/concurrent/FutureTask.run;org/openjdk/jmh/runner/BenchmarkHandler$BenchmarkTask.call;org/openjdk/jmh/runner/BenchmarkHandler$BenchmarkTask.call;java/lang/reflect/Method.invoke;jdk/internal/reflect/DirectMethodHandleAccessor.invoke;jdk/internal/reflect/DirectMethodHandleAccessor.invokeImpl;java/lang/invoke/LambdaForm$MH.0x0000000063061400.invokeExact_MT;java/lang/invoke/LambdaForm$MH.0x0000000063061000.invoke;java/lang/invoke/DirectMethodHandle$Holder.invokeSpecial;org/weakref/nitro/clickbench/jmh_generated/BenchmarkQueries_query22_jmhTest.query22_AverageTime;org/weakref/nitro/clickbench/jmh_generated/BenchmarkQueries_query22_jmhTest.query22_avgt_jmhStub;org/weakref/nitro/clickbench/BenchmarkQueries.query22;org/weakref/nitro/clickbench/BenchmarkQueries.consume;org/weakref/nitro/operator/TopNOperator.next;org/weakref/nitro/operator/TopNOperator.computeTopN;org/weakref/nitro/operator/GroupedAggregationOperator.next;org/weakref/nitro/operator/GroupedAggregationOperator.computeResults;org/weakref/nitro/operator/GroupOperator.next;org/weakref/nitro/operator/FilterOperator.next;org/weakref/nitro/operator/evaluator/PlanEvaluator.evaluateInPlace;org/weakref/nitro/operator/evaluator/PlanEvaluator.evaluateTrueMaskInPlace;org/weakref/nitro/operator/evaluator/PlanEvaluator.evaluateAdaptiveAndTrueMaskInPlace;org/weakref/nitro/operator/evaluator/PlanEvaluator.evaluateMeasuredTrueMaskInPlace;org/weakref/nitro/operator/evaluator/PlanEvaluator.evaluateTrueMaskInPlace;org/weakref/nitro/operator/evaluator/PlanEvaluator.evaluateFalseMaskInPlace;org/weakref/nitro/operator/evaluator/PlanEvaluator.tryEvaluatePrimitiveFalseMaskInPlace;org/weakref/nitro/operator/evaluator/PlanEvaluator.tryEvaluatePrimitiveMaskInPlace;org/weakref/nitro/operator/evaluator/PlanEvaluator.resolveMaskPrimitiveInvocation;org/weakref/nitro/operator/evaluator/PlanEvaluator.evaluateArgument;org/weakref/nitro/operator/FilterOperator$1.resolve;org/weakref/nitro/operator/Output.borrowOrNull;org/weakref/nitro/operator/Output.borrow;org/weakref/nitro/operator/Output.borrow;org/weakref/nitro/operator/NitroParquetScanOperator$ScanOutputResolver$$Lambda.0x00000000630aab88.apply;org/weakref/nitro/operator/NitroParquetScanOperator$ScanOutputResolver.resolve;org/weakref/nitro/operator/NitroParquetScanOperator.resolveLazyColumn;org/weakref/nitro/operator/NitroParquetScanOperator.decodeFullColumn;org/weakref/nitro/parquet/ColumnReader.readBinary;org/weakref/nitro/parquet/ColumnReader.readBinaryDirect;org/weakref/nitro/parquet/ColumnReader.decodeNextDataPage;org/weakref/nitro/parquet/ColumnReader.decodeDataPageV1;org/weakref/nitro/parquet/RleReader.read;org/weakref/nitro/parquet/RleReader.loadNextRun 1
java/lang/Thread.run;java/lang/Thread.runWith;java/util/concurrent/ThreadPoolExecutor$Worker.run;java/util/concurrent/ThreadPoolExecutor.runWorker;java/util/concurrent/FutureTask.run;java/util/concurrent/Executors$RunnableAdapter.call;java/util/concurrent/FutureTask.run;org/openjdk/jmh/runner/BenchmarkHandler$BenchmarkTask.call;org/openjdk/jmh/runner/BenchmarkHandler$BenchmarkTask.call;java/lang/reflect/Method.invoke;jdk/internal/reflect/DirectMethodHandleAccessor.invoke;jdk/internal/reflect/DirectMethodHandleAccessor.invokeImpl;java/lang/invoke/LambdaForm$MH.0x0000000063061400.invokeExact_MT;java/lang/invoke/LambdaForm$MH.0x0000000063061000.invoke;java/lang/invoke/DirectMethodHandle$Holder.invokeSpecial;org/weakref/nitro/clickbench/jmh_generated/BenchmarkQueries_query22_jmhTest.query22_AverageTime;org/weakref/nitro/clickbench/jmh_generated/BenchmarkQueries_query22_jmhTest.query22_avgt_jmhStub;org/weakref/nitro/clickbench/BenchmarkQueries.query22;org/weakref/nitro/clickbench/BenchmarkQueries.consume;org/weakref/nitro/operator/TopNOperator.next;org/weakref/nitro/operator/TopNOperator.computeTopN;org/weakref/nitro/operator/GroupedAggregationOperator.next;org/weakref/nitro/operator/GroupedAggregationOperator.computeResults;org/weakref/nitro/operator/GroupOperator.next;org/weakref/nitro/operator/FilterOperator.next;org/weakref/nitro/operator/evaluator/PlanEvaluator.evaluateInPlace;org/weakref/nitro/operator/evaluator/PlanEvaluator.evaluateTrueMaskInPlace;org/weakref/nitro/operator/evaluator/PlanEvaluator.evaluateAdaptiveAndTrueMaskInPlace;org/weakref/nitro/operator/evaluator/PlanEvaluator.evaluateMeasuredTrueMaskInPlace;org/weakref/nitro/operator/evaluator/PlanEvaluator.evaluateTrueMaskInPlace;org/weakref/nitro/operator/evaluator/PlanEvaluator.evaluateTrueReferenceMaskFallbackInPlace;org/weakref/nitro/operator/evaluator/PlanEvaluator.evaluate;org/weakref/nitro/operator/evaluator/PlanEvaluator.evaluateUnmemoized;org/weakref/nitro/operator/evaluator/PlanEvaluator.evaluateVariable;org/weakref/nitro/operator/evaluator/PlanEvaluator.evaluateCall;org/weakref/nitro/operator/evaluator/PlanEvaluator.evaluateArgument;org/weakref/nitro/operator/evaluator/PlanEvaluator.evaluate;org/weakref/nitro/operator/evaluator/PlanEvaluator.evaluateUnmemoized;org/weakref/nitro/operator/evaluator/PlanEvaluator.evaluateInput;org/weakref/nitro/operator/FilterOperator$1.resolve;org/weakref/nitro/operator/Output.borrowOrNull;org/weakref/nitro/operator/Output.borrow;org/weakref/nitro/operator/Output.borrow;org/weakref/nitro/operator/NitroParquetScanOperator$ScanOutputResolver$$Lambda.0x00000000630aab88.apply;org/weakref/nitro/operator/NitroParquetScanOperator$ScanOutputResolver.resolve;org/weakref/nitro/operator/NitroParquetScanOperator.resolveLazyColumn;org/weakref/nitro/operator/NitroParquetScanOperator.decodeFullColumn;org/weakref/nitro/parquet/ColumnReader.readBinary;org/weakref/nitro/parquet/ColumnReader.readBinaryDirect;org/weakref/nitro/parquet/ColumnReader.decodeNextDataPage;org/weakref/nitro/parquet/ColumnReader.decodeDataPageV1;org/weakref/nitro/parquet/ColumnReader.decodePlainBinary;org/weakref/nitro/parquet/ColumnReader.decodePlainBinaryPresized;org/weakref/nitro/parquet/ColumnReader.appendPlainEntryPresized 1
java/lang/Thread.run;java/lang/Thread.runWith;java/util/concurrent/ThreadPoolExecutor$Worker.run;java/util/concurrent/ThreadPoolExecutor.runWorker;java/util/concurrent/FutureTask.run;java/util/concurrent/Executors$RunnableAdapter.call;java/util/concurrent/FutureTask.run;org/openjdk/jmh/runner/BenchmarkHandler$BenchmarkTask.call;org/openjdk/jmh/runner/BenchmarkHandler$BenchmarkTask.call;java/lang/reflect/Method.invoke;jdk/internal/reflect/DirectMethodHandleAccessor.invoke;jdk/internal/reflect/DirectMethodHandleAccessor.invokeImpl;java/lang/invoke/LambdaForm$MH.0x0000000063061400.invokeExact_MT;java/lang/invoke/LambdaForm$MH.0x0000000063061000.invoke;java/lang/invoke/DirectMethodHandle$Holder.invokeSpecial;org/weakref/nitro/clickbench/jmh_generated/BenchmarkQueries_query22_jmhTest.query22_AverageTime;org/weakref/nitro/clickbench/jmh_generated/BenchmarkQueries_query22_jmhTest.query22_avgt_jmhStub;org/weakref/nitro/clickbench/BenchmarkQueries.query22;org/weakref/nitro/clickbench/BenchmarkQueries.consume;org/weakref/nitro/operator/TopNOperator.next;org/weakref/nitro/operator/TopNOperator.computeTopN;org/weakref/nitro/operator/GroupedAggregationOperator.next;org/weakref/nitro/operator/GroupedAggregationOperator.computeResults 1
java/lang/Thread.run;java/lang/Thread.runWith;java/util/concurrent/ThreadPoolExecutor$Worker.run;java/util/concurrent/ThreadPoolExecutor.runWorker;java/util/concurrent/FutureTask.run;java/util/concurrent/Executors$RunnableAdapter.call;java/util/concurrent/FutureTask.run;org/openjdk/jmh/runner/BenchmarkHandler$BenchmarkTask.call;org/openjdk/jmh/runner/BenchmarkHandler$BenchmarkTask.call;java/lang/reflect/Method.invoke;jdk/internal/reflect/DirectMethodHandleAccessor.invoke;jdk/internal/reflect/DirectMethodHandleAccessor.invokeImpl;java/lang/invoke/LambdaForm$MH.0x0000000063061400.invokeExact_MT;java/lang/invoke/LambdaForm$MH.0x0000000063061000.invoke;java/lang/invoke/DirectMethodHandle$Holder.invokeSpecial;org/weakref/nitro/clickbench/jmh_generated/BenchmarkQueries_query22_jmhTest.query22_AverageTime;org/weakref/nitro/clickbench/jmh_generated/BenchmarkQueries_query22_jmhTest.query22_avgt_jmhStub;org/weakref/nitro/clickbench/BenchmarkQueries.query22;org/weakref/nitro/clickbench/BenchmarkQueries.consume;org/weakref/nitro/operator/TopNOperator.next;org/weakref/nitro/operator/TopNOperator.computeTopN;org/weakref/nitro/operator/GroupedAggregationOperator.next;org/weakref/nitro/operator/GroupedAggregationOperator.computeResults;org/weakref/nitro/operator/GroupOperator.next;org/weakref/nitro/operator/FilterOperator.next;org/weakref/nitro/operator/evaluator/PlanEvaluator.evaluateInPlace;org/weakref/nitro/operator/evaluator/PlanEvaluator.evaluateTrueMaskInPlace;org/weakref/nitro/operator/evaluator/PlanEvaluator.evaluateAdaptiveAndTrueMaskInPlace;org/weakref/nitro/operator/evaluator/PlanEvaluator.evaluateMeasuredTrueMaskInPlace;org/weakref/nitro/operator/evaluator/PlanEvaluator.evaluateTrueMaskInPlace;org/weakref/nitro/operator/evaluator/PlanEvaluator.evaluateTrueReferenceMaskFallbackInPlace;org/weakref/nitro/operator/evaluator/PlanEvaluator.evaluate;org/weakref/nitro/operator/evaluator/PlanEvaluator.evaluateUnmemoized;org/weakref/nitro/operator/evaluator/PlanEvaluator.evaluateVariable;org/weakref/nitro/operator/evaluator/PlanEvaluator.evaluateCall;org/weakref/nitro/operator/evaluator/PlanEvaluator.evaluateArgument;org/weakref/nitro/operator/evaluator/PlanEvaluator.evaluate;org/weakref/nitro/operator/evaluator/PlanEvaluator.evaluateUnmemoized;org/weakref/nitro/operator/evaluator/PlanEvaluator.evaluateInput;org/weakref/nitro/operator/FilterOperator$1.resolve;org/weakref/nitro/operator/Output.borrowOrNull;org/weakref/nitro/operator/Output.borrow;org/weakref/nitro/operator/Output.borrow;org/weakref/nitro/operator/NitroParquetScanOperator$ScanOutputResolver$$Lambda.0x00000000630aab88.apply;org/weakref/nitro/operator/NitroParquetScanOperator$ScanOutputResolver.resolve;org/weakref/nitro/operator/NitroParquetScanOperator.resolveLazyColumn;org/weakref/nitro/operator/NitroParquetScanOperator.decodeFullColumn;org/weakref/nitro/parquet/ColumnReader.readBinary;org/weakref/nitro/parquet/ColumnReader.readBinaryDirect;org/weakref/nitro/parquet/ColumnReader.decodeNextDataPage;org/weakref/nitro/parquet/ColumnReader.decodeDataPageV1;org/weakref/nitro/parquet/ColumnReader.decodePlainBinary;org/weakref/nitro/parquet/ColumnReader.decodePlainBinaryPresized;org/weakref/nitro/parquet/ColumnReader.appendPlainEntryPresized;java/lang/foreign/MemorySegment.copy;jdk/internal/foreign/AbstractMemorySegmentImpl.copy;jdk/internal/foreign/AbstractMemorySegmentImpl.checkAccess;jdk/internal/foreign/AbstractMemorySegmentImpl.checkAccessBounds;jdk/internal/foreign/AbstractMemorySegmentImpl.checkBounds 2
java/lang/Thread.run;java/lang/Thread.runWith;java/util/concurrent/ThreadPoolExecutor$Worker.run;java/util/concurrent/ThreadPoolExecutor.runWorker;java/util/concurrent/FutureTask.run;java/util/concurrent/Executors$RunnableAdapter.call;java/util/concurrent/FutureTask.run;org/openjdk/jmh/runner/BenchmarkHandler$BenchmarkTask.call;org/openjdk/jmh/runner/BenchmarkHandler$BenchmarkTask.call;java/lang/reflect/Method.invoke;jdk/internal/reflect/DirectMethodHandleAccessor.invoke;jdk/internal/reflect/DirectMethodHandleAccessor.invokeImpl;java/lang/invoke/LambdaForm$MH.0x0000000063061400.invokeExact_MT;java/lang/invoke/LambdaForm$MH.0x0000000063061000.invoke;java/lang/invoke/DirectMethodHandle$Holder.invokeSpecial;org/weakref/nitro/clickbench/jmh_generated/BenchmarkQueries_query22_jmhTest.query22_AverageTime;org/weakref/nitro/clickbench/jmh_generated/BenchmarkQueries_query22_jmhTest.query22_avgt_jmhStub;org/weakref/nitro/clickbench/BenchmarkQueries.query22;org/weakref/nitro/clickbench/BenchmarkQueries.consume;org/weakref/nitro/operator/TopNOperator.next;org/weakref/nitro/operator/TopNOperator.computeTopN;org/weakref/nitro/operator/GroupedAggregationOperator.next;org/weakref/nitro/operator/GroupedAggregationOperator.computeResults;org/weakref/nitro/operator/GroupOperator.next;org/weakref/nitro/operator/FilterOperator.next;org/weakref/nitro/operator/evaluator/PlanEvaluator.evaluateInPlace;org/weakref/nitro/operator/evaluator/PlanEvaluator.evaluateTrueMaskInPlace;org/weakref/nitro/operator/evaluator/PlanEvaluator.evaluateAdaptiveAndTrueMaskInPlace;org/weakref/nitro/operator/evaluator/PlanEvaluator.evaluateMeasuredTrueMaskInPlace;org/weakref/nitro/operator/evaluator/PlanEvaluator.evaluateTrueMaskInPlace;org/weakref/nitro/operator/evaluator/PlanEvaluator.evaluateTrueReferenceMaskFallbackInPlace;org/weakref/nitro/operator/evaluator/PlanEvaluator.evaluate;org/weakref/nitro/operator/evaluator/PlanEvaluator.evaluateUnmemoized;org/weakref/nitro/operator/evaluator/PlanEvaluator.evaluateVariable;org/weakref/nitro/operator/evaluator/PlanEvaluator.evaluateCall;org/weakref/nitro/operator/evaluator/PlanEvaluator.evaluateArgument;org/weakref/nitro/operator/evaluator/PlanEvaluator.evaluate;org/weakref/nitro/operator/evaluator/PlanEvaluator.evaluateUnmemoized;org/weakref/nitro/operator/evaluator/PlanEvaluator.evaluateInput;org/weakref/nitro/operator/FilterOperator$1.resolve;org/weakref/nitro/operator/Output.borrowOrNull;org/weakref/nitro/operator/Output.borrow;org/weakref/nitro/operator/Output.borrow;org/weakref/nitro/operator/NitroParquetScanOperator$ScanOutputResolver$$Lambda.0x00000000630aab88.apply;org/weakref/nitro/operator/NitroParquetScanOperator$ScanOutputResolver.resolve;org/weakref/nitro/operator/NitroParquetScanOperator.resolveLazyColumn;org/weakref/nitro/operator/NitroParquetScanOperator.decodeFullColumn;org/weakref/nitro/parquet/ColumnReader.readBinary;org/weakref/nitro/parquet/ColumnReader.readBinaryDirect;org/weakref/nitro/parquet/ColumnReader.decodeNextDataPage;org/weakref/nitro/parquet/ColumnReader.decompress;io/airlift/compress/v3/snappy/SnappyNativeDecompressor.decompress;io/airlift/compress/v3/snappy/SnappyNative.decompress;io/airlift/compress/v3/snappy/SnappyNative.decompressInternal;java/lang/invoke/LambdaForm$MH.0x000000006311c400.invokeExact_MT;java/lang/invoke/LambdaForm$MH.0x0000000063134000.invoke;java/lang/invoke/LambdaForm$DMH.0x00000000630b1400.invokeStatic;jdk/internal/foreign/abi/DowncallStub.0x00000000630b1000.invoke;java/lang/invoke/LambdaForm$MH.0x000000006311d000.invokeExact_MT;java/lang/invoke/LambdaForm$MH.0x0000000063134400.invoke;nep_invoker_blob;snappy_uncompress;snappy::RawUncompress;snappy::RawUncompress;void snappy::SnappyDecompressor::DecompressAllTags<snappy::SnappyArrayWriter>;std::pair<unsigned char const*, long> snappy::DecompressBranchless<char*> 499
