java/lang/Thread.run;java/lang/Thread.runWith;java/util/concurrent/ThreadPoolExecutor$Worker.run;java/util/concurrent/ThreadPoolExecutor.runWorker;java/util/concurrent/FutureTask.run;java/util/concurrent/Executors$RunnableAdapter.call;java/util/concurrent/FutureTask.run;org/openjdk/jmh/runner/BenchmarkHandler$BenchmarkTask.call;org/openjdk/jmh/runner/BenchmarkHandler$BenchmarkTask.call;java/lang/reflect/Method.invoke;jdk/internal/reflect/DirectMethodHandleAccessor.invoke;jdk/internal/reflect/DirectMethodHandleAccessor.invokeImpl;java/lang/invoke/LambdaForm$MH.0x0000000048061400.invokeExact_MT;java/lang/invoke/LambdaForm$MH.0x0000000048061000.invoke;java/lang/invoke/DirectMethodHandle$Holder.invokeSpecial;org/weakref/nitro/clickbench/jmh_generated/BenchmarkQueries_query43_jmhTest.query43_AverageTime;org/weakref/nitro/clickbench/jmh_generated/BenchmarkQueries_query43_jmhTest.query43_avgt_jmhStub;org/weakref/nitro/clickbench/BenchmarkQueries.query43;org/weakref/nitro/clickbench/ClickBenchHitsSupport.query43;org/weakref/nitro/clickbench/ClickBenchHitsSupport.clickBenchScan;org/weakref/nitro/operator/NitroParquetScanOperator.<init>;java/util/stream/ReferencePipeline.toArray;java/util/stream/AbstractPipeline.evaluateToArrayNode;java/util/stream/AbstractPipeline.evaluate;java/util/stream/AbstractPipeline.wrapAndCopyInto;java/util/stream/AbstractPipeline.copyInto;java/util/AbstractList$RandomAccessSpliterator.forEachRemaining;java/util/stream/ReferencePipeline$3$1.accept;org/weakref/nitro/operator/NitroParquetScanOperator$$Lambda.0x00000000480864e8.apply;org/weakref/nitro/parquet/ParquetFile.open;org/weakref/nitro/parquet/ParquetFile.<init>;org/apache/parquet/format/Util.readFileMetaData;org/apache/parquet/format/Util.readFileMetaData;org/apache/parquet/format/Util.read;org/apache/parquet/format/FileMetaData.read;org/apache/parquet/format/FileMetaData$FileMetaDataStandardScheme.read;org/apache/parquet/format/FileMetaData$FileMetaDataStandardScheme.read;org/apache/parquet/format/RowGroup.read;org/apache/parquet/format/RowGroup$RowGroupStandardScheme.read;org/apache/parquet/format/RowGroup$RowGroupStandardScheme.read;org/apache/parquet/format/ColumnChunk.read;org/apache/parquet/format/ColumnChunk$ColumnChunkStandardScheme.read;org/apache/parquet/format/ColumnChunk$ColumnChunkStandardScheme.read;org/apache/parquet/format/ColumnMetaData.read;org/apache/parquet/format/ColumnMetaData$ColumnMetaDataStandardScheme.read;org/apache/parquet/format/ColumnMetaData$ColumnMetaDataStandardScheme.read;org/apache/parquet/format/Statistics.read;org/apache/parquet/format/Statistics$StatisticsStandardScheme.read;org/apache/parquet/format/Statistics$StatisticsStandardScheme.read;org/apache/parquet/format/InterningProtocol.readFieldBegin;shaded/parquet/org/apache/thrift/protocol/TCompactProtocol.readFieldBegin;shaded/parquet/org/apache/thrift/protocol/TCompactProtocol.readByte;shaded/parquet/org/apache/thrift/transport/TTransport.readAll;shaded/parquet/org/apache/thrift/transport/TIOStreamTransport.read;org/weakref/nitro/parquet/ParquetFile$SegmentInputStream.read;java/lang/foreign/MemorySegment.copy;jdk/internal/foreign/AbstractMemorySegmentImpl.copy 2
java/lang/Thread.run;java/lang/Thread.runWith;java/util/concurrent/ThreadPoolExecutor$Worker.run;java/util/concurrent/ThreadPoolExecutor.runWorker;java/util/concurrent/FutureTask.run;java/util/concurrent/Executors$RunnableAdapter.call;java/util/concurrent/FutureTask.run;org/openjdk/jmh/runner/BenchmarkHandler$BenchmarkTask.call;org/openjdk/jmh/runner/BenchmarkHandler$BenchmarkTask.call;java/lang/reflect/Method.invoke;jdk/internal/reflect/DirectMethodHandleAccessor.invoke;jdk/internal/reflect/DirectMethodHandleAccessor.invokeImpl;java/lang/invoke/LambdaForm$MH.0x0000000048061400.invokeExact_MT;java/lang/invoke/LambdaForm$MH.0x0000000048061000.invoke;java/lang/invoke/DirectMethodHandle$Holder.invokeSpecial;org/weakref/nitro/clickbench/jmh_generated/BenchmarkQueries_query43_jmhTest.query43_AverageTime;org/weakref/nitro/clickbench/jmh_generated/BenchmarkQueries_query43_jmhTest.query43_avgt_jmhStub;org/weakref/nitro/clickbench/BenchmarkQueries.query43;org/weakref/nitro/clickbench/ClickBenchHitsSupport.query43;org/weakref/nitro/clickbench/ClickBenchHitsSupport.clickBenchScan;org/weakref/nitro/operator/NitroParquetScanOperator.<init>;org/weakref/nitro/parquet/DecompressedPageCache.register 1
java/lang/Thread.run;java/lang/Thread.runWith;java/util/concurrent/ThreadPoolExecutor$Worker.run;java/util/concurrent/ThreadPoolExecutor.runWorker;java/util/concurrent/FutureTask.run;java/util/concurrent/Executors$RunnableAdapter.call;java/util/concurrent/FutureTask.run;org/openjdk/jmh/runner/BenchmarkHandler$BenchmarkTask.call;org/openjdk/jmh/runner/BenchmarkHandler$BenchmarkTask.call;java/lang/reflect/Method.invoke;jdk/internal/reflect/DirectMethodHandleAccessor.invoke;jdk/internal/reflect/DirectMethodHandleAccessor.invokeImpl;java/lang/invoke/LambdaForm$MH.0x0000000048061400.invokeExact_MT;java/lang/invoke/LambdaForm$MH.0x0000000048061000.invoke;java/lang/invoke/DirectMethodHandle$Holder.invokeSpecial;org/weakref/nitro/clickbench/jmh_generated/BenchmarkQueries_query43_jmhTest.query43_AverageTime;org/weakref/nitro/clickbench/jmh_generated/BenchmarkQueries_query43_jmhTest.query43_avgt_jmhStub;org/weakref/nitro/clickbench/BenchmarkQueries.query43;org/weakref/nitro/clickbench/BenchmarkQueries.consume;org/weakref/nitro/operator/OffsetOperator.hasNext;org/weakref/nitro/operator/OffsetOperator.skipFullyConsumedBatches;org/weakref/nitro/operator/TopNOperator.next;org/weakref/nitro/operator/TopNOperator.computeTopN;org/weakref/nitro/operator/GroupedAggregationOperator.next;org/weakref/nitro/operator/GroupedAggregationOperator.computeResults;org/weakref/nitro/operator/Output.borrow;org/weakref/nitro/operator/GroupOperator$$Lambda.0x00000000481e38d0.apply;org/weakref/nitro/operator/GroupOperator.lambda$next$0;org/weakref/nitro/operator/GroupOperator.groupIds;org/weakref/nitro/operator/GroupOperator.doGroupingIfNeeded;org/weakref/nitro/operator/Output.borrow;org/weakref/nitro/operator/ProjectOperator$$Lambda.0x00000000481e76d8.apply;org/weakref/nitro/operator/ProjectOperator.lambda$next$4;org/weakref/nitro/operator/ProjectOperator.evaluateOutput;java/util/HashMap.computeIfAbsent;org/weakref/nitro/operator/ProjectOperator$$Lambda.0x00000000481ea4e8.apply;org/weakref/nitro/operator/ProjectOperator.lambda$evaluateOutput$0;org/weakref/nitro/operator/ProjectOperator.evaluateBundle;org/weakref/nitro/operator/evaluator/PlanEvaluator.evaluate;org/weakref/nitro/operator/evaluator/PlanEvaluator.evaluateUnmemoized;org/weakref/nitro/operator/evaluator/PlanEvaluator.evaluateVariable;org/weakref/nitro/operator/evaluator/PlanEvaluator.evaluateCall;org/weakref/nitro/operator/evaluator/PlanEvaluator.evaluateArgument;org/weakref/nitro/operator/evaluator/PlanEvaluator.evaluate;org/weakref/nitro/operator/evaluator/PlanEvaluator.evaluateUnmemoized;org/weakref/nitro/operator/evaluator/PlanEvaluator.evaluateVariable;org/weakref/nitro/operator/evaluator/PlanEvaluator.evaluateCall;org/weakref/nitro/function/scalar/builtin/DivideI64.apply;org/weakref/nitro/function/scalar/builtin/I64BinaryDispatch.applyLong;org/weakref/nitro/function/scalar/builtin/I64BinaryDispatch.forEachPair;org/weakref/nitro/function/scalar/builtin/I64BinaryDispatch.forEachFlatRle;org/weakref/nitro/function/scalar/builtin/VectorAccess$$Lambda.0x00000000481e6550.value;org/weakref/nitro/function/scalar/builtin/VectorAccess.lambda$longValues$0 1
java/lang/Thread.run;java/lang/Thread.runWith;java/util/concurrent/ThreadPoolExecutor$Worker.run;java/util/concurrent/ThreadPoolExecutor.runWorker;java/util/concurrent/FutureTask.run;java/util/concurrent/Executors$RunnableAdapter.call;java/util/concurrent/FutureTask.run;org/openjdk/jmh/runner/BenchmarkHandler$BenchmarkTask.call;org/openjdk/jmh/runner/BenchmarkHandler$BenchmarkTask.call;java/lang/reflect/Method.invoke;jdk/internal/reflect/DirectMethodHandleAccessor.invoke;jdk/internal/reflect/DirectMethodHandleAccessor.invokeImpl;java/lang/invoke/LambdaForm$MH.0x0000000048061400.invokeExact_MT;java/lang/invoke/LambdaForm$MH.0x0000000048061000.invoke;java/lang/invoke/DirectMethodHandle$Holder.invokeSpecial;org/weakref/nitro/clickbench/jmh_generated/BenchmarkQueries_query43_jmhTest.query43_AverageTime;org/weakref/nitro/clickbench/jmh_generated/BenchmarkQueries_query43_jmhTest.query43_avgt_jmhStub;org/weakref/nitro/clickbench/BenchmarkQueries.query43;org/weakref/nitro/clickbench/ClickBenchHitsSupport.query43;org/weakref/nitro/clickbench/ClickBenchHitsSupport.clickBenchScan;org/weakref/nitro/operator/NitroParquetScanOperator.<init>;java/util/stream/ReferencePipeline.toArray;java/util/stream/AbstractPipeline.evaluateToArrayNode;java/util/stream/AbstractPipeline.evaluate;java/util/stream/AbstractPipeline.wrapAndCopyInto;java/util/stream/AbstractPipeline.copyInto;java/util/AbstractList$RandomAccessSpliterator.forEachRemaining;java/util/stream/ReferencePipeline$3$1.accept;org/weakref/nitro/operator/NitroParquetScanOperator$$Lambda.0x00000000480864e8.apply;org/weakref/nitro/parquet/ParquetFile.open;org/weakref/nitro/parquet/ParquetFile.<init>;org/apache/parquet/format/Util.readFileMetaData;org/apache/parquet/format/Util.readFileMetaData;org/apache/parquet/format/Util.read;org/apache/parquet/format/FileMetaData.read;org/apache/parquet/format/FileMetaData$FileMetaDataStandardScheme.read;org/apache/parquet/format/FileMetaData$FileMetaDataStandardScheme.read;org/apache/parquet/format/RowGroup.read;org/apache/parquet/format/RowGroup$RowGroupStandardScheme.read;org/apache/parquet/format/RowGroup$RowGroupStandardScheme.read;org/apache/parquet/format/ColumnChunk.read;org/apache/parquet/format/ColumnChunk$ColumnChunkStandardScheme.read;org/apache/parquet/format/ColumnChunk$ColumnChunkStandardScheme.read;org/apache/parquet/format/ColumnMetaData.read;org/apache/parquet/format/ColumnMetaData$ColumnMetaDataStandardScheme.read;org/apache/parquet/format/ColumnMetaData$ColumnMetaDataStandardScheme.read;org/apache/parquet/format/Statistics.read;org/apache/parquet/format/Statistics$StatisticsStandardScheme.read;org/apache/parquet/format/Statistics$StatisticsStandardScheme.read;org/apache/parquet/format/InterningProtocol.readFieldBegin;shaded/parquet/org/apache/thrift/protocol/TCompactProtocol.readFieldBegin;shaded/parquet/org/apache/thrift/protocol/TCompactProtocol.readByte;shaded/parquet/org/apache/thrift/transport/TTransport.readAll;shaded/parquet/org/apache/thrift/transport/TIOStreamTransport.read 1
java/lang/Thread.run;java/lang/Thread.runWith;java/util/concurrent/ThreadPoolExecutor$Worker.run;java/util/concurrent/ThreadPoolExecutor.runWorker;java/util/concurrent/FutureTask.run;java/util/concurrent/Executors$RunnableAdapter.call;java/util/concurrent/FutureTask.run;org/openjdk/jmh/runner/BenchmarkHandler$BenchmarkTask.call;org/openjdk/jmh/runner/BenchmarkHandler$BenchmarkTask.call;java/lang/reflect/Method.invoke;jdk/internal/reflect/DirectMethodHandleAccessor.invoke;jdk/internal/reflect/DirectMethodHandleAccessor.invokeImpl;java/lang/invoke/LambdaForm$MH.0x0000000048061400.invokeExact_MT;java/lang/invoke/LambdaForm$MH.0x0000000048061000.invoke;java/lang/invoke/DirectMethodHandle$Holder.invokeSpecial;org/weakref/nitro/clickbench/jmh_generated/BenchmarkQueries_query43_jmhTest.query43_AverageTime;org/weakref/nitro/clickbench/jmh_generated/BenchmarkQueries_query43_jmhTest.query43_avgt_jmhStub;org/weakref/nitro/clickbench/BenchmarkQueries.query43;org/weakref/nitro/clickbench/ClickBenchHitsSupport.query43;org/weakref/nitro/clickbench/ClickBenchHitsSupport.clickBenchScan;org/weakref/nitro/operator/NitroParquetScanOperator.<init>;java/util/stream/ReferencePipeline.toArray;java/util/stream/AbstractPipeline.evaluateToArrayNode;java/util/stream/AbstractPipeline.evaluate;java/util/stream/AbstractPipeline.wrapAndCopyInto;java/util/stream/AbstractPipeline.copyInto;java/util/AbstractList$RandomAccessSpliterator.forEachRemaining;java/util/stream/ReferencePipeline$3$1.accept;org/weakref/nitro/operator/NitroParquetScanOperator$$Lambda.0x00000000480864e8.apply;org/weakref/nitro/parquet/ParquetFile.open;org/weakref/nitro/parquet/ParquetFile.<init>;org/apache/parquet/format/Util.readFileMetaData;org/apache/parquet/format/Util.readFileMetaData;org/apache/parquet/format/Util.read;org/apache/parquet/format/FileMetaData.read;org/apache/parquet/format/FileMetaData$FileMetaDataStandardScheme.read;org/apache/parquet/format/FileMetaData$FileMetaDataStandardScheme.read;org/apache/parquet/format/RowGroup.read;org/apache/parquet/format/RowGroup$RowGroupStandardScheme.read;org/apache/parquet/format/RowGroup$RowGroupStandardScheme.read;org/apache/parquet/format/ColumnChunk.read;org/apache/parquet/format/ColumnChunk$ColumnChunkStandardScheme.read;org/apache/parquet/format/ColumnChunk$ColumnChunkStandardScheme.read;org/apache/parquet/format/ColumnMetaData.read;org/apache/parquet/format/ColumnMetaData$ColumnMetaDataStandardScheme.read;org/apache/parquet/format/ColumnMetaData$ColumnMetaDataStandardScheme.read;org/apache/parquet/format/Statistics.read;org/apache/parquet/format/Statistics$StatisticsStandardScheme.read;org/apache/parquet/format/Statistics$StatisticsStandardScheme.read;org/apache/parquet/format/InterningProtocol.readFieldBegin;shaded/parquet/org/apache/thrift/protocol/TCompactProtocol.readFieldBegin;shaded/parquet/org/apache/thrift/protocol/TCompactProtocol.readByte;shaded/parquet/org/apache/thrift/transport/TTransport.readAll 1
java/lang/Thread.run;java/lang/Thread.runWith;java/util/concurrent/ThreadPoolExecutor$Worker.run;java/util/concurrent/ThreadPoolExecutor.runWorker;java/util/concurrent/FutureTask.run;java/util/concurrent/Executors$RunnableAdapter.call;java/util/concurrent/FutureTask.run;org/openjdk/jmh/runner/BenchmarkHandler$BenchmarkTask.call;org/openjdk/jmh/runner/BenchmarkHandler$BenchmarkTask.call;java/lang/reflect/Method.invoke;jdk/internal/reflect/DirectMethodHandleAccessor.invoke;jdk/internal/reflect/DirectMethodHandleAccessor.invokeImpl;java/lang/invoke/LambdaForm$MH.0x0000000048061400.invokeExact_MT;java/lang/invoke/LambdaForm$MH.0x0000000048061000.invoke;java/lang/invoke/DirectMethodHandle$Holder.invokeSpecial;org/weakref/nitro/clickbench/jmh_generated/BenchmarkQueries_query43_jmhTest.query43_AverageTime;org/weakref/nitro/clickbench/jmh_generated/BenchmarkQueries_query43_jmhTest.query43_avgt_jmhStub;org/weakref/nitro/clickbench/BenchmarkQueries.query43;org/weakref/nitro/clickbench/ClickBenchHitsSupport.query43;org/weakref/nitro/clickbench/ClickBenchHitsSupport.clickBenchScan;org/weakref/nitro/operator/NitroParquetScanOperator.<init>;java/util/stream/ReferencePipeline.toArray;java/util/stream/AbstractPipeline.evaluateToArrayNode;java/util/stream/AbstractPipeline.evaluate;java/util/stream/AbstractPipeline.wrapAndCopyInto;java/util/stream/AbstractPipeline.copyInto;java/util/AbstractList$RandomAccessSpliterator.forEachRemaining;java/util/stream/ReferencePipeline$3$1.accept;org/weakref/nitro/operator/NitroParquetScanOperator$$Lambda.0x00000000480864e8.apply;org/weakref/nitro/parquet/ParquetFile.open;org/weakref/nitro/parquet/ParquetFile.<init>;org/apache/parquet/format/Util.readFileMetaData;org/apache/parquet/format/Util.readFileMetaData;org/apache/parquet/format/Util.read;org/apache/parquet/format/FileMetaData.read;org/apache/parquet/format/FileMetaData$FileMetaDataStandardScheme.read;org/apache/parquet/format/FileMetaData$FileMetaDataStandardScheme.read;org/apache/parquet/format/RowGroup.read;org/apache/parquet/format/RowGroup$RowGroupStandardScheme.read;org/apache/parquet/format/RowGroup$RowGroupStandardScheme.read;org/apache/parquet/format/ColumnChunk.read;org/apache/parquet/format/ColumnChunk$ColumnChunkStandardScheme.read;org/apache/parquet/format/ColumnChunk$ColumnChunkStandardScheme.read;org/apache/parquet/format/InterningProtocol.readI64;shaded/parquet/org/apache/thrift/protocol/TCompactProtocol.readI64;shaded/parquet/org/apache/thrift/protocol/TCompactProtocol.readVarint64;shaded/parquet/org/apache/thrift/protocol/TCompactProtocol.readByte;shaded/parquet/org/apache/thrift/transport/TTransport.readAll;shaded/parquet/org/apache/thrift/transport/TIOStreamTransport.read 1
java/lang/Thread.run;java/lang/Thread.runWith;java/util/concurrent/ThreadPoolExecutor$Worker.run;java/util/concurrent/ThreadPoolExecutor.runWorker;java/util/concurrent/FutureTask.run;java/util/concurrent/Executors$RunnableAdapter.call;java/util/concurrent/FutureTask.run;org/openjdk/jmh/runner/BenchmarkHandler$BenchmarkTask.call;org/openjdk/jmh/runner/BenchmarkHandler$BenchmarkTask.call;java/lang/reflect/Method.invoke;jdk/internal/reflect/DirectMethodHandleAccessor.invoke;jdk/internal/reflect/DirectMethodHandleAccessor.invokeImpl;java/lang/invoke/LambdaForm$MH.0x0000000048061400.invokeExact_MT;java/lang/invoke/LambdaForm$MH.0x0000000048061000.invoke;java/lang/invoke/DirectMethodHandle$Holder.invokeSpecial;org/weakref/nitro/clickbench/jmh_generated/BenchmarkQueries_query43_jmhTest.query43_AverageTime;org/weakref/nitro/clickbench/jmh_generated/BenchmarkQueries_query43_jmhTest.query43_avgt_jmhStub;org/weakref/nitro/clickbench/BenchmarkQueries.query43;org/weakref/nitro/clickbench/BenchmarkQueries.consume;org/weakref/nitro/operator/OffsetOperator.hasNext;org/weakref/nitro/operator/OffsetOperator.skipFullyConsumedBatches;org/weakref/nitro/operator/TopNOperator.next;org/weakref/nitro/operator/TopNOperator.computeTopN;org/weakref/nitro/operator/GroupedAggregationOperator.next;org/weakref/nitro/operator/GroupedAggregationOperator.computeResults;org/weakref/nitro/operator/GroupOperator.next;org/weakref/nitro/operator/ProjectOperator.next;org/weakref/nitro/operator/FilterOperator.next;org/weakref/nitro/operator/evaluator/PlanEvaluator.evaluateInPlace;org/weakref/nitro/operator/evaluator/PlanEvaluator.evaluateTrueMaskInPlace;org/weakref/nitro/operator/evaluator/PlanEvaluator.evaluateAdaptiveAndTrueMaskInPlace;org/weakref/nitro/operator/evaluator/PlanEvaluator.evaluateMeasuredTrueMaskInPlace;org/weakref/nitro/operator/evaluator/PlanEvaluator.evaluateTrueMaskInPlace;org/weakref/nitro/operator/evaluator/PlanEvaluator.tryEvaluatePrimitiveTrueMaskInPlace;org/weakref/nitro/operator/evaluator/PlanEvaluator.tryEvaluatePrimitiveMaskInPlace;org/weakref/nitro/operator/evaluator/PlanEvaluator.resolveMaskPrimitiveInvocation;org/weakref/nitro/operator/evaluator/PlanEvaluator.evaluateArgument;org/weakref/nitro/operator/FilterOperator$1.resolve;org/weakref/nitro/operator/Output.borrowOrNull;org/weakref/nitro/operator/Output.borrow;org/weakref/nitro/operator/Output.borrow;org/weakref/nitro/operator/NitroParquetScanOperator$ScanOutputResolver$$Lambda.0x00000000480aba90.apply;org/weakref/nitro/operator/NitroParquetScanOperator$ScanOutputResolver.resolve;org/weakref/nitro/operator/NitroParquetScanOperator.resolveLazyColumn;org/weakref/nitro/operator/NitroParquetScanOperator.drainPendingAdvance;org/weakref/nitro/parquet/ColumnReader.skip;org/weakref/nitro/parquet/ColumnReader.decodeDataPageV1;org/weakref/nitro/parquet/RleReader.read;org/weakref/nitro/parquet/RleReader.readBitPacked;org/weakref/nitro/parquet/VectorBitUnpacker.unpack8;jdk/incubator/vector/IntVector.intoArray 1
java/lang/Thread.run;java/lang/Thread.runWith;java/util/concurrent/ThreadPoolExecutor$Worker.run;java/util/concurrent/ThreadPoolExecutor.runWorker;java/util/concurrent/FutureTask.run;java/util/concurrent/Executors$RunnableAdapter.call;java/util/concurrent/FutureTask.run;org/openjdk/jmh/runner/BenchmarkHandler$BenchmarkTask.call;org/openjdk/jmh/runner/BenchmarkHandler$BenchmarkTask.call;java/lang/reflect/Method.invoke;jdk/internal/reflect/DirectMethodHandleAccessor.invoke;jdk/internal/reflect/DirectMethodHandleAccessor.invokeImpl;java/lang/invoke/LambdaForm$MH.0x0000000048061400.invokeExact_MT;java/lang/invoke/LambdaForm$MH.0x0000000048061000.invoke;java/lang/invoke/DirectMethodHandle$Holder.invokeSpecial;org/weakref/nitro/clickbench/jmh_generated/BenchmarkQueries_query43_jmhTest.query43_AverageTime;org/weakref/nitro/clickbench/jmh_generated/BenchmarkQueries_query43_jmhTest.query43_avgt_jmhStub;org/weakref/nitro/clickbench/BenchmarkQueries.query43;org/weakref/nitro/clickbench/ClickBenchHitsSupport.query43;org/weakref/nitro/clickbench/ClickBenchHitsSupport.clickBenchScan;org/weakref/nitro/operator/NitroParquetScanOperator.<init>;java/util/stream/ReferencePipeline.toArray;java/util/stream/AbstractPipeline.evaluateToArrayNode;java/util/stream/AbstractPipeline.evaluate;java/util/stream/AbstractPipeline.wrapAndCopyInto;java/util/stream/AbstractPipeline.copyInto;java/util/AbstractList$RandomAccessSpliterator.forEachRemaining;java/util/stream/ReferencePipeline$3$1.accept;org/weakref/nitro/operator/NitroParquetScanOperator$$Lambda.0x00000000480864e8.apply;org/weakref/nitro/parquet/ParquetFile.open;org/weakref/nitro/parquet/ParquetFile.<init>;org/apache/parquet/format/Util.readFileMetaData;org/apache/parquet/format/Util.readFileMetaData;org/apache/parquet/format/Util.read;org/apache/parquet/format/FileMetaData.read;org/apache/parquet/format/FileMetaData$FileMetaDataStandardScheme.read;org/apache/parquet/format/FileMetaData$FileMetaDataStandardScheme.read;org/apache/parquet/format/RowGroup.read;org/apache/parquet/format/RowGroup$RowGroupStandardScheme.read;org/apache/parquet/format/RowGroup$RowGroupStandardScheme.read;org/apache/parquet/format/ColumnChunk.read;org/apache/parquet/format/ColumnChunk$ColumnChunkStandardScheme.read;org/apache/parquet/format/ColumnChunk$ColumnChunkStandardScheme.read;org/apache/parquet/format/ColumnMetaData.read;org/apache/parquet/format/ColumnMetaData$ColumnMetaDataStandardScheme.read;org/apache/parquet/format/ColumnMetaData$ColumnMetaDataStandardScheme.read;org/apache/parquet/format/InterningProtocol.readFieldBegin;shaded/parquet/org/apache/thrift/protocol/TCompactProtocol.readFieldBegin;shaded/parquet/org/apache/thrift/protocol/TCompactProtocol.getTType 1
java/lang/Thread.run;java/lang/Thread.runWith;java/util/concurrent/ThreadPoolExecutor$Worker.run;java/util/concurrent/ThreadPoolExecutor.runWorker;java/util/concurrent/FutureTask.run;java/util/concurrent/Executors$RunnableAdapter.call;java/util/concurrent/FutureTask.run;org/openjdk/jmh/runner/BenchmarkHandler$BenchmarkTask.call;org/openjdk/jmh/runner/BenchmarkHandler$BenchmarkTask.call;java/lang/reflect/Method.invoke;jdk/internal/reflect/DirectMethodHandleAccessor.invoke;jdk/internal/reflect/DirectMethodHandleAccessor.invokeImpl;java/lang/invoke/LambdaForm$MH.0x0000000048061400.invokeExact_MT;java/lang/invoke/LambdaForm$MH.0x0000000048061000.invoke;java/lang/invoke/DirectMethodHandle$Holder.invokeSpecial;org/weakref/nitro/clickbench/jmh_generated/BenchmarkQueries_query43_jmhTest.query43_AverageTime;org/weakref/nitro/clickbench/jmh_generated/BenchmarkQueries_query43_jmhTest.query43_avgt_jmhStub;org/weakref/nitro/clickbench/BenchmarkQueries.query43;org/weakref/nitro/clickbench/ClickBenchHitsSupport.query43;org/weakref/nitro/clickbench/ClickBenchHitsSupport.clickBenchScan;org/weakref/nitro/operator/NitroParquetScanOperator.<init>;java/util/stream/ReferencePipeline.toArray;java/util/stream/AbstractPipeline.evaluateToArrayNode;java/util/stream/AbstractPipeline.evaluate;java/util/stream/AbstractPipeline.wrapAndCopyInto;java/util/stream/AbstractPipeline.copyInto;java/util/AbstractList$RandomAccessSpliterator.forEachRemaining;java/util/stream/ReferencePipeline$3$1.accept;org/weakref/nitro/operator/NitroParquetScanOperator$$Lambda.0x00000000480864e8.apply;org/weakref/nitro/parquet/ParquetFile.open;org/weakref/nitro/parquet/ParquetFile.<init>;org/apache/parquet/format/Util.readFileMetaData;org/apache/parquet/format/Util.readFileMetaData;org/apache/parquet/format/Util.read;org/apache/parquet/format/FileMetaData.read;org/apache/parquet/format/FileMetaData$FileMetaDataStandardScheme.read;org/apache/parquet/format/FileMetaData$FileMetaDataStandardScheme.read;org/apache/parquet/format/RowGroup.read;org/apache/parquet/format/RowGroup$RowGroupStandardScheme.read;org/apache/parquet/format/RowGroup$RowGroupStandardScheme.read;org/apache/parquet/format/ColumnChunk.read;org/apache/parquet/format/ColumnChunk$ColumnChunkStandardScheme.read;org/apache/parquet/format/ColumnChunk$ColumnChunkStandardScheme.read;org/apache/parquet/format/ColumnMetaData.read;org/apache/parquet/format/ColumnMetaData$ColumnMetaDataStandardScheme.read;org/apache/parquet/format/ColumnMetaData$ColumnMetaDataStandardScheme.read;org/apache/parquet/format/Statistics.read;org/apache/parquet/format/Statistics$StatisticsStandardScheme.read;org/apache/parquet/format/Statistics$StatisticsStandardScheme.read;org/apache/parquet/format/InterningProtocol.readBinary;shaded/parquet/org/apache/thrift/protocol/TCompactProtocol.readBinary;java/nio/ByteBuffer.wrap 1
java/lang/Thread.run;java/lang/Thread.runWith;java/util/concurrent/ThreadPoolExecutor$Worker.run;java/util/concurrent/ThreadPoolExecutor.runWorker;java/util/concurrent/FutureTask.run;java/util/concurrent/Executors$RunnableAdapter.call;java/util/concurrent/FutureTask.run;org/openjdk/jmh/runner/BenchmarkHandler$BenchmarkTask.call;org/openjdk/jmh/runner/BenchmarkHandler$BenchmarkTask.call;java/lang/reflect/Method.invoke;jdk/internal/reflect/DirectMethodHandleAccessor.invoke;jdk/internal/reflect/DirectMethodHandleAccessor.invokeImpl;java/lang/invoke/LambdaForm$MH.0x0000000048061400.invokeExact_MT;java/lang/invoke/LambdaForm$MH.0x0000000048061000.invoke;java/lang/invoke/DirectMethodHandle$Holder.invokeSpecial;org/weakref/nitro/clickbench/jmh_generated/BenchmarkQueries_query43_jmhTest.query43_AverageTime;org/weakref/nitro/clickbench/jmh_generated/BenchmarkQueries_query43_jmhTest.query43_avgt_jmhStub;org/weakref/nitro/clickbench/BenchmarkQueries.query43;org/weakref/nitro/clickbench/BenchmarkQueries.consume;org/weakref/nitro/operator/OffsetOperator.hasNext;org/weakref/nitro/operator/OffsetOperator.skipFullyConsumedBatches;org/weakref/nitro/operator/TopNOperator.next;org/weakref/nitro/operator/TopNOperator.computeTopN;org/weakref/nitro/operator/GroupedAggregationOperator.next;org/weakref/nitro/operator/GroupedAggregationOperator.computeResults;org/weakref/nitro/operator/Output.borrow;org/weakref/nitro/operator/GroupOperator$$Lambda.0x00000000481e38d0.apply;org/weakref/nitro/operator/GroupOperator.lambda$next$0;org/weakref/nitro/operator/GroupOperator.groupIds;org/weakref/nitro/operator/GroupOperator.doGroupingIfNeeded;org/weakref/nitro/operator/Output.borrow;org/weakref/nitro/operator/ProjectOperator$$Lambda.0x00000000481e76d8.apply;org/weakref/nitro/operator/ProjectOperator.lambda$next$4;org/weakref/nitro/operator/ProjectOperator.evaluateOutput;java/util/HashMap.computeIfAbsent;org/weakref/nitro/operator/ProjectOperator$$Lambda.0x00000000481ea4e8.apply;org/weakref/nitro/operator/ProjectOperator.lambda$evaluateOutput$0;org/weakref/nitro/operator/ProjectOperator.evaluateBundle;org/weakref/nitro/operator/evaluator/PlanEvaluator.evaluate;org/weakref/nitro/operator/evaluator/PlanEvaluator.evaluateUnmemoized;org/weakref/nitro/operator/evaluator/PlanEvaluator.evaluateVariable;org/weakref/nitro/operator/evaluator/PlanEvaluator.evaluateCall;org/weakref/nitro/function/scalar/builtin/MultiplyI64.apply;org/weakref/nitro/function/scalar/builtin/I64BinaryDispatch.applyLong;org/weakref/nitro/function/scalar/builtin/I64BinaryDispatch.forEachPair;org/weakref/nitro/function/scalar/builtin/I64BinaryDispatch.forEachFlatRle;org/weakref/nitro/data/Mask$1.hasNext 1
java/lang/Thread.run;java/lang/Thread.runWith;java/util/concurrent/ThreadPoolExecutor$Worker.run;java/util/concurrent/ThreadPoolExecutor.runWorker;java/util/concurrent/FutureTask.run;java/util/concurrent/Executors$RunnableAdapter.call;java/util/concurrent/FutureTask.run;org/openjdk/jmh/runner/BenchmarkHandler$BenchmarkTask.call;org/openjdk/jmh/runner/BenchmarkHandler$BenchmarkTask.call;java/lang/reflect/Method.invoke;jdk/internal/reflect/DirectMethodHandleAccessor.invoke;jdk/internal/reflect/DirectMethodHandleAccessor.invokeImpl;java/lang/invoke/LambdaForm$MH.0x0000000048061400.invokeExact_MT;java/lang/invoke/LambdaForm$MH.0x0000000048061000.invoke;java/lang/invoke/DirectMethodHandle$Holder.invokeSpecial;org/weakref/nitro/clickbench/jmh_generated/BenchmarkQueries_query43_jmhTest.query43_AverageTime;org/weakref/nitro/clickbench/jmh_generated/BenchmarkQueries_query43_jmhTest.query43_avgt_jmhStub;org/weakref/nitro/clickbench/BenchmarkQueries.query43;org/weakref/nitro/clickbench/BenchmarkQueries.consume;org/weakref/nitro/operator/OffsetOperator.close;org/weakref/nitro/operator/TopNOperator.close;org/weakref/nitro/operator/GroupedAggregationOperator.close;org/weakref/nitro/operator/GroupOperator.close;org/weakref/nitro/operator/ProjectOperator.close;org/weakref/nitro/operator/FilterOperator.close;org/weakref/nitro/operator/NitroParquetScanOperator.close;org/weakref/nitro/parquet/ParquetFile.close;jdk/internal/foreign/ArenaImpl.close;jdk/internal/foreign/MemorySessionImpl.close;jdk/internal/foreign/ConfinedSession$ConfinedResourceList.cleanup;jdk/internal/foreign/MemorySessionImpl$ResourceList.cleanupSingle;jdk/internal/foreign/SegmentFactories$2.cleanup;sun/nio/ch/FileChannelImpl$Unmapper.unmap;sun/nio/ch/UnixFileDispatcherImpl.unmap;sun/nio/ch/UnixFileDispatcherImpl.unmap0;Java_sun_nio_ch_UnixFileDispatcherImpl_unmap0;munmap;entry_SYSCALL_64_after_hwframe_[k];do_syscall_64_[k];x64_sys_call_[k];__x64_sys_munmap_[k];__vm_munmap_[k];do_vmi_munmap_[k];do_vmi_align_munmap_[k];mas_store_gfp_[k];mas_wr_store_entry_[k];mas_wr_spanning_store_[k];mas_spanning_rebalance_[k];mas_topiary_replace_[k] 1
java/lang/Thread.run;java/lang/Thread.runWith;java/util/concurrent/ThreadPoolExecutor$Worker.run;java/util/concurrent/ThreadPoolExecutor.runWorker;java/util/concurrent/FutureTask.run;java/util/concurrent/Executors$RunnableAdapter.call;java/util/concurrent/FutureTask.run;org/openjdk/jmh/runner/BenchmarkHandler$BenchmarkTask.call;org/openjdk/jmh/runner/BenchmarkHandler$BenchmarkTask.call;java/lang/reflect/Method.invoke;jdk/internal/reflect/DirectMethodHandleAccessor.invoke;jdk/internal/reflect/DirectMethodHandleAccessor.invokeImpl;java/lang/invoke/LambdaForm$MH.0x0000000048061400.invokeExact_MT;java/lang/invoke/LambdaForm$MH.0x0000000048061000.invoke;java/lang/invoke/DirectMethodHandle$Holder.invokeSpecial;org/weakref/nitro/clickbench/jmh_generated/BenchmarkQueries_query43_jmhTest.query43_AverageTime;org/weakref/nitro/clickbench/jmh_generated/BenchmarkQueries_query43_jmhTest.query43_avgt_jmhStub;org/weakref/nitro/clickbench/BenchmarkQueries.query43;org/weakref/nitro/clickbench/BenchmarkQueries.consume;org/weakref/nitro/operator/OffsetOperator.hasNext;org/weakref/nitro/operator/OffsetOperator.skipFullyConsumedBatches;org/weakref/nitro/operator/TopNOperator.next;org/weakref/nitro/operator/TopNOperator.computeTopN;org/weakref/nitro/operator/GroupedAggregationOperator.next;org/weakref/nitro/operator/GroupedAggregationOperator.computeResults;org/weakref/nitro/operator/GroupOperator.next;org/weakref/nitro/operator/ProjectOperator.next;org/weakref/nitro/operator/FilterOperator.next;org/weakref/nitro/operator/evaluator/PlanEvaluator.evaluateInPlace;org/weakref/nitro/operator/evaluator/PlanEvaluator.evaluateTrueMaskInPlace;org/weakref/nitro/operator/evaluator/PlanEvaluator.evaluateAdaptiveAndTrueMaskInPlace;org/weakref/nitro/operator/evaluator/PlanEvaluator.evaluateMeasuredTrueMaskInPlace;org/weakref/nitro/operator/evaluator/PlanEvaluator.evaluateTrueMaskInPlace;org/weakref/nitro/operator/evaluator/PlanEvaluator.evaluateAdaptiveAndTrueMaskInPlace;org/weakref/nitro/operator/evaluator/PlanEvaluator.evaluateMeasuredTrueMaskInPlace;java/util/HashMap.computeIfAbsent;java/util/HashMap.hash;org/weakref/nitro/operator/evaluator/ir/ReferenceMask.hashCode;java/lang/invoke/Invokers$Holder.linkToTargetMethod;java/lang/invoke/LambdaForm$MH.0x0000000048101c00.invoke;java/lang/invoke/LambdaForm$MH.0x0000000048102000.invoke;java/lang/invoke/DelegatingMethodHandle$Holder.delegate;java/lang/invoke/DirectMethodHandle$Holder.invokeSpecial;org/weakref/nitro/operator/evaluator/ir/Reference.hashCode;java/lang/invoke/Invokers$Holder.linkToTargetMethod;java/lang/invoke/LambdaForm$MH.0x0000000048101c00.invoke;java/lang/invoke/LambdaForm$MH.0x0000000048101c00.invoke;java/lang/invoke/LambdaForm$MH.0x0000000048101000.invoke;java/lang/invoke/DirectMethodHandle$Holder.invokeStatic;org/weakref/nitro/operator/evaluator/ir/Reference$$HasherSpecializer.0x00000000481e4460.hasher0;org/weakref/nitro/operator/evaluator/ir/Variable.hashCode;java/lang/invoke/Invokers$Holder.linkToTargetMethod;java/lang/invoke/LambdaForm$MH.0x0000000048101c00.invoke;java/lang/invoke/LambdaForm$MH.0x00000000481c0400.invoke;java/lang/invoke/DirectMethodHandle$Holder.invokeStatic 1
/usr/lib/x86_64-linux-gnu/libc.so.6;/usr/lib/x86_64-linux-gnu/libc.so.6;thread_native_entry;Thread::call_run;JavaThread::thread_main_inner;CompileBroker::compiler_thread_loop;CompileBroker::invoke_compiler_on_method;C2Compiler::compile_method;Compile::Compile;Compile::Optimize;PhaseMacroExpand::expand_macro_nodes;PhaseMacroExpand::expand_arraycopy_node;PhaseMacroExpand::generate_arraycopy;PhaseMacroExpand::generate_slow_arraycopy;CallNode::extract_projections 1
java/lang/Thread.run;java/lang/Thread.runWith;java/util/concurrent/ThreadPoolExecutor$Worker.run;java/util/concurrent/ThreadPoolExecutor.runWorker;java/util/concurrent/FutureTask.run;java/util/concurrent/Executors$RunnableAdapter.call;java/util/concurrent/FutureTask.run;org/openjdk/jmh/runner/BenchmarkHandler$BenchmarkTask.call;org/openjdk/jmh/runner/BenchmarkHandler$BenchmarkTask.call;java/lang/reflect/Method.invoke;jdk/internal/reflect/DirectMethodHandleAccessor.invoke;jdk/internal/reflect/DirectMethodHandleAccessor.invokeImpl;java/lang/invoke/LambdaForm$MH.0x0000000048061400.invokeExact_MT;java/lang/invoke/LambdaForm$MH.0x0000000048061000.invoke;java/lang/invoke/DirectMethodHandle$Holder.invokeSpecial;org/weakref/nitro/clickbench/jmh_generated/BenchmarkQueries_query43_jmhTest.query43_AverageTime;org/weakref/nitro/clickbench/jmh_generated/BenchmarkQueries_query43_jmhTest.query43_avgt_jmhStub;org/weakref/nitro/clickbench/BenchmarkQueries.query43;org/weakref/nitro/clickbench/ClickBenchHitsSupport.query43;org/weakref/nitro/clickbench/ClickBenchHitsSupport.clickBenchScan;org/weakref/nitro/operator/NitroParquetScanOperator.<init>;java/util/stream/ReferencePipeline.toArray;java/util/stream/AbstractPipeline.evaluateToArrayNode;java/util/stream/AbstractPipeline.evaluate;java/util/stream/AbstractPipeline.wrapAndCopyInto;java/util/stream/AbstractPipeline.copyInto;java/util/AbstractList$RandomAccessSpliterator.forEachRemaining;java/util/stream/ReferencePipeline$3$1.accept;org/weakref/nitro/operator/NitroParquetScanOperator$$Lambda.0x00000000480864e8.apply;org/weakref/nitro/parquet/ParquetFile.open;org/weakref/nitro/parquet/ParquetFile.<init>;org/apache/parquet/format/Util.readFileMetaData;org/apache/parquet/format/Util.readFileMetaData;org/apache/parquet/format/Util.read;org/apache/parquet/format/FileMetaData.read;org/apache/parquet/format/FileMetaData$FileMetaDataStandardScheme.read;org/apache/parquet/format/FileMetaData$FileMetaDataStandardScheme.read;org/apache/parquet/format/RowGroup.read;org/apache/parquet/format/RowGroup$RowGroupStandardScheme.read;org/apache/parquet/format/RowGroup$RowGroupStandardScheme.read;org/apache/parquet/format/ColumnChunk.read;org/apache/parquet/format/ColumnChunk$ColumnChunkStandardScheme.read;org/apache/parquet/format/ColumnChunk$ColumnChunkStandardScheme.read;org/apache/parquet/format/ColumnMetaData.read;org/apache/parquet/format/ColumnMetaData$ColumnMetaDataStandardScheme.read;org/apache/parquet/format/ColumnMetaData$ColumnMetaDataStandardScheme.read;org/apache/parquet/format/InterningProtocol.readStructBegin;shaded/parquet/org/apache/thrift/protocol/TCompactProtocol.readStructBegin 1
/usr/lib/x86_64-linux-gnu/libc.so.6;/usr/lib/x86_64-linux-gnu/libc.so.6;thread_native_entry;Thread::call_run;WorkerThread::run;G1EvacuateRegionsBaseTask::work;G1EvacuateRegionsTask::evacuate_live_objects;G1ParEvacuateFollowersClosure::do_void;G1ParScanThreadState::steal_and_trim_queue;G1ParScanThreadState::trim_queue_to_threshold;void OopOopIterateBackwardsDispatch<G1ScanEvacuatedObjClosure>::Table::oop_oop_iterate_backwards<InstanceKlass, narrowOop> 2
/usr/lib/x86_64-linux-gnu/libc.so.6;/usr/lib/x86_64-linux-gnu/libc.so.6;thread_native_entry;Thread::call_run;JavaThread::thread_main_inner;CompileBroker::compiler_thread_loop;CompileBroker::invoke_compiler_on_method;C2Compiler::compile_method;Compile::Compile;Compile::Optimize;PhaseIterGVN::PhaseIterGVN 1
java/lang/Thread.run;java/lang/Thread.runWith;java/util/concurrent/ThreadPoolExecutor$Worker.run;java/util/concurrent/ThreadPoolExecutor.runWorker;java/util/concurrent/FutureTask.run;java/util/concurrent/Executors$RunnableAdapter.call;java/util/concurrent/FutureTask.run;org/openjdk/jmh/runner/BenchmarkHandler$BenchmarkTask.call;org/openjdk/jmh/runner/BenchmarkHandler$BenchmarkTask.call;java/lang/reflect/Method.invoke;jdk/internal/reflect/DirectMethodHandleAccessor.invoke;jdk/internal/reflect/DirectMethodHandleAccessor.invokeImpl;java/lang/invoke/LambdaForm$MH.0x0000000048061400.invokeExact_MT;java/lang/invoke/LambdaForm$MH.0x0000000048061000.invoke;java/lang/invoke/DirectMethodHandle$Holder.invokeSpecial;org/weakref/nitro/clickbench/jmh_generated/BenchmarkQueries_query43_jmhTest.query43_AverageTime;org/weakref/nitro/clickbench/jmh_generated/BenchmarkQueries_query43_jmhTest.query43_avgt_jmhStub;org/weakref/nitro/clickbench/BenchmarkQueries.query43;org/weakref/nitro/clickbench/ClickBenchHitsSupport.query43;org/weakref/nitro/clickbench/ClickBenchHitsSupport.clickBenchScan;org/weakref/nitro/operator/NitroParquetScanOperator.<init>;java/util/stream/ReferencePipeline.toArray;java/util/stream/AbstractPipeline.evaluateToArrayNode;java/util/stream/AbstractPipeline.evaluate;java/util/stream/AbstractPipeline.wrapAndCopyInto;java/util/stream/AbstractPipeline.copyInto;java/util/AbstractList$RandomAccessSpliterator.forEachRemaining;java/util/stream/ReferencePipeline$3$1.accept;org/weakref/nitro/operator/NitroParquetScanOperator$$Lambda.0x00000000480864e8.apply;org/weakref/nitro/parquet/ParquetFile.open;org/weakref/nitro/parquet/ParquetFile.<init>;org/apache/parquet/format/Util.readFileMetaData;org/apache/parquet/format/Util.readFileMetaData;org/apache/parquet/format/Util.read;org/apache/parquet/format/FileMetaData.read;org/apache/parquet/format/FileMetaData$FileMetaDataStandardScheme.read;org/apache/parquet/format/FileMetaData$FileMetaDataStandardScheme.read;org/apache/parquet/format/RowGroup.read;org/apache/parquet/format/RowGroup$RowGroupStandardScheme.read;org/apache/parquet/format/RowGroup$RowGroupStandardScheme.read;org/apache/parquet/format/ColumnChunk.read;org/apache/parquet/format/ColumnChunk$ColumnChunkStandardScheme.read;org/apache/parquet/format/ColumnChunk$ColumnChunkStandardScheme.read;org/apache/parquet/format/ColumnMetaData.read;org/apache/parquet/format/ColumnMetaData$ColumnMetaDataStandardScheme.read;org/apache/parquet/format/ColumnMetaData$ColumnMetaDataStandardScheme.read;org/apache/parquet/format/InterningProtocol.readI64;shaded/parquet/org/apache/thrift/protocol/TCompactProtocol.readI64;shaded/parquet/org/apache/thrift/protocol/TCompactProtocol.readVarint64;shaded/parquet/org/apache/thrift/protocol/TCompactProtocol.readByte;shaded/parquet/org/apache/thrift/transport/TTransport.readAll;shaded/parquet/org/apache/thrift/transport/TIOStreamTransport.read 1
java/lang/Thread.run;java/lang/Thread.runWith;java/util/concurrent/ThreadPoolExecutor$Worker.run;java/util/concurrent/ThreadPoolExecutor.runWorker;java/util/concurrent/FutureTask.run;java/util/concurrent/Executors$RunnableAdapter.call;java/util/concurrent/FutureTask.run;org/openjdk/jmh/runner/BenchmarkHandler$BenchmarkTask.call;org/openjdk/jmh/runner/BenchmarkHandler$BenchmarkTask.call;java/lang/reflect/Method.invoke;jdk/internal/reflect/DirectMethodHandleAccessor.invoke;jdk/internal/reflect/DirectMethodHandleAccessor.invokeImpl;java/lang/invoke/LambdaForm$MH.0x0000000048061400.invokeExact_MT;java/lang/invoke/LambdaForm$MH.0x0000000048061000.invoke;java/lang/invoke/DirectMethodHandle$Holder.invokeSpecial;org/weakref/nitro/clickbench/jmh_generated/BenchmarkQueries_query43_jmhTest.query43_AverageTime;org/weakref/nitro/clickbench/jmh_generated/BenchmarkQueries_query43_jmhTest.query43_avgt_jmhStub;org/weakref/nitro/clickbench/BenchmarkQueries.query43;org/weakref/nitro/clickbench/ClickBenchHitsSupport.query43;org/weakref/nitro/clickbench/ClickBenchHitsSupport.clickBenchScan;org/weakref/nitro/operator/NitroParquetScanOperator.<init>;java/util/stream/ReferencePipeline.toArray;java/util/stream/AbstractPipeline.evaluateToArrayNode;java/util/stream/AbstractPipeline.evaluate;java/util/stream/AbstractPipeline.wrapAndCopyInto;java/util/stream/AbstractPipeline.copyInto;java/util/AbstractList$RandomAccessSpliterator.forEachRemaining;java/util/stream/ReferencePipeline$3$1.accept;org/weakref/nitro/operator/NitroParquetScanOperator$$Lambda.0x00000000480864e8.apply;org/weakref/nitro/parquet/ParquetFile.open;org/weakref/nitro/parquet/ParquetFile.<init>;org/apache/parquet/format/Util.readFileMetaData;org/apache/parquet/format/Util.readFileMetaData;org/apache/parquet/format/Util.read;org/apache/parquet/format/FileMetaData.read;org/apache/parquet/format/FileMetaData$FileMetaDataStandardScheme.read;org/apache/parquet/format/FileMetaData$FileMetaDataStandardScheme.read;org/apache/parquet/format/RowGroup.read;org/apache/parquet/format/RowGroup$RowGroupStandardScheme.read;org/apache/parquet/format/RowGroup$RowGroupStandardScheme.read;org/apache/parquet/format/ColumnChunk.read;org/apache/parquet/format/ColumnChunk$ColumnChunkStandardScheme.read;org/apache/parquet/format/ColumnChunk$ColumnChunkStandardScheme.read;org/apache/parquet/format/ColumnMetaData.read;org/apache/parquet/format/ColumnMetaData$ColumnMetaDataStandardScheme.read;org/apache/parquet/format/ColumnMetaData$ColumnMetaDataStandardScheme.read;java/util/ArrayList.add;java/util/ArrayList.add 1
java/lang/Thread.run;java/lang/Thread.runWith;java/util/concurrent/ThreadPoolExecutor$Worker.run;java/util/concurrent/ThreadPoolExecutor.runWorker;java/util/concurrent/FutureTask.run;java/util/concurrent/Executors$RunnableAdapter.call;java/util/concurrent/FutureTask.run;org/openjdk/jmh/runner/BenchmarkHandler$BenchmarkTask.call;org/openjdk/jmh/runner/BenchmarkHandler$BenchmarkTask.call;java/lang/reflect/Method.invoke;jdk/internal/reflect/DirectMethodHandleAccessor.invoke;jdk/internal/reflect/DirectMethodHandleAccessor.invokeImpl;java/lang/invoke/LambdaForm$MH.0x0000000048061400.invokeExact_MT;java/lang/invoke/LambdaForm$MH.0x0000000048061000.invoke;java/lang/invoke/DirectMethodHandle$Holder.invokeSpecial;org/weakref/nitro/clickbench/jmh_generated/BenchmarkQueries_query43_jmhTest.query43_AverageTime;org/weakref/nitro/clickbench/jmh_generated/BenchmarkQueries_query43_jmhTest.query43_avgt_jmhStub;org/weakref/nitro/clickbench/BenchmarkQueries.query43;org/weakref/nitro/clickbench/BenchmarkQueries.consume;org/weakref/nitro/operator/OffsetOperator.hasNext;org/weakref/nitro/operator/OffsetOperator.skipFullyConsumedBatches;org/weakref/nitro/operator/TopNOperator.next;org/weakref/nitro/operator/TopNOperator.computeTopN;org/weakref/nitro/operator/GroupedAggregationOperator.next;org/weakref/nitro/operator/GroupedAggregationOperator.computeResults;org/weakref/nitro/operator/GroupOperator.next;org/weakref/nitro/operator/ProjectOperator.next;org/weakref/nitro/operator/FilterOperator.next;org/weakref/nitro/operator/evaluator/PlanEvaluator.evaluateInPlace;org/weakref/nitro/operator/evaluator/PlanEvaluator.evaluateTrueMaskInPlace;org/weakref/nitro/operator/evaluator/PlanEvaluator.evaluateAdaptiveAndTrueMaskInPlace;org/weakref/nitro/operator/evaluator/PlanEvaluator.evaluateMeasuredTrueMaskInPlace;org/weakref/nitro/operator/evaluator/PlanEvaluator.evaluateTrueMaskInPlace;org/weakref/nitro/operator/evaluator/PlanEvaluator.evaluateAdaptiveAndTrueMaskInPlace;org/weakref/nitro/operator/evaluator/PlanEvaluator.evaluateMeasuredTrueMaskInPlace;org/weakref/nitro/operator/evaluator/PlanEvaluator.evaluateTrueMaskInPlace;org/weakref/nitro/operator/evaluator/PlanEvaluator.evaluateAdaptiveAndTrueMaskInPlace;org/weakref/nitro/operator/evaluator/PlanEvaluator.evaluateMeasuredTrueMaskInPlace;org/weakref/nitro/operator/evaluator/PlanEvaluator.evaluateTrueMaskInPlace;org/weakref/nitro/operator/evaluator/PlanEvaluator.tryEvaluatePrimitiveTrueMaskInPlace;org/weakref/nitro/operator/evaluator/PlanEvaluator.tryEvaluatePrimitiveMaskInPlace;org/weakref/nitro/operator/evaluator/PlanEvaluator.resolveMaskPrimitiveInvocation;org/weakref/nitro/operator/evaluator/PlanEvaluator.evaluateArgument;org/weakref/nitro/operator/FilterOperator$1.resolve;org/weakref/nitro/operator/Output.borrowOrNull;org/weakref/nitro/operator/Output.borrow;org/weakref/nitro/operator/Output.borrow;org/weakref/nitro/operator/NitroParquetScanOperator$ScanOutputResolver$$Lambda.0x00000000480aba90.apply;org/weakref/nitro/operator/NitroParquetScanOperator$ScanOutputResolver.resolve;org/weakref/nitro/operator/NitroParquetScanOperator.resolveLazyColumn;org/weakref/nitro/operator/NitroParquetScanOperator.decodeFullColumn;org/weakref/nitro/parquet/ColumnReader.readInts;org/weakref/nitro/parquet/ColumnReader.decodeNextDataPage;org/weakref/nitro/parquet/ColumnReader.decodeDataPageV1;org/weakref/nitro/parquet/ColumnReader.gatherDictionary;org/weakref/nitro/parquet/ColumnReader.gatherInts;jdk/incubator/vector/IntVector.intoArray 2
java/lang/Thread.run;java/lang/Thread.runWith;java/util/concurrent/ThreadPoolExecutor$Worker.run;java/util/concurrent/ThreadPoolExecutor.runWorker;java/util/concurrent/FutureTask.run;java/util/concurrent/Executors$RunnableAdapter.call;java/util/concurrent/FutureTask.run;org/openjdk/jmh/runner/BenchmarkHandler$BenchmarkTask.call;org/openjdk/jmh/runner/BenchmarkHandler$BenchmarkTask.call;java/lang/reflect/Method.invoke;jdk/internal/reflect/DirectMethodHandleAccessor.invoke;jdk/internal/reflect/DirectMethodHandleAccessor.invokeImpl;java/lang/invoke/LambdaForm$MH.0x0000000048061400.invokeExact_MT;java/lang/invoke/LambdaForm$MH.0x0000000048061000.invoke;java/lang/invoke/DirectMethodHandle$Holder.invokeSpecial;org/weakref/nitro/clickbench/jmh_generated/BenchmarkQueries_query43_jmhTest.query43_AverageTime;org/weakref/nitro/clickbench/jmh_generated/BenchmarkQueries_query43_jmhTest.query43_avgt_jmhStub;org/weakref/nitro/clickbench/BenchmarkQueries.query43;org/weakref/nitro/clickbench/BenchmarkQueries.consume;org/weakref/nitro/operator/OffsetOperator.hasNext;org/weakref/nitro/operator/OffsetOperator.skipFullyConsumedBatches;org/weakref/nitro/operator/TopNOperator.next;org/weakref/nitro/operator/TopNOperator.computeTopN;org/weakref/nitro/operator/GroupedAggregationOperator.next;org/weakref/nitro/operator/GroupedAggregationOperator.computeResults;org/weakref/nitro/operator/Batch.close;org/weakref/nitro/operator/GroupOperator$$Lambda.0x00000000481e8f78.run;org/weakref/nitro/operator/GroupOperator.lambda$next$6;org/weakref/nitro/operator/Batch.close;org/weakref/nitro/operator/ProjectOperator$$Lambda.0x00000000481e3488.run;org/weakref/nitro/operator/ProjectOperator.lambda$next$11;org/weakref/nitro/operator/ProjectOperator$BatchState.close;org/weakref/nitro/operator/evaluator/PlanEvaluator.resetForReuse;org/weakref/nitro/data/Allocator.releaseIfPresent;org/weakref/nitro/data/Allocator$ContextState.release 1
java/lang/Thread.run;java/lang/Thread.runWith;java/util/concurrent/ThreadPoolExecutor$Worker.run;java/util/concurrent/ThreadPoolExecutor.runWorker;java/util/concurrent/FutureTask.run;java/util/concurrent/Executors$RunnableAdapter.call;java/util/concurrent/FutureTask.run;org/openjdk/jmh/runner/BenchmarkHandler$BenchmarkTask.call;org/openjdk/jmh/runner/BenchmarkHandler$BenchmarkTask.call;java/lang/reflect/Method.invoke;jdk/internal/reflect/DirectMethodHandleAccessor.invoke;jdk/internal/reflect/DirectMethodHandleAccessor.invokeImpl;java/lang/invoke/LambdaForm$MH.0x0000000048061400.invokeExact_MT;java/lang/invoke/LambdaForm$MH.0x0000000048061000.invoke;java/lang/invoke/DirectMethodHandle$Holder.invokeSpecial;org/weakref/nitro/clickbench/jmh_generated/BenchmarkQueries_query43_jmhTest.query43_AverageTime;org/weakref/nitro/clickbench/jmh_generated/BenchmarkQueries_query43_jmhTest.query43_avgt_jmhStub;org/weakref/nitro/clickbench/BenchmarkQueries.query43;org/weakref/nitro/clickbench/ClickBenchHitsSupport.query43;org/weakref/nitro/clickbench/ClickBenchHitsSupport.clickBenchScan;org/weakref/nitro/operator/NitroParquetScanOperator.<init>;java/util/stream/ReferencePipeline.toArray;java/util/stream/AbstractPipeline.evaluateToArrayNode;java/util/stream/AbstractPipeline.evaluate;java/util/stream/AbstractPipeline.wrapAndCopyInto;java/util/stream/AbstractPipeline.copyInto;java/util/AbstractList$RandomAccessSpliterator.forEachRemaining;java/util/stream/ReferencePipeline$3$1.accept;org/weakref/nitro/operator/NitroParquetScanOperator$$Lambda.0x00000000480864e8.apply;org/weakref/nitro/parquet/ParquetFile.open;org/weakref/nitro/parquet/ParquetFile.<init>;org/apache/parquet/format/Util.readFileMetaData;org/apache/parquet/format/Util.readFileMetaData;org/apache/parquet/format/Util.read;org/apache/parquet/format/FileMetaData.read;org/apache/parquet/format/FileMetaData$FileMetaDataStandardScheme.read;org/apache/parquet/format/FileMetaData$FileMetaDataStandardScheme.read;org/apache/parquet/format/RowGroup.read;org/apache/parquet/format/RowGroup$RowGroupStandardScheme.read;org/apache/parquet/format/RowGroup$RowGroupStandardScheme.read;org/apache/parquet/format/ColumnChunk.read;org/apache/parquet/format/ColumnChunk$ColumnChunkStandardScheme.read;org/apache/parquet/format/ColumnChunk$ColumnChunkStandardScheme.read;org/apache/parquet/format/ColumnMetaData.read;org/apache/parquet/format/ColumnMetaData$ColumnMetaDataStandardScheme.read;org/apache/parquet/format/ColumnMetaData$ColumnMetaDataStandardScheme.read;org/apache/parquet/format/PageEncodingStats.read;org/apache/parquet/format/PageEncodingStats$PageEncodingStatsStandardScheme.read;org/apache/parquet/format/PageEncodingStats$PageEncodingStatsStandardScheme.read;org/apache/parquet/format/PageEncodingStats.validate 1
java/lang/Thread.run;java/lang/Thread.runWith;java/util/concurrent/ThreadPoolExecutor$Worker.run;java/util/concurrent/ThreadPoolExecutor.runWorker;java/util/concurrent/FutureTask.run;java/util/concurrent/Executors$RunnableAdapter.call;java/util/concurrent/FutureTask.run;org/openjdk/jmh/runner/BenchmarkHandler$BenchmarkTask.call;org/openjdk/jmh/runner/BenchmarkHandler$BenchmarkTask.call;java/lang/reflect/Method.invoke;jdk/internal/reflect/DirectMethodHandleAccessor.invoke;jdk/internal/reflect/DirectMethodHandleAccessor.invokeImpl;java/lang/invoke/LambdaForm$MH.0x0000000048061400.invokeExact_MT;java/lang/invoke/LambdaForm$MH.0x0000000048061000.invoke;java/lang/invoke/DirectMethodHandle$Holder.invokeSpecial;org/weakref/nitro/clickbench/jmh_generated/BenchmarkQueries_query43_jmhTest.query43_AverageTime;org/weakref/nitro/clickbench/jmh_generated/BenchmarkQueries_query43_jmhTest.query43_avgt_jmhStub;org/weakref/nitro/clickbench/BenchmarkQueries.query43;org/weakref/nitro/clickbench/ClickBenchHitsSupport.query43;org/weakref/nitro/clickbench/ClickBenchHitsSupport.clickBenchScan;org/weakref/nitro/operator/NitroParquetScanOperator.<init>;java/util/stream/ReferencePipeline.toArray;java/util/stream/AbstractPipeline.evaluateToArrayNode;java/util/stream/AbstractPipeline.evaluate;java/util/stream/AbstractPipeline.wrapAndCopyInto;java/util/stream/AbstractPipeline.copyInto;java/util/AbstractList$RandomAccessSpliterator.forEachRemaining;java/util/stream/ReferencePipeline$3$1.accept;org/weakref/nitro/operator/NitroParquetScanOperator$$Lambda.0x00000000480864e8.apply;org/weakref/nitro/parquet/ParquetFile.open;org/weakref/nitro/parquet/ParquetFile.<init>;org/apache/parquet/format/Util.readFileMetaData;org/apache/parquet/format/Util.readFileMetaData;org/apache/parquet/format/Util.read;org/apache/parquet/format/FileMetaData.read;org/apache/parquet/format/FileMetaData$FileMetaDataStandardScheme.read;org/apache/parquet/format/FileMetaData$FileMetaDataStandardScheme.read;org/apache/parquet/format/RowGroup.read;org/apache/parquet/format/RowGroup$RowGroupStandardScheme.read;org/apache/parquet/format/RowGroup$RowGroupStandardScheme.read;org/apache/parquet/format/ColumnChunk.read;org/apache/parquet/format/ColumnChunk$ColumnChunkStandardScheme.read;org/apache/parquet/format/ColumnChunk$ColumnChunkStandardScheme.read;org/apache/parquet/format/ColumnMetaData.read;org/apache/parquet/format/ColumnMetaData$ColumnMetaDataStandardScheme.read;org/apache/parquet/format/ColumnMetaData$ColumnMetaDataStandardScheme.read;org/apache/parquet/format/InterningProtocol.readI32;shaded/parquet/org/apache/thrift/protocol/TCompactProtocol.readI32;shaded/parquet/org/apache/thrift/protocol/TCompactProtocol.readVarint32;shaded/parquet/org/apache/thrift/protocol/TCompactProtocol.readByte 1
/usr/lib/x86_64-linux-gnu/libc.so.6;/usr/lib/x86_64-linux-gnu/libc.so.6;thread_native_entry;Thread::call_run;JavaThread::thread_main_inner;CompileBroker::compiler_thread_loop;CompileBroker::invoke_compiler_on_method;Compiler::compile_method;Compilation::Compilation;Compilation::compile_method;Compilation::compile_java_method;Compilation::emit_lir;LinearScan::do_linear_scan;LinearScan::allocate_registers;LinearScanWalker::activate_current;LinearScanWalker::alloc_free_reg;LinearScanWalker::split_before_usage;Interval::split;Interval::new_split_child;Arena::grow;ChunkPool::allocate_chunk 1
java/lang/Thread.run;java/lang/Thread.runWith;java/util/concurrent/ThreadPoolExecutor$Worker.run;java/util/concurrent/ThreadPoolExecutor.runWorker;java/util/concurrent/FutureTask.run;java/util/concurrent/Executors$RunnableAdapter.call;java/util/concurrent/FutureTask.run;org/openjdk/jmh/runner/BenchmarkHandler$BenchmarkTask.call;org/openjdk/jmh/runner/BenchmarkHandler$BenchmarkTask.call;java/lang/reflect/Method.invoke;jdk/internal/reflect/DirectMethodHandleAccessor.invoke;jdk/internal/reflect/DirectMethodHandleAccessor.invokeImpl;java/lang/invoke/LambdaForm$MH.0x0000000048061400.invokeExact_MT;java/lang/invoke/LambdaForm$MH.0x0000000048061000.invoke;java/lang/invoke/DirectMethodHandle$Holder.invokeSpecial;org/weakref/nitro/clickbench/jmh_generated/BenchmarkQueries_query43_jmhTest.query43_AverageTime;org/weakref/nitro/clickbench/jmh_generated/BenchmarkQueries_query43_jmhTest.query43_avgt_jmhStub;org/weakref/nitro/clickbench/BenchmarkQueries.query43;org/weakref/nitro/clickbench/BenchmarkQueries.consume;org/weakref/nitro/operator/OffsetOperator.hasNext;org/weakref/nitro/operator/OffsetOperator.skipFullyConsumedBatches;org/weakref/nitro/operator/TopNOperator.next;org/weakref/nitro/operator/TopNOperator.computeTopN;org/weakref/nitro/operator/GroupedAggregationOperator.next;org/weakref/nitro/operator/GroupedAggregationOperator.computeResults;org/weakref/nitro/operator/GroupOperator.next;org/weakref/nitro/operator/ProjectOperator.next;org/weakref/nitro/operator/FilterOperator.next;org/weakref/nitro/operator/NitroParquetScanOperator.next;org/weakref/nitro/operator/NitroParquetScanOperator.lazyBatch;org/weakref/nitro/operator/Output.<init>;org/weakref/nitro/operator/Output.<init> 1
java/lang/Thread.run;java/lang/Thread.runWith;java/util/concurrent/ThreadPoolExecutor$Worker.run;java/util/concurrent/ThreadPoolExecutor.runWorker;java/util/concurrent/FutureTask.run;java/util/concurrent/Executors$RunnableAdapter.call;java/util/concurrent/FutureTask.run;org/openjdk/jmh/runner/BenchmarkHandler$BenchmarkTask.call;org/openjdk/jmh/runner/BenchmarkHandler$BenchmarkTask.call;java/lang/reflect/Method.invoke;jdk/internal/reflect/DirectMethodHandleAccessor.invoke;jdk/internal/reflect/DirectMethodHandleAccessor.invokeImpl;java/lang/invoke/LambdaForm$MH.0x0000000048061400.invokeExact_MT;java/lang/invoke/LambdaForm$MH.0x0000000048061000.invoke;java/lang/invoke/DirectMethodHandle$Holder.invokeSpecial;org/weakref/nitro/clickbench/jmh_generated/BenchmarkQueries_query43_jmhTest.query43_AverageTime;org/weakref/nitro/clickbench/jmh_generated/BenchmarkQueries_query43_jmhTest.query43_avgt_jmhStub;org/weakref/nitro/clickbench/BenchmarkQueries.query43;org/weakref/nitro/clickbench/BenchmarkQueries.consume;org/weakref/nitro/operator/OffsetOperator.hasNext;org/weakref/nitro/operator/OffsetOperator.skipFullyConsumedBatches;org/weakref/nitro/operator/TopNOperator.next;org/weakref/nitro/operator/TopNOperator.computeTopN;org/weakref/nitro/operator/GroupedAggregationOperator.next;org/weakref/nitro/operator/GroupedAggregationOperator.computeResults;org/weakref/nitro/operator/Output.borrow;org/weakref/nitro/operator/GroupOperator$$Lambda.0x00000000481e38d0.apply;org/weakref/nitro/operator/GroupOperator.lambda$next$0;org/weakref/nitro/operator/GroupOperator.groupIds;org/weakref/nitro/operator/GroupOperator.doGroupingIfNeeded;org/weakref/nitro/operator/GroupingState.assignGroups;org/weakref/nitro/operator/GroupingState.assignGroups;org/weakref/nitro/operator/GroupingState.assignLongGroups 1
java/lang/Thread.run;java/lang/Thread.runWith;java/util/concurrent/ThreadPoolExecutor$Worker.run;java/util/concurrent/ThreadPoolExecutor.runWorker;java/util/concurrent/FutureTask.run;java/util/concurrent/Executors$RunnableAdapter.call;java/util/concurrent/FutureTask.run;org/openjdk/jmh/runner/BenchmarkHandler$BenchmarkTask.call;org/openjdk/jmh/runner/BenchmarkHandler$BenchmarkTask.call;java/lang/reflect/Method.invoke;jdk/internal/reflect/DirectMethodHandleAccessor.invoke;jdk/internal/reflect/DirectMethodHandleAccessor.invokeImpl;java/lang/invoke/LambdaForm$MH.0x0000000048061400.invokeExact_MT;java/lang/invoke/LambdaForm$MH.0x0000000048061000.invoke;java/lang/invoke/DirectMethodHandle$Holder.invokeSpecial;org/weakref/nitro/clickbench/jmh_generated/BenchmarkQueries_query43_jmhTest.query43_AverageTime;org/weakref/nitro/clickbench/jmh_generated/BenchmarkQueries_query43_jmhTest.query43_avgt_jmhStub;org/weakref/nitro/clickbench/BenchmarkQueries.query43;org/weakref/nitro/clickbench/ClickBenchHitsSupport.query43;org/weakref/nitro/clickbench/ClickBenchHitsSupport.clickBenchScan;org/weakref/nitro/operator/NitroParquetScanOperator.<init>;java/util/stream/ReferencePipeline.toArray;java/util/stream/AbstractPipeline.evaluateToArrayNode;java/util/stream/AbstractPipeline.evaluate;java/util/stream/AbstractPipeline.wrapAndCopyInto;java/util/stream/AbstractPipeline.copyInto;java/util/AbstractList$RandomAccessSpliterator.forEachRemaining;java/util/stream/ReferencePipeline$3$1.accept;org/weakref/nitro/operator/NitroParquetScanOperator$$Lambda.0x00000000480864e8.apply;org/weakref/nitro/parquet/ParquetFile.open;org/weakref/nitro/parquet/ParquetFile.<init>;org/apache/parquet/format/Util.readFileMetaData;org/apache/parquet/format/Util.readFileMetaData;org/apache/parquet/format/Util.read;org/apache/parquet/format/FileMetaData.read;org/apache/parquet/format/FileMetaData$FileMetaDataStandardScheme.read;org/apache/parquet/format/FileMetaData$FileMetaDataStandardScheme.read;org/apache/parquet/format/RowGroup.read;org/apache/parquet/format/RowGroup$RowGroupStandardScheme.read;org/apache/parquet/format/RowGroup$RowGroupStandardScheme.read;org/apache/parquet/format/ColumnChunk.read;org/apache/parquet/format/ColumnChunk$ColumnChunkStandardScheme.read;org/apache/parquet/format/ColumnChunk$ColumnChunkStandardScheme.read;org/apache/parquet/format/ColumnMetaData.read;org/apache/parquet/format/ColumnMetaData$ColumnMetaDataStandardScheme.read;org/apache/parquet/format/ColumnMetaData$ColumnMetaDataStandardScheme.read;org/apache/parquet/format/Statistics.read;org/apache/parquet/format/Statistics$StatisticsStandardScheme.read;org/apache/parquet/format/Statistics$StatisticsStandardScheme.read;org/apache/parquet/format/InterningProtocol.readFieldBegin;shaded/parquet/org/apache/thrift/protocol/TCompactProtocol.readFieldBegin;shaded/parquet/org/apache/thrift/protocol/TCompactProtocol.readByte;shaded/parquet/org/apache/thrift/transport/TTransport.readAll;shaded/parquet/org/apache/thrift/transport/TIOStreamTransport.read;org/weakref/nitro/parquet/ParquetFile$SegmentInputStream.read;java/lang/foreign/MemorySegment.copy;jdk/internal/foreign/AbstractMemorySegmentImpl.copy;jdk/internal/misc/ScopedMemoryAccess.copyMemory;jdk/internal/misc/ScopedMemoryAccess.copyMemoryInternal;jdk/internal/foreign/MemorySessionImpl.checkValidStateRaw 1
java/lang/Thread.run;java/lang/Thread.runWith;java/util/concurrent/ThreadPoolExecutor$Worker.run;java/util/concurrent/ThreadPoolExecutor.runWorker;java/util/concurrent/FutureTask.run;java/util/concurrent/Executors$RunnableAdapter.call;java/util/concurrent/FutureTask.run;org/openjdk/jmh/runner/BenchmarkHandler$BenchmarkTask.call;org/openjdk/jmh/runner/BenchmarkHandler$BenchmarkTask.call;java/lang/reflect/Method.invoke;jdk/internal/reflect/DirectMethodHandleAccessor.invoke;jdk/internal/reflect/DirectMethodHandleAccessor.invokeImpl;java/lang/invoke/LambdaForm$MH.0x0000000048061400.invokeExact_MT;java/lang/invoke/LambdaForm$MH.0x0000000048061000.invoke;java/lang/invoke/DirectMethodHandle$Holder.invokeSpecial;org/weakref/nitro/clickbench/jmh_generated/BenchmarkQueries_query43_jmhTest.query43_AverageTime;org/weakref/nitro/clickbench/jmh_generated/BenchmarkQueries_query43_jmhTest.query43_avgt_jmhStub;org/weakref/nitro/clickbench/BenchmarkQueries.query43;org/weakref/nitro/clickbench/BenchmarkQueries.consume;org/weakref/nitro/operator/OffsetOperator.hasNext;org/weakref/nitro/operator/OffsetOperator.skipFullyConsumedBatches;org/weakref/nitro/operator/TopNOperator.next;org/weakref/nitro/operator/TopNOperator.computeTopN;org/weakref/nitro/operator/GroupedAggregationOperator.next;org/weakref/nitro/operator/GroupedAggregationOperator.computeResults;org/weakref/nitro/operator/Output.borrow;org/weakref/nitro/operator/GroupOperator$$Lambda.0x00000000481e38d0.apply;org/weakref/nitro/operator/GroupOperator.lambda$next$0;org/weakref/nitro/operator/GroupOperator.groupIds;org/weakref/nitro/operator/GroupOperator.doGroupingIfNeeded;org/weakref/nitro/operator/GroupingState.assignGroups;org/weakref/nitro/operator/GroupingState.assignGroups;org/weakref/nitro/operator/GroupingState.assignLongGroups;org/weakref/nitro/operator/GroupingState.hashLong 1
java/lang/Thread.run;java/lang/Thread.runWith;java/util/concurrent/ThreadPoolExecutor$Worker.run;java/util/concurrent/ThreadPoolExecutor.runWorker;java/util/concurrent/FutureTask.run;java/util/concurrent/Executors$RunnableAdapter.call;java/util/concurrent/FutureTask.run;org/openjdk/jmh/runner/BenchmarkHandler$BenchmarkTask.call;org/openjdk/jmh/runner/BenchmarkHandler$BenchmarkTask.call;java/lang/reflect/Method.invoke;jdk/internal/reflect/DirectMethodHandleAccessor.invoke;jdk/internal/reflect/DirectMethodHandleAccessor.invokeImpl;java/lang/invoke/LambdaForm$MH.0x0000000048061400.invokeExact_MT;java/lang/invoke/LambdaForm$MH.0x0000000048061000.invoke;java/lang/invoke/DirectMethodHandle$Holder.invokeSpecial;org/weakref/nitro/clickbench/jmh_generated/BenchmarkQueries_query43_jmhTest.query43_AverageTime;org/weakref/nitro/clickbench/jmh_generated/BenchmarkQueries_query43_jmhTest.query43_avgt_jmhStub;org/weakref/nitro/clickbench/BenchmarkQueries.query43;org/weakref/nitro/clickbench/BenchmarkQueries.consume;org/weakref/nitro/operator/OffsetOperator.hasNext;org/weakref/nitro/operator/OffsetOperator.skipFullyConsumedBatches;org/weakref/nitro/operator/TopNOperator.next;org/weakref/nitro/operator/TopNOperator.computeTopN;org/weakref/nitro/operator/GroupedAggregationOperator.next;org/weakref/nitro/operator/GroupedAggregationOperator.computeResults;org/weakref/nitro/operator/Output.borrow;org/weakref/nitro/operator/GroupOperator$$Lambda.0x00000000481e38d0.apply;org/weakref/nitro/operator/GroupOperator.lambda$next$0;org/weakref/nitro/operator/GroupOperator.groupIds;org/weakref/nitro/operator/GroupOperator.doGroupingIfNeeded;org/weakref/nitro/operator/Output.borrow;org/weakref/nitro/operator/ProjectOperator$$Lambda.0x00000000481e76d8.apply;org/weakref/nitro/operator/ProjectOperator.lambda$next$4;org/weakref/nitro/operator/ProjectOperator.evaluateOutput;java/util/HashMap.computeIfAbsent;org/weakref/nitro/operator/ProjectOperator$$Lambda.0x00000000481ea4e8.apply;org/weakref/nitro/operator/ProjectOperator.lambda$evaluateOutput$0;org/weakref/nitro/operator/ProjectOperator.evaluateBundle;org/weakref/nitro/operator/evaluator/PlanEvaluator.evaluate;org/weakref/nitro/operator/evaluator/PlanEvaluator.evaluateUnmemoized;org/weakref/nitro/operator/evaluator/PlanEvaluator.evaluateVariable;org/weakref/nitro/operator/evaluator/PlanEvaluator.evaluateCall;org/weakref/nitro/operator/evaluator/PlanEvaluator.evaluateArgument;org/weakref/nitro/operator/evaluator/PlanEvaluator.evaluate;org/weakref/nitro/operator/evaluator/PlanEvaluator.evaluateUnmemoized;org/weakref/nitro/operator/evaluator/PlanEvaluator.evaluateVariable;org/weakref/nitro/operator/evaluator/PlanEvaluator.evaluateCall;org/weakref/nitro/function/scalar/builtin/DivideI64.apply;org/weakref/nitro/function/scalar/builtin/I64BinaryDispatch.applyLong;org/weakref/nitro/function/scalar/builtin/I64BinaryDispatch.forEachPair;org/weakref/nitro/function/scalar/builtin/I64BinaryDispatch.forEachFlatRle;org/weakref/nitro/function/scalar/builtin/VectorAccess$$Lambda.0x00000000481e6550.value;org/weakref/nitro/function/scalar/builtin/VectorAccess.lambda$longValues$0;org/weakref/nitro/data/I64Vector.values 1
java/lang/Thread.run;java/lang/Thread.runWith;java/util/concurrent/ThreadPoolExecutor$Worker.run;java/util/concurrent/ThreadPoolExecutor.runWorker;java/util/concurrent/FutureTask.run;java/util/concurrent/Executors$RunnableAdapter.call;java/util/concurrent/FutureTask.run;org/openjdk/jmh/runner/BenchmarkHandler$BenchmarkTask.call;org/openjdk/jmh/runner/BenchmarkHandler$BenchmarkTask.call;java/lang/reflect/Method.invoke;jdk/internal/reflect/DirectMethodHandleAccessor.invoke;jdk/internal/reflect/DirectMethodHandleAccessor.invokeImpl;java/lang/invoke/LambdaForm$MH.0x0000000048061400.invokeExact_MT;java/lang/invoke/LambdaForm$MH.0x0000000048061000.invoke;java/lang/invoke/DirectMethodHandle$Holder.invokeSpecial;org/weakref/nitro/clickbench/jmh_generated/BenchmarkQueries_query43_jmhTest.query43_AverageTime;org/weakref/nitro/clickbench/jmh_generated/BenchmarkQueries_query43_jmhTest.query43_avgt_jmhStub;org/weakref/nitro/clickbench/BenchmarkQueries.query43;org/weakref/nitro/clickbench/BenchmarkQueries.consume;org/weakref/nitro/operator/OffsetOperator.hasNext;org/weakref/nitro/operator/OffsetOperator.skipFullyConsumedBatches;org/weakref/nitro/operator/TopNOperator.next;org/weakref/nitro/operator/TopNOperator.computeTopN;org/weakref/nitro/operator/GroupedAggregationOperator.next;org/weakref/nitro/operator/GroupedAggregationOperator.computeResults;org/weakref/nitro/operator/GroupOperator.next;org/weakref/nitro/operator/ProjectOperator.next;org/weakref/nitro/operator/FilterOperator.next;org/weakref/nitro/operator/evaluator/PlanEvaluator.evaluateInPlace;org/weakref/nitro/operator/evaluator/PlanEvaluator.evaluateTrueMaskInPlace;org/weakref/nitro/operator/evaluator/PlanEvaluator.evaluateAdaptiveAndTrueMaskInPlace;org/weakref/nitro/operator/evaluator/PlanEvaluator.evaluateMeasuredTrueMaskInPlace;org/weakref/nitro/operator/evaluator/PlanEvaluator.evaluateTrueMaskInPlace;org/weakref/nitro/operator/evaluator/PlanEvaluator.evaluateAdaptiveAndTrueMaskInPlace;org/weakref/nitro/operator/evaluator/PlanEvaluator.evaluateMeasuredTrueMaskInPlace;java/util/HashMap.computeIfAbsent;java/util/HashMap.hash 1
java/lang/Thread.run;java/lang/Thread.runWith;java/util/concurrent/ThreadPoolExecutor$Worker.run;java/util/concurrent/ThreadPoolExecutor.runWorker;java/util/concurrent/FutureTask.run;java/util/concurrent/Executors$RunnableAdapter.call;java/util/concurrent/FutureTask.run;org/openjdk/jmh/runner/BenchmarkHandler$BenchmarkTask.call;org/openjdk/jmh/runner/BenchmarkHandler$BenchmarkTask.call;java/lang/reflect/Method.invoke;jdk/internal/reflect/DirectMethodHandleAccessor.invoke;jdk/internal/reflect/DirectMethodHandleAccessor.invokeImpl;java/lang/invoke/LambdaForm$MH.0x0000000048061400.invokeExact_MT;java/lang/invoke/LambdaForm$MH.0x0000000048061000.invoke;java/lang/invoke/DirectMethodHandle$Holder.invokeSpecial;org/weakref/nitro/clickbench/jmh_generated/BenchmarkQueries_query43_jmhTest.query43_AverageTime;org/weakref/nitro/clickbench/jmh_generated/BenchmarkQueries_query43_jmhTest.query43_avgt_jmhStub;org/weakref/nitro/clickbench/BenchmarkQueries.query43;org/weakref/nitro/clickbench/ClickBenchHitsSupport.query43;org/weakref/nitro/clickbench/ClickBenchHitsSupport.clickBenchScan;org/weakref/nitro/operator/NitroParquetScanOperator.<init>;java/util/stream/ReferencePipeline.toArray;java/util/stream/AbstractPipeline.evaluateToArrayNode;java/util/stream/AbstractPipeline.evaluate;java/util/stream/AbstractPipeline.wrapAndCopyInto;java/util/stream/AbstractPipeline.copyInto;java/util/AbstractList$RandomAccessSpliterator.forEachRemaining;java/util/stream/ReferencePipeline$3$1.accept;org/weakref/nitro/operator/NitroParquetScanOperator$$Lambda.0x00000000480864e8.apply;org/weakref/nitro/parquet/ParquetFile.open;org/weakref/nitro/parquet/ParquetFile.<init>;org/apache/parquet/format/Util.readFileMetaData;org/apache/parquet/format/Util.readFileMetaData;org/apache/parquet/format/Util.read;org/apache/parquet/format/FileMetaData.read;org/apache/parquet/format/FileMetaData$FileMetaDataStandardScheme.read;org/apache/parquet/format/FileMetaData$FileMetaDataStandardScheme.read;org/apache/parquet/format/RowGroup.read;org/apache/parquet/format/RowGroup$RowGroupStandardScheme.read;org/apache/parquet/format/RowGroup$RowGroupStandardScheme.read;org/apache/parquet/format/ColumnChunk.read;org/apache/parquet/format/ColumnChunk$ColumnChunkStandardScheme.read;org/apache/parquet/format/ColumnChunk$ColumnChunkStandardScheme.read;org/apache/parquet/format/ColumnMetaData.read;org/apache/parquet/format/ColumnMetaData$ColumnMetaDataStandardScheme.read;org/apache/parquet/format/ColumnMetaData$ColumnMetaDataStandardScheme.read 1
/usr/lib/x86_64-linux-gnu/libc.so.6;/usr/lib/x86_64-linux-gnu/libc.so.6;thread_native_entry;Thread::call_run;WorkerThread::run;G1EvacuateRegionsBaseTask::work;G1EvacuateRegionsTask::evacuate_live_objects;G1ParEvacuateFollowersClosure::do_void;G1ParScanThreadState::steal_and_trim_queue;G1ParScanThreadState::trim_queue_to_threshold 16
java/lang/Thread.run;java/lang/Thread.runWith;java/util/concurrent/ThreadPoolExecutor$Worker.run;java/util/concurrent/ThreadPoolExecutor.runWorker;java/util/concurrent/FutureTask.run;java/util/concurrent/Executors$RunnableAdapter.call;java/util/concurrent/FutureTask.run;org/openjdk/jmh/runner/BenchmarkHandler$BenchmarkTask.call;org/openjdk/jmh/runner/BenchmarkHandler$BenchmarkTask.call;java/lang/reflect/Method.invoke;jdk/internal/reflect/DirectMethodHandleAccessor.invoke;jdk/internal/reflect/DirectMethodHandleAccessor.invokeImpl;java/lang/invoke/LambdaForm$MH.0x0000000048061400.invokeExact_MT;java/lang/invoke/LambdaForm$MH.0x0000000048061000.invoke;java/lang/invoke/DirectMethodHandle$Holder.invokeSpecial;org/weakref/nitro/clickbench/jmh_generated/BenchmarkQueries_query43_jmhTest.query43_AverageTime;org/weakref/nitro/clickbench/jmh_generated/BenchmarkQueries_query43_jmhTest.query43_avgt_jmhStub;org/weakref/nitro/clickbench/BenchmarkQueries.query43;org/weakref/nitro/clickbench/BenchmarkQueries.consume;org/weakref/nitro/operator/OffsetOperator.hasNext;org/weakref/nitro/operator/OffsetOperator.skipFullyConsumedBatches;org/weakref/nitro/operator/TopNOperator.next;org/weakref/nitro/operator/TopNOperator.computeTopN;org/weakref/nitro/operator/GroupedAggregationOperator.next;org/weakref/nitro/operator/GroupedAggregationOperator.computeResults;org/weakref/nitro/operator/Output.borrow;org/weakref/nitro/operator/GroupOperator$$Lambda.0x00000000481e38d0.apply;org/weakref/nitro/operator/GroupOperator.lambda$next$0;org/weakref/nitro/operator/GroupOperator.groupIds;org/weakref/nitro/operator/GroupOperator.doGroupingIfNeeded;org/weakref/nitro/operator/GroupingState.assignGroups;org/weakref/nitro/operator/GroupingState.assignGroups;org/weakref/nitro/operator/GroupingState.assignLongGroups;org/weakref/nitro/operator/GroupingState.hasFrequentLongRuns 1
java/lang/Thread.run;java/lang/Thread.runWith;java/util/concurrent/ThreadPoolExecutor$Worker.run;java/util/concurrent/ThreadPoolExecutor.runWorker;java/util/concurrent/FutureTask.run;java/util/concurrent/Executors$RunnableAdapter.call;java/util/concurrent/FutureTask.run;org/openjdk/jmh/runner/BenchmarkHandler$BenchmarkTask.call;org/openjdk/jmh/runner/BenchmarkHandler$BenchmarkTask.call;java/lang/reflect/Method.invoke;jdk/internal/reflect/DirectMethodHandleAccessor.invoke;jdk/internal/reflect/DirectMethodHandleAccessor.invokeImpl;java/lang/invoke/LambdaForm$MH.0x0000000048061400.invokeExact_MT;java/lang/invoke/LambdaForm$MH.0x0000000048061000.invoke;java/lang/invoke/DirectMethodHandle$Holder.invokeSpecial;org/weakref/nitro/clickbench/jmh_generated/BenchmarkQueries_query43_jmhTest.query43_AverageTime;org/weakref/nitro/clickbench/jmh_generated/BenchmarkQueries_query43_jmhTest.query43_avgt_jmhStub;org/weakref/nitro/clickbench/BenchmarkQueries.query43;org/weakref/nitro/clickbench/ClickBenchHitsSupport.query43;org/weakref/nitro/clickbench/ClickBenchHitsSupport.clickBenchScan;org/weakref/nitro/operator/NitroParquetScanOperator.<init>;java/util/stream/ReferencePipeline.toArray;java/util/stream/AbstractPipeline.evaluateToArrayNode;java/util/stream/AbstractPipeline.evaluate;java/util/stream/AbstractPipeline.wrapAndCopyInto;java/util/stream/AbstractPipeline.copyInto;java/util/AbstractList$RandomAccessSpliterator.forEachRemaining;java/util/stream/ReferencePipeline$3$1.accept;org/weakref/nitro/operator/NitroParquetScanOperator$$Lambda.0x00000000480864e8.apply;org/weakref/nitro/parquet/ParquetFile.open;org/weakref/nitro/parquet/ParquetFile.<init>;org/apache/parquet/format/Util.readFileMetaData;org/apache/parquet/format/Util.readFileMetaData;org/apache/parquet/format/Util.read;org/apache/parquet/format/FileMetaData.read;org/apache/parquet/format/FileMetaData$FileMetaDataStandardScheme.read;org/apache/parquet/format/FileMetaData$FileMetaDataStandardScheme.read;org/apache/parquet/format/RowGroup.read;org/apache/parquet/format/RowGroup$RowGroupStandardScheme.read;org/apache/parquet/format/RowGroup$RowGroupStandardScheme.read;org/apache/parquet/format/ColumnChunk.read;org/apache/parquet/format/ColumnChunk$ColumnChunkStandardScheme.read;org/apache/parquet/format/ColumnChunk$ColumnChunkStandardScheme.read;org/apache/parquet/format/ColumnMetaData.read;org/apache/parquet/format/ColumnMetaData$ColumnMetaDataStandardScheme.read;org/apache/parquet/format/ColumnMetaData$ColumnMetaDataStandardScheme.read;org/apache/parquet/format/InterningProtocol.readListBegin;shaded/parquet/org/apache/thrift/protocol/TCompactProtocol.readListBegin 1
java/lang/Thread.run;java/lang/Thread.runWith;java/util/concurrent/ThreadPoolExecutor$Worker.run;java/util/concurrent/ThreadPoolExecutor.runWorker;java/util/concurrent/FutureTask.run;java/util/concurrent/Executors$RunnableAdapter.call;java/util/concurrent/FutureTask.run;org/openjdk/jmh/runner/BenchmarkHandler$BenchmarkTask.call;org/openjdk/jmh/runner/BenchmarkHandler$BenchmarkTask.call;java/lang/reflect/Method.invoke;jdk/internal/reflect/DirectMethodHandleAccessor.invoke;jdk/internal/reflect/DirectMethodHandleAccessor.invokeImpl;java/lang/invoke/LambdaForm$MH.0x0000000048061400.invokeExact_MT;java/lang/invoke/LambdaForm$MH.0x0000000048061000.invoke;java/lang/invoke/DirectMethodHandle$Holder.invokeSpecial;org/weakref/nitro/clickbench/jmh_generated/BenchmarkQueries_query43_jmhTest.query43_AverageTime;org/weakref/nitro/clickbench/jmh_generated/BenchmarkQueries_query43_jmhTest.query43_avgt_jmhStub;org/weakref/nitro/clickbench/BenchmarkQueries.query43;org/weakref/nitro/clickbench/ClickBenchHitsSupport.query43;org/weakref/nitro/clickbench/ClickBenchHitsSupport.counterAndEventDateFilter;org/weakref/nitro/clickbench/ClickBenchHitsSupport.dateRange;org/weakref/nitro/clickbench/ClickBenchHitsSupport.eventDateLiteral;org/weakref/nitro/clickbench/ClickBenchHitsSupport.eventDateUsesEpochDays;org/apache/parquet/hadoop/ParquetFileReader.open;org/apache/parquet/hadoop/ParquetFileReader.<init>;org/apache/parquet/hadoop/ParquetFileReader.<init>;org/apache/parquet/hadoop/ParquetFileReader.readFooter;org/apache/parquet/hadoop/ParquetFileReader.readFooter;org/apache/parquet/format/converter/ParquetMetadataConverter.readParquetMetadata;org/apache/parquet/format/converter/ParquetMetadataConverter.fromParquetMetadata;org/apache/parquet/hadoop/metadata/ColumnPath.toArray;java/lang/Object.clone;JVM_Clone;AccessInternal::PostRuntimeDispatch<G1BarrierSet::AccessBarrier<270432ul, G1BarrierSet>, (AccessInternal::BarrierType)9, 270432ul>::access_barrier 1
java/lang/Thread.run;java/lang/Thread.runWith;java/util/concurrent/ThreadPoolExecutor$Worker.run;java/util/concurrent/ThreadPoolExecutor.runWorker;java/util/concurrent/FutureTask.run;java/util/concurrent/Executors$RunnableAdapter.call;java/util/concurrent/FutureTask.run;org/openjdk/jmh/runner/BenchmarkHandler$BenchmarkTask.call;org/openjdk/jmh/runner/BenchmarkHandler$BenchmarkTask.call;java/lang/reflect/Method.invoke;jdk/internal/reflect/DirectMethodHandleAccessor.invoke;jdk/internal/reflect/DirectMethodHandleAccessor.invokeImpl;java/lang/invoke/LambdaForm$MH.0x0000000048061400.invokeExact_MT;java/lang/invoke/LambdaForm$MH.0x0000000048061000.invoke;java/lang/invoke/DirectMethodHandle$Holder.invokeSpecial;org/weakref/nitro/clickbench/jmh_generated/BenchmarkQueries_query43_jmhTest.query43_AverageTime;org/weakref/nitro/clickbench/jmh_generated/BenchmarkQueries_query43_jmhTest.query43_avgt_jmhStub;org/weakref/nitro/clickbench/BenchmarkQueries.query43;org/weakref/nitro/clickbench/BenchmarkQueries.consume;org/weakref/nitro/operator/OffsetOperator.hasNext;org/weakref/nitro/operator/OffsetOperator.skipFullyConsumedBatches;org/weakref/nitro/operator/TopNOperator.next;org/weakref/nitro/operator/TopNOperator.computeTopN;org/weakref/nitro/operator/GroupedAggregationOperator.next;org/weakref/nitro/operator/GroupedAggregationOperator.computeResults;org/weakref/nitro/operator/GroupOperator.next;org/weakref/nitro/operator/ProjectOperator.next;org/weakref/nitro/operator/FilterOperator.next;org/weakref/nitro/operator/evaluator/PlanEvaluator.evaluateInPlace;org/weakref/nitro/operator/evaluator/PlanEvaluator.evaluateTrueMaskInPlace;org/weakref/nitro/operator/evaluator/PlanEvaluator.evaluateAdaptiveAndTrueMaskInPlace;org/weakref/nitro/operator/evaluator/PlanEvaluator.evaluateMeasuredTrueMaskInPlace;org/weakref/nitro/operator/evaluator/PlanEvaluator.evaluateTrueMaskInPlace;org/weakref/nitro/operator/evaluator/PlanEvaluator.tryEvaluatePrimitiveTrueMaskInPlace;org/weakref/nitro/operator/evaluator/PlanEvaluator.tryEvaluatePrimitiveMaskInPlace;org/weakref/nitro/function/scalar/builtin/EqualI64.tryEvaluateTrueMaskInPlace;org/weakref/nitro/function/scalar/builtin/LongComparisonMaskSupport.tryEvaluateTrueMaskInPlace;org/weakref/nitro/function/scalar/builtin/LongComparisonMaskSupport.tryConstantComparisonInPlace;org/weakref/nitro/function/scalar/builtin/LongComparisonMaskSupport.singleRunLong;os::javaTimeNanos;__clock_gettime;[vdso] 3
java/lang/Thread.run;java/lang/Thread.runWith;java/util/concurrent/ThreadPoolExecutor$Worker.run;java/util/concurrent/ThreadPoolExecutor.runWorker;java/util/concurrent/FutureTask.run;java/util/concurrent/Executors$RunnableAdapter.call;java/util/concurrent/FutureTask.run;org/openjdk/jmh/runner/BenchmarkHandler$BenchmarkTask.call;org/openjdk/jmh/runner/BenchmarkHandler$BenchmarkTask.call;java/lang/reflect/Method.invoke;jdk/internal/reflect/DirectMethodHandleAccessor.invoke;jdk/internal/reflect/DirectMethodHandleAccessor.invokeImpl;java/lang/invoke/LambdaForm$MH.0x0000000048061400.invokeExact_MT;java/lang/invoke/LambdaForm$MH.0x0000000048061000.invoke;java/lang/invoke/DirectMethodHandle$Holder.invokeSpecial;org/weakref/nitro/clickbench/jmh_generated/BenchmarkQueries_query43_jmhTest.query43_AverageTime;org/weakref/nitro/clickbench/jmh_generated/BenchmarkQueries_query43_jmhTest.query43_avgt_jmhStub;org/weakref/nitro/clickbench/BenchmarkQueries.query43;org/weakref/nitro/clickbench/BenchmarkQueries.consume;org/weakref/nitro/operator/OffsetOperator.hasNext;org/weakref/nitro/operator/OffsetOperator.skipFullyConsumedBatches;org/weakref/nitro/operator/TopNOperator.next;org/weakref/nitro/operator/TopNOperator.computeTopN;org/weakref/nitro/operator/GroupedAggregationOperator.next;org/weakref/nitro/operator/GroupedAggregationOperator.computeResults;org/weakref/nitro/operator/GroupOperator.next;org/weakref/nitro/operator/ProjectOperator.next;org/weakref/nitro/operator/FilterOperator.next;org/weakref/nitro/operator/evaluator/PlanEvaluator.evaluateInPlace;org/weakref/nitro/operator/evaluator/PlanEvaluator.evaluateTrueMaskInPlace;org/weakref/nitro/operator/evaluator/PlanEvaluator.evaluateAdaptiveAndTrueMaskInPlace;org/weakref/nitro/operator/evaluator/PlanEvaluator.evaluateMeasuredTrueMaskInPlace;java/util/HashMap.computeIfAbsent;java/util/HashMap.hash;org/weakref/nitro/operator/evaluator/ir/AndMask.hashCode;java/lang/invoke/Invokers$Holder.linkToTargetMethod;java/lang/invoke/LambdaForm$MH.0x0000000048101c00.invoke;java/lang/invoke/LambdaForm$MH.0x0000000048101000.invoke;java/lang/invoke/DirectMethodHandle$Holder.invokeStatic;org/weakref/nitro/operator/evaluator/ir/AndMask$$HasherSpecializer.0x00000000481e6bd8.hasher0;java/util/ImmutableCollections$AbstractImmutableList.hashCode;java/util/Objects.hashCode;org/weakref/nitro/operator/evaluator/ir/AndMask.hashCode;java/lang/invoke/Invokers$Holder.linkToTargetMethod;java/lang/invoke/LambdaForm$MH.0x0000000048101c00.invoke;java/lang/invoke/LambdaForm$MH.0x0000000048101000.invoke;java/lang/invoke/DirectMethodHandle$Holder.invokeStatic;org/weakref/nitro/operator/evaluator/ir/AndMask$$HasherSpecializer.0x00000000481e6bd8.hasher0;java/util/ImmutableCollections$AbstractImmutableList.hashCode;java/util/Objects.hashCode;org/weakref/nitro/operator/evaluator/ir/AndMask.hashCode;java/lang/invoke/Invokers$Holder.linkToTargetMethod;java/lang/invoke/LambdaForm$MH.0x0000000048101c00.invoke;java/lang/invoke/LambdaForm$MH.0x0000000048101000.invoke;java/lang/invoke/DirectMethodHandle$Holder.invokeStatic;org/weakref/nitro/operator/evaluator/ir/AndMask$$HasherSpecializer.0x00000000481e6bd8.hasher0;java/util/ImmutableCollections$AbstractImmutableList.hashCode;java/util/ImmutableCollections$List12.size 1
java/lang/Thread.run;java/lang/Thread.runWith;java/util/concurrent/ThreadPoolExecutor$Worker.run;java/util/concurrent/ThreadPoolExecutor.runWorker;java/util/concurrent/FutureTask.run;java/util/concurrent/Executors$RunnableAdapter.call;java/util/concurrent/FutureTask.run;org/openjdk/jmh/runner/BenchmarkHandler$BenchmarkTask.call;org/openjdk/jmh/runner/BenchmarkHandler$BenchmarkTask.call;java/lang/reflect/Method.invoke;jdk/internal/reflect/DirectMethodHandleAccessor.invoke;jdk/internal/reflect/DirectMethodHandleAccessor.invokeImpl;java/lang/invoke/LambdaForm$MH.0x0000000048061400.invokeExact_MT;java/lang/invoke/LambdaForm$MH.0x0000000048061000.invoke;java/lang/invoke/DirectMethodHandle$Holder.invokeSpecial;org/weakref/nitro/clickbench/jmh_generated/BenchmarkQueries_query43_jmhTest.query43_AverageTime;org/weakref/nitro/clickbench/jmh_generated/BenchmarkQueries_query43_jmhTest.query43_avgt_jmhStub;org/weakref/nitro/clickbench/BenchmarkQueries.query43;org/weakref/nitro/clickbench/ClickBenchHitsSupport.query43;org/weakref/nitro/clickbench/ClickBenchHitsSupport.clickBenchScan;org/weakref/nitro/operator/NitroParquetScanOperator.<init>;java/util/stream/ReferencePipeline.toArray;java/util/stream/AbstractPipeline.evaluateToArrayNode;java/util/stream/AbstractPipeline.evaluate;java/util/stream/AbstractPipeline.wrapAndCopyInto;java/util/stream/AbstractPipeline.copyInto;java/util/AbstractList$RandomAccessSpliterator.forEachRemaining;java/util/stream/ReferencePipeline$3$1.accept;org/weakref/nitro/operator/NitroParquetScanOperator$$Lambda.0x00000000480864e8.apply;org/weakref/nitro/parquet/ParquetFile.open;org/weakref/nitro/parquet/ParquetFile.<init>;org/apache/parquet/format/Util.readFileMetaData;org/apache/parquet/format/Util.readFileMetaData;org/apache/parquet/format/Util.read;org/apache/parquet/format/FileMetaData.read;org/apache/parquet/format/FileMetaData$FileMetaDataStandardScheme.read;org/apache/parquet/format/FileMetaData$FileMetaDataStandardScheme.read;org/apache/parquet/format/RowGroup.read;org/apache/parquet/format/RowGroup$RowGroupStandardScheme.read;org/apache/parquet/format/RowGroup$RowGroupStandardScheme.read;org/apache/parquet/format/ColumnChunk.read;org/apache/parquet/format/ColumnChunk$ColumnChunkStandardScheme.read;org/apache/parquet/format/ColumnChunk$ColumnChunkStandardScheme.read;org/apache/parquet/format/ColumnMetaData.read;org/apache/parquet/format/ColumnMetaData$ColumnMetaDataStandardScheme.read;org/apache/parquet/format/ColumnMetaData$ColumnMetaDataStandardScheme.read;org/apache/parquet/format/InterningProtocol.readFieldBegin;shaded/parquet/org/apache/thrift/protocol/TCompactProtocol.readFieldBegin;shaded/parquet/org/apache/thrift/protocol/TCompactProtocol.readByte;shaded/parquet/org/apache/thrift/transport/TTransport.readAll;shaded/parquet/org/apache/thrift/transport/TIOStreamTransport.read;org/weakref/nitro/parquet/ParquetFile$SegmentInputStream.read;java/lang/foreign/MemorySegment.copy;jdk/internal/foreign/AbstractMemorySegmentImpl.copy;jdk/internal/misc/ScopedMemoryAccess.copyMemory;jdk/internal/misc/ScopedMemoryAccess.copyMemoryInternal 3
java/lang/Thread.run;java/lang/Thread.runWith;java/util/concurrent/ThreadPoolExecutor$Worker.run;java/util/concurrent/ThreadPoolExecutor.runWorker;java/util/concurrent/FutureTask.run;java/util/concurrent/Executors$RunnableAdapter.call;java/util/concurrent/FutureTask.run;org/openjdk/jmh/runner/BenchmarkHandler$BenchmarkTask.call;org/openjdk/jmh/runner/BenchmarkHandler$BenchmarkTask.call;java/lang/reflect/Method.invoke;jdk/internal/reflect/DirectMethodHandleAccessor.invoke;jdk/internal/reflect/DirectMethodHandleAccessor.invokeImpl;java/lang/invoke/LambdaForm$MH.0x0000000048061400.invokeExact_MT;java/lang/invoke/LambdaForm$MH.0x0000000048061000.invoke;java/lang/invoke/DirectMethodHandle$Holder.invokeSpecial;org/weakref/nitro/clickbench/jmh_generated/BenchmarkQueries_query43_jmhTest.query43_AverageTime;org/weakref/nitro/clickbench/jmh_generated/BenchmarkQueries_query43_jmhTest.query43_avgt_jmhStub;org/weakref/nitro/clickbench/BenchmarkQueries.query43;org/weakref/nitro/clickbench/BenchmarkQueries.consume;org/weakref/nitro/operator/OffsetOperator.hasNext;org/weakref/nitro/operator/OffsetOperator.skipFullyConsumedBatches;org/weakref/nitro/operator/TopNOperator.next;org/weakref/nitro/operator/TopNOperator.computeTopN;org/weakref/nitro/operator/GroupedAggregationOperator.next;org/weakref/nitro/operator/GroupedAggregationOperator.computeResults;org/weakref/nitro/operator/Output.borrow;org/weakref/nitro/operator/GroupOperator$$Lambda.0x00000000481e38d0.apply;org/weakref/nitro/operator/GroupOperator.lambda$next$0;org/weakref/nitro/operator/GroupOperator.groupIds;org/weakref/nitro/operator/GroupOperator.doGroupingIfNeeded;org/weakref/nitro/operator/GroupingState.assignGroups;org/weakref/nitro/operator/GroupingState.assignGroups;org/weakref/nitro/operator/GroupingState.assignLongGroups 3
java/lang/Thread.run;java/lang/Thread.runWith;java/util/concurrent/ThreadPoolExecutor$Worker.run;java/util/concurrent/ThreadPoolExecutor.runWorker;java/util/concurrent/FutureTask.run;java/util/concurrent/Executors$RunnableAdapter.call;java/util/concurrent/FutureTask.run;org/openjdk/jmh/runner/BenchmarkHandler$BenchmarkTask.call;org/openjdk/jmh/runner/BenchmarkHandler$BenchmarkTask.call;java/lang/reflect/Method.invoke;jdk/internal/reflect/DirectMethodHandleAccessor.invoke;jdk/internal/reflect/DirectMethodHandleAccessor.invokeImpl;java/lang/invoke/LambdaForm$MH.0x0000000048061400.invokeExact_MT;java/lang/invoke/LambdaForm$MH.0x0000000048061000.invoke;java/lang/invoke/DirectMethodHandle$Holder.invokeSpecial;org/weakref/nitro/clickbench/jmh_generated/BenchmarkQueries_query43_jmhTest.query43_AverageTime;org/weakref/nitro/clickbench/jmh_generated/BenchmarkQueries_query43_jmhTest.query43_avgt_jmhStub;org/weakref/nitro/clickbench/BenchmarkQueries.query43;org/weakref/nitro/clickbench/BenchmarkQueries.consume;org/weakref/nitro/operator/OffsetOperator.hasNext;org/weakref/nitro/operator/OffsetOperator.skipFullyConsumedBatches;org/weakref/nitro/operator/TopNOperator.next;org/weakref/nitro/operator/TopNOperator.computeTopN;org/weakref/nitro/operator/GroupedAggregationOperator.next;org/weakref/nitro/operator/GroupedAggregationOperator.computeResults;org/weakref/nitro/operator/Batch.close;org/weakref/nitro/operator/GroupOperator$$Lambda.0x00000000481e8f78.run;org/weakref/nitro/operator/GroupOperator.lambda$next$6;org/weakref/nitro/operator/Batch.close;org/weakref/nitro/operator/ProjectOperator$$Lambda.0x00000000481e3488.run;org/weakref/nitro/operator/ProjectOperator.lambda$next$11;org/weakref/nitro/operator/ProjectOperator$BatchState.close;org/weakref/nitro/operator/Batch.close;org/weakref/nitro/operator/FilterOperator$BatchState.close;org/weakref/nitro/operator/Batch.close;org/weakref/nitro/operator/Output.close;org/weakref/nitro/operator/Output.release;org/weakref/nitro/operator/BatchBufferOwner.accept;org/weakref/nitro/operator/BatchBufferOwner.accept;org/weakref/nitro/operator/NitroParquetScanOperator$ScanOutputResolver.release;org/weakref/nitro/operator/BatchBufferScope.release;org/weakref/nitro/data/Allocator.release;org/weakref/nitro/data/Allocator.releaseVectorTree;org/weakref/nitro/data/Allocator.releaseVector;org/weakref/nitro/data/Allocator$ContextState.releaseVector;org/weakref/nitro/data/Allocator$ContextState.addVectorToPool;java/util/HashMap.computeIfAbsent 1
java/lang/Thread.run;java/lang/Thread.runWith;java/util/concurrent/ThreadPoolExecutor$Worker.run;java/util/concurrent/ThreadPoolExecutor.runWorker;java/util/concurrent/FutureTask.run;java/util/concurrent/Executors$RunnableAdapter.call;java/util/concurrent/FutureTask.run;org/openjdk/jmh/runner/BenchmarkHandler$BenchmarkTask.call;org/openjdk/jmh/runner/BenchmarkHandler$BenchmarkTask.call;java/lang/reflect/Method.invoke;jdk/internal/reflect/DirectMethodHandleAccessor.invoke;jdk/internal/reflect/DirectMethodHandleAccessor.invokeImpl;java/lang/invoke/LambdaForm$MH.0x0000000048061400.invokeExact_MT;java/lang/invoke/LambdaForm$MH.0x0000000048061000.invoke;java/lang/invoke/DirectMethodHandle$Holder.invokeSpecial;org/weakref/nitro/clickbench/jmh_generated/BenchmarkQueries_query43_jmhTest.query43_AverageTime;org/weakref/nitro/clickbench/jmh_generated/BenchmarkQueries_query43_jmhTest.query43_avgt_jmhStub;org/weakref/nitro/clickbench/BenchmarkQueries.query43;org/weakref/nitro/clickbench/BenchmarkQueries.consume;org/weakref/nitro/operator/OffsetOperator.hasNext;org/weakref/nitro/operator/OffsetOperator.skipFullyConsumedBatches;org/weakref/nitro/operator/TopNOperator.next;org/weakref/nitro/operator/TopNOperator.computeTopN;org/weakref/nitro/operator/GroupedAggregationOperator.next;org/weakref/nitro/operator/GroupedAggregationOperator.computeResults;org/weakref/nitro/operator/GroupOperator.next;org/weakref/nitro/operator/ProjectOperator.next;org/weakref/nitro/operator/FilterOperator.next;org/weakref/nitro/operator/evaluator/PlanEvaluator.evaluateInPlace;org/weakref/nitro/operator/evaluator/PlanEvaluator.evaluateTrueMaskInPlace;org/weakref/nitro/operator/evaluator/PlanEvaluator.evaluateAdaptiveAndTrueMaskInPlace;org/weakref/nitro/operator/evaluator/PlanEvaluator.evaluateMeasuredTrueMaskInPlace;org/weakref/nitro/operator/evaluator/PlanEvaluator.evaluateTrueMaskInPlace;org/weakref/nitro/operator/evaluator/PlanEvaluator.evaluateAdaptiveAndTrueMaskInPlace;org/weakref/nitro/operator/evaluator/PlanEvaluator.evaluateMeasuredTrueMaskInPlace;org/weakref/nitro/operator/evaluator/PlanEvaluator.evaluateTrueMaskInPlace;org/weakref/nitro/operator/evaluator/PlanEvaluator.tryEvaluatePrimitiveTrueMaskInPlace;org/weakref/nitro/operator/evaluator/PlanEvaluator.tryEvaluatePrimitiveMaskInPlace;org/weakref/nitro/operator/evaluator/PlanEvaluator.resolveMaskPrimitiveInvocation;org/weakref/nitro/operator/evaluator/PlanEvaluator.evaluateArgument;org/weakref/nitro/operator/FilterOperator$1.resolve;org/weakref/nitro/operator/Output.borrowOrNull;org/weakref/nitro/operator/Output.borrow;org/weakref/nitro/operator/Output.borrow 1
java/lang/Thread.run;java/lang/Thread.runWith;java/util/concurrent/ThreadPoolExecutor$Worker.run;java/util/concurrent/ThreadPoolExecutor.runWorker;java/util/concurrent/FutureTask.run;java/util/concurrent/Executors$RunnableAdapter.call;java/util/concurrent/FutureTask.run;org/openjdk/jmh/runner/BenchmarkHandler$BenchmarkTask.call;org/openjdk/jmh/runner/BenchmarkHandler$BenchmarkTask.call;java/lang/reflect/Method.invoke;jdk/internal/reflect/DirectMethodHandleAccessor.invoke;jdk/internal/reflect/DirectMethodHandleAccessor.invokeImpl;java/lang/invoke/LambdaForm$MH.0x0000000048061400.invokeExact_MT;java/lang/invoke/LambdaForm$MH.0x0000000048061000.invoke;java/lang/invoke/DirectMethodHandle$Holder.invokeSpecial;org/weakref/nitro/clickbench/jmh_generated/BenchmarkQueries_query43_jmhTest.query43_AverageTime;org/weakref/nitro/clickbench/jmh_generated/BenchmarkQueries_query43_jmhTest.query43_avgt_jmhStub;org/weakref/nitro/clickbench/BenchmarkQueries.query43;org/weakref/nitro/clickbench/ClickBenchHitsSupport.query43;org/weakref/nitro/clickbench/ClickBenchHitsSupport.clickBenchScan;org/weakref/nitro/operator/NitroParquetScanOperator.<init>;java/util/stream/ReferencePipeline.toArray;java/util/stream/AbstractPipeline.evaluateToArrayNode;java/util/stream/AbstractPipeline.evaluate;java/util/stream/AbstractPipeline.wrapAndCopyInto;java/util/stream/AbstractPipeline.copyInto;java/util/AbstractList$RandomAccessSpliterator.forEachRemaining;java/util/stream/ReferencePipeline$3$1.accept;org/weakref/nitro/operator/NitroParquetScanOperator$$Lambda.0x00000000480864e8.apply;org/weakref/nitro/parquet/ParquetFile.open;org/weakref/nitro/parquet/ParquetFile.<init>;org/apache/parquet/format/Util.readFileMetaData;org/apache/parquet/format/Util.readFileMetaData;org/apache/parquet/format/Util.read;org/apache/parquet/format/FileMetaData.read;org/apache/parquet/format/FileMetaData$FileMetaDataStandardScheme.read;org/apache/parquet/format/FileMetaData$FileMetaDataStandardScheme.read;org/apache/parquet/format/RowGroup.read;org/apache/parquet/format/RowGroup$RowGroupStandardScheme.read;org/apache/parquet/format/RowGroup$RowGroupStandardScheme.read;org/apache/parquet/format/ColumnChunk.read;org/apache/parquet/format/ColumnChunk$ColumnChunkStandardScheme.read;org/apache/parquet/format/ColumnChunk$ColumnChunkStandardScheme.read;org/apache/parquet/format/ColumnMetaData.read;org/apache/parquet/format/ColumnMetaData$ColumnMetaDataStandardScheme.read;org/apache/parquet/format/ColumnMetaData$ColumnMetaDataStandardScheme.read;org/apache/parquet/format/InterningProtocol.readFieldBegin;shaded/parquet/org/apache/thrift/protocol/TCompactProtocol.readFieldBegin;shaded/parquet/org/apache/thrift/protocol/TCompactProtocol.readByte;shaded/parquet/org/apache/thrift/transport/TTransport.readAll;shaded/parquet/org/apache/thrift/transport/TIOStreamTransport.read;org/weakref/nitro/parquet/ParquetFile$SegmentInputStream.read;java/lang/foreign/MemorySegment.copy;jdk/internal/foreign/AbstractMemorySegmentImpl.copy;jdk/internal/misc/ScopedMemoryAccess.copyMemory;jdk/internal/misc/ScopedMemoryAccess.copyMemoryInternal;jdk/internal/misc/Unsafe.copyMemory;jbyte_disjoint_arraycopy_stub 1
java/lang/Thread.run;java/lang/Thread.runWith;java/util/concurrent/ThreadPoolExecutor$Worker.run;java/util/concurrent/ThreadPoolExecutor.runWorker;java/util/concurrent/FutureTask.run;java/util/concurrent/Executors$RunnableAdapter.call;java/util/concurrent/FutureTask.run;org/openjdk/jmh/runner/BenchmarkHandler$BenchmarkTask.call;org/openjdk/jmh/runner/BenchmarkHandler$BenchmarkTask.call;java/lang/reflect/Method.invoke;jdk/internal/reflect/DirectMethodHandleAccessor.invoke;jdk/internal/reflect/DirectMethodHandleAccessor.invokeImpl;java/lang/invoke/LambdaForm$MH.0x0000000048061400.invokeExact_MT;java/lang/invoke/LambdaForm$MH.0x0000000048061000.invoke;java/lang/invoke/DirectMethodHandle$Holder.invokeSpecial;org/weakref/nitro/clickbench/jmh_generated/BenchmarkQueries_query43_jmhTest.query43_AverageTime;org/weakref/nitro/clickbench/jmh_generated/BenchmarkQueries_query43_jmhTest.query43_avgt_jmhStub;org/weakref/nitro/clickbench/BenchmarkQueries.query43;org/weakref/nitro/clickbench/BenchmarkQueries.consume;org/weakref/nitro/operator/OffsetOperator.hasNext;org/weakref/nitro/operator/OffsetOperator.skipFullyConsumedBatches;org/weakref/nitro/operator/TopNOperator.next;org/weakref/nitro/operator/TopNOperator.computeTopN;org/weakref/nitro/operator/GroupedAggregationOperator.next;org/weakref/nitro/operator/GroupedAggregationOperator.computeResults;org/weakref/nitro/operator/GroupOperator.next;org/weakref/nitro/operator/ProjectOperator.next;org/weakref/nitro/operator/FilterOperator.next;org/weakref/nitro/operator/evaluator/PlanEvaluator.evaluateInPlace;org/weakref/nitro/operator/evaluator/PlanEvaluator.evaluateTrueMaskInPlace;org/weakref/nitro/operator/evaluator/PlanEvaluator.evaluateAdaptiveAndTrueMaskInPlace;org/weakref/nitro/operator/evaluator/PlanEvaluator.evaluateMeasuredTrueMaskInPlace;org/weakref/nitro/operator/evaluator/PlanEvaluator.evaluateTrueMaskInPlace;org/weakref/nitro/operator/evaluator/PlanEvaluator.evaluateAdaptiveAndTrueMaskInPlace;org/weakref/nitro/operator/evaluator/PlanEvaluator.evaluateMeasuredTrueMaskInPlace;org/weakref/nitro/operator/evaluator/PlanEvaluator.evaluateTrueMaskInPlace;org/weakref/nitro/operator/evaluator/PlanEvaluator.tryEvaluatePrimitiveTrueMaskInPlace;org/weakref/nitro/operator/evaluator/PlanEvaluator.tryEvaluatePrimitiveMaskInPlace;org/weakref/nitro/function/scalar/builtin/EqualI64.tryEvaluateTrueMaskInPlace;org/weakref/nitro/function/scalar/builtin/LongComparisonMaskSupport.tryEvaluateTrueMaskInPlace;org/weakref/nitro/function/scalar/builtin/LongComparisonMaskSupport.tryConstantComparisonInPlace;org/weakref/nitro/function/scalar/builtin/LongComparisonMaskSupport.applyConstantComparison;org/weakref/nitro/data/Mask.retainConstantComparison;org/weakref/nitro/data/Mask.retainConstantComparison 1
java/lang/Thread.run;java/lang/Thread.runWith;java/util/concurrent/ThreadPoolExecutor$Worker.run;java/util/concurrent/ThreadPoolExecutor.runWorker;java/util/concurrent/FutureTask.run;java/util/concurrent/Executors$RunnableAdapter.call;java/util/concurrent/FutureTask.run;org/openjdk/jmh/runner/BenchmarkHandler$BenchmarkTask.call;org/openjdk/jmh/runner/BenchmarkHandler$BenchmarkTask.call;java/lang/reflect/Method.invoke;jdk/internal/reflect/DirectMethodHandleAccessor.invoke;jdk/internal/reflect/DirectMethodHandleAccessor.invokeImpl;java/lang/invoke/LambdaForm$MH.0x0000000048061400.invokeExact_MT;java/lang/invoke/LambdaForm$MH.0x0000000048061000.invoke;java/lang/invoke/DirectMethodHandle$Holder.invokeSpecial;org/weakref/nitro/clickbench/jmh_generated/BenchmarkQueries_query43_jmhTest.query43_AverageTime;org/weakref/nitro/clickbench/jmh_generated/BenchmarkQueries_query43_jmhTest.query43_avgt_jmhStub;org/weakref/nitro/clickbench/BenchmarkQueries.query43;org/weakref/nitro/clickbench/ClickBenchHitsSupport.query43;org/weakref/nitro/clickbench/ClickBenchHitsSupport.clickBenchScan;org/weakref/nitro/operator/NitroParquetScanOperator.<init>;java/util/stream/ReferencePipeline.toArray;java/util/stream/AbstractPipeline.evaluateToArrayNode;java/util/stream/AbstractPipeline.evaluate;java/util/stream/AbstractPipeline.wrapAndCopyInto;java/util/stream/AbstractPipeline.copyInto;java/util/AbstractList$RandomAccessSpliterator.forEachRemaining;java/util/stream/ReferencePipeline$3$1.accept;org/weakref/nitro/operator/NitroParquetScanOperator$$Lambda.0x00000000480864e8.apply;org/weakref/nitro/parquet/ParquetFile.open;org/weakref/nitro/parquet/ParquetFile.<init> 1
java/lang/Thread.run;java/lang/Thread.runWith;java/util/concurrent/ThreadPoolExecutor$Worker.run;java/util/concurrent/ThreadPoolExecutor.runWorker;java/util/concurrent/FutureTask.run;java/util/concurrent/Executors$RunnableAdapter.call;java/util/concurrent/FutureTask.run;org/openjdk/jmh/runner/BenchmarkHandler$BenchmarkTask.call;org/openjdk/jmh/runner/BenchmarkHandler$BenchmarkTask.call;java/lang/reflect/Method.invoke;jdk/internal/reflect/DirectMethodHandleAccessor.invoke;jdk/internal/reflect/DirectMethodHandleAccessor.invokeImpl;java/lang/invoke/LambdaForm$MH.0x0000000048061400.invokeExact_MT;java/lang/invoke/LambdaForm$MH.0x0000000048061000.invoke;java/lang/invoke/DirectMethodHandle$Holder.invokeSpecial;org/weakref/nitro/clickbench/jmh_generated/BenchmarkQueries_query43_jmhTest.query43_AverageTime;org/weakref/nitro/clickbench/jmh_generated/BenchmarkQueries_query43_jmhTest.query43_avgt_jmhStub;org/weakref/nitro/clickbench/BenchmarkQueries.query43;org/weakref/nitro/clickbench/BenchmarkQueries.consume;org/weakref/nitro/operator/OffsetOperator.hasNext;org/weakref/nitro/operator/OffsetOperator.skipFullyConsumedBatches;org/weakref/nitro/operator/TopNOperator.next;org/weakref/nitro/operator/TopNOperator.computeTopN;org/weakref/nitro/operator/GroupedAggregationOperator.next;org/weakref/nitro/operator/GroupedAggregationOperator.computeResults;org/weakref/nitro/operator/GroupOperator.next;org/weakref/nitro/operator/ProjectOperator.next;org/weakref/nitro/operator/FilterOperator.next;org/weakref/nitro/operator/evaluator/PlanEvaluator.resetForReuse 1
java/lang/Thread.run;java/lang/Thread.runWith;java/util/concurrent/ThreadPoolExecutor$Worker.run;java/util/concurrent/ThreadPoolExecutor.runWorker;java/util/concurrent/FutureTask.run;java/util/concurrent/Executors$RunnableAdapter.call;java/util/concurrent/FutureTask.run;org/openjdk/jmh/runner/BenchmarkHandler$BenchmarkTask.call;org/openjdk/jmh/runner/BenchmarkHandler$BenchmarkTask.call;java/lang/reflect/Method.invoke;jdk/internal/reflect/DirectMethodHandleAccessor.invoke;jdk/internal/reflect/DirectMethodHandleAccessor.invokeImpl;java/lang/invoke/LambdaForm$MH.0x0000000048061400.invokeExact_MT;java/lang/invoke/LambdaForm$MH.0x0000000048061000.invoke;java/lang/invoke/DirectMethodHandle$Holder.invokeSpecial;org/weakref/nitro/clickbench/jmh_generated/BenchmarkQueries_query43_jmhTest.query43_AverageTime;org/weakref/nitro/clickbench/jmh_generated/BenchmarkQueries_query43_jmhTest.query43_avgt_jmhStub;org/weakref/nitro/clickbench/BenchmarkQueries.query43;org/weakref/nitro/clickbench/BenchmarkQueries.consume;org/weakref/nitro/operator/OffsetOperator.hasNext;org/weakref/nitro/operator/OffsetOperator.skipFullyConsumedBatches;org/weakref/nitro/operator/TopNOperator.next;org/weakref/nitro/operator/TopNOperator.computeTopN;org/weakref/nitro/operator/GroupedAggregationOperator.next;org/weakref/nitro/operator/GroupedAggregationOperator.computeResults;org/weakref/nitro/operator/Batch.close;org/weakref/nitro/operator/GroupOperator$$Lambda.0x00000000481e8f78.run;org/weakref/nitro/operator/GroupOperator.lambda$next$6;org/weakref/nitro/operator/Batch.close;org/weakref/nitro/operator/ProjectOperator$$Lambda.0x00000000481e3488.run;org/weakref/nitro/operator/ProjectOperator.lambda$next$11;org/weakref/nitro/operator/ProjectOperator$BatchState.close;org/weakref/nitro/operator/evaluator/PlanEvaluator.resetForReuse;java/util/ImmutableCollections$SetN$SetNIterator.hasNext 1
java/lang/Thread.run;java/lang/Thread.runWith;java/util/concurrent/ThreadPoolExecutor$Worker.run;java/util/concurrent/ThreadPoolExecutor.runWorker;java/util/concurrent/FutureTask.run;java/util/concurrent/Executors$RunnableAdapter.call;java/util/concurrent/FutureTask.run;org/openjdk/jmh/runner/BenchmarkHandler$BenchmarkTask.call;org/openjdk/jmh/runner/BenchmarkHandler$BenchmarkTask.call;java/lang/reflect/Method.invoke;jdk/internal/reflect/DirectMethodHandleAccessor.invoke;jdk/internal/reflect/DirectMethodHandleAccessor.invokeImpl;java/lang/invoke/LambdaForm$MH.0x0000000048061400.invokeExact_MT;java/lang/invoke/LambdaForm$MH.0x0000000048061000.invoke;java/lang/invoke/DirectMethodHandle$Holder.invokeSpecial;org/weakref/nitro/clickbench/jmh_generated/BenchmarkQueries_query43_jmhTest.query43_AverageTime;org/weakref/nitro/clickbench/jmh_generated/BenchmarkQueries_query43_jmhTest.query43_avgt_jmhStub;org/weakref/nitro/clickbench/BenchmarkQueries.query43;org/weakref/nitro/clickbench/ClickBenchHitsSupport.query43;org/weakref/nitro/clickbench/ClickBenchHitsSupport.clickBenchScan;org/weakref/nitro/operator/NitroParquetScanOperator.<init>;java/util/stream/ReferencePipeline.toArray;java/util/stream/AbstractPipeline.evaluateToArrayNode;java/util/stream/AbstractPipeline.evaluate;java/util/stream/AbstractPipeline.wrapAndCopyInto;java/util/stream/AbstractPipeline.copyInto;java/util/AbstractList$RandomAccessSpliterator.forEachRemaining;java/util/stream/ReferencePipeline$3$1.accept;org/weakref/nitro/operator/NitroParquetScanOperator$$Lambda.0x00000000480864e8.apply;org/weakref/nitro/parquet/ParquetFile.open;org/weakref/nitro/parquet/ParquetFile.<init>;org/apache/parquet/format/Util.readFileMetaData;org/apache/parquet/format/Util.readFileMetaData;org/apache/parquet/format/Util.read;org/apache/parquet/format/FileMetaData.read;org/apache/parquet/format/FileMetaData$FileMetaDataStandardScheme.read;org/apache/parquet/format/FileMetaData$FileMetaDataStandardScheme.read;org/apache/parquet/format/RowGroup.read;org/apache/parquet/format/RowGroup$RowGroupStandardScheme.read;org/apache/parquet/format/RowGroup$RowGroupStandardScheme.read;org/apache/parquet/format/ColumnChunk.read;org/apache/parquet/format/ColumnChunk$ColumnChunkStandardScheme.read;org/apache/parquet/format/ColumnChunk$ColumnChunkStandardScheme.read;org/apache/parquet/format/ColumnMetaData.read;org/apache/parquet/format/ColumnMetaData$ColumnMetaDataStandardScheme.read;org/apache/parquet/format/ColumnMetaData$ColumnMetaDataStandardScheme.read;org/apache/parquet/format/InterningProtocol.readI32;shaded/parquet/org/apache/thrift/protocol/TCompactProtocol.readI32;shaded/parquet/org/apache/thrift/protocol/TCompactProtocol.readVarint32;shaded/parquet/org/apache/thrift/protocol/TCompactProtocol.readByte;shaded/parquet/org/apache/thrift/transport/TTransport.readAll;shaded/parquet/org/apache/thrift/transport/TIOStreamTransport.read 1
java/lang/Thread.run;java/lang/Thread.runWith;java/util/concurrent/ThreadPoolExecutor$Worker.run;java/util/concurrent/ThreadPoolExecutor.runWorker;java/util/concurrent/FutureTask.run;java/util/concurrent/Executors$RunnableAdapter.call;java/util/concurrent/FutureTask.run;org/openjdk/jmh/runner/BenchmarkHandler$BenchmarkTask.call;org/openjdk/jmh/runner/BenchmarkHandler$BenchmarkTask.call;java/lang/reflect/Method.invoke;jdk/internal/reflect/DirectMethodHandleAccessor.invoke;jdk/internal/reflect/DirectMethodHandleAccessor.invokeImpl;java/lang/invoke/LambdaForm$MH.0x0000000048061400.invokeExact_MT;java/lang/invoke/LambdaForm$MH.0x0000000048061000.invoke;java/lang/invoke/DirectMethodHandle$Holder.invokeSpecial;org/weakref/nitro/clickbench/jmh_generated/BenchmarkQueries_query43_jmhTest.query43_AverageTime;org/weakref/nitro/clickbench/jmh_generated/BenchmarkQueries_query43_jmhTest.query43_avgt_jmhStub;org/weakref/nitro/clickbench/BenchmarkQueries.query43;org/weakref/nitro/clickbench/ClickBenchHitsSupport.query43;org/weakref/nitro/clickbench/ClickBenchHitsSupport.clickBenchScan;org/weakref/nitro/operator/NitroParquetScanOperator.<init>;java/util/stream/ReferencePipeline.toArray;java/util/stream/AbstractPipeline.evaluateToArrayNode;java/util/stream/AbstractPipeline.evaluate;java/util/stream/AbstractPipeline.wrapAndCopyInto;java/util/stream/AbstractPipeline.copyInto;java/util/AbstractList$RandomAccessSpliterator.forEachRemaining;java/util/stream/ReferencePipeline$3$1.accept;org/weakref/nitro/operator/NitroParquetScanOperator$$Lambda.0x00000000480864e8.apply;org/weakref/nitro/parquet/ParquetFile.open;org/weakref/nitro/parquet/ParquetFile.<init>;org/apache/parquet/format/Util.readFileMetaData;org/apache/parquet/format/Util.readFileMetaData;org/apache/parquet/format/Util.read;org/apache/parquet/format/FileMetaData.read;org/apache/parquet/format/FileMetaData$FileMetaDataStandardScheme.read;org/apache/parquet/format/FileMetaData$FileMetaDataStandardScheme.read;org/apache/parquet/format/RowGroup.read;org/apache/parquet/format/RowGroup$RowGroupStandardScheme.read;org/apache/parquet/format/RowGroup$RowGroupStandardScheme.read;org/apache/parquet/format/ColumnChunk.read;org/apache/parquet/format/ColumnChunk$ColumnChunkStandardScheme.read;org/apache/parquet/format/ColumnChunk$ColumnChunkStandardScheme.read;org/apache/parquet/format/ColumnMetaData.read;org/apache/parquet/format/ColumnMetaData$ColumnMetaDataStandardScheme.read;org/apache/parquet/format/ColumnMetaData$ColumnMetaDataStandardScheme.read;org/apache/parquet/format/InterningProtocol.readI64;shaded/parquet/org/apache/thrift/protocol/TCompactProtocol.readI64;shaded/parquet/org/apache/thrift/protocol/TCompactProtocol.readVarint64;shaded/parquet/org/apache/thrift/protocol/TCompactProtocol.readByte;shaded/parquet/org/apache/thrift/transport/TTransport.readAll 1
/usr/lib/x86_64-linux-gnu/libc.so.6;/usr/lib/x86_64-linux-gnu/libc.so.6;thread_native_entry;Thread::call_run;JavaThread::thread_main_inner;CompileBroker::compiler_thread_loop;CompileBroker::invoke_compiler_on_method;C2Compiler::compile_method;Compile::Compile;Compile::Code_Gen;Matcher::match;Matcher::xform;Matcher::match_sfpt;Arena::grow;ChunkPool::allocate_chunk 1
java/lang/Thread.run;java/lang/Thread.runWith;java/util/concurrent/ThreadPoolExecutor$Worker.run;java/util/concurrent/ThreadPoolExecutor.runWorker;java/util/concurrent/FutureTask.run;java/util/concurrent/Executors$RunnableAdapter.call;java/util/concurrent/FutureTask.run;org/openjdk/jmh/runner/BenchmarkHandler$BenchmarkTask.call;org/openjdk/jmh/runner/BenchmarkHandler$BenchmarkTask.call;java/lang/reflect/Method.invoke;jdk/internal/reflect/DirectMethodHandleAccessor.invoke;jdk/internal/reflect/DirectMethodHandleAccessor.invokeImpl;java/lang/invoke/LambdaForm$MH.0x0000000048061400.invokeExact_MT;java/lang/invoke/LambdaForm$MH.0x0000000048061000.invoke;java/lang/invoke/DirectMethodHandle$Holder.invokeSpecial;org/weakref/nitro/clickbench/jmh_generated/BenchmarkQueries_query43_jmhTest.query43_AverageTime;org/weakref/nitro/clickbench/jmh_generated/BenchmarkQueries_query43_jmhTest.query43_avgt_jmhStub;org/weakref/nitro/clickbench/BenchmarkQueries.query43;org/weakref/nitro/clickbench/ClickBenchHitsSupport.query43;org/weakref/nitro/clickbench/ClickBenchHitsSupport.clickBenchScan;org/weakref/nitro/operator/NitroParquetScanOperator.<init>;java/util/stream/ReferencePipeline.toArray;java/util/stream/AbstractPipeline.evaluateToArrayNode;java/util/stream/AbstractPipeline.evaluate;java/util/stream/AbstractPipeline.wrapAndCopyInto;java/util/stream/AbstractPipeline.copyInto;java/util/AbstractList$RandomAccessSpliterator.forEachRemaining;java/util/stream/ReferencePipeline$3$1.accept;org/weakref/nitro/operator/NitroParquetScanOperator$$Lambda.0x00000000480864e8.apply;org/weakref/nitro/parquet/ParquetFile.open;org/weakref/nitro/parquet/ParquetFile.<init>;org/apache/parquet/format/Util.readFileMetaData;org/apache/parquet/format/Util.readFileMetaData;org/apache/parquet/format/Util.read;org/apache/parquet/format/FileMetaData.read;org/apache/parquet/format/FileMetaData$FileMetaDataStandardScheme.read;org/apache/parquet/format/FileMetaData$FileMetaDataStandardScheme.read;org/apache/parquet/format/RowGroup.read;org/apache/parquet/format/RowGroup$RowGroupStandardScheme.read;org/apache/parquet/format/RowGroup$RowGroupStandardScheme.read;org/apache/parquet/format/ColumnChunk.read;org/apache/parquet/format/ColumnChunk$ColumnChunkStandardScheme.read;org/apache/parquet/format/ColumnChunk$ColumnChunkStandardScheme.read;org/apache/parquet/format/ColumnMetaData.read;org/apache/parquet/format/ColumnMetaData$ColumnMetaDataStandardScheme.read;org/apache/parquet/format/ColumnMetaData$ColumnMetaDataStandardScheme.read;org/apache/parquet/format/InterningProtocol.readListBegin;shaded/parquet/org/apache/thrift/protocol/TCompactProtocol.readListBegin;shaded/parquet/org/apache/thrift/protocol/TCompactProtocol.readByte;shaded/parquet/org/apache/thrift/transport/TTransport.readAll;shaded/parquet/org/apache/thrift/transport/TIOStreamTransport.read;org/weakref/nitro/parquet/ParquetFile$SegmentInputStream.read;java/lang/foreign/MemorySegment.copy;jdk/internal/foreign/AbstractMemorySegmentImpl.copy;java/util/Objects.checkFromIndexSize;jdk/internal/util/Preconditions.checkFromIndexSize 1
java/lang/Thread.run;java/lang/Thread.runWith;java/util/concurrent/ThreadPoolExecutor$Worker.run;java/util/concurrent/ThreadPoolExecutor.runWorker;java/util/concurrent/FutureTask.run;java/util/concurrent/Executors$RunnableAdapter.call;java/util/concurrent/FutureTask.run;org/openjdk/jmh/runner/BenchmarkHandler$BenchmarkTask.call;org/openjdk/jmh/runner/BenchmarkHandler$BenchmarkTask.call;java/lang/reflect/Method.invoke;jdk/internal/reflect/DirectMethodHandleAccessor.invoke;jdk/internal/reflect/DirectMethodHandleAccessor.invokeImpl;java/lang/invoke/LambdaForm$MH.0x0000000048061400.invokeExact_MT;java/lang/invoke/LambdaForm$MH.0x0000000048061000.invoke;java/lang/invoke/DirectMethodHandle$Holder.invokeSpecial;org/weakref/nitro/clickbench/jmh_generated/BenchmarkQueries_query43_jmhTest.query43_AverageTime;org/weakref/nitro/clickbench/jmh_generated/BenchmarkQueries_query43_jmhTest.query43_avgt_jmhStub;org/weakref/nitro/clickbench/BenchmarkQueries.query43;org/weakref/nitro/clickbench/BenchmarkQueries.consume;org/weakref/nitro/operator/OffsetOperator.hasNext;org/weakref/nitro/operator/OffsetOperator.skipFullyConsumedBatches;org/weakref/nitro/operator/TopNOperator.next;org/weakref/nitro/operator/TopNOperator.computeTopN;org/weakref/nitro/operator/GroupedAggregationOperator.next;org/weakref/nitro/operator/GroupedAggregationOperator.computeResults;org/weakref/nitro/operator/Output.borrow;org/weakref/nitro/operator/GroupOperator$$Lambda.0x00000000481e38d0.apply;org/weakref/nitro/operator/GroupOperator.lambda$next$0;org/weakref/nitro/operator/GroupOperator.groupIds;org/weakref/nitro/operator/GroupOperator.doGroupingIfNeeded;org/weakref/nitro/operator/GroupingState.assignGroups;org/weakref/nitro/operator/GroupingState.assignGroups;org/weakref/nitro/operator/GroupingState.assignLongGroups;org/weakref/nitro/operator/GroupingState.hashLong 1
java/lang/Thread.run;java/lang/Thread.runWith;java/util/concurrent/ThreadPoolExecutor$Worker.run;java/util/concurrent/ThreadPoolExecutor.runWorker;java/util/concurrent/FutureTask.run;java/util/concurrent/Executors$RunnableAdapter.call;java/util/concurrent/FutureTask.run;org/openjdk/jmh/runner/BenchmarkHandler$BenchmarkTask.call;org/openjdk/jmh/runner/BenchmarkHandler$BenchmarkTask.call;java/lang/reflect/Method.invoke;jdk/internal/reflect/DirectMethodHandleAccessor.invoke;jdk/internal/reflect/DirectMethodHandleAccessor.invokeImpl;java/lang/invoke/LambdaForm$MH.0x0000000048061400.invokeExact_MT;java/lang/invoke/LambdaForm$MH.0x0000000048061000.invoke;java/lang/invoke/DirectMethodHandle$Holder.invokeSpecial;org/weakref/nitro/clickbench/jmh_generated/BenchmarkQueries_query43_jmhTest.query43_AverageTime;org/weakref/nitro/clickbench/jmh_generated/BenchmarkQueries_query43_jmhTest.query43_avgt_jmhStub;org/weakref/nitro/clickbench/BenchmarkQueries.query43;org/weakref/nitro/clickbench/ClickBenchHitsSupport.query43;org/weakref/nitro/clickbench/ClickBenchHitsSupport.clickBenchScan;org/weakref/nitro/operator/NitroParquetScanOperator.<init>;java/util/stream/ReferencePipeline.toArray;java/util/stream/AbstractPipeline.evaluateToArrayNode;java/util/stream/AbstractPipeline.evaluate;java/util/stream/AbstractPipeline.wrapAndCopyInto;java/util/stream/AbstractPipeline.copyInto;java/util/AbstractList$RandomAccessSpliterator.forEachRemaining;java/util/stream/ReferencePipeline$3$1.accept;org/weakref/nitro/operator/NitroParquetScanOperator$$Lambda.0x00000000480864e8.apply;org/weakref/nitro/parquet/ParquetFile.open;org/weakref/nitro/parquet/ParquetFile.<init>;org/apache/parquet/format/Util.readFileMetaData;org/apache/parquet/format/Util.readFileMetaData;org/apache/parquet/format/Util.read;org/apache/parquet/format/FileMetaData.read;org/apache/parquet/format/FileMetaData$FileMetaDataStandardScheme.read;org/apache/parquet/format/FileMetaData$FileMetaDataStandardScheme.read;org/apache/parquet/format/RowGroup.read;org/apache/parquet/format/RowGroup$RowGroupStandardScheme.read;org/apache/parquet/format/RowGroup$RowGroupStandardScheme.read;org/apache/parquet/format/ColumnChunk.read;org/apache/parquet/format/ColumnChunk$ColumnChunkStandardScheme.read;org/apache/parquet/format/ColumnChunk$ColumnChunkStandardScheme.read;org/apache/parquet/format/ColumnMetaData.read;org/apache/parquet/format/ColumnMetaData$ColumnMetaDataStandardScheme.read;org/apache/parquet/format/ColumnMetaData$ColumnMetaDataStandardScheme.read;org/apache/parquet/format/InterningProtocol.readI64;shaded/parquet/org/apache/thrift/protocol/TCompactProtocol.readI64;shaded/parquet/org/apache/thrift/protocol/TCompactProtocol.readVarint64;shaded/parquet/org/apache/thrift/protocol/TCompactProtocol.readByte;shaded/parquet/org/apache/thrift/transport/TTransport.readAll;shaded/parquet/org/apache/thrift/transport/TIOStreamTransport.read;org/weakref/nitro/parquet/ParquetFile$SegmentInputStream.read;java/lang/foreign/MemorySegment.copy;jdk/internal/foreign/AbstractMemorySegmentImpl.copy;jdk/internal/misc/ScopedMemoryAccess.copyMemory;jdk/internal/misc/ScopedMemoryAccess.copyMemoryInternal;jdk/internal/misc/Unsafe.copyMemory;jbyte_disjoint_arraycopy_stub 1
java/lang/Thread.run;java/lang/Thread.runWith;java/util/concurrent/ThreadPoolExecutor$Worker.run;java/util/concurrent/ThreadPoolExecutor.runWorker;java/util/concurrent/FutureTask.run;java/util/concurrent/Executors$RunnableAdapter.call;java/util/concurrent/FutureTask.run;org/openjdk/jmh/runner/BenchmarkHandler$BenchmarkTask.call;org/openjdk/jmh/runner/BenchmarkHandler$BenchmarkTask.call;java/lang/reflect/Method.invoke;jdk/internal/reflect/DirectMethodHandleAccessor.invoke;jdk/internal/reflect/DirectMethodHandleAccessor.invokeImpl;java/lang/invoke/LambdaForm$MH.0x0000000048061400.invokeExact_MT;java/lang/invoke/LambdaForm$MH.0x0000000048061000.invoke;java/lang/invoke/DirectMethodHandle$Holder.invokeSpecial;org/weakref/nitro/clickbench/jmh_generated/BenchmarkQueries_query43_jmhTest.query43_AverageTime;org/weakref/nitro/clickbench/jmh_generated/BenchmarkQueries_query43_jmhTest.query43_avgt_jmhStub;org/weakref/nitro/clickbench/BenchmarkQueries.query43;org/weakref/nitro/clickbench/ClickBenchHitsSupport.query43;org/weakref/nitro/clickbench/ClickBenchHitsSupport.clickBenchScan;org/weakref/nitro/operator/NitroParquetScanOperator.<init>;java/util/stream/ReferencePipeline.toArray;java/util/stream/AbstractPipeline.evaluateToArrayNode;java/util/stream/AbstractPipeline.evaluate;java/util/stream/AbstractPipeline.wrapAndCopyInto;java/util/stream/AbstractPipeline.copyInto;java/util/AbstractList$RandomAccessSpliterator.forEachRemaining;java/util/stream/ReferencePipeline$3$1.accept;org/weakref/nitro/operator/NitroParquetScanOperator$$Lambda.0x00000000480864e8.apply;org/weakref/nitro/parquet/ParquetFile.open;org/weakref/nitro/parquet/ParquetFile.<init>;org/apache/parquet/format/Util.readFileMetaData;org/apache/parquet/format/Util.readFileMetaData;org/apache/parquet/format/Util.read;org/apache/parquet/format/FileMetaData.read;org/apache/parquet/format/FileMetaData$FileMetaDataStandardScheme.read;org/apache/parquet/format/FileMetaData$FileMetaDataStandardScheme.read;org/apache/parquet/format/SchemaElement.read;org/apache/parquet/format/SchemaElement$SchemaElementStandardScheme.read;org/apache/parquet/format/SchemaElement$SchemaElementStandardScheme.read;org/apache/parquet/format/InterningProtocol.readFieldBegin;shaded/parquet/org/apache/thrift/protocol/TCompactProtocol.readFieldBegin 1
java/lang/Thread.run;java/lang/Thread.runWith;java/util/concurrent/ThreadPoolExecutor$Worker.run;java/util/concurrent/ThreadPoolExecutor.runWorker;java/util/concurrent/FutureTask.run;java/util/concurrent/Executors$RunnableAdapter.call;java/util/concurrent/FutureTask.run;org/openjdk/jmh/runner/BenchmarkHandler$BenchmarkTask.call;org/openjdk/jmh/runner/BenchmarkHandler$BenchmarkTask.call;java/lang/reflect/Method.invoke;jdk/internal/reflect/DirectMethodHandleAccessor.invoke;jdk/internal/reflect/DirectMethodHandleAccessor.invokeImpl;java/lang/invoke/LambdaForm$MH.0x0000000048061400.invokeExact_MT;java/lang/invoke/LambdaForm$MH.0x0000000048061000.invoke;java/lang/invoke/DirectMethodHandle$Holder.invokeSpecial;org/weakref/nitro/clickbench/jmh_generated/BenchmarkQueries_query43_jmhTest.query43_AverageTime;org/weakref/nitro/clickbench/jmh_generated/BenchmarkQueries_query43_jmhTest.query43_avgt_jmhStub;org/weakref/nitro/clickbench/BenchmarkQueries.query43;org/weakref/nitro/clickbench/ClickBenchHitsSupport.query43;org/weakref/nitro/clickbench/ClickBenchHitsSupport.clickBenchScan;org/weakref/nitro/operator/NitroParquetScanOperator.<init>;java/util/stream/ReferencePipeline.toArray;java/util/stream/AbstractPipeline.evaluateToArrayNode;java/util/stream/AbstractPipeline.evaluate;java/util/stream/AbstractPipeline.wrapAndCopyInto;java/util/stream/AbstractPipeline.copyInto;java/util/AbstractList$RandomAccessSpliterator.forEachRemaining;java/util/stream/ReferencePipeline$3$1.accept;org/weakref/nitro/operator/NitroParquetScanOperator$$Lambda.0x00000000480864e8.apply;org/weakref/nitro/parquet/ParquetFile.open;org/weakref/nitro/parquet/ParquetFile.<init>;org/apache/parquet/format/Util.readFileMetaData;org/apache/parquet/format/Util.readFileMetaData;org/apache/parquet/format/Util.read;org/apache/parquet/format/FileMetaData.read;org/apache/parquet/format/FileMetaData$FileMetaDataStandardScheme.read;org/apache/parquet/format/FileMetaData$FileMetaDataStandardScheme.read;org/apache/parquet/format/RowGroup.read;org/apache/parquet/format/RowGroup$RowGroupStandardScheme.read;org/apache/parquet/format/RowGroup$RowGroupStandardScheme.read;org/apache/parquet/format/ColumnChunk.read;org/apache/parquet/format/ColumnChunk$ColumnChunkStandardScheme.read;org/apache/parquet/format/ColumnChunk$ColumnChunkStandardScheme.read;org/apache/parquet/format/ColumnMetaData.read;org/apache/parquet/format/ColumnMetaData$ColumnMetaDataStandardScheme.read;org/apache/parquet/format/ColumnMetaData$ColumnMetaDataStandardScheme.read;org/apache/parquet/format/PageEncodingStats.read;org/apache/parquet/format/PageEncodingStats$PageEncodingStatsStandardScheme.read;org/apache/parquet/format/PageEncodingStats$PageEncodingStatsStandardScheme.read;org/apache/parquet/format/InterningProtocol.readFieldBegin;shaded/parquet/org/apache/thrift/protocol/TCompactProtocol.readFieldBegin;shaded/parquet/org/apache/thrift/protocol/TCompactProtocol.readByte 2
java/lang/Thread.run;java/lang/Thread.runWith;java/util/concurrent/ThreadPoolExecutor$Worker.run;java/util/concurrent/ThreadPoolExecutor.runWorker;java/util/concurrent/FutureTask.run;java/util/concurrent/Executors$RunnableAdapter.call;java/util/concurrent/FutureTask.run;org/openjdk/jmh/runner/BenchmarkHandler$BenchmarkTask.call;org/openjdk/jmh/runner/BenchmarkHandler$BenchmarkTask.call;java/lang/reflect/Method.invoke;jdk/internal/reflect/DirectMethodHandleAccessor.invoke;jdk/internal/reflect/DirectMethodHandleAccessor.invokeImpl;java/lang/invoke/LambdaForm$MH.0x0000000048061400.invokeExact_MT;java/lang/invoke/LambdaForm$MH.0x0000000048061000.invoke;java/lang/invoke/DirectMethodHandle$Holder.invokeSpecial;org/weakref/nitro/clickbench/jmh_generated/BenchmarkQueries_query43_jmhTest.query43_AverageTime;org/weakref/nitro/clickbench/jmh_generated/BenchmarkQueries_query43_jmhTest.query43_avgt_jmhStub;org/weakref/nitro/clickbench/BenchmarkQueries.query43;org/weakref/nitro/clickbench/BenchmarkQueries.consume;org/weakref/nitro/operator/OffsetOperator.hasNext;org/weakref/nitro/operator/OffsetOperator.skipFullyConsumedBatches;org/weakref/nitro/operator/TopNOperator.next;org/weakref/nitro/operator/TopNOperator.computeTopN;org/weakref/nitro/operator/GroupedAggregationOperator.next;org/weakref/nitro/operator/GroupedAggregationOperator.computeResults;org/weakref/nitro/operator/GroupOperator.next;org/weakref/nitro/operator/ProjectOperator.next;org/weakref/nitro/operator/FilterOperator.next;org/weakref/nitro/operator/evaluator/PlanEvaluator.evaluateInPlace;org/weakref/nitro/operator/evaluator/PlanEvaluator.evaluateTrueMaskInPlace;org/weakref/nitro/operator/evaluator/PlanEvaluator.evaluateAdaptiveAndTrueMaskInPlace;org/weakref/nitro/operator/evaluator/PlanEvaluator.orderTerms;java/util/ArrayList.sort;java/util/ArrayList.sortRange;java/util/Arrays.sort;java/util/TimSort.sort;java/util/TimSort.countRunAndMakeAscending;java/util/Comparator$$Lambda.0x0000000048168028.compare;java/util/Comparator.lambda$comparingDouble$8dcf42ea$1;org/weakref/nitro/operator/evaluator/PlanEvaluator$$Lambda.0x00000000481d3070.applyAsDouble;org/weakref/nitro/operator/evaluator/PlanEvaluator.lambda$orderTerms$0;org/weakref/nitro/operator/evaluator/PlanEvaluator.score;java/util/HashMap.get;java/util/HashMap.getNode;java/util/HashMap.hash;org/weakref/nitro/operator/evaluator/ir/AndMask.hashCode;java/lang/invoke/Invokers$Holder.linkToTargetMethod;java/lang/invoke/LambdaForm$MH.0x0000000048101c00.invoke;java/lang/invoke/LambdaForm$MH.0x0000000048101000.invoke;java/lang/invoke/DirectMethodHandle$Holder.invokeStatic;org/weakref/nitro/operator/evaluator/ir/AndMask$$HasherSpecializer.0x00000000481e6bd8.hasher0;java/util/ImmutableCollections$AbstractImmutableList.hashCode;java/util/Objects.hashCode;org/weakref/nitro/operator/evaluator/ir/AndMask.hashCode;java/lang/invoke/Invokers$Holder.linkToTargetMethod;java/lang/invoke/LambdaForm$MH.0x0000000048101c00.invoke;java/lang/invoke/LambdaForm$MH.0x0000000048101000.invoke;java/lang/invoke/DirectMethodHandle$Holder.invokeStatic;org/weakref/nitro/operator/evaluator/ir/AndMask$$HasherSpecializer.0x00000000481e6bd8.hasher0;java/util/ImmutableCollections$AbstractImmutableList.hashCode;java/util/Objects.hashCode;org/weakref/nitro/operator/evaluator/ir/AndMask.hashCode;java/lang/invoke/Invokers$Holder.linkToTargetMethod;java/lang/invoke/LambdaForm$MH.0x0000000048101c00.invoke;java/lang/invoke/LambdaForm$MH.0x0000000048101000.invoke;java/lang/invoke/DirectMethodHandle$Holder.invokeStatic;org/weakref/nitro/operator/evaluator/ir/AndMask$$HasherSpecializer.0x00000000481e6bd8.hasher0;java/util/ImmutableCollections$AbstractImmutableList.hashCode;java/util/Objects.hashCode;org/weakref/nitro/operator/evaluator/ir/ReferenceMask.hashCode;java/lang/invoke/Invokers$Holder.linkToTargetMethod;java/lang/invoke/LambdaForm$MH.0x0000000048101c00.invoke;java/lang/invoke/LambdaForm$MH.0x0000000048102000.invoke;java/lang/invoke/DelegatingMethodHandle$Holder.delegate;java/lang/invoke/DirectMethodHandle$Holder.invokeSpecial;org/weakref/nitro/operator/evaluator/ir/Reference.hashCode;java/lang/invoke/Invokers$Holder.linkToTargetMethod;java/lang/invoke/LambdaForm$MH.0x0000000048101c00.invoke;java/lang/invoke/LambdaForm$MH.0x0000000048101c00.invoke;java/lang/invoke/LambdaForm$MH.0x0000000048101000.invoke;java/lang/invoke/DirectMethodHandle$Holder.invokeStatic;org/weakref/nitro/operator/evaluator/ir/Reference$$HasherSpecializer.0x00000000481e4460.hasher0;org/weakref/nitro/operator/evaluator/ir/Variable.hashCode;java/lang/invoke/Invokers$Holder.linkToTargetMethod 1
java/lang/Thread.run;java/lang/Thread.runWith;java/util/concurrent/ThreadPoolExecutor$Worker.run;java/util/concurrent/ThreadPoolExecutor.runWorker;java/util/concurrent/FutureTask.run;java/util/concurrent/Executors$RunnableAdapter.call;java/util/concurrent/FutureTask.run;org/openjdk/jmh/runner/BenchmarkHandler$BenchmarkTask.call;org/openjdk/jmh/runner/BenchmarkHandler$BenchmarkTask.call;java/lang/reflect/Method.invoke;jdk/internal/reflect/DirectMethodHandleAccessor.invoke;jdk/internal/reflect/DirectMethodHandleAccessor.invokeImpl;java/lang/invoke/LambdaForm$MH.0x0000000048061400.invokeExact_MT;java/lang/invoke/LambdaForm$MH.0x0000000048061000.invoke;java/lang/invoke/DirectMethodHandle$Holder.invokeSpecial;org/weakref/nitro/clickbench/jmh_generated/BenchmarkQueries_query43_jmhTest.query43_AverageTime;org/weakref/nitro/clickbench/jmh_generated/BenchmarkQueries_query43_jmhTest.query43_avgt_jmhStub;org/weakref/nitro/clickbench/BenchmarkQueries.query43;org/weakref/nitro/clickbench/BenchmarkQueries.consume;org/weakref/nitro/operator/OffsetOperator.hasNext;org/weakref/nitro/operator/OffsetOperator.skipFullyConsumedBatches;org/weakref/nitro/operator/TopNOperator.next;org/weakref/nitro/operator/TopNOperator.computeTopN;org/weakref/nitro/operator/GroupedAggregationOperator.next;org/weakref/nitro/operator/GroupedAggregationOperator.computeResults;org/weakref/nitro/operator/GroupOperator.next;org/weakref/nitro/operator/ProjectOperator.next;org/weakref/nitro/operator/FilterOperator.next;org/weakref/nitro/operator/evaluator/PlanEvaluator.evaluateInPlace;org/weakref/nitro/operator/evaluator/PlanEvaluator.evaluateTrueMaskInPlace;org/weakref/nitro/operator/evaluator/PlanEvaluator.evaluateAdaptiveAndTrueMaskInPlace;org/weakref/nitro/operator/evaluator/PlanEvaluator.evaluateMeasuredTrueMaskInPlace;org/weakref/nitro/operator/evaluator/PlanEvaluator.evaluateTrueMaskInPlace;org/weakref/nitro/operator/evaluator/PlanEvaluator.evaluateAdaptiveAndTrueMaskInPlace;org/weakref/nitro/operator/evaluator/PlanEvaluator.evaluateMeasuredTrueMaskInPlace;org/weakref/nitro/operator/evaluator/PlanEvaluator.evaluateTrueMaskInPlace;org/weakref/nitro/operator/evaluator/PlanEvaluator.tryEvaluatePrimitiveTrueMaskInPlace;org/weakref/nitro/operator/evaluator/PlanEvaluator.tryEvaluatePrimitiveMaskInPlace;org/weakref/nitro/operator/evaluator/PlanEvaluator.resolveMaskPrimitiveInvocation;org/weakref/nitro/operator/evaluator/PlanEvaluator.evaluateArgument;org/weakref/nitro/operator/FilterOperator$1.resolve;org/weakref/nitro/operator/Output.borrowOrNull;org/weakref/nitro/operator/Output.borrow;org/weakref/nitro/operator/Output.borrow;org/weakref/nitro/operator/NitroParquetScanOperator$ScanOutputResolver$$Lambda.0x00000000480aba90.apply;org/weakref/nitro/operator/NitroParquetScanOperator$ScanOutputResolver.resolve;org/weakref/nitro/operator/NitroParquetScanOperator.resolveLazyColumn 1
java/lang/Thread.run;java/lang/Thread.runWith;java/util/concurrent/ThreadPoolExecutor$Worker.run;java/util/concurrent/ThreadPoolExecutor.runWorker;java/util/concurrent/FutureTask.run;java/util/concurrent/Executors$RunnableAdapter.call;java/util/concurrent/FutureTask.run;org/openjdk/jmh/runner/BenchmarkHandler$BenchmarkTask.call;org/openjdk/jmh/runner/BenchmarkHandler$BenchmarkTask.call;java/lang/reflect/Method.invoke;jdk/internal/reflect/DirectMethodHandleAccessor.invoke;jdk/internal/reflect/DirectMethodHandleAccessor.invokeImpl;java/lang/invoke/LambdaForm$MH.0x0000000048061400.invokeExact_MT;java/lang/invoke/LambdaForm$MH.0x0000000048061000.invoke;java/lang/invoke/DirectMethodHandle$Holder.invokeSpecial;org/weakref/nitro/clickbench/jmh_generated/BenchmarkQueries_query43_jmhTest.query43_AverageTime;org/weakref/nitro/clickbench/jmh_generated/BenchmarkQueries_query43_jmhTest.query43_avgt_jmhStub;org/weakref/nitro/clickbench/BenchmarkQueries.query43;org/weakref/nitro/clickbench/BenchmarkQueries.consume;org/weakref/nitro/operator/OffsetOperator.hasNext;org/weakref/nitro/operator/OffsetOperator.skipFullyConsumedBatches;org/weakref/nitro/operator/TopNOperator.next;org/weakref/nitro/operator/TopNOperator.computeTopN;org/weakref/nitro/operator/GroupedAggregationOperator.next;org/weakref/nitro/operator/GroupedAggregationOperator.computeResults;org/weakref/nitro/operator/GroupOperator.next;org/weakref/nitro/operator/ProjectOperator.next;org/weakref/nitro/operator/FilterOperator.next;org/weakref/nitro/operator/evaluator/PlanEvaluator.evaluateInPlace;org/weakref/nitro/operator/evaluator/PlanEvaluator.evaluateTrueMaskInPlace;org/weakref/nitro/operator/evaluator/PlanEvaluator.evaluateAdaptiveAndTrueMaskInPlace;org/weakref/nitro/operator/evaluator/PlanEvaluator.evaluateMeasuredTrueMaskInPlace;org/weakref/nitro/operator/evaluator/PlanEvaluator.evaluateTrueMaskInPlace;org/weakref/nitro/operator/evaluator/PlanEvaluator.tryEvaluatePrimitiveTrueMaskInPlace;org/weakref/nitro/operator/evaluator/PlanEvaluator.tryEvaluatePrimitiveMaskInPlace;org/weakref/nitro/function/scalar/builtin/EqualI64.tryEvaluateTrueMaskInPlace;org/weakref/nitro/function/scalar/builtin/LongComparisonMaskSupport.tryEvaluateTrueMaskInPlace;org/weakref/nitro/function/scalar/builtin/LongComparisonMaskSupport.tryConstantComparisonInPlace;org/weakref/nitro/function/scalar/builtin/LongComparisonMaskSupport.singleRunLong;oop_disjoint_arraycopy_stub 2
java/lang/Thread.run;java/lang/Thread.runWith;java/util/concurrent/ThreadPoolExecutor$Worker.run;java/util/concurrent/ThreadPoolExecutor.runWorker;java/util/concurrent/FutureTask.run;java/util/concurrent/Executors$RunnableAdapter.call;java/util/concurrent/FutureTask.run;org/openjdk/jmh/runner/BenchmarkHandler$BenchmarkTask.call;org/openjdk/jmh/runner/BenchmarkHandler$BenchmarkTask.call;java/lang/reflect/Method.invoke;jdk/internal/reflect/DirectMethodHandleAccessor.invoke;jdk/internal/reflect/DirectMethodHandleAccessor.invokeImpl;java/lang/invoke/LambdaForm$MH.0x0000000048061400.invokeExact_MT;java/lang/invoke/LambdaForm$MH.0x0000000048061000.invoke;java/lang/invoke/DirectMethodHandle$Holder.invokeSpecial;org/weakref/nitro/clickbench/jmh_generated/BenchmarkQueries_query43_jmhTest.query43_AverageTime;org/weakref/nitro/clickbench/jmh_generated/BenchmarkQueries_query43_jmhTest.query43_avgt_jmhStub;org/weakref/nitro/clickbench/BenchmarkQueries.query43;org/weakref/nitro/clickbench/BenchmarkQueries.consume;org/weakref/nitro/operator/OffsetOperator.hasNext;org/weakref/nitro/operator/OffsetOperator.skipFullyConsumedBatches;org/weakref/nitro/operator/TopNOperator.next;org/weakref/nitro/operator/TopNOperator.computeTopN;org/weakref/nitro/operator/GroupedAggregationOperator.next;org/weakref/nitro/operator/GroupedAggregationOperator.computeResults;org/weakref/nitro/operator/GroupOperator.next;org/weakref/nitro/operator/ProjectOperator.next;org/weakref/nitro/operator/FilterOperator.next;org/weakref/nitro/operator/NitroParquetScanOperator.next;org/weakref/nitro/operator/NitroParquetScanOperator.lazyBatch;org/weakref/nitro/data/Allocator.allocateAllMask;org/weakref/nitro/data/Allocator$ContextState.trackMask;org/weakref/nitro/data/Allocator$Stats.acquire 1
java/lang/Thread.run;java/lang/Thread.runWith;java/util/concurrent/ThreadPoolExecutor$Worker.run;java/util/concurrent/ThreadPoolExecutor.runWorker;java/util/concurrent/FutureTask.run;java/util/concurrent/Executors$RunnableAdapter.call;java/util/concurrent/FutureTask.run;org/openjdk/jmh/runner/BenchmarkHandler$BenchmarkTask.call;org/openjdk/jmh/runner/BenchmarkHandler$BenchmarkTask.call;java/lang/reflect/Method.invoke;jdk/internal/reflect/DirectMethodHandleAccessor.invoke;jdk/internal/reflect/DirectMethodHandleAccessor.invokeImpl;java/lang/invoke/LambdaForm$MH.0x0000000048061400.invokeExact_MT;java/lang/invoke/LambdaForm$MH.0x0000000048061000.invoke;java/lang/invoke/DirectMethodHandle$Holder.invokeSpecial;org/weakref/nitro/clickbench/jmh_generated/BenchmarkQueries_query43_jmhTest.query43_AverageTime;org/weakref/nitro/clickbench/jmh_generated/BenchmarkQueries_query43_jmhTest.query43_avgt_jmhStub;org/weakref/nitro/clickbench/BenchmarkQueries.query43;org/weakref/nitro/clickbench/BenchmarkQueries.consume;org/weakref/nitro/operator/OffsetOperator.hasNext;org/weakref/nitro/operator/OffsetOperator.skipFullyConsumedBatches;org/weakref/nitro/operator/TopNOperator.next;org/weakref/nitro/operator/TopNOperator.computeTopN;org/weakref/nitro/operator/GroupedAggregationOperator.next;org/weakref/nitro/operator/GroupedAggregationOperator.computeResults;org/weakref/nitro/operator/Output.borrow;org/weakref/nitro/operator/GroupOperator$$Lambda.0x00000000481e38d0.apply;org/weakref/nitro/operator/GroupOperator.lambda$next$0;org/weakref/nitro/operator/GroupOperator.groupIds;org/weakref/nitro/operator/GroupOperator.doGroupingIfNeeded;org/weakref/nitro/operator/Output.borrow;org/weakref/nitro/operator/ProjectOperator$$Lambda.0x00000000481e76d8.apply;org/weakref/nitro/operator/ProjectOperator.lambda$next$4;org/weakref/nitro/operator/ProjectOperator.evaluateOutput;java/util/HashMap.computeIfAbsent;org/weakref/nitro/operator/ProjectOperator$$Lambda.0x00000000481ea4e8.apply;org/weakref/nitro/operator/ProjectOperator.lambda$evaluateOutput$0;org/weakref/nitro/operator/ProjectOperator.evaluateBundle;org/weakref/nitro/operator/evaluator/PlanEvaluator.evaluate;org/weakref/nitro/operator/evaluator/PlanEvaluator.evaluateUnmemoized;org/weakref/nitro/operator/evaluator/PlanEvaluator.evaluateVariable;org/weakref/nitro/operator/evaluator/PlanEvaluator.evaluateCall;org/weakref/nitro/operator/evaluator/PlanEvaluator.evaluateArgument;org/weakref/nitro/operator/evaluator/PlanEvaluator.evaluate;org/weakref/nitro/operator/evaluator/PlanEvaluator.evaluateUnmemoized;org/weakref/nitro/operator/evaluator/PlanEvaluator.evaluateVariable;org/weakref/nitro/operator/evaluator/PlanEvaluator.evaluateCall;org/weakref/nitro/operator/evaluator/PlanEvaluator.evaluateArgument;org/weakref/nitro/operator/evaluator/PlanEvaluator.evaluate;org/weakref/nitro/operator/evaluator/PlanEvaluator.evaluateUnmemoized;org/weakref/nitro/operator/evaluator/PlanEvaluator.evaluateVariable;org/weakref/nitro/operator/evaluator/PlanEvaluator.evaluateLiteral;org/weakref/nitro/operator/evaluator/PlanEvaluator.fillLongRle;org/weakref/nitro/data/Allocator.allocate;org/weakref/nitro/data/Allocator$ContextState.trackVector;java/util/HashMap.merge;org/weakref/nitro/data/Allocator$ContextState$$Lambda.0x00000000481d6000.apply 1
java/lang/Thread.run;java/lang/Thread.runWith;java/util/concurrent/ThreadPoolExecutor$Worker.run;java/util/concurrent/ThreadPoolExecutor.runWorker;java/util/concurrent/FutureTask.run;java/util/concurrent/Executors$RunnableAdapter.call;java/util/concurrent/FutureTask.run;org/openjdk/jmh/runner/BenchmarkHandler$BenchmarkTask.call;org/openjdk/jmh/runner/BenchmarkHandler$BenchmarkTask.call;java/lang/reflect/Method.invoke;jdk/internal/reflect/DirectMethodHandleAccessor.invoke;jdk/internal/reflect/DirectMethodHandleAccessor.invokeImpl;java/lang/invoke/LambdaForm$MH.0x0000000048061400.invokeExact_MT;java/lang/invoke/LambdaForm$MH.0x0000000048061000.invoke;java/lang/invoke/DirectMethodHandle$Holder.invokeSpecial;org/weakref/nitro/clickbench/jmh_generated/BenchmarkQueries_query43_jmhTest.query43_AverageTime;org/weakref/nitro/clickbench/jmh_generated/BenchmarkQueries_query43_jmhTest.query43_avgt_jmhStub;org/weakref/nitro/clickbench/BenchmarkQueries.query43;org/weakref/nitro/clickbench/BenchmarkQueries.consume;org/weakref/nitro/operator/OffsetOperator.hasNext;org/weakref/nitro/operator/OffsetOperator.skipFullyConsumedBatches;org/weakref/nitro/operator/TopNOperator.next;org/weakref/nitro/operator/TopNOperator.computeTopN;org/weakref/nitro/operator/GroupedAggregationOperator.next;org/weakref/nitro/operator/GroupedAggregationOperator.computeResults;org/weakref/nitro/operator/GroupOperator.next;org/weakref/nitro/operator/ProjectOperator.next;org/weakref/nitro/operator/FilterOperator.next;org/weakref/nitro/operator/evaluator/PlanEvaluator.evaluateInPlace;org/weakref/nitro/operator/evaluator/PlanEvaluator.evaluateTrueMaskInPlace;org/weakref/nitro/operator/evaluator/PlanEvaluator.evaluateAdaptiveAndTrueMaskInPlace;org/weakref/nitro/operator/evaluator/PlanEvaluator.evaluateMeasuredTrueMaskInPlace;org/weakref/nitro/operator/evaluator/PlanEvaluator.evaluateTrueMaskInPlace;org/weakref/nitro/operator/evaluator/PlanEvaluator.tryEvaluatePrimitiveTrueMaskInPlace;org/weakref/nitro/operator/evaluator/PlanEvaluator.tryEvaluatePrimitiveMaskInPlace;org/weakref/nitro/function/scalar/builtin/EqualI64.tryEvaluateTrueMaskInPlace;org/weakref/nitro/function/scalar/builtin/LongComparisonMaskSupport.tryEvaluateTrueMaskInPlace;org/weakref/nitro/function/scalar/builtin/LongComparisonMaskSupport.tryConstantComparisonInPlace;org/weakref/nitro/function/scalar/builtin/LongComparisonMaskSupport.applyConstantComparison;org/weakref/nitro/data/Mask.retainConstantComparison;org/weakref/nitro/data/Mask.retainConstantComparison 1
java/lang/Thread.run;java/lang/Thread.runWith;java/util/concurrent/ThreadPoolExecutor$Worker.run;java/util/concurrent/ThreadPoolExecutor.runWorker;java/util/concurrent/FutureTask.run;java/util/concurrent/Executors$RunnableAdapter.call;java/util/concurrent/FutureTask.run;org/openjdk/jmh/runner/BenchmarkHandler$BenchmarkTask.call;org/openjdk/jmh/runner/BenchmarkHandler$BenchmarkTask.call;java/lang/reflect/Method.invoke;jdk/internal/reflect/DirectMethodHandleAccessor.invoke;jdk/internal/reflect/DirectMethodHandleAccessor.invokeImpl;java/lang/invoke/LambdaForm$MH.0x0000000048061400.invokeExact_MT;java/lang/invoke/LambdaForm$MH.0x0000000048061000.invoke;java/lang/invoke/DirectMethodHandle$Holder.invokeSpecial;org/weakref/nitro/clickbench/jmh_generated/BenchmarkQueries_query43_jmhTest.query43_AverageTime;org/weakref/nitro/clickbench/jmh_generated/BenchmarkQueries_query43_jmhTest.query43_avgt_jmhStub;org/weakref/nitro/clickbench/BenchmarkQueries.query43;org/weakref/nitro/clickbench/BenchmarkQueries.consume;org/weakref/nitro/operator/OffsetOperator.hasNext;org/weakref/nitro/operator/OffsetOperator.skipFullyConsumedBatches;org/weakref/nitro/operator/TopNOperator.next;org/weakref/nitro/operator/TopNOperator.computeTopN;org/weakref/nitro/operator/GroupedAggregationOperator.next;org/weakref/nitro/operator/GroupedAggregationOperator.computeResults;org/weakref/nitro/operator/GroupOperator.next;org/weakref/nitro/operator/ProjectOperator.next;org/weakref/nitro/operator/FilterOperator.next;org/weakref/nitro/operator/evaluator/PlanEvaluator.evaluateInPlace;org/weakref/nitro/operator/evaluator/PlanEvaluator.evaluateTrueMaskInPlace;org/weakref/nitro/operator/evaluator/PlanEvaluator.evaluateAdaptiveAndTrueMaskInPlace;org/weakref/nitro/operator/evaluator/PlanEvaluator.evaluateMeasuredTrueMaskInPlace;org/weakref/nitro/operator/evaluator/PlanEvaluator.evaluateTrueMaskInPlace;org/weakref/nitro/operator/evaluator/PlanEvaluator.evaluateAdaptiveAndTrueMaskInPlace;org/weakref/nitro/operator/evaluator/PlanEvaluator.evaluateMeasuredTrueMaskInPlace;org/weakref/nitro/operator/evaluator/PlanEvaluator.evaluateTrueMaskInPlace;org/weakref/nitro/operator/evaluator/PlanEvaluator.tryEvaluatePrimitiveTrueMaskInPlace;org/weakref/nitro/operator/evaluator/PlanEvaluator.tryEvaluatePrimitiveMaskInPlace;org/weakref/nitro/operator/evaluator/PlanEvaluator.resolveMaskPrimitiveInvocation;java/util/ArrayList.add 1
java/lang/Thread.run;java/lang/Thread.runWith;java/util/concurrent/ThreadPoolExecutor$Worker.run;java/util/concurrent/ThreadPoolExecutor.runWorker;java/util/concurrent/FutureTask.run;java/util/concurrent/Executors$RunnableAdapter.call;java/util/concurrent/FutureTask.run;org/openjdk/jmh/runner/BenchmarkHandler$BenchmarkTask.call;org/openjdk/jmh/runner/BenchmarkHandler$BenchmarkTask.call;java/lang/reflect/Method.invoke;jdk/internal/reflect/DirectMethodHandleAccessor.invoke;jdk/internal/reflect/DirectMethodHandleAccessor.invokeImpl;java/lang/invoke/LambdaForm$MH.0x0000000048061400.invokeExact_MT;java/lang/invoke/LambdaForm$MH.0x0000000048061000.invoke;java/lang/invoke/DirectMethodHandle$Holder.invokeSpecial;org/weakref/nitro/clickbench/jmh_generated/BenchmarkQueries_query43_jmhTest.query43_AverageTime;org/weakref/nitro/clickbench/jmh_generated/BenchmarkQueries_query43_jmhTest.query43_avgt_jmhStub;org/weakref/nitro/clickbench/BenchmarkQueries.query43;org/weakref/nitro/clickbench/BenchmarkQueries.consume;org/weakref/nitro/operator/OffsetOperator.hasNext;org/weakref/nitro/operator/OffsetOperator.skipFullyConsumedBatches;org/weakref/nitro/operator/TopNOperator.next;org/weakref/nitro/operator/TopNOperator.computeTopN;org/weakref/nitro/operator/GroupedAggregationOperator.next;org/weakref/nitro/operator/GroupedAggregationOperator.computeResults;org/weakref/nitro/operator/GroupOperator.next;org/weakref/nitro/operator/ProjectOperator.next;org/weakref/nitro/operator/FilterOperator.next;org/weakref/nitro/operator/evaluator/PlanEvaluator.evaluateInPlace;org/weakref/nitro/operator/evaluator/PlanEvaluator.evaluateTrueMaskInPlace;org/weakref/nitro/operator/evaluator/PlanEvaluator.evaluateAdaptiveAndTrueMaskInPlace;org/weakref/nitro/operator/evaluator/PlanEvaluator.evaluateMeasuredTrueMaskInPlace;org/weakref/nitro/operator/evaluator/PlanEvaluator.evaluateTrueMaskInPlace;org/weakref/nitro/operator/evaluator/PlanEvaluator.evaluateAdaptiveAndTrueMaskInPlace;org/weakref/nitro/operator/evaluator/PlanEvaluator.orderTerms;java/util/ArrayList.sort;java/util/ArrayList.sortRange;java/util/Arrays.sort;java/util/TimSort.sort;java/util/TimSort.countRunAndMakeAscending;java/util/Comparator$$Lambda.0x0000000048168028.compare;java/util/Comparator.lambda$comparingDouble$8dcf42ea$1;org/weakref/nitro/operator/evaluator/PlanEvaluator$$Lambda.0x00000000481d3070.applyAsDouble;org/weakref/nitro/operator/evaluator/PlanEvaluator.lambda$orderTerms$0;org/weakref/nitro/operator/evaluator/PlanEvaluator.score;java/util/HashMap.get;java/util/HashMap.getNode;java/util/HashMap.hash;org/weakref/nitro/operator/evaluator/ir/AndMask.hashCode;java/lang/invoke/Invokers$Holder.linkToTargetMethod;java/lang/invoke/LambdaForm$MH.0x0000000048101c00.invoke;java/lang/invoke/LambdaForm$MH.0x0000000048101000.invoke;java/lang/invoke/DirectMethodHandle$Holder.invokeStatic;org/weakref/nitro/operator/evaluator/ir/AndMask$$HasherSpecializer.0x00000000481e6bd8.hasher0;java/util/ImmutableCollections$AbstractImmutableList.hashCode;java/util/Objects.hashCode;org/weakref/nitro/operator/evaluator/ir/AndMask.hashCode;java/lang/invoke/Invokers$Holder.linkToTargetMethod;java/lang/invoke/LambdaForm$MH.0x0000000048101c00.invoke;java/lang/invoke/LambdaForm$MH.0x0000000048101000.invoke;java/lang/invoke/DirectMethodHandle$Holder.invokeStatic;org/weakref/nitro/operator/evaluator/ir/AndMask$$HasherSpecializer.0x00000000481e6bd8.hasher0;java/util/ImmutableCollections$AbstractImmutableList.hashCode;java/util/Objects.hashCode;org/weakref/nitro/operator/evaluator/ir/ReferenceMask.hashCode;java/lang/invoke/Invokers$Holder.linkToTargetMethod;java/lang/invoke/LambdaForm$MH.0x0000000048101c00.invoke;java/lang/invoke/LambdaForm$MH.0x0000000048102000.invoke;java/lang/invoke/DelegatingMethodHandle$Holder.delegate;java/lang/invoke/DirectMethodHandle$Holder.invokeSpecial;org/weakref/nitro/operator/evaluator/ir/Reference.hashCode;java/lang/invoke/Invokers$Holder.linkToTargetMethod;java/lang/invoke/LambdaForm$MH.0x0000000048101c00.invoke;java/lang/invoke/LambdaForm$MH.0x0000000048101c00.invoke;java/lang/invoke/LambdaForm$MH.0x0000000048101000.invoke;java/lang/invoke/DirectMethodHandle$Holder.invokeStatic;org/weakref/nitro/operator/evaluator/ir/Reference$$HasherSpecializer.0x00000000481e4460.hasher0;org/weakref/nitro/operator/evaluator/ir/Variable.hashCode;java/lang/invoke/Invokers$Holder.linkToTargetMethod;java/lang/invoke/LambdaForm$MH.0x0000000048101c00.invoke;java/lang/invoke/LambdaForm$MH.0x00000000481c0400.invoke 1
java/lang/Thread.run;java/lang/Thread.runWith;java/util/concurrent/ThreadPoolExecutor$Worker.run;java/util/concurrent/ThreadPoolExecutor.runWorker;java/util/concurrent/FutureTask.run;java/util/concurrent/Executors$RunnableAdapter.call;java/util/concurrent/FutureTask.run;org/openjdk/jmh/runner/BenchmarkHandler$BenchmarkTask.call;org/openjdk/jmh/runner/BenchmarkHandler$BenchmarkTask.call;java/lang/reflect/Method.invoke;jdk/internal/reflect/DirectMethodHandleAccessor.invoke;jdk/internal/reflect/DirectMethodHandleAccessor.invokeImpl;java/lang/invoke/LambdaForm$MH.0x0000000048061400.invokeExact_MT;java/lang/invoke/LambdaForm$MH.0x0000000048061000.invoke;java/lang/invoke/DirectMethodHandle$Holder.invokeSpecial;org/weakref/nitro/clickbench/jmh_generated/BenchmarkQueries_query43_jmhTest.query43_AverageTime;org/weakref/nitro/clickbench/jmh_generated/BenchmarkQueries_query43_jmhTest.query43_avgt_jmhStub;org/weakref/nitro/clickbench/BenchmarkQueries.query43;org/weakref/nitro/clickbench/ClickBenchHitsSupport.query43;org/weakref/nitro/clickbench/ClickBenchHitsSupport.clickBenchScan;org/weakref/nitro/operator/NitroParquetScanOperator.<init>;java/util/stream/ReferencePipeline.toArray;java/util/stream/AbstractPipeline.evaluateToArrayNode;java/util/stream/AbstractPipeline.evaluate;java/util/stream/AbstractPipeline.wrapAndCopyInto;java/util/stream/AbstractPipeline.copyInto;java/util/AbstractList$RandomAccessSpliterator.forEachRemaining;java/util/stream/ReferencePipeline$3$1.accept;org/weakref/nitro/operator/NitroParquetScanOperator$$Lambda.0x00000000480864e8.apply;org/weakref/nitro/parquet/ParquetFile.open;org/weakref/nitro/parquet/ParquetFile.<init>;org/apache/parquet/format/Util.readFileMetaData;org/apache/parquet/format/Util.readFileMetaData;org/apache/parquet/format/Util.read;org/apache/parquet/format/FileMetaData.read;org/apache/parquet/format/FileMetaData$FileMetaDataStandardScheme.read;org/apache/parquet/format/FileMetaData$FileMetaDataStandardScheme.read;org/apache/parquet/format/RowGroup.read;org/apache/parquet/format/RowGroup$RowGroupStandardScheme.read;org/apache/parquet/format/RowGroup$RowGroupStandardScheme.read;org/apache/parquet/format/ColumnChunk.read;org/apache/parquet/format/ColumnChunk$ColumnChunkStandardScheme.read;org/apache/parquet/format/ColumnChunk$ColumnChunkStandardScheme.read;org/apache/parquet/format/ColumnMetaData.read;org/apache/parquet/format/ColumnMetaData$ColumnMetaDataStandardScheme.read;org/apache/parquet/format/ColumnMetaData$ColumnMetaDataStandardScheme.read;org/apache/parquet/format/InterningProtocol.readListBegin;shaded/parquet/org/apache/thrift/protocol/TCompactProtocol.readListBegin;shaded/parquet/org/apache/thrift/protocol/TCompactProtocol.checkContainerReadLength 1
java/lang/Thread.run;java/lang/Thread.runWith;java/util/concurrent/ThreadPoolExecutor$Worker.run;java/util/concurrent/ThreadPoolExecutor.runWorker;java/util/concurrent/FutureTask.run;java/util/concurrent/Executors$RunnableAdapter.call;java/util/concurrent/FutureTask.run;org/openjdk/jmh/runner/BenchmarkHandler$BenchmarkTask.call;org/openjdk/jmh/runner/BenchmarkHandler$BenchmarkTask.call;java/lang/reflect/Method.invoke;jdk/internal/reflect/DirectMethodHandleAccessor.invoke;jdk/internal/reflect/DirectMethodHandleAccessor.invokeImpl;java/lang/invoke/LambdaForm$MH.0x0000000048061400.invokeExact_MT;java/lang/invoke/LambdaForm$MH.0x0000000048061000.invoke;java/lang/invoke/DirectMethodHandle$Holder.invokeSpecial;org/weakref/nitro/clickbench/jmh_generated/BenchmarkQueries_query43_jmhTest.query43_AverageTime;org/weakref/nitro/clickbench/jmh_generated/BenchmarkQueries_query43_jmhTest.query43_avgt_jmhStub;org/weakref/nitro/clickbench/BenchmarkQueries.query43;org/weakref/nitro/clickbench/BenchmarkQueries.consume;org/weakref/nitro/operator/OffsetOperator.hasNext;org/weakref/nitro/operator/OffsetOperator.skipFullyConsumedBatches;org/weakref/nitro/operator/TopNOperator.next;org/weakref/nitro/operator/TopNOperator.computeTopN;org/weakref/nitro/operator/GroupedAggregationOperator.next;org/weakref/nitro/operator/GroupedAggregationOperator.computeResults;org/weakref/nitro/operator/GroupOperator.next;org/weakref/nitro/operator/ProjectOperator.next;org/weakref/nitro/operator/FilterOperator.next;org/weakref/nitro/operator/evaluator/PlanEvaluator.evaluateInPlace;org/weakref/nitro/operator/evaluator/PlanEvaluator.evaluateTrueMaskInPlace;org/weakref/nitro/operator/evaluator/PlanEvaluator.evaluateAdaptiveAndTrueMaskInPlace;org/weakref/nitro/operator/evaluator/PlanEvaluator.evaluateMeasuredTrueMaskInPlace;org/weakref/nitro/operator/evaluator/PlanEvaluator.evaluateTrueMaskInPlace;org/weakref/nitro/operator/evaluator/PlanEvaluator.evaluateAdaptiveAndTrueMaskInPlace;org/weakref/nitro/operator/evaluator/PlanEvaluator.evaluateMeasuredTrueMaskInPlace;org/weakref/nitro/operator/evaluator/PlanEvaluator.evaluateTrueMaskInPlace;org/weakref/nitro/operator/evaluator/PlanEvaluator.tryEvaluatePrimitiveTrueMaskInPlace;org/weakref/nitro/operator/evaluator/PlanEvaluator.tryEvaluatePrimitiveMaskInPlace;org/weakref/nitro/operator/evaluator/PlanEvaluator.resolveMaskPrimitiveInvocation;org/weakref/nitro/operator/evaluator/PlanEvaluator.evaluateArgument;org/weakref/nitro/operator/FilterOperator$1.resolve;org/weakref/nitro/operator/Output.borrowOrNull;org/weakref/nitro/operator/Output.borrow;org/weakref/nitro/operator/Output.borrow;org/weakref/nitro/operator/NitroParquetScanOperator$ScanOutputResolver$$Lambda.0x00000000480aba90.apply;org/weakref/nitro/operator/NitroParquetScanOperator$ScanOutputResolver.resolve;org/weakref/nitro/operator/NitroParquetScanOperator.resolveLazyColumn;org/weakref/nitro/operator/NitroParquetScanOperator.decodeFullColumn;org/weakref/nitro/parquet/ColumnReader.readInts;org/weakref/nitro/parquet/ColumnReader.decodeNextDataPage;org/weakref/nitro/parquet/ColumnReader.readPageHeader;org/apache/parquet/format/Util.readPageHeader;org/apache/parquet/format/Util.readPageHeader;org/apache/parquet/format/Util.read;org/apache/parquet/format/PageHeader.read;org/apache/parquet/format/PageHeader$PageHeaderStandardScheme.read;org/apache/parquet/format/PageHeader$PageHeaderStandardScheme.read;org/apache/parquet/format/InterningProtocol.readFieldBegin;shaded/parquet/org/apache/thrift/protocol/TCompactProtocol.readFieldBegin;shaded/parquet/org/apache/thrift/protocol/TCompactProtocol.readByte;shaded/parquet/org/apache/thrift/transport/TTransport.readAll;shaded/parquet/org/apache/thrift/transport/TIOStreamTransport.read;org/weakref/nitro/parquet/ParquetFile$SegmentInputStream.read;java/lang/foreign/MemorySegment.copy;jdk/internal/foreign/AbstractMemorySegmentImpl.copy;jdk/internal/misc/ScopedMemoryAccess.copyMemory;jdk/internal/misc/ScopedMemoryAccess.copyMemoryInternal;jdk/internal/misc/Unsafe.copyMemory;jbyte_disjoint_arraycopy_stub;asm_exc_page_fault_[k];exc_page_fault_[k];do_user_addr_fault_[k];handle_mm_fault_[k];__handle_mm_fault_[k];handle_pte_fault_[k];do_fault_[k];do_read_fault_[k];filemap_map_pages_[k];next_uptodate_folio_[k] 3
java/lang/Thread.run;java/lang/Thread.runWith;java/util/concurrent/ThreadPoolExecutor$Worker.run;java/util/concurrent/ThreadPoolExecutor.runWorker;java/util/concurrent/FutureTask.run;java/util/concurrent/Executors$RunnableAdapter.call;java/util/concurrent/FutureTask.run;org/openjdk/jmh/runner/BenchmarkHandler$BenchmarkTask.call;org/openjdk/jmh/runner/BenchmarkHandler$BenchmarkTask.call;java/lang/reflect/Method.invoke;jdk/internal/reflect/DirectMethodHandleAccessor.invoke;jdk/internal/reflect/DirectMethodHandleAccessor.invokeImpl;java/lang/invoke/LambdaForm$MH.0x0000000048061400.invokeExact_MT;java/lang/invoke/LambdaForm$MH.0x0000000048061000.invoke;java/lang/invoke/DirectMethodHandle$Holder.invokeSpecial;org/weakref/nitro/clickbench/jmh_generated/BenchmarkQueries_query43_jmhTest.query43_AverageTime;org/weakref/nitro/clickbench/jmh_generated/BenchmarkQueries_query43_jmhTest.query43_avgt_jmhStub;org/weakref/nitro/clickbench/BenchmarkQueries.query43;org/weakref/nitro/clickbench/ClickBenchHitsSupport.query43;org/weakref/nitro/clickbench/ClickBenchHitsSupport.clickBenchScan;org/weakref/nitro/operator/NitroParquetScanOperator.<init>;java/util/stream/ReferencePipeline.toArray;java/util/stream/AbstractPipeline.evaluateToArrayNode;java/util/stream/AbstractPipeline.evaluate;java/util/stream/AbstractPipeline.wrapAndCopyInto;java/util/stream/AbstractPipeline.copyInto;java/util/AbstractList$RandomAccessSpliterator.forEachRemaining;java/util/stream/ReferencePipeline$3$1.accept;org/weakref/nitro/operator/NitroParquetScanOperator$$Lambda.0x00000000480864e8.apply;org/weakref/nitro/parquet/ParquetFile.open;org/weakref/nitro/parquet/ParquetFile.<init>;org/apache/parquet/format/Util.readFileMetaData;org/apache/parquet/format/Util.readFileMetaData;org/apache/parquet/format/Util.read;org/apache/parquet/format/FileMetaData.read;org/apache/parquet/format/FileMetaData$FileMetaDataStandardScheme.read;org/apache/parquet/format/FileMetaData$FileMetaDataStandardScheme.read;org/apache/parquet/format/RowGroup.read;org/apache/parquet/format/RowGroup$RowGroupStandardScheme.read;org/apache/parquet/format/RowGroup$RowGroupStandardScheme.read;org/apache/parquet/format/ColumnChunk.read;org/apache/parquet/format/ColumnChunk$ColumnChunkStandardScheme.read;org/apache/parquet/format/ColumnChunk$ColumnChunkStandardScheme.read;org/apache/parquet/format/InterningProtocol.readFieldBegin;shaded/parquet/org/apache/thrift/protocol/TCompactProtocol.readFieldBegin;shaded/parquet/org/apache/thrift/protocol/TCompactProtocol.readByte 2
java/lang/Thread.run;java/lang/Thread.runWith;java/util/concurrent/ThreadPoolExecutor$Worker.run;java/util/concurrent/ThreadPoolExecutor.runWorker;java/util/concurrent/FutureTask.run;java/util/concurrent/Executors$RunnableAdapter.call;java/util/concurrent/FutureTask.run;org/openjdk/jmh/runner/BenchmarkHandler$BenchmarkTask.call;org/openjdk/jmh/runner/BenchmarkHandler$BenchmarkTask.call;java/lang/reflect/Method.invoke;jdk/internal/reflect/DirectMethodHandleAccessor.invoke;jdk/internal/reflect/DirectMethodHandleAccessor.invokeImpl;java/lang/invoke/LambdaForm$MH.0x0000000048061400.invokeExact_MT;java/lang/invoke/LambdaForm$MH.0x0000000048061000.invoke;java/lang/invoke/DirectMethodHandle$Holder.invokeSpecial;org/weakref/nitro/clickbench/jmh_generated/BenchmarkQueries_query43_jmhTest.query43_AverageTime;org/weakref/nitro/clickbench/jmh_generated/BenchmarkQueries_query43_jmhTest.query43_avgt_jmhStub;org/weakref/nitro/clickbench/BenchmarkQueries.query43;org/weakref/nitro/clickbench/ClickBenchHitsSupport.query43;org/weakref/nitro/clickbench/ClickBenchHitsSupport.counterAndEventDateFilter;org/weakref/nitro/clickbench/ClickBenchHitsSupport.dateRange;org/weakref/nitro/clickbench/ClickBenchHitsSupport.eventDateLiteral;org/weakref/nitro/clickbench/ClickBenchHitsSupport.eventDateUsesEpochDays;org/apache/parquet/hadoop/ParquetFileReader.open;org/apache/parquet/hadoop/ParquetFileReader.<init>;org/apache/parquet/hadoop/ParquetFileReader.<init>;org/apache/parquet/hadoop/ParquetFileReader.readFooter;org/apache/parquet/hadoop/ParquetFileReader.readFooter;org/apache/parquet/io/LocalInputFile.getLength;java/io/RandomAccessFile.<init>;java/io/RandomAccessFile.<init>;java/io/RandomAccessFile.open;java/io/RandomAccessFile.open0;fileOpen;handleOpen;open;entry_SYSCALL_64_after_hwframe_[k];do_syscall_64_[k];x64_sys_call_[k];__x64_sys_openat_[k];do_sys_openat2_[k];do_filp_open_[k];path_openat_[k];do_open_[k];complete_walk_[k];try_to_unlazy_[k] 1
java/lang/Thread.run;java/lang/Thread.runWith;java/util/concurrent/ThreadPoolExecutor$Worker.run;java/util/concurrent/ThreadPoolExecutor.runWorker;java/util/concurrent/FutureTask.run;java/util/concurrent/Executors$RunnableAdapter.call;java/util/concurrent/FutureTask.run;org/openjdk/jmh/runner/BenchmarkHandler$BenchmarkTask.call;org/openjdk/jmh/runner/BenchmarkHandler$BenchmarkTask.call;java/lang/reflect/Method.invoke;jdk/internal/reflect/DirectMethodHandleAccessor.invoke;jdk/internal/reflect/DirectMethodHandleAccessor.invokeImpl;java/lang/invoke/LambdaForm$MH.0x0000000048061400.invokeExact_MT;java/lang/invoke/LambdaForm$MH.0x0000000048061000.invoke;java/lang/invoke/DirectMethodHandle$Holder.invokeSpecial;org/weakref/nitro/clickbench/jmh_generated/BenchmarkQueries_query43_jmhTest.query43_AverageTime;org/weakref/nitro/clickbench/jmh_generated/BenchmarkQueries_query43_jmhTest.query43_avgt_jmhStub;org/weakref/nitro/clickbench/BenchmarkQueries.query43;org/weakref/nitro/clickbench/ClickBenchHitsSupport.query43;org/weakref/nitro/clickbench/ClickBenchHitsSupport.clickBenchScan;org/weakref/nitro/operator/NitroParquetScanOperator.<init>;java/util/stream/ReferencePipeline.toArray;java/util/stream/AbstractPipeline.evaluateToArrayNode;java/util/stream/AbstractPipeline.evaluate;java/util/stream/AbstractPipeline.wrapAndCopyInto;java/util/stream/AbstractPipeline.copyInto;java/util/AbstractList$RandomAccessSpliterator.forEachRemaining;java/util/stream/ReferencePipeline$3$1.accept;org/weakref/nitro/operator/NitroParquetScanOperator$$Lambda.0x00000000480864e8.apply;org/weakref/nitro/parquet/ParquetFile.open;org/weakref/nitro/parquet/ParquetFile.<init>;org/apache/parquet/format/Util.readFileMetaData;org/apache/parquet/format/Util.readFileMetaData;org/apache/parquet/format/Util.read;org/apache/parquet/format/FileMetaData.read;org/apache/parquet/format/FileMetaData$FileMetaDataStandardScheme.read;org/apache/parquet/format/FileMetaData$FileMetaDataStandardScheme.read;org/apache/parquet/format/RowGroup.read;org/apache/parquet/format/RowGroup$RowGroupStandardScheme.read;org/apache/parquet/format/RowGroup$RowGroupStandardScheme.read;org/apache/parquet/format/ColumnChunk.read;org/apache/parquet/format/ColumnChunk$ColumnChunkStandardScheme.read;org/apache/parquet/format/ColumnChunk$ColumnChunkStandardScheme.read;org/apache/parquet/format/ColumnMetaData.read;org/apache/parquet/format/ColumnMetaData$ColumnMetaDataStandardScheme.read;org/apache/parquet/format/ColumnMetaData$ColumnMetaDataStandardScheme.read;org/apache/parquet/format/PageEncodingStats.read;org/apache/parquet/format/PageEncodingStats$PageEncodingStatsStandardScheme.read;org/apache/parquet/format/PageEncodingStats$PageEncodingStatsStandardScheme.read;org/apache/parquet/format/PageType.findByValue 1
java/lang/Thread.run;java/lang/Thread.runWith;java/util/concurrent/ThreadPoolExecutor$Worker.run;java/util/concurrent/ThreadPoolExecutor.runWorker;java/util/concurrent/FutureTask.run;java/util/concurrent/Executors$RunnableAdapter.call;java/util/concurrent/FutureTask.run;org/openjdk/jmh/runner/BenchmarkHandler$BenchmarkTask.call;org/openjdk/jmh/runner/BenchmarkHandler$BenchmarkTask.call;java/lang/reflect/Method.invoke;jdk/internal/reflect/DirectMethodHandleAccessor.invoke;jdk/internal/reflect/DirectMethodHandleAccessor.invokeImpl;java/lang/invoke/LambdaForm$MH.0x0000000048061400.invokeExact_MT;java/lang/invoke/LambdaForm$MH.0x0000000048061000.invoke;java/lang/invoke/DirectMethodHandle$Holder.invokeSpecial;org/weakref/nitro/clickbench/jmh_generated/BenchmarkQueries_query43_jmhTest.query43_AverageTime;org/weakref/nitro/clickbench/jmh_generated/BenchmarkQueries_query43_jmhTest.query43_avgt_jmhStub;org/weakref/nitro/clickbench/BenchmarkQueries.query43;org/weakref/nitro/clickbench/BenchmarkQueries.consume;org/weakref/nitro/operator/OffsetOperator.hasNext;org/weakref/nitro/operator/OffsetOperator.skipFullyConsumedBatches;org/weakref/nitro/operator/TopNOperator.next;org/weakref/nitro/operator/TopNOperator.computeTopN;org/weakref/nitro/operator/GroupedAggregationOperator.next;org/weakref/nitro/operator/GroupedAggregationOperator.computeResults;org/weakref/nitro/operator/GroupOperator.next;org/weakref/nitro/operator/ProjectOperator.next;org/weakref/nitro/operator/FilterOperator.next;org/weakref/nitro/operator/evaluator/PlanEvaluator.resetForReuse;org/weakref/nitro/data/Allocator.releaseIfPresent;org/weakref/nitro/data/Allocator$ContextState.release;org/weakref/nitro/data/Allocator$ContextState.addVectorToPool;org/weakref/nitro/data/I64Vector.retainedBytes 1
java/lang/Thread.run;java/lang/Thread.runWith;java/util/concurrent/ThreadPoolExecutor$Worker.run;java/util/concurrent/ThreadPoolExecutor.runWorker;java/util/concurrent/FutureTask.run;java/util/concurrent/Executors$RunnableAdapter.call;java/util/concurrent/FutureTask.run;org/openjdk/jmh/runner/BenchmarkHandler$BenchmarkTask.call;org/openjdk/jmh/runner/BenchmarkHandler$BenchmarkTask.call;java/lang/reflect/Method.invoke;jdk/internal/reflect/DirectMethodHandleAccessor.invoke;jdk/internal/reflect/DirectMethodHandleAccessor.invokeImpl;java/lang/invoke/LambdaForm$MH.0x0000000048061400.invokeExact_MT;java/lang/invoke/LambdaForm$MH.0x0000000048061000.invoke;java/lang/invoke/DirectMethodHandle$Holder.invokeSpecial;org/weakref/nitro/clickbench/jmh_generated/BenchmarkQueries_query43_jmhTest.query43_AverageTime;org/weakref/nitro/clickbench/jmh_generated/BenchmarkQueries_query43_jmhTest.query43_avgt_jmhStub;org/weakref/nitro/clickbench/BenchmarkQueries.query43;org/weakref/nitro/clickbench/BenchmarkQueries.consume;org/weakref/nitro/operator/OffsetOperator.hasNext;org/weakref/nitro/operator/OffsetOperator.skipFullyConsumedBatches;org/weakref/nitro/operator/TopNOperator.next;org/weakref/nitro/operator/TopNOperator.computeTopN;org/weakref/nitro/operator/TopNState.compareOrderingValue;org/weakref/nitro/operator/TopNState.candidateIsNull;org/weakref/nitro/operator/Output.borrowOrNull;org/weakref/nitro/operator/Output.borrow;org/weakref/nitro/operator/GroupedAggregationOperator$$Lambda.0x00000000481f2d98.apply;org/weakref/nitro/operator/GroupedAggregationOperator.lambda$resultOutput$0;org/weakref/nitro/operator/GroupedAggregationOperator.groupedKeyOutput;org/weakref/nitro/operator/GroupOperator.groupedKeyOutput;org/weakref/nitro/operator/GroupingState.groupedValues 1
java/lang/Thread.run;java/lang/Thread.runWith;java/util/concurrent/ThreadPoolExecutor$Worker.run;java/util/concurrent/ThreadPoolExecutor.runWorker;java/util/concurrent/FutureTask.run;java/util/concurrent/Executors$RunnableAdapter.call;java/util/concurrent/FutureTask.run;org/openjdk/jmh/runner/BenchmarkHandler$BenchmarkTask.call;org/openjdk/jmh/runner/BenchmarkHandler$BenchmarkTask.call;java/lang/reflect/Method.invoke;jdk/internal/reflect/DirectMethodHandleAccessor.invoke;jdk/internal/reflect/DirectMethodHandleAccessor.invokeImpl;java/lang/invoke/LambdaForm$MH.0x0000000048061400.invokeExact_MT;java/lang/invoke/LambdaForm$MH.0x0000000048061000.invoke;java/lang/invoke/DirectMethodHandle$Holder.invokeSpecial;org/weakref/nitro/clickbench/jmh_generated/BenchmarkQueries_query43_jmhTest.query43_AverageTime;org/weakref/nitro/clickbench/jmh_generated/BenchmarkQueries_query43_jmhTest.query43_avgt_jmhStub;org/weakref/nitro/clickbench/BenchmarkQueries.query43;org/weakref/nitro/clickbench/ClickBenchHitsSupport.query43;org/weakref/nitro/clickbench/ClickBenchHitsSupport.clickBenchScan;org/weakref/nitro/operator/NitroParquetScanOperator.<init>;java/util/stream/ReferencePipeline.toArray;java/util/stream/AbstractPipeline.evaluateToArrayNode;java/util/stream/AbstractPipeline.evaluate;java/util/stream/AbstractPipeline.wrapAndCopyInto;java/util/stream/AbstractPipeline.copyInto;java/util/AbstractList$RandomAccessSpliterator.forEachRemaining;java/util/stream/ReferencePipeline$3$1.accept;org/weakref/nitro/operator/NitroParquetScanOperator$$Lambda.0x00000000480864e8.apply;org/weakref/nitro/parquet/ParquetFile.open;org/weakref/nitro/parquet/ParquetFile.<init>;org/apache/parquet/format/Util.readFileMetaData;org/apache/parquet/format/Util.readFileMetaData;org/apache/parquet/format/Util.read;org/apache/parquet/format/FileMetaData.read;org/apache/parquet/format/FileMetaData$FileMetaDataStandardScheme.read;org/apache/parquet/format/FileMetaData$FileMetaDataStandardScheme.read;org/apache/parquet/format/RowGroup.read;org/apache/parquet/format/RowGroup$RowGroupStandardScheme.read;org/apache/parquet/format/RowGroup$RowGroupStandardScheme.read;org/apache/parquet/format/ColumnChunk.read;org/apache/parquet/format/ColumnChunk$ColumnChunkStandardScheme.read;org/apache/parquet/format/ColumnChunk$ColumnChunkStandardScheme.read;org/apache/parquet/format/ColumnMetaData.read;org/apache/parquet/format/ColumnMetaData$ColumnMetaDataStandardScheme.read;org/apache/parquet/format/ColumnMetaData$ColumnMetaDataStandardScheme.read;org/apache/parquet/format/InterningProtocol.readI32;shaded/parquet/org/apache/thrift/protocol/TCompactProtocol.readI32;shaded/parquet/org/apache/thrift/protocol/TCompactProtocol.readVarint32;shaded/parquet/org/apache/thrift/protocol/TCompactProtocol.readByte;shaded/parquet/org/apache/thrift/transport/TTransport.readAll;shaded/parquet/org/apache/thrift/transport/TIOStreamTransport.read;org/weakref/nitro/parquet/ParquetFile$SegmentInputStream.read;java/lang/foreign/MemorySegment.copy;jdk/internal/foreign/AbstractMemorySegmentImpl.copy;java/util/Objects.checkFromIndexSize;jdk/internal/util/Preconditions.checkFromIndexSize 1
java/lang/Thread.run;java/lang/Thread.runWith;java/util/concurrent/ThreadPoolExecutor$Worker.run;java/util/concurrent/ThreadPoolExecutor.runWorker;java/util/concurrent/FutureTask.run;java/util/concurrent/Executors$RunnableAdapter.call;java/util/concurrent/FutureTask.run;org/openjdk/jmh/runner/BenchmarkHandler$BenchmarkTask.call;org/openjdk/jmh/runner/BenchmarkHandler$BenchmarkTask.call;java/lang/reflect/Method.invoke;jdk/internal/reflect/DirectMethodHandleAccessor.invoke;jdk/internal/reflect/DirectMethodHandleAccessor.invokeImpl;java/lang/invoke/LambdaForm$MH.0x0000000048061400.invokeExact_MT;java/lang/invoke/LambdaForm$MH.0x0000000048061000.invoke;java/lang/invoke/DirectMethodHandle$Holder.invokeSpecial;org/weakref/nitro/clickbench/jmh_generated/BenchmarkQueries_query43_jmhTest.query43_AverageTime;org/weakref/nitro/clickbench/jmh_generated/BenchmarkQueries_query43_jmhTest.query43_avgt_jmhStub;org/weakref/nitro/clickbench/BenchmarkQueries.query43;org/weakref/nitro/clickbench/ClickBenchHitsSupport.query43;org/weakref/nitro/clickbench/ClickBenchHitsSupport.clickBenchScan;org/weakref/nitro/operator/NitroParquetScanOperator.<init>;java/util/stream/ReferencePipeline.toArray;java/util/stream/AbstractPipeline.evaluateToArrayNode;java/util/stream/AbstractPipeline.evaluate;java/util/stream/AbstractPipeline.wrapAndCopyInto;java/util/stream/AbstractPipeline.copyInto;java/util/AbstractList$RandomAccessSpliterator.forEachRemaining;java/util/stream/ReferencePipeline$3$1.accept;org/weakref/nitro/operator/NitroParquetScanOperator$$Lambda.0x00000000480864e8.apply;org/weakref/nitro/parquet/ParquetFile.open;org/weakref/nitro/parquet/ParquetFile.<init>;org/apache/parquet/format/Util.readFileMetaData;org/apache/parquet/format/Util.readFileMetaData;org/apache/parquet/format/Util.read;org/apache/parquet/format/FileMetaData.read;org/apache/parquet/format/FileMetaData$FileMetaDataStandardScheme.read;org/apache/parquet/format/FileMetaData$FileMetaDataStandardScheme.read;org/apache/parquet/format/RowGroup.read;org/apache/parquet/format/RowGroup$RowGroupStandardScheme.read;org/apache/parquet/format/RowGroup$RowGroupStandardScheme.read;org/apache/parquet/format/ColumnChunk.read;org/apache/parquet/format/ColumnChunk$ColumnChunkStandardScheme.read;org/apache/parquet/format/ColumnChunk$ColumnChunkStandardScheme.read;org/apache/parquet/format/ColumnMetaData.read;org/apache/parquet/format/ColumnMetaData$ColumnMetaDataStandardScheme.read;org/apache/parquet/format/ColumnMetaData$ColumnMetaDataStandardScheme.read;org/apache/parquet/format/InterningProtocol.readI32;shaded/parquet/org/apache/thrift/protocol/TCompactProtocol.readI32;shaded/parquet/org/apache/thrift/protocol/TCompactProtocol.readVarint32;shaded/parquet/org/apache/thrift/protocol/TCompactProtocol.readByte 1
java/lang/Thread.run;java/lang/Thread.runWith;java/util/concurrent/ThreadPoolExecutor$Worker.run;java/util/concurrent/ThreadPoolExecutor.runWorker;java/util/concurrent/FutureTask.run;java/util/concurrent/Executors$RunnableAdapter.call;java/util/concurrent/FutureTask.run;org/openjdk/jmh/runner/BenchmarkHandler$BenchmarkTask.call;org/openjdk/jmh/runner/BenchmarkHandler$BenchmarkTask.call;java/lang/reflect/Method.invoke;jdk/internal/reflect/DirectMethodHandleAccessor.invoke;jdk/internal/reflect/DirectMethodHandleAccessor.invokeImpl;java/lang/invoke/LambdaForm$MH.0x0000000048061400.invokeExact_MT;java/lang/invoke/LambdaForm$MH.0x0000000048061000.invoke;java/lang/invoke/DirectMethodHandle$Holder.invokeSpecial;org/weakref/nitro/clickbench/jmh_generated/BenchmarkQueries_query43_jmhTest.query43_AverageTime;org/weakref/nitro/clickbench/jmh_generated/BenchmarkQueries_query43_jmhTest.query43_avgt_jmhStub;org/weakref/nitro/clickbench/BenchmarkQueries.query43;org/weakref/nitro/clickbench/ClickBenchHitsSupport.query43;org/weakref/nitro/clickbench/ClickBenchHitsSupport.clickBenchScan;org/weakref/nitro/operator/NitroParquetScanOperator.<init>;java/util/stream/ReferencePipeline.toArray;java/util/stream/AbstractPipeline.evaluateToArrayNode;java/util/stream/AbstractPipeline.evaluate;java/util/stream/AbstractPipeline.wrapAndCopyInto;java/util/stream/AbstractPipeline.copyInto;java/util/AbstractList$RandomAccessSpliterator.forEachRemaining;java/util/stream/ReferencePipeline$3$1.accept;org/weakref/nitro/operator/NitroParquetScanOperator$$Lambda.0x00000000480864e8.apply;org/weakref/nitro/parquet/ParquetFile.open;org/weakref/nitro/parquet/ParquetFile.<init>;org/apache/parquet/format/Util.readFileMetaData;org/apache/parquet/format/Util.readFileMetaData;org/apache/parquet/format/Util.read;org/apache/parquet/format/FileMetaData.read;org/apache/parquet/format/FileMetaData$FileMetaDataStandardScheme.read;org/apache/parquet/format/FileMetaData$FileMetaDataStandardScheme.read;org/apache/parquet/format/RowGroup.read;org/apache/parquet/format/RowGroup$RowGroupStandardScheme.read;org/apache/parquet/format/RowGroup$RowGroupStandardScheme.read;org/apache/parquet/format/ColumnChunk.read;org/apache/parquet/format/ColumnChunk$ColumnChunkStandardScheme.read;org/apache/parquet/format/ColumnChunk$ColumnChunkStandardScheme.read 1
java/lang/Thread.run;java/lang/Thread.runWith;java/util/concurrent/ThreadPoolExecutor$Worker.run;java/util/concurrent/ThreadPoolExecutor.runWorker;java/util/concurrent/FutureTask.run;java/util/concurrent/Executors$RunnableAdapter.call;java/util/concurrent/FutureTask.run;org/openjdk/jmh/runner/BenchmarkHandler$BenchmarkTask.call;org/openjdk/jmh/runner/BenchmarkHandler$BenchmarkTask.call;java/lang/reflect/Method.invoke;jdk/internal/reflect/DirectMethodHandleAccessor.invoke;jdk/internal/reflect/DirectMethodHandleAccessor.invokeImpl;java/lang/invoke/LambdaForm$MH.0x0000000048061400.invokeExact_MT;java/lang/invoke/LambdaForm$MH.0x0000000048061000.invoke;java/lang/invoke/DirectMethodHandle$Holder.invokeSpecial;org/weakref/nitro/clickbench/jmh_generated/BenchmarkQueries_query43_jmhTest.query43_AverageTime;org/weakref/nitro/clickbench/jmh_generated/BenchmarkQueries_query43_jmhTest.query43_avgt_jmhStub;org/weakref/nitro/clickbench/BenchmarkQueries.query43;org/weakref/nitro/clickbench/BenchmarkQueries.consume;org/weakref/nitro/operator/OffsetOperator.hasNext;org/weakref/nitro/operator/OffsetOperator.skipFullyConsumedBatches;org/weakref/nitro/operator/TopNOperator.next;org/weakref/nitro/operator/TopNOperator.computeTopN;org/weakref/nitro/operator/GroupedAggregationOperator.next;org/weakref/nitro/operator/GroupedAggregationOperator.computeResults;org/weakref/nitro/operator/Output.borrow;org/weakref/nitro/operator/GroupOperator$$Lambda.0x00000000481e38d0.apply;org/weakref/nitro/operator/GroupOperator.lambda$next$0;org/weakref/nitro/operator/GroupOperator.groupIds;org/weakref/nitro/operator/GroupOperator.doGroupingIfNeeded;org/weakref/nitro/operator/Output.borrow;org/weakref/nitro/operator/ProjectOperator$$Lambda.0x00000000481e76d8.apply;org/weakref/nitro/operator/ProjectOperator.lambda$next$4;org/weakref/nitro/operator/ProjectOperator.evaluateOutput;java/util/HashMap.computeIfAbsent;org/weakref/nitro/operator/ProjectOperator$$Lambda.0x00000000481ea4e8.apply;org/weakref/nitro/operator/ProjectOperator.lambda$evaluateOutput$0;org/weakref/nitro/operator/ProjectOperator.evaluateBundle;org/weakref/nitro/operator/evaluator/PlanEvaluator.evaluate;org/weakref/nitro/operator/evaluator/PlanEvaluator.evaluateUnmemoized;org/weakref/nitro/operator/evaluator/PlanEvaluator.evaluateVariable;org/weakref/nitro/operator/evaluator/PlanEvaluator.evaluateCall;org/weakref/nitro/operator/evaluator/PlanEvaluator.evaluateArgument;org/weakref/nitro/operator/evaluator/PlanEvaluator.evaluate;org/weakref/nitro/operator/evaluator/PlanEvaluator.evaluateUnmemoized;org/weakref/nitro/operator/evaluator/PlanEvaluator.evaluateVariable;org/weakref/nitro/operator/evaluator/PlanEvaluator.evaluateCall;org/weakref/nitro/operator/evaluator/PlanEvaluator.evaluateArgument;org/weakref/nitro/operator/evaluator/PlanEvaluator.evaluate;org/weakref/nitro/operator/evaluator/PlanEvaluator.evaluateUnmemoized;org/weakref/nitro/operator/evaluator/PlanEvaluator.evaluateInput;org/weakref/nitro/operator/ProjectOperator$$Lambda.0x00000000481c6c60.resolve;org/weakref/nitro/operator/ProjectOperator.resolveEvaluatorInput;org/weakref/nitro/operator/Output.borrowOrNull;org/weakref/nitro/operator/Output.borrow;org/weakref/nitro/operator/NitroParquetScanOperator$ScanOutputResolver$$Lambda.0x00000000480aba90.apply;org/weakref/nitro/operator/NitroParquetScanOperator$ScanOutputResolver.resolve;org/weakref/nitro/operator/NitroParquetScanOperator.resolveLazyColumn;org/weakref/nitro/operator/NitroParquetScanOperator.decodeFullColumn;org/weakref/nitro/parquet/ColumnReader.readLongs;org/weakref/nitro/parquet/ColumnReader.decodeNextDataPage;org/weakref/nitro/parquet/ColumnReader.decodeDataPageV1;org/weakref/nitro/parquet/ColumnReader.gatherDictionary;org/weakref/nitro/parquet/ColumnReader.gatherLongs;jdk/incubator/vector/LongVector.intoArray 1
java/lang/Thread.run;java/lang/Thread.runWith;java/util/concurrent/ThreadPoolExecutor$Worker.run;java/util/concurrent/ThreadPoolExecutor.runWorker;java/util/concurrent/FutureTask.run;java/util/concurrent/Executors$RunnableAdapter.call;java/util/concurrent/FutureTask.run;org/openjdk/jmh/runner/BenchmarkHandler$BenchmarkTask.call;org/openjdk/jmh/runner/BenchmarkHandler$BenchmarkTask.call;java/lang/reflect/Method.invoke;jdk/internal/reflect/DirectMethodHandleAccessor.invoke;jdk/internal/reflect/DirectMethodHandleAccessor.invokeImpl;java/lang/invoke/LambdaForm$MH.0x0000000048061400.invokeExact_MT;java/lang/invoke/LambdaForm$MH.0x0000000048061000.invoke;java/lang/invoke/DirectMethodHandle$Holder.invokeSpecial;org/weakref/nitro/clickbench/jmh_generated/BenchmarkQueries_query43_jmhTest.query43_AverageTime;org/weakref/nitro/clickbench/jmh_generated/BenchmarkQueries_query43_jmhTest.query43_avgt_jmhStub;org/weakref/nitro/clickbench/BenchmarkQueries.query43;org/weakref/nitro/clickbench/ClickBenchHitsSupport.query43;org/weakref/nitro/clickbench/ClickBenchHitsSupport.clickBenchScan;org/weakref/nitro/operator/NitroParquetScanOperator.<init>;java/util/stream/ReferencePipeline.toArray;java/util/stream/AbstractPipeline.evaluateToArrayNode;java/util/stream/AbstractPipeline.evaluate;java/util/stream/AbstractPipeline.wrapAndCopyInto;java/util/stream/AbstractPipeline.copyInto;java/util/AbstractList$RandomAccessSpliterator.forEachRemaining;java/util/stream/ReferencePipeline$3$1.accept;org/weakref/nitro/operator/NitroParquetScanOperator$$Lambda.0x00000000480864e8.apply;org/weakref/nitro/parquet/ParquetFile.open;org/weakref/nitro/parquet/ParquetFile.<init>;org/apache/parquet/format/Util.readFileMetaData;org/apache/parquet/format/Util.readFileMetaData;org/apache/parquet/format/Util.read;org/apache/parquet/format/FileMetaData.read;org/apache/parquet/format/FileMetaData$FileMetaDataStandardScheme.read;org/apache/parquet/format/FileMetaData$FileMetaDataStandardScheme.read;org/apache/parquet/format/RowGroup.read;org/apache/parquet/format/RowGroup$RowGroupStandardScheme.read;org/apache/parquet/format/RowGroup$RowGroupStandardScheme.read;org/apache/parquet/format/ColumnChunk.read;org/apache/parquet/format/ColumnChunk$ColumnChunkStandardScheme.read;org/apache/parquet/format/ColumnChunk$ColumnChunkStandardScheme.read;org/apache/parquet/format/ColumnMetaData.read;org/apache/parquet/format/ColumnMetaData$ColumnMetaDataStandardScheme.read;org/apache/parquet/format/ColumnMetaData$ColumnMetaDataStandardScheme.read;org/apache/parquet/format/InterningProtocol.readListBegin;shaded/parquet/org/apache/thrift/protocol/TCompactProtocol.readListBegin;shaded/parquet/org/apache/thrift/protocol/TCompactProtocol.readByte 2
java/lang/Thread.run;java/lang/Thread.runWith;java/util/concurrent/ThreadPoolExecutor$Worker.run;java/util/concurrent/ThreadPoolExecutor.runWorker;java/util/concurrent/FutureTask.run;java/util/concurrent/Executors$RunnableAdapter.call;java/util/concurrent/FutureTask.run;org/openjdk/jmh/runner/BenchmarkHandler$BenchmarkTask.call;org/openjdk/jmh/runner/BenchmarkHandler$BenchmarkTask.call;java/lang/reflect/Method.invoke;jdk/internal/reflect/DirectMethodHandleAccessor.invoke;jdk/internal/reflect/DirectMethodHandleAccessor.invokeImpl;java/lang/invoke/LambdaForm$MH.0x0000000048061400.invokeExact_MT;java/lang/invoke/LambdaForm$MH.0x0000000048061000.invoke;java/lang/invoke/DirectMethodHandle$Holder.invokeSpecial;org/weakref/nitro/clickbench/jmh_generated/BenchmarkQueries_query43_jmhTest.query43_AverageTime;org/weakref/nitro/clickbench/jmh_generated/BenchmarkQueries_query43_jmhTest.query43_avgt_jmhStub;org/weakref/nitro/clickbench/BenchmarkQueries.query43;org/weakref/nitro/clickbench/ClickBenchHitsSupport.query43;org/weakref/nitro/clickbench/ClickBenchHitsSupport.clickBenchScan;org/weakref/nitro/operator/NitroParquetScanOperator.<init>;java/util/stream/ReferencePipeline.toArray;java/util/stream/AbstractPipeline.evaluateToArrayNode;java/util/stream/AbstractPipeline.evaluate;java/util/stream/AbstractPipeline.wrapAndCopyInto;java/util/stream/AbstractPipeline.copyInto;java/util/AbstractList$RandomAccessSpliterator.forEachRemaining;java/util/stream/ReferencePipeline$3$1.accept;org/weakref/nitro/operator/NitroParquetScanOperator$$Lambda.0x00000000480864e8.apply;org/weakref/nitro/parquet/ParquetFile.open;org/weakref/nitro/parquet/ParquetFile.<init>;org/apache/parquet/format/Util.readFileMetaData;org/apache/parquet/format/Util.readFileMetaData;org/apache/parquet/format/Util.read;org/apache/parquet/format/FileMetaData.read;org/apache/parquet/format/FileMetaData$FileMetaDataStandardScheme.read;org/apache/parquet/format/FileMetaData$FileMetaDataStandardScheme.read;org/apache/parquet/format/RowGroup.read;org/apache/parquet/format/RowGroup$RowGroupStandardScheme.read;org/apache/parquet/format/RowGroup$RowGroupStandardScheme.read;org/apache/parquet/format/ColumnChunk.read;org/apache/parquet/format/ColumnChunk$ColumnChunkStandardScheme.read;org/apache/parquet/format/ColumnChunk$ColumnChunkStandardScheme.read;org/apache/parquet/format/ColumnMetaData.read;org/apache/parquet/format/ColumnMetaData$ColumnMetaDataStandardScheme.read;org/apache/parquet/format/ColumnMetaData$ColumnMetaDataStandardScheme.read;org/apache/parquet/format/InterningProtocol.readString;java/lang/String.intern;JVM_InternString;JvmtiVMObjectAllocEventCollector::JvmtiVMObjectAllocEventCollector 1
java/lang/Thread.run;java/lang/Thread.runWith;java/util/concurrent/ThreadPoolExecutor$Worker.run;java/util/concurrent/ThreadPoolExecutor.runWorker;java/util/concurrent/FutureTask.run;java/util/concurrent/Executors$RunnableAdapter.call;java/util/concurrent/FutureTask.run;org/openjdk/jmh/runner/BenchmarkHandler$BenchmarkTask.call;org/openjdk/jmh/runner/BenchmarkHandler$BenchmarkTask.call;java/lang/reflect/Method.invoke;jdk/internal/reflect/DirectMethodHandleAccessor.invoke;jdk/internal/reflect/DirectMethodHandleAccessor.invokeImpl;java/lang/invoke/LambdaForm$MH.0x0000000048061400.invokeExact_MT;java/lang/invoke/LambdaForm$MH.0x0000000048061000.invoke;java/lang/invoke/DirectMethodHandle$Holder.invokeSpecial;org/weakref/nitro/clickbench/jmh_generated/BenchmarkQueries_query43_jmhTest.query43_AverageTime;org/weakref/nitro/clickbench/jmh_generated/BenchmarkQueries_query43_jmhTest.query43_avgt_jmhStub;org/weakref/nitro/clickbench/BenchmarkQueries.query43;org/weakref/nitro/clickbench/ClickBenchHitsSupport.query43;org/weakref/nitro/clickbench/ClickBenchHitsSupport.clickBenchScan;org/weakref/nitro/operator/NitroParquetScanOperator.<init>;java/util/stream/ReferencePipeline.toArray;java/util/stream/AbstractPipeline.evaluateToArrayNode;java/util/stream/AbstractPipeline.evaluate;java/util/stream/AbstractPipeline.wrapAndCopyInto;java/util/stream/AbstractPipeline.copyInto;java/util/AbstractList$RandomAccessSpliterator.forEachRemaining;java/util/stream/ReferencePipeline$3$1.accept;org/weakref/nitro/operator/NitroParquetScanOperator$$Lambda.0x00000000480864e8.apply;org/weakref/nitro/parquet/ParquetFile.open;org/weakref/nitro/parquet/ParquetFile.<init>;org/apache/parquet/format/Util.readFileMetaData;org/apache/parquet/format/Util.readFileMetaData;org/apache/parquet/format/Util.read;org/apache/parquet/format/FileMetaData.read;org/apache/parquet/format/FileMetaData$FileMetaDataStandardScheme.read;org/apache/parquet/format/FileMetaData$FileMetaDataStandardScheme.read;org/apache/parquet/format/RowGroup.read;org/apache/parquet/format/RowGroup$RowGroupStandardScheme.read;org/apache/parquet/format/RowGroup$RowGroupStandardScheme.read;org/apache/parquet/format/ColumnChunk.read;org/apache/parquet/format/ColumnChunk$ColumnChunkStandardScheme.read;org/apache/parquet/format/ColumnChunk$ColumnChunkStandardScheme.read;org/apache/parquet/format/ColumnMetaData.read;org/apache/parquet/format/ColumnMetaData$ColumnMetaDataStandardScheme.read;org/apache/parquet/format/ColumnMetaData$ColumnMetaDataStandardScheme.read;org/apache/parquet/format/PageEncodingStats.read;org/apache/parquet/format/PageEncodingStats$PageEncodingStatsStandardScheme.read;org/apache/parquet/format/PageEncodingStats$PageEncodingStatsStandardScheme.read;org/apache/parquet/format/InterningProtocol.readFieldEnd 1
java/lang/Thread.run;java/lang/Thread.runWith;java/util/concurrent/ThreadPoolExecutor$Worker.run;java/util/concurrent/ThreadPoolExecutor.runWorker;java/util/concurrent/FutureTask.run;java/util/concurrent/Executors$RunnableAdapter.call;java/util/concurrent/FutureTask.run;org/openjdk/jmh/runner/BenchmarkHandler$BenchmarkTask.call;org/openjdk/jmh/runner/BenchmarkHandler$BenchmarkTask.call;java/lang/reflect/Method.invoke;jdk/internal/reflect/DirectMethodHandleAccessor.invoke;jdk/internal/reflect/DirectMethodHandleAccessor.invokeImpl;java/lang/invoke/LambdaForm$MH.0x0000000048061400.invokeExact_MT;java/lang/invoke/LambdaForm$MH.0x0000000048061000.invoke;java/lang/invoke/DirectMethodHandle$Holder.invokeSpecial;org/weakref/nitro/clickbench/jmh_generated/BenchmarkQueries_query43_jmhTest.query43_AverageTime;org/weakref/nitro/clickbench/jmh_generated/BenchmarkQueries_query43_jmhTest.query43_avgt_jmhStub;org/weakref/nitro/clickbench/BenchmarkQueries.query43;org/weakref/nitro/clickbench/BenchmarkQueries.consume;org/weakref/nitro/operator/OffsetOperator.hasNext;org/weakref/nitro/operator/OffsetOperator.skipFullyConsumedBatches;org/weakref/nitro/operator/TopNOperator.next;org/weakref/nitro/operator/TopNOperator.computeTopN;org/weakref/nitro/operator/GroupedAggregationOperator.next;org/weakref/nitro/operator/GroupedAggregationOperator.computeResults;org/weakref/nitro/operator/Output.borrow;org/weakref/nitro/operator/GroupOperator$$Lambda.0x00000000481e38d0.apply;org/weakref/nitro/operator/GroupOperator.lambda$next$0;org/weakref/nitro/operator/GroupOperator.groupIds;org/weakref/nitro/operator/GroupOperator.doGroupingIfNeeded;org/weakref/nitro/operator/GroupingState.assignGroups;org/weakref/nitro/operator/GroupingState.assignGroups;org/weakref/nitro/operator/GroupingState.assignLongGroups 1
java/lang/Thread.run;java/lang/Thread.runWith;java/util/concurrent/ThreadPoolExecutor$Worker.run;java/util/concurrent/ThreadPoolExecutor.runWorker;java/util/concurrent/FutureTask.run;java/util/concurrent/Executors$RunnableAdapter.call;java/util/concurrent/FutureTask.run;org/openjdk/jmh/runner/BenchmarkHandler$BenchmarkTask.call;org/openjdk/jmh/runner/BenchmarkHandler$BenchmarkTask.call;java/lang/reflect/Method.invoke;jdk/internal/reflect/DirectMethodHandleAccessor.invoke;jdk/internal/reflect/DirectMethodHandleAccessor.invokeImpl;java/lang/invoke/LambdaForm$MH.0x0000000048061400.invokeExact_MT;java/lang/invoke/LambdaForm$MH.0x0000000048061000.invoke;java/lang/invoke/DirectMethodHandle$Holder.invokeSpecial;org/weakref/nitro/clickbench/jmh_generated/BenchmarkQueries_query43_jmhTest.query43_AverageTime;org/weakref/nitro/clickbench/jmh_generated/BenchmarkQueries_query43_jmhTest.query43_avgt_jmhStub;org/weakref/nitro/clickbench/BenchmarkQueries.query43;org/weakref/nitro/clickbench/BenchmarkQueries.consume;org/weakref/nitro/operator/OffsetOperator.hasNext;org/weakref/nitro/operator/OffsetOperator.skipFullyConsumedBatches;org/weakref/nitro/operator/TopNOperator.next;org/weakref/nitro/operator/TopNOperator.computeTopN;org/weakref/nitro/operator/GroupedAggregationOperator.next;org/weakref/nitro/operator/GroupedAggregationOperator.computeResults;org/weakref/nitro/operator/GroupOperator.next;org/weakref/nitro/operator/ProjectOperator.next;org/weakref/nitro/operator/FilterOperator.next;org/weakref/nitro/operator/evaluator/PlanEvaluator.evaluateInPlace;org/weakref/nitro/operator/evaluator/PlanEvaluator.evaluateTrueMaskInPlace;org/weakref/nitro/operator/evaluator/PlanEvaluator.evaluateAdaptiveAndTrueMaskInPlace;org/weakref/nitro/operator/evaluator/PlanEvaluator.evaluateMeasuredTrueMaskInPlace;org/weakref/nitro/operator/evaluator/PlanEvaluator.evaluateTrueMaskInPlace;org/weakref/nitro/operator/evaluator/PlanEvaluator.evaluateAdaptiveAndTrueMaskInPlace;org/weakref/nitro/operator/evaluator/PlanEvaluator.evaluateMeasuredTrueMaskInPlace;org/weakref/nitro/operator/evaluator/PlanEvaluator.evaluateTrueMaskInPlace;org/weakref/nitro/operator/evaluator/PlanEvaluator.tryEvaluatePrimitiveTrueMaskInPlace;org/weakref/nitro/operator/evaluator/PlanEvaluator.tryEvaluatePrimitiveMaskInPlace;org/weakref/nitro/operator/evaluator/PlanEvaluator.tryResolvePrimitiveDirectInputMask;org/weakref/nitro/operator/evaluator/PrimitiveRegistry.get;java/util/LinkedHashMap.get;java/util/HashMap.getNode;java/lang/String.equals 1
java/lang/Thread.run;java/lang/Thread.runWith;java/util/concurrent/ThreadPoolExecutor$Worker.run;java/util/concurrent/ThreadPoolExecutor.runWorker;java/util/concurrent/FutureTask.run;java/util/concurrent/Executors$RunnableAdapter.call;java/util/concurrent/FutureTask.run;org/openjdk/jmh/runner/BenchmarkHandler$BenchmarkTask.call;org/openjdk/jmh/runner/BenchmarkHandler$BenchmarkTask.call;java/lang/reflect/Method.invoke;jdk/internal/reflect/DirectMethodHandleAccessor.invoke;jdk/internal/reflect/DirectMethodHandleAccessor.invokeImpl;java/lang/invoke/LambdaForm$MH.0x0000000048061400.invokeExact_MT;java/lang/invoke/LambdaForm$MH.0x0000000048061000.invoke;java/lang/invoke/DirectMethodHandle$Holder.invokeSpecial;org/weakref/nitro/clickbench/jmh_generated/BenchmarkQueries_query43_jmhTest.query43_AverageTime;org/weakref/nitro/clickbench/jmh_generated/BenchmarkQueries_query43_jmhTest.query43_avgt_jmhStub;org/weakref/nitro/clickbench/BenchmarkQueries.query43;org/weakref/nitro/clickbench/BenchmarkQueries.consume;org/weakref/nitro/operator/OffsetOperator.hasNext;org/weakref/nitro/operator/OffsetOperator.skipFullyConsumedBatches;org/weakref/nitro/operator/TopNOperator.next;org/weakref/nitro/operator/TopNOperator.computeTopN;org/weakref/nitro/operator/GroupedAggregationOperator.next;org/weakref/nitro/operator/GroupedAggregationOperator.computeResults;org/weakref/nitro/operator/GroupOperator.next;org/weakref/nitro/operator/ProjectOperator.next;org/weakref/nitro/operator/FilterOperator.next;org/weakref/nitro/operator/evaluator/PlanEvaluator.resetForReuse;org/weakref/nitro/data/Allocator.releaseIfPresent;org/weakref/nitro/data/Allocator$ContextState.release;java/util/HashMap.clear 1
java/lang/Thread.run;java/lang/Thread.runWith;java/util/concurrent/ThreadPoolExecutor$Worker.run;java/util/concurrent/ThreadPoolExecutor.runWorker;java/util/concurrent/FutureTask.run;java/util/concurrent/Executors$RunnableAdapter.call;java/util/concurrent/FutureTask.run;org/openjdk/jmh/runner/BenchmarkHandler$BenchmarkTask.call;org/openjdk/jmh/runner/BenchmarkHandler$BenchmarkTask.call;java/lang/reflect/Method.invoke;jdk/internal/reflect/DirectMethodHandleAccessor.invoke;jdk/internal/reflect/DirectMethodHandleAccessor.invokeImpl;java/lang/invoke/LambdaForm$MH.0x0000000048061400.invokeExact_MT;java/lang/invoke/LambdaForm$MH.0x0000000048061000.invoke;java/lang/invoke/DirectMethodHandle$Holder.invokeSpecial;org/weakref/nitro/clickbench/jmh_generated/BenchmarkQueries_query43_jmhTest.query43_AverageTime;org/weakref/nitro/clickbench/jmh_generated/BenchmarkQueries_query43_jmhTest.query43_avgt_jmhStub;org/weakref/nitro/clickbench/BenchmarkQueries.query43;org/weakref/nitro/clickbench/ClickBenchHitsSupport.query43;org/weakref/nitro/clickbench/ClickBenchHitsSupport.clickBenchScan;org/weakref/nitro/operator/NitroParquetScanOperator.<init>;java/util/stream/ReferencePipeline.toArray;java/util/stream/AbstractPipeline.evaluateToArrayNode;java/util/stream/AbstractPipeline.evaluate;java/util/stream/AbstractPipeline.wrapAndCopyInto;java/util/stream/AbstractPipeline.copyInto;java/util/AbstractList$RandomAccessSpliterator.forEachRemaining;java/util/stream/ReferencePipeline$3$1.accept;org/weakref/nitro/operator/NitroParquetScanOperator$$Lambda.0x00000000480864e8.apply;org/weakref/nitro/parquet/ParquetFile.open;org/weakref/nitro/parquet/ParquetFile.<init>;org/apache/parquet/format/Util.readFileMetaData;org/apache/parquet/format/Util.readFileMetaData;org/apache/parquet/format/Util.read;org/apache/parquet/format/FileMetaData.read;org/apache/parquet/format/FileMetaData$FileMetaDataStandardScheme.read;org/apache/parquet/format/FileMetaData$FileMetaDataStandardScheme.read;org/apache/parquet/format/SchemaElement.read;org/apache/parquet/format/SchemaElement$SchemaElementStandardScheme.read;org/apache/parquet/format/SchemaElement$SchemaElementStandardScheme.read;org/apache/parquet/format/InterningProtocol.readString;shaded/parquet/org/apache/thrift/protocol/TCompactProtocol.readString;java/lang/String.<init>;java/lang/String.<init>;java/lang/String.utf8 1
java/lang/Thread.run;java/lang/Thread.runWith;java/util/concurrent/ThreadPoolExecutor$Worker.run;java/util/concurrent/ThreadPoolExecutor.runWorker;java/util/concurrent/FutureTask.run;java/util/concurrent/Executors$RunnableAdapter.call;java/util/concurrent/FutureTask.run;org/openjdk/jmh/runner/BenchmarkHandler$BenchmarkTask.call;org/openjdk/jmh/runner/BenchmarkHandler$BenchmarkTask.call;java/lang/reflect/Method.invoke;jdk/internal/reflect/DirectMethodHandleAccessor.invoke;jdk/internal/reflect/DirectMethodHandleAccessor.invokeImpl;java/lang/invoke/LambdaForm$MH.0x0000000048061400.invokeExact_MT;java/lang/invoke/LambdaForm$MH.0x0000000048061000.invoke;java/lang/invoke/DirectMethodHandle$Holder.invokeSpecial;org/weakref/nitro/clickbench/jmh_generated/BenchmarkQueries_query43_jmhTest.query43_AverageTime;org/weakref/nitro/clickbench/jmh_generated/BenchmarkQueries_query43_jmhTest.query43_avgt_jmhStub;org/weakref/nitro/clickbench/BenchmarkQueries.query43;org/weakref/nitro/clickbench/BenchmarkQueries.consume;org/weakref/nitro/operator/OffsetOperator.hasNext;org/weakref/nitro/operator/OffsetOperator.skipFullyConsumedBatches;org/weakref/nitro/operator/TopNOperator.next;org/weakref/nitro/operator/TopNOperator.computeTopN;org/weakref/nitro/operator/GroupedAggregationOperator.next;org/weakref/nitro/operator/GroupedAggregationOperator.computeResults;org/weakref/nitro/operator/Output.borrow;org/weakref/nitro/operator/GroupOperator$$Lambda.0x00000000481e38d0.apply;org/weakref/nitro/operator/GroupOperator.lambda$next$0;org/weakref/nitro/operator/GroupOperator.groupIds;org/weakref/nitro/operator/GroupOperator.doGroupingIfNeeded;org/weakref/nitro/operator/Output.borrow;org/weakref/nitro/operator/ProjectOperator$$Lambda.0x00000000481e76d8.apply;org/weakref/nitro/operator/ProjectOperator.lambda$next$4;org/weakref/nitro/operator/ProjectOperator.evaluateOutput;java/util/HashMap.computeIfAbsent;org/weakref/nitro/operator/ProjectOperator$$Lambda.0x00000000481ea4e8.apply;org/weakref/nitro/operator/ProjectOperator.lambda$evaluateOutput$0;org/weakref/nitro/operator/ProjectOperator.evaluateBundle;org/weakref/nitro/operator/evaluator/PlanEvaluator.evaluate;org/weakref/nitro/operator/evaluator/PlanEvaluator.evaluateUnmemoized;org/weakref/nitro/operator/evaluator/PlanEvaluator.evaluateVariable;org/weakref/nitro/operator/evaluator/PlanEvaluator.evaluateCall;org/weakref/nitro/function/scalar/builtin/MultiplyI64.apply;org/weakref/nitro/function/scalar/builtin/I64BinaryDispatch.applyLong;org/weakref/nitro/function/scalar/builtin/I64BinaryDispatch.forEachPair;org/weakref/nitro/function/scalar/builtin/I64BinaryDispatch.forEachFlatRle;org/weakref/nitro/function/scalar/builtin/VectorAccess$$Lambda.0x00000000481e6550.value;org/weakref/nitro/function/scalar/builtin/VectorAccess.lambda$longValues$0 2
java/lang/Thread.run;java/lang/Thread.runWith;java/util/concurrent/ThreadPoolExecutor$Worker.run;java/util/concurrent/ThreadPoolExecutor.runWorker;java/util/concurrent/FutureTask.run;java/util/concurrent/Executors$RunnableAdapter.call;java/util/concurrent/FutureTask.run;org/openjdk/jmh/runner/BenchmarkHandler$BenchmarkTask.call;org/openjdk/jmh/runner/BenchmarkHandler$BenchmarkTask.call;java/lang/reflect/Method.invoke;jdk/internal/reflect/DirectMethodHandleAccessor.invoke;jdk/internal/reflect/DirectMethodHandleAccessor.invokeImpl;java/lang/invoke/LambdaForm$MH.0x0000000048061400.invokeExact_MT;java/lang/invoke/LambdaForm$MH.0x0000000048061000.invoke;java/lang/invoke/DirectMethodHandle$Holder.invokeSpecial;org/weakref/nitro/clickbench/jmh_generated/BenchmarkQueries_query43_jmhTest.query43_AverageTime;org/weakref/nitro/clickbench/jmh_generated/BenchmarkQueries_query43_jmhTest.query43_avgt_jmhStub;org/weakref/nitro/clickbench/BenchmarkQueries.query43;org/weakref/nitro/clickbench/BenchmarkQueries.consume;org/weakref/nitro/operator/OffsetOperator.hasNext;org/weakref/nitro/operator/OffsetOperator.skipFullyConsumedBatches;org/weakref/nitro/operator/TopNOperator.next;org/weakref/nitro/operator/TopNOperator.computeTopN;org/weakref/nitro/operator/GroupedAggregationOperator.next;org/weakref/nitro/operator/GroupedAggregationOperator.computeResults;org/weakref/nitro/operator/Batch.close;org/weakref/nitro/operator/GroupOperator$$Lambda.0x00000000481e8f78.run;org/weakref/nitro/operator/GroupOperator.lambda$next$6;org/weakref/nitro/operator/Batch.close;org/weakref/nitro/operator/ProjectOperator$$Lambda.0x00000000481e3488.run;org/weakref/nitro/operator/ProjectOperator.lambda$next$11;org/weakref/nitro/operator/ProjectOperator$BatchState.close;org/weakref/nitro/operator/Batch.close;org/weakref/nitro/operator/FilterOperator$BatchState.close;org/weakref/nitro/operator/Batch.close;org/weakref/nitro/operator/Output.close;org/weakref/nitro/operator/Output.release;org/weakref/nitro/operator/BatchBufferOwner.accept;org/weakref/nitro/operator/BatchBufferOwner.accept;org/weakref/nitro/operator/NitroParquetScanOperator$ScanOutputResolver.release;org/weakref/nitro/operator/BatchBufferScope.release;org/weakref/nitro/data/Allocator.release;org/weakref/nitro/data/Allocator.releaseVectorTree;org/weakref/nitro/data/Allocator.releaseVector;org/weakref/nitro/data/Allocator$ContextState.releaseVector;org/weakref/nitro/data/Allocator$ContextState.addVectorToPool;java/util/HashMap.computeIfAbsent 1
java/lang/Thread.run;java/lang/Thread.runWith;java/util/concurrent/ThreadPoolExecutor$Worker.run;java/util/concurrent/ThreadPoolExecutor.runWorker;java/util/concurrent/FutureTask.run;java/util/concurrent/Executors$RunnableAdapter.call;java/util/concurrent/FutureTask.run;org/openjdk/jmh/runner/BenchmarkHandler$BenchmarkTask.call;org/openjdk/jmh/runner/BenchmarkHandler$BenchmarkTask.call;java/lang/reflect/Method.invoke;jdk/internal/reflect/DirectMethodHandleAccessor.invoke;jdk/internal/reflect/DirectMethodHandleAccessor.invokeImpl;java/lang/invoke/LambdaForm$MH.0x0000000048061400.invokeExact_MT;java/lang/invoke/LambdaForm$MH.0x0000000048061000.invoke;java/lang/invoke/DirectMethodHandle$Holder.invokeSpecial;org/weakref/nitro/clickbench/jmh_generated/BenchmarkQueries_query43_jmhTest.query43_AverageTime;org/weakref/nitro/clickbench/jmh_generated/BenchmarkQueries_query43_jmhTest.query43_avgt_jmhStub;org/weakref/nitro/clickbench/BenchmarkQueries.query43;org/weakref/nitro/clickbench/ClickBenchHitsSupport.query43;org/weakref/nitro/clickbench/ClickBenchHitsSupport.clickBenchScan;org/weakref/nitro/operator/NitroParquetScanOperator.<init>;java/util/stream/ReferencePipeline.toArray;java/util/stream/AbstractPipeline.evaluateToArrayNode;java/util/stream/AbstractPipeline.evaluate;java/util/stream/AbstractPipeline.wrapAndCopyInto;java/util/stream/AbstractPipeline.copyInto;java/util/AbstractList$RandomAccessSpliterator.forEachRemaining;java/util/stream/ReferencePipeline$3$1.accept;org/weakref/nitro/operator/NitroParquetScanOperator$$Lambda.0x00000000480864e8.apply;org/weakref/nitro/parquet/ParquetFile.open;org/weakref/nitro/parquet/ParquetFile.<init>;org/apache/parquet/format/Util.readFileMetaData;org/apache/parquet/format/Util.readFileMetaData;org/apache/parquet/format/Util.read;org/apache/parquet/format/FileMetaData.read;org/apache/parquet/format/FileMetaData$FileMetaDataStandardScheme.read;org/apache/parquet/format/FileMetaData$FileMetaDataStandardScheme.read;org/apache/parquet/format/RowGroup.read;org/apache/parquet/format/RowGroup$RowGroupStandardScheme.read;org/apache/parquet/format/RowGroup$RowGroupStandardScheme.read;org/apache/parquet/format/ColumnChunk.read;org/apache/parquet/format/ColumnChunk$ColumnChunkStandardScheme.read;org/apache/parquet/format/ColumnChunk$ColumnChunkStandardScheme.read;org/apache/parquet/format/ColumnMetaData.read;org/apache/parquet/format/ColumnMetaData$ColumnMetaDataStandardScheme.read;org/apache/parquet/format/ColumnMetaData$ColumnMetaDataStandardScheme.read;org/apache/parquet/format/PageEncodingStats.read;org/apache/parquet/format/PageEncodingStats$PageEncodingStatsStandardScheme.read;org/apache/parquet/format/PageEncodingStats$PageEncodingStatsStandardScheme.read;org/apache/parquet/format/InterningProtocol.readI32;shaded/parquet/org/apache/thrift/protocol/TCompactProtocol.readI32;shaded/parquet/org/apache/thrift/protocol/TCompactProtocol.readVarint32;shaded/parquet/org/apache/thrift/protocol/TCompactProtocol.readByte;shaded/parquet/org/apache/thrift/transport/TTransport.readAll 1
java/lang/Thread.run;java/lang/Thread.runWith;java/util/concurrent/ThreadPoolExecutor$Worker.run;java/util/concurrent/ThreadPoolExecutor.runWorker;java/util/concurrent/FutureTask.run;java/util/concurrent/Executors$RunnableAdapter.call;java/util/concurrent/FutureTask.run;org/openjdk/jmh/runner/BenchmarkHandler$BenchmarkTask.call;org/openjdk/jmh/runner/BenchmarkHandler$BenchmarkTask.call;java/lang/reflect/Method.invoke;jdk/internal/reflect/DirectMethodHandleAccessor.invoke;jdk/internal/reflect/DirectMethodHandleAccessor.invokeImpl;java/lang/invoke/LambdaForm$MH.0x0000000048061400.invokeExact_MT;java/lang/invoke/LambdaForm$MH.0x0000000048061000.invoke;java/lang/invoke/DirectMethodHandle$Holder.invokeSpecial;org/weakref/nitro/clickbench/jmh_generated/BenchmarkQueries_query43_jmhTest.query43_AverageTime;org/weakref/nitro/clickbench/jmh_generated/BenchmarkQueries_query43_jmhTest.query43_avgt_jmhStub;org/weakref/nitro/clickbench/BenchmarkQueries.query43;org/weakref/nitro/clickbench/ClickBenchHitsSupport.query43;org/weakref/nitro/clickbench/ClickBenchHitsSupport.clickBenchScan;org/weakref/nitro/operator/NitroParquetScanOperator.<init>;java/util/stream/ReferencePipeline.toArray;java/util/stream/AbstractPipeline.evaluateToArrayNode;java/util/stream/AbstractPipeline.evaluate;java/util/stream/AbstractPipeline.wrapAndCopyInto;java/util/stream/AbstractPipeline.copyInto;java/util/AbstractList$RandomAccessSpliterator.forEachRemaining;java/util/stream/ReferencePipeline$3$1.accept;org/weakref/nitro/operator/NitroParquetScanOperator$$Lambda.0x00000000480864e8.apply;org/weakref/nitro/parquet/ParquetFile.open;org/weakref/nitro/parquet/ParquetFile.<init>;org/apache/parquet/format/Util.readFileMetaData;org/apache/parquet/format/Util.readFileMetaData;org/apache/parquet/format/Util.read;org/apache/parquet/format/FileMetaData.read;org/apache/parquet/format/FileMetaData$FileMetaDataStandardScheme.read;org/apache/parquet/format/FileMetaData$FileMetaDataStandardScheme.read;org/apache/parquet/format/RowGroup.read;org/apache/parquet/format/RowGroup$RowGroupStandardScheme.read;org/apache/parquet/format/RowGroup$RowGroupStandardScheme.read;org/apache/parquet/format/ColumnChunk.read;org/apache/parquet/format/ColumnChunk$ColumnChunkStandardScheme.read;org/apache/parquet/format/ColumnChunk$ColumnChunkStandardScheme.read;org/apache/parquet/format/ColumnMetaData.read;org/apache/parquet/format/ColumnMetaData$ColumnMetaDataStandardScheme.read;org/apache/parquet/format/ColumnMetaData$ColumnMetaDataStandardScheme.read;org/apache/parquet/format/InterningProtocol.readI32;shaded/parquet/org/apache/thrift/protocol/TCompactProtocol.readI32;shaded/parquet/org/apache/thrift/protocol/TCompactProtocol.readVarint32;shaded/parquet/org/apache/thrift/protocol/TCompactProtocol.readByte;shaded/parquet/org/apache/thrift/transport/TTransport.readAll;shaded/parquet/org/apache/thrift/transport/TIOStreamTransport.read;org/weakref/nitro/parquet/ParquetFile$SegmentInputStream.read;java/lang/foreign/MemorySegment.copy;jdk/internal/foreign/AbstractMemorySegmentImpl.copy;java/util/Objects.checkFromIndexSize;jdk/internal/util/Preconditions.checkFromIndexSize 1
java/lang/Thread.run;java/lang/Thread.runWith;java/util/concurrent/ThreadPoolExecutor$Worker.run;java/util/concurrent/ThreadPoolExecutor.runWorker;java/util/concurrent/FutureTask.run;java/util/concurrent/Executors$RunnableAdapter.call;java/util/concurrent/FutureTask.run;org/openjdk/jmh/runner/BenchmarkHandler$BenchmarkTask.call;org/openjdk/jmh/runner/BenchmarkHandler$BenchmarkTask.call;java/lang/reflect/Method.invoke;jdk/internal/reflect/DirectMethodHandleAccessor.invoke;jdk/internal/reflect/DirectMethodHandleAccessor.invokeImpl;java/lang/invoke/LambdaForm$MH.0x0000000048061400.invokeExact_MT;java/lang/invoke/LambdaForm$MH.0x0000000048061000.invoke;java/lang/invoke/DirectMethodHandle$Holder.invokeSpecial;org/weakref/nitro/clickbench/jmh_generated/BenchmarkQueries_query43_jmhTest.query43_AverageTime;org/weakref/nitro/clickbench/jmh_generated/BenchmarkQueries_query43_jmhTest.query43_avgt_jmhStub;org/weakref/nitro/clickbench/BenchmarkQueries.query43;org/weakref/nitro/clickbench/BenchmarkQueries.consume;org/weakref/nitro/operator/OffsetOperator.hasNext;org/weakref/nitro/operator/OffsetOperator.skipFullyConsumedBatches;org/weakref/nitro/operator/TopNOperator.next;org/weakref/nitro/operator/TopNOperator.computeTopN;org/weakref/nitro/operator/GroupedAggregationOperator.next;org/weakref/nitro/operator/GroupedAggregationOperator.computeResults;org/weakref/nitro/operator/GroupOperator.next;org/weakref/nitro/operator/ProjectOperator.next;org/weakref/nitro/operator/FilterOperator.next;org/weakref/nitro/operator/evaluator/PlanEvaluator.evaluateInPlace;org/weakref/nitro/operator/evaluator/PlanEvaluator.evaluateTrueMaskInPlace;org/weakref/nitro/operator/evaluator/PlanEvaluator.evaluateAdaptiveAndTrueMaskInPlace;org/weakref/nitro/operator/evaluator/PlanEvaluator.evaluateMeasuredTrueMaskInPlace;org/weakref/nitro/operator/evaluator/PlanEvaluator.evaluateTrueMaskInPlace;org/weakref/nitro/operator/evaluator/PlanEvaluator.evaluateAdaptiveAndTrueMaskInPlace;org/weakref/nitro/operator/evaluator/PlanEvaluator.evaluateMeasuredTrueMaskInPlace;org/weakref/nitro/operator/evaluator/PlanEvaluator.evaluateTrueMaskInPlace;org/weakref/nitro/operator/evaluator/PlanEvaluator.tryEvaluatePrimitiveTrueMaskInPlace;org/weakref/nitro/operator/evaluator/PlanEvaluator.tryEvaluatePrimitiveMaskInPlace;org/weakref/nitro/function/scalar/builtin/EqualI64.tryEvaluateTrueMaskInPlace;org/weakref/nitro/function/scalar/builtin/LongComparisonMaskSupport.tryEvaluateTrueMaskInPlace;org/weakref/nitro/function/scalar/builtin/LongComparisonMaskSupport.tryConstantComparisonInPlace;org/weakref/nitro/function/scalar/builtin/LongComparisonMaskSupport.applyConstantComparison;org/weakref/nitro/data/Mask.retainConstantComparison;org/weakref/nitro/data/Mask.retainConstantComparison 26
/usr/lib/x86_64-linux-gnu/libc.so.6;/usr/lib/x86_64-linux-gnu/libc.so.6;thread_native_entry;Thread::call_run;JavaThread::thread_main_inner;CompileBroker::compiler_thread_loop;CompileBroker::invoke_compiler_on_method;C2Compiler::compile_method;Compile::Compile;Compile::Optimize;PhaseIdealLoop::optimize;PhaseIdealLoop::build_and_optimize;PhaseIdealLoop::build_loop_late;PhaseIdealLoop::build_loop_late_post_work;PhaseIdealLoop::get_late_ctrl_with_anti_dep;Compile::find_alias_type;Compile::flatten_alias_type;TypeInstPtr::cast_to_exactness;TypeInstPtr::make;TypeOopPtr::TypeOopPtr 1
java/lang/Thread.run;java/lang/Thread.runWith;java/util/concurrent/ThreadPoolExecutor$Worker.run;java/util/concurrent/ThreadPoolExecutor.runWorker;java/util/concurrent/FutureTask.run;java/util/concurrent/Executors$RunnableAdapter.call;java/util/concurrent/FutureTask.run;org/openjdk/jmh/runner/BenchmarkHandler$BenchmarkTask.call;org/openjdk/jmh/runner/BenchmarkHandler$BenchmarkTask.call;java/lang/reflect/Method.invoke;jdk/internal/reflect/DirectMethodHandleAccessor.invoke;jdk/internal/reflect/DirectMethodHandleAccessor.invokeImpl;java/lang/invoke/LambdaForm$MH.0x0000000048061400.invokeExact_MT;java/lang/invoke/LambdaForm$MH.0x0000000048061000.invoke;java/lang/invoke/DirectMethodHandle$Holder.invokeSpecial;org/weakref/nitro/clickbench/jmh_generated/BenchmarkQueries_query43_jmhTest.query43_AverageTime;org/weakref/nitro/clickbench/jmh_generated/BenchmarkQueries_query43_jmhTest.query43_avgt_jmhStub;org/weakref/nitro/clickbench/BenchmarkQueries.query43;org/weakref/nitro/clickbench/BenchmarkQueries.consume;org/weakref/nitro/operator/OffsetOperator.hasNext;org/weakref/nitro/operator/OffsetOperator.skipFullyConsumedBatches;org/weakref/nitro/operator/TopNOperator.next;org/weakref/nitro/operator/TopNOperator.computeTopN;org/weakref/nitro/operator/GroupedAggregationOperator.next;org/weakref/nitro/operator/GroupedAggregationOperator.computeResults;org/weakref/nitro/operator/GroupOperator.next;org/weakref/nitro/operator/ProjectOperator.next;org/weakref/nitro/operator/FilterOperator.next;org/weakref/nitro/operator/evaluator/PlanEvaluator.evaluateInPlace;org/weakref/nitro/operator/evaluator/PlanEvaluator.evaluateTrueMaskInPlace;org/weakref/nitro/operator/evaluator/PlanEvaluator.evaluateAdaptiveAndTrueMaskInPlace;org/weakref/nitro/operator/evaluator/PlanEvaluator.evaluateMeasuredTrueMaskInPlace;org/weakref/nitro/operator/evaluator/PlanEvaluator.evaluateTrueMaskInPlace;org/weakref/nitro/operator/evaluator/PlanEvaluator.evaluateAdaptiveAndTrueMaskInPlace;org/weakref/nitro/operator/evaluator/PlanEvaluator.evaluateMeasuredTrueMaskInPlace;org/weakref/nitro/operator/evaluator/PlanEvaluator.evaluateTrueMaskInPlace;org/weakref/nitro/operator/evaluator/PlanEvaluator.tryEvaluatePrimitiveTrueMaskInPlace;org/weakref/nitro/operator/evaluator/PlanEvaluator.tryEvaluatePrimitiveMaskInPlace;org/weakref/nitro/operator/evaluator/PlanEvaluator.resolveMaskPrimitiveInvocation;org/weakref/nitro/operator/evaluator/PlanEvaluator.evaluateArgument;org/weakref/nitro/operator/FilterOperator$1.resolve;org/weakref/nitro/operator/Output.borrowOrNull;org/weakref/nitro/operator/Output.borrow;org/weakref/nitro/operator/Output.borrow;org/weakref/nitro/operator/NitroParquetScanOperator$ScanOutputResolver$$Lambda.0x00000000480aba90.apply;org/weakref/nitro/operator/NitroParquetScanOperator$ScanOutputResolver.resolve;org/weakref/nitro/operator/NitroParquetScanOperator.resolveLazyColumn;org/weakref/nitro/operator/NitroParquetScanOperator.decodeFullColumn;org/weakref/nitro/parquet/ColumnReader.readInts;org/weakref/nitro/parquet/ColumnReader.decodeNextDataPage;org/weakref/nitro/parquet/ColumnReader.decodeDataPageV1;org/weakref/nitro/parquet/ColumnReader.gatherDictionary;org/weakref/nitro/parquet/ColumnReader.gatherInts;jdk/incubator/vector/IntVector.intoArray 117
java/lang/Thread.run;java/lang/Thread.runWith;java/util/concurrent/ThreadPoolExecutor$Worker.run;java/util/concurrent/ThreadPoolExecutor.runWorker;java/util/concurrent/FutureTask.run;java/util/concurrent/Executors$RunnableAdapter.call;java/util/concurrent/FutureTask.run;org/openjdk/jmh/runner/BenchmarkHandler$BenchmarkTask.call;org/openjdk/jmh/runner/BenchmarkHandler$BenchmarkTask.call;java/lang/reflect/Method.invoke;jdk/internal/reflect/DirectMethodHandleAccessor.invoke;jdk/internal/reflect/DirectMethodHandleAccessor.invokeImpl;java/lang/invoke/LambdaForm$MH.0x0000000048061400.invokeExact_MT;java/lang/invoke/LambdaForm$MH.0x0000000048061000.invoke;java/lang/invoke/DirectMethodHandle$Holder.invokeSpecial;org/weakref/nitro/clickbench/jmh_generated/BenchmarkQueries_query43_jmhTest.query43_AverageTime;org/weakref/nitro/clickbench/jmh_generated/BenchmarkQueries_query43_jmhTest.query43_avgt_jmhStub;org/weakref/nitro/clickbench/BenchmarkQueries.query43;org/weakref/nitro/clickbench/BenchmarkQueries.consume;org/weakref/nitro/operator/OffsetOperator.hasNext;org/weakref/nitro/operator/OffsetOperator.skipFullyConsumedBatches;org/weakref/nitro/operator/TopNOperator.next;org/weakref/nitro/operator/TopNOperator.computeTopN;org/weakref/nitro/operator/GroupedAggregationOperator.next;org/weakref/nitro/operator/GroupedAggregationOperator.computeResults;org/weakref/nitro/operator/Batch.close;org/weakref/nitro/operator/GroupOperator$$Lambda.0x00000000481e8f78.run;org/weakref/nitro/operator/GroupOperator.lambda$next$6;org/weakref/nitro/operator/Batch.close;org/weakref/nitro/operator/ProjectOperator$$Lambda.0x00000000481e3488.run;org/weakref/nitro/operator/ProjectOperator.lambda$next$11;org/weakref/nitro/operator/ProjectOperator$BatchState.close;org/weakref/nitro/data/Allocator.releaseIfPresent 1
java/lang/Thread.run;java/lang/Thread.runWith;java/util/concurrent/ThreadPoolExecutor$Worker.run;java/util/concurrent/ThreadPoolExecutor.runWorker;java/util/concurrent/FutureTask.run;java/util/concurrent/Executors$RunnableAdapter.call;java/util/concurrent/FutureTask.run;org/openjdk/jmh/runner/BenchmarkHandler$BenchmarkTask.call;org/openjdk/jmh/runner/BenchmarkHandler$BenchmarkTask.call;java/lang/reflect/Method.invoke;jdk/internal/reflect/DirectMethodHandleAccessor.invoke;jdk/internal/reflect/DirectMethodHandleAccessor.invokeImpl;java/lang/invoke/LambdaForm$MH.0x0000000048061400.invokeExact_MT;java/lang/invoke/LambdaForm$MH.0x0000000048061000.invoke;java/lang/invoke/DirectMethodHandle$Holder.invokeSpecial;org/weakref/nitro/clickbench/jmh_generated/BenchmarkQueries_query43_jmhTest.query43_AverageTime;org/weakref/nitro/clickbench/jmh_generated/BenchmarkQueries_query43_jmhTest.query43_avgt_jmhStub;org/weakref/nitro/clickbench/BenchmarkQueries.query43;org/weakref/nitro/clickbench/ClickBenchHitsSupport.query43;org/weakref/nitro/clickbench/ClickBenchHitsSupport.clickBenchScan;org/weakref/nitro/operator/NitroParquetScanOperator.<init>;java/util/stream/ReferencePipeline.toArray;java/util/stream/AbstractPipeline.evaluateToArrayNode;java/util/stream/AbstractPipeline.evaluate;java/util/stream/AbstractPipeline.wrapAndCopyInto;java/util/stream/AbstractPipeline.copyInto;java/util/AbstractList$RandomAccessSpliterator.forEachRemaining;java/util/stream/ReferencePipeline$3$1.accept;org/weakref/nitro/operator/NitroParquetScanOperator$$Lambda.0x00000000480864e8.apply;org/weakref/nitro/parquet/ParquetFile.open;org/weakref/nitro/parquet/ParquetFile.<init>;org/apache/parquet/format/Util.readFileMetaData;org/apache/parquet/format/Util.readFileMetaData;org/apache/parquet/format/Util.read;org/apache/parquet/format/FileMetaData.read;org/apache/parquet/format/FileMetaData$FileMetaDataStandardScheme.read;org/apache/parquet/format/FileMetaData$FileMetaDataStandardScheme.read;org/apache/parquet/format/RowGroup.read;org/apache/parquet/format/RowGroup$RowGroupStandardScheme.read;org/apache/parquet/format/RowGroup$RowGroupStandardScheme.read;org/apache/parquet/format/ColumnChunk.read;org/apache/parquet/format/ColumnChunk$ColumnChunkStandardScheme.read;org/apache/parquet/format/ColumnChunk$ColumnChunkStandardScheme.read;org/apache/parquet/format/ColumnMetaData.read;org/apache/parquet/format/ColumnMetaData$ColumnMetaDataStandardScheme.read;org/apache/parquet/format/ColumnMetaData$ColumnMetaDataStandardScheme.read;org/apache/parquet/format/PageEncodingStats.read;org/apache/parquet/format/PageEncodingStats$PageEncodingStatsStandardScheme.read;org/apache/parquet/format/PageEncodingStats$PageEncodingStatsStandardScheme.read;org/apache/parquet/format/InterningProtocol.readI32;shaded/parquet/org/apache/thrift/protocol/TCompactProtocol.readI32;shaded/parquet/org/apache/thrift/protocol/TCompactProtocol.readVarint32;shaded/parquet/org/apache/thrift/protocol/TCompactProtocol.readByte;shaded/parquet/org/apache/thrift/transport/TTransport.readAll;shaded/parquet/org/apache/thrift/transport/TIOStreamTransport.read;org/weakref/nitro/parquet/ParquetFile$SegmentInputStream.read;java/lang/foreign/MemorySegment.copy;jdk/internal/foreign/AbstractMemorySegmentImpl.copy;jbyte_disjoint_arraycopy_stub 1
java/lang/Thread.run;java/lang/Thread.runWith;java/util/concurrent/ThreadPoolExecutor$Worker.run;java/util/concurrent/ThreadPoolExecutor.runWorker;java/util/concurrent/FutureTask.run;java/util/concurrent/Executors$RunnableAdapter.call;java/util/concurrent/FutureTask.run;org/openjdk/jmh/runner/BenchmarkHandler$BenchmarkTask.call;org/openjdk/jmh/runner/BenchmarkHandler$BenchmarkTask.call;java/lang/reflect/Method.invoke;jdk/internal/reflect/DirectMethodHandleAccessor.invoke;jdk/internal/reflect/DirectMethodHandleAccessor.invokeImpl;java/lang/invoke/LambdaForm$MH.0x0000000048061400.invokeExact_MT;java/lang/invoke/LambdaForm$MH.0x0000000048061000.invoke;java/lang/invoke/DirectMethodHandle$Holder.invokeSpecial;org/weakref/nitro/clickbench/jmh_generated/BenchmarkQueries_query43_jmhTest.query43_AverageTime;org/weakref/nitro/clickbench/jmh_generated/BenchmarkQueries_query43_jmhTest.query43_avgt_jmhStub;org/weakref/nitro/clickbench/BenchmarkQueries.query43;org/weakref/nitro/clickbench/ClickBenchHitsSupport.query43;org/weakref/nitro/clickbench/ClickBenchHitsSupport.clickBenchScan;org/weakref/nitro/operator/NitroParquetScanOperator.<init>;java/util/stream/ReferencePipeline.toArray;java/util/stream/AbstractPipeline.evaluateToArrayNode;java/util/stream/AbstractPipeline.evaluate;java/util/stream/AbstractPipeline.wrapAndCopyInto;java/util/stream/AbstractPipeline.copyInto;java/util/AbstractList$RandomAccessSpliterator.forEachRemaining;java/util/stream/ReferencePipeline$3$1.accept;org/weakref/nitro/operator/NitroParquetScanOperator$$Lambda.0x00000000480864e8.apply;org/weakref/nitro/parquet/ParquetFile.open;org/weakref/nitro/parquet/ParquetFile.<init>;org/apache/parquet/format/Util.readFileMetaData;org/apache/parquet/format/Util.readFileMetaData;org/apache/parquet/format/Util.read;org/apache/parquet/format/FileMetaData.read;org/apache/parquet/format/FileMetaData$FileMetaDataStandardScheme.read;org/apache/parquet/format/FileMetaData$FileMetaDataStandardScheme.read;shaded/parquet/org/apache/thrift/TUnion.read;shaded/parquet/org/apache/thrift/TUnion$TUnionStandardScheme.read;shaded/parquet/org/apache/thrift/TUnion$TUnionStandardScheme.read;org/apache/parquet/format/ColumnOrder.standardSchemeReadValue;org/apache/parquet/format/TypeDefinedOrder.read;org/apache/parquet/format/TypeDefinedOrder$TypeDefinedOrderStandardScheme.read;org/apache/parquet/format/TypeDefinedOrder$TypeDefinedOrderStandardScheme.read;org/apache/parquet/format/InterningProtocol.readFieldBegin;shaded/parquet/org/apache/thrift/protocol/TCompactProtocol.readFieldBegin;shaded/parquet/org/apache/thrift/protocol/TCompactProtocol.readByte;shaded/parquet/org/apache/thrift/transport/TTransport.readAll;shaded/parquet/org/apache/thrift/transport/TIOStreamTransport.read;org/weakref/nitro/parquet/ParquetFile$SegmentInputStream.read;java/lang/foreign/MemorySegment.copy;jdk/internal/foreign/AbstractMemorySegmentImpl.copy;jdk/internal/misc/ScopedMemoryAccess.copyMemory;jdk/internal/misc/ScopedMemoryAccess.copyMemoryInternal;jdk/internal/misc/Unsafe.copyMemory;jbyte_arraycopy_stub 1
java/lang/Thread.run;java/lang/Thread.runWith;java/util/concurrent/ThreadPoolExecutor$Worker.run;java/util/concurrent/ThreadPoolExecutor.runWorker;java/util/concurrent/FutureTask.run;java/util/concurrent/Executors$RunnableAdapter.call;java/util/concurrent/FutureTask.run;org/openjdk/jmh/runner/BenchmarkHandler$BenchmarkTask.call;org/openjdk/jmh/runner/BenchmarkHandler$BenchmarkTask.call;java/lang/reflect/Method.invoke;jdk/internal/reflect/DirectMethodHandleAccessor.invoke;jdk/internal/reflect/DirectMethodHandleAccessor.invokeImpl;java/lang/invoke/LambdaForm$MH.0x0000000048061400.invokeExact_MT;java/lang/invoke/LambdaForm$MH.0x0000000048061000.invoke;java/lang/invoke/DirectMethodHandle$Holder.invokeSpecial;org/weakref/nitro/clickbench/jmh_generated/BenchmarkQueries_query43_jmhTest.query43_AverageTime;org/weakref/nitro/clickbench/jmh_generated/BenchmarkQueries_query43_jmhTest.query43_avgt_jmhStub;org/weakref/nitro/clickbench/BenchmarkQueries.query43;org/weakref/nitro/clickbench/ClickBenchHitsSupport.query43;org/weakref/nitro/clickbench/ClickBenchHitsSupport.clickBenchScan;org/weakref/nitro/operator/NitroParquetScanOperator.<init>;java/util/stream/ReferencePipeline.toArray;java/util/stream/AbstractPipeline.evaluateToArrayNode;java/util/stream/AbstractPipeline.evaluate;java/util/stream/AbstractPipeline.wrapAndCopyInto;java/util/stream/AbstractPipeline.copyInto;java/util/AbstractList$RandomAccessSpliterator.forEachRemaining;java/util/stream/ReferencePipeline$3$1.accept;org/weakref/nitro/operator/NitroParquetScanOperator$$Lambda.0x00000000480864e8.apply;org/weakref/nitro/parquet/ParquetFile.open;org/weakref/nitro/parquet/ParquetFile.<init>;org/apache/parquet/format/Util.readFileMetaData;org/apache/parquet/format/Util.readFileMetaData;org/apache/parquet/format/Util.read;org/apache/parquet/format/FileMetaData.read;org/apache/parquet/format/FileMetaData$FileMetaDataStandardScheme.read;org/apache/parquet/format/FileMetaData$FileMetaDataStandardScheme.read;org/apache/parquet/format/RowGroup.read;org/apache/parquet/format/RowGroup$RowGroupStandardScheme.read;org/apache/parquet/format/RowGroup$RowGroupStandardScheme.read;org/apache/parquet/format/ColumnChunk.read;org/apache/parquet/format/ColumnChunk$ColumnChunkStandardScheme.read;org/apache/parquet/format/ColumnChunk$ColumnChunkStandardScheme.read;org/apache/parquet/format/InterningProtocol.readI64;shaded/parquet/org/apache/thrift/protocol/TCompactProtocol.readI64;shaded/parquet/org/apache/thrift/protocol/TCompactProtocol.readVarint64;shaded/parquet/org/apache/thrift/protocol/TCompactProtocol.readByte 2
java/lang/Thread.run;java/lang/Thread.runWith;java/util/concurrent/ThreadPoolExecutor$Worker.run;java/util/concurrent/ThreadPoolExecutor.runWorker;java/util/concurrent/FutureTask.run;java/util/concurrent/Executors$RunnableAdapter.call;java/util/concurrent/FutureTask.run;org/openjdk/jmh/runner/BenchmarkHandler$BenchmarkTask.call;org/openjdk/jmh/runner/BenchmarkHandler$BenchmarkTask.call;java/lang/reflect/Method.invoke;jdk/internal/reflect/DirectMethodHandleAccessor.invoke;jdk/internal/reflect/DirectMethodHandleAccessor.invokeImpl;java/lang/invoke/LambdaForm$MH.0x0000000048061400.invokeExact_MT;java/lang/invoke/LambdaForm$MH.0x0000000048061000.invoke;java/lang/invoke/DirectMethodHandle$Holder.invokeSpecial;org/weakref/nitro/clickbench/jmh_generated/BenchmarkQueries_query43_jmhTest.query43_AverageTime;org/weakref/nitro/clickbench/jmh_generated/BenchmarkQueries_query43_jmhTest.query43_avgt_jmhStub;org/weakref/nitro/clickbench/BenchmarkQueries.query43;org/weakref/nitro/clickbench/BenchmarkQueries.consume;org/weakref/nitro/operator/OffsetOperator.hasNext;org/weakref/nitro/operator/OffsetOperator.skipFullyConsumedBatches;org/weakref/nitro/operator/TopNOperator.next;org/weakref/nitro/operator/TopNOperator.computeTopN;org/weakref/nitro/operator/TopNState.copyRow;org/weakref/nitro/operator/JoinBufferSupport.copyPosition;org/weakref/nitro/operator/JoinBufferSupport.copySinglePosition;org/weakref/nitro/operator/JoinBufferSupport.copySinglePosition;org/weakref/nitro/operator/Output.copySinglePosition;org/weakref/nitro/operator/GroupedAggregationOperator$$Lambda.0x00000000481f3468.copySinglePosition;org/weakref/nitro/operator/GroupedAggregationOperator.lambda$resultOutput$3;org/weakref/nitro/operator/GroupedAggregationOperator.groupedKeyCopyPosition;org/weakref/nitro/operator/GroupOperator.copyGroupedKeyPosition;org/weakref/nitro/operator/GroupingState.copyGroupedValuePosition;org/weakref/nitro/function/scalar/builtin/VectorAccess.writableBooleanVector;org/weakref/nitro/data/Allocator.allocate;org/weakref/nitro/data/Allocator$ContextState.trackVector;java/util/Collections$SetFromMap.add;java/util/IdentityHashMap.put;java/util/IdentityHashMap.hash;java/lang/System.identityHashCode;JVM_IHashCode 1
java/lang/Thread.run;java/lang/Thread.runWith;java/util/concurrent/ThreadPoolExecutor$Worker.run;java/util/concurrent/ThreadPoolExecutor.runWorker;java/util/concurrent/FutureTask.run;java/util/concurrent/Executors$RunnableAdapter.call;java/util/concurrent/FutureTask.run;org/openjdk/jmh/runner/BenchmarkHandler$BenchmarkTask.call;org/openjdk/jmh/runner/BenchmarkHandler$BenchmarkTask.call;java/lang/reflect/Method.invoke;jdk/internal/reflect/DirectMethodHandleAccessor.invoke;jdk/internal/reflect/DirectMethodHandleAccessor.invokeImpl;java/lang/invoke/LambdaForm$MH.0x0000000048061400.invokeExact_MT;java/lang/invoke/LambdaForm$MH.0x0000000048061000.invoke;java/lang/invoke/DirectMethodHandle$Holder.invokeSpecial;org/weakref/nitro/clickbench/jmh_generated/BenchmarkQueries_query43_jmhTest.query43_AverageTime;org/weakref/nitro/clickbench/jmh_generated/BenchmarkQueries_query43_jmhTest.query43_avgt_jmhStub;org/weakref/nitro/clickbench/BenchmarkQueries.query43;org/weakref/nitro/clickbench/BenchmarkQueries.consume;org/weakref/nitro/operator/OffsetOperator.hasNext;org/weakref/nitro/operator/OffsetOperator.skipFullyConsumedBatches;org/weakref/nitro/operator/TopNOperator.next;org/weakref/nitro/operator/TopNOperator.computeTopN;org/weakref/nitro/operator/GroupedAggregationOperator.next;org/weakref/nitro/operator/GroupedAggregationOperator.computeResults;org/weakref/nitro/operator/GroupOperator.next;org/weakref/nitro/operator/ProjectOperator.next;org/weakref/nitro/operator/FilterOperator.next;org/weakref/nitro/operator/evaluator/PlanEvaluator.evaluateInPlace;org/weakref/nitro/operator/evaluator/PlanEvaluator.evaluateTrueMaskInPlace;org/weakref/nitro/operator/evaluator/PlanEvaluator.evaluateAdaptiveAndTrueMaskInPlace;org/weakref/nitro/operator/evaluator/PlanEvaluator.evaluateMeasuredTrueMaskInPlace;org/weakref/nitro/operator/evaluator/PlanEvaluator.evaluateTrueMaskInPlace;org/weakref/nitro/operator/evaluator/PlanEvaluator.evaluateAdaptiveAndTrueMaskInPlace;org/weakref/nitro/operator/evaluator/PlanEvaluator.evaluateMeasuredTrueMaskInPlace;org/weakref/nitro/operator/evaluator/PlanEvaluator.evaluateTrueMaskInPlace;org/weakref/nitro/operator/evaluator/PlanEvaluator.tryEvaluatePrimitiveTrueMaskInPlace;org/weakref/nitro/operator/evaluator/PlanEvaluator.tryEvaluatePrimitiveMaskInPlace;org/weakref/nitro/operator/evaluator/PlanEvaluator.resolveMaskPrimitiveInvocation;org/weakref/nitro/operator/evaluator/PlanEvaluator.evaluateArgument;org/weakref/nitro/operator/FilterOperator$1.resolve;org/weakref/nitro/operator/Output.borrowOrNull;org/weakref/nitro/operator/Output.borrow;org/weakref/nitro/operator/Output.borrow;org/weakref/nitro/operator/NitroParquetScanOperator$ScanOutputResolver$$Lambda.0x00000000480aba90.apply;org/weakref/nitro/operator/NitroParquetScanOperator$ScanOutputResolver.resolve;org/weakref/nitro/operator/NitroParquetScanOperator.resolveLazyColumn;org/weakref/nitro/data/Allocator.allocate;org/weakref/nitro/data/Allocator$ContextState.trackVector;java/util/HashMap.merge;org/weakref/nitro/data/Allocator$ContextState$$Lambda.0x00000000481d6000.apply 1
java/lang/Thread.run;java/lang/Thread.runWith;java/util/concurrent/ThreadPoolExecutor$Worker.run;java/util/concurrent/ThreadPoolExecutor.runWorker;java/util/concurrent/FutureTask.run;java/util/concurrent/Executors$RunnableAdapter.call;java/util/concurrent/FutureTask.run;org/openjdk/jmh/runner/BenchmarkHandler$BenchmarkTask.call;org/openjdk/jmh/runner/BenchmarkHandler$BenchmarkTask.call;java/lang/reflect/Method.invoke;jdk/internal/reflect/DirectMethodHandleAccessor.invoke;jdk/internal/reflect/DirectMethodHandleAccessor.invokeImpl;java/lang/invoke/LambdaForm$MH.0x0000000048061400.invokeExact_MT;java/lang/invoke/LambdaForm$MH.0x0000000048061000.invoke;java/lang/invoke/DirectMethodHandle$Holder.invokeSpecial;org/weakref/nitro/clickbench/jmh_generated/BenchmarkQueries_query43_jmhTest.query43_AverageTime;org/weakref/nitro/clickbench/jmh_generated/BenchmarkQueries_query43_jmhTest.query43_avgt_jmhStub;org/weakref/nitro/clickbench/BenchmarkQueries.query43;org/weakref/nitro/clickbench/BenchmarkQueries.consume;org/weakref/nitro/operator/OffsetOperator.hasNext;org/weakref/nitro/operator/OffsetOperator.skipFullyConsumedBatches;org/weakref/nitro/operator/TopNOperator.next;org/weakref/nitro/operator/TopNOperator.computeTopN;org/weakref/nitro/operator/GroupedAggregationOperator.next;org/weakref/nitro/operator/GroupedAggregationOperator.computeResults;org/weakref/nitro/operator/GroupOperator.next;org/weakref/nitro/operator/ProjectOperator.next;org/weakref/nitro/operator/FilterOperator.next;org/weakref/nitro/operator/evaluator/PlanEvaluator.evaluateInPlace;org/weakref/nitro/operator/evaluator/PlanEvaluator.evaluateTrueMaskInPlace;org/weakref/nitro/operator/evaluator/PlanEvaluator.evaluateAdaptiveAndTrueMaskInPlace;org/weakref/nitro/operator/evaluator/PlanEvaluator.evaluateMeasuredTrueMaskInPlace;org/weakref/nitro/operator/evaluator/PlanEvaluator.evaluateTrueMaskInPlace;org/weakref/nitro/operator/evaluator/PlanEvaluator.evaluateAdaptiveAndTrueMaskInPlace;org/weakref/nitro/operator/evaluator/PlanEvaluator.evaluateMeasuredTrueMaskInPlace;org/weakref/nitro/operator/evaluator/PlanEvaluator.evaluateTrueMaskInPlace;org/weakref/nitro/operator/evaluator/PlanEvaluator.tryEvaluatePrimitiveTrueMaskInPlace;org/weakref/nitro/operator/evaluator/PlanEvaluator.tryEvaluatePrimitiveMaskInPlace;org/weakref/nitro/operator/evaluator/PlanEvaluator.resolveMaskPrimitiveInvocation;org/weakref/nitro/operator/evaluator/PlanEvaluator.evaluateArgument;org/weakref/nitro/operator/FilterOperator$1.resolve;org/weakref/nitro/operator/Output.borrowOrNull;org/weakref/nitro/operator/Output.borrow;org/weakref/nitro/operator/Output.borrow;org/weakref/nitro/operator/NitroParquetScanOperator$ScanOutputResolver$$Lambda.0x00000000480aba90.apply;org/weakref/nitro/operator/NitroParquetScanOperator$ScanOutputResolver.resolve;org/weakref/nitro/operator/NitroParquetScanOperator.resolveLazyColumn;org/weakref/nitro/operator/NitroParquetScanOperator.decodeFullColumn;org/weakref/nitro/parquet/ColumnReader.readInts;org/weakref/nitro/parquet/ColumnReader.decodeNextDataPage;org/weakref/nitro/parquet/ColumnReader.readPageHeader;org/apache/parquet/format/Util.readPageHeader;org/apache/parquet/format/Util.readPageHeader;org/apache/parquet/format/Util.read;org/apache/parquet/format/PageHeader.read;org/apache/parquet/format/PageHeader$PageHeaderStandardScheme.read;org/apache/parquet/format/PageHeader$PageHeaderStandardScheme.read 1
java/lang/Thread.run;java/lang/Thread.runWith;java/util/concurrent/ThreadPoolExecutor$Worker.run;java/util/concurrent/ThreadPoolExecutor.runWorker;java/util/concurrent/FutureTask.run;java/util/concurrent/Executors$RunnableAdapter.call;java/util/concurrent/FutureTask.run;org/openjdk/jmh/runner/BenchmarkHandler$BenchmarkTask.call;org/openjdk/jmh/runner/BenchmarkHandler$BenchmarkTask.call;java/lang/reflect/Method.invoke;jdk/internal/reflect/DirectMethodHandleAccessor.invoke;jdk/internal/reflect/DirectMethodHandleAccessor.invokeImpl;java/lang/invoke/LambdaForm$MH.0x0000000048061400.invokeExact_MT;java/lang/invoke/LambdaForm$MH.0x0000000048061000.invoke;java/lang/invoke/DirectMethodHandle$Holder.invokeSpecial;org/weakref/nitro/clickbench/jmh_generated/BenchmarkQueries_query43_jmhTest.query43_AverageTime;org/weakref/nitro/clickbench/jmh_generated/BenchmarkQueries_query43_jmhTest.query43_avgt_jmhStub;org/weakref/nitro/clickbench/BenchmarkQueries.query43;org/weakref/nitro/clickbench/BenchmarkQueries.consume;org/weakref/nitro/operator/OffsetOperator.hasNext;org/weakref/nitro/operator/OffsetOperator.skipFullyConsumedBatches;org/weakref/nitro/operator/TopNOperator.next;org/weakref/nitro/operator/TopNOperator.computeTopN;org/weakref/nitro/operator/GroupedAggregationOperator.next;org/weakref/nitro/operator/GroupedAggregationOperator.computeResults;org/weakref/nitro/operator/Output.borrow;org/weakref/nitro/operator/GroupOperator$$Lambda.0x00000000481e38d0.apply;org/weakref/nitro/operator/GroupOperator.lambda$next$0;org/weakref/nitro/operator/GroupOperator.groupIds;org/weakref/nitro/operator/GroupOperator.doGroupingIfNeeded;org/weakref/nitro/operator/GroupingState.assignGroups;org/weakref/nitro/operator/GroupingState.assignGroups;org/weakref/nitro/operator/GroupingState.assignLongGroups;org/weakref/nitro/operator/GroupingState.hashLong 1
java/lang/Thread.run;java/lang/Thread.runWith;java/util/concurrent/ThreadPoolExecutor$Worker.run;java/util/concurrent/ThreadPoolExecutor.runWorker;java/util/concurrent/FutureTask.run;java/util/concurrent/Executors$RunnableAdapter.call;java/util/concurrent/FutureTask.run;org/openjdk/jmh/runner/BenchmarkHandler$BenchmarkTask.call;org/openjdk/jmh/runner/BenchmarkHandler$BenchmarkTask.call;java/lang/reflect/Method.invoke;jdk/internal/reflect/DirectMethodHandleAccessor.invoke;jdk/internal/reflect/DirectMethodHandleAccessor.invokeImpl;java/lang/invoke/LambdaForm$MH.0x0000000048061400.invokeExact_MT;java/lang/invoke/LambdaForm$MH.0x0000000048061000.invoke;java/lang/invoke/DirectMethodHandle$Holder.invokeSpecial;org/weakref/nitro/clickbench/jmh_generated/BenchmarkQueries_query43_jmhTest.query43_AverageTime;org/weakref/nitro/clickbench/jmh_generated/BenchmarkQueries_query43_jmhTest.query43_avgt_jmhStub;org/weakref/nitro/clickbench/BenchmarkQueries.query43;org/weakref/nitro/clickbench/BenchmarkQueries.consume;org/weakref/nitro/operator/OffsetOperator.hasNext;org/weakref/nitro/operator/OffsetOperator.skipFullyConsumedBatches;org/weakref/nitro/operator/TopNOperator.next;org/weakref/nitro/operator/TopNOperator.computeTopN;org/weakref/nitro/operator/GroupedAggregationOperator.next;org/weakref/nitro/operator/GroupedAggregationOperator.computeResults;org/weakref/nitro/operator/GroupOperator.next;org/weakref/nitro/operator/ProjectOperator.next;org/weakref/nitro/operator/FilterOperator.next;org/weakref/nitro/operator/evaluator/PlanEvaluator.evaluateInPlace;org/weakref/nitro/operator/evaluator/PlanEvaluator.evaluateTrueMaskInPlace;org/weakref/nitro/operator/evaluator/PlanEvaluator.evaluateAdaptiveAndTrueMaskInPlace;org/weakref/nitro/operator/evaluator/PlanEvaluator.evaluateMeasuredTrueMaskInPlace;org/weakref/nitro/operator/evaluator/PlanEvaluator.evaluateTrueMaskInPlace;org/weakref/nitro/operator/evaluator/PlanEvaluator.evaluateAdaptiveAndTrueMaskInPlace;org/weakref/nitro/operator/evaluator/PlanEvaluator.evaluateMeasuredTrueMaskInPlace;org/weakref/nitro/operator/evaluator/PlanEvaluator.evaluateTrueMaskInPlace;org/weakref/nitro/operator/evaluator/PlanEvaluator.tryEvaluatePrimitiveTrueMaskInPlace;org/weakref/nitro/operator/evaluator/PlanEvaluator.tryEvaluatePrimitiveMaskInPlace;org/weakref/nitro/operator/evaluator/PlanEvaluator.resolveMaskPrimitiveInvocation;org/weakref/nitro/operator/evaluator/PlanEvaluator.evaluateArgument;org/weakref/nitro/operator/FilterOperator$1.resolve;org/weakref/nitro/operator/Output.borrowOrNull;org/weakref/nitro/operator/Output.borrow;org/weakref/nitro/operator/Output.borrow;org/weakref/nitro/operator/NitroParquetScanOperator$ScanOutputResolver$$Lambda.0x00000000480aba90.apply;org/weakref/nitro/operator/NitroParquetScanOperator$ScanOutputResolver.resolve;org/weakref/nitro/operator/NitroParquetScanOperator.resolveLazyColumn 1
java/lang/Thread.run;java/lang/Thread.runWith;java/util/concurrent/ThreadPoolExecutor$Worker.run;java/util/concurrent/ThreadPoolExecutor.runWorker;java/util/concurrent/FutureTask.run;java/util/concurrent/Executors$RunnableAdapter.call;java/util/concurrent/FutureTask.run;org/openjdk/jmh/runner/BenchmarkHandler$BenchmarkTask.call;org/openjdk/jmh/runner/BenchmarkHandler$BenchmarkTask.call;java/lang/reflect/Method.invoke;jdk/internal/reflect/DirectMethodHandleAccessor.invoke;jdk/internal/reflect/DirectMethodHandleAccessor.invokeImpl;java/lang/invoke/LambdaForm$MH.0x0000000048061400.invokeExact_MT;java/lang/invoke/LambdaForm$MH.0x0000000048061000.invoke;java/lang/invoke/DirectMethodHandle$Holder.invokeSpecial;org/weakref/nitro/clickbench/jmh_generated/BenchmarkQueries_query43_jmhTest.query43_AverageTime;org/weakref/nitro/clickbench/jmh_generated/BenchmarkQueries_query43_jmhTest.query43_avgt_jmhStub;org/weakref/nitro/clickbench/BenchmarkQueries.query43;org/weakref/nitro/clickbench/BenchmarkQueries.consume;org/weakref/nitro/operator/OffsetOperator.hasNext;org/weakref/nitro/operator/OffsetOperator.skipFullyConsumedBatches;org/weakref/nitro/operator/TopNOperator.next;org/weakref/nitro/operator/TopNOperator.computeTopN;org/weakref/nitro/operator/GroupedAggregationOperator.next;org/weakref/nitro/operator/GroupedAggregationOperator.computeResults 1
java/lang/Thread.run;java/lang/Thread.runWith;java/util/concurrent/ThreadPoolExecutor$Worker.run;java/util/concurrent/ThreadPoolExecutor.runWorker;java/util/concurrent/FutureTask.run;java/util/concurrent/Executors$RunnableAdapter.call;java/util/concurrent/FutureTask.run;org/openjdk/jmh/runner/BenchmarkHandler$BenchmarkTask.call;org/openjdk/jmh/runner/BenchmarkHandler$BenchmarkTask.call;java/lang/reflect/Method.invoke;jdk/internal/reflect/DirectMethodHandleAccessor.invoke;jdk/internal/reflect/DirectMethodHandleAccessor.invokeImpl;java/lang/invoke/LambdaForm$MH.0x0000000048061400.invokeExact_MT;java/lang/invoke/LambdaForm$MH.0x0000000048061000.invoke;java/lang/invoke/DirectMethodHandle$Holder.invokeSpecial;org/weakref/nitro/clickbench/jmh_generated/BenchmarkQueries_query43_jmhTest.query43_AverageTime;org/weakref/nitro/clickbench/jmh_generated/BenchmarkQueries_query43_jmhTest.query43_avgt_jmhStub;org/weakref/nitro/clickbench/BenchmarkQueries.query43;org/weakref/nitro/clickbench/BenchmarkQueries.consume;org/weakref/nitro/operator/OffsetOperator.hasNext;org/weakref/nitro/operator/OffsetOperator.skipFullyConsumedBatches;org/weakref/nitro/operator/TopNOperator.next;org/weakref/nitro/operator/TopNOperator.computeTopN;org/weakref/nitro/operator/TopNState.copyRow;org/weakref/nitro/operator/JoinBufferSupport.copyPosition;org/weakref/nitro/operator/JoinBufferSupport.copySinglePosition;org/weakref/nitro/operator/JoinBufferSupport.copySinglePosition;org/weakref/nitro/operator/Output.copySinglePosition;org/weakref/nitro/operator/GroupedAggregationOperator$$Lambda.0x00000000481f3468.copySinglePosition;org/weakref/nitro/operator/GroupedAggregationOperator.lambda$resultOutput$3;org/weakref/nitro/operator/GroupedAggregationOperator.groupedKeyCopyPosition;org/weakref/nitro/operator/GroupOperator.copyGroupedKeyPosition;org/weakref/nitro/operator/GroupingState.copyGroupedValuePosition;org/weakref/nitro/function/scalar/builtin/VectorAccess.writableBooleanVector;org/weakref/nitro/data/Allocator.allocate;org/weakref/nitro/data/Allocator$ContextState.trackVector;org/weakref/nitro/data/BooleanVector.poolFamily 1
/usr/lib/x86_64-linux-gnu/libc.so.6;/usr/lib/x86_64-linux-gnu/libc.so.6;thread_native_entry;Thread::call_run;JavaThread::thread_main_inner;CompileBroker::compiler_thread_loop;CompileBroker::invoke_compiler_on_method;C2Compiler::compile_method;Compile::Compile;Compile::Optimize;Compile::optimize_loops;PhaseIdealLoop::build_and_optimize;PhaseIdealLoop::build_loop_tree;PhaseIdealLoop::build_loop_tree_impl 1
java/lang/Thread.run;java/lang/Thread.runWith;java/util/concurrent/ThreadPoolExecutor$Worker.run;java/util/concurrent/ThreadPoolExecutor.runWorker;java/util/concurrent/FutureTask.run;java/util/concurrent/Executors$RunnableAdapter.call;java/util/concurrent/FutureTask.run;org/openjdk/jmh/runner/BenchmarkHandler$BenchmarkTask.call;org/openjdk/jmh/runner/BenchmarkHandler$BenchmarkTask.call;java/lang/reflect/Method.invoke;jdk/internal/reflect/DirectMethodHandleAccessor.invoke;jdk/internal/reflect/DirectMethodHandleAccessor.invokeImpl;java/lang/invoke/LambdaForm$MH.0x0000000048061400.invokeExact_MT;java/lang/invoke/LambdaForm$MH.0x0000000048061000.invoke;java/lang/invoke/DirectMethodHandle$Holder.invokeSpecial;org/weakref/nitro/clickbench/jmh_generated/BenchmarkQueries_query43_jmhTest.query43_AverageTime;org/weakref/nitro/clickbench/jmh_generated/BenchmarkQueries_query43_jmhTest.query43_avgt_jmhStub;org/weakref/nitro/clickbench/BenchmarkQueries.query43;org/weakref/nitro/clickbench/BenchmarkQueries.consume;org/weakref/nitro/operator/OffsetOperator.hasNext;org/weakref/nitro/operator/OffsetOperator.skipFullyConsumedBatches;org/weakref/nitro/operator/TopNOperator.next;org/weakref/nitro/operator/TopNOperator.computeTopN;org/weakref/nitro/operator/GroupedAggregationOperator.next;org/weakref/nitro/operator/GroupedAggregationOperator.computeResults;org/weakref/nitro/operator/GroupOperator.next;org/weakref/nitro/operator/ProjectOperator.next;org/weakref/nitro/operator/FilterOperator.next;org/weakref/nitro/operator/evaluator/PlanEvaluator.evaluateInPlace;org/weakref/nitro/operator/evaluator/PlanEvaluator.evaluateTrueMaskInPlace;org/weakref/nitro/operator/evaluator/PlanEvaluator.evaluateAdaptiveAndTrueMaskInPlace;org/weakref/nitro/operator/evaluator/PlanEvaluator.evaluateMeasuredTrueMaskInPlace;org/weakref/nitro/operator/evaluator/PlanEvaluator.evaluateTrueMaskInPlace;org/weakref/nitro/operator/evaluator/PlanEvaluator.evaluateAdaptiveAndTrueMaskInPlace;org/weakref/nitro/operator/evaluator/PlanEvaluator.evaluateMeasuredTrueMaskInPlace;org/weakref/nitro/operator/evaluator/PlanEvaluator.evaluateTrueMaskInPlace;org/weakref/nitro/operator/evaluator/PlanEvaluator.tryEvaluatePrimitiveTrueMaskInPlace;org/weakref/nitro/operator/evaluator/PlanEvaluator.tryEvaluatePrimitiveMaskInPlace;org/weakref/nitro/operator/evaluator/PlanEvaluator.resolveMaskPrimitiveInvocation;org/weakref/nitro/operator/evaluator/PlanEvaluator.evaluateArgument;org/weakref/nitro/operator/evaluator/PlanEvaluator.evaluateAvailableReference;org/weakref/nitro/operator/evaluator/PlanEvaluator.evaluate;org/weakref/nitro/operator/evaluator/PlanEvaluator.evaluateUnmemoized;org/weakref/nitro/operator/evaluator/PlanEvaluator.evaluateVariable;org/weakref/nitro/operator/evaluator/PlanEvaluator.evaluateLiteral;org/weakref/nitro/operator/evaluator/PlanEvaluator.fillLongRle;org/weakref/nitro/data/Allocator.allocate;org/weakref/nitro/data/Allocator$ContextState.borrowVector;org/weakref/nitro/data/Allocator$ContextState.removeFromOrder 1
/usr/lib/x86_64-linux-gnu/libc.so.6;/usr/lib/x86_64-linux-gnu/libc.so.6;thread_native_entry;Thread::call_run;JavaThread::thread_main_inner;CompileBroker::compiler_thread_loop;CompileBroker::invoke_compiler_on_method;C2Compiler::compile_method;Compile::Compile;ParseGenerator::generate;Parse::Parse;Parse::do_all_blocks;Parse::do_one_block;Parse::do_call;PredictedCallGenerator::generate;ParseGenerator::generate;Parse::Parse;Parse::do_all_blocks;Parse::do_one_block;Parse::do_call;PredictedCallGenerator::generate;ParseGenerator::generate;Parse::Parse;Parse::do_all_blocks;Parse::do_one_block;Parse::do_field_access;Parse::do_get_xxx;PhaseGVN::transform;Type::hashcons;Dict::Insert;Dict::doubhash;TypeAryPtr::hash 1
java/lang/Thread.run;java/lang/Thread.runWith;java/util/concurrent/ThreadPoolExecutor$Worker.run;java/util/concurrent/ThreadPoolExecutor.runWorker;java/util/concurrent/FutureTask.run;java/util/concurrent/Executors$RunnableAdapter.call;java/util/concurrent/FutureTask.run;org/openjdk/jmh/runner/BenchmarkHandler$BenchmarkTask.call;org/openjdk/jmh/runner/BenchmarkHandler$BenchmarkTask.call;java/lang/reflect/Method.invoke;jdk/internal/reflect/DirectMethodHandleAccessor.invoke;jdk/internal/reflect/DirectMethodHandleAccessor.invokeImpl;java/lang/invoke/LambdaForm$MH.0x0000000048061400.invokeExact_MT;java/lang/invoke/LambdaForm$MH.0x0000000048061000.invoke;java/lang/invoke/DirectMethodHandle$Holder.invokeSpecial;org/weakref/nitro/clickbench/jmh_generated/BenchmarkQueries_query43_jmhTest.query43_AverageTime;org/weakref/nitro/clickbench/jmh_generated/BenchmarkQueries_query43_jmhTest.query43_avgt_jmhStub;org/weakref/nitro/clickbench/BenchmarkQueries.query43;org/weakref/nitro/clickbench/BenchmarkQueries.consume;org/weakref/nitro/operator/OffsetOperator.hasNext;org/weakref/nitro/operator/OffsetOperator.skipFullyConsumedBatches;org/weakref/nitro/operator/TopNOperator.next;org/weakref/nitro/operator/TopNOperator.computeTopN;org/weakref/nitro/operator/GroupedAggregationOperator.next;org/weakref/nitro/operator/GroupedAggregationOperator.computeResults;org/weakref/nitro/operator/GroupOperator.next;org/weakref/nitro/operator/ProjectOperator.next;org/weakref/nitro/operator/FilterOperator.next;org/weakref/nitro/operator/evaluator/PlanEvaluator.resetForReuse;org/weakref/nitro/data/Allocator.releaseIfPresent;java/util/HashMap.get;java/util/HashMap.getNode 1
java/lang/Thread.run;java/lang/Thread.runWith;java/util/concurrent/ThreadPoolExecutor$Worker.run;java/util/concurrent/ThreadPoolExecutor.runWorker;java/util/concurrent/FutureTask.run;java/util/concurrent/Executors$RunnableAdapter.call;java/util/concurrent/FutureTask.run;org/openjdk/jmh/runner/BenchmarkHandler$BenchmarkTask.call;org/openjdk/jmh/runner/BenchmarkHandler$BenchmarkTask.call;java/lang/reflect/Method.invoke;jdk/internal/reflect/DirectMethodHandleAccessor.invoke;jdk/internal/reflect/DirectMethodHandleAccessor.invokeImpl;java/lang/invoke/LambdaForm$MH.0x0000000048061400.invokeExact_MT;java/lang/invoke/LambdaForm$MH.0x0000000048061000.invoke;java/lang/invoke/DirectMethodHandle$Holder.invokeSpecial;org/weakref/nitro/clickbench/jmh_generated/BenchmarkQueries_query43_jmhTest.query43_AverageTime;org/weakref/nitro/clickbench/jmh_generated/BenchmarkQueries_query43_jmhTest.query43_avgt_jmhStub;org/weakref/nitro/clickbench/BenchmarkQueries.query43;org/weakref/nitro/clickbench/BenchmarkQueries.consume;org/weakref/nitro/operator/OffsetOperator.hasNext;org/weakref/nitro/operator/OffsetOperator.skipFullyConsumedBatches;org/weakref/nitro/operator/TopNOperator.next;org/weakref/nitro/operator/TopNOperator.computeTopN;org/weakref/nitro/operator/GroupedAggregationOperator.next;org/weakref/nitro/operator/GroupedAggregationOperator.computeResults;org/weakref/nitro/operator/Output.borrow;org/weakref/nitro/operator/GroupOperator$$Lambda.0x00000000481e38d0.apply;org/weakref/nitro/operator/GroupOperator.lambda$next$0;org/weakref/nitro/operator/GroupOperator.groupIds;org/weakref/nitro/operator/GroupOperator.doGroupingIfNeeded;org/weakref/nitro/operator/Output.borrow;org/weakref/nitro/operator/ProjectOperator$$Lambda.0x00000000481e76d8.apply;org/weakref/nitro/operator/ProjectOperator.lambda$next$4;org/weakref/nitro/operator/ProjectOperator.evaluateOutput;java/util/HashMap.computeIfAbsent;org/weakref/nitro/operator/ProjectOperator$$Lambda.0x00000000481ea4e8.apply;org/weakref/nitro/operator/ProjectOperator.lambda$evaluateOutput$0;org/weakref/nitro/operator/ProjectOperator.evaluateBundle;org/weakref/nitro/operator/evaluator/PlanEvaluator.evaluate;org/weakref/nitro/operator/evaluator/PlanEvaluator.evaluateUnmemoized;org/weakref/nitro/operator/evaluator/PlanEvaluator.evaluateVariable;org/weakref/nitro/operator/evaluator/PlanEvaluator.evaluateCall;org/weakref/nitro/operator/evaluator/PlanEvaluator.evaluateArgument;org/weakref/nitro/operator/evaluator/PlanEvaluator.evaluate;org/weakref/nitro/operator/evaluator/PlanEvaluator.evaluateUnmemoized;org/weakref/nitro/operator/evaluator/PlanEvaluator.evaluateVariable;org/weakref/nitro/operator/evaluator/PlanEvaluator.evaluateCall;org/weakref/nitro/operator/evaluator/PlanEvaluator.evaluateArgument;org/weakref/nitro/operator/evaluator/PlanEvaluator.evaluate;org/weakref/nitro/operator/evaluator/PlanEvaluator.evaluateUnmemoized;org/weakref/nitro/operator/evaluator/PlanEvaluator.evaluateInput;org/weakref/nitro/operator/ProjectOperator$$Lambda.0x00000000481c6c60.resolve;org/weakref/nitro/operator/ProjectOperator.resolveEvaluatorInput;org/weakref/nitro/operator/Output.borrowOrNull;org/weakref/nitro/operator/Output.borrow;org/weakref/nitro/operator/NitroParquetScanOperator$ScanOutputResolver$$Lambda.0x00000000480aba90.apply;org/weakref/nitro/operator/NitroParquetScanOperator$ScanOutputResolver.resolve;org/weakref/nitro/operator/NitroParquetScanOperator.resolveLazyColumn;org/weakref/nitro/operator/NitroParquetScanOperator.drainPendingAdvance;org/weakref/nitro/parquet/ColumnReader.skip;org/weakref/nitro/parquet/ColumnReader.peekNextDataPage;org/weakref/nitro/parquet/ColumnReader.decompress;io/airlift/compress/v3/snappy/SnappyNativeDecompressor.decompress;io/airlift/compress/v3/snappy/SnappyNative.decompress;io/airlift/compress/v3/snappy/SnappyNative.decompressInternal;java/lang/invoke/LambdaForm$MH.0x00000000481dc400.invokeExact_MT;java/lang/invoke/LambdaForm$MH.0x00000000481f4400.invoke;java/lang/invoke/LambdaForm$DMH.0x00000000480b1400.invokeStatic;jdk/internal/foreign/abi/DowncallStub.0x00000000480b1000.invoke;java/lang/invoke/LambdaForm$MH.0x00000000481dd000.invokeExact_MT;java/lang/invoke/LambdaForm$MH.0x00000000481f4800.invoke;nep_invoker_blob;snappy_uncompress;snappy::RawUncompress;snappy::RawUncompress;void snappy::SnappyDecompressor::DecompressAllTags<snappy::SnappyArrayWriter>;std::pair<unsigned char const*, long> snappy::DecompressBranchless<char*> 2
java/lang/Thread.run;java/lang/Thread.runWith;java/util/concurrent/ThreadPoolExecutor$Worker.run;java/util/concurrent/ThreadPoolExecutor.runWorker;java/util/concurrent/FutureTask.run;java/util/concurrent/Executors$RunnableAdapter.call;java/util/concurrent/FutureTask.run;org/openjdk/jmh/runner/BenchmarkHandler$BenchmarkTask.call;org/openjdk/jmh/runner/BenchmarkHandler$BenchmarkTask.call;java/lang/reflect/Method.invoke;jdk/internal/reflect/DirectMethodHandleAccessor.invoke;jdk/internal/reflect/DirectMethodHandleAccessor.invokeImpl;java/lang/invoke/LambdaForm$MH.0x0000000048061400.invokeExact_MT;java/lang/invoke/LambdaForm$MH.0x0000000048061000.invoke;java/lang/invoke/DirectMethodHandle$Holder.invokeSpecial;org/weakref/nitro/clickbench/jmh_generated/BenchmarkQueries_query43_jmhTest.query43_AverageTime;org/weakref/nitro/clickbench/jmh_generated/BenchmarkQueries_query43_jmhTest.query43_avgt_jmhStub;org/weakref/nitro/clickbench/BenchmarkQueries.query43;org/weakref/nitro/clickbench/ClickBenchHitsSupport.query43;org/weakref/nitro/clickbench/ClickBenchHitsSupport.clickBenchScan;org/weakref/nitro/operator/NitroParquetScanOperator.<init>;java/util/stream/ReferencePipeline.toArray;java/util/stream/AbstractPipeline.evaluateToArrayNode;java/util/stream/AbstractPipeline.evaluate;java/util/stream/AbstractPipeline.wrapAndCopyInto;java/util/stream/AbstractPipeline.copyInto;java/util/AbstractList$RandomAccessSpliterator.forEachRemaining;java/util/stream/ReferencePipeline$3$1.accept;org/weakref/nitro/operator/NitroParquetScanOperator$$Lambda.0x00000000480864e8.apply;org/weakref/nitro/parquet/ParquetFile.open;org/weakref/nitro/parquet/ParquetFile.<init>;org/apache/parquet/format/Util.readFileMetaData;org/apache/parquet/format/Util.readFileMetaData;org/apache/parquet/format/Util.read;org/apache/parquet/format/FileMetaData.read;org/apache/parquet/format/FileMetaData$FileMetaDataStandardScheme.read;org/apache/parquet/format/FileMetaData$FileMetaDataStandardScheme.read;org/apache/parquet/format/RowGroup.read;org/apache/parquet/format/RowGroup$RowGroupStandardScheme.read;org/apache/parquet/format/RowGroup$RowGroupStandardScheme.read;org/apache/parquet/format/ColumnChunk.read;org/apache/parquet/format/ColumnChunk$ColumnChunkStandardScheme.read;org/apache/parquet/format/ColumnChunk$ColumnChunkStandardScheme.read;org/apache/parquet/format/ColumnMetaData.read;org/apache/parquet/format/ColumnMetaData$ColumnMetaDataStandardScheme.read;org/apache/parquet/format/ColumnMetaData$ColumnMetaDataStandardScheme.read;org/apache/parquet/format/PageEncodingStats.read;org/apache/parquet/format/PageEncodingStats$PageEncodingStatsStandardScheme.read;org/apache/parquet/format/PageEncodingStats$PageEncodingStatsStandardScheme.read;org/apache/parquet/format/InterningProtocol.readI32;shaded/parquet/org/apache/thrift/protocol/TCompactProtocol.readI32;shaded/parquet/org/apache/thrift/protocol/TCompactProtocol.readVarint32;shaded/parquet/org/apache/thrift/protocol/TCompactProtocol.readByte 1
java/lang/Thread.run;java/lang/Thread.runWith;java/util/concurrent/ThreadPoolExecutor$Worker.run;java/util/concurrent/ThreadPoolExecutor.runWorker;java/util/concurrent/FutureTask.run;java/util/concurrent/Executors$RunnableAdapter.call;java/util/concurrent/FutureTask.run;org/openjdk/jmh/runner/BenchmarkHandler$BenchmarkTask.call;org/openjdk/jmh/runner/BenchmarkHandler$BenchmarkTask.call;java/lang/reflect/Method.invoke;jdk/internal/reflect/DirectMethodHandleAccessor.invoke;jdk/internal/reflect/DirectMethodHandleAccessor.invokeImpl;java/lang/invoke/LambdaForm$MH.0x0000000048061400.invokeExact_MT;java/lang/invoke/LambdaForm$MH.0x0000000048061000.invoke;java/lang/invoke/DirectMethodHandle$Holder.invokeSpecial;org/weakref/nitro/clickbench/jmh_generated/BenchmarkQueries_query43_jmhTest.query43_AverageTime;org/weakref/nitro/clickbench/jmh_generated/BenchmarkQueries_query43_jmhTest.query43_avgt_jmhStub;org/weakref/nitro/clickbench/BenchmarkQueries.query43;org/weakref/nitro/clickbench/BenchmarkQueries.consume;org/weakref/nitro/operator/OffsetOperator.hasNext;org/weakref/nitro/operator/OffsetOperator.skipFullyConsumedBatches;org/weakref/nitro/operator/TopNOperator.next;org/weakref/nitro/operator/TopNOperator.computeTopN;org/weakref/nitro/operator/GroupedAggregationOperator.next;org/weakref/nitro/operator/GroupedAggregationOperator.computeResults;org/weakref/nitro/operator/GroupOperator.next;org/weakref/nitro/operator/ProjectOperator.next;org/weakref/nitro/operator/FilterOperator.next;org/weakref/nitro/operator/evaluator/PlanEvaluator.evaluateInPlace;org/weakref/nitro/operator/evaluator/PlanEvaluator.evaluateTrueMaskInPlace;org/weakref/nitro/operator/evaluator/PlanEvaluator.evaluateAdaptiveAndTrueMaskInPlace;org/weakref/nitro/operator/evaluator/PlanEvaluator.evaluateMeasuredTrueMaskInPlace;org/weakref/nitro/operator/evaluator/PlanEvaluator.evaluateTrueMaskInPlace;org/weakref/nitro/operator/evaluator/PlanEvaluator.tryEvaluatePrimitiveTrueMaskInPlace;org/weakref/nitro/operator/evaluator/PlanEvaluator.tryEvaluatePrimitiveMaskInPlace;org/weakref/nitro/operator/evaluator/PlanEvaluator.resolveMaskPrimitiveInvocation;org/weakref/nitro/operator/evaluator/PlanEvaluator.evaluateArgument;org/weakref/nitro/operator/FilterOperator$1.resolve;org/weakref/nitro/operator/Output.borrowOrNull;org/weakref/nitro/operator/Output.borrow;org/weakref/nitro/operator/Output.borrow;org/weakref/nitro/operator/NitroParquetScanOperator$ScanOutputResolver$$Lambda.0x00000000480aba90.apply;org/weakref/nitro/operator/NitroParquetScanOperator$ScanOutputResolver.resolve;org/weakref/nitro/operator/NitroParquetScanOperator.resolveLazyColumn;org/weakref/nitro/operator/NitroParquetScanOperator.decodeFullColumn;org/weakref/nitro/parquet/ColumnReader.readInts;org/weakref/nitro/parquet/ColumnReader.decodeNextDataPage;org/weakref/nitro/parquet/ColumnReader.decodeDataPageV1;org/weakref/nitro/parquet/ColumnReader.gatherDictionary;org/weakref/nitro/parquet/ColumnReader.gatherInts;jdk/incubator/vector/IntVector.intoArray 1
java/lang/Thread.run;java/lang/Thread.runWith;java/util/concurrent/ThreadPoolExecutor$Worker.run;java/util/concurrent/ThreadPoolExecutor.runWorker;java/util/concurrent/FutureTask.run;java/util/concurrent/Executors$RunnableAdapter.call;java/util/concurrent/FutureTask.run;org/openjdk/jmh/runner/BenchmarkHandler$BenchmarkTask.call;org/openjdk/jmh/runner/BenchmarkHandler$BenchmarkTask.call;java/lang/reflect/Method.invoke;jdk/internal/reflect/DirectMethodHandleAccessor.invoke;jdk/internal/reflect/DirectMethodHandleAccessor.invokeImpl;java/lang/invoke/LambdaForm$MH.0x0000000048061400.invokeExact_MT;java/lang/invoke/LambdaForm$MH.0x0000000048061000.invoke;java/lang/invoke/DirectMethodHandle$Holder.invokeSpecial;org/weakref/nitro/clickbench/jmh_generated/BenchmarkQueries_query43_jmhTest.query43_AverageTime;org/weakref/nitro/clickbench/jmh_generated/BenchmarkQueries_query43_jmhTest.query43_avgt_jmhStub;org/weakref/nitro/clickbench/BenchmarkQueries.query43;org/weakref/nitro/clickbench/ClickBenchHitsSupport.query43;org/weakref/nitro/clickbench/ClickBenchHitsSupport.clickBenchScan;org/weakref/nitro/operator/NitroParquetScanOperator.<init>;java/util/stream/ReferencePipeline.toArray;java/util/stream/AbstractPipeline.evaluateToArrayNode;java/util/stream/AbstractPipeline.evaluate;java/util/stream/AbstractPipeline.wrapAndCopyInto;java/util/stream/AbstractPipeline.copyInto;java/util/AbstractList$RandomAccessSpliterator.forEachRemaining;java/util/stream/ReferencePipeline$3$1.accept;org/weakref/nitro/operator/NitroParquetScanOperator$$Lambda.0x00000000480864e8.apply;org/weakref/nitro/parquet/ParquetFile.open;org/weakref/nitro/parquet/ParquetFile.<init>;org/apache/parquet/format/Util.readFileMetaData;org/apache/parquet/format/Util.readFileMetaData;org/apache/parquet/format/Util.read;org/apache/parquet/format/FileMetaData.read;org/apache/parquet/format/FileMetaData$FileMetaDataStandardScheme.read;org/apache/parquet/format/FileMetaData$FileMetaDataStandardScheme.read;shaded/parquet/org/apache/thrift/TUnion.read;shaded/parquet/org/apache/thrift/TUnion$TUnionStandardScheme.read;shaded/parquet/org/apache/thrift/TUnion$TUnionStandardScheme.read 1
java/lang/Thread.run;java/lang/Thread.runWith;java/util/concurrent/ThreadPoolExecutor$Worker.run;java/util/concurrent/ThreadPoolExecutor.runWorker;java/util/concurrent/FutureTask.run;java/util/concurrent/Executors$RunnableAdapter.call;java/util/concurrent/FutureTask.run;org/openjdk/jmh/runner/BenchmarkHandler$BenchmarkTask.call;org/openjdk/jmh/runner/BenchmarkHandler$BenchmarkTask.call;java/lang/reflect/Method.invoke;jdk/internal/reflect/DirectMethodHandleAccessor.invoke;jdk/internal/reflect/DirectMethodHandleAccessor.invokeImpl;java/lang/invoke/LambdaForm$MH.0x0000000048061400.invokeExact_MT;java/lang/invoke/LambdaForm$MH.0x0000000048061000.invoke;java/lang/invoke/DirectMethodHandle$Holder.invokeSpecial;org/weakref/nitro/clickbench/jmh_generated/BenchmarkQueries_query43_jmhTest.query43_AverageTime;org/weakref/nitro/clickbench/jmh_generated/BenchmarkQueries_query43_jmhTest.query43_avgt_jmhStub;org/weakref/nitro/clickbench/BenchmarkQueries.query43;org/weakref/nitro/clickbench/BenchmarkQueries.consume;org/weakref/nitro/operator/OffsetOperator.hasNext;org/weakref/nitro/operator/OffsetOperator.skipFullyConsumedBatches;org/weakref/nitro/operator/TopNOperator.next;org/weakref/nitro/operator/TopNOperator.computeTopN;org/weakref/nitro/operator/GroupedAggregationOperator.next;org/weakref/nitro/operator/GroupedAggregationOperator.computeResults;org/weakref/nitro/operator/GroupOperator.next;org/weakref/nitro/operator/ProjectOperator.next;org/weakref/nitro/operator/FilterOperator.next;org/weakref/nitro/operator/evaluator/PlanEvaluator.evaluateInPlace;org/weakref/nitro/operator/evaluator/PlanEvaluator.evaluateTrueMaskInPlace;org/weakref/nitro/operator/evaluator/PlanEvaluator.evaluateAdaptiveAndTrueMaskInPlace;org/weakref/nitro/operator/evaluator/PlanEvaluator.evaluateMeasuredTrueMaskInPlace;org/weakref/nitro/operator/evaluator/PlanEvaluator.evaluateTrueMaskInPlace;org/weakref/nitro/operator/evaluator/PlanEvaluator.evaluateAdaptiveAndTrueMaskInPlace;org/weakref/nitro/operator/evaluator/PlanEvaluator.orderTerms;java/util/ArrayList.sort;java/util/ArrayList.sortRange;java/util/Arrays.sort;java/util/TimSort.sort;java/util/TimSort.countRunAndMakeAscending;java/util/Comparator$$Lambda.0x0000000048168028.compare;java/util/Comparator.lambda$comparingDouble$8dcf42ea$1;org/weakref/nitro/operator/evaluator/PlanEvaluator$$Lambda.0x00000000481d3070.applyAsDouble;org/weakref/nitro/operator/evaluator/PlanEvaluator.lambda$orderTerms$0;org/weakref/nitro/operator/evaluator/PlanEvaluator.score;java/util/HashMap.get;java/util/HashMap.getNode;java/util/HashMap.hash;org/weakref/nitro/operator/evaluator/ir/AndMask.hashCode;java/lang/invoke/Invokers$Holder.linkToTargetMethod;java/lang/invoke/LambdaForm$MH.0x0000000048101c00.invoke;java/lang/invoke/LambdaForm$MH.0x0000000048101000.invoke;java/lang/invoke/DirectMethodHandle$Holder.invokeStatic;org/weakref/nitro/operator/evaluator/ir/AndMask$$HasherSpecializer.0x00000000481e6bd8.hasher0;java/util/ImmutableCollections$AbstractImmutableList.hashCode;java/util/Objects.hashCode;org/weakref/nitro/operator/evaluator/ir/AndMask.hashCode;java/lang/invoke/Invokers$Holder.linkToTargetMethod;java/lang/invoke/LambdaForm$MH.0x0000000048101c00.invoke;java/lang/invoke/LambdaForm$MH.0x0000000048101000.invoke;java/lang/invoke/DirectMethodHandle$Holder.invokeStatic;org/weakref/nitro/operator/evaluator/ir/AndMask$$HasherSpecializer.0x00000000481e6bd8.hasher0;java/util/ImmutableCollections$AbstractImmutableList.hashCode;java/util/Objects.hashCode;org/weakref/nitro/operator/evaluator/ir/ReferenceMask.hashCode;java/lang/invoke/Invokers$Holder.linkToTargetMethod;java/lang/invoke/LambdaForm$MH.0x0000000048101c00.invoke;java/lang/invoke/LambdaForm$MH.0x0000000048102000.invoke;java/lang/invoke/DelegatingMethodHandle$Holder.delegate;java/lang/invoke/DirectMethodHandle$Holder.invokeSpecial;org/weakref/nitro/operator/evaluator/ir/Reference.hashCode;java/lang/invoke/Invokers$Holder.linkToTargetMethod;java/lang/invoke/LambdaForm$MH.0x0000000048101c00.invoke;java/lang/invoke/LambdaForm$MH.0x0000000048101c00.invoke;java/lang/invoke/LambdaForm$MH.0x0000000048101000.invoke;java/lang/invoke/DirectMethodHandle$Holder.invokeStatic;org/weakref/nitro/operator/evaluator/ir/Reference$$HasherSpecializer.0x00000000481e4460.hasher0;org/weakref/nitro/operator/evaluator/ir/Variable.hashCode;java/lang/invoke/Invokers$Holder.linkToTargetMethod;java/lang/invoke/LambdaForm$MH.0x0000000048101c00.invoke;java/lang/invoke/MethodHandle.invokeBasic 1
java/lang/Thread.run;java/lang/Thread.runWith;java/util/concurrent/ThreadPoolExecutor$Worker.run;java/util/concurrent/ThreadPoolExecutor.runWorker;java/util/concurrent/FutureTask.run;java/util/concurrent/Executors$RunnableAdapter.call;java/util/concurrent/FutureTask.run;org/openjdk/jmh/runner/BenchmarkHandler$BenchmarkTask.call;org/openjdk/jmh/runner/BenchmarkHandler$BenchmarkTask.call;java/lang/reflect/Method.invoke;jdk/internal/reflect/DirectMethodHandleAccessor.invoke;jdk/internal/reflect/DirectMethodHandleAccessor.invokeImpl;java/lang/invoke/LambdaForm$MH.0x0000000048061400.invokeExact_MT;java/lang/invoke/LambdaForm$MH.0x0000000048061000.invoke;java/lang/invoke/DirectMethodHandle$Holder.invokeSpecial;org/weakref/nitro/clickbench/jmh_generated/BenchmarkQueries_query43_jmhTest.query43_AverageTime;org/weakref/nitro/clickbench/jmh_generated/BenchmarkQueries_query43_jmhTest.query43_avgt_jmhStub;org/weakref/nitro/clickbench/BenchmarkQueries.query43;org/weakref/nitro/clickbench/BenchmarkQueries.consume;org/weakref/nitro/operator/OffsetOperator.hasNext;org/weakref/nitro/operator/OffsetOperator.skipFullyConsumedBatches;org/weakref/nitro/operator/TopNOperator.next;org/weakref/nitro/operator/TopNOperator.computeTopN;org/weakref/nitro/operator/GroupedAggregationOperator.next;org/weakref/nitro/operator/GroupedAggregationOperator.computeResults;org/weakref/nitro/operator/Output.borrow;org/weakref/nitro/operator/GroupOperator$$Lambda.0x00000000481e38d0.apply;org/weakref/nitro/operator/GroupOperator.lambda$next$0;org/weakref/nitro/operator/GroupOperator.groupIds;org/weakref/nitro/operator/GroupOperator.doGroupingIfNeeded;org/weakref/nitro/operator/GroupingState.assignGroups;org/weakref/nitro/operator/GroupingState.assignGroups;org/weakref/nitro/operator/GroupingState.assignLongGroups 1
java/lang/Thread.run;java/lang/Thread.runWith;java/util/concurrent/ThreadPoolExecutor$Worker.run;java/util/concurrent/ThreadPoolExecutor.runWorker;java/util/concurrent/FutureTask.run;java/util/concurrent/Executors$RunnableAdapter.call;java/util/concurrent/FutureTask.run;org/openjdk/jmh/runner/BenchmarkHandler$BenchmarkTask.call;org/openjdk/jmh/runner/BenchmarkHandler$BenchmarkTask.call;java/lang/reflect/Method.invoke;jdk/internal/reflect/DirectMethodHandleAccessor.invoke;jdk/internal/reflect/DirectMethodHandleAccessor.invokeImpl;java/lang/invoke/LambdaForm$MH.0x0000000048061400.invokeExact_MT;java/lang/invoke/LambdaForm$MH.0x0000000048061000.invoke;java/lang/invoke/DirectMethodHandle$Holder.invokeSpecial;org/weakref/nitro/clickbench/jmh_generated/BenchmarkQueries_query43_jmhTest.query43_AverageTime;org/weakref/nitro/clickbench/jmh_generated/BenchmarkQueries_query43_jmhTest.query43_avgt_jmhStub;org/weakref/nitro/clickbench/BenchmarkQueries.query43;org/weakref/nitro/clickbench/ClickBenchHitsSupport.query43;org/weakref/nitro/clickbench/ClickBenchHitsSupport.clickBenchScan;org/weakref/nitro/operator/NitroParquetScanOperator.<init>;java/util/stream/ReferencePipeline.toArray;java/util/stream/AbstractPipeline.evaluateToArrayNode;java/util/stream/AbstractPipeline.evaluate;java/util/stream/AbstractPipeline.wrapAndCopyInto;java/util/stream/AbstractPipeline.copyInto;java/util/AbstractList$RandomAccessSpliterator.forEachRemaining;java/util/stream/ReferencePipeline$3$1.accept;org/weakref/nitro/operator/NitroParquetScanOperator$$Lambda.0x00000000480864e8.apply;org/weakref/nitro/parquet/ParquetFile.open;org/weakref/nitro/parquet/ParquetFile.<init>;org/apache/parquet/format/Util.readFileMetaData;org/apache/parquet/format/Util.readFileMetaData;org/apache/parquet/format/Util.read;org/apache/parquet/format/FileMetaData.read;org/apache/parquet/format/FileMetaData$FileMetaDataStandardScheme.read;org/apache/parquet/format/FileMetaData$FileMetaDataStandardScheme.read;org/apache/parquet/format/RowGroup.read;org/apache/parquet/format/RowGroup$RowGroupStandardScheme.read;org/apache/parquet/format/RowGroup$RowGroupStandardScheme.read;org/apache/parquet/format/ColumnChunk.read;org/apache/parquet/format/ColumnChunk$ColumnChunkStandardScheme.read;org/apache/parquet/format/ColumnChunk$ColumnChunkStandardScheme.read;org/apache/parquet/format/ColumnMetaData.read;org/apache/parquet/format/ColumnMetaData$ColumnMetaDataStandardScheme.read;org/apache/parquet/format/ColumnMetaData$ColumnMetaDataStandardScheme.read;org/apache/parquet/format/PageEncodingStats.read;org/apache/parquet/format/PageEncodingStats$PageEncodingStatsStandardScheme.read;org/apache/parquet/format/PageEncodingStats$PageEncodingStatsStandardScheme.read;org/apache/parquet/format/InterningProtocol.readI32;shaded/parquet/org/apache/thrift/protocol/TCompactProtocol.readI32;shaded/parquet/org/apache/thrift/protocol/TCompactProtocol.readVarint32;shaded/parquet/org/apache/thrift/protocol/TCompactProtocol.readByte;shaded/parquet/org/apache/thrift/transport/TTransport.readAll;shaded/parquet/org/apache/thrift/transport/TIOStreamTransport.read;org/weakref/nitro/parquet/ParquetFile$SegmentInputStream.read;java/lang/foreign/MemorySegment.copy;jdk/internal/foreign/AbstractMemorySegmentImpl.copy 6
java/lang/Thread.run;java/lang/Thread.runWith;java/util/concurrent/ThreadPoolExecutor$Worker.run;java/util/concurrent/ThreadPoolExecutor.runWorker;java/util/concurrent/FutureTask.run;java/util/concurrent/Executors$RunnableAdapter.call;java/util/concurrent/FutureTask.run;org/openjdk/jmh/runner/BenchmarkHandler$BenchmarkTask.call;org/openjdk/jmh/runner/BenchmarkHandler$BenchmarkTask.call;java/lang/reflect/Method.invoke;jdk/internal/reflect/DirectMethodHandleAccessor.invoke;jdk/internal/reflect/DirectMethodHandleAccessor.invokeImpl;java/lang/invoke/LambdaForm$MH.0x0000000048061400.invokeExact_MT;java/lang/invoke/LambdaForm$MH.0x0000000048061000.invoke;java/lang/invoke/DirectMethodHandle$Holder.invokeSpecial;org/weakref/nitro/clickbench/jmh_generated/BenchmarkQueries_query43_jmhTest.query43_AverageTime;org/weakref/nitro/clickbench/jmh_generated/BenchmarkQueries_query43_jmhTest.query43_avgt_jmhStub;org/weakref/nitro/clickbench/BenchmarkQueries.query43;org/weakref/nitro/clickbench/ClickBenchHitsSupport.query43;org/weakref/nitro/clickbench/ClickBenchHitsSupport.counterAndEventDateFilter;org/weakref/nitro/clickbench/ClickBenchHitsSupport.dateRange;org/weakref/nitro/clickbench/ClickBenchHitsSupport.eventDateLiteral;org/weakref/nitro/clickbench/ClickBenchHitsSupport.eventDateUsesEpochDays;org/apache/parquet/hadoop/ParquetFileReader.open;org/apache/parquet/ParquetReadOptions.builder;org/apache/parquet/ParquetReadOptions$Builder.<init>;org/apache/parquet/ParquetReadOptions$Builder.<init>;org/apache/parquet/conf/HadoopParquetConfiguration.getBoolean;org/apache/hadoop/conf/Configuration.getBoolean;org/apache/hadoop/conf/Configuration.getTrimmed;org/apache/hadoop/conf/Configuration.get;org/apache/hadoop/conf/Configuration.getProps;org/apache/hadoop/conf/Configuration.loadProps;org/apache/hadoop/conf/Configuration.loadResources;org/apache/hadoop/conf/Configuration.loadResource;org/apache/hadoop/conf/Configuration.loadProperty;java/util/Properties.setProperty 1
java/lang/Thread.run;java/lang/Thread.runWith;java/util/concurrent/ThreadPoolExecutor$Worker.run;java/util/concurrent/ThreadPoolExecutor.runWorker;java/util/concurrent/FutureTask.run;java/util/concurrent/Executors$RunnableAdapter.call;java/util/concurrent/FutureTask.run;org/openjdk/jmh/runner/BenchmarkHandler$BenchmarkTask.call;org/openjdk/jmh/runner/BenchmarkHandler$BenchmarkTask.call;java/lang/reflect/Method.invoke;jdk/internal/reflect/DirectMethodHandleAccessor.invoke;jdk/internal/reflect/DirectMethodHandleAccessor.invokeImpl;java/lang/invoke/LambdaForm$MH.0x0000000048061400.invokeExact_MT;java/lang/invoke/LambdaForm$MH.0x0000000048061000.invoke;java/lang/invoke/DirectMethodHandle$Holder.invokeSpecial;org/weakref/nitro/clickbench/jmh_generated/BenchmarkQueries_query43_jmhTest.query43_AverageTime;org/weakref/nitro/clickbench/jmh_generated/BenchmarkQueries_query43_jmhTest.query43_avgt_jmhStub;org/weakref/nitro/clickbench/BenchmarkQueries.query43;org/weakref/nitro/clickbench/ClickBenchHitsSupport.query43;org/weakref/nitro/clickbench/ClickBenchHitsSupport.clickBenchScan;org/weakref/nitro/operator/NitroParquetScanOperator.<init>;java/util/stream/ReferencePipeline.toArray;java/util/stream/AbstractPipeline.evaluateToArrayNode;java/util/stream/AbstractPipeline.evaluate;java/util/stream/AbstractPipeline.wrapAndCopyInto;java/util/stream/AbstractPipeline.copyInto;java/util/AbstractList$RandomAccessSpliterator.forEachRemaining;java/util/stream/ReferencePipeline$3$1.accept;org/weakref/nitro/operator/NitroParquetScanOperator$$Lambda.0x00000000480864e8.apply;org/weakref/nitro/parquet/ParquetFile.open;org/weakref/nitro/parquet/ParquetFile.<init>;org/apache/parquet/format/Util.readFileMetaData;org/apache/parquet/format/Util.readFileMetaData;org/apache/parquet/format/Util.read;org/apache/parquet/format/FileMetaData.read;org/apache/parquet/format/FileMetaData$FileMetaDataStandardScheme.read;org/apache/parquet/format/FileMetaData$FileMetaDataStandardScheme.read;org/apache/parquet/format/RowGroup.read;org/apache/parquet/format/RowGroup$RowGroupStandardScheme.read;org/apache/parquet/format/RowGroup$RowGroupStandardScheme.read;org/apache/parquet/format/ColumnChunk.read;org/apache/parquet/format/ColumnChunk$ColumnChunkStandardScheme.read;org/apache/parquet/format/ColumnChunk$ColumnChunkStandardScheme.read;org/apache/parquet/format/ColumnMetaData.read;org/apache/parquet/format/ColumnMetaData$ColumnMetaDataStandardScheme.read;org/apache/parquet/format/ColumnMetaData$ColumnMetaDataStandardScheme.read;org/apache/parquet/format/InterningProtocol.readI32;shaded/parquet/org/apache/thrift/protocol/TCompactProtocol.readI32;shaded/parquet/org/apache/thrift/protocol/TCompactProtocol.readVarint32;shaded/parquet/org/apache/thrift/protocol/TCompactProtocol.readByte 3
java/lang/Thread.run;java/lang/Thread.runWith;java/util/concurrent/ThreadPoolExecutor$Worker.run;java/util/concurrent/ThreadPoolExecutor.runWorker;java/util/concurrent/FutureTask.run;java/util/concurrent/Executors$RunnableAdapter.call;java/util/concurrent/FutureTask.run;org/openjdk/jmh/runner/BenchmarkHandler$BenchmarkTask.call;org/openjdk/jmh/runner/BenchmarkHandler$BenchmarkTask.call;java/lang/reflect/Method.invoke;jdk/internal/reflect/DirectMethodHandleAccessor.invoke;jdk/internal/reflect/DirectMethodHandleAccessor.invokeImpl;java/lang/invoke/LambdaForm$MH.0x0000000048061400.invokeExact_MT;java/lang/invoke/LambdaForm$MH.0x0000000048061000.invoke;java/lang/invoke/DirectMethodHandle$Holder.invokeSpecial;org/weakref/nitro/clickbench/jmh_generated/BenchmarkQueries_query43_jmhTest.query43_AverageTime;org/weakref/nitro/clickbench/jmh_generated/BenchmarkQueries_query43_jmhTest.query43_avgt_jmhStub;org/weakref/nitro/clickbench/BenchmarkQueries.query43;org/weakref/nitro/clickbench/BenchmarkQueries.consume;org/weakref/nitro/operator/OffsetOperator.hasNext;org/weakref/nitro/operator/OffsetOperator.skipFullyConsumedBatches;org/weakref/nitro/operator/TopNOperator.next;org/weakref/nitro/operator/TopNOperator.computeTopN;org/weakref/nitro/operator/GroupedAggregationOperator.next;org/weakref/nitro/operator/GroupedAggregationOperator.computeResults;org/weakref/nitro/operator/GroupOperator.next;org/weakref/nitro/operator/ProjectOperator.next;org/weakref/nitro/operator/FilterOperator.next;org/weakref/nitro/operator/evaluator/PlanEvaluator.evaluateInPlace;org/weakref/nitro/operator/evaluator/PlanEvaluator.evaluateTrueMaskInPlace;org/weakref/nitro/operator/evaluator/PlanEvaluator.evaluateAdaptiveAndTrueMaskInPlace;org/weakref/nitro/operator/evaluator/PlanEvaluator.orderTerms;java/util/ArrayList.sort;java/util/ArrayList.sortRange;java/util/Arrays.sort;java/util/TimSort.sort;java/util/TimSort.countRunAndMakeAscending;java/util/Comparator$$Lambda.0x0000000048168028.compare;java/util/Comparator.lambda$comparingDouble$8dcf42ea$1;org/weakref/nitro/operator/evaluator/PlanEvaluator$$Lambda.0x00000000481d3070.applyAsDouble;org/weakref/nitro/operator/evaluator/PlanEvaluator.lambda$orderTerms$0;org/weakref/nitro/operator/evaluator/PlanEvaluator.score 1
/usr/lib/x86_64-linux-gnu/libc.so.6;/usr/lib/x86_64-linux-gnu/libc.so.6;thread_native_entry;Thread::call_run;JavaThread::thread_main_inner;CompileBroker::compiler_thread_loop;CompileBroker::invoke_compiler_on_method;C2Compiler::compile_method;Compile::Compile;Compile::Code_Gen;PhaseChaitin::Register_Allocate;PhaseChaitin::build_ifg_virtual;PhaseChaitin::interfere_with_live;IndexSetIterator::advance_and_next 1
java/lang/Thread.run;java/lang/Thread.runWith;java/util/concurrent/ThreadPoolExecutor$Worker.run;java/util/concurrent/ThreadPoolExecutor.runWorker;java/util/concurrent/FutureTask.run;java/util/concurrent/Executors$RunnableAdapter.call;java/util/concurrent/FutureTask.run;org/openjdk/jmh/runner/BenchmarkHandler$BenchmarkTask.call;org/openjdk/jmh/runner/BenchmarkHandler$BenchmarkTask.call;java/lang/reflect/Method.invoke;jdk/internal/reflect/DirectMethodHandleAccessor.invoke;jdk/internal/reflect/DirectMethodHandleAccessor.invokeImpl;java/lang/invoke/LambdaForm$MH.0x0000000048061400.invokeExact_MT;java/lang/invoke/LambdaForm$MH.0x0000000048061000.invoke;java/lang/invoke/DirectMethodHandle$Holder.invokeSpecial;org/weakref/nitro/clickbench/jmh_generated/BenchmarkQueries_query43_jmhTest.query43_AverageTime;org/weakref/nitro/clickbench/jmh_generated/BenchmarkQueries_query43_jmhTest.query43_avgt_jmhStub;org/weakref/nitro/clickbench/BenchmarkQueries.query43;org/weakref/nitro/clickbench/BenchmarkQueries.consume;org/weakref/nitro/operator/OffsetOperator.hasNext;org/weakref/nitro/operator/OffsetOperator.skipFullyConsumedBatches;org/weakref/nitro/operator/TopNOperator.next;org/weakref/nitro/operator/TopNOperator.computeTopN;org/weakref/nitro/operator/GroupedAggregationOperator.next;org/weakref/nitro/operator/GroupedAggregationOperator.computeResults;org/weakref/nitro/operator/GroupOperator.next;org/weakref/nitro/operator/ProjectOperator.next;org/weakref/nitro/operator/FilterOperator.next;org/weakref/nitro/operator/evaluator/PlanEvaluator.evaluateInPlace;org/weakref/nitro/operator/evaluator/PlanEvaluator.evaluateTrueMaskInPlace;org/weakref/nitro/operator/evaluator/PlanEvaluator.evaluateAdaptiveAndTrueMaskInPlace;org/weakref/nitro/operator/evaluator/PlanEvaluator.evaluateMeasuredTrueMaskInPlace;org/weakref/nitro/operator/evaluator/PlanEvaluator.evaluateTrueMaskInPlace;org/weakref/nitro/operator/evaluator/PlanEvaluator.tryEvaluatePrimitiveTrueMaskInPlace;org/weakref/nitro/operator/evaluator/PlanEvaluator.tryEvaluatePrimitiveMaskInPlace;org/weakref/nitro/function/scalar/builtin/EqualI64.tryEvaluateTrueMaskInPlace;org/weakref/nitro/function/scalar/builtin/LongComparisonMaskSupport.tryEvaluateTrueMaskInPlace;org/weakref/nitro/function/scalar/builtin/LongComparisonMaskSupport.tryConstantComparisonInPlace;org/weakref/nitro/function/scalar/builtin/LongComparisonMaskSupport.singleRunLong 1
java/lang/Thread.run;java/lang/Thread.runWith;java/util/concurrent/ThreadPoolExecutor$Worker.run;java/util/concurrent/ThreadPoolExecutor.runWorker;java/util/concurrent/FutureTask.run;java/util/concurrent/Executors$RunnableAdapter.call;java/util/concurrent/FutureTask.run;org/openjdk/jmh/runner/BenchmarkHandler$BenchmarkTask.call;org/openjdk/jmh/runner/BenchmarkHandler$BenchmarkTask.call;java/lang/reflect/Method.invoke;jdk/internal/reflect/DirectMethodHandleAccessor.invoke;jdk/internal/reflect/DirectMethodHandleAccessor.invokeImpl;java/lang/invoke/LambdaForm$MH.0x0000000048061400.invokeExact_MT;java/lang/invoke/LambdaForm$MH.0x0000000048061000.invoke;java/lang/invoke/DirectMethodHandle$Holder.invokeSpecial;org/weakref/nitro/clickbench/jmh_generated/BenchmarkQueries_query43_jmhTest.query43_AverageTime;org/weakref/nitro/clickbench/jmh_generated/BenchmarkQueries_query43_jmhTest.query43_avgt_jmhStub;org/weakref/nitro/clickbench/BenchmarkQueries.query43;org/weakref/nitro/clickbench/ClickBenchHitsSupport.query43;org/weakref/nitro/clickbench/ClickBenchHitsSupport.clickBenchScan;org/weakref/nitro/operator/NitroParquetScanOperator.<init>;java/util/stream/ReferencePipeline.toArray;java/util/stream/AbstractPipeline.evaluateToArrayNode;java/util/stream/AbstractPipeline.evaluate;java/util/stream/AbstractPipeline.wrapAndCopyInto;java/util/stream/AbstractPipeline.copyInto;java/util/AbstractList$RandomAccessSpliterator.forEachRemaining;java/util/stream/ReferencePipeline$3$1.accept;org/weakref/nitro/operator/NitroParquetScanOperator$$Lambda.0x00000000480864e8.apply;org/weakref/nitro/parquet/ParquetFile.open;org/weakref/nitro/parquet/ParquetFile.<init>;org/apache/parquet/format/Util.readFileMetaData;org/apache/parquet/format/Util.readFileMetaData;org/apache/parquet/format/Util.read;org/apache/parquet/format/FileMetaData.read;org/apache/parquet/format/FileMetaData$FileMetaDataStandardScheme.read;org/apache/parquet/format/FileMetaData$FileMetaDataStandardScheme.read;org/apache/parquet/format/RowGroup.read;org/apache/parquet/format/RowGroup$RowGroupStandardScheme.read;org/apache/parquet/format/RowGroup$RowGroupStandardScheme.read;org/apache/parquet/format/ColumnChunk.read;org/apache/parquet/format/ColumnChunk$ColumnChunkStandardScheme.read;org/apache/parquet/format/ColumnChunk$ColumnChunkStandardScheme.read;org/apache/parquet/format/ColumnMetaData.read;org/apache/parquet/format/ColumnMetaData$ColumnMetaDataStandardScheme.read;org/apache/parquet/format/ColumnMetaData$ColumnMetaDataStandardScheme.read;org/apache/parquet/format/Statistics.read;org/apache/parquet/format/Statistics$StatisticsStandardScheme.read;org/apache/parquet/format/Statistics$StatisticsStandardScheme.read;org/apache/parquet/format/InterningProtocol.readFieldBegin;shaded/parquet/org/apache/thrift/protocol/TCompactProtocol.readFieldBegin;shaded/parquet/org/apache/thrift/protocol/TCompactProtocol.readByte 1
java/lang/Thread.run;java/lang/Thread.runWith;java/util/concurrent/ThreadPoolExecutor$Worker.run;java/util/concurrent/ThreadPoolExecutor.runWorker;java/util/concurrent/FutureTask.run;java/util/concurrent/Executors$RunnableAdapter.call;java/util/concurrent/FutureTask.run;org/openjdk/jmh/runner/BenchmarkHandler$BenchmarkTask.call;org/openjdk/jmh/runner/BenchmarkHandler$BenchmarkTask.call;java/lang/reflect/Method.invoke;jdk/internal/reflect/DirectMethodHandleAccessor.invoke;jdk/internal/reflect/DirectMethodHandleAccessor.invokeImpl;java/lang/invoke/LambdaForm$MH.0x0000000048061400.invokeExact_MT;java/lang/invoke/LambdaForm$MH.0x0000000048061000.invoke;java/lang/invoke/DirectMethodHandle$Holder.invokeSpecial;org/weakref/nitro/clickbench/jmh_generated/BenchmarkQueries_query43_jmhTest.query43_AverageTime;org/weakref/nitro/clickbench/jmh_generated/BenchmarkQueries_query43_jmhTest.query43_avgt_jmhStub;org/weakref/nitro/clickbench/BenchmarkQueries.query43;org/weakref/nitro/clickbench/ClickBenchHitsSupport.query43;org/weakref/nitro/clickbench/ClickBenchHitsSupport.clickBenchScan;org/weakref/nitro/clickbench/ClickBenchHitsSupport.parquetFiles;java/util/stream/ReferencePipeline.toList;java/util/stream/ReferencePipeline.toArray;java/util/stream/ReferencePipeline.toArray;java/util/stream/Nodes$SpinedNodeBuilder.asArray;java/util/stream/SpinedBuffer.asArray;java/util/stream/Nodes$SpinedNodeBuilder.copyInto;java/util/stream/SpinedBuffer.copyInto 1
java/lang/Thread.run;java/lang/Thread.runWith;java/util/concurrent/ThreadPoolExecutor$Worker.run;java/util/concurrent/ThreadPoolExecutor.runWorker;java/util/concurrent/FutureTask.run;java/util/concurrent/Executors$RunnableAdapter.call;java/util/concurrent/FutureTask.run;org/openjdk/jmh/runner/BenchmarkHandler$BenchmarkTask.call;org/openjdk/jmh/runner/BenchmarkHandler$BenchmarkTask.call;java/lang/reflect/Method.invoke;jdk/internal/reflect/DirectMethodHandleAccessor.invoke;jdk/internal/reflect/DirectMethodHandleAccessor.invokeImpl;java/lang/invoke/LambdaForm$MH.0x0000000048061400.invokeExact_MT;java/lang/invoke/LambdaForm$MH.0x0000000048061000.invoke;java/lang/invoke/DirectMethodHandle$Holder.invokeSpecial;org/weakref/nitro/clickbench/jmh_generated/BenchmarkQueries_query43_jmhTest.query43_AverageTime;org/weakref/nitro/clickbench/jmh_generated/BenchmarkQueries_query43_jmhTest.query43_avgt_jmhStub;org/weakref/nitro/clickbench/BenchmarkQueries.query43;org/weakref/nitro/clickbench/BenchmarkQueries.consume;org/weakref/nitro/operator/OffsetOperator.hasNext;org/weakref/nitro/operator/OffsetOperator.skipFullyConsumedBatches;org/weakref/nitro/operator/TopNOperator.next;org/weakref/nitro/operator/TopNOperator.computeTopN;org/weakref/nitro/operator/GroupedAggregationOperator.next;org/weakref/nitro/operator/GroupedAggregationOperator.computeResults;org/weakref/nitro/operator/GroupOperator.next;org/weakref/nitro/operator/ProjectOperator.next;org/weakref/nitro/operator/FilterOperator.next;org/weakref/nitro/operator/evaluator/PlanEvaluator.evaluateInPlace;org/weakref/nitro/operator/evaluator/PlanEvaluator.evaluateTrueMaskInPlace;org/weakref/nitro/operator/evaluator/PlanEvaluator.evaluateAdaptiveAndTrueMaskInPlace;org/weakref/nitro/operator/evaluator/PlanEvaluator.evaluateMeasuredTrueMaskInPlace;org/weakref/nitro/operator/evaluator/PlanEvaluator.evaluateTrueMaskInPlace;org/weakref/nitro/operator/evaluator/PlanEvaluator.evaluateAdaptiveAndTrueMaskInPlace;org/weakref/nitro/operator/evaluator/PlanEvaluator.evaluateMeasuredTrueMaskInPlace;org/weakref/nitro/operator/evaluator/PlanEvaluator.evaluateTrueMaskInPlace;org/weakref/nitro/operator/evaluator/PlanEvaluator.evaluateAdaptiveAndTrueMaskInPlace;org/weakref/nitro/operator/evaluator/PlanEvaluator.evaluateMeasuredTrueMaskInPlace;org/weakref/nitro/operator/evaluator/PlanEvaluator.evaluateTrueMaskInPlace;org/weakref/nitro/operator/evaluator/PlanEvaluator.evaluateAdaptiveAndTrueMaskInPlace;org/weakref/nitro/operator/evaluator/PlanEvaluator.findLongConstantRange;org/weakref/nitro/operator/evaluator/PlanEvaluator.evaluateArgument;org/weakref/nitro/operator/FilterOperator$1.resolve;org/weakref/nitro/operator/Output.borrowOrNull;org/weakref/nitro/operator/Output.borrow;org/weakref/nitro/operator/Output.borrow;org/weakref/nitro/operator/NitroParquetScanOperator$ScanOutputResolver$$Lambda.0x00000000480aba90.apply;org/weakref/nitro/operator/NitroParquetScanOperator$ScanOutputResolver.resolve;org/weakref/nitro/operator/NitroParquetScanOperator.resolveLazyColumn;org/weakref/nitro/operator/NitroParquetScanOperator.decodeFullColumn;org/weakref/nitro/parquet/ColumnReader.readInts;org/weakref/nitro/parquet/ColumnReader.decodeNextDataPage;org/weakref/nitro/parquet/ColumnReader.decodeDataPageV1;org/weakref/nitro/parquet/ColumnReader.gatherDictionary;org/weakref/nitro/parquet/ColumnReader.gatherInts;jdk/incubator/vector/IntVector.intoArray 1
/usr/lib/x86_64-linux-gnu/libc.so.6;/usr/lib/x86_64-linux-gnu/libc.so.6;thread_native_entry;Thread::call_run;JavaThread::thread_main_inner;CompileBroker::compiler_thread_loop;CompileBroker::invoke_compiler_on_method;C2Compiler::compile_method;Compile::Compile;Compile::Optimize;Compile::optimize_loops;PhaseIdealLoop::build_and_optimize;PhaseIdealLoop::build_loop_late;PhaseIdealLoop::build_loop_late_post_work;ProjNode::Opcode 1
java/lang/Thread.run;java/lang/Thread.runWith;java/util/concurrent/ThreadPoolExecutor$Worker.run;java/util/concurrent/ThreadPoolExecutor.runWorker;java/util/concurrent/FutureTask.run;java/util/concurrent/Executors$RunnableAdapter.call;java/util/concurrent/FutureTask.run;org/openjdk/jmh/runner/BenchmarkHandler$BenchmarkTask.call;org/openjdk/jmh/runner/BenchmarkHandler$BenchmarkTask.call;java/lang/reflect/Method.invoke;jdk/internal/reflect/DirectMethodHandleAccessor.invoke;jdk/internal/reflect/DirectMethodHandleAccessor.invokeImpl;java/lang/invoke/LambdaForm$MH.0x0000000048061400.invokeExact_MT;java/lang/invoke/LambdaForm$MH.0x0000000048061000.invoke;java/lang/invoke/DirectMethodHandle$Holder.invokeSpecial;org/weakref/nitro/clickbench/jmh_generated/BenchmarkQueries_query43_jmhTest.query43_AverageTime;org/weakref/nitro/clickbench/jmh_generated/BenchmarkQueries_query43_jmhTest.query43_avgt_jmhStub;org/weakref/nitro/clickbench/BenchmarkQueries.query43;org/weakref/nitro/clickbench/ClickBenchHitsSupport.query43;org/weakref/nitro/clickbench/ClickBenchHitsSupport.clickBenchScan;org/weakref/nitro/operator/NitroParquetScanOperator.<init>;java/util/stream/ReferencePipeline.toArray;java/util/stream/AbstractPipeline.evaluateToArrayNode;java/util/stream/AbstractPipeline.evaluate;java/util/stream/AbstractPipeline.wrapAndCopyInto;java/util/stream/AbstractPipeline.copyInto;java/util/AbstractList$RandomAccessSpliterator.forEachRemaining;java/util/stream/ReferencePipeline$3$1.accept;org/weakref/nitro/operator/NitroParquetScanOperator$$Lambda.0x00000000480864e8.apply;org/weakref/nitro/parquet/ParquetFile.open;org/weakref/nitro/parquet/ParquetFile.<init>;org/apache/parquet/format/Util.readFileMetaData;org/apache/parquet/format/Util.readFileMetaData;org/apache/parquet/format/Util.read;org/apache/parquet/format/FileMetaData.read;org/apache/parquet/format/FileMetaData$FileMetaDataStandardScheme.read;org/apache/parquet/format/FileMetaData$FileMetaDataStandardScheme.read;org/apache/parquet/format/RowGroup.read;org/apache/parquet/format/RowGroup$RowGroupStandardScheme.read;org/apache/parquet/format/RowGroup$RowGroupStandardScheme.read;org/apache/parquet/format/ColumnChunk.read;org/apache/parquet/format/ColumnChunk$ColumnChunkStandardScheme.read;org/apache/parquet/format/ColumnChunk$ColumnChunkStandardScheme.read;org/apache/parquet/format/InterningProtocol.readI64;shaded/parquet/org/apache/thrift/protocol/TCompactProtocol.readI64;shaded/parquet/org/apache/thrift/protocol/TCompactProtocol.readVarint64;shaded/parquet/org/apache/thrift/protocol/TCompactProtocol.readByte;shaded/parquet/org/apache/thrift/transport/TTransport.readAll;shaded/parquet/org/apache/thrift/transport/TIOStreamTransport.read;org/weakref/nitro/parquet/ParquetFile$SegmentInputStream.read;java/lang/foreign/MemorySegment.copy;jdk/internal/foreign/AbstractMemorySegmentImpl.copy;jdk/internal/misc/ScopedMemoryAccess.copyMemory;jdk/internal/misc/ScopedMemoryAccess.copyMemoryInternal;jdk/internal/misc/Unsafe.copyMemory;unsafe_arraycopy_stub 2
java/lang/Thread.run;java/lang/Thread.runWith;java/util/concurrent/ThreadPoolExecutor$Worker.run;java/util/concurrent/ThreadPoolExecutor.runWorker;java/util/concurrent/FutureTask.run;java/util/concurrent/Executors$RunnableAdapter.call;java/util/concurrent/FutureTask.run;org/openjdk/jmh/runner/BenchmarkHandler$BenchmarkTask.call;org/openjdk/jmh/runner/BenchmarkHandler$BenchmarkTask.call;java/lang/reflect/Method.invoke;jdk/internal/reflect/DirectMethodHandleAccessor.invoke;jdk/internal/reflect/DirectMethodHandleAccessor.invokeImpl;java/lang/invoke/LambdaForm$MH.0x0000000048061400.invokeExact_MT;java/lang/invoke/LambdaForm$MH.0x0000000048061000.invoke;java/lang/invoke/DirectMethodHandle$Holder.invokeSpecial;org/weakref/nitro/clickbench/jmh_generated/BenchmarkQueries_query43_jmhTest.query43_AverageTime;org/weakref/nitro/clickbench/jmh_generated/BenchmarkQueries_query43_jmhTest.query43_avgt_jmhStub;org/weakref/nitro/clickbench/BenchmarkQueries.query43;org/weakref/nitro/clickbench/ClickBenchHitsSupport.query43;org/weakref/nitro/clickbench/ClickBenchHitsSupport.clickBenchScan;org/weakref/nitro/operator/NitroParquetScanOperator.<init>;java/util/stream/ReferencePipeline.toArray;java/util/stream/AbstractPipeline.evaluateToArrayNode;java/util/stream/AbstractPipeline.evaluate;java/util/stream/AbstractPipeline.wrapAndCopyInto;java/util/stream/AbstractPipeline.copyInto;java/util/AbstractList$RandomAccessSpliterator.forEachRemaining;java/util/stream/ReferencePipeline$3$1.accept;org/weakref/nitro/operator/NitroParquetScanOperator$$Lambda.0x00000000480864e8.apply;org/weakref/nitro/parquet/ParquetFile.open;org/weakref/nitro/parquet/ParquetFile.<init>;org/apache/parquet/format/Util.readFileMetaData;org/apache/parquet/format/Util.readFileMetaData;org/apache/parquet/format/Util.read;org/apache/parquet/format/FileMetaData.read;org/apache/parquet/format/FileMetaData$FileMetaDataStandardScheme.read;org/apache/parquet/format/FileMetaData$FileMetaDataStandardScheme.read;org/apache/parquet/format/RowGroup.read;org/apache/parquet/format/RowGroup$RowGroupStandardScheme.read;org/apache/parquet/format/RowGroup$RowGroupStandardScheme.read;org/apache/parquet/format/ColumnChunk.read;org/apache/parquet/format/ColumnChunk$ColumnChunkStandardScheme.read;org/apache/parquet/format/ColumnChunk$ColumnChunkStandardScheme.read;org/apache/parquet/format/ColumnMetaData.read;org/apache/parquet/format/ColumnMetaData$ColumnMetaDataStandardScheme.read;org/apache/parquet/format/ColumnMetaData$ColumnMetaDataStandardScheme.read;org/apache/parquet/format/InterningProtocol.readString;shaded/parquet/org/apache/thrift/protocol/TCompactProtocol.readString;shaded/parquet/org/apache/thrift/protocol/TCompactProtocol.readBinary;shaded/parquet/org/apache/thrift/transport/TTransport.readAll 1
java/lang/Thread.run;java/lang/Thread.runWith;java/util/concurrent/ThreadPoolExecutor$Worker.run;java/util/concurrent/ThreadPoolExecutor.runWorker;java/util/concurrent/FutureTask.run;java/util/concurrent/Executors$RunnableAdapter.call;java/util/concurrent/FutureTask.run;org/openjdk/jmh/runner/BenchmarkHandler$BenchmarkTask.call;org/openjdk/jmh/runner/BenchmarkHandler$BenchmarkTask.call;java/lang/reflect/Method.invoke;jdk/internal/reflect/DirectMethodHandleAccessor.invoke;jdk/internal/reflect/DirectMethodHandleAccessor.invokeImpl;java/lang/invoke/LambdaForm$MH.0x0000000048061400.invokeExact_MT;java/lang/invoke/LambdaForm$MH.0x0000000048061000.invoke;java/lang/invoke/DirectMethodHandle$Holder.invokeSpecial;org/weakref/nitro/clickbench/jmh_generated/BenchmarkQueries_query43_jmhTest.query43_AverageTime;org/weakref/nitro/clickbench/jmh_generated/BenchmarkQueries_query43_jmhTest.query43_avgt_jmhStub;org/weakref/nitro/clickbench/BenchmarkQueries.query43;org/weakref/nitro/clickbench/BenchmarkQueries.consume;org/weakref/nitro/operator/OffsetOperator.hasNext;org/weakref/nitro/operator/OffsetOperator.skipFullyConsumedBatches;org/weakref/nitro/operator/TopNOperator.next;org/weakref/nitro/operator/TopNOperator.computeTopN;org/weakref/nitro/operator/GroupedAggregationOperator.next;org/weakref/nitro/operator/GroupedAggregationOperator.computeResults;org/weakref/nitro/operator/GroupOperator.next;org/weakref/nitro/operator/ProjectOperator.next;org/weakref/nitro/operator/FilterOperator.next;org/weakref/nitro/operator/evaluator/PlanEvaluator.evaluateInPlace;org/weakref/nitro/operator/evaluator/PlanEvaluator.evaluateTrueMaskInPlace;org/weakref/nitro/operator/evaluator/PlanEvaluator.evaluateAdaptiveAndTrueMaskInPlace;org/weakref/nitro/operator/evaluator/PlanEvaluator.evaluateMeasuredTrueMaskInPlace;java/util/HashMap.computeIfAbsent;java/util/HashMap.hash;org/weakref/nitro/operator/evaluator/ir/AndMask.hashCode;java/lang/invoke/Invokers$Holder.linkToTargetMethod;java/lang/invoke/LambdaForm$MH.0x0000000048101c00.invoke;java/lang/invoke/LambdaForm$MH.0x0000000048101000.invoke;java/lang/invoke/DirectMethodHandle$Holder.invokeStatic;org/weakref/nitro/operator/evaluator/ir/AndMask$$HasherSpecializer.0x00000000481e6bd8.hasher0;java/util/ImmutableCollections$AbstractImmutableList.hashCode;java/util/Objects.hashCode;org/weakref/nitro/operator/evaluator/ir/AndMask.hashCode;java/lang/invoke/Invokers$Holder.linkToTargetMethod;java/lang/invoke/LambdaForm$MH.0x0000000048101c00.invoke;java/lang/invoke/LambdaForm$MH.0x0000000048101000.invoke;java/lang/invoke/DirectMethodHandle$Holder.invokeStatic;org/weakref/nitro/operator/evaluator/ir/AndMask$$HasherSpecializer.0x00000000481e6bd8.hasher0;java/util/ImmutableCollections$AbstractImmutableList.hashCode;java/util/Objects.hashCode;org/weakref/nitro/operator/evaluator/ir/AndMask.hashCode;java/lang/invoke/Invokers$Holder.linkToTargetMethod;java/lang/invoke/LambdaForm$MH.0x0000000048101c00.invoke;java/lang/invoke/LambdaForm$MH.0x0000000048101000.invoke;java/lang/invoke/DirectMethodHandle$Holder.invokeStatic;org/weakref/nitro/operator/evaluator/ir/AndMask$$HasherSpecializer.0x00000000481e6bd8.hasher0;java/util/ImmutableCollections$AbstractImmutableList.hashCode;java/util/Objects.hashCode;org/weakref/nitro/operator/evaluator/ir/ReferenceMask.hashCode;java/lang/invoke/Invokers$Holder.linkToTargetMethod;java/lang/invoke/LambdaForm$MH.0x0000000048101c00.invoke;java/lang/invoke/LambdaForm$MH.0x0000000048102000.invoke;java/lang/invoke/DelegatingMethodHandle$Holder.delegate;java/lang/invoke/DirectMethodHandle$Holder.invokeSpecial;org/weakref/nitro/operator/evaluator/ir/Reference.hashCode;java/lang/invoke/Invokers$Holder.linkToTargetMethod;java/lang/invoke/LambdaForm$MH.0x0000000048101c00.invoke;java/lang/invoke/LambdaForm$MH.0x0000000048101c00.invoke;java/lang/invoke/LambdaForm$MH.0x0000000048101000.invoke;java/lang/invoke/DirectMethodHandle$Holder.invokeStatic;org/weakref/nitro/operator/evaluator/ir/Reference$$HasherSpecializer.0x00000000481e4460.hasher0;org/weakref/nitro/operator/evaluator/ir/Variable.hashCode;java/lang/invoke/Invokers$Holder.linkToTargetMethod;java/lang/invoke/LambdaForm$MH.0x0000000048101c00.invoke;java/lang/invoke/DirectMethodHandle$Holder.invokeStatic 1
java/lang/Thread.run;java/lang/Thread.runWith;java/util/concurrent/ThreadPoolExecutor$Worker.run;java/util/concurrent/ThreadPoolExecutor.runWorker;java/util/concurrent/FutureTask.run;java/util/concurrent/Executors$RunnableAdapter.call;java/util/concurrent/FutureTask.run;org/openjdk/jmh/runner/BenchmarkHandler$BenchmarkTask.call;org/openjdk/jmh/runner/BenchmarkHandler$BenchmarkTask.call;java/lang/reflect/Method.invoke;jdk/internal/reflect/DirectMethodHandleAccessor.invoke;jdk/internal/reflect/DirectMethodHandleAccessor.invokeImpl;java/lang/invoke/LambdaForm$MH.0x0000000048061400.invokeExact_MT;java/lang/invoke/LambdaForm$MH.0x0000000048061000.invoke;java/lang/invoke/DirectMethodHandle$Holder.invokeSpecial;org/weakref/nitro/clickbench/jmh_generated/BenchmarkQueries_query43_jmhTest.query43_AverageTime;org/weakref/nitro/clickbench/jmh_generated/BenchmarkQueries_query43_jmhTest.query43_avgt_jmhStub;org/weakref/nitro/clickbench/BenchmarkQueries.query43;org/weakref/nitro/clickbench/BenchmarkQueries.consume;org/weakref/nitro/operator/OffsetOperator.hasNext;org/weakref/nitro/operator/OffsetOperator.skipFullyConsumedBatches;org/weakref/nitro/operator/TopNOperator.next;org/weakref/nitro/operator/TopNOperator.computeTopN;org/weakref/nitro/operator/GroupedAggregationOperator.next;org/weakref/nitro/operator/GroupedAggregationOperator.computeResults;org/weakref/nitro/operator/GroupOperator.next;org/weakref/nitro/operator/ProjectOperator.next;org/weakref/nitro/operator/FilterOperator.next;org/weakref/nitro/operator/NitroParquetScanOperator.next;org/weakref/nitro/operator/NitroParquetScanOperator.lazyBatch;org/weakref/nitro/data/Allocator.allocateAllMask;org/weakref/nitro/data/Mask.selectAll 1
/usr/lib/x86_64-linux-gnu/libc.so.6;/usr/lib/x86_64-linux-gnu/libc.so.6;thread_native_entry;Thread::call_run;JavaThread::thread_main_inner;CompileBroker::compiler_thread_loop;CompileBroker::invoke_compiler_on_method;C2Compiler::compile_method;Compile::Compile;Compile::Optimize;Compile::optimize_loops;PhaseIterGVN::optimize;PhaseIterGVN::transform_old;ConstraintCastNode::Value;TypeOopPtr::filter_helper;TypePtr::xmeet;TypeInstPtr::xmeet_helper;Type::hashcons;Dict::Insert 1
java/lang/Thread.run;java/lang/Thread.runWith;java/util/concurrent/ThreadPoolExecutor$Worker.run;java/util/concurrent/ThreadPoolExecutor.runWorker;java/util/concurrent/FutureTask.run;java/util/concurrent/Executors$RunnableAdapter.call;java/util/concurrent/FutureTask.run;org/openjdk/jmh/runner/BenchmarkHandler$BenchmarkTask.call;org/openjdk/jmh/runner/BenchmarkHandler$BenchmarkTask.call;java/lang/reflect/Method.invoke;jdk/internal/reflect/DirectMethodHandleAccessor.invoke;jdk/internal/reflect/DirectMethodHandleAccessor.invokeImpl;java/lang/invoke/LambdaForm$MH.0x0000000048061400.invokeExact_MT;java/lang/invoke/LambdaForm$MH.0x0000000048061000.invoke;java/lang/invoke/DirectMethodHandle$Holder.invokeSpecial;org/weakref/nitro/clickbench/jmh_generated/BenchmarkQueries_query43_jmhTest.query43_AverageTime;org/weakref/nitro/clickbench/jmh_generated/BenchmarkQueries_query43_jmhTest.query43_avgt_jmhStub;org/weakref/nitro/clickbench/BenchmarkQueries.query43;org/weakref/nitro/clickbench/BenchmarkQueries.consume;org/weakref/nitro/operator/OffsetOperator.hasNext;org/weakref/nitro/operator/OffsetOperator.skipFullyConsumedBatches;org/weakref/nitro/operator/TopNOperator.next;org/weakref/nitro/operator/TopNOperator.computeTopN;org/weakref/nitro/operator/GroupedAggregationOperator.next;org/weakref/nitro/operator/GroupedAggregationOperator.computeResults;org/weakref/nitro/operator/GroupOperator.next;org/weakref/nitro/operator/ProjectOperator.next;org/weakref/nitro/operator/FilterOperator.next;org/weakref/nitro/operator/NitroParquetScanOperator.next;org/weakref/nitro/operator/NitroParquetScanOperator.lazyBatch;org/weakref/nitro/operator/Output.<init>;org/weakref/nitro/operator/Output.<init>;org/weakref/nitro/operator/Output.streamFlags;java/util/ImmutableCollections$Set12.contains 1
java/lang/Thread.run;java/lang/Thread.runWith;java/util/concurrent/ThreadPoolExecutor$Worker.run;java/util/concurrent/ThreadPoolExecutor.runWorker;java/util/concurrent/FutureTask.run;java/util/concurrent/Executors$RunnableAdapter.call;java/util/concurrent/FutureTask.run;org/openjdk/jmh/runner/BenchmarkHandler$BenchmarkTask.call;org/openjdk/jmh/runner/BenchmarkHandler$BenchmarkTask.call;java/lang/reflect/Method.invoke;jdk/internal/reflect/DirectMethodHandleAccessor.invoke;jdk/internal/reflect/DirectMethodHandleAccessor.invokeImpl;java/lang/invoke/LambdaForm$MH.0x0000000048061400.invokeExact_MT;java/lang/invoke/LambdaForm$MH.0x0000000048061000.invoke;java/lang/invoke/DirectMethodHandle$Holder.invokeSpecial;org/weakref/nitro/clickbench/jmh_generated/BenchmarkQueries_query43_jmhTest.query43_AverageTime;org/weakref/nitro/clickbench/jmh_generated/BenchmarkQueries_query43_jmhTest.query43_avgt_jmhStub;org/weakref/nitro/clickbench/BenchmarkQueries.query43;org/weakref/nitro/clickbench/BenchmarkQueries.consume;org/weakref/nitro/operator/OffsetOperator.hasNext;org/weakref/nitro/operator/OffsetOperator.skipFullyConsumedBatches;org/weakref/nitro/operator/TopNOperator.next;org/weakref/nitro/operator/TopNOperator.computeTopN;org/weakref/nitro/operator/GroupedAggregationOperator.next;org/weakref/nitro/operator/GroupedAggregationOperator.computeResults;org/weakref/nitro/operator/GroupOperator.next;org/weakref/nitro/operator/ProjectOperator.next;org/weakref/nitro/operator/FilterOperator.next;org/weakref/nitro/operator/evaluator/PlanEvaluator.evaluateInPlace;org/weakref/nitro/operator/evaluator/PlanEvaluator.evaluateTrueMaskInPlace;org/weakref/nitro/operator/evaluator/PlanEvaluator.evaluateAdaptiveAndTrueMaskInPlace;org/weakref/nitro/operator/evaluator/PlanEvaluator.evaluateMeasuredTrueMaskInPlace;org/weakref/nitro/operator/evaluator/PlanEvaluator.evaluateTrueMaskInPlace;org/weakref/nitro/operator/evaluator/PlanEvaluator.evaluateAdaptiveAndTrueMaskInPlace;org/weakref/nitro/operator/evaluator/PlanEvaluator.evaluateMeasuredTrueMaskInPlace;org/weakref/nitro/operator/evaluator/PlanEvaluator.evaluateTrueMaskInPlace;org/weakref/nitro/operator/evaluator/PlanEvaluator.tryEvaluatePrimitiveTrueMaskInPlace;org/weakref/nitro/operator/evaluator/PlanEvaluator.tryEvaluatePrimitiveMaskInPlace;org/weakref/nitro/operator/evaluator/PlanEvaluator.resolveMaskPrimitiveInvocation;org/weakref/nitro/operator/evaluator/PlanEvaluator.evaluateArgument;org/weakref/nitro/operator/FilterOperator$1.resolve;org/weakref/nitro/operator/Output.borrowOrNull;org/weakref/nitro/operator/Output.borrow;org/weakref/nitro/operator/Output.borrow;org/weakref/nitro/operator/NitroParquetScanOperator$ScanOutputResolver$$Lambda.0x00000000480aba90.apply;org/weakref/nitro/operator/NitroParquetScanOperator$ScanOutputResolver.resolve;org/weakref/nitro/operator/NitroParquetScanOperator.resolveLazyColumn;org/weakref/nitro/operator/NitroParquetScanOperator.decodeFullColumn;org/weakref/nitro/parquet/ColumnReader.readInts;org/weakref/nitro/parquet/ColumnReader.decodeNextDataPage;org/weakref/nitro/parquet/ColumnReader.decompress;io/airlift/compress/v3/snappy/SnappyNativeDecompressor.decompress;io/airlift/compress/v3/snappy/SnappyNative.decompress;io/airlift/compress/v3/snappy/SnappyNative.decompressInternal;java/lang/invoke/LambdaForm$MH.0x00000000481dc400.invokeExact_MT;java/lang/invoke/LambdaForm$MH.0x00000000481f4400.invoke;java/lang/invoke/LambdaForm$DMH.0x00000000480b1400.invokeStatic;jdk/internal/foreign/abi/DowncallStub.0x00000000480b1000.invoke;java/lang/invoke/LambdaForm$MH.0x00000000481dd000.invokeExact_MT;java/lang/invoke/LambdaForm$MH.0x00000000481f4800.invoke;nep_invoker_blob;snappy_uncompress;snappy::RawUncompress;snappy::RawUncompress;void snappy::SnappyDecompressor::DecompressAllTags<snappy::SnappyArrayWriter>;/usr/lib/x86_64-linux-gnu/libc.so.6 1
java/lang/Thread.run;java/lang/Thread.runWith;java/util/concurrent/ThreadPoolExecutor$Worker.run;java/util/concurrent/ThreadPoolExecutor.runWorker;java/util/concurrent/FutureTask.run;java/util/concurrent/Executors$RunnableAdapter.call;java/util/concurrent/FutureTask.run;org/openjdk/jmh/runner/BenchmarkHandler$BenchmarkTask.call;org/openjdk/jmh/runner/BenchmarkHandler$BenchmarkTask.call;java/lang/reflect/Method.invoke;jdk/internal/reflect/DirectMethodHandleAccessor.invoke;jdk/internal/reflect/DirectMethodHandleAccessor.invokeImpl;java/lang/invoke/LambdaForm$MH.0x0000000048061400.invokeExact_MT;java/lang/invoke/LambdaForm$MH.0x0000000048061000.invoke;java/lang/invoke/DirectMethodHandle$Holder.invokeSpecial;org/weakref/nitro/clickbench/jmh_generated/BenchmarkQueries_query43_jmhTest.query43_AverageTime;org/weakref/nitro/clickbench/jmh_generated/BenchmarkQueries_query43_jmhTest.query43_avgt_jmhStub;org/weakref/nitro/clickbench/BenchmarkQueries.query43;org/weakref/nitro/clickbench/ClickBenchHitsSupport.query43;org/weakref/nitro/clickbench/ClickBenchHitsSupport.clickBenchScan;org/weakref/nitro/operator/NitroParquetScanOperator.<init>;java/util/stream/ReferencePipeline.toArray;java/util/stream/AbstractPipeline.evaluateToArrayNode;java/util/stream/AbstractPipeline.evaluate;java/util/stream/AbstractPipeline.wrapAndCopyInto;java/util/stream/AbstractPipeline.copyInto;java/util/AbstractList$RandomAccessSpliterator.forEachRemaining;java/util/stream/ReferencePipeline$3$1.accept;org/weakref/nitro/operator/NitroParquetScanOperator$$Lambda.0x00000000480864e8.apply;org/weakref/nitro/parquet/ParquetFile.open;org/weakref/nitro/parquet/ParquetFile.<init>;org/apache/parquet/format/Util.readFileMetaData;org/apache/parquet/format/Util.readFileMetaData;org/apache/parquet/format/Util.read;org/apache/parquet/format/FileMetaData.read;org/apache/parquet/format/FileMetaData$FileMetaDataStandardScheme.read;org/apache/parquet/format/FileMetaData$FileMetaDataStandardScheme.read;org/apache/parquet/format/RowGroup.read;org/apache/parquet/format/RowGroup$RowGroupStandardScheme.read;org/apache/parquet/format/RowGroup$RowGroupStandardScheme.read;org/apache/parquet/format/ColumnChunk.read;org/apache/parquet/format/ColumnChunk$ColumnChunkStandardScheme.read;org/apache/parquet/format/ColumnChunk$ColumnChunkStandardScheme.read;org/apache/parquet/format/ColumnMetaData.read;org/apache/parquet/format/ColumnMetaData$ColumnMetaDataStandardScheme.read;org/apache/parquet/format/ColumnMetaData$ColumnMetaDataStandardScheme.read;org/apache/parquet/format/InterningProtocol.readFieldBegin;shaded/parquet/org/apache/thrift/protocol/TCompactProtocol.readFieldBegin;shaded/parquet/org/apache/thrift/protocol/TCompactProtocol.readByte;shaded/parquet/org/apache/thrift/transport/TTransport.readAll;shaded/parquet/org/apache/thrift/transport/TIOStreamTransport.read 1
java/lang/Thread.run;java/lang/Thread.runWith;java/util/concurrent/ThreadPoolExecutor$Worker.run;java/util/concurrent/ThreadPoolExecutor.runWorker;java/util/concurrent/FutureTask.run;java/util/concurrent/Executors$RunnableAdapter.call;java/util/concurrent/FutureTask.run;org/openjdk/jmh/runner/BenchmarkHandler$BenchmarkTask.call;org/openjdk/jmh/runner/BenchmarkHandler$BenchmarkTask.call;java/lang/reflect/Method.invoke;jdk/internal/reflect/DirectMethodHandleAccessor.invoke;jdk/internal/reflect/DirectMethodHandleAccessor.invokeImpl;java/lang/invoke/LambdaForm$MH.0x0000000048061400.invokeExact_MT;java/lang/invoke/LambdaForm$MH.0x0000000048061000.invoke;java/lang/invoke/DirectMethodHandle$Holder.invokeSpecial;org/weakref/nitro/clickbench/jmh_generated/BenchmarkQueries_query43_jmhTest.query43_AverageTime;org/weakref/nitro/clickbench/jmh_generated/BenchmarkQueries_query43_jmhTest.query43_avgt_jmhStub;org/weakref/nitro/clickbench/BenchmarkQueries.query43;org/weakref/nitro/clickbench/BenchmarkQueries.consume;org/weakref/nitro/operator/OffsetOperator.hasNext;org/weakref/nitro/operator/OffsetOperator.skipFullyConsumedBatches;org/weakref/nitro/operator/TopNOperator.next;org/weakref/nitro/operator/TopNOperator.computeTopN;org/weakref/nitro/operator/GroupedAggregationOperator.next;org/weakref/nitro/operator/GroupedAggregationOperator.computeResults;org/weakref/nitro/operator/GroupOperator.next;org/weakref/nitro/operator/ProjectOperator.next;org/weakref/nitro/operator/FilterOperator.next;org/weakref/nitro/operator/evaluator/PlanEvaluator.evaluateInPlace;org/weakref/nitro/operator/evaluator/PlanEvaluator.evaluateTrueMaskInPlace;org/weakref/nitro/operator/evaluator/PlanEvaluator.evaluateAdaptiveAndTrueMaskInPlace;org/weakref/nitro/operator/evaluator/PlanEvaluator.evaluateMeasuredTrueMaskInPlace;org/weakref/nitro/operator/evaluator/PlanEvaluator.evaluateTrueMaskInPlace;org/weakref/nitro/operator/evaluator/PlanEvaluator.evaluateAdaptiveAndTrueMaskInPlace;org/weakref/nitro/operator/evaluator/PlanEvaluator.evaluateMeasuredTrueMaskInPlace;org/weakref/nitro/operator/evaluator/PlanEvaluator.evaluateTrueMaskInPlace;org/weakref/nitro/operator/evaluator/PlanEvaluator.tryEvaluatePrimitiveTrueMaskInPlace;org/weakref/nitro/operator/evaluator/PlanEvaluator.tryEvaluatePrimitiveMaskInPlace;org/weakref/nitro/function/scalar/builtin/EqualI64.tryEvaluateTrueMaskInPlace;org/weakref/nitro/function/scalar/builtin/LongComparisonMaskSupport.tryEvaluateTrueMaskInPlace;org/weakref/nitro/function/scalar/builtin/LongComparisonMaskSupport.tryConstantComparisonInPlace;org/weakref/nitro/function/scalar/builtin/LongComparisonMaskSupport.applyConstantComparison;org/weakref/nitro/data/Mask.retainConstantComparison;org/weakref/nitro/data/Mask.retainConstantComparison 1
java/lang/Thread.run;java/lang/Thread.runWith;java/util/concurrent/ThreadPoolExecutor$Worker.run;java/util/concurrent/ThreadPoolExecutor.runWorker;java/util/concurrent/FutureTask.run;java/util/concurrent/Executors$RunnableAdapter.call;java/util/concurrent/FutureTask.run;org/openjdk/jmh/runner/BenchmarkHandler$BenchmarkTask.call;org/openjdk/jmh/runner/BenchmarkHandler$BenchmarkTask.call;java/lang/reflect/Method.invoke;jdk/internal/reflect/DirectMethodHandleAccessor.invoke;jdk/internal/reflect/DirectMethodHandleAccessor.invokeImpl;java/lang/invoke/LambdaForm$MH.0x0000000048061400.invokeExact_MT;java/lang/invoke/LambdaForm$MH.0x0000000048061000.invoke;java/lang/invoke/DirectMethodHandle$Holder.invokeSpecial;org/weakref/nitro/clickbench/jmh_generated/BenchmarkQueries_query43_jmhTest.query43_AverageTime;org/weakref/nitro/clickbench/jmh_generated/BenchmarkQueries_query43_jmhTest.query43_avgt_jmhStub;org/weakref/nitro/clickbench/BenchmarkQueries.query43;org/weakref/nitro/clickbench/BenchmarkQueries.consume;org/weakref/nitro/operator/OffsetOperator.hasNext;org/weakref/nitro/operator/OffsetOperator.skipFullyConsumedBatches;org/weakref/nitro/operator/TopNOperator.next;org/weakref/nitro/operator/TopNOperator.computeTopN;org/weakref/nitro/operator/GroupedAggregationOperator.next;org/weakref/nitro/operator/GroupedAggregationOperator.computeResults;org/weakref/nitro/operator/Output.borrow;org/weakref/nitro/operator/GroupOperator$$Lambda.0x00000000481e38d0.apply;org/weakref/nitro/operator/GroupOperator.lambda$next$0;org/weakref/nitro/operator/GroupOperator.groupIds;org/weakref/nitro/operator/GroupOperator.doGroupingIfNeeded;org/weakref/nitro/operator/GroupingState.assignGroups;org/weakref/nitro/operator/GroupingState.assignGroups;org/weakref/nitro/operator/GroupingState.assignLongGroups;org/weakref/nitro/operator/GroupingState.hashLong 1
java/lang/Thread.run;java/lang/Thread.runWith;java/util/concurrent/ThreadPoolExecutor$Worker.run;java/util/concurrent/ThreadPoolExecutor.runWorker;java/util/concurrent/FutureTask.run;java/util/concurrent/Executors$RunnableAdapter.call;java/util/concurrent/FutureTask.run;org/openjdk/jmh/runner/BenchmarkHandler$BenchmarkTask.call;org/openjdk/jmh/runner/BenchmarkHandler$BenchmarkTask.call;java/lang/reflect/Method.invoke;jdk/internal/reflect/DirectMethodHandleAccessor.invoke;jdk/internal/reflect/DirectMethodHandleAccessor.invokeImpl;java/lang/invoke/LambdaForm$MH.0x0000000048061400.invokeExact_MT;java/lang/invoke/LambdaForm$MH.0x0000000048061000.invoke;java/lang/invoke/DirectMethodHandle$Holder.invokeSpecial;org/weakref/nitro/clickbench/jmh_generated/BenchmarkQueries_query43_jmhTest.query43_AverageTime;org/weakref/nitro/clickbench/jmh_generated/BenchmarkQueries_query43_jmhTest.query43_avgt_jmhStub;org/weakref/nitro/clickbench/BenchmarkQueries.query43;org/weakref/nitro/clickbench/ClickBenchHitsSupport.query43;org/weakref/nitro/clickbench/ClickBenchHitsSupport.counterAndEventDateFilter;org/weakref/nitro/clickbench/ClickBenchHitsSupport.dateRange;org/weakref/nitro/clickbench/ClickBenchHitsSupport.eventDateLiteral;org/weakref/nitro/clickbench/ClickBenchHitsSupport.eventDateUsesEpochDays;org/apache/parquet/hadoop/ParquetFileReader.open;org/apache/parquet/hadoop/ParquetFileReader.<init>;org/apache/parquet/hadoop/ParquetFileReader.<init>;org/apache/parquet/hadoop/ParquetFileReader.readFooter;org/apache/parquet/hadoop/ParquetFileReader.readFooter;org/apache/parquet/format/converter/ParquetMetadataConverter.readParquetMetadata;org/apache/parquet/format/converter/ParquetMetadataConverter$NoFilter.accept;org/apache/parquet/format/converter/ParquetMetadataConverter$3.visit;org/apache/parquet/format/converter/ParquetMetadataConverter$3.visit;org/apache/parquet/format/Util.readFileMetaData;org/apache/parquet/format/Util.read;org/apache/parquet/format/FileMetaData.read;org/apache/parquet/format/FileMetaData$FileMetaDataStandardScheme.read;org/apache/parquet/format/FileMetaData$FileMetaDataStandardScheme.read;org/apache/parquet/format/RowGroup.read;org/apache/parquet/format/RowGroup$RowGroupStandardScheme.read;org/apache/parquet/format/RowGroup$RowGroupStandardScheme.read;org/apache/parquet/format/ColumnChunk.read;org/apache/parquet/format/ColumnChunk$ColumnChunkStandardScheme.read;org/apache/parquet/format/ColumnChunk$ColumnChunkStandardScheme.read;org/apache/parquet/format/ColumnMetaData.read;org/apache/parquet/format/ColumnMetaData$ColumnMetaDataStandardScheme.read;org/apache/parquet/format/ColumnMetaData$ColumnMetaDataStandardScheme.read;org/apache/parquet/format/InterningProtocol.readI32;shaded/parquet/org/apache/thrift/protocol/TCompactProtocol.readI32;shaded/parquet/org/apache/thrift/protocol/TCompactProtocol.readVarint32;shaded/parquet/org/apache/thrift/protocol/TCompactProtocol.readByte;shaded/parquet/org/apache/thrift/transport/TTransport.readAll;shaded/parquet/org/apache/thrift/transport/TIOStreamTransport.read;org/weakref/nitro/parquet/ParquetFile$SegmentInputStream.read;java/lang/foreign/MemorySegment.copy;jdk/internal/foreign/AbstractMemorySegmentImpl.copy;jdk/internal/misc/ScopedMemoryAccess.copyMemory;jdk/internal/misc/ScopedMemoryAccess.copyMemoryInternal;jdk/internal/foreign/MemorySessionImpl.checkValidStateRaw 1
java/lang/Thread.run;java/lang/Thread.runWith;java/util/concurrent/ThreadPoolExecutor$Worker.run;java/util/concurrent/ThreadPoolExecutor.runWorker;java/util/concurrent/FutureTask.run;java/util/concurrent/Executors$RunnableAdapter.call;java/util/concurrent/FutureTask.run;org/openjdk/jmh/runner/BenchmarkHandler$BenchmarkTask.call;org/openjdk/jmh/runner/BenchmarkHandler$BenchmarkTask.call;java/lang/reflect/Method.invoke;jdk/internal/reflect/DirectMethodHandleAccessor.invoke;jdk/internal/reflect/DirectMethodHandleAccessor.invokeImpl;java/lang/invoke/LambdaForm$MH.0x0000000048061400.invokeExact_MT;java/lang/invoke/LambdaForm$MH.0x0000000048061000.invoke;java/lang/invoke/DirectMethodHandle$Holder.invokeSpecial;org/weakref/nitro/clickbench/jmh_generated/BenchmarkQueries_query43_jmhTest.query43_AverageTime;org/weakref/nitro/clickbench/jmh_generated/BenchmarkQueries_query43_jmhTest.query43_avgt_jmhStub;org/weakref/nitro/clickbench/BenchmarkQueries.query43;org/weakref/nitro/clickbench/BenchmarkQueries.consume;org/weakref/nitro/operator/OffsetOperator.hasNext;org/weakref/nitro/operator/OffsetOperator.skipFullyConsumedBatches;org/weakref/nitro/operator/TopNOperator.next;org/weakref/nitro/operator/TopNOperator.computeTopN;org/weakref/nitro/operator/GroupedAggregationOperator.next;org/weakref/nitro/operator/GroupedAggregationOperator.computeResults;org/weakref/nitro/operator/Batch.close;org/weakref/nitro/operator/GroupOperator$$Lambda.0x00000000481e8f78.run;org/weakref/nitro/operator/GroupOperator.lambda$next$6;org/weakref/nitro/operator/Batch.close;org/weakref/nitro/operator/ProjectOperator$$Lambda.0x00000000481e3488.run;org/weakref/nitro/operator/ProjectOperator.lambda$next$11;org/weakref/nitro/operator/ProjectOperator$BatchState.close;org/weakref/nitro/operator/evaluator/PlanEvaluator.resetForReuse;org/weakref/nitro/data/Allocator.releaseIfPresent;org/weakref/nitro/data/Allocator$ContextState.release;java/util/Collections$SetFromMap.isEmpty 1
java/lang/Thread.run;java/lang/Thread.runWith;java/util/concurrent/ThreadPoolExecutor$Worker.run;java/util/concurrent/ThreadPoolExecutor.runWorker;java/util/concurrent/FutureTask.run;java/util/concurrent/Executors$RunnableAdapter.call;java/util/concurrent/FutureTask.run;org/openjdk/jmh/runner/BenchmarkHandler$BenchmarkTask.call;org/openjdk/jmh/runner/BenchmarkHandler$BenchmarkTask.call;java/lang/reflect/Method.invoke;jdk/internal/reflect/DirectMethodHandleAccessor.invoke;jdk/internal/reflect/DirectMethodHandleAccessor.invokeImpl;java/lang/invoke/LambdaForm$MH.0x0000000048061400.invokeExact_MT;java/lang/invoke/LambdaForm$MH.0x0000000048061000.invoke;java/lang/invoke/DirectMethodHandle$Holder.invokeSpecial;org/weakref/nitro/clickbench/jmh_generated/BenchmarkQueries_query43_jmhTest.query43_AverageTime;org/weakref/nitro/clickbench/jmh_generated/BenchmarkQueries_query43_jmhTest.query43_avgt_jmhStub;org/weakref/nitro/clickbench/BenchmarkQueries.query43;org/weakref/nitro/clickbench/BenchmarkQueries.consume;org/weakref/nitro/operator/OffsetOperator.hasNext;org/weakref/nitro/operator/OffsetOperator.skipFullyConsumedBatches;org/weakref/nitro/operator/TopNOperator.next;org/weakref/nitro/operator/TopNOperator.computeTopN;org/weakref/nitro/operator/GroupedAggregationOperator.next;org/weakref/nitro/operator/GroupedAggregationOperator.computeResults;org/weakref/nitro/operator/GroupOperator.next;org/weakref/nitro/operator/ProjectOperator.next;org/weakref/nitro/operator/FilterOperator.next;org/weakref/nitro/operator/evaluator/PlanEvaluator.evaluateInPlace;org/weakref/nitro/operator/evaluator/PlanEvaluator.evaluateTrueMaskInPlace;org/weakref/nitro/operator/evaluator/PlanEvaluator.evaluateAdaptiveAndTrueMaskInPlace;org/weakref/nitro/operator/evaluator/PlanEvaluator.evaluateMeasuredTrueMaskInPlace;org/weakref/nitro/operator/evaluator/PlanEvaluator.evaluateTrueMaskInPlace;org/weakref/nitro/operator/evaluator/PlanEvaluator.evaluateAdaptiveAndTrueMaskInPlace;org/weakref/nitro/operator/evaluator/PlanEvaluator.evaluateMeasuredTrueMaskInPlace;org/weakref/nitro/operator/evaluator/PlanEvaluator.evaluateTrueMaskInPlace;org/weakref/nitro/operator/evaluator/PlanEvaluator.tryEvaluatePrimitiveTrueMaskInPlace;org/weakref/nitro/operator/evaluator/PlanEvaluator.tryEvaluatePrimitiveMaskInPlace;org/weakref/nitro/operator/evaluator/PlanEvaluator.resolveMaskPrimitiveInvocation;org/weakref/nitro/operator/evaluator/PlanEvaluator.evaluateArgument;org/weakref/nitro/operator/FilterOperator$1.resolve;org/weakref/nitro/operator/Output.borrowOrNull;org/weakref/nitro/operator/Output.borrow;org/weakref/nitro/operator/Output.borrow;org/weakref/nitro/operator/NitroParquetScanOperator$ScanOutputResolver$$Lambda.0x00000000480aba90.apply;org/weakref/nitro/operator/NitroParquetScanOperator$ScanOutputResolver.resolve;org/weakref/nitro/operator/NitroParquetScanOperator.resolveLazyColumn;org/weakref/nitro/operator/NitroParquetScanOperator.decodeFullColumn;org/weakref/nitro/parquet/ColumnReader.kind 1
java/lang/Thread.run;java/lang/Thread.runWith;java/util/concurrent/ThreadPoolExecutor$Worker.run;java/util/concurrent/ThreadPoolExecutor.runWorker;java/util/concurrent/FutureTask.run;java/util/concurrent/Executors$RunnableAdapter.call;java/util/concurrent/FutureTask.run;org/openjdk/jmh/runner/BenchmarkHandler$BenchmarkTask.call;org/openjdk/jmh/runner/BenchmarkHandler$BenchmarkTask.call;java/lang/reflect/Method.invoke;jdk/internal/reflect/DirectMethodHandleAccessor.invoke;jdk/internal/reflect/DirectMethodHandleAccessor.invokeImpl;java/lang/invoke/LambdaForm$MH.0x0000000048061400.invokeExact_MT;java/lang/invoke/LambdaForm$MH.0x0000000048061000.invoke;java/lang/invoke/DirectMethodHandle$Holder.invokeSpecial;org/weakref/nitro/clickbench/jmh_generated/BenchmarkQueries_query43_jmhTest.query43_AverageTime;org/weakref/nitro/clickbench/jmh_generated/BenchmarkQueries_query43_jmhTest.query43_avgt_jmhStub;org/weakref/nitro/clickbench/BenchmarkQueries.query43;org/weakref/nitro/clickbench/BenchmarkQueries.consume;org/weakref/nitro/operator/OffsetOperator.hasNext;org/weakref/nitro/operator/OffsetOperator.skipFullyConsumedBatches;org/weakref/nitro/operator/TopNOperator.next;org/weakref/nitro/operator/TopNOperator.computeTopN;org/weakref/nitro/operator/GroupedAggregationOperator.next;org/weakref/nitro/operator/GroupedAggregationOperator.computeResults;org/weakref/nitro/operator/GroupedAggregationOperator.accumulateGroupedRows;org/weakref/nitro/operator/aggregation/CountAll.accumulate;org/weakref/nitro/operator/aggregation/CountAll.accumulate;org/weakref/nitro/data/CountStateVector.increment 2
java/lang/Thread.run;java/lang/Thread.runWith;java/util/concurrent/ThreadPoolExecutor$Worker.run;java/util/concurrent/ThreadPoolExecutor.runWorker;java/util/concurrent/FutureTask.run;java/util/concurrent/Executors$RunnableAdapter.call;java/util/concurrent/FutureTask.run;org/openjdk/jmh/runner/BenchmarkHandler$BenchmarkTask.call;org/openjdk/jmh/runner/BenchmarkHandler$BenchmarkTask.call;java/lang/reflect/Method.invoke;jdk/internal/reflect/DirectMethodHandleAccessor.invoke;jdk/internal/reflect/DirectMethodHandleAccessor.invokeImpl;java/lang/invoke/LambdaForm$MH.0x0000000048061400.invokeExact_MT;java/lang/invoke/LambdaForm$MH.0x0000000048061000.invoke;java/lang/invoke/DirectMethodHandle$Holder.invokeSpecial;org/weakref/nitro/clickbench/jmh_generated/BenchmarkQueries_query43_jmhTest.query43_AverageTime;org/weakref/nitro/clickbench/jmh_generated/BenchmarkQueries_query43_jmhTest.query43_avgt_jmhStub;org/weakref/nitro/clickbench/BenchmarkQueries.query43;org/weakref/nitro/clickbench/BenchmarkQueries.consume;org/weakref/nitro/operator/OffsetOperator.hasNext;org/weakref/nitro/operator/OffsetOperator.skipFullyConsumedBatches;org/weakref/nitro/operator/TopNOperator.next;org/weakref/nitro/operator/TopNOperator.computeTopN;org/weakref/nitro/operator/GroupedAggregationOperator.next;org/weakref/nitro/operator/GroupedAggregationOperator.computeResults;org/weakref/nitro/operator/GroupOperator.next;org/weakref/nitro/operator/ProjectOperator.next;org/weakref/nitro/operator/FilterOperator.next;org/weakref/nitro/operator/evaluator/PlanEvaluator.evaluateInPlace;org/weakref/nitro/operator/evaluator/PlanEvaluator.evaluateTrueMaskInPlace;org/weakref/nitro/operator/evaluator/PlanEvaluator.evaluateAdaptiveAndTrueMaskInPlace;org/weakref/nitro/operator/evaluator/PlanEvaluator.evaluateMeasuredTrueMaskInPlace;org/weakref/nitro/operator/evaluator/PlanEvaluator.evaluateTrueMaskInPlace;org/weakref/nitro/operator/evaluator/PlanEvaluator.evaluateAdaptiveAndTrueMaskInPlace;org/weakref/nitro/operator/evaluator/PlanEvaluator.orderTerms;java/util/ArrayList.sort;java/util/ArrayList.sortRange;java/util/Arrays.sort 1
java/lang/Thread.run;java/lang/Thread.runWith;java/util/concurrent/ThreadPoolExecutor$Worker.run;java/util/concurrent/ThreadPoolExecutor.runWorker;java/util/concurrent/FutureTask.run;java/util/concurrent/Executors$RunnableAdapter.call;java/util/concurrent/FutureTask.run;org/openjdk/jmh/runner/BenchmarkHandler$BenchmarkTask.call;org/openjdk/jmh/runner/BenchmarkHandler$BenchmarkTask.call;java/lang/reflect/Method.invoke;jdk/internal/reflect/DirectMethodHandleAccessor.invoke;jdk/internal/reflect/DirectMethodHandleAccessor.invokeImpl;java/lang/invoke/LambdaForm$MH.0x0000000048061400.invokeExact_MT;java/lang/invoke/LambdaForm$MH.0x0000000048061000.invoke;java/lang/invoke/DirectMethodHandle$Holder.invokeSpecial;org/weakref/nitro/clickbench/jmh_generated/BenchmarkQueries_query43_jmhTest.query43_AverageTime;org/weakref/nitro/clickbench/jmh_generated/BenchmarkQueries_query43_jmhTest.query43_avgt_jmhStub;org/weakref/nitro/clickbench/BenchmarkQueries.query43;org/weakref/nitro/clickbench/ClickBenchHitsSupport.query43;org/weakref/nitro/clickbench/ClickBenchHitsSupport.clickBenchScan;org/weakref/nitro/operator/NitroParquetScanOperator.<init>;java/util/stream/ReferencePipeline.toArray;java/util/stream/AbstractPipeline.evaluateToArrayNode;java/util/stream/AbstractPipeline.evaluate;java/util/stream/AbstractPipeline.wrapAndCopyInto;java/util/stream/AbstractPipeline.copyInto;java/util/AbstractList$RandomAccessSpliterator.forEachRemaining;java/util/stream/ReferencePipeline$3$1.accept;org/weakref/nitro/operator/NitroParquetScanOperator$$Lambda.0x00000000480864e8.apply;org/weakref/nitro/parquet/ParquetFile.open;org/weakref/nitro/parquet/ParquetFile.<init>;org/apache/parquet/format/Util.readFileMetaData;org/apache/parquet/format/Util.readFileMetaData;org/apache/parquet/format/Util.read;org/apache/parquet/format/FileMetaData.read;org/apache/parquet/format/FileMetaData$FileMetaDataStandardScheme.read;org/apache/parquet/format/FileMetaData$FileMetaDataStandardScheme.read;org/apache/parquet/format/RowGroup.read;org/apache/parquet/format/RowGroup$RowGroupStandardScheme.read;org/apache/parquet/format/RowGroup$RowGroupStandardScheme.read;org/apache/parquet/format/ColumnChunk.read;org/apache/parquet/format/ColumnChunk$ColumnChunkStandardScheme.read;org/apache/parquet/format/ColumnChunk$ColumnChunkStandardScheme.read;org/apache/parquet/format/ColumnMetaData.read;org/apache/parquet/format/ColumnMetaData$ColumnMetaDataStandardScheme.read;org/apache/parquet/format/ColumnMetaData$ColumnMetaDataStandardScheme.read;org/apache/parquet/format/InterningProtocol.readI64;shaded/parquet/org/apache/thrift/protocol/TCompactProtocol.readI64;shaded/parquet/org/apache/thrift/protocol/TCompactProtocol.readVarint64;shaded/parquet/org/apache/thrift/protocol/TCompactProtocol.readByte;shaded/parquet/org/apache/thrift/transport/TTransport.readAll;shaded/parquet/org/apache/thrift/transport/TIOStreamTransport.read;org/weakref/nitro/parquet/ParquetFile$SegmentInputStream.read;java/lang/foreign/MemorySegment.copy;jdk/internal/foreign/AbstractMemorySegmentImpl.copy 1
java/lang/Thread.run;java/lang/Thread.runWith;java/util/concurrent/ThreadPoolExecutor$Worker.run;java/util/concurrent/ThreadPoolExecutor.runWorker;java/util/concurrent/FutureTask.run;java/util/concurrent/Executors$RunnableAdapter.call;java/util/concurrent/FutureTask.run;org/openjdk/jmh/runner/BenchmarkHandler$BenchmarkTask.call;org/openjdk/jmh/runner/BenchmarkHandler$BenchmarkTask.call;java/lang/reflect/Method.invoke;jdk/internal/reflect/DirectMethodHandleAccessor.invoke;jdk/internal/reflect/DirectMethodHandleAccessor.invokeImpl;java/lang/invoke/LambdaForm$MH.0x0000000048061400.invokeExact_MT;java/lang/invoke/LambdaForm$MH.0x0000000048061000.invoke;java/lang/invoke/DirectMethodHandle$Holder.invokeSpecial;org/weakref/nitro/clickbench/jmh_generated/BenchmarkQueries_query43_jmhTest.query43_AverageTime;org/weakref/nitro/clickbench/jmh_generated/BenchmarkQueries_query43_jmhTest.query43_avgt_jmhStub;org/weakref/nitro/clickbench/BenchmarkQueries.query43;org/weakref/nitro/clickbench/BenchmarkQueries.consume;org/weakref/nitro/operator/OffsetOperator.hasNext;org/weakref/nitro/operator/OffsetOperator.skipFullyConsumedBatches;org/weakref/nitro/operator/TopNOperator.next;org/weakref/nitro/operator/TopNOperator.computeTopN;org/weakref/nitro/operator/GroupedAggregationOperator.next;org/weakref/nitro/operator/GroupedAggregationOperator.computeResults;org/weakref/nitro/operator/GroupOperator.next;org/weakref/nitro/operator/ProjectOperator.next;org/weakref/nitro/operator/FilterOperator.next;org/weakref/nitro/operator/evaluator/PlanEvaluator.evaluateInPlace;org/weakref/nitro/operator/evaluator/PlanEvaluator.evaluateTrueMaskInPlace;org/weakref/nitro/operator/evaluator/PlanEvaluator.evaluateAdaptiveAndTrueMaskInPlace;org/weakref/nitro/operator/evaluator/PlanEvaluator.evaluateMeasuredTrueMaskInPlace;org/weakref/nitro/operator/evaluator/PlanEvaluator.evaluateTrueMaskInPlace;org/weakref/nitro/operator/evaluator/PlanEvaluator.evaluateAdaptiveAndTrueMaskInPlace;org/weakref/nitro/operator/evaluator/PlanEvaluator.evaluateMeasuredTrueMaskInPlace;org/weakref/nitro/operator/evaluator/PlanEvaluator.evaluateTrueMaskInPlace;org/weakref/nitro/operator/evaluator/PlanEvaluator.evaluateAdaptiveAndTrueMaskInPlace;org/weakref/nitro/operator/evaluator/PlanEvaluator.evaluateMeasuredTrueMaskInPlace;org/weakref/nitro/operator/evaluator/PlanEvaluator.evaluateTrueMaskInPlace;org/weakref/nitro/operator/evaluator/PlanEvaluator.tryEvaluatePrimitiveTrueMaskInPlace;org/weakref/nitro/operator/evaluator/PlanEvaluator.tryEvaluatePrimitiveMaskInPlace;org/weakref/nitro/function/scalar/builtin/EqualI64.tryEvaluateTrueMaskInPlace;org/weakref/nitro/function/scalar/builtin/LongComparisonMaskSupport.tryEvaluateTrueMaskInPlace;org/weakref/nitro/function/scalar/builtin/LongComparisonMaskSupport.tryConstantComparisonInPlace;org/weakref/nitro/function/scalar/builtin/LongComparisonMaskSupport.applyConstantComparison;org/weakref/nitro/data/Mask.retainConstantComparison;org/weakref/nitro/data/Mask.retainConstantComparison 2
java/lang/Thread.run;java/lang/Thread.runWith;java/util/concurrent/ThreadPoolExecutor$Worker.run;java/util/concurrent/ThreadPoolExecutor.runWorker;java/util/concurrent/FutureTask.run;java/util/concurrent/Executors$RunnableAdapter.call;java/util/concurrent/FutureTask.run;org/openjdk/jmh/runner/BenchmarkHandler$BenchmarkTask.call;org/openjdk/jmh/runner/BenchmarkHandler$BenchmarkTask.call;java/lang/reflect/Method.invoke;jdk/internal/reflect/DirectMethodHandleAccessor.invoke;jdk/internal/reflect/DirectMethodHandleAccessor.invokeImpl;java/lang/invoke/LambdaForm$MH.0x0000000048061400.invokeExact_MT;java/lang/invoke/LambdaForm$MH.0x0000000048061000.invoke;java/lang/invoke/DirectMethodHandle$Holder.invokeSpecial;org/weakref/nitro/clickbench/jmh_generated/BenchmarkQueries_query43_jmhTest.query43_AverageTime;org/weakref/nitro/clickbench/jmh_generated/BenchmarkQueries_query43_jmhTest.query43_avgt_jmhStub;org/weakref/nitro/clickbench/BenchmarkQueries.query43;org/weakref/nitro/clickbench/BenchmarkQueries.consume;org/weakref/nitro/operator/OffsetOperator.hasNext;org/weakref/nitro/operator/OffsetOperator.skipFullyConsumedBatches;org/weakref/nitro/operator/TopNOperator.next;org/weakref/nitro/operator/TopNOperator.computeTopN;org/weakref/nitro/operator/GroupedAggregationOperator.next;org/weakref/nitro/operator/GroupedAggregationOperator.computeResults;org/weakref/nitro/operator/GroupOperator.next;org/weakref/nitro/operator/Output.<init>;org/weakref/nitro/operator/Output.<init>;org/weakref/nitro/operator/Output.<init>;org/weakref/nitro/operator/Output.streamFlags;java/util/ImmutableCollections$Set12.contains 8
java/lang/Thread.run;java/lang/Thread.runWith;java/util/concurrent/ThreadPoolExecutor$Worker.run;java/util/concurrent/ThreadPoolExecutor.runWorker;java/util/concurrent/FutureTask.run;java/util/concurrent/Executors$RunnableAdapter.call;java/util/concurrent/FutureTask.run;org/openjdk/jmh/runner/BenchmarkHandler$BenchmarkTask.call;org/openjdk/jmh/runner/BenchmarkHandler$BenchmarkTask.call;java/lang/reflect/Method.invoke;jdk/internal/reflect/DirectMethodHandleAccessor.invoke;jdk/internal/reflect/DirectMethodHandleAccessor.invokeImpl;java/lang/invoke/LambdaForm$MH.0x0000000048061400.invokeExact_MT;java/lang/invoke/LambdaForm$MH.0x0000000048061000.invoke;java/lang/invoke/DirectMethodHandle$Holder.invokeSpecial;org/weakref/nitro/clickbench/jmh_generated/BenchmarkQueries_query43_jmhTest.query43_AverageTime;org/weakref/nitro/clickbench/jmh_generated/BenchmarkQueries_query43_jmhTest.query43_avgt_jmhStub;org/weakref/nitro/clickbench/BenchmarkQueries.query43;org/weakref/nitro/clickbench/BenchmarkQueries.consume;org/weakref/nitro/operator/OffsetOperator.hasNext;org/weakref/nitro/operator/OffsetOperator.skipFullyConsumedBatches;org/weakref/nitro/operator/TopNOperator.next;org/weakref/nitro/operator/TopNOperator.computeTopN;org/weakref/nitro/operator/GroupedAggregationOperator.next;org/weakref/nitro/operator/GroupedAggregationOperator.computeResults;org/weakref/nitro/operator/GroupOperator.next;org/weakref/nitro/operator/ProjectOperator.next;org/weakref/nitro/operator/FilterOperator.next;org/weakref/nitro/operator/evaluator/PlanEvaluator.evaluateInPlace;org/weakref/nitro/operator/evaluator/PlanEvaluator.evaluateTrueMaskInPlace;org/weakref/nitro/operator/evaluator/PlanEvaluator.evaluateAdaptiveAndTrueMaskInPlace;org/weakref/nitro/operator/evaluator/PlanEvaluator.evaluateMeasuredTrueMaskInPlace;org/weakref/nitro/operator/evaluator/PlanEvaluator.evaluateTrueMaskInPlace;org/weakref/nitro/operator/evaluator/PlanEvaluator.evaluateAdaptiveAndTrueMaskInPlace;org/weakref/nitro/operator/evaluator/PlanEvaluator.evaluateMeasuredTrueMaskInPlace;org/weakref/nitro/operator/evaluator/PlanEvaluator.evaluateTrueMaskInPlace;org/weakref/nitro/operator/evaluator/PlanEvaluator.tryEvaluatePrimitiveTrueMaskInPlace;org/weakref/nitro/operator/evaluator/PlanEvaluator.tryEvaluatePrimitiveMaskInPlace;org/weakref/nitro/function/scalar/builtin/EqualI64.tryEvaluateTrueMaskInPlace;org/weakref/nitro/function/scalar/builtin/LongComparisonMaskSupport.tryEvaluateTrueMaskInPlace;org/weakref/nitro/function/scalar/builtin/LongComparisonMaskSupport.tryConstantComparisonInPlace;org/weakref/nitro/function/scalar/builtin/VectorAccess.isAllFalseNulls;org/weakref/nitro/data/BooleanVector.isAllFalse 4
java/lang/Thread.run;java/lang/Thread.runWith;java/util/concurrent/ThreadPoolExecutor$Worker.run;java/util/concurrent/ThreadPoolExecutor.runWorker;java/util/concurrent/FutureTask.run;java/util/concurrent/Executors$RunnableAdapter.call;java/util/concurrent/FutureTask.run;org/openjdk/jmh/runner/BenchmarkHandler$BenchmarkTask.call;org/openjdk/jmh/runner/BenchmarkHandler$BenchmarkTask.call;java/lang/reflect/Method.invoke;jdk/internal/reflect/DirectMethodHandleAccessor.invoke;jdk/internal/reflect/DirectMethodHandleAccessor.invokeImpl;java/lang/invoke/LambdaForm$MH.0x0000000048061400.invokeExact_MT;java/lang/invoke/LambdaForm$MH.0x0000000048061000.invoke;java/lang/invoke/DirectMethodHandle$Holder.invokeSpecial;org/weakref/nitro/clickbench/jmh_generated/BenchmarkQueries_query43_jmhTest.query43_AverageTime;org/weakref/nitro/clickbench/jmh_generated/BenchmarkQueries_query43_jmhTest.query43_avgt_jmhStub;org/weakref/nitro/clickbench/BenchmarkQueries.query43;org/weakref/nitro/clickbench/BenchmarkQueries.consume;org/weakref/nitro/operator/OffsetOperator.hasNext;org/weakref/nitro/operator/OffsetOperator.skipFullyConsumedBatches;org/weakref/nitro/operator/TopNOperator.next;org/weakref/nitro/operator/TopNOperator.computeTopN;org/weakref/nitro/operator/GroupedAggregationOperator.next;org/weakref/nitro/operator/GroupedAggregationOperator.computeResults;org/weakref/nitro/operator/GroupOperator.next;org/weakref/nitro/operator/ProjectOperator.next;org/weakref/nitro/operator/FilterOperator.next;org/weakref/nitro/operator/evaluator/PlanEvaluator.evaluateInPlace;org/weakref/nitro/operator/evaluator/PlanEvaluator.evaluateTrueMaskInPlace;org/weakref/nitro/operator/evaluator/PlanEvaluator.evaluateAdaptiveAndTrueMaskInPlace;org/weakref/nitro/operator/evaluator/PlanEvaluator.evaluateMeasuredTrueMaskInPlace;org/weakref/nitro/operator/evaluator/PlanEvaluator.evaluateTrueMaskInPlace;org/weakref/nitro/operator/evaluator/PlanEvaluator.evaluateAdaptiveAndTrueMaskInPlace;org/weakref/nitro/operator/evaluator/PlanEvaluator.evaluateMeasuredTrueMaskInPlace;org/weakref/nitro/operator/evaluator/PlanEvaluator.evaluateTrueMaskInPlace;org/weakref/nitro/operator/evaluator/PlanEvaluator.tryEvaluatePrimitiveTrueMaskInPlace;org/weakref/nitro/operator/evaluator/PlanEvaluator.tryEvaluatePrimitiveMaskInPlace;org/weakref/nitro/operator/evaluator/PlanEvaluator.resolveMaskPrimitiveInvocation;org/weakref/nitro/operator/evaluator/PlanEvaluator.evaluateArgument;org/weakref/nitro/operator/FilterOperator$1.resolve;org/weakref/nitro/operator/Output.borrowOrNull;org/weakref/nitro/operator/Output.borrow;org/weakref/nitro/operator/Output.borrow;org/weakref/nitro/operator/NitroParquetScanOperator$ScanOutputResolver$$Lambda.0x00000000480aba90.apply;org/weakref/nitro/operator/NitroParquetScanOperator$ScanOutputResolver.resolve;org/weakref/nitro/operator/NitroParquetScanOperator.resolveLazyColumn;org/weakref/nitro/operator/NitroParquetScanOperator.decodeFullColumn;org/weakref/nitro/parquet/ColumnReader.readInts;org/weakref/nitro/parquet/ColumnReader.decodeNextDataPage;org/weakref/nitro/parquet/ColumnReader.decodeDataPageV1;org/weakref/nitro/parquet/RleReader.read;java/util/Arrays.fill;arrayof_jbyte_fill_stub 7
java/lang/Thread.run;java/lang/Thread.runWith;java/util/concurrent/ThreadPoolExecutor$Worker.run;java/util/concurrent/ThreadPoolExecutor.runWorker;java/util/concurrent/FutureTask.run;java/util/concurrent/Executors$RunnableAdapter.call;java/util/concurrent/FutureTask.run;org/openjdk/jmh/runner/BenchmarkHandler$BenchmarkTask.call;org/openjdk/jmh/runner/BenchmarkHandler$BenchmarkTask.call;java/lang/reflect/Method.invoke;jdk/internal/reflect/DirectMethodHandleAccessor.invoke;jdk/internal/reflect/DirectMethodHandleAccessor.invokeImpl;java/lang/invoke/LambdaForm$MH.0x0000000048061400.invokeExact_MT;java/lang/invoke/LambdaForm$MH.0x0000000048061000.invoke;java/lang/invoke/DirectMethodHandle$Holder.invokeSpecial;org/weakref/nitro/clickbench/jmh_generated/BenchmarkQueries_query43_jmhTest.query43_AverageTime;org/weakref/nitro/clickbench/jmh_generated/BenchmarkQueries_query43_jmhTest.query43_avgt_jmhStub;org/weakref/nitro/clickbench/BenchmarkQueries.query43;org/weakref/nitro/clickbench/ClickBenchHitsSupport.query43;org/weakref/nitro/clickbench/ClickBenchHitsSupport.clickBenchScan;org/weakref/nitro/operator/NitroParquetScanOperator.<init>;java/util/stream/ReferencePipeline.toArray;java/util/stream/AbstractPipeline.evaluateToArrayNode;java/util/stream/AbstractPipeline.evaluate;java/util/stream/AbstractPipeline.wrapAndCopyInto;java/util/stream/AbstractPipeline.copyInto;java/util/AbstractList$RandomAccessSpliterator.forEachRemaining;java/util/stream/ReferencePipeline$3$1.accept;org/weakref/nitro/operator/NitroParquetScanOperator$$Lambda.0x00000000480864e8.apply;org/weakref/nitro/parquet/ParquetFile.open;org/weakref/nitro/parquet/ParquetFile.<init>;org/apache/parquet/format/Util.readFileMetaData;org/apache/parquet/format/Util.readFileMetaData;org/apache/parquet/format/Util.read;org/apache/parquet/format/FileMetaData.read;org/apache/parquet/format/FileMetaData$FileMetaDataStandardScheme.read;org/apache/parquet/format/FileMetaData$FileMetaDataStandardScheme.read;org/apache/parquet/format/RowGroup.read;org/apache/parquet/format/RowGroup$RowGroupStandardScheme.read;org/apache/parquet/format/RowGroup$RowGroupStandardScheme.read;org/apache/parquet/format/ColumnChunk.read;org/apache/parquet/format/ColumnChunk$ColumnChunkStandardScheme.read;org/apache/parquet/format/ColumnChunk$ColumnChunkStandardScheme.read;org/apache/parquet/format/InterningProtocol.readI64;shaded/parquet/org/apache/thrift/protocol/TCompactProtocol.readI64;shaded/parquet/org/apache/thrift/protocol/TCompactProtocol.readVarint64;shaded/parquet/org/apache/thrift/protocol/TCompactProtocol.readByte;shaded/parquet/org/apache/thrift/transport/TTransport.readAll;shaded/parquet/org/apache/thrift/transport/TIOStreamTransport.read;org/weakref/nitro/parquet/ParquetFile$SegmentInputStream.read;java/lang/foreign/MemorySegment.copy;jdk/internal/foreign/AbstractMemorySegmentImpl.copy;jdk/internal/misc/ScopedMemoryAccess.copyMemory;jdk/internal/misc/ScopedMemoryAccess.copyMemoryInternal;jdk/internal/misc/Unsafe.copyMemory;jbyte_disjoint_arraycopy_stub 1
java/lang/Thread.run;java/lang/Thread.runWith;java/util/concurrent/ThreadPoolExecutor$Worker.run;java/util/concurrent/ThreadPoolExecutor.runWorker;java/util/concurrent/FutureTask.run;java/util/concurrent/Executors$RunnableAdapter.call;java/util/concurrent/FutureTask.run;org/openjdk/jmh/runner/BenchmarkHandler$BenchmarkTask.call;org/openjdk/jmh/runner/BenchmarkHandler$BenchmarkTask.call;java/lang/reflect/Method.invoke;jdk/internal/reflect/DirectMethodHandleAccessor.invoke;jdk/internal/reflect/DirectMethodHandleAccessor.invokeImpl;java/lang/invoke/LambdaForm$MH.0x0000000048061400.invokeExact_MT;java/lang/invoke/LambdaForm$MH.0x0000000048061000.invoke;java/lang/invoke/DirectMethodHandle$Holder.invokeSpecial;org/weakref/nitro/clickbench/jmh_generated/BenchmarkQueries_query43_jmhTest.query43_AverageTime;org/weakref/nitro/clickbench/jmh_generated/BenchmarkQueries_query43_jmhTest.query43_avgt_jmhStub;org/weakref/nitro/clickbench/BenchmarkQueries.query43;org/weakref/nitro/clickbench/BenchmarkQueries.consume;org/weakref/nitro/operator/OffsetOperator.hasNext;org/weakref/nitro/operator/OffsetOperator.skipFullyConsumedBatches;org/weakref/nitro/operator/TopNOperator.next;org/weakref/nitro/operator/TopNOperator.computeTopN;org/weakref/nitro/operator/GroupedAggregationOperator.next;org/weakref/nitro/operator/GroupedAggregationOperator.computeResults;org/weakref/nitro/operator/Output.borrow;org/weakref/nitro/operator/GroupOperator$$Lambda.0x00000000481e38d0.apply;org/weakref/nitro/operator/GroupOperator.lambda$next$0;org/weakref/nitro/operator/GroupOperator.groupIds;org/weakref/nitro/operator/GroupOperator.doGroupingIfNeeded;org/weakref/nitro/operator/Output.borrow;org/weakref/nitro/operator/ProjectOperator$$Lambda.0x00000000481e76d8.apply;org/weakref/nitro/operator/ProjectOperator.lambda$next$4;org/weakref/nitro/operator/ProjectOperator.evaluateOutput;java/util/HashMap.computeIfAbsent;org/weakref/nitro/operator/ProjectOperator$$Lambda.0x00000000481ea4e8.apply;org/weakref/nitro/operator/ProjectOperator.lambda$evaluateOutput$0;org/weakref/nitro/operator/ProjectOperator.evaluateBundle;org/weakref/nitro/operator/evaluator/PlanEvaluator.evaluate;org/weakref/nitro/operator/evaluator/PlanEvaluator.evaluateUnmemoized;org/weakref/nitro/operator/evaluator/PlanEvaluator.evaluateVariable;org/weakref/nitro/operator/evaluator/PlanEvaluator.evaluateCall;org/weakref/nitro/operator/evaluator/PlanEvaluator.evaluateArgument;org/weakref/nitro/operator/evaluator/PlanEvaluator.evaluate;org/weakref/nitro/operator/evaluator/PlanEvaluator.evaluateUnmemoized;org/weakref/nitro/operator/evaluator/PlanEvaluator.evaluateVariable;org/weakref/nitro/operator/evaluator/PlanEvaluator.evaluateCall;org/weakref/nitro/function/scalar/builtin/DivideI64.apply;org/weakref/nitro/function/scalar/builtin/I64BinaryDispatch.applyLong;org/weakref/nitro/function/scalar/builtin/I64BinaryDispatch.forEachPair;org/weakref/nitro/function/scalar/builtin/I64BinaryDispatch.forEachFlatRle;org/weakref/nitro/function/scalar/builtin/I64BinaryDispatch$$Lambda.0x00000000481ee000.accept 1
java/lang/Thread.run;java/lang/Thread.runWith;java/util/concurrent/ThreadPoolExecutor$Worker.run;java/util/concurrent/ThreadPoolExecutor.runWorker;java/util/concurrent/FutureTask.run;java/util/concurrent/Executors$RunnableAdapter.call;java/util/concurrent/FutureTask.run;org/openjdk/jmh/runner/BenchmarkHandler$BenchmarkTask.call;org/openjdk/jmh/runner/BenchmarkHandler$BenchmarkTask.call;java/lang/reflect/Method.invoke;jdk/internal/reflect/DirectMethodHandleAccessor.invoke;jdk/internal/reflect/DirectMethodHandleAccessor.invokeImpl;java/lang/invoke/LambdaForm$MH.0x0000000048061400.invokeExact_MT;java/lang/invoke/LambdaForm$MH.0x0000000048061000.invoke;java/lang/invoke/DirectMethodHandle$Holder.invokeSpecial;org/weakref/nitro/clickbench/jmh_generated/BenchmarkQueries_query43_jmhTest.query43_AverageTime;org/weakref/nitro/clickbench/jmh_generated/BenchmarkQueries_query43_jmhTest.query43_avgt_jmhStub;org/weakref/nitro/clickbench/BenchmarkQueries.query43;org/weakref/nitro/clickbench/ClickBenchHitsSupport.query43;org/weakref/nitro/clickbench/ClickBenchHitsSupport.clickBenchScan;org/weakref/nitro/operator/NitroParquetScanOperator.<init>;java/util/stream/ReferencePipeline.toArray;java/util/stream/AbstractPipeline.evaluateToArrayNode;java/util/stream/AbstractPipeline.evaluate;java/util/stream/AbstractPipeline.wrapAndCopyInto;java/util/stream/AbstractPipeline.copyInto;java/util/AbstractList$RandomAccessSpliterator.forEachRemaining;java/util/stream/ReferencePipeline$3$1.accept;org/weakref/nitro/operator/NitroParquetScanOperator$$Lambda.0x00000000480864e8.apply;org/weakref/nitro/parquet/ParquetFile.open;org/weakref/nitro/parquet/ParquetFile.<init>;org/apache/parquet/format/Util.readFileMetaData;org/apache/parquet/format/Util.readFileMetaData;org/apache/parquet/format/Util.read;org/apache/parquet/format/FileMetaData.read;org/apache/parquet/format/FileMetaData$FileMetaDataStandardScheme.read;org/apache/parquet/format/FileMetaData$FileMetaDataStandardScheme.read;org/apache/parquet/format/RowGroup.read;org/apache/parquet/format/RowGroup$RowGroupStandardScheme.read;org/apache/parquet/format/RowGroup$RowGroupStandardScheme.read;org/apache/parquet/format/ColumnChunk.read;org/apache/parquet/format/ColumnChunk$ColumnChunkStandardScheme.read;org/apache/parquet/format/ColumnChunk$ColumnChunkStandardScheme.read;org/apache/parquet/format/ColumnMetaData.read;org/apache/parquet/format/ColumnMetaData$ColumnMetaDataStandardScheme.read;org/apache/parquet/format/ColumnMetaData$ColumnMetaDataStandardScheme.read;org/apache/parquet/format/InterningProtocol.readFieldBegin;shaded/parquet/org/apache/thrift/protocol/TCompactProtocol.readFieldBegin;shaded/parquet/org/apache/thrift/protocol/TCompactProtocol.readByte;shaded/parquet/org/apache/thrift/transport/TTransport.readAll;shaded/parquet/org/apache/thrift/transport/TIOStreamTransport.read;org/weakref/nitro/parquet/ParquetFile$SegmentInputStream.read;java/lang/foreign/MemorySegment.copy;jdk/internal/foreign/AbstractMemorySegmentImpl.copy;jdk/internal/misc/ScopedMemoryAccess.copyMemory;jdk/internal/misc/ScopedMemoryAccess.copyMemoryInternal;jdk/internal/misc/Unsafe.copyMemory;unsafe_arraycopy_stub 1
java/lang/Thread.run;java/lang/Thread.runWith;java/util/concurrent/ThreadPoolExecutor$Worker.run;java/util/concurrent/ThreadPoolExecutor.runWorker;java/util/concurrent/FutureTask.run;java/util/concurrent/Executors$RunnableAdapter.call;java/util/concurrent/FutureTask.run;org/openjdk/jmh/runner/BenchmarkHandler$BenchmarkTask.call;org/openjdk/jmh/runner/BenchmarkHandler$BenchmarkTask.call;java/lang/reflect/Method.invoke;jdk/internal/reflect/DirectMethodHandleAccessor.invoke;jdk/internal/reflect/DirectMethodHandleAccessor.invokeImpl;java/lang/invoke/LambdaForm$MH.0x0000000048061400.invokeExact_MT;java/lang/invoke/LambdaForm$MH.0x0000000048061000.invoke;java/lang/invoke/DirectMethodHandle$Holder.invokeSpecial;org/weakref/nitro/clickbench/jmh_generated/BenchmarkQueries_query43_jmhTest.query43_AverageTime;org/weakref/nitro/clickbench/jmh_generated/BenchmarkQueries_query43_jmhTest.query43_avgt_jmhStub;org/weakref/nitro/clickbench/BenchmarkQueries.query43;org/weakref/nitro/clickbench/ClickBenchHitsSupport.query43;org/weakref/nitro/clickbench/ClickBenchHitsSupport.clickBenchScan;org/weakref/nitro/operator/NitroParquetScanOperator.<init>;java/util/stream/ReferencePipeline.toArray;java/util/stream/AbstractPipeline.evaluateToArrayNode;java/util/stream/AbstractPipeline.evaluate;java/util/stream/AbstractPipeline.wrapAndCopyInto;java/util/stream/AbstractPipeline.copyInto;java/util/AbstractList$RandomAccessSpliterator.forEachRemaining;java/util/stream/ReferencePipeline$3$1.accept;org/weakref/nitro/operator/NitroParquetScanOperator$$Lambda.0x00000000480864e8.apply;org/weakref/nitro/parquet/ParquetFile.open;org/weakref/nitro/parquet/ParquetFile.<init>;org/apache/parquet/format/Util.readFileMetaData;org/apache/parquet/format/Util.readFileMetaData;org/apache/parquet/format/Util.read;org/apache/parquet/format/FileMetaData.read;org/apache/parquet/format/FileMetaData$FileMetaDataStandardScheme.read;org/apache/parquet/format/FileMetaData$FileMetaDataStandardScheme.read;org/apache/parquet/format/RowGroup.read;org/apache/parquet/format/RowGroup$RowGroupStandardScheme.read;org/apache/parquet/format/RowGroup$RowGroupStandardScheme.read;org/apache/parquet/format/ColumnChunk.read;org/apache/parquet/format/ColumnChunk$ColumnChunkStandardScheme.read;org/apache/parquet/format/ColumnChunk$ColumnChunkStandardScheme.read;org/apache/parquet/format/ColumnMetaData.read;org/apache/parquet/format/ColumnMetaData$ColumnMetaDataStandardScheme.read;org/apache/parquet/format/ColumnMetaData$ColumnMetaDataStandardScheme.read;org/apache/parquet/format/InterningProtocol.readFieldBegin;shaded/parquet/org/apache/thrift/protocol/TCompactProtocol.readFieldBegin;shaded/parquet/org/apache/thrift/protocol/TCompactProtocol.readByte 7
java/lang/Thread.run;java/lang/Thread.runWith;java/util/concurrent/ThreadPoolExecutor$Worker.run;java/util/concurrent/ThreadPoolExecutor.runWorker;java/util/concurrent/FutureTask.run;java/util/concurrent/Executors$RunnableAdapter.call;java/util/concurrent/FutureTask.run;org/openjdk/jmh/runner/BenchmarkHandler$BenchmarkTask.call;org/openjdk/jmh/runner/BenchmarkHandler$BenchmarkTask.call;java/lang/reflect/Method.invoke;jdk/internal/reflect/DirectMethodHandleAccessor.invoke;jdk/internal/reflect/DirectMethodHandleAccessor.invokeImpl;java/lang/invoke/LambdaForm$MH.0x0000000048061400.invokeExact_MT;java/lang/invoke/LambdaForm$MH.0x0000000048061000.invoke;java/lang/invoke/DirectMethodHandle$Holder.invokeSpecial;org/weakref/nitro/clickbench/jmh_generated/BenchmarkQueries_query43_jmhTest.query43_AverageTime;org/weakref/nitro/clickbench/jmh_generated/BenchmarkQueries_query43_jmhTest.query43_avgt_jmhStub;org/weakref/nitro/clickbench/BenchmarkQueries.query43;org/weakref/nitro/clickbench/ClickBenchHitsSupport.query43;org/weakref/nitro/clickbench/ClickBenchHitsSupport.clickBenchScan;org/weakref/nitro/operator/NitroParquetScanOperator.<init>;java/util/stream/ReferencePipeline.toArray;java/util/stream/AbstractPipeline.evaluateToArrayNode;java/util/stream/AbstractPipeline.evaluate;java/util/stream/AbstractPipeline.wrapAndCopyInto;java/util/stream/AbstractPipeline.copyInto;java/util/AbstractList$RandomAccessSpliterator.forEachRemaining;java/util/stream/ReferencePipeline$3$1.accept;org/weakref/nitro/operator/NitroParquetScanOperator$$Lambda.0x00000000480864e8.apply;org/weakref/nitro/parquet/ParquetFile.open;org/weakref/nitro/parquet/ParquetFile.<init>;org/apache/parquet/format/Util.readFileMetaData;org/apache/parquet/format/Util.readFileMetaData;org/apache/parquet/format/Util.read;org/apache/parquet/format/FileMetaData.read;org/apache/parquet/format/FileMetaData$FileMetaDataStandardScheme.read;org/apache/parquet/format/FileMetaData$FileMetaDataStandardScheme.read;org/apache/parquet/format/RowGroup.read;org/apache/parquet/format/RowGroup$RowGroupStandardScheme.read;org/apache/parquet/format/RowGroup$RowGroupStandardScheme.read;org/apache/parquet/format/ColumnChunk.read;org/apache/parquet/format/ColumnChunk$ColumnChunkStandardScheme.read;org/apache/parquet/format/ColumnChunk$ColumnChunkStandardScheme.read;org/apache/parquet/format/ColumnMetaData.read;org/apache/parquet/format/ColumnMetaData$ColumnMetaDataStandardScheme.read;org/apache/parquet/format/ColumnMetaData$ColumnMetaDataStandardScheme.read;org/apache/parquet/format/InterningProtocol.readI64;shaded/parquet/org/apache/thrift/protocol/TCompactProtocol.readI64;shaded/parquet/org/apache/thrift/protocol/TCompactProtocol.readVarint64;shaded/parquet/org/apache/thrift/protocol/TCompactProtocol.readByte 2
java/lang/Thread.run;java/lang/Thread.runWith;java/util/concurrent/ThreadPoolExecutor$Worker.run;java/util/concurrent/ThreadPoolExecutor.runWorker;java/util/concurrent/FutureTask.run;java/util/concurrent/Executors$RunnableAdapter.call;java/util/concurrent/FutureTask.run;org/openjdk/jmh/runner/BenchmarkHandler$BenchmarkTask.call;org/openjdk/jmh/runner/BenchmarkHandler$BenchmarkTask.call;java/lang/reflect/Method.invoke;jdk/internal/reflect/DirectMethodHandleAccessor.invoke;jdk/internal/reflect/DirectMethodHandleAccessor.invokeImpl;java/lang/invoke/LambdaForm$MH.0x0000000048061400.invokeExact_MT;java/lang/invoke/LambdaForm$MH.0x0000000048061000.invoke;java/lang/invoke/DirectMethodHandle$Holder.invokeSpecial;org/weakref/nitro/clickbench/jmh_generated/BenchmarkQueries_query43_jmhTest.query43_AverageTime;org/weakref/nitro/clickbench/jmh_generated/BenchmarkQueries_query43_jmhTest.query43_avgt_jmhStub;org/weakref/nitro/clickbench/BenchmarkQueries.query43;org/weakref/nitro/clickbench/BenchmarkQueries.consume;org/weakref/nitro/operator/OffsetOperator.hasNext;org/weakref/nitro/operator/OffsetOperator.skipFullyConsumedBatches;org/weakref/nitro/operator/TopNOperator.next;org/weakref/nitro/operator/TopNOperator.computeTopN;org/weakref/nitro/operator/GroupedAggregationOperator.next;org/weakref/nitro/operator/GroupedAggregationOperator.computeResults;org/weakref/nitro/operator/Output.borrow;org/weakref/nitro/operator/GroupOperator$$Lambda.0x00000000481e38d0.apply;org/weakref/nitro/operator/GroupOperator.lambda$next$0;org/weakref/nitro/operator/GroupOperator.groupIds;org/weakref/nitro/operator/GroupOperator.doGroupingIfNeeded;org/weakref/nitro/operator/Output.borrow;org/weakref/nitro/operator/ProjectOperator$$Lambda.0x00000000481e76d8.apply;org/weakref/nitro/operator/ProjectOperator.lambda$next$4;org/weakref/nitro/operator/ProjectOperator.evaluateOutput;java/util/HashMap.computeIfAbsent;org/weakref/nitro/operator/ProjectOperator$$Lambda.0x00000000481ea4e8.apply;org/weakref/nitro/operator/ProjectOperator.lambda$evaluateOutput$0;org/weakref/nitro/operator/ProjectOperator.evaluateBundle;org/weakref/nitro/operator/evaluator/PlanEvaluator.evaluate;org/weakref/nitro/operator/evaluator/PlanEvaluator.evaluateUnmemoized;org/weakref/nitro/operator/evaluator/PlanEvaluator.evaluateVariable;org/weakref/nitro/operator/evaluator/PlanEvaluator.evaluateCall;org/weakref/nitro/operator/evaluator/PlanEvaluator.evaluateArgument;org/weakref/nitro/operator/evaluator/PlanEvaluator.evaluate;org/weakref/nitro/operator/evaluator/PlanEvaluator.evaluateUnmemoized;org/weakref/nitro/operator/evaluator/PlanEvaluator.evaluateVariable;org/weakref/nitro/operator/evaluator/PlanEvaluator.evaluateCall;org/weakref/nitro/operator/evaluator/PlanEvaluator.evaluateArgument;org/weakref/nitro/operator/evaluator/PlanEvaluator.evaluate;org/weakref/nitro/operator/evaluator/PlanEvaluator.evaluateUnmemoized;org/weakref/nitro/operator/evaluator/PlanEvaluator.evaluateInput;org/weakref/nitro/operator/ProjectOperator$$Lambda.0x00000000481c6c60.resolve;org/weakref/nitro/operator/ProjectOperator.resolveEvaluatorInput;org/weakref/nitro/operator/Output.borrowOrNull;org/weakref/nitro/operator/Output.borrow;org/weakref/nitro/operator/NitroParquetScanOperator$ScanOutputResolver$$Lambda.0x00000000480aba90.apply;org/weakref/nitro/operator/NitroParquetScanOperator$ScanOutputResolver.resolve;org/weakref/nitro/operator/NitroParquetScanOperator.resolveLazyColumn;org/weakref/nitro/operator/NitroParquetScanOperator.decodeFullColumn;org/weakref/nitro/parquet/ColumnReader.readLongs;org/weakref/nitro/parquet/ColumnReader.decodeNextDataPage;org/weakref/nitro/parquet/ColumnReader.decompress;io/airlift/compress/v3/snappy/SnappyNativeDecompressor.decompress;io/airlift/compress/v3/snappy/SnappyNative.decompress;io/airlift/compress/v3/snappy/SnappyNative.decompressInternal;java/lang/invoke/LambdaForm$MH.0x00000000481dc400.invokeExact_MT;java/lang/invoke/LambdaForm$MH.0x00000000481f4400.invoke;java/lang/invoke/LambdaForm$DMH.0x00000000480b1400.invokeStatic;jdk/internal/foreign/abi/DowncallStub.0x00000000480b1000.invoke;java/lang/invoke/LambdaForm$MH.0x00000000481dd000.invokeExact_MT;java/lang/invoke/LambdaForm$MH.0x00000000481f4800.invoke;nep_invoker_blob;snappy_uncompress;snappy::RawUncompress;snappy::RawUncompress;void snappy::SnappyDecompressor::DecompressAllTags<snappy::SnappyArrayWriter>;std::pair<unsigned char const*, long> snappy::DecompressBranchless<char*>;snappy::MemCopy64 1
/usr/lib/x86_64-linux-gnu/libc.so.6;/usr/lib/x86_64-linux-gnu/libc.so.6;thread_native_entry;Thread::call_run;JavaThread::thread_main_inner;CompileBroker::compiler_thread_loop;CompileBroker::invoke_compiler_on_method;C2Compiler::compile_method;Compile::Compile;Compile::Code_Gen;PhaseChaitin::Register_Allocate;PhaseChaitin::post_allocate_copy_removal;/usr/lib/x86_64-linux-gnu/libc.so.6 1
java/lang/Thread.run;java/lang/Thread.runWith;java/util/concurrent/ThreadPoolExecutor$Worker.run;java/util/concurrent/ThreadPoolExecutor.runWorker;java/util/concurrent/FutureTask.run;java/util/concurrent/Executors$RunnableAdapter.call;java/util/concurrent/FutureTask.run;org/openjdk/jmh/runner/BenchmarkHandler$BenchmarkTask.call;org/openjdk/jmh/runner/BenchmarkHandler$BenchmarkTask.call;java/lang/reflect/Method.invoke;jdk/internal/reflect/DirectMethodHandleAccessor.invoke;jdk/internal/reflect/DirectMethodHandleAccessor.invokeImpl;java/lang/invoke/LambdaForm$MH.0x0000000048061400.invokeExact_MT;java/lang/invoke/LambdaForm$MH.0x0000000048061000.invoke;java/lang/invoke/DirectMethodHandle$Holder.invokeSpecial;org/weakref/nitro/clickbench/jmh_generated/BenchmarkQueries_query43_jmhTest.query43_AverageTime;org/weakref/nitro/clickbench/jmh_generated/BenchmarkQueries_query43_jmhTest.query43_avgt_jmhStub;org/weakref/nitro/clickbench/BenchmarkQueries.query43;org/weakref/nitro/clickbench/BenchmarkQueries.consume;org/weakref/nitro/operator/OffsetOperator.hasNext;org/weakref/nitro/operator/OffsetOperator.skipFullyConsumedBatches;org/weakref/nitro/operator/TopNOperator.next;org/weakref/nitro/operator/TopNOperator.computeTopN;org/weakref/nitro/operator/GroupedAggregationOperator.next;org/weakref/nitro/operator/GroupedAggregationOperator.computeResults;org/weakref/nitro/operator/Output.borrow;org/weakref/nitro/operator/GroupOperator$$Lambda.0x00000000481e38d0.apply;org/weakref/nitro/operator/GroupOperator.lambda$next$0;org/weakref/nitro/operator/GroupOperator.groupIds;org/weakref/nitro/operator/GroupOperator.doGroupingIfNeeded;org/weakref/nitro/operator/Output.borrow;org/weakref/nitro/operator/ProjectOperator$$Lambda.0x00000000481e76d8.apply;org/weakref/nitro/operator/ProjectOperator.lambda$next$4;org/weakref/nitro/operator/ProjectOperator.evaluateOutput;java/util/HashMap.computeIfAbsent;org/weakref/nitro/operator/ProjectOperator$$Lambda.0x00000000481ea4e8.apply;org/weakref/nitro/operator/ProjectOperator.lambda$evaluateOutput$0;org/weakref/nitro/operator/ProjectOperator.evaluateBundle;org/weakref/nitro/operator/evaluator/PlanEvaluator.evaluate;org/weakref/nitro/operator/evaluator/PlanEvaluator.evaluateUnmemoized;org/weakref/nitro/operator/evaluator/PlanEvaluator.evaluateVariable;org/weakref/nitro/operator/evaluator/PlanEvaluator.evaluateCall;org/weakref/nitro/operator/evaluator/PlanEvaluator.evaluateArgument;org/weakref/nitro/operator/evaluator/PlanEvaluator.evaluate;org/weakref/nitro/operator/evaluator/PlanEvaluator.evaluateUnmemoized;org/weakref/nitro/operator/evaluator/PlanEvaluator.evaluateVariable;org/weakref/nitro/operator/evaluator/PlanEvaluator.evaluateCall;org/weakref/nitro/operator/evaluator/PlanEvaluator.evaluateArgument;org/weakref/nitro/operator/evaluator/PlanEvaluator.evaluate;org/weakref/nitro/operator/evaluator/PlanEvaluator.evaluateUnmemoized;org/weakref/nitro/operator/evaluator/PlanEvaluator.evaluateInput;org/weakref/nitro/operator/ProjectOperator$$Lambda.0x00000000481c6c60.resolve;org/weakref/nitro/operator/ProjectOperator.resolveEvaluatorInput;org/weakref/nitro/operator/Output.borrowOrNull;org/weakref/nitro/operator/Output.borrow;org/weakref/nitro/operator/NitroParquetScanOperator$ScanOutputResolver$$Lambda.0x00000000480aba90.apply;org/weakref/nitro/operator/NitroParquetScanOperator$ScanOutputResolver.resolve;org/weakref/nitro/operator/NitroParquetScanOperator.resolveLazyColumn;org/weakref/nitro/operator/NitroParquetScanOperator.decodeFullColumn;org/weakref/nitro/parquet/ColumnReader.readLongs;org/weakref/nitro/parquet/ColumnReader.decodeNextDataPage;org/weakref/nitro/parquet/ColumnReader.decompress;io/airlift/compress/v3/snappy/SnappyNativeDecompressor.decompress;io/airlift/compress/v3/snappy/SnappyNative.decompress;io/airlift/compress/v3/snappy/SnappyNative.decompressInternal;java/lang/invoke/LambdaForm$MH.0x00000000481dc400.invokeExact_MT;java/lang/invoke/LambdaForm$MH.0x00000000481f4400.invoke;java/lang/invoke/LambdaForm$DMH.0x00000000480b1400.invokeStatic;jdk/internal/foreign/abi/DowncallStub.0x00000000480b1000.invoke;java/lang/invoke/LambdaForm$MH.0x00000000481dd000.invokeExact_MT;java/lang/invoke/LambdaForm$MH.0x00000000481f4800.invoke;nep_invoker_blob;snappy_uncompress;snappy::RawUncompress;snappy::RawUncompress;void snappy::SnappyDecompressor::DecompressAllTags<snappy::SnappyArrayWriter>;std::pair<unsigned char const*, long> snappy::DecompressBranchless<char*> 1
java/lang/Thread.run;java/lang/Thread.runWith;java/util/concurrent/ThreadPoolExecutor$Worker.run;java/util/concurrent/ThreadPoolExecutor.runWorker;java/util/concurrent/FutureTask.run;java/util/concurrent/Executors$RunnableAdapter.call;java/util/concurrent/FutureTask.run;org/openjdk/jmh/runner/BenchmarkHandler$BenchmarkTask.call;org/openjdk/jmh/runner/BenchmarkHandler$BenchmarkTask.call;java/lang/reflect/Method.invoke;jdk/internal/reflect/DirectMethodHandleAccessor.invoke;jdk/internal/reflect/DirectMethodHandleAccessor.invokeImpl;java/lang/invoke/LambdaForm$MH.0x0000000048061400.invokeExact_MT;java/lang/invoke/LambdaForm$MH.0x0000000048061000.invoke;java/lang/invoke/DirectMethodHandle$Holder.invokeSpecial;org/weakref/nitro/clickbench/jmh_generated/BenchmarkQueries_query43_jmhTest.query43_AverageTime;org/weakref/nitro/clickbench/jmh_generated/BenchmarkQueries_query43_jmhTest.query43_avgt_jmhStub;org/weakref/nitro/clickbench/BenchmarkQueries.query43;org/weakref/nitro/clickbench/ClickBenchHitsSupport.query43;org/weakref/nitro/clickbench/ClickBenchHitsSupport.clickBenchScan;org/weakref/nitro/operator/NitroParquetScanOperator.<init>;java/util/stream/ReferencePipeline.toArray;java/util/stream/AbstractPipeline.evaluateToArrayNode;java/util/stream/AbstractPipeline.evaluate;java/util/stream/AbstractPipeline.wrapAndCopyInto;java/util/stream/AbstractPipeline.copyInto;java/util/AbstractList$RandomAccessSpliterator.forEachRemaining;java/util/stream/ReferencePipeline$3$1.accept;org/weakref/nitro/operator/NitroParquetScanOperator$$Lambda.0x00000000480864e8.apply;org/weakref/nitro/parquet/ParquetFile.open;org/weakref/nitro/parquet/ParquetFile.<init>;org/apache/parquet/format/Util.readFileMetaData;org/apache/parquet/format/Util.readFileMetaData;org/apache/parquet/format/Util.read;org/apache/parquet/format/FileMetaData.read;org/apache/parquet/format/FileMetaData$FileMetaDataStandardScheme.read;org/apache/parquet/format/FileMetaData$FileMetaDataStandardScheme.read;org/apache/parquet/format/RowGroup.read;org/apache/parquet/format/RowGroup$RowGroupStandardScheme.read;org/apache/parquet/format/RowGroup$RowGroupStandardScheme.read;org/apache/parquet/format/ColumnChunk.read;org/apache/parquet/format/ColumnChunk$ColumnChunkStandardScheme.read;org/apache/parquet/format/ColumnChunk$ColumnChunkStandardScheme.read;org/apache/parquet/format/ColumnMetaData.read;org/apache/parquet/format/ColumnMetaData$ColumnMetaDataStandardScheme.read;org/apache/parquet/format/ColumnMetaData$ColumnMetaDataStandardScheme.read;org/apache/parquet/format/InterningProtocol.readString;java/lang/String.intern;JVM_InternString 1
java/lang/Thread.run;java/lang/Thread.runWith;java/util/concurrent/ThreadPoolExecutor$Worker.run;java/util/concurrent/ThreadPoolExecutor.runWorker;java/util/concurrent/FutureTask.run;java/util/concurrent/Executors$RunnableAdapter.call;java/util/concurrent/FutureTask.run;org/openjdk/jmh/runner/BenchmarkHandler$BenchmarkTask.call;org/openjdk/jmh/runner/BenchmarkHandler$BenchmarkTask.call;java/lang/reflect/Method.invoke;jdk/internal/reflect/DirectMethodHandleAccessor.invoke;jdk/internal/reflect/DirectMethodHandleAccessor.invokeImpl;java/lang/invoke/LambdaForm$MH.0x0000000048061400.invokeExact_MT;java/lang/invoke/LambdaForm$MH.0x0000000048061000.invoke;java/lang/invoke/DirectMethodHandle$Holder.invokeSpecial;org/weakref/nitro/clickbench/jmh_generated/BenchmarkQueries_query43_jmhTest.query43_AverageTime;org/weakref/nitro/clickbench/jmh_generated/BenchmarkQueries_query43_jmhTest.query43_avgt_jmhStub;org/weakref/nitro/clickbench/BenchmarkQueries.query43;org/weakref/nitro/clickbench/ClickBenchHitsSupport.query43;org/weakref/nitro/clickbench/ClickBenchHitsSupport.clickBenchScan;org/weakref/nitro/operator/NitroParquetScanOperator.<init>;java/util/stream/ReferencePipeline.toArray;java/util/stream/AbstractPipeline.evaluateToArrayNode;java/util/stream/AbstractPipeline.evaluate;java/util/stream/AbstractPipeline.wrapAndCopyInto;java/util/stream/AbstractPipeline.copyInto;java/util/AbstractList$RandomAccessSpliterator.forEachRemaining;java/util/stream/ReferencePipeline$3$1.accept;org/weakref/nitro/operator/NitroParquetScanOperator$$Lambda.0x00000000480864e8.apply;org/weakref/nitro/parquet/ParquetFile.open;org/weakref/nitro/parquet/ParquetFile.<init>;org/apache/parquet/format/Util.readFileMetaData;org/apache/parquet/format/Util.readFileMetaData;org/apache/parquet/format/Util.read;org/apache/parquet/format/FileMetaData.read;org/apache/parquet/format/FileMetaData$FileMetaDataStandardScheme.read;org/apache/parquet/format/FileMetaData$FileMetaDataStandardScheme.read;org/apache/parquet/format/RowGroup.read;org/apache/parquet/format/RowGroup$RowGroupStandardScheme.read;org/apache/parquet/format/RowGroup$RowGroupStandardScheme.read;org/apache/parquet/format/ColumnChunk.read;org/apache/parquet/format/ColumnChunk$ColumnChunkStandardScheme.read;org/apache/parquet/format/ColumnChunk$ColumnChunkStandardScheme.read;org/apache/parquet/format/ColumnMetaData.read;org/apache/parquet/format/ColumnMetaData$ColumnMetaDataStandardScheme.read;org/apache/parquet/format/ColumnMetaData$ColumnMetaDataStandardScheme.read;org/apache/parquet/format/InterningProtocol.readI64;shaded/parquet/org/apache/thrift/protocol/TCompactProtocol.readI64;shaded/parquet/org/apache/thrift/protocol/TCompactProtocol.readVarint64;shaded/parquet/org/apache/thrift/protocol/TCompactProtocol.readByte 1
java/lang/Thread.run;java/lang/Thread.runWith;java/util/concurrent/ThreadPoolExecutor$Worker.run;java/util/concurrent/ThreadPoolExecutor.runWorker;java/util/concurrent/FutureTask.run;java/util/concurrent/Executors$RunnableAdapter.call;java/util/concurrent/FutureTask.run;org/openjdk/jmh/runner/BenchmarkHandler$BenchmarkTask.call;org/openjdk/jmh/runner/BenchmarkHandler$BenchmarkTask.call;java/lang/reflect/Method.invoke;jdk/internal/reflect/DirectMethodHandleAccessor.invoke;jdk/internal/reflect/DirectMethodHandleAccessor.invokeImpl;java/lang/invoke/LambdaForm$MH.0x0000000048061400.invokeExact_MT;java/lang/invoke/LambdaForm$MH.0x0000000048061000.invoke;java/lang/invoke/DirectMethodHandle$Holder.invokeSpecial;org/weakref/nitro/clickbench/jmh_generated/BenchmarkQueries_query43_jmhTest.query43_AverageTime;org/weakref/nitro/clickbench/jmh_generated/BenchmarkQueries_query43_jmhTest.query43_avgt_jmhStub;org/weakref/nitro/clickbench/BenchmarkQueries.query43;org/weakref/nitro/clickbench/BenchmarkQueries.consume;org/weakref/nitro/operator/OffsetOperator.hasNext;org/weakref/nitro/operator/OffsetOperator.skipFullyConsumedBatches;org/weakref/nitro/operator/TopNOperator.next;org/weakref/nitro/operator/TopNOperator.computeTopN;org/weakref/nitro/operator/GroupedAggregationOperator.next;org/weakref/nitro/operator/GroupedAggregationOperator.computeResults;org/weakref/nitro/operator/Output.borrow;org/weakref/nitro/operator/GroupOperator$$Lambda.0x00000000481e38d0.apply;org/weakref/nitro/operator/GroupOperator.lambda$next$0;org/weakref/nitro/operator/GroupOperator.groupIds;org/weakref/nitro/operator/GroupOperator.doGroupingIfNeeded;org/weakref/nitro/operator/Output.borrow;org/weakref/nitro/operator/ProjectOperator$$Lambda.0x00000000481e76d8.apply;org/weakref/nitro/operator/ProjectOperator.lambda$next$4;org/weakref/nitro/operator/ProjectOperator.evaluateOutput;java/util/HashMap.computeIfAbsent;org/weakref/nitro/operator/ProjectOperator$$Lambda.0x00000000481ea4e8.apply;org/weakref/nitro/operator/ProjectOperator.lambda$evaluateOutput$0;org/weakref/nitro/operator/ProjectOperator.evaluateBundle;org/weakref/nitro/operator/evaluator/PlanEvaluator.evaluate;org/weakref/nitro/operator/evaluator/PlanEvaluator.evaluateUnmemoized;org/weakref/nitro/operator/evaluator/PlanEvaluator.evaluateVariable;org/weakref/nitro/operator/evaluator/PlanEvaluator.evaluateCall;org/weakref/nitro/operator/evaluator/PlanEvaluator.evaluateArgument;org/weakref/nitro/operator/evaluator/PlanEvaluator.evaluate;org/weakref/nitro/operator/evaluator/PlanEvaluator.evaluateUnmemoized;org/weakref/nitro/operator/evaluator/PlanEvaluator.evaluateVariable;org/weakref/nitro/operator/evaluator/PlanEvaluator.evaluateCall;org/weakref/nitro/function/scalar/builtin/DivideI64.apply;org/weakref/nitro/function/scalar/builtin/I64BinaryDispatch.applyLong;org/weakref/nitro/function/scalar/builtin/I64BinaryDispatch.forEachPair;org/weakref/nitro/function/scalar/builtin/I64BinaryDispatch.forEachFlatRle;org/weakref/nitro/function/scalar/builtin/VectorAccess$$Lambda.0x00000000481e6550.value;org/weakref/nitro/function/scalar/builtin/VectorAccess.lambda$longValues$0;org/weakref/nitro/data/I64Vector.values 1
java/lang/Thread.run;java/lang/Thread.runWith;java/util/concurrent/ThreadPoolExecutor$Worker.run;java/util/concurrent/ThreadPoolExecutor.runWorker;java/util/concurrent/FutureTask.run;java/util/concurrent/Executors$RunnableAdapter.call;java/util/concurrent/FutureTask.run;org/openjdk/jmh/runner/BenchmarkHandler$BenchmarkTask.call;org/openjdk/jmh/runner/BenchmarkHandler$BenchmarkTask.call;java/lang/reflect/Method.invoke;jdk/internal/reflect/DirectMethodHandleAccessor.invoke;jdk/internal/reflect/DirectMethodHandleAccessor.invokeImpl;java/lang/invoke/LambdaForm$MH.0x0000000048061400.invokeExact_MT;java/lang/invoke/LambdaForm$MH.0x0000000048061000.invoke;java/lang/invoke/DirectMethodHandle$Holder.invokeSpecial;org/weakref/nitro/clickbench/jmh_generated/BenchmarkQueries_query43_jmhTest.query43_AverageTime;org/weakref/nitro/clickbench/jmh_generated/BenchmarkQueries_query43_jmhTest.query43_avgt_jmhStub;org/weakref/nitro/clickbench/BenchmarkQueries.query43;org/weakref/nitro/clickbench/ClickBenchHitsSupport.query43;org/weakref/nitro/clickbench/ClickBenchHitsSupport.counterAndEventDateFilter;org/weakref/nitro/clickbench/ClickBenchHitsSupport.dateRange;org/weakref/nitro/clickbench/ClickBenchHitsSupport.eventDateLiteral;org/weakref/nitro/clickbench/ClickBenchHitsSupport.eventDateUsesEpochDays;org/apache/parquet/hadoop/ParquetFileReader.open;org/apache/parquet/ParquetReadOptions.builder;org/apache/parquet/ParquetReadOptions$Builder.<init>;org/apache/parquet/ParquetReadOptions$Builder.<init>;org/apache/parquet/conf/HadoopParquetConfiguration.getBoolean;org/apache/hadoop/conf/Configuration.getBoolean;org/apache/hadoop/conf/Configuration.getTrimmed;org/apache/hadoop/conf/Configuration.get;org/apache/hadoop/conf/Configuration.getProps;org/apache/hadoop/conf/Configuration.loadProps;org/apache/hadoop/conf/Configuration.loadResources;org/apache/hadoop/conf/Configuration.loadResource;org/apache/hadoop/conf/Configuration$Parser.parse;org/apache/hadoop/conf/Configuration$Parser.parseNext;org/apache/hadoop/conf/Configuration$Parser.handleEndElement;org/apache/hadoop/util/StringInterner.weakIntern;java/lang/String.intern;JVM_InternString;StringTable::intern;StringTable::intern;StringTable::do_lookup 1
java/lang/Thread.run;java/lang/Thread.runWith;java/util/concurrent/ThreadPoolExecutor$Worker.run;java/util/concurrent/ThreadPoolExecutor.runWorker;java/util/concurrent/FutureTask.run;java/util/concurrent/Executors$RunnableAdapter.call;java/util/concurrent/FutureTask.run;org/openjdk/jmh/runner/BenchmarkHandler$BenchmarkTask.call;org/openjdk/jmh/runner/BenchmarkHandler$BenchmarkTask.call;java/lang/reflect/Method.invoke;jdk/internal/reflect/DirectMethodHandleAccessor.invoke;jdk/internal/reflect/DirectMethodHandleAccessor.invokeImpl;java/lang/invoke/LambdaForm$MH.0x0000000048061400.invokeExact_MT;java/lang/invoke/LambdaForm$MH.0x0000000048061000.invoke;java/lang/invoke/DirectMethodHandle$Holder.invokeSpecial;org/weakref/nitro/clickbench/jmh_generated/BenchmarkQueries_query43_jmhTest.query43_AverageTime;org/weakref/nitro/clickbench/jmh_generated/BenchmarkQueries_query43_jmhTest.query43_avgt_jmhStub;org/weakref/nitro/clickbench/BenchmarkQueries.query43;org/weakref/nitro/clickbench/ClickBenchHitsSupport.query43;org/weakref/nitro/clickbench/ClickBenchHitsSupport.counterAndEventDateFilter;org/weakref/nitro/clickbench/ClickBenchHitsSupport.dateRange;org/weakref/nitro/clickbench/ClickBenchHitsSupport.eventDateLiteral;org/weakref/nitro/clickbench/ClickBenchHitsSupport.eventDateUsesEpochDays;org/apache/parquet/hadoop/ParquetFileReader.open;org/apache/parquet/hadoop/ParquetFileReader.<init>;org/apache/parquet/hadoop/ParquetFileReader.<init>;org/apache/parquet/hadoop/ParquetFileReader.readFooter;org/apache/parquet/hadoop/ParquetFileReader.readFooter;org/apache/parquet/io/LocalInputFile$1.readFully;org/apache/parquet/io/LocalInputFile$1.readFully;java/io/RandomAccessFile.readFully;java/io/RandomAccessFile.readFully;java/io/RandomAccessFile.read;java/io/RandomAccessFile.readBytes;java/io/RandomAccessFile.readBytes0;readBytes;handleRead;read;entry_SYSCALL_64_after_hwframe_[k];do_syscall_64_[k];x64_sys_call_[k];__x64_sys_read_[k];ksys_read_[k];vfs_read_[k];ext4_file_read_iter_[k];generic_file_read_iter_[k];filemap_read_[k];copy_page_to_iter_[k];_copy_to_iter_[k] 1
java/lang/Thread.run;java/lang/Thread.runWith;java/util/concurrent/ThreadPoolExecutor$Worker.run;java/util/concurrent/ThreadPoolExecutor.runWorker;java/util/concurrent/FutureTask.run;java/util/concurrent/Executors$RunnableAdapter.call;java/util/concurrent/FutureTask.run;org/openjdk/jmh/runner/BenchmarkHandler$BenchmarkTask.call;org/openjdk/jmh/runner/BenchmarkHandler$BenchmarkTask.call;java/lang/reflect/Method.invoke;jdk/internal/reflect/DirectMethodHandleAccessor.invoke;jdk/internal/reflect/DirectMethodHandleAccessor.invokeImpl;java/lang/invoke/LambdaForm$MH.0x0000000048061400.invokeExact_MT;java/lang/invoke/LambdaForm$MH.0x0000000048061000.invoke;java/lang/invoke/DirectMethodHandle$Holder.invokeSpecial;org/weakref/nitro/clickbench/jmh_generated/BenchmarkQueries_query43_jmhTest.query43_AverageTime;org/weakref/nitro/clickbench/jmh_generated/BenchmarkQueries_query43_jmhTest.query43_avgt_jmhStub;org/weakref/nitro/clickbench/BenchmarkQueries.query43;org/weakref/nitro/clickbench/BenchmarkQueries.consume;org/weakref/nitro/operator/OffsetOperator.hasNext;org/weakref/nitro/operator/OffsetOperator.skipFullyConsumedBatches;org/weakref/nitro/operator/TopNOperator.next;org/weakref/nitro/operator/TopNOperator.computeTopN;org/weakref/nitro/operator/GroupedAggregationOperator.next;org/weakref/nitro/operator/GroupedAggregationOperator.computeResults;org/weakref/nitro/operator/Output.borrow;org/weakref/nitro/operator/GroupOperator$$Lambda.0x00000000481e38d0.apply;org/weakref/nitro/operator/GroupOperator.lambda$next$0;org/weakref/nitro/operator/GroupOperator.groupIds;org/weakref/nitro/operator/GroupOperator.doGroupingIfNeeded;org/weakref/nitro/operator/GroupingState.assignGroups;org/weakref/nitro/operator/GroupingState.assignGroups;org/weakref/nitro/operator/GroupingState.assignLongGroups 1
/usr/lib/x86_64-linux-gnu/libc.so.6;/usr/lib/x86_64-linux-gnu/libc.so.6;thread_native_entry;Thread::call_run;JavaThread::thread_main_inner;CompileBroker::compiler_thread_loop;CompileBroker::invoke_compiler_on_method;C2Compiler::compile_method;Compile::Compile;Compile::Optimize;Compile::optimize_loops;PhaseIdealLoop::build_and_optimize;PhaseIdealLoop::Dominators;/usr/lib/x86_64-linux-gnu/libc.so.6 1
java/lang/Thread.run;java/lang/Thread.runWith;java/util/concurrent/ThreadPoolExecutor$Worker.run;java/util/concurrent/ThreadPoolExecutor.runWorker;java/util/concurrent/FutureTask.run;java/util/concurrent/Executors$RunnableAdapter.call;java/util/concurrent/FutureTask.run;org/openjdk/jmh/runner/BenchmarkHandler$BenchmarkTask.call;org/openjdk/jmh/runner/BenchmarkHandler$BenchmarkTask.call;java/lang/reflect/Method.invoke;jdk/internal/reflect/DirectMethodHandleAccessor.invoke;jdk/internal/reflect/DirectMethodHandleAccessor.invokeImpl;java/lang/invoke/LambdaForm$MH.0x0000000048061400.invokeExact_MT;java/lang/invoke/LambdaForm$MH.0x0000000048061000.invoke;java/lang/invoke/DirectMethodHandle$Holder.invokeSpecial;org/weakref/nitro/clickbench/jmh_generated/BenchmarkQueries_query43_jmhTest.query43_AverageTime;org/weakref/nitro/clickbench/jmh_generated/BenchmarkQueries_query43_jmhTest.query43_avgt_jmhStub;org/weakref/nitro/clickbench/BenchmarkQueries.query43;org/weakref/nitro/clickbench/ClickBenchHitsSupport.query43;org/weakref/nitro/clickbench/ClickBenchHitsSupport.clickBenchScan;org/weakref/nitro/operator/NitroParquetScanOperator.<init>;java/util/stream/ReferencePipeline.toArray;java/util/stream/AbstractPipeline.evaluateToArrayNode;java/util/stream/AbstractPipeline.evaluate;java/util/stream/AbstractPipeline.wrapAndCopyInto;java/util/stream/AbstractPipeline.copyInto;java/util/AbstractList$RandomAccessSpliterator.forEachRemaining;java/util/stream/ReferencePipeline$3$1.accept;org/weakref/nitro/operator/NitroParquetScanOperator$$Lambda.0x00000000480864e8.apply;org/weakref/nitro/parquet/ParquetFile.open;org/weakref/nitro/parquet/ParquetFile.<init>;org/apache/parquet/format/Util.readFileMetaData;org/apache/parquet/format/Util.readFileMetaData;org/apache/parquet/format/Util.read;org/apache/parquet/format/FileMetaData.read;org/apache/parquet/format/FileMetaData$FileMetaDataStandardScheme.read;org/apache/parquet/format/FileMetaData$FileMetaDataStandardScheme.read;org/apache/parquet/format/RowGroup.read;org/apache/parquet/format/RowGroup$RowGroupStandardScheme.read;org/apache/parquet/format/RowGroup$RowGroupStandardScheme.read;org/apache/parquet/format/ColumnChunk.read;org/apache/parquet/format/ColumnChunk$ColumnChunkStandardScheme.read;org/apache/parquet/format/ColumnChunk$ColumnChunkStandardScheme.read;org/apache/parquet/format/ColumnMetaData.read;org/apache/parquet/format/ColumnMetaData$ColumnMetaDataStandardScheme.read;org/apache/parquet/format/ColumnMetaData$ColumnMetaDataStandardScheme.read;org/apache/parquet/format/Statistics.read;org/apache/parquet/format/Statistics$StatisticsStandardScheme.read;org/apache/parquet/format/Statistics$StatisticsStandardScheme.read;org/apache/parquet/format/InterningProtocol.readFieldBegin;shaded/parquet/org/apache/thrift/protocol/TCompactProtocol.readFieldBegin;shaded/parquet/org/apache/thrift/protocol/TCompactProtocol.readByte;shaded/parquet/org/apache/thrift/transport/TTransport.readAll;shaded/parquet/org/apache/thrift/transport/TIOStreamTransport.read;org/weakref/nitro/parquet/ParquetFile$SegmentInputStream.read;java/lang/foreign/MemorySegment.copy;jdk/internal/foreign/AbstractMemorySegmentImpl.copy;jdk/internal/misc/ScopedMemoryAccess.copyMemory;jdk/internal/misc/ScopedMemoryAccess.copyMemoryInternal;jdk/internal/misc/Unsafe.copyMemory 1
/usr/lib/x86_64-linux-gnu/libc.so.6;/usr/lib/x86_64-linux-gnu/libc.so.6;thread_native_entry;Thread::call_run;JavaThread::thread_main_inner;CompileBroker::compiler_thread_loop;CompileBroker::invoke_compiler_on_method;ciEnv::get_method_from_handle;ciObjectFactory::get_metadata;ciObjectFactory::create_new_metadata;ciMethod::ciMethod;CompilerOracle::tag_blackhole_if_possible 1
java/lang/Thread.run;java/lang/Thread.runWith;java/util/concurrent/ThreadPoolExecutor$Worker.run;java/util/concurrent/ThreadPoolExecutor.runWorker;java/util/concurrent/FutureTask.run;java/util/concurrent/Executors$RunnableAdapter.call;java/util/concurrent/FutureTask.run;org/openjdk/jmh/runner/BenchmarkHandler$BenchmarkTask.call;org/openjdk/jmh/runner/BenchmarkHandler$BenchmarkTask.call;java/lang/reflect/Method.invoke;jdk/internal/reflect/DirectMethodHandleAccessor.invoke;jdk/internal/reflect/DirectMethodHandleAccessor.invokeImpl;java/lang/invoke/LambdaForm$MH.0x0000000048061400.invokeExact_MT;java/lang/invoke/LambdaForm$MH.0x0000000048061000.invoke;java/lang/invoke/DirectMethodHandle$Holder.invokeSpecial;org/weakref/nitro/clickbench/jmh_generated/BenchmarkQueries_query43_jmhTest.query43_AverageTime;org/weakref/nitro/clickbench/jmh_generated/BenchmarkQueries_query43_jmhTest.query43_avgt_jmhStub;org/weakref/nitro/clickbench/BenchmarkQueries.query43;org/weakref/nitro/clickbench/BenchmarkQueries.consume;org/weakref/nitro/operator/OffsetOperator.hasNext;org/weakref/nitro/operator/OffsetOperator.skipFullyConsumedBatches;org/weakref/nitro/operator/TopNOperator.next;org/weakref/nitro/operator/TopNOperator.computeTopN;org/weakref/nitro/operator/GroupedAggregationOperator.next;org/weakref/nitro/operator/GroupedAggregationOperator.computeResults;org/weakref/nitro/operator/GroupOperator.next;org/weakref/nitro/operator/ProjectOperator.next;org/weakref/nitro/operator/FilterOperator.next;org/weakref/nitro/data/Allocator.copyMask;org/weakref/nitro/data/Allocator$ContextState.borrowMask 1
java/lang/Thread.run;java/lang/Thread.runWith;java/util/concurrent/ThreadPoolExecutor$Worker.run;java/util/concurrent/ThreadPoolExecutor.runWorker;java/util/concurrent/FutureTask.run;java/util/concurrent/Executors$RunnableAdapter.call;java/util/concurrent/FutureTask.run;org/openjdk/jmh/runner/BenchmarkHandler$BenchmarkTask.call;org/openjdk/jmh/runner/BenchmarkHandler$BenchmarkTask.call;java/lang/reflect/Method.invoke;jdk/internal/reflect/DirectMethodHandleAccessor.invoke;jdk/internal/reflect/DirectMethodHandleAccessor.invokeImpl;java/lang/invoke/LambdaForm$MH.0x0000000048061400.invokeExact_MT;java/lang/invoke/LambdaForm$MH.0x0000000048061000.invoke;java/lang/invoke/DirectMethodHandle$Holder.invokeSpecial;org/weakref/nitro/clickbench/jmh_generated/BenchmarkQueries_query43_jmhTest.query43_AverageTime;org/weakref/nitro/clickbench/jmh_generated/BenchmarkQueries_query43_jmhTest.query43_avgt_jmhStub;org/weakref/nitro/clickbench/BenchmarkQueries.query43;org/weakref/nitro/clickbench/ClickBenchHitsSupport.query43;org/weakref/nitro/clickbench/ClickBenchHitsSupport.clickBenchScan;org/weakref/nitro/operator/NitroParquetScanOperator.<init>;java/util/stream/ReferencePipeline.toArray;java/util/stream/AbstractPipeline.evaluateToArrayNode;java/util/stream/AbstractPipeline.evaluate;java/util/stream/AbstractPipeline.wrapAndCopyInto;java/util/stream/AbstractPipeline.copyInto;java/util/AbstractList$RandomAccessSpliterator.forEachRemaining;java/util/stream/ReferencePipeline$3$1.accept;org/weakref/nitro/operator/NitroParquetScanOperator$$Lambda.0x00000000480864e8.apply;org/weakref/nitro/parquet/ParquetFile.open;org/weakref/nitro/parquet/ParquetFile.<init>;org/apache/parquet/format/Util.readFileMetaData;org/apache/parquet/format/Util.readFileMetaData;org/apache/parquet/format/Util.read;org/apache/parquet/format/FileMetaData.read;org/apache/parquet/format/FileMetaData$FileMetaDataStandardScheme.read;org/apache/parquet/format/FileMetaData$FileMetaDataStandardScheme.read;org/apache/parquet/format/RowGroup.read;org/apache/parquet/format/RowGroup$RowGroupStandardScheme.read;org/apache/parquet/format/RowGroup$RowGroupStandardScheme.read;org/apache/parquet/format/ColumnChunk.read;org/apache/parquet/format/ColumnChunk$ColumnChunkStandardScheme.read;org/apache/parquet/format/ColumnChunk$ColumnChunkStandardScheme.read;org/apache/parquet/format/InterningProtocol.readI64;shaded/parquet/org/apache/thrift/protocol/TCompactProtocol.readI64;shaded/parquet/org/apache/thrift/protocol/TCompactProtocol.readVarint64;shaded/parquet/org/apache/thrift/protocol/TCompactProtocol.readByte;shaded/parquet/org/apache/thrift/transport/TTransport.readAll;shaded/parquet/org/apache/thrift/transport/TIOStreamTransport.read;org/weakref/nitro/parquet/ParquetFile$SegmentInputStream.read;java/lang/foreign/MemorySegment.copy;jdk/internal/foreign/AbstractMemorySegmentImpl.copy;java/util/Objects.checkFromIndexSize;jdk/internal/util/Preconditions.checkFromIndexSize 1
/usr/lib/x86_64-linux-gnu/libc.so.6;/usr/lib/x86_64-linux-gnu/libc.so.6;thread_native_entry;Thread::call_run;JavaThread::thread_main_inner;CompileBroker::compiler_thread_loop;CompileBroker::invoke_compiler_on_method;C2Compiler::compile_method;Compile::Compile;Compile::Code_Gen;PhaseChaitin::Register_Allocate;PhaseIFG::SquareUp 1
java/lang/Thread.run;java/lang/Thread.runWith;java/util/concurrent/ThreadPoolExecutor$Worker.run;java/util/concurrent/ThreadPoolExecutor.runWorker;java/util/concurrent/FutureTask.run;java/util/concurrent/Executors$RunnableAdapter.call;java/util/concurrent/FutureTask.run;org/openjdk/jmh/runner/BenchmarkHandler$BenchmarkTask.call;org/openjdk/jmh/runner/BenchmarkHandler$BenchmarkTask.call;java/lang/reflect/Method.invoke;jdk/internal/reflect/DirectMethodHandleAccessor.invoke;jdk/internal/reflect/DirectMethodHandleAccessor.invokeImpl;java/lang/invoke/LambdaForm$MH.0x0000000048061400.invokeExact_MT;java/lang/invoke/LambdaForm$MH.0x0000000048061000.invoke;java/lang/invoke/DirectMethodHandle$Holder.invokeSpecial;org/weakref/nitro/clickbench/jmh_generated/BenchmarkQueries_query43_jmhTest.query43_AverageTime;org/weakref/nitro/clickbench/jmh_generated/BenchmarkQueries_query43_jmhTest.query43_avgt_jmhStub;org/weakref/nitro/clickbench/BenchmarkQueries.query43;org/weakref/nitro/clickbench/ClickBenchHitsSupport.query43;org/weakref/nitro/clickbench/ClickBenchHitsSupport.clickBenchScan;org/weakref/nitro/operator/NitroParquetScanOperator.<init>;java/util/stream/ReferencePipeline.toArray;java/util/stream/AbstractPipeline.evaluateToArrayNode;java/util/stream/AbstractPipeline.evaluate;java/util/stream/AbstractPipeline.wrapAndCopyInto;java/util/stream/AbstractPipeline.copyInto;java/util/AbstractList$RandomAccessSpliterator.forEachRemaining;java/util/stream/ReferencePipeline$3$1.accept;org/weakref/nitro/operator/NitroParquetScanOperator$$Lambda.0x00000000480864e8.apply;org/weakref/nitro/parquet/ParquetFile.open;org/weakref/nitro/parquet/ParquetFile.<init>;org/apache/parquet/format/Util.readFileMetaData;org/apache/parquet/format/Util.readFileMetaData;org/apache/parquet/format/Util.read;org/apache/parquet/format/FileMetaData.read;org/apache/parquet/format/FileMetaData$FileMetaDataStandardScheme.read;org/apache/parquet/format/FileMetaData$FileMetaDataStandardScheme.read;org/apache/parquet/format/RowGroup.read;org/apache/parquet/format/RowGroup$RowGroupStandardScheme.read;org/apache/parquet/format/RowGroup$RowGroupStandardScheme.read;org/apache/parquet/format/ColumnChunk.read;org/apache/parquet/format/ColumnChunk$ColumnChunkStandardScheme.read;org/apache/parquet/format/ColumnChunk$ColumnChunkStandardScheme.read;org/apache/parquet/format/ColumnMetaData.read;org/apache/parquet/format/ColumnMetaData$ColumnMetaDataStandardScheme.read;org/apache/parquet/format/ColumnMetaData$ColumnMetaDataStandardScheme.read;org/apache/parquet/format/Statistics.read;org/apache/parquet/format/Statistics$StatisticsStandardScheme.read;org/apache/parquet/format/Statistics$StatisticsStandardScheme.read;org/apache/parquet/format/InterningProtocol.readBinary;shaded/parquet/org/apache/thrift/protocol/TCompactProtocol.readBinary;shaded/parquet/org/apache/thrift/transport/TTransport.readAll;shaded/parquet/org/apache/thrift/transport/TIOStreamTransport.read;org/weakref/nitro/parquet/ParquetFile$SegmentInputStream.read;java/lang/foreign/MemorySegment.copy;jdk/internal/foreign/AbstractMemorySegmentImpl.copy 2
java/lang/Thread.run;java/lang/Thread.runWith;java/util/concurrent/ThreadPoolExecutor$Worker.run;java/util/concurrent/ThreadPoolExecutor.runWorker;java/util/concurrent/FutureTask.run;java/util/concurrent/Executors$RunnableAdapter.call;java/util/concurrent/FutureTask.run;org/openjdk/jmh/runner/BenchmarkHandler$BenchmarkTask.call;org/openjdk/jmh/runner/BenchmarkHandler$BenchmarkTask.call;java/lang/reflect/Method.invoke;jdk/internal/reflect/DirectMethodHandleAccessor.invoke;jdk/internal/reflect/DirectMethodHandleAccessor.invokeImpl;java/lang/invoke/LambdaForm$MH.0x0000000048061400.invokeExact_MT;java/lang/invoke/LambdaForm$MH.0x0000000048061000.invoke;java/lang/invoke/DirectMethodHandle$Holder.invokeSpecial;org/weakref/nitro/clickbench/jmh_generated/BenchmarkQueries_query43_jmhTest.query43_AverageTime;org/weakref/nitro/clickbench/jmh_generated/BenchmarkQueries_query43_jmhTest.query43_avgt_jmhStub;org/weakref/nitro/clickbench/BenchmarkQueries.query43;org/weakref/nitro/clickbench/BenchmarkQueries.consume;org/weakref/nitro/operator/OffsetOperator.hasNext;org/weakref/nitro/operator/OffsetOperator.skipFullyConsumedBatches;org/weakref/nitro/operator/TopNOperator.next;org/weakref/nitro/operator/TopNOperator.computeTopN;org/weakref/nitro/operator/GroupedAggregationOperator.next;org/weakref/nitro/operator/GroupedAggregationOperator.computeResults;org/weakref/nitro/operator/GroupOperator.next;org/weakref/nitro/operator/ProjectOperator.next;org/weakref/nitro/operator/FilterOperator.next;org/weakref/nitro/operator/evaluator/PlanEvaluator.evaluateInPlace;org/weakref/nitro/operator/evaluator/PlanEvaluator.evaluateTrueMaskInPlace;org/weakref/nitro/operator/evaluator/PlanEvaluator.evaluateAdaptiveAndTrueMaskInPlace;org/weakref/nitro/operator/evaluator/PlanEvaluator.evaluateMeasuredTrueMaskInPlace;org/weakref/nitro/operator/evaluator/PlanEvaluator.evaluateTrueMaskInPlace;org/weakref/nitro/operator/evaluator/PlanEvaluator.evaluateAdaptiveAndTrueMaskInPlace;org/weakref/nitro/operator/evaluator/PlanEvaluator.evaluateMeasuredTrueMaskInPlace;org/weakref/nitro/operator/evaluator/PlanEvaluator.evaluateTrueMaskInPlace;org/weakref/nitro/operator/evaluator/PlanEvaluator.tryEvaluatePrimitiveTrueMaskInPlace;org/weakref/nitro/operator/evaluator/PlanEvaluator.tryEvaluatePrimitiveMaskInPlace;org/weakref/nitro/operator/evaluator/PlanEvaluator.resolveMaskPrimitiveInvocation;org/weakref/nitro/operator/evaluator/PlanEvaluator.evaluateArgument;org/weakref/nitro/operator/FilterOperator$1.resolve;org/weakref/nitro/operator/Output.borrowOrNull;org/weakref/nitro/operator/Output.borrow;org/weakref/nitro/operator/Output.borrow;org/weakref/nitro/operator/NitroParquetScanOperator$ScanOutputResolver$$Lambda.0x00000000480aba90.apply;org/weakref/nitro/operator/NitroParquetScanOperator$ScanOutputResolver.resolve;org/weakref/nitro/operator/NitroParquetScanOperator.resolveLazyColumn;org/weakref/nitro/data/Allocator.allocate;org/weakref/nitro/data/Allocator$ContextState.borrowVector 2
/usr/lib/x86_64-linux-gnu/libc.so.6;/usr/lib/x86_64-linux-gnu/libc.so.6;thread_native_entry;Thread::call_run;WorkerThread::run;G1EvacuateRegionsBaseTask::work;G1EvacuateRegionsTask::evacuate_live_objects;G1ParEvacuateFollowersClosure::do_void;G1ParScanThreadState::steal_and_trim_queue;G1ParScanThreadState::trim_queue_to_threshold;/usr/lib/x86_64-linux-gnu/libc.so.6 1
java/lang/Thread.run;java/lang/Thread.runWith;java/util/concurrent/ThreadPoolExecutor$Worker.run;java/util/concurrent/ThreadPoolExecutor.runWorker;java/util/concurrent/FutureTask.run;java/util/concurrent/Executors$RunnableAdapter.call;java/util/concurrent/FutureTask.run;org/openjdk/jmh/runner/BenchmarkHandler$BenchmarkTask.call;org/openjdk/jmh/runner/BenchmarkHandler$BenchmarkTask.call;java/lang/reflect/Method.invoke;jdk/internal/reflect/DirectMethodHandleAccessor.invoke;jdk/internal/reflect/DirectMethodHandleAccessor.invokeImpl;java/lang/invoke/LambdaForm$MH.0x0000000048061400.invokeExact_MT;java/lang/invoke/LambdaForm$MH.0x0000000048061000.invoke;java/lang/invoke/DirectMethodHandle$Holder.invokeSpecial;org/weakref/nitro/clickbench/jmh_generated/BenchmarkQueries_query43_jmhTest.query43_AverageTime;org/weakref/nitro/clickbench/jmh_generated/BenchmarkQueries_query43_jmhTest.query43_avgt_jmhStub;org/weakref/nitro/clickbench/BenchmarkQueries.query43;org/weakref/nitro/clickbench/BenchmarkQueries.consume;org/weakref/nitro/operator/OffsetOperator.hasNext;org/weakref/nitro/operator/OffsetOperator.skipFullyConsumedBatches;org/weakref/nitro/operator/TopNOperator.next;org/weakref/nitro/operator/TopNOperator.computeTopN;org/weakref/nitro/operator/GroupedAggregationOperator.next;org/weakref/nitro/operator/GroupedAggregationOperator.computeResults;org/weakref/nitro/operator/Batch.close;org/weakref/nitro/operator/GroupOperator$$Lambda.0x00000000481e8f78.run;org/weakref/nitro/operator/GroupOperator.lambda$next$6;org/weakref/nitro/operator/Batch.close;org/weakref/nitro/operator/ProjectOperator$$Lambda.0x00000000481e3488.run;org/weakref/nitro/operator/ProjectOperator.lambda$next$11;org/weakref/nitro/operator/ProjectOperator$BatchState.close;org/weakref/nitro/operator/evaluator/PlanEvaluator.resetForReuse;org/weakref/nitro/data/Allocator.releaseIfPresent;org/weakref/nitro/data/Allocator$ContextState.release 1
java/lang/Thread.run;java/lang/Thread.runWith;java/util/concurrent/ThreadPoolExecutor$Worker.run;java/util/concurrent/ThreadPoolExecutor.runWorker;java/util/concurrent/FutureTask.run;java/util/concurrent/Executors$RunnableAdapter.call;java/util/concurrent/FutureTask.run;org/openjdk/jmh/runner/BenchmarkHandler$BenchmarkTask.call;org/openjdk/jmh/runner/BenchmarkHandler$BenchmarkTask.call;java/lang/reflect/Method.invoke;jdk/internal/reflect/DirectMethodHandleAccessor.invoke;jdk/internal/reflect/DirectMethodHandleAccessor.invokeImpl;java/lang/invoke/LambdaForm$MH.0x0000000048061400.invokeExact_MT;java/lang/invoke/LambdaForm$MH.0x0000000048061000.invoke;java/lang/invoke/DirectMethodHandle$Holder.invokeSpecial;org/weakref/nitro/clickbench/jmh_generated/BenchmarkQueries_query43_jmhTest.query43_AverageTime;org/weakref/nitro/clickbench/jmh_generated/BenchmarkQueries_query43_jmhTest.query43_avgt_jmhStub;org/weakref/nitro/clickbench/BenchmarkQueries.query43;org/weakref/nitro/clickbench/ClickBenchHitsSupport.query43;org/weakref/nitro/clickbench/ClickBenchHitsSupport.clickBenchScan;org/weakref/nitro/operator/NitroParquetScanOperator.<init>;java/util/stream/ReferencePipeline.toArray;java/util/stream/AbstractPipeline.evaluateToArrayNode;java/util/stream/AbstractPipeline.evaluate;java/util/stream/AbstractPipeline.wrapAndCopyInto;java/util/stream/AbstractPipeline.copyInto;java/util/AbstractList$RandomAccessSpliterator.forEachRemaining;java/util/stream/ReferencePipeline$3$1.accept;org/weakref/nitro/operator/NitroParquetScanOperator$$Lambda.0x00000000480864e8.apply;org/weakref/nitro/parquet/ParquetFile.open;org/weakref/nitro/parquet/ParquetFile.<init>;org/apache/parquet/format/Util.readFileMetaData;org/apache/parquet/format/Util.readFileMetaData;org/apache/parquet/format/Util.read;org/apache/parquet/format/FileMetaData.read;org/apache/parquet/format/FileMetaData$FileMetaDataStandardScheme.read;org/apache/parquet/format/FileMetaData$FileMetaDataStandardScheme.read;org/apache/parquet/format/RowGroup.read;org/apache/parquet/format/RowGroup$RowGroupStandardScheme.read;org/apache/parquet/format/RowGroup$RowGroupStandardScheme.read;org/apache/parquet/format/ColumnChunk.read;org/apache/parquet/format/ColumnChunk$ColumnChunkStandardScheme.read;org/apache/parquet/format/ColumnChunk$ColumnChunkStandardScheme.read;org/apache/parquet/format/ColumnMetaData.read;org/apache/parquet/format/ColumnMetaData$ColumnMetaDataStandardScheme.read;org/apache/parquet/format/ColumnMetaData$ColumnMetaDataStandardScheme.read;org/apache/parquet/format/InterningProtocol.readI64;shaded/parquet/org/apache/thrift/protocol/TCompactProtocol.readI64;shaded/parquet/org/apache/thrift/protocol/TCompactProtocol.readVarint64 1
/usr/lib/x86_64-linux-gnu/libc.so.6;/usr/lib/x86_64-linux-gnu/libc.so.6;thread_native_entry;Thread::call_run;JavaThread::thread_main_inner;CompileBroker::compiler_thread_loop;CompileBroker::invoke_compiler_on_method;C2Compiler::compile_method;Compile::Compile;Compile::Code_Gen;PhaseChaitin::Register_Allocate;PhaseChaitin::post_allocate_copy_removal;PhaseChaitin::elide_copy 2
java/lang/Thread.run;java/lang/Thread.runWith;java/util/concurrent/ThreadPoolExecutor$Worker.run;java/util/concurrent/ThreadPoolExecutor.runWorker;java/util/concurrent/FutureTask.run;java/util/concurrent/Executors$RunnableAdapter.call;java/util/concurrent/FutureTask.run;org/openjdk/jmh/runner/BenchmarkHandler$BenchmarkTask.call;org/openjdk/jmh/runner/BenchmarkHandler$BenchmarkTask.call;java/lang/reflect/Method.invoke;jdk/internal/reflect/DirectMethodHandleAccessor.invoke;jdk/internal/reflect/DirectMethodHandleAccessor.invokeImpl;java/lang/invoke/LambdaForm$MH.0x0000000048061400.invokeExact_MT;java/lang/invoke/LambdaForm$MH.0x0000000048061000.invoke;java/lang/invoke/DirectMethodHandle$Holder.invokeSpecial;org/weakref/nitro/clickbench/jmh_generated/BenchmarkQueries_query43_jmhTest.query43_AverageTime;org/weakref/nitro/clickbench/jmh_generated/BenchmarkQueries_query43_jmhTest.query43_avgt_jmhStub;org/weakref/nitro/clickbench/BenchmarkQueries.query43;org/weakref/nitro/clickbench/BenchmarkQueries.consume;org/weakref/nitro/operator/OffsetOperator.hasNext;org/weakref/nitro/operator/OffsetOperator.skipFullyConsumedBatches;org/weakref/nitro/operator/TopNOperator.next;org/weakref/nitro/operator/TopNOperator.computeTopN;org/weakref/nitro/operator/GroupedAggregationOperator.next;org/weakref/nitro/operator/GroupedAggregationOperator.computeResults;org/weakref/nitro/operator/GroupOperator.next;org/weakref/nitro/operator/ProjectOperator.next;org/weakref/nitro/operator/FilterOperator.next;org/weakref/nitro/operator/evaluator/PlanEvaluator.evaluateInPlace;org/weakref/nitro/operator/evaluator/PlanEvaluator.evaluateTrueMaskInPlace;org/weakref/nitro/operator/evaluator/PlanEvaluator.evaluateAdaptiveAndTrueMaskInPlace;org/weakref/nitro/operator/evaluator/PlanEvaluator.evaluateMeasuredTrueMaskInPlace;org/weakref/nitro/operator/evaluator/PlanEvaluator.evaluateTrueMaskInPlace;org/weakref/nitro/operator/evaluator/PlanEvaluator.evaluateAdaptiveAndTrueMaskInPlace;org/weakref/nitro/operator/evaluator/PlanEvaluator.evaluateMeasuredTrueMaskInPlace;org/weakref/nitro/operator/evaluator/PlanEvaluator.evaluateTrueMaskInPlace;org/weakref/nitro/operator/evaluator/PlanEvaluator.tryEvaluatePrimitiveTrueMaskInPlace;org/weakref/nitro/operator/evaluator/PlanEvaluator.tryEvaluatePrimitiveMaskInPlace;org/weakref/nitro/function/scalar/builtin/EqualI64.tryEvaluateTrueMaskInPlace;org/weakref/nitro/function/scalar/builtin/LongComparisonMaskSupport.tryEvaluateTrueMaskInPlace;org/weakref/nitro/function/scalar/builtin/LongComparisonMaskSupport.tryConstantComparisonInPlace;org/weakref/nitro/function/scalar/builtin/LongComparisonMaskSupport.applyConstantComparison;org/weakref/nitro/data/Mask.retainConstantComparison;org/weakref/nitro/data/Mask.retainConstantComparison 39
java/lang/Thread.run;java/lang/Thread.runWith;java/util/concurrent/ThreadPoolExecutor$Worker.run;java/util/concurrent/ThreadPoolExecutor.runWorker;java/util/concurrent/FutureTask.run;java/util/concurrent/Executors$RunnableAdapter.call;java/util/concurrent/FutureTask.run;org/openjdk/jmh/runner/BenchmarkHandler$BenchmarkTask.call;org/openjdk/jmh/runner/BenchmarkHandler$BenchmarkTask.call;java/lang/reflect/Method.invoke;jdk/internal/reflect/DirectMethodHandleAccessor.invoke;jdk/internal/reflect/DirectMethodHandleAccessor.invokeImpl;java/lang/invoke/LambdaForm$MH.0x0000000048061400.invokeExact_MT;java/lang/invoke/LambdaForm$MH.0x0000000048061000.invoke;java/lang/invoke/DirectMethodHandle$Holder.invokeSpecial;org/weakref/nitro/clickbench/jmh_generated/BenchmarkQueries_query43_jmhTest.query43_AverageTime;org/weakref/nitro/clickbench/jmh_generated/BenchmarkQueries_query43_jmhTest.query43_avgt_jmhStub;org/weakref/nitro/clickbench/BenchmarkQueries.query43;org/weakref/nitro/clickbench/BenchmarkQueries.consume;org/weakref/nitro/operator/OffsetOperator.hasNext;org/weakref/nitro/operator/OffsetOperator.skipFullyConsumedBatches;org/weakref/nitro/operator/TopNOperator.next;org/weakref/nitro/operator/TopNOperator.computeTopN;org/weakref/nitro/operator/GroupedAggregationOperator.next;org/weakref/nitro/operator/GroupedAggregationOperator.computeResults;org/weakref/nitro/operator/Batch.close;org/weakref/nitro/operator/GroupOperator$$Lambda.0x00000000481e8f78.run;org/weakref/nitro/operator/GroupOperator.lambda$next$6;org/weakref/nitro/operator/Batch.close;org/weakref/nitro/operator/ProjectOperator$$Lambda.0x00000000481e3488.run;org/weakref/nitro/operator/ProjectOperator.lambda$next$11;org/weakref/nitro/operator/ProjectOperator$BatchState.close;org/weakref/nitro/operator/Batch.close;org/weakref/nitro/operator/FilterOperator$BatchState.close;org/weakref/nitro/operator/Batch.close;org/weakref/nitro/operator/Output.close;org/weakref/nitro/operator/Output.release;org/weakref/nitro/operator/BatchBufferOwner.accept;org/weakref/nitro/operator/BatchBufferOwner.accept;org/weakref/nitro/operator/NitroParquetScanOperator$ScanOutputResolver.release;org/weakref/nitro/operator/BatchBufferScope.release;org/weakref/nitro/data/Allocator.release;org/weakref/nitro/data/Allocator.releaseVectorTree;org/weakref/nitro/data/Allocator.releaseVector;org/weakref/nitro/data/Allocator$ContextState.releaseVector;org/weakref/nitro/data/Allocator$ContextState.addVectorToPool 1
java/lang/Thread.run;java/lang/Thread.runWith;java/util/concurrent/ThreadPoolExecutor$Worker.run;java/util/concurrent/ThreadPoolExecutor.runWorker;java/util/concurrent/FutureTask.run;java/util/concurrent/Executors$RunnableAdapter.call;java/util/concurrent/FutureTask.run;org/openjdk/jmh/runner/BenchmarkHandler$BenchmarkTask.call;org/openjdk/jmh/runner/BenchmarkHandler$BenchmarkTask.call;java/lang/reflect/Method.invoke;jdk/internal/reflect/DirectMethodHandleAccessor.invoke;jdk/internal/reflect/DirectMethodHandleAccessor.invokeImpl;java/lang/invoke/LambdaForm$MH.0x0000000048061400.invokeExact_MT;java/lang/invoke/LambdaForm$MH.0x0000000048061000.invoke;java/lang/invoke/DirectMethodHandle$Holder.invokeSpecial;org/weakref/nitro/clickbench/jmh_generated/BenchmarkQueries_query43_jmhTest.query43_AverageTime;org/weakref/nitro/clickbench/jmh_generated/BenchmarkQueries_query43_jmhTest.query43_avgt_jmhStub;org/weakref/nitro/clickbench/BenchmarkQueries.query43;org/weakref/nitro/clickbench/ClickBenchHitsSupport.query43;org/weakref/nitro/clickbench/ClickBenchHitsSupport.clickBenchScan;org/weakref/nitro/operator/NitroParquetScanOperator.<init>;java/util/stream/ReferencePipeline.toArray;java/util/stream/AbstractPipeline.evaluateToArrayNode;java/util/stream/AbstractPipeline.evaluate;java/util/stream/AbstractPipeline.wrapAndCopyInto;java/util/stream/AbstractPipeline.copyInto;java/util/AbstractList$RandomAccessSpliterator.forEachRemaining;java/util/stream/ReferencePipeline$3$1.accept;org/weakref/nitro/operator/NitroParquetScanOperator$$Lambda.0x00000000480864e8.apply;org/weakref/nitro/parquet/ParquetFile.open;org/weakref/nitro/parquet/ParquetFile.<init>;org/apache/parquet/format/Util.readFileMetaData;org/apache/parquet/format/Util.readFileMetaData;org/apache/parquet/format/Util.read;org/apache/parquet/format/FileMetaData.read;org/apache/parquet/format/FileMetaData$FileMetaDataStandardScheme.read;org/apache/parquet/format/FileMetaData$FileMetaDataStandardScheme.read;org/apache/parquet/format/RowGroup.read;org/apache/parquet/format/RowGroup$RowGroupStandardScheme.read;org/apache/parquet/format/RowGroup$RowGroupStandardScheme.read;org/apache/parquet/format/ColumnChunk.read;org/apache/parquet/format/ColumnChunk$ColumnChunkStandardScheme.read;org/apache/parquet/format/ColumnChunk$ColumnChunkStandardScheme.read;org/apache/parquet/format/ColumnMetaData.read;org/apache/parquet/format/ColumnMetaData$ColumnMetaDataStandardScheme.read;org/apache/parquet/format/ColumnMetaData$ColumnMetaDataStandardScheme.read;org/apache/parquet/format/Statistics.read;org/apache/parquet/format/Statistics$StatisticsStandardScheme.read;org/apache/parquet/format/Statistics$StatisticsStandardScheme.read;org/apache/parquet/format/InterningProtocol.readFieldBegin;shaded/parquet/org/apache/thrift/protocol/TCompactProtocol.readFieldBegin;shaded/parquet/org/apache/thrift/protocol/TCompactProtocol.readByte;shaded/parquet/org/apache/thrift/transport/TTransport.readAll;shaded/parquet/org/apache/thrift/transport/TIOStreamTransport.read;org/weakref/nitro/parquet/ParquetFile$SegmentInputStream.read;java/lang/foreign/MemorySegment.copy;jdk/internal/foreign/AbstractMemorySegmentImpl.copy 1
java/lang/Thread.run;java/lang/Thread.runWith;java/util/concurrent/ThreadPoolExecutor$Worker.run;java/util/concurrent/ThreadPoolExecutor.runWorker;java/util/concurrent/FutureTask.run;java/util/concurrent/Executors$RunnableAdapter.call;java/util/concurrent/FutureTask.run;org/openjdk/jmh/runner/BenchmarkHandler$BenchmarkTask.call;org/openjdk/jmh/runner/BenchmarkHandler$BenchmarkTask.call;java/lang/reflect/Method.invoke;jdk/internal/reflect/DirectMethodHandleAccessor.invoke;jdk/internal/reflect/DirectMethodHandleAccessor.invokeImpl;java/lang/invoke/LambdaForm$MH.0x0000000048061400.invokeExact_MT;java/lang/invoke/LambdaForm$MH.0x0000000048061000.invoke;java/lang/invoke/DirectMethodHandle$Holder.invokeSpecial;org/weakref/nitro/clickbench/jmh_generated/BenchmarkQueries_query43_jmhTest.query43_AverageTime;org/weakref/nitro/clickbench/jmh_generated/BenchmarkQueries_query43_jmhTest.query43_avgt_jmhStub;org/weakref/nitro/clickbench/BenchmarkQueries.query43;org/weakref/nitro/clickbench/BenchmarkQueries.consume;org/weakref/nitro/operator/OffsetOperator.hasNext;org/weakref/nitro/operator/OffsetOperator.skipFullyConsumedBatches;org/weakref/nitro/operator/TopNOperator.next;org/weakref/nitro/operator/TopNOperator.computeTopN;org/weakref/nitro/operator/GroupedAggregationOperator.next;org/weakref/nitro/operator/GroupedAggregationOperator.computeResults;org/weakref/nitro/operator/Batch.close;org/weakref/nitro/operator/GroupOperator$$Lambda.0x00000000481e8f78.run;org/weakref/nitro/operator/GroupOperator.lambda$next$6;org/weakref/nitro/operator/Batch.close;org/weakref/nitro/operator/ProjectOperator$$Lambda.0x00000000481e3488.run;org/weakref/nitro/operator/ProjectOperator.lambda$next$11;org/weakref/nitro/operator/ProjectOperator$BatchState.close;org/weakref/nitro/operator/Batch.close;org/weakref/nitro/operator/FilterOperator$BatchState.close;org/weakref/nitro/operator/Batch.close;org/weakref/nitro/operator/Output.close;org/weakref/nitro/operator/Output.release;org/weakref/nitro/operator/BatchBufferOwner.accept;org/weakref/nitro/operator/BatchBufferOwner.accept;org/weakref/nitro/operator/NitroParquetScanOperator$ScanOutputResolver.release;org/weakref/nitro/operator/BatchBufferScope.release;org/weakref/nitro/data/Allocator.release;org/weakref/nitro/data/Allocator.releaseVectorTree;org/weakref/nitro/data/Allocator.releaseVector;org/weakref/nitro/data/Allocator$ContextState.releaseVector;org/weakref/nitro/data/Allocator$ContextState.addVectorToPool;java/util/TreeMap.computeIfAbsent 1
java/lang/Thread.run;java/lang/Thread.runWith;java/util/concurrent/ThreadPoolExecutor$Worker.run;java/util/concurrent/ThreadPoolExecutor.runWorker;java/util/concurrent/FutureTask.run;java/util/concurrent/Executors$RunnableAdapter.call;java/util/concurrent/FutureTask.run;org/openjdk/jmh/runner/BenchmarkHandler$BenchmarkTask.call;org/openjdk/jmh/runner/BenchmarkHandler$BenchmarkTask.call;java/lang/reflect/Method.invoke;jdk/internal/reflect/DirectMethodHandleAccessor.invoke;jdk/internal/reflect/DirectMethodHandleAccessor.invokeImpl;java/lang/invoke/LambdaForm$MH.0x0000000048061400.invokeExact_MT;java/lang/invoke/LambdaForm$MH.0x0000000048061000.invoke;java/lang/invoke/DirectMethodHandle$Holder.invokeSpecial;org/weakref/nitro/clickbench/jmh_generated/BenchmarkQueries_query43_jmhTest.query43_AverageTime;org/weakref/nitro/clickbench/jmh_generated/BenchmarkQueries_query43_jmhTest.query43_avgt_jmhStub;org/weakref/nitro/clickbench/BenchmarkQueries.query43;org/weakref/nitro/clickbench/BenchmarkQueries.consume;org/weakref/nitro/operator/OffsetOperator.hasNext;org/weakref/nitro/operator/OffsetOperator.skipFullyConsumedBatches;org/weakref/nitro/operator/TopNOperator.next;org/weakref/nitro/operator/TopNOperator.computeTopN;org/weakref/nitro/operator/GroupedAggregationOperator.next;org/weakref/nitro/operator/GroupedAggregationOperator.computeResults;org/weakref/nitro/operator/GroupOperator.next;org/weakref/nitro/operator/ProjectOperator.next;org/weakref/nitro/operator/FilterOperator.next;org/weakref/nitro/operator/evaluator/PlanEvaluator.evaluateInPlace;org/weakref/nitro/operator/evaluator/PlanEvaluator.evaluateTrueMaskInPlace;org/weakref/nitro/operator/evaluator/PlanEvaluator.evaluateAdaptiveAndTrueMaskInPlace;org/weakref/nitro/operator/evaluator/PlanEvaluator.evaluateMeasuredTrueMaskInPlace;org/weakref/nitro/operator/evaluator/PlanEvaluator.evaluateTrueMaskInPlace;org/weakref/nitro/operator/evaluator/PlanEvaluator.evaluateAdaptiveAndTrueMaskInPlace;org/weakref/nitro/operator/evaluator/PlanEvaluator.evaluateMeasuredTrueMaskInPlace;org/weakref/nitro/operator/evaluator/PlanEvaluator.evaluateTrueMaskInPlace;org/weakref/nitro/operator/evaluator/PlanEvaluator.tryEvaluatePrimitiveTrueMaskInPlace;org/weakref/nitro/operator/evaluator/PlanEvaluator.tryEvaluatePrimitiveMaskInPlace;org/weakref/nitro/operator/evaluator/PlanEvaluator.resolveMaskPrimitiveInvocation;org/weakref/nitro/operator/evaluator/PlanEvaluator.evaluateArgument;org/weakref/nitro/operator/evaluator/PlanEvaluator.evaluateAvailableReference;org/weakref/nitro/operator/evaluator/PlanEvaluator.evaluate;org/weakref/nitro/operator/evaluator/PlanEvaluator.evaluateUnmemoized;org/weakref/nitro/operator/evaluator/PlanEvaluator.evaluateVariable;org/weakref/nitro/operator/evaluator/PlanEvaluator.evaluateLiteral;org/weakref/nitro/operator/evaluator/PlanEvaluator.fillLongRle;org/weakref/nitro/data/Allocator.allocate;org/weakref/nitro/data/Allocator$ContextState.trackVector;java/util/HashMap.merge;org/weakref/nitro/data/Allocator$ContextState$$Lambda.0x00000000481d6000.apply 1
java/lang/Thread.run;java/lang/Thread.runWith;java/util/concurrent/ThreadPoolExecutor$Worker.run;java/util/concurrent/ThreadPoolExecutor.runWorker;java/util/concurrent/FutureTask.run;java/util/concurrent/Executors$RunnableAdapter.call;java/util/concurrent/FutureTask.run;org/openjdk/jmh/runner/BenchmarkHandler$BenchmarkTask.call;org/openjdk/jmh/runner/BenchmarkHandler$BenchmarkTask.call;java/lang/reflect/Method.invoke;jdk/internal/reflect/DirectMethodHandleAccessor.invoke;jdk/internal/reflect/DirectMethodHandleAccessor.invokeImpl;java/lang/invoke/LambdaForm$MH.0x0000000048061400.invokeExact_MT;java/lang/invoke/LambdaForm$MH.0x0000000048061000.invoke;java/lang/invoke/DirectMethodHandle$Holder.invokeSpecial;org/weakref/nitro/clickbench/jmh_generated/BenchmarkQueries_query43_jmhTest.query43_AverageTime;org/weakref/nitro/clickbench/jmh_generated/BenchmarkQueries_query43_jmhTest.query43_avgt_jmhStub;org/weakref/nitro/clickbench/BenchmarkQueries.query43;org/weakref/nitro/clickbench/ClickBenchHitsSupport.query43;org/weakref/nitro/clickbench/ClickBenchHitsSupport.clickBenchScan;org/weakref/nitro/operator/NitroParquetScanOperator.<init>;java/util/stream/ReferencePipeline.toArray;java/util/stream/AbstractPipeline.evaluateToArrayNode;java/util/stream/AbstractPipeline.evaluate;java/util/stream/AbstractPipeline.wrapAndCopyInto;java/util/stream/AbstractPipeline.copyInto;java/util/AbstractList$RandomAccessSpliterator.forEachRemaining;java/util/stream/ReferencePipeline$3$1.accept;org/weakref/nitro/operator/NitroParquetScanOperator$$Lambda.0x00000000480864e8.apply;org/weakref/nitro/parquet/ParquetFile.open;org/weakref/nitro/parquet/ParquetFile.<init>;java/util/HashMap.put;java/util/HashMap.putVal 1
java/lang/Thread.run;java/lang/Thread.runWith;java/util/concurrent/ThreadPoolExecutor$Worker.run;java/util/concurrent/ThreadPoolExecutor.runWorker;java/util/concurrent/FutureTask.run;java/util/concurrent/Executors$RunnableAdapter.call;java/util/concurrent/FutureTask.run;org/openjdk/jmh/runner/BenchmarkHandler$BenchmarkTask.call;org/openjdk/jmh/runner/BenchmarkHandler$BenchmarkTask.call;java/lang/reflect/Method.invoke;jdk/internal/reflect/DirectMethodHandleAccessor.invoke;jdk/internal/reflect/DirectMethodHandleAccessor.invokeImpl;java/lang/invoke/LambdaForm$MH.0x0000000048061400.invokeExact_MT;java/lang/invoke/LambdaForm$MH.0x0000000048061000.invoke;java/lang/invoke/DirectMethodHandle$Holder.invokeSpecial;org/weakref/nitro/clickbench/jmh_generated/BenchmarkQueries_query43_jmhTest.query43_AverageTime;org/weakref/nitro/clickbench/jmh_generated/BenchmarkQueries_query43_jmhTest.query43_avgt_jmhStub;org/weakref/nitro/clickbench/BenchmarkQueries.query43;org/weakref/nitro/clickbench/BenchmarkQueries.consume;org/weakref/nitro/operator/OffsetOperator.hasNext;org/weakref/nitro/operator/OffsetOperator.skipFullyConsumedBatches;org/weakref/nitro/operator/TopNOperator.next;org/weakref/nitro/operator/TopNOperator.computeTopN;org/weakref/nitro/operator/GroupedAggregationOperator.next;org/weakref/nitro/operator/GroupedAggregationOperator.computeResults;org/weakref/nitro/operator/GroupOperator.next;org/weakref/nitro/operator/ProjectOperator.next;org/weakref/nitro/operator/FilterOperator.next;org/weakref/nitro/operator/evaluator/PlanEvaluator.evaluateInPlace;org/weakref/nitro/operator/evaluator/PlanEvaluator.evaluateTrueMaskInPlace;org/weakref/nitro/operator/evaluator/PlanEvaluator.evaluateAdaptiveAndTrueMaskInPlace;org/weakref/nitro/operator/evaluator/PlanEvaluator.evaluateMeasuredTrueMaskInPlace;org/weakref/nitro/operator/evaluator/PlanEvaluator.evaluateTrueMaskInPlace;org/weakref/nitro/operator/evaluator/PlanEvaluator.evaluateAdaptiveAndTrueMaskInPlace;org/weakref/nitro/operator/evaluator/PlanEvaluator.evaluateMeasuredTrueMaskInPlace;org/weakref/nitro/operator/evaluator/PlanEvaluator.evaluateTrueMaskInPlace;org/weakref/nitro/operator/evaluator/PlanEvaluator.tryEvaluatePrimitiveTrueMaskInPlace;org/weakref/nitro/operator/evaluator/PlanEvaluator.tryEvaluatePrimitiveMaskInPlace;org/weakref/nitro/function/scalar/builtin/EqualI64.tryEvaluateTrueMaskInPlace;org/weakref/nitro/function/scalar/builtin/LongComparisonMaskSupport.tryEvaluateTrueMaskInPlace;org/weakref/nitro/function/scalar/builtin/LongComparisonMaskSupport.tryConstantComparisonInPlace;org/weakref/nitro/function/scalar/builtin/VectorAccess.isAllFalseNulls;org/weakref/nitro/data/BooleanVector.isAllFalse 15
java/lang/Thread.run;java/lang/Thread.runWith;java/util/concurrent/ThreadPoolExecutor$Worker.run;java/util/concurrent/ThreadPoolExecutor.runWorker;java/util/concurrent/FutureTask.run;java/util/concurrent/Executors$RunnableAdapter.call;java/util/concurrent/FutureTask.run;org/openjdk/jmh/runner/BenchmarkHandler$BenchmarkTask.call;org/openjdk/jmh/runner/BenchmarkHandler$BenchmarkTask.call;java/lang/reflect/Method.invoke;jdk/internal/reflect/DirectMethodHandleAccessor.invoke;jdk/internal/reflect/DirectMethodHandleAccessor.invokeImpl;java/lang/invoke/LambdaForm$MH.0x0000000048061400.invokeExact_MT;java/lang/invoke/LambdaForm$MH.0x0000000048061000.invoke;java/lang/invoke/DirectMethodHandle$Holder.invokeSpecial;org/weakref/nitro/clickbench/jmh_generated/BenchmarkQueries_query43_jmhTest.query43_AverageTime;org/weakref/nitro/clickbench/jmh_generated/BenchmarkQueries_query43_jmhTest.query43_avgt_jmhStub;org/weakref/nitro/clickbench/BenchmarkQueries.query43;org/weakref/nitro/clickbench/ClickBenchHitsSupport.query43;org/weakref/nitro/clickbench/ClickBenchHitsSupport.clickBenchScan;org/weakref/nitro/operator/NitroParquetScanOperator.<init>;java/util/stream/ReferencePipeline.toArray;java/util/stream/AbstractPipeline.evaluateToArrayNode;java/util/stream/AbstractPipeline.evaluate;java/util/stream/AbstractPipeline.wrapAndCopyInto;java/util/stream/AbstractPipeline.copyInto;java/util/AbstractList$RandomAccessSpliterator.forEachRemaining;java/util/stream/ReferencePipeline$3$1.accept;org/weakref/nitro/operator/NitroParquetScanOperator$$Lambda.0x00000000480864e8.apply;org/weakref/nitro/parquet/ParquetFile.open;org/weakref/nitro/parquet/ParquetFile.<init>;org/apache/parquet/format/Util.readFileMetaData;org/apache/parquet/format/Util.readFileMetaData;org/apache/parquet/format/Util.read;org/apache/parquet/format/FileMetaData.read;org/apache/parquet/format/FileMetaData$FileMetaDataStandardScheme.read;org/apache/parquet/format/FileMetaData$FileMetaDataStandardScheme.read;org/apache/parquet/format/RowGroup.read;org/apache/parquet/format/RowGroup$RowGroupStandardScheme.read;org/apache/parquet/format/RowGroup$RowGroupStandardScheme.read;org/apache/parquet/format/ColumnChunk.read;org/apache/parquet/format/ColumnChunk$ColumnChunkStandardScheme.read;org/apache/parquet/format/ColumnChunk$ColumnChunkStandardScheme.read;org/apache/parquet/format/ColumnMetaData.read;org/apache/parquet/format/ColumnMetaData$ColumnMetaDataStandardScheme.read;org/apache/parquet/format/ColumnMetaData$ColumnMetaDataStandardScheme.read;org/apache/parquet/format/PageEncodingStats.read;org/apache/parquet/format/PageEncodingStats$PageEncodingStatsStandardScheme.read;org/apache/parquet/format/PageEncodingStats$PageEncodingStatsStandardScheme.read;org/apache/parquet/format/InterningProtocol.readFieldBegin;shaded/parquet/org/apache/thrift/protocol/TCompactProtocol.readFieldBegin 1
/usr/lib/x86_64-linux-gnu/libc.so.6;/usr/lib/x86_64-linux-gnu/libc.so.6;thread_native_entry;Thread::call_run;JavaThread::thread_main_inner;CompileBroker::compiler_thread_loop;CompileBroker::invoke_compiler_on_method;C2Compiler::compile_method;Compile::Compile;Compile::Code_Gen;PhaseChaitin::Register_Allocate;PhaseChaitin::Select;PhaseIFG::re_insert;IndexSetIterator::advance_and_next 1
java/lang/Thread.run;java/lang/Thread.runWith;java/util/concurrent/ThreadPoolExecutor$Worker.run;java/util/concurrent/ThreadPoolExecutor.runWorker;java/util/concurrent/FutureTask.run;java/util/concurrent/Executors$RunnableAdapter.call;java/util/concurrent/FutureTask.run;org/openjdk/jmh/runner/BenchmarkHandler$BenchmarkTask.call;org/openjdk/jmh/runner/BenchmarkHandler$BenchmarkTask.call;java/lang/reflect/Method.invoke;jdk/internal/reflect/DirectMethodHandleAccessor.invoke;jdk/internal/reflect/DirectMethodHandleAccessor.invokeImpl;java/lang/invoke/LambdaForm$MH.0x0000000048061400.invokeExact_MT;java/lang/invoke/LambdaForm$MH.0x0000000048061000.invoke;java/lang/invoke/DirectMethodHandle$Holder.invokeSpecial;org/weakref/nitro/clickbench/jmh_generated/BenchmarkQueries_query43_jmhTest.query43_AverageTime;org/weakref/nitro/clickbench/jmh_generated/BenchmarkQueries_query43_jmhTest.query43_avgt_jmhStub;org/weakref/nitro/clickbench/BenchmarkQueries.query43;org/weakref/nitro/clickbench/ClickBenchHitsSupport.query43;org/weakref/nitro/clickbench/ClickBenchHitsSupport.clickBenchScan;org/weakref/nitro/operator/NitroParquetScanOperator.<init>;java/util/stream/ReferencePipeline.toArray;java/util/stream/AbstractPipeline.evaluateToArrayNode;java/util/stream/AbstractPipeline.evaluate;java/util/stream/AbstractPipeline.wrapAndCopyInto;java/util/stream/AbstractPipeline.copyInto;java/util/AbstractList$RandomAccessSpliterator.forEachRemaining;java/util/stream/ReferencePipeline$3$1.accept;org/weakref/nitro/operator/NitroParquetScanOperator$$Lambda.0x00000000480864e8.apply;org/weakref/nitro/parquet/ParquetFile.open;org/weakref/nitro/parquet/ParquetFile.<init>;org/apache/parquet/format/Util.readFileMetaData;org/apache/parquet/format/Util.readFileMetaData;org/apache/parquet/format/Util.read;org/apache/parquet/format/FileMetaData.read;org/apache/parquet/format/FileMetaData$FileMetaDataStandardScheme.read;org/apache/parquet/format/FileMetaData$FileMetaDataStandardScheme.read;org/apache/parquet/format/InterningProtocol.readFieldBegin;shaded/parquet/org/apache/thrift/protocol/TCompactProtocol.readFieldBegin;shaded/parquet/org/apache/thrift/protocol/TCompactProtocol.readByte;shaded/parquet/org/apache/thrift/transport/TTransport.readAll;shaded/parquet/org/apache/thrift/transport/TIOStreamTransport.read;org/weakref/nitro/parquet/ParquetFile$SegmentInputStream.read;java/lang/foreign/MemorySegment.copy;jdk/internal/foreign/AbstractMemorySegmentImpl.copy;jdk/internal/misc/ScopedMemoryAccess.copyMemory;jdk/internal/misc/ScopedMemoryAccess.copyMemoryInternal;jdk/internal/misc/Unsafe.copyMemory;jbyte_disjoint_arraycopy_stub;asm_exc_page_fault_[k];exc_page_fault_[k];do_user_addr_fault_[k];handle_mm_fault_[k];__handle_mm_fault_[k];handle_pte_fault_[k];do_fault_[k];do_read_fault_[k];filemap_map_pages_[k];set_pte_range_[k];folio_add_file_rmap_ptes_[k] 1
java/lang/Thread.run;java/lang/Thread.runWith;java/util/concurrent/ThreadPoolExecutor$Worker.run;java/util/concurrent/ThreadPoolExecutor.runWorker;java/util/concurrent/FutureTask.run;java/util/concurrent/Executors$RunnableAdapter.call;java/util/concurrent/FutureTask.run;org/openjdk/jmh/runner/BenchmarkHandler$BenchmarkTask.call;org/openjdk/jmh/runner/BenchmarkHandler$BenchmarkTask.call;java/lang/reflect/Method.invoke;jdk/internal/reflect/DirectMethodHandleAccessor.invoke;jdk/internal/reflect/DirectMethodHandleAccessor.invokeImpl;java/lang/invoke/LambdaForm$MH.0x0000000048061400.invokeExact_MT;java/lang/invoke/LambdaForm$MH.0x0000000048061000.invoke;java/lang/invoke/DirectMethodHandle$Holder.invokeSpecial;org/weakref/nitro/clickbench/jmh_generated/BenchmarkQueries_query43_jmhTest.query43_AverageTime;org/weakref/nitro/clickbench/jmh_generated/BenchmarkQueries_query43_jmhTest.query43_avgt_jmhStub;org/weakref/nitro/clickbench/BenchmarkQueries.query43;org/weakref/nitro/clickbench/ClickBenchHitsSupport.query43;org/weakref/nitro/clickbench/ClickBenchHitsSupport.clickBenchScan;org/weakref/nitro/operator/NitroParquetScanOperator.<init>;java/util/stream/ReferencePipeline.toArray;java/util/stream/AbstractPipeline.evaluateToArrayNode;java/util/stream/AbstractPipeline.evaluate;java/util/stream/AbstractPipeline.wrapAndCopyInto;java/util/stream/AbstractPipeline.copyInto;java/util/AbstractList$RandomAccessSpliterator.forEachRemaining;java/util/stream/ReferencePipeline$3$1.accept;org/weakref/nitro/operator/NitroParquetScanOperator$$Lambda.0x00000000480864e8.apply;org/weakref/nitro/parquet/ParquetFile.open;org/weakref/nitro/parquet/ParquetFile.<init>;org/apache/parquet/format/Util.readFileMetaData;org/apache/parquet/format/Util.readFileMetaData;org/apache/parquet/format/Util.read;org/apache/parquet/format/FileMetaData.read;org/apache/parquet/format/FileMetaData$FileMetaDataStandardScheme.read;org/apache/parquet/format/FileMetaData$FileMetaDataStandardScheme.read;org/apache/parquet/format/RowGroup.read;org/apache/parquet/format/RowGroup$RowGroupStandardScheme.read;org/apache/parquet/format/RowGroup$RowGroupStandardScheme.read;org/apache/parquet/format/ColumnChunk.read;org/apache/parquet/format/ColumnChunk$ColumnChunkStandardScheme.read;org/apache/parquet/format/ColumnChunk$ColumnChunkStandardScheme.read;org/apache/parquet/format/InterningProtocol.readFieldBegin;shaded/parquet/org/apache/thrift/protocol/TCompactProtocol.readFieldBegin;shaded/parquet/org/apache/thrift/protocol/TCompactProtocol.readByte;shaded/parquet/org/apache/thrift/transport/TTransport.readAll;shaded/parquet/org/apache/thrift/transport/TIOStreamTransport.read;org/weakref/nitro/parquet/ParquetFile$SegmentInputStream.read;java/lang/foreign/MemorySegment.copy;jdk/internal/foreign/AbstractMemorySegmentImpl.copy;jdk/internal/foreign/AbstractMemorySegmentImpl.checkAccess;jdk/internal/foreign/AbstractMemorySegmentImpl.checkAccessBounds;jdk/internal/foreign/AbstractMemorySegmentImpl.checkBounds 1
java/lang/Thread.run;java/lang/Thread.runWith;java/util/concurrent/ThreadPoolExecutor$Worker.run;java/util/concurrent/ThreadPoolExecutor.runWorker;java/util/concurrent/FutureTask.run;java/util/concurrent/Executors$RunnableAdapter.call;java/util/concurrent/FutureTask.run;org/openjdk/jmh/runner/BenchmarkHandler$BenchmarkTask.call;org/openjdk/jmh/runner/BenchmarkHandler$BenchmarkTask.call;java/lang/reflect/Method.invoke;jdk/internal/reflect/DirectMethodHandleAccessor.invoke;jdk/internal/reflect/DirectMethodHandleAccessor.invokeImpl;java/lang/invoke/LambdaForm$MH.0x0000000048061400.invokeExact_MT;java/lang/invoke/LambdaForm$MH.0x0000000048061000.invoke;java/lang/invoke/DirectMethodHandle$Holder.invokeSpecial;org/weakref/nitro/clickbench/jmh_generated/BenchmarkQueries_query43_jmhTest.query43_AverageTime;org/weakref/nitro/clickbench/jmh_generated/BenchmarkQueries_query43_jmhTest.query43_avgt_jmhStub;org/weakref/nitro/clickbench/BenchmarkQueries.query43;org/weakref/nitro/clickbench/BenchmarkQueries.consume;org/weakref/nitro/operator/OffsetOperator.hasNext;org/weakref/nitro/operator/OffsetOperator.skipFullyConsumedBatches;org/weakref/nitro/operator/TopNOperator.next;org/weakref/nitro/operator/TopNOperator.computeTopN;org/weakref/nitro/operator/GroupedAggregationOperator.next;org/weakref/nitro/operator/GroupedAggregationOperator.computeResults;org/weakref/nitro/operator/Batch.close;org/weakref/nitro/operator/GroupOperator$$Lambda.0x00000000481e8f78.run;org/weakref/nitro/operator/GroupOperator.lambda$next$6;org/weakref/nitro/operator/Batch.close;org/weakref/nitro/operator/ProjectOperator$$Lambda.0x00000000481e3488.run;org/weakref/nitro/operator/ProjectOperator.lambda$next$11;org/weakref/nitro/operator/ProjectOperator$BatchState.close;org/weakref/nitro/operator/evaluator/PlanEvaluator.resetForReuse;java/util/IdentityHashMap.clear 1
java/lang/Thread.run;java/lang/Thread.runWith;java/util/concurrent/ThreadPoolExecutor$Worker.run;java/util/concurrent/ThreadPoolExecutor.runWorker;java/util/concurrent/FutureTask.run;java/util/concurrent/Executors$RunnableAdapter.call;java/util/concurrent/FutureTask.run;org/openjdk/jmh/runner/BenchmarkHandler$BenchmarkTask.call;org/openjdk/jmh/runner/BenchmarkHandler$BenchmarkTask.call;java/lang/reflect/Method.invoke;jdk/internal/reflect/DirectMethodHandleAccessor.invoke;jdk/internal/reflect/DirectMethodHandleAccessor.invokeImpl;java/lang/invoke/LambdaForm$MH.0x0000000048061400.invokeExact_MT;java/lang/invoke/LambdaForm$MH.0x0000000048061000.invoke;java/lang/invoke/DirectMethodHandle$Holder.invokeSpecial;org/weakref/nitro/clickbench/jmh_generated/BenchmarkQueries_query43_jmhTest.query43_AverageTime;org/weakref/nitro/clickbench/jmh_generated/BenchmarkQueries_query43_jmhTest.query43_avgt_jmhStub;org/weakref/nitro/clickbench/BenchmarkQueries.query43;org/weakref/nitro/clickbench/BenchmarkQueries.consume;org/weakref/nitro/operator/OffsetOperator.hasNext;org/weakref/nitro/operator/OffsetOperator.skipFullyConsumedBatches;org/weakref/nitro/operator/TopNOperator.next;org/weakref/nitro/operator/TopNOperator.computeTopN;org/weakref/nitro/operator/GroupedAggregationOperator.next;org/weakref/nitro/operator/GroupedAggregationOperator.computeResults;org/weakref/nitro/operator/Output.borrow;org/weakref/nitro/operator/GroupOperator$$Lambda.0x00000000481e38d0.apply;org/weakref/nitro/operator/GroupOperator.lambda$next$0;org/weakref/nitro/operator/GroupOperator.groupIds;org/weakref/nitro/operator/GroupOperator.doGroupingIfNeeded;org/weakref/nitro/operator/GroupingState.assignGroups;org/weakref/nitro/operator/GroupingState.assignGroups;org/weakref/nitro/operator/GroupingState.assignLongGroups 1
java/lang/Thread.run;java/lang/Thread.runWith;java/util/concurrent/ThreadPoolExecutor$Worker.run;java/util/concurrent/ThreadPoolExecutor.runWorker;java/util/concurrent/FutureTask.run;java/util/concurrent/Executors$RunnableAdapter.call;java/util/concurrent/FutureTask.run;org/openjdk/jmh/runner/BenchmarkHandler$BenchmarkTask.call;org/openjdk/jmh/runner/BenchmarkHandler$BenchmarkTask.call;java/lang/reflect/Method.invoke;jdk/internal/reflect/DirectMethodHandleAccessor.invoke;jdk/internal/reflect/DirectMethodHandleAccessor.invokeImpl;java/lang/invoke/LambdaForm$MH.0x0000000048061400.invokeExact_MT;java/lang/invoke/LambdaForm$MH.0x0000000048061000.invoke;java/lang/invoke/DirectMethodHandle$Holder.invokeSpecial;org/weakref/nitro/clickbench/jmh_generated/BenchmarkQueries_query43_jmhTest.query43_AverageTime;org/weakref/nitro/clickbench/jmh_generated/BenchmarkQueries_query43_jmhTest.query43_avgt_jmhStub;org/weakref/nitro/clickbench/BenchmarkQueries.query43;org/weakref/nitro/clickbench/BenchmarkQueries.consume;org/weakref/nitro/operator/OffsetOperator.hasNext;org/weakref/nitro/operator/OffsetOperator.skipFullyConsumedBatches;org/weakref/nitro/operator/TopNOperator.next;org/weakref/nitro/operator/TopNOperator.computeTopN;org/weakref/nitro/operator/GroupedAggregationOperator.next;org/weakref/nitro/operator/GroupedAggregationOperator.computeResults;org/weakref/nitro/operator/GroupOperator.next;org/weakref/nitro/operator/ProjectOperator.next;org/weakref/nitro/operator/FilterOperator.next;org/weakref/nitro/operator/evaluator/PlanEvaluator.evaluateInPlace;org/weakref/nitro/operator/evaluator/PlanEvaluator.evaluateTrueMaskInPlace;org/weakref/nitro/operator/evaluator/PlanEvaluator.evaluateAdaptiveAndTrueMaskInPlace;org/weakref/nitro/operator/evaluator/PlanEvaluator.evaluateMeasuredTrueMaskInPlace;org/weakref/nitro/operator/evaluator/PlanEvaluator.evaluateTrueMaskInPlace;org/weakref/nitro/operator/evaluator/PlanEvaluator.evaluateAdaptiveAndTrueMaskInPlace;org/weakref/nitro/operator/evaluator/PlanEvaluator.evaluateMeasuredTrueMaskInPlace;org/weakref/nitro/operator/evaluator/PlanEvaluator.evaluateTrueMaskInPlace;org/weakref/nitro/operator/evaluator/PlanEvaluator.tryEvaluatePrimitiveTrueMaskInPlace;org/weakref/nitro/operator/evaluator/PlanEvaluator.tryEvaluatePrimitiveMaskInPlace;org/weakref/nitro/operator/evaluator/PlanEvaluator.resolveMaskPrimitiveInvocation;org/weakref/nitro/operator/evaluator/PlanEvaluator.evaluateArgument;org/weakref/nitro/operator/FilterOperator$1.resolve;org/weakref/nitro/operator/Output.borrowOrNull;org/weakref/nitro/operator/Output.borrow;org/weakref/nitro/operator/Output.borrow;org/weakref/nitro/operator/NitroParquetScanOperator$ScanOutputResolver$$Lambda.0x00000000480aba90.apply;org/weakref/nitro/operator/NitroParquetScanOperator$ScanOutputResolver.resolve;org/weakref/nitro/operator/NitroParquetScanOperator.resolveLazyColumn;org/weakref/nitro/operator/NitroParquetScanOperator.decodeFullColumn;org/weakref/nitro/parquet/ColumnReader.readInts;jint_disjoint_arraycopy_stub 22
java/lang/Thread.run;java/lang/Thread.runWith;java/util/concurrent/ThreadPoolExecutor$Worker.run;java/util/concurrent/ThreadPoolExecutor.runWorker;java/util/concurrent/FutureTask.run;java/util/concurrent/Executors$RunnableAdapter.call;java/util/concurrent/FutureTask.run;org/openjdk/jmh/runner/BenchmarkHandler$BenchmarkTask.call;org/openjdk/jmh/runner/BenchmarkHandler$BenchmarkTask.call;java/lang/reflect/Method.invoke;jdk/internal/reflect/DirectMethodHandleAccessor.invoke;jdk/internal/reflect/DirectMethodHandleAccessor.invokeImpl;java/lang/invoke/LambdaForm$MH.0x0000000048061400.invokeExact_MT;java/lang/invoke/LambdaForm$MH.0x0000000048061000.invoke;java/lang/invoke/DirectMethodHandle$Holder.invokeSpecial;org/weakref/nitro/clickbench/jmh_generated/BenchmarkQueries_query43_jmhTest.query43_AverageTime;org/weakref/nitro/clickbench/jmh_generated/BenchmarkQueries_query43_jmhTest.query43_avgt_jmhStub;org/weakref/nitro/clickbench/BenchmarkQueries.query43;org/weakref/nitro/clickbench/BenchmarkQueries.consume;org/weakref/nitro/operator/OffsetOperator.hasNext;org/weakref/nitro/operator/OffsetOperator.skipFullyConsumedBatches;org/weakref/nitro/operator/TopNOperator.next;org/weakref/nitro/operator/TopNOperator.computeTopN;org/weakref/nitro/operator/GroupedAggregationOperator.next;org/weakref/nitro/operator/GroupedAggregationOperator.computeResults;org/weakref/nitro/operator/GroupOperator.next;org/weakref/nitro/operator/ProjectOperator.next;org/weakref/nitro/operator/FilterOperator.next;org/weakref/nitro/operator/evaluator/PlanEvaluator.evaluateInPlace;org/weakref/nitro/operator/evaluator/PlanEvaluator.evaluateTrueMaskInPlace;org/weakref/nitro/operator/evaluator/PlanEvaluator.evaluateAdaptiveAndTrueMaskInPlace;org/weakref/nitro/operator/evaluator/PlanEvaluator.evaluateMeasuredTrueMaskInPlace;org/weakref/nitro/operator/evaluator/PlanEvaluator.evaluateTrueMaskInPlace;org/weakref/nitro/operator/evaluator/PlanEvaluator.evaluateAdaptiveAndTrueMaskInPlace;org/weakref/nitro/operator/evaluator/PlanEvaluator.evaluateMeasuredTrueMaskInPlace;org/weakref/nitro/operator/evaluator/PlanEvaluator.evaluateTrueMaskInPlace;org/weakref/nitro/operator/evaluator/PlanEvaluator.tryEvaluatePrimitiveTrueMaskInPlace;org/weakref/nitro/operator/evaluator/PlanEvaluator.tryEvaluatePrimitiveMaskInPlace;org/weakref/nitro/operator/evaluator/PlanEvaluator.resolveMaskPrimitiveInvocation;org/weakref/nitro/operator/evaluator/PlanEvaluator.evaluateArgument;org/weakref/nitro/operator/FilterOperator$1.resolve;org/weakref/nitro/operator/Output.borrowOrNull;org/weakref/nitro/operator/Output.borrow;org/weakref/nitro/operator/Output.borrow;org/weakref/nitro/operator/NitroParquetScanOperator$ScanOutputResolver$$Lambda.0x00000000480aba90.apply;org/weakref/nitro/operator/NitroParquetScanOperator$ScanOutputResolver.resolve;org/weakref/nitro/operator/NitroParquetScanOperator.resolveLazyColumn;org/weakref/nitro/operator/NitroParquetScanOperator.decodeFullColumn;org/weakref/nitro/parquet/ColumnReader.readInts;org/weakref/nitro/parquet/ColumnReader.decodeNextDataPage;org/weakref/nitro/parquet/ColumnReader.decodeDataPageV1;org/weakref/nitro/parquet/ColumnReader.gatherDictionary;org/weakref/nitro/parquet/ColumnReader.gatherInts;jdk/incubator/vector/IntVector.intoArray;jint_fill_stub 10
java/lang/Thread.run;java/lang/Thread.runWith;java/util/concurrent/ThreadPoolExecutor$Worker.run;java/util/concurrent/ThreadPoolExecutor.runWorker;java/util/concurrent/FutureTask.run;java/util/concurrent/Executors$RunnableAdapter.call;java/util/concurrent/FutureTask.run;org/openjdk/jmh/runner/BenchmarkHandler$BenchmarkTask.call;org/openjdk/jmh/runner/BenchmarkHandler$BenchmarkTask.call;java/lang/reflect/Method.invoke;jdk/internal/reflect/DirectMethodHandleAccessor.invoke;jdk/internal/reflect/DirectMethodHandleAccessor.invokeImpl;java/lang/invoke/LambdaForm$MH.0x0000000048061400.invokeExact_MT;java/lang/invoke/LambdaForm$MH.0x0000000048061000.invoke;java/lang/invoke/DirectMethodHandle$Holder.invokeSpecial;org/weakref/nitro/clickbench/jmh_generated/BenchmarkQueries_query43_jmhTest.query43_AverageTime;org/weakref/nitro/clickbench/jmh_generated/BenchmarkQueries_query43_jmhTest.query43_avgt_jmhStub;org/weakref/nitro/clickbench/BenchmarkQueries.query43;org/weakref/nitro/clickbench/BenchmarkQueries.consume;org/weakref/nitro/operator/OffsetOperator.hasNext;org/weakref/nitro/operator/OffsetOperator.skipFullyConsumedBatches;org/weakref/nitro/operator/TopNOperator.next;org/weakref/nitro/operator/TopNOperator.computeTopN;org/weakref/nitro/operator/GroupedAggregationOperator.next;org/weakref/nitro/operator/GroupedAggregationOperator.computeResults;org/weakref/nitro/operator/Batch.close;org/weakref/nitro/operator/GroupOperator$$Lambda.0x00000000481e8f78.run;org/weakref/nitro/operator/GroupOperator.lambda$next$6;org/weakref/nitro/operator/Batch.close;org/weakref/nitro/operator/ProjectOperator$$Lambda.0x00000000481e3488.run;org/weakref/nitro/operator/ProjectOperator.lambda$next$11;org/weakref/nitro/operator/ProjectOperator$BatchState.close;org/weakref/nitro/operator/Batch.close;org/weakref/nitro/operator/FilterOperator$BatchState.close;org/weakref/nitro/operator/Batch.close;org/weakref/nitro/operator/Output.close;org/weakref/nitro/operator/Output.release;org/weakref/nitro/operator/BatchBufferOwner.accept;org/weakref/nitro/operator/BatchBufferOwner.accept;org/weakref/nitro/operator/NitroParquetScanOperator$ScanOutputResolver.release;org/weakref/nitro/operator/BatchBufferScope.release;org/weakref/nitro/data/Allocator.release;org/weakref/nitro/data/Allocator.releaseVectorTree;org/weakref/nitro/data/Allocator.releaseVector;org/weakref/nitro/data/Allocator$ContextState.releaseVector;org/weakref/nitro/data/BooleanVector.poolCapacity 1
java/lang/Thread.run;java/lang/Thread.runWith;java/util/concurrent/ThreadPoolExecutor$Worker.run;java/util/concurrent/ThreadPoolExecutor.runWorker;java/util/concurrent/FutureTask.run;java/util/concurrent/Executors$RunnableAdapter.call;java/util/concurrent/FutureTask.run;org/openjdk/jmh/runner/BenchmarkHandler$BenchmarkTask.call;org/openjdk/jmh/runner/BenchmarkHandler$BenchmarkTask.call;java/lang/reflect/Method.invoke;jdk/internal/reflect/DirectMethodHandleAccessor.invoke;jdk/internal/reflect/DirectMethodHandleAccessor.invokeImpl;java/lang/invoke/LambdaForm$MH.0x0000000048061400.invokeExact_MT;java/lang/invoke/LambdaForm$MH.0x0000000048061000.invoke;java/lang/invoke/DirectMethodHandle$Holder.invokeSpecial;org/weakref/nitro/clickbench/jmh_generated/BenchmarkQueries_query43_jmhTest.query43_AverageTime;org/weakref/nitro/clickbench/jmh_generated/BenchmarkQueries_query43_jmhTest.query43_avgt_jmhStub;org/weakref/nitro/clickbench/BenchmarkQueries.query43;org/weakref/nitro/clickbench/BenchmarkQueries.consume;org/weakref/nitro/operator/OffsetOperator.hasNext;org/weakref/nitro/operator/OffsetOperator.skipFullyConsumedBatches;org/weakref/nitro/operator/TopNOperator.next;org/weakref/nitro/operator/TopNOperator.computeTopN;org/weakref/nitro/operator/GroupedAggregationOperator.next;org/weakref/nitro/operator/GroupedAggregationOperator.computeResults;org/weakref/nitro/operator/Output.borrow;org/weakref/nitro/operator/GroupOperator$$Lambda.0x00000000481e38d0.apply;org/weakref/nitro/operator/GroupOperator.lambda$next$0;org/weakref/nitro/operator/GroupOperator.groupIds;org/weakref/nitro/operator/GroupOperator.doGroupingIfNeeded;org/weakref/nitro/operator/Output.borrow;org/weakref/nitro/operator/ProjectOperator$$Lambda.0x00000000481e76d8.apply;org/weakref/nitro/operator/ProjectOperator.lambda$next$4;org/weakref/nitro/operator/ProjectOperator.evaluateOutput;java/util/HashMap.computeIfAbsent;org/weakref/nitro/operator/ProjectOperator$$Lambda.0x00000000481ea4e8.apply;org/weakref/nitro/operator/ProjectOperator.lambda$evaluateOutput$0;org/weakref/nitro/operator/ProjectOperator.evaluateBundle;org/weakref/nitro/operator/evaluator/PlanEvaluator.evaluate;org/weakref/nitro/operator/evaluator/PlanEvaluator.evaluateUnmemoized;org/weakref/nitro/operator/evaluator/PlanEvaluator.evaluateVariable;org/weakref/nitro/operator/evaluator/PlanEvaluator.evaluateCall;org/weakref/nitro/operator/evaluator/PlanEvaluator.evaluateArgument;org/weakref/nitro/operator/evaluator/PlanEvaluator.evaluate;org/weakref/nitro/operator/evaluator/PlanEvaluator.evaluateUnmemoized;org/weakref/nitro/operator/evaluator/PlanEvaluator.evaluateVariable;org/weakref/nitro/operator/evaluator/PlanEvaluator.evaluateCall;org/weakref/nitro/operator/evaluator/PlanEvaluator.evaluateArgument;org/weakref/nitro/operator/evaluator/PlanEvaluator.evaluate;org/weakref/nitro/operator/evaluator/PlanEvaluator.evaluateUnmemoized;org/weakref/nitro/operator/evaluator/PlanEvaluator.evaluateInput;org/weakref/nitro/operator/ProjectOperator$$Lambda.0x00000000481c6c60.resolve;org/weakref/nitro/operator/ProjectOperator.resolveEvaluatorInput;org/weakref/nitro/operator/Output.borrowOrNull;org/weakref/nitro/operator/Output.borrow;org/weakref/nitro/operator/NitroParquetScanOperator$ScanOutputResolver$$Lambda.0x00000000480aba90.apply;org/weakref/nitro/operator/NitroParquetScanOperator$ScanOutputResolver.resolve;org/weakref/nitro/operator/NitroParquetScanOperator.resolveLazyColumn;org/weakref/nitro/operator/NitroParquetScanOperator.drainPendingAdvance;org/weakref/nitro/parquet/ColumnReader.skip;org/weakref/nitro/parquet/ColumnReader.peekNextDataPage;org/weakref/nitro/parquet/ColumnReader.decompress;io/airlift/compress/v3/snappy/SnappyNativeDecompressor.decompress;io/airlift/compress/v3/snappy/SnappyNative.decompress;io/airlift/compress/v3/snappy/SnappyNative.decompressInternal;java/lang/invoke/LambdaForm$MH.0x00000000481dc400.invokeExact_MT;java/lang/invoke/LambdaForm$MH.0x00000000481f4400.invoke;java/lang/invoke/LambdaForm$DMH.0x00000000480b1400.invokeStatic;jdk/internal/foreign/abi/DowncallStub.0x00000000480b1000.invoke;java/lang/invoke/LambdaForm$MH.0x00000000481dd000.invokeExact_MT;java/lang/invoke/LambdaForm$MH.0x00000000481f4800.invoke;nep_invoker_blob;snappy_uncompress;snappy::RawUncompress;snappy::RawUncompress;void snappy::SnappyDecompressor::DecompressAllTags<snappy::SnappyArrayWriter>;std::pair<unsigned char const*, long> snappy::DecompressBranchless<char*>;asm_exc_page_fault_[k];exc_page_fault_[k];do_user_addr_fault_[k];handle_mm_fault_[k];__handle_mm_fault_[k];handle_pte_fault_[k];do_fault_[k];do_read_fault_[k];filemap_map_pages_[k];set_pte_range_[k];folio_add_file_rmap_ptes_[k];__lruvec_stat_mod_folio_[k] 1
java/lang/Thread.run;java/lang/Thread.runWith;java/util/concurrent/ThreadPoolExecutor$Worker.run;java/util/concurrent/ThreadPoolExecutor.runWorker;java/util/concurrent/FutureTask.run;java/util/concurrent/Executors$RunnableAdapter.call;java/util/concurrent/FutureTask.run;org/openjdk/jmh/runner/BenchmarkHandler$BenchmarkTask.call;org/openjdk/jmh/runner/BenchmarkHandler$BenchmarkTask.call;java/lang/reflect/Method.invoke;jdk/internal/reflect/DirectMethodHandleAccessor.invoke;jdk/internal/reflect/DirectMethodHandleAccessor.invokeImpl;java/lang/invoke/LambdaForm$MH.0x0000000048061400.invokeExact_MT;java/lang/invoke/LambdaForm$MH.0x0000000048061000.invoke;java/lang/invoke/DirectMethodHandle$Holder.invokeSpecial;org/weakref/nitro/clickbench/jmh_generated/BenchmarkQueries_query43_jmhTest.query43_AverageTime;org/weakref/nitro/clickbench/jmh_generated/BenchmarkQueries_query43_jmhTest.query43_avgt_jmhStub;org/weakref/nitro/clickbench/BenchmarkQueries.query43;org/weakref/nitro/clickbench/BenchmarkQueries.consume;org/weakref/nitro/operator/OffsetOperator.hasNext;org/weakref/nitro/operator/OffsetOperator.skipFullyConsumedBatches;org/weakref/nitro/operator/TopNOperator.next;org/weakref/nitro/operator/TopNOperator.computeTopN;org/weakref/nitro/operator/GroupedAggregationOperator.next;org/weakref/nitro/operator/GroupedAggregationOperator.computeResults;org/weakref/nitro/operator/GroupOperator.next;org/weakref/nitro/operator/ProjectOperator.next;org/weakref/nitro/operator/FilterOperator.next;org/weakref/nitro/operator/evaluator/PlanEvaluator.resetForReuse;org/weakref/nitro/data/Allocator.releaseIfPresent;org/weakref/nitro/data/Allocator$ContextState.release 1
java/lang/Thread.run;java/lang/Thread.runWith;java/util/concurrent/ThreadPoolExecutor$Worker.run;java/util/concurrent/ThreadPoolExecutor.runWorker;java/util/concurrent/FutureTask.run;java/util/concurrent/Executors$RunnableAdapter.call;java/util/concurrent/FutureTask.run;org/openjdk/jmh/runner/BenchmarkHandler$BenchmarkTask.call;org/openjdk/jmh/runner/BenchmarkHandler$BenchmarkTask.call;java/lang/reflect/Method.invoke;jdk/internal/reflect/DirectMethodHandleAccessor.invoke;jdk/internal/reflect/DirectMethodHandleAccessor.invokeImpl;java/lang/invoke/LambdaForm$MH.0x0000000048061400.invokeExact_MT;java/lang/invoke/LambdaForm$MH.0x0000000048061000.invoke;java/lang/invoke/DirectMethodHandle$Holder.invokeSpecial;org/weakref/nitro/clickbench/jmh_generated/BenchmarkQueries_query43_jmhTest.query43_AverageTime;org/weakref/nitro/clickbench/jmh_generated/BenchmarkQueries_query43_jmhTest.query43_avgt_jmhStub;org/weakref/nitro/clickbench/BenchmarkQueries.query43;org/weakref/nitro/clickbench/ClickBenchHitsSupport.query43;org/weakref/nitro/clickbench/ClickBenchHitsSupport.clickBenchScan;org/weakref/nitro/operator/NitroParquetScanOperator.<init>;java/util/stream/ReferencePipeline.toArray;java/util/stream/AbstractPipeline.evaluateToArrayNode;java/util/stream/AbstractPipeline.evaluate;java/util/stream/AbstractPipeline.wrapAndCopyInto;java/util/stream/AbstractPipeline.copyInto;java/util/AbstractList$RandomAccessSpliterator.forEachRemaining;java/util/stream/ReferencePipeline$3$1.accept;org/weakref/nitro/operator/NitroParquetScanOperator$$Lambda.0x00000000480864e8.apply;org/weakref/nitro/parquet/ParquetFile.open;org/weakref/nitro/parquet/ParquetFile.<init>;org/apache/parquet/format/Util.readFileMetaData;org/apache/parquet/format/Util.readFileMetaData;org/apache/parquet/format/Util.read;org/apache/parquet/format/FileMetaData.read;org/apache/parquet/format/FileMetaData$FileMetaDataStandardScheme.read;org/apache/parquet/format/FileMetaData$FileMetaDataStandardScheme.read;org/apache/parquet/format/RowGroup.read;org/apache/parquet/format/RowGroup$RowGroupStandardScheme.read;org/apache/parquet/format/RowGroup$RowGroupStandardScheme.read;org/apache/parquet/format/ColumnChunk.read;org/apache/parquet/format/ColumnChunk$ColumnChunkStandardScheme.read;org/apache/parquet/format/ColumnChunk$ColumnChunkStandardScheme.read;org/apache/parquet/format/ColumnMetaData.read;org/apache/parquet/format/ColumnMetaData$ColumnMetaDataStandardScheme.read;org/apache/parquet/format/ColumnMetaData$ColumnMetaDataStandardScheme.read;org/apache/parquet/format/InterningProtocol.readFieldBegin;shaded/parquet/org/apache/thrift/protocol/TCompactProtocol.readFieldBegin;shaded/parquet/org/apache/thrift/protocol/TCompactProtocol.readByte;shaded/parquet/org/apache/thrift/transport/TTransport.readAll;shaded/parquet/org/apache/thrift/transport/TIOStreamTransport.read;org/weakref/nitro/parquet/ParquetFile$SegmentInputStream.read 1
java/lang/Thread.run;java/lang/Thread.runWith;java/util/concurrent/ThreadPoolExecutor$Worker.run;java/util/concurrent/ThreadPoolExecutor.runWorker;java/util/concurrent/FutureTask.run;java/util/concurrent/Executors$RunnableAdapter.call;java/util/concurrent/FutureTask.run;org/openjdk/jmh/runner/BenchmarkHandler$BenchmarkTask.call;org/openjdk/jmh/runner/BenchmarkHandler$BenchmarkTask.call;java/lang/reflect/Method.invoke;jdk/internal/reflect/DirectMethodHandleAccessor.invoke;jdk/internal/reflect/DirectMethodHandleAccessor.invokeImpl;java/lang/invoke/LambdaForm$MH.0x0000000048061400.invokeExact_MT;java/lang/invoke/LambdaForm$MH.0x0000000048061000.invoke;java/lang/invoke/DirectMethodHandle$Holder.invokeSpecial;org/weakref/nitro/clickbench/jmh_generated/BenchmarkQueries_query43_jmhTest.query43_AverageTime;org/weakref/nitro/clickbench/jmh_generated/BenchmarkQueries_query43_jmhTest.query43_avgt_jmhStub;org/weakref/nitro/clickbench/BenchmarkQueries.query43;org/weakref/nitro/clickbench/ClickBenchHitsSupport.query43;org/weakref/nitro/clickbench/ClickBenchHitsSupport.clickBenchScan;org/weakref/nitro/operator/NitroParquetScanOperator.<init>;java/util/stream/ReferencePipeline.toArray;java/util/stream/AbstractPipeline.evaluateToArrayNode;java/util/stream/AbstractPipeline.evaluate;java/util/stream/AbstractPipeline.wrapAndCopyInto;java/util/stream/AbstractPipeline.copyInto;java/util/AbstractList$RandomAccessSpliterator.forEachRemaining;java/util/stream/ReferencePipeline$3$1.accept;org/weakref/nitro/operator/NitroParquetScanOperator$$Lambda.0x00000000480864e8.apply;org/weakref/nitro/parquet/ParquetFile.open;org/weakref/nitro/parquet/ParquetFile.<init>;org/apache/parquet/format/Util.readFileMetaData;org/apache/parquet/format/Util.readFileMetaData;org/apache/parquet/format/Util.read;org/apache/parquet/format/FileMetaData.read;org/apache/parquet/format/FileMetaData$FileMetaDataStandardScheme.read;org/apache/parquet/format/FileMetaData$FileMetaDataStandardScheme.read;org/apache/parquet/format/RowGroup.read;org/apache/parquet/format/RowGroup$RowGroupStandardScheme.read;org/apache/parquet/format/RowGroup$RowGroupStandardScheme.read;org/apache/parquet/format/ColumnChunk.read;org/apache/parquet/format/ColumnChunk$ColumnChunkStandardScheme.read;org/apache/parquet/format/ColumnChunk$ColumnChunkStandardScheme.read;org/apache/parquet/format/ColumnMetaData.read;org/apache/parquet/format/ColumnMetaData$ColumnMetaDataStandardScheme.read;org/apache/parquet/format/ColumnMetaData$ColumnMetaDataStandardScheme.read;org/apache/parquet/format/Statistics.read;org/apache/parquet/format/Statistics$StatisticsStandardScheme.read;org/apache/parquet/format/Statistics$StatisticsStandardScheme.read;org/apache/parquet/format/InterningProtocol.readBinary;shaded/parquet/org/apache/thrift/protocol/TCompactProtocol.readBinary 1
java/lang/Thread.run;java/lang/Thread.runWith;java/util/concurrent/ThreadPoolExecutor$Worker.run;java/util/concurrent/ThreadPoolExecutor.runWorker;java/util/concurrent/FutureTask.run;java/util/concurrent/Executors$RunnableAdapter.call;java/util/concurrent/FutureTask.run;org/openjdk/jmh/runner/BenchmarkHandler$BenchmarkTask.call;org/openjdk/jmh/runner/BenchmarkHandler$BenchmarkTask.call;java/lang/reflect/Method.invoke;jdk/internal/reflect/DirectMethodHandleAccessor.invoke;jdk/internal/reflect/DirectMethodHandleAccessor.invokeImpl;java/lang/invoke/LambdaForm$MH.0x0000000048061400.invokeExact_MT;java/lang/invoke/LambdaForm$MH.0x0000000048061000.invoke;java/lang/invoke/DirectMethodHandle$Holder.invokeSpecial;org/weakref/nitro/clickbench/jmh_generated/BenchmarkQueries_query43_jmhTest.query43_AverageTime;org/weakref/nitro/clickbench/jmh_generated/BenchmarkQueries_query43_jmhTest.query43_avgt_jmhStub;org/weakref/nitro/clickbench/BenchmarkQueries.query43;org/weakref/nitro/clickbench/BenchmarkQueries.consume;org/weakref/nitro/operator/OffsetOperator.hasNext;org/weakref/nitro/operator/OffsetOperator.skipFullyConsumedBatches;org/weakref/nitro/operator/TopNOperator.next;org/weakref/nitro/operator/TopNOperator.computeTopN;org/weakref/nitro/operator/GroupedAggregationOperator.next;org/weakref/nitro/operator/GroupedAggregationOperator.computeResults;org/weakref/nitro/operator/Output.borrow;org/weakref/nitro/operator/GroupOperator$$Lambda.0x00000000481e38d0.apply;org/weakref/nitro/operator/GroupOperator.lambda$next$0;org/weakref/nitro/operator/GroupOperator.groupIds;org/weakref/nitro/operator/GroupOperator.doGroupingIfNeeded;org/weakref/nitro/operator/Output.borrow;org/weakref/nitro/operator/ProjectOperator$$Lambda.0x00000000481e76d8.apply;org/weakref/nitro/operator/ProjectOperator.lambda$next$4;org/weakref/nitro/operator/ProjectOperator.evaluateOutput;java/util/HashMap.computeIfAbsent;org/weakref/nitro/operator/ProjectOperator$$Lambda.0x00000000481ea4e8.apply;org/weakref/nitro/operator/ProjectOperator.lambda$evaluateOutput$0;org/weakref/nitro/operator/ProjectOperator.evaluateBundle;org/weakref/nitro/operator/evaluator/PlanEvaluator.evaluate;org/weakref/nitro/operator/evaluator/PlanEvaluator.evaluateUnmemoized;org/weakref/nitro/operator/evaluator/PlanEvaluator.evaluateVariable;org/weakref/nitro/operator/evaluator/PlanEvaluator.evaluateCall;org/weakref/nitro/operator/evaluator/PlanEvaluator.evaluateArgument;org/weakref/nitro/operator/evaluator/PlanEvaluator.evaluate;org/weakref/nitro/operator/evaluator/PlanEvaluator.evaluateUnmemoized;org/weakref/nitro/operator/evaluator/PlanEvaluator.evaluateVariable;org/weakref/nitro/operator/evaluator/PlanEvaluator.evaluateCall;org/weakref/nitro/operator/evaluator/PlanEvaluator.evaluateArgument;org/weakref/nitro/operator/evaluator/PlanEvaluator.evaluate;org/weakref/nitro/operator/evaluator/PlanEvaluator.evaluateUnmemoized;org/weakref/nitro/operator/evaluator/PlanEvaluator.evaluateInput;org/weakref/nitro/operator/ProjectOperator$$Lambda.0x00000000481c6c60.resolve;org/weakref/nitro/operator/ProjectOperator.resolveEvaluatorInput;org/weakref/nitro/operator/Output.borrowOrNull;org/weakref/nitro/operator/Output.borrow;org/weakref/nitro/operator/NitroParquetScanOperator$ScanOutputResolver$$Lambda.0x00000000480aba90.apply;org/weakref/nitro/operator/NitroParquetScanOperator$ScanOutputResolver.resolve;org/weakref/nitro/operator/NitroParquetScanOperator.resolveLazyColumn;org/weakref/nitro/operator/NitroParquetScanOperator.drainPendingAdvance;org/weakref/nitro/parquet/ColumnReader.skip;org/weakref/nitro/parquet/ColumnReader.peekNextDataPage;org/weakref/nitro/parquet/ColumnReader.decompress;io/airlift/compress/v3/snappy/SnappyNativeDecompressor.decompress;io/airlift/compress/v3/snappy/SnappyNative.decompress;io/airlift/compress/v3/snappy/SnappyNative.decompressInternal;java/lang/invoke/LambdaForm$MH.0x00000000481dc400.invokeExact_MT;java/lang/invoke/LambdaForm$MH.0x00000000481f4400.invoke;java/lang/invoke/LambdaForm$DMH.0x00000000480b1400.invokeStatic;jdk/internal/foreign/abi/DowncallStub.0x00000000480b1000.invoke;java/lang/invoke/LambdaForm$MH.0x00000000481dd000.invokeExact_MT;java/lang/invoke/LambdaForm$MH.0x00000000481f4800.invoke;nep_invoker_blob;snappy_uncompress;snappy::RawUncompress;snappy::RawUncompress;void snappy::SnappyDecompressor::DecompressAllTags<snappy::SnappyArrayWriter>;std::pair<unsigned char const*, long> snappy::DecompressBranchless<char*> 1
java/lang/Thread.run;java/lang/Thread.runWith;java/util/concurrent/ThreadPoolExecutor$Worker.run;java/util/concurrent/ThreadPoolExecutor.runWorker;java/util/concurrent/FutureTask.run;java/util/concurrent/Executors$RunnableAdapter.call;java/util/concurrent/FutureTask.run;org/openjdk/jmh/runner/BenchmarkHandler$BenchmarkTask.call;org/openjdk/jmh/runner/BenchmarkHandler$BenchmarkTask.call;java/lang/reflect/Method.invoke;jdk/internal/reflect/DirectMethodHandleAccessor.invoke;jdk/internal/reflect/DirectMethodHandleAccessor.invokeImpl;java/lang/invoke/LambdaForm$MH.0x0000000048061400.invokeExact_MT;java/lang/invoke/LambdaForm$MH.0x0000000048061000.invoke;java/lang/invoke/DirectMethodHandle$Holder.invokeSpecial;org/weakref/nitro/clickbench/jmh_generated/BenchmarkQueries_query43_jmhTest.query43_AverageTime;org/weakref/nitro/clickbench/jmh_generated/BenchmarkQueries_query43_jmhTest.query43_avgt_jmhStub;org/weakref/nitro/clickbench/BenchmarkQueries.query43;org/weakref/nitro/clickbench/BenchmarkQueries.consume;org/weakref/nitro/operator/OffsetOperator.hasNext;org/weakref/nitro/operator/OffsetOperator.skipFullyConsumedBatches;org/weakref/nitro/operator/TopNOperator.next;org/weakref/nitro/operator/TopNOperator.computeTopN;org/weakref/nitro/operator/GroupedAggregationOperator.next;org/weakref/nitro/operator/GroupedAggregationOperator.computeResults;org/weakref/nitro/operator/GroupOperator.next;org/weakref/nitro/operator/ProjectOperator.next;org/weakref/nitro/operator/FilterOperator.next;org/weakref/nitro/operator/Batch.constrain;org/weakref/nitro/operator/Batch.validateOutputsCanBeInvalidated 1
java/lang/Thread.run;java/lang/Thread.runWith;java/util/concurrent/ThreadPoolExecutor$Worker.run;java/util/concurrent/ThreadPoolExecutor.runWorker;java/util/concurrent/FutureTask.run;java/util/concurrent/Executors$RunnableAdapter.call;java/util/concurrent/FutureTask.run;org/openjdk/jmh/runner/BenchmarkHandler$BenchmarkTask.call;org/openjdk/jmh/runner/BenchmarkHandler$BenchmarkTask.call;java/lang/reflect/Method.invoke;jdk/internal/reflect/DirectMethodHandleAccessor.invoke;jdk/internal/reflect/DirectMethodHandleAccessor.invokeImpl;java/lang/invoke/LambdaForm$MH.0x0000000048061400.invokeExact_MT;java/lang/invoke/LambdaForm$MH.0x0000000048061000.invoke;java/lang/invoke/DirectMethodHandle$Holder.invokeSpecial;org/weakref/nitro/clickbench/jmh_generated/BenchmarkQueries_query43_jmhTest.query43_AverageTime;org/weakref/nitro/clickbench/jmh_generated/BenchmarkQueries_query43_jmhTest.query43_avgt_jmhStub;org/weakref/nitro/clickbench/BenchmarkQueries.query43;org/weakref/nitro/clickbench/BenchmarkQueries.consume;org/weakref/nitro/operator/OffsetOperator.hasNext;org/weakref/nitro/operator/OffsetOperator.skipFullyConsumedBatches;org/weakref/nitro/operator/TopNOperator.next;org/weakref/nitro/operator/TopNOperator.computeTopN;org/weakref/nitro/operator/GroupedAggregationOperator.next;org/weakref/nitro/operator/GroupedAggregationOperator.computeResults;org/weakref/nitro/operator/Output.borrow;org/weakref/nitro/operator/GroupOperator$$Lambda.0x00000000481e38d0.apply;org/weakref/nitro/operator/GroupOperator.lambda$next$0;org/weakref/nitro/operator/GroupOperator.groupIds;org/weakref/nitro/operator/GroupOperator.doGroupingIfNeeded;org/weakref/nitro/operator/Output.borrow;org/weakref/nitro/operator/ProjectOperator$$Lambda.0x00000000481e76d8.apply;org/weakref/nitro/operator/ProjectOperator.lambda$next$4;org/weakref/nitro/operator/ProjectOperator.evaluateOutput;java/util/HashMap.computeIfAbsent;org/weakref/nitro/operator/ProjectOperator$$Lambda.0x00000000481ea4e8.apply;org/weakref/nitro/operator/ProjectOperator.lambda$evaluateOutput$0;org/weakref/nitro/operator/ProjectOperator.evaluateBundle;org/weakref/nitro/operator/evaluator/PlanEvaluator.evaluate;org/weakref/nitro/operator/evaluator/PlanEvaluator.evaluateUnmemoized;org/weakref/nitro/operator/evaluator/PlanEvaluator.evaluateVariable;org/weakref/nitro/operator/evaluator/PlanEvaluator.evaluateCall;org/weakref/nitro/operator/evaluator/PlanEvaluator.evaluateArgument;org/weakref/nitro/operator/evaluator/PlanEvaluator.evaluate;org/weakref/nitro/operator/evaluator/PlanEvaluator.evaluateUnmemoized;org/weakref/nitro/operator/evaluator/PlanEvaluator.evaluateVariable;org/weakref/nitro/operator/evaluator/PlanEvaluator.evaluateCall;org/weakref/nitro/function/scalar/builtin/DivideI64.apply;org/weakref/nitro/function/scalar/builtin/I64BinaryDispatch.applyLong;org/weakref/nitro/function/scalar/builtin/I64BinaryDispatch.forEachPair;org/weakref/nitro/function/scalar/builtin/I64BinaryDispatch.forEachFlatRle 1
java/lang/Thread.run;java/lang/Thread.runWith;java/util/concurrent/ThreadPoolExecutor$Worker.run;java/util/concurrent/ThreadPoolExecutor.runWorker;java/util/concurrent/FutureTask.run;java/util/concurrent/Executors$RunnableAdapter.call;java/util/concurrent/FutureTask.run;org/openjdk/jmh/runner/BenchmarkHandler$BenchmarkTask.call;org/openjdk/jmh/runner/BenchmarkHandler$BenchmarkTask.call;java/lang/reflect/Method.invoke;jdk/internal/reflect/DirectMethodHandleAccessor.invoke;jdk/internal/reflect/DirectMethodHandleAccessor.invokeImpl;java/lang/invoke/LambdaForm$MH.0x0000000048061400.invokeExact_MT;java/lang/invoke/LambdaForm$MH.0x0000000048061000.invoke;java/lang/invoke/DirectMethodHandle$Holder.invokeSpecial;org/weakref/nitro/clickbench/jmh_generated/BenchmarkQueries_query43_jmhTest.query43_AverageTime;org/weakref/nitro/clickbench/jmh_generated/BenchmarkQueries_query43_jmhTest.query43_avgt_jmhStub;org/weakref/nitro/clickbench/BenchmarkQueries.query43;org/weakref/nitro/clickbench/ClickBenchHitsSupport.query43;org/weakref/nitro/clickbench/ClickBenchHitsSupport.clickBenchScan;org/weakref/nitro/operator/NitroParquetScanOperator.<init>;java/util/stream/ReferencePipeline.toArray;java/util/stream/AbstractPipeline.evaluateToArrayNode;java/util/stream/AbstractPipeline.evaluate;java/util/stream/AbstractPipeline.wrapAndCopyInto;java/util/stream/AbstractPipeline.copyInto;java/util/AbstractList$RandomAccessSpliterator.forEachRemaining;java/util/stream/ReferencePipeline$3$1.accept;org/weakref/nitro/operator/NitroParquetScanOperator$$Lambda.0x00000000480864e8.apply;org/weakref/nitro/parquet/ParquetFile.open;org/weakref/nitro/parquet/ParquetFile.<init>;org/apache/parquet/format/Util.readFileMetaData;org/apache/parquet/format/Util.readFileMetaData;org/apache/parquet/format/Util.read;org/apache/parquet/format/FileMetaData.read;org/apache/parquet/format/FileMetaData$FileMetaDataStandardScheme.read;org/apache/parquet/format/FileMetaData$FileMetaDataStandardScheme.read;org/apache/parquet/format/RowGroup.read;org/apache/parquet/format/RowGroup$RowGroupStandardScheme.read;org/apache/parquet/format/RowGroup$RowGroupStandardScheme.read;org/apache/parquet/format/ColumnChunk.read;org/apache/parquet/format/ColumnChunk$ColumnChunkStandardScheme.read;org/apache/parquet/format/ColumnChunk$ColumnChunkStandardScheme.read;org/apache/parquet/format/ColumnMetaData.read;org/apache/parquet/format/ColumnMetaData$ColumnMetaDataStandardScheme.read;org/apache/parquet/format/ColumnMetaData$ColumnMetaDataStandardScheme.read;org/apache/parquet/format/InterningProtocol.readListEnd 1
java/lang/Thread.run;java/lang/Thread.runWith;java/util/concurrent/ThreadPoolExecutor$Worker.run;java/util/concurrent/ThreadPoolExecutor.runWorker;java/util/concurrent/FutureTask.run;java/util/concurrent/Executors$RunnableAdapter.call;java/util/concurrent/FutureTask.run;org/openjdk/jmh/runner/BenchmarkHandler$BenchmarkTask.call;org/openjdk/jmh/runner/BenchmarkHandler$BenchmarkTask.call;java/lang/reflect/Method.invoke;jdk/internal/reflect/DirectMethodHandleAccessor.invoke;jdk/internal/reflect/DirectMethodHandleAccessor.invokeImpl;java/lang/invoke/LambdaForm$MH.0x0000000048061400.invokeExact_MT;java/lang/invoke/LambdaForm$MH.0x0000000048061000.invoke;java/lang/invoke/DirectMethodHandle$Holder.invokeSpecial;org/weakref/nitro/clickbench/jmh_generated/BenchmarkQueries_query43_jmhTest.query43_AverageTime;org/weakref/nitro/clickbench/jmh_generated/BenchmarkQueries_query43_jmhTest.query43_avgt_jmhStub;org/weakref/nitro/clickbench/BenchmarkQueries.query43;org/weakref/nitro/clickbench/ClickBenchHitsSupport.query43;org/weakref/nitro/clickbench/ClickBenchHitsSupport.clickBenchScan;org/weakref/nitro/operator/NitroParquetScanOperator.<init>;java/util/stream/ReferencePipeline.toArray;java/util/stream/AbstractPipeline.evaluateToArrayNode;java/util/stream/AbstractPipeline.evaluate;java/util/stream/AbstractPipeline.wrapAndCopyInto;java/util/stream/AbstractPipeline.copyInto;java/util/AbstractList$RandomAccessSpliterator.forEachRemaining;java/util/stream/ReferencePipeline$3$1.accept;org/weakref/nitro/operator/NitroParquetScanOperator$$Lambda.0x00000000480864e8.apply;org/weakref/nitro/parquet/ParquetFile.open;org/weakref/nitro/parquet/ParquetFile.<init>;org/apache/parquet/format/Util.readFileMetaData;org/apache/parquet/format/Util.readFileMetaData;org/apache/parquet/format/Util.read;org/apache/parquet/format/FileMetaData.read;org/apache/parquet/format/FileMetaData$FileMetaDataStandardScheme.read;org/apache/parquet/format/FileMetaData$FileMetaDataStandardScheme.read;org/apache/parquet/format/RowGroup.read;org/apache/parquet/format/RowGroup$RowGroupStandardScheme.read;org/apache/parquet/format/RowGroup$RowGroupStandardScheme.read;org/apache/parquet/format/ColumnChunk.read;org/apache/parquet/format/ColumnChunk$ColumnChunkStandardScheme.read;org/apache/parquet/format/ColumnChunk$ColumnChunkStandardScheme.read;org/apache/parquet/format/ColumnMetaData.read;org/apache/parquet/format/ColumnMetaData$ColumnMetaDataStandardScheme.read;org/apache/parquet/format/ColumnMetaData$ColumnMetaDataStandardScheme.read;org/apache/parquet/format/InterningProtocol.readI64;shaded/parquet/org/apache/thrift/protocol/TCompactProtocol.readI64;shaded/parquet/org/apache/thrift/protocol/TCompactProtocol.readVarint64;shaded/parquet/org/apache/thrift/protocol/TCompactProtocol.readByte;shaded/parquet/org/apache/thrift/transport/TTransport.readAll;shaded/parquet/org/apache/thrift/transport/TIOStreamTransport.read;org/weakref/nitro/parquet/ParquetFile$SegmentInputStream.read;java/lang/foreign/MemorySegment.copy;jdk/internal/foreign/AbstractMemorySegmentImpl.copy;jdk/internal/misc/ScopedMemoryAccess.copyMemory;jdk/internal/misc/ScopedMemoryAccess.copyMemoryInternal;jdk/internal/misc/Unsafe.copyMemory;jdk/internal/misc/Unsafe.copyMemoryChecks;jdk/internal/misc/Unsafe.checkPrimitivePointer;jdk/internal/misc/Unsafe.checkPointer;jdk/internal/misc/Unsafe.checkOffset 1
java/lang/Thread.run;java/lang/Thread.runWith;java/util/concurrent/ThreadPoolExecutor$Worker.run;java/util/concurrent/ThreadPoolExecutor.runWorker;java/util/concurrent/FutureTask.run;java/util/concurrent/Executors$RunnableAdapter.call;java/util/concurrent/FutureTask.run;org/openjdk/jmh/runner/BenchmarkHandler$BenchmarkTask.call;org/openjdk/jmh/runner/BenchmarkHandler$BenchmarkTask.call;java/lang/reflect/Method.invoke;jdk/internal/reflect/DirectMethodHandleAccessor.invoke;jdk/internal/reflect/DirectMethodHandleAccessor.invokeImpl;java/lang/invoke/LambdaForm$MH.0x0000000048061400.invokeExact_MT;java/lang/invoke/LambdaForm$MH.0x0000000048061000.invoke;java/lang/invoke/DirectMethodHandle$Holder.invokeSpecial;org/weakref/nitro/clickbench/jmh_generated/BenchmarkQueries_query43_jmhTest.query43_AverageTime;org/weakref/nitro/clickbench/jmh_generated/BenchmarkQueries_query43_jmhTest.query43_avgt_jmhStub;org/weakref/nitro/clickbench/BenchmarkQueries.query43;org/weakref/nitro/clickbench/BenchmarkQueries.consume;org/weakref/nitro/operator/OffsetOperator.hasNext;org/weakref/nitro/operator/OffsetOperator.skipFullyConsumedBatches;org/weakref/nitro/operator/TopNOperator.next;org/weakref/nitro/operator/TopNOperator.computeTopN;org/weakref/nitro/operator/GroupedAggregationOperator.next;org/weakref/nitro/operator/GroupedAggregationOperator.computeResults;org/weakref/nitro/operator/Output.borrow;org/weakref/nitro/operator/GroupOperator$$Lambda.0x00000000481e38d0.apply;org/weakref/nitro/operator/GroupOperator.lambda$next$0;org/weakref/nitro/operator/GroupOperator.groupIds;org/weakref/nitro/operator/GroupOperator.doGroupingIfNeeded;org/weakref/nitro/operator/Output.borrow;org/weakref/nitro/operator/ProjectOperator$$Lambda.0x00000000481e76d8.apply;org/weakref/nitro/operator/ProjectOperator.lambda$next$4;org/weakref/nitro/operator/ProjectOperator.evaluateOutput;java/util/HashMap.computeIfAbsent;org/weakref/nitro/operator/ProjectOperator$$Lambda.0x00000000481ea4e8.apply;org/weakref/nitro/operator/ProjectOperator.lambda$evaluateOutput$0;org/weakref/nitro/operator/ProjectOperator.evaluateBundle;org/weakref/nitro/operator/evaluator/PlanEvaluator.evaluate;org/weakref/nitro/operator/evaluator/PlanEvaluator.evaluateUnmemoized;org/weakref/nitro/operator/evaluator/PlanEvaluator.evaluateVariable;org/weakref/nitro/operator/evaluator/PlanEvaluator.evaluateCall;org/weakref/nitro/operator/evaluator/PlanEvaluator.evaluateArgument;org/weakref/nitro/operator/evaluator/PlanEvaluator.evaluate;org/weakref/nitro/operator/evaluator/PlanEvaluator.evaluateUnmemoized;org/weakref/nitro/operator/evaluator/PlanEvaluator.evaluateVariable;org/weakref/nitro/operator/evaluator/PlanEvaluator.evaluateCall;org/weakref/nitro/function/scalar/builtin/DivideI64.apply;org/weakref/nitro/function/scalar/builtin/I64BinaryDispatch.applyLong;org/weakref/nitro/function/scalar/builtin/I64BinaryDispatch.forEachPair;org/weakref/nitro/function/scalar/builtin/I64BinaryDispatch.forEachFlatRle;org/weakref/nitro/data/Mask$1.next;org/weakref/nitro/data/Mask$1.next 1
java/lang/Thread.run;java/lang/Thread.runWith;java/util/concurrent/ThreadPoolExecutor$Worker.run;java/util/concurrent/ThreadPoolExecutor.runWorker;java/util/concurrent/FutureTask.run;java/util/concurrent/Executors$RunnableAdapter.call;java/util/concurrent/FutureTask.run;org/openjdk/jmh/runner/BenchmarkHandler$BenchmarkTask.call;org/openjdk/jmh/runner/BenchmarkHandler$BenchmarkTask.call;java/lang/reflect/Method.invoke;jdk/internal/reflect/DirectMethodHandleAccessor.invoke;jdk/internal/reflect/DirectMethodHandleAccessor.invokeImpl;java/lang/invoke/LambdaForm$MH.0x0000000048061400.invokeExact_MT;java/lang/invoke/LambdaForm$MH.0x0000000048061000.invoke;java/lang/invoke/DirectMethodHandle$Holder.invokeSpecial;org/weakref/nitro/clickbench/jmh_generated/BenchmarkQueries_query43_jmhTest.query43_AverageTime;org/weakref/nitro/clickbench/jmh_generated/BenchmarkQueries_query43_jmhTest.query43_avgt_jmhStub;org/weakref/nitro/clickbench/BenchmarkQueries.query43;org/weakref/nitro/clickbench/ClickBenchHitsSupport.query43;org/weakref/nitro/clickbench/ClickBenchHitsSupport.clickBenchScan;org/weakref/nitro/operator/NitroParquetScanOperator.<init>;java/util/stream/ReferencePipeline.toArray;java/util/stream/AbstractPipeline.evaluateToArrayNode;java/util/stream/AbstractPipeline.evaluate;java/util/stream/AbstractPipeline.wrapAndCopyInto;java/util/stream/AbstractPipeline.copyInto;java/util/AbstractList$RandomAccessSpliterator.forEachRemaining;java/util/stream/ReferencePipeline$3$1.accept;org/weakref/nitro/operator/NitroParquetScanOperator$$Lambda.0x00000000480864e8.apply;org/weakref/nitro/parquet/ParquetFile.open;org/weakref/nitro/parquet/ParquetFile.<init>;org/apache/parquet/format/Util.readFileMetaData;org/apache/parquet/format/Util.readFileMetaData;org/apache/parquet/format/Util.read;org/apache/parquet/format/FileMetaData.read;org/apache/parquet/format/FileMetaData$FileMetaDataStandardScheme.read;org/apache/parquet/format/FileMetaData$FileMetaDataStandardScheme.read;org/apache/parquet/format/RowGroup.read;org/apache/parquet/format/RowGroup$RowGroupStandardScheme.read;org/apache/parquet/format/RowGroup$RowGroupStandardScheme.read;org/apache/parquet/format/ColumnChunk.read;org/apache/parquet/format/ColumnChunk$ColumnChunkStandardScheme.read;org/apache/parquet/format/ColumnChunk$ColumnChunkStandardScheme.read;org/apache/parquet/format/ColumnMetaData.read;org/apache/parquet/format/ColumnMetaData$ColumnMetaDataStandardScheme.read;org/apache/parquet/format/ColumnMetaData$ColumnMetaDataStandardScheme.read;org/apache/parquet/format/InterningProtocol.readI64;shaded/parquet/org/apache/thrift/protocol/TCompactProtocol.readI64;shaded/parquet/org/apache/thrift/protocol/TCompactProtocol.readVarint64;shaded/parquet/org/apache/thrift/protocol/TCompactProtocol.readByte;shaded/parquet/org/apache/thrift/transport/TTransport.readAll;shaded/parquet/org/apache/thrift/transport/TIOStreamTransport.read;org/weakref/nitro/parquet/ParquetFile$SegmentInputStream.read;java/lang/foreign/MemorySegment.copy;jdk/internal/foreign/AbstractMemorySegmentImpl.copy;java/util/Objects.checkFromIndexSize;jdk/internal/util/Preconditions.checkFromIndexSize 1
java/lang/Thread.run;java/lang/Thread.runWith;java/util/concurrent/ThreadPoolExecutor$Worker.run;java/util/concurrent/ThreadPoolExecutor.runWorker;java/util/concurrent/FutureTask.run;java/util/concurrent/Executors$RunnableAdapter.call;java/util/concurrent/FutureTask.run;org/openjdk/jmh/runner/BenchmarkHandler$BenchmarkTask.call;org/openjdk/jmh/runner/BenchmarkHandler$BenchmarkTask.call;java/lang/reflect/Method.invoke;jdk/internal/reflect/DirectMethodHandleAccessor.invoke;jdk/internal/reflect/DirectMethodHandleAccessor.invokeImpl;java/lang/invoke/LambdaForm$MH.0x0000000048061400.invokeExact_MT;java/lang/invoke/LambdaForm$MH.0x0000000048061000.invoke;java/lang/invoke/DirectMethodHandle$Holder.invokeSpecial;org/weakref/nitro/clickbench/jmh_generated/BenchmarkQueries_query43_jmhTest.query43_AverageTime;org/weakref/nitro/clickbench/jmh_generated/BenchmarkQueries_query43_jmhTest.query43_avgt_jmhStub;org/weakref/nitro/clickbench/BenchmarkQueries.query43;org/weakref/nitro/clickbench/ClickBenchHitsSupport.query43;org/weakref/nitro/clickbench/ClickBenchHitsSupport.clickBenchScan;org/weakref/nitro/operator/NitroParquetScanOperator.<init>;java/util/stream/ReferencePipeline.toArray;java/util/stream/AbstractPipeline.evaluateToArrayNode;java/util/stream/AbstractPipeline.evaluate;java/util/stream/AbstractPipeline.wrapAndCopyInto;java/util/stream/AbstractPipeline.copyInto;java/util/AbstractList$RandomAccessSpliterator.forEachRemaining;java/util/stream/ReferencePipeline$3$1.accept;org/weakref/nitro/operator/NitroParquetScanOperator$$Lambda.0x00000000480864e8.apply;org/weakref/nitro/parquet/ParquetFile.open;org/weakref/nitro/parquet/ParquetFile.<init>;org/apache/parquet/format/Util.readFileMetaData;org/apache/parquet/format/Util.readFileMetaData;org/apache/parquet/format/Util.read;org/apache/parquet/format/FileMetaData.read;org/apache/parquet/format/FileMetaData$FileMetaDataStandardScheme.read;org/apache/parquet/format/FileMetaData$FileMetaDataStandardScheme.read;org/apache/parquet/format/RowGroup.read;org/apache/parquet/format/RowGroup$RowGroupStandardScheme.read;org/apache/parquet/format/RowGroup$RowGroupStandardScheme.read;org/apache/parquet/format/ColumnChunk.read;org/apache/parquet/format/ColumnChunk$ColumnChunkStandardScheme.read;org/apache/parquet/format/ColumnChunk$ColumnChunkStandardScheme.read;org/apache/parquet/format/ColumnMetaData.read;org/apache/parquet/format/ColumnMetaData$ColumnMetaDataStandardScheme.read;org/apache/parquet/format/ColumnMetaData$ColumnMetaDataStandardScheme.read;org/apache/parquet/format/InterningProtocol.readFieldBegin;shaded/parquet/org/apache/thrift/protocol/TCompactProtocol.readFieldBegin;shaded/parquet/org/apache/thrift/protocol/TCompactProtocol.readByte;shaded/parquet/org/apache/thrift/transport/TTransport.readAll;shaded/parquet/org/apache/thrift/transport/TIOStreamTransport.read;org/weakref/nitro/parquet/ParquetFile$SegmentInputStream.read;java/lang/foreign/MemorySegment.copy;jdk/internal/foreign/AbstractMemorySegmentImpl.copy 2
java/lang/Thread.run;java/lang/Thread.runWith;java/util/concurrent/ThreadPoolExecutor$Worker.run;java/util/concurrent/ThreadPoolExecutor.runWorker;java/util/concurrent/FutureTask.run;java/util/concurrent/Executors$RunnableAdapter.call;java/util/concurrent/FutureTask.run;org/openjdk/jmh/runner/BenchmarkHandler$BenchmarkTask.call;org/openjdk/jmh/runner/BenchmarkHandler$BenchmarkTask.call;java/lang/reflect/Method.invoke;jdk/internal/reflect/DirectMethodHandleAccessor.invoke;jdk/internal/reflect/DirectMethodHandleAccessor.invokeImpl;java/lang/invoke/LambdaForm$MH.0x0000000048061400.invokeExact_MT;java/lang/invoke/LambdaForm$MH.0x0000000048061000.invoke;java/lang/invoke/DirectMethodHandle$Holder.invokeSpecial;org/weakref/nitro/clickbench/jmh_generated/BenchmarkQueries_query43_jmhTest.query43_AverageTime;org/weakref/nitro/clickbench/jmh_generated/BenchmarkQueries_query43_jmhTest.query43_avgt_jmhStub;org/weakref/nitro/clickbench/BenchmarkQueries.query43;org/weakref/nitro/clickbench/ClickBenchHitsSupport.query43;org/weakref/nitro/clickbench/ClickBenchHitsSupport.clickBenchScan;org/weakref/nitro/operator/NitroParquetScanOperator.<init>;java/util/stream/ReferencePipeline.toArray;java/util/stream/AbstractPipeline.evaluateToArrayNode;java/util/stream/AbstractPipeline.evaluate;java/util/stream/AbstractPipeline.wrapAndCopyInto;java/util/stream/AbstractPipeline.copyInto;java/util/AbstractList$RandomAccessSpliterator.forEachRemaining;java/util/stream/ReferencePipeline$3$1.accept;org/weakref/nitro/operator/NitroParquetScanOperator$$Lambda.0x00000000480864e8.apply;org/weakref/nitro/parquet/ParquetFile.open;org/weakref/nitro/parquet/ParquetFile.<init>;org/apache/parquet/format/Util.readFileMetaData;org/apache/parquet/format/Util.readFileMetaData;org/apache/parquet/format/Util.read;org/apache/parquet/format/FileMetaData.read;org/apache/parquet/format/FileMetaData$FileMetaDataStandardScheme.read;org/apache/parquet/format/FileMetaData$FileMetaDataStandardScheme.read;org/apache/parquet/format/RowGroup.read;org/apache/parquet/format/RowGroup$RowGroupStandardScheme.read;org/apache/parquet/format/RowGroup$RowGroupStandardScheme.read;org/apache/parquet/format/ColumnChunk.read;org/apache/parquet/format/ColumnChunk$ColumnChunkStandardScheme.read;org/apache/parquet/format/ColumnChunk$ColumnChunkStandardScheme.read;org/apache/parquet/format/ColumnMetaData.read;org/apache/parquet/format/ColumnMetaData$ColumnMetaDataStandardScheme.read;org/apache/parquet/format/ColumnMetaData$ColumnMetaDataStandardScheme.read;org/apache/parquet/format/Statistics.read;org/apache/parquet/format/Statistics$StatisticsStandardScheme.read;org/apache/parquet/format/Statistics$StatisticsStandardScheme.read;org/apache/parquet/format/InterningProtocol.readBinary;shaded/parquet/org/apache/thrift/protocol/TCompactProtocol.readBinary;shaded/parquet/org/apache/thrift/transport/TTransport.readAll;shaded/parquet/org/apache/thrift/transport/TIOStreamTransport.read;org/weakref/nitro/parquet/ParquetFile$SegmentInputStream.read;java/lang/foreign/MemorySegment.copy;jdk/internal/foreign/AbstractMemorySegmentImpl.copy;jbyte_disjoint_arraycopy_stub 1
java/lang/Thread.run;java/lang/Thread.runWith;java/util/concurrent/ThreadPoolExecutor$Worker.run;java/util/concurrent/ThreadPoolExecutor.runWorker;java/util/concurrent/FutureTask.run;java/util/concurrent/Executors$RunnableAdapter.call;java/util/concurrent/FutureTask.run;org/openjdk/jmh/runner/BenchmarkHandler$BenchmarkTask.call;org/openjdk/jmh/runner/BenchmarkHandler$BenchmarkTask.call;java/lang/reflect/Method.invoke;jdk/internal/reflect/DirectMethodHandleAccessor.invoke;jdk/internal/reflect/DirectMethodHandleAccessor.invokeImpl;java/lang/invoke/LambdaForm$MH.0x0000000048061400.invokeExact_MT;java/lang/invoke/LambdaForm$MH.0x0000000048061000.invoke;java/lang/invoke/DirectMethodHandle$Holder.invokeSpecial;org/weakref/nitro/clickbench/jmh_generated/BenchmarkQueries_query43_jmhTest.query43_AverageTime;org/weakref/nitro/clickbench/jmh_generated/BenchmarkQueries_query43_jmhTest.query43_avgt_jmhStub;org/weakref/nitro/clickbench/BenchmarkQueries.query43;org/weakref/nitro/clickbench/BenchmarkQueries.consume;org/weakref/nitro/operator/OffsetOperator.hasNext;org/weakref/nitro/operator/OffsetOperator.skipFullyConsumedBatches;org/weakref/nitro/operator/TopNOperator.next;org/weakref/nitro/operator/TopNOperator.computeTopN;org/weakref/nitro/operator/GroupedAggregationOperator.next;org/weakref/nitro/operator/GroupedAggregationOperator.computeResults;org/weakref/nitro/operator/GroupOperator.next;org/weakref/nitro/operator/ProjectOperator.next;org/weakref/nitro/operator/FilterOperator.next;org/weakref/nitro/operator/evaluator/PlanEvaluator.evaluateInPlace;org/weakref/nitro/operator/evaluator/PlanEvaluator.evaluateTrueMaskInPlace;org/weakref/nitro/operator/evaluator/PlanEvaluator.evaluateAdaptiveAndTrueMaskInPlace;org/weakref/nitro/operator/evaluator/PlanEvaluator.evaluateMeasuredTrueMaskInPlace;java/util/HashMap.computeIfAbsent;java/util/HashMap.hash;org/weakref/nitro/operator/evaluator/ir/AndMask.hashCode;java/lang/invoke/Invokers$Holder.linkToTargetMethod;java/lang/invoke/LambdaForm$MH.0x0000000048101c00.invoke;java/lang/invoke/LambdaForm$MH.0x0000000048101000.invoke;java/lang/invoke/DirectMethodHandle$Holder.invokeStatic;org/weakref/nitro/operator/evaluator/ir/AndMask$$HasherSpecializer.0x00000000481e6bd8.hasher0;java/util/ImmutableCollections$AbstractImmutableList.hashCode;java/util/Objects.hashCode;org/weakref/nitro/operator/evaluator/ir/AndMask.hashCode;java/lang/invoke/Invokers$Holder.linkToTargetMethod;java/lang/invoke/LambdaForm$MH.0x0000000048101c00.invoke;java/lang/invoke/LambdaForm$MH.0x0000000048101000.invoke;java/lang/invoke/DirectMethodHandle$Holder.invokeStatic;org/weakref/nitro/operator/evaluator/ir/AndMask$$HasherSpecializer.0x00000000481e6bd8.hasher0;java/util/ImmutableCollections$AbstractImmutableList.hashCode;java/util/Objects.hashCode;org/weakref/nitro/operator/evaluator/ir/AndMask.hashCode;java/lang/invoke/Invokers$Holder.linkToTargetMethod;java/lang/invoke/LambdaForm$MH.0x0000000048101c00.invoke;java/lang/invoke/LambdaForm$MH.0x0000000048101000.invoke;java/lang/invoke/DirectMethodHandle$Holder.invokeStatic;org/weakref/nitro/operator/evaluator/ir/AndMask$$HasherSpecializer.0x00000000481e6bd8.hasher0;java/util/ImmutableCollections$AbstractImmutableList.hashCode;java/util/Objects.hashCode;org/weakref/nitro/operator/evaluator/ir/ReferenceMask.hashCode;java/lang/invoke/Invokers$Holder.linkToTargetMethod;java/lang/invoke/LambdaForm$MH.0x0000000048101c00.invoke;java/lang/invoke/LambdaForm$MH.0x0000000048102000.invoke;java/lang/invoke/DelegatingMethodHandle$Holder.delegate;java/lang/invoke/DirectMethodHandle$Holder.invokeSpecial;org/weakref/nitro/operator/evaluator/ir/Reference.hashCode;java/lang/invoke/Invokers$Holder.linkToTargetMethod;java/lang/invoke/LambdaForm$MH.0x0000000048101c00.invoke;java/lang/invoke/LambdaForm$MH.0x0000000048101c00.invoke;java/lang/invoke/LambdaForm$MH.0x0000000048101000.invoke;java/lang/invoke/DirectMethodHandle$Holder.invokeStatic;org/weakref/nitro/operator/evaluator/ir/Reference$$HasherSpecializer.0x00000000481e4460.hasher0;org/weakref/nitro/operator/evaluator/ir/Variable.hashCode;java/lang/invoke/Invokers$Holder.linkToTargetMethod 1
java/lang/Thread.run;java/lang/Thread.runWith;java/util/concurrent/ThreadPoolExecutor$Worker.run;java/util/concurrent/ThreadPoolExecutor.runWorker;java/util/concurrent/FutureTask.run;java/util/concurrent/Executors$RunnableAdapter.call;java/util/concurrent/FutureTask.run;org/openjdk/jmh/runner/BenchmarkHandler$BenchmarkTask.call;org/openjdk/jmh/runner/BenchmarkHandler$BenchmarkTask.call;java/lang/reflect/Method.invoke;jdk/internal/reflect/DirectMethodHandleAccessor.invoke;jdk/internal/reflect/DirectMethodHandleAccessor.invokeImpl;java/lang/invoke/LambdaForm$MH.0x0000000048061400.invokeExact_MT;java/lang/invoke/LambdaForm$MH.0x0000000048061000.invoke;java/lang/invoke/DirectMethodHandle$Holder.invokeSpecial;org/weakref/nitro/clickbench/jmh_generated/BenchmarkQueries_query43_jmhTest.query43_AverageTime;org/weakref/nitro/clickbench/jmh_generated/BenchmarkQueries_query43_jmhTest.query43_avgt_jmhStub;org/weakref/nitro/clickbench/BenchmarkQueries.query43;org/weakref/nitro/clickbench/BenchmarkQueries.consume;org/weakref/nitro/operator/OffsetOperator.hasNext;org/weakref/nitro/operator/OffsetOperator.skipFullyConsumedBatches;org/weakref/nitro/operator/TopNOperator.next;org/weakref/nitro/operator/TopNOperator.computeTopN;org/weakref/nitro/operator/GroupedAggregationOperator.next;org/weakref/nitro/operator/GroupedAggregationOperator.computeResults;org/weakref/nitro/operator/GroupOperator.next;org/weakref/nitro/operator/ProjectOperator.next;org/weakref/nitro/operator/FilterOperator.next;org/weakref/nitro/operator/evaluator/PlanEvaluator.evaluateInPlace;org/weakref/nitro/operator/evaluator/PlanEvaluator.evaluateTrueMaskInPlace;org/weakref/nitro/operator/evaluator/PlanEvaluator.evaluateAdaptiveAndTrueMaskInPlace;org/weakref/nitro/operator/evaluator/PlanEvaluator.evaluateMeasuredTrueMaskInPlace;org/weakref/nitro/operator/evaluator/PlanEvaluator.evaluateTrueMaskInPlace;org/weakref/nitro/operator/evaluator/PlanEvaluator.evaluateAdaptiveAndTrueMaskInPlace;org/weakref/nitro/operator/evaluator/PlanEvaluator.evaluateMeasuredTrueMaskInPlace;org/weakref/nitro/operator/evaluator/PlanEvaluator.evaluateTrueMaskInPlace;org/weakref/nitro/operator/evaluator/PlanEvaluator.tryEvaluatePrimitiveTrueMaskInPlace;org/weakref/nitro/operator/evaluator/PlanEvaluator.tryEvaluatePrimitiveMaskInPlace;org/weakref/nitro/operator/evaluator/PlanEvaluator.resolveMaskPrimitiveInvocation;org/weakref/nitro/operator/evaluator/PlanEvaluator.evaluateArgument;org/weakref/nitro/operator/FilterOperator$1.resolve;org/weakref/nitro/operator/Output.borrowOrNull;org/weakref/nitro/operator/Output.borrow;org/weakref/nitro/operator/Output.borrow;org/weakref/nitro/operator/NitroParquetScanOperator$ScanOutputResolver$$Lambda.0x00000000480aba90.apply;org/weakref/nitro/operator/NitroParquetScanOperator$ScanOutputResolver.resolve;org/weakref/nitro/operator/NitroParquetScanOperator.resolveLazyColumn;org/weakref/nitro/operator/NitroParquetScanOperator.decodeFullColumn;org/weakref/nitro/parquet/ColumnReader.readInts;jbyte_disjoint_arraycopy_stub 3
java/lang/Thread.run;java/lang/Thread.runWith;java/util/concurrent/ThreadPoolExecutor$Worker.run;java/util/concurrent/ThreadPoolExecutor.runWorker;java/util/concurrent/FutureTask.run;java/util/concurrent/Executors$RunnableAdapter.call;java/util/concurrent/FutureTask.run;org/openjdk/jmh/runner/BenchmarkHandler$BenchmarkTask.call;org/openjdk/jmh/runner/BenchmarkHandler$BenchmarkTask.call;java/lang/reflect/Method.invoke;jdk/internal/reflect/DirectMethodHandleAccessor.invoke;jdk/internal/reflect/DirectMethodHandleAccessor.invokeImpl;java/lang/invoke/LambdaForm$MH.0x0000000048061400.invokeExact_MT;java/lang/invoke/LambdaForm$MH.0x0000000048061000.invoke;java/lang/invoke/DirectMethodHandle$Holder.invokeSpecial;org/weakref/nitro/clickbench/jmh_generated/BenchmarkQueries_query43_jmhTest.query43_AverageTime;org/weakref/nitro/clickbench/jmh_generated/BenchmarkQueries_query43_jmhTest.query43_avgt_jmhStub;org/weakref/nitro/clickbench/BenchmarkQueries.query43;org/weakref/nitro/clickbench/ClickBenchHitsSupport.query43;org/weakref/nitro/clickbench/ClickBenchHitsSupport.clickBenchScan;org/weakref/nitro/operator/NitroParquetScanOperator.<init>;java/util/stream/ReferencePipeline.toArray;java/util/stream/AbstractPipeline.evaluateToArrayNode;java/util/stream/AbstractPipeline.evaluate;java/util/stream/AbstractPipeline.wrapAndCopyInto;java/util/stream/AbstractPipeline.copyInto;java/util/AbstractList$RandomAccessSpliterator.forEachRemaining;java/util/stream/ReferencePipeline$3$1.accept;org/weakref/nitro/operator/NitroParquetScanOperator$$Lambda.0x00000000480864e8.apply;org/weakref/nitro/parquet/ParquetFile.open;org/weakref/nitro/parquet/ParquetFile.<init>;org/apache/parquet/format/Util.readFileMetaData;org/apache/parquet/format/Util.readFileMetaData;org/apache/parquet/format/Util.read;org/apache/parquet/format/FileMetaData.read;org/apache/parquet/format/FileMetaData$FileMetaDataStandardScheme.read;org/apache/parquet/format/FileMetaData$FileMetaDataStandardScheme.read;org/apache/parquet/format/RowGroup.read;org/apache/parquet/format/RowGroup$RowGroupStandardScheme.read;org/apache/parquet/format/RowGroup$RowGroupStandardScheme.read;org/apache/parquet/format/ColumnChunk.read;org/apache/parquet/format/ColumnChunk$ColumnChunkStandardScheme.read;org/apache/parquet/format/ColumnChunk$ColumnChunkStandardScheme.read;org/apache/parquet/format/ColumnMetaData.read;org/apache/parquet/format/ColumnMetaData$ColumnMetaDataStandardScheme.read;org/apache/parquet/format/ColumnMetaData$ColumnMetaDataStandardScheme.read;org/apache/parquet/format/Statistics.read;org/apache/parquet/format/Statistics$StatisticsStandardScheme.read 1
java/lang/Thread.run;java/lang/Thread.runWith;java/util/concurrent/ThreadPoolExecutor$Worker.run;java/util/concurrent/ThreadPoolExecutor.runWorker;java/util/concurrent/FutureTask.run;java/util/concurrent/Executors$RunnableAdapter.call;java/util/concurrent/FutureTask.run;org/openjdk/jmh/runner/BenchmarkHandler$BenchmarkTask.call;org/openjdk/jmh/runner/BenchmarkHandler$BenchmarkTask.call;java/lang/reflect/Method.invoke;jdk/internal/reflect/DirectMethodHandleAccessor.invoke;jdk/internal/reflect/DirectMethodHandleAccessor.invokeImpl;java/lang/invoke/LambdaForm$MH.0x0000000048061400.invokeExact_MT;java/lang/invoke/LambdaForm$MH.0x0000000048061000.invoke;java/lang/invoke/DirectMethodHandle$Holder.invokeSpecial;org/weakref/nitro/clickbench/jmh_generated/BenchmarkQueries_query43_jmhTest.query43_AverageTime;org/weakref/nitro/clickbench/jmh_generated/BenchmarkQueries_query43_jmhTest.query43_avgt_jmhStub;org/weakref/nitro/clickbench/BenchmarkQueries.query43;org/weakref/nitro/clickbench/ClickBenchHitsSupport.query43;org/weakref/nitro/clickbench/ClickBenchHitsSupport.clickBenchScan;org/weakref/nitro/operator/NitroParquetScanOperator.<init>;java/util/stream/ReferencePipeline.toArray;java/util/stream/AbstractPipeline.evaluateToArrayNode;java/util/stream/AbstractPipeline.evaluate;java/util/stream/AbstractPipeline.wrapAndCopyInto;java/util/stream/AbstractPipeline.copyInto;java/util/AbstractList$RandomAccessSpliterator.forEachRemaining;java/util/stream/ReferencePipeline$3$1.accept;org/weakref/nitro/operator/NitroParquetScanOperator$$Lambda.0x00000000480864e8.apply;org/weakref/nitro/parquet/ParquetFile.open;org/weakref/nitro/parquet/ParquetFile.<init>;org/apache/parquet/format/Util.readFileMetaData;org/apache/parquet/format/Util.readFileMetaData;org/apache/parquet/format/Util.read;org/apache/parquet/format/FileMetaData.read;org/apache/parquet/format/FileMetaData$FileMetaDataStandardScheme.read;org/apache/parquet/format/FileMetaData$FileMetaDataStandardScheme.read;org/apache/parquet/format/RowGroup.read;org/apache/parquet/format/RowGroup$RowGroupStandardScheme.read;org/apache/parquet/format/RowGroup$RowGroupStandardScheme.read;org/apache/parquet/format/ColumnChunk.read;org/apache/parquet/format/ColumnChunk$ColumnChunkStandardScheme.read;org/apache/parquet/format/ColumnChunk$ColumnChunkStandardScheme.read;org/apache/parquet/format/ColumnMetaData.read;org/apache/parquet/format/ColumnMetaData$ColumnMetaDataStandardScheme.read;org/apache/parquet/format/ColumnMetaData$ColumnMetaDataStandardScheme.read;org/apache/parquet/format/InterningProtocol.readI64;shaded/parquet/org/apache/thrift/protocol/TCompactProtocol.readI64;shaded/parquet/org/apache/thrift/protocol/TCompactProtocol.readVarint64;shaded/parquet/org/apache/thrift/protocol/TCompactProtocol.readByte;shaded/parquet/org/apache/thrift/transport/TTransport.readAll 1
java/lang/Thread.run;java/lang/Thread.runWith;java/util/concurrent/ThreadPoolExecutor$Worker.run;java/util/concurrent/ThreadPoolExecutor.runWorker;java/util/concurrent/FutureTask.run;java/util/concurrent/Executors$RunnableAdapter.call;java/util/concurrent/FutureTask.run;org/openjdk/jmh/runner/BenchmarkHandler$BenchmarkTask.call;org/openjdk/jmh/runner/BenchmarkHandler$BenchmarkTask.call;java/lang/reflect/Method.invoke;jdk/internal/reflect/DirectMethodHandleAccessor.invoke;jdk/internal/reflect/DirectMethodHandleAccessor.invokeImpl;java/lang/invoke/LambdaForm$MH.0x0000000048061400.invokeExact_MT;java/lang/invoke/LambdaForm$MH.0x0000000048061000.invoke;java/lang/invoke/DirectMethodHandle$Holder.invokeSpecial;org/weakref/nitro/clickbench/jmh_generated/BenchmarkQueries_query43_jmhTest.query43_AverageTime;org/weakref/nitro/clickbench/jmh_generated/BenchmarkQueries_query43_jmhTest.query43_avgt_jmhStub;org/weakref/nitro/clickbench/BenchmarkQueries.query43;org/weakref/nitro/clickbench/ClickBenchHitsSupport.query43;org/weakref/nitro/clickbench/ClickBenchHitsSupport.clickBenchScan;org/weakref/nitro/operator/NitroParquetScanOperator.<init>;java/util/stream/ReferencePipeline.toArray;java/util/stream/AbstractPipeline.evaluateToArrayNode;java/util/stream/AbstractPipeline.evaluate;java/util/stream/AbstractPipeline.wrapAndCopyInto;java/util/stream/AbstractPipeline.copyInto;java/util/AbstractList$RandomAccessSpliterator.forEachRemaining;java/util/stream/ReferencePipeline$3$1.accept;org/weakref/nitro/operator/NitroParquetScanOperator$$Lambda.0x00000000480864e8.apply;org/weakref/nitro/parquet/ParquetFile.open;org/weakref/nitro/parquet/ParquetFile.<init>;org/apache/parquet/format/Util.readFileMetaData;org/apache/parquet/format/Util.readFileMetaData;org/apache/parquet/format/Util.read;org/apache/parquet/format/FileMetaData.read;org/apache/parquet/format/FileMetaData$FileMetaDataStandardScheme.read;org/apache/parquet/format/FileMetaData$FileMetaDataStandardScheme.read;org/apache/parquet/format/RowGroup.read;org/apache/parquet/format/RowGroup$RowGroupStandardScheme.read;org/apache/parquet/format/RowGroup$RowGroupStandardScheme.read;org/apache/parquet/format/ColumnChunk.read;org/apache/parquet/format/ColumnChunk$ColumnChunkStandardScheme.read;org/apache/parquet/format/ColumnChunk$ColumnChunkStandardScheme.read;org/apache/parquet/format/ColumnMetaData.read;org/apache/parquet/format/ColumnMetaData$ColumnMetaDataStandardScheme.read;org/apache/parquet/format/ColumnMetaData$ColumnMetaDataStandardScheme.read;org/apache/parquet/format/PageEncodingStats.read;org/apache/parquet/format/PageEncodingStats$PageEncodingStatsStandardScheme.read;org/apache/parquet/format/PageEncodingStats$PageEncodingStatsStandardScheme.read;org/apache/parquet/format/InterningProtocol.readFieldBegin;shaded/parquet/org/apache/thrift/protocol/TCompactProtocol.readFieldBegin;shaded/parquet/org/apache/thrift/protocol/TCompactProtocol.readByte;shaded/parquet/org/apache/thrift/transport/TTransport.readAll 1
java/lang/Thread.run;java/lang/Thread.runWith;java/util/concurrent/ThreadPoolExecutor$Worker.run;java/util/concurrent/ThreadPoolExecutor.runWorker;java/util/concurrent/FutureTask.run;java/util/concurrent/Executors$RunnableAdapter.call;java/util/concurrent/FutureTask.run;org/openjdk/jmh/runner/BenchmarkHandler$BenchmarkTask.call;org/openjdk/jmh/runner/BenchmarkHandler$BenchmarkTask.call;java/lang/reflect/Method.invoke;jdk/internal/reflect/DirectMethodHandleAccessor.invoke;jdk/internal/reflect/DirectMethodHandleAccessor.invokeImpl;java/lang/invoke/LambdaForm$MH.0x0000000048061400.invokeExact_MT;java/lang/invoke/LambdaForm$MH.0x0000000048061000.invoke;java/lang/invoke/DirectMethodHandle$Holder.invokeSpecial;org/weakref/nitro/clickbench/jmh_generated/BenchmarkQueries_query43_jmhTest.query43_AverageTime;org/weakref/nitro/clickbench/jmh_generated/BenchmarkQueries_query43_jmhTest.query43_avgt_jmhStub;org/weakref/nitro/clickbench/BenchmarkQueries.query43;org/weakref/nitro/clickbench/ClickBenchHitsSupport.query43;org/weakref/nitro/clickbench/ClickBenchHitsSupport.clickBenchScan;org/weakref/nitro/operator/NitroParquetScanOperator.<init>;java/util/stream/ReferencePipeline.toArray;java/util/stream/AbstractPipeline.evaluateToArrayNode;java/util/stream/AbstractPipeline.evaluate;java/util/stream/AbstractPipeline.wrapAndCopyInto;java/util/stream/AbstractPipeline.copyInto;java/util/AbstractList$RandomAccessSpliterator.forEachRemaining;java/util/stream/ReferencePipeline$3$1.accept;org/weakref/nitro/operator/NitroParquetScanOperator$$Lambda.0x00000000480864e8.apply;org/weakref/nitro/parquet/ParquetFile.open;org/weakref/nitro/parquet/ParquetFile.<init>;org/apache/parquet/format/Util.readFileMetaData;org/apache/parquet/format/Util.readFileMetaData;org/apache/parquet/format/Util.read;org/apache/parquet/format/FileMetaData.read;org/apache/parquet/format/FileMetaData$FileMetaDataStandardScheme.read;org/apache/parquet/format/FileMetaData$FileMetaDataStandardScheme.read;org/apache/parquet/format/RowGroup.read;org/apache/parquet/format/RowGroup$RowGroupStandardScheme.read;org/apache/parquet/format/RowGroup$RowGroupStandardScheme.read;org/apache/parquet/format/ColumnChunk.read;org/apache/parquet/format/ColumnChunk$ColumnChunkStandardScheme.read;org/apache/parquet/format/ColumnChunk$ColumnChunkStandardScheme.read 1
java/lang/Thread.run;java/lang/Thread.runWith;java/util/concurrent/ThreadPoolExecutor$Worker.run;java/util/concurrent/ThreadPoolExecutor.runWorker;java/util/concurrent/FutureTask.run;java/util/concurrent/Executors$RunnableAdapter.call;java/util/concurrent/FutureTask.run;org/openjdk/jmh/runner/BenchmarkHandler$BenchmarkTask.call;org/openjdk/jmh/runner/BenchmarkHandler$BenchmarkTask.call;java/lang/reflect/Method.invoke;jdk/internal/reflect/DirectMethodHandleAccessor.invoke;jdk/internal/reflect/DirectMethodHandleAccessor.invokeImpl;java/lang/invoke/LambdaForm$MH.0x0000000048061400.invokeExact_MT;java/lang/invoke/LambdaForm$MH.0x0000000048061000.invoke;java/lang/invoke/DirectMethodHandle$Holder.invokeSpecial;org/weakref/nitro/clickbench/jmh_generated/BenchmarkQueries_query43_jmhTest.query43_AverageTime;org/weakref/nitro/clickbench/jmh_generated/BenchmarkQueries_query43_jmhTest.query43_avgt_jmhStub;org/weakref/nitro/clickbench/BenchmarkQueries.query43;org/weakref/nitro/clickbench/ClickBenchHitsSupport.query43;org/weakref/nitro/clickbench/ClickBenchHitsSupport.clickBenchScan;org/weakref/nitro/operator/NitroParquetScanOperator.<init>;java/util/stream/ReferencePipeline.toArray;java/util/stream/AbstractPipeline.evaluateToArrayNode;java/util/stream/AbstractPipeline.evaluate;java/util/stream/AbstractPipeline.wrapAndCopyInto;java/util/stream/AbstractPipeline.copyInto;java/util/AbstractList$RandomAccessSpliterator.forEachRemaining;java/util/stream/ReferencePipeline$3$1.accept;org/weakref/nitro/operator/NitroParquetScanOperator$$Lambda.0x00000000480864e8.apply;org/weakref/nitro/parquet/ParquetFile.open;org/weakref/nitro/parquet/ParquetFile.<init>;org/apache/parquet/format/Util.readFileMetaData;org/apache/parquet/format/Util.readFileMetaData;org/apache/parquet/format/Util.read;org/apache/parquet/format/FileMetaData.read;org/apache/parquet/format/FileMetaData$FileMetaDataStandardScheme.read;org/apache/parquet/format/FileMetaData$FileMetaDataStandardScheme.read;org/apache/parquet/format/RowGroup.read;org/apache/parquet/format/RowGroup$RowGroupStandardScheme.read;org/apache/parquet/format/RowGroup$RowGroupStandardScheme.read;org/apache/parquet/format/ColumnChunk.read;org/apache/parquet/format/ColumnChunk$ColumnChunkStandardScheme.read;org/apache/parquet/format/ColumnChunk$ColumnChunkStandardScheme.read;org/apache/parquet/format/ColumnMetaData.read;org/apache/parquet/format/ColumnMetaData$ColumnMetaDataStandardScheme.read;org/apache/parquet/format/ColumnMetaData$ColumnMetaDataStandardScheme.read;org/apache/parquet/format/InterningProtocol.readI64;shaded/parquet/org/apache/thrift/protocol/TCompactProtocol.readI64;shaded/parquet/org/apache/thrift/protocol/TCompactProtocol.readVarint64;shaded/parquet/org/apache/thrift/protocol/TCompactProtocol.readByte;shaded/parquet/org/apache/thrift/transport/TTransport.readAll;shaded/parquet/org/apache/thrift/transport/TIOStreamTransport.read;org/weakref/nitro/parquet/ParquetFile$SegmentInputStream.read;java/lang/foreign/MemorySegment.copy;jdk/internal/foreign/AbstractMemorySegmentImpl.copy;jdk/internal/misc/ScopedMemoryAccess.copyMemory;jdk/internal/misc/ScopedMemoryAccess.copyMemoryInternal;jdk/internal/foreign/MemorySessionImpl.checkValidStateRaw 1
java/lang/Thread.run;java/lang/Thread.runWith;java/util/concurrent/ThreadPoolExecutor$Worker.run;java/util/concurrent/ThreadPoolExecutor.runWorker;java/util/concurrent/FutureTask.run;java/util/concurrent/Executors$RunnableAdapter.call;java/util/concurrent/FutureTask.run;org/openjdk/jmh/runner/BenchmarkHandler$BenchmarkTask.call;org/openjdk/jmh/runner/BenchmarkHandler$BenchmarkTask.call;java/lang/reflect/Method.invoke;jdk/internal/reflect/DirectMethodHandleAccessor.invoke;jdk/internal/reflect/DirectMethodHandleAccessor.invokeImpl;java/lang/invoke/LambdaForm$MH.0x0000000048061400.invokeExact_MT;java/lang/invoke/LambdaForm$MH.0x0000000048061000.invoke;java/lang/invoke/DirectMethodHandle$Holder.invokeSpecial;org/weakref/nitro/clickbench/jmh_generated/BenchmarkQueries_query43_jmhTest.query43_AverageTime;org/weakref/nitro/clickbench/jmh_generated/BenchmarkQueries_query43_jmhTest.query43_avgt_jmhStub;org/weakref/nitro/clickbench/BenchmarkQueries.query43;org/weakref/nitro/clickbench/BenchmarkQueries.consume;org/weakref/nitro/operator/OffsetOperator.hasNext;org/weakref/nitro/operator/OffsetOperator.skipFullyConsumedBatches;org/weakref/nitro/operator/TopNOperator.next;org/weakref/nitro/operator/TopNOperator.computeTopN;org/weakref/nitro/operator/GroupedAggregationOperator.next;org/weakref/nitro/operator/GroupedAggregationOperator.computeResults;org/weakref/nitro/operator/GroupOperator.next;org/weakref/nitro/operator/ProjectOperator.next;org/weakref/nitro/operator/FilterOperator.next;org/weakref/nitro/operator/evaluator/PlanEvaluator.evaluateInPlace;org/weakref/nitro/operator/evaluator/PlanEvaluator.evaluateTrueMaskInPlace;org/weakref/nitro/operator/evaluator/PlanEvaluator.evaluateAdaptiveAndTrueMaskInPlace;org/weakref/nitro/operator/evaluator/PlanEvaluator.evaluateMeasuredTrueMaskInPlace;org/weakref/nitro/operator/evaluator/PlanEvaluator.evaluateTrueMaskInPlace;org/weakref/nitro/operator/evaluator/PlanEvaluator.tryEvaluatePrimitiveTrueMaskInPlace;org/weakref/nitro/operator/evaluator/PlanEvaluator.tryEvaluatePrimitiveMaskInPlace;org/weakref/nitro/function/scalar/builtin/EqualI64.tryEvaluateTrueMaskInPlace;org/weakref/nitro/function/scalar/builtin/LongComparisonMaskSupport.tryEvaluateTrueMaskInPlace;org/weakref/nitro/function/scalar/builtin/LongComparisonMaskSupport.tryConstantComparisonInPlace;org/weakref/nitro/function/scalar/builtin/LongComparisonMaskSupport.applyConstantComparison;org/weakref/nitro/data/Mask.retainConstantComparison;org/weakref/nitro/data/Mask.retainConstantComparison 1
java/lang/Thread.run;java/lang/Thread.runWith;java/util/concurrent/ThreadPoolExecutor$Worker.run;java/util/concurrent/ThreadPoolExecutor.runWorker;java/util/concurrent/FutureTask.run;java/util/concurrent/Executors$RunnableAdapter.call;java/util/concurrent/FutureTask.run;org/openjdk/jmh/runner/BenchmarkHandler$BenchmarkTask.call;org/openjdk/jmh/runner/BenchmarkHandler$BenchmarkTask.call;java/lang/reflect/Method.invoke;jdk/internal/reflect/DirectMethodHandleAccessor.invoke;jdk/internal/reflect/DirectMethodHandleAccessor.invokeImpl;java/lang/invoke/LambdaForm$MH.0x0000000048061400.invokeExact_MT;java/lang/invoke/LambdaForm$MH.0x0000000048061000.invoke;java/lang/invoke/DirectMethodHandle$Holder.invokeSpecial;org/weakref/nitro/clickbench/jmh_generated/BenchmarkQueries_query43_jmhTest.query43_AverageTime;org/weakref/nitro/clickbench/jmh_generated/BenchmarkQueries_query43_jmhTest.query43_avgt_jmhStub;org/weakref/nitro/clickbench/BenchmarkQueries.query43;org/weakref/nitro/clickbench/BenchmarkQueries.consume;org/weakref/nitro/operator/OffsetOperator.hasNext;org/weakref/nitro/operator/OffsetOperator.skipFullyConsumedBatches;org/weakref/nitro/operator/TopNOperator.next;org/weakref/nitro/operator/TopNOperator.computeTopN;org/weakref/nitro/operator/GroupedAggregationOperator.next;org/weakref/nitro/operator/GroupedAggregationOperator.computeResults;org/weakref/nitro/operator/Output.borrow;org/weakref/nitro/operator/GroupOperator$$Lambda.0x00000000481e38d0.apply;org/weakref/nitro/operator/GroupOperator.lambda$next$0;org/weakref/nitro/operator/GroupOperator.groupIds;org/weakref/nitro/operator/GroupOperator.doGroupingIfNeeded;org/weakref/nitro/operator/GroupingState.assignGroups;org/weakref/nitro/operator/GroupingState.assignGroups;org/weakref/nitro/operator/GroupingState.assignLongGroups 1
java/lang/Thread.run;java/lang/Thread.runWith;java/util/concurrent/ThreadPoolExecutor$Worker.run;java/util/concurrent/ThreadPoolExecutor.runWorker;java/util/concurrent/FutureTask.run;java/util/concurrent/Executors$RunnableAdapter.call;java/util/concurrent/FutureTask.run;org/openjdk/jmh/runner/BenchmarkHandler$BenchmarkTask.call;org/openjdk/jmh/runner/BenchmarkHandler$BenchmarkTask.call;java/lang/reflect/Method.invoke;jdk/internal/reflect/DirectMethodHandleAccessor.invoke;jdk/internal/reflect/DirectMethodHandleAccessor.invokeImpl;java/lang/invoke/LambdaForm$MH.0x0000000048061400.invokeExact_MT;java/lang/invoke/LambdaForm$MH.0x0000000048061000.invoke;java/lang/invoke/DirectMethodHandle$Holder.invokeSpecial;org/weakref/nitro/clickbench/jmh_generated/BenchmarkQueries_query43_jmhTest.query43_AverageTime;org/weakref/nitro/clickbench/jmh_generated/BenchmarkQueries_query43_jmhTest.query43_avgt_jmhStub;org/weakref/nitro/clickbench/BenchmarkQueries.query43;org/weakref/nitro/clickbench/ClickBenchHitsSupport.query43;org/weakref/nitro/clickbench/ClickBenchHitsSupport.clickBenchScan;org/weakref/nitro/operator/NitroParquetScanOperator.<init>;java/util/stream/ReferencePipeline.toArray;java/util/stream/AbstractPipeline.evaluateToArrayNode;java/util/stream/AbstractPipeline.evaluate;java/util/stream/AbstractPipeline.wrapAndCopyInto;java/util/stream/AbstractPipeline.copyInto;java/util/AbstractList$RandomAccessSpliterator.forEachRemaining;java/util/stream/ReferencePipeline$3$1.accept;org/weakref/nitro/operator/NitroParquetScanOperator$$Lambda.0x00000000480864e8.apply;org/weakref/nitro/parquet/ParquetFile.open;org/weakref/nitro/parquet/ParquetFile.<init>;org/apache/parquet/format/Util.readFileMetaData;org/apache/parquet/format/Util.readFileMetaData;org/apache/parquet/format/Util.read;org/apache/parquet/format/FileMetaData.read;org/apache/parquet/format/FileMetaData$FileMetaDataStandardScheme.read;org/apache/parquet/format/FileMetaData$FileMetaDataStandardScheme.read;org/apache/parquet/format/SchemaElement.read;org/apache/parquet/format/SchemaElement$SchemaElementStandardScheme.read;org/apache/parquet/format/SchemaElement$SchemaElementStandardScheme.read;shaded/parquet/org/apache/thrift/TUnion.read;shaded/parquet/org/apache/thrift/TUnion$TUnionStandardScheme.read;shaded/parquet/org/apache/thrift/TUnion$TUnionStandardScheme.read;org/apache/parquet/format/LogicalType.standardSchemeReadValue;org/apache/parquet/format/IntType.read;org/apache/parquet/format/IntType$IntTypeStandardScheme.read;org/apache/parquet/format/IntType$IntTypeStandardScheme.read;org/apache/parquet/format/InterningProtocol.readByte;shaded/parquet/org/apache/thrift/protocol/TCompactProtocol.readByte;shaded/parquet/org/apache/thrift/transport/TTransport.readAll;shaded/parquet/org/apache/thrift/transport/TIOStreamTransport.read;org/weakref/nitro/parquet/ParquetFile$SegmentInputStream.read;java/lang/foreign/MemorySegment.copy;jdk/internal/foreign/AbstractMemorySegmentImpl.copy;java/util/Objects.checkFromIndexSize;jdk/internal/util/Preconditions.checkFromIndexSize 1
java/lang/Thread.run;java/lang/Thread.runWith;java/util/concurrent/ThreadPoolExecutor$Worker.run;java/util/concurrent/ThreadPoolExecutor.runWorker;java/util/concurrent/FutureTask.run;java/util/concurrent/Executors$RunnableAdapter.call;java/util/concurrent/FutureTask.run;org/openjdk/jmh/runner/BenchmarkHandler$BenchmarkTask.call;org/openjdk/jmh/runner/BenchmarkHandler$BenchmarkTask.call;java/lang/reflect/Method.invoke;jdk/internal/reflect/DirectMethodHandleAccessor.invoke;jdk/internal/reflect/DirectMethodHandleAccessor.invokeImpl;java/lang/invoke/LambdaForm$MH.0x0000000048061400.invokeExact_MT;java/lang/invoke/LambdaForm$MH.0x0000000048061000.invoke;java/lang/invoke/DirectMethodHandle$Holder.invokeSpecial;org/weakref/nitro/clickbench/jmh_generated/BenchmarkQueries_query43_jmhTest.query43_AverageTime;org/weakref/nitro/clickbench/jmh_generated/BenchmarkQueries_query43_jmhTest.query43_avgt_jmhStub;org/weakref/nitro/clickbench/BenchmarkQueries.query43;org/weakref/nitro/clickbench/ClickBenchHitsSupport.query43;org/weakref/nitro/clickbench/ClickBenchHitsSupport.clickBenchScan;org/weakref/nitro/operator/NitroParquetScanOperator.<init>;java/util/stream/ReferencePipeline.toArray;java/util/stream/AbstractPipeline.evaluateToArrayNode;java/util/stream/AbstractPipeline.evaluate;java/util/stream/AbstractPipeline.wrapAndCopyInto;java/util/stream/AbstractPipeline.copyInto;java/util/AbstractList$RandomAccessSpliterator.forEachRemaining;java/util/stream/ReferencePipeline$3$1.accept;org/weakref/nitro/operator/NitroParquetScanOperator$$Lambda.0x00000000480864e8.apply;org/weakref/nitro/parquet/ParquetFile.open;org/weakref/nitro/parquet/ParquetFile.<init>;org/apache/parquet/format/Util.readFileMetaData;org/apache/parquet/format/Util.readFileMetaData;org/apache/parquet/format/Util.read;org/apache/parquet/format/FileMetaData.read;org/apache/parquet/format/FileMetaData$FileMetaDataStandardScheme.read;org/apache/parquet/format/FileMetaData$FileMetaDataStandardScheme.read;org/apache/parquet/format/RowGroup.read;org/apache/parquet/format/RowGroup$RowGroupStandardScheme.read;org/apache/parquet/format/RowGroup$RowGroupStandardScheme.read;org/apache/parquet/format/ColumnChunk.read;org/apache/parquet/format/ColumnChunk$ColumnChunkStandardScheme.read;org/apache/parquet/format/ColumnChunk$ColumnChunkStandardScheme.read;org/apache/parquet/format/ColumnMetaData.read;org/apache/parquet/format/ColumnMetaData$ColumnMetaDataStandardScheme.read;org/apache/parquet/format/ColumnMetaData$ColumnMetaDataStandardScheme.read;org/apache/parquet/format/InterningProtocol.readI64;shaded/parquet/org/apache/thrift/protocol/TCompactProtocol.readI64;shaded/parquet/org/apache/thrift/protocol/TCompactProtocol.readVarint64;shaded/parquet/org/apache/thrift/protocol/TCompactProtocol.readByte;shaded/parquet/org/apache/thrift/transport/TTransport.readAll 1
java/lang/Thread.run;java/lang/Thread.runWith;java/util/concurrent/ThreadPoolExecutor$Worker.run;java/util/concurrent/ThreadPoolExecutor.runWorker;java/util/concurrent/FutureTask.run;java/util/concurrent/Executors$RunnableAdapter.call;java/util/concurrent/FutureTask.run;org/openjdk/jmh/runner/BenchmarkHandler$BenchmarkTask.call;org/openjdk/jmh/runner/BenchmarkHandler$BenchmarkTask.call;java/lang/reflect/Method.invoke;jdk/internal/reflect/DirectMethodHandleAccessor.invoke;jdk/internal/reflect/DirectMethodHandleAccessor.invokeImpl;java/lang/invoke/LambdaForm$MH.0x0000000048061400.invokeExact_MT;java/lang/invoke/LambdaForm$MH.0x0000000048061000.invoke;java/lang/invoke/DirectMethodHandle$Holder.invokeSpecial;org/weakref/nitro/clickbench/jmh_generated/BenchmarkQueries_query43_jmhTest.query43_AverageTime;org/weakref/nitro/clickbench/jmh_generated/BenchmarkQueries_query43_jmhTest.query43_avgt_jmhStub;org/weakref/nitro/clickbench/BenchmarkQueries.query43;org/weakref/nitro/clickbench/BenchmarkQueries.consume;org/weakref/nitro/operator/OffsetOperator.hasNext;org/weakref/nitro/operator/OffsetOperator.skipFullyConsumedBatches;org/weakref/nitro/operator/TopNOperator.next;org/weakref/nitro/operator/TopNOperator.computeTopN;org/weakref/nitro/operator/GroupedAggregationOperator.next;org/weakref/nitro/operator/GroupedAggregationOperator.computeResults;org/weakref/nitro/operator/GroupOperator.next;org/weakref/nitro/operator/ProjectOperator.next;org/weakref/nitro/operator/FilterOperator.next;org/weakref/nitro/operator/evaluator/PlanEvaluator.evaluateInPlace;org/weakref/nitro/operator/evaluator/PlanEvaluator.evaluateTrueMaskInPlace;org/weakref/nitro/operator/evaluator/PlanEvaluator.evaluateAdaptiveAndTrueMaskInPlace;org/weakref/nitro/operator/evaluator/PlanEvaluator.evaluateMeasuredTrueMaskInPlace;org/weakref/nitro/operator/evaluator/PlanEvaluator.evaluateTrueMaskInPlace;org/weakref/nitro/operator/evaluator/PlanEvaluator.evaluateAdaptiveAndTrueMaskInPlace;org/weakref/nitro/operator/evaluator/PlanEvaluator.evaluateMeasuredTrueMaskInPlace;org/weakref/nitro/operator/evaluator/PlanEvaluator.evaluateTrueMaskInPlace;org/weakref/nitro/operator/evaluator/PlanEvaluator.tryEvaluatePrimitiveTrueMaskInPlace;org/weakref/nitro/operator/evaluator/PlanEvaluator.tryEvaluatePrimitiveMaskInPlace;org/weakref/nitro/operator/evaluator/PlanEvaluator.resolveMaskPrimitiveInvocation;org/weakref/nitro/operator/evaluator/PlanEvaluator.evaluateArgument;org/weakref/nitro/operator/FilterOperator$1.resolve;org/weakref/nitro/operator/Output.borrowOrNull;org/weakref/nitro/operator/Output.borrow;org/weakref/nitro/operator/Output.borrow;org/weakref/nitro/operator/NitroParquetScanOperator$ScanOutputResolver$$Lambda.0x00000000480aba90.apply;org/weakref/nitro/operator/NitroParquetScanOperator$ScanOutputResolver.resolve;org/weakref/nitro/operator/NitroParquetScanOperator.resolveLazyColumn;org/weakref/nitro/operator/NitroParquetScanOperator.decodeFullColumn;org/weakref/nitro/data/Allocator.allocate;org/weakref/nitro/data/Allocator$ContextState.borrowVector 2
java/lang/Thread.run;java/lang/Thread.runWith;java/util/concurrent/ThreadPoolExecutor$Worker.run;java/util/concurrent/ThreadPoolExecutor.runWorker;java/util/concurrent/FutureTask.run;java/util/concurrent/Executors$RunnableAdapter.call;java/util/concurrent/FutureTask.run;org/openjdk/jmh/runner/BenchmarkHandler$BenchmarkTask.call;org/openjdk/jmh/runner/BenchmarkHandler$BenchmarkTask.call;java/lang/reflect/Method.invoke;jdk/internal/reflect/DirectMethodHandleAccessor.invoke;jdk/internal/reflect/DirectMethodHandleAccessor.invokeImpl;java/lang/invoke/LambdaForm$MH.0x0000000048061400.invokeExact_MT;java/lang/invoke/LambdaForm$MH.0x0000000048061000.invoke;java/lang/invoke/DirectMethodHandle$Holder.invokeSpecial;org/weakref/nitro/clickbench/jmh_generated/BenchmarkQueries_query43_jmhTest.query43_AverageTime;org/weakref/nitro/clickbench/jmh_generated/BenchmarkQueries_query43_jmhTest.query43_avgt_jmhStub;org/weakref/nitro/clickbench/BenchmarkQueries.query43;org/weakref/nitro/clickbench/ClickBenchHitsSupport.query43;org/weakref/nitro/clickbench/ClickBenchHitsSupport.clickBenchScan;org/weakref/nitro/operator/NitroParquetScanOperator.<init>;java/util/stream/ReferencePipeline.toArray;java/util/stream/AbstractPipeline.evaluateToArrayNode;java/util/stream/AbstractPipeline.evaluate;java/util/stream/AbstractPipeline.wrapAndCopyInto;java/util/stream/AbstractPipeline.copyInto;java/util/AbstractList$RandomAccessSpliterator.forEachRemaining;java/util/stream/ReferencePipeline$3$1.accept;org/weakref/nitro/operator/NitroParquetScanOperator$$Lambda.0x00000000480864e8.apply;org/weakref/nitro/parquet/ParquetFile.open;org/weakref/nitro/parquet/ParquetFile.<init>;org/apache/parquet/format/Util.readFileMetaData;org/apache/parquet/format/Util.readFileMetaData;org/apache/parquet/format/Util.read;org/apache/parquet/format/FileMetaData.read;org/apache/parquet/format/FileMetaData$FileMetaDataStandardScheme.read;org/apache/parquet/format/FileMetaData$FileMetaDataStandardScheme.read;org/apache/parquet/format/RowGroup.read;org/apache/parquet/format/RowGroup$RowGroupStandardScheme.read;org/apache/parquet/format/RowGroup$RowGroupStandardScheme.read;org/apache/parquet/format/ColumnChunk.read;org/apache/parquet/format/ColumnChunk$ColumnChunkStandardScheme.read;org/apache/parquet/format/ColumnChunk$ColumnChunkStandardScheme.read;org/apache/parquet/format/ColumnMetaData.read;org/apache/parquet/format/ColumnMetaData$ColumnMetaDataStandardScheme.read;org/apache/parquet/format/ColumnMetaData$ColumnMetaDataStandardScheme.read;org/apache/parquet/format/InterningProtocol.readI64;shaded/parquet/org/apache/thrift/protocol/TCompactProtocol.readI64;shaded/parquet/org/apache/thrift/protocol/TCompactProtocol.readVarint64;shaded/parquet/org/apache/thrift/protocol/TCompactProtocol.readByte 1
java/lang/Thread.run;java/lang/Thread.runWith;java/util/concurrent/ThreadPoolExecutor$Worker.run;java/util/concurrent/ThreadPoolExecutor.runWorker;java/util/concurrent/FutureTask.run;java/util/concurrent/Executors$RunnableAdapter.call;java/util/concurrent/FutureTask.run;org/openjdk/jmh/runner/BenchmarkHandler$BenchmarkTask.call;org/openjdk/jmh/runner/BenchmarkHandler$BenchmarkTask.call;java/lang/reflect/Method.invoke;jdk/internal/reflect/DirectMethodHandleAccessor.invoke;jdk/internal/reflect/DirectMethodHandleAccessor.invokeImpl;java/lang/invoke/LambdaForm$MH.0x0000000048061400.invokeExact_MT;java/lang/invoke/LambdaForm$MH.0x0000000048061000.invoke;java/lang/invoke/DirectMethodHandle$Holder.invokeSpecial;org/weakref/nitro/clickbench/jmh_generated/BenchmarkQueries_query43_jmhTest.query43_AverageTime;org/weakref/nitro/clickbench/jmh_generated/BenchmarkQueries_query43_jmhTest.query43_avgt_jmhStub;org/weakref/nitro/clickbench/BenchmarkQueries.query43;org/weakref/nitro/clickbench/BenchmarkQueries.consume;org/weakref/nitro/operator/OffsetOperator.hasNext;org/weakref/nitro/operator/OffsetOperator.skipFullyConsumedBatches;org/weakref/nitro/operator/TopNOperator.next;org/weakref/nitro/operator/TopNOperator.computeTopN;org/weakref/nitro/operator/GroupedAggregationOperator.next;org/weakref/nitro/operator/GroupedAggregationOperator.computeResults;org/weakref/nitro/operator/Output.borrow;org/weakref/nitro/operator/GroupOperator$$Lambda.0x00000000481e38d0.apply;org/weakref/nitro/operator/GroupOperator.lambda$next$0;org/weakref/nitro/operator/GroupOperator.groupIds;org/weakref/nitro/operator/GroupOperator.doGroupingIfNeeded;org/weakref/nitro/operator/Output.borrow;org/weakref/nitro/operator/ProjectOperator$$Lambda.0x00000000481e76d8.apply;org/weakref/nitro/operator/ProjectOperator.lambda$next$4;org/weakref/nitro/operator/ProjectOperator.evaluateOutput;java/util/HashMap.computeIfAbsent;org/weakref/nitro/operator/ProjectOperator$$Lambda.0x00000000481ea4e8.apply;org/weakref/nitro/operator/ProjectOperator.lambda$evaluateOutput$0;org/weakref/nitro/operator/ProjectOperator.evaluateBundle;org/weakref/nitro/operator/evaluator/PlanEvaluator.evaluate;org/weakref/nitro/operator/evaluator/PlanEvaluator.evaluateUnmemoized;org/weakref/nitro/operator/evaluator/PlanEvaluator.evaluateVariable;org/weakref/nitro/operator/evaluator/PlanEvaluator.evaluateCall;org/weakref/nitro/operator/evaluator/PlanEvaluator.evaluateArgument;org/weakref/nitro/operator/evaluator/PlanEvaluator.evaluate;org/weakref/nitro/operator/evaluator/PlanEvaluator.evaluateUnmemoized;org/weakref/nitro/operator/evaluator/PlanEvaluator.evaluateVariable;org/weakref/nitro/operator/evaluator/PlanEvaluator.evaluateCall;org/weakref/nitro/operator/evaluator/PlanEvaluator.evaluateArgument;org/weakref/nitro/operator/evaluator/PlanEvaluator.evaluate;org/weakref/nitro/operator/evaluator/PlanEvaluator.evaluateUnmemoized;org/weakref/nitro/operator/evaluator/PlanEvaluator.evaluateInput;org/weakref/nitro/operator/ProjectOperator$$Lambda.0x00000000481c6c60.resolve;org/weakref/nitro/operator/ProjectOperator.resolveEvaluatorInput;org/weakref/nitro/operator/Output.borrowOrNull;org/weakref/nitro/operator/Output.borrow;org/weakref/nitro/operator/NitroParquetScanOperator$ScanOutputResolver$$Lambda.0x00000000480aba90.apply;org/weakref/nitro/operator/NitroParquetScanOperator$ScanOutputResolver.resolve;org/weakref/nitro/operator/NitroParquetScanOperator.resolveLazyColumn;org/weakref/nitro/operator/NitroParquetScanOperator.decodeFullColumn;org/weakref/nitro/parquet/ColumnReader.readLongs;org/weakref/nitro/parquet/ColumnReader.decodeNextDataPage;org/weakref/nitro/parquet/ColumnReader.readPageHeader;org/apache/parquet/format/Util.readPageHeader;org/apache/parquet/format/Util.readPageHeader;org/apache/parquet/format/Util.read;org/apache/parquet/format/PageHeader.read;org/apache/parquet/format/PageHeader$PageHeaderStandardScheme.read;org/apache/parquet/format/PageHeader$PageHeaderStandardScheme.read;org/apache/parquet/format/InterningProtocol.readFieldBegin;shaded/parquet/org/apache/thrift/protocol/TCompactProtocol.readFieldBegin;shaded/parquet/org/apache/thrift/protocol/TCompactProtocol.readByte;shaded/parquet/org/apache/thrift/transport/TTransport.readAll;shaded/parquet/org/apache/thrift/transport/TIOStreamTransport.read;org/weakref/nitro/parquet/ParquetFile$SegmentInputStream.read;java/lang/foreign/MemorySegment.copy;jdk/internal/foreign/AbstractMemorySegmentImpl.copy;jdk/internal/misc/ScopedMemoryAccess.copyMemory;jdk/internal/misc/ScopedMemoryAccess.copyMemoryInternal;jdk/internal/misc/Unsafe.copyMemory;jbyte_disjoint_arraycopy_stub 1
java/lang/Thread.run;java/lang/Thread.runWith;java/util/concurrent/ThreadPoolExecutor$Worker.run;java/util/concurrent/ThreadPoolExecutor.runWorker;java/util/concurrent/FutureTask.run;java/util/concurrent/Executors$RunnableAdapter.call;java/util/concurrent/FutureTask.run;org/openjdk/jmh/runner/BenchmarkHandler$BenchmarkTask.call;org/openjdk/jmh/runner/BenchmarkHandler$BenchmarkTask.call;java/lang/reflect/Method.invoke;jdk/internal/reflect/DirectMethodHandleAccessor.invoke;jdk/internal/reflect/DirectMethodHandleAccessor.invokeImpl;java/lang/invoke/LambdaForm$MH.0x0000000048061400.invokeExact_MT;java/lang/invoke/LambdaForm$MH.0x0000000048061000.invoke;java/lang/invoke/DirectMethodHandle$Holder.invokeSpecial;org/weakref/nitro/clickbench/jmh_generated/BenchmarkQueries_query43_jmhTest.query43_AverageTime;org/weakref/nitro/clickbench/jmh_generated/BenchmarkQueries_query43_jmhTest.query43_avgt_jmhStub;org/weakref/nitro/clickbench/BenchmarkQueries.query43;org/weakref/nitro/clickbench/ClickBenchHitsSupport.query43;org/weakref/nitro/clickbench/ClickBenchHitsSupport.clickBenchScan;org/weakref/nitro/operator/NitroParquetScanOperator.<init>;java/util/stream/ReferencePipeline.toArray;java/util/stream/AbstractPipeline.evaluateToArrayNode;java/util/stream/AbstractPipeline.evaluate;java/util/stream/AbstractPipeline.wrapAndCopyInto;java/util/stream/AbstractPipeline.copyInto;java/util/AbstractList$RandomAccessSpliterator.forEachRemaining;java/util/stream/ReferencePipeline$3$1.accept;org/weakref/nitro/operator/NitroParquetScanOperator$$Lambda.0x00000000480864e8.apply;org/weakref/nitro/parquet/ParquetFile.open;org/weakref/nitro/parquet/ParquetFile.<init>;org/apache/parquet/format/Util.readFileMetaData;org/apache/parquet/format/Util.readFileMetaData;org/apache/parquet/format/Util.read;org/apache/parquet/format/FileMetaData.read;org/apache/parquet/format/FileMetaData$FileMetaDataStandardScheme.read;org/apache/parquet/format/FileMetaData$FileMetaDataStandardScheme.read;org/apache/parquet/format/RowGroup.read;org/apache/parquet/format/RowGroup$RowGroupStandardScheme.read;org/apache/parquet/format/RowGroup$RowGroupStandardScheme.read;org/apache/parquet/format/ColumnChunk.read;org/apache/parquet/format/ColumnChunk$ColumnChunkStandardScheme.read;org/apache/parquet/format/ColumnChunk$ColumnChunkStandardScheme.read;org/apache/parquet/format/ColumnMetaData.read;org/apache/parquet/format/ColumnMetaData$ColumnMetaDataStandardScheme.read;org/apache/parquet/format/ColumnMetaData$ColumnMetaDataStandardScheme.read;org/apache/parquet/format/InterningProtocol.readI32;shaded/parquet/org/apache/thrift/protocol/TCompactProtocol.readI32;shaded/parquet/org/apache/thrift/protocol/TCompactProtocol.readVarint32;shaded/parquet/org/apache/thrift/protocol/TCompactProtocol.readByte;shaded/parquet/org/apache/thrift/transport/TTransport.readAll;shaded/parquet/org/apache/thrift/transport/TIOStreamTransport.read;org/weakref/nitro/parquet/ParquetFile$SegmentInputStream.read;java/lang/foreign/MemorySegment.copy;jdk/internal/foreign/AbstractMemorySegmentImpl.copy 1
java/lang/Thread.run;java/lang/Thread.runWith;java/util/concurrent/ThreadPoolExecutor$Worker.run;java/util/concurrent/ThreadPoolExecutor.runWorker;java/util/concurrent/FutureTask.run;java/util/concurrent/Executors$RunnableAdapter.call;java/util/concurrent/FutureTask.run;org/openjdk/jmh/runner/BenchmarkHandler$BenchmarkTask.call;org/openjdk/jmh/runner/BenchmarkHandler$BenchmarkTask.call;java/lang/reflect/Method.invoke;jdk/internal/reflect/DirectMethodHandleAccessor.invoke;jdk/internal/reflect/DirectMethodHandleAccessor.invokeImpl;java/lang/invoke/LambdaForm$MH.0x0000000048061400.invokeExact_MT;java/lang/invoke/LambdaForm$MH.0x0000000048061000.invoke;java/lang/invoke/DirectMethodHandle$Holder.invokeSpecial;org/weakref/nitro/clickbench/jmh_generated/BenchmarkQueries_query43_jmhTest.query43_AverageTime;org/weakref/nitro/clickbench/jmh_generated/BenchmarkQueries_query43_jmhTest.query43_avgt_jmhStub;org/weakref/nitro/clickbench/BenchmarkQueries.query43;org/weakref/nitro/clickbench/ClickBenchHitsSupport.query43;org/weakref/nitro/clickbench/ClickBenchHitsSupport.counterAndEventDateFilter;org/weakref/nitro/clickbench/ClickBenchHitsSupport.dateRange;org/weakref/nitro/clickbench/ClickBenchHitsSupport.eventDateLiteral;org/weakref/nitro/clickbench/ClickBenchHitsSupport.eventDateUsesEpochDays;org/apache/parquet/hadoop/ParquetFileReader.open;org/apache/parquet/ParquetReadOptions.builder;org/apache/parquet/ParquetReadOptions$Builder.<init>;org/apache/parquet/ParquetReadOptions$Builder.<init>;org/apache/parquet/conf/HadoopParquetConfiguration.getBoolean;org/apache/hadoop/conf/Configuration.getBoolean;org/apache/hadoop/conf/Configuration.getTrimmed;org/apache/hadoop/conf/Configuration.get;org/apache/hadoop/conf/Configuration.getProps;org/apache/hadoop/conf/Configuration.loadProps;org/apache/hadoop/conf/Configuration.loadResources;org/apache/hadoop/conf/Configuration.loadResource;org/apache/hadoop/conf/Configuration$Parser.parse;org/apache/hadoop/conf/Configuration$Parser.parseNext;io/trino/hadoop/$internal/com/ctc/wstx/sr/BasicStreamReader.next;io/trino/hadoop/$internal/com/ctc/wstx/sr/BasicStreamReader.nextFromTree;io/trino/hadoop/$internal/com/ctc/wstx/sr/StreamScanner.getNext;io/trino/hadoop/$internal/com/ctc/wstx/sr/StreamScanner.loadMore;io/trino/hadoop/$internal/com/ctc/wstx/io/BranchingReaderSource.readInto;io/trino/hadoop/$internal/com/ctc/wstx/io/ReaderSource.readInto;io/trino/hadoop/$internal/com/ctc/wstx/io/UTF8Reader.read;io/trino/hadoop/$internal/com/ctc/wstx/io/UTF8Reader.loadMore;io/trino/hadoop/$internal/com/ctc/wstx/io/BaseReader.readBytes;java/io/FilterInputStream.read;java/util/zip/InflaterInputStream.read;java/util/zip/Inflater.inflate;java/util/zip/Inflater.inflateBytesBytes;Java_java_util_zip_Inflater_inflateBytesBytes;inflate;inflate_fast 1
java/lang/Thread.run;java/lang/Thread.runWith;java/util/concurrent/ThreadPoolExecutor$Worker.run;java/util/concurrent/ThreadPoolExecutor.runWorker;java/util/concurrent/FutureTask.run;java/util/concurrent/Executors$RunnableAdapter.call;java/util/concurrent/FutureTask.run;org/openjdk/jmh/runner/BenchmarkHandler$BenchmarkTask.call;org/openjdk/jmh/runner/BenchmarkHandler$BenchmarkTask.call;java/lang/reflect/Method.invoke;jdk/internal/reflect/DirectMethodHandleAccessor.invoke;jdk/internal/reflect/DirectMethodHandleAccessor.invokeImpl;java/lang/invoke/LambdaForm$MH.0x0000000048061400.invokeExact_MT;java/lang/invoke/LambdaForm$MH.0x0000000048061000.invoke;java/lang/invoke/DirectMethodHandle$Holder.invokeSpecial;org/weakref/nitro/clickbench/jmh_generated/BenchmarkQueries_query43_jmhTest.query43_AverageTime;org/weakref/nitro/clickbench/jmh_generated/BenchmarkQueries_query43_jmhTest.query43_avgt_jmhStub;org/weakref/nitro/clickbench/BenchmarkQueries.query43;org/weakref/nitro/clickbench/ClickBenchHitsSupport.query43;org/weakref/nitro/clickbench/ClickBenchHitsSupport.clickBenchScan;org/weakref/nitro/operator/NitroParquetScanOperator.<init>;java/util/stream/ReferencePipeline.toArray;java/util/stream/AbstractPipeline.evaluateToArrayNode;java/util/stream/AbstractPipeline.evaluate;java/util/stream/AbstractPipeline.wrapAndCopyInto;java/util/stream/AbstractPipeline.copyInto;java/util/AbstractList$RandomAccessSpliterator.forEachRemaining;java/util/stream/ReferencePipeline$3$1.accept;org/weakref/nitro/operator/NitroParquetScanOperator$$Lambda.0x00000000480864e8.apply;org/weakref/nitro/parquet/ParquetFile.open;org/weakref/nitro/parquet/ParquetFile.<init>;org/apache/parquet/format/Util.readFileMetaData;org/apache/parquet/format/Util.readFileMetaData;org/apache/parquet/format/Util.read;org/apache/parquet/format/FileMetaData.read;org/apache/parquet/format/FileMetaData$FileMetaDataStandardScheme.read;org/apache/parquet/format/FileMetaData$FileMetaDataStandardScheme.read;org/apache/parquet/format/RowGroup.read;org/apache/parquet/format/RowGroup$RowGroupStandardScheme.read;org/apache/parquet/format/RowGroup$RowGroupStandardScheme.read;org/apache/parquet/format/ColumnChunk.read;org/apache/parquet/format/ColumnChunk$ColumnChunkStandardScheme.read;org/apache/parquet/format/ColumnChunk$ColumnChunkStandardScheme.read;org/apache/parquet/format/ColumnMetaData.read;org/apache/parquet/format/ColumnMetaData$ColumnMetaDataStandardScheme.read;org/apache/parquet/format/ColumnMetaData$ColumnMetaDataStandardScheme.read;org/apache/parquet/format/Statistics.read;org/apache/parquet/format/Statistics$StatisticsStandardScheme.read;org/apache/parquet/format/Statistics$StatisticsStandardScheme.read;org/apache/parquet/format/InterningProtocol.readFieldBegin;shaded/parquet/org/apache/thrift/protocol/TCompactProtocol.readFieldBegin 1
java/lang/Thread.run;java/lang/Thread.runWith;java/util/concurrent/ThreadPoolExecutor$Worker.run;java/util/concurrent/ThreadPoolExecutor.runWorker;java/util/concurrent/FutureTask.run;java/util/concurrent/Executors$RunnableAdapter.call;java/util/concurrent/FutureTask.run;org/openjdk/jmh/runner/BenchmarkHandler$BenchmarkTask.call;org/openjdk/jmh/runner/BenchmarkHandler$BenchmarkTask.call;java/lang/reflect/Method.invoke;jdk/internal/reflect/DirectMethodHandleAccessor.invoke;jdk/internal/reflect/DirectMethodHandleAccessor.invokeImpl;java/lang/invoke/LambdaForm$MH.0x0000000048061400.invokeExact_MT;java/lang/invoke/LambdaForm$MH.0x0000000048061000.invoke;java/lang/invoke/DirectMethodHandle$Holder.invokeSpecial;org/weakref/nitro/clickbench/jmh_generated/BenchmarkQueries_query43_jmhTest.query43_AverageTime;org/weakref/nitro/clickbench/jmh_generated/BenchmarkQueries_query43_jmhTest.query43_avgt_jmhStub;org/weakref/nitro/clickbench/BenchmarkQueries.query43;org/weakref/nitro/clickbench/BenchmarkQueries.consume;org/weakref/nitro/operator/OffsetOperator.hasNext;org/weakref/nitro/operator/OffsetOperator.skipFullyConsumedBatches;org/weakref/nitro/operator/TopNOperator.next;org/weakref/nitro/operator/TopNOperator.computeTopN;org/weakref/nitro/operator/GroupedAggregationOperator.next;org/weakref/nitro/operator/GroupedAggregationOperator.computeResults;org/weakref/nitro/operator/GroupOperator.next;org/weakref/nitro/operator/ProjectOperator.next;org/weakref/nitro/operator/FilterOperator.next;org/weakref/nitro/operator/evaluator/PlanEvaluator.evaluateInPlace;org/weakref/nitro/operator/evaluator/PlanEvaluator.evaluateTrueMaskInPlace;org/weakref/nitro/operator/evaluator/PlanEvaluator.evaluateAdaptiveAndTrueMaskInPlace;org/weakref/nitro/operator/evaluator/PlanEvaluator.orderTerms;java/util/ArrayList.sort;java/util/ArrayList.sortRange;java/util/Arrays.sort;java/util/TimSort.sort;java/util/TimSort.countRunAndMakeAscending;java/util/Comparator$$Lambda.0x0000000048168028.compare;java/util/Comparator.lambda$comparingDouble$8dcf42ea$1;org/weakref/nitro/operator/evaluator/PlanEvaluator$$Lambda.0x00000000481d3070.applyAsDouble;org/weakref/nitro/operator/evaluator/PlanEvaluator.lambda$orderTerms$0;org/weakref/nitro/operator/evaluator/PlanEvaluator.score;java/util/HashMap.get;java/util/HashMap.getNode;java/util/HashMap.hash;org/weakref/nitro/operator/evaluator/ir/AndMask.hashCode;java/lang/invoke/Invokers$Holder.linkToTargetMethod;java/lang/invoke/LambdaForm$MH.0x0000000048101c00.invoke;java/lang/invoke/LambdaForm$MH.0x0000000048101000.invoke;java/lang/invoke/DirectMethodHandle$Holder.invokeStatic;org/weakref/nitro/operator/evaluator/ir/AndMask$$HasherSpecializer.0x00000000481e6bd8.hasher0;java/util/ImmutableCollections$AbstractImmutableList.hashCode;java/util/ImmutableCollections$List12.get 1
java/lang/Thread.run;java/lang/Thread.runWith;java/util/concurrent/ThreadPoolExecutor$Worker.run;java/util/concurrent/ThreadPoolExecutor.runWorker;java/util/concurrent/FutureTask.run;java/util/concurrent/Executors$RunnableAdapter.call;java/util/concurrent/FutureTask.run;org/openjdk/jmh/runner/BenchmarkHandler$BenchmarkTask.call;org/openjdk/jmh/runner/BenchmarkHandler$BenchmarkTask.call;java/lang/reflect/Method.invoke;jdk/internal/reflect/DirectMethodHandleAccessor.invoke;jdk/internal/reflect/DirectMethodHandleAccessor.invokeImpl;java/lang/invoke/LambdaForm$MH.0x0000000048061400.invokeExact_MT;java/lang/invoke/LambdaForm$MH.0x0000000048061000.invoke;java/lang/invoke/DirectMethodHandle$Holder.invokeSpecial;org/weakref/nitro/clickbench/jmh_generated/BenchmarkQueries_query43_jmhTest.query43_AverageTime;org/weakref/nitro/clickbench/jmh_generated/BenchmarkQueries_query43_jmhTest.query43_avgt_jmhStub;org/weakref/nitro/clickbench/BenchmarkQueries.query43;org/weakref/nitro/clickbench/BenchmarkQueries.consume;org/weakref/nitro/operator/OffsetOperator.hasNext;org/weakref/nitro/operator/OffsetOperator.skipFullyConsumedBatches;org/weakref/nitro/operator/TopNOperator.next;org/weakref/nitro/operator/TopNOperator.computeTopN;org/weakref/nitro/operator/GroupedAggregationOperator.next;org/weakref/nitro/operator/GroupedAggregationOperator.computeResults;org/weakref/nitro/operator/GroupOperator.next;org/weakref/nitro/operator/ProjectOperator.next;org/weakref/nitro/operator/FilterOperator.next;org/weakref/nitro/operator/evaluator/PlanEvaluator.evaluateInPlace;org/weakref/nitro/operator/evaluator/PlanEvaluator.evaluateTrueMaskInPlace;org/weakref/nitro/operator/evaluator/PlanEvaluator.evaluateAdaptiveAndTrueMaskInPlace;org/weakref/nitro/operator/evaluator/PlanEvaluator.evaluateMeasuredTrueMaskInPlace;org/weakref/nitro/operator/evaluator/PlanEvaluator.evaluateTrueMaskInPlace;org/weakref/nitro/operator/evaluator/PlanEvaluator.evaluateAdaptiveAndTrueMaskInPlace;org/weakref/nitro/operator/evaluator/PlanEvaluator.evaluateMeasuredTrueMaskInPlace;org/weakref/nitro/operator/evaluator/PlanEvaluator.evaluateTrueMaskInPlace;org/weakref/nitro/operator/evaluator/PlanEvaluator.tryEvaluatePrimitiveTrueMaskInPlace;org/weakref/nitro/operator/evaluator/PlanEvaluator.tryEvaluatePrimitiveMaskInPlace;org/weakref/nitro/operator/evaluator/PlanEvaluator.resolveMaskPrimitiveInvocation;org/weakref/nitro/operator/evaluator/PlanEvaluator.evaluateArgument;org/weakref/nitro/operator/FilterOperator$1.resolve;org/weakref/nitro/operator/Output.borrowOrNull;org/weakref/nitro/operator/Output.borrow;org/weakref/nitro/operator/Output.borrow;org/weakref/nitro/operator/NitroParquetScanOperator$ScanOutputResolver$$Lambda.0x00000000480aba90.apply;org/weakref/nitro/operator/NitroParquetScanOperator$ScanOutputResolver.resolve;org/weakref/nitro/operator/NitroParquetScanOperator.resolveLazyColumn;org/weakref/nitro/operator/NitroParquetScanOperator.decodeFullColumn;org/weakref/nitro/parquet/ColumnReader.readInts;org/weakref/nitro/parquet/ColumnReader.decodeNextDataPage;org/weakref/nitro/parquet/ColumnReader.readPageHeader;org/apache/parquet/format/Util.readPageHeader;org/apache/parquet/format/Util.readPageHeader;org/apache/parquet/format/Util.read;org/apache/parquet/format/PageHeader.read;org/apache/parquet/format/PageHeader$PageHeaderStandardScheme.read;org/apache/parquet/format/PageHeader$PageHeaderStandardScheme.read;org/apache/parquet/format/InterningProtocol.readFieldBegin;shaded/parquet/org/apache/thrift/protocol/TCompactProtocol.readFieldBegin;shaded/parquet/org/apache/thrift/protocol/TCompactProtocol.readByte;shaded/parquet/org/apache/thrift/transport/TTransport.readAll;shaded/parquet/org/apache/thrift/transport/TIOStreamTransport.read;org/weakref/nitro/parquet/ParquetFile$SegmentInputStream.read;java/lang/foreign/MemorySegment.copy;jdk/internal/foreign/AbstractMemorySegmentImpl.copy;jdk/internal/misc/ScopedMemoryAccess.copyMemory;jdk/internal/misc/ScopedMemoryAccess.copyMemoryInternal;jdk/internal/misc/Unsafe.copyMemory;jbyte_disjoint_arraycopy_stub;asm_exc_page_fault_[k];exc_page_fault_[k];do_user_addr_fault_[k];handle_mm_fault_[k];__handle_mm_fault_[k];handle_pte_fault_[k];do_fault_[k];do_read_fault_[k];filemap_map_pages_[k];next_uptodate_folio_[k];xas_find_[k];xas_load_[k] 4
java/lang/Thread.run;java/lang/Thread.runWith;java/util/concurrent/ThreadPoolExecutor$Worker.run;java/util/concurrent/ThreadPoolExecutor.runWorker;java/util/concurrent/FutureTask.run;java/util/concurrent/Executors$RunnableAdapter.call;java/util/concurrent/FutureTask.run;org/openjdk/jmh/runner/BenchmarkHandler$BenchmarkTask.call;org/openjdk/jmh/runner/BenchmarkHandler$BenchmarkTask.call;java/lang/reflect/Method.invoke;jdk/internal/reflect/DirectMethodHandleAccessor.invoke;jdk/internal/reflect/DirectMethodHandleAccessor.invokeImpl;java/lang/invoke/LambdaForm$MH.0x0000000048061400.invokeExact_MT;java/lang/invoke/LambdaForm$MH.0x0000000048061000.invoke;java/lang/invoke/DirectMethodHandle$Holder.invokeSpecial;org/weakref/nitro/clickbench/jmh_generated/BenchmarkQueries_query43_jmhTest.query43_AverageTime;org/weakref/nitro/clickbench/jmh_generated/BenchmarkQueries_query43_jmhTest.query43_avgt_jmhStub;org/weakref/nitro/clickbench/BenchmarkQueries.query43;org/weakref/nitro/clickbench/BenchmarkQueries.consume;org/weakref/nitro/operator/OffsetOperator.hasNext;org/weakref/nitro/operator/OffsetOperator.skipFullyConsumedBatches;org/weakref/nitro/operator/TopNOperator.next;org/weakref/nitro/operator/TopNOperator.computeTopN;org/weakref/nitro/operator/GroupedAggregationOperator.next;org/weakref/nitro/operator/GroupedAggregationOperator.computeResults;org/weakref/nitro/operator/Output.borrow;org/weakref/nitro/operator/GroupOperator$$Lambda.0x00000000481e38d0.apply;org/weakref/nitro/operator/GroupOperator.lambda$next$0;org/weakref/nitro/operator/GroupOperator.groupIds;org/weakref/nitro/operator/GroupOperator.doGroupingIfNeeded;org/weakref/nitro/operator/Output.borrow;org/weakref/nitro/operator/ProjectOperator$$Lambda.0x00000000481e76d8.apply;org/weakref/nitro/operator/ProjectOperator.lambda$next$4;org/weakref/nitro/operator/ProjectOperator.evaluateOutput;java/util/HashMap.computeIfAbsent;org/weakref/nitro/operator/ProjectOperator$$Lambda.0x00000000481ea4e8.apply;org/weakref/nitro/operator/ProjectOperator.lambda$evaluateOutput$0;org/weakref/nitro/operator/ProjectOperator.evaluateBundle;org/weakref/nitro/operator/evaluator/PlanEvaluator.evaluate;org/weakref/nitro/operator/evaluator/PlanEvaluator.evaluateUnmemoized;org/weakref/nitro/operator/evaluator/PlanEvaluator.evaluateVariable;org/weakref/nitro/operator/evaluator/PlanEvaluator.evaluateCall;org/weakref/nitro/function/scalar/builtin/MultiplyI64.apply;org/weakref/nitro/function/scalar/builtin/I64BinaryDispatch.applyLong;org/weakref/nitro/function/scalar/builtin/I64BinaryDispatch.forEachPair;org/weakref/nitro/function/scalar/builtin/I64BinaryDispatch.forEachFlatRle;org/weakref/nitro/data/Mask$1.next;org/weakref/nitro/data/Mask$1.next 1
java/lang/Thread.run;java/lang/Thread.runWith;java/util/concurrent/ThreadPoolExecutor$Worker.run;java/util/concurrent/ThreadPoolExecutor.runWorker;java/util/concurrent/FutureTask.run;java/util/concurrent/Executors$RunnableAdapter.call;java/util/concurrent/FutureTask.run;org/openjdk/jmh/runner/BenchmarkHandler$BenchmarkTask.call;org/openjdk/jmh/runner/BenchmarkHandler$BenchmarkTask.call;java/lang/reflect/Method.invoke;jdk/internal/reflect/DirectMethodHandleAccessor.invoke;jdk/internal/reflect/DirectMethodHandleAccessor.invokeImpl;java/lang/invoke/LambdaForm$MH.0x0000000048061400.invokeExact_MT;java/lang/invoke/LambdaForm$MH.0x0000000048061000.invoke;java/lang/invoke/DirectMethodHandle$Holder.invokeSpecial;org/weakref/nitro/clickbench/jmh_generated/BenchmarkQueries_query43_jmhTest.query43_AverageTime;org/weakref/nitro/clickbench/jmh_generated/BenchmarkQueries_query43_jmhTest.query43_avgt_jmhStub;org/weakref/nitro/clickbench/BenchmarkQueries.query43;org/weakref/nitro/clickbench/BenchmarkQueries.consume;org/weakref/nitro/operator/OffsetOperator.hasNext;org/weakref/nitro/operator/OffsetOperator.skipFullyConsumedBatches;org/weakref/nitro/operator/TopNOperator.next;org/weakref/nitro/operator/TopNOperator.computeTopN;org/weakref/nitro/operator/GroupedAggregationOperator.next;org/weakref/nitro/operator/GroupedAggregationOperator.computeResults;org/weakref/nitro/operator/GroupOperator.next;org/weakref/nitro/operator/ProjectOperator.next;org/weakref/nitro/operator/FilterOperator.next;org/weakref/nitro/operator/evaluator/PlanEvaluator.evaluateInPlace;org/weakref/nitro/operator/evaluator/PlanEvaluator.evaluateTrueMaskInPlace;org/weakref/nitro/operator/evaluator/PlanEvaluator.evaluateAdaptiveAndTrueMaskInPlace;org/weakref/nitro/operator/evaluator/PlanEvaluator.evaluateMeasuredTrueMaskInPlace;org/weakref/nitro/operator/evaluator/PlanEvaluator.evaluateTrueMaskInPlace;org/weakref/nitro/operator/evaluator/PlanEvaluator.evaluateAdaptiveAndTrueMaskInPlace;org/weakref/nitro/operator/evaluator/PlanEvaluator.evaluateMeasuredTrueMaskInPlace;org/weakref/nitro/operator/evaluator/PlanEvaluator.evaluateTrueMaskInPlace;org/weakref/nitro/operator/evaluator/PlanEvaluator.evaluateAdaptiveAndTrueMaskInPlace;org/weakref/nitro/operator/evaluator/PlanEvaluator.evaluateMeasuredTrueMaskInPlace;org/weakref/nitro/operator/evaluator/PlanEvaluator.evaluateTrueMaskInPlace;org/weakref/nitro/operator/evaluator/PlanEvaluator.tryEvaluatePrimitiveTrueMaskInPlace;org/weakref/nitro/operator/evaluator/PlanEvaluator.tryEvaluatePrimitiveMaskInPlace;org/weakref/nitro/operator/evaluator/PlanEvaluator.resolveMaskPrimitiveInvocation;org/weakref/nitro/operator/evaluator/PlanEvaluator.evaluateArgument;org/weakref/nitro/operator/FilterOperator$1.resolve;org/weakref/nitro/operator/Output.borrowOrNull;org/weakref/nitro/operator/Output.borrow;org/weakref/nitro/operator/Output.borrow;org/weakref/nitro/operator/NitroParquetScanOperator$ScanOutputResolver$$Lambda.0x00000000480aba90.apply;org/weakref/nitro/operator/NitroParquetScanOperator$ScanOutputResolver.resolve;org/weakref/nitro/operator/NitroParquetScanOperator.resolveLazyColumn;org/weakref/nitro/operator/NitroParquetScanOperator.decodeFullColumn;org/weakref/nitro/parquet/ColumnReader.readInts;org/weakref/nitro/parquet/ColumnReader.decodeNextDataPage;org/weakref/nitro/parquet/ColumnReader.decodeDataPageV1;org/weakref/nitro/parquet/RleReader.read;org/weakref/nitro/parquet/RleReader.readBitPacked;org/weakref/nitro/parquet/VectorBitUnpacker.unpack8;jdk/incubator/vector/IntVector.intoArray 1
java/lang/Thread.run;java/lang/Thread.runWith;java/util/concurrent/ThreadPoolExecutor$Worker.run;java/util/concurrent/ThreadPoolExecutor.runWorker;java/util/concurrent/FutureTask.run;java/util/concurrent/Executors$RunnableAdapter.call;java/util/concurrent/FutureTask.run;org/openjdk/jmh/runner/BenchmarkHandler$BenchmarkTask.call;org/openjdk/jmh/runner/BenchmarkHandler$BenchmarkTask.call;java/lang/reflect/Method.invoke;jdk/internal/reflect/DirectMethodHandleAccessor.invoke;jdk/internal/reflect/DirectMethodHandleAccessor.invokeImpl;java/lang/invoke/LambdaForm$MH.0x0000000048061400.invokeExact_MT;java/lang/invoke/LambdaForm$MH.0x0000000048061000.invoke;java/lang/invoke/DirectMethodHandle$Holder.invokeSpecial;org/weakref/nitro/clickbench/jmh_generated/BenchmarkQueries_query43_jmhTest.query43_AverageTime;org/weakref/nitro/clickbench/jmh_generated/BenchmarkQueries_query43_jmhTest.query43_avgt_jmhStub;org/weakref/nitro/clickbench/BenchmarkQueries.query43;org/weakref/nitro/clickbench/ClickBenchHitsSupport.query43;org/weakref/nitro/clickbench/ClickBenchHitsSupport.clickBenchScan;org/weakref/nitro/operator/NitroParquetScanOperator.<init>;java/util/stream/ReferencePipeline.toArray;java/util/stream/AbstractPipeline.evaluateToArrayNode;java/util/stream/AbstractPipeline.evaluate;java/util/stream/AbstractPipeline.wrapAndCopyInto;java/util/stream/AbstractPipeline.copyInto;java/util/AbstractList$RandomAccessSpliterator.forEachRemaining;java/util/stream/ReferencePipeline$3$1.accept;org/weakref/nitro/operator/NitroParquetScanOperator$$Lambda.0x00000000480864e8.apply;org/weakref/nitro/parquet/ParquetFile.open;org/weakref/nitro/parquet/ParquetFile.<init>;org/apache/parquet/format/Util.readFileMetaData;org/apache/parquet/format/Util.readFileMetaData;org/apache/parquet/format/Util.read;org/apache/parquet/format/FileMetaData.read;org/apache/parquet/format/FileMetaData$FileMetaDataStandardScheme.read;org/apache/parquet/format/FileMetaData$FileMetaDataStandardScheme.read;org/apache/parquet/format/RowGroup.read;org/apache/parquet/format/RowGroup$RowGroupStandardScheme.read;org/apache/parquet/format/RowGroup$RowGroupStandardScheme.read;org/apache/parquet/format/ColumnChunk.read;org/apache/parquet/format/ColumnChunk$ColumnChunkStandardScheme.read;org/apache/parquet/format/ColumnChunk$ColumnChunkStandardScheme.read;org/apache/parquet/format/ColumnMetaData.read;org/apache/parquet/format/ColumnMetaData$ColumnMetaDataStandardScheme.read;org/apache/parquet/format/ColumnMetaData$ColumnMetaDataStandardScheme.read;org/apache/parquet/format/InterningProtocol.readI64;shaded/parquet/org/apache/thrift/protocol/TCompactProtocol.readI64;shaded/parquet/org/apache/thrift/protocol/TCompactProtocol.readVarint64;shaded/parquet/org/apache/thrift/protocol/TCompactProtocol.readByte;shaded/parquet/org/apache/thrift/transport/TTransport.readAll;shaded/parquet/org/apache/thrift/transport/TIOStreamTransport.read;org/weakref/nitro/parquet/ParquetFile$SegmentInputStream.read;java/lang/foreign/MemorySegment.copy;jdk/internal/foreign/AbstractMemorySegmentImpl.copy;jdk/internal/misc/ScopedMemoryAccess.copyMemory;jdk/internal/misc/ScopedMemoryAccess.copyMemoryInternal;jdk/internal/misc/Unsafe.copyMemory;jbyte_disjoint_arraycopy_stub 1
java/lang/Thread.run;java/lang/Thread.runWith;java/util/concurrent/ThreadPoolExecutor$Worker.run;java/util/concurrent/ThreadPoolExecutor.runWorker;java/util/concurrent/FutureTask.run;java/util/concurrent/Executors$RunnableAdapter.call;java/util/concurrent/FutureTask.run;org/openjdk/jmh/runner/BenchmarkHandler$BenchmarkTask.call;org/openjdk/jmh/runner/BenchmarkHandler$BenchmarkTask.call;java/lang/reflect/Method.invoke;jdk/internal/reflect/DirectMethodHandleAccessor.invoke;jdk/internal/reflect/DirectMethodHandleAccessor.invokeImpl;java/lang/invoke/LambdaForm$MH.0x0000000048061400.invokeExact_MT;java/lang/invoke/LambdaForm$MH.0x0000000048061000.invoke;java/lang/invoke/DirectMethodHandle$Holder.invokeSpecial;org/weakref/nitro/clickbench/jmh_generated/BenchmarkQueries_query43_jmhTest.query43_AverageTime;org/weakref/nitro/clickbench/jmh_generated/BenchmarkQueries_query43_jmhTest.query43_avgt_jmhStub;org/weakref/nitro/clickbench/BenchmarkQueries.query43;org/weakref/nitro/clickbench/BenchmarkQueries.consume;org/weakref/nitro/operator/OffsetOperator.hasNext;org/weakref/nitro/operator/OffsetOperator.skipFullyConsumedBatches;org/weakref/nitro/operator/TopNOperator.next;org/weakref/nitro/operator/TopNOperator.computeTopN;org/weakref/nitro/operator/GroupedAggregationOperator.next;org/weakref/nitro/operator/GroupedAggregationOperator.computeResults;org/weakref/nitro/operator/Output.borrow;org/weakref/nitro/operator/GroupOperator$$Lambda.0x00000000481e38d0.apply;org/weakref/nitro/operator/GroupOperator.lambda$next$0;org/weakref/nitro/operator/GroupOperator.groupIds;org/weakref/nitro/operator/GroupOperator.doGroupingIfNeeded;org/weakref/nitro/operator/Output.borrow;org/weakref/nitro/operator/ProjectOperator$$Lambda.0x00000000481e76d8.apply;org/weakref/nitro/operator/ProjectOperator.lambda$next$4;org/weakref/nitro/operator/ProjectOperator.evaluateOutput;java/util/HashMap.computeIfAbsent;org/weakref/nitro/operator/ProjectOperator$$Lambda.0x00000000481ea4e8.apply;org/weakref/nitro/operator/ProjectOperator.lambda$evaluateOutput$0;org/weakref/nitro/operator/ProjectOperator.evaluateBundle;org/weakref/nitro/operator/evaluator/PlanEvaluator.evaluate;org/weakref/nitro/operator/evaluator/PlanEvaluator.evaluateUnmemoized;org/weakref/nitro/operator/evaluator/PlanEvaluator.evaluateVariable;org/weakref/nitro/operator/evaluator/PlanEvaluator.evaluateCall;org/weakref/nitro/operator/evaluator/PlanEvaluator.evaluateArgument;org/weakref/nitro/operator/evaluator/PlanEvaluator.evaluate;org/weakref/nitro/operator/evaluator/PlanEvaluator.evaluateUnmemoized;org/weakref/nitro/operator/evaluator/PlanEvaluator.evaluateVariable;org/weakref/nitro/operator/evaluator/PlanEvaluator.evaluateCall;org/weakref/nitro/operator/evaluator/PlanEvaluator.evaluateArgument;org/weakref/nitro/operator/evaluator/PlanEvaluator.evaluate;org/weakref/nitro/operator/evaluator/PlanEvaluator.evaluateUnmemoized;org/weakref/nitro/operator/evaluator/PlanEvaluator.evaluateInput;org/weakref/nitro/operator/ProjectOperator$$Lambda.0x00000000481c6c60.resolve;org/weakref/nitro/operator/ProjectOperator.resolveEvaluatorInput;org/weakref/nitro/operator/Output.borrowOrNull;org/weakref/nitro/operator/Output.borrow;org/weakref/nitro/operator/NitroParquetScanOperator$ScanOutputResolver$$Lambda.0x00000000480aba90.apply;org/weakref/nitro/operator/NitroParquetScanOperator$ScanOutputResolver.resolve;org/weakref/nitro/operator/NitroParquetScanOperator.resolveLazyColumn;org/weakref/nitro/operator/NitroParquetScanOperator.decodeFullColumn;org/weakref/nitro/parquet/ColumnReader.readLongs;org/weakref/nitro/parquet/ColumnReader.decodeNextDataPage;org/weakref/nitro/parquet/ColumnReader.decompress;io/airlift/compress/v3/snappy/SnappyNativeDecompressor.decompress;io/airlift/compress/v3/snappy/SnappyNative.decompress;io/airlift/compress/v3/snappy/SnappyNative.decompressInternal;java/lang/invoke/LambdaForm$MH.0x00000000481dc400.invokeExact_MT;java/lang/invoke/LambdaForm$MH.0x00000000481f4400.invoke;java/lang/invoke/LambdaForm$DMH.0x00000000480b1400.invokeStatic;jdk/internal/foreign/abi/DowncallStub.0x00000000480b1000.invoke;java/lang/invoke/LambdaForm$MH.0x00000000481dd000.invokeExact_MT;java/lang/invoke/LambdaForm$MH.0x00000000481f4800.invoke;nep_invoker_blob;snappy_uncompress;snappy::RawUncompress;snappy::RawUncompress;void snappy::SnappyDecompressor::DecompressAllTags<snappy::SnappyArrayWriter>;std::pair<unsigned char const*, long> snappy::DecompressBranchless<char*> 3
java/lang/Thread.run;java/lang/Thread.runWith;java/util/concurrent/ThreadPoolExecutor$Worker.run;java/util/concurrent/ThreadPoolExecutor.runWorker;java/util/concurrent/FutureTask.run;java/util/concurrent/Executors$RunnableAdapter.call;java/util/concurrent/FutureTask.run;org/openjdk/jmh/runner/BenchmarkHandler$BenchmarkTask.call;org/openjdk/jmh/runner/BenchmarkHandler$BenchmarkTask.call;java/lang/reflect/Method.invoke;jdk/internal/reflect/DirectMethodHandleAccessor.invoke;jdk/internal/reflect/DirectMethodHandleAccessor.invokeImpl;java/lang/invoke/LambdaForm$MH.0x0000000048061400.invokeExact_MT;java/lang/invoke/LambdaForm$MH.0x0000000048061000.invoke;java/lang/invoke/DirectMethodHandle$Holder.invokeSpecial;org/weakref/nitro/clickbench/jmh_generated/BenchmarkQueries_query43_jmhTest.query43_AverageTime;org/weakref/nitro/clickbench/jmh_generated/BenchmarkQueries_query43_jmhTest.query43_avgt_jmhStub;org/weakref/nitro/clickbench/BenchmarkQueries.query43;org/weakref/nitro/clickbench/BenchmarkQueries.consume;org/weakref/nitro/operator/OffsetOperator.hasNext;org/weakref/nitro/operator/OffsetOperator.skipFullyConsumedBatches;org/weakref/nitro/operator/TopNOperator.next;org/weakref/nitro/operator/TopNOperator.computeTopN;org/weakref/nitro/operator/GroupedAggregationOperator.next;org/weakref/nitro/operator/GroupedAggregationOperator.computeResults;org/weakref/nitro/operator/Output.borrow;org/weakref/nitro/operator/GroupOperator$$Lambda.0x00000000481e38d0.apply;org/weakref/nitro/operator/GroupOperator.lambda$next$0;org/weakref/nitro/operator/GroupOperator.groupIds;org/weakref/nitro/operator/GroupOperator.doGroupingIfNeeded;org/weakref/nitro/operator/Output.borrow;org/weakref/nitro/operator/ProjectOperator$$Lambda.0x00000000481e76d8.apply;org/weakref/nitro/operator/ProjectOperator.lambda$next$4;org/weakref/nitro/operator/ProjectOperator.evaluateOutput;java/util/HashMap.computeIfAbsent;org/weakref/nitro/operator/ProjectOperator$$Lambda.0x00000000481ea4e8.apply;org/weakref/nitro/operator/ProjectOperator.lambda$evaluateOutput$0;org/weakref/nitro/operator/ProjectOperator.evaluateBundle;org/weakref/nitro/operator/evaluator/PlanEvaluator.evaluate;org/weakref/nitro/operator/evaluator/PlanEvaluator.evaluateUnmemoized;org/weakref/nitro/operator/evaluator/PlanEvaluator.evaluateVariable;org/weakref/nitro/operator/evaluator/PlanEvaluator.evaluateCall;org/weakref/nitro/operator/evaluator/PlanEvaluator.evaluateArgument;org/weakref/nitro/operator/evaluator/PlanEvaluator.evaluate;org/weakref/nitro/operator/evaluator/PlanEvaluator.evaluateUnmemoized;org/weakref/nitro/operator/evaluator/PlanEvaluator.evaluateVariable;org/weakref/nitro/operator/evaluator/PlanEvaluator.evaluateCall;org/weakref/nitro/operator/evaluator/PlanEvaluator.evaluateArgument;org/weakref/nitro/operator/evaluator/PlanEvaluator.evaluate;org/weakref/nitro/operator/evaluator/PlanEvaluator.evaluateUnmemoized;org/weakref/nitro/operator/evaluator/PlanEvaluator.evaluateInput;org/weakref/nitro/operator/ProjectOperator$$Lambda.0x00000000481c6c60.resolve;org/weakref/nitro/operator/ProjectOperator.resolveEvaluatorInput;org/weakref/nitro/operator/Output.borrowOrNull;org/weakref/nitro/operator/Output.borrow;org/weakref/nitro/operator/NitroParquetScanOperator$ScanOutputResolver$$Lambda.0x00000000480aba90.apply;org/weakref/nitro/operator/NitroParquetScanOperator$ScanOutputResolver.resolve;org/weakref/nitro/operator/NitroParquetScanOperator.resolveLazyColumn;org/weakref/nitro/operator/NitroParquetScanOperator.decodeFullColumn;org/weakref/nitro/parquet/ColumnReader.readLongs;jlong_disjoint_arraycopy_stub 1
java/lang/Thread.run;java/lang/Thread.runWith;java/util/concurrent/ThreadPoolExecutor$Worker.run;java/util/concurrent/ThreadPoolExecutor.runWorker;java/util/concurrent/FutureTask.run;java/util/concurrent/Executors$RunnableAdapter.call;java/util/concurrent/FutureTask.run;org/openjdk/jmh/runner/BenchmarkHandler$BenchmarkTask.call;org/openjdk/jmh/runner/BenchmarkHandler$BenchmarkTask.call;java/lang/reflect/Method.invoke;jdk/internal/reflect/DirectMethodHandleAccessor.invoke;jdk/internal/reflect/DirectMethodHandleAccessor.invokeImpl;java/lang/invoke/LambdaForm$MH.0x0000000048061400.invokeExact_MT;java/lang/invoke/LambdaForm$MH.0x0000000048061000.invoke;java/lang/invoke/DirectMethodHandle$Holder.invokeSpecial;org/weakref/nitro/clickbench/jmh_generated/BenchmarkQueries_query43_jmhTest.query43_AverageTime;org/weakref/nitro/clickbench/jmh_generated/BenchmarkQueries_query43_jmhTest.query43_avgt_jmhStub;org/weakref/nitro/clickbench/BenchmarkQueries.query43;org/weakref/nitro/clickbench/BenchmarkQueries.consume;org/weakref/nitro/operator/OffsetOperator.hasNext;org/weakref/nitro/operator/OffsetOperator.skipFullyConsumedBatches;org/weakref/nitro/operator/TopNOperator.next;org/weakref/nitro/operator/TopNOperator.computeTopN;org/weakref/nitro/operator/GroupedAggregationOperator.next;org/weakref/nitro/operator/GroupedAggregationOperator.computeResults;org/weakref/nitro/operator/GroupOperator.next;org/weakref/nitro/operator/ProjectOperator.next;org/weakref/nitro/operator/FilterOperator.next;org/weakref/nitro/operator/evaluator/PlanEvaluator.resetForReuse;org/weakref/nitro/data/Allocator.releaseIfPresent;org/weakref/nitro/data/Allocator$ContextState.release;org/weakref/nitro/data/Allocator$ContextState.addVectorToPool;java/util/HashMap.computeIfAbsent 1
java/lang/Thread.run;java/lang/Thread.runWith;java/util/concurrent/ThreadPoolExecutor$Worker.run;java/util/concurrent/ThreadPoolExecutor.runWorker;java/util/concurrent/FutureTask.run;java/util/concurrent/Executors$RunnableAdapter.call;java/util/concurrent/FutureTask.run;org/openjdk/jmh/runner/BenchmarkHandler$BenchmarkTask.call;org/openjdk/jmh/runner/BenchmarkHandler$BenchmarkTask.call;java/lang/reflect/Method.invoke;jdk/internal/reflect/DirectMethodHandleAccessor.invoke;jdk/internal/reflect/DirectMethodHandleAccessor.invokeImpl;java/lang/invoke/LambdaForm$MH.0x0000000048061400.invokeExact_MT;java/lang/invoke/LambdaForm$MH.0x0000000048061000.invoke;java/lang/invoke/DirectMethodHandle$Holder.invokeSpecial;org/weakref/nitro/clickbench/jmh_generated/BenchmarkQueries_query43_jmhTest.query43_AverageTime;org/weakref/nitro/clickbench/jmh_generated/BenchmarkQueries_query43_jmhTest.query43_avgt_jmhStub;org/weakref/nitro/clickbench/BenchmarkQueries.query43;org/weakref/nitro/clickbench/ClickBenchHitsSupport.query43;org/weakref/nitro/clickbench/ClickBenchHitsSupport.counterAndEventDateFilter;org/weakref/nitro/clickbench/ClickBenchHitsSupport.dateRange;org/weakref/nitro/clickbench/ClickBenchHitsSupport.eventDateLiteral;org/weakref/nitro/clickbench/ClickBenchHitsSupport.eventDateUsesEpochDays;org/apache/parquet/hadoop/ParquetFileReader.open;org/apache/parquet/ParquetReadOptions.builder;org/apache/parquet/ParquetReadOptions$Builder.<init>;org/apache/parquet/ParquetReadOptions$Builder.<init>;org/apache/parquet/conf/HadoopParquetConfiguration.getBoolean;org/apache/hadoop/conf/Configuration.getBoolean;org/apache/hadoop/conf/Configuration.getTrimmed;org/apache/hadoop/conf/Configuration.get;org/apache/hadoop/conf/Configuration.getProps;org/apache/hadoop/conf/Configuration.loadProps;org/apache/hadoop/conf/Configuration.loadResources;org/apache/hadoop/conf/Configuration.loadResource;org/apache/hadoop/conf/Configuration$Parser.parse;org/apache/hadoop/conf/Configuration$Parser.parseNext;io/trino/hadoop/$internal/com/ctc/wstx/sr/BasicStreamReader.getTextCharacters;io/trino/hadoop/$internal/com/ctc/wstx/sr/BasicStreamReader.safeFinishToken;io/trino/hadoop/$internal/com/ctc/wstx/sr/BasicStreamReader.finishToken;io/trino/hadoop/$internal/com/ctc/wstx/sr/BasicStreamReader.readTextSecondary;io/trino/hadoop/$internal/com/ctc/wstx/sr/StreamScanner.loadMore;io/trino/hadoop/$internal/com/ctc/wstx/io/BranchingReaderSource.readInto;io/trino/hadoop/$internal/com/ctc/wstx/io/ReaderSource.readInto;io/trino/hadoop/$internal/com/ctc/wstx/io/UTF8Reader.read;io/trino/hadoop/$internal/com/ctc/wstx/io/UTF8Reader.loadMore;io/trino/hadoop/$internal/com/ctc/wstx/io/BaseReader.readBytes;java/io/FilterInputStream.read;java/util/zip/InflaterInputStream.read;java/util/zip/Inflater.inflate;java/util/zip/Inflater.inflateBytesBytes;Java_java_util_zip_Inflater_inflateBytesBytes;inflate;inflate_fast 1
java/lang/Thread.run;java/lang/Thread.runWith;java/util/concurrent/ThreadPoolExecutor$Worker.run;java/util/concurrent/ThreadPoolExecutor.runWorker;java/util/concurrent/FutureTask.run;java/util/concurrent/Executors$RunnableAdapter.call;java/util/concurrent/FutureTask.run;org/openjdk/jmh/runner/BenchmarkHandler$BenchmarkTask.call;org/openjdk/jmh/runner/BenchmarkHandler$BenchmarkTask.call;java/lang/reflect/Method.invoke;jdk/internal/reflect/DirectMethodHandleAccessor.invoke;jdk/internal/reflect/DirectMethodHandleAccessor.invokeImpl;java/lang/invoke/LambdaForm$MH.0x0000000048061400.invokeExact_MT;java/lang/invoke/LambdaForm$MH.0x0000000048061000.invoke;java/lang/invoke/DirectMethodHandle$Holder.invokeSpecial;org/weakref/nitro/clickbench/jmh_generated/BenchmarkQueries_query43_jmhTest.query43_AverageTime;org/weakref/nitro/clickbench/jmh_generated/BenchmarkQueries_query43_jmhTest.query43_avgt_jmhStub;org/weakref/nitro/clickbench/BenchmarkQueries.query43;org/weakref/nitro/clickbench/BenchmarkQueries.consume;org/weakref/nitro/operator/OffsetOperator.hasNext;org/weakref/nitro/operator/OffsetOperator.skipFullyConsumedBatches;org/weakref/nitro/operator/TopNOperator.next;org/weakref/nitro/operator/TopNOperator.computeTopN;org/weakref/nitro/operator/GroupedAggregationOperator.next;org/weakref/nitro/operator/GroupedAggregationOperator.computeResults;org/weakref/nitro/operator/Output.borrow;org/weakref/nitro/operator/GroupOperator$$Lambda.0x00000000481e38d0.apply;org/weakref/nitro/operator/GroupOperator.lambda$next$0;org/weakref/nitro/operator/GroupOperator.groupIds;org/weakref/nitro/operator/GroupOperator.doGroupingIfNeeded;org/weakref/nitro/operator/Output.borrow;org/weakref/nitro/operator/ProjectOperator$$Lambda.0x00000000481e76d8.apply;org/weakref/nitro/operator/ProjectOperator.lambda$next$4;org/weakref/nitro/operator/ProjectOperator.evaluateOutput;java/util/HashMap.computeIfAbsent;org/weakref/nitro/operator/ProjectOperator$$Lambda.0x00000000481ea4e8.apply;org/weakref/nitro/operator/ProjectOperator.lambda$evaluateOutput$0;org/weakref/nitro/operator/ProjectOperator.evaluateBundle;org/weakref/nitro/operator/evaluator/PlanEvaluator.evaluate;org/weakref/nitro/operator/evaluator/PlanEvaluator.evaluateUnmemoized;org/weakref/nitro/operator/evaluator/PlanEvaluator.evaluateVariable;org/weakref/nitro/operator/evaluator/PlanEvaluator.evaluateCall;org/weakref/nitro/function/scalar/builtin/MultiplyI64.apply;org/weakref/nitro/function/scalar/builtin/I64BinaryDispatch.applyLong;org/weakref/nitro/function/scalar/builtin/I64BinaryDispatch.forEachPair;org/weakref/nitro/function/scalar/builtin/I64BinaryDispatch.forEachFlatRle;org/weakref/nitro/data/Mask$1.next;org/weakref/nitro/data/Mask$1.next 1
java/lang/Thread.run;java/lang/Thread.runWith;java/util/concurrent/ThreadPoolExecutor$Worker.run;java/util/concurrent/ThreadPoolExecutor.runWorker;java/util/concurrent/FutureTask.run;java/util/concurrent/Executors$RunnableAdapter.call;java/util/concurrent/FutureTask.run;org/openjdk/jmh/runner/BenchmarkHandler$BenchmarkTask.call;org/openjdk/jmh/runner/BenchmarkHandler$BenchmarkTask.call;java/lang/reflect/Method.invoke;jdk/internal/reflect/DirectMethodHandleAccessor.invoke;jdk/internal/reflect/DirectMethodHandleAccessor.invokeImpl;java/lang/invoke/LambdaForm$MH.0x0000000048061400.invokeExact_MT;java/lang/invoke/LambdaForm$MH.0x0000000048061000.invoke;java/lang/invoke/DirectMethodHandle$Holder.invokeSpecial;org/weakref/nitro/clickbench/jmh_generated/BenchmarkQueries_query43_jmhTest.query43_AverageTime;org/weakref/nitro/clickbench/jmh_generated/BenchmarkQueries_query43_jmhTest.query43_avgt_jmhStub;org/weakref/nitro/clickbench/BenchmarkQueries.query43;org/weakref/nitro/clickbench/ClickBenchHitsSupport.query43;org/weakref/nitro/clickbench/ClickBenchHitsSupport.clickBenchScan;org/weakref/nitro/operator/NitroParquetScanOperator.<init>;java/util/stream/ReferencePipeline.toArray;java/util/stream/AbstractPipeline.evaluateToArrayNode;java/util/stream/AbstractPipeline.evaluate;java/util/stream/AbstractPipeline.wrapAndCopyInto;java/util/stream/AbstractPipeline.copyInto;java/util/AbstractList$RandomAccessSpliterator.forEachRemaining;java/util/stream/ReferencePipeline$3$1.accept;org/weakref/nitro/operator/NitroParquetScanOperator$$Lambda.0x00000000480864e8.apply;org/weakref/nitro/parquet/ParquetFile.open;org/weakref/nitro/parquet/ParquetFile.<init>;org/apache/parquet/format/Util.readFileMetaData;org/apache/parquet/format/Util.readFileMetaData;org/apache/parquet/format/Util.read;org/apache/parquet/format/FileMetaData.read;org/apache/parquet/format/FileMetaData$FileMetaDataStandardScheme.read;org/apache/parquet/format/FileMetaData$FileMetaDataStandardScheme.read;org/apache/parquet/format/RowGroup.read;org/apache/parquet/format/RowGroup$RowGroupStandardScheme.read;org/apache/parquet/format/RowGroup$RowGroupStandardScheme.read;org/apache/parquet/format/ColumnChunk.read;org/apache/parquet/format/ColumnChunk$ColumnChunkStandardScheme.read;org/apache/parquet/format/ColumnChunk$ColumnChunkStandardScheme.read;org/apache/parquet/format/ColumnMetaData.read;org/apache/parquet/format/ColumnMetaData$ColumnMetaDataStandardScheme.read;org/apache/parquet/format/ColumnMetaData$ColumnMetaDataStandardScheme.read;org/apache/parquet/format/InterningProtocol.readString;shaded/parquet/org/apache/thrift/protocol/TCompactProtocol.readString;java/lang/String.<init>;java/lang/String.<init>;java/lang/String.utf8 1
java/lang/Thread.run;java/lang/Thread.runWith;java/util/concurrent/ThreadPoolExecutor$Worker.run;java/util/concurrent/ThreadPoolExecutor.runWorker;java/util/concurrent/FutureTask.run;java/util/concurrent/Executors$RunnableAdapter.call;java/util/concurrent/FutureTask.run;org/openjdk/jmh/runner/BenchmarkHandler$BenchmarkTask.call;org/openjdk/jmh/runner/BenchmarkHandler$BenchmarkTask.call;java/lang/reflect/Method.invoke;jdk/internal/reflect/DirectMethodHandleAccessor.invoke;jdk/internal/reflect/DirectMethodHandleAccessor.invokeImpl;java/lang/invoke/LambdaForm$MH.0x0000000048061400.invokeExact_MT;java/lang/invoke/LambdaForm$MH.0x0000000048061000.invoke;java/lang/invoke/DirectMethodHandle$Holder.invokeSpecial;org/weakref/nitro/clickbench/jmh_generated/BenchmarkQueries_query43_jmhTest.query43_AverageTime;org/weakref/nitro/clickbench/jmh_generated/BenchmarkQueries_query43_jmhTest.query43_avgt_jmhStub;org/weakref/nitro/clickbench/BenchmarkQueries.query43;org/weakref/nitro/clickbench/BenchmarkQueries.consume;org/weakref/nitro/operator/OffsetOperator.hasNext;org/weakref/nitro/operator/OffsetOperator.skipFullyConsumedBatches;org/weakref/nitro/operator/TopNOperator.next;org/weakref/nitro/operator/TopNOperator.computeTopN;org/weakref/nitro/operator/GroupedAggregationOperator.next;org/weakref/nitro/operator/GroupedAggregationOperator.computeResults;org/weakref/nitro/operator/GroupOperator.next;org/weakref/nitro/operator/ProjectOperator.next;org/weakref/nitro/operator/FilterOperator.next;org/weakref/nitro/operator/NitroParquetScanOperator.next;org/weakref/nitro/operator/NitroParquetScanOperator.lazyBatch;org/weakref/nitro/data/Allocator.allocateAllMask;org/weakref/nitro/data/Allocator$ContextState.borrowMask 1
java/lang/Thread.run;java/lang/Thread.runWith;java/util/concurrent/ThreadPoolExecutor$Worker.run;java/util/concurrent/ThreadPoolExecutor.runWorker;java/util/concurrent/FutureTask.run;java/util/concurrent/Executors$RunnableAdapter.call;java/util/concurrent/FutureTask.run;org/openjdk/jmh/runner/BenchmarkHandler$BenchmarkTask.call;org/openjdk/jmh/runner/BenchmarkHandler$BenchmarkTask.call;java/lang/reflect/Method.invoke;jdk/internal/reflect/DirectMethodHandleAccessor.invoke;jdk/internal/reflect/DirectMethodHandleAccessor.invokeImpl;java/lang/invoke/LambdaForm$MH.0x0000000048061400.invokeExact_MT;java/lang/invoke/LambdaForm$MH.0x0000000048061000.invoke;java/lang/invoke/DirectMethodHandle$Holder.invokeSpecial;org/weakref/nitro/clickbench/jmh_generated/BenchmarkQueries_query43_jmhTest.query43_AverageTime;org/weakref/nitro/clickbench/jmh_generated/BenchmarkQueries_query43_jmhTest.query43_avgt_jmhStub;org/weakref/nitro/clickbench/BenchmarkQueries.query43;org/weakref/nitro/clickbench/BenchmarkQueries.consume;org/weakref/nitro/operator/OffsetOperator.hasNext;org/weakref/nitro/operator/OffsetOperator.skipFullyConsumedBatches;org/weakref/nitro/operator/TopNOperator.next;org/weakref/nitro/operator/TopNOperator.computeTopN;org/weakref/nitro/operator/GroupedAggregationOperator.next;org/weakref/nitro/operator/GroupedAggregationOperator.computeResults;org/weakref/nitro/operator/GroupOperator.next;org/weakref/nitro/operator/ProjectOperator.next;org/weakref/nitro/operator/FilterOperator.next;org/weakref/nitro/operator/evaluator/PlanEvaluator.evaluateInPlace;org/weakref/nitro/operator/evaluator/PlanEvaluator.evaluateTrueMaskInPlace;org/weakref/nitro/operator/evaluator/PlanEvaluator.evaluateAdaptiveAndTrueMaskInPlace;org/weakref/nitro/operator/evaluator/PlanEvaluator.evaluateMeasuredTrueMaskInPlace;org/weakref/nitro/operator/evaluator/PlanEvaluator.evaluateTrueMaskInPlace;org/weakref/nitro/operator/evaluator/PlanEvaluator.evaluateAdaptiveAndTrueMaskInPlace;org/weakref/nitro/operator/evaluator/PlanEvaluator.evaluateMeasuredTrueMaskInPlace;org/weakref/nitro/operator/evaluator/PlanEvaluator.evaluateTrueMaskInPlace;org/weakref/nitro/operator/evaluator/PlanEvaluator.tryEvaluatePrimitiveTrueMaskInPlace;org/weakref/nitro/operator/evaluator/PlanEvaluator.tryEvaluatePrimitiveMaskInPlace;org/weakref/nitro/function/scalar/builtin/EqualI64.tryEvaluateTrueMaskInPlace;org/weakref/nitro/function/scalar/builtin/LongComparisonMaskSupport.tryEvaluateTrueMaskInPlace;org/weakref/nitro/function/scalar/builtin/LongComparisonMaskSupport.tryConstantComparisonInPlace;org/weakref/nitro/function/scalar/builtin/LongComparisonMaskSupport.singleRunLong 17
java/lang/Thread.run;java/lang/Thread.runWith;java/util/concurrent/ThreadPoolExecutor$Worker.run;java/util/concurrent/ThreadPoolExecutor.runWorker;java/util/concurrent/FutureTask.run;java/util/concurrent/Executors$RunnableAdapter.call;java/util/concurrent/FutureTask.run;org/openjdk/jmh/runner/BenchmarkHandler$BenchmarkTask.call;org/openjdk/jmh/runner/BenchmarkHandler$BenchmarkTask.call;java/lang/reflect/Method.invoke;jdk/internal/reflect/DirectMethodHandleAccessor.invoke;jdk/internal/reflect/DirectMethodHandleAccessor.invokeImpl;java/lang/invoke/LambdaForm$MH.0x0000000048061400.invokeExact_MT;java/lang/invoke/LambdaForm$MH.0x0000000048061000.invoke;java/lang/invoke/DirectMethodHandle$Holder.invokeSpecial;org/weakref/nitro/clickbench/jmh_generated/BenchmarkQueries_query43_jmhTest.query43_AverageTime;org/weakref/nitro/clickbench/jmh_generated/BenchmarkQueries_query43_jmhTest.query43_avgt_jmhStub;org/weakref/nitro/clickbench/BenchmarkQueries.query43;org/weakref/nitro/clickbench/BenchmarkQueries.consume;org/weakref/nitro/operator/OffsetOperator.hasNext;org/weakref/nitro/operator/OffsetOperator.skipFullyConsumedBatches;org/weakref/nitro/operator/TopNOperator.next;org/weakref/nitro/operator/TopNOperator.computeTopN;org/weakref/nitro/operator/GroupedAggregationOperator.next;org/weakref/nitro/operator/GroupedAggregationOperator.computeResults;org/weakref/nitro/operator/Output.borrow;org/weakref/nitro/operator/GroupOperator$$Lambda.0x00000000481e38d0.apply;org/weakref/nitro/operator/GroupOperator.lambda$next$0;org/weakref/nitro/operator/GroupOperator.groupIds;org/weakref/nitro/operator/GroupOperator.doGroupingIfNeeded;org/weakref/nitro/operator/Output.borrow;org/weakref/nitro/operator/ProjectOperator$$Lambda.0x00000000481e76d8.apply;org/weakref/nitro/operator/ProjectOperator.lambda$next$4;org/weakref/nitro/operator/ProjectOperator.evaluateOutput;java/util/HashMap.computeIfAbsent;org/weakref/nitro/operator/ProjectOperator$$Lambda.0x00000000481ea4e8.apply;org/weakref/nitro/operator/ProjectOperator.lambda$evaluateOutput$0;org/weakref/nitro/operator/ProjectOperator.evaluateBundle;org/weakref/nitro/operator/evaluator/PlanEvaluator.evaluate;org/weakref/nitro/operator/evaluator/PlanEvaluator.evaluateUnmemoized;org/weakref/nitro/operator/evaluator/PlanEvaluator.evaluateVariable;org/weakref/nitro/operator/evaluator/PlanEvaluator.evaluateCall;org/weakref/nitro/operator/evaluator/PlanEvaluator.evaluateArgument;org/weakref/nitro/operator/evaluator/PlanEvaluator.evaluate;org/weakref/nitro/operator/evaluator/PlanEvaluator.evaluateUnmemoized;org/weakref/nitro/operator/evaluator/PlanEvaluator.evaluateVariable;org/weakref/nitro/operator/evaluator/PlanEvaluator.evaluateCall;org/weakref/nitro/operator/evaluator/PlanEvaluator.evaluateArgument;org/weakref/nitro/operator/evaluator/PlanEvaluator.evaluate;org/weakref/nitro/operator/evaluator/PlanEvaluator.evaluateUnmemoized;org/weakref/nitro/operator/evaluator/PlanEvaluator.evaluateInput;org/weakref/nitro/operator/ProjectOperator$$Lambda.0x00000000481c6c60.resolve;org/weakref/nitro/operator/ProjectOperator.resolveEvaluatorInput;org/weakref/nitro/operator/Output.borrowOrNull;org/weakref/nitro/operator/Output.borrow;org/weakref/nitro/operator/NitroParquetScanOperator$ScanOutputResolver$$Lambda.0x00000000480aba90.apply;org/weakref/nitro/operator/NitroParquetScanOperator$ScanOutputResolver.resolve;org/weakref/nitro/operator/NitroParquetScanOperator.resolveLazyColumn;org/weakref/nitro/operator/NitroParquetScanOperator.decodeFullColumn;org/weakref/nitro/parquet/ColumnReader.readLongs;org/weakref/nitro/parquet/ColumnReader.decodeNextDataPage;org/weakref/nitro/parquet/ColumnReader.decompress;io/airlift/compress/v3/snappy/SnappyNativeDecompressor.decompress;io/airlift/compress/v3/snappy/SnappyNative.decompress;io/airlift/compress/v3/snappy/SnappyNative.decompressInternal;java/lang/invoke/LambdaForm$MH.0x00000000481dc400.invokeExact_MT;java/lang/invoke/LambdaForm$MH.0x00000000481f4400.invoke;java/lang/invoke/LambdaForm$DMH.0x00000000480b1400.invokeStatic;jdk/internal/foreign/abi/DowncallStub.0x00000000480b1000.invoke;java/lang/invoke/LambdaForm$MH.0x00000000481dd000.invokeExact_MT;java/lang/invoke/LambdaForm$MH.0x00000000481f4800.invoke;nep_invoker_blob;snappy_uncompress;snappy::RawUncompress;snappy::RawUncompress;void snappy::SnappyDecompressor::DecompressAllTags<snappy::SnappyArrayWriter>;std::pair<unsigned char const*, long> snappy::DecompressBranchless<char*>;snappy::MemCopy64;/usr/lib/x86_64-linux-gnu/libc.so.6 1
java/lang/Thread.run;java/lang/Thread.runWith;java/util/concurrent/ThreadPoolExecutor$Worker.run;java/util/concurrent/ThreadPoolExecutor.runWorker;java/util/concurrent/FutureTask.run;java/util/concurrent/Executors$RunnableAdapter.call;java/util/concurrent/FutureTask.run;org/openjdk/jmh/runner/BenchmarkHandler$BenchmarkTask.call;org/openjdk/jmh/runner/BenchmarkHandler$BenchmarkTask.call;java/lang/reflect/Method.invoke;jdk/internal/reflect/DirectMethodHandleAccessor.invoke;jdk/internal/reflect/DirectMethodHandleAccessor.invokeImpl;java/lang/invoke/LambdaForm$MH.0x0000000048061400.invokeExact_MT;java/lang/invoke/LambdaForm$MH.0x0000000048061000.invoke;java/lang/invoke/DirectMethodHandle$Holder.invokeSpecial;org/weakref/nitro/clickbench/jmh_generated/BenchmarkQueries_query43_jmhTest.query43_AverageTime;org/weakref/nitro/clickbench/jmh_generated/BenchmarkQueries_query43_jmhTest.query43_avgt_jmhStub;org/weakref/nitro/clickbench/BenchmarkQueries.query43;org/weakref/nitro/clickbench/ClickBenchHitsSupport.query43;org/weakref/nitro/clickbench/ClickBenchHitsSupport.clickBenchScan;org/weakref/nitro/operator/NitroParquetScanOperator.<init>;java/util/stream/ReferencePipeline.toArray;java/util/stream/AbstractPipeline.evaluateToArrayNode;java/util/stream/AbstractPipeline.evaluate;java/util/stream/AbstractPipeline.wrapAndCopyInto;java/util/stream/AbstractPipeline.copyInto;java/util/AbstractList$RandomAccessSpliterator.forEachRemaining;java/util/stream/ReferencePipeline$3$1.accept;org/weakref/nitro/operator/NitroParquetScanOperator$$Lambda.0x00000000480864e8.apply;org/weakref/nitro/parquet/ParquetFile.open;org/weakref/nitro/parquet/ParquetFile.<init>;org/apache/parquet/format/Util.readFileMetaData;org/apache/parquet/format/Util.readFileMetaData;org/apache/parquet/format/Util.read;org/apache/parquet/format/FileMetaData.read;org/apache/parquet/format/FileMetaData$FileMetaDataStandardScheme.read;org/apache/parquet/format/FileMetaData$FileMetaDataStandardScheme.read;org/apache/parquet/format/RowGroup.read;org/apache/parquet/format/RowGroup$RowGroupStandardScheme.read;org/apache/parquet/format/RowGroup$RowGroupStandardScheme.read;org/apache/parquet/format/ColumnChunk.read;org/apache/parquet/format/ColumnChunk$ColumnChunkStandardScheme.read;org/apache/parquet/format/ColumnChunk$ColumnChunkStandardScheme.read;org/apache/parquet/format/ColumnMetaData.read;org/apache/parquet/format/ColumnMetaData$ColumnMetaDataStandardScheme.read;org/apache/parquet/format/ColumnMetaData$ColumnMetaDataStandardScheme.read;org/apache/parquet/format/InterningProtocol.readI32;shaded/parquet/org/apache/thrift/protocol/TCompactProtocol.readI32;shaded/parquet/org/apache/thrift/protocol/TCompactProtocol.readVarint32;shaded/parquet/org/apache/thrift/protocol/TCompactProtocol.readByte;shaded/parquet/org/apache/thrift/transport/TTransport.readAll;shaded/parquet/org/apache/thrift/transport/TIOStreamTransport.read;org/weakref/nitro/parquet/ParquetFile$SegmentInputStream.read;java/lang/foreign/MemorySegment.copy;jdk/internal/foreign/AbstractMemorySegmentImpl.copy;jdk/internal/misc/ScopedMemoryAccess.copyMemory;jdk/internal/misc/ScopedMemoryAccess.copyMemoryInternal;jdk/internal/foreign/MemorySessionImpl.checkValidStateRaw 1
java/lang/Thread.run;java/lang/Thread.runWith;java/util/concurrent/ThreadPoolExecutor$Worker.run;java/util/concurrent/ThreadPoolExecutor.runWorker;java/util/concurrent/FutureTask.run;java/util/concurrent/Executors$RunnableAdapter.call;java/util/concurrent/FutureTask.run;org/openjdk/jmh/runner/BenchmarkHandler$BenchmarkTask.call;org/openjdk/jmh/runner/BenchmarkHandler$BenchmarkTask.call;java/lang/reflect/Method.invoke;jdk/internal/reflect/DirectMethodHandleAccessor.invoke;jdk/internal/reflect/DirectMethodHandleAccessor.invokeImpl;java/lang/invoke/LambdaForm$MH.0x0000000048061400.invokeExact_MT;java/lang/invoke/LambdaForm$MH.0x0000000048061000.invoke;java/lang/invoke/DirectMethodHandle$Holder.invokeSpecial;org/weakref/nitro/clickbench/jmh_generated/BenchmarkQueries_query43_jmhTest.query43_AverageTime;org/weakref/nitro/clickbench/jmh_generated/BenchmarkQueries_query43_jmhTest.query43_avgt_jmhStub;org/weakref/nitro/clickbench/BenchmarkQueries.query43;org/weakref/nitro/clickbench/BenchmarkQueries.consume;org/weakref/nitro/operator/OffsetOperator.hasNext;org/weakref/nitro/operator/OffsetOperator.skipFullyConsumedBatches;org/weakref/nitro/operator/TopNOperator.next;org/weakref/nitro/operator/TopNOperator.computeTopN;org/weakref/nitro/operator/GroupedAggregationOperator.next;org/weakref/nitro/operator/GroupedAggregationOperator.computeResults;org/weakref/nitro/operator/Output.borrow;org/weakref/nitro/operator/GroupOperator$$Lambda.0x00000000481e38d0.apply;org/weakref/nitro/operator/GroupOperator.lambda$next$0;org/weakref/nitro/operator/GroupOperator.groupIds;org/weakref/nitro/operator/GroupOperator.doGroupingIfNeeded;org/weakref/nitro/operator/GroupingState.assignGroups;org/weakref/nitro/operator/GroupingState.assignGroups;org/weakref/nitro/operator/GroupingState.assignLongGroups 1
java/lang/Thread.run;java/lang/Thread.runWith;java/util/concurrent/ThreadPoolExecutor$Worker.run;java/util/concurrent/ThreadPoolExecutor.runWorker;java/util/concurrent/FutureTask.run;java/util/concurrent/Executors$RunnableAdapter.call;java/util/concurrent/FutureTask.run;org/openjdk/jmh/runner/BenchmarkHandler$BenchmarkTask.call;org/openjdk/jmh/runner/BenchmarkHandler$BenchmarkTask.call;java/lang/reflect/Method.invoke;jdk/internal/reflect/DirectMethodHandleAccessor.invoke;jdk/internal/reflect/DirectMethodHandleAccessor.invokeImpl;java/lang/invoke/LambdaForm$MH.0x0000000048061400.invokeExact_MT;java/lang/invoke/LambdaForm$MH.0x0000000048061000.invoke;java/lang/invoke/DirectMethodHandle$Holder.invokeSpecial;org/weakref/nitro/clickbench/jmh_generated/BenchmarkQueries_query43_jmhTest.query43_AverageTime;org/weakref/nitro/clickbench/jmh_generated/BenchmarkQueries_query43_jmhTest.query43_avgt_jmhStub;org/weakref/nitro/clickbench/BenchmarkQueries.query43;org/weakref/nitro/clickbench/ClickBenchHitsSupport.query43;org/weakref/nitro/clickbench/ClickBenchHitsSupport.clickBenchScan;org/weakref/nitro/operator/NitroParquetScanOperator.<init>;java/util/stream/ReferencePipeline.toArray;java/util/stream/AbstractPipeline.evaluateToArrayNode;java/util/stream/AbstractPipeline.evaluate;java/util/stream/AbstractPipeline.wrapAndCopyInto;java/util/stream/AbstractPipeline.copyInto;java/util/AbstractList$RandomAccessSpliterator.forEachRemaining;java/util/stream/ReferencePipeline$3$1.accept;org/weakref/nitro/operator/NitroParquetScanOperator$$Lambda.0x00000000480864e8.apply;org/weakref/nitro/parquet/ParquetFile.open;org/weakref/nitro/parquet/ParquetFile.<init>;org/apache/parquet/format/Util.readFileMetaData;org/apache/parquet/format/Util.readFileMetaData;org/apache/parquet/format/Util.read;org/apache/parquet/format/FileMetaData.read;org/apache/parquet/format/FileMetaData$FileMetaDataStandardScheme.read;org/apache/parquet/format/FileMetaData$FileMetaDataStandardScheme.read;org/apache/parquet/format/RowGroup.read;org/apache/parquet/format/RowGroup$RowGroupStandardScheme.read;org/apache/parquet/format/RowGroup$RowGroupStandardScheme.read;org/apache/parquet/format/ColumnChunk.read;org/apache/parquet/format/ColumnChunk$ColumnChunkStandardScheme.read;org/apache/parquet/format/ColumnChunk$ColumnChunkStandardScheme.read;org/apache/parquet/format/ColumnMetaData.read;org/apache/parquet/format/ColumnMetaData$ColumnMetaDataStandardScheme.read;org/apache/parquet/format/ColumnMetaData$ColumnMetaDataStandardScheme.read 1
java/lang/Thread.run;java/lang/Thread.runWith;java/util/concurrent/ThreadPoolExecutor$Worker.run;java/util/concurrent/ThreadPoolExecutor.runWorker;java/util/concurrent/FutureTask.run;java/util/concurrent/Executors$RunnableAdapter.call;java/util/concurrent/FutureTask.run;org/openjdk/jmh/runner/BenchmarkHandler$BenchmarkTask.call;org/openjdk/jmh/runner/BenchmarkHandler$BenchmarkTask.call;java/lang/reflect/Method.invoke;jdk/internal/reflect/DirectMethodHandleAccessor.invoke;jdk/internal/reflect/DirectMethodHandleAccessor.invokeImpl;java/lang/invoke/LambdaForm$MH.0x0000000048061400.invokeExact_MT;java/lang/invoke/LambdaForm$MH.0x0000000048061000.invoke;java/lang/invoke/DirectMethodHandle$Holder.invokeSpecial;org/weakref/nitro/clickbench/jmh_generated/BenchmarkQueries_query43_jmhTest.query43_AverageTime;org/weakref/nitro/clickbench/jmh_generated/BenchmarkQueries_query43_jmhTest.query43_avgt_jmhStub;org/weakref/nitro/clickbench/BenchmarkQueries.query43;org/weakref/nitro/clickbench/ClickBenchHitsSupport.query43;org/weakref/nitro/clickbench/ClickBenchHitsSupport.clickBenchScan;org/weakref/nitro/operator/NitroParquetScanOperator.<init>;java/util/stream/ReferencePipeline.toArray;java/util/stream/AbstractPipeline.evaluateToArrayNode;java/util/stream/AbstractPipeline.evaluate;java/util/stream/AbstractPipeline.wrapAndCopyInto;java/util/stream/AbstractPipeline.copyInto;java/util/AbstractList$RandomAccessSpliterator.forEachRemaining;java/util/stream/ReferencePipeline$3$1.accept;org/weakref/nitro/operator/NitroParquetScanOperator$$Lambda.0x00000000480864e8.apply;org/weakref/nitro/parquet/ParquetFile.open;org/weakref/nitro/parquet/ParquetFile.<init>;org/apache/parquet/format/Util.readFileMetaData;org/apache/parquet/format/Util.readFileMetaData;org/apache/parquet/format/Util.read;org/apache/parquet/format/FileMetaData.read;org/apache/parquet/format/FileMetaData$FileMetaDataStandardScheme.read;org/apache/parquet/format/FileMetaData$FileMetaDataStandardScheme.read;org/apache/parquet/format/SchemaElement.read;org/apache/parquet/format/SchemaElement$SchemaElementStandardScheme.read;org/apache/parquet/format/SchemaElement$SchemaElementStandardScheme.read;org/apache/parquet/format/Type.findByValue 1
java/lang/Thread.run;java/lang/Thread.runWith;java/util/concurrent/ThreadPoolExecutor$Worker.run;java/util/concurrent/ThreadPoolExecutor.runWorker;java/util/concurrent/FutureTask.run;java/util/concurrent/Executors$RunnableAdapter.call;java/util/concurrent/FutureTask.run;org/openjdk/jmh/runner/BenchmarkHandler$BenchmarkTask.call;org/openjdk/jmh/runner/BenchmarkHandler$BenchmarkTask.call;java/lang/reflect/Method.invoke;jdk/internal/reflect/DirectMethodHandleAccessor.invoke;jdk/internal/reflect/DirectMethodHandleAccessor.invokeImpl;java/lang/invoke/LambdaForm$MH.0x0000000048061400.invokeExact_MT;java/lang/invoke/LambdaForm$MH.0x0000000048061000.invoke;java/lang/invoke/DirectMethodHandle$Holder.invokeSpecial;org/weakref/nitro/clickbench/jmh_generated/BenchmarkQueries_query43_jmhTest.query43_AverageTime;org/weakref/nitro/clickbench/jmh_generated/BenchmarkQueries_query43_jmhTest.query43_avgt_jmhStub;org/weakref/nitro/clickbench/BenchmarkQueries.query43;org/weakref/nitro/clickbench/ClickBenchHitsSupport.query43;org/weakref/nitro/clickbench/ClickBenchHitsSupport.clickBenchScan;org/weakref/nitro/operator/NitroParquetScanOperator.<init>;java/util/stream/ReferencePipeline.toArray;java/util/stream/AbstractPipeline.evaluateToArrayNode;java/util/stream/AbstractPipeline.evaluate;java/util/stream/AbstractPipeline.wrapAndCopyInto;java/util/stream/AbstractPipeline.copyInto;java/util/AbstractList$RandomAccessSpliterator.forEachRemaining;java/util/stream/ReferencePipeline$3$1.accept;org/weakref/nitro/operator/NitroParquetScanOperator$$Lambda.0x00000000480864e8.apply;org/weakref/nitro/parquet/ParquetFile.open;org/weakref/nitro/parquet/ParquetFile.<init>;org/apache/parquet/format/Util.readFileMetaData;org/apache/parquet/format/Util.readFileMetaData;org/apache/parquet/format/Util.read;org/apache/parquet/format/FileMetaData.read;org/apache/parquet/format/FileMetaData$FileMetaDataStandardScheme.read;org/apache/parquet/format/FileMetaData$FileMetaDataStandardScheme.read;org/apache/parquet/format/RowGroup.read;org/apache/parquet/format/RowGroup$RowGroupStandardScheme.read;org/apache/parquet/format/RowGroup$RowGroupStandardScheme.read;org/apache/parquet/format/ColumnChunk.read;org/apache/parquet/format/ColumnChunk$ColumnChunkStandardScheme.read;org/apache/parquet/format/ColumnChunk$ColumnChunkStandardScheme.read;org/apache/parquet/format/ColumnMetaData.read;org/apache/parquet/format/ColumnMetaData$ColumnMetaDataStandardScheme.read;org/apache/parquet/format/ColumnMetaData$ColumnMetaDataStandardScheme.read;org/apache/parquet/format/Statistics.read;org/apache/parquet/format/Statistics$StatisticsStandardScheme.read;org/apache/parquet/format/Statistics$StatisticsStandardScheme.read;org/apache/parquet/format/InterningProtocol.readBinary;shaded/parquet/org/apache/thrift/protocol/TCompactProtocol.readBinary;shaded/parquet/org/apache/thrift/protocol/TCompactProtocol.readVarint32 1
java/lang/Thread.run;java/lang/Thread.runWith;java/util/concurrent/ThreadPoolExecutor$Worker.run;java/util/concurrent/ThreadPoolExecutor.runWorker;java/util/concurrent/FutureTask.run;java/util/concurrent/Executors$RunnableAdapter.call;java/util/concurrent/FutureTask.run;org/openjdk/jmh/runner/BenchmarkHandler$BenchmarkTask.call;org/openjdk/jmh/runner/BenchmarkHandler$BenchmarkTask.call;java/lang/reflect/Method.invoke;jdk/internal/reflect/DirectMethodHandleAccessor.invoke;jdk/internal/reflect/DirectMethodHandleAccessor.invokeImpl;java/lang/invoke/LambdaForm$MH.0x0000000048061400.invokeExact_MT;java/lang/invoke/LambdaForm$MH.0x0000000048061000.invoke;java/lang/invoke/DirectMethodHandle$Holder.invokeSpecial;org/weakref/nitro/clickbench/jmh_generated/BenchmarkQueries_query43_jmhTest.query43_AverageTime;org/weakref/nitro/clickbench/jmh_generated/BenchmarkQueries_query43_jmhTest.query43_avgt_jmhStub;org/weakref/nitro/clickbench/BenchmarkQueries.query43;org/weakref/nitro/clickbench/ClickBenchHitsSupport.query43;org/weakref/nitro/clickbench/ClickBenchHitsSupport.clickBenchScan;org/weakref/nitro/operator/NitroParquetScanOperator.<init>;java/util/stream/ReferencePipeline.toArray;java/util/stream/AbstractPipeline.evaluateToArrayNode;java/util/stream/AbstractPipeline.evaluate;java/util/stream/AbstractPipeline.wrapAndCopyInto;java/util/stream/AbstractPipeline.copyInto;java/util/AbstractList$RandomAccessSpliterator.forEachRemaining;java/util/stream/ReferencePipeline$3$1.accept;org/weakref/nitro/operator/NitroParquetScanOperator$$Lambda.0x00000000480864e8.apply;org/weakref/nitro/parquet/ParquetFile.open;org/weakref/nitro/parquet/ParquetFile.<init>;java/util/HashMap.put;java/util/HashMap.putVal;java/util/HashMap.resize 1
java/lang/Thread.run;java/lang/Thread.runWith;java/util/concurrent/ThreadPoolExecutor$Worker.run;java/util/concurrent/ThreadPoolExecutor.runWorker;java/util/concurrent/FutureTask.run;java/util/concurrent/Executors$RunnableAdapter.call;java/util/concurrent/FutureTask.run;org/openjdk/jmh/runner/BenchmarkHandler$BenchmarkTask.call;org/openjdk/jmh/runner/BenchmarkHandler$BenchmarkTask.call;java/lang/reflect/Method.invoke;jdk/internal/reflect/DirectMethodHandleAccessor.invoke;jdk/internal/reflect/DirectMethodHandleAccessor.invokeImpl;java/lang/invoke/LambdaForm$MH.0x0000000048061400.invokeExact_MT;java/lang/invoke/LambdaForm$MH.0x0000000048061000.invoke;java/lang/invoke/DirectMethodHandle$Holder.invokeSpecial;org/weakref/nitro/clickbench/jmh_generated/BenchmarkQueries_query43_jmhTest.query43_AverageTime;org/weakref/nitro/clickbench/jmh_generated/BenchmarkQueries_query43_jmhTest.query43_avgt_jmhStub;org/weakref/nitro/clickbench/BenchmarkQueries.query43;org/weakref/nitro/clickbench/ClickBenchHitsSupport.query43;org/weakref/nitro/clickbench/ClickBenchHitsSupport.clickBenchScan;org/weakref/nitro/operator/NitroParquetScanOperator.<init>;java/util/stream/ReferencePipeline.toArray;java/util/stream/AbstractPipeline.evaluateToArrayNode;java/util/stream/AbstractPipeline.evaluate;java/util/stream/AbstractPipeline.wrapAndCopyInto;java/util/stream/AbstractPipeline.copyInto;java/util/AbstractList$RandomAccessSpliterator.forEachRemaining;java/util/stream/ReferencePipeline$3$1.accept;org/weakref/nitro/operator/NitroParquetScanOperator$$Lambda.0x00000000480864e8.apply;org/weakref/nitro/parquet/ParquetFile.open;org/weakref/nitro/parquet/ParquetFile.<init>;org/apache/parquet/format/Util.readFileMetaData;org/apache/parquet/format/Util.readFileMetaData;org/apache/parquet/format/Util.read;org/apache/parquet/format/FileMetaData.read;org/apache/parquet/format/FileMetaData$FileMetaDataStandardScheme.read;org/apache/parquet/format/FileMetaData$FileMetaDataStandardScheme.read;org/apache/parquet/format/RowGroup.read;org/apache/parquet/format/RowGroup$RowGroupStandardScheme.read;org/apache/parquet/format/RowGroup$RowGroupStandardScheme.read;org/apache/parquet/format/ColumnChunk.read;org/apache/parquet/format/ColumnChunk$ColumnChunkStandardScheme.read;org/apache/parquet/format/ColumnChunk$ColumnChunkStandardScheme.read;org/apache/parquet/format/ColumnMetaData.read;org/apache/parquet/format/ColumnMetaData$ColumnMetaDataStandardScheme.read;org/apache/parquet/format/ColumnMetaData$ColumnMetaDataStandardScheme.read;org/apache/parquet/format/PageEncodingStats.read;org/apache/parquet/format/PageEncodingStats$PageEncodingStatsStandardScheme.read;org/apache/parquet/format/PageEncodingStats$PageEncodingStatsStandardScheme.read;org/apache/parquet/format/InterningProtocol.readI32;shaded/parquet/org/apache/thrift/protocol/TCompactProtocol.readI32;shaded/parquet/org/apache/thrift/protocol/TCompactProtocol.readVarint32;shaded/parquet/org/apache/thrift/protocol/TCompactProtocol.readByte;shaded/parquet/org/apache/thrift/transport/TTransport.readAll;shaded/parquet/org/apache/thrift/transport/TIOStreamTransport.read;org/weakref/nitro/parquet/ParquetFile$SegmentInputStream.read;java/lang/foreign/MemorySegment.copy;jdk/internal/foreign/AbstractMemorySegmentImpl.copy;unsafe_arraycopy_stub 1
java/lang/Thread.run;java/lang/Thread.runWith;java/util/concurrent/ThreadPoolExecutor$Worker.run;java/util/concurrent/ThreadPoolExecutor.runWorker;java/util/concurrent/FutureTask.run;java/util/concurrent/Executors$RunnableAdapter.call;java/util/concurrent/FutureTask.run;org/openjdk/jmh/runner/BenchmarkHandler$BenchmarkTask.call;org/openjdk/jmh/runner/BenchmarkHandler$BenchmarkTask.call;java/lang/reflect/Method.invoke;jdk/internal/reflect/DirectMethodHandleAccessor.invoke;jdk/internal/reflect/DirectMethodHandleAccessor.invokeImpl;java/lang/invoke/LambdaForm$MH.0x0000000048061400.invokeExact_MT;java/lang/invoke/LambdaForm$MH.0x0000000048061000.invoke;java/lang/invoke/DirectMethodHandle$Holder.invokeSpecial;org/weakref/nitro/clickbench/jmh_generated/BenchmarkQueries_query43_jmhTest.query43_AverageTime;org/weakref/nitro/clickbench/jmh_generated/BenchmarkQueries_query43_jmhTest.query43_avgt_jmhStub;org/weakref/nitro/clickbench/BenchmarkQueries.query43;org/weakref/nitro/clickbench/ClickBenchHitsSupport.query43;org/weakref/nitro/clickbench/ClickBenchHitsSupport.clickBenchScan;org/weakref/nitro/operator/NitroParquetScanOperator.<init>;java/util/stream/ReferencePipeline.toArray;java/util/stream/AbstractPipeline.evaluateToArrayNode;java/util/stream/AbstractPipeline.evaluate;java/util/stream/AbstractPipeline.wrapAndCopyInto;java/util/stream/AbstractPipeline.copyInto;java/util/AbstractList$RandomAccessSpliterator.forEachRemaining;java/util/stream/ReferencePipeline$3$1.accept;org/weakref/nitro/operator/NitroParquetScanOperator$$Lambda.0x00000000480864e8.apply;org/weakref/nitro/parquet/ParquetFile.open;org/weakref/nitro/parquet/ParquetFile.<init>;org/apache/parquet/format/Util.readFileMetaData;org/apache/parquet/format/Util.readFileMetaData;org/apache/parquet/format/Util.read;org/apache/parquet/format/FileMetaData.read;org/apache/parquet/format/FileMetaData$FileMetaDataStandardScheme.read;org/apache/parquet/format/FileMetaData$FileMetaDataStandardScheme.read;org/apache/parquet/format/SchemaElement.read;org/apache/parquet/format/SchemaElement$SchemaElementStandardScheme.read;org/apache/parquet/format/SchemaElement$SchemaElementStandardScheme.read;org/apache/parquet/format/InterningProtocol.readFieldBegin;shaded/parquet/org/apache/thrift/protocol/TCompactProtocol.readFieldBegin;shaded/parquet/org/apache/thrift/protocol/TCompactProtocol.readByte;shaded/parquet/org/apache/thrift/transport/TTransport.readAll 1
java/lang/Thread.run;java/lang/Thread.runWith;java/util/concurrent/ThreadPoolExecutor$Worker.run;java/util/concurrent/ThreadPoolExecutor.runWorker;java/util/concurrent/FutureTask.run;java/util/concurrent/Executors$RunnableAdapter.call;java/util/concurrent/FutureTask.run;org/openjdk/jmh/runner/BenchmarkHandler$BenchmarkTask.call;org/openjdk/jmh/runner/BenchmarkHandler$BenchmarkTask.call;java/lang/reflect/Method.invoke;jdk/internal/reflect/DirectMethodHandleAccessor.invoke;jdk/internal/reflect/DirectMethodHandleAccessor.invokeImpl;java/lang/invoke/LambdaForm$MH.0x0000000048061400.invokeExact_MT;java/lang/invoke/LambdaForm$MH.0x0000000048061000.invoke;java/lang/invoke/DirectMethodHandle$Holder.invokeSpecial;org/weakref/nitro/clickbench/jmh_generated/BenchmarkQueries_query43_jmhTest.query43_AverageTime;org/weakref/nitro/clickbench/jmh_generated/BenchmarkQueries_query43_jmhTest.query43_avgt_jmhStub;org/weakref/nitro/clickbench/BenchmarkQueries.query43;org/weakref/nitro/clickbench/BenchmarkQueries.consume;org/weakref/nitro/operator/OffsetOperator.hasNext;org/weakref/nitro/operator/OffsetOperator.skipFullyConsumedBatches;org/weakref/nitro/operator/TopNOperator.next;org/weakref/nitro/operator/TopNOperator.computeTopN;org/weakref/nitro/operator/GroupedAggregationOperator.next;org/weakref/nitro/operator/GroupedAggregationOperator.computeResults;org/weakref/nitro/operator/Batch.close;org/weakref/nitro/operator/GroupOperator$$Lambda.0x00000000481e8f78.run;org/weakref/nitro/operator/GroupOperator.lambda$next$6;org/weakref/nitro/operator/Batch.close;org/weakref/nitro/operator/ProjectOperator$$Lambda.0x00000000481e3488.run;org/weakref/nitro/operator/ProjectOperator.lambda$next$11;org/weakref/nitro/operator/ProjectOperator$BatchState.close;org/weakref/nitro/operator/Batch.close;org/weakref/nitro/operator/FilterOperator$BatchState.close;org/weakref/nitro/operator/Batch.close;org/weakref/nitro/operator/Output.close;org/weakref/nitro/operator/Output.release;org/weakref/nitro/operator/BatchBufferOwner.accept;org/weakref/nitro/operator/BatchBufferOwner.accept;org/weakref/nitro/operator/NitroParquetScanOperator$ScanOutputResolver.release;org/weakref/nitro/operator/BatchBufferScope.release;org/weakref/nitro/data/Allocator.release;org/weakref/nitro/data/Allocator.releaseVectorTree;org/weakref/nitro/data/Allocator.releaseVector;org/weakref/nitro/data/Allocator$ContextState.releaseVector;org/weakref/nitro/data/I32Vector.retainedBytes 1
java/lang/Thread.run;java/lang/Thread.runWith;java/util/concurrent/ThreadPoolExecutor$Worker.run;java/util/concurrent/ThreadPoolExecutor.runWorker;java/util/concurrent/FutureTask.run;java/util/concurrent/Executors$RunnableAdapter.call;java/util/concurrent/FutureTask.run;org/openjdk/jmh/runner/BenchmarkHandler$BenchmarkTask.call;org/openjdk/jmh/runner/BenchmarkHandler$BenchmarkTask.call;java/lang/reflect/Method.invoke;jdk/internal/reflect/DirectMethodHandleAccessor.invoke;jdk/internal/reflect/DirectMethodHandleAccessor.invokeImpl;java/lang/invoke/LambdaForm$MH.0x0000000048061400.invokeExact_MT;java/lang/invoke/LambdaForm$MH.0x0000000048061000.invoke;java/lang/invoke/DirectMethodHandle$Holder.invokeSpecial;org/weakref/nitro/clickbench/jmh_generated/BenchmarkQueries_query43_jmhTest.query43_AverageTime;org/weakref/nitro/clickbench/jmh_generated/BenchmarkQueries_query43_jmhTest.query43_avgt_jmhStub;org/weakref/nitro/clickbench/BenchmarkQueries.query43;org/weakref/nitro/clickbench/BenchmarkQueries.consume;org/weakref/nitro/operator/OffsetOperator.hasNext;org/weakref/nitro/operator/OffsetOperator.skipFullyConsumedBatches;org/weakref/nitro/operator/TopNOperator.next;org/weakref/nitro/operator/TopNOperator.computeTopN;org/weakref/nitro/operator/GroupedAggregationOperator.next;org/weakref/nitro/operator/GroupedAggregationOperator.computeResults;org/weakref/nitro/operator/Output.borrow;org/weakref/nitro/operator/GroupOperator$$Lambda.0x00000000481e38d0.apply;org/weakref/nitro/operator/GroupOperator.lambda$next$0;org/weakref/nitro/operator/GroupOperator.groupIds;org/weakref/nitro/operator/GroupOperator.doGroupingIfNeeded;org/weakref/nitro/operator/GroupingState.assignGroups;org/weakref/nitro/operator/GroupingState.assignGroups;org/weakref/nitro/operator/GroupingState.assignLongGroups;org/weakref/nitro/function/scalar/builtin/VectorAccess$$Lambda.0x00000000481e6550.value;org/weakref/nitro/function/scalar/builtin/VectorAccess.lambda$longValues$0 1
java/lang/Thread.run;java/lang/Thread.runWith;java/util/concurrent/ThreadPoolExecutor$Worker.run;java/util/concurrent/ThreadPoolExecutor.runWorker;java/util/concurrent/FutureTask.run;java/util/concurrent/Executors$RunnableAdapter.call;java/util/concurrent/FutureTask.run;org/openjdk/jmh/runner/BenchmarkHandler$BenchmarkTask.call;org/openjdk/jmh/runner/BenchmarkHandler$BenchmarkTask.call;java/lang/reflect/Method.invoke;jdk/internal/reflect/DirectMethodHandleAccessor.invoke;jdk/internal/reflect/DirectMethodHandleAccessor.invokeImpl;java/lang/invoke/LambdaForm$MH.0x0000000048061400.invokeExact_MT;java/lang/invoke/LambdaForm$MH.0x0000000048061000.invoke;java/lang/invoke/DirectMethodHandle$Holder.invokeSpecial;org/weakref/nitro/clickbench/jmh_generated/BenchmarkQueries_query43_jmhTest.query43_AverageTime;org/weakref/nitro/clickbench/jmh_generated/BenchmarkQueries_query43_jmhTest.query43_avgt_jmhStub;org/weakref/nitro/clickbench/BenchmarkQueries.query43;org/weakref/nitro/clickbench/ClickBenchHitsSupport.query43;org/weakref/nitro/clickbench/ClickBenchHitsSupport.clickBenchScan;org/weakref/nitro/operator/NitroParquetScanOperator.<init>;java/util/stream/ReferencePipeline.toArray;java/util/stream/AbstractPipeline.evaluateToArrayNode;java/util/stream/AbstractPipeline.evaluate;java/util/stream/AbstractPipeline.wrapAndCopyInto;java/util/stream/AbstractPipeline.copyInto;java/util/AbstractList$RandomAccessSpliterator.forEachRemaining;java/util/stream/ReferencePipeline$3$1.accept;org/weakref/nitro/operator/NitroParquetScanOperator$$Lambda.0x00000000480864e8.apply;org/weakref/nitro/parquet/ParquetFile.open;org/weakref/nitro/parquet/ParquetFile.<init>;org/apache/parquet/format/Util.readFileMetaData;org/apache/parquet/format/Util.readFileMetaData;org/apache/parquet/format/Util.read;org/apache/parquet/format/FileMetaData.read;org/apache/parquet/format/FileMetaData$FileMetaDataStandardScheme.read;org/apache/parquet/format/FileMetaData$FileMetaDataStandardScheme.read;org/apache/parquet/format/RowGroup.read;org/apache/parquet/format/RowGroup$RowGroupStandardScheme.read;org/apache/parquet/format/RowGroup$RowGroupStandardScheme.read;org/apache/parquet/format/ColumnChunk.read;org/apache/parquet/format/ColumnChunk$ColumnChunkStandardScheme.read;org/apache/parquet/format/ColumnChunk$ColumnChunkStandardScheme.read;org/apache/parquet/format/InterningProtocol.readFieldBegin;shaded/parquet/org/apache/thrift/protocol/TCompactProtocol.readFieldBegin 1
java/lang/Thread.run;java/lang/Thread.runWith;java/util/concurrent/ThreadPoolExecutor$Worker.run;java/util/concurrent/ThreadPoolExecutor.runWorker;java/util/concurrent/FutureTask.run;java/util/concurrent/Executors$RunnableAdapter.call;java/util/concurrent/FutureTask.run;org/openjdk/jmh/runner/BenchmarkHandler$BenchmarkTask.call;org/openjdk/jmh/runner/BenchmarkHandler$BenchmarkTask.call;java/lang/reflect/Method.invoke;jdk/internal/reflect/DirectMethodHandleAccessor.invoke;jdk/internal/reflect/DirectMethodHandleAccessor.invokeImpl;java/lang/invoke/LambdaForm$MH.0x0000000048061400.invokeExact_MT;java/lang/invoke/LambdaForm$MH.0x0000000048061000.invoke;java/lang/invoke/DirectMethodHandle$Holder.invokeSpecial;org/weakref/nitro/clickbench/jmh_generated/BenchmarkQueries_query43_jmhTest.query43_AverageTime;org/weakref/nitro/clickbench/jmh_generated/BenchmarkQueries_query43_jmhTest.query43_avgt_jmhStub;org/weakref/nitro/clickbench/BenchmarkQueries.query43;org/weakref/nitro/clickbench/ClickBenchHitsSupport.query43;org/weakref/nitro/clickbench/ClickBenchHitsSupport.clickBenchScan;org/weakref/nitro/operator/NitroParquetScanOperator.<init>;java/util/stream/ReferencePipeline.toArray;java/util/stream/AbstractPipeline.evaluateToArrayNode;java/util/stream/AbstractPipeline.evaluate;java/util/stream/AbstractPipeline.wrapAndCopyInto;java/util/stream/AbstractPipeline.copyInto;java/util/AbstractList$RandomAccessSpliterator.forEachRemaining;java/util/stream/ReferencePipeline$3$1.accept;org/weakref/nitro/operator/NitroParquetScanOperator$$Lambda.0x00000000480864e8.apply;org/weakref/nitro/parquet/ParquetFile.open;org/weakref/nitro/parquet/ParquetFile.<init>;org/apache/parquet/format/Util.readFileMetaData;org/apache/parquet/format/Util.readFileMetaData;org/apache/parquet/format/Util.read;org/apache/parquet/format/FileMetaData.read;org/apache/parquet/format/FileMetaData$FileMetaDataStandardScheme.read;org/apache/parquet/format/FileMetaData$FileMetaDataStandardScheme.read;org/apache/parquet/format/RowGroup.read;org/apache/parquet/format/RowGroup$RowGroupStandardScheme.read;org/apache/parquet/format/RowGroup$RowGroupStandardScheme.read;org/apache/parquet/format/ColumnChunk.read;org/apache/parquet/format/ColumnChunk$ColumnChunkStandardScheme.read;org/apache/parquet/format/ColumnChunk$ColumnChunkStandardScheme.read;org/apache/parquet/format/ColumnMetaData.read;org/apache/parquet/format/ColumnMetaData$ColumnMetaDataStandardScheme.read;org/apache/parquet/format/ColumnMetaData$ColumnMetaDataStandardScheme.read;org/apache/parquet/format/InterningProtocol.readFieldBegin;shaded/parquet/org/apache/thrift/protocol/TCompactProtocol.readFieldBegin 1
java/lang/Thread.run;java/lang/Thread.runWith;java/util/concurrent/ThreadPoolExecutor$Worker.run;java/util/concurrent/ThreadPoolExecutor.runWorker;java/util/concurrent/FutureTask.run;java/util/concurrent/Executors$RunnableAdapter.call;java/util/concurrent/FutureTask.run;org/openjdk/jmh/runner/BenchmarkHandler$BenchmarkTask.call;org/openjdk/jmh/runner/BenchmarkHandler$BenchmarkTask.call;java/lang/reflect/Method.invoke;jdk/internal/reflect/DirectMethodHandleAccessor.invoke;jdk/internal/reflect/DirectMethodHandleAccessor.invokeImpl;java/lang/invoke/LambdaForm$MH.0x0000000048061400.invokeExact_MT;java/lang/invoke/LambdaForm$MH.0x0000000048061000.invoke;java/lang/invoke/DirectMethodHandle$Holder.invokeSpecial;org/weakref/nitro/clickbench/jmh_generated/BenchmarkQueries_query43_jmhTest.query43_AverageTime;org/weakref/nitro/clickbench/jmh_generated/BenchmarkQueries_query43_jmhTest.query43_avgt_jmhStub;org/weakref/nitro/clickbench/BenchmarkQueries.query43;org/weakref/nitro/clickbench/BenchmarkQueries.consume;org/weakref/nitro/operator/OffsetOperator.hasNext;org/weakref/nitro/operator/OffsetOperator.skipFullyConsumedBatches;org/weakref/nitro/operator/TopNOperator.next;org/weakref/nitro/operator/TopNOperator.computeTopN;org/weakref/nitro/operator/TopNOperator.orderedSlots;java/util/ArrayList.sort;java/util/ArrayList.sortRange;java/util/Arrays.sort;java/util/TimSort.sort;java/util/TimSort.countRunAndMakeAscending;org/weakref/nitro/operator/TopNOperator$$Lambda.0x00000000481f77c0.compare;org/weakref/nitro/operator/TopNOperator.lambda$orderedSlots$0;org/weakref/nitro/operator/TopNState.compareSlots;org/weakref/nitro/operator/Streams.getOrNull 1
java/lang/Thread.run;java/lang/Thread.runWith;java/util/concurrent/ThreadPoolExecutor$Worker.run;java/util/concurrent/ThreadPoolExecutor.runWorker;java/util/concurrent/FutureTask.run;java/util/concurrent/Executors$RunnableAdapter.call;java/util/concurrent/FutureTask.run;org/openjdk/jmh/runner/BenchmarkHandler$BenchmarkTask.call;org/openjdk/jmh/runner/BenchmarkHandler$BenchmarkTask.call;java/lang/reflect/Method.invoke;jdk/internal/reflect/DirectMethodHandleAccessor.invoke;jdk/internal/reflect/DirectMethodHandleAccessor.invokeImpl;java/lang/invoke/LambdaForm$MH.0x0000000048061400.invokeExact_MT;java/lang/invoke/LambdaForm$MH.0x0000000048061000.invoke;java/lang/invoke/DirectMethodHandle$Holder.invokeSpecial;org/weakref/nitro/clickbench/jmh_generated/BenchmarkQueries_query43_jmhTest.query43_AverageTime;org/weakref/nitro/clickbench/jmh_generated/BenchmarkQueries_query43_jmhTest.query43_avgt_jmhStub;org/weakref/nitro/clickbench/BenchmarkQueries.query43;org/weakref/nitro/clickbench/BenchmarkQueries.consume;org/weakref/nitro/operator/OffsetOperator.hasNext;org/weakref/nitro/operator/OffsetOperator.skipFullyConsumedBatches;org/weakref/nitro/operator/TopNOperator.next;org/weakref/nitro/operator/TopNOperator.computeTopN;org/weakref/nitro/operator/GroupedAggregationOperator.next;org/weakref/nitro/operator/GroupedAggregationOperator.computeResults;org/weakref/nitro/operator/Output.borrow;org/weakref/nitro/operator/GroupOperator$$Lambda.0x00000000481e38d0.apply;org/weakref/nitro/operator/GroupOperator.lambda$next$0;org/weakref/nitro/operator/GroupOperator.groupIds;org/weakref/nitro/operator/GroupOperator.doGroupingIfNeeded;org/weakref/nitro/operator/Output.borrow;org/weakref/nitro/operator/ProjectOperator$$Lambda.0x00000000481e76d8.apply;org/weakref/nitro/operator/ProjectOperator.lambda$next$4;org/weakref/nitro/operator/ProjectOperator.evaluateOutput;java/util/HashMap.computeIfAbsent;org/weakref/nitro/operator/ProjectOperator$$Lambda.0x00000000481ea4e8.apply;org/weakref/nitro/operator/ProjectOperator.lambda$evaluateOutput$0;org/weakref/nitro/operator/ProjectOperator.evaluateBundle;org/weakref/nitro/operator/evaluator/PlanEvaluator.evaluate;org/weakref/nitro/operator/evaluator/PlanEvaluator.evaluateUnmemoized;org/weakref/nitro/operator/evaluator/PlanEvaluator.evaluateVariable;org/weakref/nitro/operator/evaluator/PlanEvaluator.evaluateCall;org/weakref/nitro/operator/evaluator/PlanEvaluator.evaluateArgument;org/weakref/nitro/operator/evaluator/PlanEvaluator.evaluate;org/weakref/nitro/operator/evaluator/PlanEvaluator.evaluateUnmemoized;org/weakref/nitro/operator/evaluator/PlanEvaluator.evaluateVariable;org/weakref/nitro/operator/evaluator/PlanEvaluator.evaluateCall;org/weakref/nitro/operator/evaluator/PlanEvaluator.evaluateArgument;org/weakref/nitro/operator/evaluator/PlanEvaluator.evaluate;org/weakref/nitro/operator/evaluator/PlanEvaluator.evaluateUnmemoized;org/weakref/nitro/operator/evaluator/PlanEvaluator.evaluateInput;org/weakref/nitro/operator/ProjectOperator$$Lambda.0x00000000481c6c60.resolve;org/weakref/nitro/operator/ProjectOperator.resolveEvaluatorInput;org/weakref/nitro/operator/Output.borrowOrNull;org/weakref/nitro/operator/Output.borrow;org/weakref/nitro/operator/NitroParquetScanOperator$ScanOutputResolver$$Lambda.0x00000000480aba90.apply;org/weakref/nitro/operator/NitroParquetScanOperator$ScanOutputResolver.resolve;org/weakref/nitro/operator/NitroParquetScanOperator.resolveLazyColumn;org/weakref/nitro/operator/NitroParquetScanOperator.decodeFullColumn;org/weakref/nitro/parquet/ColumnReader.readLongs;org/weakref/nitro/parquet/ColumnReader.decodeNextDataPage;org/weakref/nitro/parquet/ColumnReader.decodeDataPageV1;org/weakref/nitro/parquet/ColumnReader.gatherDictionary;org/weakref/nitro/parquet/ColumnReader.gatherLongs;jdk/incubator/vector/LongVector.intoArray 1
java/lang/Thread.run;java/lang/Thread.runWith;java/util/concurrent/ThreadPoolExecutor$Worker.run;java/util/concurrent/ThreadPoolExecutor.runWorker;java/util/concurrent/FutureTask.run;java/util/concurrent/Executors$RunnableAdapter.call;java/util/concurrent/FutureTask.run;org/openjdk/jmh/runner/BenchmarkHandler$BenchmarkTask.call;org/openjdk/jmh/runner/BenchmarkHandler$BenchmarkTask.call;java/lang/reflect/Method.invoke;jdk/internal/reflect/DirectMethodHandleAccessor.invoke;jdk/internal/reflect/DirectMethodHandleAccessor.invokeImpl;java/lang/invoke/LambdaForm$MH.0x0000000048061400.invokeExact_MT;java/lang/invoke/LambdaForm$MH.0x0000000048061000.invoke;java/lang/invoke/DirectMethodHandle$Holder.invokeSpecial;org/weakref/nitro/clickbench/jmh_generated/BenchmarkQueries_query43_jmhTest.query43_AverageTime;org/weakref/nitro/clickbench/jmh_generated/BenchmarkQueries_query43_jmhTest.query43_avgt_jmhStub;org/weakref/nitro/clickbench/BenchmarkQueries.query43;org/weakref/nitro/clickbench/BenchmarkQueries.consume;org/weakref/nitro/operator/OffsetOperator.hasNext;org/weakref/nitro/operator/OffsetOperator.skipFullyConsumedBatches;org/weakref/nitro/operator/TopNOperator.next;org/weakref/nitro/operator/TopNOperator.computeTopN;org/weakref/nitro/operator/GroupedAggregationOperator.next;org/weakref/nitro/operator/GroupedAggregationOperator.computeResults;org/weakref/nitro/operator/GroupOperator.next;org/weakref/nitro/operator/ProjectOperator.next;org/weakref/nitro/operator/FilterOperator.next;org/weakref/nitro/operator/evaluator/PlanEvaluator.evaluateInPlace;org/weakref/nitro/operator/evaluator/PlanEvaluator.evaluateTrueMaskInPlace;org/weakref/nitro/operator/evaluator/PlanEvaluator.evaluateAdaptiveAndTrueMaskInPlace;org/weakref/nitro/operator/evaluator/PlanEvaluator.evaluateMeasuredTrueMaskInPlace;org/weakref/nitro/operator/evaluator/PlanEvaluator.evaluateTrueMaskInPlace;org/weakref/nitro/operator/evaluator/PlanEvaluator.evaluateAdaptiveAndTrueMaskInPlace;org/weakref/nitro/operator/evaluator/PlanEvaluator.evaluateMeasuredTrueMaskInPlace;org/weakref/nitro/operator/evaluator/PlanEvaluator.evaluateTrueMaskInPlace;org/weakref/nitro/operator/evaluator/PlanEvaluator.evaluateAdaptiveAndTrueMaskInPlace;org/weakref/nitro/operator/evaluator/PlanEvaluator.evaluateMeasuredTrueMaskInPlace;org/weakref/nitro/operator/evaluator/PlanEvaluator.evaluateTrueMaskInPlace;org/weakref/nitro/operator/evaluator/PlanEvaluator.tryEvaluatePrimitiveTrueMaskInPlace;org/weakref/nitro/operator/evaluator/PlanEvaluator.tryEvaluatePrimitiveMaskInPlace;org/weakref/nitro/operator/evaluator/PlanEvaluator.resolveMaskPrimitiveInvocation;org/weakref/nitro/operator/evaluator/PlanEvaluator.evaluateArgument;org/weakref/nitro/operator/FilterOperator$1.resolve;org/weakref/nitro/operator/Output.borrowOrNull;org/weakref/nitro/operator/Output.borrow;org/weakref/nitro/operator/Output.borrow;org/weakref/nitro/operator/NitroParquetScanOperator$ScanOutputResolver$$Lambda.0x00000000480aba90.apply;org/weakref/nitro/operator/NitroParquetScanOperator$ScanOutputResolver.resolve;org/weakref/nitro/operator/NitroParquetScanOperator.resolveLazyColumn;org/weakref/nitro/operator/NitroParquetScanOperator.drainPendingAdvance;org/weakref/nitro/parquet/ColumnReader.skip;org/weakref/nitro/parquet/ColumnReader.peekNextDataPage;org/weakref/nitro/parquet/ColumnReader.readPageHeader;org/apache/parquet/format/Util.readPageHeader;org/apache/parquet/format/Util.readPageHeader;org/apache/parquet/format/Util.read;org/apache/parquet/format/PageHeader.read;org/apache/parquet/format/PageHeader$PageHeaderStandardScheme.read;org/apache/parquet/format/PageHeader$PageHeaderStandardScheme.read;org/apache/parquet/format/InterningProtocol.readFieldBegin 1
java/lang/Thread.run;java/lang/Thread.runWith;java/util/concurrent/ThreadPoolExecutor$Worker.run;java/util/concurrent/ThreadPoolExecutor.runWorker;java/util/concurrent/FutureTask.run;java/util/concurrent/Executors$RunnableAdapter.call;java/util/concurrent/FutureTask.run;org/openjdk/jmh/runner/BenchmarkHandler$BenchmarkTask.call;org/openjdk/jmh/runner/BenchmarkHandler$BenchmarkTask.call;java/lang/reflect/Method.invoke;jdk/internal/reflect/DirectMethodHandleAccessor.invoke;jdk/internal/reflect/DirectMethodHandleAccessor.invokeImpl;java/lang/invoke/LambdaForm$MH.0x0000000048061400.invokeExact_MT;java/lang/invoke/LambdaForm$MH.0x0000000048061000.invoke;java/lang/invoke/DirectMethodHandle$Holder.invokeSpecial;org/weakref/nitro/clickbench/jmh_generated/BenchmarkQueries_query43_jmhTest.query43_AverageTime;org/weakref/nitro/clickbench/jmh_generated/BenchmarkQueries_query43_jmhTest.query43_avgt_jmhStub;org/weakref/nitro/clickbench/BenchmarkQueries.query43;org/weakref/nitro/clickbench/ClickBenchHitsSupport.query43;org/weakref/nitro/clickbench/ClickBenchHitsSupport.clickBenchScan;org/weakref/nitro/operator/NitroParquetScanOperator.<init>;java/util/stream/ReferencePipeline.toArray;java/util/stream/AbstractPipeline.evaluateToArrayNode;java/util/stream/AbstractPipeline.evaluate;java/util/stream/AbstractPipeline.wrapAndCopyInto;java/util/stream/AbstractPipeline.copyInto;java/util/AbstractList$RandomAccessSpliterator.forEachRemaining;java/util/stream/ReferencePipeline$3$1.accept;org/weakref/nitro/operator/NitroParquetScanOperator$$Lambda.0x00000000480864e8.apply;org/weakref/nitro/parquet/ParquetFile.open;org/weakref/nitro/parquet/ParquetFile.<init>;org/apache/parquet/format/Util.readFileMetaData;org/apache/parquet/format/Util.readFileMetaData;org/apache/parquet/format/Util.read;org/apache/parquet/format/FileMetaData.read;org/apache/parquet/format/FileMetaData$FileMetaDataStandardScheme.read;org/apache/parquet/format/FileMetaData$FileMetaDataStandardScheme.read;org/apache/parquet/format/SchemaElement.read;org/apache/parquet/format/SchemaElement$SchemaElementStandardScheme.read;org/apache/parquet/format/SchemaElement$SchemaElementStandardScheme.read;org/apache/parquet/format/InterningProtocol.readString;java/lang/String.intern;JVM_InternString;StringTable::intern;StringTable::intern;java_lang_String::hash_code 1
java/lang/Thread.run;java/lang/Thread.runWith;java/util/concurrent/ThreadPoolExecutor$Worker.run;java/util/concurrent/ThreadPoolExecutor.runWorker;java/util/concurrent/FutureTask.run;java/util/concurrent/Executors$RunnableAdapter.call;java/util/concurrent/FutureTask.run;org/openjdk/jmh/runner/BenchmarkHandler$BenchmarkTask.call;org/openjdk/jmh/runner/BenchmarkHandler$BenchmarkTask.call;java/lang/reflect/Method.invoke;jdk/internal/reflect/DirectMethodHandleAccessor.invoke;jdk/internal/reflect/DirectMethodHandleAccessor.invokeImpl;java/lang/invoke/LambdaForm$MH.0x0000000048061400.invokeExact_MT;java/lang/invoke/LambdaForm$MH.0x0000000048061000.invoke;java/lang/invoke/DirectMethodHandle$Holder.invokeSpecial;org/weakref/nitro/clickbench/jmh_generated/BenchmarkQueries_query43_jmhTest.query43_AverageTime;org/weakref/nitro/clickbench/jmh_generated/BenchmarkQueries_query43_jmhTest.query43_avgt_jmhStub;org/weakref/nitro/clickbench/BenchmarkQueries.query43;org/weakref/nitro/clickbench/ClickBenchHitsSupport.query43;org/weakref/nitro/clickbench/ClickBenchHitsSupport.clickBenchScan;org/weakref/nitro/operator/NitroParquetScanOperator.<init>;java/util/stream/ReferencePipeline.toArray;java/util/stream/AbstractPipeline.evaluateToArrayNode;java/util/stream/AbstractPipeline.evaluate;java/util/stream/AbstractPipeline.wrapAndCopyInto;java/util/stream/AbstractPipeline.copyInto;java/util/AbstractList$RandomAccessSpliterator.forEachRemaining;java/util/stream/ReferencePipeline$3$1.accept;org/weakref/nitro/operator/NitroParquetScanOperator$$Lambda.0x00000000480864e8.apply;org/weakref/nitro/parquet/ParquetFile.open;org/weakref/nitro/parquet/ParquetFile.<init>;org/apache/parquet/format/Util.readFileMetaData;org/apache/parquet/format/Util.readFileMetaData;org/apache/parquet/format/Util.read;org/apache/parquet/format/FileMetaData.read;org/apache/parquet/format/FileMetaData$FileMetaDataStandardScheme.read;org/apache/parquet/format/FileMetaData$FileMetaDataStandardScheme.read;org/apache/parquet/format/RowGroup.read;org/apache/parquet/format/RowGroup$RowGroupStandardScheme.read;org/apache/parquet/format/RowGroup$RowGroupStandardScheme.read;org/apache/parquet/format/ColumnChunk.read;org/apache/parquet/format/ColumnChunk$ColumnChunkStandardScheme.read;org/apache/parquet/format/ColumnChunk$ColumnChunkStandardScheme.read;org/apache/parquet/format/ColumnMetaData.read;org/apache/parquet/format/ColumnMetaData$ColumnMetaDataStandardScheme.read;org/apache/parquet/format/ColumnMetaData$ColumnMetaDataStandardScheme.read;org/apache/parquet/format/InterningProtocol.readStructEnd 1
java/lang/Thread.run;java/lang/Thread.runWith;java/util/concurrent/ThreadPoolExecutor$Worker.run;java/util/concurrent/ThreadPoolExecutor.runWorker;java/util/concurrent/FutureTask.run;java/util/concurrent/Executors$RunnableAdapter.call;java/util/concurrent/FutureTask.run;org/openjdk/jmh/runner/BenchmarkHandler$BenchmarkTask.call;org/openjdk/jmh/runner/BenchmarkHandler$BenchmarkTask.call;java/lang/reflect/Method.invoke;jdk/internal/reflect/DirectMethodHandleAccessor.invoke;jdk/internal/reflect/DirectMethodHandleAccessor.invokeImpl;java/lang/invoke/LambdaForm$MH.0x0000000048061400.invokeExact_MT;java/lang/invoke/LambdaForm$MH.0x0000000048061000.invoke;java/lang/invoke/DirectMethodHandle$Holder.invokeSpecial;org/weakref/nitro/clickbench/jmh_generated/BenchmarkQueries_query43_jmhTest.query43_AverageTime;org/weakref/nitro/clickbench/jmh_generated/BenchmarkQueries_query43_jmhTest.query43_avgt_jmhStub;org/weakref/nitro/clickbench/BenchmarkQueries.query43;org/weakref/nitro/clickbench/ClickBenchHitsSupport.query43;org/weakref/nitro/clickbench/ClickBenchHitsSupport.clickBenchScan;org/weakref/nitro/operator/NitroParquetScanOperator.<init>;java/util/stream/ReferencePipeline.toArray;java/util/stream/AbstractPipeline.evaluateToArrayNode;java/util/stream/AbstractPipeline.evaluate;java/util/stream/AbstractPipeline.wrapAndCopyInto;java/util/stream/AbstractPipeline.copyInto;java/util/AbstractList$RandomAccessSpliterator.forEachRemaining;java/util/stream/ReferencePipeline$3$1.accept;org/weakref/nitro/operator/NitroParquetScanOperator$$Lambda.0x00000000480864e8.apply;org/weakref/nitro/parquet/ParquetFile.open;org/weakref/nitro/parquet/ParquetFile.<init>;org/apache/parquet/format/Util.readFileMetaData;org/apache/parquet/format/Util.readFileMetaData;org/apache/parquet/format/Util.read;org/apache/parquet/format/FileMetaData.read;org/apache/parquet/format/FileMetaData$FileMetaDataStandardScheme.read;org/apache/parquet/format/FileMetaData$FileMetaDataStandardScheme.read;org/apache/parquet/format/RowGroup.read;org/apache/parquet/format/RowGroup$RowGroupStandardScheme.read;org/apache/parquet/format/RowGroup$RowGroupStandardScheme.read;org/apache/parquet/format/ColumnChunk.read;org/apache/parquet/format/ColumnChunk$ColumnChunkStandardScheme.read;org/apache/parquet/format/ColumnChunk$ColumnChunkStandardScheme.read;org/apache/parquet/format/ColumnMetaData.read;org/apache/parquet/format/ColumnMetaData$ColumnMetaDataStandardScheme.read;org/apache/parquet/format/ColumnMetaData$ColumnMetaDataStandardScheme.read;org/apache/parquet/format/PageEncodingStats.read;org/apache/parquet/format/PageEncodingStats$PageEncodingStatsStandardScheme.read;org/apache/parquet/format/PageEncodingStats$PageEncodingStatsStandardScheme.read;org/apache/parquet/format/InterningProtocol.readFieldBegin;shaded/parquet/org/apache/thrift/protocol/TCompactProtocol.readFieldBegin;shaded/parquet/org/apache/thrift/protocol/TCompactProtocol.readByte 2
java/lang/Thread.run;java/lang/Thread.runWith;java/util/concurrent/ThreadPoolExecutor$Worker.run;java/util/concurrent/ThreadPoolExecutor.runWorker;java/util/concurrent/FutureTask.run;java/util/concurrent/Executors$RunnableAdapter.call;java/util/concurrent/FutureTask.run;org/openjdk/jmh/runner/BenchmarkHandler$BenchmarkTask.call;org/openjdk/jmh/runner/BenchmarkHandler$BenchmarkTask.call;java/lang/reflect/Method.invoke;jdk/internal/reflect/DirectMethodHandleAccessor.invoke;jdk/internal/reflect/DirectMethodHandleAccessor.invokeImpl;java/lang/invoke/LambdaForm$MH.0x0000000048061400.invokeExact_MT;java/lang/invoke/LambdaForm$MH.0x0000000048061000.invoke;java/lang/invoke/DirectMethodHandle$Holder.invokeSpecial;org/weakref/nitro/clickbench/jmh_generated/BenchmarkQueries_query43_jmhTest.query43_AverageTime;org/weakref/nitro/clickbench/jmh_generated/BenchmarkQueries_query43_jmhTest.query43_avgt_jmhStub;org/weakref/nitro/clickbench/BenchmarkQueries.query43;org/weakref/nitro/clickbench/ClickBenchHitsSupport.query43;org/weakref/nitro/clickbench/ClickBenchHitsSupport.counterAndEventDateFilter;org/weakref/nitro/clickbench/ClickBenchHitsSupport.dateRange;org/weakref/nitro/clickbench/ClickBenchHitsSupport.eventDateLiteral;org/weakref/nitro/clickbench/ClickBenchHitsSupport.eventDateUsesEpochDays;org/apache/parquet/hadoop/ParquetFileReader.open;org/apache/parquet/hadoop/ParquetFileReader.<init>;org/apache/parquet/hadoop/ParquetFileReader.<init>;org/apache/parquet/hadoop/ParquetFileReader.readFooter;org/apache/parquet/hadoop/ParquetFileReader.readFooter;org/apache/parquet/format/converter/ParquetMetadataConverter.readParquetMetadata;org/apache/parquet/format/converter/ParquetMetadataConverter.fromParquetMetadata;java/util/HashMap.get;java/util/HashMap.getNode;java/util/HashMap.hash;org/apache/parquet/format/RowGroup.hashCode;java/util/ArrayList.hashCode;java/util/ArrayList.hashCodeRange;org/apache/parquet/format/ColumnChunk.hashCode;org/apache/parquet/format/ColumnMetaData.hashCode 1
java/lang/Thread.run;java/lang/Thread.runWith;java/util/concurrent/ThreadPoolExecutor$Worker.run;java/util/concurrent/ThreadPoolExecutor.runWorker;java/util/concurrent/FutureTask.run;java/util/concurrent/Executors$RunnableAdapter.call;java/util/concurrent/FutureTask.run;org/openjdk/jmh/runner/BenchmarkHandler$BenchmarkTask.call;org/openjdk/jmh/runner/BenchmarkHandler$BenchmarkTask.call;java/lang/reflect/Method.invoke;jdk/internal/reflect/DirectMethodHandleAccessor.invoke;jdk/internal/reflect/DirectMethodHandleAccessor.invokeImpl;java/lang/invoke/LambdaForm$MH.0x0000000048061400.invokeExact_MT;java/lang/invoke/LambdaForm$MH.0x0000000048061000.invoke;java/lang/invoke/DirectMethodHandle$Holder.invokeSpecial;org/weakref/nitro/clickbench/jmh_generated/BenchmarkQueries_query43_jmhTest.query43_AverageTime;org/weakref/nitro/clickbench/jmh_generated/BenchmarkQueries_query43_jmhTest.query43_avgt_jmhStub;org/weakref/nitro/clickbench/BenchmarkQueries.query43;org/weakref/nitro/clickbench/BenchmarkQueries.consume;org/weakref/nitro/operator/OffsetOperator.hasNext;org/weakref/nitro/operator/OffsetOperator.skipFullyConsumedBatches;org/weakref/nitro/operator/TopNOperator.next;org/weakref/nitro/operator/TopNOperator.computeTopN;org/weakref/nitro/operator/GroupedAggregationOperator.next;org/weakref/nitro/operator/GroupedAggregationOperator.computeResults;org/weakref/nitro/operator/GroupOperator.next;org/weakref/nitro/operator/ProjectOperator.next;org/weakref/nitro/operator/FilterOperator.next;org/weakref/nitro/operator/evaluator/PlanEvaluator.evaluateInPlace;org/weakref/nitro/operator/evaluator/PlanEvaluator.evaluateTrueMaskInPlace;org/weakref/nitro/operator/evaluator/PlanEvaluator.evaluateAdaptiveAndTrueMaskInPlace;org/weakref/nitro/operator/evaluator/PlanEvaluator.evaluateMeasuredTrueMaskInPlace;org/weakref/nitro/operator/evaluator/PlanEvaluator.evaluateTrueMaskInPlace;org/weakref/nitro/operator/evaluator/PlanEvaluator.evaluateAdaptiveAndTrueMaskInPlace;org/weakref/nitro/operator/evaluator/PlanEvaluator.orderTerms;java/util/ArrayList.sort;java/util/ArrayList.sortRange;java/util/Arrays.sort;java/util/TimSort.sort;java/util/TimSort.countRunAndMakeAscending 1
java/lang/Thread.run;java/lang/Thread.runWith;java/util/concurrent/ThreadPoolExecutor$Worker.run;java/util/concurrent/ThreadPoolExecutor.runWorker;java/util/concurrent/FutureTask.run;java/util/concurrent/Executors$RunnableAdapter.call;java/util/concurrent/FutureTask.run;org/openjdk/jmh/runner/BenchmarkHandler$BenchmarkTask.call;org/openjdk/jmh/runner/BenchmarkHandler$BenchmarkTask.call;java/lang/reflect/Method.invoke;jdk/internal/reflect/DirectMethodHandleAccessor.invoke;jdk/internal/reflect/DirectMethodHandleAccessor.invokeImpl;java/lang/invoke/LambdaForm$MH.0x0000000048061400.invokeExact_MT;java/lang/invoke/LambdaForm$MH.0x0000000048061000.invoke;java/lang/invoke/DirectMethodHandle$Holder.invokeSpecial;org/weakref/nitro/clickbench/jmh_generated/BenchmarkQueries_query43_jmhTest.query43_AverageTime;org/weakref/nitro/clickbench/jmh_generated/BenchmarkQueries_query43_jmhTest.query43_avgt_jmhStub;org/weakref/nitro/clickbench/BenchmarkQueries.query43;org/weakref/nitro/clickbench/ClickBenchHitsSupport.query43;org/weakref/nitro/clickbench/ClickBenchHitsSupport.clickBenchScan;org/weakref/nitro/operator/NitroParquetScanOperator.<init>;org/weakref/nitro/parquet/DecompressedPageCache$Source.<init>;sun/nio/fs/UnixPath.normalize;sun/nio/fs/UnixPath.normalize 1
java/lang/Thread.run;java/lang/Thread.runWith;java/util/concurrent/ThreadPoolExecutor$Worker.run;java/util/concurrent/ThreadPoolExecutor.runWorker;java/util/concurrent/FutureTask.run;java/util/concurrent/Executors$RunnableAdapter.call;java/util/concurrent/FutureTask.run;org/openjdk/jmh/runner/BenchmarkHandler$BenchmarkTask.call;org/openjdk/jmh/runner/BenchmarkHandler$BenchmarkTask.call;java/lang/reflect/Method.invoke;jdk/internal/reflect/DirectMethodHandleAccessor.invoke;jdk/internal/reflect/DirectMethodHandleAccessor.invokeImpl;java/lang/invoke/LambdaForm$MH.0x0000000048061400.invokeExact_MT;java/lang/invoke/LambdaForm$MH.0x0000000048061000.invoke;java/lang/invoke/DirectMethodHandle$Holder.invokeSpecial;org/weakref/nitro/clickbench/jmh_generated/BenchmarkQueries_query43_jmhTest.query43_AverageTime;org/weakref/nitro/clickbench/jmh_generated/BenchmarkQueries_query43_jmhTest.query43_avgt_jmhStub;org/weakref/nitro/clickbench/BenchmarkQueries.query43;org/weakref/nitro/clickbench/BenchmarkQueries.consume;org/weakref/nitro/operator/OffsetOperator.close;org/weakref/nitro/operator/TopNOperator.close;org/weakref/nitro/operator/GroupedAggregationOperator.close;org/weakref/nitro/operator/GroupOperator.close;org/weakref/nitro/operator/ProjectOperator.close;org/weakref/nitro/operator/FilterOperator.close;org/weakref/nitro/operator/NitroParquetScanOperator.close;org/weakref/nitro/parquet/ParquetFile.close;jdk/internal/foreign/ArenaImpl.close;jdk/internal/foreign/MemorySessionImpl.close;jdk/internal/foreign/ConfinedSession$ConfinedResourceList.cleanup;jdk/internal/foreign/MemorySessionImpl$ResourceList.cleanupSingle;jdk/internal/foreign/SegmentFactories$2.cleanup;sun/nio/ch/FileChannelImpl$Unmapper.unmap;sun/nio/ch/UnixFileDispatcherImpl.unmap;sun/nio/ch/UnixFileDispatcherImpl.unmap0;Java_sun_nio_ch_UnixFileDispatcherImpl_unmap0;munmap;entry_SYSCALL_64_after_hwframe_[k];do_syscall_64_[k];x64_sys_call_[k];__x64_sys_munmap_[k];__vm_munmap_[k];do_vmi_munmap_[k];do_vmi_align_munmap_[k];vms_complete_munmap_vmas_[k];vms_clear_ptes_[k];free_pgtables_[k];free_pgd_range_[k];free_p4d_range_[k];free_pud_range_[k] 1
java/lang/Thread.run;java/lang/Thread.runWith;java/util/concurrent/ThreadPoolExecutor$Worker.run;java/util/concurrent/ThreadPoolExecutor.runWorker;java/util/concurrent/FutureTask.run;java/util/concurrent/Executors$RunnableAdapter.call;java/util/concurrent/FutureTask.run;org/openjdk/jmh/runner/BenchmarkHandler$BenchmarkTask.call;org/openjdk/jmh/runner/BenchmarkHandler$BenchmarkTask.call;java/lang/reflect/Method.invoke;jdk/internal/reflect/DirectMethodHandleAccessor.invoke;jdk/internal/reflect/DirectMethodHandleAccessor.invokeImpl;java/lang/invoke/LambdaForm$MH.0x0000000048061400.invokeExact_MT;java/lang/invoke/LambdaForm$MH.0x0000000048061000.invoke;java/lang/invoke/DirectMethodHandle$Holder.invokeSpecial;org/weakref/nitro/clickbench/jmh_generated/BenchmarkQueries_query43_jmhTest.query43_AverageTime;org/weakref/nitro/clickbench/jmh_generated/BenchmarkQueries_query43_jmhTest.query43_avgt_jmhStub;org/weakref/nitro/clickbench/BenchmarkQueries.query43;org/weakref/nitro/clickbench/BenchmarkQueries.consume;org/weakref/nitro/operator/OffsetOperator.hasNext;org/weakref/nitro/operator/OffsetOperator.skipFullyConsumedBatches;org/weakref/nitro/operator/TopNOperator.next;org/weakref/nitro/operator/TopNOperator.computeTopN;org/weakref/nitro/operator/GroupedAggregationOperator.next;org/weakref/nitro/operator/GroupedAggregationOperator.computeResults;org/weakref/nitro/operator/GroupOperator.next;org/weakref/nitro/operator/ProjectOperator.next;org/weakref/nitro/operator/FilterOperator.next;org/weakref/nitro/operator/evaluator/PlanEvaluator.evaluateInPlace;org/weakref/nitro/operator/evaluator/PlanEvaluator.evaluateTrueMaskInPlace;org/weakref/nitro/operator/evaluator/PlanEvaluator.evaluateAdaptiveAndTrueMaskInPlace;org/weakref/nitro/operator/evaluator/PlanEvaluator.evaluateMeasuredTrueMaskInPlace;org/weakref/nitro/operator/evaluator/PlanEvaluator.evaluateTrueMaskInPlace;org/weakref/nitro/operator/evaluator/PlanEvaluator.evaluateAdaptiveAndTrueMaskInPlace;org/weakref/nitro/operator/evaluator/PlanEvaluator.evaluateMeasuredTrueMaskInPlace;org/weakref/nitro/operator/evaluator/PlanEvaluator.evaluateTrueMaskInPlace;org/weakref/nitro/operator/evaluator/PlanEvaluator.tryEvaluatePrimitiveTrueMaskInPlace;org/weakref/nitro/operator/evaluator/PlanEvaluator.tryEvaluatePrimitiveMaskInPlace;org/weakref/nitro/operator/evaluator/PlanEvaluator.resolveMaskPrimitiveInvocation;org/weakref/nitro/operator/evaluator/PrimitiveRegistry.get;java/util/LinkedHashMap.get;java/util/HashMap.getNode;java/lang/String.equals 1
java/lang/Thread.run;java/lang/Thread.runWith;java/util/concurrent/ThreadPoolExecutor$Worker.run;java/util/concurrent/ThreadPoolExecutor.runWorker;java/util/concurrent/FutureTask.run;java/util/concurrent/Executors$RunnableAdapter.call;java/util/concurrent/FutureTask.run;org/openjdk/jmh/runner/BenchmarkHandler$BenchmarkTask.call;org/openjdk/jmh/runner/BenchmarkHandler$BenchmarkTask.call;java/lang/reflect/Method.invoke;jdk/internal/reflect/DirectMethodHandleAccessor.invoke;jdk/internal/reflect/DirectMethodHandleAccessor.invokeImpl;java/lang/invoke/LambdaForm$MH.0x0000000048061400.invokeExact_MT;java/lang/invoke/LambdaForm$MH.0x0000000048061000.invoke;java/lang/invoke/DirectMethodHandle$Holder.invokeSpecial;org/weakref/nitro/clickbench/jmh_generated/BenchmarkQueries_query43_jmhTest.query43_AverageTime;org/weakref/nitro/clickbench/jmh_generated/BenchmarkQueries_query43_jmhTest.query43_avgt_jmhStub;org/weakref/nitro/clickbench/BenchmarkQueries.query43;org/weakref/nitro/clickbench/BenchmarkQueries.consume;org/weakref/nitro/operator/OffsetOperator.hasNext;org/weakref/nitro/operator/OffsetOperator.skipFullyConsumedBatches;org/weakref/nitro/operator/TopNOperator.next;org/weakref/nitro/operator/TopNOperator.computeTopN;org/weakref/nitro/operator/GroupedAggregationOperator.next;org/weakref/nitro/operator/GroupedAggregationOperator.computeResults;org/weakref/nitro/operator/GroupOperator.next;org/weakref/nitro/operator/ProjectOperator.next;org/weakref/nitro/operator/FilterOperator.next;org/weakref/nitro/operator/evaluator/PlanEvaluator.evaluateInPlace;org/weakref/nitro/operator/evaluator/PlanEvaluator.evaluateTrueMaskInPlace;org/weakref/nitro/operator/evaluator/PlanEvaluator.evaluateAdaptiveAndTrueMaskInPlace;org/weakref/nitro/operator/evaluator/PlanEvaluator.evaluateMeasuredTrueMaskInPlace;org/weakref/nitro/operator/evaluator/PlanEvaluator.evaluateTrueMaskInPlace;org/weakref/nitro/operator/evaluator/PlanEvaluator.evaluateAdaptiveAndTrueMaskInPlace;org/weakref/nitro/operator/evaluator/PlanEvaluator.orderTerms;java/util/ArrayList.sort;java/util/ArrayList.sortRange;java/util/Arrays.sort;java/util/TimSort.sort;java/util/TimSort.countRunAndMakeAscending;java/util/Comparator$$Lambda.0x0000000048168028.compare;java/util/Comparator.lambda$comparingDouble$8dcf42ea$1;org/weakref/nitro/operator/evaluator/PlanEvaluator$$Lambda.0x00000000481d3070.applyAsDouble;org/weakref/nitro/operator/evaluator/PlanEvaluator.lambda$orderTerms$0;org/weakref/nitro/operator/evaluator/PlanEvaluator.score 1
java/lang/Thread.run;java/lang/Thread.runWith;java/util/concurrent/ThreadPoolExecutor$Worker.run;java/util/concurrent/ThreadPoolExecutor.runWorker;java/util/concurrent/FutureTask.run;java/util/concurrent/Executors$RunnableAdapter.call;java/util/concurrent/FutureTask.run;org/openjdk/jmh/runner/BenchmarkHandler$BenchmarkTask.call;org/openjdk/jmh/runner/BenchmarkHandler$BenchmarkTask.call;java/lang/reflect/Method.invoke;jdk/internal/reflect/DirectMethodHandleAccessor.invoke;jdk/internal/reflect/DirectMethodHandleAccessor.invokeImpl;java/lang/invoke/LambdaForm$MH.0x0000000048061400.invokeExact_MT;java/lang/invoke/LambdaForm$MH.0x0000000048061000.invoke;java/lang/invoke/DirectMethodHandle$Holder.invokeSpecial;org/weakref/nitro/clickbench/jmh_generated/BenchmarkQueries_query43_jmhTest.query43_AverageTime;org/weakref/nitro/clickbench/jmh_generated/BenchmarkQueries_query43_jmhTest.query43_avgt_jmhStub;org/weakref/nitro/clickbench/BenchmarkQueries.query43;org/weakref/nitro/clickbench/BenchmarkQueries.consume;org/weakref/nitro/operator/OffsetOperator.hasNext;org/weakref/nitro/operator/OffsetOperator.skipFullyConsumedBatches;org/weakref/nitro/operator/TopNOperator.next;org/weakref/nitro/operator/TopNOperator.computeTopN;org/weakref/nitro/operator/GroupedAggregationOperator.next;org/weakref/nitro/operator/GroupedAggregationOperator.computeResults;org/weakref/nitro/operator/Output.borrow;org/weakref/nitro/operator/GroupOperator$$Lambda.0x00000000481e38d0.apply;org/weakref/nitro/operator/GroupOperator.lambda$next$0;org/weakref/nitro/operator/GroupOperator.groupIds;org/weakref/nitro/operator/GroupOperator.doGroupingIfNeeded;org/weakref/nitro/operator/GroupingState.assignGroups;org/weakref/nitro/operator/GroupingState.assignGroups;org/weakref/nitro/operator/GroupingState.assignLongGroups 2
java/lang/Thread.run;java/lang/Thread.runWith;java/util/concurrent/ThreadPoolExecutor$Worker.run;java/util/concurrent/ThreadPoolExecutor.runWorker;java/util/concurrent/FutureTask.run;java/util/concurrent/Executors$RunnableAdapter.call;java/util/concurrent/FutureTask.run;org/openjdk/jmh/runner/BenchmarkHandler$BenchmarkTask.call;org/openjdk/jmh/runner/BenchmarkHandler$BenchmarkTask.call;java/lang/reflect/Method.invoke;jdk/internal/reflect/DirectMethodHandleAccessor.invoke;jdk/internal/reflect/DirectMethodHandleAccessor.invokeImpl;java/lang/invoke/LambdaForm$MH.0x0000000048061400.invokeExact_MT;java/lang/invoke/LambdaForm$MH.0x0000000048061000.invoke;java/lang/invoke/DirectMethodHandle$Holder.invokeSpecial;org/weakref/nitro/clickbench/jmh_generated/BenchmarkQueries_query43_jmhTest.query43_AverageTime;org/weakref/nitro/clickbench/jmh_generated/BenchmarkQueries_query43_jmhTest.query43_avgt_jmhStub;org/weakref/nitro/clickbench/BenchmarkQueries.query43;org/weakref/nitro/clickbench/BenchmarkQueries.consume;org/weakref/nitro/operator/OffsetOperator.hasNext;org/weakref/nitro/operator/OffsetOperator.skipFullyConsumedBatches;org/weakref/nitro/operator/TopNOperator.next;org/weakref/nitro/operator/TopNOperator.computeTopN;org/weakref/nitro/operator/GroupedAggregationOperator.next;org/weakref/nitro/operator/GroupedAggregationOperator.computeResults;org/weakref/nitro/operator/GroupOperator.next;org/weakref/nitro/operator/ProjectOperator.next;org/weakref/nitro/operator/FilterOperator.next;org/weakref/nitro/operator/evaluator/PlanEvaluator.evaluateInPlace;org/weakref/nitro/operator/evaluator/PlanEvaluator.evaluateTrueMaskInPlace;org/weakref/nitro/operator/evaluator/PlanEvaluator.evaluateAdaptiveAndTrueMaskInPlace;org/weakref/nitro/operator/evaluator/PlanEvaluator.evaluateMeasuredTrueMaskInPlace;org/weakref/nitro/operator/evaluator/PlanEvaluator.evaluateTrueMaskInPlace;org/weakref/nitro/operator/evaluator/PlanEvaluator.evaluateAdaptiveAndTrueMaskInPlace;org/weakref/nitro/operator/evaluator/PlanEvaluator.evaluateMeasuredTrueMaskInPlace;org/weakref/nitro/operator/evaluator/PlanEvaluator.evaluateTrueMaskInPlace;org/weakref/nitro/operator/evaluator/PlanEvaluator.tryEvaluatePrimitiveTrueMaskInPlace;org/weakref/nitro/operator/evaluator/PlanEvaluator.tryEvaluatePrimitiveMaskInPlace;org/weakref/nitro/operator/evaluator/PlanEvaluator.resolveMaskPrimitiveInvocation;org/weakref/nitro/operator/evaluator/PlanEvaluator.evaluateArgument;org/weakref/nitro/operator/evaluator/PlanEvaluator.evaluateAvailableReference;org/weakref/nitro/operator/evaluator/PlanEvaluator.evaluate;org/weakref/nitro/operator/evaluator/PlanEvaluator.evaluateUnmemoized;org/weakref/nitro/operator/evaluator/PlanEvaluator.evaluateVariable;org/weakref/nitro/operator/evaluator/PlanEvaluator.evaluateLiteral;org/weakref/nitro/operator/evaluator/PlanEvaluator.fillLongRle;org/weakref/nitro/data/Allocator.allocate;org/weakref/nitro/data/Allocator$ContextState.trackVector 1
java/lang/Thread.run;java/lang/Thread.runWith;java/util/concurrent/ThreadPoolExecutor$Worker.run;java/util/concurrent/ThreadPoolExecutor.runWorker;java/util/concurrent/FutureTask.run;java/util/concurrent/Executors$RunnableAdapter.call;java/util/concurrent/FutureTask.run;org/openjdk/jmh/runner/BenchmarkHandler$BenchmarkTask.call;org/openjdk/jmh/runner/BenchmarkHandler$BenchmarkTask.call;java/lang/reflect/Method.invoke;jdk/internal/reflect/DirectMethodHandleAccessor.invoke;jdk/internal/reflect/DirectMethodHandleAccessor.invokeImpl;java/lang/invoke/LambdaForm$MH.0x0000000048061400.invokeExact_MT;java/lang/invoke/LambdaForm$MH.0x0000000048061000.invoke;java/lang/invoke/DirectMethodHandle$Holder.invokeSpecial;org/weakref/nitro/clickbench/jmh_generated/BenchmarkQueries_query43_jmhTest.query43_AverageTime;org/weakref/nitro/clickbench/jmh_generated/BenchmarkQueries_query43_jmhTest.query43_avgt_jmhStub;org/weakref/nitro/clickbench/BenchmarkQueries.query43;org/weakref/nitro/clickbench/ClickBenchHitsSupport.query43;org/weakref/nitro/clickbench/ClickBenchHitsSupport.clickBenchScan;org/weakref/nitro/operator/NitroParquetScanOperator.<init>;java/util/stream/ReferencePipeline.toArray;java/util/stream/AbstractPipeline.evaluateToArrayNode;java/util/stream/AbstractPipeline.evaluate;java/util/stream/AbstractPipeline.wrapAndCopyInto;java/util/stream/AbstractPipeline.copyInto;java/util/AbstractList$RandomAccessSpliterator.forEachRemaining;java/util/stream/ReferencePipeline$3$1.accept;org/weakref/nitro/operator/NitroParquetScanOperator$$Lambda.0x00000000480864e8.apply;org/weakref/nitro/parquet/ParquetFile.open;org/weakref/nitro/parquet/ParquetFile.<init>;org/apache/parquet/format/Util.readFileMetaData;org/apache/parquet/format/Util.readFileMetaData;org/apache/parquet/format/Util.read;org/apache/parquet/format/FileMetaData.read;org/apache/parquet/format/FileMetaData$FileMetaDataStandardScheme.read;org/apache/parquet/format/FileMetaData$FileMetaDataStandardScheme.read;org/apache/parquet/format/RowGroup.read;org/apache/parquet/format/RowGroup$RowGroupStandardScheme.read;org/apache/parquet/format/RowGroup$RowGroupStandardScheme.read;org/apache/parquet/format/ColumnChunk.read;org/apache/parquet/format/ColumnChunk$ColumnChunkStandardScheme.read;org/apache/parquet/format/ColumnChunk$ColumnChunkStandardScheme.read;org/apache/parquet/format/ColumnMetaData.read;org/apache/parquet/format/ColumnMetaData$ColumnMetaDataStandardScheme.read;org/apache/parquet/format/ColumnMetaData$ColumnMetaDataStandardScheme.read;org/apache/parquet/format/InterningProtocol.readI64;shaded/parquet/org/apache/thrift/protocol/TCompactProtocol.readI64;shaded/parquet/org/apache/thrift/protocol/TCompactProtocol.readVarint64;shaded/parquet/org/apache/thrift/protocol/TCompactProtocol.readByte;shaded/parquet/org/apache/thrift/transport/TTransport.readAll;shaded/parquet/org/apache/thrift/transport/TIOStreamTransport.read;org/weakref/nitro/parquet/ParquetFile$SegmentInputStream.read;java/lang/foreign/MemorySegment.copy;jdk/internal/foreign/AbstractMemorySegmentImpl.copy;jdk/internal/misc/ScopedMemoryAccess.copyMemory;jdk/internal/misc/ScopedMemoryAccess.copyMemoryInternal;jdk/internal/foreign/MemorySessionImpl.checkValidStateRaw 1
java/lang/Thread.run;java/lang/Thread.runWith;java/util/concurrent/ThreadPoolExecutor$Worker.run;java/util/concurrent/ThreadPoolExecutor.runWorker;java/util/concurrent/FutureTask.run;java/util/concurrent/Executors$RunnableAdapter.call;java/util/concurrent/FutureTask.run;org/openjdk/jmh/runner/BenchmarkHandler$BenchmarkTask.call;org/openjdk/jmh/runner/BenchmarkHandler$BenchmarkTask.call;java/lang/reflect/Method.invoke;jdk/internal/reflect/DirectMethodHandleAccessor.invoke;jdk/internal/reflect/DirectMethodHandleAccessor.invokeImpl;java/lang/invoke/LambdaForm$MH.0x0000000048061400.invokeExact_MT;java/lang/invoke/LambdaForm$MH.0x0000000048061000.invoke;java/lang/invoke/DirectMethodHandle$Holder.invokeSpecial;org/weakref/nitro/clickbench/jmh_generated/BenchmarkQueries_query43_jmhTest.query43_AverageTime;org/weakref/nitro/clickbench/jmh_generated/BenchmarkQueries_query43_jmhTest.query43_avgt_jmhStub;org/weakref/nitro/clickbench/BenchmarkQueries.query43;org/weakref/nitro/clickbench/ClickBenchHitsSupport.query43;org/weakref/nitro/clickbench/ClickBenchHitsSupport.clickBenchScan;org/weakref/nitro/operator/NitroParquetScanOperator.<init>;java/util/stream/ReferencePipeline.toArray;java/util/stream/AbstractPipeline.evaluateToArrayNode;java/util/stream/AbstractPipeline.evaluate;java/util/stream/AbstractPipeline.wrapAndCopyInto;java/util/stream/AbstractPipeline.copyInto;java/util/AbstractList$RandomAccessSpliterator.forEachRemaining;java/util/stream/ReferencePipeline$3$1.accept;org/weakref/nitro/operator/NitroParquetScanOperator$$Lambda.0x00000000480864e8.apply;org/weakref/nitro/parquet/ParquetFile.open;org/weakref/nitro/parquet/ParquetFile.<init>;org/apache/parquet/format/Util.readFileMetaData;org/apache/parquet/format/Util.readFileMetaData;org/apache/parquet/format/Util.read;org/apache/parquet/format/FileMetaData.read;org/apache/parquet/format/FileMetaData$FileMetaDataStandardScheme.read;org/apache/parquet/format/FileMetaData$FileMetaDataStandardScheme.read;org/apache/parquet/format/RowGroup.read;org/apache/parquet/format/RowGroup$RowGroupStandardScheme.read;org/apache/parquet/format/RowGroup$RowGroupStandardScheme.read;org/apache/parquet/format/ColumnChunk.read;org/apache/parquet/format/ColumnChunk$ColumnChunkStandardScheme.read;org/apache/parquet/format/ColumnChunk$ColumnChunkStandardScheme.read;org/apache/parquet/format/ColumnMetaData.read;org/apache/parquet/format/ColumnMetaData$ColumnMetaDataStandardScheme.read;org/apache/parquet/format/ColumnMetaData$ColumnMetaDataStandardScheme.read;org/apache/parquet/format/InterningProtocol.readI64;shaded/parquet/org/apache/thrift/protocol/TCompactProtocol.readI64;shaded/parquet/org/apache/thrift/protocol/TCompactProtocol.readVarint64;shaded/parquet/org/apache/thrift/protocol/TCompactProtocol.readByte;shaded/parquet/org/apache/thrift/transport/TTransport.readAll;shaded/parquet/org/apache/thrift/transport/TIOStreamTransport.read;org/weakref/nitro/parquet/ParquetFile$SegmentInputStream.read;java/lang/foreign/MemorySegment.copy;jdk/internal/foreign/AbstractMemorySegmentImpl.copy;jdk/internal/foreign/AbstractMemorySegmentImpl.checkAccess;jdk/internal/foreign/AbstractMemorySegmentImpl.checkAccessBounds;jdk/internal/foreign/AbstractMemorySegmentImpl.checkBounds 1
java/lang/Thread.run;java/lang/Thread.runWith;java/util/concurrent/ThreadPoolExecutor$Worker.run;java/util/concurrent/ThreadPoolExecutor.runWorker;java/util/concurrent/FutureTask.run;java/util/concurrent/Executors$RunnableAdapter.call;java/util/concurrent/FutureTask.run;org/openjdk/jmh/runner/BenchmarkHandler$BenchmarkTask.call;org/openjdk/jmh/runner/BenchmarkHandler$BenchmarkTask.call;java/lang/reflect/Method.invoke;jdk/internal/reflect/DirectMethodHandleAccessor.invoke;jdk/internal/reflect/DirectMethodHandleAccessor.invokeImpl;java/lang/invoke/LambdaForm$MH.0x0000000048061400.invokeExact_MT;java/lang/invoke/LambdaForm$MH.0x0000000048061000.invoke;java/lang/invoke/DirectMethodHandle$Holder.invokeSpecial;org/weakref/nitro/clickbench/jmh_generated/BenchmarkQueries_query43_jmhTest.query43_AverageTime;org/weakref/nitro/clickbench/jmh_generated/BenchmarkQueries_query43_jmhTest.query43_avgt_jmhStub;org/weakref/nitro/clickbench/BenchmarkQueries.query43;org/weakref/nitro/clickbench/ClickBenchHitsSupport.query43;org/weakref/nitro/clickbench/ClickBenchHitsSupport.clickBenchScan;org/weakref/nitro/operator/NitroParquetScanOperator.<init>;java/util/stream/ReferencePipeline.toArray;java/util/stream/AbstractPipeline.evaluateToArrayNode;java/util/stream/AbstractPipeline.evaluate;java/util/stream/AbstractPipeline.wrapAndCopyInto;java/util/stream/AbstractPipeline.copyInto;java/util/AbstractList$RandomAccessSpliterator.forEachRemaining;java/util/stream/ReferencePipeline$3$1.accept;org/weakref/nitro/operator/NitroParquetScanOperator$$Lambda.0x00000000480864e8.apply;org/weakref/nitro/parquet/ParquetFile.open;org/weakref/nitro/parquet/ParquetFile.<init>;org/apache/parquet/format/Util.readFileMetaData;org/apache/parquet/format/Util.readFileMetaData;org/apache/parquet/format/Util.read;org/apache/parquet/format/FileMetaData.read;org/apache/parquet/format/FileMetaData$FileMetaDataStandardScheme.read;org/apache/parquet/format/FileMetaData$FileMetaDataStandardScheme.read;org/apache/parquet/format/RowGroup.read;org/apache/parquet/format/RowGroup$RowGroupStandardScheme.read;org/apache/parquet/format/RowGroup$RowGroupStandardScheme.read;org/apache/parquet/format/ColumnChunk.read;org/apache/parquet/format/ColumnChunk$ColumnChunkStandardScheme.read;org/apache/parquet/format/ColumnChunk$ColumnChunkStandardScheme.read;org/apache/parquet/format/ColumnMetaData.read;org/apache/parquet/format/ColumnMetaData$ColumnMetaDataStandardScheme.read;org/apache/parquet/format/ColumnMetaData$ColumnMetaDataStandardScheme.read;org/apache/parquet/format/PageEncodingStats.read;org/apache/parquet/format/PageEncodingStats$PageEncodingStatsStandardScheme.read;org/apache/parquet/format/PageEncodingStats$PageEncodingStatsStandardScheme.read 1
java/lang/Thread.run;java/lang/Thread.runWith;java/util/concurrent/ThreadPoolExecutor$Worker.run;java/util/concurrent/ThreadPoolExecutor.runWorker;java/util/concurrent/FutureTask.run;java/util/concurrent/Executors$RunnableAdapter.call;java/util/concurrent/FutureTask.run;org/openjdk/jmh/runner/BenchmarkHandler$BenchmarkTask.call;org/openjdk/jmh/runner/BenchmarkHandler$BenchmarkTask.call;java/lang/reflect/Method.invoke;jdk/internal/reflect/DirectMethodHandleAccessor.invoke;jdk/internal/reflect/DirectMethodHandleAccessor.invokeImpl;java/lang/invoke/LambdaForm$MH.0x0000000048061400.invokeExact_MT;java/lang/invoke/LambdaForm$MH.0x0000000048061000.invoke;java/lang/invoke/DirectMethodHandle$Holder.invokeSpecial;org/weakref/nitro/clickbench/jmh_generated/BenchmarkQueries_query43_jmhTest.query43_AverageTime;org/weakref/nitro/clickbench/jmh_generated/BenchmarkQueries_query43_jmhTest.query43_avgt_jmhStub;org/weakref/nitro/clickbench/BenchmarkQueries.query43;org/weakref/nitro/clickbench/ClickBenchHitsSupport.query43;org/weakref/nitro/clickbench/ClickBenchHitsSupport.clickBenchScan;org/weakref/nitro/operator/NitroParquetScanOperator.<init>;java/util/stream/ReferencePipeline.toArray;java/util/stream/AbstractPipeline.evaluateToArrayNode;java/util/stream/AbstractPipeline.evaluate;java/util/stream/AbstractPipeline.wrapAndCopyInto;java/util/stream/AbstractPipeline.copyInto;java/util/AbstractList$RandomAccessSpliterator.forEachRemaining;java/util/stream/ReferencePipeline$3$1.accept;org/weakref/nitro/operator/NitroParquetScanOperator$$Lambda.0x00000000480864e8.apply;org/weakref/nitro/parquet/ParquetFile.open;org/weakref/nitro/parquet/ParquetFile.<init>;org/apache/parquet/format/Util.readFileMetaData;org/apache/parquet/format/Util.readFileMetaData;org/apache/parquet/format/Util.read;org/apache/parquet/format/FileMetaData.read;org/apache/parquet/format/FileMetaData$FileMetaDataStandardScheme.read;org/apache/parquet/format/FileMetaData$FileMetaDataStandardScheme.read;org/apache/parquet/format/RowGroup.read;org/apache/parquet/format/RowGroup$RowGroupStandardScheme.read;org/apache/parquet/format/RowGroup$RowGroupStandardScheme.read;org/apache/parquet/format/ColumnChunk.read;org/apache/parquet/format/ColumnChunk$ColumnChunkStandardScheme.read;org/apache/parquet/format/ColumnChunk$ColumnChunkStandardScheme.read;org/apache/parquet/format/ColumnMetaData.read;org/apache/parquet/format/ColumnMetaData$ColumnMetaDataStandardScheme.read;org/apache/parquet/format/ColumnMetaData$ColumnMetaDataStandardScheme.read;org/apache/parquet/format/ColumnMetaData.isSetTotal_uncompressed_size;shaded/parquet/org/apache/thrift/EncodingUtils.testBit;shaded/parquet/org/apache/thrift/EncodingUtils.testBit 1
/usr/lib/x86_64-linux-gnu/libc.so.6;/usr/lib/x86_64-linux-gnu/libc.so.6;thread_native_entry;Thread::call_run;JavaThread::thread_main_inner;CompileBroker::compiler_thread_loop;CompileBroker::invoke_compiler_on_method;C2Compiler::compile_method;Compile::Compile;ParseGenerator::generate;Parse::Parse;Parse::do_all_blocks;Parse::do_one_block;Parse::do_call;PredictedCallGenerator::generate;ParseGenerator::generate;Parse::Parse;Parse::do_all_blocks;Parse::do_one_block;Parse::do_call;PredictedCallGenerator::generate;ParseGenerator::generate;Parse::Parse;Parse::do_all_blocks;Parse::do_one_block;Parse::do_call;PredictedCallGenerator::generate;ParseGenerator::generate;Parse::Parse;Parse::do_all_blocks;Parse::do_one_block;Parse::do_call;PredictedCallGenerator::generate;ParseGenerator::generate;Parse::Parse;Parse::do_all_blocks;Parse::do_one_block;Parse::do_call;Compile::call_generator;InlineTree::ok_to_inline;InlineTree::try_to_inline;InlineTree::should_not_inline;DirectiveSet::should_not_inline;CompilerOracle::should_not_inline;resolve_inlining_predicate;MethodMatcher::matches 1
java/lang/Thread.run;java/lang/Thread.runWith;java/util/concurrent/ThreadPoolExecutor$Worker.run;java/util/concurrent/ThreadPoolExecutor.runWorker;java/util/concurrent/FutureTask.run;java/util/concurrent/Executors$RunnableAdapter.call;java/util/concurrent/FutureTask.run;org/openjdk/jmh/runner/BenchmarkHandler$BenchmarkTask.call;org/openjdk/jmh/runner/BenchmarkHandler$BenchmarkTask.call;java/lang/reflect/Method.invoke;jdk/internal/reflect/DirectMethodHandleAccessor.invoke;jdk/internal/reflect/DirectMethodHandleAccessor.invokeImpl;java/lang/invoke/LambdaForm$MH.0x0000000048061400.invokeExact_MT;java/lang/invoke/LambdaForm$MH.0x0000000048061000.invoke;java/lang/invoke/DirectMethodHandle$Holder.invokeSpecial;org/weakref/nitro/clickbench/jmh_generated/BenchmarkQueries_query43_jmhTest.query43_AverageTime;org/weakref/nitro/clickbench/jmh_generated/BenchmarkQueries_query43_jmhTest.query43_avgt_jmhStub;org/weakref/nitro/clickbench/BenchmarkQueries.query43;org/weakref/nitro/clickbench/BenchmarkQueries.consume;org/weakref/nitro/operator/OffsetOperator.hasNext;org/weakref/nitro/operator/OffsetOperator.skipFullyConsumedBatches;org/weakref/nitro/operator/TopNOperator.next;org/weakref/nitro/operator/TopNOperator.computeTopN;org/weakref/nitro/operator/GroupedAggregationOperator.next;org/weakref/nitro/operator/GroupedAggregationOperator.computeResults;org/weakref/nitro/operator/GroupOperator.next;org/weakref/nitro/operator/ProjectOperator.next;org/weakref/nitro/operator/FilterOperator.next;org/weakref/nitro/operator/evaluator/PlanEvaluator.evaluateInPlace;org/weakref/nitro/operator/evaluator/PlanEvaluator.evaluateTrueMaskInPlace;org/weakref/nitro/operator/evaluator/PlanEvaluator.evaluateAdaptiveAndTrueMaskInPlace;org/weakref/nitro/operator/evaluator/PlanEvaluator.evaluateMeasuredTrueMaskInPlace;org/weakref/nitro/operator/evaluator/PlanEvaluator.evaluateTrueMaskInPlace;org/weakref/nitro/operator/evaluator/PlanEvaluator.evaluateAdaptiveAndTrueMaskInPlace;org/weakref/nitro/operator/evaluator/PlanEvaluator.evaluateMeasuredTrueMaskInPlace;org/weakref/nitro/operator/evaluator/PlanEvaluator.evaluateTrueMaskInPlace;org/weakref/nitro/operator/evaluator/PlanEvaluator.tryEvaluatePrimitiveTrueMaskInPlace;org/weakref/nitro/operator/evaluator/PlanEvaluator.tryEvaluatePrimitiveMaskInPlace;org/weakref/nitro/function/scalar/builtin/EqualI64.tryEvaluateTrueMaskInPlace;org/weakref/nitro/function/scalar/builtin/LongComparisonMaskSupport.tryEvaluateTrueMaskInPlace;org/weakref/nitro/function/scalar/builtin/LongComparisonMaskSupport.tryConstantComparisonInPlace;org/weakref/nitro/function/scalar/builtin/LongComparisonMaskSupport.applyConstantComparison;org/weakref/nitro/data/Mask.retainConstantComparison;org/weakref/nitro/data/Mask.retainConstantComparison 1
java/lang/Thread.run;java/lang/Thread.runWith;java/util/concurrent/ThreadPoolExecutor$Worker.run;java/util/concurrent/ThreadPoolExecutor.runWorker;java/util/concurrent/FutureTask.run;java/util/concurrent/Executors$RunnableAdapter.call;java/util/concurrent/FutureTask.run;org/openjdk/jmh/runner/BenchmarkHandler$BenchmarkTask.call;org/openjdk/jmh/runner/BenchmarkHandler$BenchmarkTask.call;java/lang/reflect/Method.invoke;jdk/internal/reflect/DirectMethodHandleAccessor.invoke;jdk/internal/reflect/DirectMethodHandleAccessor.invokeImpl;java/lang/invoke/LambdaForm$MH.0x0000000048061400.invokeExact_MT;java/lang/invoke/LambdaForm$MH.0x0000000048061000.invoke;java/lang/invoke/DirectMethodHandle$Holder.invokeSpecial;org/weakref/nitro/clickbench/jmh_generated/BenchmarkQueries_query43_jmhTest.query43_AverageTime;org/weakref/nitro/clickbench/jmh_generated/BenchmarkQueries_query43_jmhTest.query43_avgt_jmhStub;org/weakref/nitro/clickbench/BenchmarkQueries.query43;org/weakref/nitro/clickbench/BenchmarkQueries.consume;org/weakref/nitro/operator/OffsetOperator.hasNext;org/weakref/nitro/operator/OffsetOperator.skipFullyConsumedBatches;org/weakref/nitro/operator/TopNOperator.next;org/weakref/nitro/operator/TopNOperator.computeTopN;org/weakref/nitro/operator/GroupedAggregationOperator.next;org/weakref/nitro/operator/GroupedAggregationOperator.computeResults;org/weakref/nitro/operator/Output.borrow;org/weakref/nitro/operator/GroupOperator$$Lambda.0x00000000481e38d0.apply;org/weakref/nitro/operator/GroupOperator.lambda$next$0;org/weakref/nitro/operator/GroupOperator.groupIds;org/weakref/nitro/operator/GroupOperator.doGroupingIfNeeded;org/weakref/nitro/operator/GroupingState.assignGroups;org/weakref/nitro/operator/GroupingState.assignGroups;org/weakref/nitro/operator/GroupingState.assignLongGroups 1
java/lang/Thread.run;java/lang/Thread.runWith;java/util/concurrent/ThreadPoolExecutor$Worker.run;java/util/concurrent/ThreadPoolExecutor.runWorker;java/util/concurrent/FutureTask.run;java/util/concurrent/Executors$RunnableAdapter.call;java/util/concurrent/FutureTask.run;org/openjdk/jmh/runner/BenchmarkHandler$BenchmarkTask.call;org/openjdk/jmh/runner/BenchmarkHandler$BenchmarkTask.call;java/lang/reflect/Method.invoke;jdk/internal/reflect/DirectMethodHandleAccessor.invoke;jdk/internal/reflect/DirectMethodHandleAccessor.invokeImpl;java/lang/invoke/LambdaForm$MH.0x0000000048061400.invokeExact_MT;java/lang/invoke/LambdaForm$MH.0x0000000048061000.invoke;java/lang/invoke/DirectMethodHandle$Holder.invokeSpecial;org/weakref/nitro/clickbench/jmh_generated/BenchmarkQueries_query43_jmhTest.query43_AverageTime;org/weakref/nitro/clickbench/jmh_generated/BenchmarkQueries_query43_jmhTest.query43_avgt_jmhStub;org/weakref/nitro/clickbench/BenchmarkQueries.query43;org/weakref/nitro/clickbench/ClickBenchHitsSupport.query43;org/weakref/nitro/clickbench/ClickBenchHitsSupport.clickBenchScan;org/weakref/nitro/operator/NitroParquetScanOperator.<init>;java/util/stream/ReferencePipeline.toArray;java/util/stream/AbstractPipeline.evaluateToArrayNode;java/util/stream/AbstractPipeline.evaluate;java/util/stream/AbstractPipeline.wrapAndCopyInto;java/util/stream/AbstractPipeline.copyInto;java/util/AbstractList$RandomAccessSpliterator.forEachRemaining;java/util/stream/ReferencePipeline$3$1.accept;org/weakref/nitro/operator/NitroParquetScanOperator$$Lambda.0x00000000480864e8.apply;org/weakref/nitro/parquet/ParquetFile.open;org/weakref/nitro/parquet/ParquetFile.<init>;org/apache/parquet/format/Util.readFileMetaData;org/apache/parquet/format/Util.readFileMetaData;org/apache/parquet/format/Util.read;org/apache/parquet/format/FileMetaData.read;org/apache/parquet/format/FileMetaData$FileMetaDataStandardScheme.read;org/apache/parquet/format/FileMetaData$FileMetaDataStandardScheme.read;org/apache/parquet/format/RowGroup.read;org/apache/parquet/format/RowGroup$RowGroupStandardScheme.read;org/apache/parquet/format/RowGroup$RowGroupStandardScheme.read;org/apache/parquet/format/ColumnChunk.read;org/apache/parquet/format/ColumnChunk$ColumnChunkStandardScheme.read;org/apache/parquet/format/ColumnChunk$ColumnChunkStandardScheme.read;org/apache/parquet/format/ColumnMetaData.read;org/apache/parquet/format/ColumnMetaData$ColumnMetaDataStandardScheme.read;org/apache/parquet/format/ColumnMetaData$ColumnMetaDataStandardScheme.read;org/apache/parquet/format/InterningProtocol.readFieldBegin 1
/usr/lib/x86_64-linux-gnu/libc.so.6;/usr/lib/x86_64-linux-gnu/libc.so.6;thread_native_entry;Thread::call_run;WorkerThread::run;G1EvacuateRegionsBaseTask::work;G1EvacuateRegionsTask::evacuate_live_objects;G1ParEvacuateFollowersClosure::do_void;G1ParScanThreadState::trim_queue_to_threshold 3
java/lang/Thread.run;java/lang/Thread.runWith;java/util/concurrent/ThreadPoolExecutor$Worker.run;java/util/concurrent/ThreadPoolExecutor.runWorker;java/util/concurrent/FutureTask.run;java/util/concurrent/Executors$RunnableAdapter.call;java/util/concurrent/FutureTask.run;org/openjdk/jmh/runner/BenchmarkHandler$BenchmarkTask.call;org/openjdk/jmh/runner/BenchmarkHandler$BenchmarkTask.call;java/lang/reflect/Method.invoke;jdk/internal/reflect/DirectMethodHandleAccessor.invoke;jdk/internal/reflect/DirectMethodHandleAccessor.invokeImpl;java/lang/invoke/LambdaForm$MH.0x0000000048061400.invokeExact_MT;java/lang/invoke/LambdaForm$MH.0x0000000048061000.invoke;java/lang/invoke/DirectMethodHandle$Holder.invokeSpecial;org/weakref/nitro/clickbench/jmh_generated/BenchmarkQueries_query43_jmhTest.query43_AverageTime;org/weakref/nitro/clickbench/jmh_generated/BenchmarkQueries_query43_jmhTest.query43_avgt_jmhStub;org/weakref/nitro/clickbench/BenchmarkQueries.query43;org/weakref/nitro/clickbench/BenchmarkQueries.consume;org/weakref/nitro/operator/OffsetOperator.hasNext;org/weakref/nitro/operator/OffsetOperator.skipFullyConsumedBatches;org/weakref/nitro/operator/TopNOperator.next;org/weakref/nitro/operator/TopNOperator.computeTopN;org/weakref/nitro/operator/GroupedAggregationOperator.next;org/weakref/nitro/operator/GroupedAggregationOperator.computeResults;org/weakref/nitro/operator/Output.borrow;org/weakref/nitro/operator/GroupOperator$$Lambda.0x00000000481e38d0.apply;org/weakref/nitro/operator/GroupOperator.lambda$next$0;org/weakref/nitro/operator/GroupOperator.groupIds;org/weakref/nitro/operator/GroupOperator.doGroupingIfNeeded;org/weakref/nitro/operator/Output.borrow;org/weakref/nitro/operator/ProjectOperator$$Lambda.0x00000000481e76d8.apply;org/weakref/nitro/operator/ProjectOperator.lambda$next$4;org/weakref/nitro/operator/ProjectOperator.evaluateOutput;java/util/HashMap.computeIfAbsent;org/weakref/nitro/operator/ProjectOperator$$Lambda.0x00000000481ea4e8.apply;org/weakref/nitro/operator/ProjectOperator.lambda$evaluateOutput$0;org/weakref/nitro/operator/ProjectOperator.evaluateBundle;org/weakref/nitro/operator/evaluator/PlanEvaluator.evaluate;org/weakref/nitro/operator/evaluator/PlanEvaluator.evaluateUnmemoized;org/weakref/nitro/operator/evaluator/PlanEvaluator.evaluateVariable;org/weakref/nitro/operator/evaluator/PlanEvaluator.evaluateCall;org/weakref/nitro/operator/evaluator/PlanEvaluator.evaluateArgument;org/weakref/nitro/operator/evaluator/PlanEvaluator.evaluate;org/weakref/nitro/operator/evaluator/PlanEvaluator.evaluateUnmemoized;org/weakref/nitro/operator/evaluator/PlanEvaluator.evaluateVariable;org/weakref/nitro/operator/evaluator/PlanEvaluator.evaluateCall;org/weakref/nitro/function/scalar/builtin/DivideI64.apply;org/weakref/nitro/function/scalar/builtin/I64BinaryDispatch.applyLong;org/weakref/nitro/function/scalar/builtin/I64BinaryDispatch.forEachPair;org/weakref/nitro/function/scalar/builtin/I64BinaryDispatch.forEachFlatRle 1
java/lang/Thread.run;java/lang/Thread.runWith;java/util/concurrent/ThreadPoolExecutor$Worker.run;java/util/concurrent/ThreadPoolExecutor.runWorker;java/util/concurrent/FutureTask.run;java/util/concurrent/Executors$RunnableAdapter.call;java/util/concurrent/FutureTask.run;org/openjdk/jmh/runner/BenchmarkHandler$BenchmarkTask.call;org/openjdk/jmh/runner/BenchmarkHandler$BenchmarkTask.call;java/lang/reflect/Method.invoke;jdk/internal/reflect/DirectMethodHandleAccessor.invoke;jdk/internal/reflect/DirectMethodHandleAccessor.invokeImpl;java/lang/invoke/LambdaForm$MH.0x0000000048061400.invokeExact_MT;java/lang/invoke/LambdaForm$MH.0x0000000048061000.invoke;java/lang/invoke/DirectMethodHandle$Holder.invokeSpecial;org/weakref/nitro/clickbench/jmh_generated/BenchmarkQueries_query43_jmhTest.query43_AverageTime;org/weakref/nitro/clickbench/jmh_generated/BenchmarkQueries_query43_jmhTest.query43_avgt_jmhStub;org/weakref/nitro/clickbench/BenchmarkQueries.query43;org/weakref/nitro/clickbench/BenchmarkQueries.consume;org/weakref/nitro/operator/OffsetOperator.hasNext;org/weakref/nitro/operator/OffsetOperator.skipFullyConsumedBatches;org/weakref/nitro/operator/TopNOperator.next;org/weakref/nitro/operator/TopNOperator.computeTopN;org/weakref/nitro/operator/GroupedAggregationOperator.next;org/weakref/nitro/operator/GroupedAggregationOperator.computeResults;org/weakref/nitro/operator/GroupOperator.next;org/weakref/nitro/operator/ProjectOperator.next;org/weakref/nitro/operator/FilterOperator.next;org/weakref/nitro/operator/evaluator/PlanEvaluator.evaluateInPlace;org/weakref/nitro/operator/evaluator/PlanEvaluator.evaluateTrueMaskInPlace;org/weakref/nitro/operator/evaluator/PlanEvaluator.evaluateAdaptiveAndTrueMaskInPlace;os::javaTimeNanos;__clock_gettime;[vdso] 1
java/lang/Thread.run;java/lang/Thread.runWith;java/util/concurrent/ThreadPoolExecutor$Worker.run;java/util/concurrent/ThreadPoolExecutor.runWorker;java/util/concurrent/FutureTask.run;java/util/concurrent/Executors$RunnableAdapter.call;java/util/concurrent/FutureTask.run;org/openjdk/jmh/runner/BenchmarkHandler$BenchmarkTask.call;org/openjdk/jmh/runner/BenchmarkHandler$BenchmarkTask.call;java/lang/reflect/Method.invoke;jdk/internal/reflect/DirectMethodHandleAccessor.invoke;jdk/internal/reflect/DirectMethodHandleAccessor.invokeImpl;java/lang/invoke/LambdaForm$MH.0x0000000048061400.invokeExact_MT;java/lang/invoke/LambdaForm$MH.0x0000000048061000.invoke;java/lang/invoke/DirectMethodHandle$Holder.invokeSpecial;org/weakref/nitro/clickbench/jmh_generated/BenchmarkQueries_query43_jmhTest.query43_AverageTime;org/weakref/nitro/clickbench/jmh_generated/BenchmarkQueries_query43_jmhTest.query43_avgt_jmhStub;org/weakref/nitro/clickbench/BenchmarkQueries.query43;org/weakref/nitro/clickbench/ClickBenchHitsSupport.query43;org/weakref/nitro/clickbench/ClickBenchHitsSupport.clickBenchScan;org/weakref/nitro/operator/NitroParquetScanOperator.<init>;java/util/stream/ReferencePipeline.toArray;java/util/stream/AbstractPipeline.evaluateToArrayNode;java/util/stream/AbstractPipeline.evaluate;java/util/stream/AbstractPipeline.wrapAndCopyInto;java/util/stream/AbstractPipeline.copyInto;java/util/AbstractList$RandomAccessSpliterator.forEachRemaining;java/util/stream/ReferencePipeline$3$1.accept;org/weakref/nitro/operator/NitroParquetScanOperator$$Lambda.0x00000000480864e8.apply;org/weakref/nitro/parquet/ParquetFile.open;org/weakref/nitro/parquet/ParquetFile.<init>;org/apache/parquet/format/Util.readFileMetaData;org/apache/parquet/format/Util.readFileMetaData;org/apache/parquet/format/Util.read;org/apache/parquet/format/FileMetaData.read;org/apache/parquet/format/FileMetaData$FileMetaDataStandardScheme.read;org/apache/parquet/format/FileMetaData$FileMetaDataStandardScheme.read;org/apache/parquet/format/RowGroup.read;org/apache/parquet/format/RowGroup$RowGroupStandardScheme.read;org/apache/parquet/format/RowGroup$RowGroupStandardScheme.read;org/apache/parquet/format/ColumnChunk.read;org/apache/parquet/format/ColumnChunk$ColumnChunkStandardScheme.read;org/apache/parquet/format/ColumnChunk$ColumnChunkStandardScheme.read;org/apache/parquet/format/ColumnMetaData.read;org/apache/parquet/format/ColumnMetaData$ColumnMetaDataStandardScheme.read;org/apache/parquet/format/ColumnMetaData$ColumnMetaDataStandardScheme.read 1
