Jul 18, 2026 3:04:02 PM org.jline.utils.Log logr
WARNING: Unable to create a system terminal, creating a dumb terminal (enable debug logging for more information)
[main] WARNING org.jline - Unable to create a system terminal, creating a dumb terminal (enable debug logging for more information)
[INFO] Processing build on daemon e20effc9
[INFO] Scanning for projects...
[INFO] Njord 0.9.4 session created
[INFO] BuildTimeEventSpy is registered.
[INFO] 
[INFO] Using the SmartBuilder implementation with a thread count of 7
[INFO] 
[INFO] -------------------------< org.weakref:nitro >--------------------------
[INFO] Building nitro 1-SNAPSHOT
[INFO]   from pom.xml
[INFO] --------------------------------[ jar ]---------------------------------
[WARNING] 2 problems were encountered while building the effective model for org.apache.yetus:audience-annotations:jar:0.5.0 during dependency collection step for project (use -X to see details)
[INFO] 
[INFO] --- exec:3.6.1:exec (benchmark) @ nitro ---
[WARNING] [stderr] WARNING: Using incubator modules: jdk.incubator.vector
[WARNING] [stderr] WARNING: A terminally deprecated method in sun.misc.Unsafe has been called
[WARNING] [stderr] WARNING: sun.misc.Unsafe::objectFieldOffset has been called by org.openjdk.jmh.util.Utils (file:/root/.m2/repository/org/openjdk/jmh/jmh-core/1.37/jmh-core-1.37.jar)
[WARNING] [stderr] WARNING: Please consider reporting this to the maintainers of class org.openjdk.jmh.util.Utils
[WARNING] [stderr] WARNING: sun.misc.Unsafe::objectFieldOffset will be removed in a future release
[INFO] [stdout] # JMH version: 1.37
[INFO] [stdout] # VM version: JDK 26.0.1, OpenJDK 64-Bit Server VM, 26.0.1+8
[INFO] [stdout] # VM invoker: /opt/java/openjdk/bin/java
[INFO] [stdout] # VM options: --enable-preview --add-modules=jdk.incubator.vector -Dnitro.clickbench.hits.path= -Xmx12g -XX:+UseTransparentHugePages -Dnitro.tpcds.parquet.path=/root/data/tpcds-parquet-sf10 -Dnitro.tpcds.parquet.schema=sf10 -Dnitro.debug.versionedDictionaryPredicates=true
[INFO] [stdout] # Blackhole mode: compiler (auto-detected, use -Djmh.blackhole.autoDetect=false to disable)
[INFO] [stdout] # Warmup: <none>
[INFO] [stdout] # Measurement: 1 iterations, 1 ms each
[INFO] [stdout] # Timeout: 30 min per iteration
[INFO] [stdout] # Threads: 1 thread, will synchronize iterations
[INFO] [stdout] # Benchmark mode: Average time, time/op
[INFO] [stdout] # Benchmark: org.weakref.nitro.tpcds.BenchmarkQueries.query01
[INFO] [stdout] 
[INFO] [stdout] # Run progress: 0.00% complete, ETA 00:00:00
[INFO] [stdout] # Fork: 1 of 1
[INFO] [stdout] WARNING: Using incubator modules: jdk.incubator.vector
[INFO] [stdout] WARNING: A terminally deprecated method in sun.misc.Unsafe has been called
[INFO] [stdout] WARNING: sun.misc.Unsafe::objectFieldOffset has been called by org.openjdk.jmh.util.Utils (file:/root/.m2/repository/org/openjdk/jmh/jmh-core/1.37/jmh-core-1.37.jar)
[INFO] [stdout] WARNING: Please consider reporting this to the maintainers of class org.openjdk.jmh.util.Utils
[INFO] [stdout] WARNING: sun.misc.Unsafe::objectFieldOffset will be removed in a future release
[INFO] [stdout] Iteration   1: WARNING: A restricted method in java.lang.foreign.SymbolLookup has been called
[INFO] [stdout] WARNING: java.lang.foreign.SymbolLookup::libraryLookup has been called by io.airlift.compress.v3.internal.NativeLoader in an unnamed module (file:/root/.m2/repository/io/airlift/aircompressor-v3/3.4/aircompressor-v3-3.4.jar)
[INFO] [stdout] WARNING: Use --enable-native-access=ALL-UNNAMED to avoid a warning for callers in this module
[INFO] [stdout] WARNING: Restricted methods will be blocked in a future release unless native access is enabled
[INFO] [stdout] 
[WARNING] [stderr] [versioned-dictionary-predicate] reused chunk=0 entries=2003
[WARNING] [stderr] [versioned-dictionary-predicate] reused chunk=0 entries=117296
[INFO] [stdout] 971.778 ms/op
[INFO] [stdout] 
[INFO] [stdout] 
[INFO] [stdout] Result "org.weakref.nitro.tpcds.BenchmarkQueries.query01":
[INFO] [stdout]   971.778 ms/op
[INFO] [stdout] 
[INFO] [stdout] 
[INFO] [stdout] # JMH version: 1.37
[INFO] [stdout] # VM version: JDK 26.0.1, OpenJDK 64-Bit Server VM, 26.0.1+8
[INFO] [stdout] # VM invoker: /opt/java/openjdk/bin/java
[INFO] [stdout] # VM options: --enable-preview --add-modules=jdk.incubator.vector -Dnitro.clickbench.hits.path= -Xmx12g -XX:+UseTransparentHugePages -Dnitro.tpcds.parquet.path=/root/data/tpcds-parquet-sf10 -Dnitro.tpcds.parquet.schema=sf10 -Dnitro.debug.versionedDictionaryPredicates=true
[INFO] [stdout] # Blackhole mode: compiler (auto-detected, use -Djmh.blackhole.autoDetect=false to disable)
[INFO] [stdout] # Warmup: <none>
[INFO] [stdout] # Measurement: 1 iterations, 1 ms each
[INFO] [stdout] # Timeout: 30 min per iteration
[INFO] [stdout] # Threads: 1 thread, will synchronize iterations
[INFO] [stdout] # Benchmark mode: Average time, time/op
[INFO] [stdout] # Benchmark: org.weakref.nitro.tpcds.BenchmarkQueries.query02
[INFO] [stdout] 
[INFO] [stdout] # Run progress: 1.01% complete, ETA 00:01:51
[INFO] [stdout] # Fork: 1 of 1
[INFO] [stdout] WARNING: Using incubator modules: jdk.incubator.vector
[INFO] [stdout] WARNING: A terminally deprecated method in sun.misc.Unsafe has been called
[INFO] [stdout] WARNING: sun.misc.Unsafe::objectFieldOffset has been called by org.openjdk.jmh.util.Utils (file:/root/.m2/repository/org/openjdk/jmh/jmh-core/1.37/jmh-core-1.37.jar)
[INFO] [stdout] WARNING: Please consider reporting this to the maintainers of class org.openjdk.jmh.util.Utils
[INFO] [stdout] WARNING: sun.misc.Unsafe::objectFieldOffset will be removed in a future release
[INFO] [stdout] Iteration   1: WARNING: A restricted method in java.lang.foreign.SymbolLookup has been called
[INFO] [stdout] WARNING: java.lang.foreign.SymbolLookup::libraryLookup has been called by io.airlift.compress.v3.internal.NativeLoader in an unnamed module (file:/root/.m2/repository/io/airlift/aircompressor-v3/3.4/aircompressor-v3-3.4.jar)
[INFO] [stdout] WARNING: Use --enable-native-access=ALL-UNNAMED to avoid a warning for callers in this module
[INFO] [stdout] WARNING: Restricted methods will be blocked in a future release unless native access is enabled
[INFO] [stdout] 
[INFO] [stdout] 1434.310 ms/op
[INFO] [stdout] 
[INFO] [stdout] 
[INFO] [stdout] Result "org.weakref.nitro.tpcds.BenchmarkQueries.query02":
[INFO] [stdout]   1434.310 ms/op
[INFO] [stdout] 
[INFO] [stdout] 
[INFO] [stdout] # JMH version: 1.37
[INFO] [stdout] # VM version: JDK 26.0.1, OpenJDK 64-Bit Server VM, 26.0.1+8
[INFO] [stdout] # VM invoker: /opt/java/openjdk/bin/java
[INFO] [stdout] # VM options: --enable-preview --add-modules=jdk.incubator.vector -Dnitro.clickbench.hits.path= -Xmx12g -XX:+UseTransparentHugePages -Dnitro.tpcds.parquet.path=/root/data/tpcds-parquet-sf10 -Dnitro.tpcds.parquet.schema=sf10 -Dnitro.debug.versionedDictionaryPredicates=true
[INFO] [stdout] # Blackhole mode: compiler (auto-detected, use -Djmh.blackhole.autoDetect=false to disable)
[INFO] [stdout] # Warmup: <none>
[INFO] [stdout] # Measurement: 1 iterations, 1 ms each
[INFO] [stdout] # Timeout: 30 min per iteration
[INFO] [stdout] # Threads: 1 thread, will synchronize iterations
[INFO] [stdout] # Benchmark mode: Average time, time/op
[INFO] [stdout] # Benchmark: org.weakref.nitro.tpcds.BenchmarkQueries.query03
[INFO] [stdout] 
[INFO] [stdout] # Run progress: 2.02% complete, ETA 00:02:12
[INFO] [stdout] # Fork: 1 of 1
[INFO] [stdout] WARNING: Using incubator modules: jdk.incubator.vector
[INFO] [stdout] WARNING: A terminally deprecated method in sun.misc.Unsafe has been called
[INFO] [stdout] WARNING: sun.misc.Unsafe::objectFieldOffset has been called by org.openjdk.jmh.util.Utils (file:/root/.m2/repository/org/openjdk/jmh/jmh-core/1.37/jmh-core-1.37.jar)
[INFO] [stdout] WARNING: Please consider reporting this to the maintainers of class org.openjdk.jmh.util.Utils
[INFO] [stdout] WARNING: sun.misc.Unsafe::objectFieldOffset will be removed in a future release
[INFO] [stdout] Iteration   1: WARNING: A restricted method in java.lang.foreign.SymbolLookup has been called
[INFO] [stdout] WARNING: java.lang.foreign.SymbolLookup::libraryLookup has been called by io.airlift.compress.v3.internal.NativeLoader in an unnamed module (file:/root/.m2/repository/io/airlift/aircompressor-v3/3.4/aircompressor-v3-3.4.jar)
[INFO] [stdout] WARNING: Use --enable-native-access=ALL-UNNAMED to avoid a warning for callers in this module
[INFO] [stdout] WARNING: Restricted methods will be blocked in a future release unless native access is enabled
[INFO] [stdout] 
[WARNING] [stderr] [versioned-dictionary-predicate] reused chunk=6 entries=101999
[INFO] [stdout] 436.218 ms/op
[INFO] [stdout] 
[INFO] [stdout] 
[INFO] [stdout] Result "org.weakref.nitro.tpcds.BenchmarkQueries.query03":
[INFO] [stdout]   436.218 ms/op
[INFO] [stdout] 
[INFO] [stdout] 
[INFO] [stdout] # JMH version: 1.37
[INFO] [stdout] # VM version: JDK 26.0.1, OpenJDK 64-Bit Server VM, 26.0.1+8
[INFO] [stdout] # VM invoker: /opt/java/openjdk/bin/java
[INFO] [stdout] # VM options: --enable-preview --add-modules=jdk.incubator.vector -Dnitro.clickbench.hits.path= -Xmx12g -XX:+UseTransparentHugePages -Dnitro.tpcds.parquet.path=/root/data/tpcds-parquet-sf10 -Dnitro.tpcds.parquet.schema=sf10 -Dnitro.debug.versionedDictionaryPredicates=true
[INFO] [stdout] # Blackhole mode: compiler (auto-detected, use -Djmh.blackhole.autoDetect=false to disable)
[INFO] [stdout] # Warmup: <none>
[INFO] [stdout] # Measurement: 1 iterations, 1 ms each
[INFO] [stdout] # Timeout: 30 min per iteration
[INFO] [stdout] # Threads: 1 thread, will synchronize iterations
[INFO] [stdout] # Benchmark mode: Average time, time/op
[INFO] [stdout] # Benchmark: org.weakref.nitro.tpcds.BenchmarkQueries.query04
[INFO] [stdout] 
[INFO] [stdout] # Run progress: 3.03% complete, ETA 00:01:46
[INFO] [stdout] # Fork: 1 of 1
[INFO] [stdout] WARNING: Using incubator modules: jdk.incubator.vector
[INFO] [stdout] WARNING: A terminally deprecated method in sun.misc.Unsafe has been called
[INFO] [stdout] WARNING: sun.misc.Unsafe::objectFieldOffset has been called by org.openjdk.jmh.util.Utils (file:/root/.m2/repository/org/openjdk/jmh/jmh-core/1.37/jmh-core-1.37.jar)
[INFO] [stdout] WARNING: Please consider reporting this to the maintainers of class org.openjdk.jmh.util.Utils
[INFO] [stdout] WARNING: sun.misc.Unsafe::objectFieldOffset will be removed in a future release
[INFO] [stdout] Iteration   1: WARNING: A restricted method in java.lang.foreign.SymbolLookup has been called
[INFO] [stdout] WARNING: java.lang.foreign.SymbolLookup::libraryLookup has been called by io.airlift.compress.v3.internal.NativeLoader in an unnamed module (file:/root/.m2/repository/io/airlift/aircompressor-v3/3.4/aircompressor-v3-3.4.jar)
[INFO] [stdout] WARNING: Use --enable-native-access=ALL-UNNAMED to avoid a warning for callers in this module
[INFO] [stdout] WARNING: Restricted methods will be blocked in a future release unless native access is enabled
[INFO] [stdout] 
[WARNING] [stderr] [versioned-dictionary-predicate] reused chunk=0 entries=1823
[WARNING] [stderr] [versioned-dictionary-predicate] reused chunk=0 entries=1823
[WARNING] [stderr] [versioned-dictionary-predicate] reused chunk=1 entries=250
[WARNING] [stderr] [versioned-dictionary-predicate] reused chunk=1 entries=250
[WARNING] [stderr] [versioned-dictionary-predicate] reused chunk=0 entries=1823
[WARNING] [stderr] [versioned-dictionary-predicate] reused chunk=0 entries=1823
[INFO] [stdout] 2590.492 ms/op
[INFO] [stdout] 
[INFO] [stdout] 
[INFO] [stdout] Result "org.weakref.nitro.tpcds.BenchmarkQueries.query04":
[INFO] [stdout]   2590.492 ms/op
[INFO] [stdout] 
[INFO] [stdout] 
[INFO] [stdout] # JMH version: 1.37
[INFO] [stdout] # VM version: JDK 26.0.1, OpenJDK 64-Bit Server VM, 26.0.1+8
[INFO] [stdout] # VM invoker: /opt/java/openjdk/bin/java
[INFO] [stdout] # VM options: --enable-preview --add-modules=jdk.incubator.vector -Dnitro.clickbench.hits.path= -Xmx12g -XX:+UseTransparentHugePages -Dnitro.tpcds.parquet.path=/root/data/tpcds-parquet-sf10 -Dnitro.tpcds.parquet.schema=sf10 -Dnitro.debug.versionedDictionaryPredicates=true
[INFO] [stdout] # Blackhole mode: compiler (auto-detected, use -Djmh.blackhole.autoDetect=false to disable)
[INFO] [stdout] # Warmup: <none>
[INFO] [stdout] # Measurement: 1 iterations, 1 ms each
[INFO] [stdout] # Timeout: 30 min per iteration
[INFO] [stdout] # Threads: 1 thread, will synchronize iterations
[INFO] [stdout] # Benchmark mode: Average time, time/op
[INFO] [stdout] # Benchmark: org.weakref.nitro.tpcds.BenchmarkQueries.query05
[INFO] [stdout] 
[INFO] [stdout] # Run progress: 4.04% complete, ETA 00:02:24
[INFO] [stdout] # Fork: 1 of 1
[INFO] [stdout] WARNING: Using incubator modules: jdk.incubator.vector
[INFO] [stdout] WARNING: A terminally deprecated method in sun.misc.Unsafe has been called
[INFO] [stdout] WARNING: sun.misc.Unsafe::objectFieldOffset has been called by org.openjdk.jmh.util.Utils (file:/root/.m2/repository/org/openjdk/jmh/jmh-core/1.37/jmh-core-1.37.jar)
[INFO] [stdout] WARNING: Please consider reporting this to the maintainers of class org.openjdk.jmh.util.Utils
[INFO] [stdout] WARNING: sun.misc.Unsafe::objectFieldOffset will be removed in a future release
[INFO] [stdout] Iteration   1: WARNING: A restricted method in java.lang.foreign.SymbolLookup has been called
[INFO] [stdout] WARNING: java.lang.foreign.SymbolLookup::libraryLookup has been called by io.airlift.compress.v3.internal.NativeLoader in an unnamed module (file:/root/.m2/repository/io/airlift/aircompressor-v3/3.4/aircompressor-v3-3.4.jar)
[INFO] [stdout] WARNING: Use --enable-native-access=ALL-UNNAMED to avoid a warning for callers in this module
[INFO] [stdout] WARNING: Restricted methods will be blocked in a future release unless native access is enabled
[INFO] [stdout] 
[WARNING] [stderr] [versioned-dictionary-predicate] reused chunk=0 entries=1823
[WARNING] [stderr] [versioned-dictionary-predicate] reused chunk=0 entries=2003
[WARNING] [stderr] [versioned-dictionary-predicate] reused chunk=1 entries=250
[WARNING] [stderr] [versioned-dictionary-predicate] reused chunk=0 entries=2092
[WARNING] [stderr] [versioned-dictionary-predicate] reused chunk=0 entries=1823
[WARNING] [stderr] [versioned-dictionary-predicate] reused chunk=0 entries=2165
[INFO] [stdout] 827.361 ms/op
[INFO] [stdout] 
[INFO] [stdout] 
[INFO] [stdout] Result "org.weakref.nitro.tpcds.BenchmarkQueries.query05":
[INFO] [stdout]   827.361 ms/op
[INFO] [stdout] 
[INFO] [stdout] 
[INFO] [stdout] # JMH version: 1.37
[INFO] [stdout] # VM version: JDK 26.0.1, OpenJDK 64-Bit Server VM, 26.0.1+8
[INFO] [stdout] # VM invoker: /opt/java/openjdk/bin/java
[INFO] [stdout] # VM options: --enable-preview --add-modules=jdk.incubator.vector -Dnitro.clickbench.hits.path= -Xmx12g -XX:+UseTransparentHugePages -Dnitro.tpcds.parquet.path=/root/data/tpcds-parquet-sf10 -Dnitro.tpcds.parquet.schema=sf10 -Dnitro.debug.versionedDictionaryPredicates=true
[INFO] [stdout] # Blackhole mode: compiler (auto-detected, use -Djmh.blackhole.autoDetect=false to disable)
[INFO] [stdout] # Warmup: <none>
[INFO] [stdout] # Measurement: 1 iterations, 1 ms each
[INFO] [stdout] # Timeout: 30 min per iteration
[INFO] [stdout] # Threads: 1 thread, will synchronize iterations
[INFO] [stdout] # Benchmark mode: Average time, time/op
[INFO] [stdout] # Benchmark: org.weakref.nitro.tpcds.BenchmarkQueries.query06
[INFO] [stdout] 
[INFO] [stdout] # Run progress: 5.05% complete, ETA 00:02:12
[INFO] [stdout] # Fork: 1 of 1
[INFO] [stdout] WARNING: Using incubator modules: jdk.incubator.vector
[INFO] [stdout] WARNING: A terminally deprecated method in sun.misc.Unsafe has been called
[INFO] [stdout] WARNING: sun.misc.Unsafe::objectFieldOffset has been called by org.openjdk.jmh.util.Utils (file:/root/.m2/repository/org/openjdk/jmh/jmh-core/1.37/jmh-core-1.37.jar)
[INFO] [stdout] WARNING: Please consider reporting this to the maintainers of class org.openjdk.jmh.util.Utils
[INFO] [stdout] WARNING: sun.misc.Unsafe::objectFieldOffset will be removed in a future release
[INFO] [stdout] Iteration   1: WARNING: A restricted method in java.lang.foreign.SymbolLookup has been called
[INFO] [stdout] WARNING: java.lang.foreign.SymbolLookup::libraryLookup has been called by io.airlift.compress.v3.internal.NativeLoader in an unnamed module (file:/root/.m2/repository/io/airlift/aircompressor-v3/3.4/aircompressor-v3-3.4.jar)
[INFO] [stdout] WARNING: Use --enable-native-access=ALL-UNNAMED to avoid a warning for callers in this module
[INFO] [stdout] WARNING: Restricted methods will be blocked in a future release unless native access is enabled
[INFO] [stdout] 
[INFO] [stdout] 1055.277 ms/op
[INFO] [stdout] 
[INFO] [stdout] 
[INFO] [stdout] Result "org.weakref.nitro.tpcds.BenchmarkQueries.query06":
[INFO] [stdout]   1055.277 ms/op
[INFO] [stdout] 
[INFO] [stdout] 
[INFO] [stdout] # JMH version: 1.37
[INFO] [stdout] # VM version: JDK 26.0.1, OpenJDK 64-Bit Server VM, 26.0.1+8
[INFO] [stdout] # VM invoker: /opt/java/openjdk/bin/java
[INFO] [stdout] # VM options: --enable-preview --add-modules=jdk.incubator.vector -Dnitro.clickbench.hits.path= -Xmx12g -XX:+UseTransparentHugePages -Dnitro.tpcds.parquet.path=/root/data/tpcds-parquet-sf10 -Dnitro.tpcds.parquet.schema=sf10 -Dnitro.debug.versionedDictionaryPredicates=true
[INFO] [stdout] # Blackhole mode: compiler (auto-detected, use -Djmh.blackhole.autoDetect=false to disable)
[INFO] [stdout] # Warmup: <none>
[INFO] [stdout] # Measurement: 1 iterations, 1 ms each
[INFO] [stdout] # Timeout: 30 min per iteration
[INFO] [stdout] # Threads: 1 thread, will synchronize iterations
[INFO] [stdout] # Benchmark mode: Average time, time/op
[INFO] [stdout] # Benchmark: org.weakref.nitro.tpcds.BenchmarkQueries.query07
[INFO] [stdout] 
[INFO] [stdout] # Run progress: 6.06% complete, ETA 00:02:08
[INFO] [stdout] # Fork: 1 of 1
[INFO] [stdout] WARNING: Using incubator modules: jdk.incubator.vector
[INFO] [stdout] WARNING: A terminally deprecated method in sun.misc.Unsafe has been called
[INFO] [stdout] WARNING: sun.misc.Unsafe::objectFieldOffset has been called by org.openjdk.jmh.util.Utils (file:/root/.m2/repository/org/openjdk/jmh/jmh-core/1.37/jmh-core-1.37.jar)
[INFO] [stdout] WARNING: Please consider reporting this to the maintainers of class org.openjdk.jmh.util.Utils
[INFO] [stdout] WARNING: sun.misc.Unsafe::objectFieldOffset will be removed in a future release
[INFO] [stdout] Iteration   1: WARNING: A restricted method in java.lang.foreign.SymbolLookup has been called
[INFO] [stdout] WARNING: java.lang.foreign.SymbolLookup::libraryLookup has been called by io.airlift.compress.v3.internal.NativeLoader in an unnamed module (file:/root/.m2/repository/io/airlift/aircompressor-v3/3.4/aircompressor-v3-3.4.jar)
[INFO] [stdout] WARNING: Use --enable-native-access=ALL-UNNAMED to avoid a warning for callers in this module
[INFO] [stdout] WARNING: Restricted methods will be blocked in a future release unless native access is enabled
[INFO] [stdout] 
[WARNING] [stderr] [versioned-dictionary-predicate] reused chunk=0 entries=129844
[INFO] [stdout] 1078.341 ms/op
[INFO] [stdout] 
[INFO] [stdout] 
[INFO] [stdout] Result "org.weakref.nitro.tpcds.BenchmarkQueries.query07":
[INFO] [stdout]   1078.341 ms/op
[INFO] [stdout] 
[INFO] [stdout] 
[INFO] [stdout] # JMH version: 1.37
[INFO] [stdout] # VM version: JDK 26.0.1, OpenJDK 64-Bit Server VM, 26.0.1+8
[INFO] [stdout] # VM invoker: /opt/java/openjdk/bin/java
[INFO] [stdout] # VM options: --enable-preview --add-modules=jdk.incubator.vector -Dnitro.clickbench.hits.path= -Xmx12g -XX:+UseTransparentHugePages -Dnitro.tpcds.parquet.path=/root/data/tpcds-parquet-sf10 -Dnitro.tpcds.parquet.schema=sf10 -Dnitro.debug.versionedDictionaryPredicates=true
[INFO] [stdout] # Blackhole mode: compiler (auto-detected, use -Djmh.blackhole.autoDetect=false to disable)
[INFO] [stdout] # Warmup: <none>
[INFO] [stdout] # Measurement: 1 iterations, 1 ms each
[INFO] [stdout] # Timeout: 30 min per iteration
[INFO] [stdout] # Threads: 1 thread, will synchronize iterations
[INFO] [stdout] # Benchmark mode: Average time, time/op
[INFO] [stdout] # Benchmark: org.weakref.nitro.tpcds.BenchmarkQueries.query08
[INFO] [stdout] 
[INFO] [stdout] # Run progress: 7.07% complete, ETA 00:02:04
[INFO] [stdout] # Fork: 1 of 1
[INFO] [stdout] WARNING: Using incubator modules: jdk.incubator.vector
[INFO] [stdout] WARNING: A terminally deprecated method in sun.misc.Unsafe has been called
[INFO] [stdout] WARNING: sun.misc.Unsafe::objectFieldOffset has been called by org.openjdk.jmh.util.Utils (file:/root/.m2/repository/org/openjdk/jmh/jmh-core/1.37/jmh-core-1.37.jar)
[INFO] [stdout] WARNING: Please consider reporting this to the maintainers of class org.openjdk.jmh.util.Utils
[INFO] [stdout] WARNING: sun.misc.Unsafe::objectFieldOffset will be removed in a future release
[INFO] [stdout] Iteration   1: WARNING: A restricted method in java.lang.foreign.SymbolLookup has been called
[INFO] [stdout] WARNING: java.lang.foreign.SymbolLookup::libraryLookup has been called by io.airlift.compress.v3.internal.NativeLoader in an unnamed module (file:/root/.m2/repository/io/airlift/aircompressor-v3/3.4/aircompressor-v3-3.4.jar)
[INFO] [stdout] WARNING: Use --enable-native-access=ALL-UNNAMED to avoid a warning for callers in this module
[INFO] [stdout] WARNING: Restricted methods will be blocked in a future release unless native access is enabled
[INFO] [stdout] 
[WARNING] [stderr] [versioned-dictionary-predicate] reused chunk=6 entries=1823
[INFO] [stdout] 741.695 ms/op
[INFO] [stdout] 
[INFO] [stdout] 
[INFO] [stdout] Result "org.weakref.nitro.tpcds.BenchmarkQueries.query08":
[INFO] [stdout]   741.695 ms/op
[INFO] [stdout] 
[INFO] [stdout] 
[INFO] [stdout] # JMH version: 1.37
[INFO] [stdout] # VM version: JDK 26.0.1, OpenJDK 64-Bit Server VM, 26.0.1+8
[INFO] [stdout] # VM invoker: /opt/java/openjdk/bin/java
[INFO] [stdout] # VM options: --enable-preview --add-modules=jdk.incubator.vector -Dnitro.clickbench.hits.path= -Xmx12g -XX:+UseTransparentHugePages -Dnitro.tpcds.parquet.path=/root/data/tpcds-parquet-sf10 -Dnitro.tpcds.parquet.schema=sf10 -Dnitro.debug.versionedDictionaryPredicates=true
[INFO] [stdout] # Blackhole mode: compiler (auto-detected, use -Djmh.blackhole.autoDetect=false to disable)
[INFO] [stdout] # Warmup: <none>
[INFO] [stdout] # Measurement: 1 iterations, 1 ms each
[INFO] [stdout] # Timeout: 30 min per iteration
[INFO] [stdout] # Threads: 1 thread, will synchronize iterations
[INFO] [stdout] # Benchmark mode: Average time, time/op
[INFO] [stdout] # Benchmark: org.weakref.nitro.tpcds.BenchmarkQueries.query09
[INFO] [stdout] 
[INFO] [stdout] # Run progress: 8.08% complete, ETA 00:01:58
[INFO] [stdout] # Fork: 1 of 1
[INFO] [stdout] WARNING: Using incubator modules: jdk.incubator.vector
[INFO] [stdout] WARNING: A terminally deprecated method in sun.misc.Unsafe has been called
[INFO] [stdout] WARNING: sun.misc.Unsafe::objectFieldOffset has been called by org.openjdk.jmh.util.Utils (file:/root/.m2/repository/org/openjdk/jmh/jmh-core/1.37/jmh-core-1.37.jar)
[INFO] [stdout] WARNING: Please consider reporting this to the maintainers of class org.openjdk.jmh.util.Utils
[INFO] [stdout] WARNING: sun.misc.Unsafe::objectFieldOffset will be removed in a future release
[INFO] [stdout] Iteration   1: WARNING: A restricted method in java.lang.foreign.SymbolLookup has been called
[INFO] [stdout] WARNING: java.lang.foreign.SymbolLookup::libraryLookup has been called by io.airlift.compress.v3.internal.NativeLoader in an unnamed module (file:/root/.m2/repository/io/airlift/aircompressor-v3/3.4/aircompressor-v3-3.4.jar)
[INFO] [stdout] WARNING: Use --enable-native-access=ALL-UNNAMED to avoid a warning for callers in this module
[INFO] [stdout] WARNING: Restricted methods will be blocked in a future release unless native access is enabled
[INFO] [stdout] 
[INFO] [stdout] 4418.418 ms/op
[INFO] [stdout] 
[INFO] [stdout] 
[INFO] [stdout] Result "org.weakref.nitro.tpcds.BenchmarkQueries.query09":
[INFO] [stdout]   4418.418 ms/op
[INFO] [stdout] 
[INFO] [stdout] 
[INFO] [stdout] # JMH version: 1.37
[INFO] [stdout] # VM version: JDK 26.0.1, OpenJDK 64-Bit Server VM, 26.0.1+8
[INFO] [stdout] # VM invoker: /opt/java/openjdk/bin/java
[INFO] [stdout] # VM options: --enable-preview --add-modules=jdk.incubator.vector -Dnitro.clickbench.hits.path= -Xmx12g -XX:+UseTransparentHugePages -Dnitro.tpcds.parquet.path=/root/data/tpcds-parquet-sf10 -Dnitro.tpcds.parquet.schema=sf10 -Dnitro.debug.versionedDictionaryPredicates=true
[INFO] [stdout] # Blackhole mode: compiler (auto-detected, use -Djmh.blackhole.autoDetect=false to disable)
[INFO] [stdout] # Warmup: <none>
[INFO] [stdout] # Measurement: 1 iterations, 1 ms each
[INFO] [stdout] # Timeout: 30 min per iteration
[INFO] [stdout] # Threads: 1 thread, will synchronize iterations
[INFO] [stdout] # Benchmark mode: Average time, time/op
[INFO] [stdout] # Benchmark: org.weakref.nitro.tpcds.BenchmarkQueries.query10
[INFO] [stdout] 
[INFO] [stdout] # Run progress: 9.09% complete, ETA 00:02:29
[INFO] [stdout] # Fork: 1 of 1
[INFO] [stdout] WARNING: Using incubator modules: jdk.incubator.vector
[INFO] [stdout] WARNING: A terminally deprecated method in sun.misc.Unsafe has been called
[INFO] [stdout] WARNING: sun.misc.Unsafe::objectFieldOffset has been called by org.openjdk.jmh.util.Utils (file:/root/.m2/repository/org/openjdk/jmh/jmh-core/1.37/jmh-core-1.37.jar)
[INFO] [stdout] WARNING: Please consider reporting this to the maintainers of class org.openjdk.jmh.util.Utils
[INFO] [stdout] WARNING: sun.misc.Unsafe::objectFieldOffset will be removed in a future release
[INFO] [stdout] Iteration   1: WARNING: A restricted method in java.lang.foreign.SymbolLookup has been called
[INFO] [stdout] WARNING: java.lang.foreign.SymbolLookup::libraryLookup has been called by io.airlift.compress.v3.internal.NativeLoader in an unnamed module (file:/root/.m2/repository/io/airlift/aircompressor-v3/3.4/aircompressor-v3-3.4.jar)
[INFO] [stdout] WARNING: Use --enable-native-access=ALL-UNNAMED to avoid a warning for callers in this module
[INFO] [stdout] WARNING: Restricted methods will be blocked in a future release unless native access is enabled
[INFO] [stdout] 
[WARNING] [stderr] [versioned-dictionary-predicate] reused chunk=6 entries=1823
[INFO] [stdout] 905.020 ms/op
[INFO] [stdout] 
[INFO] [stdout] 
[INFO] [stdout] Result "org.weakref.nitro.tpcds.BenchmarkQueries.query10":
[INFO] [stdout]   905.020 ms/op
[INFO] [stdout] 
[INFO] [stdout] 
[INFO] [stdout] # JMH version: 1.37
[INFO] [stdout] # VM version: JDK 26.0.1, OpenJDK 64-Bit Server VM, 26.0.1+8
[INFO] [stdout] # VM invoker: /opt/java/openjdk/bin/java
[INFO] [stdout] # VM options: --enable-preview --add-modules=jdk.incubator.vector -Dnitro.clickbench.hits.path= -Xmx12g -XX:+UseTransparentHugePages -Dnitro.tpcds.parquet.path=/root/data/tpcds-parquet-sf10 -Dnitro.tpcds.parquet.schema=sf10 -Dnitro.debug.versionedDictionaryPredicates=true
[INFO] [stdout] # Blackhole mode: compiler (auto-detected, use -Djmh.blackhole.autoDetect=false to disable)
[INFO] [stdout] # Warmup: <none>
[INFO] [stdout] # Measurement: 1 iterations, 1 ms each
[INFO] [stdout] # Timeout: 30 min per iteration
[INFO] [stdout] # Threads: 1 thread, will synchronize iterations
[INFO] [stdout] # Benchmark mode: Average time, time/op
[INFO] [stdout] # Benchmark: org.weakref.nitro.tpcds.BenchmarkQueries.query11
[INFO] [stdout] 
[INFO] [stdout] # Run progress: 10.10% complete, ETA 00:02:22
[INFO] [stdout] # Fork: 1 of 1
[INFO] [stdout] WARNING: Using incubator modules: jdk.incubator.vector
[INFO] [stdout] WARNING: A terminally deprecated method in sun.misc.Unsafe has been called
[INFO] [stdout] WARNING: sun.misc.Unsafe::objectFieldOffset has been called by org.openjdk.jmh.util.Utils (file:/root/.m2/repository/org/openjdk/jmh/jmh-core/1.37/jmh-core-1.37.jar)
[INFO] [stdout] WARNING: Please consider reporting this to the maintainers of class org.openjdk.jmh.util.Utils
[INFO] [stdout] WARNING: sun.misc.Unsafe::objectFieldOffset will be removed in a future release
[INFO] [stdout] Iteration   1: WARNING: A restricted method in java.lang.foreign.SymbolLookup has been called
[INFO] [stdout] WARNING: java.lang.foreign.SymbolLookup::libraryLookup has been called by io.airlift.compress.v3.internal.NativeLoader in an unnamed module (file:/root/.m2/repository/io/airlift/aircompressor-v3/3.4/aircompressor-v3-3.4.jar)
[INFO] [stdout] WARNING: Use --enable-native-access=ALL-UNNAMED to avoid a warning for callers in this module
[INFO] [stdout] WARNING: Restricted methods will be blocked in a future release unless native access is enabled
[INFO] [stdout] 
[WARNING] [stderr] [versioned-dictionary-predicate] reused chunk=0 entries=1823
[WARNING] [stderr] [versioned-dictionary-predicate] reused chunk=0 entries=1823
[WARNING] [stderr] [versioned-dictionary-predicate] reused chunk=0 entries=1823
[WARNING] [stderr] [versioned-dictionary-predicate] reused chunk=0 entries=1823
[INFO] [stdout] 3656.591 ms/op
[INFO] [stdout] 
[INFO] [stdout] 
[INFO] [stdout] Result "org.weakref.nitro.tpcds.BenchmarkQueries.query11":
[INFO] [stdout]   3656.591 ms/op
[INFO] [stdout] 
[INFO] [stdout] 
[INFO] [stdout] # JMH version: 1.37
[INFO] [stdout] # VM version: JDK 26.0.1, OpenJDK 64-Bit Server VM, 26.0.1+8
[INFO] [stdout] # VM invoker: /opt/java/openjdk/bin/java
[INFO] [stdout] # VM options: --enable-preview --add-modules=jdk.incubator.vector -Dnitro.clickbench.hits.path= -Xmx12g -XX:+UseTransparentHugePages -Dnitro.tpcds.parquet.path=/root/data/tpcds-parquet-sf10 -Dnitro.tpcds.parquet.schema=sf10 -Dnitro.debug.versionedDictionaryPredicates=true
[INFO] [stdout] # Blackhole mode: compiler (auto-detected, use -Djmh.blackhole.autoDetect=false to disable)
[INFO] [stdout] # Warmup: <none>
[INFO] [stdout] # Measurement: 1 iterations, 1 ms each
[INFO] [stdout] # Timeout: 30 min per iteration
[INFO] [stdout] # Threads: 1 thread, will synchronize iterations
[INFO] [stdout] # Benchmark mode: Average time, time/op
[INFO] [stdout] # Benchmark: org.weakref.nitro.tpcds.BenchmarkQueries.query12
[INFO] [stdout] 
[INFO] [stdout] # Run progress: 11.11% complete, ETA 00:02:38
[INFO] [stdout] # Fork: 1 of 1
[INFO] [stdout] WARNING: Using incubator modules: jdk.incubator.vector
[INFO] [stdout] WARNING: A terminally deprecated method in sun.misc.Unsafe has been called
[INFO] [stdout] WARNING: sun.misc.Unsafe::objectFieldOffset has been called by org.openjdk.jmh.util.Utils (file:/root/.m2/repository/org/openjdk/jmh/jmh-core/1.37/jmh-core-1.37.jar)
[INFO] [stdout] WARNING: Please consider reporting this to the maintainers of class org.openjdk.jmh.util.Utils
[INFO] [stdout] WARNING: sun.misc.Unsafe::objectFieldOffset will be removed in a future release
[INFO] [stdout] Iteration   1: WARNING: A restricted method in java.lang.foreign.SymbolLookup has been called
[INFO] [stdout] WARNING: java.lang.foreign.SymbolLookup::libraryLookup has been called by io.airlift.compress.v3.internal.NativeLoader in an unnamed module (file:/root/.m2/repository/io/airlift/aircompressor-v3/3.4/aircompressor-v3-3.4.jar)
[INFO] [stdout] WARNING: Use --enable-native-access=ALL-UNNAMED to avoid a warning for callers in this module
[INFO] [stdout] WARNING: Restricted methods will be blocked in a future release unless native access is enabled
[INFO] [stdout] 
[INFO] [stdout] 439.974 ms/op
[INFO] [stdout] 
[INFO] [stdout] 
[INFO] [stdout] Result "org.weakref.nitro.tpcds.BenchmarkQueries.query12":
[INFO] [stdout]   439.974 ms/op
[INFO] [stdout] 
[INFO] [stdout] 
[INFO] [stdout] # JMH version: 1.37
[INFO] [stdout] # VM version: JDK 26.0.1, OpenJDK 64-Bit Server VM, 26.0.1+8
[INFO] [stdout] # VM invoker: /opt/java/openjdk/bin/java
[INFO] [stdout] # VM options: --enable-preview --add-modules=jdk.incubator.vector -Dnitro.clickbench.hits.path= -Xmx12g -XX:+UseTransparentHugePages -Dnitro.tpcds.parquet.path=/root/data/tpcds-parquet-sf10 -Dnitro.tpcds.parquet.schema=sf10 -Dnitro.debug.versionedDictionaryPredicates=true
[INFO] [stdout] # Blackhole mode: compiler (auto-detected, use -Djmh.blackhole.autoDetect=false to disable)
[INFO] [stdout] # Warmup: <none>
[INFO] [stdout] # Measurement: 1 iterations, 1 ms each
[INFO] [stdout] # Timeout: 30 min per iteration
[INFO] [stdout] # Threads: 1 thread, will synchronize iterations
[INFO] [stdout] # Benchmark mode: Average time, time/op
[INFO] [stdout] # Benchmark: org.weakref.nitro.tpcds.BenchmarkQueries.query13
[INFO] [stdout] 
[INFO] [stdout] # Run progress: 12.12% complete, ETA 00:02:28
[INFO] [stdout] # Fork: 1 of 1
[INFO] [stdout] WARNING: Using incubator modules: jdk.incubator.vector
[INFO] [stdout] WARNING: A terminally deprecated method in sun.misc.Unsafe has been called
[INFO] [stdout] WARNING: sun.misc.Unsafe::objectFieldOffset has been called by org.openjdk.jmh.util.Utils (file:/root/.m2/repository/org/openjdk/jmh/jmh-core/1.37/jmh-core-1.37.jar)
[INFO] [stdout] WARNING: Please consider reporting this to the maintainers of class org.openjdk.jmh.util.Utils
[INFO] [stdout] WARNING: sun.misc.Unsafe::objectFieldOffset will be removed in a future release
[INFO] [stdout] Iteration   1: WARNING: A restricted method in java.lang.foreign.SymbolLookup has been called
[INFO] [stdout] WARNING: java.lang.foreign.SymbolLookup::libraryLookup has been called by io.airlift.compress.v3.internal.NativeLoader in an unnamed module (file:/root/.m2/repository/io/airlift/aircompressor-v3/3.4/aircompressor-v3-3.4.jar)
[INFO] [stdout] WARNING: Use --enable-native-access=ALL-UNNAMED to avoid a warning for callers in this module
[INFO] [stdout] WARNING: Restricted methods will be blocked in a future release unless native access is enabled
[INFO] [stdout] 
[WARNING] [stderr] [versioned-dictionary-predicate] reused chunk=0 entries=1823
[INFO] [stdout] 2344.122 ms/op
[INFO] [stdout] 
[INFO] [stdout] 
[INFO] [stdout] Result "org.weakref.nitro.tpcds.BenchmarkQueries.query13":
[INFO] [stdout]   2344.122 ms/op
[INFO] [stdout] 
[INFO] [stdout] 
[INFO] [stdout] # JMH version: 1.37
[INFO] [stdout] # VM version: JDK 26.0.1, OpenJDK 64-Bit Server VM, 26.0.1+8
[INFO] [stdout] # VM invoker: /opt/java/openjdk/bin/java
[INFO] [stdout] # VM options: --enable-preview --add-modules=jdk.incubator.vector -Dnitro.clickbench.hits.path= -Xmx12g -XX:+UseTransparentHugePages -Dnitro.tpcds.parquet.path=/root/data/tpcds-parquet-sf10 -Dnitro.tpcds.parquet.schema=sf10 -Dnitro.debug.versionedDictionaryPredicates=true
[INFO] [stdout] # Blackhole mode: compiler (auto-detected, use -Djmh.blackhole.autoDetect=false to disable)
[INFO] [stdout] # Warmup: <none>
[INFO] [stdout] # Measurement: 1 iterations, 1 ms each
[INFO] [stdout] # Timeout: 30 min per iteration
[INFO] [stdout] # Threads: 1 thread, will synchronize iterations
[INFO] [stdout] # Benchmark mode: Average time, time/op
[INFO] [stdout] # Benchmark: org.weakref.nitro.tpcds.BenchmarkQueries.query14
[INFO] [stdout] 
[INFO] [stdout] # Run progress: 13.13% complete, ETA 00:02:31
[INFO] [stdout] # Fork: 1 of 1
[INFO] [stdout] WARNING: Using incubator modules: jdk.incubator.vector
[INFO] [stdout] WARNING: A terminally deprecated method in sun.misc.Unsafe has been called
[INFO] [stdout] WARNING: sun.misc.Unsafe::objectFieldOffset has been called by org.openjdk.jmh.util.Utils (file:/root/.m2/repository/org/openjdk/jmh/jmh-core/1.37/jmh-core-1.37.jar)
[INFO] [stdout] WARNING: Please consider reporting this to the maintainers of class org.openjdk.jmh.util.Utils
[INFO] [stdout] WARNING: sun.misc.Unsafe::objectFieldOffset will be removed in a future release
[INFO] [stdout] Iteration   1: WARNING: A restricted method in java.lang.foreign.SymbolLookup has been called
[INFO] [stdout] WARNING: java.lang.foreign.SymbolLookup::libraryLookup has been called by io.airlift.compress.v3.internal.NativeLoader in an unnamed module (file:/root/.m2/repository/io/airlift/aircompressor-v3/3.4/aircompressor-v3-3.4.jar)
[INFO] [stdout] WARNING: Use --enable-native-access=ALL-UNNAMED to avoid a warning for callers in this module
[INFO] [stdout] WARNING: Restricted methods will be blocked in a future release unless native access is enabled
[INFO] [stdout] 
[WARNING] [stderr] [versioned-dictionary-predicate] reused chunk=6 entries=1823
[WARNING] [stderr] [versioned-dictionary-predicate] reused chunk=6 entries=1823
[WARNING] [stderr] [versioned-dictionary-predicate] reused chunk=0 entries=1823
[WARNING] [stderr] [versioned-dictionary-predicate] reused chunk=6 entries=1823
[WARNING] [stderr] [versioned-dictionary-predicate] reused chunk=6 entries=1823
[WARNING] [stderr] [versioned-dictionary-predicate] reused chunk=1 entries=250
[WARNING] [stderr] [versioned-dictionary-predicate] reused chunk=6 entries=1823
[WARNING] [stderr] [versioned-dictionary-predicate] reused chunk=6 entries=1823
[WARNING] [stderr] [versioned-dictionary-predicate] reused chunk=0 entries=1823
[INFO] [stdout] 8371.991 ms/op
[INFO] [stdout] 
[INFO] [stdout] 
[INFO] [stdout] Result "org.weakref.nitro.tpcds.BenchmarkQueries.query14":
[INFO] [stdout]   8371.991 ms/op
[INFO] [stdout] 
[INFO] [stdout] 
[INFO] [stdout] # JMH version: 1.37
[INFO] [stdout] # VM version: JDK 26.0.1, OpenJDK 64-Bit Server VM, 26.0.1+8
[INFO] [stdout] # VM invoker: /opt/java/openjdk/bin/java
[INFO] [stdout] # VM options: --enable-preview --add-modules=jdk.incubator.vector -Dnitro.clickbench.hits.path= -Xmx12g -XX:+UseTransparentHugePages -Dnitro.tpcds.parquet.path=/root/data/tpcds-parquet-sf10 -Dnitro.tpcds.parquet.schema=sf10 -Dnitro.debug.versionedDictionaryPredicates=true
[INFO] [stdout] # Blackhole mode: compiler (auto-detected, use -Djmh.blackhole.autoDetect=false to disable)
[INFO] [stdout] # Warmup: <none>
[INFO] [stdout] # Measurement: 1 iterations, 1 ms each
[INFO] [stdout] # Timeout: 30 min per iteration
[INFO] [stdout] # Threads: 1 thread, will synchronize iterations
[INFO] [stdout] # Benchmark mode: Average time, time/op
[INFO] [stdout] # Benchmark: org.weakref.nitro.tpcds.BenchmarkQueries.query15
[INFO] [stdout] 
[INFO] [stdout] # Run progress: 14.14% complete, ETA 00:03:11
[INFO] [stdout] # Fork: 1 of 1
[INFO] [stdout] WARNING: Using incubator modules: jdk.incubator.vector
[INFO] [stdout] WARNING: A terminally deprecated method in sun.misc.Unsafe has been called
[INFO] [stdout] WARNING: sun.misc.Unsafe::objectFieldOffset has been called by org.openjdk.jmh.util.Utils (file:/root/.m2/repository/org/openjdk/jmh/jmh-core/1.37/jmh-core-1.37.jar)
[INFO] [stdout] WARNING: Please consider reporting this to the maintainers of class org.openjdk.jmh.util.Utils
[INFO] [stdout] WARNING: sun.misc.Unsafe::objectFieldOffset will be removed in a future release
[INFO] [stdout] Iteration   1: WARNING: A restricted method in java.lang.foreign.SymbolLookup has been called
[INFO] [stdout] WARNING: java.lang.foreign.SymbolLookup::libraryLookup has been called by io.airlift.compress.v3.internal.NativeLoader in an unnamed module (file:/root/.m2/repository/io/airlift/aircompressor-v3/3.4/aircompressor-v3-3.4.jar)
[INFO] [stdout] WARNING: Use --enable-native-access=ALL-UNNAMED to avoid a warning for callers in this module
[INFO] [stdout] WARNING: Restricted methods will be blocked in a future release unless native access is enabled
[INFO] [stdout] 
[INFO] [stdout] 503.398 ms/op
[INFO] [stdout] 
[INFO] [stdout] 
[INFO] [stdout] Result "org.weakref.nitro.tpcds.BenchmarkQueries.query15":
[INFO] [stdout]   503.398 ms/op
[INFO] [stdout] 
[INFO] [stdout] 
[INFO] [stdout] # JMH version: 1.37
[INFO] [stdout] # VM version: JDK 26.0.1, OpenJDK 64-Bit Server VM, 26.0.1+8
[INFO] [stdout] # VM invoker: /opt/java/openjdk/bin/java
[INFO] [stdout] # VM options: --enable-preview --add-modules=jdk.incubator.vector -Dnitro.clickbench.hits.path= -Xmx12g -XX:+UseTransparentHugePages -Dnitro.tpcds.parquet.path=/root/data/tpcds-parquet-sf10 -Dnitro.tpcds.parquet.schema=sf10 -Dnitro.debug.versionedDictionaryPredicates=true
[INFO] [stdout] # Blackhole mode: compiler (auto-detected, use -Djmh.blackhole.autoDetect=false to disable)
[INFO] [stdout] # Warmup: <none>
[INFO] [stdout] # Measurement: 1 iterations, 1 ms each
[INFO] [stdout] # Timeout: 30 min per iteration
[INFO] [stdout] # Threads: 1 thread, will synchronize iterations
[INFO] [stdout] # Benchmark mode: Average time, time/op
[INFO] [stdout] # Benchmark: org.weakref.nitro.tpcds.BenchmarkQueries.query16
[INFO] [stdout] 
[INFO] [stdout] # Run progress: 15.15% complete, ETA 00:03:00
[INFO] [stdout] # Fork: 1 of 1
[INFO] [stdout] WARNING: Using incubator modules: jdk.incubator.vector
[INFO] [stdout] WARNING: A terminally deprecated method in sun.misc.Unsafe has been called
[INFO] [stdout] WARNING: sun.misc.Unsafe::objectFieldOffset has been called by org.openjdk.jmh.util.Utils (file:/root/.m2/repository/org/openjdk/jmh/jmh-core/1.37/jmh-core-1.37.jar)
[INFO] [stdout] WARNING: Please consider reporting this to the maintainers of class org.openjdk.jmh.util.Utils
[INFO] [stdout] WARNING: sun.misc.Unsafe::objectFieldOffset will be removed in a future release
[INFO] [stdout] Iteration   1: WARNING: A restricted method in java.lang.foreign.SymbolLookup has been called
[INFO] [stdout] WARNING: java.lang.foreign.SymbolLookup::libraryLookup has been called by io.airlift.compress.v3.internal.NativeLoader in an unnamed module (file:/root/.m2/repository/io/airlift/aircompressor-v3/3.4/aircompressor-v3-3.4.jar)
[INFO] [stdout] WARNING: Use --enable-native-access=ALL-UNNAMED to avoid a warning for callers in this module
[INFO] [stdout] WARNING: Restricted methods will be blocked in a future release unless native access is enabled
[INFO] [stdout] 
[WARNING] [stderr] [versioned-dictionary-predicate] reused chunk=1 entries=128499
[INFO] [stdout] 6934.435 ms/op
[INFO] [stdout] 
[INFO] [stdout] 
[INFO] [stdout] Result "org.weakref.nitro.tpcds.BenchmarkQueries.query16":
[INFO] [stdout]   6934.435 ms/op
[INFO] [stdout] 
[INFO] [stdout] 
[INFO] [stdout] # JMH version: 1.37
[INFO] [stdout] # VM version: JDK 26.0.1, OpenJDK 64-Bit Server VM, 26.0.1+8
[INFO] [stdout] # VM invoker: /opt/java/openjdk/bin/java
[INFO] [stdout] # VM options: --enable-preview --add-modules=jdk.incubator.vector -Dnitro.clickbench.hits.path= -Xmx12g -XX:+UseTransparentHugePages -Dnitro.tpcds.parquet.path=/root/data/tpcds-parquet-sf10 -Dnitro.tpcds.parquet.schema=sf10 -Dnitro.debug.versionedDictionaryPredicates=true
[INFO] [stdout] # Blackhole mode: compiler (auto-detected, use -Djmh.blackhole.autoDetect=false to disable)
[INFO] [stdout] # Warmup: <none>
[INFO] [stdout] # Measurement: 1 iterations, 1 ms each
[INFO] [stdout] # Timeout: 30 min per iteration
[INFO] [stdout] # Threads: 1 thread, will synchronize iterations
[INFO] [stdout] # Benchmark mode: Average time, time/op
[INFO] [stdout] # Benchmark: org.weakref.nitro.tpcds.BenchmarkQueries.query17
[INFO] [stdout] 
[INFO] [stdout] # Run progress: 16.16% complete, ETA 00:03:23
[INFO] [stdout] # Fork: 1 of 1
[INFO] [stdout] WARNING: Using incubator modules: jdk.incubator.vector
[INFO] [stdout] WARNING: A terminally deprecated method in sun.misc.Unsafe has been called
[INFO] [stdout] WARNING: sun.misc.Unsafe::objectFieldOffset has been called by org.openjdk.jmh.util.Utils (file:/root/.m2/repository/org/openjdk/jmh/jmh-core/1.37/jmh-core-1.37.jar)
[INFO] [stdout] WARNING: Please consider reporting this to the maintainers of class org.openjdk.jmh.util.Utils
[INFO] [stdout] WARNING: sun.misc.Unsafe::objectFieldOffset will be removed in a future release
[INFO] [stdout] Iteration   1: WARNING: A restricted method in java.lang.foreign.SymbolLookup has been called
[INFO] [stdout] WARNING: java.lang.foreign.SymbolLookup::libraryLookup has been called by io.airlift.compress.v3.internal.NativeLoader in an unnamed module (file:/root/.m2/repository/io/airlift/aircompressor-v3/3.4/aircompressor-v3-3.4.jar)
[INFO] [stdout] WARNING: Use --enable-native-access=ALL-UNNAMED to avoid a warning for callers in this module
[INFO] [stdout] WARNING: Restricted methods will be blocked in a future release unless native access is enabled
[INFO] [stdout] 
[WARNING] [stderr] [versioned-dictionary-predicate] reused chunk=0 entries=1823
[INFO] [stdout] 1591.515 ms/op
[INFO] [stdout] 
[INFO] [stdout] 
[INFO] [stdout] Result "org.weakref.nitro.tpcds.BenchmarkQueries.query17":
[INFO] [stdout]   1591.515 ms/op
[INFO] [stdout] 
[INFO] [stdout] 
[INFO] [stdout] # JMH version: 1.37
[INFO] [stdout] # VM version: JDK 26.0.1, OpenJDK 64-Bit Server VM, 26.0.1+8
[INFO] [stdout] # VM invoker: /opt/java/openjdk/bin/java
[INFO] [stdout] # VM options: --enable-preview --add-modules=jdk.incubator.vector -Dnitro.clickbench.hits.path= -Xmx12g -XX:+UseTransparentHugePages -Dnitro.tpcds.parquet.path=/root/data/tpcds-parquet-sf10 -Dnitro.tpcds.parquet.schema=sf10 -Dnitro.debug.versionedDictionaryPredicates=true
[INFO] [stdout] # Blackhole mode: compiler (auto-detected, use -Djmh.blackhole.autoDetect=false to disable)
[INFO] [stdout] # Warmup: <none>
[INFO] [stdout] # Measurement: 1 iterations, 1 ms each
[INFO] [stdout] # Timeout: 30 min per iteration
[INFO] [stdout] # Threads: 1 thread, will synchronize iterations
[INFO] [stdout] # Benchmark mode: Average time, time/op
[INFO] [stdout] # Benchmark: org.weakref.nitro.tpcds.BenchmarkQueries.query18
[INFO] [stdout] 
[INFO] [stdout] # Run progress: 17.17% complete, ETA 00:03:17
[INFO] [stdout] # Fork: 1 of 1
[INFO] [stdout] WARNING: Using incubator modules: jdk.incubator.vector
[INFO] [stdout] WARNING: A terminally deprecated method in sun.misc.Unsafe has been called
[INFO] [stdout] WARNING: sun.misc.Unsafe::objectFieldOffset has been called by org.openjdk.jmh.util.Utils (file:/root/.m2/repository/org/openjdk/jmh/jmh-core/1.37/jmh-core-1.37.jar)
[INFO] [stdout] WARNING: Please consider reporting this to the maintainers of class org.openjdk.jmh.util.Utils
[INFO] [stdout] WARNING: sun.misc.Unsafe::objectFieldOffset will be removed in a future release
[INFO] [stdout] Iteration   1: WARNING: A restricted method in java.lang.foreign.SymbolLookup has been called
[INFO] [stdout] WARNING: java.lang.foreign.SymbolLookup::libraryLookup has been called by io.airlift.compress.v3.internal.NativeLoader in an unnamed module (file:/root/.m2/repository/io/airlift/aircompressor-v3/3.4/aircompressor-v3-3.4.jar)
[INFO] [stdout] WARNING: Use --enable-native-access=ALL-UNNAMED to avoid a warning for callers in this module
[INFO] [stdout] WARNING: Restricted methods will be blocked in a future release unless native access is enabled
[INFO] [stdout] 
[WARNING] [stderr] [versioned-dictionary-predicate] reused chunk=1 entries=127507
[INFO] [stdout] 1109.918 ms/op
[INFO] [stdout] 
[INFO] [stdout] 
[INFO] [stdout] Result "org.weakref.nitro.tpcds.BenchmarkQueries.query18":
[INFO] [stdout]   1109.918 ms/op
[INFO] [stdout] 
[INFO] [stdout] 
[INFO] [stdout] # JMH version: 1.37
[INFO] [stdout] # VM version: JDK 26.0.1, OpenJDK 64-Bit Server VM, 26.0.1+8
[INFO] [stdout] # VM invoker: /opt/java/openjdk/bin/java
[INFO] [stdout] # VM options: --enable-preview --add-modules=jdk.incubator.vector -Dnitro.clickbench.hits.path= -Xmx12g -XX:+UseTransparentHugePages -Dnitro.tpcds.parquet.path=/root/data/tpcds-parquet-sf10 -Dnitro.tpcds.parquet.schema=sf10 -Dnitro.debug.versionedDictionaryPredicates=true
[INFO] [stdout] # Blackhole mode: compiler (auto-detected, use -Djmh.blackhole.autoDetect=false to disable)
[INFO] [stdout] # Warmup: <none>
[INFO] [stdout] # Measurement: 1 iterations, 1 ms each
[INFO] [stdout] # Timeout: 30 min per iteration
[INFO] [stdout] # Threads: 1 thread, will synchronize iterations
[INFO] [stdout] # Benchmark mode: Average time, time/op
[INFO] [stdout] # Benchmark: org.weakref.nitro.tpcds.BenchmarkQueries.query19
[INFO] [stdout] 
[INFO] [stdout] # Run progress: 18.18% complete, ETA 00:03:10
[INFO] [stdout] # Fork: 1 of 1
[INFO] [stdout] WARNING: Using incubator modules: jdk.incubator.vector
[INFO] [stdout] WARNING: A terminally deprecated method in sun.misc.Unsafe has been called
[INFO] [stdout] WARNING: sun.misc.Unsafe::objectFieldOffset has been called by org.openjdk.jmh.util.Utils (file:/root/.m2/repository/org/openjdk/jmh/jmh-core/1.37/jmh-core-1.37.jar)
[INFO] [stdout] WARNING: Please consider reporting this to the maintainers of class org.openjdk.jmh.util.Utils
[INFO] [stdout] WARNING: sun.misc.Unsafe::objectFieldOffset will be removed in a future release
[INFO] [stdout] Iteration   1: WARNING: A restricted method in java.lang.foreign.SymbolLookup has been called
[INFO] [stdout] WARNING: java.lang.foreign.SymbolLookup::libraryLookup has been called by io.airlift.compress.v3.internal.NativeLoader in an unnamed module (file:/root/.m2/repository/io/airlift/aircompressor-v3/3.4/aircompressor-v3-3.4.jar)
[INFO] [stdout] WARNING: Use --enable-native-access=ALL-UNNAMED to avoid a warning for callers in this module
[INFO] [stdout] WARNING: Restricted methods will be blocked in a future release unless native access is enabled
[INFO] [stdout] 
[WARNING] [stderr] [versioned-dictionary-predicate] reused chunk=0 entries=1823
[INFO] [stdout] 621.824 ms/op
[INFO] [stdout] 
[INFO] [stdout] 
[INFO] [stdout] Result "org.weakref.nitro.tpcds.BenchmarkQueries.query19":
[INFO] [stdout]   621.824 ms/op
[INFO] [stdout] 
[INFO] [stdout] 
[INFO] [stdout] # JMH version: 1.37
[INFO] [stdout] # VM version: JDK 26.0.1, OpenJDK 64-Bit Server VM, 26.0.1+8
[INFO] [stdout] # VM invoker: /opt/java/openjdk/bin/java
[INFO] [stdout] # VM options: --enable-preview --add-modules=jdk.incubator.vector -Dnitro.clickbench.hits.path= -Xmx12g -XX:+UseTransparentHugePages -Dnitro.tpcds.parquet.path=/root/data/tpcds-parquet-sf10 -Dnitro.tpcds.parquet.schema=sf10 -Dnitro.debug.versionedDictionaryPredicates=true
[INFO] [stdout] # Blackhole mode: compiler (auto-detected, use -Djmh.blackhole.autoDetect=false to disable)
[INFO] [stdout] # Warmup: <none>
[INFO] [stdout] # Measurement: 1 iterations, 1 ms each
[INFO] [stdout] # Timeout: 30 min per iteration
[INFO] [stdout] # Threads: 1 thread, will synchronize iterations
[INFO] [stdout] # Benchmark mode: Average time, time/op
[INFO] [stdout] # Benchmark: org.weakref.nitro.tpcds.BenchmarkQueries.query20
[INFO] [stdout] 
[INFO] [stdout] # Run progress: 19.19% complete, ETA 00:03:01
[INFO] [stdout] # Fork: 1 of 1
[INFO] [stdout] WARNING: Using incubator modules: jdk.incubator.vector
[INFO] [stdout] WARNING: A terminally deprecated method in sun.misc.Unsafe has been called
[INFO] [stdout] WARNING: sun.misc.Unsafe::objectFieldOffset has been called by org.openjdk.jmh.util.Utils (file:/root/.m2/repository/org/openjdk/jmh/jmh-core/1.37/jmh-core-1.37.jar)
[INFO] [stdout] WARNING: Please consider reporting this to the maintainers of class org.openjdk.jmh.util.Utils
[INFO] [stdout] WARNING: sun.misc.Unsafe::objectFieldOffset will be removed in a future release
[INFO] [stdout] Iteration   1: WARNING: A restricted method in java.lang.foreign.SymbolLookup has been called
[INFO] [stdout] WARNING: java.lang.foreign.SymbolLookup::libraryLookup has been called by io.airlift.compress.v3.internal.NativeLoader in an unnamed module (file:/root/.m2/repository/io/airlift/aircompressor-v3/3.4/aircompressor-v3-3.4.jar)
[INFO] [stdout] WARNING: Use --enable-native-access=ALL-UNNAMED to avoid a warning for callers in this module
[INFO] [stdout] WARNING: Restricted methods will be blocked in a future release unless native access is enabled
[INFO] [stdout] 
[INFO] [stdout] 502.358 ms/op
[INFO] [stdout] 
[INFO] [stdout] 
[INFO] [stdout] Result "org.weakref.nitro.tpcds.BenchmarkQueries.query20":
[INFO] [stdout]   502.358 ms/op
[INFO] [stdout] 
[INFO] [stdout] 
[INFO] [stdout] # JMH version: 1.37
[INFO] [stdout] # VM version: JDK 26.0.1, OpenJDK 64-Bit Server VM, 26.0.1+8
[INFO] [stdout] # VM invoker: /opt/java/openjdk/bin/java
[INFO] [stdout] # VM options: --enable-preview --add-modules=jdk.incubator.vector -Dnitro.clickbench.hits.path= -Xmx12g -XX:+UseTransparentHugePages -Dnitro.tpcds.parquet.path=/root/data/tpcds-parquet-sf10 -Dnitro.tpcds.parquet.schema=sf10 -Dnitro.debug.versionedDictionaryPredicates=true
[INFO] [stdout] # Blackhole mode: compiler (auto-detected, use -Djmh.blackhole.autoDetect=false to disable)
[INFO] [stdout] # Warmup: <none>
[INFO] [stdout] # Measurement: 1 iterations, 1 ms each
[INFO] [stdout] # Timeout: 30 min per iteration
[INFO] [stdout] # Threads: 1 thread, will synchronize iterations
[INFO] [stdout] # Benchmark mode: Average time, time/op
[INFO] [stdout] # Benchmark: org.weakref.nitro.tpcds.BenchmarkQueries.query21
[INFO] [stdout] 
[INFO] [stdout] # Run progress: 20.20% complete, ETA 00:02:52
[INFO] [stdout] # Fork: 1 of 1
[INFO] [stdout] WARNING: Using incubator modules: jdk.incubator.vector
[INFO] [stdout] WARNING: A terminally deprecated method in sun.misc.Unsafe has been called
[INFO] [stdout] WARNING: sun.misc.Unsafe::objectFieldOffset has been called by org.openjdk.jmh.util.Utils (file:/root/.m2/repository/org/openjdk/jmh/jmh-core/1.37/jmh-core-1.37.jar)
[INFO] [stdout] WARNING: Please consider reporting this to the maintainers of class org.openjdk.jmh.util.Utils
[INFO] [stdout] WARNING: sun.misc.Unsafe::objectFieldOffset will be removed in a future release
[INFO] [stdout] Iteration   1: WARNING: A restricted method in java.lang.foreign.SymbolLookup has been called
[INFO] [stdout] WARNING: java.lang.foreign.SymbolLookup::libraryLookup has been called by io.airlift.compress.v3.internal.NativeLoader in an unnamed module (file:/root/.m2/repository/io/airlift/aircompressor-v3/3.4/aircompressor-v3-3.4.jar)
[INFO] [stdout] WARNING: Use --enable-native-access=ALL-UNNAMED to avoid a warning for callers in this module
[INFO] [stdout] WARNING: Restricted methods will be blocked in a future release unless native access is enabled
[INFO] [stdout] 
[WARNING] [stderr] [versioned-dictionary-predicate] reused chunk=0 entries=57
[WARNING] [stderr] [versioned-dictionary-predicate] reused chunk=0 entries=57
[INFO] [stdout] 863.979 ms/op
[INFO] [stdout] 
[INFO] [stdout] 
[INFO] [stdout] Result "org.weakref.nitro.tpcds.BenchmarkQueries.query21":
[INFO] [stdout]   863.979 ms/op
[INFO] [stdout] 
[INFO] [stdout] 
[INFO] [stdout] # JMH version: 1.37
[INFO] [stdout] # VM version: JDK 26.0.1, OpenJDK 64-Bit Server VM, 26.0.1+8
[INFO] [stdout] # VM invoker: /opt/java/openjdk/bin/java
[INFO] [stdout] # VM options: --enable-preview --add-modules=jdk.incubator.vector -Dnitro.clickbench.hits.path= -Xmx12g -XX:+UseTransparentHugePages -Dnitro.tpcds.parquet.path=/root/data/tpcds-parquet-sf10 -Dnitro.tpcds.parquet.schema=sf10 -Dnitro.debug.versionedDictionaryPredicates=true
[INFO] [stdout] # Blackhole mode: compiler (auto-detected, use -Djmh.blackhole.autoDetect=false to disable)
[INFO] [stdout] # Warmup: <none>
[INFO] [stdout] # Measurement: 1 iterations, 1 ms each
[INFO] [stdout] # Timeout: 30 min per iteration
[INFO] [stdout] # Threads: 1 thread, will synchronize iterations
[INFO] [stdout] # Benchmark mode: Average time, time/op
[INFO] [stdout] # Benchmark: org.weakref.nitro.tpcds.BenchmarkQueries.query22
[INFO] [stdout] 
[INFO] [stdout] # Run progress: 21.21% complete, ETA 00:02:46
[INFO] [stdout] # Fork: 1 of 1
[INFO] [stdout] WARNING: Using incubator modules: jdk.incubator.vector
[INFO] [stdout] WARNING: A terminally deprecated method in sun.misc.Unsafe has been called
[INFO] [stdout] WARNING: sun.misc.Unsafe::objectFieldOffset has been called by org.openjdk.jmh.util.Utils (file:/root/.m2/repository/org/openjdk/jmh/jmh-core/1.37/jmh-core-1.37.jar)
[INFO] [stdout] WARNING: Please consider reporting this to the maintainers of class org.openjdk.jmh.util.Utils
[INFO] [stdout] WARNING: sun.misc.Unsafe::objectFieldOffset will be removed in a future release
[INFO] [stdout] Iteration   1: WARNING: A restricted method in java.lang.foreign.SymbolLookup has been called
[INFO] [stdout] WARNING: java.lang.foreign.SymbolLookup::libraryLookup has been called by io.airlift.compress.v3.internal.NativeLoader in an unnamed module (file:/root/.m2/repository/io/airlift/aircompressor-v3/3.4/aircompressor-v3-3.4.jar)
[INFO] [stdout] WARNING: Use --enable-native-access=ALL-UNNAMED to avoid a warning for callers in this module
[INFO] [stdout] WARNING: Restricted methods will be blocked in a future release unless native access is enabled
[INFO] [stdout] 
[WARNING] [stderr] [versioned-dictionary-predicate] reused chunk=0 entries=57
[INFO] [stdout] 1349.738 ms/op
[INFO] [stdout] 
[INFO] [stdout] 
[INFO] [stdout] Result "org.weakref.nitro.tpcds.BenchmarkQueries.query22":
[INFO] [stdout]   1349.738 ms/op
[INFO] [stdout] 
[INFO] [stdout] 
[INFO] [stdout] # JMH version: 1.37
[INFO] [stdout] # VM version: JDK 26.0.1, OpenJDK 64-Bit Server VM, 26.0.1+8
[INFO] [stdout] # VM invoker: /opt/java/openjdk/bin/java
[INFO] [stdout] # VM options: --enable-preview --add-modules=jdk.incubator.vector -Dnitro.clickbench.hits.path= -Xmx12g -XX:+UseTransparentHugePages -Dnitro.tpcds.parquet.path=/root/data/tpcds-parquet-sf10 -Dnitro.tpcds.parquet.schema=sf10 -Dnitro.debug.versionedDictionaryPredicates=true
[INFO] [stdout] # Blackhole mode: compiler (auto-detected, use -Djmh.blackhole.autoDetect=false to disable)
[INFO] [stdout] # Warmup: <none>
[INFO] [stdout] # Measurement: 1 iterations, 1 ms each
[INFO] [stdout] # Timeout: 30 min per iteration
[INFO] [stdout] # Threads: 1 thread, will synchronize iterations
[INFO] [stdout] # Benchmark mode: Average time, time/op
[INFO] [stdout] # Benchmark: org.weakref.nitro.tpcds.BenchmarkQueries.query23
[INFO] [stdout] 
[INFO] [stdout] # Run progress: 22.22% complete, ETA 00:02:41
[INFO] [stdout] # Fork: 1 of 1
[INFO] [stdout] WARNING: Using incubator modules: jdk.incubator.vector
[INFO] [stdout] WARNING: A terminally deprecated method in sun.misc.Unsafe has been called
[INFO] [stdout] WARNING: sun.misc.Unsafe::objectFieldOffset has been called by org.openjdk.jmh.util.Utils (file:/root/.m2/repository/org/openjdk/jmh/jmh-core/1.37/jmh-core-1.37.jar)
[INFO] [stdout] WARNING: Please consider reporting this to the maintainers of class org.openjdk.jmh.util.Utils
[INFO] [stdout] WARNING: sun.misc.Unsafe::objectFieldOffset will be removed in a future release
[INFO] [stdout] Iteration   1: WARNING: A restricted method in java.lang.foreign.SymbolLookup has been called
[INFO] [stdout] WARNING: java.lang.foreign.SymbolLookup::libraryLookup has been called by io.airlift.compress.v3.internal.NativeLoader in an unnamed module (file:/root/.m2/repository/io/airlift/aircompressor-v3/3.4/aircompressor-v3-3.4.jar)
[INFO] [stdout] WARNING: Use --enable-native-access=ALL-UNNAMED to avoid a warning for callers in this module
[INFO] [stdout] WARNING: Restricted methods will be blocked in a future release unless native access is enabled
[INFO] [stdout] 
[WARNING] [stderr] [versioned-dictionary-predicate] reused chunk=0 entries=1823
[WARNING] [stderr] [versioned-dictionary-predicate] reused chunk=6 entries=1823
[WARNING] [stderr] [versioned-dictionary-predicate] reused chunk=1 entries=250
[WARNING] [stderr] [versioned-dictionary-predicate] reused chunk=0 entries=1823
[WARNING] [stderr] [versioned-dictionary-predicate] reused chunk=6 entries=1823
[WARNING] [stderr] [versioned-dictionary-predicate] reused chunk=0 entries=1823
[INFO] [stdout] 5927.963 ms/op
[INFO] [stdout] 
[INFO] [stdout] 
[INFO] [stdout] Result "org.weakref.nitro.tpcds.BenchmarkQueries.query23":
[INFO] [stdout]   5927.963 ms/op
[INFO] [stdout] 
[INFO] [stdout] 
[INFO] [stdout] # JMH version: 1.37
[INFO] [stdout] # VM version: JDK 26.0.1, OpenJDK 64-Bit Server VM, 26.0.1+8
[INFO] [stdout] # VM invoker: /opt/java/openjdk/bin/java
[INFO] [stdout] # VM options: --enable-preview --add-modules=jdk.incubator.vector -Dnitro.clickbench.hits.path= -Xmx12g -XX:+UseTransparentHugePages -Dnitro.tpcds.parquet.path=/root/data/tpcds-parquet-sf10 -Dnitro.tpcds.parquet.schema=sf10 -Dnitro.debug.versionedDictionaryPredicates=true
[INFO] [stdout] # Blackhole mode: compiler (auto-detected, use -Djmh.blackhole.autoDetect=false to disable)
[INFO] [stdout] # Warmup: <none>
[INFO] [stdout] # Measurement: 1 iterations, 1 ms each
[INFO] [stdout] # Timeout: 30 min per iteration
[INFO] [stdout] # Threads: 1 thread, will synchronize iterations
[INFO] [stdout] # Benchmark mode: Average time, time/op
[INFO] [stdout] # Benchmark: org.weakref.nitro.tpcds.BenchmarkQueries.query24
[INFO] [stdout] 
[INFO] [stdout] # Run progress: 23.23% complete, ETA 00:02:53
[INFO] [stdout] # Fork: 1 of 1
[INFO] [stdout] WARNING: Using incubator modules: jdk.incubator.vector
[INFO] [stdout] WARNING: A terminally deprecated method in sun.misc.Unsafe has been called
[INFO] [stdout] WARNING: sun.misc.Unsafe::objectFieldOffset has been called by org.openjdk.jmh.util.Utils (file:/root/.m2/repository/org/openjdk/jmh/jmh-core/1.37/jmh-core-1.37.jar)
[INFO] [stdout] WARNING: Please consider reporting this to the maintainers of class org.openjdk.jmh.util.Utils
[INFO] [stdout] WARNING: sun.misc.Unsafe::objectFieldOffset will be removed in a future release
[INFO] [stdout] Iteration   1: WARNING: A restricted method in java.lang.foreign.SymbolLookup has been called
[INFO] [stdout] WARNING: java.lang.foreign.SymbolLookup::libraryLookup has been called by io.airlift.compress.v3.internal.NativeLoader in an unnamed module (file:/root/.m2/repository/io/airlift/aircompressor-v3/3.4/aircompressor-v3-3.4.jar)
[INFO] [stdout] WARNING: Use --enable-native-access=ALL-UNNAMED to avoid a warning for callers in this module
[INFO] [stdout] WARNING: Restricted methods will be blocked in a future release unless native access is enabled
[INFO] [stdout] 
[WARNING] [stderr] [versioned-dictionary-predicate] reused chunk=0 entries=51
[WARNING] [stderr] [versioned-dictionary-predicate] reused chunk=0 entries=102000
[INFO] [stdout] 1627.484 ms/op
[INFO] [stdout] 
[INFO] [stdout] 
[INFO] [stdout] Result "org.weakref.nitro.tpcds.BenchmarkQueries.query24":
[INFO] [stdout]   1627.484 ms/op
[INFO] [stdout] 
[INFO] [stdout] 
[INFO] [stdout] # JMH version: 1.37
[INFO] [stdout] # VM version: JDK 26.0.1, OpenJDK 64-Bit Server VM, 26.0.1+8
[INFO] [stdout] # VM invoker: /opt/java/openjdk/bin/java
[INFO] [stdout] # VM options: --enable-preview --add-modules=jdk.incubator.vector -Dnitro.clickbench.hits.path= -Xmx12g -XX:+UseTransparentHugePages -Dnitro.tpcds.parquet.path=/root/data/tpcds-parquet-sf10 -Dnitro.tpcds.parquet.schema=sf10 -Dnitro.debug.versionedDictionaryPredicates=true
[INFO] [stdout] # Blackhole mode: compiler (auto-detected, use -Djmh.blackhole.autoDetect=false to disable)
[INFO] [stdout] # Warmup: <none>
[INFO] [stdout] # Measurement: 1 iterations, 1 ms each
[INFO] [stdout] # Timeout: 30 min per iteration
[INFO] [stdout] # Threads: 1 thread, will synchronize iterations
[INFO] [stdout] # Benchmark mode: Average time, time/op
[INFO] [stdout] # Benchmark: org.weakref.nitro.tpcds.BenchmarkQueries.query25
[INFO] [stdout] 
[INFO] [stdout] # Run progress: 24.24% complete, ETA 00:02:49
[INFO] [stdout] # Fork: 1 of 1
[INFO] [stdout] WARNING: Using incubator modules: jdk.incubator.vector
[INFO] [stdout] WARNING: A terminally deprecated method in sun.misc.Unsafe has been called
[INFO] [stdout] WARNING: sun.misc.Unsafe::objectFieldOffset has been called by org.openjdk.jmh.util.Utils (file:/root/.m2/repository/org/openjdk/jmh/jmh-core/1.37/jmh-core-1.37.jar)
[INFO] [stdout] WARNING: Please consider reporting this to the maintainers of class org.openjdk.jmh.util.Utils
[INFO] [stdout] WARNING: sun.misc.Unsafe::objectFieldOffset will be removed in a future release
[INFO] [stdout] Iteration   1: WARNING: A restricted method in java.lang.foreign.SymbolLookup has been called
[INFO] [stdout] WARNING: java.lang.foreign.SymbolLookup::libraryLookup has been called by io.airlift.compress.v3.internal.NativeLoader in an unnamed module (file:/root/.m2/repository/io/airlift/aircompressor-v3/3.4/aircompressor-v3-3.4.jar)
[INFO] [stdout] WARNING: Use --enable-native-access=ALL-UNNAMED to avoid a warning for callers in this module
[INFO] [stdout] WARNING: Restricted methods will be blocked in a future release unless native access is enabled
[INFO] [stdout] 
[WARNING] [stderr] [versioned-dictionary-predicate] reused chunk=0 entries=1823
[INFO] [stdout] 1566.307 ms/op
[INFO] [stdout] 
[INFO] [stdout] 
[INFO] [stdout] Result "org.weakref.nitro.tpcds.BenchmarkQueries.query25":
[INFO] [stdout]   1566.307 ms/op
[INFO] [stdout] 
[INFO] [stdout] 
[INFO] [stdout] # JMH version: 1.37
[INFO] [stdout] # VM version: JDK 26.0.1, OpenJDK 64-Bit Server VM, 26.0.1+8
[INFO] [stdout] # VM invoker: /opt/java/openjdk/bin/java
[INFO] [stdout] # VM options: --enable-preview --add-modules=jdk.incubator.vector -Dnitro.clickbench.hits.path= -Xmx12g -XX:+UseTransparentHugePages -Dnitro.tpcds.parquet.path=/root/data/tpcds-parquet-sf10 -Dnitro.tpcds.parquet.schema=sf10 -Dnitro.debug.versionedDictionaryPredicates=true
[INFO] [stdout] # Blackhole mode: compiler (auto-detected, use -Djmh.blackhole.autoDetect=false to disable)
[INFO] [stdout] # Warmup: <none>
[INFO] [stdout] # Measurement: 1 iterations, 1 ms each
[INFO] [stdout] # Timeout: 30 min per iteration
[INFO] [stdout] # Threads: 1 thread, will synchronize iterations
[INFO] [stdout] # Benchmark mode: Average time, time/op
[INFO] [stdout] # Benchmark: org.weakref.nitro.tpcds.BenchmarkQueries.query26
[INFO] [stdout] 
[INFO] [stdout] # Run progress: 25.25% complete, ETA 00:02:45
[INFO] [stdout] # Fork: 1 of 1
[INFO] [stdout] WARNING: Using incubator modules: jdk.incubator.vector
[INFO] [stdout] WARNING: A terminally deprecated method in sun.misc.Unsafe has been called
[INFO] [stdout] WARNING: sun.misc.Unsafe::objectFieldOffset has been called by org.openjdk.jmh.util.Utils (file:/root/.m2/repository/org/openjdk/jmh/jmh-core/1.37/jmh-core-1.37.jar)
[INFO] [stdout] WARNING: Please consider reporting this to the maintainers of class org.openjdk.jmh.util.Utils
[INFO] [stdout] WARNING: sun.misc.Unsafe::objectFieldOffset will be removed in a future release
[INFO] [stdout] Iteration   1: WARNING: A restricted method in java.lang.foreign.SymbolLookup has been called
[INFO] [stdout] WARNING: java.lang.foreign.SymbolLookup::libraryLookup has been called by io.airlift.compress.v3.internal.NativeLoader in an unnamed module (file:/root/.m2/repository/io/airlift/aircompressor-v3/3.4/aircompressor-v3-3.4.jar)
[INFO] [stdout] WARNING: Use --enable-native-access=ALL-UNNAMED to avoid a warning for callers in this module
[INFO] [stdout] WARNING: Restricted methods will be blocked in a future release unless native access is enabled
[INFO] [stdout] 
[WARNING] [stderr] [versioned-dictionary-predicate] reused chunk=1 entries=127507
[INFO] [stdout] 650.411 ms/op
[INFO] [stdout] 
[INFO] [stdout] 
[INFO] [stdout] Result "org.weakref.nitro.tpcds.BenchmarkQueries.query26":
[INFO] [stdout]   650.411 ms/op
[INFO] [stdout] 
[INFO] [stdout] 
[INFO] [stdout] # JMH version: 1.37
[INFO] [stdout] # VM version: JDK 26.0.1, OpenJDK 64-Bit Server VM, 26.0.1+8
[INFO] [stdout] # VM invoker: /opt/java/openjdk/bin/java
[INFO] [stdout] # VM options: --enable-preview --add-modules=jdk.incubator.vector -Dnitro.clickbench.hits.path= -Xmx12g -XX:+UseTransparentHugePages -Dnitro.tpcds.parquet.path=/root/data/tpcds-parquet-sf10 -Dnitro.tpcds.parquet.schema=sf10 -Dnitro.debug.versionedDictionaryPredicates=true
[INFO] [stdout] # Blackhole mode: compiler (auto-detected, use -Djmh.blackhole.autoDetect=false to disable)
[INFO] [stdout] # Warmup: <none>
[INFO] [stdout] # Measurement: 1 iterations, 1 ms each
[INFO] [stdout] # Timeout: 30 min per iteration
[INFO] [stdout] # Threads: 1 thread, will synchronize iterations
[INFO] [stdout] # Benchmark mode: Average time, time/op
[INFO] [stdout] # Benchmark: org.weakref.nitro.tpcds.BenchmarkQueries.query27
[INFO] [stdout] 
[INFO] [stdout] # Run progress: 26.26% complete, ETA 00:02:39
[INFO] [stdout] # Fork: 1 of 1
[INFO] [stdout] WARNING: Using incubator modules: jdk.incubator.vector
[INFO] [stdout] WARNING: A terminally deprecated method in sun.misc.Unsafe has been called
[INFO] [stdout] WARNING: sun.misc.Unsafe::objectFieldOffset has been called by org.openjdk.jmh.util.Utils (file:/root/.m2/repository/org/openjdk/jmh/jmh-core/1.37/jmh-core-1.37.jar)
[INFO] [stdout] WARNING: Please consider reporting this to the maintainers of class org.openjdk.jmh.util.Utils
[INFO] [stdout] WARNING: sun.misc.Unsafe::objectFieldOffset will be removed in a future release
[INFO] [stdout] Iteration   1: WARNING: A restricted method in java.lang.foreign.SymbolLookup has been called
[INFO] [stdout] WARNING: java.lang.foreign.SymbolLookup::libraryLookup has been called by io.airlift.compress.v3.internal.NativeLoader in an unnamed module (file:/root/.m2/repository/io/airlift/aircompressor-v3/3.4/aircompressor-v3-3.4.jar)
[INFO] [stdout] WARNING: Use --enable-native-access=ALL-UNNAMED to avoid a warning for callers in this module
[INFO] [stdout] WARNING: Restricted methods will be blocked in a future release unless native access is enabled
[INFO] [stdout] 
[WARNING] [stderr] [versioned-dictionary-predicate] reused chunk=0 entries=129844
[INFO] [stdout] 1346.432 ms/op
[INFO] [stdout] 
[INFO] [stdout] 
[INFO] [stdout] Result "org.weakref.nitro.tpcds.BenchmarkQueries.query27":
[INFO] [stdout]   1346.432 ms/op
[INFO] [stdout] 
[INFO] [stdout] 
[INFO] [stdout] # JMH version: 1.37
[INFO] [stdout] # VM version: JDK 26.0.1, OpenJDK 64-Bit Server VM, 26.0.1+8
[INFO] [stdout] # VM invoker: /opt/java/openjdk/bin/java
[INFO] [stdout] # VM options: --enable-preview --add-modules=jdk.incubator.vector -Dnitro.clickbench.hits.path= -Xmx12g -XX:+UseTransparentHugePages -Dnitro.tpcds.parquet.path=/root/data/tpcds-parquet-sf10 -Dnitro.tpcds.parquet.schema=sf10 -Dnitro.debug.versionedDictionaryPredicates=true
[INFO] [stdout] # Blackhole mode: compiler (auto-detected, use -Djmh.blackhole.autoDetect=false to disable)
[INFO] [stdout] # Warmup: <none>
[INFO] [stdout] # Measurement: 1 iterations, 1 ms each
[INFO] [stdout] # Timeout: 30 min per iteration
[INFO] [stdout] # Threads: 1 thread, will synchronize iterations
[INFO] [stdout] # Benchmark mode: Average time, time/op
[INFO] [stdout] # Benchmark: org.weakref.nitro.tpcds.BenchmarkQueries.query28
[INFO] [stdout] 
[INFO] [stdout] # Run progress: 27.27% complete, ETA 00:02:35
[INFO] [stdout] # Fork: 1 of 1
[INFO] [stdout] WARNING: Using incubator modules: jdk.incubator.vector
[INFO] [stdout] WARNING: A terminally deprecated method in sun.misc.Unsafe has been called
[INFO] [stdout] WARNING: sun.misc.Unsafe::objectFieldOffset has been called by org.openjdk.jmh.util.Utils (file:/root/.m2/repository/org/openjdk/jmh/jmh-core/1.37/jmh-core-1.37.jar)
[INFO] [stdout] WARNING: Please consider reporting this to the maintainers of class org.openjdk.jmh.util.Utils
[INFO] [stdout] WARNING: sun.misc.Unsafe::objectFieldOffset will be removed in a future release
[INFO] [stdout] Iteration   1: WARNING: A restricted method in java.lang.foreign.SymbolLookup has been called
[INFO] [stdout] WARNING: java.lang.foreign.SymbolLookup::libraryLookup has been called by io.airlift.compress.v3.internal.NativeLoader in an unnamed module (file:/root/.m2/repository/io/airlift/aircompressor-v3/3.4/aircompressor-v3-3.4.jar)
[INFO] [stdout] WARNING: Use --enable-native-access=ALL-UNNAMED to avoid a warning for callers in this module
[INFO] [stdout] WARNING: Restricted methods will be blocked in a future release unless native access is enabled
[INFO] [stdout] 
[INFO] [stdout] 3065.313 ms/op
[INFO] [stdout] 
[INFO] [stdout] 
[INFO] [stdout] Result "org.weakref.nitro.tpcds.BenchmarkQueries.query28":
[INFO] [stdout]   3065.313 ms/op
[INFO] [stdout] 
[INFO] [stdout] 
[INFO] [stdout] # JMH version: 1.37
[INFO] [stdout] # VM version: JDK 26.0.1, OpenJDK 64-Bit Server VM, 26.0.1+8
[INFO] [stdout] # VM invoker: /opt/java/openjdk/bin/java
[INFO] [stdout] # VM options: --enable-preview --add-modules=jdk.incubator.vector -Dnitro.clickbench.hits.path= -Xmx12g -XX:+UseTransparentHugePages -Dnitro.tpcds.parquet.path=/root/data/tpcds-parquet-sf10 -Dnitro.tpcds.parquet.schema=sf10 -Dnitro.debug.versionedDictionaryPredicates=true
[INFO] [stdout] # Blackhole mode: compiler (auto-detected, use -Djmh.blackhole.autoDetect=false to disable)
[INFO] [stdout] # Warmup: <none>
[INFO] [stdout] # Measurement: 1 iterations, 1 ms each
[INFO] [stdout] # Timeout: 30 min per iteration
[INFO] [stdout] # Threads: 1 thread, will synchronize iterations
[INFO] [stdout] # Benchmark mode: Average time, time/op
[INFO] [stdout] # Benchmark: org.weakref.nitro.tpcds.BenchmarkQueries.query29
[INFO] [stdout] 
[INFO] [stdout] # Run progress: 28.28% complete, ETA 00:02:35
[INFO] [stdout] # Fork: 1 of 1
[INFO] [stdout] WARNING: Using incubator modules: jdk.incubator.vector
[INFO] [stdout] WARNING: A terminally deprecated method in sun.misc.Unsafe has been called
[INFO] [stdout] WARNING: sun.misc.Unsafe::objectFieldOffset has been called by org.openjdk.jmh.util.Utils (file:/root/.m2/repository/org/openjdk/jmh/jmh-core/1.37/jmh-core-1.37.jar)
[INFO] [stdout] WARNING: Please consider reporting this to the maintainers of class org.openjdk.jmh.util.Utils
[INFO] [stdout] WARNING: sun.misc.Unsafe::objectFieldOffset will be removed in a future release
[INFO] [stdout] Iteration   1: WARNING: A restricted method in java.lang.foreign.SymbolLookup has been called
[INFO] [stdout] WARNING: java.lang.foreign.SymbolLookup::libraryLookup has been called by io.airlift.compress.v3.internal.NativeLoader in an unnamed module (file:/root/.m2/repository/io/airlift/aircompressor-v3/3.4/aircompressor-v3-3.4.jar)
[INFO] [stdout] WARNING: Use --enable-native-access=ALL-UNNAMED to avoid a warning for callers in this module
[INFO] [stdout] WARNING: Restricted methods will be blocked in a future release unless native access is enabled
[INFO] [stdout] 
[WARNING] [stderr] [versioned-dictionary-predicate] reused chunk=0 entries=1823
[INFO] [stdout] 1649.925 ms/op
[INFO] [stdout] 
[INFO] [stdout] 
[INFO] [stdout] Result "org.weakref.nitro.tpcds.BenchmarkQueries.query29":
[INFO] [stdout]   1649.925 ms/op
[INFO] [stdout] 
[INFO] [stdout] 
[INFO] [stdout] # JMH version: 1.37
[INFO] [stdout] # VM version: JDK 26.0.1, OpenJDK 64-Bit Server VM, 26.0.1+8
[INFO] [stdout] # VM invoker: /opt/java/openjdk/bin/java
[INFO] [stdout] # VM options: --enable-preview --add-modules=jdk.incubator.vector -Dnitro.clickbench.hits.path= -Xmx12g -XX:+UseTransparentHugePages -Dnitro.tpcds.parquet.path=/root/data/tpcds-parquet-sf10 -Dnitro.tpcds.parquet.schema=sf10 -Dnitro.debug.versionedDictionaryPredicates=true
[INFO] [stdout] # Blackhole mode: compiler (auto-detected, use -Djmh.blackhole.autoDetect=false to disable)
[INFO] [stdout] # Warmup: <none>
[INFO] [stdout] # Measurement: 1 iterations, 1 ms each
[INFO] [stdout] # Timeout: 30 min per iteration
[INFO] [stdout] # Threads: 1 thread, will synchronize iterations
[INFO] [stdout] # Benchmark mode: Average time, time/op
[INFO] [stdout] # Benchmark: org.weakref.nitro.tpcds.BenchmarkQueries.query30
[INFO] [stdout] 
[INFO] [stdout] # Run progress: 29.29% complete, ETA 00:02:32
[INFO] [stdout] # Fork: 1 of 1
[INFO] [stdout] WARNING: Using incubator modules: jdk.incubator.vector
[INFO] [stdout] WARNING: A terminally deprecated method in sun.misc.Unsafe has been called
[INFO] [stdout] WARNING: sun.misc.Unsafe::objectFieldOffset has been called by org.openjdk.jmh.util.Utils (file:/root/.m2/repository/org/openjdk/jmh/jmh-core/1.37/jmh-core-1.37.jar)
[INFO] [stdout] WARNING: Please consider reporting this to the maintainers of class org.openjdk.jmh.util.Utils
[INFO] [stdout] WARNING: sun.misc.Unsafe::objectFieldOffset will be removed in a future release
[INFO] [stdout] Iteration   1: WARNING: A restricted method in java.lang.foreign.SymbolLookup has been called
[INFO] [stdout] WARNING: java.lang.foreign.SymbolLookup::libraryLookup has been called by io.airlift.compress.v3.internal.NativeLoader in an unnamed module (file:/root/.m2/repository/io/airlift/aircompressor-v3/3.4/aircompressor-v3-3.4.jar)
[INFO] [stdout] WARNING: Use --enable-native-access=ALL-UNNAMED to avoid a warning for callers in this module
[INFO] [stdout] WARNING: Restricted methods will be blocked in a future release unless native access is enabled
[INFO] [stdout] 
[WARNING] [stderr] [versioned-dictionary-predicate] reused chunk=0 entries=2165
[WARNING] [stderr] [versioned-dictionary-predicate] reused chunk=0 entries=2165
[INFO] [stdout] 741.571 ms/op
[INFO] [stdout] 
[INFO] [stdout] 
[INFO] [stdout] Result "org.weakref.nitro.tpcds.BenchmarkQueries.query30":
[INFO] [stdout]   741.571 ms/op
[INFO] [stdout] 
[INFO] [stdout] 
[INFO] [stdout] # JMH version: 1.37
[INFO] [stdout] # VM version: JDK 26.0.1, OpenJDK 64-Bit Server VM, 26.0.1+8
[INFO] [stdout] # VM invoker: /opt/java/openjdk/bin/java
[INFO] [stdout] # VM options: --enable-preview --add-modules=jdk.incubator.vector -Dnitro.clickbench.hits.path= -Xmx12g -XX:+UseTransparentHugePages -Dnitro.tpcds.parquet.path=/root/data/tpcds-parquet-sf10 -Dnitro.tpcds.parquet.schema=sf10 -Dnitro.debug.versionedDictionaryPredicates=true
[INFO] [stdout] # Blackhole mode: compiler (auto-detected, use -Djmh.blackhole.autoDetect=false to disable)
[INFO] [stdout] # Warmup: <none>
[INFO] [stdout] # Measurement: 1 iterations, 1 ms each
[INFO] [stdout] # Timeout: 30 min per iteration
[INFO] [stdout] # Threads: 1 thread, will synchronize iterations
[INFO] [stdout] # Benchmark mode: Average time, time/op
[INFO] [stdout] # Benchmark: org.weakref.nitro.tpcds.BenchmarkQueries.query31
[INFO] [stdout] 
[INFO] [stdout] # Run progress: 30.30% complete, ETA 00:02:27
[INFO] [stdout] # Fork: 1 of 1
[INFO] [stdout] WARNING: Using incubator modules: jdk.incubator.vector
[INFO] [stdout] WARNING: A terminally deprecated method in sun.misc.Unsafe has been called
[INFO] [stdout] WARNING: sun.misc.Unsafe::objectFieldOffset has been called by org.openjdk.jmh.util.Utils (file:/root/.m2/repository/org/openjdk/jmh/jmh-core/1.37/jmh-core-1.37.jar)
[INFO] [stdout] WARNING: Please consider reporting this to the maintainers of class org.openjdk.jmh.util.Utils
[INFO] [stdout] WARNING: sun.misc.Unsafe::objectFieldOffset will be removed in a future release
[INFO] [stdout] Iteration   1: WARNING: A restricted method in java.lang.foreign.SymbolLookup has been called
[INFO] [stdout] WARNING: java.lang.foreign.SymbolLookup::libraryLookup has been called by io.airlift.compress.v3.internal.NativeLoader in an unnamed module (file:/root/.m2/repository/io/airlift/aircompressor-v3/3.4/aircompressor-v3-3.4.jar)
[INFO] [stdout] WARNING: Use --enable-native-access=ALL-UNNAMED to avoid a warning for callers in this module
[INFO] [stdout] WARNING: Restricted methods will be blocked in a future release unless native access is enabled
[INFO] [stdout] 
[WARNING] [stderr] [versioned-dictionary-predicate] reused chunk=6 entries=1823
[WARNING] [stderr] [versioned-dictionary-predicate] reused chunk=6 entries=1823
[WARNING] [stderr] [versioned-dictionary-predicate] reused chunk=6 entries=1823
[INFO] [stdout] 1259.483 ms/op
[INFO] [stdout] 
[INFO] [stdout] 
[INFO] [stdout] Result "org.weakref.nitro.tpcds.BenchmarkQueries.query31":
[INFO] [stdout]   1259.483 ms/op
[INFO] [stdout] 
[INFO] [stdout] 
[INFO] [stdout] # JMH version: 1.37
[INFO] [stdout] # VM version: JDK 26.0.1, OpenJDK 64-Bit Server VM, 26.0.1+8
[INFO] [stdout] # VM invoker: /opt/java/openjdk/bin/java
[INFO] [stdout] # VM options: --enable-preview --add-modules=jdk.incubator.vector -Dnitro.clickbench.hits.path= -Xmx12g -XX:+UseTransparentHugePages -Dnitro.tpcds.parquet.path=/root/data/tpcds-parquet-sf10 -Dnitro.tpcds.parquet.schema=sf10 -Dnitro.debug.versionedDictionaryPredicates=true
[INFO] [stdout] # Blackhole mode: compiler (auto-detected, use -Djmh.blackhole.autoDetect=false to disable)
[INFO] [stdout] # Warmup: <none>
[INFO] [stdout] # Measurement: 1 iterations, 1 ms each
[INFO] [stdout] # Timeout: 30 min per iteration
[INFO] [stdout] # Threads: 1 thread, will synchronize iterations
[INFO] [stdout] # Benchmark mode: Average time, time/op
[INFO] [stdout] # Benchmark: org.weakref.nitro.tpcds.BenchmarkQueries.query32
[INFO] [stdout] 
[INFO] [stdout] # Run progress: 31.31% complete, ETA 00:02:23
[INFO] [stdout] # Fork: 1 of 1
[INFO] [stdout] WARNING: Using incubator modules: jdk.incubator.vector
[INFO] [stdout] WARNING: A terminally deprecated method in sun.misc.Unsafe has been called
[INFO] [stdout] WARNING: sun.misc.Unsafe::objectFieldOffset has been called by org.openjdk.jmh.util.Utils (file:/root/.m2/repository/org/openjdk/jmh/jmh-core/1.37/jmh-core-1.37.jar)
[INFO] [stdout] WARNING: Please consider reporting this to the maintainers of class org.openjdk.jmh.util.Utils
[INFO] [stdout] WARNING: sun.misc.Unsafe::objectFieldOffset will be removed in a future release
[INFO] [stdout] Iteration   1: WARNING: A restricted method in java.lang.foreign.SymbolLookup has been called
[INFO] [stdout] WARNING: java.lang.foreign.SymbolLookup::libraryLookup has been called by io.airlift.compress.v3.internal.NativeLoader in an unnamed module (file:/root/.m2/repository/io/airlift/aircompressor-v3/3.4/aircompressor-v3-3.4.jar)
[INFO] [stdout] WARNING: Use --enable-native-access=ALL-UNNAMED to avoid a warning for callers in this module
[INFO] [stdout] WARNING: Restricted methods will be blocked in a future release unless native access is enabled
[INFO] [stdout] 
[INFO] [stdout] 492.682 ms/op
[INFO] [stdout] 
[INFO] [stdout] 
[INFO] [stdout] Result "org.weakref.nitro.tpcds.BenchmarkQueries.query32":
[INFO] [stdout]   492.682 ms/op
[INFO] [stdout] 
[INFO] [stdout] 
[INFO] [stdout] # JMH version: 1.37
[INFO] [stdout] # VM version: JDK 26.0.1, OpenJDK 64-Bit Server VM, 26.0.1+8
[INFO] [stdout] # VM invoker: /opt/java/openjdk/bin/java
[INFO] [stdout] # VM options: --enable-preview --add-modules=jdk.incubator.vector -Dnitro.clickbench.hits.path= -Xmx12g -XX:+UseTransparentHugePages -Dnitro.tpcds.parquet.path=/root/data/tpcds-parquet-sf10 -Dnitro.tpcds.parquet.schema=sf10 -Dnitro.debug.versionedDictionaryPredicates=true
[INFO] [stdout] # Blackhole mode: compiler (auto-detected, use -Djmh.blackhole.autoDetect=false to disable)
[INFO] [stdout] # Warmup: <none>
[INFO] [stdout] # Measurement: 1 iterations, 1 ms each
[INFO] [stdout] # Timeout: 30 min per iteration
[INFO] [stdout] # Threads: 1 thread, will synchronize iterations
[INFO] [stdout] # Benchmark mode: Average time, time/op
[INFO] [stdout] # Benchmark: org.weakref.nitro.tpcds.BenchmarkQueries.query33
[INFO] [stdout] 
[INFO] [stdout] # Run progress: 32.32% complete, ETA 00:02:18
[INFO] [stdout] # Fork: 1 of 1
[INFO] [stdout] WARNING: Using incubator modules: jdk.incubator.vector
[INFO] [stdout] WARNING: A terminally deprecated method in sun.misc.Unsafe has been called
[INFO] [stdout] WARNING: sun.misc.Unsafe::objectFieldOffset has been called by org.openjdk.jmh.util.Utils (file:/root/.m2/repository/org/openjdk/jmh/jmh-core/1.37/jmh-core-1.37.jar)
[INFO] [stdout] WARNING: Please consider reporting this to the maintainers of class org.openjdk.jmh.util.Utils
[INFO] [stdout] WARNING: sun.misc.Unsafe::objectFieldOffset will be removed in a future release
[INFO] [stdout] Iteration   1: WARNING: A restricted method in java.lang.foreign.SymbolLookup has been called
[INFO] [stdout] WARNING: java.lang.foreign.SymbolLookup::libraryLookup has been called by io.airlift.compress.v3.internal.NativeLoader in an unnamed module (file:/root/.m2/repository/io/airlift/aircompressor-v3/3.4/aircompressor-v3-3.4.jar)
[INFO] [stdout] WARNING: Use --enable-native-access=ALL-UNNAMED to avoid a warning for callers in this module
[INFO] [stdout] WARNING: Restricted methods will be blocked in a future release unless native access is enabled
[INFO] [stdout] 
[WARNING] [stderr] [versioned-dictionary-predicate] reused chunk=0 entries=1823
[WARNING] [stderr] [versioned-dictionary-predicate] reused chunk=1 entries=250
[WARNING] [stderr] [versioned-dictionary-predicate] reused chunk=0 entries=1823
[INFO] [stdout] 678.636 ms/op
[INFO] [stdout] 
[INFO] [stdout] 
[INFO] [stdout] Result "org.weakref.nitro.tpcds.BenchmarkQueries.query33":
[INFO] [stdout]   678.636 ms/op
[INFO] [stdout] 
[INFO] [stdout] 
[INFO] [stdout] # JMH version: 1.37
[INFO] [stdout] # VM version: JDK 26.0.1, OpenJDK 64-Bit Server VM, 26.0.1+8
[INFO] [stdout] # VM invoker: /opt/java/openjdk/bin/java
[INFO] [stdout] # VM options: --enable-preview --add-modules=jdk.incubator.vector -Dnitro.clickbench.hits.path= -Xmx12g -XX:+UseTransparentHugePages -Dnitro.tpcds.parquet.path=/root/data/tpcds-parquet-sf10 -Dnitro.tpcds.parquet.schema=sf10 -Dnitro.debug.versionedDictionaryPredicates=true
[INFO] [stdout] # Blackhole mode: compiler (auto-detected, use -Djmh.blackhole.autoDetect=false to disable)
[INFO] [stdout] # Warmup: <none>
[INFO] [stdout] # Measurement: 1 iterations, 1 ms each
[INFO] [stdout] # Timeout: 30 min per iteration
[INFO] [stdout] # Threads: 1 thread, will synchronize iterations
[INFO] [stdout] # Benchmark mode: Average time, time/op
[INFO] [stdout] # Benchmark: org.weakref.nitro.tpcds.BenchmarkQueries.query34
[INFO] [stdout] 
[INFO] [stdout] # Run progress: 33.33% complete, ETA 00:02:14
[INFO] [stdout] # Fork: 1 of 1
[INFO] [stdout] WARNING: Using incubator modules: jdk.incubator.vector
[INFO] [stdout] WARNING: A terminally deprecated method in sun.misc.Unsafe has been called
[INFO] [stdout] WARNING: sun.misc.Unsafe::objectFieldOffset has been called by org.openjdk.jmh.util.Utils (file:/root/.m2/repository/org/openjdk/jmh/jmh-core/1.37/jmh-core-1.37.jar)
[INFO] [stdout] WARNING: Please consider reporting this to the maintainers of class org.openjdk.jmh.util.Utils
[INFO] [stdout] WARNING: sun.misc.Unsafe::objectFieldOffset will be removed in a future release
[INFO] [stdout] Iteration   1: WARNING: A restricted method in java.lang.foreign.SymbolLookup has been called
[INFO] [stdout] WARNING: java.lang.foreign.SymbolLookup::libraryLookup has been called by io.airlift.compress.v3.internal.NativeLoader in an unnamed module (file:/root/.m2/repository/io/airlift/aircompressor-v3/3.4/aircompressor-v3-3.4.jar)
[INFO] [stdout] WARNING: Use --enable-native-access=ALL-UNNAMED to avoid a warning for callers in this module
[INFO] [stdout] WARNING: Restricted methods will be blocked in a future release unless native access is enabled
[INFO] [stdout] 
[WARNING] [stderr] [versioned-dictionary-predicate] reused chunk=0 entries=1823
[INFO] [stdout] 715.409 ms/op
[INFO] [stdout] 
[INFO] [stdout] 
[INFO] [stdout] Result "org.weakref.nitro.tpcds.BenchmarkQueries.query34":
[INFO] [stdout]   715.409 ms/op
[INFO] [stdout] 
[INFO] [stdout] 
[INFO] [stdout] # JMH version: 1.37
[INFO] [stdout] # VM version: JDK 26.0.1, OpenJDK 64-Bit Server VM, 26.0.1+8
[INFO] [stdout] # VM invoker: /opt/java/openjdk/bin/java
[INFO] [stdout] # VM options: --enable-preview --add-modules=jdk.incubator.vector -Dnitro.clickbench.hits.path= -Xmx12g -XX:+UseTransparentHugePages -Dnitro.tpcds.parquet.path=/root/data/tpcds-parquet-sf10 -Dnitro.tpcds.parquet.schema=sf10 -Dnitro.debug.versionedDictionaryPredicates=true
[INFO] [stdout] # Blackhole mode: compiler (auto-detected, use -Djmh.blackhole.autoDetect=false to disable)
[INFO] [stdout] # Warmup: <none>
[INFO] [stdout] # Measurement: 1 iterations, 1 ms each
[INFO] [stdout] # Timeout: 30 min per iteration
[INFO] [stdout] # Threads: 1 thread, will synchronize iterations
[INFO] [stdout] # Benchmark mode: Average time, time/op
[INFO] [stdout] # Benchmark: org.weakref.nitro.tpcds.BenchmarkQueries.query35
[INFO] [stdout] 
[INFO] [stdout] # Run progress: 34.34% complete, ETA 00:02:09
[INFO] [stdout] # Fork: 1 of 1
[INFO] [stdout] WARNING: Using incubator modules: jdk.incubator.vector
[INFO] [stdout] WARNING: A terminally deprecated method in sun.misc.Unsafe has been called
[INFO] [stdout] WARNING: sun.misc.Unsafe::objectFieldOffset has been called by org.openjdk.jmh.util.Utils (file:/root/.m2/repository/org/openjdk/jmh/jmh-core/1.37/jmh-core-1.37.jar)
[INFO] [stdout] WARNING: Please consider reporting this to the maintainers of class org.openjdk.jmh.util.Utils
[INFO] [stdout] WARNING: sun.misc.Unsafe::objectFieldOffset will be removed in a future release
[INFO] [stdout] Iteration   1: WARNING: A restricted method in java.lang.foreign.SymbolLookup has been called
[INFO] [stdout] WARNING: java.lang.foreign.SymbolLookup::libraryLookup has been called by io.airlift.compress.v3.internal.NativeLoader in an unnamed module (file:/root/.m2/repository/io/airlift/aircompressor-v3/3.4/aircompressor-v3-3.4.jar)
[INFO] [stdout] WARNING: Use --enable-native-access=ALL-UNNAMED to avoid a warning for callers in this module
[INFO] [stdout] WARNING: Restricted methods will be blocked in a future release unless native access is enabled
[INFO] [stdout] 
[WARNING] [stderr] [versioned-dictionary-predicate] reused chunk=6 entries=1823
[INFO] [stdout] 1291.519 ms/op
[INFO] [stdout] 
[INFO] [stdout] 
[INFO] [stdout] Result "org.weakref.nitro.tpcds.BenchmarkQueries.query35":
[INFO] [stdout]   1291.519 ms/op
[INFO] [stdout] 
[INFO] [stdout] 
[INFO] [stdout] # JMH version: 1.37
[INFO] [stdout] # VM version: JDK 26.0.1, OpenJDK 64-Bit Server VM, 26.0.1+8
[INFO] [stdout] # VM invoker: /opt/java/openjdk/bin/java
[INFO] [stdout] # VM options: --enable-preview --add-modules=jdk.incubator.vector -Dnitro.clickbench.hits.path= -Xmx12g -XX:+UseTransparentHugePages -Dnitro.tpcds.parquet.path=/root/data/tpcds-parquet-sf10 -Dnitro.tpcds.parquet.schema=sf10 -Dnitro.debug.versionedDictionaryPredicates=true
[INFO] [stdout] # Blackhole mode: compiler (auto-detected, use -Djmh.blackhole.autoDetect=false to disable)
[INFO] [stdout] # Warmup: <none>
[INFO] [stdout] # Measurement: 1 iterations, 1 ms each
[INFO] [stdout] # Timeout: 30 min per iteration
[INFO] [stdout] # Threads: 1 thread, will synchronize iterations
[INFO] [stdout] # Benchmark mode: Average time, time/op
[INFO] [stdout] # Benchmark: org.weakref.nitro.tpcds.BenchmarkQueries.query36
[INFO] [stdout] 
[INFO] [stdout] # Run progress: 35.35% complete, ETA 00:02:06
[INFO] [stdout] # Fork: 1 of 1
[INFO] [stdout] WARNING: Using incubator modules: jdk.incubator.vector
[INFO] [stdout] WARNING: A terminally deprecated method in sun.misc.Unsafe has been called
[INFO] [stdout] WARNING: sun.misc.Unsafe::objectFieldOffset has been called by org.openjdk.jmh.util.Utils (file:/root/.m2/repository/org/openjdk/jmh/jmh-core/1.37/jmh-core-1.37.jar)
[INFO] [stdout] WARNING: Please consider reporting this to the maintainers of class org.openjdk.jmh.util.Utils
[INFO] [stdout] WARNING: sun.misc.Unsafe::objectFieldOffset will be removed in a future release
[INFO] [stdout] Iteration   1: WARNING: A restricted method in java.lang.foreign.SymbolLookup has been called
[INFO] [stdout] WARNING: java.lang.foreign.SymbolLookup::libraryLookup has been called by io.airlift.compress.v3.internal.NativeLoader in an unnamed module (file:/root/.m2/repository/io/airlift/aircompressor-v3/3.4/aircompressor-v3-3.4.jar)
[INFO] [stdout] WARNING: Use --enable-native-access=ALL-UNNAMED to avoid a warning for callers in this module
[INFO] [stdout] WARNING: Restricted methods will be blocked in a future release unless native access is enabled
[INFO] [stdout] 
[WARNING] [stderr] [versioned-dictionary-predicate] reused chunk=0 entries=1823
[INFO] [stdout] 808.981 ms/op
[INFO] [stdout] 
[INFO] [stdout] 
[INFO] [stdout] Result "org.weakref.nitro.tpcds.BenchmarkQueries.query36":
[INFO] [stdout]   808.981 ms/op
[INFO] [stdout] 
[INFO] [stdout] 
[INFO] [stdout] # JMH version: 1.37
[INFO] [stdout] # VM version: JDK 26.0.1, OpenJDK 64-Bit Server VM, 26.0.1+8
[INFO] [stdout] # VM invoker: /opt/java/openjdk/bin/java
[INFO] [stdout] # VM options: --enable-preview --add-modules=jdk.incubator.vector -Dnitro.clickbench.hits.path= -Xmx12g -XX:+UseTransparentHugePages -Dnitro.tpcds.parquet.path=/root/data/tpcds-parquet-sf10 -Dnitro.tpcds.parquet.schema=sf10 -Dnitro.debug.versionedDictionaryPredicates=true
[INFO] [stdout] # Blackhole mode: compiler (auto-detected, use -Djmh.blackhole.autoDetect=false to disable)
[INFO] [stdout] # Warmup: <none>
[INFO] [stdout] # Measurement: 1 iterations, 1 ms each
[INFO] [stdout] # Timeout: 30 min per iteration
[INFO] [stdout] # Threads: 1 thread, will synchronize iterations
[INFO] [stdout] # Benchmark mode: Average time, time/op
[INFO] [stdout] # Benchmark: org.weakref.nitro.tpcds.BenchmarkQueries.query37
[INFO] [stdout] 
[INFO] [stdout] # Run progress: 36.36% complete, ETA 00:02:03
[INFO] [stdout] # Fork: 1 of 1
[INFO] [stdout] WARNING: Using incubator modules: jdk.incubator.vector
[INFO] [stdout] WARNING: A terminally deprecated method in sun.misc.Unsafe has been called
[INFO] [stdout] WARNING: sun.misc.Unsafe::objectFieldOffset has been called by org.openjdk.jmh.util.Utils (file:/root/.m2/repository/org/openjdk/jmh/jmh-core/1.37/jmh-core-1.37.jar)
[INFO] [stdout] WARNING: Please consider reporting this to the maintainers of class org.openjdk.jmh.util.Utils
[INFO] [stdout] WARNING: sun.misc.Unsafe::objectFieldOffset will be removed in a future release
[INFO] [stdout] Iteration   1: WARNING: A restricted method in java.lang.foreign.SymbolLookup has been called
[INFO] [stdout] WARNING: java.lang.foreign.SymbolLookup::libraryLookup has been called by io.airlift.compress.v3.internal.NativeLoader in an unnamed module (file:/root/.m2/repository/io/airlift/aircompressor-v3/3.4/aircompressor-v3-3.4.jar)
[INFO] [stdout] WARNING: Use --enable-native-access=ALL-UNNAMED to avoid a warning for callers in this module
[INFO] [stdout] WARNING: Restricted methods will be blocked in a future release unless native access is enabled
[INFO] [stdout] 
[INFO] [stdout] 2688.913 ms/op
[INFO] [stdout] 
[INFO] [stdout] 
[INFO] [stdout] Result "org.weakref.nitro.tpcds.BenchmarkQueries.query37":
[INFO] [stdout]   2688.913 ms/op
[INFO] [stdout] 
[INFO] [stdout] 
[INFO] [stdout] # JMH version: 1.37
[INFO] [stdout] # VM version: JDK 26.0.1, OpenJDK 64-Bit Server VM, 26.0.1+8
[INFO] [stdout] # VM invoker: /opt/java/openjdk/bin/java
[INFO] [stdout] # VM options: --enable-preview --add-modules=jdk.incubator.vector -Dnitro.clickbench.hits.path= -Xmx12g -XX:+UseTransparentHugePages -Dnitro.tpcds.parquet.path=/root/data/tpcds-parquet-sf10 -Dnitro.tpcds.parquet.schema=sf10 -Dnitro.debug.versionedDictionaryPredicates=true
[INFO] [stdout] # Blackhole mode: compiler (auto-detected, use -Djmh.blackhole.autoDetect=false to disable)
[INFO] [stdout] # Warmup: <none>
[INFO] [stdout] # Measurement: 1 iterations, 1 ms each
[INFO] [stdout] # Timeout: 30 min per iteration
[INFO] [stdout] # Threads: 1 thread, will synchronize iterations
[INFO] [stdout] # Benchmark mode: Average time, time/op
[INFO] [stdout] # Benchmark: org.weakref.nitro.tpcds.BenchmarkQueries.query38
[INFO] [stdout] 
[INFO] [stdout] # Run progress: 37.37% complete, ETA 00:02:02
[INFO] [stdout] # Fork: 1 of 1
[INFO] [stdout] WARNING: Using incubator modules: jdk.incubator.vector
[INFO] [stdout] WARNING: A terminally deprecated method in sun.misc.Unsafe has been called
[INFO] [stdout] WARNING: sun.misc.Unsafe::objectFieldOffset has been called by org.openjdk.jmh.util.Utils (file:/root/.m2/repository/org/openjdk/jmh/jmh-core/1.37/jmh-core-1.37.jar)
[INFO] [stdout] WARNING: Please consider reporting this to the maintainers of class org.openjdk.jmh.util.Utils
[INFO] [stdout] WARNING: sun.misc.Unsafe::objectFieldOffset will be removed in a future release
[INFO] [stdout] Iteration   1: WARNING: A restricted method in java.lang.foreign.SymbolLookup has been called
[INFO] [stdout] WARNING: java.lang.foreign.SymbolLookup::libraryLookup has been called by io.airlift.compress.v3.internal.NativeLoader in an unnamed module (file:/root/.m2/repository/io/airlift/aircompressor-v3/3.4/aircompressor-v3-3.4.jar)
[INFO] [stdout] WARNING: Use --enable-native-access=ALL-UNNAMED to avoid a warning for callers in this module
[INFO] [stdout] WARNING: Restricted methods will be blocked in a future release unless native access is enabled
[INFO] [stdout] 
[WARNING] [stderr] [versioned-dictionary-predicate] reused chunk=6 entries=1823
[INFO] [stdout] 1444.804 ms/op
[INFO] [stdout] 
[INFO] [stdout] 
[INFO] [stdout] Result "org.weakref.nitro.tpcds.BenchmarkQueries.query38":
[INFO] [stdout]   1444.804 ms/op
[INFO] [stdout] 
[INFO] [stdout] 
[INFO] [stdout] # JMH version: 1.37
[INFO] [stdout] # VM version: JDK 26.0.1, OpenJDK 64-Bit Server VM, 26.0.1+8
[INFO] [stdout] # VM invoker: /opt/java/openjdk/bin/java
[INFO] [stdout] # VM options: --enable-preview --add-modules=jdk.incubator.vector -Dnitro.clickbench.hits.path= -Xmx12g -XX:+UseTransparentHugePages -Dnitro.tpcds.parquet.path=/root/data/tpcds-parquet-sf10 -Dnitro.tpcds.parquet.schema=sf10 -Dnitro.debug.versionedDictionaryPredicates=true
[INFO] [stdout] # Blackhole mode: compiler (auto-detected, use -Djmh.blackhole.autoDetect=false to disable)
[INFO] [stdout] # Warmup: <none>
[INFO] [stdout] # Measurement: 1 iterations, 1 ms each
[INFO] [stdout] # Timeout: 30 min per iteration
[INFO] [stdout] # Threads: 1 thread, will synchronize iterations
[INFO] [stdout] # Benchmark mode: Average time, time/op
[INFO] [stdout] # Benchmark: org.weakref.nitro.tpcds.BenchmarkQueries.query39
[INFO] [stdout] 
[INFO] [stdout] # Run progress: 38.38% complete, ETA 00:02:00
[INFO] [stdout] # Fork: 1 of 1
[INFO] [stdout] WARNING: Using incubator modules: jdk.incubator.vector
[INFO] [stdout] WARNING: A terminally deprecated method in sun.misc.Unsafe has been called
[INFO] [stdout] WARNING: sun.misc.Unsafe::objectFieldOffset has been called by org.openjdk.jmh.util.Utils (file:/root/.m2/repository/org/openjdk/jmh/jmh-core/1.37/jmh-core-1.37.jar)
[INFO] [stdout] WARNING: Please consider reporting this to the maintainers of class org.openjdk.jmh.util.Utils
[INFO] [stdout] WARNING: sun.misc.Unsafe::objectFieldOffset will be removed in a future release
[INFO] [stdout] Iteration   1: WARNING: A restricted method in java.lang.foreign.SymbolLookup has been called
[INFO] [stdout] WARNING: java.lang.foreign.SymbolLookup::libraryLookup has been called by io.airlift.compress.v3.internal.NativeLoader in an unnamed module (file:/root/.m2/repository/io/airlift/aircompressor-v3/3.4/aircompressor-v3-3.4.jar)
[INFO] [stdout] WARNING: Use --enable-native-access=ALL-UNNAMED to avoid a warning for callers in this module
[INFO] [stdout] WARNING: Restricted methods will be blocked in a future release unless native access is enabled
[INFO] [stdout] 
[WARNING] [stderr] [versioned-dictionary-predicate] reused chunk=0 entries=57
[WARNING] [stderr] [versioned-dictionary-predicate] reused chunk=0 entries=57
[INFO] [stdout] 1297.866 ms/op
[INFO] [stdout] 
[INFO] [stdout] 
[INFO] [stdout] Result "org.weakref.nitro.tpcds.BenchmarkQueries.query39":
[INFO] [stdout]   1297.866 ms/op
[INFO] [stdout] 
[INFO] [stdout] 
[INFO] [stdout] # JMH version: 1.37
[INFO] [stdout] # VM version: JDK 26.0.1, OpenJDK 64-Bit Server VM, 26.0.1+8
[INFO] [stdout] # VM invoker: /opt/java/openjdk/bin/java
[INFO] [stdout] # VM options: --enable-preview --add-modules=jdk.incubator.vector -Dnitro.clickbench.hits.path= -Xmx12g -XX:+UseTransparentHugePages -Dnitro.tpcds.parquet.path=/root/data/tpcds-parquet-sf10 -Dnitro.tpcds.parquet.schema=sf10 -Dnitro.debug.versionedDictionaryPredicates=true
[INFO] [stdout] # Blackhole mode: compiler (auto-detected, use -Djmh.blackhole.autoDetect=false to disable)
[INFO] [stdout] # Warmup: <none>
[INFO] [stdout] # Measurement: 1 iterations, 1 ms each
[INFO] [stdout] # Timeout: 30 min per iteration
[INFO] [stdout] # Threads: 1 thread, will synchronize iterations
[INFO] [stdout] # Benchmark mode: Average time, time/op
[INFO] [stdout] # Benchmark: org.weakref.nitro.tpcds.BenchmarkQueries.query40
[INFO] [stdout] 
[INFO] [stdout] # Run progress: 39.39% complete, ETA 00:01:57
[INFO] [stdout] # Fork: 1 of 1
[INFO] [stdout] WARNING: Using incubator modules: jdk.incubator.vector
[INFO] [stdout] WARNING: A terminally deprecated method in sun.misc.Unsafe has been called
[INFO] [stdout] WARNING: sun.misc.Unsafe::objectFieldOffset has been called by org.openjdk.jmh.util.Utils (file:/root/.m2/repository/org/openjdk/jmh/jmh-core/1.37/jmh-core-1.37.jar)
[INFO] [stdout] WARNING: Please consider reporting this to the maintainers of class org.openjdk.jmh.util.Utils
[INFO] [stdout] WARNING: sun.misc.Unsafe::objectFieldOffset will be removed in a future release
[INFO] [stdout] Iteration   1: WARNING: A restricted method in java.lang.foreign.SymbolLookup has been called
[INFO] [stdout] WARNING: java.lang.foreign.SymbolLookup::libraryLookup has been called by io.airlift.compress.v3.internal.NativeLoader in an unnamed module (file:/root/.m2/repository/io/airlift/aircompressor-v3/3.4/aircompressor-v3-3.4.jar)
[INFO] [stdout] WARNING: Use --enable-native-access=ALL-UNNAMED to avoid a warning for callers in this module
[INFO] [stdout] WARNING: Restricted methods will be blocked in a future release unless native access is enabled
[INFO] [stdout] 
[WARNING] [stderr] [versioned-dictionary-predicate] reused chunk=1 entries=101806
[INFO] [stdout] 544.277 ms/op
[INFO] [stdout] 
[INFO] [stdout] 
[INFO] [stdout] Result "org.weakref.nitro.tpcds.BenchmarkQueries.query40":
[INFO] [stdout]   544.277 ms/op
[INFO] [stdout] 
[INFO] [stdout] 
[INFO] [stdout] # JMH version: 1.37
[INFO] [stdout] # VM version: JDK 26.0.1, OpenJDK 64-Bit Server VM, 26.0.1+8
[INFO] [stdout] # VM invoker: /opt/java/openjdk/bin/java
[INFO] [stdout] # VM options: --enable-preview --add-modules=jdk.incubator.vector -Dnitro.clickbench.hits.path= -Xmx12g -XX:+UseTransparentHugePages -Dnitro.tpcds.parquet.path=/root/data/tpcds-parquet-sf10 -Dnitro.tpcds.parquet.schema=sf10 -Dnitro.debug.versionedDictionaryPredicates=true
[INFO] [stdout] # Blackhole mode: compiler (auto-detected, use -Djmh.blackhole.autoDetect=false to disable)
[INFO] [stdout] # Warmup: <none>
[INFO] [stdout] # Measurement: 1 iterations, 1 ms each
[INFO] [stdout] # Timeout: 30 min per iteration
[INFO] [stdout] # Threads: 1 thread, will synchronize iterations
[INFO] [stdout] # Benchmark mode: Average time, time/op
[INFO] [stdout] # Benchmark: org.weakref.nitro.tpcds.BenchmarkQueries.query41
[INFO] [stdout] 
[INFO] [stdout] # Run progress: 40.40% complete, ETA 00:01:53
[INFO] [stdout] # Fork: 1 of 1
[INFO] [stdout] WARNING: Using incubator modules: jdk.incubator.vector
[INFO] [stdout] WARNING: A terminally deprecated method in sun.misc.Unsafe has been called
[INFO] [stdout] WARNING: sun.misc.Unsafe::objectFieldOffset has been called by org.openjdk.jmh.util.Utils (file:/root/.m2/repository/org/openjdk/jmh/jmh-core/1.37/jmh-core-1.37.jar)
[INFO] [stdout] WARNING: Please consider reporting this to the maintainers of class org.openjdk.jmh.util.Utils
[INFO] [stdout] WARNING: sun.misc.Unsafe::objectFieldOffset will be removed in a future release
[INFO] [stdout] Iteration   1: WARNING: A restricted method in java.lang.foreign.SymbolLookup has been called
[INFO] [stdout] WARNING: java.lang.foreign.SymbolLookup::libraryLookup has been called by io.airlift.compress.v3.internal.NativeLoader in an unnamed module (file:/root/.m2/repository/io/airlift/aircompressor-v3/3.4/aircompressor-v3-3.4.jar)
[INFO] [stdout] WARNING: Use --enable-native-access=ALL-UNNAMED to avoid a warning for callers in this module
[INFO] [stdout] WARNING: Restricted methods will be blocked in a future release unless native access is enabled
[INFO] [stdout] 
[INFO] [stdout] 236.958 ms/op
[INFO] [stdout] 
[INFO] [stdout] 
[INFO] [stdout] Result "org.weakref.nitro.tpcds.BenchmarkQueries.query41":
[INFO] [stdout]   236.958 ms/op
[INFO] [stdout] 
[INFO] [stdout] 
[INFO] [stdout] # JMH version: 1.37
[INFO] [stdout] # VM version: JDK 26.0.1, OpenJDK 64-Bit Server VM, 26.0.1+8
[INFO] [stdout] # VM invoker: /opt/java/openjdk/bin/java
[INFO] [stdout] # VM options: --enable-preview --add-modules=jdk.incubator.vector -Dnitro.clickbench.hits.path= -Xmx12g -XX:+UseTransparentHugePages -Dnitro.tpcds.parquet.path=/root/data/tpcds-parquet-sf10 -Dnitro.tpcds.parquet.schema=sf10 -Dnitro.debug.versionedDictionaryPredicates=true
[INFO] [stdout] # Blackhole mode: compiler (auto-detected, use -Djmh.blackhole.autoDetect=false to disable)
[INFO] [stdout] # Warmup: <none>
[INFO] [stdout] # Measurement: 1 iterations, 1 ms each
[INFO] [stdout] # Timeout: 30 min per iteration
[INFO] [stdout] # Threads: 1 thread, will synchronize iterations
[INFO] [stdout] # Benchmark mode: Average time, time/op
[INFO] [stdout] # Benchmark: org.weakref.nitro.tpcds.BenchmarkQueries.query42
[INFO] [stdout] 
[INFO] [stdout] # Run progress: 41.41% complete, ETA 00:01:49
[INFO] [stdout] # Fork: 1 of 1
[INFO] [stdout] WARNING: Using incubator modules: jdk.incubator.vector
[INFO] [stdout] WARNING: A terminally deprecated method in sun.misc.Unsafe has been called
[INFO] [stdout] WARNING: sun.misc.Unsafe::objectFieldOffset has been called by org.openjdk.jmh.util.Utils (file:/root/.m2/repository/org/openjdk/jmh/jmh-core/1.37/jmh-core-1.37.jar)
[INFO] [stdout] WARNING: Please consider reporting this to the maintainers of class org.openjdk.jmh.util.Utils
[INFO] [stdout] WARNING: sun.misc.Unsafe::objectFieldOffset will be removed in a future release
[INFO] [stdout] Iteration   1: WARNING: A restricted method in java.lang.foreign.SymbolLookup has been called
[INFO] [stdout] WARNING: java.lang.foreign.SymbolLookup::libraryLookup has been called by io.airlift.compress.v3.internal.NativeLoader in an unnamed module (file:/root/.m2/repository/io/airlift/aircompressor-v3/3.4/aircompressor-v3-3.4.jar)
[INFO] [stdout] WARNING: Use --enable-native-access=ALL-UNNAMED to avoid a warning for callers in this module
[INFO] [stdout] WARNING: Restricted methods will be blocked in a future release unless native access is enabled
[INFO] [stdout] 
[WARNING] [stderr] [versioned-dictionary-predicate] reused chunk=6 entries=1823
[INFO] [stdout] 438.959 ms/op
[INFO] [stdout] 
[INFO] [stdout] 
[INFO] [stdout] Result "org.weakref.nitro.tpcds.BenchmarkQueries.query42":
[INFO] [stdout]   438.959 ms/op
[INFO] [stdout] 
[INFO] [stdout] 
[INFO] [stdout] # JMH version: 1.37
[INFO] [stdout] # VM version: JDK 26.0.1, OpenJDK 64-Bit Server VM, 26.0.1+8
[INFO] [stdout] # VM invoker: /opt/java/openjdk/bin/java
[INFO] [stdout] # VM options: --enable-preview --add-modules=jdk.incubator.vector -Dnitro.clickbench.hits.path= -Xmx12g -XX:+UseTransparentHugePages -Dnitro.tpcds.parquet.path=/root/data/tpcds-parquet-sf10 -Dnitro.tpcds.parquet.schema=sf10 -Dnitro.debug.versionedDictionaryPredicates=true
[INFO] [stdout] # Blackhole mode: compiler (auto-detected, use -Djmh.blackhole.autoDetect=false to disable)
[INFO] [stdout] # Warmup: <none>
[INFO] [stdout] # Measurement: 1 iterations, 1 ms each
[INFO] [stdout] # Timeout: 30 min per iteration
[INFO] [stdout] # Threads: 1 thread, will synchronize iterations
[INFO] [stdout] # Benchmark mode: Average time, time/op
[INFO] [stdout] # Benchmark: org.weakref.nitro.tpcds.BenchmarkQueries.query43
[INFO] [stdout] 
[INFO] [stdout] # Run progress: 42.42% complete, ETA 00:01:45
[INFO] [stdout] # Fork: 1 of 1
[INFO] [stdout] WARNING: Using incubator modules: jdk.incubator.vector
[INFO] [stdout] WARNING: A terminally deprecated method in sun.misc.Unsafe has been called
[INFO] [stdout] WARNING: sun.misc.Unsafe::objectFieldOffset has been called by org.openjdk.jmh.util.Utils (file:/root/.m2/repository/org/openjdk/jmh/jmh-core/1.37/jmh-core-1.37.jar)
[INFO] [stdout] WARNING: Please consider reporting this to the maintainers of class org.openjdk.jmh.util.Utils
[INFO] [stdout] WARNING: sun.misc.Unsafe::objectFieldOffset will be removed in a future release
[INFO] [stdout] Iteration   1: WARNING: A restricted method in java.lang.foreign.SymbolLookup has been called
[INFO] [stdout] WARNING: java.lang.foreign.SymbolLookup::libraryLookup has been called by io.airlift.compress.v3.internal.NativeLoader in an unnamed module (file:/root/.m2/repository/io/airlift/aircompressor-v3/3.4/aircompressor-v3-3.4.jar)
[INFO] [stdout] WARNING: Use --enable-native-access=ALL-UNNAMED to avoid a warning for callers in this module
[INFO] [stdout] WARNING: Restricted methods will be blocked in a future release unless native access is enabled
[INFO] [stdout] 
[WARNING] [stderr] [versioned-dictionary-predicate] reused chunk=6 entries=1823
[INFO] [stdout] 758.354 ms/op
[INFO] [stdout] 
[INFO] [stdout] 
[INFO] [stdout] Result "org.weakref.nitro.tpcds.BenchmarkQueries.query43":
[INFO] [stdout]   758.354 ms/op
[INFO] [stdout] 
[INFO] [stdout] 
[INFO] [stdout] # JMH version: 1.37
[INFO] [stdout] # VM version: JDK 26.0.1, OpenJDK 64-Bit Server VM, 26.0.1+8
[INFO] [stdout] # VM invoker: /opt/java/openjdk/bin/java
[INFO] [stdout] # VM options: --enable-preview --add-modules=jdk.incubator.vector -Dnitro.clickbench.hits.path= -Xmx12g -XX:+UseTransparentHugePages -Dnitro.tpcds.parquet.path=/root/data/tpcds-parquet-sf10 -Dnitro.tpcds.parquet.schema=sf10 -Dnitro.debug.versionedDictionaryPredicates=true
[INFO] [stdout] # Blackhole mode: compiler (auto-detected, use -Djmh.blackhole.autoDetect=false to disable)
[INFO] [stdout] # Warmup: <none>
[INFO] [stdout] # Measurement: 1 iterations, 1 ms each
[INFO] [stdout] # Timeout: 30 min per iteration
[INFO] [stdout] # Threads: 1 thread, will synchronize iterations
[INFO] [stdout] # Benchmark mode: Average time, time/op
[INFO] [stdout] # Benchmark: org.weakref.nitro.tpcds.BenchmarkQueries.query44
[INFO] [stdout] 
[INFO] [stdout] # Run progress: 43.43% complete, ETA 00:01:42
[INFO] [stdout] # Fork: 1 of 1
[INFO] [stdout] WARNING: Using incubator modules: jdk.incubator.vector
[INFO] [stdout] WARNING: A terminally deprecated method in sun.misc.Unsafe has been called
[INFO] [stdout] WARNING: sun.misc.Unsafe::objectFieldOffset has been called by org.openjdk.jmh.util.Utils (file:/root/.m2/repository/org/openjdk/jmh/jmh-core/1.37/jmh-core-1.37.jar)
[INFO] [stdout] WARNING: Please consider reporting this to the maintainers of class org.openjdk.jmh.util.Utils
[INFO] [stdout] WARNING: sun.misc.Unsafe::objectFieldOffset will be removed in a future release
[INFO] [stdout] Iteration   1: WARNING: A restricted method in java.lang.foreign.SymbolLookup has been called
[INFO] [stdout] WARNING: java.lang.foreign.SymbolLookup::libraryLookup has been called by io.airlift.compress.v3.internal.NativeLoader in an unnamed module (file:/root/.m2/repository/io/airlift/aircompressor-v3/3.4/aircompressor-v3-3.4.jar)
[INFO] [stdout] WARNING: Use --enable-native-access=ALL-UNNAMED to avoid a warning for callers in this module
[INFO] [stdout] WARNING: Restricted methods will be blocked in a future release unless native access is enabled
[INFO] [stdout] 
[WARNING] [stderr] [versioned-dictionary-predicate] reused chunk=6 entries=51
[WARNING] [stderr] [versioned-dictionary-predicate] reused chunk=6 entries=51
[INFO] [stdout] 1205.367 ms/op
[INFO] [stdout] 
[INFO] [stdout] 
[INFO] [stdout] Result "org.weakref.nitro.tpcds.BenchmarkQueries.query44":
[INFO] [stdout]   1205.367 ms/op
[INFO] [stdout] 
[INFO] [stdout] 
[INFO] [stdout] # JMH version: 1.37
[INFO] [stdout] # VM version: JDK 26.0.1, OpenJDK 64-Bit Server VM, 26.0.1+8
[INFO] [stdout] # VM invoker: /opt/java/openjdk/bin/java
[INFO] [stdout] # VM options: --enable-preview --add-modules=jdk.incubator.vector -Dnitro.clickbench.hits.path= -Xmx12g -XX:+UseTransparentHugePages -Dnitro.tpcds.parquet.path=/root/data/tpcds-parquet-sf10 -Dnitro.tpcds.parquet.schema=sf10 -Dnitro.debug.versionedDictionaryPredicates=true
[INFO] [stdout] # Blackhole mode: compiler (auto-detected, use -Djmh.blackhole.autoDetect=false to disable)
[INFO] [stdout] # Warmup: <none>
[INFO] [stdout] # Measurement: 1 iterations, 1 ms each
[INFO] [stdout] # Timeout: 30 min per iteration
[INFO] [stdout] # Threads: 1 thread, will synchronize iterations
[INFO] [stdout] # Benchmark mode: Average time, time/op
[INFO] [stdout] # Benchmark: org.weakref.nitro.tpcds.BenchmarkQueries.query45
[INFO] [stdout] 
[INFO] [stdout] # Run progress: 44.44% complete, ETA 00:01:40
[INFO] [stdout] # Fork: 1 of 1
[INFO] [stdout] WARNING: Using incubator modules: jdk.incubator.vector
[INFO] [stdout] WARNING: A terminally deprecated method in sun.misc.Unsafe has been called
[INFO] [stdout] WARNING: sun.misc.Unsafe::objectFieldOffset has been called by org.openjdk.jmh.util.Utils (file:/root/.m2/repository/org/openjdk/jmh/jmh-core/1.37/jmh-core-1.37.jar)
[INFO] [stdout] WARNING: Please consider reporting this to the maintainers of class org.openjdk.jmh.util.Utils
[INFO] [stdout] WARNING: sun.misc.Unsafe::objectFieldOffset will be removed in a future release
[INFO] [stdout] Iteration   1: WARNING: A restricted method in java.lang.foreign.SymbolLookup has been called
[INFO] [stdout] WARNING: java.lang.foreign.SymbolLookup::libraryLookup has been called by io.airlift.compress.v3.internal.NativeLoader in an unnamed module (file:/root/.m2/repository/io/airlift/aircompressor-v3/3.4/aircompressor-v3-3.4.jar)
[INFO] [stdout] WARNING: Use --enable-native-access=ALL-UNNAMED to avoid a warning for callers in this module
[INFO] [stdout] WARNING: Restricted methods will be blocked in a future release unless native access is enabled
[INFO] [stdout] 
[WARNING] [stderr] [versioned-dictionary-predicate] reused chunk=0 entries=1823
[INFO] [stdout] 474.691 ms/op
[INFO] [stdout] 
[INFO] [stdout] 
[INFO] [stdout] Result "org.weakref.nitro.tpcds.BenchmarkQueries.query45":
[INFO] [stdout]   474.691 ms/op
[INFO] [stdout] 
[INFO] [stdout] 
[INFO] [stdout] # JMH version: 1.37
[INFO] [stdout] # VM version: JDK 26.0.1, OpenJDK 64-Bit Server VM, 26.0.1+8
[INFO] [stdout] # VM invoker: /opt/java/openjdk/bin/java
[INFO] [stdout] # VM options: --enable-preview --add-modules=jdk.incubator.vector -Dnitro.clickbench.hits.path= -Xmx12g -XX:+UseTransparentHugePages -Dnitro.tpcds.parquet.path=/root/data/tpcds-parquet-sf10 -Dnitro.tpcds.parquet.schema=sf10 -Dnitro.debug.versionedDictionaryPredicates=true
[INFO] [stdout] # Blackhole mode: compiler (auto-detected, use -Djmh.blackhole.autoDetect=false to disable)
[INFO] [stdout] # Warmup: <none>
[INFO] [stdout] # Measurement: 1 iterations, 1 ms each
[INFO] [stdout] # Timeout: 30 min per iteration
[INFO] [stdout] # Threads: 1 thread, will synchronize iterations
[INFO] [stdout] # Benchmark mode: Average time, time/op
[INFO] [stdout] # Benchmark: org.weakref.nitro.tpcds.BenchmarkQueries.query46
[INFO] [stdout] 
[INFO] [stdout] # Run progress: 45.45% complete, ETA 00:01:36
[INFO] [stdout] # Fork: 1 of 1
[INFO] [stdout] WARNING: Using incubator modules: jdk.incubator.vector
[INFO] [stdout] WARNING: A terminally deprecated method in sun.misc.Unsafe has been called
[INFO] [stdout] WARNING: sun.misc.Unsafe::objectFieldOffset has been called by org.openjdk.jmh.util.Utils (file:/root/.m2/repository/org/openjdk/jmh/jmh-core/1.37/jmh-core-1.37.jar)
[INFO] [stdout] WARNING: Please consider reporting this to the maintainers of class org.openjdk.jmh.util.Utils
[INFO] [stdout] WARNING: sun.misc.Unsafe::objectFieldOffset will be removed in a future release
[INFO] [stdout] Iteration   1: WARNING: A restricted method in java.lang.foreign.SymbolLookup has been called
[INFO] [stdout] WARNING: java.lang.foreign.SymbolLookup::libraryLookup has been called by io.airlift.compress.v3.internal.NativeLoader in an unnamed module (file:/root/.m2/repository/io/airlift/aircompressor-v3/3.4/aircompressor-v3-3.4.jar)
[INFO] [stdout] WARNING: Use --enable-native-access=ALL-UNNAMED to avoid a warning for callers in this module
[INFO] [stdout] WARNING: Restricted methods will be blocked in a future release unless native access is enabled
[INFO] [stdout] 
[WARNING] [stderr] [versioned-dictionary-predicate] reused chunk=0 entries=1823
[INFO] [stdout] 1071.165 ms/op
[INFO] [stdout] 
[INFO] [stdout] 
[INFO] [stdout] Result "org.weakref.nitro.tpcds.BenchmarkQueries.query46":
[INFO] [stdout]   1071.165 ms/op
[INFO] [stdout] 
[INFO] [stdout] 
[INFO] [stdout] # JMH version: 1.37
[INFO] [stdout] # VM version: JDK 26.0.1, OpenJDK 64-Bit Server VM, 26.0.1+8
[INFO] [stdout] # VM invoker: /opt/java/openjdk/bin/java
[INFO] [stdout] # VM options: --enable-preview --add-modules=jdk.incubator.vector -Dnitro.clickbench.hits.path= -Xmx12g -XX:+UseTransparentHugePages -Dnitro.tpcds.parquet.path=/root/data/tpcds-parquet-sf10 -Dnitro.tpcds.parquet.schema=sf10 -Dnitro.debug.versionedDictionaryPredicates=true
[INFO] [stdout] # Blackhole mode: compiler (auto-detected, use -Djmh.blackhole.autoDetect=false to disable)
[INFO] [stdout] # Warmup: <none>
[INFO] [stdout] # Measurement: 1 iterations, 1 ms each
[INFO] [stdout] # Timeout: 30 min per iteration
[INFO] [stdout] # Threads: 1 thread, will synchronize iterations
[INFO] [stdout] # Benchmark mode: Average time, time/op
[INFO] [stdout] # Benchmark: org.weakref.nitro.tpcds.BenchmarkQueries.query47
[INFO] [stdout] 
[INFO] [stdout] # Run progress: 46.46% complete, ETA 00:01:34
[INFO] [stdout] # Fork: 1 of 1
[INFO] [stdout] WARNING: Using incubator modules: jdk.incubator.vector
[INFO] [stdout] WARNING: A terminally deprecated method in sun.misc.Unsafe has been called
[INFO] [stdout] WARNING: sun.misc.Unsafe::objectFieldOffset has been called by org.openjdk.jmh.util.Utils (file:/root/.m2/repository/org/openjdk/jmh/jmh-core/1.37/jmh-core-1.37.jar)
[INFO] [stdout] WARNING: Please consider reporting this to the maintainers of class org.openjdk.jmh.util.Utils
[INFO] [stdout] WARNING: sun.misc.Unsafe::objectFieldOffset will be removed in a future release
[INFO] [stdout] Iteration   1: WARNING: A restricted method in java.lang.foreign.SymbolLookup has been called
[INFO] [stdout] WARNING: java.lang.foreign.SymbolLookup::libraryLookup has been called by io.airlift.compress.v3.internal.NativeLoader in an unnamed module (file:/root/.m2/repository/io/airlift/aircompressor-v3/3.4/aircompressor-v3-3.4.jar)
[INFO] [stdout] WARNING: Use --enable-native-access=ALL-UNNAMED to avoid a warning for callers in this module
[INFO] [stdout] WARNING: Restricted methods will be blocked in a future release unless native access is enabled
[INFO] [stdout] 
[WARNING] [stderr] [versioned-dictionary-predicate] reused chunk=0 entries=1823
[WARNING] [stderr] [versioned-dictionary-predicate] reused chunk=0 entries=1823
[WARNING] [stderr] [versioned-dictionary-predicate] reused chunk=0 entries=1823
[INFO] [stdout] 4302.398 ms/op
[INFO] [stdout] 
[INFO] [stdout] 
[INFO] [stdout] Result "org.weakref.nitro.tpcds.BenchmarkQueries.query47":
[INFO] [stdout]   4302.398 ms/op
[INFO] [stdout] 
[INFO] [stdout] 
[INFO] [stdout] # JMH version: 1.37
[INFO] [stdout] # VM version: JDK 26.0.1, OpenJDK 64-Bit Server VM, 26.0.1+8
[INFO] [stdout] # VM invoker: /opt/java/openjdk/bin/java
[INFO] [stdout] # VM options: --enable-preview --add-modules=jdk.incubator.vector -Dnitro.clickbench.hits.path= -Xmx12g -XX:+UseTransparentHugePages -Dnitro.tpcds.parquet.path=/root/data/tpcds-parquet-sf10 -Dnitro.tpcds.parquet.schema=sf10 -Dnitro.debug.versionedDictionaryPredicates=true
[INFO] [stdout] # Blackhole mode: compiler (auto-detected, use -Djmh.blackhole.autoDetect=false to disable)
[INFO] [stdout] # Warmup: <none>
[INFO] [stdout] # Measurement: 1 iterations, 1 ms each
[INFO] [stdout] # Timeout: 30 min per iteration
[INFO] [stdout] # Threads: 1 thread, will synchronize iterations
[INFO] [stdout] # Benchmark mode: Average time, time/op
[INFO] [stdout] # Benchmark: org.weakref.nitro.tpcds.BenchmarkQueries.query48
[INFO] [stdout] 
[INFO] [stdout] # Run progress: 47.47% complete, ETA 00:01:35
[INFO] [stdout] # Fork: 1 of 1
[INFO] [stdout] WARNING: Using incubator modules: jdk.incubator.vector
[INFO] [stdout] WARNING: A terminally deprecated method in sun.misc.Unsafe has been called
[INFO] [stdout] WARNING: sun.misc.Unsafe::objectFieldOffset has been called by org.openjdk.jmh.util.Utils (file:/root/.m2/repository/org/openjdk/jmh/jmh-core/1.37/jmh-core-1.37.jar)
[INFO] [stdout] WARNING: Please consider reporting this to the maintainers of class org.openjdk.jmh.util.Utils
[INFO] [stdout] WARNING: sun.misc.Unsafe::objectFieldOffset will be removed in a future release
[INFO] [stdout] Iteration   1: WARNING: A restricted method in java.lang.foreign.SymbolLookup has been called
[INFO] [stdout] WARNING: java.lang.foreign.SymbolLookup::libraryLookup has been called by io.airlift.compress.v3.internal.NativeLoader in an unnamed module (file:/root/.m2/repository/io/airlift/aircompressor-v3/3.4/aircompressor-v3-3.4.jar)
[INFO] [stdout] WARNING: Use --enable-native-access=ALL-UNNAMED to avoid a warning for callers in this module
[INFO] [stdout] WARNING: Restricted methods will be blocked in a future release unless native access is enabled
[INFO] [stdout] 
[WARNING] [stderr] [versioned-dictionary-predicate] reused chunk=0 entries=1823
[INFO] [stdout] 2261.066 ms/op
[INFO] [stdout] 
[INFO] [stdout] 
[INFO] [stdout] Result "org.weakref.nitro.tpcds.BenchmarkQueries.query48":
[INFO] [stdout]   2261.066 ms/op
[INFO] [stdout] 
[INFO] [stdout] 
[INFO] [stdout] # JMH version: 1.37
[INFO] [stdout] # VM version: JDK 26.0.1, OpenJDK 64-Bit Server VM, 26.0.1+8
[INFO] [stdout] # VM invoker: /opt/java/openjdk/bin/java
[INFO] [stdout] # VM options: --enable-preview --add-modules=jdk.incubator.vector -Dnitro.clickbench.hits.path= -Xmx12g -XX:+UseTransparentHugePages -Dnitro.tpcds.parquet.path=/root/data/tpcds-parquet-sf10 -Dnitro.tpcds.parquet.schema=sf10 -Dnitro.debug.versionedDictionaryPredicates=true
[INFO] [stdout] # Blackhole mode: compiler (auto-detected, use -Djmh.blackhole.autoDetect=false to disable)
[INFO] [stdout] # Warmup: <none>
[INFO] [stdout] # Measurement: 1 iterations, 1 ms each
[INFO] [stdout] # Timeout: 30 min per iteration
[INFO] [stdout] # Threads: 1 thread, will synchronize iterations
[INFO] [stdout] # Benchmark mode: Average time, time/op
[INFO] [stdout] # Benchmark: org.weakref.nitro.tpcds.BenchmarkQueries.query49
[INFO] [stdout] 
[INFO] [stdout] # Run progress: 48.48% complete, ETA 00:01:34
[INFO] [stdout] # Fork: 1 of 1
[INFO] [stdout] WARNING: Using incubator modules: jdk.incubator.vector
[INFO] [stdout] WARNING: A terminally deprecated method in sun.misc.Unsafe has been called
[INFO] [stdout] WARNING: sun.misc.Unsafe::objectFieldOffset has been called by org.openjdk.jmh.util.Utils (file:/root/.m2/repository/org/openjdk/jmh/jmh-core/1.37/jmh-core-1.37.jar)
[INFO] [stdout] WARNING: Please consider reporting this to the maintainers of class org.openjdk.jmh.util.Utils
[INFO] [stdout] WARNING: sun.misc.Unsafe::objectFieldOffset will be removed in a future release
[INFO] [stdout] Iteration   1: WARNING: A restricted method in java.lang.foreign.SymbolLookup has been called
[INFO] [stdout] WARNING: java.lang.foreign.SymbolLookup::libraryLookup has been called by io.airlift.compress.v3.internal.NativeLoader in an unnamed module (file:/root/.m2/repository/io/airlift/aircompressor-v3/3.4/aircompressor-v3-3.4.jar)
[INFO] [stdout] WARNING: Use --enable-native-access=ALL-UNNAMED to avoid a warning for callers in this module
[INFO] [stdout] WARNING: Restricted methods will be blocked in a future release unless native access is enabled
[INFO] [stdout] 
[WARNING] [stderr] [versioned-dictionary-predicate] reused chunk=0 entries=129233
[WARNING] [stderr] [versioned-dictionary-predicate] reused chunk=1 entries=124925
[WARNING] [stderr] [versioned-dictionary-predicate] reused chunk=0 entries=130279
[INFO] [stdout] 896.377 ms/op
[INFO] [stdout] 
[INFO] [stdout] 
[INFO] [stdout] Result "org.weakref.nitro.tpcds.BenchmarkQueries.query49":
[INFO] [stdout]   896.377 ms/op
[INFO] [stdout] 
[INFO] [stdout] 
[INFO] [stdout] # JMH version: 1.37
[INFO] [stdout] # VM version: JDK 26.0.1, OpenJDK 64-Bit Server VM, 26.0.1+8
[INFO] [stdout] # VM invoker: /opt/java/openjdk/bin/java
[INFO] [stdout] # VM options: --enable-preview --add-modules=jdk.incubator.vector -Dnitro.clickbench.hits.path= -Xmx12g -XX:+UseTransparentHugePages -Dnitro.tpcds.parquet.path=/root/data/tpcds-parquet-sf10 -Dnitro.tpcds.parquet.schema=sf10 -Dnitro.debug.versionedDictionaryPredicates=true
[INFO] [stdout] # Blackhole mode: compiler (auto-detected, use -Djmh.blackhole.autoDetect=false to disable)
[INFO] [stdout] # Warmup: <none>
[INFO] [stdout] # Measurement: 1 iterations, 1 ms each
[INFO] [stdout] # Timeout: 30 min per iteration
[INFO] [stdout] # Threads: 1 thread, will synchronize iterations
[INFO] [stdout] # Benchmark mode: Average time, time/op
[INFO] [stdout] # Benchmark: org.weakref.nitro.tpcds.BenchmarkQueries.query50
[INFO] [stdout] 
[INFO] [stdout] # Run progress: 49.49% complete, ETA 00:01:31
[INFO] [stdout] # Fork: 1 of 1
[INFO] [stdout] WARNING: Using incubator modules: jdk.incubator.vector
[INFO] [stdout] WARNING: A terminally deprecated method in sun.misc.Unsafe has been called
[INFO] [stdout] WARNING: sun.misc.Unsafe::objectFieldOffset has been called by org.openjdk.jmh.util.Utils (file:/root/.m2/repository/org/openjdk/jmh/jmh-core/1.37/jmh-core-1.37.jar)
[INFO] [stdout] WARNING: Please consider reporting this to the maintainers of class org.openjdk.jmh.util.Utils
[INFO] [stdout] WARNING: sun.misc.Unsafe::objectFieldOffset will be removed in a future release
[INFO] [stdout] Iteration   1: WARNING: A restricted method in java.lang.foreign.SymbolLookup has been called
[INFO] [stdout] WARNING: java.lang.foreign.SymbolLookup::libraryLookup has been called by io.airlift.compress.v3.internal.NativeLoader in an unnamed module (file:/root/.m2/repository/io/airlift/aircompressor-v3/3.4/aircompressor-v3-3.4.jar)
[INFO] [stdout] WARNING: Use --enable-native-access=ALL-UNNAMED to avoid a warning for callers in this module
[INFO] [stdout] WARNING: Restricted methods will be blocked in a future release unless native access is enabled
[INFO] [stdout] 
[INFO] [stdout] 2164.840 ms/op
[INFO] [stdout] 
[INFO] [stdout] 
[INFO] [stdout] Result "org.weakref.nitro.tpcds.BenchmarkQueries.query50":
[INFO] [stdout]   2164.840 ms/op
[INFO] [stdout] 
[INFO] [stdout] 
[INFO] [stdout] # JMH version: 1.37
[INFO] [stdout] # VM version: JDK 26.0.1, OpenJDK 64-Bit Server VM, 26.0.1+8
[INFO] [stdout] # VM invoker: /opt/java/openjdk/bin/java
[INFO] [stdout] # VM options: --enable-preview --add-modules=jdk.incubator.vector -Dnitro.clickbench.hits.path= -Xmx12g -XX:+UseTransparentHugePages -Dnitro.tpcds.parquet.path=/root/data/tpcds-parquet-sf10 -Dnitro.tpcds.parquet.schema=sf10 -Dnitro.debug.versionedDictionaryPredicates=true
[INFO] [stdout] # Blackhole mode: compiler (auto-detected, use -Djmh.blackhole.autoDetect=false to disable)
[INFO] [stdout] # Warmup: <none>
[INFO] [stdout] # Measurement: 1 iterations, 1 ms each
[INFO] [stdout] # Timeout: 30 min per iteration
[INFO] [stdout] # Threads: 1 thread, will synchronize iterations
[INFO] [stdout] # Benchmark mode: Average time, time/op
[INFO] [stdout] # Benchmark: org.weakref.nitro.tpcds.BenchmarkQueries.query51
[INFO] [stdout] 
[INFO] [stdout] # Run progress: 50.51% complete, ETA 00:01:30
[INFO] [stdout] # Fork: 1 of 1
[INFO] [stdout] WARNING: Using incubator modules: jdk.incubator.vector
[INFO] [stdout] WARNING: A terminally deprecated method in sun.misc.Unsafe has been called
[INFO] [stdout] WARNING: sun.misc.Unsafe::objectFieldOffset has been called by org.openjdk.jmh.util.Utils (file:/root/.m2/repository/org/openjdk/jmh/jmh-core/1.37/jmh-core-1.37.jar)
[INFO] [stdout] WARNING: Please consider reporting this to the maintainers of class org.openjdk.jmh.util.Utils
[INFO] [stdout] WARNING: sun.misc.Unsafe::objectFieldOffset will be removed in a future release
[INFO] [stdout] Iteration   1: WARNING: A restricted method in java.lang.foreign.SymbolLookup has been called
[INFO] [stdout] WARNING: java.lang.foreign.SymbolLookup::libraryLookup has been called by io.airlift.compress.v3.internal.NativeLoader in an unnamed module (file:/root/.m2/repository/io/airlift/aircompressor-v3/3.4/aircompressor-v3-3.4.jar)
[INFO] [stdout] WARNING: Use --enable-native-access=ALL-UNNAMED to avoid a warning for callers in this module
[INFO] [stdout] WARNING: Restricted methods will be blocked in a future release unless native access is enabled
[INFO] [stdout] 
[WARNING] [stderr] [versioned-dictionary-predicate] reused chunk=6 entries=1823
[INFO] [stdout] 1975.515 ms/op
[INFO] [stdout] 
[INFO] [stdout] 
[INFO] [stdout] Result "org.weakref.nitro.tpcds.BenchmarkQueries.query51":
[INFO] [stdout]   1975.515 ms/op
[INFO] [stdout] 
[INFO] [stdout] 
[INFO] [stdout] # JMH version: 1.37
[INFO] [stdout] # VM version: JDK 26.0.1, OpenJDK 64-Bit Server VM, 26.0.1+8
[INFO] [stdout] # VM invoker: /opt/java/openjdk/bin/java
[INFO] [stdout] # VM options: --enable-preview --add-modules=jdk.incubator.vector -Dnitro.clickbench.hits.path= -Xmx12g -XX:+UseTransparentHugePages -Dnitro.tpcds.parquet.path=/root/data/tpcds-parquet-sf10 -Dnitro.tpcds.parquet.schema=sf10 -Dnitro.debug.versionedDictionaryPredicates=true
[INFO] [stdout] # Blackhole mode: compiler (auto-detected, use -Djmh.blackhole.autoDetect=false to disable)
[INFO] [stdout] # Warmup: <none>
[INFO] [stdout] # Measurement: 1 iterations, 1 ms each
[INFO] [stdout] # Timeout: 30 min per iteration
[INFO] [stdout] # Threads: 1 thread, will synchronize iterations
[INFO] [stdout] # Benchmark mode: Average time, time/op
[INFO] [stdout] # Benchmark: org.weakref.nitro.tpcds.BenchmarkQueries.query52
[INFO] [stdout] 
[INFO] [stdout] # Run progress: 51.52% complete, ETA 00:01:28
[INFO] [stdout] # Fork: 1 of 1
[INFO] [stdout] WARNING: Using incubator modules: jdk.incubator.vector
[INFO] [stdout] WARNING: A terminally deprecated method in sun.misc.Unsafe has been called
[INFO] [stdout] WARNING: sun.misc.Unsafe::objectFieldOffset has been called by org.openjdk.jmh.util.Utils (file:/root/.m2/repository/org/openjdk/jmh/jmh-core/1.37/jmh-core-1.37.jar)
[INFO] [stdout] WARNING: Please consider reporting this to the maintainers of class org.openjdk.jmh.util.Utils
[INFO] [stdout] WARNING: sun.misc.Unsafe::objectFieldOffset will be removed in a future release
[INFO] [stdout] Iteration   1: WARNING: A restricted method in java.lang.foreign.SymbolLookup has been called
[INFO] [stdout] WARNING: java.lang.foreign.SymbolLookup::libraryLookup has been called by io.airlift.compress.v3.internal.NativeLoader in an unnamed module (file:/root/.m2/repository/io/airlift/aircompressor-v3/3.4/aircompressor-v3-3.4.jar)
[INFO] [stdout] WARNING: Use --enable-native-access=ALL-UNNAMED to avoid a warning for callers in this module
[INFO] [stdout] WARNING: Restricted methods will be blocked in a future release unless native access is enabled
[INFO] [stdout] 
[WARNING] [stderr] [versioned-dictionary-predicate] reused chunk=6 entries=1823
[INFO] [stdout] 453.611 ms/op
[INFO] [stdout] 
[INFO] [stdout] 
[INFO] [stdout] Result "org.weakref.nitro.tpcds.BenchmarkQueries.query52":
[INFO] [stdout]   453.611 ms/op
[INFO] [stdout] 
[INFO] [stdout] 
[INFO] [stdout] # JMH version: 1.37
[INFO] [stdout] # VM version: JDK 26.0.1, OpenJDK 64-Bit Server VM, 26.0.1+8
[INFO] [stdout] # VM invoker: /opt/java/openjdk/bin/java
[INFO] [stdout] # VM options: --enable-preview --add-modules=jdk.incubator.vector -Dnitro.clickbench.hits.path= -Xmx12g -XX:+UseTransparentHugePages -Dnitro.tpcds.parquet.path=/root/data/tpcds-parquet-sf10 -Dnitro.tpcds.parquet.schema=sf10 -Dnitro.debug.versionedDictionaryPredicates=true
[INFO] [stdout] # Blackhole mode: compiler (auto-detected, use -Djmh.blackhole.autoDetect=false to disable)
[INFO] [stdout] # Warmup: <none>
[INFO] [stdout] # Measurement: 1 iterations, 1 ms each
[INFO] [stdout] # Timeout: 30 min per iteration
[INFO] [stdout] # Threads: 1 thread, will synchronize iterations
[INFO] [stdout] # Benchmark mode: Average time, time/op
[INFO] [stdout] # Benchmark: org.weakref.nitro.tpcds.BenchmarkQueries.query53
[INFO] [stdout] 
[INFO] [stdout] # Run progress: 52.53% complete, ETA 00:01:25
[INFO] [stdout] # Fork: 1 of 1
[INFO] [stdout] WARNING: Using incubator modules: jdk.incubator.vector
[INFO] [stdout] WARNING: A terminally deprecated method in sun.misc.Unsafe has been called
[INFO] [stdout] WARNING: sun.misc.Unsafe::objectFieldOffset has been called by org.openjdk.jmh.util.Utils (file:/root/.m2/repository/org/openjdk/jmh/jmh-core/1.37/jmh-core-1.37.jar)
[INFO] [stdout] WARNING: Please consider reporting this to the maintainers of class org.openjdk.jmh.util.Utils
[INFO] [stdout] WARNING: sun.misc.Unsafe::objectFieldOffset will be removed in a future release
[INFO] [stdout] Iteration   1: WARNING: A restricted method in java.lang.foreign.SymbolLookup has been called
[INFO] [stdout] WARNING: java.lang.foreign.SymbolLookup::libraryLookup has been called by io.airlift.compress.v3.internal.NativeLoader in an unnamed module (file:/root/.m2/repository/io/airlift/aircompressor-v3/3.4/aircompressor-v3-3.4.jar)
[INFO] [stdout] WARNING: Use --enable-native-access=ALL-UNNAMED to avoid a warning for callers in this module
[INFO] [stdout] WARNING: Restricted methods will be blocked in a future release unless native access is enabled
[INFO] [stdout] 
[WARNING] [stderr] [versioned-dictionary-predicate] reused chunk=0 entries=102000
[INFO] [stdout] 597.455 ms/op
[INFO] [stdout] 
[INFO] [stdout] 
[INFO] [stdout] Result "org.weakref.nitro.tpcds.BenchmarkQueries.query53":
[INFO] [stdout]   597.455 ms/op
[INFO] [stdout] 
[INFO] [stdout] 
[INFO] [stdout] # JMH version: 1.37
[INFO] [stdout] # VM version: JDK 26.0.1, OpenJDK 64-Bit Server VM, 26.0.1+8
[INFO] [stdout] # VM invoker: /opt/java/openjdk/bin/java
[INFO] [stdout] # VM options: --enable-preview --add-modules=jdk.incubator.vector -Dnitro.clickbench.hits.path= -Xmx12g -XX:+UseTransparentHugePages -Dnitro.tpcds.parquet.path=/root/data/tpcds-parquet-sf10 -Dnitro.tpcds.parquet.schema=sf10 -Dnitro.debug.versionedDictionaryPredicates=true
[INFO] [stdout] # Blackhole mode: compiler (auto-detected, use -Djmh.blackhole.autoDetect=false to disable)
[INFO] [stdout] # Warmup: <none>
[INFO] [stdout] # Measurement: 1 iterations, 1 ms each
[INFO] [stdout] # Timeout: 30 min per iteration
[INFO] [stdout] # Threads: 1 thread, will synchronize iterations
[INFO] [stdout] # Benchmark mode: Average time, time/op
[INFO] [stdout] # Benchmark: org.weakref.nitro.tpcds.BenchmarkQueries.query54
[INFO] [stdout] 
[INFO] [stdout] # Run progress: 53.54% complete, ETA 00:01:23
[INFO] [stdout] # Fork: 1 of 1
[INFO] [stdout] WARNING: Using incubator modules: jdk.incubator.vector
[INFO] [stdout] WARNING: A terminally deprecated method in sun.misc.Unsafe has been called
[INFO] [stdout] WARNING: sun.misc.Unsafe::objectFieldOffset has been called by org.openjdk.jmh.util.Utils (file:/root/.m2/repository/org/openjdk/jmh/jmh-core/1.37/jmh-core-1.37.jar)
[INFO] [stdout] WARNING: Please consider reporting this to the maintainers of class org.openjdk.jmh.util.Utils
[INFO] [stdout] WARNING: sun.misc.Unsafe::objectFieldOffset will be removed in a future release
[INFO] [stdout] Iteration   1: WARNING: A restricted method in java.lang.foreign.SymbolLookup has been called
[INFO] [stdout] WARNING: java.lang.foreign.SymbolLookup::libraryLookup has been called by io.airlift.compress.v3.internal.NativeLoader in an unnamed module (file:/root/.m2/repository/io/airlift/aircompressor-v3/3.4/aircompressor-v3-3.4.jar)
[INFO] [stdout] WARNING: Use --enable-native-access=ALL-UNNAMED to avoid a warning for callers in this module
[INFO] [stdout] WARNING: Restricted methods will be blocked in a future release unless native access is enabled
[INFO] [stdout] 
[WARNING] [stderr] [versioned-dictionary-predicate] reused chunk=6 entries=129358
[INFO] [stdout] 995.869 ms/op
[INFO] [stdout] 
[INFO] [stdout] 
[INFO] [stdout] Result "org.weakref.nitro.tpcds.BenchmarkQueries.query54":
[INFO] [stdout]   995.869 ms/op
[INFO] [stdout] 
[INFO] [stdout] 
[INFO] [stdout] # JMH version: 1.37
[INFO] [stdout] # VM version: JDK 26.0.1, OpenJDK 64-Bit Server VM, 26.0.1+8
[INFO] [stdout] # VM invoker: /opt/java/openjdk/bin/java
[INFO] [stdout] # VM options: --enable-preview --add-modules=jdk.incubator.vector -Dnitro.clickbench.hits.path= -Xmx12g -XX:+UseTransparentHugePages -Dnitro.tpcds.parquet.path=/root/data/tpcds-parquet-sf10 -Dnitro.tpcds.parquet.schema=sf10 -Dnitro.debug.versionedDictionaryPredicates=true
[INFO] [stdout] # Blackhole mode: compiler (auto-detected, use -Djmh.blackhole.autoDetect=false to disable)
[INFO] [stdout] # Warmup: <none>
[INFO] [stdout] # Measurement: 1 iterations, 1 ms each
[INFO] [stdout] # Timeout: 30 min per iteration
[INFO] [stdout] # Threads: 1 thread, will synchronize iterations
[INFO] [stdout] # Benchmark mode: Average time, time/op
[INFO] [stdout] # Benchmark: org.weakref.nitro.tpcds.BenchmarkQueries.query55
[INFO] [stdout] 
[INFO] [stdout] # Run progress: 54.55% complete, ETA 00:01:20
[INFO] [stdout] # Fork: 1 of 1
[INFO] [stdout] WARNING: Using incubator modules: jdk.incubator.vector
[INFO] [stdout] WARNING: A terminally deprecated method in sun.misc.Unsafe has been called
[INFO] [stdout] WARNING: sun.misc.Unsafe::objectFieldOffset has been called by org.openjdk.jmh.util.Utils (file:/root/.m2/repository/org/openjdk/jmh/jmh-core/1.37/jmh-core-1.37.jar)
[INFO] [stdout] WARNING: Please consider reporting this to the maintainers of class org.openjdk.jmh.util.Utils
[INFO] [stdout] WARNING: sun.misc.Unsafe::objectFieldOffset will be removed in a future release
[INFO] [stdout] Iteration   1: WARNING: A restricted method in java.lang.foreign.SymbolLookup has been called
[INFO] [stdout] WARNING: java.lang.foreign.SymbolLookup::libraryLookup has been called by io.airlift.compress.v3.internal.NativeLoader in an unnamed module (file:/root/.m2/repository/io/airlift/aircompressor-v3/3.4/aircompressor-v3-3.4.jar)
[INFO] [stdout] WARNING: Use --enable-native-access=ALL-UNNAMED to avoid a warning for callers in this module
[INFO] [stdout] WARNING: Restricted methods will be blocked in a future release unless native access is enabled
[INFO] [stdout] 
[WARNING] [stderr] [versioned-dictionary-predicate] reused chunk=6 entries=1823
[INFO] [stdout] 463.138 ms/op
[INFO] [stdout] 
[INFO] [stdout] 
[INFO] [stdout] Result "org.weakref.nitro.tpcds.BenchmarkQueries.query55":
[INFO] [stdout]   463.138 ms/op
[INFO] [stdout] 
[INFO] [stdout] 
[INFO] [stdout] # JMH version: 1.37
[INFO] [stdout] # VM version: JDK 26.0.1, OpenJDK 64-Bit Server VM, 26.0.1+8
[INFO] [stdout] # VM invoker: /opt/java/openjdk/bin/java
[INFO] [stdout] # VM options: --enable-preview --add-modules=jdk.incubator.vector -Dnitro.clickbench.hits.path= -Xmx12g -XX:+UseTransparentHugePages -Dnitro.tpcds.parquet.path=/root/data/tpcds-parquet-sf10 -Dnitro.tpcds.parquet.schema=sf10 -Dnitro.debug.versionedDictionaryPredicates=true
[INFO] [stdout] # Blackhole mode: compiler (auto-detected, use -Djmh.blackhole.autoDetect=false to disable)
[INFO] [stdout] # Warmup: <none>
[INFO] [stdout] # Measurement: 1 iterations, 1 ms each
[INFO] [stdout] # Timeout: 30 min per iteration
[INFO] [stdout] # Threads: 1 thread, will synchronize iterations
[INFO] [stdout] # Benchmark mode: Average time, time/op
[INFO] [stdout] # Benchmark: org.weakref.nitro.tpcds.BenchmarkQueries.query56
[INFO] [stdout] 
[INFO] [stdout] # Run progress: 55.56% complete, ETA 00:01:18
[INFO] [stdout] # Fork: 1 of 1
[INFO] [stdout] WARNING: Using incubator modules: jdk.incubator.vector
[INFO] [stdout] WARNING: A terminally deprecated method in sun.misc.Unsafe has been called
[INFO] [stdout] WARNING: sun.misc.Unsafe::objectFieldOffset has been called by org.openjdk.jmh.util.Utils (file:/root/.m2/repository/org/openjdk/jmh/jmh-core/1.37/jmh-core-1.37.jar)
[INFO] [stdout] WARNING: Please consider reporting this to the maintainers of class org.openjdk.jmh.util.Utils
[INFO] [stdout] WARNING: sun.misc.Unsafe::objectFieldOffset will be removed in a future release
[INFO] [stdout] Iteration   1: WARNING: A restricted method in java.lang.foreign.SymbolLookup has been called
[INFO] [stdout] WARNING: java.lang.foreign.SymbolLookup::libraryLookup has been called by io.airlift.compress.v3.internal.NativeLoader in an unnamed module (file:/root/.m2/repository/io/airlift/aircompressor-v3/3.4/aircompressor-v3-3.4.jar)
[INFO] [stdout] WARNING: Use --enable-native-access=ALL-UNNAMED to avoid a warning for callers in this module
[INFO] [stdout] WARNING: Restricted methods will be blocked in a future release unless native access is enabled
[INFO] [stdout] 
[WARNING] [stderr] [versioned-dictionary-predicate] reused chunk=0 entries=1823
[WARNING] [stderr] [versioned-dictionary-predicate] reused chunk=1 entries=250
[WARNING] [stderr] [versioned-dictionary-predicate] reused chunk=0 entries=1823
[INFO] [stdout] 805.512 ms/op
[INFO] [stdout] 
[INFO] [stdout] 
[INFO] [stdout] Result "org.weakref.nitro.tpcds.BenchmarkQueries.query56":
[INFO] [stdout]   805.512 ms/op
[INFO] [stdout] 
[INFO] [stdout] 
[INFO] [stdout] # JMH version: 1.37
[INFO] [stdout] # VM version: JDK 26.0.1, OpenJDK 64-Bit Server VM, 26.0.1+8
[INFO] [stdout] # VM invoker: /opt/java/openjdk/bin/java
[INFO] [stdout] # VM options: --enable-preview --add-modules=jdk.incubator.vector -Dnitro.clickbench.hits.path= -Xmx12g -XX:+UseTransparentHugePages -Dnitro.tpcds.parquet.path=/root/data/tpcds-parquet-sf10 -Dnitro.tpcds.parquet.schema=sf10 -Dnitro.debug.versionedDictionaryPredicates=true
[INFO] [stdout] # Blackhole mode: compiler (auto-detected, use -Djmh.blackhole.autoDetect=false to disable)
[INFO] [stdout] # Warmup: <none>
[INFO] [stdout] # Measurement: 1 iterations, 1 ms each
[INFO] [stdout] # Timeout: 30 min per iteration
[INFO] [stdout] # Threads: 1 thread, will synchronize iterations
[INFO] [stdout] # Benchmark mode: Average time, time/op
[INFO] [stdout] # Benchmark: org.weakref.nitro.tpcds.BenchmarkQueries.query57
[INFO] [stdout] 
[INFO] [stdout] # Run progress: 56.57% complete, ETA 00:01:15
[INFO] [stdout] # Fork: 1 of 1
[INFO] [stdout] WARNING: Using incubator modules: jdk.incubator.vector
[INFO] [stdout] WARNING: A terminally deprecated method in sun.misc.Unsafe has been called
[INFO] [stdout] WARNING: sun.misc.Unsafe::objectFieldOffset has been called by org.openjdk.jmh.util.Utils (file:/root/.m2/repository/org/openjdk/jmh/jmh-core/1.37/jmh-core-1.37.jar)
[INFO] [stdout] WARNING: Please consider reporting this to the maintainers of class org.openjdk.jmh.util.Utils
[INFO] [stdout] WARNING: sun.misc.Unsafe::objectFieldOffset will be removed in a future release
[INFO] [stdout] Iteration   1: WARNING: A restricted method in java.lang.foreign.SymbolLookup has been called
[INFO] [stdout] WARNING: java.lang.foreign.SymbolLookup::libraryLookup has been called by io.airlift.compress.v3.internal.NativeLoader in an unnamed module (file:/root/.m2/repository/io/airlift/aircompressor-v3/3.4/aircompressor-v3-3.4.jar)
[INFO] [stdout] WARNING: Use --enable-native-access=ALL-UNNAMED to avoid a warning for callers in this module
[INFO] [stdout] WARNING: Restricted methods will be blocked in a future release unless native access is enabled
[INFO] [stdout] 
[WARNING] [stderr] [versioned-dictionary-predicate] reused chunk=1 entries=250
[WARNING] [stderr] [versioned-dictionary-predicate] reused chunk=1 entries=250
[WARNING] [stderr] [versioned-dictionary-predicate] reused chunk=1 entries=250
[INFO] [stdout] 2606.721 ms/op
[INFO] [stdout] 
[INFO] [stdout] 
[INFO] [stdout] Result "org.weakref.nitro.tpcds.BenchmarkQueries.query57":
[INFO] [stdout]   2606.721 ms/op
[INFO] [stdout] 
[INFO] [stdout] 
[INFO] [stdout] # JMH version: 1.37
[INFO] [stdout] # VM version: JDK 26.0.1, OpenJDK 64-Bit Server VM, 26.0.1+8
[INFO] [stdout] # VM invoker: /opt/java/openjdk/bin/java
[INFO] [stdout] # VM options: --enable-preview --add-modules=jdk.incubator.vector -Dnitro.clickbench.hits.path= -Xmx12g -XX:+UseTransparentHugePages -Dnitro.tpcds.parquet.path=/root/data/tpcds-parquet-sf10 -Dnitro.tpcds.parquet.schema=sf10 -Dnitro.debug.versionedDictionaryPredicates=true
[INFO] [stdout] # Blackhole mode: compiler (auto-detected, use -Djmh.blackhole.autoDetect=false to disable)
[INFO] [stdout] # Warmup: <none>
[INFO] [stdout] # Measurement: 1 iterations, 1 ms each
[INFO] [stdout] # Timeout: 30 min per iteration
[INFO] [stdout] # Threads: 1 thread, will synchronize iterations
[INFO] [stdout] # Benchmark mode: Average time, time/op
[INFO] [stdout] # Benchmark: org.weakref.nitro.tpcds.BenchmarkQueries.query58
[INFO] [stdout] 
[INFO] [stdout] # Run progress: 57.58% complete, ETA 00:01:14
[INFO] [stdout] # Fork: 1 of 1
[INFO] [stdout] WARNING: Using incubator modules: jdk.incubator.vector
[INFO] [stdout] WARNING: A terminally deprecated method in sun.misc.Unsafe has been called
[INFO] [stdout] WARNING: sun.misc.Unsafe::objectFieldOffset has been called by org.openjdk.jmh.util.Utils (file:/root/.m2/repository/org/openjdk/jmh/jmh-core/1.37/jmh-core-1.37.jar)
[INFO] [stdout] WARNING: Please consider reporting this to the maintainers of class org.openjdk.jmh.util.Utils
[INFO] [stdout] WARNING: sun.misc.Unsafe::objectFieldOffset will be removed in a future release
[INFO] [stdout] Iteration   1: WARNING: A restricted method in java.lang.foreign.SymbolLookup has been called
[INFO] [stdout] WARNING: java.lang.foreign.SymbolLookup::libraryLookup has been called by io.airlift.compress.v3.internal.NativeLoader in an unnamed module (file:/root/.m2/repository/io/airlift/aircompressor-v3/3.4/aircompressor-v3-3.4.jar)
[INFO] [stdout] WARNING: Use --enable-native-access=ALL-UNNAMED to avoid a warning for callers in this module
[INFO] [stdout] WARNING: Restricted methods will be blocked in a future release unless native access is enabled
[INFO] [stdout] 
[INFO] [stdout] 1017.355 ms/op
[INFO] [stdout] 
[INFO] [stdout] 
[INFO] [stdout] Result "org.weakref.nitro.tpcds.BenchmarkQueries.query58":
[INFO] [stdout]   1017.355 ms/op
[INFO] [stdout] 
[INFO] [stdout] 
[INFO] [stdout] # JMH version: 1.37
[INFO] [stdout] # VM version: JDK 26.0.1, OpenJDK 64-Bit Server VM, 26.0.1+8
[INFO] [stdout] # VM invoker: /opt/java/openjdk/bin/java
[INFO] [stdout] # VM options: --enable-preview --add-modules=jdk.incubator.vector -Dnitro.clickbench.hits.path= -Xmx12g -XX:+UseTransparentHugePages -Dnitro.tpcds.parquet.path=/root/data/tpcds-parquet-sf10 -Dnitro.tpcds.parquet.schema=sf10 -Dnitro.debug.versionedDictionaryPredicates=true
[INFO] [stdout] # Blackhole mode: compiler (auto-detected, use -Djmh.blackhole.autoDetect=false to disable)
[INFO] [stdout] # Warmup: <none>
[INFO] [stdout] # Measurement: 1 iterations, 1 ms each
[INFO] [stdout] # Timeout: 30 min per iteration
[INFO] [stdout] # Threads: 1 thread, will synchronize iterations
[INFO] [stdout] # Benchmark mode: Average time, time/op
[INFO] [stdout] # Benchmark: org.weakref.nitro.tpcds.BenchmarkQueries.query59
[INFO] [stdout] 
[INFO] [stdout] # Run progress: 58.59% complete, ETA 00:01:12
[INFO] [stdout] # Fork: 1 of 1
[INFO] [stdout] WARNING: Using incubator modules: jdk.incubator.vector
[INFO] [stdout] WARNING: A terminally deprecated method in sun.misc.Unsafe has been called
[INFO] [stdout] WARNING: sun.misc.Unsafe::objectFieldOffset has been called by org.openjdk.jmh.util.Utils (file:/root/.m2/repository/org/openjdk/jmh/jmh-core/1.37/jmh-core-1.37.jar)
[INFO] [stdout] WARNING: Please consider reporting this to the maintainers of class org.openjdk.jmh.util.Utils
[INFO] [stdout] WARNING: sun.misc.Unsafe::objectFieldOffset will be removed in a future release
[INFO] [stdout] Iteration   1: WARNING: A restricted method in java.lang.foreign.SymbolLookup has been called
[INFO] [stdout] WARNING: java.lang.foreign.SymbolLookup::libraryLookup has been called by io.airlift.compress.v3.internal.NativeLoader in an unnamed module (file:/root/.m2/repository/io/airlift/aircompressor-v3/3.4/aircompressor-v3-3.4.jar)
[INFO] [stdout] WARNING: Use --enable-native-access=ALL-UNNAMED to avoid a warning for callers in this module
[INFO] [stdout] WARNING: Restricted methods will be blocked in a future release unless native access is enabled
[INFO] [stdout] 
[WARNING] [stderr] [versioned-dictionary-predicate] reused chunk=6 entries=1823
[WARNING] [stderr] [versioned-dictionary-predicate] reused chunk=6 entries=1823
[INFO] [stdout] 2038.223 ms/op
[INFO] [stdout] 
[INFO] [stdout] 
[INFO] [stdout] Result "org.weakref.nitro.tpcds.BenchmarkQueries.query59":
[INFO] [stdout]   2038.223 ms/op
[INFO] [stdout] 
[INFO] [stdout] 
[INFO] [stdout] # JMH version: 1.37
[INFO] [stdout] # VM version: JDK 26.0.1, OpenJDK 64-Bit Server VM, 26.0.1+8
[INFO] [stdout] # VM invoker: /opt/java/openjdk/bin/java
[INFO] [stdout] # VM options: --enable-preview --add-modules=jdk.incubator.vector -Dnitro.clickbench.hits.path= -Xmx12g -XX:+UseTransparentHugePages -Dnitro.tpcds.parquet.path=/root/data/tpcds-parquet-sf10 -Dnitro.tpcds.parquet.schema=sf10 -Dnitro.debug.versionedDictionaryPredicates=true
[INFO] [stdout] # Blackhole mode: compiler (auto-detected, use -Djmh.blackhole.autoDetect=false to disable)
[INFO] [stdout] # Warmup: <none>
[INFO] [stdout] # Measurement: 1 iterations, 1 ms each
[INFO] [stdout] # Timeout: 30 min per iteration
[INFO] [stdout] # Threads: 1 thread, will synchronize iterations
[INFO] [stdout] # Benchmark mode: Average time, time/op
[INFO] [stdout] # Benchmark: org.weakref.nitro.tpcds.BenchmarkQueries.query60
[INFO] [stdout] 
[INFO] [stdout] # Run progress: 59.60% complete, ETA 00:01:10
[INFO] [stdout] # Fork: 1 of 1
[INFO] [stdout] WARNING: Using incubator modules: jdk.incubator.vector
[INFO] [stdout] WARNING: A terminally deprecated method in sun.misc.Unsafe has been called
[INFO] [stdout] WARNING: sun.misc.Unsafe::objectFieldOffset has been called by org.openjdk.jmh.util.Utils (file:/root/.m2/repository/org/openjdk/jmh/jmh-core/1.37/jmh-core-1.37.jar)
[INFO] [stdout] WARNING: Please consider reporting this to the maintainers of class org.openjdk.jmh.util.Utils
[INFO] [stdout] WARNING: sun.misc.Unsafe::objectFieldOffset will be removed in a future release
[INFO] [stdout] Iteration   1: WARNING: A restricted method in java.lang.foreign.SymbolLookup has been called
[INFO] [stdout] WARNING: java.lang.foreign.SymbolLookup::libraryLookup has been called by io.airlift.compress.v3.internal.NativeLoader in an unnamed module (file:/root/.m2/repository/io/airlift/aircompressor-v3/3.4/aircompressor-v3-3.4.jar)
[INFO] [stdout] WARNING: Use --enable-native-access=ALL-UNNAMED to avoid a warning for callers in this module
[INFO] [stdout] WARNING: Restricted methods will be blocked in a future release unless native access is enabled
[INFO] [stdout] 
[WARNING] [stderr] [versioned-dictionary-predicate] reused chunk=0 entries=1823
[WARNING] [stderr] [versioned-dictionary-predicate] reused chunk=1 entries=250
[WARNING] [stderr] [versioned-dictionary-predicate] reused chunk=0 entries=1823
[INFO] [stdout] 900.850 ms/op
[INFO] [stdout] 
[INFO] [stdout] 
[INFO] [stdout] Result "org.weakref.nitro.tpcds.BenchmarkQueries.query60":
[INFO] [stdout]   900.850 ms/op
[INFO] [stdout] 
[INFO] [stdout] 
[INFO] [stdout] # JMH version: 1.37
[INFO] [stdout] # VM version: JDK 26.0.1, OpenJDK 64-Bit Server VM, 26.0.1+8
[INFO] [stdout] # VM invoker: /opt/java/openjdk/bin/java
[INFO] [stdout] # VM options: --enable-preview --add-modules=jdk.incubator.vector -Dnitro.clickbench.hits.path= -Xmx12g -XX:+UseTransparentHugePages -Dnitro.tpcds.parquet.path=/root/data/tpcds-parquet-sf10 -Dnitro.tpcds.parquet.schema=sf10 -Dnitro.debug.versionedDictionaryPredicates=true
[INFO] [stdout] # Blackhole mode: compiler (auto-detected, use -Djmh.blackhole.autoDetect=false to disable)
[INFO] [stdout] # Warmup: <none>
[INFO] [stdout] # Measurement: 1 iterations, 1 ms each
[INFO] [stdout] # Timeout: 30 min per iteration
[INFO] [stdout] # Threads: 1 thread, will synchronize iterations
[INFO] [stdout] # Benchmark mode: Average time, time/op
[INFO] [stdout] # Benchmark: org.weakref.nitro.tpcds.BenchmarkQueries.query61
[INFO] [stdout] 
[INFO] [stdout] # Run progress: 60.61% complete, ETA 00:01:08
[INFO] [stdout] # Fork: 1 of 1
[INFO] [stdout] WARNING: Using incubator modules: jdk.incubator.vector
[INFO] [stdout] WARNING: A terminally deprecated method in sun.misc.Unsafe has been called
[INFO] [stdout] WARNING: sun.misc.Unsafe::objectFieldOffset has been called by org.openjdk.jmh.util.Utils (file:/root/.m2/repository/org/openjdk/jmh/jmh-core/1.37/jmh-core-1.37.jar)
[INFO] [stdout] WARNING: Please consider reporting this to the maintainers of class org.openjdk.jmh.util.Utils
[INFO] [stdout] WARNING: sun.misc.Unsafe::objectFieldOffset will be removed in a future release
[INFO] [stdout] Iteration   1: WARNING: A restricted method in java.lang.foreign.SymbolLookup has been called
[INFO] [stdout] WARNING: java.lang.foreign.SymbolLookup::libraryLookup has been called by io.airlift.compress.v3.internal.NativeLoader in an unnamed module (file:/root/.m2/repository/io/airlift/aircompressor-v3/3.4/aircompressor-v3-3.4.jar)
[INFO] [stdout] WARNING: Use --enable-native-access=ALL-UNNAMED to avoid a warning for callers in this module
[INFO] [stdout] WARNING: Restricted methods will be blocked in a future release unless native access is enabled
[INFO] [stdout] 
[WARNING] [stderr] [versioned-dictionary-predicate] reused chunk=0 entries=1823
[WARNING] [stderr] [versioned-dictionary-predicate] reused chunk=0 entries=1823
[INFO] [stdout] 817.155 ms/op
[INFO] [stdout] 
[INFO] [stdout] 
[INFO] [stdout] Result "org.weakref.nitro.tpcds.BenchmarkQueries.query61":
[INFO] [stdout]   817.155 ms/op
[INFO] [stdout] 
[INFO] [stdout] 
[INFO] [stdout] # JMH version: 1.37
[INFO] [stdout] # VM version: JDK 26.0.1, OpenJDK 64-Bit Server VM, 26.0.1+8
[INFO] [stdout] # VM invoker: /opt/java/openjdk/bin/java
[INFO] [stdout] # VM options: --enable-preview --add-modules=jdk.incubator.vector -Dnitro.clickbench.hits.path= -Xmx12g -XX:+UseTransparentHugePages -Dnitro.tpcds.parquet.path=/root/data/tpcds-parquet-sf10 -Dnitro.tpcds.parquet.schema=sf10 -Dnitro.debug.versionedDictionaryPredicates=true
[INFO] [stdout] # Blackhole mode: compiler (auto-detected, use -Djmh.blackhole.autoDetect=false to disable)
[INFO] [stdout] # Warmup: <none>
[INFO] [stdout] # Measurement: 1 iterations, 1 ms each
[INFO] [stdout] # Timeout: 30 min per iteration
[INFO] [stdout] # Threads: 1 thread, will synchronize iterations
[INFO] [stdout] # Benchmark mode: Average time, time/op
[INFO] [stdout] # Benchmark: org.weakref.nitro.tpcds.BenchmarkQueries.query62
[INFO] [stdout] 
[INFO] [stdout] # Run progress: 61.62% complete, ETA 00:01:06
[INFO] [stdout] # Fork: 1 of 1
[INFO] [stdout] WARNING: Using incubator modules: jdk.incubator.vector
[INFO] [stdout] WARNING: A terminally deprecated method in sun.misc.Unsafe has been called
[INFO] [stdout] WARNING: sun.misc.Unsafe::objectFieldOffset has been called by org.openjdk.jmh.util.Utils (file:/root/.m2/repository/org/openjdk/jmh/jmh-core/1.37/jmh-core-1.37.jar)
[INFO] [stdout] WARNING: Please consider reporting this to the maintainers of class org.openjdk.jmh.util.Utils
[INFO] [stdout] WARNING: sun.misc.Unsafe::objectFieldOffset will be removed in a future release
[INFO] [stdout] Iteration   1: WARNING: A restricted method in java.lang.foreign.SymbolLookup has been called
[INFO] [stdout] WARNING: java.lang.foreign.SymbolLookup::libraryLookup has been called by io.airlift.compress.v3.internal.NativeLoader in an unnamed module (file:/root/.m2/repository/io/airlift/aircompressor-v3/3.4/aircompressor-v3-3.4.jar)
[INFO] [stdout] WARNING: Use --enable-native-access=ALL-UNNAMED to avoid a warning for callers in this module
[INFO] [stdout] WARNING: Restricted methods will be blocked in a future release unless native access is enabled
[INFO] [stdout] 
[WARNING] [stderr] [versioned-dictionary-predicate] reused chunk=0 entries=1946
[INFO] [stdout] 947.344 ms/op
[INFO] [stdout] 
[INFO] [stdout] 
[INFO] [stdout] Result "org.weakref.nitro.tpcds.BenchmarkQueries.query62":
[INFO] [stdout]   947.344 ms/op
[INFO] [stdout] 
[INFO] [stdout] 
[INFO] [stdout] # JMH version: 1.37
[INFO] [stdout] # VM version: JDK 26.0.1, OpenJDK 64-Bit Server VM, 26.0.1+8
[INFO] [stdout] # VM invoker: /opt/java/openjdk/bin/java
[INFO] [stdout] # VM options: --enable-preview --add-modules=jdk.incubator.vector -Dnitro.clickbench.hits.path= -Xmx12g -XX:+UseTransparentHugePages -Dnitro.tpcds.parquet.path=/root/data/tpcds-parquet-sf10 -Dnitro.tpcds.parquet.schema=sf10 -Dnitro.debug.versionedDictionaryPredicates=true
[INFO] [stdout] # Blackhole mode: compiler (auto-detected, use -Djmh.blackhole.autoDetect=false to disable)
[INFO] [stdout] # Warmup: <none>
[INFO] [stdout] # Measurement: 1 iterations, 1 ms each
[INFO] [stdout] # Timeout: 30 min per iteration
[INFO] [stdout] # Threads: 1 thread, will synchronize iterations
[INFO] [stdout] # Benchmark mode: Average time, time/op
[INFO] [stdout] # Benchmark: org.weakref.nitro.tpcds.BenchmarkQueries.query63
[INFO] [stdout] 
[INFO] [stdout] # Run progress: 62.63% complete, ETA 00:01:04
[INFO] [stdout] # Fork: 1 of 1
[INFO] [stdout] WARNING: Using incubator modules: jdk.incubator.vector
[INFO] [stdout] WARNING: A terminally deprecated method in sun.misc.Unsafe has been called
[INFO] [stdout] WARNING: sun.misc.Unsafe::objectFieldOffset has been called by org.openjdk.jmh.util.Utils (file:/root/.m2/repository/org/openjdk/jmh/jmh-core/1.37/jmh-core-1.37.jar)
[INFO] [stdout] WARNING: Please consider reporting this to the maintainers of class org.openjdk.jmh.util.Utils
[INFO] [stdout] WARNING: sun.misc.Unsafe::objectFieldOffset will be removed in a future release
[INFO] [stdout] Iteration   1: WARNING: A restricted method in java.lang.foreign.SymbolLookup has been called
[INFO] [stdout] WARNING: java.lang.foreign.SymbolLookup::libraryLookup has been called by io.airlift.compress.v3.internal.NativeLoader in an unnamed module (file:/root/.m2/repository/io/airlift/aircompressor-v3/3.4/aircompressor-v3-3.4.jar)
[INFO] [stdout] WARNING: Use --enable-native-access=ALL-UNNAMED to avoid a warning for callers in this module
[INFO] [stdout] WARNING: Restricted methods will be blocked in a future release unless native access is enabled
[INFO] [stdout] 
[WARNING] [stderr] [versioned-dictionary-predicate] reused chunk=0 entries=102000
[INFO] [stdout] 627.678 ms/op
[INFO] [stdout] 
[INFO] [stdout] 
[INFO] [stdout] Result "org.weakref.nitro.tpcds.BenchmarkQueries.query63":
[INFO] [stdout]   627.678 ms/op
[INFO] [stdout] 
[INFO] [stdout] 
[INFO] [stdout] # JMH version: 1.37
[INFO] [stdout] # VM version: JDK 26.0.1, OpenJDK 64-Bit Server VM, 26.0.1+8
[INFO] [stdout] # VM invoker: /opt/java/openjdk/bin/java
[INFO] [stdout] # VM options: --enable-preview --add-modules=jdk.incubator.vector -Dnitro.clickbench.hits.path= -Xmx12g -XX:+UseTransparentHugePages -Dnitro.tpcds.parquet.path=/root/data/tpcds-parquet-sf10 -Dnitro.tpcds.parquet.schema=sf10 -Dnitro.debug.versionedDictionaryPredicates=true
[INFO] [stdout] # Blackhole mode: compiler (auto-detected, use -Djmh.blackhole.autoDetect=false to disable)
[INFO] [stdout] # Warmup: <none>
[INFO] [stdout] # Measurement: 1 iterations, 1 ms each
[INFO] [stdout] # Timeout: 30 min per iteration
[INFO] [stdout] # Threads: 1 thread, will synchronize iterations
[INFO] [stdout] # Benchmark mode: Average time, time/op
[INFO] [stdout] # Benchmark: org.weakref.nitro.tpcds.BenchmarkQueries.query64
[INFO] [stdout] 
[INFO] [stdout] # Run progress: 63.64% complete, ETA 00:01:02
[INFO] [stdout] # Fork: 1 of 1
[INFO] [stdout] WARNING: Using incubator modules: jdk.incubator.vector
[INFO] [stdout] WARNING: A terminally deprecated method in sun.misc.Unsafe has been called
[INFO] [stdout] WARNING: sun.misc.Unsafe::objectFieldOffset has been called by org.openjdk.jmh.util.Utils (file:/root/.m2/repository/org/openjdk/jmh/jmh-core/1.37/jmh-core-1.37.jar)
[INFO] [stdout] WARNING: Please consider reporting this to the maintainers of class org.openjdk.jmh.util.Utils
[INFO] [stdout] WARNING: sun.misc.Unsafe::objectFieldOffset will be removed in a future release
[INFO] [stdout] Iteration   1: WARNING: A restricted method in java.lang.foreign.SymbolLookup has been called
[INFO] [stdout] WARNING: java.lang.foreign.SymbolLookup::libraryLookup has been called by io.airlift.compress.v3.internal.NativeLoader in an unnamed module (file:/root/.m2/repository/io/airlift/aircompressor-v3/3.4/aircompressor-v3-3.4.jar)
[INFO] [stdout] WARNING: Use --enable-native-access=ALL-UNNAMED to avoid a warning for callers in this module
[INFO] [stdout] WARNING: Restricted methods will be blocked in a future release unless native access is enabled
[INFO] [stdout] 
[WARNING] [stderr] [versioned-dictionary-predicate] reused chunk=0 entries=102000
[WARNING] [stderr] [versioned-dictionary-predicate] reused chunk=0 entries=102000
[INFO] [stdout] 3456.129 ms/op
[INFO] [stdout] 
[INFO] [stdout] 
[INFO] [stdout] Result "org.weakref.nitro.tpcds.BenchmarkQueries.query64":
[INFO] [stdout]   3456.129 ms/op
[INFO] [stdout] 
[INFO] [stdout] 
[INFO] [stdout] # JMH version: 1.37
[INFO] [stdout] # VM version: JDK 26.0.1, OpenJDK 64-Bit Server VM, 26.0.1+8
[INFO] [stdout] # VM invoker: /opt/java/openjdk/bin/java
[INFO] [stdout] # VM options: --enable-preview --add-modules=jdk.incubator.vector -Dnitro.clickbench.hits.path= -Xmx12g -XX:+UseTransparentHugePages -Dnitro.tpcds.parquet.path=/root/data/tpcds-parquet-sf10 -Dnitro.tpcds.parquet.schema=sf10 -Dnitro.debug.versionedDictionaryPredicates=true
[INFO] [stdout] # Blackhole mode: compiler (auto-detected, use -Djmh.blackhole.autoDetect=false to disable)
[INFO] [stdout] # Warmup: <none>
[INFO] [stdout] # Measurement: 1 iterations, 1 ms each
[INFO] [stdout] # Timeout: 30 min per iteration
[INFO] [stdout] # Threads: 1 thread, will synchronize iterations
[INFO] [stdout] # Benchmark mode: Average time, time/op
[INFO] [stdout] # Benchmark: org.weakref.nitro.tpcds.BenchmarkQueries.query65
[INFO] [stdout] 
[INFO] [stdout] # Run progress: 64.65% complete, ETA 00:01:01
[INFO] [stdout] # Fork: 1 of 1
[INFO] [stdout] WARNING: Using incubator modules: jdk.incubator.vector
[INFO] [stdout] WARNING: A terminally deprecated method in sun.misc.Unsafe has been called
[INFO] [stdout] WARNING: sun.misc.Unsafe::objectFieldOffset has been called by org.openjdk.jmh.util.Utils (file:/root/.m2/repository/org/openjdk/jmh/jmh-core/1.37/jmh-core-1.37.jar)
[INFO] [stdout] WARNING: Please consider reporting this to the maintainers of class org.openjdk.jmh.util.Utils
[INFO] [stdout] WARNING: sun.misc.Unsafe::objectFieldOffset will be removed in a future release
[INFO] [stdout] Iteration   1: WARNING: A restricted method in java.lang.foreign.SymbolLookup has been called
[INFO] [stdout] WARNING: java.lang.foreign.SymbolLookup::libraryLookup has been called by io.airlift.compress.v3.internal.NativeLoader in an unnamed module (file:/root/.m2/repository/io/airlift/aircompressor-v3/3.4/aircompressor-v3-3.4.jar)
[INFO] [stdout] WARNING: Use --enable-native-access=ALL-UNNAMED to avoid a warning for callers in this module
[INFO] [stdout] WARNING: Restricted methods will be blocked in a future release unless native access is enabled
[INFO] [stdout] 
[WARNING] [stderr] [versioned-dictionary-predicate] reused chunk=0 entries=1823
[WARNING] [stderr] [versioned-dictionary-predicate] reused chunk=0 entries=1823
[INFO] [stdout] 1659.786 ms/op
[INFO] [stdout] 
[INFO] [stdout] 
[INFO] [stdout] Result "org.weakref.nitro.tpcds.BenchmarkQueries.query65":
[INFO] [stdout]   1659.786 ms/op
[INFO] [stdout] 
[INFO] [stdout] 
[INFO] [stdout] # JMH version: 1.37
[INFO] [stdout] # VM version: JDK 26.0.1, OpenJDK 64-Bit Server VM, 26.0.1+8
[INFO] [stdout] # VM invoker: /opt/java/openjdk/bin/java
[INFO] [stdout] # VM options: --enable-preview --add-modules=jdk.incubator.vector -Dnitro.clickbench.hits.path= -Xmx12g -XX:+UseTransparentHugePages -Dnitro.tpcds.parquet.path=/root/data/tpcds-parquet-sf10 -Dnitro.tpcds.parquet.schema=sf10 -Dnitro.debug.versionedDictionaryPredicates=true
[INFO] [stdout] # Blackhole mode: compiler (auto-detected, use -Djmh.blackhole.autoDetect=false to disable)
[INFO] [stdout] # Warmup: <none>
[INFO] [stdout] # Measurement: 1 iterations, 1 ms each
[INFO] [stdout] # Timeout: 30 min per iteration
[INFO] [stdout] # Threads: 1 thread, will synchronize iterations
[INFO] [stdout] # Benchmark mode: Average time, time/op
[INFO] [stdout] # Benchmark: org.weakref.nitro.tpcds.BenchmarkQueries.query66
[INFO] [stdout] 
[INFO] [stdout] # Run progress: 65.66% complete, ETA 00:00:59
[INFO] [stdout] # Fork: 1 of 1
[INFO] [stdout] WARNING: Using incubator modules: jdk.incubator.vector
[INFO] [stdout] WARNING: A terminally deprecated method in sun.misc.Unsafe has been called
[INFO] [stdout] WARNING: sun.misc.Unsafe::objectFieldOffset has been called by org.openjdk.jmh.util.Utils (file:/root/.m2/repository/org/openjdk/jmh/jmh-core/1.37/jmh-core-1.37.jar)
[INFO] [stdout] WARNING: Please consider reporting this to the maintainers of class org.openjdk.jmh.util.Utils
[INFO] [stdout] WARNING: sun.misc.Unsafe::objectFieldOffset will be removed in a future release
[INFO] [stdout] Iteration   1: WARNING: A restricted method in java.lang.foreign.SymbolLookup has been called
[INFO] [stdout] WARNING: java.lang.foreign.SymbolLookup::libraryLookup has been called by io.airlift.compress.v3.internal.NativeLoader in an unnamed module (file:/root/.m2/repository/io/airlift/aircompressor-v3/3.4/aircompressor-v3-3.4.jar)
[INFO] [stdout] WARNING: Use --enable-native-access=ALL-UNNAMED to avoid a warning for callers in this module
[INFO] [stdout] WARNING: Restricted methods will be blocked in a future release unless native access is enabled
[INFO] [stdout] 
[WARNING] [stderr] [versioned-dictionary-predicate] reused chunk=0 entries=20
[WARNING] [stderr] [versioned-dictionary-predicate] reused chunk=1 entries=20
[INFO] [stdout] 743.213 ms/op
[INFO] [stdout] 
[INFO] [stdout] 
[INFO] [stdout] Result "org.weakref.nitro.tpcds.BenchmarkQueries.query66":
[INFO] [stdout]   743.213 ms/op
[INFO] [stdout] 
[INFO] [stdout] 
[INFO] [stdout] # JMH version: 1.37
[INFO] [stdout] # VM version: JDK 26.0.1, OpenJDK 64-Bit Server VM, 26.0.1+8
[INFO] [stdout] # VM invoker: /opt/java/openjdk/bin/java
[INFO] [stdout] # VM options: --enable-preview --add-modules=jdk.incubator.vector -Dnitro.clickbench.hits.path= -Xmx12g -XX:+UseTransparentHugePages -Dnitro.tpcds.parquet.path=/root/data/tpcds-parquet-sf10 -Dnitro.tpcds.parquet.schema=sf10 -Dnitro.debug.versionedDictionaryPredicates=true
[INFO] [stdout] # Blackhole mode: compiler (auto-detected, use -Djmh.blackhole.autoDetect=false to disable)
[INFO] [stdout] # Warmup: <none>
[INFO] [stdout] # Measurement: 1 iterations, 1 ms each
[INFO] [stdout] # Timeout: 30 min per iteration
[INFO] [stdout] # Threads: 1 thread, will synchronize iterations
[INFO] [stdout] # Benchmark mode: Average time, time/op
[INFO] [stdout] # Benchmark: org.weakref.nitro.tpcds.BenchmarkQueries.query67
[INFO] [stdout] 
[INFO] [stdout] # Run progress: 66.67% complete, ETA 00:00:57
[INFO] [stdout] # Fork: 1 of 1
[INFO] [stdout] WARNING: Using incubator modules: jdk.incubator.vector
[INFO] [stdout] WARNING: A terminally deprecated method in sun.misc.Unsafe has been called
[INFO] [stdout] WARNING: sun.misc.Unsafe::objectFieldOffset has been called by org.openjdk.jmh.util.Utils (file:/root/.m2/repository/org/openjdk/jmh/jmh-core/1.37/jmh-core-1.37.jar)
[INFO] [stdout] WARNING: Please consider reporting this to the maintainers of class org.openjdk.jmh.util.Utils
[INFO] [stdout] WARNING: sun.misc.Unsafe::objectFieldOffset will be removed in a future release
[INFO] [stdout] Iteration   1: WARNING: A restricted method in java.lang.foreign.SymbolLookup has been called
[INFO] [stdout] WARNING: java.lang.foreign.SymbolLookup::libraryLookup has been called by io.airlift.compress.v3.internal.NativeLoader in an unnamed module (file:/root/.m2/repository/io/airlift/aircompressor-v3/3.4/aircompressor-v3-3.4.jar)
[INFO] [stdout] WARNING: Use --enable-native-access=ALL-UNNAMED to avoid a warning for callers in this module
[INFO] [stdout] WARNING: Restricted methods will be blocked in a future release unless native access is enabled
[INFO] [stdout] 
[WARNING] [stderr] [versioned-dictionary-predicate] reused chunk=0 entries=1823
[INFO] [stdout] 7159.884 ms/op
[INFO] [stdout] 
[INFO] [stdout] 
[INFO] [stdout] Result "org.weakref.nitro.tpcds.BenchmarkQueries.query67":
[INFO] [stdout]   7159.884 ms/op
[INFO] [stdout] 
[INFO] [stdout] 
[INFO] [stdout] # JMH version: 1.37
[INFO] [stdout] # VM version: JDK 26.0.1, OpenJDK 64-Bit Server VM, 26.0.1+8
[INFO] [stdout] # VM invoker: /opt/java/openjdk/bin/java
[INFO] [stdout] # VM options: --enable-preview --add-modules=jdk.incubator.vector -Dnitro.clickbench.hits.path= -Xmx12g -XX:+UseTransparentHugePages -Dnitro.tpcds.parquet.path=/root/data/tpcds-parquet-sf10 -Dnitro.tpcds.parquet.schema=sf10 -Dnitro.debug.versionedDictionaryPredicates=true
[INFO] [stdout] # Blackhole mode: compiler (auto-detected, use -Djmh.blackhole.autoDetect=false to disable)
[INFO] [stdout] # Warmup: <none>
[INFO] [stdout] # Measurement: 1 iterations, 1 ms each
[INFO] [stdout] # Timeout: 30 min per iteration
[INFO] [stdout] # Threads: 1 thread, will synchronize iterations
[INFO] [stdout] # Benchmark mode: Average time, time/op
[INFO] [stdout] # Benchmark: org.weakref.nitro.tpcds.BenchmarkQueries.query68
[INFO] [stdout] 
[INFO] [stdout] # Run progress: 67.68% complete, ETA 00:00:58
[INFO] [stdout] # Fork: 1 of 1
[INFO] [stdout] WARNING: Using incubator modules: jdk.incubator.vector
[INFO] [stdout] WARNING: A terminally deprecated method in sun.misc.Unsafe has been called
[INFO] [stdout] WARNING: sun.misc.Unsafe::objectFieldOffset has been called by org.openjdk.jmh.util.Utils (file:/root/.m2/repository/org/openjdk/jmh/jmh-core/1.37/jmh-core-1.37.jar)
[INFO] [stdout] WARNING: Please consider reporting this to the maintainers of class org.openjdk.jmh.util.Utils
[INFO] [stdout] WARNING: sun.misc.Unsafe::objectFieldOffset will be removed in a future release
[INFO] [stdout] Iteration   1: WARNING: A restricted method in java.lang.foreign.SymbolLookup has been called
[INFO] [stdout] WARNING: java.lang.foreign.SymbolLookup::libraryLookup has been called by io.airlift.compress.v3.internal.NativeLoader in an unnamed module (file:/root/.m2/repository/io/airlift/aircompressor-v3/3.4/aircompressor-v3-3.4.jar)
[INFO] [stdout] WARNING: Use --enable-native-access=ALL-UNNAMED to avoid a warning for callers in this module
[INFO] [stdout] WARNING: Restricted methods will be blocked in a future release unless native access is enabled
[INFO] [stdout] 
[WARNING] [stderr] [versioned-dictionary-predicate] reused chunk=0 entries=1823
[INFO] [stdout] 997.390 ms/op
[INFO] [stdout] 
[INFO] [stdout] 
[INFO] [stdout] Result "org.weakref.nitro.tpcds.BenchmarkQueries.query68":
[INFO] [stdout]   997.390 ms/op
[INFO] [stdout] 
[INFO] [stdout] 
[INFO] [stdout] # JMH version: 1.37
[INFO] [stdout] # VM version: JDK 26.0.1, OpenJDK 64-Bit Server VM, 26.0.1+8
[INFO] [stdout] # VM invoker: /opt/java/openjdk/bin/java
[INFO] [stdout] # VM options: --enable-preview --add-modules=jdk.incubator.vector -Dnitro.clickbench.hits.path= -Xmx12g -XX:+UseTransparentHugePages -Dnitro.tpcds.parquet.path=/root/data/tpcds-parquet-sf10 -Dnitro.tpcds.parquet.schema=sf10 -Dnitro.debug.versionedDictionaryPredicates=true
[INFO] [stdout] # Blackhole mode: compiler (auto-detected, use -Djmh.blackhole.autoDetect=false to disable)
[INFO] [stdout] # Warmup: <none>
[INFO] [stdout] # Measurement: 1 iterations, 1 ms each
[INFO] [stdout] # Timeout: 30 min per iteration
[INFO] [stdout] # Threads: 1 thread, will synchronize iterations
[INFO] [stdout] # Benchmark mode: Average time, time/op
[INFO] [stdout] # Benchmark: org.weakref.nitro.tpcds.BenchmarkQueries.query69
[INFO] [stdout] 
[INFO] [stdout] # Run progress: 68.69% complete, ETA 00:00:56
[INFO] [stdout] # Fork: 1 of 1
[INFO] [stdout] WARNING: Using incubator modules: jdk.incubator.vector
[INFO] [stdout] WARNING: A terminally deprecated method in sun.misc.Unsafe has been called
[INFO] [stdout] WARNING: sun.misc.Unsafe::objectFieldOffset has been called by org.openjdk.jmh.util.Utils (file:/root/.m2/repository/org/openjdk/jmh/jmh-core/1.37/jmh-core-1.37.jar)
[INFO] [stdout] WARNING: Please consider reporting this to the maintainers of class org.openjdk.jmh.util.Utils
[INFO] [stdout] WARNING: sun.misc.Unsafe::objectFieldOffset will be removed in a future release
[INFO] [stdout] Iteration   1: WARNING: A restricted method in java.lang.foreign.SymbolLookup has been called
[INFO] [stdout] WARNING: java.lang.foreign.SymbolLookup::libraryLookup has been called by io.airlift.compress.v3.internal.NativeLoader in an unnamed module (file:/root/.m2/repository/io/airlift/aircompressor-v3/3.4/aircompressor-v3-3.4.jar)
[INFO] [stdout] WARNING: Use --enable-native-access=ALL-UNNAMED to avoid a warning for callers in this module
[INFO] [stdout] WARNING: Restricted methods will be blocked in a future release unless native access is enabled
[INFO] [stdout] 
[WARNING] [stderr] [versioned-dictionary-predicate] reused chunk=6 entries=1823
[INFO] [stdout] 960.427 ms/op
[INFO] [stdout] 
[INFO] [stdout] 
[INFO] [stdout] Result "org.weakref.nitro.tpcds.BenchmarkQueries.query69":
[INFO] [stdout]   960.427 ms/op
[INFO] [stdout] 
[INFO] [stdout] 
[INFO] [stdout] # JMH version: 1.37
[INFO] [stdout] # VM version: JDK 26.0.1, OpenJDK 64-Bit Server VM, 26.0.1+8
[INFO] [stdout] # VM invoker: /opt/java/openjdk/bin/java
[INFO] [stdout] # VM options: --enable-preview --add-modules=jdk.incubator.vector -Dnitro.clickbench.hits.path= -Xmx12g -XX:+UseTransparentHugePages -Dnitro.tpcds.parquet.path=/root/data/tpcds-parquet-sf10 -Dnitro.tpcds.parquet.schema=sf10 -Dnitro.debug.versionedDictionaryPredicates=true
[INFO] [stdout] # Blackhole mode: compiler (auto-detected, use -Djmh.blackhole.autoDetect=false to disable)
[INFO] [stdout] # Warmup: <none>
[INFO] [stdout] # Measurement: 1 iterations, 1 ms each
[INFO] [stdout] # Timeout: 30 min per iteration
[INFO] [stdout] # Threads: 1 thread, will synchronize iterations
[INFO] [stdout] # Benchmark mode: Average time, time/op
[INFO] [stdout] # Benchmark: org.weakref.nitro.tpcds.BenchmarkQueries.query70
[INFO] [stdout] 
[INFO] [stdout] # Run progress: 69.70% complete, ETA 00:00:54
[INFO] [stdout] # Fork: 1 of 1
[INFO] [stdout] WARNING: Using incubator modules: jdk.incubator.vector
[INFO] [stdout] WARNING: A terminally deprecated method in sun.misc.Unsafe has been called
[INFO] [stdout] WARNING: sun.misc.Unsafe::objectFieldOffset has been called by org.openjdk.jmh.util.Utils (file:/root/.m2/repository/org/openjdk/jmh/jmh-core/1.37/jmh-core-1.37.jar)
[INFO] [stdout] WARNING: Please consider reporting this to the maintainers of class org.openjdk.jmh.util.Utils
[INFO] [stdout] WARNING: sun.misc.Unsafe::objectFieldOffset will be removed in a future release
[INFO] [stdout] Iteration   1: WARNING: A restricted method in java.lang.foreign.SymbolLookup has been called
[INFO] [stdout] WARNING: java.lang.foreign.SymbolLookup::libraryLookup has been called by io.airlift.compress.v3.internal.NativeLoader in an unnamed module (file:/root/.m2/repository/io/airlift/aircompressor-v3/3.4/aircompressor-v3-3.4.jar)
[INFO] [stdout] WARNING: Use --enable-native-access=ALL-UNNAMED to avoid a warning for callers in this module
[INFO] [stdout] WARNING: Restricted methods will be blocked in a future release unless native access is enabled
[INFO] [stdout] 
[WARNING] [stderr] [versioned-dictionary-predicate] reused chunk=6 entries=1823
[WARNING] [stderr] [versioned-dictionary-predicate] reused chunk=6 entries=1823
[INFO] [stdout] 1490.791 ms/op
[INFO] [stdout] 
[INFO] [stdout] 
[INFO] [stdout] Result "org.weakref.nitro.tpcds.BenchmarkQueries.query70":
[INFO] [stdout]   1490.791 ms/op
[INFO] [stdout] 
[INFO] [stdout] 
[INFO] [stdout] # JMH version: 1.37
[INFO] [stdout] # VM version: JDK 26.0.1, OpenJDK 64-Bit Server VM, 26.0.1+8
[INFO] [stdout] # VM invoker: /opt/java/openjdk/bin/java
[INFO] [stdout] # VM options: --enable-preview --add-modules=jdk.incubator.vector -Dnitro.clickbench.hits.path= -Xmx12g -XX:+UseTransparentHugePages -Dnitro.tpcds.parquet.path=/root/data/tpcds-parquet-sf10 -Dnitro.tpcds.parquet.schema=sf10 -Dnitro.debug.versionedDictionaryPredicates=true
[INFO] [stdout] # Blackhole mode: compiler (auto-detected, use -Djmh.blackhole.autoDetect=false to disable)
[INFO] [stdout] # Warmup: <none>
[INFO] [stdout] # Measurement: 1 iterations, 1 ms each
[INFO] [stdout] # Timeout: 30 min per iteration
[INFO] [stdout] # Threads: 1 thread, will synchronize iterations
[INFO] [stdout] # Benchmark mode: Average time, time/op
[INFO] [stdout] # Benchmark: org.weakref.nitro.tpcds.BenchmarkQueries.query71
[INFO] [stdout] 
[INFO] [stdout] # Run progress: 70.71% complete, ETA 00:00:52
[INFO] [stdout] # Fork: 1 of 1
[INFO] [stdout] WARNING: Using incubator modules: jdk.incubator.vector
[INFO] [stdout] WARNING: A terminally deprecated method in sun.misc.Unsafe has been called
[INFO] [stdout] WARNING: sun.misc.Unsafe::objectFieldOffset has been called by org.openjdk.jmh.util.Utils (file:/root/.m2/repository/org/openjdk/jmh/jmh-core/1.37/jmh-core-1.37.jar)
[INFO] [stdout] WARNING: Please consider reporting this to the maintainers of class org.openjdk.jmh.util.Utils
[INFO] [stdout] WARNING: sun.misc.Unsafe::objectFieldOffset will be removed in a future release
[INFO] [stdout] Iteration   1: WARNING: A restricted method in java.lang.foreign.SymbolLookup has been called
[INFO] [stdout] WARNING: java.lang.foreign.SymbolLookup::libraryLookup has been called by io.airlift.compress.v3.internal.NativeLoader in an unnamed module (file:/root/.m2/repository/io/airlift/aircompressor-v3/3.4/aircompressor-v3-3.4.jar)
[INFO] [stdout] WARNING: Use --enable-native-access=ALL-UNNAMED to avoid a warning for callers in this module
[INFO] [stdout] WARNING: Restricted methods will be blocked in a future release unless native access is enabled
[INFO] [stdout] 
[WARNING] [stderr] [versioned-dictionary-predicate] reused chunk=0 entries=1823
[WARNING] [stderr] [versioned-dictionary-predicate] reused chunk=1 entries=101806
[WARNING] [stderr] [versioned-dictionary-predicate] reused chunk=0 entries=1823
[INFO] [stdout] 734.101 ms/op
[INFO] [stdout] 
[INFO] [stdout] 
[INFO] [stdout] Result "org.weakref.nitro.tpcds.BenchmarkQueries.query71":
[INFO] [stdout]   734.101 ms/op
[INFO] [stdout] 
[INFO] [stdout] 
[INFO] [stdout] # JMH version: 1.37
[INFO] [stdout] # VM version: JDK 26.0.1, OpenJDK 64-Bit Server VM, 26.0.1+8
[INFO] [stdout] # VM invoker: /opt/java/openjdk/bin/java
[INFO] [stdout] # VM options: --enable-preview --add-modules=jdk.incubator.vector -Dnitro.clickbench.hits.path= -Xmx12g -XX:+UseTransparentHugePages -Dnitro.tpcds.parquet.path=/root/data/tpcds-parquet-sf10 -Dnitro.tpcds.parquet.schema=sf10 -Dnitro.debug.versionedDictionaryPredicates=true
[INFO] [stdout] # Blackhole mode: compiler (auto-detected, use -Djmh.blackhole.autoDetect=false to disable)
[INFO] [stdout] # Warmup: <none>
[INFO] [stdout] # Measurement: 1 iterations, 1 ms each
[INFO] [stdout] # Timeout: 30 min per iteration
[INFO] [stdout] # Threads: 1 thread, will synchronize iterations
[INFO] [stdout] # Benchmark mode: Average time, time/op
[INFO] [stdout] # Benchmark: org.weakref.nitro.tpcds.BenchmarkQueries.query72
[INFO] [stdout] 
[INFO] [stdout] # Run progress: 71.72% complete, ETA 00:00:50
[INFO] [stdout] # Fork: 1 of 1
[INFO] [stdout] WARNING: Using incubator modules: jdk.incubator.vector
[INFO] [stdout] WARNING: A terminally deprecated method in sun.misc.Unsafe has been called
[INFO] [stdout] WARNING: sun.misc.Unsafe::objectFieldOffset has been called by org.openjdk.jmh.util.Utils (file:/root/.m2/repository/org/openjdk/jmh/jmh-core/1.37/jmh-core-1.37.jar)
[INFO] [stdout] WARNING: Please consider reporting this to the maintainers of class org.openjdk.jmh.util.Utils
[INFO] [stdout] WARNING: sun.misc.Unsafe::objectFieldOffset will be removed in a future release
[INFO] [stdout] Iteration   1: WARNING: A restricted method in java.lang.foreign.SymbolLookup has been called
[INFO] [stdout] WARNING: java.lang.foreign.SymbolLookup::libraryLookup has been called by io.airlift.compress.v3.internal.NativeLoader in an unnamed module (file:/root/.m2/repository/io/airlift/aircompressor-v3/3.4/aircompressor-v3-3.4.jar)
[INFO] [stdout] WARNING: Use --enable-native-access=ALL-UNNAMED to avoid a warning for callers in this module
[INFO] [stdout] WARNING: Restricted methods will be blocked in a future release unless native access is enabled
[INFO] [stdout] 
[WARNING] [stderr] [versioned-dictionary-predicate] reused chunk=0 entries=57
[WARNING] [stderr] [versioned-dictionary-predicate] reused chunk=1 entries=7200
[INFO] [stdout] 2717.222 ms/op
[INFO] [stdout] 
[INFO] [stdout] 
[INFO] [stdout] Result "org.weakref.nitro.tpcds.BenchmarkQueries.query72":
[INFO] [stdout]   2717.222 ms/op
[INFO] [stdout] 
[INFO] [stdout] 
[INFO] [stdout] # JMH version: 1.37
[INFO] [stdout] # VM version: JDK 26.0.1, OpenJDK 64-Bit Server VM, 26.0.1+8
[INFO] [stdout] # VM invoker: /opt/java/openjdk/bin/java
[INFO] [stdout] # VM options: --enable-preview --add-modules=jdk.incubator.vector -Dnitro.clickbench.hits.path= -Xmx12g -XX:+UseTransparentHugePages -Dnitro.tpcds.parquet.path=/root/data/tpcds-parquet-sf10 -Dnitro.tpcds.parquet.schema=sf10 -Dnitro.debug.versionedDictionaryPredicates=true
[INFO] [stdout] # Blackhole mode: compiler (auto-detected, use -Djmh.blackhole.autoDetect=false to disable)
[INFO] [stdout] # Warmup: <none>
[INFO] [stdout] # Measurement: 1 iterations, 1 ms each
[INFO] [stdout] # Timeout: 30 min per iteration
[INFO] [stdout] # Threads: 1 thread, will synchronize iterations
[INFO] [stdout] # Benchmark mode: Average time, time/op
[INFO] [stdout] # Benchmark: org.weakref.nitro.tpcds.BenchmarkQueries.query73
[INFO] [stdout] 
[INFO] [stdout] # Run progress: 72.73% complete, ETA 00:00:48
[INFO] [stdout] # Fork: 1 of 1
[INFO] [stdout] WARNING: Using incubator modules: jdk.incubator.vector
[INFO] [stdout] WARNING: A terminally deprecated method in sun.misc.Unsafe has been called
[INFO] [stdout] WARNING: sun.misc.Unsafe::objectFieldOffset has been called by org.openjdk.jmh.util.Utils (file:/root/.m2/repository/org/openjdk/jmh/jmh-core/1.37/jmh-core-1.37.jar)
[INFO] [stdout] WARNING: Please consider reporting this to the maintainers of class org.openjdk.jmh.util.Utils
[INFO] [stdout] WARNING: sun.misc.Unsafe::objectFieldOffset will be removed in a future release
[INFO] [stdout] Iteration   1: WARNING: A restricted method in java.lang.foreign.SymbolLookup has been called
[INFO] [stdout] WARNING: java.lang.foreign.SymbolLookup::libraryLookup has been called by io.airlift.compress.v3.internal.NativeLoader in an unnamed module (file:/root/.m2/repository/io/airlift/aircompressor-v3/3.4/aircompressor-v3-3.4.jar)
[INFO] [stdout] WARNING: Use --enable-native-access=ALL-UNNAMED to avoid a warning for callers in this module
[INFO] [stdout] WARNING: Restricted methods will be blocked in a future release unless native access is enabled
[INFO] [stdout] 
[WARNING] [stderr] [versioned-dictionary-predicate] reused chunk=0 entries=1823
[INFO] [stdout] 694.343 ms/op
[INFO] [stdout] 
[INFO] [stdout] 
[INFO] [stdout] Result "org.weakref.nitro.tpcds.BenchmarkQueries.query73":
[INFO] [stdout]   694.343 ms/op
[INFO] [stdout] 
[INFO] [stdout] 
[INFO] [stdout] # JMH version: 1.37
[INFO] [stdout] # VM version: JDK 26.0.1, OpenJDK 64-Bit Server VM, 26.0.1+8
[INFO] [stdout] # VM invoker: /opt/java/openjdk/bin/java
[INFO] [stdout] # VM options: --enable-preview --add-modules=jdk.incubator.vector -Dnitro.clickbench.hits.path= -Xmx12g -XX:+UseTransparentHugePages -Dnitro.tpcds.parquet.path=/root/data/tpcds-parquet-sf10 -Dnitro.tpcds.parquet.schema=sf10 -Dnitro.debug.versionedDictionaryPredicates=true
[INFO] [stdout] # Blackhole mode: compiler (auto-detected, use -Djmh.blackhole.autoDetect=false to disable)
[INFO] [stdout] # Warmup: <none>
[INFO] [stdout] # Measurement: 1 iterations, 1 ms each
[INFO] [stdout] # Timeout: 30 min per iteration
[INFO] [stdout] # Threads: 1 thread, will synchronize iterations
[INFO] [stdout] # Benchmark mode: Average time, time/op
[INFO] [stdout] # Benchmark: org.weakref.nitro.tpcds.BenchmarkQueries.query74
[INFO] [stdout] 
[INFO] [stdout] # Run progress: 73.74% complete, ETA 00:00:46
[INFO] [stdout] # Fork: 1 of 1
[INFO] [stdout] WARNING: Using incubator modules: jdk.incubator.vector
[INFO] [stdout] WARNING: A terminally deprecated method in sun.misc.Unsafe has been called
[INFO] [stdout] WARNING: sun.misc.Unsafe::objectFieldOffset has been called by org.openjdk.jmh.util.Utils (file:/root/.m2/repository/org/openjdk/jmh/jmh-core/1.37/jmh-core-1.37.jar)
[INFO] [stdout] WARNING: Please consider reporting this to the maintainers of class org.openjdk.jmh.util.Utils
[INFO] [stdout] WARNING: sun.misc.Unsafe::objectFieldOffset will be removed in a future release
[INFO] [stdout] Iteration   1: WARNING: A restricted method in java.lang.foreign.SymbolLookup has been called
[INFO] [stdout] WARNING: java.lang.foreign.SymbolLookup::libraryLookup has been called by io.airlift.compress.v3.internal.NativeLoader in an unnamed module (file:/root/.m2/repository/io/airlift/aircompressor-v3/3.4/aircompressor-v3-3.4.jar)
[INFO] [stdout] WARNING: Use --enable-native-access=ALL-UNNAMED to avoid a warning for callers in this module
[INFO] [stdout] WARNING: Restricted methods will be blocked in a future release unless native access is enabled
[INFO] [stdout] 
[WARNING] [stderr] [versioned-dictionary-predicate] reused chunk=6 entries=1823
[WARNING] [stderr] [versioned-dictionary-predicate] reused chunk=6 entries=1823
[INFO] [stdout] 1974.398 ms/op
[INFO] [stdout] 
[INFO] [stdout] 
[INFO] [stdout] Result "org.weakref.nitro.tpcds.BenchmarkQueries.query74":
[INFO] [stdout]   1974.398 ms/op
[INFO] [stdout] 
[INFO] [stdout] 
[INFO] [stdout] # JMH version: 1.37
[INFO] [stdout] # VM version: JDK 26.0.1, OpenJDK 64-Bit Server VM, 26.0.1+8
[INFO] [stdout] # VM invoker: /opt/java/openjdk/bin/java
[INFO] [stdout] # VM options: --enable-preview --add-modules=jdk.incubator.vector -Dnitro.clickbench.hits.path= -Xmx12g -XX:+UseTransparentHugePages -Dnitro.tpcds.parquet.path=/root/data/tpcds-parquet-sf10 -Dnitro.tpcds.parquet.schema=sf10 -Dnitro.debug.versionedDictionaryPredicates=true
[INFO] [stdout] # Blackhole mode: compiler (auto-detected, use -Djmh.blackhole.autoDetect=false to disable)
[INFO] [stdout] # Warmup: <none>
[INFO] [stdout] # Measurement: 1 iterations, 1 ms each
[INFO] [stdout] # Timeout: 30 min per iteration
[INFO] [stdout] # Threads: 1 thread, will synchronize iterations
[INFO] [stdout] # Benchmark mode: Average time, time/op
[INFO] [stdout] # Benchmark: org.weakref.nitro.tpcds.BenchmarkQueries.query75
[INFO] [stdout] 
[INFO] [stdout] # Run progress: 74.75% complete, ETA 00:00:44
[INFO] [stdout] # Fork: 1 of 1
[INFO] [stdout] WARNING: Using incubator modules: jdk.incubator.vector
[INFO] [stdout] WARNING: A terminally deprecated method in sun.misc.Unsafe has been called
[INFO] [stdout] WARNING: sun.misc.Unsafe::objectFieldOffset has been called by org.openjdk.jmh.util.Utils (file:/root/.m2/repository/org/openjdk/jmh/jmh-core/1.37/jmh-core-1.37.jar)
[INFO] [stdout] WARNING: Please consider reporting this to the maintainers of class org.openjdk.jmh.util.Utils
[INFO] [stdout] WARNING: sun.misc.Unsafe::objectFieldOffset will be removed in a future release
[INFO] [stdout] Iteration   1: WARNING: A restricted method in java.lang.foreign.SymbolLookup has been called
[INFO] [stdout] WARNING: java.lang.foreign.SymbolLookup::libraryLookup has been called by io.airlift.compress.v3.internal.NativeLoader in an unnamed module (file:/root/.m2/repository/io/airlift/aircompressor-v3/3.4/aircompressor-v3-3.4.jar)
[INFO] [stdout] WARNING: Use --enable-native-access=ALL-UNNAMED to avoid a warning for callers in this module
[INFO] [stdout] WARNING: Restricted methods will be blocked in a future release unless native access is enabled
[INFO] [stdout] 
[WARNING] [stderr] [versioned-dictionary-predicate] reused chunk=1 entries=101806
[WARNING] [stderr] [versioned-dictionary-predicate] reused chunk=0 entries=102000
[WARNING] [stderr] [versioned-dictionary-predicate] reused chunk=0 entries=101989
[WARNING] [stderr] [versioned-dictionary-predicate] reused chunk=1 entries=101806
[WARNING] [stderr] [versioned-dictionary-predicate] reused chunk=0 entries=102000
[WARNING] [stderr] [versioned-dictionary-predicate] reused chunk=0 entries=101989
[INFO] [stdout] 2972.768 ms/op
[INFO] [stdout] 
[INFO] [stdout] 
[INFO] [stdout] Result "org.weakref.nitro.tpcds.BenchmarkQueries.query75":
[INFO] [stdout]   2972.768 ms/op
[INFO] [stdout] 
[INFO] [stdout] 
[INFO] [stdout] # JMH version: 1.37
[INFO] [stdout] # VM version: JDK 26.0.1, OpenJDK 64-Bit Server VM, 26.0.1+8
[INFO] [stdout] # VM invoker: /opt/java/openjdk/bin/java
[INFO] [stdout] # VM options: --enable-preview --add-modules=jdk.incubator.vector -Dnitro.clickbench.hits.path= -Xmx12g -XX:+UseTransparentHugePages -Dnitro.tpcds.parquet.path=/root/data/tpcds-parquet-sf10 -Dnitro.tpcds.parquet.schema=sf10 -Dnitro.debug.versionedDictionaryPredicates=true
[INFO] [stdout] # Blackhole mode: compiler (auto-detected, use -Djmh.blackhole.autoDetect=false to disable)
[INFO] [stdout] # Warmup: <none>
[INFO] [stdout] # Measurement: 1 iterations, 1 ms each
[INFO] [stdout] # Timeout: 30 min per iteration
[INFO] [stdout] # Threads: 1 thread, will synchronize iterations
[INFO] [stdout] # Benchmark mode: Average time, time/op
[INFO] [stdout] # Benchmark: org.weakref.nitro.tpcds.BenchmarkQueries.query76
[INFO] [stdout] 
[INFO] [stdout] # Run progress: 75.76% complete, ETA 00:00:43
[INFO] [stdout] # Fork: 1 of 1
[INFO] [stdout] WARNING: Using incubator modules: jdk.incubator.vector
[INFO] [stdout] WARNING: A terminally deprecated method in sun.misc.Unsafe has been called
[INFO] [stdout] WARNING: sun.misc.Unsafe::objectFieldOffset has been called by org.openjdk.jmh.util.Utils (file:/root/.m2/repository/org/openjdk/jmh/jmh-core/1.37/jmh-core-1.37.jar)
[INFO] [stdout] WARNING: Please consider reporting this to the maintainers of class org.openjdk.jmh.util.Utils
[INFO] [stdout] WARNING: sun.misc.Unsafe::objectFieldOffset will be removed in a future release
[INFO] [stdout] Iteration   1: WARNING: A restricted method in java.lang.foreign.SymbolLookup has been called
[INFO] [stdout] WARNING: java.lang.foreign.SymbolLookup::libraryLookup has been called by io.airlift.compress.v3.internal.NativeLoader in an unnamed module (file:/root/.m2/repository/io/airlift/aircompressor-v3/3.4/aircompressor-v3-3.4.jar)
[INFO] [stdout] WARNING: Use --enable-native-access=ALL-UNNAMED to avoid a warning for callers in this module
[INFO] [stdout] WARNING: Restricted methods will be blocked in a future release unless native access is enabled
[INFO] [stdout] 
[INFO] [stdout] 893.474 ms/op
[INFO] [stdout] 
[INFO] [stdout] 
[INFO] [stdout] Result "org.weakref.nitro.tpcds.BenchmarkQueries.query76":
[INFO] [stdout]   893.474 ms/op
[INFO] [stdout] 
[INFO] [stdout] 
[INFO] [stdout] # JMH version: 1.37
[INFO] [stdout] # VM version: JDK 26.0.1, OpenJDK 64-Bit Server VM, 26.0.1+8
[INFO] [stdout] # VM invoker: /opt/java/openjdk/bin/java
[INFO] [stdout] # VM options: --enable-preview --add-modules=jdk.incubator.vector -Dnitro.clickbench.hits.path= -Xmx12g -XX:+UseTransparentHugePages -Dnitro.tpcds.parquet.path=/root/data/tpcds-parquet-sf10 -Dnitro.tpcds.parquet.schema=sf10 -Dnitro.debug.versionedDictionaryPredicates=true
[INFO] [stdout] # Blackhole mode: compiler (auto-detected, use -Djmh.blackhole.autoDetect=false to disable)
[INFO] [stdout] # Warmup: <none>
[INFO] [stdout] # Measurement: 1 iterations, 1 ms each
[INFO] [stdout] # Timeout: 30 min per iteration
[INFO] [stdout] # Threads: 1 thread, will synchronize iterations
[INFO] [stdout] # Benchmark mode: Average time, time/op
[INFO] [stdout] # Benchmark: org.weakref.nitro.tpcds.BenchmarkQueries.query77
[INFO] [stdout] 
[INFO] [stdout] # Run progress: 76.77% complete, ETA 00:00:41
[INFO] [stdout] # Fork: 1 of 1
[INFO] [stdout] WARNING: Using incubator modules: jdk.incubator.vector
[INFO] [stdout] WARNING: A terminally deprecated method in sun.misc.Unsafe has been called
[INFO] [stdout] WARNING: sun.misc.Unsafe::objectFieldOffset has been called by org.openjdk.jmh.util.Utils (file:/root/.m2/repository/org/openjdk/jmh/jmh-core/1.37/jmh-core-1.37.jar)
[INFO] [stdout] WARNING: Please consider reporting this to the maintainers of class org.openjdk.jmh.util.Utils
[INFO] [stdout] WARNING: sun.misc.Unsafe::objectFieldOffset will be removed in a future release
[INFO] [stdout] Iteration   1: WARNING: A restricted method in java.lang.foreign.SymbolLookup has been called
[INFO] [stdout] WARNING: java.lang.foreign.SymbolLookup::libraryLookup has been called by io.airlift.compress.v3.internal.NativeLoader in an unnamed module (file:/root/.m2/repository/io/airlift/aircompressor-v3/3.4/aircompressor-v3-3.4.jar)
[INFO] [stdout] WARNING: Use --enable-native-access=ALL-UNNAMED to avoid a warning for callers in this module
[INFO] [stdout] WARNING: Restricted methods will be blocked in a future release unless native access is enabled
[INFO] [stdout] 
[WARNING] [stderr] [versioned-dictionary-predicate] reused chunk=0 entries=2003
[WARNING] [stderr] [versioned-dictionary-predicate] reused chunk=0 entries=1823
[WARNING] [stderr] [versioned-dictionary-predicate] reused chunk=0 entries=2092
[WARNING] [stderr] [versioned-dictionary-predicate] reused chunk=1 entries=250
[WARNING] [stderr] [versioned-dictionary-predicate] reused chunk=0 entries=2165
[WARNING] [stderr] [versioned-dictionary-predicate] reused chunk=0 entries=1823
[INFO] [stdout] 607.562 ms/op
[INFO] [stdout] 
[INFO] [stdout] 
[INFO] [stdout] Result "org.weakref.nitro.tpcds.BenchmarkQueries.query77":
[INFO] [stdout]   607.562 ms/op
[INFO] [stdout] 
[INFO] [stdout] 
[INFO] [stdout] # JMH version: 1.37
[INFO] [stdout] # VM version: JDK 26.0.1, OpenJDK 64-Bit Server VM, 26.0.1+8
[INFO] [stdout] # VM invoker: /opt/java/openjdk/bin/java
[INFO] [stdout] # VM options: --enable-preview --add-modules=jdk.incubator.vector -Dnitro.clickbench.hits.path= -Xmx12g -XX:+UseTransparentHugePages -Dnitro.tpcds.parquet.path=/root/data/tpcds-parquet-sf10 -Dnitro.tpcds.parquet.schema=sf10 -Dnitro.debug.versionedDictionaryPredicates=true
[INFO] [stdout] # Blackhole mode: compiler (auto-detected, use -Djmh.blackhole.autoDetect=false to disable)
[INFO] [stdout] # Warmup: <none>
[INFO] [stdout] # Measurement: 1 iterations, 1 ms each
[INFO] [stdout] # Timeout: 30 min per iteration
[INFO] [stdout] # Threads: 1 thread, will synchronize iterations
[INFO] [stdout] # Benchmark mode: Average time, time/op
[INFO] [stdout] # Benchmark: org.weakref.nitro.tpcds.BenchmarkQueries.query78
[INFO] [stdout] 
[INFO] [stdout] # Run progress: 77.78% complete, ETA 00:00:39
[INFO] [stdout] # Fork: 1 of 1
[INFO] [stdout] WARNING: Using incubator modules: jdk.incubator.vector
[INFO] [stdout] WARNING: A terminally deprecated method in sun.misc.Unsafe has been called
[INFO] [stdout] WARNING: sun.misc.Unsafe::objectFieldOffset has been called by org.openjdk.jmh.util.Utils (file:/root/.m2/repository/org/openjdk/jmh/jmh-core/1.37/jmh-core-1.37.jar)
[INFO] [stdout] WARNING: Please consider reporting this to the maintainers of class org.openjdk.jmh.util.Utils
[INFO] [stdout] WARNING: sun.misc.Unsafe::objectFieldOffset will be removed in a future release
[INFO] [stdout] Iteration   1: WARNING: A restricted method in java.lang.foreign.SymbolLookup has been called
[INFO] [stdout] WARNING: java.lang.foreign.SymbolLookup::libraryLookup has been called by io.airlift.compress.v3.internal.NativeLoader in an unnamed module (file:/root/.m2/repository/io/airlift/aircompressor-v3/3.4/aircompressor-v3-3.4.jar)
[INFO] [stdout] WARNING: Use --enable-native-access=ALL-UNNAMED to avoid a warning for callers in this module
[INFO] [stdout] WARNING: Restricted methods will be blocked in a future release unless native access is enabled
[INFO] [stdout] 
[WARNING] [stderr] [versioned-dictionary-predicate] reused chunk=1 entries=250
[WARNING] [stderr] [versioned-dictionary-predicate] reused chunk=0 entries=1823
[WARNING] [stderr] [versioned-dictionary-predicate] reused chunk=0 entries=1823
[INFO] [stdout] 3221.092 ms/op
[INFO] [stdout] 
[INFO] [stdout] 
[INFO] [stdout] Result "org.weakref.nitro.tpcds.BenchmarkQueries.query78":
[INFO] [stdout]   3221.092 ms/op
[INFO] [stdout] 
[INFO] [stdout] 
[INFO] [stdout] # JMH version: 1.37
[INFO] [stdout] # VM version: JDK 26.0.1, OpenJDK 64-Bit Server VM, 26.0.1+8
[INFO] [stdout] # VM invoker: /opt/java/openjdk/bin/java
[INFO] [stdout] # VM options: --enable-preview --add-modules=jdk.incubator.vector -Dnitro.clickbench.hits.path= -Xmx12g -XX:+UseTransparentHugePages -Dnitro.tpcds.parquet.path=/root/data/tpcds-parquet-sf10 -Dnitro.tpcds.parquet.schema=sf10 -Dnitro.debug.versionedDictionaryPredicates=true
[INFO] [stdout] # Blackhole mode: compiler (auto-detected, use -Djmh.blackhole.autoDetect=false to disable)
[INFO] [stdout] # Warmup: <none>
[INFO] [stdout] # Measurement: 1 iterations, 1 ms each
[INFO] [stdout] # Timeout: 30 min per iteration
[INFO] [stdout] # Threads: 1 thread, will synchronize iterations
[INFO] [stdout] # Benchmark mode: Average time, time/op
[INFO] [stdout] # Benchmark: org.weakref.nitro.tpcds.BenchmarkQueries.query79
[INFO] [stdout] 
[INFO] [stdout] # Run progress: 78.79% complete, ETA 00:00:38
[INFO] [stdout] # Fork: 1 of 1
[INFO] [stdout] WARNING: Using incubator modules: jdk.incubator.vector
[INFO] [stdout] WARNING: A terminally deprecated method in sun.misc.Unsafe has been called
[INFO] [stdout] WARNING: sun.misc.Unsafe::objectFieldOffset has been called by org.openjdk.jmh.util.Utils (file:/root/.m2/repository/org/openjdk/jmh/jmh-core/1.37/jmh-core-1.37.jar)
[INFO] [stdout] WARNING: Please consider reporting this to the maintainers of class org.openjdk.jmh.util.Utils
[INFO] [stdout] WARNING: sun.misc.Unsafe::objectFieldOffset will be removed in a future release
[INFO] [stdout] Iteration   1: WARNING: A restricted method in java.lang.foreign.SymbolLookup has been called
[INFO] [stdout] WARNING: java.lang.foreign.SymbolLookup::libraryLookup has been called by io.airlift.compress.v3.internal.NativeLoader in an unnamed module (file:/root/.m2/repository/io/airlift/aircompressor-v3/3.4/aircompressor-v3-3.4.jar)
[INFO] [stdout] WARNING: Use --enable-native-access=ALL-UNNAMED to avoid a warning for callers in this module
[INFO] [stdout] WARNING: Restricted methods will be blocked in a future release unless native access is enabled
[INFO] [stdout] 
[WARNING] [stderr] [versioned-dictionary-predicate] reused chunk=0 entries=1823
[INFO] [stdout] 1086.425 ms/op
[INFO] [stdout] 
[INFO] [stdout] 
[INFO] [stdout] Result "org.weakref.nitro.tpcds.BenchmarkQueries.query79":
[INFO] [stdout]   1086.425 ms/op
[INFO] [stdout] 
[INFO] [stdout] 
[INFO] [stdout] # JMH version: 1.37
[INFO] [stdout] # VM version: JDK 26.0.1, OpenJDK 64-Bit Server VM, 26.0.1+8
[INFO] [stdout] # VM invoker: /opt/java/openjdk/bin/java
[INFO] [stdout] # VM options: --enable-preview --add-modules=jdk.incubator.vector -Dnitro.clickbench.hits.path= -Xmx12g -XX:+UseTransparentHugePages -Dnitro.tpcds.parquet.path=/root/data/tpcds-parquet-sf10 -Dnitro.tpcds.parquet.schema=sf10 -Dnitro.debug.versionedDictionaryPredicates=true
[INFO] [stdout] # Blackhole mode: compiler (auto-detected, use -Djmh.blackhole.autoDetect=false to disable)
[INFO] [stdout] # Warmup: <none>
[INFO] [stdout] # Measurement: 1 iterations, 1 ms each
[INFO] [stdout] # Timeout: 30 min per iteration
[INFO] [stdout] # Threads: 1 thread, will synchronize iterations
[INFO] [stdout] # Benchmark mode: Average time, time/op
[INFO] [stdout] # Benchmark: org.weakref.nitro.tpcds.BenchmarkQueries.query80
[INFO] [stdout] 
[INFO] [stdout] # Run progress: 79.80% complete, ETA 00:00:36
[INFO] [stdout] # Fork: 1 of 1
[INFO] [stdout] WARNING: Using incubator modules: jdk.incubator.vector
[INFO] [stdout] WARNING: A terminally deprecated method in sun.misc.Unsafe has been called
[INFO] [stdout] WARNING: sun.misc.Unsafe::objectFieldOffset has been called by org.openjdk.jmh.util.Utils (file:/root/.m2/repository/org/openjdk/jmh/jmh-core/1.37/jmh-core-1.37.jar)
[INFO] [stdout] WARNING: Please consider reporting this to the maintainers of class org.openjdk.jmh.util.Utils
[INFO] [stdout] WARNING: sun.misc.Unsafe::objectFieldOffset will be removed in a future release
[INFO] [stdout] Iteration   1: WARNING: A restricted method in java.lang.foreign.SymbolLookup has been called
[INFO] [stdout] WARNING: java.lang.foreign.SymbolLookup::libraryLookup has been called by io.airlift.compress.v3.internal.NativeLoader in an unnamed module (file:/root/.m2/repository/io/airlift/aircompressor-v3/3.4/aircompressor-v3-3.4.jar)
[INFO] [stdout] WARNING: Use --enable-native-access=ALL-UNNAMED to avoid a warning for callers in this module
[INFO] [stdout] WARNING: Restricted methods will be blocked in a future release unless native access is enabled
[INFO] [stdout] 
[WARNING] [stderr] [versioned-dictionary-predicate] reused chunk=0 entries=1823
[WARNING] [stderr] [versioned-dictionary-predicate] reused chunk=1 entries=101806
[WARNING] [stderr] [versioned-dictionary-predicate] reused chunk=0 entries=1823
[INFO] [stdout] 1089.602 ms/op
[INFO] [stdout] 
[INFO] [stdout] 
[INFO] [stdout] Result "org.weakref.nitro.tpcds.BenchmarkQueries.query80":
[INFO] [stdout]   1089.602 ms/op
[INFO] [stdout] 
[INFO] [stdout] 
[INFO] [stdout] # JMH version: 1.37
[INFO] [stdout] # VM version: JDK 26.0.1, OpenJDK 64-Bit Server VM, 26.0.1+8
[INFO] [stdout] # VM invoker: /opt/java/openjdk/bin/java
[INFO] [stdout] # VM options: --enable-preview --add-modules=jdk.incubator.vector -Dnitro.clickbench.hits.path= -Xmx12g -XX:+UseTransparentHugePages -Dnitro.tpcds.parquet.path=/root/data/tpcds-parquet-sf10 -Dnitro.tpcds.parquet.schema=sf10 -Dnitro.debug.versionedDictionaryPredicates=true
[INFO] [stdout] # Blackhole mode: compiler (auto-detected, use -Djmh.blackhole.autoDetect=false to disable)
[INFO] [stdout] # Warmup: <none>
[INFO] [stdout] # Measurement: 1 iterations, 1 ms each
[INFO] [stdout] # Timeout: 30 min per iteration
[INFO] [stdout] # Threads: 1 thread, will synchronize iterations
[INFO] [stdout] # Benchmark mode: Average time, time/op
[INFO] [stdout] # Benchmark: org.weakref.nitro.tpcds.BenchmarkQueries.query81
[INFO] [stdout] 
[INFO] [stdout] # Run progress: 80.81% complete, ETA 00:00:34
[INFO] [stdout] # Fork: 1 of 1
[INFO] [stdout] WARNING: Using incubator modules: jdk.incubator.vector
[INFO] [stdout] WARNING: A terminally deprecated method in sun.misc.Unsafe has been called
[INFO] [stdout] WARNING: sun.misc.Unsafe::objectFieldOffset has been called by org.openjdk.jmh.util.Utils (file:/root/.m2/repository/org/openjdk/jmh/jmh-core/1.37/jmh-core-1.37.jar)
[INFO] [stdout] WARNING: Please consider reporting this to the maintainers of class org.openjdk.jmh.util.Utils
[INFO] [stdout] WARNING: sun.misc.Unsafe::objectFieldOffset will be removed in a future release
[INFO] [stdout] Iteration   1: WARNING: A restricted method in java.lang.foreign.SymbolLookup has been called
[INFO] [stdout] WARNING: java.lang.foreign.SymbolLookup::libraryLookup has been called by io.airlift.compress.v3.internal.NativeLoader in an unnamed module (file:/root/.m2/repository/io/airlift/aircompressor-v3/3.4/aircompressor-v3-3.4.jar)
[INFO] [stdout] WARNING: Use --enable-native-access=ALL-UNNAMED to avoid a warning for callers in this module
[INFO] [stdout] WARNING: Restricted methods will be blocked in a future release unless native access is enabled
[INFO] [stdout] 
[WARNING] [stderr] [versioned-dictionary-predicate] reused chunk=0 entries=2092
[WARNING] [stderr] [versioned-dictionary-predicate] reused chunk=0 entries=2092
[INFO] [stdout] 774.825 ms/op
[INFO] [stdout] 
[INFO] [stdout] 
[INFO] [stdout] Result "org.weakref.nitro.tpcds.BenchmarkQueries.query81":
[INFO] [stdout]   774.825 ms/op
[INFO] [stdout] 
[INFO] [stdout] 
[INFO] [stdout] # JMH version: 1.37
[INFO] [stdout] # VM version: JDK 26.0.1, OpenJDK 64-Bit Server VM, 26.0.1+8
[INFO] [stdout] # VM invoker: /opt/java/openjdk/bin/java
[INFO] [stdout] # VM options: --enable-preview --add-modules=jdk.incubator.vector -Dnitro.clickbench.hits.path= -Xmx12g -XX:+UseTransparentHugePages -Dnitro.tpcds.parquet.path=/root/data/tpcds-parquet-sf10 -Dnitro.tpcds.parquet.schema=sf10 -Dnitro.debug.versionedDictionaryPredicates=true
[INFO] [stdout] # Blackhole mode: compiler (auto-detected, use -Djmh.blackhole.autoDetect=false to disable)
[INFO] [stdout] # Warmup: <none>
[INFO] [stdout] # Measurement: 1 iterations, 1 ms each
[INFO] [stdout] # Timeout: 30 min per iteration
[INFO] [stdout] # Threads: 1 thread, will synchronize iterations
[INFO] [stdout] # Benchmark mode: Average time, time/op
[INFO] [stdout] # Benchmark: org.weakref.nitro.tpcds.BenchmarkQueries.query82
[INFO] [stdout] 
[INFO] [stdout] # Run progress: 81.82% complete, ETA 00:00:32
[INFO] [stdout] # Fork: 1 of 1
[INFO] [stdout] WARNING: Using incubator modules: jdk.incubator.vector
[INFO] [stdout] WARNING: A terminally deprecated method in sun.misc.Unsafe has been called
[INFO] [stdout] WARNING: sun.misc.Unsafe::objectFieldOffset has been called by org.openjdk.jmh.util.Utils (file:/root/.m2/repository/org/openjdk/jmh/jmh-core/1.37/jmh-core-1.37.jar)
[INFO] [stdout] WARNING: Please consider reporting this to the maintainers of class org.openjdk.jmh.util.Utils
[INFO] [stdout] WARNING: sun.misc.Unsafe::objectFieldOffset will be removed in a future release
[INFO] [stdout] Iteration   1: WARNING: A restricted method in java.lang.foreign.SymbolLookup has been called
[INFO] [stdout] WARNING: java.lang.foreign.SymbolLookup::libraryLookup has been called by io.airlift.compress.v3.internal.NativeLoader in an unnamed module (file:/root/.m2/repository/io/airlift/aircompressor-v3/3.4/aircompressor-v3-3.4.jar)
[INFO] [stdout] WARNING: Use --enable-native-access=ALL-UNNAMED to avoid a warning for callers in this module
[INFO] [stdout] WARNING: Restricted methods will be blocked in a future release unless native access is enabled
[INFO] [stdout] 
[INFO] [stdout] 2780.483 ms/op
[INFO] [stdout] 
[INFO] [stdout] 
[INFO] [stdout] Result "org.weakref.nitro.tpcds.BenchmarkQueries.query82":
[INFO] [stdout]   2780.483 ms/op
[INFO] [stdout] 
[INFO] [stdout] 
[INFO] [stdout] # JMH version: 1.37
[INFO] [stdout] # VM version: JDK 26.0.1, OpenJDK 64-Bit Server VM, 26.0.1+8
[INFO] [stdout] # VM invoker: /opt/java/openjdk/bin/java
[INFO] [stdout] # VM options: --enable-preview --add-modules=jdk.incubator.vector -Dnitro.clickbench.hits.path= -Xmx12g -XX:+UseTransparentHugePages -Dnitro.tpcds.parquet.path=/root/data/tpcds-parquet-sf10 -Dnitro.tpcds.parquet.schema=sf10 -Dnitro.debug.versionedDictionaryPredicates=true
[INFO] [stdout] # Blackhole mode: compiler (auto-detected, use -Djmh.blackhole.autoDetect=false to disable)
[INFO] [stdout] # Warmup: <none>
[INFO] [stdout] # Measurement: 1 iterations, 1 ms each
[INFO] [stdout] # Timeout: 30 min per iteration
[INFO] [stdout] # Threads: 1 thread, will synchronize iterations
[INFO] [stdout] # Benchmark mode: Average time, time/op
[INFO] [stdout] # Benchmark: org.weakref.nitro.tpcds.BenchmarkQueries.query83
[INFO] [stdout] 
[INFO] [stdout] # Run progress: 82.83% complete, ETA 00:00:30
[INFO] [stdout] # Fork: 1 of 1
[INFO] [stdout] WARNING: Using incubator modules: jdk.incubator.vector
[INFO] [stdout] WARNING: A terminally deprecated method in sun.misc.Unsafe has been called
[INFO] [stdout] WARNING: sun.misc.Unsafe::objectFieldOffset has been called by org.openjdk.jmh.util.Utils (file:/root/.m2/repository/org/openjdk/jmh/jmh-core/1.37/jmh-core-1.37.jar)
[INFO] [stdout] WARNING: Please consider reporting this to the maintainers of class org.openjdk.jmh.util.Utils
[INFO] [stdout] WARNING: sun.misc.Unsafe::objectFieldOffset will be removed in a future release
[INFO] [stdout] Iteration   1: WARNING: A restricted method in java.lang.foreign.SymbolLookup has been called
[INFO] [stdout] WARNING: java.lang.foreign.SymbolLookup::libraryLookup has been called by io.airlift.compress.v3.internal.NativeLoader in an unnamed module (file:/root/.m2/repository/io/airlift/aircompressor-v3/3.4/aircompressor-v3-3.4.jar)
[INFO] [stdout] WARNING: Use --enable-native-access=ALL-UNNAMED to avoid a warning for callers in this module
[INFO] [stdout] WARNING: Restricted methods will be blocked in a future release unless native access is enabled
[INFO] [stdout] 
[INFO] [stdout] 448.799 ms/op
[INFO] [stdout] 
[INFO] [stdout] 
[INFO] [stdout] Result "org.weakref.nitro.tpcds.BenchmarkQueries.query83":
[INFO] [stdout]   448.799 ms/op
[INFO] [stdout] 
[INFO] [stdout] 
[INFO] [stdout] # JMH version: 1.37
[INFO] [stdout] # VM version: JDK 26.0.1, OpenJDK 64-Bit Server VM, 26.0.1+8
[INFO] [stdout] # VM invoker: /opt/java/openjdk/bin/java
[INFO] [stdout] # VM options: --enable-preview --add-modules=jdk.incubator.vector -Dnitro.clickbench.hits.path= -Xmx12g -XX:+UseTransparentHugePages -Dnitro.tpcds.parquet.path=/root/data/tpcds-parquet-sf10 -Dnitro.tpcds.parquet.schema=sf10 -Dnitro.debug.versionedDictionaryPredicates=true
[INFO] [stdout] # Blackhole mode: compiler (auto-detected, use -Djmh.blackhole.autoDetect=false to disable)
[INFO] [stdout] # Warmup: <none>
[INFO] [stdout] # Measurement: 1 iterations, 1 ms each
[INFO] [stdout] # Timeout: 30 min per iteration
[INFO] [stdout] # Threads: 1 thread, will synchronize iterations
[INFO] [stdout] # Benchmark mode: Average time, time/op
[INFO] [stdout] # Benchmark: org.weakref.nitro.tpcds.BenchmarkQueries.query84
[INFO] [stdout] 
[INFO] [stdout] # Run progress: 83.84% complete, ETA 00:00:28
[INFO] [stdout] # Fork: 1 of 1
[INFO] [stdout] WARNING: Using incubator modules: jdk.incubator.vector
[INFO] [stdout] WARNING: A terminally deprecated method in sun.misc.Unsafe has been called
[INFO] [stdout] WARNING: sun.misc.Unsafe::objectFieldOffset has been called by org.openjdk.jmh.util.Utils (file:/root/.m2/repository/org/openjdk/jmh/jmh-core/1.37/jmh-core-1.37.jar)
[INFO] [stdout] WARNING: Please consider reporting this to the maintainers of class org.openjdk.jmh.util.Utils
[INFO] [stdout] WARNING: sun.misc.Unsafe::objectFieldOffset will be removed in a future release
[INFO] [stdout] Iteration   1: WARNING: A restricted method in java.lang.foreign.SymbolLookup has been called
[INFO] [stdout] WARNING: java.lang.foreign.SymbolLookup::libraryLookup has been called by io.airlift.compress.v3.internal.NativeLoader in an unnamed module (file:/root/.m2/repository/io/airlift/aircompressor-v3/3.4/aircompressor-v3-3.4.jar)
[INFO] [stdout] WARNING: Use --enable-native-access=ALL-UNNAMED to avoid a warning for callers in this module
[INFO] [stdout] WARNING: Restricted methods will be blocked in a future release unless native access is enabled
[INFO] [stdout] 
[INFO] [stdout] 355.129 ms/op
[INFO] [stdout] 
[INFO] [stdout] 
[INFO] [stdout] Result "org.weakref.nitro.tpcds.BenchmarkQueries.query84":
[INFO] [stdout]   355.129 ms/op
[INFO] [stdout] 
[INFO] [stdout] 
[INFO] [stdout] # JMH version: 1.37
[INFO] [stdout] # VM version: JDK 26.0.1, OpenJDK 64-Bit Server VM, 26.0.1+8
[INFO] [stdout] # VM invoker: /opt/java/openjdk/bin/java
[INFO] [stdout] # VM options: --enable-preview --add-modules=jdk.incubator.vector -Dnitro.clickbench.hits.path= -Xmx12g -XX:+UseTransparentHugePages -Dnitro.tpcds.parquet.path=/root/data/tpcds-parquet-sf10 -Dnitro.tpcds.parquet.schema=sf10 -Dnitro.debug.versionedDictionaryPredicates=true
[INFO] [stdout] # Blackhole mode: compiler (auto-detected, use -Djmh.blackhole.autoDetect=false to disable)
[INFO] [stdout] # Warmup: <none>
[INFO] [stdout] # Measurement: 1 iterations, 1 ms each
[INFO] [stdout] # Timeout: 30 min per iteration
[INFO] [stdout] # Threads: 1 thread, will synchronize iterations
[INFO] [stdout] # Benchmark mode: Average time, time/op
[INFO] [stdout] # Benchmark: org.weakref.nitro.tpcds.BenchmarkQueries.query85
[INFO] [stdout] 
[INFO] [stdout] # Run progress: 84.85% complete, ETA 00:00:26
[INFO] [stdout] # Fork: 1 of 1
[INFO] [stdout] WARNING: Using incubator modules: jdk.incubator.vector
[INFO] [stdout] WARNING: A terminally deprecated method in sun.misc.Unsafe has been called
[INFO] [stdout] WARNING: sun.misc.Unsafe::objectFieldOffset has been called by org.openjdk.jmh.util.Utils (file:/root/.m2/repository/org/openjdk/jmh/jmh-core/1.37/jmh-core-1.37.jar)
[INFO] [stdout] WARNING: Please consider reporting this to the maintainers of class org.openjdk.jmh.util.Utils
[INFO] [stdout] WARNING: sun.misc.Unsafe::objectFieldOffset will be removed in a future release
[INFO] [stdout] Iteration   1: WARNING: A restricted method in java.lang.foreign.SymbolLookup has been called
[INFO] [stdout] WARNING: java.lang.foreign.SymbolLookup::libraryLookup has been called by io.airlift.compress.v3.internal.NativeLoader in an unnamed module (file:/root/.m2/repository/io/airlift/aircompressor-v3/3.4/aircompressor-v3-3.4.jar)
[INFO] [stdout] WARNING: Use --enable-native-access=ALL-UNNAMED to avoid a warning for callers in this module
[INFO] [stdout] WARNING: Restricted methods will be blocked in a future release unless native access is enabled
[INFO] [stdout] 
[WARNING] [stderr] [versioned-dictionary-predicate] reused chunk=0 entries=1823
[INFO] [stdout] 1070.759 ms/op
[INFO] [stdout] 
[INFO] [stdout] 
[INFO] [stdout] Result "org.weakref.nitro.tpcds.BenchmarkQueries.query85":
[INFO] [stdout]   1070.759 ms/op
[INFO] [stdout] 
[INFO] [stdout] 
[INFO] [stdout] # JMH version: 1.37
[INFO] [stdout] # VM version: JDK 26.0.1, OpenJDK 64-Bit Server VM, 26.0.1+8
[INFO] [stdout] # VM invoker: /opt/java/openjdk/bin/java
[INFO] [stdout] # VM options: --enable-preview --add-modules=jdk.incubator.vector -Dnitro.clickbench.hits.path= -Xmx12g -XX:+UseTransparentHugePages -Dnitro.tpcds.parquet.path=/root/data/tpcds-parquet-sf10 -Dnitro.tpcds.parquet.schema=sf10 -Dnitro.debug.versionedDictionaryPredicates=true
[INFO] [stdout] # Blackhole mode: compiler (auto-detected, use -Djmh.blackhole.autoDetect=false to disable)
[INFO] [stdout] # Warmup: <none>
[INFO] [stdout] # Measurement: 1 iterations, 1 ms each
[INFO] [stdout] # Timeout: 30 min per iteration
[INFO] [stdout] # Threads: 1 thread, will synchronize iterations
[INFO] [stdout] # Benchmark mode: Average time, time/op
[INFO] [stdout] # Benchmark: org.weakref.nitro.tpcds.BenchmarkQueries.query86
[INFO] [stdout] 
[INFO] [stdout] # Run progress: 85.86% complete, ETA 00:00:24
[INFO] [stdout] # Fork: 1 of 1
[INFO] [stdout] WARNING: Using incubator modules: jdk.incubator.vector
[INFO] [stdout] WARNING: A terminally deprecated method in sun.misc.Unsafe has been called
[INFO] [stdout] WARNING: sun.misc.Unsafe::objectFieldOffset has been called by org.openjdk.jmh.util.Utils (file:/root/.m2/repository/org/openjdk/jmh/jmh-core/1.37/jmh-core-1.37.jar)
[INFO] [stdout] WARNING: Please consider reporting this to the maintainers of class org.openjdk.jmh.util.Utils
[INFO] [stdout] WARNING: sun.misc.Unsafe::objectFieldOffset will be removed in a future release
[INFO] [stdout] Iteration   1: WARNING: A restricted method in java.lang.foreign.SymbolLookup has been called
[INFO] [stdout] WARNING: java.lang.foreign.SymbolLookup::libraryLookup has been called by io.airlift.compress.v3.internal.NativeLoader in an unnamed module (file:/root/.m2/repository/io/airlift/aircompressor-v3/3.4/aircompressor-v3-3.4.jar)
[INFO] [stdout] WARNING: Use --enable-native-access=ALL-UNNAMED to avoid a warning for callers in this module
[INFO] [stdout] WARNING: Restricted methods will be blocked in a future release unless native access is enabled
[INFO] [stdout] 
[INFO] [stdout] 494.018 ms/op
[INFO] [stdout] 
[INFO] [stdout] 
[INFO] [stdout] Result "org.weakref.nitro.tpcds.BenchmarkQueries.query86":
[INFO] [stdout]   494.018 ms/op
[INFO] [stdout] 
[INFO] [stdout] 
[INFO] [stdout] # JMH version: 1.37
[INFO] [stdout] # VM version: JDK 26.0.1, OpenJDK 64-Bit Server VM, 26.0.1+8
[INFO] [stdout] # VM invoker: /opt/java/openjdk/bin/java
[INFO] [stdout] # VM options: --enable-preview --add-modules=jdk.incubator.vector -Dnitro.clickbench.hits.path= -Xmx12g -XX:+UseTransparentHugePages -Dnitro.tpcds.parquet.path=/root/data/tpcds-parquet-sf10 -Dnitro.tpcds.parquet.schema=sf10 -Dnitro.debug.versionedDictionaryPredicates=true
[INFO] [stdout] # Blackhole mode: compiler (auto-detected, use -Djmh.blackhole.autoDetect=false to disable)
[INFO] [stdout] # Warmup: <none>
[INFO] [stdout] # Measurement: 1 iterations, 1 ms each
[INFO] [stdout] # Timeout: 30 min per iteration
[INFO] [stdout] # Threads: 1 thread, will synchronize iterations
[INFO] [stdout] # Benchmark mode: Average time, time/op
[INFO] [stdout] # Benchmark: org.weakref.nitro.tpcds.BenchmarkQueries.query87
[INFO] [stdout] 
[INFO] [stdout] # Run progress: 86.87% complete, ETA 00:00:22
[INFO] [stdout] # Fork: 1 of 1
[INFO] [stdout] WARNING: Using incubator modules: jdk.incubator.vector
[INFO] [stdout] WARNING: A terminally deprecated method in sun.misc.Unsafe has been called
[INFO] [stdout] WARNING: sun.misc.Unsafe::objectFieldOffset has been called by org.openjdk.jmh.util.Utils (file:/root/.m2/repository/org/openjdk/jmh/jmh-core/1.37/jmh-core-1.37.jar)
[INFO] [stdout] WARNING: Please consider reporting this to the maintainers of class org.openjdk.jmh.util.Utils
[INFO] [stdout] WARNING: sun.misc.Unsafe::objectFieldOffset will be removed in a future release
[INFO] [stdout] Iteration   1: WARNING: A restricted method in java.lang.foreign.SymbolLookup has been called
[INFO] [stdout] WARNING: java.lang.foreign.SymbolLookup::libraryLookup has been called by io.airlift.compress.v3.internal.NativeLoader in an unnamed module (file:/root/.m2/repository/io/airlift/aircompressor-v3/3.4/aircompressor-v3-3.4.jar)
[INFO] [stdout] WARNING: Use --enable-native-access=ALL-UNNAMED to avoid a warning for callers in this module
[INFO] [stdout] WARNING: Restricted methods will be blocked in a future release unless native access is enabled
[INFO] [stdout] 
[WARNING] [stderr] [versioned-dictionary-predicate] reused chunk=6 entries=1823
[INFO] [stdout] 1500.855 ms/op
[INFO] [stdout] 
[INFO] [stdout] 
[INFO] [stdout] Result "org.weakref.nitro.tpcds.BenchmarkQueries.query87":
[INFO] [stdout]   1500.855 ms/op
[INFO] [stdout] 
[INFO] [stdout] 
[INFO] [stdout] # JMH version: 1.37
[INFO] [stdout] # VM version: JDK 26.0.1, OpenJDK 64-Bit Server VM, 26.0.1+8
[INFO] [stdout] # VM invoker: /opt/java/openjdk/bin/java
[INFO] [stdout] # VM options: --enable-preview --add-modules=jdk.incubator.vector -Dnitro.clickbench.hits.path= -Xmx12g -XX:+UseTransparentHugePages -Dnitro.tpcds.parquet.path=/root/data/tpcds-parquet-sf10 -Dnitro.tpcds.parquet.schema=sf10 -Dnitro.debug.versionedDictionaryPredicates=true
[INFO] [stdout] # Blackhole mode: compiler (auto-detected, use -Djmh.blackhole.autoDetect=false to disable)
[INFO] [stdout] # Warmup: <none>
[INFO] [stdout] # Measurement: 1 iterations, 1 ms each
[INFO] [stdout] # Timeout: 30 min per iteration
[INFO] [stdout] # Threads: 1 thread, will synchronize iterations
[INFO] [stdout] # Benchmark mode: Average time, time/op
[INFO] [stdout] # Benchmark: org.weakref.nitro.tpcds.BenchmarkQueries.query88
[INFO] [stdout] 
[INFO] [stdout] # Run progress: 87.88% complete, ETA 00:00:20
[INFO] [stdout] # Fork: 1 of 1
[INFO] [stdout] WARNING: Using incubator modules: jdk.incubator.vector
[INFO] [stdout] WARNING: A terminally deprecated method in sun.misc.Unsafe has been called
[INFO] [stdout] WARNING: sun.misc.Unsafe::objectFieldOffset has been called by org.openjdk.jmh.util.Utils (file:/root/.m2/repository/org/openjdk/jmh/jmh-core/1.37/jmh-core-1.37.jar)
[INFO] [stdout] WARNING: Please consider reporting this to the maintainers of class org.openjdk.jmh.util.Utils
[INFO] [stdout] WARNING: sun.misc.Unsafe::objectFieldOffset will be removed in a future release
[INFO] [stdout] Iteration   1: WARNING: A restricted method in java.lang.foreign.SymbolLookup has been called
[INFO] [stdout] WARNING: java.lang.foreign.SymbolLookup::libraryLookup has been called by io.airlift.compress.v3.internal.NativeLoader in an unnamed module (file:/root/.m2/repository/io/airlift/aircompressor-v3/3.4/aircompressor-v3-3.4.jar)
[INFO] [stdout] WARNING: Use --enable-native-access=ALL-UNNAMED to avoid a warning for callers in this module
[INFO] [stdout] WARNING: Restricted methods will be blocked in a future release unless native access is enabled
[INFO] [stdout] 
[WARNING] [stderr] [versioned-dictionary-predicate] reused chunk=6 entries=45532
[WARNING] [stderr] [versioned-dictionary-predicate] reused chunk=6 entries=45532
[WARNING] [stderr] [versioned-dictionary-predicate] reused chunk=6 entries=45532
[WARNING] [stderr] [versioned-dictionary-predicate] reused chunk=6 entries=45532
[WARNING] [stderr] [versioned-dictionary-predicate] reused chunk=6 entries=45532
[WARNING] [stderr] [versioned-dictionary-predicate] reused chunk=6 entries=45532
[WARNING] [stderr] [versioned-dictionary-predicate] reused chunk=6 entries=45532
[WARNING] [stderr] [versioned-dictionary-predicate] reused chunk=6 entries=45532
[INFO] [stdout] 1468.300 ms/op
[INFO] [stdout] 
[INFO] [stdout] 
[INFO] [stdout] Result "org.weakref.nitro.tpcds.BenchmarkQueries.query88":
[INFO] [stdout]   1468.300 ms/op
[INFO] [stdout] 
[INFO] [stdout] 
[INFO] [stdout] # JMH version: 1.37
[INFO] [stdout] # VM version: JDK 26.0.1, OpenJDK 64-Bit Server VM, 26.0.1+8
[INFO] [stdout] # VM invoker: /opt/java/openjdk/bin/java
[INFO] [stdout] # VM options: --enable-preview --add-modules=jdk.incubator.vector -Dnitro.clickbench.hits.path= -Xmx12g -XX:+UseTransparentHugePages -Dnitro.tpcds.parquet.path=/root/data/tpcds-parquet-sf10 -Dnitro.tpcds.parquet.schema=sf10 -Dnitro.debug.versionedDictionaryPredicates=true
[INFO] [stdout] # Blackhole mode: compiler (auto-detected, use -Djmh.blackhole.autoDetect=false to disable)
[INFO] [stdout] # Warmup: <none>
[INFO] [stdout] # Measurement: 1 iterations, 1 ms each
[INFO] [stdout] # Timeout: 30 min per iteration
[INFO] [stdout] # Threads: 1 thread, will synchronize iterations
[INFO] [stdout] # Benchmark mode: Average time, time/op
[INFO] [stdout] # Benchmark: org.weakref.nitro.tpcds.BenchmarkQueries.query89
[INFO] [stdout] 
[INFO] [stdout] # Run progress: 88.89% complete, ETA 00:00:19
[INFO] [stdout] # Fork: 1 of 1
[INFO] [stdout] WARNING: Using incubator modules: jdk.incubator.vector
[INFO] [stdout] WARNING: A terminally deprecated method in sun.misc.Unsafe has been called
[INFO] [stdout] WARNING: sun.misc.Unsafe::objectFieldOffset has been called by org.openjdk.jmh.util.Utils (file:/root/.m2/repository/org/openjdk/jmh/jmh-core/1.37/jmh-core-1.37.jar)
[INFO] [stdout] WARNING: Please consider reporting this to the maintainers of class org.openjdk.jmh.util.Utils
[INFO] [stdout] WARNING: sun.misc.Unsafe::objectFieldOffset will be removed in a future release
[INFO] [stdout] Iteration   1: WARNING: A restricted method in java.lang.foreign.SymbolLookup has been called
[INFO] [stdout] WARNING: java.lang.foreign.SymbolLookup::libraryLookup has been called by io.airlift.compress.v3.internal.NativeLoader in an unnamed module (file:/root/.m2/repository/io/airlift/aircompressor-v3/3.4/aircompressor-v3-3.4.jar)
[INFO] [stdout] WARNING: Use --enable-native-access=ALL-UNNAMED to avoid a warning for callers in this module
[INFO] [stdout] WARNING: Restricted methods will be blocked in a future release unless native access is enabled
[INFO] [stdout] 
[WARNING] [stderr] [versioned-dictionary-predicate] reused chunk=0 entries=102000
[INFO] [stdout] 796.569 ms/op
[INFO] [stdout] 
[INFO] [stdout] 
[INFO] [stdout] Result "org.weakref.nitro.tpcds.BenchmarkQueries.query89":
[INFO] [stdout]   796.569 ms/op
[INFO] [stdout] 
[INFO] [stdout] 
[INFO] [stdout] # JMH version: 1.37
[INFO] [stdout] # VM version: JDK 26.0.1, OpenJDK 64-Bit Server VM, 26.0.1+8
[INFO] [stdout] # VM invoker: /opt/java/openjdk/bin/java
[INFO] [stdout] # VM options: --enable-preview --add-modules=jdk.incubator.vector -Dnitro.clickbench.hits.path= -Xmx12g -XX:+UseTransparentHugePages -Dnitro.tpcds.parquet.path=/root/data/tpcds-parquet-sf10 -Dnitro.tpcds.parquet.schema=sf10 -Dnitro.debug.versionedDictionaryPredicates=true
[INFO] [stdout] # Blackhole mode: compiler (auto-detected, use -Djmh.blackhole.autoDetect=false to disable)
[INFO] [stdout] # Warmup: <none>
[INFO] [stdout] # Measurement: 1 iterations, 1 ms each
[INFO] [stdout] # Timeout: 30 min per iteration
[INFO] [stdout] # Threads: 1 thread, will synchronize iterations
[INFO] [stdout] # Benchmark mode: Average time, time/op
[INFO] [stdout] # Benchmark: org.weakref.nitro.tpcds.BenchmarkQueries.query90
[INFO] [stdout] 
[INFO] [stdout] # Run progress: 89.90% complete, ETA 00:00:17
[INFO] [stdout] # Fork: 1 of 1
[INFO] [stdout] WARNING: Using incubator modules: jdk.incubator.vector
[INFO] [stdout] WARNING: A terminally deprecated method in sun.misc.Unsafe has been called
[INFO] [stdout] WARNING: sun.misc.Unsafe::objectFieldOffset has been called by org.openjdk.jmh.util.Utils (file:/root/.m2/repository/org/openjdk/jmh/jmh-core/1.37/jmh-core-1.37.jar)
[INFO] [stdout] WARNING: Please consider reporting this to the maintainers of class org.openjdk.jmh.util.Utils
[INFO] [stdout] WARNING: sun.misc.Unsafe::objectFieldOffset will be removed in a future release
[INFO] [stdout] Iteration   1: WARNING: A restricted method in java.lang.foreign.SymbolLookup has been called
[INFO] [stdout] WARNING: java.lang.foreign.SymbolLookup::libraryLookup has been called by io.airlift.compress.v3.internal.NativeLoader in an unnamed module (file:/root/.m2/repository/io/airlift/aircompressor-v3/3.4/aircompressor-v3-3.4.jar)
[INFO] [stdout] WARNING: Use --enable-native-access=ALL-UNNAMED to avoid a warning for callers in this module
[INFO] [stdout] WARNING: Restricted methods will be blocked in a future release unless native access is enabled
[INFO] [stdout] 
[INFO] [stdout] 371.771 ms/op
[INFO] [stdout] 
[INFO] [stdout] 
[INFO] [stdout] Result "org.weakref.nitro.tpcds.BenchmarkQueries.query90":
[INFO] [stdout]   371.771 ms/op
[INFO] [stdout] 
[INFO] [stdout] 
[INFO] [stdout] # JMH version: 1.37
[INFO] [stdout] # VM version: JDK 26.0.1, OpenJDK 64-Bit Server VM, 26.0.1+8
[INFO] [stdout] # VM invoker: /opt/java/openjdk/bin/java
[INFO] [stdout] # VM options: --enable-preview --add-modules=jdk.incubator.vector -Dnitro.clickbench.hits.path= -Xmx12g -XX:+UseTransparentHugePages -Dnitro.tpcds.parquet.path=/root/data/tpcds-parquet-sf10 -Dnitro.tpcds.parquet.schema=sf10 -Dnitro.debug.versionedDictionaryPredicates=true
[INFO] [stdout] # Blackhole mode: compiler (auto-detected, use -Djmh.blackhole.autoDetect=false to disable)
[INFO] [stdout] # Warmup: <none>
[INFO] [stdout] # Measurement: 1 iterations, 1 ms each
[INFO] [stdout] # Timeout: 30 min per iteration
[INFO] [stdout] # Threads: 1 thread, will synchronize iterations
[INFO] [stdout] # Benchmark mode: Average time, time/op
[INFO] [stdout] # Benchmark: org.weakref.nitro.tpcds.BenchmarkQueries.query91
[INFO] [stdout] 
[INFO] [stdout] # Run progress: 90.91% complete, ETA 00:00:15
[INFO] [stdout] # Fork: 1 of 1
[INFO] [stdout] WARNING: Using incubator modules: jdk.incubator.vector
[INFO] [stdout] WARNING: A terminally deprecated method in sun.misc.Unsafe has been called
[INFO] [stdout] WARNING: sun.misc.Unsafe::objectFieldOffset has been called by org.openjdk.jmh.util.Utils (file:/root/.m2/repository/org/openjdk/jmh/jmh-core/1.37/jmh-core-1.37.jar)
[INFO] [stdout] WARNING: Please consider reporting this to the maintainers of class org.openjdk.jmh.util.Utils
[INFO] [stdout] WARNING: sun.misc.Unsafe::objectFieldOffset will be removed in a future release
[INFO] [stdout] Iteration   1: WARNING: A restricted method in java.lang.foreign.SymbolLookup has been called
[INFO] [stdout] WARNING: java.lang.foreign.SymbolLookup::libraryLookup has been called by io.airlift.compress.v3.internal.NativeLoader in an unnamed module (file:/root/.m2/repository/io/airlift/aircompressor-v3/3.4/aircompressor-v3-3.4.jar)
[INFO] [stdout] WARNING: Use --enable-native-access=ALL-UNNAMED to avoid a warning for callers in this module
[INFO] [stdout] WARNING: Restricted methods will be blocked in a future release unless native access is enabled
[INFO] [stdout] 
[WARNING] [stderr] [versioned-dictionary-predicate] reused chunk=0 entries=2092
[INFO] [stdout] 457.821 ms/op
[INFO] [stdout] 
[INFO] [stdout] 
[INFO] [stdout] Result "org.weakref.nitro.tpcds.BenchmarkQueries.query91":
[INFO] [stdout]   457.821 ms/op
[INFO] [stdout] 
[INFO] [stdout] 
[INFO] [stdout] # JMH version: 1.37
[INFO] [stdout] # VM version: JDK 26.0.1, OpenJDK 64-Bit Server VM, 26.0.1+8
[INFO] [stdout] # VM invoker: /opt/java/openjdk/bin/java
[INFO] [stdout] # VM options: --enable-preview --add-modules=jdk.incubator.vector -Dnitro.clickbench.hits.path= -Xmx12g -XX:+UseTransparentHugePages -Dnitro.tpcds.parquet.path=/root/data/tpcds-parquet-sf10 -Dnitro.tpcds.parquet.schema=sf10 -Dnitro.debug.versionedDictionaryPredicates=true
[INFO] [stdout] # Blackhole mode: compiler (auto-detected, use -Djmh.blackhole.autoDetect=false to disable)
[INFO] [stdout] # Warmup: <none>
[INFO] [stdout] # Measurement: 1 iterations, 1 ms each
[INFO] [stdout] # Timeout: 30 min per iteration
[INFO] [stdout] # Threads: 1 thread, will synchronize iterations
[INFO] [stdout] # Benchmark mode: Average time, time/op
[INFO] [stdout] # Benchmark: org.weakref.nitro.tpcds.BenchmarkQueries.query92
[INFO] [stdout] 
[INFO] [stdout] # Run progress: 91.92% complete, ETA 00:00:13
[INFO] [stdout] # Fork: 1 of 1
[INFO] [stdout] WARNING: Using incubator modules: jdk.incubator.vector
[INFO] [stdout] WARNING: A terminally deprecated method in sun.misc.Unsafe has been called
[INFO] [stdout] WARNING: sun.misc.Unsafe::objectFieldOffset has been called by org.openjdk.jmh.util.Utils (file:/root/.m2/repository/org/openjdk/jmh/jmh-core/1.37/jmh-core-1.37.jar)
[INFO] [stdout] WARNING: Please consider reporting this to the maintainers of class org.openjdk.jmh.util.Utils
[INFO] [stdout] WARNING: sun.misc.Unsafe::objectFieldOffset will be removed in a future release
[INFO] [stdout] Iteration   1: WARNING: A restricted method in java.lang.foreign.SymbolLookup has been called
[INFO] [stdout] WARNING: java.lang.foreign.SymbolLookup::libraryLookup has been called by io.airlift.compress.v3.internal.NativeLoader in an unnamed module (file:/root/.m2/repository/io/airlift/aircompressor-v3/3.4/aircompressor-v3-3.4.jar)
[INFO] [stdout] WARNING: Use --enable-native-access=ALL-UNNAMED to avoid a warning for callers in this module
[INFO] [stdout] WARNING: Restricted methods will be blocked in a future release unless native access is enabled
[INFO] [stdout] 
[INFO] [stdout] 442.965 ms/op
[INFO] [stdout] 
[INFO] [stdout] 
[INFO] [stdout] Result "org.weakref.nitro.tpcds.BenchmarkQueries.query92":
[INFO] [stdout]   442.965 ms/op
[INFO] [stdout] 
[INFO] [stdout] 
[INFO] [stdout] # JMH version: 1.37
[INFO] [stdout] # VM version: JDK 26.0.1, OpenJDK 64-Bit Server VM, 26.0.1+8
[INFO] [stdout] # VM invoker: /opt/java/openjdk/bin/java
[INFO] [stdout] # VM options: --enable-preview --add-modules=jdk.incubator.vector -Dnitro.clickbench.hits.path= -Xmx12g -XX:+UseTransparentHugePages -Dnitro.tpcds.parquet.path=/root/data/tpcds-parquet-sf10 -Dnitro.tpcds.parquet.schema=sf10 -Dnitro.debug.versionedDictionaryPredicates=true
[INFO] [stdout] # Blackhole mode: compiler (auto-detected, use -Djmh.blackhole.autoDetect=false to disable)
[INFO] [stdout] # Warmup: <none>
[INFO] [stdout] # Measurement: 1 iterations, 1 ms each
[INFO] [stdout] # Timeout: 30 min per iteration
[INFO] [stdout] # Threads: 1 thread, will synchronize iterations
[INFO] [stdout] # Benchmark mode: Average time, time/op
[INFO] [stdout] # Benchmark: org.weakref.nitro.tpcds.BenchmarkQueries.query93
[INFO] [stdout] 
[INFO] [stdout] # Run progress: 92.93% complete, ETA 00:00:11
[INFO] [stdout] # Fork: 1 of 1
[INFO] [stdout] WARNING: Using incubator modules: jdk.incubator.vector
[INFO] [stdout] WARNING: A terminally deprecated method in sun.misc.Unsafe has been called
[INFO] [stdout] WARNING: sun.misc.Unsafe::objectFieldOffset has been called by org.openjdk.jmh.util.Utils (file:/root/.m2/repository/org/openjdk/jmh/jmh-core/1.37/jmh-core-1.37.jar)
[INFO] [stdout] WARNING: Please consider reporting this to the maintainers of class org.openjdk.jmh.util.Utils
[INFO] [stdout] WARNING: sun.misc.Unsafe::objectFieldOffset will be removed in a future release
[INFO] [stdout] Iteration   1: WARNING: A restricted method in java.lang.foreign.SymbolLookup has been called
[INFO] [stdout] WARNING: java.lang.foreign.SymbolLookup::libraryLookup has been called by io.airlift.compress.v3.internal.NativeLoader in an unnamed module (file:/root/.m2/repository/io/airlift/aircompressor-v3/3.4/aircompressor-v3-3.4.jar)
[INFO] [stdout] WARNING: Use --enable-native-access=ALL-UNNAMED to avoid a warning for callers in this module
[INFO] [stdout] WARNING: Restricted methods will be blocked in a future release unless native access is enabled
[INFO] [stdout] 
[WARNING] [stderr] [versioned-dictionary-predicate] reused chunk=0 entries=45
[WARNING] [stderr] [versioned-dictionary-predicate] reused chunk=0 entries=129233
[INFO] [stdout] 1133.889 ms/op
[INFO] [stdout] 
[INFO] [stdout] 
[INFO] [stdout] Result "org.weakref.nitro.tpcds.BenchmarkQueries.query93":
[INFO] [stdout]   1133.889 ms/op
[INFO] [stdout] 
[INFO] [stdout] 
[INFO] [stdout] # JMH version: 1.37
[INFO] [stdout] # VM version: JDK 26.0.1, OpenJDK 64-Bit Server VM, 26.0.1+8
[INFO] [stdout] # VM invoker: /opt/java/openjdk/bin/java
[INFO] [stdout] # VM options: --enable-preview --add-modules=jdk.incubator.vector -Dnitro.clickbench.hits.path= -Xmx12g -XX:+UseTransparentHugePages -Dnitro.tpcds.parquet.path=/root/data/tpcds-parquet-sf10 -Dnitro.tpcds.parquet.schema=sf10 -Dnitro.debug.versionedDictionaryPredicates=true
[INFO] [stdout] # Blackhole mode: compiler (auto-detected, use -Djmh.blackhole.autoDetect=false to disable)
[INFO] [stdout] # Warmup: <none>
[INFO] [stdout] # Measurement: 1 iterations, 1 ms each
[INFO] [stdout] # Timeout: 30 min per iteration
[INFO] [stdout] # Threads: 1 thread, will synchronize iterations
[INFO] [stdout] # Benchmark mode: Average time, time/op
[INFO] [stdout] # Benchmark: org.weakref.nitro.tpcds.BenchmarkQueries.query94
[INFO] [stdout] 
[INFO] [stdout] # Run progress: 93.94% complete, ETA 00:00:10
[INFO] [stdout] # Fork: 1 of 1
[INFO] [stdout] WARNING: Using incubator modules: jdk.incubator.vector
[INFO] [stdout] WARNING: A terminally deprecated method in sun.misc.Unsafe has been called
[INFO] [stdout] WARNING: sun.misc.Unsafe::objectFieldOffset has been called by org.openjdk.jmh.util.Utils (file:/root/.m2/repository/org/openjdk/jmh/jmh-core/1.37/jmh-core-1.37.jar)
[INFO] [stdout] WARNING: Please consider reporting this to the maintainers of class org.openjdk.jmh.util.Utils
[INFO] [stdout] WARNING: sun.misc.Unsafe::objectFieldOffset will be removed in a future release
[INFO] [stdout] Iteration   1: WARNING: A restricted method in java.lang.foreign.SymbolLookup has been called
[INFO] [stdout] WARNING: java.lang.foreign.SymbolLookup::libraryLookup has been called by io.airlift.compress.v3.internal.NativeLoader in an unnamed module (file:/root/.m2/repository/io/airlift/aircompressor-v3/3.4/aircompressor-v3-3.4.jar)
[INFO] [stdout] WARNING: Use --enable-native-access=ALL-UNNAMED to avoid a warning for callers in this module
[INFO] [stdout] WARNING: Restricted methods will be blocked in a future release unless native access is enabled
[INFO] [stdout] 
[WARNING] [stderr] [versioned-dictionary-predicate] reused chunk=0 entries=1946
[INFO] [stdout] 2316.203 ms/op
[INFO] [stdout] 
[INFO] [stdout] 
[INFO] [stdout] Result "org.weakref.nitro.tpcds.BenchmarkQueries.query94":
[INFO] [stdout]   2316.203 ms/op
[INFO] [stdout] 
[INFO] [stdout] 
[INFO] [stdout] # JMH version: 1.37
[INFO] [stdout] # VM version: JDK 26.0.1, OpenJDK 64-Bit Server VM, 26.0.1+8
[INFO] [stdout] # VM invoker: /opt/java/openjdk/bin/java
[INFO] [stdout] # VM options: --enable-preview --add-modules=jdk.incubator.vector -Dnitro.clickbench.hits.path= -Xmx12g -XX:+UseTransparentHugePages -Dnitro.tpcds.parquet.path=/root/data/tpcds-parquet-sf10 -Dnitro.tpcds.parquet.schema=sf10 -Dnitro.debug.versionedDictionaryPredicates=true
[INFO] [stdout] # Blackhole mode: compiler (auto-detected, use -Djmh.blackhole.autoDetect=false to disable)
[INFO] [stdout] # Warmup: <none>
[INFO] [stdout] # Measurement: 1 iterations, 1 ms each
[INFO] [stdout] # Timeout: 30 min per iteration
[INFO] [stdout] # Threads: 1 thread, will synchronize iterations
[INFO] [stdout] # Benchmark mode: Average time, time/op
[INFO] [stdout] # Benchmark: org.weakref.nitro.tpcds.BenchmarkQueries.query95
[INFO] [stdout] 
[INFO] [stdout] # Run progress: 94.95% complete, ETA 00:00:08
[INFO] [stdout] # Fork: 1 of 1
[INFO] [stdout] WARNING: Using incubator modules: jdk.incubator.vector
[INFO] [stdout] WARNING: A terminally deprecated method in sun.misc.Unsafe has been called
[INFO] [stdout] WARNING: sun.misc.Unsafe::objectFieldOffset has been called by org.openjdk.jmh.util.Utils (file:/root/.m2/repository/org/openjdk/jmh/jmh-core/1.37/jmh-core-1.37.jar)
[INFO] [stdout] WARNING: Please consider reporting this to the maintainers of class org.openjdk.jmh.util.Utils
[INFO] [stdout] WARNING: sun.misc.Unsafe::objectFieldOffset will be removed in a future release
[INFO] [stdout] Iteration   1: WARNING: A restricted method in java.lang.foreign.SymbolLookup has been called
[INFO] [stdout] WARNING: java.lang.foreign.SymbolLookup::libraryLookup has been called by io.airlift.compress.v3.internal.NativeLoader in an unnamed module (file:/root/.m2/repository/io/airlift/aircompressor-v3/3.4/aircompressor-v3-3.4.jar)
[INFO] [stdout] WARNING: Use --enable-native-access=ALL-UNNAMED to avoid a warning for callers in this module
[INFO] [stdout] WARNING: Restricted methods will be blocked in a future release unless native access is enabled
[INFO] [stdout] 
[WARNING] [stderr] [versioned-dictionary-predicate] reused chunk=0 entries=1946
[INFO] [stdout] 2282.390 ms/op
[INFO] [stdout] 
[INFO] [stdout] 
[INFO] [stdout] Result "org.weakref.nitro.tpcds.BenchmarkQueries.query95":
[INFO] [stdout]   2282.390 ms/op
[INFO] [stdout] 
[INFO] [stdout] 
[INFO] [stdout] # JMH version: 1.37
[INFO] [stdout] # VM version: JDK 26.0.1, OpenJDK 64-Bit Server VM, 26.0.1+8
[INFO] [stdout] # VM invoker: /opt/java/openjdk/bin/java
[INFO] [stdout] # VM options: --enable-preview --add-modules=jdk.incubator.vector -Dnitro.clickbench.hits.path= -Xmx12g -XX:+UseTransparentHugePages -Dnitro.tpcds.parquet.path=/root/data/tpcds-parquet-sf10 -Dnitro.tpcds.parquet.schema=sf10 -Dnitro.debug.versionedDictionaryPredicates=true
[INFO] [stdout] # Blackhole mode: compiler (auto-detected, use -Djmh.blackhole.autoDetect=false to disable)
[INFO] [stdout] # Warmup: <none>
[INFO] [stdout] # Measurement: 1 iterations, 1 ms each
[INFO] [stdout] # Timeout: 30 min per iteration
[INFO] [stdout] # Threads: 1 thread, will synchronize iterations
[INFO] [stdout] # Benchmark mode: Average time, time/op
[INFO] [stdout] # Benchmark: org.weakref.nitro.tpcds.BenchmarkQueries.query96
[INFO] [stdout] 
[INFO] [stdout] # Run progress: 95.96% complete, ETA 00:00:06
[INFO] [stdout] # Fork: 1 of 1
[INFO] [stdout] WARNING: Using incubator modules: jdk.incubator.vector
[INFO] [stdout] WARNING: A terminally deprecated method in sun.misc.Unsafe has been called
[INFO] [stdout] WARNING: sun.misc.Unsafe::objectFieldOffset has been called by org.openjdk.jmh.util.Utils (file:/root/.m2/repository/org/openjdk/jmh/jmh-core/1.37/jmh-core-1.37.jar)
[INFO] [stdout] WARNING: Please consider reporting this to the maintainers of class org.openjdk.jmh.util.Utils
[INFO] [stdout] WARNING: sun.misc.Unsafe::objectFieldOffset will be removed in a future release
[INFO] [stdout] Iteration   1: WARNING: A restricted method in java.lang.foreign.SymbolLookup has been called
[INFO] [stdout] WARNING: java.lang.foreign.SymbolLookup::libraryLookup has been called by io.airlift.compress.v3.internal.NativeLoader in an unnamed module (file:/root/.m2/repository/io/airlift/aircompressor-v3/3.4/aircompressor-v3-3.4.jar)
[INFO] [stdout] WARNING: Use --enable-native-access=ALL-UNNAMED to avoid a warning for callers in this module
[INFO] [stdout] WARNING: Restricted methods will be blocked in a future release unless native access is enabled
[INFO] [stdout] 
[WARNING] [stderr] [versioned-dictionary-predicate] reused chunk=6 entries=45532
[INFO] [stdout] 497.015 ms/op
[INFO] [stdout] 
[INFO] [stdout] 
[INFO] [stdout] Result "org.weakref.nitro.tpcds.BenchmarkQueries.query96":
[INFO] [stdout]   497.015 ms/op
[INFO] [stdout] 
[INFO] [stdout] 
[INFO] [stdout] # JMH version: 1.37
[INFO] [stdout] # VM version: JDK 26.0.1, OpenJDK 64-Bit Server VM, 26.0.1+8
[INFO] [stdout] # VM invoker: /opt/java/openjdk/bin/java
[INFO] [stdout] # VM options: --enable-preview --add-modules=jdk.incubator.vector -Dnitro.clickbench.hits.path= -Xmx12g -XX:+UseTransparentHugePages -Dnitro.tpcds.parquet.path=/root/data/tpcds-parquet-sf10 -Dnitro.tpcds.parquet.schema=sf10 -Dnitro.debug.versionedDictionaryPredicates=true
[INFO] [stdout] # Blackhole mode: compiler (auto-detected, use -Djmh.blackhole.autoDetect=false to disable)
[INFO] [stdout] # Warmup: <none>
[INFO] [stdout] # Measurement: 1 iterations, 1 ms each
[INFO] [stdout] # Timeout: 30 min per iteration
[INFO] [stdout] # Threads: 1 thread, will synchronize iterations
[INFO] [stdout] # Benchmark mode: Average time, time/op
[INFO] [stdout] # Benchmark: org.weakref.nitro.tpcds.BenchmarkQueries.query97
[INFO] [stdout] 
[INFO] [stdout] # Run progress: 96.97% complete, ETA 00:00:05
[INFO] [stdout] # Fork: 1 of 1
[INFO] [stdout] WARNING: Using incubator modules: jdk.incubator.vector
[INFO] [stdout] WARNING: A terminally deprecated method in sun.misc.Unsafe has been called
[INFO] [stdout] WARNING: sun.misc.Unsafe::objectFieldOffset has been called by org.openjdk.jmh.util.Utils (file:/root/.m2/repository/org/openjdk/jmh/jmh-core/1.37/jmh-core-1.37.jar)
[INFO] [stdout] WARNING: Please consider reporting this to the maintainers of class org.openjdk.jmh.util.Utils
[INFO] [stdout] WARNING: sun.misc.Unsafe::objectFieldOffset will be removed in a future release
[INFO] [stdout] Iteration   1: WARNING: A restricted method in java.lang.foreign.SymbolLookup has been called
[INFO] [stdout] WARNING: java.lang.foreign.SymbolLookup::libraryLookup has been called by io.airlift.compress.v3.internal.NativeLoader in an unnamed module (file:/root/.m2/repository/io/airlift/aircompressor-v3/3.4/aircompressor-v3-3.4.jar)
[INFO] [stdout] WARNING: Use --enable-native-access=ALL-UNNAMED to avoid a warning for callers in this module
[INFO] [stdout] WARNING: Restricted methods will be blocked in a future release unless native access is enabled
[INFO] [stdout] 
[WARNING] [stderr] [versioned-dictionary-predicate] reused chunk=6 entries=1823
[INFO] [stdout] 2363.387 ms/op
[INFO] [stdout] 
[INFO] [stdout] 
[INFO] [stdout] Result "org.weakref.nitro.tpcds.BenchmarkQueries.query97":
[INFO] [stdout]   2363.387 ms/op
[INFO] [stdout] 
[INFO] [stdout] 
[INFO] [stdout] # JMH version: 1.37
[INFO] [stdout] # VM version: JDK 26.0.1, OpenJDK 64-Bit Server VM, 26.0.1+8
[INFO] [stdout] # VM invoker: /opt/java/openjdk/bin/java
[INFO] [stdout] # VM options: --enable-preview --add-modules=jdk.incubator.vector -Dnitro.clickbench.hits.path= -Xmx12g -XX:+UseTransparentHugePages -Dnitro.tpcds.parquet.path=/root/data/tpcds-parquet-sf10 -Dnitro.tpcds.parquet.schema=sf10 -Dnitro.debug.versionedDictionaryPredicates=true
[INFO] [stdout] # Blackhole mode: compiler (auto-detected, use -Djmh.blackhole.autoDetect=false to disable)
[INFO] [stdout] # Warmup: <none>
[INFO] [stdout] # Measurement: 1 iterations, 1 ms each
[INFO] [stdout] # Timeout: 30 min per iteration
[INFO] [stdout] # Threads: 1 thread, will synchronize iterations
[INFO] [stdout] # Benchmark mode: Average time, time/op
[INFO] [stdout] # Benchmark: org.weakref.nitro.tpcds.BenchmarkQueries.query98
[INFO] [stdout] 
[INFO] [stdout] # Run progress: 97.98% complete, ETA 00:00:03
[INFO] [stdout] # Fork: 1 of 1
[INFO] [stdout] WARNING: Using incubator modules: jdk.incubator.vector
[INFO] [stdout] WARNING: A terminally deprecated method in sun.misc.Unsafe has been called
[INFO] [stdout] WARNING: sun.misc.Unsafe::objectFieldOffset has been called by org.openjdk.jmh.util.Utils (file:/root/.m2/repository/org/openjdk/jmh/jmh-core/1.37/jmh-core-1.37.jar)
[INFO] [stdout] WARNING: Please consider reporting this to the maintainers of class org.openjdk.jmh.util.Utils
[INFO] [stdout] WARNING: sun.misc.Unsafe::objectFieldOffset will be removed in a future release
[INFO] [stdout] Iteration   1: WARNING: A restricted method in java.lang.foreign.SymbolLookup has been called
[INFO] [stdout] WARNING: java.lang.foreign.SymbolLookup::libraryLookup has been called by io.airlift.compress.v3.internal.NativeLoader in an unnamed module (file:/root/.m2/repository/io/airlift/aircompressor-v3/3.4/aircompressor-v3-3.4.jar)
[INFO] [stdout] WARNING: Use --enable-native-access=ALL-UNNAMED to avoid a warning for callers in this module
[INFO] [stdout] WARNING: Restricted methods will be blocked in a future release unless native access is enabled
[INFO] [stdout] 
[WARNING] [stderr] [versioned-dictionary-predicate] reused chunk=6 entries=1823
[INFO] [stdout] 633.779 ms/op
[INFO] [stdout] 
[INFO] [stdout] 
[INFO] [stdout] Result "org.weakref.nitro.tpcds.BenchmarkQueries.query98":
[INFO] [stdout]   633.779 ms/op
[INFO] [stdout] 
[INFO] [stdout] 
[INFO] [stdout] # JMH version: 1.37
[INFO] [stdout] # VM version: JDK 26.0.1, OpenJDK 64-Bit Server VM, 26.0.1+8
[INFO] [stdout] # VM invoker: /opt/java/openjdk/bin/java
[INFO] [stdout] # VM options: --enable-preview --add-modules=jdk.incubator.vector -Dnitro.clickbench.hits.path= -Xmx12g -XX:+UseTransparentHugePages -Dnitro.tpcds.parquet.path=/root/data/tpcds-parquet-sf10 -Dnitro.tpcds.parquet.schema=sf10 -Dnitro.debug.versionedDictionaryPredicates=true
[INFO] [stdout] # Blackhole mode: compiler (auto-detected, use -Djmh.blackhole.autoDetect=false to disable)
[INFO] [stdout] # Warmup: <none>
[INFO] [stdout] # Measurement: 1 iterations, 1 ms each
[INFO] [stdout] # Timeout: 30 min per iteration
[INFO] [stdout] # Threads: 1 thread, will synchronize iterations
[INFO] [stdout] # Benchmark mode: Average time, time/op
[INFO] [stdout] # Benchmark: org.weakref.nitro.tpcds.BenchmarkQueries.query99
[INFO] [stdout] 
[INFO] [stdout] # Run progress: 98.99% complete, ETA 00:00:01
[INFO] [stdout] # Fork: 1 of 1
[INFO] [stdout] WARNING: Using incubator modules: jdk.incubator.vector
[INFO] [stdout] WARNING: A terminally deprecated method in sun.misc.Unsafe has been called
[INFO] [stdout] WARNING: sun.misc.Unsafe::objectFieldOffset has been called by org.openjdk.jmh.util.Utils (file:/root/.m2/repository/org/openjdk/jmh/jmh-core/1.37/jmh-core-1.37.jar)
[INFO] [stdout] WARNING: Please consider reporting this to the maintainers of class org.openjdk.jmh.util.Utils
[INFO] [stdout] WARNING: sun.misc.Unsafe::objectFieldOffset will be removed in a future release
[INFO] [stdout] Iteration   1: WARNING: A restricted method in java.lang.foreign.SymbolLookup has been called
[INFO] [stdout] WARNING: java.lang.foreign.SymbolLookup::libraryLookup has been called by io.airlift.compress.v3.internal.NativeLoader in an unnamed module (file:/root/.m2/repository/io/airlift/aircompressor-v3/3.4/aircompressor-v3-3.4.jar)
[INFO] [stdout] WARNING: Use --enable-native-access=ALL-UNNAMED to avoid a warning for callers in this module
[INFO] [stdout] WARNING: Restricted methods will be blocked in a future release unless native access is enabled
[INFO] [stdout] 
[WARNING] [stderr] [versioned-dictionary-predicate] reused chunk=1 entries=955
[INFO] [stdout] 1117.522 ms/op
[INFO] [stdout] 
[INFO] [stdout] 
[INFO] [stdout] Result "org.weakref.nitro.tpcds.BenchmarkQueries.query99":
[INFO] [stdout]   1117.522 ms/op
[INFO] [stdout] 
[INFO] [stdout] 
[INFO] [stdout] # Run complete. Total time: 00:02:48
[INFO] [stdout] 
[INFO] [stdout] REMEMBER: The numbers below are just data. To gain reusable insights, you need to follow up on
[INFO] [stdout] why the numbers are the way they are. Use profilers (see -prof, -lprof), design factorial
[INFO] [stdout] experiments, perform baseline and negative tests that provide experimental control, make sure
[INFO] [stdout] the benchmarking environment is safe on JVM/OS/HW level, ask for reviews from the domain experts.
[INFO] [stdout] Do not assume the numbers tell you what you want them to tell.
[INFO] [stdout] 
[INFO] [stdout] NOTE: Current JVM experimentally supports Compiler Blackholes, and they are in use. Please exercise
[INFO] [stdout] extra caution when trusting the results, look into the generated code to check the benchmark still
[INFO] [stdout] works, and factor in a small probability of new VM bugs. Additionally, while comparisons between
[INFO] [stdout] different JVMs are already problematic, the performance difference caused by different Blackhole
[INFO] [stdout] modes can be very significant. Please make sure you use the consistent Blackhole mode for comparisons.
[INFO] [stdout] 
[INFO] [stdout] Benchmark                 Mode  Cnt     Score   Error  Units
[INFO] [stdout] BenchmarkQueries.query01  avgt        971.778          ms/op
[INFO] [stdout] BenchmarkQueries.query02  avgt       1434.310          ms/op
[INFO] [stdout] BenchmarkQueries.query03  avgt        436.218          ms/op
[INFO] [stdout] BenchmarkQueries.query04  avgt       2590.492          ms/op
[INFO] [stdout] BenchmarkQueries.query05  avgt        827.361          ms/op
[INFO] [stdout] BenchmarkQueries.query06  avgt       1055.277          ms/op
[INFO] [stdout] BenchmarkQueries.query07  avgt       1078.341          ms/op
[INFO] [stdout] BenchmarkQueries.query08  avgt        741.695          ms/op
[INFO] [stdout] BenchmarkQueries.query09  avgt       4418.418          ms/op
[INFO] [stdout] BenchmarkQueries.query10  avgt        905.020          ms/op
[INFO] [stdout] BenchmarkQueries.query11  avgt       3656.591          ms/op
[INFO] [stdout] BenchmarkQueries.query12  avgt        439.974          ms/op
[INFO] [stdout] BenchmarkQueries.query13  avgt       2344.122          ms/op
[INFO] [stdout] BenchmarkQueries.query14  avgt       8371.991          ms/op
[INFO] [stdout] BenchmarkQueries.query15  avgt        503.398          ms/op
[INFO] [stdout] BenchmarkQueries.query16  avgt       6934.435          ms/op
[INFO] [stdout] BenchmarkQueries.query17  avgt       1591.515          ms/op
[INFO] [stdout] BenchmarkQueries.query18  avgt       1109.918          ms/op
[INFO] [stdout] BenchmarkQueries.query19  avgt        621.824          ms/op
[INFO] [stdout] BenchmarkQueries.query20  avgt        502.358          ms/op
[INFO] [stdout] BenchmarkQueries.query21  avgt        863.979          ms/op
[INFO] [stdout] BenchmarkQueries.query22  avgt       1349.738          ms/op
[INFO] [stdout] BenchmarkQueries.query23  avgt       5927.963          ms/op
[INFO] [stdout] BenchmarkQueries.query24  avgt       1627.484          ms/op
[INFO] [stdout] BenchmarkQueries.query25  avgt       1566.307          ms/op
[INFO] [stdout] BenchmarkQueries.query26  avgt        650.411          ms/op
[INFO] [stdout] BenchmarkQueries.query27  avgt       1346.432          ms/op
[INFO] [stdout] BenchmarkQueries.query28  avgt       3065.313          ms/op
[INFO] [stdout] BenchmarkQueries.query29  avgt       1649.925          ms/op
[INFO] [stdout] BenchmarkQueries.query30  avgt        741.571          ms/op
[INFO] [stdout] BenchmarkQueries.query31  avgt       1259.483          ms/op
[INFO] [stdout] BenchmarkQueries.query32  avgt        492.682          ms/op
[INFO] [stdout] BenchmarkQueries.query33  avgt        678.636          ms/op
[INFO] [stdout] BenchmarkQueries.query34  avgt        715.409          ms/op
[INFO] [stdout] BenchmarkQueries.query35  avgt       1291.519          ms/op
[INFO] [stdout] BenchmarkQueries.query36  avgt        808.981          ms/op
[INFO] [stdout] BenchmarkQueries.query37  avgt       2688.913          ms/op
[INFO] [stdout] BenchmarkQueries.query38  avgt       1444.804          ms/op
[INFO] [stdout] BenchmarkQueries.query39  avgt       1297.866          ms/op
[INFO] [stdout] BenchmarkQueries.query40  avgt        544.277          ms/op
[INFO] [stdout] BenchmarkQueries.query41  avgt        236.958          ms/op
[INFO] [stdout] BenchmarkQueries.query42  avgt        438.959          ms/op
[INFO] [stdout] BenchmarkQueries.query43  avgt        758.354          ms/op
[INFO] [stdout] BenchmarkQueries.query44  avgt       1205.367          ms/op
[INFO] [stdout] BenchmarkQueries.query45  avgt        474.691          ms/op
[INFO] [stdout] BenchmarkQueries.query46  avgt       1071.165          ms/op
[INFO] [stdout] BenchmarkQueries.query47  avgt       4302.398          ms/op
[INFO] [stdout] BenchmarkQueries.query48  avgt       2261.066          ms/op
[INFO] [stdout] BenchmarkQueries.query49  avgt        896.377          ms/op
[INFO] [stdout] BenchmarkQueries.query50  avgt       2164.840          ms/op
[INFO] [stdout] BenchmarkQueries.query51  avgt       1975.515          ms/op
[INFO] [stdout] BenchmarkQueries.query52  avgt        453.611          ms/op
[INFO] [stdout] BenchmarkQueries.query53  avgt        597.455          ms/op
[INFO] [stdout] BenchmarkQueries.query54  avgt        995.869          ms/op
[INFO] [stdout] BenchmarkQueries.query55  avgt        463.138          ms/op
[INFO] [stdout] BenchmarkQueries.query56  avgt        805.512          ms/op
[INFO] [stdout] BenchmarkQueries.query57  avgt       2606.721          ms/op
[INFO] [stdout] BenchmarkQueries.query58  avgt       1017.355          ms/op
[INFO] [stdout] BenchmarkQueries.query59  avgt       2038.223          ms/op
[INFO] [stdout] BenchmarkQueries.query60  avgt        900.850          ms/op
[INFO] [stdout] BenchmarkQueries.query61  avgt        817.155          ms/op
[INFO] [stdout] BenchmarkQueries.query62  avgt        947.344          ms/op
[INFO] [stdout] BenchmarkQueries.query63  avgt        627.678          ms/op
[INFO] [stdout] BenchmarkQueries.query64  avgt       3456.129          ms/op
[INFO] [stdout] BenchmarkQueries.query65  avgt       1659.786          ms/op
[INFO] [stdout] BenchmarkQueries.query66  avgt        743.213          ms/op
[INFO] [stdout] BenchmarkQueries.query67  avgt       7159.884          ms/op
[INFO] [stdout] BenchmarkQueries.query68  avgt        997.390          ms/op
[INFO] [stdout] BenchmarkQueries.query69  avgt        960.427          ms/op
[INFO] [stdout] BenchmarkQueries.query70  avgt       1490.791          ms/op
[INFO] [stdout] BenchmarkQueries.query71  avgt        734.101          ms/op
[INFO] [stdout] BenchmarkQueries.query72  avgt       2717.222          ms/op
[INFO] [stdout] BenchmarkQueries.query73  avgt        694.343          ms/op
[INFO] [stdout] BenchmarkQueries.query74  avgt       1974.398          ms/op
[INFO] [stdout] BenchmarkQueries.query75  avgt       2972.768          ms/op
[INFO] [stdout] BenchmarkQueries.query76  avgt        893.474          ms/op
[INFO] [stdout] BenchmarkQueries.query77  avgt        607.562          ms/op
[INFO] [stdout] BenchmarkQueries.query78  avgt       3221.092          ms/op
[INFO] [stdout] BenchmarkQueries.query79  avgt       1086.425          ms/op
[INFO] [stdout] BenchmarkQueries.query80  avgt       1089.602          ms/op
[INFO] [stdout] BenchmarkQueries.query81  avgt        774.825          ms/op
[INFO] [stdout] BenchmarkQueries.query82  avgt       2780.483          ms/op
[INFO] [stdout] BenchmarkQueries.query83  avgt        448.799          ms/op
[INFO] [stdout] BenchmarkQueries.query84  avgt        355.129          ms/op
[INFO] [stdout] BenchmarkQueries.query85  avgt       1070.759          ms/op
[INFO] [stdout] BenchmarkQueries.query86  avgt        494.018          ms/op
[INFO] [stdout] BenchmarkQueries.query87  avgt       1500.855          ms/op
[INFO] [stdout] BenchmarkQueries.query88  avgt       1468.300          ms/op
[INFO] [stdout] BenchmarkQueries.query89  avgt        796.569          ms/op
[INFO] [stdout] BenchmarkQueries.query90  avgt        371.771          ms/op
[INFO] [stdout] BenchmarkQueries.query91  avgt        457.821          ms/op
[INFO] [stdout] BenchmarkQueries.query92  avgt        442.965          ms/op
[INFO] [stdout] BenchmarkQueries.query93  avgt       1133.889          ms/op
[INFO] [stdout] BenchmarkQueries.query94  avgt       2316.203          ms/op
[INFO] [stdout] BenchmarkQueries.query95  avgt       2282.390          ms/op
[INFO] [stdout] BenchmarkQueries.query96  avgt        497.015          ms/op
[INFO] [stdout] BenchmarkQueries.query97  avgt       2363.387          ms/op
[INFO] [stdout] BenchmarkQueries.query98  avgt        633.779          ms/op
[INFO] [stdout] BenchmarkQueries.query99  avgt       1117.522          ms/op
[INFO] ------------------------------------------------------------------------
[INFO] BUILD SUCCESS
[INFO] ------------------------------------------------------------------------
[INFO] Total time:  02:48 min (Wall Clock)
[INFO] Finished at: 2026-07-18T15:06:50Z
[INFO] ------------------------------------------------------------------------
[INFO] Njord session closed
