[ERROR] Tests run: 1, Failures: 1, Errors: 0, Skipped: 0, Time elapsed: 10.79 s <<< FAILURE! -- in org.weakref.nitro.tpcds.TestQueries
[ERROR] org.weakref.nitro.tpcds.TestQueries.testQuery57StageCounts -- Time elapsed: 10.77 s <<< FAILURE!
java.lang.AssertionError: 

Expected size: 147573 but was: 908618 in:
[(Sports,maxinameless #3,Pacific Northwest,1999,12,12297),
    (Shoes,importoedu pack #1,Pacific Northwest,1999,12,426525),
    (Electronics,importounivamalg #7,Pacific Northwest,1999,12,11871),
    (Books,amalgunivamalg #8,California_1,1999,12,14409),
    (Jewelry,exportibrand #6,California_1,1999,12,12245),
    (Shoes,amalgedu pack #1,California_1,1999,12,369954),
    (Jewelry,scholarcorp #8,California_1,1999,12,42294),
    (Men,amalgimporto #1,California_1,1999,12,330185),
    (Jewelry,corpbrand #8,California_1,1999,12,14389),
    (Jewelry,maxicorp #7,California_1,1999,12,5193),
    (Books,brandmaxi #8,California_1,1999,12,29425),
    (Sports,corpmaxi #1,California_1,1999,12,12695),
    (Home,edu packbrand #4,California_1,1999,12,2162),
    (Women,exportiamalg #2,North Midwest_1,1999,12,72538),
    (Jewelry,maxicorp #7,North Midwest_1,1999,12,16861),
    (Books,amalgmaxi #11,North Midwest_1,1999,12,15336),
    (Children,amalgexporti #2,North Midwest_1,1999,12,83653),
    (Women,importoamalg #1,North Midwest_1,1999,12,182254),
    (Shoes,amalgedu pack #2,North Midwest_1,1999,12,152707),
    (Music,importoscholar #2,North Midwest_1,1999,12,143241),
    (Jewelry,amalgbrand #6,North Midwest_1,1999,12,5892),
    (Sports,importomaxi #1,Pacific Northwest_1,1999,12,15228),
    (Shoes,edu packedu pack #2,Pacific Northwest_1,1999,12,151995),
    (Music,amalgscholar #1,Pacific Northwest_1,1999,12,179248),
    (Electronics,exportiunivamalg #9,Pacific Northwest_1,1999,12,355),
    (Shoes,amalgedu pack #1,Pacific Northwest_1,1999,12,208343),
    (Men,amalgimporto #2,Pacific Northwest_1,1999,12,113334),
    (Books,scholarmaxi #5,Pacific Northwest_1,1999,12,11877),
    (Children,edu packexporti #1,Pacific Northwest,1999,12,453140),
    (Electronics,corpamalgamalg #3,Pacific Northwest,1999,12,14552),
    (Home,amalgnameless #1,Pacific Northwest,1999,12,7558),
    (Electronics,corpamalgamalg #9,Pacific Northwest,1999,12,40239),
    (Books,edu packmaxi #8,Pacific Northwest,1999,12,18409),
    (Shoes,edu packedu pack #1,Pacific Northwest,1999,12,633899),
    (Sports,edu packmaxi #9,Pacific Northwest,1999,12,57677),
    (Men,edu packimporto #1,Pacific Northwest,1999,12,613126),
    (Women,exportiamalg #1,Pacific Northwest,1999,12,546124),
    (Jewelry,amalgcorp #5,Pacific Northwest,1999,12,51256),
    (Music,edu packscholar #1,Pacific Northwest,1999,12,421632),
    (Sports,scholarnameless #3,Mid Atlantic_1,1999,12,35375),
    (Sports,amalgnameless #3,Mid Atlantic_1,1999,12,37104),
    (Jewelry,maxicorp #1,Mid Atlantic_1,1999,12,26476),
    (Electronics,edu packamalgamalg #8,Mid Atlantic_1,1999,12,8176),
    (Sports,exportimaxi #9,Mid Atlantic_1,1999,12,14336),
    (Books,amalgmaxi #9,Mid Atlantic_1,1999,12,44363),
    (Jewelry,importobrand #3,Mid Atlantic_1,1999,12,46004),
    (Men,edu packimporto #2,Mid Atlantic_1,1999,12,176841),
    (Children,exportiexporti #2,Mid Atlantic_1,1999,12,197354),
    (Shoes,edu packedu pack #1,Mid Atlantic_1,1999,12,391503),
    (Children,exportiexporti #1,Mid Atlantic_1,1999,12,577635),
    (Shoes,amalgedu pack #2,Mid Atlantic_1,1999,12,277588),
    (Men,exportiimporto #1,Mid Atlantic_1,1999,12,547655),
    (Books,edu packunivamalg #11,NY Metro_1,1999,12,28217),
    (Women,edu packamalg #2,NY Metro_1,1999,12,225180),
    (Home,edu packbrand #7,NY Metro_1,1999,12,63937),
    (Shoes,exportiedu pack #1,NY Metro_1,1999,12,509121),
    (Sports,corpnameless #4,California,1999,12,29),
    (Home,importonameless #5,California,1999,12,14267),
    (Children,exportiexporti #1,California,1999,12,107949),
    (Women,exportiamalg #2,California,1999,12,41026),
    (Jewelry,corpbrand #8,California,1999,12,4180),
    (Shoes,edu packedu pack #1,California,1999,12,80130),
    (Women,amalgamalg #1,California,1999,12,68106),
    (Men,importoimporto #1,North Midwest_1,1999,12,197826),
    (Books,scholarmaxi #8,North Midwest_1,1999,12,10547),
    (Electronics,corpunivamalg #15,North Midwest_1,1999,12,34932),
    (Women,exportiamalg #1,North Midwest_1,1999,12,282489),
    (Children,amalgexporti #1,North Midwest_1,1999,12,174436),
    (Children,edu packexporti #2,North Midwest_1,1999,12,63239),
    (Jewelry,maxicorp #5,North Midwest_1,1999,12,17000),
    (Music,exportischolar #1,North Midwest_1,1999,12,255403),
    (Shoes,exportiedu pack #1,North Midwest_1,1999,12,160256),
    (Home,importonameless #5,North Midwest_1,1999,12,27052),
    (Home,importonameless #6,Hawaii/Alaska_1,1999,12,35),
    (Shoes,importoedu pack #2,Hawaii/Alaska_1,1999,12,80959),
    (Men,importoimporto #2,Hawaii/Alaska_1,1999,12,78798),
    (Men,edu packimporto #1,Hawaii/Alaska_1,1999,12,165000),
    (Jewelry,maxicorp #6,Hawaii/Alaska_1,1999,12,18595),
    (Music,exportischolar #2,Hawaii/Alaska_1,1999,12,73262),
    (Sports,brandnameless #10,Mid Atlantic,1999,12,9300),
    (Shoes,amalgedu pack #1,Mid Atlantic,1999,12,439527),
    (Women,amalgamalg #2,Mid Atlantic,1999,12,189400),
    (Sports,exportinameless #2,Mid Atlantic,1999,12,17538),
    (Women,exportiamalg #2,Mid Atlantic,1999,12,283247),
    (Books,maximaxi #3,Mid Atlantic,1999,12,22670),
    (Women,amalgamalg #1,Mid Atlantic,1999,12,403822),
    (Shoes,exportiedu pack #1,Mid Atlantic,1999,12,393921),
    (Jewelry,importocorp #3,Mid Atlantic,1999,12,37343),
    (Men,amalgimporto #1,Mid Atlantic,1999,12,351655),
    (Jewelry,edu packbrand #6,Mid Atlantic,1999,12,2880),
    (Children,amalgexporti #1,Mid Atlantic,1999,12,367114),
    (Home,scholarnameless #5,Mid Atlantic,1999,12,11900),
    (Children,edu packexporti #1,North Midwest_1,1999,12,137396),
    (Women,amalgamalg #2,North Midwest_1,1999,12,104011),
    (Home,exportinameless #6,North Midwest_1,1999,12,6032),
    (Shoes,amalgedu pack #1,North Midwest_1,1999,12,291522),
    (Jewelry,scholarcorp #8,North Midwest_1,1999,12,14403),
    (Men,amalgimporto #1,North Midwest_1,1999,12,265347),
    (Books,univunivamalg #8,North Midwest_1,1999,12,2682),
    (Home,scholarnameless #8,North Midwest_1,1999,12,39504),
    (Home,importonameless #3,North Midwest_1,1999,12,19022),
    (Shoes,importoedu pack #1,North Midwest_1,1999,12,243559),
    (Men,exportiimporto #1,North Midwest_1,1999,12,273276),
    (Books,importomaxi #5,North Midwest_1,1999,12,4644),
    (Music,amalgscholar #1,Hawaii/Alaska_1,1999,12,85792),
    (Men,edu packimporto #2,Hawaii/Alaska_1,1999,12,53864),
    (Children,exportiexporti #1,Hawaii/Alaska_1,1999,12,131665),
    (Shoes,edu packedu pack #1,Hawaii/Alaska_1,1999,12,125974),
    (Sports,exportinameless #1,Hawaii/Alaska_1,1999,12,7444),
    (Jewelry,corpcorp #3,Hawaii/Alaska_1,1999,12,13711),
    (Home,importobrand #4,Hawaii/Alaska_1,1999,12,12307),
    (Electronics,brandunivamalg #3,Hawaii/Alaska_1,1999,12,4836),
    (Jewelry,importocorp #1,Hawaii/Alaska_1,1999,12,6441),
    (Sports,scholarmaxi #9,Hawaii/Alaska_1,1999,12,3449),
    (Music,edu packscholar #1,North Midwest_1,1999,12,170483),
    (Sports,corpmaxi #1,North Midwest_1,1999,12,21012),
    (Children,exportiexporti #2,North Midwest_1,1999,12,113211),
    (Music,importoscholar #1,North Midwest_1,1999,12,217252),
    (Music,amalgscholar #2,North Midwest_1,1999,12,107271),
    (Men,edu packimporto #2,North Midwest_1,1999,12,123675),
    (Electronics,scholarunivamalg #13,North Midwest_1,1999,12,3194),
    (Home,amalgbrand #5,North Midwest_1,1999,12,3806),
    (Home,corpbrand #8,California_1,1999,12,11648),
    (Men,edu packimporto #1,California_1,1999,12,461967),
    (Home,corpnameless #1,California_1,1999,12,23545),
    (Men,exportiimporto #1,California_1,1999,12,306500),
    (Children,importoexporti #1,California_1,1999,12,321014),
    (Shoes,exportiedu pack #1,California_1,1999,12,270818),
    (Shoes,edu packedu pack #1,California_1,1999,12,320489),
    (Men,amalgimporto #2,California_1,1999,12,158004),
    (null,null,California_1,1999,12,18977),
    (Music,edu packscholar #1,California_1,1999,12,374355),
    (Shoes,exportiedu pack #2,California_1,1999,12,162668),
    (Sports,edu packmaxi #9,California_1,1999,12,28163),
    (Books,scholarmaxi #8,NY Metro,1999,12,31679),
    (Men,importoimporto #1,NY Metro,1999,12,489084),
    (Sports,importonameless #2,NY Metro,1999,12,22425),
    (Jewelry,univbrand #6,NY Metro,1999,12,9944),
    (Jewelry,namelesscorp #7,NY Metro,1999,12,27728),
    (Men,edu packimporto #2,NY Metro,1999,12,317940),
    (Electronics,exportiamalgamalg #15,NY Metro,1999,12,26283),
    (Sports,amalgmaxi #2,NY Metro,1999,12,40690),
    (Women,importoamalg #2,NY Metro,1999,12,286911),
    (Books,corpmaxi #2,NY Metro,1999,12,17044),
    (Shoes,exportiedu pack #1,NY Metro,1999,12,628629),
    (Music,edu packscholar #1,NY Metro,1999,12,513446),
    (Home,edu packbrand #5,NY Metro,1999,12,4904),
    (Electronics,amalgunivamalg #11,California_1,1999,12,9698),
    (Women,amalgamalg #1,California_1,1999,12,236973),
    (Music,exportischolar #1,California_1,1999,12,291001),
    (Books,exportimaxi #5,California_1,1999,12,4657),
    (Electronics,exportiunivamalg #3,California_1,1999,12,28638),
    (Men,edu packimporto #2,California_1,1999,12,85265),
    (Home,edu packbrand #1,California_1,1999,12,12338),
    (Women,exportiamalg #1,California_1,1999,12,309131),
    (Children,edu packexporti #1,California_1,1999,12,356883),
    (Shoes,edu packedu pack #1,North Midwest_1,1999,12,160291),
    (Sports,exportimaxi #3,North Midwest_1,1999,12,3948),
    (Shoes,exportiedu pack #2,North Midwest_1,1999,12,60360),
    (Home,corpbrand #3,North Midwest_1,1999,12,37807),
    (Jewelry,amalgcorp #1,North Midwest_1,1999,12,15699),
    (Music,exportischolar #2,North Midwest_1,1999,12,121451),
    (Home,importobrand #7,North Midwest_1,1999,12,14503),
    (Electronics,brandunivamalg #15,North Midwest_1,1999,12,7423),
    (Home,scholarbrand #9,North Midwest_1,1999,12,20006),
    (Jewelry,importobrand #3,California_1,1999,12,16176),
    (Books,scholarunivamalg #3,California_1,1999,12,26693),
    (Electronics,scholarunivamalg #9,California_1,1999,12,22917),
    (Home,corpbrand #3,California_1,1999,12,23540),
    (Sports,corpmaxi #3,California_1,1999,12,7180),
    (Electronics,brandunivamalg #5,NY Metro_1,1999,12,19855),
    (Jewelry,corpcorp #6,NY Metro_1,1999,12,8168),
    (Music,importoscholar #1,NY Metro_1,1999,12,503824),
    (Sports,edu packnameless #3,NY Metro_1,1999,12,28330),
    (Books,scholarmaxi #5,North Midwest,1999,12,10033),
    (Men,exportiimporto #1,North Midwest,1999,12,215475),
    (Women,amalgamalg #1,North Midwest,1999,12,216424),
    (Books,maximaxi #11,North Midwest,1999,12,10807),
    (Jewelry,amalgbrand #3,North Midwest,1999,12,9713),
    (Children,importoexporti #1,North Midwest,1999,12,247812),
    (Jewelry,brandcorp #7,North Midwest,1999,12,2947),
    (Books,brandmaxi #2,North Midwest,1999,12,4683),
    (Women,importoamalg #2,North Midwest,1999,12,127538),
    (Electronics,maxiunivamalg #8,North Midwest,1999,12,10900),
    (Electronics,corpamalgamalg #13,North Midwest,1999,12,5561),
    (Shoes,amalgedu pack #1,North Midwest,1999,12,162804),
    (Books,namelessmaxi #3,North Midwest,1999,12,6861),
    (Books,univunivamalg #2,North Midwest,1999,12,14314),
    (Men,importoimporto #1,North Midwest,1999,12,147940),
    (Women,exportiamalg #1,Hawaii/Alaska,1999,12,199212),
    (Jewelry,corpcorp #7,Hawaii/Alaska,1999,12,23772),
    (Children,edu packexporti #1,Hawaii/Alaska,1999,12,238440),
    (Sports,exportinameless #7,Hawaii/Alaska,1999,12,19235),
    (Children,exportiexporti #1,Hawaii/Alaska,1999,12,262050),
    (Men,amalgimporto #2,Hawaii/Alaska,1999,12,150220),
    (Electronics,amalgamalgamalg #14,Pacific Northwest,1999,12,20926),
    (Children,importoexporti #1,Pacific Northwest,1999,12,475964),
    (Music,amalgscholar #1,Pacific Northwest,1999,12,413135),
    (Jewelry,namelesscorp #1,Pacific Northwest,1999,12,14241),
    (Sports,corpmaxi #1,Pacific Northwest,1999,12,32798),
    (Home,univnameless #3,Pacific Northwest,1999,12,15176),
    (Children,amalgexporti #1,Pacific Northwest,1999,12,461592),
    (Electronics,edu packamalgamalg #13,Pacific Northwest,1999,12,22423),
    (Jewelry,edu packbrand #3,Pacific Northwest,1999,12,30285),
    (Music,amalgscholar #2,Pacific Northwest,1999,12,362932),
    (Electronics,amalgunivamalg #15,Pacific Northwest,1999,12,5863),
    (Shoes,importoedu pack #2,Pacific Northwest,1999,12,259522),
    (Shoes,amalgedu pack #1,Pacific Northwest,1999,12,517361),
    (Electronics,exportiamalgamalg #2,California_1,1999,12,5307),
    (Home,corpnameless #5,California_1,1999,12,22628),
    (Jewelry,brandcorp #1,California_1,1999,12,12318),
    (Women,edu packamalg #1,California_1,1999,12,328695),
    (Books,amalgmaxi #3,California_1,1999,12,16984),
    (Electronics,amalgunivamalg #6,California_1,1999,12,4891),
    (Home,namelessbrand #7,California_1,1999,12,16638),
    (Books,namelessmaxi #9,California_1,1999,12,18234),
    (Sports,amalgnameless #3,California_1,1999,12,8673),
    (Jewelry,amalgbrand #8,California_1,1999,12,16966),
    (Shoes,edu packedu pack #2,California_1,1999,12,153532),
    (Children,exportiexporti #1,California_1,1999,12,294103),
    (Books,maximaxi #2,California_1,1999,12,41052),
    (Men,amalgimporto #2,Pacific Northwest,1999,12,347684),
    (Jewelry,namelesscorp #3,Pacific Northwest,1999,12,18553),
    (Jewelry,amalgbrand #2,Pacific Northwest,1999,12,1105),
    (Electronics,brandunivamalg #4,Pacific Northwest,1999,12,40485),
    (Jewelry,scholarbrand #1,Pacific Northwest,1999,12,29499),
    (Music,importoscholar #1,Pacific Northwest,1999,12,621711),
    (Men,amalgimporto #1,Pacific Northwest,1999,12,529555),
    (Shoes,amalgedu pack #2,Pacific Northwest,1999,12,222914),
    (Sports,exportinameless #1,Pacific Northwest,1999,12,49528),
    (Home,corpbrand #6,Hawaii/Alaska,1999,12,2965),
    (Men,amalgimporto #1,Hawaii/Alaska,1999,12,264440),
    (Books,edu packmaxi #5,Hawaii/Alaska,1999,12,26958),
    (Books,importounivamalg #11,Hawaii/Alaska,1999,12,28493),
    (Books,edu packmaxi #11,Hawaii/Alaska,1999,12,33180),
    (Music,importoscholar #1,Hawaii/Alaska,1999,12,249457),
    (Books,scholarmaxi #11,Hawaii/Alaska,1999,12,11040),
    (Shoes,importoedu pack #1,Hawaii/Alaska,1999,12,284265),
    (null,null,Hawaii/Alaska,1999,12,30850),
    (Men,exportiimporto #1,Hawaii/Alaska,1999,12,282827),
    (Books,corpmaxi #5,Hawaii/Alaska,1999,12,61999),
    (Electronics,exportiunivamalg #15,Hawaii/Alaska,1999,12,27042),
    (Books,scholarmaxi #11,NY Metro,1999,12,8468),
    (Sports,scholarmaxi #5,NY Metro,1999,12,82319),
    (Children,edu packexporti #1,NY Metro,1999,12,613064),
    (Books,importomaxi #9,NY Metro,1999,12,5913),
    (Electronics,scholarunivamalg #12,Pacific Northwest_1,1999,12,8536),
    (Books,edu packmaxi #11,Pacific Northwest_1,1999,12,10519),
    (Jewelry,importocorp #2,Pacific Northwest_1,1999,12,1877),
    (Electronics,exportiamalgamalg #3,Pacific Northwest_1,1999,12,1811),
    (Women,importoamalg #2,Pacific Northwest_1,1999,12,164403),
    (Music,importoscholar #1,Pacific Northwest_1,1999,12,202007),
    (Books,importounivamalg #2,Pacific Northwest_1,1999,12,22295),
    (Men,importoimporto #1,Pacific Northwest_1,1999,12,251246),
    (Home,namelessbrand #10,California,1999,12,827),
    (Shoes,exportiedu pack #1,California,1999,12,95054),
    (Electronics,amalgunivamalg #5,California,1999,12,9477),
    (Jewelry,univbrand #8,California,1999,12,11347),
    (Sports,maxinameless #10,California,1999,12,6390),
    (Electronics,exportiamalgamalg #3,California,1999,12,6673),
    (Music,amalgscholar #2,California,1999,12,88110),
    (Books,amalgmaxi #3,California,1999,12,5709),
    (Men,amalgimporto #1,California,1999,12,81686),
    (Jewelry,importobrand #5,California,1999,12,3689),
    (Jewelry,brandcorp #3,California,1999,12,9856),
    (Home,maxibrand #7,California,1999,12,14065),
    (Men,edu packimporto #2,California,1999,12,57842),
    (Music,exportischolar #1,California,1999,12,88659),
    (Home,scholarbrand #1,North Midwest,1999,12,159),
    (Electronics,scholaramalgamalg #4,North Midwest,1999,12,5170),
    (Music,exportischolar #1,North Midwest,1999,12,117946),
    (Jewelry,corpbrand #3,North Midwest,1999,12,30646),
    (Electronics,amalgunivamalg #1,North Midwest,1999,12,9345),
    (Home,amalgnameless #3,North Midwest,1999,12,26470),
    (Home,amalgnameless #9,North Midwest,1999,12,6114),
    (Sports,univmaxi #10,North Midwest,1999,12,10249),
    (Women,importoamalg #1,North Midwest,1999,12,174852),
    (Jewelry,edu packcorp #6,Mid Atlantic_1,1999,12,35815),
    (Books,scholarmaxi #3,Mid Atlantic_1,1999,12,5613),
    (Children,amalgexporti #1,Mid Atlantic_1,1999,12,722710),
    (Books,scholarunivamalg #3,Mid Atlantic_1,1999,12,31750),
    (Jewelry,scholarcorp #6,Mid Atlantic_1,1999,12,3682),
    (Books,importounivamalg #5,Mid Atlantic_1,1999,12,85934),
    (Sports,exportinameless #5,Mid Atlantic_1,1999,12,25412),
    (Shoes,edu packedu pack #2,Mid Atlantic_1,1999,12,289259),
    (Home,importobrand #1,Mid Atlantic_1,1999,12,41723),
    (Men,edu packimporto #1,Mid Atlantic_1,1999,12,523555),
    (Jewelry,scholarcorp #1,Mid Atlantic_1,1999,12,46424),
    (Sports,maxinameless #1,Pacific Northwest_1,1999,12,51992),
    (Shoes,edu packedu pack #1,Pacific Northwest_1,1999,12,198684),
    (Children,exportiexporti #2,Pacific Northwest_1,1999,12,113810),
    (Men,edu packimporto #1,Pacific Northwest_1,1999,12,220728),
    (Home,edu packnameless #10,Pacific Northwest_1,1999,12,8115),
    (Women,amalgamalg #2,Pacific Northwest_1,1999,12,126341),
    (Children,amalgexporti #2,Pacific Northwest_1,1999,12,113117),
    (Men,exportiimporto #1,Pacific Northwest_1,1999,12,177296),
    (Shoes,importoedu pack #2,North Midwest_1,1999,12,66249),
    (Electronics,univamalgamalg #15,North Midwest_1,1999,12,29243),
    (Electronics,corpamalgamalg #1,North Midwest_1,1999,12,30716),
    (Sports,exportinameless #5,North Midwest_1,1999,12,5105),
    (Women,amalgamalg #1,North Midwest_1,1999,12,274735),
    (Home,amalgnameless #5,North Midwest_1,1999,12,19466),
    (Men,amalgimporto #2,North Midwest_1,1999,12,69890),
    (Shoes,exportiedu pack #1,Pacific Northwest_1,1999,12,202432),
    (Jewelry,corpcorp #3,Pacific Northwest_1,1999,12,24209),
    (Home,namelessbrand #3,Pacific Northwest_1,1999,12,13747),
    (Jewelry,edu packcorp #3,Pacific Northwest_1,1999,12,25139),
    (Books,amalgmaxi #11,Pacific Northwest_1,1999,12,33496),
    (Home,scholarbrand #5,Pacific Northwest_1,1999,12,5322),
    (Electronics,scholaramalgamalg #9,Pacific Northwest_1,1999,12,8565),
    (Electronics,importoamalgamalg #16,Pacific Northwest_1,1999,12,7618),
    (Jewelry,brandcorp #1,Pacific Northwest_1,1999,12,1584),
    (Women,exportiamalg #1,Pacific Northwest_1,1999,12,153659),
    (Jewelry,scholarbrand #1,California,1999,12,1388),
    (Women,exportiamalg #1,California,1999,12,150709),
    (Sports,univmaxi #1,California,1999,12,7566),
    (Electronics,scholaramalgamalg #10,California,1999,12,4941),
    (Women,importoamalg #1,California,1999,12,100696),
    (Music,importoscholar #2,California,1999,12,96236),
    (Electronics,brandunivamalg #17,California,1999,12,4664),
    (Books,corpunivamalg #3,NY Metro_1,1999,12,41402),
    (Women,importoamalg #1,NY Metro_1,1999,12,502062),
    (Men,edu packimporto #2,NY Metro_1,1999,12,312633),
    (Books,scholarmaxi #5,NY Metro_1,1999,12,13788),
    (Electronics,maxiunivamalg #4,NY Metro_1,1999,12,209),
    (Jewelry,importobrand #3,NY Metro_1,1999,12,49174),
    (Music,amalgscholar #1,NY Metro_1,1999,12,405146),
    (Children,importoexporti #2,NY Metro_1,1999,12,195835),
    (Children,exportiexporti #1,NY Metro_1,1999,12,456980),
    (null,exportimaxi #5,NY Metro_1,1999,12,2655),
    (Home,amalgnameless #2,NY Metro_1,1999,12,26800),
    (Shoes,amalgedu pack #2,Hawaii/Alaska,1999,12,186143),
    (Music,exportischolar #1,Hawaii/Alaska,1999,12,349495),
    (Women,importoamalg #1,Hawaii/Alaska,1999,12,288045),
    (Shoes,amalgedu pack #1,Hawaii/Alaska,1999,12,261031),
    (Sports,corpmaxi #10,Hawaii/Alaska,1999,12,28419),
    (Jewelry,corpbrand #3,Hawaii/Alaska,1999,12,20385),
    (Music,exportischolar #2,Hawaii/Alaska,1999,12,164290),
    (Shoes,edu packedu pack #2,Hawaii/Alaska,1999,12,76810),
    (Books,scholarmaxi #9,Hawaii/Alaska,1999,12,13795),
    (Electronics,exportiunivamalg #4,Hawaii/Alaska,1999,12,19262),
    (Women,edu packamalg #1,Hawaii/Alaska,1999,12,220461),
    (Electronics,scholaramalgamalg #3,Hawaii/Alaska,1999,12,17266),
    (Books,brandmaxi #3,North Midwest,1999,12,45652),
    (Electronics,scholaramalgamalg #3,North Midwest,1999,12,25394),
    (Shoes,edu packedu pack #1,North Midwest,1999,12,270964),
    (Sports,amalgmaxi #1,North Midwest,1999,12,25627),
    (Sports,exportimaxi #4,North Midwest,1999,12,2604),
    (Men,amalgimporto #2,California,1999,12,29798),
    (Shoes,amalgedu pack #1,California,1999,12,126982),
    (Jewelry,corpbrand #5,California,1999,12,4966),
    (Men,edu packimporto #1,North Midwest_1,1999,12,180984),
    (Women,edu packamalg #2,North Midwest_1,1999,12,41718),
    (Jewelry,amalgcorp #6,North Midwest_1,1999,12,24426),
    (Women,edu packamalg #1,North Midwest_1,1999,12,237682),
    (Home,edu packbrand #7,North Midwest_1,1999,12,23455),
    (Books,corpmaxi #5,North Midwest_1,1999,12,18531),
    (Books,exportiunivamalg #2,North Midwest_1,1999,12,15336),
    (Children,importoexporti #1,North Midwest_1,1999,12,178706),
    (Jewelry,edu packcorp #3,North Midwest_1,1999,12,1303),
    (Jewelry,scholarcorp #7,California,1999,12,24191),
    (Sports,corpmaxi #3,California,1999,12,48684),
    (Electronics,importoamalgamalg #5,California,1999,12,2556),
    (Home,corpnameless #10,California,1999,12,10727),
    (Jewelry,importobrand #3,California,1999,12,2847),
    (Jewelry,univbrand #3,California,1999,12,5031),
    (Men,exportiimporto #1,California,1999,12,151201),
    (Books,importounivamalg #3,California,1999,12,10240),
    (Children,edu packexporti #2,California,1999,12,46956),
    (Men,edu packimporto #1,California,1999,12,187078),
    (Books,scholarmaxi #9,Pacific Northwest_1,1999,12,1481),
    (Shoes,importoedu pack #2,Pacific Northwest_1,1999,12,165480),
    (Women,edu packamalg #2,Pacific Northwest_1,1999,12,114179),
    (Electronics,amalgunivamalg #9,Pacific Northwest_1,1999,12,10485),
    (Sports,scholarnameless #2,Pacific Northwest_1,1999,12,24841),
    (Women,exportiamalg #2,Hawaii/Alaska,1999,12,136818),
    (Music,amalgscholar #1,Hawaii/Alaska,1999,12,266101),
    (Books,exportiunivamalg #11,Hawaii/Alaska,1999,12,28249),
    (Jewelry,corpbrand #5,Hawaii/Alaska,1999,12,7675),
    (Sports,univmaxi #10,Hawaii/Alaska,1999,12,5155),
    (Music,edu packscholar #1,Hawaii/Alaska,1999,12,276826),
    (Electronics,corpunivamalg #9,Mid Atlantic,1999,12,11718),
    (Children,importoexporti #2,Mid Atlantic,1999,12,149515),
    (Home,amalgbrand #5,Mid Atlantic,1999,12,13692),
    (Home,amalgbrand #9,Mid Atlantic,1999,12,39720),
    (Sports,scholarnameless #5,Mid Atlantic,1999,12,6443),
    (Books,corpmaxi #5,Mid Atlantic,1999,12,29742),
    (Electronics,scholarunivamalg #12,Mid Atlantic,1999,12,22809),
    (Sports,exportimaxi #7,Mid Atlantic,1999,12,15708),
    (Shoes,exportiedu pack #2,Mid Atlantic,1999,12,180204),
    (Books,corpmaxi #11,Mid Atlantic,1999,12,17754),
    (Children,importoexporti #1,Mid Atlantic,1999,12,357031),
    (Books,brandmaxi #3,Mid Atlantic,1999,12,23372),
    (Men,amalgimporto #1,North Midwest,1999,12,264371),
    (Music,amalgscholar #1,North Midwest,1999,12,134427),
    (Women,amalgamalg #2,North Midwest,1999,12,70296),
    (Music,importoscholar #1,North Midwest,1999,12,253763),
    (Music,edu packscholar #1,North Midwest,1999,12,140230),
    (Home,namelessbrand #8,North Midwest,1999,12,1816),
    (Sports,namelessnameless #5,California_1,1999,12,1950),
    (Shoes,importoedu pack #1,California_1,1999,12,253827),
    (Home,univnameless #4,California_1,1999,12,19964),
    (Music,amalgscholar #1,California_1,1999,12,275118),
    (Sports,brandnameless #8,California_1,1999,12,19050),
    (Men,importoimporto #2,California_1,1999,12,111553),
    (Music,amalgscholar #2,California_1,1999,12,183184),
    (Books,edu packmaxi #11,California_1,1999,12,17448),
    (Jewelry,corpcorp #6,California_1,1999,12,34148),
    (Books,univunivamalg #9,California,1999,12,6943),
    (Sports,edu packmaxi #2,California,1999,12,1536),
    (Books,namelessmaxi #11,California,1999,12,12741),
    (Jewelry,brandcorp #4,California,1999,12,1536),
    (Jewelry,exportibrand #5,California,1999,12,24470),
    (Children,importoexporti #2,Hawaii/Alaska,1999,12,129665),
    (Music,edu packscholar #2,Hawaii/Alaska,1999,12,108208),
    (Men,exportiimporto #2,Hawaii/Alaska,1999,12,120929),
    (Sports,namelessnameless #1,Hawaii/Alaska,1999,12,37167),
    (Electronics,brandunivamalg #16,Hawaii/Alaska,1999,12,4793),
    (Jewelry,corpcorp #6,Hawaii/Alaska,1999,12,10798),
    (Sports,exportinameless #10,California_1,1999,12,2453),
    (Sports,corpnameless #7,California_1,1999,12,26491),
    (Men,importoimporto #1,California_1,1999,12,249244),
    (Electronics,edu packamalgamalg #1,California_1,1999,12,22751),
    (Sports,amalgmaxi #9,California_1,1999,12,48056),
    (Jewelry,corpcorp #4,California_1,1999,12,4615),
    (Jewelry,importocorp #1,California_1,1999,12,35182),
    (Home,scholarbrand #5,California_1,1999,12,14285),
    (Home,namelessbrand #10,Hawaii/Alaska_1,1999,12,11242),
    (Shoes,exportiedu pack #1,Hawaii/Alaska_1,1999,12,229843),
    (Electronics,amalgunivamalg #5,Hawaii/Alaska_1,1999,12,7570),
    (Jewelry,univbrand #8,Hawaii/Alaska_1,1999,12,12322),
    (Sports,maxinameless #10,Hawaii/Alaska_1,1999,12,1246),
    (Electronics,exportiamalgamalg #3,Hawaii/Alaska_1,1999,12,6918),
    (Music,edu packscholar #1,NY Metro_1,1999,12,551194),
    (Men,exportiimporto #1,NY Metro_1,1999,12,474773),
    (Electronics,brandunivamalg #9,NY Metro_1,1999,12,38978),
    (Sports,maxinameless #8,NY Metro_1,1999,12,540),
    (Sports,corpmaxi #6,NY Metro_1,1999,12,21604),
    (Women,exportiamalg #1,NY Metro_1,1999,12,557798),
    (Jewelry,univbrand #2,NY Metro_1,1999,12,17572),
    (Men,exportiimporto #2,NY Metro_1,1999,12,245703),
    (Home,importobrand #4,NY Metro_1,1999,12,7986),
    (Home,importonameless #3,NY Metro_1,1999,12,9016),
    (Sports,corpmaxi #10,NY Metro,1999,12,24444),
    (Jewelry,amalgbrand #1,NY Metro,1999,12,12379),
    (Jewelry,corpbrand #2,NY Metro,1999,12,29473),
    (Women,importoamalg #1,NY Metro,1999,12,534212),
    (Shoes,amalgedu pack #1,NY Metro,1999,12,553261),
    (Women,amalgamalg #2,NY Metro,1999,12,228218),
    (Books,exportiunivamalg #11,NY Metro,1999,12,23079),
    (Women,edu packamalg #2,NY Metro,1999,12,143745),
    (Children,importoexporti #2,NY Metro,1999,12,164123),
    (Home,maxibrand #1,NY Metro,1999,12,18951),
    (Music,exportischolar #1,NY Metro,1999,12,382578),
    (Jewelry,edu packbrand #3,NY Metro,1999,12,22780),
    (Electronics,scholarunivamalg #4,Pacific Northwest_1,1999,12,20129),
    (Sports,edu packmaxi #3,Pacific Northwest_1,1999,12,44554),
    (Men,amalgimporto #1,Pacific Northwest_1,1999,12,198902),
    (Women,edu packamalg #1,Pacific Northwest_1,1999,12,172874),
    (Music,amalgscholar #2,Pacific Northwest_1,1999,12,150726),
    (Books,corpmaxi #11,Pacific Northwest_1,1999,12,15280),
    (Music,importoscholar #2,Pacific Northwest_1,1999,12,133831),
    (Electronics,corpunivamalg #4,California_1,1999,12,2600),
    (Books,scholarunivamalg #9,California_1,1999,12,34241),
    (Jewelry,edu packcorp #4,California_1,1999,12,5810),
    (Electronics,exportiunivamalg #16,California_1,1999,12,9083),
    (Home,scholarbrand #10,California_1,1999,12,6359),
    (Electronics,amalgamalgamalg #9,California_1,1999,12,5251),
    (Books,scholarmaxi #11,California_1,1999,12,19532),
    (Electronics,exportiamalgamalg #11,California_1,1999,12,13749),
    (Shoes,importoedu pack #2,California_1,1999,12,125504),
    (Women,importoamalg #2,NY Metro_1,1999,12,254957),
    (Shoes,importoedu pack #2,NY Metro_1,1999,12,213587),
    (Children,exportiexporti #2,NY Metro_1,1999,12,287946),
    (Shoes,amalgedu pack #1,NY Metro_1,1999,12,521146),
    (Home,brandbrand #10,NY Metro_1,1999,12,2692),
    (Home,importonameless #9,NY Metro_1,1999,12,28028),
    (Home,scholarnameless #5,NY Metro_1,1999,12,47264),
    (Books,exportimaxi #8,Pacific Northwest_1,1999,12,2201),
    (Music,exportischolar #1,Pacific Northwest_1,1999,12,153583),
    (Electronics,maxiunivamalg #1,Pacific Northwest_1,1999,12,13631),
    (Electronics,importoamalgamalg #3,Pacific Northwest_1,1999,12,23303),
    (Home,brandbrand #7,Pacific Northwest_1,1999,12,27305),
    (Sports,namelessnameless #10,Pacific Northwest_1,1999,12,7656),
    (Children,amalgexporti #1,Pacific Northwest_1,1999,12,289370),
    (Sports,edu packmaxi #10,California_1,1999,12,43862),
    (Electronics,exportiamalgamalg #10,California_1,1999,12,25632),
    (Books,corpunivamalg #11,North Midwest_1,1999,12,23405),
    (Sports,importonameless #1,North Midwest_1,1999,12,17514),
    (Home,exportibrand #9,North Midwest_1,1999,12,4653),
    (Books,exportimaxi #9,North Midwest_1,1999,12,40732),
    (Women,amalgamalg #1,Hawaii/Alaska,1999,12,219382),
    (Shoes,exportiedu pack #1,Hawaii/Alaska,1999,12,192789),
    (Books,amalgmaxi #8,Hawaii/Alaska,1999,12,17005),
    (Books,univunivamalg #11,Hawaii/Alaska,1999,12,37973),
    (Books,brandmaxi #11,Hawaii/Alaska,1999,12,17070),
    (Electronics,exportiamalgamalg #7,Hawaii/Alaska,1999,12,10979),
    (Music,exportischolar #2,Mid Atlantic,1999,12,201790),
    (Shoes,edu packedu pack #2,Mid Atlantic,1999,12,122620),
    (Sports,exportimaxi #3,Mid Atlantic,1999,12,60452),
    ...
    (Sports,scholarnameless #7,NY Metro,1999,5,3836),
    (Home,edu packbrand #7,NY Metro,1999,5,5686),
    (Sports,namelessnameless #9,NY Metro,1999,5,13769),
    (Electronics,edu packunivamalg #17,NY Metro,1999,5,16258),
    (Books,corpmaxi #9,NY Metro,1999,5,3778),
    (Electronics,exportiunivamalg #9,Mid Atlantic_1,1999,5,7377),
    (Electronics,corpamalgamalg #8,Mid Atlantic_1,1999,5,11067),
    (Books,importounivamalg #11,Mid Atlantic_1,1999,5,2385),
    (Electronics,edu packamalgamalg #6,Mid Atlantic,1999,5,2423),
    (Sports,edu packmaxi #7,Mid Atlantic,1999,5,3919),
    (Electronics,edu packunivamalg #4,NY Metro_1,1999,5,292),
    (Sports,corpmaxi #5,NY Metro_1,1999,5,3845),
    (Books,exportimaxi #11,NY Metro_1,1999,5,12566),
    (Electronics,corpunivamalg #11,Mid Atlantic_1,1999,5,43),
    (Electronics,corpunivamalg #5,Hawaii/Alaska_1,1999,5,18091),
    (Books,importomaxi #5,Hawaii/Alaska_1,1999,5,15908),
    (Sports,namelessnameless #5,Hawaii/Alaska,1999,5,5850),
    (Books,scholarunivamalg #2,Mid Atlantic_1,1999,5,1433),
    (Sports,corpnameless #2,Mid Atlantic_1,1999,5,658),
    (Sports,maxinameless #4,NY Metro_1,1999,5,14673),
    (Electronics,edu packunivamalg #17,NY Metro_1,1999,5,5819),
    (Electronics,scholaramalgamalg #10,Mid Atlantic_1,1999,5,6559),
    (Electronics,importounivamalg #16,North Midwest_1,1999,5,22143),
    (Home,brandbrand #3,North Midwest_1,1999,5,10648),
    (Electronics,amalgunivamalg #13,North Midwest_1,1999,5,7081),
    (Home,importobrand #1,North Midwest_1,1999,5,4117),
    (Sports,edu packnameless #4,Pacific Northwest_1,1999,5,3140),
    (Jewelry,scholarbrand #1,Pacific Northwest_1,1999,5,4882),
    (Electronics,edu packunivamalg #5,NY Metro,1999,5,13152),
    (Jewelry,amalgbrand #1,NY Metro,1999,5,567),
    (Home,brandbrand #3,NY Metro,1999,5,581),
    (Jewelry,edu packbrand #5,NY Metro,1999,5,17497),
    (Jewelry,exporticorp #6,NY Metro,1999,5,10059),
    (Books,maximaxi #8,NY Metro_1,1999,5,8691),
    (Electronics,univamalgamalg #4,North Midwest_1,1999,5,7824),
    (Electronics,edu packamalgamalg #8,North Midwest_1,1999,5,1266),
    (Home,importobrand #8,California,1999,5,6877),
    (Sports,importonameless #7,California,1999,5,9738),
    (Electronics,importoamalgamalg #3,California,1999,5,784),
    (Books,univunivamalg #8,California,1999,5,3337),
    (Home,amalgbrand #1,North Midwest_1,1999,5,9861),
    (Electronics,importounivamalg #3,North Midwest_1,1999,5,1036),
    (Sports,exportimaxi #5,California_1,1999,5,513),
    (Electronics,univamalgamalg #15,Mid Atlantic,1999,5,4744),
    (Sports,corpmaxi #8,Mid Atlantic_1,1999,5,132),
    (Home,edu packbrand #4,Mid Atlantic_1,1999,5,2332),
    (Sports,corpnameless #2,Pacific Northwest,1999,5,19941),
    (Electronics,edu packunivamalg #10,Pacific Northwest,1999,5,15066),
    (Sports,brandnameless #3,Pacific Northwest,1999,5,435),
    (Jewelry,brandcorp #3,Pacific Northwest,1999,5,999),
    (Books,edu packmaxi #5,Pacific Northwest,1999,5,829),
    (Home,corpnameless #6,NY Metro_1,1999,5,6095),
    (Books,amalgmaxi #11,NY Metro_1,1999,5,4954),
    (Home,exportinameless #3,NY Metro_1,1999,5,14210),
    (Home,brandbrand #3,NY Metro_1,1999,5,21651),
    (Sports,exportimaxi #8,California,1999,5,1872),
    (Electronics,namelessunivamalg #9,California,1999,5,4280),
    (Books,namelessmaxi #8,California,1999,5,6358),
    (Books,exportiunivamalg #3,California,1999,5,112),
    (Jewelry,exporticorp #2,California,1999,5,989),
    (Electronics,amalgunivamalg #4,California,1999,5,9189),
    (Sports,edu packmaxi #10,Pacific Northwest,1999,5,1281),
    (Sports,namelessnameless #5,NY Metro,1999,5,9568),
    (Books,edu packunivamalg #8,NY Metro,1999,5,571),
    (Sports,exportimaxi #9,NY Metro,1999,5,2073),
    (Electronics,importounivamalg #1,California_1,1999,5,2199),
    (Sports,maxinameless #2,California_1,1999,5,1385),
    (Electronics,exportiamalgamalg #14,NY Metro,1999,5,308),
    (Sports,namelessnameless #8,NY Metro,1999,5,7740),
    (Jewelry,maxicorp #4,NY Metro,1999,5,8043),
    (Sports,amalgnameless #9,North Midwest_1,1999,5,12215),
    (Electronics,corpunivamalg #3,North Midwest_1,1999,5,8077),
    (Sports,scholarnameless #4,NY Metro_1,1999,5,2846),
    (Electronics,namelessunivamalg #16,Pacific Northwest_1,1999,5,1632),
    (Sports,corpnameless #1,California,1999,5,2846),
    (Sports,brandnameless #5,California,1999,5,1336),
    (Jewelry,corpbrand #3,California,1999,5,1262),
    (Books,scholarunivamalg #8,California,1999,5,4723),
    (Books,importounivamalg #3,California,1999,5,2873),
    (Electronics,exportiunivamalg #17,California,1999,5,1187),
    (Electronics,brandunivamalg #3,California,1999,5,1824),
    (Home,brandbrand #10,NY Metro_1,1999,5,6754),
    (Electronics,brandunivamalg #3,Pacific Northwest_1,1999,5,5562),
    (Jewelry,edu packcorp #5,Pacific Northwest_1,1999,5,10452),
    (Books,corpmaxi #5,Mid Atlantic,1999,5,13172),
    (Home,maxibrand #3,NY Metro_1,1999,5,3487),
    (Electronics,amalgamalgamalg #6,NY Metro_1,1999,5,6959),
    (Jewelry,edu packbrand #7,NY Metro,1999,5,6037),
    (Electronics,univamalgamalg #10,NY Metro,1999,5,15680),
    (Home,maxibrand #6,California_1,1999,5,508),
    (Sports,null,Hawaii/Alaska_1,1999,5,2609),
    (Books,univunivamalg #9,Hawaii/Alaska_1,1999,5,5278),
    (Jewelry,namelesscorp #7,Hawaii/Alaska_1,1999,5,5113),
    (Home,amalgnameless #5,California,1999,5,1095),
    (Home,importobrand #6,North Midwest,1999,5,568),
    (Electronics,exportiamalgamalg #9,North Midwest,1999,5,9320),
    (Electronics,brandunivamalg #10,North Midwest,1999,5,6274),
    (Books,namelessmaxi #5,Pacific Northwest_1,1999,5,12684),
    (Electronics,exportiunivamalg #11,NY Metro_1,1999,5,3156),
    (Home,scholarnameless #5,NY Metro_1,1999,5,710),
    (Jewelry,corpbrand #5,NY Metro_1,1999,5,2464),
    (Home,scholarnameless #8,NY Metro_1,1999,5,2506),
    (Home,brandbrand #7,California,1999,5,0),
    (Sports,edu packnameless #9,Pacific Northwest,1999,5,1104),
    (Home,brandbrand #2,Pacific Northwest,1999,5,1582),
    (Electronics,scholarunivamalg #8,NY Metro,1999,5,7493),
    (Sports,edu packmaxi #3,NY Metro,1999,5,2605),
    (Sports,corpnameless #2,NY Metro,1999,5,1658),
    (Electronics,namelessunivamalg #6,NY Metro_1,1999,5,1385),
    (Electronics,univamalgamalg #3,NY Metro_1,1999,5,20882),
    (Electronics,amalgunivamalg #9,NY Metro_1,1999,5,2723),
    (Sports,importomaxi #7,Pacific Northwest,1999,5,2091),
    (Electronics,corpamalgamalg #10,Pacific Northwest,1999,5,10655),
    (Electronics,amalgamalgamalg #16,Pacific Northwest,1999,5,1034),
    (Electronics,brandunivamalg #11,Hawaii/Alaska,1999,5,4522),
    (Sports,corpnameless #10,Hawaii/Alaska,1999,5,1607),
    (null,null,Hawaii/Alaska,1999,5,7290),
    (Sports,corpnameless #9,Mid Atlantic,1999,5,7543),
    (Jewelry,scholarcorp #8,Mid Atlantic_1,1999,5,7413),
    (Home,scholarnameless #6,Mid Atlantic_1,1999,5,10062),
    (Electronics,amalgamalgamalg #10,Mid Atlantic_1,1999,5,12513),
    (Books,amalgunivamalg #9,Mid Atlantic_1,1999,5,84),
    (Electronics,univamalgamalg #17,Mid Atlantic_1,1999,5,6118),
    (Sports,exportimaxi #1,Mid Atlantic_1,1999,5,433),
    (Jewelry,amalgcorp #2,Mid Atlantic_1,1999,5,7084),
    (Books,scholarmaxi #2,Mid Atlantic,1999,5,6814),
    (Home,exportibrand #7,Hawaii/Alaska_1,1999,5,2466),
    (Sports,importomaxi #6,Hawaii/Alaska_1,1999,5,2266),
    (Sports,scholarmaxi #9,Hawaii/Alaska_1,1999,5,0),
    (Books,scholarmaxi #2,Hawaii/Alaska_1,1999,5,1431),
    (Sports,namelessnameless #1,Pacific Northwest,1999,5,854),
    (Sports,importomaxi #8,Pacific Northwest,1999,5,6857),
    (Home,exportibrand #8,Pacific Northwest,1999,5,5542),
    (Home,importonameless #8,North Midwest,1999,5,374),
    (Electronics,namelessunivamalg #14,North Midwest,1999,5,4583),
    (Electronics,edu packunivamalg #8,North Midwest,1999,5,2171),
    (Home,brandbrand #2,North Midwest,1999,5,9874),
    (Jewelry,brandcorp #5,Hawaii/Alaska_1,1999,5,1771),
    (Sports,scholarnameless #7,Hawaii/Alaska_1,1999,5,2366),
    (Home,corpbrand #4,Hawaii/Alaska_1,1999,5,1908),
    (Jewelry,univbrand #1,Hawaii/Alaska_1,1999,5,1319),
    (Jewelry,scholarcorp #6,Hawaii/Alaska_1,1999,5,7082),
    (Electronics,exportiamalgamalg #14,Hawaii/Alaska_1,1999,5,3952),
    (Sports,scholarnameless #6,Pacific Northwest_1,1999,5,3910),
    (Sports,namelessnameless #1,Pacific Northwest_1,1999,5,529),
    (Jewelry,corpcorp #3,Pacific Northwest_1,1999,5,2930),
    (Home,importonameless #7,NY Metro_1,1999,5,3620),
    (Electronics,importoamalgamalg #9,NY Metro_1,1999,5,3092),
    (Electronics,amalgamalgamalg #1,California,1999,5,1998),
    (Books,brandmaxi #11,California,1999,5,3760),
    (Electronics,amalgunivamalg #11,California,1999,5,3418),
    (Books,exportimaxi #5,California,1999,5,1361),
    (Home,edu packnameless #8,NY Metro,1999,5,6079),
    (Sports,amalgmaxi #4,NY Metro,1999,5,2342),
    (Electronics,exportiamalgamalg #2,NY Metro,1999,5,4388),
    (Electronics,namelessunivamalg #4,NY Metro,1999,5,2309),
    (Home,brandbrand #1,NY Metro,1999,5,4732),
    (Electronics,corpunivamalg #1,NY Metro,1999,5,3105),
    (Electronics,importounivamalg #14,NY Metro,1999,5,2976),
    (Books,univunivamalg #8,Hawaii/Alaska_1,1999,5,400),
    (Home,univnameless #5,Hawaii/Alaska_1,1999,5,3978),
    (Sports,maxinameless #10,Hawaii/Alaska_1,1999,5,6971),
    (Home,univnameless #3,California,1999,5,1463),
    (Sports,importonameless #6,California,1999,5,485),
    (Books,amalgmaxi #3,California,1999,5,303),
    (Books,scholarmaxi #8,California,1999,5,5895),
    (Sports,corpnameless #3,California,1999,5,3492),
    (Jewelry,scholarcorp #5,California,1999,5,3412),
    (Sports,importonameless #4,North Midwest_1,1999,5,455),
    (Electronics,exportiunivamalg #5,North Midwest_1,1999,5,9701),
    (Jewelry,scholarcorp #3,NY Metro,1999,5,9078),
    (Jewelry,namelesscorp #3,NY Metro,1999,5,3677),
    (Jewelry,maxicorp #6,NY Metro,1999,5,961),
    (Home,corpnameless #7,NY Metro,1999,5,2781),
    (Books,exportimaxi #5,North Midwest,1999,5,7703),
    (null,exportiamalg #1,North Midwest,1999,5,3780),
    (Home,edu packnameless #4,California_1,1999,5,7548),
    (Electronics,amalgunivamalg #7,California_1,1999,5,6145),
    (Electronics,maxiunivamalg #10,California,1999,5,6757),
    (Jewelry,exportibrand #5,California,1999,5,3198),
    (Electronics,importoamalgamalg #9,Hawaii/Alaska_1,1999,5,12903),
    (Electronics,exportiunivamalg #13,Hawaii/Alaska_1,1999,5,6342),
    (Jewelry,maxicorp #3,Hawaii/Alaska_1,1999,5,17444),
    (Electronics,namelessunivamalg #12,NY Metro_1,1999,5,5620),
    (Electronics,scholarunivamalg #16,NY Metro_1,1999,5,8387),
    (Electronics,exportiunivamalg #1,NY Metro_1,1999,5,2263),
    (Electronics,importounivamalg #14,Mid Atlantic,1999,5,2670),
    (Electronics,importoamalgamalg #16,NY Metro,1999,5,9159),
    (Jewelry,maxicorp #3,NY Metro,1999,5,7217),
    (Jewelry,edu packcorp #1,NY Metro,1999,5,5987),
    (Books,importomaxi #8,NY Metro,1999,5,4066),
    (Sports,edu packmaxi #6,Hawaii/Alaska,1999,5,1580),
    (Home,maxibrand #6,Hawaii/Alaska,1999,5,7693),
    (Sports,amalgnameless #1,Mid Atlantic,1999,5,13454),
    (Books,maximaxi #8,Mid Atlantic,1999,5,3322),
    (Music,null,Mid Atlantic,1999,5,4421),
    (Jewelry,scholarcorp #2,North Midwest_1,1999,5,1803),
    (Books,namelessmaxi #9,North Midwest_1,1999,5,3616),
    (Jewelry,importocorp #1,North Midwest_1,1999,5,7333),
    (Electronics,edu packunivamalg #7,North Midwest_1,1999,5,879),
    (Electronics,importoamalgamalg #10,North Midwest_1,1999,5,9628),
    (Jewelry,univbrand #1,North Midwest,1999,5,228),
    (Sports,exportinameless #1,North Midwest,1999,5,2501),
    (Electronics,maxiunivamalg #12,North Midwest,1999,5,6592),
    (Electronics,corpunivamalg #3,Hawaii/Alaska_1,1999,5,7540),
    (Electronics,edu packunivamalg #12,Hawaii/Alaska_1,1999,5,2730),
    (Home,brandbrand #3,Hawaii/Alaska_1,1999,5,2298),
    (Books,namelessmaxi #2,Hawaii/Alaska_1,1999,5,4358),
    (Home,amalgnameless #1,Pacific Northwest,1999,5,16341),
    (Home,exportinameless #1,North Midwest_1,1999,5,12240),
    (Electronics,brandunivamalg #4,California,1999,5,13480),
    (Home,edu packbrand #9,California,1999,5,10987),
    (Home,edu packnameless #2,NY Metro_1,1999,5,603),
    (Books,corpmaxi #5,Hawaii/Alaska_1,1999,5,211),
    (Jewelry,importocorp #4,Hawaii/Alaska_1,1999,5,16111),
    (Books,edu packunivamalg #11,Hawaii/Alaska_1,1999,5,13289),
    (Sports,amalgnameless #1,Hawaii/Alaska_1,1999,5,6965),
    (Electronics,corpamalgamalg #1,California_1,1999,5,104),
    (Home,scholarnameless #8,California_1,1999,5,3452),
    (Sports,edu packmaxi #3,Hawaii/Alaska_1,1999,5,1292),
    (Sports,namelessnameless #7,NY Metro_1,1999,5,6838),
    (Jewelry,edu packbrand #7,NY Metro_1,1999,5,12190),
    (Home,exportibrand #7,NY Metro_1,1999,5,19318),
    (Electronics,maxiunivamalg #9,NY Metro_1,1999,5,545),
    (Electronics,importounivamalg #13,NY Metro_1,1999,5,14748),
    (Sports,edu packmaxi #3,NY Metro_1,1999,5,6271),
    (Home,corpbrand #10,NY Metro_1,1999,5,2789),
    (null,edu packscholar #2,Mid Atlantic_1,1999,5,6293),
    (Electronics,exportiamalgamalg #6,Mid Atlantic_1,1999,5,947),
    (Sports,exportimaxi #7,Mid Atlantic_1,1999,5,647),
    (Home,importobrand #4,Mid Atlantic_1,1999,5,2523),
    (Electronics,importoamalgamalg #17,California_1,1999,5,23285),
    (Sports,amalgmaxi #9,NY Metro_1,1999,5,10264),
    (Jewelry,exportibrand #6,NY Metro_1,1999,5,217),
    (Electronics,importounivamalg #12,NY Metro_1,1999,5,2146),
    (Electronics,importounivamalg #4,NY Metro_1,1999,5,4361),
    (Sports,edu packnameless #7,NY Metro_1,1999,5,7877),
    (Home,namelessbrand #7,NY Metro_1,1999,5,4331),
    (Books,edu packunivamalg #9,California_1,1999,5,6030),
    (Electronics,exportiamalgamalg #6,Pacific Northwest,1999,5,629),
    (Home,scholarbrand #10,Pacific Northwest,1999,5,13629),
    (Electronics,corpunivamalg #15,North Midwest,1999,5,802),
    (Jewelry,amalgbrand #5,NY Metro,1999,5,3134),
    (Jewelry,exporticorp #5,NY Metro,1999,5,2572),
    (Electronics,edu packamalgamalg #12,Hawaii/Alaska,1999,5,2333),
    (Home,scholarnameless #5,Hawaii/Alaska_1,1999,5,997),
    (Jewelry,edu packbrand #1,Hawaii/Alaska_1,1999,5,3898),
    (Jewelry,corpbrand #1,Hawaii/Alaska_1,1999,5,2674),
    (Electronics,maxiunivamalg #10,Pacific Northwest_1,1999,5,12425),
    (Sports,scholarnameless #8,Pacific Northwest,1999,5,15420),
    (Home,corpbrand #5,Pacific Northwest,1999,5,5231),
    (Home,namelessbrand #2,Pacific Northwest,1999,5,4039),
    (Sports,importonameless #7,Hawaii/Alaska,1999,5,3531),
    (Books,edu packunivamalg #5,NY Metro_1,1999,5,4022),
    (Books,importounivamalg #9,NY Metro_1,1999,5,582),
    (Books,brandmaxi #11,Pacific Northwest_1,1999,5,1221),
    (Electronics,amalgunivamalg #12,Pacific Northwest_1,1999,5,2116),
    (Books,univunivamalg #5,NY Metro_1,1999,5,2731),
    (Electronics,exportiamalgamalg #2,California_1,1999,5,7597),
    (Books,exportiunivamalg #2,North Midwest,1999,5,3373),
    (Books,brandmaxi #8,Pacific Northwest_1,1999,5,7216),
    (Sports,univmaxi #1,Pacific Northwest_1,1999,5,9063),
    (Electronics,corpunivamalg #17,Pacific Northwest_1,1999,5,3920),
    (Jewelry,corpcorp #2,Pacific Northwest,1999,5,7681),
    (Jewelry,namelesscorp #2,Mid Atlantic_1,1999,5,1614),
    (Sports,amalgnameless #9,Hawaii/Alaska_1,1999,5,887),
    (Jewelry,edu packcorp #7,Hawaii/Alaska_1,1999,5,4223),
    (Electronics,scholaramalgamalg #4,Hawaii/Alaska_1,1999,5,263),
    (Sports,scholarmaxi #8,North Midwest,1999,5,13095),
    (Electronics,univamalgamalg #12,North Midwest,1999,5,7172),
    (Home,corpbrand #9,North Midwest,1999,5,15233),
    (Electronics,maxiunivamalg #10,NY Metro_1,1999,5,4698),
    (Jewelry,brandcorp #1,NY Metro_1,1999,5,3896),
    (Books,corpunivamalg #3,Pacific Northwest_1,1999,5,323),
    (Sports,scholarnameless #1,Pacific Northwest_1,1999,5,10753),
    (Jewelry,scholarbrand #7,Pacific Northwest_1,1999,5,5266),
    (Books,exportimaxi #5,Pacific Northwest_1,1999,5,849),
    (Home,edu packnameless #6,Pacific Northwest_1,1999,5,186),
    (Electronics,maxiunivamalg #12,Pacific Northwest_1,1999,5,9621),
    (Jewelry,importobrand #4,Pacific Northwest_1,1999,5,2052),
    (Books,amalgunivamalg #3,Pacific Northwest_1,1999,5,3287),
    (Electronics,exportiamalgamalg #2,Pacific Northwest_1,1999,5,179),
    (Sports,scholarmaxi #1,Pacific Northwest_1,1999,5,3339),
    (Books,maximaxi #2,North Midwest_1,1999,5,2475),
    (Jewelry,brandcorp #4,North Midwest_1,1999,5,1162),
    (Electronics,scholarunivamalg #13,Pacific Northwest,1999,5,9143),
    (Books,importomaxi #3,Pacific Northwest,1999,5,5031),
    (Sports,maxinameless #1,NY Metro,1999,5,3249),
    (Electronics,scholarunivamalg #12,NY Metro,1999,5,6049),
    (Jewelry,corpbrand #6,NY Metro,1999,5,1169),
    (Electronics,importoamalgamalg #9,NY Metro,1999,5,5340),
    (Electronics,exportiunivamalg #13,California,1999,5,637),
    (Books,edu packmaxi #11,California,1999,5,1361),
    (Jewelry,amalgbrand #7,California,1999,5,201),
    (Jewelry,exporticorp #4,California,1999,5,16629),
    (Sports,edu packnameless #9,Hawaii/Alaska_1,1999,5,11952),
    (Electronics,amalgamalgamalg #7,Hawaii/Alaska_1,1999,5,4090),
    (Sports,importomaxi #5,Hawaii/Alaska_1,1999,5,7635),
    (Books,amalgunivamalg #11,Hawaii/Alaska_1,1999,5,2164),
    (Sports,corpnameless #2,Hawaii/Alaska,1999,5,11953),
    (Books,brandmaxi #11,Hawaii/Alaska,1999,5,3862),
    (Electronics,namelessunivamalg #8,Mid Atlantic,1999,5,4716),
    (Jewelry,exporticorp #2,Pacific Northwest_1,1999,5,12986),
    (Sports,brandnameless #3,Pacific Northwest_1,1999,5,8622),
    (Jewelry,scholarbrand #5,Pacific Northwest_1,1999,5,4652),
    (Books,importounivamalg #2,Pacific Northwest_1,1999,5,8822),
    (Jewelry,corpbrand #7,North Midwest_1,1999,5,1215),
    (Electronics,exportiamalgamalg #1,Pacific Northwest,1999,5,225),
    (Electronics,edu packamalgamalg #16,Pacific Northwest_1,1999,5,2184),
    (Sports,namelessnameless #2,Pacific Northwest_1,1999,5,731),
    (Home,edu packnameless #7,Pacific Northwest_1,1999,5,4554),
    (Home,corpbrand #10,Pacific Northwest_1,1999,5,19348),
    (Electronics,edu packamalgamalg #11,North Midwest_1,1999,5,10497),
    (Electronics,exportiunivamalg #4,North Midwest_1,1999,5,13415),
    (Home,scholarnameless #8,Pacific Northwest,1999,5,4041),
    (Sports,maxinameless #2,North Midwest_1,1999,5,4822),
    (Sports,edu packmaxi #7,North Midwest_1,1999,5,19168),
    (Home,importonameless #4,North Midwest_1,1999,5,1200),
    (Jewelry,amalgbrand #7,North Midwest_1,1999,5,2031),
    (Books,namelessmaxi #8,North Midwest_1,1999,5,9309),
    (Electronics,importounivamalg #17,North Midwest_1,1999,5,2598),
    (Sports,maxinameless #5,North Midwest_1,1999,5,11751),
    (Electronics,namelessunivamalg #4,Hawaii/Alaska,1999,5,1442),
    (Books,exportimaxi #3,Hawaii/Alaska,1999,5,277),
    (Books,importomaxi #3,Hawaii/Alaska_1,1999,5,2208),
    (Home,importobrand #1,Hawaii/Alaska_1,1999,5,4466),
    (Home,amalgnameless #6,Hawaii/Alaska_1,1999,5,5930),
    (Sports,amalgnameless #4,Hawaii/Alaska_1,1999,5,3957),
    (Books,maximaxi #9,Hawaii/Alaska_1,1999,5,794),
    (Electronics,exportiamalgamalg #16,Hawaii/Alaska_1,1999,5,2028),
    (Home,scholarnameless #3,Hawaii/Alaska_1,1999,5,6283),
    (Jewelry,edu packbrand #3,Hawaii/Alaska_1,1999,5,13312),
    (Books,maximaxi #9,NY Metro_1,1999,5,6265),
    (Home,corpbrand #7,Hawaii/Alaska,1999,5,684),
    (Home,brandbrand #7,Hawaii/Alaska,1999,5,9929),
    (Home,amalgnameless #2,Hawaii/Alaska,1999,5,679),
    (Books,namelessmaxi #5,Hawaii/Alaska,1999,5,196),
    (Jewelry,edu packbrand #6,Hawaii/Alaska,1999,5,8398),
    (Electronics,importounivamalg #16,Hawaii/Alaska,1999,5,19560),
    (Sports,brandnameless #2,Hawaii/Alaska,1999,5,3088),
    (Jewelry,amalgbrand #2,NY Metro_1,1999,5,1642),
    (Jewelry,importocorp #8,NY Metro_1,1999,5,2675),
    (Home,maxibrand #9,Hawaii/Alaska_1,1999,5,9916),
    (Books,corpunivamalg #9,Hawaii/Alaska_1,1999,5,163),
    (Home,exportibrand #5,Hawaii/Alaska_1,1999,5,2851),
    (Sports,univmaxi #8,Hawaii/Alaska_1,1999,5,104),
    (Home,corpnameless #1,Hawaii/Alaska_1,1999,5,4039),
    (Sports,edu packnameless #2,North Midwest_1,1999,5,758),
    (Sports,amalgmaxi #6,North Midwest_1,1999,5,4142),
    (Sports,edu packnameless #3,North Midwest_1,1999,5,1984),
    (Electronics,exportiamalgamalg #13,North Midwest,1999,5,3718),
    (Home,exportinameless #4,North Midwest,1999,5,2148),
    (Home,namelessbrand #8,California_1,1999,5,4536),
    (Electronics,univamalgamalg #11,North Midwest,1999,5,278),
    (Jewelry,corpbrand #2,North Midwest,1999,5,2442),
    (Electronics,exportiunivamalg #17,North Midwest,1999,5,2863),
    (Electronics,scholarunivamalg #6,North Midwest,1999,5,5097),
    (Jewelry,univbrand #4,Pacific Northwest_1,1999,5,5481),
    (Books,corpmaxi #8,Pacific Northwest_1,1999,5,1629),
    (Electronics,amalgamalgamalg #10,Pacific Northwest_1,1999,5,9205),
    (Electronics,amalgamalgamalg #8,Pacific Northwest_1,1999,5,333),
    (Sports,exportimaxi #7,Pacific Northwest_1,1999,5,2517),
    (Home,edu packnameless #8,Mid Atlantic,1999,5,346),
    (Home,maxibrand #7,Hawaii/Alaska_1,1999,5,2714),
    (Sports,exportimaxi #9,Hawaii/Alaska_1,1999,5,4181),
    (Electronics,edu packamalgamalg #10,Hawaii/Alaska_1,1999,5,407),
    (Books,importounivamalg #2,Pacific Northwest,1999,5,3290),
    (Electronics,univamalgamalg #8,Mid Atlantic,1999,5,416),
    (Sports,importomaxi #6,Mid Atlantic,1999,5,2264),
    (Electronics,importounivamalg #7,NY Metro,1999,5,8050),
    (Electronics,scholarunivamalg #7,NY Metro,1999,5,7301),
    (Home,edu packnameless #10,NY Metro,1999,5,3992),
    (Electronics,brandunivamalg #6,NY Metro,1999,5,15301),
    (Sports,corpnameless #2,Mid Atlantic,1999,5,3410),
    (Sports,corpnameless #9,Mid Atlantic_1,1999,5,725),
    (Books,edu packunivamalg #11,Mid Atlantic_1,1999,5,420),
    (Electronics,corpamalgamalg #12,Mid Atlantic_1,1999,5,4964),
    (Home,amalgnameless #8,NY Metro,1999,5,128),
    (Electronics,scholaramalgamalg #13,Mid Atlantic,1999,5,16727),
    (Books,scholarmaxi #2,California,1999,5,73),
    (Jewelry,edu packbrand #6,California,1999,5,7838),
    (Home,corpnameless #2,California,1999,5,3610),
    (Books,edu packmaxi #3,Hawaii/Alaska_1,1999,5,7337),
    (Books,edu packmaxi #2,Hawaii/Alaska_1,1999,5,1013),
    (Books,exportimaxi #9,Hawaii/Alaska_1,1999,5,10161),
    (Sports,univmaxi #2,Hawaii/Alaska_1,1999,5,2866),
    (Home,scholarnameless #10,Hawaii/Alaska_1,1999,5,4149),
    (Electronics,amalgunivamalg #7,North Midwest_1,1999,5,6857),
    (Electronics,exportiamalgamalg #14,North Midwest_1,1999,5,5558),
    (Books,importounivamalg #8,Mid Atlantic_1,1999,5,462),
    (Electronics,univamalgamalg #14,California_1,1999,5,748),
    (Books,exportiunivamalg #9,Pacific Northwest_1,1999,5,9911),
    (Jewelry,importocorp #5,Pacific Northwest_1,1999,5,755),
    (Sports,importonameless #9,Pacific Northwest_1,1999,5,3100),
    (Electronics,brandunivamalg #10,Pacific Northwest_1,1999,5,5522),
    (Home,edu packnameless #6,Mid Atlantic_1,1999,5,5849),
    (Jewelry,namelesscorp #8,Pacific Northwest,1999,5,6421),
    (Home,amalgbrand #10,NY Metro,1999,5,5957),
    (Home,edu packnameless #5,NY Metro,1999,5,15525),
    (Sports,maxinameless #6,NY Metro,1999,5,44),
    (Sports,exportinameless #2,NY Metro,1999,5,13538),
    (Electronics,maxiunivamalg #16,NY Metro,1999,5,8806),
    (Jewelry,amalgcorp #1,NY Metro,1999,5,4965),
    (Electronics,importoamalgamalg #7,Pacific Northwest_1,1999,5,515),
    (Books,corpunivamalg #2,Pacific Northwest_1,1999,5,12424),
    (Jewelry,maxicorp #4,Mid Atlantic,1999,5,8637),
    (Sports,namelessnameless #10,Mid Atlantic,1999,5,4871),
    (Books,amalgunivamalg #11,Mid Atlantic,1999,5,3550),
    (Sports,scholarnameless #2,NY Metro,1999,5,10027),
    (Electronics,brandunivamalg #2,NY Metro,1999,5,3522),
    (Sports,brandnameless #7,NY Metro,1999,5,1488),
    (Sports,corpmaxi #1,NY Metro,1999,5,445),
    (Sports,scholarmaxi #7,NY Metro,1999,5,15797),
    (Electronics,edu packamalgamalg #7,NY Metro,1999,5,3530),
    (Home,brandbrand #10,NY Metro,1999,5,8342),
    (Home,univnameless #5,NY Metro,1999,5,1527),
    (Sports,importonameless #2,NY Metro,1999,5,6994),
    (Books,amalgunivamalg #3,NY Metro,1999,5,10148),
    (Jewelry,importocorp #4,North Midwest,1999,5,10740),
    (Sports,corpmaxi #3,North Midwest,1999,5,2461),
    (Sports,amalgnameless #10,North Midwest,1999,5,178),
    (Sports,amalgmaxi #4,North Midwest,1999,5,10308),
    (Electronics,importounivamalg #15,Mid Atlantic_1,1999,5,5678),
    (Jewelry,amalgbrand #3,Mid Atlantic_1,1999,5,1355),
    (Home,edu packbrand #9,NY Metro,1999,5,3671),
    (Jewelry,scholarbrand #6,NY Metro,1999,5,2618),
    (Home,amalgnameless #7,NY Metro,1999,5,6360),
    (Electronics,exportiunivamalg #8,Mid Atlantic,1999,5,10041),
    (Jewelry,exporticorp #8,California,1999,5,4676),
    (Sports,exportinameless #6,California,1999,5,4354),
    (Home,univnameless #4,Hawaii/Alaska,1999,5,6858),
    (Sports,corpnameless #8,Hawaii/Alaska,1999,5,10624),
    (Sports,scholarnameless #6,Hawaii/Alaska,1999,5,3941),
    (Jewelry,amalgcorp #8,Hawaii/Alaska,1999,5,2065),
    (Jewelry,corpcorp #2,Hawaii/Alaska,1999,5,4454),
    (Electronics,amalgunivamalg #11,Hawaii/Alaska,1999,5,15049),
    (Electronics,edu packunivamalg #6,NY Metro,1999,5,8543),
    (Sports,corpnameless #4,NY Metro,1999,5,6351),
    (Jewelry,corpbrand #5,North Midwest,1999,5,1705),
    (Electronics,brandunivamalg #17,North Midwest,1999,5,1862),
    (Electronics,univamalgamalg #2,North Midwest,1999,5,4840),
    (Books,scholarunivamalg #9,Hawaii/Alaska,1999,5,18390),
    (Jewelry,amalgcorp #4,Mid Atlantic,1999,5,18757),
    (Sports,importonameless #3,NY Metro,1999,5,8678),
    (Sports,univmaxi #8,North Midwest_1,1999,5,3592),
    (Home,corpnameless #1,North Midwest_1,1999,5,10173),
    (Home,univnameless #10,Mid Atlantic,1999,5,549),
    (Home,amalgnameless #3,California_1,1999,5,6684),
    (Electronics,edu packunivamalg #11,Mid Atlantic,1999,5,3182),
    (Electronics,importoamalgamalg #12,Mid Atlantic,1999,5,2458),
    (null,amalgimporto #2,North Midwest,1999,5,5763),
    (Home,corpbrand #5,North Midwest,1999,5,2345),
    (Sports,exportinameless #4,North Midwest,1999,5,8770),
    (Sports,corpmaxi #9,Mid Atlantic_1,1999,5,6012),
    (Electronics,univamalgamalg #3,Mid Atlantic_1,1999,5,481),
    (Electronics,amalgamalgamalg #13,North Midwest_1,1999,5,0),
    (Electronics,corpamalgamalg #9,North Midwest_1,1999,5,9250),
    (Sports,exportinameless #3,North Midwest_1,1999,5,4234),
    (Home,brandbrand #8,North Midwest_1,1999,5,1841),
    (Sports,importomaxi #7,North Midwest_1,1999,5,7055),
    (Home,importonameless #6,Mid Atlantic_1,1999,5,5874),
    (Jewelry,null,Pacific Northwest,1999,5,12265),
    (Sports,importomaxi #3,Pacific Northwest_1,1999,5,1082),
    (Electronics,brandunivamalg #13,Pacific Northwest_1,1999,5,250),
    (Sports,edu packmaxi #5,Pacific Northwest_1,1999,5,8778),
    (Home,corpnameless #7,Pacific Northwest_1,1999,5,12189),
    (Books,univunivamalg #11,Pacific Northwest_1,1999,5,13781),
    (Home,amalgbrand #6,Pacific Northwest_1,1999,5,15290),
    (Books,amalgmaxi #9,Hawaii/Alaska,1999,5,658),
    (Home,exportinameless #1,Hawaii/Alaska,1999,5,3269),
    (Home,exportibrand #5,Pacific Northwest_1,1999,5,1638),
    (Sports,amalgmaxi #7,Pacific Northwest_1,1999,5,1214),
    (Books,exportimaxi #8,Pacific Northwest_1,1999,5,2566),
    (Home,importobrand #6,Pacific Northwest_1,1999,5,2838),
    (Electronics,importoamalgamalg #6,Pacific Northwest_1,1999,5,1764),
    (Home,importobrand #1,Pacific Northwest_1,1999,5,8748),
    (Books,edu packmaxi #8,North Midwest_1,1999,5,4633),
    (Sports,edu packmaxi #2,Pacific Northwest,1999,5,7917),
    (Electronics,exportiunivamalg #13,Mid Atlantic,1999,5,5692),
    (Electronics,corpunivamalg #10,North Midwest_1,1999,5,14406),
    (Sports,scholarmaxi #7,North Midwest_1,1999,5,4931),
    (Books,maximaxi #3,Hawaii/Alaska,1999,5,1509),
    (Sports,corpnameless #4,Hawaii/Alaska,1999,5,12294),
    (Home,maxibrand #9,North Midwest_1,1999,5,2433),
    (Books,corpmaxi #2,North Midwest_1,1999,5,5950),
    (Electronics,brandunivamalg #13,California,1999,5,4424),
    (Home,amalgnameless #7,California,1999,5,9497),
    (Jewelry,amalgcorp #6,California,1999,5,12624),
    (Home,corpnameless #9,California,1999,5,1809),
    (Books,univunivamalg #9,California,1999,5,6021),
    (Books,corpunivamalg #3,Hawaii/Alaska,1999,5,2737),
    (Books,corpmaxi #9,Hawaii/Alaska,1999,5,11485),
    (Sports,scholarmaxi #6,Hawaii/Alaska,1999,5,1473),
    (Books,brandmaxi #5,Hawaii/Alaska,1999,5,5131),
    (Sports,scholarmaxi #10,Hawaii/Alaska,1999,5,2566),
    (Home,amalgbrand #1,Mid Atlantic_1,1999,5,2027),
    (Electronics,amalgamalgamalg #1,North Midwest,1999,5,4125),
    (Home,exportinameless #7,North Midwest,1999,5,3243),
    (Electronics,brandunivamalg #9,North Midwest,1999,5,1556),
    (Books,corpmaxi #5,NY Metro,1999,5,960)]
	at org.weakref.nitro.tpcds.TestQueries.testQuery57StageCounts(TestQueries.java:952)
[ERROR] Failures: 
[ERROR]   TestQueries.testQuery57StageCounts:952 
Expected size: 147573 but was: 908618 in:
[(Sports,maxinameless #3,Pacific Northwest,1999,12,12297),
    (Shoes,importoedu pack #1,Pacific Northwest,1999,12,426525),
    (Electronics,importounivamalg #7,Pacific Northwest,1999,12,11871),
    (Books,amalgunivamalg #8,California_1,1999,12,14409),
    (Jewelry,exportibrand #6,California_1,1999,12,12245),
    (Shoes,amalgedu pack #1,California_1,1999,12,369954),
    (Jewelry,scholarcorp #8,California_1,1999,12,42294),
    (Men,amalgimporto #1,California_1,1999,12,330185),
    (Jewelry,corpbrand #8,California_1,1999,12,14389),
    (Jewelry,maxicorp #7,California_1,1999,12,5193),
    (Books,brandmaxi #8,California_1,1999,12,29425),
    (Sports,corpmaxi #1,California_1,1999,12,12695),
    (Home,edu packbrand #4,California_1,1999,12,2162),
    (Women,exportiamalg #2,North Midwest_1,1999,12,72538),
    (Jewelry,maxicorp #7,North Midwest_1,1999,12,16861),
    (Books,amalgmaxi #11,North Midwest_1,1999,12,15336),
    (Children,amalgexporti #2,North Midwest_1,1999,12,83653),
    (Women,importoamalg #1,North Midwest_1,1999,12,182254),
    (Shoes,amalgedu pack #2,North Midwest_1,1999,12,152707),
    (Music,importoscholar #2,North Midwest_1,1999,12,143241),
    (Jewelry,amalgbrand #6,North Midwest_1,1999,12,5892),
    (Sports,importomaxi #1,Pacific Northwest_1,1999,12,15228),
    (Shoes,edu packedu pack #2,Pacific Northwest_1,1999,12,151995),
    (Music,amalgscholar #1,Pacific Northwest_1,1999,12,179248),
    (Electronics,exportiunivamalg #9,Pacific Northwest_1,1999,12,355),
    (Shoes,amalgedu pack #1,Pacific Northwest_1,1999,12,208343),
    (Men,amalgimporto #2,Pacific Northwest_1,1999,12,113334),
    (Books,scholarmaxi #5,Pacific Northwest_1,1999,12,11877),
    (Children,edu packexporti #1,Pacific Northwest,1999,12,453140),
    (Electronics,corpamalgamalg #3,Pacific Northwest,1999,12,14552),
    (Home,amalgnameless #1,Pacific Northwest,1999,12,7558),
    (Electronics,corpamalgamalg #9,Pacific Northwest,1999,12,40239),
    (Books,edu packmaxi #8,Pacific Northwest,1999,12,18409),
    (Shoes,edu packedu pack #1,Pacific Northwest,1999,12,633899),
    (Sports,edu packmaxi #9,Pacific Northwest,1999,12,57677),
    (Men,edu packimporto #1,Pacific Northwest,1999,12,613126),
    (Women,exportiamalg #1,Pacific Northwest,1999,12,546124),
    (Jewelry,amalgcorp #5,Pacific Northwest,1999,12,51256),
    (Music,edu packscholar #1,Pacific Northwest,1999,12,421632),
    (Sports,scholarnameless #3,Mid Atlantic_1,1999,12,35375),
    (Sports,amalgnameless #3,Mid Atlantic_1,1999,12,37104),
    (Jewelry,maxicorp #1,Mid Atlantic_1,1999,12,26476),
    (Electronics,edu packamalgamalg #8,Mid Atlantic_1,1999,12,8176),
    (Sports,exportimaxi #9,Mid Atlantic_1,1999,12,14336),
    (Books,amalgmaxi #9,Mid Atlantic_1,1999,12,44363),
    (Jewelry,importobrand #3,Mid Atlantic_1,1999,12,46004),
    (Men,edu packimporto #2,Mid Atlantic_1,1999,12,176841),
    (Children,exportiexporti #2,Mid Atlantic_1,1999,12,197354),
    (Shoes,edu packedu pack #1,Mid Atlantic_1,1999,12,391503),
    (Children,exportiexporti #1,Mid Atlantic_1,1999,12,577635),
    (Shoes,amalgedu pack #2,Mid Atlantic_1,1999,12,277588),
    (Men,exportiimporto #1,Mid Atlantic_1,1999,12,547655),
    (Books,edu packunivamalg #11,NY Metro_1,1999,12,28217),
    (Women,edu packamalg #2,NY Metro_1,1999,12,225180),
    (Home,edu packbrand #7,NY Metro_1,1999,12,63937),
    (Shoes,exportiedu pack #1,NY Metro_1,1999,12,509121),
    (Sports,corpnameless #4,California,1999,12,29),
    (Home,importonameless #5,California,1999,12,14267),
    (Children,exportiexporti #1,California,1999,12,107949),
    (Women,exportiamalg #2,California,1999,12,41026),
    (Jewelry,corpbrand #8,California,1999,12,4180),
    (Shoes,edu packedu pack #1,California,1999,12,80130),
    (Women,amalgamalg #1,California,1999,12,68106),
    (Men,importoimporto #1,North Midwest_1,1999,12,197826),
    (Books,scholarmaxi #8,North Midwest_1,1999,12,10547),
    (Electronics,corpunivamalg #15,North Midwest_1,1999,12,34932),
    (Women,exportiamalg #1,North Midwest_1,1999,12,282489),
    (Children,amalgexporti #1,North Midwest_1,1999,12,174436),
    (Children,edu packexporti #2,North Midwest_1,1999,12,63239),
    (Jewelry,maxicorp #5,North Midwest_1,1999,12,17000),
    (Music,exportischolar #1,North Midwest_1,1999,12,255403),
    (Shoes,exportiedu pack #1,North Midwest_1,1999,12,160256),
    (Home,importonameless #5,North Midwest_1,1999,12,27052),
    (Home,importonameless #6,Hawaii/Alaska_1,1999,12,35),
    (Shoes,importoedu pack #2,Hawaii/Alaska_1,1999,12,80959),
    (Men,importoimporto #2,Hawaii/Alaska_1,1999,12,78798),
    (Men,edu packimporto #1,Hawaii/Alaska_1,1999,12,165000),
    (Jewelry,maxicorp #6,Hawaii/Alaska_1,1999,12,18595),
    (Music,exportischolar #2,Hawaii/Alaska_1,1999,12,73262),
    (Sports,brandnameless #10,Mid Atlantic,1999,12,9300),
    (Shoes,amalgedu pack #1,Mid Atlantic,1999,12,439527),
    (Women,amalgamalg #2,Mid Atlantic,1999,12,189400),
    (Sports,exportinameless #2,Mid Atlantic,1999,12,17538),
    (Women,exportiamalg #2,Mid Atlantic,1999,12,283247),
    (Books,maximaxi #3,Mid Atlantic,1999,12,22670),
    (Women,amalgamalg #1,Mid Atlantic,1999,12,403822),
    (Shoes,exportiedu pack #1,Mid Atlantic,1999,12,393921),
    (Jewelry,importocorp #3,Mid Atlantic,1999,12,37343),
    (Men,amalgimporto #1,Mid Atlantic,1999,12,351655),
    (Jewelry,edu packbrand #6,Mid Atlantic,1999,12,2880),
    (Children,amalgexporti #1,Mid Atlantic,1999,12,367114),
    (Home,scholarnameless #5,Mid Atlantic,1999,12,11900),
    (Children,edu packexporti #1,North Midwest_1,1999,12,137396),
    (Women,amalgamalg #2,North Midwest_1,1999,12,104011),
    (Home,exportinameless #6,North Midwest_1,1999,12,6032),
    (Shoes,amalgedu pack #1,North Midwest_1,1999,12,291522),
    (Jewelry,scholarcorp #8,North Midwest_1,1999,12,14403),
    (Men,amalgimporto #1,North Midwest_1,1999,12,265347),
    (Books,univunivamalg #8,North Midwest_1,1999,12,2682),
    (Home,scholarnameless #8,North Midwest_1,1999,12,39504),
    (Home,importonameless #3,North Midwest_1,1999,12,19022),
    (Shoes,importoedu pack #1,North Midwest_1,1999,12,243559),
    (Men,exportiimporto #1,North Midwest_1,1999,12,273276),
    (Books,importomaxi #5,North Midwest_1,1999,12,4644),
    (Music,amalgscholar #1,Hawaii/Alaska_1,1999,12,85792),
    (Men,edu packimporto #2,Hawaii/Alaska_1,1999,12,53864),
    (Children,exportiexporti #1,Hawaii/Alaska_1,1999,12,131665),
    (Shoes,edu packedu pack #1,Hawaii/Alaska_1,1999,12,125974),
    (Sports,exportinameless #1,Hawaii/Alaska_1,1999,12,7444),
    (Jewelry,corpcorp #3,Hawaii/Alaska_1,1999,12,13711),
    (Home,importobrand #4,Hawaii/Alaska_1,1999,12,12307),
    (Electronics,brandunivamalg #3,Hawaii/Alaska_1,1999,12,4836),
    (Jewelry,importocorp #1,Hawaii/Alaska_1,1999,12,6441),
    (Sports,scholarmaxi #9,Hawaii/Alaska_1,1999,12,3449),
    (Music,edu packscholar #1,North Midwest_1,1999,12,170483),
    (Sports,corpmaxi #1,North Midwest_1,1999,12,21012),
    (Children,exportiexporti #2,North Midwest_1,1999,12,113211),
    (Music,importoscholar #1,North Midwest_1,1999,12,217252),
    (Music,amalgscholar #2,North Midwest_1,1999,12,107271),
    (Men,edu packimporto #2,North Midwest_1,1999,12,123675),
    (Electronics,scholarunivamalg #13,North Midwest_1,1999,12,3194),
    (Home,amalgbrand #5,North Midwest_1,1999,12,3806),
    (Home,corpbrand #8,California_1,1999,12,11648),
    (Men,edu packimporto #1,California_1,1999,12,461967),
    (Home,corpnameless #1,California_1,1999,12,23545),
    (Men,exportiimporto #1,California_1,1999,12,306500),
    (Children,importoexporti #1,California_1,1999,12,321014),
    (Shoes,exportiedu pack #1,California_1,1999,12,270818),
    (Shoes,edu packedu pack #1,California_1,1999,12,320489),
    (Men,amalgimporto #2,California_1,1999,12,158004),
    (null,null,California_1,1999,12,18977),
    (Music,edu packscholar #1,California_1,1999,12,374355),
    (Shoes,exportiedu pack #2,California_1,1999,12,162668),
    (Sports,edu packmaxi #9,California_1,1999,12,28163),
    (Books,scholarmaxi #8,NY Metro,1999,12,31679),
    (Men,importoimporto #1,NY Metro,1999,12,489084),
    (Sports,importonameless #2,NY Metro,1999,12,22425),
    (Jewelry,univbrand #6,NY Metro,1999,12,9944),
    (Jewelry,namelesscorp #7,NY Metro,1999,12,27728),
    (Men,edu packimporto #2,NY Metro,1999,12,317940),
    (Electronics,exportiamalgamalg #15,NY Metro,1999,12,26283),
    (Sports,amalgmaxi #2,NY Metro,1999,12,40690),
    (Women,importoamalg #2,NY Metro,1999,12,286911),
    (Books,corpmaxi #2,NY Metro,1999,12,17044),
    (Shoes,exportiedu pack #1,NY Metro,1999,12,628629),
    (Music,edu packscholar #1,NY Metro,1999,12,513446),
    (Home,edu packbrand #5,NY Metro,1999,12,4904),
    (Electronics,amalgunivamalg #11,California_1,1999,12,9698),
    (Women,amalgamalg #1,California_1,1999,12,236973),
    (Music,exportischolar #1,California_1,1999,12,291001),
    (Books,exportimaxi #5,California_1,1999,12,4657),
    (Electronics,exportiunivamalg #3,California_1,1999,12,28638),
    (Men,edu packimporto #2,California_1,1999,12,85265),
    (Home,edu packbrand #1,California_1,1999,12,12338),
    (Women,exportiamalg #1,California_1,1999,12,309131),
    (Children,edu packexporti #1,California_1,1999,12,356883),
    (Shoes,edu packedu pack #1,North Midwest_1,1999,12,160291),
    (Sports,exportimaxi #3,North Midwest_1,1999,12,3948),
    (Shoes,exportiedu pack #2,North Midwest_1,1999,12,60360),
    (Home,corpbrand #3,North Midwest_1,1999,12,37807),
    (Jewelry,amalgcorp #1,North Midwest_1,1999,12,15699),
    (Music,exportischolar #2,North Midwest_1,1999,12,121451),
    (Home,importobrand #7,North Midwest_1,1999,12,14503),
    (Electronics,brandunivamalg #15,North Midwest_1,1999,12,7423),
    (Home,scholarbrand #9,North Midwest_1,1999,12,20006),
    (Jewelry,importobrand #3,California_1,1999,12,16176),
    (Books,scholarunivamalg #3,California_1,1999,12,26693),
    (Electronics,scholarunivamalg #9,California_1,1999,12,22917),
    (Home,corpbrand #3,California_1,1999,12,23540),
    (Sports,corpmaxi #3,California_1,1999,12,7180),
    (Electronics,brandunivamalg #5,NY Metro_1,1999,12,19855),
    (Jewelry,corpcorp #6,NY Metro_1,1999,12,8168),
    (Music,importoscholar #1,NY Metro_1,1999,12,503824),
    (Sports,edu packnameless #3,NY Metro_1,1999,12,28330),
    (Books,scholarmaxi #5,North Midwest,1999,12,10033),
    (Men,exportiimporto #1,North Midwest,1999,12,215475),
    (Women,amalgamalg #1,North Midwest,1999,12,216424),
    (Books,maximaxi #11,North Midwest,1999,12,10807),
    (Jewelry,amalgbrand #3,North Midwest,1999,12,9713),
    (Children,importoexporti #1,North Midwest,1999,12,247812),
    (Jewelry,brandcorp #7,North Midwest,1999,12,2947),
    (Books,brandmaxi #2,North Midwest,1999,12,4683),
    (Women,importoamalg #2,North Midwest,1999,12,127538),
    (Electronics,maxiunivamalg #8,North Midwest,1999,12,10900),
    (Electronics,corpamalgamalg #13,North Midwest,1999,12,5561),
    (Shoes,amalgedu pack #1,North Midwest,1999,12,162804),
    (Books,namelessmaxi #3,North Midwest,1999,12,6861),
    (Books,univunivamalg #2,North Midwest,1999,12,14314),
    (Men,importoimporto #1,North Midwest,1999,12,147940),
    (Women,exportiamalg #1,Hawaii/Alaska,1999,12,199212),
    (Jewelry,corpcorp #7,Hawaii/Alaska,1999,12,23772),
    (Children,edu packexporti #1,Hawaii/Alaska,1999,12,238440),
    (Sports,exportinameless #7,Hawaii/Alaska,1999,12,19235),
    (Children,exportiexporti #1,Hawaii/Alaska,1999,12,262050),
    (Men,amalgimporto #2,Hawaii/Alaska,1999,12,150220),
    (Electronics,amalgamalgamalg #14,Pacific Northwest,1999,12,20926),
    (Children,importoexporti #1,Pacific Northwest,1999,12,475964),
    (Music,amalgscholar #1,Pacific Northwest,1999,12,413135),
    (Jewelry,namelesscorp #1,Pacific Northwest,1999,12,14241),
    (Sports,corpmaxi #1,Pacific Northwest,1999,12,32798),
    (Home,univnameless #3,Pacific Northwest,1999,12,15176),
    (Children,amalgexporti #1,Pacific Northwest,1999,12,461592),
    (Electronics,edu packamalgamalg #13,Pacific Northwest,1999,12,22423),
    (Jewelry,edu packbrand #3,Pacific Northwest,1999,12,30285),
    (Music,amalgscholar #2,Pacific Northwest,1999,12,362932),
    (Electronics,amalgunivamalg #15,Pacific Northwest,1999,12,5863),
    (Shoes,importoedu pack #2,Pacific Northwest,1999,12,259522),
    (Shoes,amalgedu pack #1,Pacific Northwest,1999,12,517361),
    (Electronics,exportiamalgamalg #2,California_1,1999,12,5307),
    (Home,corpnameless #5,California_1,1999,12,22628),
    (Jewelry,brandcorp #1,California_1,1999,12,12318),
    (Women,edu packamalg #1,California_1,1999,12,328695),
    (Books,amalgmaxi #3,California_1,1999,12,16984),
    (Electronics,amalgunivamalg #6,California_1,1999,12,4891),
    (Home,namelessbrand #7,California_1,1999,12,16638),
    (Books,namelessmaxi #9,California_1,1999,12,18234),
    (Sports,amalgnameless #3,California_1,1999,12,8673),
    (Jewelry,amalgbrand #8,California_1,1999,12,16966),
    (Shoes,edu packedu pack #2,California_1,1999,12,153532),
    (Children,exportiexporti #1,California_1,1999,12,294103),
    (Books,maximaxi #2,California_1,1999,12,41052),
    (Men,amalgimporto #2,Pacific Northwest,1999,12,347684),
    (Jewelry,namelesscorp #3,Pacific Northwest,1999,12,18553),
    (Jewelry,amalgbrand #2,Pacific Northwest,1999,12,1105),
    (Electronics,brandunivamalg #4,Pacific Northwest,1999,12,40485),
    (Jewelry,scholarbrand #1,Pacific Northwest,1999,12,29499),
    (Music,importoscholar #1,Pacific Northwest,1999,12,621711),
    (Men,amalgimporto #1,Pacific Northwest,1999,12,529555),
    (Shoes,amalgedu pack #2,Pacific Northwest,1999,12,222914),
    (Sports,exportinameless #1,Pacific Northwest,1999,12,49528),
    (Home,corpbrand #6,Hawaii/Alaska,1999,12,2965),
    (Men,amalgimporto #1,Hawaii/Alaska,1999,12,264440),
    (Books,edu packmaxi #5,Hawaii/Alaska,1999,12,26958),
    (Books,importounivamalg #11,Hawaii/Alaska,1999,12,28493),
    (Books,edu packmaxi #11,Hawaii/Alaska,1999,12,33180),
    (Music,importoscholar #1,Hawaii/Alaska,1999,12,249457),
    (Books,scholarmaxi #11,Hawaii/Alaska,1999,12,11040),
    (Shoes,importoedu pack #1,Hawaii/Alaska,1999,12,284265),
    (null,null,Hawaii/Alaska,1999,12,30850),
    (Men,exportiimporto #1,Hawaii/Alaska,1999,12,282827),
    (Books,corpmaxi #5,Hawaii/Alaska,1999,12,61999),
    (Electronics,exportiunivamalg #15,Hawaii/Alaska,1999,12,27042),
    (Books,scholarmaxi #11,NY Metro,1999,12,8468),
    (Sports,scholarmaxi #5,NY Metro,1999,12,82319),
    (Children,edu packexporti #1,NY Metro,1999,12,613064),
    (Books,importomaxi #9,NY Metro,1999,12,5913),
    (Electronics,scholarunivamalg #12,Pacific Northwest_1,1999,12,8536),
    (Books,edu packmaxi #11,Pacific Northwest_1,1999,12,10519),
    (Jewelry,importocorp #2,Pacific Northwest_1,1999,12,1877),
    (Electronics,exportiamalgamalg #3,Pacific Northwest_1,1999,12,1811),
    (Women,importoamalg #2,Pacific Northwest_1,1999,12,164403),
    (Music,importoscholar #1,Pacific Northwest_1,1999,12,202007),
    (Books,importounivamalg #2,Pacific Northwest_1,1999,12,22295),
    (Men,importoimporto #1,Pacific Northwest_1,1999,12,251246),
    (Home,namelessbrand #10,California,1999,12,827),
    (Shoes,exportiedu pack #1,California,1999,12,95054),
    (Electronics,amalgunivamalg #5,California,1999,12,9477),
    (Jewelry,univbrand #8,California,1999,12,11347),
    (Sports,maxinameless #10,California,1999,12,6390),
    (Electronics,exportiamalgamalg #3,California,1999,12,6673),
    (Music,amalgscholar #2,California,1999,12,88110),
    (Books,amalgmaxi #3,California,1999,12,5709),
    (Men,amalgimporto #1,California,1999,12,81686),
    (Jewelry,importobrand #5,California,1999,12,3689),
    (Jewelry,brandcorp #3,California,1999,12,9856),
    (Home,maxibrand #7,California,1999,12,14065),
    (Men,edu packimporto #2,California,1999,12,57842),
    (Music,exportischolar #1,California,1999,12,88659),
    (Home,scholarbrand #1,North Midwest,1999,12,159),
    (Electronics,scholaramalgamalg #4,North Midwest,1999,12,5170),
    (Music,exportischolar #1,North Midwest,1999,12,117946),
    (Jewelry,corpbrand #3,North Midwest,1999,12,30646),
    (Electronics,amalgunivamalg #1,North Midwest,1999,12,9345),
    (Home,amalgnameless #3,North Midwest,1999,12,26470),
    (Home,amalgnameless #9,North Midwest,1999,12,6114),
    (Sports,univmaxi #10,North Midwest,1999,12,10249),
    (Women,importoamalg #1,North Midwest,1999,12,174852),
    (Jewelry,edu packcorp #6,Mid Atlantic_1,1999,12,35815),
    (Books,scholarmaxi #3,Mid Atlantic_1,1999,12,5613),
    (Children,amalgexporti #1,Mid Atlantic_1,1999,12,722710),
    (Books,scholarunivamalg #3,Mid Atlantic_1,1999,12,31750),
    (Jewelry,scholarcorp #6,Mid Atlantic_1,1999,12,3682),
    (Books,importounivamalg #5,Mid Atlantic_1,1999,12,85934),
    (Sports,exportinameless #5,Mid Atlantic_1,1999,12,25412),
    (Shoes,edu packedu pack #2,Mid Atlantic_1,1999,12,289259),
    (Home,importobrand #1,Mid Atlantic_1,1999,12,41723),
    (Men,edu packimporto #1,Mid Atlantic_1,1999,12,523555),
    (Jewelry,scholarcorp #1,Mid Atlantic_1,1999,12,46424),
    (Sports,maxinameless #1,Pacific Northwest_1,1999,12,51992),
    (Shoes,edu packedu pack #1,Pacific Northwest_1,1999,12,198684),
    (Children,exportiexporti #2,Pacific Northwest_1,1999,12,113810),
    (Men,edu packimporto #1,Pacific Northwest_1,1999,12,220728),
    (Home,edu packnameless #10,Pacific Northwest_1,1999,12,8115),
    (Women,amalgamalg #2,Pacific Northwest_1,1999,12,126341),
    (Children,amalgexporti #2,Pacific Northwest_1,1999,12,113117),
    (Men,exportiimporto #1,Pacific Northwest_1,1999,12,177296),
    (Shoes,importoedu pack #2,North Midwest_1,1999,12,66249),
    (Electronics,univamalgamalg #15,North Midwest_1,1999,12,29243),
    (Electronics,corpamalgamalg #1,North Midwest_1,1999,12,30716),
    (Sports,exportinameless #5,North Midwest_1,1999,12,5105),
    (Women,amalgamalg #1,North Midwest_1,1999,12,274735),
    (Home,amalgnameless #5,North Midwest_1,1999,12,19466),
    (Men,amalgimporto #2,North Midwest_1,1999,12,69890),
    (Shoes,exportiedu pack #1,Pacific Northwest_1,1999,12,202432),
    (Jewelry,corpcorp #3,Pacific Northwest_1,1999,12,24209),
    (Home,namelessbrand #3,Pacific Northwest_1,1999,12,13747),
    (Jewelry,edu packcorp #3,Pacific Northwest_1,1999,12,25139),
    (Books,amalgmaxi #11,Pacific Northwest_1,1999,12,33496),
    (Home,scholarbrand #5,Pacific Northwest_1,1999,12,5322),
    (Electronics,scholaramalgamalg #9,Pacific Northwest_1,1999,12,8565),
    (Electronics,importoamalgamalg #16,Pacific Northwest_1,1999,12,7618),
    (Jewelry,brandcorp #1,Pacific Northwest_1,1999,12,1584),
    (Women,exportiamalg #1,Pacific Northwest_1,1999,12,153659),
    (Jewelry,scholarbrand #1,California,1999,12,1388),
    (Women,exportiamalg #1,California,1999,12,150709),
    (Sports,univmaxi #1,California,1999,12,7566),
    (Electronics,scholaramalgamalg #10,California,1999,12,4941),
    (Women,importoamalg #1,California,1999,12,100696),
    (Music,importoscholar #2,California,1999,12,96236),
    (Electronics,brandunivamalg #17,California,1999,12,4664),
    (Books,corpunivamalg #3,NY Metro_1,1999,12,41402),
    (Women,importoamalg #1,NY Metro_1,1999,12,502062),
    (Men,edu packimporto #2,NY Metro_1,1999,12,312633),
    (Books,scholarmaxi #5,NY Metro_1,1999,12,13788),
    (Electronics,maxiunivamalg #4,NY Metro_1,1999,12,209),
    (Jewelry,importobrand #3,NY Metro_1,1999,12,49174),
    (Music,amalgscholar #1,NY Metro_1,1999,12,405146),
    (Children,importoexporti #2,NY Metro_1,1999,12,195835),
    (Children,exportiexporti #1,NY Metro_1,1999,12,456980),
    (null,exportimaxi #5,NY Metro_1,1999,12,2655),
    (Home,amalgnameless #2,NY Metro_1,1999,12,26800),
    (Shoes,amalgedu pack #2,Hawaii/Alaska,1999,12,186143),
    (Music,exportischolar #1,Hawaii/Alaska,1999,12,349495),
    (Women,importoamalg #1,Hawaii/Alaska,1999,12,288045),
    (Shoes,amalgedu pack #1,Hawaii/Alaska,1999,12,261031),
    (Sports,corpmaxi #10,Hawaii/Alaska,1999,12,28419),
    (Jewelry,corpbrand #3,Hawaii/Alaska,1999,12,20385),
    (Music,exportischolar #2,Hawaii/Alaska,1999,12,164290),
    (Shoes,edu packedu pack #2,Hawaii/Alaska,1999,12,76810),
    (Books,scholarmaxi #9,Hawaii/Alaska,1999,12,13795),
    (Electronics,exportiunivamalg #4,Hawaii/Alaska,1999,12,19262),
    (Women,edu packamalg #1,Hawaii/Alaska,1999,12,220461),
    (Electronics,scholaramalgamalg #3,Hawaii/Alaska,1999,12,17266),
    (Books,brandmaxi #3,North Midwest,1999,12,45652),
    (Electronics,scholaramalgamalg #3,North Midwest,1999,12,25394),
    (Shoes,edu packedu pack #1,North Midwest,1999,12,270964),
    (Sports,amalgmaxi #1,North Midwest,1999,12,25627),
    (Sports,exportimaxi #4,North Midwest,1999,12,2604),
    (Men,amalgimporto #2,California,1999,12,29798),
    (Shoes,amalgedu pack #1,California,1999,12,126982),
    (Jewelry,corpbrand #5,California,1999,12,4966),
    (Men,edu packimporto #1,North Midwest_1,1999,12,180984),
    (Women,edu packamalg #2,North Midwest_1,1999,12,41718),
    (Jewelry,amalgcorp #6,North Midwest_1,1999,12,24426),
    (Women,edu packamalg #1,North Midwest_1,1999,12,237682),
    (Home,edu packbrand #7,North Midwest_1,1999,12,23455),
    (Books,corpmaxi #5,North Midwest_1,1999,12,18531),
    (Books,exportiunivamalg #2,North Midwest_1,1999,12,15336),
    (Children,importoexporti #1,North Midwest_1,1999,12,178706),
    (Jewelry,edu packcorp #3,North Midwest_1,1999,12,1303),
    (Jewelry,scholarcorp #7,California,1999,12,24191),
    (Sports,corpmaxi #3,California,1999,12,48684),
    (Electronics,importoamalgamalg #5,California,1999,12,2556),
    (Home,corpnameless #10,California,1999,12,10727),
    (Jewelry,importobrand #3,California,1999,12,2847),
    (Jewelry,univbrand #3,California,1999,12,5031),
    (Men,exportiimporto #1,California,1999,12,151201),
    (Books,importounivamalg #3,California,1999,12,10240),
    (Children,edu packexporti #2,California,1999,12,46956),
    (Men,edu packimporto #1,California,1999,12,187078),
    (Books,scholarmaxi #9,Pacific Northwest_1,1999,12,1481),
    (Shoes,importoedu pack #2,Pacific Northwest_1,1999,12,165480),
    (Women,edu packamalg #2,Pacific Northwest_1,1999,12,114179),
    (Electronics,amalgunivamalg #9,Pacific Northwest_1,1999,12,10485),
    (Sports,scholarnameless #2,Pacific Northwest_1,1999,12,24841),
    (Women,exportiamalg #2,Hawaii/Alaska,1999,12,136818),
    (Music,amalgscholar #1,Hawaii/Alaska,1999,12,266101),
    (Books,exportiunivamalg #11,Hawaii/Alaska,1999,12,28249),
    (Jewelry,corpbrand #5,Hawaii/Alaska,1999,12,7675),
    (Sports,univmaxi #10,Hawaii/Alaska,1999,12,5155),
    (Music,edu packscholar #1,Hawaii/Alaska,1999,12,276826),
    (Electronics,corpunivamalg #9,Mid Atlantic,1999,12,11718),
    (Children,importoexporti #2,Mid Atlantic,1999,12,149515),
    (Home,amalgbrand #5,Mid Atlantic,1999,12,13692),
    (Home,amalgbrand #9,Mid Atlantic,1999,12,39720),
    (Sports,scholarnameless #5,Mid Atlantic,1999,12,6443),
    (Books,corpmaxi #5,Mid Atlantic,1999,12,29742),
    (Electronics,scholarunivamalg #12,Mid Atlantic,1999,12,22809),
    (Sports,exportimaxi #7,Mid Atlantic,1999,12,15708),
    (Shoes,exportiedu pack #2,Mid Atlantic,1999,12,180204),
    (Books,corpmaxi #11,Mid Atlantic,1999,12,17754),
    (Children,importoexporti #1,Mid Atlantic,1999,12,357031),
    (Books,brandmaxi #3,Mid Atlantic,1999,12,23372),
    (Men,amalgimporto #1,North Midwest,1999,12,264371),
    (Music,amalgscholar #1,North Midwest,1999,12,134427),
    (Women,amalgamalg #2,North Midwest,1999,12,70296),
    (Music,importoscholar #1,North Midwest,1999,12,253763),
    (Music,edu packscholar #1,North Midwest,1999,12,140230),
    (Home,namelessbrand #8,North Midwest,1999,12,1816),
    (Sports,namelessnameless #5,California_1,1999,12,1950),
    (Shoes,importoedu pack #1,California_1,1999,12,253827),
    (Home,univnameless #4,California_1,1999,12,19964),
    (Music,amalgscholar #1,California_1,1999,12,275118),
    (Sports,brandnameless #8,California_1,1999,12,19050),
    (Men,importoimporto #2,California_1,1999,12,111553),
    (Music,amalgscholar #2,California_1,1999,12,183184),
    (Books,edu packmaxi #11,California_1,1999,12,17448),
    (Jewelry,corpcorp #6,California_1,1999,12,34148),
    (Books,univunivamalg #9,California,1999,12,6943),
    (Sports,edu packmaxi #2,California,1999,12,1536),
    (Books,namelessmaxi #11,California,1999,12,12741),
    (Jewelry,brandcorp #4,California,1999,12,1536),
    (Jewelry,exportibrand #5,California,1999,12,24470),
    (Children,importoexporti #2,Hawaii/Alaska,1999,12,129665),
    (Music,edu packscholar #2,Hawaii/Alaska,1999,12,108208),
    (Men,exportiimporto #2,Hawaii/Alaska,1999,12,120929),
    (Sports,namelessnameless #1,Hawaii/Alaska,1999,12,37167),
    (Electronics,brandunivamalg #16,Hawaii/Alaska,1999,12,4793),
    (Jewelry,corpcorp #6,Hawaii/Alaska,1999,12,10798),
    (Sports,exportinameless #10,California_1,1999,12,2453),
    (Sports,corpnameless #7,California_1,1999,12,26491),
    (Men,importoimporto #1,California_1,1999,12,249244),
    (Electronics,edu packamalgamalg #1,California_1,1999,12,22751),
    (Sports,amalgmaxi #9,California_1,1999,12,48056),
    (Jewelry,corpcorp #4,California_1,1999,12,4615),
    (Jewelry,importocorp #1,California_1,1999,12,35182),
    (Home,scholarbrand #5,California_1,1999,12,14285),
    (Home,namelessbrand #10,Hawaii/Alaska_1,1999,12,11242),
    (Shoes,exportiedu pack #1,Hawaii/Alaska_1,1999,12,229843),
    (Electronics,amalgunivamalg #5,Hawaii/Alaska_1,1999,12,7570),
    (Jewelry,univbrand #8,Hawaii/Alaska_1,1999,12,12322),
    (Sports,maxinameless #10,Hawaii/Alaska_1,1999,12,1246),
    (Electronics,exportiamalgamalg #3,Hawaii/Alaska_1,1999,12,6918),
    (Music,edu packscholar #1,NY Metro_1,1999,12,551194),
    (Men,exportiimporto #1,NY Metro_1,1999,12,474773),
    (Electronics,brandunivamalg #9,NY Metro_1,1999,12,38978),
    (Sports,maxinameless #8,NY Metro_1,1999,12,540),
    (Sports,corpmaxi #6,NY Metro_1,1999,12,21604),
    (Women,exportiamalg #1,NY Metro_1,1999,12,557798),
    (Jewelry,univbrand #2,NY Metro_1,1999,12,17572),
    (Men,exportiimporto #2,NY Metro_1,1999,12,245703),
    (Home,importobrand #4,NY Metro_1,1999,12,7986),
    (Home,importonameless #3,NY Metro_1,1999,12,9016),
    (Sports,corpmaxi #10,NY Metro,1999,12,24444),
    (Jewelry,amalgbrand #1,NY Metro,1999,12,12379),
    (Jewelry,corpbrand #2,NY Metro,1999,12,29473),
    (Women,importoamalg #1,NY Metro,1999,12,534212),
    (Shoes,amalgedu pack #1,NY Metro,1999,12,553261),
    (Women,amalgamalg #2,NY Metro,1999,12,228218),
    (Books,exportiunivamalg #11,NY Metro,1999,12,23079),
    (Women,edu packamalg #2,NY Metro,1999,12,143745),
    (Children,importoexporti #2,NY Metro,1999,12,164123),
    (Home,maxibrand #1,NY Metro,1999,12,18951),
    (Music,exportischolar #1,NY Metro,1999,12,382578),
    (Jewelry,edu packbrand #3,NY Metro,1999,12,22780),
    (Electronics,scholarunivamalg #4,Pacific Northwest_1,1999,12,20129),
    (Sports,edu packmaxi #3,Pacific Northwest_1,1999,12,44554),
    (Men,amalgimporto #1,Pacific Northwest_1,1999,12,198902),
    (Women,edu packamalg #1,Pacific Northwest_1,1999,12,172874),
    (Music,amalgscholar #2,Pacific Northwest_1,1999,12,150726),
    (Books,corpmaxi #11,Pacific Northwest_1,1999,12,15280),
    (Music,importoscholar #2,Pacific Northwest_1,1999,12,133831),
    (Electronics,corpunivamalg #4,California_1,1999,12,2600),
    (Books,scholarunivamalg #9,California_1,1999,12,34241),
    (Jewelry,edu packcorp #4,California_1,1999,12,5810),
    (Electronics,exportiunivamalg #16,California_1,1999,12,9083),
    (Home,scholarbrand #10,California_1,1999,12,6359),
    (Electronics,amalgamalgamalg #9,California_1,1999,12,5251),
    (Books,scholarmaxi #11,California_1,1999,12,19532),
    (Electronics,exportiamalgamalg #11,California_1,1999,12,13749),
    (Shoes,importoedu pack #2,California_1,1999,12,125504),
    (Women,importoamalg #2,NY Metro_1,1999,12,254957),
    (Shoes,importoedu pack #2,NY Metro_1,1999,12,213587),
    (Children,exportiexporti #2,NY Metro_1,1999,12,287946),
    (Shoes,amalgedu pack #1,NY Metro_1,1999,12,521146),
    (Home,brandbrand #10,NY Metro_1,1999,12,2692),
    (Home,importonameless #9,NY Metro_1,1999,12,28028),
    (Home,scholarnameless #5,NY Metro_1,1999,12,47264),
    (Books,exportimaxi #8,Pacific Northwest_1,1999,12,2201),
    (Music,exportischolar #1,Pacific Northwest_1,1999,12,153583),
    (Electronics,maxiunivamalg #1,Pacific Northwest_1,1999,12,13631),
    (Electronics,importoamalgamalg #3,Pacific Northwest_1,1999,12,23303),
    (Home,brandbrand #7,Pacific Northwest_1,1999,12,27305),
    (Sports,namelessnameless #10,Pacific Northwest_1,1999,12,7656),
    (Children,amalgexporti #1,Pacific Northwest_1,1999,12,289370),
    (Sports,edu packmaxi #10,California_1,1999,12,43862),
    (Electronics,exportiamalgamalg #10,California_1,1999,12,25632),
    (Books,corpunivamalg #11,North Midwest_1,1999,12,23405),
    (Sports,importonameless #1,North Midwest_1,1999,12,17514),
    (Home,exportibrand #9,North Midwest_1,1999,12,4653),
    (Books,exportimaxi #9,North Midwest_1,1999,12,40732),
    (Women,amalgamalg #1,Hawaii/Alaska,1999,12,219382),
    (Shoes,exportiedu pack #1,Hawaii/Alaska,1999,12,192789),
    (Books,amalgmaxi #8,Hawaii/Alaska,1999,12,17005),
    (Books,univunivamalg #11,Hawaii/Alaska,1999,12,37973),
    (Books,brandmaxi #11,Hawaii/Alaska,1999,12,17070),
    (Electronics,exportiamalgamalg #7,Hawaii/Alaska,1999,12,10979),
    (Music,exportischolar #2,Mid Atlantic,1999,12,201790),
    (Shoes,edu packedu pack #2,Mid Atlantic,1999,12,122620),
    (Sports,exportimaxi #3,Mid Atlantic,1999,12,60452),
    ...
    (Sports,scholarnameless #7,NY Metro,1999,5,3836),
    (Home,edu packbrand #7,NY Metro,1999,5,5686),
    (Sports,namelessnameless #9,NY Metro,1999,5,13769),
    (Electronics,edu packunivamalg #17,NY Metro,1999,5,16258),
    (Books,corpmaxi #9,NY Metro,1999,5,3778),
    (Electronics,exportiunivamalg #9,Mid Atlantic_1,1999,5,7377),
    (Electronics,corpamalgamalg #8,Mid Atlantic_1,1999,5,11067),
    (Books,importounivamalg #11,Mid Atlantic_1,1999,5,2385),
    (Electronics,edu packamalgamalg #6,Mid Atlantic,1999,5,2423),
    (Sports,edu packmaxi #7,Mid Atlantic,1999,5,3919),
    (Electronics,edu packunivamalg #4,NY Metro_1,1999,5,292),
    (Sports,corpmaxi #5,NY Metro_1,1999,5,3845),
    (Books,exportimaxi #11,NY Metro_1,1999,5,12566),
    (Electronics,corpunivamalg #11,Mid Atlantic_1,1999,5,43),
    (Electronics,corpunivamalg #5,Hawaii/Alaska_1,1999,5,18091),
    (Books,importomaxi #5,Hawaii/Alaska_1,1999,5,15908),
    (Sports,namelessnameless #5,Hawaii/Alaska,1999,5,5850),
    (Books,scholarunivamalg #2,Mid Atlantic_1,1999,5,1433),
    (Sports,corpnameless #2,Mid Atlantic_1,1999,5,658),
    (Sports,maxinameless #4,NY Metro_1,1999,5,14673),
    (Electronics,edu packunivamalg #17,NY Metro_1,1999,5,5819),
    (Electronics,scholaramalgamalg #10,Mid Atlantic_1,1999,5,6559),
    (Electronics,importounivamalg #16,North Midwest_1,1999,5,22143),
    (Home,brandbrand #3,North Midwest_1,1999,5,10648),
    (Electronics,amalgunivamalg #13,North Midwest_1,1999,5,7081),
    (Home,importobrand #1,North Midwest_1,1999,5,4117),
    (Sports,edu packnameless #4,Pacific Northwest_1,1999,5,3140),
    (Jewelry,scholarbrand #1,Pacific Northwest_1,1999,5,4882),
    (Electronics,edu packunivamalg #5,NY Metro,1999,5,13152),
    (Jewelry,amalgbrand #1,NY Metro,1999,5,567),
    (Home,brandbrand #3,NY Metro,1999,5,581),
    (Jewelry,edu packbrand #5,NY Metro,1999,5,17497),
    (Jewelry,exporticorp #6,NY Metro,1999,5,10059),
    (Books,maximaxi #8,NY Metro_1,1999,5,8691),
    (Electronics,univamalgamalg #4,North Midwest_1,1999,5,7824),
    (Electronics,edu packamalgamalg #8,North Midwest_1,1999,5,1266),
    (Home,importobrand #8,California,1999,5,6877),
    (Sports,importonameless #7,California,1999,5,9738),
    (Electronics,importoamalgamalg #3,California,1999,5,784),
    (Books,univunivamalg #8,California,1999,5,3337),
    (Home,amalgbrand #1,North Midwest_1,1999,5,9861),
    (Electronics,importounivamalg #3,North Midwest_1,1999,5,1036),
    (Sports,exportimaxi #5,California_1,1999,5,513),
    (Electronics,univamalgamalg #15,Mid Atlantic,1999,5,4744),
    (Sports,corpmaxi #8,Mid Atlantic_1,1999,5,132),
    (Home,edu packbrand #4,Mid Atlantic_1,1999,5,2332),
    (Sports,corpnameless #2,Pacific Northwest,1999,5,19941),
    (Electronics,edu packunivamalg #10,Pacific Northwest,1999,5,15066),
    (Sports,brandnameless #3,Pacific Northwest,1999,5,435),
    (Jewelry,brandcorp #3,Pacific Northwest,1999,5,999),
    (Books,edu packmaxi #5,Pacific Northwest,1999,5,829),
    (Home,corpnameless #6,NY Metro_1,1999,5,6095),
    (Books,amalgmaxi #11,NY Metro_1,1999,5,4954),
    (Home,exportinameless #3,NY Metro_1,1999,5,14210),
    (Home,brandbrand #3,NY Metro_1,1999,5,21651),
    (Sports,exportimaxi #8,California,1999,5,1872),
    (Electronics,namelessunivamalg #9,California,1999,5,4280),
    (Books,namelessmaxi #8,California,1999,5,6358),
    (Books,exportiunivamalg #3,California,1999,5,112),
    (Jewelry,exporticorp #2,California,1999,5,989),
    (Electronics,amalgunivamalg #4,California,1999,5,9189),
    (Sports,edu packmaxi #10,Pacific Northwest,1999,5,1281),
    (Sports,namelessnameless #5,NY Metro,1999,5,9568),
    (Books,edu packunivamalg #8,NY Metro,1999,5,571),
    (Sports,exportimaxi #9,NY Metro,1999,5,2073),
    (Electronics,importounivamalg #1,California_1,1999,5,2199),
    (Sports,maxinameless #2,California_1,1999,5,1385),
    (Electronics,exportiamalgamalg #14,NY Metro,1999,5,308),
    (Sports,namelessnameless #8,NY Metro,1999,5,7740),
    (Jewelry,maxicorp #4,NY Metro,1999,5,8043),
    (Sports,amalgnameless #9,North Midwest_1,1999,5,12215),
    (Electronics,corpunivamalg #3,North Midwest_1,1999,5,8077),
    (Sports,scholarnameless #4,NY Metro_1,1999,5,2846),
    (Electronics,namelessunivamalg #16,Pacific Northwest_1,1999,5,1632),
    (Sports,corpnameless #1,California,1999,5,2846),
    (Sports,brandnameless #5,California,1999,5,1336),
    (Jewelry,corpbrand #3,California,1999,5,1262),
    (Books,scholarunivamalg #8,California,1999,5,4723),
    (Books,importounivamalg #3,California,1999,5,2873),
    (Electronics,exportiunivamalg #17,California,1999,5,1187),
    (Electronics,brandunivamalg #3,California,1999,5,1824),
    (Home,brandbrand #10,NY Metro_1,1999,5,6754),
    (Electronics,brandunivamalg #3,Pacific Northwest_1,1999,5,5562),
    (Jewelry,edu packcorp #5,Pacific Northwest_1,1999,5,10452),
    (Books,corpmaxi #5,Mid Atlantic,1999,5,13172),
    (Home,maxibrand #3,NY Metro_1,1999,5,3487),
    (Electronics,amalgamalgamalg #6,NY Metro_1,1999,5,6959),
    (Jewelry,edu packbrand #7,NY Metro,1999,5,6037),
    (Electronics,univamalgamalg #10,NY Metro,1999,5,15680),
    (Home,maxibrand #6,California_1,1999,5,508),
    (Sports,null,Hawaii/Alaska_1,1999,5,2609),
    (Books,univunivamalg #9,Hawaii/Alaska_1,1999,5,5278),
    (Jewelry,namelesscorp #7,Hawaii/Alaska_1,1999,5,5113),
    (Home,amalgnameless #5,California,1999,5,1095),
    (Home,importobrand #6,North Midwest,1999,5,568),
    (Electronics,exportiamalgamalg #9,North Midwest,1999,5,9320),
    (Electronics,brandunivamalg #10,North Midwest,1999,5,6274),
    (Books,namelessmaxi #5,Pacific Northwest_1,1999,5,12684),
    (Electronics,exportiunivamalg #11,NY Metro_1,1999,5,3156),
    (Home,scholarnameless #5,NY Metro_1,1999,5,710),
    (Jewelry,corpbrand #5,NY Metro_1,1999,5,2464),
    (Home,scholarnameless #8,NY Metro_1,1999,5,2506),
    (Home,brandbrand #7,California,1999,5,0),
    (Sports,edu packnameless #9,Pacific Northwest,1999,5,1104),
    (Home,brandbrand #2,Pacific Northwest,1999,5,1582),
    (Electronics,scholarunivamalg #8,NY Metro,1999,5,7493),
    (Sports,edu packmaxi #3,NY Metro,1999,5,2605),
    (Sports,corpnameless #2,NY Metro,1999,5,1658),
    (Electronics,namelessunivamalg #6,NY Metro_1,1999,5,1385),
    (Electronics,univamalgamalg #3,NY Metro_1,1999,5,20882),
    (Electronics,amalgunivamalg #9,NY Metro_1,1999,5,2723),
    (Sports,importomaxi #7,Pacific Northwest,1999,5,2091),
    (Electronics,corpamalgamalg #10,Pacific Northwest,1999,5,10655),
    (Electronics,amalgamalgamalg #16,Pacific Northwest,1999,5,1034),
    (Electronics,brandunivamalg #11,Hawaii/Alaska,1999,5,4522),
    (Sports,corpnameless #10,Hawaii/Alaska,1999,5,1607),
    (null,null,Hawaii/Alaska,1999,5,7290),
    (Sports,corpnameless #9,Mid Atlantic,1999,5,7543),
    (Jewelry,scholarcorp #8,Mid Atlantic_1,1999,5,7413),
    (Home,scholarnameless #6,Mid Atlantic_1,1999,5,10062),
    (Electronics,amalgamalgamalg #10,Mid Atlantic_1,1999,5,12513),
    (Books,amalgunivamalg #9,Mid Atlantic_1,1999,5,84),
    (Electronics,univamalgamalg #17,Mid Atlantic_1,1999,5,6118),
    (Sports,exportimaxi #1,Mid Atlantic_1,1999,5,433),
    (Jewelry,amalgcorp #2,Mid Atlantic_1,1999,5,7084),
    (Books,scholarmaxi #2,Mid Atlantic,1999,5,6814),
    (Home,exportibrand #7,Hawaii/Alaska_1,1999,5,2466),
    (Sports,importomaxi #6,Hawaii/Alaska_1,1999,5,2266),
    (Sports,scholarmaxi #9,Hawaii/Alaska_1,1999,5,0),
    (Books,scholarmaxi #2,Hawaii/Alaska_1,1999,5,1431),
    (Sports,namelessnameless #1,Pacific Northwest,1999,5,854),
    (Sports,importomaxi #8,Pacific Northwest,1999,5,6857),
    (Home,exportibrand #8,Pacific Northwest,1999,5,5542),
    (Home,importonameless #8,North Midwest,1999,5,374),
    (Electronics,namelessunivamalg #14,North Midwest,1999,5,4583),
    (Electronics,edu packunivamalg #8,North Midwest,1999,5,2171),
    (Home,brandbrand #2,North Midwest,1999,5,9874),
    (Jewelry,brandcorp #5,Hawaii/Alaska_1,1999,5,1771),
    (Sports,scholarnameless #7,Hawaii/Alaska_1,1999,5,2366),
    (Home,corpbrand #4,Hawaii/Alaska_1,1999,5,1908),
    (Jewelry,univbrand #1,Hawaii/Alaska_1,1999,5,1319),
    (Jewelry,scholarcorp #6,Hawaii/Alaska_1,1999,5,7082),
    (Electronics,exportiamalgamalg #14,Hawaii/Alaska_1,1999,5,3952),
    (Sports,scholarnameless #6,Pacific Northwest_1,1999,5,3910),
    (Sports,namelessnameless #1,Pacific Northwest_1,1999,5,529),
    (Jewelry,corpcorp #3,Pacific Northwest_1,1999,5,2930),
    (Home,importonameless #7,NY Metro_1,1999,5,3620),
    (Electronics,importoamalgamalg #9,NY Metro_1,1999,5,3092),
    (Electronics,amalgamalgamalg #1,California,1999,5,1998),
    (Books,brandmaxi #11,California,1999,5,3760),
    (Electronics,amalgunivamalg #11,California,1999,5,3418),
    (Books,exportimaxi #5,California,1999,5,1361),
    (Home,edu packnameless #8,NY Metro,1999,5,6079),
    (Sports,amalgmaxi #4,NY Metro,1999,5,2342),
    (Electronics,exportiamalgamalg #2,NY Metro,1999,5,4388),
    (Electronics,namelessunivamalg #4,NY Metro,1999,5,2309),
    (Home,brandbrand #1,NY Metro,1999,5,4732),
    (Electronics,corpunivamalg #1,NY Metro,1999,5,3105),
    (Electronics,importounivamalg #14,NY Metro,1999,5,2976),
    (Books,univunivamalg #8,Hawaii/Alaska_1,1999,5,400),
    (Home,univnameless #5,Hawaii/Alaska_1,1999,5,3978),
    (Sports,maxinameless #10,Hawaii/Alaska_1,1999,5,6971),
    (Home,univnameless #3,California,1999,5,1463),
    (Sports,importonameless #6,California,1999,5,485),
    (Books,amalgmaxi #3,California,1999,5,303),
    (Books,scholarmaxi #8,California,1999,5,5895),
    (Sports,corpnameless #3,California,1999,5,3492),
    (Jewelry,scholarcorp #5,California,1999,5,3412),
    (Sports,importonameless #4,North Midwest_1,1999,5,455),
    (Electronics,exportiunivamalg #5,North Midwest_1,1999,5,9701),
    (Jewelry,scholarcorp #3,NY Metro,1999,5,9078),
    (Jewelry,namelesscorp #3,NY Metro,1999,5,3677),
    (Jewelry,maxicorp #6,NY Metro,1999,5,961),
    (Home,corpnameless #7,NY Metro,1999,5,2781),
    (Books,exportimaxi #5,North Midwest,1999,5,7703),
    (null,exportiamalg #1,North Midwest,1999,5,3780),
    (Home,edu packnameless #4,California_1,1999,5,7548),
    (Electronics,amalgunivamalg #7,California_1,1999,5,6145),
    (Electronics,maxiunivamalg #10,California,1999,5,6757),
    (Jewelry,exportibrand #5,California,1999,5,3198),
    (Electronics,importoamalgamalg #9,Hawaii/Alaska_1,1999,5,12903),
    (Electronics,exportiunivamalg #13,Hawaii/Alaska_1,1999,5,6342),
    (Jewelry,maxicorp #3,Hawaii/Alaska_1,1999,5,17444),
    (Electronics,namelessunivamalg #12,NY Metro_1,1999,5,5620),
    (Electronics,scholarunivamalg #16,NY Metro_1,1999,5,8387),
    (Electronics,exportiunivamalg #1,NY Metro_1,1999,5,2263),
    (Electronics,importounivamalg #14,Mid Atlantic,1999,5,2670),
    (Electronics,importoamalgamalg #16,NY Metro,1999,5,9159),
    (Jewelry,maxicorp #3,NY Metro,1999,5,7217),
    (Jewelry,edu packcorp #1,NY Metro,1999,5,5987),
    (Books,importomaxi #8,NY Metro,1999,5,4066),
    (Sports,edu packmaxi #6,Hawaii/Alaska,1999,5,1580),
    (Home,maxibrand #6,Hawaii/Alaska,1999,5,7693),
    (Sports,amalgnameless #1,Mid Atlantic,1999,5,13454),
    (Books,maximaxi #8,Mid Atlantic,1999,5,3322),
    (Music,null,Mid Atlantic,1999,5,4421),
    (Jewelry,scholarcorp #2,North Midwest_1,1999,5,1803),
    (Books,namelessmaxi #9,North Midwest_1,1999,5,3616),
    (Jewelry,importocorp #1,North Midwest_1,1999,5,7333),
    (Electronics,edu packunivamalg #7,North Midwest_1,1999,5,879),
    (Electronics,importoamalgamalg #10,North Midwest_1,1999,5,9628),
    (Jewelry,univbrand #1,North Midwest,1999,5,228),
    (Sports,exportinameless #1,North Midwest,1999,5,2501),
    (Electronics,maxiunivamalg #12,North Midwest,1999,5,6592),
    (Electronics,corpunivamalg #3,Hawaii/Alaska_1,1999,5,7540),
    (Electronics,edu packunivamalg #12,Hawaii/Alaska_1,1999,5,2730),
    (Home,brandbrand #3,Hawaii/Alaska_1,1999,5,2298),
    (Books,namelessmaxi #2,Hawaii/Alaska_1,1999,5,4358),
    (Home,amalgnameless #1,Pacific Northwest,1999,5,16341),
    (Home,exportinameless #1,North Midwest_1,1999,5,12240),
    (Electronics,brandunivamalg #4,California,1999,5,13480),
    (Home,edu packbrand #9,California,1999,5,10987),
    (Home,edu packnameless #2,NY Metro_1,1999,5,603),
    (Books,corpmaxi #5,Hawaii/Alaska_1,1999,5,211),
    (Jewelry,importocorp #4,Hawaii/Alaska_1,1999,5,16111),
    (Books,edu packunivamalg #11,Hawaii/Alaska_1,1999,5,13289),
    (Sports,amalgnameless #1,Hawaii/Alaska_1,1999,5,6965),
    (Electronics,corpamalgamalg #1,California_1,1999,5,104),
    (Home,scholarnameless #8,California_1,1999,5,3452),
    (Sports,edu packmaxi #3,Hawaii/Alaska_1,1999,5,1292),
    (Sports,namelessnameless #7,NY Metro_1,1999,5,6838),
    (Jewelry,edu packbrand #7,NY Metro_1,1999,5,12190),
    (Home,exportibrand #7,NY Metro_1,1999,5,19318),
    (Electronics,maxiunivamalg #9,NY Metro_1,1999,5,545),
    (Electronics,importounivamalg #13,NY Metro_1,1999,5,14748),
    (Sports,edu packmaxi #3,NY Metro_1,1999,5,6271),
    (Home,corpbrand #10,NY Metro_1,1999,5,2789),
    (null,edu packscholar #2,Mid Atlantic_1,1999,5,6293),
    (Electronics,exportiamalgamalg #6,Mid Atlantic_1,1999,5,947),
    (Sports,exportimaxi #7,Mid Atlantic_1,1999,5,647),
    (Home,importobrand #4,Mid Atlantic_1,1999,5,2523),
    (Electronics,importoamalgamalg #17,California_1,1999,5,23285),
    (Sports,amalgmaxi #9,NY Metro_1,1999,5,10264),
    (Jewelry,exportibrand #6,NY Metro_1,1999,5,217),
    (Electronics,importounivamalg #12,NY Metro_1,1999,5,2146),
    (Electronics,importounivamalg #4,NY Metro_1,1999,5,4361),
    (Sports,edu packnameless #7,NY Metro_1,1999,5,7877),
    (Home,namelessbrand #7,NY Metro_1,1999,5,4331),
    (Books,edu packunivamalg #9,California_1,1999,5,6030),
    (Electronics,exportiamalgamalg #6,Pacific Northwest,1999,5,629),
    (Home,scholarbrand #10,Pacific Northwest,1999,5,13629),
    (Electronics,corpunivamalg #15,North Midwest,1999,5,802),
    (Jewelry,amalgbrand #5,NY Metro,1999,5,3134),
    (Jewelry,exporticorp #5,NY Metro,1999,5,2572),
    (Electronics,edu packamalgamalg #12,Hawaii/Alaska,1999,5,2333),
    (Home,scholarnameless #5,Hawaii/Alaska_1,1999,5,997),
    (Jewelry,edu packbrand #1,Hawaii/Alaska_1,1999,5,3898),
    (Jewelry,corpbrand #1,Hawaii/Alaska_1,1999,5,2674),
    (Electronics,maxiunivamalg #10,Pacific Northwest_1,1999,5,12425),
    (Sports,scholarnameless #8,Pacific Northwest,1999,5,15420),
    (Home,corpbrand #5,Pacific Northwest,1999,5,5231),
    (Home,namelessbrand #2,Pacific Northwest,1999,5,4039),
    (Sports,importonameless #7,Hawaii/Alaska,1999,5,3531),
    (Books,edu packunivamalg #5,NY Metro_1,1999,5,4022),
    (Books,importounivamalg #9,NY Metro_1,1999,5,582),
    (Books,brandmaxi #11,Pacific Northwest_1,1999,5,1221),
    (Electronics,amalgunivamalg #12,Pacific Northwest_1,1999,5,2116),
    (Books,univunivamalg #5,NY Metro_1,1999,5,2731),
    (Electronics,exportiamalgamalg #2,California_1,1999,5,7597),
    (Books,exportiunivamalg #2,North Midwest,1999,5,3373),
    (Books,brandmaxi #8,Pacific Northwest_1,1999,5,7216),
    (Sports,univmaxi #1,Pacific Northwest_1,1999,5,9063),
    (Electronics,corpunivamalg #17,Pacific Northwest_1,1999,5,3920),
    (Jewelry,corpcorp #2,Pacific Northwest,1999,5,7681),
    (Jewelry,namelesscorp #2,Mid Atlantic_1,1999,5,1614),
    (Sports,amalgnameless #9,Hawaii/Alaska_1,1999,5,887),
    (Jewelry,edu packcorp #7,Hawaii/Alaska_1,1999,5,4223),
    (Electronics,scholaramalgamalg #4,Hawaii/Alaska_1,1999,5,263),
    (Sports,scholarmaxi #8,North Midwest,1999,5,13095),
    (Electronics,univamalgamalg #12,North Midwest,1999,5,7172),
    (Home,corpbrand #9,North Midwest,1999,5,15233),
    (Electronics,maxiunivamalg #10,NY Metro_1,1999,5,4698),
    (Jewelry,brandcorp #1,NY Metro_1,1999,5,3896),
    (Books,corpunivamalg #3,Pacific Northwest_1,1999,5,323),
    (Sports,scholarnameless #1,Pacific Northwest_1,1999,5,10753),
    (Jewelry,scholarbrand #7,Pacific Northwest_1,1999,5,5266),
    (Books,exportimaxi #5,Pacific Northwest_1,1999,5,849),
    (Home,edu packnameless #6,Pacific Northwest_1,1999,5,186),
    (Electronics,maxiunivamalg #12,Pacific Northwest_1,1999,5,9621),
    (Jewelry,importobrand #4,Pacific Northwest_1,1999,5,2052),
    (Books,amalgunivamalg #3,Pacific Northwest_1,1999,5,3287),
    (Electronics,exportiamalgamalg #2,Pacific Northwest_1,1999,5,179),
    (Sports,scholarmaxi #1,Pacific Northwest_1,1999,5,3339),
    (Books,maximaxi #2,North Midwest_1,1999,5,2475),
    (Jewelry,brandcorp #4,North Midwest_1,1999,5,1162),
    (Electronics,scholarunivamalg #13,Pacific Northwest,1999,5,9143),
    (Books,importomaxi #3,Pacific Northwest,1999,5,5031),
    (Sports,maxinameless #1,NY Metro,1999,5,3249),
    (Electronics,scholarunivamalg #12,NY Metro,1999,5,6049),
    (Jewelry,corpbrand #6,NY Metro,1999,5,1169),
    (Electronics,importoamalgamalg #9,NY Metro,1999,5,5340),
    (Electronics,exportiunivamalg #13,California,1999,5,637),
    (Books,edu packmaxi #11,California,1999,5,1361),
    (Jewelry,amalgbrand #7,California,1999,5,201),
    (Jewelry,exporticorp #4,California,1999,5,16629),
    (Sports,edu packnameless #9,Hawaii/Alaska_1,1999,5,11952),
    (Electronics,amalgamalgamalg #7,Hawaii/Alaska_1,1999,5,4090),
    (Sports,importomaxi #5,Hawaii/Alaska_1,1999,5,7635),
    (Books,amalgunivamalg #11,Hawaii/Alaska_1,1999,5,2164),
    (Sports,corpnameless #2,Hawaii/Alaska,1999,5,11953),
    (Books,brandmaxi #11,Hawaii/Alaska,1999,5,3862),
    (Electronics,namelessunivamalg #8,Mid Atlantic,1999,5,4716),
    (Jewelry,exporticorp #2,Pacific Northwest_1,1999,5,12986),
    (Sports,brandnameless #3,Pacific Northwest_1,1999,5,8622),
    (Jewelry,scholarbrand #5,Pacific Northwest_1,1999,5,4652),
    (Books,importounivamalg #2,Pacific Northwest_1,1999,5,8822),
    (Jewelry,corpbrand #7,North Midwest_1,1999,5,1215),
    (Electronics,exportiamalgamalg #1,Pacific Northwest,1999,5,225),
    (Electronics,edu packamalgamalg #16,Pacific Northwest_1,1999,5,2184),
    (Sports,namelessnameless #2,Pacific Northwest_1,1999,5,731),
    (Home,edu packnameless #7,Pacific Northwest_1,1999,5,4554),
    (Home,corpbrand #10,Pacific Northwest_1,1999,5,19348),
    (Electronics,edu packamalgamalg #11,North Midwest_1,1999,5,10497),
    (Electronics,exportiunivamalg #4,North Midwest_1,1999,5,13415),
    (Home,scholarnameless #8,Pacific Northwest,1999,5,4041),
    (Sports,maxinameless #2,North Midwest_1,1999,5,4822),
    (Sports,edu packmaxi #7,North Midwest_1,1999,5,19168),
    (Home,importonameless #4,North Midwest_1,1999,5,1200),
    (Jewelry,amalgbrand #7,North Midwest_1,1999,5,2031),
    (Books,namelessmaxi #8,North Midwest_1,1999,5,9309),
    (Electronics,importounivamalg #17,North Midwest_1,1999,5,2598),
    (Sports,maxinameless #5,North Midwest_1,1999,5,11751),
    (Electronics,namelessunivamalg #4,Hawaii/Alaska,1999,5,1442),
    (Books,exportimaxi #3,Hawaii/Alaska,1999,5,277),
    (Books,importomaxi #3,Hawaii/Alaska_1,1999,5,2208),
    (Home,importobrand #1,Hawaii/Alaska_1,1999,5,4466),
    (Home,amalgnameless #6,Hawaii/Alaska_1,1999,5,5930),
    (Sports,amalgnameless #4,Hawaii/Alaska_1,1999,5,3957),
    (Books,maximaxi #9,Hawaii/Alaska_1,1999,5,794),
    (Electronics,exportiamalgamalg #16,Hawaii/Alaska_1,1999,5,2028),
    (Home,scholarnameless #3,Hawaii/Alaska_1,1999,5,6283),
    (Jewelry,edu packbrand #3,Hawaii/Alaska_1,1999,5,13312),
    (Books,maximaxi #9,NY Metro_1,1999,5,6265),
    (Home,corpbrand #7,Hawaii/Alaska,1999,5,684),
    (Home,brandbrand #7,Hawaii/Alaska,1999,5,9929),
    (Home,amalgnameless #2,Hawaii/Alaska,1999,5,679),
    (Books,namelessmaxi #5,Hawaii/Alaska,1999,5,196),
    (Jewelry,edu packbrand #6,Hawaii/Alaska,1999,5,8398),
    (Electronics,importounivamalg #16,Hawaii/Alaska,1999,5,19560),
    (Sports,brandnameless #2,Hawaii/Alaska,1999,5,3088),
    (Jewelry,amalgbrand #2,NY Metro_1,1999,5,1642),
    (Jewelry,importocorp #8,NY Metro_1,1999,5,2675),
    (Home,maxibrand #9,Hawaii/Alaska_1,1999,5,9916),
    (Books,corpunivamalg #9,Hawaii/Alaska_1,1999,5,163),
    (Home,exportibrand #5,Hawaii/Alaska_1,1999,5,2851),
    (Sports,univmaxi #8,Hawaii/Alaska_1,1999,5,104),
    (Home,corpnameless #1,Hawaii/Alaska_1,1999,5,4039),
    (Sports,edu packnameless #2,North Midwest_1,1999,5,758),
    (Sports,amalgmaxi #6,North Midwest_1,1999,5,4142),
    (Sports,edu packnameless #3,North Midwest_1,1999,5,1984),
    (Electronics,exportiamalgamalg #13,North Midwest,1999,5,3718),
    (Home,exportinameless #4,North Midwest,1999,5,2148),
    (Home,namelessbrand #8,California_1,1999,5,4536),
    (Electronics,univamalgamalg #11,North Midwest,1999,5,278),
    (Jewelry,corpbrand #2,North Midwest,1999,5,2442),
    (Electronics,exportiunivamalg #17,North Midwest,1999,5,2863),
    (Electronics,scholarunivamalg #6,North Midwest,1999,5,5097),
    (Jewelry,univbrand #4,Pacific Northwest_1,1999,5,5481),
    (Books,corpmaxi #8,Pacific Northwest_1,1999,5,1629),
    (Electronics,amalgamalgamalg #10,Pacific Northwest_1,1999,5,9205),
    (Electronics,amalgamalgamalg #8,Pacific Northwest_1,1999,5,333),
    (Sports,exportimaxi #7,Pacific Northwest_1,1999,5,2517),
    (Home,edu packnameless #8,Mid Atlantic,1999,5,346),
    (Home,maxibrand #7,Hawaii/Alaska_1,1999,5,2714),
    (Sports,exportimaxi #9,Hawaii/Alaska_1,1999,5,4181),
    (Electronics,edu packamalgamalg #10,Hawaii/Alaska_1,1999,5,407),
    (Books,importounivamalg #2,Pacific Northwest,1999,5,3290),
    (Electronics,univamalgamalg #8,Mid Atlantic,1999,5,416),
    (Sports,importomaxi #6,Mid Atlantic,1999,5,2264),
    (Electronics,importounivamalg #7,NY Metro,1999,5,8050),
    (Electronics,scholarunivamalg #7,NY Metro,1999,5,7301),
    (Home,edu packnameless #10,NY Metro,1999,5,3992),
    (Electronics,brandunivamalg #6,NY Metro,1999,5,15301),
    (Sports,corpnameless #2,Mid Atlantic,1999,5,3410),
    (Sports,corpnameless #9,Mid Atlantic_1,1999,5,725),
    (Books,edu packunivamalg #11,Mid Atlantic_1,1999,5,420),
    (Electronics,corpamalgamalg #12,Mid Atlantic_1,1999,5,4964),
    (Home,amalgnameless #8,NY Metro,1999,5,128),
    (Electronics,scholaramalgamalg #13,Mid Atlantic,1999,5,16727),
    (Books,scholarmaxi #2,California,1999,5,73),
    (Jewelry,edu packbrand #6,California,1999,5,7838),
    (Home,corpnameless #2,California,1999,5,3610),
    (Books,edu packmaxi #3,Hawaii/Alaska_1,1999,5,7337),
    (Books,edu packmaxi #2,Hawaii/Alaska_1,1999,5,1013),
    (Books,exportimaxi #9,Hawaii/Alaska_1,1999,5,10161),
    (Sports,univmaxi #2,Hawaii/Alaska_1,1999,5,2866),
    (Home,scholarnameless #10,Hawaii/Alaska_1,1999,5,4149),
    (Electronics,amalgunivamalg #7,North Midwest_1,1999,5,6857),
    (Electronics,exportiamalgamalg #14,North Midwest_1,1999,5,5558),
    (Books,importounivamalg #8,Mid Atlantic_1,1999,5,462),
    (Electronics,univamalgamalg #14,California_1,1999,5,748),
    (Books,exportiunivamalg #9,Pacific Northwest_1,1999,5,9911),
    (Jewelry,importocorp #5,Pacific Northwest_1,1999,5,755),
    (Sports,importonameless #9,Pacific Northwest_1,1999,5,3100),
    (Electronics,brandunivamalg #10,Pacific Northwest_1,1999,5,5522),
    (Home,edu packnameless #6,Mid Atlantic_1,1999,5,5849),
    (Jewelry,namelesscorp #8,Pacific Northwest,1999,5,6421),
    (Home,amalgbrand #10,NY Metro,1999,5,5957),
    (Home,edu packnameless #5,NY Metro,1999,5,15525),
    (Sports,maxinameless #6,NY Metro,1999,5,44),
    (Sports,exportinameless #2,NY Metro,1999,5,13538),
    (Electronics,maxiunivamalg #16,NY Metro,1999,5,8806),
    (Jewelry,amalgcorp #1,NY Metro,1999,5,4965),
    (Electronics,importoamalgamalg #7,Pacific Northwest_1,1999,5,515),
    (Books,corpunivamalg #2,Pacific Northwest_1,1999,5,12424),
    (Jewelry,maxicorp #4,Mid Atlantic,1999,5,8637),
    (Sports,namelessnameless #10,Mid Atlantic,1999,5,4871),
    (Books,amalgunivamalg #11,Mid Atlantic,1999,5,3550),
    (Sports,scholarnameless #2,NY Metro,1999,5,10027),
    (Electronics,brandunivamalg #2,NY Metro,1999,5,3522),
    (Sports,brandnameless #7,NY Metro,1999,5,1488),
    (Sports,corpmaxi #1,NY Metro,1999,5,445),
    (Sports,scholarmaxi #7,NY Metro,1999,5,15797),
    (Electronics,edu packamalgamalg #7,NY Metro,1999,5,3530),
    (Home,brandbrand #10,NY Metro,1999,5,8342),
    (Home,univnameless #5,NY Metro,1999,5,1527),
    (Sports,importonameless #2,NY Metro,1999,5,6994),
    (Books,amalgunivamalg #3,NY Metro,1999,5,10148),
    (Jewelry,importocorp #4,North Midwest,1999,5,10740),
    (Sports,corpmaxi #3,North Midwest,1999,5,2461),
    (Sports,amalgnameless #10,North Midwest,1999,5,178),
    (Sports,amalgmaxi #4,North Midwest,1999,5,10308),
    (Electronics,importounivamalg #15,Mid Atlantic_1,1999,5,5678),
    (Jewelry,amalgbrand #3,Mid Atlantic_1,1999,5,1355),
    (Home,edu packbrand #9,NY Metro,1999,5,3671),
    (Jewelry,scholarbrand #6,NY Metro,1999,5,2618),
    (Home,amalgnameless #7,NY Metro,1999,5,6360),
    (Electronics,exportiunivamalg #8,Mid Atlantic,1999,5,10041),
    (Jewelry,exporticorp #8,California,1999,5,4676),
    (Sports,exportinameless #6,California,1999,5,4354),
    (Home,univnameless #4,Hawaii/Alaska,1999,5,6858),
    (Sports,corpnameless #8,Hawaii/Alaska,1999,5,10624),
    (Sports,scholarnameless #6,Hawaii/Alaska,1999,5,3941),
    (Jewelry,amalgcorp #8,Hawaii/Alaska,1999,5,2065),
    (Jewelry,corpcorp #2,Hawaii/Alaska,1999,5,4454),
    (Electronics,amalgunivamalg #11,Hawaii/Alaska,1999,5,15049),
    (Electronics,edu packunivamalg #6,NY Metro,1999,5,8543),
    (Sports,corpnameless #4,NY Metro,1999,5,6351),
    (Jewelry,corpbrand #5,North Midwest,1999,5,1705),
    (Electronics,brandunivamalg #17,North Midwest,1999,5,1862),
    (Electronics,univamalgamalg #2,North Midwest,1999,5,4840),
    (Books,scholarunivamalg #9,Hawaii/Alaska,1999,5,18390),
    (Jewelry,amalgcorp #4,Mid Atlantic,1999,5,18757),
    (Sports,importonameless #3,NY Metro,1999,5,8678),
    (Sports,univmaxi #8,North Midwest_1,1999,5,3592),
    (Home,corpnameless #1,North Midwest_1,1999,5,10173),
    (Home,univnameless #10,Mid Atlantic,1999,5,549),
    (Home,amalgnameless #3,California_1,1999,5,6684),
    (Electronics,edu packunivamalg #11,Mid Atlantic,1999,5,3182),
    (Electronics,importoamalgamalg #12,Mid Atlantic,1999,5,2458),
    (null,amalgimporto #2,North Midwest,1999,5,5763),
    (Home,corpbrand #5,North Midwest,1999,5,2345),
    (Sports,exportinameless #4,North Midwest,1999,5,8770),
    (Sports,corpmaxi #9,Mid Atlantic_1,1999,5,6012),
    (Electronics,univamalgamalg #3,Mid Atlantic_1,1999,5,481),
    (Electronics,amalgamalgamalg #13,North Midwest_1,1999,5,0),
    (Electronics,corpamalgamalg #9,North Midwest_1,1999,5,9250),
    (Sports,exportinameless #3,North Midwest_1,1999,5,4234),
    (Home,brandbrand #8,North Midwest_1,1999,5,1841),
    (Sports,importomaxi #7,North Midwest_1,1999,5,7055),
    (Home,importonameless #6,Mid Atlantic_1,1999,5,5874),
    (Jewelry,null,Pacific Northwest,1999,5,12265),
    (Sports,importomaxi #3,Pacific Northwest_1,1999,5,1082),
    (Electronics,brandunivamalg #13,Pacific Northwest_1,1999,5,250),
    (Sports,edu packmaxi #5,Pacific Northwest_1,1999,5,8778),
    (Home,corpnameless #7,Pacific Northwest_1,1999,5,12189),
    (Books,univunivamalg #11,Pacific Northwest_1,1999,5,13781),
    (Home,amalgbrand #6,Pacific Northwest_1,1999,5,15290),
    (Books,amalgmaxi #9,Hawaii/Alaska,1999,5,658),
    (Home,exportinameless #1,Hawaii/Alaska,1999,5,3269),
    (Home,exportibrand #5,Pacific Northwest_1,1999,5,1638),
    (Sports,amalgmaxi #7,Pacific Northwest_1,1999,5,1214),
    (Books,exportimaxi #8,Pacific Northwest_1,1999,5,2566),
    (Home,importobrand #6,Pacific Northwest_1,1999,5,2838),
    (Electronics,importoamalgamalg #6,Pacific Northwest_1,1999,5,1764),
    (Home,importobrand #1,Pacific Northwest_1,1999,5,8748),
    (Books,edu packmaxi #8,North Midwest_1,1999,5,4633),
    (Sports,edu packmaxi #2,Pacific Northwest,1999,5,7917),
    (Electronics,exportiunivamalg #13,Mid Atlantic,1999,5,5692),
    (Electronics,corpunivamalg #10,North Midwest_1,1999,5,14406),
    (Sports,scholarmaxi #7,North Midwest_1,1999,5,4931),
    (Books,maximaxi #3,Hawaii/Alaska,1999,5,1509),
    (Sports,corpnameless #4,Hawaii/Alaska,1999,5,12294),
    (Home,maxibrand #9,North Midwest_1,1999,5,2433),
    (Books,corpmaxi #2,North Midwest_1,1999,5,5950),
    (Electronics,brandunivamalg #13,California,1999,5,4424),
    (Home,amalgnameless #7,California,1999,5,9497),
    (Jewelry,amalgcorp #6,California,1999,5,12624),
    (Home,corpnameless #9,California,1999,5,1809),
    (Books,univunivamalg #9,California,1999,5,6021),
    (Books,corpunivamalg #3,Hawaii/Alaska,1999,5,2737),
    (Books,corpmaxi #9,Hawaii/Alaska,1999,5,11485),
    (Sports,scholarmaxi #6,Hawaii/Alaska,1999,5,1473),
    (Books,brandmaxi #5,Hawaii/Alaska,1999,5,5131),
    (Sports,scholarmaxi #10,Hawaii/Alaska,1999,5,2566),
    (Home,amalgbrand #1,Mid Atlantic_1,1999,5,2027),
    (Electronics,amalgamalgamalg #1,North Midwest,1999,5,4125),
    (Home,exportinameless #7,North Midwest,1999,5,3243),
    (Electronics,brandunivamalg #9,North Midwest,1999,5,1556),
    (Books,corpmaxi #5,NY Metro,1999,5,960)]
[ERROR] Tests run: 1, Failures: 1, Errors: 0, Skipped: 0
[ERROR] Failed to execute goal org.apache.maven.plugins:maven-surefire-plugin:3.5.5:test (default-test) on project nitro: There are test failures.
[ERROR] 
[ERROR] See /home/martin/src/nitro.opt/target/surefire-reports for the individual test results.
[ERROR] See dump files (if any exist) [date].dump, [date]-jvmRun[N].dump and [date].dumpstream.
[ERROR] -> [Help 1]
[ERROR] 
[ERROR] To see the full stack trace of the errors, re-run Maven with the -e switch.
[ERROR] Re-run Maven using the -X switch to enable full debug logging.
[ERROR] 
[ERROR] For more information about the errors and possible solutions, please read the following articles:
[ERROR] [Help 1] http://cwiki.apache.org/confluence/display/MAVEN/MojoFailureException
