Script started on 2026-08-13 05:37:02+00:00 [COMMAND="env JAVA_HOME=/opt/java/openjdk PATH=/opt/java/openjdk/bin:/opt/mvnd/bin:$PATH /opt/mvnd/bin/mvnd -pl testing/trino-tests -Dair.check.skip-all=true -Dmaven.gitcommitid.skip=true -Djacoco.skip=true -DskipTests=false -Dtest=TestNitroTpcdsParquetPerformance#testQueryPerformance -Dair.test.jvmsize=12g '-Dair.test.jvm.additional-arguments=-XX:G1HeapRegionSize=32M --add-modules=jdk.incubator.vector --sun-misc-unsafe-memory-access=allow -Dairlift.quiet=true -XX:-HeapDumpOnOutOfMemoryError' -Dtrino.test.nitro-tpcds-parquet-data=/root/data/tpcds-parquet-sf10/sf10 -Dtrino.test.nitro-tpcds-query=q22 -Dtrino.test.nitro-tpcds-engine=both -Dtrino.test.nitro-tpcds-warmups=5 -Dtrino.test.nitro-tpcds-measurements=5 -Dtrino.test.nitro-query-max-memory=8GB -Dtrino.test.nitro-measure-thread-allocation=true -Dtrino.test.nitro-print-operator-cpu=true -Dtrino.test.nitro-print-operator-cpu-by-plan-node=true test" <not executed on terminal>]
[INFO] Enabling strict checksum verification on all artifact downloads.
[INFO] Processing build on daemon 6298118f
[INFO] Scanning for projects...
[INFO] Loaded 0 groupId for remote repository maven-central
[INFO] Loaded 0 groupId for remote repository google-maven-central-copy
[INFO] Njord 0.9.9 session created
[INFO] BuildTimeEventSpy is registered.
[INFO] 
[INFO] Using the SmartBuilder implementation with a thread count of 7
[INFO] 
[INFO] ------------------------< io.trino:trino-tests >------------------------
[INFO] Building trino-tests 484-SNAPSHOT
[INFO]   from pom.xml
[INFO] --------------------------------[ jar ]---------------------------------
[INFO] Loaded 0 groupId for remote repository ossrh
[INFO] Loaded 0 groupId for remote repository repo.gradle.org
[INFO] Loaded 0 groupId for remote repository central.maven.org
[INFO] 
[INFO] --- git-commit-id:10.0.0:revision (default) @ trino-tests ---
[INFO] 
[INFO] --- build-helper:3.6.1:bsh-property (surefire-enable-preview) @ trino-tests ---
[INFO] 
[INFO] --- resources:3.5.0:resources (default-resources) @ trino-tests ---
[INFO] skip non existing resourceDirectory /root/notes/trino.nitro/testing/trino-tests/src/main/resources
[INFO] 
[INFO] --- compiler:3.15.0:compile (default-compile) @ trino-tests ---
[INFO] Nothing to compile - all classes are up to date.
[INFO] 
[INFO] --- resources:3.5.0:testResources (default-testResources) @ trino-tests ---
[INFO] Copying 266 resources from src/test/resources to target/test-classes
[INFO] 
[INFO] --- compiler:3.15.0:testCompile (default-testCompile) @ trino-tests ---
[INFO] Nothing to compile - all classes are up to date.
[INFO] 
[INFO] --- modernizer:3.4.0:modernizer (modernizer) @ trino-tests ---
[INFO] Skipping modernizer execution!
[INFO] 
[INFO] --- modernizer:3.4.0:modernizer (modernizer-production-code) @ trino-tests ---
[INFO] Skipping modernizer execution!
[INFO] 
[INFO] --- dependency:3.11.0:analyze-only (default) @ trino-tests ---
[INFO] Skipping plugin execution
[INFO] 
[INFO] --- dependency:3.11.0:analyze-duplicate (default) @ trino-tests ---
[INFO] Skipping plugin execution
[INFO] 
[INFO] --- duplicate-finder:2.0.1:check (default) @ trino-tests ---
[INFO] Skipping duplicate-finder execution!
[INFO] 
[INFO] --- surefire:3.5.6:test (default-test) @ trino-tests ---
[INFO] Tests will run in random order. To reproduce ordering use flag -Dsurefire.runOrder.random.seed=4942305395388425
[INFO] Using auto detected provider org.apache.maven.surefire.junitplatform.JUnitPlatformProvider
[INFO] 
[INFO] -------------------------------------------------------
[INFO]  T E S T S
[INFO] -------------------------------------------------------
[WARNING] [stderr] WARNING: Using incubator modules: jdk.incubator.vector
[WARNING] [stderr] 2026-08-12T23:37:05.302-0600	INFO	ForkJoinPool-1-worker-1	io.airlift.log.Logging	Logging to stderr
[INFO] Running io.trino.tests.nitro.TestNitroTpcdsParquetPerformance
[WARNING] [stderr] 2026-08-12T23:37:06.207-0600	INFO	ForkJoinPool-1-worker-1	io.trino.simd.BlockEncodingSimdSupport	Detected SIMD Support for architecture=amd64, vectorBitWidth=512: SimdSupport[capabilities=[COMPRESS_BYTE, EXPAND_BYTE, COMPRESS_SHORT, EXPAND_SHORT, COMPRESS_INT, EXPAND_INT, COMPRESS_LONG, EXPAND_LONG]]
[WARNING] [stderr] WARNING: A restricted method in java.lang.System has been called
[WARNING] [stderr] WARNING: java.lang.System::loadLibrary has been called by com.aayushatharva.brotli4j.Brotli4jLoader in an unnamed module (file:/root/.m2/repository/com/aayushatharva/brotli4j/brotli4j/1.23.0/brotli4j-1.23.0.jar)
[WARNING] [stderr] WARNING: Use --enable-native-access=ALL-UNNAMED to avoid a warning for callers in this module
[WARNING] [stderr] WARNING: Restricted methods will be blocked in a future release unless native access is enabled
[WARNING] [stderr] 
[WARNING] [stderr] 2026-08-12T23:37:07.541-0600	INFO	ForkJoinPool-1-worker-1	io.trino.testing.DistributedQueryRunner	Created DistributedQueryRunner in 1.91s (unclosed instances = 1)
[WARNING] [stderr] 2026-08-12T23:37:08.666-0600	INFO	ForkJoinPool-1-worker-1	io.trino.testing.DistributedQueryRunner	Created DistributedQueryRunner in 591.58ms (unclosed instances = 2)
[WARNING] [stderr] 2026-08-12T23:37:08.869-0600	INFO	ForkJoinPool-1-worker-1	stdout	engine,suite,query,measurements,min_ms,p50_ms,p95_ms,mean_ms,cpu_p50_ms,cpu_mean_ms,native_sources
[WARNING] [stderr] 2026-08-12T23:38:23.929-0600	INFO	ForkJoinPool-1-worker-1	stdout	operator_cpu,trino,tpcds-parquet-sf10,q22,0,0/ExchangeOperator@569,1,0.000,0.029,0.000,0,200,200,5890.000,0.006,0.000
[WARNING] [stderr] 2026-08-12T23:38:23.929-0600	INFO	ForkJoinPool-1-worker-1	stdout	operator_cpu,trino,tpcds-parquet-sf10,q22,0,0/LocalExchangeSourceOperator@740,1,0.000,0.005,0.000,0,200,200,5870.000,0.000,0.000
[WARNING] [stderr] 2026-08-12T23:38:23.930-0600	INFO	ForkJoinPool-1-worker-1	stdout	operator_cpu,trino,tpcds-parquet-sf10,q22,0,0/TaskOutputOperator@18,1,0.030,0.000,0.001,0,100,100,0.000,0.000,0.000
[WARNING] [stderr] 2026-08-12T23:38:23.930-0600	INFO	ForkJoinPool-1-worker-1	stdout	operator_cpu,trino,tpcds-parquet-sf10,q22,0,0/LocalExchangeSinkOperator@740,1,0.013,0.000,0.012,0,200,200,0.000,0.000,0.000
[WARNING] [stderr] 2026-08-12T23:38:23.930-0600	INFO	ForkJoinPool-1-worker-1	stdout	operator_cpu,trino,tpcds-parquet-sf10,q22,0,0/TopNOperator@492,1,0.001,0.129,0.008,0,200,100,0.000,0.094,0.000
[WARNING] [stderr] 2026-08-12T23:38:23.930-0600	INFO	ForkJoinPool-1-worker-1	stdout	operator_cpu,trino,tpcds-parquet-sf10,q22,0,1/ExchangeOperator@814,2,0.000,1.264,0.000,0,203770,203770,11740.000,1.211,0.000
[WARNING] [stderr] 2026-08-12T23:38:23.930-0600	INFO	ForkJoinPool-1-worker-1	stdout	operator_cpu,trino,tpcds-parquet-sf10,q22,0,1/LocalExchangeSourceOperator@808,2,0.000,0.071,0.000,0,203770,203770,11720.000,0.000,0.000
[WARNING] [stderr] 2026-08-12T23:38:23.930-0600	INFO	ForkJoinPool-1-worker-1	stdout	operator_cpu,trino,tpcds-parquet-sf10,q22,0,1/LocalExchangeSourceOperator@766,2,0.000,0.015,0.000,0,200,200,11750.000,0.000,0.000
[WARNING] [stderr] 2026-08-12T23:38:23.930-0600	INFO	ForkJoinPool-1-worker-1	stdout	operator_cpu,trino,tpcds-parquet-sf10,q22,0,1/TopNOperator@767,2,0.002,0.170,0.019,0,200,200,0.000,0.090,0.000
[WARNING] [stderr] 2026-08-12T23:38:23.930-0600	INFO	ForkJoinPool-1-worker-1	stdout	operator_cpu,trino,tpcds-parquet-sf10,q22,0,1/TopNOperator@765,2,0.002,0.184,0.024,0,200,200,0.000,0.090,0.000
[WARNING] [stderr] 2026-08-12T23:38:23.930-0600	INFO	ForkJoinPool-1-worker-1	stdout	operator_cpu,trino,tpcds-parquet-sf10,q22,0,1/TopNOperator@491,2,0.012,3.430,0.015,0,203751,200,0.000,0.094,0.000
[WARNING] [stderr] 2026-08-12T23:38:23.930-0600	INFO	ForkJoinPool-1-worker-1	stdout	operator_cpu,trino,tpcds-parquet-sf10,q22,0,1/LocalExchangeSinkOperator@808,2,7.190,0.000,0.023,0,203770,203770,0.000,0.000,0.000
[WARNING] [stderr] 2026-08-12T23:38:23.930-0600	INFO	ForkJoinPool-1-worker-1	stdout	operator_cpu,trino,tpcds-parquet-sf10,q22,0,1/HashAggregationOperator@9,2,19.020,9.710,0.039,0,203770,203751,0.000,11.965,0.000
[WARNING] [stderr] 2026-08-12T23:38:23.930-0600	INFO	ForkJoinPool-1-worker-1	stdout	operator_cpu,trino,tpcds-parquet-sf10,q22,0,1/LocalExchangeSinkOperator@766,2,0.016,0.000,0.005,0,200,200,0.000,0.000,0.000
[WARNING] [stderr] 2026-08-12T23:38:23.930-0600	INFO	ForkJoinPool-1-worker-1	stdout	operator_cpu,trino,tpcds-parquet-sf10,q22,0,1/TaskOutputOperator@767,2,0.073,0.000,0.001,0,200,200,0.000,0.000,0.000
[WARNING] [stderr] 2026-08-12T23:38:23.930-0600	INFO	ForkJoinPool-1-worker-1	stdout	operator_cpu,trino,tpcds-parquet-sf10,q22,0,1/LocalExchangeSourceOperator@768,2,0.000,0.012,0.000,0,200,200,11750.000,0.000,0.000
[WARNING] [stderr] 2026-08-12T23:38:23.930-0600	INFO	ForkJoinPool-1-worker-1	stdout	operator_cpu,trino,tpcds-parquet-sf10,q22,0,1/LocalExchangeSinkOperator@768,2,0.014,0.000,0.004,0,200,200,0.000,0.000,0.000
[WARNING] [stderr] 2026-08-12T23:38:23.930-0600	INFO	ForkJoinPool-1-worker-1	stdout	operator_cpu,trino,tpcds-parquet-sf10,q22,0,1/FilterAndProjectOperator@73,2,0.011,0.147,0.001,0,203751,203751,0.000,1.284,0.000
[WARNING] [stderr] 2026-08-12T23:38:23.930-0600	INFO	ForkJoinPool-1-worker-1	stdout	operator_cpu,trino,tpcds-parquet-sf10,q22,0,2/ExchangeOperator@567,2,0.000,2.170,0.000,0,102000,102000,26.050,2.647,0.000
[WARNING] [stderr] 2026-08-12T23:38:23.930-0600	INFO	ForkJoinPool-1-worker-1	stdout	operator_cpu,trino,tpcds-parquet-sf10,q22,0,2/LocalExchangeSourceOperator@738,2,0.000,0.100,0.000,0,102000,102000,37.860,0.000,0.000
[WARNING] [stderr] 2026-08-12T23:38:23.931-0600	INFO	ForkJoinPool-1-worker-1	stdout	operator_cpu,trino,tpcds-parquet-sf10,q22,0,2/ExchangeOperator@566,2,0.000,26.060,0.000,0,26520000,26520000,87.880,17.337,0.000
[WARNING] [stderr] 2026-08-12T23:38:23.931-0600	INFO	ForkJoinPool-1-worker-1	stdout	operator_cpu,trino,tpcds-parquet-sf10,q22,0,2/GroupIdOperator@8,2,1.771,13.090,0.001,0,26520000,132600000,0.000,0.000,0.000
[WARNING] [stderr] 2026-08-12T23:38:23.931-0600	INFO	ForkJoinPool-1-worker-1	stdout	operator_cpu,trino,tpcds-parquet-sf10,q22,0,2/PartitionedOutputOperator@812,2,11.500,0.000,0.280,0,203770,203770,0.000,0.000,0.000
[WARNING] [stderr] 2026-08-12T23:38:23.931-0600	INFO	ForkJoinPool-1-worker-1	stdout	operator_cpu,trino,tpcds-parquet-sf10,q22,0,2/HashAggregationOperator@812,2,9290.000,20.690,0.023,0,132600000,203770,0.000,11.924,0.000
[WARNING] [stderr] 2026-08-12T23:38:23.931-0600	INFO	ForkJoinPool-1-worker-1	stdout	operator_cpu,trino,tpcds-parquet-sf10,q22,0,2/FilterAndProjectOperator@91,2,2.510,128.090,0.096,0,26520000,26520000,0.000,1.380,0.000
[WARNING] [stderr] 2026-08-12T23:38:23.931-0600	INFO	ForkJoinPool-1-worker-1	stdout	operator_cpu,trino,tpcds-parquet-sf10,q22,0,2/LookupJoinOperator@4,2,0.371,1615.510,0.105,0,26520000,26520000,0.000,0.000,0.000
[WARNING] [stderr] 2026-08-12T23:38:23.931-0600	INFO	ForkJoinPool-1-worker-1	stdout	operator_cpu,trino,tpcds-parquet-sf10,q22,0,2/HashBuilderOperator@4,2,0.463,0.000,1.684,0,102000,102000,11330.000,5.813,0.000
[WARNING] [stderr] 2026-08-12T23:38:23.931-0600	INFO	ForkJoinPool-1-worker-1	stdout	operator_cpu,trino,tpcds-parquet-sf10,q22,0,2/LocalExchangeSinkOperator@738,2,0.108,0.000,0.031,0,102000,102000,0.000,0.000,0.000
[WARNING] [stderr] 2026-08-12T23:38:23.931-0600	INFO	ForkJoinPool-1-worker-1	stdout	operator_cpu,trino,tpcds-parquet-sf10,q22,0,2/DynamicFilterSourceOperator@4,2,1.530,0.034,0.004,0,102000,102000,0.000,0.001,0.000
[WARNING] [stderr] 2026-08-12T23:38:23.931-0600	INFO	ForkJoinPool-1-worker-1	stdout	operator_cpu,trino,tpcds-parquet-sf10,q22,0,3/ExchangeOperator@565,2,0.000,0.036,0.000,0,366,366,20.850,0.002,0.000
[WARNING] [stderr] 2026-08-12T23:38:23.931-0600	INFO	ForkJoinPool-1-worker-1	stdout	operator_cpu,trino,tpcds-parquet-sf10,q22,0,3/LocalExchangeSourceOperator@737,2,0.000,0.022,0.000,0,366,366,22.740,0.000,0.000
[WARNING] [stderr] 2026-08-12T23:38:23.931-0600	INFO	ForkJoinPool-1-worker-1	stdout	operator_cpu,trino,tpcds-parquet-sf10,q22,0,3/ExchangeOperator@564,2,0.000,244.260,0.000,0,133110000,133110000,2808.820,19.360,0.000
[WARNING] [stderr] 2026-08-12T23:38:23.931-0600	INFO	ForkJoinPool-1-worker-1	stdout	operator_cpu,trino,tpcds-parquet-sf10,q22,0,3/PartitionedOutputOperator@2,2,186.590,0.000,0.144,0,26520000,26520000,5090.000,0.000,0.000
[WARNING] [stderr] 2026-08-12T23:38:23.931-0600	INFO	ForkJoinPool-1-worker-1	stdout	operator_cpu,trino,tpcds-parquet-sf10,q22,0,3/LookupJoinOperator@2,2,2.300,1159.370,0.002,0,133110000,26520000,3.340,0.000,0.000
[WARNING] [stderr] 2026-08-12T23:38:23.931-0600	INFO	ForkJoinPool-1-worker-1	stdout	operator_cpu,trino,tpcds-parquet-sf10,q22,0,3/HashBuilderOperator@2,2,0.035,0.000,0.312,0,366,366,9850.000,0.125,0.000
[WARNING] [stderr] 2026-08-12T23:38:23.931-0600	INFO	ForkJoinPool-1-worker-1	stdout	operator_cpu,trino,tpcds-parquet-sf10,q22,0,3/LocalExchangeSinkOperator@737,2,0.027,0.000,0.017,0,366,366,0.000,0.000,0.000
[WARNING] [stderr] 2026-08-12T23:38:23.931-0600	INFO	ForkJoinPool-1-worker-1	stdout	operator_cpu,trino,tpcds-parquet-sf10,q22,0,3/DynamicFilterSourceOperator@2,2,0.030,0.021,0.417,0,366,366,0.000,0.002,0.000
[WARNING] [stderr] 2026-08-12T23:38:23.931-0600	INFO	ForkJoinPool-1-worker-1	stdout	operator_cpu,trino,tpcds-parquet-sf10,q22,0,6/TableScanOperator@3,1,0.000,5.070,0.000,102000,102000,102000,0.000,4.000,0.000
[WARNING] [stderr] 2026-08-12T23:38:23.931-0600	INFO	ForkJoinPool-1-worker-1	stdout	operator_cpu,trino,tpcds-parquet-sf10,q22,0,6/PartitionedOutputOperator@3,1,3.990,0.000,0.360,0,102000,102000,0.000,0.000,0.000
[WARNING] [stderr] 2026-08-12T23:38:23.931-0600	INFO	ForkJoinPool-1-worker-1	stdout	operator_cpu,trino,tpcds-parquet-sf10,q22,0,4/ScanFilterAndProjectOperator@649,6,0.000,1850.300,0.000,133110000,133110000,133110000,0.000,17.005,0.000
[WARNING] [stderr] 2026-08-12T23:38:23.931-0600	INFO	ForkJoinPool-1-worker-1	stdout	operator_cpu,trino,tpcds-parquet-sf10,q22,0,4/PartitionedOutputOperator@649,6,1228.790,0.000,0.532,0,133110000,133110000,17840.000,0.000,0.000
[WARNING] [stderr] 2026-08-12T23:38:23.932-0600	INFO	ForkJoinPool-1-worker-1	stdout	operator_cpu,trino,tpcds-parquet-sf10,q22,0,5/ScanFilterAndProjectOperator@286,1,0.000,4.440,0.000,73049,73049,366,0.000,3.000,0.000
[WARNING] [stderr] 2026-08-12T23:38:23.932-0600	INFO	ForkJoinPool-1-worker-1	stdout	operator_cpu,trino,tpcds-parquet-sf10,q22,0,5/PartitionedOutputOperator@286,1,0.007,0.000,0.046,0,366,366,0.000,0.000,0.000
[WARNING] [stderr] 2026-08-12T23:38:28.951-0600	INFO	ForkJoinPool-1-worker-1	stdout	operator_cpu,nitro,tpcds-parquet-sf10,q22,0,0/ExchangeOperator@569,1,0.000,0.031,0.000,0,200,200,4990.000,0.006,0.000
[WARNING] [stderr] 2026-08-12T23:38:28.951-0600	INFO	ForkJoinPool-1-worker-1	stdout	operator_cpu,nitro,tpcds-parquet-sf10,q22,0,0/LocalExchangeSourceOperator@740,1,0.000,0.004,0.000,0,200,200,4990.000,0.000,0.000
[WARNING] [stderr] 2026-08-12T23:38:28.951-0600	INFO	ForkJoinPool-1-worker-1	stdout	operator_cpu,nitro,tpcds-parquet-sf10,q22,0,0/TaskOutputOperator@18,1,0.032,0.000,0.001,0,100,100,0.000,0.000,0.000
[WARNING] [stderr] 2026-08-12T23:38:28.951-0600	INFO	ForkJoinPool-1-worker-1	stdout	operator_cpu,nitro,tpcds-parquet-sf10,q22,0,0/LocalExchangeSinkOperator@740,1,0.012,0.000,0.011,0,200,200,0.000,0.000,0.000
[WARNING] [stderr] 2026-08-12T23:38:28.951-0600	INFO	ForkJoinPool-1-worker-1	stdout	operator_cpu,nitro,tpcds-parquet-sf10,q22,0,0/TopNOperator@492,1,0.001,0.158,0.013,0,200,100,0.000,0.094,0.000
[WARNING] [stderr] 2026-08-12T23:38:28.951-0600	INFO	ForkJoinPool-1-worker-1	stdout	operator_cpu,nitro,tpcds-parquet-sf10,q22,0,1/ExchangeOperator@814,2,0.000,1.237,0.000,0,203770,203770,9940.000,1.212,0.000
[WARNING] [stderr] 2026-08-12T23:38:28.952-0600	INFO	ForkJoinPool-1-worker-1	stdout	operator_cpu,nitro,tpcds-parquet-sf10,q22,0,1/LocalExchangeSourceOperator@808,2,0.000,0.064,0.000,0,203770,203770,9920.000,0.000,0.000
[WARNING] [stderr] 2026-08-12T23:38:28.952-0600	INFO	ForkJoinPool-1-worker-1	stdout	operator_cpu,nitro,tpcds-parquet-sf10,q22,0,1/LocalExchangeSourceOperator@766,2,0.000,0.006,0.000,0,200,200,9960.000,0.000,0.000
[WARNING] [stderr] 2026-08-12T23:38:28.952-0600	INFO	ForkJoinPool-1-worker-1	stdout	operator_cpu,nitro,tpcds-parquet-sf10,q22,0,1/TaskOutputOperator@767,2,0.080,0.000,0.001,0,200,200,0.000,0.000,0.000
[WARNING] [stderr] 2026-08-12T23:38:28.952-0600	INFO	ForkJoinPool-1-worker-1	stdout	operator_cpu,nitro,tpcds-parquet-sf10,q22,0,1/TopNOperator@767,2,0.002,0.183,0.020,0,200,200,0.000,0.090,0.000
[WARNING] [stderr] 2026-08-12T23:38:28.952-0600	INFO	ForkJoinPool-1-worker-1	stdout	operator_cpu,nitro,tpcds-parquet-sf10,q22,0,1/LocalExchangeSourceOperator@768,2,0.000,0.015,0.000,0,200,200,9960.000,0.000,0.000
[WARNING] [stderr] 2026-08-12T23:38:28.952-0600	INFO	ForkJoinPool-1-worker-1	stdout	operator_cpu,nitro,tpcds-parquet-sf10,q22,0,1/LocalExchangeSinkOperator@768,2,0.012,0.000,0.006,0,200,200,0.000,0.000,0.000
[WARNING] [stderr] 2026-08-12T23:38:28.952-0600	INFO	ForkJoinPool-1-worker-1	stdout	operator_cpu,nitro,tpcds-parquet-sf10,q22,0,1/TopNOperator@765,2,0.002,0.219,0.022,0,200,200,0.000,0.090,0.000
[WARNING] [stderr] 2026-08-12T23:38:28.952-0600	INFO	ForkJoinPool-1-worker-1	stdout	operator_cpu,nitro,tpcds-parquet-sf10,q22,0,1/LocalExchangeSinkOperator@766,2,0.019,0.000,0.013,0,200,200,0.000,0.000,0.000
[WARNING] [stderr] 2026-08-12T23:38:28.952-0600	INFO	ForkJoinPool-1-worker-1	stdout	operator_cpu,nitro,tpcds-parquet-sf10,q22,0,1/TopNOperator@491,2,0.009,3.390,0.126,0,203751,200,0.000,0.094,0.000
[WARNING] [stderr] 2026-08-12T23:38:28.952-0600	INFO	ForkJoinPool-1-worker-1	stdout	operator_cpu,nitro,tpcds-parquet-sf10,q22,0,1/LocalExchangeSinkOperator@808,2,7.110,0.000,0.017,0,203770,203770,0.000,0.000,0.000
[WARNING] [stderr] 2026-08-12T23:38:28.952-0600	INFO	ForkJoinPool-1-worker-1	stdout	operator_cpu,nitro,tpcds-parquet-sf10,q22,0,1/TrinoNitroAggregationOperator@9,2,26.290,15.660,0.034,0,203770,203751,0.000,25.587,0.000
[WARNING] [stderr] 2026-08-12T23:38:28.952-0600	INFO	ForkJoinPool-1-worker-1	stdout	operator_cpu,nitro,tpcds-parquet-sf10,q22,0,2/ExchangeOperator@567,2,0.000,0.700,0.000,0,102000,102000,25.260,1.071,0.000
[WARNING] [stderr] 2026-08-12T23:38:28.952-0600	INFO	ForkJoinPool-1-worker-1	stdout	operator_cpu,nitro,tpcds-parquet-sf10,q22,0,2/LocalExchangeSourceOperator@738,2,0.000,0.040,0.000,0,102000,102000,31.650,0.000,0.000
[WARNING] [stderr] 2026-08-12T23:38:28.952-0600	INFO	ForkJoinPool-1-worker-1	stdout	operator_cpu,nitro,tpcds-parquet-sf10,q22,0,2/ExchangeOperator@566,2,0.000,17.680,0.000,0,26520000,26520000,92.580,16.375,0.000
[WARNING] [stderr] 2026-08-12T23:38:28.952-0600	INFO	ForkJoinPool-1-worker-1	stdout	operator_cpu,nitro,tpcds-parquet-sf10,q22,0,2/PartitionedOutputOperator@812,2,13.180,0.000,0.117,0,203770,203770,0.000,0.000,0.000
[WARNING] [stderr] 2026-08-12T23:38:28.952-0600	INFO	ForkJoinPool-1-worker-1	stdout	operator_cpu,nitro,tpcds-parquet-sf10,q22,0,2/TrinoNitroAggregationOperator@812,2,2.770,9170.000,1.296,0,26520000,203770,0.000,19.920,0.000
[WARNING] [stderr] 2026-08-12T23:38:28.952-0600	INFO	ForkJoinPool-1-worker-1	stdout	operator_cpu,nitro,tpcds-parquet-sf10,q22,0,2/TrinoNitroHashJoinOperator@4,2,2.910,331.590,0.120,0,26520000,26520000,49.490,8.254,0.000
[WARNING] [stderr] 2026-08-12T23:38:28.952-0600	INFO	ForkJoinPool-1-worker-1	stdout	operator_cpu,nitro,tpcds-parquet-sf10,q22,0,2/TrinoNitroHashBuildOperator@4,2,0.775,0.000,6.880,0,102000,0,9700.000,12.089,0.000
[WARNING] [stderr] 2026-08-12T23:38:28.952-0600	INFO	ForkJoinPool-1-worker-1	stdout	operator_cpu,nitro,tpcds-parquet-sf10,q22,0,2/LocalExchangeSinkOperator@738,2,0.069,0.000,0.019,0,102000,102000,0.000,0.000,0.000
[WARNING] [stderr] 2026-08-12T23:38:28.952-0600	INFO	ForkJoinPool-1-worker-1	stdout	operator_cpu,nitro,tpcds-parquet-sf10,q22,0,2/DynamicFilterSourceOperator@4,2,1.280,0.038,0.039,0,102000,102000,0.000,0.141,0.000
[WARNING] [stderr] 2026-08-12T23:38:28.952-0600	INFO	ForkJoinPool-1-worker-1	stdout	operator_cpu,nitro,tpcds-parquet-sf10,q22,0,3/ExchangeOperator@565,2,0.000,0.038,0.000,0,366,366,23.670,0.002,0.000
[WARNING] [stderr] 2026-08-12T23:38:28.952-0600	INFO	ForkJoinPool-1-worker-1	stdout	operator_cpu,nitro,tpcds-parquet-sf10,q22,0,3/LocalExchangeSourceOperator@737,2,0.000,0.008,0.000,0,366,366,25.690,0.000,0.000
[WARNING] [stderr] 2026-08-12T23:38:28.952-0600	INFO	ForkJoinPool-1-worker-1	stdout	operator_cpu,nitro,tpcds-parquet-sf10,q22,0,3/ExchangeOperator@564,2,0.000,38.540,0.000,0,26520000,26520000,1278.400,19.007,0.000
[WARNING] [stderr] 2026-08-12T23:38:28.952-0600	INFO	ForkJoinPool-1-worker-1	stdout	operator_cpu,nitro,tpcds-parquet-sf10,q22,0,3/PartitionedOutputOperator@2,2,178.820,0.000,0.402,0,26520000,26520000,6010.000,0.000,0.000
[WARNING] [stderr] 2026-08-12T23:38:28.952-0600	INFO	ForkJoinPool-1-worker-1	stdout	operator_cpu,nitro,tpcds-parquet-sf10,q22,0,3/TrinoNitroHashJoinOperator@2,2,2.710,288.810,0.095,0,26520000,26520000,27.620,29.679,0.000
[WARNING] [stderr] 2026-08-12T23:38:28.953-0600	INFO	ForkJoinPool-1-worker-1	stdout	operator_cpu,nitro,tpcds-parquet-sf10,q22,0,3/TrinoNitroHashBuildOperator@2,2,0.027,0.000,1.293,0,366,0,7900.000,16.613,0.000
[WARNING] [stderr] 2026-08-12T23:38:28.953-0600	INFO	ForkJoinPool-1-worker-1	stdout	operator_cpu,nitro,tpcds-parquet-sf10,q22,0,3/LocalExchangeSinkOperator@737,2,0.015,0.000,0.029,0,366,366,0.000,0.000,0.000
[WARNING] [stderr] 2026-08-12T23:38:28.953-0600	INFO	ForkJoinPool-1-worker-1	stdout	operator_cpu,nitro,tpcds-parquet-sf10,q22,0,3/DynamicFilterSourceOperator@2,2,0.019,0.019,0.308,0,366,366,0.000,0.002,0.000
[WARNING] [stderr] 2026-08-12T23:38:28.953-0600	INFO	ForkJoinPool-1-worker-1	stdout	operator_cpu,nitro,tpcds-parquet-sf10,q22,0,6/TrinoNitroPipelineSourceOperator@3,1,0.000,4.130,0.000,102000,102000,102000,0.000,2.277,0.000
[WARNING] [stderr] 2026-08-12T23:38:28.953-0600	INFO	ForkJoinPool-1-worker-1	stdout	operator_cpu,nitro,tpcds-parquet-sf10,q22,0,6/PartitionedOutputOperator@3,1,8.030,0.000,0.135,0,102000,102000,0.000,0.000,0.000
[WARNING] [stderr] 2026-08-12T23:38:28.953-0600	INFO	ForkJoinPool-1-worker-1	stdout	operator_cpu,nitro,tpcds-parquet-sf10,q22,0,4/TrinoNitroPipelineSourceOperator@649,6,0.000,807.840,0.000,133110000,26520000,26520000,53.030,0.877,0.000
[WARNING] [stderr] 2026-08-12T23:38:28.953-0600	INFO	ForkJoinPool-1-worker-1	stdout	operator_cpu,nitro,tpcds-parquet-sf10,q22,0,4/PartitionedOutputOperator@649,6,273.730,0.000,0.426,0,26520000,26520000,11260.000,0.000,0.000
[WARNING] [stderr] 2026-08-12T23:38:28.953-0600	INFO	ForkJoinPool-1-worker-1	stdout	operator_cpu,nitro,tpcds-parquet-sf10,q22,0,5/TrinoNitroPipelineSourceOperator@286,1,0.000,1.140,0.000,73049,366,366,0.000,0.534,0.000
[WARNING] [stderr] 2026-08-12T23:38:28.953-0600	INFO	ForkJoinPool-1-worker-1	stdout	operator_cpu,nitro,tpcds-parquet-sf10,q22,0,5/PartitionedOutputOperator@286,1,0.016,0.000,0.042,0,366,366,0.000,0.000,0.000
[WARNING] [stderr] 2026-08-12T23:38:28.953-0600	INFO	ForkJoinPool-1-worker-1	stdout	operator_metric,nitro,tpcds-parquet-sf10,q22,0,1/TrinoNitroAggregationOperator@9,nitroProjectionIntegerWideningPositions,0
[WARNING] [stderr] 2026-08-12T23:38:28.953-0600	INFO	ForkJoinPool-1-worker-1	stdout	operator_metric,nitro,tpcds-parquet-sf10,q22,0,1/TrinoNitroAggregationOperator@9,nitroAggregationInputNanos,25998932
[WARNING] [stderr] 2026-08-12T23:38:28.953-0600	INFO	ForkJoinPool-1-worker-1	stdout	operator_metric,nitro,tpcds-parquet-sf10,q22,0,1/TrinoNitroAggregationOperator@9,nitroProjectionGeneratedLayoutFallbacks,0
[WARNING] [stderr] 2026-08-12T23:38:28.953-0600	INFO	ForkJoinPool-1-worker-1	stdout	operator_metric,nitro,tpcds-parquet-sf10,q22,0,1/TrinoNitroAggregationOperator@9,nitroBoundaryPageIngressPages,16
[WARNING] [stderr] 2026-08-12T23:38:28.953-0600	INFO	ForkJoinPool-1-worker-1	stdout	operator_metric,nitro,tpcds-parquet-sf10,q22,0,1/TrinoNitroAggregationOperator@9,nitroProjectionPlannedAssignments,0
[WARNING] [stderr] 2026-08-12T23:38:28.953-0600	INFO	ForkJoinPool-1-worker-1	stdout	operator_metric,nitro,tpcds-parquet-sf10,q22,0,1/TrinoNitroAggregationOperator@9,nitroBoundaryPageEgressPages,14
[WARNING] [stderr] 2026-08-12T23:38:28.953-0600	INFO	ForkJoinPool-1-worker-1	stdout	operator_metric,nitro,tpcds-parquet-sf10,q22,0,1/TrinoNitroAggregationOperator@9,nitroAggregationInitialEncodedKeyNanos,0
[WARNING] [stderr] 2026-08-12T23:38:28.953-0600	INFO	ForkJoinPool-1-worker-1	stdout	operator_metric,nitro,tpcds-parquet-sf10,q22,0,1/TrinoNitroAggregationOperator@9,nitroAggregationOutputNanos,73368
[WARNING] [stderr] 2026-08-12T23:38:28.953-0600	INFO	ForkJoinPool-1-worker-1	stdout	operator_metric,nitro,tpcds-parquet-sf10,q22,0,1/TrinoNitroAggregationOperator@9,nitroProjectionDictionaryFlatteningPositions,0
[WARNING] [stderr] 2026-08-12T23:38:28.954-0600	INFO	ForkJoinPool-1-worker-1	stdout	operator_metric,nitro,tpcds-parquet-sf10,q22,0,1/TrinoNitroAggregationOperator@9,nitroBoundaryPageEgressPositions,203751
[WARNING] [stderr] 2026-08-12T23:38:28.954-0600	INFO	ForkJoinPool-1-worker-1	stdout	operator_metric,nitro,tpcds-parquet-sf10,q22,0,1/TrinoNitroAggregationOperator@9,nitroAggregationFusedNanos,0
[WARNING] [stderr] 2026-08-12T23:38:28.954-0600	INFO	ForkJoinPool-1-worker-1	stdout	operator_metric,nitro,tpcds-parquet-sf10,q22,0,1/TrinoNitroAggregationOperator@9,nitroAggregationAccumulationNanos,1082221
[WARNING] [stderr] 2026-08-12T23:38:28.954-0600	INFO	ForkJoinPool-1-worker-1	stdout	operator_metric,nitro,tpcds-parquet-sf10,q22,0,1/TrinoNitroAggregationOperator@9,nitroProjectionGeneratedAttempts,0
[WARNING] [stderr] 2026-08-12T23:38:28.954-0600	INFO	ForkJoinPool-1-worker-1	stdout	operator_metric,nitro,tpcds-parquet-sf10,q22,0,1/TrinoNitroAggregationOperator@9,nitroProjectionGeneratedSuccesses,0
[WARNING] [stderr] 2026-08-12T23:38:28.954-0600	INFO	ForkJoinPool-1-worker-1	stdout	operator_metric,nitro,tpcds-parquet-sf10,q22,0,1/TrinoNitroAggregationOperator@9,nitroAggregationInitialFlatKeyNanos,0
[WARNING] [stderr] 2026-08-12T23:38:28.954-0600	INFO	ForkJoinPool-1-worker-1	stdout	operator_metric,nitro,tpcds-parquet-sf10,q22,0,1/TrinoNitroAggregationOperator@9,nitroBoundaryNativeEgressDictionaryChannelPositions,0
[WARNING] [stderr] 2026-08-12T23:38:28.954-0600	INFO	ForkJoinPool-1-worker-1	stdout	operator_metric,nitro,tpcds-parquet-sf10,q22,0,1/TrinoNitroAggregationOperator@9,nitroBoundaryPageIngressFlatChannelPositions,1222620
[WARNING] [stderr] 2026-08-12T23:38:28.954-0600	INFO	ForkJoinPool-1-worker-1	stdout	operator_metric,nitro,tpcds-parquet-sf10,q22,0,1/TrinoNitroAggregationOperator@9,nitroProjectionPlannedComputedOutputs,0
[WARNING] [stderr] 2026-08-12T23:38:28.954-0600	INFO	ForkJoinPool-1-worker-1	stdout	operator_metric,nitro,tpcds-parquet-sf10,q22,0,1/TrinoNitroAggregationOperator@9,nitroAggregationPipelineNanos,0
[WARNING] [stderr] 2026-08-12T23:38:28.954-0600	INFO	ForkJoinPool-1-worker-1	stdout	operator_metric,nitro,tpcds-parquet-sf10,q22,0,1/TrinoNitroAggregationOperator@9,nitroAggregationStatePreparationNanos,227359
[WARNING] [stderr] 2026-08-12T23:38:28.954-0600	INFO	ForkJoinPool-1-worker-1	stdout	operator_metric,nitro,tpcds-parquet-sf10,q22,0,1/TrinoNitroAggregationOperator@9,nitroProjectionRunLengthInputPositions,0
[WARNING] [stderr] 2026-08-12T23:38:28.954-0600	INFO	ForkJoinPool-1-worker-1	stdout	operator_metric,nitro,tpcds-parquet-sf10,q22,0,1/TrinoNitroAggregationOperator@9,nitroAggregationGroupingNanos,24349351
[WARNING] [stderr] 2026-08-12T23:38:28.954-0600	INFO	ForkJoinPool-1-worker-1	stdout	operator_metric,nitro,tpcds-parquet-sf10,q22,0,1/TrinoNitroAggregationOperator@9,nitroBoundaryPageIngressRunLengthChannelPositions,0
[WARNING] [stderr] 2026-08-12T23:38:28.954-0600	INFO	ForkJoinPool-1-worker-1	stdout	operator_metric,nitro,tpcds-parquet-sf10,q22,0,1/TrinoNitroAggregationOperator@9,nitroBoundaryNativeEgressRunLengthChannelPositions,0
[WARNING] [stderr] 2026-08-12T23:38:28.954-0600	INFO	ForkJoinPool-1-worker-1	stdout	operator_metric,nitro,tpcds-parquet-sf10,q22,0,1/TrinoNitroAggregationOperator@9,nitroProjectionDictionaryNullExpansionPositions,0
[WARNING] [stderr] 2026-08-12T23:38:28.954-0600	INFO	ForkJoinPool-1-worker-1	stdout	operator_metric,nitro,tpcds-parquet-sf10,q22,0,1/TrinoNitroAggregationOperator@9,nitroBoundaryPageEgressFlatChannelPositions,1018755
[WARNING] [stderr] 2026-08-12T23:38:28.954-0600	INFO	ForkJoinPool-1-worker-1	stdout	operator_metric,nitro,tpcds-parquet-sf10,q22,0,1/TrinoNitroAggregationOperator@9,nitroProjectionOtherInputPositions,0
[WARNING] [stderr] 2026-08-12T23:38:28.954-0600	INFO	ForkJoinPool-1-worker-1	stdout	operator_metric,nitro,tpcds-parquet-sf10,q22,0,1/TrinoNitroAggregationOperator@9,nitroProjectionOtherNullExpansionPositions,0
[WARNING] [stderr] 2026-08-12T23:38:28.954-0600	INFO	ForkJoinPool-1-worker-1	stdout	operator_metric,nitro,tpcds-parquet-sf10,q22,0,1/TrinoNitroAggregationOperator@9,nitroBoundaryPageIngressDictionaryChannelPositions,0
[WARNING] [stderr] 2026-08-12T23:38:28.954-0600	INFO	ForkJoinPool-1-worker-1	stdout	operator_metric,nitro,tpcds-parquet-sf10,q22,0,1/TrinoNitroAggregationOperator@9,nitroBoundaryPageIngressBytes,17374309
[WARNING] [stderr] 2026-08-12T23:38:28.954-0600	INFO	ForkJoinPool-1-worker-1	stdout	operator_metric,nitro,tpcds-parquet-sf10,q22,0,1/TrinoNitroAggregationOperator@9,nitroProjectionGeneratedSelectedPositions,0
[WARNING] [stderr] 2026-08-12T23:38:28.954-0600	INFO	ForkJoinPool-1-worker-1	stdout	operator_metric,nitro,tpcds-parquet-sf10,q22,0,1/TrinoNitroAggregationOperator@9,nitroBoundaryPageEgressRunLengthChannelPositions,0
[WARNING] [stderr] 2026-08-12T23:38:28.954-0600	INFO	ForkJoinPool-1-worker-1	stdout	operator_metric,nitro,tpcds-parquet-sf10,q22,0,1/TrinoNitroAggregationOperator@9,nitroProjectionDictionaryInputPositions,0
[WARNING] [stderr] 2026-08-12T23:38:28.954-0600	INFO	ForkJoinPool-1-worker-1	stdout	operator_metric,nitro,tpcds-parquet-sf10,q22,0,1/TrinoNitroAggregationOperator@9,nitroBoundaryPageEgressBytes,13501933
[WARNING] [stderr] 2026-08-12T23:38:28.954-0600	INFO	ForkJoinPool-1-worker-1	stdout	operator_metric,nitro,tpcds-parquet-sf10,q22,0,1/TrinoNitroAggregationOperator@9,nitroAggregationInitialKeyNanos,0
[WARNING] [stderr] 2026-08-12T23:38:28.954-0600	INFO	ForkJoinPool-1-worker-1	stdout	operator_metric,nitro,tpcds-parquet-sf10,q22,0,1/TrinoNitroAggregationOperator@9,nitroProjectionGeneratedKernels,0
[WARNING] [stderr] 2026-08-12T23:38:28.954-0600	INFO	ForkJoinPool-1-worker-1	stdout	operator_metric,nitro,tpcds-parquet-sf10,q22,0,1/TrinoNitroAggregationOperator@9,nitroProjectionGeneratedOutputs,0
[WARNING] [stderr] 2026-08-12T23:38:28.954-0600	INFO	ForkJoinPool-1-worker-1	stdout	operator_metric,nitro,tpcds-parquet-sf10,q22,0,1/TrinoNitroAggregationOperator@9,nitroBoundaryPageIngressPositions,203770
[WARNING] [stderr] 2026-08-12T23:38:28.954-0600	INFO	ForkJoinPool-1-worker-1	stdout	operator_metric,nitro,tpcds-parquet-sf10,q22,0,1/TrinoNitroAggregationOperator@9,nitroProjectionFlatInputPositions,0
[WARNING] [stderr] 2026-08-12T23:38:28.954-0600	INFO	ForkJoinPool-1-worker-1	stdout	operator_metric,nitro,tpcds-parquet-sf10,q22,0,1/TrinoNitroAggregationOperator@9,nitroAggregationFlushNanos,0
[WARNING] [stderr] 2026-08-12T23:38:28.954-0600	INFO	ForkJoinPool-1-worker-1	stdout	operator_metric,nitro,tpcds-parquet-sf10,q22,0,1/TrinoNitroAggregationOperator@9,nitroBoundaryNativeEgressFlatChannelPositions,1018755
[WARNING] [stderr] 2026-08-12T23:38:28.954-0600	INFO	ForkJoinPool-1-worker-1	stdout	operator_metric,nitro,tpcds-parquet-sf10,q22,0,1/TrinoNitroAggregationOperator@9,nitroAggregationInitialAggregationNanos,0
[WARNING] [stderr] 2026-08-12T23:38:28.954-0600	INFO	ForkJoinPool-1-worker-1	stdout	operator_metric,nitro,tpcds-parquet-sf10,q22,0,1/TrinoNitroAggregationOperator@9,nitroProjectionGeneratedErrorFallbacks,0
[WARNING] [stderr] 2026-08-12T23:38:28.954-0600	INFO	ForkJoinPool-1-worker-1	stdout	operator_metric,nitro,tpcds-parquet-sf10,q22,0,1/TrinoNitroAggregationOperator@9,nitroBoundaryPageEgressDictionaryChannelPositions,0
[WARNING] [stderr] 2026-08-12T23:38:28.954-0600	INFO	ForkJoinPool-1-worker-1	stdout	operator_metric,nitro,tpcds-parquet-sf10,q22,0,2/PartitionedOutputOperator@812,nitroExchangeLowDictionaryReusePositions,0
[WARNING] [stderr] 2026-08-12T23:38:28.954-0600	INFO	ForkJoinPool-1-worker-1	stdout	operator_metric,nitro,tpcds-parquet-sf10,q22,0,2/PartitionedOutputOperator@812,nitroExchangeDictionaryUnsupportedPositions,0
[WARNING] [stderr] 2026-08-12T23:38:28.954-0600	INFO	ForkJoinPool-1-worker-1	stdout	operator_metric,nitro,tpcds-parquet-sf10,q22,0,2/PartitionedOutputOperator@812,nitroExchangeInputPositions,203770
[WARNING] [stderr] 2026-08-12T23:38:28.954-0600	INFO	ForkJoinPool-1-worker-1	stdout	operator_metric,nitro,tpcds-parquet-sf10,q22,0,2/PartitionedOutputOperator@812,nitroExchangeInputRunLengthChannelPositions,0
[WARNING] [stderr] 2026-08-12T23:38:28.954-0600	INFO	ForkJoinPool-1-worker-1	stdout	operator_metric,nitro,tpcds-parquet-sf10,q22,0,2/PartitionedOutputOperator@812,nitroExchangeInputPages,14
[WARNING] [stderr] 2026-08-12T23:38:28.954-0600	INFO	ForkJoinPool-1-worker-1	stdout	operator_metric,nitro,tpcds-parquet-sf10,q22,0,2/PartitionedOutputOperator@812,nitroExchangeInputDictionaryChannelPositions,0
[WARNING] [stderr] 2026-08-12T23:38:28.954-0600	INFO	ForkJoinPool-1-worker-1	stdout	operator_metric,nitro,tpcds-parquet-sf10,q22,0,2/PartitionedOutputOperator@812,nitroExchangeInputFlatChannelPositions,1222620
[WARNING] [stderr] 2026-08-12T23:38:28.954-0600	INFO	ForkJoinPool-1-worker-1	stdout	operator_metric,nitro,tpcds-parquet-sf10,q22,0,2/PartitionedOutputOperator@812,nitroExchangeRunLengthUnsupportedPositions,0
[WARNING] [stderr] 2026-08-12T23:38:28.954-0600	INFO	ForkJoinPool-1-worker-1	stdout	operator_metric,nitro,tpcds-parquet-sf10,q22,0,2/PartitionedOutputOperator@812,nitroExchangePreservedPositions,0
[WARNING] [stderr] 2026-08-12T23:38:28.954-0600	INFO	ForkJoinPool-1-worker-1	stdout	operator_metric,nitro,tpcds-parquet-sf10,q22,0,2/PartitionedOutputOperator@812,nitroExchangeNoDictionaryPositions,203770
[WARNING] [stderr] 2026-08-12T23:38:28.954-0600	INFO	ForkJoinPool-1-worker-1	stdout	operator_metric,nitro,tpcds-parquet-sf10,q22,0,2/PartitionedOutputOperator@812,nitroExchangeSmallPagePositions,0
[WARNING] [stderr] 2026-08-12T23:38:28.954-0600	INFO	ForkJoinPool-1-worker-1	stdout	operator_metric,nitro,tpcds-parquet-sf10,q22,0,2/TrinoNitroAggregationOperator@812,nitroBoundaryNativeExchangeMaximumChannel3Bytes,4322891
[WARNING] [stderr] 2026-08-12T23:38:28.954-0600	INFO	ForkJoinPool-1-worker-1	stdout	operator_metric,nitro,tpcds-parquet-sf10,q22,0,2/TrinoNitroAggregationOperator@812,nitroAggregationGroupingNanos,8398049150
[WARNING] [stderr] 2026-08-12T23:38:28.954-0600	INFO	ForkJoinPool-1-worker-1	stdout	operator_metric,nitro,tpcds-parquet-sf10,q22,0,2/TrinoNitroAggregationOperator@812,nitroProjectionDictionaryFlatteningPositions,0
[WARNING] [stderr] 2026-08-12T23:38:28.954-0600	INFO	ForkJoinPool-1-worker-1	stdout	operator_metric,nitro,tpcds-parquet-sf10,q22,0,2/TrinoNitroAggregationOperator@812,nitroBoundaryNativeExchangePositions,203770
[WARNING] [stderr] 2026-08-12T23:38:28.954-0600	INFO	ForkJoinPool-1-worker-1	stdout	operator_metric,nitro,tpcds-parquet-sf10,q22,0,2/TrinoNitroAggregationOperator@812,nitroProjectionGeneratedKernels,0
[WARNING] [stderr] 2026-08-12T23:38:28.954-0600	INFO	ForkJoinPool-1-worker-1	stdout	operator_metric,nitro,tpcds-parquet-sf10,q22,0,2/TrinoNitroAggregationOperator@812,nitroAggregationFusedNanos,0
[WARNING] [stderr] 2026-08-12T23:38:28.954-0600	INFO	ForkJoinPool-1-worker-1	stdout	operator_metric,nitro,tpcds-parquet-sf10,q22,0,2/TrinoNitroAggregationOperator@812,nitroAggregationInitialFlatKeyNanos,0
[WARNING] [stderr] 2026-08-12T23:38:28.954-0600	INFO	ForkJoinPool-1-worker-1	stdout	operator_metric,nitro,tpcds-parquet-sf10,q22,0,2/TrinoNitroAggregationOperator@812,nitroAggregationOutputNanos,122482
[WARNING] [stderr] 2026-08-12T23:38:28.954-0600	INFO	ForkJoinPool-1-worker-1	stdout	operator_metric,nitro,tpcds-parquet-sf10,q22,0,2/TrinoNitroAggregationOperator@812,nitroAggregationStatePreparationNanos,764161
[WARNING] [stderr] 2026-08-12T23:38:28.954-0600	INFO	ForkJoinPool-1-worker-1	stdout	operator_metric,nitro,tpcds-parquet-sf10,q22,0,2/TrinoNitroAggregationOperator@812,nitroBoundaryNativeExchangeMaximumChannel0Bytes,2273152
[WARNING] [stderr] 2026-08-12T23:38:28.954-0600	INFO	ForkJoinPool-1-worker-1	stdout	operator_metric,nitro,tpcds-parquet-sf10,q22,0,2/TrinoNitroAggregationOperator@812,nitroProjectionOtherInputPositions,0
[WARNING] [stderr] 2026-08-12T23:38:28.954-0600	INFO	ForkJoinPool-1-worker-1	stdout	operator_metric,nitro,tpcds-parquet-sf10,q22,0,2/TrinoNitroAggregationOperator@812,nitroBoundaryNativeExchangeMaximumChannel4Bytes,294912
[WARNING] [stderr] 2026-08-12T23:38:28.954-0600	INFO	ForkJoinPool-1-worker-1	stdout	operator_metric,nitro,tpcds-parquet-sf10,q22,0,2/TrinoNitroAggregationOperator@812,nitroBoundaryNativeExchangeBatches,14
[WARNING] [stderr] 2026-08-12T23:38:28.954-0600	INFO	ForkJoinPool-1-worker-1	stdout	operator_metric,nitro,tpcds-parquet-sf10,q22,0,2/TrinoNitroAggregationOperator@812,nitroProjectionPlannedAssignments,0
[WARNING] [stderr] 2026-08-12T23:38:28.954-0600	INFO	ForkJoinPool-1-worker-1	stdout	operator_metric,nitro,tpcds-parquet-sf10,q22,0,2/TrinoNitroAggregationOperator@812,nitroAggregationInputNanos,8958855076
[WARNING] [stderr] 2026-08-12T23:38:28.954-0600	INFO	ForkJoinPool-1-worker-1	stdout	operator_metric,nitro,tpcds-parquet-sf10,q22,0,2/TrinoNitroAggregationOperator@812,nitroAggregationFlushNanos,0
[WARNING] [stderr] 2026-08-12T23:38:28.954-0600	INFO	ForkJoinPool-1-worker-1	stdout	operator_metric,nitro,tpcds-parquet-sf10,q22,0,2/TrinoNitroAggregationOperator@812,nitroProjectionGeneratedAttempts,0
[WARNING] [stderr] 2026-08-12T23:38:28.954-0600	INFO	ForkJoinPool-1-worker-1	stdout	operator_metric,nitro,tpcds-parquet-sf10,q22,0,2/TrinoNitroAggregationOperator@812,nitroProjectionGeneratedSelectedPositions,0
[WARNING] [stderr] 2026-08-12T23:38:28.954-0600	INFO	ForkJoinPool-1-worker-1	stdout	operator_metric,nitro,tpcds-parquet-sf10,q22,0,2/TrinoNitroAggregationOperator@812,nitroProjectionGeneratedSuccesses,0
[WARNING] [stderr] 2026-08-12T23:38:28.954-0600	INFO	ForkJoinPool-1-worker-1	stdout	operator_metric,nitro,tpcds-parquet-sf10,q22,0,2/TrinoNitroAggregationOperator@812,nitroBoundaryNativeExchangeMaximumChannel1Bytes,1480136
[WARNING] [stderr] 2026-08-12T23:38:28.954-0600	INFO	ForkJoinPool-1-worker-1	stdout	operator_metric,nitro,tpcds-parquet-sf10,q22,0,2/TrinoNitroAggregationOperator@812,nitroBoundaryNativeExchangeMaximumBatchBytes,12828177
[WARNING] [stderr] 2026-08-12T23:38:28.954-0600	INFO	ForkJoinPool-1-worker-1	stdout	operator_metric,nitro,tpcds-parquet-sf10,q22,0,2/TrinoNitroAggregationOperator@812,nitroBoundaryNativeExchangeMaximumChannel5Bytes,557056
[WARNING] [stderr] 2026-08-12T23:38:28.955-0600	INFO	ForkJoinPool-1-worker-1	stdout	operator_metric,nitro,tpcds-parquet-sf10,q22,0,2/TrinoNitroAggregationOperator@812,nitroProjectionGeneratedErrorFallbacks,0
[WARNING] [stderr] 2026-08-12T23:38:28.955-0600	INFO	ForkJoinPool-1-worker-1	stdout	operator_metric,nitro,tpcds-parquet-sf10,q22,0,2/TrinoNitroAggregationOperator@812,nitroProjectionOtherNullExpansionPositions,0
[WARNING] [stderr] 2026-08-12T23:38:28.955-0600	INFO	ForkJoinPool-1-worker-1	stdout	operator_metric,nitro,tpcds-parquet-sf10,q22,0,2/TrinoNitroAggregationOperator@812,nitroAggregationInitialAggregationNanos,0
[WARNING] [stderr] 2026-08-12T23:38:28.955-0600	INFO	ForkJoinPool-1-worker-1	stdout	operator_metric,nitro,tpcds-parquet-sf10,q22,0,2/TrinoNitroAggregationOperator@812,nitroProjectionIntegerWideningPositions,0
[WARNING] [stderr] 2026-08-12T23:38:28.955-0600	INFO	ForkJoinPool-1-worker-1	stdout	operator_metric,nitro,tpcds-parquet-sf10,q22,0,2/TrinoNitroAggregationOperator@812,nitroAggregationAccumulationNanos,557449831
[WARNING] [stderr] 2026-08-12T23:38:28.955-0600	INFO	ForkJoinPool-1-worker-1	stdout	operator_metric,nitro,tpcds-parquet-sf10,q22,0,2/TrinoNitroAggregationOperator@812,nitroBoundaryNativeExchangeBytes,36326815
[WARNING] [stderr] 2026-08-12T23:38:28.955-0600	INFO	ForkJoinPool-1-worker-1	stdout	operator_metric,nitro,tpcds-parquet-sf10,q22,0,2/TrinoNitroAggregationOperator@812,nitroProjectionDictionaryNullExpansionPositions,0
[WARNING] [stderr] 2026-08-12T23:38:28.955-0600	INFO	ForkJoinPool-1-worker-1	stdout	operator_metric,nitro,tpcds-parquet-sf10,q22,0,2/TrinoNitroAggregationOperator@812,nitroProjectionFlatInputPositions,0
[WARNING] [stderr] 2026-08-12T23:38:28.955-0600	INFO	ForkJoinPool-1-worker-1	stdout	operator_metric,nitro,tpcds-parquet-sf10,q22,0,2/TrinoNitroAggregationOperator@812,nitroBoundaryNativeExchangeMaximumChannel2Bytes,4073392
[WARNING] [stderr] 2026-08-12T23:38:28.955-0600	INFO	ForkJoinPool-1-worker-1	stdout	operator_metric,nitro,tpcds-parquet-sf10,q22,0,2/TrinoNitroAggregationOperator@812,nitroProjectionRunLengthInputPositions,0
[WARNING] [stderr] 2026-08-12T23:38:28.955-0600	INFO	ForkJoinPool-1-worker-1	stdout	operator_metric,nitro,tpcds-parquet-sf10,q22,0,2/TrinoNitroAggregationOperator@812,nitroProjectionGeneratedLayoutFallbacks,0
[WARNING] [stderr] 2026-08-12T23:38:28.955-0600	INFO	ForkJoinPool-1-worker-1	stdout	operator_metric,nitro,tpcds-parquet-sf10,q22,0,2/TrinoNitroAggregationOperator@812,nitroAggregationInitialEncodedKeyNanos,0
[WARNING] [stderr] 2026-08-12T23:38:28.955-0600	INFO	ForkJoinPool-1-worker-1	stdout	operator_metric,nitro,tpcds-parquet-sf10,q22,0,2/TrinoNitroAggregationOperator@812,nitroProjectionPlannedComputedOutputs,0
[WARNING] [stderr] 2026-08-12T23:38:28.955-0600	INFO	ForkJoinPool-1-worker-1	stdout	operator_metric,nitro,tpcds-parquet-sf10,q22,0,2/TrinoNitroAggregationOperator@812,nitroAggregationInitialKeyNanos,0
[WARNING] [stderr] 2026-08-12T23:38:28.955-0600	INFO	ForkJoinPool-1-worker-1	stdout	operator_metric,nitro,tpcds-parquet-sf10,q22,0,2/TrinoNitroAggregationOperator@812,nitroProjectionGeneratedOutputs,0
[WARNING] [stderr] 2026-08-12T23:38:28.955-0600	INFO	ForkJoinPool-1-worker-1	stdout	operator_metric,nitro,tpcds-parquet-sf10,q22,0,2/TrinoNitroAggregationOperator@812,nitroProjectionDictionaryInputPositions,0
[WARNING] [stderr] 2026-08-12T23:38:28.955-0600	INFO	ForkJoinPool-1-worker-1	stdout	operator_metric,nitro,tpcds-parquet-sf10,q22,0,2/TrinoNitroAggregationOperator@812,nitroAggregationPipelineNanos,284629
[WARNING] [stderr] 2026-08-12T23:38:28.955-0600	INFO	ForkJoinPool-1-worker-1	stdout	operator_metric,nitro,tpcds-parquet-sf10,q22,0,2/TrinoNitroHashJoinOperator@4,nitroBoundaryNativeExchangeMaximumBatchBytes,13831896
[WARNING] [stderr] 2026-08-12T23:38:28.955-0600	INFO	ForkJoinPool-1-worker-1	stdout	operator_metric,nitro,tpcds-parquet-sf10,q22,0,2/TrinoNitroHashJoinOperator@4,nitroBoundaryPageIngressFlatChannelPositions,53040000
[WARNING] [stderr] 2026-08-12T23:38:28.955-0600	INFO	ForkJoinPool-1-worker-1	stdout	operator_metric,nitro,tpcds-parquet-sf10,q22,0,2/TrinoNitroHashJoinOperator@4,nitroBoundaryNativeExchangeBatches,3028
[WARNING] [stderr] 2026-08-12T23:38:28.955-0600	INFO	ForkJoinPool-1-worker-1	stdout	operator_metric,nitro,tpcds-parquet-sf10,q22,0,2/TrinoNitroHashJoinOperator@4,nitroBoundaryNativeExchangeBytes,11520846503
[WARNING] [stderr] 2026-08-12T23:38:28.955-0600	INFO	ForkJoinPool-1-worker-1	stdout	operator_metric,nitro,tpcds-parquet-sf10,q22,0,2/TrinoNitroHashJoinOperator@4,nitroBoundaryNativeExchangePositions,26520000
[WARNING] [stderr] 2026-08-12T23:38:28.955-0600	INFO	ForkJoinPool-1-worker-1	stdout	operator_metric,nitro,tpcds-parquet-sf10,q22,0,2/TrinoNitroHashJoinOperator@4,nitroBoundaryPageIngressRunLengthChannelPositions,0
[WARNING] [stderr] 2026-08-12T23:38:28.955-0600	INFO	ForkJoinPool-1-worker-1	stdout	operator_metric,nitro,tpcds-parquet-sf10,q22,0,2/TrinoNitroHashJoinOperator@4,nitroBoundaryPageIngressDictionaryChannelPositions,0
[WARNING] [stderr] 2026-08-12T23:38:28.955-0600	INFO	ForkJoinPool-1-worker-1	stdout	operator_metric,nitro,tpcds-parquet-sf10,q22,0,2/TrinoNitroHashJoinOperator@4,nitroBoundaryPageIngressBytes,371280000
[WARNING] [stderr] 2026-08-12T23:38:28.955-0600	INFO	ForkJoinPool-1-worker-1	stdout	operator_metric,nitro,tpcds-parquet-sf10,q22,0,2/TrinoNitroHashJoinOperator@4,nitroBoundaryPageIngressPages,758
[WARNING] [stderr] 2026-08-12T23:38:28.955-0600	INFO	ForkJoinPool-1-worker-1	stdout	operator_metric,nitro,tpcds-parquet-sf10,q22,0,2/TrinoNitroHashJoinOperator@4,nitroBoundaryPageIngressPositions,26520000
[WARNING] [stderr] 2026-08-12T23:38:28.955-0600	INFO	ForkJoinPool-1-worker-1	stdout	operator_metric,nitro,tpcds-parquet-sf10,q22,0,3/PartitionedOutputOperator@2,nitroExchangeLowDictionaryReusePositions,0
[WARNING] [stderr] 2026-08-12T23:38:28.955-0600	INFO	ForkJoinPool-1-worker-1	stdout	operator_metric,nitro,tpcds-parquet-sf10,q22,0,3/PartitionedOutputOperator@2,nitroExchangeDictionaryUnsupportedPositions,0
[WARNING] [stderr] 2026-08-12T23:38:28.955-0600	INFO	ForkJoinPool-1-worker-1	stdout	operator_metric,nitro,tpcds-parquet-sf10,q22,0,3/PartitionedOutputOperator@2,nitroExchangeInputPositions,26520000
[WARNING] [stderr] 2026-08-12T23:38:28.955-0600	INFO	ForkJoinPool-1-worker-1	stdout	operator_metric,nitro,tpcds-parquet-sf10,q22,0,3/PartitionedOutputOperator@2,nitroExchangeInputRunLengthChannelPositions,0
[WARNING] [stderr] 2026-08-12T23:38:28.955-0600	INFO	ForkJoinPool-1-worker-1	stdout	operator_metric,nitro,tpcds-parquet-sf10,q22,0,3/PartitionedOutputOperator@2,nitroExchangeInputPages,2692
[WARNING] [stderr] 2026-08-12T23:38:28.955-0600	INFO	ForkJoinPool-1-worker-1	stdout	operator_metric,nitro,tpcds-parquet-sf10,q22,0,3/PartitionedOutputOperator@2,nitroExchangeInputDictionaryChannelPositions,0
[WARNING] [stderr] 2026-08-12T23:38:28.955-0600	INFO	ForkJoinPool-1-worker-1	stdout	operator_metric,nitro,tpcds-parquet-sf10,q22,0,3/PartitionedOutputOperator@2,nitroExchangeInputFlatChannelPositions,53040000
[WARNING] [stderr] 2026-08-12T23:38:28.955-0600	INFO	ForkJoinPool-1-worker-1	stdout	operator_metric,nitro,tpcds-parquet-sf10,q22,0,3/PartitionedOutputOperator@2,nitroExchangeRunLengthUnsupportedPositions,0
[WARNING] [stderr] 2026-08-12T23:38:28.955-0600	INFO	ForkJoinPool-1-worker-1	stdout	operator_metric,nitro,tpcds-parquet-sf10,q22,0,3/PartitionedOutputOperator@2,nitroExchangePreservedPositions,0
[WARNING] [stderr] 2026-08-12T23:38:28.955-0600	INFO	ForkJoinPool-1-worker-1	stdout	operator_metric,nitro,tpcds-parquet-sf10,q22,0,3/PartitionedOutputOperator@2,nitroExchangeNoDictionaryPositions,26520000
[WARNING] [stderr] 2026-08-12T23:38:28.955-0600	INFO	ForkJoinPool-1-worker-1	stdout	operator_metric,nitro,tpcds-parquet-sf10,q22,0,3/PartitionedOutputOperator@2,nitroExchangeSmallPagePositions,0
[WARNING] [stderr] 2026-08-12T23:38:28.955-0600	INFO	ForkJoinPool-1-worker-1	stdout	operator_metric,nitro,tpcds-parquet-sf10,q22,0,3/TrinoNitroHashJoinOperator@2,nitroBoundaryNativeExchangeMaximumBatchBytes,260010
[WARNING] [stderr] 2026-08-12T23:38:28.955-0600	INFO	ForkJoinPool-1-worker-1	stdout	operator_metric,nitro,tpcds-parquet-sf10,q22,0,3/TrinoNitroHashJoinOperator@2,nitroBoundaryPageIngressFlatChannelPositions,79560000
[WARNING] [stderr] 2026-08-12T23:38:28.955-0600	INFO	ForkJoinPool-1-worker-1	stdout	operator_metric,nitro,tpcds-parquet-sf10,q22,0,3/TrinoNitroHashJoinOperator@2,nitroBoundaryNativeExchangeBatches,2692
[WARNING] [stderr] 2026-08-12T23:38:28.955-0600	INFO	ForkJoinPool-1-worker-1	stdout	operator_metric,nitro,tpcds-parquet-sf10,q22,0,3/TrinoNitroHashJoinOperator@2,nitroBoundaryNativeExchangeBytes,344773460
[WARNING] [stderr] 2026-08-12T23:38:28.955-0600	INFO	ForkJoinPool-1-worker-1	stdout	operator_metric,nitro,tpcds-parquet-sf10,q22,0,3/TrinoNitroHashJoinOperator@2,nitroBoundaryNativeExchangePositions,26520000
[WARNING] [stderr] 2026-08-12T23:38:28.955-0600	INFO	ForkJoinPool-1-worker-1	stdout	operator_metric,nitro,tpcds-parquet-sf10,q22,0,3/TrinoNitroHashJoinOperator@2,nitroBoundaryPageIngressRunLengthChannelPositions,0
[WARNING] [stderr] 2026-08-12T23:38:28.955-0600	INFO	ForkJoinPool-1-worker-1	stdout	operator_metric,nitro,tpcds-parquet-sf10,q22,0,3/TrinoNitroHashJoinOperator@2,nitroBoundaryPageIngressDictionaryChannelPositions,0
[WARNING] [stderr] 2026-08-12T23:38:28.955-0600	INFO	ForkJoinPool-1-worker-1	stdout	operator_metric,nitro,tpcds-parquet-sf10,q22,0,3/TrinoNitroHashJoinOperator@2,nitroBoundaryPageIngressBytes,609960000
[WARNING] [stderr] 2026-08-12T23:38:28.955-0600	INFO	ForkJoinPool-1-worker-1	stdout	operator_metric,nitro,tpcds-parquet-sf10,q22,0,3/TrinoNitroHashJoinOperator@2,nitroBoundaryPageIngressPages,675
[WARNING] [stderr] 2026-08-12T23:38:28.955-0600	INFO	ForkJoinPool-1-worker-1	stdout	operator_metric,nitro,tpcds-parquet-sf10,q22,0,3/TrinoNitroHashJoinOperator@2,nitroBoundaryPageIngressPositions,26520000
[WARNING] [stderr] 2026-08-12T23:38:28.955-0600	INFO	ForkJoinPool-1-worker-1	stdout	operator_metric,nitro,tpcds-parquet-sf10,q22,0,6/TrinoNitroPipelineSourceOperator@3,nitroAllocatorAllocatedVectorBytes,10883616
[WARNING] [stderr] 2026-08-12T23:38:28.955-0600	INFO	ForkJoinPool-1-worker-1	stdout	operator_metric,nitro,tpcds-parquet-sf10,q22,0,6/TrinoNitroPipelineSourceOperator@3,nitroBoundaryNativeExchangePositions,102000
[WARNING] [stderr] 2026-08-12T23:38:28.955-0600	INFO	ForkJoinPool-1-worker-1	stdout	operator_metric,nitro,tpcds-parquet-sf10,q22,0,6/TrinoNitroPipelineSourceOperator@3,nitroAllocatorAllocatedBytes.trino-native-source-ingress,0
[WARNING] [stderr] 2026-08-12T23:38:28.955-0600	INFO	ForkJoinPool-1-worker-1	stdout	operator_metric,nitro,tpcds-parquet-sf10,q22,0,6/TrinoNitroPipelineSourceOperator@3,nitroAllocatorAllocatedBytes,10883616
[WARNING] [stderr] 2026-08-12T23:38:28.955-0600	INFO	ForkJoinPool-1-worker-1	stdout	operator_metric,nitro,tpcds-parquet-sf10,q22,0,6/TrinoNitroPipelineSourceOperator@3,nitroAllocatorAllocatedVectorBytes.I64Vector,816000
[WARNING] [stderr] 2026-08-12T23:38:28.955-0600	INFO	ForkJoinPool-1-worker-1	stdout	operator_metric,nitro,tpcds-parquet-sf10,q22,0,6/TrinoNitroPipelineSourceOperator@3,nitroBoundaryNativeExchangeBytes,9216606
[WARNING] [stderr] 2026-08-12T23:38:28.955-0600	INFO	ForkJoinPool-1-worker-1	stdout	operator_metric,nitro,tpcds-parquet-sf10,q22,0,6/TrinoNitroPipelineSourceOperator@3,nitroOperatorConstructionNanos,20239
[WARNING] [stderr] 2026-08-12T23:38:28.955-0600	INFO	ForkJoinPool-1-worker-1	stdout	operator_metric,nitro,tpcds-parquet-sf10,q22,0,6/TrinoNitroPipelineSourceOperator@3,nitroBoundaryNativeExchangeBatches,11
[WARNING] [stderr] 2026-08-12T23:38:28.955-0600	INFO	ForkJoinPool-1-worker-1	stdout	operator_metric,nitro,tpcds-parquet-sf10,q22,0,6/TrinoNitroPipelineSourceOperator@3,nitroAllocatorAllocatedVectorBytes.BinaryVector,8333616
[WARNING] [stderr] 2026-08-12T23:38:28.955-0600	INFO	ForkJoinPool-1-worker-1	stdout	operator_metric,nitro,tpcds-parquet-sf10,q22,0,6/TrinoNitroPipelineSourceOperator@3,nitroBoundaryNativeExchangeMaximumBatchBytes,2402894
[WARNING] [stderr] 2026-08-12T23:38:28.955-0600	INFO	ForkJoinPool-1-worker-1	stdout	operator_metric,nitro,tpcds-parquet-sf10,q22,0,6/TrinoNitroPipelineSourceOperator@3,nitroAllocatorAllocatedVectorBytes.I32Vector,1224000
[WARNING] [stderr] 2026-08-12T23:38:28.955-0600	INFO	ForkJoinPool-1-worker-1	stdout	operator_metric,nitro,tpcds-parquet-sf10,q22,0,6/TrinoNitroPipelineSourceOperator@3,nitroAllocatorAllocatedBytes.NitroParquetBatchSource,10883616
[WARNING] [stderr] 2026-08-12T23:38:28.955-0600	INFO	ForkJoinPool-1-worker-1	stdout	operator_metric,nitro,tpcds-parquet-sf10,q22,0,6/TrinoNitroPipelineSourceOperator@3,nitroAllocatorAllocatedVectorBytes.BooleanVector,510000
[WARNING] [stderr] 2026-08-12T23:38:28.955-0600	INFO	ForkJoinPool-1-worker-1	stdout	operator_metric,nitro,tpcds-parquet-sf10,q22,0,6/TrinoNitroPipelineSourceOperator@3,nitroNativeSourceCreationNanos,215799
[WARNING] [stderr] 2026-08-12T23:38:28.955-0600	INFO	ForkJoinPool-1-worker-1	stdout	operator_metric,nitro,tpcds-parquet-sf10,q22,0,6/PartitionedOutputOperator@3,nitroExchangeLowDictionaryReusePositions,0
[WARNING] [stderr] 2026-08-12T23:38:28.955-0600	INFO	ForkJoinPool-1-worker-1	stdout	operator_metric,nitro,tpcds-parquet-sf10,q22,0,6/PartitionedOutputOperator@3,nitroExchangeDictionaryUnsupportedPositions,0
[WARNING] [stderr] 2026-08-12T23:38:28.955-0600	INFO	ForkJoinPool-1-worker-1	stdout	operator_metric,nitro,tpcds-parquet-sf10,q22,0,6/PartitionedOutputOperator@3,nitroExchangeInputPositions,102000
[WARNING] [stderr] 2026-08-12T23:38:28.955-0600	INFO	ForkJoinPool-1-worker-1	stdout	operator_metric,nitro,tpcds-parquet-sf10,q22,0,6/PartitionedOutputOperator@3,nitroExchangeInputRunLengthChannelPositions,0
[WARNING] [stderr] 2026-08-12T23:38:28.955-0600	INFO	ForkJoinPool-1-worker-1	stdout	operator_metric,nitro,tpcds-parquet-sf10,q22,0,6/PartitionedOutputOperator@3,nitroExchangeInputPages,11
[WARNING] [stderr] 2026-08-12T23:38:28.955-0600	INFO	ForkJoinPool-1-worker-1	stdout	operator_metric,nitro,tpcds-parquet-sf10,q22,0,6/PartitionedOutputOperator@3,nitroExchangeInputDictionaryChannelPositions,0
[WARNING] [stderr] 2026-08-12T23:38:28.955-0600	INFO	ForkJoinPool-1-worker-1	stdout	operator_metric,nitro,tpcds-parquet-sf10,q22,0,6/PartitionedOutputOperator@3,nitroExchangeInputFlatChannelPositions,510000
[WARNING] [stderr] 2026-08-12T23:38:28.955-0600	INFO	ForkJoinPool-1-worker-1	stdout	operator_metric,nitro,tpcds-parquet-sf10,q22,0,6/PartitionedOutputOperator@3,nitroExchangeRunLengthUnsupportedPositions,0
[WARNING] [stderr] 2026-08-12T23:38:28.955-0600	INFO	ForkJoinPool-1-worker-1	stdout	operator_metric,nitro,tpcds-parquet-sf10,q22,0,6/PartitionedOutputOperator@3,nitroExchangePreservedPositions,0
[WARNING] [stderr] 2026-08-12T23:38:28.955-0600	INFO	ForkJoinPool-1-worker-1	stdout	operator_metric,nitro,tpcds-parquet-sf10,q22,0,6/PartitionedOutputOperator@3,nitroExchangeNoDictionaryPositions,102000
[WARNING] [stderr] 2026-08-12T23:38:28.955-0600	INFO	ForkJoinPool-1-worker-1	stdout	operator_metric,nitro,tpcds-parquet-sf10,q22,0,6/PartitionedOutputOperator@3,nitroExchangeSmallPagePositions,0
[WARNING] [stderr] 2026-08-12T23:38:28.955-0600	INFO	ForkJoinPool-1-worker-1	stdout	operator_metric,nitro,tpcds-parquet-sf10,q22,0,4/TrinoNitroPipelineSourceOperator@649,nitroAllocatorAllocatedBytes,2445360000
[WARNING] [stderr] 2026-08-12T23:38:28.955-0600	INFO	ForkJoinPool-1-worker-1	stdout	operator_metric,nitro,tpcds-parquet-sf10,q22,0,4/TrinoNitroPipelineSourceOperator@649,nitroBoundaryNativeExchangeMaximumBatchBytes,5520000
[WARNING] [stderr] 2026-08-12T23:38:28.955-0600	INFO	ForkJoinPool-1-worker-1	stdout	operator_metric,nitro,tpcds-parquet-sf10,q22,0,4/TrinoNitroPipelineSourceOperator@649,nitroOperatorConstructionNanos,546787
[WARNING] [stderr] 2026-08-12T23:38:28.955-0600	INFO	ForkJoinPool-1-worker-1	stdout	operator_metric,nitro,tpcds-parquet-sf10,q22,0,4/TrinoNitroPipelineSourceOperator@649,nitroBoundaryNativeExchangeBytes,2445360000
[WARNING] [stderr] 2026-08-12T23:38:28.955-0600	INFO	ForkJoinPool-1-worker-1	stdout	operator_metric,nitro,tpcds-parquet-sf10,q22,0,4/TrinoNitroPipelineSourceOperator@649,nitroBoundaryNativeExchangePositions,26520000
[WARNING] [stderr] 2026-08-12T23:38:28.955-0600	INFO	ForkJoinPool-1-worker-1	stdout	operator_metric,nitro,tpcds-parquet-sf10,q22,0,4/TrinoNitroPipelineSourceOperator@649,nitroAllocatorAllocatedBytes.NitroParquetBatchSource,2445360000
[WARNING] [stderr] 2026-08-12T23:38:28.956-0600	INFO	ForkJoinPool-1-worker-1	stdout	operator_metric,nitro,tpcds-parquet-sf10,q22,0,4/TrinoNitroPipelineSourceOperator@649,nitroAllocatorAllocatedVectorBytes.I32Vector,425280000
[WARNING] [stderr] 2026-08-12T23:38:28.956-0600	INFO	ForkJoinPool-1-worker-1	stdout	operator_metric,nitro,tpcds-parquet-sf10,q22,0,4/TrinoNitroPipelineSourceOperator@649,nitroAllocatorAllocatedVectorBytes,2445360000
[WARNING] [stderr] 2026-08-12T23:38:28.956-0600	INFO	ForkJoinPool-1-worker-1	stdout	operator_metric,nitro,tpcds-parquet-sf10,q22,0,4/TrinoNitroPipelineSourceOperator@649,nitroAllocatorAllocatedBytes.trino-native-source-ingress,0
[WARNING] [stderr] 2026-08-12T23:38:28.956-0600	INFO	ForkJoinPool-1-worker-1	stdout	operator_metric,nitro,tpcds-parquet-sf10,q22,0,4/TrinoNitroPipelineSourceOperator@649,nitroBoundaryNativeExchangeBatches,2658
[WARNING] [stderr] 2026-08-12T23:38:28.956-0600	INFO	ForkJoinPool-1-worker-1	stdout	operator_metric,nitro,tpcds-parquet-sf10,q22,0,4/TrinoNitroPipelineSourceOperator@649,nitroAllocatorAllocatedVectorBytes.BooleanVector,318960000
[WARNING] [stderr] 2026-08-12T23:38:28.956-0600	INFO	ForkJoinPool-1-worker-1	stdout	operator_metric,nitro,tpcds-parquet-sf10,q22,0,4/TrinoNitroPipelineSourceOperator@649,nitroNativeSourceCreationNanos,457656
[WARNING] [stderr] 2026-08-12T23:38:28.956-0600	INFO	ForkJoinPool-1-worker-1	stdout	operator_metric,nitro,tpcds-parquet-sf10,q22,0,4/TrinoNitroPipelineSourceOperator@649,nitroAllocatorAllocatedVectorBytes.I64Vector,1701120000
[WARNING] [stderr] 2026-08-12T23:38:28.956-0600	INFO	ForkJoinPool-1-worker-1	stdout	operator_metric,nitro,tpcds-parquet-sf10,q22,0,4/PartitionedOutputOperator@649,nitroExchangeLowDictionaryReusePositions,0
[WARNING] [stderr] 2026-08-12T23:38:28.956-0600	INFO	ForkJoinPool-1-worker-1	stdout	operator_metric,nitro,tpcds-parquet-sf10,q22,0,4/PartitionedOutputOperator@649,nitroExchangeDictionaryUnsupportedPositions,0
[WARNING] [stderr] 2026-08-12T23:38:28.956-0600	INFO	ForkJoinPool-1-worker-1	stdout	operator_metric,nitro,tpcds-parquet-sf10,q22,0,4/PartitionedOutputOperator@649,nitroExchangeInputPositions,26520000
[WARNING] [stderr] 2026-08-12T23:38:28.956-0600	INFO	ForkJoinPool-1-worker-1	stdout	operator_metric,nitro,tpcds-parquet-sf10,q22,0,4/PartitionedOutputOperator@649,nitroExchangeInputRunLengthChannelPositions,0
[WARNING] [stderr] 2026-08-12T23:38:28.956-0600	INFO	ForkJoinPool-1-worker-1	stdout	operator_metric,nitro,tpcds-parquet-sf10,q22,0,4/PartitionedOutputOperator@649,nitroExchangeInputPages,2658
[WARNING] [stderr] 2026-08-12T23:38:28.956-0600	INFO	ForkJoinPool-1-worker-1	stdout	operator_metric,nitro,tpcds-parquet-sf10,q22,0,4/PartitionedOutputOperator@649,nitroExchangeInputDictionaryChannelPositions,0
[WARNING] [stderr] 2026-08-12T23:38:28.956-0600	INFO	ForkJoinPool-1-worker-1	stdout	operator_metric,nitro,tpcds-parquet-sf10,q22,0,4/PartitionedOutputOperator@649,nitroExchangeInputFlatChannelPositions,79560000
[WARNING] [stderr] 2026-08-12T23:38:28.956-0600	INFO	ForkJoinPool-1-worker-1	stdout	operator_metric,nitro,tpcds-parquet-sf10,q22,0,4/PartitionedOutputOperator@649,nitroExchangeRunLengthUnsupportedPositions,0
[WARNING] [stderr] 2026-08-12T23:38:28.956-0600	INFO	ForkJoinPool-1-worker-1	stdout	operator_metric,nitro,tpcds-parquet-sf10,q22,0,4/PartitionedOutputOperator@649,nitroExchangePreservedPositions,0
[WARNING] [stderr] 2026-08-12T23:38:28.956-0600	INFO	ForkJoinPool-1-worker-1	stdout	operator_metric,nitro,tpcds-parquet-sf10,q22,0,4/PartitionedOutputOperator@649,nitroExchangeNoDictionaryPositions,26520000
[WARNING] [stderr] 2026-08-12T23:38:28.956-0600	INFO	ForkJoinPool-1-worker-1	stdout	operator_metric,nitro,tpcds-parquet-sf10,q22,0,4/PartitionedOutputOperator@649,nitroExchangeSmallPagePositions,0
[WARNING] [stderr] 2026-08-12T23:38:28.956-0600	INFO	ForkJoinPool-1-worker-1	stdout	operator_metric,nitro,tpcds-parquet-sf10,q22,0,5/TrinoNitroPipelineSourceOperator@286,nitroProjectionDictionaryFlatteningPositions,0
[WARNING] [stderr] 2026-08-12T23:38:28.956-0600	INFO	ForkJoinPool-1-worker-1	stdout	operator_metric,nitro,tpcds-parquet-sf10,q22,0,5/TrinoNitroPipelineSourceOperator@286,nitroProjectionOtherInputPositions,0
[WARNING] [stderr] 2026-08-12T23:38:28.956-0600	INFO	ForkJoinPool-1-worker-1	stdout	operator_metric,nitro,tpcds-parquet-sf10,q22,0,5/TrinoNitroPipelineSourceOperator@286,nitroFilterPrimitiveMaskSuccesses,0
[WARNING] [stderr] 2026-08-12T23:38:28.956-0600	INFO	ForkJoinPool-1-worker-1	stdout	operator_metric,nitro,tpcds-parquet-sf10,q22,0,5/TrinoNitroPipelineSourceOperator@286,nitroProjectionGeneratedSelectedPositions,0
[WARNING] [stderr] 2026-08-12T23:38:28.956-0600	INFO	ForkJoinPool-1-worker-1	stdout	operator_metric,nitro,tpcds-parquet-sf10,q22,0,5/TrinoNitroPipelineSourceOperator@286,nitroProjectionPlannedAssignments,0
[WARNING] [stderr] 2026-08-12T23:38:28.956-0600	INFO	ForkJoinPool-1-worker-1	stdout	operator_metric,nitro,tpcds-parquet-sf10,q22,0,5/TrinoNitroPipelineSourceOperator@286,nitroProjectionGeneratedAttempts,0
[WARNING] [stderr] 2026-08-12T23:38:28.956-0600	INFO	ForkJoinPool-1-worker-1	stdout	operator_metric,nitro,tpcds-parquet-sf10,q22,0,5/TrinoNitroPipelineSourceOperator@286,nitroFilterPrimitiveMaskAttempts,0
[WARNING] [stderr] 2026-08-12T23:38:28.956-0600	INFO	ForkJoinPool-1-worker-1	stdout	operator_metric,nitro,tpcds-parquet-sf10,q22,0,5/TrinoNitroPipelineSourceOperator@286,nitroProjectionFlatInputPositions,0
[WARNING] [stderr] 2026-08-12T23:38:28.956-0600	INFO	ForkJoinPool-1-worker-1	stdout	operator_metric,nitro,tpcds-parquet-sf10,q22,0,5/TrinoNitroPipelineSourceOperator@286,nitroFilterPlannedSourceMaskOptimizations,0
[WARNING] [stderr] 2026-08-12T23:38:28.956-0600	INFO	ForkJoinPool-1-worker-1	stdout	operator_metric,nitro,tpcds-parquet-sf10,q22,0,5/TrinoNitroPipelineSourceOperator@286,nitroAllocatorAllocatedBytes,560000
[WARNING] [stderr] 2026-08-12T23:38:28.956-0600	INFO	ForkJoinPool-1-worker-1	stdout	operator_metric,nitro,tpcds-parquet-sf10,q22,0,5/TrinoNitroPipelineSourceOperator@286,nitroProjectionGeneratedErrorFallbacks,0
[WARNING] [stderr] 2026-08-12T23:38:28.956-0600	INFO	ForkJoinPool-1-worker-1	stdout	operator_metric,nitro,tpcds-parquet-sf10,q22,0,5/TrinoNitroPipelineSourceOperator@286,nitroFilterCompiledMaskFallbacks,0
[WARNING] [stderr] 2026-08-12T23:38:28.956-0600	INFO	ForkJoinPool-1-worker-1	stdout	operator_metric,nitro,tpcds-parquet-sf10,q22,0,5/TrinoNitroPipelineSourceOperator@286,nitroFilterMaterializedMaskFallbacks,0
[WARNING] [stderr] 2026-08-12T23:38:28.956-0600	INFO	ForkJoinPool-1-worker-1	stdout	operator_metric,nitro,tpcds-parquet-sf10,q22,0,5/TrinoNitroPipelineSourceOperator@286,nitroBoundaryNativeExchangeBytes,360000
[WARNING] [stderr] 2026-08-12T23:38:28.956-0600	INFO	ForkJoinPool-1-worker-1	stdout	operator_metric,nitro,tpcds-parquet-sf10,q22,0,5/TrinoNitroPipelineSourceOperator@286,nitroProjectionIntegerWideningPositions,0
[WARNING] [stderr] 2026-08-12T23:38:28.956-0600	INFO	ForkJoinPool-1-worker-1	stdout	operator_metric,nitro,tpcds-parquet-sf10,q22,0,5/TrinoNitroPipelineSourceOperator@286,nitroFilterPrimitiveMaskFallbacks,0
[WARNING] [stderr] 2026-08-12T23:38:28.956-0600	INFO	ForkJoinPool-1-worker-1	stdout	operator_metric,nitro,tpcds-parquet-sf10,q22,0,5/TrinoNitroPipelineSourceOperator@286,nitroFilterCompiledMaskSuccesses,0
[WARNING] [stderr] 2026-08-12T23:38:28.956-0600	INFO	ForkJoinPool-1-worker-1	stdout	operator_metric,nitro,tpcds-parquet-sf10,q22,0,5/TrinoNitroPipelineSourceOperator@286,nitroAllocatorAllocatedBytes.ProjectOperator,0
[WARNING] [stderr] 2026-08-12T23:38:28.956-0600	INFO	ForkJoinPool-1-worker-1	stdout	operator_metric,nitro,tpcds-parquet-sf10,q22,0,5/TrinoNitroPipelineSourceOperator@286,nitroAllocatorAllocatedBytes.FilterOperator,0
[WARNING] [stderr] 2026-08-12T23:38:28.956-0600	INFO	ForkJoinPool-1-worker-1	stdout	operator_metric,nitro,tpcds-parquet-sf10,q22,0,5/TrinoNitroPipelineSourceOperator@286,nitroBoundaryNativeExchangePositions,366
[WARNING] [stderr] 2026-08-12T23:38:28.956-0600	INFO	ForkJoinPool-1-worker-1	stdout	operator_metric,nitro,tpcds-parquet-sf10,q22,0,5/TrinoNitroPipelineSourceOperator@286,nitroAllocatorAllocatedVectorBytes.BooleanVector,80000
[WARNING] [stderr] 2026-08-12T23:38:28.956-0600	INFO	ForkJoinPool-1-worker-1	stdout	operator_metric,nitro,tpcds-parquet-sf10,q22,0,5/TrinoNitroPipelineSourceOperator@286,nitroFilterInputPositions,366
[WARNING] [stderr] 2026-08-12T23:38:28.956-0600	INFO	ForkJoinPool-1-worker-1	stdout	operator_metric,nitro,tpcds-parquet-sf10,q22,0,5/TrinoNitroPipelineSourceOperator@286,nitroBoundaryNativeExchangeMaximumBatchBytes,360000
[WARNING] [stderr] 2026-08-12T23:38:28.956-0600	INFO	ForkJoinPool-1-worker-1	stdout	operator_metric,nitro,tpcds-parquet-sf10,q22,0,5/TrinoNitroPipelineSourceOperator@286,nitroAllocatorAllocatedVectorBytes.I32Vector,160000
[WARNING] [stderr] 2026-08-12T23:38:28.956-0600	INFO	ForkJoinPool-1-worker-1	stdout	operator_metric,nitro,tpcds-parquet-sf10,q22,0,5/TrinoNitroPipelineSourceOperator@286,nitroOperatorConstructionNanos,232020
[WARNING] [stderr] 2026-08-12T23:38:28.956-0600	INFO	ForkJoinPool-1-worker-1	stdout	operator_metric,nitro,tpcds-parquet-sf10,q22,0,5/TrinoNitroPipelineSourceOperator@286,nitroProjectionGeneratedLayoutFallbacks,0
[WARNING] [stderr] 2026-08-12T23:38:28.956-0600	INFO	ForkJoinPool-1-worker-1	stdout	operator_metric,nitro,tpcds-parquet-sf10,q22,0,5/TrinoNitroPipelineSourceOperator@286,nitroProjectionPlannedComputedOutputs,0
[WARNING] [stderr] 2026-08-12T23:38:28.956-0600	INFO	ForkJoinPool-1-worker-1	stdout	operator_metric,nitro,tpcds-parquet-sf10,q22,0,5/TrinoNitroPipelineSourceOperator@286,nitroProjectionGeneratedKernels,0
[WARNING] [stderr] 2026-08-12T23:38:28.956-0600	INFO	ForkJoinPool-1-worker-1	stdout	operator_metric,nitro,tpcds-parquet-sf10,q22,0,5/TrinoNitroPipelineSourceOperator@286,nitroFilterPlannedCompiledMasks,0
[WARNING] [stderr] 2026-08-12T23:38:28.956-0600	INFO	ForkJoinPool-1-worker-1	stdout	operator_metric,nitro,tpcds-parquet-sf10,q22,0,5/TrinoNitroPipelineSourceOperator@286,nitroFilterPlannedAssignments,5
[WARNING] [stderr] 2026-08-12T23:38:28.956-0600	INFO	ForkJoinPool-1-worker-1	stdout	operator_metric,nitro,tpcds-parquet-sf10,q22,0,5/TrinoNitroPipelineSourceOperator@286,nitroAllocatorAllocatedVectorBytes.I64Vector,320000
[WARNING] [stderr] 2026-08-12T23:38:28.956-0600	INFO	ForkJoinPool-1-worker-1	stdout	operator_metric,nitro,tpcds-parquet-sf10,q22,0,5/TrinoNitroPipelineSourceOperator@286,nitroProjectionDictionaryInputPositions,0
[WARNING] [stderr] 2026-08-12T23:38:28.956-0600	INFO	ForkJoinPool-1-worker-1	stdout	operator_metric,nitro,tpcds-parquet-sf10,q22,0,5/TrinoNitroPipelineSourceOperator@286,nitroFilterSourceMaskSuccesses,0
[WARNING] [stderr] 2026-08-12T23:38:28.956-0600	INFO	ForkJoinPool-1-worker-1	stdout	operator_metric,nitro,tpcds-parquet-sf10,q22,0,5/TrinoNitroPipelineSourceOperator@286,nitroFilterCompiledMaskAttempts,0
[WARNING] [stderr] 2026-08-12T23:38:28.956-0600	INFO	ForkJoinPool-1-worker-1	stdout	operator_metric,nitro,tpcds-parquet-sf10,q22,0,5/TrinoNitroPipelineSourceOperator@286,nitroFilterOutputPositions,366
[WARNING] [stderr] 2026-08-12T23:38:28.956-0600	INFO	ForkJoinPool-1-worker-1	stdout	operator_metric,nitro,tpcds-parquet-sf10,q22,0,5/TrinoNitroPipelineSourceOperator@286,nitroProjectionRunLengthInputPositions,0
[WARNING] [stderr] 2026-08-12T23:38:28.956-0600	INFO	ForkJoinPool-1-worker-1	stdout	operator_metric,nitro,tpcds-parquet-sf10,q22,0,5/TrinoNitroPipelineSourceOperator@286,nitroProjectionGeneratedSuccesses,0
[WARNING] [stderr] 2026-08-12T23:38:28.956-0600	INFO	ForkJoinPool-1-worker-1	stdout	operator_metric,nitro,tpcds-parquet-sf10,q22,0,5/TrinoNitroPipelineSourceOperator@286,nitroAllocatorAllocatedBytes.NitroParquetBatchSource,560000
[WARNING] [stderr] 2026-08-12T23:38:28.956-0600	INFO	ForkJoinPool-1-worker-1	stdout	operator_metric,nitro,tpcds-parquet-sf10,q22,0,5/TrinoNitroPipelineSourceOperator@286,nitroFilterDirectPreboundMaskSuccesses,0
[WARNING] [stderr] 2026-08-12T23:38:28.956-0600	INFO	ForkJoinPool-1-worker-1	stdout	operator_metric,nitro,tpcds-parquet-sf10,q22,0,5/TrinoNitroPipelineSourceOperator@286,nitroProjectionOtherNullExpansionPositions,0
[WARNING] [stderr] 2026-08-12T23:38:28.956-0600	INFO	ForkJoinPool-1-worker-1	stdout	operator_metric,nitro,tpcds-parquet-sf10,q22,0,5/TrinoNitroPipelineSourceOperator@286,nitroNativeSourceCreationNanos,139094
[WARNING] [stderr] 2026-08-12T23:38:28.956-0600	INFO	ForkJoinPool-1-worker-1	stdout	operator_metric,nitro,tpcds-parquet-sf10,q22,0,5/TrinoNitroPipelineSourceOperator@286,nitroBoundaryNativeExchangeBatches,1
[WARNING] [stderr] 2026-08-12T23:38:28.956-0600	INFO	ForkJoinPool-1-worker-1	stdout	operator_metric,nitro,tpcds-parquet-sf10,q22,0,5/TrinoNitroPipelineSourceOperator@286,nitroFilterPlannedPreboundMasks,0
[WARNING] [stderr] 2026-08-12T23:38:28.956-0600	INFO	ForkJoinPool-1-worker-1	stdout	operator_metric,nitro,tpcds-parquet-sf10,q22,0,5/TrinoNitroPipelineSourceOperator@286,nitroAllocatorAllocatedBytes.trino-native-source-ingress,0
[WARNING] [stderr] 2026-08-12T23:38:28.956-0600	INFO	ForkJoinPool-1-worker-1	stdout	operator_metric,nitro,tpcds-parquet-sf10,q22,0,5/TrinoNitroPipelineSourceOperator@286,nitroProjectionDictionaryNullExpansionPositions,0
[WARNING] [stderr] 2026-08-12T23:38:28.956-0600	INFO	ForkJoinPool-1-worker-1	stdout	operator_metric,nitro,tpcds-parquet-sf10,q22,0,5/TrinoNitroPipelineSourceOperator@286,nitroAllocatorAllocatedVectorBytes,560000
[WARNING] [stderr] 2026-08-12T23:38:28.956-0600	INFO	ForkJoinPool-1-worker-1	stdout	operator_metric,nitro,tpcds-parquet-sf10,q22,0,5/TrinoNitroPipelineSourceOperator@286,nitroProjectionGeneratedOutputs,0
[WARNING] [stderr] 2026-08-12T23:38:28.956-0600	INFO	ForkJoinPool-1-worker-1	stdout	operator_metric,nitro,tpcds-parquet-sf10,q22,0,5/PartitionedOutputOperator@286,nitroExchangeLowDictionaryReusePositions,0
[WARNING] [stderr] 2026-08-12T23:38:28.956-0600	INFO	ForkJoinPool-1-worker-1	stdout	operator_metric,nitro,tpcds-parquet-sf10,q22,0,5/PartitionedOutputOperator@286,nitroExchangeDictionaryUnsupportedPositions,0
[WARNING] [stderr] 2026-08-12T23:38:28.956-0600	INFO	ForkJoinPool-1-worker-1	stdout	operator_metric,nitro,tpcds-parquet-sf10,q22,0,5/PartitionedOutputOperator@286,nitroExchangeInputPositions,366
[WARNING] [stderr] 2026-08-12T23:38:28.956-0600	INFO	ForkJoinPool-1-worker-1	stdout	operator_metric,nitro,tpcds-parquet-sf10,q22,0,5/PartitionedOutputOperator@286,nitroExchangeInputRunLengthChannelPositions,0
[WARNING] [stderr] 2026-08-12T23:38:28.956-0600	INFO	ForkJoinPool-1-worker-1	stdout	operator_metric,nitro,tpcds-parquet-sf10,q22,0,5/PartitionedOutputOperator@286,nitroExchangeInputPages,1
[WARNING] [stderr] 2026-08-12T23:38:28.956-0600	INFO	ForkJoinPool-1-worker-1	stdout	operator_metric,nitro,tpcds-parquet-sf10,q22,0,5/PartitionedOutputOperator@286,nitroExchangeInputDictionaryChannelPositions,0
[WARNING] [stderr] 2026-08-12T23:38:28.956-0600	INFO	ForkJoinPool-1-worker-1	stdout	operator_metric,nitro,tpcds-parquet-sf10,q22,0,5/PartitionedOutputOperator@286,nitroExchangeInputFlatChannelPositions,366
[WARNING] [stderr] 2026-08-12T23:38:28.956-0600	INFO	ForkJoinPool-1-worker-1	stdout	operator_metric,nitro,tpcds-parquet-sf10,q22,0,5/PartitionedOutputOperator@286,nitroExchangeRunLengthUnsupportedPositions,0
[WARNING] [stderr] 2026-08-12T23:38:28.956-0600	INFO	ForkJoinPool-1-worker-1	stdout	operator_metric,nitro,tpcds-parquet-sf10,q22,0,5/PartitionedOutputOperator@286,nitroExchangePreservedPositions,0
[WARNING] [stderr] 2026-08-12T23:38:28.956-0600	INFO	ForkJoinPool-1-worker-1	stdout	operator_metric,nitro,tpcds-parquet-sf10,q22,0,5/PartitionedOutputOperator@286,nitroExchangeNoDictionaryPositions,366
[WARNING] [stderr] 2026-08-12T23:38:28.956-0600	INFO	ForkJoinPool-1-worker-1	stdout	operator_metric,nitro,tpcds-parquet-sf10,q22,0,5/PartitionedOutputOperator@286,nitroExchangeSmallPagePositions,0
[WARNING] [stderr] 2026-08-12T23:38:33.914-0600	INFO	ForkJoinPool-1-worker-1	stdout	operator_cpu,nitro,tpcds-parquet-sf10,q22,1,0/ExchangeOperator@569,1,0.000,0.036,0.000,0,200,200,4930.000,0.006,0.000
[WARNING] [stderr] 2026-08-12T23:38:33.914-0600	INFO	ForkJoinPool-1-worker-1	stdout	operator_cpu,nitro,tpcds-parquet-sf10,q22,1,0/LocalExchangeSourceOperator@740,1,0.000,0.007,0.000,0,200,200,4930.000,0.000,0.000
[WARNING] [stderr] 2026-08-12T23:38:33.914-0600	INFO	ForkJoinPool-1-worker-1	stdout	operator_cpu,nitro,tpcds-parquet-sf10,q22,1,0/TaskOutputOperator@18,1,0.030,0.000,0.001,0,100,100,0.000,0.000,0.000
[WARNING] [stderr] 2026-08-12T23:38:33.914-0600	INFO	ForkJoinPool-1-worker-1	stdout	operator_cpu,nitro,tpcds-parquet-sf10,q22,1,0/LocalExchangeSinkOperator@740,1,0.011,0.000,0.009,0,200,200,0.000,0.000,0.000
[WARNING] [stderr] 2026-08-12T23:38:33.914-0600	INFO	ForkJoinPool-1-worker-1	stdout	operator_cpu,nitro,tpcds-parquet-sf10,q22,1,0/TopNOperator@492,1,0.001,0.121,0.014,0,200,100,0.000,0.094,0.000
[WARNING] [stderr] 2026-08-12T23:38:33.914-0600	INFO	ForkJoinPool-1-worker-1	stdout	operator_cpu,nitro,tpcds-parquet-sf10,q22,1,1/ExchangeOperator@814,2,0.000,1.259,0.000,0,203770,203770,9820.000,1.212,0.000
[WARNING] [stderr] 2026-08-12T23:38:33.914-0600	INFO	ForkJoinPool-1-worker-1	stdout	operator_cpu,nitro,tpcds-parquet-sf10,q22,1,1/LocalExchangeSourceOperator@808,2,0.000,0.065,0.000,0,203770,203770,9800.000,0.000,0.000
[WARNING] [stderr] 2026-08-12T23:38:33.914-0600	INFO	ForkJoinPool-1-worker-1	stdout	operator_cpu,nitro,tpcds-parquet-sf10,q22,1,1/LocalExchangeSourceOperator@766,2,0.000,0.007,0.000,0,200,200,9840.000,0.000,0.000
[WARNING] [stderr] 2026-08-12T23:38:33.914-0600	INFO	ForkJoinPool-1-worker-1	stdout	operator_cpu,nitro,tpcds-parquet-sf10,q22,1,1/TaskOutputOperator@767,2,0.091,0.000,0.002,0,200,200,0.000,0.000,0.000
[WARNING] [stderr] 2026-08-12T23:38:33.914-0600	INFO	ForkJoinPool-1-worker-1	stdout	operator_cpu,nitro,tpcds-parquet-sf10,q22,1,1/TopNOperator@767,2,0.002,0.173,0.022,0,200,200,0.000,0.090,0.000
[WARNING] [stderr] 2026-08-12T23:38:33.914-0600	INFO	ForkJoinPool-1-worker-1	stdout	operator_cpu,nitro,tpcds-parquet-sf10,q22,1,1/LocalExchangeSourceOperator@768,2,0.000,0.013,0.000,0,200,200,9840.000,0.000,0.000
[WARNING] [stderr] 2026-08-12T23:38:33.914-0600	INFO	ForkJoinPool-1-worker-1	stdout	operator_cpu,nitro,tpcds-parquet-sf10,q22,1,1/LocalExchangeSinkOperator@768,2,0.015,0.000,0.005,0,200,200,0.000,0.000,0.000
[WARNING] [stderr] 2026-08-12T23:38:33.914-0600	INFO	ForkJoinPool-1-worker-1	stdout	operator_cpu,nitro,tpcds-parquet-sf10,q22,1,1/TopNOperator@765,2,0.002,0.176,0.024,0,200,200,0.000,0.090,0.000
[WARNING] [stderr] 2026-08-12T23:38:33.914-0600	INFO	ForkJoinPool-1-worker-1	stdout	operator_cpu,nitro,tpcds-parquet-sf10,q22,1,1/LocalExchangeSinkOperator@766,2,0.017,0.000,0.013,0,200,200,0.000,0.000,0.000
[WARNING] [stderr] 2026-08-12T23:38:33.914-0600	INFO	ForkJoinPool-1-worker-1	stdout	operator_cpu,nitro,tpcds-parquet-sf10,q22,1,1/TopNOperator@491,2,0.009,3.240,0.119,0,203751,200,0.000,0.094,0.000
[WARNING] [stderr] 2026-08-12T23:38:33.914-0600	INFO	ForkJoinPool-1-worker-1	stdout	operator_cpu,nitro,tpcds-parquet-sf10,q22,1,1/LocalExchangeSinkOperator@808,2,7.140,0.000,0.018,0,203770,203770,0.000,0.000,0.000
[WARNING] [stderr] 2026-08-12T23:38:33.914-0600	INFO	ForkJoinPool-1-worker-1	stdout	operator_cpu,nitro,tpcds-parquet-sf10,q22,1,1/TrinoNitroAggregationOperator@9,2,25.920,16.150,0.034,0,203770,203751,0.000,25.583,0.000
[WARNING] [stderr] 2026-08-12T23:38:33.914-0600	INFO	ForkJoinPool-1-worker-1	stdout	operator_cpu,nitro,tpcds-parquet-sf10,q22,1,2/ExchangeOperator@567,2,0.000,0.605,0.000,0,102000,102000,30.240,1.071,0.000
[WARNING] [stderr] 2026-08-12T23:38:33.914-0600	INFO	ForkJoinPool-1-worker-1	stdout	operator_cpu,nitro,tpcds-parquet-sf10,q22,1,2/LocalExchangeSourceOperator@738,2,0.000,0.024,0.000,0,102000,102000,29.130,0.000,0.000
[WARNING] [stderr] 2026-08-12T23:38:33.914-0600	INFO	ForkJoinPool-1-worker-1	stdout	operator_cpu,nitro,tpcds-parquet-sf10,q22,1,2/ExchangeOperator@566,2,0.000,19.980,0.000,0,26520000,26520000,98.590,20.326,0.000
[WARNING] [stderr] 2026-08-12T23:38:33.914-0600	INFO	ForkJoinPool-1-worker-1	stdout	operator_cpu,nitro,tpcds-parquet-sf10,q22,1,2/PartitionedOutputOperator@812,2,13.210,0.000,0.139,0,203770,203770,0.000,0.000,0.000
[WARNING] [stderr] 2026-08-12T23:38:33.914-0600	INFO	ForkJoinPool-1-worker-1	stdout	operator_cpu,nitro,tpcds-parquet-sf10,q22,1,2/TrinoNitroAggregationOperator@812,2,2.710,9070.000,1.378,0,26520000,203770,0.000,19.789,0.000
[WARNING] [stderr] 2026-08-12T23:38:33.914-0600	INFO	ForkJoinPool-1-worker-1	stdout	operator_cpu,nitro,tpcds-parquet-sf10,q22,1,2/TrinoNitroHashJoinOperator@4,2,3.020,334.100,0.097,0,26520000,26520000,35.410,8.232,0.000
[WARNING] [stderr] 2026-08-12T23:38:33.914-0600	INFO	ForkJoinPool-1-worker-1	stdout	operator_cpu,nitro,tpcds-parquet-sf10,q22,1,2/TrinoNitroHashBuildOperator@4,2,0.708,0.000,6.330,0,102000,0,9560.000,12.089,0.000
[WARNING] [stderr] 2026-08-12T23:38:33.914-0600	INFO	ForkJoinPool-1-worker-1	stdout	operator_cpu,nitro,tpcds-parquet-sf10,q22,1,2/LocalExchangeSinkOperator@738,2,0.071,0.000,0.034,0,102000,102000,0.000,0.000,0.000
[WARNING] [stderr] 2026-08-12T23:38:33.914-0600	INFO	ForkJoinPool-1-worker-1	stdout	operator_cpu,nitro,tpcds-parquet-sf10,q22,1,2/DynamicFilterSourceOperator@4,2,1.259,0.036,0.039,0,102000,102000,0.000,0.141,0.000
[WARNING] [stderr] 2026-08-12T23:38:33.914-0600	INFO	ForkJoinPool-1-worker-1	stdout	operator_cpu,nitro,tpcds-parquet-sf10,q22,1,3/ExchangeOperator@565,2,0.000,0.028,0.000,0,366,366,12.060,0.002,0.000
[WARNING] [stderr] 2026-08-12T23:38:33.914-0600	INFO	ForkJoinPool-1-worker-1	stdout	operator_cpu,nitro,tpcds-parquet-sf10,q22,1,3/LocalExchangeSourceOperator@737,2,0.000,0.007,0.000,0,366,366,10.430,0.000,0.000
[WARNING] [stderr] 2026-08-12T23:38:33.914-0600	INFO	ForkJoinPool-1-worker-1	stdout	operator_cpu,nitro,tpcds-parquet-sf10,q22,1,3/ExchangeOperator@564,2,0.000,41.610,0.000,0,26520000,26520000,712.300,16.784,0.000
[WARNING] [stderr] 2026-08-12T23:38:33.914-0600	INFO	ForkJoinPool-1-worker-1	stdout	operator_cpu,nitro,tpcds-parquet-sf10,q22,1,3/PartitionedOutputOperator@2,2,181.440,0.000,0.372,0,26520000,26520000,6210.000,0.000,0.000
[WARNING] [stderr] 2026-08-12T23:38:33.915-0600	INFO	ForkJoinPool-1-worker-1	stdout	operator_cpu,nitro,tpcds-parquet-sf10,q22,1,3/TrinoNitroHashJoinOperator@2,2,2.630,294.180,0.078,0,26520000,26520000,12.780,29.673,0.000
[WARNING] [stderr] 2026-08-12T23:38:33.915-0600	INFO	ForkJoinPool-1-worker-1	stdout	operator_cpu,nitro,tpcds-parquet-sf10,q22,1,3/TrinoNitroHashBuildOperator@2,2,0.031,0.000,1.805,0,366,0,7540.000,16.613,0.000
[WARNING] [stderr] 2026-08-12T23:38:33.915-0600	INFO	ForkJoinPool-1-worker-1	stdout	operator_cpu,nitro,tpcds-parquet-sf10,q22,1,3/LocalExchangeSinkOperator@737,2,0.013,0.000,0.023,0,366,366,0.000,0.000,0.000
[WARNING] [stderr] 2026-08-12T23:38:33.915-0600	INFO	ForkJoinPool-1-worker-1	stdout	operator_cpu,nitro,tpcds-parquet-sf10,q22,1,3/DynamicFilterSourceOperator@2,2,0.020,0.013,0.274,0,366,366,0.000,0.002,0.000
[WARNING] [stderr] 2026-08-12T23:38:33.915-0600	INFO	ForkJoinPool-1-worker-1	stdout	operator_cpu,nitro,tpcds-parquet-sf10,q22,1,6/TrinoNitroPipelineSourceOperator@3,1,0.000,3.660,0.000,102000,102000,102000,0.000,2.277,0.000
[WARNING] [stderr] 2026-08-12T23:38:33.915-0600	INFO	ForkJoinPool-1-worker-1	stdout	operator_cpu,nitro,tpcds-parquet-sf10,q22,1,6/PartitionedOutputOperator@3,1,7.570,0.000,0.104,0,102000,102000,0.000,0.000,0.000
[WARNING] [stderr] 2026-08-12T23:38:33.915-0600	INFO	ForkJoinPool-1-worker-1	stdout	operator_cpu,nitro,tpcds-parquet-sf10,q22,1,4/TrinoNitroPipelineSourceOperator@649,6,0.000,809.130,0.000,133110000,26520000,26520000,71.520,0.877,0.000
[WARNING] [stderr] 2026-08-12T23:38:33.915-0600	INFO	ForkJoinPool-1-worker-1	stdout	operator_cpu,nitro,tpcds-parquet-sf10,q22,1,4/PartitionedOutputOperator@649,6,272.930,0.000,0.587,0,26520000,26520000,9830.000,0.000,0.000
[WARNING] [stderr] 2026-08-12T23:38:33.915-0600	INFO	ForkJoinPool-1-worker-1	stdout	operator_cpu,nitro,tpcds-parquet-sf10,q22,1,5/TrinoNitroPipelineSourceOperator@286,1,0.000,1.120,0.000,73049,366,366,0.000,0.534,0.000
[WARNING] [stderr] 2026-08-12T23:38:33.915-0600	INFO	ForkJoinPool-1-worker-1	stdout	operator_cpu,nitro,tpcds-parquet-sf10,q22,1,5/PartitionedOutputOperator@286,1,0.021,0.000,0.028,0,366,366,0.000,0.000,0.000
[WARNING] [stderr] 2026-08-12T23:38:33.915-0600	INFO	ForkJoinPool-1-worker-1	stdout	operator_metric,nitro,tpcds-parquet-sf10,q22,1,1/TrinoNitroAggregationOperator@9,nitroProjectionIntegerWideningPositions,0
[WARNING] [stderr] 2026-08-12T23:38:33.915-0600	INFO	ForkJoinPool-1-worker-1	stdout	operator_metric,nitro,tpcds-parquet-sf10,q22,1,1/TrinoNitroAggregationOperator@9,nitroAggregationInputNanos,25636830
[WARNING] [stderr] 2026-08-12T23:38:33.915-0600	INFO	ForkJoinPool-1-worker-1	stdout	operator_metric,nitro,tpcds-parquet-sf10,q22,1,1/TrinoNitroAggregationOperator@9,nitroProjectionGeneratedLayoutFallbacks,0
[WARNING] [stderr] 2026-08-12T23:38:33.915-0600	INFO	ForkJoinPool-1-worker-1	stdout	operator_metric,nitro,tpcds-parquet-sf10,q22,1,1/TrinoNitroAggregationOperator@9,nitroBoundaryPageIngressPages,16
[WARNING] [stderr] 2026-08-12T23:38:33.915-0600	INFO	ForkJoinPool-1-worker-1	stdout	operator_metric,nitro,tpcds-parquet-sf10,q22,1,1/TrinoNitroAggregationOperator@9,nitroProjectionPlannedAssignments,0
[WARNING] [stderr] 2026-08-12T23:38:33.915-0600	INFO	ForkJoinPool-1-worker-1	stdout	operator_metric,nitro,tpcds-parquet-sf10,q22,1,1/TrinoNitroAggregationOperator@9,nitroBoundaryPageEgressPages,14
[WARNING] [stderr] 2026-08-12T23:38:33.915-0600	INFO	ForkJoinPool-1-worker-1	stdout	operator_metric,nitro,tpcds-parquet-sf10,q22,1,1/TrinoNitroAggregationOperator@9,nitroAggregationInitialEncodedKeyNanos,0
[WARNING] [stderr] 2026-08-12T23:38:33.915-0600	INFO	ForkJoinPool-1-worker-1	stdout	operator_metric,nitro,tpcds-parquet-sf10,q22,1,1/TrinoNitroAggregationOperator@9,nitroAggregationOutputNanos,62651
[WARNING] [stderr] 2026-08-12T23:38:33.915-0600	INFO	ForkJoinPool-1-worker-1	stdout	operator_metric,nitro,tpcds-parquet-sf10,q22,1,1/TrinoNitroAggregationOperator@9,nitroProjectionDictionaryFlatteningPositions,0
[WARNING] [stderr] 2026-08-12T23:38:33.915-0600	INFO	ForkJoinPool-1-worker-1	stdout	operator_metric,nitro,tpcds-parquet-sf10,q22,1,1/TrinoNitroAggregationOperator@9,nitroBoundaryPageEgressPositions,203751
[WARNING] [stderr] 2026-08-12T23:38:33.915-0600	INFO	ForkJoinPool-1-worker-1	stdout	operator_metric,nitro,tpcds-parquet-sf10,q22,1,1/TrinoNitroAggregationOperator@9,nitroAggregationFusedNanos,0
[WARNING] [stderr] 2026-08-12T23:38:33.915-0600	INFO	ForkJoinPool-1-worker-1	stdout	operator_metric,nitro,tpcds-parquet-sf10,q22,1,1/TrinoNitroAggregationOperator@9,nitroAggregationAccumulationNanos,1117779
[WARNING] [stderr] 2026-08-12T23:38:33.915-0600	INFO	ForkJoinPool-1-worker-1	stdout	operator_metric,nitro,tpcds-parquet-sf10,q22,1,1/TrinoNitroAggregationOperator@9,nitroProjectionGeneratedAttempts,0
[WARNING] [stderr] 2026-08-12T23:38:33.915-0600	INFO	ForkJoinPool-1-worker-1	stdout	operator_metric,nitro,tpcds-parquet-sf10,q22,1,1/TrinoNitroAggregationOperator@9,nitroProjectionGeneratedSuccesses,0
[WARNING] [stderr] 2026-08-12T23:38:33.915-0600	INFO	ForkJoinPool-1-worker-1	stdout	operator_metric,nitro,tpcds-parquet-sf10,q22,1,1/TrinoNitroAggregationOperator@9,nitroAggregationInitialFlatKeyNanos,0
[WARNING] [stderr] 2026-08-12T23:38:33.915-0600	INFO	ForkJoinPool-1-worker-1	stdout	operator_metric,nitro,tpcds-parquet-sf10,q22,1,1/TrinoNitroAggregationOperator@9,nitroBoundaryNativeEgressDictionaryChannelPositions,0
[WARNING] [stderr] 2026-08-12T23:38:33.915-0600	INFO	ForkJoinPool-1-worker-1	stdout	operator_metric,nitro,tpcds-parquet-sf10,q22,1,1/TrinoNitroAggregationOperator@9,nitroBoundaryPageIngressFlatChannelPositions,1222620
[WARNING] [stderr] 2026-08-12T23:38:33.915-0600	INFO	ForkJoinPool-1-worker-1	stdout	operator_metric,nitro,tpcds-parquet-sf10,q22,1,1/TrinoNitroAggregationOperator@9,nitroProjectionPlannedComputedOutputs,0
[WARNING] [stderr] 2026-08-12T23:38:33.915-0600	INFO	ForkJoinPool-1-worker-1	stdout	operator_metric,nitro,tpcds-parquet-sf10,q22,1,1/TrinoNitroAggregationOperator@9,nitroAggregationPipelineNanos,0
[WARNING] [stderr] 2026-08-12T23:38:33.915-0600	INFO	ForkJoinPool-1-worker-1	stdout	operator_metric,nitro,tpcds-parquet-sf10,q22,1,1/TrinoNitroAggregationOperator@9,nitroAggregationStatePreparationNanos,195551
[WARNING] [stderr] 2026-08-12T23:38:33.915-0600	INFO	ForkJoinPool-1-worker-1	stdout	operator_metric,nitro,tpcds-parquet-sf10,q22,1,1/TrinoNitroAggregationOperator@9,nitroProjectionRunLengthInputPositions,0
[WARNING] [stderr] 2026-08-12T23:38:33.915-0600	INFO	ForkJoinPool-1-worker-1	stdout	operator_metric,nitro,tpcds-parquet-sf10,q22,1,1/TrinoNitroAggregationOperator@9,nitroAggregationGroupingNanos,24021931
[WARNING] [stderr] 2026-08-12T23:38:33.915-0600	INFO	ForkJoinPool-1-worker-1	stdout	operator_metric,nitro,tpcds-parquet-sf10,q22,1,1/TrinoNitroAggregationOperator@9,nitroBoundaryPageIngressRunLengthChannelPositions,0
[WARNING] [stderr] 2026-08-12T23:38:33.915-0600	INFO	ForkJoinPool-1-worker-1	stdout	operator_metric,nitro,tpcds-parquet-sf10,q22,1,1/TrinoNitroAggregationOperator@9,nitroBoundaryNativeEgressRunLengthChannelPositions,0
[WARNING] [stderr] 2026-08-12T23:38:33.915-0600	INFO	ForkJoinPool-1-worker-1	stdout	operator_metric,nitro,tpcds-parquet-sf10,q22,1,1/TrinoNitroAggregationOperator@9,nitroProjectionDictionaryNullExpansionPositions,0
[WARNING] [stderr] 2026-08-12T23:38:33.915-0600	INFO	ForkJoinPool-1-worker-1	stdout	operator_metric,nitro,tpcds-parquet-sf10,q22,1,1/TrinoNitroAggregationOperator@9,nitroBoundaryPageEgressFlatChannelPositions,1018755
[WARNING] [stderr] 2026-08-12T23:38:33.915-0600	INFO	ForkJoinPool-1-worker-1	stdout	operator_metric,nitro,tpcds-parquet-sf10,q22,1,1/TrinoNitroAggregationOperator@9,nitroProjectionOtherInputPositions,0
[WARNING] [stderr] 2026-08-12T23:38:33.915-0600	INFO	ForkJoinPool-1-worker-1	stdout	operator_metric,nitro,tpcds-parquet-sf10,q22,1,1/TrinoNitroAggregationOperator@9,nitroProjectionOtherNullExpansionPositions,0
[WARNING] [stderr] 2026-08-12T23:38:33.915-0600	INFO	ForkJoinPool-1-worker-1	stdout	operator_metric,nitro,tpcds-parquet-sf10,q22,1,1/TrinoNitroAggregationOperator@9,nitroBoundaryPageIngressDictionaryChannelPositions,0
[WARNING] [stderr] 2026-08-12T23:38:33.915-0600	INFO	ForkJoinPool-1-worker-1	stdout	operator_metric,nitro,tpcds-parquet-sf10,q22,1,1/TrinoNitroAggregationOperator@9,nitroBoundaryPageIngressBytes,17374309
[WARNING] [stderr] 2026-08-12T23:38:33.915-0600	INFO	ForkJoinPool-1-worker-1	stdout	operator_metric,nitro,tpcds-parquet-sf10,q22,1,1/TrinoNitroAggregationOperator@9,nitroProjectionGeneratedSelectedPositions,0
[WARNING] [stderr] 2026-08-12T23:38:33.915-0600	INFO	ForkJoinPool-1-worker-1	stdout	operator_metric,nitro,tpcds-parquet-sf10,q22,1,1/TrinoNitroAggregationOperator@9,nitroBoundaryPageEgressRunLengthChannelPositions,0
[WARNING] [stderr] 2026-08-12T23:38:33.915-0600	INFO	ForkJoinPool-1-worker-1	stdout	operator_metric,nitro,tpcds-parquet-sf10,q22,1,1/TrinoNitroAggregationOperator@9,nitroProjectionDictionaryInputPositions,0
[WARNING] [stderr] 2026-08-12T23:38:33.915-0600	INFO	ForkJoinPool-1-worker-1	stdout	operator_metric,nitro,tpcds-parquet-sf10,q22,1,1/TrinoNitroAggregationOperator@9,nitroBoundaryPageEgressBytes,13501933
[WARNING] [stderr] 2026-08-12T23:38:33.915-0600	INFO	ForkJoinPool-1-worker-1	stdout	operator_metric,nitro,tpcds-parquet-sf10,q22,1,1/TrinoNitroAggregationOperator@9,nitroAggregationInitialKeyNanos,0
[WARNING] [stderr] 2026-08-12T23:38:33.915-0600	INFO	ForkJoinPool-1-worker-1	stdout	operator_metric,nitro,tpcds-parquet-sf10,q22,1,1/TrinoNitroAggregationOperator@9,nitroProjectionGeneratedKernels,0
[WARNING] [stderr] 2026-08-12T23:38:33.915-0600	INFO	ForkJoinPool-1-worker-1	stdout	operator_metric,nitro,tpcds-parquet-sf10,q22,1,1/TrinoNitroAggregationOperator@9,nitroProjectionGeneratedOutputs,0
[WARNING] [stderr] 2026-08-12T23:38:33.915-0600	INFO	ForkJoinPool-1-worker-1	stdout	operator_metric,nitro,tpcds-parquet-sf10,q22,1,1/TrinoNitroAggregationOperator@9,nitroBoundaryPageIngressPositions,203770
[WARNING] [stderr] 2026-08-12T23:38:33.915-0600	INFO	ForkJoinPool-1-worker-1	stdout	operator_metric,nitro,tpcds-parquet-sf10,q22,1,1/TrinoNitroAggregationOperator@9,nitroProjectionFlatInputPositions,0
[WARNING] [stderr] 2026-08-12T23:38:33.915-0600	INFO	ForkJoinPool-1-worker-1	stdout	operator_metric,nitro,tpcds-parquet-sf10,q22,1,1/TrinoNitroAggregationOperator@9,nitroAggregationFlushNanos,0
[WARNING] [stderr] 2026-08-12T23:38:33.915-0600	INFO	ForkJoinPool-1-worker-1	stdout	operator_metric,nitro,tpcds-parquet-sf10,q22,1,1/TrinoNitroAggregationOperator@9,nitroBoundaryNativeEgressFlatChannelPositions,1018755
[WARNING] [stderr] 2026-08-12T23:38:33.915-0600	INFO	ForkJoinPool-1-worker-1	stdout	operator_metric,nitro,tpcds-parquet-sf10,q22,1,1/TrinoNitroAggregationOperator@9,nitroAggregationInitialAggregationNanos,0
[WARNING] [stderr] 2026-08-12T23:38:33.915-0600	INFO	ForkJoinPool-1-worker-1	stdout	operator_metric,nitro,tpcds-parquet-sf10,q22,1,1/TrinoNitroAggregationOperator@9,nitroProjectionGeneratedErrorFallbacks,0
[WARNING] [stderr] 2026-08-12T23:38:33.915-0600	INFO	ForkJoinPool-1-worker-1	stdout	operator_metric,nitro,tpcds-parquet-sf10,q22,1,1/TrinoNitroAggregationOperator@9,nitroBoundaryPageEgressDictionaryChannelPositions,0
[WARNING] [stderr] 2026-08-12T23:38:33.915-0600	INFO	ForkJoinPool-1-worker-1	stdout	operator_metric,nitro,tpcds-parquet-sf10,q22,1,2/PartitionedOutputOperator@812,nitroExchangeLowDictionaryReusePositions,0
[WARNING] [stderr] 2026-08-12T23:38:33.915-0600	INFO	ForkJoinPool-1-worker-1	stdout	operator_metric,nitro,tpcds-parquet-sf10,q22,1,2/PartitionedOutputOperator@812,nitroExchangeDictionaryUnsupportedPositions,0
[WARNING] [stderr] 2026-08-12T23:38:33.915-0600	INFO	ForkJoinPool-1-worker-1	stdout	operator_metric,nitro,tpcds-parquet-sf10,q22,1,2/PartitionedOutputOperator@812,nitroExchangeInputPositions,203770
[WARNING] [stderr] 2026-08-12T23:38:33.915-0600	INFO	ForkJoinPool-1-worker-1	stdout	operator_metric,nitro,tpcds-parquet-sf10,q22,1,2/PartitionedOutputOperator@812,nitroExchangeInputRunLengthChannelPositions,0
[WARNING] [stderr] 2026-08-12T23:38:33.915-0600	INFO	ForkJoinPool-1-worker-1	stdout	operator_metric,nitro,tpcds-parquet-sf10,q22,1,2/PartitionedOutputOperator@812,nitroExchangeInputPages,14
[WARNING] [stderr] 2026-08-12T23:38:33.915-0600	INFO	ForkJoinPool-1-worker-1	stdout	operator_metric,nitro,tpcds-parquet-sf10,q22,1,2/PartitionedOutputOperator@812,nitroExchangeInputDictionaryChannelPositions,0
[WARNING] [stderr] 2026-08-12T23:38:33.915-0600	INFO	ForkJoinPool-1-worker-1	stdout	operator_metric,nitro,tpcds-parquet-sf10,q22,1,2/PartitionedOutputOperator@812,nitroExchangeInputFlatChannelPositions,1222620
[WARNING] [stderr] 2026-08-12T23:38:33.915-0600	INFO	ForkJoinPool-1-worker-1	stdout	operator_metric,nitro,tpcds-parquet-sf10,q22,1,2/PartitionedOutputOperator@812,nitroExchangeRunLengthUnsupportedPositions,0
[WARNING] [stderr] 2026-08-12T23:38:33.915-0600	INFO	ForkJoinPool-1-worker-1	stdout	operator_metric,nitro,tpcds-parquet-sf10,q22,1,2/PartitionedOutputOperator@812,nitroExchangePreservedPositions,0
[WARNING] [stderr] 2026-08-12T23:38:33.915-0600	INFO	ForkJoinPool-1-worker-1	stdout	operator_metric,nitro,tpcds-parquet-sf10,q22,1,2/PartitionedOutputOperator@812,nitroExchangeNoDictionaryPositions,203770
[WARNING] [stderr] 2026-08-12T23:38:33.915-0600	INFO	ForkJoinPool-1-worker-1	stdout	operator_metric,nitro,tpcds-parquet-sf10,q22,1,2/PartitionedOutputOperator@812,nitroExchangeSmallPagePositions,0
[WARNING] [stderr] 2026-08-12T23:38:33.915-0600	INFO	ForkJoinPool-1-worker-1	stdout	operator_metric,nitro,tpcds-parquet-sf10,q22,1,2/TrinoNitroAggregationOperator@812,nitroBoundaryNativeExchangeMaximumChannel3Bytes,4322891
[WARNING] [stderr] 2026-08-12T23:38:33.915-0600	INFO	ForkJoinPool-1-worker-1	stdout	operator_metric,nitro,tpcds-parquet-sf10,q22,1,2/TrinoNitroAggregationOperator@812,nitroAggregationGroupingNanos,8264491140
[WARNING] [stderr] 2026-08-12T23:38:33.915-0600	INFO	ForkJoinPool-1-worker-1	stdout	operator_metric,nitro,tpcds-parquet-sf10,q22,1,2/TrinoNitroAggregationOperator@812,nitroProjectionDictionaryFlatteningPositions,0
[WARNING] [stderr] 2026-08-12T23:38:33.915-0600	INFO	ForkJoinPool-1-worker-1	stdout	operator_metric,nitro,tpcds-parquet-sf10,q22,1,2/TrinoNitroAggregationOperator@812,nitroBoundaryNativeExchangePositions,203770
[WARNING] [stderr] 2026-08-12T23:38:33.915-0600	INFO	ForkJoinPool-1-worker-1	stdout	operator_metric,nitro,tpcds-parquet-sf10,q22,1,2/TrinoNitroAggregationOperator@812,nitroProjectionGeneratedKernels,0
[WARNING] [stderr] 2026-08-12T23:38:33.915-0600	INFO	ForkJoinPool-1-worker-1	stdout	operator_metric,nitro,tpcds-parquet-sf10,q22,1,2/TrinoNitroAggregationOperator@812,nitroAggregationFusedNanos,0
[WARNING] [stderr] 2026-08-12T23:38:33.915-0600	INFO	ForkJoinPool-1-worker-1	stdout	operator_metric,nitro,tpcds-parquet-sf10,q22,1,2/TrinoNitroAggregationOperator@812,nitroAggregationInitialFlatKeyNanos,0
[WARNING] [stderr] 2026-08-12T23:38:33.915-0600	INFO	ForkJoinPool-1-worker-1	stdout	operator_metric,nitro,tpcds-parquet-sf10,q22,1,2/TrinoNitroAggregationOperator@812,nitroAggregationOutputNanos,114977
[WARNING] [stderr] 2026-08-12T23:38:33.915-0600	INFO	ForkJoinPool-1-worker-1	stdout	operator_metric,nitro,tpcds-parquet-sf10,q22,1,2/TrinoNitroAggregationOperator@812,nitroAggregationStatePreparationNanos,778044
[WARNING] [stderr] 2026-08-12T23:38:33.915-0600	INFO	ForkJoinPool-1-worker-1	stdout	operator_metric,nitro,tpcds-parquet-sf10,q22,1,2/TrinoNitroAggregationOperator@812,nitroBoundaryNativeExchangeMaximumChannel0Bytes,2099790
[WARNING] [stderr] 2026-08-12T23:38:33.915-0600	INFO	ForkJoinPool-1-worker-1	stdout	operator_metric,nitro,tpcds-parquet-sf10,q22,1,2/TrinoNitroAggregationOperator@812,nitroProjectionOtherInputPositions,0
[WARNING] [stderr] 2026-08-12T23:38:33.915-0600	INFO	ForkJoinPool-1-worker-1	stdout	operator_metric,nitro,tpcds-parquet-sf10,q22,1,2/TrinoNitroAggregationOperator@812,nitroBoundaryNativeExchangeMaximumChannel4Bytes,294912
[WARNING] [stderr] 2026-08-12T23:38:33.915-0600	INFO	ForkJoinPool-1-worker-1	stdout	operator_metric,nitro,tpcds-parquet-sf10,q22,1,2/TrinoNitroAggregationOperator@812,nitroBoundaryNativeExchangeBatches,14
[WARNING] [stderr] 2026-08-12T23:38:33.915-0600	INFO	ForkJoinPool-1-worker-1	stdout	operator_metric,nitro,tpcds-parquet-sf10,q22,1,2/TrinoNitroAggregationOperator@812,nitroProjectionPlannedAssignments,0
[WARNING] [stderr] 2026-08-12T23:38:33.915-0600	INFO	ForkJoinPool-1-worker-1	stdout	operator_metric,nitro,tpcds-parquet-sf10,q22,1,2/TrinoNitroAggregationOperator@812,nitroAggregationInputNanos,8829123303
[WARNING] [stderr] 2026-08-12T23:38:33.915-0600	INFO	ForkJoinPool-1-worker-1	stdout	operator_metric,nitro,tpcds-parquet-sf10,q22,1,2/TrinoNitroAggregationOperator@812,nitroAggregationFlushNanos,0
[WARNING] [stderr] 2026-08-12T23:38:33.915-0600	INFO	ForkJoinPool-1-worker-1	stdout	operator_metric,nitro,tpcds-parquet-sf10,q22,1,2/TrinoNitroAggregationOperator@812,nitroProjectionGeneratedAttempts,0
[WARNING] [stderr] 2026-08-12T23:38:33.915-0600	INFO	ForkJoinPool-1-worker-1	stdout	operator_metric,nitro,tpcds-parquet-sf10,q22,1,2/TrinoNitroAggregationOperator@812,nitroProjectionGeneratedSelectedPositions,0
[WARNING] [stderr] 2026-08-12T23:38:33.915-0600	INFO	ForkJoinPool-1-worker-1	stdout	operator_metric,nitro,tpcds-parquet-sf10,q22,1,2/TrinoNitroAggregationOperator@812,nitroProjectionGeneratedSuccesses,0
[WARNING] [stderr] 2026-08-12T23:38:33.915-0600	INFO	ForkJoinPool-1-worker-1	stdout	operator_metric,nitro,tpcds-parquet-sf10,q22,1,2/TrinoNitroAggregationOperator@812,nitroBoundaryNativeExchangeMaximumChannel1Bytes,1480136
[WARNING] [stderr] 2026-08-12T23:38:33.915-0600	INFO	ForkJoinPool-1-worker-1	stdout	operator_metric,nitro,tpcds-parquet-sf10,q22,1,2/TrinoNitroAggregationOperator@812,nitroBoundaryNativeExchangeMaximumBatchBytes,12828177
[WARNING] [stderr] 2026-08-12T23:38:33.915-0600	INFO	ForkJoinPool-1-worker-1	stdout	operator_metric,nitro,tpcds-parquet-sf10,q22,1,2/TrinoNitroAggregationOperator@812,nitroBoundaryNativeExchangeMaximumChannel5Bytes,557056
[WARNING] [stderr] 2026-08-12T23:38:33.915-0600	INFO	ForkJoinPool-1-worker-1	stdout	operator_metric,nitro,tpcds-parquet-sf10,q22,1,2/TrinoNitroAggregationOperator@812,nitroProjectionGeneratedErrorFallbacks,0
[WARNING] [stderr] 2026-08-12T23:38:33.915-0600	INFO	ForkJoinPool-1-worker-1	stdout	operator_metric,nitro,tpcds-parquet-sf10,q22,1,2/TrinoNitroAggregationOperator@812,nitroProjectionOtherNullExpansionPositions,0
[WARNING] [stderr] 2026-08-12T23:38:33.915-0600	INFO	ForkJoinPool-1-worker-1	stdout	operator_metric,nitro,tpcds-parquet-sf10,q22,1,2/TrinoNitroAggregationOperator@812,nitroAggregationInitialAggregationNanos,0
[WARNING] [stderr] 2026-08-12T23:38:33.915-0600	INFO	ForkJoinPool-1-worker-1	stdout	operator_metric,nitro,tpcds-parquet-sf10,q22,1,2/TrinoNitroAggregationOperator@812,nitroProjectionIntegerWideningPositions,0
[WARNING] [stderr] 2026-08-12T23:38:33.915-0600	INFO	ForkJoinPool-1-worker-1	stdout	operator_metric,nitro,tpcds-parquet-sf10,q22,1,2/TrinoNitroAggregationOperator@812,nitroAggregationAccumulationNanos,561460125
[WARNING] [stderr] 2026-08-12T23:38:33.915-0600	INFO	ForkJoinPool-1-worker-1	stdout	operator_metric,nitro,tpcds-parquet-sf10,q22,1,2/TrinoNitroAggregationOperator@812,nitroBoundaryNativeExchangeBytes,35680950
[WARNING] [stderr] 2026-08-12T23:38:33.915-0600	INFO	ForkJoinPool-1-worker-1	stdout	operator_metric,nitro,tpcds-parquet-sf10,q22,1,2/TrinoNitroAggregationOperator@812,nitroProjectionDictionaryNullExpansionPositions,0
[WARNING] [stderr] 2026-08-12T23:38:33.915-0600	INFO	ForkJoinPool-1-worker-1	stdout	operator_metric,nitro,tpcds-parquet-sf10,q22,1,2/TrinoNitroAggregationOperator@812,nitroProjectionFlatInputPositions,0
[WARNING] [stderr] 2026-08-12T23:38:33.915-0600	INFO	ForkJoinPool-1-worker-1	stdout	operator_metric,nitro,tpcds-parquet-sf10,q22,1,2/TrinoNitroAggregationOperator@812,nitroBoundaryNativeExchangeMaximumChannel2Bytes,4073392
[WARNING] [stderr] 2026-08-12T23:38:33.915-0600	INFO	ForkJoinPool-1-worker-1	stdout	operator_metric,nitro,tpcds-parquet-sf10,q22,1,2/TrinoNitroAggregationOperator@812,nitroProjectionRunLengthInputPositions,0
[WARNING] [stderr] 2026-08-12T23:38:33.915-0600	INFO	ForkJoinPool-1-worker-1	stdout	operator_metric,nitro,tpcds-parquet-sf10,q22,1,2/TrinoNitroAggregationOperator@812,nitroProjectionGeneratedLayoutFallbacks,0
[WARNING] [stderr] 2026-08-12T23:38:33.915-0600	INFO	ForkJoinPool-1-worker-1	stdout	operator_metric,nitro,tpcds-parquet-sf10,q22,1,2/TrinoNitroAggregationOperator@812,nitroAggregationInitialEncodedKeyNanos,0
[WARNING] [stderr] 2026-08-12T23:38:33.915-0600	INFO	ForkJoinPool-1-worker-1	stdout	operator_metric,nitro,tpcds-parquet-sf10,q22,1,2/TrinoNitroAggregationOperator@812,nitroProjectionPlannedComputedOutputs,0
[WARNING] [stderr] 2026-08-12T23:38:33.915-0600	INFO	ForkJoinPool-1-worker-1	stdout	operator_metric,nitro,tpcds-parquet-sf10,q22,1,2/TrinoNitroAggregationOperator@812,nitroAggregationInitialKeyNanos,0
[WARNING] [stderr] 2026-08-12T23:38:33.915-0600	INFO	ForkJoinPool-1-worker-1	stdout	operator_metric,nitro,tpcds-parquet-sf10,q22,1,2/TrinoNitroAggregationOperator@812,nitroProjectionGeneratedOutputs,0
[WARNING] [stderr] 2026-08-12T23:38:33.915-0600	INFO	ForkJoinPool-1-worker-1	stdout	operator_metric,nitro,tpcds-parquet-sf10,q22,1,2/TrinoNitroAggregationOperator@812,nitroProjectionDictionaryInputPositions,0
[WARNING] [stderr] 2026-08-12T23:38:33.915-0600	INFO	ForkJoinPool-1-worker-1	stdout	operator_metric,nitro,tpcds-parquet-sf10,q22,1,2/TrinoNitroAggregationOperator@812,nitroAggregationPipelineNanos,285872
[WARNING] [stderr] 2026-08-12T23:38:33.915-0600	INFO	ForkJoinPool-1-worker-1	stdout	operator_metric,nitro,tpcds-parquet-sf10,q22,1,2/TrinoNitroHashJoinOperator@4,nitroBoundaryNativeExchangeMaximumBatchBytes,13825236
[WARNING] [stderr] 2026-08-12T23:38:33.915-0600	INFO	ForkJoinPool-1-worker-1	stdout	operator_metric,nitro,tpcds-parquet-sf10,q22,1,2/TrinoNitroHashJoinOperator@4,nitroBoundaryPageIngressFlatChannelPositions,53040000
[WARNING] [stderr] 2026-08-12T23:38:33.915-0600	INFO	ForkJoinPool-1-worker-1	stdout	operator_metric,nitro,tpcds-parquet-sf10,q22,1,2/TrinoNitroHashJoinOperator@4,nitroBoundaryNativeExchangeBatches,3030
[WARNING] [stderr] 2026-08-12T23:38:33.915-0600	INFO	ForkJoinPool-1-worker-1	stdout	operator_metric,nitro,tpcds-parquet-sf10,q22,1,2/TrinoNitroHashJoinOperator@4,nitroBoundaryNativeExchangeBytes,11542595739
[WARNING] [stderr] 2026-08-12T23:38:33.915-0600	INFO	ForkJoinPool-1-worker-1	stdout	operator_metric,nitro,tpcds-parquet-sf10,q22,1,2/TrinoNitroHashJoinOperator@4,nitroBoundaryNativeExchangePositions,26520000
[WARNING] [stderr] 2026-08-12T23:38:33.915-0600	INFO	ForkJoinPool-1-worker-1	stdout	operator_metric,nitro,tpcds-parquet-sf10,q22,1,2/TrinoNitroHashJoinOperator@4,nitroBoundaryPageIngressRunLengthChannelPositions,0
[WARNING] [stderr] 2026-08-12T23:38:33.915-0600	INFO	ForkJoinPool-1-worker-1	stdout	operator_metric,nitro,tpcds-parquet-sf10,q22,1,2/TrinoNitroHashJoinOperator@4,nitroBoundaryPageIngressDictionaryChannelPositions,0
[WARNING] [stderr] 2026-08-12T23:38:33.915-0600	INFO	ForkJoinPool-1-worker-1	stdout	operator_metric,nitro,tpcds-parquet-sf10,q22,1,2/TrinoNitroHashJoinOperator@4,nitroBoundaryPageIngressBytes,371280000
[WARNING] [stderr] 2026-08-12T23:38:33.915-0600	INFO	ForkJoinPool-1-worker-1	stdout	operator_metric,nitro,tpcds-parquet-sf10,q22,1,2/TrinoNitroHashJoinOperator@4,nitroBoundaryPageIngressPages,758
[WARNING] [stderr] 2026-08-12T23:38:33.915-0600	INFO	ForkJoinPool-1-worker-1	stdout	operator_metric,nitro,tpcds-parquet-sf10,q22,1,2/TrinoNitroHashJoinOperator@4,nitroBoundaryPageIngressPositions,26520000
[WARNING] [stderr] 2026-08-12T23:38:33.915-0600	INFO	ForkJoinPool-1-worker-1	stdout	operator_metric,nitro,tpcds-parquet-sf10,q22,1,3/PartitionedOutputOperator@2,nitroExchangeLowDictionaryReusePositions,0
[WARNING] [stderr] 2026-08-12T23:38:33.915-0600	INFO	ForkJoinPool-1-worker-1	stdout	operator_metric,nitro,tpcds-parquet-sf10,q22,1,3/PartitionedOutputOperator@2,nitroExchangeDictionaryUnsupportedPositions,0
[WARNING] [stderr] 2026-08-12T23:38:33.915-0600	INFO	ForkJoinPool-1-worker-1	stdout	operator_metric,nitro,tpcds-parquet-sf10,q22,1,3/PartitionedOutputOperator@2,nitroExchangeInputPositions,26520000
[WARNING] [stderr] 2026-08-12T23:38:33.915-0600	INFO	ForkJoinPool-1-worker-1	stdout	operator_metric,nitro,tpcds-parquet-sf10,q22,1,3/PartitionedOutputOperator@2,nitroExchangeInputRunLengthChannelPositions,0
[WARNING] [stderr] 2026-08-12T23:38:33.915-0600	INFO	ForkJoinPool-1-worker-1	stdout	operator_metric,nitro,tpcds-parquet-sf10,q22,1,3/PartitionedOutputOperator@2,nitroExchangeInputPages,2692
[WARNING] [stderr] 2026-08-12T23:38:33.915-0600	INFO	ForkJoinPool-1-worker-1	stdout	operator_metric,nitro,tpcds-parquet-sf10,q22,1,3/PartitionedOutputOperator@2,nitroExchangeInputDictionaryChannelPositions,0
[WARNING] [stderr] 2026-08-12T23:38:33.915-0600	INFO	ForkJoinPool-1-worker-1	stdout	operator_metric,nitro,tpcds-parquet-sf10,q22,1,3/PartitionedOutputOperator@2,nitroExchangeInputFlatChannelPositions,53040000
[WARNING] [stderr] 2026-08-12T23:38:33.915-0600	INFO	ForkJoinPool-1-worker-1	stdout	operator_metric,nitro,tpcds-parquet-sf10,q22,1,3/PartitionedOutputOperator@2,nitroExchangeRunLengthUnsupportedPositions,0
[WARNING] [stderr] 2026-08-12T23:38:33.915-0600	INFO	ForkJoinPool-1-worker-1	stdout	operator_metric,nitro,tpcds-parquet-sf10,q22,1,3/PartitionedOutputOperator@2,nitroExchangePreservedPositions,0
[WARNING] [stderr] 2026-08-12T23:38:33.915-0600	INFO	ForkJoinPool-1-worker-1	stdout	operator_metric,nitro,tpcds-parquet-sf10,q22,1,3/PartitionedOutputOperator@2,nitroExchangeNoDictionaryPositions,26520000
[WARNING] [stderr] 2026-08-12T23:38:33.915-0600	INFO	ForkJoinPool-1-worker-1	stdout	operator_metric,nitro,tpcds-parquet-sf10,q22,1,3/PartitionedOutputOperator@2,nitroExchangeSmallPagePositions,0
[WARNING] [stderr] 2026-08-12T23:38:33.915-0600	INFO	ForkJoinPool-1-worker-1	stdout	operator_metric,nitro,tpcds-parquet-sf10,q22,1,3/TrinoNitroHashJoinOperator@2,nitroBoundaryNativeExchangeMaximumBatchBytes,260010
[WARNING] [stderr] 2026-08-12T23:38:33.916-0600	INFO	ForkJoinPool-1-worker-1	stdout	operator_metric,nitro,tpcds-parquet-sf10,q22,1,3/TrinoNitroHashJoinOperator@2,nitroBoundaryPageIngressFlatChannelPositions,79560000
[WARNING] [stderr] 2026-08-12T23:38:33.916-0600	INFO	ForkJoinPool-1-worker-1	stdout	operator_metric,nitro,tpcds-parquet-sf10,q22,1,3/TrinoNitroHashJoinOperator@2,nitroBoundaryNativeExchangeBatches,2692
[WARNING] [stderr] 2026-08-12T23:38:33.916-0600	INFO	ForkJoinPool-1-worker-1	stdout	operator_metric,nitro,tpcds-parquet-sf10,q22,1,3/TrinoNitroHashJoinOperator@2,nitroBoundaryNativeExchangeBytes,344773460
[WARNING] [stderr] 2026-08-12T23:38:33.916-0600	INFO	ForkJoinPool-1-worker-1	stdout	operator_metric,nitro,tpcds-parquet-sf10,q22,1,3/TrinoNitroHashJoinOperator@2,nitroBoundaryNativeExchangePositions,26520000
[WARNING] [stderr] 2026-08-12T23:38:33.916-0600	INFO	ForkJoinPool-1-worker-1	stdout	operator_metric,nitro,tpcds-parquet-sf10,q22,1,3/TrinoNitroHashJoinOperator@2,nitroBoundaryPageIngressRunLengthChannelPositions,0
[WARNING] [stderr] 2026-08-12T23:38:33.916-0600	INFO	ForkJoinPool-1-worker-1	stdout	operator_metric,nitro,tpcds-parquet-sf10,q22,1,3/TrinoNitroHashJoinOperator@2,nitroBoundaryPageIngressDictionaryChannelPositions,0
[WARNING] [stderr] 2026-08-12T23:38:33.916-0600	INFO	ForkJoinPool-1-worker-1	stdout	operator_metric,nitro,tpcds-parquet-sf10,q22,1,3/TrinoNitroHashJoinOperator@2,nitroBoundaryPageIngressBytes,609960000
[WARNING] [stderr] 2026-08-12T23:38:33.916-0600	INFO	ForkJoinPool-1-worker-1	stdout	operator_metric,nitro,tpcds-parquet-sf10,q22,1,3/TrinoNitroHashJoinOperator@2,nitroBoundaryPageIngressPages,675
[WARNING] [stderr] 2026-08-12T23:38:33.916-0600	INFO	ForkJoinPool-1-worker-1	stdout	operator_metric,nitro,tpcds-parquet-sf10,q22,1,3/TrinoNitroHashJoinOperator@2,nitroBoundaryPageIngressPositions,26520000
[WARNING] [stderr] 2026-08-12T23:38:33.916-0600	INFO	ForkJoinPool-1-worker-1	stdout	operator_metric,nitro,tpcds-parquet-sf10,q22,1,6/TrinoNitroPipelineSourceOperator@3,nitroAllocatorAllocatedVectorBytes,10883616
[WARNING] [stderr] 2026-08-12T23:38:33.916-0600	INFO	ForkJoinPool-1-worker-1	stdout	operator_metric,nitro,tpcds-parquet-sf10,q22,1,6/TrinoNitroPipelineSourceOperator@3,nitroBoundaryNativeExchangePositions,102000
[WARNING] [stderr] 2026-08-12T23:38:33.916-0600	INFO	ForkJoinPool-1-worker-1	stdout	operator_metric,nitro,tpcds-parquet-sf10,q22,1,6/TrinoNitroPipelineSourceOperator@3,nitroAllocatorAllocatedBytes.trino-native-source-ingress,0
[WARNING] [stderr] 2026-08-12T23:38:33.916-0600	INFO	ForkJoinPool-1-worker-1	stdout	operator_metric,nitro,tpcds-parquet-sf10,q22,1,6/TrinoNitroPipelineSourceOperator@3,nitroAllocatorAllocatedBytes,10883616
[WARNING] [stderr] 2026-08-12T23:38:33.916-0600	INFO	ForkJoinPool-1-worker-1	stdout	operator_metric,nitro,tpcds-parquet-sf10,q22,1,6/TrinoNitroPipelineSourceOperator@3,nitroAllocatorAllocatedVectorBytes.I64Vector,816000
[WARNING] [stderr] 2026-08-12T23:38:33.916-0600	INFO	ForkJoinPool-1-worker-1	stdout	operator_metric,nitro,tpcds-parquet-sf10,q22,1,6/TrinoNitroPipelineSourceOperator@3,nitroBoundaryNativeExchangeBytes,9216606
[WARNING] [stderr] 2026-08-12T23:38:33.916-0600	INFO	ForkJoinPool-1-worker-1	stdout	operator_metric,nitro,tpcds-parquet-sf10,q22,1,6/TrinoNitroPipelineSourceOperator@3,nitroOperatorConstructionNanos,16832
[WARNING] [stderr] 2026-08-12T23:38:33.916-0600	INFO	ForkJoinPool-1-worker-1	stdout	operator_metric,nitro,tpcds-parquet-sf10,q22,1,6/TrinoNitroPipelineSourceOperator@3,nitroBoundaryNativeExchangeBatches,11
[WARNING] [stderr] 2026-08-12T23:38:33.916-0600	INFO	ForkJoinPool-1-worker-1	stdout	operator_metric,nitro,tpcds-parquet-sf10,q22,1,6/TrinoNitroPipelineSourceOperator@3,nitroAllocatorAllocatedVectorBytes.BinaryVector,8333616
[WARNING] [stderr] 2026-08-12T23:38:33.916-0600	INFO	ForkJoinPool-1-worker-1	stdout	operator_metric,nitro,tpcds-parquet-sf10,q22,1,6/TrinoNitroPipelineSourceOperator@3,nitroBoundaryNativeExchangeMaximumBatchBytes,2402894
[WARNING] [stderr] 2026-08-12T23:38:33.916-0600	INFO	ForkJoinPool-1-worker-1	stdout	operator_metric,nitro,tpcds-parquet-sf10,q22,1,6/TrinoNitroPipelineSourceOperator@3,nitroAllocatorAllocatedVectorBytes.I32Vector,1224000
[WARNING] [stderr] 2026-08-12T23:38:33.916-0600	INFO	ForkJoinPool-1-worker-1	stdout	operator_metric,nitro,tpcds-parquet-sf10,q22,1,6/TrinoNitroPipelineSourceOperator@3,nitroAllocatorAllocatedBytes.NitroParquetBatchSource,10883616
[WARNING] [stderr] 2026-08-12T23:38:33.916-0600	INFO	ForkJoinPool-1-worker-1	stdout	operator_metric,nitro,tpcds-parquet-sf10,q22,1,6/TrinoNitroPipelineSourceOperator@3,nitroAllocatorAllocatedVectorBytes.BooleanVector,510000
[WARNING] [stderr] 2026-08-12T23:38:33.916-0600	INFO	ForkJoinPool-1-worker-1	stdout	operator_metric,nitro,tpcds-parquet-sf10,q22,1,6/TrinoNitroPipelineSourceOperator@3,nitroNativeSourceCreationNanos,98677
[WARNING] [stderr] 2026-08-12T23:38:33.916-0600	INFO	ForkJoinPool-1-worker-1	stdout	operator_metric,nitro,tpcds-parquet-sf10,q22,1,6/PartitionedOutputOperator@3,nitroExchangeLowDictionaryReusePositions,0
[WARNING] [stderr] 2026-08-12T23:38:33.916-0600	INFO	ForkJoinPool-1-worker-1	stdout	operator_metric,nitro,tpcds-parquet-sf10,q22,1,6/PartitionedOutputOperator@3,nitroExchangeDictionaryUnsupportedPositions,0
[WARNING] [stderr] 2026-08-12T23:38:33.916-0600	INFO	ForkJoinPool-1-worker-1	stdout	operator_metric,nitro,tpcds-parquet-sf10,q22,1,6/PartitionedOutputOperator@3,nitroExchangeInputPositions,102000
[WARNING] [stderr] 2026-08-12T23:38:33.916-0600	INFO	ForkJoinPool-1-worker-1	stdout	operator_metric,nitro,tpcds-parquet-sf10,q22,1,6/PartitionedOutputOperator@3,nitroExchangeInputRunLengthChannelPositions,0
[WARNING] [stderr] 2026-08-12T23:38:33.916-0600	INFO	ForkJoinPool-1-worker-1	stdout	operator_metric,nitro,tpcds-parquet-sf10,q22,1,6/PartitionedOutputOperator@3,nitroExchangeInputPages,11
[WARNING] [stderr] 2026-08-12T23:38:33.916-0600	INFO	ForkJoinPool-1-worker-1	stdout	operator_metric,nitro,tpcds-parquet-sf10,q22,1,6/PartitionedOutputOperator@3,nitroExchangeInputDictionaryChannelPositions,0
[WARNING] [stderr] 2026-08-12T23:38:33.916-0600	INFO	ForkJoinPool-1-worker-1	stdout	operator_metric,nitro,tpcds-parquet-sf10,q22,1,6/PartitionedOutputOperator@3,nitroExchangeInputFlatChannelPositions,510000
[WARNING] [stderr] 2026-08-12T23:38:33.916-0600	INFO	ForkJoinPool-1-worker-1	stdout	operator_metric,nitro,tpcds-parquet-sf10,q22,1,6/PartitionedOutputOperator@3,nitroExchangeRunLengthUnsupportedPositions,0
[WARNING] [stderr] 2026-08-12T23:38:33.916-0600	INFO	ForkJoinPool-1-worker-1	stdout	operator_metric,nitro,tpcds-parquet-sf10,q22,1,6/PartitionedOutputOperator@3,nitroExchangePreservedPositions,0
[WARNING] [stderr] 2026-08-12T23:38:33.916-0600	INFO	ForkJoinPool-1-worker-1	stdout	operator_metric,nitro,tpcds-parquet-sf10,q22,1,6/PartitionedOutputOperator@3,nitroExchangeNoDictionaryPositions,102000
[WARNING] [stderr] 2026-08-12T23:38:33.916-0600	INFO	ForkJoinPool-1-worker-1	stdout	operator_metric,nitro,tpcds-parquet-sf10,q22,1,6/PartitionedOutputOperator@3,nitroExchangeSmallPagePositions,0
[WARNING] [stderr] 2026-08-12T23:38:33.916-0600	INFO	ForkJoinPool-1-worker-1	stdout	operator_metric,nitro,tpcds-parquet-sf10,q22,1,4/TrinoNitroPipelineSourceOperator@649,nitroAllocatorAllocatedBytes,2445360000
[WARNING] [stderr] 2026-08-12T23:38:33.916-0600	INFO	ForkJoinPool-1-worker-1	stdout	operator_metric,nitro,tpcds-parquet-sf10,q22,1,4/TrinoNitroPipelineSourceOperator@649,nitroBoundaryNativeExchangeMaximumBatchBytes,5520000
[WARNING] [stderr] 2026-08-12T23:38:33.916-0600	INFO	ForkJoinPool-1-worker-1	stdout	operator_metric,nitro,tpcds-parquet-sf10,q22,1,4/TrinoNitroPipelineSourceOperator@649,nitroOperatorConstructionNanos,75013
[WARNING] [stderr] 2026-08-12T23:38:33.916-0600	INFO	ForkJoinPool-1-worker-1	stdout	operator_metric,nitro,tpcds-parquet-sf10,q22,1,4/TrinoNitroPipelineSourceOperator@649,nitroBoundaryNativeExchangeBytes,2445360000
[WARNING] [stderr] 2026-08-12T23:38:33.916-0600	INFO	ForkJoinPool-1-worker-1	stdout	operator_metric,nitro,tpcds-parquet-sf10,q22,1,4/TrinoNitroPipelineSourceOperator@649,nitroBoundaryNativeExchangePositions,26520000
[WARNING] [stderr] 2026-08-12T23:38:33.916-0600	INFO	ForkJoinPool-1-worker-1	stdout	operator_metric,nitro,tpcds-parquet-sf10,q22,1,4/TrinoNitroPipelineSourceOperator@649,nitroAllocatorAllocatedBytes.NitroParquetBatchSource,2445360000
[WARNING] [stderr] 2026-08-12T23:38:33.916-0600	INFO	ForkJoinPool-1-worker-1	stdout	operator_metric,nitro,tpcds-parquet-sf10,q22,1,4/TrinoNitroPipelineSourceOperator@649,nitroAllocatorAllocatedVectorBytes.I32Vector,425280000
[WARNING] [stderr] 2026-08-12T23:38:33.916-0600	INFO	ForkJoinPool-1-worker-1	stdout	operator_metric,nitro,tpcds-parquet-sf10,q22,1,4/TrinoNitroPipelineSourceOperator@649,nitroAllocatorAllocatedVectorBytes,2445360000
[WARNING] [stderr] 2026-08-12T23:38:33.916-0600	INFO	ForkJoinPool-1-worker-1	stdout	operator_metric,nitro,tpcds-parquet-sf10,q22,1,4/TrinoNitroPipelineSourceOperator@649,nitroAllocatorAllocatedBytes.trino-native-source-ingress,0
[WARNING] [stderr] 2026-08-12T23:38:33.916-0600	INFO	ForkJoinPool-1-worker-1	stdout	operator_metric,nitro,tpcds-parquet-sf10,q22,1,4/TrinoNitroPipelineSourceOperator@649,nitroBoundaryNativeExchangeBatches,2658
[WARNING] [stderr] 2026-08-12T23:38:33.916-0600	INFO	ForkJoinPool-1-worker-1	stdout	operator_metric,nitro,tpcds-parquet-sf10,q22,1,4/TrinoNitroPipelineSourceOperator@649,nitroAllocatorAllocatedVectorBytes.BooleanVector,318960000
[WARNING] [stderr] 2026-08-12T23:38:33.916-0600	INFO	ForkJoinPool-1-worker-1	stdout	operator_metric,nitro,tpcds-parquet-sf10,q22,1,4/TrinoNitroPipelineSourceOperator@649,nitroNativeSourceCreationNanos,509497
[WARNING] [stderr] 2026-08-12T23:38:33.916-0600	INFO	ForkJoinPool-1-worker-1	stdout	operator_metric,nitro,tpcds-parquet-sf10,q22,1,4/TrinoNitroPipelineSourceOperator@649,nitroAllocatorAllocatedVectorBytes.I64Vector,1701120000
[WARNING] [stderr] 2026-08-12T23:38:33.916-0600	INFO	ForkJoinPool-1-worker-1	stdout	operator_metric,nitro,tpcds-parquet-sf10,q22,1,4/PartitionedOutputOperator@649,nitroExchangeLowDictionaryReusePositions,0
[WARNING] [stderr] 2026-08-12T23:38:33.916-0600	INFO	ForkJoinPool-1-worker-1	stdout	operator_metric,nitro,tpcds-parquet-sf10,q22,1,4/PartitionedOutputOperator@649,nitroExchangeDictionaryUnsupportedPositions,0
[WARNING] [stderr] 2026-08-12T23:38:33.916-0600	INFO	ForkJoinPool-1-worker-1	stdout	operator_metric,nitro,tpcds-parquet-sf10,q22,1,4/PartitionedOutputOperator@649,nitroExchangeInputPositions,26520000
[WARNING] [stderr] 2026-08-12T23:38:33.916-0600	INFO	ForkJoinPool-1-worker-1	stdout	operator_metric,nitro,tpcds-parquet-sf10,q22,1,4/PartitionedOutputOperator@649,nitroExchangeInputRunLengthChannelPositions,0
[WARNING] [stderr] 2026-08-12T23:38:33.916-0600	INFO	ForkJoinPool-1-worker-1	stdout	operator_metric,nitro,tpcds-parquet-sf10,q22,1,4/PartitionedOutputOperator@649,nitroExchangeInputPages,2658
[WARNING] [stderr] 2026-08-12T23:38:33.916-0600	INFO	ForkJoinPool-1-worker-1	stdout	operator_metric,nitro,tpcds-parquet-sf10,q22,1,4/PartitionedOutputOperator@649,nitroExchangeInputDictionaryChannelPositions,0
[WARNING] [stderr] 2026-08-12T23:38:33.916-0600	INFO	ForkJoinPool-1-worker-1	stdout	operator_metric,nitro,tpcds-parquet-sf10,q22,1,4/PartitionedOutputOperator@649,nitroExchangeInputFlatChannelPositions,79560000
[WARNING] [stderr] 2026-08-12T23:38:33.916-0600	INFO	ForkJoinPool-1-worker-1	stdout	operator_metric,nitro,tpcds-parquet-sf10,q22,1,4/PartitionedOutputOperator@649,nitroExchangeRunLengthUnsupportedPositions,0
[WARNING] [stderr] 2026-08-12T23:38:33.916-0600	INFO	ForkJoinPool-1-worker-1	stdout	operator_metric,nitro,tpcds-parquet-sf10,q22,1,4/PartitionedOutputOperator@649,nitroExchangePreservedPositions,0
[WARNING] [stderr] 2026-08-12T23:38:33.916-0600	INFO	ForkJoinPool-1-worker-1	stdout	operator_metric,nitro,tpcds-parquet-sf10,q22,1,4/PartitionedOutputOperator@649,nitroExchangeNoDictionaryPositions,26520000
[WARNING] [stderr] 2026-08-12T23:38:33.916-0600	INFO	ForkJoinPool-1-worker-1	stdout	operator_metric,nitro,tpcds-parquet-sf10,q22,1,4/PartitionedOutputOperator@649,nitroExchangeSmallPagePositions,0
[WARNING] [stderr] 2026-08-12T23:38:33.916-0600	INFO	ForkJoinPool-1-worker-1	stdout	operator_metric,nitro,tpcds-parquet-sf10,q22,1,5/TrinoNitroPipelineSourceOperator@286,nitroProjectionDictionaryFlatteningPositions,0
[WARNING] [stderr] 2026-08-12T23:38:33.916-0600	INFO	ForkJoinPool-1-worker-1	stdout	operator_metric,nitro,tpcds-parquet-sf10,q22,1,5/TrinoNitroPipelineSourceOperator@286,nitroProjectionOtherInputPositions,0
[WARNING] [stderr] 2026-08-12T23:38:33.916-0600	INFO	ForkJoinPool-1-worker-1	stdout	operator_metric,nitro,tpcds-parquet-sf10,q22,1,5/TrinoNitroPipelineSourceOperator@286,nitroFilterPrimitiveMaskSuccesses,0
[WARNING] [stderr] 2026-08-12T23:38:33.916-0600	INFO	ForkJoinPool-1-worker-1	stdout	operator_metric,nitro,tpcds-parquet-sf10,q22,1,5/TrinoNitroPipelineSourceOperator@286,nitroProjectionGeneratedSelectedPositions,0
[WARNING] [stderr] 2026-08-12T23:38:33.916-0600	INFO	ForkJoinPool-1-worker-1	stdout	operator_metric,nitro,tpcds-parquet-sf10,q22,1,5/TrinoNitroPipelineSourceOperator@286,nitroProjectionPlannedAssignments,0
[WARNING] [stderr] 2026-08-12T23:38:33.916-0600	INFO	ForkJoinPool-1-worker-1	stdout	operator_metric,nitro,tpcds-parquet-sf10,q22,1,5/TrinoNitroPipelineSourceOperator@286,nitroProjectionGeneratedAttempts,0
[WARNING] [stderr] 2026-08-12T23:38:33.916-0600	INFO	ForkJoinPool-1-worker-1	stdout	operator_metric,nitro,tpcds-parquet-sf10,q22,1,5/TrinoNitroPipelineSourceOperator@286,nitroFilterPrimitiveMaskAttempts,0
[WARNING] [stderr] 2026-08-12T23:38:33.916-0600	INFO	ForkJoinPool-1-worker-1	stdout	operator_metric,nitro,tpcds-parquet-sf10,q22,1,5/TrinoNitroPipelineSourceOperator@286,nitroProjectionFlatInputPositions,0
[WARNING] [stderr] 2026-08-12T23:38:33.916-0600	INFO	ForkJoinPool-1-worker-1	stdout	operator_metric,nitro,tpcds-parquet-sf10,q22,1,5/TrinoNitroPipelineSourceOperator@286,nitroFilterPlannedSourceMaskOptimizations,0
[WARNING] [stderr] 2026-08-12T23:38:33.916-0600	INFO	ForkJoinPool-1-worker-1	stdout	operator_metric,nitro,tpcds-parquet-sf10,q22,1,5/TrinoNitroPipelineSourceOperator@286,nitroAllocatorAllocatedBytes,560000
[WARNING] [stderr] 2026-08-12T23:38:33.916-0600	INFO	ForkJoinPool-1-worker-1	stdout	operator_metric,nitro,tpcds-parquet-sf10,q22,1,5/TrinoNitroPipelineSourceOperator@286,nitroProjectionGeneratedErrorFallbacks,0
[WARNING] [stderr] 2026-08-12T23:38:33.916-0600	INFO	ForkJoinPool-1-worker-1	stdout	operator_metric,nitro,tpcds-parquet-sf10,q22,1,5/TrinoNitroPipelineSourceOperator@286,nitroFilterCompiledMaskFallbacks,0
[WARNING] [stderr] 2026-08-12T23:38:33.916-0600	INFO	ForkJoinPool-1-worker-1	stdout	operator_metric,nitro,tpcds-parquet-sf10,q22,1,5/TrinoNitroPipelineSourceOperator@286,nitroFilterMaterializedMaskFallbacks,0
[WARNING] [stderr] 2026-08-12T23:38:33.916-0600	INFO	ForkJoinPool-1-worker-1	stdout	operator_metric,nitro,tpcds-parquet-sf10,q22,1,5/TrinoNitroPipelineSourceOperator@286,nitroBoundaryNativeExchangeBytes,360000
[WARNING] [stderr] 2026-08-12T23:38:33.916-0600	INFO	ForkJoinPool-1-worker-1	stdout	operator_metric,nitro,tpcds-parquet-sf10,q22,1,5/TrinoNitroPipelineSourceOperator@286,nitroProjectionIntegerWideningPositions,0
[WARNING] [stderr] 2026-08-12T23:38:33.916-0600	INFO	ForkJoinPool-1-worker-1	stdout	operator_metric,nitro,tpcds-parquet-sf10,q22,1,5/TrinoNitroPipelineSourceOperator@286,nitroFilterPrimitiveMaskFallbacks,0
[WARNING] [stderr] 2026-08-12T23:38:33.916-0600	INFO	ForkJoinPool-1-worker-1	stdout	operator_metric,nitro,tpcds-parquet-sf10,q22,1,5/TrinoNitroPipelineSourceOperator@286,nitroFilterCompiledMaskSuccesses,0
[WARNING] [stderr] 2026-08-12T23:38:33.916-0600	INFO	ForkJoinPool-1-worker-1	stdout	operator_metric,nitro,tpcds-parquet-sf10,q22,1,5/TrinoNitroPipelineSourceOperator@286,nitroAllocatorAllocatedBytes.ProjectOperator,0
[WARNING] [stderr] 2026-08-12T23:38:33.916-0600	INFO	ForkJoinPool-1-worker-1	stdout	operator_metric,nitro,tpcds-parquet-sf10,q22,1,5/TrinoNitroPipelineSourceOperator@286,nitroAllocatorAllocatedBytes.FilterOperator,0
[WARNING] [stderr] 2026-08-12T23:38:33.916-0600	INFO	ForkJoinPool-1-worker-1	stdout	operator_metric,nitro,tpcds-parquet-sf10,q22,1,5/TrinoNitroPipelineSourceOperator@286,nitroBoundaryNativeExchangePositions,366
[WARNING] [stderr] 2026-08-12T23:38:33.916-0600	INFO	ForkJoinPool-1-worker-1	stdout	operator_metric,nitro,tpcds-parquet-sf10,q22,1,5/TrinoNitroPipelineSourceOperator@286,nitroAllocatorAllocatedVectorBytes.BooleanVector,80000
[WARNING] [stderr] 2026-08-12T23:38:33.916-0600	INFO	ForkJoinPool-1-worker-1	stdout	operator_metric,nitro,tpcds-parquet-sf10,q22,1,5/TrinoNitroPipelineSourceOperator@286,nitroFilterInputPositions,366
[WARNING] [stderr] 2026-08-12T23:38:33.916-0600	INFO	ForkJoinPool-1-worker-1	stdout	operator_metric,nitro,tpcds-parquet-sf10,q22,1,5/TrinoNitroPipelineSourceOperator@286,nitroBoundaryNativeExchangeMaximumBatchBytes,360000
[WARNING] [stderr] 2026-08-12T23:38:33.916-0600	INFO	ForkJoinPool-1-worker-1	stdout	operator_metric,nitro,tpcds-parquet-sf10,q22,1,5/TrinoNitroPipelineSourceOperator@286,nitroAllocatorAllocatedVectorBytes.I32Vector,160000
[WARNING] [stderr] 2026-08-12T23:38:33.916-0600	INFO	ForkJoinPool-1-worker-1	stdout	operator_metric,nitro,tpcds-parquet-sf10,q22,1,5/TrinoNitroPipelineSourceOperator@286,nitroOperatorConstructionNanos,174391
[WARNING] [stderr] 2026-08-12T23:38:33.916-0600	INFO	ForkJoinPool-1-worker-1	stdout	operator_metric,nitro,tpcds-parquet-sf10,q22,1,5/TrinoNitroPipelineSourceOperator@286,nitroProjectionGeneratedLayoutFallbacks,0
[WARNING] [stderr] 2026-08-12T23:38:33.916-0600	INFO	ForkJoinPool-1-worker-1	stdout	operator_metric,nitro,tpcds-parquet-sf10,q22,1,5/TrinoNitroPipelineSourceOperator@286,nitroProjectionPlannedComputedOutputs,0
[WARNING] [stderr] 2026-08-12T23:38:33.916-0600	INFO	ForkJoinPool-1-worker-1	stdout	operator_metric,nitro,tpcds-parquet-sf10,q22,1,5/TrinoNitroPipelineSourceOperator@286,nitroProjectionGeneratedKernels,0
[WARNING] [stderr] 2026-08-12T23:38:33.916-0600	INFO	ForkJoinPool-1-worker-1	stdout	operator_metric,nitro,tpcds-parquet-sf10,q22,1,5/TrinoNitroPipelineSourceOperator@286,nitroFilterPlannedCompiledMasks,0
[WARNING] [stderr] 2026-08-12T23:38:33.916-0600	INFO	ForkJoinPool-1-worker-1	stdout	operator_metric,nitro,tpcds-parquet-sf10,q22,1,5/TrinoNitroPipelineSourceOperator@286,nitroFilterPlannedAssignments,5
[WARNING] [stderr] 2026-08-12T23:38:33.916-0600	INFO	ForkJoinPool-1-worker-1	stdout	operator_metric,nitro,tpcds-parquet-sf10,q22,1,5/TrinoNitroPipelineSourceOperator@286,nitroAllocatorAllocatedVectorBytes.I64Vector,320000
[WARNING] [stderr] 2026-08-12T23:38:33.916-0600	INFO	ForkJoinPool-1-worker-1	stdout	operator_metric,nitro,tpcds-parquet-sf10,q22,1,5/TrinoNitroPipelineSourceOperator@286,nitroProjectionDictionaryInputPositions,0
[WARNING] [stderr] 2026-08-12T23:38:33.916-0600	INFO	ForkJoinPool-1-worker-1	stdout	operator_metric,nitro,tpcds-parquet-sf10,q22,1,5/TrinoNitroPipelineSourceOperator@286,nitroFilterSourceMaskSuccesses,0
[WARNING] [stderr] 2026-08-12T23:38:33.916-0600	INFO	ForkJoinPool-1-worker-1	stdout	operator_metric,nitro,tpcds-parquet-sf10,q22,1,5/TrinoNitroPipelineSourceOperator@286,nitroFilterCompiledMaskAttempts,0
[WARNING] [stderr] 2026-08-12T23:38:33.916-0600	INFO	ForkJoinPool-1-worker-1	stdout	operator_metric,nitro,tpcds-parquet-sf10,q22,1,5/TrinoNitroPipelineSourceOperator@286,nitroFilterOutputPositions,366
[WARNING] [stderr] 2026-08-12T23:38:33.916-0600	INFO	ForkJoinPool-1-worker-1	stdout	operator_metric,nitro,tpcds-parquet-sf10,q22,1,5/TrinoNitroPipelineSourceOperator@286,nitroProjectionRunLengthInputPositions,0
[WARNING] [stderr] 2026-08-12T23:38:33.916-0600	INFO	ForkJoinPool-1-worker-1	stdout	operator_metric,nitro,tpcds-parquet-sf10,q22,1,5/TrinoNitroPipelineSourceOperator@286,nitroProjectionGeneratedSuccesses,0
[WARNING] [stderr] 2026-08-12T23:38:33.916-0600	INFO	ForkJoinPool-1-worker-1	stdout	operator_metric,nitro,tpcds-parquet-sf10,q22,1,5/TrinoNitroPipelineSourceOperator@286,nitroAllocatorAllocatedBytes.NitroParquetBatchSource,560000
[WARNING] [stderr] 2026-08-12T23:38:33.916-0600	INFO	ForkJoinPool-1-worker-1	stdout	operator_metric,nitro,tpcds-parquet-sf10,q22,1,5/TrinoNitroPipelineSourceOperator@286,nitroFilterDirectPreboundMaskSuccesses,0
[WARNING] [stderr] 2026-08-12T23:38:33.916-0600	INFO	ForkJoinPool-1-worker-1	stdout	operator_metric,nitro,tpcds-parquet-sf10,q22,1,5/TrinoNitroPipelineSourceOperator@286,nitroProjectionOtherNullExpansionPositions,0
[WARNING] [stderr] 2026-08-12T23:38:33.916-0600	INFO	ForkJoinPool-1-worker-1	stdout	operator_metric,nitro,tpcds-parquet-sf10,q22,1,5/TrinoNitroPipelineSourceOperator@286,nitroNativeSourceCreationNanos,174020
[WARNING] [stderr] 2026-08-12T23:38:33.916-0600	INFO	ForkJoinPool-1-worker-1	stdout	operator_metric,nitro,tpcds-parquet-sf10,q22,1,5/TrinoNitroPipelineSourceOperator@286,nitroBoundaryNativeExchangeBatches,1
[WARNING] [stderr] 2026-08-12T23:38:33.916-0600	INFO	ForkJoinPool-1-worker-1	stdout	operator_metric,nitro,tpcds-parquet-sf10,q22,1,5/TrinoNitroPipelineSourceOperator@286,nitroFilterPlannedPreboundMasks,0
[WARNING] [stderr] 2026-08-12T23:38:33.916-0600	INFO	ForkJoinPool-1-worker-1	stdout	operator_metric,nitro,tpcds-parquet-sf10,q22,1,5/TrinoNitroPipelineSourceOperator@286,nitroAllocatorAllocatedBytes.trino-native-source-ingress,0
[WARNING] [stderr] 2026-08-12T23:38:33.916-0600	INFO	ForkJoinPool-1-worker-1	stdout	operator_metric,nitro,tpcds-parquet-sf10,q22,1,5/TrinoNitroPipelineSourceOperator@286,nitroProjectionDictionaryNullExpansionPositions,0
[WARNING] [stderr] 2026-08-12T23:38:33.916-0600	INFO	ForkJoinPool-1-worker-1	stdout	operator_metric,nitro,tpcds-parquet-sf10,q22,1,5/TrinoNitroPipelineSourceOperator@286,nitroAllocatorAllocatedVectorBytes,560000
[WARNING] [stderr] 2026-08-12T23:38:33.916-0600	INFO	ForkJoinPool-1-worker-1	stdout	operator_metric,nitro,tpcds-parquet-sf10,q22,1,5/TrinoNitroPipelineSourceOperator@286,nitroProjectionGeneratedOutputs,0
[WARNING] [stderr] 2026-08-12T23:38:33.916-0600	INFO	ForkJoinPool-1-worker-1	stdout	operator_metric,nitro,tpcds-parquet-sf10,q22,1,5/PartitionedOutputOperator@286,nitroExchangeLowDictionaryReusePositions,0
[WARNING] [stderr] 2026-08-12T23:38:33.916-0600	INFO	ForkJoinPool-1-worker-1	stdout	operator_metric,nitro,tpcds-parquet-sf10,q22,1,5/PartitionedOutputOperator@286,nitroExchangeDictionaryUnsupportedPositions,0
[WARNING] [stderr] 2026-08-12T23:38:33.916-0600	INFO	ForkJoinPool-1-worker-1	stdout	operator_metric,nitro,tpcds-parquet-sf10,q22,1,5/PartitionedOutputOperator@286,nitroExchangeInputPositions,366
[WARNING] [stderr] 2026-08-12T23:38:33.916-0600	INFO	ForkJoinPool-1-worker-1	stdout	operator_metric,nitro,tpcds-parquet-sf10,q22,1,5/PartitionedOutputOperator@286,nitroExchangeInputRunLengthChannelPositions,0
[WARNING] [stderr] 2026-08-12T23:38:33.916-0600	INFO	ForkJoinPool-1-worker-1	stdout	operator_metric,nitro,tpcds-parquet-sf10,q22,1,5/PartitionedOutputOperator@286,nitroExchangeInputPages,1
[WARNING] [stderr] 2026-08-12T23:38:33.916-0600	INFO	ForkJoinPool-1-worker-1	stdout	operator_metric,nitro,tpcds-parquet-sf10,q22,1,5/PartitionedOutputOperator@286,nitroExchangeInputDictionaryChannelPositions,0
[WARNING] [stderr] 2026-08-12T23:38:33.916-0600	INFO	ForkJoinPool-1-worker-1	stdout	operator_metric,nitro,tpcds-parquet-sf10,q22,1,5/PartitionedOutputOperator@286,nitroExchangeInputFlatChannelPositions,366
[WARNING] [stderr] 2026-08-12T23:38:33.916-0600	INFO	ForkJoinPool-1-worker-1	stdout	operator_metric,nitro,tpcds-parquet-sf10,q22,1,5/PartitionedOutputOperator@286,nitroExchangeRunLengthUnsupportedPositions,0
[WARNING] [stderr] 2026-08-12T23:38:33.916-0600	INFO	ForkJoinPool-1-worker-1	stdout	operator_metric,nitro,tpcds-parquet-sf10,q22,1,5/PartitionedOutputOperator@286,nitroExchangePreservedPositions,0
[WARNING] [stderr] 2026-08-12T23:38:33.916-0600	INFO	ForkJoinPool-1-worker-1	stdout	operator_metric,nitro,tpcds-parquet-sf10,q22,1,5/PartitionedOutputOperator@286,nitroExchangeNoDictionaryPositions,366
[WARNING] [stderr] 2026-08-12T23:38:33.916-0600	INFO	ForkJoinPool-1-worker-1	stdout	operator_metric,nitro,tpcds-parquet-sf10,q22,1,5/PartitionedOutputOperator@286,nitroExchangeSmallPagePositions,0
[WARNING] [stderr] 2026-08-12T23:38:39.791-0600	INFO	ForkJoinPool-1-worker-1	stdout	operator_cpu,trino,tpcds-parquet-sf10,q22,1,0/ExchangeOperator@569,1,0.000,0.031,0.000,0,200,200,5840.000,0.006,0.000
[WARNING] [stderr] 2026-08-12T23:38:39.791-0600	INFO	ForkJoinPool-1-worker-1	stdout	operator_cpu,trino,tpcds-parquet-sf10,q22,1,0/LocalExchangeSourceOperator@740,1,0.000,0.003,0.000,0,200,200,5840.000,0.000,0.000
[WARNING] [stderr] 2026-08-12T23:38:39.791-0600	INFO	ForkJoinPool-1-worker-1	stdout	operator_cpu,trino,tpcds-parquet-sf10,q22,1,0/TaskOutputOperator@18,1,0.025,0.000,0.001,0,100,100,0.000,0.000,0.000
[WARNING] [stderr] 2026-08-12T23:38:39.791-0600	INFO	ForkJoinPool-1-worker-1	stdout	operator_cpu,trino,tpcds-parquet-sf10,q22,1,0/LocalExchangeSinkOperator@740,1,0.019,0.000,0.009,0,200,200,0.000,0.000,0.000
[WARNING] [stderr] 2026-08-12T23:38:39.791-0600	INFO	ForkJoinPool-1-worker-1	stdout	operator_cpu,trino,tpcds-parquet-sf10,q22,1,0/TopNOperator@492,1,0.001,0.117,0.011,0,200,100,0.000,0.094,0.000
[WARNING] [stderr] 2026-08-12T23:38:39.791-0600	INFO	ForkJoinPool-1-worker-1	stdout	operator_cpu,trino,tpcds-parquet-sf10,q22,1,1/ExchangeOperator@814,2,0.000,1.191,0.000,0,203770,203770,11660.000,1.217,0.000
[WARNING] [stderr] 2026-08-12T23:38:39.791-0600	INFO	ForkJoinPool-1-worker-1	stdout	operator_cpu,trino,tpcds-parquet-sf10,q22,1,1/LocalExchangeSourceOperator@808,2,0.000,0.066,0.000,0,203770,203770,11650.000,0.000,0.000
[WARNING] [stderr] 2026-08-12T23:38:39.791-0600	INFO	ForkJoinPool-1-worker-1	stdout	operator_cpu,trino,tpcds-parquet-sf10,q22,1,1/LocalExchangeSourceOperator@766,2,0.000,0.011,0.000,0,200,200,11680.000,0.000,0.000
[WARNING] [stderr] 2026-08-12T23:38:39.791-0600	INFO	ForkJoinPool-1-worker-1	stdout	operator_cpu,trino,tpcds-parquet-sf10,q22,1,1/TopNOperator@767,2,0.002,0.145,0.014,0,200,200,0.000,0.090,0.000
[WARNING] [stderr] 2026-08-12T23:38:39.791-0600	INFO	ForkJoinPool-1-worker-1	stdout	operator_cpu,trino,tpcds-parquet-sf10,q22,1,1/TopNOperator@765,2,0.002,0.167,0.015,0,200,200,0.000,0.090,0.000
[WARNING] [stderr] 2026-08-12T23:38:39.791-0600	INFO	ForkJoinPool-1-worker-1	stdout	operator_cpu,trino,tpcds-parquet-sf10,q22,1,1/TopNOperator@491,2,0.012,3.300,0.018,0,203751,200,0.000,0.094,0.000
[WARNING] [stderr] 2026-08-12T23:38:39.791-0600	INFO	ForkJoinPool-1-worker-1	stdout	operator_cpu,trino,tpcds-parquet-sf10,q22,1,1/LocalExchangeSinkOperator@808,2,7.020,0.000,0.015,0,203770,203770,0.000,0.000,0.000
[WARNING] [stderr] 2026-08-12T23:38:39.791-0600	INFO	ForkJoinPool-1-worker-1	stdout	operator_cpu,trino,tpcds-parquet-sf10,q22,1,1/HashAggregationOperator@9,2,18.820,9.230,0.041,0,203770,203751,0.000,11.968,0.000
[WARNING] [stderr] 2026-08-12T23:38:39.791-0600	INFO	ForkJoinPool-1-worker-1	stdout	operator_cpu,trino,tpcds-parquet-sf10,q22,1,1/LocalExchangeSinkOperator@766,2,0.019,0.000,0.006,0,200,200,0.000,0.000,0.000
[WARNING] [stderr] 2026-08-12T23:38:39.791-0600	INFO	ForkJoinPool-1-worker-1	stdout	operator_cpu,trino,tpcds-parquet-sf10,q22,1,1/TaskOutputOperator@767,2,0.072,0.000,0.001,0,200,200,0.000,0.000,0.000
[WARNING] [stderr] 2026-08-12T23:38:39.791-0600	INFO	ForkJoinPool-1-worker-1	stdout	operator_cpu,trino,tpcds-parquet-sf10,q22,1,1/LocalExchangeSourceOperator@768,2,0.000,0.012,0.000,0,200,200,11680.000,0.000,0.000
[WARNING] [stderr] 2026-08-12T23:38:39.791-0600	INFO	ForkJoinPool-1-worker-1	stdout	operator_cpu,trino,tpcds-parquet-sf10,q22,1,1/LocalExchangeSinkOperator@768,2,0.012,0.000,0.003,0,200,200,0.000,0.000,0.000
[WARNING] [stderr] 2026-08-12T23:38:39.791-0600	INFO	ForkJoinPool-1-worker-1	stdout	operator_cpu,trino,tpcds-parquet-sf10,q22,1,1/FilterAndProjectOperator@73,2,0.010,0.129,0.001,0,203751,203751,0.000,1.285,0.000
[WARNING] [stderr] 2026-08-12T23:38:39.791-0600	INFO	ForkJoinPool-1-worker-1	stdout	operator_cpu,trino,tpcds-parquet-sf10,q22,1,2/ExchangeOperator@567,2,0.000,2.099,0.000,0,102000,102000,28.270,2.208,0.000
[WARNING] [stderr] 2026-08-12T23:38:39.791-0600	INFO	ForkJoinPool-1-worker-1	stdout	operator_cpu,trino,tpcds-parquet-sf10,q22,1,2/LocalExchangeSourceOperator@738,2,0.000,0.032,0.000,0,102000,102000,32.310,0.000,0.000
[WARNING] [stderr] 2026-08-12T23:38:39.791-0600	INFO	ForkJoinPool-1-worker-1	stdout	operator_cpu,trino,tpcds-parquet-sf10,q22,1,2/ExchangeOperator@566,2,0.000,27.730,0.000,0,26520000,26520000,63.100,17.851,0.000
[WARNING] [stderr] 2026-08-12T23:38:39.791-0600	INFO	ForkJoinPool-1-worker-1	stdout	operator_cpu,trino,tpcds-parquet-sf10,q22,1,2/GroupIdOperator@8,2,1.734,12.980,0.001,0,26520000,132600000,0.000,0.000,0.000
[WARNING] [stderr] 2026-08-12T23:38:39.791-0600	INFO	ForkJoinPool-1-worker-1	stdout	operator_cpu,trino,tpcds-parquet-sf10,q22,1,2/PartitionedOutputOperator@812,2,11.590,0.000,0.194,0,203770,203770,0.000,0.000,0.000
[WARNING] [stderr] 2026-08-12T23:38:39.791-0600	INFO	ForkJoinPool-1-worker-1	stdout	operator_cpu,trino,tpcds-parquet-sf10,q22,1,2/HashAggregationOperator@812,2,9260.000,20.620,0.025,0,132600000,203770,0.000,11.939,0.000
[WARNING] [stderr] 2026-08-12T23:38:39.791-0600	INFO	ForkJoinPool-1-worker-1	stdout	operator_cpu,trino,tpcds-parquet-sf10,q22,1,2/FilterAndProjectOperator@91,2,2.430,128.210,0.115,0,26520000,26520000,0.000,1.357,0.000
[WARNING] [stderr] 2026-08-12T23:38:39.791-0600	INFO	ForkJoinPool-1-worker-1	stdout	operator_cpu,trino,tpcds-parquet-sf10,q22,1,2/LookupJoinOperator@4,2,0.388,1600.930,0.107,0,26520000,26520000,0.000,0.000,0.000
[WARNING] [stderr] 2026-08-12T23:38:39.791-0600	INFO	ForkJoinPool-1-worker-1	stdout	operator_cpu,trino,tpcds-parquet-sf10,q22,1,2/HashBuilderOperator@4,2,0.476,0.000,1.567,0,102000,102000,11350.000,5.813,0.000
[WARNING] [stderr] 2026-08-12T23:38:39.791-0600	INFO	ForkJoinPool-1-worker-1	stdout	operator_cpu,trino,tpcds-parquet-sf10,q22,1,2/LocalExchangeSinkOperator@738,2,0.049,0.000,0.028,0,102000,102000,0.000,0.000,0.000
[WARNING] [stderr] 2026-08-12T23:38:39.791-0600	INFO	ForkJoinPool-1-worker-1	stdout	operator_cpu,trino,tpcds-parquet-sf10,q22,1,2/DynamicFilterSourceOperator@4,2,1.497,0.027,0.004,0,102000,102000,0.000,0.001,0.000
[WARNING] [stderr] 2026-08-12T23:38:39.791-0600	INFO	ForkJoinPool-1-worker-1	stdout	operator_cpu,trino,tpcds-parquet-sf10,q22,1,3/ExchangeOperator@565,2,0.000,0.041,0.000,0,366,366,34.290,0.002,0.000
[WARNING] [stderr] 2026-08-12T23:38:39.791-0600	INFO	ForkJoinPool-1-worker-1	stdout	operator_cpu,trino,tpcds-parquet-sf10,q22,1,3/LocalExchangeSourceOperator@737,2,0.000,0.014,0.000,0,366,366,37.540,0.000,0.000
[WARNING] [stderr] 2026-08-12T23:38:39.791-0600	INFO	ForkJoinPool-1-worker-1	stdout	operator_cpu,trino,tpcds-parquet-sf10,q22,1,3/ExchangeOperator@564,2,0.000,265.080,0.000,0,133110000,133110000,3480.000,18.073,0.000
[WARNING] [stderr] 2026-08-12T23:38:39.791-0600	INFO	ForkJoinPool-1-worker-1	stdout	operator_cpu,trino,tpcds-parquet-sf10,q22,1,3/PartitionedOutputOperator@2,2,194.190,0.000,0.126,0,26520000,26520000,4030.000,0.000,0.000
[WARNING] [stderr] 2026-08-12T23:38:39.792-0600	INFO	ForkJoinPool-1-worker-1	stdout	operator_cpu,trino,tpcds-parquet-sf10,q22,1,3/LookupJoinOperator@2,2,2.410,1184.570,0.047,0,133110000,26520000,6.523,0.000,0.000
[WARNING] [stderr] 2026-08-12T23:38:39.792-0600	INFO	ForkJoinPool-1-worker-1	stdout	operator_cpu,trino,tpcds-parquet-sf10,q22,1,3/HashBuilderOperator@2,2,0.019,0.000,0.214,0,366,366,9800.000,0.125,0.000
[WARNING] [stderr] 2026-08-12T23:38:39.792-0600	INFO	ForkJoinPool-1-worker-1	stdout	operator_cpu,trino,tpcds-parquet-sf10,q22,1,3/LocalExchangeSinkOperator@737,2,0.027,0.000,0.022,0,366,366,0.000,0.000,0.000
[WARNING] [stderr] 2026-08-12T23:38:39.792-0600	INFO	ForkJoinPool-1-worker-1	stdout	operator_cpu,trino,tpcds-parquet-sf10,q22,1,3/DynamicFilterSourceOperator@2,2,0.030,0.015,0.339,0,366,366,0.000,0.002,0.000
[WARNING] [stderr] 2026-08-12T23:38:39.792-0600	INFO	ForkJoinPool-1-worker-1	stdout	operator_cpu,trino,tpcds-parquet-sf10,q22,1,6/TableScanOperator@3,1,0.000,5.080,0.000,102000,102000,102000,0.000,4.000,0.000
[WARNING] [stderr] 2026-08-12T23:38:39.792-0600	INFO	ForkJoinPool-1-worker-1	stdout	operator_cpu,trino,tpcds-parquet-sf10,q22,1,6/PartitionedOutputOperator@3,1,3.650,0.000,0.318,0,102000,102000,0.000,0.000,0.000
[WARNING] [stderr] 2026-08-12T23:38:39.792-0600	INFO	ForkJoinPool-1-worker-1	stdout	operator_cpu,trino,tpcds-parquet-sf10,q22,1,4/ScanFilterAndProjectOperator@649,6,0.000,1886.990,0.000,133110000,133110000,133110000,0.000,17.005,0.000
[WARNING] [stderr] 2026-08-12T23:38:39.792-0600	INFO	ForkJoinPool-1-worker-1	stdout	operator_cpu,trino,tpcds-parquet-sf10,q22,1,4/PartitionedOutputOperator@649,6,1270.750,0.000,0.619,0,133110000,133110000,19420.000,0.000,0.000
[WARNING] [stderr] 2026-08-12T23:38:39.792-0600	INFO	ForkJoinPool-1-worker-1	stdout	operator_cpu,trino,tpcds-parquet-sf10,q22,1,5/ScanFilterAndProjectOperator@286,1,0.000,6.290,0.000,73049,73049,366,0.000,3.000,0.000
[WARNING] [stderr] 2026-08-12T23:38:39.792-0600	INFO	ForkJoinPool-1-worker-1	stdout	operator_cpu,trino,tpcds-parquet-sf10,q22,1,5/PartitionedOutputOperator@286,1,0.013,0.000,0.046,0,366,366,0.000,0.000,0.000
[WARNING] [stderr] 2026-08-12T23:38:45.568-0600	INFO	ForkJoinPool-1-worker-1	stdout	operator_cpu,trino,tpcds-parquet-sf10,q22,2,0/ExchangeOperator@569,1,0.000,0.034,0.000,0,200,200,5750.000,0.006,0.000
[WARNING] [stderr] 2026-08-12T23:38:45.568-0600	INFO	ForkJoinPool-1-worker-1	stdout	operator_cpu,trino,tpcds-parquet-sf10,q22,2,0/LocalExchangeSourceOperator@740,1,0.000,0.006,0.000,0,200,200,5750.000,0.000,0.000
[WARNING] [stderr] 2026-08-12T23:38:45.568-0600	INFO	ForkJoinPool-1-worker-1	stdout	operator_cpu,trino,tpcds-parquet-sf10,q22,2,0/TaskOutputOperator@18,1,0.026,0.000,0.001,0,100,100,0.000,0.000,0.000
[WARNING] [stderr] 2026-08-12T23:38:45.568-0600	INFO	ForkJoinPool-1-worker-1	stdout	operator_cpu,trino,tpcds-parquet-sf10,q22,2,0/LocalExchangeSinkOperator@740,1,0.010,0.000,0.010,0,200,200,0.000,0.000,0.000
[WARNING] [stderr] 2026-08-12T23:38:45.568-0600	INFO	ForkJoinPool-1-worker-1	stdout	operator_cpu,trino,tpcds-parquet-sf10,q22,2,0/TopNOperator@492,1,0.001,0.115,0.012,0,200,100,0.000,0.094,0.000
[WARNING] [stderr] 2026-08-12T23:38:45.568-0600	INFO	ForkJoinPool-1-worker-1	stdout	operator_cpu,trino,tpcds-parquet-sf10,q22,2,1/ExchangeOperator@814,2,0.000,1.215,0.000,0,203770,203770,11470.000,1.217,0.000
[WARNING] [stderr] 2026-08-12T23:38:45.568-0600	INFO	ForkJoinPool-1-worker-1	stdout	operator_cpu,trino,tpcds-parquet-sf10,q22,2,1/LocalExchangeSourceOperator@808,2,0.000,0.056,0.000,0,203770,203770,11460.000,0.000,0.000
[WARNING] [stderr] 2026-08-12T23:38:45.568-0600	INFO	ForkJoinPool-1-worker-1	stdout	operator_cpu,trino,tpcds-parquet-sf10,q22,2,1/LocalExchangeSourceOperator@766,2,0.000,0.014,0.000,0,200,200,11490.000,0.000,0.000
[WARNING] [stderr] 2026-08-12T23:38:45.568-0600	INFO	ForkJoinPool-1-worker-1	stdout	operator_cpu,trino,tpcds-parquet-sf10,q22,2,1/TopNOperator@767,2,0.002,0.153,0.019,0,200,200,0.000,0.090,0.000
[WARNING] [stderr] 2026-08-12T23:38:45.568-0600	INFO	ForkJoinPool-1-worker-1	stdout	operator_cpu,trino,tpcds-parquet-sf10,q22,2,1/TopNOperator@765,2,0.002,0.158,0.020,0,200,200,0.000,0.090,0.000
[WARNING] [stderr] 2026-08-12T23:38:45.568-0600	INFO	ForkJoinPool-1-worker-1	stdout	operator_cpu,trino,tpcds-parquet-sf10,q22,2,1/TopNOperator@491,2,0.012,3.260,0.014,0,203751,200,0.000,0.094,0.000
[WARNING] [stderr] 2026-08-12T23:38:45.568-0600	INFO	ForkJoinPool-1-worker-1	stdout	operator_cpu,trino,tpcds-parquet-sf10,q22,2,1/LocalExchangeSinkOperator@808,2,7.130,0.000,0.015,0,203770,203770,0.000,0.000,0.000
[WARNING] [stderr] 2026-08-12T23:38:45.568-0600	INFO	ForkJoinPool-1-worker-1	stdout	operator_cpu,trino,tpcds-parquet-sf10,q22,2,1/HashAggregationOperator@9,2,18.990,9.180,0.034,0,203770,203751,0.000,11.968,0.000
[WARNING] [stderr] 2026-08-12T23:38:45.568-0600	INFO	ForkJoinPool-1-worker-1	stdout	operator_cpu,trino,tpcds-parquet-sf10,q22,2,1/LocalExchangeSinkOperator@766,2,0.016,0.000,0.005,0,200,200,0.000,0.000,0.000
[WARNING] [stderr] 2026-08-12T23:38:45.568-0600	INFO	ForkJoinPool-1-worker-1	stdout	operator_cpu,trino,tpcds-parquet-sf10,q22,2,1/TaskOutputOperator@767,2,0.080,0.000,0.001,0,200,200,0.000,0.000,0.000
[WARNING] [stderr] 2026-08-12T23:38:45.568-0600	INFO	ForkJoinPool-1-worker-1	stdout	operator_cpu,trino,tpcds-parquet-sf10,q22,2,1/LocalExchangeSourceOperator@768,2,0.000,0.013,0.000,0,200,200,11500.000,0.000,0.000
[WARNING] [stderr] 2026-08-12T23:38:45.568-0600	INFO	ForkJoinPool-1-worker-1	stdout	operator_cpu,trino,tpcds-parquet-sf10,q22,2,1/LocalExchangeSinkOperator@768,2,0.016,0.000,0.004,0,200,200,0.000,0.000,0.000
[WARNING] [stderr] 2026-08-12T23:38:45.568-0600	INFO	ForkJoinPool-1-worker-1	stdout	operator_cpu,trino,tpcds-parquet-sf10,q22,2,1/FilterAndProjectOperator@73,2,0.009,0.164,0.001,0,203751,203751,0.000,1.285,0.000
[WARNING] [stderr] 2026-08-12T23:38:45.568-0600	INFO	ForkJoinPool-1-worker-1	stdout	operator_cpu,trino,tpcds-parquet-sf10,q22,2,2/ExchangeOperator@567,2,0.000,2.180,0.000,0,102000,102000,21.340,2.208,0.000
[WARNING] [stderr] 2026-08-12T23:38:45.568-0600	INFO	ForkJoinPool-1-worker-1	stdout	operator_cpu,trino,tpcds-parquet-sf10,q22,2,2/LocalExchangeSourceOperator@738,2,0.000,0.056,0.000,0,102000,102000,38.960,0.000,0.000
[WARNING] [stderr] 2026-08-12T23:38:45.568-0600	INFO	ForkJoinPool-1-worker-1	stdout	operator_cpu,trino,tpcds-parquet-sf10,q22,2,2/ExchangeOperator@566,2,0.000,26.780,0.000,0,26520000,26520000,70.340,20.591,0.000
[WARNING] [stderr] 2026-08-12T23:38:45.568-0600	INFO	ForkJoinPool-1-worker-1	stdout	operator_cpu,trino,tpcds-parquet-sf10,q22,2,2/GroupIdOperator@8,2,1.711,12.940,0.001,0,26520000,132600000,0.000,0.000,0.000
[WARNING] [stderr] 2026-08-12T23:38:45.568-0600	INFO	ForkJoinPool-1-worker-1	stdout	operator_cpu,trino,tpcds-parquet-sf10,q22,2,2/PartitionedOutputOperator@812,2,11.380,0.000,0.163,0,203770,203770,0.000,0.000,0.000
[WARNING] [stderr] 2026-08-12T23:38:45.568-0600	INFO	ForkJoinPool-1-worker-1	stdout	operator_cpu,trino,tpcds-parquet-sf10,q22,2,2/HashAggregationOperator@812,2,9240.000,20.490,0.023,0,132600000,203770,0.000,11.921,0.000
[WARNING] [stderr] 2026-08-12T23:38:45.568-0600	INFO	ForkJoinPool-1-worker-1	stdout	operator_cpu,trino,tpcds-parquet-sf10,q22,2,2/FilterAndProjectOperator@91,2,2.490,127.780,0.115,0,26520000,26520000,0.000,1.357,0.000
[WARNING] [stderr] 2026-08-12T23:38:45.568-0600	INFO	ForkJoinPool-1-worker-1	stdout	operator_cpu,trino,tpcds-parquet-sf10,q22,2,2/LookupJoinOperator@4,2,0.366,1606.430,0.091,0,26520000,26520000,0.000,0.000,0.000
[WARNING] [stderr] 2026-08-12T23:38:45.568-0600	INFO	ForkJoinPool-1-worker-1	stdout	operator_cpu,trino,tpcds-parquet-sf10,q22,2,2/HashBuilderOperator@4,2,0.500,0.000,1.626,0,102000,102000,11300.000,5.813,0.000
[WARNING] [stderr] 2026-08-12T23:38:45.568-0600	INFO	ForkJoinPool-1-worker-1	stdout	operator_cpu,trino,tpcds-parquet-sf10,q22,2,2/LocalExchangeSinkOperator@738,2,0.056,0.000,0.029,0,102000,102000,0.000,0.000,0.000
[WARNING] [stderr] 2026-08-12T23:38:45.568-0600	INFO	ForkJoinPool-1-worker-1	stdout	operator_cpu,trino,tpcds-parquet-sf10,q22,2,2/DynamicFilterSourceOperator@4,2,1.525,0.052,0.010,0,102000,102000,0.000,0.001,0.000
[WARNING] [stderr] 2026-08-12T23:38:45.568-0600	INFO	ForkJoinPool-1-worker-1	stdout	operator_cpu,trino,tpcds-parquet-sf10,q22,2,3/ExchangeOperator@565,2,0.000,0.051,0.000,0,366,366,15.290,0.002,0.000
[WARNING] [stderr] 2026-08-12T23:38:45.568-0600	INFO	ForkJoinPool-1-worker-1	stdout	operator_cpu,trino,tpcds-parquet-sf10,q22,2,3/LocalExchangeSourceOperator@737,2,0.000,0.019,0.000,0,366,366,25.410,0.000,0.000
[WARNING] [stderr] 2026-08-12T23:38:45.568-0600	INFO	ForkJoinPool-1-worker-1	stdout	operator_cpu,trino,tpcds-parquet-sf10,q22,2,3/ExchangeOperator@564,2,0.000,265.300,0.000,0,133110000,133110000,3201.400,17.381,0.000
[WARNING] [stderr] 2026-08-12T23:38:45.568-0600	INFO	ForkJoinPool-1-worker-1	stdout	operator_cpu,trino,tpcds-parquet-sf10,q22,2,3/PartitionedOutputOperator@2,2,198.970,0.000,0.055,0,26520000,26520000,4350.000,0.000,0.000
[WARNING] [stderr] 2026-08-12T23:38:45.568-0600	INFO	ForkJoinPool-1-worker-1	stdout	operator_cpu,trino,tpcds-parquet-sf10,q22,2,3/LookupJoinOperator@2,2,2.390,1202.580,0.035,0,133110000,26520000,10.100,0.000,0.000
[WARNING] [stderr] 2026-08-12T23:38:45.568-0600	INFO	ForkJoinPool-1-worker-1	stdout	operator_cpu,trino,tpcds-parquet-sf10,q22,2,3/HashBuilderOperator@2,2,0.020,0.000,0.297,0,366,366,9770.000,0.125,0.000
[WARNING] [stderr] 2026-08-12T23:38:45.568-0600	INFO	ForkJoinPool-1-worker-1	stdout	operator_cpu,trino,tpcds-parquet-sf10,q22,2,3/LocalExchangeSinkOperator@737,2,0.056,0.000,0.031,0,366,366,0.000,0.000,0.000
[WARNING] [stderr] 2026-08-12T23:38:45.568-0600	INFO	ForkJoinPool-1-worker-1	stdout	operator_cpu,trino,tpcds-parquet-sf10,q22,2,3/DynamicFilterSourceOperator@2,2,0.028,0.011,0.425,0,366,366,0.000,0.002,0.000
[WARNING] [stderr] 2026-08-12T23:38:45.568-0600	INFO	ForkJoinPool-1-worker-1	stdout	operator_cpu,trino,tpcds-parquet-sf10,q22,2,6/TableScanOperator@3,1,0.000,4.920,0.000,102000,102000,102000,0.000,4.000,0.000
[WARNING] [stderr] 2026-08-12T23:38:45.568-0600	INFO	ForkJoinPool-1-worker-1	stdout	operator_cpu,trino,tpcds-parquet-sf10,q22,2,6/PartitionedOutputOperator@3,1,4.520,0.000,0.440,0,102000,102000,0.000,0.000,0.000
[WARNING] [stderr] 2026-08-12T23:38:45.568-0600	INFO	ForkJoinPool-1-worker-1	stdout	operator_cpu,trino,tpcds-parquet-sf10,q22,2,4/ScanFilterAndProjectOperator@649,6,0.000,1886.550,0.000,133110000,133110000,133110000,0.000,17.005,0.000
[WARNING] [stderr] 2026-08-12T23:38:45.568-0600	INFO	ForkJoinPool-1-worker-1	stdout	operator_cpu,trino,tpcds-parquet-sf10,q22,2,4/PartitionedOutputOperator@649,6,1275.800,0.000,0.587,0,133110000,133110000,16370.000,0.000,0.000
[WARNING] [stderr] 2026-08-12T23:38:45.568-0600	INFO	ForkJoinPool-1-worker-1	stdout	operator_cpu,trino,tpcds-parquet-sf10,q22,2,5/ScanFilterAndProjectOperator@286,1,0.000,4.080,0.000,73049,73049,366,0.000,3.000,0.000
[WARNING] [stderr] 2026-08-12T23:38:45.568-0600	INFO	ForkJoinPool-1-worker-1	stdout	operator_cpu,trino,tpcds-parquet-sf10,q22,2,5/PartitionedOutputOperator@286,1,0.010,0.000,0.039,0,366,366,0.000,0.000,0.000
[WARNING] [stderr] 2026-08-12T23:38:50.583-0600	INFO	ForkJoinPool-1-worker-1	stdout	operator_cpu,nitro,tpcds-parquet-sf10,q22,2,0/ExchangeOperator@569,1,0.000,0.051,0.000,0,200,200,4990.000,0.006,0.000
[WARNING] [stderr] 2026-08-12T23:38:50.583-0600	INFO	ForkJoinPool-1-worker-1	stdout	operator_cpu,nitro,tpcds-parquet-sf10,q22,2,0/LocalExchangeSourceOperator@740,1,0.000,0.003,0.000,0,200,200,4990.000,0.000,0.000
[WARNING] [stderr] 2026-08-12T23:38:50.583-0600	INFO	ForkJoinPool-1-worker-1	stdout	operator_cpu,nitro,tpcds-parquet-sf10,q22,2,0/TaskOutputOperator@18,1,0.024,0.000,0.001,0,100,100,0.000,0.000,0.000
[WARNING] [stderr] 2026-08-12T23:38:50.583-0600	INFO	ForkJoinPool-1-worker-1	stdout	operator_cpu,nitro,tpcds-parquet-sf10,q22,2,0/LocalExchangeSinkOperator@740,1,0.007,0.000,0.010,0,200,200,0.000,0.000,0.000
[WARNING] [stderr] 2026-08-12T23:38:50.583-0600	INFO	ForkJoinPool-1-worker-1	stdout	operator_cpu,nitro,tpcds-parquet-sf10,q22,2,0/TopNOperator@492,1,0.001,0.114,0.011,0,200,100,0.000,0.094,0.000
[WARNING] [stderr] 2026-08-12T23:38:50.583-0600	INFO	ForkJoinPool-1-worker-1	stdout	operator_cpu,nitro,tpcds-parquet-sf10,q22,2,1/ExchangeOperator@814,2,0.000,1.344,0.000,0,203770,203770,9940.000,1.212,0.000
[WARNING] [stderr] 2026-08-12T23:38:50.583-0600	INFO	ForkJoinPool-1-worker-1	stdout	operator_cpu,nitro,tpcds-parquet-sf10,q22,2,1/LocalExchangeSourceOperator@808,2,0.000,0.066,0.000,0,203770,203770,9920.000,0.000,0.000
[WARNING] [stderr] 2026-08-12T23:38:50.583-0600	INFO	ForkJoinPool-1-worker-1	stdout	operator_cpu,nitro,tpcds-parquet-sf10,q22,2,1/LocalExchangeSourceOperator@766,2,0.000,0.007,0.000,0,200,200,9960.000,0.000,0.000
[WARNING] [stderr] 2026-08-12T23:38:50.583-0600	INFO	ForkJoinPool-1-worker-1	stdout	operator_cpu,nitro,tpcds-parquet-sf10,q22,2,1/TaskOutputOperator@767,2,0.101,0.000,0.002,0,200,200,0.000,0.000,0.000
[WARNING] [stderr] 2026-08-12T23:38:50.583-0600	INFO	ForkJoinPool-1-worker-1	stdout	operator_cpu,nitro,tpcds-parquet-sf10,q22,2,1/TopNOperator@767,2,0.002,0.162,0.023,0,200,200,0.000,0.090,0.000
[WARNING] [stderr] 2026-08-12T23:38:50.583-0600	INFO	ForkJoinPool-1-worker-1	stdout	operator_cpu,nitro,tpcds-parquet-sf10,q22,2,1/LocalExchangeSourceOperator@768,2,0.000,0.014,0.000,0,200,200,9960.000,0.000,0.000
[WARNING] [stderr] 2026-08-12T23:38:50.583-0600	INFO	ForkJoinPool-1-worker-1	stdout	operator_cpu,nitro,tpcds-parquet-sf10,q22,2,1/LocalExchangeSinkOperator@768,2,0.011,0.000,0.005,0,200,200,0.000,0.000,0.000
[WARNING] [stderr] 2026-08-12T23:38:50.583-0600	INFO	ForkJoinPool-1-worker-1	stdout	operator_cpu,nitro,tpcds-parquet-sf10,q22,2,1/TopNOperator@765,2,0.002,0.160,0.024,0,200,200,0.000,0.090,0.000
[WARNING] [stderr] 2026-08-12T23:38:50.583-0600	INFO	ForkJoinPool-1-worker-1	stdout	operator_cpu,nitro,tpcds-parquet-sf10,q22,2,1/LocalExchangeSinkOperator@766,2,0.016,0.000,0.030,0,200,200,0.000,0.000,0.000
[WARNING] [stderr] 2026-08-12T23:38:50.583-0600	INFO	ForkJoinPool-1-worker-1	stdout	operator_cpu,nitro,tpcds-parquet-sf10,q22,2,1/TopNOperator@491,2,0.008,3.180,0.120,0,203751,200,0.000,0.094,0.000
[WARNING] [stderr] 2026-08-12T23:38:50.583-0600	INFO	ForkJoinPool-1-worker-1	stdout	operator_cpu,nitro,tpcds-parquet-sf10,q22,2,1/LocalExchangeSinkOperator@808,2,7.190,0.000,0.019,0,203770,203770,0.000,0.000,0.000
[WARNING] [stderr] 2026-08-12T23:38:50.583-0600	INFO	ForkJoinPool-1-worker-1	stdout	operator_cpu,nitro,tpcds-parquet-sf10,q22,2,1/TrinoNitroAggregationOperator@9,2,25.660,15.780,0.035,0,203770,203751,0.000,25.587,0.000
[WARNING] [stderr] 2026-08-12T23:38:50.583-0600	INFO	ForkJoinPool-1-worker-1	stdout	operator_cpu,nitro,tpcds-parquet-sf10,q22,2,2/ExchangeOperator@567,2,0.000,0.637,0.000,0,102000,102000,27.030,1.071,0.000
[WARNING] [stderr] 2026-08-12T23:38:50.583-0600	INFO	ForkJoinPool-1-worker-1	stdout	operator_cpu,nitro,tpcds-parquet-sf10,q22,2,2/LocalExchangeSourceOperator@738,2,0.000,0.034,0.000,0,102000,102000,29.900,0.000,0.000
[WARNING] [stderr] 2026-08-12T23:38:50.583-0600	INFO	ForkJoinPool-1-worker-1	stdout	operator_cpu,nitro,tpcds-parquet-sf10,q22,2,2/ExchangeOperator@566,2,0.000,18.260,0.000,0,26520000,26520000,84.680,20.311,0.000
[WARNING] [stderr] 2026-08-12T23:38:50.583-0600	INFO	ForkJoinPool-1-worker-1	stdout	operator_cpu,nitro,tpcds-parquet-sf10,q22,2,2/PartitionedOutputOperator@812,2,12.960,0.000,0.138,0,203770,203770,0.000,0.000,0.000
[WARNING] [stderr] 2026-08-12T23:38:50.583-0600	INFO	ForkJoinPool-1-worker-1	stdout	operator_cpu,nitro,tpcds-parquet-sf10,q22,2,2/TrinoNitroAggregationOperator@812,2,2.760,9190.000,1.303,0,26520000,203770,0.000,19.454,0.000
[WARNING] [stderr] 2026-08-12T23:38:50.583-0600	INFO	ForkJoinPool-1-worker-1	stdout	operator_cpu,nitro,tpcds-parquet-sf10,q22,2,2/TrinoNitroHashJoinOperator@4,2,2.950,335.000,0.089,0,26520000,26520000,37.420,8.279,0.000
[WARNING] [stderr] 2026-08-12T23:38:50.583-0600	INFO	ForkJoinPool-1-worker-1	stdout	operator_cpu,nitro,tpcds-parquet-sf10,q22,2,2/TrinoNitroHashBuildOperator@4,2,0.753,0.000,4.990,0,102000,0,9680.000,12.089,0.000
[WARNING] [stderr] 2026-08-12T23:38:50.583-0600	INFO	ForkJoinPool-1-worker-1	stdout	operator_cpu,nitro,tpcds-parquet-sf10,q22,2,2/LocalExchangeSinkOperator@738,2,0.056,0.000,0.024,0,102000,102000,0.000,0.000,0.000
[WARNING] [stderr] 2026-08-12T23:38:50.583-0600	INFO	ForkJoinPool-1-worker-1	stdout	operator_cpu,nitro,tpcds-parquet-sf10,q22,2,2/DynamicFilterSourceOperator@4,2,1.292,0.031,0.071,0,102000,102000,0.000,0.141,0.000
[WARNING] [stderr] 2026-08-12T23:38:50.583-0600	INFO	ForkJoinPool-1-worker-1	stdout	operator_cpu,nitro,tpcds-parquet-sf10,q22,2,3/ExchangeOperator@565,2,0.000,0.027,0.000,0,366,366,11.540,0.002,0.000
[WARNING] [stderr] 2026-08-12T23:38:50.583-0600	INFO	ForkJoinPool-1-worker-1	stdout	operator_cpu,nitro,tpcds-parquet-sf10,q22,2,3/LocalExchangeSourceOperator@737,2,0.000,0.006,0.000,0,366,366,12.910,0.000,0.000
[WARNING] [stderr] 2026-08-12T23:38:50.583-0600	INFO	ForkJoinPool-1-worker-1	stdout	operator_cpu,nitro,tpcds-parquet-sf10,q22,2,3/ExchangeOperator@564,2,0.000,41.750,0.000,0,26520000,26520000,1198.890,16.946,0.000
[WARNING] [stderr] 2026-08-12T23:38:50.583-0600	INFO	ForkJoinPool-1-worker-1	stdout	operator_cpu,nitro,tpcds-parquet-sf10,q22,2,3/PartitionedOutputOperator@2,2,182.020,0.000,0.342,0,26520000,26520000,6270.000,0.000,0.000
[WARNING] [stderr] 2026-08-12T23:38:50.583-0600	INFO	ForkJoinPool-1-worker-1	stdout	operator_cpu,nitro,tpcds-parquet-sf10,q22,2,3/TrinoNitroHashJoinOperator@2,2,2.670,291.240,0.070,0,26520000,26520000,14.130,29.658,0.000
[WARNING] [stderr] 2026-08-12T23:38:50.583-0600	INFO	ForkJoinPool-1-worker-1	stdout	operator_cpu,nitro,tpcds-parquet-sf10,q22,2,3/TrinoNitroHashBuildOperator@2,2,0.040,0.000,1.168,0,366,0,8110.000,16.613,0.000
[WARNING] [stderr] 2026-08-12T23:38:50.583-0600	INFO	ForkJoinPool-1-worker-1	stdout	operator_cpu,nitro,tpcds-parquet-sf10,q22,2,3/LocalExchangeSinkOperator@737,2,0.013,0.000,0.032,0,366,366,0.000,0.000,0.000
[WARNING] [stderr] 2026-08-12T23:38:50.583-0600	INFO	ForkJoinPool-1-worker-1	stdout	operator_cpu,nitro,tpcds-parquet-sf10,q22,2,3/DynamicFilterSourceOperator@2,2,0.020,0.017,0.268,0,366,366,0.000,0.002,0.000
[WARNING] [stderr] 2026-08-12T23:38:50.583-0600	INFO	ForkJoinPool-1-worker-1	stdout	operator_cpu,nitro,tpcds-parquet-sf10,q22,2,6/TrinoNitroPipelineSourceOperator@3,1,0.000,3.710,0.000,102000,102000,102000,0.000,2.277,0.000
[WARNING] [stderr] 2026-08-12T23:38:50.583-0600	INFO	ForkJoinPool-1-worker-1	stdout	operator_cpu,nitro,tpcds-parquet-sf10,q22,2,6/PartitionedOutputOperator@3,1,7.650,0.000,0.136,0,102000,102000,0.000,0.000,0.000
[WARNING] [stderr] 2026-08-12T23:38:50.583-0600	INFO	ForkJoinPool-1-worker-1	stdout	operator_cpu,nitro,tpcds-parquet-sf10,q22,2,4/TrinoNitroPipelineSourceOperator@649,6,0.000,806.040,0.000,133110000,26520000,26520000,81.620,0.877,0.000
[WARNING] [stderr] 2026-08-12T23:38:50.583-0600	INFO	ForkJoinPool-1-worker-1	stdout	operator_cpu,nitro,tpcds-parquet-sf10,q22,2,4/PartitionedOutputOperator@649,6,274.910,0.000,0.564,0,26520000,26520000,11310.000,0.000,0.000
[WARNING] [stderr] 2026-08-12T23:38:50.583-0600	INFO	ForkJoinPool-1-worker-1	stdout	operator_cpu,nitro,tpcds-parquet-sf10,q22,2,5/TrinoNitroPipelineSourceOperator@286,1,0.000,1.140,0.000,73049,366,366,0.000,0.534,0.000
[WARNING] [stderr] 2026-08-12T23:38:50.583-0600	INFO	ForkJoinPool-1-worker-1	stdout	operator_cpu,nitro,tpcds-parquet-sf10,q22,2,5/PartitionedOutputOperator@286,1,0.019,0.000,0.055,0,366,366,0.000,0.000,0.000
[WARNING] [stderr] 2026-08-12T23:38:50.583-0600	INFO	ForkJoinPool-1-worker-1	stdout	operator_metric,nitro,tpcds-parquet-sf10,q22,2,1/TrinoNitroAggregationOperator@9,nitroProjectionIntegerWideningPositions,0
[WARNING] [stderr] 2026-08-12T23:38:50.583-0600	INFO	ForkJoinPool-1-worker-1	stdout	operator_metric,nitro,tpcds-parquet-sf10,q22,2,1/TrinoNitroAggregationOperator@9,nitroAggregationInputNanos,25376823
[WARNING] [stderr] 2026-08-12T23:38:50.583-0600	INFO	ForkJoinPool-1-worker-1	stdout	operator_metric,nitro,tpcds-parquet-sf10,q22,2,1/TrinoNitroAggregationOperator@9,nitroProjectionGeneratedLayoutFallbacks,0
[WARNING] [stderr] 2026-08-12T23:38:50.583-0600	INFO	ForkJoinPool-1-worker-1	stdout	operator_metric,nitro,tpcds-parquet-sf10,q22,2,1/TrinoNitroAggregationOperator@9,nitroBoundaryPageIngressPages,16
[WARNING] [stderr] 2026-08-12T23:38:50.583-0600	INFO	ForkJoinPool-1-worker-1	stdout	operator_metric,nitro,tpcds-parquet-sf10,q22,2,1/TrinoNitroAggregationOperator@9,nitroProjectionPlannedAssignments,0
[WARNING] [stderr] 2026-08-12T23:38:50.583-0600	INFO	ForkJoinPool-1-worker-1	stdout	operator_metric,nitro,tpcds-parquet-sf10,q22,2,1/TrinoNitroAggregationOperator@9,nitroBoundaryPageEgressPages,14
[WARNING] [stderr] 2026-08-12T23:38:50.583-0600	INFO	ForkJoinPool-1-worker-1	stdout	operator_metric,nitro,tpcds-parquet-sf10,q22,2,1/TrinoNitroAggregationOperator@9,nitroAggregationInitialEncodedKeyNanos,0
[WARNING] [stderr] 2026-08-12T23:38:50.583-0600	INFO	ForkJoinPool-1-worker-1	stdout	operator_metric,nitro,tpcds-parquet-sf10,q22,2,1/TrinoNitroAggregationOperator@9,nitroAggregationOutputNanos,60152
[WARNING] [stderr] 2026-08-12T23:38:50.583-0600	INFO	ForkJoinPool-1-worker-1	stdout	operator_metric,nitro,tpcds-parquet-sf10,q22,2,1/TrinoNitroAggregationOperator@9,nitroProjectionDictionaryFlatteningPositions,0
[WARNING] [stderr] 2026-08-12T23:38:50.583-0600	INFO	ForkJoinPool-1-worker-1	stdout	operator_metric,nitro,tpcds-parquet-sf10,q22,2,1/TrinoNitroAggregationOperator@9,nitroBoundaryPageEgressPositions,203751
[WARNING] [stderr] 2026-08-12T23:38:50.583-0600	INFO	ForkJoinPool-1-worker-1	stdout	operator_metric,nitro,tpcds-parquet-sf10,q22,2,1/TrinoNitroAggregationOperator@9,nitroAggregationFusedNanos,0
[WARNING] [stderr] 2026-08-12T23:38:50.583-0600	INFO	ForkJoinPool-1-worker-1	stdout	operator_metric,nitro,tpcds-parquet-sf10,q22,2,1/TrinoNitroAggregationOperator@9,nitroAggregationAccumulationNanos,1069978
[WARNING] [stderr] 2026-08-12T23:38:50.583-0600	INFO	ForkJoinPool-1-worker-1	stdout	operator_metric,nitro,tpcds-parquet-sf10,q22,2,1/TrinoNitroAggregationOperator@9,nitroProjectionGeneratedAttempts,0
[WARNING] [stderr] 2026-08-12T23:38:50.583-0600	INFO	ForkJoinPool-1-worker-1	stdout	operator_metric,nitro,tpcds-parquet-sf10,q22,2,1/TrinoNitroAggregationOperator@9,nitroProjectionGeneratedSuccesses,0
[WARNING] [stderr] 2026-08-12T23:38:50.583-0600	INFO	ForkJoinPool-1-worker-1	stdout	operator_metric,nitro,tpcds-parquet-sf10,q22,2,1/TrinoNitroAggregationOperator@9,nitroAggregationInitialFlatKeyNanos,0
[WARNING] [stderr] 2026-08-12T23:38:50.583-0600	INFO	ForkJoinPool-1-worker-1	stdout	operator_metric,nitro,tpcds-parquet-sf10,q22,2,1/TrinoNitroAggregationOperator@9,nitroBoundaryNativeEgressDictionaryChannelPositions,0
[WARNING] [stderr] 2026-08-12T23:38:50.583-0600	INFO	ForkJoinPool-1-worker-1	stdout	operator_metric,nitro,tpcds-parquet-sf10,q22,2,1/TrinoNitroAggregationOperator@9,nitroBoundaryPageIngressFlatChannelPositions,1222620
[WARNING] [stderr] 2026-08-12T23:38:50.583-0600	INFO	ForkJoinPool-1-worker-1	stdout	operator_metric,nitro,tpcds-parquet-sf10,q22,2,1/TrinoNitroAggregationOperator@9,nitroProjectionPlannedComputedOutputs,0
[WARNING] [stderr] 2026-08-12T23:38:50.583-0600	INFO	ForkJoinPool-1-worker-1	stdout	operator_metric,nitro,tpcds-parquet-sf10,q22,2,1/TrinoNitroAggregationOperator@9,nitroAggregationPipelineNanos,0
[WARNING] [stderr] 2026-08-12T23:38:50.583-0600	INFO	ForkJoinPool-1-worker-1	stdout	operator_metric,nitro,tpcds-parquet-sf10,q22,2,1/TrinoNitroAggregationOperator@9,nitroAggregationStatePreparationNanos,193687
[WARNING] [stderr] 2026-08-12T23:38:50.583-0600	INFO	ForkJoinPool-1-worker-1	stdout	operator_metric,nitro,tpcds-parquet-sf10,q22,2,1/TrinoNitroAggregationOperator@9,nitroProjectionRunLengthInputPositions,0
[WARNING] [stderr] 2026-08-12T23:38:50.583-0600	INFO	ForkJoinPool-1-worker-1	stdout	operator_metric,nitro,tpcds-parquet-sf10,q22,2,1/TrinoNitroAggregationOperator@9,nitroAggregationGroupingNanos,23748970
[WARNING] [stderr] 2026-08-12T23:38:50.583-0600	INFO	ForkJoinPool-1-worker-1	stdout	operator_metric,nitro,tpcds-parquet-sf10,q22,2,1/TrinoNitroAggregationOperator@9,nitroBoundaryPageIngressRunLengthChannelPositions,0
[WARNING] [stderr] 2026-08-12T23:38:50.583-0600	INFO	ForkJoinPool-1-worker-1	stdout	operator_metric,nitro,tpcds-parquet-sf10,q22,2,1/TrinoNitroAggregationOperator@9,nitroBoundaryNativeEgressRunLengthChannelPositions,0
[WARNING] [stderr] 2026-08-12T23:38:50.583-0600	INFO	ForkJoinPool-1-worker-1	stdout	operator_metric,nitro,tpcds-parquet-sf10,q22,2,1/TrinoNitroAggregationOperator@9,nitroProjectionDictionaryNullExpansionPositions,0
[WARNING] [stderr] 2026-08-12T23:38:50.583-0600	INFO	ForkJoinPool-1-worker-1	stdout	operator_metric,nitro,tpcds-parquet-sf10,q22,2,1/TrinoNitroAggregationOperator@9,nitroBoundaryPageEgressFlatChannelPositions,1018755
[WARNING] [stderr] 2026-08-12T23:38:50.583-0600	INFO	ForkJoinPool-1-worker-1	stdout	operator_metric,nitro,tpcds-parquet-sf10,q22,2,1/TrinoNitroAggregationOperator@9,nitroProjectionOtherInputPositions,0
[WARNING] [stderr] 2026-08-12T23:38:50.583-0600	INFO	ForkJoinPool-1-worker-1	stdout	operator_metric,nitro,tpcds-parquet-sf10,q22,2,1/TrinoNitroAggregationOperator@9,nitroProjectionOtherNullExpansionPositions,0
[WARNING] [stderr] 2026-08-12T23:38:50.583-0600	INFO	ForkJoinPool-1-worker-1	stdout	operator_metric,nitro,tpcds-parquet-sf10,q22,2,1/TrinoNitroAggregationOperator@9,nitroBoundaryPageIngressDictionaryChannelPositions,0
[WARNING] [stderr] 2026-08-12T23:38:50.583-0600	INFO	ForkJoinPool-1-worker-1	stdout	operator_metric,nitro,tpcds-parquet-sf10,q22,2,1/TrinoNitroAggregationOperator@9,nitroBoundaryPageIngressBytes,17374309
[WARNING] [stderr] 2026-08-12T23:38:50.583-0600	INFO	ForkJoinPool-1-worker-1	stdout	operator_metric,nitro,tpcds-parquet-sf10,q22,2,1/TrinoNitroAggregationOperator@9,nitroProjectionGeneratedSelectedPositions,0
[WARNING] [stderr] 2026-08-12T23:38:50.583-0600	INFO	ForkJoinPool-1-worker-1	stdout	operator_metric,nitro,tpcds-parquet-sf10,q22,2,1/TrinoNitroAggregationOperator@9,nitroBoundaryPageEgressRunLengthChannelPositions,0
[WARNING] [stderr] 2026-08-12T23:38:50.583-0600	INFO	ForkJoinPool-1-worker-1	stdout	operator_metric,nitro,tpcds-parquet-sf10,q22,2,1/TrinoNitroAggregationOperator@9,nitroProjectionDictionaryInputPositions,0
[WARNING] [stderr] 2026-08-12T23:38:50.583-0600	INFO	ForkJoinPool-1-worker-1	stdout	operator_metric,nitro,tpcds-parquet-sf10,q22,2,1/TrinoNitroAggregationOperator@9,nitroBoundaryPageEgressBytes,13501933
[WARNING] [stderr] 2026-08-12T23:38:50.583-0600	INFO	ForkJoinPool-1-worker-1	stdout	operator_metric,nitro,tpcds-parquet-sf10,q22,2,1/TrinoNitroAggregationOperator@9,nitroAggregationInitialKeyNanos,0
[WARNING] [stderr] 2026-08-12T23:38:50.583-0600	INFO	ForkJoinPool-1-worker-1	stdout	operator_metric,nitro,tpcds-parquet-sf10,q22,2,1/TrinoNitroAggregationOperator@9,nitroProjectionGeneratedKernels,0
[WARNING] [stderr] 2026-08-12T23:38:50.583-0600	INFO	ForkJoinPool-1-worker-1	stdout	operator_metric,nitro,tpcds-parquet-sf10,q22,2,1/TrinoNitroAggregationOperator@9,nitroProjectionGeneratedOutputs,0
[WARNING] [stderr] 2026-08-12T23:38:50.583-0600	INFO	ForkJoinPool-1-worker-1	stdout	operator_metric,nitro,tpcds-parquet-sf10,q22,2,1/TrinoNitroAggregationOperator@9,nitroBoundaryPageIngressPositions,203770
[WARNING] [stderr] 2026-08-12T23:38:50.583-0600	INFO	ForkJoinPool-1-worker-1	stdout	operator_metric,nitro,tpcds-parquet-sf10,q22,2,1/TrinoNitroAggregationOperator@9,nitroProjectionFlatInputPositions,0
[WARNING] [stderr] 2026-08-12T23:38:50.584-0600	INFO	ForkJoinPool-1-worker-1	stdout	operator_metric,nitro,tpcds-parquet-sf10,q22,2,1/TrinoNitroAggregationOperator@9,nitroAggregationFlushNanos,0
[WARNING] [stderr] 2026-08-12T23:38:50.584-0600	INFO	ForkJoinPool-1-worker-1	stdout	operator_metric,nitro,tpcds-parquet-sf10,q22,2,1/TrinoNitroAggregationOperator@9,nitroBoundaryNativeEgressFlatChannelPositions,1018755
[WARNING] [stderr] 2026-08-12T23:38:50.584-0600	INFO	ForkJoinPool-1-worker-1	stdout	operator_metric,nitro,tpcds-parquet-sf10,q22,2,1/TrinoNitroAggregationOperator@9,nitroAggregationInitialAggregationNanos,0
[WARNING] [stderr] 2026-08-12T23:38:50.584-0600	INFO	ForkJoinPool-1-worker-1	stdout	operator_metric,nitro,tpcds-parquet-sf10,q22,2,1/TrinoNitroAggregationOperator@9,nitroProjectionGeneratedErrorFallbacks,0
[WARNING] [stderr] 2026-08-12T23:38:50.584-0600	INFO	ForkJoinPool-1-worker-1	stdout	operator_metric,nitro,tpcds-parquet-sf10,q22,2,1/TrinoNitroAggregationOperator@9,nitroBoundaryPageEgressDictionaryChannelPositions,0
[WARNING] [stderr] 2026-08-12T23:38:50.584-0600	INFO	ForkJoinPool-1-worker-1	stdout	operator_metric,nitro,tpcds-parquet-sf10,q22,2,2/PartitionedOutputOperator@812,nitroExchangeLowDictionaryReusePositions,0
[WARNING] [stderr] 2026-08-12T23:38:50.584-0600	INFO	ForkJoinPool-1-worker-1	stdout	operator_metric,nitro,tpcds-parquet-sf10,q22,2,2/PartitionedOutputOperator@812,nitroExchangeDictionaryUnsupportedPositions,0
[WARNING] [stderr] 2026-08-12T23:38:50.584-0600	INFO	ForkJoinPool-1-worker-1	stdout	operator_metric,nitro,tpcds-parquet-sf10,q22,2,2/PartitionedOutputOperator@812,nitroExchangeInputPositions,203770
[WARNING] [stderr] 2026-08-12T23:38:50.584-0600	INFO	ForkJoinPool-1-worker-1	stdout	operator_metric,nitro,tpcds-parquet-sf10,q22,2,2/PartitionedOutputOperator@812,nitroExchangeInputRunLengthChannelPositions,0
[WARNING] [stderr] 2026-08-12T23:38:50.584-0600	INFO	ForkJoinPool-1-worker-1	stdout	operator_metric,nitro,tpcds-parquet-sf10,q22,2,2/PartitionedOutputOperator@812,nitroExchangeInputPages,14
[WARNING] [stderr] 2026-08-12T23:38:50.584-0600	INFO	ForkJoinPool-1-worker-1	stdout	operator_metric,nitro,tpcds-parquet-sf10,q22,2,2/PartitionedOutputOperator@812,nitroExchangeInputDictionaryChannelPositions,0
[WARNING] [stderr] 2026-08-12T23:38:50.584-0600	INFO	ForkJoinPool-1-worker-1	stdout	operator_metric,nitro,tpcds-parquet-sf10,q22,2,2/PartitionedOutputOperator@812,nitroExchangeInputFlatChannelPositions,1222620
[WARNING] [stderr] 2026-08-12T23:38:50.584-0600	INFO	ForkJoinPool-1-worker-1	stdout	operator_metric,nitro,tpcds-parquet-sf10,q22,2,2/PartitionedOutputOperator@812,nitroExchangeRunLengthUnsupportedPositions,0
[WARNING] [stderr] 2026-08-12T23:38:50.584-0600	INFO	ForkJoinPool-1-worker-1	stdout	operator_metric,nitro,tpcds-parquet-sf10,q22,2,2/PartitionedOutputOperator@812,nitroExchangePreservedPositions,0
[WARNING] [stderr] 2026-08-12T23:38:50.584-0600	INFO	ForkJoinPool-1-worker-1	stdout	operator_metric,nitro,tpcds-parquet-sf10,q22,2,2/PartitionedOutputOperator@812,nitroExchangeNoDictionaryPositions,203770
[WARNING] [stderr] 2026-08-12T23:38:50.584-0600	INFO	ForkJoinPool-1-worker-1	stdout	operator_metric,nitro,tpcds-parquet-sf10,q22,2,2/PartitionedOutputOperator@812,nitroExchangeSmallPagePositions,0
[WARNING] [stderr] 2026-08-12T23:38:50.584-0600	INFO	ForkJoinPool-1-worker-1	stdout	operator_metric,nitro,tpcds-parquet-sf10,q22,2,2/TrinoNitroAggregationOperator@812,nitroBoundaryNativeExchangeMaximumChannel3Bytes,4322891
[WARNING] [stderr] 2026-08-12T23:38:50.584-0600	INFO	ForkJoinPool-1-worker-1	stdout	operator_metric,nitro,tpcds-parquet-sf10,q22,2,2/TrinoNitroAggregationOperator@812,nitroAggregationGroupingNanos,8411960249
[WARNING] [stderr] 2026-08-12T23:38:50.584-0600	INFO	ForkJoinPool-1-worker-1	stdout	operator_metric,nitro,tpcds-parquet-sf10,q22,2,2/TrinoNitroAggregationOperator@812,nitroProjectionDictionaryFlatteningPositions,0
[WARNING] [stderr] 2026-08-12T23:38:50.584-0600	INFO	ForkJoinPool-1-worker-1	stdout	operator_metric,nitro,tpcds-parquet-sf10,q22,2,2/TrinoNitroAggregationOperator@812,nitroBoundaryNativeExchangePositions,203770
[WARNING] [stderr] 2026-08-12T23:38:50.584-0600	INFO	ForkJoinPool-1-worker-1	stdout	operator_metric,nitro,tpcds-parquet-sf10,q22,2,2/TrinoNitroAggregationOperator@812,nitroProjectionGeneratedKernels,0
[WARNING] [stderr] 2026-08-12T23:38:50.584-0600	INFO	ForkJoinPool-1-worker-1	stdout	operator_metric,nitro,tpcds-parquet-sf10,q22,2,2/TrinoNitroAggregationOperator@812,nitroAggregationFusedNanos,0
[WARNING] [stderr] 2026-08-12T23:38:50.584-0600	INFO	ForkJoinPool-1-worker-1	stdout	operator_metric,nitro,tpcds-parquet-sf10,q22,2,2/TrinoNitroAggregationOperator@812,nitroAggregationInitialFlatKeyNanos,0
[WARNING] [stderr] 2026-08-12T23:38:50.584-0600	INFO	ForkJoinPool-1-worker-1	stdout	operator_metric,nitro,tpcds-parquet-sf10,q22,2,2/TrinoNitroAggregationOperator@812,nitroAggregationOutputNanos,134909
[WARNING] [stderr] 2026-08-12T23:38:50.584-0600	INFO	ForkJoinPool-1-worker-1	stdout	operator_metric,nitro,tpcds-parquet-sf10,q22,2,2/TrinoNitroAggregationOperator@812,nitroAggregationStatePreparationNanos,602408
[WARNING] [stderr] 2026-08-12T23:38:50.584-0600	INFO	ForkJoinPool-1-worker-1	stdout	operator_metric,nitro,tpcds-parquet-sf10,q22,2,2/TrinoNitroAggregationOperator@812,nitroBoundaryNativeExchangeMaximumChannel0Bytes,2273152
[WARNING] [stderr] 2026-08-12T23:38:50.584-0600	INFO	ForkJoinPool-1-worker-1	stdout	operator_metric,nitro,tpcds-parquet-sf10,q22,2,2/TrinoNitroAggregationOperator@812,nitroProjectionOtherInputPositions,0
[WARNING] [stderr] 2026-08-12T23:38:50.584-0600	INFO	ForkJoinPool-1-worker-1	stdout	operator_metric,nitro,tpcds-parquet-sf10,q22,2,2/TrinoNitroAggregationOperator@812,nitroBoundaryNativeExchangeMaximumChannel4Bytes,294912
[WARNING] [stderr] 2026-08-12T23:38:50.584-0600	INFO	ForkJoinPool-1-worker-1	stdout	operator_metric,nitro,tpcds-parquet-sf10,q22,2,2/TrinoNitroAggregationOperator@812,nitroBoundaryNativeExchangeBatches,14
[WARNING] [stderr] 2026-08-12T23:38:50.584-0600	INFO	ForkJoinPool-1-worker-1	stdout	operator_metric,nitro,tpcds-parquet-sf10,q22,2,2/TrinoNitroAggregationOperator@812,nitroProjectionPlannedAssignments,0
[WARNING] [stderr] 2026-08-12T23:38:50.584-0600	INFO	ForkJoinPool-1-worker-1	stdout	operator_metric,nitro,tpcds-parquet-sf10,q22,2,2/TrinoNitroAggregationOperator@812,nitroAggregationInputNanos,8973954460
[WARNING] [stderr] 2026-08-12T23:38:50.584-0600	INFO	ForkJoinPool-1-worker-1	stdout	operator_metric,nitro,tpcds-parquet-sf10,q22,2,2/TrinoNitroAggregationOperator@812,nitroAggregationFlushNanos,0
[WARNING] [stderr] 2026-08-12T23:38:50.584-0600	INFO	ForkJoinPool-1-worker-1	stdout	operator_metric,nitro,tpcds-parquet-sf10,q22,2,2/TrinoNitroAggregationOperator@812,nitroProjectionGeneratedAttempts,0
[WARNING] [stderr] 2026-08-12T23:38:50.584-0600	INFO	ForkJoinPool-1-worker-1	stdout	operator_metric,nitro,tpcds-parquet-sf10,q22,2,2/TrinoNitroAggregationOperator@812,nitroProjectionGeneratedSelectedPositions,0
[WARNING] [stderr] 2026-08-12T23:38:50.584-0600	INFO	ForkJoinPool-1-worker-1	stdout	operator_metric,nitro,tpcds-parquet-sf10,q22,2,2/TrinoNitroAggregationOperator@812,nitroProjectionGeneratedSuccesses,0
[WARNING] [stderr] 2026-08-12T23:38:50.584-0600	INFO	ForkJoinPool-1-worker-1	stdout	operator_metric,nitro,tpcds-parquet-sf10,q22,2,2/TrinoNitroAggregationOperator@812,nitroBoundaryNativeExchangeMaximumChannel1Bytes,1480136
[WARNING] [stderr] 2026-08-12T23:38:50.584-0600	INFO	ForkJoinPool-1-worker-1	stdout	operator_metric,nitro,tpcds-parquet-sf10,q22,2,2/TrinoNitroAggregationOperator@812,nitroBoundaryNativeExchangeMaximumBatchBytes,12828177
[WARNING] [stderr] 2026-08-12T23:38:50.584-0600	INFO	ForkJoinPool-1-worker-1	stdout	operator_metric,nitro,tpcds-parquet-sf10,q22,2,2/TrinoNitroAggregationOperator@812,nitroBoundaryNativeExchangeMaximumChannel5Bytes,557056
[WARNING] [stderr] 2026-08-12T23:38:50.584-0600	INFO	ForkJoinPool-1-worker-1	stdout	operator_metric,nitro,tpcds-parquet-sf10,q22,2,2/TrinoNitroAggregationOperator@812,nitroProjectionGeneratedErrorFallbacks,0
[WARNING] [stderr] 2026-08-12T23:38:50.584-0600	INFO	ForkJoinPool-1-worker-1	stdout	operator_metric,nitro,tpcds-parquet-sf10,q22,2,2/TrinoNitroAggregationOperator@812,nitroProjectionOtherNullExpansionPositions,0
[WARNING] [stderr] 2026-08-12T23:38:50.584-0600	INFO	ForkJoinPool-1-worker-1	stdout	operator_metric,nitro,tpcds-parquet-sf10,q22,2,2/TrinoNitroAggregationOperator@812,nitroAggregationInitialAggregationNanos,0
[WARNING] [stderr] 2026-08-12T23:38:50.584-0600	INFO	ForkJoinPool-1-worker-1	stdout	operator_metric,nitro,tpcds-parquet-sf10,q22,2,2/TrinoNitroAggregationOperator@812,nitroProjectionIntegerWideningPositions,0
[WARNING] [stderr] 2026-08-12T23:38:50.584-0600	INFO	ForkJoinPool-1-worker-1	stdout	operator_metric,nitro,tpcds-parquet-sf10,q22,2,2/TrinoNitroAggregationOperator@812,nitroAggregationAccumulationNanos,559073063
[WARNING] [stderr] 2026-08-12T23:38:50.584-0600	INFO	ForkJoinPool-1-worker-1	stdout	operator_metric,nitro,tpcds-parquet-sf10,q22,2,2/TrinoNitroAggregationOperator@812,nitroBoundaryNativeExchangeBytes,36326815
[WARNING] [stderr] 2026-08-12T23:38:50.584-0600	INFO	ForkJoinPool-1-worker-1	stdout	operator_metric,nitro,tpcds-parquet-sf10,q22,2,2/TrinoNitroAggregationOperator@812,nitroProjectionDictionaryNullExpansionPositions,0
[WARNING] [stderr] 2026-08-12T23:38:50.584-0600	INFO	ForkJoinPool-1-worker-1	stdout	operator_metric,nitro,tpcds-parquet-sf10,q22,2,2/TrinoNitroAggregationOperator@812,nitroProjectionFlatInputPositions,0
[WARNING] [stderr] 2026-08-12T23:38:50.584-0600	INFO	ForkJoinPool-1-worker-1	stdout	operator_metric,nitro,tpcds-parquet-sf10,q22,2,2/TrinoNitroAggregationOperator@812,nitroBoundaryNativeExchangeMaximumChannel2Bytes,4073392
[WARNING] [stderr] 2026-08-12T23:38:50.584-0600	INFO	ForkJoinPool-1-worker-1	stdout	operator_metric,nitro,tpcds-parquet-sf10,q22,2,2/TrinoNitroAggregationOperator@812,nitroProjectionRunLengthInputPositions,0
[WARNING] [stderr] 2026-08-12T23:38:50.584-0600	INFO	ForkJoinPool-1-worker-1	stdout	operator_metric,nitro,tpcds-parquet-sf10,q22,2,2/TrinoNitroAggregationOperator@812,nitroProjectionGeneratedLayoutFallbacks,0
[WARNING] [stderr] 2026-08-12T23:38:50.584-0600	INFO	ForkJoinPool-1-worker-1	stdout	operator_metric,nitro,tpcds-parquet-sf10,q22,2,2/TrinoNitroAggregationOperator@812,nitroAggregationInitialEncodedKeyNanos,0
[WARNING] [stderr] 2026-08-12T23:38:50.584-0600	INFO	ForkJoinPool-1-worker-1	stdout	operator_metric,nitro,tpcds-parquet-sf10,q22,2,2/TrinoNitroAggregationOperator@812,nitroProjectionPlannedComputedOutputs,0
[WARNING] [stderr] 2026-08-12T23:38:50.584-0600	INFO	ForkJoinPool-1-worker-1	stdout	operator_metric,nitro,tpcds-parquet-sf10,q22,2,2/TrinoNitroAggregationOperator@812,nitroAggregationInitialKeyNanos,0
[WARNING] [stderr] 2026-08-12T23:38:50.584-0600	INFO	ForkJoinPool-1-worker-1	stdout	operator_metric,nitro,tpcds-parquet-sf10,q22,2,2/TrinoNitroAggregationOperator@812,nitroProjectionGeneratedOutputs,0
[WARNING] [stderr] 2026-08-12T23:38:50.584-0600	INFO	ForkJoinPool-1-worker-1	stdout	operator_metric,nitro,tpcds-parquet-sf10,q22,2,2/TrinoNitroAggregationOperator@812,nitroProjectionDictionaryInputPositions,0
[WARNING] [stderr] 2026-08-12T23:38:50.584-0600	INFO	ForkJoinPool-1-worker-1	stdout	operator_metric,nitro,tpcds-parquet-sf10,q22,2,2/TrinoNitroAggregationOperator@812,nitroAggregationPipelineNanos,284442
[WARNING] [stderr] 2026-08-12T23:38:50.584-0600	INFO	ForkJoinPool-1-worker-1	stdout	operator_metric,nitro,tpcds-parquet-sf10,q22,2,2/TrinoNitroHashJoinOperator@4,nitroBoundaryNativeExchangeMaximumBatchBytes,13824348
[WARNING] [stderr] 2026-08-12T23:38:50.584-0600	INFO	ForkJoinPool-1-worker-1	stdout	operator_metric,nitro,tpcds-parquet-sf10,q22,2,2/TrinoNitroHashJoinOperator@4,nitroBoundaryPageIngressFlatChannelPositions,53040000
[WARNING] [stderr] 2026-08-12T23:38:50.584-0600	INFO	ForkJoinPool-1-worker-1	stdout	operator_metric,nitro,tpcds-parquet-sf10,q22,2,2/TrinoNitroHashJoinOperator@4,nitroBoundaryNativeExchangeBatches,3026
[WARNING] [stderr] 2026-08-12T23:38:50.584-0600	INFO	ForkJoinPool-1-worker-1	stdout	operator_metric,nitro,tpcds-parquet-sf10,q22,2,2/TrinoNitroHashJoinOperator@4,nitroBoundaryNativeExchangeBytes,11477961427
[WARNING] [stderr] 2026-08-12T23:38:50.584-0600	INFO	ForkJoinPool-1-worker-1	stdout	operator_metric,nitro,tpcds-parquet-sf10,q22,2,2/TrinoNitroHashJoinOperator@4,nitroBoundaryNativeExchangePositions,26520000
[WARNING] [stderr] 2026-08-12T23:38:50.584-0600	INFO	ForkJoinPool-1-worker-1	stdout	operator_metric,nitro,tpcds-parquet-sf10,q22,2,2/TrinoNitroHashJoinOperator@4,nitroBoundaryPageIngressRunLengthChannelPositions,0
[WARNING] [stderr] 2026-08-12T23:38:50.584-0600	INFO	ForkJoinPool-1-worker-1	stdout	operator_metric,nitro,tpcds-parquet-sf10,q22,2,2/TrinoNitroHashJoinOperator@4,nitroBoundaryPageIngressDictionaryChannelPositions,0
[WARNING] [stderr] 2026-08-12T23:38:50.584-0600	INFO	ForkJoinPool-1-worker-1	stdout	operator_metric,nitro,tpcds-parquet-sf10,q22,2,2/TrinoNitroHashJoinOperator@4,nitroBoundaryPageIngressBytes,371280000
[WARNING] [stderr] 2026-08-12T23:38:50.584-0600	INFO	ForkJoinPool-1-worker-1	stdout	operator_metric,nitro,tpcds-parquet-sf10,q22,2,2/TrinoNitroHashJoinOperator@4,nitroBoundaryPageIngressPages,758
[WARNING] [stderr] 2026-08-12T23:38:50.584-0600	INFO	ForkJoinPool-1-worker-1	stdout	operator_metric,nitro,tpcds-parquet-sf10,q22,2,2/TrinoNitroHashJoinOperator@4,nitroBoundaryPageIngressPositions,26520000
[WARNING] [stderr] 2026-08-12T23:38:50.584-0600	INFO	ForkJoinPool-1-worker-1	stdout	operator_metric,nitro,tpcds-parquet-sf10,q22,2,3/PartitionedOutputOperator@2,nitroExchangeLowDictionaryReusePositions,0
[WARNING] [stderr] 2026-08-12T23:38:50.584-0600	INFO	ForkJoinPool-1-worker-1	stdout	operator_metric,nitro,tpcds-parquet-sf10,q22,2,3/PartitionedOutputOperator@2,nitroExchangeDictionaryUnsupportedPositions,0
[WARNING] [stderr] 2026-08-12T23:38:50.584-0600	INFO	ForkJoinPool-1-worker-1	stdout	operator_metric,nitro,tpcds-parquet-sf10,q22,2,3/PartitionedOutputOperator@2,nitroExchangeInputPositions,26520000
[WARNING] [stderr] 2026-08-12T23:38:50.584-0600	INFO	ForkJoinPool-1-worker-1	stdout	operator_metric,nitro,tpcds-parquet-sf10,q22,2,3/PartitionedOutputOperator@2,nitroExchangeInputRunLengthChannelPositions,0
[WARNING] [stderr] 2026-08-12T23:38:50.584-0600	INFO	ForkJoinPool-1-worker-1	stdout	operator_metric,nitro,tpcds-parquet-sf10,q22,2,3/PartitionedOutputOperator@2,nitroExchangeInputPages,2692
[WARNING] [stderr] 2026-08-12T23:38:50.584-0600	INFO	ForkJoinPool-1-worker-1	stdout	operator_metric,nitro,tpcds-parquet-sf10,q22,2,3/PartitionedOutputOperator@2,nitroExchangeInputDictionaryChannelPositions,0
[WARNING] [stderr] 2026-08-12T23:38:50.584-0600	INFO	ForkJoinPool-1-worker-1	stdout	operator_metric,nitro,tpcds-parquet-sf10,q22,2,3/PartitionedOutputOperator@2,nitroExchangeInputFlatChannelPositions,53040000
[WARNING] [stderr] 2026-08-12T23:38:50.584-0600	INFO	ForkJoinPool-1-worker-1	stdout	operator_metric,nitro,tpcds-parquet-sf10,q22,2,3/PartitionedOutputOperator@2,nitroExchangeRunLengthUnsupportedPositions,0
[WARNING] [stderr] 2026-08-12T23:38:50.584-0600	INFO	ForkJoinPool-1-worker-1	stdout	operator_metric,nitro,tpcds-parquet-sf10,q22,2,3/PartitionedOutputOperator@2,nitroExchangePreservedPositions,0
[WARNING] [stderr] 2026-08-12T23:38:50.584-0600	INFO	ForkJoinPool-1-worker-1	stdout	operator_metric,nitro,tpcds-parquet-sf10,q22,2,3/PartitionedOutputOperator@2,nitroExchangeNoDictionaryPositions,26520000
[WARNING] [stderr] 2026-08-12T23:38:50.584-0600	INFO	ForkJoinPool-1-worker-1	stdout	operator_metric,nitro,tpcds-parquet-sf10,q22,2,3/PartitionedOutputOperator@2,nitroExchangeSmallPagePositions,0
[WARNING] [stderr] 2026-08-12T23:38:50.584-0600	INFO	ForkJoinPool-1-worker-1	stdout	operator_metric,nitro,tpcds-parquet-sf10,q22,2,3/TrinoNitroHashJoinOperator@2,nitroBoundaryNativeExchangeMaximumBatchBytes,260010
[WARNING] [stderr] 2026-08-12T23:38:50.584-0600	INFO	ForkJoinPool-1-worker-1	stdout	operator_metric,nitro,tpcds-parquet-sf10,q22,2,3/TrinoNitroHashJoinOperator@2,nitroBoundaryPageIngressFlatChannelPositions,79560000
[WARNING] [stderr] 2026-08-12T23:38:50.584-0600	INFO	ForkJoinPool-1-worker-1	stdout	operator_metric,nitro,tpcds-parquet-sf10,q22,2,3/TrinoNitroHashJoinOperator@2,nitroBoundaryNativeExchangeBatches,2692
[WARNING] [stderr] 2026-08-12T23:38:50.584-0600	INFO	ForkJoinPool-1-worker-1	stdout	operator_metric,nitro,tpcds-parquet-sf10,q22,2,3/TrinoNitroHashJoinOperator@2,nitroBoundaryNativeExchangeBytes,344773460
[WARNING] [stderr] 2026-08-12T23:38:50.584-0600	INFO	ForkJoinPool-1-worker-1	stdout	operator_metric,nitro,tpcds-parquet-sf10,q22,2,3/TrinoNitroHashJoinOperator@2,nitroBoundaryNativeExchangePositions,26520000
[WARNING] [stderr] 2026-08-12T23:38:50.584-0600	INFO	ForkJoinPool-1-worker-1	stdout	operator_metric,nitro,tpcds-parquet-sf10,q22,2,3/TrinoNitroHashJoinOperator@2,nitroBoundaryPageIngressRunLengthChannelPositions,0
[WARNING] [stderr] 2026-08-12T23:38:50.584-0600	INFO	ForkJoinPool-1-worker-1	stdout	operator_metric,nitro,tpcds-parquet-sf10,q22,2,3/TrinoNitroHashJoinOperator@2,nitroBoundaryPageIngressDictionaryChannelPositions,0
[WARNING] [stderr] 2026-08-12T23:38:50.584-0600	INFO	ForkJoinPool-1-worker-1	stdout	operator_metric,nitro,tpcds-parquet-sf10,q22,2,3/TrinoNitroHashJoinOperator@2,nitroBoundaryPageIngressBytes,609960000
[WARNING] [stderr] 2026-08-12T23:38:50.584-0600	INFO	ForkJoinPool-1-worker-1	stdout	operator_metric,nitro,tpcds-parquet-sf10,q22,2,3/TrinoNitroHashJoinOperator@2,nitroBoundaryPageIngressPages,675
[WARNING] [stderr] 2026-08-12T23:38:50.584-0600	INFO	ForkJoinPool-1-worker-1	stdout	operator_metric,nitro,tpcds-parquet-sf10,q22,2,3/TrinoNitroHashJoinOperator@2,nitroBoundaryPageIngressPositions,26520000
[WARNING] [stderr] 2026-08-12T23:38:50.584-0600	INFO	ForkJoinPool-1-worker-1	stdout	operator_metric,nitro,tpcds-parquet-sf10,q22,2,6/TrinoNitroPipelineSourceOperator@3,nitroAllocatorAllocatedVectorBytes,10883616
[WARNING] [stderr] 2026-08-12T23:38:50.584-0600	INFO	ForkJoinPool-1-worker-1	stdout	operator_metric,nitro,tpcds-parquet-sf10,q22,2,6/TrinoNitroPipelineSourceOperator@3,nitroBoundaryNativeExchangePositions,102000
[WARNING] [stderr] 2026-08-12T23:38:50.584-0600	INFO	ForkJoinPool-1-worker-1	stdout	operator_metric,nitro,tpcds-parquet-sf10,q22,2,6/TrinoNitroPipelineSourceOperator@3,nitroAllocatorAllocatedBytes.trino-native-source-ingress,0
[WARNING] [stderr] 2026-08-12T23:38:50.584-0600	INFO	ForkJoinPool-1-worker-1	stdout	operator_metric,nitro,tpcds-parquet-sf10,q22,2,6/TrinoNitroPipelineSourceOperator@3,nitroAllocatorAllocatedBytes,10883616
[WARNING] [stderr] 2026-08-12T23:38:50.584-0600	INFO	ForkJoinPool-1-worker-1	stdout	operator_metric,nitro,tpcds-parquet-sf10,q22,2,6/TrinoNitroPipelineSourceOperator@3,nitroAllocatorAllocatedVectorBytes.I64Vector,816000
[WARNING] [stderr] 2026-08-12T23:38:50.584-0600	INFO	ForkJoinPool-1-worker-1	stdout	operator_metric,nitro,tpcds-parquet-sf10,q22,2,6/TrinoNitroPipelineSourceOperator@3,nitroBoundaryNativeExchangeBytes,9216606
[WARNING] [stderr] 2026-08-12T23:38:50.584-0600	INFO	ForkJoinPool-1-worker-1	stdout	operator_metric,nitro,tpcds-parquet-sf10,q22,2,6/TrinoNitroPipelineSourceOperator@3,nitroOperatorConstructionNanos,16221
[WARNING] [stderr] 2026-08-12T23:38:50.584-0600	INFO	ForkJoinPool-1-worker-1	stdout	operator_metric,nitro,tpcds-parquet-sf10,q22,2,6/TrinoNitroPipelineSourceOperator@3,nitroBoundaryNativeExchangeBatches,11
[WARNING] [stderr] 2026-08-12T23:38:50.584-0600	INFO	ForkJoinPool-1-worker-1	stdout	operator_metric,nitro,tpcds-parquet-sf10,q22,2,6/TrinoNitroPipelineSourceOperator@3,nitroAllocatorAllocatedVectorBytes.BinaryVector,8333616
[WARNING] [stderr] 2026-08-12T23:38:50.584-0600	INFO	ForkJoinPool-1-worker-1	stdout	operator_metric,nitro,tpcds-parquet-sf10,q22,2,6/TrinoNitroPipelineSourceOperator@3,nitroBoundaryNativeExchangeMaximumBatchBytes,2402894
[WARNING] [stderr] 2026-08-12T23:38:50.584-0600	INFO	ForkJoinPool-1-worker-1	stdout	operator_metric,nitro,tpcds-parquet-sf10,q22,2,6/TrinoNitroPipelineSourceOperator@3,nitroAllocatorAllocatedVectorBytes.I32Vector,1224000
[WARNING] [stderr] 2026-08-12T23:38:50.584-0600	INFO	ForkJoinPool-1-worker-1	stdout	operator_metric,nitro,tpcds-parquet-sf10,q22,2,6/TrinoNitroPipelineSourceOperator@3,nitroAllocatorAllocatedBytes.NitroParquetBatchSource,10883616
[WARNING] [stderr] 2026-08-12T23:38:50.584-0600	INFO	ForkJoinPool-1-worker-1	stdout	operator_metric,nitro,tpcds-parquet-sf10,q22,2,6/TrinoNitroPipelineSourceOperator@3,nitroAllocatorAllocatedVectorBytes.BooleanVector,510000
[WARNING] [stderr] 2026-08-12T23:38:50.584-0600	INFO	ForkJoinPool-1-worker-1	stdout	operator_metric,nitro,tpcds-parquet-sf10,q22,2,6/TrinoNitroPipelineSourceOperator@3,nitroNativeSourceCreationNanos,73228
[WARNING] [stderr] 2026-08-12T23:38:50.584-0600	INFO	ForkJoinPool-1-worker-1	stdout	operator_metric,nitro,tpcds-parquet-sf10,q22,2,6/PartitionedOutputOperator@3,nitroExchangeLowDictionaryReusePositions,0
[WARNING] [stderr] 2026-08-12T23:38:50.584-0600	INFO	ForkJoinPool-1-worker-1	stdout	operator_metric,nitro,tpcds-parquet-sf10,q22,2,6/PartitionedOutputOperator@3,nitroExchangeDictionaryUnsupportedPositions,0
[WARNING] [stderr] 2026-08-12T23:38:50.584-0600	INFO	ForkJoinPool-1-worker-1	stdout	operator_metric,nitro,tpcds-parquet-sf10,q22,2,6/PartitionedOutputOperator@3,nitroExchangeInputPositions,102000
[WARNING] [stderr] 2026-08-12T23:38:50.584-0600	INFO	ForkJoinPool-1-worker-1	stdout	operator_metric,nitro,tpcds-parquet-sf10,q22,2,6/PartitionedOutputOperator@3,nitroExchangeInputRunLengthChannelPositions,0
[WARNING] [stderr] 2026-08-12T23:38:50.584-0600	INFO	ForkJoinPool-1-worker-1	stdout	operator_metric,nitro,tpcds-parquet-sf10,q22,2,6/PartitionedOutputOperator@3,nitroExchangeInputPages,11
[WARNING] [stderr] 2026-08-12T23:38:50.584-0600	INFO	ForkJoinPool-1-worker-1	stdout	operator_metric,nitro,tpcds-parquet-sf10,q22,2,6/PartitionedOutputOperator@3,nitroExchangeInputDictionaryChannelPositions,0
[WARNING] [stderr] 2026-08-12T23:38:50.584-0600	INFO	ForkJoinPool-1-worker-1	stdout	operator_metric,nitro,tpcds-parquet-sf10,q22,2,6/PartitionedOutputOperator@3,nitroExchangeInputFlatChannelPositions,510000
[WARNING] [stderr] 2026-08-12T23:38:50.584-0600	INFO	ForkJoinPool-1-worker-1	stdout	operator_metric,nitro,tpcds-parquet-sf10,q22,2,6/PartitionedOutputOperator@3,nitroExchangeRunLengthUnsupportedPositions,0
[WARNING] [stderr] 2026-08-12T23:38:50.584-0600	INFO	ForkJoinPool-1-worker-1	stdout	operator_metric,nitro,tpcds-parquet-sf10,q22,2,6/PartitionedOutputOperator@3,nitroExchangePreservedPositions,0
[WARNING] [stderr] 2026-08-12T23:38:50.584-0600	INFO	ForkJoinPool-1-worker-1	stdout	operator_metric,nitro,tpcds-parquet-sf10,q22,2,6/PartitionedOutputOperator@3,nitroExchangeNoDictionaryPositions,102000
[WARNING] [stderr] 2026-08-12T23:38:50.584-0600	INFO	ForkJoinPool-1-worker-1	stdout	operator_metric,nitro,tpcds-parquet-sf10,q22,2,6/PartitionedOutputOperator@3,nitroExchangeSmallPagePositions,0
[WARNING] [stderr] 2026-08-12T23:38:50.584-0600	INFO	ForkJoinPool-1-worker-1	stdout	operator_metric,nitro,tpcds-parquet-sf10,q22,2,4/TrinoNitroPipelineSourceOperator@649,nitroAllocatorAllocatedBytes,2445360000
[WARNING] [stderr] 2026-08-12T23:38:50.584-0600	INFO	ForkJoinPool-1-worker-1	stdout	operator_metric,nitro,tpcds-parquet-sf10,q22,2,4/TrinoNitroPipelineSourceOperator@649,nitroBoundaryNativeExchangeMaximumBatchBytes,5520000
[WARNING] [stderr] 2026-08-12T23:38:50.584-0600	INFO	ForkJoinPool-1-worker-1	stdout	operator_metric,nitro,tpcds-parquet-sf10,q22,2,4/TrinoNitroPipelineSourceOperator@649,nitroOperatorConstructionNanos,73379
[WARNING] [stderr] 2026-08-12T23:38:50.584-0600	INFO	ForkJoinPool-1-worker-1	stdout	operator_metric,nitro,tpcds-parquet-sf10,q22,2,4/TrinoNitroPipelineSourceOperator@649,nitroBoundaryNativeExchangeBytes,2445360000
[WARNING] [stderr] 2026-08-12T23:38:50.584-0600	INFO	ForkJoinPool-1-worker-1	stdout	operator_metric,nitro,tpcds-parquet-sf10,q22,2,4/TrinoNitroPipelineSourceOperator@649,nitroBoundaryNativeExchangePositions,26520000
[WARNING] [stderr] 2026-08-12T23:38:50.584-0600	INFO	ForkJoinPool-1-worker-1	stdout	operator_metric,nitro,tpcds-parquet-sf10,q22,2,4/TrinoNitroPipelineSourceOperator@649,nitroAllocatorAllocatedBytes.NitroParquetBatchSource,2445360000
[WARNING] [stderr] 2026-08-12T23:38:50.584-0600	INFO	ForkJoinPool-1-worker-1	stdout	operator_metric,nitro,tpcds-parquet-sf10,q22,2,4/TrinoNitroPipelineSourceOperator@649,nitroAllocatorAllocatedVectorBytes.I32Vector,425280000
[WARNING] [stderr] 2026-08-12T23:38:50.584-0600	INFO	ForkJoinPool-1-worker-1	stdout	operator_metric,nitro,tpcds-parquet-sf10,q22,2,4/TrinoNitroPipelineSourceOperator@649,nitroAllocatorAllocatedVectorBytes,2445360000
[WARNING] [stderr] 2026-08-12T23:38:50.584-0600	INFO	ForkJoinPool-1-worker-1	stdout	operator_metric,nitro,tpcds-parquet-sf10,q22,2,4/TrinoNitroPipelineSourceOperator@649,nitroAllocatorAllocatedBytes.trino-native-source-ingress,0
[WARNING] [stderr] 2026-08-12T23:38:50.584-0600	INFO	ForkJoinPool-1-worker-1	stdout	operator_metric,nitro,tpcds-parquet-sf10,q22,2,4/TrinoNitroPipelineSourceOperator@649,nitroBoundaryNativeExchangeBatches,2658
[WARNING] [stderr] 2026-08-12T23:38:50.584-0600	INFO	ForkJoinPool-1-worker-1	stdout	operator_metric,nitro,tpcds-parquet-sf10,q22,2,4/TrinoNitroPipelineSourceOperator@649,nitroAllocatorAllocatedVectorBytes.BooleanVector,318960000
[WARNING] [stderr] 2026-08-12T23:38:50.584-0600	INFO	ForkJoinPool-1-worker-1	stdout	operator_metric,nitro,tpcds-parquet-sf10,q22,2,4/TrinoNitroPipelineSourceOperator@649,nitroNativeSourceCreationNanos,488649
[WARNING] [stderr] 2026-08-12T23:38:50.584-0600	INFO	ForkJoinPool-1-worker-1	stdout	operator_metric,nitro,tpcds-parquet-sf10,q22,2,4/TrinoNitroPipelineSourceOperator@649,nitroAllocatorAllocatedVectorBytes.I64Vector,1701120000
[WARNING] [stderr] 2026-08-12T23:38:50.584-0600	INFO	ForkJoinPool-1-worker-1	stdout	operator_metric,nitro,tpcds-parquet-sf10,q22,2,4/PartitionedOutputOperator@649,nitroExchangeLowDictionaryReusePositions,0
[WARNING] [stderr] 2026-08-12T23:38:50.584-0600	INFO	ForkJoinPool-1-worker-1	stdout	operator_metric,nitro,tpcds-parquet-sf10,q22,2,4/PartitionedOutputOperator@649,nitroExchangeDictionaryUnsupportedPositions,0
[WARNING] [stderr] 2026-08-12T23:38:50.584-0600	INFO	ForkJoinPool-1-worker-1	stdout	operator_metric,nitro,tpcds-parquet-sf10,q22,2,4/PartitionedOutputOperator@649,nitroExchangeInputPositions,26520000
[WARNING] [stderr] 2026-08-12T23:38:50.584-0600	INFO	ForkJoinPool-1-worker-1	stdout	operator_metric,nitro,tpcds-parquet-sf10,q22,2,4/PartitionedOutputOperator@649,nitroExchangeInputRunLengthChannelPositions,0
[WARNING] [stderr] 2026-08-12T23:38:50.584-0600	INFO	ForkJoinPool-1-worker-1	stdout	operator_metric,nitro,tpcds-parquet-sf10,q22,2,4/PartitionedOutputOperator@649,nitroExchangeInputPages,2658
[WARNING] [stderr] 2026-08-12T23:38:50.584-0600	INFO	ForkJoinPool-1-worker-1	stdout	operator_metric,nitro,tpcds-parquet-sf10,q22,2,4/PartitionedOutputOperator@649,nitroExchangeInputDictionaryChannelPositions,0
[WARNING] [stderr] 2026-08-12T23:38:50.584-0600	INFO	ForkJoinPool-1-worker-1	stdout	operator_metric,nitro,tpcds-parquet-sf10,q22,2,4/PartitionedOutputOperator@649,nitroExchangeInputFlatChannelPositions,79560000
[WARNING] [stderr] 2026-08-12T23:38:50.584-0600	INFO	ForkJoinPool-1-worker-1	stdout	operator_metric,nitro,tpcds-parquet-sf10,q22,2,4/PartitionedOutputOperator@649,nitroExchangeRunLengthUnsupportedPositions,0
[WARNING] [stderr] 2026-08-12T23:38:50.584-0600	INFO	ForkJoinPool-1-worker-1	stdout	operator_metric,nitro,tpcds-parquet-sf10,q22,2,4/PartitionedOutputOperator@649,nitroExchangePreservedPositions,0
[WARNING] [stderr] 2026-08-12T23:38:50.584-0600	INFO	ForkJoinPool-1-worker-1	stdout	operator_metric,nitro,tpcds-parquet-sf10,q22,2,4/PartitionedOutputOperator@649,nitroExchangeNoDictionaryPositions,26520000
[WARNING] [stderr] 2026-08-12T23:38:50.584-0600	INFO	ForkJoinPool-1-worker-1	stdout	operator_metric,nitro,tpcds-parquet-sf10,q22,2,4/PartitionedOutputOperator@649,nitroExchangeSmallPagePositions,0
[WARNING] [stderr] 2026-08-12T23:38:50.584-0600	INFO	ForkJoinPool-1-worker-1	stdout	operator_metric,nitro,tpcds-parquet-sf10,q22,2,5/TrinoNitroPipelineSourceOperator@286,nitroProjectionDictionaryFlatteningPositions,0
[WARNING] [stderr] 2026-08-12T23:38:50.584-0600	INFO	ForkJoinPool-1-worker-1	stdout	operator_metric,nitro,tpcds-parquet-sf10,q22,2,5/TrinoNitroPipelineSourceOperator@286,nitroProjectionOtherInputPositions,0
[WARNING] [stderr] 2026-08-12T23:38:50.584-0600	INFO	ForkJoinPool-1-worker-1	stdout	operator_metric,nitro,tpcds-parquet-sf10,q22,2,5/TrinoNitroPipelineSourceOperator@286,nitroFilterPrimitiveMaskSuccesses,0
[WARNING] [stderr] 2026-08-12T23:38:50.584-0600	INFO	ForkJoinPool-1-worker-1	stdout	operator_metric,nitro,tpcds-parquet-sf10,q22,2,5/TrinoNitroPipelineSourceOperator@286,nitroProjectionGeneratedSelectedPositions,0
[WARNING] [stderr] 2026-08-12T23:38:50.584-0600	INFO	ForkJoinPool-1-worker-1	stdout	operator_metric,nitro,tpcds-parquet-sf10,q22,2,5/TrinoNitroPipelineSourceOperator@286,nitroProjectionPlannedAssignments,0
[WARNING] [stderr] 2026-08-12T23:38:50.584-0600	INFO	ForkJoinPool-1-worker-1	stdout	operator_metric,nitro,tpcds-parquet-sf10,q22,2,5/TrinoNitroPipelineSourceOperator@286,nitroProjectionGeneratedAttempts,0
[WARNING] [stderr] 2026-08-12T23:38:50.584-0600	INFO	ForkJoinPool-1-worker-1	stdout	operator_metric,nitro,tpcds-parquet-sf10,q22,2,5/TrinoNitroPipelineSourceOperator@286,nitroFilterPrimitiveMaskAttempts,0
[WARNING] [stderr] 2026-08-12T23:38:50.584-0600	INFO	ForkJoinPool-1-worker-1	stdout	operator_metric,nitro,tpcds-parquet-sf10,q22,2,5/TrinoNitroPipelineSourceOperator@286,nitroProjectionFlatInputPositions,0
[WARNING] [stderr] 2026-08-12T23:38:50.584-0600	INFO	ForkJoinPool-1-worker-1	stdout	operator_metric,nitro,tpcds-parquet-sf10,q22,2,5/TrinoNitroPipelineSourceOperator@286,nitroFilterPlannedSourceMaskOptimizations,0
[WARNING] [stderr] 2026-08-12T23:38:50.584-0600	INFO	ForkJoinPool-1-worker-1	stdout	operator_metric,nitro,tpcds-parquet-sf10,q22,2,5/TrinoNitroPipelineSourceOperator@286,nitroAllocatorAllocatedBytes,560000
[WARNING] [stderr] 2026-08-12T23:38:50.584-0600	INFO	ForkJoinPool-1-worker-1	stdout	operator_metric,nitro,tpcds-parquet-sf10,q22,2,5/TrinoNitroPipelineSourceOperator@286,nitroProjectionGeneratedErrorFallbacks,0
[WARNING] [stderr] 2026-08-12T23:38:50.584-0600	INFO	ForkJoinPool-1-worker-1	stdout	operator_metric,nitro,tpcds-parquet-sf10,q22,2,5/TrinoNitroPipelineSourceOperator@286,nitroFilterCompiledMaskFallbacks,0
[WARNING] [stderr] 2026-08-12T23:38:50.584-0600	INFO	ForkJoinPool-1-worker-1	stdout	operator_metric,nitro,tpcds-parquet-sf10,q22,2,5/TrinoNitroPipelineSourceOperator@286,nitroFilterMaterializedMaskFallbacks,0
[WARNING] [stderr] 2026-08-12T23:38:50.584-0600	INFO	ForkJoinPool-1-worker-1	stdout	operator_metric,nitro,tpcds-parquet-sf10,q22,2,5/TrinoNitroPipelineSourceOperator@286,nitroBoundaryNativeExchangeBytes,360000
[WARNING] [stderr] 2026-08-12T23:38:50.584-0600	INFO	ForkJoinPool-1-worker-1	stdout	operator_metric,nitro,tpcds-parquet-sf10,q22,2,5/TrinoNitroPipelineSourceOperator@286,nitroProjectionIntegerWideningPositions,0
[WARNING] [stderr] 2026-08-12T23:38:50.584-0600	INFO	ForkJoinPool-1-worker-1	stdout	operator_metric,nitro,tpcds-parquet-sf10,q22,2,5/TrinoNitroPipelineSourceOperator@286,nitroFilterPrimitiveMaskFallbacks,0
[WARNING] [stderr] 2026-08-12T23:38:50.584-0600	INFO	ForkJoinPool-1-worker-1	stdout	operator_metric,nitro,tpcds-parquet-sf10,q22,2,5/TrinoNitroPipelineSourceOperator@286,nitroFilterCompiledMaskSuccesses,0
[WARNING] [stderr] 2026-08-12T23:38:50.584-0600	INFO	ForkJoinPool-1-worker-1	stdout	operator_metric,nitro,tpcds-parquet-sf10,q22,2,5/TrinoNitroPipelineSourceOperator@286,nitroAllocatorAllocatedBytes.ProjectOperator,0
[WARNING] [stderr] 2026-08-12T23:38:50.584-0600	INFO	ForkJoinPool-1-worker-1	stdout	operator_metric,nitro,tpcds-parquet-sf10,q22,2,5/TrinoNitroPipelineSourceOperator@286,nitroAllocatorAllocatedBytes.FilterOperator,0
[WARNING] [stderr] 2026-08-12T23:38:50.584-0600	INFO	ForkJoinPool-1-worker-1	stdout	operator_metric,nitro,tpcds-parquet-sf10,q22,2,5/TrinoNitroPipelineSourceOperator@286,nitroBoundaryNativeExchangePositions,366
[WARNING] [stderr] 2026-08-12T23:38:50.584-0600	INFO	ForkJoinPool-1-worker-1	stdout	operator_metric,nitro,tpcds-parquet-sf10,q22,2,5/TrinoNitroPipelineSourceOperator@286,nitroAllocatorAllocatedVectorBytes.BooleanVector,80000
[WARNING] [stderr] 2026-08-12T23:38:50.584-0600	INFO	ForkJoinPool-1-worker-1	stdout	operator_metric,nitro,tpcds-parquet-sf10,q22,2,5/TrinoNitroPipelineSourceOperator@286,nitroFilterInputPositions,366
[WARNING] [stderr] 2026-08-12T23:38:50.584-0600	INFO	ForkJoinPool-1-worker-1	stdout	operator_metric,nitro,tpcds-parquet-sf10,q22,2,5/TrinoNitroPipelineSourceOperator@286,nitroBoundaryNativeExchangeMaximumBatchBytes,360000
[WARNING] [stderr] 2026-08-12T23:38:50.584-0600	INFO	ForkJoinPool-1-worker-1	stdout	operator_metric,nitro,tpcds-parquet-sf10,q22,2,5/TrinoNitroPipelineSourceOperator@286,nitroAllocatorAllocatedVectorBytes.I32Vector,160000
[WARNING] [stderr] 2026-08-12T23:38:50.584-0600	INFO	ForkJoinPool-1-worker-1	stdout	operator_metric,nitro,tpcds-parquet-sf10,q22,2,5/TrinoNitroPipelineSourceOperator@286,nitroOperatorConstructionNanos,276344
[WARNING] [stderr] 2026-08-12T23:38:50.584-0600	INFO	ForkJoinPool-1-worker-1	stdout	operator_metric,nitro,tpcds-parquet-sf10,q22,2,5/TrinoNitroPipelineSourceOperator@286,nitroProjectionGeneratedLayoutFallbacks,0
[WARNING] [stderr] 2026-08-12T23:38:50.584-0600	INFO	ForkJoinPool-1-worker-1	stdout	operator_metric,nitro,tpcds-parquet-sf10,q22,2,5/TrinoNitroPipelineSourceOperator@286,nitroProjectionPlannedComputedOutputs,0
[WARNING] [stderr] 2026-08-12T23:38:50.584-0600	INFO	ForkJoinPool-1-worker-1	stdout	operator_metric,nitro,tpcds-parquet-sf10,q22,2,5/TrinoNitroPipelineSourceOperator@286,nitroProjectionGeneratedKernels,0
[WARNING] [stderr] 2026-08-12T23:38:50.584-0600	INFO	ForkJoinPool-1-worker-1	stdout	operator_metric,nitro,tpcds-parquet-sf10,q22,2,5/TrinoNitroPipelineSourceOperator@286,nitroFilterPlannedCompiledMasks,0
[WARNING] [stderr] 2026-08-12T23:38:50.584-0600	INFO	ForkJoinPool-1-worker-1	stdout	operator_metric,nitro,tpcds-parquet-sf10,q22,2,5/TrinoNitroPipelineSourceOperator@286,nitroFilterPlannedAssignments,5
[WARNING] [stderr] 2026-08-12T23:38:50.584-0600	INFO	ForkJoinPool-1-worker-1	stdout	operator_metric,nitro,tpcds-parquet-sf10,q22,2,5/TrinoNitroPipelineSourceOperator@286,nitroAllocatorAllocatedVectorBytes.I64Vector,320000
[WARNING] [stderr] 2026-08-12T23:38:50.584-0600	INFO	ForkJoinPool-1-worker-1	stdout	operator_metric,nitro,tpcds-parquet-sf10,q22,2,5/TrinoNitroPipelineSourceOperator@286,nitroProjectionDictionaryInputPositions,0
[WARNING] [stderr] 2026-08-12T23:38:50.584-0600	INFO	ForkJoinPool-1-worker-1	stdout	operator_metric,nitro,tpcds-parquet-sf10,q22,2,5/TrinoNitroPipelineSourceOperator@286,nitroFilterSourceMaskSuccesses,0
[WARNING] [stderr] 2026-08-12T23:38:50.584-0600	INFO	ForkJoinPool-1-worker-1	stdout	operator_metric,nitro,tpcds-parquet-sf10,q22,2,5/TrinoNitroPipelineSourceOperator@286,nitroFilterCompiledMaskAttempts,0
[WARNING] [stderr] 2026-08-12T23:38:50.584-0600	INFO	ForkJoinPool-1-worker-1	stdout	operator_metric,nitro,tpcds-parquet-sf10,q22,2,5/TrinoNitroPipelineSourceOperator@286,nitroFilterOutputPositions,366
[WARNING] [stderr] 2026-08-12T23:38:50.584-0600	INFO	ForkJoinPool-1-worker-1	stdout	operator_metric,nitro,tpcds-parquet-sf10,q22,2,5/TrinoNitroPipelineSourceOperator@286,nitroProjectionRunLengthInputPositions,0
[WARNING] [stderr] 2026-08-12T23:38:50.584-0600	INFO	ForkJoinPool-1-worker-1	stdout	operator_metric,nitro,tpcds-parquet-sf10,q22,2,5/TrinoNitroPipelineSourceOperator@286,nitroProjectionGeneratedSuccesses,0
[WARNING] [stderr] 2026-08-12T23:38:50.584-0600	INFO	ForkJoinPool-1-worker-1	stdout	operator_metric,nitro,tpcds-parquet-sf10,q22,2,5/TrinoNitroPipelineSourceOperator@286,nitroAllocatorAllocatedBytes.NitroParquetBatchSource,560000
[WARNING] [stderr] 2026-08-12T23:38:50.584-0600	INFO	ForkJoinPool-1-worker-1	stdout	operator_metric,nitro,tpcds-parquet-sf10,q22,2,5/TrinoNitroPipelineSourceOperator@286,nitroFilterDirectPreboundMaskSuccesses,0
[WARNING] [stderr] 2026-08-12T23:38:50.584-0600	INFO	ForkJoinPool-1-worker-1	stdout	operator_metric,nitro,tpcds-parquet-sf10,q22,2,5/TrinoNitroPipelineSourceOperator@286,nitroProjectionOtherNullExpansionPositions,0
[WARNING] [stderr] 2026-08-12T23:38:50.584-0600	INFO	ForkJoinPool-1-worker-1	stdout	operator_metric,nitro,tpcds-parquet-sf10,q22,2,5/TrinoNitroPipelineSourceOperator@286,nitroNativeSourceCreationNanos,1581909
[WARNING] [stderr] 2026-08-12T23:38:50.584-0600	INFO	ForkJoinPool-1-worker-1	stdout	operator_metric,nitro,tpcds-parquet-sf10,q22,2,5/TrinoNitroPipelineSourceOperator@286,nitroBoundaryNativeExchangeBatches,1
[WARNING] [stderr] 2026-08-12T23:38:50.584-0600	INFO	ForkJoinPool-1-worker-1	stdout	operator_metric,nitro,tpcds-parquet-sf10,q22,2,5/TrinoNitroPipelineSourceOperator@286,nitroFilterPlannedPreboundMasks,0
[WARNING] [stderr] 2026-08-12T23:38:50.584-0600	INFO	ForkJoinPool-1-worker-1	stdout	operator_metric,nitro,tpcds-parquet-sf10,q22,2,5/TrinoNitroPipelineSourceOperator@286,nitroAllocatorAllocatedBytes.trino-native-source-ingress,0
[WARNING] [stderr] 2026-08-12T23:38:50.584-0600	INFO	ForkJoinPool-1-worker-1	stdout	operator_metric,nitro,tpcds-parquet-sf10,q22,2,5/TrinoNitroPipelineSourceOperator@286,nitroProjectionDictionaryNullExpansionPositions,0
[WARNING] [stderr] 2026-08-12T23:38:50.584-0600	INFO	ForkJoinPool-1-worker-1	stdout	operator_metric,nitro,tpcds-parquet-sf10,q22,2,5/TrinoNitroPipelineSourceOperator@286,nitroAllocatorAllocatedVectorBytes,560000
[WARNING] [stderr] 2026-08-12T23:38:50.584-0600	INFO	ForkJoinPool-1-worker-1	stdout	operator_metric,nitro,tpcds-parquet-sf10,q22,2,5/TrinoNitroPipelineSourceOperator@286,nitroProjectionGeneratedOutputs,0
[WARNING] [stderr] 2026-08-12T23:38:50.584-0600	INFO	ForkJoinPool-1-worker-1	stdout	operator_metric,nitro,tpcds-parquet-sf10,q22,2,5/PartitionedOutputOperator@286,nitroExchangeLowDictionaryReusePositions,0
[WARNING] [stderr] 2026-08-12T23:38:50.584-0600	INFO	ForkJoinPool-1-worker-1	stdout	operator_metric,nitro,tpcds-parquet-sf10,q22,2,5/PartitionedOutputOperator@286,nitroExchangeDictionaryUnsupportedPositions,0
[WARNING] [stderr] 2026-08-12T23:38:50.584-0600	INFO	ForkJoinPool-1-worker-1	stdout	operator_metric,nitro,tpcds-parquet-sf10,q22,2,5/PartitionedOutputOperator@286,nitroExchangeInputPositions,366
[WARNING] [stderr] 2026-08-12T23:38:50.584-0600	INFO	ForkJoinPool-1-worker-1	stdout	operator_metric,nitro,tpcds-parquet-sf10,q22,2,5/PartitionedOutputOperator@286,nitroExchangeInputRunLengthChannelPositions,0
[WARNING] [stderr] 2026-08-12T23:38:50.584-0600	INFO	ForkJoinPool-1-worker-1	stdout	operator_metric,nitro,tpcds-parquet-sf10,q22,2,5/PartitionedOutputOperator@286,nitroExchangeInputPages,1
[WARNING] [stderr] 2026-08-12T23:38:50.584-0600	INFO	ForkJoinPool-1-worker-1	stdout	operator_metric,nitro,tpcds-parquet-sf10,q22,2,5/PartitionedOutputOperator@286,nitroExchangeInputDictionaryChannelPositions,0
[WARNING] [stderr] 2026-08-12T23:38:50.584-0600	INFO	ForkJoinPool-1-worker-1	stdout	operator_metric,nitro,tpcds-parquet-sf10,q22,2,5/PartitionedOutputOperator@286,nitroExchangeInputFlatChannelPositions,366
[WARNING] [stderr] 2026-08-12T23:38:50.584-0600	INFO	ForkJoinPool-1-worker-1	stdout	operator_metric,nitro,tpcds-parquet-sf10,q22,2,5/PartitionedOutputOperator@286,nitroExchangeRunLengthUnsupportedPositions,0
[WARNING] [stderr] 2026-08-12T23:38:50.584-0600	INFO	ForkJoinPool-1-worker-1	stdout	operator_metric,nitro,tpcds-parquet-sf10,q22,2,5/PartitionedOutputOperator@286,nitroExchangePreservedPositions,0
[WARNING] [stderr] 2026-08-12T23:38:50.584-0600	INFO	ForkJoinPool-1-worker-1	stdout	operator_metric,nitro,tpcds-parquet-sf10,q22,2,5/PartitionedOutputOperator@286,nitroExchangeNoDictionaryPositions,366
[WARNING] [stderr] 2026-08-12T23:38:50.584-0600	INFO	ForkJoinPool-1-worker-1	stdout	operator_metric,nitro,tpcds-parquet-sf10,q22,2,5/PartitionedOutputOperator@286,nitroExchangeSmallPagePositions,0
[WARNING] [stderr] 2026-08-12T23:38:55.627-0600	INFO	ForkJoinPool-1-worker-1	stdout	operator_cpu,nitro,tpcds-parquet-sf10,q22,3,0/ExchangeOperator@569,1,0.000,0.030,0.000,0,200,200,5010.000,0.006,0.000
[WARNING] [stderr] 2026-08-12T23:38:55.627-0600	INFO	ForkJoinPool-1-worker-1	stdout	operator_cpu,nitro,tpcds-parquet-sf10,q22,3,0/LocalExchangeSourceOperator@740,1,0.000,0.005,0.000,0,200,200,5010.000,0.000,0.000
[WARNING] [stderr] 2026-08-12T23:38:55.627-0600	INFO	ForkJoinPool-1-worker-1	stdout	operator_cpu,nitro,tpcds-parquet-sf10,q22,3,0/TaskOutputOperator@18,1,0.030,0.000,0.001,0,100,100,0.000,0.000,0.000
[WARNING] [stderr] 2026-08-12T23:38:55.627-0600	INFO	ForkJoinPool-1-worker-1	stdout	operator_cpu,nitro,tpcds-parquet-sf10,q22,3,0/LocalExchangeSinkOperator@740,1,0.011,0.000,0.009,0,200,200,0.000,0.000,0.000
[WARNING] [stderr] 2026-08-12T23:38:55.627-0600	INFO	ForkJoinPool-1-worker-1	stdout	operator_cpu,nitro,tpcds-parquet-sf10,q22,3,0/TopNOperator@492,1,0.002,0.107,0.015,0,200,100,0.000,0.094,0.000
[WARNING] [stderr] 2026-08-12T23:38:55.627-0600	INFO	ForkJoinPool-1-worker-1	stdout	operator_cpu,nitro,tpcds-parquet-sf10,q22,3,1/ExchangeOperator@814,2,0.000,1.261,0.000,0,203770,203770,9980.000,1.212,0.000
[WARNING] [stderr] 2026-08-12T23:38:55.627-0600	INFO	ForkJoinPool-1-worker-1	stdout	operator_cpu,nitro,tpcds-parquet-sf10,q22,3,1/LocalExchangeSourceOperator@808,2,0.000,0.063,0.000,0,203770,203770,9980.000,0.000,0.000
[WARNING] [stderr] 2026-08-12T23:38:55.627-0600	INFO	ForkJoinPool-1-worker-1	stdout	operator_cpu,nitro,tpcds-parquet-sf10,q22,3,1/LocalExchangeSourceOperator@766,2,0.000,0.008,0.000,0,200,200,10020.000,0.000,0.000
[WARNING] [stderr] 2026-08-12T23:38:55.627-0600	INFO	ForkJoinPool-1-worker-1	stdout	operator_cpu,nitro,tpcds-parquet-sf10,q22,3,1/TaskOutputOperator@767,2,0.078,0.000,0.002,0,200,200,0.000,0.000,0.000
[WARNING] [stderr] 2026-08-12T23:38:55.627-0600	INFO	ForkJoinPool-1-worker-1	stdout	operator_cpu,nitro,tpcds-parquet-sf10,q22,3,1/TopNOperator@767,2,0.002,0.177,0.020,0,200,200,0.000,0.090,0.000
[WARNING] [stderr] 2026-08-12T23:38:55.627-0600	INFO	ForkJoinPool-1-worker-1	stdout	operator_cpu,nitro,tpcds-parquet-sf10,q22,3,1/LocalExchangeSourceOperator@768,2,0.000,0.010,0.000,0,200,200,10020.000,0.000,0.000
[WARNING] [stderr] 2026-08-12T23:38:55.627-0600	INFO	ForkJoinPool-1-worker-1	stdout	operator_cpu,nitro,tpcds-parquet-sf10,q22,3,1/LocalExchangeSinkOperator@768,2,0.013,0.000,0.005,0,200,200,0.000,0.000,0.000
[WARNING] [stderr] 2026-08-12T23:38:55.627-0600	INFO	ForkJoinPool-1-worker-1	stdout	operator_cpu,nitro,tpcds-parquet-sf10,q22,3,1/TopNOperator@765,2,0.002,0.178,0.030,0,200,200,0.000,0.090,0.000
[WARNING] [stderr] 2026-08-12T23:38:55.627-0600	INFO	ForkJoinPool-1-worker-1	stdout	operator_cpu,nitro,tpcds-parquet-sf10,q22,3,1/LocalExchangeSinkOperator@766,2,0.016,0.000,0.017,0,200,200,0.000,0.000,0.000
[WARNING] [stderr] 2026-08-12T23:38:55.627-0600	INFO	ForkJoinPool-1-worker-1	stdout	operator_cpu,nitro,tpcds-parquet-sf10,q22,3,1/TopNOperator@491,2,0.008,3.310,0.127,0,203751,200,0.000,0.094,0.000
[WARNING] [stderr] 2026-08-12T23:38:55.627-0600	INFO	ForkJoinPool-1-worker-1	stdout	operator_cpu,nitro,tpcds-parquet-sf10,q22,3,1/LocalExchangeSinkOperator@808,2,7.130,0.000,0.016,0,203770,203770,0.000,0.000,0.000
[WARNING] [stderr] 2026-08-12T23:38:55.627-0600	INFO	ForkJoinPool-1-worker-1	stdout	operator_cpu,nitro,tpcds-parquet-sf10,q22,3,1/TrinoNitroAggregationOperator@9,2,25.730,16.410,0.033,0,203770,203751,0.000,25.587,0.000
[WARNING] [stderr] 2026-08-12T23:38:55.627-0600	INFO	ForkJoinPool-1-worker-1	stdout	operator_cpu,nitro,tpcds-parquet-sf10,q22,3,2/ExchangeOperator@567,2,0.000,0.684,0.000,0,102000,102000,39.400,1.071,0.000
[WARNING] [stderr] 2026-08-12T23:38:55.627-0600	INFO	ForkJoinPool-1-worker-1	stdout	operator_cpu,nitro,tpcds-parquet-sf10,q22,3,2/LocalExchangeSourceOperator@738,2,0.000,0.027,0.000,0,102000,102000,36.340,0.000,0.000
[WARNING] [stderr] 2026-08-12T23:38:55.627-0600	INFO	ForkJoinPool-1-worker-1	stdout	operator_cpu,nitro,tpcds-parquet-sf10,q22,3,2/ExchangeOperator@566,2,0.000,18.230,0.000,0,26520000,26520000,76.380,20.346,0.000
[WARNING] [stderr] 2026-08-12T23:38:55.627-0600	INFO	ForkJoinPool-1-worker-1	stdout	operator_cpu,nitro,tpcds-parquet-sf10,q22,3,2/PartitionedOutputOperator@812,2,13.140,0.000,0.108,0,203770,203770,0.000,0.000,0.000
[WARNING] [stderr] 2026-08-12T23:38:55.627-0600	INFO	ForkJoinPool-1-worker-1	stdout	operator_cpu,nitro,tpcds-parquet-sf10,q22,3,2/TrinoNitroAggregationOperator@812,2,2.790,9200.000,1.398,0,26520000,203770,0.000,19.454,0.000
[WARNING] [stderr] 2026-08-12T23:38:55.627-0600	INFO	ForkJoinPool-1-worker-1	stdout	operator_cpu,nitro,tpcds-parquet-sf10,q22,3,2/TrinoNitroHashJoinOperator@4,2,3.040,334.920,0.081,0,26520000,26520000,46.340,8.279,0.000
[WARNING] [stderr] 2026-08-12T23:38:55.627-0600	INFO	ForkJoinPool-1-worker-1	stdout	operator_cpu,nitro,tpcds-parquet-sf10,q22,3,2/TrinoNitroHashBuildOperator@4,2,0.766,0.000,3.900,0,102000,0,9680.000,12.089,0.000
[WARNING] [stderr] 2026-08-12T23:38:55.627-0600	INFO	ForkJoinPool-1-worker-1	stdout	operator_cpu,nitro,tpcds-parquet-sf10,q22,3,2/LocalExchangeSinkOperator@738,2,0.060,0.000,0.029,0,102000,102000,0.000,0.000,0.000
[WARNING] [stderr] 2026-08-12T23:38:55.627-0600	INFO	ForkJoinPool-1-worker-1	stdout	operator_cpu,nitro,tpcds-parquet-sf10,q22,3,2/DynamicFilterSourceOperator@4,2,1.284,0.035,0.036,0,102000,102000,0.000,0.141,0.000
[WARNING] [stderr] 2026-08-12T23:38:55.627-0600	INFO	ForkJoinPool-1-worker-1	stdout	operator_cpu,nitro,tpcds-parquet-sf10,q22,3,3/ExchangeOperator@565,2,0.000,0.030,0.000,0,366,366,17.000,0.002,0.000
[WARNING] [stderr] 2026-08-12T23:38:55.627-0600	INFO	ForkJoinPool-1-worker-1	stdout	operator_cpu,nitro,tpcds-parquet-sf10,q22,3,3/LocalExchangeSourceOperator@737,2,0.000,0.008,0.000,0,366,366,13.860,0.000,0.000
[WARNING] [stderr] 2026-08-12T23:38:55.627-0600	INFO	ForkJoinPool-1-worker-1	stdout	operator_cpu,nitro,tpcds-parquet-sf10,q22,3,3/ExchangeOperator@564,2,0.000,42.840,0.000,0,26520000,26520000,906.480,16.725,0.000
[WARNING] [stderr] 2026-08-12T23:38:55.627-0600	INFO	ForkJoinPool-1-worker-1	stdout	operator_cpu,nitro,tpcds-parquet-sf10,q22,3,3/PartitionedOutputOperator@2,2,186.620,0.000,0.405,0,26520000,26520000,6600.000,0.000,0.000
[WARNING] [stderr] 2026-08-12T23:38:55.627-0600	INFO	ForkJoinPool-1-worker-1	stdout	operator_cpu,nitro,tpcds-parquet-sf10,q22,3,3/TrinoNitroHashJoinOperator@2,2,2.640,290.250,0.042,0,26520000,26520000,16.000,29.658,0.000
[WARNING] [stderr] 2026-08-12T23:38:55.627-0600	INFO	ForkJoinPool-1-worker-1	stdout	operator_cpu,nitro,tpcds-parquet-sf10,q22,3,3/TrinoNitroHashBuildOperator@2,2,0.035,0.000,1.362,0,366,0,8120.000,16.613,0.000
[WARNING] [stderr] 2026-08-12T23:38:55.627-0600	INFO	ForkJoinPool-1-worker-1	stdout	operator_cpu,nitro,tpcds-parquet-sf10,q22,3,3/LocalExchangeSinkOperator@737,2,0.014,0.000,0.024,0,366,366,0.000,0.000,0.000
[WARNING] [stderr] 2026-08-12T23:38:55.627-0600	INFO	ForkJoinPool-1-worker-1	stdout	operator_cpu,nitro,tpcds-parquet-sf10,q22,3,3/DynamicFilterSourceOperator@2,2,0.022,0.015,0.272,0,366,366,0.000,0.002,0.000
[WARNING] [stderr] 2026-08-12T23:38:55.627-0600	INFO	ForkJoinPool-1-worker-1	stdout	operator_cpu,nitro,tpcds-parquet-sf10,q22,3,6/TrinoNitroPipelineSourceOperator@3,1,0.000,3.950,0.000,102000,102000,102000,0.000,2.277,0.000
[WARNING] [stderr] 2026-08-12T23:38:55.627-0600	INFO	ForkJoinPool-1-worker-1	stdout	operator_cpu,nitro,tpcds-parquet-sf10,q22,3,6/PartitionedOutputOperator@3,1,7.580,0.000,0.120,0,102000,102000,0.000,0.000,0.000
[WARNING] [stderr] 2026-08-12T23:38:55.627-0600	INFO	ForkJoinPool-1-worker-1	stdout	operator_cpu,nitro,tpcds-parquet-sf10,q22,3,4/TrinoNitroPipelineSourceOperator@649,6,0.000,811.240,0.000,133110000,26520000,26520000,79.840,0.877,0.000
[WARNING] [stderr] 2026-08-12T23:38:55.627-0600	INFO	ForkJoinPool-1-worker-1	stdout	operator_cpu,nitro,tpcds-parquet-sf10,q22,3,4/PartitionedOutputOperator@649,6,272.950,0.000,0.474,0,26520000,26520000,11450.000,0.000,0.000
[WARNING] [stderr] 2026-08-12T23:38:55.627-0600	INFO	ForkJoinPool-1-worker-1	stdout	operator_cpu,nitro,tpcds-parquet-sf10,q22,3,5/TrinoNitroPipelineSourceOperator@286,1,0.000,1.110,0.000,73049,366,366,0.000,0.534,0.000
[WARNING] [stderr] 2026-08-12T23:38:55.627-0600	INFO	ForkJoinPool-1-worker-1	stdout	operator_cpu,nitro,tpcds-parquet-sf10,q22,3,5/PartitionedOutputOperator@286,1,0.016,0.000,0.043,0,366,366,0.000,0.000,0.000
[WARNING] [stderr] 2026-08-12T23:38:55.627-0600	INFO	ForkJoinPool-1-worker-1	stdout	operator_metric,nitro,tpcds-parquet-sf10,q22,3,1/TrinoNitroAggregationOperator@9,nitroProjectionIntegerWideningPositions,0
[WARNING] [stderr] 2026-08-12T23:38:55.627-0600	INFO	ForkJoinPool-1-worker-1	stdout	operator_metric,nitro,tpcds-parquet-sf10,q22,3,1/TrinoNitroAggregationOperator@9,nitroAggregationInputNanos,25435936
[WARNING] [stderr] 2026-08-12T23:38:55.627-0600	INFO	ForkJoinPool-1-worker-1	stdout	operator_metric,nitro,tpcds-parquet-sf10,q22,3,1/TrinoNitroAggregationOperator@9,nitroProjectionGeneratedLayoutFallbacks,0
[WARNING] [stderr] 2026-08-12T23:38:55.627-0600	INFO	ForkJoinPool-1-worker-1	stdout	operator_metric,nitro,tpcds-parquet-sf10,q22,3,1/TrinoNitroAggregationOperator@9,nitroBoundaryPageIngressPages,16
[WARNING] [stderr] 2026-08-12T23:38:55.627-0600	INFO	ForkJoinPool-1-worker-1	stdout	operator_metric,nitro,tpcds-parquet-sf10,q22,3,1/TrinoNitroAggregationOperator@9,nitroProjectionPlannedAssignments,0
[WARNING] [stderr] 2026-08-12T23:38:55.627-0600	INFO	ForkJoinPool-1-worker-1	stdout	operator_metric,nitro,tpcds-parquet-sf10,q22,3,1/TrinoNitroAggregationOperator@9,nitroBoundaryPageEgressPages,14
[WARNING] [stderr] 2026-08-12T23:38:55.627-0600	INFO	ForkJoinPool-1-worker-1	stdout	operator_metric,nitro,tpcds-parquet-sf10,q22,3,1/TrinoNitroAggregationOperator@9,nitroAggregationInitialEncodedKeyNanos,0
[WARNING] [stderr] 2026-08-12T23:38:55.627-0600	INFO	ForkJoinPool-1-worker-1	stdout	operator_metric,nitro,tpcds-parquet-sf10,q22,3,1/TrinoNitroAggregationOperator@9,nitroAggregationOutputNanos,48168
[WARNING] [stderr] 2026-08-12T23:38:55.627-0600	INFO	ForkJoinPool-1-worker-1	stdout	operator_metric,nitro,tpcds-parquet-sf10,q22,3,1/TrinoNitroAggregationOperator@9,nitroProjectionDictionaryFlatteningPositions,0
[WARNING] [stderr] 2026-08-12T23:38:55.627-0600	INFO	ForkJoinPool-1-worker-1	stdout	operator_metric,nitro,tpcds-parquet-sf10,q22,3,1/TrinoNitroAggregationOperator@9,nitroBoundaryPageEgressPositions,203751
[WARNING] [stderr] 2026-08-12T23:38:55.627-0600	INFO	ForkJoinPool-1-worker-1	stdout	operator_metric,nitro,tpcds-parquet-sf10,q22,3,1/TrinoNitroAggregationOperator@9,nitroAggregationFusedNanos,0
[WARNING] [stderr] 2026-08-12T23:38:55.627-0600	INFO	ForkJoinPool-1-worker-1	stdout	operator_metric,nitro,tpcds-parquet-sf10,q22,3,1/TrinoNitroAggregationOperator@9,nitroAggregationAccumulationNanos,1113000
[WARNING] [stderr] 2026-08-12T23:38:55.627-0600	INFO	ForkJoinPool-1-worker-1	stdout	operator_metric,nitro,tpcds-parquet-sf10,q22,3,1/TrinoNitroAggregationOperator@9,nitroProjectionGeneratedAttempts,0
[WARNING] [stderr] 2026-08-12T23:38:55.627-0600	INFO	ForkJoinPool-1-worker-1	stdout	operator_metric,nitro,tpcds-parquet-sf10,q22,3,1/TrinoNitroAggregationOperator@9,nitroProjectionGeneratedSuccesses,0
[WARNING] [stderr] 2026-08-12T23:38:55.627-0600	INFO	ForkJoinPool-1-worker-1	stdout	operator_metric,nitro,tpcds-parquet-sf10,q22,3,1/TrinoNitroAggregationOperator@9,nitroAggregationInitialFlatKeyNanos,0
[WARNING] [stderr] 2026-08-12T23:38:55.627-0600	INFO	ForkJoinPool-1-worker-1	stdout	operator_metric,nitro,tpcds-parquet-sf10,q22,3,1/TrinoNitroAggregationOperator@9,nitroBoundaryNativeEgressDictionaryChannelPositions,0
[WARNING] [stderr] 2026-08-12T23:38:55.627-0600	INFO	ForkJoinPool-1-worker-1	stdout	operator_metric,nitro,tpcds-parquet-sf10,q22,3,1/TrinoNitroAggregationOperator@9,nitroBoundaryPageIngressFlatChannelPositions,1222620
[WARNING] [stderr] 2026-08-12T23:38:55.627-0600	INFO	ForkJoinPool-1-worker-1	stdout	operator_metric,nitro,tpcds-parquet-sf10,q22,3,1/TrinoNitroAggregationOperator@9,nitroProjectionPlannedComputedOutputs,0
[WARNING] [stderr] 2026-08-12T23:38:55.627-0600	INFO	ForkJoinPool-1-worker-1	stdout	operator_metric,nitro,tpcds-parquet-sf10,q22,3,1/TrinoNitroAggregationOperator@9,nitroAggregationPipelineNanos,0
[WARNING] [stderr] 2026-08-12T23:38:55.627-0600	INFO	ForkJoinPool-1-worker-1	stdout	operator_metric,nitro,tpcds-parquet-sf10,q22,3,1/TrinoNitroAggregationOperator@9,nitroAggregationStatePreparationNanos,184301
[WARNING] [stderr] 2026-08-12T23:38:55.627-0600	INFO	ForkJoinPool-1-worker-1	stdout	operator_metric,nitro,tpcds-parquet-sf10,q22,3,1/TrinoNitroAggregationOperator@9,nitroProjectionRunLengthInputPositions,0
[WARNING] [stderr] 2026-08-12T23:38:55.627-0600	INFO	ForkJoinPool-1-worker-1	stdout	operator_metric,nitro,tpcds-parquet-sf10,q22,3,1/TrinoNitroAggregationOperator@9,nitroAggregationGroupingNanos,23805539
[WARNING] [stderr] 2026-08-12T23:38:55.627-0600	INFO	ForkJoinPool-1-worker-1	stdout	operator_metric,nitro,tpcds-parquet-sf10,q22,3,1/TrinoNitroAggregationOperator@9,nitroBoundaryPageIngressRunLengthChannelPositions,0
[WARNING] [stderr] 2026-08-12T23:38:55.627-0600	INFO	ForkJoinPool-1-worker-1	stdout	operator_metric,nitro,tpcds-parquet-sf10,q22,3,1/TrinoNitroAggregationOperator@9,nitroBoundaryNativeEgressRunLengthChannelPositions,0
[WARNING] [stderr] 2026-08-12T23:38:55.627-0600	INFO	ForkJoinPool-1-worker-1	stdout	operator_metric,nitro,tpcds-parquet-sf10,q22,3,1/TrinoNitroAggregationOperator@9,nitroProjectionDictionaryNullExpansionPositions,0
[WARNING] [stderr] 2026-08-12T23:38:55.627-0600	INFO	ForkJoinPool-1-worker-1	stdout	operator_metric,nitro,tpcds-parquet-sf10,q22,3,1/TrinoNitroAggregationOperator@9,nitroBoundaryPageEgressFlatChannelPositions,1018755
[WARNING] [stderr] 2026-08-12T23:38:55.627-0600	INFO	ForkJoinPool-1-worker-1	stdout	operator_metric,nitro,tpcds-parquet-sf10,q22,3,1/TrinoNitroAggregationOperator@9,nitroProjectionOtherInputPositions,0
[WARNING] [stderr] 2026-08-12T23:38:55.627-0600	INFO	ForkJoinPool-1-worker-1	stdout	operator_metric,nitro,tpcds-parquet-sf10,q22,3,1/TrinoNitroAggregationOperator@9,nitroProjectionOtherNullExpansionPositions,0
[WARNING] [stderr] 2026-08-12T23:38:55.627-0600	INFO	ForkJoinPool-1-worker-1	stdout	operator_metric,nitro,tpcds-parquet-sf10,q22,3,1/TrinoNitroAggregationOperator@9,nitroBoundaryPageIngressDictionaryChannelPositions,0
[WARNING] [stderr] 2026-08-12T23:38:55.627-0600	INFO	ForkJoinPool-1-worker-1	stdout	operator_metric,nitro,tpcds-parquet-sf10,q22,3,1/TrinoNitroAggregationOperator@9,nitroBoundaryPageIngressBytes,17374309
[WARNING] [stderr] 2026-08-12T23:38:55.627-0600	INFO	ForkJoinPool-1-worker-1	stdout	operator_metric,nitro,tpcds-parquet-sf10,q22,3,1/TrinoNitroAggregationOperator@9,nitroProjectionGeneratedSelectedPositions,0
[WARNING] [stderr] 2026-08-12T23:38:55.627-0600	INFO	ForkJoinPool-1-worker-1	stdout	operator_metric,nitro,tpcds-parquet-sf10,q22,3,1/TrinoNitroAggregationOperator@9,nitroBoundaryPageEgressRunLengthChannelPositions,0
[WARNING] [stderr] 2026-08-12T23:38:55.627-0600	INFO	ForkJoinPool-1-worker-1	stdout	operator_metric,nitro,tpcds-parquet-sf10,q22,3,1/TrinoNitroAggregationOperator@9,nitroProjectionDictionaryInputPositions,0
[WARNING] [stderr] 2026-08-12T23:38:55.627-0600	INFO	ForkJoinPool-1-worker-1	stdout	operator_metric,nitro,tpcds-parquet-sf10,q22,3,1/TrinoNitroAggregationOperator@9,nitroBoundaryPageEgressBytes,13501933
[WARNING] [stderr] 2026-08-12T23:38:55.627-0600	INFO	ForkJoinPool-1-worker-1	stdout	operator_metric,nitro,tpcds-parquet-sf10,q22,3,1/TrinoNitroAggregationOperator@9,nitroAggregationInitialKeyNanos,0
[WARNING] [stderr] 2026-08-12T23:38:55.627-0600	INFO	ForkJoinPool-1-worker-1	stdout	operator_metric,nitro,tpcds-parquet-sf10,q22,3,1/TrinoNitroAggregationOperator@9,nitroProjectionGeneratedKernels,0
[WARNING] [stderr] 2026-08-12T23:38:55.627-0600	INFO	ForkJoinPool-1-worker-1	stdout	operator_metric,nitro,tpcds-parquet-sf10,q22,3,1/TrinoNitroAggregationOperator@9,nitroProjectionGeneratedOutputs,0
[WARNING] [stderr] 2026-08-12T23:38:55.627-0600	INFO	ForkJoinPool-1-worker-1	stdout	operator_metric,nitro,tpcds-parquet-sf10,q22,3,1/TrinoNitroAggregationOperator@9,nitroBoundaryPageIngressPositions,203770
[WARNING] [stderr] 2026-08-12T23:38:55.627-0600	INFO	ForkJoinPool-1-worker-1	stdout	operator_metric,nitro,tpcds-parquet-sf10,q22,3,1/TrinoNitroAggregationOperator@9,nitroProjectionFlatInputPositions,0
[WARNING] [stderr] 2026-08-12T23:38:55.627-0600	INFO	ForkJoinPool-1-worker-1	stdout	operator_metric,nitro,tpcds-parquet-sf10,q22,3,1/TrinoNitroAggregationOperator@9,nitroAggregationFlushNanos,0
[WARNING] [stderr] 2026-08-12T23:38:55.627-0600	INFO	ForkJoinPool-1-worker-1	stdout	operator_metric,nitro,tpcds-parquet-sf10,q22,3,1/TrinoNitroAggregationOperator@9,nitroBoundaryNativeEgressFlatChannelPositions,1018755
[WARNING] [stderr] 2026-08-12T23:38:55.627-0600	INFO	ForkJoinPool-1-worker-1	stdout	operator_metric,nitro,tpcds-parquet-sf10,q22,3,1/TrinoNitroAggregationOperator@9,nitroAggregationInitialAggregationNanos,0
[WARNING] [stderr] 2026-08-12T23:38:55.627-0600	INFO	ForkJoinPool-1-worker-1	stdout	operator_metric,nitro,tpcds-parquet-sf10,q22,3,1/TrinoNitroAggregationOperator@9,nitroProjectionGeneratedErrorFallbacks,0
[WARNING] [stderr] 2026-08-12T23:38:55.627-0600	INFO	ForkJoinPool-1-worker-1	stdout	operator_metric,nitro,tpcds-parquet-sf10,q22,3,1/TrinoNitroAggregationOperator@9,nitroBoundaryPageEgressDictionaryChannelPositions,0
[WARNING] [stderr] 2026-08-12T23:38:55.627-0600	INFO	ForkJoinPool-1-worker-1	stdout	operator_metric,nitro,tpcds-parquet-sf10,q22,3,2/PartitionedOutputOperator@812,nitroExchangeLowDictionaryReusePositions,0
[WARNING] [stderr] 2026-08-12T23:38:55.627-0600	INFO	ForkJoinPool-1-worker-1	stdout	operator_metric,nitro,tpcds-parquet-sf10,q22,3,2/PartitionedOutputOperator@812,nitroExchangeDictionaryUnsupportedPositions,0
[WARNING] [stderr] 2026-08-12T23:38:55.627-0600	INFO	ForkJoinPool-1-worker-1	stdout	operator_metric,nitro,tpcds-parquet-sf10,q22,3,2/PartitionedOutputOperator@812,nitroExchangeInputPositions,203770
[WARNING] [stderr] 2026-08-12T23:38:55.627-0600	INFO	ForkJoinPool-1-worker-1	stdout	operator_metric,nitro,tpcds-parquet-sf10,q22,3,2/PartitionedOutputOperator@812,nitroExchangeInputRunLengthChannelPositions,0
[WARNING] [stderr] 2026-08-12T23:38:55.627-0600	INFO	ForkJoinPool-1-worker-1	stdout	operator_metric,nitro,tpcds-parquet-sf10,q22,3,2/PartitionedOutputOperator@812,nitroExchangeInputPages,14
[WARNING] [stderr] 2026-08-12T23:38:55.627-0600	INFO	ForkJoinPool-1-worker-1	stdout	operator_metric,nitro,tpcds-parquet-sf10,q22,3,2/PartitionedOutputOperator@812,nitroExchangeInputDictionaryChannelPositions,0
[WARNING] [stderr] 2026-08-12T23:38:55.627-0600	INFO	ForkJoinPool-1-worker-1	stdout	operator_metric,nitro,tpcds-parquet-sf10,q22,3,2/PartitionedOutputOperator@812,nitroExchangeInputFlatChannelPositions,1222620
[WARNING] [stderr] 2026-08-12T23:38:55.627-0600	INFO	ForkJoinPool-1-worker-1	stdout	operator_metric,nitro,tpcds-parquet-sf10,q22,3,2/PartitionedOutputOperator@812,nitroExchangeRunLengthUnsupportedPositions,0
[WARNING] [stderr] 2026-08-12T23:38:55.627-0600	INFO	ForkJoinPool-1-worker-1	stdout	operator_metric,nitro,tpcds-parquet-sf10,q22,3,2/PartitionedOutputOperator@812,nitroExchangePreservedPositions,0
[WARNING] [stderr] 2026-08-12T23:38:55.627-0600	INFO	ForkJoinPool-1-worker-1	stdout	operator_metric,nitro,tpcds-parquet-sf10,q22,3,2/PartitionedOutputOperator@812,nitroExchangeNoDictionaryPositions,203770
[WARNING] [stderr] 2026-08-12T23:38:55.627-0600	INFO	ForkJoinPool-1-worker-1	stdout	operator_metric,nitro,tpcds-parquet-sf10,q22,3,2/PartitionedOutputOperator@812,nitroExchangeSmallPagePositions,0
[WARNING] [stderr] 2026-08-12T23:38:55.627-0600	INFO	ForkJoinPool-1-worker-1	stdout	operator_metric,nitro,tpcds-parquet-sf10,q22,3,2/TrinoNitroAggregationOperator@812,nitroBoundaryNativeExchangeMaximumChannel3Bytes,4322891
[WARNING] [stderr] 2026-08-12T23:38:55.627-0600	INFO	ForkJoinPool-1-worker-1	stdout	operator_metric,nitro,tpcds-parquet-sf10,q22,3,2/TrinoNitroAggregationOperator@812,nitroAggregationGroupingNanos,8376377335
[WARNING] [stderr] 2026-08-12T23:38:55.627-0600	INFO	ForkJoinPool-1-worker-1	stdout	operator_metric,nitro,tpcds-parquet-sf10,q22,3,2/TrinoNitroAggregationOperator@812,nitroProjectionDictionaryFlatteningPositions,0
[WARNING] [stderr] 2026-08-12T23:38:55.627-0600	INFO	ForkJoinPool-1-worker-1	stdout	operator_metric,nitro,tpcds-parquet-sf10,q22,3,2/TrinoNitroAggregationOperator@812,nitroBoundaryNativeExchangePositions,203770
[WARNING] [stderr] 2026-08-12T23:38:55.627-0600	INFO	ForkJoinPool-1-worker-1	stdout	operator_metric,nitro,tpcds-parquet-sf10,q22,3,2/TrinoNitroAggregationOperator@812,nitroProjectionGeneratedKernels,0
[WARNING] [stderr] 2026-08-12T23:38:55.627-0600	INFO	ForkJoinPool-1-worker-1	stdout	operator_metric,nitro,tpcds-parquet-sf10,q22,3,2/TrinoNitroAggregationOperator@812,nitroAggregationFusedNanos,0
[WARNING] [stderr] 2026-08-12T23:38:55.627-0600	INFO	ForkJoinPool-1-worker-1	stdout	operator_metric,nitro,tpcds-parquet-sf10,q22,3,2/TrinoNitroAggregationOperator@812,nitroAggregationInitialFlatKeyNanos,0
[WARNING] [stderr] 2026-08-12T23:38:55.627-0600	INFO	ForkJoinPool-1-worker-1	stdout	operator_metric,nitro,tpcds-parquet-sf10,q22,3,2/TrinoNitroAggregationOperator@812,nitroAggregationOutputNanos,130358
[WARNING] [stderr] 2026-08-12T23:38:55.627-0600	INFO	ForkJoinPool-1-worker-1	stdout	operator_metric,nitro,tpcds-parquet-sf10,q22,3,2/TrinoNitroAggregationOperator@812,nitroAggregationStatePreparationNanos,625864
[WARNING] [stderr] 2026-08-12T23:38:55.627-0600	INFO	ForkJoinPool-1-worker-1	stdout	operator_metric,nitro,tpcds-parquet-sf10,q22,3,2/TrinoNitroAggregationOperator@812,nitroBoundaryNativeExchangeMaximumChannel0Bytes,2273152
[WARNING] [stderr] 2026-08-12T23:38:55.627-0600	INFO	ForkJoinPool-1-worker-1	stdout	operator_metric,nitro,tpcds-parquet-sf10,q22,3,2/TrinoNitroAggregationOperator@812,nitroProjectionOtherInputPositions,0
[WARNING] [stderr] 2026-08-12T23:38:55.627-0600	INFO	ForkJoinPool-1-worker-1	stdout	operator_metric,nitro,tpcds-parquet-sf10,q22,3,2/TrinoNitroAggregationOperator@812,nitroBoundaryNativeExchangeMaximumChannel4Bytes,294912
[WARNING] [stderr] 2026-08-12T23:38:55.627-0600	INFO	ForkJoinPool-1-worker-1	stdout	operator_metric,nitro,tpcds-parquet-sf10,q22,3,2/TrinoNitroAggregationOperator@812,nitroBoundaryNativeExchangeBatches,14
[WARNING] [stderr] 2026-08-12T23:38:55.627-0600	INFO	ForkJoinPool-1-worker-1	stdout	operator_metric,nitro,tpcds-parquet-sf10,q22,3,2/TrinoNitroAggregationOperator@812,nitroProjectionPlannedAssignments,0
[WARNING] [stderr] 2026-08-12T23:38:55.627-0600	INFO	ForkJoinPool-1-worker-1	stdout	operator_metric,nitro,tpcds-parquet-sf10,q22,3,2/TrinoNitroAggregationOperator@812,nitroAggregationInputNanos,8949053661
[WARNING] [stderr] 2026-08-12T23:38:55.627-0600	INFO	ForkJoinPool-1-worker-1	stdout	operator_metric,nitro,tpcds-parquet-sf10,q22,3,2/TrinoNitroAggregationOperator@812,nitroAggregationFlushNanos,0
[WARNING] [stderr] 2026-08-12T23:38:55.627-0600	INFO	ForkJoinPool-1-worker-1	stdout	operator_metric,nitro,tpcds-parquet-sf10,q22,3,2/TrinoNitroAggregationOperator@812,nitroProjectionGeneratedAttempts,0
[WARNING] [stderr] 2026-08-12T23:38:55.627-0600	INFO	ForkJoinPool-1-worker-1	stdout	operator_metric,nitro,tpcds-parquet-sf10,q22,3,2/TrinoNitroAggregationOperator@812,nitroProjectionGeneratedSelectedPositions,0
[WARNING] [stderr] 2026-08-12T23:38:55.627-0600	INFO	ForkJoinPool-1-worker-1	stdout	operator_metric,nitro,tpcds-parquet-sf10,q22,3,2/TrinoNitroAggregationOperator@812,nitroProjectionGeneratedSuccesses,0
[WARNING] [stderr] 2026-08-12T23:38:55.627-0600	INFO	ForkJoinPool-1-worker-1	stdout	operator_metric,nitro,tpcds-parquet-sf10,q22,3,2/TrinoNitroAggregationOperator@812,nitroBoundaryNativeExchangeMaximumChannel1Bytes,1480136
[WARNING] [stderr] 2026-08-12T23:38:55.627-0600	INFO	ForkJoinPool-1-worker-1	stdout	operator_metric,nitro,tpcds-parquet-sf10,q22,3,2/TrinoNitroAggregationOperator@812,nitroBoundaryNativeExchangeMaximumBatchBytes,12828177
[WARNING] [stderr] 2026-08-12T23:38:55.627-0600	INFO	ForkJoinPool-1-worker-1	stdout	operator_metric,nitro,tpcds-parquet-sf10,q22,3,2/TrinoNitroAggregationOperator@812,nitroBoundaryNativeExchangeMaximumChannel5Bytes,557056
[WARNING] [stderr] 2026-08-12T23:38:55.627-0600	INFO	ForkJoinPool-1-worker-1	stdout	operator_metric,nitro,tpcds-parquet-sf10,q22,3,2/TrinoNitroAggregationOperator@812,nitroProjectionGeneratedErrorFallbacks,0
[WARNING] [stderr] 2026-08-12T23:38:55.627-0600	INFO	ForkJoinPool-1-worker-1	stdout	operator_metric,nitro,tpcds-parquet-sf10,q22,3,2/TrinoNitroAggregationOperator@812,nitroProjectionOtherNullExpansionPositions,0
[WARNING] [stderr] 2026-08-12T23:38:55.627-0600	INFO	ForkJoinPool-1-worker-1	stdout	operator_metric,nitro,tpcds-parquet-sf10,q22,3,2/TrinoNitroAggregationOperator@812,nitroAggregationInitialAggregationNanos,0
[WARNING] [stderr] 2026-08-12T23:38:55.627-0600	INFO	ForkJoinPool-1-worker-1	stdout	operator_metric,nitro,tpcds-parquet-sf10,q22,3,2/TrinoNitroAggregationOperator@812,nitroProjectionIntegerWideningPositions,0
[WARNING] [stderr] 2026-08-12T23:38:55.627-0600	INFO	ForkJoinPool-1-worker-1	stdout	operator_metric,nitro,tpcds-parquet-sf10,q22,3,2/TrinoNitroAggregationOperator@812,nitroAggregationAccumulationNanos,569751751
[WARNING] [stderr] 2026-08-12T23:38:55.627-0600	INFO	ForkJoinPool-1-worker-1	stdout	operator_metric,nitro,tpcds-parquet-sf10,q22,3,2/TrinoNitroAggregationOperator@812,nitroBoundaryNativeExchangeBytes,36326815
[WARNING] [stderr] 2026-08-12T23:38:55.627-0600	INFO	ForkJoinPool-1-worker-1	stdout	operator_metric,nitro,tpcds-parquet-sf10,q22,3,2/TrinoNitroAggregationOperator@812,nitroProjectionDictionaryNullExpansionPositions,0
[WARNING] [stderr] 2026-08-12T23:38:55.627-0600	INFO	ForkJoinPool-1-worker-1	stdout	operator_metric,nitro,tpcds-parquet-sf10,q22,3,2/TrinoNitroAggregationOperator@812,nitroProjectionFlatInputPositions,0
[WARNING] [stderr] 2026-08-12T23:38:55.627-0600	INFO	ForkJoinPool-1-worker-1	stdout	operator_metric,nitro,tpcds-parquet-sf10,q22,3,2/TrinoNitroAggregationOperator@812,nitroBoundaryNativeExchangeMaximumChannel2Bytes,4073392
[WARNING] [stderr] 2026-08-12T23:38:55.627-0600	INFO	ForkJoinPool-1-worker-1	stdout	operator_metric,nitro,tpcds-parquet-sf10,q22,3,2/TrinoNitroAggregationOperator@812,nitroProjectionRunLengthInputPositions,0
[WARNING] [stderr] 2026-08-12T23:38:55.627-0600	INFO	ForkJoinPool-1-worker-1	stdout	operator_metric,nitro,tpcds-parquet-sf10,q22,3,2/TrinoNitroAggregationOperator@812,nitroProjectionGeneratedLayoutFallbacks,0
[WARNING] [stderr] 2026-08-12T23:38:55.627-0600	INFO	ForkJoinPool-1-worker-1	stdout	operator_metric,nitro,tpcds-parquet-sf10,q22,3,2/TrinoNitroAggregationOperator@812,nitroAggregationInitialEncodedKeyNanos,0
[WARNING] [stderr] 2026-08-12T23:38:55.627-0600	INFO	ForkJoinPool-1-worker-1	stdout	operator_metric,nitro,tpcds-parquet-sf10,q22,3,2/TrinoNitroAggregationOperator@812,nitroProjectionPlannedComputedOutputs,0
[WARNING] [stderr] 2026-08-12T23:38:55.627-0600	INFO	ForkJoinPool-1-worker-1	stdout	operator_metric,nitro,tpcds-parquet-sf10,q22,3,2/TrinoNitroAggregationOperator@812,nitroAggregationInitialKeyNanos,0
[WARNING] [stderr] 2026-08-12T23:38:55.627-0600	INFO	ForkJoinPool-1-worker-1	stdout	operator_metric,nitro,tpcds-parquet-sf10,q22,3,2/TrinoNitroAggregationOperator@812,nitroProjectionGeneratedOutputs,0
[WARNING] [stderr] 2026-08-12T23:38:55.627-0600	INFO	ForkJoinPool-1-worker-1	stdout	operator_metric,nitro,tpcds-parquet-sf10,q22,3,2/TrinoNitroAggregationOperator@812,nitroProjectionDictionaryInputPositions,0
[WARNING] [stderr] 2026-08-12T23:38:55.627-0600	INFO	ForkJoinPool-1-worker-1	stdout	operator_metric,nitro,tpcds-parquet-sf10,q22,3,2/TrinoNitroAggregationOperator@812,nitroAggregationPipelineNanos,290502
[WARNING] [stderr] 2026-08-12T23:38:55.627-0600	INFO	ForkJoinPool-1-worker-1	stdout	operator_metric,nitro,tpcds-parquet-sf10,q22,3,2/TrinoNitroHashJoinOperator@4,nitroBoundaryNativeExchangeMaximumBatchBytes,13827419
[WARNING] [stderr] 2026-08-12T23:38:55.627-0600	INFO	ForkJoinPool-1-worker-1	stdout	operator_metric,nitro,tpcds-parquet-sf10,q22,3,2/TrinoNitroHashJoinOperator@4,nitroBoundaryPageIngressFlatChannelPositions,53040000
[WARNING] [stderr] 2026-08-12T23:38:55.627-0600	INFO	ForkJoinPool-1-worker-1	stdout	operator_metric,nitro,tpcds-parquet-sf10,q22,3,2/TrinoNitroHashJoinOperator@4,nitroBoundaryNativeExchangeBatches,3025
[WARNING] [stderr] 2026-08-12T23:38:55.627-0600	INFO	ForkJoinPool-1-worker-1	stdout	operator_metric,nitro,tpcds-parquet-sf10,q22,3,2/TrinoNitroHashJoinOperator@4,nitroBoundaryNativeExchangeBytes,11454801721
[WARNING] [stderr] 2026-08-12T23:38:55.627-0600	INFO	ForkJoinPool-1-worker-1	stdout	operator_metric,nitro,tpcds-parquet-sf10,q22,3,2/TrinoNitroHashJoinOperator@4,nitroBoundaryNativeExchangePositions,26520000
[WARNING] [stderr] 2026-08-12T23:38:55.627-0600	INFO	ForkJoinPool-1-worker-1	stdout	operator_metric,nitro,tpcds-parquet-sf10,q22,3,2/TrinoNitroHashJoinOperator@4,nitroBoundaryPageIngressRunLengthChannelPositions,0
[WARNING] [stderr] 2026-08-12T23:38:55.627-0600	INFO	ForkJoinPool-1-worker-1	stdout	operator_metric,nitro,tpcds-parquet-sf10,q22,3,2/TrinoNitroHashJoinOperator@4,nitroBoundaryPageIngressDictionaryChannelPositions,0
[WARNING] [stderr] 2026-08-12T23:38:55.627-0600	INFO	ForkJoinPool-1-worker-1	stdout	operator_metric,nitro,tpcds-parquet-sf10,q22,3,2/TrinoNitroHashJoinOperator@4,nitroBoundaryPageIngressBytes,371280000
[WARNING] [stderr] 2026-08-12T23:38:55.627-0600	INFO	ForkJoinPool-1-worker-1	stdout	operator_metric,nitro,tpcds-parquet-sf10,q22,3,2/TrinoNitroHashJoinOperator@4,nitroBoundaryPageIngressPages,758
[WARNING] [stderr] 2026-08-12T23:38:55.627-0600	INFO	ForkJoinPool-1-worker-1	stdout	operator_metric,nitro,tpcds-parquet-sf10,q22,3,2/TrinoNitroHashJoinOperator@4,nitroBoundaryPageIngressPositions,26520000
[WARNING] [stderr] 2026-08-12T23:38:55.627-0600	INFO	ForkJoinPool-1-worker-1	stdout	operator_metric,nitro,tpcds-parquet-sf10,q22,3,3/PartitionedOutputOperator@2,nitroExchangeLowDictionaryReusePositions,0
[WARNING] [stderr] 2026-08-12T23:38:55.627-0600	INFO	ForkJoinPool-1-worker-1	stdout	operator_metric,nitro,tpcds-parquet-sf10,q22,3,3/PartitionedOutputOperator@2,nitroExchangeDictionaryUnsupportedPositions,0
[WARNING] [stderr] 2026-08-12T23:38:55.627-0600	INFO	ForkJoinPool-1-worker-1	stdout	operator_metric,nitro,tpcds-parquet-sf10,q22,3,3/PartitionedOutputOperator@2,nitroExchangeInputPositions,26520000
[WARNING] [stderr] 2026-08-12T23:38:55.627-0600	INFO	ForkJoinPool-1-worker-1	stdout	operator_metric,nitro,tpcds-parquet-sf10,q22,3,3/PartitionedOutputOperator@2,nitroExchangeInputRunLengthChannelPositions,0
[WARNING] [stderr] 2026-08-12T23:38:55.627-0600	INFO	ForkJoinPool-1-worker-1	stdout	operator_metric,nitro,tpcds-parquet-sf10,q22,3,3/PartitionedOutputOperator@2,nitroExchangeInputPages,2692
[WARNING] [stderr] 2026-08-12T23:38:55.627-0600	INFO	ForkJoinPool-1-worker-1	stdout	operator_metric,nitro,tpcds-parquet-sf10,q22,3,3/PartitionedOutputOperator@2,nitroExchangeInputDictionaryChannelPositions,0
[WARNING] [stderr] 2026-08-12T23:38:55.627-0600	INFO	ForkJoinPool-1-worker-1	stdout	operator_metric,nitro,tpcds-parquet-sf10,q22,3,3/PartitionedOutputOperator@2,nitroExchangeInputFlatChannelPositions,53040000
[WARNING] [stderr] 2026-08-12T23:38:55.627-0600	INFO	ForkJoinPool-1-worker-1	stdout	operator_metric,nitro,tpcds-parquet-sf10,q22,3,3/PartitionedOutputOperator@2,nitroExchangeRunLengthUnsupportedPositions,0
[WARNING] [stderr] 2026-08-12T23:38:55.627-0600	INFO	ForkJoinPool-1-worker-1	stdout	operator_metric,nitro,tpcds-parquet-sf10,q22,3,3/PartitionedOutputOperator@2,nitroExchangePreservedPositions,0
[WARNING] [stderr] 2026-08-12T23:38:55.627-0600	INFO	ForkJoinPool-1-worker-1	stdout	operator_metric,nitro,tpcds-parquet-sf10,q22,3,3/PartitionedOutputOperator@2,nitroExchangeNoDictionaryPositions,26520000
[WARNING] [stderr] 2026-08-12T23:38:55.627-0600	INFO	ForkJoinPool-1-worker-1	stdout	operator_metric,nitro,tpcds-parquet-sf10,q22,3,3/PartitionedOutputOperator@2,nitroExchangeSmallPagePositions,0
[WARNING] [stderr] 2026-08-12T23:38:55.627-0600	INFO	ForkJoinPool-1-worker-1	stdout	operator_metric,nitro,tpcds-parquet-sf10,q22,3,3/TrinoNitroHashJoinOperator@2,nitroBoundaryNativeExchangeMaximumBatchBytes,260010
[WARNING] [stderr] 2026-08-12T23:38:55.627-0600	INFO	ForkJoinPool-1-worker-1	stdout	operator_metric,nitro,tpcds-parquet-sf10,q22,3,3/TrinoNitroHashJoinOperator@2,nitroBoundaryPageIngressFlatChannelPositions,79560000
[WARNING] [stderr] 2026-08-12T23:38:55.627-0600	INFO	ForkJoinPool-1-worker-1	stdout	operator_metric,nitro,tpcds-parquet-sf10,q22,3,3/TrinoNitroHashJoinOperator@2,nitroBoundaryNativeExchangeBatches,2692
[WARNING] [stderr] 2026-08-12T23:38:55.627-0600	INFO	ForkJoinPool-1-worker-1	stdout	operator_metric,nitro,tpcds-parquet-sf10,q22,3,3/TrinoNitroHashJoinOperator@2,nitroBoundaryNativeExchangeBytes,344773460
[WARNING] [stderr] 2026-08-12T23:38:55.627-0600	INFO	ForkJoinPool-1-worker-1	stdout	operator_metric,nitro,tpcds-parquet-sf10,q22,3,3/TrinoNitroHashJoinOperator@2,nitroBoundaryNativeExchangePositions,26520000
[WARNING] [stderr] 2026-08-12T23:38:55.627-0600	INFO	ForkJoinPool-1-worker-1	stdout	operator_metric,nitro,tpcds-parquet-sf10,q22,3,3/TrinoNitroHashJoinOperator@2,nitroBoundaryPageIngressRunLengthChannelPositions,0
[WARNING] [stderr] 2026-08-12T23:38:55.627-0600	INFO	ForkJoinPool-1-worker-1	stdout	operator_metric,nitro,tpcds-parquet-sf10,q22,3,3/TrinoNitroHashJoinOperator@2,nitroBoundaryPageIngressDictionaryChannelPositions,0
[WARNING] [stderr] 2026-08-12T23:38:55.627-0600	INFO	ForkJoinPool-1-worker-1	stdout	operator_metric,nitro,tpcds-parquet-sf10,q22,3,3/TrinoNitroHashJoinOperator@2,nitroBoundaryPageIngressBytes,609960000
[WARNING] [stderr] 2026-08-12T23:38:55.627-0600	INFO	ForkJoinPool-1-worker-1	stdout	operator_metric,nitro,tpcds-parquet-sf10,q22,3,3/TrinoNitroHashJoinOperator@2,nitroBoundaryPageIngressPages,675
[WARNING] [stderr] 2026-08-12T23:38:55.627-0600	INFO	ForkJoinPool-1-worker-1	stdout	operator_metric,nitro,tpcds-parquet-sf10,q22,3,3/TrinoNitroHashJoinOperator@2,nitroBoundaryPageIngressPositions,26520000
[WARNING] [stderr] 2026-08-12T23:38:55.627-0600	INFO	ForkJoinPool-1-worker-1	stdout	operator_metric,nitro,tpcds-parquet-sf10,q22,3,6/TrinoNitroPipelineSourceOperator@3,nitroAllocatorAllocatedVectorBytes,10883616
[WARNING] [stderr] 2026-08-12T23:38:55.627-0600	INFO	ForkJoinPool-1-worker-1	stdout	operator_metric,nitro,tpcds-parquet-sf10,q22,3,6/TrinoNitroPipelineSourceOperator@3,nitroBoundaryNativeExchangePositions,102000
[WARNING] [stderr] 2026-08-12T23:38:55.627-0600	INFO	ForkJoinPool-1-worker-1	stdout	operator_metric,nitro,tpcds-parquet-sf10,q22,3,6/TrinoNitroPipelineSourceOperator@3,nitroAllocatorAllocatedBytes.trino-native-source-ingress,0
[WARNING] [stderr] 2026-08-12T23:38:55.627-0600	INFO	ForkJoinPool-1-worker-1	stdout	operator_metric,nitro,tpcds-parquet-sf10,q22,3,6/TrinoNitroPipelineSourceOperator@3,nitroAllocatorAllocatedBytes,10883616
[WARNING] [stderr] 2026-08-12T23:38:55.627-0600	INFO	ForkJoinPool-1-worker-1	stdout	operator_metric,nitro,tpcds-parquet-sf10,q22,3,6/TrinoNitroPipelineSourceOperator@3,nitroAllocatorAllocatedVectorBytes.I64Vector,816000
[WARNING] [stderr] 2026-08-12T23:38:55.627-0600	INFO	ForkJoinPool-1-worker-1	stdout	operator_metric,nitro,tpcds-parquet-sf10,q22,3,6/TrinoNitroPipelineSourceOperator@3,nitroBoundaryNativeExchangeBytes,9216606
[WARNING] [stderr] 2026-08-12T23:38:55.627-0600	INFO	ForkJoinPool-1-worker-1	stdout	operator_metric,nitro,tpcds-parquet-sf10,q22,3,6/TrinoNitroPipelineSourceOperator@3,nitroOperatorConstructionNanos,124737
[WARNING] [stderr] 2026-08-12T23:38:55.627-0600	INFO	ForkJoinPool-1-worker-1	stdout	operator_metric,nitro,tpcds-parquet-sf10,q22,3,6/TrinoNitroPipelineSourceOperator@3,nitroBoundaryNativeExchangeBatches,11
[WARNING] [stderr] 2026-08-12T23:38:55.627-0600	INFO	ForkJoinPool-1-worker-1	stdout	operator_metric,nitro,tpcds-parquet-sf10,q22,3,6/TrinoNitroPipelineSourceOperator@3,nitroAllocatorAllocatedVectorBytes.BinaryVector,8333616
[WARNING] [stderr] 2026-08-12T23:38:55.627-0600	INFO	ForkJoinPool-1-worker-1	stdout	operator_metric,nitro,tpcds-parquet-sf10,q22,3,6/TrinoNitroPipelineSourceOperator@3,nitroBoundaryNativeExchangeMaximumBatchBytes,2402894
[WARNING] [stderr] 2026-08-12T23:38:55.627-0600	INFO	ForkJoinPool-1-worker-1	stdout	operator_metric,nitro,tpcds-parquet-sf10,q22,3,6/TrinoNitroPipelineSourceOperator@3,nitroAllocatorAllocatedVectorBytes.I32Vector,1224000
[WARNING] [stderr] 2026-08-12T23:38:55.627-0600	INFO	ForkJoinPool-1-worker-1	stdout	operator_metric,nitro,tpcds-parquet-sf10,q22,3,6/TrinoNitroPipelineSourceOperator@3,nitroAllocatorAllocatedBytes.NitroParquetBatchSource,10883616
[WARNING] [stderr] 2026-08-12T23:38:55.627-0600	INFO	ForkJoinPool-1-worker-1	stdout	operator_metric,nitro,tpcds-parquet-sf10,q22,3,6/TrinoNitroPipelineSourceOperator@3,nitroAllocatorAllocatedVectorBytes.BooleanVector,510000
[WARNING] [stderr] 2026-08-12T23:38:55.627-0600	INFO	ForkJoinPool-1-worker-1	stdout	operator_metric,nitro,tpcds-parquet-sf10,q22,3,6/TrinoNitroPipelineSourceOperator@3,nitroNativeSourceCreationNanos,261797
[WARNING] [stderr] 2026-08-12T23:38:55.627-0600	INFO	ForkJoinPool-1-worker-1	stdout	operator_metric,nitro,tpcds-parquet-sf10,q22,3,6/PartitionedOutputOperator@3,nitroExchangeLowDictionaryReusePositions,0
[WARNING] [stderr] 2026-08-12T23:38:55.627-0600	INFO	ForkJoinPool-1-worker-1	stdout	operator_metric,nitro,tpcds-parquet-sf10,q22,3,6/PartitionedOutputOperator@3,nitroExchangeDictionaryUnsupportedPositions,0
[WARNING] [stderr] 2026-08-12T23:38:55.627-0600	INFO	ForkJoinPool-1-worker-1	stdout	operator_metric,nitro,tpcds-parquet-sf10,q22,3,6/PartitionedOutputOperator@3,nitroExchangeInputPositions,102000
[WARNING] [stderr] 2026-08-12T23:38:55.627-0600	INFO	ForkJoinPool-1-worker-1	stdout	operator_metric,nitro,tpcds-parquet-sf10,q22,3,6/PartitionedOutputOperator@3,nitroExchangeInputRunLengthChannelPositions,0
[WARNING] [stderr] 2026-08-12T23:38:55.627-0600	INFO	ForkJoinPool-1-worker-1	stdout	operator_metric,nitro,tpcds-parquet-sf10,q22,3,6/PartitionedOutputOperator@3,nitroExchangeInputPages,11
[WARNING] [stderr] 2026-08-12T23:38:55.627-0600	INFO	ForkJoinPool-1-worker-1	stdout	operator_metric,nitro,tpcds-parquet-sf10,q22,3,6/PartitionedOutputOperator@3,nitroExchangeInputDictionaryChannelPositions,0
[WARNING] [stderr] 2026-08-12T23:38:55.627-0600	INFO	ForkJoinPool-1-worker-1	stdout	operator_metric,nitro,tpcds-parquet-sf10,q22,3,6/PartitionedOutputOperator@3,nitroExchangeInputFlatChannelPositions,510000
[WARNING] [stderr] 2026-08-12T23:38:55.627-0600	INFO	ForkJoinPool-1-worker-1	stdout	operator_metric,nitro,tpcds-parquet-sf10,q22,3,6/PartitionedOutputOperator@3,nitroExchangeRunLengthUnsupportedPositions,0
[WARNING] [stderr] 2026-08-12T23:38:55.627-0600	INFO	ForkJoinPool-1-worker-1	stdout	operator_metric,nitro,tpcds-parquet-sf10,q22,3,6/PartitionedOutputOperator@3,nitroExchangePreservedPositions,0
[WARNING] [stderr] 2026-08-12T23:38:55.627-0600	INFO	ForkJoinPool-1-worker-1	stdout	operator_metric,nitro,tpcds-parquet-sf10,q22,3,6/PartitionedOutputOperator@3,nitroExchangeNoDictionaryPositions,102000
[WARNING] [stderr] 2026-08-12T23:38:55.627-0600	INFO	ForkJoinPool-1-worker-1	stdout	operator_metric,nitro,tpcds-parquet-sf10,q22,3,6/PartitionedOutputOperator@3,nitroExchangeSmallPagePositions,0
[WARNING] [stderr] 2026-08-12T23:38:55.627-0600	INFO	ForkJoinPool-1-worker-1	stdout	operator_metric,nitro,tpcds-parquet-sf10,q22,3,4/TrinoNitroPipelineSourceOperator@649,nitroAllocatorAllocatedBytes,2445360000
[WARNING] [stderr] 2026-08-12T23:38:55.627-0600	INFO	ForkJoinPool-1-worker-1	stdout	operator_metric,nitro,tpcds-parquet-sf10,q22,3,4/TrinoNitroPipelineSourceOperator@649,nitroBoundaryNativeExchangeMaximumBatchBytes,5520000
[WARNING] [stderr] 2026-08-12T23:38:55.627-0600	INFO	ForkJoinPool-1-worker-1	stdout	operator_metric,nitro,tpcds-parquet-sf10,q22,3,4/TrinoNitroPipelineSourceOperator@649,nitroOperatorConstructionNanos,81935
[WARNING] [stderr] 2026-08-12T23:38:55.627-0600	INFO	ForkJoinPool-1-worker-1	stdout	operator_metric,nitro,tpcds-parquet-sf10,q22,3,4/TrinoNitroPipelineSourceOperator@649,nitroBoundaryNativeExchangeBytes,2445360000
[WARNING] [stderr] 2026-08-12T23:38:55.627-0600	INFO	ForkJoinPool-1-worker-1	stdout	operator_metric,nitro,tpcds-parquet-sf10,q22,3,4/TrinoNitroPipelineSourceOperator@649,nitroBoundaryNativeExchangePositions,26520000
[WARNING] [stderr] 2026-08-12T23:38:55.627-0600	INFO	ForkJoinPool-1-worker-1	stdout	operator_metric,nitro,tpcds-parquet-sf10,q22,3,4/TrinoNitroPipelineSourceOperator@649,nitroAllocatorAllocatedBytes.NitroParquetBatchSource,2445360000
[WARNING] [stderr] 2026-08-12T23:38:55.627-0600	INFO	ForkJoinPool-1-worker-1	stdout	operator_metric,nitro,tpcds-parquet-sf10,q22,3,4/TrinoNitroPipelineSourceOperator@649,nitroAllocatorAllocatedVectorBytes.I32Vector,425280000
[WARNING] [stderr] 2026-08-12T23:38:55.627-0600	INFO	ForkJoinPool-1-worker-1	stdout	operator_metric,nitro,tpcds-parquet-sf10,q22,3,4/TrinoNitroPipelineSourceOperator@649,nitroAllocatorAllocatedVectorBytes,2445360000
[WARNING] [stderr] 2026-08-12T23:38:55.627-0600	INFO	ForkJoinPool-1-worker-1	stdout	operator_metric,nitro,tpcds-parquet-sf10,q22,3,4/TrinoNitroPipelineSourceOperator@649,nitroAllocatorAllocatedBytes.trino-native-source-ingress,0
[WARNING] [stderr] 2026-08-12T23:38:55.627-0600	INFO	ForkJoinPool-1-worker-1	stdout	operator_metric,nitro,tpcds-parquet-sf10,q22,3,4/TrinoNitroPipelineSourceOperator@649,nitroBoundaryNativeExchangeBatches,2658
[WARNING] [stderr] 2026-08-12T23:38:55.627-0600	INFO	ForkJoinPool-1-worker-1	stdout	operator_metric,nitro,tpcds-parquet-sf10,q22,3,4/TrinoNitroPipelineSourceOperator@649,nitroAllocatorAllocatedVectorBytes.BooleanVector,318960000
[WARNING] [stderr] 2026-08-12T23:38:55.627-0600	INFO	ForkJoinPool-1-worker-1	stdout	operator_metric,nitro,tpcds-parquet-sf10,q22,3,4/TrinoNitroPipelineSourceOperator@649,nitroNativeSourceCreationNanos,526908
[WARNING] [stderr] 2026-08-12T23:38:55.627-0600	INFO	ForkJoinPool-1-worker-1	stdout	operator_metric,nitro,tpcds-parquet-sf10,q22,3,4/TrinoNitroPipelineSourceOperator@649,nitroAllocatorAllocatedVectorBytes.I64Vector,1701120000
[WARNING] [stderr] 2026-08-12T23:38:55.627-0600	INFO	ForkJoinPool-1-worker-1	stdout	operator_metric,nitro,tpcds-parquet-sf10,q22,3,4/PartitionedOutputOperator@649,nitroExchangeLowDictionaryReusePositions,0
[WARNING] [stderr] 2026-08-12T23:38:55.627-0600	INFO	ForkJoinPool-1-worker-1	stdout	operator_metric,nitro,tpcds-parquet-sf10,q22,3,4/PartitionedOutputOperator@649,nitroExchangeDictionaryUnsupportedPositions,0
[WARNING] [stderr] 2026-08-12T23:38:55.627-0600	INFO	ForkJoinPool-1-worker-1	stdout	operator_metric,nitro,tpcds-parquet-sf10,q22,3,4/PartitionedOutputOperator@649,nitroExchangeInputPositions,26520000
[WARNING] [stderr] 2026-08-12T23:38:55.627-0600	INFO	ForkJoinPool-1-worker-1	stdout	operator_metric,nitro,tpcds-parquet-sf10,q22,3,4/PartitionedOutputOperator@649,nitroExchangeInputRunLengthChannelPositions,0
[WARNING] [stderr] 2026-08-12T23:38:55.627-0600	INFO	ForkJoinPool-1-worker-1	stdout	operator_metric,nitro,tpcds-parquet-sf10,q22,3,4/PartitionedOutputOperator@649,nitroExchangeInputPages,2658
[WARNING] [stderr] 2026-08-12T23:38:55.627-0600	INFO	ForkJoinPool-1-worker-1	stdout	operator_metric,nitro,tpcds-parquet-sf10,q22,3,4/PartitionedOutputOperator@649,nitroExchangeInputDictionaryChannelPositions,0
[WARNING] [stderr] 2026-08-12T23:38:55.627-0600	INFO	ForkJoinPool-1-worker-1	stdout	operator_metric,nitro,tpcds-parquet-sf10,q22,3,4/PartitionedOutputOperator@649,nitroExchangeInputFlatChannelPositions,79560000
[WARNING] [stderr] 2026-08-12T23:38:55.627-0600	INFO	ForkJoinPool-1-worker-1	stdout	operator_metric,nitro,tpcds-parquet-sf10,q22,3,4/PartitionedOutputOperator@649,nitroExchangeRunLengthUnsupportedPositions,0
[WARNING] [stderr] 2026-08-12T23:38:55.628-0600	INFO	ForkJoinPool-1-worker-1	stdout	operator_metric,nitro,tpcds-parquet-sf10,q22,3,4/PartitionedOutputOperator@649,nitroExchangePreservedPositions,0
[WARNING] [stderr] 2026-08-12T23:38:55.628-0600	INFO	ForkJoinPool-1-worker-1	stdout	operator_metric,nitro,tpcds-parquet-sf10,q22,3,4/PartitionedOutputOperator@649,nitroExchangeNoDictionaryPositions,26520000
[WARNING] [stderr] 2026-08-12T23:38:55.628-0600	INFO	ForkJoinPool-1-worker-1	stdout	operator_metric,nitro,tpcds-parquet-sf10,q22,3,4/PartitionedOutputOperator@649,nitroExchangeSmallPagePositions,0
[WARNING] [stderr] 2026-08-12T23:38:55.628-0600	INFO	ForkJoinPool-1-worker-1	stdout	operator_metric,nitro,tpcds-parquet-sf10,q22,3,5/TrinoNitroPipelineSourceOperator@286,nitroProjectionDictionaryFlatteningPositions,0
[WARNING] [stderr] 2026-08-12T23:38:55.628-0600	INFO	ForkJoinPool-1-worker-1	stdout	operator_metric,nitro,tpcds-parquet-sf10,q22,3,5/TrinoNitroPipelineSourceOperator@286,nitroProjectionOtherInputPositions,0
[WARNING] [stderr] 2026-08-12T23:38:55.628-0600	INFO	ForkJoinPool-1-worker-1	stdout	operator_metric,nitro,tpcds-parquet-sf10,q22,3,5/TrinoNitroPipelineSourceOperator@286,nitroFilterPrimitiveMaskSuccesses,0
[WARNING] [stderr] 2026-08-12T23:38:55.628-0600	INFO	ForkJoinPool-1-worker-1	stdout	operator_metric,nitro,tpcds-parquet-sf10,q22,3,5/TrinoNitroPipelineSourceOperator@286,nitroProjectionGeneratedSelectedPositions,0
[WARNING] [stderr] 2026-08-12T23:38:55.628-0600	INFO	ForkJoinPool-1-worker-1	stdout	operator_metric,nitro,tpcds-parquet-sf10,q22,3,5/TrinoNitroPipelineSourceOperator@286,nitroProjectionPlannedAssignments,0
[WARNING] [stderr] 2026-08-12T23:38:55.628-0600	INFO	ForkJoinPool-1-worker-1	stdout	operator_metric,nitro,tpcds-parquet-sf10,q22,3,5/TrinoNitroPipelineSourceOperator@286,nitroProjectionGeneratedAttempts,0
[WARNING] [stderr] 2026-08-12T23:38:55.628-0600	INFO	ForkJoinPool-1-worker-1	stdout	operator_metric,nitro,tpcds-parquet-sf10,q22,3,5/TrinoNitroPipelineSourceOperator@286,nitroFilterPrimitiveMaskAttempts,0
[WARNING] [stderr] 2026-08-12T23:38:55.628-0600	INFO	ForkJoinPool-1-worker-1	stdout	operator_metric,nitro,tpcds-parquet-sf10,q22,3,5/TrinoNitroPipelineSourceOperator@286,nitroProjectionFlatInputPositions,0
[WARNING] [stderr] 2026-08-12T23:38:55.628-0600	INFO	ForkJoinPool-1-worker-1	stdout	operator_metric,nitro,tpcds-parquet-sf10,q22,3,5/TrinoNitroPipelineSourceOperator@286,nitroFilterPlannedSourceMaskOptimizations,0
[WARNING] [stderr] 2026-08-12T23:38:55.628-0600	INFO	ForkJoinPool-1-worker-1	stdout	operator_metric,nitro,tpcds-parquet-sf10,q22,3,5/TrinoNitroPipelineSourceOperator@286,nitroAllocatorAllocatedBytes,560000
[WARNING] [stderr] 2026-08-12T23:38:55.628-0600	INFO	ForkJoinPool-1-worker-1	stdout	operator_metric,nitro,tpcds-parquet-sf10,q22,3,5/TrinoNitroPipelineSourceOperator@286,nitroProjectionGeneratedErrorFallbacks,0
[WARNING] [stderr] 2026-08-12T23:38:55.628-0600	INFO	ForkJoinPool-1-worker-1	stdout	operator_metric,nitro,tpcds-parquet-sf10,q22,3,5/TrinoNitroPipelineSourceOperator@286,nitroFilterCompiledMaskFallbacks,0
[WARNING] [stderr] 2026-08-12T23:38:55.628-0600	INFO	ForkJoinPool-1-worker-1	stdout	operator_metric,nitro,tpcds-parquet-sf10,q22,3,5/TrinoNitroPipelineSourceOperator@286,nitroFilterMaterializedMaskFallbacks,0
[WARNING] [stderr] 2026-08-12T23:38:55.628-0600	INFO	ForkJoinPool-1-worker-1	stdout	operator_metric,nitro,tpcds-parquet-sf10,q22,3,5/TrinoNitroPipelineSourceOperator@286,nitroBoundaryNativeExchangeBytes,360000
[WARNING] [stderr] 2026-08-12T23:38:55.628-0600	INFO	ForkJoinPool-1-worker-1	stdout	operator_metric,nitro,tpcds-parquet-sf10,q22,3,5/TrinoNitroPipelineSourceOperator@286,nitroProjectionIntegerWideningPositions,0
[WARNING] [stderr] 2026-08-12T23:38:55.628-0600	INFO	ForkJoinPool-1-worker-1	stdout	operator_metric,nitro,tpcds-parquet-sf10,q22,3,5/TrinoNitroPipelineSourceOperator@286,nitroFilterPrimitiveMaskFallbacks,0
[WARNING] [stderr] 2026-08-12T23:38:55.628-0600	INFO	ForkJoinPool-1-worker-1	stdout	operator_metric,nitro,tpcds-parquet-sf10,q22,3,5/TrinoNitroPipelineSourceOperator@286,nitroFilterCompiledMaskSuccesses,0
[WARNING] [stderr] 2026-08-12T23:38:55.628-0600	INFO	ForkJoinPool-1-worker-1	stdout	operator_metric,nitro,tpcds-parquet-sf10,q22,3,5/TrinoNitroPipelineSourceOperator@286,nitroAllocatorAllocatedBytes.ProjectOperator,0
[WARNING] [stderr] 2026-08-12T23:38:55.628-0600	INFO	ForkJoinPool-1-worker-1	stdout	operator_metric,nitro,tpcds-parquet-sf10,q22,3,5/TrinoNitroPipelineSourceOperator@286,nitroAllocatorAllocatedBytes.FilterOperator,0
[WARNING] [stderr] 2026-08-12T23:38:55.628-0600	INFO	ForkJoinPool-1-worker-1	stdout	operator_metric,nitro,tpcds-parquet-sf10,q22,3,5/TrinoNitroPipelineSourceOperator@286,nitroBoundaryNativeExchangePositions,366
[WARNING] [stderr] 2026-08-12T23:38:55.628-0600	INFO	ForkJoinPool-1-worker-1	stdout	operator_metric,nitro,tpcds-parquet-sf10,q22,3,5/TrinoNitroPipelineSourceOperator@286,nitroAllocatorAllocatedVectorBytes.BooleanVector,80000
[WARNING] [stderr] 2026-08-12T23:38:55.628-0600	INFO	ForkJoinPool-1-worker-1	stdout	operator_metric,nitro,tpcds-parquet-sf10,q22,3,5/TrinoNitroPipelineSourceOperator@286,nitroFilterInputPositions,366
[WARNING] [stderr] 2026-08-12T23:38:55.628-0600	INFO	ForkJoinPool-1-worker-1	stdout	operator_metric,nitro,tpcds-parquet-sf10,q22,3,5/TrinoNitroPipelineSourceOperator@286,nitroBoundaryNativeExchangeMaximumBatchBytes,360000
[WARNING] [stderr] 2026-08-12T23:38:55.628-0600	INFO	ForkJoinPool-1-worker-1	stdout	operator_metric,nitro,tpcds-parquet-sf10,q22,3,5/TrinoNitroPipelineSourceOperator@286,nitroAllocatorAllocatedVectorBytes.I32Vector,160000
[WARNING] [stderr] 2026-08-12T23:38:55.628-0600	INFO	ForkJoinPool-1-worker-1	stdout	operator_metric,nitro,tpcds-parquet-sf10,q22,3,5/TrinoNitroPipelineSourceOperator@286,nitroOperatorConstructionNanos,148201
[WARNING] [stderr] 2026-08-12T23:38:55.628-0600	INFO	ForkJoinPool-1-worker-1	stdout	operator_metric,nitro,tpcds-parquet-sf10,q22,3,5/TrinoNitroPipelineSourceOperator@286,nitroProjectionGeneratedLayoutFallbacks,0
[WARNING] [stderr] 2026-08-12T23:38:55.628-0600	INFO	ForkJoinPool-1-worker-1	stdout	operator_metric,nitro,tpcds-parquet-sf10,q22,3,5/TrinoNitroPipelineSourceOperator@286,nitroProjectionPlannedComputedOutputs,0
[WARNING] [stderr] 2026-08-12T23:38:55.628-0600	INFO	ForkJoinPool-1-worker-1	stdout	operator_metric,nitro,tpcds-parquet-sf10,q22,3,5/TrinoNitroPipelineSourceOperator@286,nitroProjectionGeneratedKernels,0
[WARNING] [stderr] 2026-08-12T23:38:55.628-0600	INFO	ForkJoinPool-1-worker-1	stdout	operator_metric,nitro,tpcds-parquet-sf10,q22,3,5/TrinoNitroPipelineSourceOperator@286,nitroFilterPlannedCompiledMasks,0
[WARNING] [stderr] 2026-08-12T23:38:55.628-0600	INFO	ForkJoinPool-1-worker-1	stdout	operator_metric,nitro,tpcds-parquet-sf10,q22,3,5/TrinoNitroPipelineSourceOperator@286,nitroFilterPlannedAssignments,5
[WARNING] [stderr] 2026-08-12T23:38:55.628-0600	INFO	ForkJoinPool-1-worker-1	stdout	operator_metric,nitro,tpcds-parquet-sf10,q22,3,5/TrinoNitroPipelineSourceOperator@286,nitroAllocatorAllocatedVectorBytes.I64Vector,320000
[WARNING] [stderr] 2026-08-12T23:38:55.628-0600	INFO	ForkJoinPool-1-worker-1	stdout	operator_metric,nitro,tpcds-parquet-sf10,q22,3,5/TrinoNitroPipelineSourceOperator@286,nitroProjectionDictionaryInputPositions,0
[WARNING] [stderr] 2026-08-12T23:38:55.628-0600	INFO	ForkJoinPool-1-worker-1	stdout	operator_metric,nitro,tpcds-parquet-sf10,q22,3,5/TrinoNitroPipelineSourceOperator@286,nitroFilterSourceMaskSuccesses,0
[WARNING] [stderr] 2026-08-12T23:38:55.628-0600	INFO	ForkJoinPool-1-worker-1	stdout	operator_metric,nitro,tpcds-parquet-sf10,q22,3,5/TrinoNitroPipelineSourceOperator@286,nitroFilterCompiledMaskAttempts,0
[WARNING] [stderr] 2026-08-12T23:38:55.628-0600	INFO	ForkJoinPool-1-worker-1	stdout	operator_metric,nitro,tpcds-parquet-sf10,q22,3,5/TrinoNitroPipelineSourceOperator@286,nitroFilterOutputPositions,366
[WARNING] [stderr] 2026-08-12T23:38:55.628-0600	INFO	ForkJoinPool-1-worker-1	stdout	operator_metric,nitro,tpcds-parquet-sf10,q22,3,5/TrinoNitroPipelineSourceOperator@286,nitroProjectionRunLengthInputPositions,0
[WARNING] [stderr] 2026-08-12T23:38:55.628-0600	INFO	ForkJoinPool-1-worker-1	stdout	operator_metric,nitro,tpcds-parquet-sf10,q22,3,5/TrinoNitroPipelineSourceOperator@286,nitroProjectionGeneratedSuccesses,0
[WARNING] [stderr] 2026-08-12T23:38:55.628-0600	INFO	ForkJoinPool-1-worker-1	stdout	operator_metric,nitro,tpcds-parquet-sf10,q22,3,5/TrinoNitroPipelineSourceOperator@286,nitroAllocatorAllocatedBytes.NitroParquetBatchSource,560000
[WARNING] [stderr] 2026-08-12T23:38:55.628-0600	INFO	ForkJoinPool-1-worker-1	stdout	operator_metric,nitro,tpcds-parquet-sf10,q22,3,5/TrinoNitroPipelineSourceOperator@286,nitroFilterDirectPreboundMaskSuccesses,0
[WARNING] [stderr] 2026-08-12T23:38:55.628-0600	INFO	ForkJoinPool-1-worker-1	stdout	operator_metric,nitro,tpcds-parquet-sf10,q22,3,5/TrinoNitroPipelineSourceOperator@286,nitroProjectionOtherNullExpansionPositions,0
[WARNING] [stderr] 2026-08-12T23:38:55.628-0600	INFO	ForkJoinPool-1-worker-1	stdout	operator_metric,nitro,tpcds-parquet-sf10,q22,3,5/TrinoNitroPipelineSourceOperator@286,nitroNativeSourceCreationNanos,1290295
[WARNING] [stderr] 2026-08-12T23:38:55.628-0600	INFO	ForkJoinPool-1-worker-1	stdout	operator_metric,nitro,tpcds-parquet-sf10,q22,3,5/TrinoNitroPipelineSourceOperator@286,nitroBoundaryNativeExchangeBatches,1
[WARNING] [stderr] 2026-08-12T23:38:55.628-0600	INFO	ForkJoinPool-1-worker-1	stdout	operator_metric,nitro,tpcds-parquet-sf10,q22,3,5/TrinoNitroPipelineSourceOperator@286,nitroFilterPlannedPreboundMasks,0
[WARNING] [stderr] 2026-08-12T23:38:55.628-0600	INFO	ForkJoinPool-1-worker-1	stdout	operator_metric,nitro,tpcds-parquet-sf10,q22,3,5/TrinoNitroPipelineSourceOperator@286,nitroAllocatorAllocatedBytes.trino-native-source-ingress,0
[WARNING] [stderr] 2026-08-12T23:38:55.628-0600	INFO	ForkJoinPool-1-worker-1	stdout	operator_metric,nitro,tpcds-parquet-sf10,q22,3,5/TrinoNitroPipelineSourceOperator@286,nitroProjectionDictionaryNullExpansionPositions,0
[WARNING] [stderr] 2026-08-12T23:38:55.628-0600	INFO	ForkJoinPool-1-worker-1	stdout	operator_metric,nitro,tpcds-parquet-sf10,q22,3,5/TrinoNitroPipelineSourceOperator@286,nitroAllocatorAllocatedVectorBytes,560000
[WARNING] [stderr] 2026-08-12T23:38:55.628-0600	INFO	ForkJoinPool-1-worker-1	stdout	operator_metric,nitro,tpcds-parquet-sf10,q22,3,5/TrinoNitroPipelineSourceOperator@286,nitroProjectionGeneratedOutputs,0
[WARNING] [stderr] 2026-08-12T23:38:55.628-0600	INFO	ForkJoinPool-1-worker-1	stdout	operator_metric,nitro,tpcds-parquet-sf10,q22,3,5/PartitionedOutputOperator@286,nitroExchangeLowDictionaryReusePositions,0
[WARNING] [stderr] 2026-08-12T23:38:55.628-0600	INFO	ForkJoinPool-1-worker-1	stdout	operator_metric,nitro,tpcds-parquet-sf10,q22,3,5/PartitionedOutputOperator@286,nitroExchangeDictionaryUnsupportedPositions,0
[WARNING] [stderr] 2026-08-12T23:38:55.628-0600	INFO	ForkJoinPool-1-worker-1	stdout	operator_metric,nitro,tpcds-parquet-sf10,q22,3,5/PartitionedOutputOperator@286,nitroExchangeInputPositions,366
[WARNING] [stderr] 2026-08-12T23:38:55.628-0600	INFO	ForkJoinPool-1-worker-1	stdout	operator_metric,nitro,tpcds-parquet-sf10,q22,3,5/PartitionedOutputOperator@286,nitroExchangeInputRunLengthChannelPositions,0
[WARNING] [stderr] 2026-08-12T23:38:55.628-0600	INFO	ForkJoinPool-1-worker-1	stdout	operator_metric,nitro,tpcds-parquet-sf10,q22,3,5/PartitionedOutputOperator@286,nitroExchangeInputPages,1
[WARNING] [stderr] 2026-08-12T23:38:55.628-0600	INFO	ForkJoinPool-1-worker-1	stdout	operator_metric,nitro,tpcds-parquet-sf10,q22,3,5/PartitionedOutputOperator@286,nitroExchangeInputDictionaryChannelPositions,0
[WARNING] [stderr] 2026-08-12T23:38:55.628-0600	INFO	ForkJoinPool-1-worker-1	stdout	operator_metric,nitro,tpcds-parquet-sf10,q22,3,5/PartitionedOutputOperator@286,nitroExchangeInputFlatChannelPositions,366
[WARNING] [stderr] 2026-08-12T23:38:55.628-0600	INFO	ForkJoinPool-1-worker-1	stdout	operator_metric,nitro,tpcds-parquet-sf10,q22,3,5/PartitionedOutputOperator@286,nitroExchangeRunLengthUnsupportedPositions,0
[WARNING] [stderr] 2026-08-12T23:38:55.628-0600	INFO	ForkJoinPool-1-worker-1	stdout	operator_metric,nitro,tpcds-parquet-sf10,q22,3,5/PartitionedOutputOperator@286,nitroExchangePreservedPositions,0
[WARNING] [stderr] 2026-08-12T23:38:55.628-0600	INFO	ForkJoinPool-1-worker-1	stdout	operator_metric,nitro,tpcds-parquet-sf10,q22,3,5/PartitionedOutputOperator@286,nitroExchangeNoDictionaryPositions,366
[WARNING] [stderr] 2026-08-12T23:38:55.628-0600	INFO	ForkJoinPool-1-worker-1	stdout	operator_metric,nitro,tpcds-parquet-sf10,q22,3,5/PartitionedOutputOperator@286,nitroExchangeSmallPagePositions,0
[WARNING] [stderr] 2026-08-12T23:39:01.650-0600	INFO	ForkJoinPool-1-worker-1	stdout	operator_cpu,trino,tpcds-parquet-sf10,q22,3,0/ExchangeOperator@569,1,0.000,0.026,0.000,0,200,200,5990.000,0.006,0.000
[WARNING] [stderr] 2026-08-12T23:39:01.650-0600	INFO	ForkJoinPool-1-worker-1	stdout	operator_cpu,trino,tpcds-parquet-sf10,q22,3,0/LocalExchangeSourceOperator@740,1,0.000,0.003,0.000,0,200,200,5990.000,0.000,0.000
[WARNING] [stderr] 2026-08-12T23:39:01.650-0600	INFO	ForkJoinPool-1-worker-1	stdout	operator_cpu,trino,tpcds-parquet-sf10,q22,3,0/TaskOutputOperator@18,1,0.022,0.000,0.001,0,100,100,0.000,0.000,0.000
[WARNING] [stderr] 2026-08-12T23:39:01.650-0600	INFO	ForkJoinPool-1-worker-1	stdout	operator_cpu,trino,tpcds-parquet-sf10,q22,3,0/LocalExchangeSinkOperator@740,1,0.007,0.000,0.008,0,200,200,0.000,0.000,0.000
[WARNING] [stderr] 2026-08-12T23:39:01.650-0600	INFO	ForkJoinPool-1-worker-1	stdout	operator_cpu,trino,tpcds-parquet-sf10,q22,3,0/TopNOperator@492,1,0.001,0.116,0.012,0,200,100,0.000,0.094,0.000
[WARNING] [stderr] 2026-08-12T23:39:01.650-0600	INFO	ForkJoinPool-1-worker-1	stdout	operator_cpu,trino,tpcds-parquet-sf10,q22,3,1/ExchangeOperator@814,2,0.000,1.167,0.000,0,203770,203770,11960.000,1.217,0.000
[WARNING] [stderr] 2026-08-12T23:39:01.650-0600	INFO	ForkJoinPool-1-worker-1	stdout	operator_cpu,trino,tpcds-parquet-sf10,q22,3,1/LocalExchangeSourceOperator@808,2,0.000,0.063,0.000,0,203770,203770,11940.000,0.000,0.000
[WARNING] [stderr] 2026-08-12T23:39:01.650-0600	INFO	ForkJoinPool-1-worker-1	stdout	operator_cpu,trino,tpcds-parquet-sf10,q22,3,1/LocalExchangeSourceOperator@766,2,0.000,0.013,0.000,0,200,200,11980.000,0.000,0.000
[WARNING] [stderr] 2026-08-12T23:39:01.650-0600	INFO	ForkJoinPool-1-worker-1	stdout	operator_cpu,trino,tpcds-parquet-sf10,q22,3,1/TopNOperator@767,2,0.002,0.180,0.020,0,200,200,0.000,0.090,0.000
[WARNING] [stderr] 2026-08-12T23:39:01.650-0600	INFO	ForkJoinPool-1-worker-1	stdout	operator_cpu,trino,tpcds-parquet-sf10,q22,3,1/TopNOperator@765,2,0.002,0.206,0.023,0,200,200,0.000,0.090,0.000
[WARNING] [stderr] 2026-08-12T23:39:01.650-0600	INFO	ForkJoinPool-1-worker-1	stdout	operator_cpu,trino,tpcds-parquet-sf10,q22,3,1/TopNOperator@491,2,0.012,3.340,0.017,0,203751,200,0.000,0.094,0.000
[WARNING] [stderr] 2026-08-12T23:39:01.650-0600	INFO	ForkJoinPool-1-worker-1	stdout	operator_cpu,trino,tpcds-parquet-sf10,q22,3,1/LocalExchangeSinkOperator@808,2,7.040,0.000,0.013,0,203770,203770,0.000,0.000,0.000
[WARNING] [stderr] 2026-08-12T23:39:01.650-0600	INFO	ForkJoinPool-1-worker-1	stdout	operator_cpu,trino,tpcds-parquet-sf10,q22,3,1/HashAggregationOperator@9,2,19.450,9.220,0.036,0,203770,203751,0.000,11.968,0.000
[WARNING] [stderr] 2026-08-12T23:39:01.650-0600	INFO	ForkJoinPool-1-worker-1	stdout	operator_cpu,trino,tpcds-parquet-sf10,q22,3,1/LocalExchangeSinkOperator@766,2,0.015,0.000,0.005,0,200,200,0.000,0.000,0.000
[WARNING] [stderr] 2026-08-12T23:39:01.650-0600	INFO	ForkJoinPool-1-worker-1	stdout	operator_cpu,trino,tpcds-parquet-sf10,q22,3,1/TaskOutputOperator@767,2,0.070,0.000,0.001,0,200,200,0.000,0.000,0.000
[WARNING] [stderr] 2026-08-12T23:39:01.650-0600	INFO	ForkJoinPool-1-worker-1	stdout	operator_cpu,trino,tpcds-parquet-sf10,q22,3,1/LocalExchangeSourceOperator@768,2,0.000,0.012,0.000,0,200,200,11980.000,0.000,0.000
[WARNING] [stderr] 2026-08-12T23:39:01.650-0600	INFO	ForkJoinPool-1-worker-1	stdout	operator_cpu,trino,tpcds-parquet-sf10,q22,3,1/LocalExchangeSinkOperator@768,2,0.013,0.000,0.004,0,200,200,0.000,0.000,0.000
[WARNING] [stderr] 2026-08-12T23:39:01.650-0600	INFO	ForkJoinPool-1-worker-1	stdout	operator_cpu,trino,tpcds-parquet-sf10,q22,3,1/FilterAndProjectOperator@73,2,0.010,0.133,0.001,0,203751,203751,0.000,1.285,0.000
[WARNING] [stderr] 2026-08-12T23:39:01.650-0600	INFO	ForkJoinPool-1-worker-1	stdout	operator_cpu,trino,tpcds-parquet-sf10,q22,3,2/ExchangeOperator@567,2,0.000,2.290,0.000,0,102000,102000,64.390,1.143,0.000
[WARNING] [stderr] 2026-08-12T23:39:01.650-0600	INFO	ForkJoinPool-1-worker-1	stdout	operator_cpu,trino,tpcds-parquet-sf10,q22,3,2/LocalExchangeSourceOperator@738,2,0.000,0.057,0.000,0,102000,102000,90.370,0.000,0.000
[WARNING] [stderr] 2026-08-12T23:39:01.650-0600	INFO	ForkJoinPool-1-worker-1	stdout	operator_cpu,trino,tpcds-parquet-sf10,q22,3,2/ExchangeOperator@566,2,0.000,26.240,0.000,0,26520000,26520000,103.780,20.024,0.000
[WARNING] [stderr] 2026-08-12T23:39:01.650-0600	INFO	ForkJoinPool-1-worker-1	stdout	operator_cpu,trino,tpcds-parquet-sf10,q22,3,2/GroupIdOperator@8,2,1.788,13.120,0.001,0,26520000,132600000,0.000,0.000,0.000
[WARNING] [stderr] 2026-08-12T23:39:01.650-0600	INFO	ForkJoinPool-1-worker-1	stdout	operator_cpu,trino,tpcds-parquet-sf10,q22,3,2/PartitionedOutputOperator@812,2,11.740,0.000,0.179,0,203770,203770,0.000,0.000,0.000
[WARNING] [stderr] 2026-08-12T23:39:01.650-0600	INFO	ForkJoinPool-1-worker-1	stdout	operator_cpu,trino,tpcds-parquet-sf10,q22,3,2/HashAggregationOperator@812,2,9340.000,20.700,0.024,0,132600000,203770,0.000,11.917,0.000
[WARNING] [stderr] 2026-08-12T23:39:01.650-0600	INFO	ForkJoinPool-1-worker-1	stdout	operator_cpu,trino,tpcds-parquet-sf10,q22,3,2/FilterAndProjectOperator@91,2,2.530,129.400,0.097,0,26520000,26520000,0.000,1.357,0.000
[WARNING] [stderr] 2026-08-12T23:39:01.650-0600	INFO	ForkJoinPool-1-worker-1	stdout	operator_cpu,trino,tpcds-parquet-sf10,q22,3,2/LookupJoinOperator@4,2,0.365,1616.720,0.103,0,26520000,26520000,1.530,0.000,0.000
[WARNING] [stderr] 2026-08-12T23:39:01.650-0600	INFO	ForkJoinPool-1-worker-1	stdout	operator_cpu,trino,tpcds-parquet-sf10,q22,3,2/HashBuilderOperator@4,2,0.578,0.000,1.449,0,102000,102000,11420.000,5.813,0.000
[WARNING] [stderr] 2026-08-12T23:39:01.650-0600	INFO	ForkJoinPool-1-worker-1	stdout	operator_cpu,trino,tpcds-parquet-sf10,q22,3,2/LocalExchangeSinkOperator@738,2,0.095,0.000,0.035,0,102000,102000,0.000,0.000,0.000
[WARNING] [stderr] 2026-08-12T23:39:01.650-0600	INFO	ForkJoinPool-1-worker-1	stdout	operator_cpu,trino,tpcds-parquet-sf10,q22,3,2/DynamicFilterSourceOperator@4,2,1.486,0.036,0.004,0,102000,102000,0.000,0.001,0.000
[WARNING] [stderr] 2026-08-12T23:39:01.650-0600	INFO	ForkJoinPool-1-worker-1	stdout	operator_cpu,trino,tpcds-parquet-sf10,q22,3,3/ExchangeOperator@565,2,0.000,0.046,0.000,0,366,366,37.350,0.002,0.000
[WARNING] [stderr] 2026-08-12T23:39:01.650-0600	INFO	ForkJoinPool-1-worker-1	stdout	operator_cpu,trino,tpcds-parquet-sf10,q22,3,3/LocalExchangeSourceOperator@737,2,0.000,0.009,0.000,0,366,366,48.020,0.000,0.000
[WARNING] [stderr] 2026-08-12T23:39:01.650-0600	INFO	ForkJoinPool-1-worker-1	stdout	operator_cpu,trino,tpcds-parquet-sf10,q22,3,3/ExchangeOperator@564,2,0.000,259.460,0.000,0,133110000,133110000,3420.000,16.857,0.000
[WARNING] [stderr] 2026-08-12T23:39:01.650-0600	INFO	ForkJoinPool-1-worker-1	stdout	operator_cpu,trino,tpcds-parquet-sf10,q22,3,3/PartitionedOutputOperator@2,2,194.160,0.000,0.134,0,26520000,26520000,4150.000,0.000,0.000
[WARNING] [stderr] 2026-08-12T23:39:01.650-0600	INFO	ForkJoinPool-1-worker-1	stdout	operator_cpu,trino,tpcds-parquet-sf10,q22,3,3/LookupJoinOperator@2,2,2.410,1180.470,0.002,0,133110000,26520000,0.000,0.000,0.000
[WARNING] [stderr] 2026-08-12T23:39:01.650-0600	INFO	ForkJoinPool-1-worker-1	stdout	operator_cpu,trino,tpcds-parquet-sf10,q22,3,3/HashBuilderOperator@2,2,0.032,0.000,0.326,0,366,366,9780.000,0.125,0.000
[WARNING] [stderr] 2026-08-12T23:39:01.650-0600	INFO	ForkJoinPool-1-worker-1	stdout	operator_cpu,trino,tpcds-parquet-sf10,q22,3,3/LocalExchangeSinkOperator@737,2,0.023,0.000,0.059,0,366,366,0.000,0.000,0.000
[WARNING] [stderr] 2026-08-12T23:39:01.650-0600	INFO	ForkJoinPool-1-worker-1	stdout	operator_cpu,trino,tpcds-parquet-sf10,q22,3,3/DynamicFilterSourceOperator@2,2,0.022,0.017,0.474,0,366,366,0.000,0.002,0.000
[WARNING] [stderr] 2026-08-12T23:39:01.650-0600	INFO	ForkJoinPool-1-worker-1	stdout	operator_cpu,trino,tpcds-parquet-sf10,q22,3,6/TableScanOperator@3,1,0.000,4.950,0.000,102000,102000,102000,0.000,4.000,0.000
[WARNING] [stderr] 2026-08-12T23:39:01.650-0600	INFO	ForkJoinPool-1-worker-1	stdout	operator_cpu,trino,tpcds-parquet-sf10,q22,3,6/PartitionedOutputOperator@3,1,4.660,0.000,0.539,0,102000,102000,0.000,0.000,0.000
[WARNING] [stderr] 2026-08-12T23:39:01.650-0600	INFO	ForkJoinPool-1-worker-1	stdout	operator_cpu,trino,tpcds-parquet-sf10,q22,3,4/ScanFilterAndProjectOperator@649,6,0.000,1871.540,0.000,133110000,133110000,133110000,0.000,17.005,0.000
[WARNING] [stderr] 2026-08-12T23:39:01.651-0600	INFO	ForkJoinPool-1-worker-1	stdout	operator_cpu,trino,tpcds-parquet-sf10,q22,3,4/PartitionedOutputOperator@649,6,1260.670,0.000,0.597,0,133110000,133110000,18970.000,0.000,0.000
[WARNING] [stderr] 2026-08-12T23:39:01.651-0600	INFO	ForkJoinPool-1-worker-1	stdout	operator_cpu,trino,tpcds-parquet-sf10,q22,3,5/ScanFilterAndProjectOperator@286,1,0.000,4.050,0.000,73049,73049,366,0.000,3.000,0.000
[WARNING] [stderr] 2026-08-12T23:39:01.651-0600	INFO	ForkJoinPool-1-worker-1	stdout	operator_cpu,trino,tpcds-parquet-sf10,q22,3,5/PartitionedOutputOperator@286,1,0.014,0.000,0.074,0,366,366,0.000,0.000,0.000
[WARNING] [stderr] 2026-08-12T23:39:07.413-0600	INFO	ForkJoinPool-1-worker-1	stdout	operator_cpu,trino,tpcds-parquet-sf10,q22,4,0/ExchangeOperator@569,1,0.000,0.027,0.000,0,200,200,5740.000,0.006,0.000
[WARNING] [stderr] 2026-08-12T23:39:07.413-0600	INFO	ForkJoinPool-1-worker-1	stdout	operator_cpu,trino,tpcds-parquet-sf10,q22,4,0/LocalExchangeSourceOperator@740,1,0.000,0.004,0.000,0,200,200,5740.000,0.000,0.000
[WARNING] [stderr] 2026-08-12T23:39:07.413-0600	INFO	ForkJoinPool-1-worker-1	stdout	operator_cpu,trino,tpcds-parquet-sf10,q22,4,0/TaskOutputOperator@18,1,0.026,0.000,0.001,0,100,100,0.000,0.000,0.000
[WARNING] [stderr] 2026-08-12T23:39:07.413-0600	INFO	ForkJoinPool-1-worker-1	stdout	operator_cpu,trino,tpcds-parquet-sf10,q22,4,0/LocalExchangeSinkOperator@740,1,0.008,0.000,0.009,0,200,200,0.000,0.000,0.000
[WARNING] [stderr] 2026-08-12T23:39:07.413-0600	INFO	ForkJoinPool-1-worker-1	stdout	operator_cpu,trino,tpcds-parquet-sf10,q22,4,0/TopNOperator@492,1,0.001,0.109,0.012,0,200,100,0.000,0.094,0.000
[WARNING] [stderr] 2026-08-12T23:39:07.413-0600	INFO	ForkJoinPool-1-worker-1	stdout	operator_cpu,trino,tpcds-parquet-sf10,q22,4,1/ExchangeOperator@814,2,0.000,1.197,0.000,0,203770,203770,11450.000,1.217,0.000
[WARNING] [stderr] 2026-08-12T23:39:07.413-0600	INFO	ForkJoinPool-1-worker-1	stdout	operator_cpu,trino,tpcds-parquet-sf10,q22,4,1/LocalExchangeSourceOperator@808,2,0.000,0.055,0.000,0,203770,203770,11440.000,0.000,0.000
[WARNING] [stderr] 2026-08-12T23:39:07.413-0600	INFO	ForkJoinPool-1-worker-1	stdout	operator_cpu,trino,tpcds-parquet-sf10,q22,4,1/LocalExchangeSourceOperator@766,2,0.000,0.014,0.000,0,200,200,11480.000,0.000,0.000
[WARNING] [stderr] 2026-08-12T23:39:07.413-0600	INFO	ForkJoinPool-1-worker-1	stdout	operator_cpu,trino,tpcds-parquet-sf10,q22,4,1/TopNOperator@767,2,0.001,0.132,0.017,0,200,200,0.000,0.090,0.000
[WARNING] [stderr] 2026-08-12T23:39:07.413-0600	INFO	ForkJoinPool-1-worker-1	stdout	operator_cpu,trino,tpcds-parquet-sf10,q22,4,1/TopNOperator@765,2,0.002,0.156,0.022,0,200,200,0.000,0.090,0.000
[WARNING] [stderr] 2026-08-12T23:39:07.413-0600	INFO	ForkJoinPool-1-worker-1	stdout	operator_cpu,trino,tpcds-parquet-sf10,q22,4,1/TopNOperator@491,2,0.011,3.230,0.014,0,203751,200,0.000,0.094,0.000
[WARNING] [stderr] 2026-08-12T23:39:07.413-0600	INFO	ForkJoinPool-1-worker-1	stdout	operator_cpu,trino,tpcds-parquet-sf10,q22,4,1/LocalExchangeSinkOperator@808,2,6.990,0.000,0.018,0,203770,203770,0.000,0.000,0.000
[WARNING] [stderr] 2026-08-12T23:39:07.413-0600	INFO	ForkJoinPool-1-worker-1	stdout	operator_cpu,trino,tpcds-parquet-sf10,q22,4,1/HashAggregationOperator@9,2,18.420,9.110,0.032,0,203770,203751,0.000,11.968,0.000
[WARNING] [stderr] 2026-08-12T23:39:07.413-0600	INFO	ForkJoinPool-1-worker-1	stdout	operator_cpu,trino,tpcds-parquet-sf10,q22,4,1/LocalExchangeSinkOperator@766,2,0.014,0.000,0.005,0,200,200,0.000,0.000,0.000
[WARNING] [stderr] 2026-08-12T23:39:07.413-0600	INFO	ForkJoinPool-1-worker-1	stdout	operator_cpu,trino,tpcds-parquet-sf10,q22,4,1/TaskOutputOperator@767,2,0.065,0.000,0.001,0,200,200,0.000,0.000,0.000
[WARNING] [stderr] 2026-08-12T23:39:07.413-0600	INFO	ForkJoinPool-1-worker-1	stdout	operator_cpu,trino,tpcds-parquet-sf10,q22,4,1/LocalExchangeSourceOperator@768,2,0.000,0.010,0.000,0,200,200,11480.000,0.000,0.000
[WARNING] [stderr] 2026-08-12T23:39:07.413-0600	INFO	ForkJoinPool-1-worker-1	stdout	operator_cpu,trino,tpcds-parquet-sf10,q22,4,1/LocalExchangeSinkOperator@768,2,0.012,0.000,0.004,0,200,200,0.000,0.000,0.000
[WARNING] [stderr] 2026-08-12T23:39:07.413-0600	INFO	ForkJoinPool-1-worker-1	stdout	operator_cpu,trino,tpcds-parquet-sf10,q22,4,1/FilterAndProjectOperator@73,2,0.009,0.092,0.001,0,203751,203751,0.000,1.285,0.000
[WARNING] [stderr] 2026-08-12T23:39:07.413-0600	INFO	ForkJoinPool-1-worker-1	stdout	operator_cpu,trino,tpcds-parquet-sf10,q22,4,2/ExchangeOperator@567,2,0.000,2.400,0.000,0,102000,102000,36.910,2.647,0.000
[WARNING] [stderr] 2026-08-12T23:39:07.413-0600	INFO	ForkJoinPool-1-worker-1	stdout	operator_cpu,trino,tpcds-parquet-sf10,q22,4,2/LocalExchangeSourceOperator@738,2,0.000,0.052,0.000,0,102000,102000,49.320,0.000,0.000
[WARNING] [stderr] 2026-08-12T23:39:07.413-0600	INFO	ForkJoinPool-1-worker-1	stdout	operator_cpu,trino,tpcds-parquet-sf10,q22,4,2/ExchangeOperator@566,2,0.000,26.310,0.000,0,26520000,26520000,81.410,13.552,0.000
[WARNING] [stderr] 2026-08-12T23:39:07.413-0600	INFO	ForkJoinPool-1-worker-1	stdout	operator_cpu,trino,tpcds-parquet-sf10,q22,4,2/GroupIdOperator@8,2,1.748,13.160,0.001,0,26520000,132600000,0.000,0.000,0.000
[WARNING] [stderr] 2026-08-12T23:39:07.413-0600	INFO	ForkJoinPool-1-worker-1	stdout	operator_cpu,trino,tpcds-parquet-sf10,q22,4,2/PartitionedOutputOperator@812,2,11.350,0.000,0.162,0,203770,203770,0.000,0.000,0.000
[WARNING] [stderr] 2026-08-12T23:39:07.413-0600	INFO	ForkJoinPool-1-worker-1	stdout	operator_cpu,trino,tpcds-parquet-sf10,q22,4,2/HashAggregationOperator@812,2,9290.000,20.810,0.022,0,132600000,203770,0.000,11.918,0.000
[WARNING] [stderr] 2026-08-12T23:39:07.413-0600	INFO	ForkJoinPool-1-worker-1	stdout	operator_cpu,trino,tpcds-parquet-sf10,q22,4,2/FilterAndProjectOperator@91,2,2.540,127.700,0.089,0,26520000,26520000,0.000,1.357,0.000
[WARNING] [stderr] 2026-08-12T23:39:07.413-0600	INFO	ForkJoinPool-1-worker-1	stdout	operator_cpu,trino,tpcds-parquet-sf10,q22,4,2/LookupJoinOperator@4,2,0.387,1611.380,0.089,0,26520000,26520000,1.090,0.000,0.000
[WARNING] [stderr] 2026-08-12T23:39:07.413-0600	INFO	ForkJoinPool-1-worker-1	stdout	operator_cpu,trino,tpcds-parquet-sf10,q22,4,2/HashBuilderOperator@4,2,0.594,0.000,1.396,0,102000,102000,11340.000,5.813,0.000
[WARNING] [stderr] 2026-08-12T23:39:07.413-0600	INFO	ForkJoinPool-1-worker-1	stdout	operator_cpu,trino,tpcds-parquet-sf10,q22,4,2/LocalExchangeSinkOperator@738,2,0.061,0.000,0.023,0,102000,102000,0.000,0.000,0.000
[WARNING] [stderr] 2026-08-12T23:39:07.413-0600	INFO	ForkJoinPool-1-worker-1	stdout	operator_cpu,trino,tpcds-parquet-sf10,q22,4,2/DynamicFilterSourceOperator@4,2,1.504,0.025,0.003,0,102000,102000,0.000,0.001,0.000
[WARNING] [stderr] 2026-08-12T23:39:07.413-0600	INFO	ForkJoinPool-1-worker-1	stdout	operator_cpu,trino,tpcds-parquet-sf10,q22,4,3/ExchangeOperator@565,2,0.000,0.037,0.000,0,366,366,7.600,0.002,0.000
[WARNING] [stderr] 2026-08-12T23:39:07.413-0600	INFO	ForkJoinPool-1-worker-1	stdout	operator_cpu,trino,tpcds-parquet-sf10,q22,4,3/LocalExchangeSourceOperator@737,2,0.000,0.019,0.000,0,366,366,32.970,0.000,0.000
[WARNING] [stderr] 2026-08-12T23:39:07.413-0600	INFO	ForkJoinPool-1-worker-1	stdout	operator_cpu,trino,tpcds-parquet-sf10,q22,4,3/ExchangeOperator@564,2,0.000,256.700,0.000,0,133110000,133110000,2900.950,17.191,0.000
[WARNING] [stderr] 2026-08-12T23:39:07.413-0600	INFO	ForkJoinPool-1-worker-1	stdout	operator_cpu,trino,tpcds-parquet-sf10,q22,4,3/PartitionedOutputOperator@2,2,190.700,0.000,0.090,0,26520000,26520000,4760.000,0.000,0.000
[WARNING] [stderr] 2026-08-12T23:39:07.413-0600	INFO	ForkJoinPool-1-worker-1	stdout	operator_cpu,trino,tpcds-parquet-sf10,q22,4,3/LookupJoinOperator@2,2,2.360,1178.920,0.037,0,133110000,26520000,4.600,0.000,0.000
[WARNING] [stderr] 2026-08-12T23:39:07.413-0600	INFO	ForkJoinPool-1-worker-1	stdout	operator_cpu,trino,tpcds-parquet-sf10,q22,4,3/HashBuilderOperator@2,2,0.047,0.000,0.293,0,366,366,9780.000,0.125,0.000
[WARNING] [stderr] 2026-08-12T23:39:07.413-0600	INFO	ForkJoinPool-1-worker-1	stdout	operator_cpu,trino,tpcds-parquet-sf10,q22,4,3/LocalExchangeSinkOperator@737,2,0.017,0.000,0.031,0,366,366,0.000,0.000,0.000
[WARNING] [stderr] 2026-08-12T23:39:07.413-0600	INFO	ForkJoinPool-1-worker-1	stdout	operator_cpu,trino,tpcds-parquet-sf10,q22,4,3/DynamicFilterSourceOperator@2,2,0.033,0.015,0.384,0,366,366,0.000,0.002,0.000
[WARNING] [stderr] 2026-08-12T23:39:07.413-0600	INFO	ForkJoinPool-1-worker-1	stdout	operator_cpu,trino,tpcds-parquet-sf10,q22,4,6/TableScanOperator@3,1,0.000,4.670,0.000,102000,102000,102000,0.000,4.000,0.000
[WARNING] [stderr] 2026-08-12T23:39:07.413-0600	INFO	ForkJoinPool-1-worker-1	stdout	operator_cpu,trino,tpcds-parquet-sf10,q22,4,6/PartitionedOutputOperator@3,1,4.340,0.000,0.455,0,102000,102000,0.000,0.000,0.000
[WARNING] [stderr] 2026-08-12T23:39:07.413-0600	INFO	ForkJoinPool-1-worker-1	stdout	operator_cpu,trino,tpcds-parquet-sf10,q22,4,4/ScanFilterAndProjectOperator@649,6,0.000,1870.960,0.000,133110000,133110000,133110000,0.000,17.005,0.000
[WARNING] [stderr] 2026-08-12T23:39:07.413-0600	INFO	ForkJoinPool-1-worker-1	stdout	operator_cpu,trino,tpcds-parquet-sf10,q22,4,4/PartitionedOutputOperator@649,6,1235.680,0.000,0.734,0,133110000,133110000,17020.000,0.000,0.000
[WARNING] [stderr] 2026-08-12T23:39:07.413-0600	INFO	ForkJoinPool-1-worker-1	stdout	operator_cpu,trino,tpcds-parquet-sf10,q22,4,5/ScanFilterAndProjectOperator@286,1,0.000,2.440,0.000,73049,73049,366,0.000,3.000,0.000
[WARNING] [stderr] 2026-08-12T23:39:07.413-0600	INFO	ForkJoinPool-1-worker-1	stdout	operator_cpu,trino,tpcds-parquet-sf10,q22,4,5/PartitionedOutputOperator@286,1,0.008,0.000,0.033,0,366,366,0.000,0.000,0.000
[WARNING] [stderr] 2026-08-12T23:39:12.453-0600	INFO	ForkJoinPool-1-worker-1	stdout	operator_cpu,nitro,tpcds-parquet-sf10,q22,4,0/ExchangeOperator@569,1,0.000,0.036,0.000,0,200,200,5010.000,0.006,0.000
[WARNING] [stderr] 2026-08-12T23:39:12.453-0600	INFO	ForkJoinPool-1-worker-1	stdout	operator_cpu,nitro,tpcds-parquet-sf10,q22,4,0/LocalExchangeSourceOperator@740,1,0.000,0.005,0.000,0,200,200,5010.000,0.000,0.000
[WARNING] [stderr] 2026-08-12T23:39:12.453-0600	INFO	ForkJoinPool-1-worker-1	stdout	operator_cpu,nitro,tpcds-parquet-sf10,q22,4,0/TaskOutputOperator@18,1,0.029,0.000,0.001,0,100,100,0.000,0.000,0.000
[WARNING] [stderr] 2026-08-12T23:39:12.453-0600	INFO	ForkJoinPool-1-worker-1	stdout	operator_cpu,nitro,tpcds-parquet-sf10,q22,4,0/LocalExchangeSinkOperator@740,1,0.015,0.000,0.011,0,200,200,0.000,0.000,0.000
[WARNING] [stderr] 2026-08-12T23:39:12.453-0600	INFO	ForkJoinPool-1-worker-1	stdout	operator_cpu,nitro,tpcds-parquet-sf10,q22,4,0/TopNOperator@492,1,0.001,0.110,0.014,0,200,100,0.000,0.094,0.000
[WARNING] [stderr] 2026-08-12T23:39:12.453-0600	INFO	ForkJoinPool-1-worker-1	stdout	operator_cpu,nitro,tpcds-parquet-sf10,q22,4,1/ExchangeOperator@814,2,0.000,1.295,0.000,0,203770,203770,9960.000,1.212,0.000
[WARNING] [stderr] 2026-08-12T23:39:12.453-0600	INFO	ForkJoinPool-1-worker-1	stdout	operator_cpu,nitro,tpcds-parquet-sf10,q22,4,1/LocalExchangeSourceOperator@808,2,0.000,0.062,0.000,0,203770,203770,9940.000,0.000,0.000
[WARNING] [stderr] 2026-08-12T23:39:12.453-0600	INFO	ForkJoinPool-1-worker-1	stdout	operator_cpu,nitro,tpcds-parquet-sf10,q22,4,1/LocalExchangeSourceOperator@766,2,0.000,0.005,0.000,0,200,200,10000.000,0.000,0.000
[WARNING] [stderr] 2026-08-12T23:39:12.453-0600	INFO	ForkJoinPool-1-worker-1	stdout	operator_cpu,nitro,tpcds-parquet-sf10,q22,4,1/TaskOutputOperator@767,2,0.076,0.000,0.003,0,200,200,0.000,0.000,0.000
[WARNING] [stderr] 2026-08-12T23:39:12.453-0600	INFO	ForkJoinPool-1-worker-1	stdout	operator_cpu,nitro,tpcds-parquet-sf10,q22,4,1/TopNOperator@767,2,0.002,0.147,0.020,0,200,200,0.000,0.090,0.000
[WARNING] [stderr] 2026-08-12T23:39:12.453-0600	INFO	ForkJoinPool-1-worker-1	stdout	operator_cpu,nitro,tpcds-parquet-sf10,q22,4,1/LocalExchangeSourceOperator@768,2,0.000,0.013,0.000,0,200,200,9990.000,0.000,0.000
[WARNING] [stderr] 2026-08-12T23:39:12.453-0600	INFO	ForkJoinPool-1-worker-1	stdout	operator_cpu,nitro,tpcds-parquet-sf10,q22,4,1/LocalExchangeSinkOperator@768,2,0.011,0.000,0.004,0,200,200,0.000,0.000,0.000
[WARNING] [stderr] 2026-08-12T23:39:12.453-0600	INFO	ForkJoinPool-1-worker-1	stdout	operator_cpu,nitro,tpcds-parquet-sf10,q22,4,1/TopNOperator@765,2,0.001,0.143,0.021,0,200,200,0.000,0.090,0.000
[WARNING] [stderr] 2026-08-12T23:39:12.453-0600	INFO	ForkJoinPool-1-worker-1	stdout	operator_cpu,nitro,tpcds-parquet-sf10,q22,4,1/LocalExchangeSinkOperator@766,2,0.016,0.000,0.015,0,200,200,0.000,0.000,0.000
[WARNING] [stderr] 2026-08-12T23:39:12.453-0600	INFO	ForkJoinPool-1-worker-1	stdout	operator_cpu,nitro,tpcds-parquet-sf10,q22,4,1/TopNOperator@491,2,0.009,3.110,0.117,0,203751,200,0.000,0.094,0.000
[WARNING] [stderr] 2026-08-12T23:39:12.453-0600	INFO	ForkJoinPool-1-worker-1	stdout	operator_cpu,nitro,tpcds-parquet-sf10,q22,4,1/LocalExchangeSinkOperator@808,2,7.130,0.000,0.016,0,203770,203770,0.000,0.000,0.000
[WARNING] [stderr] 2026-08-12T23:39:12.453-0600	INFO	ForkJoinPool-1-worker-1	stdout	operator_cpu,nitro,tpcds-parquet-sf10,q22,4,1/TrinoNitroAggregationOperator@9,2,25.300,15.600,0.033,0,203770,203751,0.000,25.583,0.000
[WARNING] [stderr] 2026-08-12T23:39:12.454-0600	INFO	ForkJoinPool-1-worker-1	stdout	operator_cpu,nitro,tpcds-parquet-sf10,q22,4,2/ExchangeOperator@567,2,0.000,0.609,0.000,0,102000,102000,59.970,1.071,0.000
[WARNING] [stderr] 2026-08-12T23:39:12.454-0600	INFO	ForkJoinPool-1-worker-1	stdout	operator_cpu,nitro,tpcds-parquet-sf10,q22,4,2/LocalExchangeSourceOperator@738,2,0.000,0.020,0.000,0,102000,102000,64.380,0.000,0.000
[WARNING] [stderr] 2026-08-12T23:39:12.454-0600	INFO	ForkJoinPool-1-worker-1	stdout	operator_cpu,nitro,tpcds-parquet-sf10,q22,4,2/ExchangeOperator@566,2,0.000,19.440,0.000,0,26520000,26520000,132.240,17.571,0.000
[WARNING] [stderr] 2026-08-12T23:39:12.454-0600	INFO	ForkJoinPool-1-worker-1	stdout	operator_cpu,nitro,tpcds-parquet-sf10,q22,4,2/PartitionedOutputOperator@812,2,12.880,0.000,0.119,0,203770,203770,0.000,0.000,0.000
[WARNING] [stderr] 2026-08-12T23:39:12.454-0600	INFO	ForkJoinPool-1-worker-1	stdout	operator_cpu,nitro,tpcds-parquet-sf10,q22,4,2/TrinoNitroAggregationOperator@812,2,2.820,9170.000,1.333,0,26520000,203770,0.000,19.814,0.000
[WARNING] [stderr] 2026-08-12T23:39:12.454-0600	INFO	ForkJoinPool-1-worker-1	stdout	operator_cpu,nitro,tpcds-parquet-sf10,q22,4,2/TrinoNitroHashJoinOperator@4,2,3.120,337.710,0.085,0,26520000,26520000,72.550,8.260,0.000
[WARNING] [stderr] 2026-08-12T23:39:12.454-0600	INFO	ForkJoinPool-1-worker-1	stdout	operator_cpu,nitro,tpcds-parquet-sf10,q22,4,2/TrinoNitroHashBuildOperator@4,2,0.737,0.000,4.830,0,102000,0,9670.000,12.084,0.000
[WARNING] [stderr] 2026-08-12T23:39:12.454-0600	INFO	ForkJoinPool-1-worker-1	stdout	operator_cpu,nitro,tpcds-parquet-sf10,q22,4,2/LocalExchangeSinkOperator@738,2,0.066,0.000,0.051,0,102000,102000,0.000,0.000,0.000
[WARNING] [stderr] 2026-08-12T23:39:12.454-0600	INFO	ForkJoinPool-1-worker-1	stdout	operator_cpu,nitro,tpcds-parquet-sf10,q22,4,2/DynamicFilterSourceOperator@4,2,1.320,0.033,0.109,0,102000,102000,0.000,0.141,0.000
[WARNING] [stderr] 2026-08-12T23:39:12.454-0600	INFO	ForkJoinPool-1-worker-1	stdout	operator_cpu,nitro,tpcds-parquet-sf10,q22,4,3/ExchangeOperator@565,2,0.000,0.045,0.000,0,366,366,19.530,0.001,0.000
[WARNING] [stderr] 2026-08-12T23:39:12.454-0600	INFO	ForkJoinPool-1-worker-1	stdout	operator_cpu,nitro,tpcds-parquet-sf10,q22,4,3/LocalExchangeSourceOperator@737,2,0.000,0.009,0.000,0,366,366,24.690,0.000,0.000
[WARNING] [stderr] 2026-08-12T23:39:12.454-0600	INFO	ForkJoinPool-1-worker-1	stdout	operator_cpu,nitro,tpcds-parquet-sf10,q22,4,3/ExchangeOperator@564,2,0.000,38.560,0.000,0,26520000,26520000,707.260,16.731,0.000
[WARNING] [stderr] 2026-08-12T23:39:12.454-0600	INFO	ForkJoinPool-1-worker-1	stdout	operator_cpu,nitro,tpcds-parquet-sf10,q22,4,3/PartitionedOutputOperator@2,2,177.040,0.000,0.421,0,26520000,26520000,6480.000,0.000,0.000
[WARNING] [stderr] 2026-08-12T23:39:12.454-0600	INFO	ForkJoinPool-1-worker-1	stdout	operator_cpu,nitro,tpcds-parquet-sf10,q22,4,3/TrinoNitroHashJoinOperator@2,2,2.520,285.650,0.042,0,26520000,26520000,42.920,29.658,0.000
[WARNING] [stderr] 2026-08-12T23:39:12.454-0600	INFO	ForkJoinPool-1-worker-1	stdout	operator_cpu,nitro,tpcds-parquet-sf10,q22,4,3/TrinoNitroHashBuildOperator@2,2,0.039,0.000,1.378,0,366,0,7740.000,16.613,0.000
[WARNING] [stderr] 2026-08-12T23:39:12.454-0600	INFO	ForkJoinPool-1-worker-1	stdout	operator_cpu,nitro,tpcds-parquet-sf10,q22,4,3/LocalExchangeSinkOperator@737,2,0.014,0.000,0.019,0,366,366,0.000,0.000,0.000
[WARNING] [stderr] 2026-08-12T23:39:12.454-0600	INFO	ForkJoinPool-1-worker-1	stdout	operator_cpu,nitro,tpcds-parquet-sf10,q22,4,3/DynamicFilterSourceOperator@2,2,0.023,0.012,0.283,0,366,366,0.000,0.002,0.000
[WARNING] [stderr] 2026-08-12T23:39:12.454-0600	INFO	ForkJoinPool-1-worker-1	stdout	operator_cpu,nitro,tpcds-parquet-sf10,q22,4,6/TrinoNitroPipelineSourceOperator@3,1,0.000,3.810,0.000,102000,102000,102000,0.000,2.277,0.000
[WARNING] [stderr] 2026-08-12T23:39:12.454-0600	INFO	ForkJoinPool-1-worker-1	stdout	operator_cpu,nitro,tpcds-parquet-sf10,q22,4,6/PartitionedOutputOperator@3,1,7.520,0.000,0.109,0,102000,102000,0.000,0.000,0.000
[WARNING] [stderr] 2026-08-12T23:39:12.454-0600	INFO	ForkJoinPool-1-worker-1	stdout	operator_cpu,nitro,tpcds-parquet-sf10,q22,4,4/TrinoNitroPipelineSourceOperator@649,6,0.000,801.540,0.000,133110000,26520000,26520000,146.440,0.877,0.000
[WARNING] [stderr] 2026-08-12T23:39:12.454-0600	INFO	ForkJoinPool-1-worker-1	stdout	operator_cpu,nitro,tpcds-parquet-sf10,q22,4,4/PartitionedOutputOperator@649,6,266.660,0.000,0.524,0,26520000,26520000,9740.000,0.000,0.000
[WARNING] [stderr] 2026-08-12T23:39:12.454-0600	INFO	ForkJoinPool-1-worker-1	stdout	operator_cpu,nitro,tpcds-parquet-sf10,q22,4,5/TrinoNitroPipelineSourceOperator@286,1,0.000,1.170,0.000,73049,366,366,0.000,0.534,0.000
[WARNING] [stderr] 2026-08-12T23:39:12.454-0600	INFO	ForkJoinPool-1-worker-1	stdout	operator_cpu,nitro,tpcds-parquet-sf10,q22,4,5/PartitionedOutputOperator@286,1,0.023,0.000,0.016,0,366,366,0.000,0.000,0.000
[WARNING] [stderr] 2026-08-12T23:39:12.454-0600	INFO	ForkJoinPool-1-worker-1	stdout	operator_metric,nitro,tpcds-parquet-sf10,q22,4,1/TrinoNitroAggregationOperator@9,nitroProjectionIntegerWideningPositions,0
[WARNING] [stderr] 2026-08-12T23:39:12.454-0600	INFO	ForkJoinPool-1-worker-1	stdout	operator_metric,nitro,tpcds-parquet-sf10,q22,4,1/TrinoNitroAggregationOperator@9,nitroAggregationInputNanos,25055103
[WARNING] [stderr] 2026-08-12T23:39:12.454-0600	INFO	ForkJoinPool-1-worker-1	stdout	operator_metric,nitro,tpcds-parquet-sf10,q22,4,1/TrinoNitroAggregationOperator@9,nitroProjectionGeneratedLayoutFallbacks,0
[WARNING] [stderr] 2026-08-12T23:39:12.454-0600	INFO	ForkJoinPool-1-worker-1	stdout	operator_metric,nitro,tpcds-parquet-sf10,q22,4,1/TrinoNitroAggregationOperator@9,nitroBoundaryPageIngressPages,16
[WARNING] [stderr] 2026-08-12T23:39:12.454-0600	INFO	ForkJoinPool-1-worker-1	stdout	operator_metric,nitro,tpcds-parquet-sf10,q22,4,1/TrinoNitroAggregationOperator@9,nitroProjectionPlannedAssignments,0
[WARNING] [stderr] 2026-08-12T23:39:12.454-0600	INFO	ForkJoinPool-1-worker-1	stdout	operator_metric,nitro,tpcds-parquet-sf10,q22,4,1/TrinoNitroAggregationOperator@9,nitroBoundaryPageEgressPages,14
[WARNING] [stderr] 2026-08-12T23:39:12.454-0600	INFO	ForkJoinPool-1-worker-1	stdout	operator_metric,nitro,tpcds-parquet-sf10,q22,4,1/TrinoNitroAggregationOperator@9,nitroAggregationInitialEncodedKeyNanos,0
[WARNING] [stderr] 2026-08-12T23:39:12.454-0600	INFO	ForkJoinPool-1-worker-1	stdout	operator_metric,nitro,tpcds-parquet-sf10,q22,4,1/TrinoNitroAggregationOperator@9,nitroAggregationOutputNanos,66386
[WARNING] [stderr] 2026-08-12T23:39:12.454-0600	INFO	ForkJoinPool-1-worker-1	stdout	operator_metric,nitro,tpcds-parquet-sf10,q22,4,1/TrinoNitroAggregationOperator@9,nitroProjectionDictionaryFlatteningPositions,0
[WARNING] [stderr] 2026-08-12T23:39:12.454-0600	INFO	ForkJoinPool-1-worker-1	stdout	operator_metric,nitro,tpcds-parquet-sf10,q22,4,1/TrinoNitroAggregationOperator@9,nitroBoundaryPageEgressPositions,203751
[WARNING] [stderr] 2026-08-12T23:39:12.454-0600	INFO	ForkJoinPool-1-worker-1	stdout	operator_metric,nitro,tpcds-parquet-sf10,q22,4,1/TrinoNitroAggregationOperator@9,nitroAggregationFusedNanos,0
[WARNING] [stderr] 2026-08-12T23:39:12.454-0600	INFO	ForkJoinPool-1-worker-1	stdout	operator_metric,nitro,tpcds-parquet-sf10,q22,4,1/TrinoNitroAggregationOperator@9,nitroAggregationAccumulationNanos,1088623
[WARNING] [stderr] 2026-08-12T23:39:12.454-0600	INFO	ForkJoinPool-1-worker-1	stdout	operator_metric,nitro,tpcds-parquet-sf10,q22,4,1/TrinoNitroAggregationOperator@9,nitroProjectionGeneratedAttempts,0
[WARNING] [stderr] 2026-08-12T23:39:12.454-0600	INFO	ForkJoinPool-1-worker-1	stdout	operator_metric,nitro,tpcds-parquet-sf10,q22,4,1/TrinoNitroAggregationOperator@9,nitroProjectionGeneratedSuccesses,0
[WARNING] [stderr] 2026-08-12T23:39:12.454-0600	INFO	ForkJoinPool-1-worker-1	stdout	operator_metric,nitro,tpcds-parquet-sf10,q22,4,1/TrinoNitroAggregationOperator@9,nitroAggregationInitialFlatKeyNanos,0
[WARNING] [stderr] 2026-08-12T23:39:12.454-0600	INFO	ForkJoinPool-1-worker-1	stdout	operator_metric,nitro,tpcds-parquet-sf10,q22,4,1/TrinoNitroAggregationOperator@9,nitroBoundaryNativeEgressDictionaryChannelPositions,0
[WARNING] [stderr] 2026-08-12T23:39:12.454-0600	INFO	ForkJoinPool-1-worker-1	stdout	operator_metric,nitro,tpcds-parquet-sf10,q22,4,1/TrinoNitroAggregationOperator@9,nitroBoundaryPageIngressFlatChannelPositions,1222620
[WARNING] [stderr] 2026-08-12T23:39:12.454-0600	INFO	ForkJoinPool-1-worker-1	stdout	operator_metric,nitro,tpcds-parquet-sf10,q22,4,1/TrinoNitroAggregationOperator@9,nitroProjectionPlannedComputedOutputs,0
[WARNING] [stderr] 2026-08-12T23:39:12.454-0600	INFO	ForkJoinPool-1-worker-1	stdout	operator_metric,nitro,tpcds-parquet-sf10,q22,4,1/TrinoNitroAggregationOperator@9,nitroAggregationPipelineNanos,0
[WARNING] [stderr] 2026-08-12T23:39:12.454-0600	INFO	ForkJoinPool-1-worker-1	stdout	operator_metric,nitro,tpcds-parquet-sf10,q22,4,1/TrinoNitroAggregationOperator@9,nitroAggregationStatePreparationNanos,178685
[WARNING] [stderr] 2026-08-12T23:39:12.454-0600	INFO	ForkJoinPool-1-worker-1	stdout	operator_metric,nitro,tpcds-parquet-sf10,q22,4,1/TrinoNitroAggregationOperator@9,nitroProjectionRunLengthInputPositions,0
[WARNING] [stderr] 2026-08-12T23:39:12.454-0600	INFO	ForkJoinPool-1-worker-1	stdout	operator_metric,nitro,tpcds-parquet-sf10,q22,4,1/TrinoNitroAggregationOperator@9,nitroAggregationGroupingNanos,23496508
[WARNING] [stderr] 2026-08-12T23:39:12.454-0600	INFO	ForkJoinPool-1-worker-1	stdout	operator_metric,nitro,tpcds-parquet-sf10,q22,4,1/TrinoNitroAggregationOperator@9,nitroBoundaryPageIngressRunLengthChannelPositions,0
[WARNING] [stderr] 2026-08-12T23:39:12.454-0600	INFO	ForkJoinPool-1-worker-1	stdout	operator_metric,nitro,tpcds-parquet-sf10,q22,4,1/TrinoNitroAggregationOperator@9,nitroBoundaryNativeEgressRunLengthChannelPositions,0
[WARNING] [stderr] 2026-08-12T23:39:12.454-0600	INFO	ForkJoinPool-1-worker-1	stdout	operator_metric,nitro,tpcds-parquet-sf10,q22,4,1/TrinoNitroAggregationOperator@9,nitroProjectionDictionaryNullExpansionPositions,0
[WARNING] [stderr] 2026-08-12T23:39:12.454-0600	INFO	ForkJoinPool-1-worker-1	stdout	operator_metric,nitro,tpcds-parquet-sf10,q22,4,1/TrinoNitroAggregationOperator@9,nitroBoundaryPageEgressFlatChannelPositions,1018755
[WARNING] [stderr] 2026-08-12T23:39:12.454-0600	INFO	ForkJoinPool-1-worker-1	stdout	operator_metric,nitro,tpcds-parquet-sf10,q22,4,1/TrinoNitroAggregationOperator@9,nitroProjectionOtherInputPositions,0
[WARNING] [stderr] 2026-08-12T23:39:12.454-0600	INFO	ForkJoinPool-1-worker-1	stdout	operator_metric,nitro,tpcds-parquet-sf10,q22,4,1/TrinoNitroAggregationOperator@9,nitroProjectionOtherNullExpansionPositions,0
[WARNING] [stderr] 2026-08-12T23:39:12.454-0600	INFO	ForkJoinPool-1-worker-1	stdout	operator_metric,nitro,tpcds-parquet-sf10,q22,4,1/TrinoNitroAggregationOperator@9,nitroBoundaryPageIngressDictionaryChannelPositions,0
[WARNING] [stderr] 2026-08-12T23:39:12.454-0600	INFO	ForkJoinPool-1-worker-1	stdout	operator_metric,nitro,tpcds-parquet-sf10,q22,4,1/TrinoNitroAggregationOperator@9,nitroBoundaryPageIngressBytes,17374309
[WARNING] [stderr] 2026-08-12T23:39:12.454-0600	INFO	ForkJoinPool-1-worker-1	stdout	operator_metric,nitro,tpcds-parquet-sf10,q22,4,1/TrinoNitroAggregationOperator@9,nitroProjectionGeneratedSelectedPositions,0
[WARNING] [stderr] 2026-08-12T23:39:12.454-0600	INFO	ForkJoinPool-1-worker-1	stdout	operator_metric,nitro,tpcds-parquet-sf10,q22,4,1/TrinoNitroAggregationOperator@9,nitroBoundaryPageEgressRunLengthChannelPositions,0
[WARNING] [stderr] 2026-08-12T23:39:12.454-0600	INFO	ForkJoinPool-1-worker-1	stdout	operator_metric,nitro,tpcds-parquet-sf10,q22,4,1/TrinoNitroAggregationOperator@9,nitroProjectionDictionaryInputPositions,0
[WARNING] [stderr] 2026-08-12T23:39:12.454-0600	INFO	ForkJoinPool-1-worker-1	stdout	operator_metric,nitro,tpcds-parquet-sf10,q22,4,1/TrinoNitroAggregationOperator@9,nitroBoundaryPageEgressBytes,13501933
[WARNING] [stderr] 2026-08-12T23:39:12.454-0600	INFO	ForkJoinPool-1-worker-1	stdout	operator_metric,nitro,tpcds-parquet-sf10,q22,4,1/TrinoNitroAggregationOperator@9,nitroAggregationInitialKeyNanos,0
[WARNING] [stderr] 2026-08-12T23:39:12.454-0600	INFO	ForkJoinPool-1-worker-1	stdout	operator_metric,nitro,tpcds-parquet-sf10,q22,4,1/TrinoNitroAggregationOperator@9,nitroProjectionGeneratedKernels,0
[WARNING] [stderr] 2026-08-12T23:39:12.454-0600	INFO	ForkJoinPool-1-worker-1	stdout	operator_metric,nitro,tpcds-parquet-sf10,q22,4,1/TrinoNitroAggregationOperator@9,nitroProjectionGeneratedOutputs,0
[WARNING] [stderr] 2026-08-12T23:39:12.454-0600	INFO	ForkJoinPool-1-worker-1	stdout	operator_metric,nitro,tpcds-parquet-sf10,q22,4,1/TrinoNitroAggregationOperator@9,nitroBoundaryPageIngressPositions,203770
[WARNING] [stderr] 2026-08-12T23:39:12.454-0600	INFO	ForkJoinPool-1-worker-1	stdout	operator_metric,nitro,tpcds-parquet-sf10,q22,4,1/TrinoNitroAggregationOperator@9,nitroProjectionFlatInputPositions,0
[WARNING] [stderr] 2026-08-12T23:39:12.454-0600	INFO	ForkJoinPool-1-worker-1	stdout	operator_metric,nitro,tpcds-parquet-sf10,q22,4,1/TrinoNitroAggregationOperator@9,nitroAggregationFlushNanos,0
[WARNING] [stderr] 2026-08-12T23:39:12.454-0600	INFO	ForkJoinPool-1-worker-1	stdout	operator_metric,nitro,tpcds-parquet-sf10,q22,4,1/TrinoNitroAggregationOperator@9,nitroBoundaryNativeEgressFlatChannelPositions,1018755
[WARNING] [stderr] 2026-08-12T23:39:12.454-0600	INFO	ForkJoinPool-1-worker-1	stdout	operator_metric,nitro,tpcds-parquet-sf10,q22,4,1/TrinoNitroAggregationOperator@9,nitroAggregationInitialAggregationNanos,0
[WARNING] [stderr] 2026-08-12T23:39:12.454-0600	INFO	ForkJoinPool-1-worker-1	stdout	operator_metric,nitro,tpcds-parquet-sf10,q22,4,1/TrinoNitroAggregationOperator@9,nitroProjectionGeneratedErrorFallbacks,0
[WARNING] [stderr] 2026-08-12T23:39:12.454-0600	INFO	ForkJoinPool-1-worker-1	stdout	operator_metric,nitro,tpcds-parquet-sf10,q22,4,1/TrinoNitroAggregationOperator@9,nitroBoundaryPageEgressDictionaryChannelPositions,0
[WARNING] [stderr] 2026-08-12T23:39:12.454-0600	INFO	ForkJoinPool-1-worker-1	stdout	operator_metric,nitro,tpcds-parquet-sf10,q22,4,2/PartitionedOutputOperator@812,nitroExchangeLowDictionaryReusePositions,0
[WARNING] [stderr] 2026-08-12T23:39:12.454-0600	INFO	ForkJoinPool-1-worker-1	stdout	operator_metric,nitro,tpcds-parquet-sf10,q22,4,2/PartitionedOutputOperator@812,nitroExchangeDictionaryUnsupportedPositions,0
[WARNING] [stderr] 2026-08-12T23:39:12.454-0600	INFO	ForkJoinPool-1-worker-1	stdout	operator_metric,nitro,tpcds-parquet-sf10,q22,4,2/PartitionedOutputOperator@812,nitroExchangeInputPositions,203770
[WARNING] [stderr] 2026-08-12T23:39:12.454-0600	INFO	ForkJoinPool-1-worker-1	stdout	operator_metric,nitro,tpcds-parquet-sf10,q22,4,2/PartitionedOutputOperator@812,nitroExchangeInputRunLengthChannelPositions,0
[WARNING] [stderr] 2026-08-12T23:39:12.454-0600	INFO	ForkJoinPool-1-worker-1	stdout	operator_metric,nitro,tpcds-parquet-sf10,q22,4,2/PartitionedOutputOperator@812,nitroExchangeInputPages,14
[WARNING] [stderr] 2026-08-12T23:39:12.454-0600	INFO	ForkJoinPool-1-worker-1	stdout	operator_metric,nitro,tpcds-parquet-sf10,q22,4,2/PartitionedOutputOperator@812,nitroExchangeInputDictionaryChannelPositions,0
[WARNING] [stderr] 2026-08-12T23:39:12.454-0600	INFO	ForkJoinPool-1-worker-1	stdout	operator_metric,nitro,tpcds-parquet-sf10,q22,4,2/PartitionedOutputOperator@812,nitroExchangeInputFlatChannelPositions,1222620
[WARNING] [stderr] 2026-08-12T23:39:12.454-0600	INFO	ForkJoinPool-1-worker-1	stdout	operator_metric,nitro,tpcds-parquet-sf10,q22,4,2/PartitionedOutputOperator@812,nitroExchangeRunLengthUnsupportedPositions,0
[WARNING] [stderr] 2026-08-12T23:39:12.454-0600	INFO	ForkJoinPool-1-worker-1	stdout	operator_metric,nitro,tpcds-parquet-sf10,q22,4,2/PartitionedOutputOperator@812,nitroExchangePreservedPositions,0
[WARNING] [stderr] 2026-08-12T23:39:12.454-0600	INFO	ForkJoinPool-1-worker-1	stdout	operator_metric,nitro,tpcds-parquet-sf10,q22,4,2/PartitionedOutputOperator@812,nitroExchangeNoDictionaryPositions,203770
[WARNING] [stderr] 2026-08-12T23:39:12.454-0600	INFO	ForkJoinPool-1-worker-1	stdout	operator_metric,nitro,tpcds-parquet-sf10,q22,4,2/PartitionedOutputOperator@812,nitroExchangeSmallPagePositions,0
[WARNING] [stderr] 2026-08-12T23:39:12.454-0600	INFO	ForkJoinPool-1-worker-1	stdout	operator_metric,nitro,tpcds-parquet-sf10,q22,4,2/TrinoNitroAggregationOperator@812,nitroBoundaryNativeExchangeMaximumChannel3Bytes,4324095
[WARNING] [stderr] 2026-08-12T23:39:12.454-0600	INFO	ForkJoinPool-1-worker-1	stdout	operator_metric,nitro,tpcds-parquet-sf10,q22,4,2/TrinoNitroAggregationOperator@812,nitroAggregationGroupingNanos,8353694074
[WARNING] [stderr] 2026-08-12T23:39:12.454-0600	INFO	ForkJoinPool-1-worker-1	stdout	operator_metric,nitro,tpcds-parquet-sf10,q22,4,2/TrinoNitroAggregationOperator@812,nitroProjectionDictionaryFlatteningPositions,0
[WARNING] [stderr] 2026-08-12T23:39:12.454-0600	INFO	ForkJoinPool-1-worker-1	stdout	operator_metric,nitro,tpcds-parquet-sf10,q22,4,2/TrinoNitroAggregationOperator@812,nitroBoundaryNativeExchangePositions,203770
[WARNING] [stderr] 2026-08-12T23:39:12.454-0600	INFO	ForkJoinPool-1-worker-1	stdout	operator_metric,nitro,tpcds-parquet-sf10,q22,4,2/TrinoNitroAggregationOperator@812,nitroProjectionGeneratedKernels,0
[WARNING] [stderr] 2026-08-12T23:39:12.454-0600	INFO	ForkJoinPool-1-worker-1	stdout	operator_metric,nitro,tpcds-parquet-sf10,q22,4,2/TrinoNitroAggregationOperator@812,nitroAggregationFusedNanos,0
[WARNING] [stderr] 2026-08-12T23:39:12.454-0600	INFO	ForkJoinPool-1-worker-1	stdout	operator_metric,nitro,tpcds-parquet-sf10,q22,4,2/TrinoNitroAggregationOperator@812,nitroAggregationInitialFlatKeyNanos,0
[WARNING] [stderr] 2026-08-12T23:39:12.454-0600	INFO	ForkJoinPool-1-worker-1	stdout	operator_metric,nitro,tpcds-parquet-sf10,q22,4,2/TrinoNitroAggregationOperator@812,nitroAggregationOutputNanos,82567
[WARNING] [stderr] 2026-08-12T23:39:12.454-0600	INFO	ForkJoinPool-1-worker-1	stdout	operator_metric,nitro,tpcds-parquet-sf10,q22,4,2/TrinoNitroAggregationOperator@812,nitroAggregationStatePreparationNanos,684856
[WARNING] [stderr] 2026-08-12T23:39:12.454-0600	INFO	ForkJoinPool-1-worker-1	stdout	operator_metric,nitro,tpcds-parquet-sf10,q22,4,2/TrinoNitroAggregationOperator@812,nitroBoundaryNativeExchangeMaximumChannel0Bytes,2273152
[WARNING] [stderr] 2026-08-12T23:39:12.454-0600	INFO	ForkJoinPool-1-worker-1	stdout	operator_metric,nitro,tpcds-parquet-sf10,q22,4,2/TrinoNitroAggregationOperator@812,nitroProjectionOtherInputPositions,0
[WARNING] [stderr] 2026-08-12T23:39:12.454-0600	INFO	ForkJoinPool-1-worker-1	stdout	operator_metric,nitro,tpcds-parquet-sf10,q22,4,2/TrinoNitroAggregationOperator@812,nitroBoundaryNativeExchangeMaximumChannel4Bytes,294912
[WARNING] [stderr] 2026-08-12T23:39:12.454-0600	INFO	ForkJoinPool-1-worker-1	stdout	operator_metric,nitro,tpcds-parquet-sf10,q22,4,2/TrinoNitroAggregationOperator@812,nitroBoundaryNativeExchangeBatches,14
[WARNING] [stderr] 2026-08-12T23:39:12.454-0600	INFO	ForkJoinPool-1-worker-1	stdout	operator_metric,nitro,tpcds-parquet-sf10,q22,4,2/TrinoNitroAggregationOperator@812,nitroProjectionPlannedAssignments,0
[WARNING] [stderr] 2026-08-12T23:39:12.454-0600	INFO	ForkJoinPool-1-worker-1	stdout	operator_metric,nitro,tpcds-parquet-sf10,q22,4,2/TrinoNitroAggregationOperator@812,nitroAggregationInputNanos,8920459799
[WARNING] [stderr] 2026-08-12T23:39:12.454-0600	INFO	ForkJoinPool-1-worker-1	stdout	operator_metric,nitro,tpcds-parquet-sf10,q22,4,2/TrinoNitroAggregationOperator@812,nitroAggregationFlushNanos,0
[WARNING] [stderr] 2026-08-12T23:39:12.454-0600	INFO	ForkJoinPool-1-worker-1	stdout	operator_metric,nitro,tpcds-parquet-sf10,q22,4,2/TrinoNitroAggregationOperator@812,nitroProjectionGeneratedAttempts,0
[WARNING] [stderr] 2026-08-12T23:39:12.454-0600	INFO	ForkJoinPool-1-worker-1	stdout	operator_metric,nitro,tpcds-parquet-sf10,q22,4,2/TrinoNitroAggregationOperator@812,nitroProjectionGeneratedSelectedPositions,0
[WARNING] [stderr] 2026-08-12T23:39:12.454-0600	INFO	ForkJoinPool-1-worker-1	stdout	operator_metric,nitro,tpcds-parquet-sf10,q22,4,2/TrinoNitroAggregationOperator@812,nitroProjectionGeneratedSuccesses,0
[WARNING] [stderr] 2026-08-12T23:39:12.454-0600	INFO	ForkJoinPool-1-worker-1	stdout	operator_metric,nitro,tpcds-parquet-sf10,q22,4,2/TrinoNitroAggregationOperator@812,nitroBoundaryNativeExchangeMaximumChannel1Bytes,1480136
[WARNING] [stderr] 2026-08-12T23:39:12.454-0600	INFO	ForkJoinPool-1-worker-1	stdout	operator_metric,nitro,tpcds-parquet-sf10,q22,4,2/TrinoNitroAggregationOperator@812,nitroBoundaryNativeExchangeMaximumBatchBytes,12828746
[WARNING] [stderr] 2026-08-12T23:39:12.454-0600	INFO	ForkJoinPool-1-worker-1	stdout	operator_metric,nitro,tpcds-parquet-sf10,q22,4,2/TrinoNitroAggregationOperator@812,nitroBoundaryNativeExchangeMaximumChannel5Bytes,557056
[WARNING] [stderr] 2026-08-12T23:39:12.454-0600	INFO	ForkJoinPool-1-worker-1	stdout	operator_metric,nitro,tpcds-parquet-sf10,q22,4,2/TrinoNitroAggregationOperator@812,nitroProjectionGeneratedErrorFallbacks,0
[WARNING] [stderr] 2026-08-12T23:39:12.454-0600	INFO	ForkJoinPool-1-worker-1	stdout	operator_metric,nitro,tpcds-parquet-sf10,q22,4,2/TrinoNitroAggregationOperator@812,nitroProjectionOtherNullExpansionPositions,0
[WARNING] [stderr] 2026-08-12T23:39:12.454-0600	INFO	ForkJoinPool-1-worker-1	stdout	operator_metric,nitro,tpcds-parquet-sf10,q22,4,2/TrinoNitroAggregationOperator@812,nitroAggregationInitialAggregationNanos,0
[WARNING] [stderr] 2026-08-12T23:39:12.454-0600	INFO	ForkJoinPool-1-worker-1	stdout	operator_metric,nitro,tpcds-parquet-sf10,q22,4,2/TrinoNitroAggregationOperator@812,nitroProjectionIntegerWideningPositions,0
[WARNING] [stderr] 2026-08-12T23:39:12.454-0600	INFO	ForkJoinPool-1-worker-1	stdout	operator_metric,nitro,tpcds-parquet-sf10,q22,4,2/TrinoNitroAggregationOperator@812,nitroAggregationAccumulationNanos,563732989
[WARNING] [stderr] 2026-08-12T23:39:12.454-0600	INFO	ForkJoinPool-1-worker-1	stdout	operator_metric,nitro,tpcds-parquet-sf10,q22,4,2/TrinoNitroAggregationOperator@812,nitroBoundaryNativeExchangeBytes,35828041
[WARNING] [stderr] 2026-08-12T23:39:12.454-0600	INFO	ForkJoinPool-1-worker-1	stdout	operator_metric,nitro,tpcds-parquet-sf10,q22,4,2/TrinoNitroAggregationOperator@812,nitroProjectionDictionaryNullExpansionPositions,0
[WARNING] [stderr] 2026-08-12T23:39:12.454-0600	INFO	ForkJoinPool-1-worker-1	stdout	operator_metric,nitro,tpcds-parquet-sf10,q22,4,2/TrinoNitroAggregationOperator@812,nitroProjectionFlatInputPositions,0
[WARNING] [stderr] 2026-08-12T23:39:12.454-0600	INFO	ForkJoinPool-1-worker-1	stdout	operator_metric,nitro,tpcds-parquet-sf10,q22,4,2/TrinoNitroAggregationOperator@812,nitroBoundaryNativeExchangeMaximumChannel2Bytes,4073266
[WARNING] [stderr] 2026-08-12T23:39:12.454-0600	INFO	ForkJoinPool-1-worker-1	stdout	operator_metric,nitro,tpcds-parquet-sf10,q22,4,2/TrinoNitroAggregationOperator@812,nitroProjectionRunLengthInputPositions,0
[WARNING] [stderr] 2026-08-12T23:39:12.454-0600	INFO	ForkJoinPool-1-worker-1	stdout	operator_metric,nitro,tpcds-parquet-sf10,q22,4,2/TrinoNitroAggregationOperator@812,nitroProjectionGeneratedLayoutFallbacks,0
[WARNING] [stderr] 2026-08-12T23:39:12.454-0600	INFO	ForkJoinPool-1-worker-1	stdout	operator_metric,nitro,tpcds-parquet-sf10,q22,4,2/TrinoNitroAggregationOperator@812,nitroAggregationInitialEncodedKeyNanos,0
[WARNING] [stderr] 2026-08-12T23:39:12.454-0600	INFO	ForkJoinPool-1-worker-1	stdout	operator_metric,nitro,tpcds-parquet-sf10,q22,4,2/TrinoNitroAggregationOperator@812,nitroProjectionPlannedComputedOutputs,0
[WARNING] [stderr] 2026-08-12T23:39:12.454-0600	INFO	ForkJoinPool-1-worker-1	stdout	operator_metric,nitro,tpcds-parquet-sf10,q22,4,2/TrinoNitroAggregationOperator@812,nitroAggregationInitialKeyNanos,0
[WARNING] [stderr] 2026-08-12T23:39:12.454-0600	INFO	ForkJoinPool-1-worker-1	stdout	operator_metric,nitro,tpcds-parquet-sf10,q22,4,2/TrinoNitroAggregationOperator@812,nitroProjectionGeneratedOutputs,0
[WARNING] [stderr] 2026-08-12T23:39:12.454-0600	INFO	ForkJoinPool-1-worker-1	stdout	operator_metric,nitro,tpcds-parquet-sf10,q22,4,2/TrinoNitroAggregationOperator@812,nitroProjectionDictionaryInputPositions,0
[WARNING] [stderr] 2026-08-12T23:39:12.454-0600	INFO	ForkJoinPool-1-worker-1	stdout	operator_metric,nitro,tpcds-parquet-sf10,q22,4,2/TrinoNitroAggregationOperator@812,nitroAggregationPipelineNanos,287515
[WARNING] [stderr] 2026-08-12T23:39:12.454-0600	INFO	ForkJoinPool-1-worker-1	stdout	operator_metric,nitro,tpcds-parquet-sf10,q22,4,2/TrinoNitroHashJoinOperator@4,nitroBoundaryNativeExchangeMaximumBatchBytes,13826064
[WARNING] [stderr] 2026-08-12T23:39:12.454-0600	INFO	ForkJoinPool-1-worker-1	stdout	operator_metric,nitro,tpcds-parquet-sf10,q22,4,2/TrinoNitroHashJoinOperator@4,nitroBoundaryPageIngressFlatChannelPositions,53040000
[WARNING] [stderr] 2026-08-12T23:39:12.454-0600	INFO	ForkJoinPool-1-worker-1	stdout	operator_metric,nitro,tpcds-parquet-sf10,q22,4,2/TrinoNitroHashJoinOperator@4,nitroBoundaryNativeExchangeBatches,3027
[WARNING] [stderr] 2026-08-12T23:39:12.454-0600	INFO	ForkJoinPool-1-worker-1	stdout	operator_metric,nitro,tpcds-parquet-sf10,q22,4,2/TrinoNitroHashJoinOperator@4,nitroBoundaryNativeExchangeBytes,11472589342
[WARNING] [stderr] 2026-08-12T23:39:12.454-0600	INFO	ForkJoinPool-1-worker-1	stdout	operator_metric,nitro,tpcds-parquet-sf10,q22,4,2/TrinoNitroHashJoinOperator@4,nitroBoundaryNativeExchangePositions,26520000
[WARNING] [stderr] 2026-08-12T23:39:12.454-0600	INFO	ForkJoinPool-1-worker-1	stdout	operator_metric,nitro,tpcds-parquet-sf10,q22,4,2/TrinoNitroHashJoinOperator@4,nitroBoundaryPageIngressRunLengthChannelPositions,0
[WARNING] [stderr] 2026-08-12T23:39:12.454-0600	INFO	ForkJoinPool-1-worker-1	stdout	operator_metric,nitro,tpcds-parquet-sf10,q22,4,2/TrinoNitroHashJoinOperator@4,nitroBoundaryPageIngressDictionaryChannelPositions,0
[WARNING] [stderr] 2026-08-12T23:39:12.454-0600	INFO	ForkJoinPool-1-worker-1	stdout	operator_metric,nitro,tpcds-parquet-sf10,q22,4,2/TrinoNitroHashJoinOperator@4,nitroBoundaryPageIngressBytes,371280000
[WARNING] [stderr] 2026-08-12T23:39:12.454-0600	INFO	ForkJoinPool-1-worker-1	stdout	operator_metric,nitro,tpcds-parquet-sf10,q22,4,2/TrinoNitroHashJoinOperator@4,nitroBoundaryPageIngressPages,758
[WARNING] [stderr] 2026-08-12T23:39:12.454-0600	INFO	ForkJoinPool-1-worker-1	stdout	operator_metric,nitro,tpcds-parquet-sf10,q22,4,2/TrinoNitroHashJoinOperator@4,nitroBoundaryPageIngressPositions,26520000
[WARNING] [stderr] 2026-08-12T23:39:12.454-0600	INFO	ForkJoinPool-1-worker-1	stdout	operator_metric,nitro,tpcds-parquet-sf10,q22,4,3/PartitionedOutputOperator@2,nitroExchangeLowDictionaryReusePositions,0
[WARNING] [stderr] 2026-08-12T23:39:12.454-0600	INFO	ForkJoinPool-1-worker-1	stdout	operator_metric,nitro,tpcds-parquet-sf10,q22,4,3/PartitionedOutputOperator@2,nitroExchangeDictionaryUnsupportedPositions,0
[WARNING] [stderr] 2026-08-12T23:39:12.454-0600	INFO	ForkJoinPool-1-worker-1	stdout	operator_metric,nitro,tpcds-parquet-sf10,q22,4,3/PartitionedOutputOperator@2,nitroExchangeInputPositions,26520000
[WARNING] [stderr] 2026-08-12T23:39:12.454-0600	INFO	ForkJoinPool-1-worker-1	stdout	operator_metric,nitro,tpcds-parquet-sf10,q22,4,3/PartitionedOutputOperator@2,nitroExchangeInputRunLengthChannelPositions,0
[WARNING] [stderr] 2026-08-12T23:39:12.454-0600	INFO	ForkJoinPool-1-worker-1	stdout	operator_metric,nitro,tpcds-parquet-sf10,q22,4,3/PartitionedOutputOperator@2,nitroExchangeInputPages,2692
[WARNING] [stderr] 2026-08-12T23:39:12.454-0600	INFO	ForkJoinPool-1-worker-1	stdout	operator_metric,nitro,tpcds-parquet-sf10,q22,4,3/PartitionedOutputOperator@2,nitroExchangeInputDictionaryChannelPositions,0
[WARNING] [stderr] 2026-08-12T23:39:12.454-0600	INFO	ForkJoinPool-1-worker-1	stdout	operator_metric,nitro,tpcds-parquet-sf10,q22,4,3/PartitionedOutputOperator@2,nitroExchangeInputFlatChannelPositions,53040000
[WARNING] [stderr] 2026-08-12T23:39:12.454-0600	INFO	ForkJoinPool-1-worker-1	stdout	operator_metric,nitro,tpcds-parquet-sf10,q22,4,3/PartitionedOutputOperator@2,nitroExchangeRunLengthUnsupportedPositions,0
[WARNING] [stderr] 2026-08-12T23:39:12.454-0600	INFO	ForkJoinPool-1-worker-1	stdout	operator_metric,nitro,tpcds-parquet-sf10,q22,4,3/PartitionedOutputOperator@2,nitroExchangePreservedPositions,0
[WARNING] [stderr] 2026-08-12T23:39:12.454-0600	INFO	ForkJoinPool-1-worker-1	stdout	operator_metric,nitro,tpcds-parquet-sf10,q22,4,3/PartitionedOutputOperator@2,nitroExchangeNoDictionaryPositions,26520000
[WARNING] [stderr] 2026-08-12T23:39:12.454-0600	INFO	ForkJoinPool-1-worker-1	stdout	operator_metric,nitro,tpcds-parquet-sf10,q22,4,3/PartitionedOutputOperator@2,nitroExchangeSmallPagePositions,0
[WARNING] [stderr] 2026-08-12T23:39:12.454-0600	INFO	ForkJoinPool-1-worker-1	stdout	operator_metric,nitro,tpcds-parquet-sf10,q22,4,3/TrinoNitroHashJoinOperator@2,nitroBoundaryNativeExchangeMaximumBatchBytes,260010
[WARNING] [stderr] 2026-08-12T23:39:12.454-0600	INFO	ForkJoinPool-1-worker-1	stdout	operator_metric,nitro,tpcds-parquet-sf10,q22,4,3/TrinoNitroHashJoinOperator@2,nitroBoundaryPageIngressFlatChannelPositions,79560000
[WARNING] [stderr] 2026-08-12T23:39:12.454-0600	INFO	ForkJoinPool-1-worker-1	stdout	operator_metric,nitro,tpcds-parquet-sf10,q22,4,3/TrinoNitroHashJoinOperator@2,nitroBoundaryNativeExchangeBatches,2692
[WARNING] [stderr] 2026-08-12T23:39:12.454-0600	INFO	ForkJoinPool-1-worker-1	stdout	operator_metric,nitro,tpcds-parquet-sf10,q22,4,3/TrinoNitroHashJoinOperator@2,nitroBoundaryNativeExchangeBytes,344773460
[WARNING] [stderr] 2026-08-12T23:39:12.454-0600	INFO	ForkJoinPool-1-worker-1	stdout	operator_metric,nitro,tpcds-parquet-sf10,q22,4,3/TrinoNitroHashJoinOperator@2,nitroBoundaryNativeExchangePositions,26520000
[WARNING] [stderr] 2026-08-12T23:39:12.454-0600	INFO	ForkJoinPool-1-worker-1	stdout	operator_metric,nitro,tpcds-parquet-sf10,q22,4,3/TrinoNitroHashJoinOperator@2,nitroBoundaryPageIngressRunLengthChannelPositions,0
[WARNING] [stderr] 2026-08-12T23:39:12.454-0600	INFO	ForkJoinPool-1-worker-1	stdout	operator_metric,nitro,tpcds-parquet-sf10,q22,4,3/TrinoNitroHashJoinOperator@2,nitroBoundaryPageIngressDictionaryChannelPositions,0
[WARNING] [stderr] 2026-08-12T23:39:12.454-0600	INFO	ForkJoinPool-1-worker-1	stdout	operator_metric,nitro,tpcds-parquet-sf10,q22,4,3/TrinoNitroHashJoinOperator@2,nitroBoundaryPageIngressBytes,609960000
[WARNING] [stderr] 2026-08-12T23:39:12.454-0600	INFO	ForkJoinPool-1-worker-1	stdout	operator_metric,nitro,tpcds-parquet-sf10,q22,4,3/TrinoNitroHashJoinOperator@2,nitroBoundaryPageIngressPages,675
[WARNING] [stderr] 2026-08-12T23:39:12.454-0600	INFO	ForkJoinPool-1-worker-1	stdout	operator_metric,nitro,tpcds-parquet-sf10,q22,4,3/TrinoNitroHashJoinOperator@2,nitroBoundaryPageIngressPositions,26520000
[WARNING] [stderr] 2026-08-12T23:39:12.454-0600	INFO	ForkJoinPool-1-worker-1	stdout	operator_metric,nitro,tpcds-parquet-sf10,q22,4,6/TrinoNitroPipelineSourceOperator@3,nitroAllocatorAllocatedVectorBytes,10883616
[WARNING] [stderr] 2026-08-12T23:39:12.454-0600	INFO	ForkJoinPool-1-worker-1	stdout	operator_metric,nitro,tpcds-parquet-sf10,q22,4,6/TrinoNitroPipelineSourceOperator@3,nitroBoundaryNativeExchangePositions,102000
[WARNING] [stderr] 2026-08-12T23:39:12.454-0600	INFO	ForkJoinPool-1-worker-1	stdout	operator_metric,nitro,tpcds-parquet-sf10,q22,4,6/TrinoNitroPipelineSourceOperator@3,nitroAllocatorAllocatedBytes.trino-native-source-ingress,0
[WARNING] [stderr] 2026-08-12T23:39:12.454-0600	INFO	ForkJoinPool-1-worker-1	stdout	operator_metric,nitro,tpcds-parquet-sf10,q22,4,6/TrinoNitroPipelineSourceOperator@3,nitroAllocatorAllocatedBytes,10883616
[WARNING] [stderr] 2026-08-12T23:39:12.454-0600	INFO	ForkJoinPool-1-worker-1	stdout	operator_metric,nitro,tpcds-parquet-sf10,q22,4,6/TrinoNitroPipelineSourceOperator@3,nitroAllocatorAllocatedVectorBytes.I64Vector,816000
[WARNING] [stderr] 2026-08-12T23:39:12.454-0600	INFO	ForkJoinPool-1-worker-1	stdout	operator_metric,nitro,tpcds-parquet-sf10,q22,4,6/TrinoNitroPipelineSourceOperator@3,nitroBoundaryNativeExchangeBytes,9216606
[WARNING] [stderr] 2026-08-12T23:39:12.454-0600	INFO	ForkJoinPool-1-worker-1	stdout	operator_metric,nitro,tpcds-parquet-sf10,q22,4,6/TrinoNitroPipelineSourceOperator@3,nitroOperatorConstructionNanos,19006
[WARNING] [stderr] 2026-08-12T23:39:12.454-0600	INFO	ForkJoinPool-1-worker-1	stdout	operator_metric,nitro,tpcds-parquet-sf10,q22,4,6/TrinoNitroPipelineSourceOperator@3,nitroBoundaryNativeExchangeBatches,11
[WARNING] [stderr] 2026-08-12T23:39:12.454-0600	INFO	ForkJoinPool-1-worker-1	stdout	operator_metric,nitro,tpcds-parquet-sf10,q22,4,6/TrinoNitroPipelineSourceOperator@3,nitroAllocatorAllocatedVectorBytes.BinaryVector,8333616
[WARNING] [stderr] 2026-08-12T23:39:12.454-0600	INFO	ForkJoinPool-1-worker-1	stdout	operator_metric,nitro,tpcds-parquet-sf10,q22,4,6/TrinoNitroPipelineSourceOperator@3,nitroBoundaryNativeExchangeMaximumBatchBytes,2402894
[WARNING] [stderr] 2026-08-12T23:39:12.454-0600	INFO	ForkJoinPool-1-worker-1	stdout	operator_metric,nitro,tpcds-parquet-sf10,q22,4,6/TrinoNitroPipelineSourceOperator@3,nitroAllocatorAllocatedVectorBytes.I32Vector,1224000
[WARNING] [stderr] 2026-08-12T23:39:12.454-0600	INFO	ForkJoinPool-1-worker-1	stdout	operator_metric,nitro,tpcds-parquet-sf10,q22,4,6/TrinoNitroPipelineSourceOperator@3,nitroAllocatorAllocatedBytes.NitroParquetBatchSource,10883616
[WARNING] [stderr] 2026-08-12T23:39:12.454-0600	INFO	ForkJoinPool-1-worker-1	stdout	operator_metric,nitro,tpcds-parquet-sf10,q22,4,6/TrinoNitroPipelineSourceOperator@3,nitroAllocatorAllocatedVectorBytes.BooleanVector,510000
[WARNING] [stderr] 2026-08-12T23:39:12.454-0600	INFO	ForkJoinPool-1-worker-1	stdout	operator_metric,nitro,tpcds-parquet-sf10,q22,4,6/TrinoNitroPipelineSourceOperator@3,nitroNativeSourceCreationNanos,181675
[WARNING] [stderr] 2026-08-12T23:39:12.454-0600	INFO	ForkJoinPool-1-worker-1	stdout	operator_metric,nitro,tpcds-parquet-sf10,q22,4,6/PartitionedOutputOperator@3,nitroExchangeLowDictionaryReusePositions,0
[WARNING] [stderr] 2026-08-12T23:39:12.454-0600	INFO	ForkJoinPool-1-worker-1	stdout	operator_metric,nitro,tpcds-parquet-sf10,q22,4,6/PartitionedOutputOperator@3,nitroExchangeDictionaryUnsupportedPositions,0
[WARNING] [stderr] 2026-08-12T23:39:12.454-0600	INFO	ForkJoinPool-1-worker-1	stdout	operator_metric,nitro,tpcds-parquet-sf10,q22,4,6/PartitionedOutputOperator@3,nitroExchangeInputPositions,102000
[WARNING] [stderr] 2026-08-12T23:39:12.454-0600	INFO	ForkJoinPool-1-worker-1	stdout	operator_metric,nitro,tpcds-parquet-sf10,q22,4,6/PartitionedOutputOperator@3,nitroExchangeInputRunLengthChannelPositions,0
[WARNING] [stderr] 2026-08-12T23:39:12.454-0600	INFO	ForkJoinPool-1-worker-1	stdout	operator_metric,nitro,tpcds-parquet-sf10,q22,4,6/PartitionedOutputOperator@3,nitroExchangeInputPages,11
[WARNING] [stderr] 2026-08-12T23:39:12.454-0600	INFO	ForkJoinPool-1-worker-1	stdout	operator_metric,nitro,tpcds-parquet-sf10,q22,4,6/PartitionedOutputOperator@3,nitroExchangeInputDictionaryChannelPositions,0
[WARNING] [stderr] 2026-08-12T23:39:12.454-0600	INFO	ForkJoinPool-1-worker-1	stdout	operator_metric,nitro,tpcds-parquet-sf10,q22,4,6/PartitionedOutputOperator@3,nitroExchangeInputFlatChannelPositions,510000
[WARNING] [stderr] 2026-08-12T23:39:12.454-0600	INFO	ForkJoinPool-1-worker-1	stdout	operator_metric,nitro,tpcds-parquet-sf10,q22,4,6/PartitionedOutputOperator@3,nitroExchangeRunLengthUnsupportedPositions,0
[WARNING] [stderr] 2026-08-12T23:39:12.454-0600	INFO	ForkJoinPool-1-worker-1	stdout	operator_metric,nitro,tpcds-parquet-sf10,q22,4,6/PartitionedOutputOperator@3,nitroExchangePreservedPositions,0
[WARNING] [stderr] 2026-08-12T23:39:12.454-0600	INFO	ForkJoinPool-1-worker-1	stdout	operator_metric,nitro,tpcds-parquet-sf10,q22,4,6/PartitionedOutputOperator@3,nitroExchangeNoDictionaryPositions,102000
[WARNING] [stderr] 2026-08-12T23:39:12.454-0600	INFO	ForkJoinPool-1-worker-1	stdout	operator_metric,nitro,tpcds-parquet-sf10,q22,4,6/PartitionedOutputOperator@3,nitroExchangeSmallPagePositions,0
[WARNING] [stderr] 2026-08-12T23:39:12.454-0600	INFO	ForkJoinPool-1-worker-1	stdout	operator_metric,nitro,tpcds-parquet-sf10,q22,4,4/TrinoNitroPipelineSourceOperator@649,nitroAllocatorAllocatedBytes,2445360000
[WARNING] [stderr] 2026-08-12T23:39:12.454-0600	INFO	ForkJoinPool-1-worker-1	stdout	operator_metric,nitro,tpcds-parquet-sf10,q22,4,4/TrinoNitroPipelineSourceOperator@649,nitroBoundaryNativeExchangeMaximumBatchBytes,5520000
[WARNING] [stderr] 2026-08-12T23:39:12.454-0600	INFO	ForkJoinPool-1-worker-1	stdout	operator_metric,nitro,tpcds-parquet-sf10,q22,4,4/TrinoNitroPipelineSourceOperator@649,nitroOperatorConstructionNanos,89379
[WARNING] [stderr] 2026-08-12T23:39:12.454-0600	INFO	ForkJoinPool-1-worker-1	stdout	operator_metric,nitro,tpcds-parquet-sf10,q22,4,4/TrinoNitroPipelineSourceOperator@649,nitroBoundaryNativeExchangeBytes,2445360000
[WARNING] [stderr] 2026-08-12T23:39:12.454-0600	INFO	ForkJoinPool-1-worker-1	stdout	operator_metric,nitro,tpcds-parquet-sf10,q22,4,4/TrinoNitroPipelineSourceOperator@649,nitroBoundaryNativeExchangePositions,26520000
[WARNING] [stderr] 2026-08-12T23:39:12.454-0600	INFO	ForkJoinPool-1-worker-1	stdout	operator_metric,nitro,tpcds-parquet-sf10,q22,4,4/TrinoNitroPipelineSourceOperator@649,nitroAllocatorAllocatedBytes.NitroParquetBatchSource,2445360000
[WARNING] [stderr] 2026-08-12T23:39:12.454-0600	INFO	ForkJoinPool-1-worker-1	stdout	operator_metric,nitro,tpcds-parquet-sf10,q22,4,4/TrinoNitroPipelineSourceOperator@649,nitroAllocatorAllocatedVectorBytes.I32Vector,425280000
[WARNING] [stderr] 2026-08-12T23:39:12.454-0600	INFO	ForkJoinPool-1-worker-1	stdout	operator_metric,nitro,tpcds-parquet-sf10,q22,4,4/TrinoNitroPipelineSourceOperator@649,nitroAllocatorAllocatedVectorBytes,2445360000
[WARNING] [stderr] 2026-08-12T23:39:12.454-0600	INFO	ForkJoinPool-1-worker-1	stdout	operator_metric,nitro,tpcds-parquet-sf10,q22,4,4/TrinoNitroPipelineSourceOperator@649,nitroAllocatorAllocatedBytes.trino-native-source-ingress,0
[WARNING] [stderr] 2026-08-12T23:39:12.454-0600	INFO	ForkJoinPool-1-worker-1	stdout	operator_metric,nitro,tpcds-parquet-sf10,q22,4,4/TrinoNitroPipelineSourceOperator@649,nitroBoundaryNativeExchangeBatches,2658
[WARNING] [stderr] 2026-08-12T23:39:12.454-0600	INFO	ForkJoinPool-1-worker-1	stdout	operator_metric,nitro,tpcds-parquet-sf10,q22,4,4/TrinoNitroPipelineSourceOperator@649,nitroAllocatorAllocatedVectorBytes.BooleanVector,318960000
[WARNING] [stderr] 2026-08-12T23:39:12.454-0600	INFO	ForkJoinPool-1-worker-1	stdout	operator_metric,nitro,tpcds-parquet-sf10,q22,4,4/TrinoNitroPipelineSourceOperator@649,nitroNativeSourceCreationNanos,553018
[WARNING] [stderr] 2026-08-12T23:39:12.454-0600	INFO	ForkJoinPool-1-worker-1	stdout	operator_metric,nitro,tpcds-parquet-sf10,q22,4,4/TrinoNitroPipelineSourceOperator@649,nitroAllocatorAllocatedVectorBytes.I64Vector,1701120000
[WARNING] [stderr] 2026-08-12T23:39:12.454-0600	INFO	ForkJoinPool-1-worker-1	stdout	operator_metric,nitro,tpcds-parquet-sf10,q22,4,4/PartitionedOutputOperator@649,nitroExchangeLowDictionaryReusePositions,0
[WARNING] [stderr] 2026-08-12T23:39:12.454-0600	INFO	ForkJoinPool-1-worker-1	stdout	operator_metric,nitro,tpcds-parquet-sf10,q22,4,4/PartitionedOutputOperator@649,nitroExchangeDictionaryUnsupportedPositions,0
[WARNING] [stderr] 2026-08-12T23:39:12.454-0600	INFO	ForkJoinPool-1-worker-1	stdout	operator_metric,nitro,tpcds-parquet-sf10,q22,4,4/PartitionedOutputOperator@649,nitroExchangeInputPositions,26520000
[WARNING] [stderr] 2026-08-12T23:39:12.454-0600	INFO	ForkJoinPool-1-worker-1	stdout	operator_metric,nitro,tpcds-parquet-sf10,q22,4,4/PartitionedOutputOperator@649,nitroExchangeInputRunLengthChannelPositions,0
[WARNING] [stderr] 2026-08-12T23:39:12.454-0600	INFO	ForkJoinPool-1-worker-1	stdout	operator_metric,nitro,tpcds-parquet-sf10,q22,4,4/PartitionedOutputOperator@649,nitroExchangeInputPages,2658
[WARNING] [stderr] 2026-08-12T23:39:12.454-0600	INFO	ForkJoinPool-1-worker-1	stdout	operator_metric,nitro,tpcds-parquet-sf10,q22,4,4/PartitionedOutputOperator@649,nitroExchangeInputDictionaryChannelPositions,0
[WARNING] [stderr] 2026-08-12T23:39:12.454-0600	INFO	ForkJoinPool-1-worker-1	stdout	operator_metric,nitro,tpcds-parquet-sf10,q22,4,4/PartitionedOutputOperator@649,nitroExchangeInputFlatChannelPositions,79560000
[WARNING] [stderr] 2026-08-12T23:39:12.454-0600	INFO	ForkJoinPool-1-worker-1	stdout	operator_metric,nitro,tpcds-parquet-sf10,q22,4,4/PartitionedOutputOperator@649,nitroExchangeRunLengthUnsupportedPositions,0
[WARNING] [stderr] 2026-08-12T23:39:12.454-0600	INFO	ForkJoinPool-1-worker-1	stdout	operator_metric,nitro,tpcds-parquet-sf10,q22,4,4/PartitionedOutputOperator@649,nitroExchangePreservedPositions,0
[WARNING] [stderr] 2026-08-12T23:39:12.454-0600	INFO	ForkJoinPool-1-worker-1	stdout	operator_metric,nitro,tpcds-parquet-sf10,q22,4,4/PartitionedOutputOperator@649,nitroExchangeNoDictionaryPositions,26520000
[WARNING] [stderr] 2026-08-12T23:39:12.454-0600	INFO	ForkJoinPool-1-worker-1	stdout	operator_metric,nitro,tpcds-parquet-sf10,q22,4,4/PartitionedOutputOperator@649,nitroExchangeSmallPagePositions,0
[WARNING] [stderr] 2026-08-12T23:39:12.454-0600	INFO	ForkJoinPool-1-worker-1	stdout	operator_metric,nitro,tpcds-parquet-sf10,q22,4,5/TrinoNitroPipelineSourceOperator@286,nitroProjectionDictionaryFlatteningPositions,0
[WARNING] [stderr] 2026-08-12T23:39:12.454-0600	INFO	ForkJoinPool-1-worker-1	stdout	operator_metric,nitro,tpcds-parquet-sf10,q22,4,5/TrinoNitroPipelineSourceOperator@286,nitroProjectionOtherInputPositions,0
[WARNING] [stderr] 2026-08-12T23:39:12.454-0600	INFO	ForkJoinPool-1-worker-1	stdout	operator_metric,nitro,tpcds-parquet-sf10,q22,4,5/TrinoNitroPipelineSourceOperator@286,nitroFilterPrimitiveMaskSuccesses,0
[WARNING] [stderr] 2026-08-12T23:39:12.454-0600	INFO	ForkJoinPool-1-worker-1	stdout	operator_metric,nitro,tpcds-parquet-sf10,q22,4,5/TrinoNitroPipelineSourceOperator@286,nitroProjectionGeneratedSelectedPositions,0
[WARNING] [stderr] 2026-08-12T23:39:12.454-0600	INFO	ForkJoinPool-1-worker-1	stdout	operator_metric,nitro,tpcds-parquet-sf10,q22,4,5/TrinoNitroPipelineSourceOperator@286,nitroProjectionPlannedAssignments,0
[WARNING] [stderr] 2026-08-12T23:39:12.454-0600	INFO	ForkJoinPool-1-worker-1	stdout	operator_metric,nitro,tpcds-parquet-sf10,q22,4,5/TrinoNitroPipelineSourceOperator@286,nitroProjectionGeneratedAttempts,0
[WARNING] [stderr] 2026-08-12T23:39:12.454-0600	INFO	ForkJoinPool-1-worker-1	stdout	operator_metric,nitro,tpcds-parquet-sf10,q22,4,5/TrinoNitroPipelineSourceOperator@286,nitroFilterPrimitiveMaskAttempts,0
[WARNING] [stderr] 2026-08-12T23:39:12.454-0600	INFO	ForkJoinPool-1-worker-1	stdout	operator_metric,nitro,tpcds-parquet-sf10,q22,4,5/TrinoNitroPipelineSourceOperator@286,nitroProjectionFlatInputPositions,0
[WARNING] [stderr] 2026-08-12T23:39:12.454-0600	INFO	ForkJoinPool-1-worker-1	stdout	operator_metric,nitro,tpcds-parquet-sf10,q22,4,5/TrinoNitroPipelineSourceOperator@286,nitroFilterPlannedSourceMaskOptimizations,0
[WARNING] [stderr] 2026-08-12T23:39:12.454-0600	INFO	ForkJoinPool-1-worker-1	stdout	operator_metric,nitro,tpcds-parquet-sf10,q22,4,5/TrinoNitroPipelineSourceOperator@286,nitroAllocatorAllocatedBytes,560000
[WARNING] [stderr] 2026-08-12T23:39:12.454-0600	INFO	ForkJoinPool-1-worker-1	stdout	operator_metric,nitro,tpcds-parquet-sf10,q22,4,5/TrinoNitroPipelineSourceOperator@286,nitroProjectionGeneratedErrorFallbacks,0
[WARNING] [stderr] 2026-08-12T23:39:12.454-0600	INFO	ForkJoinPool-1-worker-1	stdout	operator_metric,nitro,tpcds-parquet-sf10,q22,4,5/TrinoNitroPipelineSourceOperator@286,nitroFilterCompiledMaskFallbacks,0
[WARNING] [stderr] 2026-08-12T23:39:12.454-0600	INFO	ForkJoinPool-1-worker-1	stdout	operator_metric,nitro,tpcds-parquet-sf10,q22,4,5/TrinoNitroPipelineSourceOperator@286,nitroFilterMaterializedMaskFallbacks,0
[WARNING] [stderr] 2026-08-12T23:39:12.454-0600	INFO	ForkJoinPool-1-worker-1	stdout	operator_metric,nitro,tpcds-parquet-sf10,q22,4,5/TrinoNitroPipelineSourceOperator@286,nitroBoundaryNativeExchangeBytes,360000
[WARNING] [stderr] 2026-08-12T23:39:12.454-0600	INFO	ForkJoinPool-1-worker-1	stdout	operator_metric,nitro,tpcds-parquet-sf10,q22,4,5/TrinoNitroPipelineSourceOperator@286,nitroProjectionIntegerWideningPositions,0
[WARNING] [stderr] 2026-08-12T23:39:12.454-0600	INFO	ForkJoinPool-1-worker-1	stdout	operator_metric,nitro,tpcds-parquet-sf10,q22,4,5/TrinoNitroPipelineSourceOperator@286,nitroFilterPrimitiveMaskFallbacks,0
[WARNING] [stderr] 2026-08-12T23:39:12.454-0600	INFO	ForkJoinPool-1-worker-1	stdout	operator_metric,nitro,tpcds-parquet-sf10,q22,4,5/TrinoNitroPipelineSourceOperator@286,nitroFilterCompiledMaskSuccesses,0
[WARNING] [stderr] 2026-08-12T23:39:12.454-0600	INFO	ForkJoinPool-1-worker-1	stdout	operator_metric,nitro,tpcds-parquet-sf10,q22,4,5/TrinoNitroPipelineSourceOperator@286,nitroAllocatorAllocatedBytes.ProjectOperator,0
[WARNING] [stderr] 2026-08-12T23:39:12.454-0600	INFO	ForkJoinPool-1-worker-1	stdout	operator_metric,nitro,tpcds-parquet-sf10,q22,4,5/TrinoNitroPipelineSourceOperator@286,nitroAllocatorAllocatedBytes.FilterOperator,0
[WARNING] [stderr] 2026-08-12T23:39:12.454-0600	INFO	ForkJoinPool-1-worker-1	stdout	operator_metric,nitro,tpcds-parquet-sf10,q22,4,5/TrinoNitroPipelineSourceOperator@286,nitroBoundaryNativeExchangePositions,366
[WARNING] [stderr] 2026-08-12T23:39:12.454-0600	INFO	ForkJoinPool-1-worker-1	stdout	operator_metric,nitro,tpcds-parquet-sf10,q22,4,5/TrinoNitroPipelineSourceOperator@286,nitroAllocatorAllocatedVectorBytes.BooleanVector,80000
[WARNING] [stderr] 2026-08-12T23:39:12.454-0600	INFO	ForkJoinPool-1-worker-1	stdout	operator_metric,nitro,tpcds-parquet-sf10,q22,4,5/TrinoNitroPipelineSourceOperator@286,nitroFilterInputPositions,366
[WARNING] [stderr] 2026-08-12T23:39:12.454-0600	INFO	ForkJoinPool-1-worker-1	stdout	operator_metric,nitro,tpcds-parquet-sf10,q22,4,5/TrinoNitroPipelineSourceOperator@286,nitroBoundaryNativeExchangeMaximumBatchBytes,360000
[WARNING] [stderr] 2026-08-12T23:39:12.454-0600	INFO	ForkJoinPool-1-worker-1	stdout	operator_metric,nitro,tpcds-parquet-sf10,q22,4,5/TrinoNitroPipelineSourceOperator@286,nitroAllocatorAllocatedVectorBytes.I32Vector,160000
[WARNING] [stderr] 2026-08-12T23:39:12.454-0600	INFO	ForkJoinPool-1-worker-1	stdout	operator_metric,nitro,tpcds-parquet-sf10,q22,4,5/TrinoNitroPipelineSourceOperator@286,nitroOperatorConstructionNanos,496922
[WARNING] [stderr] 2026-08-12T23:39:12.454-0600	INFO	ForkJoinPool-1-worker-1	stdout	operator_metric,nitro,tpcds-parquet-sf10,q22,4,5/TrinoNitroPipelineSourceOperator@286,nitroProjectionGeneratedLayoutFallbacks,0
[WARNING] [stderr] 2026-08-12T23:39:12.454-0600	INFO	ForkJoinPool-1-worker-1	stdout	operator_metric,nitro,tpcds-parquet-sf10,q22,4,5/TrinoNitroPipelineSourceOperator@286,nitroProjectionPlannedComputedOutputs,0
[WARNING] [stderr] 2026-08-12T23:39:12.454-0600	INFO	ForkJoinPool-1-worker-1	stdout	operator_metric,nitro,tpcds-parquet-sf10,q22,4,5/TrinoNitroPipelineSourceOperator@286,nitroProjectionGeneratedKernels,0
[WARNING] [stderr] 2026-08-12T23:39:12.454-0600	INFO	ForkJoinPool-1-worker-1	stdout	operator_metric,nitro,tpcds-parquet-sf10,q22,4,5/TrinoNitroPipelineSourceOperator@286,nitroFilterPlannedCompiledMasks,0
[WARNING] [stderr] 2026-08-12T23:39:12.454-0600	INFO	ForkJoinPool-1-worker-1	stdout	operator_metric,nitro,tpcds-parquet-sf10,q22,4,5/TrinoNitroPipelineSourceOperator@286,nitroFilterPlannedAssignments,5
[WARNING] [stderr] 2026-08-12T23:39:12.454-0600	INFO	ForkJoinPool-1-worker-1	stdout	operator_metric,nitro,tpcds-parquet-sf10,q22,4,5/TrinoNitroPipelineSourceOperator@286,nitroAllocatorAllocatedVectorBytes.I64Vector,320000
[WARNING] [stderr] 2026-08-12T23:39:12.454-0600	INFO	ForkJoinPool-1-worker-1	stdout	operator_metric,nitro,tpcds-parquet-sf10,q22,4,5/TrinoNitroPipelineSourceOperator@286,nitroProjectionDictionaryInputPositions,0
[WARNING] [stderr] 2026-08-12T23:39:12.454-0600	INFO	ForkJoinPool-1-worker-1	stdout	operator_metric,nitro,tpcds-parquet-sf10,q22,4,5/TrinoNitroPipelineSourceOperator@286,nitroFilterSourceMaskSuccesses,0
[WARNING] [stderr] 2026-08-12T23:39:12.454-0600	INFO	ForkJoinPool-1-worker-1	stdout	operator_metric,nitro,tpcds-parquet-sf10,q22,4,5/TrinoNitroPipelineSourceOperator@286,nitroFilterCompiledMaskAttempts,0
[WARNING] [stderr] 2026-08-12T23:39:12.454-0600	INFO	ForkJoinPool-1-worker-1	stdout	operator_metric,nitro,tpcds-parquet-sf10,q22,4,5/TrinoNitroPipelineSourceOperator@286,nitroFilterOutputPositions,366
[WARNING] [stderr] 2026-08-12T23:39:12.454-0600	INFO	ForkJoinPool-1-worker-1	stdout	operator_metric,nitro,tpcds-parquet-sf10,q22,4,5/TrinoNitroPipelineSourceOperator@286,nitroProjectionRunLengthInputPositions,0
[WARNING] [stderr] 2026-08-12T23:39:12.454-0600	INFO	ForkJoinPool-1-worker-1	stdout	operator_metric,nitro,tpcds-parquet-sf10,q22,4,5/TrinoNitroPipelineSourceOperator@286,nitroProjectionGeneratedSuccesses,0
[WARNING] [stderr] 2026-08-12T23:39:12.454-0600	INFO	ForkJoinPool-1-worker-1	stdout	operator_metric,nitro,tpcds-parquet-sf10,q22,4,5/TrinoNitroPipelineSourceOperator@286,nitroAllocatorAllocatedBytes.NitroParquetBatchSource,560000
[WARNING] [stderr] 2026-08-12T23:39:12.454-0600	INFO	ForkJoinPool-1-worker-1	stdout	operator_metric,nitro,tpcds-parquet-sf10,q22,4,5/TrinoNitroPipelineSourceOperator@286,nitroFilterDirectPreboundMaskSuccesses,0
[WARNING] [stderr] 2026-08-12T23:39:12.454-0600	INFO	ForkJoinPool-1-worker-1	stdout	operator_metric,nitro,tpcds-parquet-sf10,q22,4,5/TrinoNitroPipelineSourceOperator@286,nitroProjectionOtherNullExpansionPositions,0
[WARNING] [stderr] 2026-08-12T23:39:12.454-0600	INFO	ForkJoinPool-1-worker-1	stdout	operator_metric,nitro,tpcds-parquet-sf10,q22,4,5/TrinoNitroPipelineSourceOperator@286,nitroNativeSourceCreationNanos,219817
[WARNING] [stderr] 2026-08-12T23:39:12.454-0600	INFO	ForkJoinPool-1-worker-1	stdout	operator_metric,nitro,tpcds-parquet-sf10,q22,4,5/TrinoNitroPipelineSourceOperator@286,nitroBoundaryNativeExchangeBatches,1
[WARNING] [stderr] 2026-08-12T23:39:12.454-0600	INFO	ForkJoinPool-1-worker-1	stdout	operator_metric,nitro,tpcds-parquet-sf10,q22,4,5/TrinoNitroPipelineSourceOperator@286,nitroFilterPlannedPreboundMasks,0
[WARNING] [stderr] 2026-08-12T23:39:12.454-0600	INFO	ForkJoinPool-1-worker-1	stdout	operator_metric,nitro,tpcds-parquet-sf10,q22,4,5/TrinoNitroPipelineSourceOperator@286,nitroAllocatorAllocatedBytes.trino-native-source-ingress,0
[WARNING] [stderr] 2026-08-12T23:39:12.454-0600	INFO	ForkJoinPool-1-worker-1	stdout	operator_metric,nitro,tpcds-parquet-sf10,q22,4,5/TrinoNitroPipelineSourceOperator@286,nitroProjectionDictionaryNullExpansionPositions,0
[WARNING] [stderr] 2026-08-12T23:39:12.454-0600	INFO	ForkJoinPool-1-worker-1	stdout	operator_metric,nitro,tpcds-parquet-sf10,q22,4,5/TrinoNitroPipelineSourceOperator@286,nitroAllocatorAllocatedVectorBytes,560000
[WARNING] [stderr] 2026-08-12T23:39:12.454-0600	INFO	ForkJoinPool-1-worker-1	stdout	operator_metric,nitro,tpcds-parquet-sf10,q22,4,5/TrinoNitroPipelineSourceOperator@286,nitroProjectionGeneratedOutputs,0
[WARNING] [stderr] 2026-08-12T23:39:12.454-0600	INFO	ForkJoinPool-1-worker-1	stdout	operator_metric,nitro,tpcds-parquet-sf10,q22,4,5/PartitionedOutputOperator@286,nitroExchangeLowDictionaryReusePositions,0
[WARNING] [stderr] 2026-08-12T23:39:12.454-0600	INFO	ForkJoinPool-1-worker-1	stdout	operator_metric,nitro,tpcds-parquet-sf10,q22,4,5/PartitionedOutputOperator@286,nitroExchangeDictionaryUnsupportedPositions,0
[WARNING] [stderr] 2026-08-12T23:39:12.454-0600	INFO	ForkJoinPool-1-worker-1	stdout	operator_metric,nitro,tpcds-parquet-sf10,q22,4,5/PartitionedOutputOperator@286,nitroExchangeInputPositions,366
[WARNING] [stderr] 2026-08-12T23:39:12.454-0600	INFO	ForkJoinPool-1-worker-1	stdout	operator_metric,nitro,tpcds-parquet-sf10,q22,4,5/PartitionedOutputOperator@286,nitroExchangeInputRunLengthChannelPositions,0
[WARNING] [stderr] 2026-08-12T23:39:12.454-0600	INFO	ForkJoinPool-1-worker-1	stdout	operator_metric,nitro,tpcds-parquet-sf10,q22,4,5/PartitionedOutputOperator@286,nitroExchangeInputPages,1
[WARNING] [stderr] 2026-08-12T23:39:12.454-0600	INFO	ForkJoinPool-1-worker-1	stdout	operator_metric,nitro,tpcds-parquet-sf10,q22,4,5/PartitionedOutputOperator@286,nitroExchangeInputDictionaryChannelPositions,0
[WARNING] [stderr] 2026-08-12T23:39:12.454-0600	INFO	ForkJoinPool-1-worker-1	stdout	operator_metric,nitro,tpcds-parquet-sf10,q22,4,5/PartitionedOutputOperator@286,nitroExchangeInputFlatChannelPositions,366
[WARNING] [stderr] 2026-08-12T23:39:12.454-0600	INFO	ForkJoinPool-1-worker-1	stdout	operator_metric,nitro,tpcds-parquet-sf10,q22,4,5/PartitionedOutputOperator@286,nitroExchangeRunLengthUnsupportedPositions,0
[WARNING] [stderr] 2026-08-12T23:39:12.454-0600	INFO	ForkJoinPool-1-worker-1	stdout	operator_metric,nitro,tpcds-parquet-sf10,q22,4,5/PartitionedOutputOperator@286,nitroExchangePreservedPositions,0
[WARNING] [stderr] 2026-08-12T23:39:12.454-0600	INFO	ForkJoinPool-1-worker-1	stdout	operator_metric,nitro,tpcds-parquet-sf10,q22,4,5/PartitionedOutputOperator@286,nitroExchangeNoDictionaryPositions,366
[WARNING] [stderr] 2026-08-12T23:39:12.454-0600	INFO	ForkJoinPool-1-worker-1	stdout	operator_metric,nitro,tpcds-parquet-sf10,q22,4,5/PartitionedOutputOperator@286,nitroExchangeSmallPagePositions,0
[WARNING] [stderr] 2026-08-12T23:39:12.455-0600	INFO	ForkJoinPool-1-worker-1	stdout	trino,tpcds-parquet-sf10,q22,5,5762.134,5873.859,6022.011,5869.949,15945.000,15926.000,0
[WARNING] [stderr] 2026-08-12T23:39:12.455-0600	INFO	ForkJoinPool-1-worker-1	stdout	allocation,trino,tpcds-parquet-sf10,q22,5,33634.102,33080.148
[WARNING] [stderr] 2026-08-12T23:39:12.455-0600	INFO	ForkJoinPool-1-worker-1	stdout	peak_memory,trino,tpcds-parquet-sf10,q22,5,284.282,292.270,10355.202,10388.495
[WARNING] [stderr] 2026-08-12T23:39:12.455-0600	INFO	ForkJoinPool-1-worker-1	stdout	nitro,tpcds-parquet-sf10,q22,5,4956.687,5018.585,5041.582,5014.113,11203.000,11205.800,8
[WARNING] [stderr] 2026-08-12T23:39:12.455-0600	INFO	ForkJoinPool-1-worker-1	stdout	allocation,nitro,tpcds-parquet-sf10,q22,5,15296.914,15033.045
[WARNING] [stderr] 2026-08-12T23:39:12.455-0600	INFO	ForkJoinPool-1-worker-1	stdout	peak_memory,nitro,tpcds-parquet-sf10,q22,5,311.983,323.316,10404.468,10470.609
[WARNING] [stderr] 2026-08-12T23:39:12.455-0600	INFO	ForkJoinPool-1-worker-1	stdout	boundary,nitro,tpcds-parquet-sf10,q22,5,7245,266218850,4993071545,0,669113100,0,70,1018755,67509665,0,5093775,0,0,671672430,0,42016,399330680,71647834498
[WARNING] [stderr] 2026-08-12T23:39:12.455-0600	INFO	ForkJoinPool-1-worker-1	stdout	nitro_over_trino_wall_p50,0.8543932024710911
[WARNING] [stderr] 2026-08-12T23:39:12.455-0600	INFO	ForkJoinPool-1-worker-1	stdout	nitro_over_trino_cpu_p50,0.7026026967701474
[WARNING] [stderr] 2026-08-12T23:39:12.455-0600	INFO	ForkJoinPool-1-worker-1	stdout	nitro_over_trino_cpu_mean,0.7036167273640588
[INFO] Tests run: 1, Failures: 0, Errors: 0, Skipped: 0, Time elapsed: 127.2 s -- in io.trino.tests.nitro.TestNitroTpcdsParquetPerformance
[WARNING] [stderr] 2026-08-12T23:39:12.495-0600	INFO	main	io.trino.testing.containers.junit.ReportLeakedContainers	DockerClientFactory not initialized, so there should be no leaked containers, skipping the check
[INFO] 
[INFO] Results:
[INFO] 
[INFO] Tests run: 1, Failures: 0, Errors: 0, Skipped: 0
[INFO] 
[INFO] ------------------------------------------------------------------------
[INFO] BUILD SUCCESS
[INFO] ------------------------------------------------------------------------
[INFO] Total time:  02:09 min (Wall Clock)
[INFO] Finished at: 2026-08-13T05:39:12Z
[INFO] ------------------------------------------------------------------------
[INFO] Njord session closed

Script done on 2026-08-13 05:39:12+00:00 [COMMAND_EXIT_CODE="0"]
