java/lang/Thread.run;java/lang/Thread.runWith;java/util/concurrent/ThreadPoolExecutor$Worker.run;java/util/concurrent/ThreadPoolExecutor.runWorker;java/util/concurrent/FutureTask.run;java/util/concurrent/Executors$RunnableAdapter.call;java/util/concurrent/FutureTask.run;org/openjdk/jmh/runner/BenchmarkHandler$BenchmarkTask.call;org/openjdk/jmh/runner/BenchmarkHandler$BenchmarkTask.call;java/lang/reflect/Method.invoke;jdk/internal/reflect/DirectMethodHandleAccessor.invoke;jdk/internal/reflect/DirectMethodHandleAccessor.invokeImpl;java/lang/invoke/LambdaForm$MH.0x000000001a061400.invokeExact_MT;java/lang/invoke/LambdaForm$MH.0x000000001a061000.invoke;java/lang/invoke/DirectMethodHandle$Holder.invokeSpecial;org/weakref/nitro/clickbench/jmh_generated/BenchmarkQueries_query17_jmhTest.query17_AverageTime;org/weakref/nitro/clickbench/jmh_generated/BenchmarkQueries_query17_jmhTest.query17_avgt_jmhStub;org/weakref/nitro/clickbench/BenchmarkQueries.query17;org/weakref/nitro/clickbench/ClickBenchHitsSupport.query17;org/weakref/nitro/clickbench/ClickBenchHitsSupport.clickBenchScan;org/weakref/nitro/operator/NitroParquetScanOperator.<init>;java/util/stream/ReferencePipeline.toArray;java/util/stream/AbstractPipeline.evaluateToArrayNode;java/util/stream/AbstractPipeline.evaluate;java/util/stream/AbstractPipeline.wrapAndCopyInto;java/util/stream/AbstractPipeline.copyInto;java/util/AbstractList$RandomAccessSpliterator.forEachRemaining;java/util/stream/ReferencePipeline$3$1.accept;org/weakref/nitro/operator/NitroParquetScanOperator$$Lambda.0x000000001a083cc0.apply;org/weakref/nitro/parquet/ParquetFile.open;org/weakref/nitro/parquet/ParquetFile.<init>;org/apache/parquet/format/Util.readFileMetaData;org/apache/parquet/format/Util.readFileMetaData;org/apache/parquet/format/Util.read;org/apache/parquet/format/FileMetaData.read;org/apache/parquet/format/FileMetaData$FileMetaDataStandardScheme.read;org/apache/parquet/format/FileMetaData$FileMetaDataStandardScheme.read;org/apache/parquet/format/RowGroup.read;org/apache/parquet/format/RowGroup$RowGroupStandardScheme.read;org/apache/parquet/format/RowGroup$RowGroupStandardScheme.read;org/apache/parquet/format/ColumnChunk.read;org/apache/parquet/format/ColumnChunk$ColumnChunkStandardScheme.read;org/apache/parquet/format/ColumnChunk$ColumnChunkStandardScheme.read;org/apache/parquet/format/ColumnMetaData.read;org/apache/parquet/format/ColumnMetaData$ColumnMetaDataStandardScheme.read;org/apache/parquet/format/ColumnMetaData$ColumnMetaDataStandardScheme.read;org/apache/parquet/format/Statistics.read;org/apache/parquet/format/Statistics$StatisticsStandardScheme.read;org/apache/parquet/format/Statistics$StatisticsStandardScheme.read;org/apache/parquet/format/InterningProtocol.readBinary;shaded/parquet/org/apache/thrift/protocol/TCompactProtocol.readBinary;byte[]_[i] 3
java/lang/Thread.run;java/lang/Thread.runWith;java/util/concurrent/ThreadPoolExecutor$Worker.run;java/util/concurrent/ThreadPoolExecutor.runWorker;java/util/concurrent/FutureTask.run;java/util/concurrent/Executors$RunnableAdapter.call;java/util/concurrent/FutureTask.run;org/openjdk/jmh/runner/BenchmarkHandler$BenchmarkTask.call;org/openjdk/jmh/runner/BenchmarkHandler$BenchmarkTask.call;java/lang/reflect/Method.invoke;jdk/internal/reflect/DirectMethodHandleAccessor.invoke;jdk/internal/reflect/DirectMethodHandleAccessor.invokeImpl;java/lang/invoke/LambdaForm$MH.0x000000001a061400.invokeExact_MT;java/lang/invoke/LambdaForm$MH.0x000000001a061000.invoke;java/lang/invoke/DirectMethodHandle$Holder.invokeSpecial;org/weakref/nitro/clickbench/jmh_generated/BenchmarkQueries_query17_jmhTest.query17_AverageTime;org/weakref/nitro/clickbench/jmh_generated/BenchmarkQueries_query17_jmhTest.query17_avgt_jmhStub;org/weakref/nitro/clickbench/BenchmarkQueries.query17;org/weakref/nitro/clickbench/BenchmarkQueries.consume;org/weakref/nitro/operator/TopNOperator.next;org/weakref/nitro/operator/TopNOperator.computeTopN;org/weakref/nitro/operator/GroupedAggregationOperator.next;org/weakref/nitro/operator/GroupedAggregationOperator.computeResults;org/weakref/nitro/operator/Output.borrow;org/weakref/nitro/operator/GroupOperator$$Lambda.0x000000001a10c218.apply;org/weakref/nitro/operator/GroupOperator.lambda$next$0;org/weakref/nitro/operator/GroupOperator.groupIds;org/weakref/nitro/operator/GroupOperator.doGroupingIfNeeded;org/weakref/nitro/operator/Output.borrow;org/weakref/nitro/operator/NitroParquetScanOperator$ScanOutputResolver$$Lambda.0x000000001a0ab190.apply;org/weakref/nitro/operator/NitroParquetScanOperator$ScanOutputResolver.resolve;org/weakref/nitro/operator/NitroParquetScanOperator.resolveLazyColumn;org/weakref/nitro/operator/NitroParquetScanOperator.decodeFullColumn;org/weakref/nitro/parquet/ColumnReader.readBinary;org/weakref/nitro/parquet/ColumnReader.readBinaryDirect;org/weakref/nitro/parquet/ColumnReader.decodeNextDataPage;org/weakref/nitro/parquet/ColumnReader.decodeDataPageV1;org/weakref/nitro/parquet/ColumnReader.ensureIdCapacity;org/weakref/nitro/parquet/ColumnReader.replaceInts;org/weakref/nitro/data/PrimitiveArrayPool.borrowInts;int[]_[i] 12
java/lang/Thread.run;java/lang/Thread.runWith;java/util/concurrent/ThreadPoolExecutor$Worker.run;java/util/concurrent/ThreadPoolExecutor.runWorker;java/util/concurrent/FutureTask.run;java/util/concurrent/Executors$RunnableAdapter.call;java/util/concurrent/FutureTask.run;org/openjdk/jmh/runner/BenchmarkHandler$BenchmarkTask.call;org/openjdk/jmh/runner/BenchmarkHandler$BenchmarkTask.call;java/lang/reflect/Method.invoke;jdk/internal/reflect/DirectMethodHandleAccessor.invoke;jdk/internal/reflect/DirectMethodHandleAccessor.invokeImpl;java/lang/invoke/LambdaForm$MH.0x000000001a061400.invokeExact_MT;java/lang/invoke/LambdaForm$MH.0x000000001a061000.invoke;java/lang/invoke/DirectMethodHandle$Holder.invokeSpecial;org/weakref/nitro/clickbench/jmh_generated/BenchmarkQueries_query17_jmhTest.query17_AverageTime;org/weakref/nitro/clickbench/jmh_generated/BenchmarkQueries_query17_jmhTest.query17_avgt_jmhStub;org/weakref/nitro/clickbench/BenchmarkQueries.query17;org/weakref/nitro/clickbench/ClickBenchHitsSupport.query17;org/weakref/nitro/clickbench/ClickBenchHitsSupport.clickBenchScan;org/weakref/nitro/operator/NitroParquetScanOperator.<init>;java/util/stream/ReferencePipeline.toArray;java/util/stream/AbstractPipeline.evaluateToArrayNode;java/util/stream/AbstractPipeline.evaluate;java/util/stream/AbstractPipeline.wrapAndCopyInto;java/util/stream/AbstractPipeline.copyInto;java/util/AbstractList$RandomAccessSpliterator.forEachRemaining;java/util/stream/ReferencePipeline$3$1.accept;org/weakref/nitro/operator/NitroParquetScanOperator$$Lambda.0x000000001a083cc0.apply;org/weakref/nitro/parquet/ParquetFile.open;org/weakref/nitro/parquet/ParquetFile.<init>;org/apache/parquet/format/Util.readFileMetaData;org/apache/parquet/format/Util.readFileMetaData;org/apache/parquet/format/Util.read;org/apache/parquet/format/FileMetaData.read;org/apache/parquet/format/FileMetaData$FileMetaDataStandardScheme.read;org/apache/parquet/format/FileMetaData$FileMetaDataStandardScheme.read;org/apache/parquet/format/RowGroup.read;org/apache/parquet/format/RowGroup$RowGroupStandardScheme.read;org/apache/parquet/format/RowGroup$RowGroupStandardScheme.read;org/apache/parquet/format/ColumnChunk.read;org/apache/parquet/format/ColumnChunk$ColumnChunkStandardScheme.read;org/apache/parquet/format/ColumnChunk$ColumnChunkStandardScheme.read;org/apache/parquet/format/ColumnMetaData.read;org/apache/parquet/format/ColumnMetaData$ColumnMetaDataStandardScheme.read;org/apache/parquet/format/ColumnMetaData$ColumnMetaDataStandardScheme.read;org/apache/parquet/format/Statistics.read;org/apache/parquet/format/Statistics$StatisticsStandardScheme.read;org/apache/parquet/format/Statistics$StatisticsStandardScheme.read;org/apache/parquet/format/InterningProtocol.readBinary;shaded/parquet/org/apache/thrift/protocol/TCompactProtocol.readBinary;java/nio/ByteBuffer.wrap;java/nio/ByteBuffer.wrap;java.nio.HeapByteBuffer_[i] 5
java/lang/Thread.run;java/lang/Thread.runWith;java/util/concurrent/ThreadPoolExecutor$Worker.run;java/util/concurrent/ThreadPoolExecutor.runWorker;java/util/concurrent/FutureTask.run;java/util/concurrent/Executors$RunnableAdapter.call;java/util/concurrent/FutureTask.run;org/openjdk/jmh/runner/BenchmarkHandler$BenchmarkTask.call;org/openjdk/jmh/runner/BenchmarkHandler$BenchmarkTask.call;java/lang/reflect/Method.invoke;jdk/internal/reflect/DirectMethodHandleAccessor.invoke;jdk/internal/reflect/DirectMethodHandleAccessor.invokeImpl;java/lang/invoke/LambdaForm$MH.0x000000001a061400.invokeExact_MT;java/lang/invoke/LambdaForm$MH.0x000000001a061000.invoke;java/lang/invoke/DirectMethodHandle$Holder.invokeSpecial;org/weakref/nitro/clickbench/jmh_generated/BenchmarkQueries_query17_jmhTest.query17_AverageTime;org/weakref/nitro/clickbench/jmh_generated/BenchmarkQueries_query17_jmhTest.query17_avgt_jmhStub;org/weakref/nitro/clickbench/BenchmarkQueries.query17;org/weakref/nitro/clickbench/BenchmarkQueries.consume;org/weakref/nitro/operator/TopNOperator.next;org/weakref/nitro/operator/TopNOperator.computeTopN;org/weakref/nitro/operator/GroupedAggregationOperator.next;org/weakref/nitro/operator/GroupedAggregationOperator.computeResults;org/weakref/nitro/operator/Output.borrow;org/weakref/nitro/operator/GroupOperator$$Lambda.0x000000001a10c218.apply;org/weakref/nitro/operator/GroupOperator.lambda$next$0;org/weakref/nitro/operator/GroupOperator.groupIds;org/weakref/nitro/operator/GroupOperator.doGroupingIfNeeded;org/weakref/nitro/operator/GroupingState.assignGroups;org/weakref/nitro/operator/GroupingState.assignFlatGroups;org/weakref/nitro/operator/FlatGroupingTable.assignGroupHashed;org/weakref/nitro/operator/FlatGroupingTable.assignGroupHashedInternal;org/weakref/nitro/operator/FlatGroupingTable.addNewGroup;org/weakref/nitro/operator/FlatKeyLayout.writeRecord;org/weakref/nitro/operator/FlatKeyLayout.writeBinaryField;org/weakref/nitro/operator/FlatGroupingTable$FlatVariableWidthArena.append;org/weakref/nitro/operator/FlatGroupingTable$FlatVariableWidthArena.borrowChunk;byte[]_[i] 333
java/lang/Thread.run;java/lang/Thread.runWith;java/util/concurrent/ThreadPoolExecutor$Worker.run;java/util/concurrent/ThreadPoolExecutor.runWorker;java/util/concurrent/FutureTask.run;java/util/concurrent/Executors$RunnableAdapter.call;java/util/concurrent/FutureTask.run;org/openjdk/jmh/runner/BenchmarkHandler$BenchmarkTask.call;org/openjdk/jmh/runner/BenchmarkHandler$BenchmarkTask.call;java/lang/reflect/Method.invoke;jdk/internal/reflect/DirectMethodHandleAccessor.invoke;jdk/internal/reflect/DirectMethodHandleAccessor.invokeImpl;java/lang/invoke/LambdaForm$MH.0x000000001a061400.invokeExact_MT;java/lang/invoke/LambdaForm$MH.0x000000001a061000.invoke;java/lang/invoke/DirectMethodHandle$Holder.invokeSpecial;org/weakref/nitro/clickbench/jmh_generated/BenchmarkQueries_query17_jmhTest.query17_AverageTime;org/weakref/nitro/clickbench/jmh_generated/BenchmarkQueries_query17_jmhTest.query17_avgt_jmhStub;org/weakref/nitro/clickbench/BenchmarkQueries.query17;org/weakref/nitro/clickbench/BenchmarkQueries.consume;org/weakref/nitro/operator/TopNOperator.next;org/weakref/nitro/operator/TopNOperator.computeTopN;org/weakref/nitro/operator/GroupedAggregationOperator.next;org/weakref/nitro/operator/GroupedAggregationOperator.computeResults;org/weakref/nitro/operator/Batch.close;org/weakref/nitro/operator/GroupOperator$$Lambda.0x000000001a10daa8.run;org/weakref/nitro/operator/GroupOperator.lambda$next$6;org/weakref/nitro/operator/Batch.close;org/weakref/nitro/operator/BatchBufferScope.release;org/weakref/nitro/data/Allocator.release;org/weakref/nitro/data/Allocator$ContextState.releaseMask;java/util/TreeMap.computeIfAbsent;java/util/TreeMap.callMappingFunctionWithCheck;org/weakref/nitro/data/Allocator$ContextState$$Lambda.0x000000001a122c88.apply;org/weakref/nitro/data/Allocator$ContextState.lambda$releaseMask$0;java/util/ArrayDeque.<init>;java.lang.Object[]_[i] 7
java/lang/Thread.run;java/lang/Thread.runWith;java/util/concurrent/ThreadPoolExecutor$Worker.run;java/util/concurrent/ThreadPoolExecutor.runWorker;java/util/concurrent/FutureTask.run;java/util/concurrent/Executors$RunnableAdapter.call;java/util/concurrent/FutureTask.run;org/openjdk/jmh/runner/BenchmarkHandler$BenchmarkTask.call;org/openjdk/jmh/runner/BenchmarkHandler$BenchmarkTask.call;java/lang/reflect/Method.invoke;jdk/internal/reflect/DirectMethodHandleAccessor.invoke;jdk/internal/reflect/DirectMethodHandleAccessor.invokeImpl;java/lang/invoke/LambdaForm$MH.0x000000001a061400.invokeExact_MT;java/lang/invoke/LambdaForm$MH.0x000000001a061000.invoke;java/lang/invoke/DirectMethodHandle$Holder.invokeSpecial;org/weakref/nitro/clickbench/jmh_generated/BenchmarkQueries_query17_jmhTest.query17_AverageTime;org/weakref/nitro/clickbench/jmh_generated/BenchmarkQueries_query17_jmhTest.query17_avgt_jmhStub;org/weakref/nitro/clickbench/BenchmarkQueries.query17;org/weakref/nitro/clickbench/BenchmarkQueries.consume;org/weakref/nitro/operator/TopNOperator.next;org/weakref/nitro/operator/TopNOperator.computeTopN;org/weakref/nitro/operator/GroupedAggregationOperator.next;org/weakref/nitro/operator/GroupedAggregationOperator.computeResults;org/weakref/nitro/operator/Output.borrow;org/weakref/nitro/operator/GroupOperator$$Lambda.0x000000001a10c218.apply;org/weakref/nitro/operator/GroupOperator.lambda$next$0;org/weakref/nitro/operator/GroupOperator.groupIds;org/weakref/nitro/operator/GroupOperator.doGroupingIfNeeded;org/weakref/nitro/operator/Output.borrow;org/weakref/nitro/operator/NitroParquetScanOperator$ScanOutputResolver$$Lambda.0x000000001a0ab190.apply;org/weakref/nitro/operator/NitroParquetScanOperator$ScanOutputResolver.resolve;org/weakref/nitro/operator/NitroParquetScanOperator.resolveLazyColumn;org/weakref/nitro/operator/NitroParquetScanOperator.decodeFullColumn;org/weakref/nitro/parquet/ColumnReader.readBinary;org/weakref/nitro/parquet/ColumnReader.readBinaryDirect;org/weakref/nitro/parquet/ColumnReader.decodeNextDataPage;org/weakref/nitro/parquet/ColumnReader.decodeDataPageV1;org/weakref/nitro/parquet/ColumnReader.scatterDictionaryBinaryIds;org/weakref/nitro/parquet/ColumnReader.ensurePageNullCapacity;org/weakref/nitro/parquet/ColumnReader.replaceBooleans;org/weakref/nitro/data/PrimitiveArrayPool.borrowBooleans;boolean[]_[i] 7
java/lang/Thread.run;java/lang/Thread.runWith;java/util/concurrent/ThreadPoolExecutor$Worker.run;java/util/concurrent/ThreadPoolExecutor.runWorker;java/util/concurrent/FutureTask.run;java/util/concurrent/Executors$RunnableAdapter.call;java/util/concurrent/FutureTask.run;org/openjdk/jmh/runner/BenchmarkHandler$BenchmarkTask.call;org/openjdk/jmh/runner/BenchmarkHandler$BenchmarkTask.call;java/lang/reflect/Method.invoke;jdk/internal/reflect/DirectMethodHandleAccessor.invoke;jdk/internal/reflect/DirectMethodHandleAccessor.invokeImpl;java/lang/invoke/LambdaForm$MH.0x000000001a061400.invokeExact_MT;java/lang/invoke/LambdaForm$MH.0x000000001a061000.invoke;java/lang/invoke/DirectMethodHandle$Holder.invokeSpecial;org/weakref/nitro/clickbench/jmh_generated/BenchmarkQueries_query17_jmhTest.query17_AverageTime;org/weakref/nitro/clickbench/jmh_generated/BenchmarkQueries_query17_jmhTest.query17_avgt_jmhStub;org/weakref/nitro/clickbench/BenchmarkQueries.query17;org/weakref/nitro/clickbench/BenchmarkQueries.consume;org/weakref/nitro/operator/TopNOperator.next;org/weakref/nitro/operator/TopNOperator.computeTopN;org/weakref/nitro/operator/GroupedAggregationOperator.next;org/weakref/nitro/operator/GroupedAggregationOperator.computeResults;org/weakref/nitro/operator/Batch.close;org/weakref/nitro/operator/GroupOperator$$Lambda.0x000000001a10daa8.run;org/weakref/nitro/operator/GroupOperator.lambda$next$6;org/weakref/nitro/operator/Batch.close;org/weakref/nitro/operator/Output.close;org/weakref/nitro/operator/Output.release;org/weakref/nitro/operator/BatchBufferOwner.accept;org/weakref/nitro/operator/BatchBufferOwner.accept;org/weakref/nitro/operator/NitroParquetScanOperator$ScanOutputResolver.release;org/weakref/nitro/operator/BatchBufferScope.release;org/weakref/nitro/data/Allocator.release;org/weakref/nitro/data/Allocator.releaseVectorTree;java/lang/invoke/Invokers$Holder.linkToTargetMethod;java/lang/invoke/DirectMethodHandle$Holder.newInvokeSpecial;java/lang/invoke/DirectMethodHandle.allocateInstance;org.weakref.nitro.data.Allocator$$Lambda.0x000000001a111f30_[i] 6
java/lang/Thread.run;java/lang/Thread.runWith;java/util/concurrent/ThreadPoolExecutor$Worker.run;java/util/concurrent/ThreadPoolExecutor.runWorker;java/util/concurrent/FutureTask.run;java/util/concurrent/Executors$RunnableAdapter.call;java/util/concurrent/FutureTask.run;org/openjdk/jmh/runner/BenchmarkHandler$BenchmarkTask.call;org/openjdk/jmh/runner/BenchmarkHandler$BenchmarkTask.call;java/lang/reflect/Method.invoke;jdk/internal/reflect/DirectMethodHandleAccessor.invoke;jdk/internal/reflect/DirectMethodHandleAccessor.invokeImpl;java/lang/invoke/LambdaForm$MH.0x000000001a061400.invokeExact_MT;java/lang/invoke/LambdaForm$MH.0x000000001a061000.invoke;java/lang/invoke/DirectMethodHandle$Holder.invokeSpecial;org/weakref/nitro/clickbench/jmh_generated/BenchmarkQueries_query17_jmhTest.query17_AverageTime;org/weakref/nitro/clickbench/jmh_generated/BenchmarkQueries_query17_jmhTest.query17_avgt_jmhStub;org/weakref/nitro/clickbench/BenchmarkQueries.query17;org/weakref/nitro/clickbench/BenchmarkQueries.consume;org/weakref/nitro/operator/TopNOperator.next;org/weakref/nitro/operator/TopNOperator.computeTopN;org/weakref/nitro/operator/GroupedAggregationOperator.next;org/weakref/nitro/operator/GroupedAggregationOperator.computeResults;org/weakref/nitro/operator/Output.borrow;org/weakref/nitro/operator/GroupOperator$$Lambda.0x000000001a10c218.apply;org/weakref/nitro/operator/GroupOperator.lambda$next$0;org/weakref/nitro/operator/GroupOperator.groupIds;org/weakref/nitro/operator/GroupOperator.doGroupingIfNeeded;org/weakref/nitro/operator/GroupingState.assignGroups;org/weakref/nitro/operator/GroupingState.assignFlatGroups;org/weakref/nitro/operator/FlatGroupingTable.assignGroupHashed;org/weakref/nitro/operator/FlatGroupingTable.assignGroupHashedInternal;org/weakref/nitro/operator/FlatGroupingTable.rehash;org/weakref/nitro/data/PrimitiveArrayPool.borrowInts;int[]_[i] 3
java/lang/Thread.run;java/lang/Thread.runWith;java/util/concurrent/ThreadPoolExecutor$Worker.run;java/util/concurrent/ThreadPoolExecutor.runWorker;java/util/concurrent/FutureTask.run;java/util/concurrent/Executors$RunnableAdapter.call;java/util/concurrent/FutureTask.run;org/openjdk/jmh/runner/BenchmarkHandler$BenchmarkTask.call;org/openjdk/jmh/runner/BenchmarkHandler$BenchmarkTask.call;java/lang/reflect/Method.invoke;jdk/internal/reflect/DirectMethodHandleAccessor.invoke;jdk/internal/reflect/DirectMethodHandleAccessor.invokeImpl;java/lang/invoke/LambdaForm$MH.0x000000001a061400.invokeExact_MT;java/lang/invoke/LambdaForm$MH.0x000000001a061000.invoke;java/lang/invoke/DirectMethodHandle$Holder.invokeSpecial;org/weakref/nitro/clickbench/jmh_generated/BenchmarkQueries_query17_jmhTest.query17_AverageTime;org/weakref/nitro/clickbench/jmh_generated/BenchmarkQueries_query17_jmhTest.query17_avgt_jmhStub;org/weakref/nitro/clickbench/BenchmarkQueries.query17;org/weakref/nitro/clickbench/BenchmarkQueries.consume;org/weakref/nitro/operator/TopNOperator.next;org/weakref/nitro/operator/TopNOperator.computeTopN;org/weakref/nitro/operator/GroupedAggregationOperator.next;org/weakref/nitro/operator/GroupedAggregationOperator.computeResults;org/weakref/nitro/operator/Output.borrow;org/weakref/nitro/operator/GroupOperator$$Lambda.0x000000001a10c218.apply;org/weakref/nitro/operator/GroupOperator.lambda$next$0;org/weakref/nitro/operator/GroupOperator.groupIds;org/weakref/nitro/operator/GroupOperator.doGroupingIfNeeded;org/weakref/nitro/operator/Output.borrow;org/weakref/nitro/operator/NitroParquetScanOperator$ScanOutputResolver$$Lambda.0x000000001a0ab190.apply;org/weakref/nitro/operator/NitroParquetScanOperator$ScanOutputResolver.resolve;org/weakref/nitro/operator/NitroParquetScanOperator.resolveLazyColumn;org/weakref/nitro/operator/NitroParquetScanOperator.decodeFullColumn;org/weakref/nitro/parquet/ColumnReader.readBinary;org/weakref/nitro/parquet/ColumnReader.readBinaryDirect;org/weakref/nitro/data/Allocator.release;org/weakref/nitro/data/Allocator.releaseVectorTree;org/weakref/nitro/data/Allocator.releaseVector;org/weakref/nitro/data/Allocator$ContextState.releaseVector;org/weakref/nitro/data/Allocator$ContextState.untrackVector;org/weakref/nitro/data/BinaryVector.poolFamily;org/weakref/nitro/data/BinaryVector.poolFamily;org.weakref.nitro.data.BinaryVector$PoolFamily_[i] 2
java/lang/Thread.run;java/lang/Thread.runWith;java/util/concurrent/ThreadPoolExecutor$Worker.run;java/util/concurrent/ThreadPoolExecutor.runWorker;java/util/concurrent/FutureTask.run;java/util/concurrent/Executors$RunnableAdapter.call;java/util/concurrent/FutureTask.run;org/openjdk/jmh/runner/BenchmarkHandler$BenchmarkTask.call;org/openjdk/jmh/runner/BenchmarkHandler$BenchmarkTask.call;java/lang/reflect/Method.invoke;jdk/internal/reflect/DirectMethodHandleAccessor.invoke;jdk/internal/reflect/DirectMethodHandleAccessor.invokeImpl;java/lang/invoke/LambdaForm$MH.0x000000001a061400.invokeExact_MT;java/lang/invoke/LambdaForm$MH.0x000000001a061000.invoke;java/lang/invoke/DirectMethodHandle$Holder.invokeSpecial;org/weakref/nitro/clickbench/jmh_generated/BenchmarkQueries_query17_jmhTest.query17_AverageTime;org/weakref/nitro/clickbench/jmh_generated/BenchmarkQueries_query17_jmhTest.query17_avgt_jmhStub;org/weakref/nitro/clickbench/BenchmarkQueries.query17;org/weakref/nitro/clickbench/BenchmarkQueries.consume;org/weakref/nitro/operator/Output.borrow;org/weakref/nitro/operator/TopNOperator$$Lambda.0x000000001a1291b8.apply;org/weakref/nitro/operator/TopNOperator.lambda$next$0;org/weakref/nitro/operator/TopNState.output;org/weakref/nitro/operator/TopNState.ensurePendingOutputMaterialized;org/weakref/nitro/operator/JoinBufferSupport.copyPosition;org/weakref/nitro/operator/JoinBufferSupport.copySinglePosition;org/weakref/nitro/operator/JoinBufferSupport.copySinglePosition;org/weakref/nitro/operator/Output.borrow;org/weakref/nitro/operator/GroupedAggregationOperator$$Lambda.0x000000001a126a30.apply;org/weakref/nitro/operator/GroupedAggregationOperator.lambda$resultOutput$0;org/weakref/nitro/operator/GroupedAggregationOperator.groupedKeyOutput;org/weakref/nitro/operator/GroupOperator.groupedKeyOutput;org/weakref/nitro/operator/GroupingState.groupedValues;org/weakref/nitro/operator/FlatGroupingTable.groupedValues;org/weakref/nitro/operator/FlatKeyLayout.tryMaterializeIdBackedBinaryValues;org/weakref/nitro/data/BinaryVector.allocateOrGrow;org/weakref/nitro/data/BinaryVector.allocateOrGrow;org/weakref/nitro/data/BinaryVector.allocate;org/weakref/nitro/data/Allocator.allocatePooled;org/weakref/nitro/data/BinaryVector$$Lambda.0x000000001a1118e0.get;org/weakref/nitro/data/BinaryVector.lambda$allocate$0;org/weakref/nitro/data/BinaryVector.<init>;int[]_[i] 2
java/lang/Thread.run;java/lang/Thread.runWith;java/util/concurrent/ThreadPoolExecutor$Worker.run;java/util/concurrent/ThreadPoolExecutor.runWorker;java/util/concurrent/FutureTask.run;java/util/concurrent/Executors$RunnableAdapter.call;java/util/concurrent/FutureTask.run;org/openjdk/jmh/runner/BenchmarkHandler$BenchmarkTask.call;org/openjdk/jmh/runner/BenchmarkHandler$BenchmarkTask.call;java/lang/reflect/Method.invoke;jdk/internal/reflect/DirectMethodHandleAccessor.invoke;jdk/internal/reflect/DirectMethodHandleAccessor.invokeImpl;java/lang/invoke/LambdaForm$MH.0x000000001a061400.invokeExact_MT;java/lang/invoke/LambdaForm$MH.0x000000001a061000.invoke;java/lang/invoke/DirectMethodHandle$Holder.invokeSpecial;org/weakref/nitro/clickbench/jmh_generated/BenchmarkQueries_query17_jmhTest.query17_AverageTime;org/weakref/nitro/clickbench/jmh_generated/BenchmarkQueries_query17_jmhTest.query17_avgt_jmhStub;org/weakref/nitro/clickbench/BenchmarkQueries.query17;org/weakref/nitro/clickbench/BenchmarkQueries.consume;org/weakref/nitro/operator/TopNOperator.next;org/weakref/nitro/operator/TopNOperator.computeTopN;org/weakref/nitro/operator/GroupedAggregationOperator.next;org/weakref/nitro/operator/GroupedAggregationOperator.computeResults;org/weakref/nitro/operator/Batch.close;org/weakref/nitro/operator/GroupOperator$$Lambda.0x000000001a10daa8.run;org/weakref/nitro/operator/GroupOperator.lambda$next$6;org/weakref/nitro/operator/Batch.close;org/weakref/nitro/operator/Output.close;org/weakref/nitro/operator/Output.release;org/weakref/nitro/operator/BatchBufferOwner.accept;org/weakref/nitro/operator/BatchBufferOwner.accept;org/weakref/nitro/operator/NitroParquetScanOperator$ScanOutputResolver.release;org/weakref/nitro/operator/BatchBufferScope.release;org/weakref/nitro/data/Allocator.release;org/weakref/nitro/data/Allocator.releaseVectorTree;org/weakref/nitro/data/Allocator.releaseVector;org/weakref/nitro/data/Allocator$ContextState.releaseVector;org/weakref/nitro/data/Allocator$ContextState.addVectorToPool;java/util/TreeMap.computeIfAbsent;java/util/TreeMap.callMappingFunctionWithCheck;org/weakref/nitro/data/Allocator$ContextState$$Lambda.0x000000001a1123b8.apply;org/weakref/nitro/data/Allocator$ContextState.lambda$addVectorToPool$1;java/util/ArrayDeque.<init>;java.lang.Object[]_[i] 4
java/lang/Thread.run;java/lang/Thread.runWith;java/util/concurrent/ThreadPoolExecutor$Worker.run;java/util/concurrent/ThreadPoolExecutor.runWorker;java/util/concurrent/FutureTask.run;java/util/concurrent/Executors$RunnableAdapter.call;java/util/concurrent/FutureTask.run;org/openjdk/jmh/runner/BenchmarkHandler$BenchmarkTask.call;org/openjdk/jmh/runner/BenchmarkHandler$BenchmarkTask.call;java/lang/reflect/Method.invoke;jdk/internal/reflect/DirectMethodHandleAccessor.invoke;jdk/internal/reflect/DirectMethodHandleAccessor.invokeImpl;java/lang/invoke/LambdaForm$MH.0x000000001a061400.invokeExact_MT;java/lang/invoke/LambdaForm$MH.0x000000001a061000.invoke;java/lang/invoke/DirectMethodHandle$Holder.invokeSpecial;org/weakref/nitro/clickbench/jmh_generated/BenchmarkQueries_query17_jmhTest.query17_AverageTime;org/weakref/nitro/clickbench/jmh_generated/BenchmarkQueries_query17_jmhTest.query17_avgt_jmhStub;org/weakref/nitro/clickbench/BenchmarkQueries.query17;org/weakref/nitro/clickbench/ClickBenchHitsSupport.query17;org/weakref/nitro/clickbench/ClickBenchHitsSupport.clickBenchScan;org/weakref/nitro/operator/NitroParquetScanOperator.<init>;java/util/stream/ReferencePipeline.toArray;java/util/stream/AbstractPipeline.evaluateToArrayNode;java/util/stream/AbstractPipeline.evaluate;java/util/stream/AbstractPipeline.wrapAndCopyInto;java/util/stream/AbstractPipeline.copyInto;java/util/AbstractList$RandomAccessSpliterator.forEachRemaining;java/util/stream/ReferencePipeline$3$1.accept;org/weakref/nitro/operator/NitroParquetScanOperator$$Lambda.0x000000001a083cc0.apply;org/weakref/nitro/parquet/ParquetFile.open;org/weakref/nitro/parquet/ParquetFile.<init>;org/apache/parquet/format/Util.readFileMetaData;org/apache/parquet/format/Util.readFileMetaData;org/apache/parquet/format/Util.read;org/apache/parquet/format/FileMetaData.read;org/apache/parquet/format/FileMetaData$FileMetaDataStandardScheme.read;org/apache/parquet/format/FileMetaData$FileMetaDataStandardScheme.read;org/apache/parquet/format/RowGroup.read;org/apache/parquet/format/RowGroup$RowGroupStandardScheme.read;org/apache/parquet/format/RowGroup$RowGroupStandardScheme.read;org/apache/parquet/format/ColumnChunk.read;org/apache/parquet/format/ColumnChunk$ColumnChunkStandardScheme.read;org/apache/parquet/format/ColumnChunk$ColumnChunkStandardScheme.read;org/apache/parquet/format/ColumnMetaData.read;org/apache/parquet/format/ColumnMetaData$ColumnMetaDataStandardScheme.read;org/apache/parquet/format/ColumnMetaData$ColumnMetaDataStandardScheme.read;org/apache/parquet/format/InterningProtocol.readListBegin;shaded/parquet/org/apache/thrift/protocol/TCompactProtocol.readListBegin;shaded.parquet.org.apache.thrift.protocol.TList_[i] 4
java/lang/Thread.run;java/lang/Thread.runWith;java/util/concurrent/ThreadPoolExecutor$Worker.run;java/util/concurrent/ThreadPoolExecutor.runWorker;java/util/concurrent/FutureTask.run;java/util/concurrent/Executors$RunnableAdapter.call;java/util/concurrent/FutureTask.run;org/openjdk/jmh/runner/BenchmarkHandler$BenchmarkTask.call;org/openjdk/jmh/runner/BenchmarkHandler$BenchmarkTask.call;java/lang/reflect/Method.invoke;jdk/internal/reflect/DirectMethodHandleAccessor.invoke;jdk/internal/reflect/DirectMethodHandleAccessor.invokeImpl;java/lang/invoke/LambdaForm$MH.0x000000001a061400.invokeExact_MT;java/lang/invoke/LambdaForm$MH.0x000000001a061000.invoke;java/lang/invoke/DirectMethodHandle$Holder.invokeSpecial;org/weakref/nitro/clickbench/jmh_generated/BenchmarkQueries_query17_jmhTest.query17_AverageTime;org/weakref/nitro/clickbench/jmh_generated/BenchmarkQueries_query17_jmhTest.query17_avgt_jmhStub;org/weakref/nitro/clickbench/BenchmarkQueries.query17;org/weakref/nitro/clickbench/BenchmarkQueries.consume;org/weakref/nitro/operator/TopNOperator.next;org/weakref/nitro/operator/TopNOperator.computeTopN;org/weakref/nitro/operator/GroupedAggregationOperator.next;org/weakref/nitro/operator/GroupedAggregationOperator.computeResults;org/weakref/nitro/operator/Batch.close;org/weakref/nitro/operator/GroupOperator$$Lambda.0x000000001a10daa8.run;org/weakref/nitro/operator/GroupOperator.lambda$next$6;org/weakref/nitro/operator/Batch.close;org/weakref/nitro/operator/BatchBufferScope.release;org/weakref/nitro/data/Allocator.release;org/weakref/nitro/data/Allocator$ContextState.releaseMask;java/util/TreeMap.computeIfAbsent;java/util/TreeMap.addEntryToEmptyMap;java.util.TreeMap$Entry_[i] 1
java/lang/Thread.run;java/lang/Thread.runWith;java/util/concurrent/ThreadPoolExecutor$Worker.run;java/util/concurrent/ThreadPoolExecutor.runWorker;java/util/concurrent/FutureTask.run;java/util/concurrent/Executors$RunnableAdapter.call;java/util/concurrent/FutureTask.run;org/openjdk/jmh/runner/BenchmarkHandler$BenchmarkTask.call;org/openjdk/jmh/runner/BenchmarkHandler$BenchmarkTask.call;java/lang/reflect/Method.invoke;jdk/internal/reflect/DirectMethodHandleAccessor.invoke;jdk/internal/reflect/DirectMethodHandleAccessor.invokeImpl;java/lang/invoke/LambdaForm$MH.0x000000001a061400.invokeExact_MT;java/lang/invoke/LambdaForm$MH.0x000000001a061000.invoke;java/lang/invoke/DirectMethodHandle$Holder.invokeSpecial;org/weakref/nitro/clickbench/jmh_generated/BenchmarkQueries_query17_jmhTest.query17_AverageTime;org/weakref/nitro/clickbench/jmh_generated/BenchmarkQueries_query17_jmhTest.query17_avgt_jmhStub;org/weakref/nitro/clickbench/BenchmarkQueries.query17;org/weakref/nitro/clickbench/BenchmarkQueries.consume;org/weakref/nitro/operator/TopNOperator.next;org/weakref/nitro/operator/TopNOperator.computeTopN;org/weakref/nitro/operator/GroupedAggregationOperator.next;org/weakref/nitro/operator/GroupedAggregationOperator.computeResults;org/weakref/nitro/operator/Output.borrow;org/weakref/nitro/operator/GroupOperator$$Lambda.0x000000001a10c218.apply;org/weakref/nitro/operator/GroupOperator.lambda$next$0;org/weakref/nitro/operator/GroupOperator.groupIds;org/weakref/nitro/operator/GroupOperator.doGroupingIfNeeded;org/weakref/nitro/operator/GroupingState.assignGroups;org/weakref/nitro/operator/GroupingState.assignFlatGroups;org/weakref/nitro/operator/FlatGroupingTable.assignGroupHashed;org/weakref/nitro/operator/FlatGroupingTable.assignGroupHashedInternal;org/weakref/nitro/operator/FlatGroupingTable.addNewGroup;org/weakref/nitro/operator/FlatGroupingTable.fixedChunk;org/weakref/nitro/operator/FlatGroupingTable.borrowChunk;org/weakref/nitro/data/PrimitiveArrayPool.borrow;org.weakref.nitro.data.PrimitiveArrayPool$Key_[i] 1
java/lang/Thread.run;java/lang/Thread.runWith;java/util/concurrent/ThreadPoolExecutor$Worker.run;java/util/concurrent/ThreadPoolExecutor.runWorker;java/util/concurrent/FutureTask.run;java/util/concurrent/Executors$RunnableAdapter.call;java/util/concurrent/FutureTask.run;org/openjdk/jmh/runner/BenchmarkHandler$BenchmarkTask.call;org/openjdk/jmh/runner/BenchmarkHandler$BenchmarkTask.call;java/lang/reflect/Method.invoke;jdk/internal/reflect/DirectMethodHandleAccessor.invoke;jdk/internal/reflect/DirectMethodHandleAccessor.invokeImpl;java/lang/invoke/LambdaForm$MH.0x000000001a061400.invokeExact_MT;java/lang/invoke/LambdaForm$MH.0x000000001a061000.invoke;java/lang/invoke/DirectMethodHandle$Holder.invokeSpecial;org/weakref/nitro/clickbench/jmh_generated/BenchmarkQueries_query17_jmhTest.query17_AverageTime;org/weakref/nitro/clickbench/jmh_generated/BenchmarkQueries_query17_jmhTest.query17_avgt_jmhStub;org/weakref/nitro/clickbench/BenchmarkQueries.query17;org/weakref/nitro/clickbench/ClickBenchHitsSupport.query17;org/weakref/nitro/clickbench/ClickBenchHitsSupport.clickBenchScan;org/weakref/nitro/operator/NitroParquetScanOperator.<init>;java/util/stream/ReferencePipeline.toArray;java/util/stream/AbstractPipeline.evaluateToArrayNode;java/util/stream/AbstractPipeline.evaluate;java/util/stream/AbstractPipeline.wrapAndCopyInto;java/util/stream/AbstractPipeline.copyInto;java/util/AbstractList$RandomAccessSpliterator.forEachRemaining;java/util/stream/ReferencePipeline$3$1.accept;org/weakref/nitro/operator/NitroParquetScanOperator$$Lambda.0x000000001a083cc0.apply;org/weakref/nitro/parquet/ParquetFile.open;org/weakref/nitro/parquet/ParquetFile.<init>;org/apache/parquet/format/Util.readFileMetaData;org/apache/parquet/format/Util.readFileMetaData;org/apache/parquet/format/Util.read;org/apache/parquet/format/Util.protocol;org/apache/parquet/format/Util.protocol;shaded/parquet/org/apache/thrift/protocol/TCompactProtocol.<init>;shaded/parquet/org/apache/thrift/protocol/TCompactProtocol.<init>;shaded/parquet/org/apache/thrift/protocol/ShortStack.<init>;short[]_[i] 1
java/lang/Thread.run;java/lang/Thread.runWith;java/util/concurrent/ThreadPoolExecutor$Worker.run;java/util/concurrent/ThreadPoolExecutor.runWorker;java/util/concurrent/FutureTask.run;java/util/concurrent/Executors$RunnableAdapter.call;java/util/concurrent/FutureTask.run;org/openjdk/jmh/runner/BenchmarkHandler$BenchmarkTask.call;org/openjdk/jmh/runner/BenchmarkHandler$BenchmarkTask.call;java/lang/reflect/Method.invoke;jdk/internal/reflect/DirectMethodHandleAccessor.invoke;jdk/internal/reflect/DirectMethodHandleAccessor.invokeImpl;java/lang/invoke/LambdaForm$MH.0x000000001a061400.invokeExact_MT;java/lang/invoke/LambdaForm$MH.0x000000001a061000.invoke;java/lang/invoke/DirectMethodHandle$Holder.invokeSpecial;org/weakref/nitro/clickbench/jmh_generated/BenchmarkQueries_query17_jmhTest.query17_AverageTime;org/weakref/nitro/clickbench/jmh_generated/BenchmarkQueries_query17_jmhTest.query17_avgt_jmhStub;org/weakref/nitro/clickbench/BenchmarkQueries.query17;org/weakref/nitro/clickbench/ClickBenchHitsSupport.query17;org/weakref/nitro/clickbench/ClickBenchHitsSupport.clickBenchScan;org/weakref/nitro/operator/NitroParquetScanOperator.<init>;java/util/stream/ReferencePipeline.toArray;java/util/stream/AbstractPipeline.evaluateToArrayNode;java/util/stream/AbstractPipeline.evaluate;java/util/stream/AbstractPipeline.wrapAndCopyInto;java/util/stream/AbstractPipeline.copyInto;java/util/AbstractList$RandomAccessSpliterator.forEachRemaining;java/util/stream/ReferencePipeline$3$1.accept;org/weakref/nitro/operator/NitroParquetScanOperator$$Lambda.0x000000001a083cc0.apply;org/weakref/nitro/parquet/ParquetFile.open;org/weakref/nitro/parquet/ParquetFile.<init>;java/util/HashMap.put;java/util/HashMap.putVal;java/util/HashMap.resize;java.util.HashMap$Node[]_[i] 2
java/lang/Thread.run;java/lang/Thread.runWith;java/util/concurrent/ThreadPoolExecutor$Worker.run;java/util/concurrent/ThreadPoolExecutor.runWorker;java/util/concurrent/FutureTask.run;java/util/concurrent/Executors$RunnableAdapter.call;java/util/concurrent/FutureTask.run;org/openjdk/jmh/runner/BenchmarkHandler$BenchmarkTask.call;org/openjdk/jmh/runner/BenchmarkHandler$BenchmarkTask.call;java/lang/reflect/Method.invoke;jdk/internal/reflect/DirectMethodHandleAccessor.invoke;jdk/internal/reflect/DirectMethodHandleAccessor.invokeImpl;java/lang/invoke/LambdaForm$MH.0x000000001a061400.invokeExact_MT;java/lang/invoke/LambdaForm$MH.0x000000001a061000.invoke;java/lang/invoke/DirectMethodHandle$Holder.invokeSpecial;org/weakref/nitro/clickbench/jmh_generated/BenchmarkQueries_query17_jmhTest.query17_AverageTime;org/weakref/nitro/clickbench/jmh_generated/BenchmarkQueries_query17_jmhTest.query17_avgt_jmhStub;org/weakref/nitro/clickbench/BenchmarkQueries.query17;org/weakref/nitro/clickbench/BenchmarkQueries.consume;org/weakref/nitro/operator/TopNOperator.next;org/weakref/nitro/operator/TopNOperator.computeTopN;org/weakref/nitro/operator/GroupedAggregationOperator.next;org/weakref/nitro/operator/GroupedAggregationOperator.computeResults;org/weakref/nitro/operator/Output.borrow;org/weakref/nitro/operator/GroupOperator$$Lambda.0x000000001a10c218.apply;org/weakref/nitro/operator/GroupOperator.lambda$next$0;org/weakref/nitro/operator/GroupOperator.groupIds;org/weakref/nitro/operator/GroupOperator.doGroupingIfNeeded;org/weakref/nitro/operator/Output.borrow;org/weakref/nitro/operator/NitroParquetScanOperator$ScanOutputResolver$$Lambda.0x000000001a0ab190.apply;org/weakref/nitro/operator/NitroParquetScanOperator$ScanOutputResolver.resolve;org/weakref/nitro/operator/NitroParquetScanOperator.resolveLazyColumn;org/weakref/nitro/operator/NitroParquetScanOperator.decodeFullColumn;org/weakref/nitro/parquet/ColumnReader.readBinary;org/weakref/nitro/parquet/ColumnReader.readBinaryDirect;org/weakref/nitro/parquet/ColumnReader.decodeNextDataPage;org/weakref/nitro/parquet/ColumnReader.decodeDataPageV1;org/weakref/nitro/parquet/ColumnReader.ensurePageCapacity;org/weakref/nitro/parquet/ColumnReader.ensurePageValueCapacity;org/weakref/nitro/parquet/ColumnReader.replaceInts;org/weakref/nitro/data/PrimitiveArrayPool.borrowInts;int[]_[i] 5
java/lang/Thread.run;java/lang/Thread.runWith;java/util/concurrent/ThreadPoolExecutor$Worker.run;java/util/concurrent/ThreadPoolExecutor.runWorker;java/util/concurrent/FutureTask.run;java/util/concurrent/Executors$RunnableAdapter.call;java/util/concurrent/FutureTask.run;org/openjdk/jmh/runner/BenchmarkHandler$BenchmarkTask.call;org/openjdk/jmh/runner/BenchmarkHandler$BenchmarkTask.call;java/lang/reflect/Method.invoke;jdk/internal/reflect/DirectMethodHandleAccessor.invoke;jdk/internal/reflect/DirectMethodHandleAccessor.invokeImpl;java/lang/invoke/LambdaForm$MH.0x000000001a061400.invokeExact_MT;java/lang/invoke/LambdaForm$MH.0x000000001a061000.invoke;java/lang/invoke/DirectMethodHandle$Holder.invokeSpecial;org/weakref/nitro/clickbench/jmh_generated/BenchmarkQueries_query17_jmhTest.query17_AverageTime;org/weakref/nitro/clickbench/jmh_generated/BenchmarkQueries_query17_jmhTest.query17_avgt_jmhStub;org/weakref/nitro/clickbench/BenchmarkQueries.query17;org/weakref/nitro/clickbench/ClickBenchHitsSupport.query17;org/weakref/nitro/clickbench/ClickBenchHitsSupport.clickBenchScan;org/weakref/nitro/operator/NitroParquetScanOperator.<init>;java/util/stream/ReferencePipeline.toArray;java/util/stream/AbstractPipeline.evaluateToArrayNode;java/util/stream/AbstractPipeline.evaluate;java/util/stream/AbstractPipeline.wrapAndCopyInto;java/util/stream/AbstractPipeline.copyInto;java/util/AbstractList$RandomAccessSpliterator.forEachRemaining;java/util/stream/ReferencePipeline$3$1.accept;org/weakref/nitro/operator/NitroParquetScanOperator$$Lambda.0x000000001a083cc0.apply;org/weakref/nitro/parquet/ParquetFile.open;org/weakref/nitro/parquet/ParquetFile.<init>;org/apache/parquet/format/Util.readFileMetaData;org/apache/parquet/format/Util.readFileMetaData;org/apache/parquet/format/Util.read;org/apache/parquet/format/FileMetaData.read;org/apache/parquet/format/FileMetaData$FileMetaDataStandardScheme.read;org/apache/parquet/format/FileMetaData$FileMetaDataStandardScheme.read;org/apache/parquet/format/RowGroup.read;org/apache/parquet/format/RowGroup$RowGroupStandardScheme.read;org/apache/parquet/format/RowGroup$RowGroupStandardScheme.read;org/apache/parquet/format/ColumnChunk.read;org/apache/parquet/format/ColumnChunk$ColumnChunkStandardScheme.read;org/apache/parquet/format/ColumnChunk$ColumnChunkStandardScheme.read;org/apache/parquet/format/ColumnMetaData.read;org/apache/parquet/format/ColumnMetaData$ColumnMetaDataStandardScheme.read;org/apache/parquet/format/ColumnMetaData$ColumnMetaDataStandardScheme.read;org/apache/parquet/format/InterningProtocol.readString;shaded/parquet/org/apache/thrift/protocol/TCompactProtocol.readString;shaded/parquet/org/apache/thrift/protocol/TCompactProtocol.readBinary;byte[]_[i] 2
java/lang/Thread.run;java/lang/Thread.runWith;java/util/concurrent/ThreadPoolExecutor$Worker.run;java/util/concurrent/ThreadPoolExecutor.runWorker;java/util/concurrent/FutureTask.run;java/util/concurrent/Executors$RunnableAdapter.call;java/util/concurrent/FutureTask.run;org/openjdk/jmh/runner/BenchmarkHandler$BenchmarkTask.call;org/openjdk/jmh/runner/BenchmarkHandler$BenchmarkTask.call;java/lang/reflect/Method.invoke;jdk/internal/reflect/DirectMethodHandleAccessor.invoke;jdk/internal/reflect/DirectMethodHandleAccessor.invokeImpl;java/lang/invoke/LambdaForm$MH.0x000000001a061400.invokeExact_MT;java/lang/invoke/LambdaForm$MH.0x000000001a061000.invoke;java/lang/invoke/DirectMethodHandle$Holder.invokeSpecial;org/weakref/nitro/clickbench/jmh_generated/BenchmarkQueries_query17_jmhTest.query17_AverageTime;org/weakref/nitro/clickbench/jmh_generated/BenchmarkQueries_query17_jmhTest.query17_avgt_jmhStub;org/weakref/nitro/clickbench/BenchmarkQueries.query17;org/weakref/nitro/clickbench/BenchmarkQueries.consume;org/weakref/nitro/operator/TopNOperator.next;org/weakref/nitro/operator/TopNOperator.computeTopN;org/weakref/nitro/operator/GroupedAggregationOperator.next;org/weakref/nitro/operator/GroupedAggregationOperator.computeResults;org/weakref/nitro/operator/GroupOperator.next;org/weakref/nitro/operator/NitroParquetScanOperator.next;org/weakref/nitro/operator/NitroParquetScanOperator.lazyBatch;org/weakref/nitro/operator/BatchBufferScope.batch;org/weakref/nitro/operator/Batch.owned;org.weakref.nitro.operator.Batch_[i] 1
java/lang/Thread.run;java/lang/Thread.runWith;java/util/concurrent/ThreadPoolExecutor$Worker.run;java/util/concurrent/ThreadPoolExecutor.runWorker;java/util/concurrent/FutureTask.run;java/util/concurrent/Executors$RunnableAdapter.call;java/util/concurrent/FutureTask.run;org/openjdk/jmh/runner/BenchmarkHandler$BenchmarkTask.call;org/openjdk/jmh/runner/BenchmarkHandler$BenchmarkTask.call;java/lang/reflect/Method.invoke;jdk/internal/reflect/DirectMethodHandleAccessor.invoke;jdk/internal/reflect/DirectMethodHandleAccessor.invokeImpl;java/lang/invoke/LambdaForm$MH.0x000000001a061400.invokeExact_MT;java/lang/invoke/LambdaForm$MH.0x000000001a061000.invoke;java/lang/invoke/DirectMethodHandle$Holder.invokeSpecial;org/weakref/nitro/clickbench/jmh_generated/BenchmarkQueries_query17_jmhTest.query17_AverageTime;org/weakref/nitro/clickbench/jmh_generated/BenchmarkQueries_query17_jmhTest.query17_avgt_jmhStub;org/weakref/nitro/clickbench/BenchmarkQueries.query17;org/weakref/nitro/clickbench/BenchmarkQueries.consume;org/weakref/nitro/operator/TopNOperator.next;org/weakref/nitro/operator/TopNOperator.computeTopN;org/weakref/nitro/operator/GroupedAggregationOperator.next;org/weakref/nitro/operator/GroupedAggregationOperator.computeResults;org/weakref/nitro/operator/GroupOperator.next;org.weakref.nitro.operator.Output_[i] 6
java/lang/Thread.run;java/lang/Thread.runWith;java/util/concurrent/ThreadPoolExecutor$Worker.run;java/util/concurrent/ThreadPoolExecutor.runWorker;java/util/concurrent/FutureTask.run;java/util/concurrent/Executors$RunnableAdapter.call;java/util/concurrent/FutureTask.run;org/openjdk/jmh/runner/BenchmarkHandler$BenchmarkTask.call;org/openjdk/jmh/runner/BenchmarkHandler$BenchmarkTask.call;java/lang/reflect/Method.invoke;jdk/internal/reflect/DirectMethodHandleAccessor.invoke;jdk/internal/reflect/DirectMethodHandleAccessor.invokeImpl;java/lang/invoke/LambdaForm$MH.0x000000001a061400.invokeExact_MT;java/lang/invoke/LambdaForm$MH.0x000000001a061000.invoke;java/lang/invoke/DirectMethodHandle$Holder.invokeSpecial;org/weakref/nitro/clickbench/jmh_generated/BenchmarkQueries_query17_jmhTest.query17_AverageTime;org/weakref/nitro/clickbench/jmh_generated/BenchmarkQueries_query17_jmhTest.query17_avgt_jmhStub;org/weakref/nitro/clickbench/BenchmarkQueries.query17;org/weakref/nitro/clickbench/ClickBenchHitsSupport.query17;org/weakref/nitro/clickbench/ClickBenchHitsSupport.clickBenchScan;org/weakref/nitro/operator/NitroParquetScanOperator.<init>;java/util/stream/ReferencePipeline.toArray;java/util/stream/AbstractPipeline.evaluateToArrayNode;java/util/stream/AbstractPipeline.evaluate;java/util/stream/AbstractPipeline.wrapAndCopyInto;java/util/stream/AbstractPipeline.copyInto;java/util/AbstractList$RandomAccessSpliterator.forEachRemaining;java/util/stream/ReferencePipeline$3$1.accept;org/weakref/nitro/operator/NitroParquetScanOperator$$Lambda.0x000000001a083cc0.apply;org/weakref/nitro/parquet/ParquetFile.open;org/weakref/nitro/parquet/ParquetFile.<init>;org/apache/parquet/format/Util.readFileMetaData;org/apache/parquet/format/Util.readFileMetaData;org/apache/parquet/format/Util.read;org/apache/parquet/format/FileMetaData.read;org/apache/parquet/format/FileMetaData$FileMetaDataStandardScheme.read;org/apache/parquet/format/FileMetaData$FileMetaDataStandardScheme.read;org/apache/parquet/format/RowGroup.read;org/apache/parquet/format/RowGroup$RowGroupStandardScheme.read;org/apache/parquet/format/RowGroup$RowGroupStandardScheme.read;org/apache/parquet/format/ColumnChunk.read;org/apache/parquet/format/ColumnChunk$ColumnChunkStandardScheme.read;org/apache/parquet/format/ColumnChunk$ColumnChunkStandardScheme.read;org/apache/parquet/format/ColumnMetaData.read;org/apache/parquet/format/ColumnMetaData$ColumnMetaDataStandardScheme.read;org/apache/parquet/format/ColumnMetaData$ColumnMetaDataStandardScheme.read;org/apache/parquet/format/InterningProtocol.readFieldBegin;shaded/parquet/org/apache/thrift/protocol/TCompactProtocol.readFieldBegin;shaded.parquet.org.apache.thrift.protocol.TField_[i] 37
java/lang/Thread.run;java/lang/Thread.runWith;java/util/concurrent/ThreadPoolExecutor$Worker.run;java/util/concurrent/ThreadPoolExecutor.runWorker;java/util/concurrent/FutureTask.run;java/util/concurrent/Executors$RunnableAdapter.call;java/util/concurrent/FutureTask.run;org/openjdk/jmh/runner/BenchmarkHandler$BenchmarkTask.call;org/openjdk/jmh/runner/BenchmarkHandler$BenchmarkTask.call;java/lang/reflect/Method.invoke;jdk/internal/reflect/DirectMethodHandleAccessor.invoke;jdk/internal/reflect/DirectMethodHandleAccessor.invokeImpl;java/lang/invoke/LambdaForm$MH.0x000000001a061400.invokeExact_MT;java/lang/invoke/LambdaForm$MH.0x000000001a061000.invoke;java/lang/invoke/DirectMethodHandle$Holder.invokeSpecial;org/weakref/nitro/clickbench/jmh_generated/BenchmarkQueries_query17_jmhTest.query17_AverageTime;org/weakref/nitro/clickbench/jmh_generated/BenchmarkQueries_query17_jmhTest.query17_avgt_jmhStub;org/weakref/nitro/clickbench/BenchmarkQueries.query17;org/weakref/nitro/clickbench/BenchmarkQueries.consume;org/weakref/nitro/operator/TopNOperator.next;org/weakref/nitro/operator/TopNOperator.computeTopN;org/weakref/nitro/operator/GroupedAggregationOperator.next;org/weakref/nitro/operator/GroupedAggregationOperator.computeResults;org/weakref/nitro/operator/GroupOperator.next;java/lang/invoke/Invokers$Holder.linkToTargetMethod;java/lang/invoke/DirectMethodHandle$Holder.newInvokeSpecial;java/lang/invoke/DirectMethodHandle.allocateInstance;org.weakref.nitro.operator.GroupOperator$$Lambda.0x000000001a10d3e0_[i] 1
java/lang/Thread.run;java/lang/Thread.runWith;java/util/concurrent/ThreadPoolExecutor$Worker.run;java/util/concurrent/ThreadPoolExecutor.runWorker;java/util/concurrent/FutureTask.run;java/util/concurrent/Executors$RunnableAdapter.call;java/util/concurrent/FutureTask.run;org/openjdk/jmh/runner/BenchmarkHandler$BenchmarkTask.call;org/openjdk/jmh/runner/BenchmarkHandler$BenchmarkTask.call;java/lang/reflect/Method.invoke;jdk/internal/reflect/DirectMethodHandleAccessor.invoke;jdk/internal/reflect/DirectMethodHandleAccessor.invokeImpl;java/lang/invoke/LambdaForm$MH.0x000000001a061400.invokeExact_MT;java/lang/invoke/LambdaForm$MH.0x000000001a061000.invoke;java/lang/invoke/DirectMethodHandle$Holder.invokeSpecial;org/weakref/nitro/clickbench/jmh_generated/BenchmarkQueries_query17_jmhTest.query17_AverageTime;org/weakref/nitro/clickbench/jmh_generated/BenchmarkQueries_query17_jmhTest.query17_avgt_jmhStub;org/weakref/nitro/clickbench/BenchmarkQueries.query17;org/weakref/nitro/clickbench/BenchmarkQueries.consume;org/weakref/nitro/operator/TopNOperator.next;org/weakref/nitro/operator/TopNOperator.computeTopN;org/weakref/nitro/operator/GroupedAggregationOperator.next;org/weakref/nitro/operator/GroupedAggregationOperator.computeResults;org/weakref/nitro/operator/Output.borrow;org/weakref/nitro/operator/GroupOperator$$Lambda.0x000000001a10c218.apply;org/weakref/nitro/operator/GroupOperator.lambda$next$0;org/weakref/nitro/operator/GroupOperator.groupIds;org/weakref/nitro/operator/GroupOperator.doGroupingIfNeeded;org/weakref/nitro/operator/Output.borrow;org/weakref/nitro/operator/NitroParquetScanOperator$ScanOutputResolver$$Lambda.0x000000001a0ab190.apply;org/weakref/nitro/operator/NitroParquetScanOperator$ScanOutputResolver.resolve;org/weakref/nitro/operator/NitroParquetScanOperator.resolveLazyColumn;org/weakref/nitro/operator/NitroParquetScanOperator.decodeFullColumn;org/weakref/nitro/parquet/ColumnReader.readBinary;org/weakref/nitro/parquet/ColumnReader.readBinaryDirect;org/weakref/nitro/data/DictionaryVector.wrapOwnedIds;org.weakref.nitro.data.DictionaryVector_[i] 2
java/lang/Thread.run;java/lang/Thread.runWith;java/util/concurrent/ThreadPoolExecutor$Worker.run;java/util/concurrent/ThreadPoolExecutor.runWorker;java/util/concurrent/FutureTask.run;java/util/concurrent/Executors$RunnableAdapter.call;java/util/concurrent/FutureTask.run;org/openjdk/jmh/runner/BenchmarkHandler$BenchmarkTask.call;org/openjdk/jmh/runner/BenchmarkHandler$BenchmarkTask.call;java/lang/reflect/Method.invoke;jdk/internal/reflect/DirectMethodHandleAccessor.invoke;jdk/internal/reflect/DirectMethodHandleAccessor.invokeImpl;java/lang/invoke/LambdaForm$MH.0x000000001a061400.invokeExact_MT;java/lang/invoke/LambdaForm$MH.0x000000001a061000.invoke;java/lang/invoke/DirectMethodHandle$Holder.invokeSpecial;org/weakref/nitro/clickbench/jmh_generated/BenchmarkQueries_query17_jmhTest.query17_AverageTime;org/weakref/nitro/clickbench/jmh_generated/BenchmarkQueries_query17_jmhTest.query17_avgt_jmhStub;org/weakref/nitro/clickbench/BenchmarkQueries.query17;org/weakref/nitro/clickbench/BenchmarkQueries.consume;org/weakref/nitro/operator/TopNOperator.next;org/weakref/nitro/operator/TopNOperator.computeTopN;org/weakref/nitro/operator/GroupedAggregationOperator.next;org/weakref/nitro/operator/GroupedAggregationOperator.computeResults;org/weakref/nitro/operator/Output.borrow;org/weakref/nitro/operator/GroupOperator$$Lambda.0x000000001a10c218.apply;org/weakref/nitro/operator/GroupOperator.lambda$next$0;org/weakref/nitro/operator/GroupOperator.groupIds;org/weakref/nitro/operator/GroupOperator.doGroupingIfNeeded;org/weakref/nitro/operator/Output.borrow;org/weakref/nitro/operator/NitroParquetScanOperator$ScanOutputResolver$$Lambda.0x000000001a0ab190.apply;org/weakref/nitro/operator/NitroParquetScanOperator$ScanOutputResolver.resolve;org/weakref/nitro/operator/NitroParquetScanOperator.resolveLazyColumn;org/weakref/nitro/operator/NitroParquetScanOperator.decodeFullColumn;org/weakref/nitro/parquet/ColumnReader.readBinary;org/weakref/nitro/parquet/ColumnReader.readBinaryDirect;org/weakref/nitro/data/BinaryVector.allocate;org/weakref/nitro/data/Allocator.allocatePooled;org/weakref/nitro/data/Allocator$ContextState.trackVector;java/util/HashMap.merge;java/util/HashMap.newNode;java.util.HashMap$Node_[i] 2
java/lang/Thread.run;java/lang/Thread.runWith;java/util/concurrent/ThreadPoolExecutor$Worker.run;java/util/concurrent/ThreadPoolExecutor.runWorker;java/util/concurrent/FutureTask.run;java/util/concurrent/Executors$RunnableAdapter.call;java/util/concurrent/FutureTask.run;org/openjdk/jmh/runner/BenchmarkHandler$BenchmarkTask.call;org/openjdk/jmh/runner/BenchmarkHandler$BenchmarkTask.call;java/lang/reflect/Method.invoke;jdk/internal/reflect/DirectMethodHandleAccessor.invoke;jdk/internal/reflect/DirectMethodHandleAccessor.invokeImpl;java/lang/invoke/LambdaForm$MH.0x000000001a061400.invokeExact_MT;java/lang/invoke/LambdaForm$MH.0x000000001a061000.invoke;java/lang/invoke/DirectMethodHandle$Holder.invokeSpecial;org/weakref/nitro/clickbench/jmh_generated/BenchmarkQueries_query17_jmhTest.query17_AverageTime;org/weakref/nitro/clickbench/jmh_generated/BenchmarkQueries_query17_jmhTest.query17_avgt_jmhStub;org/weakref/nitro/clickbench/BenchmarkQueries.query17;org/weakref/nitro/clickbench/ClickBenchHitsSupport.query17;org/weakref/nitro/clickbench/ClickBenchHitsSupport.clickBenchScan;org/weakref/nitro/operator/NitroParquetScanOperator.<init>;java/util/stream/ReferencePipeline.toArray;java/util/stream/AbstractPipeline.evaluateToArrayNode;java/util/stream/AbstractPipeline.evaluate;java/util/stream/AbstractPipeline.wrapAndCopyInto;java/util/stream/AbstractPipeline.copyInto;java/util/AbstractList$RandomAccessSpliterator.forEachRemaining;java/util/stream/ReferencePipeline$3$1.accept;org/weakref/nitro/operator/NitroParquetScanOperator$$Lambda.0x000000001a083cc0.apply;org/weakref/nitro/parquet/ParquetFile.open;org/weakref/nitro/parquet/ParquetFile.<init>;org/apache/parquet/format/Util.readFileMetaData;org/apache/parquet/format/Util.readFileMetaData;org/apache/parquet/format/Util.read;org/apache/parquet/format/FileMetaData.read;org/apache/parquet/format/FileMetaData$FileMetaDataStandardScheme.read;org/apache/parquet/format/FileMetaData$FileMetaDataStandardScheme.read;org/apache/parquet/format/RowGroup.read;org/apache/parquet/format/RowGroup$RowGroupStandardScheme.read;org/apache/parquet/format/RowGroup$RowGroupStandardScheme.read;org/apache/parquet/format/ColumnChunk.read;org/apache/parquet/format/ColumnChunk$ColumnChunkStandardScheme.read;org/apache/parquet/format/ColumnChunk$ColumnChunkStandardScheme.read;org/apache/parquet/format/ColumnMetaData.read;org/apache/parquet/format/ColumnMetaData$ColumnMetaDataStandardScheme.read;org/apache/parquet/format/ColumnMetaData$ColumnMetaDataStandardScheme.read;org.apache.parquet.format.Statistics_[i] 9
java/lang/Thread.run;java/lang/Thread.runWith;java/util/concurrent/ThreadPoolExecutor$Worker.run;java/util/concurrent/ThreadPoolExecutor.runWorker;java/util/concurrent/FutureTask.run;java/util/concurrent/Executors$RunnableAdapter.call;java/util/concurrent/FutureTask.run;org/openjdk/jmh/runner/BenchmarkHandler$BenchmarkTask.call;org/openjdk/jmh/runner/BenchmarkHandler$BenchmarkTask.call;java/lang/reflect/Method.invoke;jdk/internal/reflect/DirectMethodHandleAccessor.invoke;jdk/internal/reflect/DirectMethodHandleAccessor.invokeImpl;java/lang/invoke/LambdaForm$MH.0x000000001a061400.invokeExact_MT;java/lang/invoke/LambdaForm$MH.0x000000001a061000.invoke;java/lang/invoke/DirectMethodHandle$Holder.invokeSpecial;org/weakref/nitro/clickbench/jmh_generated/BenchmarkQueries_query17_jmhTest.query17_AverageTime;org/weakref/nitro/clickbench/jmh_generated/BenchmarkQueries_query17_jmhTest.query17_avgt_jmhStub;org/weakref/nitro/clickbench/BenchmarkQueries.query17;org/weakref/nitro/clickbench/BenchmarkQueries.consume;org/weakref/nitro/operator/TopNOperator.next;org/weakref/nitro/operator/TopNOperator.computeTopN;org/weakref/nitro/operator/GroupedAggregationOperator.next;org/weakref/nitro/operator/GroupedAggregationOperator.computeResults;org/weakref/nitro/operator/Output.borrow;org/weakref/nitro/operator/GroupOperator$$Lambda.0x000000001a10c218.apply;org/weakref/nitro/operator/GroupOperator.lambda$next$0;org/weakref/nitro/operator/GroupOperator.groupIds;org/weakref/nitro/operator/GroupOperator.doGroupingIfNeeded;org/weakref/nitro/operator/Output.borrow;org/weakref/nitro/operator/NitroParquetScanOperator$ScanOutputResolver$$Lambda.0x000000001a0ab190.apply;org/weakref/nitro/operator/NitroParquetScanOperator$ScanOutputResolver.resolve;org/weakref/nitro/operator/NitroParquetScanOperator.resolveLazyColumn;org/weakref/nitro/operator/NitroParquetScanOperator.decodeFullColumn;org/weakref/nitro/parquet/ColumnReader.readBinary;org/weakref/nitro/parquet/ColumnReader.readBinaryDirect;org/weakref/nitro/parquet/ColumnReader.decodeNextDataPage;org/weakref/nitro/parquet/ColumnReader.decompress;jdk/internal/foreign/AbstractMemorySegmentImpl.asSlice;jdk/internal/foreign/AbstractMemorySegmentImpl.asSlice;jdk/internal/foreign/AbstractMemorySegmentImpl.asSliceNoCheck;jdk/internal/foreign/NativeMemorySegmentImpl.dup;jdk/internal/foreign/NativeMemorySegmentImpl.dup;jdk.internal.foreign.NativeMemorySegmentImpl_[i] 1
java/lang/Thread.run;java/lang/Thread.runWith;java/util/concurrent/ThreadPoolExecutor$Worker.run;java/util/concurrent/ThreadPoolExecutor.runWorker;java/util/concurrent/FutureTask.run;java/util/concurrent/Executors$RunnableAdapter.call;java/util/concurrent/FutureTask.run;org/openjdk/jmh/runner/BenchmarkHandler$BenchmarkTask.call;org/openjdk/jmh/runner/BenchmarkHandler$BenchmarkTask.call;java/lang/reflect/Method.invoke;jdk/internal/reflect/DirectMethodHandleAccessor.invoke;jdk/internal/reflect/DirectMethodHandleAccessor.invokeImpl;java/lang/invoke/LambdaForm$MH.0x000000001a061400.invokeExact_MT;java/lang/invoke/LambdaForm$MH.0x000000001a061000.invoke;java/lang/invoke/DirectMethodHandle$Holder.invokeSpecial;org/weakref/nitro/clickbench/jmh_generated/BenchmarkQueries_query17_jmhTest.query17_AverageTime;org/weakref/nitro/clickbench/jmh_generated/BenchmarkQueries_query17_jmhTest.query17_avgt_jmhStub;org/weakref/nitro/clickbench/BenchmarkQueries.query17;org/weakref/nitro/clickbench/ClickBenchHitsSupport.query17;org/weakref/nitro/clickbench/ClickBenchHitsSupport.clickBenchScan;org/weakref/nitro/operator/NitroParquetScanOperator.<init>;java/util/stream/ReferencePipeline.toArray;java/util/stream/AbstractPipeline.evaluateToArrayNode;java/util/stream/AbstractPipeline.evaluate;java/util/stream/AbstractPipeline.wrapAndCopyInto;java/util/stream/AbstractPipeline.copyInto;java/util/AbstractList$RandomAccessSpliterator.forEachRemaining;java/util/stream/ReferencePipeline$3$1.accept;org/weakref/nitro/operator/NitroParquetScanOperator$$Lambda.0x000000001a083cc0.apply;org/weakref/nitro/parquet/ParquetFile.open;org/weakref/nitro/parquet/ParquetFile.<init>;org/apache/parquet/format/Util.readFileMetaData;org/apache/parquet/format/Util.readFileMetaData;org/apache/parquet/format/Util.read;org/apache/parquet/format/FileMetaData.read;org/apache/parquet/format/FileMetaData$FileMetaDataStandardScheme.read;org/apache/parquet/format/FileMetaData$FileMetaDataStandardScheme.read;org/apache/parquet/format/RowGroup.read;org/apache/parquet/format/RowGroup$RowGroupStandardScheme.read;org/apache/parquet/format/RowGroup$RowGroupStandardScheme.read;org/apache/parquet/format/ColumnChunk.read;org/apache/parquet/format/ColumnChunk$ColumnChunkStandardScheme.read;org/apache/parquet/format/ColumnChunk$ColumnChunkStandardScheme.read;org/apache/parquet/format/ColumnMetaData.read;org/apache/parquet/format/ColumnMetaData$ColumnMetaDataStandardScheme.read;org/apache/parquet/format/ColumnMetaData$ColumnMetaDataStandardScheme.read;java.util.ArrayList_[i] 4
java/lang/Thread.run;java/lang/Thread.runWith;java/util/concurrent/ThreadPoolExecutor$Worker.run;java/util/concurrent/ThreadPoolExecutor.runWorker;java/util/concurrent/FutureTask.run;java/util/concurrent/Executors$RunnableAdapter.call;java/util/concurrent/FutureTask.run;org/openjdk/jmh/runner/BenchmarkHandler$BenchmarkTask.call;org/openjdk/jmh/runner/BenchmarkHandler$BenchmarkTask.call;java/lang/reflect/Method.invoke;jdk/internal/reflect/DirectMethodHandleAccessor.invoke;jdk/internal/reflect/DirectMethodHandleAccessor.invokeImpl;java/lang/invoke/LambdaForm$MH.0x000000001a061400.invokeExact_MT;java/lang/invoke/LambdaForm$MH.0x000000001a061000.invoke;java/lang/invoke/DirectMethodHandle$Holder.invokeSpecial;org/weakref/nitro/clickbench/jmh_generated/BenchmarkQueries_query17_jmhTest.query17_AverageTime;org/weakref/nitro/clickbench/jmh_generated/BenchmarkQueries_query17_jmhTest.query17_avgt_jmhStub;org/weakref/nitro/clickbench/BenchmarkQueries.query17;org/weakref/nitro/clickbench/BenchmarkQueries.consume;org/weakref/nitro/operator/TopNOperator.next;org/weakref/nitro/operator/TopNOperator.computeTopN;org/weakref/nitro/operator/GroupedAggregationOperator.next;org/weakref/nitro/operator/GroupedAggregationOperator.computeResults;org/weakref/nitro/operator/Output.borrow;org/weakref/nitro/operator/GroupOperator$$Lambda.0x000000001a10c218.apply;org/weakref/nitro/operator/GroupOperator.lambda$next$0;org/weakref/nitro/operator/GroupOperator.groupIds;org/weakref/nitro/operator/GroupOperator.doGroupingIfNeeded;org/weakref/nitro/operator/Output.borrow;org/weakref/nitro/operator/NitroParquetScanOperator$ScanOutputResolver$$Lambda.0x000000001a0ab190.apply;org/weakref/nitro/operator/NitroParquetScanOperator$ScanOutputResolver.resolve;org/weakref/nitro/operator/NitroParquetScanOperator.resolveLazyColumn;org/weakref/nitro/operator/NitroParquetScanOperator.decodeFullColumn;org/weakref/nitro/parquet/ColumnReader.readLongs;org/weakref/nitro/parquet/ColumnReader.decodeNextDataPage;org/weakref/nitro/parquet/ColumnReader.decodeDataPageV1;org/weakref/nitro/parquet/ColumnReader.ensurePageCapacity;org/weakref/nitro/parquet/ColumnReader.ensurePageNullCapacity;org/weakref/nitro/parquet/ColumnReader.replaceBooleans;org/weakref/nitro/data/PrimitiveArrayPool.borrowBooleans;boolean[]_[i] 4
java/lang/Thread.run;java/lang/Thread.runWith;java/util/concurrent/ThreadPoolExecutor$Worker.run;java/util/concurrent/ThreadPoolExecutor.runWorker;java/util/concurrent/FutureTask.run;java/util/concurrent/Executors$RunnableAdapter.call;java/util/concurrent/FutureTask.run;org/openjdk/jmh/runner/BenchmarkHandler$BenchmarkTask.call;org/openjdk/jmh/runner/BenchmarkHandler$BenchmarkTask.call;java/lang/reflect/Method.invoke;jdk/internal/reflect/DirectMethodHandleAccessor.invoke;jdk/internal/reflect/DirectMethodHandleAccessor.invokeImpl;java/lang/invoke/LambdaForm$MH.0x000000001a061400.invokeExact_MT;java/lang/invoke/LambdaForm$MH.0x000000001a061000.invoke;java/lang/invoke/DirectMethodHandle$Holder.invokeSpecial;org/weakref/nitro/clickbench/jmh_generated/BenchmarkQueries_query17_jmhTest.query17_AverageTime;org/weakref/nitro/clickbench/jmh_generated/BenchmarkQueries_query17_jmhTest.query17_avgt_jmhStub;org/weakref/nitro/clickbench/BenchmarkQueries.query17;org/weakref/nitro/clickbench/BenchmarkQueries.consume;org/weakref/nitro/operator/TopNOperator.next;org/weakref/nitro/operator/TopNOperator.computeTopN;org/weakref/nitro/operator/GroupedAggregationOperator.next;org/weakref/nitro/operator/GroupedAggregationOperator.computeResults;org/weakref/nitro/operator/Output.borrow;org/weakref/nitro/operator/GroupOperator$$Lambda.0x000000001a10c218.apply;org/weakref/nitro/operator/GroupOperator.lambda$next$0;org/weakref/nitro/operator/GroupOperator.groupIds;org/weakref/nitro/operator/GroupOperator.doGroupingIfNeeded;org/weakref/nitro/operator/GroupingState.assignGroups;org/weakref/nitro/operator/GroupingState.assignFlatGroups;org/weakref/nitro/operator/FlatGroupingTable.beginBatch;org/weakref/nitro/operator/FlatKeyLayout.beginBatch;org/weakref/nitro/function/scalar/builtin/VectorAccess.booleanValues;java/lang/invoke/Invokers$Holder.linkToTargetMethod;java/lang/invoke/DirectMethodHandle$Holder.newInvokeSpecial;java/lang/invoke/DirectMethodHandle.allocateInstance;org.weakref.nitro.function.scalar.builtin.VectorAccess$$Lambda.0x000000001a1219a0_[i] 3
java/lang/Thread.run;java/lang/Thread.runWith;java/util/concurrent/ThreadPoolExecutor$Worker.run;java/util/concurrent/ThreadPoolExecutor.runWorker;java/util/concurrent/FutureTask.run;java/util/concurrent/Executors$RunnableAdapter.call;java/util/concurrent/FutureTask.run;org/openjdk/jmh/runner/BenchmarkHandler$BenchmarkTask.call;org/openjdk/jmh/runner/BenchmarkHandler$BenchmarkTask.call;java/lang/reflect/Method.invoke;jdk/internal/reflect/DirectMethodHandleAccessor.invoke;jdk/internal/reflect/DirectMethodHandleAccessor.invokeImpl;java/lang/invoke/LambdaForm$MH.0x000000001a061400.invokeExact_MT;java/lang/invoke/LambdaForm$MH.0x000000001a061000.invoke;java/lang/invoke/DirectMethodHandle$Holder.invokeSpecial;org/weakref/nitro/clickbench/jmh_generated/BenchmarkQueries_query17_jmhTest.query17_AverageTime;org/weakref/nitro/clickbench/jmh_generated/BenchmarkQueries_query17_jmhTest.query17_avgt_jmhStub;org/weakref/nitro/clickbench/BenchmarkQueries.query17;org/weakref/nitro/clickbench/BenchmarkQueries.consume;org/weakref/nitro/operator/TopNOperator.next;org/weakref/nitro/operator/TopNOperator.computeTopN;org/weakref/nitro/operator/GroupedAggregationOperator.next;org/weakref/nitro/operator/GroupedAggregationOperator.computeResults;org/weakref/nitro/operator/Output.borrow;org/weakref/nitro/operator/GroupOperator$$Lambda.0x000000001a10c218.apply;org/weakref/nitro/operator/GroupOperator.lambda$next$0;org/weakref/nitro/operator/GroupOperator.groupIds;org/weakref/nitro/operator/GroupOperator.doGroupingIfNeeded;org/weakref/nitro/operator/Output.borrow;org/weakref/nitro/operator/NitroParquetScanOperator$ScanOutputResolver$$Lambda.0x000000001a0ab190.apply;org/weakref/nitro/operator/NitroParquetScanOperator$ScanOutputResolver.resolve;org/weakref/nitro/operator/NitroParquetScanOperator.resolveLazyColumn;org/weakref/nitro/operator/NitroParquetScanOperator.decodeFullColumn;org/weakref/nitro/parquet/ColumnReader.readBinary;org/weakref/nitro/parquet/ColumnReader.readBinaryDirect;org/weakref/nitro/data/Allocator.allocate;java/lang/invoke/Invokers$Holder.linkToTargetMethod;java/lang/invoke/LambdaForm$DMH.0x000000001a109400.newInvokeSpecial;java/lang/invoke/DirectMethodHandle.allocateInstance;org.weakref.nitro.data.Allocator$$Lambda.0x000000001a10e6b0_[i] 1
java/lang/Thread.run;java/lang/Thread.runWith;java/util/concurrent/ThreadPoolExecutor$Worker.run;java/util/concurrent/ThreadPoolExecutor.runWorker;java/util/concurrent/FutureTask.run;java/util/concurrent/Executors$RunnableAdapter.call;java/util/concurrent/FutureTask.run;org/openjdk/jmh/runner/BenchmarkHandler$BenchmarkTask.call;org/openjdk/jmh/runner/BenchmarkHandler$BenchmarkTask.call;java/lang/reflect/Method.invoke;jdk/internal/reflect/DirectMethodHandleAccessor.invoke;jdk/internal/reflect/DirectMethodHandleAccessor.invokeImpl;java/lang/invoke/LambdaForm$MH.0x000000001a061400.invokeExact_MT;java/lang/invoke/LambdaForm$MH.0x000000001a061000.invoke;java/lang/invoke/DirectMethodHandle$Holder.invokeSpecial;org/weakref/nitro/clickbench/jmh_generated/BenchmarkQueries_query17_jmhTest.query17_AverageTime;org/weakref/nitro/clickbench/jmh_generated/BenchmarkQueries_query17_jmhTest.query17_avgt_jmhStub;org/weakref/nitro/clickbench/BenchmarkQueries.query17;org/weakref/nitro/clickbench/BenchmarkQueries.consume;org/weakref/nitro/operator/TopNOperator.next;org/weakref/nitro/operator/TopNOperator.computeTopN;org/weakref/nitro/operator/GroupedAggregationOperator.next;org/weakref/nitro/operator/GroupedAggregationOperator.computeResults;org/weakref/nitro/operator/Output.borrow;org/weakref/nitro/operator/GroupOperator$$Lambda.0x000000001a10c218.apply;org/weakref/nitro/operator/GroupOperator.lambda$next$0;org/weakref/nitro/operator/GroupOperator.groupIds;org/weakref/nitro/operator/GroupOperator.doGroupingIfNeeded;org/weakref/nitro/operator/Output.borrow;org/weakref/nitro/operator/NitroParquetScanOperator$ScanOutputResolver$$Lambda.0x000000001a0ab190.apply;org/weakref/nitro/operator/NitroParquetScanOperator$ScanOutputResolver.resolve;org/weakref/nitro/operator/NitroParquetScanOperator.resolveLazyColumn;org/weakref/nitro/operator/NitroParquetScanOperator.decodeFullColumn;org/weakref/nitro/parquet/ColumnReader.readBinary;org/weakref/nitro/parquet/ColumnReader.readBinaryDirect;org/weakref/nitro/parquet/ColumnReader.decodeNextDataPage;org/weakref/nitro/parquet/ColumnReader.readPageHeader;org/apache/parquet/format/Util.readPageHeader;org/apache/parquet/format/Util.readPageHeader;org/apache/parquet/format/Util.read;org/apache/parquet/format/Util.protocol;org/apache/parquet/format/Util.protocol;shaded/parquet/org/apache/thrift/protocol/TCompactProtocol.<init>;shaded/parquet/org/apache/thrift/protocol/TCompactProtocol.<init>;shaded/parquet/org/apache/thrift/protocol/ShortStack.<init>;short[]_[i] 1
java/lang/Thread.run;java/lang/Thread.runWith;java/util/concurrent/ThreadPoolExecutor$Worker.run;java/util/concurrent/ThreadPoolExecutor.runWorker;java/util/concurrent/FutureTask.run;java/util/concurrent/Executors$RunnableAdapter.call;java/util/concurrent/FutureTask.run;org/openjdk/jmh/runner/BenchmarkHandler$BenchmarkTask.call;org/openjdk/jmh/runner/BenchmarkHandler$BenchmarkTask.call;java/lang/reflect/Method.invoke;jdk/internal/reflect/DirectMethodHandleAccessor.invoke;jdk/internal/reflect/DirectMethodHandleAccessor.invokeImpl;java/lang/invoke/LambdaForm$MH.0x000000001a061400.invokeExact_MT;java/lang/invoke/LambdaForm$MH.0x000000001a061000.invoke;java/lang/invoke/DirectMethodHandle$Holder.invokeSpecial;org/weakref/nitro/clickbench/jmh_generated/BenchmarkQueries_query17_jmhTest.query17_AverageTime;org/weakref/nitro/clickbench/jmh_generated/BenchmarkQueries_query17_jmhTest.query17_avgt_jmhStub;org/weakref/nitro/clickbench/BenchmarkQueries.query17;org/weakref/nitro/clickbench/ClickBenchHitsSupport.query17;org/weakref/nitro/clickbench/ClickBenchHitsSupport.clickBenchScan;org/weakref/nitro/operator/NitroParquetScanOperator.<init>;java/util/stream/ReferencePipeline.toArray;java/util/stream/AbstractPipeline.evaluateToArrayNode;java/util/stream/AbstractPipeline.evaluate;java/util/stream/AbstractPipeline.wrapAndCopyInto;java/util/stream/AbstractPipeline.copyInto;java/util/AbstractList$RandomAccessSpliterator.forEachRemaining;java/util/stream/ReferencePipeline$3$1.accept;org/weakref/nitro/operator/NitroParquetScanOperator$$Lambda.0x000000001a083cc0.apply;org/weakref/nitro/parquet/ParquetFile.open;org/weakref/nitro/parquet/ParquetFile.<init>;org/apache/parquet/format/Util.readFileMetaData;org/apache/parquet/format/Util.readFileMetaData;org/apache/parquet/format/Util.read;org/apache/parquet/format/FileMetaData.read;org/apache/parquet/format/FileMetaData$FileMetaDataStandardScheme.read;org/apache/parquet/format/FileMetaData$FileMetaDataStandardScheme.read;org/apache/parquet/format/SchemaElement.read;org/apache/parquet/format/SchemaElement.scheme;org/apache/parquet/format/SchemaElement$SchemaElementStandardSchemeFactory.getScheme;org/apache/parquet/format/SchemaElement$SchemaElementStandardSchemeFactory.getScheme;org.apache.parquet.format.SchemaElement$SchemaElementStandardScheme_[i] 2
java/lang/Thread.run;java/lang/Thread.runWith;java/util/concurrent/ThreadPoolExecutor$Worker.run;java/util/concurrent/ThreadPoolExecutor.runWorker;java/util/concurrent/FutureTask.run;java/util/concurrent/Executors$RunnableAdapter.call;java/util/concurrent/FutureTask.run;org/openjdk/jmh/runner/BenchmarkHandler$BenchmarkTask.call;org/openjdk/jmh/runner/BenchmarkHandler$BenchmarkTask.call;java/lang/reflect/Method.invoke;jdk/internal/reflect/DirectMethodHandleAccessor.invoke;jdk/internal/reflect/DirectMethodHandleAccessor.invokeImpl;java/lang/invoke/LambdaForm$MH.0x000000001a061400.invokeExact_MT;java/lang/invoke/LambdaForm$MH.0x000000001a061000.invoke;java/lang/invoke/DirectMethodHandle$Holder.invokeSpecial;org/weakref/nitro/clickbench/jmh_generated/BenchmarkQueries_query17_jmhTest.query17_AverageTime;org/weakref/nitro/clickbench/jmh_generated/BenchmarkQueries_query17_jmhTest.query17_avgt_jmhStub;org/weakref/nitro/clickbench/BenchmarkQueries.query17;org/weakref/nitro/clickbench/BenchmarkQueries.consume;org/weakref/nitro/operator/TopNOperator.next;org/weakref/nitro/operator/TopNOperator.computeTopN;org/weakref/nitro/operator/GroupedAggregationOperator.next;org/weakref/nitro/operator/GroupedAggregationOperator.computeResults;org/weakref/nitro/operator/Output.borrow;org/weakref/nitro/operator/GroupOperator$$Lambda.0x000000001a10c218.apply;org/weakref/nitro/operator/GroupOperator.lambda$next$0;org/weakref/nitro/operator/GroupOperator.groupIds;org/weakref/nitro/operator/GroupOperator.doGroupingIfNeeded;org/weakref/nitro/operator/Output.borrow;org/weakref/nitro/operator/NitroParquetScanOperator$ScanOutputResolver$$Lambda.0x000000001a0ab190.apply;org/weakref/nitro/operator/NitroParquetScanOperator$ScanOutputResolver.resolve;org/weakref/nitro/operator/NitroParquetScanOperator.resolveLazyColumn;org/weakref/nitro/operator/NitroParquetScanOperator.decodeFullColumn;org/weakref/nitro/parquet/ColumnReader.readLongs;org/weakref/nitro/parquet/ColumnReader.decodeNextDataPage;org/weakref/nitro/parquet/ColumnReader.readPageHeader;org/apache/parquet/format/Util.readPageHeader;org/apache/parquet/format/Util.readPageHeader;org/apache/parquet/format/Util.read;org/apache/parquet/format/Util.protocol;org/apache/parquet/format/Util.protocol;org/apache/parquet/format/InterningProtocol.<init>;shaded/parquet/org/apache/thrift/protocol/TProtocol.<init>;byte[]_[i] 1
java/lang/Thread.run;java/lang/Thread.runWith;java/util/concurrent/ThreadPoolExecutor$Worker.run;java/util/concurrent/ThreadPoolExecutor.runWorker;java/util/concurrent/FutureTask.run;java/util/concurrent/Executors$RunnableAdapter.call;java/util/concurrent/FutureTask.run;org/openjdk/jmh/runner/BenchmarkHandler$BenchmarkTask.call;org/openjdk/jmh/runner/BenchmarkHandler$BenchmarkTask.call;java/lang/reflect/Method.invoke;jdk/internal/reflect/DirectMethodHandleAccessor.invoke;jdk/internal/reflect/DirectMethodHandleAccessor.invokeImpl;java/lang/invoke/LambdaForm$MH.0x000000001a061400.invokeExact_MT;java/lang/invoke/LambdaForm$MH.0x000000001a061000.invoke;java/lang/invoke/DirectMethodHandle$Holder.invokeSpecial;org/weakref/nitro/clickbench/jmh_generated/BenchmarkQueries_query17_jmhTest.query17_AverageTime;org/weakref/nitro/clickbench/jmh_generated/BenchmarkQueries_query17_jmhTest.query17_avgt_jmhStub;org/weakref/nitro/clickbench/BenchmarkQueries.query17;org/weakref/nitro/clickbench/BenchmarkQueries.consume;org/weakref/nitro/operator/TopNOperator.next;org/weakref/nitro/operator/TopNOperator.computeTopN;org/weakref/nitro/operator/GroupedAggregationOperator.next;org/weakref/nitro/operator/GroupedAggregationOperator.computeResults;org/weakref/nitro/operator/Batch.close;org/weakref/nitro/operator/GroupOperator$$Lambda.0x000000001a10daa8.run;org/weakref/nitro/operator/GroupOperator.lambda$next$6;org/weakref/nitro/operator/Batch.close;org/weakref/nitro/operator/Output.close;org/weakref/nitro/operator/Output.release;org/weakref/nitro/operator/BatchBufferOwner.accept;org/weakref/nitro/operator/BatchBufferOwner.accept;org/weakref/nitro/operator/NitroParquetScanOperator$ScanOutputResolver.release;org/weakref/nitro/operator/BatchBufferScope.release;org/weakref/nitro/data/Allocator.release;org/weakref/nitro/data/Allocator.releaseVectorTree;org/weakref/nitro/data/DictionaryVector.forEachChildVector;org/weakref/nitro/data/Allocator$$Lambda.0x000000001a111f30.accept;org/weakref/nitro/data/Allocator.lambda$releaseVectorTree$0;org/weakref/nitro/data/Allocator.releaseVectorTree;org/weakref/nitro/data/Allocator.releaseVector;org/weakref/nitro/data/Allocator$ContextState.releaseVector;org/weakref/nitro/data/Allocator$ContextState.addVectorToPool;java/util/TreeMap.computeIfAbsent;java/util/TreeMap.callMappingFunctionWithCheck;org/weakref/nitro/data/Allocator$ContextState$$Lambda.0x000000001a1123b8.apply;org/weakref/nitro/data/Allocator$ContextState.lambda$addVectorToPool$1;java.util.ArrayDeque_[i] 1
java/lang/Thread.run;java/lang/Thread.runWith;java/util/concurrent/ThreadPoolExecutor$Worker.run;java/util/concurrent/ThreadPoolExecutor.runWorker;java/util/concurrent/FutureTask.run;java/util/concurrent/Executors$RunnableAdapter.call;java/util/concurrent/FutureTask.run;org/openjdk/jmh/runner/BenchmarkHandler$BenchmarkTask.call;org/openjdk/jmh/runner/BenchmarkHandler$BenchmarkTask.call;java/lang/reflect/Method.invoke;jdk/internal/reflect/DirectMethodHandleAccessor.invoke;jdk/internal/reflect/DirectMethodHandleAccessor.invokeImpl;java/lang/invoke/LambdaForm$MH.0x000000001a061400.invokeExact_MT;java/lang/invoke/LambdaForm$MH.0x000000001a061000.invoke;java/lang/invoke/DirectMethodHandle$Holder.invokeSpecial;org/weakref/nitro/clickbench/jmh_generated/BenchmarkQueries_query17_jmhTest.query17_AverageTime;org/weakref/nitro/clickbench/jmh_generated/BenchmarkQueries_query17_jmhTest.query17_avgt_jmhStub;org/weakref/nitro/clickbench/BenchmarkQueries.query17;org/weakref/nitro/clickbench/BenchmarkQueries.consume;org/weakref/nitro/operator/TopNOperator.next;org/weakref/nitro/operator/TopNOperator.computeTopN;org/weakref/nitro/operator/GroupedAggregationOperator.next;org/weakref/nitro/operator/GroupedAggregationOperator.computeResults;org/weakref/nitro/operator/Output.borrow;org/weakref/nitro/operator/GroupOperator$$Lambda.0x000000001a10c218.apply;org/weakref/nitro/operator/GroupOperator.lambda$next$0;org/weakref/nitro/operator/GroupOperator.groupIds;org/weakref/nitro/operator/GroupOperator.doGroupingIfNeeded;org/weakref/nitro/operator/Output.borrow;org/weakref/nitro/operator/NitroParquetScanOperator$ScanOutputResolver$$Lambda.0x000000001a0ab190.apply;org/weakref/nitro/operator/NitroParquetScanOperator$ScanOutputResolver.resolve;org/weakref/nitro/operator/NitroParquetScanOperator.resolveLazyColumn;org/weakref/nitro/operator/NitroParquetScanOperator.decodeFullColumn;org/weakref/nitro/parquet/ColumnReader.readBinary;org/weakref/nitro/parquet/ColumnReader.readBinaryDirect;org/weakref/nitro/data/Allocator.release;org/weakref/nitro/data/Allocator.releaseVectorTree;org/weakref/nitro/data/Allocator.releaseVector;org/weakref/nitro/data/Allocator$ContextState.releaseVector;org/weakref/nitro/data/Allocator$ContextState.addVectorToPool;java/util/TreeMap.computeIfAbsent;java/util/TreeMap.callMappingFunctionWithCheck;org/weakref/nitro/data/Allocator$ContextState$$Lambda.0x000000001a1123b8.apply;org/weakref/nitro/data/Allocator$ContextState.lambda$addVectorToPool$1;java/util/ArrayDeque.<init>;java.lang.Object[]_[i] 3
java/lang/Thread.run;java/lang/Thread.runWith;java/util/concurrent/ThreadPoolExecutor$Worker.run;java/util/concurrent/ThreadPoolExecutor.runWorker;java/util/concurrent/FutureTask.run;java/util/concurrent/Executors$RunnableAdapter.call;java/util/concurrent/FutureTask.run;org/openjdk/jmh/runner/BenchmarkHandler$BenchmarkTask.call;org/openjdk/jmh/runner/BenchmarkHandler$BenchmarkTask.call;java/lang/reflect/Method.invoke;jdk/internal/reflect/DirectMethodHandleAccessor.invoke;jdk/internal/reflect/DirectMethodHandleAccessor.invokeImpl;java/lang/invoke/LambdaForm$MH.0x000000001a061400.invokeExact_MT;java/lang/invoke/LambdaForm$MH.0x000000001a061000.invoke;java/lang/invoke/DirectMethodHandle$Holder.invokeSpecial;org/weakref/nitro/clickbench/jmh_generated/BenchmarkQueries_query17_jmhTest.query17_AverageTime;org/weakref/nitro/clickbench/jmh_generated/BenchmarkQueries_query17_jmhTest.query17_avgt_jmhStub;org/weakref/nitro/clickbench/BenchmarkQueries.query17;org/weakref/nitro/clickbench/ClickBenchHitsSupport.query17;org/weakref/nitro/clickbench/ClickBenchHitsSupport.clickBenchScan;org/weakref/nitro/operator/NitroParquetScanOperator.<init>;java/util/stream/ReferencePipeline.toArray;java/util/stream/AbstractPipeline.evaluateToArrayNode;java/util/stream/AbstractPipeline.evaluate;java/util/stream/AbstractPipeline.wrapAndCopyInto;java/util/stream/AbstractPipeline.copyInto;java/util/AbstractList$RandomAccessSpliterator.forEachRemaining;java/util/stream/ReferencePipeline$3$1.accept;org/weakref/nitro/operator/NitroParquetScanOperator$$Lambda.0x000000001a083cc0.apply;org/weakref/nitro/parquet/ParquetFile.open;org/weakref/nitro/parquet/ParquetFile.<init>;org/apache/parquet/format/Util.readFileMetaData;org/apache/parquet/format/Util.readFileMetaData;org/apache/parquet/format/Util.read;org/apache/parquet/format/FileMetaData.read;org/apache/parquet/format/FileMetaData$FileMetaDataStandardScheme.read;org/apache/parquet/format/FileMetaData$FileMetaDataStandardScheme.read;org/apache/parquet/format/RowGroup.read;org/apache/parquet/format/RowGroup$RowGroupStandardScheme.read;org/apache/parquet/format/RowGroup$RowGroupStandardScheme.read;org/apache/parquet/format/ColumnChunk.read;org/apache/parquet/format/ColumnChunk$ColumnChunkStandardScheme.read;org/apache/parquet/format/ColumnChunk$ColumnChunkStandardScheme.read;org/apache/parquet/format/InterningProtocol.readFieldBegin;shaded/parquet/org/apache/thrift/protocol/TCompactProtocol.readFieldBegin;shaded.parquet.org.apache.thrift.protocol.TField_[i] 3
java/lang/Thread.run;java/lang/Thread.runWith;java/util/concurrent/ThreadPoolExecutor$Worker.run;java/util/concurrent/ThreadPoolExecutor.runWorker;java/util/concurrent/FutureTask.run;java/util/concurrent/Executors$RunnableAdapter.call;java/util/concurrent/FutureTask.run;org/openjdk/jmh/runner/BenchmarkHandler$BenchmarkTask.call;org/openjdk/jmh/runner/BenchmarkHandler$BenchmarkTask.call;java/lang/reflect/Method.invoke;jdk/internal/reflect/DirectMethodHandleAccessor.invoke;jdk/internal/reflect/DirectMethodHandleAccessor.invokeImpl;java/lang/invoke/LambdaForm$MH.0x000000001a061400.invokeExact_MT;java/lang/invoke/LambdaForm$MH.0x000000001a061000.invoke;java/lang/invoke/DirectMethodHandle$Holder.invokeSpecial;org/weakref/nitro/clickbench/jmh_generated/BenchmarkQueries_query17_jmhTest.query17_AverageTime;org/weakref/nitro/clickbench/jmh_generated/BenchmarkQueries_query17_jmhTest.query17_avgt_jmhStub;org/weakref/nitro/clickbench/BenchmarkQueries.query17;org/weakref/nitro/clickbench/BenchmarkQueries.consume;org/weakref/nitro/operator/TopNOperator.next;org/weakref/nitro/operator/TopNOperator.computeTopN;org/weakref/nitro/operator/GroupedAggregationOperator.next;org/weakref/nitro/operator/GroupedAggregationOperator.computeResults;org/weakref/nitro/operator/Output.borrow;org/weakref/nitro/operator/GroupOperator$$Lambda.0x000000001a10c218.apply;org/weakref/nitro/operator/GroupOperator.lambda$next$0;org/weakref/nitro/operator/GroupOperator.groupIds;org/weakref/nitro/operator/GroupOperator.doGroupingIfNeeded;org/weakref/nitro/operator/Output.borrow;org/weakref/nitro/operator/NitroParquetScanOperator$ScanOutputResolver$$Lambda.0x000000001a0ab190.apply;org/weakref/nitro/operator/NitroParquetScanOperator$ScanOutputResolver.resolve;org/weakref/nitro/operator/NitroParquetScanOperator.resolveLazyColumn;org/weakref/nitro/operator/NitroParquetScanOperator.decodeFullColumn;org/weakref/nitro/parquet/ColumnReader.readBinary;org/weakref/nitro/parquet/ColumnReader.readBinaryDirect;org/weakref/nitro/data/Allocator.release;org/weakref/nitro/data/Allocator.releaseVectorTree;org/weakref/nitro/data/Allocator.releaseVector;org/weakref/nitro/data/Allocator$ContextState.releaseVector;org/weakref/nitro/data/Allocator$ContextState.addVectorToPool;java/util/TreeMap.computeIfAbsent;java/util/TreeMap.callMappingFunctionWithCheck;org/weakref/nitro/data/Allocator$ContextState$$Lambda.0x000000001a1123b8.apply;org/weakref/nitro/data/Allocator$ContextState.lambda$addVectorToPool$1;java.util.ArrayDeque_[i] 1
java/lang/Thread.run;java/lang/Thread.runWith;java/util/concurrent/ThreadPoolExecutor$Worker.run;java/util/concurrent/ThreadPoolExecutor.runWorker;java/util/concurrent/FutureTask.run;java/util/concurrent/Executors$RunnableAdapter.call;java/util/concurrent/FutureTask.run;org/openjdk/jmh/runner/BenchmarkHandler$BenchmarkTask.call;org/openjdk/jmh/runner/BenchmarkHandler$BenchmarkTask.call;java/lang/reflect/Method.invoke;jdk/internal/reflect/DirectMethodHandleAccessor.invoke;jdk/internal/reflect/DirectMethodHandleAccessor.invokeImpl;java/lang/invoke/LambdaForm$MH.0x000000001a061400.invokeExact_MT;java/lang/invoke/LambdaForm$MH.0x000000001a061000.invoke;java/lang/invoke/DirectMethodHandle$Holder.invokeSpecial;org/weakref/nitro/clickbench/jmh_generated/BenchmarkQueries_query17_jmhTest.query17_AverageTime;org/weakref/nitro/clickbench/jmh_generated/BenchmarkQueries_query17_jmhTest.query17_avgt_jmhStub;org/weakref/nitro/clickbench/BenchmarkQueries.query17;org/weakref/nitro/clickbench/BenchmarkQueries.consume;org/weakref/nitro/operator/TopNOperator.next;org/weakref/nitro/operator/TopNOperator.computeTopN;org/weakref/nitro/operator/GroupedAggregationOperator.next;org/weakref/nitro/operator/GroupedAggregationOperator.computeResults;org/weakref/nitro/operator/Output.borrow;org/weakref/nitro/operator/GroupOperator$$Lambda.0x000000001a10c218.apply;org/weakref/nitro/operator/GroupOperator.lambda$next$0;org/weakref/nitro/operator/GroupOperator.groupIds;org/weakref/nitro/operator/GroupOperator.doGroupingIfNeeded;org/weakref/nitro/operator/Output.borrow;org/weakref/nitro/operator/NitroParquetScanOperator$ScanOutputResolver$$Lambda.0x000000001a0ab190.apply;org/weakref/nitro/operator/NitroParquetScanOperator$ScanOutputResolver.resolve;org/weakref/nitro/operator/NitroParquetScanOperator.resolveLazyColumn;org/weakref/nitro/operator/NitroParquetScanOperator.decodeFullColumn;org/weakref/nitro/parquet/ColumnReader.readBinary;org/weakref/nitro/parquet/ColumnReader.readBinaryDirect;org/weakref/nitro/data/Allocator.release;org/weakref/nitro/data/Allocator.releaseVectorTree;org/weakref/nitro/data/Allocator.releaseVector;org/weakref/nitro/data/Allocator$ContextState.releaseVector;org/weakref/nitro/data/Allocator$ContextState.addVectorToPool;java/util/HashMap.computeIfAbsent;org/weakref/nitro/data/Allocator$ContextState$$Lambda.0x000000001a112600.apply;org/weakref/nitro/data/Allocator$ContextState.lambda$addVectorToPool$2;java/util/ArrayDeque.<init>;java.lang.Object[]_[i] 2
java/lang/Thread.run;java/lang/Thread.runWith;java/util/concurrent/ThreadPoolExecutor$Worker.run;java/util/concurrent/ThreadPoolExecutor.runWorker;java/util/concurrent/FutureTask.run;java/util/concurrent/Executors$RunnableAdapter.call;java/util/concurrent/FutureTask.run;org/openjdk/jmh/runner/BenchmarkHandler$BenchmarkTask.call;org/openjdk/jmh/runner/BenchmarkHandler$BenchmarkTask.call;java/lang/reflect/Method.invoke;jdk/internal/reflect/DirectMethodHandleAccessor.invoke;jdk/internal/reflect/DirectMethodHandleAccessor.invokeImpl;java/lang/invoke/LambdaForm$MH.0x000000001a061400.invokeExact_MT;java/lang/invoke/LambdaForm$MH.0x000000001a061000.invoke;java/lang/invoke/DirectMethodHandle$Holder.invokeSpecial;org/weakref/nitro/clickbench/jmh_generated/BenchmarkQueries_query17_jmhTest.query17_AverageTime;org/weakref/nitro/clickbench/jmh_generated/BenchmarkQueries_query17_jmhTest.query17_avgt_jmhStub;org/weakref/nitro/clickbench/BenchmarkQueries.query17;org/weakref/nitro/clickbench/ClickBenchHitsSupport.query17;org/weakref/nitro/clickbench/ClickBenchHitsSupport.clickBenchScan;org/weakref/nitro/operator/NitroParquetScanOperator.<init>;java/util/stream/ReferencePipeline.toArray;java/util/stream/AbstractPipeline.evaluateToArrayNode;java/util/stream/AbstractPipeline.evaluate;java/util/stream/AbstractPipeline.wrapAndCopyInto;java/util/stream/AbstractPipeline.copyInto;java/util/AbstractList$RandomAccessSpliterator.forEachRemaining;java/util/stream/ReferencePipeline$3$1.accept;org/weakref/nitro/operator/NitroParquetScanOperator$$Lambda.0x000000001a083cc0.apply;org/weakref/nitro/parquet/ParquetFile.open;org/weakref/nitro/parquet/ParquetFile.<init>;org/apache/parquet/format/Util.readFileMetaData;org/apache/parquet/format/Util.readFileMetaData;org/apache/parquet/format/Util.read;org/apache/parquet/format/FileMetaData.read;org/apache/parquet/format/FileMetaData$FileMetaDataStandardScheme.read;org/apache/parquet/format/FileMetaData$FileMetaDataStandardScheme.read;org/apache/parquet/format/RowGroup.read;org/apache/parquet/format/RowGroup$RowGroupStandardScheme.read;org/apache/parquet/format/RowGroup$RowGroupStandardScheme.read;org/apache/parquet/format/ColumnChunk.read;org/apache/parquet/format/ColumnChunk$ColumnChunkStandardScheme.read;org/apache/parquet/format/ColumnChunk$ColumnChunkStandardScheme.read;org/apache/parquet/format/ColumnMetaData.read;org/apache/parquet/format/ColumnMetaData$ColumnMetaDataStandardScheme.read;org/apache/parquet/format/ColumnMetaData$ColumnMetaDataStandardScheme.read;org/apache/parquet/format/InterningProtocol.readString;shaded/parquet/org/apache/thrift/protocol/TCompactProtocol.readString;java/lang/String.<init>;java/lang/String.<init>;java/lang/String.utf8;java.lang.String_[i] 5
java/lang/Thread.run;java/lang/Thread.runWith;java/util/concurrent/ThreadPoolExecutor$Worker.run;java/util/concurrent/ThreadPoolExecutor.runWorker;java/util/concurrent/FutureTask.run;java/util/concurrent/Executors$RunnableAdapter.call;java/util/concurrent/FutureTask.run;org/openjdk/jmh/runner/BenchmarkHandler$BenchmarkTask.call;org/openjdk/jmh/runner/BenchmarkHandler$BenchmarkTask.call;java/lang/reflect/Method.invoke;jdk/internal/reflect/DirectMethodHandleAccessor.invoke;jdk/internal/reflect/DirectMethodHandleAccessor.invokeImpl;java/lang/invoke/LambdaForm$MH.0x000000001a061400.invokeExact_MT;java/lang/invoke/LambdaForm$MH.0x000000001a061000.invoke;java/lang/invoke/DirectMethodHandle$Holder.invokeSpecial;org/weakref/nitro/clickbench/jmh_generated/BenchmarkQueries_query17_jmhTest.query17_AverageTime;org/weakref/nitro/clickbench/jmh_generated/BenchmarkQueries_query17_jmhTest.query17_avgt_jmhStub;org/weakref/nitro/clickbench/BenchmarkQueries.query17;org/weakref/nitro/clickbench/ClickBenchHitsSupport.query17;org/weakref/nitro/clickbench/ClickBenchHitsSupport.clickBenchScan;org/weakref/nitro/operator/NitroParquetScanOperator.<init>;java/util/stream/ReferencePipeline.toArray;java/util/stream/AbstractPipeline.evaluateToArrayNode;java/util/stream/AbstractPipeline.evaluate;java/util/stream/AbstractPipeline.wrapAndCopyInto;java/util/stream/AbstractPipeline.copyInto;java/util/AbstractList$RandomAccessSpliterator.forEachRemaining;java/util/stream/ReferencePipeline$3$1.accept;org/weakref/nitro/operator/NitroParquetScanOperator$$Lambda.0x000000001a083cc0.apply;org/weakref/nitro/parquet/ParquetFile.open;org/weakref/nitro/parquet/ParquetFile.<init>;org/apache/parquet/format/Util.readFileMetaData;org/apache/parquet/format/Util.readFileMetaData;org/apache/parquet/format/Util.read;org/apache/parquet/format/FileMetaData.read;org/apache/parquet/format/FileMetaData$FileMetaDataStandardScheme.read;org/apache/parquet/format/FileMetaData$FileMetaDataStandardScheme.read;org/apache/parquet/format/RowGroup.read;org/apache/parquet/format/RowGroup$RowGroupStandardScheme.read;org/apache/parquet/format/RowGroup$RowGroupStandardScheme.read;org/apache/parquet/format/ColumnChunk.read;org/apache/parquet/format/ColumnChunk$ColumnChunkStandardScheme.read;org/apache/parquet/format/ColumnChunk$ColumnChunkStandardScheme.read;org/apache/parquet/format/ColumnMetaData.read;org/apache/parquet/format/ColumnMetaData$ColumnMetaDataStandardScheme.read;org/apache/parquet/format/ColumnMetaData$ColumnMetaDataStandardScheme.read;org/apache/parquet/format/Statistics.read;org/apache/parquet/format/Statistics$StatisticsStandardScheme.read;org/apache/parquet/format/Statistics$StatisticsStandardScheme.read;org/apache/parquet/format/InterningProtocol.readBinary;shaded/parquet/org/apache/thrift/protocol/TCompactProtocol.readBinary;java/nio/ByteBuffer.wrap;java/nio/ByteBuffer.wrap;java.nio.HeapByteBuffer_[i] 10
java/lang/Thread.run;java/lang/Thread.runWith;java/util/concurrent/ThreadPoolExecutor$Worker.run;java/util/concurrent/ThreadPoolExecutor.runWorker;java/util/concurrent/FutureTask.run;java/util/concurrent/Executors$RunnableAdapter.call;java/util/concurrent/FutureTask.run;org/openjdk/jmh/runner/BenchmarkHandler$BenchmarkTask.call;org/openjdk/jmh/runner/BenchmarkHandler$BenchmarkTask.call;java/lang/reflect/Method.invoke;jdk/internal/reflect/DirectMethodHandleAccessor.invoke;jdk/internal/reflect/DirectMethodHandleAccessor.invokeImpl;java/lang/invoke/LambdaForm$MH.0x000000001a061400.invokeExact_MT;java/lang/invoke/LambdaForm$MH.0x000000001a061000.invoke;java/lang/invoke/DirectMethodHandle$Holder.invokeSpecial;org/weakref/nitro/clickbench/jmh_generated/BenchmarkQueries_query17_jmhTest.query17_AverageTime;org/weakref/nitro/clickbench/jmh_generated/BenchmarkQueries_query17_jmhTest.query17_avgt_jmhStub;org/weakref/nitro/clickbench/BenchmarkQueries.query17;org/weakref/nitro/clickbench/ClickBenchHitsSupport.query17;org/weakref/nitro/clickbench/ClickBenchHitsSupport.clickBenchScan;org/weakref/nitro/operator/NitroParquetScanOperator.<init>;java/util/stream/ReferencePipeline.toArray;java/util/stream/AbstractPipeline.evaluateToArrayNode;java/util/stream/AbstractPipeline.evaluate;java/util/stream/AbstractPipeline.wrapAndCopyInto;java/util/stream/AbstractPipeline.copyInto;java/util/AbstractList$RandomAccessSpliterator.forEachRemaining;java/util/stream/ReferencePipeline$3$1.accept;org/weakref/nitro/operator/NitroParquetScanOperator$$Lambda.0x000000001a083cc0.apply;org/weakref/nitro/parquet/ParquetFile.open;org/weakref/nitro/parquet/ParquetFile.<init>;org/apache/parquet/format/Util.readFileMetaData;org/apache/parquet/format/Util.readFileMetaData;org/apache/parquet/format/Util.read;org/apache/parquet/format/FileMetaData.read;org/apache/parquet/format/FileMetaData$FileMetaDataStandardScheme.read;org/apache/parquet/format/FileMetaData$FileMetaDataStandardScheme.read;org/apache/parquet/format/RowGroup.read;org/apache/parquet/format/RowGroup$RowGroupStandardScheme.read;org/apache/parquet/format/RowGroup$RowGroupStandardScheme.read;org/apache/parquet/format/ColumnChunk.read;org/apache/parquet/format/ColumnChunk$ColumnChunkStandardScheme.read;org/apache/parquet/format/ColumnChunk$ColumnChunkStandardScheme.read;org/apache/parquet/format/ColumnMetaData.read;org/apache/parquet/format/ColumnMetaData$ColumnMetaDataStandardScheme.read;org/apache/parquet/format/ColumnMetaData$ColumnMetaDataStandardScheme.read;org/apache/parquet/format/Statistics.read;org/apache/parquet/format/Statistics$StatisticsStandardScheme.read;org/apache/parquet/format/Statistics$StatisticsStandardScheme.read;org/apache/parquet/format/InterningProtocol.readFieldBegin;shaded/parquet/org/apache/thrift/protocol/TCompactProtocol.readFieldBegin;shaded.parquet.org.apache.thrift.protocol.TField_[i] 16
java/lang/Thread.run;java/lang/Thread.runWith;java/util/concurrent/ThreadPoolExecutor$Worker.run;java/util/concurrent/ThreadPoolExecutor.runWorker;java/util/concurrent/FutureTask.run;java/util/concurrent/Executors$RunnableAdapter.call;java/util/concurrent/FutureTask.run;org/openjdk/jmh/runner/BenchmarkHandler$BenchmarkTask.call;org/openjdk/jmh/runner/BenchmarkHandler$BenchmarkTask.call;java/lang/reflect/Method.invoke;jdk/internal/reflect/DirectMethodHandleAccessor.invoke;jdk/internal/reflect/DirectMethodHandleAccessor.invokeImpl;java/lang/invoke/LambdaForm$MH.0x000000001a061400.invokeExact_MT;java/lang/invoke/LambdaForm$MH.0x000000001a061000.invoke;java/lang/invoke/DirectMethodHandle$Holder.invokeSpecial;org/weakref/nitro/clickbench/jmh_generated/BenchmarkQueries_query17_jmhTest.query17_AverageTime;org/weakref/nitro/clickbench/jmh_generated/BenchmarkQueries_query17_jmhTest.query17_avgt_jmhStub;org/weakref/nitro/clickbench/BenchmarkQueries.query17;org/weakref/nitro/clickbench/ClickBenchHitsSupport.query17;org/weakref/nitro/clickbench/ClickBenchHitsSupport.clickBenchScan;org/weakref/nitro/operator/NitroParquetScanOperator.<init>;java/util/stream/ReferencePipeline.toArray;java/util/stream/AbstractPipeline.evaluateToArrayNode;java/util/stream/AbstractPipeline.evaluate;java/util/stream/AbstractPipeline.wrapAndCopyInto;java/util/stream/AbstractPipeline.copyInto;java/util/AbstractList$RandomAccessSpliterator.forEachRemaining;java/util/stream/ReferencePipeline$3$1.accept;org/weakref/nitro/operator/NitroParquetScanOperator$$Lambda.0x000000001a083cc0.apply;org/weakref/nitro/parquet/ParquetFile.open;org/weakref/nitro/parquet/ParquetFile.<init>;org/apache/parquet/format/Util.readFileMetaData;org/apache/parquet/format/Util.readFileMetaData;org/apache/parquet/format/Util.read;org/apache/parquet/format/FileMetaData.read;org/apache/parquet/format/FileMetaData$FileMetaDataStandardScheme.read;org/apache/parquet/format/FileMetaData$FileMetaDataStandardScheme.read;org/apache/parquet/format/SchemaElement.read;org/apache/parquet/format/SchemaElement$SchemaElementStandardScheme.read;org/apache/parquet/format/SchemaElement$SchemaElementStandardScheme.read;org/apache/parquet/format/InterningProtocol.readString;shaded/parquet/org/apache/thrift/protocol/TCompactProtocol.readString;shaded/parquet/org/apache/thrift/protocol/TCompactProtocol.readBinary;byte[]_[i] 1
java/lang/Thread.run;java/lang/Thread.runWith;java/util/concurrent/ThreadPoolExecutor$Worker.run;java/util/concurrent/ThreadPoolExecutor.runWorker;java/util/concurrent/FutureTask.run;java/util/concurrent/Executors$RunnableAdapter.call;java/util/concurrent/FutureTask.run;org/openjdk/jmh/runner/BenchmarkHandler$BenchmarkTask.call;org/openjdk/jmh/runner/BenchmarkHandler$BenchmarkTask.call;java/lang/reflect/Method.invoke;jdk/internal/reflect/DirectMethodHandleAccessor.invoke;jdk/internal/reflect/DirectMethodHandleAccessor.invokeImpl;java/lang/invoke/LambdaForm$MH.0x000000001a061400.invokeExact_MT;java/lang/invoke/LambdaForm$MH.0x000000001a061000.invoke;java/lang/invoke/DirectMethodHandle$Holder.invokeSpecial;org/weakref/nitro/clickbench/jmh_generated/BenchmarkQueries_query17_jmhTest.query17_AverageTime;org/weakref/nitro/clickbench/jmh_generated/BenchmarkQueries_query17_jmhTest.query17_avgt_jmhStub;org/weakref/nitro/clickbench/BenchmarkQueries.query17;org/weakref/nitro/clickbench/BenchmarkQueries.consume;org/weakref/nitro/operator/TopNOperator.next;org/weakref/nitro/operator/TopNOperator.computeTopN;org/weakref/nitro/operator/GroupedAggregationOperator.next;org/weakref/nitro/operator/GroupedAggregationOperator.computeResults;org/weakref/nitro/operator/Output.borrow;org/weakref/nitro/operator/GroupOperator$$Lambda.0x000000001a10c218.apply;org/weakref/nitro/operator/GroupOperator.lambda$next$0;org/weakref/nitro/operator/GroupOperator.groupIds;org/weakref/nitro/operator/GroupOperator.doGroupingIfNeeded;org/weakref/nitro/operator/Output.borrow;org/weakref/nitro/operator/NitroParquetScanOperator$ScanOutputResolver$$Lambda.0x000000001a0ab190.apply;org/weakref/nitro/operator/NitroParquetScanOperator$ScanOutputResolver.resolve;org/weakref/nitro/operator/NitroParquetScanOperator.resolveLazyColumn;org/weakref/nitro/operator/NitroParquetScanOperator.decodeFullColumn;org/weakref/nitro/parquet/ColumnReader.readBinary;org/weakref/nitro/parquet/ColumnReader.readBinaryDirect;org/weakref/nitro/parquet/ColumnReader.decodeNextDataPage;org/weakref/nitro/parquet/ColumnReader.readPageHeader;org/apache/parquet/format/Util.readPageHeader;org/apache/parquet/format/Util.readPageHeader;org/apache/parquet/format/Util.read;org/apache/parquet/format/PageHeader.read;org/apache/parquet/format/PageHeader$PageHeaderStandardScheme.read;org/apache/parquet/format/PageHeader$PageHeaderStandardScheme.read;org/apache/parquet/format/DataPageHeader.read;org/apache/parquet/format/DataPageHeader$DataPageHeaderStandardScheme.read;org/apache/parquet/format/DataPageHeader$DataPageHeaderStandardScheme.read;org/apache/parquet/format/InterningProtocol.readFieldBegin;shaded/parquet/org/apache/thrift/protocol/TCompactProtocol.readFieldBegin;shaded.parquet.org.apache.thrift.protocol.TField_[i] 1
java/lang/Thread.run;java/lang/Thread.runWith;java/util/concurrent/ThreadPoolExecutor$Worker.run;java/util/concurrent/ThreadPoolExecutor.runWorker;java/util/concurrent/FutureTask.run;java/util/concurrent/Executors$RunnableAdapter.call;java/util/concurrent/FutureTask.run;org/openjdk/jmh/runner/BenchmarkHandler$BenchmarkTask.call;org/openjdk/jmh/runner/BenchmarkHandler$BenchmarkTask.call;java/lang/reflect/Method.invoke;jdk/internal/reflect/DirectMethodHandleAccessor.invoke;jdk/internal/reflect/DirectMethodHandleAccessor.invokeImpl;java/lang/invoke/LambdaForm$MH.0x000000001a061400.invokeExact_MT;java/lang/invoke/LambdaForm$MH.0x000000001a061000.invoke;java/lang/invoke/DirectMethodHandle$Holder.invokeSpecial;org/weakref/nitro/clickbench/jmh_generated/BenchmarkQueries_query17_jmhTest.query17_AverageTime;org/weakref/nitro/clickbench/jmh_generated/BenchmarkQueries_query17_jmhTest.query17_avgt_jmhStub;org/weakref/nitro/clickbench/BenchmarkQueries.query17;org/weakref/nitro/clickbench/ClickBenchHitsSupport.query17;org/weakref/nitro/clickbench/ClickBenchHitsSupport.clickBenchScan;org/weakref/nitro/operator/NitroParquetScanOperator.<init>;java/util/stream/ReferencePipeline.toArray;java/util/stream/AbstractPipeline.evaluateToArrayNode;java/util/stream/AbstractPipeline.evaluate;java/util/stream/AbstractPipeline.wrapAndCopyInto;java/util/stream/AbstractPipeline.copyInto;java/util/AbstractList$RandomAccessSpliterator.forEachRemaining;java/util/stream/ReferencePipeline$3$1.accept;org/weakref/nitro/operator/NitroParquetScanOperator$$Lambda.0x000000001a083cc0.apply;org/weakref/nitro/parquet/ParquetFile.open;org/weakref/nitro/parquet/ParquetFile.<init>;org/apache/parquet/format/Util.readFileMetaData;org/apache/parquet/format/Util.readFileMetaData;org/apache/parquet/format/Util.read;org/apache/parquet/format/FileMetaData.read;org/apache/parquet/format/FileMetaData$FileMetaDataStandardScheme.read;org/apache/parquet/format/FileMetaData$FileMetaDataStandardScheme.read;org/apache/parquet/format/SchemaElement.read;org/apache/parquet/format/SchemaElement$SchemaElementStandardScheme.read;org/apache/parquet/format/SchemaElement$SchemaElementStandardScheme.read;shaded/parquet/org/apache/thrift/TUnion.read;shaded/parquet/org/apache/thrift/TUnion$TUnionStandardScheme.read;shaded/parquet/org/apache/thrift/TUnion$TUnionStandardScheme.read;org/apache/parquet/format/LogicalType.standardSchemeReadValue;org/apache/parquet/format/IntType.read;org/apache/parquet/format/IntType$IntTypeStandardScheme.read;org/apache/parquet/format/IntType$IntTypeStandardScheme.read;org/apache/parquet/format/InterningProtocol.readFieldBegin;shaded/parquet/org/apache/thrift/protocol/TCompactProtocol.readFieldBegin;shaded.parquet.org.apache.thrift.protocol.TField_[i] 1
java/lang/Thread.run;java/lang/Thread.runWith;java/util/concurrent/ThreadPoolExecutor$Worker.run;java/util/concurrent/ThreadPoolExecutor.runWorker;java/util/concurrent/FutureTask.run;java/util/concurrent/Executors$RunnableAdapter.call;java/util/concurrent/FutureTask.run;org/openjdk/jmh/runner/BenchmarkHandler$BenchmarkTask.call;org/openjdk/jmh/runner/BenchmarkHandler$BenchmarkTask.call;java/lang/reflect/Method.invoke;jdk/internal/reflect/DirectMethodHandleAccessor.invoke;jdk/internal/reflect/DirectMethodHandleAccessor.invokeImpl;java/lang/invoke/LambdaForm$MH.0x000000001a061400.invokeExact_MT;java/lang/invoke/LambdaForm$MH.0x000000001a061000.invoke;java/lang/invoke/DirectMethodHandle$Holder.invokeSpecial;org/weakref/nitro/clickbench/jmh_generated/BenchmarkQueries_query17_jmhTest.query17_AverageTime;org/weakref/nitro/clickbench/jmh_generated/BenchmarkQueries_query17_jmhTest.query17_avgt_jmhStub;org/weakref/nitro/clickbench/BenchmarkQueries.query17;org/weakref/nitro/clickbench/ClickBenchHitsSupport.query17;org/weakref/nitro/clickbench/ClickBenchHitsSupport.clickBenchScan;org/weakref/nitro/operator/NitroParquetScanOperator.<init>;java/util/stream/ReferencePipeline.toArray;java/util/stream/AbstractPipeline.evaluateToArrayNode;java/util/stream/AbstractPipeline.evaluate;java/util/stream/AbstractPipeline.wrapAndCopyInto;java/util/stream/AbstractPipeline.copyInto;java/util/AbstractList$RandomAccessSpliterator.forEachRemaining;java/util/stream/ReferencePipeline$3$1.accept;org/weakref/nitro/operator/NitroParquetScanOperator$$Lambda.0x000000001a083cc0.apply;org/weakref/nitro/parquet/ParquetFile.open;org/weakref/nitro/parquet/ParquetFile.<init>;org/apache/parquet/format/Util.readFileMetaData;org/apache/parquet/format/Util.readFileMetaData;org/apache/parquet/format/Util.read;org/apache/parquet/format/FileMetaData.read;org/apache/parquet/format/FileMetaData$FileMetaDataStandardScheme.read;org/apache/parquet/format/FileMetaData$FileMetaDataStandardScheme.read;org.apache.parquet.format.SchemaElement_[i] 2
java/lang/Thread.run;java/lang/Thread.runWith;java/util/concurrent/ThreadPoolExecutor$Worker.run;java/util/concurrent/ThreadPoolExecutor.runWorker;java/util/concurrent/FutureTask.run;java/util/concurrent/Executors$RunnableAdapter.call;java/util/concurrent/FutureTask.run;org/openjdk/jmh/runner/BenchmarkHandler$BenchmarkTask.call;org/openjdk/jmh/runner/BenchmarkHandler$BenchmarkTask.call;java/lang/reflect/Method.invoke;jdk/internal/reflect/DirectMethodHandleAccessor.invoke;jdk/internal/reflect/DirectMethodHandleAccessor.invokeImpl;java/lang/invoke/LambdaForm$MH.0x000000001a061400.invokeExact_MT;java/lang/invoke/LambdaForm$MH.0x000000001a061000.invoke;java/lang/invoke/DirectMethodHandle$Holder.invokeSpecial;org/weakref/nitro/clickbench/jmh_generated/BenchmarkQueries_query17_jmhTest.query17_AverageTime;org/weakref/nitro/clickbench/jmh_generated/BenchmarkQueries_query17_jmhTest.query17_avgt_jmhStub;org/weakref/nitro/clickbench/BenchmarkQueries.query17;org/weakref/nitro/clickbench/ClickBenchHitsSupport.query17;org/weakref/nitro/clickbench/ClickBenchHitsSupport.clickBenchScan;org/weakref/nitro/operator/NitroParquetScanOperator.<init>;java/util/stream/ReferencePipeline.toArray;java/util/stream/AbstractPipeline.evaluateToArrayNode;java/util/stream/AbstractPipeline.evaluate;java/util/stream/AbstractPipeline.wrapAndCopyInto;java/util/stream/AbstractPipeline.copyInto;java/util/AbstractList$RandomAccessSpliterator.forEachRemaining;java/util/stream/ReferencePipeline$3$1.accept;org/weakref/nitro/operator/NitroParquetScanOperator$$Lambda.0x000000001a083cc0.apply;org/weakref/nitro/parquet/ParquetFile.open;org/weakref/nitro/parquet/ParquetFile.<init>;org/apache/parquet/format/Util.readFileMetaData;org/apache/parquet/format/Util.readFileMetaData;org/apache/parquet/format/Util.read;org/apache/parquet/format/FileMetaData.read;org/apache/parquet/format/FileMetaData$FileMetaDataStandardScheme.read;org/apache/parquet/format/FileMetaData$FileMetaDataStandardScheme.read;org/apache/parquet/format/RowGroup.read;org/apache/parquet/format/RowGroup$RowGroupStandardScheme.read;org/apache/parquet/format/RowGroup$RowGroupStandardScheme.read;org/apache/parquet/format/ColumnChunk.read;org/apache/parquet/format/ColumnChunk$ColumnChunkStandardScheme.read;org/apache/parquet/format/ColumnChunk$ColumnChunkStandardScheme.read;org/apache/parquet/format/ColumnMetaData.read;org/apache/parquet/format/ColumnMetaData$ColumnMetaDataStandardScheme.read;org/apache/parquet/format/ColumnMetaData$ColumnMetaDataStandardScheme.read;java.util.ArrayList_[i] 3
java/lang/Thread.run;java/lang/Thread.runWith;java/util/concurrent/ThreadPoolExecutor$Worker.run;java/util/concurrent/ThreadPoolExecutor.runWorker;java/util/concurrent/FutureTask.run;java/util/concurrent/Executors$RunnableAdapter.call;java/util/concurrent/FutureTask.run;org/openjdk/jmh/runner/BenchmarkHandler$BenchmarkTask.call;org/openjdk/jmh/runner/BenchmarkHandler$BenchmarkTask.call;java/lang/reflect/Method.invoke;jdk/internal/reflect/DirectMethodHandleAccessor.invoke;jdk/internal/reflect/DirectMethodHandleAccessor.invokeImpl;java/lang/invoke/LambdaForm$MH.0x000000001a061400.invokeExact_MT;java/lang/invoke/LambdaForm$MH.0x000000001a061000.invoke;java/lang/invoke/DirectMethodHandle$Holder.invokeSpecial;org/weakref/nitro/clickbench/jmh_generated/BenchmarkQueries_query17_jmhTest.query17_AverageTime;org/weakref/nitro/clickbench/jmh_generated/BenchmarkQueries_query17_jmhTest.query17_avgt_jmhStub;org/weakref/nitro/clickbench/BenchmarkQueries.query17;org/weakref/nitro/clickbench/BenchmarkQueries.consume;org/weakref/nitro/operator/TopNOperator.next;org/weakref/nitro/operator/TopNOperator.computeTopN;org/weakref/nitro/operator/GroupedAggregationOperator.next;org/weakref/nitro/operator/GroupedAggregationOperator.computeResults;org/weakref/nitro/operator/GroupOperator.next;org.weakref.nitro.operator.Batch_[i] 2
java/lang/Thread.run;java/lang/Thread.runWith;java/util/concurrent/ThreadPoolExecutor$Worker.run;java/util/concurrent/ThreadPoolExecutor.runWorker;java/util/concurrent/FutureTask.run;java/util/concurrent/Executors$RunnableAdapter.call;java/util/concurrent/FutureTask.run;org/openjdk/jmh/runner/BenchmarkHandler$BenchmarkTask.call;org/openjdk/jmh/runner/BenchmarkHandler$BenchmarkTask.call;java/lang/reflect/Method.invoke;jdk/internal/reflect/DirectMethodHandleAccessor.invoke;jdk/internal/reflect/DirectMethodHandleAccessor.invokeImpl;java/lang/invoke/LambdaForm$MH.0x000000001a061400.invokeExact_MT;java/lang/invoke/LambdaForm$MH.0x000000001a061000.invoke;java/lang/invoke/DirectMethodHandle$Holder.invokeSpecial;org/weakref/nitro/clickbench/jmh_generated/BenchmarkQueries_query17_jmhTest.query17_AverageTime;org/weakref/nitro/clickbench/jmh_generated/BenchmarkQueries_query17_jmhTest.query17_avgt_jmhStub;org/weakref/nitro/clickbench/BenchmarkQueries.query17;org/weakref/nitro/clickbench/BenchmarkQueries.consume;org/weakref/nitro/operator/TopNOperator.next;org/weakref/nitro/operator/TopNOperator.computeTopN;org/weakref/nitro/operator/GroupedAggregationOperator.next;org/weakref/nitro/operator/GroupedAggregationOperator.computeResults;org/weakref/nitro/operator/Batch.close;org/weakref/nitro/operator/GroupOperator$$Lambda.0x000000001a10daa8.run;org/weakref/nitro/operator/GroupOperator.lambda$next$6;org/weakref/nitro/operator/Batch.close;org/weakref/nitro/operator/Output.close;org/weakref/nitro/operator/Output.release;org/weakref/nitro/operator/BatchBufferOwner.accept;org/weakref/nitro/operator/BatchBufferOwner.accept;org/weakref/nitro/operator/NitroParquetScanOperator$ScanOutputResolver.release;org/weakref/nitro/operator/BatchBufferScope.release;org/weakref/nitro/data/Allocator.release;org/weakref/nitro/data/Allocator.releaseVectorTree;org/weakref/nitro/data/Allocator.releaseVector;org/weakref/nitro/data/Allocator$ContextState.releaseVector;org/weakref/nitro/data/Allocator$ContextState.addVectorToPool;java/util/TreeMap.computeIfAbsent;java/util/TreeMap.callMappingFunctionWithCheck;org/weakref/nitro/data/Allocator$ContextState$$Lambda.0x000000001a1123b8.apply;org/weakref/nitro/data/Allocator$ContextState.lambda$addVectorToPool$1;java.util.ArrayDeque_[i] 1
java/lang/Thread.run;java/lang/Thread.runWith;java/util/concurrent/ThreadPoolExecutor$Worker.run;java/util/concurrent/ThreadPoolExecutor.runWorker;java/util/concurrent/FutureTask.run;java/util/concurrent/Executors$RunnableAdapter.call;java/util/concurrent/FutureTask.run;org/openjdk/jmh/runner/BenchmarkHandler$BenchmarkTask.call;org/openjdk/jmh/runner/BenchmarkHandler$BenchmarkTask.call;java/lang/reflect/Method.invoke;jdk/internal/reflect/DirectMethodHandleAccessor.invoke;jdk/internal/reflect/DirectMethodHandleAccessor.invokeImpl;java/lang/invoke/LambdaForm$MH.0x000000001a061400.invokeExact_MT;java/lang/invoke/LambdaForm$MH.0x000000001a061000.invoke;java/lang/invoke/DirectMethodHandle$Holder.invokeSpecial;org/weakref/nitro/clickbench/jmh_generated/BenchmarkQueries_query17_jmhTest.query17_AverageTime;org/weakref/nitro/clickbench/jmh_generated/BenchmarkQueries_query17_jmhTest.query17_avgt_jmhStub;org/weakref/nitro/clickbench/BenchmarkQueries.query17;org/weakref/nitro/clickbench/ClickBenchHitsSupport.query17;org/weakref/nitro/clickbench/ClickBenchHitsSupport.clickBenchScan;org/weakref/nitro/operator/NitroParquetScanOperator.<init>;java/util/stream/ReferencePipeline.toArray;java/util/stream/AbstractPipeline.evaluateToArrayNode;java/util/stream/AbstractPipeline.evaluate;java/util/stream/AbstractPipeline.wrapAndCopyInto;java/util/stream/AbstractPipeline.copyInto;java/util/AbstractList$RandomAccessSpliterator.forEachRemaining;java/util/stream/ReferencePipeline$3$1.accept;org/weakref/nitro/operator/NitroParquetScanOperator$$Lambda.0x000000001a083cc0.apply;org/weakref/nitro/parquet/ParquetFile.open;org/weakref/nitro/parquet/ParquetFile.<init>;org/apache/parquet/format/Util.readFileMetaData;org/apache/parquet/format/Util.readFileMetaData;org/apache/parquet/format/Util.read;org/apache/parquet/format/FileMetaData.read;org/apache/parquet/format/FileMetaData$FileMetaDataStandardScheme.read;org/apache/parquet/format/FileMetaData$FileMetaDataStandardScheme.read;org/apache/parquet/format/SchemaElement.read;org/apache/parquet/format/SchemaElement$SchemaElementStandardScheme.read;org/apache/parquet/format/SchemaElement$SchemaElementStandardScheme.read;org/apache/parquet/format/InterningProtocol.readString;shaded/parquet/org/apache/thrift/protocol/TCompactProtocol.readString;java/lang/String.<init>;java/lang/String.<init>;java/lang/String.utf8;java.lang.String_[i] 1
java/lang/Thread.run;java/lang/Thread.runWith;java/util/concurrent/ThreadPoolExecutor$Worker.run;java/util/concurrent/ThreadPoolExecutor.runWorker;java/util/concurrent/FutureTask.run;java/util/concurrent/Executors$RunnableAdapter.call;java/util/concurrent/FutureTask.run;org/openjdk/jmh/runner/BenchmarkHandler$BenchmarkTask.call;org/openjdk/jmh/runner/BenchmarkHandler$BenchmarkTask.call;java/lang/reflect/Method.invoke;jdk/internal/reflect/DirectMethodHandleAccessor.invoke;jdk/internal/reflect/DirectMethodHandleAccessor.invokeImpl;java/lang/invoke/LambdaForm$MH.0x000000001a061400.invokeExact_MT;java/lang/invoke/LambdaForm$MH.0x000000001a061000.invoke;java/lang/invoke/DirectMethodHandle$Holder.invokeSpecial;org/weakref/nitro/clickbench/jmh_generated/BenchmarkQueries_query17_jmhTest.query17_AverageTime;org/weakref/nitro/clickbench/jmh_generated/BenchmarkQueries_query17_jmhTest.query17_avgt_jmhStub;org/weakref/nitro/clickbench/BenchmarkQueries.query17;org/weakref/nitro/clickbench/BenchmarkQueries.consume;org/weakref/nitro/operator/TopNOperator.next;org/weakref/nitro/operator/TopNOperator.computeTopN;org/weakref/nitro/operator/GroupedAggregationOperator.next;org/weakref/nitro/operator/GroupedAggregationOperator.computeResults;org/weakref/nitro/operator/Output.borrow;org/weakref/nitro/operator/GroupOperator$$Lambda.0x000000001a10c218.apply;org/weakref/nitro/operator/GroupOperator.lambda$next$0;org/weakref/nitro/operator/GroupOperator.groupIds;org/weakref/nitro/operator/GroupOperator.doGroupingIfNeeded;org/weakref/nitro/operator/Output.borrow;org/weakref/nitro/operator/NitroParquetScanOperator$ScanOutputResolver$$Lambda.0x000000001a0ab190.apply;org/weakref/nitro/operator/NitroParquetScanOperator$ScanOutputResolver.resolve;org/weakref/nitro/operator/NitroParquetScanOperator.resolveLazyColumn;org/weakref/nitro/operator/NitroParquetScanOperator.decodeFullColumn;org/weakref/nitro/parquet/ColumnReader.readBinary;org/weakref/nitro/parquet/ColumnReader.readBinaryDirect;org/weakref/nitro/data/Allocator.release;org/weakref/nitro/data/Allocator.releaseVectorTree;org/weakref/nitro/data/Allocator.releaseVector;org/weakref/nitro/data/Allocator$ContextState.releaseVector;org/weakref/nitro/data/BinaryVector.poolFamily;org/weakref/nitro/data/BinaryVector.poolFamily;org.weakref.nitro.data.BinaryVector$PoolFamily_[i] 1
java/lang/Thread.run;java/lang/Thread.runWith;java/util/concurrent/ThreadPoolExecutor$Worker.run;java/util/concurrent/ThreadPoolExecutor.runWorker;java/util/concurrent/FutureTask.run;java/util/concurrent/Executors$RunnableAdapter.call;java/util/concurrent/FutureTask.run;org/openjdk/jmh/runner/BenchmarkHandler$BenchmarkTask.call;org/openjdk/jmh/runner/BenchmarkHandler$BenchmarkTask.call;java/lang/reflect/Method.invoke;jdk/internal/reflect/DirectMethodHandleAccessor.invoke;jdk/internal/reflect/DirectMethodHandleAccessor.invokeImpl;java/lang/invoke/LambdaForm$MH.0x000000001a061400.invokeExact_MT;java/lang/invoke/LambdaForm$MH.0x000000001a061000.invoke;java/lang/invoke/DirectMethodHandle$Holder.invokeSpecial;org/weakref/nitro/clickbench/jmh_generated/BenchmarkQueries_query17_jmhTest.query17_AverageTime;org/weakref/nitro/clickbench/jmh_generated/BenchmarkQueries_query17_jmhTest.query17_avgt_jmhStub;org/weakref/nitro/clickbench/BenchmarkQueries.query17;org/weakref/nitro/clickbench/BenchmarkQueries.consume;org/weakref/nitro/operator/TopNOperator.next;org/weakref/nitro/operator/TopNOperator.computeTopN;org/weakref/nitro/operator/GroupedAggregationOperator.next;org/weakref/nitro/operator/GroupedAggregationOperator.computeResults;org/weakref/nitro/operator/Output.borrow;org/weakref/nitro/operator/GroupOperator$$Lambda.0x000000001a10c218.apply;org/weakref/nitro/operator/GroupOperator.lambda$next$0;org/weakref/nitro/operator/GroupOperator.groupIds;org/weakref/nitro/operator/GroupOperator.doGroupingIfNeeded;org/weakref/nitro/operator/Output.borrow;org/weakref/nitro/operator/NitroParquetScanOperator$ScanOutputResolver$$Lambda.0x000000001a0ab190.apply;org/weakref/nitro/operator/NitroParquetScanOperator$ScanOutputResolver.resolve;org/weakref/nitro/operator/NitroParquetScanOperator.resolveLazyColumn;org/weakref/nitro/operator/NitroParquetScanOperator.decodeFullColumn;org/weakref/nitro/parquet/ColumnReader.readBinary;org/weakref/nitro/parquet/ColumnReader.readBinaryDirect;org/weakref/nitro/data/Allocator.allocate;org/weakref/nitro/data/Allocator.allocatePooled;org/weakref/nitro/data/Allocator$ContextState.trackVector;java/util/HashMap.merge;java/util/HashMap.newNode;java.util.HashMap$Node_[i] 2
java/lang/Thread.run;java/lang/Thread.runWith;java/util/concurrent/ThreadPoolExecutor$Worker.run;java/util/concurrent/ThreadPoolExecutor.runWorker;java/util/concurrent/FutureTask.run;java/util/concurrent/Executors$RunnableAdapter.call;java/util/concurrent/FutureTask.run;org/openjdk/jmh/runner/BenchmarkHandler$BenchmarkTask.call;org/openjdk/jmh/runner/BenchmarkHandler$BenchmarkTask.call;java/lang/reflect/Method.invoke;jdk/internal/reflect/DirectMethodHandleAccessor.invoke;jdk/internal/reflect/DirectMethodHandleAccessor.invokeImpl;java/lang/invoke/LambdaForm$MH.0x000000001a061400.invokeExact_MT;java/lang/invoke/LambdaForm$MH.0x000000001a061000.invoke;java/lang/invoke/DirectMethodHandle$Holder.invokeSpecial;org/weakref/nitro/clickbench/jmh_generated/BenchmarkQueries_query17_jmhTest.query17_AverageTime;org/weakref/nitro/clickbench/jmh_generated/BenchmarkQueries_query17_jmhTest.query17_avgt_jmhStub;org/weakref/nitro/clickbench/BenchmarkQueries.query17;org/weakref/nitro/clickbench/BenchmarkQueries.consume;org/weakref/nitro/operator/TopNOperator.next;org/weakref/nitro/operator/TopNOperator.computeTopN;org/weakref/nitro/operator/GroupedAggregationOperator.next;org/weakref/nitro/operator/GroupedAggregationOperator.computeResults;org/weakref/nitro/operator/Output.borrow;org/weakref/nitro/operator/GroupOperator$$Lambda.0x000000001a10c218.apply;org/weakref/nitro/operator/GroupOperator.lambda$next$0;org/weakref/nitro/operator/GroupOperator.groupIds;org/weakref/nitro/operator/GroupOperator.doGroupingIfNeeded;org/weakref/nitro/operator/Output.borrow;org/weakref/nitro/operator/NitroParquetScanOperator$ScanOutputResolver$$Lambda.0x000000001a0ab190.apply;org/weakref/nitro/operator/NitroParquetScanOperator$ScanOutputResolver.resolve;org/weakref/nitro/operator/NitroParquetScanOperator.resolveLazyColumn;org/weakref/nitro/operator/NitroParquetScanOperator.decodeFullColumn;org/weakref/nitro/parquet/ColumnReader.readBinary;org/weakref/nitro/parquet/ColumnReader.readBinaryDirect;org/weakref/nitro/parquet/ColumnReader.decodeNextDataPage;org/weakref/nitro/parquet/ColumnReader.decodeDictionary;org/weakref/nitro/data/PrimitiveArrayPool.borrowInts;int[]_[i] 53
java/lang/Thread.run;java/lang/Thread.runWith;java/util/concurrent/ThreadPoolExecutor$Worker.run;java/util/concurrent/ThreadPoolExecutor.runWorker;java/util/concurrent/FutureTask.run;java/util/concurrent/Executors$RunnableAdapter.call;java/util/concurrent/FutureTask.run;org/openjdk/jmh/runner/BenchmarkHandler$BenchmarkTask.call;org/openjdk/jmh/runner/BenchmarkHandler$BenchmarkTask.call;java/lang/reflect/Method.invoke;jdk/internal/reflect/DirectMethodHandleAccessor.invoke;jdk/internal/reflect/DirectMethodHandleAccessor.invokeImpl;java/lang/invoke/LambdaForm$MH.0x000000001a061400.invokeExact_MT;java/lang/invoke/LambdaForm$MH.0x000000001a061000.invoke;java/lang/invoke/DirectMethodHandle$Holder.invokeSpecial;org/weakref/nitro/clickbench/jmh_generated/BenchmarkQueries_query17_jmhTest.query17_AverageTime;org/weakref/nitro/clickbench/jmh_generated/BenchmarkQueries_query17_jmhTest.query17_avgt_jmhStub;org/weakref/nitro/clickbench/BenchmarkQueries.query17;org/weakref/nitro/clickbench/BenchmarkQueries.consume;org/weakref/nitro/operator/TopNOperator.next;org/weakref/nitro/operator/TopNOperator.computeTopN;org/weakref/nitro/operator/GroupedAggregationOperator.next;org/weakref/nitro/operator/GroupedAggregationOperator.computeResults;org/weakref/nitro/operator/Output.borrow;org/weakref/nitro/operator/GroupOperator$$Lambda.0x000000001a10c218.apply;org/weakref/nitro/operator/GroupOperator.lambda$next$0;org/weakref/nitro/operator/GroupOperator.groupIds;org/weakref/nitro/operator/GroupOperator.doGroupingIfNeeded;org/weakref/nitro/operator/GroupingState.assignGroups;org/weakref/nitro/operator/GroupingState.assignFlatGroups;org/weakref/nitro/operator/FlatGroupingTable.beginBatch;org/weakref/nitro/operator/FlatKeyLayout.beginBatch;org/weakref/nitro/operator/FlatKeyLayout.internDictionaryEntries;org/weakref/nitro/operator/ValueIdInterner.intern;org/weakref/nitro/operator/ValueIdInterner.store;java/util/Arrays.copyOf;byte[]_[i] 7
java/lang/Thread.run;java/lang/Thread.runWith;java/util/concurrent/ThreadPoolExecutor$Worker.run;java/util/concurrent/ThreadPoolExecutor.runWorker;java/util/concurrent/FutureTask.run;java/util/concurrent/Executors$RunnableAdapter.call;java/util/concurrent/FutureTask.run;org/openjdk/jmh/runner/BenchmarkHandler$BenchmarkTask.call;org/openjdk/jmh/runner/BenchmarkHandler$BenchmarkTask.call;java/lang/reflect/Method.invoke;jdk/internal/reflect/DirectMethodHandleAccessor.invoke;jdk/internal/reflect/DirectMethodHandleAccessor.invokeImpl;java/lang/invoke/LambdaForm$MH.0x000000001a061400.invokeExact_MT;java/lang/invoke/LambdaForm$MH.0x000000001a061000.invoke;java/lang/invoke/DirectMethodHandle$Holder.invokeSpecial;org/weakref/nitro/clickbench/jmh_generated/BenchmarkQueries_query17_jmhTest.query17_AverageTime;org/weakref/nitro/clickbench/jmh_generated/BenchmarkQueries_query17_jmhTest.query17_avgt_jmhStub;org/weakref/nitro/clickbench/BenchmarkQueries.query17;org/weakref/nitro/clickbench/BenchmarkQueries.consume;org/weakref/nitro/operator/TopNOperator.next;org/weakref/nitro/operator/TopNOperator.computeTopN;org/weakref/nitro/operator/GroupedAggregationOperator.next;org/weakref/nitro/operator/GroupedAggregationOperator.computeResults;org/weakref/nitro/operator/Output.borrow;org/weakref/nitro/operator/GroupOperator$$Lambda.0x000000001a10c218.apply;org/weakref/nitro/operator/GroupOperator.lambda$next$0;org/weakref/nitro/operator/GroupOperator.groupIds;org/weakref/nitro/operator/GroupOperator.doGroupingIfNeeded;org/weakref/nitro/operator/Output.borrow;org/weakref/nitro/operator/NitroParquetScanOperator$ScanOutputResolver$$Lambda.0x000000001a0ab190.apply;org/weakref/nitro/operator/NitroParquetScanOperator$ScanOutputResolver.resolve;org/weakref/nitro/operator/NitroParquetScanOperator.resolveLazyColumn;org/weakref/nitro/operator/NitroParquetScanOperator.decodeFullColumn;org/weakref/nitro/parquet/ColumnReader.readLongs;org/weakref/nitro/parquet/ColumnReader.decodeNextDataPage;org/weakref/nitro/parquet/ColumnReader.readPageHeader;org/apache/parquet/format/Util.readPageHeader;org/apache/parquet/format/Util.readPageHeader;org/apache/parquet/format/MetadataValidator.validate;java/lang/String.format;java/util/Formatter.format;java/util/Formatter.format;java/util/Formatter$FormatSpecifier.print;java/util/Formatter$FormatSpecifier.printString;java/lang/Integer.toString;java/lang/Integer.toString;byte[]_[i] 1
java/lang/Thread.run;java/lang/Thread.runWith;java/util/concurrent/ThreadPoolExecutor$Worker.run;java/util/concurrent/ThreadPoolExecutor.runWorker;java/util/concurrent/FutureTask.run;java/util/concurrent/Executors$RunnableAdapter.call;java/util/concurrent/FutureTask.run;org/openjdk/jmh/runner/BenchmarkHandler$BenchmarkTask.call;org/openjdk/jmh/runner/BenchmarkHandler$BenchmarkTask.call;java/lang/reflect/Method.invoke;jdk/internal/reflect/DirectMethodHandleAccessor.invoke;jdk/internal/reflect/DirectMethodHandleAccessor.invokeImpl;java/lang/invoke/LambdaForm$MH.0x000000001a061400.invokeExact_MT;java/lang/invoke/LambdaForm$MH.0x000000001a061000.invoke;java/lang/invoke/DirectMethodHandle$Holder.invokeSpecial;org/weakref/nitro/clickbench/jmh_generated/BenchmarkQueries_query17_jmhTest.query17_AverageTime;org/weakref/nitro/clickbench/jmh_generated/BenchmarkQueries_query17_jmhTest.query17_avgt_jmhStub;org/weakref/nitro/clickbench/BenchmarkQueries.query17;org/weakref/nitro/clickbench/BenchmarkQueries.consume;org/weakref/nitro/operator/TopNOperator.next;org/weakref/nitro/operator/TopNOperator.computeTopN;org/weakref/nitro/operator/GroupedAggregationOperator.next;org/weakref/nitro/operator/GroupedAggregationOperator.computeResults;org/weakref/nitro/operator/Output.borrow;org/weakref/nitro/operator/GroupOperator$$Lambda.0x000000001a10c218.apply;org/weakref/nitro/operator/GroupOperator.lambda$next$0;org/weakref/nitro/operator/GroupOperator.groupIds;org/weakref/nitro/operator/GroupOperator.doGroupingIfNeeded;org/weakref/nitro/operator/GroupingState.assignGroups;org/weakref/nitro/operator/GroupingState.assignFlatGroups;org/weakref/nitro/operator/FlatGroupingTable.beginBatch;org/weakref/nitro/operator/FlatKeyLayout.beginBatch;org/weakref/nitro/operator/FlatKeyLayout.internDictionaryEntries;org/weakref/nitro/operator/ValueIdInterner.intern;org/weakref/nitro/operator/ValueIdInterner.growSlots;int[]_[i] 5
java/lang/Thread.run;java/lang/Thread.runWith;java/util/concurrent/ThreadPoolExecutor$Worker.run;java/util/concurrent/ThreadPoolExecutor.runWorker;java/util/concurrent/FutureTask.run;java/util/concurrent/Executors$RunnableAdapter.call;java/util/concurrent/FutureTask.run;org/openjdk/jmh/runner/BenchmarkHandler$BenchmarkTask.call;org/openjdk/jmh/runner/BenchmarkHandler$BenchmarkTask.call;java/lang/reflect/Method.invoke;jdk/internal/reflect/DirectMethodHandleAccessor.invoke;jdk/internal/reflect/DirectMethodHandleAccessor.invokeImpl;java/lang/invoke/LambdaForm$MH.0x000000001a061400.invokeExact_MT;java/lang/invoke/LambdaForm$MH.0x000000001a061000.invoke;java/lang/invoke/DirectMethodHandle$Holder.invokeSpecial;org/weakref/nitro/clickbench/jmh_generated/BenchmarkQueries_query17_jmhTest.query17_AverageTime;org/weakref/nitro/clickbench/jmh_generated/BenchmarkQueries_query17_jmhTest.query17_avgt_jmhStub;org/weakref/nitro/clickbench/BenchmarkQueries.query17;org/weakref/nitro/clickbench/BenchmarkQueries.consume;org/weakref/nitro/operator/TopNOperator.next;org/weakref/nitro/operator/TopNOperator.computeTopN;org/weakref/nitro/operator/GroupedAggregationOperator.next;org/weakref/nitro/operator/GroupedAggregationOperator.computeResults;org/weakref/nitro/operator/Output.borrow;org/weakref/nitro/operator/GroupOperator$$Lambda.0x000000001a10c218.apply;org/weakref/nitro/operator/GroupOperator.lambda$next$0;org/weakref/nitro/operator/GroupOperator.groupIds;org/weakref/nitro/operator/GroupOperator.doGroupingIfNeeded;org/weakref/nitro/operator/Output.borrow;org/weakref/nitro/operator/NitroParquetScanOperator$ScanOutputResolver$$Lambda.0x000000001a0ab190.apply;org/weakref/nitro/operator/NitroParquetScanOperator$ScanOutputResolver.resolve;org/weakref/nitro/operator/NitroParquetScanOperator.resolveLazyColumn;org/weakref/nitro/operator/NitroParquetScanOperator.decodeFullColumn;org/weakref/nitro/parquet/ColumnReader.readLongs;org/weakref/nitro/parquet/ColumnReader.decodeNextDataPage;org/weakref/nitro/parquet/ColumnReader.decodeDictionary;org/weakref/nitro/parquet/ColumnReader.replaceLongs;org/weakref/nitro/data/PrimitiveArrayPool.borrowLongs;long[]_[i] 14
java/lang/Thread.run;java/lang/Thread.runWith;java/util/concurrent/ThreadPoolExecutor$Worker.run;java/util/concurrent/ThreadPoolExecutor.runWorker;java/util/concurrent/FutureTask.run;java/util/concurrent/Executors$RunnableAdapter.call;java/util/concurrent/FutureTask.run;org/openjdk/jmh/runner/BenchmarkHandler$BenchmarkTask.call;org/openjdk/jmh/runner/BenchmarkHandler$BenchmarkTask.call;java/lang/reflect/Method.invoke;jdk/internal/reflect/DirectMethodHandleAccessor.invoke;jdk/internal/reflect/DirectMethodHandleAccessor.invokeImpl;java/lang/invoke/LambdaForm$MH.0x000000001a061400.invokeExact_MT;java/lang/invoke/LambdaForm$MH.0x000000001a061000.invoke;java/lang/invoke/DirectMethodHandle$Holder.invokeSpecial;org/weakref/nitro/clickbench/jmh_generated/BenchmarkQueries_query17_jmhTest.query17_AverageTime;org/weakref/nitro/clickbench/jmh_generated/BenchmarkQueries_query17_jmhTest.query17_avgt_jmhStub;org/weakref/nitro/clickbench/BenchmarkQueries.query17;org/weakref/nitro/clickbench/BenchmarkQueries.consume;org/weakref/nitro/operator/TopNOperator.next;org/weakref/nitro/operator/TopNOperator.computeTopN;org/weakref/nitro/operator/GroupedAggregationOperator.next;org/weakref/nitro/operator/GroupedAggregationOperator.computeResults;org/weakref/nitro/operator/GroupOperator.next;java/lang/invoke/Invokers$Holder.linkToTargetMethod;java/lang/invoke/DirectMethodHandle$Holder.newInvokeSpecial;java/lang/invoke/DirectMethodHandle.allocateInstance;org.weakref.nitro.operator.GroupOperator$$Lambda.0x000000001a10d620_[i] 1
java/lang/Thread.run;java/lang/Thread.runWith;java/util/concurrent/ThreadPoolExecutor$Worker.run;java/util/concurrent/ThreadPoolExecutor.runWorker;java/util/concurrent/FutureTask.run;java/util/concurrent/Executors$RunnableAdapter.call;java/util/concurrent/FutureTask.run;org/openjdk/jmh/runner/BenchmarkHandler$BenchmarkTask.call;org/openjdk/jmh/runner/BenchmarkHandler$BenchmarkTask.call;java/lang/reflect/Method.invoke;jdk/internal/reflect/DirectMethodHandleAccessor.invoke;jdk/internal/reflect/DirectMethodHandleAccessor.invokeImpl;java/lang/invoke/LambdaForm$MH.0x000000001a061400.invokeExact_MT;java/lang/invoke/LambdaForm$MH.0x000000001a061000.invoke;java/lang/invoke/DirectMethodHandle$Holder.invokeSpecial;org/weakref/nitro/clickbench/jmh_generated/BenchmarkQueries_query17_jmhTest.query17_AverageTime;org/weakref/nitro/clickbench/jmh_generated/BenchmarkQueries_query17_jmhTest.query17_avgt_jmhStub;org/weakref/nitro/clickbench/BenchmarkQueries.query17;org/weakref/nitro/clickbench/ClickBenchHitsSupport.query17;org/weakref/nitro/clickbench/ClickBenchHitsSupport.clickBenchScan;org/weakref/nitro/operator/NitroParquetScanOperator.<init>;java/util/stream/ReferencePipeline.toArray;java/util/stream/AbstractPipeline.evaluateToArrayNode;java/util/stream/AbstractPipeline.evaluate;java/util/stream/AbstractPipeline.wrapAndCopyInto;java/util/stream/AbstractPipeline.copyInto;java/util/AbstractList$RandomAccessSpliterator.forEachRemaining;java/util/stream/ReferencePipeline$3$1.accept;org/weakref/nitro/operator/NitroParquetScanOperator$$Lambda.0x000000001a083cc0.apply;org/weakref/nitro/parquet/ParquetFile.open;org/weakref/nitro/parquet/ParquetFile.<init>;org/apache/parquet/format/Util.readFileMetaData;org/apache/parquet/format/Util.readFileMetaData;org/apache/parquet/format/Util.read;org/apache/parquet/format/FileMetaData.read;org/apache/parquet/format/FileMetaData$FileMetaDataStandardScheme.read;org/apache/parquet/format/FileMetaData$FileMetaDataStandardScheme.read;org/apache/parquet/format/RowGroup.read;org/apache/parquet/format/RowGroup$RowGroupStandardScheme.read;org/apache/parquet/format/RowGroup$RowGroupStandardScheme.read;org/apache/parquet/format/ColumnChunk.read;org/apache/parquet/format/ColumnChunk$ColumnChunkStandardScheme.read;org/apache/parquet/format/ColumnChunk$ColumnChunkStandardScheme.read;org/apache/parquet/format/ColumnMetaData.read;org/apache/parquet/format/ColumnMetaData$ColumnMetaDataStandardScheme.read;org/apache/parquet/format/ColumnMetaData$ColumnMetaDataStandardScheme.read;org/apache/parquet/format/Statistics.read;org/apache/parquet/format/Statistics$StatisticsStandardScheme.read;org/apache/parquet/format/Statistics$StatisticsStandardScheme.read;org/apache/parquet/format/InterningProtocol.readBinary;shaded/parquet/org/apache/thrift/protocol/TCompactProtocol.readBinary;byte[]_[i] 2
java/lang/Thread.run;java/lang/Thread.runWith;java/util/concurrent/ThreadPoolExecutor$Worker.run;java/util/concurrent/ThreadPoolExecutor.runWorker;java/util/concurrent/FutureTask.run;java/util/concurrent/Executors$RunnableAdapter.call;java/util/concurrent/FutureTask.run;org/openjdk/jmh/runner/BenchmarkHandler$BenchmarkTask.call;org/openjdk/jmh/runner/BenchmarkHandler$BenchmarkTask.call;java/lang/reflect/Method.invoke;jdk/internal/reflect/DirectMethodHandleAccessor.invoke;jdk/internal/reflect/DirectMethodHandleAccessor.invokeImpl;java/lang/invoke/LambdaForm$MH.0x000000001a061400.invokeExact_MT;java/lang/invoke/LambdaForm$MH.0x000000001a061000.invoke;java/lang/invoke/DirectMethodHandle$Holder.invokeSpecial;org/weakref/nitro/clickbench/jmh_generated/BenchmarkQueries_query17_jmhTest.query17_AverageTime;org/weakref/nitro/clickbench/jmh_generated/BenchmarkQueries_query17_jmhTest.query17_avgt_jmhStub;org/weakref/nitro/clickbench/BenchmarkQueries.query17;org/weakref/nitro/clickbench/BenchmarkQueries.consume;org/weakref/nitro/operator/TopNOperator.next;org/weakref/nitro/operator/TopNOperator.computeTopN;org/weakref/nitro/operator/GroupedAggregationOperator.next;org/weakref/nitro/operator/GroupedAggregationOperator.computeResults;org/weakref/nitro/operator/Output.borrow;org/weakref/nitro/operator/GroupOperator$$Lambda.0x000000001a10c218.apply;org/weakref/nitro/operator/GroupOperator.lambda$next$0;org/weakref/nitro/operator/GroupOperator.groupIds;org/weakref/nitro/operator/GroupOperator.doGroupingIfNeeded;org/weakref/nitro/operator/GroupingState.assignGroups;org/weakref/nitro/operator/GroupingState.assignFlatGroups;org/weakref/nitro/operator/FlatGroupingTable.beginBatch;org/weakref/nitro/operator/FlatKeyLayout.beginBatch;org/weakref/nitro/operator/FlatKeyLayout.internDictionaryEntries;org/weakref/nitro/operator/ValueIdInterner.intern;org/weakref/nitro/operator/ValueIdInterner.store;java/util/Arrays.copyOf;int[]_[i] 4
java/lang/Thread.run;java/lang/Thread.runWith;java/util/concurrent/ThreadPoolExecutor$Worker.run;java/util/concurrent/ThreadPoolExecutor.runWorker;java/util/concurrent/FutureTask.run;java/util/concurrent/Executors$RunnableAdapter.call;java/util/concurrent/FutureTask.run;org/openjdk/jmh/runner/BenchmarkHandler$BenchmarkTask.call;org/openjdk/jmh/runner/BenchmarkHandler$BenchmarkTask.call;java/lang/reflect/Method.invoke;jdk/internal/reflect/DirectMethodHandleAccessor.invoke;jdk/internal/reflect/DirectMethodHandleAccessor.invokeImpl;java/lang/invoke/LambdaForm$MH.0x000000001a061400.invokeExact_MT;java/lang/invoke/LambdaForm$MH.0x000000001a061000.invoke;java/lang/invoke/DirectMethodHandle$Holder.invokeSpecial;org/weakref/nitro/clickbench/jmh_generated/BenchmarkQueries_query17_jmhTest.query17_AverageTime;org/weakref/nitro/clickbench/jmh_generated/BenchmarkQueries_query17_jmhTest.query17_avgt_jmhStub;org/weakref/nitro/clickbench/BenchmarkQueries.query17;org/weakref/nitro/clickbench/BenchmarkQueries.consume;org/weakref/nitro/operator/TopNOperator.next;org/weakref/nitro/operator/TopNOperator.computeTopN;org/weakref/nitro/operator/GroupedAggregationOperator.next;org/weakref/nitro/operator/GroupedAggregationOperator.computeResults;org/weakref/nitro/operator/Batch.close;org/weakref/nitro/operator/GroupOperator$$Lambda.0x000000001a10daa8.run;org/weakref/nitro/operator/GroupOperator.lambda$next$6;org/weakref/nitro/operator/Batch.close;org/weakref/nitro/operator/BatchBufferScope.release;org/weakref/nitro/data/Allocator.release;org/weakref/nitro/data/Allocator$ContextState.releaseMask;java/util/TreeMap.computeIfAbsent;java/util/TreeMap.callMappingFunctionWithCheck;org/weakref/nitro/data/Allocator$ContextState$$Lambda.0x000000001a122c88.apply;org/weakref/nitro/data/Allocator$ContextState.lambda$releaseMask$0;java.util.ArrayDeque_[i] 1
java/lang/Thread.run;java/lang/Thread.runWith;java/util/concurrent/ThreadPoolExecutor$Worker.run;java/util/concurrent/ThreadPoolExecutor.runWorker;java/util/concurrent/FutureTask.run;java/util/concurrent/Executors$RunnableAdapter.call;java/util/concurrent/FutureTask.run;org/openjdk/jmh/runner/BenchmarkHandler$BenchmarkTask.call;org/openjdk/jmh/runner/BenchmarkHandler$BenchmarkTask.call;java/lang/reflect/Method.invoke;jdk/internal/reflect/DirectMethodHandleAccessor.invoke;jdk/internal/reflect/DirectMethodHandleAccessor.invokeImpl;java/lang/invoke/LambdaForm$MH.0x000000001a061400.invokeExact_MT;java/lang/invoke/LambdaForm$MH.0x000000001a061000.invoke;java/lang/invoke/DirectMethodHandle$Holder.invokeSpecial;org/weakref/nitro/clickbench/jmh_generated/BenchmarkQueries_query17_jmhTest.query17_AverageTime;org/weakref/nitro/clickbench/jmh_generated/BenchmarkQueries_query17_jmhTest.query17_avgt_jmhStub;org/weakref/nitro/clickbench/BenchmarkQueries.query17;org/weakref/nitro/clickbench/BenchmarkQueries.consume;org/weakref/nitro/operator/TopNOperator.next;org/weakref/nitro/operator/TopNOperator.computeTopN;org/weakref/nitro/operator/GroupedAggregationOperator.next;org/weakref/nitro/operator/GroupedAggregationOperator.computeResults;org/weakref/nitro/operator/Output.borrow;org/weakref/nitro/operator/GroupOperator$$Lambda.0x000000001a10c218.apply;org/weakref/nitro/operator/GroupOperator.lambda$next$0;org/weakref/nitro/operator/GroupOperator.groupIds;org/weakref/nitro/operator/GroupOperator.doGroupingIfNeeded;org/weakref/nitro/operator/GroupingState.assignGroups;org/weakref/nitro/operator/GroupingState.reserveFlatGroupingLookahead;org/weakref/nitro/operator/FlatGroupingTable.ensureCapacity;org/weakref/nitro/operator/FlatGroupingTable.rehash;org/weakref/nitro/data/PrimitiveArrayPool.borrowBytes;byte[]_[i] 11
java/lang/Thread.run;java/lang/Thread.runWith;java/util/concurrent/ThreadPoolExecutor$Worker.run;java/util/concurrent/ThreadPoolExecutor.runWorker;java/util/concurrent/FutureTask.run;java/util/concurrent/Executors$RunnableAdapter.call;java/util/concurrent/FutureTask.run;org/openjdk/jmh/runner/BenchmarkHandler$BenchmarkTask.call;org/openjdk/jmh/runner/BenchmarkHandler$BenchmarkTask.call;java/lang/reflect/Method.invoke;jdk/internal/reflect/DirectMethodHandleAccessor.invoke;jdk/internal/reflect/DirectMethodHandleAccessor.invokeImpl;java/lang/invoke/LambdaForm$MH.0x000000001a061400.invokeExact_MT;java/lang/invoke/LambdaForm$MH.0x000000001a061000.invoke;java/lang/invoke/DirectMethodHandle$Holder.invokeSpecial;org/weakref/nitro/clickbench/jmh_generated/BenchmarkQueries_query17_jmhTest.query17_AverageTime;org/weakref/nitro/clickbench/jmh_generated/BenchmarkQueries_query17_jmhTest.query17_avgt_jmhStub;org/weakref/nitro/clickbench/BenchmarkQueries.query17;org/weakref/nitro/clickbench/BenchmarkQueries.consume;org/weakref/nitro/operator/TopNOperator.next;org/weakref/nitro/operator/TopNOperator.computeTopN;org/weakref/nitro/operator/GroupedAggregationOperator.next;org/weakref/nitro/operator/GroupedAggregationOperator.computeResults;org/weakref/nitro/operator/Output.borrow;org/weakref/nitro/operator/GroupOperator$$Lambda.0x000000001a10c218.apply;org/weakref/nitro/operator/GroupOperator.lambda$next$0;org/weakref/nitro/operator/GroupOperator.groupIds;org/weakref/nitro/operator/GroupOperator.doGroupingIfNeeded;org/weakref/nitro/operator/GroupingState.assignGroups;org/weakref/nitro/operator/GroupingState.assignFlatGroups;org/weakref/nitro/operator/FlatGroupingTable.beginBatch;org/weakref/nitro/operator/FlatKeyLayout.beginBatch;org/weakref/nitro/operator/FlatKeyLayout.internDictionaryEntries;org/weakref/nitro/operator/ValueIdInterner.intern;org/weakref/nitro/operator/ValueIdInterner.store;java/util/Arrays.copyOf;long[]_[i] 4
java/lang/Thread.run;java/lang/Thread.runWith;java/util/concurrent/ThreadPoolExecutor$Worker.run;java/util/concurrent/ThreadPoolExecutor.runWorker;java/util/concurrent/FutureTask.run;java/util/concurrent/Executors$RunnableAdapter.call;java/util/concurrent/FutureTask.run;org/openjdk/jmh/runner/BenchmarkHandler$BenchmarkTask.call;org/openjdk/jmh/runner/BenchmarkHandler$BenchmarkTask.call;java/lang/reflect/Method.invoke;jdk/internal/reflect/DirectMethodHandleAccessor.invoke;jdk/internal/reflect/DirectMethodHandleAccessor.invokeImpl;java/lang/invoke/LambdaForm$MH.0x000000001a061400.invokeExact_MT;java/lang/invoke/LambdaForm$MH.0x000000001a061000.invoke;java/lang/invoke/DirectMethodHandle$Holder.invokeSpecial;org/weakref/nitro/clickbench/jmh_generated/BenchmarkQueries_query17_jmhTest.query17_AverageTime;org/weakref/nitro/clickbench/jmh_generated/BenchmarkQueries_query17_jmhTest.query17_avgt_jmhStub;org/weakref/nitro/clickbench/BenchmarkQueries.query17;org/weakref/nitro/clickbench/ClickBenchHitsSupport.query17;org/weakref/nitro/clickbench/ClickBenchHitsSupport.clickBenchScan;org/weakref/nitro/operator/NitroParquetScanOperator.<init>;java/util/stream/ReferencePipeline.toArray;java/util/stream/AbstractPipeline.evaluateToArrayNode;java/util/stream/AbstractPipeline.evaluate;java/util/stream/AbstractPipeline.wrapAndCopyInto;java/util/stream/AbstractPipeline.copyInto;java/util/AbstractList$RandomAccessSpliterator.forEachRemaining;java/util/stream/ReferencePipeline$3$1.accept;org/weakref/nitro/operator/NitroParquetScanOperator$$Lambda.0x000000001a083cc0.apply;org/weakref/nitro/parquet/ParquetFile.open;org/weakref/nitro/parquet/ParquetFile.<init>;org/apache/parquet/format/Util.readFileMetaData;org/apache/parquet/format/Util.readFileMetaData;org/apache/parquet/format/Util.read;org/apache/parquet/format/FileMetaData.read;org/apache/parquet/format/FileMetaData$FileMetaDataStandardScheme.read;org/apache/parquet/format/FileMetaData$FileMetaDataStandardScheme.read;org/apache/parquet/format/RowGroup.read;org/apache/parquet/format/RowGroup$RowGroupStandardScheme.read;org/apache/parquet/format/RowGroup$RowGroupStandardScheme.read;org/apache/parquet/format/ColumnChunk.read;org/apache/parquet/format/ColumnChunk$ColumnChunkStandardScheme.read;org/apache/parquet/format/ColumnChunk$ColumnChunkStandardScheme.read;org/apache/parquet/format/ColumnMetaData.read;org/apache/parquet/format/ColumnMetaData$ColumnMetaDataStandardScheme.read;org/apache/parquet/format/ColumnMetaData$ColumnMetaDataStandardScheme.read;org/apache/parquet/format/InterningProtocol.readListBegin;shaded/parquet/org/apache/thrift/protocol/TCompactProtocol.readListBegin;shaded.parquet.org.apache.thrift.protocol.TList_[i] 3
java/lang/Thread.run;java/lang/Thread.runWith;java/util/concurrent/ThreadPoolExecutor$Worker.run;java/util/concurrent/ThreadPoolExecutor.runWorker;java/util/concurrent/FutureTask.run;java/util/concurrent/Executors$RunnableAdapter.call;java/util/concurrent/FutureTask.run;org/openjdk/jmh/runner/BenchmarkHandler$BenchmarkTask.call;org/openjdk/jmh/runner/BenchmarkHandler$BenchmarkTask.call;java/lang/reflect/Method.invoke;jdk/internal/reflect/DirectMethodHandleAccessor.invoke;jdk/internal/reflect/DirectMethodHandleAccessor.invokeImpl;java/lang/invoke/LambdaForm$MH.0x000000001a061400.invokeExact_MT;java/lang/invoke/LambdaForm$MH.0x000000001a061000.invoke;java/lang/invoke/DirectMethodHandle$Holder.invokeSpecial;org/weakref/nitro/clickbench/jmh_generated/BenchmarkQueries_query17_jmhTest.query17_AverageTime;org/weakref/nitro/clickbench/jmh_generated/BenchmarkQueries_query17_jmhTest.query17_avgt_jmhStub;org/weakref/nitro/clickbench/BenchmarkQueries.query17;org/weakref/nitro/clickbench/BenchmarkQueries.consume;org/weakref/nitro/operator/TopNOperator.next;org/weakref/nitro/operator/TopNOperator.computeTopN;org/weakref/nitro/operator/GroupedAggregationOperator.next;org/weakref/nitro/operator/GroupedAggregationOperator.computeResults;org/weakref/nitro/operator/Batch.close;org/weakref/nitro/operator/GroupOperator$$Lambda.0x000000001a10daa8.run;org/weakref/nitro/operator/GroupOperator.lambda$next$6;org/weakref/nitro/operator/Batch.close;org/weakref/nitro/operator/Output.close;org/weakref/nitro/operator/Output.release;org/weakref/nitro/operator/BatchBufferOwner.accept;org/weakref/nitro/operator/BatchBufferOwner.accept;org/weakref/nitro/operator/NitroParquetScanOperator$ScanOutputResolver.release;org/weakref/nitro/operator/BatchBufferScope.release;org/weakref/nitro/data/Allocator.release;org/weakref/nitro/data/Allocator.releaseVectorTree;org/weakref/nitro/data/Allocator.releaseVector;org/weakref/nitro/data/Allocator$ContextState.releaseVector;org/weakref/nitro/data/Allocator$ContextState.addVectorToPool;java/util/HashMap.computeIfAbsent;org/weakref/nitro/data/Allocator$ContextState$$Lambda.0x000000001a112170.apply;org/weakref/nitro/data/Allocator$ContextState.lambda$addVectorToPool$0;java.util.TreeMap_[i] 1
java/lang/Thread.run;java/lang/Thread.runWith;java/util/concurrent/ThreadPoolExecutor$Worker.run;java/util/concurrent/ThreadPoolExecutor.runWorker;java/util/concurrent/FutureTask.run;java/util/concurrent/Executors$RunnableAdapter.call;java/util/concurrent/FutureTask.run;org/openjdk/jmh/runner/BenchmarkHandler$BenchmarkTask.call;org/openjdk/jmh/runner/BenchmarkHandler$BenchmarkTask.call;java/lang/reflect/Method.invoke;jdk/internal/reflect/DirectMethodHandleAccessor.invoke;jdk/internal/reflect/DirectMethodHandleAccessor.invokeImpl;java/lang/invoke/LambdaForm$MH.0x000000001a061400.invokeExact_MT;java/lang/invoke/LambdaForm$MH.0x000000001a061000.invoke;java/lang/invoke/DirectMethodHandle$Holder.invokeSpecial;org/weakref/nitro/clickbench/jmh_generated/BenchmarkQueries_query17_jmhTest.query17_AverageTime;org/weakref/nitro/clickbench/jmh_generated/BenchmarkQueries_query17_jmhTest.query17_avgt_jmhStub;org/weakref/nitro/clickbench/BenchmarkQueries.query17;org/weakref/nitro/clickbench/BenchmarkQueries.consume;org/weakref/nitro/operator/TopNOperator.next;org/weakref/nitro/operator/TopNOperator.computeTopN;org/weakref/nitro/operator/GroupedAggregationOperator.next;org/weakref/nitro/operator/GroupedAggregationOperator.computeResults;org/weakref/nitro/operator/Output.borrow;org/weakref/nitro/operator/GroupOperator$$Lambda.0x000000001a10c218.apply;org/weakref/nitro/operator/GroupOperator.lambda$next$0;org/weakref/nitro/operator/GroupOperator.groupIds;org/weakref/nitro/operator/GroupOperator.doGroupingIfNeeded;org/weakref/nitro/operator/Output.borrow;org/weakref/nitro/operator/NitroParquetScanOperator$ScanOutputResolver$$Lambda.0x000000001a0ab190.apply;org/weakref/nitro/operator/NitroParquetScanOperator$ScanOutputResolver.resolve;org/weakref/nitro/operator/NitroParquetScanOperator.resolveLazyColumn;org/weakref/nitro/operator/NitroParquetScanOperator.decodeFullColumn;org/weakref/nitro/parquet/ColumnReader.readBinary;org/weakref/nitro/parquet/ColumnReader.readBinaryDirect;org/weakref/nitro/data/Allocator.release;org/weakref/nitro/data/Allocator.releaseVectorTree;org/weakref/nitro/data/Allocator.releaseVector;org/weakref/nitro/data/Allocator$ContextState.releaseVector;org/weakref/nitro/data/Allocator$ContextState.addVectorToPool;java/lang/Integer.valueOf;java.lang.Integer_[i] 1
java/lang/Thread.run;java/lang/Thread.runWith;java/util/concurrent/ThreadPoolExecutor$Worker.run;java/util/concurrent/ThreadPoolExecutor.runWorker;java/util/concurrent/FutureTask.run;java/util/concurrent/Executors$RunnableAdapter.call;java/util/concurrent/FutureTask.run;org/openjdk/jmh/runner/BenchmarkHandler$BenchmarkTask.call;org/openjdk/jmh/runner/BenchmarkHandler$BenchmarkTask.call;java/lang/reflect/Method.invoke;jdk/internal/reflect/DirectMethodHandleAccessor.invoke;jdk/internal/reflect/DirectMethodHandleAccessor.invokeImpl;java/lang/invoke/LambdaForm$MH.0x000000001a061400.invokeExact_MT;java/lang/invoke/LambdaForm$MH.0x000000001a061000.invoke;java/lang/invoke/DirectMethodHandle$Holder.invokeSpecial;org/weakref/nitro/clickbench/jmh_generated/BenchmarkQueries_query17_jmhTest.query17_AverageTime;org/weakref/nitro/clickbench/jmh_generated/BenchmarkQueries_query17_jmhTest.query17_avgt_jmhStub;org/weakref/nitro/clickbench/BenchmarkQueries.query17;org/weakref/nitro/clickbench/ClickBenchHitsSupport.query17;org/weakref/nitro/clickbench/ClickBenchHitsSupport.clickBenchScan;org/weakref/nitro/operator/NitroParquetScanOperator.<init>;java/util/stream/ReferencePipeline.toArray;java/util/stream/AbstractPipeline.evaluateToArrayNode;java/util/stream/AbstractPipeline.evaluate;java/util/stream/AbstractPipeline.wrapAndCopyInto;java/util/stream/AbstractPipeline.copyInto;java/util/AbstractList$RandomAccessSpliterator.forEachRemaining;java/util/stream/ReferencePipeline$3$1.accept;org/weakref/nitro/operator/NitroParquetScanOperator$$Lambda.0x000000001a083cc0.apply;org/weakref/nitro/parquet/ParquetFile.open;org/weakref/nitro/parquet/ParquetFile.<init>;org/apache/parquet/format/Util.readFileMetaData;org/apache/parquet/format/Util.readFileMetaData;org/apache/parquet/format/Util.read;org/apache/parquet/format/FileMetaData.read;org/apache/parquet/format/FileMetaData$FileMetaDataStandardScheme.read;org/apache/parquet/format/FileMetaData$FileMetaDataStandardScheme.read;shaded/parquet/org/apache/thrift/TUnion.read;shaded/parquet/org/apache/thrift/TUnion$TUnionStandardScheme.read;shaded/parquet/org/apache/thrift/TUnion$TUnionStandardScheme.read;org/apache/parquet/format/InterningProtocol.readFieldBegin;shaded/parquet/org/apache/thrift/protocol/TCompactProtocol.readFieldBegin;shaded.parquet.org.apache.thrift.protocol.TField_[i] 2
java/lang/Thread.run;java/lang/Thread.runWith;java/util/concurrent/ThreadPoolExecutor$Worker.run;java/util/concurrent/ThreadPoolExecutor.runWorker;java/util/concurrent/FutureTask.run;java/util/concurrent/Executors$RunnableAdapter.call;java/util/concurrent/FutureTask.run;org/openjdk/jmh/runner/BenchmarkHandler$BenchmarkTask.call;org/openjdk/jmh/runner/BenchmarkHandler$BenchmarkTask.call;java/lang/reflect/Method.invoke;jdk/internal/reflect/DirectMethodHandleAccessor.invoke;jdk/internal/reflect/DirectMethodHandleAccessor.invokeImpl;java/lang/invoke/LambdaForm$MH.0x000000001a061400.invokeExact_MT;java/lang/invoke/LambdaForm$MH.0x000000001a061000.invoke;java/lang/invoke/DirectMethodHandle$Holder.invokeSpecial;org/weakref/nitro/clickbench/jmh_generated/BenchmarkQueries_query17_jmhTest.query17_AverageTime;org/weakref/nitro/clickbench/jmh_generated/BenchmarkQueries_query17_jmhTest.query17_avgt_jmhStub;org/weakref/nitro/clickbench/BenchmarkQueries.query17;org/weakref/nitro/clickbench/BenchmarkQueries.consume;org/weakref/nitro/operator/TopNOperator.next;org/weakref/nitro/operator/TopNOperator.computeTopN;org/weakref/nitro/operator/GroupedAggregationOperator.next;org/weakref/nitro/operator/GroupedAggregationOperator.computeResults;org/weakref/nitro/operator/GroupOperator.next;java/lang/invoke/Invokers$Holder.linkToTargetMethod;java/lang/invoke/DirectMethodHandle$Holder.newInvokeSpecial;java/lang/invoke/DirectMethodHandle.allocateInstance;org.weakref.nitro.operator.GroupOperator$$Lambda.0x000000001a10daa8_[i] 1
java/lang/Thread.run;java/lang/Thread.runWith;java/util/concurrent/ThreadPoolExecutor$Worker.run;java/util/concurrent/ThreadPoolExecutor.runWorker;java/util/concurrent/FutureTask.run;java/util/concurrent/Executors$RunnableAdapter.call;java/util/concurrent/FutureTask.run;org/openjdk/jmh/runner/BenchmarkHandler$BenchmarkTask.call;org/openjdk/jmh/runner/BenchmarkHandler$BenchmarkTask.call;java/lang/reflect/Method.invoke;jdk/internal/reflect/DirectMethodHandleAccessor.invoke;jdk/internal/reflect/DirectMethodHandleAccessor.invokeImpl;java/lang/invoke/LambdaForm$MH.0x000000001a061400.invokeExact_MT;java/lang/invoke/LambdaForm$MH.0x000000001a061000.invoke;java/lang/invoke/DirectMethodHandle$Holder.invokeSpecial;org/weakref/nitro/clickbench/jmh_generated/BenchmarkQueries_query17_jmhTest.query17_AverageTime;org/weakref/nitro/clickbench/jmh_generated/BenchmarkQueries_query17_jmhTest.query17_avgt_jmhStub;org/weakref/nitro/clickbench/BenchmarkQueries.query17;org/weakref/nitro/clickbench/BenchmarkQueries.consume;org/weakref/nitro/operator/TopNOperator.next;org/weakref/nitro/operator/TopNOperator.computeTopN;org/weakref/nitro/operator/GroupedAggregationOperator.next;org/weakref/nitro/operator/GroupedAggregationOperator.computeResults;org/weakref/nitro/operator/Output.borrow;org/weakref/nitro/operator/GroupOperator$$Lambda.0x000000001a10c218.apply;org/weakref/nitro/operator/GroupOperator.lambda$next$0;org/weakref/nitro/operator/GroupOperator.groupIds;org/weakref/nitro/operator/GroupOperator.doGroupingIfNeeded;org/weakref/nitro/operator/Output.borrow;org/weakref/nitro/operator/NitroParquetScanOperator$ScanOutputResolver$$Lambda.0x000000001a0ab190.apply;org/weakref/nitro/operator/NitroParquetScanOperator$ScanOutputResolver.resolve;org/weakref/nitro/operator/NitroParquetScanOperator.resolveLazyColumn;org/weakref/nitro/operator/NitroParquetScanOperator.decodeFullColumn;org/weakref/nitro/parquet/ColumnReader.readLongs;org/weakref/nitro/parquet/ColumnReader.decodeNextDataPage;org/weakref/nitro/parquet/ColumnReader.readPageHeader;org/apache/parquet/format/Util.readPageHeader;org/apache/parquet/format/Util.readPageHeader;org/apache/parquet/format/Util.read;org/apache/parquet/format/PageHeader.read;org/apache/parquet/format/PageHeader$PageHeaderStandardScheme.read;org/apache/parquet/format/PageHeader$PageHeaderStandardScheme.read;org.apache.parquet.format.DataPageHeader_[i] 1
java/lang/Thread.run;java/lang/Thread.runWith;java/util/concurrent/ThreadPoolExecutor$Worker.run;java/util/concurrent/ThreadPoolExecutor.runWorker;java/util/concurrent/FutureTask.run;java/util/concurrent/Executors$RunnableAdapter.call;java/util/concurrent/FutureTask.run;org/openjdk/jmh/runner/BenchmarkHandler$BenchmarkTask.call;org/openjdk/jmh/runner/BenchmarkHandler$BenchmarkTask.call;java/lang/reflect/Method.invoke;jdk/internal/reflect/DirectMethodHandleAccessor.invoke;jdk/internal/reflect/DirectMethodHandleAccessor.invokeImpl;java/lang/invoke/LambdaForm$MH.0x000000001a061400.invokeExact_MT;java/lang/invoke/LambdaForm$MH.0x000000001a061000.invoke;java/lang/invoke/DirectMethodHandle$Holder.invokeSpecial;org/weakref/nitro/clickbench/jmh_generated/BenchmarkQueries_query17_jmhTest.query17_AverageTime;org/weakref/nitro/clickbench/jmh_generated/BenchmarkQueries_query17_jmhTest.query17_avgt_jmhStub;org/weakref/nitro/clickbench/BenchmarkQueries.query17;org/weakref/nitro/clickbench/ClickBenchHitsSupport.query17;org/weakref/nitro/clickbench/ClickBenchHitsSupport.clickBenchScan;org/weakref/nitro/operator/NitroParquetScanOperator.<init>;java/util/stream/ReferencePipeline.toArray;java/util/stream/AbstractPipeline.evaluateToArrayNode;java/util/stream/AbstractPipeline.evaluate;java/util/stream/AbstractPipeline.wrapAndCopyInto;java/util/stream/AbstractPipeline.copyInto;java/util/AbstractList$RandomAccessSpliterator.forEachRemaining;java/util/stream/ReferencePipeline$3$1.accept;org/weakref/nitro/operator/NitroParquetScanOperator$$Lambda.0x000000001a083cc0.apply;org/weakref/nitro/parquet/ParquetFile.open;org/weakref/nitro/parquet/ParquetFile.<init>;org/apache/parquet/format/Util.readFileMetaData;org/apache/parquet/format/Util.readFileMetaData;org/apache/parquet/format/Util.read;org/apache/parquet/format/FileMetaData.read;org/apache/parquet/format/FileMetaData$FileMetaDataStandardScheme.read;org/apache/parquet/format/FileMetaData$FileMetaDataStandardScheme.read;org/apache/parquet/format/RowGroup.read;org/apache/parquet/format/RowGroup$RowGroupStandardScheme.read;org/apache/parquet/format/RowGroup$RowGroupStandardScheme.read;org/apache/parquet/format/ColumnChunk.read;org/apache/parquet/format/ColumnChunk$ColumnChunkStandardScheme.read;org/apache/parquet/format/ColumnChunk$ColumnChunkStandardScheme.read;org.apache.parquet.format.ColumnMetaData_[i] 23
java/lang/Thread.run;java/lang/Thread.runWith;java/util/concurrent/ThreadPoolExecutor$Worker.run;java/util/concurrent/ThreadPoolExecutor.runWorker;java/util/concurrent/FutureTask.run;java/util/concurrent/Executors$RunnableAdapter.call;java/util/concurrent/FutureTask.run;org/openjdk/jmh/runner/BenchmarkHandler$BenchmarkTask.call;org/openjdk/jmh/runner/BenchmarkHandler$BenchmarkTask.call;java/lang/reflect/Method.invoke;jdk/internal/reflect/DirectMethodHandleAccessor.invoke;jdk/internal/reflect/DirectMethodHandleAccessor.invokeImpl;java/lang/invoke/LambdaForm$MH.0x000000001a061400.invokeExact_MT;java/lang/invoke/LambdaForm$MH.0x000000001a061000.invoke;java/lang/invoke/DirectMethodHandle$Holder.invokeSpecial;org/weakref/nitro/clickbench/jmh_generated/BenchmarkQueries_query17_jmhTest.query17_AverageTime;org/weakref/nitro/clickbench/jmh_generated/BenchmarkQueries_query17_jmhTest.query17_avgt_jmhStub;org/weakref/nitro/clickbench/BenchmarkQueries.query17;org/weakref/nitro/clickbench/ClickBenchHitsSupport.query17;org/weakref/nitro/clickbench/ClickBenchHitsSupport.clickBenchScan;org/weakref/nitro/operator/NitroParquetScanOperator.<init>;java/util/stream/ReferencePipeline.toArray;java/util/stream/AbstractPipeline.evaluateToArrayNode;java/util/stream/AbstractPipeline.evaluate;java/util/stream/AbstractPipeline.wrapAndCopyInto;java/util/stream/AbstractPipeline.copyInto;java/util/AbstractList$RandomAccessSpliterator.forEachRemaining;java/util/stream/ReferencePipeline$3$1.accept;org/weakref/nitro/operator/NitroParquetScanOperator$$Lambda.0x000000001a083cc0.apply;org/weakref/nitro/parquet/ParquetFile.open;org/weakref/nitro/parquet/ParquetFile.<init>;org/apache/parquet/format/Util.readFileMetaData;org/apache/parquet/format/Util.readFileMetaData;org/apache/parquet/format/Util.read;org/apache/parquet/format/FileMetaData.read;org/apache/parquet/format/FileMetaData$FileMetaDataStandardScheme.read;org/apache/parquet/format/FileMetaData$FileMetaDataStandardScheme.read;org/apache/parquet/format/RowGroup.read;org/apache/parquet/format/RowGroup$RowGroupStandardScheme.read;org/apache/parquet/format/RowGroup$RowGroupStandardScheme.read;org/apache/parquet/format/ColumnChunk.read;org/apache/parquet/format/ColumnChunk$ColumnChunkStandardScheme.read;org/apache/parquet/format/ColumnChunk$ColumnChunkStandardScheme.read;org/apache/parquet/format/ColumnMetaData.read;org/apache/parquet/format/ColumnMetaData$ColumnMetaDataStandardScheme.read;org/apache/parquet/format/ColumnMetaData$ColumnMetaDataStandardScheme.read;org/apache/parquet/format/Statistics.read;org/apache/parquet/format/Statistics$StatisticsStandardScheme.read;org/apache/parquet/format/Statistics$StatisticsStandardScheme.read;org/apache/parquet/format/InterningProtocol.readBinary;shaded/parquet/org/apache/thrift/protocol/TCompactProtocol.readBinary;byte[]_[i] 2
java/lang/Thread.run;java/lang/Thread.runWith;java/util/concurrent/ThreadPoolExecutor$Worker.run;java/util/concurrent/ThreadPoolExecutor.runWorker;java/util/concurrent/FutureTask.run;java/util/concurrent/Executors$RunnableAdapter.call;java/util/concurrent/FutureTask.run;org/openjdk/jmh/runner/BenchmarkHandler$BenchmarkTask.call;org/openjdk/jmh/runner/BenchmarkHandler$BenchmarkTask.call;java/lang/reflect/Method.invoke;jdk/internal/reflect/DirectMethodHandleAccessor.invoke;jdk/internal/reflect/DirectMethodHandleAccessor.invokeImpl;java/lang/invoke/LambdaForm$MH.0x000000001a061400.invokeExact_MT;java/lang/invoke/LambdaForm$MH.0x000000001a061000.invoke;java/lang/invoke/DirectMethodHandle$Holder.invokeSpecial;org/weakref/nitro/clickbench/jmh_generated/BenchmarkQueries_query17_jmhTest.query17_AverageTime;org/weakref/nitro/clickbench/jmh_generated/BenchmarkQueries_query17_jmhTest.query17_avgt_jmhStub;org/weakref/nitro/clickbench/BenchmarkQueries.query17;org/weakref/nitro/clickbench/BenchmarkQueries.consume;org/weakref/nitro/operator/TopNOperator.next;org/weakref/nitro/operator/TopNOperator.computeTopN;org/weakref/nitro/operator/GroupedAggregationOperator.next;org/weakref/nitro/operator/GroupedAggregationOperator.computeResults;org/weakref/nitro/operator/GroupOperator.next;java/lang/invoke/Invokers$Holder.linkToTargetMethod;java/lang/invoke/DirectMethodHandle$Holder.newInvokeSpecial;java/lang/invoke/DirectMethodHandle.allocateInstance;org.weakref.nitro.operator.GroupOperator$$Lambda.0x000000001a10d1b0_[i] 1
java/lang/Thread.run;java/lang/Thread.runWith;java/util/concurrent/ThreadPoolExecutor$Worker.run;java/util/concurrent/ThreadPoolExecutor.runWorker;java/util/concurrent/FutureTask.run;java/util/concurrent/Executors$RunnableAdapter.call;java/util/concurrent/FutureTask.run;org/openjdk/jmh/runner/BenchmarkHandler$BenchmarkTask.call;org/openjdk/jmh/runner/BenchmarkHandler$BenchmarkTask.call;java/lang/reflect/Method.invoke;jdk/internal/reflect/DirectMethodHandleAccessor.invoke;jdk/internal/reflect/DirectMethodHandleAccessor.invokeImpl;java/lang/invoke/LambdaForm$MH.0x000000001a061400.invokeExact_MT;java/lang/invoke/LambdaForm$MH.0x000000001a061000.invoke;java/lang/invoke/DirectMethodHandle$Holder.invokeSpecial;org/weakref/nitro/clickbench/jmh_generated/BenchmarkQueries_query17_jmhTest.query17_AverageTime;org/weakref/nitro/clickbench/jmh_generated/BenchmarkQueries_query17_jmhTest.query17_avgt_jmhStub;org/weakref/nitro/clickbench/BenchmarkQueries.query17;org/weakref/nitro/clickbench/BenchmarkQueries.consume;org/weakref/nitro/operator/TopNOperator.next;org/weakref/nitro/operator/TopNOperator.computeTopN;org/weakref/nitro/operator/GroupedAggregationOperator.next;org/weakref/nitro/operator/GroupedAggregationOperator.computeResults;org/weakref/nitro/operator/Output.borrow;org/weakref/nitro/operator/GroupOperator$$Lambda.0x000000001a10c218.apply;org/weakref/nitro/operator/GroupOperator.lambda$next$0;org/weakref/nitro/operator/GroupOperator.groupIds;org/weakref/nitro/operator/GroupOperator.doGroupingIfNeeded;org/weakref/nitro/operator/Output.borrow;org/weakref/nitro/operator/NitroParquetScanOperator$ScanOutputResolver$$Lambda.0x000000001a0ab190.apply;org/weakref/nitro/operator/NitroParquetScanOperator$ScanOutputResolver.resolve;org/weakref/nitro/operator/NitroParquetScanOperator.resolveLazyColumn;org/weakref/nitro/operator/NitroParquetScanOperator.decodeFullColumn;org/weakref/nitro/parquet/ColumnReader.readBinary;org/weakref/nitro/parquet/ColumnReader.readBinaryDirect;org/weakref/nitro/parquet/ColumnReader.decodeNextDataPage;org/weakref/nitro/parquet/ColumnReader.readPageHeader;org/apache/parquet/format/Util.readPageHeader;org/apache/parquet/format/Util.readPageHeader;org/apache/parquet/format/MetadataValidator.validate;java/lang/String.format;java/util/Formatter.format;java/util/Formatter.format;java/util/Formatter$FormatSpecifier.print;java/util/Formatter$FormatSpecifier.printString;java/util/Formatter$FormatSpecifier.print;java/util/Formatter$FormatSpecifier.appendJustified;java/lang/StringBuilder.append;java/lang/StringBuilder.append;java/lang/AbstractStringBuilder.append;java/lang/StringBuilder.append;java/lang/StringBuilder.append;java/lang/AbstractStringBuilder.append;java/lang/AbstractStringBuilder.ensureCapacityNewCoder;java/util/Arrays.copyOf;byte[]_[i] 1
java/lang/Thread.run;java/lang/Thread.runWith;java/util/concurrent/ThreadPoolExecutor$Worker.run;java/util/concurrent/ThreadPoolExecutor.runWorker;java/util/concurrent/FutureTask.run;java/util/concurrent/Executors$RunnableAdapter.call;java/util/concurrent/FutureTask.run;org/openjdk/jmh/runner/BenchmarkHandler$BenchmarkTask.call;org/openjdk/jmh/runner/BenchmarkHandler$BenchmarkTask.call;java/lang/reflect/Method.invoke;jdk/internal/reflect/DirectMethodHandleAccessor.invoke;jdk/internal/reflect/DirectMethodHandleAccessor.invokeImpl;java/lang/invoke/LambdaForm$MH.0x000000001a061400.invokeExact_MT;java/lang/invoke/LambdaForm$MH.0x000000001a061000.invoke;java/lang/invoke/DirectMethodHandle$Holder.invokeSpecial;org/weakref/nitro/clickbench/jmh_generated/BenchmarkQueries_query17_jmhTest.query17_AverageTime;org/weakref/nitro/clickbench/jmh_generated/BenchmarkQueries_query17_jmhTest.query17_avgt_jmhStub;org/weakref/nitro/clickbench/BenchmarkQueries.query17;org/weakref/nitro/clickbench/BenchmarkQueries.consume;org/weakref/nitro/operator/TopNOperator.next;org/weakref/nitro/operator/TopNOperator.computeTopN;org/weakref/nitro/operator/GroupedAggregationOperator.next;org/weakref/nitro/operator/GroupedAggregationOperator.computeResults;org/weakref/nitro/operator/Output.borrow;org/weakref/nitro/operator/GroupOperator$$Lambda.0x000000001a10c218.apply;org/weakref/nitro/operator/GroupOperator.lambda$next$0;org/weakref/nitro/operator/GroupOperator.groupIds;org/weakref/nitro/operator/GroupOperator.doGroupingIfNeeded;org/weakref/nitro/operator/GroupingState.assignGroups;org/weakref/nitro/operator/GroupingState.assignFlatGroups;org/weakref/nitro/operator/FlatGroupingTable.beginBatch;org/weakref/nitro/operator/FlatKeyLayout.beginBatch;org/weakref/nitro/operator/FlatKeyLayout.internDictionaryEntries;org/weakref/nitro/operator/ValueIdInterner.intern;org/weakref/nitro/operator/ValueIdInterner.growSlots;byte[]_[i] 1
java/lang/Thread.run;java/lang/Thread.runWith;java/util/concurrent/ThreadPoolExecutor$Worker.run;java/util/concurrent/ThreadPoolExecutor.runWorker;java/util/concurrent/FutureTask.run;java/util/concurrent/Executors$RunnableAdapter.call;java/util/concurrent/FutureTask.run;org/openjdk/jmh/runner/BenchmarkHandler$BenchmarkTask.call;org/openjdk/jmh/runner/BenchmarkHandler$BenchmarkTask.call;java/lang/reflect/Method.invoke;jdk/internal/reflect/DirectMethodHandleAccessor.invoke;jdk/internal/reflect/DirectMethodHandleAccessor.invokeImpl;java/lang/invoke/LambdaForm$MH.0x000000001a061400.invokeExact_MT;java/lang/invoke/LambdaForm$MH.0x000000001a061000.invoke;java/lang/invoke/DirectMethodHandle$Holder.invokeSpecial;org/weakref/nitro/clickbench/jmh_generated/BenchmarkQueries_query17_jmhTest.query17_AverageTime;org/weakref/nitro/clickbench/jmh_generated/BenchmarkQueries_query17_jmhTest.query17_avgt_jmhStub;org/weakref/nitro/clickbench/BenchmarkQueries.query17;org/weakref/nitro/clickbench/ClickBenchHitsSupport.query17;org/weakref/nitro/clickbench/ClickBenchHitsSupport.clickBenchScan;org/weakref/nitro/operator/NitroParquetScanOperator.<init>;java/util/stream/ReferencePipeline.toArray;java/util/stream/AbstractPipeline.evaluateToArrayNode;java/util/stream/AbstractPipeline.evaluate;java/util/stream/AbstractPipeline.wrapAndCopyInto;java/util/stream/AbstractPipeline.copyInto;java/util/AbstractList$RandomAccessSpliterator.forEachRemaining;java/util/stream/ReferencePipeline$3$1.accept;org/weakref/nitro/operator/NitroParquetScanOperator$$Lambda.0x000000001a083cc0.apply;org/weakref/nitro/parquet/ParquetFile.open;org/weakref/nitro/parquet/ParquetFile.<init>;org/apache/parquet/format/Util.readFileMetaData;org/apache/parquet/format/Util.readFileMetaData;org/apache/parquet/format/Util.read;org/apache/parquet/format/FileMetaData.read;org/apache/parquet/format/FileMetaData$FileMetaDataStandardScheme.read;org/apache/parquet/format/FileMetaData$FileMetaDataStandardScheme.read;org/apache/parquet/format/RowGroup.read;org/apache/parquet/format/RowGroup$RowGroupStandardScheme.read;org/apache/parquet/format/RowGroup$RowGroupStandardScheme.read;org/apache/parquet/format/ColumnChunk.read;org/apache/parquet/format/ColumnChunk$ColumnChunkStandardScheme.read;org/apache/parquet/format/ColumnChunk$ColumnChunkStandardScheme.read;org/apache/parquet/format/ColumnMetaData.read;org/apache/parquet/format/ColumnMetaData$ColumnMetaDataStandardScheme.read;org/apache/parquet/format/ColumnMetaData$ColumnMetaDataStandardScheme.read;org/apache/parquet/format/Statistics.read;org/apache/parquet/format/Statistics$StatisticsStandardScheme.read;org/apache/parquet/format/Statistics$StatisticsStandardScheme.read;org/apache/parquet/format/InterningProtocol.readBinary;shaded/parquet/org/apache/thrift/protocol/TCompactProtocol.readBinary;java/nio/ByteBuffer.wrap;java/nio/ByteBuffer.wrap;java.nio.HeapByteBuffer_[i] 5
java/lang/Thread.run;java/lang/Thread.runWith;java/util/concurrent/ThreadPoolExecutor$Worker.run;java/util/concurrent/ThreadPoolExecutor.runWorker;java/util/concurrent/FutureTask.run;java/util/concurrent/Executors$RunnableAdapter.call;java/util/concurrent/FutureTask.run;org/openjdk/jmh/runner/BenchmarkHandler$BenchmarkTask.call;org/openjdk/jmh/runner/BenchmarkHandler$BenchmarkTask.call;java/lang/reflect/Method.invoke;jdk/internal/reflect/DirectMethodHandleAccessor.invoke;jdk/internal/reflect/DirectMethodHandleAccessor.invokeImpl;java/lang/invoke/LambdaForm$MH.0x000000001a061400.invokeExact_MT;java/lang/invoke/LambdaForm$MH.0x000000001a061000.invoke;java/lang/invoke/DirectMethodHandle$Holder.invokeSpecial;org/weakref/nitro/clickbench/jmh_generated/BenchmarkQueries_query17_jmhTest.query17_AverageTime;org/weakref/nitro/clickbench/jmh_generated/BenchmarkQueries_query17_jmhTest.query17_avgt_jmhStub;org/weakref/nitro/clickbench/BenchmarkQueries.query17;org/weakref/nitro/clickbench/BenchmarkQueries.consume;org/weakref/nitro/operator/TopNOperator.next;org/weakref/nitro/operator/TopNOperator.computeTopN;org/weakref/nitro/operator/GroupedAggregationOperator.next;org/weakref/nitro/operator/GroupedAggregationOperator.computeResults;org/weakref/nitro/operator/Output.borrow;org/weakref/nitro/operator/GroupOperator$$Lambda.0x000000001a10c218.apply;org/weakref/nitro/operator/GroupOperator.lambda$next$0;org/weakref/nitro/operator/GroupOperator.groupIds;org/weakref/nitro/operator/GroupOperator.doGroupingIfNeeded;org/weakref/nitro/operator/Output.borrow;org/weakref/nitro/operator/NitroParquetScanOperator$ScanOutputResolver$$Lambda.0x000000001a0ab190.apply;org/weakref/nitro/operator/NitroParquetScanOperator$ScanOutputResolver.resolve;org/weakref/nitro/operator/NitroParquetScanOperator.resolveLazyColumn;org/weakref/nitro/operator/NitroParquetScanOperator.decodeFullColumn;org/weakref/nitro/parquet/ColumnReader.readLongs;org/weakref/nitro/parquet/ColumnReader.decodeNextDataPage;org/weakref/nitro/parquet/ColumnReader.decompress;jdk/internal/foreign/MappedMemorySegmentImpl.asSlice;jdk/internal/foreign/MappedMemorySegmentImpl.asSlice;jdk/internal/foreign/AbstractMemorySegmentImpl.asSlice;jdk/internal/foreign/AbstractMemorySegmentImpl.asSliceNoCheck;jdk/internal/foreign/MappedMemorySegmentImpl.dup;jdk/internal/foreign/MappedMemorySegmentImpl.dup;jdk.internal.foreign.MappedMemorySegmentImpl_[i] 1
java/lang/Thread.run;java/lang/Thread.runWith;java/util/concurrent/ThreadPoolExecutor$Worker.run;java/util/concurrent/ThreadPoolExecutor.runWorker;java/util/concurrent/FutureTask.run;java/util/concurrent/Executors$RunnableAdapter.call;java/util/concurrent/FutureTask.run;org/openjdk/jmh/runner/BenchmarkHandler$BenchmarkTask.call;org/openjdk/jmh/runner/BenchmarkHandler$BenchmarkTask.call;java/lang/reflect/Method.invoke;jdk/internal/reflect/DirectMethodHandleAccessor.invoke;jdk/internal/reflect/DirectMethodHandleAccessor.invokeImpl;java/lang/invoke/LambdaForm$MH.0x000000001a061400.invokeExact_MT;java/lang/invoke/LambdaForm$MH.0x000000001a061000.invoke;java/lang/invoke/DirectMethodHandle$Holder.invokeSpecial;org/weakref/nitro/clickbench/jmh_generated/BenchmarkQueries_query17_jmhTest.query17_AverageTime;org/weakref/nitro/clickbench/jmh_generated/BenchmarkQueries_query17_jmhTest.query17_avgt_jmhStub;org/weakref/nitro/clickbench/BenchmarkQueries.query17;org/weakref/nitro/clickbench/BenchmarkQueries.consume;org/weakref/nitro/operator/TopNOperator.next;org/weakref/nitro/operator/TopNOperator.computeTopN;org/weakref/nitro/operator/GroupedAggregationOperator.next;org/weakref/nitro/operator/GroupedAggregationOperator.computeResults;org/weakref/nitro/operator/Output.borrow;org/weakref/nitro/operator/GroupOperator$$Lambda.0x000000001a10c218.apply;org/weakref/nitro/operator/GroupOperator.lambda$next$0;org/weakref/nitro/operator/GroupOperator.groupIds;org/weakref/nitro/operator/GroupOperator.doGroupingIfNeeded;org/weakref/nitro/operator/Output.borrow;org/weakref/nitro/operator/NitroParquetScanOperator$ScanOutputResolver$$Lambda.0x000000001a0ab190.apply;org/weakref/nitro/operator/NitroParquetScanOperator$ScanOutputResolver.resolve;org/weakref/nitro/operator/NitroParquetScanOperator.resolveLazyColumn;org/weakref/nitro/operator/NitroParquetScanOperator.decodeFullColumn;org/weakref/nitro/parquet/ColumnReader.readBinary;org/weakref/nitro/parquet/ColumnReader.readBinaryDirect;org/weakref/nitro/parquet/ColumnReader.decodeNextDataPage;org/weakref/nitro/parquet/ColumnReader.decodeDataPageV1;org/weakref/nitro/parquet/ColumnReader.decodePlainBinary;org/weakref/nitro/parquet/ColumnReader.decodePlainBinaryPresized;org/weakref/nitro/parquet/ColumnReader.ensurePageBytes;org/weakref/nitro/parquet/ColumnReader.growBytes;org/weakref/nitro/data/PrimitiveArrayPool.borrowBytes;byte[]_[i] 4
java/lang/Thread.run;java/lang/Thread.runWith;java/util/concurrent/ThreadPoolExecutor$Worker.run;java/util/concurrent/ThreadPoolExecutor.runWorker;java/util/concurrent/FutureTask.run;java/util/concurrent/Executors$RunnableAdapter.call;java/util/concurrent/FutureTask.run;org/openjdk/jmh/runner/BenchmarkHandler$BenchmarkTask.call;org/openjdk/jmh/runner/BenchmarkHandler$BenchmarkTask.call;java/lang/reflect/Method.invoke;jdk/internal/reflect/DirectMethodHandleAccessor.invoke;jdk/internal/reflect/DirectMethodHandleAccessor.invokeImpl;java/lang/invoke/LambdaForm$MH.0x000000001a061400.invokeExact_MT;java/lang/invoke/LambdaForm$MH.0x000000001a061000.invoke;java/lang/invoke/DirectMethodHandle$Holder.invokeSpecial;org/weakref/nitro/clickbench/jmh_generated/BenchmarkQueries_query17_jmhTest.query17_AverageTime;org/weakref/nitro/clickbench/jmh_generated/BenchmarkQueries_query17_jmhTest.query17_avgt_jmhStub;org/weakref/nitro/clickbench/BenchmarkQueries.query17;org/weakref/nitro/clickbench/ClickBenchHitsSupport.query17;org/weakref/nitro/clickbench/ClickBenchHitsSupport.clickBenchScan;org/weakref/nitro/operator/NitroParquetScanOperator.<init>;java/util/stream/ReferencePipeline.toArray;java/util/stream/AbstractPipeline.evaluateToArrayNode;java/util/stream/AbstractPipeline.evaluate;java/util/stream/AbstractPipeline.wrapAndCopyInto;java/util/stream/AbstractPipeline.copyInto;java/util/AbstractList$RandomAccessSpliterator.forEachRemaining;java/util/stream/ReferencePipeline$3$1.accept;org/weakref/nitro/operator/NitroParquetScanOperator$$Lambda.0x000000001a083cc0.apply;org/weakref/nitro/parquet/ParquetFile.open;org/weakref/nitro/parquet/ParquetFile.<init>;org/apache/parquet/format/Util.readFileMetaData;org/apache/parquet/format/Util.readFileMetaData;org/apache/parquet/format/Util.read;org/apache/parquet/format/FileMetaData.read;org/apache/parquet/format/FileMetaData$FileMetaDataStandardScheme.read;org/apache/parquet/format/FileMetaData$FileMetaDataStandardScheme.read;org/apache/parquet/format/RowGroup.read;org/apache/parquet/format/RowGroup$RowGroupStandardScheme.read;org/apache/parquet/format/RowGroup$RowGroupStandardScheme.read;org/apache/parquet/format/ColumnChunk.read;org/apache/parquet/format/ColumnChunk$ColumnChunkStandardScheme.read;org/apache/parquet/format/ColumnChunk$ColumnChunkStandardScheme.read;org/apache/parquet/format/ColumnMetaData.read;org/apache/parquet/format/ColumnMetaData$ColumnMetaDataStandardScheme.read;org/apache/parquet/format/ColumnMetaData$ColumnMetaDataStandardScheme.read;org.apache.parquet.format.PageEncodingStats_[i] 13
java/lang/Thread.run;java/lang/Thread.runWith;java/util/concurrent/ThreadPoolExecutor$Worker.run;java/util/concurrent/ThreadPoolExecutor.runWorker;java/util/concurrent/FutureTask.run;java/util/concurrent/Executors$RunnableAdapter.call;java/util/concurrent/FutureTask.run;org/openjdk/jmh/runner/BenchmarkHandler$BenchmarkTask.call;org/openjdk/jmh/runner/BenchmarkHandler$BenchmarkTask.call;java/lang/reflect/Method.invoke;jdk/internal/reflect/DirectMethodHandleAccessor.invoke;jdk/internal/reflect/DirectMethodHandleAccessor.invokeImpl;java/lang/invoke/LambdaForm$MH.0x000000001a061400.invokeExact_MT;java/lang/invoke/LambdaForm$MH.0x000000001a061000.invoke;java/lang/invoke/DirectMethodHandle$Holder.invokeSpecial;org/weakref/nitro/clickbench/jmh_generated/BenchmarkQueries_query17_jmhTest.query17_AverageTime;org/weakref/nitro/clickbench/jmh_generated/BenchmarkQueries_query17_jmhTest.query17_avgt_jmhStub;org/weakref/nitro/clickbench/BenchmarkQueries.query17;org/weakref/nitro/clickbench/BenchmarkQueries.consume;org/weakref/nitro/operator/TopNOperator.next;org/weakref/nitro/operator/TopNOperator.computeTopN;org/weakref/nitro/operator/GroupedAggregationOperator.next;org/weakref/nitro/operator/GroupedAggregationOperator.computeResults;org/weakref/nitro/operator/Output.borrow;org/weakref/nitro/operator/GroupOperator$$Lambda.0x000000001a10c218.apply;org/weakref/nitro/operator/GroupOperator.lambda$next$0;org/weakref/nitro/operator/GroupOperator.groupIds;org/weakref/nitro/operator/GroupOperator.doGroupingIfNeeded;org/weakref/nitro/operator/Output.borrow;org/weakref/nitro/operator/NitroParquetScanOperator$ScanOutputResolver$$Lambda.0x000000001a0ab190.apply;org/weakref/nitro/operator/NitroParquetScanOperator$ScanOutputResolver.resolve;org/weakref/nitro/operator/NitroParquetScanOperator.resolveLazyColumn;org/weakref/nitro/operator/NitroParquetScanOperator.decodeFullColumn;org/weakref/nitro/parquet/ColumnReader.readBinary;org/weakref/nitro/parquet/ColumnReader.readBinaryDirect;org/weakref/nitro/parquet/ColumnReader.decodeNextDataPage;org/weakref/nitro/parquet/ColumnReader.readPageHeader;org/apache/parquet/format/Util.readPageHeader;org/apache/parquet/format/Util.readPageHeader;org/apache/parquet/format/MetadataValidator.validate;java/lang/Integer.valueOf;java.lang.Integer_[i] 1
java/lang/Thread.run;java/lang/Thread.runWith;java/util/concurrent/ThreadPoolExecutor$Worker.run;java/util/concurrent/ThreadPoolExecutor.runWorker;java/util/concurrent/FutureTask.run;java/util/concurrent/Executors$RunnableAdapter.call;java/util/concurrent/FutureTask.run;org/openjdk/jmh/runner/BenchmarkHandler$BenchmarkTask.call;org/openjdk/jmh/runner/BenchmarkHandler$BenchmarkTask.call;java/lang/reflect/Method.invoke;jdk/internal/reflect/DirectMethodHandleAccessor.invoke;jdk/internal/reflect/DirectMethodHandleAccessor.invokeImpl;java/lang/invoke/LambdaForm$MH.0x000000001a061400.invokeExact_MT;java/lang/invoke/LambdaForm$MH.0x000000001a061000.invoke;java/lang/invoke/DirectMethodHandle$Holder.invokeSpecial;org/weakref/nitro/clickbench/jmh_generated/BenchmarkQueries_query17_jmhTest.query17_AverageTime;org/weakref/nitro/clickbench/jmh_generated/BenchmarkQueries_query17_jmhTest.query17_avgt_jmhStub;org/weakref/nitro/clickbench/BenchmarkQueries.query17;org/weakref/nitro/clickbench/ClickBenchHitsSupport.query17;org/weakref/nitro/clickbench/ClickBenchHitsSupport.clickBenchScan;org/weakref/nitro/operator/NitroParquetScanOperator.<init>;java/util/stream/ReferencePipeline.toArray;java/util/stream/AbstractPipeline.evaluateToArrayNode;java/util/stream/AbstractPipeline.evaluate;java/util/stream/AbstractPipeline.wrapAndCopyInto;java/util/stream/AbstractPipeline.copyInto;java/util/AbstractList$RandomAccessSpliterator.forEachRemaining;java/util/stream/ReferencePipeline$3$1.accept;org/weakref/nitro/operator/NitroParquetScanOperator$$Lambda.0x000000001a083cc0.apply;org/weakref/nitro/parquet/ParquetFile.open;org/weakref/nitro/parquet/ParquetFile.<init>;org/apache/parquet/format/Util.readFileMetaData;org/apache/parquet/format/Util.readFileMetaData;org/apache/parquet/format/Util.read;org/apache/parquet/format/FileMetaData.read;org/apache/parquet/format/FileMetaData$FileMetaDataStandardScheme.read;org/apache/parquet/format/FileMetaData$FileMetaDataStandardScheme.read;org.apache.parquet.format.ColumnOrder_[i] 4
java/lang/Thread.run;java/lang/Thread.runWith;java/util/concurrent/ThreadPoolExecutor$Worker.run;java/util/concurrent/ThreadPoolExecutor.runWorker;java/util/concurrent/FutureTask.run;java/util/concurrent/Executors$RunnableAdapter.call;java/util/concurrent/FutureTask.run;org/openjdk/jmh/runner/BenchmarkHandler$BenchmarkTask.call;org/openjdk/jmh/runner/BenchmarkHandler$BenchmarkTask.call;java/lang/reflect/Method.invoke;jdk/internal/reflect/DirectMethodHandleAccessor.invoke;jdk/internal/reflect/DirectMethodHandleAccessor.invokeImpl;java/lang/invoke/LambdaForm$MH.0x000000001a061400.invokeExact_MT;java/lang/invoke/LambdaForm$MH.0x000000001a061000.invoke;java/lang/invoke/DirectMethodHandle$Holder.invokeSpecial;org/weakref/nitro/clickbench/jmh_generated/BenchmarkQueries_query17_jmhTest.query17_AverageTime;org/weakref/nitro/clickbench/jmh_generated/BenchmarkQueries_query17_jmhTest.query17_avgt_jmhStub;org/weakref/nitro/clickbench/BenchmarkQueries.query17;org/weakref/nitro/clickbench/BenchmarkQueries.consume;org/weakref/nitro/operator/TopNOperator.next;org/weakref/nitro/operator/TopNOperator.computeTopN;org/weakref/nitro/operator/GroupedAggregationOperator.next;org/weakref/nitro/operator/GroupedAggregationOperator.computeResults;org/weakref/nitro/operator/Output.borrow;org/weakref/nitro/operator/GroupOperator$$Lambda.0x000000001a10c218.apply;org/weakref/nitro/operator/GroupOperator.lambda$next$0;org/weakref/nitro/operator/GroupOperator.groupIds;org/weakref/nitro/operator/GroupOperator.doGroupingIfNeeded;org/weakref/nitro/operator/Output.borrow;org/weakref/nitro/operator/NitroParquetScanOperator$ScanOutputResolver$$Lambda.0x000000001a0ab190.apply;org/weakref/nitro/operator/NitroParquetScanOperator$ScanOutputResolver.resolve;org/weakref/nitro/operator/NitroParquetScanOperator.resolveLazyColumn;org/weakref/nitro/operator/NitroParquetScanOperator.decodeFullColumn;org/weakref/nitro/parquet/ColumnReader.readBinary;org/weakref/nitro/parquet/ColumnReader.readBinaryDirect;org/weakref/nitro/parquet/ColumnReader.decodeNextDataPage;org/weakref/nitro/parquet/ColumnReader.decodeDictionary;org/weakref/nitro/parquet/ColumnReader.borrowDictionaryBytes;org/weakref/nitro/data/PrimitiveArrayPool.borrowBytes;byte[]_[i] 27
java/lang/Thread.run;java/lang/Thread.runWith;java/util/concurrent/ThreadPoolExecutor$Worker.run;java/util/concurrent/ThreadPoolExecutor.runWorker;java/util/concurrent/FutureTask.run;java/util/concurrent/Executors$RunnableAdapter.call;java/util/concurrent/FutureTask.run;org/openjdk/jmh/runner/BenchmarkHandler$BenchmarkTask.call;org/openjdk/jmh/runner/BenchmarkHandler$BenchmarkTask.call;java/lang/reflect/Method.invoke;jdk/internal/reflect/DirectMethodHandleAccessor.invoke;jdk/internal/reflect/DirectMethodHandleAccessor.invokeImpl;java/lang/invoke/LambdaForm$MH.0x000000001a061400.invokeExact_MT;java/lang/invoke/LambdaForm$MH.0x000000001a061000.invoke;java/lang/invoke/DirectMethodHandle$Holder.invokeSpecial;org/weakref/nitro/clickbench/jmh_generated/BenchmarkQueries_query17_jmhTest.query17_AverageTime;org/weakref/nitro/clickbench/jmh_generated/BenchmarkQueries_query17_jmhTest.query17_avgt_jmhStub;org/weakref/nitro/clickbench/BenchmarkQueries.query17;org/weakref/nitro/clickbench/BenchmarkQueries.consume;org/weakref/nitro/operator/TopNOperator.next;org/weakref/nitro/operator/TopNOperator.computeTopN;org/weakref/nitro/operator/GroupedAggregationOperator.next;org/weakref/nitro/operator/GroupedAggregationOperator.computeResults;org/weakref/nitro/operator/Output.borrow;org/weakref/nitro/operator/GroupOperator$$Lambda.0x000000001a10c218.apply;org/weakref/nitro/operator/GroupOperator.lambda$next$0;org/weakref/nitro/operator/GroupOperator.groupIds;org/weakref/nitro/operator/GroupOperator.doGroupingIfNeeded;org/weakref/nitro/operator/GroupingState.assignGroups;org/weakref/nitro/operator/GroupingState.assignFlatGroups;org/weakref/nitro/operator/FlatGroupingTable.beginBatch;org/weakref/nitro/operator/FlatKeyLayout.beginBatch;org/weakref/nitro/operator/FlatKeyLayout.internDictionaryEntries;org/weakref/nitro/operator/ValueIdInterner.intern;org/weakref/nitro/operator/ValueIdInterner.store;java/util/Arrays.copyOf;int[]_[i] 4
java/lang/Thread.run;java/lang/Thread.runWith;java/util/concurrent/ThreadPoolExecutor$Worker.run;java/util/concurrent/ThreadPoolExecutor.runWorker;java/util/concurrent/FutureTask.run;java/util/concurrent/Executors$RunnableAdapter.call;java/util/concurrent/FutureTask.run;org/openjdk/jmh/runner/BenchmarkHandler$BenchmarkTask.call;org/openjdk/jmh/runner/BenchmarkHandler$BenchmarkTask.call;java/lang/reflect/Method.invoke;jdk/internal/reflect/DirectMethodHandleAccessor.invoke;jdk/internal/reflect/DirectMethodHandleAccessor.invokeImpl;java/lang/invoke/LambdaForm$MH.0x000000001a061400.invokeExact_MT;java/lang/invoke/LambdaForm$MH.0x000000001a061000.invoke;java/lang/invoke/DirectMethodHandle$Holder.invokeSpecial;org/weakref/nitro/clickbench/jmh_generated/BenchmarkQueries_query17_jmhTest.query17_AverageTime;org/weakref/nitro/clickbench/jmh_generated/BenchmarkQueries_query17_jmhTest.query17_avgt_jmhStub;org/weakref/nitro/clickbench/BenchmarkQueries.query17;org/weakref/nitro/clickbench/BenchmarkQueries.consume;org/weakref/nitro/operator/TopNOperator.next;org/weakref/nitro/operator/TopNOperator.computeTopN;org/weakref/nitro/operator/GroupedAggregationOperator.next;org/weakref/nitro/operator/GroupedAggregationOperator.computeResults;org/weakref/nitro/operator/GroupedAggregationOperator.prepareAggregationStates;org/weakref/nitro/operator/aggregation/CountAll.grow;org/weakref/nitro/data/CountStateVector.grow;java/util/Arrays.copyOf;java/util/Arrays.copyOf;java/lang/reflect/Array.newInstance;java/lang/reflect/Array.newArray;long[][]_[i] 1
java/lang/Thread.run;java/lang/Thread.runWith;java/util/concurrent/ThreadPoolExecutor$Worker.run;java/util/concurrent/ThreadPoolExecutor.runWorker;java/util/concurrent/FutureTask.run;java/util/concurrent/Executors$RunnableAdapter.call;java/util/concurrent/FutureTask.run;org/openjdk/jmh/runner/BenchmarkHandler$BenchmarkTask.call;org/openjdk/jmh/runner/BenchmarkHandler$BenchmarkTask.call;java/lang/reflect/Method.invoke;jdk/internal/reflect/DirectMethodHandleAccessor.invoke;jdk/internal/reflect/DirectMethodHandleAccessor.invokeImpl;java/lang/invoke/LambdaForm$MH.0x000000001a061400.invokeExact_MT;java/lang/invoke/LambdaForm$MH.0x000000001a061000.invoke;java/lang/invoke/DirectMethodHandle$Holder.invokeSpecial;org/weakref/nitro/clickbench/jmh_generated/BenchmarkQueries_query17_jmhTest.query17_AverageTime;org/weakref/nitro/clickbench/jmh_generated/BenchmarkQueries_query17_jmhTest.query17_avgt_jmhStub;org/weakref/nitro/clickbench/BenchmarkQueries.query17;org/weakref/nitro/clickbench/BenchmarkQueries.consume;org/weakref/nitro/operator/TopNOperator.next;org/weakref/nitro/operator/TopNOperator.computeTopN;org/weakref/nitro/operator/GroupedAggregationOperator.next;org/weakref/nitro/operator/GroupedAggregationOperator.computeResults;org/weakref/nitro/operator/Batch.close;org/weakref/nitro/operator/GroupOperator$$Lambda.0x000000001a10daa8.run;org/weakref/nitro/operator/GroupOperator.lambda$next$6;org/weakref/nitro/operator/Batch.close;org/weakref/nitro/operator/Output.close;org/weakref/nitro/operator/Output.release;org/weakref/nitro/operator/BatchBufferOwner.accept;org/weakref/nitro/operator/BatchBufferOwner.accept;org/weakref/nitro/operator/NitroParquetScanOperator$ScanOutputResolver.release;org/weakref/nitro/operator/BatchBufferScope.release;org/weakref/nitro/data/Allocator.release;org/weakref/nitro/data/Allocator.releaseVectorTree;org/weakref/nitro/data/Allocator.releaseVector;org/weakref/nitro/data/Allocator$ContextState.releaseVector;org/weakref/nitro/data/Allocator$ContextState.addVectorToPool;java/util/TreeMap.computeIfAbsent;java/util/TreeMap.callMappingFunctionWithCheck;org/weakref/nitro/data/Allocator$ContextState$$Lambda.0x000000001a1123b8.apply;org/weakref/nitro/data/Allocator$ContextState.lambda$addVectorToPool$1;java/util/ArrayDeque.<init>;java.lang.Object[]_[i] 6
java/lang/Thread.run;java/lang/Thread.runWith;java/util/concurrent/ThreadPoolExecutor$Worker.run;java/util/concurrent/ThreadPoolExecutor.runWorker;java/util/concurrent/FutureTask.run;java/util/concurrent/Executors$RunnableAdapter.call;java/util/concurrent/FutureTask.run;org/openjdk/jmh/runner/BenchmarkHandler$BenchmarkTask.call;org/openjdk/jmh/runner/BenchmarkHandler$BenchmarkTask.call;java/lang/reflect/Method.invoke;jdk/internal/reflect/DirectMethodHandleAccessor.invoke;jdk/internal/reflect/DirectMethodHandleAccessor.invokeImpl;java/lang/invoke/LambdaForm$MH.0x000000001a061400.invokeExact_MT;java/lang/invoke/LambdaForm$MH.0x000000001a061000.invoke;java/lang/invoke/DirectMethodHandle$Holder.invokeSpecial;org/weakref/nitro/clickbench/jmh_generated/BenchmarkQueries_query17_jmhTest.query17_AverageTime;org/weakref/nitro/clickbench/jmh_generated/BenchmarkQueries_query17_jmhTest.query17_avgt_jmhStub;org/weakref/nitro/clickbench/BenchmarkQueries.query17;org/weakref/nitro/clickbench/BenchmarkQueries.consume;org/weakref/nitro/operator/TopNOperator.next;org/weakref/nitro/operator/TopNOperator.computeTopN;org/weakref/nitro/operator/GroupedAggregationOperator.next;org/weakref/nitro/operator/GroupedAggregationOperator.computeResults;org/weakref/nitro/operator/aggregation/StreamAccessors.forBatch;java/lang/invoke/Invokers$Holder.linkToTargetMethod;java/lang/invoke/DirectMethodHandle$Holder.newInvokeSpecial;java/lang/invoke/DirectMethodHandle.allocateInstance;org.weakref.nitro.operator.aggregation.StreamAccessors$$Lambda.0x000000001a122258_[i] 1
java/lang/Thread.run;java/lang/Thread.runWith;java/util/concurrent/ThreadPoolExecutor$Worker.run;java/util/concurrent/ThreadPoolExecutor.runWorker;java/util/concurrent/FutureTask.run;java/util/concurrent/Executors$RunnableAdapter.call;java/util/concurrent/FutureTask.run;org/openjdk/jmh/runner/BenchmarkHandler$BenchmarkTask.call;org/openjdk/jmh/runner/BenchmarkHandler$BenchmarkTask.call;java/lang/reflect/Method.invoke;jdk/internal/reflect/DirectMethodHandleAccessor.invoke;jdk/internal/reflect/DirectMethodHandleAccessor.invokeImpl;java/lang/invoke/LambdaForm$MH.0x000000001a061400.invokeExact_MT;java/lang/invoke/LambdaForm$MH.0x000000001a061000.invoke;java/lang/invoke/DirectMethodHandle$Holder.invokeSpecial;org/weakref/nitro/clickbench/jmh_generated/BenchmarkQueries_query17_jmhTest.query17_AverageTime;org/weakref/nitro/clickbench/jmh_generated/BenchmarkQueries_query17_jmhTest.query17_avgt_jmhStub;org/weakref/nitro/clickbench/BenchmarkQueries.query17;org/weakref/nitro/clickbench/ClickBenchHitsSupport.query17;org/weakref/nitro/clickbench/ClickBenchHitsSupport.clickBenchScan;org/weakref/nitro/operator/NitroParquetScanOperator.<init>;java/util/stream/ReferencePipeline.toArray;java/util/stream/AbstractPipeline.evaluateToArrayNode;java/util/stream/AbstractPipeline.evaluate;java/util/stream/AbstractPipeline.wrapAndCopyInto;java/util/stream/AbstractPipeline.copyInto;java/util/AbstractList$RandomAccessSpliterator.forEachRemaining;java/util/stream/ReferencePipeline$3$1.accept;org/weakref/nitro/operator/NitroParquetScanOperator$$Lambda.0x000000001a083cc0.apply;org/weakref/nitro/parquet/ParquetFile.open;org/weakref/nitro/parquet/ParquetFile.<init>;org.weakref.nitro.parquet.ParquetFile$Column_[i] 3
java/lang/Thread.run;java/lang/Thread.runWith;java/util/concurrent/ThreadPoolExecutor$Worker.run;java/util/concurrent/ThreadPoolExecutor.runWorker;java/util/concurrent/FutureTask.run;java/util/concurrent/Executors$RunnableAdapter.call;java/util/concurrent/FutureTask.run;org/openjdk/jmh/runner/BenchmarkHandler$BenchmarkTask.call;org/openjdk/jmh/runner/BenchmarkHandler$BenchmarkTask.call;java/lang/reflect/Method.invoke;jdk/internal/reflect/DirectMethodHandleAccessor.invoke;jdk/internal/reflect/DirectMethodHandleAccessor.invokeImpl;java/lang/invoke/LambdaForm$MH.0x000000001a061400.invokeExact_MT;java/lang/invoke/LambdaForm$MH.0x000000001a061000.invoke;java/lang/invoke/DirectMethodHandle$Holder.invokeSpecial;org/weakref/nitro/clickbench/jmh_generated/BenchmarkQueries_query17_jmhTest.query17_AverageTime;org/weakref/nitro/clickbench/jmh_generated/BenchmarkQueries_query17_jmhTest.query17_avgt_jmhStub;org/weakref/nitro/clickbench/BenchmarkQueries.query17;org/weakref/nitro/clickbench/BenchmarkQueries.consume;org/weakref/nitro/operator/TopNOperator.next;org/weakref/nitro/operator/TopNOperator.computeTopN;org/weakref/nitro/operator/GroupedAggregationOperator.next;org/weakref/nitro/operator/GroupedAggregationOperator.computeResults;org/weakref/nitro/operator/Batch.close;org/weakref/nitro/operator/GroupOperator$$Lambda.0x000000001a10daa8.run;org/weakref/nitro/operator/GroupOperator.lambda$next$6;org/weakref/nitro/operator/Batch.close;org/weakref/nitro/operator/Output.close;org/weakref/nitro/operator/Output.release;org/weakref/nitro/operator/BatchBufferOwner.accept;org/weakref/nitro/operator/BatchBufferOwner.accept;org/weakref/nitro/operator/NitroParquetScanOperator$ScanOutputResolver.release;org/weakref/nitro/operator/BatchBufferScope.release;org/weakref/nitro/data/Allocator.release;org/weakref/nitro/data/Allocator.releaseVectorTree;org/weakref/nitro/data/DictionaryVector.forEachChildVector;org/weakref/nitro/data/Allocator$$Lambda.0x000000001a111f30.accept;org/weakref/nitro/data/Allocator.lambda$releaseVectorTree$0;org/weakref/nitro/data/Allocator.releaseVectorTree;org/weakref/nitro/data/Allocator.releaseVector;org/weakref/nitro/data/Allocator$ContextState.releaseVector;org/weakref/nitro/data/Allocator$ContextState.addVectorToPool;java/util/TreeMap.computeIfAbsent;java/util/TreeMap.callMappingFunctionWithCheck;org/weakref/nitro/data/Allocator$ContextState$$Lambda.0x000000001a1123b8.apply;org/weakref/nitro/data/Allocator$ContextState.lambda$addVectorToPool$1;java/util/ArrayDeque.<init>;java.lang.Object[]_[i] 2
java/lang/Thread.run;java/lang/Thread.runWith;java/util/concurrent/ThreadPoolExecutor$Worker.run;java/util/concurrent/ThreadPoolExecutor.runWorker;java/util/concurrent/FutureTask.run;java/util/concurrent/Executors$RunnableAdapter.call;java/util/concurrent/FutureTask.run;org/openjdk/jmh/runner/BenchmarkHandler$BenchmarkTask.call;org/openjdk/jmh/runner/BenchmarkHandler$BenchmarkTask.call;java/lang/reflect/Method.invoke;jdk/internal/reflect/DirectMethodHandleAccessor.invoke;jdk/internal/reflect/DirectMethodHandleAccessor.invokeImpl;java/lang/invoke/LambdaForm$MH.0x000000001a061400.invokeExact_MT;java/lang/invoke/LambdaForm$MH.0x000000001a061000.invoke;java/lang/invoke/DirectMethodHandle$Holder.invokeSpecial;org/weakref/nitro/clickbench/jmh_generated/BenchmarkQueries_query17_jmhTest.query17_AverageTime;org/weakref/nitro/clickbench/jmh_generated/BenchmarkQueries_query17_jmhTest.query17_avgt_jmhStub;org/weakref/nitro/clickbench/BenchmarkQueries.query17;org/weakref/nitro/clickbench/BenchmarkQueries.consume;org/weakref/nitro/operator/Output.borrow;org/weakref/nitro/operator/TopNOperator$$Lambda.0x000000001a1291b8.apply;org/weakref/nitro/operator/TopNOperator.lambda$next$0;org/weakref/nitro/operator/TopNState.output;org/weakref/nitro/operator/TopNState.ensurePendingOutputMaterialized;org/weakref/nitro/operator/JoinBufferSupport.copyPosition;org/weakref/nitro/operator/JoinBufferSupport.copySinglePosition;org/weakref/nitro/operator/JoinBufferSupport.copySinglePosition;org/weakref/nitro/operator/Output.borrow;org/weakref/nitro/operator/GroupedAggregationOperator$$Lambda.0x000000001a126a30.apply;org/weakref/nitro/operator/GroupedAggregationOperator.lambda$resultOutput$0;org/weakref/nitro/operator/GroupedAggregationOperator.groupedKeyOutput;org/weakref/nitro/operator/GroupOperator.groupedKeyOutput;org/weakref/nitro/operator/GroupingState.groupedValues;org/weakref/nitro/operator/FlatGroupingTable.groupedValues;org/weakref/nitro/operator/FlatTypeHandlers$1.materializeValues;org/weakref/nitro/data/Allocator.allocateOrGrow;org/weakref/nitro/data/Allocator.allocate;org/weakref/nitro/data/Allocator.allocatePooled;org/weakref/nitro/data/Allocator$$Lambda.0x000000001a10e6b0.get;org/weakref/nitro/data/Allocator.lambda$allocate$0;org/weakref/nitro/operator/FlatTypeHandlers$1$$Lambda.0x000000001a12a5c8.apply;org/weakref/nitro/data/I64Vector.<init>;long[]_[i] 2
java/lang/Thread.run;java/lang/Thread.runWith;java/util/concurrent/ThreadPoolExecutor$Worker.run;java/util/concurrent/ThreadPoolExecutor.runWorker;java/util/concurrent/FutureTask.run;java/util/concurrent/Executors$RunnableAdapter.call;java/util/concurrent/FutureTask.run;org/openjdk/jmh/runner/BenchmarkHandler$BenchmarkTask.call;org/openjdk/jmh/runner/BenchmarkHandler$BenchmarkTask.call;java/lang/reflect/Method.invoke;jdk/internal/reflect/DirectMethodHandleAccessor.invoke;jdk/internal/reflect/DirectMethodHandleAccessor.invokeImpl;java/lang/invoke/LambdaForm$MH.0x000000001a061400.invokeExact_MT;java/lang/invoke/LambdaForm$MH.0x000000001a061000.invoke;java/lang/invoke/DirectMethodHandle$Holder.invokeSpecial;org/weakref/nitro/clickbench/jmh_generated/BenchmarkQueries_query17_jmhTest.query17_AverageTime;org/weakref/nitro/clickbench/jmh_generated/BenchmarkQueries_query17_jmhTest.query17_avgt_jmhStub;org/weakref/nitro/clickbench/BenchmarkQueries.query17;org/weakref/nitro/clickbench/BenchmarkQueries.consume;org/weakref/nitro/operator/TopNOperator.next;org/weakref/nitro/operator/TopNOperator.computeTopN;org/weakref/nitro/operator/GroupedAggregationOperator.next;org/weakref/nitro/operator/GroupedAggregationOperator.computeResults;org/weakref/nitro/operator/Batch.close;org/weakref/nitro/operator/GroupOperator$$Lambda.0x000000001a10daa8.run;org/weakref/nitro/operator/GroupOperator.lambda$next$6;org/weakref/nitro/operator/Batch.close;org/weakref/nitro/operator/Output.close;org/weakref/nitro/operator/Output.release;org/weakref/nitro/operator/BatchBufferOwner.accept;org/weakref/nitro/operator/BatchBufferOwner.accept;org/weakref/nitro/operator/NitroParquetScanOperator$ScanOutputResolver.release;org/weakref/nitro/operator/BatchBufferScope.release;org/weakref/nitro/data/Allocator.release;org/weakref/nitro/data/Allocator.releaseVectorTree;org/weakref/nitro/data/Allocator.releaseVector;org/weakref/nitro/data/Allocator$ContextState.releaseVector;org/weakref/nitro/data/Allocator$ContextState.addVectorToPool;java/lang/Integer.valueOf;java.lang.Integer_[i] 3
java/lang/Thread.run;java/lang/Thread.runWith;java/util/concurrent/ThreadPoolExecutor$Worker.run;java/util/concurrent/ThreadPoolExecutor.runWorker;java/util/concurrent/FutureTask.run;java/util/concurrent/Executors$RunnableAdapter.call;java/util/concurrent/FutureTask.run;org/openjdk/jmh/runner/BenchmarkHandler$BenchmarkTask.call;org/openjdk/jmh/runner/BenchmarkHandler$BenchmarkTask.call;java/lang/reflect/Method.invoke;jdk/internal/reflect/DirectMethodHandleAccessor.invoke;jdk/internal/reflect/DirectMethodHandleAccessor.invokeImpl;java/lang/invoke/LambdaForm$MH.0x000000001a061400.invokeExact_MT;java/lang/invoke/LambdaForm$MH.0x000000001a061000.invoke;java/lang/invoke/DirectMethodHandle$Holder.invokeSpecial;org/weakref/nitro/clickbench/jmh_generated/BenchmarkQueries_query17_jmhTest.query17_AverageTime;org/weakref/nitro/clickbench/jmh_generated/BenchmarkQueries_query17_jmhTest.query17_avgt_jmhStub;org/weakref/nitro/clickbench/BenchmarkQueries.query17;org/weakref/nitro/clickbench/ClickBenchHitsSupport.query17;org/weakref/nitro/clickbench/ClickBenchHitsSupport.clickBenchScan;org/weakref/nitro/operator/NitroParquetScanOperator.<init>;java/util/stream/ReferencePipeline.toArray;java/util/stream/AbstractPipeline.evaluateToArrayNode;java/util/stream/AbstractPipeline.evaluate;java/util/stream/AbstractPipeline.wrapAndCopyInto;java/util/stream/AbstractPipeline.copyInto;java/util/AbstractList$RandomAccessSpliterator.forEachRemaining;java/util/stream/ReferencePipeline$3$1.accept;org/weakref/nitro/operator/NitroParquetScanOperator$$Lambda.0x000000001a083cc0.apply;org/weakref/nitro/parquet/ParquetFile.open;org/weakref/nitro/parquet/ParquetFile.<init>;org/apache/parquet/format/Util.readFileMetaData;org/apache/parquet/format/Util.readFileMetaData;org/apache/parquet/format/Util.read;org/apache/parquet/format/FileMetaData.read;org/apache/parquet/format/FileMetaData$FileMetaDataStandardScheme.read;org/apache/parquet/format/FileMetaData$FileMetaDataStandardScheme.read;org/apache/parquet/format/RowGroup.read;org/apache/parquet/format/RowGroup$RowGroupStandardScheme.read;org/apache/parquet/format/RowGroup$RowGroupStandardScheme.read;org/apache/parquet/format/ColumnChunk.read;org/apache/parquet/format/ColumnChunk$ColumnChunkStandardScheme.read;org/apache/parquet/format/ColumnChunk$ColumnChunkStandardScheme.read;org/apache/parquet/format/ColumnMetaData.read;org/apache/parquet/format/ColumnMetaData$ColumnMetaDataStandardScheme.read;org/apache/parquet/format/ColumnMetaData$ColumnMetaDataStandardScheme.read;org/apache/parquet/format/PageEncodingStats.read;org/apache/parquet/format/PageEncodingStats$PageEncodingStatsStandardScheme.read;org/apache/parquet/format/PageEncodingStats$PageEncodingStatsStandardScheme.read;org/apache/parquet/format/InterningProtocol.readFieldBegin;shaded/parquet/org/apache/thrift/protocol/TCompactProtocol.readFieldBegin;shaded.parquet.org.apache.thrift.protocol.TField_[i] 17
java/lang/Thread.run;java/lang/Thread.runWith;java/util/concurrent/ThreadPoolExecutor$Worker.run;java/util/concurrent/ThreadPoolExecutor.runWorker;java/util/concurrent/FutureTask.run;java/util/concurrent/Executors$RunnableAdapter.call;java/util/concurrent/FutureTask.run;org/openjdk/jmh/runner/BenchmarkHandler$BenchmarkTask.call;org/openjdk/jmh/runner/BenchmarkHandler$BenchmarkTask.call;java/lang/reflect/Method.invoke;jdk/internal/reflect/DirectMethodHandleAccessor.invoke;jdk/internal/reflect/DirectMethodHandleAccessor.invokeImpl;java/lang/invoke/LambdaForm$MH.0x000000001a061400.invokeExact_MT;java/lang/invoke/LambdaForm$MH.0x000000001a061000.invoke;java/lang/invoke/DirectMethodHandle$Holder.invokeSpecial;org/weakref/nitro/clickbench/jmh_generated/BenchmarkQueries_query17_jmhTest.query17_AverageTime;org/weakref/nitro/clickbench/jmh_generated/BenchmarkQueries_query17_jmhTest.query17_avgt_jmhStub;org/weakref/nitro/clickbench/BenchmarkQueries.query17;org/weakref/nitro/clickbench/ClickBenchHitsSupport.query17;org/weakref/nitro/clickbench/ClickBenchHitsSupport.clickBenchScan;org/weakref/nitro/operator/NitroParquetScanOperator.<init>;java/util/stream/ReferencePipeline.toArray;java/util/stream/AbstractPipeline.evaluateToArrayNode;java/util/stream/AbstractPipeline.evaluate;java/util/stream/AbstractPipeline.wrapAndCopyInto;java/util/stream/AbstractPipeline.copyInto;java/util/AbstractList$RandomAccessSpliterator.forEachRemaining;java/util/stream/ReferencePipeline$3$1.accept;org/weakref/nitro/operator/NitroParquetScanOperator$$Lambda.0x000000001a083cc0.apply;org/weakref/nitro/parquet/ParquetFile.open;org/weakref/nitro/parquet/ParquetFile.<init>;org/apache/parquet/format/Util.readFileMetaData;org/apache/parquet/format/Util.readFileMetaData;org/apache/parquet/format/Util.read;org/apache/parquet/format/FileMetaData.read;org/apache/parquet/format/FileMetaData$FileMetaDataStandardScheme.read;org/apache/parquet/format/FileMetaData$FileMetaDataStandardScheme.read;org/apache/parquet/format/RowGroup.read;org/apache/parquet/format/RowGroup$RowGroupStandardScheme.read;org/apache/parquet/format/RowGroup$RowGroupStandardScheme.read;org/apache/parquet/format/ColumnChunk.read;org/apache/parquet/format/ColumnChunk$ColumnChunkStandardScheme.read;org/apache/parquet/format/ColumnChunk$ColumnChunkStandardScheme.read;org/apache/parquet/format/ColumnMetaData.read;org/apache/parquet/format/ColumnMetaData$ColumnMetaDataStandardScheme.read;org/apache/parquet/format/ColumnMetaData$ColumnMetaDataStandardScheme.read;org/apache/parquet/format/PageEncodingStats.read;org/apache/parquet/format/PageEncodingStats.scheme;org/apache/parquet/format/PageEncodingStats$PageEncodingStatsStandardSchemeFactory.getScheme;org/apache/parquet/format/PageEncodingStats$PageEncodingStatsStandardSchemeFactory.getScheme;org.apache.parquet.format.PageEncodingStats$PageEncodingStatsStandardScheme_[i] 5
java/lang/Thread.run;java/lang/Thread.runWith;java/util/concurrent/ThreadPoolExecutor$Worker.run;java/util/concurrent/ThreadPoolExecutor.runWorker;java/util/concurrent/FutureTask.run;java/util/concurrent/Executors$RunnableAdapter.call;java/util/concurrent/FutureTask.run;org/openjdk/jmh/runner/BenchmarkHandler$BenchmarkTask.call;org/openjdk/jmh/runner/BenchmarkHandler$BenchmarkTask.call;java/lang/reflect/Method.invoke;jdk/internal/reflect/DirectMethodHandleAccessor.invoke;jdk/internal/reflect/DirectMethodHandleAccessor.invokeImpl;java/lang/invoke/LambdaForm$MH.0x000000001a061400.invokeExact_MT;java/lang/invoke/LambdaForm$MH.0x000000001a061000.invoke;java/lang/invoke/DirectMethodHandle$Holder.invokeSpecial;org/weakref/nitro/clickbench/jmh_generated/BenchmarkQueries_query17_jmhTest.query17_AverageTime;org/weakref/nitro/clickbench/jmh_generated/BenchmarkQueries_query17_jmhTest.query17_avgt_jmhStub;org/weakref/nitro/clickbench/BenchmarkQueries.query17;org/weakref/nitro/clickbench/ClickBenchHitsSupport.query17;org/weakref/nitro/clickbench/ClickBenchHitsSupport.clickBenchScan;org/weakref/nitro/operator/NitroParquetScanOperator.<init>;java/util/stream/ReferencePipeline.toArray;java/util/stream/AbstractPipeline.evaluateToArrayNode;java/util/stream/AbstractPipeline.evaluate;java/util/stream/AbstractPipeline.wrapAndCopyInto;java/util/stream/AbstractPipeline.copyInto;java/util/AbstractList$RandomAccessSpliterator.forEachRemaining;java/util/stream/ReferencePipeline$3$1.accept;org/weakref/nitro/operator/NitroParquetScanOperator$$Lambda.0x000000001a083cc0.apply;org/weakref/nitro/parquet/ParquetFile.open;org/weakref/nitro/parquet/ParquetFile.<init>;org/apache/parquet/format/Util.readFileMetaData;org/apache/parquet/format/Util.readFileMetaData;org/apache/parquet/format/Util.read;org/apache/parquet/format/FileMetaData.read;org/apache/parquet/format/FileMetaData$FileMetaDataStandardScheme.read;org/apache/parquet/format/FileMetaData$FileMetaDataStandardScheme.read;org/apache/parquet/format/SchemaElement.read;org/apache/parquet/format/SchemaElement$SchemaElementStandardScheme.read;org/apache/parquet/format/SchemaElement$SchemaElementStandardScheme.read;org.apache.parquet.format.LogicalType_[i] 1
java/lang/Thread.run;java/lang/Thread.runWith;java/util/concurrent/ThreadPoolExecutor$Worker.run;java/util/concurrent/ThreadPoolExecutor.runWorker;java/util/concurrent/FutureTask.run;java/util/concurrent/Executors$RunnableAdapter.call;java/util/concurrent/FutureTask.run;org/openjdk/jmh/runner/BenchmarkHandler$BenchmarkTask.call;org/openjdk/jmh/runner/BenchmarkHandler$BenchmarkTask.call;java/lang/reflect/Method.invoke;jdk/internal/reflect/DirectMethodHandleAccessor.invoke;jdk/internal/reflect/DirectMethodHandleAccessor.invokeImpl;java/lang/invoke/LambdaForm$MH.0x000000001a061400.invokeExact_MT;java/lang/invoke/LambdaForm$MH.0x000000001a061000.invoke;java/lang/invoke/DirectMethodHandle$Holder.invokeSpecial;org/weakref/nitro/clickbench/jmh_generated/BenchmarkQueries_query17_jmhTest.query17_AverageTime;org/weakref/nitro/clickbench/jmh_generated/BenchmarkQueries_query17_jmhTest.query17_avgt_jmhStub;org/weakref/nitro/clickbench/BenchmarkQueries.query17;org/weakref/nitro/clickbench/BenchmarkQueries.consume;org/weakref/nitro/operator/TopNOperator.next;org/weakref/nitro/operator/TopNOperator.computeTopN;org/weakref/nitro/operator/GroupedAggregationOperator.next;org/weakref/nitro/operator/GroupedAggregationOperator.computeResults;org/weakref/nitro/operator/Output.borrow;org/weakref/nitro/operator/GroupOperator$$Lambda.0x000000001a10c218.apply;org/weakref/nitro/operator/GroupOperator.lambda$next$0;org/weakref/nitro/operator/GroupOperator.groupIds;org/weakref/nitro/operator/GroupOperator.doGroupingIfNeeded;org/weakref/nitro/operator/GroupingState.assignGroups;org/weakref/nitro/operator/GroupingState.assignFlatGroups;org/weakref/nitro/operator/FlatGroupingTable.prepareBatchHashes;org/weakref/nitro/data/PrimitiveArrayPool.borrowLongs;long[]_[i] 1
java/lang/Thread.run;java/lang/Thread.runWith;java/util/concurrent/ThreadPoolExecutor$Worker.run;java/util/concurrent/ThreadPoolExecutor.runWorker;java/util/concurrent/FutureTask.run;java/util/concurrent/Executors$RunnableAdapter.call;java/util/concurrent/FutureTask.run;org/openjdk/jmh/runner/BenchmarkHandler$BenchmarkTask.call;org/openjdk/jmh/runner/BenchmarkHandler$BenchmarkTask.call;java/lang/reflect/Method.invoke;jdk/internal/reflect/DirectMethodHandleAccessor.invoke;jdk/internal/reflect/DirectMethodHandleAccessor.invokeImpl;java/lang/invoke/LambdaForm$MH.0x000000001a061400.invokeExact_MT;java/lang/invoke/LambdaForm$MH.0x000000001a061000.invoke;java/lang/invoke/DirectMethodHandle$Holder.invokeSpecial;org/weakref/nitro/clickbench/jmh_generated/BenchmarkQueries_query17_jmhTest.query17_AverageTime;org/weakref/nitro/clickbench/jmh_generated/BenchmarkQueries_query17_jmhTest.query17_avgt_jmhStub;org/weakref/nitro/clickbench/BenchmarkQueries.query17;org/weakref/nitro/clickbench/ClickBenchHitsSupport.query17;org/weakref/nitro/clickbench/ClickBenchHitsSupport.clickBenchScan;org/weakref/nitro/operator/NitroParquetScanOperator.<init>;java/util/stream/ReferencePipeline.toArray;java/util/stream/AbstractPipeline.evaluateToArrayNode;java/util/stream/AbstractPipeline.evaluate;java/util/stream/AbstractPipeline.wrapAndCopyInto;java/util/stream/AbstractPipeline.copyInto;java/util/AbstractList$RandomAccessSpliterator.forEachRemaining;java/util/stream/ReferencePipeline$3$1.accept;org/weakref/nitro/operator/NitroParquetScanOperator$$Lambda.0x000000001a083cc0.apply;org/weakref/nitro/parquet/ParquetFile.open;org/weakref/nitro/parquet/ParquetFile.<init>;org/apache/parquet/format/Util.readFileMetaData;org/apache/parquet/format/Util.readFileMetaData;org/apache/parquet/format/Util.read;org/apache/parquet/format/FileMetaData.read;org/apache/parquet/format/FileMetaData$FileMetaDataStandardScheme.read;org/apache/parquet/format/FileMetaData$FileMetaDataStandardScheme.read;org/apache/parquet/format/RowGroup.read;org/apache/parquet/format/RowGroup$RowGroupStandardScheme.read;org/apache/parquet/format/RowGroup$RowGroupStandardScheme.read;org/apache/parquet/format/ColumnChunk.read;org/apache/parquet/format/ColumnChunk$ColumnChunkStandardScheme.read;org/apache/parquet/format/ColumnChunk$ColumnChunkStandardScheme.read;org/apache/parquet/format/ColumnMetaData.read;org/apache/parquet/format/ColumnMetaData$ColumnMetaDataStandardScheme.read;org/apache/parquet/format/ColumnMetaData$ColumnMetaDataStandardScheme.read;org/apache/parquet/format/InterningProtocol.readString;shaded/parquet/org/apache/thrift/protocol/TCompactProtocol.readString;java.lang.String_[i] 8
java/lang/Thread.run;java/lang/Thread.runWith;java/util/concurrent/ThreadPoolExecutor$Worker.run;java/util/concurrent/ThreadPoolExecutor.runWorker;java/util/concurrent/FutureTask.run;java/util/concurrent/Executors$RunnableAdapter.call;java/util/concurrent/FutureTask.run;org/openjdk/jmh/runner/BenchmarkHandler$BenchmarkTask.call;org/openjdk/jmh/runner/BenchmarkHandler$BenchmarkTask.call;java/lang/reflect/Method.invoke;jdk/internal/reflect/DirectMethodHandleAccessor.invoke;jdk/internal/reflect/DirectMethodHandleAccessor.invokeImpl;java/lang/invoke/LambdaForm$MH.0x000000001a061400.invokeExact_MT;java/lang/invoke/LambdaForm$MH.0x000000001a061000.invoke;java/lang/invoke/DirectMethodHandle$Holder.invokeSpecial;org/weakref/nitro/clickbench/jmh_generated/BenchmarkQueries_query17_jmhTest.query17_AverageTime;org/weakref/nitro/clickbench/jmh_generated/BenchmarkQueries_query17_jmhTest.query17_avgt_jmhStub;org/weakref/nitro/clickbench/BenchmarkQueries.query17;org/weakref/nitro/clickbench/BenchmarkQueries.consume;org/weakref/nitro/operator/TopNOperator.next;org/weakref/nitro/operator/TopNOperator.computeTopN;org/weakref/nitro/operator/GroupedAggregationOperator.next;org/weakref/nitro/operator/GroupedAggregationOperator.computeResults;org/weakref/nitro/operator/Output.borrow;org/weakref/nitro/operator/GroupOperator$$Lambda.0x000000001a10c218.apply;org/weakref/nitro/operator/GroupOperator.lambda$next$0;org/weakref/nitro/operator/GroupOperator.groupIds;org/weakref/nitro/operator/GroupOperator.doGroupingIfNeeded;org/weakref/nitro/operator/Output.borrow;org/weakref/nitro/operator/NitroParquetScanOperator$ScanOutputResolver$$Lambda.0x000000001a0ab190.apply;org/weakref/nitro/operator/NitroParquetScanOperator$ScanOutputResolver.resolve;org/weakref/nitro/operator/NitroParquetScanOperator.resolveLazyColumn;org/weakref/nitro/data/Allocator.allocate;org/weakref/nitro/data/Allocator.allocatePooled;org/weakref/nitro/data/Allocator$ContextState.borrowVector;java/lang/Integer.valueOf;java.lang.Integer_[i] 1
java/lang/Thread.run;java/lang/Thread.runWith;java/util/concurrent/ThreadPoolExecutor$Worker.run;java/util/concurrent/ThreadPoolExecutor.runWorker;java/util/concurrent/FutureTask.run;java/util/concurrent/Executors$RunnableAdapter.call;java/util/concurrent/FutureTask.run;org/openjdk/jmh/runner/BenchmarkHandler$BenchmarkTask.call;org/openjdk/jmh/runner/BenchmarkHandler$BenchmarkTask.call;java/lang/reflect/Method.invoke;jdk/internal/reflect/DirectMethodHandleAccessor.invoke;jdk/internal/reflect/DirectMethodHandleAccessor.invokeImpl;java/lang/invoke/LambdaForm$MH.0x000000001a061400.invokeExact_MT;java/lang/invoke/LambdaForm$MH.0x000000001a061000.invoke;java/lang/invoke/DirectMethodHandle$Holder.invokeSpecial;org/weakref/nitro/clickbench/jmh_generated/BenchmarkQueries_query17_jmhTest.query17_AverageTime;org/weakref/nitro/clickbench/jmh_generated/BenchmarkQueries_query17_jmhTest.query17_avgt_jmhStub;org/weakref/nitro/clickbench/BenchmarkQueries.query17;org/weakref/nitro/clickbench/ClickBenchHitsSupport.query17;org/weakref/nitro/clickbench/ClickBenchHitsSupport.clickBenchScan;org/weakref/nitro/operator/NitroParquetScanOperator.<init>;java/util/stream/ReferencePipeline.toArray;java/util/stream/AbstractPipeline.evaluateToArrayNode;java/util/stream/AbstractPipeline.evaluate;java/util/stream/AbstractPipeline.wrapAndCopyInto;java/util/stream/AbstractPipeline.copyInto;java/util/AbstractList$RandomAccessSpliterator.forEachRemaining;java/util/stream/ReferencePipeline$3$1.accept;org/weakref/nitro/operator/NitroParquetScanOperator$$Lambda.0x000000001a083cc0.apply;org/weakref/nitro/parquet/ParquetFile.open;org/weakref/nitro/parquet/ParquetFile.<init>;org/apache/parquet/format/Util.readFileMetaData;org/apache/parquet/format/Util.readFileMetaData;org/apache/parquet/format/Util.read;org/apache/parquet/format/FileMetaData.read;org/apache/parquet/format/FileMetaData$FileMetaDataStandardScheme.read;org/apache/parquet/format/FileMetaData$FileMetaDataStandardScheme.read;org/apache/parquet/format/RowGroup.read;org/apache/parquet/format/RowGroup$RowGroupStandardScheme.read;org/apache/parquet/format/RowGroup$RowGroupStandardScheme.read;org/apache/parquet/format/ColumnChunk.read;org/apache/parquet/format/ColumnChunk$ColumnChunkStandardScheme.read;org/apache/parquet/format/ColumnChunk$ColumnChunkStandardScheme.read;org/apache/parquet/format/ColumnMetaData.read;org/apache/parquet/format/ColumnMetaData$ColumnMetaDataStandardScheme.read;org/apache/parquet/format/ColumnMetaData$ColumnMetaDataStandardScheme.read;org/apache/parquet/format/Statistics.read;org/apache/parquet/format/Statistics$StatisticsStandardScheme.read;org/apache/parquet/format/Statistics$StatisticsStandardScheme.read;org/apache/parquet/format/InterningProtocol.readBinary;shaded/parquet/org/apache/thrift/protocol/TCompactProtocol.readBinary;byte[]_[i] 1
java/lang/Thread.run;java/lang/Thread.runWith;java/util/concurrent/ThreadPoolExecutor$Worker.run;java/util/concurrent/ThreadPoolExecutor.runWorker;java/util/concurrent/FutureTask.run;java/util/concurrent/Executors$RunnableAdapter.call;java/util/concurrent/FutureTask.run;org/openjdk/jmh/runner/BenchmarkHandler$BenchmarkTask.call;org/openjdk/jmh/runner/BenchmarkHandler$BenchmarkTask.call;java/lang/reflect/Method.invoke;jdk/internal/reflect/DirectMethodHandleAccessor.invoke;jdk/internal/reflect/DirectMethodHandleAccessor.invokeImpl;java/lang/invoke/LambdaForm$MH.0x000000001a061400.invokeExact_MT;java/lang/invoke/LambdaForm$MH.0x000000001a061000.invoke;java/lang/invoke/DirectMethodHandle$Holder.invokeSpecial;org/weakref/nitro/clickbench/jmh_generated/BenchmarkQueries_query17_jmhTest.query17_AverageTime;org/weakref/nitro/clickbench/jmh_generated/BenchmarkQueries_query17_jmhTest.query17_avgt_jmhStub;org/weakref/nitro/clickbench/BenchmarkQueries.query17;org/weakref/nitro/clickbench/BenchmarkQueries.consume;org/weakref/nitro/operator/TopNOperator.next;org/weakref/nitro/operator/TopNOperator.computeTopN;org/weakref/nitro/operator/GroupedAggregationOperator.next;org/weakref/nitro/operator/GroupedAggregationOperator.computeResults;org/weakref/nitro/operator/Output.borrow;org/weakref/nitro/operator/GroupOperator$$Lambda.0x000000001a10c218.apply;org/weakref/nitro/operator/GroupOperator.lambda$next$0;org/weakref/nitro/operator/GroupOperator.groupIds;org/weakref/nitro/operator/GroupOperator.doGroupingIfNeeded;org/weakref/nitro/operator/GroupingState.assignGroups;org/weakref/nitro/operator/GroupingState.assignFlatGroups;org/weakref/nitro/operator/FlatGroupingTable.beginBatch;org/weakref/nitro/operator/FlatKeyLayout.beginBatch;org/weakref/nitro/function/scalar/builtin/VectorAccess.longValues;java/lang/invoke/Invokers$Holder.linkToTargetMethod;java/lang/invoke/DirectMethodHandle$Holder.newInvokeSpecial;java/lang/invoke/DirectMethodHandle.allocateInstance;org.weakref.nitro.function.scalar.builtin.VectorAccess$$Lambda.0x000000001a121268_[i] 2
java/lang/Thread.run;java/lang/Thread.runWith;java/util/concurrent/ThreadPoolExecutor$Worker.run;java/util/concurrent/ThreadPoolExecutor.runWorker;java/util/concurrent/FutureTask.run;java/util/concurrent/Executors$RunnableAdapter.call;java/util/concurrent/FutureTask.run;org/openjdk/jmh/runner/BenchmarkHandler$BenchmarkTask.call;org/openjdk/jmh/runner/BenchmarkHandler$BenchmarkTask.call;java/lang/reflect/Method.invoke;jdk/internal/reflect/DirectMethodHandleAccessor.invoke;jdk/internal/reflect/DirectMethodHandleAccessor.invokeImpl;java/lang/invoke/LambdaForm$MH.0x000000001a061400.invokeExact_MT;java/lang/invoke/LambdaForm$MH.0x000000001a061000.invoke;java/lang/invoke/DirectMethodHandle$Holder.invokeSpecial;org/weakref/nitro/clickbench/jmh_generated/BenchmarkQueries_query17_jmhTest.query17_AverageTime;org/weakref/nitro/clickbench/jmh_generated/BenchmarkQueries_query17_jmhTest.query17_avgt_jmhStub;org/weakref/nitro/clickbench/BenchmarkQueries.query17;org/weakref/nitro/clickbench/ClickBenchHitsSupport.query17;org/weakref/nitro/clickbench/ClickBenchHitsSupport.clickBenchScan;org/weakref/nitro/operator/NitroParquetScanOperator.<init>;java/util/stream/ReferencePipeline.toArray;java/util/stream/AbstractPipeline.evaluateToArrayNode;java/util/stream/AbstractPipeline.evaluate;java/util/stream/AbstractPipeline.wrapAndCopyInto;java/util/stream/AbstractPipeline.copyInto;java/util/AbstractList$RandomAccessSpliterator.forEachRemaining;java/util/stream/ReferencePipeline$3$1.accept;org/weakref/nitro/operator/NitroParquetScanOperator$$Lambda.0x000000001a083cc0.apply;org/weakref/nitro/parquet/ParquetFile.open;org/weakref/nitro/parquet/ParquetFile.<init>;org/apache/parquet/format/Util.readFileMetaData;org/apache/parquet/format/Util.readFileMetaData;org/apache/parquet/format/Util.read;org/apache/parquet/format/FileMetaData.read;org/apache/parquet/format/FileMetaData$FileMetaDataStandardScheme.read;org/apache/parquet/format/FileMetaData$FileMetaDataStandardScheme.read;shaded/parquet/org/apache/thrift/TUnion.read;shaded/parquet/org/apache/thrift/TUnion$TUnionStandardSchemeFactory.getScheme;shaded/parquet/org/apache/thrift/TUnion$TUnionStandardSchemeFactory.getScheme;shaded.parquet.org.apache.thrift.TUnion$TUnionStandardScheme_[i] 1
java/lang/Thread.run;java/lang/Thread.runWith;java/util/concurrent/ThreadPoolExecutor$Worker.run;java/util/concurrent/ThreadPoolExecutor.runWorker;java/util/concurrent/FutureTask.run;java/util/concurrent/Executors$RunnableAdapter.call;java/util/concurrent/FutureTask.run;org/openjdk/jmh/runner/BenchmarkHandler$BenchmarkTask.call;org/openjdk/jmh/runner/BenchmarkHandler$BenchmarkTask.call;java/lang/reflect/Method.invoke;jdk/internal/reflect/DirectMethodHandleAccessor.invoke;jdk/internal/reflect/DirectMethodHandleAccessor.invokeImpl;java/lang/invoke/LambdaForm$MH.0x000000001a061400.invokeExact_MT;java/lang/invoke/LambdaForm$MH.0x000000001a061000.invoke;java/lang/invoke/DirectMethodHandle$Holder.invokeSpecial;org/weakref/nitro/clickbench/jmh_generated/BenchmarkQueries_query17_jmhTest.query17_AverageTime;org/weakref/nitro/clickbench/jmh_generated/BenchmarkQueries_query17_jmhTest.query17_avgt_jmhStub;org/weakref/nitro/clickbench/BenchmarkQueries.query17;org/weakref/nitro/clickbench/BenchmarkQueries.consume;org/weakref/nitro/operator/TopNOperator.next;org/weakref/nitro/operator/TopNOperator.computeTopN;org/weakref/nitro/operator/GroupedAggregationOperator.next;org/weakref/nitro/operator/GroupedAggregationOperator.computeResults;org/weakref/nitro/operator/GroupOperator.next;org/weakref/nitro/operator/NitroParquetScanOperator.next;org/weakref/nitro/operator/NitroParquetScanOperator.lazyBatch;org.weakref.nitro.operator.Output_[i] 7
java/lang/Thread.run;java/lang/Thread.runWith;java/util/concurrent/ThreadPoolExecutor$Worker.run;java/util/concurrent/ThreadPoolExecutor.runWorker;java/util/concurrent/FutureTask.run;java/util/concurrent/Executors$RunnableAdapter.call;java/util/concurrent/FutureTask.run;org/openjdk/jmh/runner/BenchmarkHandler$BenchmarkTask.call;org/openjdk/jmh/runner/BenchmarkHandler$BenchmarkTask.call;java/lang/reflect/Method.invoke;jdk/internal/reflect/DirectMethodHandleAccessor.invoke;jdk/internal/reflect/DirectMethodHandleAccessor.invokeImpl;java/lang/invoke/LambdaForm$MH.0x000000001a061400.invokeExact_MT;java/lang/invoke/LambdaForm$MH.0x000000001a061000.invoke;java/lang/invoke/DirectMethodHandle$Holder.invokeSpecial;org/weakref/nitro/clickbench/jmh_generated/BenchmarkQueries_query17_jmhTest.query17_AverageTime;org/weakref/nitro/clickbench/jmh_generated/BenchmarkQueries_query17_jmhTest.query17_avgt_jmhStub;org/weakref/nitro/clickbench/BenchmarkQueries.query17;org/weakref/nitro/clickbench/BenchmarkQueries.consume;org/weakref/nitro/operator/TopNOperator.next;org/weakref/nitro/operator/TopNOperator.computeTopN;org/weakref/nitro/operator/GroupedAggregationOperator.next;org/weakref/nitro/operator/GroupedAggregationOperator.computeResults;org/weakref/nitro/operator/Batch.close;org/weakref/nitro/operator/GroupOperator$$Lambda.0x000000001a10daa8.run;org/weakref/nitro/operator/GroupOperator.lambda$next$6;org/weakref/nitro/operator/Batch.close;org/weakref/nitro/operator/Output.close;org/weakref/nitro/operator/Output.release;org/weakref/nitro/operator/BatchBufferOwner.accept;org/weakref/nitro/operator/BatchBufferOwner.accept;org/weakref/nitro/operator/NitroParquetScanOperator$ScanOutputResolver.release;org/weakref/nitro/operator/BatchBufferScope.release;org/weakref/nitro/data/Allocator.release;org/weakref/nitro/data/Allocator.releaseVectorTree;org/weakref/nitro/data/Allocator.releaseVector;org/weakref/nitro/data/Allocator$ContextState.releaseVector;org/weakref/nitro/data/Allocator$ContextState.addVectorToPool;java/util/TreeMap.computeIfAbsent;java/util/TreeMap.addEntry;java.util.TreeMap$Entry_[i] 3
java/lang/Thread.run;java/lang/Thread.runWith;java/util/concurrent/ThreadPoolExecutor$Worker.run;java/util/concurrent/ThreadPoolExecutor.runWorker;java/util/concurrent/FutureTask.run;java/util/concurrent/Executors$RunnableAdapter.call;java/util/concurrent/FutureTask.run;org/openjdk/jmh/runner/BenchmarkHandler$BenchmarkTask.call;org/openjdk/jmh/runner/BenchmarkHandler$BenchmarkTask.call;java/lang/reflect/Method.invoke;jdk/internal/reflect/DirectMethodHandleAccessor.invoke;jdk/internal/reflect/DirectMethodHandleAccessor.invokeImpl;java/lang/invoke/LambdaForm$MH.0x000000001a061400.invokeExact_MT;java/lang/invoke/LambdaForm$MH.0x000000001a061000.invoke;java/lang/invoke/DirectMethodHandle$Holder.invokeSpecial;org/weakref/nitro/clickbench/jmh_generated/BenchmarkQueries_query17_jmhTest.query17_AverageTime;org/weakref/nitro/clickbench/jmh_generated/BenchmarkQueries_query17_jmhTest.query17_avgt_jmhStub;org/weakref/nitro/clickbench/BenchmarkQueries.query17;org/weakref/nitro/clickbench/ClickBenchHitsSupport.query17;org/weakref/nitro/clickbench/ClickBenchHitsSupport.clickBenchScan;org/weakref/nitro/operator/NitroParquetScanOperator.<init>;java/util/stream/ReferencePipeline.toArray;java/util/stream/AbstractPipeline.evaluateToArrayNode;java/util/stream/AbstractPipeline.evaluate;java/util/stream/AbstractPipeline.wrapAndCopyInto;java/util/stream/AbstractPipeline.copyInto;java/util/AbstractList$RandomAccessSpliterator.forEachRemaining;java/util/stream/ReferencePipeline$3$1.accept;org/weakref/nitro/operator/NitroParquetScanOperator$$Lambda.0x000000001a083cc0.apply;org/weakref/nitro/parquet/ParquetFile.open;org/weakref/nitro/parquet/ParquetFile.<init>;org/apache/parquet/format/Util.readFileMetaData;org/apache/parquet/format/Util.readFileMetaData;org/apache/parquet/format/Util.read;org/apache/parquet/format/FileMetaData.read;org/apache/parquet/format/FileMetaData$FileMetaDataStandardScheme.read;org/apache/parquet/format/FileMetaData$FileMetaDataStandardScheme.read;org/apache/parquet/format/RowGroup.read;org/apache/parquet/format/RowGroup$RowGroupStandardScheme.read;org/apache/parquet/format/RowGroup$RowGroupStandardScheme.read;org/apache/parquet/format/ColumnChunk.read;org/apache/parquet/format/ColumnChunk$ColumnChunkStandardScheme.read;org/apache/parquet/format/ColumnChunk$ColumnChunkStandardScheme.read;org/apache/parquet/format/ColumnMetaData.read;org/apache/parquet/format/ColumnMetaData$ColumnMetaDataStandardScheme.read;org/apache/parquet/format/ColumnMetaData$ColumnMetaDataStandardScheme.read;org/apache/parquet/format/InterningProtocol.readString;shaded/parquet/org/apache/thrift/protocol/TCompactProtocol.readString;java/lang/String.<init>;java/lang/String.<init>;java/lang/String.utf8;java/util/Arrays.copyOfRange;byte[]_[i] 8
java/lang/Thread.run;java/lang/Thread.runWith;java/util/concurrent/ThreadPoolExecutor$Worker.run;java/util/concurrent/ThreadPoolExecutor.runWorker;java/util/concurrent/FutureTask.run;java/util/concurrent/Executors$RunnableAdapter.call;java/util/concurrent/FutureTask.run;org/openjdk/jmh/runner/BenchmarkHandler$BenchmarkTask.call;org/openjdk/jmh/runner/BenchmarkHandler$BenchmarkTask.call;java/lang/reflect/Method.invoke;jdk/internal/reflect/DirectMethodHandleAccessor.invoke;jdk/internal/reflect/DirectMethodHandleAccessor.invokeImpl;java/lang/invoke/LambdaForm$MH.0x000000001a061400.invokeExact_MT;java/lang/invoke/LambdaForm$MH.0x000000001a061000.invoke;java/lang/invoke/DirectMethodHandle$Holder.invokeSpecial;org/weakref/nitro/clickbench/jmh_generated/BenchmarkQueries_query17_jmhTest.query17_AverageTime;org/weakref/nitro/clickbench/jmh_generated/BenchmarkQueries_query17_jmhTest.query17_avgt_jmhStub;org/weakref/nitro/clickbench/BenchmarkQueries.query17;org/weakref/nitro/clickbench/BenchmarkQueries.consume;org/weakref/nitro/operator/TopNOperator.next;org/weakref/nitro/operator/TopNOperator.computeTopN;org/weakref/nitro/operator/GroupedAggregationOperator.next;org/weakref/nitro/operator/GroupedAggregationOperator.computeResults;org/weakref/nitro/operator/GroupOperator.next;org.weakref.nitro.operator.Output_[i] 6
java/lang/Thread.run;java/lang/Thread.runWith;java/util/concurrent/ThreadPoolExecutor$Worker.run;java/util/concurrent/ThreadPoolExecutor.runWorker;java/util/concurrent/FutureTask.run;java/util/concurrent/Executors$RunnableAdapter.call;java/util/concurrent/FutureTask.run;org/openjdk/jmh/runner/BenchmarkHandler$BenchmarkTask.call;org/openjdk/jmh/runner/BenchmarkHandler$BenchmarkTask.call;java/lang/reflect/Method.invoke;jdk/internal/reflect/DirectMethodHandleAccessor.invoke;jdk/internal/reflect/DirectMethodHandleAccessor.invokeImpl;java/lang/invoke/LambdaForm$MH.0x000000001a061400.invokeExact_MT;java/lang/invoke/LambdaForm$MH.0x000000001a061000.invoke;java/lang/invoke/DirectMethodHandle$Holder.invokeSpecial;org/weakref/nitro/clickbench/jmh_generated/BenchmarkQueries_query17_jmhTest.query17_AverageTime;org/weakref/nitro/clickbench/jmh_generated/BenchmarkQueries_query17_jmhTest.query17_avgt_jmhStub;org/weakref/nitro/clickbench/BenchmarkQueries.query17;org/weakref/nitro/clickbench/ClickBenchHitsSupport.query17;org/weakref/nitro/clickbench/ClickBenchHitsSupport.clickBenchScan;org/weakref/nitro/operator/NitroParquetScanOperator.<init>;java/util/stream/ReferencePipeline.toArray;java/util/stream/AbstractPipeline.evaluateToArrayNode;java/util/stream/AbstractPipeline.evaluate;java/util/stream/AbstractPipeline.wrapAndCopyInto;java/util/stream/AbstractPipeline.copyInto;java/util/AbstractList$RandomAccessSpliterator.forEachRemaining;java/util/stream/ReferencePipeline$3$1.accept;org/weakref/nitro/operator/NitroParquetScanOperator$$Lambda.0x000000001a083cc0.apply;org/weakref/nitro/parquet/ParquetFile.open;org/weakref/nitro/parquet/ParquetFile.<init>;org/apache/parquet/format/Util.readFileMetaData;org/apache/parquet/format/Util.readFileMetaData;org/apache/parquet/format/Util.read;org/apache/parquet/format/FileMetaData.read;org/apache/parquet/format/FileMetaData$FileMetaDataStandardScheme.read;org/apache/parquet/format/FileMetaData$FileMetaDataStandardScheme.read;org/apache/parquet/format/RowGroup.read;org/apache/parquet/format/RowGroup$RowGroupStandardScheme.read;org/apache/parquet/format/RowGroup$RowGroupStandardScheme.read;org/apache/parquet/format/ColumnChunk.read;org/apache/parquet/format/ColumnChunk$ColumnChunkStandardScheme.read;org/apache/parquet/format/ColumnChunk$ColumnChunkStandardScheme.read;org/apache/parquet/format/ColumnMetaData.read;org/apache/parquet/format/ColumnMetaData$ColumnMetaDataStandardScheme.read;org/apache/parquet/format/ColumnMetaData$ColumnMetaDataStandardScheme.read;java/util/ArrayList.<init>;java.lang.Object[]_[i] 5
java/lang/Thread.run;java/lang/Thread.runWith;java/util/concurrent/ThreadPoolExecutor$Worker.run;java/util/concurrent/ThreadPoolExecutor.runWorker;java/util/concurrent/FutureTask.run;java/util/concurrent/Executors$RunnableAdapter.call;java/util/concurrent/FutureTask.run;org/openjdk/jmh/runner/BenchmarkHandler$BenchmarkTask.call;org/openjdk/jmh/runner/BenchmarkHandler$BenchmarkTask.call;java/lang/reflect/Method.invoke;jdk/internal/reflect/DirectMethodHandleAccessor.invoke;jdk/internal/reflect/DirectMethodHandleAccessor.invokeImpl;java/lang/invoke/LambdaForm$MH.0x000000001a061400.invokeExact_MT;java/lang/invoke/LambdaForm$MH.0x000000001a061000.invoke;java/lang/invoke/DirectMethodHandle$Holder.invokeSpecial;org/weakref/nitro/clickbench/jmh_generated/BenchmarkQueries_query17_jmhTest.query17_AverageTime;org/weakref/nitro/clickbench/jmh_generated/BenchmarkQueries_query17_jmhTest.query17_avgt_jmhStub;org/weakref/nitro/clickbench/BenchmarkQueries.query17;org/weakref/nitro/clickbench/BenchmarkQueries.consume;org/weakref/nitro/operator/TopNOperator.next;org/weakref/nitro/operator/TopNOperator.computeTopN;org/weakref/nitro/operator/GroupedAggregationOperator.next;org/weakref/nitro/operator/GroupedAggregationOperator.computeResults;org/weakref/nitro/operator/Output.borrow;org/weakref/nitro/operator/GroupOperator$$Lambda.0x000000001a10c218.apply;org/weakref/nitro/operator/GroupOperator.lambda$next$0;org/weakref/nitro/operator/GroupOperator.groupIds;org/weakref/nitro/operator/GroupOperator.doGroupingIfNeeded;org/weakref/nitro/operator/Output.borrow;org/weakref/nitro/operator/NitroParquetScanOperator$ScanOutputResolver$$Lambda.0x000000001a0ab190.apply;org/weakref/nitro/operator/NitroParquetScanOperator$ScanOutputResolver.resolve;org/weakref/nitro/operator/NitroParquetScanOperator.resolveLazyColumn;org/weakref/nitro/operator/NitroParquetScanOperator.decodeFullColumn;org/weakref/nitro/parquet/ColumnReader.readLongs;org/weakref/nitro/parquet/ColumnReader.decodeNextDataPage;org/weakref/nitro/parquet/ColumnReader.decodeDataPageV1;org/weakref/nitro/parquet/ColumnReader.ensureIdCapacity;org/weakref/nitro/parquet/ColumnReader.replaceInts;org/weakref/nitro/data/PrimitiveArrayPool.borrowInts;int[]_[i] 6
java/lang/Thread.run;java/lang/Thread.runWith;java/util/concurrent/ThreadPoolExecutor$Worker.run;java/util/concurrent/ThreadPoolExecutor.runWorker;java/util/concurrent/FutureTask.run;java/util/concurrent/Executors$RunnableAdapter.call;java/util/concurrent/FutureTask.run;org/openjdk/jmh/runner/BenchmarkHandler$BenchmarkTask.call;org/openjdk/jmh/runner/BenchmarkHandler$BenchmarkTask.call;java/lang/reflect/Method.invoke;jdk/internal/reflect/DirectMethodHandleAccessor.invoke;jdk/internal/reflect/DirectMethodHandleAccessor.invokeImpl;java/lang/invoke/LambdaForm$MH.0x000000001a061400.invokeExact_MT;java/lang/invoke/LambdaForm$MH.0x000000001a061000.invoke;java/lang/invoke/DirectMethodHandle$Holder.invokeSpecial;org/weakref/nitro/clickbench/jmh_generated/BenchmarkQueries_query17_jmhTest.query17_AverageTime;org/weakref/nitro/clickbench/jmh_generated/BenchmarkQueries_query17_jmhTest.query17_avgt_jmhStub;org/weakref/nitro/clickbench/BenchmarkQueries.query17;org/weakref/nitro/clickbench/BenchmarkQueries.consume;org/weakref/nitro/operator/TopNOperator.next;org/weakref/nitro/operator/TopNOperator.computeTopN;org/weakref/nitro/operator/GroupedAggregationOperator.next;org/weakref/nitro/operator/GroupedAggregationOperator.computeResults;org/weakref/nitro/operator/Output.borrow;org/weakref/nitro/operator/GroupOperator$$Lambda.0x000000001a10c218.apply;org/weakref/nitro/operator/GroupOperator.lambda$next$0;org/weakref/nitro/operator/GroupOperator.groupIds;org/weakref/nitro/operator/GroupOperator.doGroupingIfNeeded;org/weakref/nitro/operator/GroupingState.assignGroups;org/weakref/nitro/operator/GroupingState.assignFlatGroups;org/weakref/nitro/operator/FlatGroupingTable.assignGroupHashed;org/weakref/nitro/operator/FlatGroupingTable.assignGroupHashedInternal;org/weakref/nitro/operator/FlatGroupingTable.rehash;org/weakref/nitro/data/PrimitiveArrayPool.borrowBytes;byte[]_[i] 1
java/lang/Thread.run;java/lang/Thread.runWith;java/util/concurrent/ThreadPoolExecutor$Worker.run;java/util/concurrent/ThreadPoolExecutor.runWorker;java/util/concurrent/FutureTask.run;java/util/concurrent/Executors$RunnableAdapter.call;java/util/concurrent/FutureTask.run;org/openjdk/jmh/runner/BenchmarkHandler$BenchmarkTask.call;org/openjdk/jmh/runner/BenchmarkHandler$BenchmarkTask.call;java/lang/reflect/Method.invoke;jdk/internal/reflect/DirectMethodHandleAccessor.invoke;jdk/internal/reflect/DirectMethodHandleAccessor.invokeImpl;java/lang/invoke/LambdaForm$MH.0x000000001a061400.invokeExact_MT;java/lang/invoke/LambdaForm$MH.0x000000001a061000.invoke;java/lang/invoke/DirectMethodHandle$Holder.invokeSpecial;org/weakref/nitro/clickbench/jmh_generated/BenchmarkQueries_query17_jmhTest.query17_AverageTime;org/weakref/nitro/clickbench/jmh_generated/BenchmarkQueries_query17_jmhTest.query17_avgt_jmhStub;org/weakref/nitro/clickbench/BenchmarkQueries.query17;org/weakref/nitro/clickbench/BenchmarkQueries.consume;org/weakref/nitro/operator/TopNOperator.next;org/weakref/nitro/operator/TopNOperator.computeTopN;org/weakref/nitro/operator/GroupedAggregationOperator.next;org/weakref/nitro/operator/GroupedAggregationOperator.computeResults;org/weakref/nitro/operator/Output.borrow;org/weakref/nitro/operator/GroupOperator$$Lambda.0x000000001a10c218.apply;org/weakref/nitro/operator/GroupOperator.lambda$next$0;org/weakref/nitro/operator/GroupOperator.groupIds;org/weakref/nitro/operator/GroupOperator.doGroupingIfNeeded;org/weakref/nitro/operator/GroupingState.assignGroups;org/weakref/nitro/operator/GroupingState.assignFlatGroups;org/weakref/nitro/operator/FlatGroupingTable.beginBatch;org/weakref/nitro/operator/FlatKeyLayout.beginBatch;org/weakref/nitro/operator/FlatKeyLayout.borrowLongs;long[]_[i] 14
java/lang/Thread.run;java/lang/Thread.runWith;java/util/concurrent/ThreadPoolExecutor$Worker.run;java/util/concurrent/ThreadPoolExecutor.runWorker;java/util/concurrent/FutureTask.run;java/util/concurrent/Executors$RunnableAdapter.call;java/util/concurrent/FutureTask.run;org/openjdk/jmh/runner/BenchmarkHandler$BenchmarkTask.call;org/openjdk/jmh/runner/BenchmarkHandler$BenchmarkTask.call;java/lang/reflect/Method.invoke;jdk/internal/reflect/DirectMethodHandleAccessor.invoke;jdk/internal/reflect/DirectMethodHandleAccessor.invokeImpl;java/lang/invoke/LambdaForm$MH.0x000000001a061400.invokeExact_MT;java/lang/invoke/LambdaForm$MH.0x000000001a061000.invoke;java/lang/invoke/DirectMethodHandle$Holder.invokeSpecial;org/weakref/nitro/clickbench/jmh_generated/BenchmarkQueries_query17_jmhTest.query17_AverageTime;org/weakref/nitro/clickbench/jmh_generated/BenchmarkQueries_query17_jmhTest.query17_avgt_jmhStub;org/weakref/nitro/clickbench/BenchmarkQueries.query17;org/weakref/nitro/clickbench/BenchmarkQueries.consume;org/weakref/nitro/operator/TopNOperator.next;org/weakref/nitro/operator/TopNOperator.computeTopN;org/weakref/nitro/operator/GroupedAggregationOperator.next;org/weakref/nitro/operator/GroupedAggregationOperator.computeResults;org/weakref/nitro/operator/Output.borrow;org/weakref/nitro/operator/GroupOperator$$Lambda.0x000000001a10c218.apply;org/weakref/nitro/operator/GroupOperator.lambda$next$0;org/weakref/nitro/operator/GroupOperator.groupIds;org/weakref/nitro/operator/GroupOperator.doGroupingIfNeeded;org/weakref/nitro/operator/Output.borrow;org/weakref/nitro/operator/NitroParquetScanOperator$ScanOutputResolver$$Lambda.0x000000001a0ab190.apply;org/weakref/nitro/operator/NitroParquetScanOperator$ScanOutputResolver.resolve;org/weakref/nitro/operator/NitroParquetScanOperator.resolveLazyColumn;org/weakref/nitro/operator/NitroParquetScanOperator.decodeFullColumn;org/weakref/nitro/parquet/ColumnReader.readBinary;org/weakref/nitro/parquet/ColumnReader.readBinaryDirect;org/weakref/nitro/data/Allocator.release;org/weakref/nitro/data/Allocator.releaseVectorTree;org/weakref/nitro/data/Allocator.releaseVector;org/weakref/nitro/data/Allocator$ContextState.releaseVector;org/weakref/nitro/data/Allocator$ContextState.addVectorToPool;java/util/HashMap.computeIfAbsent;java/util/HashMap.newNode;java.util.HashMap$Node_[i] 1
java/lang/Thread.run;java/lang/Thread.runWith;java/util/concurrent/ThreadPoolExecutor$Worker.run;java/util/concurrent/ThreadPoolExecutor.runWorker;java/util/concurrent/FutureTask.run;java/util/concurrent/Executors$RunnableAdapter.call;java/util/concurrent/FutureTask.run;org/openjdk/jmh/runner/BenchmarkHandler$BenchmarkTask.call;org/openjdk/jmh/runner/BenchmarkHandler$BenchmarkTask.call;java/lang/reflect/Method.invoke;jdk/internal/reflect/DirectMethodHandleAccessor.invoke;jdk/internal/reflect/DirectMethodHandleAccessor.invokeImpl;java/lang/invoke/LambdaForm$MH.0x000000001a061400.invokeExact_MT;java/lang/invoke/LambdaForm$MH.0x000000001a061000.invoke;java/lang/invoke/DirectMethodHandle$Holder.invokeSpecial;org/weakref/nitro/clickbench/jmh_generated/BenchmarkQueries_query17_jmhTest.query17_AverageTime;org/weakref/nitro/clickbench/jmh_generated/BenchmarkQueries_query17_jmhTest.query17_avgt_jmhStub;org/weakref/nitro/clickbench/BenchmarkQueries.query17;org/weakref/nitro/clickbench/BenchmarkQueries.consume;org/weakref/nitro/operator/TopNOperator.next;org/weakref/nitro/operator/TopNOperator.computeTopN;org/weakref/nitro/operator/GroupedAggregationOperator.next;org/weakref/nitro/operator/GroupedAggregationOperator.computeResults;org/weakref/nitro/operator/Output.borrow;org/weakref/nitro/operator/GroupOperator$$Lambda.0x000000001a10c218.apply;org/weakref/nitro/operator/GroupOperator.lambda$next$0;org/weakref/nitro/operator/GroupOperator.groupIds;org/weakref/nitro/operator/GroupOperator.doGroupingIfNeeded;org/weakref/nitro/operator/GroupingState.assignGroups;org/weakref/nitro/operator/GroupingState.assignFlatGroups;org/weakref/nitro/operator/FlatGroupingTable.beginBatch;org/weakref/nitro/operator/FlatKeyLayout.beginBatch;org/weakref/nitro/operator/FlatKeyLayout.internDictionaryEntries;org/weakref/nitro/operator/ValueIdInterner.intern;org/weakref/nitro/operator/ValueIdInterner.store;java/util/Arrays.copyOf;int[]_[i] 3
java/lang/Thread.run;java/lang/Thread.runWith;java/util/concurrent/ThreadPoolExecutor$Worker.run;java/util/concurrent/ThreadPoolExecutor.runWorker;java/util/concurrent/FutureTask.run;java/util/concurrent/Executors$RunnableAdapter.call;java/util/concurrent/FutureTask.run;org/openjdk/jmh/runner/BenchmarkHandler$BenchmarkTask.call;org/openjdk/jmh/runner/BenchmarkHandler$BenchmarkTask.call;java/lang/reflect/Method.invoke;jdk/internal/reflect/DirectMethodHandleAccessor.invoke;jdk/internal/reflect/DirectMethodHandleAccessor.invokeImpl;java/lang/invoke/LambdaForm$MH.0x000000001a061400.invokeExact_MT;java/lang/invoke/LambdaForm$MH.0x000000001a061000.invoke;java/lang/invoke/DirectMethodHandle$Holder.invokeSpecial;org/weakref/nitro/clickbench/jmh_generated/BenchmarkQueries_query17_jmhTest.query17_AverageTime;org/weakref/nitro/clickbench/jmh_generated/BenchmarkQueries_query17_jmhTest.query17_avgt_jmhStub;org/weakref/nitro/clickbench/BenchmarkQueries.query17;org/weakref/nitro/clickbench/ClickBenchHitsSupport.query17;org/weakref/nitro/clickbench/ClickBenchHitsSupport.clickBenchScan;org/weakref/nitro/operator/NitroParquetScanOperator.<init>;java/util/stream/ReferencePipeline.toArray;java/util/stream/AbstractPipeline.evaluateToArrayNode;java/util/stream/AbstractPipeline.evaluate;java/util/stream/AbstractPipeline.wrapAndCopyInto;java/util/stream/AbstractPipeline.copyInto;java/util/AbstractList$RandomAccessSpliterator.forEachRemaining;java/util/stream/ReferencePipeline$3$1.accept;org/weakref/nitro/operator/NitroParquetScanOperator$$Lambda.0x000000001a083cc0.apply;org/weakref/nitro/parquet/ParquetFile.open;org/weakref/nitro/parquet/ParquetFile.<init>;org/apache/parquet/format/Util.readFileMetaData;org/apache/parquet/format/Util.readFileMetaData;org/apache/parquet/format/Util.read;org/apache/parquet/format/FileMetaData.read;org/apache/parquet/format/FileMetaData$FileMetaDataStandardScheme.read;org/apache/parquet/format/FileMetaData$FileMetaDataStandardScheme.read;org/apache/parquet/format/RowGroup.read;org/apache/parquet/format/RowGroup$RowGroupStandardScheme.read;org/apache/parquet/format/RowGroup$RowGroupStandardScheme.read;org/apache/parquet/format/ColumnChunk.read;org/apache/parquet/format/ColumnChunk$ColumnChunkStandardScheme.read;org/apache/parquet/format/ColumnChunk$ColumnChunkStandardScheme.read;org/apache/parquet/format/ColumnMetaData.read;org/apache/parquet/format/ColumnMetaData$ColumnMetaDataStandardScheme.read;org/apache/parquet/format/ColumnMetaData$ColumnMetaDataStandardScheme.read;org/apache/parquet/format/Statistics.read;org/apache/parquet/format/Statistics$StatisticsStandardScheme.read;org/apache/parquet/format/Statistics$StatisticsStandardScheme.read;org/apache/parquet/format/InterningProtocol.readBinary;shaded/parquet/org/apache/thrift/protocol/TCompactProtocol.readBinary;java/nio/ByteBuffer.wrap;java/nio/ByteBuffer.wrap;java.nio.HeapByteBuffer_[i] 5
java/lang/Thread.run;java/lang/Thread.runWith;java/util/concurrent/ThreadPoolExecutor$Worker.run;java/util/concurrent/ThreadPoolExecutor.runWorker;java/util/concurrent/FutureTask.run;java/util/concurrent/Executors$RunnableAdapter.call;java/util/concurrent/FutureTask.run;org/openjdk/jmh/runner/BenchmarkHandler$BenchmarkTask.call;org/openjdk/jmh/runner/BenchmarkHandler$BenchmarkTask.call;java/lang/reflect/Method.invoke;jdk/internal/reflect/DirectMethodHandleAccessor.invoke;jdk/internal/reflect/DirectMethodHandleAccessor.invokeImpl;java/lang/invoke/LambdaForm$MH.0x000000001a061400.invokeExact_MT;java/lang/invoke/LambdaForm$MH.0x000000001a061000.invoke;java/lang/invoke/DirectMethodHandle$Holder.invokeSpecial;org/weakref/nitro/clickbench/jmh_generated/BenchmarkQueries_query17_jmhTest.query17_AverageTime;org/weakref/nitro/clickbench/jmh_generated/BenchmarkQueries_query17_jmhTest.query17_avgt_jmhStub;org/weakref/nitro/clickbench/BenchmarkQueries.query17;org/weakref/nitro/clickbench/BenchmarkQueries.consume;org/weakref/nitro/operator/TopNOperator.next;org/weakref/nitro/operator/TopNOperator.computeTopN;org/weakref/nitro/operator/GroupedAggregationOperator.next;org/weakref/nitro/operator/GroupedAggregationOperator.computeResults;org/weakref/nitro/operator/Output.borrow;org/weakref/nitro/operator/GroupOperator$$Lambda.0x000000001a10c218.apply;org/weakref/nitro/operator/GroupOperator.lambda$next$0;org/weakref/nitro/operator/GroupOperator.groupIds;org/weakref/nitro/operator/GroupOperator.doGroupingIfNeeded;org/weakref/nitro/operator/Output.borrow;org/weakref/nitro/operator/NitroParquetScanOperator$ScanOutputResolver$$Lambda.0x000000001a0ab190.apply;org/weakref/nitro/operator/NitroParquetScanOperator$ScanOutputResolver.resolve;org/weakref/nitro/operator/NitroParquetScanOperator.resolveLazyColumn;org/weakref/nitro/operator/NitroParquetScanOperator.decodeFullColumn;org/weakref/nitro/parquet/ColumnReader.readLongs;org/weakref/nitro/parquet/ColumnReader.decodeNextDataPage;org/weakref/nitro/parquet/ColumnReader.readPageHeader;org/apache/parquet/format/Util.readPageHeader;org/apache/parquet/format/Util.readPageHeader;org/apache/parquet/format/Util.read;org/apache/parquet/format/PageHeader.read;org/apache/parquet/format/PageHeader$PageHeaderStandardScheme.read;org/apache/parquet/format/PageHeader$PageHeaderStandardScheme.read;org/apache/parquet/format/DataPageHeader.read;org/apache/parquet/format/DataPageHeader$DataPageHeaderStandardScheme.read;org/apache/parquet/format/DataPageHeader$DataPageHeaderStandardScheme.read;org/apache/parquet/format/Statistics.read;org/apache/parquet/format/Statistics$StatisticsStandardScheme.read;org/apache/parquet/format/Statistics$StatisticsStandardScheme.read;org/apache/parquet/format/InterningProtocol.readBinary;shaded/parquet/org/apache/thrift/protocol/TCompactProtocol.readBinary;java/nio/ByteBuffer.wrap;java/nio/ByteBuffer.wrap;java.nio.HeapByteBuffer_[i] 1
java/lang/Thread.run;java/lang/Thread.runWith;java/util/concurrent/ThreadPoolExecutor$Worker.run;java/util/concurrent/ThreadPoolExecutor.runWorker;java/util/concurrent/FutureTask.run;java/util/concurrent/Executors$RunnableAdapter.call;java/util/concurrent/FutureTask.run;org/openjdk/jmh/runner/BenchmarkHandler$BenchmarkTask.call;org/openjdk/jmh/runner/BenchmarkHandler$BenchmarkTask.call;java/lang/reflect/Method.invoke;jdk/internal/reflect/DirectMethodHandleAccessor.invoke;jdk/internal/reflect/DirectMethodHandleAccessor.invokeImpl;java/lang/invoke/LambdaForm$MH.0x000000001a061400.invokeExact_MT;java/lang/invoke/LambdaForm$MH.0x000000001a061000.invoke;java/lang/invoke/DirectMethodHandle$Holder.invokeSpecial;org/weakref/nitro/clickbench/jmh_generated/BenchmarkQueries_query17_jmhTest.query17_AverageTime;org/weakref/nitro/clickbench/jmh_generated/BenchmarkQueries_query17_jmhTest.query17_avgt_jmhStub;org/weakref/nitro/clickbench/BenchmarkQueries.query17;org/weakref/nitro/clickbench/ClickBenchHitsSupport.query17;org/weakref/nitro/clickbench/ClickBenchHitsSupport.clickBenchScan;org/weakref/nitro/operator/NitroParquetScanOperator.<init>;java/util/stream/ReferencePipeline.toArray;java/util/stream/AbstractPipeline.evaluateToArrayNode;java/util/stream/AbstractPipeline.evaluate;java/util/stream/AbstractPipeline.wrapAndCopyInto;java/util/stream/AbstractPipeline.copyInto;java/util/AbstractList$RandomAccessSpliterator.forEachRemaining;java/util/stream/ReferencePipeline$3$1.accept;org/weakref/nitro/operator/NitroParquetScanOperator$$Lambda.0x000000001a083cc0.apply;org/weakref/nitro/parquet/ParquetFile.open;org/weakref/nitro/parquet/ParquetFile.<init>;org/apache/parquet/format/Util.readFileMetaData;org/apache/parquet/format/Util.readFileMetaData;org/apache/parquet/format/Util.read;org/apache/parquet/format/FileMetaData.read;org/apache/parquet/format/FileMetaData$FileMetaDataStandardScheme.read;org/apache/parquet/format/FileMetaData$FileMetaDataStandardScheme.read;org/apache/parquet/format/RowGroup.read;org/apache/parquet/format/RowGroup$RowGroupStandardScheme.read;org/apache/parquet/format/RowGroup$RowGroupStandardScheme.read;org/apache/parquet/format/ColumnChunk.read;org/apache/parquet/format/ColumnChunk$ColumnChunkStandardScheme.read;org/apache/parquet/format/ColumnChunk$ColumnChunkStandardScheme.read;org/apache/parquet/format/ColumnMetaData.read;org/apache/parquet/format/ColumnMetaData$ColumnMetaDataStandardScheme.read;org/apache/parquet/format/ColumnMetaData$ColumnMetaDataStandardScheme.read;org/apache/parquet/format/Statistics.read;org/apache/parquet/format/Statistics.scheme;org/apache/parquet/format/Statistics$StatisticsStandardSchemeFactory.getScheme;org/apache/parquet/format/Statistics$StatisticsStandardSchemeFactory.getScheme;org.apache.parquet.format.Statistics$StatisticsStandardScheme_[i] 1
java/lang/Thread.run;java/lang/Thread.runWith;java/util/concurrent/ThreadPoolExecutor$Worker.run;java/util/concurrent/ThreadPoolExecutor.runWorker;java/util/concurrent/FutureTask.run;java/util/concurrent/Executors$RunnableAdapter.call;java/util/concurrent/FutureTask.run;org/openjdk/jmh/runner/BenchmarkHandler$BenchmarkTask.call;org/openjdk/jmh/runner/BenchmarkHandler$BenchmarkTask.call;java/lang/reflect/Method.invoke;jdk/internal/reflect/DirectMethodHandleAccessor.invoke;jdk/internal/reflect/DirectMethodHandleAccessor.invokeImpl;java/lang/invoke/LambdaForm$MH.0x000000001a061400.invokeExact_MT;java/lang/invoke/LambdaForm$MH.0x000000001a061000.invoke;java/lang/invoke/DirectMethodHandle$Holder.invokeSpecial;org/weakref/nitro/clickbench/jmh_generated/BenchmarkQueries_query17_jmhTest.query17_AverageTime;org/weakref/nitro/clickbench/jmh_generated/BenchmarkQueries_query17_jmhTest.query17_avgt_jmhStub;org/weakref/nitro/clickbench/BenchmarkQueries.query17;org/weakref/nitro/clickbench/ClickBenchHitsSupport.query17;org/weakref/nitro/clickbench/ClickBenchHitsSupport.clickBenchScan;org/weakref/nitro/operator/NitroParquetScanOperator.<init>;java/util/stream/ReferencePipeline.toArray;java/util/stream/AbstractPipeline.evaluateToArrayNode;java/util/stream/AbstractPipeline.evaluate;java/util/stream/AbstractPipeline.wrapAndCopyInto;java/util/stream/AbstractPipeline.copyInto;java/util/AbstractList$RandomAccessSpliterator.forEachRemaining;java/util/stream/ReferencePipeline$3$1.accept;org/weakref/nitro/operator/NitroParquetScanOperator$$Lambda.0x000000001a083cc0.apply;org/weakref/nitro/parquet/ParquetFile.open;org/weakref/nitro/parquet/ParquetFile.<init>;org/apache/parquet/format/Util.readFileMetaData;org/apache/parquet/format/Util.readFileMetaData;org/apache/parquet/format/Util.read;org/apache/parquet/format/FileMetaData.read;org/apache/parquet/format/FileMetaData$FileMetaDataStandardScheme.read;org/apache/parquet/format/FileMetaData$FileMetaDataStandardScheme.read;org/apache/parquet/format/RowGroup.read;org/apache/parquet/format/RowGroup$RowGroupStandardScheme.read;org/apache/parquet/format/RowGroup$RowGroupStandardScheme.read;org/apache/parquet/format/ColumnChunk.read;org/apache/parquet/format/ColumnChunk$ColumnChunkStandardScheme.read;org/apache/parquet/format/ColumnChunk$ColumnChunkStandardScheme.read;org/apache/parquet/format/ColumnMetaData.read;org/apache/parquet/format/ColumnMetaData$ColumnMetaDataStandardScheme.read;org/apache/parquet/format/ColumnMetaData$ColumnMetaDataStandardScheme.read;java/util/ArrayList.<init>;java.lang.Object[]_[i] 4
java/lang/Thread.run;java/lang/Thread.runWith;java/util/concurrent/ThreadPoolExecutor$Worker.run;java/util/concurrent/ThreadPoolExecutor.runWorker;java/util/concurrent/FutureTask.run;java/util/concurrent/Executors$RunnableAdapter.call;java/util/concurrent/FutureTask.run;org/openjdk/jmh/runner/BenchmarkHandler$BenchmarkTask.call;org/openjdk/jmh/runner/BenchmarkHandler$BenchmarkTask.call;java/lang/reflect/Method.invoke;jdk/internal/reflect/DirectMethodHandleAccessor.invoke;jdk/internal/reflect/DirectMethodHandleAccessor.invokeImpl;java/lang/invoke/LambdaForm$MH.0x000000001a061400.invokeExact_MT;java/lang/invoke/LambdaForm$MH.0x000000001a061000.invoke;java/lang/invoke/DirectMethodHandle$Holder.invokeSpecial;org/weakref/nitro/clickbench/jmh_generated/BenchmarkQueries_query17_jmhTest.query17_AverageTime;org/weakref/nitro/clickbench/jmh_generated/BenchmarkQueries_query17_jmhTest.query17_avgt_jmhStub;org/weakref/nitro/clickbench/BenchmarkQueries.query17;org/weakref/nitro/clickbench/ClickBenchHitsSupport.query17;org/weakref/nitro/clickbench/ClickBenchHitsSupport.clickBenchScan;org/weakref/nitro/operator/NitroParquetScanOperator.<init>;java/util/stream/ReferencePipeline.toArray;java/util/stream/AbstractPipeline.evaluateToArrayNode;java/util/stream/AbstractPipeline.evaluate;java/util/stream/AbstractPipeline.wrapAndCopyInto;java/util/stream/AbstractPipeline.copyInto;java/util/AbstractList$RandomAccessSpliterator.forEachRemaining;java/util/stream/ReferencePipeline$3$1.accept;org/weakref/nitro/operator/NitroParquetScanOperator$$Lambda.0x000000001a083cc0.apply;org/weakref/nitro/parquet/ParquetFile.open;java/nio/channels/FileChannel.open;java/nio/channels/FileChannel.open;sun/nio/fs/UnixFileSystemProvider.newFileChannel;sun/nio/fs/UnixChannelFactory.newFileChannel;sun/nio/fs/UnixChannelFactory.newFileChannel;sun/nio/ch/FileChannelImpl.open;sun.nio.ch.FileChannelImpl_[i] 1
java/lang/Thread.run;java/lang/Thread.runWith;java/util/concurrent/ThreadPoolExecutor$Worker.run;java/util/concurrent/ThreadPoolExecutor.runWorker;java/util/concurrent/FutureTask.run;java/util/concurrent/Executors$RunnableAdapter.call;java/util/concurrent/FutureTask.run;org/openjdk/jmh/runner/BenchmarkHandler$BenchmarkTask.call;org/openjdk/jmh/runner/BenchmarkHandler$BenchmarkTask.call;java/lang/reflect/Method.invoke;jdk/internal/reflect/DirectMethodHandleAccessor.invoke;jdk/internal/reflect/DirectMethodHandleAccessor.invokeImpl;java/lang/invoke/LambdaForm$MH.0x000000001a061400.invokeExact_MT;java/lang/invoke/LambdaForm$MH.0x000000001a061000.invoke;java/lang/invoke/DirectMethodHandle$Holder.invokeSpecial;org/weakref/nitro/clickbench/jmh_generated/BenchmarkQueries_query17_jmhTest.query17_AverageTime;org/weakref/nitro/clickbench/jmh_generated/BenchmarkQueries_query17_jmhTest.query17_avgt_jmhStub;org/weakref/nitro/clickbench/BenchmarkQueries.query17;org/weakref/nitro/clickbench/BenchmarkQueries.consume;org/weakref/nitro/operator/TopNOperator.next;org/weakref/nitro/operator/TopNOperator.computeTopN;org/weakref/nitro/operator/GroupedAggregationOperator.next;org/weakref/nitro/operator/GroupedAggregationOperator.computeResults;org/weakref/nitro/operator/Output.borrow;org/weakref/nitro/operator/GroupOperator$$Lambda.0x000000001a10c218.apply;org/weakref/nitro/operator/GroupOperator.lambda$next$0;org/weakref/nitro/operator/GroupOperator.groupIds;org/weakref/nitro/operator/GroupOperator.doGroupingIfNeeded;org/weakref/nitro/operator/Output.borrow;org/weakref/nitro/operator/NitroParquetScanOperator$ScanOutputResolver$$Lambda.0x000000001a0ab190.apply;org/weakref/nitro/operator/NitroParquetScanOperator$ScanOutputResolver.resolve;org/weakref/nitro/operator/NitroParquetScanOperator.resolveLazyColumn;org/weakref/nitro/operator/NitroParquetScanOperator.decodeFullColumn;org/weakref/nitro/parquet/ColumnReader.readBinary;org/weakref/nitro/parquet/ColumnReader.readBinaryDirect;org/weakref/nitro/data/Allocator.release;org/weakref/nitro/data/Allocator.releaseVectorTree;org/weakref/nitro/data/Allocator.releaseVector;org/weakref/nitro/data/Allocator$ContextState.releaseVector;org/weakref/nitro/data/Allocator$ContextState.addVectorToPool;java/util/HashMap.computeIfAbsent;org/weakref/nitro/data/Allocator$ContextState$$Lambda.0x000000001a112170.apply;org/weakref/nitro/data/Allocator$ContextState.lambda$addVectorToPool$0;java.util.TreeMap_[i] 1
java/lang/Thread.run;java/lang/Thread.runWith;java/util/concurrent/ThreadPoolExecutor$Worker.run;java/util/concurrent/ThreadPoolExecutor.runWorker;java/util/concurrent/FutureTask.run;java/util/concurrent/Executors$RunnableAdapter.call;java/util/concurrent/FutureTask.run;org/openjdk/jmh/runner/BenchmarkHandler$BenchmarkTask.call;org/openjdk/jmh/runner/BenchmarkHandler$BenchmarkTask.call;java/lang/reflect/Method.invoke;jdk/internal/reflect/DirectMethodHandleAccessor.invoke;jdk/internal/reflect/DirectMethodHandleAccessor.invokeImpl;java/lang/invoke/LambdaForm$MH.0x000000001a061400.invokeExact_MT;java/lang/invoke/LambdaForm$MH.0x000000001a061000.invoke;java/lang/invoke/DirectMethodHandle$Holder.invokeSpecial;org/weakref/nitro/clickbench/jmh_generated/BenchmarkQueries_query17_jmhTest.query17_AverageTime;org/weakref/nitro/clickbench/jmh_generated/BenchmarkQueries_query17_jmhTest.query17_avgt_jmhStub;org/weakref/nitro/clickbench/BenchmarkQueries.query17;org/weakref/nitro/clickbench/ClickBenchHitsSupport.query17;org/weakref/nitro/clickbench/ClickBenchHitsSupport.clickBenchScan;org/weakref/nitro/operator/NitroParquetScanOperator.<init>;java/util/stream/ReferencePipeline.toArray;java/util/stream/AbstractPipeline.evaluateToArrayNode;java/util/stream/AbstractPipeline.evaluate;java/util/stream/AbstractPipeline.wrapAndCopyInto;java/util/stream/AbstractPipeline.copyInto;java/util/AbstractList$RandomAccessSpliterator.forEachRemaining;java/util/stream/ReferencePipeline$3$1.accept;org/weakref/nitro/operator/NitroParquetScanOperator$$Lambda.0x000000001a083cc0.apply;org/weakref/nitro/parquet/ParquetFile.open;org/weakref/nitro/parquet/ParquetFile.<init>;org/apache/parquet/format/Util.readFileMetaData;org/apache/parquet/format/Util.readFileMetaData;org/apache/parquet/format/Util.read;org/apache/parquet/format/FileMetaData.read;org/apache/parquet/format/FileMetaData$FileMetaDataStandardScheme.read;org/apache/parquet/format/FileMetaData$FileMetaDataStandardScheme.read;org/apache/parquet/format/RowGroup.read;org/apache/parquet/format/RowGroup$RowGroupStandardScheme.read;org/apache/parquet/format/RowGroup$RowGroupStandardScheme.read;org/apache/parquet/format/ColumnChunk.read;org/apache/parquet/format/ColumnChunk$ColumnChunkStandardScheme.read;org/apache/parquet/format/ColumnChunk$ColumnChunkStandardScheme.read;org/apache/parquet/format/ColumnMetaData.read;org/apache/parquet/format/ColumnMetaData$ColumnMetaDataStandardScheme.read;org/apache/parquet/format/ColumnMetaData$ColumnMetaDataStandardScheme.read;org/apache/parquet/format/InterningProtocol.readListBegin;shaded/parquet/org/apache/thrift/protocol/TCompactProtocol.readListBegin;shaded.parquet.org.apache.thrift.protocol.TList_[i] 3
java/lang/Thread.run;java/lang/Thread.runWith;java/util/concurrent/ThreadPoolExecutor$Worker.run;java/util/concurrent/ThreadPoolExecutor.runWorker;java/util/concurrent/FutureTask.run;java/util/concurrent/Executors$RunnableAdapter.call;java/util/concurrent/FutureTask.run;org/openjdk/jmh/runner/BenchmarkHandler$BenchmarkTask.call;org/openjdk/jmh/runner/BenchmarkHandler$BenchmarkTask.call;java/lang/reflect/Method.invoke;jdk/internal/reflect/DirectMethodHandleAccessor.invoke;jdk/internal/reflect/DirectMethodHandleAccessor.invokeImpl;java/lang/invoke/LambdaForm$MH.0x000000001a061400.invokeExact_MT;java/lang/invoke/LambdaForm$MH.0x000000001a061000.invoke;java/lang/invoke/DirectMethodHandle$Holder.invokeSpecial;org/weakref/nitro/clickbench/jmh_generated/BenchmarkQueries_query17_jmhTest.query17_AverageTime;org/weakref/nitro/clickbench/jmh_generated/BenchmarkQueries_query17_jmhTest.query17_avgt_jmhStub;org/weakref/nitro/clickbench/BenchmarkQueries.query17;org/weakref/nitro/clickbench/ClickBenchHitsSupport.query17;org/weakref/nitro/clickbench/ClickBenchHitsSupport.clickBenchScan;org/weakref/nitro/operator/NitroParquetScanOperator.<init>;java/util/stream/ReferencePipeline.toArray;java/util/stream/AbstractPipeline.evaluateToArrayNode;java/util/stream/AbstractPipeline.evaluate;java/util/stream/AbstractPipeline.wrapAndCopyInto;java/util/stream/AbstractPipeline.copyInto;java/util/AbstractList$RandomAccessSpliterator.forEachRemaining;java/util/stream/ReferencePipeline$3$1.accept;org/weakref/nitro/operator/NitroParquetScanOperator$$Lambda.0x000000001a083cc0.apply;org/weakref/nitro/parquet/ParquetFile.open;org/weakref/nitro/parquet/ParquetFile.<init>;org/apache/parquet/format/Util.readFileMetaData;org/apache/parquet/format/Util.readFileMetaData;org/apache/parquet/format/Util.read;org/apache/parquet/format/FileMetaData.read;org/apache/parquet/format/FileMetaData$FileMetaDataStandardScheme.read;org/apache/parquet/format/FileMetaData$FileMetaDataStandardScheme.read;org/apache/parquet/format/RowGroup.read;org/apache/parquet/format/RowGroup$RowGroupStandardScheme.read;org/apache/parquet/format/RowGroup$RowGroupStandardScheme.read;org/apache/parquet/format/ColumnChunk.read;org/apache/parquet/format/ColumnChunk$ColumnChunkStandardScheme.read;org/apache/parquet/format/ColumnChunk$ColumnChunkStandardScheme.read;org/apache/parquet/format/ColumnMetaData.read;org/apache/parquet/format/ColumnMetaData$ColumnMetaDataStandardScheme.read;org/apache/parquet/format/ColumnMetaData$ColumnMetaDataStandardScheme.read;java.util.ArrayList_[i] 5
java/lang/Thread.run;java/lang/Thread.runWith;java/util/concurrent/ThreadPoolExecutor$Worker.run;java/util/concurrent/ThreadPoolExecutor.runWorker;java/util/concurrent/FutureTask.run;java/util/concurrent/Executors$RunnableAdapter.call;java/util/concurrent/FutureTask.run;org/openjdk/jmh/runner/BenchmarkHandler$BenchmarkTask.call;org/openjdk/jmh/runner/BenchmarkHandler$BenchmarkTask.call;java/lang/reflect/Method.invoke;jdk/internal/reflect/DirectMethodHandleAccessor.invoke;jdk/internal/reflect/DirectMethodHandleAccessor.invokeImpl;java/lang/invoke/LambdaForm$MH.0x000000001a061400.invokeExact_MT;java/lang/invoke/LambdaForm$MH.0x000000001a061000.invoke;java/lang/invoke/DirectMethodHandle$Holder.invokeSpecial;org/weakref/nitro/clickbench/jmh_generated/BenchmarkQueries_query17_jmhTest.query17_AverageTime;org/weakref/nitro/clickbench/jmh_generated/BenchmarkQueries_query17_jmhTest.query17_avgt_jmhStub;org/weakref/nitro/clickbench/BenchmarkQueries.query17;org/weakref/nitro/clickbench/ClickBenchHitsSupport.query17;org/weakref/nitro/clickbench/ClickBenchHitsSupport.clickBenchScan;org/weakref/nitro/operator/NitroParquetScanOperator.<init>;java/util/stream/ReferencePipeline.toArray;java/util/stream/AbstractPipeline.evaluateToArrayNode;java/util/stream/AbstractPipeline.evaluate;java/util/stream/AbstractPipeline.wrapAndCopyInto;java/util/stream/AbstractPipeline.copyInto;java/util/AbstractList$RandomAccessSpliterator.forEachRemaining;java/util/stream/ReferencePipeline$3$1.accept;org/weakref/nitro/operator/NitroParquetScanOperator$$Lambda.0x000000001a083cc0.apply;org/weakref/nitro/parquet/ParquetFile.open;org/weakref/nitro/parquet/ParquetFile.<init>;org/apache/parquet/format/Util.readFileMetaData;org/apache/parquet/format/Util.readFileMetaData;org/apache/parquet/format/Util.read;org/apache/parquet/format/FileMetaData.read;org/apache/parquet/format/FileMetaData$FileMetaDataStandardScheme.read;org/apache/parquet/format/FileMetaData$FileMetaDataStandardScheme.read;org/apache/parquet/format/RowGroup.read;org/apache/parquet/format/RowGroup$RowGroupStandardScheme.read;org/apache/parquet/format/RowGroup$RowGroupStandardScheme.read;org/apache/parquet/format/ColumnChunk.read;org/apache/parquet/format/ColumnChunk.scheme;org/apache/parquet/format/ColumnChunk$ColumnChunkStandardSchemeFactory.getScheme;org/apache/parquet/format/ColumnChunk$ColumnChunkStandardSchemeFactory.getScheme;org.apache.parquet.format.ColumnChunk$ColumnChunkStandardScheme_[i] 4
java/lang/Thread.run;java/lang/Thread.runWith;java/util/concurrent/ThreadPoolExecutor$Worker.run;java/util/concurrent/ThreadPoolExecutor.runWorker;java/util/concurrent/FutureTask.run;java/util/concurrent/Executors$RunnableAdapter.call;java/util/concurrent/FutureTask.run;org/openjdk/jmh/runner/BenchmarkHandler$BenchmarkTask.call;org/openjdk/jmh/runner/BenchmarkHandler$BenchmarkTask.call;java/lang/reflect/Method.invoke;jdk/internal/reflect/DirectMethodHandleAccessor.invoke;jdk/internal/reflect/DirectMethodHandleAccessor.invokeImpl;java/lang/invoke/LambdaForm$MH.0x000000001a061400.invokeExact_MT;java/lang/invoke/LambdaForm$MH.0x000000001a061000.invoke;java/lang/invoke/DirectMethodHandle$Holder.invokeSpecial;org/weakref/nitro/clickbench/jmh_generated/BenchmarkQueries_query17_jmhTest.query17_AverageTime;org/weakref/nitro/clickbench/jmh_generated/BenchmarkQueries_query17_jmhTest.query17_avgt_jmhStub;org/weakref/nitro/clickbench/BenchmarkQueries.query17;org/weakref/nitro/clickbench/BenchmarkQueries.consume;org/weakref/nitro/operator/TopNOperator.next;org/weakref/nitro/operator/TopNOperator.computeTopN;org/weakref/nitro/operator/GroupedAggregationOperator.next;org/weakref/nitro/operator/GroupedAggregationOperator.computeResults;org/weakref/nitro/operator/Output.borrow;org/weakref/nitro/operator/GroupOperator$$Lambda.0x000000001a10c218.apply;org/weakref/nitro/operator/GroupOperator.lambda$next$0;org/weakref/nitro/operator/GroupOperator.groupIds;org/weakref/nitro/operator/GroupOperator.doGroupingIfNeeded;org/weakref/nitro/operator/Output.borrow;org/weakref/nitro/operator/NitroParquetScanOperator$ScanOutputResolver$$Lambda.0x000000001a0ab190.apply;org/weakref/nitro/operator/NitroParquetScanOperator$ScanOutputResolver.resolve;org/weakref/nitro/operator/NitroParquetScanOperator.resolveLazyColumn;org/weakref/nitro/operator/NitroParquetScanOperator.decodeFullColumn;org/weakref/nitro/parquet/ColumnReader.readLongs;org/weakref/nitro/parquet/ColumnReader.decodeNextDataPage;org/weakref/nitro/parquet/ColumnReader.readPageHeader;org/apache/parquet/format/Util.readPageHeader;org/apache/parquet/format/Util.readPageHeader;org/apache/parquet/format/Util.read;org/apache/parquet/format/Util.protocol;org/apache/parquet/format/Util.protocol;shaded/parquet/org/apache/thrift/protocol/TCompactProtocol.<init>;shaded/parquet/org/apache/thrift/protocol/TCompactProtocol.<init>;shaded/parquet/org/apache/thrift/protocol/TProtocol.<init>;byte[]_[i] 1
java/lang/Thread.run;java/lang/Thread.runWith;java/util/concurrent/ThreadPoolExecutor$Worker.run;java/util/concurrent/ThreadPoolExecutor.runWorker;java/util/concurrent/FutureTask.run;java/util/concurrent/Executors$RunnableAdapter.call;java/util/concurrent/FutureTask.run;org/openjdk/jmh/runner/BenchmarkHandler$BenchmarkTask.call;org/openjdk/jmh/runner/BenchmarkHandler$BenchmarkTask.call;java/lang/reflect/Method.invoke;jdk/internal/reflect/DirectMethodHandleAccessor.invoke;jdk/internal/reflect/DirectMethodHandleAccessor.invokeImpl;java/lang/invoke/LambdaForm$MH.0x000000001a061400.invokeExact_MT;java/lang/invoke/LambdaForm$MH.0x000000001a061000.invoke;java/lang/invoke/DirectMethodHandle$Holder.invokeSpecial;org/weakref/nitro/clickbench/jmh_generated/BenchmarkQueries_query17_jmhTest.query17_AverageTime;org/weakref/nitro/clickbench/jmh_generated/BenchmarkQueries_query17_jmhTest.query17_avgt_jmhStub;org/weakref/nitro/clickbench/BenchmarkQueries.query17;org/weakref/nitro/clickbench/BenchmarkQueries.consume;org/weakref/nitro/operator/TopNOperator.next;org/weakref/nitro/operator/TopNOperator.computeTopN;org/weakref/nitro/operator/GroupedAggregationOperator.next;org/weakref/nitro/operator/GroupedAggregationOperator.computeResults;org/weakref/nitro/operator/Output.borrow;org/weakref/nitro/operator/GroupOperator$$Lambda.0x000000001a10c218.apply;org/weakref/nitro/operator/GroupOperator.lambda$next$0;org/weakref/nitro/operator/GroupOperator.groupIds;org/weakref/nitro/operator/GroupOperator.doGroupingIfNeeded;org/weakref/nitro/operator/GroupingState.assignGroups;org/weakref/nitro/operator/GroupingState.assignFlatGroups;org/weakref/nitro/operator/FlatGroupingTable.beginBatch;org/weakref/nitro/operator/FlatKeyLayout.beginBatch;org/weakref/nitro/operator/FlatKeyLayout.internDictionaryEntries;org/weakref/nitro/operator/FlatKeyLayout.borrowInts;int[]_[i] 48
java/lang/Thread.run;java/lang/Thread.runWith;java/util/concurrent/ThreadPoolExecutor$Worker.run;java/util/concurrent/ThreadPoolExecutor.runWorker;java/util/concurrent/FutureTask.run;java/util/concurrent/Executors$RunnableAdapter.call;java/util/concurrent/FutureTask.run;org/openjdk/jmh/runner/BenchmarkHandler$BenchmarkTask.call;org/openjdk/jmh/runner/BenchmarkHandler$BenchmarkTask.call;java/lang/reflect/Method.invoke;jdk/internal/reflect/DirectMethodHandleAccessor.invoke;jdk/internal/reflect/DirectMethodHandleAccessor.invokeImpl;java/lang/invoke/LambdaForm$MH.0x000000001a061400.invokeExact_MT;java/lang/invoke/LambdaForm$MH.0x000000001a061000.invoke;java/lang/invoke/DirectMethodHandle$Holder.invokeSpecial;org/weakref/nitro/clickbench/jmh_generated/BenchmarkQueries_query17_jmhTest.query17_AverageTime;org/weakref/nitro/clickbench/jmh_generated/BenchmarkQueries_query17_jmhTest.query17_avgt_jmhStub;org/weakref/nitro/clickbench/BenchmarkQueries.query17;org/weakref/nitro/clickbench/BenchmarkQueries.consume;org/weakref/nitro/operator/TopNOperator.next;org/weakref/nitro/operator/TopNOperator.computeTopN;org/weakref/nitro/operator/GroupedAggregationOperator.next;org/weakref/nitro/operator/GroupedAggregationOperator.computeResults;org/weakref/nitro/operator/Output.borrow;org/weakref/nitro/operator/GroupOperator$$Lambda.0x000000001a10c218.apply;org/weakref/nitro/operator/GroupOperator.lambda$next$0;org/weakref/nitro/operator/GroupOperator.groupIds;org/weakref/nitro/operator/GroupOperator.doGroupingIfNeeded;org/weakref/nitro/operator/Output.borrow;org/weakref/nitro/operator/NitroParquetScanOperator$ScanOutputResolver$$Lambda.0x000000001a0ab190.apply;org/weakref/nitro/operator/NitroParquetScanOperator$ScanOutputResolver.resolve;org/weakref/nitro/operator/NitroParquetScanOperator.resolveLazyColumn;org/weakref/nitro/operator/NitroParquetScanOperator.decodeFullColumn;org/weakref/nitro/parquet/ColumnReader.readBinary;org/weakref/nitro/parquet/ColumnReader.readBinaryDirect;org/weakref/nitro/parquet/ColumnReader.decodeNextDataPage;org/weakref/nitro/parquet/ColumnReader.decodeDataPageV1;org/weakref/nitro/parquet/ColumnReader.scatterDictionaryBinaryIds;org/weakref/nitro/parquet/ColumnReader.replaceInts;org/weakref/nitro/data/PrimitiveArrayPool.borrowInts;int[]_[i] 12
java/lang/Thread.run;java/lang/Thread.runWith;java/util/concurrent/ThreadPoolExecutor$Worker.run;java/util/concurrent/ThreadPoolExecutor.runWorker;java/util/concurrent/FutureTask.run;java/util/concurrent/Executors$RunnableAdapter.call;java/util/concurrent/FutureTask.run;org/openjdk/jmh/runner/BenchmarkHandler$BenchmarkTask.call;org/openjdk/jmh/runner/BenchmarkHandler$BenchmarkTask.call;java/lang/reflect/Method.invoke;jdk/internal/reflect/DirectMethodHandleAccessor.invoke;jdk/internal/reflect/DirectMethodHandleAccessor.invokeImpl;java/lang/invoke/LambdaForm$MH.0x000000001a061400.invokeExact_MT;java/lang/invoke/LambdaForm$MH.0x000000001a061000.invoke;java/lang/invoke/DirectMethodHandle$Holder.invokeSpecial;org/weakref/nitro/clickbench/jmh_generated/BenchmarkQueries_query17_jmhTest.query17_AverageTime;org/weakref/nitro/clickbench/jmh_generated/BenchmarkQueries_query17_jmhTest.query17_avgt_jmhStub;org/weakref/nitro/clickbench/BenchmarkQueries.query17;org/weakref/nitro/clickbench/BenchmarkQueries.consume;org/weakref/nitro/operator/TopNOperator.next;org/weakref/nitro/operator/TopNOperator.computeTopN;org/weakref/nitro/operator/GroupedAggregationOperator.next;org/weakref/nitro/operator/GroupedAggregationOperator.computeResults;org/weakref/nitro/operator/Batch.close;org/weakref/nitro/operator/GroupOperator$$Lambda.0x000000001a10daa8.run;org/weakref/nitro/operator/GroupOperator.lambda$next$6;org/weakref/nitro/operator/Batch.close;org/weakref/nitro/operator/Output.close;org/weakref/nitro/operator/Output.release;org/weakref/nitro/operator/BatchBufferOwner.accept;org/weakref/nitro/operator/BatchBufferOwner.accept;org/weakref/nitro/operator/NitroParquetScanOperator$ScanOutputResolver.release;org/weakref/nitro/operator/BatchBufferScope.release;org/weakref/nitro/data/Allocator.release;org/weakref/nitro/data/Allocator.releaseVectorTree;org/weakref/nitro/data/DictionaryVector.forEachChildVector;org/weakref/nitro/data/Allocator$$Lambda.0x000000001a111f30.accept;org/weakref/nitro/data/Allocator.lambda$releaseVectorTree$0;org/weakref/nitro/data/Allocator.releaseVectorTree;java/lang/invoke/Invokers$Holder.linkToTargetMethod;java/lang/invoke/DirectMethodHandle$Holder.newInvokeSpecial;java/lang/invoke/DirectMethodHandle.allocateInstance;org.weakref.nitro.data.Allocator$$Lambda.0x000000001a111f30_[i] 1
java/lang/Thread.run;java/lang/Thread.runWith;java/util/concurrent/ThreadPoolExecutor$Worker.run;java/util/concurrent/ThreadPoolExecutor.runWorker;java/util/concurrent/FutureTask.run;java/util/concurrent/Executors$RunnableAdapter.call;java/util/concurrent/FutureTask.run;org/openjdk/jmh/runner/BenchmarkHandler$BenchmarkTask.call;org/openjdk/jmh/runner/BenchmarkHandler$BenchmarkTask.call;java/lang/reflect/Method.invoke;jdk/internal/reflect/DirectMethodHandleAccessor.invoke;jdk/internal/reflect/DirectMethodHandleAccessor.invokeImpl;java/lang/invoke/LambdaForm$MH.0x000000001a061400.invokeExact_MT;java/lang/invoke/LambdaForm$MH.0x000000001a061000.invoke;java/lang/invoke/DirectMethodHandle$Holder.invokeSpecial;org/weakref/nitro/clickbench/jmh_generated/BenchmarkQueries_query17_jmhTest.query17_AverageTime;org/weakref/nitro/clickbench/jmh_generated/BenchmarkQueries_query17_jmhTest.query17_avgt_jmhStub;org/weakref/nitro/clickbench/BenchmarkQueries.query17;org/weakref/nitro/clickbench/ClickBenchHitsSupport.query17;org/weakref/nitro/clickbench/ClickBenchHitsSupport.clickBenchScan;org/weakref/nitro/operator/NitroParquetScanOperator.<init>;java/util/stream/ReferencePipeline.toArray;java/util/stream/AbstractPipeline.evaluateToArrayNode;java/util/stream/AbstractPipeline.evaluate;java/util/stream/AbstractPipeline.wrapAndCopyInto;java/util/stream/AbstractPipeline.copyInto;java/util/AbstractList$RandomAccessSpliterator.forEachRemaining;java/util/stream/ReferencePipeline$3$1.accept;org/weakref/nitro/operator/NitroParquetScanOperator$$Lambda.0x000000001a083cc0.apply;org/weakref/nitro/parquet/ParquetFile.open;org/weakref/nitro/parquet/ParquetFile.<init>;org/apache/parquet/format/Util.readFileMetaData;org/apache/parquet/format/Util.readFileMetaData;org/apache/parquet/format/Util.read;org/apache/parquet/format/FileMetaData.read;org/apache/parquet/format/FileMetaData$FileMetaDataStandardScheme.read;org/apache/parquet/format/FileMetaData$FileMetaDataStandardScheme.read;org/apache/parquet/format/SchemaElement.read;org/apache/parquet/format/SchemaElement$SchemaElementStandardScheme.read;org/apache/parquet/format/SchemaElement$SchemaElementStandardScheme.read;org/apache/parquet/format/InterningProtocol.readFieldBegin;shaded/parquet/org/apache/thrift/protocol/TCompactProtocol.readFieldBegin;shaded.parquet.org.apache.thrift.protocol.TField_[i] 3
java/lang/Thread.run;java/lang/Thread.runWith;java/util/concurrent/ThreadPoolExecutor$Worker.run;java/util/concurrent/ThreadPoolExecutor.runWorker;java/util/concurrent/FutureTask.run;java/util/concurrent/Executors$RunnableAdapter.call;java/util/concurrent/FutureTask.run;org/openjdk/jmh/runner/BenchmarkHandler$BenchmarkTask.call;org/openjdk/jmh/runner/BenchmarkHandler$BenchmarkTask.call;java/lang/reflect/Method.invoke;jdk/internal/reflect/DirectMethodHandleAccessor.invoke;jdk/internal/reflect/DirectMethodHandleAccessor.invokeImpl;java/lang/invoke/LambdaForm$MH.0x000000001a061400.invokeExact_MT;java/lang/invoke/LambdaForm$MH.0x000000001a061000.invoke;java/lang/invoke/DirectMethodHandle$Holder.invokeSpecial;org/weakref/nitro/clickbench/jmh_generated/BenchmarkQueries_query17_jmhTest.query17_AverageTime;org/weakref/nitro/clickbench/jmh_generated/BenchmarkQueries_query17_jmhTest.query17_avgt_jmhStub;org/weakref/nitro/clickbench/BenchmarkQueries.query17;org/weakref/nitro/clickbench/BenchmarkQueries.consume;org/weakref/nitro/operator/TopNOperator.next;org/weakref/nitro/operator/TopNOperator.computeTopN;org/weakref/nitro/operator/GroupedAggregationOperator.next;org/weakref/nitro/operator/GroupedAggregationOperator.computeResults;org/weakref/nitro/operator/Output.borrow;org/weakref/nitro/operator/GroupOperator$$Lambda.0x000000001a10c218.apply;org/weakref/nitro/operator/GroupOperator.lambda$next$0;org/weakref/nitro/operator/GroupOperator.groupIds;org/weakref/nitro/operator/GroupOperator.doGroupingIfNeeded;org/weakref/nitro/operator/Output.borrow;org/weakref/nitro/operator/NitroParquetScanOperator$ScanOutputResolver$$Lambda.0x000000001a0ab190.apply;org/weakref/nitro/operator/NitroParquetScanOperator$ScanOutputResolver.resolve;org/weakref/nitro/operator/NitroParquetScanOperator.resolveLazyColumn;org/weakref/nitro/operator/NitroParquetScanOperator.decodeFullColumn;org/weakref/nitro/parquet/ColumnReader.readBinary;org/weakref/nitro/parquet/ColumnReader.readBinaryDirect;org/weakref/nitro/data/BinaryVector.addTrait;java/util/Set.of;java.util.ImmutableCollections$Set12_[i] 1
java/lang/Thread.run;java/lang/Thread.runWith;java/util/concurrent/ThreadPoolExecutor$Worker.run;java/util/concurrent/ThreadPoolExecutor.runWorker;java/util/concurrent/FutureTask.run;java/util/concurrent/Executors$RunnableAdapter.call;java/util/concurrent/FutureTask.run;org/openjdk/jmh/runner/BenchmarkHandler$BenchmarkTask.call;org/openjdk/jmh/runner/BenchmarkHandler$BenchmarkTask.call;java/lang/reflect/Method.invoke;jdk/internal/reflect/DirectMethodHandleAccessor.invoke;jdk/internal/reflect/DirectMethodHandleAccessor.invokeImpl;java/lang/invoke/LambdaForm$MH.0x000000001a061400.invokeExact_MT;java/lang/invoke/LambdaForm$MH.0x000000001a061000.invoke;java/lang/invoke/DirectMethodHandle$Holder.invokeSpecial;org/weakref/nitro/clickbench/jmh_generated/BenchmarkQueries_query17_jmhTest.query17_AverageTime;org/weakref/nitro/clickbench/jmh_generated/BenchmarkQueries_query17_jmhTest.query17_avgt_jmhStub;org/weakref/nitro/clickbench/BenchmarkQueries.query17;org/weakref/nitro/clickbench/BenchmarkQueries.consume;org/weakref/nitro/operator/TopNOperator.next;org/weakref/nitro/operator/TopNOperator.computeTopN;org/weakref/nitro/operator/GroupedAggregationOperator.next;org/weakref/nitro/operator/GroupedAggregationOperator.computeResults;org/weakref/nitro/operator/Output.borrow;org/weakref/nitro/operator/GroupOperator$$Lambda.0x000000001a10c218.apply;org/weakref/nitro/operator/GroupOperator.lambda$next$0;org/weakref/nitro/operator/GroupOperator.groupIds;org/weakref/nitro/operator/GroupOperator.doGroupingIfNeeded;org/weakref/nitro/operator/Output.borrow;org/weakref/nitro/operator/NitroParquetScanOperator$ScanOutputResolver$$Lambda.0x000000001a0ab190.apply;org/weakref/nitro/operator/NitroParquetScanOperator$ScanOutputResolver.resolve;org/weakref/nitro/operator/NitroParquetScanOperator.resolveLazyColumn;org/weakref/nitro/operator/NitroParquetScanOperator.decodeFullColumn;org/weakref/nitro/parquet/ColumnReader.readLongs;org/weakref/nitro/parquet/ColumnReader.decodeNextDataPage;org/weakref/nitro/parquet/ColumnReader.decodeDataPageV1;org/weakref/nitro/parquet/ColumnReader.ensurePageCapacity;org/weakref/nitro/parquet/ColumnReader.ensurePageValueCapacity;org/weakref/nitro/parquet/ColumnReader.replaceLongs;org/weakref/nitro/data/PrimitiveArrayPool.borrowLongs;long[]_[i] 8
java/lang/Thread.run;java/lang/Thread.runWith;java/util/concurrent/ThreadPoolExecutor$Worker.run;java/util/concurrent/ThreadPoolExecutor.runWorker;java/util/concurrent/FutureTask.run;java/util/concurrent/Executors$RunnableAdapter.call;java/util/concurrent/FutureTask.run;org/openjdk/jmh/runner/BenchmarkHandler$BenchmarkTask.call;org/openjdk/jmh/runner/BenchmarkHandler$BenchmarkTask.call;java/lang/reflect/Method.invoke;jdk/internal/reflect/DirectMethodHandleAccessor.invoke;jdk/internal/reflect/DirectMethodHandleAccessor.invokeImpl;java/lang/invoke/LambdaForm$MH.0x000000001a061400.invokeExact_MT;java/lang/invoke/LambdaForm$MH.0x000000001a061000.invoke;java/lang/invoke/DirectMethodHandle$Holder.invokeSpecial;org/weakref/nitro/clickbench/jmh_generated/BenchmarkQueries_query17_jmhTest.query17_AverageTime;org/weakref/nitro/clickbench/jmh_generated/BenchmarkQueries_query17_jmhTest.query17_avgt_jmhStub;org/weakref/nitro/clickbench/BenchmarkQueries.query17;org/weakref/nitro/clickbench/BenchmarkQueries.consume;org/weakref/nitro/operator/TopNOperator.next;org/weakref/nitro/operator/TopNOperator.computeTopN;org/weakref/nitro/operator/GroupedAggregationOperator.next;org/weakref/nitro/operator/GroupedAggregationOperator.computeResults;org/weakref/nitro/operator/Output.borrow;org/weakref/nitro/operator/GroupOperator$$Lambda.0x000000001a10c218.apply;org/weakref/nitro/operator/GroupOperator.lambda$next$0;org/weakref/nitro/operator/GroupOperator.groupIds;org/weakref/nitro/operator/GroupOperator.doGroupingIfNeeded;org/weakref/nitro/operator/Output.borrow;org/weakref/nitro/operator/NitroParquetScanOperator$ScanOutputResolver$$Lambda.0x000000001a0ab190.apply;org/weakref/nitro/operator/NitroParquetScanOperator$ScanOutputResolver.resolve;org/weakref/nitro/operator/NitroParquetScanOperator.resolveLazyColumn;org/weakref/nitro/operator/NitroParquetScanOperator.decodeFullColumn;org/weakref/nitro/parquet/ColumnReader.readBinary;org/weakref/nitro/parquet/ColumnReader.readBinaryDirect;org/weakref/nitro/parquet/ColumnReader.decodeNextDataPage;org/weakref/nitro/parquet/ColumnReader.readPageHeader;org/apache/parquet/format/Util.readPageHeader;org/apache/parquet/format/Util.readPageHeader;org/apache/parquet/format/MetadataValidator.validate;java/lang/String.format;java/util/Formatter.format;java/util/Formatter.format;java/util/Formatter.parse;java.util.Formatter$FormatSpecifier_[i] 1
java/lang/Thread.run;java/lang/Thread.runWith;java/util/concurrent/ThreadPoolExecutor$Worker.run;java/util/concurrent/ThreadPoolExecutor.runWorker;java/util/concurrent/FutureTask.run;java/util/concurrent/Executors$RunnableAdapter.call;java/util/concurrent/FutureTask.run;org/openjdk/jmh/runner/BenchmarkHandler$BenchmarkTask.call;org/openjdk/jmh/runner/BenchmarkHandler$BenchmarkTask.call;java/lang/reflect/Method.invoke;jdk/internal/reflect/DirectMethodHandleAccessor.invoke;jdk/internal/reflect/DirectMethodHandleAccessor.invokeImpl;java/lang/invoke/LambdaForm$MH.0x000000001a061400.invokeExact_MT;java/lang/invoke/LambdaForm$MH.0x000000001a061000.invoke;java/lang/invoke/DirectMethodHandle$Holder.invokeSpecial;org/weakref/nitro/clickbench/jmh_generated/BenchmarkQueries_query17_jmhTest.query17_AverageTime;org/weakref/nitro/clickbench/jmh_generated/BenchmarkQueries_query17_jmhTest.query17_avgt_jmhStub;org/weakref/nitro/clickbench/BenchmarkQueries.query17;org/weakref/nitro/clickbench/BenchmarkQueries.consume;org/weakref/nitro/operator/TopNOperator.next;org/weakref/nitro/operator/TopNOperator.computeTopN;org/weakref/nitro/operator/GroupedAggregationOperator.next;org/weakref/nitro/operator/GroupedAggregationOperator.computeResults;org/weakref/nitro/operator/Output.borrow;org/weakref/nitro/operator/GroupOperator$$Lambda.0x000000001a10c218.apply;org/weakref/nitro/operator/GroupOperator.lambda$next$0;org/weakref/nitro/operator/GroupOperator.groupIds;org/weakref/nitro/operator/GroupOperator.doGroupingIfNeeded;org/weakref/nitro/operator/Output.borrow;org/weakref/nitro/operator/NitroParquetScanOperator$ScanOutputResolver$$Lambda.0x000000001a0ab190.apply;org/weakref/nitro/operator/NitroParquetScanOperator$ScanOutputResolver.resolve;org/weakref/nitro/operator/NitroParquetScanOperator.resolveLazyColumn;org/weakref/nitro/data/Allocator.allocate;org/weakref/nitro/data/Allocator.allocatePooled;org/weakref/nitro/data/Allocator$ContextState.trackVector;java/util/HashMap.merge;java/util/HashMap.newNode;java.util.HashMap$Node_[i] 2
java/lang/Thread.run;java/lang/Thread.runWith;java/util/concurrent/ThreadPoolExecutor$Worker.run;java/util/concurrent/ThreadPoolExecutor.runWorker;java/util/concurrent/FutureTask.run;java/util/concurrent/Executors$RunnableAdapter.call;java/util/concurrent/FutureTask.run;org/openjdk/jmh/runner/BenchmarkHandler$BenchmarkTask.call;org/openjdk/jmh/runner/BenchmarkHandler$BenchmarkTask.call;java/lang/reflect/Method.invoke;jdk/internal/reflect/DirectMethodHandleAccessor.invoke;jdk/internal/reflect/DirectMethodHandleAccessor.invokeImpl;java/lang/invoke/LambdaForm$MH.0x000000001a061400.invokeExact_MT;java/lang/invoke/LambdaForm$MH.0x000000001a061000.invoke;java/lang/invoke/DirectMethodHandle$Holder.invokeSpecial;org/weakref/nitro/clickbench/jmh_generated/BenchmarkQueries_query17_jmhTest.query17_AverageTime;org/weakref/nitro/clickbench/jmh_generated/BenchmarkQueries_query17_jmhTest.query17_avgt_jmhStub;org/weakref/nitro/clickbench/BenchmarkQueries.query17;org/weakref/nitro/clickbench/BenchmarkQueries.consume;org/weakref/nitro/operator/TopNOperator.next;org/weakref/nitro/operator/TopNOperator.computeTopN;org/weakref/nitro/operator/GroupedAggregationOperator.next;org/weakref/nitro/operator/GroupedAggregationOperator.computeResults;org/weakref/nitro/operator/GroupedAggregationOperator.prepareAggregationStates;org/weakref/nitro/operator/aggregation/CountAll.grow;org/weakref/nitro/data/CountStateVector.grow;long[]_[i] 1294
java/lang/Thread.run;java/lang/Thread.runWith;java/util/concurrent/ThreadPoolExecutor$Worker.run;java/util/concurrent/ThreadPoolExecutor.runWorker;java/util/concurrent/FutureTask.run;java/util/concurrent/Executors$RunnableAdapter.call;java/util/concurrent/FutureTask.run;org/openjdk/jmh/runner/BenchmarkHandler$BenchmarkTask.call;org/openjdk/jmh/runner/BenchmarkHandler$BenchmarkTask.call;java/lang/reflect/Method.invoke;jdk/internal/reflect/DirectMethodHandleAccessor.invoke;jdk/internal/reflect/DirectMethodHandleAccessor.invokeImpl;java/lang/invoke/LambdaForm$MH.0x000000001a061400.invokeExact_MT;java/lang/invoke/LambdaForm$MH.0x000000001a061000.invoke;java/lang/invoke/DirectMethodHandle$Holder.invokeSpecial;org/weakref/nitro/clickbench/jmh_generated/BenchmarkQueries_query17_jmhTest.query17_AverageTime;org/weakref/nitro/clickbench/jmh_generated/BenchmarkQueries_query17_jmhTest.query17_avgt_jmhStub;org/weakref/nitro/clickbench/BenchmarkQueries.query17;org/weakref/nitro/clickbench/BenchmarkQueries.consume;org/weakref/nitro/operator/TopNOperator.next;org/weakref/nitro/operator/TopNOperator.computeTopN;org/weakref/nitro/operator/GroupedAggregationOperator.next;org/weakref/nitro/operator/GroupedAggregationOperator.computeResults;org/weakref/nitro/operator/Output.borrow;org/weakref/nitro/operator/GroupOperator$$Lambda.0x000000001a10c218.apply;org/weakref/nitro/operator/GroupOperator.lambda$next$0;org/weakref/nitro/operator/GroupOperator.groupIds;org/weakref/nitro/operator/GroupOperator.doGroupingIfNeeded;org/weakref/nitro/operator/GroupingState.assignGroups;org/weakref/nitro/operator/GroupingState.assignFlatGroups;org/weakref/nitro/operator/FlatGroupingTable.assignGroupHashed;org/weakref/nitro/operator/FlatGroupingTable.assignGroupHashedInternal;org/weakref/nitro/operator/FlatGroupingTable.addNewGroup;org/weakref/nitro/operator/FlatGroupingTable.fixedChunk;org/weakref/nitro/operator/FlatGroupingTable.borrowChunk;byte[]_[i] 1732
java/lang/Thread.run;java/lang/Thread.runWith;java/util/concurrent/ThreadPoolExecutor$Worker.run;java/util/concurrent/ThreadPoolExecutor.runWorker;java/util/concurrent/FutureTask.run;java/util/concurrent/Executors$RunnableAdapter.call;java/util/concurrent/FutureTask.run;org/openjdk/jmh/runner/BenchmarkHandler$BenchmarkTask.call;org/openjdk/jmh/runner/BenchmarkHandler$BenchmarkTask.call;java/lang/reflect/Method.invoke;jdk/internal/reflect/DirectMethodHandleAccessor.invoke;jdk/internal/reflect/DirectMethodHandleAccessor.invokeImpl;java/lang/invoke/LambdaForm$MH.0x000000001a061400.invokeExact_MT;java/lang/invoke/LambdaForm$MH.0x000000001a061000.invoke;java/lang/invoke/DirectMethodHandle$Holder.invokeSpecial;org/weakref/nitro/clickbench/jmh_generated/BenchmarkQueries_query17_jmhTest.query17_AverageTime;org/weakref/nitro/clickbench/jmh_generated/BenchmarkQueries_query17_jmhTest.query17_avgt_jmhStub;org/weakref/nitro/clickbench/BenchmarkQueries.query17;org/weakref/nitro/clickbench/BenchmarkQueries.consume;org/weakref/nitro/operator/TopNOperator.next;org/weakref/nitro/operator/TopNOperator.computeTopN;org/weakref/nitro/operator/GroupedAggregationOperator.next;org/weakref/nitro/operator/GroupedAggregationOperator.computeResults;org/weakref/nitro/operator/Output.borrow;org/weakref/nitro/operator/GroupOperator$$Lambda.0x000000001a10c218.apply;org/weakref/nitro/operator/GroupOperator.lambda$next$0;org/weakref/nitro/operator/GroupOperator.groupIds;org/weakref/nitro/operator/GroupOperator.doGroupingIfNeeded;org/weakref/nitro/operator/GroupingState.assignGroups;org/weakref/nitro/operator/GroupingState.reserveFlatGroupingLookahead;org/weakref/nitro/operator/FlatGroupingTable.ensureCapacity;org/weakref/nitro/operator/FlatGroupingTable.rehash;org/weakref/nitro/data/PrimitiveArrayPool.borrowInts;int[]_[i] 16
java/lang/Thread.run;java/lang/Thread.runWith;java/util/concurrent/ThreadPoolExecutor$Worker.run;java/util/concurrent/ThreadPoolExecutor.runWorker;java/util/concurrent/FutureTask.run;java/util/concurrent/Executors$RunnableAdapter.call;java/util/concurrent/FutureTask.run;org/openjdk/jmh/runner/BenchmarkHandler$BenchmarkTask.call;org/openjdk/jmh/runner/BenchmarkHandler$BenchmarkTask.call;java/lang/reflect/Method.invoke;jdk/internal/reflect/DirectMethodHandleAccessor.invoke;jdk/internal/reflect/DirectMethodHandleAccessor.invokeImpl;java/lang/invoke/LambdaForm$MH.0x000000001a061400.invokeExact_MT;java/lang/invoke/LambdaForm$MH.0x000000001a061000.invoke;java/lang/invoke/DirectMethodHandle$Holder.invokeSpecial;org/weakref/nitro/clickbench/jmh_generated/BenchmarkQueries_query17_jmhTest.query17_AverageTime;org/weakref/nitro/clickbench/jmh_generated/BenchmarkQueries_query17_jmhTest.query17_avgt_jmhStub;org/weakref/nitro/clickbench/BenchmarkQueries.query17;org/weakref/nitro/clickbench/ClickBenchHitsSupport.query17;org/weakref/nitro/clickbench/ClickBenchHitsSupport.clickBenchScan;org/weakref/nitro/operator/NitroParquetScanOperator.<init>;java/util/stream/ReferencePipeline.toArray;java/util/stream/AbstractPipeline.evaluateToArrayNode;java/util/stream/AbstractPipeline.evaluate;java/util/stream/AbstractPipeline.wrapAndCopyInto;java/util/stream/AbstractPipeline.copyInto;java/util/AbstractList$RandomAccessSpliterator.forEachRemaining;java/util/stream/ReferencePipeline$3$1.accept;org/weakref/nitro/operator/NitroParquetScanOperator$$Lambda.0x000000001a083cc0.apply;org/weakref/nitro/parquet/ParquetFile.open;org/weakref/nitro/parquet/ParquetFile.<init>;org/apache/parquet/format/Util.readFileMetaData;org/apache/parquet/format/Util.readFileMetaData;org/apache/parquet/format/Util.read;org/apache/parquet/format/FileMetaData.read;org/apache/parquet/format/FileMetaData$FileMetaDataStandardScheme.read;org/apache/parquet/format/FileMetaData$FileMetaDataStandardScheme.read;org/apache/parquet/format/RowGroup.read;org/apache/parquet/format/RowGroup$RowGroupStandardScheme.read;org/apache/parquet/format/RowGroup$RowGroupStandardScheme.read;org/apache/parquet/format/ColumnChunk.read;org/apache/parquet/format/ColumnChunk$ColumnChunkStandardScheme.read;org/apache/parquet/format/ColumnChunk$ColumnChunkStandardScheme.read;org/apache/parquet/format/ColumnMetaData.read;org/apache/parquet/format/ColumnMetaData.scheme;org/apache/parquet/format/ColumnMetaData$ColumnMetaDataStandardSchemeFactory.getScheme;org/apache/parquet/format/ColumnMetaData$ColumnMetaDataStandardSchemeFactory.getScheme;org.apache.parquet.format.ColumnMetaData$ColumnMetaDataStandardScheme_[i] 1
java/lang/Thread.run;java/lang/Thread.runWith;java/util/concurrent/ThreadPoolExecutor$Worker.run;java/util/concurrent/ThreadPoolExecutor.runWorker;java/util/concurrent/FutureTask.run;java/util/concurrent/Executors$RunnableAdapter.call;java/util/concurrent/FutureTask.run;org/openjdk/jmh/runner/BenchmarkHandler$BenchmarkTask.call;org/openjdk/jmh/runner/BenchmarkHandler$BenchmarkTask.call;java/lang/reflect/Method.invoke;jdk/internal/reflect/DirectMethodHandleAccessor.invoke;jdk/internal/reflect/DirectMethodHandleAccessor.invokeImpl;java/lang/invoke/LambdaForm$MH.0x000000001a061400.invokeExact_MT;java/lang/invoke/LambdaForm$MH.0x000000001a061000.invoke;java/lang/invoke/DirectMethodHandle$Holder.invokeSpecial;org/weakref/nitro/clickbench/jmh_generated/BenchmarkQueries_query17_jmhTest.query17_AverageTime;org/weakref/nitro/clickbench/jmh_generated/BenchmarkQueries_query17_jmhTest.query17_avgt_jmhStub;org/weakref/nitro/clickbench/BenchmarkQueries.query17;org/weakref/nitro/clickbench/ClickBenchHitsSupport.query17;org/weakref/nitro/clickbench/ClickBenchHitsSupport.clickBenchScan;org/weakref/nitro/operator/NitroParquetScanOperator.<init>;java/util/stream/ReferencePipeline.toArray;java/util/stream/AbstractPipeline.evaluateToArrayNode;java/util/stream/AbstractPipeline.evaluate;java/util/stream/AbstractPipeline.wrapAndCopyInto;java/util/stream/AbstractPipeline.copyInto;java/util/AbstractList$RandomAccessSpliterator.forEachRemaining;java/util/stream/ReferencePipeline$3$1.accept;org/weakref/nitro/operator/NitroParquetScanOperator$$Lambda.0x000000001a083cc0.apply;org/weakref/nitro/parquet/ParquetFile.open;org/weakref/nitro/parquet/ParquetFile.<init>;org/apache/parquet/format/Util.readFileMetaData;org/apache/parquet/format/Util.readFileMetaData;org/apache/parquet/format/Util.read;org/apache/parquet/format/FileMetaData.read;org/apache/parquet/format/FileMetaData$FileMetaDataStandardScheme.read;org/apache/parquet/format/FileMetaData$FileMetaDataStandardScheme.read;org/apache/parquet/format/RowGroup.read;org/apache/parquet/format/RowGroup$RowGroupStandardScheme.read;org/apache/parquet/format/RowGroup$RowGroupStandardScheme.read;org.apache.parquet.format.ColumnChunk_[i] 5
