[INFO] Processing build on daemon fea8ed05
[INFO] Scanning for projects...
[INFO] Njord 0.9.4 session created
[INFO] BuildTimeEventSpy is registered.
[INFO] 
[INFO] Using the SmartBuilder implementation with a thread count of 7
[INFO] 
[INFO] -------------------------< org.weakref:nitro >--------------------------
[INFO] Building nitro 1-SNAPSHOT
[INFO]   from pom.xml
[INFO] --------------------------------[ jar ]---------------------------------
[WARNING] 2 problems were encountered while building the effective model for org.apache.yetus:audience-annotations:jar:0.5.0 during dependency collection step for project (use -X to see details)
[INFO] 
[INFO] --- exec:3.6.1:exec (benchmark) @ nitro ---
[WARNING] [stderr] WARNING: Using incubator modules: jdk.incubator.vector
[WARNING] [stderr] WARNING: A terminally deprecated method in sun.misc.Unsafe has been called
[WARNING] [stderr] WARNING: sun.misc.Unsafe::objectFieldOffset has been called by org.openjdk.jmh.util.Utils (file:/root/.m2/repository/org/openjdk/jmh/jmh-core/1.37/jmh-core-1.37.jar)
[WARNING] [stderr] WARNING: Please consider reporting this to the maintainers of class org.openjdk.jmh.util.Utils
[WARNING] [stderr] WARNING: sun.misc.Unsafe::objectFieldOffset will be removed in a future release
[INFO] [stdout] # JMH version: 1.37
[INFO] [stdout] # VM version: JDK 26.0.1, OpenJDK 64-Bit Server VM, 26.0.1+8
[INFO] [stdout] # VM invoker: /opt/java/openjdk/bin/java
[INFO] [stdout] # VM options: --enable-preview --add-modules=jdk.incubator.vector -Dnitro.clickbench.hits.path= -Dnitro.debug.packedSingleVariableWidthRecord=true -Dnitro.clickbench.hits.path=/root/data/clickbench -Dnitro.tpch.parquet.path=/root/data/tpch-parquet-sf10 -Dnitro.tpch.parquet.schema=sf10 -Dnitro.tpcds.parquet.path=/root/data/tpcds-parquet-sf10 -Dnitro.tpcds.parquet.schema=sf10
[INFO] [stdout] # Blackhole mode: compiler (auto-detected, use -Djmh.blackhole.autoDetect=false to disable)
[INFO] [stdout] # Warmup: <none>
[INFO] [stdout] # Measurement: 1 iterations, 1 ms each
[INFO] [stdout] # Timeout: 10 min per iteration
[INFO] [stdout] # Threads: 1 thread, will synchronize iterations
[INFO] [stdout] # Benchmark mode: Average time, time/op
[INFO] [stdout] # Benchmark: org.weakref.nitro.clickbench.BenchmarkQueries.query06
[INFO] [stdout] 
[INFO] [stdout] # Run progress: 0.00% complete, ETA 00:00:00
[INFO] [stdout] # Fork: 1 of 1
[INFO] [stdout] WARNING: Using incubator modules: jdk.incubator.vector
[INFO] [stdout] WARNING: A terminally deprecated method in sun.misc.Unsafe has been called
[INFO] [stdout] WARNING: sun.misc.Unsafe::objectFieldOffset has been called by org.openjdk.jmh.util.Utils (file:/root/.m2/repository/org/openjdk/jmh/jmh-core/1.37/jmh-core-1.37.jar)
[INFO] [stdout] WARNING: Please consider reporting this to the maintainers of class org.openjdk.jmh.util.Utils
[INFO] [stdout] WARNING: sun.misc.Unsafe::objectFieldOffset will be removed in a future release
[INFO] [stdout] Iteration   1: WARNING: A restricted method in java.lang.foreign.SymbolLookup has been called
[INFO] [stdout] WARNING: java.lang.foreign.SymbolLookup::libraryLookup has been called by io.airlift.compress.v3.internal.NativeLoader in an unnamed module (file:/root/.m2/repository/io/airlift/aircompressor-v3/3.4/aircompressor-v3-3.4.jar)
[INFO] [stdout] WARNING: Use --enable-native-access=ALL-UNNAMED to avoid a warning for callers in this module
[INFO] [stdout] WARNING: Restricted methods will be blocked in a future release unless native access is enabled
[INFO] [stdout] 
[WARNING] [stderr] [packed-single-variable-width-record] rows=10000 active=0 domain=13967 nullable=false admitted=false
[INFO] [stdout] 2841.696 ms/op
[INFO] [stdout] 
[INFO] [stdout] 
[INFO] [stdout] Result "org.weakref.nitro.clickbench.BenchmarkQueries.query06":
[INFO] [stdout]   2841.696 ms/op
[INFO] [stdout] 
[INFO] [stdout] 
[INFO] [stdout] # JMH version: 1.37
[INFO] [stdout] # VM version: JDK 26.0.1, OpenJDK 64-Bit Server VM, 26.0.1+8
[INFO] [stdout] # VM invoker: /opt/java/openjdk/bin/java
[INFO] [stdout] # VM options: --enable-preview --add-modules=jdk.incubator.vector -Dnitro.clickbench.hits.path= -Dnitro.debug.packedSingleVariableWidthRecord=true -Dnitro.clickbench.hits.path=/root/data/clickbench -Dnitro.tpch.parquet.path=/root/data/tpch-parquet-sf10 -Dnitro.tpch.parquet.schema=sf10 -Dnitro.tpcds.parquet.path=/root/data/tpcds-parquet-sf10 -Dnitro.tpcds.parquet.schema=sf10
[INFO] [stdout] # Blackhole mode: compiler (auto-detected, use -Djmh.blackhole.autoDetect=false to disable)
[INFO] [stdout] # Warmup: <none>
[INFO] [stdout] # Measurement: 1 iterations, 1 ms each
[INFO] [stdout] # Timeout: 10 min per iteration
[INFO] [stdout] # Threads: 1 thread, will synchronize iterations
[INFO] [stdout] # Benchmark mode: Average time, time/op
[INFO] [stdout] # Benchmark: org.weakref.nitro.clickbench.BenchmarkQueries.query11
[INFO] [stdout] 
[INFO] [stdout] # Run progress: 2.70% complete, ETA 00:01:49
[INFO] [stdout] # Fork: 1 of 1
[INFO] [stdout] WARNING: Using incubator modules: jdk.incubator.vector
[INFO] [stdout] WARNING: A terminally deprecated method in sun.misc.Unsafe has been called
[INFO] [stdout] WARNING: sun.misc.Unsafe::objectFieldOffset has been called by org.openjdk.jmh.util.Utils (file:/root/.m2/repository/org/openjdk/jmh/jmh-core/1.37/jmh-core-1.37.jar)
[INFO] [stdout] WARNING: Please consider reporting this to the maintainers of class org.openjdk.jmh.util.Utils
[INFO] [stdout] WARNING: sun.misc.Unsafe::objectFieldOffset will be removed in a future release
[INFO] [stdout] Iteration   1: WARNING: A restricted method in java.lang.foreign.SymbolLookup has been called
[INFO] [stdout] WARNING: java.lang.foreign.SymbolLookup::libraryLookup has been called by io.airlift.compress.v3.internal.NativeLoader in an unnamed module (file:/root/.m2/repository/io/airlift/aircompressor-v3/3.4/aircompressor-v3-3.4.jar)
[INFO] [stdout] WARNING: Use --enable-native-access=ALL-UNNAMED to avoid a warning for callers in this module
[INFO] [stdout] WARNING: Restricted methods will be blocked in a future release unless native access is enabled
[INFO] [stdout] 
[WARNING] [stderr] [packed-single-variable-width-record] rows=10000 active=285 domain=14 nullable=false admitted=false
[INFO] [stdout] 1020.950 ms/op
[INFO] [stdout] 
[INFO] [stdout] 
[INFO] [stdout] Result "org.weakref.nitro.clickbench.BenchmarkQueries.query11":
[INFO] [stdout]   1020.950 ms/op
[INFO] [stdout] 
[INFO] [stdout] 
[INFO] [stdout] # JMH version: 1.37
[INFO] [stdout] # VM version: JDK 26.0.1, OpenJDK 64-Bit Server VM, 26.0.1+8
[INFO] [stdout] # VM invoker: /opt/java/openjdk/bin/java
[INFO] [stdout] # VM options: --enable-preview --add-modules=jdk.incubator.vector -Dnitro.clickbench.hits.path= -Dnitro.debug.packedSingleVariableWidthRecord=true -Dnitro.clickbench.hits.path=/root/data/clickbench -Dnitro.tpch.parquet.path=/root/data/tpch-parquet-sf10 -Dnitro.tpch.parquet.schema=sf10 -Dnitro.tpcds.parquet.path=/root/data/tpcds-parquet-sf10 -Dnitro.tpcds.parquet.schema=sf10
[INFO] [stdout] # Blackhole mode: compiler (auto-detected, use -Djmh.blackhole.autoDetect=false to disable)
[INFO] [stdout] # Warmup: <none>
[INFO] [stdout] # Measurement: 1 iterations, 1 ms each
[INFO] [stdout] # Timeout: 10 min per iteration
[INFO] [stdout] # Threads: 1 thread, will synchronize iterations
[INFO] [stdout] # Benchmark mode: Average time, time/op
[INFO] [stdout] # Benchmark: org.weakref.nitro.clickbench.BenchmarkQueries.query13
[INFO] [stdout] 
[INFO] [stdout] # Run progress: 5.41% complete, ETA 00:01:14
[INFO] [stdout] # Fork: 1 of 1
[INFO] [stdout] WARNING: Using incubator modules: jdk.incubator.vector
[INFO] [stdout] WARNING: A terminally deprecated method in sun.misc.Unsafe has been called
[INFO] [stdout] WARNING: sun.misc.Unsafe::objectFieldOffset has been called by org.openjdk.jmh.util.Utils (file:/root/.m2/repository/org/openjdk/jmh/jmh-core/1.37/jmh-core-1.37.jar)
[INFO] [stdout] WARNING: Please consider reporting this to the maintainers of class org.openjdk.jmh.util.Utils
[INFO] [stdout] WARNING: sun.misc.Unsafe::objectFieldOffset will be removed in a future release
[INFO] [stdout] Iteration   1: WARNING: A restricted method in java.lang.foreign.SymbolLookup has been called
[INFO] [stdout] WARNING: java.lang.foreign.SymbolLookup::libraryLookup has been called by io.airlift.compress.v3.internal.NativeLoader in an unnamed module (file:/root/.m2/repository/io/airlift/aircompressor-v3/3.4/aircompressor-v3-3.4.jar)
[INFO] [stdout] WARNING: Use --enable-native-access=ALL-UNNAMED to avoid a warning for callers in this module
[INFO] [stdout] WARNING: Restricted methods will be blocked in a future release unless native access is enabled
[INFO] [stdout] 
[WARNING] [stderr] [packed-single-variable-width-record] rows=10000 active=1288 domain=13967 nullable=false admitted=false
[INFO] [stdout] 3362.818 ms/op
[INFO] [stdout] 
[INFO] [stdout] 
[INFO] [stdout] Result "org.weakref.nitro.clickbench.BenchmarkQueries.query13":
[INFO] [stdout]   3362.818 ms/op
[INFO] [stdout] 
[INFO] [stdout] 
[INFO] [stdout] # JMH version: 1.37
[INFO] [stdout] # VM version: JDK 26.0.1, OpenJDK 64-Bit Server VM, 26.0.1+8
[INFO] [stdout] # VM invoker: /opt/java/openjdk/bin/java
[INFO] [stdout] # VM options: --enable-preview --add-modules=jdk.incubator.vector -Dnitro.clickbench.hits.path= -Dnitro.debug.packedSingleVariableWidthRecord=true -Dnitro.clickbench.hits.path=/root/data/clickbench -Dnitro.tpch.parquet.path=/root/data/tpch-parquet-sf10 -Dnitro.tpch.parquet.schema=sf10 -Dnitro.tpcds.parquet.path=/root/data/tpcds-parquet-sf10 -Dnitro.tpcds.parquet.schema=sf10
[INFO] [stdout] # Blackhole mode: compiler (auto-detected, use -Djmh.blackhole.autoDetect=false to disable)
[INFO] [stdout] # Warmup: <none>
[INFO] [stdout] # Measurement: 1 iterations, 1 ms each
[INFO] [stdout] # Timeout: 10 min per iteration
[INFO] [stdout] # Threads: 1 thread, will synchronize iterations
[INFO] [stdout] # Benchmark mode: Average time, time/op
[INFO] [stdout] # Benchmark: org.weakref.nitro.clickbench.BenchmarkQueries.query14
[INFO] [stdout] 
[INFO] [stdout] # Run progress: 8.11% complete, ETA 00:01:28
[INFO] [stdout] # Fork: 1 of 1
[INFO] [stdout] WARNING: Using incubator modules: jdk.incubator.vector
[INFO] [stdout] WARNING: A terminally deprecated method in sun.misc.Unsafe has been called
[INFO] [stdout] WARNING: sun.misc.Unsafe::objectFieldOffset has been called by org.openjdk.jmh.util.Utils (file:/root/.m2/repository/org/openjdk/jmh/jmh-core/1.37/jmh-core-1.37.jar)
[INFO] [stdout] WARNING: Please consider reporting this to the maintainers of class org.openjdk.jmh.util.Utils
[INFO] [stdout] WARNING: sun.misc.Unsafe::objectFieldOffset will be removed in a future release
[INFO] [stdout] Iteration   1: WARNING: A restricted method in java.lang.foreign.SymbolLookup has been called
[INFO] [stdout] WARNING: java.lang.foreign.SymbolLookup::libraryLookup has been called by io.airlift.compress.v3.internal.NativeLoader in an unnamed module (file:/root/.m2/repository/io/airlift/aircompressor-v3/3.4/aircompressor-v3-3.4.jar)
[INFO] [stdout] WARNING: Use --enable-native-access=ALL-UNNAMED to avoid a warning for callers in this module
[INFO] [stdout] WARNING: Restricted methods will be blocked in a future release unless native access is enabled
[INFO] [stdout] 
[WARNING] [stderr] [packed-single-variable-width-record] rows=10000 active=1288 domain=13967 nullable=false admitted=false
[INFO] [stdout] 5328.461 ms/op
[INFO] [stdout] 
[INFO] [stdout] 
[INFO] [stdout] Result "org.weakref.nitro.clickbench.BenchmarkQueries.query14":
[INFO] [stdout]   5328.461 ms/op
[INFO] [stdout] 
[INFO] [stdout] 
[INFO] [stdout] # JMH version: 1.37
[INFO] [stdout] # VM version: JDK 26.0.1, OpenJDK 64-Bit Server VM, 26.0.1+8
[INFO] [stdout] # VM invoker: /opt/java/openjdk/bin/java
[INFO] [stdout] # VM options: --enable-preview --add-modules=jdk.incubator.vector -Dnitro.clickbench.hits.path= -Dnitro.debug.packedSingleVariableWidthRecord=true -Dnitro.clickbench.hits.path=/root/data/clickbench -Dnitro.tpch.parquet.path=/root/data/tpch-parquet-sf10 -Dnitro.tpch.parquet.schema=sf10 -Dnitro.tpcds.parquet.path=/root/data/tpcds-parquet-sf10 -Dnitro.tpcds.parquet.schema=sf10
[INFO] [stdout] # Blackhole mode: compiler (auto-detected, use -Djmh.blackhole.autoDetect=false to disable)
[INFO] [stdout] # Warmup: <none>
[INFO] [stdout] # Measurement: 1 iterations, 1 ms each
[INFO] [stdout] # Timeout: 10 min per iteration
[INFO] [stdout] # Threads: 1 thread, will synchronize iterations
[INFO] [stdout] # Benchmark mode: Average time, time/op
[INFO] [stdout] # Benchmark: org.weakref.nitro.clickbench.BenchmarkQueries.query22
[INFO] [stdout] 
[INFO] [stdout] # Run progress: 10.81% complete, ETA 00:01:49
[INFO] [stdout] # Fork: 1 of 1
[INFO] [stdout] WARNING: Using incubator modules: jdk.incubator.vector
[INFO] [stdout] WARNING: A terminally deprecated method in sun.misc.Unsafe has been called
[INFO] [stdout] WARNING: sun.misc.Unsafe::objectFieldOffset has been called by org.openjdk.jmh.util.Utils (file:/root/.m2/repository/org/openjdk/jmh/jmh-core/1.37/jmh-core-1.37.jar)
[INFO] [stdout] WARNING: Please consider reporting this to the maintainers of class org.openjdk.jmh.util.Utils
[INFO] [stdout] WARNING: sun.misc.Unsafe::objectFieldOffset will be removed in a future release
[INFO] [stdout] Iteration   1: WARNING: A restricted method in java.lang.foreign.SymbolLookup has been called
[INFO] [stdout] WARNING: java.lang.foreign.SymbolLookup::libraryLookup has been called by io.airlift.compress.v3.internal.NativeLoader in an unnamed module (file:/root/.m2/repository/io/airlift/aircompressor-v3/3.4/aircompressor-v3-3.4.jar)
[INFO] [stdout] WARNING: Use --enable-native-access=ALL-UNNAMED to avoid a warning for callers in this module
[INFO] [stdout] WARNING: Restricted methods will be blocked in a future release unless native access is enabled
[INFO] [stdout] 
[WARNING] [stderr] [packed-single-variable-width-record] rows=10000 active=2 domain=13967 nullable=false admitted=false
[INFO] [stdout] 6970.961 ms/op
[INFO] [stdout] 
[INFO] [stdout] 
[INFO] [stdout] Result "org.weakref.nitro.clickbench.BenchmarkQueries.query22":
[INFO] [stdout]   6970.961 ms/op
[INFO] [stdout] 
[INFO] [stdout] 
[INFO] [stdout] # JMH version: 1.37
[INFO] [stdout] # VM version: JDK 26.0.1, OpenJDK 64-Bit Server VM, 26.0.1+8
[INFO] [stdout] # VM invoker: /opt/java/openjdk/bin/java
[INFO] [stdout] # VM options: --enable-preview --add-modules=jdk.incubator.vector -Dnitro.clickbench.hits.path= -Dnitro.debug.packedSingleVariableWidthRecord=true -Dnitro.clickbench.hits.path=/root/data/clickbench -Dnitro.tpch.parquet.path=/root/data/tpch-parquet-sf10 -Dnitro.tpch.parquet.schema=sf10 -Dnitro.tpcds.parquet.path=/root/data/tpcds-parquet-sf10 -Dnitro.tpcds.parquet.schema=sf10
[INFO] [stdout] # Blackhole mode: compiler (auto-detected, use -Djmh.blackhole.autoDetect=false to disable)
[INFO] [stdout] # Warmup: <none>
[INFO] [stdout] # Measurement: 1 iterations, 1 ms each
[INFO] [stdout] # Timeout: 10 min per iteration
[INFO] [stdout] # Threads: 1 thread, will synchronize iterations
[INFO] [stdout] # Benchmark mode: Average time, time/op
[INFO] [stdout] # Benchmark: org.weakref.nitro.clickbench.BenchmarkQueries.query23
[INFO] [stdout] 
[INFO] [stdout] # Run progress: 13.51% complete, ETA 00:02:11
[INFO] [stdout] # Fork: 1 of 1
[INFO] [stdout] WARNING: Using incubator modules: jdk.incubator.vector
[INFO] [stdout] WARNING: A terminally deprecated method in sun.misc.Unsafe has been called
[INFO] [stdout] WARNING: sun.misc.Unsafe::objectFieldOffset has been called by org.openjdk.jmh.util.Utils (file:/root/.m2/repository/org/openjdk/jmh/jmh-core/1.37/jmh-core-1.37.jar)
[INFO] [stdout] WARNING: Please consider reporting this to the maintainers of class org.openjdk.jmh.util.Utils
[INFO] [stdout] WARNING: sun.misc.Unsafe::objectFieldOffset will be removed in a future release
[INFO] [stdout] Iteration   1: WARNING: A restricted method in java.lang.foreign.SymbolLookup has been called
[INFO] [stdout] WARNING: java.lang.foreign.SymbolLookup::libraryLookup has been called by io.airlift.compress.v3.internal.NativeLoader in an unnamed module (file:/root/.m2/repository/io/airlift/aircompressor-v3/3.4/aircompressor-v3-3.4.jar)
[INFO] [stdout] WARNING: Use --enable-native-access=ALL-UNNAMED to avoid a warning for callers in this module
[INFO] [stdout] WARNING: Restricted methods will be blocked in a future release unless native access is enabled
[INFO] [stdout] 
[WARNING] [stderr] [packed-single-variable-width-record] rows=10000 active=1 domain=13967 nullable=false admitted=false
[INFO] [stdout] 9774.049 ms/op
[INFO] [stdout] 
[INFO] [stdout] 
[INFO] [stdout] Result "org.weakref.nitro.clickbench.BenchmarkQueries.query23":
[INFO] [stdout]   9774.049 ms/op
[INFO] [stdout] 
[INFO] [stdout] 
[INFO] [stdout] # JMH version: 1.37
[INFO] [stdout] # VM version: JDK 26.0.1, OpenJDK 64-Bit Server VM, 26.0.1+8
[INFO] [stdout] # VM invoker: /opt/java/openjdk/bin/java
[INFO] [stdout] # VM options: --enable-preview --add-modules=jdk.incubator.vector -Dnitro.clickbench.hits.path= -Dnitro.debug.packedSingleVariableWidthRecord=true -Dnitro.clickbench.hits.path=/root/data/clickbench -Dnitro.tpch.parquet.path=/root/data/tpch-parquet-sf10 -Dnitro.tpch.parquet.schema=sf10 -Dnitro.tpcds.parquet.path=/root/data/tpcds-parquet-sf10 -Dnitro.tpcds.parquet.schema=sf10
[INFO] [stdout] # Blackhole mode: compiler (auto-detected, use -Djmh.blackhole.autoDetect=false to disable)
[INFO] [stdout] # Warmup: <none>
[INFO] [stdout] # Measurement: 1 iterations, 1 ms each
[INFO] [stdout] # Timeout: 10 min per iteration
[INFO] [stdout] # Threads: 1 thread, will synchronize iterations
[INFO] [stdout] # Benchmark mode: Average time, time/op
[INFO] [stdout] # Benchmark: org.weakref.nitro.clickbench.BenchmarkQueries.query29
[INFO] [stdout] 
[INFO] [stdout] # Run progress: 16.22% complete, ETA 00:02:37
[INFO] [stdout] # Fork: 1 of 1
[INFO] [stdout] WARNING: Using incubator modules: jdk.incubator.vector
[INFO] [stdout] WARNING: A terminally deprecated method in sun.misc.Unsafe has been called
[INFO] [stdout] WARNING: sun.misc.Unsafe::objectFieldOffset has been called by org.openjdk.jmh.util.Utils (file:/root/.m2/repository/org/openjdk/jmh/jmh-core/1.37/jmh-core-1.37.jar)
[INFO] [stdout] WARNING: Please consider reporting this to the maintainers of class org.openjdk.jmh.util.Utils
[INFO] [stdout] WARNING: sun.misc.Unsafe::objectFieldOffset will be removed in a future release
[INFO] [stdout] Iteration   1: WARNING: A restricted method in java.lang.foreign.SymbolLookup has been called
[INFO] [stdout] WARNING: java.lang.foreign.SymbolLookup::libraryLookup has been called by io.airlift.compress.v3.internal.NativeLoader in an unnamed module (file:/root/.m2/repository/io/airlift/aircompressor-v3/3.4/aircompressor-v3-3.4.jar)
[INFO] [stdout] WARNING: Use --enable-native-access=ALL-UNNAMED to avoid a warning for callers in this module
[INFO] [stdout] WARNING: Restricted methods will be blocked in a future release unless native access is enabled
[INFO] [stdout] 
[WARNING] [stderr] [packed-single-variable-width-record] rows=10000 active=9477 domain=9576 nullable=false admitted=false
[WARNING] [stderr] [packed-single-variable-width-record] rows=10000 active=0 domain=9576 nullable=true admitted=false
[INFO] [stdout] 16929.689 ms/op
[INFO] [stdout] 
[INFO] [stdout] 
[INFO] [stdout] Result "org.weakref.nitro.clickbench.BenchmarkQueries.query29":
[INFO] [stdout]   16929.689 ms/op
[INFO] [stdout] 
[INFO] [stdout] 
[INFO] [stdout] # JMH version: 1.37
[INFO] [stdout] # VM version: JDK 26.0.1, OpenJDK 64-Bit Server VM, 26.0.1+8
[INFO] [stdout] # VM invoker: /opt/java/openjdk/bin/java
[INFO] [stdout] # VM options: --enable-preview --add-modules=jdk.incubator.vector -Dnitro.clickbench.hits.path= -Dnitro.debug.packedSingleVariableWidthRecord=true -Dnitro.clickbench.hits.path=/root/data/clickbench -Dnitro.tpch.parquet.path=/root/data/tpch-parquet-sf10 -Dnitro.tpch.parquet.schema=sf10 -Dnitro.tpcds.parquet.path=/root/data/tpcds-parquet-sf10 -Dnitro.tpcds.parquet.schema=sf10
[INFO] [stdout] # Blackhole mode: compiler (auto-detected, use -Djmh.blackhole.autoDetect=false to disable)
[INFO] [stdout] # Warmup: <none>
[INFO] [stdout] # Measurement: 1 iterations, 1 ms each
[INFO] [stdout] # Timeout: 10 min per iteration
[INFO] [stdout] # Threads: 1 thread, will synchronize iterations
[INFO] [stdout] # Benchmark mode: Average time, time/op
[INFO] [stdout] # Benchmark: org.weakref.nitro.clickbench.BenchmarkQueries.query34
[INFO] [stdout] 
[INFO] [stdout] # Run progress: 18.92% complete, ETA 00:03:23
[INFO] [stdout] # Fork: 1 of 1
[INFO] [stdout] WARNING: Using incubator modules: jdk.incubator.vector
[INFO] [stdout] WARNING: A terminally deprecated method in sun.misc.Unsafe has been called
[INFO] [stdout] WARNING: sun.misc.Unsafe::objectFieldOffset has been called by org.openjdk.jmh.util.Utils (file:/root/.m2/repository/org/openjdk/jmh/jmh-core/1.37/jmh-core-1.37.jar)
[INFO] [stdout] WARNING: Please consider reporting this to the maintainers of class org.openjdk.jmh.util.Utils
[INFO] [stdout] WARNING: sun.misc.Unsafe::objectFieldOffset will be removed in a future release
[INFO] [stdout] Iteration   1: WARNING: A restricted method in java.lang.foreign.SymbolLookup has been called
[INFO] [stdout] WARNING: java.lang.foreign.SymbolLookup::libraryLookup has been called by io.airlift.compress.v3.internal.NativeLoader in an unnamed module (file:/root/.m2/repository/io/airlift/aircompressor-v3/3.4/aircompressor-v3-3.4.jar)
[INFO] [stdout] WARNING: Use --enable-native-access=ALL-UNNAMED to avoid a warning for callers in this module
[INFO] [stdout] WARNING: Restricted methods will be blocked in a future release unless native access is enabled
[INFO] [stdout] 
[WARNING] [stderr] [packed-single-variable-width-record] rows=10000 active=10000 domain=11015 nullable=false admitted=true
[WARNING] [stderr] [packed-single-variable-width-record] rows=10000 active=0 domain=11015 nullable=true admitted=false
[INFO] [stdout] 13151.304 ms/op
[INFO] [stdout] 
[INFO] [stdout] 
[INFO] [stdout] Result "org.weakref.nitro.clickbench.BenchmarkQueries.query34":
[INFO] [stdout]   13151.304 ms/op
[INFO] [stdout] 
[INFO] [stdout] 
[INFO] [stdout] # JMH version: 1.37
[INFO] [stdout] # VM version: JDK 26.0.1, OpenJDK 64-Bit Server VM, 26.0.1+8
[INFO] [stdout] # VM invoker: /opt/java/openjdk/bin/java
[INFO] [stdout] # VM options: --enable-preview --add-modules=jdk.incubator.vector -Dnitro.clickbench.hits.path= -Dnitro.debug.packedSingleVariableWidthRecord=true -Dnitro.clickbench.hits.path=/root/data/clickbench -Dnitro.tpch.parquet.path=/root/data/tpch-parquet-sf10 -Dnitro.tpch.parquet.schema=sf10 -Dnitro.tpcds.parquet.path=/root/data/tpcds-parquet-sf10 -Dnitro.tpcds.parquet.schema=sf10
[INFO] [stdout] # Blackhole mode: compiler (auto-detected, use -Djmh.blackhole.autoDetect=false to disable)
[INFO] [stdout] # Warmup: <none>
[INFO] [stdout] # Measurement: 1 iterations, 1 ms each
[INFO] [stdout] # Timeout: 10 min per iteration
[INFO] [stdout] # Threads: 1 thread, will synchronize iterations
[INFO] [stdout] # Benchmark mode: Average time, time/op
[INFO] [stdout] # Benchmark: org.weakref.nitro.clickbench.BenchmarkQueries.query35
[INFO] [stdout] 
[INFO] [stdout] # Run progress: 21.62% complete, ETA 00:03:40
[INFO] [stdout] # Fork: 1 of 1
[INFO] [stdout] WARNING: Using incubator modules: jdk.incubator.vector
[INFO] [stdout] WARNING: A terminally deprecated method in sun.misc.Unsafe has been called
[INFO] [stdout] WARNING: sun.misc.Unsafe::objectFieldOffset has been called by org.openjdk.jmh.util.Utils (file:/root/.m2/repository/org/openjdk/jmh/jmh-core/1.37/jmh-core-1.37.jar)
[INFO] [stdout] WARNING: Please consider reporting this to the maintainers of class org.openjdk.jmh.util.Utils
[INFO] [stdout] WARNING: sun.misc.Unsafe::objectFieldOffset will be removed in a future release
[INFO] [stdout] Iteration   1: WARNING: A restricted method in java.lang.foreign.SymbolLookup has been called
[INFO] [stdout] WARNING: java.lang.foreign.SymbolLookup::libraryLookup has been called by io.airlift.compress.v3.internal.NativeLoader in an unnamed module (file:/root/.m2/repository/io/airlift/aircompressor-v3/3.4/aircompressor-v3-3.4.jar)
[INFO] [stdout] WARNING: Use --enable-native-access=ALL-UNNAMED to avoid a warning for callers in this module
[INFO] [stdout] WARNING: Restricted methods will be blocked in a future release unless native access is enabled
[INFO] [stdout] 
[WARNING] [stderr] [packed-single-variable-width-record] rows=10000 active=10000 domain=11015 nullable=false admitted=true
[WARNING] [stderr] [packed-single-variable-width-record] rows=10000 active=0 domain=11015 nullable=true admitted=false
[INFO] [stdout] 13087.593 ms/op
[INFO] [stdout] 
[INFO] [stdout] 
[INFO] [stdout] Result "org.weakref.nitro.clickbench.BenchmarkQueries.query35":
[INFO] [stdout]   13087.593 ms/op
[INFO] [stdout] 
[INFO] [stdout] 
[INFO] [stdout] # JMH version: 1.37
[INFO] [stdout] # VM version: JDK 26.0.1, OpenJDK 64-Bit Server VM, 26.0.1+8
[INFO] [stdout] # VM invoker: /opt/java/openjdk/bin/java
[INFO] [stdout] # VM options: --enable-preview --add-modules=jdk.incubator.vector -Dnitro.clickbench.hits.path= -Dnitro.debug.packedSingleVariableWidthRecord=true -Dnitro.clickbench.hits.path=/root/data/clickbench -Dnitro.tpch.parquet.path=/root/data/tpch-parquet-sf10 -Dnitro.tpch.parquet.schema=sf10 -Dnitro.tpcds.parquet.path=/root/data/tpcds-parquet-sf10 -Dnitro.tpcds.parquet.schema=sf10
[INFO] [stdout] # Blackhole mode: compiler (auto-detected, use -Djmh.blackhole.autoDetect=false to disable)
[INFO] [stdout] # Warmup: <none>
[INFO] [stdout] # Measurement: 1 iterations, 1 ms each
[INFO] [stdout] # Timeout: 10 min per iteration
[INFO] [stdout] # Threads: 1 thread, will synchronize iterations
[INFO] [stdout] # Benchmark mode: Average time, time/op
[INFO] [stdout] # Benchmark: org.weakref.nitro.clickbench.BenchmarkQueries.query37
[INFO] [stdout] 
[INFO] [stdout] # Run progress: 24.32% complete, ETA 00:03:51
[INFO] [stdout] # Fork: 1 of 1
[INFO] [stdout] WARNING: Using incubator modules: jdk.incubator.vector
[INFO] [stdout] WARNING: A terminally deprecated method in sun.misc.Unsafe has been called
[INFO] [stdout] WARNING: sun.misc.Unsafe::objectFieldOffset has been called by org.openjdk.jmh.util.Utils (file:/root/.m2/repository/org/openjdk/jmh/jmh-core/1.37/jmh-core-1.37.jar)
[INFO] [stdout] WARNING: Please consider reporting this to the maintainers of class org.openjdk.jmh.util.Utils
[INFO] [stdout] WARNING: sun.misc.Unsafe::objectFieldOffset will be removed in a future release
[INFO] [stdout] Iteration   1: WARNING: A restricted method in java.lang.foreign.SymbolLookup has been called
[INFO] [stdout] WARNING: java.lang.foreign.SymbolLookup::libraryLookup has been called by io.airlift.compress.v3.internal.NativeLoader in an unnamed module (file:/root/.m2/repository/io/airlift/aircompressor-v3/3.4/aircompressor-v3-3.4.jar)
[INFO] [stdout] WARNING: Use --enable-native-access=ALL-UNNAMED to avoid a warning for callers in this module
[INFO] [stdout] WARNING: Restricted methods will be blocked in a future release unless native access is enabled
[INFO] [stdout] 
[WARNING] [stderr] [packed-single-variable-width-record] rows=10000 active=3482 domain=-1 nullable=false admitted=false
[INFO] [stdout] 1027.005 ms/op
[INFO] [stdout] 
[INFO] [stdout] 
[INFO] [stdout] Result "org.weakref.nitro.clickbench.BenchmarkQueries.query37":
[INFO] [stdout]   1027.005 ms/op
[INFO] [stdout] 
[INFO] [stdout] 
[INFO] [stdout] # JMH version: 1.37
[INFO] [stdout] # VM version: JDK 26.0.1, OpenJDK 64-Bit Server VM, 26.0.1+8
[INFO] [stdout] # VM invoker: /opt/java/openjdk/bin/java
[INFO] [stdout] # VM options: --enable-preview --add-modules=jdk.incubator.vector -Dnitro.clickbench.hits.path= -Dnitro.debug.packedSingleVariableWidthRecord=true -Dnitro.clickbench.hits.path=/root/data/clickbench -Dnitro.tpch.parquet.path=/root/data/tpch-parquet-sf10 -Dnitro.tpch.parquet.schema=sf10 -Dnitro.tpcds.parquet.path=/root/data/tpcds-parquet-sf10 -Dnitro.tpcds.parquet.schema=sf10
[INFO] [stdout] # Blackhole mode: compiler (auto-detected, use -Djmh.blackhole.autoDetect=false to disable)
[INFO] [stdout] # Warmup: <none>
[INFO] [stdout] # Measurement: 1 iterations, 1 ms each
[INFO] [stdout] # Timeout: 10 min per iteration
[INFO] [stdout] # Threads: 1 thread, will synchronize iterations
[INFO] [stdout] # Benchmark mode: Average time, time/op
[INFO] [stdout] # Benchmark: org.weakref.nitro.clickbench.BenchmarkQueries.query38
[INFO] [stdout] 
[INFO] [stdout] # Run progress: 27.03% complete, ETA 00:03:23
[INFO] [stdout] # Fork: 1 of 1
[INFO] [stdout] WARNING: Using incubator modules: jdk.incubator.vector
[INFO] [stdout] WARNING: A terminally deprecated method in sun.misc.Unsafe has been called
[INFO] [stdout] WARNING: sun.misc.Unsafe::objectFieldOffset has been called by org.openjdk.jmh.util.Utils (file:/root/.m2/repository/org/openjdk/jmh/jmh-core/1.37/jmh-core-1.37.jar)
[INFO] [stdout] WARNING: Please consider reporting this to the maintainers of class org.openjdk.jmh.util.Utils
[INFO] [stdout] WARNING: sun.misc.Unsafe::objectFieldOffset will be removed in a future release
[INFO] [stdout] Iteration   1: WARNING: A restricted method in java.lang.foreign.SymbolLookup has been called
[INFO] [stdout] WARNING: java.lang.foreign.SymbolLookup::libraryLookup has been called by io.airlift.compress.v3.internal.NativeLoader in an unnamed module (file:/root/.m2/repository/io/airlift/aircompressor-v3/3.4/aircompressor-v3-3.4.jar)
[INFO] [stdout] WARNING: Use --enable-native-access=ALL-UNNAMED to avoid a warning for callers in this module
[INFO] [stdout] WARNING: Restricted methods will be blocked in a future release unless native access is enabled
[INFO] [stdout] 
[WARNING] [stderr] [packed-single-variable-width-record] rows=10000 active=3443 domain=-1 nullable=false admitted=false
[INFO] [stdout] 766.926 ms/op
[INFO] [stdout] 
[INFO] [stdout] 
[INFO] [stdout] Result "org.weakref.nitro.clickbench.BenchmarkQueries.query38":
[INFO] [stdout]   766.926 ms/op
[INFO] [stdout] 
[INFO] [stdout] 
[INFO] [stdout] # JMH version: 1.37
[INFO] [stdout] # VM version: JDK 26.0.1, OpenJDK 64-Bit Server VM, 26.0.1+8
[INFO] [stdout] # VM invoker: /opt/java/openjdk/bin/java
[INFO] [stdout] # VM options: --enable-preview --add-modules=jdk.incubator.vector -Dnitro.clickbench.hits.path= -Dnitro.debug.packedSingleVariableWidthRecord=true -Dnitro.clickbench.hits.path=/root/data/clickbench -Dnitro.tpch.parquet.path=/root/data/tpch-parquet-sf10 -Dnitro.tpch.parquet.schema=sf10 -Dnitro.tpcds.parquet.path=/root/data/tpcds-parquet-sf10 -Dnitro.tpcds.parquet.schema=sf10
[INFO] [stdout] # Blackhole mode: compiler (auto-detected, use -Djmh.blackhole.autoDetect=false to disable)
[INFO] [stdout] # Warmup: <none>
[INFO] [stdout] # Measurement: 1 iterations, 1 ms each
[INFO] [stdout] # Timeout: 10 min per iteration
[INFO] [stdout] # Threads: 1 thread, will synchronize iterations
[INFO] [stdout] # Benchmark mode: Average time, time/op
[INFO] [stdout] # Benchmark: org.weakref.nitro.clickbench.BenchmarkQueries.query39
[INFO] [stdout] 
[INFO] [stdout] # Run progress: 29.73% complete, ETA 00:03:00
[INFO] [stdout] # Fork: 1 of 1
[INFO] [stdout] WARNING: Using incubator modules: jdk.incubator.vector
[INFO] [stdout] WARNING: A terminally deprecated method in sun.misc.Unsafe has been called
[INFO] [stdout] WARNING: sun.misc.Unsafe::objectFieldOffset has been called by org.openjdk.jmh.util.Utils (file:/root/.m2/repository/org/openjdk/jmh/jmh-core/1.37/jmh-core-1.37.jar)
[INFO] [stdout] WARNING: Please consider reporting this to the maintainers of class org.openjdk.jmh.util.Utils
[INFO] [stdout] WARNING: sun.misc.Unsafe::objectFieldOffset will be removed in a future release
[INFO] [stdout] Iteration   1: WARNING: A restricted method in java.lang.foreign.SymbolLookup has been called
[INFO] [stdout] WARNING: java.lang.foreign.SymbolLookup::libraryLookup has been called by io.airlift.compress.v3.internal.NativeLoader in an unnamed module (file:/root/.m2/repository/io/airlift/aircompressor-v3/3.4/aircompressor-v3-3.4.jar)
[INFO] [stdout] WARNING: Use --enable-native-access=ALL-UNNAMED to avoid a warning for callers in this module
[INFO] [stdout] WARNING: Restricted methods will be blocked in a future release unless native access is enabled
[INFO] [stdout] 
[WARNING] [stderr] [packed-single-variable-width-record] rows=10000 active=260 domain=-1 nullable=false admitted=false
[INFO] [stdout] 927.259 ms/op
[INFO] [stdout] 
[INFO] [stdout] 
[INFO] [stdout] Result "org.weakref.nitro.clickbench.BenchmarkQueries.query39":
[INFO] [stdout]   927.259 ms/op
[INFO] [stdout] 
[INFO] [stdout] 
[INFO] [stdout] # JMH version: 1.37
[INFO] [stdout] # VM version: JDK 26.0.1, OpenJDK 64-Bit Server VM, 26.0.1+8
[INFO] [stdout] # VM invoker: /opt/java/openjdk/bin/java
[INFO] [stdout] # VM options: --enable-preview --add-modules=jdk.incubator.vector -Dnitro.clickbench.hits.path= -Dnitro.debug.packedSingleVariableWidthRecord=true -Dnitro.clickbench.hits.path=/root/data/clickbench -Dnitro.tpch.parquet.path=/root/data/tpch-parquet-sf10 -Dnitro.tpch.parquet.schema=sf10 -Dnitro.tpcds.parquet.path=/root/data/tpcds-parquet-sf10 -Dnitro.tpcds.parquet.schema=sf10
[INFO] [stdout] # Blackhole mode: compiler (auto-detected, use -Djmh.blackhole.autoDetect=false to disable)
[INFO] [stdout] # Warmup: <none>
[INFO] [stdout] # Measurement: 1 iterations, 1 ms each
[INFO] [stdout] # Timeout: 30 min per iteration
[INFO] [stdout] # Threads: 1 thread, will synchronize iterations
[INFO] [stdout] # Benchmark mode: Average time, time/op
[INFO] [stdout] # Benchmark: org.weakref.nitro.tpcds.BenchmarkQueries.query05
[INFO] [stdout] 
[INFO] [stdout] # Run progress: 32.43% complete, ETA 00:02:41
[INFO] [stdout] # Fork: 1 of 1
[INFO] [stdout] WARNING: Using incubator modules: jdk.incubator.vector
[INFO] [stdout] WARNING: A terminally deprecated method in sun.misc.Unsafe has been called
[INFO] [stdout] WARNING: sun.misc.Unsafe::objectFieldOffset has been called by org.openjdk.jmh.util.Utils (file:/root/.m2/repository/org/openjdk/jmh/jmh-core/1.37/jmh-core-1.37.jar)
[INFO] [stdout] WARNING: Please consider reporting this to the maintainers of class org.openjdk.jmh.util.Utils
[INFO] [stdout] WARNING: sun.misc.Unsafe::objectFieldOffset will be removed in a future release
[INFO] [stdout] Iteration   1: WARNING: A restricted method in java.lang.foreign.SymbolLookup has been called
[INFO] [stdout] WARNING: java.lang.foreign.SymbolLookup::libraryLookup has been called by io.airlift.compress.v3.internal.NativeLoader in an unnamed module (file:/root/.m2/repository/io/airlift/aircompressor-v3/3.4/aircompressor-v3-3.4.jar)
[INFO] [stdout] WARNING: Use --enable-native-access=ALL-UNNAMED to avoid a warning for callers in this module
[INFO] [stdout] WARNING: Restricted methods will be blocked in a future release unless native access is enabled
[INFO] [stdout] 
[WARNING] [stderr] [packed-single-variable-width-record] rows=5648 active=5648 domain=51 nullable=false admitted=false
[WARNING] [stderr] [packed-single-variable-width-record] rows=5648 active=0 domain=51 nullable=true admitted=false
[WARNING] [stderr] [packed-single-variable-width-record] rows=10000 active=10000 domain=65536 nullable=false admitted=true
[WARNING] [stderr] [packed-single-variable-width-record] rows=10000 active=0 domain=65536 nullable=true admitted=false
[WARNING] [stderr] [packed-single-variable-width-record] rows=5673 active=5673 domain=21 nullable=false admitted=false
[WARNING] [stderr] [packed-single-variable-width-record] rows=5673 active=0 domain=21 nullable=true admitted=false
[INFO] [stdout] 731.873 ms/op
[INFO] [stdout] 
[INFO] [stdout] 
[INFO] [stdout] Result "org.weakref.nitro.tpcds.BenchmarkQueries.query05":
[INFO] [stdout]   731.873 ms/op
[INFO] [stdout] 
[INFO] [stdout] 
[INFO] [stdout] # JMH version: 1.37
[INFO] [stdout] # VM version: JDK 26.0.1, OpenJDK 64-Bit Server VM, 26.0.1+8
[INFO] [stdout] # VM invoker: /opt/java/openjdk/bin/java
[INFO] [stdout] # VM options: --enable-preview --add-modules=jdk.incubator.vector -Dnitro.clickbench.hits.path= -Dnitro.debug.packedSingleVariableWidthRecord=true -Dnitro.clickbench.hits.path=/root/data/clickbench -Dnitro.tpch.parquet.path=/root/data/tpch-parquet-sf10 -Dnitro.tpch.parquet.schema=sf10 -Dnitro.tpcds.parquet.path=/root/data/tpcds-parquet-sf10 -Dnitro.tpcds.parquet.schema=sf10
[INFO] [stdout] # Blackhole mode: compiler (auto-detected, use -Djmh.blackhole.autoDetect=false to disable)
[INFO] [stdout] # Warmup: <none>
[INFO] [stdout] # Measurement: 1 iterations, 1 ms each
[INFO] [stdout] # Timeout: 30 min per iteration
[INFO] [stdout] # Threads: 1 thread, will synchronize iterations
[INFO] [stdout] # Benchmark mode: Average time, time/op
[INFO] [stdout] # Benchmark: org.weakref.nitro.tpcds.BenchmarkQueries.query06
[INFO] [stdout] 
[INFO] [stdout] # Run progress: 35.14% complete, ETA 00:02:24
[INFO] [stdout] # Fork: 1 of 1
[INFO] [stdout] WARNING: Using incubator modules: jdk.incubator.vector
[INFO] [stdout] WARNING: A terminally deprecated method in sun.misc.Unsafe has been called
[INFO] [stdout] WARNING: sun.misc.Unsafe::objectFieldOffset has been called by org.openjdk.jmh.util.Utils (file:/root/.m2/repository/org/openjdk/jmh/jmh-core/1.37/jmh-core-1.37.jar)
[INFO] [stdout] WARNING: Please consider reporting this to the maintainers of class org.openjdk.jmh.util.Utils
[INFO] [stdout] WARNING: sun.misc.Unsafe::objectFieldOffset will be removed in a future release
[INFO] [stdout] Iteration   1: WARNING: A restricted method in java.lang.foreign.SymbolLookup has been called
[INFO] [stdout] WARNING: java.lang.foreign.SymbolLookup::libraryLookup has been called by io.airlift.compress.v3.internal.NativeLoader in an unnamed module (file:/root/.m2/repository/io/airlift/aircompressor-v3/3.4/aircompressor-v3-3.4.jar)
[INFO] [stdout] WARNING: Use --enable-native-access=ALL-UNNAMED to avoid a warning for callers in this module
[INFO] [stdout] WARNING: Restricted methods will be blocked in a future release unless native access is enabled
[INFO] [stdout] 
[WARNING] [stderr] [packed-single-variable-width-record] rows=10000 active=10000 domain=10 nullable=false admitted=false
[WARNING] [stderr] [packed-single-variable-width-record] rows=10000 active=0 domain=10 nullable=true admitted=false
[WARNING] [stderr] [packed-single-variable-width-record] rows=11 active=0 domain=-1 nullable=false admitted=false
[WARNING] [stderr] [packed-single-variable-width-record] rows=95 active=10 domain=250000 nullable=false admitted=false
[INFO] [stdout] 1088.697 ms/op
[INFO] [stdout] 
[INFO] [stdout] 
[INFO] [stdout] Result "org.weakref.nitro.tpcds.BenchmarkQueries.query06":
[INFO] [stdout]   1088.697 ms/op
[INFO] [stdout] 
[INFO] [stdout] 
[INFO] [stdout] # JMH version: 1.37
[INFO] [stdout] # VM version: JDK 26.0.1, OpenJDK 64-Bit Server VM, 26.0.1+8
[INFO] [stdout] # VM invoker: /opt/java/openjdk/bin/java
[INFO] [stdout] # VM options: --enable-preview --add-modules=jdk.incubator.vector -Dnitro.clickbench.hits.path= -Dnitro.debug.packedSingleVariableWidthRecord=true -Dnitro.clickbench.hits.path=/root/data/clickbench -Dnitro.tpch.parquet.path=/root/data/tpch-parquet-sf10 -Dnitro.tpch.parquet.schema=sf10 -Dnitro.tpcds.parquet.path=/root/data/tpcds-parquet-sf10 -Dnitro.tpcds.parquet.schema=sf10
[INFO] [stdout] # Blackhole mode: compiler (auto-detected, use -Djmh.blackhole.autoDetect=false to disable)
[INFO] [stdout] # Warmup: <none>
[INFO] [stdout] # Measurement: 1 iterations, 1 ms each
[INFO] [stdout] # Timeout: 30 min per iteration
[INFO] [stdout] # Threads: 1 thread, will synchronize iterations
[INFO] [stdout] # Benchmark mode: Average time, time/op
[INFO] [stdout] # Benchmark: org.weakref.nitro.tpcds.BenchmarkQueries.query07
[INFO] [stdout] 
[INFO] [stdout] # Run progress: 37.84% complete, ETA 00:02:10
[INFO] [stdout] # Fork: 1 of 1
[INFO] [stdout] WARNING: Using incubator modules: jdk.incubator.vector
[INFO] [stdout] WARNING: A terminally deprecated method in sun.misc.Unsafe has been called
[INFO] [stdout] WARNING: sun.misc.Unsafe::objectFieldOffset has been called by org.openjdk.jmh.util.Utils (file:/root/.m2/repository/org/openjdk/jmh/jmh-core/1.37/jmh-core-1.37.jar)
[INFO] [stdout] WARNING: Please consider reporting this to the maintainers of class org.openjdk.jmh.util.Utils
[INFO] [stdout] WARNING: sun.misc.Unsafe::objectFieldOffset will be removed in a future release
[INFO] [stdout] Iteration   1: WARNING: A restricted method in java.lang.foreign.SymbolLookup has been called
[INFO] [stdout] WARNING: java.lang.foreign.SymbolLookup::libraryLookup has been called by io.airlift.compress.v3.internal.NativeLoader in an unnamed module (file:/root/.m2/repository/io/airlift/aircompressor-v3/3.4/aircompressor-v3-3.4.jar)
[INFO] [stdout] WARNING: Use --enable-native-access=ALL-UNNAMED to avoid a warning for callers in this module
[INFO] [stdout] WARNING: Restricted methods will be blocked in a future release unless native access is enabled
[INFO] [stdout] 
[WARNING] [stderr] [packed-single-variable-width-record] rows=1417 active=1417 domain=1417 nullable=false admitted=false
[INFO] [stdout] 947.144 ms/op
[INFO] [stdout] 
[INFO] [stdout] 
[INFO] [stdout] Result "org.weakref.nitro.tpcds.BenchmarkQueries.query07":
[INFO] [stdout]   947.144 ms/op
[INFO] [stdout] 
[INFO] [stdout] 
[INFO] [stdout] # JMH version: 1.37
[INFO] [stdout] # VM version: JDK 26.0.1, OpenJDK 64-Bit Server VM, 26.0.1+8
[INFO] [stdout] # VM invoker: /opt/java/openjdk/bin/java
[INFO] [stdout] # VM options: --enable-preview --add-modules=jdk.incubator.vector -Dnitro.clickbench.hits.path= -Dnitro.debug.packedSingleVariableWidthRecord=true -Dnitro.clickbench.hits.path=/root/data/clickbench -Dnitro.tpch.parquet.path=/root/data/tpch-parquet-sf10 -Dnitro.tpch.parquet.schema=sf10 -Dnitro.tpcds.parquet.path=/root/data/tpcds-parquet-sf10 -Dnitro.tpcds.parquet.schema=sf10
[INFO] [stdout] # Blackhole mode: compiler (auto-detected, use -Djmh.blackhole.autoDetect=false to disable)
[INFO] [stdout] # Warmup: <none>
[INFO] [stdout] # Measurement: 1 iterations, 1 ms each
[INFO] [stdout] # Timeout: 30 min per iteration
[INFO] [stdout] # Threads: 1 thread, will synchronize iterations
[INFO] [stdout] # Benchmark mode: Average time, time/op
[INFO] [stdout] # Benchmark: org.weakref.nitro.tpcds.BenchmarkQueries.query08
[INFO] [stdout] 
[INFO] [stdout] # Run progress: 40.54% complete, ETA 00:01:58
[INFO] [stdout] # Fork: 1 of 1
[INFO] [stdout] WARNING: Using incubator modules: jdk.incubator.vector
[INFO] [stdout] WARNING: A terminally deprecated method in sun.misc.Unsafe has been called
[INFO] [stdout] WARNING: sun.misc.Unsafe::objectFieldOffset has been called by org.openjdk.jmh.util.Utils (file:/root/.m2/repository/org/openjdk/jmh/jmh-core/1.37/jmh-core-1.37.jar)
[INFO] [stdout] WARNING: Please consider reporting this to the maintainers of class org.openjdk.jmh.util.Utils
[INFO] [stdout] WARNING: sun.misc.Unsafe::objectFieldOffset will be removed in a future release
[INFO] [stdout] Iteration   1: WARNING: A restricted method in java.lang.foreign.SymbolLookup has been called
[INFO] [stdout] WARNING: java.lang.foreign.SymbolLookup::libraryLookup has been called by io.airlift.compress.v3.internal.NativeLoader in an unnamed module (file:/root/.m2/repository/io/airlift/aircompressor-v3/3.4/aircompressor-v3-3.4.jar)
[INFO] [stdout] WARNING: Use --enable-native-access=ALL-UNNAMED to avoid a warning for callers in this module
[INFO] [stdout] WARNING: Restricted methods will be blocked in a future release unless native access is enabled
[INFO] [stdout] 
[WARNING] [stderr] [packed-single-variable-width-record] rows=4759 active=25 domain=25 nullable=false admitted=false
[WARNING] [stderr] [packed-single-variable-width-record] rows=19 active=0 domain=25 nullable=false admitted=false
[WARNING] [stderr] [packed-single-variable-width-record] rows=65536 active=0 domain=-1 nullable=false admitted=false
[WARNING] [stderr] [packed-single-variable-width-record] rows=2967 active=2967 domain=10000 nullable=false admitted=false
[INFO] [stdout] 746.721 ms/op
[INFO] [stdout] 
[INFO] [stdout] 
[INFO] [stdout] Result "org.weakref.nitro.tpcds.BenchmarkQueries.query08":
[INFO] [stdout]   746.721 ms/op
[INFO] [stdout] 
[INFO] [stdout] 
[INFO] [stdout] # JMH version: 1.37
[INFO] [stdout] # VM version: JDK 26.0.1, OpenJDK 64-Bit Server VM, 26.0.1+8
[INFO] [stdout] # VM invoker: /opt/java/openjdk/bin/java
[INFO] [stdout] # VM options: --enable-preview --add-modules=jdk.incubator.vector -Dnitro.clickbench.hits.path= -Dnitro.debug.packedSingleVariableWidthRecord=true -Dnitro.clickbench.hits.path=/root/data/clickbench -Dnitro.tpch.parquet.path=/root/data/tpch-parquet-sf10 -Dnitro.tpch.parquet.schema=sf10 -Dnitro.tpcds.parquet.path=/root/data/tpcds-parquet-sf10 -Dnitro.tpcds.parquet.schema=sf10
[INFO] [stdout] # Blackhole mode: compiler (auto-detected, use -Djmh.blackhole.autoDetect=false to disable)
[INFO] [stdout] # Warmup: <none>
[INFO] [stdout] # Measurement: 1 iterations, 1 ms each
[INFO] [stdout] # Timeout: 30 min per iteration
[INFO] [stdout] # Threads: 1 thread, will synchronize iterations
[INFO] [stdout] # Benchmark mode: Average time, time/op
[INFO] [stdout] # Benchmark: org.weakref.nitro.tpcds.BenchmarkQueries.query11
[INFO] [stdout] 
[INFO] [stdout] # Run progress: 43.24% complete, ETA 00:01:47
[INFO] [stdout] # Fork: 1 of 1
[INFO] [stdout] WARNING: Using incubator modules: jdk.incubator.vector
[INFO] [stdout] WARNING: A terminally deprecated method in sun.misc.Unsafe has been called
[INFO] [stdout] WARNING: sun.misc.Unsafe::objectFieldOffset has been called by org.openjdk.jmh.util.Utils (file:/root/.m2/repository/org/openjdk/jmh/jmh-core/1.37/jmh-core-1.37.jar)
[INFO] [stdout] WARNING: Please consider reporting this to the maintainers of class org.openjdk.jmh.util.Utils
[INFO] [stdout] WARNING: sun.misc.Unsafe::objectFieldOffset will be removed in a future release
[INFO] [stdout] Iteration   1: WARNING: A restricted method in java.lang.foreign.SymbolLookup has been called
[INFO] [stdout] WARNING: java.lang.foreign.SymbolLookup::libraryLookup has been called by io.airlift.compress.v3.internal.NativeLoader in an unnamed module (file:/root/.m2/repository/io/airlift/aircompressor-v3/3.4/aircompressor-v3-3.4.jar)
[INFO] [stdout] WARNING: Use --enable-native-access=ALL-UNNAMED to avoid a warning for callers in this module
[INFO] [stdout] WARNING: Restricted methods will be blocked in a future release unless native access is enabled
[INFO] [stdout] 
[WARNING] [stderr] [packed-single-variable-width-record] rows=106624 active=0 domain=-1 nullable=false admitted=false
[WARNING] [stderr] [packed-single-variable-width-record] rows=106184 active=0 domain=-1 nullable=false admitted=false
[WARNING] [stderr] [packed-single-variable-width-record] rows=308213 active=0 domain=-1 nullable=false admitted=false
[INFO] [stdout] 3654.035 ms/op
[INFO] [stdout] 
[INFO] [stdout] 
[INFO] [stdout] Result "org.weakref.nitro.tpcds.BenchmarkQueries.query11":
[INFO] [stdout]   3654.035 ms/op
[INFO] [stdout] 
[INFO] [stdout] 
[INFO] [stdout] # JMH version: 1.37
[INFO] [stdout] # VM version: JDK 26.0.1, OpenJDK 64-Bit Server VM, 26.0.1+8
[INFO] [stdout] # VM invoker: /opt/java/openjdk/bin/java
[INFO] [stdout] # VM options: --enable-preview --add-modules=jdk.incubator.vector -Dnitro.clickbench.hits.path= -Dnitro.debug.packedSingleVariableWidthRecord=true -Dnitro.clickbench.hits.path=/root/data/clickbench -Dnitro.tpch.parquet.path=/root/data/tpch-parquet-sf10 -Dnitro.tpch.parquet.schema=sf10 -Dnitro.tpcds.parquet.path=/root/data/tpcds-parquet-sf10 -Dnitro.tpcds.parquet.schema=sf10
[INFO] [stdout] # Blackhole mode: compiler (auto-detected, use -Djmh.blackhole.autoDetect=false to disable)
[INFO] [stdout] # Warmup: <none>
[INFO] [stdout] # Measurement: 1 iterations, 1 ms each
[INFO] [stdout] # Timeout: 30 min per iteration
[INFO] [stdout] # Threads: 1 thread, will synchronize iterations
[INFO] [stdout] # Benchmark mode: Average time, time/op
[INFO] [stdout] # Benchmark: org.weakref.nitro.tpcds.BenchmarkQueries.query15
[INFO] [stdout] 
[INFO] [stdout] # Run progress: 45.95% complete, ETA 00:01:40
[INFO] [stdout] # Fork: 1 of 1
[INFO] [stdout] WARNING: Using incubator modules: jdk.incubator.vector
[INFO] [stdout] WARNING: A terminally deprecated method in sun.misc.Unsafe has been called
[INFO] [stdout] WARNING: sun.misc.Unsafe::objectFieldOffset has been called by org.openjdk.jmh.util.Utils (file:/root/.m2/repository/org/openjdk/jmh/jmh-core/1.37/jmh-core-1.37.jar)
[INFO] [stdout] WARNING: Please consider reporting this to the maintainers of class org.openjdk.jmh.util.Utils
[INFO] [stdout] WARNING: sun.misc.Unsafe::objectFieldOffset will be removed in a future release
[INFO] [stdout] Iteration   1: WARNING: A restricted method in java.lang.foreign.SymbolLookup has been called
[INFO] [stdout] WARNING: java.lang.foreign.SymbolLookup::libraryLookup has been called by io.airlift.compress.v3.internal.NativeLoader in an unnamed module (file:/root/.m2/repository/io/airlift/aircompressor-v3/3.4/aircompressor-v3-3.4.jar)
[INFO] [stdout] WARNING: Use --enable-native-access=ALL-UNNAMED to avoid a warning for callers in this module
[INFO] [stdout] WARNING: Restricted methods will be blocked in a future release unless native access is enabled
[INFO] [stdout] 
[WARNING] [stderr] [packed-single-variable-width-record] rows=9971 active=819 domain=9971 nullable=false admitted=false
[INFO] [stdout] 525.073 ms/op
[INFO] [stdout] 
[INFO] [stdout] 
[INFO] [stdout] Result "org.weakref.nitro.tpcds.BenchmarkQueries.query15":
[INFO] [stdout]   525.073 ms/op
[INFO] [stdout] 
[INFO] [stdout] 
[INFO] [stdout] # JMH version: 1.37
[INFO] [stdout] # VM version: JDK 26.0.1, OpenJDK 64-Bit Server VM, 26.0.1+8
[INFO] [stdout] # VM invoker: /opt/java/openjdk/bin/java
[INFO] [stdout] # VM options: --enable-preview --add-modules=jdk.incubator.vector -Dnitro.clickbench.hits.path= -Dnitro.debug.packedSingleVariableWidthRecord=true -Dnitro.clickbench.hits.path=/root/data/clickbench -Dnitro.tpch.parquet.path=/root/data/tpch-parquet-sf10 -Dnitro.tpch.parquet.schema=sf10 -Dnitro.tpcds.parquet.path=/root/data/tpcds-parquet-sf10 -Dnitro.tpcds.parquet.schema=sf10
[INFO] [stdout] # Blackhole mode: compiler (auto-detected, use -Djmh.blackhole.autoDetect=false to disable)
[INFO] [stdout] # Warmup: <none>
[INFO] [stdout] # Measurement: 1 iterations, 1 ms each
[INFO] [stdout] # Timeout: 30 min per iteration
[INFO] [stdout] # Threads: 1 thread, will synchronize iterations
[INFO] [stdout] # Benchmark mode: Average time, time/op
[INFO] [stdout] # Benchmark: org.weakref.nitro.tpcds.BenchmarkQueries.query26
[INFO] [stdout] 
[INFO] [stdout] # Run progress: 48.65% complete, ETA 00:01:31
[INFO] [stdout] # Fork: 1 of 1
[INFO] [stdout] WARNING: Using incubator modules: jdk.incubator.vector
[INFO] [stdout] WARNING: A terminally deprecated method in sun.misc.Unsafe has been called
[INFO] [stdout] WARNING: sun.misc.Unsafe::objectFieldOffset has been called by org.openjdk.jmh.util.Utils (file:/root/.m2/repository/org/openjdk/jmh/jmh-core/1.37/jmh-core-1.37.jar)
[INFO] [stdout] WARNING: Please consider reporting this to the maintainers of class org.openjdk.jmh.util.Utils
[INFO] [stdout] WARNING: sun.misc.Unsafe::objectFieldOffset will be removed in a future release
[INFO] [stdout] Iteration   1: WARNING: A restricted method in java.lang.foreign.SymbolLookup has been called
[INFO] [stdout] WARNING: java.lang.foreign.SymbolLookup::libraryLookup has been called by io.airlift.compress.v3.internal.NativeLoader in an unnamed module (file:/root/.m2/repository/io/airlift/aircompressor-v3/3.4/aircompressor-v3-3.4.jar)
[INFO] [stdout] WARNING: Use --enable-native-access=ALL-UNNAMED to avoid a warning for callers in this module
[INFO] [stdout] WARNING: Restricted methods will be blocked in a future release unless native access is enabled
[INFO] [stdout] 
[WARNING] [stderr] [packed-single-variable-width-record] rows=122 active=122 domain=122 nullable=false admitted=false
[INFO] [stdout] 740.488 ms/op
[INFO] [stdout] 
[INFO] [stdout] 
[INFO] [stdout] Result "org.weakref.nitro.tpcds.BenchmarkQueries.query26":
[INFO] [stdout]   740.488 ms/op
[INFO] [stdout] 
[INFO] [stdout] 
[INFO] [stdout] # JMH version: 1.37
[INFO] [stdout] # VM version: JDK 26.0.1, OpenJDK 64-Bit Server VM, 26.0.1+8
[INFO] [stdout] # VM invoker: /opt/java/openjdk/bin/java
[INFO] [stdout] # VM options: --enable-preview --add-modules=jdk.incubator.vector -Dnitro.clickbench.hits.path= -Dnitro.debug.packedSingleVariableWidthRecord=true -Dnitro.clickbench.hits.path=/root/data/clickbench -Dnitro.tpch.parquet.path=/root/data/tpch-parquet-sf10 -Dnitro.tpch.parquet.schema=sf10 -Dnitro.tpcds.parquet.path=/root/data/tpcds-parquet-sf10 -Dnitro.tpcds.parquet.schema=sf10
[INFO] [stdout] # Blackhole mode: compiler (auto-detected, use -Djmh.blackhole.autoDetect=false to disable)
[INFO] [stdout] # Warmup: <none>
[INFO] [stdout] # Measurement: 1 iterations, 1 ms each
[INFO] [stdout] # Timeout: 30 min per iteration
[INFO] [stdout] # Threads: 1 thread, will synchronize iterations
[INFO] [stdout] # Benchmark mode: Average time, time/op
[INFO] [stdout] # Benchmark: org.weakref.nitro.tpcds.BenchmarkQueries.query30
[INFO] [stdout] 
[INFO] [stdout] # Run progress: 51.35% complete, ETA 00:01:22
[INFO] [stdout] # Fork: 1 of 1
[INFO] [stdout] WARNING: Using incubator modules: jdk.incubator.vector
[INFO] [stdout] WARNING: A terminally deprecated method in sun.misc.Unsafe has been called
[INFO] [stdout] WARNING: sun.misc.Unsafe::objectFieldOffset has been called by org.openjdk.jmh.util.Utils (file:/root/.m2/repository/org/openjdk/jmh/jmh-core/1.37/jmh-core-1.37.jar)
[INFO] [stdout] WARNING: Please consider reporting this to the maintainers of class org.openjdk.jmh.util.Utils
[INFO] [stdout] WARNING: sun.misc.Unsafe::objectFieldOffset will be removed in a future release
[INFO] [stdout] Iteration   1: WARNING: A restricted method in java.lang.foreign.SymbolLookup has been called
[INFO] [stdout] WARNING: java.lang.foreign.SymbolLookup::libraryLookup has been called by io.airlift.compress.v3.internal.NativeLoader in an unnamed module (file:/root/.m2/repository/io/airlift/aircompressor-v3/3.4/aircompressor-v3-3.4.jar)
[INFO] [stdout] WARNING: Use --enable-native-access=ALL-UNNAMED to avoid a warning for callers in this module
[INFO] [stdout] WARNING: Restricted methods will be blocked in a future release unless native access is enabled
[INFO] [stdout] 
[WARNING] [stderr] [packed-single-variable-width-record] rows=130767 active=129975 domain=-1 nullable=false admitted=false
[WARNING] [stderr] [packed-single-variable-width-record] rows=130767 active=0 domain=-1 nullable=true admitted=false
[WARNING] [stderr] [packed-single-variable-width-record] rows=52 active=0 domain=-1 nullable=false admitted=false
[INFO] [stdout] 751.126 ms/op
[INFO] [stdout] 
[INFO] [stdout] 
[INFO] [stdout] Result "org.weakref.nitro.tpcds.BenchmarkQueries.query30":
[INFO] [stdout]   751.126 ms/op
[INFO] [stdout] 
[INFO] [stdout] 
[INFO] [stdout] # JMH version: 1.37
[INFO] [stdout] # VM version: JDK 26.0.1, OpenJDK 64-Bit Server VM, 26.0.1+8
[INFO] [stdout] # VM invoker: /opt/java/openjdk/bin/java
[INFO] [stdout] # VM options: --enable-preview --add-modules=jdk.incubator.vector -Dnitro.clickbench.hits.path= -Dnitro.debug.packedSingleVariableWidthRecord=true -Dnitro.clickbench.hits.path=/root/data/clickbench -Dnitro.tpch.parquet.path=/root/data/tpch-parquet-sf10 -Dnitro.tpch.parquet.schema=sf10 -Dnitro.tpcds.parquet.path=/root/data/tpcds-parquet-sf10 -Dnitro.tpcds.parquet.schema=sf10
[INFO] [stdout] # Blackhole mode: compiler (auto-detected, use -Djmh.blackhole.autoDetect=false to disable)
[INFO] [stdout] # Warmup: <none>
[INFO] [stdout] # Measurement: 1 iterations, 1 ms each
[INFO] [stdout] # Timeout: 30 min per iteration
[INFO] [stdout] # Threads: 1 thread, will synchronize iterations
[INFO] [stdout] # Benchmark mode: Average time, time/op
[INFO] [stdout] # Benchmark: org.weakref.nitro.tpcds.BenchmarkQueries.query31
[INFO] [stdout] 
[INFO] [stdout] # Run progress: 54.05% complete, ETA 00:01:14
[INFO] [stdout] # Fork: 1 of 1
[INFO] [stdout] WARNING: Using incubator modules: jdk.incubator.vector
[INFO] [stdout] WARNING: A terminally deprecated method in sun.misc.Unsafe has been called
[INFO] [stdout] WARNING: sun.misc.Unsafe::objectFieldOffset has been called by org.openjdk.jmh.util.Utils (file:/root/.m2/repository/org/openjdk/jmh/jmh-core/1.37/jmh-core-1.37.jar)
[INFO] [stdout] WARNING: Please consider reporting this to the maintainers of class org.openjdk.jmh.util.Utils
[INFO] [stdout] WARNING: sun.misc.Unsafe::objectFieldOffset will be removed in a future release
[INFO] [stdout] Iteration   1: WARNING: A restricted method in java.lang.foreign.SymbolLookup has been called
[INFO] [stdout] WARNING: java.lang.foreign.SymbolLookup::libraryLookup has been called by io.airlift.compress.v3.internal.NativeLoader in an unnamed module (file:/root/.m2/repository/io/airlift/aircompressor-v3/3.4/aircompressor-v3-3.4.jar)
[INFO] [stdout] WARNING: Use --enable-native-access=ALL-UNNAMED to avoid a warning for callers in this module
[INFO] [stdout] WARNING: Restricted methods will be blocked in a future release unless native access is enabled
[INFO] [stdout] 
[WARNING] [stderr] [packed-single-variable-width-record] rows=9999 active=9999 domain=250000 nullable=false admitted=true
[WARNING] [stderr] [packed-single-variable-width-record] rows=9999 active=0 domain=250000 nullable=true admitted=false
[WARNING] [stderr] [packed-single-variable-width-record] rows=1847 active=0 domain=-1 nullable=false admitted=false
[WARNING] [stderr] [packed-single-variable-width-record] rows=9998 active=9998 domain=250000 nullable=false admitted=true
[WARNING] [stderr] [packed-single-variable-width-record] rows=9998 active=0 domain=250000 nullable=true admitted=false
[WARNING] [stderr] [packed-single-variable-width-record] rows=1845 active=0 domain=-1 nullable=false admitted=false
[WARNING] [stderr] [packed-single-variable-width-record] rows=9998 active=9998 domain=250000 nullable=false admitted=true
[WARNING] [stderr] [packed-single-variable-width-record] rows=9998 active=0 domain=250000 nullable=true admitted=false
[WARNING] [stderr] [packed-single-variable-width-record] rows=1843 active=0 domain=-1 nullable=false admitted=false
[WARNING] [stderr] [packed-single-variable-width-record] rows=9770 active=9770 domain=250000 nullable=false admitted=true
[WARNING] [stderr] [packed-single-variable-width-record] rows=9770 active=0 domain=250000 nullable=true admitted=false
[WARNING] [stderr] [packed-single-variable-width-record] rows=1847 active=0 domain=-1 nullable=false admitted=false
[WARNING] [stderr] [packed-single-variable-width-record] rows=9769 active=9769 domain=250000 nullable=false admitted=true
[WARNING] [stderr] [packed-single-variable-width-record] rows=9769 active=0 domain=250000 nullable=true admitted=false
[WARNING] [stderr] [packed-single-variable-width-record] rows=1847 active=0 domain=-1 nullable=false admitted=false
[WARNING] [stderr] [packed-single-variable-width-record] rows=9756 active=9756 domain=250000 nullable=false admitted=true
[WARNING] [stderr] [packed-single-variable-width-record] rows=9756 active=0 domain=250000 nullable=true admitted=false
[INFO] [stdout] 1375.815 ms/op
[INFO] [stdout] 
[INFO] [stdout] 
[INFO] [stdout] Result "org.weakref.nitro.tpcds.BenchmarkQueries.query31":
[INFO] [stdout]   1375.815 ms/op
[INFO] [stdout] 
[INFO] [stdout] 
[INFO] [stdout] # JMH version: 1.37
[INFO] [stdout] # VM version: JDK 26.0.1, OpenJDK 64-Bit Server VM, 26.0.1+8
[INFO] [stdout] # VM invoker: /opt/java/openjdk/bin/java
[INFO] [stdout] # VM options: --enable-preview --add-modules=jdk.incubator.vector -Dnitro.clickbench.hits.path= -Dnitro.debug.packedSingleVariableWidthRecord=true -Dnitro.clickbench.hits.path=/root/data/clickbench -Dnitro.tpch.parquet.path=/root/data/tpch-parquet-sf10 -Dnitro.tpch.parquet.schema=sf10 -Dnitro.tpcds.parquet.path=/root/data/tpcds-parquet-sf10 -Dnitro.tpcds.parquet.schema=sf10
[INFO] [stdout] # Blackhole mode: compiler (auto-detected, use -Djmh.blackhole.autoDetect=false to disable)
[INFO] [stdout] # Warmup: <none>
[INFO] [stdout] # Measurement: 1 iterations, 1 ms each
[INFO] [stdout] # Timeout: 30 min per iteration
[INFO] [stdout] # Threads: 1 thread, will synchronize iterations
[INFO] [stdout] # Benchmark mode: Average time, time/op
[INFO] [stdout] # Benchmark: org.weakref.nitro.tpcds.BenchmarkQueries.query41
[INFO] [stdout] 
[INFO] [stdout] # Run progress: 56.76% complete, ETA 00:01:08
[INFO] [stdout] # Fork: 1 of 1
[INFO] [stdout] WARNING: Using incubator modules: jdk.incubator.vector
[INFO] [stdout] WARNING: A terminally deprecated method in sun.misc.Unsafe has been called
[INFO] [stdout] WARNING: sun.misc.Unsafe::objectFieldOffset has been called by org.openjdk.jmh.util.Utils (file:/root/.m2/repository/org/openjdk/jmh/jmh-core/1.37/jmh-core-1.37.jar)
[INFO] [stdout] WARNING: Please consider reporting this to the maintainers of class org.openjdk.jmh.util.Utils
[INFO] [stdout] WARNING: sun.misc.Unsafe::objectFieldOffset will be removed in a future release
[INFO] [stdout] Iteration   1: WARNING: A restricted method in java.lang.foreign.SymbolLookup has been called
[INFO] [stdout] WARNING: java.lang.foreign.SymbolLookup::libraryLookup has been called by io.airlift.compress.v3.internal.NativeLoader in an unnamed module (file:/root/.m2/repository/io/airlift/aircompressor-v3/3.4/aircompressor-v3-3.4.jar)
[INFO] [stdout] WARNING: Use --enable-native-access=ALL-UNNAMED to avoid a warning for callers in this module
[INFO] [stdout] WARNING: Restricted methods will be blocked in a future release unless native access is enabled
[INFO] [stdout] 
[WARNING] [stderr] [packed-single-variable-width-record] rows=10000 active=5 domain=1000 nullable=false admitted=false
[WARNING] [stderr] [packed-single-variable-width-record] rows=10000 active=0 domain=-1 nullable=false admitted=false
[INFO] [stdout] 255.316 ms/op
[INFO] [stdout] 
[INFO] [stdout] 
[INFO] [stdout] Result "org.weakref.nitro.tpcds.BenchmarkQueries.query41":
[INFO] [stdout]   255.316 ms/op
[INFO] [stdout] 
[INFO] [stdout] 
[INFO] [stdout] # JMH version: 1.37
[INFO] [stdout] # VM version: JDK 26.0.1, OpenJDK 64-Bit Server VM, 26.0.1+8
[INFO] [stdout] # VM invoker: /opt/java/openjdk/bin/java
[INFO] [stdout] # VM options: --enable-preview --add-modules=jdk.incubator.vector -Dnitro.clickbench.hits.path= -Dnitro.debug.packedSingleVariableWidthRecord=true -Dnitro.clickbench.hits.path=/root/data/clickbench -Dnitro.tpch.parquet.path=/root/data/tpch-parquet-sf10 -Dnitro.tpch.parquet.schema=sf10 -Dnitro.tpcds.parquet.path=/root/data/tpcds-parquet-sf10 -Dnitro.tpcds.parquet.schema=sf10
[INFO] [stdout] # Blackhole mode: compiler (auto-detected, use -Djmh.blackhole.autoDetect=false to disable)
[INFO] [stdout] # Warmup: <none>
[INFO] [stdout] # Measurement: 1 iterations, 1 ms each
[INFO] [stdout] # Timeout: 30 min per iteration
[INFO] [stdout] # Threads: 1 thread, will synchronize iterations
[INFO] [stdout] # Benchmark mode: Average time, time/op
[INFO] [stdout] # Benchmark: org.weakref.nitro.tpcds.BenchmarkQueries.query45
[INFO] [stdout] 
[INFO] [stdout] # Run progress: 59.46% complete, ETA 00:01:01
[INFO] [stdout] # Fork: 1 of 1
[INFO] [stdout] WARNING: Using incubator modules: jdk.incubator.vector
[INFO] [stdout] WARNING: A terminally deprecated method in sun.misc.Unsafe has been called
[INFO] [stdout] WARNING: sun.misc.Unsafe::objectFieldOffset has been called by org.openjdk.jmh.util.Utils (file:/root/.m2/repository/org/openjdk/jmh/jmh-core/1.37/jmh-core-1.37.jar)
[INFO] [stdout] WARNING: Please consider reporting this to the maintainers of class org.openjdk.jmh.util.Utils
[INFO] [stdout] WARNING: sun.misc.Unsafe::objectFieldOffset will be removed in a future release
[INFO] [stdout] Iteration   1: WARNING: A restricted method in java.lang.foreign.SymbolLookup has been called
[INFO] [stdout] WARNING: java.lang.foreign.SymbolLookup::libraryLookup has been called by io.airlift.compress.v3.internal.NativeLoader in an unnamed module (file:/root/.m2/repository/io/airlift/aircompressor-v3/3.4/aircompressor-v3-3.4.jar)
[INFO] [stdout] WARNING: Use --enable-native-access=ALL-UNNAMED to avoid a warning for callers in this module
[INFO] [stdout] WARNING: Restricted methods will be blocked in a future release unless native access is enabled
[INFO] [stdout] 
[WARNING] [stderr] [packed-single-variable-width-record] rows=10000 active=10 domain=51000 nullable=false admitted=false
[INFO] [stdout] 478.739 ms/op
[INFO] [stdout] 
[INFO] [stdout] 
[INFO] [stdout] Result "org.weakref.nitro.tpcds.BenchmarkQueries.query45":
[INFO] [stdout]   478.739 ms/op
[INFO] [stdout] 
[INFO] [stdout] 
[INFO] [stdout] # JMH version: 1.37
[INFO] [stdout] # VM version: JDK 26.0.1, OpenJDK 64-Bit Server VM, 26.0.1+8
[INFO] [stdout] # VM invoker: /opt/java/openjdk/bin/java
[INFO] [stdout] # VM options: --enable-preview --add-modules=jdk.incubator.vector -Dnitro.clickbench.hits.path= -Dnitro.debug.packedSingleVariableWidthRecord=true -Dnitro.clickbench.hits.path=/root/data/clickbench -Dnitro.tpch.parquet.path=/root/data/tpch-parquet-sf10 -Dnitro.tpch.parquet.schema=sf10 -Dnitro.tpcds.parquet.path=/root/data/tpcds-parquet-sf10 -Dnitro.tpcds.parquet.schema=sf10
[INFO] [stdout] # Blackhole mode: compiler (auto-detected, use -Djmh.blackhole.autoDetect=false to disable)
[INFO] [stdout] # Warmup: <none>
[INFO] [stdout] # Measurement: 1 iterations, 1 ms each
[INFO] [stdout] # Timeout: 30 min per iteration
[INFO] [stdout] # Threads: 1 thread, will synchronize iterations
[INFO] [stdout] # Benchmark mode: Average time, time/op
[INFO] [stdout] # Benchmark: org.weakref.nitro.tpcds.BenchmarkQueries.query56
[INFO] [stdout] 
[INFO] [stdout] # Run progress: 62.16% complete, ETA 00:00:55
[INFO] [stdout] # Fork: 1 of 1
[INFO] [stdout] WARNING: Using incubator modules: jdk.incubator.vector
[INFO] [stdout] WARNING: A terminally deprecated method in sun.misc.Unsafe has been called
[INFO] [stdout] WARNING: sun.misc.Unsafe::objectFieldOffset has been called by org.openjdk.jmh.util.Utils (file:/root/.m2/repository/org/openjdk/jmh/jmh-core/1.37/jmh-core-1.37.jar)
[INFO] [stdout] WARNING: Please consider reporting this to the maintainers of class org.openjdk.jmh.util.Utils
[INFO] [stdout] WARNING: sun.misc.Unsafe::objectFieldOffset will be removed in a future release
[INFO] [stdout] Iteration   1: WARNING: A restricted method in java.lang.foreign.SymbolLookup has been called
[INFO] [stdout] WARNING: java.lang.foreign.SymbolLookup::libraryLookup has been called by io.airlift.compress.v3.internal.NativeLoader in an unnamed module (file:/root/.m2/repository/io/airlift/aircompressor-v3/3.4/aircompressor-v3-3.4.jar)
[INFO] [stdout] WARNING: Use --enable-native-access=ALL-UNNAMED to avoid a warning for callers in this module
[INFO] [stdout] WARNING: Restricted methods will be blocked in a future release unless native access is enabled
[INFO] [stdout] 
[WARNING] [stderr] [packed-single-variable-width-record] rows=10000 active=275 domain=51000 nullable=false admitted=false
[WARNING] [stderr] [packed-single-variable-width-record] rows=82 active=82 domain=227 nullable=false admitted=false
[WARNING] [stderr] [packed-single-variable-width-record] rows=2250 active=2250 domain=2250 nullable=false admitted=false
[WARNING] [stderr] [packed-single-variable-width-record] rows=10000 active=275 domain=51000 nullable=false admitted=false
[WARNING] [stderr] [packed-single-variable-width-record] rows=203 active=203 domain=535 nullable=false admitted=false
[WARNING] [stderr] [packed-single-variable-width-record] rows=10000 active=275 domain=51000 nullable=false admitted=false
[WARNING] [stderr] [packed-single-variable-width-record] rows=83 active=83 domain=270 nullable=false admitted=false
[INFO] [stdout] 768.212 ms/op
[INFO] [stdout] 
[INFO] [stdout] 
[INFO] [stdout] Result "org.weakref.nitro.tpcds.BenchmarkQueries.query56":
[INFO] [stdout]   768.212 ms/op
[INFO] [stdout] 
[INFO] [stdout] 
[INFO] [stdout] # JMH version: 1.37
[INFO] [stdout] # VM version: JDK 26.0.1, OpenJDK 64-Bit Server VM, 26.0.1+8
[INFO] [stdout] # VM invoker: /opt/java/openjdk/bin/java
[INFO] [stdout] # VM options: --enable-preview --add-modules=jdk.incubator.vector -Dnitro.clickbench.hits.path= -Dnitro.debug.packedSingleVariableWidthRecord=true -Dnitro.clickbench.hits.path=/root/data/clickbench -Dnitro.tpch.parquet.path=/root/data/tpch-parquet-sf10 -Dnitro.tpch.parquet.schema=sf10 -Dnitro.tpcds.parquet.path=/root/data/tpcds-parquet-sf10 -Dnitro.tpcds.parquet.schema=sf10
[INFO] [stdout] # Blackhole mode: compiler (auto-detected, use -Djmh.blackhole.autoDetect=false to disable)
[INFO] [stdout] # Warmup: <none>
[INFO] [stdout] # Measurement: 1 iterations, 1 ms each
[INFO] [stdout] # Timeout: 30 min per iteration
[INFO] [stdout] # Threads: 1 thread, will synchronize iterations
[INFO] [stdout] # Benchmark mode: Average time, time/op
[INFO] [stdout] # Benchmark: org.weakref.nitro.tpcds.BenchmarkQueries.query58
[INFO] [stdout] 
[INFO] [stdout] # Run progress: 64.86% complete, ETA 00:00:49
[INFO] [stdout] # Fork: 1 of 1
[INFO] [stdout] WARNING: Using incubator modules: jdk.incubator.vector
[INFO] [stdout] WARNING: A terminally deprecated method in sun.misc.Unsafe has been called
[INFO] [stdout] WARNING: sun.misc.Unsafe::objectFieldOffset has been called by org.openjdk.jmh.util.Utils (file:/root/.m2/repository/org/openjdk/jmh/jmh-core/1.37/jmh-core-1.37.jar)
[INFO] [stdout] WARNING: Please consider reporting this to the maintainers of class org.openjdk.jmh.util.Utils
[INFO] [stdout] WARNING: sun.misc.Unsafe::objectFieldOffset will be removed in a future release
[INFO] [stdout] Iteration   1: WARNING: A restricted method in java.lang.foreign.SymbolLookup has been called
[INFO] [stdout] WARNING: java.lang.foreign.SymbolLookup::libraryLookup has been called by io.airlift.compress.v3.internal.NativeLoader in an unnamed module (file:/root/.m2/repository/io/airlift/aircompressor-v3/3.4/aircompressor-v3-3.4.jar)
[INFO] [stdout] WARNING: Use --enable-native-access=ALL-UNNAMED to avoid a warning for callers in this module
[INFO] [stdout] WARNING: Restricted methods will be blocked in a future release unless native access is enabled
[INFO] [stdout] 
[WARNING] [stderr] [packed-single-variable-width-record] rows=107 active=107 domain=9997 nullable=false admitted=false
[WARNING] [stderr] [packed-single-variable-width-record] rows=32315 active=0 domain=32315 nullable=false admitted=false
[WARNING] [stderr] [packed-single-variable-width-record] rows=3 active=3 domain=9950 nullable=false admitted=false
[WARNING] [stderr] [packed-single-variable-width-record] rows=39583 active=0 domain=39583 nullable=false admitted=false
[WARNING] [stderr] [packed-single-variable-width-record] rows=73 active=73 domain=9560 nullable=false admitted=false
[INFO] [stdout] 1063.038 ms/op
[INFO] [stdout] 
[INFO] [stdout] 
[INFO] [stdout] Result "org.weakref.nitro.tpcds.BenchmarkQueries.query58":
[INFO] [stdout]   1063.038 ms/op
[INFO] [stdout] 
[INFO] [stdout] 
[INFO] [stdout] # JMH version: 1.37
[INFO] [stdout] # VM version: JDK 26.0.1, OpenJDK 64-Bit Server VM, 26.0.1+8
[INFO] [stdout] # VM invoker: /opt/java/openjdk/bin/java
[INFO] [stdout] # VM options: --enable-preview --add-modules=jdk.incubator.vector -Dnitro.clickbench.hits.path= -Dnitro.debug.packedSingleVariableWidthRecord=true -Dnitro.clickbench.hits.path=/root/data/clickbench -Dnitro.tpch.parquet.path=/root/data/tpch-parquet-sf10 -Dnitro.tpch.parquet.schema=sf10 -Dnitro.tpcds.parquet.path=/root/data/tpcds-parquet-sf10 -Dnitro.tpcds.parquet.schema=sf10
[INFO] [stdout] # Blackhole mode: compiler (auto-detected, use -Djmh.blackhole.autoDetect=false to disable)
[INFO] [stdout] # Warmup: <none>
[INFO] [stdout] # Measurement: 1 iterations, 1 ms each
[INFO] [stdout] # Timeout: 30 min per iteration
[INFO] [stdout] # Threads: 1 thread, will synchronize iterations
[INFO] [stdout] # Benchmark mode: Average time, time/op
[INFO] [stdout] # Benchmark: org.weakref.nitro.tpcds.BenchmarkQueries.query60
[INFO] [stdout] 
[INFO] [stdout] # Run progress: 67.57% complete, ETA 00:00:44
[INFO] [stdout] # Fork: 1 of 1
[INFO] [stdout] WARNING: Using incubator modules: jdk.incubator.vector
[INFO] [stdout] WARNING: A terminally deprecated method in sun.misc.Unsafe has been called
[INFO] [stdout] WARNING: sun.misc.Unsafe::objectFieldOffset has been called by org.openjdk.jmh.util.Utils (file:/root/.m2/repository/org/openjdk/jmh/jmh-core/1.37/jmh-core-1.37.jar)
[INFO] [stdout] WARNING: Please consider reporting this to the maintainers of class org.openjdk.jmh.util.Utils
[INFO] [stdout] WARNING: sun.misc.Unsafe::objectFieldOffset will be removed in a future release
[INFO] [stdout] Iteration   1: WARNING: A restricted method in java.lang.foreign.SymbolLookup has been called
[INFO] [stdout] WARNING: java.lang.foreign.SymbolLookup::libraryLookup has been called by io.airlift.compress.v3.internal.NativeLoader in an unnamed module (file:/root/.m2/repository/io/airlift/aircompressor-v3/3.4/aircompressor-v3-3.4.jar)
[INFO] [stdout] WARNING: Use --enable-native-access=ALL-UNNAMED to avoid a warning for callers in this module
[INFO] [stdout] WARNING: Restricted methods will be blocked in a future release unless native access is enabled
[INFO] [stdout] 
[WARNING] [stderr] [packed-single-variable-width-record] rows=10000 active=1026 domain=51000 nullable=false admitted=false
[WARNING] [stderr] [packed-single-variable-width-record] rows=674 active=674 domain=1889 nullable=false admitted=false
[WARNING] [stderr] [packed-single-variable-width-record] rows=9383 active=9383 domain=9383 nullable=false admitted=false
[WARNING] [stderr] [packed-single-variable-width-record] rows=9383 active=0 domain=9383 nullable=true admitted=false
[WARNING] [stderr] [packed-single-variable-width-record] rows=10000 active=1026 domain=51000 nullable=false admitted=false
[WARNING] [stderr] [packed-single-variable-width-record] rows=673 active=673 domain=1859 nullable=false admitted=false
[WARNING] [stderr] [packed-single-variable-width-record] rows=10000 active=1026 domain=51000 nullable=false admitted=false
[WARNING] [stderr] [packed-single-variable-width-record] rows=692 active=692 domain=1883 nullable=false admitted=false
[INFO] [stdout] 909.150 ms/op
[INFO] [stdout] 
[INFO] [stdout] 
[INFO] [stdout] Result "org.weakref.nitro.tpcds.BenchmarkQueries.query60":
[INFO] [stdout]   909.150 ms/op
[INFO] [stdout] 
[INFO] [stdout] 
[INFO] [stdout] # JMH version: 1.37
[INFO] [stdout] # VM version: JDK 26.0.1, OpenJDK 64-Bit Server VM, 26.0.1+8
[INFO] [stdout] # VM invoker: /opt/java/openjdk/bin/java
[INFO] [stdout] # VM options: --enable-preview --add-modules=jdk.incubator.vector -Dnitro.clickbench.hits.path= -Dnitro.debug.packedSingleVariableWidthRecord=true -Dnitro.clickbench.hits.path=/root/data/clickbench -Dnitro.tpch.parquet.path=/root/data/tpch-parquet-sf10 -Dnitro.tpch.parquet.schema=sf10 -Dnitro.tpcds.parquet.path=/root/data/tpcds-parquet-sf10 -Dnitro.tpcds.parquet.schema=sf10
[INFO] [stdout] # Blackhole mode: compiler (auto-detected, use -Djmh.blackhole.autoDetect=false to disable)
[INFO] [stdout] # Warmup: <none>
[INFO] [stdout] # Measurement: 1 iterations, 1 ms each
[INFO] [stdout] # Timeout: 30 min per iteration
[INFO] [stdout] # Threads: 1 thread, will synchronize iterations
[INFO] [stdout] # Benchmark mode: Average time, time/op
[INFO] [stdout] # Benchmark: org.weakref.nitro.tpcds.BenchmarkQueries.query70
[INFO] [stdout] 
[INFO] [stdout] # Run progress: 70.27% complete, ETA 00:00:39
[INFO] [stdout] # Fork: 1 of 1
[INFO] [stdout] WARNING: Using incubator modules: jdk.incubator.vector
[INFO] [stdout] WARNING: A terminally deprecated method in sun.misc.Unsafe has been called
[INFO] [stdout] WARNING: sun.misc.Unsafe::objectFieldOffset has been called by org.openjdk.jmh.util.Utils (file:/root/.m2/repository/org/openjdk/jmh/jmh-core/1.37/jmh-core-1.37.jar)
[INFO] [stdout] WARNING: Please consider reporting this to the maintainers of class org.openjdk.jmh.util.Utils
[INFO] [stdout] WARNING: sun.misc.Unsafe::objectFieldOffset will be removed in a future release
[INFO] [stdout] Iteration   1: WARNING: A restricted method in java.lang.foreign.SymbolLookup has been called
[INFO] [stdout] WARNING: java.lang.foreign.SymbolLookup::libraryLookup has been called by io.airlift.compress.v3.internal.NativeLoader in an unnamed module (file:/root/.m2/repository/io/airlift/aircompressor-v3/3.4/aircompressor-v3-3.4.jar)
[INFO] [stdout] WARNING: Use --enable-native-access=ALL-UNNAMED to avoid a warning for callers in this module
[INFO] [stdout] WARNING: Restricted methods will be blocked in a future release unless native access is enabled
[INFO] [stdout] 
[WARNING] [stderr] [packed-single-variable-width-record] rows=10000 active=10000 domain=3 nullable=false admitted=false
[WARNING] [stderr] [packed-single-variable-width-record] rows=10000 active=0 domain=3 nullable=true admitted=false
[WARNING] [stderr] [packed-single-variable-width-record] rows=3 active=0 domain=3 nullable=false admitted=false
[INFO] [stdout] 1572.705 ms/op
[INFO] [stdout] 
[INFO] [stdout] 
[INFO] [stdout] Result "org.weakref.nitro.tpcds.BenchmarkQueries.query70":
[INFO] [stdout]   1572.705 ms/op
[INFO] [stdout] 
[INFO] [stdout] 
[INFO] [stdout] # JMH version: 1.37
[INFO] [stdout] # VM version: JDK 26.0.1, OpenJDK 64-Bit Server VM, 26.0.1+8
[INFO] [stdout] # VM invoker: /opt/java/openjdk/bin/java
[INFO] [stdout] # VM options: --enable-preview --add-modules=jdk.incubator.vector -Dnitro.clickbench.hits.path= -Dnitro.debug.packedSingleVariableWidthRecord=true -Dnitro.clickbench.hits.path=/root/data/clickbench -Dnitro.tpch.parquet.path=/root/data/tpch-parquet-sf10 -Dnitro.tpch.parquet.schema=sf10 -Dnitro.tpcds.parquet.path=/root/data/tpcds-parquet-sf10 -Dnitro.tpcds.parquet.schema=sf10
[INFO] [stdout] # Blackhole mode: compiler (auto-detected, use -Djmh.blackhole.autoDetect=false to disable)
[INFO] [stdout] # Warmup: <none>
[INFO] [stdout] # Measurement: 1 iterations, 1 ms each
[INFO] [stdout] # Timeout: 30 min per iteration
[INFO] [stdout] # Threads: 1 thread, will synchronize iterations
[INFO] [stdout] # Benchmark mode: Average time, time/op
[INFO] [stdout] # Benchmark: org.weakref.nitro.tpcds.BenchmarkQueries.query74
[INFO] [stdout] 
[INFO] [stdout] # Run progress: 72.97% complete, ETA 00:00:35
[INFO] [stdout] # Fork: 1 of 1
[INFO] [stdout] WARNING: Using incubator modules: jdk.incubator.vector
[INFO] [stdout] WARNING: A terminally deprecated method in sun.misc.Unsafe has been called
[INFO] [stdout] WARNING: sun.misc.Unsafe::objectFieldOffset has been called by org.openjdk.jmh.util.Utils (file:/root/.m2/repository/org/openjdk/jmh/jmh-core/1.37/jmh-core-1.37.jar)
[INFO] [stdout] WARNING: Please consider reporting this to the maintainers of class org.openjdk.jmh.util.Utils
[INFO] [stdout] WARNING: sun.misc.Unsafe::objectFieldOffset will be removed in a future release
[INFO] [stdout] Iteration   1: WARNING: A restricted method in java.lang.foreign.SymbolLookup has been called
[INFO] [stdout] WARNING: java.lang.foreign.SymbolLookup::libraryLookup has been called by io.airlift.compress.v3.internal.NativeLoader in an unnamed module (file:/root/.m2/repository/io/airlift/aircompressor-v3/3.4/aircompressor-v3-3.4.jar)
[INFO] [stdout] WARNING: Use --enable-native-access=ALL-UNNAMED to avoid a warning for callers in this module
[INFO] [stdout] WARNING: Restricted methods will be blocked in a future release unless native access is enabled
[INFO] [stdout] 
[WARNING] [stderr] [packed-single-variable-width-record] rows=106624 active=0 domain=-1 nullable=false admitted=false
[WARNING] [stderr] [packed-single-variable-width-record] rows=106184 active=0 domain=-1 nullable=false admitted=false
[WARNING] [stderr] [packed-single-variable-width-record] rows=308213 active=0 domain=-1 nullable=false admitted=false
[INFO] [stdout] 2325.641 ms/op
[INFO] [stdout] 
[INFO] [stdout] 
[INFO] [stdout] Result "org.weakref.nitro.tpcds.BenchmarkQueries.query74":
[INFO] [stdout]   2325.641 ms/op
[INFO] [stdout] 
[INFO] [stdout] 
[INFO] [stdout] # JMH version: 1.37
[INFO] [stdout] # VM version: JDK 26.0.1, OpenJDK 64-Bit Server VM, 26.0.1+8
[INFO] [stdout] # VM invoker: /opt/java/openjdk/bin/java
[INFO] [stdout] # VM options: --enable-preview --add-modules=jdk.incubator.vector -Dnitro.clickbench.hits.path= -Dnitro.debug.packedSingleVariableWidthRecord=true -Dnitro.clickbench.hits.path=/root/data/clickbench -Dnitro.tpch.parquet.path=/root/data/tpch-parquet-sf10 -Dnitro.tpch.parquet.schema=sf10 -Dnitro.tpcds.parquet.path=/root/data/tpcds-parquet-sf10 -Dnitro.tpcds.parquet.schema=sf10
[INFO] [stdout] # Blackhole mode: compiler (auto-detected, use -Djmh.blackhole.autoDetect=false to disable)
[INFO] [stdout] # Warmup: <none>
[INFO] [stdout] # Measurement: 1 iterations, 1 ms each
[INFO] [stdout] # Timeout: 30 min per iteration
[INFO] [stdout] # Threads: 1 thread, will synchronize iterations
[INFO] [stdout] # Benchmark mode: Average time, time/op
[INFO] [stdout] # Benchmark: org.weakref.nitro.tpcds.BenchmarkQueries.query80
[INFO] [stdout] 
[INFO] [stdout] # Run progress: 75.68% complete, ETA 00:00:31
[INFO] [stdout] # Fork: 1 of 1
[INFO] [stdout] WARNING: Using incubator modules: jdk.incubator.vector
[INFO] [stdout] WARNING: A terminally deprecated method in sun.misc.Unsafe has been called
[INFO] [stdout] WARNING: sun.misc.Unsafe::objectFieldOffset has been called by org.openjdk.jmh.util.Utils (file:/root/.m2/repository/org/openjdk/jmh/jmh-core/1.37/jmh-core-1.37.jar)
[INFO] [stdout] WARNING: Please consider reporting this to the maintainers of class org.openjdk.jmh.util.Utils
[INFO] [stdout] WARNING: sun.misc.Unsafe::objectFieldOffset will be removed in a future release
[INFO] [stdout] Iteration   1: WARNING: A restricted method in java.lang.foreign.SymbolLookup has been called
[INFO] [stdout] WARNING: java.lang.foreign.SymbolLookup::libraryLookup has been called by io.airlift.compress.v3.internal.NativeLoader in an unnamed module (file:/root/.m2/repository/io/airlift/aircompressor-v3/3.4/aircompressor-v3-3.4.jar)
[INFO] [stdout] WARNING: Use --enable-native-access=ALL-UNNAMED to avoid a warning for callers in this module
[INFO] [stdout] WARNING: Restricted methods will be blocked in a future release unless native access is enabled
[INFO] [stdout] 
[WARNING] [stderr] [packed-single-variable-width-record] rows=623 active=623 domain=623 nullable=false admitted=false
[WARNING] [stderr] [packed-single-variable-width-record] rows=576 active=576 domain=576 nullable=false admitted=false
[WARNING] [stderr] [packed-single-variable-width-record] rows=612 active=612 domain=612 nullable=false admitted=false
[INFO] [stdout] 1249.372 ms/op
[INFO] [stdout] 
[INFO] [stdout] 
[INFO] [stdout] Result "org.weakref.nitro.tpcds.BenchmarkQueries.query80":
[INFO] [stdout]   1249.372 ms/op
[INFO] [stdout] 
[INFO] [stdout] 
[INFO] [stdout] # JMH version: 1.37
[INFO] [stdout] # VM version: JDK 26.0.1, OpenJDK 64-Bit Server VM, 26.0.1+8
[INFO] [stdout] # VM invoker: /opt/java/openjdk/bin/java
[INFO] [stdout] # VM options: --enable-preview --add-modules=jdk.incubator.vector -Dnitro.clickbench.hits.path= -Dnitro.debug.packedSingleVariableWidthRecord=true -Dnitro.clickbench.hits.path=/root/data/clickbench -Dnitro.tpch.parquet.path=/root/data/tpch-parquet-sf10 -Dnitro.tpch.parquet.schema=sf10 -Dnitro.tpcds.parquet.path=/root/data/tpcds-parquet-sf10 -Dnitro.tpcds.parquet.schema=sf10
[INFO] [stdout] # Blackhole mode: compiler (auto-detected, use -Djmh.blackhole.autoDetect=false to disable)
[INFO] [stdout] # Warmup: <none>
[INFO] [stdout] # Measurement: 1 iterations, 1 ms each
[INFO] [stdout] # Timeout: 30 min per iteration
[INFO] [stdout] # Threads: 1 thread, will synchronize iterations
[INFO] [stdout] # Benchmark mode: Average time, time/op
[INFO] [stdout] # Benchmark: org.weakref.nitro.tpcds.BenchmarkQueries.query81
[INFO] [stdout] 
[INFO] [stdout] # Run progress: 78.38% complete, ETA 00:00:27
[INFO] [stdout] # Fork: 1 of 1
[INFO] [stdout] WARNING: Using incubator modules: jdk.incubator.vector
[INFO] [stdout] WARNING: A terminally deprecated method in sun.misc.Unsafe has been called
[INFO] [stdout] WARNING: sun.misc.Unsafe::objectFieldOffset has been called by org.openjdk.jmh.util.Utils (file:/root/.m2/repository/org/openjdk/jmh/jmh-core/1.37/jmh-core-1.37.jar)
[INFO] [stdout] WARNING: Please consider reporting this to the maintainers of class org.openjdk.jmh.util.Utils
[INFO] [stdout] WARNING: sun.misc.Unsafe::objectFieldOffset will be removed in a future release
[INFO] [stdout] Iteration   1: WARNING: A restricted method in java.lang.foreign.SymbolLookup has been called
[INFO] [stdout] WARNING: java.lang.foreign.SymbolLookup::libraryLookup has been called by io.airlift.compress.v3.internal.NativeLoader in an unnamed module (file:/root/.m2/repository/io/airlift/aircompressor-v3/3.4/aircompressor-v3-3.4.jar)
[INFO] [stdout] WARNING: Use --enable-native-access=ALL-UNNAMED to avoid a warning for callers in this module
[INFO] [stdout] WARNING: Restricted methods will be blocked in a future release unless native access is enabled
[INFO] [stdout] 
[WARNING] [stderr] [packed-single-variable-width-record] rows=275520 active=274064 domain=-1 nullable=false admitted=false
[WARNING] [stderr] [packed-single-variable-width-record] rows=275520 active=0 domain=-1 nullable=true admitted=false
[WARNING] [stderr] [packed-single-variable-width-record] rows=52 active=0 domain=-1 nullable=false admitted=false
[INFO] [stdout] 867.273 ms/op
[INFO] [stdout] 
[INFO] [stdout] 
[INFO] [stdout] Result "org.weakref.nitro.tpcds.BenchmarkQueries.query81":
[INFO] [stdout]   867.273 ms/op
[INFO] [stdout] 
[INFO] [stdout] 
[INFO] [stdout] # JMH version: 1.37
[INFO] [stdout] # VM version: JDK 26.0.1, OpenJDK 64-Bit Server VM, 26.0.1+8
[INFO] [stdout] # VM invoker: /opt/java/openjdk/bin/java
[INFO] [stdout] # VM options: --enable-preview --add-modules=jdk.incubator.vector -Dnitro.clickbench.hits.path= -Dnitro.debug.packedSingleVariableWidthRecord=true -Dnitro.clickbench.hits.path=/root/data/clickbench -Dnitro.tpch.parquet.path=/root/data/tpch-parquet-sf10 -Dnitro.tpch.parquet.schema=sf10 -Dnitro.tpcds.parquet.path=/root/data/tpcds-parquet-sf10 -Dnitro.tpcds.parquet.schema=sf10
[INFO] [stdout] # Blackhole mode: compiler (auto-detected, use -Djmh.blackhole.autoDetect=false to disable)
[INFO] [stdout] # Warmup: <none>
[INFO] [stdout] # Measurement: 1 iterations, 1 ms each
[INFO] [stdout] # Timeout: 30 min per iteration
[INFO] [stdout] # Threads: 1 thread, will synchronize iterations
[INFO] [stdout] # Benchmark mode: Average time, time/op
[INFO] [stdout] # Benchmark: org.weakref.nitro.tpcds.BenchmarkQueries.query83
[INFO] [stdout] 
[INFO] [stdout] # Run progress: 81.08% complete, ETA 00:00:23
[INFO] [stdout] # Fork: 1 of 1
[INFO] [stdout] WARNING: Using incubator modules: jdk.incubator.vector
[INFO] [stdout] WARNING: A terminally deprecated method in sun.misc.Unsafe has been called
[INFO] [stdout] WARNING: sun.misc.Unsafe::objectFieldOffset has been called by org.openjdk.jmh.util.Utils (file:/root/.m2/repository/org/openjdk/jmh/jmh-core/1.37/jmh-core-1.37.jar)
[INFO] [stdout] WARNING: Please consider reporting this to the maintainers of class org.openjdk.jmh.util.Utils
[INFO] [stdout] WARNING: sun.misc.Unsafe::objectFieldOffset will be removed in a future release
[INFO] [stdout] Iteration   1: WARNING: A restricted method in java.lang.foreign.SymbolLookup has been called
[INFO] [stdout] WARNING: java.lang.foreign.SymbolLookup::libraryLookup has been called by io.airlift.compress.v3.internal.NativeLoader in an unnamed module (file:/root/.m2/repository/io/airlift/aircompressor-v3/3.4/aircompressor-v3-3.4.jar)
[INFO] [stdout] WARNING: Use --enable-native-access=ALL-UNNAMED to avoid a warning for callers in this module
[INFO] [stdout] WARNING: Restricted methods will be blocked in a future release unless native access is enabled
[INFO] [stdout] 
[WARNING] [stderr] [packed-single-variable-width-record] rows=7150 active=7150 domain=7150 nullable=false admitted=false
[WARNING] [stderr] [packed-single-variable-width-record] rows=7150 active=0 domain=7150 nullable=true admitted=false
[WARNING] [stderr] [packed-single-variable-width-record] rows=6683 active=0 domain=6683 nullable=false admitted=false
[WARNING] [stderr] [packed-single-variable-width-record] rows=10000 active=10000 domain=10000 nullable=false admitted=true
[WARNING] [stderr] [packed-single-variable-width-record] rows=10000 active=0 domain=10000 nullable=true admitted=false
[WARNING] [stderr] [packed-single-variable-width-record] rows=11830 active=0 domain=11830 nullable=false admitted=false
[WARNING] [stderr] [packed-single-variable-width-record] rows=10000 active=10000 domain=10000 nullable=false admitted=true
[WARNING] [stderr] [packed-single-variable-width-record] rows=10000 active=0 domain=10000 nullable=true admitted=false
[INFO] [stdout] 472.874 ms/op
[INFO] [stdout] 
[INFO] [stdout] 
[INFO] [stdout] Result "org.weakref.nitro.tpcds.BenchmarkQueries.query83":
[INFO] [stdout]   472.874 ms/op
[INFO] [stdout] 
[INFO] [stdout] 
[INFO] [stdout] # JMH version: 1.37
[INFO] [stdout] # VM version: JDK 26.0.1, OpenJDK 64-Bit Server VM, 26.0.1+8
[INFO] [stdout] # VM invoker: /opt/java/openjdk/bin/java
[INFO] [stdout] # VM options: --enable-preview --add-modules=jdk.incubator.vector -Dnitro.clickbench.hits.path= -Dnitro.debug.packedSingleVariableWidthRecord=true -Dnitro.clickbench.hits.path=/root/data/clickbench -Dnitro.tpch.parquet.path=/root/data/tpch-parquet-sf10 -Dnitro.tpch.parquet.schema=sf10 -Dnitro.tpcds.parquet.path=/root/data/tpcds-parquet-sf10 -Dnitro.tpcds.parquet.schema=sf10
[INFO] [stdout] # Blackhole mode: compiler (auto-detected, use -Djmh.blackhole.autoDetect=false to disable)
[INFO] [stdout] # Warmup: <none>
[INFO] [stdout] # Measurement: 1 iterations, 1 ms each
[INFO] [stdout] # Timeout: 30 min per iteration
[INFO] [stdout] # Threads: 1 thread, will synchronize iterations
[INFO] [stdout] # Benchmark mode: Average time, time/op
[INFO] [stdout] # Benchmark: org.weakref.nitro.tpcds.BenchmarkQueries.query85
[INFO] [stdout] 
[INFO] [stdout] # Run progress: 83.78% complete, ETA 00:00:19
[INFO] [stdout] # Fork: 1 of 1
[INFO] [stdout] WARNING: Using incubator modules: jdk.incubator.vector
[INFO] [stdout] WARNING: A terminally deprecated method in sun.misc.Unsafe has been called
[INFO] [stdout] WARNING: sun.misc.Unsafe::objectFieldOffset has been called by org.openjdk.jmh.util.Utils (file:/root/.m2/repository/org/openjdk/jmh/jmh-core/1.37/jmh-core-1.37.jar)
[INFO] [stdout] WARNING: Please consider reporting this to the maintainers of class org.openjdk.jmh.util.Utils
[INFO] [stdout] WARNING: sun.misc.Unsafe::objectFieldOffset will be removed in a future release
[INFO] [stdout] Iteration   1: WARNING: A restricted method in java.lang.foreign.SymbolLookup has been called
[INFO] [stdout] WARNING: java.lang.foreign.SymbolLookup::libraryLookup has been called by io.airlift.compress.v3.internal.NativeLoader in an unnamed module (file:/root/.m2/repository/io/airlift/aircompressor-v3/3.4/aircompressor-v3-3.4.jar)
[INFO] [stdout] WARNING: Use --enable-native-access=ALL-UNNAMED to avoid a warning for callers in this module
[INFO] [stdout] WARNING: Restricted methods will be blocked in a future release unless native access is enabled
[INFO] [stdout] 
[WARNING] [stderr] [packed-single-variable-width-record] rows=910 active=0 domain=45 nullable=false admitted=false
[INFO] [stdout] 1183.803 ms/op
[INFO] [stdout] 
[INFO] [stdout] 
[INFO] [stdout] Result "org.weakref.nitro.tpcds.BenchmarkQueries.query85":
[INFO] [stdout]   1183.803 ms/op
[INFO] [stdout] 
[INFO] [stdout] 
[INFO] [stdout] # JMH version: 1.37
[INFO] [stdout] # VM version: JDK 26.0.1, OpenJDK 64-Bit Server VM, 26.0.1+8
[INFO] [stdout] # VM invoker: /opt/java/openjdk/bin/java
[INFO] [stdout] # VM options: --enable-preview --add-modules=jdk.incubator.vector -Dnitro.clickbench.hits.path= -Dnitro.debug.packedSingleVariableWidthRecord=true -Dnitro.clickbench.hits.path=/root/data/clickbench -Dnitro.tpch.parquet.path=/root/data/tpch-parquet-sf10 -Dnitro.tpch.parquet.schema=sf10 -Dnitro.tpcds.parquet.path=/root/data/tpcds-parquet-sf10 -Dnitro.tpcds.parquet.schema=sf10
[INFO] [stdout] # Blackhole mode: compiler (auto-detected, use -Djmh.blackhole.autoDetect=false to disable)
[INFO] [stdout] # Warmup: <none>
[INFO] [stdout] # Measurement: 1 iterations, 1 ms each
[INFO] [stdout] # Timeout: 30 min per iteration
[INFO] [stdout] # Threads: 1 thread, will synchronize iterations
[INFO] [stdout] # Benchmark mode: Average time, time/op
[INFO] [stdout] # Benchmark: org.weakref.nitro.tpch.BenchmarkQueries.query04
[INFO] [stdout] 
[INFO] [stdout] # Run progress: 86.49% complete, ETA 00:00:16
[INFO] [stdout] # Fork: 1 of 1
[INFO] [stdout] WARNING: Using incubator modules: jdk.incubator.vector
[INFO] [stdout] WARNING: A terminally deprecated method in sun.misc.Unsafe has been called
[INFO] [stdout] WARNING: sun.misc.Unsafe::objectFieldOffset has been called by org.openjdk.jmh.util.Utils (file:/root/.m2/repository/org/openjdk/jmh/jmh-core/1.37/jmh-core-1.37.jar)
[INFO] [stdout] WARNING: Please consider reporting this to the maintainers of class org.openjdk.jmh.util.Utils
[INFO] [stdout] WARNING: sun.misc.Unsafe::objectFieldOffset will be removed in a future release
[INFO] [stdout] Iteration   1: WARNING: A restricted method in java.lang.foreign.SymbolLookup has been called
[INFO] [stdout] WARNING: java.lang.foreign.SymbolLookup::libraryLookup has been called by io.airlift.compress.v3.internal.NativeLoader in an unnamed module (file:/root/.m2/repository/io/airlift/aircompressor-v3/3.4/aircompressor-v3-3.4.jar)
[INFO] [stdout] WARNING: Use --enable-native-access=ALL-UNNAMED to avoid a warning for callers in this module
[INFO] [stdout] WARNING: Restricted methods will be blocked in a future release unless native access is enabled
[INFO] [stdout] 
[WARNING] [stderr] [packed-single-variable-width-record] rows=10000 active=372 domain=5 nullable=false admitted=false
[INFO] [stdout] 1487.577 ms/op
[INFO] [stdout] 
[INFO] [stdout] 
[INFO] [stdout] Result "org.weakref.nitro.tpch.BenchmarkQueries.query04":
[INFO] [stdout]   1487.577 ms/op
[INFO] [stdout] 
[INFO] [stdout] 
[INFO] [stdout] # JMH version: 1.37
[INFO] [stdout] # VM version: JDK 26.0.1, OpenJDK 64-Bit Server VM, 26.0.1+8
[INFO] [stdout] # VM invoker: /opt/java/openjdk/bin/java
[INFO] [stdout] # VM options: --enable-preview --add-modules=jdk.incubator.vector -Dnitro.clickbench.hits.path= -Dnitro.debug.packedSingleVariableWidthRecord=true -Dnitro.clickbench.hits.path=/root/data/clickbench -Dnitro.tpch.parquet.path=/root/data/tpch-parquet-sf10 -Dnitro.tpch.parquet.schema=sf10 -Dnitro.tpcds.parquet.path=/root/data/tpcds-parquet-sf10 -Dnitro.tpcds.parquet.schema=sf10
[INFO] [stdout] # Blackhole mode: compiler (auto-detected, use -Djmh.blackhole.autoDetect=false to disable)
[INFO] [stdout] # Warmup: <none>
[INFO] [stdout] # Measurement: 1 iterations, 1 ms each
[INFO] [stdout] # Timeout: 30 min per iteration
[INFO] [stdout] # Threads: 1 thread, will synchronize iterations
[INFO] [stdout] # Benchmark mode: Average time, time/op
[INFO] [stdout] # Benchmark: org.weakref.nitro.tpch.BenchmarkQueries.query05
[INFO] [stdout] 
[INFO] [stdout] # Run progress: 89.19% complete, ETA 00:00:12
[INFO] [stdout] # Fork: 1 of 1
[INFO] [stdout] WARNING: Using incubator modules: jdk.incubator.vector
[INFO] [stdout] WARNING: A terminally deprecated method in sun.misc.Unsafe has been called
[INFO] [stdout] WARNING: sun.misc.Unsafe::objectFieldOffset has been called by org.openjdk.jmh.util.Utils (file:/root/.m2/repository/org/openjdk/jmh/jmh-core/1.37/jmh-core-1.37.jar)
[INFO] [stdout] WARNING: Please consider reporting this to the maintainers of class org.openjdk.jmh.util.Utils
[INFO] [stdout] WARNING: sun.misc.Unsafe::objectFieldOffset will be removed in a future release
[INFO] [stdout] Iteration   1: WARNING: A restricted method in java.lang.foreign.SymbolLookup has been called
[INFO] [stdout] WARNING: java.lang.foreign.SymbolLookup::libraryLookup has been called by io.airlift.compress.v3.internal.NativeLoader in an unnamed module (file:/root/.m2/repository/io/airlift/aircompressor-v3/3.4/aircompressor-v3-3.4.jar)
[INFO] [stdout] WARNING: Use --enable-native-access=ALL-UNNAMED to avoid a warning for callers in this module
[INFO] [stdout] WARNING: Restricted methods will be blocked in a future release unless native access is enabled
[INFO] [stdout] 
[WARNING] [stderr] [packed-single-variable-width-record] rows=401 active=401 domain=65536 nullable=false admitted=false
[INFO] [stdout] 2528.417 ms/op
[INFO] [stdout] 
[INFO] [stdout] 
[INFO] [stdout] Result "org.weakref.nitro.tpch.BenchmarkQueries.query05":
[INFO] [stdout]   2528.417 ms/op
[INFO] [stdout] 
[INFO] [stdout] 
[INFO] [stdout] # JMH version: 1.37
[INFO] [stdout] # VM version: JDK 26.0.1, OpenJDK 64-Bit Server VM, 26.0.1+8
[INFO] [stdout] # VM invoker: /opt/java/openjdk/bin/java
[INFO] [stdout] # VM options: --enable-preview --add-modules=jdk.incubator.vector -Dnitro.clickbench.hits.path= -Dnitro.debug.packedSingleVariableWidthRecord=true -Dnitro.clickbench.hits.path=/root/data/clickbench -Dnitro.tpch.parquet.path=/root/data/tpch-parquet-sf10 -Dnitro.tpch.parquet.schema=sf10 -Dnitro.tpcds.parquet.path=/root/data/tpcds-parquet-sf10 -Dnitro.tpcds.parquet.schema=sf10
[INFO] [stdout] # Blackhole mode: compiler (auto-detected, use -Djmh.blackhole.autoDetect=false to disable)
[INFO] [stdout] # Warmup: <none>
[INFO] [stdout] # Measurement: 1 iterations, 1 ms each
[INFO] [stdout] # Timeout: 30 min per iteration
[INFO] [stdout] # Threads: 1 thread, will synchronize iterations
[INFO] [stdout] # Benchmark mode: Average time, time/op
[INFO] [stdout] # Benchmark: org.weakref.nitro.tpch.BenchmarkQueries.query12
[INFO] [stdout] 
[INFO] [stdout] # Run progress: 91.89% complete, ETA 00:00:09
[INFO] [stdout] # Fork: 1 of 1
[INFO] [stdout] WARNING: Using incubator modules: jdk.incubator.vector
[INFO] [stdout] WARNING: A terminally deprecated method in sun.misc.Unsafe has been called
[INFO] [stdout] WARNING: sun.misc.Unsafe::objectFieldOffset has been called by org.openjdk.jmh.util.Utils (file:/root/.m2/repository/org/openjdk/jmh/jmh-core/1.37/jmh-core-1.37.jar)
[INFO] [stdout] WARNING: Please consider reporting this to the maintainers of class org.openjdk.jmh.util.Utils
[INFO] [stdout] WARNING: sun.misc.Unsafe::objectFieldOffset will be removed in a future release
[INFO] [stdout] Iteration   1: WARNING: A restricted method in java.lang.foreign.SymbolLookup has been called
[INFO] [stdout] WARNING: java.lang.foreign.SymbolLookup::libraryLookup has been called by io.airlift.compress.v3.internal.NativeLoader in an unnamed module (file:/root/.m2/repository/io/airlift/aircompressor-v3/3.4/aircompressor-v3-3.4.jar)
[INFO] [stdout] WARNING: Use --enable-native-access=ALL-UNNAMED to avoid a warning for callers in this module
[INFO] [stdout] WARNING: Restricted methods will be blocked in a future release unless native access is enabled
[INFO] [stdout] 
[WARNING] [stderr] [packed-single-variable-width-record] rows=190 active=190 domain=310803 nullable=false admitted=false
[INFO] [stdout] 1765.262 ms/op
[INFO] [stdout] 
[INFO] [stdout] 
[INFO] [stdout] Result "org.weakref.nitro.tpch.BenchmarkQueries.query12":
[INFO] [stdout]   1765.262 ms/op
[INFO] [stdout] 
[INFO] [stdout] 
[INFO] [stdout] # JMH version: 1.37
[INFO] [stdout] # VM version: JDK 26.0.1, OpenJDK 64-Bit Server VM, 26.0.1+8
[INFO] [stdout] # VM invoker: /opt/java/openjdk/bin/java
[INFO] [stdout] # VM options: --enable-preview --add-modules=jdk.incubator.vector -Dnitro.clickbench.hits.path= -Dnitro.debug.packedSingleVariableWidthRecord=true -Dnitro.clickbench.hits.path=/root/data/clickbench -Dnitro.tpch.parquet.path=/root/data/tpch-parquet-sf10 -Dnitro.tpch.parquet.schema=sf10 -Dnitro.tpcds.parquet.path=/root/data/tpcds-parquet-sf10 -Dnitro.tpcds.parquet.schema=sf10
[INFO] [stdout] # Blackhole mode: compiler (auto-detected, use -Djmh.blackhole.autoDetect=false to disable)
[INFO] [stdout] # Warmup: <none>
[INFO] [stdout] # Measurement: 1 iterations, 1 ms each
[INFO] [stdout] # Timeout: 30 min per iteration
[INFO] [stdout] # Threads: 1 thread, will synchronize iterations
[INFO] [stdout] # Benchmark mode: Average time, time/op
[INFO] [stdout] # Benchmark: org.weakref.nitro.tpch.BenchmarkQueries.query21
[INFO] [stdout] 
[INFO] [stdout] # Run progress: 94.59% complete, ETA 00:00:06
[INFO] [stdout] # Fork: 1 of 1
[INFO] [stdout] WARNING: Using incubator modules: jdk.incubator.vector
[INFO] [stdout] WARNING: A terminally deprecated method in sun.misc.Unsafe has been called
[INFO] [stdout] WARNING: sun.misc.Unsafe::objectFieldOffset has been called by org.openjdk.jmh.util.Utils (file:/root/.m2/repository/org/openjdk/jmh/jmh-core/1.37/jmh-core-1.37.jar)
[INFO] [stdout] WARNING: Please consider reporting this to the maintainers of class org.openjdk.jmh.util.Utils
[INFO] [stdout] WARNING: sun.misc.Unsafe::objectFieldOffset will be removed in a future release
[INFO] [stdout] Iteration   1: WARNING: A restricted method in java.lang.foreign.SymbolLookup has been called
[INFO] [stdout] WARNING: java.lang.foreign.SymbolLookup::libraryLookup has been called by io.airlift.compress.v3.internal.NativeLoader in an unnamed module (file:/root/.m2/repository/io/airlift/aircompressor-v3/3.4/aircompressor-v3-3.4.jar)
[INFO] [stdout] WARNING: Use --enable-native-access=ALL-UNNAMED to avoid a warning for callers in this module
[INFO] [stdout] WARNING: Restricted methods will be blocked in a future release unless native access is enabled
[INFO] [stdout] 
[WARNING] [stderr] [packed-single-variable-width-record] rows=6353 active=303 domain=6353 nullable=false admitted=false
[INFO] [stdout] 4530.258 ms/op
[INFO] [stdout] 
[INFO] [stdout] 
[INFO] [stdout] Result "org.weakref.nitro.tpch.BenchmarkQueries.query21":
[INFO] [stdout]   4530.258 ms/op
[INFO] [stdout] 
[INFO] [stdout] 
[INFO] [stdout] # JMH version: 1.37
[INFO] [stdout] # VM version: JDK 26.0.1, OpenJDK 64-Bit Server VM, 26.0.1+8
[INFO] [stdout] # VM invoker: /opt/java/openjdk/bin/java
[INFO] [stdout] # VM options: --enable-preview --add-modules=jdk.incubator.vector -Dnitro.clickbench.hits.path= -Dnitro.debug.packedSingleVariableWidthRecord=true -Dnitro.clickbench.hits.path=/root/data/clickbench -Dnitro.tpch.parquet.path=/root/data/tpch-parquet-sf10 -Dnitro.tpch.parquet.schema=sf10 -Dnitro.tpcds.parquet.path=/root/data/tpcds-parquet-sf10 -Dnitro.tpcds.parquet.schema=sf10
[INFO] [stdout] # Blackhole mode: compiler (auto-detected, use -Djmh.blackhole.autoDetect=false to disable)
[INFO] [stdout] # Warmup: <none>
[INFO] [stdout] # Measurement: 1 iterations, 1 ms each
[INFO] [stdout] # Timeout: 30 min per iteration
[INFO] [stdout] # Threads: 1 thread, will synchronize iterations
[INFO] [stdout] # Benchmark mode: Average time, time/op
[INFO] [stdout] # Benchmark: org.weakref.nitro.tpch.BenchmarkQueries.query22
[INFO] [stdout] 
[INFO] [stdout] # Run progress: 97.30% complete, ETA 00:00:03
[INFO] [stdout] # Fork: 1 of 1
[INFO] [stdout] WARNING: Using incubator modules: jdk.incubator.vector
[INFO] [stdout] WARNING: A terminally deprecated method in sun.misc.Unsafe has been called
[INFO] [stdout] WARNING: sun.misc.Unsafe::objectFieldOffset has been called by org.openjdk.jmh.util.Utils (file:/root/.m2/repository/org/openjdk/jmh/jmh-core/1.37/jmh-core-1.37.jar)
[INFO] [stdout] WARNING: Please consider reporting this to the maintainers of class org.openjdk.jmh.util.Utils
[INFO] [stdout] WARNING: sun.misc.Unsafe::objectFieldOffset will be removed in a future release
[INFO] [stdout] Iteration   1: WARNING: A restricted method in java.lang.foreign.SymbolLookup has been called
[INFO] [stdout] WARNING: java.lang.foreign.SymbolLookup::libraryLookup has been called by io.airlift.compress.v3.internal.NativeLoader in an unnamed module (file:/root/.m2/repository/io/airlift/aircompressor-v3/3.4/aircompressor-v3-3.4.jar)
[INFO] [stdout] WARNING: Use --enable-native-access=ALL-UNNAMED to avoid a warning for callers in this module
[INFO] [stdout] WARNING: Restricted methods will be blocked in a future release unless native access is enabled
[INFO] [stdout] 
[WARNING] [stderr] [packed-single-variable-width-record] rows=10000 active=417 domain=-1 nullable=false admitted=false
[INFO] [stdout] 759.043 ms/op
[INFO] [stdout] 
[INFO] [stdout] 
[INFO] [stdout] Result "org.weakref.nitro.tpch.BenchmarkQueries.query22":
[INFO] [stdout]   759.043 ms/op
[INFO] [stdout] 
[INFO] [stdout] 
[INFO] [stdout] # Run complete. Total time: 00:01:54
[INFO] [stdout] 
[INFO] [stdout] REMEMBER: The numbers below are just data. To gain reusable insights, you need to follow up on
[INFO] [stdout] why the numbers are the way they are. Use profilers (see -prof, -lprof), design factorial
[INFO] [stdout] experiments, perform baseline and negative tests that provide experimental control, make sure
[INFO] [stdout] the benchmarking environment is safe on JVM/OS/HW level, ask for reviews from the domain experts.
[INFO] [stdout] Do not assume the numbers tell you what you want them to tell.
[INFO] [stdout] 
[INFO] [stdout] NOTE: Current JVM experimentally supports Compiler Blackholes, and they are in use. Please exercise
[INFO] [stdout] extra caution when trusting the results, look into the generated code to check the benchmark still
[INFO] [stdout] works, and factor in a small probability of new VM bugs. Additionally, while comparisons between
[INFO] [stdout] different JVMs are already problematic, the performance difference caused by different Blackhole
[INFO] [stdout] modes can be very significant. Please make sure you use the consistent Blackhole mode for comparisons.
[INFO] [stdout] 
[INFO] [stdout] Benchmark                                  Mode  Cnt      Score   Error  Units
[INFO] [stdout] o.w.n.clickbench.BenchmarkQueries.query06  avgt        2841.696          ms/op
[INFO] [stdout] o.w.n.clickbench.BenchmarkQueries.query11  avgt        1020.950          ms/op
[INFO] [stdout] o.w.n.clickbench.BenchmarkQueries.query13  avgt        3362.818          ms/op
[INFO] [stdout] o.w.n.clickbench.BenchmarkQueries.query14  avgt        5328.461          ms/op
[INFO] [stdout] o.w.n.clickbench.BenchmarkQueries.query22  avgt        6970.961          ms/op
[INFO] [stdout] o.w.n.clickbench.BenchmarkQueries.query23  avgt        9774.049          ms/op
[INFO] [stdout] o.w.n.clickbench.BenchmarkQueries.query29  avgt       16929.689          ms/op
[INFO] [stdout] o.w.n.clickbench.BenchmarkQueries.query34  avgt       13151.304          ms/op
[INFO] [stdout] o.w.n.clickbench.BenchmarkQueries.query35  avgt       13087.593          ms/op
[INFO] [stdout] o.w.n.clickbench.BenchmarkQueries.query37  avgt        1027.005          ms/op
[INFO] [stdout] o.w.n.clickbench.BenchmarkQueries.query38  avgt         766.926          ms/op
[INFO] [stdout] o.w.n.clickbench.BenchmarkQueries.query39  avgt         927.259          ms/op
[INFO] [stdout] o.w.n.tpcds.BenchmarkQueries.query05       avgt         731.873          ms/op
[INFO] [stdout] o.w.n.tpcds.BenchmarkQueries.query06       avgt        1088.697          ms/op
[INFO] [stdout] o.w.n.tpcds.BenchmarkQueries.query07       avgt         947.144          ms/op
[INFO] [stdout] o.w.n.tpcds.BenchmarkQueries.query08       avgt         746.721          ms/op
[INFO] [stdout] o.w.n.tpcds.BenchmarkQueries.query11       avgt        3654.035          ms/op
[INFO] [stdout] o.w.n.tpcds.BenchmarkQueries.query15       avgt         525.073          ms/op
[INFO] [stdout] o.w.n.tpcds.BenchmarkQueries.query26       avgt         740.488          ms/op
[INFO] [stdout] o.w.n.tpcds.BenchmarkQueries.query30       avgt         751.126          ms/op
[INFO] [stdout] o.w.n.tpcds.BenchmarkQueries.query31       avgt        1375.815          ms/op
[INFO] [stdout] o.w.n.tpcds.BenchmarkQueries.query41       avgt         255.316          ms/op
[INFO] [stdout] o.w.n.tpcds.BenchmarkQueries.query45       avgt         478.739          ms/op
[INFO] [stdout] o.w.n.tpcds.BenchmarkQueries.query56       avgt         768.212          ms/op
[INFO] [stdout] o.w.n.tpcds.BenchmarkQueries.query58       avgt        1063.038          ms/op
[INFO] [stdout] o.w.n.tpcds.BenchmarkQueries.query60       avgt         909.150          ms/op
[INFO] [stdout] o.w.n.tpcds.BenchmarkQueries.query70       avgt        1572.705          ms/op
[INFO] [stdout] o.w.n.tpcds.BenchmarkQueries.query74       avgt        2325.641          ms/op
[INFO] [stdout] o.w.n.tpcds.BenchmarkQueries.query80       avgt        1249.372          ms/op
[INFO] [stdout] o.w.n.tpcds.BenchmarkQueries.query81       avgt         867.273          ms/op
[INFO] [stdout] o.w.n.tpcds.BenchmarkQueries.query83       avgt         472.874          ms/op
[INFO] [stdout] o.w.n.tpcds.BenchmarkQueries.query85       avgt        1183.803          ms/op
[INFO] [stdout] o.w.n.tpch.BenchmarkQueries.query04        avgt        1487.577          ms/op
[INFO] [stdout] o.w.n.tpch.BenchmarkQueries.query05        avgt        2528.417          ms/op
[INFO] [stdout] o.w.n.tpch.BenchmarkQueries.query12        avgt        1765.262          ms/op
[INFO] [stdout] o.w.n.tpch.BenchmarkQueries.query21        avgt        4530.258          ms/op
[INFO] [stdout] o.w.n.tpch.BenchmarkQueries.query22        avgt         759.043          ms/op
[INFO] ------------------------------------------------------------------------
[INFO] BUILD SUCCESS
[INFO] ------------------------------------------------------------------------
[INFO] Total time:  01:56 min (Wall Clock)
[INFO] Finished at: 2026-07-23T16:39:52Z
[INFO] ------------------------------------------------------------------------
[INFO] Njord session closed
Purged 2 log files (log available in /root/.mvnd/purge-2026-07-23.log)
