[INFO] Processing build on daemon 86287334
[INFO] Scanning for projects...
[INFO] Njord 0.9.4 session created
[INFO] BuildTimeEventSpy is registered.
[INFO] 
[INFO] Using the SmartBuilder implementation with a thread count of 7
[INFO] 
[INFO] -------------------------< org.weakref:nitro >--------------------------
[INFO] Building nitro 1-SNAPSHOT
[INFO]   from pom.xml
[INFO] --------------------------------[ jar ]---------------------------------
[WARNING] 2 problems were encountered while building the effective model for org.apache.yetus:audience-annotations:jar:0.5.0 during dependency collection step for project (use -X to see details)
[INFO] 
[INFO] --- exec:3.6.1:exec (benchmark) @ nitro ---
[WARNING] [stderr] WARNING: Using incubator modules: jdk.incubator.vector
[WARNING] [stderr] WARNING: A terminally deprecated method in sun.misc.Unsafe has been called
[WARNING] [stderr] WARNING: sun.misc.Unsafe::objectFieldOffset has been called by org.openjdk.jmh.util.Utils (file:/root/.m2/repository/org/openjdk/jmh/jmh-core/1.37/jmh-core-1.37.jar)
[WARNING] [stderr] WARNING: Please consider reporting this to the maintainers of class org.openjdk.jmh.util.Utils
[WARNING] [stderr] WARNING: sun.misc.Unsafe::objectFieldOffset will be removed in a future release
[INFO] [stdout] # JMH version: 1.37
[INFO] [stdout] # VM version: JDK 26.0.1, OpenJDK 64-Bit Server VM, 26.0.1+8
[INFO] [stdout] # VM invoker: /opt/java/openjdk/bin/java
[INFO] [stdout] # VM options: --enable-preview --add-modules=jdk.incubator.vector -Dnitro.clickbench.hits.path= -Xmx12g -XX:+UseTransparentHugePages -Dnitro.tpcds.parquet.path=/root/data/tpcds-parquet-sf10 -Dnitro.tpcds.parquet.schema=sf10 -Dnitro.parquet.lazyFragmentedNumericSkipDecode=false
[INFO] [stdout] # Blackhole mode: compiler (auto-detected, use -Djmh.blackhole.autoDetect=false to disable)
[INFO] [stdout] # Warmup: 8 iterations, 1 s each
[INFO] [stdout] # Measurement: 5 iterations, 1 s each
[INFO] [stdout] # Timeout: 30 min per iteration
[INFO] [stdout] # Threads: 1 thread, will synchronize iterations
[INFO] [stdout] # Benchmark mode: Average time, time/op
[INFO] [stdout] # Benchmark: org.weakref.nitro.tpcds.BenchmarkQueries.query03
[INFO] [stdout] 
[INFO] [stdout] # Run progress: 0.00% complete, ETA 00:02:36
[INFO] [stdout] # Fork: 1 of 1
[INFO] [stdout] # Preparing profilers: LinuxPerfNormProfiler 
[INFO] [stdout] # Profilers consume stderr from target VM, use -v EXTRA to copy to console
[INFO] [stdout] # Warmup Iteration   1: 131.802 ms/op
[INFO] [stdout] # Warmup Iteration   2: 74.669 ms/op
[INFO] [stdout] # Warmup Iteration   3: 72.370 ms/op
[INFO] [stdout] # Warmup Iteration   4: 70.882 ms/op
[INFO] [stdout] # Warmup Iteration   5: 71.072 ms/op
[INFO] [stdout] # Warmup Iteration   6: 71.460 ms/op
[INFO] [stdout] # Warmup Iteration   7: 70.802 ms/op
[INFO] [stdout] # Warmup Iteration   8: 70.017 ms/op
[INFO] [stdout] Iteration   1: 69.857 ms/op
[INFO] [stdout]                  gc.alloc.rate:      142.944 MB/sec
[INFO] [stdout]                  gc.alloc.rate.norm: 10472085.867 B/op
[INFO] [stdout]                  gc.count:           ≈ 0 counts
[INFO] [stdout] 
[INFO] [stdout] Iteration   2: 69.667 ms/op
[INFO] [stdout]                  gc.alloc.rate:      143.271 MB/sec
[INFO] [stdout]                  gc.alloc.rate.norm: 10467561.600 B/op
[INFO] [stdout]                  gc.count:           1.000 counts
[INFO] [stdout]                  gc.time:            1.000 ms
[INFO] [stdout] 
[INFO] [stdout] Iteration   3: 69.677 ms/op
[INFO] [stdout]                  gc.alloc.rate:      143.244 MB/sec
[INFO] [stdout]                  gc.alloc.rate.norm: 10467305.067 B/op
[INFO] [stdout]                  gc.count:           ≈ 0 counts
[INFO] [stdout] 
[INFO] [stdout] Iteration   4: 69.788 ms/op
[INFO] [stdout]                  gc.alloc.rate:      143.016 MB/sec
[INFO] [stdout]                  gc.alloc.rate.norm: 10467036.267 B/op
[INFO] [stdout]                  gc.count:           ≈ 0 counts
[INFO] [stdout] 
[INFO] [stdout] Iteration   5: 69.714 ms/op
[INFO] [stdout]                  gc.alloc.rate:      143.165 MB/sec
[INFO] [stdout]                  gc.alloc.rate.norm: 10466893.867 B/op
[INFO] [stdout]                  gc.count:           ≈ 0 counts
[INFO] [stdout] 
[INFO] [stdout] # Processing profiler results: LinuxPerfNormProfiler 
[INFO] [stdout] 
[INFO] [stdout] 
[INFO] [stdout] Result "org.weakref.nitro.tpcds.BenchmarkQueries.query03":
[INFO] [stdout]   69.741 ±(99.9%) 0.309 ms/op [Average]
[INFO] [stdout]   (min, avg, max) = (69.667, 69.741, 69.857), stdev = 0.080
[INFO] [stdout]   CI (99.9%): [69.431, 70.050] (assumes normal distribution)
[INFO] [stdout] 
[INFO] [stdout] Secondary result "org.weakref.nitro.tpcds.BenchmarkQueries.query03:CPI":
[INFO] [stdout]   0.246 clks/insn
[INFO] [stdout] 
[INFO] [stdout] Secondary result "org.weakref.nitro.tpcds.BenchmarkQueries.query03:IPC":
[INFO] [stdout]   4.063 insns/clk
[INFO] [stdout] 
[INFO] [stdout] Secondary result "org.weakref.nitro.tpcds.BenchmarkQueries.query03:L1-dcache-load-misses":
[INFO] [stdout]   14136409.304 #/op
[INFO] [stdout] 
[INFO] [stdout] Secondary result "org.weakref.nitro.tpcds.BenchmarkQueries.query03:L1-dcache-loads":
[INFO] [stdout]   638144604.694 #/op
[INFO] [stdout] 
[INFO] [stdout] Secondary result "org.weakref.nitro.tpcds.BenchmarkQueries.query03:branch-misses":
[INFO] [stdout]   1306404.084 #/op
[INFO] [stdout] 
[INFO] [stdout] Secondary result "org.weakref.nitro.tpcds.BenchmarkQueries.query03:branches":
[INFO] [stdout]   300480038.411 #/op
[INFO] [stdout] 
[INFO] [stdout] Secondary result "org.weakref.nitro.tpcds.BenchmarkQueries.query03:cycles":
[INFO] [stdout]   377744463.645 #/op
[INFO] [stdout] 
[INFO] [stdout] Secondary result "org.weakref.nitro.tpcds.BenchmarkQueries.query03:dTLB-load-misses":
[INFO] [stdout]   73497.447 #/op
[INFO] [stdout] 
[INFO] [stdout] Secondary result "org.weakref.nitro.tpcds.BenchmarkQueries.query03:dTLB-loads":
[INFO] [stdout]   283415.131 #/op
[INFO] [stdout] 
[INFO] [stdout] Secondary result "org.weakref.nitro.tpcds.BenchmarkQueries.query03:gc.alloc.rate":
[INFO] [stdout]   143.128 ±(99.9%) 0.550 MB/sec [Average]
[INFO] [stdout]   (min, avg, max) = (142.944, 143.128, 143.271), stdev = 0.143
[INFO] [stdout]   CI (99.9%): [142.578, 143.678] (assumes normal distribution)
[INFO] [stdout] 
[INFO] [stdout] Secondary result "org.weakref.nitro.tpcds.BenchmarkQueries.query03:gc.alloc.rate.norm":
[INFO] [stdout]   10468176.533 ±(99.9%) 8472.713 B/op [Average]
[INFO] [stdout]   (min, avg, max) = (10466893.867, 10468176.533, 10472085.867), stdev = 2200.337
[INFO] [stdout]   CI (99.9%): [10459703.820, 10476649.246] (assumes normal distribution)
[INFO] [stdout] 
[INFO] [stdout] Secondary result "org.weakref.nitro.tpcds.BenchmarkQueries.query03:gc.count":
[INFO] [stdout]   1.000 ±(99.9%) 0.001 counts [Sum]
[INFO] [stdout]   (min, avg, max) = (≈ 0, 0.200, 1.000), stdev = 0.447
[INFO] [stdout]   CI (99.9%): [1.000, 1.000] (assumes normal distribution)
[INFO] [stdout] 
[INFO] [stdout] Secondary result "org.weakref.nitro.tpcds.BenchmarkQueries.query03:gc.time":
[INFO] [stdout]   1.000 ±(99.9%) 0.001 ms [Sum]
[INFO] [stdout]   (min, avg, max) = (≈ 0, 0.200, 1.000), stdev = 0.447
[INFO] [stdout]   CI (99.9%): [1.000, 1.000] (assumes normal distribution)
[INFO] [stdout] 
[INFO] [stdout] Secondary result "org.weakref.nitro.tpcds.BenchmarkQueries.query03:instructions":
[INFO] [stdout]   1534898093.272 #/op
[INFO] [stdout] 
[INFO] [stdout] 
[INFO] [stdout] # JMH version: 1.37
[INFO] [stdout] # VM version: JDK 26.0.1, OpenJDK 64-Bit Server VM, 26.0.1+8
[INFO] [stdout] # VM invoker: /opt/java/openjdk/bin/java
[INFO] [stdout] # VM options: --enable-preview --add-modules=jdk.incubator.vector -Dnitro.clickbench.hits.path= -Xmx12g -XX:+UseTransparentHugePages -Dnitro.tpcds.parquet.path=/root/data/tpcds-parquet-sf10 -Dnitro.tpcds.parquet.schema=sf10 -Dnitro.parquet.lazyFragmentedNumericSkipDecode=false
[INFO] [stdout] # Blackhole mode: compiler (auto-detected, use -Djmh.blackhole.autoDetect=false to disable)
[INFO] [stdout] # Warmup: 8 iterations, 1 s each
[INFO] [stdout] # Measurement: 5 iterations, 1 s each
[INFO] [stdout] # Timeout: 30 min per iteration
[INFO] [stdout] # Threads: 1 thread, will synchronize iterations
[INFO] [stdout] # Benchmark mode: Average time, time/op
[INFO] [stdout] # Benchmark: org.weakref.nitro.tpcds.BenchmarkQueries.query19
[INFO] [stdout] 
[INFO] [stdout] # Run progress: 8.33% complete, ETA 00:02:33
[INFO] [stdout] # Fork: 1 of 1
[INFO] [stdout] # Preparing profilers: LinuxPerfNormProfiler 
[INFO] [stdout] # Profilers consume stderr from target VM, use -v EXTRA to copy to console
[INFO] [stdout] # Warmup Iteration   1: 367.993 ms/op
[INFO] [stdout] # Warmup Iteration   2: 200.230 ms/op
[INFO] [stdout] # Warmup Iteration   3: 192.744 ms/op
[INFO] [stdout] # Warmup Iteration   4: 190.512 ms/op
[INFO] [stdout] # Warmup Iteration   5: 190.195 ms/op
[INFO] [stdout] # Warmup Iteration   6: 189.067 ms/op
[INFO] [stdout] # Warmup Iteration   7: 191.539 ms/op
[INFO] [stdout] # Warmup Iteration   8: 187.359 ms/op
[INFO] [stdout] Iteration   1: 187.419 ms/op
[INFO] [stdout]                  gc.alloc.rate:      167.771 MB/sec
[INFO] [stdout]                  gc.alloc.rate.norm: 32975061.333 B/op
[INFO] [stdout]                  gc.count:           1.000 counts
[INFO] [stdout]                  gc.time:            1.000 ms
[INFO] [stdout] 
[INFO] [stdout] Iteration   2: 189.620 ms/op
[INFO] [stdout]                  gc.alloc.rate:      165.795 MB/sec
[INFO] [stdout]                  gc.alloc.rate.norm: 32969473.333 B/op
[INFO] [stdout]                  gc.count:           1.000 counts
[INFO] [stdout]                  gc.time:            2.000 ms
[INFO] [stdout] 
[INFO] [stdout] Iteration   3: 188.889 ms/op
[INFO] [stdout]                  gc.alloc.rate:      166.152 MB/sec
[INFO] [stdout]                  gc.alloc.rate.norm: 32913530.667 B/op
[INFO] [stdout]                  gc.count:           2.000 counts
[INFO] [stdout]                  gc.time:            4.000 ms
[INFO] [stdout] 
[INFO] [stdout] Iteration   4: 187.491 ms/op
[INFO] [stdout]                  gc.alloc.rate:      167.113 MB/sec
[INFO] [stdout]                  gc.alloc.rate.norm: 32870326.667 B/op
[INFO] [stdout]                  gc.count:           1.000 counts
[INFO] [stdout]                  gc.time:            1.000 ms
[INFO] [stdout] 
[INFO] [stdout] Iteration   5: 187.629 ms/op
[INFO] [stdout]                  gc.alloc.rate:      166.986 MB/sec
[INFO] [stdout]                  gc.alloc.rate.norm: 32857266.667 B/op
[INFO] [stdout]                  gc.count:           4.000 counts
[INFO] [stdout]                  gc.time:            5.000 ms
[INFO] [stdout] 
[INFO] [stdout] # Processing profiler results: LinuxPerfNormProfiler 
[INFO] [stdout] 
[INFO] [stdout] 
[INFO] [stdout] Result "org.weakref.nitro.tpcds.BenchmarkQueries.query19":
[INFO] [stdout]   188.210 ±(99.9%) 3.816 ms/op [Average]
[INFO] [stdout]   (min, avg, max) = (187.419, 188.210, 189.620), stdev = 0.991
[INFO] [stdout]   CI (99.9%): [184.393, 192.026] (assumes normal distribution)
[INFO] [stdout] 
[INFO] [stdout] Secondary result "org.weakref.nitro.tpcds.BenchmarkQueries.query19:CPI":
[INFO] [stdout]   0.262 clks/insn
[INFO] [stdout] 
[INFO] [stdout] Secondary result "org.weakref.nitro.tpcds.BenchmarkQueries.query19:IPC":
[INFO] [stdout]   3.815 insns/clk
[INFO] [stdout] 
[INFO] [stdout] Secondary result "org.weakref.nitro.tpcds.BenchmarkQueries.query19:L1-dcache-load-misses":
[INFO] [stdout]   17394445.183 #/op
[INFO] [stdout] 
[INFO] [stdout] Secondary result "org.weakref.nitro.tpcds.BenchmarkQueries.query19:L1-dcache-loads":
[INFO] [stdout]   1715506761.472 #/op
[INFO] [stdout] 
[INFO] [stdout] Secondary result "org.weakref.nitro.tpcds.BenchmarkQueries.query19:branch-misses":
[INFO] [stdout]   6694031.414 #/op
[INFO] [stdout] 
[INFO] [stdout] Secondary result "org.weakref.nitro.tpcds.BenchmarkQueries.query19:branches":
[INFO] [stdout]   840195727.442 #/op
[INFO] [stdout] 
[INFO] [stdout] Secondary result "org.weakref.nitro.tpcds.BenchmarkQueries.query19:cycles":
[INFO] [stdout]   1078262677.213 #/op
[INFO] [stdout] 
[INFO] [stdout] Secondary result "org.weakref.nitro.tpcds.BenchmarkQueries.query19:dTLB-load-misses":
[INFO] [stdout]   107298.369 #/op
[INFO] [stdout] 
[INFO] [stdout] Secondary result "org.weakref.nitro.tpcds.BenchmarkQueries.query19:dTLB-loads":
[INFO] [stdout]   784064.936 #/op
[INFO] [stdout] 
[INFO] [stdout] Secondary result "org.weakref.nitro.tpcds.BenchmarkQueries.query19:gc.alloc.rate":
[INFO] [stdout]   166.763 ±(99.9%) 3.044 MB/sec [Average]
[INFO] [stdout]   (min, avg, max) = (165.795, 166.763, 167.771), stdev = 0.790
[INFO] [stdout]   CI (99.9%): [163.720, 169.807] (assumes normal distribution)
[INFO] [stdout] 
[INFO] [stdout] Secondary result "org.weakref.nitro.tpcds.BenchmarkQueries.query19:gc.alloc.rate.norm":
[INFO] [stdout]   32917131.733 ±(99.9%) 209877.667 B/op [Average]
[INFO] [stdout]   (min, avg, max) = (32857266.667, 32917131.733, 32975061.333), stdev = 54504.564
[INFO] [stdout]   CI (99.9%): [32707254.067, 33127009.400] (assumes normal distribution)
[INFO] [stdout] 
[INFO] [stdout] Secondary result "org.weakref.nitro.tpcds.BenchmarkQueries.query19:gc.count":
[INFO] [stdout]   9.000 ±(99.9%) 0.001 counts [Sum]
[INFO] [stdout]   (min, avg, max) = (1.000, 1.800, 4.000), stdev = 1.304
[INFO] [stdout]   CI (99.9%): [9.000, 9.000] (assumes normal distribution)
[INFO] [stdout] 
[INFO] [stdout] Secondary result "org.weakref.nitro.tpcds.BenchmarkQueries.query19:gc.time":
[INFO] [stdout]   13.000 ±(99.9%) 0.001 ms [Sum]
[INFO] [stdout]   (min, avg, max) = (1.000, 2.600, 5.000), stdev = 1.817
[INFO] [stdout]   CI (99.9%): [13.000, 13.000] (assumes normal distribution)
[INFO] [stdout] 
[INFO] [stdout] Secondary result "org.weakref.nitro.tpcds.BenchmarkQueries.query19:instructions":
[INFO] [stdout]   4113589173.133 #/op
[INFO] [stdout] 
[INFO] [stdout] 
[INFO] [stdout] # JMH version: 1.37
[INFO] [stdout] # VM version: JDK 26.0.1, OpenJDK 64-Bit Server VM, 26.0.1+8
[INFO] [stdout] # VM invoker: /opt/java/openjdk/bin/java
[INFO] [stdout] # VM options: --enable-preview --add-modules=jdk.incubator.vector -Dnitro.clickbench.hits.path= -Xmx12g -XX:+UseTransparentHugePages -Dnitro.tpcds.parquet.path=/root/data/tpcds-parquet-sf10 -Dnitro.tpcds.parquet.schema=sf10 -Dnitro.parquet.lazyFragmentedNumericSkipDecode=false
[INFO] [stdout] # Blackhole mode: compiler (auto-detected, use -Djmh.blackhole.autoDetect=false to disable)
[INFO] [stdout] # Warmup: 8 iterations, 1 s each
[INFO] [stdout] # Measurement: 5 iterations, 1 s each
[INFO] [stdout] # Timeout: 30 min per iteration
[INFO] [stdout] # Threads: 1 thread, will synchronize iterations
[INFO] [stdout] # Benchmark mode: Average time, time/op
[INFO] [stdout] # Benchmark: org.weakref.nitro.tpcds.BenchmarkQueries.query24
[INFO] [stdout] 
[INFO] [stdout] # Run progress: 16.67% complete, ETA 00:02:24
[INFO] [stdout] # Fork: 1 of 1
[INFO] [stdout] # Preparing profilers: LinuxPerfNormProfiler 
[INFO] [stdout] # Profilers consume stderr from target VM, use -v EXTRA to copy to console
[INFO] [stdout] # Warmup Iteration   1: 1596.511 ms/op
[INFO] [stdout] # Warmup Iteration   2: 809.947 ms/op
[INFO] [stdout] # Warmup Iteration   3: 775.850 ms/op
[INFO] [stdout] # Warmup Iteration   4: 771.863 ms/op
[INFO] [stdout] # Warmup Iteration   5: 782.526 ms/op
[INFO] [stdout] # Warmup Iteration   6: 761.238 ms/op
[INFO] [stdout] # Warmup Iteration   7: 762.583 ms/op
[INFO] [stdout] # Warmup Iteration   8: 757.056 ms/op
[INFO] [stdout] Iteration   1: 761.027 ms/op
[INFO] [stdout]                  gc.alloc.rate:      183.516 MB/sec
[INFO] [stdout]                  gc.alloc.rate.norm: 146458376.000 B/op
[INFO] [stdout]                  gc.count:           4.000 counts
[INFO] [stdout]                  gc.time:            10.000 ms
[INFO] [stdout] 
[INFO] [stdout] Iteration   2: 763.669 ms/op
[INFO] [stdout]                  gc.alloc.rate:      182.845 MB/sec
[INFO] [stdout]                  gc.alloc.rate.norm: 146429484.000 B/op
[INFO] [stdout]                  gc.count:           ≈ 0 counts
[INFO] [stdout] 
[INFO] [stdout] Iteration   3: 761.653 ms/op
[INFO] [stdout]                  gc.alloc.rate:      183.257 MB/sec
[INFO] [stdout]                  gc.alloc.rate.norm: 146369672.000 B/op
[INFO] [stdout]                  gc.count:           1.000 counts
[INFO] [stdout]                  gc.time:            4.000 ms
[INFO] [stdout] 
[INFO] [stdout] Iteration   4: 760.460 ms/op
[INFO] [stdout]                  gc.alloc.rate:      183.506 MB/sec
[INFO] [stdout]                  gc.alloc.rate.norm: 146339052.000 B/op
[INFO] [stdout]                  gc.count:           ≈ 0 counts
[INFO] [stdout] 
[INFO] [stdout] Iteration   5: 753.762 ms/op
[INFO] [stdout]                  gc.alloc.rate:      185.145 MB/sec
[INFO] [stdout]                  gc.alloc.rate.norm: 146346592.000 B/op
[INFO] [stdout]                  gc.count:           ≈ 0 counts
[INFO] [stdout] 
[INFO] [stdout] # Processing profiler results: LinuxPerfNormProfiler 
[INFO] [stdout] 
[INFO] [stdout] 
[INFO] [stdout] Result "org.weakref.nitro.tpcds.BenchmarkQueries.query24":
[INFO] [stdout]   760.114 ±(99.9%) 14.447 ms/op [Average]
[INFO] [stdout]   (min, avg, max) = (753.762, 760.114, 763.669), stdev = 3.752
[INFO] [stdout]   CI (99.9%): [745.667, 774.561] (assumes normal distribution)
[INFO] [stdout] 
[INFO] [stdout] Secondary result "org.weakref.nitro.tpcds.BenchmarkQueries.query24:CPI":
[INFO] [stdout]   0.288 clks/insn
[INFO] [stdout] 
[INFO] [stdout] Secondary result "org.weakref.nitro.tpcds.BenchmarkQueries.query24:IPC":
[INFO] [stdout]   3.476 insns/clk
[INFO] [stdout] 
[INFO] [stdout] Secondary result "org.weakref.nitro.tpcds.BenchmarkQueries.query24:L1-dcache-load-misses":
[INFO] [stdout]   107145031.936 #/op
[INFO] [stdout] 
[INFO] [stdout] Secondary result "org.weakref.nitro.tpcds.BenchmarkQueries.query24:L1-dcache-loads":
[INFO] [stdout]   6212536142.183 #/op
[INFO] [stdout] 
[INFO] [stdout] Secondary result "org.weakref.nitro.tpcds.BenchmarkQueries.query24:branch-misses":
[INFO] [stdout]   21284467.594 #/op
[INFO] [stdout] 
[INFO] [stdout] Secondary result "org.weakref.nitro.tpcds.BenchmarkQueries.query24:branches":
[INFO] [stdout]   2781140583.679 #/op
[INFO] [stdout] 
[INFO] [stdout] Secondary result "org.weakref.nitro.tpcds.BenchmarkQueries.query24:cycles":
[INFO] [stdout]   4156471936.096 #/op
[INFO] [stdout] 
[INFO] [stdout] Secondary result "org.weakref.nitro.tpcds.BenchmarkQueries.query24:dTLB-load-misses":
[INFO] [stdout]   233609.521 #/op
[INFO] [stdout] 
[INFO] [stdout] Secondary result "org.weakref.nitro.tpcds.BenchmarkQueries.query24:dTLB-loads":
[INFO] [stdout]   1810513.577 #/op
[INFO] [stdout] 
[INFO] [stdout] Secondary result "org.weakref.nitro.tpcds.BenchmarkQueries.query24:gc.alloc.rate":
[INFO] [stdout]   183.654 ±(99.9%) 3.377 MB/sec [Average]
[INFO] [stdout]   (min, avg, max) = (182.845, 183.654, 185.145), stdev = 0.877
[INFO] [stdout]   CI (99.9%): [180.277, 187.030] (assumes normal distribution)
[INFO] [stdout] 
[INFO] [stdout] Secondary result "org.weakref.nitro.tpcds.BenchmarkQueries.query24:gc.alloc.rate.norm":
[INFO] [stdout]   146388635.200 ±(99.9%) 203010.854 B/op [Average]
[INFO] [stdout]   (min, avg, max) = (146339052.000, 146388635.200, 146458376.000), stdev = 52721.274
[INFO] [stdout]   CI (99.9%): [146185624.346, 146591646.054] (assumes normal distribution)
[INFO] [stdout] 
[INFO] [stdout] Secondary result "org.weakref.nitro.tpcds.BenchmarkQueries.query24:gc.count":
[INFO] [stdout]   5.000 ±(99.9%) 0.001 counts [Sum]
[INFO] [stdout]   (min, avg, max) = (≈ 0, 1.000, 4.000), stdev = 1.732
[INFO] [stdout]   CI (99.9%): [5.000, 5.000] (assumes normal distribution)
[INFO] [stdout] 
[INFO] [stdout] Secondary result "org.weakref.nitro.tpcds.BenchmarkQueries.query24:gc.time":
[INFO] [stdout]   14.000 ±(99.9%) 0.001 ms [Sum]
[INFO] [stdout]   (min, avg, max) = (≈ 0, 2.800, 10.000), stdev = 4.382
[INFO] [stdout]   CI (99.9%): [14.000, 14.000] (assumes normal distribution)
[INFO] [stdout] 
[INFO] [stdout] Secondary result "org.weakref.nitro.tpcds.BenchmarkQueries.query24:instructions":
[INFO] [stdout]   14447575767.977 #/op
[INFO] [stdout] 
[INFO] [stdout] 
[INFO] [stdout] # JMH version: 1.37
[INFO] [stdout] # VM version: JDK 26.0.1, OpenJDK 64-Bit Server VM, 26.0.1+8
[INFO] [stdout] # VM invoker: /opt/java/openjdk/bin/java
[INFO] [stdout] # VM options: --enable-preview --add-modules=jdk.incubator.vector -Dnitro.clickbench.hits.path= -Xmx12g -XX:+UseTransparentHugePages -Dnitro.tpcds.parquet.path=/root/data/tpcds-parquet-sf10 -Dnitro.tpcds.parquet.schema=sf10 -Dnitro.parquet.lazyFragmentedNumericSkipDecode=false
[INFO] [stdout] # Blackhole mode: compiler (auto-detected, use -Djmh.blackhole.autoDetect=false to disable)
[INFO] [stdout] # Warmup: 8 iterations, 1 s each
[INFO] [stdout] # Measurement: 5 iterations, 1 s each
[INFO] [stdout] # Timeout: 30 min per iteration
[INFO] [stdout] # Threads: 1 thread, will synchronize iterations
[INFO] [stdout] # Benchmark mode: Average time, time/op
[INFO] [stdout] # Benchmark: org.weakref.nitro.tpcds.BenchmarkQueries.query42
[INFO] [stdout] 
[INFO] [stdout] # Run progress: 25.00% complete, ETA 00:02:27
[INFO] [stdout] # Fork: 1 of 1
[INFO] [stdout] # Preparing profilers: LinuxPerfNormProfiler 
[INFO] [stdout] # Profilers consume stderr from target VM, use -v EXTRA to copy to console
[INFO] [stdout] # Warmup Iteration   1: 169.157 ms/op
[INFO] [stdout] # Warmup Iteration   2: 103.380 ms/op
[INFO] [stdout] # Warmup Iteration   3: 101.788 ms/op
[INFO] [stdout] # Warmup Iteration   4: 100.195 ms/op
[INFO] [stdout] # Warmup Iteration   5: 100.118 ms/op
[INFO] [stdout] # Warmup Iteration   6: 99.882 ms/op
[INFO] [stdout] # Warmup Iteration   7: 99.347 ms/op
[INFO] [stdout] # Warmup Iteration   8: 100.221 ms/op
[INFO] [stdout] Iteration   1: 99.837 ms/op
[INFO] [stdout]                  gc.alloc.rate:      87.460 MB/sec
[INFO] [stdout]                  gc.alloc.rate.norm: 9157138.182 B/op
[INFO] [stdout]                  gc.count:           ≈ 0 counts
[INFO] [stdout] 
[INFO] [stdout] Iteration   2: 99.403 ms/op
[INFO] [stdout]                  gc.alloc.rate:      87.826 MB/sec
[INFO] [stdout]                  gc.alloc.rate.norm: 9155461.818 B/op
[INFO] [stdout]                  gc.count:           1.000 counts
[INFO] [stdout]                  gc.time:            1.000 ms
[INFO] [stdout] 
[INFO] [stdout] Iteration   3: 99.341 ms/op
[INFO] [stdout]                  gc.alloc.rate:      87.856 MB/sec
[INFO] [stdout]                  gc.alloc.rate.norm: 9152781.091 B/op
[INFO] [stdout]                  gc.count:           ≈ 0 counts
[INFO] [stdout] 
[INFO] [stdout] Iteration   4: 99.260 ms/op
[INFO] [stdout]                  gc.alloc.rate:      87.912 MB/sec
[INFO] [stdout]                  gc.alloc.rate.norm: 9151335.273 B/op
[INFO] [stdout]                  gc.count:           ≈ 0 counts
[INFO] [stdout] 
[INFO] [stdout] Iteration   5: 99.166 ms/op
[INFO] [stdout]                  gc.alloc.rate:      87.987 MB/sec
[INFO] [stdout]                  gc.alloc.rate.norm: 9150325.818 B/op
[INFO] [stdout]                  gc.count:           ≈ 0 counts
[INFO] [stdout] 
[INFO] [stdout] # Processing profiler results: LinuxPerfNormProfiler 
[INFO] [stdout] 
[INFO] [stdout] 
[INFO] [stdout] Result "org.weakref.nitro.tpcds.BenchmarkQueries.query42":
[INFO] [stdout]   99.401 ±(99.9%) 0.998 ms/op [Average]
[INFO] [stdout]   (min, avg, max) = (99.166, 99.401, 99.837), stdev = 0.259
[INFO] [stdout]   CI (99.9%): [98.403, 100.399] (assumes normal distribution)
[INFO] [stdout] 
[INFO] [stdout] Secondary result "org.weakref.nitro.tpcds.BenchmarkQueries.query42:CPI":
[INFO] [stdout]   0.250 clks/insn
[INFO] [stdout] 
[INFO] [stdout] Secondary result "org.weakref.nitro.tpcds.BenchmarkQueries.query42:IPC":
[INFO] [stdout]   3.996 insns/clk
[INFO] [stdout] 
[INFO] [stdout] Secondary result "org.weakref.nitro.tpcds.BenchmarkQueries.query42:L1-dcache-load-misses":
[INFO] [stdout]   8984956.936 #/op
[INFO] [stdout] 
[INFO] [stdout] Secondary result "org.weakref.nitro.tpcds.BenchmarkQueries.query42:L1-dcache-loads":
[INFO] [stdout]   987666535.810 #/op
[INFO] [stdout] 
[INFO] [stdout] Secondary result "org.weakref.nitro.tpcds.BenchmarkQueries.query42:branch-misses":
[INFO] [stdout]   4420358.805 #/op
[INFO] [stdout] 
[INFO] [stdout] Secondary result "org.weakref.nitro.tpcds.BenchmarkQueries.query42:branches":
[INFO] [stdout]   463395673.397 #/op
[INFO] [stdout] 
[INFO] [stdout] Secondary result "org.weakref.nitro.tpcds.BenchmarkQueries.query42:cycles":
[INFO] [stdout]   546177840.591 #/op
[INFO] [stdout] 
[INFO] [stdout] Secondary result "org.weakref.nitro.tpcds.BenchmarkQueries.query42:dTLB-load-misses":
[INFO] [stdout]   76222.684 #/op
[INFO] [stdout] 
[INFO] [stdout] Secondary result "org.weakref.nitro.tpcds.BenchmarkQueries.query42:dTLB-loads":
[INFO] [stdout]   395597.928 #/op
[INFO] [stdout] 
[INFO] [stdout] Secondary result "org.weakref.nitro.tpcds.BenchmarkQueries.query42:gc.alloc.rate":
[INFO] [stdout]   87.808 ±(99.9%) 0.787 MB/sec [Average]
[INFO] [stdout]   (min, avg, max) = (87.460, 87.808, 87.987), stdev = 0.204
[INFO] [stdout]   CI (99.9%): [87.022, 88.595] (assumes normal distribution)
[INFO] [stdout] 
[INFO] [stdout] Secondary result "org.weakref.nitro.tpcds.BenchmarkQueries.query42:gc.alloc.rate.norm":
[INFO] [stdout]   9153408.436 ±(99.9%) 10945.838 B/op [Average]
[INFO] [stdout]   (min, avg, max) = (9150325.818, 9153408.436, 9157138.182), stdev = 2842.599
[INFO] [stdout]   CI (99.9%): [9142462.599, 9164354.274] (assumes normal distribution)
[INFO] [stdout] 
[INFO] [stdout] Secondary result "org.weakref.nitro.tpcds.BenchmarkQueries.query42:gc.count":
[INFO] [stdout]   1.000 ±(99.9%) 0.001 counts [Sum]
[INFO] [stdout]   (min, avg, max) = (≈ 0, 0.200, 1.000), stdev = 0.447
[INFO] [stdout]   CI (99.9%): [1.000, 1.000] (assumes normal distribution)
[INFO] [stdout] 
[INFO] [stdout] Secondary result "org.weakref.nitro.tpcds.BenchmarkQueries.query42:gc.time":
[INFO] [stdout]   1.000 ±(99.9%) 0.001 ms [Sum]
[INFO] [stdout]   (min, avg, max) = (≈ 0, 0.200, 1.000), stdev = 0.447
[INFO] [stdout]   CI (99.9%): [1.000, 1.000] (assumes normal distribution)
[INFO] [stdout] 
[INFO] [stdout] Secondary result "org.weakref.nitro.tpcds.BenchmarkQueries.query42:instructions":
[INFO] [stdout]   2182372191.843 #/op
[INFO] [stdout] 
[INFO] [stdout] 
[INFO] [stdout] # JMH version: 1.37
[INFO] [stdout] # VM version: JDK 26.0.1, OpenJDK 64-Bit Server VM, 26.0.1+8
[INFO] [stdout] # VM invoker: /opt/java/openjdk/bin/java
[INFO] [stdout] # VM options: --enable-preview --add-modules=jdk.incubator.vector -Dnitro.clickbench.hits.path= -Xmx12g -XX:+UseTransparentHugePages -Dnitro.tpcds.parquet.path=/root/data/tpcds-parquet-sf10 -Dnitro.tpcds.parquet.schema=sf10 -Dnitro.parquet.lazyFragmentedNumericSkipDecode=false
[INFO] [stdout] # Blackhole mode: compiler (auto-detected, use -Djmh.blackhole.autoDetect=false to disable)
[INFO] [stdout] # Warmup: 8 iterations, 1 s each
[INFO] [stdout] # Measurement: 5 iterations, 1 s each
[INFO] [stdout] # Timeout: 30 min per iteration
[INFO] [stdout] # Threads: 1 thread, will synchronize iterations
[INFO] [stdout] # Benchmark mode: Average time, time/op
[INFO] [stdout] # Benchmark: org.weakref.nitro.tpcds.BenchmarkQueries.query49
[INFO] [stdout] 
[INFO] [stdout] # Run progress: 33.33% complete, ETA 00:02:06
[INFO] [stdout] # Fork: 1 of 1
[INFO] [stdout] # Preparing profilers: LinuxPerfNormProfiler 
[INFO] [stdout] # Profilers consume stderr from target VM, use -v EXTRA to copy to console
[INFO] [stdout] # Warmup Iteration   1: 587.435 ms/op
[INFO] [stdout] # Warmup Iteration   2: 271.801 ms/op
[INFO] [stdout] # Warmup Iteration   3: 266.009 ms/op
[INFO] [stdout] # Warmup Iteration   4: 263.087 ms/op
[INFO] [stdout] # Warmup Iteration   5: 261.723 ms/op
[INFO] [stdout] # Warmup Iteration   6: 261.619 ms/op
[INFO] [stdout] # Warmup Iteration   7: 260.317 ms/op
[INFO] [stdout] # Warmup Iteration   8: 260.615 ms/op
[INFO] [stdout] Iteration   1: 260.071 ms/op
[INFO] [stdout]                  gc.alloc.rate:      113.367 MB/sec
[INFO] [stdout]                  gc.alloc.rate.norm: 30919220.000 B/op
[INFO] [stdout]                  gc.count:           1.000 counts
[INFO] [stdout]                  gc.time:            1.000 ms
[INFO] [stdout] 
[INFO] [stdout] Iteration   2: 260.341 ms/op
[INFO] [stdout]                  gc.alloc.rate:      113.196 MB/sec
[INFO] [stdout]                  gc.alloc.rate.norm: 30905274.000 B/op
[INFO] [stdout]                  gc.count:           ≈ 0 counts
[INFO] [stdout] 
[INFO] [stdout] Iteration   3: 260.726 ms/op
[INFO] [stdout]                  gc.alloc.rate:      112.918 MB/sec
[INFO] [stdout]                  gc.alloc.rate.norm: 30875170.000 B/op
[INFO] [stdout]                  gc.count:           1.000 counts
[INFO] [stdout]                  gc.time:            ≈ 0 ms
[INFO] [stdout] 
[INFO] [stdout] Iteration   4: 260.002 ms/op
[INFO] [stdout]                  gc.alloc.rate:      113.194 MB/sec
[INFO] [stdout]                  gc.alloc.rate.norm: 30863496.000 B/op
[INFO] [stdout]                  gc.count:           ≈ 0 counts
[INFO] [stdout] 
[INFO] [stdout] Iteration   5: 260.214 ms/op
[INFO] [stdout]                  gc.alloc.rate:      113.090 MB/sec
[INFO] [stdout]                  gc.alloc.rate.norm: 30861102.000 B/op
[INFO] [stdout]                  gc.count:           1.000 counts
[INFO] [stdout]                  gc.time:            1.000 ms
[INFO] [stdout] 
[INFO] [stdout] # Processing profiler results: LinuxPerfNormProfiler 
[INFO] [stdout] 
[INFO] [stdout] 
[INFO] [stdout] Result "org.weakref.nitro.tpcds.BenchmarkQueries.query49":
[INFO] [stdout]   260.271 ±(99.9%) 1.102 ms/op [Average]
[INFO] [stdout]   (min, avg, max) = (260.002, 260.271, 260.726), stdev = 0.286
[INFO] [stdout]   CI (99.9%): [259.169, 261.373] (assumes normal distribution)
[INFO] [stdout] 
[INFO] [stdout] Secondary result "org.weakref.nitro.tpcds.BenchmarkQueries.query49:CPI":
[INFO] [stdout]   0.275 clks/insn
[INFO] [stdout] 
[INFO] [stdout] Secondary result "org.weakref.nitro.tpcds.BenchmarkQueries.query49:IPC":
[INFO] [stdout]   3.637 insns/clk
[INFO] [stdout] 
[INFO] [stdout] Secondary result "org.weakref.nitro.tpcds.BenchmarkQueries.query49:L1-dcache-load-misses":
[INFO] [stdout]   47741183.883 #/op
[INFO] [stdout] 
[INFO] [stdout] Secondary result "org.weakref.nitro.tpcds.BenchmarkQueries.query49:L1-dcache-loads":
[INFO] [stdout]   2223681361.475 #/op
[INFO] [stdout] 
[INFO] [stdout] Secondary result "org.weakref.nitro.tpcds.BenchmarkQueries.query49:branch-misses":
[INFO] [stdout]   6679442.745 #/op
[INFO] [stdout] 
[INFO] [stdout] Secondary result "org.weakref.nitro.tpcds.BenchmarkQueries.query49:branches":
[INFO] [stdout]   1098650206.856 #/op
[INFO] [stdout] 
[INFO] [stdout] Secondary result "org.weakref.nitro.tpcds.BenchmarkQueries.query49:cycles":
[INFO] [stdout]   1505659425.105 #/op
[INFO] [stdout] 
[INFO] [stdout] Secondary result "org.weakref.nitro.tpcds.BenchmarkQueries.query49:dTLB-load-misses":
[INFO] [stdout]   179206.856 #/op
[INFO] [stdout] 
[INFO] [stdout] Secondary result "org.weakref.nitro.tpcds.BenchmarkQueries.query49:dTLB-loads":
[INFO] [stdout]   1541153.744 #/op
[INFO] [stdout] 
[INFO] [stdout] Secondary result "org.weakref.nitro.tpcds.BenchmarkQueries.query49:gc.alloc.rate":
[INFO] [stdout]   113.153 ±(99.9%) 0.635 MB/sec [Average]
[INFO] [stdout]   (min, avg, max) = (112.918, 113.153, 113.367), stdev = 0.165
[INFO] [stdout]   CI (99.9%): [112.518, 113.788] (assumes normal distribution)
[INFO] [stdout] 
[INFO] [stdout] Secondary result "org.weakref.nitro.tpcds.BenchmarkQueries.query49:gc.alloc.rate.norm":
[INFO] [stdout]   30884852.400 ±(99.9%) 100266.581 B/op [Average]
[INFO] [stdout]   (min, avg, max) = (30861102.000, 30884852.400, 30919220.000), stdev = 26038.913
[INFO] [stdout]   CI (99.9%): [30784585.819, 30985118.981] (assumes normal distribution)
[INFO] [stdout] 
[INFO] [stdout] Secondary result "org.weakref.nitro.tpcds.BenchmarkQueries.query49:gc.count":
[INFO] [stdout]   3.000 ±(99.9%) 0.001 counts [Sum]
[INFO] [stdout]   (min, avg, max) = (≈ 0, 0.600, 1.000), stdev = 0.548
[INFO] [stdout]   CI (99.9%): [3.000, 3.000] (assumes normal distribution)
[INFO] [stdout] 
[INFO] [stdout] Secondary result "org.weakref.nitro.tpcds.BenchmarkQueries.query49:gc.time":
[INFO] [stdout]   2.000 ±(99.9%) 0.001 ms [Sum]
[INFO] [stdout]   (min, avg, max) = (≈ 0, 0.400, 1.000), stdev = 0.548
[INFO] [stdout]   CI (99.9%): [2.000, 2.000] (assumes normal distribution)
[INFO] [stdout] 
[INFO] [stdout] Secondary result "org.weakref.nitro.tpcds.BenchmarkQueries.query49:instructions":
[INFO] [stdout]   5475480032.823 #/op
[INFO] [stdout] 
[INFO] [stdout] 
[INFO] [stdout] # JMH version: 1.37
[INFO] [stdout] # VM version: JDK 26.0.1, OpenJDK 64-Bit Server VM, 26.0.1+8
[INFO] [stdout] # VM invoker: /opt/java/openjdk/bin/java
[INFO] [stdout] # VM options: --enable-preview --add-modules=jdk.incubator.vector -Dnitro.clickbench.hits.path= -Xmx12g -XX:+UseTransparentHugePages -Dnitro.tpcds.parquet.path=/root/data/tpcds-parquet-sf10 -Dnitro.tpcds.parquet.schema=sf10 -Dnitro.parquet.lazyFragmentedNumericSkipDecode=false
[INFO] [stdout] # Blackhole mode: compiler (auto-detected, use -Djmh.blackhole.autoDetect=false to disable)
[INFO] [stdout] # Warmup: 8 iterations, 1 s each
[INFO] [stdout] # Measurement: 5 iterations, 1 s each
[INFO] [stdout] # Timeout: 30 min per iteration
[INFO] [stdout] # Threads: 1 thread, will synchronize iterations
[INFO] [stdout] # Benchmark mode: Average time, time/op
[INFO] [stdout] # Benchmark: org.weakref.nitro.tpcds.BenchmarkQueries.query52
[INFO] [stdout] 
[INFO] [stdout] # Run progress: 41.67% complete, ETA 00:01:48
[INFO] [stdout] # Fork: 1 of 1
[INFO] [stdout] # Preparing profilers: LinuxPerfNormProfiler 
[INFO] [stdout] # Profilers consume stderr from target VM, use -v EXTRA to copy to console
[INFO] [stdout] # Warmup Iteration   1: 173.074 ms/op
[INFO] [stdout] # Warmup Iteration   2: 102.451 ms/op
[INFO] [stdout] # Warmup Iteration   3: 99.656 ms/op
[INFO] [stdout] # Warmup Iteration   4: 100.989 ms/op
[INFO] [stdout] # Warmup Iteration   5: 98.735 ms/op
[INFO] [stdout] # Warmup Iteration   6: 98.115 ms/op
[INFO] [stdout] # Warmup Iteration   7: 98.779 ms/op
[INFO] [stdout] # Warmup Iteration   8: 97.836 ms/op
[INFO] [stdout] Iteration   1: 98.621 ms/op
[INFO] [stdout]                  gc.alloc.rate:      106.250 MB/sec
[INFO] [stdout]                  gc.alloc.rate.norm: 10988952.727 B/op
[INFO] [stdout]                  gc.count:           ≈ 0 counts
[INFO] [stdout] 
[INFO] [stdout] Iteration   2: 97.827 ms/op
[INFO] [stdout]                  gc.alloc.rate:      107.085 MB/sec
[INFO] [stdout]                  gc.alloc.rate.norm: 10986421.818 B/op
[INFO] [stdout]                  gc.count:           ≈ 0 counts
[INFO] [stdout] 
[INFO] [stdout] Iteration   3: 97.881 ms/op
[INFO] [stdout]                  gc.alloc.rate:      106.884 MB/sec
[INFO] [stdout]                  gc.alloc.rate.norm: 10971428.364 B/op
[INFO] [stdout]                  gc.count:           1.000 counts
[INFO] [stdout]                  gc.time:            1.000 ms
[INFO] [stdout] 
[INFO] [stdout] Iteration   4: 97.685 ms/op
[INFO] [stdout]                  gc.alloc.rate:      107.102 MB/sec
[INFO] [stdout]                  gc.alloc.rate.norm: 10971676.364 B/op
[INFO] [stdout]                  gc.count:           ≈ 0 counts
[INFO] [stdout] 
[INFO] [stdout] Iteration   5: 97.485 ms/op
[INFO] [stdout]                  gc.alloc.rate:      107.300 MB/sec
[INFO] [stdout]                  gc.alloc.rate.norm: 10969714.182 B/op
[INFO] [stdout]                  gc.count:           ≈ 0 counts
[INFO] [stdout] 
[INFO] [stdout] # Processing profiler results: LinuxPerfNormProfiler 
[INFO] [stdout] 
[INFO] [stdout] 
[INFO] [stdout] Result "org.weakref.nitro.tpcds.BenchmarkQueries.query52":
[INFO] [stdout]   97.900 ±(99.9%) 1.660 ms/op [Average]
[INFO] [stdout]   (min, avg, max) = (97.485, 97.900, 98.621), stdev = 0.431
[INFO] [stdout]   CI (99.9%): [96.239, 99.560] (assumes normal distribution)
[INFO] [stdout] 
[INFO] [stdout] Secondary result "org.weakref.nitro.tpcds.BenchmarkQueries.query52:CPI":
[INFO] [stdout]   0.246 clks/insn
[INFO] [stdout] 
[INFO] [stdout] Secondary result "org.weakref.nitro.tpcds.BenchmarkQueries.query52:IPC":
[INFO] [stdout]   4.059 insns/clk
[INFO] [stdout] 
[INFO] [stdout] Secondary result "org.weakref.nitro.tpcds.BenchmarkQueries.query52:L1-dcache-load-misses":
[INFO] [stdout]   9290484.549 #/op
[INFO] [stdout] 
[INFO] [stdout] Secondary result "org.weakref.nitro.tpcds.BenchmarkQueries.query52:L1-dcache-loads":
[INFO] [stdout]   980312299.417 #/op
[INFO] [stdout] 
[INFO] [stdout] Secondary result "org.weakref.nitro.tpcds.BenchmarkQueries.query52:branch-misses":
[INFO] [stdout]   4372894.388 #/op
[INFO] [stdout] 
[INFO] [stdout] Secondary result "org.weakref.nitro.tpcds.BenchmarkQueries.query52:branches":
[INFO] [stdout]   466714033.893 #/op
[INFO] [stdout] 
[INFO] [stdout] Secondary result "org.weakref.nitro.tpcds.BenchmarkQueries.query52:cycles":
[INFO] [stdout]   541880388.848 #/op
[INFO] [stdout] 
[INFO] [stdout] Secondary result "org.weakref.nitro.tpcds.BenchmarkQueries.query52:dTLB-load-misses":
[INFO] [stdout]   75941.246 #/op
[INFO] [stdout] 
[INFO] [stdout] Secondary result "org.weakref.nitro.tpcds.BenchmarkQueries.query52:dTLB-loads":
[INFO] [stdout]   404595.628 #/op
[INFO] [stdout] 
[INFO] [stdout] Secondary result "org.weakref.nitro.tpcds.BenchmarkQueries.query52:gc.alloc.rate":
[INFO] [stdout]   106.924 ±(99.9%) 1.558 MB/sec [Average]
[INFO] [stdout]   (min, avg, max) = (106.250, 106.924, 107.300), stdev = 0.405
[INFO] [stdout]   CI (99.9%): [105.366, 108.482] (assumes normal distribution)
[INFO] [stdout] 
[INFO] [stdout] Secondary result "org.weakref.nitro.tpcds.BenchmarkQueries.query52:gc.alloc.rate.norm":
[INFO] [stdout]   10977638.691 ±(99.9%) 35608.886 B/op [Average]
[INFO] [stdout]   (min, avg, max) = (10969714.182, 10977638.691, 10988952.727), stdev = 9247.515
[INFO] [stdout]   CI (99.9%): [10942029.805, 11013247.577] (assumes normal distribution)
[INFO] [stdout] 
[INFO] [stdout] Secondary result "org.weakref.nitro.tpcds.BenchmarkQueries.query52:gc.count":
[INFO] [stdout]   1.000 ±(99.9%) 0.001 counts [Sum]
[INFO] [stdout]   (min, avg, max) = (≈ 0, 0.200, 1.000), stdev = 0.447
[INFO] [stdout]   CI (99.9%): [1.000, 1.000] (assumes normal distribution)
[INFO] [stdout] 
[INFO] [stdout] Secondary result "org.weakref.nitro.tpcds.BenchmarkQueries.query52:gc.time":
[INFO] [stdout]   1.000 ±(99.9%) 0.001 ms [Sum]
[INFO] [stdout]   (min, avg, max) = (≈ 0, 0.200, 1.000), stdev = 0.447
[INFO] [stdout]   CI (99.9%): [1.000, 1.000] (assumes normal distribution)
[INFO] [stdout] 
[INFO] [stdout] Secondary result "org.weakref.nitro.tpcds.BenchmarkQueries.query52:instructions":
[INFO] [stdout]   2199329556.591 #/op
[INFO] [stdout] 
[INFO] [stdout] 
[INFO] [stdout] # JMH version: 1.37
[INFO] [stdout] # VM version: JDK 26.0.1, OpenJDK 64-Bit Server VM, 26.0.1+8
[INFO] [stdout] # VM invoker: /opt/java/openjdk/bin/java
[INFO] [stdout] # VM options: --enable-preview --add-modules=jdk.incubator.vector -Dnitro.clickbench.hits.path= -Xmx12g -XX:+UseTransparentHugePages -Dnitro.tpcds.parquet.path=/root/data/tpcds-parquet-sf10 -Dnitro.tpcds.parquet.schema=sf10 -Dnitro.parquet.lazyFragmentedNumericSkipDecode=false
[INFO] [stdout] # Blackhole mode: compiler (auto-detected, use -Djmh.blackhole.autoDetect=false to disable)
[INFO] [stdout] # Warmup: 8 iterations, 1 s each
[INFO] [stdout] # Measurement: 5 iterations, 1 s each
[INFO] [stdout] # Timeout: 30 min per iteration
[INFO] [stdout] # Threads: 1 thread, will synchronize iterations
[INFO] [stdout] # Benchmark mode: Average time, time/op
[INFO] [stdout] # Benchmark: org.weakref.nitro.tpcds.BenchmarkQueries.query53
[INFO] [stdout] 
[INFO] [stdout] # Run progress: 50.00% complete, ETA 00:01:31
[INFO] [stdout] # Fork: 1 of 1
[INFO] [stdout] # Preparing profilers: LinuxPerfNormProfiler 
[INFO] [stdout] # Profilers consume stderr from target VM, use -v EXTRA to copy to console
[INFO] [stdout] # Warmup Iteration   1: 362.311 ms/op
[INFO] [stdout] # Warmup Iteration   2: 224.581 ms/op
[INFO] [stdout] # Warmup Iteration   3: 218.809 ms/op
[INFO] [stdout] # Warmup Iteration   4: 214.546 ms/op
[INFO] [stdout] # Warmup Iteration   5: 216.251 ms/op
[INFO] [stdout] # Warmup Iteration   6: 212.867 ms/op
[INFO] [stdout] # Warmup Iteration   7: 212.484 ms/op
[INFO] [stdout] # Warmup Iteration   8: 211.431 ms/op
[INFO] [stdout] Iteration   1: 212.307 ms/op
[INFO] [stdout]                  gc.alloc.rate:      67.673 MB/sec
[INFO] [stdout]                  gc.alloc.rate.norm: 15067651.200 B/op
[INFO] [stdout]                  gc.count:           4.000 counts
[INFO] [stdout]                  gc.time:            2.000 ms
[INFO] [stdout] 
[INFO] [stdout] Iteration   2: 211.642 ms/op
[INFO] [stdout]                  gc.alloc.rate:      67.788 MB/sec
[INFO] [stdout]                  gc.alloc.rate.norm: 15045518.400 B/op
[INFO] [stdout]                  gc.count:           2.000 counts
[INFO] [stdout]                  gc.time:            3.000 ms
[INFO] [stdout] 
[INFO] [stdout] Iteration   3: 210.654 ms/op
[INFO] [stdout]                  gc.alloc.rate:      67.992 MB/sec
[INFO] [stdout]                  gc.alloc.rate.norm: 15020198.400 B/op
[INFO] [stdout]                  gc.count:           3.000 counts
[INFO] [stdout]                  gc.time:            1.000 ms
[INFO] [stdout] 
[INFO] [stdout] Iteration   4: 210.923 ms/op
[INFO] [stdout]                  gc.alloc.rate:      67.883 MB/sec
[INFO] [stdout]                  gc.alloc.rate.norm: 15015073.600 B/op
[INFO] [stdout]                  gc.count:           2.000 counts
[INFO] [stdout]                  gc.time:            2.000 ms
[INFO] [stdout] 
[INFO] [stdout] Iteration   5: 211.617 ms/op
[INFO] [stdout]                  gc.alloc.rate:      67.657 MB/sec
[INFO] [stdout]                  gc.alloc.rate.norm: 15014657.600 B/op
[INFO] [stdout]                  gc.count:           4.000 counts
[INFO] [stdout]                  gc.time:            2.000 ms
[INFO] [stdout] 
[INFO] [stdout] # Processing profiler results: LinuxPerfNormProfiler 
[INFO] [stdout] 
[INFO] [stdout] 
[INFO] [stdout] Result "org.weakref.nitro.tpcds.BenchmarkQueries.query53":
[INFO] [stdout]   211.429 ±(99.9%) 2.517 ms/op [Average]
[INFO] [stdout]   (min, avg, max) = (210.654, 211.429, 212.307), stdev = 0.654
[INFO] [stdout]   CI (99.9%): [208.911, 213.946] (assumes normal distribution)
[INFO] [stdout] 
[INFO] [stdout] Secondary result "org.weakref.nitro.tpcds.BenchmarkQueries.query53:CPI":
[INFO] [stdout]   0.319 clks/insn
[INFO] [stdout] 
[INFO] [stdout] Secondary result "org.weakref.nitro.tpcds.BenchmarkQueries.query53:IPC":
[INFO] [stdout]   3.131 insns/clk
[INFO] [stdout] 
[INFO] [stdout] Secondary result "org.weakref.nitro.tpcds.BenchmarkQueries.query53:L1-dcache-load-misses":
[INFO] [stdout]   27494460.524 #/op
[INFO] [stdout] 
[INFO] [stdout] Secondary result "org.weakref.nitro.tpcds.BenchmarkQueries.query53:L1-dcache-loads":
[INFO] [stdout]   1664327494.652 #/op
[INFO] [stdout] 
[INFO] [stdout] Secondary result "org.weakref.nitro.tpcds.BenchmarkQueries.query53:branch-misses":
[INFO] [stdout]   12643716.033 #/op
[INFO] [stdout] 
[INFO] [stdout] Secondary result "org.weakref.nitro.tpcds.BenchmarkQueries.query53:branches":
[INFO] [stdout]   801999941.264 #/op
[INFO] [stdout] 
[INFO] [stdout] Secondary result "org.weakref.nitro.tpcds.BenchmarkQueries.query53:cycles":
[INFO] [stdout]   1256191006.307 #/op
[INFO] [stdout] 
[INFO] [stdout] Secondary result "org.weakref.nitro.tpcds.BenchmarkQueries.query53:dTLB-load-misses":
[INFO] [stdout]   90122.128 #/op
[INFO] [stdout] 
[INFO] [stdout] Secondary result "org.weakref.nitro.tpcds.BenchmarkQueries.query53:dTLB-loads":
[INFO] [stdout]   1411912.581 #/op
[INFO] [stdout] 
[INFO] [stdout] Secondary result "org.weakref.nitro.tpcds.BenchmarkQueries.query53:gc.alloc.rate":
[INFO] [stdout]   67.799 ±(99.9%) 0.546 MB/sec [Average]
[INFO] [stdout]   (min, avg, max) = (67.657, 67.799, 67.992), stdev = 0.142
[INFO] [stdout]   CI (99.9%): [67.253, 68.344] (assumes normal distribution)
[INFO] [stdout] 
[INFO] [stdout] Secondary result "org.weakref.nitro.tpcds.BenchmarkQueries.query53:gc.alloc.rate.norm":
[INFO] [stdout]   15032619.840 ±(99.9%) 89860.653 B/op [Average]
[INFO] [stdout]   (min, avg, max) = (15014657.600, 15032619.840, 15067651.200), stdev = 23336.526
[INFO] [stdout]   CI (99.9%): [14942759.187, 15122480.493] (assumes normal distribution)
[INFO] [stdout] 
[INFO] [stdout] Secondary result "org.weakref.nitro.tpcds.BenchmarkQueries.query53:gc.count":
[INFO] [stdout]   15.000 ±(99.9%) 0.001 counts [Sum]
[INFO] [stdout]   (min, avg, max) = (2.000, 3.000, 4.000), stdev = 1.000
[INFO] [stdout]   CI (99.9%): [15.000, 15.000] (assumes normal distribution)
[INFO] [stdout] 
[INFO] [stdout] Secondary result "org.weakref.nitro.tpcds.BenchmarkQueries.query53:gc.time":
[INFO] [stdout]   10.000 ±(99.9%) 0.001 ms [Sum]
[INFO] [stdout]   (min, avg, max) = (1.000, 2.000, 3.000), stdev = 0.707
[INFO] [stdout]   CI (99.9%): [10.000, 10.000] (assumes normal distribution)
[INFO] [stdout] 
[INFO] [stdout] Secondary result "org.weakref.nitro.tpcds.BenchmarkQueries.query53:instructions":
[INFO] [stdout]   3933517228.074 #/op
[INFO] [stdout] 
[INFO] [stdout] 
[INFO] [stdout] # JMH version: 1.37
[INFO] [stdout] # VM version: JDK 26.0.1, OpenJDK 64-Bit Server VM, 26.0.1+8
[INFO] [stdout] # VM invoker: /opt/java/openjdk/bin/java
[INFO] [stdout] # VM options: --enable-preview --add-modules=jdk.incubator.vector -Dnitro.clickbench.hits.path= -Xmx12g -XX:+UseTransparentHugePages -Dnitro.tpcds.parquet.path=/root/data/tpcds-parquet-sf10 -Dnitro.tpcds.parquet.schema=sf10 -Dnitro.parquet.lazyFragmentedNumericSkipDecode=false
[INFO] [stdout] # Blackhole mode: compiler (auto-detected, use -Djmh.blackhole.autoDetect=false to disable)
[INFO] [stdout] # Warmup: 8 iterations, 1 s each
[INFO] [stdout] # Measurement: 5 iterations, 1 s each
[INFO] [stdout] # Timeout: 30 min per iteration
[INFO] [stdout] # Threads: 1 thread, will synchronize iterations
[INFO] [stdout] # Benchmark mode: Average time, time/op
[INFO] [stdout] # Benchmark: org.weakref.nitro.tpcds.BenchmarkQueries.query55
[INFO] [stdout] 
[INFO] [stdout] # Run progress: 58.33% complete, ETA 00:01:15
[INFO] [stdout] # Fork: 1 of 1
[INFO] [stdout] # Preparing profilers: LinuxPerfNormProfiler 
[INFO] [stdout] # Profilers consume stderr from target VM, use -v EXTRA to copy to console
[INFO] [stdout] # Warmup Iteration   1: 171.253 ms/op
[INFO] [stdout] # Warmup Iteration   2: 101.349 ms/op
[INFO] [stdout] # Warmup Iteration   3: 99.720 ms/op
[INFO] [stdout] # Warmup Iteration   4: 100.017 ms/op
[INFO] [stdout] # Warmup Iteration   5: 99.018 ms/op
[INFO] [stdout] # Warmup Iteration   6: 100.560 ms/op
[INFO] [stdout] # Warmup Iteration   7: 98.600 ms/op
[INFO] [stdout] # Warmup Iteration   8: 98.429 ms/op
[INFO] [stdout] Iteration   1: 98.949 ms/op
[INFO] [stdout]                  gc.alloc.rate:      100.092 MB/sec
[INFO] [stdout]                  gc.alloc.rate.norm: 10386706.182 B/op
[INFO] [stdout]                  gc.count:           ≈ 0 counts
[INFO] [stdout] 
[INFO] [stdout] Iteration   2: 98.151 ms/op
[INFO] [stdout]                  gc.alloc.rate:      100.905 MB/sec
[INFO] [stdout]                  gc.alloc.rate.norm: 10386320.727 B/op
[INFO] [stdout]                  gc.count:           1.000 counts
[INFO] [stdout]                  gc.time:            1.000 ms
[INFO] [stdout] 
[INFO] [stdout] Iteration   3: 98.037 ms/op
[INFO] [stdout]                  gc.alloc.rate:      101.022 MB/sec
[INFO] [stdout]                  gc.alloc.rate.norm: 10386295.273 B/op
[INFO] [stdout]                  gc.count:           ≈ 0 counts
[INFO] [stdout] 
[INFO] [stdout] Iteration   4: 98.590 ms/op
[INFO] [stdout]                  gc.alloc.rate:      100.451 MB/sec
[INFO] [stdout]                  gc.alloc.rate.norm: 10386124.364 B/op
[INFO] [stdout]                  gc.count:           ≈ 0 counts
[INFO] [stdout] 
[INFO] [stdout] Iteration   5: 98.108 ms/op
[INFO] [stdout]                  gc.alloc.rate:      100.900 MB/sec
[INFO] [stdout]                  gc.alloc.rate.norm: 10381309.818 B/op
[INFO] [stdout]                  gc.count:           ≈ 0 counts
[INFO] [stdout] 
[INFO] [stdout] # Processing profiler results: LinuxPerfNormProfiler 
[INFO] [stdout] 
[INFO] [stdout] 
[INFO] [stdout] Result "org.weakref.nitro.tpcds.BenchmarkQueries.query55":
[INFO] [stdout]   98.367 ±(99.9%) 1.505 ms/op [Average]
[INFO] [stdout]   (min, avg, max) = (98.037, 98.367, 98.949), stdev = 0.391
[INFO] [stdout]   CI (99.9%): [96.862, 99.872] (assumes normal distribution)
[INFO] [stdout] 
[INFO] [stdout] Secondary result "org.weakref.nitro.tpcds.BenchmarkQueries.query55:CPI":
[INFO] [stdout]   0.257 clks/insn
[INFO] [stdout] 
[INFO] [stdout] Secondary result "org.weakref.nitro.tpcds.BenchmarkQueries.query55:IPC":
[INFO] [stdout]   3.896 insns/clk
[INFO] [stdout] 
[INFO] [stdout] Secondary result "org.weakref.nitro.tpcds.BenchmarkQueries.query55:L1-dcache-load-misses":
[INFO] [stdout]   11268579.700 #/op
[INFO] [stdout] 
[INFO] [stdout] Secondary result "org.weakref.nitro.tpcds.BenchmarkQueries.query55:L1-dcache-loads":
[INFO] [stdout]   1034705608.897 #/op
[INFO] [stdout] 
[INFO] [stdout] Secondary result "org.weakref.nitro.tpcds.BenchmarkQueries.query55:branch-misses":
[INFO] [stdout]   4772214.274 #/op
[INFO] [stdout] 
[INFO] [stdout] Secondary result "org.weakref.nitro.tpcds.BenchmarkQueries.query55:branches":
[INFO] [stdout]   488044421.106 #/op
[INFO] [stdout] 
[INFO] [stdout] Secondary result "org.weakref.nitro.tpcds.BenchmarkQueries.query55:cycles":
[INFO] [stdout]   588709076.411 #/op
[INFO] [stdout] 
[INFO] [stdout] Secondary result "org.weakref.nitro.tpcds.BenchmarkQueries.query55:dTLB-load-misses":
[INFO] [stdout]   80881.558 #/op
[INFO] [stdout] 
[INFO] [stdout] Secondary result "org.weakref.nitro.tpcds.BenchmarkQueries.query55:dTLB-loads":
[INFO] [stdout]   827705.819 #/op
[INFO] [stdout] 
[INFO] [stdout] Secondary result "org.weakref.nitro.tpcds.BenchmarkQueries.query55:gc.alloc.rate":
[INFO] [stdout]   100.674 ±(99.9%) 1.508 MB/sec [Average]
[INFO] [stdout]   (min, avg, max) = (100.092, 100.674, 101.022), stdev = 0.392
[INFO] [stdout]   CI (99.9%): [99.166, 102.182] (assumes normal distribution)
[INFO] [stdout] 
[INFO] [stdout] Secondary result "org.weakref.nitro.tpcds.BenchmarkQueries.query55:gc.alloc.rate.norm":
[INFO] [stdout]   10385351.273 ±(99.9%) 8738.031 B/op [Average]
[INFO] [stdout]   (min, avg, max) = (10381309.818, 10385351.273, 10386706.182), stdev = 2269.239
[INFO] [stdout]   CI (99.9%): [10376613.242, 10394089.304] (assumes normal distribution)
[INFO] [stdout] 
[INFO] [stdout] Secondary result "org.weakref.nitro.tpcds.BenchmarkQueries.query55:gc.count":
[INFO] [stdout]   1.000 ±(99.9%) 0.001 counts [Sum]
[INFO] [stdout]   (min, avg, max) = (≈ 0, 0.200, 1.000), stdev = 0.447
[INFO] [stdout]   CI (99.9%): [1.000, 1.000] (assumes normal distribution)
[INFO] [stdout] 
[INFO] [stdout] Secondary result "org.weakref.nitro.tpcds.BenchmarkQueries.query55:gc.time":
[INFO] [stdout]   1.000 ±(99.9%) 0.001 ms [Sum]
[INFO] [stdout]   (min, avg, max) = (≈ 0, 0.200, 1.000), stdev = 0.447
[INFO] [stdout]   CI (99.9%): [1.000, 1.000] (assumes normal distribution)
[INFO] [stdout] 
[INFO] [stdout] Secondary result "org.weakref.nitro.tpcds.BenchmarkQueries.query55:instructions":
[INFO] [stdout]   2293857996.921 #/op
[INFO] [stdout] 
[INFO] [stdout] 
[INFO] [stdout] # JMH version: 1.37
[INFO] [stdout] # VM version: JDK 26.0.1, OpenJDK 64-Bit Server VM, 26.0.1+8
[INFO] [stdout] # VM invoker: /opt/java/openjdk/bin/java
[INFO] [stdout] # VM options: --enable-preview --add-modules=jdk.incubator.vector -Dnitro.clickbench.hits.path= -Xmx12g -XX:+UseTransparentHugePages -Dnitro.tpcds.parquet.path=/root/data/tpcds-parquet-sf10 -Dnitro.tpcds.parquet.schema=sf10 -Dnitro.parquet.lazyFragmentedNumericSkipDecode=false
[INFO] [stdout] # Blackhole mode: compiler (auto-detected, use -Djmh.blackhole.autoDetect=false to disable)
[INFO] [stdout] # Warmup: 8 iterations, 1 s each
[INFO] [stdout] # Measurement: 5 iterations, 1 s each
[INFO] [stdout] # Timeout: 30 min per iteration
[INFO] [stdout] # Threads: 1 thread, will synchronize iterations
[INFO] [stdout] # Benchmark mode: Average time, time/op
[INFO] [stdout] # Benchmark: org.weakref.nitro.tpcds.BenchmarkQueries.query63
[INFO] [stdout] 
[INFO] [stdout] # Run progress: 66.67% complete, ETA 00:00:59
[INFO] [stdout] # Fork: 1 of 1
[INFO] [stdout] # Preparing profilers: LinuxPerfNormProfiler 
[INFO] [stdout] # Profilers consume stderr from target VM, use -v EXTRA to copy to console
[INFO] [stdout] # Warmup Iteration   1: 372.215 ms/op
[INFO] [stdout] # Warmup Iteration   2: 223.080 ms/op
[INFO] [stdout] # Warmup Iteration   3: 218.753 ms/op
[INFO] [stdout] # Warmup Iteration   4: 215.626 ms/op
[INFO] [stdout] # Warmup Iteration   5: 216.814 ms/op
[INFO] [stdout] # Warmup Iteration   6: 217.691 ms/op
[INFO] [stdout] # Warmup Iteration   7: 214.024 ms/op
[INFO] [stdout] # Warmup Iteration   8: 213.543 ms/op
[INFO] [stdout] Iteration   1: 213.629 ms/op
[INFO] [stdout]                  gc.alloc.rate:      65.848 MB/sec
[INFO] [stdout]                  gc.alloc.rate.norm: 14752155.200 B/op
[INFO] [stdout]                  gc.count:           1.000 counts
[INFO] [stdout]                  gc.time:            1.000 ms
[INFO] [stdout] 
[INFO] [stdout] Iteration   2: 213.252 ms/op
[INFO] [stdout]                  gc.alloc.rate:      65.938 MB/sec
[INFO] [stdout]                  gc.alloc.rate.norm: 14746334.400 B/op
[INFO] [stdout]                  gc.count:           1.000 counts
[INFO] [stdout]                  gc.time:            ≈ 0 ms
[INFO] [stdout] 
[INFO] [stdout] Iteration   3: 213.223 ms/op
[INFO] [stdout]                  gc.alloc.rate:      65.653 MB/sec
[INFO] [stdout]                  gc.alloc.rate.norm: 14680476.800 B/op
[INFO] [stdout]                  gc.count:           2.000 counts
[INFO] [stdout]                  gc.time:            2.000 ms
[INFO] [stdout] 
[INFO] [stdout] Iteration   4: 213.721 ms/op
[INFO] [stdout]                  gc.alloc.rate:      65.468 MB/sec
[INFO] [stdout]                  gc.alloc.rate.norm: 14672976.000 B/op
[INFO] [stdout]                  gc.count:           4.000 counts
[INFO] [stdout]                  gc.time:            3.000 ms
[INFO] [stdout] 
[INFO] [stdout] Iteration   5: 213.806 ms/op
[INFO] [stdout]                  gc.alloc.rate:      65.492 MB/sec
[INFO] [stdout]                  gc.alloc.rate.norm: 14684777.600 B/op
[INFO] [stdout]                  gc.count:           1.000 counts
[INFO] [stdout]                  gc.time:            1.000 ms
[INFO] [stdout] 
[INFO] [stdout] # Processing profiler results: LinuxPerfNormProfiler 
[INFO] [stdout] 
[INFO] [stdout] 
[INFO] [stdout] Result "org.weakref.nitro.tpcds.BenchmarkQueries.query63":
[INFO] [stdout]   213.526 ±(99.9%) 1.044 ms/op [Average]
[INFO] [stdout]   (min, avg, max) = (213.223, 213.526, 213.806), stdev = 0.271
[INFO] [stdout]   CI (99.9%): [212.482, 214.570] (assumes normal distribution)
[INFO] [stdout] 
[INFO] [stdout] Secondary result "org.weakref.nitro.tpcds.BenchmarkQueries.query63:CPI":
[INFO] [stdout]   0.308 clks/insn
[INFO] [stdout] 
[INFO] [stdout] Secondary result "org.weakref.nitro.tpcds.BenchmarkQueries.query63:IPC":
[INFO] [stdout]   3.247 insns/clk
[INFO] [stdout] 
[INFO] [stdout] Secondary result "org.weakref.nitro.tpcds.BenchmarkQueries.query63:L1-dcache-load-misses":
[INFO] [stdout]   30475337.841 #/op
[INFO] [stdout] 
[INFO] [stdout] Secondary result "org.weakref.nitro.tpcds.BenchmarkQueries.query63:L1-dcache-loads":
[INFO] [stdout]   1851820300.181 #/op
[INFO] [stdout] 
[INFO] [stdout] Secondary result "org.weakref.nitro.tpcds.BenchmarkQueries.query63:branch-misses":
[INFO] [stdout]   12677086.142 #/op
[INFO] [stdout] 
[INFO] [stdout] Secondary result "org.weakref.nitro.tpcds.BenchmarkQueries.query63:branches":
[INFO] [stdout]   903510812.728 #/op
[INFO] [stdout] 
[INFO] [stdout] Secondary result "org.weakref.nitro.tpcds.BenchmarkQueries.query63:cycles":
[INFO] [stdout]   1332628954.317 #/op
[INFO] [stdout] 
[INFO] [stdout] Secondary result "org.weakref.nitro.tpcds.BenchmarkQueries.query63:dTLB-load-misses":
[INFO] [stdout]   96064.319 #/op
[INFO] [stdout] 
[INFO] [stdout] Secondary result "org.weakref.nitro.tpcds.BenchmarkQueries.query63:dTLB-loads":
[INFO] [stdout]   1181051.551 #/op
[INFO] [stdout] 
[INFO] [stdout] Secondary result "org.weakref.nitro.tpcds.BenchmarkQueries.query63:gc.alloc.rate":
[INFO] [stdout]   65.680 ±(99.9%) 0.808 MB/sec [Average]
[INFO] [stdout]   (min, avg, max) = (65.468, 65.680, 65.938), stdev = 0.210
[INFO] [stdout]   CI (99.9%): [64.872, 66.488] (assumes normal distribution)
[INFO] [stdout] 
[INFO] [stdout] Secondary result "org.weakref.nitro.tpcds.BenchmarkQueries.query63:gc.alloc.rate.norm":
[INFO] [stdout]   14707344.000 ±(99.9%) 148394.035 B/op [Average]
[INFO] [stdout]   (min, avg, max) = (14672976.000, 14707344.000, 14752155.200), stdev = 38537.460
[INFO] [stdout]   CI (99.9%): [14558949.965, 14855738.035] (assumes normal distribution)
[INFO] [stdout] 
[INFO] [stdout] Secondary result "org.weakref.nitro.tpcds.BenchmarkQueries.query63:gc.count":
[INFO] [stdout]   9.000 ±(99.9%) 0.001 counts [Sum]
[INFO] [stdout]   (min, avg, max) = (1.000, 1.800, 4.000), stdev = 1.304
[INFO] [stdout]   CI (99.9%): [9.000, 9.000] (assumes normal distribution)
[INFO] [stdout] 
[INFO] [stdout] Secondary result "org.weakref.nitro.tpcds.BenchmarkQueries.query63:gc.time":
[INFO] [stdout]   7.000 ±(99.9%) 0.001 ms [Sum]
[INFO] [stdout]   (min, avg, max) = (≈ 0, 1.400, 3.000), stdev = 1.140
[INFO] [stdout]   CI (99.9%): [7.000, 7.000] (assumes normal distribution)
[INFO] [stdout] 
[INFO] [stdout] Secondary result "org.weakref.nitro.tpcds.BenchmarkQueries.query63:instructions":
[INFO] [stdout]   4327664161.461 #/op
[INFO] [stdout] 
[INFO] [stdout] 
[INFO] [stdout] # JMH version: 1.37
[INFO] [stdout] # VM version: JDK 26.0.1, OpenJDK 64-Bit Server VM, 26.0.1+8
[INFO] [stdout] # VM invoker: /opt/java/openjdk/bin/java
[INFO] [stdout] # VM options: --enable-preview --add-modules=jdk.incubator.vector -Dnitro.clickbench.hits.path= -Xmx12g -XX:+UseTransparentHugePages -Dnitro.tpcds.parquet.path=/root/data/tpcds-parquet-sf10 -Dnitro.tpcds.parquet.schema=sf10 -Dnitro.parquet.lazyFragmentedNumericSkipDecode=false
[INFO] [stdout] # Blackhole mode: compiler (auto-detected, use -Djmh.blackhole.autoDetect=false to disable)
[INFO] [stdout] # Warmup: 8 iterations, 1 s each
[INFO] [stdout] # Measurement: 5 iterations, 1 s each
[INFO] [stdout] # Timeout: 30 min per iteration
[INFO] [stdout] # Threads: 1 thread, will synchronize iterations
[INFO] [stdout] # Benchmark mode: Average time, time/op
[INFO] [stdout] # Benchmark: org.weakref.nitro.tpcds.BenchmarkQueries.query71
[INFO] [stdout] 
[INFO] [stdout] # Run progress: 75.00% complete, ETA 00:00:44
[INFO] [stdout] # Fork: 1 of 1
[INFO] [stdout] # Preparing profilers: LinuxPerfNormProfiler 
[INFO] [stdout] # Profilers consume stderr from target VM, use -v EXTRA to copy to console
[INFO] [stdout] # Warmup Iteration   1: 518.471 ms/op
[INFO] [stdout] # Warmup Iteration   2: 190.852 ms/op
[INFO] [stdout] # Warmup Iteration   3: 179.126 ms/op
[INFO] [stdout] # Warmup Iteration   4: 175.969 ms/op
[INFO] [stdout] # Warmup Iteration   5: 176.297 ms/op
[INFO] [stdout] # Warmup Iteration   6: 176.528 ms/op
[INFO] [stdout] # Warmup Iteration   7: 178.868 ms/op
[INFO] [stdout] # Warmup Iteration   8: 176.332 ms/op
[INFO] [stdout] Iteration   1: 175.410 ms/op
[INFO] [stdout]                  gc.alloc.rate:      134.436 MB/sec
[INFO] [stdout]                  gc.alloc.rate.norm: 24729806.667 B/op
[INFO] [stdout]                  gc.count:           ≈ 0 counts
[INFO] [stdout] 
[INFO] [stdout] Iteration   2: 176.248 ms/op
[INFO] [stdout]                  gc.alloc.rate:      133.766 MB/sec
[INFO] [stdout]                  gc.alloc.rate.norm: 24724540.000 B/op
[INFO] [stdout]                  gc.count:           1.000 counts
[INFO] [stdout]                  gc.time:            1.000 ms
[INFO] [stdout] 
[INFO] [stdout] Iteration   3: 173.767 ms/op
[INFO] [stdout]                  gc.alloc.rate:      135.677 MB/sec
[INFO] [stdout]                  gc.alloc.rate.norm: 24724530.667 B/op
[INFO] [stdout]                  gc.count:           ≈ 0 counts
[INFO] [stdout] 
[INFO] [stdout] Iteration   4: 176.771 ms/op
[INFO] [stdout]                  gc.alloc.rate:      133.373 MB/sec
[INFO] [stdout]                  gc.alloc.rate.norm: 24724554.667 B/op
[INFO] [stdout]                  gc.count:           1.000 counts
[INFO] [stdout]                  gc.time:            1.000 ms
[INFO] [stdout] 
[INFO] [stdout] Iteration   5: 175.108 ms/op
[INFO] [stdout]                  gc.alloc.rate:      134.644 MB/sec
[INFO] [stdout]                  gc.alloc.rate.norm: 24725817.333 B/op
[INFO] [stdout]                  gc.count:           1.000 counts
[INFO] [stdout]                  gc.time:            1.000 ms
[INFO] [stdout] 
[INFO] [stdout] # Processing profiler results: LinuxPerfNormProfiler 
[INFO] [stdout] 
[INFO] [stdout] 
[INFO] [stdout] Result "org.weakref.nitro.tpcds.BenchmarkQueries.query71":
[INFO] [stdout]   175.461 ±(99.9%) 4.447 ms/op [Average]
[INFO] [stdout]   (min, avg, max) = (173.767, 175.461, 176.771), stdev = 1.155
[INFO] [stdout]   CI (99.9%): [171.014, 179.907] (assumes normal distribution)
[INFO] [stdout] 
[INFO] [stdout] Secondary result "org.weakref.nitro.tpcds.BenchmarkQueries.query71:CPI":
[INFO] [stdout]   0.255 clks/insn
[INFO] [stdout] 
[INFO] [stdout] Secondary result "org.weakref.nitro.tpcds.BenchmarkQueries.query71:IPC":
[INFO] [stdout]   3.921 insns/clk
[INFO] [stdout] 
[INFO] [stdout] Secondary result "org.weakref.nitro.tpcds.BenchmarkQueries.query71:L1-dcache-load-misses":
[INFO] [stdout]   20636863.982 #/op
[INFO] [stdout] 
[INFO] [stdout] Secondary result "org.weakref.nitro.tpcds.BenchmarkQueries.query71:L1-dcache-loads":
[INFO] [stdout]   1605581283.146 #/op
[INFO] [stdout] 
[INFO] [stdout] Secondary result "org.weakref.nitro.tpcds.BenchmarkQueries.query71:branch-misses":
[INFO] [stdout]   6186056.227 #/op
[INFO] [stdout] 
[INFO] [stdout] Secondary result "org.weakref.nitro.tpcds.BenchmarkQueries.query71:branches":
[INFO] [stdout]   788024280.350 #/op
[INFO] [stdout] 
[INFO] [stdout] Secondary result "org.weakref.nitro.tpcds.BenchmarkQueries.query71:cycles":
[INFO] [stdout]   965155433.524 #/op
[INFO] [stdout] 
[INFO] [stdout] Secondary result "org.weakref.nitro.tpcds.BenchmarkQueries.query71:dTLB-load-misses":
[INFO] [stdout]   133957.489 #/op
[INFO] [stdout] 
[INFO] [stdout] Secondary result "org.weakref.nitro.tpcds.BenchmarkQueries.query71:dTLB-loads":
[INFO] [stdout]   718440.109 #/op
[INFO] [stdout] 
[INFO] [stdout] Secondary result "org.weakref.nitro.tpcds.BenchmarkQueries.query71:gc.alloc.rate":
[INFO] [stdout]   134.379 ±(99.9%) 3.416 MB/sec [Average]
[INFO] [stdout]   (min, avg, max) = (133.373, 134.379, 135.677), stdev = 0.887
[INFO] [stdout]   CI (99.9%): [130.963, 137.795] (assumes normal distribution)
[INFO] [stdout] 
[INFO] [stdout] Secondary result "org.weakref.nitro.tpcds.BenchmarkQueries.query71:gc.alloc.rate.norm":
[INFO] [stdout]   24725849.867 ±(99.9%) 8778.900 B/op [Average]
[INFO] [stdout]   (min, avg, max) = (24724530.667, 24725849.867, 24729806.667), stdev = 2279.852
[INFO] [stdout]   CI (99.9%): [24717070.967, 24734628.766] (assumes normal distribution)
[INFO] [stdout] 
[INFO] [stdout] Secondary result "org.weakref.nitro.tpcds.BenchmarkQueries.query71:gc.count":
[INFO] [stdout]   3.000 ±(99.9%) 0.001 counts [Sum]
[INFO] [stdout]   (min, avg, max) = (≈ 0, 0.600, 1.000), stdev = 0.548
[INFO] [stdout]   CI (99.9%): [3.000, 3.000] (assumes normal distribution)
[INFO] [stdout] 
[INFO] [stdout] Secondary result "org.weakref.nitro.tpcds.BenchmarkQueries.query71:gc.time":
[INFO] [stdout]   3.000 ±(99.9%) 0.001 ms [Sum]
[INFO] [stdout]   (min, avg, max) = (≈ 0, 0.600, 1.000), stdev = 0.548
[INFO] [stdout]   CI (99.9%): [3.000, 3.000] (assumes normal distribution)
[INFO] [stdout] 
[INFO] [stdout] Secondary result "org.weakref.nitro.tpcds.BenchmarkQueries.query71:instructions":
[INFO] [stdout]   3784082741.803 #/op
[INFO] [stdout] 
[INFO] [stdout] 
[INFO] [stdout] # JMH version: 1.37
[INFO] [stdout] # VM version: JDK 26.0.1, OpenJDK 64-Bit Server VM, 26.0.1+8
[INFO] [stdout] # VM invoker: /opt/java/openjdk/bin/java
[INFO] [stdout] # VM options: --enable-preview --add-modules=jdk.incubator.vector -Dnitro.clickbench.hits.path= -Xmx12g -XX:+UseTransparentHugePages -Dnitro.tpcds.parquet.path=/root/data/tpcds-parquet-sf10 -Dnitro.tpcds.parquet.schema=sf10 -Dnitro.parquet.lazyFragmentedNumericSkipDecode=false
[INFO] [stdout] # Blackhole mode: compiler (auto-detected, use -Djmh.blackhole.autoDetect=false to disable)
[INFO] [stdout] # Warmup: 8 iterations, 1 s each
[INFO] [stdout] # Measurement: 5 iterations, 1 s each
[INFO] [stdout] # Timeout: 30 min per iteration
[INFO] [stdout] # Threads: 1 thread, will synchronize iterations
[INFO] [stdout] # Benchmark mode: Average time, time/op
[INFO] [stdout] # Benchmark: org.weakref.nitro.tpcds.BenchmarkQueries.query76
[INFO] [stdout] 
[INFO] [stdout] # Run progress: 83.33% complete, ETA 00:00:29
[INFO] [stdout] # Fork: 1 of 1
[INFO] [stdout] # Preparing profilers: LinuxPerfNormProfiler 
[INFO] [stdout] # Profilers consume stderr from target VM, use -v EXTRA to copy to console
[INFO] [stdout] # Warmup Iteration   1: 682.050 ms/op
[INFO] [stdout] # Warmup Iteration   2: 411.486 ms/op
[INFO] [stdout] # Warmup Iteration   3: 410.037 ms/op
[INFO] [stdout] # Warmup Iteration   4: 407.767 ms/op
[INFO] [stdout] # Warmup Iteration   5: 405.852 ms/op
[INFO] [stdout] # Warmup Iteration   6: 401.923 ms/op
[INFO] [stdout] # Warmup Iteration   7: 406.369 ms/op
[INFO] [stdout] # Warmup Iteration   8: 405.201 ms/op
[INFO] [stdout] Iteration   1: 404.573 ms/op
[INFO] [stdout]                  gc.alloc.rate:      213.297 MB/sec
[INFO] [stdout]                  gc.alloc.rate.norm: 90497584.000 B/op
[INFO] [stdout]                  gc.count:           10.000 counts
[INFO] [stdout]                  gc.time:            7.000 ms
[INFO] [stdout] 
[INFO] [stdout] Iteration   2: 401.211 ms/op
[INFO] [stdout]                  gc.alloc.rate:      215.089 MB/sec
[INFO] [stdout]                  gc.alloc.rate.norm: 90500064.000 B/op
[INFO] [stdout]                  gc.count:           10.000 counts
[INFO] [stdout]                  gc.time:            8.000 ms
[INFO] [stdout] 
[INFO] [stdout] Iteration   3: 401.364 ms/op
[INFO] [stdout]                  gc.alloc.rate:      214.967 MB/sec
[INFO] [stdout]                  gc.alloc.rate.norm: 90482560.000 B/op
[INFO] [stdout]                  gc.count:           13.000 counts
[INFO] [stdout]                  gc.time:            9.000 ms
[INFO] [stdout] 
[INFO] [stdout] Iteration   4: 402.656 ms/op
[INFO] [stdout]                  gc.alloc.rate:      214.271 MB/sec
[INFO] [stdout]                  gc.alloc.rate.norm: 90479760.000 B/op
[INFO] [stdout]                  gc.count:           11.000 counts
[INFO] [stdout]                  gc.time:            8.000 ms
[INFO] [stdout] 
[INFO] [stdout] Iteration   5: 403.441 ms/op
[INFO] [stdout]                  gc.alloc.rate:      213.856 MB/sec
[INFO] [stdout]                  gc.alloc.rate.norm: 90481704.000 B/op
[INFO] [stdout]                  gc.count:           20.000 counts
[INFO] [stdout]                  gc.time:            12.000 ms
[INFO] [stdout] 
[INFO] [stdout] # Processing profiler results: LinuxPerfNormProfiler 
[INFO] [stdout] 
[INFO] [stdout] 
[INFO] [stdout] Result "org.weakref.nitro.tpcds.BenchmarkQueries.query76":
[INFO] [stdout]   402.649 ±(99.9%) 5.463 ms/op [Average]
[INFO] [stdout]   (min, avg, max) = (401.211, 402.649, 404.573), stdev = 1.419
[INFO] [stdout]   CI (99.9%): [397.186, 408.112] (assumes normal distribution)
[INFO] [stdout] 
[INFO] [stdout] Secondary result "org.weakref.nitro.tpcds.BenchmarkQueries.query76:CPI":
[INFO] [stdout]   0.273 clks/insn
[INFO] [stdout] 
[INFO] [stdout] Secondary result "org.weakref.nitro.tpcds.BenchmarkQueries.query76:IPC":
[INFO] [stdout]   3.661 insns/clk
[INFO] [stdout] 
[INFO] [stdout] Secondary result "org.weakref.nitro.tpcds.BenchmarkQueries.query76:L1-dcache-load-misses":
[INFO] [stdout]   170729703.634 #/op
[INFO] [stdout] 
[INFO] [stdout] Secondary result "org.weakref.nitro.tpcds.BenchmarkQueries.query76:L1-dcache-loads":
[INFO] [stdout]   3688934814.053 #/op
[INFO] [stdout] 
[INFO] [stdout] Secondary result "org.weakref.nitro.tpcds.BenchmarkQueries.query76:branch-misses":
[INFO] [stdout]   13593977.440 #/op
[INFO] [stdout] 
[INFO] [stdout] Secondary result "org.weakref.nitro.tpcds.BenchmarkQueries.query76:branches":
[INFO] [stdout]   1541114118.336 #/op
[INFO] [stdout] 
[INFO] [stdout] Secondary result "org.weakref.nitro.tpcds.BenchmarkQueries.query76:cycles":
[INFO] [stdout]   2214505974.281 #/op
[INFO] [stdout] 
[INFO] [stdout] Secondary result "org.weakref.nitro.tpcds.BenchmarkQueries.query76:dTLB-load-misses":
[INFO] [stdout]   169505.282 #/op
[INFO] [stdout] 
[INFO] [stdout] Secondary result "org.weakref.nitro.tpcds.BenchmarkQueries.query76:dTLB-loads":
[INFO] [stdout]   1815121.135 #/op
[INFO] [stdout] 
[INFO] [stdout] Secondary result "org.weakref.nitro.tpcds.BenchmarkQueries.query76:gc.alloc.rate":
[INFO] [stdout]   214.296 ±(99.9%) 2.903 MB/sec [Average]
[INFO] [stdout]   (min, avg, max) = (213.297, 214.296, 215.089), stdev = 0.754
[INFO] [stdout]   CI (99.9%): [211.393, 217.199] (assumes normal distribution)
[INFO] [stdout] 
[INFO] [stdout] Secondary result "org.weakref.nitro.tpcds.BenchmarkQueries.query76:gc.alloc.rate.norm":
[INFO] [stdout]   90488334.400 ±(99.9%) 37232.205 B/op [Average]
[INFO] [stdout]   (min, avg, max) = (90479760.000, 90488334.400, 90500064.000), stdev = 9669.085
[INFO] [stdout]   CI (99.9%): [90451102.195, 90525566.605] (assumes normal distribution)
[INFO] [stdout] 
[INFO] [stdout] Secondary result "org.weakref.nitro.tpcds.BenchmarkQueries.query76:gc.count":
[INFO] [stdout]   64.000 ±(99.9%) 0.001 counts [Sum]
[INFO] [stdout]   (min, avg, max) = (10.000, 12.800, 20.000), stdev = 4.207
[INFO] [stdout]   CI (99.9%): [64.000, 64.000] (assumes normal distribution)
[INFO] [stdout] 
[INFO] [stdout] Secondary result "org.weakref.nitro.tpcds.BenchmarkQueries.query76:gc.time":
[INFO] [stdout]   44.000 ±(99.9%) 0.001 ms [Sum]
[INFO] [stdout]   (min, avg, max) = (7.000, 8.800, 12.000), stdev = 1.924
[INFO] [stdout]   CI (99.9%): [44.000, 44.000] (assumes normal distribution)
[INFO] [stdout] 
[INFO] [stdout] Secondary result "org.weakref.nitro.tpcds.BenchmarkQueries.query76:instructions":
[INFO] [stdout]   8107269058.850 #/op
[INFO] [stdout] 
[INFO] [stdout] 
[INFO] [stdout] # JMH version: 1.37
[INFO] [stdout] # VM version: JDK 26.0.1, OpenJDK 64-Bit Server VM, 26.0.1+8
[INFO] [stdout] # VM invoker: /opt/java/openjdk/bin/java
[INFO] [stdout] # VM options: --enable-preview --add-modules=jdk.incubator.vector -Dnitro.clickbench.hits.path= -Xmx12g -XX:+UseTransparentHugePages -Dnitro.tpcds.parquet.path=/root/data/tpcds-parquet-sf10 -Dnitro.tpcds.parquet.schema=sf10 -Dnitro.parquet.lazyFragmentedNumericSkipDecode=false
[INFO] [stdout] # Blackhole mode: compiler (auto-detected, use -Djmh.blackhole.autoDetect=false to disable)
[INFO] [stdout] # Warmup: 8 iterations, 1 s each
[INFO] [stdout] # Measurement: 5 iterations, 1 s each
[INFO] [stdout] # Timeout: 30 min per iteration
[INFO] [stdout] # Threads: 1 thread, will synchronize iterations
[INFO] [stdout] # Benchmark mode: Average time, time/op
[INFO] [stdout] # Benchmark: org.weakref.nitro.tpcds.BenchmarkQueries.query83
[INFO] [stdout] 
[INFO] [stdout] # Run progress: 91.67% complete, ETA 00:00:14
[INFO] [stdout] # Fork: 1 of 1
[INFO] [stdout] # Preparing profilers: LinuxPerfNormProfiler 
[INFO] [stdout] # Profilers consume stderr from target VM, use -v EXTRA to copy to console
[INFO] [stdout] # Warmup Iteration   1: 86.116 ms/op
[INFO] [stdout] # Warmup Iteration   2: 39.520 ms/op
[INFO] [stdout] # Warmup Iteration   3: 37.839 ms/op
[INFO] [stdout] # Warmup Iteration   4: 36.890 ms/op
[INFO] [stdout] # Warmup Iteration   5: 36.637 ms/op
[INFO] [stdout] # Warmup Iteration   6: 36.170 ms/op
[INFO] [stdout] # Warmup Iteration   7: 36.738 ms/op
[INFO] [stdout] # Warmup Iteration   8: 36.153 ms/op
[INFO] [stdout] Iteration   1: 35.947 ms/op
[INFO] [stdout]                  gc.alloc.rate:      1036.864 MB/sec
[INFO] [stdout]                  gc.alloc.rate.norm: 39089425.429 B/op
[INFO] [stdout]                  gc.count:           1.000 counts
[INFO] [stdout]                  gc.time:            2.000 ms
[INFO] [stdout] 
[INFO] [stdout] Iteration   2: 35.932 ms/op
[INFO] [stdout]                  gc.alloc.rate:      1037.256 MB/sec
[INFO] [stdout]                  gc.alloc.rate.norm: 39088856.857 B/op
[INFO] [stdout]                  gc.count:           1.000 counts
[INFO] [stdout]                  gc.time:            3.000 ms
[INFO] [stdout] 
[INFO] [stdout] Iteration   3: 35.891 ms/op
[INFO] [stdout]                  gc.alloc.rate:      1038.476 MB/sec
[INFO] [stdout]                  gc.alloc.rate.norm: 39090166.571 B/op
[INFO] [stdout]                  gc.count:           2.000 counts
[INFO] [stdout]                  gc.time:            4.000 ms
[INFO] [stdout] 
[INFO] [stdout] Iteration   4: 35.835 ms/op
[INFO] [stdout]                  gc.alloc.rate:      1040.090 MB/sec
[INFO] [stdout]                  gc.alloc.rate.norm: 39088075.143 B/op
[INFO] [stdout]                  gc.count:           1.000 counts
[INFO] [stdout]                  gc.time:            2.000 ms
[INFO] [stdout] 
[INFO] [stdout] Iteration   5: 35.719 ms/op
[INFO] [stdout]                  gc.alloc.rate:      1043.439 MB/sec
[INFO] [stdout]                  gc.alloc.rate.norm: 39087355.143 B/op
[INFO] [stdout]                  gc.count:           1.000 counts
[INFO] [stdout]                  gc.time:            1.000 ms
[INFO] [stdout] 
[INFO] [stdout] # Processing profiler results: LinuxPerfNormProfiler 
[INFO] [stdout] 
[INFO] [stdout] 
[INFO] [stdout] Result "org.weakref.nitro.tpcds.BenchmarkQueries.query83":
[INFO] [stdout]   35.865 ±(99.9%) 0.356 ms/op [Average]
[INFO] [stdout]   (min, avg, max) = (35.719, 35.865, 35.947), stdev = 0.093
[INFO] [stdout]   CI (99.9%): [35.509, 36.221] (assumes normal distribution)
[INFO] [stdout] 
[INFO] [stdout] Secondary result "org.weakref.nitro.tpcds.BenchmarkQueries.query83:CPI":
[INFO] [stdout]   0.266 clks/insn
[INFO] [stdout] 
[INFO] [stdout] Secondary result "org.weakref.nitro.tpcds.BenchmarkQueries.query83:IPC":
[INFO] [stdout]   3.761 insns/clk
[INFO] [stdout] 
[INFO] [stdout] Secondary result "org.weakref.nitro.tpcds.BenchmarkQueries.query83:L1-dcache-load-misses":
[INFO] [stdout]   5441990.042 #/op
[INFO] [stdout] 
[INFO] [stdout] Secondary result "org.weakref.nitro.tpcds.BenchmarkQueries.query83:L1-dcache-loads":
[INFO] [stdout]   333243334.323 #/op
[INFO] [stdout] 
[INFO] [stdout] Secondary result "org.weakref.nitro.tpcds.BenchmarkQueries.query83:branch-misses":
[INFO] [stdout]   993052.346 #/op
[INFO] [stdout] 
[INFO] [stdout] Secondary result "org.weakref.nitro.tpcds.BenchmarkQueries.query83:branches":
[INFO] [stdout]   151115594.346 #/op
[INFO] [stdout] 
[INFO] [stdout] Secondary result "org.weakref.nitro.tpcds.BenchmarkQueries.query83:cycles":
[INFO] [stdout]   200652636.208 #/op
[INFO] [stdout] 
[INFO] [stdout] Secondary result "org.weakref.nitro.tpcds.BenchmarkQueries.query83:dTLB-load-misses":
[INFO] [stdout]   17956.778 #/op
[INFO] [stdout] 
[INFO] [stdout] Secondary result "org.weakref.nitro.tpcds.BenchmarkQueries.query83:dTLB-loads":
[INFO] [stdout]   126521.858 #/op
[INFO] [stdout] 
[INFO] [stdout] Secondary result "org.weakref.nitro.tpcds.BenchmarkQueries.query83:gc.alloc.rate":
[INFO] [stdout]   1039.225 ±(99.9%) 10.281 MB/sec [Average]
[INFO] [stdout]   (min, avg, max) = (1036.864, 1039.225, 1043.439), stdev = 2.670
[INFO] [stdout]   CI (99.9%): [1028.944, 1049.506] (assumes normal distribution)
[INFO] [stdout] 
[INFO] [stdout] Secondary result "org.weakref.nitro.tpcds.BenchmarkQueries.query83:gc.alloc.rate.norm":
[INFO] [stdout]   39088775.829 ±(99.9%) 4249.696 B/op [Average]
[INFO] [stdout]   (min, avg, max) = (39087355.143, 39088775.829, 39090166.571), stdev = 1103.633
[INFO] [stdout]   CI (99.9%): [39084526.132, 39093025.525] (assumes normal distribution)
[INFO] [stdout] 
[INFO] [stdout] Secondary result "org.weakref.nitro.tpcds.BenchmarkQueries.query83:gc.count":
[INFO] [stdout]   6.000 ±(99.9%) 0.001 counts [Sum]
[INFO] [stdout]   (min, avg, max) = (1.000, 1.200, 2.000), stdev = 0.447
[INFO] [stdout]   CI (99.9%): [6.000, 6.000] (assumes normal distribution)
[INFO] [stdout] 
[INFO] [stdout] Secondary result "org.weakref.nitro.tpcds.BenchmarkQueries.query83:gc.time":
[INFO] [stdout]   12.000 ±(99.9%) 0.001 ms [Sum]
[INFO] [stdout]   (min, avg, max) = (1.000, 2.400, 4.000), stdev = 1.140
[INFO] [stdout]   CI (99.9%): [12.000, 12.000] (assumes normal distribution)
[INFO] [stdout] 
[INFO] [stdout] Secondary result "org.weakref.nitro.tpcds.BenchmarkQueries.query83:instructions":
[INFO] [stdout]   754720862.016 #/op
[INFO] [stdout] 
[INFO] [stdout] 
[INFO] [stdout] # Run complete. Total time: 00:02:58
[INFO] [stdout] 
[INFO] [stdout] REMEMBER: The numbers below are just data. To gain reusable insights, you need to follow up on
[INFO] [stdout] why the numbers are the way they are. Use profilers (see -prof, -lprof), design factorial
[INFO] [stdout] experiments, perform baseline and negative tests that provide experimental control, make sure
[INFO] [stdout] the benchmarking environment is safe on JVM/OS/HW level, ask for reviews from the domain experts.
[INFO] [stdout] Do not assume the numbers tell you what you want them to tell.
[INFO] [stdout] 
[INFO] [stdout] NOTE: Current JVM experimentally supports Compiler Blackholes, and they are in use. Please exercise
[INFO] [stdout] extra caution when trusting the results, look into the generated code to check the benchmark still
[INFO] [stdout] works, and factor in a small probability of new VM bugs. Additionally, while comparisons between
[INFO] [stdout] different JVMs are already problematic, the performance difference caused by different Blackhole
[INFO] [stdout] modes can be very significant. Please make sure you use the consistent Blackhole mode for comparisons.
[INFO] [stdout] 
[INFO] [stdout] Benchmark                                       Mode  Cnt            Score        Error      Units
[INFO] [stdout] BenchmarkQueries.query03                        avgt    5           69.741 ±      0.309      ms/op
[INFO] [stdout] BenchmarkQueries.query03:CPI                    avgt                 0.246               clks/insn
[INFO] [stdout] BenchmarkQueries.query03:IPC                    avgt                 4.063               insns/clk
[INFO] [stdout] BenchmarkQueries.query03:L1-dcache-load-misses  avgt          14136409.304                    #/op
[INFO] [stdout] BenchmarkQueries.query03:L1-dcache-loads        avgt         638144604.694                    #/op
[INFO] [stdout] BenchmarkQueries.query03:branch-misses          avgt           1306404.084                    #/op
[INFO] [stdout] BenchmarkQueries.query03:branches               avgt         300480038.411                    #/op
[INFO] [stdout] BenchmarkQueries.query03:cycles                 avgt         377744463.645                    #/op
[INFO] [stdout] BenchmarkQueries.query03:dTLB-load-misses       avgt             73497.447                    #/op
[INFO] [stdout] BenchmarkQueries.query03:dTLB-loads             avgt            283415.131                    #/op
[INFO] [stdout] BenchmarkQueries.query03:gc.alloc.rate          avgt    5          143.128 ±      0.550     MB/sec
[INFO] [stdout] BenchmarkQueries.query03:gc.alloc.rate.norm     avgt    5     10468176.533 ±   8472.713       B/op
[INFO] [stdout] BenchmarkQueries.query03:gc.count               avgt    5            1.000                  counts
[INFO] [stdout] BenchmarkQueries.query03:gc.time                avgt    5            1.000                      ms
[INFO] [stdout] BenchmarkQueries.query03:instructions           avgt        1534898093.272                    #/op
[INFO] [stdout] BenchmarkQueries.query19                        avgt    5          188.210 ±      3.816      ms/op
[INFO] [stdout] BenchmarkQueries.query19:CPI                    avgt                 0.262               clks/insn
[INFO] [stdout] BenchmarkQueries.query19:IPC                    avgt                 3.815               insns/clk
[INFO] [stdout] BenchmarkQueries.query19:L1-dcache-load-misses  avgt          17394445.183                    #/op
[INFO] [stdout] BenchmarkQueries.query19:L1-dcache-loads        avgt        1715506761.472                    #/op
[INFO] [stdout] BenchmarkQueries.query19:branch-misses          avgt           6694031.414                    #/op
[INFO] [stdout] BenchmarkQueries.query19:branches               avgt         840195727.442                    #/op
[INFO] [stdout] BenchmarkQueries.query19:cycles                 avgt        1078262677.213                    #/op
[INFO] [stdout] BenchmarkQueries.query19:dTLB-load-misses       avgt            107298.369                    #/op
[INFO] [stdout] BenchmarkQueries.query19:dTLB-loads             avgt            784064.936                    #/op
[INFO] [stdout] BenchmarkQueries.query19:gc.alloc.rate          avgt    5          166.763 ±      3.044     MB/sec
[INFO] [stdout] BenchmarkQueries.query19:gc.alloc.rate.norm     avgt    5     32917131.733 ± 209877.667       B/op
[INFO] [stdout] BenchmarkQueries.query19:gc.count               avgt    5            9.000                  counts
[INFO] [stdout] BenchmarkQueries.query19:gc.time                avgt    5           13.000                      ms
[INFO] [stdout] BenchmarkQueries.query19:instructions           avgt        4113589173.133                    #/op
[INFO] [stdout] BenchmarkQueries.query24                        avgt    5          760.114 ±     14.447      ms/op
[INFO] [stdout] BenchmarkQueries.query24:CPI                    avgt                 0.288               clks/insn
[INFO] [stdout] BenchmarkQueries.query24:IPC                    avgt                 3.476               insns/clk
[INFO] [stdout] BenchmarkQueries.query24:L1-dcache-load-misses  avgt         107145031.936                    #/op
[INFO] [stdout] BenchmarkQueries.query24:L1-dcache-loads        avgt        6212536142.183                    #/op
[INFO] [stdout] BenchmarkQueries.query24:branch-misses          avgt          21284467.594                    #/op
[INFO] [stdout] BenchmarkQueries.query24:branches               avgt        2781140583.679                    #/op
[INFO] [stdout] BenchmarkQueries.query24:cycles                 avgt        4156471936.096                    #/op
[INFO] [stdout] BenchmarkQueries.query24:dTLB-load-misses       avgt            233609.521                    #/op
[INFO] [stdout] BenchmarkQueries.query24:dTLB-loads             avgt           1810513.577                    #/op
[INFO] [stdout] BenchmarkQueries.query24:gc.alloc.rate          avgt    5          183.654 ±      3.377     MB/sec
[INFO] [stdout] BenchmarkQueries.query24:gc.alloc.rate.norm     avgt    5    146388635.200 ± 203010.854       B/op
[INFO] [stdout] BenchmarkQueries.query24:gc.count               avgt    5            5.000                  counts
[INFO] [stdout] BenchmarkQueries.query24:gc.time                avgt    5           14.000                      ms
[INFO] [stdout] BenchmarkQueries.query24:instructions           avgt       14447575767.977                    #/op
[INFO] [stdout] BenchmarkQueries.query42                        avgt    5           99.401 ±      0.998      ms/op
[INFO] [stdout] BenchmarkQueries.query42:CPI                    avgt                 0.250               clks/insn
[INFO] [stdout] BenchmarkQueries.query42:IPC                    avgt                 3.996               insns/clk
[INFO] [stdout] BenchmarkQueries.query42:L1-dcache-load-misses  avgt           8984956.936                    #/op
[INFO] [stdout] BenchmarkQueries.query42:L1-dcache-loads        avgt         987666535.810                    #/op
[INFO] [stdout] BenchmarkQueries.query42:branch-misses          avgt           4420358.805                    #/op
[INFO] [stdout] BenchmarkQueries.query42:branches               avgt         463395673.397                    #/op
[INFO] [stdout] BenchmarkQueries.query42:cycles                 avgt         546177840.591                    #/op
[INFO] [stdout] BenchmarkQueries.query42:dTLB-load-misses       avgt             76222.684                    #/op
[INFO] [stdout] BenchmarkQueries.query42:dTLB-loads             avgt            395597.928                    #/op
[INFO] [stdout] BenchmarkQueries.query42:gc.alloc.rate          avgt    5           87.808 ±      0.787     MB/sec
[INFO] [stdout] BenchmarkQueries.query42:gc.alloc.rate.norm     avgt    5      9153408.436 ±  10945.838       B/op
[INFO] [stdout] BenchmarkQueries.query42:gc.count               avgt    5            1.000                  counts
[INFO] [stdout] BenchmarkQueries.query42:gc.time                avgt    5            1.000                      ms
[INFO] [stdout] BenchmarkQueries.query42:instructions           avgt        2182372191.843                    #/op
[INFO] [stdout] BenchmarkQueries.query49                        avgt    5          260.271 ±      1.102      ms/op
[INFO] [stdout] BenchmarkQueries.query49:CPI                    avgt                 0.275               clks/insn
[INFO] [stdout] BenchmarkQueries.query49:IPC                    avgt                 3.637               insns/clk
[INFO] [stdout] BenchmarkQueries.query49:L1-dcache-load-misses  avgt          47741183.883                    #/op
[INFO] [stdout] BenchmarkQueries.query49:L1-dcache-loads        avgt        2223681361.475                    #/op
[INFO] [stdout] BenchmarkQueries.query49:branch-misses          avgt           6679442.745                    #/op
[INFO] [stdout] BenchmarkQueries.query49:branches               avgt        1098650206.856                    #/op
[INFO] [stdout] BenchmarkQueries.query49:cycles                 avgt        1505659425.105                    #/op
[INFO] [stdout] BenchmarkQueries.query49:dTLB-load-misses       avgt            179206.856                    #/op
[INFO] [stdout] BenchmarkQueries.query49:dTLB-loads             avgt           1541153.744                    #/op
[INFO] [stdout] BenchmarkQueries.query49:gc.alloc.rate          avgt    5          113.153 ±      0.635     MB/sec
[INFO] [stdout] BenchmarkQueries.query49:gc.alloc.rate.norm     avgt    5     30884852.400 ± 100266.581       B/op
[INFO] [stdout] BenchmarkQueries.query49:gc.count               avgt    5            3.000                  counts
[INFO] [stdout] BenchmarkQueries.query49:gc.time                avgt    5            2.000                      ms
[INFO] [stdout] BenchmarkQueries.query49:instructions           avgt        5475480032.823                    #/op
[INFO] [stdout] BenchmarkQueries.query52                        avgt    5           97.900 ±      1.660      ms/op
[INFO] [stdout] BenchmarkQueries.query52:CPI                    avgt                 0.246               clks/insn
[INFO] [stdout] BenchmarkQueries.query52:IPC                    avgt                 4.059               insns/clk
[INFO] [stdout] BenchmarkQueries.query52:L1-dcache-load-misses  avgt           9290484.549                    #/op
[INFO] [stdout] BenchmarkQueries.query52:L1-dcache-loads        avgt         980312299.417                    #/op
[INFO] [stdout] BenchmarkQueries.query52:branch-misses          avgt           4372894.388                    #/op
[INFO] [stdout] BenchmarkQueries.query52:branches               avgt         466714033.893                    #/op
[INFO] [stdout] BenchmarkQueries.query52:cycles                 avgt         541880388.848                    #/op
[INFO] [stdout] BenchmarkQueries.query52:dTLB-load-misses       avgt             75941.246                    #/op
[INFO] [stdout] BenchmarkQueries.query52:dTLB-loads             avgt            404595.628                    #/op
[INFO] [stdout] BenchmarkQueries.query52:gc.alloc.rate          avgt    5          106.924 ±      1.558     MB/sec
[INFO] [stdout] BenchmarkQueries.query52:gc.alloc.rate.norm     avgt    5     10977638.691 ±  35608.886       B/op
[INFO] [stdout] BenchmarkQueries.query52:gc.count               avgt    5            1.000                  counts
[INFO] [stdout] BenchmarkQueries.query52:gc.time                avgt    5            1.000                      ms
[INFO] [stdout] BenchmarkQueries.query52:instructions           avgt        2199329556.591                    #/op
[INFO] [stdout] BenchmarkQueries.query53                        avgt    5          211.429 ±      2.517      ms/op
[INFO] [stdout] BenchmarkQueries.query53:CPI                    avgt                 0.319               clks/insn
[INFO] [stdout] BenchmarkQueries.query53:IPC                    avgt                 3.131               insns/clk
[INFO] [stdout] BenchmarkQueries.query53:L1-dcache-load-misses  avgt          27494460.524                    #/op
[INFO] [stdout] BenchmarkQueries.query53:L1-dcache-loads        avgt        1664327494.652                    #/op
[INFO] [stdout] BenchmarkQueries.query53:branch-misses          avgt          12643716.033                    #/op
[INFO] [stdout] BenchmarkQueries.query53:branches               avgt         801999941.264                    #/op
[INFO] [stdout] BenchmarkQueries.query53:cycles                 avgt        1256191006.307                    #/op
[INFO] [stdout] BenchmarkQueries.query53:dTLB-load-misses       avgt             90122.128                    #/op
[INFO] [stdout] BenchmarkQueries.query53:dTLB-loads             avgt           1411912.581                    #/op
[INFO] [stdout] BenchmarkQueries.query53:gc.alloc.rate          avgt    5           67.799 ±      0.546     MB/sec
[INFO] [stdout] BenchmarkQueries.query53:gc.alloc.rate.norm     avgt    5     15032619.840 ±  89860.653       B/op
[INFO] [stdout] BenchmarkQueries.query53:gc.count               avgt    5           15.000                  counts
[INFO] [stdout] BenchmarkQueries.query53:gc.time                avgt    5           10.000                      ms
[INFO] [stdout] BenchmarkQueries.query53:instructions           avgt        3933517228.074                    #/op
[INFO] [stdout] BenchmarkQueries.query55                        avgt    5           98.367 ±      1.505      ms/op
[INFO] [stdout] BenchmarkQueries.query55:CPI                    avgt                 0.257               clks/insn
[INFO] [stdout] BenchmarkQueries.query55:IPC                    avgt                 3.896               insns/clk
[INFO] [stdout] BenchmarkQueries.query55:L1-dcache-load-misses  avgt          11268579.700                    #/op
[INFO] [stdout] BenchmarkQueries.query55:L1-dcache-loads        avgt        1034705608.897                    #/op
[INFO] [stdout] BenchmarkQueries.query55:branch-misses          avgt           4772214.274                    #/op
[INFO] [stdout] BenchmarkQueries.query55:branches               avgt         488044421.106                    #/op
[INFO] [stdout] BenchmarkQueries.query55:cycles                 avgt         588709076.411                    #/op
[INFO] [stdout] BenchmarkQueries.query55:dTLB-load-misses       avgt             80881.558                    #/op
[INFO] [stdout] BenchmarkQueries.query55:dTLB-loads             avgt            827705.819                    #/op
[INFO] [stdout] BenchmarkQueries.query55:gc.alloc.rate          avgt    5          100.674 ±      1.508     MB/sec
[INFO] [stdout] BenchmarkQueries.query55:gc.alloc.rate.norm     avgt    5     10385351.273 ±   8738.031       B/op
[INFO] [stdout] BenchmarkQueries.query55:gc.count               avgt    5            1.000                  counts
[INFO] [stdout] BenchmarkQueries.query55:gc.time                avgt    5            1.000                      ms
[INFO] [stdout] BenchmarkQueries.query55:instructions           avgt        2293857996.921                    #/op
[INFO] [stdout] BenchmarkQueries.query63                        avgt    5          213.526 ±      1.044      ms/op
[INFO] [stdout] BenchmarkQueries.query63:CPI                    avgt                 0.308               clks/insn
[INFO] [stdout] BenchmarkQueries.query63:IPC                    avgt                 3.247               insns/clk
[INFO] [stdout] BenchmarkQueries.query63:L1-dcache-load-misses  avgt          30475337.841                    #/op
[INFO] [stdout] BenchmarkQueries.query63:L1-dcache-loads        avgt        1851820300.181                    #/op
[INFO] [stdout] BenchmarkQueries.query63:branch-misses          avgt          12677086.142                    #/op
[INFO] [stdout] BenchmarkQueries.query63:branches               avgt         903510812.728                    #/op
[INFO] [stdout] BenchmarkQueries.query63:cycles                 avgt        1332628954.317                    #/op
[INFO] [stdout] BenchmarkQueries.query63:dTLB-load-misses       avgt             96064.319                    #/op
[INFO] [stdout] BenchmarkQueries.query63:dTLB-loads             avgt           1181051.551                    #/op
[INFO] [stdout] BenchmarkQueries.query63:gc.alloc.rate          avgt    5           65.680 ±      0.808     MB/sec
[INFO] [stdout] BenchmarkQueries.query63:gc.alloc.rate.norm     avgt    5     14707344.000 ± 148394.035       B/op
[INFO] [stdout] BenchmarkQueries.query63:gc.count               avgt    5            9.000                  counts
[INFO] [stdout] BenchmarkQueries.query63:gc.time                avgt    5            7.000                      ms
[INFO] [stdout] BenchmarkQueries.query63:instructions           avgt        4327664161.461                    #/op
[INFO] [stdout] BenchmarkQueries.query71                        avgt    5          175.461 ±      4.447      ms/op
[INFO] [stdout] BenchmarkQueries.query71:CPI                    avgt                 0.255               clks/insn
[INFO] [stdout] BenchmarkQueries.query71:IPC                    avgt                 3.921               insns/clk
[INFO] [stdout] BenchmarkQueries.query71:L1-dcache-load-misses  avgt          20636863.982                    #/op
[INFO] [stdout] BenchmarkQueries.query71:L1-dcache-loads        avgt        1605581283.146                    #/op
[INFO] [stdout] BenchmarkQueries.query71:branch-misses          avgt           6186056.227                    #/op
[INFO] [stdout] BenchmarkQueries.query71:branches               avgt         788024280.350                    #/op
[INFO] [stdout] BenchmarkQueries.query71:cycles                 avgt         965155433.524                    #/op
[INFO] [stdout] BenchmarkQueries.query71:dTLB-load-misses       avgt            133957.489                    #/op
[INFO] [stdout] BenchmarkQueries.query71:dTLB-loads             avgt            718440.109                    #/op
[INFO] [stdout] BenchmarkQueries.query71:gc.alloc.rate          avgt    5          134.379 ±      3.416     MB/sec
[INFO] [stdout] BenchmarkQueries.query71:gc.alloc.rate.norm     avgt    5     24725849.867 ±   8778.900       B/op
[INFO] [stdout] BenchmarkQueries.query71:gc.count               avgt    5            3.000                  counts
[INFO] [stdout] BenchmarkQueries.query71:gc.time                avgt    5            3.000                      ms
[INFO] [stdout] BenchmarkQueries.query71:instructions           avgt        3784082741.803                    #/op
[INFO] [stdout] BenchmarkQueries.query76                        avgt    5          402.649 ±      5.463      ms/op
[INFO] [stdout] BenchmarkQueries.query76:CPI                    avgt                 0.273               clks/insn
[INFO] [stdout] BenchmarkQueries.query76:IPC                    avgt                 3.661               insns/clk
[INFO] [stdout] BenchmarkQueries.query76:L1-dcache-load-misses  avgt         170729703.634                    #/op
[INFO] [stdout] BenchmarkQueries.query76:L1-dcache-loads        avgt        3688934814.053                    #/op
[INFO] [stdout] BenchmarkQueries.query76:branch-misses          avgt          13593977.440                    #/op
[INFO] [stdout] BenchmarkQueries.query76:branches               avgt        1541114118.336                    #/op
[INFO] [stdout] BenchmarkQueries.query76:cycles                 avgt        2214505974.281                    #/op
[INFO] [stdout] BenchmarkQueries.query76:dTLB-load-misses       avgt            169505.282                    #/op
[INFO] [stdout] BenchmarkQueries.query76:dTLB-loads             avgt           1815121.135                    #/op
[INFO] [stdout] BenchmarkQueries.query76:gc.alloc.rate          avgt    5          214.296 ±      2.903     MB/sec
[INFO] [stdout] BenchmarkQueries.query76:gc.alloc.rate.norm     avgt    5     90488334.400 ±  37232.205       B/op
[INFO] [stdout] BenchmarkQueries.query76:gc.count               avgt    5           64.000                  counts
[INFO] [stdout] BenchmarkQueries.query76:gc.time                avgt    5           44.000                      ms
[INFO] [stdout] BenchmarkQueries.query76:instructions           avgt        8107269058.850                    #/op
[INFO] [stdout] BenchmarkQueries.query83                        avgt    5           35.865 ±      0.356      ms/op
[INFO] [stdout] BenchmarkQueries.query83:CPI                    avgt                 0.266               clks/insn
[INFO] [stdout] BenchmarkQueries.query83:IPC                    avgt                 3.761               insns/clk
[INFO] [stdout] BenchmarkQueries.query83:L1-dcache-load-misses  avgt           5441990.042                    #/op
[INFO] [stdout] BenchmarkQueries.query83:L1-dcache-loads        avgt         333243334.323                    #/op
[INFO] [stdout] BenchmarkQueries.query83:branch-misses          avgt            993052.346                    #/op
[INFO] [stdout] BenchmarkQueries.query83:branches               avgt         151115594.346                    #/op
[INFO] [stdout] BenchmarkQueries.query83:cycles                 avgt         200652636.208                    #/op
[INFO] [stdout] BenchmarkQueries.query83:dTLB-load-misses       avgt             17956.778                    #/op
[INFO] [stdout] BenchmarkQueries.query83:dTLB-loads             avgt            126521.858                    #/op
[INFO] [stdout] BenchmarkQueries.query83:gc.alloc.rate          avgt    5         1039.225 ±     10.281     MB/sec
[INFO] [stdout] BenchmarkQueries.query83:gc.alloc.rate.norm     avgt    5     39088775.829 ±   4249.696       B/op
[INFO] [stdout] BenchmarkQueries.query83:gc.count               avgt    5            6.000                  counts
[INFO] [stdout] BenchmarkQueries.query83:gc.time                avgt    5           12.000                      ms
[INFO] [stdout] BenchmarkQueries.query83:instructions           avgt         754720862.016                    #/op
[INFO] [stdout] 
[INFO] [stdout] Benchmark result is saved to benchmarks/sweeps/20260721-targeted/tpcds-q76-single-run-binary-publication/tpcds-fragmented-skip-off-reverse-cohort.json
[INFO] ------------------------------------------------------------------------
[INFO] BUILD SUCCESS
[INFO] ------------------------------------------------------------------------
[INFO] Total time:  02:59 min (Wall Clock)
[INFO] Finished at: 2026-07-21T18:27:13Z
[INFO] ------------------------------------------------------------------------
[INFO] Njord session closed
