[INFO] Processing build on daemon c5e859d3
[INFO] Scanning for projects...
[INFO] Njord 0.9.4 session created
[INFO] BuildTimeEventSpy is registered.
[INFO] 
[INFO] Using the SmartBuilder implementation with a thread count of 7
[INFO] 
[INFO] -------------------------< org.weakref:nitro >--------------------------
[INFO] Building nitro 1-SNAPSHOT
[INFO]   from pom.xml
[INFO] --------------------------------[ jar ]---------------------------------
[WARNING] 2 problems were encountered while building the effective model for org.apache.yetus:audience-annotations:jar:0.5.0 during dependency collection step for project (use -X to see details)
[INFO] 
[INFO] --- exec:3.6.1:exec (benchmark) @ nitro ---
[WARNING] [stderr] WARNING: Using incubator modules: jdk.incubator.vector
[WARNING] [stderr] WARNING: A terminally deprecated method in sun.misc.Unsafe has been called
[WARNING] [stderr] WARNING: sun.misc.Unsafe::objectFieldOffset has been called by org.openjdk.jmh.util.Utils (file:/root/.m2/repository/org/openjdk/jmh/jmh-core/1.37/jmh-core-1.37.jar)
[WARNING] [stderr] WARNING: Please consider reporting this to the maintainers of class org.openjdk.jmh.util.Utils
[WARNING] [stderr] WARNING: sun.misc.Unsafe::objectFieldOffset will be removed in a future release
[INFO] [stdout] # JMH version: 1.37
[INFO] [stdout] # VM version: JDK 26.0.1, OpenJDK 64-Bit Server VM, 26.0.1+8
[INFO] [stdout] # VM invoker: /opt/java/openjdk/bin/java
[INFO] [stdout] # VM options: --enable-preview --add-modules=jdk.incubator.vector -Dnitro.clickbench.hits.path= -Xmx12g -XX:+UseTransparentHugePages -Dnitro.tpch.parquet.path=/root/data/tpch-parquet-sf10 -Dnitro.clickbench.hits.path=/root/data/clickbench -Dnitro.debug.lazyNumericSkip=true
[INFO] [stdout] # Blackhole mode: compiler (auto-detected, use -Djmh.blackhole.autoDetect=false to disable)
[INFO] [stdout] # Warmup: <none>
[INFO] [stdout] # Measurement: 1 iterations, 1 ms each
[INFO] [stdout] # Timeout: 10 min per iteration
[INFO] [stdout] # Threads: 1 thread, will synchronize iterations
[INFO] [stdout] # Benchmark mode: Average time, time/op
[INFO] [stdout] # Benchmark: org.weakref.nitro.clickbench.BenchmarkQueries.query00
[INFO] [stdout] 
[INFO] [stdout] # Run progress: 0.00% complete, ETA 00:00:00
[INFO] [stdout] # Fork: 1 of 1
[INFO] [stdout] WARNING: Using incubator modules: jdk.incubator.vector
[INFO] [stdout] WARNING: A terminally deprecated method in sun.misc.Unsafe has been called
[INFO] [stdout] WARNING: sun.misc.Unsafe::objectFieldOffset has been called by org.openjdk.jmh.util.Utils (file:/root/.m2/repository/org/openjdk/jmh/jmh-core/1.37/jmh-core-1.37.jar)
[INFO] [stdout] WARNING: Please consider reporting this to the maintainers of class org.openjdk.jmh.util.Utils
[INFO] [stdout] WARNING: sun.misc.Unsafe::objectFieldOffset will be removed in a future release
[INFO] [stdout] Iteration   1: WARNING: A restricted method in java.lang.foreign.SymbolLookup has been called
[INFO] [stdout] WARNING: java.lang.foreign.SymbolLookup::libraryLookup has been called by io.airlift.compress.v3.internal.NativeLoader in an unnamed module (file:/root/.m2/repository/io/airlift/aircompressor-v3/3.4/aircompressor-v3-3.4.jar)
[INFO] [stdout] WARNING: Use --enable-native-access=ALL-UNNAMED to avoid a warning for callers in this module
[INFO] [stdout] WARNING: Restricted methods will be blocked in a future release unless native access is enabled
[INFO] [stdout] 
[INFO] [stdout] 6642.764 ms/op
[INFO] [stdout] 
[INFO] [stdout] 
[INFO] [stdout] Result "org.weakref.nitro.clickbench.BenchmarkQueries.query00":
[INFO] [stdout]   6642.764 ms/op
[INFO] [stdout] 
[INFO] [stdout] 
[INFO] [stdout] # JMH version: 1.37
[INFO] [stdout] # VM version: JDK 26.0.1, OpenJDK 64-Bit Server VM, 26.0.1+8
[INFO] [stdout] # VM invoker: /opt/java/openjdk/bin/java
[INFO] [stdout] # VM options: --enable-preview --add-modules=jdk.incubator.vector -Dnitro.clickbench.hits.path= -Xmx12g -XX:+UseTransparentHugePages -Dnitro.tpch.parquet.path=/root/data/tpch-parquet-sf10 -Dnitro.clickbench.hits.path=/root/data/clickbench -Dnitro.debug.lazyNumericSkip=true
[INFO] [stdout] # Blackhole mode: compiler (auto-detected, use -Djmh.blackhole.autoDetect=false to disable)
[INFO] [stdout] # Warmup: <none>
[INFO] [stdout] # Measurement: 1 iterations, 1 ms each
[INFO] [stdout] # Timeout: 10 min per iteration
[INFO] [stdout] # Threads: 1 thread, will synchronize iterations
[INFO] [stdout] # Benchmark mode: Average time, time/op
[INFO] [stdout] # Benchmark: org.weakref.nitro.clickbench.BenchmarkQueries.query01
[INFO] [stdout] 
[INFO] [stdout] # Run progress: 1.52% complete, ETA 00:07:22
[INFO] [stdout] # Fork: 1 of 1
[INFO] [stdout] WARNING: Using incubator modules: jdk.incubator.vector
[INFO] [stdout] WARNING: A terminally deprecated method in sun.misc.Unsafe has been called
[INFO] [stdout] WARNING: sun.misc.Unsafe::objectFieldOffset has been called by org.openjdk.jmh.util.Utils (file:/root/.m2/repository/org/openjdk/jmh/jmh-core/1.37/jmh-core-1.37.jar)
[INFO] [stdout] WARNING: Please consider reporting this to the maintainers of class org.openjdk.jmh.util.Utils
[INFO] [stdout] WARNING: sun.misc.Unsafe::objectFieldOffset will be removed in a future release
[INFO] [stdout] Iteration   1: 126.647 ms/op
[INFO] [stdout] 
[INFO] [stdout] 
[INFO] [stdout] Result "org.weakref.nitro.clickbench.BenchmarkQueries.query01":
[INFO] [stdout]   126.647 ms/op
[INFO] [stdout] 
[INFO] [stdout] 
[INFO] [stdout] # JMH version: 1.37
[INFO] [stdout] # VM version: JDK 26.0.1, OpenJDK 64-Bit Server VM, 26.0.1+8
[INFO] [stdout] # VM invoker: /opt/java/openjdk/bin/java
[INFO] [stdout] # VM options: --enable-preview --add-modules=jdk.incubator.vector -Dnitro.clickbench.hits.path= -Xmx12g -XX:+UseTransparentHugePages -Dnitro.tpch.parquet.path=/root/data/tpch-parquet-sf10 -Dnitro.clickbench.hits.path=/root/data/clickbench -Dnitro.debug.lazyNumericSkip=true
[INFO] [stdout] # Blackhole mode: compiler (auto-detected, use -Djmh.blackhole.autoDetect=false to disable)
[INFO] [stdout] # Warmup: <none>
[INFO] [stdout] # Measurement: 1 iterations, 1 ms each
[INFO] [stdout] # Timeout: 10 min per iteration
[INFO] [stdout] # Threads: 1 thread, will synchronize iterations
[INFO] [stdout] # Benchmark mode: Average time, time/op
[INFO] [stdout] # Benchmark: org.weakref.nitro.clickbench.BenchmarkQueries.query02
[INFO] [stdout] 
[INFO] [stdout] # Run progress: 3.03% complete, ETA 00:03:47
[INFO] [stdout] # Fork: 1 of 1
[INFO] [stdout] WARNING: Using incubator modules: jdk.incubator.vector
[INFO] [stdout] WARNING: A terminally deprecated method in sun.misc.Unsafe has been called
[INFO] [stdout] WARNING: sun.misc.Unsafe::objectFieldOffset has been called by org.openjdk.jmh.util.Utils (file:/root/.m2/repository/org/openjdk/jmh/jmh-core/1.37/jmh-core-1.37.jar)
[INFO] [stdout] WARNING: Please consider reporting this to the maintainers of class org.openjdk.jmh.util.Utils
[INFO] [stdout] WARNING: sun.misc.Unsafe::objectFieldOffset will be removed in a future release
[INFO] [stdout] Iteration   1: WARNING: A restricted method in java.lang.foreign.SymbolLookup has been called
[INFO] [stdout] WARNING: java.lang.foreign.SymbolLookup::libraryLookup has been called by io.airlift.compress.v3.internal.NativeLoader in an unnamed module (file:/root/.m2/repository/io/airlift/aircompressor-v3/3.4/aircompressor-v3-3.4.jar)
[INFO] [stdout] WARNING: Use --enable-native-access=ALL-UNNAMED to avoid a warning for callers in this module
[INFO] [stdout] WARNING: Restricted methods will be blocked in a future release unless native access is enabled
[INFO] [stdout] 
[INFO] [stdout] 411.240 ms/op
[INFO] [stdout] 
[INFO] [stdout] 
[INFO] [stdout] Result "org.weakref.nitro.clickbench.BenchmarkQueries.query02":
[INFO] [stdout]   411.240 ms/op
[INFO] [stdout] 
[INFO] [stdout] 
[INFO] [stdout] # JMH version: 1.37
[INFO] [stdout] # VM version: JDK 26.0.1, OpenJDK 64-Bit Server VM, 26.0.1+8
[INFO] [stdout] # VM invoker: /opt/java/openjdk/bin/java
[INFO] [stdout] # VM options: --enable-preview --add-modules=jdk.incubator.vector -Dnitro.clickbench.hits.path= -Xmx12g -XX:+UseTransparentHugePages -Dnitro.tpch.parquet.path=/root/data/tpch-parquet-sf10 -Dnitro.clickbench.hits.path=/root/data/clickbench -Dnitro.debug.lazyNumericSkip=true
[INFO] [stdout] # Blackhole mode: compiler (auto-detected, use -Djmh.blackhole.autoDetect=false to disable)
[INFO] [stdout] # Warmup: <none>
[INFO] [stdout] # Measurement: 1 iterations, 1 ms each
[INFO] [stdout] # Timeout: 10 min per iteration
[INFO] [stdout] # Threads: 1 thread, will synchronize iterations
[INFO] [stdout] # Benchmark mode: Average time, time/op
[INFO] [stdout] # Benchmark: org.weakref.nitro.clickbench.BenchmarkQueries.query03
[INFO] [stdout] 
[INFO] [stdout] # Run progress: 4.55% complete, ETA 00:02:41
[INFO] [stdout] # Fork: 1 of 1
[INFO] [stdout] WARNING: Using incubator modules: jdk.incubator.vector
[INFO] [stdout] WARNING: A terminally deprecated method in sun.misc.Unsafe has been called
[INFO] [stdout] WARNING: sun.misc.Unsafe::objectFieldOffset has been called by org.openjdk.jmh.util.Utils (file:/root/.m2/repository/org/openjdk/jmh/jmh-core/1.37/jmh-core-1.37.jar)
[INFO] [stdout] WARNING: Please consider reporting this to the maintainers of class org.openjdk.jmh.util.Utils
[INFO] [stdout] WARNING: sun.misc.Unsafe::objectFieldOffset will be removed in a future release
[INFO] [stdout] Iteration   1: WARNING: A restricted method in java.lang.foreign.SymbolLookup has been called
[INFO] [stdout] WARNING: java.lang.foreign.SymbolLookup::libraryLookup has been called by io.airlift.compress.v3.internal.NativeLoader in an unnamed module (file:/root/.m2/repository/io/airlift/aircompressor-v3/3.4/aircompressor-v3-3.4.jar)
[INFO] [stdout] WARNING: Use --enable-native-access=ALL-UNNAMED to avoid a warning for callers in this module
[INFO] [stdout] WARNING: Restricted methods will be blocked in a future release unless native access is enabled
[INFO] [stdout] 
[INFO] [stdout] 601.633 ms/op
[INFO] [stdout] 
[INFO] [stdout] 
[INFO] [stdout] Result "org.weakref.nitro.clickbench.BenchmarkQueries.query03":
[INFO] [stdout]   601.633 ms/op
[INFO] [stdout] 
[INFO] [stdout] 
[INFO] [stdout] # JMH version: 1.37
[INFO] [stdout] # VM version: JDK 26.0.1, OpenJDK 64-Bit Server VM, 26.0.1+8
[INFO] [stdout] # VM invoker: /opt/java/openjdk/bin/java
[INFO] [stdout] # VM options: --enable-preview --add-modules=jdk.incubator.vector -Dnitro.clickbench.hits.path= -Xmx12g -XX:+UseTransparentHugePages -Dnitro.tpch.parquet.path=/root/data/tpch-parquet-sf10 -Dnitro.clickbench.hits.path=/root/data/clickbench -Dnitro.debug.lazyNumericSkip=true
[INFO] [stdout] # Blackhole mode: compiler (auto-detected, use -Djmh.blackhole.autoDetect=false to disable)
[INFO] [stdout] # Warmup: <none>
[INFO] [stdout] # Measurement: 1 iterations, 1 ms each
[INFO] [stdout] # Timeout: 10 min per iteration
[INFO] [stdout] # Threads: 1 thread, will synchronize iterations
[INFO] [stdout] # Benchmark mode: Average time, time/op
[INFO] [stdout] # Benchmark: org.weakref.nitro.clickbench.BenchmarkQueries.query04
[INFO] [stdout] 
[INFO] [stdout] # Run progress: 6.06% complete, ETA 00:02:10
[INFO] [stdout] # Fork: 1 of 1
[INFO] [stdout] WARNING: Using incubator modules: jdk.incubator.vector
[INFO] [stdout] WARNING: A terminally deprecated method in sun.misc.Unsafe has been called
[INFO] [stdout] WARNING: sun.misc.Unsafe::objectFieldOffset has been called by org.openjdk.jmh.util.Utils (file:/root/.m2/repository/org/openjdk/jmh/jmh-core/1.37/jmh-core-1.37.jar)
[INFO] [stdout] WARNING: Please consider reporting this to the maintainers of class org.openjdk.jmh.util.Utils
[INFO] [stdout] WARNING: sun.misc.Unsafe::objectFieldOffset will be removed in a future release
[INFO] [stdout] Iteration   1: WARNING: A restricted method in java.lang.foreign.SymbolLookup has been called
[INFO] [stdout] WARNING: java.lang.foreign.SymbolLookup::libraryLookup has been called by io.airlift.compress.v3.internal.NativeLoader in an unnamed module (file:/root/.m2/repository/io/airlift/aircompressor-v3/3.4/aircompressor-v3-3.4.jar)
[INFO] [stdout] WARNING: Use --enable-native-access=ALL-UNNAMED to avoid a warning for callers in this module
[INFO] [stdout] WARNING: Restricted methods will be blocked in a future release unless native access is enabled
[INFO] [stdout] 
[INFO] [stdout] 484.871 ms/op
[INFO] [stdout] 
[INFO] [stdout] 
[INFO] [stdout] Result "org.weakref.nitro.clickbench.BenchmarkQueries.query04":
[INFO] [stdout]   484.871 ms/op
[INFO] [stdout] 
[INFO] [stdout] 
[INFO] [stdout] # JMH version: 1.37
[INFO] [stdout] # VM version: JDK 26.0.1, OpenJDK 64-Bit Server VM, 26.0.1+8
[INFO] [stdout] # VM invoker: /opt/java/openjdk/bin/java
[INFO] [stdout] # VM options: --enable-preview --add-modules=jdk.incubator.vector -Dnitro.clickbench.hits.path= -Xmx12g -XX:+UseTransparentHugePages -Dnitro.tpch.parquet.path=/root/data/tpch-parquet-sf10 -Dnitro.clickbench.hits.path=/root/data/clickbench -Dnitro.debug.lazyNumericSkip=true
[INFO] [stdout] # Blackhole mode: compiler (auto-detected, use -Djmh.blackhole.autoDetect=false to disable)
[INFO] [stdout] # Warmup: <none>
[INFO] [stdout] # Measurement: 1 iterations, 1 ms each
[INFO] [stdout] # Timeout: 10 min per iteration
[INFO] [stdout] # Threads: 1 thread, will synchronize iterations
[INFO] [stdout] # Benchmark mode: Average time, time/op
[INFO] [stdout] # Benchmark: org.weakref.nitro.clickbench.BenchmarkQueries.query05
[INFO] [stdout] 
[INFO] [stdout] # Run progress: 7.58% complete, ETA 00:01:50
[INFO] [stdout] # Fork: 1 of 1
[INFO] [stdout] WARNING: Using incubator modules: jdk.incubator.vector
[INFO] [stdout] WARNING: A terminally deprecated method in sun.misc.Unsafe has been called
[INFO] [stdout] WARNING: sun.misc.Unsafe::objectFieldOffset has been called by org.openjdk.jmh.util.Utils (file:/root/.m2/repository/org/openjdk/jmh/jmh-core/1.37/jmh-core-1.37.jar)
[INFO] [stdout] WARNING: Please consider reporting this to the maintainers of class org.openjdk.jmh.util.Utils
[INFO] [stdout] WARNING: sun.misc.Unsafe::objectFieldOffset will be removed in a future release
[INFO] [stdout] Iteration   1: WARNING: A restricted method in java.lang.foreign.SymbolLookup has been called
[INFO] [stdout] WARNING: java.lang.foreign.SymbolLookup::libraryLookup has been called by io.airlift.compress.v3.internal.NativeLoader in an unnamed module (file:/root/.m2/repository/io/airlift/aircompressor-v3/3.4/aircompressor-v3-3.4.jar)
[INFO] [stdout] WARNING: Use --enable-native-access=ALL-UNNAMED to avoid a warning for callers in this module
[INFO] [stdout] WARNING: Restricted methods will be blocked in a future release unless native access is enabled
[INFO] [stdout] 
[INFO] [stdout] 1316.915 ms/op
[INFO] [stdout] 
[INFO] [stdout] 
[INFO] [stdout] Result "org.weakref.nitro.clickbench.BenchmarkQueries.query05":
[INFO] [stdout]   1316.915 ms/op
[INFO] [stdout] 
[INFO] [stdout] 
[INFO] [stdout] # JMH version: 1.37
[INFO] [stdout] # VM version: JDK 26.0.1, OpenJDK 64-Bit Server VM, 26.0.1+8
[INFO] [stdout] # VM invoker: /opt/java/openjdk/bin/java
[INFO] [stdout] # VM options: --enable-preview --add-modules=jdk.incubator.vector -Dnitro.clickbench.hits.path= -Xmx12g -XX:+UseTransparentHugePages -Dnitro.tpch.parquet.path=/root/data/tpch-parquet-sf10 -Dnitro.clickbench.hits.path=/root/data/clickbench -Dnitro.debug.lazyNumericSkip=true
[INFO] [stdout] # Blackhole mode: compiler (auto-detected, use -Djmh.blackhole.autoDetect=false to disable)
[INFO] [stdout] # Warmup: <none>
[INFO] [stdout] # Measurement: 1 iterations, 1 ms each
[INFO] [stdout] # Timeout: 10 min per iteration
[INFO] [stdout] # Threads: 1 thread, will synchronize iterations
[INFO] [stdout] # Benchmark mode: Average time, time/op
[INFO] [stdout] # Benchmark: org.weakref.nitro.clickbench.BenchmarkQueries.query06
[INFO] [stdout] 
[INFO] [stdout] # Run progress: 9.09% complete, ETA 00:01:45
[INFO] [stdout] # Fork: 1 of 1
[INFO] [stdout] WARNING: Using incubator modules: jdk.incubator.vector
[INFO] [stdout] WARNING: A terminally deprecated method in sun.misc.Unsafe has been called
[INFO] [stdout] WARNING: sun.misc.Unsafe::objectFieldOffset has been called by org.openjdk.jmh.util.Utils (file:/root/.m2/repository/org/openjdk/jmh/jmh-core/1.37/jmh-core-1.37.jar)
[INFO] [stdout] WARNING: Please consider reporting this to the maintainers of class org.openjdk.jmh.util.Utils
[INFO] [stdout] WARNING: sun.misc.Unsafe::objectFieldOffset will be removed in a future release
[INFO] [stdout] Iteration   1: WARNING: A restricted method in java.lang.foreign.SymbolLookup has been called
[INFO] [stdout] WARNING: java.lang.foreign.SymbolLookup::libraryLookup has been called by io.airlift.compress.v3.internal.NativeLoader in an unnamed module (file:/root/.m2/repository/io/airlift/aircompressor-v3/3.4/aircompressor-v3-3.4.jar)
[INFO] [stdout] WARNING: Use --enable-native-access=ALL-UNNAMED to avoid a warning for callers in this module
[INFO] [stdout] WARNING: Restricted methods will be blocked in a future release unless native access is enabled
[INFO] [stdout] 
[INFO] [stdout] 2672.323 ms/op
[INFO] [stdout] 
[INFO] [stdout] 
[INFO] [stdout] Result "org.weakref.nitro.clickbench.BenchmarkQueries.query06":
[INFO] [stdout]   2672.323 ms/op
[INFO] [stdout] 
[INFO] [stdout] 
[INFO] [stdout] # JMH version: 1.37
[INFO] [stdout] # VM version: JDK 26.0.1, OpenJDK 64-Bit Server VM, 26.0.1+8
[INFO] [stdout] # VM invoker: /opt/java/openjdk/bin/java
[INFO] [stdout] # VM options: --enable-preview --add-modules=jdk.incubator.vector -Dnitro.clickbench.hits.path= -Xmx12g -XX:+UseTransparentHugePages -Dnitro.tpch.parquet.path=/root/data/tpch-parquet-sf10 -Dnitro.clickbench.hits.path=/root/data/clickbench -Dnitro.debug.lazyNumericSkip=true
[INFO] [stdout] # Blackhole mode: compiler (auto-detected, use -Djmh.blackhole.autoDetect=false to disable)
[INFO] [stdout] # Warmup: <none>
[INFO] [stdout] # Measurement: 1 iterations, 1 ms each
[INFO] [stdout] # Timeout: 10 min per iteration
[INFO] [stdout] # Threads: 1 thread, will synchronize iterations
[INFO] [stdout] # Benchmark mode: Average time, time/op
[INFO] [stdout] # Benchmark: org.weakref.nitro.clickbench.BenchmarkQueries.query07
[INFO] [stdout] 
[INFO] [stdout] # Run progress: 10.61% complete, ETA 00:01:52
[INFO] [stdout] # Fork: 1 of 1
[INFO] [stdout] WARNING: Using incubator modules: jdk.incubator.vector
[INFO] [stdout] WARNING: A terminally deprecated method in sun.misc.Unsafe has been called
[INFO] [stdout] WARNING: sun.misc.Unsafe::objectFieldOffset has been called by org.openjdk.jmh.util.Utils (file:/root/.m2/repository/org/openjdk/jmh/jmh-core/1.37/jmh-core-1.37.jar)
[INFO] [stdout] WARNING: Please consider reporting this to the maintainers of class org.openjdk.jmh.util.Utils
[INFO] [stdout] WARNING: sun.misc.Unsafe::objectFieldOffset will be removed in a future release
[INFO] [stdout] Iteration   1: WARNING: A restricted method in java.lang.foreign.SymbolLookup has been called
[INFO] [stdout] WARNING: java.lang.foreign.SymbolLookup::libraryLookup has been called by io.airlift.compress.v3.internal.NativeLoader in an unnamed module (file:/root/.m2/repository/io/airlift/aircompressor-v3/3.4/aircompressor-v3-3.4.jar)
[INFO] [stdout] WARNING: Use --enable-native-access=ALL-UNNAMED to avoid a warning for callers in this module
[INFO] [stdout] WARNING: Restricted methods will be blocked in a future release unless native access is enabled
[INFO] [stdout] 
[INFO] [stdout] 339.241 ms/op
[INFO] [stdout] 
[INFO] [stdout] 
[INFO] [stdout] Result "org.weakref.nitro.clickbench.BenchmarkQueries.query07":
[INFO] [stdout]   339.241 ms/op
[INFO] [stdout] 
[INFO] [stdout] 
[INFO] [stdout] # JMH version: 1.37
[INFO] [stdout] # VM version: JDK 26.0.1, OpenJDK 64-Bit Server VM, 26.0.1+8
[INFO] [stdout] # VM invoker: /opt/java/openjdk/bin/java
[INFO] [stdout] # VM options: --enable-preview --add-modules=jdk.incubator.vector -Dnitro.clickbench.hits.path= -Xmx12g -XX:+UseTransparentHugePages -Dnitro.tpch.parquet.path=/root/data/tpch-parquet-sf10 -Dnitro.clickbench.hits.path=/root/data/clickbench -Dnitro.debug.lazyNumericSkip=true
[INFO] [stdout] # Blackhole mode: compiler (auto-detected, use -Djmh.blackhole.autoDetect=false to disable)
[INFO] [stdout] # Warmup: <none>
[INFO] [stdout] # Measurement: 1 iterations, 1 ms each
[INFO] [stdout] # Timeout: 10 min per iteration
[INFO] [stdout] # Threads: 1 thread, will synchronize iterations
[INFO] [stdout] # Benchmark mode: Average time, time/op
[INFO] [stdout] # Benchmark: org.weakref.nitro.clickbench.BenchmarkQueries.query08
[INFO] [stdout] 
[INFO] [stdout] # Run progress: 12.12% complete, ETA 00:01:40
[INFO] [stdout] # Fork: 1 of 1
[INFO] [stdout] WARNING: Using incubator modules: jdk.incubator.vector
[INFO] [stdout] WARNING: A terminally deprecated method in sun.misc.Unsafe has been called
[INFO] [stdout] WARNING: sun.misc.Unsafe::objectFieldOffset has been called by org.openjdk.jmh.util.Utils (file:/root/.m2/repository/org/openjdk/jmh/jmh-core/1.37/jmh-core-1.37.jar)
[INFO] [stdout] WARNING: Please consider reporting this to the maintainers of class org.openjdk.jmh.util.Utils
[INFO] [stdout] WARNING: sun.misc.Unsafe::objectFieldOffset will be removed in a future release
[INFO] [stdout] Iteration   1: WARNING: A restricted method in java.lang.foreign.SymbolLookup has been called
[INFO] [stdout] WARNING: java.lang.foreign.SymbolLookup::libraryLookup has been called by io.airlift.compress.v3.internal.NativeLoader in an unnamed module (file:/root/.m2/repository/io/airlift/aircompressor-v3/3.4/aircompressor-v3-3.4.jar)
[INFO] [stdout] WARNING: Use --enable-native-access=ALL-UNNAMED to avoid a warning for callers in this module
[INFO] [stdout] WARNING: Restricted methods will be blocked in a future release unless native access is enabled
[INFO] [stdout] 
[INFO] [stdout] 432.526 ms/op
[INFO] [stdout] 
[INFO] [stdout] 
[INFO] [stdout] Result "org.weakref.nitro.clickbench.BenchmarkQueries.query08":
[INFO] [stdout]   432.526 ms/op
[INFO] [stdout] 
[INFO] [stdout] 
[INFO] [stdout] # JMH version: 1.37
[INFO] [stdout] # VM version: JDK 26.0.1, OpenJDK 64-Bit Server VM, 26.0.1+8
[INFO] [stdout] # VM invoker: /opt/java/openjdk/bin/java
[INFO] [stdout] # VM options: --enable-preview --add-modules=jdk.incubator.vector -Dnitro.clickbench.hits.path= -Xmx12g -XX:+UseTransparentHugePages -Dnitro.tpch.parquet.path=/root/data/tpch-parquet-sf10 -Dnitro.clickbench.hits.path=/root/data/clickbench -Dnitro.debug.lazyNumericSkip=true
[INFO] [stdout] # Blackhole mode: compiler (auto-detected, use -Djmh.blackhole.autoDetect=false to disable)
[INFO] [stdout] # Warmup: <none>
[INFO] [stdout] # Measurement: 1 iterations, 1 ms each
[INFO] [stdout] # Timeout: 10 min per iteration
[INFO] [stdout] # Threads: 1 thread, will synchronize iterations
[INFO] [stdout] # Benchmark mode: Average time, time/op
[INFO] [stdout] # Benchmark: org.weakref.nitro.clickbench.BenchmarkQueries.query09
[INFO] [stdout] 
[INFO] [stdout] # Run progress: 13.64% complete, ETA 00:01:31
[INFO] [stdout] # Fork: 1 of 1
[INFO] [stdout] WARNING: Using incubator modules: jdk.incubator.vector
[INFO] [stdout] WARNING: A terminally deprecated method in sun.misc.Unsafe has been called
[INFO] [stdout] WARNING: sun.misc.Unsafe::objectFieldOffset has been called by org.openjdk.jmh.util.Utils (file:/root/.m2/repository/org/openjdk/jmh/jmh-core/1.37/jmh-core-1.37.jar)
[INFO] [stdout] WARNING: Please consider reporting this to the maintainers of class org.openjdk.jmh.util.Utils
[INFO] [stdout] WARNING: sun.misc.Unsafe::objectFieldOffset will be removed in a future release
[INFO] [stdout] Iteration   1: WARNING: A restricted method in java.lang.foreign.SymbolLookup has been called
[INFO] [stdout] WARNING: java.lang.foreign.SymbolLookup::libraryLookup has been called by io.airlift.compress.v3.internal.NativeLoader in an unnamed module (file:/root/.m2/repository/io/airlift/aircompressor-v3/3.4/aircompressor-v3-3.4.jar)
[INFO] [stdout] WARNING: Use --enable-native-access=ALL-UNNAMED to avoid a warning for callers in this module
[INFO] [stdout] WARNING: Restricted methods will be blocked in a future release unless native access is enabled
[INFO] [stdout] 
[INFO] [stdout] 2176.595 ms/op
[INFO] [stdout] 
[INFO] [stdout] 
[INFO] [stdout] Result "org.weakref.nitro.clickbench.BenchmarkQueries.query09":
[INFO] [stdout]   2176.595 ms/op
[INFO] [stdout] 
[INFO] [stdout] 
[INFO] [stdout] # JMH version: 1.37
[INFO] [stdout] # VM version: JDK 26.0.1, OpenJDK 64-Bit Server VM, 26.0.1+8
[INFO] [stdout] # VM invoker: /opt/java/openjdk/bin/java
[INFO] [stdout] # VM options: --enable-preview --add-modules=jdk.incubator.vector -Dnitro.clickbench.hits.path= -Xmx12g -XX:+UseTransparentHugePages -Dnitro.tpch.parquet.path=/root/data/tpch-parquet-sf10 -Dnitro.clickbench.hits.path=/root/data/clickbench -Dnitro.debug.lazyNumericSkip=true
[INFO] [stdout] # Blackhole mode: compiler (auto-detected, use -Djmh.blackhole.autoDetect=false to disable)
[INFO] [stdout] # Warmup: <none>
[INFO] [stdout] # Measurement: 1 iterations, 1 ms each
[INFO] [stdout] # Timeout: 10 min per iteration
[INFO] [stdout] # Threads: 1 thread, will synchronize iterations
[INFO] [stdout] # Benchmark mode: Average time, time/op
[INFO] [stdout] # Benchmark: org.weakref.nitro.clickbench.BenchmarkQueries.query10
[INFO] [stdout] 
[INFO] [stdout] # Run progress: 15.15% complete, ETA 00:01:34
[INFO] [stdout] # Fork: 1 of 1
[INFO] [stdout] WARNING: Using incubator modules: jdk.incubator.vector
[INFO] [stdout] WARNING: A terminally deprecated method in sun.misc.Unsafe has been called
[INFO] [stdout] WARNING: sun.misc.Unsafe::objectFieldOffset has been called by org.openjdk.jmh.util.Utils (file:/root/.m2/repository/org/openjdk/jmh/jmh-core/1.37/jmh-core-1.37.jar)
[INFO] [stdout] WARNING: Please consider reporting this to the maintainers of class org.openjdk.jmh.util.Utils
[INFO] [stdout] WARNING: sun.misc.Unsafe::objectFieldOffset will be removed in a future release
[INFO] [stdout] Iteration   1: WARNING: A restricted method in java.lang.foreign.SymbolLookup has been called
[INFO] [stdout] WARNING: java.lang.foreign.SymbolLookup::libraryLookup has been called by io.airlift.compress.v3.internal.NativeLoader in an unnamed module (file:/root/.m2/repository/io/airlift/aircompressor-v3/3.4/aircompressor-v3-3.4.jar)
[INFO] [stdout] WARNING: Use --enable-native-access=ALL-UNNAMED to avoid a warning for callers in this module
[INFO] [stdout] WARNING: Restricted methods will be blocked in a future release unless native access is enabled
[INFO] [stdout] 
[INFO] [stdout] 2731.883 ms/op
[INFO] [stdout] 
[INFO] [stdout] 
[INFO] [stdout] Result "org.weakref.nitro.clickbench.BenchmarkQueries.query10":
[INFO] [stdout]   2731.883 ms/op
[INFO] [stdout] 
[INFO] [stdout] 
[INFO] [stdout] # JMH version: 1.37
[INFO] [stdout] # VM version: JDK 26.0.1, OpenJDK 64-Bit Server VM, 26.0.1+8
[INFO] [stdout] # VM invoker: /opt/java/openjdk/bin/java
[INFO] [stdout] # VM options: --enable-preview --add-modules=jdk.incubator.vector -Dnitro.clickbench.hits.path= -Xmx12g -XX:+UseTransparentHugePages -Dnitro.tpch.parquet.path=/root/data/tpch-parquet-sf10 -Dnitro.clickbench.hits.path=/root/data/clickbench -Dnitro.debug.lazyNumericSkip=true
[INFO] [stdout] # Blackhole mode: compiler (auto-detected, use -Djmh.blackhole.autoDetect=false to disable)
[INFO] [stdout] # Warmup: <none>
[INFO] [stdout] # Measurement: 1 iterations, 1 ms each
[INFO] [stdout] # Timeout: 10 min per iteration
[INFO] [stdout] # Threads: 1 thread, will synchronize iterations
[INFO] [stdout] # Benchmark mode: Average time, time/op
[INFO] [stdout] # Benchmark: org.weakref.nitro.clickbench.BenchmarkQueries.query11
[INFO] [stdout] 
[INFO] [stdout] # Run progress: 16.67% complete, ETA 00:01:38
[INFO] [stdout] # Fork: 1 of 1
[INFO] [stdout] WARNING: Using incubator modules: jdk.incubator.vector
[INFO] [stdout] WARNING: A terminally deprecated method in sun.misc.Unsafe has been called
[INFO] [stdout] WARNING: sun.misc.Unsafe::objectFieldOffset has been called by org.openjdk.jmh.util.Utils (file:/root/.m2/repository/org/openjdk/jmh/jmh-core/1.37/jmh-core-1.37.jar)
[INFO] [stdout] WARNING: Please consider reporting this to the maintainers of class org.openjdk.jmh.util.Utils
[INFO] [stdout] WARNING: sun.misc.Unsafe::objectFieldOffset will be removed in a future release
[INFO] [stdout] Iteration   1: WARNING: A restricted method in java.lang.foreign.SymbolLookup has been called
[INFO] [stdout] WARNING: java.lang.foreign.SymbolLookup::libraryLookup has been called by io.airlift.compress.v3.internal.NativeLoader in an unnamed module (file:/root/.m2/repository/io/airlift/aircompressor-v3/3.4/aircompressor-v3-3.4.jar)
[INFO] [stdout] WARNING: Use --enable-native-access=ALL-UNNAMED to avoid a warning for callers in this module
[INFO] [stdout] WARNING: Restricted methods will be blocked in a future release unless native access is enabled
[INFO] [stdout] 
[WARNING] [stderr] [lazy-numeric-skip] column=UserID dictionary=131684 survivors=285/10000 fragmented=false
[INFO] [stdout] 974.675 ms/op
[INFO] [stdout] 
[INFO] [stdout] 
[INFO] [stdout] Result "org.weakref.nitro.clickbench.BenchmarkQueries.query11":
[INFO] [stdout]   974.675 ms/op
[INFO] [stdout] 
[INFO] [stdout] 
[INFO] [stdout] # JMH version: 1.37
[INFO] [stdout] # VM version: JDK 26.0.1, OpenJDK 64-Bit Server VM, 26.0.1+8
[INFO] [stdout] # VM invoker: /opt/java/openjdk/bin/java
[INFO] [stdout] # VM options: --enable-preview --add-modules=jdk.incubator.vector -Dnitro.clickbench.hits.path= -Xmx12g -XX:+UseTransparentHugePages -Dnitro.tpch.parquet.path=/root/data/tpch-parquet-sf10 -Dnitro.clickbench.hits.path=/root/data/clickbench -Dnitro.debug.lazyNumericSkip=true
[INFO] [stdout] # Blackhole mode: compiler (auto-detected, use -Djmh.blackhole.autoDetect=false to disable)
[INFO] [stdout] # Warmup: <none>
[INFO] [stdout] # Measurement: 1 iterations, 1 ms each
[INFO] [stdout] # Timeout: 10 min per iteration
[INFO] [stdout] # Threads: 1 thread, will synchronize iterations
[INFO] [stdout] # Benchmark mode: Average time, time/op
[INFO] [stdout] # Benchmark: org.weakref.nitro.clickbench.BenchmarkQueries.query12
[INFO] [stdout] 
[INFO] [stdout] # Run progress: 18.18% complete, ETA 00:01:33
[INFO] [stdout] # Fork: 1 of 1
[INFO] [stdout] WARNING: Using incubator modules: jdk.incubator.vector
[INFO] [stdout] WARNING: A terminally deprecated method in sun.misc.Unsafe has been called
[INFO] [stdout] WARNING: sun.misc.Unsafe::objectFieldOffset has been called by org.openjdk.jmh.util.Utils (file:/root/.m2/repository/org/openjdk/jmh/jmh-core/1.37/jmh-core-1.37.jar)
[INFO] [stdout] WARNING: Please consider reporting this to the maintainers of class org.openjdk.jmh.util.Utils
[INFO] [stdout] WARNING: sun.misc.Unsafe::objectFieldOffset will be removed in a future release
[INFO] [stdout] Iteration   1: WARNING: A restricted method in java.lang.foreign.SymbolLookup has been called
[INFO] [stdout] WARNING: java.lang.foreign.SymbolLookup::libraryLookup has been called by io.airlift.compress.v3.internal.NativeLoader in an unnamed module (file:/root/.m2/repository/io/airlift/aircompressor-v3/3.4/aircompressor-v3-3.4.jar)
[INFO] [stdout] WARNING: Use --enable-native-access=ALL-UNNAMED to avoid a warning for callers in this module
[INFO] [stdout] WARNING: Restricted methods will be blocked in a future release unless native access is enabled
[INFO] [stdout] 
[WARNING] [stderr] [lazy-numeric-skip] column=MobilePhone dictionary=30 survivors=285/10000 fragmented=false
[WARNING] [stderr] [lazy-numeric-skip] column=UserID dictionary=131684 survivors=285/10000 fragmented=false
[INFO] [stdout] 1135.818 ms/op
[INFO] [stdout] 
[INFO] [stdout] 
[INFO] [stdout] Result "org.weakref.nitro.clickbench.BenchmarkQueries.query12":
[INFO] [stdout]   1135.818 ms/op
[INFO] [stdout] 
[INFO] [stdout] 
[INFO] [stdout] # JMH version: 1.37
[INFO] [stdout] # VM version: JDK 26.0.1, OpenJDK 64-Bit Server VM, 26.0.1+8
[INFO] [stdout] # VM invoker: /opt/java/openjdk/bin/java
[INFO] [stdout] # VM options: --enable-preview --add-modules=jdk.incubator.vector -Dnitro.clickbench.hits.path= -Xmx12g -XX:+UseTransparentHugePages -Dnitro.tpch.parquet.path=/root/data/tpch-parquet-sf10 -Dnitro.clickbench.hits.path=/root/data/clickbench -Dnitro.debug.lazyNumericSkip=true
[INFO] [stdout] # Blackhole mode: compiler (auto-detected, use -Djmh.blackhole.autoDetect=false to disable)
[INFO] [stdout] # Warmup: <none>
[INFO] [stdout] # Measurement: 1 iterations, 1 ms each
[INFO] [stdout] # Timeout: 10 min per iteration
[INFO] [stdout] # Threads: 1 thread, will synchronize iterations
[INFO] [stdout] # Benchmark mode: Average time, time/op
[INFO] [stdout] # Benchmark: org.weakref.nitro.clickbench.BenchmarkQueries.query13
[INFO] [stdout] 
[INFO] [stdout] # Run progress: 19.70% complete, ETA 00:01:30
[INFO] [stdout] # Fork: 1 of 1
[INFO] [stdout] WARNING: Using incubator modules: jdk.incubator.vector
[INFO] [stdout] WARNING: A terminally deprecated method in sun.misc.Unsafe has been called
[INFO] [stdout] WARNING: sun.misc.Unsafe::objectFieldOffset has been called by org.openjdk.jmh.util.Utils (file:/root/.m2/repository/org/openjdk/jmh/jmh-core/1.37/jmh-core-1.37.jar)
[INFO] [stdout] WARNING: Please consider reporting this to the maintainers of class org.openjdk.jmh.util.Utils
[INFO] [stdout] WARNING: sun.misc.Unsafe::objectFieldOffset will be removed in a future release
[INFO] [stdout] Iteration   1: WARNING: A restricted method in java.lang.foreign.SymbolLookup has been called
[INFO] [stdout] WARNING: java.lang.foreign.SymbolLookup::libraryLookup has been called by io.airlift.compress.v3.internal.NativeLoader in an unnamed module (file:/root/.m2/repository/io/airlift/aircompressor-v3/3.4/aircompressor-v3-3.4.jar)
[INFO] [stdout] WARNING: Use --enable-native-access=ALL-UNNAMED to avoid a warning for callers in this module
[INFO] [stdout] WARNING: Restricted methods will be blocked in a future release unless native access is enabled
[INFO] [stdout] 
[INFO] [stdout] 3056.066 ms/op
[INFO] [stdout] 
[INFO] [stdout] 
[INFO] [stdout] Result "org.weakref.nitro.clickbench.BenchmarkQueries.query13":
[INFO] [stdout]   3056.066 ms/op
[INFO] [stdout] 
[INFO] [stdout] 
[INFO] [stdout] # JMH version: 1.37
[INFO] [stdout] # VM version: JDK 26.0.1, OpenJDK 64-Bit Server VM, 26.0.1+8
[INFO] [stdout] # VM invoker: /opt/java/openjdk/bin/java
[INFO] [stdout] # VM options: --enable-preview --add-modules=jdk.incubator.vector -Dnitro.clickbench.hits.path= -Xmx12g -XX:+UseTransparentHugePages -Dnitro.tpch.parquet.path=/root/data/tpch-parquet-sf10 -Dnitro.clickbench.hits.path=/root/data/clickbench -Dnitro.debug.lazyNumericSkip=true
[INFO] [stdout] # Blackhole mode: compiler (auto-detected, use -Djmh.blackhole.autoDetect=false to disable)
[INFO] [stdout] # Warmup: <none>
[INFO] [stdout] # Measurement: 1 iterations, 1 ms each
[INFO] [stdout] # Timeout: 10 min per iteration
[INFO] [stdout] # Threads: 1 thread, will synchronize iterations
[INFO] [stdout] # Benchmark mode: Average time, time/op
[INFO] [stdout] # Benchmark: org.weakref.nitro.clickbench.BenchmarkQueries.query14
[INFO] [stdout] 
[INFO] [stdout] # Run progress: 21.21% complete, ETA 00:01:34
[INFO] [stdout] # Fork: 1 of 1
[INFO] [stdout] WARNING: Using incubator modules: jdk.incubator.vector
[INFO] [stdout] WARNING: A terminally deprecated method in sun.misc.Unsafe has been called
[INFO] [stdout] WARNING: sun.misc.Unsafe::objectFieldOffset has been called by org.openjdk.jmh.util.Utils (file:/root/.m2/repository/org/openjdk/jmh/jmh-core/1.37/jmh-core-1.37.jar)
[INFO] [stdout] WARNING: Please consider reporting this to the maintainers of class org.openjdk.jmh.util.Utils
[INFO] [stdout] WARNING: sun.misc.Unsafe::objectFieldOffset will be removed in a future release
[INFO] [stdout] Iteration   1: WARNING: A restricted method in java.lang.foreign.SymbolLookup has been called
[INFO] [stdout] WARNING: java.lang.foreign.SymbolLookup::libraryLookup has been called by io.airlift.compress.v3.internal.NativeLoader in an unnamed module (file:/root/.m2/repository/io/airlift/aircompressor-v3/3.4/aircompressor-v3-3.4.jar)
[INFO] [stdout] WARNING: Use --enable-native-access=ALL-UNNAMED to avoid a warning for callers in this module
[INFO] [stdout] WARNING: Restricted methods will be blocked in a future release unless native access is enabled
[INFO] [stdout] 
[INFO] [stdout] 5059.948 ms/op
[INFO] [stdout] 
[INFO] [stdout] 
[INFO] [stdout] Result "org.weakref.nitro.clickbench.BenchmarkQueries.query14":
[INFO] [stdout]   5059.948 ms/op
[INFO] [stdout] 
[INFO] [stdout] 
[INFO] [stdout] # JMH version: 1.37
[INFO] [stdout] # VM version: JDK 26.0.1, OpenJDK 64-Bit Server VM, 26.0.1+8
[INFO] [stdout] # VM invoker: /opt/java/openjdk/bin/java
[INFO] [stdout] # VM options: --enable-preview --add-modules=jdk.incubator.vector -Dnitro.clickbench.hits.path= -Xmx12g -XX:+UseTransparentHugePages -Dnitro.tpch.parquet.path=/root/data/tpch-parquet-sf10 -Dnitro.clickbench.hits.path=/root/data/clickbench -Dnitro.debug.lazyNumericSkip=true
[INFO] [stdout] # Blackhole mode: compiler (auto-detected, use -Djmh.blackhole.autoDetect=false to disable)
[INFO] [stdout] # Warmup: <none>
[INFO] [stdout] # Measurement: 1 iterations, 1 ms each
[INFO] [stdout] # Timeout: 10 min per iteration
[INFO] [stdout] # Threads: 1 thread, will synchronize iterations
[INFO] [stdout] # Benchmark mode: Average time, time/op
[INFO] [stdout] # Benchmark: org.weakref.nitro.clickbench.BenchmarkQueries.query15
[INFO] [stdout] 
[INFO] [stdout] # Run progress: 22.73% complete, ETA 00:01:43
[INFO] [stdout] # Fork: 1 of 1
[INFO] [stdout] WARNING: Using incubator modules: jdk.incubator.vector
[INFO] [stdout] WARNING: A terminally deprecated method in sun.misc.Unsafe has been called
[INFO] [stdout] WARNING: sun.misc.Unsafe::objectFieldOffset has been called by org.openjdk.jmh.util.Utils (file:/root/.m2/repository/org/openjdk/jmh/jmh-core/1.37/jmh-core-1.37.jar)
[INFO] [stdout] WARNING: Please consider reporting this to the maintainers of class org.openjdk.jmh.util.Utils
[INFO] [stdout] WARNING: sun.misc.Unsafe::objectFieldOffset will be removed in a future release
[INFO] [stdout] Iteration   1: WARNING: A restricted method in java.lang.foreign.SymbolLookup has been called
[INFO] [stdout] WARNING: java.lang.foreign.SymbolLookup::libraryLookup has been called by io.airlift.compress.v3.internal.NativeLoader in an unnamed module (file:/root/.m2/repository/io/airlift/aircompressor-v3/3.4/aircompressor-v3-3.4.jar)
[INFO] [stdout] WARNING: Use --enable-native-access=ALL-UNNAMED to avoid a warning for callers in this module
[INFO] [stdout] WARNING: Restricted methods will be blocked in a future release unless native access is enabled
[INFO] [stdout] 
[INFO] [stdout] 3270.754 ms/op
[INFO] [stdout] 
[INFO] [stdout] 
[INFO] [stdout] Result "org.weakref.nitro.clickbench.BenchmarkQueries.query15":
[INFO] [stdout]   3270.754 ms/op
[INFO] [stdout] 
[INFO] [stdout] 
[INFO] [stdout] # JMH version: 1.37
[INFO] [stdout] # VM version: JDK 26.0.1, OpenJDK 64-Bit Server VM, 26.0.1+8
[INFO] [stdout] # VM invoker: /opt/java/openjdk/bin/java
[INFO] [stdout] # VM options: --enable-preview --add-modules=jdk.incubator.vector -Dnitro.clickbench.hits.path= -Xmx12g -XX:+UseTransparentHugePages -Dnitro.tpch.parquet.path=/root/data/tpch-parquet-sf10 -Dnitro.clickbench.hits.path=/root/data/clickbench -Dnitro.debug.lazyNumericSkip=true
[INFO] [stdout] # Blackhole mode: compiler (auto-detected, use -Djmh.blackhole.autoDetect=false to disable)
[INFO] [stdout] # Warmup: <none>
[INFO] [stdout] # Measurement: 1 iterations, 1 ms each
[INFO] [stdout] # Timeout: 10 min per iteration
[INFO] [stdout] # Threads: 1 thread, will synchronize iterations
[INFO] [stdout] # Benchmark mode: Average time, time/op
[INFO] [stdout] # Benchmark: org.weakref.nitro.clickbench.BenchmarkQueries.query16
[INFO] [stdout] 
[INFO] [stdout] # Run progress: 24.24% complete, ETA 00:01:46
[INFO] [stdout] # Fork: 1 of 1
[INFO] [stdout] WARNING: Using incubator modules: jdk.incubator.vector
[INFO] [stdout] WARNING: A terminally deprecated method in sun.misc.Unsafe has been called
[INFO] [stdout] WARNING: sun.misc.Unsafe::objectFieldOffset has been called by org.openjdk.jmh.util.Utils (file:/root/.m2/repository/org/openjdk/jmh/jmh-core/1.37/jmh-core-1.37.jar)
[INFO] [stdout] WARNING: Please consider reporting this to the maintainers of class org.openjdk.jmh.util.Utils
[INFO] [stdout] WARNING: sun.misc.Unsafe::objectFieldOffset will be removed in a future release
[INFO] [stdout] Iteration   1: WARNING: A restricted method in java.lang.foreign.SymbolLookup has been called
[INFO] [stdout] WARNING: java.lang.foreign.SymbolLookup::libraryLookup has been called by io.airlift.compress.v3.internal.NativeLoader in an unnamed module (file:/root/.m2/repository/io/airlift/aircompressor-v3/3.4/aircompressor-v3-3.4.jar)
[INFO] [stdout] WARNING: Use --enable-native-access=ALL-UNNAMED to avoid a warning for callers in this module
[INFO] [stdout] WARNING: Restricted methods will be blocked in a future release unless native access is enabled
[INFO] [stdout] 
[INFO] [stdout] 1889.988 ms/op
[INFO] [stdout] 
[INFO] [stdout] 
[INFO] [stdout] Result "org.weakref.nitro.clickbench.BenchmarkQueries.query16":
[INFO] [stdout]   1889.988 ms/op
[INFO] [stdout] 
[INFO] [stdout] 
[INFO] [stdout] # JMH version: 1.37
[INFO] [stdout] # VM version: JDK 26.0.1, OpenJDK 64-Bit Server VM, 26.0.1+8
[INFO] [stdout] # VM invoker: /opt/java/openjdk/bin/java
[INFO] [stdout] # VM options: --enable-preview --add-modules=jdk.incubator.vector -Dnitro.clickbench.hits.path= -Xmx12g -XX:+UseTransparentHugePages -Dnitro.tpch.parquet.path=/root/data/tpch-parquet-sf10 -Dnitro.clickbench.hits.path=/root/data/clickbench -Dnitro.debug.lazyNumericSkip=true
[INFO] [stdout] # Blackhole mode: compiler (auto-detected, use -Djmh.blackhole.autoDetect=false to disable)
[INFO] [stdout] # Warmup: <none>
[INFO] [stdout] # Measurement: 1 iterations, 1 ms each
[INFO] [stdout] # Timeout: 10 min per iteration
[INFO] [stdout] # Threads: 1 thread, will synchronize iterations
[INFO] [stdout] # Benchmark mode: Average time, time/op
[INFO] [stdout] # Benchmark: org.weakref.nitro.clickbench.BenchmarkQueries.query17
[INFO] [stdout] 
[INFO] [stdout] # Run progress: 25.76% complete, ETA 00:01:43
[INFO] [stdout] # Fork: 1 of 1
[INFO] [stdout] WARNING: Using incubator modules: jdk.incubator.vector
[INFO] [stdout] WARNING: A terminally deprecated method in sun.misc.Unsafe has been called
[INFO] [stdout] WARNING: sun.misc.Unsafe::objectFieldOffset has been called by org.openjdk.jmh.util.Utils (file:/root/.m2/repository/org/openjdk/jmh/jmh-core/1.37/jmh-core-1.37.jar)
[INFO] [stdout] WARNING: Please consider reporting this to the maintainers of class org.openjdk.jmh.util.Utils
[INFO] [stdout] WARNING: sun.misc.Unsafe::objectFieldOffset will be removed in a future release
[INFO] [stdout] Iteration   1: WARNING: A restricted method in java.lang.foreign.SymbolLookup has been called
[INFO] [stdout] WARNING: java.lang.foreign.SymbolLookup::libraryLookup has been called by io.airlift.compress.v3.internal.NativeLoader in an unnamed module (file:/root/.m2/repository/io/airlift/aircompressor-v3/3.4/aircompressor-v3-3.4.jar)
[INFO] [stdout] WARNING: Use --enable-native-access=ALL-UNNAMED to avoid a warning for callers in this module
[INFO] [stdout] WARNING: Restricted methods will be blocked in a future release unless native access is enabled
[INFO] [stdout] 
[INFO] [stdout] 6644.883 ms/op
[INFO] [stdout] 
[INFO] [stdout] 
[INFO] [stdout] Result "org.weakref.nitro.clickbench.BenchmarkQueries.query17":
[INFO] [stdout]   6644.883 ms/op
[INFO] [stdout] 
[INFO] [stdout] 
[INFO] [stdout] # JMH version: 1.37
[INFO] [stdout] # VM version: JDK 26.0.1, OpenJDK 64-Bit Server VM, 26.0.1+8
[INFO] [stdout] # VM invoker: /opt/java/openjdk/bin/java
[INFO] [stdout] # VM options: --enable-preview --add-modules=jdk.incubator.vector -Dnitro.clickbench.hits.path= -Xmx12g -XX:+UseTransparentHugePages -Dnitro.tpch.parquet.path=/root/data/tpch-parquet-sf10 -Dnitro.clickbench.hits.path=/root/data/clickbench -Dnitro.debug.lazyNumericSkip=true
[INFO] [stdout] # Blackhole mode: compiler (auto-detected, use -Djmh.blackhole.autoDetect=false to disable)
[INFO] [stdout] # Warmup: <none>
[INFO] [stdout] # Measurement: 1 iterations, 1 ms each
[INFO] [stdout] # Timeout: 10 min per iteration
[INFO] [stdout] # Threads: 1 thread, will synchronize iterations
[INFO] [stdout] # Benchmark mode: Average time, time/op
[INFO] [stdout] # Benchmark: org.weakref.nitro.clickbench.BenchmarkQueries.query18
[INFO] [stdout] 
[INFO] [stdout] # Run progress: 27.27% complete, ETA 00:01:54
[INFO] [stdout] # Fork: 1 of 1
[INFO] [stdout] WARNING: Using incubator modules: jdk.incubator.vector
[INFO] [stdout] WARNING: A terminally deprecated method in sun.misc.Unsafe has been called
[INFO] [stdout] WARNING: sun.misc.Unsafe::objectFieldOffset has been called by org.openjdk.jmh.util.Utils (file:/root/.m2/repository/org/openjdk/jmh/jmh-core/1.37/jmh-core-1.37.jar)
[INFO] [stdout] WARNING: Please consider reporting this to the maintainers of class org.openjdk.jmh.util.Utils
[INFO] [stdout] WARNING: sun.misc.Unsafe::objectFieldOffset will be removed in a future release
[INFO] [stdout] Iteration   1: WARNING: A restricted method in java.lang.foreign.SymbolLookup has been called
[INFO] [stdout] WARNING: java.lang.foreign.SymbolLookup::libraryLookup has been called by io.airlift.compress.v3.internal.NativeLoader in an unnamed module (file:/root/.m2/repository/io/airlift/aircompressor-v3/3.4/aircompressor-v3-3.4.jar)
[INFO] [stdout] WARNING: Use --enable-native-access=ALL-UNNAMED to avoid a warning for callers in this module
[INFO] [stdout] WARNING: Restricted methods will be blocked in a future release unless native access is enabled
[INFO] [stdout] 
[INFO] [stdout] 5892.360 ms/op
[INFO] [stdout] 
[INFO] [stdout] 
[INFO] [stdout] Result "org.weakref.nitro.clickbench.BenchmarkQueries.query18":
[INFO] [stdout]   5892.360 ms/op
[INFO] [stdout] 
[INFO] [stdout] 
[INFO] [stdout] # JMH version: 1.37
[INFO] [stdout] # VM version: JDK 26.0.1, OpenJDK 64-Bit Server VM, 26.0.1+8
[INFO] [stdout] # VM invoker: /opt/java/openjdk/bin/java
[INFO] [stdout] # VM options: --enable-preview --add-modules=jdk.incubator.vector -Dnitro.clickbench.hits.path= -Xmx12g -XX:+UseTransparentHugePages -Dnitro.tpch.parquet.path=/root/data/tpch-parquet-sf10 -Dnitro.clickbench.hits.path=/root/data/clickbench -Dnitro.debug.lazyNumericSkip=true
[INFO] [stdout] # Blackhole mode: compiler (auto-detected, use -Djmh.blackhole.autoDetect=false to disable)
[INFO] [stdout] # Warmup: <none>
[INFO] [stdout] # Measurement: 1 iterations, 1 ms each
[INFO] [stdout] # Timeout: 10 min per iteration
[INFO] [stdout] # Threads: 1 thread, will synchronize iterations
[INFO] [stdout] # Benchmark mode: Average time, time/op
[INFO] [stdout] # Benchmark: org.weakref.nitro.clickbench.BenchmarkQueries.query19
[INFO] [stdout] 
[INFO] [stdout] # Run progress: 28.79% complete, ETA 00:02:01
[INFO] [stdout] # Fork: 1 of 1
[INFO] [stdout] WARNING: Using incubator modules: jdk.incubator.vector
[INFO] [stdout] WARNING: A terminally deprecated method in sun.misc.Unsafe has been called
[INFO] [stdout] WARNING: sun.misc.Unsafe::objectFieldOffset has been called by org.openjdk.jmh.util.Utils (file:/root/.m2/repository/org/openjdk/jmh/jmh-core/1.37/jmh-core-1.37.jar)
[INFO] [stdout] WARNING: Please consider reporting this to the maintainers of class org.openjdk.jmh.util.Utils
[INFO] [stdout] WARNING: sun.misc.Unsafe::objectFieldOffset will be removed in a future release
[INFO] [stdout] Iteration   1: WARNING: A restricted method in java.lang.foreign.SymbolLookup has been called
[INFO] [stdout] WARNING: java.lang.foreign.SymbolLookup::libraryLookup has been called by io.airlift.compress.v3.internal.NativeLoader in an unnamed module (file:/root/.m2/repository/io/airlift/aircompressor-v3/3.4/aircompressor-v3-3.4.jar)
[INFO] [stdout] WARNING: Use --enable-native-access=ALL-UNNAMED to avoid a warning for callers in this module
[INFO] [stdout] WARNING: Restricted methods will be blocked in a future release unless native access is enabled
[INFO] [stdout] 
[INFO] [stdout] 12782.946 ms/op
[INFO] [stdout] 
[INFO] [stdout] 
[INFO] [stdout] Result "org.weakref.nitro.clickbench.BenchmarkQueries.query19":
[INFO] [stdout]   12782.946 ms/op
[INFO] [stdout] 
[INFO] [stdout] 
[INFO] [stdout] # JMH version: 1.37
[INFO] [stdout] # VM version: JDK 26.0.1, OpenJDK 64-Bit Server VM, 26.0.1+8
[INFO] [stdout] # VM invoker: /opt/java/openjdk/bin/java
[INFO] [stdout] # VM options: --enable-preview --add-modules=jdk.incubator.vector -Dnitro.clickbench.hits.path= -Xmx12g -XX:+UseTransparentHugePages -Dnitro.tpch.parquet.path=/root/data/tpch-parquet-sf10 -Dnitro.clickbench.hits.path=/root/data/clickbench -Dnitro.debug.lazyNumericSkip=true
[INFO] [stdout] # Blackhole mode: compiler (auto-detected, use -Djmh.blackhole.autoDetect=false to disable)
[INFO] [stdout] # Warmup: <none>
[INFO] [stdout] # Measurement: 1 iterations, 1 ms each
[INFO] [stdout] # Timeout: 10 min per iteration
[INFO] [stdout] # Threads: 1 thread, will synchronize iterations
[INFO] [stdout] # Benchmark mode: Average time, time/op
[INFO] [stdout] # Benchmark: org.weakref.nitro.clickbench.BenchmarkQueries.query20
[INFO] [stdout] 
[INFO] [stdout] # Run progress: 30.30% complete, ETA 00:02:22
[INFO] [stdout] # Fork: 1 of 1
[INFO] [stdout] WARNING: Using incubator modules: jdk.incubator.vector
[INFO] [stdout] WARNING: A terminally deprecated method in sun.misc.Unsafe has been called
[INFO] [stdout] WARNING: sun.misc.Unsafe::objectFieldOffset has been called by org.openjdk.jmh.util.Utils (file:/root/.m2/repository/org/openjdk/jmh/jmh-core/1.37/jmh-core-1.37.jar)
[INFO] [stdout] WARNING: Please consider reporting this to the maintainers of class org.openjdk.jmh.util.Utils
[INFO] [stdout] WARNING: sun.misc.Unsafe::objectFieldOffset will be removed in a future release
[INFO] [stdout] Iteration   1: WARNING: A restricted method in java.lang.foreign.SymbolLookup has been called
[INFO] [stdout] WARNING: java.lang.foreign.SymbolLookup::libraryLookup has been called by io.airlift.compress.v3.internal.NativeLoader in an unnamed module (file:/root/.m2/repository/io/airlift/aircompressor-v3/3.4/aircompressor-v3-3.4.jar)
[INFO] [stdout] WARNING: Use --enable-native-access=ALL-UNNAMED to avoid a warning for callers in this module
[INFO] [stdout] WARNING: Restricted methods will be blocked in a future release unless native access is enabled
[INFO] [stdout] 
[INFO] [stdout] 357.462 ms/op
[INFO] [stdout] 
[INFO] [stdout] 
[INFO] [stdout] Result "org.weakref.nitro.clickbench.BenchmarkQueries.query20":
[INFO] [stdout]   357.462 ms/op
[INFO] [stdout] 
[INFO] [stdout] 
[INFO] [stdout] # JMH version: 1.37
[INFO] [stdout] # VM version: JDK 26.0.1, OpenJDK 64-Bit Server VM, 26.0.1+8
[INFO] [stdout] # VM invoker: /opt/java/openjdk/bin/java
[INFO] [stdout] # VM options: --enable-preview --add-modules=jdk.incubator.vector -Dnitro.clickbench.hits.path= -Xmx12g -XX:+UseTransparentHugePages -Dnitro.tpch.parquet.path=/root/data/tpch-parquet-sf10 -Dnitro.clickbench.hits.path=/root/data/clickbench -Dnitro.debug.lazyNumericSkip=true
[INFO] [stdout] # Blackhole mode: compiler (auto-detected, use -Djmh.blackhole.autoDetect=false to disable)
[INFO] [stdout] # Warmup: <none>
[INFO] [stdout] # Measurement: 1 iterations, 1 ms each
[INFO] [stdout] # Timeout: 10 min per iteration
[INFO] [stdout] # Threads: 1 thread, will synchronize iterations
[INFO] [stdout] # Benchmark mode: Average time, time/op
[INFO] [stdout] # Benchmark: org.weakref.nitro.clickbench.BenchmarkQueries.query21
[INFO] [stdout] 
[INFO] [stdout] # Run progress: 31.82% complete, ETA 00:02:13
[INFO] [stdout] # Fork: 1 of 1
[INFO] [stdout] WARNING: Using incubator modules: jdk.incubator.vector
[INFO] [stdout] WARNING: A terminally deprecated method in sun.misc.Unsafe has been called
[INFO] [stdout] WARNING: sun.misc.Unsafe::objectFieldOffset has been called by org.openjdk.jmh.util.Utils (file:/root/.m2/repository/org/openjdk/jmh/jmh-core/1.37/jmh-core-1.37.jar)
[INFO] [stdout] WARNING: Please consider reporting this to the maintainers of class org.openjdk.jmh.util.Utils
[INFO] [stdout] WARNING: sun.misc.Unsafe::objectFieldOffset will be removed in a future release
[INFO] [stdout] Iteration   1: WARNING: A restricted method in java.lang.foreign.SymbolLookup has been called
[INFO] [stdout] WARNING: java.lang.foreign.SymbolLookup::libraryLookup has been called by io.airlift.compress.v3.internal.NativeLoader in an unnamed module (file:/root/.m2/repository/io/airlift/aircompressor-v3/3.4/aircompressor-v3-3.4.jar)
[INFO] [stdout] WARNING: Use --enable-native-access=ALL-UNNAMED to avoid a warning for callers in this module
[INFO] [stdout] WARNING: Restricted methods will be blocked in a future release unless native access is enabled
[INFO] [stdout] 
[INFO] [stdout] 5856.816 ms/op
[INFO] [stdout] 
[INFO] [stdout] 
[INFO] [stdout] Result "org.weakref.nitro.clickbench.BenchmarkQueries.query21":
[INFO] [stdout]   5856.816 ms/op
[INFO] [stdout] 
[INFO] [stdout] 
[INFO] [stdout] # JMH version: 1.37
[INFO] [stdout] # VM version: JDK 26.0.1, OpenJDK 64-Bit Server VM, 26.0.1+8
[INFO] [stdout] # VM invoker: /opt/java/openjdk/bin/java
[INFO] [stdout] # VM options: --enable-preview --add-modules=jdk.incubator.vector -Dnitro.clickbench.hits.path= -Xmx12g -XX:+UseTransparentHugePages -Dnitro.tpch.parquet.path=/root/data/tpch-parquet-sf10 -Dnitro.clickbench.hits.path=/root/data/clickbench -Dnitro.debug.lazyNumericSkip=true
[INFO] [stdout] # Blackhole mode: compiler (auto-detected, use -Djmh.blackhole.autoDetect=false to disable)
[INFO] [stdout] # Warmup: <none>
[INFO] [stdout] # Measurement: 1 iterations, 1 ms each
[INFO] [stdout] # Timeout: 10 min per iteration
[INFO] [stdout] # Threads: 1 thread, will synchronize iterations
[INFO] [stdout] # Benchmark mode: Average time, time/op
[INFO] [stdout] # Benchmark: org.weakref.nitro.clickbench.BenchmarkQueries.query22
[INFO] [stdout] 
[INFO] [stdout] # Run progress: 33.33% complete, ETA 00:02:16
[INFO] [stdout] # Fork: 1 of 1
[INFO] [stdout] WARNING: Using incubator modules: jdk.incubator.vector
[INFO] [stdout] WARNING: A terminally deprecated method in sun.misc.Unsafe has been called
[INFO] [stdout] WARNING: sun.misc.Unsafe::objectFieldOffset has been called by org.openjdk.jmh.util.Utils (file:/root/.m2/repository/org/openjdk/jmh/jmh-core/1.37/jmh-core-1.37.jar)
[INFO] [stdout] WARNING: Please consider reporting this to the maintainers of class org.openjdk.jmh.util.Utils
[INFO] [stdout] WARNING: sun.misc.Unsafe::objectFieldOffset will be removed in a future release
[INFO] [stdout] Iteration   1: WARNING: A restricted method in java.lang.foreign.SymbolLookup has been called
[INFO] [stdout] WARNING: java.lang.foreign.SymbolLookup::libraryLookup has been called by io.airlift.compress.v3.internal.NativeLoader in an unnamed module (file:/root/.m2/repository/io/airlift/aircompressor-v3/3.4/aircompressor-v3-3.4.jar)
[INFO] [stdout] WARNING: Use --enable-native-access=ALL-UNNAMED to avoid a warning for callers in this module
[INFO] [stdout] WARNING: Restricted methods will be blocked in a future release unless native access is enabled
[INFO] [stdout] 
[INFO] [stdout] 6815.143 ms/op
[INFO] [stdout] 
[INFO] [stdout] 
[INFO] [stdout] Result "org.weakref.nitro.clickbench.BenchmarkQueries.query22":
[INFO] [stdout]   6815.143 ms/op
[INFO] [stdout] 
[INFO] [stdout] 
[INFO] [stdout] # JMH version: 1.37
[INFO] [stdout] # VM version: JDK 26.0.1, OpenJDK 64-Bit Server VM, 26.0.1+8
[INFO] [stdout] # VM invoker: /opt/java/openjdk/bin/java
[INFO] [stdout] # VM options: --enable-preview --add-modules=jdk.incubator.vector -Dnitro.clickbench.hits.path= -Xmx12g -XX:+UseTransparentHugePages -Dnitro.tpch.parquet.path=/root/data/tpch-parquet-sf10 -Dnitro.clickbench.hits.path=/root/data/clickbench -Dnitro.debug.lazyNumericSkip=true
[INFO] [stdout] # Blackhole mode: compiler (auto-detected, use -Djmh.blackhole.autoDetect=false to disable)
[INFO] [stdout] # Warmup: <none>
[INFO] [stdout] # Measurement: 1 iterations, 1 ms each
[INFO] [stdout] # Timeout: 10 min per iteration
[INFO] [stdout] # Threads: 1 thread, will synchronize iterations
[INFO] [stdout] # Benchmark mode: Average time, time/op
[INFO] [stdout] # Benchmark: org.weakref.nitro.clickbench.BenchmarkQueries.query23
[INFO] [stdout] 
[INFO] [stdout] # Run progress: 34.85% complete, ETA 00:02:21
[INFO] [stdout] # Fork: 1 of 1
[INFO] [stdout] WARNING: Using incubator modules: jdk.incubator.vector
[INFO] [stdout] WARNING: A terminally deprecated method in sun.misc.Unsafe has been called
[INFO] [stdout] WARNING: sun.misc.Unsafe::objectFieldOffset has been called by org.openjdk.jmh.util.Utils (file:/root/.m2/repository/org/openjdk/jmh/jmh-core/1.37/jmh-core-1.37.jar)
[INFO] [stdout] WARNING: Please consider reporting this to the maintainers of class org.openjdk.jmh.util.Utils
[INFO] [stdout] WARNING: sun.misc.Unsafe::objectFieldOffset will be removed in a future release
[INFO] [stdout] Iteration   1: WARNING: A restricted method in java.lang.foreign.SymbolLookup has been called
[INFO] [stdout] WARNING: java.lang.foreign.SymbolLookup::libraryLookup has been called by io.airlift.compress.v3.internal.NativeLoader in an unnamed module (file:/root/.m2/repository/io/airlift/aircompressor-v3/3.4/aircompressor-v3-3.4.jar)
[INFO] [stdout] WARNING: Use --enable-native-access=ALL-UNNAMED to avoid a warning for callers in this module
[INFO] [stdout] WARNING: Restricted methods will be blocked in a future release unless native access is enabled
[INFO] [stdout] 
[INFO] [stdout] 9805.185 ms/op
[INFO] [stdout] 
[INFO] [stdout] 
[INFO] [stdout] Result "org.weakref.nitro.clickbench.BenchmarkQueries.query23":
[INFO] [stdout]   9805.185 ms/op
[INFO] [stdout] 
[INFO] [stdout] 
[INFO] [stdout] # JMH version: 1.37
[INFO] [stdout] # VM version: JDK 26.0.1, OpenJDK 64-Bit Server VM, 26.0.1+8
[INFO] [stdout] # VM invoker: /opt/java/openjdk/bin/java
[INFO] [stdout] # VM options: --enable-preview --add-modules=jdk.incubator.vector -Dnitro.clickbench.hits.path= -Xmx12g -XX:+UseTransparentHugePages -Dnitro.tpch.parquet.path=/root/data/tpch-parquet-sf10 -Dnitro.clickbench.hits.path=/root/data/clickbench -Dnitro.debug.lazyNumericSkip=true
[INFO] [stdout] # Blackhole mode: compiler (auto-detected, use -Djmh.blackhole.autoDetect=false to disable)
[INFO] [stdout] # Warmup: <none>
[INFO] [stdout] # Measurement: 1 iterations, 1 ms each
[INFO] [stdout] # Timeout: 10 min per iteration
[INFO] [stdout] # Threads: 1 thread, will synchronize iterations
[INFO] [stdout] # Benchmark mode: Average time, time/op
[INFO] [stdout] # Benchmark: org.weakref.nitro.clickbench.BenchmarkQueries.query24
[INFO] [stdout] 
[INFO] [stdout] # Run progress: 36.36% complete, ETA 00:02:29
[INFO] [stdout] # Fork: 1 of 1
[INFO] [stdout] WARNING: Using incubator modules: jdk.incubator.vector
[INFO] [stdout] WARNING: A terminally deprecated method in sun.misc.Unsafe has been called
[INFO] [stdout] WARNING: sun.misc.Unsafe::objectFieldOffset has been called by org.openjdk.jmh.util.Utils (file:/root/.m2/repository/org/openjdk/jmh/jmh-core/1.37/jmh-core-1.37.jar)
[INFO] [stdout] WARNING: Please consider reporting this to the maintainers of class org.openjdk.jmh.util.Utils
[INFO] [stdout] WARNING: sun.misc.Unsafe::objectFieldOffset will be removed in a future release
[INFO] [stdout] Iteration   1: WARNING: A restricted method in java.lang.foreign.SymbolLookup has been called
[INFO] [stdout] WARNING: java.lang.foreign.SymbolLookup::libraryLookup has been called by io.airlift.compress.v3.internal.NativeLoader in an unnamed module (file:/root/.m2/repository/io/airlift/aircompressor-v3/3.4/aircompressor-v3-3.4.jar)
[INFO] [stdout] WARNING: Use --enable-native-access=ALL-UNNAMED to avoid a warning for callers in this module
[INFO] [stdout] WARNING: Restricted methods will be blocked in a future release unless native access is enabled
[INFO] [stdout] 
[WARNING] [stderr] [lazy-numeric-skip] column=EventTime dictionary=131992 survivors=2/10000 fragmented=true
[WARNING] [stderr] [lazy-numeric-skip] column=WatchID dictionary=132094 survivors=2/10000 fragmented=true
[WARNING] [stderr] [lazy-numeric-skip] column=JavaEnable dictionary=2 survivors=2/10000 fragmented=true
[WARNING] [stderr] [lazy-numeric-skip] column=GoodEvent dictionary=1 survivors=2/10000 fragmented=true
[WARNING] [stderr] [lazy-numeric-skip] column=EventDate dictionary=11 survivors=2/10000 fragmented=true
[WARNING] [stderr] [lazy-numeric-skip] column=CounterID dictionary=302 survivors=2/10000 fragmented=true
[WARNING] [stderr] [lazy-numeric-skip] column=ClientIP dictionary=256921 survivors=2/10000 fragmented=true
[WARNING] [stderr] [lazy-numeric-skip] column=RegionID dictionary=3021 survivors=2/10000 fragmented=true
[WARNING] [stderr] [lazy-numeric-skip] column=UserID dictionary=131684 survivors=2/10000 fragmented=true
[WARNING] [stderr] [lazy-numeric-skip] column=CounterClass dictionary=2 survivors=2/10000 fragmented=true
[WARNING] [stderr] [lazy-numeric-skip] column=OS dictionary=70 survivors=2/10000 fragmented=true
[WARNING] [stderr] [lazy-numeric-skip] column=UserAgent dictionary=39 survivors=2/10000 fragmented=true
[WARNING] [stderr] [lazy-numeric-skip] column=IsRefresh dictionary=2 survivors=2/10000 fragmented=true
[WARNING] [stderr] [lazy-numeric-skip] column=RefererCategoryID dictionary=493 survivors=2/10000 fragmented=true
[WARNING] [stderr] [lazy-numeric-skip] column=RefererRegionID dictionary=326 survivors=2/10000 fragmented=true
[WARNING] [stderr] [lazy-numeric-skip] column=URLCategoryID dictionary=520 survivors=2/10000 fragmented=true
[WARNING] [stderr] [lazy-numeric-skip] column=URLRegionID dictionary=269 survivors=2/10000 fragmented=true
[WARNING] [stderr] [lazy-numeric-skip] column=ResolutionWidth dictionary=727 survivors=2/10000 fragmented=true
[WARNING] [stderr] [lazy-numeric-skip] column=ResolutionHeight dictionary=1308 survivors=2/10000 fragmented=true
[WARNING] [stderr] [lazy-numeric-skip] column=ResolutionDepth dictionary=6 survivors=2/10000 fragmented=true
[WARNING] [stderr] [lazy-numeric-skip] column=FlashMajor dictionary=9 survivors=2/10000 fragmented=true
[WARNING] [stderr] [lazy-numeric-skip] column=FlashMinor dictionary=9 survivors=2/10000 fragmented=true
[WARNING] [stderr] [lazy-numeric-skip] column=NetMajor dictionary=6 survivors=2/10000 fragmented=true
[WARNING] [stderr] [lazy-numeric-skip] column=NetMinor dictionary=5 survivors=2/10000 fragmented=true
[WARNING] [stderr] [lazy-numeric-skip] column=UserAgentMajor dictionary=38 survivors=2/10000 fragmented=true
[WARNING] [stderr] [lazy-numeric-skip] column=CookieEnable dictionary=2 survivors=2/10000 fragmented=true
[WARNING] [stderr] [lazy-numeric-skip] column=JavascriptEnable dictionary=2 survivors=2/10000 fragmented=true
[WARNING] [stderr] [lazy-numeric-skip] column=IsMobile dictionary=2 survivors=2/10000 fragmented=true
[WARNING] [stderr] [lazy-numeric-skip] column=MobilePhone dictionary=30 survivors=2/10000 fragmented=true
[WARNING] [stderr] [lazy-numeric-skip] column=IPNetworkID dictionary=22418 survivors=2/10000 fragmented=true
[WARNING] [stderr] [lazy-numeric-skip] column=TraficSourceID dictionary=10 survivors=2/10000 fragmented=true
[WARNING] [stderr] [lazy-numeric-skip] column=SearchEngineID dictionary=60 survivors=2/10000 fragmented=true
[WARNING] [stderr] [lazy-numeric-skip] column=AdvEngineID dictionary=11 survivors=2/10000 fragmented=true
[WARNING] [stderr] [lazy-numeric-skip] column=IsArtifical dictionary=2 survivors=2/10000 fragmented=true
[WARNING] [stderr] [lazy-numeric-skip] column=WindowClientWidth dictionary=1876 survivors=2/10000 fragmented=true
[WARNING] [stderr] [lazy-numeric-skip] column=WindowClientHeight dictionary=2557 survivors=2/10000 fragmented=true
[WARNING] [stderr] [lazy-numeric-skip] column=ClientTimeZone dictionary=92 survivors=2/10000 fragmented=true
[WARNING] [stderr] [lazy-numeric-skip] column=ClientEventTime dictionary=132002 survivors=2/10000 fragmented=true
[WARNING] [stderr] [lazy-numeric-skip] column=SilverlightVersion1 dictionary=7 survivors=2/10000 fragmented=true
[WARNING] [stderr] [lazy-numeric-skip] column=SilverlightVersion2 dictionary=2 survivors=2/10000 fragmented=true
[WARNING] [stderr] [lazy-numeric-skip] column=SilverlightVersion3 dictionary=40 survivors=2/10000 fragmented=true
[WARNING] [stderr] [lazy-numeric-skip] column=SilverlightVersion4 dictionary=4 survivors=2/10000 fragmented=true
[WARNING] [stderr] [lazy-numeric-skip] column=CodeVersion dictionary=10 survivors=2/10000 fragmented=true
[WARNING] [stderr] [lazy-numeric-skip] column=IsLink dictionary=2 survivors=2/10000 fragmented=true
[WARNING] [stderr] [lazy-numeric-skip] column=IsDownload dictionary=2 survivors=2/10000 fragmented=true
[WARNING] [stderr] [lazy-numeric-skip] column=IsNotBounce dictionary=2 survivors=2/10000 fragmented=true
[WARNING] [stderr] [lazy-numeric-skip] column=FUniqID dictionary=131645 survivors=2/10000 fragmented=true
[WARNING] [stderr] [lazy-numeric-skip] column=HID dictionary=263166 survivors=2/10000 fragmented=true
[WARNING] [stderr] [lazy-numeric-skip] column=IsOldCounter dictionary=2 survivors=2/10000 fragmented=true
[WARNING] [stderr] [lazy-numeric-skip] column=IsEvent dictionary=1 survivors=2/10000 fragmented=true
[WARNING] [stderr] [lazy-numeric-skip] column=IsParameter dictionary=2 survivors=2/10000 fragmented=true
[WARNING] [stderr] [lazy-numeric-skip] column=DontCountHits dictionary=2 survivors=2/10000 fragmented=true
[WARNING] [stderr] [lazy-numeric-skip] column=WithHash dictionary=2 survivors=2/10000 fragmented=true
[WARNING] [stderr] [lazy-numeric-skip] column=LocalEventTime dictionary=131983 survivors=2/10000 fragmented=true
[WARNING] [stderr] [lazy-numeric-skip] column=Age dictionary=6 survivors=2/10000 fragmented=true
[WARNING] [stderr] [lazy-numeric-skip] column=Sex dictionary=3 survivors=2/10000 fragmented=true
[WARNING] [stderr] [lazy-numeric-skip] column=Income dictionary=4 survivors=2/10000 fragmented=true
[WARNING] [stderr] [lazy-numeric-skip] column=Interests dictionary=3571 survivors=2/10000 fragmented=true
[WARNING] [stderr] [lazy-numeric-skip] column=Robotness dictionary=256 survivors=2/10000 fragmented=true
[WARNING] [stderr] [lazy-numeric-skip] column=RemoteIP dictionary=255628 survivors=2/10000 fragmented=true
[WARNING] [stderr] [lazy-numeric-skip] column=WindowName dictionary=65367 survivors=2/10000 fragmented=true
[WARNING] [stderr] [lazy-numeric-skip] column=OpenerName dictionary=6 survivors=2/10000 fragmented=true
[WARNING] [stderr] [lazy-numeric-skip] column=HistoryLength dictionary=679 survivors=2/10000 fragmented=true
[WARNING] [stderr] [lazy-numeric-skip] column=HTTPError dictionary=1 survivors=2/10000 fragmented=true
[WARNING] [stderr] [lazy-numeric-skip] column=SendTiming dictionary=9323 survivors=2/10000 fragmented=true
[WARNING] [stderr] [lazy-numeric-skip] column=DNSTiming dictionary=2170 survivors=2/10000 fragmented=true
[WARNING] [stderr] [lazy-numeric-skip] column=ConnectTiming dictionary=4311 survivors=2/10000 fragmented=true
[WARNING] [stderr] [lazy-numeric-skip] column=ResponseStartTiming dictionary=15000 survivors=2/10000 fragmented=true
[WARNING] [stderr] [lazy-numeric-skip] column=ResponseEndTiming dictionary=9620 survivors=2/10000 fragmented=true
[WARNING] [stderr] [lazy-numeric-skip] column=FetchTiming dictionary=8412 survivors=2/10000 fragmented=true
[WARNING] [stderr] [lazy-numeric-skip] column=SocialSourceNetworkID dictionary=20 survivors=2/10000 fragmented=true
[WARNING] [stderr] [lazy-numeric-skip] column=ParamPrice dictionary=445 survivors=2/10000 fragmented=true
[WARNING] [stderr] [lazy-numeric-skip] column=ParamCurrencyID dictionary=2 survivors=2/10000 fragmented=true
[WARNING] [stderr] [lazy-numeric-skip] column=HasGCLID dictionary=2 survivors=2/10000 fragmented=true
[WARNING] [stderr] [lazy-numeric-skip] column=RefererHash dictionary=131844 survivors=2/10000 fragmented=true
[WARNING] [stderr] [lazy-numeric-skip] column=URLHash dictionary=131760 survivors=2/10000 fragmented=true
[WARNING] [stderr] [lazy-numeric-skip] column=CLID dictionary=305 survivors=2/10000 fragmented=true
[INFO] [stdout] 10567.767 ms/op
[INFO] [stdout] 
[INFO] [stdout] 
[INFO] [stdout] Result "org.weakref.nitro.clickbench.BenchmarkQueries.query24":
[INFO] [stdout]   10567.767 ms/op
[INFO] [stdout] 
[INFO] [stdout] 
[INFO] [stdout] # JMH version: 1.37
[INFO] [stdout] # VM version: JDK 26.0.1, OpenJDK 64-Bit Server VM, 26.0.1+8
[INFO] [stdout] # VM invoker: /opt/java/openjdk/bin/java
[INFO] [stdout] # VM options: --enable-preview --add-modules=jdk.incubator.vector -Dnitro.clickbench.hits.path= -Xmx12g -XX:+UseTransparentHugePages -Dnitro.tpch.parquet.path=/root/data/tpch-parquet-sf10 -Dnitro.clickbench.hits.path=/root/data/clickbench -Dnitro.debug.lazyNumericSkip=true
[INFO] [stdout] # Blackhole mode: compiler (auto-detected, use -Djmh.blackhole.autoDetect=false to disable)
[INFO] [stdout] # Warmup: <none>
[INFO] [stdout] # Measurement: 1 iterations, 1 ms each
[INFO] [stdout] # Timeout: 10 min per iteration
[INFO] [stdout] # Threads: 1 thread, will synchronize iterations
[INFO] [stdout] # Benchmark mode: Average time, time/op
[INFO] [stdout] # Benchmark: org.weakref.nitro.clickbench.BenchmarkQueries.query25
[INFO] [stdout] 
[INFO] [stdout] # Run progress: 37.88% complete, ETA 00:02:37
[INFO] [stdout] # Fork: 1 of 1
[INFO] [stdout] WARNING: Using incubator modules: jdk.incubator.vector
[INFO] [stdout] WARNING: A terminally deprecated method in sun.misc.Unsafe has been called
[INFO] [stdout] WARNING: sun.misc.Unsafe::objectFieldOffset has been called by org.openjdk.jmh.util.Utils (file:/root/.m2/repository/org/openjdk/jmh/jmh-core/1.37/jmh-core-1.37.jar)
[INFO] [stdout] WARNING: Please consider reporting this to the maintainers of class org.openjdk.jmh.util.Utils
[INFO] [stdout] WARNING: sun.misc.Unsafe::objectFieldOffset will be removed in a future release
[INFO] [stdout] Iteration   1: WARNING: A restricted method in java.lang.foreign.SymbolLookup has been called
[INFO] [stdout] WARNING: java.lang.foreign.SymbolLookup::libraryLookup has been called by io.airlift.compress.v3.internal.NativeLoader in an unnamed module (file:/root/.m2/repository/io/airlift/aircompressor-v3/3.4/aircompressor-v3-3.4.jar)
[INFO] [stdout] WARNING: Use --enable-native-access=ALL-UNNAMED to avoid a warning for callers in this module
[INFO] [stdout] WARNING: Restricted methods will be blocked in a future release unless native access is enabled
[INFO] [stdout] 
[INFO] [stdout] 2392.593 ms/op
[INFO] [stdout] 
[INFO] [stdout] 
[INFO] [stdout] Result "org.weakref.nitro.clickbench.BenchmarkQueries.query25":
[INFO] [stdout]   2392.593 ms/op
[INFO] [stdout] 
[INFO] [stdout] 
[INFO] [stdout] # JMH version: 1.37
[INFO] [stdout] # VM version: JDK 26.0.1, OpenJDK 64-Bit Server VM, 26.0.1+8
[INFO] [stdout] # VM invoker: /opt/java/openjdk/bin/java
[INFO] [stdout] # VM options: --enable-preview --add-modules=jdk.incubator.vector -Dnitro.clickbench.hits.path= -Xmx12g -XX:+UseTransparentHugePages -Dnitro.tpch.parquet.path=/root/data/tpch-parquet-sf10 -Dnitro.clickbench.hits.path=/root/data/clickbench -Dnitro.debug.lazyNumericSkip=true
[INFO] [stdout] # Blackhole mode: compiler (auto-detected, use -Djmh.blackhole.autoDetect=false to disable)
[INFO] [stdout] # Warmup: <none>
[INFO] [stdout] # Measurement: 1 iterations, 1 ms each
[INFO] [stdout] # Timeout: 10 min per iteration
[INFO] [stdout] # Threads: 1 thread, will synchronize iterations
[INFO] [stdout] # Benchmark mode: Average time, time/op
[INFO] [stdout] # Benchmark: org.weakref.nitro.clickbench.BenchmarkQueries.query26
[INFO] [stdout] 
[INFO] [stdout] # Run progress: 39.39% complete, ETA 00:02:31
[INFO] [stdout] # Fork: 1 of 1
[INFO] [stdout] WARNING: Using incubator modules: jdk.incubator.vector
[INFO] [stdout] WARNING: A terminally deprecated method in sun.misc.Unsafe has been called
[INFO] [stdout] WARNING: sun.misc.Unsafe::objectFieldOffset has been called by org.openjdk.jmh.util.Utils (file:/root/.m2/repository/org/openjdk/jmh/jmh-core/1.37/jmh-core-1.37.jar)
[INFO] [stdout] WARNING: Please consider reporting this to the maintainers of class org.openjdk.jmh.util.Utils
[INFO] [stdout] WARNING: sun.misc.Unsafe::objectFieldOffset will be removed in a future release
[INFO] [stdout] Iteration   1: WARNING: A restricted method in java.lang.foreign.SymbolLookup has been called
[INFO] [stdout] WARNING: java.lang.foreign.SymbolLookup::libraryLookup has been called by io.airlift.compress.v3.internal.NativeLoader in an unnamed module (file:/root/.m2/repository/io/airlift/aircompressor-v3/3.4/aircompressor-v3-3.4.jar)
[INFO] [stdout] WARNING: Use --enable-native-access=ALL-UNNAMED to avoid a warning for callers in this module
[INFO] [stdout] WARNING: Restricted methods will be blocked in a future release unless native access is enabled
[INFO] [stdout] 
[INFO] [stdout] 1792.844 ms/op
[INFO] [stdout] 
[INFO] [stdout] 
[INFO] [stdout] Result "org.weakref.nitro.clickbench.BenchmarkQueries.query26":
[INFO] [stdout]   1792.844 ms/op
[INFO] [stdout] 
[INFO] [stdout] 
[INFO] [stdout] # JMH version: 1.37
[INFO] [stdout] # VM version: JDK 26.0.1, OpenJDK 64-Bit Server VM, 26.0.1+8
[INFO] [stdout] # VM invoker: /opt/java/openjdk/bin/java
[INFO] [stdout] # VM options: --enable-preview --add-modules=jdk.incubator.vector -Dnitro.clickbench.hits.path= -Xmx12g -XX:+UseTransparentHugePages -Dnitro.tpch.parquet.path=/root/data/tpch-parquet-sf10 -Dnitro.clickbench.hits.path=/root/data/clickbench -Dnitro.debug.lazyNumericSkip=true
[INFO] [stdout] # Blackhole mode: compiler (auto-detected, use -Djmh.blackhole.autoDetect=false to disable)
[INFO] [stdout] # Warmup: <none>
[INFO] [stdout] # Measurement: 1 iterations, 1 ms each
[INFO] [stdout] # Timeout: 10 min per iteration
[INFO] [stdout] # Threads: 1 thread, will synchronize iterations
[INFO] [stdout] # Benchmark mode: Average time, time/op
[INFO] [stdout] # Benchmark: org.weakref.nitro.clickbench.BenchmarkQueries.query27
[INFO] [stdout] 
[INFO] [stdout] # Run progress: 40.91% complete, ETA 00:02:25
[INFO] [stdout] # Fork: 1 of 1
[INFO] [stdout] WARNING: Using incubator modules: jdk.incubator.vector
[INFO] [stdout] WARNING: A terminally deprecated method in sun.misc.Unsafe has been called
[INFO] [stdout] WARNING: sun.misc.Unsafe::objectFieldOffset has been called by org.openjdk.jmh.util.Utils (file:/root/.m2/repository/org/openjdk/jmh/jmh-core/1.37/jmh-core-1.37.jar)
[INFO] [stdout] WARNING: Please consider reporting this to the maintainers of class org.openjdk.jmh.util.Utils
[INFO] [stdout] WARNING: sun.misc.Unsafe::objectFieldOffset will be removed in a future release
[INFO] [stdout] Iteration   1: WARNING: A restricted method in java.lang.foreign.SymbolLookup has been called
[INFO] [stdout] WARNING: java.lang.foreign.SymbolLookup::libraryLookup has been called by io.airlift.compress.v3.internal.NativeLoader in an unnamed module (file:/root/.m2/repository/io/airlift/aircompressor-v3/3.4/aircompressor-v3-3.4.jar)
[INFO] [stdout] WARNING: Use --enable-native-access=ALL-UNNAMED to avoid a warning for callers in this module
[INFO] [stdout] WARNING: Restricted methods will be blocked in a future release unless native access is enabled
[INFO] [stdout] 
[INFO] [stdout] 2384.787 ms/op
[INFO] [stdout] 
[INFO] [stdout] 
[INFO] [stdout] Result "org.weakref.nitro.clickbench.BenchmarkQueries.query27":
[INFO] [stdout]   2384.787 ms/op
[INFO] [stdout] 
[INFO] [stdout] 
[INFO] [stdout] # JMH version: 1.37
[INFO] [stdout] # VM version: JDK 26.0.1, OpenJDK 64-Bit Server VM, 26.0.1+8
[INFO] [stdout] # VM invoker: /opt/java/openjdk/bin/java
[INFO] [stdout] # VM options: --enable-preview --add-modules=jdk.incubator.vector -Dnitro.clickbench.hits.path= -Xmx12g -XX:+UseTransparentHugePages -Dnitro.tpch.parquet.path=/root/data/tpch-parquet-sf10 -Dnitro.clickbench.hits.path=/root/data/clickbench -Dnitro.debug.lazyNumericSkip=true
[INFO] [stdout] # Blackhole mode: compiler (auto-detected, use -Djmh.blackhole.autoDetect=false to disable)
[INFO] [stdout] # Warmup: <none>
[INFO] [stdout] # Measurement: 1 iterations, 1 ms each
[INFO] [stdout] # Timeout: 10 min per iteration
[INFO] [stdout] # Threads: 1 thread, will synchronize iterations
[INFO] [stdout] # Benchmark mode: Average time, time/op
[INFO] [stdout] # Benchmark: org.weakref.nitro.clickbench.BenchmarkQueries.query28
[INFO] [stdout] 
[INFO] [stdout] # Run progress: 42.42% complete, ETA 00:02:20
[INFO] [stdout] # Fork: 1 of 1
[INFO] [stdout] WARNING: Using incubator modules: jdk.incubator.vector
[INFO] [stdout] WARNING: A terminally deprecated method in sun.misc.Unsafe has been called
[INFO] [stdout] WARNING: sun.misc.Unsafe::objectFieldOffset has been called by org.openjdk.jmh.util.Utils (file:/root/.m2/repository/org/openjdk/jmh/jmh-core/1.37/jmh-core-1.37.jar)
[INFO] [stdout] WARNING: Please consider reporting this to the maintainers of class org.openjdk.jmh.util.Utils
[INFO] [stdout] WARNING: sun.misc.Unsafe::objectFieldOffset will be removed in a future release
[INFO] [stdout] Iteration   1: WARNING: A restricted method in java.lang.foreign.SymbolLookup has been called
[INFO] [stdout] WARNING: java.lang.foreign.SymbolLookup::libraryLookup has been called by io.airlift.compress.v3.internal.NativeLoader in an unnamed module (file:/root/.m2/repository/io/airlift/aircompressor-v3/3.4/aircompressor-v3-3.4.jar)
[INFO] [stdout] WARNING: Use --enable-native-access=ALL-UNNAMED to avoid a warning for callers in this module
[INFO] [stdout] WARNING: Restricted methods will be blocked in a future release unless native access is enabled
[INFO] [stdout] 
[INFO] [stdout] 7544.088 ms/op
[INFO] [stdout] 
[INFO] [stdout] 
[INFO] [stdout] Result "org.weakref.nitro.clickbench.BenchmarkQueries.query28":
[INFO] [stdout]   7544.088 ms/op
[INFO] [stdout] 
[INFO] [stdout] 
[INFO] [stdout] # JMH version: 1.37
[INFO] [stdout] # VM version: JDK 26.0.1, OpenJDK 64-Bit Server VM, 26.0.1+8
[INFO] [stdout] # VM invoker: /opt/java/openjdk/bin/java
[INFO] [stdout] # VM options: --enable-preview --add-modules=jdk.incubator.vector -Dnitro.clickbench.hits.path= -Xmx12g -XX:+UseTransparentHugePages -Dnitro.tpch.parquet.path=/root/data/tpch-parquet-sf10 -Dnitro.clickbench.hits.path=/root/data/clickbench -Dnitro.debug.lazyNumericSkip=true
[INFO] [stdout] # Blackhole mode: compiler (auto-detected, use -Djmh.blackhole.autoDetect=false to disable)
[INFO] [stdout] # Warmup: <none>
[INFO] [stdout] # Measurement: 1 iterations, 1 ms each
[INFO] [stdout] # Timeout: 10 min per iteration
[INFO] [stdout] # Threads: 1 thread, will synchronize iterations
[INFO] [stdout] # Benchmark mode: Average time, time/op
[INFO] [stdout] # Benchmark: org.weakref.nitro.clickbench.BenchmarkQueries.query29
[INFO] [stdout] 
[INFO] [stdout] # Run progress: 43.94% complete, ETA 00:02:21
[INFO] [stdout] # Fork: 1 of 1
[INFO] [stdout] WARNING: Using incubator modules: jdk.incubator.vector
[INFO] [stdout] WARNING: A terminally deprecated method in sun.misc.Unsafe has been called
[INFO] [stdout] WARNING: sun.misc.Unsafe::objectFieldOffset has been called by org.openjdk.jmh.util.Utils (file:/root/.m2/repository/org/openjdk/jmh/jmh-core/1.37/jmh-core-1.37.jar)
[INFO] [stdout] WARNING: Please consider reporting this to the maintainers of class org.openjdk.jmh.util.Utils
[INFO] [stdout] WARNING: sun.misc.Unsafe::objectFieldOffset will be removed in a future release
[INFO] [stdout] Iteration   1: WARNING: A restricted method in java.lang.foreign.SymbolLookup has been called
[INFO] [stdout] WARNING: java.lang.foreign.SymbolLookup::libraryLookup has been called by io.airlift.compress.v3.internal.NativeLoader in an unnamed module (file:/root/.m2/repository/io/airlift/aircompressor-v3/3.4/aircompressor-v3-3.4.jar)
[INFO] [stdout] WARNING: Use --enable-native-access=ALL-UNNAMED to avoid a warning for callers in this module
[INFO] [stdout] WARNING: Restricted methods will be blocked in a future release unless native access is enabled
[INFO] [stdout] 
[INFO] [stdout] 13811.225 ms/op
[INFO] [stdout] 
[INFO] [stdout] 
[INFO] [stdout] Result "org.weakref.nitro.clickbench.BenchmarkQueries.query29":
[INFO] [stdout]   13811.225 ms/op
[INFO] [stdout] 
[INFO] [stdout] 
[INFO] [stdout] # JMH version: 1.37
[INFO] [stdout] # VM version: JDK 26.0.1, OpenJDK 64-Bit Server VM, 26.0.1+8
[INFO] [stdout] # VM invoker: /opt/java/openjdk/bin/java
[INFO] [stdout] # VM options: --enable-preview --add-modules=jdk.incubator.vector -Dnitro.clickbench.hits.path= -Xmx12g -XX:+UseTransparentHugePages -Dnitro.tpch.parquet.path=/root/data/tpch-parquet-sf10 -Dnitro.clickbench.hits.path=/root/data/clickbench -Dnitro.debug.lazyNumericSkip=true
[INFO] [stdout] # Blackhole mode: compiler (auto-detected, use -Djmh.blackhole.autoDetect=false to disable)
[INFO] [stdout] # Warmup: <none>
[INFO] [stdout] # Measurement: 1 iterations, 1 ms each
[INFO] [stdout] # Timeout: 10 min per iteration
[INFO] [stdout] # Threads: 1 thread, will synchronize iterations
[INFO] [stdout] # Benchmark mode: Average time, time/op
[INFO] [stdout] # Benchmark: org.weakref.nitro.clickbench.BenchmarkQueries.query30
[INFO] [stdout] 
[INFO] [stdout] # Run progress: 45.45% complete, ETA 00:02:29
[INFO] [stdout] # Fork: 1 of 1
[INFO] [stdout] WARNING: Using incubator modules: jdk.incubator.vector
[INFO] [stdout] WARNING: A terminally deprecated method in sun.misc.Unsafe has been called
[INFO] [stdout] WARNING: sun.misc.Unsafe::objectFieldOffset has been called by org.openjdk.jmh.util.Utils (file:/root/.m2/repository/org/openjdk/jmh/jmh-core/1.37/jmh-core-1.37.jar)
[INFO] [stdout] WARNING: Please consider reporting this to the maintainers of class org.openjdk.jmh.util.Utils
[INFO] [stdout] WARNING: sun.misc.Unsafe::objectFieldOffset will be removed in a future release
[INFO] [stdout] Iteration   1: WARNING: A restricted method in java.lang.foreign.SymbolLookup has been called
[INFO] [stdout] WARNING: java.lang.foreign.SymbolLookup::libraryLookup has been called by io.airlift.compress.v3.internal.NativeLoader in an unnamed module (file:/root/.m2/repository/io/airlift/aircompressor-v3/3.4/aircompressor-v3-3.4.jar)
[INFO] [stdout] WARNING: Use --enable-native-access=ALL-UNNAMED to avoid a warning for callers in this module
[INFO] [stdout] WARNING: Restricted methods will be blocked in a future release unless native access is enabled
[INFO] [stdout] 
[INFO] [stdout] 5415.345 ms/op
[INFO] [stdout] 
[INFO] [stdout] 
[INFO] [stdout] Result "org.weakref.nitro.clickbench.BenchmarkQueries.query30":
[INFO] [stdout]   5415.345 ms/op
[INFO] [stdout] 
[INFO] [stdout] 
[INFO] [stdout] # JMH version: 1.37
[INFO] [stdout] # VM version: JDK 26.0.1, OpenJDK 64-Bit Server VM, 26.0.1+8
[INFO] [stdout] # VM invoker: /opt/java/openjdk/bin/java
[INFO] [stdout] # VM options: --enable-preview --add-modules=jdk.incubator.vector -Dnitro.clickbench.hits.path= -Xmx12g -XX:+UseTransparentHugePages -Dnitro.tpch.parquet.path=/root/data/tpch-parquet-sf10 -Dnitro.clickbench.hits.path=/root/data/clickbench -Dnitro.debug.lazyNumericSkip=true
[INFO] [stdout] # Blackhole mode: compiler (auto-detected, use -Djmh.blackhole.autoDetect=false to disable)
[INFO] [stdout] # Warmup: <none>
[INFO] [stdout] # Measurement: 1 iterations, 1 ms each
[INFO] [stdout] # Timeout: 10 min per iteration
[INFO] [stdout] # Threads: 1 thread, will synchronize iterations
[INFO] [stdout] # Benchmark mode: Average time, time/op
[INFO] [stdout] # Benchmark: org.weakref.nitro.clickbench.BenchmarkQueries.query31
[INFO] [stdout] 
[INFO] [stdout] # Run progress: 46.97% complete, ETA 00:02:27
[INFO] [stdout] # Fork: 1 of 1
[INFO] [stdout] WARNING: Using incubator modules: jdk.incubator.vector
[INFO] [stdout] WARNING: A terminally deprecated method in sun.misc.Unsafe has been called
[INFO] [stdout] WARNING: sun.misc.Unsafe::objectFieldOffset has been called by org.openjdk.jmh.util.Utils (file:/root/.m2/repository/org/openjdk/jmh/jmh-core/1.37/jmh-core-1.37.jar)
[INFO] [stdout] WARNING: Please consider reporting this to the maintainers of class org.openjdk.jmh.util.Utils
[INFO] [stdout] WARNING: sun.misc.Unsafe::objectFieldOffset will be removed in a future release
[INFO] [stdout] Iteration   1: WARNING: A restricted method in java.lang.foreign.SymbolLookup has been called
[INFO] [stdout] WARNING: java.lang.foreign.SymbolLookup::libraryLookup has been called by io.airlift.compress.v3.internal.NativeLoader in an unnamed module (file:/root/.m2/repository/io/airlift/aircompressor-v3/3.4/aircompressor-v3-3.4.jar)
[INFO] [stdout] WARNING: Use --enable-native-access=ALL-UNNAMED to avoid a warning for callers in this module
[INFO] [stdout] WARNING: Restricted methods will be blocked in a future release unless native access is enabled
[INFO] [stdout] 
[INFO] [stdout] 3035.973 ms/op
[INFO] [stdout] 
[INFO] [stdout] 
[INFO] [stdout] Result "org.weakref.nitro.clickbench.BenchmarkQueries.query31":
[INFO] [stdout]   3035.973 ms/op
[INFO] [stdout] 
[INFO] [stdout] 
[INFO] [stdout] # JMH version: 1.37
[INFO] [stdout] # VM version: JDK 26.0.1, OpenJDK 64-Bit Server VM, 26.0.1+8
[INFO] [stdout] # VM invoker: /opt/java/openjdk/bin/java
[INFO] [stdout] # VM options: --enable-preview --add-modules=jdk.incubator.vector -Dnitro.clickbench.hits.path= -Xmx12g -XX:+UseTransparentHugePages -Dnitro.tpch.parquet.path=/root/data/tpch-parquet-sf10 -Dnitro.clickbench.hits.path=/root/data/clickbench -Dnitro.debug.lazyNumericSkip=true
[INFO] [stdout] # Blackhole mode: compiler (auto-detected, use -Djmh.blackhole.autoDetect=false to disable)
[INFO] [stdout] # Warmup: <none>
[INFO] [stdout] # Measurement: 1 iterations, 1 ms each
[INFO] [stdout] # Timeout: 10 min per iteration
[INFO] [stdout] # Threads: 1 thread, will synchronize iterations
[INFO] [stdout] # Benchmark mode: Average time, time/op
[INFO] [stdout] # Benchmark: org.weakref.nitro.clickbench.BenchmarkQueries.query32
[INFO] [stdout] 
[INFO] [stdout] # Run progress: 48.48% complete, ETA 00:02:22
[INFO] [stdout] # Fork: 1 of 1
[INFO] [stdout] WARNING: Using incubator modules: jdk.incubator.vector
[INFO] [stdout] WARNING: A terminally deprecated method in sun.misc.Unsafe has been called
[INFO] [stdout] WARNING: sun.misc.Unsafe::objectFieldOffset has been called by org.openjdk.jmh.util.Utils (file:/root/.m2/repository/org/openjdk/jmh/jmh-core/1.37/jmh-core-1.37.jar)
[INFO] [stdout] WARNING: Please consider reporting this to the maintainers of class org.openjdk.jmh.util.Utils
[INFO] [stdout] WARNING: sun.misc.Unsafe::objectFieldOffset will be removed in a future release
[INFO] [stdout] Iteration   1: WARNING: A restricted method in java.lang.foreign.SymbolLookup has been called
[INFO] [stdout] WARNING: java.lang.foreign.SymbolLookup::libraryLookup has been called by io.airlift.compress.v3.internal.NativeLoader in an unnamed module (file:/root/.m2/repository/io/airlift/aircompressor-v3/3.4/aircompressor-v3-3.4.jar)
[INFO] [stdout] WARNING: Use --enable-native-access=ALL-UNNAMED to avoid a warning for callers in this module
[INFO] [stdout] WARNING: Restricted methods will be blocked in a future release unless native access is enabled
[INFO] [stdout] 
[INFO] [stdout] 4584.412 ms/op
[INFO] [stdout] 
[INFO] [stdout] 
[INFO] [stdout] Result "org.weakref.nitro.clickbench.BenchmarkQueries.query32":
[INFO] [stdout]   4584.412 ms/op
[INFO] [stdout] 
[INFO] [stdout] 
[INFO] [stdout] # JMH version: 1.37
[INFO] [stdout] # VM version: JDK 26.0.1, OpenJDK 64-Bit Server VM, 26.0.1+8
[INFO] [stdout] # VM invoker: /opt/java/openjdk/bin/java
[INFO] [stdout] # VM options: --enable-preview --add-modules=jdk.incubator.vector -Dnitro.clickbench.hits.path= -Xmx12g -XX:+UseTransparentHugePages -Dnitro.tpch.parquet.path=/root/data/tpch-parquet-sf10 -Dnitro.clickbench.hits.path=/root/data/clickbench -Dnitro.debug.lazyNumericSkip=true
[INFO] [stdout] # Blackhole mode: compiler (auto-detected, use -Djmh.blackhole.autoDetect=false to disable)
[INFO] [stdout] # Warmup: <none>
[INFO] [stdout] # Measurement: 1 iterations, 1 ms each
[INFO] [stdout] # Timeout: 10 min per iteration
[INFO] [stdout] # Threads: 1 thread, will synchronize iterations
[INFO] [stdout] # Benchmark mode: Average time, time/op
[INFO] [stdout] # Benchmark: org.weakref.nitro.clickbench.BenchmarkQueries.query33
[INFO] [stdout] 
[INFO] [stdout] # Run progress: 50.00% complete, ETA 00:02:18
[INFO] [stdout] # Fork: 1 of 1
[INFO] [stdout] WARNING: Using incubator modules: jdk.incubator.vector
[INFO] [stdout] WARNING: A terminally deprecated method in sun.misc.Unsafe has been called
[INFO] [stdout] WARNING: sun.misc.Unsafe::objectFieldOffset has been called by org.openjdk.jmh.util.Utils (file:/root/.m2/repository/org/openjdk/jmh/jmh-core/1.37/jmh-core-1.37.jar)
[INFO] [stdout] WARNING: Please consider reporting this to the maintainers of class org.openjdk.jmh.util.Utils
[INFO] [stdout] WARNING: sun.misc.Unsafe::objectFieldOffset will be removed in a future release
[INFO] [stdout] Iteration   1: WARNING: A restricted method in java.lang.foreign.SymbolLookup has been called
[INFO] [stdout] WARNING: java.lang.foreign.SymbolLookup::libraryLookup has been called by io.airlift.compress.v3.internal.NativeLoader in an unnamed module (file:/root/.m2/repository/io/airlift/aircompressor-v3/3.4/aircompressor-v3-3.4.jar)
[INFO] [stdout] WARNING: Use --enable-native-access=ALL-UNNAMED to avoid a warning for callers in this module
[INFO] [stdout] WARNING: Restricted methods will be blocked in a future release unless native access is enabled
[INFO] [stdout] 
[INFO] [stdout] 14467.801 ms/op
[INFO] [stdout] 
[INFO] [stdout] 
[INFO] [stdout] Result "org.weakref.nitro.clickbench.BenchmarkQueries.query33":
[INFO] [stdout]   14467.801 ms/op
[INFO] [stdout] 
[INFO] [stdout] 
[INFO] [stdout] # JMH version: 1.37
[INFO] [stdout] # VM version: JDK 26.0.1, OpenJDK 64-Bit Server VM, 26.0.1+8
[INFO] [stdout] # VM invoker: /opt/java/openjdk/bin/java
[INFO] [stdout] # VM options: --enable-preview --add-modules=jdk.incubator.vector -Dnitro.clickbench.hits.path= -Xmx12g -XX:+UseTransparentHugePages -Dnitro.tpch.parquet.path=/root/data/tpch-parquet-sf10 -Dnitro.clickbench.hits.path=/root/data/clickbench -Dnitro.debug.lazyNumericSkip=true
[INFO] [stdout] # Blackhole mode: compiler (auto-detected, use -Djmh.blackhole.autoDetect=false to disable)
[INFO] [stdout] # Warmup: <none>
[INFO] [stdout] # Measurement: 1 iterations, 1 ms each
[INFO] [stdout] # Timeout: 10 min per iteration
[INFO] [stdout] # Threads: 1 thread, will synchronize iterations
[INFO] [stdout] # Benchmark mode: Average time, time/op
[INFO] [stdout] # Benchmark: org.weakref.nitro.clickbench.BenchmarkQueries.query34
[INFO] [stdout] 
[INFO] [stdout] # Run progress: 51.52% complete, ETA 00:02:24
[INFO] [stdout] # Fork: 1 of 1
[INFO] [stdout] WARNING: Using incubator modules: jdk.incubator.vector
[INFO] [stdout] WARNING: A terminally deprecated method in sun.misc.Unsafe has been called
[INFO] [stdout] WARNING: sun.misc.Unsafe::objectFieldOffset has been called by org.openjdk.jmh.util.Utils (file:/root/.m2/repository/org/openjdk/jmh/jmh-core/1.37/jmh-core-1.37.jar)
[INFO] [stdout] WARNING: Please consider reporting this to the maintainers of class org.openjdk.jmh.util.Utils
[INFO] [stdout] WARNING: sun.misc.Unsafe::objectFieldOffset will be removed in a future release
[INFO] [stdout] Iteration   1: WARNING: A restricted method in java.lang.foreign.SymbolLookup has been called
[INFO] [stdout] WARNING: java.lang.foreign.SymbolLookup::libraryLookup has been called by io.airlift.compress.v3.internal.NativeLoader in an unnamed module (file:/root/.m2/repository/io/airlift/aircompressor-v3/3.4/aircompressor-v3-3.4.jar)
[INFO] [stdout] WARNING: Use --enable-native-access=ALL-UNNAMED to avoid a warning for callers in this module
[INFO] [stdout] WARNING: Restricted methods will be blocked in a future release unless native access is enabled
[INFO] [stdout] 
[INFO] [stdout] 14361.706 ms/op
[INFO] [stdout] 
[INFO] [stdout] 
[INFO] [stdout] Result "org.weakref.nitro.clickbench.BenchmarkQueries.query34":
[INFO] [stdout]   14361.706 ms/op
[INFO] [stdout] 
[INFO] [stdout] 
[INFO] [stdout] # JMH version: 1.37
[INFO] [stdout] # VM version: JDK 26.0.1, OpenJDK 64-Bit Server VM, 26.0.1+8
[INFO] [stdout] # VM invoker: /opt/java/openjdk/bin/java
[INFO] [stdout] # VM options: --enable-preview --add-modules=jdk.incubator.vector -Dnitro.clickbench.hits.path= -Xmx12g -XX:+UseTransparentHugePages -Dnitro.tpch.parquet.path=/root/data/tpch-parquet-sf10 -Dnitro.clickbench.hits.path=/root/data/clickbench -Dnitro.debug.lazyNumericSkip=true
[INFO] [stdout] # Blackhole mode: compiler (auto-detected, use -Djmh.blackhole.autoDetect=false to disable)
[INFO] [stdout] # Warmup: <none>
[INFO] [stdout] # Measurement: 1 iterations, 1 ms each
[INFO] [stdout] # Timeout: 10 min per iteration
[INFO] [stdout] # Threads: 1 thread, will synchronize iterations
[INFO] [stdout] # Benchmark mode: Average time, time/op
[INFO] [stdout] # Benchmark: org.weakref.nitro.clickbench.BenchmarkQueries.query35
[INFO] [stdout] 
[INFO] [stdout] # Run progress: 53.03% complete, ETA 00:02:28
[INFO] [stdout] # Fork: 1 of 1
[INFO] [stdout] WARNING: Using incubator modules: jdk.incubator.vector
[INFO] [stdout] WARNING: A terminally deprecated method in sun.misc.Unsafe has been called
[INFO] [stdout] WARNING: sun.misc.Unsafe::objectFieldOffset has been called by org.openjdk.jmh.util.Utils (file:/root/.m2/repository/org/openjdk/jmh/jmh-core/1.37/jmh-core-1.37.jar)
[INFO] [stdout] WARNING: Please consider reporting this to the maintainers of class org.openjdk.jmh.util.Utils
[INFO] [stdout] WARNING: sun.misc.Unsafe::objectFieldOffset will be removed in a future release
[INFO] [stdout] Iteration   1: WARNING: A restricted method in java.lang.foreign.SymbolLookup has been called
[INFO] [stdout] WARNING: java.lang.foreign.SymbolLookup::libraryLookup has been called by io.airlift.compress.v3.internal.NativeLoader in an unnamed module (file:/root/.m2/repository/io/airlift/aircompressor-v3/3.4/aircompressor-v3-3.4.jar)
[INFO] [stdout] WARNING: Use --enable-native-access=ALL-UNNAMED to avoid a warning for callers in this module
[INFO] [stdout] WARNING: Restricted methods will be blocked in a future release unless native access is enabled
[INFO] [stdout] 
[INFO] [stdout] 14345.126 ms/op
[INFO] [stdout] 
[INFO] [stdout] 
[INFO] [stdout] Result "org.weakref.nitro.clickbench.BenchmarkQueries.query35":
[INFO] [stdout]   14345.126 ms/op
[INFO] [stdout] 
[INFO] [stdout] 
[INFO] [stdout] # JMH version: 1.37
[INFO] [stdout] # VM version: JDK 26.0.1, OpenJDK 64-Bit Server VM, 26.0.1+8
[INFO] [stdout] # VM invoker: /opt/java/openjdk/bin/java
[INFO] [stdout] # VM options: --enable-preview --add-modules=jdk.incubator.vector -Dnitro.clickbench.hits.path= -Xmx12g -XX:+UseTransparentHugePages -Dnitro.tpch.parquet.path=/root/data/tpch-parquet-sf10 -Dnitro.clickbench.hits.path=/root/data/clickbench -Dnitro.debug.lazyNumericSkip=true
[INFO] [stdout] # Blackhole mode: compiler (auto-detected, use -Djmh.blackhole.autoDetect=false to disable)
[INFO] [stdout] # Warmup: <none>
[INFO] [stdout] # Measurement: 1 iterations, 1 ms each
[INFO] [stdout] # Timeout: 10 min per iteration
[INFO] [stdout] # Threads: 1 thread, will synchronize iterations
[INFO] [stdout] # Benchmark mode: Average time, time/op
[INFO] [stdout] # Benchmark: org.weakref.nitro.clickbench.BenchmarkQueries.query36
[INFO] [stdout] 
[INFO] [stdout] # Run progress: 54.55% complete, ETA 00:02:31
[INFO] [stdout] # Fork: 1 of 1
[INFO] [stdout] WARNING: Using incubator modules: jdk.incubator.vector
[INFO] [stdout] WARNING: A terminally deprecated method in sun.misc.Unsafe has been called
[INFO] [stdout] WARNING: sun.misc.Unsafe::objectFieldOffset has been called by org.openjdk.jmh.util.Utils (file:/root/.m2/repository/org/openjdk/jmh/jmh-core/1.37/jmh-core-1.37.jar)
[INFO] [stdout] WARNING: Please consider reporting this to the maintainers of class org.openjdk.jmh.util.Utils
[INFO] [stdout] WARNING: sun.misc.Unsafe::objectFieldOffset will be removed in a future release
[INFO] [stdout] Iteration   1: WARNING: A restricted method in java.lang.foreign.SymbolLookup has been called
[INFO] [stdout] WARNING: java.lang.foreign.SymbolLookup::libraryLookup has been called by io.airlift.compress.v3.internal.NativeLoader in an unnamed module (file:/root/.m2/repository/io/airlift/aircompressor-v3/3.4/aircompressor-v3-3.4.jar)
[INFO] [stdout] WARNING: Use --enable-native-access=ALL-UNNAMED to avoid a warning for callers in this module
[INFO] [stdout] WARNING: Restricted methods will be blocked in a future release unless native access is enabled
[INFO] [stdout] 
[INFO] [stdout] 2551.475 ms/op
[INFO] [stdout] 
[INFO] [stdout] 
[INFO] [stdout] Result "org.weakref.nitro.clickbench.BenchmarkQueries.query36":
[INFO] [stdout]   2551.475 ms/op
[INFO] [stdout] 
[INFO] [stdout] 
[INFO] [stdout] # JMH version: 1.37
[INFO] [stdout] # VM version: JDK 26.0.1, OpenJDK 64-Bit Server VM, 26.0.1+8
[INFO] [stdout] # VM invoker: /opt/java/openjdk/bin/java
[INFO] [stdout] # VM options: --enable-preview --add-modules=jdk.incubator.vector -Dnitro.clickbench.hits.path= -Xmx12g -XX:+UseTransparentHugePages -Dnitro.tpch.parquet.path=/root/data/tpch-parquet-sf10 -Dnitro.clickbench.hits.path=/root/data/clickbench -Dnitro.debug.lazyNumericSkip=true
[INFO] [stdout] # Blackhole mode: compiler (auto-detected, use -Djmh.blackhole.autoDetect=false to disable)
[INFO] [stdout] # Warmup: <none>
[INFO] [stdout] # Measurement: 1 iterations, 1 ms each
[INFO] [stdout] # Timeout: 10 min per iteration
[INFO] [stdout] # Threads: 1 thread, will synchronize iterations
[INFO] [stdout] # Benchmark mode: Average time, time/op
[INFO] [stdout] # Benchmark: org.weakref.nitro.clickbench.BenchmarkQueries.query37
[INFO] [stdout] 
[INFO] [stdout] # Run progress: 56.06% complete, ETA 00:02:25
[INFO] [stdout] # Fork: 1 of 1
[INFO] [stdout] WARNING: Using incubator modules: jdk.incubator.vector
[INFO] [stdout] WARNING: A terminally deprecated method in sun.misc.Unsafe has been called
[INFO] [stdout] WARNING: sun.misc.Unsafe::objectFieldOffset has been called by org.openjdk.jmh.util.Utils (file:/root/.m2/repository/org/openjdk/jmh/jmh-core/1.37/jmh-core-1.37.jar)
[INFO] [stdout] WARNING: Please consider reporting this to the maintainers of class org.openjdk.jmh.util.Utils
[INFO] [stdout] WARNING: sun.misc.Unsafe::objectFieldOffset will be removed in a future release
[INFO] [stdout] Iteration   1: WARNING: A restricted method in java.lang.foreign.SymbolLookup has been called
[INFO] [stdout] WARNING: java.lang.foreign.SymbolLookup::libraryLookup has been called by io.airlift.compress.v3.internal.NativeLoader in an unnamed module (file:/root/.m2/repository/io/airlift/aircompressor-v3/3.4/aircompressor-v3-3.4.jar)
[INFO] [stdout] WARNING: Use --enable-native-access=ALL-UNNAMED to avoid a warning for callers in this module
[INFO] [stdout] WARNING: Restricted methods will be blocked in a future release unless native access is enabled
[INFO] [stdout] 
[INFO] [stdout] 982.742 ms/op
[INFO] [stdout] 
[INFO] [stdout] 
[INFO] [stdout] Result "org.weakref.nitro.clickbench.BenchmarkQueries.query37":
[INFO] [stdout]   982.742 ms/op
[INFO] [stdout] 
[INFO] [stdout] 
[INFO] [stdout] # JMH version: 1.37
[INFO] [stdout] # VM version: JDK 26.0.1, OpenJDK 64-Bit Server VM, 26.0.1+8
[INFO] [stdout] # VM invoker: /opt/java/openjdk/bin/java
[INFO] [stdout] # VM options: --enable-preview --add-modules=jdk.incubator.vector -Dnitro.clickbench.hits.path= -Xmx12g -XX:+UseTransparentHugePages -Dnitro.tpch.parquet.path=/root/data/tpch-parquet-sf10 -Dnitro.clickbench.hits.path=/root/data/clickbench -Dnitro.debug.lazyNumericSkip=true
[INFO] [stdout] # Blackhole mode: compiler (auto-detected, use -Djmh.blackhole.autoDetect=false to disable)
[INFO] [stdout] # Warmup: <none>
[INFO] [stdout] # Measurement: 1 iterations, 1 ms each
[INFO] [stdout] # Timeout: 10 min per iteration
[INFO] [stdout] # Threads: 1 thread, will synchronize iterations
[INFO] [stdout] # Benchmark mode: Average time, time/op
[INFO] [stdout] # Benchmark: org.weakref.nitro.clickbench.BenchmarkQueries.query38
[INFO] [stdout] 
[INFO] [stdout] # Run progress: 57.58% complete, ETA 00:02:17
[INFO] [stdout] # Fork: 1 of 1
[INFO] [stdout] WARNING: Using incubator modules: jdk.incubator.vector
[INFO] [stdout] WARNING: A terminally deprecated method in sun.misc.Unsafe has been called
[INFO] [stdout] WARNING: sun.misc.Unsafe::objectFieldOffset has been called by org.openjdk.jmh.util.Utils (file:/root/.m2/repository/org/openjdk/jmh/jmh-core/1.37/jmh-core-1.37.jar)
[INFO] [stdout] WARNING: Please consider reporting this to the maintainers of class org.openjdk.jmh.util.Utils
[INFO] [stdout] WARNING: sun.misc.Unsafe::objectFieldOffset will be removed in a future release
[INFO] [stdout] Iteration   1: WARNING: A restricted method in java.lang.foreign.SymbolLookup has been called
[INFO] [stdout] WARNING: java.lang.foreign.SymbolLookup::libraryLookup has been called by io.airlift.compress.v3.internal.NativeLoader in an unnamed module (file:/root/.m2/repository/io/airlift/aircompressor-v3/3.4/aircompressor-v3-3.4.jar)
[INFO] [stdout] WARNING: Use --enable-native-access=ALL-UNNAMED to avoid a warning for callers in this module
[INFO] [stdout] WARNING: Restricted methods will be blocked in a future release unless native access is enabled
[INFO] [stdout] 
[INFO] [stdout] 754.527 ms/op
[INFO] [stdout] 
[INFO] [stdout] 
[INFO] [stdout] Result "org.weakref.nitro.clickbench.BenchmarkQueries.query38":
[INFO] [stdout]   754.527 ms/op
[INFO] [stdout] 
[INFO] [stdout] 
[INFO] [stdout] # JMH version: 1.37
[INFO] [stdout] # VM version: JDK 26.0.1, OpenJDK 64-Bit Server VM, 26.0.1+8
[INFO] [stdout] # VM invoker: /opt/java/openjdk/bin/java
[INFO] [stdout] # VM options: --enable-preview --add-modules=jdk.incubator.vector -Dnitro.clickbench.hits.path= -Xmx12g -XX:+UseTransparentHugePages -Dnitro.tpch.parquet.path=/root/data/tpch-parquet-sf10 -Dnitro.clickbench.hits.path=/root/data/clickbench -Dnitro.debug.lazyNumericSkip=true
[INFO] [stdout] # Blackhole mode: compiler (auto-detected, use -Djmh.blackhole.autoDetect=false to disable)
[INFO] [stdout] # Warmup: <none>
[INFO] [stdout] # Measurement: 1 iterations, 1 ms each
[INFO] [stdout] # Timeout: 10 min per iteration
[INFO] [stdout] # Threads: 1 thread, will synchronize iterations
[INFO] [stdout] # Benchmark mode: Average time, time/op
[INFO] [stdout] # Benchmark: org.weakref.nitro.clickbench.BenchmarkQueries.query39
[INFO] [stdout] 
[INFO] [stdout] # Run progress: 59.09% complete, ETA 00:02:09
[INFO] [stdout] # Fork: 1 of 1
[INFO] [stdout] WARNING: Using incubator modules: jdk.incubator.vector
[INFO] [stdout] WARNING: A terminally deprecated method in sun.misc.Unsafe has been called
[INFO] [stdout] WARNING: sun.misc.Unsafe::objectFieldOffset has been called by org.openjdk.jmh.util.Utils (file:/root/.m2/repository/org/openjdk/jmh/jmh-core/1.37/jmh-core-1.37.jar)
[INFO] [stdout] WARNING: Please consider reporting this to the maintainers of class org.openjdk.jmh.util.Utils
[INFO] [stdout] WARNING: sun.misc.Unsafe::objectFieldOffset will be removed in a future release
[INFO] [stdout] Iteration   1: WARNING: A restricted method in java.lang.foreign.SymbolLookup has been called
[INFO] [stdout] WARNING: java.lang.foreign.SymbolLookup::libraryLookup has been called by io.airlift.compress.v3.internal.NativeLoader in an unnamed module (file:/root/.m2/repository/io/airlift/aircompressor-v3/3.4/aircompressor-v3-3.4.jar)
[INFO] [stdout] WARNING: Use --enable-native-access=ALL-UNNAMED to avoid a warning for callers in this module
[INFO] [stdout] WARNING: Restricted methods will be blocked in a future release unless native access is enabled
[INFO] [stdout] 
[INFO] [stdout] 903.945 ms/op
[INFO] [stdout] 
[INFO] [stdout] 
[INFO] [stdout] Result "org.weakref.nitro.clickbench.BenchmarkQueries.query39":
[INFO] [stdout]   903.945 ms/op
[INFO] [stdout] 
[INFO] [stdout] 
[INFO] [stdout] # JMH version: 1.37
[INFO] [stdout] # VM version: JDK 26.0.1, OpenJDK 64-Bit Server VM, 26.0.1+8
[INFO] [stdout] # VM invoker: /opt/java/openjdk/bin/java
[INFO] [stdout] # VM options: --enable-preview --add-modules=jdk.incubator.vector -Dnitro.clickbench.hits.path= -Xmx12g -XX:+UseTransparentHugePages -Dnitro.tpch.parquet.path=/root/data/tpch-parquet-sf10 -Dnitro.clickbench.hits.path=/root/data/clickbench -Dnitro.debug.lazyNumericSkip=true
[INFO] [stdout] # Blackhole mode: compiler (auto-detected, use -Djmh.blackhole.autoDetect=false to disable)
[INFO] [stdout] # Warmup: <none>
[INFO] [stdout] # Measurement: 1 iterations, 1 ms each
[INFO] [stdout] # Timeout: 10 min per iteration
[INFO] [stdout] # Threads: 1 thread, will synchronize iterations
[INFO] [stdout] # Benchmark mode: Average time, time/op
[INFO] [stdout] # Benchmark: org.weakref.nitro.clickbench.BenchmarkQueries.query40
[INFO] [stdout] 
[INFO] [stdout] # Run progress: 60.61% complete, ETA 00:02:02
[INFO] [stdout] # Fork: 1 of 1
[INFO] [stdout] WARNING: Using incubator modules: jdk.incubator.vector
[INFO] [stdout] WARNING: A terminally deprecated method in sun.misc.Unsafe has been called
[INFO] [stdout] WARNING: sun.misc.Unsafe::objectFieldOffset has been called by org.openjdk.jmh.util.Utils (file:/root/.m2/repository/org/openjdk/jmh/jmh-core/1.37/jmh-core-1.37.jar)
[INFO] [stdout] WARNING: Please consider reporting this to the maintainers of class org.openjdk.jmh.util.Utils
[INFO] [stdout] WARNING: sun.misc.Unsafe::objectFieldOffset will be removed in a future release
[INFO] [stdout] Iteration   1: WARNING: A restricted method in java.lang.foreign.SymbolLookup has been called
[INFO] [stdout] WARNING: java.lang.foreign.SymbolLookup::libraryLookup has been called by io.airlift.compress.v3.internal.NativeLoader in an unnamed module (file:/root/.m2/repository/io/airlift/aircompressor-v3/3.4/aircompressor-v3-3.4.jar)
[INFO] [stdout] WARNING: Use --enable-native-access=ALL-UNNAMED to avoid a warning for callers in this module
[INFO] [stdout] WARNING: Restricted methods will be blocked in a future release unless native access is enabled
[INFO] [stdout] 
[INFO] [stdout] 1344.945 ms/op
[INFO] [stdout] 
[INFO] [stdout] 
[INFO] [stdout] Result "org.weakref.nitro.clickbench.BenchmarkQueries.query40":
[INFO] [stdout]   1344.945 ms/op
[INFO] [stdout] 
[INFO] [stdout] 
[INFO] [stdout] # JMH version: 1.37
[INFO] [stdout] # VM version: JDK 26.0.1, OpenJDK 64-Bit Server VM, 26.0.1+8
[INFO] [stdout] # VM invoker: /opt/java/openjdk/bin/java
[INFO] [stdout] # VM options: --enable-preview --add-modules=jdk.incubator.vector -Dnitro.clickbench.hits.path= -Xmx12g -XX:+UseTransparentHugePages -Dnitro.tpch.parquet.path=/root/data/tpch-parquet-sf10 -Dnitro.clickbench.hits.path=/root/data/clickbench -Dnitro.debug.lazyNumericSkip=true
[INFO] [stdout] # Blackhole mode: compiler (auto-detected, use -Djmh.blackhole.autoDetect=false to disable)
[INFO] [stdout] # Warmup: <none>
[INFO] [stdout] # Measurement: 1 iterations, 1 ms each
[INFO] [stdout] # Timeout: 10 min per iteration
[INFO] [stdout] # Threads: 1 thread, will synchronize iterations
[INFO] [stdout] # Benchmark mode: Average time, time/op
[INFO] [stdout] # Benchmark: org.weakref.nitro.clickbench.BenchmarkQueries.query41
[INFO] [stdout] 
[INFO] [stdout] # Run progress: 62.12% complete, ETA 00:01:55
[INFO] [stdout] # Fork: 1 of 1
[INFO] [stdout] WARNING: Using incubator modules: jdk.incubator.vector
[INFO] [stdout] WARNING: A terminally deprecated method in sun.misc.Unsafe has been called
[INFO] [stdout] WARNING: sun.misc.Unsafe::objectFieldOffset has been called by org.openjdk.jmh.util.Utils (file:/root/.m2/repository/org/openjdk/jmh/jmh-core/1.37/jmh-core-1.37.jar)
[INFO] [stdout] WARNING: Please consider reporting this to the maintainers of class org.openjdk.jmh.util.Utils
[INFO] [stdout] WARNING: sun.misc.Unsafe::objectFieldOffset will be removed in a future release
[INFO] [stdout] Iteration   1: WARNING: A restricted method in java.lang.foreign.SymbolLookup has been called
[INFO] [stdout] WARNING: java.lang.foreign.SymbolLookup::libraryLookup has been called by io.airlift.compress.v3.internal.NativeLoader in an unnamed module (file:/root/.m2/repository/io/airlift/aircompressor-v3/3.4/aircompressor-v3-3.4.jar)
[INFO] [stdout] WARNING: Use --enable-native-access=ALL-UNNAMED to avoid a warning for callers in this module
[INFO] [stdout] WARNING: Restricted methods will be blocked in a future release unless native access is enabled
[INFO] [stdout] 
[INFO] [stdout] 862.008 ms/op
[INFO] [stdout] 
[INFO] [stdout] 
[INFO] [stdout] Result "org.weakref.nitro.clickbench.BenchmarkQueries.query41":
[INFO] [stdout]   862.008 ms/op
[INFO] [stdout] 
[INFO] [stdout] 
[INFO] [stdout] # JMH version: 1.37
[INFO] [stdout] # VM version: JDK 26.0.1, OpenJDK 64-Bit Server VM, 26.0.1+8
[INFO] [stdout] # VM invoker: /opt/java/openjdk/bin/java
[INFO] [stdout] # VM options: --enable-preview --add-modules=jdk.incubator.vector -Dnitro.clickbench.hits.path= -Xmx12g -XX:+UseTransparentHugePages -Dnitro.tpch.parquet.path=/root/data/tpch-parquet-sf10 -Dnitro.clickbench.hits.path=/root/data/clickbench -Dnitro.debug.lazyNumericSkip=true
[INFO] [stdout] # Blackhole mode: compiler (auto-detected, use -Djmh.blackhole.autoDetect=false to disable)
[INFO] [stdout] # Warmup: <none>
[INFO] [stdout] # Measurement: 1 iterations, 1 ms each
[INFO] [stdout] # Timeout: 10 min per iteration
[INFO] [stdout] # Threads: 1 thread, will synchronize iterations
[INFO] [stdout] # Benchmark mode: Average time, time/op
[INFO] [stdout] # Benchmark: org.weakref.nitro.clickbench.BenchmarkQueries.query42
[INFO] [stdout] 
[INFO] [stdout] # Run progress: 63.64% complete, ETA 00:01:48
[INFO] [stdout] # Fork: 1 of 1
[INFO] [stdout] WARNING: Using incubator modules: jdk.incubator.vector
[INFO] [stdout] WARNING: A terminally deprecated method in sun.misc.Unsafe has been called
[INFO] [stdout] WARNING: sun.misc.Unsafe::objectFieldOffset has been called by org.openjdk.jmh.util.Utils (file:/root/.m2/repository/org/openjdk/jmh/jmh-core/1.37/jmh-core-1.37.jar)
[INFO] [stdout] WARNING: Please consider reporting this to the maintainers of class org.openjdk.jmh.util.Utils
[INFO] [stdout] WARNING: sun.misc.Unsafe::objectFieldOffset will be removed in a future release
[INFO] [stdout] Iteration   1: WARNING: A restricted method in java.lang.foreign.SymbolLookup has been called
[INFO] [stdout] WARNING: java.lang.foreign.SymbolLookup::libraryLookup has been called by io.airlift.compress.v3.internal.NativeLoader in an unnamed module (file:/root/.m2/repository/io/airlift/aircompressor-v3/3.4/aircompressor-v3-3.4.jar)
[INFO] [stdout] WARNING: Use --enable-native-access=ALL-UNNAMED to avoid a warning for callers in this module
[INFO] [stdout] WARNING: Restricted methods will be blocked in a future release unless native access is enabled
[INFO] [stdout] 
[WARNING] [stderr] [lazy-numeric-skip] column=WindowClientWidth dictionary=1876 survivors=446/10000 fragmented=true
[WARNING] [stderr] [lazy-numeric-skip] column=WindowClientHeight dictionary=2557 survivors=446/10000 fragmented=true
[INFO] [stdout] 825.708 ms/op
[INFO] [stdout] 
[INFO] [stdout] 
[INFO] [stdout] Result "org.weakref.nitro.clickbench.BenchmarkQueries.query42":
[INFO] [stdout]   825.708 ms/op
[INFO] [stdout] 
[INFO] [stdout] 
[INFO] [stdout] # JMH version: 1.37
[INFO] [stdout] # VM version: JDK 26.0.1, OpenJDK 64-Bit Server VM, 26.0.1+8
[INFO] [stdout] # VM invoker: /opt/java/openjdk/bin/java
[INFO] [stdout] # VM options: --enable-preview --add-modules=jdk.incubator.vector -Dnitro.clickbench.hits.path= -Xmx12g -XX:+UseTransparentHugePages -Dnitro.tpch.parquet.path=/root/data/tpch-parquet-sf10 -Dnitro.clickbench.hits.path=/root/data/clickbench -Dnitro.debug.lazyNumericSkip=true
[INFO] [stdout] # Blackhole mode: compiler (auto-detected, use -Djmh.blackhole.autoDetect=false to disable)
[INFO] [stdout] # Warmup: <none>
[INFO] [stdout] # Measurement: 1 iterations, 1 ms each
[INFO] [stdout] # Timeout: 10 min per iteration
[INFO] [stdout] # Threads: 1 thread, will synchronize iterations
[INFO] [stdout] # Benchmark mode: Average time, time/op
[INFO] [stdout] # Benchmark: org.weakref.nitro.clickbench.BenchmarkQueries.query43
[INFO] [stdout] 
[INFO] [stdout] # Run progress: 65.15% complete, ETA 00:01:42
[INFO] [stdout] # Fork: 1 of 1
[INFO] [stdout] WARNING: Using incubator modules: jdk.incubator.vector
[INFO] [stdout] WARNING: A terminally deprecated method in sun.misc.Unsafe has been called
[INFO] [stdout] WARNING: sun.misc.Unsafe::objectFieldOffset has been called by org.openjdk.jmh.util.Utils (file:/root/.m2/repository/org/openjdk/jmh/jmh-core/1.37/jmh-core-1.37.jar)
[INFO] [stdout] WARNING: Please consider reporting this to the maintainers of class org.openjdk.jmh.util.Utils
[INFO] [stdout] WARNING: sun.misc.Unsafe::objectFieldOffset will be removed in a future release
[INFO] [stdout] Iteration   1: WARNING: A restricted method in java.lang.foreign.SymbolLookup has been called
[INFO] [stdout] WARNING: java.lang.foreign.SymbolLookup::libraryLookup has been called by io.airlift.compress.v3.internal.NativeLoader in an unnamed module (file:/root/.m2/repository/io/airlift/aircompressor-v3/3.4/aircompressor-v3-3.4.jar)
[INFO] [stdout] WARNING: Use --enable-native-access=ALL-UNNAMED to avoid a warning for callers in this module
[INFO] [stdout] WARNING: Restricted methods will be blocked in a future release unless native access is enabled
[INFO] [stdout] 
[INFO] [stdout] 693.777 ms/op
[INFO] [stdout] 
[INFO] [stdout] 
[INFO] [stdout] Result "org.weakref.nitro.clickbench.BenchmarkQueries.query43":
[INFO] [stdout]   693.777 ms/op
[INFO] [stdout] 
[INFO] [stdout] 
[INFO] [stdout] # JMH version: 1.37
[INFO] [stdout] # VM version: JDK 26.0.1, OpenJDK 64-Bit Server VM, 26.0.1+8
[INFO] [stdout] # VM invoker: /opt/java/openjdk/bin/java
[INFO] [stdout] # VM options: --enable-preview --add-modules=jdk.incubator.vector -Dnitro.clickbench.hits.path= -Xmx12g -XX:+UseTransparentHugePages -Dnitro.tpch.parquet.path=/root/data/tpch-parquet-sf10 -Dnitro.clickbench.hits.path=/root/data/clickbench -Dnitro.debug.lazyNumericSkip=true
[INFO] [stdout] # Blackhole mode: compiler (auto-detected, use -Djmh.blackhole.autoDetect=false to disable)
[INFO] [stdout] # Warmup: <none>
[INFO] [stdout] # Measurement: 1 iterations, 1 ms each
[INFO] [stdout] # Timeout: 30 min per iteration
[INFO] [stdout] # Threads: 1 thread, will synchronize iterations
[INFO] [stdout] # Benchmark mode: Average time, time/op
[INFO] [stdout] # Benchmark: org.weakref.nitro.tpch.BenchmarkQueries.query01
[INFO] [stdout] 
[INFO] [stdout] # Run progress: 66.67% complete, ETA 00:01:36
[INFO] [stdout] # Fork: 1 of 1
[INFO] [stdout] WARNING: Using incubator modules: jdk.incubator.vector
[INFO] [stdout] WARNING: A terminally deprecated method in sun.misc.Unsafe has been called
[INFO] [stdout] WARNING: sun.misc.Unsafe::objectFieldOffset has been called by org.openjdk.jmh.util.Utils (file:/root/.m2/repository/org/openjdk/jmh/jmh-core/1.37/jmh-core-1.37.jar)
[INFO] [stdout] WARNING: Please consider reporting this to the maintainers of class org.openjdk.jmh.util.Utils
[INFO] [stdout] WARNING: sun.misc.Unsafe::objectFieldOffset will be removed in a future release
[INFO] [stdout] Iteration   1: WARNING: A restricted method in java.lang.foreign.SymbolLookup has been called
[INFO] [stdout] WARNING: java.lang.foreign.SymbolLookup::libraryLookup has been called by io.airlift.compress.v3.internal.NativeLoader in an unnamed module (file:/root/.m2/repository/io/airlift/aircompressor-v3/3.4/aircompressor-v3-3.4.jar)
[INFO] [stdout] WARNING: Use --enable-native-access=ALL-UNNAMED to avoid a warning for callers in this module
[INFO] [stdout] WARNING: Restricted methods will be blocked in a future release unless native access is enabled
[INFO] [stdout] 
[INFO] [stdout] 2616.611 ms/op
[INFO] [stdout] 
[INFO] [stdout] 
[INFO] [stdout] Result "org.weakref.nitro.tpch.BenchmarkQueries.query01":
[INFO] [stdout]   2616.611 ms/op
[INFO] [stdout] 
[INFO] [stdout] 
[INFO] [stdout] # JMH version: 1.37
[INFO] [stdout] # VM version: JDK 26.0.1, OpenJDK 64-Bit Server VM, 26.0.1+8
[INFO] [stdout] # VM invoker: /opt/java/openjdk/bin/java
[INFO] [stdout] # VM options: --enable-preview --add-modules=jdk.incubator.vector -Dnitro.clickbench.hits.path= -Xmx12g -XX:+UseTransparentHugePages -Dnitro.tpch.parquet.path=/root/data/tpch-parquet-sf10 -Dnitro.clickbench.hits.path=/root/data/clickbench -Dnitro.debug.lazyNumericSkip=true
[INFO] [stdout] # Blackhole mode: compiler (auto-detected, use -Djmh.blackhole.autoDetect=false to disable)
[INFO] [stdout] # Warmup: <none>
[INFO] [stdout] # Measurement: 1 iterations, 1 ms each
[INFO] [stdout] # Timeout: 30 min per iteration
[INFO] [stdout] # Threads: 1 thread, will synchronize iterations
[INFO] [stdout] # Benchmark mode: Average time, time/op
[INFO] [stdout] # Benchmark: org.weakref.nitro.tpch.BenchmarkQueries.query02
[INFO] [stdout] 
[INFO] [stdout] # Run progress: 68.18% complete, ETA 00:01:31
[INFO] [stdout] # Fork: 1 of 1
[INFO] [stdout] WARNING: Using incubator modules: jdk.incubator.vector
[INFO] [stdout] WARNING: A terminally deprecated method in sun.misc.Unsafe has been called
[INFO] [stdout] WARNING: sun.misc.Unsafe::objectFieldOffset has been called by org.openjdk.jmh.util.Utils (file:/root/.m2/repository/org/openjdk/jmh/jmh-core/1.37/jmh-core-1.37.jar)
[INFO] [stdout] WARNING: Please consider reporting this to the maintainers of class org.openjdk.jmh.util.Utils
[INFO] [stdout] WARNING: sun.misc.Unsafe::objectFieldOffset will be removed in a future release
[INFO] [stdout] Iteration   1: WARNING: A restricted method in java.lang.foreign.SymbolLookup has been called
[INFO] [stdout] WARNING: java.lang.foreign.SymbolLookup::libraryLookup has been called by io.airlift.compress.v3.internal.NativeLoader in an unnamed module (file:/root/.m2/repository/io/airlift/aircompressor-v3/3.4/aircompressor-v3-3.4.jar)
[INFO] [stdout] WARNING: Use --enable-native-access=ALL-UNNAMED to avoid a warning for callers in this module
[INFO] [stdout] WARNING: Restricted methods will be blocked in a future release unless native access is enabled
[INFO] [stdout] 
[INFO] [stdout] 907.830 ms/op
[INFO] [stdout] 
[INFO] [stdout] 
[INFO] [stdout] Result "org.weakref.nitro.tpch.BenchmarkQueries.query02":
[INFO] [stdout]   907.830 ms/op
[INFO] [stdout] 
[INFO] [stdout] 
[INFO] [stdout] # JMH version: 1.37
[INFO] [stdout] # VM version: JDK 26.0.1, OpenJDK 64-Bit Server VM, 26.0.1+8
[INFO] [stdout] # VM invoker: /opt/java/openjdk/bin/java
[INFO] [stdout] # VM options: --enable-preview --add-modules=jdk.incubator.vector -Dnitro.clickbench.hits.path= -Xmx12g -XX:+UseTransparentHugePages -Dnitro.tpch.parquet.path=/root/data/tpch-parquet-sf10 -Dnitro.clickbench.hits.path=/root/data/clickbench -Dnitro.debug.lazyNumericSkip=true
[INFO] [stdout] # Blackhole mode: compiler (auto-detected, use -Djmh.blackhole.autoDetect=false to disable)
[INFO] [stdout] # Warmup: <none>
[INFO] [stdout] # Measurement: 1 iterations, 1 ms each
[INFO] [stdout] # Timeout: 30 min per iteration
[INFO] [stdout] # Threads: 1 thread, will synchronize iterations
[INFO] [stdout] # Benchmark mode: Average time, time/op
[INFO] [stdout] # Benchmark: org.weakref.nitro.tpch.BenchmarkQueries.query03
[INFO] [stdout] 
[INFO] [stdout] # Run progress: 69.70% complete, ETA 00:01:25
[INFO] [stdout] # Fork: 1 of 1
[INFO] [stdout] WARNING: Using incubator modules: jdk.incubator.vector
[INFO] [stdout] WARNING: A terminally deprecated method in sun.misc.Unsafe has been called
[INFO] [stdout] WARNING: sun.misc.Unsafe::objectFieldOffset has been called by org.openjdk.jmh.util.Utils (file:/root/.m2/repository/org/openjdk/jmh/jmh-core/1.37/jmh-core-1.37.jar)
[INFO] [stdout] WARNING: Please consider reporting this to the maintainers of class org.openjdk.jmh.util.Utils
[INFO] [stdout] WARNING: sun.misc.Unsafe::objectFieldOffset will be removed in a future release
[INFO] [stdout] Iteration   1: WARNING: A restricted method in java.lang.foreign.SymbolLookup has been called
[INFO] [stdout] WARNING: java.lang.foreign.SymbolLookup::libraryLookup has been called by io.airlift.compress.v3.internal.NativeLoader in an unnamed module (file:/root/.m2/repository/io/airlift/aircompressor-v3/3.4/aircompressor-v3-3.4.jar)
[INFO] [stdout] WARNING: Use --enable-native-access=ALL-UNNAMED to avoid a warning for callers in this module
[INFO] [stdout] WARNING: Restricted methods will be blocked in a future release unless native access is enabled
[INFO] [stdout] 
[INFO] [stdout] 2226.063 ms/op
[INFO] [stdout] 
[INFO] [stdout] 
[INFO] [stdout] Result "org.weakref.nitro.tpch.BenchmarkQueries.query03":
[INFO] [stdout]   2226.063 ms/op
[INFO] [stdout] 
[INFO] [stdout] 
[INFO] [stdout] # JMH version: 1.37
[INFO] [stdout] # VM version: JDK 26.0.1, OpenJDK 64-Bit Server VM, 26.0.1+8
[INFO] [stdout] # VM invoker: /opt/java/openjdk/bin/java
[INFO] [stdout] # VM options: --enable-preview --add-modules=jdk.incubator.vector -Dnitro.clickbench.hits.path= -Xmx12g -XX:+UseTransparentHugePages -Dnitro.tpch.parquet.path=/root/data/tpch-parquet-sf10 -Dnitro.clickbench.hits.path=/root/data/clickbench -Dnitro.debug.lazyNumericSkip=true
[INFO] [stdout] # Blackhole mode: compiler (auto-detected, use -Djmh.blackhole.autoDetect=false to disable)
[INFO] [stdout] # Warmup: <none>
[INFO] [stdout] # Measurement: 1 iterations, 1 ms each
[INFO] [stdout] # Timeout: 30 min per iteration
[INFO] [stdout] # Threads: 1 thread, will synchronize iterations
[INFO] [stdout] # Benchmark mode: Average time, time/op
[INFO] [stdout] # Benchmark: org.weakref.nitro.tpch.BenchmarkQueries.query04
[INFO] [stdout] 
[INFO] [stdout] # Run progress: 71.21% complete, ETA 00:01:20
[INFO] [stdout] # Fork: 1 of 1
[INFO] [stdout] WARNING: Using incubator modules: jdk.incubator.vector
[INFO] [stdout] WARNING: A terminally deprecated method in sun.misc.Unsafe has been called
[INFO] [stdout] WARNING: sun.misc.Unsafe::objectFieldOffset has been called by org.openjdk.jmh.util.Utils (file:/root/.m2/repository/org/openjdk/jmh/jmh-core/1.37/jmh-core-1.37.jar)
[INFO] [stdout] WARNING: Please consider reporting this to the maintainers of class org.openjdk.jmh.util.Utils
[INFO] [stdout] WARNING: sun.misc.Unsafe::objectFieldOffset will be removed in a future release
[INFO] [stdout] Iteration   1: WARNING: A restricted method in java.lang.foreign.SymbolLookup has been called
[INFO] [stdout] WARNING: java.lang.foreign.SymbolLookup::libraryLookup has been called by io.airlift.compress.v3.internal.NativeLoader in an unnamed module (file:/root/.m2/repository/io/airlift/aircompressor-v3/3.4/aircompressor-v3-3.4.jar)
[INFO] [stdout] WARNING: Use --enable-native-access=ALL-UNNAMED to avoid a warning for callers in this module
[INFO] [stdout] WARNING: Restricted methods will be blocked in a future release unless native access is enabled
[INFO] [stdout] 
[INFO] [stdout] 1804.906 ms/op
[INFO] [stdout] 
[INFO] [stdout] 
[INFO] [stdout] Result "org.weakref.nitro.tpch.BenchmarkQueries.query04":
[INFO] [stdout]   1804.906 ms/op
[INFO] [stdout] 
[INFO] [stdout] 
[INFO] [stdout] # JMH version: 1.37
[INFO] [stdout] # VM version: JDK 26.0.1, OpenJDK 64-Bit Server VM, 26.0.1+8
[INFO] [stdout] # VM invoker: /opt/java/openjdk/bin/java
[INFO] [stdout] # VM options: --enable-preview --add-modules=jdk.incubator.vector -Dnitro.clickbench.hits.path= -Xmx12g -XX:+UseTransparentHugePages -Dnitro.tpch.parquet.path=/root/data/tpch-parquet-sf10 -Dnitro.clickbench.hits.path=/root/data/clickbench -Dnitro.debug.lazyNumericSkip=true
[INFO] [stdout] # Blackhole mode: compiler (auto-detected, use -Djmh.blackhole.autoDetect=false to disable)
[INFO] [stdout] # Warmup: <none>
[INFO] [stdout] # Measurement: 1 iterations, 1 ms each
[INFO] [stdout] # Timeout: 30 min per iteration
[INFO] [stdout] # Threads: 1 thread, will synchronize iterations
[INFO] [stdout] # Benchmark mode: Average time, time/op
[INFO] [stdout] # Benchmark: org.weakref.nitro.tpch.BenchmarkQueries.query05
[INFO] [stdout] 
[INFO] [stdout] # Run progress: 72.73% complete, ETA 00:01:15
[INFO] [stdout] # Fork: 1 of 1
[INFO] [stdout] WARNING: Using incubator modules: jdk.incubator.vector
[INFO] [stdout] WARNING: A terminally deprecated method in sun.misc.Unsafe has been called
[INFO] [stdout] WARNING: sun.misc.Unsafe::objectFieldOffset has been called by org.openjdk.jmh.util.Utils (file:/root/.m2/repository/org/openjdk/jmh/jmh-core/1.37/jmh-core-1.37.jar)
[INFO] [stdout] WARNING: Please consider reporting this to the maintainers of class org.openjdk.jmh.util.Utils
[INFO] [stdout] WARNING: sun.misc.Unsafe::objectFieldOffset will be removed in a future release
[INFO] [stdout] Iteration   1: WARNING: A restricted method in java.lang.foreign.SymbolLookup has been called
[INFO] [stdout] WARNING: java.lang.foreign.SymbolLookup::libraryLookup has been called by io.airlift.compress.v3.internal.NativeLoader in an unnamed module (file:/root/.m2/repository/io/airlift/aircompressor-v3/3.4/aircompressor-v3-3.4.jar)
[INFO] [stdout] WARNING: Use --enable-native-access=ALL-UNNAMED to avoid a warning for callers in this module
[INFO] [stdout] WARNING: Restricted methods will be blocked in a future release unless native access is enabled
[INFO] [stdout] 
[INFO] [stdout] 2545.948 ms/op
[INFO] [stdout] 
[INFO] [stdout] 
[INFO] [stdout] Result "org.weakref.nitro.tpch.BenchmarkQueries.query05":
[INFO] [stdout]   2545.948 ms/op
[INFO] [stdout] 
[INFO] [stdout] 
[INFO] [stdout] # JMH version: 1.37
[INFO] [stdout] # VM version: JDK 26.0.1, OpenJDK 64-Bit Server VM, 26.0.1+8
[INFO] [stdout] # VM invoker: /opt/java/openjdk/bin/java
[INFO] [stdout] # VM options: --enable-preview --add-modules=jdk.incubator.vector -Dnitro.clickbench.hits.path= -Xmx12g -XX:+UseTransparentHugePages -Dnitro.tpch.parquet.path=/root/data/tpch-parquet-sf10 -Dnitro.clickbench.hits.path=/root/data/clickbench -Dnitro.debug.lazyNumericSkip=true
[INFO] [stdout] # Blackhole mode: compiler (auto-detected, use -Djmh.blackhole.autoDetect=false to disable)
[INFO] [stdout] # Warmup: <none>
[INFO] [stdout] # Measurement: 1 iterations, 1 ms each
[INFO] [stdout] # Timeout: 30 min per iteration
[INFO] [stdout] # Threads: 1 thread, will synchronize iterations
[INFO] [stdout] # Benchmark mode: Average time, time/op
[INFO] [stdout] # Benchmark: org.weakref.nitro.tpch.BenchmarkQueries.query06
[INFO] [stdout] 
[INFO] [stdout] # Run progress: 74.24% complete, ETA 00:01:10
[INFO] [stdout] # Fork: 1 of 1
[INFO] [stdout] WARNING: Using incubator modules: jdk.incubator.vector
[INFO] [stdout] WARNING: A terminally deprecated method in sun.misc.Unsafe has been called
[INFO] [stdout] WARNING: sun.misc.Unsafe::objectFieldOffset has been called by org.openjdk.jmh.util.Utils (file:/root/.m2/repository/org/openjdk/jmh/jmh-core/1.37/jmh-core-1.37.jar)
[INFO] [stdout] WARNING: Please consider reporting this to the maintainers of class org.openjdk.jmh.util.Utils
[INFO] [stdout] WARNING: sun.misc.Unsafe::objectFieldOffset will be removed in a future release
[INFO] [stdout] Iteration   1: WARNING: A restricted method in java.lang.foreign.SymbolLookup has been called
[INFO] [stdout] WARNING: java.lang.foreign.SymbolLookup::libraryLookup has been called by io.airlift.compress.v3.internal.NativeLoader in an unnamed module (file:/root/.m2/repository/io/airlift/aircompressor-v3/3.4/aircompressor-v3-3.4.jar)
[INFO] [stdout] WARNING: Use --enable-native-access=ALL-UNNAMED to avoid a warning for callers in this module
[INFO] [stdout] WARNING: Restricted methods will be blocked in a future release unless native access is enabled
[INFO] [stdout] 
[INFO] [stdout] 993.597 ms/op
[INFO] [stdout] 
[INFO] [stdout] 
[INFO] [stdout] Result "org.weakref.nitro.tpch.BenchmarkQueries.query06":
[INFO] [stdout]   993.597 ms/op
[INFO] [stdout] 
[INFO] [stdout] 
[INFO] [stdout] # JMH version: 1.37
[INFO] [stdout] # VM version: JDK 26.0.1, OpenJDK 64-Bit Server VM, 26.0.1+8
[INFO] [stdout] # VM invoker: /opt/java/openjdk/bin/java
[INFO] [stdout] # VM options: --enable-preview --add-modules=jdk.incubator.vector -Dnitro.clickbench.hits.path= -Xmx12g -XX:+UseTransparentHugePages -Dnitro.tpch.parquet.path=/root/data/tpch-parquet-sf10 -Dnitro.clickbench.hits.path=/root/data/clickbench -Dnitro.debug.lazyNumericSkip=true
[INFO] [stdout] # Blackhole mode: compiler (auto-detected, use -Djmh.blackhole.autoDetect=false to disable)
[INFO] [stdout] # Warmup: <none>
[INFO] [stdout] # Measurement: 1 iterations, 1 ms each
[INFO] [stdout] # Timeout: 30 min per iteration
[INFO] [stdout] # Threads: 1 thread, will synchronize iterations
[INFO] [stdout] # Benchmark mode: Average time, time/op
[INFO] [stdout] # Benchmark: org.weakref.nitro.tpch.BenchmarkQueries.query07
[INFO] [stdout] 
[INFO] [stdout] # Run progress: 75.76% complete, ETA 00:01:05
[INFO] [stdout] # Fork: 1 of 1
[INFO] [stdout] WARNING: Using incubator modules: jdk.incubator.vector
[INFO] [stdout] WARNING: A terminally deprecated method in sun.misc.Unsafe has been called
[INFO] [stdout] WARNING: sun.misc.Unsafe::objectFieldOffset has been called by org.openjdk.jmh.util.Utils (file:/root/.m2/repository/org/openjdk/jmh/jmh-core/1.37/jmh-core-1.37.jar)
[INFO] [stdout] WARNING: Please consider reporting this to the maintainers of class org.openjdk.jmh.util.Utils
[INFO] [stdout] WARNING: sun.misc.Unsafe::objectFieldOffset will be removed in a future release
[INFO] [stdout] Iteration   1: WARNING: A restricted method in java.lang.foreign.SymbolLookup has been called
[INFO] [stdout] WARNING: java.lang.foreign.SymbolLookup::libraryLookup has been called by io.airlift.compress.v3.internal.NativeLoader in an unnamed module (file:/root/.m2/repository/io/airlift/aircompressor-v3/3.4/aircompressor-v3-3.4.jar)
[INFO] [stdout] WARNING: Use --enable-native-access=ALL-UNNAMED to avoid a warning for callers in this module
[INFO] [stdout] WARNING: Restricted methods will be blocked in a future release unless native access is enabled
[INFO] [stdout] 
[INFO] [stdout] 3450.596 ms/op
[INFO] [stdout] 
[INFO] [stdout] 
[INFO] [stdout] Result "org.weakref.nitro.tpch.BenchmarkQueries.query07":
[INFO] [stdout]   3450.596 ms/op
[INFO] [stdout] 
[INFO] [stdout] 
[INFO] [stdout] # JMH version: 1.37
[INFO] [stdout] # VM version: JDK 26.0.1, OpenJDK 64-Bit Server VM, 26.0.1+8
[INFO] [stdout] # VM invoker: /opt/java/openjdk/bin/java
[INFO] [stdout] # VM options: --enable-preview --add-modules=jdk.incubator.vector -Dnitro.clickbench.hits.path= -Xmx12g -XX:+UseTransparentHugePages -Dnitro.tpch.parquet.path=/root/data/tpch-parquet-sf10 -Dnitro.clickbench.hits.path=/root/data/clickbench -Dnitro.debug.lazyNumericSkip=true
[INFO] [stdout] # Blackhole mode: compiler (auto-detected, use -Djmh.blackhole.autoDetect=false to disable)
[INFO] [stdout] # Warmup: <none>
[INFO] [stdout] # Measurement: 1 iterations, 1 ms each
[INFO] [stdout] # Timeout: 30 min per iteration
[INFO] [stdout] # Threads: 1 thread, will synchronize iterations
[INFO] [stdout] # Benchmark mode: Average time, time/op
[INFO] [stdout] # Benchmark: org.weakref.nitro.tpch.BenchmarkQueries.query08
[INFO] [stdout] 
[INFO] [stdout] # Run progress: 77.27% complete, ETA 00:01:01
[INFO] [stdout] # Fork: 1 of 1
[INFO] [stdout] WARNING: Using incubator modules: jdk.incubator.vector
[INFO] [stdout] WARNING: A terminally deprecated method in sun.misc.Unsafe has been called
[INFO] [stdout] WARNING: sun.misc.Unsafe::objectFieldOffset has been called by org.openjdk.jmh.util.Utils (file:/root/.m2/repository/org/openjdk/jmh/jmh-core/1.37/jmh-core-1.37.jar)
[INFO] [stdout] WARNING: Please consider reporting this to the maintainers of class org.openjdk.jmh.util.Utils
[INFO] [stdout] WARNING: sun.misc.Unsafe::objectFieldOffset will be removed in a future release
[INFO] [stdout] Iteration   1: WARNING: A restricted method in java.lang.foreign.SymbolLookup has been called
[INFO] [stdout] WARNING: java.lang.foreign.SymbolLookup::libraryLookup has been called by io.airlift.compress.v3.internal.NativeLoader in an unnamed module (file:/root/.m2/repository/io/airlift/aircompressor-v3/3.4/aircompressor-v3-3.4.jar)
[INFO] [stdout] WARNING: Use --enable-native-access=ALL-UNNAMED to avoid a warning for callers in this module
[INFO] [stdout] WARNING: Restricted methods will be blocked in a future release unless native access is enabled
[INFO] [stdout] 
[INFO] [stdout] 2601.820 ms/op
[INFO] [stdout] 
[INFO] [stdout] 
[INFO] [stdout] Result "org.weakref.nitro.tpch.BenchmarkQueries.query08":
[INFO] [stdout]   2601.820 ms/op
[INFO] [stdout] 
[INFO] [stdout] 
[INFO] [stdout] # JMH version: 1.37
[INFO] [stdout] # VM version: JDK 26.0.1, OpenJDK 64-Bit Server VM, 26.0.1+8
[INFO] [stdout] # VM invoker: /opt/java/openjdk/bin/java
[INFO] [stdout] # VM options: --enable-preview --add-modules=jdk.incubator.vector -Dnitro.clickbench.hits.path= -Xmx12g -XX:+UseTransparentHugePages -Dnitro.tpch.parquet.path=/root/data/tpch-parquet-sf10 -Dnitro.clickbench.hits.path=/root/data/clickbench -Dnitro.debug.lazyNumericSkip=true
[INFO] [stdout] # Blackhole mode: compiler (auto-detected, use -Djmh.blackhole.autoDetect=false to disable)
[INFO] [stdout] # Warmup: <none>
[INFO] [stdout] # Measurement: 1 iterations, 1 ms each
[INFO] [stdout] # Timeout: 30 min per iteration
[INFO] [stdout] # Threads: 1 thread, will synchronize iterations
[INFO] [stdout] # Benchmark mode: Average time, time/op
[INFO] [stdout] # Benchmark: org.weakref.nitro.tpch.BenchmarkQueries.query09
[INFO] [stdout] 
[INFO] [stdout] # Run progress: 78.79% complete, ETA 00:00:56
[INFO] [stdout] # Fork: 1 of 1
[INFO] [stdout] WARNING: Using incubator modules: jdk.incubator.vector
[INFO] [stdout] WARNING: A terminally deprecated method in sun.misc.Unsafe has been called
[INFO] [stdout] WARNING: sun.misc.Unsafe::objectFieldOffset has been called by org.openjdk.jmh.util.Utils (file:/root/.m2/repository/org/openjdk/jmh/jmh-core/1.37/jmh-core-1.37.jar)
[INFO] [stdout] WARNING: Please consider reporting this to the maintainers of class org.openjdk.jmh.util.Utils
[INFO] [stdout] WARNING: sun.misc.Unsafe::objectFieldOffset will be removed in a future release
[INFO] [stdout] Iteration   1: WARNING: A restricted method in java.lang.foreign.SymbolLookup has been called
[INFO] [stdout] WARNING: java.lang.foreign.SymbolLookup::libraryLookup has been called by io.airlift.compress.v3.internal.NativeLoader in an unnamed module (file:/root/.m2/repository/io/airlift/aircompressor-v3/3.4/aircompressor-v3-3.4.jar)
[INFO] [stdout] WARNING: Use --enable-native-access=ALL-UNNAMED to avoid a warning for callers in this module
[INFO] [stdout] WARNING: Restricted methods will be blocked in a future release unless native access is enabled
[INFO] [stdout] 
[INFO] [stdout] 4041.420 ms/op
[INFO] [stdout] 
[INFO] [stdout] 
[INFO] [stdout] Result "org.weakref.nitro.tpch.BenchmarkQueries.query09":
[INFO] [stdout]   4041.420 ms/op
[INFO] [stdout] 
[INFO] [stdout] 
[INFO] [stdout] # JMH version: 1.37
[INFO] [stdout] # VM version: JDK 26.0.1, OpenJDK 64-Bit Server VM, 26.0.1+8
[INFO] [stdout] # VM invoker: /opt/java/openjdk/bin/java
[INFO] [stdout] # VM options: --enable-preview --add-modules=jdk.incubator.vector -Dnitro.clickbench.hits.path= -Xmx12g -XX:+UseTransparentHugePages -Dnitro.tpch.parquet.path=/root/data/tpch-parquet-sf10 -Dnitro.clickbench.hits.path=/root/data/clickbench -Dnitro.debug.lazyNumericSkip=true
[INFO] [stdout] # Blackhole mode: compiler (auto-detected, use -Djmh.blackhole.autoDetect=false to disable)
[INFO] [stdout] # Warmup: <none>
[INFO] [stdout] # Measurement: 1 iterations, 1 ms each
[INFO] [stdout] # Timeout: 30 min per iteration
[INFO] [stdout] # Threads: 1 thread, will synchronize iterations
[INFO] [stdout] # Benchmark mode: Average time, time/op
[INFO] [stdout] # Benchmark: org.weakref.nitro.tpch.BenchmarkQueries.query10
[INFO] [stdout] 
[INFO] [stdout] # Run progress: 80.30% complete, ETA 00:00:52
[INFO] [stdout] # Fork: 1 of 1
[INFO] [stdout] WARNING: Using incubator modules: jdk.incubator.vector
[INFO] [stdout] WARNING: A terminally deprecated method in sun.misc.Unsafe has been called
[INFO] [stdout] WARNING: sun.misc.Unsafe::objectFieldOffset has been called by org.openjdk.jmh.util.Utils (file:/root/.m2/repository/org/openjdk/jmh/jmh-core/1.37/jmh-core-1.37.jar)
[INFO] [stdout] WARNING: Please consider reporting this to the maintainers of class org.openjdk.jmh.util.Utils
[INFO] [stdout] WARNING: sun.misc.Unsafe::objectFieldOffset will be removed in a future release
[INFO] [stdout] Iteration   1: WARNING: A restricted method in java.lang.foreign.SymbolLookup has been called
[INFO] [stdout] WARNING: java.lang.foreign.SymbolLookup::libraryLookup has been called by io.airlift.compress.v3.internal.NativeLoader in an unnamed module (file:/root/.m2/repository/io/airlift/aircompressor-v3/3.4/aircompressor-v3-3.4.jar)
[INFO] [stdout] WARNING: Use --enable-native-access=ALL-UNNAMED to avoid a warning for callers in this module
[INFO] [stdout] WARNING: Restricted methods will be blocked in a future release unless native access is enabled
[INFO] [stdout] 
[INFO] [stdout] 3188.922 ms/op
[INFO] [stdout] 
[INFO] [stdout] 
[INFO] [stdout] Result "org.weakref.nitro.tpch.BenchmarkQueries.query10":
[INFO] [stdout]   3188.922 ms/op
[INFO] [stdout] 
[INFO] [stdout] 
[INFO] [stdout] # JMH version: 1.37
[INFO] [stdout] # VM version: JDK 26.0.1, OpenJDK 64-Bit Server VM, 26.0.1+8
[INFO] [stdout] # VM invoker: /opt/java/openjdk/bin/java
[INFO] [stdout] # VM options: --enable-preview --add-modules=jdk.incubator.vector -Dnitro.clickbench.hits.path= -Xmx12g -XX:+UseTransparentHugePages -Dnitro.tpch.parquet.path=/root/data/tpch-parquet-sf10 -Dnitro.clickbench.hits.path=/root/data/clickbench -Dnitro.debug.lazyNumericSkip=true
[INFO] [stdout] # Blackhole mode: compiler (auto-detected, use -Djmh.blackhole.autoDetect=false to disable)
[INFO] [stdout] # Warmup: <none>
[INFO] [stdout] # Measurement: 1 iterations, 1 ms each
[INFO] [stdout] # Timeout: 30 min per iteration
[INFO] [stdout] # Threads: 1 thread, will synchronize iterations
[INFO] [stdout] # Benchmark mode: Average time, time/op
[INFO] [stdout] # Benchmark: org.weakref.nitro.tpch.BenchmarkQueries.query11
[INFO] [stdout] 
[INFO] [stdout] # Run progress: 81.82% complete, ETA 00:00:48
[INFO] [stdout] # Fork: 1 of 1
[INFO] [stdout] WARNING: Using incubator modules: jdk.incubator.vector
[INFO] [stdout] WARNING: A terminally deprecated method in sun.misc.Unsafe has been called
[INFO] [stdout] WARNING: sun.misc.Unsafe::objectFieldOffset has been called by org.openjdk.jmh.util.Utils (file:/root/.m2/repository/org/openjdk/jmh/jmh-core/1.37/jmh-core-1.37.jar)
[INFO] [stdout] WARNING: Please consider reporting this to the maintainers of class org.openjdk.jmh.util.Utils
[INFO] [stdout] WARNING: sun.misc.Unsafe::objectFieldOffset will be removed in a future release
[INFO] [stdout] Iteration   1: WARNING: A restricted method in java.lang.foreign.SymbolLookup has been called
[INFO] [stdout] WARNING: java.lang.foreign.SymbolLookup::libraryLookup has been called by io.airlift.compress.v3.internal.NativeLoader in an unnamed module (file:/root/.m2/repository/io/airlift/aircompressor-v3/3.4/aircompressor-v3-3.4.jar)
[INFO] [stdout] WARNING: Use --enable-native-access=ALL-UNNAMED to avoid a warning for callers in this module
[INFO] [stdout] WARNING: Restricted methods will be blocked in a future release unless native access is enabled
[INFO] [stdout] 
[INFO] [stdout] 541.243 ms/op
[INFO] [stdout] 
[INFO] [stdout] 
[INFO] [stdout] Result "org.weakref.nitro.tpch.BenchmarkQueries.query11":
[INFO] [stdout]   541.243 ms/op
[INFO] [stdout] 
[INFO] [stdout] 
[INFO] [stdout] # JMH version: 1.37
[INFO] [stdout] # VM version: JDK 26.0.1, OpenJDK 64-Bit Server VM, 26.0.1+8
[INFO] [stdout] # VM invoker: /opt/java/openjdk/bin/java
[INFO] [stdout] # VM options: --enable-preview --add-modules=jdk.incubator.vector -Dnitro.clickbench.hits.path= -Xmx12g -XX:+UseTransparentHugePages -Dnitro.tpch.parquet.path=/root/data/tpch-parquet-sf10 -Dnitro.clickbench.hits.path=/root/data/clickbench -Dnitro.debug.lazyNumericSkip=true
[INFO] [stdout] # Blackhole mode: compiler (auto-detected, use -Djmh.blackhole.autoDetect=false to disable)
[INFO] [stdout] # Warmup: <none>
[INFO] [stdout] # Measurement: 1 iterations, 1 ms each
[INFO] [stdout] # Timeout: 30 min per iteration
[INFO] [stdout] # Threads: 1 thread, will synchronize iterations
[INFO] [stdout] # Benchmark mode: Average time, time/op
[INFO] [stdout] # Benchmark: org.weakref.nitro.tpch.BenchmarkQueries.query12
[INFO] [stdout] 
[INFO] [stdout] # Run progress: 83.33% complete, ETA 00:00:43
[INFO] [stdout] # Fork: 1 of 1
[INFO] [stdout] WARNING: Using incubator modules: jdk.incubator.vector
[INFO] [stdout] WARNING: A terminally deprecated method in sun.misc.Unsafe has been called
[INFO] [stdout] WARNING: sun.misc.Unsafe::objectFieldOffset has been called by org.openjdk.jmh.util.Utils (file:/root/.m2/repository/org/openjdk/jmh/jmh-core/1.37/jmh-core-1.37.jar)
[INFO] [stdout] WARNING: Please consider reporting this to the maintainers of class org.openjdk.jmh.util.Utils
[INFO] [stdout] WARNING: sun.misc.Unsafe::objectFieldOffset will be removed in a future release
[INFO] [stdout] Iteration   1: WARNING: A restricted method in java.lang.foreign.SymbolLookup has been called
[INFO] [stdout] WARNING: java.lang.foreign.SymbolLookup::libraryLookup has been called by io.airlift.compress.v3.internal.NativeLoader in an unnamed module (file:/root/.m2/repository/io/airlift/aircompressor-v3/3.4/aircompressor-v3-3.4.jar)
[INFO] [stdout] WARNING: Use --enable-native-access=ALL-UNNAMED to avoid a warning for callers in this module
[INFO] [stdout] WARNING: Restricted methods will be blocked in a future release unless native access is enabled
[INFO] [stdout] 
[INFO] [stdout] 1705.824 ms/op
[INFO] [stdout] 
[INFO] [stdout] 
[INFO] [stdout] Result "org.weakref.nitro.tpch.BenchmarkQueries.query12":
[INFO] [stdout]   1705.824 ms/op
[INFO] [stdout] 
[INFO] [stdout] 
[INFO] [stdout] # JMH version: 1.37
[INFO] [stdout] # VM version: JDK 26.0.1, OpenJDK 64-Bit Server VM, 26.0.1+8
[INFO] [stdout] # VM invoker: /opt/java/openjdk/bin/java
[INFO] [stdout] # VM options: --enable-preview --add-modules=jdk.incubator.vector -Dnitro.clickbench.hits.path= -Xmx12g -XX:+UseTransparentHugePages -Dnitro.tpch.parquet.path=/root/data/tpch-parquet-sf10 -Dnitro.clickbench.hits.path=/root/data/clickbench -Dnitro.debug.lazyNumericSkip=true
[INFO] [stdout] # Blackhole mode: compiler (auto-detected, use -Djmh.blackhole.autoDetect=false to disable)
[INFO] [stdout] # Warmup: <none>
[INFO] [stdout] # Measurement: 1 iterations, 1 ms each
[INFO] [stdout] # Timeout: 30 min per iteration
[INFO] [stdout] # Threads: 1 thread, will synchronize iterations
[INFO] [stdout] # Benchmark mode: Average time, time/op
[INFO] [stdout] # Benchmark: org.weakref.nitro.tpch.BenchmarkQueries.query13
[INFO] [stdout] 
[INFO] [stdout] # Run progress: 84.85% complete, ETA 00:00:39
[INFO] [stdout] # Fork: 1 of 1
[INFO] [stdout] WARNING: Using incubator modules: jdk.incubator.vector
[INFO] [stdout] WARNING: A terminally deprecated method in sun.misc.Unsafe has been called
[INFO] [stdout] WARNING: sun.misc.Unsafe::objectFieldOffset has been called by org.openjdk.jmh.util.Utils (file:/root/.m2/repository/org/openjdk/jmh/jmh-core/1.37/jmh-core-1.37.jar)
[INFO] [stdout] WARNING: Please consider reporting this to the maintainers of class org.openjdk.jmh.util.Utils
[INFO] [stdout] WARNING: sun.misc.Unsafe::objectFieldOffset will be removed in a future release
[INFO] [stdout] Iteration   1: WARNING: A restricted method in java.lang.foreign.SymbolLookup has been called
[INFO] [stdout] WARNING: java.lang.foreign.SymbolLookup::libraryLookup has been called by io.airlift.compress.v3.internal.NativeLoader in an unnamed module (file:/root/.m2/repository/io/airlift/aircompressor-v3/3.4/aircompressor-v3-3.4.jar)
[INFO] [stdout] WARNING: Use --enable-native-access=ALL-UNNAMED to avoid a warning for callers in this module
[INFO] [stdout] WARNING: Restricted methods will be blocked in a future release unless native access is enabled
[INFO] [stdout] 
[INFO] [stdout] 2756.725 ms/op
[INFO] [stdout] 
[INFO] [stdout] 
[INFO] [stdout] Result "org.weakref.nitro.tpch.BenchmarkQueries.query13":
[INFO] [stdout]   2756.725 ms/op
[INFO] [stdout] 
[INFO] [stdout] 
[INFO] [stdout] # JMH version: 1.37
[INFO] [stdout] # VM version: JDK 26.0.1, OpenJDK 64-Bit Server VM, 26.0.1+8
[INFO] [stdout] # VM invoker: /opt/java/openjdk/bin/java
[INFO] [stdout] # VM options: --enable-preview --add-modules=jdk.incubator.vector -Dnitro.clickbench.hits.path= -Xmx12g -XX:+UseTransparentHugePages -Dnitro.tpch.parquet.path=/root/data/tpch-parquet-sf10 -Dnitro.clickbench.hits.path=/root/data/clickbench -Dnitro.debug.lazyNumericSkip=true
[INFO] [stdout] # Blackhole mode: compiler (auto-detected, use -Djmh.blackhole.autoDetect=false to disable)
[INFO] [stdout] # Warmup: <none>
[INFO] [stdout] # Measurement: 1 iterations, 1 ms each
[INFO] [stdout] # Timeout: 30 min per iteration
[INFO] [stdout] # Threads: 1 thread, will synchronize iterations
[INFO] [stdout] # Benchmark mode: Average time, time/op
[INFO] [stdout] # Benchmark: org.weakref.nitro.tpch.BenchmarkQueries.query14
[INFO] [stdout] 
[INFO] [stdout] # Run progress: 86.36% complete, ETA 00:00:35
[INFO] [stdout] # Fork: 1 of 1
[INFO] [stdout] WARNING: Using incubator modules: jdk.incubator.vector
[INFO] [stdout] WARNING: A terminally deprecated method in sun.misc.Unsafe has been called
[INFO] [stdout] WARNING: sun.misc.Unsafe::objectFieldOffset has been called by org.openjdk.jmh.util.Utils (file:/root/.m2/repository/org/openjdk/jmh/jmh-core/1.37/jmh-core-1.37.jar)
[INFO] [stdout] WARNING: Please consider reporting this to the maintainers of class org.openjdk.jmh.util.Utils
[INFO] [stdout] WARNING: sun.misc.Unsafe::objectFieldOffset will be removed in a future release
[INFO] [stdout] Iteration   1: WARNING: A restricted method in java.lang.foreign.SymbolLookup has been called
[INFO] [stdout] WARNING: java.lang.foreign.SymbolLookup::libraryLookup has been called by io.airlift.compress.v3.internal.NativeLoader in an unnamed module (file:/root/.m2/repository/io/airlift/aircompressor-v3/3.4/aircompressor-v3-3.4.jar)
[INFO] [stdout] WARNING: Use --enable-native-access=ALL-UNNAMED to avoid a warning for callers in this module
[INFO] [stdout] WARNING: Restricted methods will be blocked in a future release unless native access is enabled
[INFO] [stdout] 
[INFO] [stdout] 1999.774 ms/op
[INFO] [stdout] 
[INFO] [stdout] 
[INFO] [stdout] Result "org.weakref.nitro.tpch.BenchmarkQueries.query14":
[INFO] [stdout]   1999.774 ms/op
[INFO] [stdout] 
[INFO] [stdout] 
[INFO] [stdout] # JMH version: 1.37
[INFO] [stdout] # VM version: JDK 26.0.1, OpenJDK 64-Bit Server VM, 26.0.1+8
[INFO] [stdout] # VM invoker: /opt/java/openjdk/bin/java
[INFO] [stdout] # VM options: --enable-preview --add-modules=jdk.incubator.vector -Dnitro.clickbench.hits.path= -Xmx12g -XX:+UseTransparentHugePages -Dnitro.tpch.parquet.path=/root/data/tpch-parquet-sf10 -Dnitro.clickbench.hits.path=/root/data/clickbench -Dnitro.debug.lazyNumericSkip=true
[INFO] [stdout] # Blackhole mode: compiler (auto-detected, use -Djmh.blackhole.autoDetect=false to disable)
[INFO] [stdout] # Warmup: <none>
[INFO] [stdout] # Measurement: 1 iterations, 1 ms each
[INFO] [stdout] # Timeout: 30 min per iteration
[INFO] [stdout] # Threads: 1 thread, will synchronize iterations
[INFO] [stdout] # Benchmark mode: Average time, time/op
[INFO] [stdout] # Benchmark: org.weakref.nitro.tpch.BenchmarkQueries.query15
[INFO] [stdout] 
[INFO] [stdout] # Run progress: 87.88% complete, ETA 00:00:31
[INFO] [stdout] # Fork: 1 of 1
[INFO] [stdout] WARNING: Using incubator modules: jdk.incubator.vector
[INFO] [stdout] WARNING: A terminally deprecated method in sun.misc.Unsafe has been called
[INFO] [stdout] WARNING: sun.misc.Unsafe::objectFieldOffset has been called by org.openjdk.jmh.util.Utils (file:/root/.m2/repository/org/openjdk/jmh/jmh-core/1.37/jmh-core-1.37.jar)
[INFO] [stdout] WARNING: Please consider reporting this to the maintainers of class org.openjdk.jmh.util.Utils
[INFO] [stdout] WARNING: sun.misc.Unsafe::objectFieldOffset will be removed in a future release
[INFO] [stdout] Iteration   1: WARNING: A restricted method in java.lang.foreign.SymbolLookup has been called
[INFO] [stdout] WARNING: java.lang.foreign.SymbolLookup::libraryLookup has been called by io.airlift.compress.v3.internal.NativeLoader in an unnamed module (file:/root/.m2/repository/io/airlift/aircompressor-v3/3.4/aircompressor-v3-3.4.jar)
[INFO] [stdout] WARNING: Use --enable-native-access=ALL-UNNAMED to avoid a warning for callers in this module
[INFO] [stdout] WARNING: Restricted methods will be blocked in a future release unless native access is enabled
[INFO] [stdout] 
[INFO] [stdout] 1912.889 ms/op
[INFO] [stdout] 
[INFO] [stdout] 
[INFO] [stdout] Result "org.weakref.nitro.tpch.BenchmarkQueries.query15":
[INFO] [stdout]   1912.889 ms/op
[INFO] [stdout] 
[INFO] [stdout] 
[INFO] [stdout] # JMH version: 1.37
[INFO] [stdout] # VM version: JDK 26.0.1, OpenJDK 64-Bit Server VM, 26.0.1+8
[INFO] [stdout] # VM invoker: /opt/java/openjdk/bin/java
[INFO] [stdout] # VM options: --enable-preview --add-modules=jdk.incubator.vector -Dnitro.clickbench.hits.path= -Xmx12g -XX:+UseTransparentHugePages -Dnitro.tpch.parquet.path=/root/data/tpch-parquet-sf10 -Dnitro.clickbench.hits.path=/root/data/clickbench -Dnitro.debug.lazyNumericSkip=true
[INFO] [stdout] # Blackhole mode: compiler (auto-detected, use -Djmh.blackhole.autoDetect=false to disable)
[INFO] [stdout] # Warmup: <none>
[INFO] [stdout] # Measurement: 1 iterations, 1 ms each
[INFO] [stdout] # Timeout: 30 min per iteration
[INFO] [stdout] # Threads: 1 thread, will synchronize iterations
[INFO] [stdout] # Benchmark mode: Average time, time/op
[INFO] [stdout] # Benchmark: org.weakref.nitro.tpch.BenchmarkQueries.query16
[INFO] [stdout] 
[INFO] [stdout] # Run progress: 89.39% complete, ETA 00:00:27
[INFO] [stdout] # Fork: 1 of 1
[INFO] [stdout] WARNING: Using incubator modules: jdk.incubator.vector
[INFO] [stdout] WARNING: A terminally deprecated method in sun.misc.Unsafe has been called
[INFO] [stdout] WARNING: sun.misc.Unsafe::objectFieldOffset has been called by org.openjdk.jmh.util.Utils (file:/root/.m2/repository/org/openjdk/jmh/jmh-core/1.37/jmh-core-1.37.jar)
[INFO] [stdout] WARNING: Please consider reporting this to the maintainers of class org.openjdk.jmh.util.Utils
[INFO] [stdout] WARNING: sun.misc.Unsafe::objectFieldOffset will be removed in a future release
[INFO] [stdout] Iteration   1: WARNING: A restricted method in java.lang.foreign.SymbolLookup has been called
[INFO] [stdout] WARNING: java.lang.foreign.SymbolLookup::libraryLookup has been called by io.airlift.compress.v3.internal.NativeLoader in an unnamed module (file:/root/.m2/repository/io/airlift/aircompressor-v3/3.4/aircompressor-v3-3.4.jar)
[INFO] [stdout] WARNING: Use --enable-native-access=ALL-UNNAMED to avoid a warning for callers in this module
[INFO] [stdout] WARNING: Restricted methods will be blocked in a future release unless native access is enabled
[INFO] [stdout] 
[INFO] [stdout] 950.850 ms/op
[INFO] [stdout] 
[INFO] [stdout] 
[INFO] [stdout] Result "org.weakref.nitro.tpch.BenchmarkQueries.query16":
[INFO] [stdout]   950.850 ms/op
[INFO] [stdout] 
[INFO] [stdout] 
[INFO] [stdout] # JMH version: 1.37
[INFO] [stdout] # VM version: JDK 26.0.1, OpenJDK 64-Bit Server VM, 26.0.1+8
[INFO] [stdout] # VM invoker: /opt/java/openjdk/bin/java
[INFO] [stdout] # VM options: --enable-preview --add-modules=jdk.incubator.vector -Dnitro.clickbench.hits.path= -Xmx12g -XX:+UseTransparentHugePages -Dnitro.tpch.parquet.path=/root/data/tpch-parquet-sf10 -Dnitro.clickbench.hits.path=/root/data/clickbench -Dnitro.debug.lazyNumericSkip=true
[INFO] [stdout] # Blackhole mode: compiler (auto-detected, use -Djmh.blackhole.autoDetect=false to disable)
[INFO] [stdout] # Warmup: <none>
[INFO] [stdout] # Measurement: 1 iterations, 1 ms each
[INFO] [stdout] # Timeout: 30 min per iteration
[INFO] [stdout] # Threads: 1 thread, will synchronize iterations
[INFO] [stdout] # Benchmark mode: Average time, time/op
[INFO] [stdout] # Benchmark: org.weakref.nitro.tpch.BenchmarkQueries.query17
[INFO] [stdout] 
[INFO] [stdout] # Run progress: 90.91% complete, ETA 00:00:22
[INFO] [stdout] # Fork: 1 of 1
[INFO] [stdout] WARNING: Using incubator modules: jdk.incubator.vector
[INFO] [stdout] WARNING: A terminally deprecated method in sun.misc.Unsafe has been called
[INFO] [stdout] WARNING: sun.misc.Unsafe::objectFieldOffset has been called by org.openjdk.jmh.util.Utils (file:/root/.m2/repository/org/openjdk/jmh/jmh-core/1.37/jmh-core-1.37.jar)
[INFO] [stdout] WARNING: Please consider reporting this to the maintainers of class org.openjdk.jmh.util.Utils
[INFO] [stdout] WARNING: sun.misc.Unsafe::objectFieldOffset will be removed in a future release
[INFO] [stdout] Iteration   1: WARNING: A restricted method in java.lang.foreign.SymbolLookup has been called
[INFO] [stdout] WARNING: java.lang.foreign.SymbolLookup::libraryLookup has been called by io.airlift.compress.v3.internal.NativeLoader in an unnamed module (file:/root/.m2/repository/io/airlift/aircompressor-v3/3.4/aircompressor-v3-3.4.jar)
[INFO] [stdout] WARNING: Use --enable-native-access=ALL-UNNAMED to avoid a warning for callers in this module
[INFO] [stdout] WARNING: Restricted methods will be blocked in a future release unless native access is enabled
[INFO] [stdout] 
[INFO] [stdout] 2418.973 ms/op
[INFO] [stdout] 
[INFO] [stdout] 
[INFO] [stdout] Result "org.weakref.nitro.tpch.BenchmarkQueries.query17":
[INFO] [stdout]   2418.973 ms/op
[INFO] [stdout] 
[INFO] [stdout] 
[INFO] [stdout] # JMH version: 1.37
[INFO] [stdout] # VM version: JDK 26.0.1, OpenJDK 64-Bit Server VM, 26.0.1+8
[INFO] [stdout] # VM invoker: /opt/java/openjdk/bin/java
[INFO] [stdout] # VM options: --enable-preview --add-modules=jdk.incubator.vector -Dnitro.clickbench.hits.path= -Xmx12g -XX:+UseTransparentHugePages -Dnitro.tpch.parquet.path=/root/data/tpch-parquet-sf10 -Dnitro.clickbench.hits.path=/root/data/clickbench -Dnitro.debug.lazyNumericSkip=true
[INFO] [stdout] # Blackhole mode: compiler (auto-detected, use -Djmh.blackhole.autoDetect=false to disable)
[INFO] [stdout] # Warmup: <none>
[INFO] [stdout] # Measurement: 1 iterations, 1 ms each
[INFO] [stdout] # Timeout: 30 min per iteration
[INFO] [stdout] # Threads: 1 thread, will synchronize iterations
[INFO] [stdout] # Benchmark mode: Average time, time/op
[INFO] [stdout] # Benchmark: org.weakref.nitro.tpch.BenchmarkQueries.query18
[INFO] [stdout] 
[INFO] [stdout] # Run progress: 92.42% complete, ETA 00:00:19
[INFO] [stdout] # Fork: 1 of 1
[INFO] [stdout] WARNING: Using incubator modules: jdk.incubator.vector
[INFO] [stdout] WARNING: A terminally deprecated method in sun.misc.Unsafe has been called
[INFO] [stdout] WARNING: sun.misc.Unsafe::objectFieldOffset has been called by org.openjdk.jmh.util.Utils (file:/root/.m2/repository/org/openjdk/jmh/jmh-core/1.37/jmh-core-1.37.jar)
[INFO] [stdout] WARNING: Please consider reporting this to the maintainers of class org.openjdk.jmh.util.Utils
[INFO] [stdout] WARNING: sun.misc.Unsafe::objectFieldOffset will be removed in a future release
[INFO] [stdout] Iteration   1: WARNING: A restricted method in java.lang.foreign.SymbolLookup has been called
[INFO] [stdout] WARNING: java.lang.foreign.SymbolLookup::libraryLookup has been called by io.airlift.compress.v3.internal.NativeLoader in an unnamed module (file:/root/.m2/repository/io/airlift/aircompressor-v3/3.4/aircompressor-v3-3.4.jar)
[INFO] [stdout] WARNING: Use --enable-native-access=ALL-UNNAMED to avoid a warning for callers in this module
[INFO] [stdout] WARNING: Restricted methods will be blocked in a future release unless native access is enabled
[INFO] [stdout] 
[INFO] [stdout] 1672.817 ms/op
[INFO] [stdout] 
[INFO] [stdout] 
[INFO] [stdout] Result "org.weakref.nitro.tpch.BenchmarkQueries.query18":
[INFO] [stdout]   1672.817 ms/op
[INFO] [stdout] 
[INFO] [stdout] 
[INFO] [stdout] # JMH version: 1.37
[INFO] [stdout] # VM version: JDK 26.0.1, OpenJDK 64-Bit Server VM, 26.0.1+8
[INFO] [stdout] # VM invoker: /opt/java/openjdk/bin/java
[INFO] [stdout] # VM options: --enable-preview --add-modules=jdk.incubator.vector -Dnitro.clickbench.hits.path= -Xmx12g -XX:+UseTransparentHugePages -Dnitro.tpch.parquet.path=/root/data/tpch-parquet-sf10 -Dnitro.clickbench.hits.path=/root/data/clickbench -Dnitro.debug.lazyNumericSkip=true
[INFO] [stdout] # Blackhole mode: compiler (auto-detected, use -Djmh.blackhole.autoDetect=false to disable)
[INFO] [stdout] # Warmup: <none>
[INFO] [stdout] # Measurement: 1 iterations, 1 ms each
[INFO] [stdout] # Timeout: 30 min per iteration
[INFO] [stdout] # Threads: 1 thread, will synchronize iterations
[INFO] [stdout] # Benchmark mode: Average time, time/op
[INFO] [stdout] # Benchmark: org.weakref.nitro.tpch.BenchmarkQueries.query19
[INFO] [stdout] 
[INFO] [stdout] # Run progress: 93.94% complete, ETA 00:00:15
[INFO] [stdout] # Fork: 1 of 1
[INFO] [stdout] WARNING: Using incubator modules: jdk.incubator.vector
[INFO] [stdout] WARNING: A terminally deprecated method in sun.misc.Unsafe has been called
[INFO] [stdout] WARNING: sun.misc.Unsafe::objectFieldOffset has been called by org.openjdk.jmh.util.Utils (file:/root/.m2/repository/org/openjdk/jmh/jmh-core/1.37/jmh-core-1.37.jar)
[INFO] [stdout] WARNING: Please consider reporting this to the maintainers of class org.openjdk.jmh.util.Utils
[INFO] [stdout] WARNING: sun.misc.Unsafe::objectFieldOffset will be removed in a future release
[INFO] [stdout] Iteration   1: WARNING: A restricted method in java.lang.foreign.SymbolLookup has been called
[INFO] [stdout] WARNING: java.lang.foreign.SymbolLookup::libraryLookup has been called by io.airlift.compress.v3.internal.NativeLoader in an unnamed module (file:/root/.m2/repository/io/airlift/aircompressor-v3/3.4/aircompressor-v3-3.4.jar)
[INFO] [stdout] WARNING: Use --enable-native-access=ALL-UNNAMED to avoid a warning for callers in this module
[INFO] [stdout] WARNING: Restricted methods will be blocked in a future release unless native access is enabled
[INFO] [stdout] 
[WARNING] [stderr] [lazy-numeric-skip] column=l_quantity dictionary=50 survivors=375/10000 fragmented=true
[WARNING] [stderr] [lazy-numeric-skip] column=l_discount dictionary=11 survivors=375/10000 fragmented=true
[INFO] [stdout] 2335.952 ms/op
[INFO] [stdout] 
[INFO] [stdout] 
[INFO] [stdout] Result "org.weakref.nitro.tpch.BenchmarkQueries.query19":
[INFO] [stdout]   2335.952 ms/op
[INFO] [stdout] 
[INFO] [stdout] 
[INFO] [stdout] # JMH version: 1.37
[INFO] [stdout] # VM version: JDK 26.0.1, OpenJDK 64-Bit Server VM, 26.0.1+8
[INFO] [stdout] # VM invoker: /opt/java/openjdk/bin/java
[INFO] [stdout] # VM options: --enable-preview --add-modules=jdk.incubator.vector -Dnitro.clickbench.hits.path= -Xmx12g -XX:+UseTransparentHugePages -Dnitro.tpch.parquet.path=/root/data/tpch-parquet-sf10 -Dnitro.clickbench.hits.path=/root/data/clickbench -Dnitro.debug.lazyNumericSkip=true
[INFO] [stdout] # Blackhole mode: compiler (auto-detected, use -Djmh.blackhole.autoDetect=false to disable)
[INFO] [stdout] # Warmup: <none>
[INFO] [stdout] # Measurement: 1 iterations, 1 ms each
[INFO] [stdout] # Timeout: 30 min per iteration
[INFO] [stdout] # Threads: 1 thread, will synchronize iterations
[INFO] [stdout] # Benchmark mode: Average time, time/op
[INFO] [stdout] # Benchmark: org.weakref.nitro.tpch.BenchmarkQueries.query20
[INFO] [stdout] 
[INFO] [stdout] # Run progress: 95.45% complete, ETA 00:00:11
[INFO] [stdout] # Fork: 1 of 1
[INFO] [stdout] WARNING: Using incubator modules: jdk.incubator.vector
[INFO] [stdout] WARNING: A terminally deprecated method in sun.misc.Unsafe has been called
[INFO] [stdout] WARNING: sun.misc.Unsafe::objectFieldOffset has been called by org.openjdk.jmh.util.Utils (file:/root/.m2/repository/org/openjdk/jmh/jmh-core/1.37/jmh-core-1.37.jar)
[INFO] [stdout] WARNING: Please consider reporting this to the maintainers of class org.openjdk.jmh.util.Utils
[INFO] [stdout] WARNING: sun.misc.Unsafe::objectFieldOffset will be removed in a future release
[INFO] [stdout] Iteration   1: WARNING: A restricted method in java.lang.foreign.SymbolLookup has been called
[INFO] [stdout] WARNING: java.lang.foreign.SymbolLookup::libraryLookup has been called by io.airlift.compress.v3.internal.NativeLoader in an unnamed module (file:/root/.m2/repository/io/airlift/aircompressor-v3/3.4/aircompressor-v3-3.4.jar)
[INFO] [stdout] WARNING: Use --enable-native-access=ALL-UNNAMED to avoid a warning for callers in this module
[INFO] [stdout] WARNING: Restricted methods will be blocked in a future release unless native access is enabled
[INFO] [stdout] 
[INFO] [stdout] 1939.007 ms/op
[INFO] [stdout] 
[INFO] [stdout] 
[INFO] [stdout] Result "org.weakref.nitro.tpch.BenchmarkQueries.query20":
[INFO] [stdout]   1939.007 ms/op
[INFO] [stdout] 
[INFO] [stdout] 
[INFO] [stdout] # JMH version: 1.37
[INFO] [stdout] # VM version: JDK 26.0.1, OpenJDK 64-Bit Server VM, 26.0.1+8
[INFO] [stdout] # VM invoker: /opt/java/openjdk/bin/java
[INFO] [stdout] # VM options: --enable-preview --add-modules=jdk.incubator.vector -Dnitro.clickbench.hits.path= -Xmx12g -XX:+UseTransparentHugePages -Dnitro.tpch.parquet.path=/root/data/tpch-parquet-sf10 -Dnitro.clickbench.hits.path=/root/data/clickbench -Dnitro.debug.lazyNumericSkip=true
[INFO] [stdout] # Blackhole mode: compiler (auto-detected, use -Djmh.blackhole.autoDetect=false to disable)
[INFO] [stdout] # Warmup: <none>
[INFO] [stdout] # Measurement: 1 iterations, 1 ms each
[INFO] [stdout] # Timeout: 30 min per iteration
[INFO] [stdout] # Threads: 1 thread, will synchronize iterations
[INFO] [stdout] # Benchmark mode: Average time, time/op
[INFO] [stdout] # Benchmark: org.weakref.nitro.tpch.BenchmarkQueries.query21
[INFO] [stdout] 
[INFO] [stdout] # Run progress: 96.97% complete, ETA 00:00:07
[INFO] [stdout] # Fork: 1 of 1
[INFO] [stdout] WARNING: Using incubator modules: jdk.incubator.vector
[INFO] [stdout] WARNING: A terminally deprecated method in sun.misc.Unsafe has been called
[INFO] [stdout] WARNING: sun.misc.Unsafe::objectFieldOffset has been called by org.openjdk.jmh.util.Utils (file:/root/.m2/repository/org/openjdk/jmh/jmh-core/1.37/jmh-core-1.37.jar)
[INFO] [stdout] WARNING: Please consider reporting this to the maintainers of class org.openjdk.jmh.util.Utils
[INFO] [stdout] WARNING: sun.misc.Unsafe::objectFieldOffset will be removed in a future release
[INFO] [stdout] Iteration   1: WARNING: A restricted method in java.lang.foreign.SymbolLookup has been called
[INFO] [stdout] WARNING: java.lang.foreign.SymbolLookup::libraryLookup has been called by io.airlift.compress.v3.internal.NativeLoader in an unnamed module (file:/root/.m2/repository/io/airlift/aircompressor-v3/3.4/aircompressor-v3-3.4.jar)
[INFO] [stdout] WARNING: Use --enable-native-access=ALL-UNNAMED to avoid a warning for callers in this module
[INFO] [stdout] WARNING: Restricted methods will be blocked in a future release unless native access is enabled
[INFO] [stdout] 
[INFO] [stdout] 5520.023 ms/op
[INFO] [stdout] 
[INFO] [stdout] 
[INFO] [stdout] Result "org.weakref.nitro.tpch.BenchmarkQueries.query21":
[INFO] [stdout]   5520.023 ms/op
[INFO] [stdout] 
[INFO] [stdout] 
[INFO] [stdout] # JMH version: 1.37
[INFO] [stdout] # VM version: JDK 26.0.1, OpenJDK 64-Bit Server VM, 26.0.1+8
[INFO] [stdout] # VM invoker: /opt/java/openjdk/bin/java
[INFO] [stdout] # VM options: --enable-preview --add-modules=jdk.incubator.vector -Dnitro.clickbench.hits.path= -Xmx12g -XX:+UseTransparentHugePages -Dnitro.tpch.parquet.path=/root/data/tpch-parquet-sf10 -Dnitro.clickbench.hits.path=/root/data/clickbench -Dnitro.debug.lazyNumericSkip=true
[INFO] [stdout] # Blackhole mode: compiler (auto-detected, use -Djmh.blackhole.autoDetect=false to disable)
[INFO] [stdout] # Warmup: <none>
[INFO] [stdout] # Measurement: 1 iterations, 1 ms each
[INFO] [stdout] # Timeout: 30 min per iteration
[INFO] [stdout] # Threads: 1 thread, will synchronize iterations
[INFO] [stdout] # Benchmark mode: Average time, time/op
[INFO] [stdout] # Benchmark: org.weakref.nitro.tpch.BenchmarkQueries.query22
[INFO] [stdout] 
[INFO] [stdout] # Run progress: 98.48% complete, ETA 00:00:03
[INFO] [stdout] # Fork: 1 of 1
[INFO] [stdout] WARNING: Using incubator modules: jdk.incubator.vector
[INFO] [stdout] WARNING: A terminally deprecated method in sun.misc.Unsafe has been called
[INFO] [stdout] WARNING: sun.misc.Unsafe::objectFieldOffset has been called by org.openjdk.jmh.util.Utils (file:/root/.m2/repository/org/openjdk/jmh/jmh-core/1.37/jmh-core-1.37.jar)
[INFO] [stdout] WARNING: Please consider reporting this to the maintainers of class org.openjdk.jmh.util.Utils
[INFO] [stdout] WARNING: sun.misc.Unsafe::objectFieldOffset will be removed in a future release
[INFO] [stdout] Iteration   1: WARNING: A restricted method in java.lang.foreign.SymbolLookup has been called
[INFO] [stdout] WARNING: java.lang.foreign.SymbolLookup::libraryLookup has been called by io.airlift.compress.v3.internal.NativeLoader in an unnamed module (file:/root/.m2/repository/io/airlift/aircompressor-v3/3.4/aircompressor-v3-3.4.jar)
[INFO] [stdout] WARNING: Use --enable-native-access=ALL-UNNAMED to avoid a warning for callers in this module
[INFO] [stdout] WARNING: Restricted methods will be blocked in a future release unless native access is enabled
[INFO] [stdout] 
[INFO] [stdout] 744.977 ms/op
[INFO] [stdout] 
[INFO] [stdout] 
[INFO] [stdout] Result "org.weakref.nitro.tpch.BenchmarkQueries.query22":
[INFO] [stdout]   744.977 ms/op
[INFO] [stdout] 
[INFO] [stdout] 
[INFO] [stdout] # Run complete. Total time: 00:04:05
[INFO] [stdout] 
[INFO] [stdout] REMEMBER: The numbers below are just data. To gain reusable insights, you need to follow up on
[INFO] [stdout] why the numbers are the way they are. Use profilers (see -prof, -lprof), design factorial
[INFO] [stdout] experiments, perform baseline and negative tests that provide experimental control, make sure
[INFO] [stdout] the benchmarking environment is safe on JVM/OS/HW level, ask for reviews from the domain experts.
[INFO] [stdout] Do not assume the numbers tell you what you want them to tell.
[INFO] [stdout] 
[INFO] [stdout] NOTE: Current JVM experimentally supports Compiler Blackholes, and they are in use. Please exercise
[INFO] [stdout] extra caution when trusting the results, look into the generated code to check the benchmark still
[INFO] [stdout] works, and factor in a small probability of new VM bugs. Additionally, while comparisons between
[INFO] [stdout] different JVMs are already problematic, the performance difference caused by different Blackhole
[INFO] [stdout] modes can be very significant. Please make sure you use the consistent Blackhole mode for comparisons.
[INFO] [stdout] 
[INFO] [stdout] Benchmark                                  Mode  Cnt      Score   Error  Units
[INFO] [stdout] o.w.n.clickbench.BenchmarkQueries.query00  avgt        6642.764          ms/op
[INFO] [stdout] o.w.n.clickbench.BenchmarkQueries.query01  avgt         126.647          ms/op
[INFO] [stdout] o.w.n.clickbench.BenchmarkQueries.query02  avgt         411.240          ms/op
[INFO] [stdout] o.w.n.clickbench.BenchmarkQueries.query03  avgt         601.633          ms/op
[INFO] [stdout] o.w.n.clickbench.BenchmarkQueries.query04  avgt         484.871          ms/op
[INFO] [stdout] o.w.n.clickbench.BenchmarkQueries.query05  avgt        1316.915          ms/op
[INFO] [stdout] o.w.n.clickbench.BenchmarkQueries.query06  avgt        2672.323          ms/op
[INFO] [stdout] o.w.n.clickbench.BenchmarkQueries.query07  avgt         339.241          ms/op
[INFO] [stdout] o.w.n.clickbench.BenchmarkQueries.query08  avgt         432.526          ms/op
[INFO] [stdout] o.w.n.clickbench.BenchmarkQueries.query09  avgt        2176.595          ms/op
[INFO] [stdout] o.w.n.clickbench.BenchmarkQueries.query10  avgt        2731.883          ms/op
[INFO] [stdout] o.w.n.clickbench.BenchmarkQueries.query11  avgt         974.675          ms/op
[INFO] [stdout] o.w.n.clickbench.BenchmarkQueries.query12  avgt        1135.818          ms/op
[INFO] [stdout] o.w.n.clickbench.BenchmarkQueries.query13  avgt        3056.066          ms/op
[INFO] [stdout] o.w.n.clickbench.BenchmarkQueries.query14  avgt        5059.948          ms/op
[INFO] [stdout] o.w.n.clickbench.BenchmarkQueries.query15  avgt        3270.754          ms/op
[INFO] [stdout] o.w.n.clickbench.BenchmarkQueries.query16  avgt        1889.988          ms/op
[INFO] [stdout] o.w.n.clickbench.BenchmarkQueries.query17  avgt        6644.883          ms/op
[INFO] [stdout] o.w.n.clickbench.BenchmarkQueries.query18  avgt        5892.360          ms/op
[INFO] [stdout] o.w.n.clickbench.BenchmarkQueries.query19  avgt       12782.946          ms/op
[INFO] [stdout] o.w.n.clickbench.BenchmarkQueries.query20  avgt         357.462          ms/op
[INFO] [stdout] o.w.n.clickbench.BenchmarkQueries.query21  avgt        5856.816          ms/op
[INFO] [stdout] o.w.n.clickbench.BenchmarkQueries.query22  avgt        6815.143          ms/op
[INFO] [stdout] o.w.n.clickbench.BenchmarkQueries.query23  avgt        9805.185          ms/op
[INFO] [stdout] o.w.n.clickbench.BenchmarkQueries.query24  avgt       10567.767          ms/op
[INFO] [stdout] o.w.n.clickbench.BenchmarkQueries.query25  avgt        2392.593          ms/op
[INFO] [stdout] o.w.n.clickbench.BenchmarkQueries.query26  avgt        1792.844          ms/op
[INFO] [stdout] o.w.n.clickbench.BenchmarkQueries.query27  avgt        2384.787          ms/op
[INFO] [stdout] o.w.n.clickbench.BenchmarkQueries.query28  avgt        7544.088          ms/op
[INFO] [stdout] o.w.n.clickbench.BenchmarkQueries.query29  avgt       13811.225          ms/op
[INFO] [stdout] o.w.n.clickbench.BenchmarkQueries.query30  avgt        5415.345          ms/op
[INFO] [stdout] o.w.n.clickbench.BenchmarkQueries.query31  avgt        3035.973          ms/op
[INFO] [stdout] o.w.n.clickbench.BenchmarkQueries.query32  avgt        4584.412          ms/op
[INFO] [stdout] o.w.n.clickbench.BenchmarkQueries.query33  avgt       14467.801          ms/op
[INFO] [stdout] o.w.n.clickbench.BenchmarkQueries.query34  avgt       14361.706          ms/op
[INFO] [stdout] o.w.n.clickbench.BenchmarkQueries.query35  avgt       14345.126          ms/op
[INFO] [stdout] o.w.n.clickbench.BenchmarkQueries.query36  avgt        2551.475          ms/op
[INFO] [stdout] o.w.n.clickbench.BenchmarkQueries.query37  avgt         982.742          ms/op
[INFO] [stdout] o.w.n.clickbench.BenchmarkQueries.query38  avgt         754.527          ms/op
[INFO] [stdout] o.w.n.clickbench.BenchmarkQueries.query39  avgt         903.945          ms/op
[INFO] [stdout] o.w.n.clickbench.BenchmarkQueries.query40  avgt        1344.945          ms/op
[INFO] [stdout] o.w.n.clickbench.BenchmarkQueries.query41  avgt         862.008          ms/op
[INFO] [stdout] o.w.n.clickbench.BenchmarkQueries.query42  avgt         825.708          ms/op
[INFO] [stdout] o.w.n.clickbench.BenchmarkQueries.query43  avgt         693.777          ms/op
[INFO] [stdout] o.w.n.tpch.BenchmarkQueries.query01        avgt        2616.611          ms/op
[INFO] [stdout] o.w.n.tpch.BenchmarkQueries.query02        avgt         907.830          ms/op
[INFO] [stdout] o.w.n.tpch.BenchmarkQueries.query03        avgt        2226.063          ms/op
[INFO] [stdout] o.w.n.tpch.BenchmarkQueries.query04        avgt        1804.906          ms/op
[INFO] [stdout] o.w.n.tpch.BenchmarkQueries.query05        avgt        2545.948          ms/op
[INFO] [stdout] o.w.n.tpch.BenchmarkQueries.query06        avgt         993.597          ms/op
[INFO] [stdout] o.w.n.tpch.BenchmarkQueries.query07        avgt        3450.596          ms/op
[INFO] [stdout] o.w.n.tpch.BenchmarkQueries.query08        avgt        2601.820          ms/op
[INFO] [stdout] o.w.n.tpch.BenchmarkQueries.query09        avgt        4041.420          ms/op
[INFO] [stdout] o.w.n.tpch.BenchmarkQueries.query10        avgt        3188.922          ms/op
[INFO] [stdout] o.w.n.tpch.BenchmarkQueries.query11        avgt         541.243          ms/op
[INFO] [stdout] o.w.n.tpch.BenchmarkQueries.query12        avgt        1705.824          ms/op
[INFO] [stdout] o.w.n.tpch.BenchmarkQueries.query13        avgt        2756.725          ms/op
[INFO] [stdout] o.w.n.tpch.BenchmarkQueries.query14        avgt        1999.774          ms/op
[INFO] [stdout] o.w.n.tpch.BenchmarkQueries.query15        avgt        1912.889          ms/op
[INFO] [stdout] o.w.n.tpch.BenchmarkQueries.query16        avgt         950.850          ms/op
[INFO] [stdout] o.w.n.tpch.BenchmarkQueries.query17        avgt        2418.973          ms/op
[INFO] [stdout] o.w.n.tpch.BenchmarkQueries.query18        avgt        1672.817          ms/op
[INFO] [stdout] o.w.n.tpch.BenchmarkQueries.query19        avgt        2335.952          ms/op
[INFO] [stdout] o.w.n.tpch.BenchmarkQueries.query20        avgt        1939.007          ms/op
[INFO] [stdout] o.w.n.tpch.BenchmarkQueries.query21        avgt        5520.023          ms/op
[INFO] [stdout] o.w.n.tpch.BenchmarkQueries.query22        avgt         744.977          ms/op
[INFO] ------------------------------------------------------------------------
[INFO] BUILD SUCCESS
[INFO] ------------------------------------------------------------------------
[INFO] Total time:  04:06 min (Wall Clock)
[INFO] Finished at: 2026-07-21T18:36:22Z
[INFO] ------------------------------------------------------------------------
[INFO] Njord session closed
